merged_item_code,governance_grade,priority,issue_type,standard_name,canonical_group_path,specs,unit,missing_specs,governance_reason,next_action,source_rows,alias_names
REVIEW-MAT-00001,C,medium,needs_human_review,办公室门锁,五金备件/门锁锁具/门锁锁具,用途: 办公室门；规格型号缺失,个,,存在低精度或人工复核标记，需要补齐信息。,按默认规则补齐至少一个关键规格字段。,Sheet1:3,办公室门锁
REVIEW-MAT-00002,C,medium,low_precision_conflict,漏电断路器,电气与自动化/低压电器/低压电器,品牌: 施耐德；极数: 4P；电流: 250A；类型: 漏电二合一,个,,存在低精度或人工复核标记，需要补齐信息。,确认品牌、型号、电气参数和安装/连接方式。,Sheet1:4,4P*250A施耐德漏电二合一
REVIEW-MAT-00007,D,high,alias_conflict,聚氨酯堵漏剂,化工油漆胶粘/其他/堵漏剂,包装规格: 20KG；类型: 堵漏剂,桶,,存在阻塞冲突，不能自动放行。,先解决别名、单位或分组冲突，不要自动创建物料。,Sheet1:11,聚氨酯堵漏剂20KG
REVIEW-MAT-00008,C,medium,needs_note_review,灯管,电气与自动化/照明与报警/灯具,功率: 36W,套,,存在低精度或人工复核标记，需要补齐信息。,确认品牌、型号、电气参数和安装/连接方式。,Sheet1:13,36W灯管
REVIEW-MAT-00009,C,medium,needs_note_review,USB插座,电气与自动化/低压电器/开关按钮,品牌: 公牛；USB电流: 2.1A,个,,存在低精度或人工复核标记，需要补齐信息。,确认品牌、型号、电气参数和安装/连接方式。,Sheet1:14,2.1ASUB公牛插座
REVIEW-MAT-00010,C,medium,missing_specs,明装线盒,电气与自动化/其他/电气辅材,安装方式: 明装,个,至少一个: 型号；规格；品牌；电流；电压；功率；位数,未满足当前分组的关键规格模板。,确认品牌、型号、电气参数和安装/连接方式。,Sheet1:15；Sheet1:22,明装线盒
REVIEW-MAT-00011,C,medium,low_precision_conflict,电箱,电气与自动化/其他/配电箱,型号/规格: P230,个,,存在低精度或人工复核标记，需要补齐信息。,确认品牌、型号、电气参数和安装/连接方式。,Sheet1:16,P230电箱
REVIEW-MAT-00012,D,high,alias_conflict,五孔插座,电气与自动化/低压电器/开关按钮,品牌: 公牛；类型: 五孔,个,,存在阻塞冲突，不能自动放行。,先解决别名、单位或分组冲突，不要自动创建物料。,Sheet1:18,公牛五孔插座
REVIEW-MAT-00013,C,medium,needs_note_review,四位开关,电气与自动化/低压电器/开关按钮,品牌: 公牛；位数: 4位,个,,存在低精度或人工复核标记，需要补齐信息。,确认品牌、型号、电气参数和安装/连接方式。,Sheet1:19,公牛4位开关
REVIEW-MAT-00014,D,high,unit_conflict,一位开关,电气与自动化/低压电器/开关按钮,品牌: 公牛；位数: 1位,个,,存在阻塞冲突，不能自动放行。,先解决别名、单位或分组冲突，不要自动创建物料。,Sheet1:20,公牛1位开关
REVIEW-MAT-00015,C,medium,low_precision_conflict,二位开关,电气与自动化/低压电器/开关按钮,品牌: 公牛；位数: 2位,个,,存在低精度或人工复核标记，需要补齐信息。,确认品牌、型号、电气参数和安装/连接方式。,Sheet1:21,公牛2位开关
REVIEW-MAT-00016,C,medium,specs_conflict,LED灯泡,电气与自动化/照明与报警/灯具,品牌: 公牛；功率: 40W,个,,存在低精度或人工复核标记，需要补齐信息。,确认品牌、型号、电气参数和安装/连接方式。,Sheet1:25,40WLED公牛灯泡
REVIEW-MAT-00017,C,medium,low_precision_conflict,BV电线,电气与自动化/电线电缆与敷设/电线电缆,品牌: 起帆；型号: BV；截面积: 2.5平方,米,,存在低精度或人工复核标记，需要补齐信息。,确认品牌、型号、电气参数和安装/连接方式。,Sheet1:26；Sheet1:663；Sheet1:668,BV2.5起帆平方电线；起帆BV2.5平方电线
REVIEW-MAT-00018,C,medium,low_precision_conflict,BV电线,电气与自动化/电线电缆与敷设/电线电缆,品牌: 起帆；型号: BV；截面积: 10平方,米,,存在低精度或人工复核标记，需要补齐信息。,确认品牌、型号、电气参数和安装/连接方式。,Sheet1:27,起帆BV10平方电线
REVIEW-MAT-00019,C,medium,low_precision_conflict,BV电线,电气与自动化/电线电缆与敷设/电线电缆,品牌: 起帆；型号: BV；截面积: 25平方,米,,存在低精度或人工复核标记，需要补齐信息。,确认品牌、型号、电气参数和安装/连接方式。,Sheet1:28,起帆BV25平方电线
REVIEW-MAT-00020,C,medium,missing_specs,紧线器,工具器具/其他/电力工具,额定载荷: 1T,套,至少一个: 型号；规格；品牌；尺寸；适用设备,未满足当前分组的关键规格模板。,确认品牌、型号/规格和适用设备。,Sheet1:31,1T紧线器
REVIEW-MAT-00021,C,medium,specs_conflict,木方,工程建材/其他/模板木方,规格: 4*9,米,,存在低精度或人工复核标记，需要补齐信息。,确认规格、材质/强度等级、尺寸和包装单位。,Sheet1:33；Sheet1:57,4*9木方
REVIEW-MAT-00022,C,medium,specs_conflict,木方,工程建材/其他/模板木方,规格: 4*4,米,,存在低精度或人工复核标记，需要补齐信息。,确认规格、材质/强度等级、尺寸和包装单位。,Sheet1:34,4*4木方
REVIEW-MAT-00023,C,medium,low_precision_conflict,铁钉,五金备件/其他/紧固件,长度: 2寸,斤,,存在低精度或人工复核标记，需要补齐信息。,确认规格、材质/强度等级和单位。,Sheet1:38,2寸铁钉
REVIEW-MAT-00024,C,medium,low_precision_conflict,不锈钢合页,五金备件/其他/门窗五金,材质: 不锈钢；规格: 4寸,套,,存在低精度或人工复核标记，需要补齐信息。,按默认规则补齐至少一个关键规格字段。,Sheet1:39；Sheet1:58,4寸不锈钢合页
REVIEW-MAT-00025,C,medium,needs_human_review,墙纸,工程建材/其他/墙面材料,包装/规格: 大卷,卷,,存在低精度或人工复核标记，需要补齐信息。,确认规格、材质/强度等级、尺寸和包装单位。,Sheet1:40；Sheet1:50,墙纸大卷
REVIEW-MAT-00026,C,medium,needs_human_review,热水壶,行政办公与清洁/生活后勤/生活用品,类型: 热水壶,个,,存在低精度或人工复核标记，需要补齐信息。,确认规格、品牌和包装单位。,Sheet1:41,热水壶
REVIEW-MAT-00027,D,high,alias_conflict,PPR管,工程建材/水暖建材/水暖五金,品牌: 公元；规格: 25,米,,存在阻塞冲突，不能自动放行。,先解决别名、单位或分组冲突，不要自动创建物料。,Sheet1:169；Sheet1:42,公元25PPR管
REVIEW-MAT-00028,C,medium,low_precision_conflict,PPR直通,工程建材/水暖建材/水暖五金,品牌: 公元；规格: 25；类型: 直通,个,,存在低精度或人工复核标记，需要补齐信息。,确认材质、口径/规格、连接方式和类型。,Sheet1:43,公元25PPR直通
REVIEW-MAT-00029,D,high,alias_conflict,PPR弯头,工程建材/水暖建材/水暖五金,品牌: 公元；规格: 25；类型: 弯头,个,,存在阻塞冲突，不能自动放行。,先解决别名、单位或分组冲突，不要自动创建物料。,Sheet1:44,公元25PPR弯头
REVIEW-MAT-00030,D,high,alias_conflict,PPR热熔机,工具器具/其他/管道工具,品牌: 公元；用途: PPR热熔,个,,存在阻塞冲突，不能自动放行。,先解决别名、单位或分组冲突，不要自动创建物料。,Sheet1:46,公元热熔机
REVIEW-MAT-00031,C,medium,needs_human_review,PPR管剪刀,工具器具/其他/管道工具,品牌: 公元；用途: PPR管剪切,个,,存在低精度或人工复核标记，需要补齐信息。,确认品牌、型号/规格和适用设备。,Sheet1:47；Sheet1:76,公元PPR剪刀
REVIEW-MAT-00032,C,medium,missing_specs,石子,工程建材/水泥砂石/水泥砂石,粒径: 4-6MM,斤,至少一个: 规格；型号；材质；厚度；尺寸；包装规格；强度等级,未满足当前分组的关键规格模板。,确认规格、材质/强度等级、尺寸和包装单位。,Sheet1:48,4-6MM石子
REVIEW-MAT-00033,C,medium,specs_conflict,工业插头,电气与自动化/插头插座/插头插座,品牌: 公牛；电压: 380V；电流: 25A,个,,存在低精度或人工复核标记，需要补齐信息。,确认品牌、型号、电气参数和安装/连接方式。,Sheet1:52,公牛380V*25A插头
REVIEW-MAT-00034,C,medium,specs_conflict,电工胶布,电气与自动化/绝缘材料/热缩绝缘,品牌: 3M,个,,存在低精度或人工复核标记，需要补齐信息。,确认品牌、型号、电气参数和安装/连接方式。,Sheet1:54,3M电胶布
REVIEW-MAT-00035,C,medium,low_precision_conflict,多功能剥线钳,工具器具/其他/手动工具,品牌: 世达；类型: 多功能剥线钳,个,,存在低精度或人工复核标记，需要补齐信息。,确认品牌、型号/规格和适用设备。,Sheet1:139；Sheet1:55,世达多功能剥线钳
REVIEW-MAT-00036,C,medium,missing_specs,断点检测电笔,工具器具/其他/电工工具,功能: 找断点/测电,个,至少一个: 型号；规格；品牌；尺寸；适用设备,未满足当前分组的关键规格模板。,确认品牌、型号/规格和适用设备。,Sheet1:138；Sheet1:56,找断点电笔
REVIEW-MAT-00037,C,medium,low_precision_conflict,插座,电气与自动化/插头插座/插头插座,品牌: 公牛；电流: 16A,个,,存在低精度或人工复核标记，需要补齐信息。,确认品牌、型号、电气参数和安装/连接方式。,Sheet1:61,公牛16A插座
REVIEW-MAT-00038,D,high,alias_conflict,洁厕灵,行政办公与清洁/清洁用品/清洁工具耗材,类型: 洁厕清洁剂,瓶,,存在阻塞冲突，不能自动放行。,先解决别名、单位或分组冲突，不要自动创建物料。,Sheet1:62,洁厕灵
REVIEW-MAT-00039,C,medium,missing_specs,窗帘架拉链,工程建材/其他/窗帘配件,类型: 拉链/配件,套,至少一个: 规格；型号；材质；厚度；尺寸；包装规格；强度等级,未满足当前分组的关键规格模板。,确认规格、材质/强度等级、尺寸和包装单位。,Sheet1:110；Sheet1:276；Sheet1:64,窗帘架拉链
REVIEW-MAT-00040,C,medium,needs_human_review,钢钉线卡,电气与自动化/其他/电气辅材,规格: 20,个,,存在低精度或人工复核标记，需要补齐信息。,确认品牌、型号、电气参数和安装/连接方式。,Sheet1:65,20钢钉线卡
REVIEW-MAT-00041,C,medium,needs_human_review,三角阀,工程建材/其他/阀门,规格: 4分,个,,存在低精度或人工复核标记，需要补齐信息。,确认规格、材质/强度等级、尺寸和包装单位。,Sheet1:168；Sheet1:66,4分三角阀
REVIEW-MAT-00043,C,medium,low_precision_conflict,PPR内牙三通,工程建材/水暖建材/水暖五金,品牌: 公元；规格: 25；连接: 内牙；类型: 三通,个,,存在低精度或人工复核标记，需要补齐信息。,确认材质、口径/规格、连接方式和类型。,Sheet1:68,公元PPR25内牙三通
REVIEW-MAT-00046,C,medium,missing_specs,洗衣机龙头,工程建材/水暖建材/水暖五金,用途: 洗衣机,个,至少一个: 规格；口径；DN；材质；类型,未满足当前分组的关键规格模板。,确认材质、口径/规格、连接方式和类型。,Sheet1:71,洗衣机龙头
REVIEW-MAT-00047,C,medium,specs_conflict,堵头,工程建材/其他/管件,规格: 4分,个,,存在低精度或人工复核标记，需要补齐信息。,确认规格、材质/强度等级、尺寸和包装单位。,Sheet1:72,4分堵头
REVIEW-MAT-00048,C,medium,specs_conflict,堵头,工程建材/其他/管件,规格: 6分,个,,存在低精度或人工复核标记，需要补齐信息。,确认规格、材质/强度等级、尺寸和包装单位。,Sheet1:73,6分堵头
REVIEW-MAT-00049,C,medium,needs_human_review,水管钩,工程建材/其他/管道辅材,规格: 25,个,,存在低精度或人工复核标记，需要补齐信息。,确认规格、材质/强度等级、尺寸和包装单位。,Sheet1:155；Sheet1:176；Sheet1:196；Sheet1:77,25水管钩
REVIEW-MAT-00050,C,medium,needs_human_review,镀锌电线架,电气与自动化/其他/电气辅材,材质: 镀锌；位数: 4位,个,,存在低精度或人工复核标记，需要补齐信息。,确认品牌、型号、电气参数和安装/连接方式。,Sheet1:78,4位镀锌电线架
REVIEW-MAT-00051,C,medium,low_precision_conflict,不锈钢挂锁,五金备件/门锁锁具/门锁锁具,材质: 不锈钢；规格: 50,个,,存在低精度或人工复核标记，需要补齐信息。,按默认规则补齐至少一个关键规格字段。,Sheet1:81,50不锈钢挂锁
REVIEW-MAT-00052,D,high,alias_conflict,不锈钢插销,五金备件/其他/门窗五金,材质: 不锈钢,个,,存在阻塞冲突，不能自动放行。,先解决别名、单位或分组冲突，不要自动创建物料。,Sheet1:82,不锈钢插销
REVIEW-MAT-00053,C,medium,needs_human_review,带锁不锈钢插销,五金备件/其他/门窗五金,材质: 不锈钢；功能: 带锁,个,,存在低精度或人工复核标记，需要补齐信息。,按默认规则补齐至少一个关键规格字段。,Sheet1:83,不锈钢插销带锁
REVIEW-MAT-00054,C,medium,needs_human_review,环保涂料,化工油漆胶粘/油漆涂料/涂料油漆,品牌: 立邦；系列: 5合1,桶,,存在低精度或人工复核标记，需要补齐信息。,确认类型、品牌/型号、颜色和包装规格。,Sheet1:85,立邦环保涂料5合1
REVIEW-MAT-00055,D,high,alias_conflict,滚筒刷,工具器具/涂装工具/刷辊喷涂,规格: 4寸,个,,存在阻塞冲突，不能自动放行。,先解决别名、单位或分组冲突，不要自动创建物料。,Sheet1:86,4寸滚筒
REVIEW-MAT-00056,C,medium,specs_conflict,插销,五金备件/其他/门窗五金,规格: 4寸,付,,存在低精度或人工复核标记，需要补齐信息。,按默认规则补齐至少一个关键规格字段。,Sheet1:87,4寸插销
REVIEW-MAT-00057,C,medium,needs_human_review,加厚不锈钢合页,五金备件/其他/门窗五金,材质: 不锈钢；规格: 4寸；特征: 加厚,付,,存在低精度或人工复核标记，需要补齐信息。,按默认规则补齐至少一个关键规格字段。,Sheet1:88,4寸不锈钢加厚合页
REVIEW-MAT-00059,D,high,alias_conflict,塑料扫把,行政办公与清洁/清洁用品/清洁工具耗材,材质: 塑料,个,至少一个: 规格；类型；品牌；包装规格,存在阻塞冲突，不能自动放行。,先解决别名、单位或分组冲突，不要自动创建物料。,Sheet1:90,塑料扫把
REVIEW-MAT-00060,D,high,alias_conflict,不锈钢挂锁,五金备件/门锁锁具/门锁锁具,材质: 不锈钢；规格: 40,个,,存在阻塞冲突，不能自动放行。,先解决别名、单位或分组冲突，不要自动创建物料。,Sheet1:91,40不锈钢挂锁
REVIEW-MAT-00061,D,high,alias_conflict,高粱扫把,行政办公与清洁/清洁用品/清洁工具耗材,材质/类型: 高粱,把,,存在阻塞冲突，不能自动放行。,先解决别名、单位或分组冲突，不要自动创建物料。,Sheet1:92,高粱扫把
REVIEW-MAT-00062,C,medium,needs_human_review,PVC地板胶,工程建材/其他/地面材料,材质: PVC；特征: 加厚,平方,,存在低精度或人工复核标记，需要补齐信息。,确认规格、材质/强度等级、尺寸和包装单位。,Sheet1:95,加厚PVC地板胶
REVIEW-MAT-00063,C,medium,missing_specs,环保墙布,工程建材/其他/墙面材料,特征: 厚、环保,平方,至少一个: 规格；型号；材质；厚度；尺寸；包装规格；强度等级,未满足当前分组的关键规格模板。,确认规格、材质/强度等级、尺寸和包装单位。,Sheet1:97,厚环保墙布
REVIEW-MAT-00064,C,medium,missing_specs,不锈钢水壶,行政办公与清洁/生活后勤/生活用品,材质: 不锈钢；容量: 6.5升,个,至少一个: 规格；类型；品牌；包装规格,未满足当前分组的关键规格模板。,确认规格、品牌和包装单位。,Sheet1:99,6.5升不锈钢水壶
REVIEW-MAT-00065,C,medium,missing_specs,锂电池电钻,工具器具/电动工具/电钻角磨机,动力: 锂电池,台,至少一个: 型号；规格；品牌；尺寸；适用设备,未满足当前分组的关键规格模板。,确认品牌、型号/规格和适用设备。,Sheet1:100,锂电池电钻
REVIEW-MAT-00066,C,medium,needs_human_review,水桶,行政办公与清洁/生活后勤/生活用品,类型: 水桶,个,,存在低精度或人工复核标记，需要补齐信息。,确认规格、品牌和包装单位。,Sheet1:102,水桶
REVIEW-MAT-00067,D,high,alias_conflict,水龙头花洒套装,工程建材/水暖建材/水暖五金,类型: 水龙头+花洒,套,,存在阻塞冲突，不能自动放行。,先解决别名、单位或分组冲突，不要自动创建物料。,Sheet1:103；Sheet1:141,水龙头花洒
REVIEW-MAT-00068,D,high,alias_conflict,闭门器,五金备件/其他/门窗五金,规格: 大,套,,存在阻塞冲突，不能自动放行。,先解决别名、单位或分组冲突，不要自动创建物料。,Sheet1:106,闭门器大
REVIEW-MAT-00069,D,high,alias_conflict,不锈钢插销,五金备件/其他/门窗五金,材质: 不锈钢,套,,存在阻塞冲突，不能自动放行。,先解决别名、单位或分组冲突，不要自动创建物料。,Sheet1:107,不锈钢插销
REVIEW-MAT-00070,C,medium,needs_human_review,水龙头,工程建材/水暖建材/水暖五金,类型: 水龙头,个,,存在低精度或人工复核标记，需要补齐信息。,确认材质、口径/规格、连接方式和类型。,Sheet1:108,水龙头
REVIEW-MAT-00071,C,medium,needs_note_review,空调插座,电气与自动化/插头插座/插头插座,品牌: 公牛；电流: 16A；用途: 空调,个,,存在低精度或人工复核标记，需要补齐信息。,确认品牌、型号、电气参数和安装/连接方式。,Sheet1:111；Sheet1:198,16A公牛空调插座；公牛16A空调插座
REVIEW-MAT-00073,C,medium,missing_specs,启辉器,电气与自动化/照明与报警/灯具,类型: 启辉器,个,至少一个: 型号；规格；品牌；电流；电压；功率；位数,未满足当前分组的关键规格模板。,确认品牌、型号、电气参数和安装/连接方式。,Sheet1:116,启辉器
REVIEW-MAT-00074,C,medium,missing_specs,螺口灯头,电气与自动化/照明与报警/灯具,接口: 螺口,个,至少一个: 型号；规格；品牌；电流；电压；功率；位数,未满足当前分组的关键规格模板。,确认品牌、型号、电气参数和安装/连接方式。,Sheet1:118,螺口灯头
REVIEW-MAT-00075,C,medium,low_precision_conflict,排气扇,电气与自动化/其他/通风设备,规格: 50*50,台,,存在低精度或人工复核标记，需要补齐信息。,确认品牌、型号、电气参数和安装/连接方式。,Sheet1:119,50*50排气扇
REVIEW-MAT-00076,C,medium,low_precision_conflict,漏电保护器,电气与自动化/低压电器/低压电器,品牌: 施耐德；极数: 2P；电流: 63A,个,,存在低精度或人工复核标记，需要补齐信息。,确认品牌、型号、电气参数和安装/连接方式。,Sheet1:120,2P*63A施耐德漏电保护器
REVIEW-MAT-00077,C,medium,low_precision_conflict,空气开关,电气与自动化/低压电器/低压电器,品牌: 施耐德；极数: 3P；电流: 63A,个,,存在低精度或人工复核标记，需要补齐信息。,确认品牌、型号、电气参数和安装/连接方式。,Sheet1:121,3P*63A施耐德空气开关
REVIEW-MAT-00078,C,medium,specs_conflict,不锈钢洗脸盆,工程建材/其他/洁具,材质: 不锈钢；长度: 2米；特征: 加厚,台,,存在低精度或人工复核标记，需要补齐信息。,确认规格、材质/强度等级、尺寸和包装单位。,Sheet1:125,2米加厚不锈钢洗脸盆
REVIEW-MAT-00079,C,medium,needs_human_review,大弯水龙头,工程建材/水暖建材/水暖五金,类型: 大弯,个,,存在低精度或人工复核标记，需要补齐信息。,确认材质、口径/规格、连接方式和类型。,Sheet1:126,大弯水龙头
REVIEW-MAT-00080,C,medium,missing_specs,洗脸盆下水管,工程建材/其他/洁具配件,用途: 洗脸盆；类型: 下水管,套,至少一个: 规格；型号；材质；厚度；尺寸；包装规格；强度等级,未满足当前分组的关键规格模板。,确认规格、材质/强度等级、尺寸和包装单位。,Sheet1:127；Sheet1:194,洗脸盆下水管
REVIEW-MAT-00081,C,medium,missing_specs,沙子,工程建材/水泥砂石/水泥砂石,包装: 大包,包,至少一个: 规格；型号；材质；厚度；尺寸；包装规格；强度等级,未满足当前分组的关键规格模板。,确认规格、材质/强度等级、尺寸和包装单位。,Sheet1:129,大包沙子
REVIEW-MAT-00082,C,medium,missing_specs,石子,工程建材/水泥砂石/水泥砂石,包装: 大包,包,至少一个: 规格；型号；材质；厚度；尺寸；包装规格；强度等级,未满足当前分组的关键规格模板。,确认规格、材质/强度等级、尺寸和包装单位。,Sheet1:130,大包石子
REVIEW-MAT-00083,C,medium,low_precision_conflict,帆布手套,劳保用品/手部防护/手套,类型: 双重/双层帆布,双,,存在低精度或人工复核标记，需要补齐信息。,确认类型、规格、材质和安全等级。,Sheet1:131,双重帆布手套
REVIEW-MAT-00084,C,medium,needs_human_review,铜挂锁,五金备件/门锁锁具/门锁锁具,材质: 铜,个,,存在低精度或人工复核标记，需要补齐信息。,按默认规则补齐至少一个关键规格字段。,Sheet1:132,铜挂锁
REVIEW-MAT-00085,D,high,alias_conflict,扫把,行政办公与清洁/清洁用品/清洁工具耗材,类型: 扫把,个,,存在阻塞冲突，不能自动放行。,先解决别名、单位或分组冲突，不要自动创建物料。,Sheet1:133,扫把
REVIEW-MAT-00088,D,high,unit_conflict,冷热水龙头,工程建材/水暖建材/水暖五金,规格: 4分；类型: 冷热,个,,存在阻塞冲突，不能自动放行。,先解决别名、单位或分组冲突，不要自动创建物料。,Sheet1:140；Sheet1:379,4分冷热水龙头
REVIEW-MAT-00091,C,medium,specs_conflict,电缆,电气与自动化/电线电缆与敷设/电线电缆,品牌: 起帆；规格: 3*6+1,米,,存在低精度或人工复核标记，需要补齐信息。,确认品牌、型号、电气参数和安装/连接方式。,Sheet1:147,3*6+1起帆电缆
REVIEW-MAT-00092,D,high,alias_conflict,铜鼻子,电气与自动化/接线连接/接线端子,规格: 100A；材质: 铜,个,,存在阻塞冲突，不能自动放行。,先解决别名、单位或分组冲突，不要自动创建物料。,Sheet1:148,100A铜鼻子
REVIEW-MAT-00093,D,high,alias_conflict,铜鼻子,电气与自动化/接线连接/接线端子,规格: 200A；材质: 铜,个,,存在阻塞冲突，不能自动放行。,先解决别名、单位或分组冲突，不要自动创建物料。,Sheet1:149,200A铜鼻子
REVIEW-MAT-00094,C,medium,low_precision_conflict,垃圾袋,行政办公与清洁/清洁用品/清洁工具耗材,规格: 大,个,,存在低精度或人工复核标记，需要补齐信息。,确认规格、品牌和包装单位。,Sheet1:150；Sheet1:222；Sheet1:236；Sheet1:364,大垃圾袋
REVIEW-MAT-00095,C,medium,missing_specs,防护眼镜,劳保用品/其他/眼面防护,用途: 打磨,个,至少一个: 类型；规格；材质；型号,未满足当前分组的关键规格模板。,确认类型、规格、材质和安全等级。,Sheet1:151,打磨眼镜
REVIEW-MAT-00098,D,high,alias_conflict,镀锌角铁,金属原材料/钢材型材/钢材型材,材质/表面: 镀锌；规格: 4*4*0.5,米,,存在阻塞冲突，不能自动放行。,先解决别名、单位或分组冲突，不要自动创建物料。,Sheet1:154；Sheet1:182；Sheet1:200,4*4*0.5镀锌角铁
REVIEW-MAT-00099,D,high,alias_conflict,羊毛刷,工具器具/涂装工具/刷辊喷涂,规格: 4寸,个,,存在阻塞冲突，不能自动放行。,先解决别名、单位或分组冲突，不要自动创建物料。,Sheet1:156,4寸羊毛刷
REVIEW-MAT-00100,C,medium,specs_conflict,三通,工程建材/其他/排水管件,品牌: 公元；规格: 75；类型: 三通,个,,存在低精度或人工复核标记，需要补齐信息。,确认规格、材质/强度等级、尺寸和包装单位。,Sheet1:160,公元75三通
REVIEW-MAT-00101,C,medium,needs_human_review,补心,工程建材/其他/排水管件,品牌: 公元；规格: 75*50；类型: 补心/异径,个,,存在低精度或人工复核标记，需要补齐信息。,确认规格、材质/强度等级、尺寸和包装单位。,Sheet1:161,公元75*50补心
REVIEW-MAT-00102,C,medium,specs_conflict,弯头,工程建材/其他/排水管件,品牌: 公元；规格: 75；类型: 弯头,个,,存在低精度或人工复核标记，需要补齐信息。,确认规格、材质/强度等级、尺寸和包装单位。,Sheet1:163,公元75弯头
REVIEW-MAT-00103,C,medium,specs_conflict,三通,工程建材/其他/排水管件,品牌: 公元；规格: 50；类型: 三通,个,,存在低精度或人工复核标记，需要补齐信息。,确认规格、材质/强度等级、尺寸和包装单位。,Sheet1:165,公元50三通
REVIEW-MAT-00104,C,medium,specs_conflict,弯头,工程建材/其他/排水管件,品牌: 公元；规格: 50；类型: 弯头,个,,存在低精度或人工复核标记，需要补齐信息。,确认规格、材质/强度等级、尺寸和包装单位。,Sheet1:166,公元50弯头
REVIEW-MAT-00105,C,medium,needs_human_review,异径三通,工程建材/其他/排水管件,品牌: 公元；规格: 75*50；类型: 三通,个,,存在低精度或人工复核标记，需要补齐信息。,确认规格、材质/强度等级、尺寸和包装单位。,Sheet1:167,公元75*50三通
REVIEW-MAT-00106,C,medium,low_precision_conflict,金属软管,工程建材/水暖建材/水暖五金,长度: 80公分；材质: 金属,个,,存在低精度或人工复核标记，需要补齐信息。,确认材质、口径/规格、连接方式和类型。,Sheet1:172,80公分金属软管
REVIEW-MAT-00107,C,medium,low_precision_conflict,金属软管,工程建材/水暖建材/水暖五金,长度: 40公分；材质: 金属,个,,存在低精度或人工复核标记，需要补齐信息。,确认材质、口径/规格、连接方式和类型。,Sheet1:173,40公分金属软管
REVIEW-MAT-00108,D,high,alias_conflict,生料带,工程建材/水暖建材/水暖五金,类型: 密封带,个,,存在阻塞冲突，不能自动放行。,先解决别名、单位或分组冲突，不要自动创建物料。,Sheet1:174,生料带
REVIEW-MAT-00109,C,medium,low_precision_conflict,PPR阀门,工程建材/水暖建材/水暖五金,品牌: 公元；规格: 25；类型: 阀门,个,,存在低精度或人工复核标记，需要补齐信息。,确认材质、口径/规格、连接方式和类型。,Sheet1:175,公元25PPR阀门
REVIEW-MAT-00110,D,high,alias_conflict,记号笔,行政办公与清洁/办公用品/文具书写,类型: 记号笔,个,,存在阻塞冲突，不能自动放行。,先解决别名、单位或分组冲突，不要自动创建物料。,Sheet1:178,记号笔
REVIEW-MAT-00111,C,medium,low_precision_conflict,PPR弯头,工程建材/水暖建材/水暖五金,规格: 25；类型: 弯头,个,,存在低精度或人工复核标记，需要补齐信息。,确认材质、口径/规格、连接方式和类型。,Sheet1:180,25PPR弯头
REVIEW-MAT-00112,D,high,alias_conflict,羊毛刷,工具器具/涂装工具/刷辊喷涂,规格: 4寸,支,,存在阻塞冲突，不能自动放行。,先解决别名、单位或分组冲突，不要自动创建物料。,Sheet1:183,4寸羊毛刷
REVIEW-MAT-00113,C,medium,low_precision_conflict,冲击钻头,工具器具/工具配件/工具配件,规格: 6厘,支,,存在低精度或人工复核标记，需要补齐信息。,确认品牌、型号/规格和适用设备。,Sheet1:184,6厘冲击钻头
REVIEW-MAT-00114,C,medium,low_precision_conflict,冲击钻头,工具器具/工具配件/工具配件,规格: 20厘,支,,存在低精度或人工复核标记，需要补齐信息。,确认品牌、型号/规格和适用设备。,Sheet1:185,20厘冲击钻头
REVIEW-MAT-00115,D,high,alias_conflict,美工刀,工具器具/其他/手动工具,品牌: 得力,支,,存在阻塞冲突，不能自动放行。,先解决别名、单位或分组冲突，不要自动创建物料。,Sheet1:186,得力美工刀
REVIEW-MAT-00117,C,medium,low_precision_conflict,膨胀螺丝,五金备件/其他/紧固件,规格: 14*120,支,,存在低精度或人工复核标记，需要补齐信息。,确认规格、材质/强度等级和单位。,Sheet1:191,14*120膨胀螺丝
REVIEW-MAT-00118,C,medium,specs_conflict,不锈钢洗脸盆,工程建材/其他/洁具,材质: 不锈钢；规格: 120*80；特征: 加厚,套,,存在低精度或人工复核标记，需要补齐信息。,确认规格、材质/强度等级、尺寸和包装单位。,Sheet1:193,不锈钢120*80加厚洗脸盆
REVIEW-MAT-00119,C,medium,specs_conflict,插头,电气与自动化/插头插座/插头插座,品牌: 德力西；电流: 16A,个,,存在低精度或人工复核标记，需要补齐信息。,确认品牌、型号、电气参数和安装/连接方式。,Sheet1:199,德力西16A插头
REVIEW-MAT-00120,C,medium,low_precision_conflict,BV电线,电气与自动化/电线电缆与敷设/电线电缆,型号: BV；截面积: 2.5平方,米,,存在低精度或人工复核标记，需要补齐信息。,确认品牌、型号、电气参数和安装/连接方式。,Sheet1:204,BV2.5平方电线
REVIEW-MAT-00121,C,medium,needs_human_review,PPR给水管,工程建材/水暖建材/水暖五金,规格: 32；用途: 给水,米,,存在低精度或人工复核标记，需要补齐信息。,确认材质、口径/规格、连接方式和类型。,Sheet1:206,32PPR给水管
REVIEW-MAT-00122,C,medium,specs_conflict,铜止回阀,工程建材/其他/阀门,品牌: 埃美柯；材质: 铜；规格: 32；类型: 止回阀,个,,存在低精度或人工复核标记，需要补齐信息。,确认规格、材质/强度等级、尺寸和包装单位。,Sheet1:210,32埃美柯铜止回阀
REVIEW-MAT-00123,C,medium,missing_specs,蹲便器,工程建材/其他/洁具,类型: 平面蹲厕,个,至少一个: 规格；型号；材质；厚度；尺寸；包装规格；强度等级,未满足当前分组的关键规格模板。,确认规格、材质/强度等级、尺寸和包装单位。,Sheet1:213,平面蹲厕
REVIEW-MAT-00124,C,medium,missing_specs,冲水水箱,工程建材/其他/洁具配件,用途: 冲水,个,至少一个: 规格；型号；材质；厚度；尺寸；包装规格；强度等级,未满足当前分组的关键规格模板。,确认规格、材质/强度等级、尺寸和包装单位。,Sheet1:214,冲水水箱
REVIEW-MAT-00125,C,medium,missing_specs,小便斗,工程建材/其他/洁具,类型: 小便斗,个,至少一个: 规格；型号；材质；厚度；尺寸；包装规格；强度等级,未满足当前分组的关键规格模板。,确认规格、材质/强度等级、尺寸和包装单位。,Sheet1:215,小便斗
REVIEW-MAT-00126,C,medium,needs_human_review,按压水龙头,工程建材/水暖建材/水暖五金,类型: 按压,个,,存在低精度或人工复核标记，需要补齐信息。,确认材质、口径/规格、连接方式和类型。,Sheet1:217,按压龙头
REVIEW-MAT-00127,C,medium,missing_specs,玻璃胶枪,工具器具/涂装工具/刷辊喷涂,用途: 打玻璃胶,个,至少一个: 型号；规格；品牌；尺寸；适用设备,未满足当前分组的关键规格模板。,确认品牌、型号/规格和适用设备。,Sheet1:220,玻璃胶枪
REVIEW-MAT-00128,C,medium,specs_conflict,钢圈,设备备件与加工件/金属加工件/金属加工件,材质: 钢；规格: 100*108*5；加工: 是,个,,存在低精度或人工复核标记，需要补齐信息。,确认型号、图号、适用设备和关键尺寸。,Sheet1:226,加工100*108*5钢圈
REVIEW-MAT-00129,C,medium,low_precision_conflict,重油污清洗剂,行政办公与清洁/清洁用品/清洁工具耗材,品牌: 宝雅；用途: 重油污,kg,,存在低精度或人工复核标记，需要补齐信息。,确认规格、品牌和包装单位。,Sheet1:227,宝雅重油污清洗剂
REVIEW-MAT-00130,C,medium,needs_human_review,不锈钢角阀,工程建材/其他/阀门,规格: 4分；材质: 不锈钢,个,,存在低精度或人工复核标记，需要补齐信息。,确认规格、材质/强度等级、尺寸和包装单位。,Sheet1:230；Sheet1:259,4分不锈钢角阀
REVIEW-MAT-00134,D,high,alias_conflict,拖把,行政办公与清洁/清洁用品/清洁工具耗材,规格: 大,个,,存在阻塞冲突，不能自动放行。,先解决别名、单位或分组冲突，不要自动创建物料。,Sheet1:235；Sheet1:258；Sheet1:325,大拖把
REVIEW-MAT-00135,C,medium,missing_specs,洗脸盆龙头,工程建材/水暖建材/水暖五金,用途: 洗脸盆,个,至少一个: 规格；口径；DN；材质；类型,未满足当前分组的关键规格模板。,确认材质、口径/规格、连接方式和类型。,Sheet1:237,洗脸盆龙头
REVIEW-MAT-00136,D,high,alias_conflict,不锈钢锁扣,五金备件/其他/门窗五金,材质: 不锈钢,个,,存在阻塞冲突，不能自动放行。,先解决别名、单位或分组冲突，不要自动创建物料。,Sheet1:239,不锈钢锁扣
REVIEW-MAT-00137,C,medium,needs_human_review,耐磨焊丝,焊接焊割/焊接耗材/焊条焊丝,型号/牌号: 998；特性: 高强度耐磨,kg,,存在低精度或人工复核标记，需要补齐信息。,确认型号、直径/规格、材质和包装。,Sheet1:241；Sheet1:253,998高强度耐磨焊丝
REVIEW-MAT-00138,C,medium,needs_human_review,镀锌钢管,金属原材料/其他/管材,规格: DN25；标准: 国标；表面: 镀锌,米,,存在低精度或人工复核标记，需要补齐信息。,确认材质、规格尺寸和执行标准。,Sheet1:242,DN25国标镀锌钢管
REVIEW-MAT-00139,C,medium,low_precision_conflict,高压油管,液压气动/液压管路/高压胶管,规格: DN25*4；类型: 高压油管,条,,存在低精度或人工复核标记，需要补齐信息。,按默认规则补齐至少一个关键规格字段。,Sheet1:244,DN25*4高压油管
REVIEW-MAT-00140,C,medium,specs_conflict,铜止回阀,工程建材/其他/阀门,品牌: 埃美柯；规格: 25；材质: 铜；类型: 止回阀,个,,存在低精度或人工复核标记，需要补齐信息。,确认规格、材质/强度等级、尺寸和包装单位。,Sheet1:246,25埃美柯铜止回阀
REVIEW-MAT-00141,C,medium,needs_human_review,泡沫填缝剂,化工油漆胶粘/其他/填缝剂,类型: 泡沫填缝剂,支,,存在低精度或人工复核标记，需要补齐信息。,确认类型、品牌/型号、颜色和包装规格。,Sheet1:249,泡沫填缝剂
REVIEW-MAT-00142,C,medium,needs_human_review,重型管卡,工程建材/其他/管道辅材,规格: 135；类型: 重型,个,,存在低精度或人工复核标记，需要补齐信息。,确认规格、材质/强度等级、尺寸和包装单位。,Sheet1:250,135重型管卡
REVIEW-MAT-00143,C,medium,specs_conflict,钢圈,设备备件与加工件/金属加工件/金属加工件,材质: 钢；规格: 100*110*10；加工: 是,个,,存在低精度或人工复核标记，需要补齐信息。,确认型号、图号、适用设备和关键尺寸。,Sheet1:252,加工100*110*10钢圈
REVIEW-MAT-00144,C,medium,specs_conflict,垫片,设备备件与加工件/金属加工件/金属加工件,规格: 110*100*5；加工: 是,个,,存在低精度或人工复核标记，需要补齐信息。,确认型号、图号、适用设备和关键尺寸。,Sheet1:254,加工110*100*5垫片
REVIEW-MAT-00145,D,high,alias_conflict,角铁,金属原材料/钢材型材/钢材型材,规格: 50*50*6；标准: 国标,米,,存在阻塞冲突，不能自动放行。,先解决别名、单位或分组冲突，不要自动创建物料。,Sheet1:255,50*50*6国标角铁
REVIEW-MAT-00146,D,high,unit_conflict,冷热水龙头,工程建材/水暖建材/水暖五金,规格: 4分；类型: 冷热,套,,存在阻塞冲突，不能自动放行。,先解决别名、单位或分组冲突，不要自动创建物料。,Sheet1:256,4分冷热龙头
REVIEW-MAT-00147,C,medium,low_precision_conflict,金属软管,工程建材/水暖建材/水暖五金,规格: 4分；长度: 60,根,,存在低精度或人工复核标记，需要补齐信息。,确认材质、口径/规格、连接方式和类型。,Sheet1:257,4分*60金属软管
REVIEW-MAT-00148,C,medium,low_precision_conflict,不锈钢合页,五金备件/其他/门窗五金,材质: 不锈钢；规格: 6寸,付,,存在低精度或人工复核标记，需要补齐信息。,按默认规则补齐至少一个关键规格字段。,Sheet1:261,6寸不锈钢合页
REVIEW-MAT-00149,C,medium,low_precision_conflict,不锈钢合页,五金备件/其他/门窗五金,材质: 不锈钢；规格: 5寸,付,,存在低精度或人工复核标记，需要补齐信息。,按默认规则补齐至少一个关键规格字段。,Sheet1:262,5寸不锈钢合页
REVIEW-MAT-00150,D,high,alias_conflict,502胶水,化工油漆胶粘/胶粘密封/胶粘剂,类型: 502,支,至少一个: 型号；规格；图号；适用设备；材质,存在阻塞冲突，不能自动放行。,先解决别名、单位或分组冲突，不要自动创建物料。,Sheet1:263,502胶水
REVIEW-MAT-00151,C,medium,needs_human_review,高压铜球阀,工程建材/其他/阀门,规格: DN20；压力: 350kg；材质: 铜；类型: 球阀,个,,存在低精度或人工复核标记，需要补齐信息。,确认规格、材质/强度等级、尺寸和包装单位。,Sheet1:265,DN20*350kg高压铜球阀
REVIEW-MAT-00152,D,high,alias_conflict,棉布,劳保用品/其他/擦拭材料,规格: 大块,kg,,存在阻塞冲突，不能自动放行。,先解决别名、单位或分组冲突，不要自动创建物料。,Sheet1:266；Sheet1:298,大块棉布
REVIEW-MAT-00154,C,medium,low_precision_conflict,电箱,电气与自动化/其他/配电箱,规格: 250A,个,,存在低精度或人工复核标记，需要补齐信息。,确认品牌、型号、电气参数和安装/连接方式。,Sheet1:272,250A电箱
REVIEW-MAT-00155,D,high,alias_conflict,五孔插座,电气与自动化/插头插座/插头插座,类型: 五孔,个,至少一个: 型号；规格；品牌；电流；电压；功率；位数,存在阻塞冲突，不能自动放行。,先解决别名、单位或分组冲突，不要自动创建物料。,Sheet1:273,五孔插座
REVIEW-MAT-00156,C,medium,needs_human_review,线槽,电气与自动化/其他/电气辅材,规格: 30*15,米,,存在低精度或人工复核标记，需要补齐信息。,确认品牌、型号、电气参数和安装/连接方式。,Sheet1:274；Sheet1:287,30*15线槽
REVIEW-MAT-00157,C,medium,low_precision_conflict,高压油管,液压气动/液压管路/高压胶管,规格: DN51；等级: 4SH,米,,存在低精度或人工复核标记，需要补齐信息。,按默认规则补齐至少一个关键规格字段。,Sheet1:277,DN51*4SH高压油管
REVIEW-MAT-00158,C,medium,low_precision_conflict,高压油管,液压气动/液压管路/高压胶管,规格: DN32；等级: 4SH,米,,存在低精度或人工复核标记，需要补齐信息。,按默认规则补齐至少一个关键规格字段。,Sheet1:279,DN32*4SH高压油管
REVIEW-MAT-00159,C,medium,low_precision_conflict,吊带,吊装索具/吊带索具/吊带,载荷: 2T；长度: 1.5米,付,,存在低精度或人工复核标记，需要补齐信息。,按默认规则补齐至少一个关键规格字段。,Sheet1:281,2T*1.5米吊带
REVIEW-MAT-00160,D,high,alias_conflict,卸扣,吊装索具/吊装连接件/卸扣吊钩,载荷: 2T,个,至少一个: 规格；型号；类型；材质；品牌；尺寸；长度；厚度；功率；包装规格；适用设备,存在阻塞冲突，不能自动放行。,先解决别名、单位或分组冲突，不要自动创建物料。,Sheet1:282；Sheet1:313；Sheet1:812,2T卸扣
REVIEW-MAT-00161,C,medium,missing_specs,剪刀,工具器具/其他/手动工具,类型: 剪刀,个,至少一个: 型号；规格；品牌；尺寸；适用设备,未满足当前分组的关键规格模板。,确认品牌、型号/规格和适用设备。,Sheet1:283,剪刀
REVIEW-MAT-00163,C,medium,specs_conflict,加厚铁合页,五金备件/其他/门窗五金,材质: 铁；规格: 4寸；特征: 加厚,付,,存在低精度或人工复核标记，需要补齐信息。,按默认规则补齐至少一个关键规格字段。,Sheet1:296,4寸加厚铁合页
REVIEW-MAT-00164,C,medium,specs_conflict,加厚铁合页,五金备件/其他/门窗五金,材质: 铁；规格: 5寸；特征: 加厚,付,,存在低精度或人工复核标记，需要补齐信息。,按默认规则补齐至少一个关键规格字段。,Sheet1:297,5寸加厚铁合页
REVIEW-MAT-00165,C,medium,low_precision_conflict,卷尺,工具器具/量具测量/量具测量,品牌: 得力；长度: 3米,个,,存在低精度或人工复核标记，需要补齐信息。,确认品牌、型号/规格和适用设备。,Sheet1:299；Sheet1:892,得力3米卷尺
REVIEW-MAT-00166,C,medium,low_precision_conflict,卷尺,工具器具/量具测量/量具测量,品牌: 得力；长度: 5米,个,,存在低精度或人工复核标记，需要补齐信息。,确认品牌、型号/规格和适用设备。,Sheet1:1655；Sheet1:300；Sheet1:891,5米得力卷尺；得力5米卷尺
REVIEW-MAT-00167,C,medium,low_precision_conflict,卷尺,工具器具/量具测量/量具测量,品牌: 得力；长度: 10米,个,,存在低精度或人工复核标记，需要补齐信息。,确认品牌、型号/规格和适用设备。,Sheet1:1656；Sheet1:301,10米得力卷尺；得力10米卷尺
REVIEW-MAT-00169,C,medium,low_precision_conflict,垃圾袋,行政办公与清洁/清洁用品/清洁工具耗材,规格: 120*140；特征: 厚,个,,存在低精度或人工复核标记，需要补齐信息。,确认规格、品牌和包装单位。,Sheet1:303,120*140厚垃圾袋
REVIEW-MAT-00171,D,high,unit_conflict,毛刷,工具器具/涂装工具/刷辊喷涂,规格: 3寸,支,,存在阻塞冲突，不能自动放行。,先解决别名、单位或分组冲突，不要自动创建物料。,Sheet1:305,3寸毛刷
REVIEW-MAT-00172,C,medium,missing_specs,钢丝刷,工具器具/其他/打磨工具,类型: 刀型,支,至少一个: 型号；规格；品牌；尺寸；适用设备,未满足当前分组的关键规格模板。,确认品牌、型号/规格和适用设备。,Sheet1:306,刀型钢丝刷
REVIEW-MAT-00173,D,high,alias_conflict,拖把,行政办公与清洁/清洁用品/清洁工具耗材,规格: 大,支,,存在阻塞冲突，不能自动放行。,先解决别名、单位或分组冲突，不要自动创建物料。,Sheet1:307,大拖把
REVIEW-MAT-00174,C,medium,low_precision_conflict,锂电池电钻,工具器具/电动工具/电钻角磨机,品牌: 大艺；电压: 21V；动力: 锂电池,台,,存在低精度或人工复核标记，需要补齐信息。,确认品牌、型号/规格和适用设备。,Sheet1:308,21V大艺锂电池电钻
REVIEW-MAT-00175,D,high,alias_conflict,锂电池角磨机,工具器具/电动工具/电钻角磨机,品牌: 大艺；动力: 锂电池,台,,存在阻塞冲突，不能自动放行。,先解决别名、单位或分组冲突，不要自动创建物料。,Sheet1:309,大艺锂电池角磨机
REVIEW-MAT-00176,C,medium,low_precision_conflict,电池,电气与自动化/电源电池/电源电池,电压: 9V,个,,存在低精度或人工复核标记，需要补齐信息。,确认品牌、型号、电气参数和安装/连接方式。,Sheet1:310,9V电池
REVIEW-MAT-00177,D,high,alias_conflict,卸扣,吊装索具/吊装连接件/卸扣吊钩,载荷: 4T,个,至少一个: 规格；型号；类型；材质；品牌；尺寸；长度；厚度；功率；包装规格；适用设备,存在阻塞冲突，不能自动放行。,先解决别名、单位或分组冲突，不要自动创建物料。,Sheet1:312；Sheet1:813,4T卸扣
REVIEW-MAT-00178,C,medium,specs_conflict,螺丝,五金备件/其他/紧固件,规格: 16*50,套,,存在低精度或人工复核标记，需要补齐信息。,确认规格、材质/强度等级和单位。,Sheet1:314；Sheet1:320,16*50螺丝
REVIEW-MAT-00179,C,medium,missing_specs,LED防爆机床方形灯,电气与自动化/照明与报警/灯具,长度: 1220MM；类型: LED；功能: 防爆；形状: 方形；用途: 机床,套,至少一个: 型号；规格；品牌；电流；电压；功率；位数,未满足当前分组的关键规格模板。,确认品牌、型号、电气参数和安装/连接方式。,Sheet1:316,1220MMLED防爆机床方形灯
REVIEW-MAT-00180,C,medium,specs_conflict,螺丝,五金备件/其他/紧固件,规格: 14*50,套,,存在低精度或人工复核标记，需要补齐信息。,确认规格、材质/强度等级和单位。,Sheet1:319,14*50螺丝
REVIEW-MAT-00181,C,medium,missing_specs,弓形卸扣,吊装索具/吊装连接件/卸扣吊钩,载荷: 6.5吨；标准: 国标；形状: 弓形,个,至少一个: 规格；型号；类型；材质；品牌；尺寸；长度；厚度；功率；包装规格；适用设备,未满足当前分组的关键规格模板。,按默认规则补齐至少一个关键规格字段。,Sheet1:323,6.5吨国标弓形卸扣
REVIEW-MAT-00182,C,medium,missing_specs,热水器挂钩,工程建材/水暖建材/水暖五金,用途: 热水器,个,至少一个: 规格；口径；DN；材质；类型,未满足当前分组的关键规格模板。,确认材质、口径/规格、连接方式和类型。,Sheet1:324；Sheet1:378,热水器挂钩
REVIEW-MAT-00183,C,medium,low_precision_conflict,排风扇,电气与自动化/其他/通风设备,规格: 50*50,个,,存在低精度或人工复核标记，需要补齐信息。,确认品牌、型号、电气参数和安装/连接方式。,Sheet1:329,50*50排风扇
REVIEW-MAT-00184,C,medium,low_precision_conflict,塑料方凳,行政办公与清洁/生活后勤/生活用品,材质: 塑料；规格: 50CM；特征: 加厚,个,,存在低精度或人工复核标记，需要补齐信息。,确认规格、品牌和包装单位。,Sheet1:330,加厚50CM塑料方凳
REVIEW-MAT-00185,C,medium,needs_human_review,不锈钢弯头,工程建材/其他/管件,材质: 不锈钢；规格: 250；类型: 弯头,个,,存在低精度或人工复核标记，需要补齐信息。,确认规格、材质/强度等级、尺寸和包装单位。,Sheet1:332,250不锈钢弯头
REVIEW-MAT-00186,C,medium,needs_human_review,发泡胶,化工油漆胶粘/其他/填缝剂,品牌: 雨虹；特性: 高倍,支,,存在低精度或人工复核标记，需要补齐信息。,确认类型、品牌/型号、颜色和包装规格。,Sheet1:334,雨虹高倍发泡胶
REVIEW-MAT-00187,C,medium,missing_specs,重油污清洗剂,行政办公与清洁/清洁用品/清洁工具耗材,用途: 去重油污,公斤,至少一个: 规格；类型；品牌；包装规格,未满足当前分组的关键规格模板。,确认规格、品牌和包装单位。,Sheet1:336,去重油污清洗剂
REVIEW-MAT-00188,C,medium,low_precision_conflict,电池,电气与自动化/电源电池/电源电池,规格: 5号,个,,存在低精度或人工复核标记，需要补齐信息。,确认品牌、型号、电气参数和安装/连接方式。,Sheet1:337,5号电池
REVIEW-MAT-00189,D,high,alias_conflict,电焊眼镜,劳保用品/其他/眼面防护,用途: 电焊,付,至少一个: 类型；规格；材质；型号,存在阻塞冲突，不能自动放行。,先解决别名、单位或分组冲突，不要自动创建物料。,Sheet1:338,电焊眼镜
REVIEW-MAT-00190,C,medium,needs_human_review,内六角扳手,工具器具/其他/手动工具,规格: 19,支,,存在低精度或人工复核标记，需要补齐信息。,确认品牌、型号/规格和适用设备。,Sheet1:339,19内六角扳手
REVIEW-MAT-00191,C,medium,needs_human_review,等离子割嘴,焊接焊割/其他/等离子切割配件,型号: P80；类型: 割嘴,个,,存在低精度或人工复核标记，需要补齐信息。,确认型号、直径/规格、材质和包装。,Sheet1:340,P80等离子割嘴
REVIEW-MAT-00192,C,medium,specs_conflict,槽钢,金属原材料/钢材型材/钢材型材,规格: 200B,米,,存在低精度或人工复核标记，需要补齐信息。,确认材质、规格尺寸和执行标准。,Sheet1:342,200B槽钢
REVIEW-MAT-00193,C,medium,specs_conflict,槽钢,金属原材料/钢材型材/钢材型材,规格: 160B,米,,存在低精度或人工复核标记，需要补齐信息。,确认材质、规格尺寸和执行标准。,Sheet1:343,160B槽钢
REVIEW-MAT-00194,C,medium,specs_conflict,水泥砖,工程建材/其他/砌块砖,材质: 水泥,块,,存在低精度或人工复核标记，需要补齐信息。,确认规格、材质/强度等级、尺寸和包装单位。,Sheet1:344,水泥砖
REVIEW-MAT-00195,C,medium,missing_specs,砖刀,工具器具/其他/施工工具,用途: 砌砖/切砖,个,至少一个: 型号；规格；品牌；尺寸；适用设备,未满足当前分组的关键规格模板。,确认品牌、型号/规格和适用设备。,Sheet1:349,砖刀
REVIEW-MAT-00196,C,medium,missing_specs,灰刀,工具器具/其他/施工工具,用途: 抹灰,个,至少一个: 型号；规格；品牌；尺寸；适用设备,未满足当前分组的关键规格模板。,确认品牌、型号/规格和适用设备。,Sheet1:350,灰刀
REVIEW-MAT-00197,C,medium,missing_specs,防水网线接头,电气与自动化/其他/弱电材料,功能: 防水；用途: 网线连接,个,至少一个: 型号；规格；品牌；电流；电压；功率；位数,未满足当前分组的关键规格模板。,确认品牌、型号、电气参数和安装/连接方式。,Sheet1:352,防水网线接头连接
REVIEW-MAT-00198,C,medium,needs_human_review,防锈润滑剂,化工油漆胶粘/其他/润滑防锈,品牌/型号: WD-40；容量: 500,支,,存在低精度或人工复核标记，需要补齐信息。,确认类型、品牌/型号、颜色和包装规格。,Sheet1:353,WD-40500防锈润滑剂
REVIEW-MAT-00199,C,medium,specs_conflict,螺丝,五金备件/其他/紧固件,规格: 8*250,套,,存在低精度或人工复核标记，需要补齐信息。,确认规格、材质/强度等级和单位。,Sheet1:357；Sheet1:597,8*250螺丝
REVIEW-MAT-00200,C,medium,specs_conflict,调和油漆,化工油漆胶粘/油漆涂料/涂料油漆,颜色: 铁红,桶,,存在低精度或人工复核标记，需要补齐信息。,确认类型、品牌/型号、颜色和包装规格。,Sheet1:359,铁红油漆
REVIEW-MAT-00201,C,medium,specs_conflict,LED灯泡,电气与自动化/照明与报警/灯具,品牌: 公牛；功率: 20W,个,,存在低精度或人工复核标记，需要补齐信息。,确认品牌、型号、电气参数和安装/连接方式。,Sheet1:360,公牛20WLED灯泡
REVIEW-MAT-00202,C,medium,specs_conflict,焊条,焊接焊割/焊接耗材/焊条焊丝,型号: 507；直径: 3.2,个,,存在低精度或人工复核标记，需要补齐信息。,确认型号、直径/规格、材质和包装。,Sheet1:361,507*3.2焊条
REVIEW-MAT-00203,C,medium,needs_human_review,加厚蝶阀,工程建材/其他/阀门,品牌: 埃美柯；规格: DN65；特征: 加厚,个,,存在低精度或人工复核标记，需要补齐信息。,确认规格、材质/强度等级、尺寸和包装单位。,Sheet1:362,DN65埃美柯加厚蝶阀
REVIEW-MAT-00204,C,medium,specs_conflict,加厚不锈钢球阀,工程建材/其他/阀门,品牌: 埃美柯；规格: DN65；材质: 不锈钢；特征: 加厚,个,,存在低精度或人工复核标记，需要补齐信息。,确认规格、材质/强度等级、尺寸和包装单位。,Sheet1:363,DN65埃美柯加厚不锈钢球阀
REVIEW-MAT-00205,C,medium,specs_conflict,加厚不锈钢球阀,工程建材/其他/阀门,品牌: 埃美柯；规格: 40；材质: 不锈钢；特征: 加厚,个,,存在低精度或人工复核标记，需要补齐信息。,确认规格、材质/强度等级、尺寸和包装单位。,Sheet1:365,40埃美柯加厚不锈钢球阀
REVIEW-MAT-00206,D,high,alias_conflict,调和油漆,化工油漆胶粘/油漆涂料/涂料油漆,颜色: 白色；类型: 调和油漆,桶,,存在阻塞冲突，不能自动放行。,先解决别名、单位或分组冲突，不要自动创建物料。,Sheet1:367,白色调和油漆
REVIEW-MAT-00207,C,medium,needs_human_review,彩条布,工程建材/其他/篷布油布,规格: 12*30米,平方,,存在低精度或人工复核标记，需要补齐信息。,确认规格、材质/强度等级、尺寸和包装单位。,Sheet1:369,12*30米彩条布
REVIEW-MAT-00208,C,medium,low_precision_conflict,漏电保护器,电气与自动化/低压电器/低压电器,品牌: 德力西；电流: 400A；极数: 4P,个,,存在低精度或人工复核标记，需要补齐信息。,确认品牌、型号、电气参数和安装/连接方式。,Sheet1:370,400A4P德力西漏电保护器
REVIEW-MAT-00209,C,medium,low_precision_conflict,漏电保护器,电气与自动化/低压电器/低压电器,品牌: 德力西；电流: 250A；极数: 4P,个,,存在低精度或人工复核标记，需要补齐信息。,确认品牌、型号、电气参数和安装/连接方式。,Sheet1:371,250A4P德力西漏电保护器
REVIEW-MAT-00210,C,medium,missing_specs,太阳能4G摄像头,电气与自动化/其他/安防监控,供电: 太阳能；通信: 4G；清晰度: 4K,个,至少一个: 型号；规格；品牌；电流；电压；功率；位数,未满足当前分组的关键规格模板。,确认品牌、型号、电气参数和安装/连接方式。,Sheet1:372,太阳能4G4K摄像头
REVIEW-MAT-00214,C,medium,missing_specs,热水器隔电堵,工程建材/水暖建材/水暖五金,用途: 热水器；功能: 隔电,个,至少一个: 规格；口径；DN；材质；类型,未满足当前分组的关键规格模板。,确认材质、口径/规格、连接方式和类型。,Sheet1:376,热水器隔电堵
REVIEW-MAT-00215,C,medium,missing_specs,热水器安全阀,工程建材/其他/阀门,用途: 热水器；类型: 安全阀,个,至少一个: 规格；型号；材质；厚度；尺寸；包装规格；强度等级,未满足当前分组的关键规格模板。,确认规格、材质/强度等级、尺寸和包装单位。,Sheet1:377,热水器安全阀
REVIEW-MAT-00216,D,high,alias_conflict,水龙头花洒套装,工程建材/水暖建材/水暖五金,类型: 水龙头+花洒,个,,存在阻塞冲突，不能自动放行。,先解决别名、单位或分组冲突，不要自动创建物料。,Sheet1:380,水龙头花洒
REVIEW-MAT-00219,C,medium,low_precision_conflict,高粱扫把,行政办公与清洁/清洁用品/清洁工具耗材,材质: 高粱；规格: 小,个,,存在低精度或人工复核标记，需要补齐信息。,确认规格、品牌和包装单位。,Sheet1:383,高粱小扫把
REVIEW-MAT-00220,D,high,alias_conflict,帆布手套,劳保用品/手部防护/手套,特征: 加厚、双层,双,至少一个: 类型；规格；材质；型号,存在阻塞冲突，不能自动放行。,先解决别名、单位或分组冲突，不要自动创建物料。,Sheet1:384,加厚双层帆布手套
REVIEW-MAT-00221,C,medium,specs_conflict,螺丝,五金备件/其他/紧固件,规格: 8*30,套,,存在低精度或人工复核标记，需要补齐信息。,确认规格、材质/强度等级和单位。,Sheet1:393,8*30螺丝
REVIEW-MAT-00222,C,medium,specs_conflict,螺丝,五金备件/其他/紧固件,规格: 16*30,套,,存在低精度或人工复核标记，需要补齐信息。,确认规格、材质/强度等级和单位。,Sheet1:394,16*30螺丝
REVIEW-MAT-00223,C,medium,specs_conflict,螺丝,五金备件/其他/紧固件,规格: 12*60,套,,存在低精度或人工复核标记，需要补齐信息。,确认规格、材质/强度等级和单位。,Sheet1:395,12*60螺丝
REVIEW-MAT-00224,C,medium,low_precision_conflict,不锈钢挂锁,五金备件/门锁锁具/门锁锁具,材质: 不锈钢；规格: 40；品质: 好,个,,存在低精度或人工复核标记，需要补齐信息。,按默认规则补齐至少一个关键规格字段。,Sheet1:396,40好不锈钢挂锁
REVIEW-MAT-00225,C,medium,needs_note_review,不锈钢通用挂锁,五金备件/门锁锁具/门锁锁具,材质: 不锈钢；规格: 40；品质: 好；类型: 通用,个,,存在低精度或人工复核标记，需要补齐信息。,按默认规则补齐至少一个关键规格字段。,Sheet1:397,40好不锈钢通用挂锁
REVIEW-MAT-00226,C,medium,specs_conflict,螺丝,五金备件/其他/紧固件,规格: 12*50,套,,存在低精度或人工复核标记，需要补齐信息。,确认规格、材质/强度等级和单位。,Sheet1:398；Sheet1:407,12*50螺丝
REVIEW-MAT-00227,C,medium,specs_conflict,切割片,工具器具/其他/磨切耗材,规格: 100,块,,存在低精度或人工复核标记，需要补齐信息。,确认品牌、型号/规格和适用设备。,Sheet1:399,100切割片
REVIEW-MAT-00228,C,medium,needs_human_review,磨光片,工具器具/其他/磨切耗材,规格: 100,块,,存在低精度或人工复核标记，需要补齐信息。,确认品牌、型号/规格和适用设备。,Sheet1:400,100磨光片
REVIEW-MAT-00230,C,medium,low_precision_conflict,牛筋手套,劳保用品/手部防护/手套,材质/类型: 牛筋；特征: 加厚,双,,存在低精度或人工复核标记，需要补齐信息。,确认类型、规格、材质和安全等级。,Sheet1:402；Sheet1:572,牛筋加厚手套
REVIEW-MAT-00231,C,medium,missing_specs,防护眼镜,劳保用品/其他/眼面防护,颜色: 透明,付,至少一个: 类型；规格；材质；型号,未满足当前分组的关键规格模板。,确认类型、规格、材质和安全等级。,Sheet1:403,透明防护眼镜
REVIEW-MAT-00232,D,high,alias_conflict,美工刀,工具器具/其他/手动工具,类型: 美工刀,支,至少一个: 型号；规格；品牌；尺寸；适用设备,存在阻塞冲突，不能自动放行。,先解决别名、单位或分组冲突，不要自动创建物料。,Sheet1:404,美工刀
REVIEW-MAT-00233,C,medium,needs_human_review,高压水枪过滤总成,设备备件与加工件/设备专用备件/设备备件,适用设备: 高压水枪；类型: 过滤总成,套,,存在低精度或人工复核标记，需要补齐信息。,确认型号、图号、适用设备和关键尺寸。,Sheet1:405,高压水枪过滤总成
REVIEW-MAT-00234,C,medium,needs_human_review,高压水枪滤芯,设备备件与加工件/过滤密封/过滤件,适用设备: 高压水枪；类型: 滤芯,个,,存在低精度或人工复核标记，需要补齐信息。,确认型号、图号、适用设备和关键尺寸。,Sheet1:406,高压水枪滤芯
REVIEW-MAT-00235,C,medium,specs_conflict,垫片,设备备件与加工件/金属加工件/金属加工件,定制: 是；规格: 12*600*5,个,,存在低精度或人工复核标记，需要补齐信息。,确认型号、图号、适用设备和关键尺寸。,Sheet1:408,定做12*600*5垫片
REVIEW-MAT-00236,C,medium,missing_specs,碘伏,劳保用品/其他/急救用品,容量: 500ml,瓶,至少一个: 类型；规格；材质；型号,未满足当前分组的关键规格模板。,确认类型、规格、材质和安全等级。,Sheet1:415,碘伏500ml
REVIEW-MAT-00237,C,medium,needs_human_review,止血贴,劳保用品/其他/急救用品,类型: 创可贴/止血贴,张,,存在低精度或人工复核标记，需要补齐信息。,确认类型、规格、材质和安全等级。,Sheet1:416,止血贴
REVIEW-MAT-00238,C,medium,needs_human_review,医用绷带,劳保用品/其他/急救用品,类型: 绷带,卷,,存在低精度或人工复核标记，需要补齐信息。,确认类型、规格、材质和安全等级。,Sheet1:417,绷带
REVIEW-MAT-00239,C,medium,specs_conflict,插头,电气与自动化/插头插座/插头插座,品牌: 公牛；电流: 10A,个,,存在低精度或人工复核标记，需要补齐信息。,确认品牌、型号、电气参数和安装/连接方式。,Sheet1:419；Sheet1:672,10A公牛插头
REVIEW-MAT-00240,C,medium,needs_human_review,纯棉白布,劳保用品/其他/擦拭材料,材质: 纯棉；颜色: 白色,kg,,存在低精度或人工复核标记，需要补齐信息。,确认类型、规格、材质和安全等级。,Sheet1:420；Sheet1:576,纯棉大白布；纯棉白布
REVIEW-MAT-00241,D,high,unit_conflict,毛刷,工具器具/涂装工具/刷辊喷涂,规格: 3寸,个,,存在阻塞冲突，不能自动放行。,先解决别名、单位或分组冲突，不要自动创建物料。,Sheet1:421,3寸 毛刷
REVIEW-MAT-00242,D,high,alias_conflict,羊毛刷,工具器具/涂装工具/刷辊喷涂,规格: 4寸；材质: 羊毛,个,,存在阻塞冲突，不能自动放行。,先解决别名、单位或分组冲突，不要自动创建物料。,Sheet1:2678；Sheet1:422,4寸羊毛刷；羊毛刷4寸
REVIEW-MAT-00243,D,high,alias_conflict,一次性口罩,劳保用品/其他/呼吸防护,类型: 一次性,个,,存在阻塞冲突，不能自动放行。,先解决别名、单位或分组冲突，不要自动创建物料。,Sheet1:1015；Sheet1:423；Sheet1:826,一次性口罩
REVIEW-MAT-00244,C,medium,needs_human_review,旋转吊环,吊装索具/其他/吊环,载荷: 8吨；类型: 旋转,个,,存在低精度或人工复核标记，需要补齐信息。,按默认规则补齐至少一个关键规格字段。,Sheet1:424,8吨旋转吊环
REVIEW-MAT-00245,C,medium,specs_conflict,防锈漆,化工油漆胶粘/油漆涂料/涂料油漆,颜色: 铁红；类型: 防锈漆,桶,,存在低精度或人工复核标记，需要补齐信息。,确认类型、品牌/型号、颜色和包装规格。,Sheet1:425,铁红防锈漆
REVIEW-MAT-00246,C,medium,specs_conflict,不锈钢卡扣接头,液压气动/液压管路/高压胶管,规格: DN6*6；材质: 不锈钢,个,,存在低精度或人工复核标记，需要补齐信息。,按默认规则补齐至少一个关键规格字段。,Sheet1:429,DN6*6不锈钢卡扣接头
REVIEW-MAT-00247,C,medium,specs_conflict,不锈钢卡扣接头,液压气动/液压管路/高压胶管,规格: DN6*10；材质: 不锈钢,个,,存在低精度或人工复核标记，需要补齐信息。,按默认规则补齐至少一个关键规格字段。,Sheet1:430,DN6*10不锈钢卡扣接头
REVIEW-MAT-00248,C,medium,needs_human_review,松香水,化工油漆胶粘/其他/稀释清洗,类型: 稀释剂/清洗剂,桶,,存在低精度或人工复核标记，需要补齐信息。,确认类型、品牌/型号、颜色和包装规格。,Sheet1:1124；Sheet1:1154；Sheet1:431；Sheet1:476；Sheet1:535；Sheet1:971,松香水
REVIEW-MAT-00249,C,medium,needs_human_review,百叶砂轮片,工具器具/其他/磨切耗材,规格: 4寸,块,,存在低精度或人工复核标记，需要补齐信息。,确认品牌、型号/规格和适用设备。,Sheet1:432,4寸百叶砂轮片
REVIEW-MAT-00250,C,medium,needs_human_review,割枪,焊接焊割/其他/焊割工具,规格: 30号,支,,存在低精度或人工复核标记，需要补齐信息。,确认型号、直径/规格、材质和包装。,Sheet1:433,30号割枪
REVIEW-MAT-00251,C,medium,needs_human_review,割嘴,焊接焊割/其他/焊割配件,规格: 30号,个,,存在低精度或人工复核标记，需要补齐信息。,确认型号、直径/规格、材质和包装。,Sheet1:434,30号割嘴
REVIEW-MAT-00252,C,medium,low_precision_conflict,三脚插头,电气与自动化/插头插座/插头插座,品牌: 公牛；电流: 10A；类型: 三插,个,,存在低精度或人工复核标记，需要补齐信息。,确认品牌、型号、电气参数和安装/连接方式。,Sheet1:436,10A公牛三插
REVIEW-MAT-00253,C,medium,low_precision_conflict,毛刷,工具器具/涂装工具/刷辊喷涂,规格: 4寸,支,,存在低精度或人工复核标记，需要补齐信息。,确认品牌、型号/规格和适用设备。,Sheet1:437,4寸毛刷
REVIEW-MAT-00254,C,medium,needs_human_review,不锈钢加长接头,液压气动/液压管路/高压胶管,规格: 8*6；材质: 不锈钢；特征: 加长,个,,存在低精度或人工复核标记，需要补齐信息。,按默认规则补齐至少一个关键规格字段。,Sheet1:438,8*6不锈钢加长接头
REVIEW-MAT-00255,C,medium,needs_human_review,不锈钢加长弯头,液压气动/液压管路/高压胶管,规格: 8*6；材质: 不锈钢；特征: 加长；类型: 弯头,个,,存在低精度或人工复核标记，需要补齐信息。,按默认规则补齐至少一个关键规格字段。,Sheet1:439,8*6不锈钢加长弯头
REVIEW-MAT-00256,C,medium,missing_specs,链条扳手,工具器具/其他/手动工具,类型: 链条扳手,个,至少一个: 型号；规格；品牌；尺寸；适用设备,未满足当前分组的关键规格模板。,确认品牌、型号/规格和适用设备。,Sheet1:441,链条扳手
REVIEW-MAT-00257,C,medium,needs_human_review,碳棒,焊接焊割/其他/气刨耗材,直径: 6mm,支,,存在低精度或人工复核标记，需要补齐信息。,确认型号、直径/规格、材质和包装。,Sheet1:442,碳棒6MM
REVIEW-MAT-00258,C,medium,specs_conflict,吨袋,包装与标识/袋箱膜包装/袋箱膜,规格: 大号,个,,存在低精度或人工复核标记，需要补齐信息。,按默认规则补齐至少一个关键规格字段。,Sheet1:443；Sheet1:900,大吨袋
REVIEW-MAT-00259,C,medium,low_precision_conflict,铁丝,五金备件/其他/金属丝材,规格: 12号,kg,,存在低精度或人工复核标记，需要补齐信息。,按默认规则补齐至少一个关键规格字段。,Sheet1:444；Sheet1:774；Sheet1:894,12号铁丝；12铁丝
REVIEW-MAT-00260,D,high,alias_conflict,铁丝,五金备件/其他/金属丝材,规格: 14号,kg,,存在阻塞冲突，不能自动放行。,先解决别名、单位或分组冲突，不要自动创建物料。,Sheet1:445；Sheet1:895,14号铁丝；14铁丝
REVIEW-MAT-00261,D,high,alias_conflict,调和漆,化工油漆胶粘/油漆涂料/涂料油漆,颜色: 白色；类型: 调和漆,桶,,存在阻塞冲突，不能自动放行。,先解决别名、单位或分组冲突，不要自动创建物料。,Sheet1:1123；Sheet1:1153；Sheet1:447；Sheet1:471；Sheet1:577；Sheet1:621,白色调和油漆
REVIEW-MAT-00262,B,low,note_question,不锈钢卡套接头,液压气动/液压管路/高压胶管,规格: 6*8；材质: 不锈钢,个,,备注中仍有轻微待确认问题。,让业务人员确认备注中的轻微疑问后再升级为 A。,Sheet1:448；Sheet1:461,卡6*8不锈钢接头
REVIEW-MAT-00263,B,low,note_question,不锈钢卡套接头,液压气动/液压管路/高压胶管,规格: 6*12；材质: 不锈钢,个,,备注中仍有轻微待确认问题。,让业务人员确认备注中的轻微疑问后再升级为 A。,Sheet1:449；Sheet1:452,卡6*12不锈钢接头
REVIEW-MAT-00264,C,medium,needs_human_review,不锈钢黄油嘴接头,润滑系统/润滑设备配件/润滑泵管路,材质: 不锈钢；类型: 接头,个,,存在低精度或人工复核标记，需要补齐信息。,按默认规则补齐至少一个关键规格字段。,Sheet1:450,不锈钢黄油嘴接头
REVIEW-MAT-00265,C,medium,needs_human_review,不锈钢黄油嘴弯头,润滑系统/润滑设备配件/润滑泵管路,材质: 不锈钢；类型: 弯头,个,,存在低精度或人工复核标记，需要补齐信息。,按默认规则补齐至少一个关键规格字段。,Sheet1:451,不锈钢黄油嘴弯头
REVIEW-MAT-00266,C,medium,needs_human_review,高压加厚接头,设备备件与加工件/金属加工件/金属加工件,定制: 是；规格: 52；特征: 加厚,个,,存在低精度或人工复核标记，需要补齐信息。,确认型号、图号、适用设备和关键尺寸。,Sheet1:456,定做52高压加厚接头
REVIEW-MAT-00267,C,medium,specs_conflict,鱼尾螺丝,五金备件/其他/紧固件,规格: M10*60,套,,存在低精度或人工复核标记，需要补齐信息。,确认规格、材质/强度等级和单位。,Sheet1:462,M10*60鱼尾螺丝
REVIEW-MAT-00268,C,medium,specs_conflict,鱼尾螺丝,五金备件/其他/紧固件,规格: M14*70,套,,存在低精度或人工复核标记，需要补齐信息。,确认规格、材质/强度等级和单位。,Sheet1:463,M14*70鱼尾螺丝
REVIEW-MAT-00269,C,medium,specs_conflict,鱼尾螺丝,五金备件/其他/紧固件,规格: M16*90,套,,存在低精度或人工复核标记，需要补齐信息。,确认规格、材质/强度等级和单位。,Sheet1:464,M16*90鱼尾螺丝
REVIEW-MAT-00270,D,high,alias_conflict,角钢,金属原材料/其他/型钢,规格: 50*50*6；标准: 国标,米,,存在阻塞冲突，不能自动放行。,先解决别名、单位或分组冲突，不要自动创建物料。,Sheet1:465；Sheet1:573；Sheet1:702,50*50*6国标角铁
REVIEW-MAT-00271,D,high,alias_conflict,电焊钳,焊接焊割/其他/焊割工具,电流: 500A,把,至少一个: 型号；规格；直径；材质；类型,存在阻塞冲突，不能自动放行。,先解决别名、单位或分组冲突，不要自动创建物料。,Sheet1:466,500A电焊钳
REVIEW-MAT-00272,D,high,alias_conflict,电焊钳,焊接焊割/其他/焊割工具,电流: 800A,把,至少一个: 型号；规格；直径；材质；类型,存在阻塞冲突，不能自动放行。,先解决别名、单位或分组冲突，不要自动创建物料。,Sheet1:467；Sheet1:655,800A电焊钳
REVIEW-MAT-00273,C,medium,specs_conflict,电焊线,电气与自动化/电线电缆与敷设/电线电缆,品牌: 起帆；截面积: 35平方,米,,存在低精度或人工复核标记，需要补齐信息。,确认品牌、型号、电气参数和安装/连接方式。,Sheet1:468,35平方起帆电焊线
REVIEW-MAT-00274,C,medium,specs_conflict,电焊线,电气与自动化/电线电缆与敷设/电线电缆,品牌: 起帆；截面积: 50平方,米,,存在低精度或人工复核标记，需要补齐信息。,确认品牌、型号、电气参数和安装/连接方式。,Sheet1:469,50平方起帆电焊线
REVIEW-MAT-00275,C,medium,needs_human_review,医用胶带,劳保用品/其他/急救用品,类型: 医用胶带,卷,,存在低精度或人工复核标记，需要补齐信息。,确认类型、规格、材质和安全等级。,Sheet1:470,医用胶带
REVIEW-MAT-00276,D,high,alias_conflict,锂电角磨机,工具器具/电动工具/电钻角磨机,品牌: 大艺；供电: 锂电池,台,,存在阻塞冲突，不能自动放行。,先解决别名、单位或分组冲突，不要自动创建物料。,Sheet1:472,大艺锂电池角磨机
REVIEW-MAT-00277,C,medium,missing_specs,砂纸,工具器具/其他/磨切耗材,粒度: 600,张,至少一个: 型号；规格；品牌；尺寸；适用设备,未满足当前分组的关键规格模板。,确认品牌、型号/规格和适用设备。,Sheet1:474,600砂纸
REVIEW-MAT-00278,C,medium,missing_specs,砂纸,工具器具/其他/磨切耗材,粒度: 80,张,至少一个: 型号；规格；品牌；尺寸；适用设备,未满足当前分组的关键规格模板。,确认品牌、型号/规格和适用设备。,Sheet1:475,80砂纸
REVIEW-MAT-00279,C,medium,missing_specs,钢丝绳,吊装索具/吊带索具/钢丝绳链条,直径: 6mm,米,至少一个: 规格；型号；类型；材质；品牌；尺寸；长度；厚度；功率；包装规格；适用设备,未满足当前分组的关键规格模板。,按默认规则补齐至少一个关键规格字段。,Sheet1:477,6MM钢丝绳
REVIEW-MAT-00280,C,medium,missing_specs,钢丝绳卡扣,吊装索具/吊带索具/钢丝绳链条,适配直径: 6mm,个,至少一个: 规格；型号；类型；材质；品牌；尺寸；长度；厚度；功率；包装规格；适用设备,未满足当前分组的关键规格模板。,按默认规则补齐至少一个关键规格字段。,Sheet1:478,6MM钢丝绳扣子
REVIEW-MAT-00281,C,medium,needs_human_review,卡箍丝牙接头,设备备件与加工件/金属加工件/金属加工件,加工: 是；规格: 60；连接: 一头卡箍一头丝牙；特征: 加厚,个,,存在低精度或人工复核标记，需要补齐信息。,确认型号、图号、适用设备和关键尺寸。,Sheet1:479,加工加厚60一头卡箍一头丝牙
REVIEW-MAT-00282,C,medium,needs_human_review,双头抱箍接头,设备备件与加工件/金属加工件/金属加工件,加工: 是；规格: 60；连接: 两头抱箍；特征: 加厚,个,,存在低精度或人工复核标记，需要补齐信息。,确认型号、图号、适用设备和关键尺寸。,Sheet1:480,加工加厚60两头抱箍
REVIEW-MAT-00283,C,medium,missing_specs,三通抱箍,设备备件与加工件/金属加工件/金属加工件,加工: 是；长度: 1.15米；特征: 加厚；类型: 三通抱箍,根,至少一个: 型号；规格；图号；适用设备；材质,未满足当前分组的关键规格模板。,确认型号、图号、适用设备和关键尺寸。,Sheet1:481,加工加厚1.15米三通抱箍
REVIEW-MAT-00284,C,medium,needs_human_review,不锈钢条,金属原材料/钢材型材/钢材型材,规格: 65*20*1,条,,存在低精度或人工复核标记，需要补齐信息。,确认材质、规格尺寸和执行标准。,Sheet1:484,65*20*1不锈钢条
REVIEW-MAT-00285,C,medium,needs_human_review,骑马螺丝,五金备件/其他/紧固件,规格: 14*75,套,,存在低精度或人工复核标记，需要补齐信息。,确认规格、材质/强度等级和单位。,Sheet1:487,14*75骑马螺丝
REVIEW-MAT-00286,C,medium,needs_human_review,不锈钢卡套三通,液压气动/液压管路/高压胶管,规格: 6*12；材质: 不锈钢；类型: 三通,个,,存在低精度或人工复核标记，需要补齐信息。,按默认规则补齐至少一个关键规格字段。,Sheet1:488,卡6*12不锈钢三通
REVIEW-MAT-00287,C,medium,missing_specs,重油污清洗剂,化工油漆胶粘/油品化学品/清洗化学品,用途: 重油污清洗,kg,至少一个: 类型；品牌；型号；包装规格；颜色,未满足当前分组的关键规格模板。,确认类型、品牌/型号、颜色和包装规格。,Sheet1:490,重油污清洗剂
REVIEW-MAT-00289,C,medium,low_precision_conflict,毛刷,工具器具/涂装工具/刷辊喷涂,规格: 2寸,个,,存在低精度或人工复核标记，需要补齐信息。,确认品牌、型号/规格和适用设备。,Sheet1:493,2寸毛刷
REVIEW-MAT-00290,C,medium,specs_conflict,电缆防水接头,电气与自动化/电线电缆与敷设/电线电缆,规格: M50,个,,存在低精度或人工复核标记，需要补齐信息。,确认品牌、型号、电气参数和安装/连接方式。,Sheet1:494,M50电缆防水接头
REVIEW-MAT-00291,C,medium,specs_conflict,电缆防水接头,电气与自动化/电线电缆与敷设/电线电缆,规格: M40,个,,存在低精度或人工复核标记，需要补齐信息。,确认品牌、型号、电气参数和安装/连接方式。,Sheet1:495,M40电缆防水接头
REVIEW-MAT-00292,C,medium,specs_conflict,电缆防水接头,电气与自动化/电线电缆与敷设/电线电缆,规格: M32,个,,存在低精度或人工复核标记，需要补齐信息。,确认品牌、型号、电气参数和安装/连接方式。,Sheet1:496,M32电缆防水接头
REVIEW-MAT-00293,D,high,unit_conflict,自喷漆,化工油漆胶粘/油漆涂料/涂料油漆,品牌: 三和；颜色: 灰色；类型: 自喷漆,瓶,,存在阻塞冲突，不能自动放行。,先解决别名、单位或分组冲突，不要自动创建物料。,Sheet1:497,灰色三和喷漆
REVIEW-MAT-00294,C,medium,specs_conflict,自喷漆,化工油漆胶粘/油漆涂料/涂料油漆,品牌: 三和；颜色: 黑色；类型: 自喷漆,瓶,,存在低精度或人工复核标记，需要补齐信息。,确认类型、品牌/型号、颜色和包装规格。,Sheet1:499,黑色三和喷漆
REVIEW-MAT-00295,C,medium,needs_human_review,脱漆剂,化工油漆胶粘/油品化学品/清洗化学品,类型: 高效脱漆剂,瓶,,存在低精度或人工复核标记，需要补齐信息。,确认类型、品牌/型号、颜色和包装规格。,Sheet1:500,高效脱漆剂
REVIEW-MAT-00296,C,medium,missing_specs,门锁,五金备件/门锁锁具/门锁锁具,用途: 大门,把,至少一个: 规格；型号；类型；材质；品牌；尺寸；长度；厚度；功率；包装规格；适用设备,未满足当前分组的关键规格模板。,按默认规则补齐至少一个关键规格字段。,Sheet1:501,大门锁
REVIEW-MAT-00297,C,medium,missing_specs,电力清洗剂,化工油漆胶粘/油品化学品/清洗化学品,用途: 电力设备清洗,kg,至少一个: 类型；品牌；型号；包装规格；颜色,未满足当前分组的关键规格模板。,确认类型、品牌/型号、颜色和包装规格。,Sheet1:503,电力清洗剂
REVIEW-MAT-00298,C,medium,missing_specs,多点黄油泵,润滑系统/润滑设备配件/润滑泵管路,容量: 8升；出口数: 4出口,台,至少一个: 规格；型号；类型；材质；品牌；尺寸；长度；厚度；功率；包装规格；适用设备,未满足当前分组的关键规格模板。,按默认规则补齐至少一个关键规格字段。,Sheet1:504,8升4出口多点黄油泵
REVIEW-MAT-00299,C,medium,specs_conflict,AB胶,化工油漆胶粘/胶粘密封/胶粘剂,品牌/型号: 卡夹特；类型: AB胶,套,,存在低精度或人工复核标记，需要补齐信息。,确认型号、图号、适用设备和关键尺寸。,Sheet1:512,卡夹特AB胶
REVIEW-MAT-00300,C,medium,missing_specs,气泡膜,包装与标识/其他/缓冲包装,特征: 加厚,米,至少一个: 规格；型号；类型；材质；品牌；尺寸；长度；厚度；功率；包装规格；适用设备,未满足当前分组的关键规格模板。,按默认规则补齐至少一个关键规格字段。,Sheet1:513；Sheet1:531,加厚气泡膜
REVIEW-MAT-00301,C,medium,needs_human_review,不锈钢数字牌,设备备件与加工件/金属加工件/金属加工件,定制: 是；材质: 不锈钢；尺寸: 20cm,个,,存在低精度或人工复核标记，需要补齐信息。,确认型号、图号、适用设备和关键尺寸。,Sheet1:514,定做不锈钢数字牌20cm
REVIEW-MAT-00302,C,medium,specs_conflict,高压弯头,设备备件与加工件/金属加工件/金属加工件,定制: 是；规格: 6x1.5；类型: 弯头,个,,存在低精度或人工复核标记，需要补齐信息。,确认型号、图号、适用设备和关键尺寸。,Sheet1:523,定做 6x1.5高压弯头
REVIEW-MAT-00303,C,medium,specs_conflict,高压弯头,设备备件与加工件/金属加工件/金属加工件,定制: 是；规格: 10x1.5；类型: 弯头,个,,存在低精度或人工复核标记，需要补齐信息。,确认型号、图号、适用设备和关键尺寸。,Sheet1:524,定做 10x1.5高压弯头
REVIEW-MAT-00304,C,medium,specs_conflict,高压弯头,设备备件与加工件/金属加工件/金属加工件,定制: 是；规格: 13x1.5；类型: 弯头,个,,存在低精度或人工复核标记，需要补齐信息。,确认型号、图号、适用设备和关键尺寸。,Sheet1:525,定做 13x1.5高压弯头
REVIEW-MAT-00305,C,medium,specs_conflict,高压弯头,设备备件与加工件/金属加工件/金属加工件,定制: 是；规格: 16x1.5；类型: 弯头,个,,存在低精度或人工复核标记，需要补齐信息。,确认型号、图号、适用设备和关键尺寸。,Sheet1:526,定做 16x1.5高压弯头
REVIEW-MAT-00306,C,medium,specs_conflict,高压弯头,设备备件与加工件/金属加工件/金属加工件,定制: 是；规格: 19x1.5；类型: 弯头,个,,存在低精度或人工复核标记，需要补齐信息。,确认型号、图号、适用设备和关键尺寸。,Sheet1:527,定做 19x1.5高压弯头
REVIEW-MAT-00307,C,medium,specs_conflict,高压弯头,设备备件与加工件/金属加工件/金属加工件,定制: 是；规格: 25x1.5；类型: 弯头,个,,存在低精度或人工复核标记，需要补齐信息。,确认型号、图号、适用设备和关键尺寸。,Sheet1:528,定做 25x1.5高压弯头
REVIEW-MAT-00308,C,medium,specs_conflict,高压弯头,设备备件与加工件/金属加工件/金属加工件,定制: 是；规格: 32x1.5；类型: 弯头,个,,存在低精度或人工复核标记，需要补齐信息。,确认型号、图号、适用设备和关键尺寸。,Sheet1:529,定做 32x1.5高压弯头
REVIEW-MAT-00309,C,medium,specs_conflict,高压弯头,设备备件与加工件/金属加工件/金属加工件,定制: 是；规格: 38x1.5；类型: 弯头,个,,存在低精度或人工复核标记，需要补齐信息。,确认型号、图号、适用设备和关键尺寸。,Sheet1:530,定做 38x1.5高压弯头
REVIEW-MAT-00310,C,medium,needs_human_review,保鲜膜,包装与标识/袋箱膜包装/袋箱膜,规格: 大卷,个,,存在低精度或人工复核标记，需要补齐信息。,按默认规则补齐至少一个关键规格字段。,Sheet1:532,保鲜膜大卷
REVIEW-MAT-00311,C,medium,specs_conflict,调和漆,化工油漆胶粘/油漆涂料/涂料油漆,颜色: 黄色；类型: 调和漆,桶,,存在低精度或人工复核标记，需要补齐信息。,确认类型、品牌/型号、颜色和包装规格。,Sheet1:533；Sheet1:903；Sheet1:923；Sheet1:980,黄色调和漆
REVIEW-MAT-00312,C,medium,specs_conflict,调和漆,化工油漆胶粘/油漆涂料/涂料油漆,颜色: 铁红；类型: 调和漆,桶,,存在低精度或人工复核标记，需要补齐信息。,确认类型、品牌/型号、颜色和包装规格。,Sheet1:534,铁红调和漆
REVIEW-MAT-00313,C,medium,needs_human_review,高压卡箍双丝牙接头,设备备件与加工件/金属加工件/金属加工件,定制: 是；规格: 52；特征: 高压加厚；连接: 卡箍+双丝牙,个,,存在低精度或人工复核标记，需要补齐信息。,确认型号、图号、适用设备和关键尺寸。,Sheet1:536,定做高压加厚52米卡箍双丝牙
REVIEW-MAT-00314,D,high,alias_conflict,玻璃胶,化工油漆胶粘/胶粘密封/胶粘剂,颜色: 白色,支,至少一个: 型号；规格；图号；适用设备；材质,存在阻塞冲突，不能自动放行。,先解决别名、单位或分组冲突，不要自动创建物料。,Sheet1:537,白色玻璃胶
REVIEW-MAT-00315,C,medium,needs_human_review,588密封胶,化工油漆胶粘/胶粘密封/胶粘剂,型号: 588,支,,存在低精度或人工复核标记，需要补齐信息。,确认型号、图号、适用设备和关键尺寸。,Sheet1:538,588胶
REVIEW-MAT-00316,D,high,alias_conflict,记号笔,行政办公与清洁/其他/标识耗材,颜色: 白色,支,至少一个: 规格；类型；品牌；包装规格,存在阻塞冲突，不能自动放行。,先解决别名、单位或分组冲突，不要自动创建物料。,Sheet1:539,白色记号笔
REVIEW-MAT-00317,C,medium,needs_human_review,轴承钢钢套,设备备件与加工件/金属加工件/金属加工件,定制: 是；材质: 轴承钢；特征: 加厚,套,,存在低精度或人工复核标记，需要补齐信息。,确认型号、图号、适用设备和关键尺寸。,Sheet1:541,定做加厚轴承钢钢套
REVIEW-MAT-00318,C,medium,specs_conflict,方钢,金属原材料/其他/型钢,规格: 40*80；特征: 加厚,米,,存在低精度或人工复核标记，需要补齐信息。,确认材质、规格尺寸和执行标准。,Sheet1:546,40*80加厚方钢
REVIEW-MAT-00319,C,medium,missing_specs,四方接头,设备备件与加工件/金属加工件/金属加工件,加工: 是；类型: 内外四方接头,个,至少一个: 型号；规格；图号；适用设备；材质,未满足当前分组的关键规格模板。,确认型号、图号、适用设备和关键尺寸。,Sheet1:547,加工内外四方接头
REVIEW-MAT-00320,C,medium,needs_human_review,不锈钢标志牌,设备备件与加工件/金属加工件/金属加工件,定制: 是；材质: 不锈钢,块,,存在低精度或人工复核标记，需要补齐信息。,确认型号、图号、适用设备和关键尺寸。,Sheet1:549,定做不锈钢标志牌
REVIEW-MAT-00321,C,medium,needs_human_review,不锈钢铭牌,设备备件与加工件/金属加工件/金属加工件,定制: 是；尺寸: 250*180；材质: 不锈钢,块,,存在低精度或人工复核标记，需要补齐信息。,确认型号、图号、适用设备和关键尺寸。,Sheet1:551,定做250*180不锈钢铭牌
REVIEW-MAT-00322,C,medium,needs_human_review,五点式安全带,劳保用品/其他/坠落防护,类型: 五点式；款式: 欧式,套,,存在低精度或人工复核标记，需要补齐信息。,确认类型、规格、材质和安全等级。,Sheet1:552,五点式欧式安全带
REVIEW-MAT-00323,C,medium,specs_conflict,内六角螺丝,五金备件/其他/紧固件,规格: 10*40；类型: 内六角,套,,存在低精度或人工复核标记，需要补齐信息。,确认规格、材质/强度等级和单位。,Sheet1:555,10*40内六角
REVIEW-MAT-00324,C,medium,specs_conflict,内六角螺丝,五金备件/其他/紧固件,规格: 16*50；类型: 内六角,套,,存在低精度或人工复核标记，需要补齐信息。,确认规格、材质/强度等级和单位。,Sheet1:558,16*50内六角
REVIEW-MAT-00325,C,medium,missing_specs,刮泥板,设备备件与加工件/金属加工件/金属加工件,定制: 是；类型: 刮泥板,块,至少一个: 型号；规格；图号；适用设备；材质,未满足当前分组的关键规格模板。,确认型号、图号、适用设备和关键尺寸。,Sheet1:559,定做刮泥板
REVIEW-MAT-00326,C,medium,missing_specs,挂壁风扇,设备备件与加工件/其他/通用电器,控制: 遥控；安装: 挂壁,台,至少一个: 型号；规格；图号；适用设备；材质,未满足当前分组的关键规格模板。,确认型号、图号、适用设备和关键尺寸。,Sheet1:560,遥控挂壁风扇
REVIEW-MAT-00327,D,high,alias_conflict,五孔插座,电气与自动化/插头插座/插头插座,类型: 五孔插座,套,至少一个: 型号；规格；品牌；电流；电压；功率；位数,存在阻塞冲突，不能自动放行。,先解决别名、单位或分组冲突，不要自动创建物料。,Sheet1:561,五孔插座
REVIEW-MAT-00328,C,medium,missing_specs,插座底盒,电气与自动化/插头插座/插头插座,类型: 插座底盒,个,至少一个: 型号；规格；品牌；电流；电压；功率；位数,未满足当前分组的关键规格模板。,确认品牌、型号、电气参数和安装/连接方式。,Sheet1:562,插座底合
REVIEW-MAT-00329,C,medium,specs_conflict,电线,电气与自动化/电线电缆与敷设/电线电缆,品牌: 起帆；截面积: 4平方,米,,存在低精度或人工复核标记，需要补齐信息。,确认品牌、型号、电气参数和安装/连接方式。,Sheet1:563,4平方起帆平方电线
REVIEW-MAT-00330,C,medium,missing_specs,高压水枪,工具器具/其他/清洗工具,材质: 金属；类型: 高压水枪,支,至少一个: 型号；规格；品牌；尺寸；适用设备,未满足当前分组的关键规格模板。,确认品牌、型号/规格和适用设备。,Sheet1:565,金属高压水枪
REVIEW-MAT-00331,C,medium,specs_conflict,切割片,工具器具/其他/磨切耗材,品牌: 金立克,片,,存在低精度或人工复核标记，需要补齐信息。,确认品牌、型号/规格和适用设备。,Sheet1:566,金立克切割片
REVIEW-MAT-00332,C,medium,specs_conflict,无缝管,金属原材料/其他/钢管,规格: 325；壁厚: 14,米,,存在低精度或人工复核标记，需要补齐信息。,确认材质、规格尺寸和执行标准。,Sheet1:567,325无缝管&14
REVIEW-MAT-00333,C,medium,specs_conflict,焊接弯头,工程建材/其他/管件,规格: 325*8；特征: 加厚；连接: 焊接,个,,存在低精度或人工复核标记，需要补齐信息。,确认规格、材质/强度等级、尺寸和包装单位。,Sheet1:568,加厚325*8焊接弯头
REVIEW-MAT-00334,C,medium,needs_human_review,抱箍钢卡,工程建材/其他/管道紧固,规格: 325；特征: 加厚；材质: 钢,个,,存在低精度或人工复核标记，需要补齐信息。,确认规格、材质/强度等级、尺寸和包装单位。,Sheet1:569,加厚325抱箍钢卡
REVIEW-MAT-00335,C,medium,needs_human_review,卡槽钢圈接头,设备备件与加工件/金属加工件/金属加工件,定制: 是；规格: 325；类型: 卡槽钢圈接头,个,,存在低精度或人工复核标记，需要补齐信息。,确认型号、图号、适用设备和关键尺寸。,Sheet1:570,定做325卡槽钢圈接头
REVIEW-MAT-00336,C,medium,low_precision_conflict,花纹钢板,金属原材料/钢材型材/钢材型材,厚度: 3mm；类型: 花纹钢板,平方,,存在低精度或人工复核标记，需要补齐信息。,确认材质、规格尺寸和执行标准。,Sheet1:574,3MM花纹钢板
REVIEW-MAT-00337,C,medium,specs_conflict,槽钢,金属原材料/其他/型钢,规格: 100#；标准: 国标,米,,存在低精度或人工复核标记，需要补齐信息。,确认材质、规格尺寸和执行标准。,Sheet1:575,100#国标槽钢
REVIEW-MAT-00338,C,medium,specs_conflict,螺丝,五金备件/其他/紧固件,规格: M20*120,个,,存在低精度或人工复核标记，需要补齐信息。,确认规格、材质/强度等级和单位。,Sheet1:578,M20*120螺丝
REVIEW-MAT-00339,C,medium,missing_specs,钢板加工件,设备备件与加工件/金属加工件/金属加工件,加工: 是；尺寸: 300*270*16,块,至少一个: 型号；规格；图号；适用设备；材质,未满足当前分组的关键规格模板。,确认型号、图号、适用设备和关键尺寸。,Sheet1:579,加工300*270*16钢板
REVIEW-MAT-00340,C,medium,missing_specs,夹板加工件,设备备件与加工件/金属加工件/金属加工件,加工: 是；尺寸: 94*33*3,块,至少一个: 型号；规格；图号；适用设备；材质,未满足当前分组的关键规格模板。,确认型号、图号、适用设备和关键尺寸。,Sheet1:580,加工94*33*3夹板
REVIEW-MAT-00341,C,medium,needs_human_review,热缩管,电气与自动化/电线电缆与敷设/电线电缆,规格: 30,米,,存在低精度或人工复核标记，需要补齐信息。,确认品牌、型号、电气参数和安装/连接方式。,Sheet1:581,30热缩管
REVIEW-MAT-00342,C,medium,missing_specs,五孔插座面板,电气与自动化/插头插座/插头插座,类型: 五孔面板,个,至少一个: 型号；规格；品牌；电流；电压；功率；位数,未满足当前分组的关键规格模板。,确认品牌、型号、电气参数和安装/连接方式。,Sheet1:582,五孔面板
REVIEW-MAT-00343,C,medium,needs_human_review,铜导电嘴,焊接焊割/焊割设备工具/焊机割炬,材质: 铜；规格: 45*12,个,,存在低精度或人工复核标记，需要补齐信息。,确认型号、直径/规格、材质和包装。,Sheet1:583,铜导电嘴45*12
REVIEW-MAT-00344,C,medium,needs_human_review,挂胶手套,劳保用品/手部防护/手套,特征: 厚；类型: 挂胶,双,,存在低精度或人工复核标记，需要补齐信息。,确认类型、规格、材质和安全等级。,Sheet1:584,厚挂胶手套
REVIEW-MAT-00345,C,medium,missing_specs,亚克力板,金属原材料/其他/塑料板材,尺寸: 81*81*5,块,至少一个: 材质；规格；厚度；宽度；长度；表面,未满足当前分组的关键规格模板。,确认材质、规格尺寸和执行标准。,Sheet1:593,81×81×5亚克力板
REVIEW-MAT-00346,D,high,alias_conflict,焊条,焊接焊割/其他/焊材,直径: 3.2,个,,存在阻塞冲突，不能自动放行。,先解决别名、单位或分组冲突，不要自动创建物料。,Sheet1:594；Sheet1:634；Sheet1:959,3.2焊条；3.2电焊条
REVIEW-MAT-00347,D,high,alias_conflict,电焊眼镜,劳保用品/其他/眼面防护,用途: 电焊防护,副,至少一个: 类型；规格；材质；型号,存在阻塞冲突，不能自动放行。,先解决别名、单位或分组冲突，不要自动创建物料。,Sheet1:1334；Sheet1:595,电焊眼镜
REVIEW-MAT-00348,C,medium,specs_conflict,平光防护眼镜,劳保用品/其他/眼面防护,类型: 平镜/平光,副,,存在低精度或人工复核标记，需要补齐信息。,确认类型、规格、材质和安全等级。,Sheet1:598,平镜眼镜
REVIEW-MAT-00349,C,medium,needs_human_review,转向轮,五金备件/其他/脚轮,规格: 3寸；特征: 带刹车,个,,存在低精度或人工复核标记，需要补齐信息。,按默认规则补齐至少一个关键规格字段。,Sheet1:599,3寸转向轮带刹车
REVIEW-MAT-00350,D,high,alias_conflict,高粱扫把,劳保用品/其他/清洁工具,材质: 高粱,支,,存在阻塞冲突，不能自动放行。,先解决别名、单位或分组冲突，不要自动创建物料。,Sheet1:601,高粱扫把
REVIEW-MAT-00351,C,medium,needs_human_review,玻璃纸,包装与标识/袋箱膜包装/袋箱膜,类型: 玻璃纸,米,,存在低精度或人工复核标记，需要补齐信息。,按默认规则补齐至少一个关键规格字段。,Sheet1:602,玻璃纸
REVIEW-MAT-00352,C,medium,missing_specs,双面胶,化工油漆胶粘/胶粘密封/胶粘剂,类型: 双面胶,卷,至少一个: 型号；规格；图号；适用设备；材质,未满足当前分组的关键规格模板。,确认型号、图号、适用设备和关键尺寸。,Sheet1:604,双面胶
REVIEW-MAT-00353,C,medium,missing_specs,吊钩保险卡,吊装索具/吊装连接件/卸扣吊钩,载荷: 16吨；特征: 加厚,个,至少一个: 规格；型号；类型；材质；品牌；尺寸；长度；厚度；功率；包装规格；适用设备,未满足当前分组的关键规格模板。,按默认规则补齐至少一个关键规格字段。,Sheet1:605；Sheet1:679,16吨吊钩厚保险卡
REVIEW-MAT-00354,C,medium,missing_specs,变压器,电气与自动化/电源电池/电源电池,输出: 24V 5A,个,至少一个: 型号；规格；品牌；电流；电压；功率；位数,未满足当前分组的关键规格模板。,确认品牌、型号、电气参数和安装/连接方式。,Sheet1:608,24V5A变压器
REVIEW-MAT-00355,C,medium,needs_human_review,棉签,劳保用品/其他/清洁用品,类型: 棉签,包,,存在低精度或人工复核标记，需要补齐信息。,确认类型、规格、材质和安全等级。,Sheet1:1192；Sheet1:609,棉签
REVIEW-MAT-00356,C,medium,missing_specs,布手套,劳保用品/手部防护/手套,特征: 加厚、双层,双,至少一个: 类型；规格；材质；型号,未满足当前分组的关键规格模板。,确认类型、规格、材质和安全等级。,Sheet1:622,加厚双层布手套
REVIEW-MAT-00357,C,medium,low_precision_conflict,铁丝,五金备件/其他/金属丝材,规格: 12#,kg,,存在低精度或人工复核标记，需要补齐信息。,按默认规则补齐至少一个关键规格字段。,Sheet1:623,12#铁丝
REVIEW-MAT-00358,C,medium,low_precision_conflict,铁丝,五金备件/其他/金属丝材,规格: 14#,kg,,存在低精度或人工复核标记，需要补齐信息。,按默认规则补齐至少一个关键规格字段。,Sheet1:624,14#铁丝
REVIEW-MAT-00359,C,medium,specs_conflict,焊接弯头,工程建材/其他/管件,规格: 159*8；特征: 加厚；连接: 焊接,个,,存在低精度或人工复核标记，需要补齐信息。,确认规格、材质/强度等级、尺寸和包装单位。,Sheet1:625,159*8加厚弯头焊接
REVIEW-MAT-00360,C,medium,missing_specs,台式砂轮机,工具器具/电动工具/电钻角磨机,功率: 1.1kW；类型: 台式砂轮机,台,至少一个: 型号；规格；品牌；尺寸；适用设备,未满足当前分组的关键规格模板。,确认品牌、型号/规格和适用设备。,Sheet1:626,1.1千W台式沙轮机
REVIEW-MAT-00361,C,medium,missing_specs,钨钢钻头,工具器具/工具配件/工具配件,材质: 钨钢；直径: 8mm,支,至少一个: 型号；规格；品牌；尺寸；适用设备,未满足当前分组的关键规格模板。,确认品牌、型号/规格和适用设备。,Sheet1:627,钨钢钻头8厘
REVIEW-MAT-00362,C,medium,missing_specs,钨钢钻头,工具器具/工具配件/工具配件,材质: 钨钢；直径: 10mm,支,至少一个: 型号；规格；品牌；尺寸；适用设备,未满足当前分组的关键规格模板。,确认品牌、型号/规格和适用设备。,Sheet1:628,钨钢钻头10厘
REVIEW-MAT-00363,C,medium,missing_specs,钨钢钻头,工具器具/工具配件/工具配件,材质: 钨钢；直径: 12mm,支,至少一个: 型号；规格；品牌；尺寸；适用设备,未满足当前分组的关键规格模板。,确认品牌、型号/规格和适用设备。,Sheet1:629,钨钢钻头12厘
REVIEW-MAT-00364,C,medium,missing_specs,钨钢钻头,工具器具/工具配件/工具配件,材质: 钨钢；直径: 16mm,支,至少一个: 型号；规格；品牌；尺寸；适用设备,未满足当前分组的关键规格模板。,确认品牌、型号/规格和适用设备。,Sheet1:630,钨钢钻头16厘
REVIEW-MAT-00365,C,medium,needs_human_review,防盗门锁,五金备件/门锁锁具/门锁锁具,材质: 不锈钢；用途: 防盗门,个,,存在低精度或人工复核标记，需要补齐信息。,按默认规则补齐至少一个关键规格字段。,Sheet1:633,防盗门锁不锈钢
REVIEW-MAT-00366,C,medium,missing_specs,导轨五孔插座,电气与自动化/插头插座/插头插座,安装: 导轨；类型: 五孔插座,个,至少一个: 型号；规格；品牌；电流；电压；功率；位数,未满足当前分组的关键规格模板。,确认品牌、型号、电气参数和安装/连接方式。,Sheet1:635,导轨5孔插座
REVIEW-MAT-00367,C,medium,low_precision_conflict,螺母,五金备件/其他/紧固件,规格: M4,个,,存在低精度或人工复核标记，需要补齐信息。,确认规格、材质/强度等级和单位。,Sheet1:636,M4螺母
REVIEW-MAT-00368,C,medium,low_precision_conflict,螺母,五金备件/其他/紧固件,规格: M5,个,,存在低精度或人工复核标记，需要补齐信息。,确认规格、材质/强度等级和单位。,Sheet1:637,M5螺母
REVIEW-MAT-00369,C,medium,specs_conflict,槽钢,金属原材料/其他/型钢,规格: 80,米,,存在低精度或人工复核标记，需要补齐信息。,确认材质、规格尺寸和执行标准。,Sheet1:639,80槽钢
REVIEW-MAT-00370,C,medium,needs_human_review,PVC弯头,工程建材/其他/PVC管件,品牌: 公元；规格: 75；材质: PVC,个,,存在低精度或人工复核标记，需要补齐信息。,确认材质、口径/规格、连接方式和类型。,Sheet1:643,公元75pvc弯头
REVIEW-MAT-00371,C,medium,low_precision_conflict,PVC直通,工程建材/其他/PVC管件,品牌: 公元；规格: 75；材质: PVC,个,,存在低精度或人工复核标记，需要补齐信息。,确认材质、口径/规格、连接方式和类型。,Sheet1:644,公元75pvc直通
REVIEW-MAT-00372,C,medium,needs_human_review,草帽,劳保用品/其他/防晒用品,类型: 草帽,个,,存在低精度或人工复核标记，需要补齐信息。,确认类型、规格、材质和安全等级。,Sheet1:645,草帽
REVIEW-MAT-00373,C,medium,low_precision_conflict,尼龙绳,吊装索具/吊带索具/钢丝绳链条,直径: 14mm；材质: 尼龙,米,,存在低精度或人工复核标记，需要补齐信息。,按默认规则补齐至少一个关键规格字段。,Sheet1:650,∅14尼龙绳
REVIEW-MAT-00374,C,medium,needs_human_review,高强度螺丝,五金备件/其他/紧固件,强度等级: 12.9级；规格: 10*150,套,,存在低精度或人工复核标记，需要补齐信息。,确认规格、材质/强度等级和单位。,Sheet1:652,12.9级 10*150螺丝
REVIEW-MAT-00375,C,medium,specs_conflict,扎带,电气与自动化/其他/扎带,规格: 10*400,包,,存在低精度或人工复核标记，需要补齐信息。,确认品牌、型号、电气参数和安装/连接方式。,Sheet1:653,10*400扎带
REVIEW-MAT-00376,C,medium,specs_conflict,扎带,电气与自动化/其他/扎带,规格: 10*500,包,,存在低精度或人工复核标记，需要补齐信息。,确认品牌、型号、电气参数和安装/连接方式。,Sheet1:2281；Sheet1:654,10*500扎带
REVIEW-MAT-00377,C,medium,missing_specs,焊工手套,劳保用品/手部防护/手套,用途: 电焊防护,双,至少一个: 类型；规格；材质；型号,未满足当前分组的关键规格模板。,确认类型、规格、材质和安全等级。,Sheet1:1169；Sheet1:656,电焊手套
REVIEW-MAT-00378,D,high,alias_conflict,闭门器,五金备件/其他/门窗五金,规格: 大号,个,,存在阻塞冲突，不能自动放行。,先解决别名、单位或分组冲突，不要自动创建物料。,Sheet1:657,闭门器大
REVIEW-MAT-00379,C,medium,missing_specs,路锥,安全防护/警示标识/反光警示,高度: 1米,个,至少一个: 类型；规格；材质；型号,未满足当前分组的关键规格模板。,确认类型、规格、材质和安全等级。,Sheet1:658,路锥1米
REVIEW-MAT-00380,C,medium,needs_human_review,小便器感应器,工程建材/其他/洁具配件,材质: 铜；用途: 小便器,套,,存在低精度或人工复核标记，需要补齐信息。,确认规格、材质/强度等级、尺寸和包装单位。,Sheet1:661,铜小便器感应器
REVIEW-MAT-00381,C,medium,low_precision_conflict,黑模板,工程建材/其他/模板木方,尺寸: 1.22*2.44；厚度: 3.0；颜色: 黑,张,,存在低精度或人工复核标记，需要补齐信息。,确认规格、材质/强度等级、尺寸和包装单位。,Sheet1:662,1.22*2.44*3.0黑模板
REVIEW-MAT-00382,C,medium,low_precision_conflict,一位开关,电气与自动化/低压电器/开关按钮,位数: 1位；含底座: 是,套,,存在低精度或人工复核标记，需要补齐信息。,确认品牌、型号、电气参数和安装/连接方式。,Sheet1:667,1位开关带底座
REVIEW-MAT-00383,C,medium,low_precision_conflict,PVC直通,工程建材/其他/PVC管件,品牌: 公元；规格: 75,个,,存在低精度或人工复核标记，需要补齐信息。,确认材质、口径/规格、连接方式和类型。,Sheet1:670,公元75直通
REVIEW-MAT-00384,C,medium,low_precision_conflict,漏电断路器,电气与自动化/低压电器/低压电器,品牌: 施耐德；极数: 2P；电流: C40A,个,,存在低精度或人工复核标记，需要补齐信息。,确认品牌、型号、电气参数和安装/连接方式。,Sheet1:671,施耐德2PC40A漏电
REVIEW-MAT-00385,C,medium,needs_human_review,推进泵加长弯头,设备备件与加工件/金属加工件/金属加工件,加工定做: 是；适用设备: 推进泵；规格: 189；特征: 加长大弯头,套,,存在低精度或人工复核标记，需要补齐信息。,确认型号、图号、适用设备和关键尺寸。,Sheet1:674,加工定做推进泵189加长大弯头
REVIEW-MAT-00386,C,medium,missing_specs,蒸饭柜,设备备件与加工件/其他/厨房设备,品牌: 荣事达；层数: 8层；功能: 智能,个,至少一个: 型号；规格；图号；适用设备；材质,未满足当前分组的关键规格模板。,确认型号、图号、适用设备和关键尺寸。,Sheet1:678,8层荣事达智能蒸饭柜
REVIEW-MAT-00387,C,medium,low_precision_conflict,吊带,吊装索具/吊带索具/吊带,载荷: 5T；长度: 6米,付,,存在低精度或人工复核标记，需要补齐信息。,按默认规则补齐至少一个关键规格字段。,Sheet1:680,5T*6米吊带
REVIEW-MAT-00388,C,medium,low_precision_conflict,吊带,吊装索具/吊带索具/吊带,载荷: 5T；长度: 3米,付,,存在低精度或人工复核标记，需要补齐信息。,按默认规则补齐至少一个关键规格字段。,Sheet1:681,5T*3米吊带
REVIEW-MAT-00389,C,medium,low_precision_conflict,吊带,吊装索具/吊带索具/吊带,载荷: 3T；长度: 3米,付,,存在低精度或人工复核标记，需要补齐信息。,按默认规则补齐至少一个关键规格字段。,Sheet1:682,3T*3米吊带
REVIEW-MAT-00390,C,medium,needs_human_review,接触器,电气与自动化/低压电器/低压电器,品牌: 施耐德；用途: 行车；电流: 80A,个,,存在低精度或人工复核标记，需要补齐信息。,确认品牌、型号、电气参数和安装/连接方式。,Sheet1:683,施耐德行车接触器80A
REVIEW-MAT-00391,C,medium,missing_specs,合金钻头,工具器具/工具配件/工具配件,材质: 合金；直径: 6mm,个,至少一个: 型号；规格；品牌；尺寸；适用设备,未满足当前分组的关键规格模板。,确认品牌、型号/规格和适用设备。,Sheet1:685,合金钻头6厘
REVIEW-MAT-00392,C,medium,missing_specs,合金钻头,工具器具/工具配件/工具配件,材质: 合金；直径: 8mm,个,至少一个: 型号；规格；品牌；尺寸；适用设备,未满足当前分组的关键规格模板。,确认品牌、型号/规格和适用设备。,Sheet1:686,合金钻头8厘
REVIEW-MAT-00393,C,medium,missing_specs,合金钻头,工具器具/工具配件/工具配件,材质: 合金；直径: 10mm,个,至少一个: 型号；规格；品牌；尺寸；适用设备,未满足当前分组的关键规格模板。,确认品牌、型号/规格和适用设备。,Sheet1:687,合金钻头10厘
REVIEW-MAT-00394,C,medium,missing_specs,合金钻头,工具器具/工具配件/工具配件,材质: 合金；直径: 12mm,个,至少一个: 型号；规格；品牌；尺寸；适用设备,未满足当前分组的关键规格模板。,确认品牌、型号/规格和适用设备。,Sheet1:688,合金钻头12厘
REVIEW-MAT-00395,C,medium,missing_specs,合金钻头,工具器具/工具配件/工具配件,材质: 合金；直径: 14mm,个,至少一个: 型号；规格；品牌；尺寸；适用设备,未满足当前分组的关键规格模板。,确认品牌、型号/规格和适用设备。,Sheet1:689,合金钻头14厘
REVIEW-MAT-00396,C,medium,missing_specs,合金钻头,工具器具/工具配件/工具配件,材质: 合金；直径: 16mm,个,至少一个: 型号；规格；品牌；尺寸；适用设备,未满足当前分组的关键规格模板。,确认品牌、型号/规格和适用设备。,Sheet1:690,合金钻头16厘
REVIEW-MAT-00397,D,high,alias_conflict,尼龙绳,吊装索具/吊带索具/钢丝绳链条,直径: 18mm；材质: 尼龙,米,,存在阻塞冲突，不能自动放行。,先解决别名、单位或分组冲突，不要自动创建物料。,Sheet1:691,18尼龙绳
REVIEW-MAT-00398,C,medium,missing_specs,地坪漆面漆固化剂,化工油漆胶粘/油漆涂料/涂料油漆,用途: 地坪漆面漆固化剂,kg,至少一个: 类型；品牌；型号；包装规格；颜色,未满足当前分组的关键规格模板。,确认类型、品牌/型号、颜色和包装规格。,Sheet1:693；Sheet1:711,地坪漆面漆固化剂
REVIEW-MAT-00399,C,medium,low_precision_conflict,地坪漆底漆,化工油漆胶粘/油漆涂料/涂料油漆,品牌/系列: 好地坪漆；类型: 底漆,桶,,存在低精度或人工复核标记，需要补齐信息。,确认类型、品牌/型号、颜色和包装规格。,Sheet1:694,好地坪漆底漆
REVIEW-MAT-00400,C,medium,missing_specs,地坪漆底漆固化剂,化工油漆胶粘/油漆涂料/涂料油漆,用途: 地坪漆底漆固化剂,kg,至少一个: 类型；品牌；型号；包装规格；颜色,未满足当前分组的关键规格模板。,确认类型、品牌/型号、颜色和包装规格。,Sheet1:695；Sheet1:709,地坪漆底漆固化剂
REVIEW-MAT-00401,C,medium,low_precision_conflict,滚筒刷,工具器具/涂装工具/刷辊喷涂,规格: 150,支,,存在低精度或人工复核标记，需要补齐信息。,确认品牌、型号/规格和适用设备。,Sheet1:696,150滚筒
REVIEW-MAT-00402,C,medium,low_precision_conflict,滚筒刷,工具器具/涂装工具/刷辊喷涂,规格: 250,支,,存在低精度或人工复核标记，需要补齐信息。,确认品牌、型号/规格和适用设备。,Sheet1:697,250滚筒
REVIEW-MAT-00403,C,medium,missing_specs,伸缩加长杆,工具器具/涂装工具/刷辊喷涂,类型: 伸缩加长杆,支,至少一个: 型号；规格；品牌；尺寸；适用设备,未满足当前分组的关键规格模板。,确认品牌、型号/规格和适用设备。,Sheet1:698,伸缩加长杆
REVIEW-MAT-00404,C,medium,needs_human_review,六角螺丝,五金备件/其他/紧固件,规格: 10*40；类型: 六角,套,,存在低精度或人工复核标记，需要补齐信息。,确认规格、材质/强度等级和单位。,Sheet1:699,10*40六角螺丝
REVIEW-MAT-00405,C,medium,missing_specs,美纹纸,化工油漆胶粘/胶粘密封/胶粘剂,颜色: 黄色；宽度: 5cm,米,至少一个: 型号；规格；图号；适用设备；材质,未满足当前分组的关键规格模板。,确认型号、图号、适用设备和关键尺寸。,Sheet1:1103；Sheet1:701；Sheet1:712,黄色美纹纸5CM；黄色美纹纸5cm
REVIEW-MAT-00406,C,medium,low_precision_conflict,膨胀螺丝,五金备件/其他/紧固件,规格: 10*70；别名: 爆炸螺丝,个,,存在低精度或人工复核标记，需要补齐信息。,确认规格、材质/强度等级和单位。,Sheet1:704,10*70爆炸螺丝
REVIEW-MAT-00407,C,medium,needs_human_review,外墙漆,化工油漆胶粘/油漆涂料/涂料油漆,品牌: 立邦；用途: 外墙,桶,,存在低精度或人工复核标记，需要补齐信息。,确认类型、品牌/型号、颜色和包装规格。,Sheet1:706,立邦外墙漆
REVIEW-MAT-00408,C,medium,specs_conflict,方钢,金属原材料/其他/型钢,规格: 30*30*3,米,,存在低精度或人工复核标记，需要补齐信息。,确认材质、规格尺寸和执行标准。,Sheet1:707,30*30*3方钢
REVIEW-MAT-00409,C,medium,low_precision_conflict,地坪漆底漆,化工油漆胶粘/油漆涂料/涂料油漆,品牌/系列: 好地坪漆；类型: 底漆；包装: 20KG,桶,,存在低精度或人工复核标记，需要补齐信息。,确认类型、品牌/型号、颜色和包装规格。,Sheet1:708,好地坪漆底漆20KG
REVIEW-MAT-00410,C,medium,needs_human_review,注浆机活塞,设备备件与加工件/金属加工件/金属加工件,定制: 是；适用设备: 注浆机；类型: 活塞,套,,存在低精度或人工复核标记，需要补齐信息。,确认型号、图号、适用设备和关键尺寸。,Sheet1:713,定做注浆机活塞
REVIEW-MAT-00411,C,medium,specs_conflict,自喷漆,化工油漆胶粘/油漆涂料/涂料油漆,品牌: 三和；颜色: 翠绿色；类型: 自喷漆,支,,存在低精度或人工复核标记，需要补齐信息。,确认类型、品牌/型号、颜色和包装规格。,Sheet1:714,三和喷漆翠绿色
REVIEW-MAT-00412,C,medium,specs_conflict,自喷漆,化工油漆胶粘/油漆涂料/涂料油漆,颜色: 中黄；类型: 自喷漆,支,,存在低精度或人工复核标记，需要补齐信息。,确认类型、品牌/型号、颜色和包装规格。,Sheet1:715,中黄色喷漆
REVIEW-MAT-00413,C,medium,missing_specs,金刚磨片,工具器具/其他/磨切耗材,类型: 金刚磨片,个,至少一个: 型号；规格；品牌；尺寸；适用设备,未满足当前分组的关键规格模板。,确认品牌、型号/规格和适用设备。,Sheet1:716,金刚磨片
REVIEW-MAT-00414,C,medium,needs_human_review,UPVC给水管,工程建材/其他/UPVC管件,品牌: 公元；规格: 32；材质: UPVC；用途: 给水,米,,存在低精度或人工复核标记，需要补齐信息。,确认材质、口径/规格、连接方式和类型。,Sheet1:718,公元32UPVC给水管
REVIEW-MAT-00415,C,medium,needs_human_review,UPVC三通,工程建材/其他/UPVC管件,品牌: 公元；规格: 32；类型: 三通,个,,存在低精度或人工复核标记，需要补齐信息。,确认材质、口径/规格、连接方式和类型。,Sheet1:719,公元三通32
REVIEW-MAT-00416,C,medium,needs_human_review,UPVC直通,工程建材/其他/UPVC管件,规格: 32；类型: 直通,个,,存在低精度或人工复核标记，需要补齐信息。,确认材质、口径/规格、连接方式和类型。,Sheet1:720,32直通
REVIEW-MAT-00417,C,medium,needs_human_review,UPVC斜三通,工程建材/其他/UPVC管件,规格: 32；类型: 斜三通,个,,存在低精度或人工复核标记，需要补齐信息。,确认材质、口径/规格、连接方式和类型。,Sheet1:721,32斜三通
REVIEW-MAT-00418,C,medium,specs_conflict,管卡,工程建材/其他/管道紧固,规格: 32；类型: 管卡,个,,存在低精度或人工复核标记，需要补齐信息。,确认规格、材质/强度等级、尺寸和包装单位。,Sheet1:722,32管卡
REVIEW-MAT-00419,C,medium,needs_human_review,异径接头,工程建材/其他/UPVC管件,规格: 32*25；类型: 大小头/异径,个,,存在低精度或人工复核标记，需要补齐信息。,确认材质、口径/规格、连接方式和类型。,Sheet1:723,32*25大小头
REVIEW-MAT-00420,C,medium,needs_human_review,UPVC弯头,工程建材/其他/UPVC管件,规格: 32；类型: 弯头,个,,存在低精度或人工复核标记，需要补齐信息。,确认材质、口径/规格、连接方式和类型。,Sheet1:724,32弯头
REVIEW-MAT-00421,C,medium,needs_human_review,UPVC45度弯头,工程建材/其他/UPVC管件,规格: 32；角度: 45度,个,,存在低精度或人工复核标记，需要补齐信息。,确认材质、口径/规格、连接方式和类型。,Sheet1:725,32*45弯头
REVIEW-MAT-00422,C,medium,missing_specs,立式排污泵,设备备件与加工件/设备专用备件/设备备件,功率: 2.2kW；安装: 立式；类型: 排污泵,台,至少一个: 型号；规格；图号；适用设备；材质,未满足当前分组的关键规格模板。,确认型号、图号、适用设备和关键尺寸。,Sheet1:734,2.2千瓦立式排污泵
REVIEW-MAT-00423,C,medium,low_precision_conflict,PPR阀门,工程建材/水暖建材/水暖五金,品牌: 公元；规格: 90；材质: PPR,个,,存在低精度或人工复核标记，需要补齐信息。,确认材质、口径/规格、连接方式和类型。,Sheet1:737,公元90PPR阀门
REVIEW-MAT-00424,D,high,alias_conflict,编织袋,包装与标识/袋箱膜包装/袋箱膜,类型: 编织袋,个,,存在阻塞冲突，不能自动放行。,先解决别名、单位或分组冲突，不要自动创建物料。,Sheet1:1037；Sheet1:738；Sheet1:878；Sheet1:953,编织袋
REVIEW-MAT-00425,C,medium,missing_specs,高帮劳保鞋,劳保用品/其他/足部防护,特征: 进口、高帮,双,至少一个: 类型；规格；材质；型号,未满足当前分组的关键规格模板。,确认类型、规格、材质和安全等级。,Sheet1:739,进口高帮劳保鞋
REVIEW-MAT-00426,D,high,alias_conflict,床垫,行政办公与清洁/生活后勤/生活用品,类型: 床垫,个,,存在阻塞冲突，不能自动放行。,先解决别名、单位或分组冲突，不要自动创建物料。,Sheet1:2767；Sheet1:740,床垫
REVIEW-MAT-00427,C,medium,needs_human_review,被子,行政办公与清洁/生活后勤/生活用品,类型: 被子,个,,存在低精度或人工复核标记，需要补齐信息。,确认规格、品牌和包装单位。,Sheet1:741,被子
REVIEW-MAT-00428,C,medium,needs_human_review,枕头,行政办公与清洁/生活后勤/生活用品,类型: 枕头,个,,存在低精度或人工复核标记，需要补齐信息。,确认规格、品牌和包装单位。,Sheet1:2688；Sheet1:2768；Sheet1:742,枕头
REVIEW-MAT-00429,C,medium,needs_human_review,床品四件套,行政办公与清洁/生活后勤/生活用品,类型: 四件套,套,,存在低精度或人工复核标记，需要补齐信息。,确认规格、品牌和包装单位。,Sheet1:743,四件套
REVIEW-MAT-00430,C,medium,needs_human_review,环卫夹,劳保用品/其他/清洁工具,类型: 环卫夹,个,,存在低精度或人工复核标记，需要补齐信息。,确认类型、规格、材质和安全等级。,Sheet1:745,环卫夹
REVIEW-MAT-00431,C,medium,needs_human_review,镀锌堵头,工程建材/其他/管件,规格: 25；表面: 镀锌；类型: 堵头,个,,存在低精度或人工复核标记，需要补齐信息。,确认规格、材质/强度等级、尺寸和包装单位。,Sheet1:746,25镀锌堵头
REVIEW-MAT-00432,C,medium,low_precision_conflict,冲击钻头,工具器具/工具配件/工具配件,品牌: 方大同；规格: 18*800,支,,存在低精度或人工复核标记，需要补齐信息。,确认品牌、型号/规格和适用设备。,Sheet1:747,方大同18*800冲击钻头
REVIEW-MAT-00433,C,medium,needs_human_review,高压变径接头,设备备件与加工件/金属加工件/金属加工件,定制: 是；规格: 36*3+36；类型: 变头,个,,存在低精度或人工复核标记，需要补齐信息。,确认型号、图号、适用设备和关键尺寸。,Sheet1:750,定做36*3+36高压变头
REVIEW-MAT-00434,C,medium,low_precision_conflict,吊带,吊装索具/吊带索具/吊带,载荷: 5T；长度: 8米,付,,存在低精度或人工复核标记，需要补齐信息。,按默认规则补齐至少一个关键规格字段。,Sheet1:751,5T*8米吊带
REVIEW-MAT-00435,D,high,alias_conflict,生料带,工程建材/水暖建材/水暖五金,类型: 生料带,个,,存在阻塞冲突，不能自动放行。,先解决别名、单位或分组冲突，不要自动创建物料。,Sheet1:752,生料带
REVIEW-MAT-00436,C,medium,needs_human_review,高压外丝变径接头,设备备件与加工件/金属加工件/金属加工件,定制: 是；规格: M36变1寸；连接: 外丝,个,,存在低精度或人工复核标记，需要补齐信息。,确认型号、图号、适用设备和关键尺寸。,Sheet1:754,定做M36变1寸高压外丝
REVIEW-MAT-00437,C,medium,needs_human_review,地线,电气与自动化/电线电缆与敷设/电线电缆,品牌: 起帆；截面积: 6平方；用途: 地线,米,,存在低精度或人工复核标记，需要补齐信息。,确认品牌、型号、电气参数和安装/连接方式。,Sheet1:755,6平方起帆地线
REVIEW-MAT-00438,C,medium,missing_specs,洗衣机进水管,工程建材/水暖建材/水暖五金,长度: 2米；用途: 洗衣机,条,至少一个: 规格；口径；DN；材质；类型,未满足当前分组的关键规格模板。,确认材质、口径/规格、连接方式和类型。,Sheet1:760,2米洗衣机管
REVIEW-MAT-00439,C,medium,specs_conflict,五坑钻头,工具器具/工具配件/工具配件,品牌: 方大同；规格: 40*1200；柄型: 五坑,个,,存在低精度或人工复核标记，需要补齐信息。,确认品牌、型号/规格和适用设备。,Sheet1:761,方大同40*1200五孔钻头
REVIEW-MAT-00440,D,high,alias_conflict,五孔插座,电气与自动化/插头插座/插头插座,品牌: 公牛；类型: 五孔插座,个,,存在阻塞冲突，不能自动放行。,先解决别名、单位或分组冲突，不要自动创建物料。,Sheet1:762,公牛五孔插座
REVIEW-MAT-00441,D,high,alias_conflict,PPR管,工程建材/水暖建材/水暖五金,品牌: 公元；规格: 25；材质: PPR,米,,存在阻塞冲突，不能自动放行。,先解决别名、单位或分组冲突，不要自动创建物料。,Sheet1:1309；Sheet1:765,公元25PPR管
REVIEW-MAT-00442,C,medium,specs_conflict,PPR接头,工程建材/水暖建材/水暖五金,品牌: 公元；规格: 25；材质: PPR,个,,存在低精度或人工复核标记，需要补齐信息。,确认材质、口径/规格、连接方式和类型。,Sheet1:766,公元25PPR接头
REVIEW-MAT-00443,C,medium,low_precision_conflict,PPR内牙三通,工程建材/水暖建材/水暖五金,品牌: 公元；规格: 25；材质: PPR；连接: 内牙；类型: 三通,个,,存在低精度或人工复核标记，需要补齐信息。,确认材质、口径/规格、连接方式和类型。,Sheet1:767,公元25PPR内牙三通
REVIEW-MAT-00444,C,medium,needs_human_review,PPR外牙直通,工程建材/水暖建材/水暖五金,品牌: 公元；规格: 25；材质: PPR；连接: 外牙；类型: 直通,个,,存在低精度或人工复核标记，需要补齐信息。,确认材质、口径/规格、连接方式和类型。,Sheet1:768,公元25PPR外牙直通
REVIEW-MAT-00445,C,medium,needs_human_review,LED灯管,电气与自动化/照明与报警/灯具,功率: 38W；类型: LED灯管,个,,存在低精度或人工复核标记，需要补齐信息。,确认品牌、型号、电气参数和安装/连接方式。,Sheet1:769；Sheet1:788,38WLED灯管
REVIEW-MAT-00446,D,high,alias_conflict,金属测绳,工具器具/量具测量/量具测量,材质: 金属,米,至少一个: 型号；规格；品牌；尺寸；适用设备,存在阻塞冲突，不能自动放行。,先解决别名、单位或分组冲突，不要自动创建物料。,Sheet1:770,金属测绳
REVIEW-MAT-00447,C,medium,needs_human_review,不锈钢丝网,五金备件/其他/金属网,材质: 不锈钢,米,,存在低精度或人工复核标记，需要补齐信息。,按默认规则补齐至少一个关键规格字段。,Sheet1:771,不锈钢铁丝网
REVIEW-MAT-00448,C,medium,needs_human_review,防护安全网,安全防护/隔离防护/防护网,规格: 3000；特征: 加厚,个,,存在低精度或人工复核标记，需要补齐信息。,确认类型、规格、材质和安全等级。,Sheet1:772,加厚3000防护安全网
REVIEW-MAT-00449,C,medium,specs_conflict,方钢,金属原材料/其他/型钢,规格: 25*25,米,,存在低精度或人工复核标记，需要补齐信息。,确认材质、规格尺寸和执行标准。,Sheet1:775,25*25方钢
REVIEW-MAT-00450,C,medium,low_precision_conflict,排风扇,电气与自动化/其他/通风设备,规格: 10寸,个,,存在低精度或人工复核标记，需要补齐信息。,确认品牌、型号、电气参数和安装/连接方式。,Sheet1:776,10寸排风扇
REVIEW-MAT-00451,C,medium,low_precision_conflict,插座,电气与自动化/插头插座/插头插座,品牌: 公牛；孔位: 8孔,个,,存在低精度或人工复核标记，需要补齐信息。,确认品牌、型号、电气参数和安装/连接方式。,Sheet1:778,8孔公牛插座
REVIEW-MAT-00452,C,medium,needs_human_review,五点式双钩安全绳,劳保用品/其他/坠落防护,类型: 五点式；挂钩: 双钩,套,,存在低精度或人工复核标记，需要补齐信息。,确认类型、规格、材质和安全等级。,Sheet1:779,五点式双钩安全绳
REVIEW-MAT-00453,C,medium,missing_specs,普通硅酸盐水泥,工程建材/水泥砂石/水泥砂石,标号: PO42.5,包,至少一个: 规格；型号；材质；厚度；尺寸；包装规格；强度等级,未满足当前分组的关键规格模板。,确认规格、材质/强度等级、尺寸和包装单位。,Sheet1:1005；Sheet1:1008；Sheet1:1011；Sheet1:1013；Sheet1:1026；Sheet1:782；Sheet1:990；Sheet1:996,PO42.5水泥；po42.5水泥
REVIEW-MAT-00454,C,medium,needs_human_review,对讲机,电气与自动化/其他/通讯设备,品牌: 长城；型号: A99；特征: 高功率,个,,存在低精度或人工复核标记，需要补齐信息。,确认品牌、型号、电气参数和安装/连接方式。,Sheet1:783；Sheet1:842；Sheet1:846,A99长城高功率对讲机
REVIEW-MAT-00455,C,medium,specs_conflict,电缆线,电气与自动化/电线电缆与敷设/电线电缆,品牌: 起帆；规格: 3*4+2*2.5,米,,存在低精度或人工复核标记，需要补齐信息。,确认品牌、型号、电气参数和安装/连接方式。,Sheet1:1305；Sheet1:2258；Sheet1:785；Sheet1:828,3*4+2*2.5起帆电缆；3*4+2*2.5起帆电缆线；起帆3*4+2*2.5电线
REVIEW-MAT-00456,C,medium,specs_conflict,电缆线,电气与自动化/电线电缆与敷设/电线电缆,品牌: 起帆；规格: 3*1.5,米,,存在低精度或人工复核标记，需要补齐信息。,确认品牌、型号、电气参数和安装/连接方式。,Sheet1:2026；Sheet1:786；Sheet1:790,3*1.5起帆电缆线
REVIEW-MAT-00457,C,medium,specs_conflict,螺丝,五金备件/其他/紧固件,规格: 14*180,套,,存在低精度或人工复核标记，需要补齐信息。,确认规格、材质/强度等级和单位。,Sheet1:791,14*180螺丝
REVIEW-MAT-00458,C,medium,low_precision_conflict,螺母,五金备件/其他/紧固件,规格: 14,个,,存在低精度或人工复核标记，需要补齐信息。,确认规格、材质/强度等级和单位。,Sheet1:792,14螺母
REVIEW-MAT-00459,C,medium,low_precision_conflict,平垫片,五金备件/其他/紧固件,规格: 14,个,,存在低精度或人工复核标记，需要补齐信息。,确认规格、材质/强度等级和单位。,Sheet1:793,14垫片
REVIEW-MAT-00460,C,medium,specs_conflict,弹簧垫片,五金备件/其他/紧固件,规格: 14,个,,存在低精度或人工复核标记，需要补齐信息。,确认规格、材质/强度等级和单位。,Sheet1:794,14弹簧垫片
REVIEW-MAT-00461,C,medium,specs_conflict,钻头,工具器具/工具配件/工具配件,规格: 16*100,个,,存在低精度或人工复核标记，需要补齐信息。,确认品牌、型号/规格和适用设备。,Sheet1:795,16*100钻头
REVIEW-MAT-00462,C,medium,missing_specs,吨袋,包装与标识/袋箱膜包装/袋箱膜,承重/容量: 1.5吨,个,至少一个: 规格；型号；类型；材质；品牌；尺寸；长度；厚度；功率；包装规格；适用设备,未满足当前分组的关键规格模板。,按默认规则补齐至少一个关键规格字段。,Sheet1:800,1.5吨袋
REVIEW-MAT-00463,C,medium,missing_specs,土工布,工程建材/其他/土工材料,类型: 土工布,米,至少一个: 规格；型号；材质；厚度；尺寸；包装规格；强度等级,未满足当前分组的关键规格模板。,确认规格、材质/强度等级、尺寸和包装单位。,Sheet1:801,土工布
REVIEW-MAT-00464,C,medium,needs_human_review,风镐,工具器具/气动工具/气动工具,型号: G150,台,,存在低精度或人工复核标记，需要补齐信息。,确认品牌、型号/规格和适用设备。,Sheet1:803,G150风镐
REVIEW-MAT-00465,D,high,alias_conflict,羊毛刷,工具器具/涂装工具/刷辊喷涂,规格: 4寸；材质: 羊毛,支,,存在阻塞冲突，不能自动放行。,先解决别名、单位或分组冲突，不要自动创建物料。,Sheet1:806；Sheet1:815,4寸 羊毛刷；4寸羊毛刷
REVIEW-MAT-00466,C,medium,needs_human_review,丝锥,工具器具/工具配件/工具配件,规格: M20,支,,存在低精度或人工复核标记，需要补齐信息。,确认品牌、型号/规格和适用设备。,Sheet1:811,M20丝锥
REVIEW-MAT-00467,C,medium,missing_specs,万能胶,化工油漆胶粘/胶粘密封/胶粘剂,类型: 万能胶,桶,至少一个: 型号；规格；图号；适用设备；材质,未满足当前分组的关键规格模板。,确认型号、图号、适用设备和关键尺寸。,Sheet1:814,万能胶
REVIEW-MAT-00468,C,medium,needs_human_review,注浆管,工程建材/保温防水/防水堵漏,规格: DN25,米,,存在低精度或人工复核标记，需要补齐信息。,确认规格、材质/强度等级、尺寸和包装单位。,Sheet1:817,DN25注浆管
REVIEW-MAT-00469,C,medium,missing_specs,混凝土圆斗,工具器具/其他/料斗,容量: 3立方；用途: 混凝土,个,至少一个: 型号；规格；品牌；尺寸；适用设备,未满足当前分组的关键规格模板。,确认品牌、型号/规格和适用设备。,Sheet1:822,3立方混凝土圆斗
REVIEW-MAT-00470,C,medium,needs_human_review,钢箱,设备备件与加工件/金属加工件/金属加工件,加工定做: 是；容量: 4立方；材质: 钢,个,,存在低精度或人工复核标记，需要补齐信息。,确认型号、图号、适用设备和关键尺寸。,Sheet1:823,加工定做4立方钢箱
REVIEW-MAT-00471,C,medium,low_precision_conflict,膨胀螺丝,五金备件/其他/紧固件,规格: M12*80,个,,存在低精度或人工复核标记，需要补齐信息。,确认规格、材质/强度等级和单位。,Sheet1:824,M12*80膨胀螺丝
REVIEW-MAT-00472,D,high,alias_conflict,一次性雨衣,劳保用品/其他/雨具,类型: 一次性,套,,存在阻塞冲突，不能自动放行。,先解决别名、单位或分组冲突，不要自动创建物料。,Sheet1:825；Sheet1:885,一次性雨衣
REVIEW-MAT-00473,C,medium,specs_conflict,电缆线,电气与自动化/电线电缆与敷设/电线电缆,品牌: 起帆；规格: 3*2.5,米,,存在低精度或人工复核标记，需要补齐信息。,确认品牌、型号、电气参数和安装/连接方式。,Sheet1:2025；Sheet1:827,3*2.5起帆电缆；3*2.5起帆电缆线
REVIEW-MAT-00474,C,medium,specs_conflict,花篮螺丝,吊装索具/其他/拉紧器,规格: M20；类型: 花篮,个,,存在低精度或人工复核标记，需要补齐信息。,按默认规则补齐至少一个关键规格字段。,Sheet1:829,M20花篮
REVIEW-MAT-00475,C,medium,missing_specs,卷扬机,吊装索具/其他/起重设备,载荷: 1吨,台,至少一个: 规格；型号；类型；材质；品牌；尺寸；长度；厚度；功率；包装规格；适用设备,未满足当前分组的关键规格模板。,按默认规则补齐至少一个关键规格字段。,Sheet1:830,1吨卷扬机
REVIEW-MAT-00476,C,medium,missing_specs,钢丝绳,吊装索具/吊带索具/钢丝绳链条,直径: 16mm,米,至少一个: 规格；型号；类型；材质；品牌；尺寸；长度；厚度；功率；包装规格；适用设备,未满足当前分组的关键规格模板。,按默认规则补齐至少一个关键规格字段。,Sheet1:831,16厘钢丝绳
REVIEW-MAT-00477,C,medium,missing_specs,卸扣,吊装索具/吊装连接件/卸扣吊钩,载荷: 8.5T,个,至少一个: 规格；型号；类型；材质；品牌；尺寸；长度；厚度；功率；包装规格；适用设备,未满足当前分组的关键规格模板。,按默认规则补齐至少一个关键规格字段。,Sheet1:832,8.5T卸扣
REVIEW-MAT-00478,D,high,alias_conflict,卸扣,吊装索具/吊装连接件/卸扣吊钩,载荷: 3T,个,至少一个: 规格；型号；类型；材质；品牌；尺寸；长度；厚度；功率；包装规格；适用设备,存在阻塞冲突，不能自动放行。,先解决别名、单位或分组冲突，不要自动创建物料。,Sheet1:833,3T卸扣
REVIEW-MAT-00479,C,medium,needs_human_review,钢筋扎丝,五金备件/其他/金属丝材,长度: 50cm；包装: 5kg,个,,存在低精度或人工复核标记，需要补齐信息。,按默认规则补齐至少一个关键规格字段。,Sheet1:834,50CM*5kg钢筋扎丝
REVIEW-MAT-00480,C,medium,missing_specs,汽油桶,工具器具/其他/容器,容量: 20L；用途: 汽油,个,至少一个: 型号；规格；品牌；尺寸；适用设备,未满足当前分组的关键规格模板。,确认品牌、型号/规格和适用设备。,Sheet1:835,20L汽油桶
REVIEW-MAT-00481,C,medium,specs_conflict,齿轮油,化工油漆胶粘/油品化学品/润滑油脂,型号: HL-20,升,,存在低精度或人工复核标记，需要补齐信息。,确认类型、品牌/型号、颜色和包装规格。,Sheet1:836,HL-20齿轮油
REVIEW-MAT-00482,C,medium,specs_conflict,焊条,焊接焊割/其他/焊材,直径: 5.0,个,,存在低精度或人工复核标记，需要补齐信息。,确认型号、直径/规格、材质和包装。,Sheet1:837,5.0电焊条
REVIEW-MAT-00483,C,medium,specs_conflict,焊条,焊接焊割/其他/焊材,直径: 4.0,个,,存在低精度或人工复核标记，需要补齐信息。,确认型号、直径/规格、材质和包装。,Sheet1:838；Sheet1:960,4.0电焊条
REVIEW-MAT-00484,C,medium,missing_specs,植筋胶,化工油漆胶粘/胶粘密封/胶粘剂,类型: 注射式,支,至少一个: 型号；规格；图号；适用设备；材质,未满足当前分组的关键规格模板。,确认型号、图号、适用设备和关键尺寸。,Sheet1:840,注射式植筋胶
REVIEW-MAT-00485,C,medium,low_precision_conflict,铁钉,五金备件/其他/紧固件,规格: 3寸,kg,,存在低精度或人工复核标记，需要补齐信息。,确认规格、材质/强度等级和单位。,Sheet1:845,3寸铁钉
REVIEW-MAT-00486,C,medium,missing_specs,电源适配器,电气与自动化/电源电池/电源电池,输出: 12V 1A,个,至少一个: 型号；规格；品牌；电流；电压；功率；位数,未满足当前分组的关键规格模板。,确认品牌、型号、电气参数和安装/连接方式。,Sheet1:847,12V1A适配器
REVIEW-MAT-00487,C,medium,specs_conflict,反射片,安全防护/警示标识/反光警示,规格: 3*3,片,,存在低精度或人工复核标记，需要补齐信息。,确认类型、规格、材质和安全等级。,Sheet1:848,3*3反射片
REVIEW-MAT-00488,C,medium,specs_conflict,反射片,安全防护/警示标识/反光警示,规格: 5*5,片,,存在低精度或人工复核标记，需要补齐信息。,确认类型、规格、材质和安全等级。,Sheet1:849,5*5反射片
REVIEW-MAT-00489,C,medium,needs_human_review,海绵拖把,劳保用品/其他/清洁工具,特征: 加长；材质: 海绵,把,,存在低精度或人工复核标记，需要补齐信息。,确认类型、规格、材质和安全等级。,Sheet1:851,加长海绵拖把
REVIEW-MAT-00490,C,medium,needs_human_review,钢丝增强管,工程建材/其他/软管,规格: 1寸；结构: 钢丝增强,米,,存在低精度或人工复核标记，需要补齐信息。,确认规格、材质/强度等级、尺寸和包装单位。,Sheet1:853,1寸钢丝增强管
REVIEW-MAT-00491,C,medium,needs_human_review,PPR热熔管,工程建材/水暖建材/水暖五金,规格: 4分；材质: PPR；连接: 热熔,米,,存在低精度或人工复核标记，需要补齐信息。,确认材质、口径/规格、连接方式和类型。,Sheet1:862,4分PPR热融管
REVIEW-MAT-00492,C,medium,specs_conflict,扎带,电气与自动化/其他/扎带,规格: 10*50；包装: 200根/包,包,,存在低精度或人工复核标记，需要补齐信息。,确认品牌、型号、电气参数和安装/连接方式。,Sheet1:863,10*50扎带200根
REVIEW-MAT-00493,C,medium,specs_conflict,顶托,工程建材/其他/脚手架配件,规格: 30*500；特征: 厚,支,,存在低精度或人工复核标记，需要补齐信息。,确认规格、材质/强度等级、尺寸和包装单位。,Sheet1:864,30*500厚顶托
REVIEW-MAT-00494,D,high,alias_conflict,电焊钳,焊接焊割/其他/焊割工具,电流: 500A,支,至少一个: 型号；规格；直径；材质；类型,存在阻塞冲突，不能自动放行。,先解决别名、单位或分组冲突，不要自动创建物料。,Sheet1:868,500A电焊钳
REVIEW-MAT-00495,C,medium,missing_specs,深井潜水泵,设备备件与加工件/设备专用备件/设备备件,功率: 1.1kW；类型: 深井潜水泵,台,至少一个: 型号；规格；图号；适用设备；材质,未满足当前分组的关键规格模板。,确认型号、图号、适用设备和关键尺寸。,Sheet1:869；Sheet1:984,1.1千瓦深井潜水泵
REVIEW-MAT-00496,C,medium,missing_specs,海绵双面胶,化工油漆胶粘/胶粘密封/胶粘剂,基材: 海绵；类型: 双面胶,卷,至少一个: 型号；规格；图号；适用设备；材质,未满足当前分组的关键规格模板。,确认型号、图号、适用设备和关键尺寸。,Sheet1:870,海绵双面胶
REVIEW-MAT-00497,C,medium,missing_specs,污水泵,设备备件与加工件/设备专用备件/设备备件,功率: 1.5kW；类型: 污水泵,台,至少一个: 型号；规格；图号；适用设备；材质,未满足当前分组的关键规格模板。,确认型号、图号、适用设备和关键尺寸。,Sheet1:871；Sheet1:988,1.5千瓦污水泵
REVIEW-MAT-00498,C,medium,needs_human_review,PPR热熔接头,工程建材/水暖建材/水暖五金,规格: 4分；连接: 热熔,个,,存在低精度或人工复核标记，需要补齐信息。,确认材质、口径/规格、连接方式和类型。,Sheet1:872,4分热熔接头
REVIEW-MAT-00499,C,medium,needs_human_review,镀锌管,金属原材料/其他/钢管,规格: DN20；表面: 镀锌,米,,存在低精度或人工复核标记，需要补齐信息。,确认材质、规格尺寸和执行标准。,Sheet1:874,DN20镀锌管
REVIEW-MAT-00500,D,high,alias_conflict,记号笔,行政办公与清洁/其他/标识耗材,颜色: 黑色,支,至少一个: 规格；类型；品牌；包装规格,存在阻塞冲突，不能自动放行。,先解决别名、单位或分组冲突，不要自动创建物料。,Sheet1:880；Sheet1:954,黑色笔；黑色记号笔
REVIEW-MAT-00501,C,medium,missing_specs,彩条布,工程建材/其他/防护覆盖,宽度: 4米,平方,至少一个: 规格；型号；材质；厚度；尺寸；包装规格；强度等级,未满足当前分组的关键规格模板。,确认规格、材质/强度等级、尺寸和包装单位。,Sheet1:886,4米彩条布
REVIEW-MAT-00502,C,medium,needs_human_review,止水蝴蝶扣,工程建材/其他/止水紧固,规格: 16*600,套,,存在低精度或人工复核标记，需要补齐信息。,确认规格、材质/强度等级、尺寸和包装单位。,Sheet1:887,16*600止水蝴蝶扣
REVIEW-MAT-00503,D,high,alias_conflict,螺母,五金备件/其他/紧固件,规格: 16,个,,存在阻塞冲突，不能自动放行。,先解决别名、单位或分组冲突，不要自动创建物料。,Sheet1:1406；Sheet1:888,16螺母
REVIEW-MAT-00504,C,medium,needs_human_review,加长套筒,工具器具/其他/手动工具,规格: 18*200；特征: 加长,个,,存在低精度或人工复核标记，需要补齐信息。,确认品牌、型号/规格和适用设备。,Sheet1:889,18*200加长套筒
REVIEW-MAT-00505,C,medium,specs_conflict,顶托,工程建材/其他/脚手架配件,规格: 38*600；特征: 厚,套,,存在低精度或人工复核标记，需要补齐信息。,确认规格、材质/强度等级、尺寸和包装单位。,Sheet1:890,38*600厚顶托
REVIEW-MAT-00506,C,medium,missing_specs,中砂,工程建材/水泥砂石/水泥砂石,类型: 中砂,包,至少一个: 规格；型号；材质；厚度；尺寸；包装规格；强度等级,未满足当前分组的关键规格模板。,确认规格、材质/强度等级、尺寸和包装单位。,Sheet1:896,中沙
REVIEW-MAT-00507,D,high,alias_conflict,垃圾桶,劳保用品/其他/清洁工具,规格: 大号,个,,存在阻塞冲突，不能自动放行。,先解决别名、单位或分组冲突，不要自动创建物料。,Sheet1:901,大垃圾桶
REVIEW-MAT-00508,D,high,alias_conflict,编织袋,包装与标识/袋箱膜包装/袋箱膜,规格: 大号,个,,存在阻塞冲突，不能自动放行。,先解决别名、单位或分组冲突，不要自动创建物料。,Sheet1:1000；Sheet1:1006；Sheet1:1036；Sheet1:902；Sheet1:929；Sheet1:985,大号编织袋；大编织袋
REVIEW-MAT-00509,C,medium,specs_conflict,调和漆,化工油漆胶粘/油漆涂料/涂料油漆,颜色: 黑色；类型: 调和漆,桶,,存在低精度或人工复核标记，需要补齐信息。,确认类型、品牌/型号、颜色和包装规格。,Sheet1:907；Sheet1:981,黑色调和漆
REVIEW-MAT-00510,C,medium,needs_human_review,LED浴室灯,电气与自动化/照明与报警/灯具,功率: 50W；类型: 浴室灯,个,,存在低精度或人工复核标记，需要补齐信息。,确认品牌、型号、电气参数和安装/连接方式。,Sheet1:909,50WLED浴室灯
REVIEW-MAT-00511,C,medium,specs_conflict,彩钢瓦,工程建材/板材型材/板材,规格: 1*0.84,米,,存在低精度或人工复核标记，需要补齐信息。,确认规格、材质/强度等级、尺寸和包装单位。,Sheet1:910,1*0.84彩钢瓦
REVIEW-MAT-00512,C,medium,specs_conflict,彩钢瓦,工程建材/板材型材/板材,规格: 1.6*0.84,米,,存在低精度或人工复核标记，需要补齐信息。,确认规格、材质/强度等级、尺寸和包装单位。,Sheet1:911,1.6*0.84彩钢瓦
REVIEW-MAT-00513,C,medium,missing_specs,止水针头,工程建材/保温防水/防水堵漏,长度: 10cm,个,至少一个: 规格；型号；材质；厚度；尺寸；包装规格；强度等级,未满足当前分组的关键规格模板。,确认规格、材质/强度等级、尺寸和包装单位。,Sheet1:912,止水针头10CM
REVIEW-MAT-00514,C,medium,missing_specs,止水针头,工程建材/保温防水/防水堵漏,长度: 15cm,个,至少一个: 规格；型号；材质；厚度；尺寸；包装规格；强度等级,未满足当前分组的关键规格模板。,确认规格、材质/强度等级、尺寸和包装单位。,Sheet1:913,止水针头15CM
REVIEW-MAT-00515,C,medium,specs_conflict,聚氨酯堵漏剂,化工油漆胶粘/其他/堵漏材料,类型: 油性；材质: 聚氨酯,kg,,存在低精度或人工复核标记，需要补齐信息。,确认类型、品牌/型号、颜色和包装规格。,Sheet1:1023；Sheet1:1034；Sheet1:915；Sheet1:976,油性聚氨酯堵漏剂
REVIEW-MAT-00516,C,medium,specs_conflict,聚氨酯堵漏剂,化工油漆胶粘/其他/堵漏材料,类型: 水性；材质: 聚氨酯,kg,,存在低精度或人工复核标记，需要补齐信息。,确认类型、品牌/型号、颜色和包装规格。,Sheet1:1024；Sheet1:916；Sheet1:975,水性聚氨酯堵漏剂
REVIEW-MAT-00517,C,medium,needs_human_review,长螺杆,五金备件/其他/紧固件,规格: 14*200；类型: 长螺杆,套,,存在低精度或人工复核标记，需要补齐信息。,确认规格、材质/强度等级和单位。,Sheet1:918,14*200长螺杆
REVIEW-MAT-00518,C,medium,missing_specs,防火涂层测厚仪,工具器具/其他/检测仪器,用途: 防火涂层测厚,台,至少一个: 型号；规格；品牌；尺寸；适用设备,未满足当前分组的关键规格模板。,确认品牌、型号/规格和适用设备。,Sheet1:921,防火涂层测厚仪
REVIEW-MAT-00519,C,medium,missing_specs,防水网线对接头,电气与自动化/其他/弱电材料,特征: 防水；用途: 网络对接,个,至少一个: 型号；规格；品牌；电流；电压；功率；位数,未满足当前分组的关键规格模板。,确认品牌、型号、电气参数和安装/连接方式。,Sheet1:924,防水网络对接头
REVIEW-MAT-00520,C,medium,needs_human_review,钢丝绳夹头,吊装索具/吊带索具/钢丝绳链条,规格: M10,个,,存在低精度或人工复核标记，需要补齐信息。,按默认规则补齐至少一个关键规格字段。,Sheet1:925,M10钢丝绳夹头
REVIEW-MAT-00521,C,medium,specs_conflict,编织袋,包装与标识/袋箱膜包装/袋箱膜,规格: 小号,个,,存在低精度或人工复核标记，需要补齐信息。,按默认规则补齐至少一个关键规格字段。,Sheet1:930,小编织袋
REVIEW-MAT-00522,C,medium,missing_specs,防坠安全网,设备备件与加工件/金属加工件/金属加工件,定制: 是；用途: 防坠,平方,至少一个: 型号；规格；图号；适用设备；材质,未满足当前分组的关键规格模板。,确认型号、图号、适用设备和关键尺寸。,Sheet1:931,定做防坠安全网
REVIEW-MAT-00523,C,medium,needs_human_review,橡胶支座,设备备件与加工件/金属加工件/金属加工件,定制: 是；材质: 橡胶；类型: 支座,个,,存在低精度或人工复核标记，需要补齐信息。,确认型号、图号、适用设备和关键尺寸。,Sheet1:933,定做橡胶支座
REVIEW-MAT-00524,C,medium,needs_human_review,电子血压计,劳保用品/其他/急救用品,品牌: 鱼跃；类型: 电子血压计,台,,存在低精度或人工复核标记，需要补齐信息。,确认类型、规格、材质和安全等级。,Sheet1:935,鱼跃电子血压计
REVIEW-MAT-00525,C,medium,needs_human_review,太阳能LED灯,电气与自动化/照明与报警/灯具,品牌: 公牛；功率: 80W；供电: 太阳能,套,,存在低精度或人工复核标记，需要补齐信息。,确认品牌、型号、电气参数和安装/连接方式。,Sheet1:938,公牛80w太阳能LED灯
REVIEW-MAT-00526,C,medium,needs_human_review,安全帽一字带,劳保用品/其他/头部防护配件,适用: 安全帽；类型: 一字带,个,,存在低精度或人工复核标记，需要补齐信息。,确认类型、规格、材质和安全等级。,Sheet1:939,安全帽一字带
REVIEW-MAT-00527,C,medium,needs_human_review,LED灯带,电气与自动化/照明与报警/灯具,品牌: 雷士；电压: 36V；灯珠: 120珠,米,,存在低精度或人工复核标记，需要补齐信息。,确认品牌、型号、电气参数和安装/连接方式。,Sheet1:940,雷士36V120珠灯带LED
REVIEW-MAT-00528,C,medium,needs_human_review,开关电源,电气与自动化/电源电池/电源电池,输出电压: 36V；功率: 400W,个,,存在低精度或人工复核标记，需要补齐信息。,确认品牌、型号、电气参数和安装/连接方式。,Sheet1:941；Sheet1:987,36V 400w电源
REVIEW-MAT-00529,C,medium,missing_specs,潜水泵,设备备件与加工件/设备专用备件/设备备件,电压: 380V；功率: 2.2kW,台,至少一个: 型号；规格；图号；适用设备；材质,未满足当前分组的关键规格模板。,确认型号、图号、适用设备和关键尺寸。,Sheet1:942,380V 2.2千w潜水泵
REVIEW-MAT-00530,C,medium,specs_conflict,五坑钻头,工具器具/工具配件/工具配件,品牌: 方大同；规格: 35*500；柄型: 五坑,支,,存在低精度或人工复核标记，需要补齐信息。,确认品牌、型号/规格和适用设备。,Sheet1:944,方大同35*500五坑钻头
REVIEW-MAT-00531,C,medium,low_precision_conflict,冲击钻头,工具器具/工具配件/工具配件,品牌: 方大同；规格: 18*400,支,,存在低精度或人工复核标记，需要补齐信息。,确认品牌、型号/规格和适用设备。,Sheet1:945,方大同18x400冲击钻头
REVIEW-MAT-00532,C,medium,low_precision_conflict,冲击钻头,工具器具/工具配件/工具配件,品牌: 方大同；规格: 30*400,支,,存在低精度或人工复核标记，需要补齐信息。,确认品牌、型号/规格和适用设备。,Sheet1:946,方大同30x400冲击钻头
REVIEW-MAT-00533,C,medium,missing_specs,黑扎丝,五金备件/其他/金属丝材,直径: 1mm；颜色: 黑色,米,至少一个: 规格；型号；类型；材质；品牌；尺寸；长度；厚度；功率；包装规格；适用设备,未满足当前分组的关键规格模板。,按默认规则补齐至少一个关键规格字段。,Sheet1:951,1mm黑扎丝
REVIEW-MAT-00534,C,medium,missing_specs,黑扎丝,五金备件/其他/金属丝材,直径: 2mm；颜色: 黑色,米,至少一个: 规格；型号；类型；材质；品牌；尺寸；长度；厚度；功率；包装规格；适用设备,未满足当前分组的关键规格模板。,按默认规则补齐至少一个关键规格字段。,Sheet1:952,2mm黑扎丝
REVIEW-MAT-00535,C,medium,needs_human_review,总开关,电气与自动化/低压电器/低压电器,电流: 100A；用途: 总开关,个,,存在低精度或人工复核标记，需要补齐信息。,确认品牌、型号、电气参数和安装/连接方式。,Sheet1:956,100A总开关
REVIEW-MAT-00536,C,medium,low_precision_conflict,漏电保护器,电气与自动化/低压电器/低压电器,电流: 40A；类型: 漏电保护,个,,存在低精度或人工复核标记，需要补齐信息。,确认品牌、型号、电气参数和安装/连接方式。,Sheet1:957,40A漏电保护
REVIEW-MAT-00537,C,medium,low_precision_conflict,空气开关,电气与自动化/低压电器/低压电器,电流: 16A,个,,存在低精度或人工复核标记，需要补齐信息。,确认品牌、型号、电气参数和安装/连接方式。,Sheet1:958,16A空开
REVIEW-MAT-00538,C,medium,specs_conflict,五坑钻头,工具器具/工具配件/工具配件,规格: 28*800；柄型: 五坑,支,,存在低精度或人工复核标记，需要补齐信息。,确认品牌、型号/规格和适用设备。,Sheet1:962,28*800五孔钻头
REVIEW-MAT-00539,C,medium,missing_specs,绝缘胶带,电气与自动化/其他/电工耗材,类型: 绝缘胶带,卷,至少一个: 型号；规格；品牌；电流；电压；功率；位数,未满足当前分组的关键规格模板。,确认品牌、型号、电气参数和安装/连接方式。,Sheet1:965,绝缘胶带
REVIEW-MAT-00540,C,medium,missing_specs,电源极性检测器,工具器具/其他/检测仪器,用途: 电源极性检测,台,至少一个: 型号；规格；品牌；尺寸；适用设备,未满足当前分组的关键规格模板。,确认品牌、型号/规格和适用设备。,Sheet1:967,电源极性检测器
REVIEW-MAT-00541,C,medium,missing_specs,沉降观测钉带牌,工程建材/其他/测量标识,类型: 观测钉；包含: 标识牌,套,至少一个: 规格；型号；材质；厚度；尺寸；包装规格；强度等级,未满足当前分组的关键规格模板。,确认规格、材质/强度等级、尺寸和包装单位。,Sheet1:968,沉降观测钉带牌
REVIEW-MAT-00542,C,medium,missing_specs,十字测钉,工程建材/其他/测量标识,表面: 镀锌；类型: 十字测钉,个,至少一个: 规格；型号；材质；厚度；尺寸；包装规格；强度等级,未满足当前分组的关键规格模板。,确认规格、材质/强度等级、尺寸和包装单位。,Sheet1:969,镀锌十字测钉
REVIEW-MAT-00543,C,medium,missing_specs,LED充电头灯,电气与自动化/照明与报警/灯具,类型: 头灯；供电: 充电；光源: LED,个,至少一个: 型号；规格；品牌；电流；电压；功率；位数,未满足当前分组的关键规格模板。,确认品牌、型号、电气参数和安装/连接方式。,Sheet1:974,LED充电头灯
REVIEW-MAT-00544,C,medium,specs_conflict,五坑钻头,工具器具/工具配件/工具配件,品牌: 方大同；规格: 14*400；柄型: 五坑,支,,存在低精度或人工复核标记，需要补齐信息。,确认品牌、型号/规格和适用设备。,Sheet1:977,方大同14*400五孔钻头
REVIEW-MAT-00545,C,medium,specs_conflict,五坑钻头,工具器具/工具配件/工具配件,品牌: 方大同；规格: 14*600；柄型: 五坑,支,,存在低精度或人工复核标记，需要补齐信息。,确认品牌、型号/规格和适用设备。,Sheet1:978,方大同14*600五孔钻头
REVIEW-MAT-00546,C,medium,specs_conflict,五坑钻头,工具器具/工具配件/工具配件,品牌: 方大同；规格: 16*280；柄型: 五坑,支,,存在低精度或人工复核标记，需要补齐信息。,确认品牌、型号/规格和适用设备。,Sheet1:979,方大同16*280五孔钻头
REVIEW-MAT-00547,C,medium,specs_conflict,彩钢瓦,工程建材/板材型材/板材,厚度/规格: 0.5,平方,,存在低精度或人工复核标记，需要补齐信息。,确认规格、材质/强度等级、尺寸和包装单位。,Sheet1:992,0.5彩钢瓦
REVIEW-MAT-00548,D,high,alias_conflict,油布,工程建材/其他/防护覆盖,特征: 加厚,平方,至少一个: 规格；型号；材质；厚度；尺寸；包装规格；强度等级,存在阻塞冲突，不能自动放行。,先解决别名、单位或分组冲突，不要自动创建物料。,Sheet1:1231；Sheet1:994,加厚油布
REVIEW-MAT-00549,C,medium,missing_specs,灭火器,消防器材/灭火器与水带/灭火器,容量: 4KG,支,至少一个: 规格；型号；类型；材质；品牌；尺寸；长度；厚度；功率；包装规格；适用设备,未满足当前分组的关键规格模板。,按默认规则补齐至少一个关键规格字段。,Sheet1:997,4KG灭火器
REVIEW-MAT-00550,C,medium,needs_human_review,消防箱,消防器材/消防工具/消防工具,类型: 消防箱,个,,存在低精度或人工复核标记，需要补齐信息。,按默认规则补齐至少一个关键规格字段。,Sheet1:998,消防箱子
REVIEW-MAT-00551,D,high,alias_conflict,铁丝,五金备件/其他/金属丝材,规格: 14号,公斤,,存在阻塞冲突，不能自动放行。,先解决别名、单位或分组冲突，不要自动创建物料。,Sheet1:999,14号铁丝
REVIEW-MAT-00552,C,medium,needs_human_review,马路切割片,工具器具/其他/磨切耗材,规格: 400；用途: 马路切割,块,,存在低精度或人工复核标记，需要补齐信息。,确认品牌、型号/规格和适用设备。,Sheet1:1001,400马路切片
REVIEW-MAT-00553,C,medium,missing_specs,塞尺,工具器具/量具测量/量具测量,材质: 铜,个,至少一个: 型号；规格；品牌；尺寸；适用设备,未满足当前分组的关键规格模板。,确认品牌、型号/规格和适用设备。,Sheet1:1004,铜塞尺
REVIEW-MAT-00554,C,medium,specs_conflict,不锈钢球阀,工程建材/其他/阀门,规格: 25；材质: 不锈钢；类型: 球阀,个,,存在低精度或人工复核标记，需要补齐信息。,确认规格、材质/强度等级、尺寸和包装单位。,Sheet1:1007,25不锈钢球阀
REVIEW-MAT-00555,C,medium,missing_specs,电源线,电气与自动化/电线电缆与敷设/电线电缆,长度: 2米,条,至少一个: 型号；规格；品牌；电流；电压；功率；位数,未满足当前分组的关键规格模板。,确认品牌、型号、电气参数和安装/连接方式。,Sheet1:1014,2米电源线
REVIEW-MAT-00556,D,high,alias_conflict,塑料扫把,劳保用品/其他/清洁工具,材质: 塑料,把,,存在阻塞冲突，不能自动放行。,先解决别名、单位或分组冲突，不要自动创建物料。,Sheet1:1016,塑料扫把
REVIEW-MAT-00557,C,medium,needs_human_review,路由器,电气与自动化/其他/网络设备,品牌: 华为；速率: 1000M,套,,存在低精度或人工复核标记，需要补齐信息。,确认品牌、型号、电气参数和安装/连接方式。,Sheet1:1018,1000M华为路由器
REVIEW-MAT-00558,C,medium,missing_specs,电视支架,行政办公与清洁/办公用品/文具书写,适配尺寸: 70寸,个,至少一个: 规格；类型；品牌；包装规格,未满足当前分组的关键规格模板。,确认规格、品牌和包装单位。,Sheet1:1020,70寸电视支架
REVIEW-MAT-00559,C,medium,missing_specs,变频空调,设备备件与加工件/其他/通用电器,品牌: 格力；匹数: 3匹；类型: 变频,台,至少一个: 型号；规格；图号；适用设备；材质,未满足当前分组的关键规格模板。,确认型号、图号、适用设备和关键尺寸。,Sheet1:1021,格力3匹变频空调
REVIEW-MAT-00560,C,medium,needs_human_review,保险管,电气与自动化/低压电器/低压电器,电流: 32A,个,,存在低精度或人工复核标记，需要补齐信息。,确认品牌、型号、电气参数和安装/连接方式。,Sheet1:1022,32A保险管
REVIEW-MAT-00561,C,medium,needs_human_review,打印机电源线,行政办公与清洁/其他/办公设备配件,适用设备: 打印机；类型: 电源线,条,,存在低精度或人工复核标记，需要补齐信息。,确认规格、品牌和包装单位。,Sheet1:1027,打印机电源线
REVIEW-MAT-00562,C,medium,needs_human_review,打印机数据线,行政办公与清洁/其他/办公设备配件,适用设备: 打印机；类型: 数据线,条,,存在低精度或人工复核标记，需要补齐信息。,确认规格、品牌和包装单位。,Sheet1:1028,打印机数据线
REVIEW-MAT-00563,C,medium,missing_specs,雾化喷头,工程建材/其他/喷淋配件,用途: 加湿；类型: 雾化喷头,个,至少一个: 规格；型号；材质；厚度；尺寸；包装规格；强度等级,未满足当前分组的关键规格模板。,确认规格、材质/强度等级、尺寸和包装单位。,Sheet1:1029,加湿雾化喷头
REVIEW-MAT-00564,C,medium,missing_specs,泡沫双面胶,化工油漆胶粘/胶粘密封/胶粘剂,基材: 泡沫；类型: 双面胶,个,至少一个: 型号；规格；图号；适用设备；材质,未满足当前分组的关键规格模板。,确认型号、图号、适用设备和关键尺寸。,Sheet1:1030,泡沫双面胶
REVIEW-MAT-00565,C,medium,needs_human_review,101胶水,化工油漆胶粘/胶粘密封/胶粘剂,型号: 101,个,,存在低精度或人工复核标记，需要补齐信息。,确认型号、图号、适用设备和关键尺寸。,Sheet1:1031,101胶水
REVIEW-MAT-00566,D,high,unit_conflict,羊毛刷,工具器具/涂装工具/刷辊喷涂,规格: 2寸；材质: 羊毛,支,,存在阻塞冲突，不能自动放行。,先解决别名、单位或分组冲突，不要自动创建物料。,Sheet1:1032,2寸羊毛刷
REVIEW-MAT-00567,C,medium,needs_human_review,不锈钢钻头,工具器具/工具配件/工具配件,规格: 5.0；材质/用途: 不锈钢,支,,存在低精度或人工复核标记，需要补齐信息。,确认品牌、型号/规格和适用设备。,Sheet1:1035,5.0不锈钢钻头
REVIEW-MAT-00568,C,medium,missing_specs,噪音计,工具器具/其他/检测仪器,用途: 噪音检测,台,至少一个: 型号；规格；品牌；尺寸；适用设备,未满足当前分组的关键规格模板。,确认品牌、型号/规格和适用设备。,Sheet1:1042,噪音仪
REVIEW-MAT-00569,C,medium,needs_human_review,背胶防撞条,安全防护/隔离防护/防护网,特征: 背胶；类型: 防撞条,米,,存在低精度或人工复核标记，需要补齐信息。,确认类型、规格、材质和安全等级。,Sheet1:1043,背胶防撞条
REVIEW-MAT-00570,C,medium,missing_specs,雾炮机,设备备件与加工件/其他/环保喷淋设备,功率: 3kW；控制: 全自动,台,至少一个: 型号；规格；图号；适用设备；材质,未满足当前分组的关键规格模板。,确认型号、图号、适用设备和关键尺寸。,Sheet1:1047,3千瓦全自动雾炮机
REVIEW-MAT-00571,D,high,alias_conflict,冰块,行政办公与清洁/其他/临时消耗品,重量: 50kg,个,至少一个: 规格；类型；品牌；包装规格,存在阻塞冲突，不能自动放行。,先解决别名、单位或分组冲突，不要自动创建物料。,Sheet1:1052；Sheet1:1055；Sheet1:1056；Sheet1:1070,50kg冰块
REVIEW-MAT-00572,C,medium,needs_human_review,人工草皮,工程建材/其他/地面材料,规格: 3.0；颜色: 绿色,平方,,存在低精度或人工复核标记，需要补齐信息。,确认规格、材质/强度等级、尺寸和包装单位。,Sheet1:1053；Sheet1:1065,3.0绿草皮
REVIEW-MAT-00573,C,medium,needs_human_review,六角自攻螺丝,五金备件/其他/紧固件,规格: 6；类型: 六角自攻,盒,,存在低精度或人工复核标记，需要补齐信息。,确认规格、材质/强度等级和单位。,Sheet1:1054,6六角自攻螺丝
REVIEW-MAT-00574,C,medium,missing_specs,测电笔,工具器具/其他/电工工具,类型: 多功能电笔,支,至少一个: 型号；规格；品牌；尺寸；适用设备,未满足当前分组的关键规格模板。,确认品牌、型号/规格和适用设备。,Sheet1:1057,多功能电笔
REVIEW-MAT-00575,C,medium,needs_human_review,定向轮,五金备件/其他/脚轮,规格: 4寸；类型: 定向轮,个,,存在低精度或人工复核标记，需要补齐信息。,按默认规则补齐至少一个关键规格字段。,Sheet1:1058,4寸定向轮
REVIEW-MAT-00576,C,medium,needs_human_review,带刹定向轮,五金备件/其他/脚轮,规格: 4寸；特征: 带刹车,个,,存在低精度或人工复核标记，需要补齐信息。,按默认规则补齐至少一个关键规格字段。,Sheet1:1059,4寸定向轮刹
REVIEW-MAT-00577,C,medium,missing_specs,手推车,工具器具/其他/搬运工具,载荷: 300kg；特征: 加厚,台,至少一个: 型号；规格；品牌；尺寸；适用设备,未满足当前分组的关键规格模板。,确认品牌、型号/规格和适用设备。,Sheet1:1061,300kg手推车加厚
REVIEW-MAT-00578,C,medium,missing_specs,路锥,安全防护/警示标识/反光警示,高度: 90cm,个,至少一个: 类型；规格；材质；型号,未满足当前分组的关键规格模板。,确认类型、规格、材质和安全等级。,Sheet1:1062,90cm路锥
REVIEW-MAT-00579,C,medium,needs_human_review,伸缩杆,安全防护/隔离防护/防护网,颜色: 红色；类型: 伸缩杆,个,,存在低精度或人工复核标记，需要补齐信息。,确认类型、规格、材质和安全等级。,Sheet1:1063,红色伸缩杆
REVIEW-MAT-00580,C,medium,needs_human_review,警示牌,安全防护/警示标识/反光警示,规格: 大号,个,,存在低精度或人工复核标记，需要补齐信息。,确认类型、规格、材质和安全等级。,Sheet1:1064,大警示牌
REVIEW-MAT-00581,C,medium,low_precision_conflict,漏电断路器,电气与自动化/低压电器/低压电器,品牌: 施耐德；电流: 400A,个,,存在低精度或人工复核标记，需要补齐信息。,确认品牌、型号、电气参数和安装/连接方式。,Sheet1:1066,施耐德400A漏电开关
REVIEW-MAT-00582,C,medium,missing_specs,遮阳网,安全防护/隔离防护/防护网,特征: 密,平方,至少一个: 类型；规格；材质；型号,未满足当前分组的关键规格模板。,确认类型、规格、材质和安全等级。,Sheet1:1067,密遮阳网
REVIEW-MAT-00583,D,high,alias_conflict,冰块,行政办公与清洁/其他/临时消耗品,重量: 50kg,块,至少一个: 规格；类型；品牌；包装规格,存在阻塞冲突，不能自动放行。,先解决别名、单位或分组冲突，不要自动创建物料。,Sheet1:1068,50kg冰块
REVIEW-MAT-00584,C,medium,missing_specs,电瓶夹线,电气与自动化/其他/电工工具,类型: 电瓶夹；包含: 线,套,至少一个: 型号；规格；品牌；电流；电压；功率；位数,未满足当前分组的关键规格模板。,确认品牌、型号、电气参数和安装/连接方式。,Sheet1:1069,电瓶夹带线
REVIEW-MAT-00585,C,medium,missing_specs,测电笔,工具器具/其他/电工工具,类型: 测电笔,个,至少一个: 型号；规格；品牌；尺寸；适用设备,未满足当前分组的关键规格模板。,确认品牌、型号/规格和适用设备。,Sheet1:1071,测电笔
REVIEW-MAT-00586,C,medium,needs_human_review,蓄电池,电气与自动化/电源电池/电源电池,电压: 12V,个,,存在低精度或人工复核标记，需要补齐信息。,确认品牌、型号、电气参数和安装/连接方式。,Sheet1:1073,12v蓄电池
REVIEW-MAT-00587,C,medium,needs_human_review,防尘网,安全防护/隔离防护/防护网,规格: 10针,平方,,存在低精度或人工复核标记，需要补齐信息。,确认类型、规格、材质和安全等级。,Sheet1:1077,10针防尘网
REVIEW-MAT-00588,C,medium,missing_specs,污水泵,设备备件与加工件/设备专用备件/设备备件,功率: 1.5kW；口径: 2寸,台,至少一个: 型号；规格；图号；适用设备；材质,未满足当前分组的关键规格模板。,确认型号、图号、适用设备和关键尺寸。,Sheet1:1078,1.5千瓦2寸污水泵
REVIEW-MAT-00589,D,high,alias_conflict,钢丝球,劳保用品/其他/清洁用品,类型: 钢丝球,个,,存在阻塞冲突，不能自动放行。,先解决别名、单位或分组冲突，不要自动创建物料。,Sheet1:1081,钢丝球
REVIEW-MAT-00590,D,high,alias_conflict,钢丝刷,工具器具/其他/清洁工具,类型: 钢丝刷,支,至少一个: 型号；规格；品牌；尺寸；适用设备,存在阻塞冲突，不能自动放行。,先解决别名、单位或分组冲突，不要自动创建物料。,Sheet1:1082,钢丝刷
REVIEW-MAT-00591,C,medium,specs_conflict,办公椅,行政办公与清洁/生活后勤/生活用品,类型: 多功能办公椅,把,,存在低精度或人工复核标记，需要补齐信息。,确认规格、品牌和包装单位。,Sheet1:1087,多功能办公椅
REVIEW-MAT-00592,C,medium,missing_specs,绝缘摇表,工具器具/其他/检测仪器,量程/电压: 2500,个,至少一个: 型号；规格；品牌；尺寸；适用设备,未满足当前分组的关键规格模板。,确认品牌、型号/规格和适用设备。,Sheet1:1089,2500绝缘摇表
REVIEW-MAT-00593,C,medium,needs_human_review,摇表表笔,工具器具/工具配件/工具配件,适用设备: 摇表；类型: 表笔,个,,存在低精度或人工复核标记，需要补齐信息。,确认品牌、型号/规格和适用设备。,Sheet1:1090,摇表笔
REVIEW-MAT-00594,C,medium,needs_human_review,电热水壶,行政办公与清洁/生活后勤/生活用品,品牌: 苏泊尔,个,,存在低精度或人工复核标记，需要补齐信息。,确认规格、品牌和包装单位。,Sheet1:1091,苏泊尔热水壶
REVIEW-MAT-00595,C,medium,needs_human_review,鼠标,行政办公与清洁/办公用品/文具书写,品牌: 小米；类型: 鼠标,个,,存在低精度或人工复核标记，需要补齐信息。,确认规格、品牌和包装单位。,Sheet1:1092,小米鼠标
REVIEW-MAT-00596,C,medium,needs_human_review,无线鼠标,行政办公与清洁/办公用品/文具书写,类型: 无线鼠标,个,,存在低精度或人工复核标记，需要补齐信息。,确认规格、品牌和包装单位。,Sheet1:1093,无线鼠标
REVIEW-MAT-00597,C,medium,missing_specs,缠绕膜,包装与标识/袋箱膜包装/袋箱膜,颜色: 透明；宽度: 50cm；重量: 5KG,个,至少一个: 规格；型号；类型；材质；品牌；尺寸；长度；厚度；功率；包装规格；适用设备,未满足当前分组的关键规格模板。,按默认规则补齐至少一个关键规格字段。,Sheet1:1095,透明缠绕膜50cm*5KG
REVIEW-MAT-00598,C,medium,needs_human_review,纸箱,包装与标识/袋箱膜包装/袋箱膜,规格: 70*50,个,,存在低精度或人工复核标记，需要补齐信息。,按默认规则补齐至少一个关键规格字段。,Sheet1:1096,70*50纸箱
REVIEW-MAT-00599,C,medium,missing_specs,胶带切割器,包装与标识/其他/包装工具,适用: 透明胶带,个,至少一个: 规格；型号；类型；材质；品牌；尺寸；长度；厚度；功率；包装规格；适用设备,未满足当前分组的关键规格模板。,按默认规则补齐至少一个关键规格字段。,Sheet1:1097,透明胶带切割器
REVIEW-MAT-00600,C,medium,specs_conflict,钢筋加工件,设备备件与加工件/金属加工件/金属加工件,加工: 是；钢筋规格: 12；长度: 1.6米,个,,存在低精度或人工复核标记，需要补齐信息。,确认型号、图号、适用设备和关键尺寸。,Sheet1:1098,加工12钢筋1.6米
REVIEW-MAT-00601,C,medium,specs_conflict,钢筋加工件,设备备件与加工件/金属加工件/金属加工件,加工: 是；钢筋规格: 12；长度: 11.93米,个,,存在低精度或人工复核标记，需要补齐信息。,确认型号、图号、适用设备和关键尺寸。,Sheet1:1099,加工12钢筋11.93米
REVIEW-MAT-00602,C,medium,specs_conflict,钢筋加工件,设备备件与加工件/金属加工件/金属加工件,加工: 是；钢筋规格: 12；长度: 12.94米,个,,存在低精度或人工复核标记，需要补齐信息。,确认型号、图号、适用设备和关键尺寸。,Sheet1:1100,加工12钢筋12.94米
REVIEW-MAT-00603,C,medium,needs_human_review,钢筋方形箍,设备备件与加工件/金属加工件/金属加工件,加工: 是；钢筋规格: 12；形状: 方形箍,个,,存在低精度或人工复核标记，需要补齐信息。,确认型号、图号、适用设备和关键尺寸。,Sheet1:1101,加工12钢筋方形箍
REVIEW-MAT-00604,C,medium,missing_specs,充电电钻,工具器具/电动工具/电钻角磨机,供电: 充电,台,至少一个: 型号；规格；品牌；尺寸；适用设备,未满足当前分组的关键规格模板。,确认品牌、型号/规格和适用设备。,Sheet1:1102,充电电钻
REVIEW-MAT-00605,C,medium,missing_specs,厕所刷,劳保用品/其他/清洁工具,用途: 厕所清洁,把,至少一个: 类型；规格；材质；型号,未满足当前分组的关键规格模板。,确认类型、规格、材质和安全等级。,Sheet1:1106,厕所刷子
REVIEW-MAT-00606,D,high,alias_conflict,洁厕剂,劳保用品/其他/清洁用品,类型: 洁厕灵,支,,存在阻塞冲突，不能自动放行。,先解决别名、单位或分组冲突，不要自动创建物料。,Sheet1:1107,洁厕灵
REVIEW-MAT-00607,D,high,alias_conflict,拖把,劳保用品/其他/清洁工具,类型: 拖把,支,,存在阻塞冲突，不能自动放行。,先解决别名、单位或分组冲突，不要自动创建物料。,Sheet1:1108,拖把
REVIEW-MAT-00608,C,medium,missing_specs,锂电钻,工具器具/电动工具/电钻角磨机,特征: 大功率；供电: 锂电池,台,至少一个: 型号；规格；品牌；尺寸；适用设备,未满足当前分组的关键规格模板。,确认品牌、型号/规格和适用设备。,Sheet1:1109,大功率锂电钻
REVIEW-MAT-00609,C,medium,specs_conflict,铜鼻子,电气与自动化/电线电缆与敷设/电线电缆,电流: 300A；材质: 铜,个,,存在低精度或人工复核标记，需要补齐信息。,确认品牌、型号、电气参数和安装/连接方式。,Sheet1:1110,300A铜鼻子
REVIEW-MAT-00610,D,high,alias_conflict,铜鼻子,电气与自动化/电线电缆与敷设/电线电缆,电流: 200A；材质: 铜,个,,存在阻塞冲突，不能自动放行。,先解决别名、单位或分组冲突，不要自动创建物料。,Sheet1:1111,200A铜鼻子
REVIEW-MAT-00611,C,medium,needs_human_review,PVC给水管,工程建材/其他/PVC管件,品牌: 公元；规格: 40；材质: PVC；用途: 给水,米,,存在低精度或人工复核标记，需要补齐信息。,确认材质、口径/规格、连接方式和类型。,Sheet1:1113,公元40pvc给水管
REVIEW-MAT-00612,C,medium,specs_conflict,异径三通,工程建材/其他/PVC管件,品牌: 公元；规格: 40*32；类型: 三通,个,,存在低精度或人工复核标记，需要补齐信息。,确认材质、口径/规格、连接方式和类型。,Sheet1:1117,公元三通40×32
REVIEW-MAT-00613,C,medium,specs_conflict,异径三通,工程建材/其他/PVC管件,品牌: 公元；规格: 40*25；类型: 三通,个,,存在低精度或人工复核标记，需要补齐信息。,确认材质、口径/规格、连接方式和类型。,Sheet1:1118,公元三通40×25
REVIEW-MAT-00614,C,medium,needs_human_review,PVC管卡,工程建材/其他/管道紧固,品牌: 公元；材质: PVC；规格: 40,个,,存在低精度或人工复核标记，需要补齐信息。,确认规格、材质/强度等级、尺寸和包装单位。,Sheet1:1119,公元pvc40管卡
REVIEW-MAT-00615,C,medium,needs_human_review,PVC45度弯头,工程建材/其他/PVC管件,品牌: 公元；规格: 40；角度: 45度,个,,存在低精度或人工复核标记，需要补齐信息。,确认材质、口径/规格、连接方式和类型。,Sheet1:1120,公元40×45°弯头
REVIEW-MAT-00616,C,medium,needs_human_review,异径接头,工程建材/其他/PVC管件,品牌: 公元；规格: 40*32；类型: 大接头/异径,个,,存在低精度或人工复核标记，需要补齐信息。,确认材质、口径/规格、连接方式和类型。,Sheet1:1122,公元40×32大接头
REVIEW-MAT-00617,C,medium,missing_specs,厚双面胶,化工油漆胶粘/胶粘密封/胶粘剂,类型: 双面胶；特征: 厚,卷,至少一个: 型号；规格；图号；适用设备；材质,未满足当前分组的关键规格模板。,确认型号、图号、适用设备和关键尺寸。,Sheet1:1125,双面胶厚
REVIEW-MAT-00618,C,medium,missing_specs,窗帘支架,行政办公与清洁/其他/设施配件,用途: 窗帘,套,至少一个: 规格；类型；品牌；包装规格,未满足当前分组的关键规格模板。,确认规格、品牌和包装单位。,Sheet1:1132,窗帘支架
REVIEW-MAT-00619,C,medium,low_precision_conflict,黑模板,工程建材/其他/模板木方,厚度: 3.0；颜色: 黑,张,,存在低精度或人工复核标记，需要补齐信息。,确认规格、材质/强度等级、尺寸和包装单位。,Sheet1:1135,黑模板3.0厚
REVIEW-MAT-00620,D,high,unit_conflict,一位开关,电气与自动化/低压电器/开关按钮,品牌: 公牛；位数: 1位,套,,存在阻塞冲突，不能自动放行。,先解决别名、单位或分组冲突，不要自动创建物料。,Sheet1:1136,公牛一位开关
REVIEW-MAT-00621,D,high,alias_conflict,五孔插座,电气与自动化/插头插座/插头插座,品牌: 公牛；类型: 五孔,套,,存在阻塞冲突，不能自动放行。,先解决别名、单位或分组冲突，不要自动创建物料。,Sheet1:1137,公牛五孔插座
REVIEW-MAT-00622,C,medium,missing_specs,手持打码机,设备备件与加工件/其他/标识设备,类型: 手持；功能: 大字符打码,台,至少一个: 型号；规格；图号；适用设备；材质,未满足当前分组的关键规格模板。,确认型号、图号、适用设备和关键尺寸。,Sheet1:1141,手持大字符打码机
REVIEW-MAT-00623,C,medium,needs_human_review,洗洁精,劳保用品/其他/清洁用品,类型: 洗洁精,支,,存在低精度或人工复核标记，需要补齐信息。,确认类型、规格、材质和安全等级。,Sheet1:1143,洗洁精
REVIEW-MAT-00624,C,medium,low_precision_conflict,吊带,吊装索具/吊带索具/吊带,载荷: 5吨；长度: 6m,条,,存在低精度或人工复核标记，需要补齐信息。,按默认规则补齐至少一个关键规格字段。,Sheet1:1144,吊带5吨×6m
REVIEW-MAT-00625,C,medium,needs_human_review,直通,工程建材/其他/PVC管件,品牌: 公元；规格: 110；类型: 直通,个,,存在低精度或人工复核标记，需要补齐信息。,确认材质、口径/规格、连接方式和类型。,Sheet1:1147,公元110直通
REVIEW-MAT-00626,C,medium,specs_conflict,管卡,工程建材/其他/管道紧固,品牌: 公元；规格: 110,个,,存在低精度或人工复核标记，需要补齐信息。,确认规格、材质/强度等级、尺寸和包装单位。,Sheet1:1148,公元110管卡
REVIEW-MAT-00627,C,medium,needs_human_review,方形集水斗,工程建材/其他/排水管件,品牌: 公元；规格: 110；形状: 方形,个,,存在低精度或人工复核标记，需要补齐信息。,确认规格、材质/强度等级、尺寸和包装单位。,Sheet1:1150,公元110方形集水斗
REVIEW-MAT-00628,C,medium,specs_conflict,调和漆,化工油漆胶粘/油漆涂料/涂料油漆,颜色: 红色；类型: 调和漆,桶,,存在低精度或人工复核标记，需要补齐信息。,确认类型、品牌/型号、颜色和包装规格。,Sheet1:1151,红色调和油漆
REVIEW-MAT-00629,C,medium,specs_conflict,调和漆,化工油漆胶粘/油漆涂料/涂料油漆,颜色: 中黄；类型: 调和漆,桶,,存在低精度或人工复核标记，需要补齐信息。,确认类型、品牌/型号、颜色和包装规格。,Sheet1:1152,中黄调和油漆
REVIEW-MAT-00630,C,medium,specs_conflict,快速插头,电气与自动化/插头插座/插头插座,电压: 220V；类型: 快速插头,个,,存在低精度或人工复核标记，需要补齐信息。,确认品牌、型号、电气参数和安装/连接方式。,Sheet1:1159,220v快速插头
REVIEW-MAT-00631,C,medium,specs_conflict,快速插座,电气与自动化/插头插座/插头插座,电压: 220V；类型: 快速插座,个,,存在低精度或人工复核标记，需要补齐信息。,确认品牌、型号、电气参数和安装/连接方式。,Sheet1:1160,220v快速插座
REVIEW-MAT-00632,C,medium,specs_conflict,快速插头,电气与自动化/插头插座/插头插座,电压: 380V；类型: 快速插头,个,,存在低精度或人工复核标记，需要补齐信息。,确认品牌、型号、电气参数和安装/连接方式。,Sheet1:1161,380v快速插头
REVIEW-MAT-00633,C,medium,specs_conflict,快速插座,电气与自动化/插头插座/插头插座,电压: 380V；类型: 快速插座,个,,存在低精度或人工复核标记，需要补齐信息。,确认品牌、型号、电气参数和安装/连接方式。,Sheet1:1162,380v快速插座
REVIEW-MAT-00634,D,high,alias_conflict,帆布手套,劳保用品/手部防护/手套,材质: 帆布；特征: 加厚、双层,双,,存在阻塞冲突，不能自动放行。,先解决别名、单位或分组冲突，不要自动创建物料。,Sheet1:1163,加厚双层帆布手套
REVIEW-MAT-00635,C,medium,low_precision_conflict,滚筒刷,工具器具/涂装工具/刷辊喷涂,规格: 8寸,支,,存在低精度或人工复核标记，需要补齐信息。,确认品牌、型号/规格和适用设备。,Sheet1:1164,8寸滚筒
REVIEW-MAT-00636,D,high,alias_conflict,滚筒刷,工具器具/涂装工具/刷辊喷涂,规格: 4寸,支,,存在阻塞冲突，不能自动放行。,先解决别名、单位或分组冲突，不要自动创建物料。,Sheet1:1165,4寸滚筒
REVIEW-MAT-00637,C,medium,needs_human_review,小滚筒刷,工具器具/涂装工具/刷辊喷涂,规格: 4寸；类型: 小滚筒,支,,存在低精度或人工复核标记，需要补齐信息。,确认品牌、型号/规格和适用设备。,Sheet1:1166,4寸小滚筒
REVIEW-MAT-00638,D,high,unit_conflict,自喷漆,化工油漆胶粘/油漆涂料/涂料油漆,品牌: 三和；颜色: 灰色；类型: 自喷漆,支,,存在阻塞冲突，不能自动放行。,先解决别名、单位或分组冲突，不要自动创建物料。,Sheet1:1167,三和灰色喷漆
REVIEW-MAT-00639,C,medium,needs_human_review,垃圾袋,劳保用品/其他/清洁用品,规格: 大号,个,,存在低精度或人工复核标记，需要补齐信息。,确认类型、规格、材质和安全等级。,Sheet1:1168；Sheet1:1349,大垃圾袋子
REVIEW-MAT-00640,D,high,alias_conflict,二氧化碳减压表,焊接焊割/其他/气体配件,适用气体: 二氧化碳；类型: 压力表/减压表,个,,存在阻塞冲突，不能自动放行。,先解决别名、单位或分组冲突，不要自动创建物料。,Sheet1:1170,二氧化碳表
REVIEW-MAT-00641,D,high,alias_conflict,乙炔减压表,焊接焊割/其他/气体配件,适用气体: 乙炔；类型: 压力表/减压表,个,,存在阻塞冲突，不能自动放行。,先解决别名、单位或分组冲突，不要自动创建物料。,Sheet1:1171；Sheet1:1221,乙炔表
REVIEW-MAT-00642,D,high,alias_conflict,氧气减压表,焊接焊割/其他/气体配件,适用气体: 氧气；类型: 压力表/减压表,个,,存在阻塞冲突，不能自动放行。,先解决别名、单位或分组冲突，不要自动创建物料。,Sheet1:1172,氧气表
REVIEW-MAT-00643,C,medium,specs_conflict,螺丝,五金备件/其他/紧固件,规格: M30*100,个,,存在低精度或人工复核标记，需要补齐信息。,确认规格、材质/强度等级和单位。,Sheet1:1176,M30*100螺丝
REVIEW-MAT-00644,C,medium,low_precision_conflict,螺母,五金备件/其他/紧固件,规格: M30,个,,存在低精度或人工复核标记，需要补齐信息。,确认规格、材质/强度等级和单位。,Sheet1:1177,M30螺母
REVIEW-MAT-00645,C,medium,low_precision_conflict,平垫片,五金备件/其他/紧固件,规格: M30,个,,存在低精度或人工复核标记，需要补齐信息。,确认规格、材质/强度等级和单位。,Sheet1:1178,M30平垫
REVIEW-MAT-00646,C,medium,specs_conflict,弹簧垫片,五金备件/其他/紧固件,规格: M30,个,,存在低精度或人工复核标记，需要补齐信息。,确认规格、材质/强度等级和单位。,Sheet1:1179,M30弹垫
REVIEW-MAT-00647,C,medium,specs_conflict,螺丝,五金备件/其他/紧固件,规格: M27*120,个,,存在低精度或人工复核标记，需要补齐信息。,确认规格、材质/强度等级和单位。,Sheet1:1180,M27*120螺丝
REVIEW-MAT-00648,C,medium,low_precision_conflict,螺母,五金备件/其他/紧固件,规格: M27,个,,存在低精度或人工复核标记，需要补齐信息。,确认规格、材质/强度等级和单位。,Sheet1:1181,M27螺母
REVIEW-MAT-00649,C,medium,low_precision_conflict,平垫片,五金备件/其他/紧固件,规格: M27,个,,存在低精度或人工复核标记，需要补齐信息。,确认规格、材质/强度等级和单位。,Sheet1:1182,M27平垫
REVIEW-MAT-00650,C,medium,specs_conflict,弹簧垫片,五金备件/其他/紧固件,规格: M27,个,,存在低精度或人工复核标记，需要补齐信息。,确认规格、材质/强度等级和单位。,Sheet1:1183,M27弹垫
REVIEW-MAT-00651,C,medium,specs_conflict,螺丝,五金备件/其他/紧固件,规格: 12*40,套,,存在低精度或人工复核标记，需要补齐信息。,确认规格、材质/强度等级和单位。,Sheet1:1189；Sheet1:1363；Sheet1:1374,12*40螺丝
REVIEW-MAT-00652,C,medium,specs_conflict,无缝管,金属原材料/其他/钢管,规格: 68*6,米,,存在低精度或人工复核标记，需要补齐信息。,确认材质、规格尺寸和执行标准。,Sheet1:1190,68*6无缝管
REVIEW-MAT-00653,C,medium,missing_specs,纱布,劳保用品/其他/急救用品,包装: 大包,包,至少一个: 类型；规格；材质；型号,未满足当前分组的关键规格模板。,确认类型、规格、材质和安全等级。,Sheet1:1191,纱布大包
REVIEW-MAT-00654,C,medium,missing_specs,雨衣,劳保用品/其他/雨具,特征: 加厚,套,至少一个: 类型；规格；材质；型号,未满足当前分组的关键规格模板。,确认类型、规格、材质和安全等级。,Sheet1:1194,加厚雨衣
REVIEW-MAT-00655,C,medium,low_precision_conflict,电池,电气与自动化/电源电池/电源电池,规格: 7号,个,,存在低精度或人工复核标记，需要补齐信息。,确认品牌、型号、电气参数和安装/连接方式。,Sheet1:1195,7号电池
REVIEW-MAT-00656,C,medium,low_precision_conflict,漏电断路器,电气与自动化/低压电器/低压电器,品牌: 施耐德；极数: 2P；电流: 63A,个,,存在低精度或人工复核标记，需要补齐信息。,确认品牌、型号、电气参数和安装/连接方式。,Sheet1:1196；Sheet1:1225；Sheet1:1297,施耐德2P63A漏保；施耐德2P63a漏电保护开关
REVIEW-MAT-00657,C,medium,needs_human_review,钢丝绳铝扣,吊装索具/吊带索具/钢丝绳链条,材质: 铝；用途: 钢丝绳扣压,个,,存在低精度或人工复核标记，需要补齐信息。,按默认规则补齐至少一个关键规格字段。,Sheet1:1200,钢丝绳铝扣
REVIEW-MAT-00658,C,medium,specs_conflict,角钢,金属原材料/其他/型钢,规格: 40*40*5；标准: 国标,米,,存在低精度或人工复核标记，需要补齐信息。,确认材质、规格尺寸和执行标准。,Sheet1:1202；Sheet1:1330,40*40*5国标角铁
REVIEW-MAT-00659,D,high,alias_conflict,花纹钢板,金属原材料/钢材型材/钢材型材,厚度: 3.0；类型: 花纹钢板,平方,,存在阻塞冲突，不能自动放行。,先解决别名、单位或分组冲突，不要自动创建物料。,Sheet1:1203,3.0花纹钢板
REVIEW-MAT-00660,C,medium,specs_conflict,电线,电气与自动化/电线电缆与敷设/电线电缆,品牌: 起帆；截面积: 1.5平方,米,,存在低精度或人工复核标记，需要补齐信息。,确认品牌、型号、电气参数和安装/连接方式。,Sheet1:1209,起帆1.5平方电线
REVIEW-MAT-00661,C,medium,missing_specs,除甲醛机,行政办公与清洁/其他/办公设备,用途: 办公室；功能: 除甲醛,个,至少一个: 规格；类型；品牌；包装规格,未满足当前分组的关键规格模板。,确认规格、品牌和包装单位。,Sheet1:1214,办公室除甲醛机
REVIEW-MAT-00662,C,medium,needs_human_review,焊接异径接头,工程建材/其他/管件,规格: 159*89；连接: 焊接；类型: 大小头,个,,存在低精度或人工复核标记，需要补齐信息。,确认规格、材质/强度等级、尺寸和包装单位。,Sheet1:1216,焊接159*89大小头
REVIEW-MAT-00663,C,medium,specs_conflict,钢管抱箍,设备备件与加工件/金属加工件/金属加工件,加工: 是；规格: 159；适用: 钢管,个,,存在低精度或人工复核标记，需要补齐信息。,确认型号、图号、适用设备和关键尺寸。,Sheet1:1217,159加工钢管抱箍
REVIEW-MAT-00664,C,medium,specs_conflict,钢管抱箍,设备备件与加工件/金属加工件/金属加工件,加工: 是；规格: 89；适用: 钢管,个,,存在低精度或人工复核标记，需要补齐信息。,确认型号、图号、适用设备和关键尺寸。,Sheet1:1218,加工89钢管抱箍
REVIEW-MAT-00665,C,medium,specs_conflict,带牙钢管加工件,设备备件与加工件/金属加工件/金属加工件,加工: 是；规格: 89；工序: 带牙,个,,存在低精度或人工复核标记，需要补齐信息。,确认型号、图号、适用设备和关键尺寸。,Sheet1:1219,加工89钢管带牙
REVIEW-MAT-00666,C,medium,specs_conflict,不锈钢球阀,工程建材/其他/阀门,品牌: 埃美柯；规格: 80；材质: 不锈钢；特征: 加厚,个,,存在低精度或人工复核标记，需要补齐信息。,确认规格、材质/强度等级、尺寸和包装单位。,Sheet1:1220,埃美柯80加厚不锈钢球阀
REVIEW-MAT-00667,C,medium,missing_specs,电焊帽,劳保用品/其他/眼面防护,品质: 好；用途: 电焊,个,至少一个: 类型；规格；材质；型号,未满足当前分组的关键规格模板。,确认类型、规格、材质和安全等级。,Sheet1:1224,好电焊帽
REVIEW-MAT-00668,C,medium,needs_human_review,铝合金窗,设备备件与加工件/金属加工件/金属加工件,定制: 是；材质: 铝合金,套,,存在低精度或人工复核标记，需要补齐信息。,确认型号、图号、适用设备和关键尺寸。,Sheet1:1226,定做铝合金窗
REVIEW-MAT-00669,C,medium,needs_human_review,不锈钢窗护栏,设备备件与加工件/金属加工件/金属加工件,材质: 不锈钢；用途: 窗护栏,套,,存在低精度或人工复核标记，需要补齐信息。,确认型号、图号、适用设备和关键尺寸。,Sheet1:1227,不锈钢窗护栏
REVIEW-MAT-00670,C,medium,missing_specs,铜接线端子,电气与自动化/接线连接/接线端子,截面积: 4平方；材质: 铜,个,至少一个: 型号；规格；品牌；电流；电压；功率；位数,未满足当前分组的关键规格模板。,确认品牌、型号、电气参数和安装/连接方式。,Sheet1:1232,4平方铜接线端子
REVIEW-MAT-00671,C,medium,missing_specs,铜接线端子,电气与自动化/接线连接/接线端子,截面积: 6平方；材质: 铜,个,至少一个: 型号；规格；品牌；电流；电压；功率；位数,未满足当前分组的关键规格模板。,确认品牌、型号、电气参数和安装/连接方式。,Sheet1:1233,6平方铜接线端子
REVIEW-MAT-00672,C,medium,missing_specs,端子压线钳,工具器具/其他/电工工具,适用: 接线端子；类型: 压钳,个,至少一个: 型号；规格；品牌；尺寸；适用设备,未满足当前分组的关键规格模板。,确认品牌、型号/规格和适用设备。,Sheet1:1234,接线端子压钳
REVIEW-MAT-00673,C,medium,needs_human_review,单向阀,工程建材/其他/阀门,品牌: 埃美柯；规格: 80；类型: 单向阀,个,,存在低精度或人工复核标记，需要补齐信息。,确认规格、材质/强度等级、尺寸和包装单位。,Sheet1:1237,埃美柯80单向阀
REVIEW-MAT-00674,C,medium,specs_conflict,带牙钢管加工件,设备备件与加工件/金属加工件/金属加工件,加工: 是；规格: 80；工序: 带牙,个,,存在低精度或人工复核标记，需要补齐信息。,确认型号、图号、适用设备和关键尺寸。,Sheet1:1238,加工80钢管带牙
REVIEW-MAT-00675,C,medium,specs_conflict,槽钢,金属原材料/其他/型钢,规格: 10#；特征: 厚,米,,存在低精度或人工复核标记，需要补齐信息。,确认材质、规格尺寸和执行标准。,Sheet1:1239,10#厚槽钢
REVIEW-MAT-00676,C,medium,needs_human_review,橡胶板,金属原材料/其他/橡胶材料,厚度: 2cm,kg,,存在低精度或人工复核标记，需要补齐信息。,确认材质、规格尺寸和执行标准。,Sheet1:1240,2cm橡胶板
REVIEW-MAT-00677,C,medium,needs_human_review,屏蔽信号电缆,电气与自动化/电线电缆与敷设/电线电缆,规格: 3*1.5；类型: 信号屏蔽,米,,存在低精度或人工复核标记，需要补齐信息。,确认品牌、型号、电气参数和安装/连接方式。,Sheet1:1241,3*1.5信号屏蔽电缆线
REVIEW-MAT-00678,C,medium,low_precision_conflict,吊带,吊装索具/吊带索具/吊带,载荷: 20T；长度: 6米；原名含“好”,条,,存在低精度或人工复核标记，需要补齐信息。,按默认规则补齐至少一个关键规格字段。,Sheet1:1244,20T*6米吊带好
REVIEW-MAT-00679,C,medium,missing_specs,管片强力胶,化工油漆胶粘/胶粘密封/胶粘剂,用途: 管片；类型: 强力胶,桶,至少一个: 型号；规格；图号；适用设备；材质,未满足当前分组的关键规格模板。,确认型号、图号、适用设备和关键尺寸。,Sheet1:1245,管片强力胶水
REVIEW-MAT-00680,D,high,alias_conflict,焊接弯头,工程建材/其他/管件,规格: 89；连接: 焊接,个,,存在阻塞冲突，不能自动放行。,先解决别名、单位或分组冲突，不要自动创建物料。,Sheet1:1246,89焊接弯头
REVIEW-MAT-00681,D,high,alias_conflict,焊接弯头,工程建材/其他/管件,规格: 168；连接: 焊接,个,,存在阻塞冲突，不能自动放行。,先解决别名、单位或分组冲突，不要自动创建物料。,Sheet1:1247,168焊接弯头
REVIEW-MAT-00682,D,high,alias_conflict,双快水泥,工程建材/水泥砂石/水泥砂石,类型: 双快,包,至少一个: 规格；型号；材质；厚度；尺寸；包装规格；强度等级,存在阻塞冲突，不能自动放行。,先解决别名、单位或分组冲突，不要自动创建物料。,Sheet1:1249,双快水泥
REVIEW-MAT-00683,C,medium,missing_specs,雨棚,设备备件与加工件/金属加工件/金属加工件,尺寸: 4*4米；特征: 加厚,个,至少一个: 型号；规格；图号；适用设备；材质,未满足当前分组的关键规格模板。,确认型号、图号、适用设备和关键尺寸。,Sheet1:1253,加厚4*4米雨棚
REVIEW-MAT-00684,C,medium,needs_human_review,镀锌铁皮,金属原材料/其他/板材,厚度: 1.2；表面: 镀锌,米,,存在低精度或人工复核标记，需要补齐信息。,确认材质、规格尺寸和执行标准。,Sheet1:1254,1.2镀锌铁皮
REVIEW-MAT-00685,C,medium,missing_specs,防火棉,工程建材/保温防水/保温材料,特性: 阻燃；类型: 防火棉,平方,至少一个: 规格；型号；材质；厚度；尺寸；包装规格；强度等级,未满足当前分组的关键规格模板。,确认规格、材质/强度等级、尺寸和包装单位。,Sheet1:1255,阻燃防火棉
REVIEW-MAT-00686,C,medium,missing_specs,玛氏漏斗粘度计,工具器具/其他/检测仪器,材质: 不锈钢；类型: 玛氏漏斗粘度计,个,至少一个: 型号；规格；品牌；尺寸；适用设备,未满足当前分组的关键规格模板。,确认品牌、型号/规格和适用设备。,Sheet1:1257,不锈钢玛氏漏斗粘度计
REVIEW-MAT-00687,C,medium,low_precision_conflict,透明胶带,包装与标识/胶带标签/胶带,宽度: 5mm；长度: 100米；颜色: 透明,卷,,存在低精度或人工复核标记，需要补齐信息。,按默认规则补齐至少一个关键规格字段。,Sheet1:1258,5mm透明胶带100米
REVIEW-MAT-00688,C,medium,specs_conflict,方头铁锹,工具器具/其他/手动工具,规格: 大号；类型: 方头,套,,存在低精度或人工复核标记，需要补齐信息。,确认品牌、型号/规格和适用设备。,Sheet1:1260,大方铁锹
REVIEW-MAT-00689,C,medium,specs_conflict,方头铁锹,工具器具/其他/手动工具,规格: 小号；类型: 方头,套,,存在低精度或人工复核标记，需要补齐信息。,确认品牌、型号/规格和适用设备。,Sheet1:1261,小方铁锹
REVIEW-MAT-00690,D,high,alias_conflict,铁锹柄,工具器具/工具配件/工具配件,适用: 铁锹,支,至少一个: 型号；规格；品牌；尺寸；适用设备,存在阻塞冲突，不能自动放行。,先解决别名、单位或分组冲突，不要自动创建物料。,Sheet1:1262,铁锹柄
REVIEW-MAT-00691,C,medium,needs_human_review,电镐,工具器具/电动工具/电钻角磨机,规格: 15寸；特征: 专业长款,套,,存在低精度或人工复核标记，需要补齐信息。,确认品牌、型号/规格和适用设备。,Sheet1:1263,15寸专业长款电镐
REVIEW-MAT-00692,C,medium,needs_human_review,橡胶防爆水带,消防器材/灭火器与水带/消防水带,规格: 100；材质: 橡胶；特征: 防爆,米,,存在低精度或人工复核标记，需要补齐信息。,按默认规则补齐至少一个关键规格字段。,Sheet1:1264,100橡胶防爆水带
REVIEW-MAT-00693,C,medium,missing_specs,高筒雨鞋,劳保用品/其他/足部防护,品牌: 回力；筒高: 高筒,双,至少一个: 类型；规格；材质；型号,未满足当前分组的关键规格模板。,确认类型、规格、材质和安全等级。,Sheet1:1267；Sheet1:1278,回力雨鞋高筒
REVIEW-MAT-00694,C,medium,needs_human_review,不锈钢钢丝绳,吊装索具/吊带索具/钢丝绳链条,材质: 不锈钢,米,,存在低精度或人工复核标记，需要补齐信息。,按默认规则补齐至少一个关键规格字段。,Sheet1:1268,不锈钢钢丝绳
REVIEW-MAT-00695,C,medium,needs_human_review,镀锌钢管,设备备件与加工件/金属加工件/金属加工件,定制: 是；规格: 48；表面: 镀锌,条,,存在低精度或人工复核标记，需要补齐信息。,确认型号、图号、适用设备和关键尺寸。,Sheet1:1270,定做48镀锌钢管
REVIEW-MAT-00696,C,medium,needs_human_review,卡环,吊装索具/其他/连接件,规格: 10厘,个,,存在低精度或人工复核标记，需要补齐信息。,按默认规则补齐至少一个关键规格字段。,Sheet1:1272,10厘卡环
REVIEW-MAT-00697,C,medium,needs_human_review,铜球阀,工程建材/其他/阀门,品牌: 埃美柯；规格: 4分；材质: 铜,个,,存在低精度或人工复核标记，需要补齐信息。,确认规格、材质/强度等级、尺寸和包装单位。,Sheet1:1275,埃美柯4分铜球阀
REVIEW-MAT-00698,C,medium,needs_human_review,外接头,工程建材/其他/管件,规格: 4分；类型: 外接头,个,,存在低精度或人工复核标记，需要补齐信息。,确认规格、材质/强度等级、尺寸和包装单位。,Sheet1:1276,4分外接头
REVIEW-MAT-00699,C,medium,needs_human_review,不锈钢水龙头,工程建材/水暖建材/水暖五金,材质: 不锈钢；类型: 水龙头,个,,存在低精度或人工复核标记，需要补齐信息。,确认材质、口径/规格、连接方式和类型。,Sheet1:1280；Sheet1:2756,不锈钢水龙头
REVIEW-MAT-00700,C,medium,needs_human_review,冷热水阀,工程建材/水暖建材/水暖五金,功能: 冷热水；类型: 水阀,个,,存在低精度或人工复核标记，需要补齐信息。,确认材质、口径/规格、连接方式和类型。,Sheet1:1281,冷热水阀
REVIEW-MAT-00701,C,medium,specs_conflict,撬杠,工具器具/其他/手动工具,规格: 60,个,,存在低精度或人工复核标记，需要补齐信息。,确认品牌、型号/规格和适用设备。,Sheet1:1282,60撬杠
REVIEW-MAT-00702,C,medium,specs_conflict,撬杠,工具器具/其他/手动工具,规格: 120,个,,存在低精度或人工复核标记，需要补齐信息。,确认品牌、型号/规格和适用设备。,Sheet1:1283,120撬杠
REVIEW-MAT-00703,C,medium,specs_conflict,电缆线,电气与自动化/电线电缆与敷设/电线电缆,规格: 3*25,米,,存在低精度或人工复核标记，需要补齐信息。,确认品牌、型号、电气参数和安装/连接方式。,Sheet1:1284,3*25电缆线
REVIEW-MAT-00704,C,medium,low_precision_conflict,插座,电气与自动化/插头插座/插头插座,电流: 16A,个,,存在低精度或人工复核标记，需要补齐信息。,确认品牌、型号、电气参数和安装/连接方式。,Sheet1:1285,16A插座
REVIEW-MAT-00705,C,medium,missing_specs,明装底盒,电气与自动化/插头插座/插头插座,安装: 明装；类型: 底盒,个,至少一个: 型号；规格；品牌；电流；电压；功率；位数,未满足当前分组的关键规格模板。,确认品牌、型号、电气参数和安装/连接方式。,Sheet1:1286,明装底盒
REVIEW-MAT-00706,C,medium,missing_specs,RJ45水晶头,电气与自动化/其他/弱电材料,类型: RJ45水晶头,个,至少一个: 型号；规格；品牌；电流；电压；功率；位数,未满足当前分组的关键规格模板。,确认品牌、型号、电气参数和安装/连接方式。,Sheet1:1288,水晶头
REVIEW-MAT-00707,C,medium,specs_conflict,电缆线,电气与自动化/电线电缆与敷设/电线电缆,品牌: 起帆；规格: 3*6+1,米,,存在低精度或人工复核标记，需要补齐信息。,确认品牌、型号、电气参数和安装/连接方式。,Sheet1:1295,起帆3*6+1电缆
REVIEW-MAT-00708,C,medium,missing_specs,网线钳,工具器具/其他/电工工具,用途: 网线压接,把,至少一个: 型号；规格；品牌；尺寸；适用设备,未满足当前分组的关键规格模板。,确认品牌、型号/规格和适用设备。,Sheet1:1296,网线钳
REVIEW-MAT-00709,C,medium,needs_human_review,PVC线管,电气与自动化/电线电缆与敷设/电线电缆,规格: 25；材质: PVC,米,,存在低精度或人工复核标记，需要补齐信息。,确认品牌、型号、电气参数和安装/连接方式。,Sheet1:1299,25pvc线管
REVIEW-MAT-00710,C,medium,missing_specs,测电笔,工具器具/其他/电工工具,外观: 透明；类型: 电笔,个,至少一个: 型号；规格；品牌；尺寸；适用设备,未满足当前分组的关键规格模板。,确认品牌、型号/规格和适用设备。,Sheet1:1303,透明电笔
REVIEW-MAT-00711,C,medium,low_precision_conflict,漏电断路器,电气与自动化/低压电器/低压电器,品牌: 施耐德；极数: 3P；电流: 250A,个,,存在低精度或人工复核标记，需要补齐信息。,确认品牌、型号、电气参数和安装/连接方式。,Sheet1:1306；Sheet1:1377,施耐德3p250A漏保
REVIEW-MAT-00712,C,medium,missing_specs,雨鞋,劳保用品/其他/足部防护,品牌: 回力；特征: 厚底,双,至少一个: 类型；规格；材质；型号,未满足当前分组的关键规格模板。,确认类型、规格、材质和安全等级。,Sheet1:1308,回力厚底雨鞋
REVIEW-MAT-00713,D,high,alias_conflict,热熔机,工具器具/其他/管道工具,品牌: 公元；用途: PPR热熔,台,,存在阻塞冲突，不能自动放行。,先解决别名、单位或分组冲突，不要自动创建物料。,Sheet1:1310,公元热熔机
REVIEW-MAT-00714,D,high,alias_conflict,PPR弯头,工程建材/水暖建材/水暖五金,品牌: 公元；规格: 25；材质: PPR,个,,存在阻塞冲突，不能自动放行。,先解决别名、单位或分组冲突，不要自动创建物料。,Sheet1:1311,公元25PPR弯头
REVIEW-MAT-00716,C,medium,low_precision_conflict,PPR直通,工程建材/水暖建材/水暖五金,品牌: 公元；规格: 25；材质: PPR,个,,存在低精度或人工复核标记，需要补齐信息。,确认材质、口径/规格、连接方式和类型。,Sheet1:1313,公元ppr25直通
REVIEW-MAT-00717,C,medium,specs_conflict,不锈钢球阀,工程建材/其他/阀门,品牌: 埃美柯；规格: 50；材质: 不锈钢；特征: 加厚,个,,存在低精度或人工复核标记，需要补齐信息。,确认规格、材质/强度等级、尺寸和包装单位。,Sheet1:1316,埃美柯50加厚不锈钢球阀
REVIEW-MAT-00718,D,high,alias_conflict,美工刀,工具器具/其他/手动工具,类型: 美工刀,把,至少一个: 型号；规格；品牌；尺寸；适用设备,存在阻塞冲突，不能自动放行。,先解决别名、单位或分组冲突，不要自动创建物料。,Sheet1:1320,美工刀
REVIEW-MAT-00719,D,high,alias_conflict,美工刀片,工具器具/工具配件/工具配件,品牌: 得力；类型: 刀片,盒,,存在阻塞冲突，不能自动放行。,先解决别名、单位或分组冲突，不要自动创建物料。,Sheet1:1321；Sheet1:1333,得力刀片
REVIEW-MAT-00720,D,high,alias_conflict,老虎钳,工具器具/其他/手动工具,品牌: 世达；类型: 老虎钳,把,,存在阻塞冲突，不能自动放行。,先解决别名、单位或分组冲突，不要自动创建物料。,Sheet1:1322,世达老虎钳
REVIEW-MAT-00721,C,medium,needs_human_review,割炬,焊接焊割/其他/焊割工具,规格: 100型,把,,存在低精度或人工复核标记，需要补齐信息。,确认型号、直径/规格、材质和包装。,Sheet1:1323,100型割炬
REVIEW-MAT-00722,D,high,alias_conflict,尖嘴钳,工具器具/其他/手动工具,品牌: 世达；类型: 尖嘴钳,把,,存在阻塞冲突，不能自动放行。,先解决别名、单位或分组冲突，不要自动创建物料。,Sheet1:1324,世达尖嘴钳
REVIEW-MAT-00723,C,medium,needs_human_review,活动扳手,工具器具/其他/手动工具,品牌: 世达；类型: 活动扳手,把,,存在低精度或人工复核标记，需要补齐信息。,确认品牌、型号/规格和适用设备。,Sheet1:1325,世达活动扳手
REVIEW-MAT-00724,C,medium,low_precision_conflict,排气扇,电气与自动化/其他/通风设备,型号: FAD40-400,台,,存在低精度或人工复核标记，需要补齐信息。,确认品牌、型号、电气参数和安装/连接方式。,Sheet1:1335,FAD40-400排气扇
REVIEW-MAT-00725,C,medium,missing_specs,钢格板,设备备件与加工件/金属加工件/金属加工件,定制: 是；尺寸: 1.3-1.5米,块,至少一个: 型号；规格；图号；适用设备；材质,未满足当前分组的关键规格模板。,确认型号、图号、适用设备和关键尺寸。,Sheet1:1336,定做1.3-1.5米钢格板
REVIEW-MAT-00726,C,medium,needs_human_review,切割嘴,焊接焊割/其他/焊割配件,规格: 100型,个,,存在低精度或人工复核标记，需要补齐信息。,确认型号、直径/规格、材质和包装。,Sheet1:1338,100型切割嘴
REVIEW-MAT-00727,C,medium,needs_human_review,导电嘴,焊接焊割/焊割设备工具/焊机割炬,适用: 二氧化碳焊；类型: 导电嘴,个,,存在低精度或人工复核标记，需要补齐信息。,确认型号、直径/规格、材质和包装。,Sheet1:1339,二氧化碳导电嘴
REVIEW-MAT-00728,C,medium,low_precision_conflict,膨胀螺丝,五金备件/其他/紧固件,规格: M20*140,个,,存在低精度或人工复核标记，需要补齐信息。,确认规格、材质/强度等级和单位。,Sheet1:1340,M20*140膨胀螺丝
REVIEW-MAT-00729,C,medium,low_precision_conflict,膨胀螺丝,五金备件/其他/紧固件,规格: M22*140,个,,存在低精度或人工复核标记，需要补齐信息。,确认规格、材质/强度等级和单位。,Sheet1:1341,M22*140膨胀螺丝
REVIEW-MAT-00730,C,medium,low_precision_conflict,PPR管,工程建材/水暖建材/水暖五金,规格: DN200；材质: PPR,米,,存在低精度或人工复核标记，需要补齐信息。,确认材质、口径/规格、连接方式和类型。,Sheet1:1343,DN200PPR管
REVIEW-MAT-00731,C,medium,specs_conflict,PPR接头,工程建材/水暖建材/水暖五金,规格: 200；材质: PPR,个,,存在低精度或人工复核标记，需要补齐信息。,确认材质、口径/规格、连接方式和类型。,Sheet1:1344,200PPR接头
REVIEW-MAT-00732,D,high,alias_conflict,花篮螺丝,吊装索具/其他/拉紧器,规格: 10厘,个,,存在阻塞冲突，不能自动放行。,先解决别名、单位或分组冲突，不要自动创建物料。,Sheet1:1346,10厘花篮
REVIEW-MAT-00733,C,medium,needs_human_review,膨胀钩,五金备件/其他/紧固件,规格: 10厘,个,,存在低精度或人工复核标记，需要补齐信息。,确认规格、材质/强度等级和单位。,Sheet1:1347,10厘膨胀钩
REVIEW-MAT-00734,D,high,alias_conflict,拖把,劳保用品/其他/清洁工具,类型: 拖把,个,,存在阻塞冲突，不能自动放行。,先解决别名、单位或分组冲突，不要自动创建物料。,Sheet1:1352,拖把
REVIEW-MAT-00735,C,medium,missing_specs,双门控制箱,设备备件与加工件/金属加工件/金属加工件,定制: 是；结构: 双门,套,至少一个: 型号；规格；图号；适用设备；材质,未满足当前分组的关键规格模板。,确认型号、图号、适用设备和关键尺寸。,Sheet1:1356,定做双门控制箱
REVIEW-MAT-00736,C,medium,needs_human_review,推进泵吸轮,设备备件与加工件/金属加工件/金属加工件,定制: 是；适用设备: 推进泵；类型: 吸轮,套,,存在低精度或人工复核标记，需要补齐信息。,确认型号、图号、适用设备和关键尺寸。,Sheet1:1357,定做推进泵吸轮
REVIEW-MAT-00737,C,medium,needs_human_review,扁钢,金属原材料/其他/型钢,规格: 40*4,米,,存在低精度或人工复核标记，需要补齐信息。,确认材质、规格尺寸和执行标准。,Sheet1:1359,40*4扁铁
REVIEW-MAT-00738,C,medium,missing_specs,水平尺,工具器具/量具测量/量具测量,长度: 60cm,把,至少一个: 型号；规格；品牌；尺寸；适用设备,未满足当前分组的关键规格模板。,确认品牌、型号/规格和适用设备。,Sheet1:1360,60cm水平尺
REVIEW-MAT-00739,C,medium,missing_specs,水平尺,工具器具/量具测量/量具测量,长度: 100cm,把,至少一个: 型号；规格；品牌；尺寸；适用设备,未满足当前分组的关键规格模板。,确认品牌、型号/规格和适用设备。,Sheet1:1361,100cm水平尺
REVIEW-MAT-00740,C,medium,low_precision_conflict,不锈钢合页,五金备件/其他/门窗五金,规格: 110；材质: 不锈钢,副,,存在低精度或人工复核标记，需要补齐信息。,按默认规则补齐至少一个关键规格字段。,Sheet1:1362,110不锈钢合页
REVIEW-MAT-00741,C,medium,specs_conflict,钻头,工具器具/工具配件/工具配件,规格: 4.0,支,,存在低精度或人工复核标记，需要补齐信息。,确认品牌、型号/规格和适用设备。,Sheet1:1364,4.0钻头
REVIEW-MAT-00742,C,medium,specs_conflict,钻头,工具器具/工具配件/工具配件,规格: 5.0,支,,存在低精度或人工复核标记，需要补齐信息。,确认品牌、型号/规格和适用设备。,Sheet1:1365,5.0钻头
REVIEW-MAT-00743,C,medium,specs_conflict,钻头,工具器具/工具配件/工具配件,规格: 5.5,支,,存在低精度或人工复核标记，需要补齐信息。,确认品牌、型号/规格和适用设备。,Sheet1:1366,5.5钻头
REVIEW-MAT-00744,D,high,alias_conflict,自喷漆,化工油漆胶粘/油漆涂料/涂料油漆,颜色: 白色；类型: 喷漆,瓶,,存在阻塞冲突，不能自动放行。,先解决别名、单位或分组冲突，不要自动创建物料。,Sheet1:1367,白色喷漆
REVIEW-MAT-00745,C,medium,needs_human_review,钢管,金属原材料/其他/钢管,规格: 32*4.5,米,,存在低精度或人工复核标记，需要补齐信息。,确认材质、规格尺寸和执行标准。,Sheet1:1370,32*4.5钢管
REVIEW-MAT-00746,D,high,alias_conflict,螺丝,五金备件/其他/紧固件,规格: M20*130,套,,存在阻塞冲突，不能自动放行。,先解决别名、单位或分组冲突，不要自动创建物料。,Sheet1:1371,M20*130螺丝
REVIEW-MAT-00747,D,high,alias_conflict,螺丝,五金备件/其他/紧固件,规格: M20*35,套,,存在阻塞冲突，不能自动放行。,先解决别名、单位或分组冲突，不要自动创建物料。,Sheet1:1372,M20*35螺丝
REVIEW-MAT-00748,D,high,alias_conflict,螺丝,五金备件/其他/紧固件,规格: M20*40,套,,存在阻塞冲突，不能自动放行。,先解决别名、单位或分组冲突，不要自动创建物料。,Sheet1:1373,M20*40螺丝
REVIEW-MAT-00749,C,medium,missing_specs,伸缩铝梯,工具器具/其他/登高工具,长度: 12米；材质: 铝；特征: 加厚伸缩,台,至少一个: 型号；规格；品牌；尺寸；适用设备,未满足当前分组的关键规格模板。,确认品牌、型号/规格和适用设备。,Sheet1:1378,12米加厚伸缩铝梯
REVIEW-MAT-00750,C,medium,needs_human_review,铁圈卡扣,设备备件与加工件/金属加工件/金属加工件,加工: 是；规格: 168；类型: 铁圈卡扣,个,,存在低精度或人工复核标记，需要补齐信息。,确认型号、图号、适用设备和关键尺寸。,Sheet1:1379,加工168铁圈卡扣
REVIEW-MAT-00751,C,medium,needs_human_review,带牙铁管加工件,设备备件与加工件/金属加工件/金属加工件,加工: 是；规格: 80*150；工序: 带牙,根,,存在低精度或人工复核标记，需要补齐信息。,确认型号、图号、适用设备和关键尺寸。,Sheet1:1381,加工80*150铁管带牙
REVIEW-MAT-00752,C,medium,low_precision_conflict,膨胀螺丝,五金备件/其他/紧固件,规格: 8*60,个,,存在低精度或人工复核标记，需要补齐信息。,确认规格、材质/强度等级和单位。,Sheet1:1383,8*60膨胀螺丝
REVIEW-MAT-00753,C,medium,specs_conflict,无缝管,金属原材料/其他/钢管,规格: 325*12,米,,存在低精度或人工复核标记，需要补齐信息。,确认材质、规格尺寸和执行标准。,Sheet1:1384,325*12无缝管
REVIEW-MAT-00754,C,medium,specs_conflict,焊接弯头,工程建材/其他/管件,规格: 325；特征: 加厚；连接: 焊接,个,,存在低精度或人工复核标记，需要补齐信息。,确认规格、材质/强度等级、尺寸和包装单位。,Sheet1:1385,325加厚焊接弯头
REVIEW-MAT-00755,C,medium,needs_human_review,法兰盘,工程建材/其他/管件,规格: 325；类型: 法兰盘,个,,存在低精度或人工复核标记，需要补齐信息。,确认规格、材质/强度等级、尺寸和包装单位。,Sheet1:1386,325法兰盘
REVIEW-MAT-00756,D,high,alias_conflict,法兰胶垫,工程建材/其他/密封垫,规格: 325；材质: 胶,个,,存在阻塞冲突，不能自动放行。,先解决别名、单位或分组冲突，不要自动创建物料。,Sheet1:1387,325胶垫
REVIEW-MAT-00757,D,high,alias_conflict,螺丝,五金备件/其他/紧固件,规格: 22*100,个,,存在阻塞冲突，不能自动放行。,先解决别名、单位或分组冲突，不要自动创建物料。,Sheet1:1388,22*100螺丝
REVIEW-MAT-00758,C,medium,low_precision_conflict,螺母,五金备件/其他/紧固件,规格: 22,个,,存在低精度或人工复核标记，需要补齐信息。,确认规格、材质/强度等级和单位。,Sheet1:1389,22螺母
REVIEW-MAT-00759,C,medium,specs_conflict,不锈钢球阀,工程建材/其他/阀门,品牌: 埃美柯；规格: 80；材质: 不锈钢；特征: 厚,个,,存在低精度或人工复核标记，需要补齐信息。,确认规格、材质/强度等级、尺寸和包装单位。,Sheet1:1392,埃美柯80不锈钢厚球阀
REVIEW-MAT-00760,C,medium,specs_conflict,鸭嘴吊具,吊装索具/其他/吊具,载荷: 20T；类型: 鸭嘴吊具,个,,存在低精度或人工复核标记，需要补齐信息。,按默认规则补齐至少一个关键规格字段。,Sheet1:1395,20T鸭嘴吊具
REVIEW-MAT-00761,D,high,alias_conflict,油布,工程建材/其他/防护覆盖,类型: 油布,平方,至少一个: 规格；型号；材质；厚度；尺寸；包装规格；强度等级,存在阻塞冲突，不能自动放行。,先解决别名、单位或分组冲突，不要自动创建物料。,Sheet1:1396,油布
REVIEW-MAT-00762,C,medium,needs_human_review,鞋垫,劳保用品/其他/足部防护,类型: 鞋垫,双,,存在低精度或人工复核标记，需要补齐信息。,确认类型、规格、材质和安全等级。,Sheet1:1397,鞋垫
REVIEW-MAT-00763,C,medium,needs_human_review,无缝管加工件,设备备件与加工件/金属加工件/金属加工件,加工: 是；规格: 325*12；长度: 12米,根,,存在低精度或人工复核标记，需要补齐信息。,确认型号、图号、适用设备和关键尺寸。,Sheet1:1403,加工325*12无缝管加工12米
REVIEW-MAT-00764,C,medium,needs_human_review,卡簧,五金备件/其他/紧固件,规格: 40；类型: 卡簧,个,,存在低精度或人工复核标记，需要补齐信息。,确认规格、材质/强度等级和单位。,Sheet1:1404,40卡簧
REVIEW-MAT-00765,C,medium,specs_conflict,螺丝,五金备件/其他/紧固件,规格: 16*160,个,,存在低精度或人工复核标记，需要补齐信息。,确认规格、材质/强度等级和单位。,Sheet1:1405,16*160螺丝
REVIEW-MAT-00766,C,medium,needs_human_review,不锈钢骑马卡,五金备件/其他/管道紧固,规格: 40；材质: 不锈钢,个,,存在低精度或人工复核标记，需要补齐信息。,按默认规则补齐至少一个关键规格字段。,Sheet1:1408,40不锈钢骑马卡
REVIEW-MAT-00767,D,high,alias_conflict,膨胀螺丝,五金备件/其他/紧固件,规格: 6厘,个,,存在阻塞冲突，不能自动放行。,先解决别名、单位或分组冲突，不要自动创建物料。,Sheet1:1409,6厘膨胀螺丝
REVIEW-MAT-00768,C,medium,specs_conflict,卡槽弯头,设备备件与加工件/金属加工件/金属加工件,定制: 是；规格: 168；特征: 加长、带卡槽,个,,存在低精度或人工复核标记，需要补齐信息。,确认型号、图号、适用设备和关键尺寸。,Sheet1:1410,定做加长168弯头带卡槽
REVIEW-MAT-00769,C,medium,specs_conflict,卡槽弯头,设备备件与加工件/金属加工件/金属加工件,定制: 是；规格: 219；特征: 加长、带卡槽,个,,存在低精度或人工复核标记，需要补齐信息。,确认型号、图号、适用设备和关键尺寸。,Sheet1:1411,定做加长219弯头带卡槽
REVIEW-MAT-00770,C,medium,low_precision_conflict,扁平吊装带,吊装索具/吊带索具/吊带,执行标准: 国标；颜色: 彩色；额定载荷: 3T；长度: 3米,付,,存在低精度或人工复核标记，需要补齐信息。,按默认规则补齐至少一个关键规格字段。,Sheet1:1412,国标彩色3T*3米吊带
REVIEW-MAT-00771,C,medium,low_precision_conflict,扁平吊装带,吊装索具/吊带索具/吊带,执行标准: 国标；颜色: 彩色；额定载荷: 5T；长度: 6米,付,,存在低精度或人工复核标记，需要补齐信息。,按默认规则补齐至少一个关键规格字段。,Sheet1:1413,国标彩色5T*6米吊带
REVIEW-MAT-00772,C,medium,missing_specs,弓形卸扣,吊装索具/吊装连接件/卸扣吊钩,额定载荷: 6.5T；型式: 弓形,个,至少一个: 规格；型号；类型；材质；品牌；尺寸；长度；厚度；功率；包装规格；适用设备,未满足当前分组的关键规格模板。,按默认规则补齐至少一个关键规格字段。,Sheet1:1414,6.5T弓形卸扣
REVIEW-MAT-00773,C,medium,missing_specs,弓形卸扣,吊装索具/吊装连接件/卸扣吊钩,额定载荷: 4.75T；型式: 弓形,个,至少一个: 规格；型号；类型；材质；品牌；尺寸；长度；厚度；功率；包装规格；适用设备,未满足当前分组的关键规格模板。,按默认规则补齐至少一个关键规格字段。,Sheet1:1415,4.75T弓形卸扣
REVIEW-MAT-00774,C,medium,missing_specs,集装袋,包装与标识/袋箱膜包装/袋箱膜,载重: 1.5T,个,至少一个: 规格；型号；类型；材质；品牌；尺寸；长度；厚度；功率；包装规格；适用设备,未满足当前分组的关键规格模板。,按默认规则补齐至少一个关键规格字段。,Sheet1:1416,1.5T吨袋
REVIEW-MAT-00775,C,medium,missing_specs,无缝钢管,金属原材料/钢材型材/钢材型材,外径: 48mm；壁厚: 4.0mm || 外径: 48mm；壁厚: 4mm,米,至少一个: 材质；规格；厚度；宽度；长度；表面,未满足当前分组的关键规格模板。,确认材质、规格尺寸和执行标准。,Sheet1:1418；Sheet1:1921,48*4.0无缝管；48*4厚无缝管
REVIEW-MAT-00776,C,medium,specs_conflict,防锈润滑剂,化工油漆胶粘/其他/润滑剂,品牌/型号: WD-40,瓶,,存在低精度或人工复核标记，需要补齐信息。,确认类型、品牌/型号、颜色和包装规格。,Sheet1:1420,WD40润滑剂
REVIEW-MAT-00777,C,medium,missing_specs,弓形卸扣,吊装索具/吊装连接件/卸扣吊钩,额定载荷: 9.5T；型式: 弓形,个,至少一个: 规格；型号；类型；材质；品牌；尺寸；长度；厚度；功率；包装规格；适用设备,未满足当前分组的关键规格模板。,按默认规则补齐至少一个关键规格字段。,Sheet1:1421,9.5T弓形卸扣
REVIEW-MAT-00778,C,medium,missing_specs,敲击螺丝刀,工具器具/手动工具/通用手动工具,长度: 400mm,个,至少一个: 型号；规格；品牌；尺寸；适用设备,未满足当前分组的关键规格模板。,确认品牌、型号/规格和适用设备。,Sheet1:1422；Sheet1:1886,400敲击螺丝刀
REVIEW-MAT-00779,C,medium,needs_human_review,接地线,电气与自动化/电线电缆与敷设/电线电缆,品牌: 起帆；截面积: 16mm2；用途: 接地,米,,存在低精度或人工复核标记，需要补齐信息。,确认品牌、型号、电气参数和安装/连接方式。,Sheet1:1425,起帆16平方地线
REVIEW-MAT-00780,C,medium,specs_conflict,DT铜鼻子,电气与自动化/电线电缆与敷设/电线电缆,型号: DT；适配线径: 150mm2；材质: 铜,个,,存在低精度或人工复核标记，需要补齐信息。,确认品牌、型号、电气参数和安装/连接方式。,Sheet1:1426,DT150平方铜鼻子
REVIEW-MAT-00781,C,medium,specs_conflict,DT铜鼻子,电气与自动化/电线电缆与敷设/电线电缆,型号: DT；适配线径: 120mm2；材质: 铜,个,,存在低精度或人工复核标记，需要补齐信息。,确认品牌、型号、电气参数和安装/连接方式。,Sheet1:1427,DT120平方铜鼻子
REVIEW-MAT-00782,C,medium,specs_conflict,DT铜鼻子,电气与自动化/电线电缆与敷设/电线电缆,型号: DT；适配线径: 95mm2；材质: 铜,个,,存在低精度或人工复核标记，需要补齐信息。,确认品牌、型号、电气参数和安装/连接方式。,Sheet1:1428,DT95平方铜鼻子
REVIEW-MAT-00783,C,medium,specs_conflict,DT铜鼻子,电气与自动化/电线电缆与敷设/电线电缆,型号: DT；适配线径: 70mm2；材质: 铜,个,,存在低精度或人工复核标记，需要补齐信息。,确认品牌、型号、电气参数和安装/连接方式。,Sheet1:1429,DT70平方铜鼻子
REVIEW-MAT-00784,B,low,note_question,OT铜端子,电气与自动化/电线电缆与敷设/电线电缆,型号: OT25-8；线径规格: 25mm2；孔径: 8mm；材质: 铜,个,,备注中仍有轻微待确认问题。,让业务人员确认备注中的轻微疑问后再升级为 A。,Sheet1:1430,OT25-8铜端子
REVIEW-MAT-00785,B,low,note_question,OT铜端子,电气与自动化/电线电缆与敷设/电线电缆,型号: OT6-6；线径规格: 6mm2；孔径: 6mm；材质: 铜,个,,备注中仍有轻微待确认问题。,让业务人员确认备注中的轻微疑问后再升级为 A。,Sheet1:1431,OT6-6铜端子
REVIEW-MAT-00786,C,medium,missing_specs,消防蝶阀,阀门/其他/消防阀门,公称直径: DN150；特征: 加长,个,至少一个: 规格；型号；类型；材质；品牌；尺寸；长度；厚度；功率；包装规格；适用设备,未满足当前分组的关键规格模板。,按默认规则补齐至少一个关键规格字段。,Sheet1:1432,150消防加长蝶阀
REVIEW-MAT-00787,C,medium,needs_human_review,国标法兰,管道管件/其他/法兰,规格: DN325；压力等级: 16kg；执行标准: 国标,个,,存在低精度或人工复核标记，需要补齐信息。,确认材质、口径/规格、连接方式和类型。,Sheet1:1433,325*16KG国标法兰
REVIEW-MAT-00788,D,high,alias_conflict,法兰垫片,管道管件/其他/密封垫片,规格: DN325；材质: 胶,个,,存在阻塞冲突，不能自动放行。,先解决别名、单位或分组冲突，不要自动创建物料。,Sheet1:1434,325胶垫
REVIEW-MAT-00789,D,high,alias_conflict,六角螺栓组件,紧固件/螺纹紧固件/螺丝螺栓,规格: M22*100；成套: 是,套,,存在阻塞冲突，不能自动放行。,先解决别名、单位或分组冲突，不要自动创建物料。,Sheet1:1435,22*100螺丝
REVIEW-MAT-00790,C,medium,missing_specs,双联重型管卡,管道管件/管道紧固/管夹卡箍,适配管径: 40；用途: 注浆管；型式: 重型卡槽两联,个,至少一个: 规格；口径；DN；材质；类型,未满足当前分组的关键规格模板。,确认材质、口径/规格、连接方式和类型。,Sheet1:1437,40注浆管重型卡槽两联
REVIEW-MAT-00791,C,medium,missing_specs,卡槽导轨,管道管件/管道紧固/管夹卡箍,适配管径: 40；用途: 注浆管,条,至少一个: 规格；口径；DN；材质；类型,未满足当前分组的关键规格模板。,确认材质、口径/规格、连接方式和类型。,Sheet1:1438,40注浆管卡槽导轨
REVIEW-MAT-00792,C,medium,needs_human_review,多功能打印机,行政办公与清洁/其他/办公设备,品牌: 惠普,台,,存在低精度或人工复核标记，需要补齐信息。,确认规格、品牌和包装单位。,Sheet1:1439,惠普多功能打印机
REVIEW-MAT-00793,C,medium,missing_specs,办公桌,行政办公与清洁/生活后勤/生活用品,品类: 办公桌,个,至少一个: 规格；类型；品牌；包装规格,未满足当前分组的关键规格模板。,确认规格、品牌和包装单位。,Sheet1:1440,办公桌
REVIEW-MAT-00794,C,medium,specs_conflict,办公椅,行政办公与清洁/生活后勤/生活用品,品牌: 得力；类型: 多功能椅,个,,存在低精度或人工复核标记，需要补齐信息。,确认规格、品牌和包装单位。,Sheet1:1441,得力多功能椅子
REVIEW-MAT-00795,C,medium,missing_specs,胶枪,工具器具/其他/施胶工具,适用材料: 聚氨酯胶,个,至少一个: 型号；规格；品牌；尺寸；适用设备,未满足当前分组的关键规格模板。,确认品牌、型号/规格和适用设备。,Sheet1:1442,聚氨酯胶枪
REVIEW-MAT-00796,C,medium,specs_conflict,定制钢板,设备备件与加工件/金属加工件/金属加工件,定制: 是；尺寸: 400*1000*30mm；材质: 钢板,块,,存在低精度或人工复核标记，需要补齐信息。,确认型号、图号、适用设备和关键尺寸。,Sheet1:1443,定做加工400*1000*30钢板
REVIEW-MAT-00797,C,medium,missing_specs,U型卸扣,吊装索具/吊装连接件/卸扣吊钩,额定载荷: 10T；型式: U型,个,至少一个: 规格；型号；类型；材质；品牌；尺寸；长度；厚度；功率；包装规格；适用设备,未满足当前分组的关键规格模板。,按默认规则补齐至少一个关键规格字段。,Sheet1:1445,10吨U型卸扣
REVIEW-MAT-00798,D,high,alias_conflict,二氧化碳减压表,焊接焊割/焊割耗材/割嘴焊嘴,适用气体: 二氧化碳,个,至少一个: 型号；规格；直径；材质；类型,存在阻塞冲突，不能自动放行。,先解决别名、单位或分组冲突，不要自动创建物料。,Sheet1:1448；Sheet1:2126,二氧化碳表
REVIEW-MAT-00799,D,high,alias_conflict,氧气减压表,焊接焊割/焊割耗材/割嘴焊嘴,适用气体: 氧气,个,至少一个: 型号；规格；直径；材质；类型,存在阻塞冲突，不能自动放行。,先解决别名、单位或分组冲突，不要自动创建物料。,Sheet1:1449；Sheet1:2124,氧气表
REVIEW-MAT-00800,D,high,alias_conflict,石笔,工具器具/其他/划线耗材,品类: 石笔,个,至少一个: 型号；规格；品牌；尺寸；适用设备,存在阻塞冲突，不能自动放行。,先解决别名、单位或分组冲突，不要自动创建物料。,Sheet1:1451,石笔
REVIEW-MAT-00801,D,high,alias_conflict,记号笔,行政办公与清洁/办公用品/文具书写,品类: 记号笔,个,至少一个: 规格；类型；品牌；包装规格,存在阻塞冲突，不能自动放行。,先解决别名、单位或分组冲突，不要自动创建物料。,Sheet1:1452；Sheet1:2217,记号笔
REVIEW-MAT-00802,C,medium,missing_specs,油漆笔,工具器具/其他/标记用品,品类: 油漆笔,个,至少一个: 型号；规格；品牌；尺寸；适用设备,未满足当前分组的关键规格模板。,确认品牌、型号/规格和适用设备。,Sheet1:1453,油漆笔
REVIEW-MAT-00803,C,medium,missing_specs,透明钢丝软管,管道管件/其他/软管,公称直径: 50；特征: 加厚、透明、钢丝增强,米,至少一个: 规格；口径；DN；材质；类型,未满足当前分组的关键规格模板。,确认材质、口径/规格、连接方式和类型。,Sheet1:1454,50加厚透明钢丝管
REVIEW-MAT-00804,C,medium,missing_specs,焊工手套,劳保用品/手部防护/手套,特征: 加长；用途: 焊工,双,至少一个: 类型；规格；材质；型号,未满足当前分组的关键规格模板。,确认类型、规格、材质和安全等级。,Sheet1:1456,加长焊工手套
REVIEW-MAT-00805,C,medium,needs_human_review,全胶手套,劳保用品/手部防护/手套,类型: 全胶,双,,存在低精度或人工复核标记，需要补齐信息。,确认类型、规格、材质和安全等级。,Sheet1:1457,全胶手套
REVIEW-MAT-00806,D,high,alias_conflict,油布,劳保用品/其他/覆盖防护,特征: 加厚,平方,至少一个: 类型；规格；材质；型号,存在阻塞冲突，不能自动放行。,先解决别名、单位或分组冲突，不要自动创建物料。,Sheet1:1458；Sheet1:1500；Sheet1:1650；Sheet1:1803；Sheet1:1951；Sheet1:2141,加厚油布；油布加厚
REVIEW-MAT-00807,D,high,alias_conflict,花纹钢板,金属原材料/钢材型材/钢材型材,厚度: 3.0mm；表面: 花纹,平方,,存在阻塞冲突，不能自动放行。,先解决别名、单位或分组冲突，不要自动创建物料。,Sheet1:1459,3.0花纹钢板
REVIEW-MAT-00808,C,medium,needs_human_review,冲孔不锈钢板,设备备件与加工件/金属加工件/金属加工件,尺寸: 250*250*3mm；材质: 不锈钢；加工: 冲孔,块,,存在低精度或人工复核标记，需要补齐信息。,确认型号、图号、适用设备和关键尺寸。,Sheet1:1460,250*250*3不锈钢加工冲孔
REVIEW-MAT-00809,C,medium,missing_specs,木方垫板,设备备件与加工件/金属加工件/金属加工件,尺寸: 200*200*1500mm；加工: 是；用途: 垫板,根,至少一个: 型号；规格；图号；适用设备；材质,未满足当前分组的关键规格模板。,确认型号、图号、适用设备和关键尺寸。,Sheet1:1461,加工200*200*1500木方垫板
REVIEW-MAT-00810,C,medium,specs_conflict,麻袋,包装与标识/袋箱膜包装/袋箱膜,尺寸: 70*100,个,,存在低精度或人工复核标记，需要补齐信息。,按默认规则补齐至少一个关键规格字段。,Sheet1:1463,70*100麻袋
REVIEW-MAT-00811,D,high,alias_conflict,棉布,行政办公与清洁/清洁用品/清洁工具耗材,形态: 大块,kg,至少一个: 规格；类型；品牌；包装规格,存在阻塞冲突，不能自动放行。,先解决别名、单位或分组冲突，不要自动创建物料。,Sheet1:1464；Sheet1:1851；Sheet1:1942；Sheet1:2099；Sheet1:2267,大块棉布
REVIEW-MAT-00812,C,medium,missing_specs,吸油棉,行政办公与清洁/清洁用品/清洁工具耗材,尺寸: 40*50*5；用途: 吸油,个,至少一个: 规格；类型；品牌；包装规格,未满足当前分组的关键规格模板。,确认规格、品牌和包装单位。,Sheet1:1465,40*50*5吸油棉
REVIEW-MAT-00813,D,high,alias_conflict,一次性雨衣,劳保用品/其他/雨具,类型: 一次性；特征: 加厚,个,,存在阻塞冲突，不能自动放行。,先解决别名、单位或分组冲突，不要自动创建物料。,Sheet1:1466；Sheet1:1913,一次性加厚雨衣
REVIEW-MAT-00814,C,medium,missing_specs,快硬水泥,工程建材/水泥砂石/水泥砂石,类型: 快速/快硬,包,至少一个: 规格；型号；材质；厚度；尺寸；包装规格；强度等级,未满足当前分组的关键规格模板。,确认规格、材质/强度等级、尺寸和包装单位。,Sheet1:1467,快速水泥
REVIEW-MAT-00815,C,medium,missing_specs,雨衣套装,劳保用品/其他/雨具,特征: 加厚；套装: 是,套,至少一个: 类型；规格；材质；型号,未满足当前分组的关键规格模板。,确认类型、规格、材质和安全等级。,Sheet1:1468,加厚雨衣套装
REVIEW-MAT-00816,C,medium,missing_specs,高压油管,液压气动/液压管路/高压胶管,公称直径: 50,米,至少一个: 规格；型号；类型；材质；品牌；尺寸；长度；厚度；功率；包装规格；适用设备,未满足当前分组的关键规格模板。,按默认规则补齐至少一个关键规格字段。,Sheet1:1469；Sheet1:1501；Sheet1:1606；Sheet1:1738,50高压油管；50高压管
REVIEW-MAT-00817,C,medium,needs_human_review,高压油管接头,液压气动/液压管路/高压胶管,公称直径: 50；类型: 接头,个,,存在低精度或人工复核标记，需要补齐信息。,按默认规则补齐至少一个关键规格字段。,Sheet1:1470,50高压接头
REVIEW-MAT-00818,C,medium,needs_human_review,高压外接头,液压气动/液压管路/高压胶管,公称直径: 50；连接类型: 外接,个,,存在低精度或人工复核标记，需要补齐信息。,按默认规则补齐至少一个关键规格字段。,Sheet1:1471,50高压外接
REVIEW-MAT-00819,C,medium,missing_specs,明矾,化工油漆胶粘/其他/无机盐,化学品: 明矾,kg,至少一个: 类型；品牌；型号；包装规格；颜色,未满足当前分组的关键规格模板。,确认类型、品牌/型号、颜色和包装规格。,Sheet1:1472,明矾
REVIEW-MAT-00820,C,medium,missing_specs,橡胶垫块,设备备件与加工件/金属加工件/金属加工件,尺寸: 260*330*5mm；加工: 是,块,至少一个: 型号；规格；图号；适用设备；材质,未满足当前分组的关键规格模板。,确认型号、图号、适用设备和关键尺寸。,Sheet1:1473,加工260*330*5橡胶垫块
REVIEW-MAT-00821,C,medium,specs_conflict,气源分配器,设备备件与加工件/金属加工件/金属加工件,定制: 是；材质: 不锈钢；接口: 2寸,套,,存在低精度或人工复核标记，需要补齐信息。,确认型号、图号、适用设备和关键尺寸。,Sheet1:1475,定做不锈钢2寸气源分配器
REVIEW-MAT-00822,C,medium,low_precision_conflict,镀锌三通,管道管件/金属管件/镀锌管件,公称直径: 50；材质/表面: 镀锌,个,,存在低精度或人工复核标记，需要补齐信息。,确认材质、口径/规格、连接方式和类型。,Sheet1:1476,50镀锌三通
REVIEW-MAT-00823,C,medium,specs_conflict,镀锌外丝接头,管道管件/金属管件/镀锌管件,规格: 50*40；连接: 外丝；表面: 镀锌,个,,存在低精度或人工复核标记，需要补齐信息。,确认材质、口径/规格、连接方式和类型。,Sheet1:1477,50*40镀锌外丝
REVIEW-MAT-00824,C,medium,missing_specs,镀锌直通,管道管件/金属管件/镀锌管件,公称直径: 50；表面: 镀锌,个,至少一个: 规格；口径；DN；材质；类型,未满足当前分组的关键规格模板。,确认材质、口径/规格、连接方式和类型。,Sheet1:1478,50镀锌直通
REVIEW-MAT-00825,C,medium,missing_specs,镀锌外接头,管道管件/金属管件/镀锌管件,公称直径: 50；连接: 外接；表面: 镀锌,个,至少一个: 规格；口径；DN；材质；类型,未满足当前分组的关键规格模板。,确认材质、口径/规格、连接方式和类型。,Sheet1:1479,50镀锌外接
REVIEW-MAT-00826,C,medium,needs_human_review,堵头,设备备件与加工件/金属加工件/金属加工件,定制: 是；规格: 300,套,,存在低精度或人工复核标记，需要补齐信息。,确认型号、图号、适用设备和关键尺寸。,Sheet1:1480,定做300堵头
REVIEW-MAT-00827,C,medium,missing_specs,无缝钢管,金属原材料/钢材型材/钢材型材,外径: 89mm；壁厚: 6mm,米,至少一个: 材质；规格；厚度；宽度；长度；表面,未满足当前分组的关键规格模板。,确认材质、规格尺寸和执行标准。,Sheet1:1481,89*6无缝管
REVIEW-MAT-00828,C,medium,specs_conflict,消防卡箍,管道管件/管道紧固/管夹卡箍,规格: 89；用途: 消防,个,,存在低精度或人工复核标记，需要补齐信息。,确认材质、口径/规格、连接方式和类型。,Sheet1:1482,89消防卡箍
REVIEW-MAT-00829,C,medium,needs_human_review,加厚卡槽,设备备件与加工件/金属加工件/金属加工件,加工: 是；规格: 89；特征: 加厚卡槽,个,,存在低精度或人工复核标记，需要补齐信息。,确认型号、图号、适用设备和关键尺寸。,Sheet1:1483；Sheet1:1753,加工89加厚卡槽
REVIEW-MAT-00830,C,medium,missing_specs,无缝钢管,金属原材料/钢材型材/钢材型材,外径: 325mm；壁厚: 14mm,米,至少一个: 材质；规格；厚度；宽度；长度；表面,未满足当前分组的关键规格模板。,确认材质、规格尺寸和执行标准。,Sheet1:1484,325*14无缝管
REVIEW-MAT-00831,C,medium,missing_specs,水泥,工程建材/水泥砂石/水泥砂石,品类: 水泥,包,至少一个: 规格；型号；材质；厚度；尺寸；包装规格；强度等级,未满足当前分组的关键规格模板。,确认规格、材质/强度等级、尺寸和包装单位。,Sheet1:1485；Sheet1:2276,水泥
REVIEW-MAT-00832,D,high,alias_conflict,膨胀螺丝,紧固件/锚固件/膨胀锚栓,规格: 6厘,个,,存在阻塞冲突，不能自动放行。,先解决别名、单位或分组冲突，不要自动创建物料。,Sheet1:1487；Sheet1:1564,6厘膨胀螺丝
REVIEW-MAT-00833,C,medium,specs_conflict,扁钢,金属原材料/钢材型材/钢材型材,规格: 80*6mm,米,,存在低精度或人工复核标记，需要补齐信息。,确认材质、规格尺寸和执行标准。,Sheet1:1490,80*6扁铁
REVIEW-MAT-00834,C,medium,specs_conflict,焊接弯头,管道管件/其他/弯头,规格: 325；连接: 焊接,个,,存在低精度或人工复核标记，需要补齐信息。,确认材质、口径/规格、连接方式和类型。,Sheet1:1491,325焊接弯头
REVIEW-MAT-00835,C,medium,specs_conflict,焊接弯头,管道管件/其他/弯头,规格: 325；角度: 45度；连接: 焊接,个,,存在低精度或人工复核标记，需要补齐信息。,确认材质、口径/规格、连接方式和类型。,Sheet1:1492,325*45焊接弯头
REVIEW-MAT-00836,D,high,alias_conflict,焊接弯头,管道管件/其他/弯头,规格: 89；连接: 焊接,个,,存在阻塞冲突，不能自动放行。,先解决别名、单位或分组冲突，不要自动创建物料。,Sheet1:1493,89焊接弯头
REVIEW-MAT-00837,C,medium,specs_conflict,法兰,管道管件/其他/法兰,规格: 325,个,,存在低精度或人工复核标记，需要补齐信息。,确认材质、口径/规格、连接方式和类型。,Sheet1:1494,325法兰
REVIEW-MAT-00838,C,medium,specs_conflict,槽钢,金属原材料/钢材型材/钢材型材,规格: 10#；执行标准: 国标,米,,存在低精度或人工复核标记，需要补齐信息。,确认材质、规格尺寸和执行标准。,Sheet1:1495；Sheet1:1537；Sheet1:1918,10#国标槽钢
REVIEW-MAT-00839,C,medium,specs_conflict,工字钢,金属原材料/钢材型材/钢材型材,规格: 20#,米,,存在低精度或人工复核标记，需要补齐信息。,确认材质、规格尺寸和执行标准。,Sheet1:1496,20工字钢
REVIEW-MAT-00840,C,medium,missing_specs,明装插座,电气与自动化/插头插座/插头插座,安装方式: 明装,个,至少一个: 型号；规格；品牌；电流；电压；功率；位数,未满足当前分组的关键规格模板。,确认品牌、型号、电气参数和安装/连接方式。,Sheet1:1497,明装插座
REVIEW-MAT-00841,C,medium,needs_human_review,电箱门锁,电气与自动化/其他/配电箱附件,规格/型号: 325；用途: 电箱门,个,,存在低精度或人工复核标记，需要补齐信息。,确认品牌、型号、电气参数和安装/连接方式。,Sheet1:1499,325电箱门锁
REVIEW-MAT-00842,C,medium,missing_specs,电焊手套,劳保用品/手部防护/手套,特征: 双层、加厚；用途: 电焊,双,至少一个: 类型；规格；材质；型号,未满足当前分组的关键规格模板。,确认类型、规格、材质和安全等级。,Sheet1:1502,双层电焊手套厚
REVIEW-MAT-00843,C,medium,missing_specs,伸缩梯,设备备件与加工件/金属加工件/金属加工件,定制: 是；长度: 8米；厚度: 5.2mm,台,至少一个: 型号；规格；图号；适用设备；材质,未满足当前分组的关键规格模板。,确认型号、图号、适用设备和关键尺寸。,Sheet1:1503,定做8米*5.2mm厚伸缩梯
REVIEW-MAT-00844,C,medium,low_precision_conflict,尼龙绳,吊装索具/吊带索具/钢丝绳链条,材质: 尼龙,米,,存在低精度或人工复核标记，需要补齐信息。,按默认规则补齐至少一个关键规格字段。,Sheet1:1505,尼龙绳
REVIEW-MAT-00845,C,medium,specs_conflict,螺丝组件,紧固件/螺纹紧固件/螺丝螺栓,规格: M8*25；成套: 是,套,,存在低精度或人工复核标记，需要补齐信息。,确认规格、材质/强度等级和单位。,Sheet1:1507；Sheet1:2094,8*25螺丝；M8*25螺丝
REVIEW-MAT-00846,C,medium,specs_conflict,双联重型管卡,管道管件/管道紧固/管夹卡箍,规格: 40*2；型式: 双联重型,套,,存在低精度或人工复核标记，需要补齐信息。,确认材质、口径/规格、连接方式和类型。,Sheet1:1510,双联重型管卡40*2
REVIEW-MAT-00847,C,medium,needs_human_review,不锈钢卡槽,管道管件/管道紧固/管夹卡箍,材质: 不锈钢,米,,存在低精度或人工复核标记，需要补齐信息。,确认材质、口径/规格、连接方式和类型。,Sheet1:1511,不锈钢卡槽
REVIEW-MAT-00848,C,medium,needs_human_review,润滑油,化工油漆胶粘/其他/润滑剂,品牌: 摩力克；型号: D321R,支,,存在低精度或人工复核标记，需要补齐信息。,确认类型、品牌/型号、颜色和包装规格。,Sheet1:1512,D321R摩力克润滑油
REVIEW-MAT-00849,C,medium,needs_human_review,镀锌异径接头,管道管件/金属管件/镀锌管件,规格: 100*50；表面: 镀锌；类型: 大小头,个,,存在低精度或人工复核标记，需要补齐信息。,确认材质、口径/规格、连接方式和类型。,Sheet1:1514,100*50镀锌大小头
REVIEW-MAT-00850,C,medium,missing_specs,安全防护网,安全防护/隔离防护/防护网,特征: 加厚,平方,至少一个: 类型；规格；材质；型号,未满足当前分组的关键规格模板。,确认类型、规格、材质和安全等级。,Sheet1:1515,厚安全防护网
REVIEW-MAT-00851,C,medium,needs_human_review,定制接头,设备备件与加工件/金属加工件/金属加工件,加工: 是；规格: 50*150,个,,存在低精度或人工复核标记，需要补齐信息。,确认型号、图号、适用设备和关键尺寸。,Sheet1:1516,加工50*150接头
REVIEW-MAT-00852,C,medium,needs_human_review,液压快速接头,液压气动/液压管路/高压胶管,型号: GR6-25S；类型: 快速接头,套,,存在低精度或人工复核标记，需要补齐信息。,按默认规则补齐至少一个关键规格字段。,Sheet1:1517,GR6-25S液压快速接头
REVIEW-MAT-00853,C,medium,missing_specs,减速带,安全防护/其他/交通设施,尺寸: 60cm*55；款式: 大二线,根,至少一个: 类型；规格；材质；型号,未满足当前分组的关键规格模板。,确认类型、规格、材质和安全等级。,Sheet1:1519,60cm*55减速带大二线
REVIEW-MAT-00854,C,medium,specs_conflict,高压接头,液压气动/液压管路/高压胶管,型号/规格: 36/25S,个,,存在低精度或人工复核标记，需要补齐信息。,按默认规则补齐至少一个关键规格字段。,Sheet1:1520,36/25s高压接头
REVIEW-MAT-00855,C,medium,specs_conflict,高压接头,液压气动/液压管路/高压胶管,型号/规格: 33/25S,个,,存在低精度或人工复核标记，需要补齐信息。,按默认规则补齐至少一个关键规格字段。,Sheet1:1521,33/25s高压接头
REVIEW-MAT-00856,C,medium,specs_conflict,高压接头,液压气动/液压管路/高压胶管,型号/规格: 36/28S,个,,存在低精度或人工复核标记，需要补齐信息。,按默认规则补齐至少一个关键规格字段。,Sheet1:1522,36/28s高压接头
REVIEW-MAT-00857,C,medium,specs_conflict,高压弯头,液压气动/液压管路/高压胶管,型号/规格: 36*2S；类型: 弯头,个,,存在低精度或人工复核标记，需要补齐信息。,按默认规则补齐至少一个关键规格字段。,Sheet1:1523,36*2s高压弯头
REVIEW-MAT-00858,C,medium,missing_specs,法兰电动蝶阀,阀门/其他/电动阀门,公称直径: DN50；连接: 法兰；驱动: 电动,个,至少一个: 规格；型号；类型；材质；品牌；尺寸；长度；厚度；功率；包装规格；适用设备,未满足当前分组的关键规格模板。,按默认规则补齐至少一个关键规格字段。,Sheet1:1524,50法兰电动蝶阀
REVIEW-MAT-00859,C,medium,missing_specs,法兰电动蝶阀,阀门/其他/电动阀门,公称直径: DN80；连接: 法兰；驱动: 电动,个,至少一个: 规格；型号；类型；材质；品牌；尺寸；长度；厚度；功率；包装规格；适用设备,未满足当前分组的关键规格模板。,按默认规则补齐至少一个关键规格字段。,Sheet1:1525,80法兰电动蝶阀
REVIEW-MAT-00860,C,medium,missing_specs,波纹管,管道管件/其他/波纹管,公称直径: 20,米,至少一个: 规格；口径；DN；材质；类型,未满足当前分组的关键规格模板。,确认材质、口径/规格、连接方式和类型。,Sheet1:1526；Sheet1:1673；Sheet1:2206,20波纹管
REVIEW-MAT-00861,C,medium,specs_conflict,防锈润滑剂,化工油漆胶粘/其他/润滑剂,品牌/型号: WD-40；功能: 除锈润滑,支,,存在低精度或人工复核标记，需要补齐信息。,确认类型、品牌/型号、颜色和包装规格。,Sheet1:1527,WD40除锈润滑剂
REVIEW-MAT-00862,C,medium,missing_specs,管钳,工具器具/手动工具/通用手动工具,长度: 300mm,个,至少一个: 型号；规格；品牌；尺寸；适用设备,未满足当前分组的关键规格模板。,确认品牌、型号/规格和适用设备。,Sheet1:1529,300管钳
REVIEW-MAT-00863,C,medium,missing_specs,管钳,工具器具/手动工具/通用手动工具,长度: 350mm,个,至少一个: 型号；规格；品牌；尺寸；适用设备,未满足当前分组的关键规格模板。,确认品牌、型号/规格和适用设备。,Sheet1:1530,350管钳
REVIEW-MAT-00864,C,medium,missing_specs,管钳,工具器具/手动工具/通用手动工具,长度: 400mm,个,至少一个: 型号；规格；品牌；尺寸；适用设备,未满足当前分组的关键规格模板。,确认品牌、型号/规格和适用设备。,Sheet1:1531,400管钳
REVIEW-MAT-00865,C,medium,specs_conflict,内六角扳手套装,工具器具/手动工具/通用手动工具,品牌: 世达；类型: 六角扳手套装,套,,存在低精度或人工复核标记，需要补齐信息。,确认品牌、型号/规格和适用设备。,Sheet1:1532,世达六角扳手
REVIEW-MAT-00866,C,medium,needs_human_review,气动电磁阀,液压气动/气动元件/接头阀管,类型: 电磁阀；用途: 气动,个,,存在低精度或人工复核标记，需要补齐信息。,按默认规则补齐至少一个关键规格字段。,Sheet1:1533,气动电磁阀
REVIEW-MAT-00867,C,medium,needs_human_review,气源处理双联件,液压气动/气动元件/接头阀管,型号系列: AFC；类型: 双联件,个,,存在低精度或人工复核标记，需要补齐信息。,按默认规则补齐至少一个关键规格字段。,Sheet1:1534,AFC双联件
REVIEW-MAT-00868,C,medium,specs_conflict,电线,电气与自动化/电线电缆与敷设/电线电缆,品牌: 起帆；截面积: 16mm2,米,,存在低精度或人工复核标记，需要补齐信息。,确认品牌、型号、电气参数和安装/连接方式。,Sheet1:1535；Sheet1:1852,16m2起帆电线；16㎡起帆电线；起帆16平方电线
REVIEW-MAT-00869,C,medium,low_precision_conflict,花纹钢板,金属原材料/钢材型材/钢材型材,厚度: 5mm；表面: 花纹,平方,,存在低精度或人工复核标记，需要补齐信息。,确认材质、规格尺寸和执行标准。,Sheet1:1538；Sheet1:1920,5mm花纹钢板
REVIEW-MAT-00870,C,medium,low_precision_conflict,高强度螺丝,紧固件/螺纹紧固件/螺丝螺栓,规格: M5*95；强度等级: 12.9,套,,存在低精度或人工复核标记，需要补齐信息。,确认规格、材质/强度等级和单位。,Sheet1:1540,M5*95 12.9螺丝
REVIEW-MAT-00874,C,medium,specs_conflict,电动扳手套筒,工具器具/其他/套筒,规格: 12号；适用: 电动扳手,支,,存在低精度或人工复核标记，需要补齐信息。,确认品牌、型号/规格和适用设备。,Sheet1:1545,12号电动扳手套筒
REVIEW-MAT-00875,C,medium,specs_conflict,电动扳手套筒,工具器具/其他/套筒,规格: 42号；适用: 电动扳手,个,,存在低精度或人工复核标记，需要补齐信息。,确认品牌、型号/规格和适用设备。,Sheet1:1546,42号电动扳手套筒
REVIEW-MAT-00876,C,medium,low_precision_conflict,扁平吊装带,吊装索具/吊带索具/吊带,额定载荷: 5T；长度: 8米；颜色: 彩色,根,,存在低精度或人工复核标记，需要补齐信息。,按默认规则补齐至少一个关键规格字段。,Sheet1:1547,5T*8米彩色吊带
REVIEW-MAT-00877,C,medium,missing_specs,螺纹钢筋,金属原材料/钢材型材/钢材型材,直径: 22mm,条,至少一个: 材质；规格；厚度；宽度；长度；表面,未满足当前分组的关键规格模板。,确认材质、规格尺寸和执行标准。,Sheet1:1548,22钢筋
REVIEW-MAT-00878,D,high,alias_conflict,卸扣,吊装索具/吊装连接件/卸扣吊钩,额定载荷: 2T,个,至少一个: 规格；型号；类型；材质；品牌；尺寸；长度；厚度；功率；包装规格；适用设备,存在阻塞冲突，不能自动放行。,先解决别名、单位或分组冲突，不要自动创建物料。,Sheet1:1549；Sheet1:1875；Sheet1:2870,2T卸扣；卸扣2T
REVIEW-MAT-00879,D,high,alias_conflict,卸扣,吊装索具/吊装连接件/卸扣吊钩,额定载荷: 4T,个,至少一个: 规格；型号；类型；材质；品牌；尺寸；长度；厚度；功率；包装规格；适用设备,存在阻塞冲突，不能自动放行。,先解决别名、单位或分组冲突，不要自动创建物料。,Sheet1:1550；Sheet1:2195,4T卸扣
REVIEW-MAT-00880,C,medium,missing_specs,卸扣,吊装索具/吊装连接件/卸扣吊钩,额定载荷: 6T,个,至少一个: 规格；型号；类型；材质；品牌；尺寸；长度；厚度；功率；包装规格；适用设备,未满足当前分组的关键规格模板。,按默认规则补齐至少一个关键规格字段。,Sheet1:1551；Sheet1:2196,6T卸扣
REVIEW-MAT-00881,C,medium,needs_human_review,木方垫,设备备件与加工件/金属加工件/金属加工件,加工: 是；规格: 100*100,米,,存在低精度或人工复核标记，需要补齐信息。,确认型号、图号、适用设备和关键尺寸。,Sheet1:1552,加工100*100木方垫
REVIEW-MAT-00882,C,medium,missing_specs,润滑脂,化工油漆胶粘/其他/润滑脂,俗称: 黄油,桶,至少一个: 类型；品牌；型号；包装规格；颜色,未满足当前分组的关键规格模板。,确认类型、品牌/型号、颜色和包装规格。,Sheet1:1554,黄油
REVIEW-MAT-00883,C,medium,specs_conflict,防锈润滑剂,化工油漆胶粘/其他/润滑剂,品牌/型号: WD-40；功能: 除锈,支,,存在低精度或人工复核标记，需要补齐信息。,确认类型、品牌/型号、颜色和包装规格。,Sheet1:1555,WD-40除锈剂
REVIEW-MAT-00884,C,medium,missing_specs,电缆线,电气与自动化/电线电缆与敷设/电线电缆,芯数: 3；截面积: 1.5mm2,米,至少一个: 型号；规格；品牌；电流；电压；功率；位数,未满足当前分组的关键规格模板。,确认品牌、型号、电气参数和安装/连接方式。,Sheet1:1556,3*1.5电缆线
REVIEW-MAT-00885,C,medium,missing_specs,活动扳手,工具器具/手动工具/通用手动工具,长度: 450mm,支,至少一个: 型号；规格；品牌；尺寸；适用设备,未满足当前分组的关键规格模板。,确认品牌、型号/规格和适用设备。,Sheet1:1557,450活动扳手
REVIEW-MAT-00886,C,medium,needs_human_review,高压外丝接头,液压气动/液压管路/高压胶管,螺纹: M36*2A；类型: 外丝,个,,存在低精度或人工复核标记，需要补齐信息。,按默认规则补齐至少一个关键规格字段。,Sheet1:1560,M36*2A高压外丝
REVIEW-MAT-00887,C,medium,missing_specs,吸油棉,行政办公与清洁/清洁用品/清洁工具耗材,用途: 吸油,张,至少一个: 规格；类型；品牌；包装规格,未满足当前分组的关键规格模板。,确认规格、品牌和包装单位。,Sheet1:1562,吸油棉
REVIEW-MAT-00888,C,medium,missing_specs,螺丝取出器,工具器具/其他/拆卸工具,类型: 螺丝取出器,套,至少一个: 型号；规格；品牌；尺寸；适用设备,未满足当前分组的关键规格模板。,确认品牌、型号/规格和适用设备。,Sheet1:1563,螺丝取出器
REVIEW-MAT-00889,C,medium,low_precision_conflict,螺杆,紧固件/其他/螺杆,规格: M20*70,套,,存在低精度或人工复核标记，需要补齐信息。,确认规格、材质/强度等级和单位。,Sheet1:1565,20*70螺杆
REVIEW-MAT-00890,C,medium,low_precision_conflict,螺杆,紧固件/其他/螺杆,规格: M20*50,套,,存在低精度或人工复核标记，需要补齐信息。,确认规格、材质/强度等级和单位。,Sheet1:1566,20*50螺杆
REVIEW-MAT-00891,C,medium,specs_conflict,螺母,紧固件/螺纹紧固件/螺母垫圈,规格: M20,个,,存在低精度或人工复核标记，需要补齐信息。,确认规格、材质/强度等级和单位。,Sheet1:1567；Sheet1:1977,20螺母；M20螺母
REVIEW-MAT-00892,C,medium,low_precision_conflict,螺杆,紧固件/其他/螺杆,规格: M16*60,个,,存在低精度或人工复核标记，需要补齐信息。,确认规格、材质/强度等级和单位。,Sheet1:1569,16*60螺杆
REVIEW-MAT-00893,D,high,alias_conflict,螺母,紧固件/螺纹紧固件/螺母垫圈,规格: M16,个,,存在阻塞冲突，不能自动放行。,先解决别名、单位或分组冲突，不要自动创建物料。,Sheet1:1570,16螺母
REVIEW-MAT-00894,C,medium,specs_conflict,焊接异径接头,管道管件/其他/焊接管件,规格: 273*168；类型: 大小头；连接: 焊接,个,,存在低精度或人工复核标记，需要补齐信息。,确认材质、口径/规格、连接方式和类型。,Sheet1:1573,273*168焊接大小头
REVIEW-MAT-00895,C,medium,specs_conflict,法兰,管道管件/其他/法兰,规格: DN273,个,,存在低精度或人工复核标记，需要补齐信息。,确认材质、口径/规格、连接方式和类型。,Sheet1:1574,273法兰盘
REVIEW-MAT-00896,D,high,alias_conflict,焊接弯头,管道管件/其他/弯头,规格: 168；连接: 焊接,个,,存在阻塞冲突，不能自动放行。,先解决别名、单位或分组冲突，不要自动创建物料。,Sheet1:1575,168焊接弯头
REVIEW-MAT-00898,C,medium,needs_human_review,焊接接头,设备备件与加工件/金属加工件/金属加工件,加工: 是；规格: 168；连接: 焊接,个,,存在低精度或人工复核标记，需要补齐信息。,确认型号、图号、适用设备和关键尺寸。,Sheet1:1578,加工168焊接接头
REVIEW-MAT-00899,C,medium,needs_human_review,不锈钢控制箱,设备备件与加工件/金属加工件/金属加工件,定制: 是；材质: 不锈钢,套,,存在低精度或人工复核标记，需要补齐信息。,确认型号、图号、适用设备和关键尺寸。,Sheet1:1579,定做不锈钢控制箱
REVIEW-MAT-00900,C,medium,needs_human_review,镀锌活接,管道管件/金属管件/镀锌管件,公称直径: 50；表面: 镀锌；类型: 活接,个,,存在低精度或人工复核标记，需要补齐信息。,确认材质、口径/规格、连接方式和类型。,Sheet1:1583,50镀锌活接
REVIEW-MAT-00901,C,medium,specs_conflict,螺丝组件,紧固件/螺纹紧固件/螺丝螺栓,规格: M6*25；成套: 是,套,,存在低精度或人工复核标记，需要补齐信息。,确认规格、材质/强度等级和单位。,Sheet1:1584,M6*25螺丝
REVIEW-MAT-00902,C,medium,needs_human_review,胶手套,劳保用品/手部防护/手套,类型: 胶手套,双,,存在低精度或人工复核标记，需要补齐信息。,确认类型、规格、材质和安全等级。,Sheet1:1585；Sheet1:2268,胶手套
REVIEW-MAT-00903,C,medium,missing_specs,砂纸,工具器具/工具耗材/切磨耗材,粒度: 细,张,至少一个: 型号；规格；品牌；尺寸；适用设备,未满足当前分组的关键规格模板。,确认品牌、型号/规格和适用设备。,Sheet1:1586,细砂纸
REVIEW-MAT-00904,C,medium,needs_human_review,焊接卡扣,设备备件与加工件/金属加工件/金属加工件,加工: 是；规格: 168；连接: 焊接,个,,存在低精度或人工复核标记，需要补齐信息。,确认型号、图号、适用设备和关键尺寸。,Sheet1:1587,加工168焊接卡扣
REVIEW-MAT-00905,D,high,alias_conflict,膨胀螺丝,紧固件/锚固件/膨胀锚栓,规格: M14*100,套,,存在阻塞冲突，不能自动放行。,先解决别名、单位或分组冲突，不要自动创建物料。,Sheet1:1588,14*100膨胀螺丝
REVIEW-MAT-00906,C,medium,needs_human_review,异径接头,管道管件/其他/管接头,规格: 80*50；类型: 大小头,个,,存在低精度或人工复核标记，需要补齐信息。,确认材质、口径/规格、连接方式和类型。,Sheet1:1589,80*50大小头
REVIEW-MAT-00907,C,medium,low_precision_conflict,膨胀螺丝,紧固件/锚固件/膨胀锚栓,规格: M10*80,套,,存在低精度或人工复核标记，需要补齐信息。,确认规格、材质/强度等级和单位。,Sheet1:1593,10*80膨胀螺丝
REVIEW-MAT-00908,C,medium,missing_specs,定制电箱罩,设备备件与加工件/金属加工件/金属加工件,尺寸: 2.3*1.3*0.7；定制: 是；特征: 加厚,套,至少一个: 型号；规格；图号；适用设备；材质,未满足当前分组的关键规格模板。,确认型号、图号、适用设备和关键尺寸。,Sheet1:1594,2.3*1.3*0.7定做加厚电箱罩
REVIEW-MAT-00909,C,medium,missing_specs,定制电箱罩,设备备件与加工件/金属加工件/金属加工件,尺寸: 1.8*1.6*0.6；定制: 是；特征: 加厚,套,至少一个: 型号；规格；图号；适用设备；材质,未满足当前分组的关键规格模板。,确认型号、图号、适用设备和关键尺寸。,Sheet1:1595,1.8*1.6*0.6定做加厚电箱罩
REVIEW-MAT-00910,C,medium,needs_human_review,不锈钢增压泵,设备备件与加工件/设备专用备件/设备备件,功率: 3kW；材质: 不锈钢；类型: 增压泵,台,,存在低精度或人工复核标记，需要补齐信息。,确认型号、图号、适用设备和关键尺寸。,Sheet1:1599,3千瓦不锈钢增压泵
REVIEW-MAT-00911,C,medium,needs_human_review,氧气管接头,焊接焊割/焊割耗材/割嘴焊嘴,规格: 8厘；适用气体: 氧气,个,,存在低精度或人工复核标记，需要补齐信息。,确认型号、直径/规格、材质和包装。,Sheet1:1600,8厘氧气管接头
REVIEW-MAT-00912,C,medium,specs_conflict,高压堵头,液压气动/液压管路/高压胶管,规格: 1/2英寸；类型: 堵头,个,,存在低精度或人工复核标记，需要补齐信息。,按默认规则补齐至少一个关键规格字段。,Sheet1:1601,1/2高压堵头
REVIEW-MAT-00913,C,medium,specs_conflict,高压堵头,液压气动/液压管路/高压胶管,规格: 3/4英寸；类型: 堵头,个,,存在低精度或人工复核标记，需要补齐信息。,按默认规则补齐至少一个关键规格字段。,Sheet1:1602,3/4高压堵头
REVIEW-MAT-00914,C,medium,specs_conflict,高压堵头,液压气动/液压管路/高压胶管,规格: 1英寸；类型: 堵头,个,,存在低精度或人工复核标记，需要补齐信息。,按默认规则补齐至少一个关键规格字段。,Sheet1:1603,1高压堵头
REVIEW-MAT-00915,C,medium,specs_conflict,高压堵头,液压气动/液压管路/高压胶管,规格: 1.5寸；类型: 堵头,个,,存在低精度或人工复核标记，需要补齐信息。,按默认规则补齐至少一个关键规格字段。,Sheet1:1604,1.5寸高压堵头
REVIEW-MAT-00916,C,medium,specs_conflict,高压堵头,液压气动/液压管路/高压胶管,规格: 2寸；类型: 堵头,个,,存在低精度或人工复核标记，需要补齐信息。,按默认规则补齐至少一个关键规格字段。,Sheet1:1605,2寸高压堵头
REVIEW-MAT-00917,C,medium,specs_conflict,不锈钢球阀,阀门/通用阀门/球阀,品牌: 埃美柯；公称直径: DN50；材质: 不锈钢,个,,存在低精度或人工复核标记，需要补齐信息。,按默认规则补齐至少一个关键规格字段。,Sheet1:1609,50埃美柯不锈钢球阀
REVIEW-MAT-00918,C,medium,missing_specs,电动油脂泵,设备备件与加工件/设备专用备件/设备备件,驱动: 电动；功能: 自动供脂,套,至少一个: 型号；规格；图号；适用设备；材质,未满足当前分组的关键规格模板。,确认型号、图号、适用设备和关键尺寸。,Sheet1:1610,自动电动油脂泵
REVIEW-MAT-00919,D,high,alias_conflict,拖把,行政办公与清洁/清洁用品/清洁工具耗材,品类: 拖把,个,至少一个: 规格；类型；品牌；包装规格,存在阻塞冲突，不能自动放行。,先解决别名、单位或分组冲突，不要自动创建物料。,Sheet1:1611；Sheet1:2014,拖把
REVIEW-MAT-00920,D,high,alias_conflict,抹布,行政办公与清洁/清洁用品/清洁工具耗材,品类: 抹布,条,至少一个: 规格；类型；品牌；包装规格,存在阻塞冲突，不能自动放行。,先解决别名、单位或分组冲突，不要自动创建物料。,Sheet1:1612,抹布
REVIEW-MAT-00921,C,medium,missing_specs,油污清洗剂,行政办公与清洁/清洁用品/清洁工具耗材,功能: 去油污,瓶,至少一个: 规格；类型；品牌；包装规格,未满足当前分组的关键规格模板。,确认规格、品牌和包装单位。,Sheet1:1613,油污净
REVIEW-MAT-00922,C,medium,low_precision_conflict,漏电断路器,电气与自动化/低压电器/低压电器,品牌: 施耐德；极数: 2P；额定电流: 40A,个,,存在低精度或人工复核标记，需要补齐信息。,确认品牌、型号、电气参数和安装/连接方式。,Sheet1:1614；Sheet1:1641,2P40A施耐德漏电保护
REVIEW-MAT-00923,C,medium,missing_specs,时控开关,电气与自动化/低压电器/低压电器,类型: 时控开关,个,至少一个: 型号；规格；品牌；电流；电压；功率；位数,未满足当前分组的关键规格模板。,确认品牌、型号、电气参数和安装/连接方式。,Sheet1:1615,时控开关
REVIEW-MAT-00924,D,high,alias_conflict,铁丝,五金备件/其他/金属丝,材质: 铁,kg,,存在阻塞冲突，不能自动放行。,先解决别名、单位或分组冲突，不要自动创建物料。,Sheet1:1617；Sheet1:2189,铁丝
REVIEW-MAT-00925,C,medium,missing_specs,弹簧减压阀,阀门/其他/减压阀,公称直径: DN25；结构: 弹簧式,个,至少一个: 规格；型号；类型；材质；品牌；尺寸；长度；厚度；功率；包装规格；适用设备,未满足当前分组的关键规格模板。,按默认规则补齐至少一个关键规格字段。,Sheet1:1618,DN25弹簧减压阀
REVIEW-MAT-00926,C,medium,missing_specs,透明软管,管道管件/其他/软管,公称直径: 25；特征: 透明,米,至少一个: 规格；口径；DN；材质；类型,未满足当前分组的关键规格模板。,确认材质、口径/规格、连接方式和类型。,Sheet1:1620,25透明管
REVIEW-MAT-00927,C,medium,specs_conflict,外丝接头,设备备件与加工件/金属加工件/金属加工件,定制: 是；规格: 1寸；连接: 外丝,个,,存在低精度或人工复核标记，需要补齐信息。,确认型号、图号、适用设备和关键尺寸。,Sheet1:1621,定做1寸外丝
REVIEW-MAT-00928,C,medium,needs_human_review,钢焊接件,设备备件与加工件/金属加工件/金属加工件,定制: 是；尺寸: 80*200；材质: 钢；工艺: 焊接,个,,存在低精度或人工复核标记，需要补齐信息。,确认型号、图号、适用设备和关键尺寸。,Sheet1:1622,定做80*200钢焊接
REVIEW-MAT-00930,C,medium,missing_specs,高压油管,液压气动/液压管路/高压胶管,公称直径: 80,米,至少一个: 规格；型号；类型；材质；品牌；尺寸；长度；厚度；功率；包装规格；适用设备,未满足当前分组的关键规格模板。,按默认规则补齐至少一个关键规格字段。,Sheet1:1625；Sheet1:1687；Sheet1:1713,80高压油管；80高压管
REVIEW-MAT-00931,C,medium,specs_conflict,加厚铜接头,液压气动/液压管路/高压胶管,规格: 80；材质: 铜；特征: 加厚,个,,存在低精度或人工复核标记，需要补齐信息。,按默认规则补齐至少一个关键规格字段。,Sheet1:1626；Sheet1:1653；Sheet1:1714；Sheet1:2270,80加厚铜头
REVIEW-MAT-00932,C,medium,low_precision_conflict,铜头铝套组件,液压气动/液压管路/高压胶管,规格: 80；组成: 铜头、铝扣；特征: 加厚,个,,存在低精度或人工复核标记，需要补齐信息。,按默认规则补齐至少一个关键规格字段。,Sheet1:1627,80加厚铜头铝扣
REVIEW-MAT-00933,C,medium,specs_conflict,法兰,管道管件/其他/法兰,规格: DN89；压力等级: 16kg,个,,存在低精度或人工复核标记，需要补齐信息。,确认材质、口径/规格、连接方式和类型。,Sheet1:1628,89*16KG法兰盘
REVIEW-MAT-00934,C,medium,specs_conflict,不锈钢球阀,阀门/通用阀门/球阀,品牌: 埃美柯；公称直径: DN80；材质: 不锈钢,个,,存在低精度或人工复核标记，需要补齐信息。,按默认规则补齐至少一个关键规格字段。,Sheet1:1629,80埃美柯不锈钢球阀
REVIEW-MAT-00935,C,medium,specs_conflict,不锈钢单向阀,阀门/其他/单向阀,品牌: 埃美柯；公称直径: DN80；材质: 不锈钢,个,,存在低精度或人工复核标记，需要补齐信息。,按默认规则补齐至少一个关键规格字段。,Sheet1:1630,80埃美柯不锈钢单向阀
REVIEW-MAT-00936,C,medium,missing_specs,Y型法兰过滤器,阀门/其他/过滤器,公称直径: DN80；结构: Y型；连接: 法兰,个,至少一个: 型号；规格；图号；适用设备；材质,未满足当前分组的关键规格模板。,确认型号、图号、适用设备和关键尺寸。,Sheet1:1631,80Y型法兰过滤器
REVIEW-MAT-00937,C,medium,specs_conflict,气源分配器,设备备件与加工件/金属加工件/金属加工件,定制: 是；材质: 不锈钢；路数: 6路,个,,存在低精度或人工复核标记，需要补齐信息。,确认型号、图号、适用设备和关键尺寸。,Sheet1:1632,定做6路不锈钢气源分配器
REVIEW-MAT-00938,C,medium,needs_human_review,水泵防护罩,设备备件与加工件/金属加工件/金属加工件,定制: 是；材质: 不锈钢；尺寸: 60*90,个,,存在低精度或人工复核标记，需要补齐信息。,确认型号、图号、适用设备和关键尺寸。,Sheet1:1633,定做不锈钢水泵防护罩60*90
REVIEW-MAT-00939,C,medium,needs_human_review,双卡管道连接器,管道管件/管道紧固/管夹卡箍,规格: 325；型式: 双卡,个,,存在低精度或人工复核标记，需要补齐信息。,确认材质、口径/规格、连接方式和类型。,Sheet1:1634,双卡325管道连接器
REVIEW-MAT-00940,C,medium,missing_specs,喷火枪,工具器具/其他/焊割工具,功能: 多功能,个,至少一个: 型号；规格；品牌；尺寸；适用设备,未满足当前分组的关键规格模板。,确认品牌、型号/规格和适用设备。,Sheet1:1635,多功能喷火枪
REVIEW-MAT-00941,C,medium,missing_specs,热风机,工具器具/电动工具/电钻角磨机,功率: 2000W,个,至少一个: 型号；规格；品牌；尺寸；适用设备,未满足当前分组的关键规格模板。,确认品牌、型号/规格和适用设备。,Sheet1:1637,2000W热风机
REVIEW-MAT-00943,C,medium,needs_human_review,室外照明灯,电气与自动化/照明与报警/灯具,功率: 200W；用途: 室外,个,,存在低精度或人工复核标记，需要补齐信息。,确认品牌、型号、电气参数和安装/连接方式。,Sheet1:1639,200W室外照明灯
REVIEW-MAT-00944,C,medium,specs_conflict,内六角螺丝,紧固件/螺纹紧固件/螺丝螺栓,规格: M8*45；头型: 内六角,个,,存在低精度或人工复核标记，需要补齐信息。,确认规格、材质/强度等级和单位。,Sheet1:1640,M8*45内六角螺丝
REVIEW-MAT-00945,C,medium,missing_specs,双开门电箱,设备备件与加工件/金属加工件/金属加工件,定制: 是；结构: 双开门；适配功率: 11kW,个,至少一个: 型号；规格；图号；适用设备；材质,未满足当前分组的关键规格模板。,确认型号、图号、适用设备和关键尺寸。,Sheet1:1642,定做双开门11千瓦电箱
REVIEW-MAT-00946,C,medium,needs_human_review,二保焊绝缘套,焊接焊割/焊割耗材/割嘴焊嘴,用途: 二保焊；类型: 绝缘套,个,,存在低精度或人工复核标记，需要补齐信息。,确认型号、直径/规格、材质和包装。,Sheet1:1644,二保焊绝缘套
REVIEW-MAT-00947,D,high,alias_conflict,膨胀螺丝,紧固件/锚固件/膨胀锚栓,规格: M14*100,个,,存在阻塞冲突，不能自动放行。,先解决别名、单位或分组冲突，不要自动创建物料。,Sheet1:1646,14*100膨胀螺丝
REVIEW-MAT-00948,C,medium,specs_conflict,LED灯泡,电气与自动化/照明与报警/灯具,功率: 40W；类型: LED,个,,存在低精度或人工复核标记，需要补齐信息。,确认品牌、型号、电气参数和安装/连接方式。,Sheet1:1648,LED40W灯泡
REVIEW-MAT-00949,C,medium,missing_specs,吊灯头,电气与自动化/照明与报警/灯具,类型: 吊灯头,个,至少一个: 型号；规格；品牌；电流；电压；功率；位数,未满足当前分组的关键规格模板。,确认品牌、型号、电气参数和安装/连接方式。,Sheet1:1649；Sheet1:2172,吊灯头
REVIEW-MAT-00950,C,medium,specs_conflict,加厚铜接头,液压气动/液压管路/高压胶管,规格: 50；材质: 铜；特征: 加厚,个,,存在低精度或人工复核标记，需要补齐信息。,按默认规则补齐至少一个关键规格字段。,Sheet1:1651；Sheet1:2269,50加厚铜头
REVIEW-MAT-00953,C,medium,specs_conflict,尼龙扎带,电气与自动化/其他/扎带,规格: 10*500；包装: 大包,包,,存在低精度或人工复核标记，需要补齐信息。,确认品牌、型号、电气参数和安装/连接方式。,Sheet1:1657,10*500大包扎带
REVIEW-MAT-00955,C,medium,needs_human_review,双外丝无缝管,设备备件与加工件/金属加工件/金属加工件,加工: 是；材质/形态: 无缝管；连接: 两头外丝,个,,存在低精度或人工复核标记，需要补齐信息。,确认型号、图号、适用设备和关键尺寸。,Sheet1:1661,加工两头外丝无缝管
REVIEW-MAT-00956,C,medium,specs_conflict,消防卡箍,管道管件/管道紧固/管夹卡箍,规格: 50；用途: 消防,个,,存在低精度或人工复核标记，需要补齐信息。,确认材质、口径/规格、连接方式和类型。,Sheet1:1663,50消防卡箍
REVIEW-MAT-00957,C,medium,specs_conflict,消防卡箍,管道管件/管道紧固/管夹卡箍,规格: 65；用途: 消防,个,,存在低精度或人工复核标记，需要补齐信息。,确认材质、口径/规格、连接方式和类型。,Sheet1:1664,65消防卡箍
REVIEW-MAT-00958,C,medium,specs_conflict,消防卡箍,管道管件/管道紧固/管夹卡箍,规格: 80；用途: 消防,个,,存在低精度或人工复核标记，需要补齐信息。,确认材质、口径/规格、连接方式和类型。,Sheet1:1665,80消防卡箍
REVIEW-MAT-00959,C,medium,specs_conflict,内六角螺丝,紧固件/螺纹紧固件/螺丝螺栓,规格: M8*40；头型: 内六角,套,,存在低精度或人工复核标记，需要补齐信息。,确认规格、材质/强度等级和单位。,Sheet1:1666；Sheet1:2318,8*40内六角螺丝；M8*40内六角螺丝
REVIEW-MAT-00960,C,medium,needs_human_review,定制橡胶垫,设备备件与加工件/金属加工件/金属加工件,定制: 是；尺寸: 300*350*5mm；材质: 胶,个,,存在低精度或人工复核标记，需要补齐信息。,确认型号、图号、适用设备和关键尺寸。,Sheet1:1667,定做300*350*5胶垫
REVIEW-MAT-00961,C,medium,specs_conflict,电动扳手套筒,工具器具/其他/套筒,品牌: 世达；规格: 23号；适用: 电动扳手,个,,存在低精度或人工复核标记，需要补齐信息。,确认品牌、型号/规格和适用设备。,Sheet1:1668,23号世达电动扳手套筒
REVIEW-MAT-00962,C,medium,specs_conflict,电动扳手套筒,工具器具/其他/套筒,品牌: 世达；规格: 24号；适用: 电动扳手,个,,存在低精度或人工复核标记，需要补齐信息。,确认品牌、型号/规格和适用设备。,Sheet1:1669,24号世达电动扳手套筒
REVIEW-MAT-00964,D,high,alias_conflict,自喷漆,化工油漆胶粘/油漆涂料/涂料油漆,颜色: 白色；类型: 喷漆,个,,存在阻塞冲突，不能自动放行。,先解决别名、单位或分组冲突，不要自动创建物料。,Sheet1:1671,白色喷漆
REVIEW-MAT-00965,C,medium,needs_human_review,压力开关,仪器仪表/其他/压力控制,接口: 4分；类型: 压力开关,个,,存在低精度或人工复核标记，需要补齐信息。,按默认规则补齐至少一个关键规格字段。,Sheet1:1672,4分压力开关
REVIEW-MAT-00966,C,medium,missing_specs,扎丝,工程建材/其他/绑扎材料,品类: 扎丝,卷,至少一个: 规格；型号；材质；厚度；尺寸；包装规格；强度等级,未满足当前分组的关键规格模板。,确认规格、材质/强度等级、尺寸和包装单位。,Sheet1:1674,扎丝
REVIEW-MAT-00967,C,medium,missing_specs,电动抽油泵,设备备件与加工件/设备专用备件/设备备件,驱动: 电动；用途: 抽油,个,至少一个: 型号；规格；图号；适用设备；材质,未满足当前分组的关键规格模板。,确认型号、图号、适用设备和关键尺寸。,Sheet1:1676,电动抽油泵
REVIEW-MAT-00968,D,high,alias_conflict,钢丝软管,管道管件/其他/软管,公称直径: 25；结构: 钢丝增强,米,至少一个: 规格；口径；DN；材质；类型,存在阻塞冲突，不能自动放行。,先解决别名、单位或分组冲突，不要自动创建物料。,Sheet1:1677,25钢丝管
REVIEW-MAT-00969,C,medium,missing_specs,卸扣,吊装索具/吊装连接件/卸扣吊钩,宽度: 6cm；额定载荷: 12T；执行标准: 国标,个,至少一个: 规格；型号；类型；材质；品牌；尺寸；长度；厚度；功率；包装规格；适用设备,未满足当前分组的关键规格模板。,按默认规则补齐至少一个关键规格字段。,Sheet1:1678,宽度6cm12吨国标卸扣
REVIEW-MAT-00970,C,medium,needs_human_review,液压堵头,液压气动/液压管路/高压胶管,型号/规格: 42L；类型: 堵头,个,,存在低精度或人工复核标记，需要补齐信息。,按默认规则补齐至少一个关键规格字段。,Sheet1:1679,42L液压堵头
REVIEW-MAT-00971,C,medium,low_precision_conflict,膨胀螺丝,紧固件/锚固件/膨胀锚栓,规格: M14*150,个,,存在低精度或人工复核标记，需要补齐信息。,确认规格、材质/强度等级和单位。,Sheet1:1680,14*150膨胀螺丝
REVIEW-MAT-00972,C,medium,low_precision_conflict,螺杆,紧固件/其他/螺杆,规格: M10*50,个,,存在低精度或人工复核标记，需要补齐信息。,确认规格、材质/强度等级和单位。,Sheet1:1681,螺杆10*50
REVIEW-MAT-00974,C,medium,specs_conflict,螺母,紧固件/螺纹紧固件/螺母垫圈,规格: M10,个,,存在低精度或人工复核标记，需要补齐信息。,确认规格、材质/强度等级和单位。,Sheet1:1683,M10螺母
REVIEW-MAT-00975,C,medium,needs_human_review,不锈钢螺丝,紧固件/螺纹紧固件/螺丝螺栓,规格: M5.5*32；材质: 不锈钢,个,,存在低精度或人工复核标记，需要补齐信息。,确认规格、材质/强度等级和单位。,Sheet1:1684,M5.5*32不锈钢螺丝
REVIEW-MAT-00976,D,high,alias_conflict,螺丝组件,紧固件/螺纹紧固件/螺丝螺栓,规格: M20*35；成套: 是,套,,存在阻塞冲突，不能自动放行。,先解决别名、单位或分组冲突，不要自动创建物料。,Sheet1:1685,M20*35螺丝
REVIEW-MAT-00977,D,high,alias_conflict,螺丝组件,紧固件/螺纹紧固件/螺丝螺栓,规格: M20*40；成套: 是,套,,存在阻塞冲突，不能自动放行。,先解决别名、单位或分组冲突，不要自动创建物料。,Sheet1:1686,M20*40螺丝
REVIEW-MAT-00978,C,medium,needs_human_review,高压树脂管,液压气动/液压管路/高压胶管,规格: 8厘；材质: 树脂；类型: 高压管,米,,存在低精度或人工复核标记，需要补齐信息。,按默认规则补齐至少一个关键规格字段。,Sheet1:1689,8厘高压树脂管
REVIEW-MAT-00979,C,medium,needs_human_review,不锈钢刀阀,阀门/其他/刀阀,公称直径: DN150；材质: 不锈钢,个,,存在低精度或人工复核标记，需要补齐信息。,按默认规则补齐至少一个关键规格字段。,Sheet1:1692,150不锈钢刀阀
REVIEW-MAT-00980,C,medium,needs_human_review,防滑橡胶垫,劳保用品/其他/地面防护,功能: 防滑；材质: 胶/橡胶,平方,,存在低精度或人工复核标记，需要补齐信息。,确认类型、规格、材质和安全等级。,Sheet1:1693,防滑胶垫
REVIEW-MAT-00981,C,medium,missing_specs,高压枪头,工具器具/工具配件/工具配件,特征: 加长；类型: 高压枪头,个,至少一个: 型号；规格；品牌；尺寸；适用设备,未满足当前分组的关键规格模板。,确认品牌、型号/规格和适用设备。,Sheet1:1694,加长高压枪头
REVIEW-MAT-00982,C,medium,missing_specs,安全网,安全防护/隔离防护/防护网,品类: 安全网,张,至少一个: 类型；规格；材质；型号,未满足当前分组的关键规格模板。,确认类型、规格、材质和安全等级。,Sheet1:1695,安全网
REVIEW-MAT-00983,C,medium,specs_conflict,气管直通接头,液压气动/液压接头/液压接头,规格: 8厘；类型: 直通,个,,存在低精度或人工复核标记，需要补齐信息。,按默认规则补齐至少一个关键规格字段。,Sheet1:1697,8厘气管直通
REVIEW-MAT-00984,C,medium,specs_conflict,气管直通接头,液压气动/液压接头/液压接头,规格: 10厘；类型: 直通,个,,存在低精度或人工复核标记，需要补齐信息。,按默认规则补齐至少一个关键规格字段。,Sheet1:1698,10厘气管直通
REVIEW-MAT-00985,C,medium,specs_conflict,气管直通接头,液压气动/液压接头/液压接头,规格: 16厘；类型: 直通,个,,存在低精度或人工复核标记，需要补齐信息。,按默认规则补齐至少一个关键规格字段。,Sheet1:1699,16厘气管直通
REVIEW-MAT-00986,C,medium,specs_conflict,气管弯头接头,液压气动/液压接头/液压接头,规格: 8厘；类型: 弯头,个,,存在低精度或人工复核标记，需要补齐信息。,按默认规则补齐至少一个关键规格字段。,Sheet1:1700,8厘气管弯头
REVIEW-MAT-00987,C,medium,specs_conflict,气管弯头接头,液压气动/液压接头/液压接头,规格: 10厘；类型: 弯头,个,,存在低精度或人工复核标记，需要补齐信息。,按默认规则补齐至少一个关键规格字段。,Sheet1:1701,10厘气管弯头
REVIEW-MAT-00988,C,medium,specs_conflict,气管弯头接头,液压气动/液压接头/液压接头,规格: 16厘；类型: 弯头,个,,存在低精度或人工复核标记，需要补齐信息。,按默认规则补齐至少一个关键规格字段。,Sheet1:1702,16厘气管弯头
REVIEW-MAT-00989,C,medium,specs_conflict,气管三通接头,液压气动/液压接头/液压接头,规格: 8厘；类型: 三通,个,,存在低精度或人工复核标记，需要补齐信息。,按默认规则补齐至少一个关键规格字段。,Sheet1:1703,8厘气管三通
REVIEW-MAT-00990,C,medium,specs_conflict,气管三通接头,液压气动/液压接头/液压接头,规格: 10厘；类型: 三通,个,,存在低精度或人工复核标记，需要补齐信息。,按默认规则补齐至少一个关键规格字段。,Sheet1:1704,10厘气管三通
REVIEW-MAT-00991,C,medium,specs_conflict,气管三通接头,液压气动/液压接头/液压接头,规格: 16厘；类型: 三通,个,,存在低精度或人工复核标记，需要补齐信息。,按默认规则补齐至少一个关键规格字段。,Sheet1:1705,16厘气管三通
REVIEW-MAT-00992,C,medium,missing_specs,油雾器专用油,化工油漆胶粘/其他/润滑剂,用途: 油雾器,瓶,至少一个: 类型；品牌；型号；包装规格；颜色,未满足当前分组的关键规格模板。,确认类型、品牌/型号、颜色和包装规格。,Sheet1:1706,油雾专用油
REVIEW-MAT-00993,C,medium,missing_specs,塑料焊枪,工具器具/其他/焊接工具,适用材料: 塑料,套,至少一个: 型号；规格；品牌；尺寸；适用设备,未满足当前分组的关键规格模板。,确认品牌、型号/规格和适用设备。,Sheet1:1707,塑料焊枪
REVIEW-MAT-00994,C,medium,needs_human_review,不锈钢数字牌,包装与标识/其他/标牌,材质: 不锈钢；类型: 数字牌,个,,存在低精度或人工复核标记，需要补齐信息。,按默认规则补齐至少一个关键规格字段。,Sheet1:1708,不锈钢数字牌
REVIEW-MAT-00995,D,high,alias_conflict,502瞬干胶,化工油漆胶粘/胶粘密封/胶粘剂,型号/俗称: 502,个,,存在阻塞冲突，不能自动放行。,先解决别名、单位或分组冲突，不要自动创建物料。,Sheet1:1709,502胶水
REVIEW-MAT-00996,C,medium,specs_conflict,滤芯,设备备件与加工件/过滤密封/过滤件,型号: 06/08-25,个,,存在低精度或人工复核标记，需要补齐信息。,确认型号、图号、适用设备和关键尺寸。,Sheet1:1710,06/08-25滤芯
REVIEW-MAT-00997,C,medium,needs_human_review,油封,设备备件与加工件/其他/密封件,品牌: SKF；型号: 37327；进口: 是,个,,存在低精度或人工复核标记，需要补齐信息。,确认型号、图号、适用设备和关键尺寸。,Sheet1:1711,进口SKF-37327油封
REVIEW-MAT-00999,C,medium,specs_conflict,齿轮油,化工油漆胶粘/油品化学品/润滑油脂,包装: 20L；类型: 齿轮油,个,,存在低精度或人工复核标记，需要补齐信息。,确认类型、品牌/型号、颜色和包装规格。,Sheet1:1716,20L齿轮油
REVIEW-MAT-01000,C,medium,specs_conflict,镀锌弯头,管道管件/金属管件/镀锌管件,规格: 80；表面: 镀锌；类型: 弯头,个,,存在低精度或人工复核标记，需要补齐信息。,确认材质、口径/规格、连接方式和类型。,Sheet1:1717,80镀锌弯头
REVIEW-MAT-01001,C,medium,needs_human_review,内丝直通,管道管件/其他/管接头,规格: 80；连接: 内丝；类型: 直通,个,,存在低精度或人工复核标记，需要补齐信息。,确认材质、口径/规格、连接方式和类型。,Sheet1:1718,80内丝直通
REVIEW-MAT-01002,C,medium,missing_specs,单头外丝无缝管,设备备件与加工件/金属加工件/金属加工件,加工: 是；形态: 无缝管；连接: 单头外丝,个,至少一个: 型号；规格；图号；适用设备；材质,未满足当前分组的关键规格模板。,确认型号、图号、适用设备和关键尺寸。,Sheet1:1719,加工单头外丝无缝管
REVIEW-MAT-01003,C,medium,specs_conflict,内六角螺丝,紧固件/螺纹紧固件/螺丝螺栓,规格: M6*40；头型: 内六角,套,,存在低精度或人工复核标记，需要补齐信息。,确认规格、材质/强度等级和单位。,Sheet1:1720,6*40内六角螺丝
REVIEW-MAT-01004,C,medium,needs_human_review,长销,设备备件与加工件/金属加工件/金属加工件,加工: 是；规格: 20*340,个,,存在低精度或人工复核标记，需要补齐信息。,确认型号、图号、适用设备和关键尺寸。,Sheet1:1721,加工长销20*340
REVIEW-MAT-01005,C,medium,specs_conflict,螺丝组件,紧固件/螺纹紧固件/螺丝螺栓,规格: M4*15；成套: 是,套,,存在低精度或人工复核标记，需要补齐信息。,确认规格、材质/强度等级和单位。,Sheet1:1722,M4*15螺丝
REVIEW-MAT-01006,C,medium,specs_conflict,螺丝组件,紧固件/螺纹紧固件/螺丝螺栓,规格: M5*15；成套: 是,套,,存在低精度或人工复核标记，需要补齐信息。,确认规格、材质/强度等级和单位。,Sheet1:1723,M5*15螺丝
REVIEW-MAT-01007,C,medium,specs_conflict,螺丝组件,紧固件/螺纹紧固件/螺丝螺栓,规格: M6*15；成套: 是,套,,存在低精度或人工复核标记，需要补齐信息。,确认规格、材质/强度等级和单位。,Sheet1:1724,M6*15螺丝
REVIEW-MAT-01008,C,medium,specs_conflict,螺丝组件,紧固件/螺纹紧固件/螺丝螺栓,规格: M8*15；成套: 是,套,,存在低精度或人工复核标记，需要补齐信息。,确认规格、材质/强度等级和单位。,Sheet1:1725,M8*15螺丝
REVIEW-MAT-01009,C,medium,specs_conflict,螺丝组件,紧固件/螺纹紧固件/螺丝螺栓,规格: M10*15；成套: 是,套,,存在低精度或人工复核标记，需要补齐信息。,确认规格、材质/强度等级和单位。,Sheet1:1726,M10*15螺丝
REVIEW-MAT-01010,D,high,alias_conflict,自喷漆,化工油漆胶粘/油漆涂料/涂料油漆,颜色: 红色；类型: 自喷漆,支,,存在阻塞冲突，不能自动放行。,先解决别名、单位或分组冲突，不要自动创建物料。,Sheet1:1727,红色自喷漆
REVIEW-MAT-01011,C,medium,missing_specs,反光警示带,安全防护/警示标识/反光警示,宽度: 10cm；颜色: 黄黑；功能: 反光,卷,至少一个: 类型；规格；材质；型号,未满足当前分组的关键规格模板。,确认类型、规格、材质和安全等级。,Sheet1:1728,10cm反光警示带黄黑
REVIEW-MAT-01014,C,medium,needs_human_review,不锈钢双卡抱箍,管道管件/管道紧固/管夹卡箍,规格: 325；材质: 不锈钢；型式: 双卡,个,,存在低精度或人工复核标记，需要补齐信息。,确认材质、口径/规格、连接方式和类型。,Sheet1:1731,325双卡抱箍 不锈钢
REVIEW-MAT-01015,C,medium,needs_human_review,合成纤维垫块,待治理/待治理/非金属垫块,尺寸: 86*65；材质: 合成纤维,个,,存在低精度或人工复核标记，需要补齐信息。,按默认规则补齐至少一个关键规格字段。,Sheet1:1732,86*65合成纤维垫块
REVIEW-MAT-01016,C,medium,low_precision_conflict,螺杆,紧固件/其他/螺杆,规格: M48*120,支,,存在低精度或人工复核标记，需要补齐信息。,确认规格、材质/强度等级和单位。,Sheet1:1734,48*120螺杆
REVIEW-MAT-01017,C,medium,specs_conflict,螺母,紧固件/螺纹紧固件/螺母垫圈,规格: M48,支,,存在低精度或人工复核标记，需要补齐信息。,确认规格、材质/强度等级和单位。,Sheet1:1735,48螺母
REVIEW-MAT-01018,C,medium,needs_human_review,胶粘剂,化工油漆胶粘/胶粘密封/胶粘剂,品牌: 东泰；型号: S1-5910；进口: 是,支,,存在低精度或人工复核标记，需要补齐信息。,确认型号、图号、适用设备和关键尺寸。,Sheet1:1739,进口东泰s1-5910胶
REVIEW-MAT-01019,C,medium,specs_conflict,PPR直通,管道管件/塑料管件/PPR管件,材质: PPR；规格: 63；类型: 直通,个,,存在低精度或人工复核标记，需要补齐信息。,确认材质、口径/规格、连接方式和类型。,Sheet1:1741,63PPR直通
REVIEW-MAT-01020,C,medium,specs_conflict,PPR管,管道管件/塑料管件/PPR管件,材质: PPR；规格: 63,米,,存在低精度或人工复核标记，需要补齐信息。,确认材质、口径/规格、连接方式和类型。,Sheet1:1742,63PPR管
REVIEW-MAT-01021,C,medium,specs_conflict,PPR弯头,管道管件/塑料管件/PPR管件,材质: PPR；规格: 63；类型: 弯头,个,,存在低精度或人工复核标记，需要补齐信息。,确认材质、口径/规格、连接方式和类型。,Sheet1:1743,63PPR弯头
REVIEW-MAT-01022,C,medium,specs_conflict,PPR截止阀,管道管件/塑料管件/PPR管件,材质: PPR；规格: 63；类型: 截止阀,个,,存在低精度或人工复核标记，需要补齐信息。,确认材质、口径/规格、连接方式和类型。,Sheet1:1744,63PPR截止阀
REVIEW-MAT-01023,C,medium,needs_human_review,PPR外接直通,管道管件/塑料管件/PPR管件,材质: PPR；规格: 63；连接: 外接；类型: 直通,个,,存在低精度或人工复核标记，需要补齐信息。,确认材质、口径/规格、连接方式和类型。,Sheet1:1745,63PPR外接直通
REVIEW-MAT-01024,C,medium,missing_specs,手扳葫芦,吊装索具/其他/葫芦,额定载荷: 2T；链长: 6米,台,至少一个: 规格；型号；类型；材质；品牌；尺寸；长度；厚度；功率；包装规格；适用设备,未满足当前分组的关键规格模板。,按默认规则补齐至少一个关键规格字段。,Sheet1:1749,2T*6米手扳葫芦
REVIEW-MAT-01025,C,medium,specs_conflict,重型梅花敲击扳手,工具器具/手动工具/通用手动工具,规格: 36；类型: 梅花敲击；特征: 重型,支,,存在低精度或人工复核标记，需要补齐信息。,确认品牌、型号/规格和适用设备。,Sheet1:1750,36重型梅花敲击扳手
REVIEW-MAT-01026,C,medium,specs_conflict,重型梅花敲击扳手,工具器具/手动工具/通用手动工具,规格: 46；类型: 梅花敲击；特征: 重型,支,,存在低精度或人工复核标记，需要补齐信息。,确认品牌、型号/规格和适用设备。,Sheet1:1751,46重型梅花敲击扳手
REVIEW-MAT-01027,C,medium,specs_conflict,重型梅花敲击扳手,工具器具/手动工具/通用手动工具,规格: 55；类型: 梅花敲击；特征: 重型,支,,存在低精度或人工复核标记，需要补齐信息。,确认品牌、型号/规格和适用设备。,Sheet1:1752,55重型梅花敲击扳手
REVIEW-MAT-01028,C,medium,low_precision_conflict,帆布手套,劳保用品/手部防护/手套,材质: 帆布；结构: 双层,双,,存在低精度或人工复核标记，需要补齐信息。,确认类型、规格、材质和安全等级。,Sheet1:1754；Sheet1:1758；Sheet1:2298,双层帆布手套；帆布双层手套
REVIEW-MAT-01029,C,medium,needs_human_review,万向套筒,工具器具/其他/套筒,规格: 1寸；结构: 万向转向,个,,存在低精度或人工复核标记，需要补齐信息。,确认品牌、型号/规格和适用设备。,Sheet1:1755,1寸万向转向套筒
REVIEW-MAT-01030,C,medium,low_precision_conflict,膨胀螺丝,紧固件/锚固件/膨胀锚栓,规格: M24*150,个,,存在低精度或人工复核标记，需要补齐信息。,确认规格、材质/强度等级和单位。,Sheet1:1756,24*150膨胀螺丝
REVIEW-MAT-01031,D,high,alias_conflict,雨鞋,劳保用品/其他/足部防护,品牌: 回力；类型: 雨鞋,双,,存在阻塞冲突，不能自动放行。,先解决别名、单位或分组冲突，不要自动创建物料。,Sheet1:1757,回力雨鞋
REVIEW-MAT-01032,C,medium,missing_specs,平光防护眼镜,劳保用品/其他/眼面防护,颜色: 白色；镜片: 平光,个,至少一个: 类型；规格；材质；型号,未满足当前分组的关键规格模板。,确认类型、规格、材质和安全等级。,Sheet1:1759,白色平光眼镜
REVIEW-MAT-01033,D,high,alias_conflict,尼龙绳,吊装索具/吊带索具/钢丝绳链条,规格/直径: 18；材质: 尼龙,米,,存在阻塞冲突，不能自动放行。,先解决别名、单位或分组冲突，不要自动创建物料。,Sheet1:1760；Sheet1:1813；Sheet1:1868；Sheet1:2142,18尼龙绳；18尼龙绳子
REVIEW-MAT-01034,D,high,alias_conflict,玻璃胶,化工油漆胶粘/胶粘密封/胶粘剂,颜色: 白色；类型: 玻璃胶,支,至少一个: 型号；规格；图号；适用设备；材质,存在阻塞冲突，不能自动放行。,先解决别名、单位或分组冲突，不要自动创建物料。,Sheet1:1764,白色玻璃胶
REVIEW-MAT-01035,C,medium,missing_specs,电子清洗剂,行政办公与清洁/清洁用品/清洁工具耗材,用途: 电子元件清洗,支,至少一个: 规格；类型；品牌；包装规格,未满足当前分组的关键规格模板。,确认规格、品牌和包装单位。,Sheet1:1766,电子清洗剂
REVIEW-MAT-01036,D,high,alias_conflict,油布,劳保用品/其他/覆盖防护,特征: 加厚,m2,至少一个: 类型；规格；材质；型号,存在阻塞冲突，不能自动放行。,先解决别名、单位或分组冲突，不要自动创建物料。,Sheet1:1767,加厚油布
REVIEW-MAT-01037,C,medium,missing_specs,黄油嘴,润滑系统/润滑设备配件/润滑泵管路,螺纹: M10*1.5,个,至少一个: 规格；型号；类型；材质；品牌；尺寸；长度；厚度；功率；包装规格；适用设备,未满足当前分组的关键规格模板。,按默认规则补齐至少一个关键规格字段。,Sheet1:1769,10*1.5黄油嘴
REVIEW-MAT-01038,C,medium,missing_specs,黄油嘴,润滑系统/润滑设备配件/润滑泵管路,螺纹: M12*1.5,个,至少一个: 规格；型号；类型；材质；品牌；尺寸；长度；厚度；功率；包装规格；适用设备,未满足当前分组的关键规格模板。,按默认规则补齐至少一个关键规格字段。,Sheet1:1770,12*1.5黄油嘴
REVIEW-MAT-01039,C,medium,missing_specs,黄油嘴,润滑系统/润滑设备配件/润滑泵管路,螺纹: M14*1.5,个,至少一个: 规格；型号；类型；材质；品牌；尺寸；长度；厚度；功率；包装规格；适用设备,未满足当前分组的关键规格模板。,按默认规则补齐至少一个关键规格字段。,Sheet1:1771,14*1.5黄油嘴
REVIEW-MAT-01040,C,medium,missing_specs,黄油嘴,润滑系统/润滑设备配件/润滑泵管路,螺纹: M16*1.5,个,至少一个: 规格；型号；类型；材质；品牌；尺寸；长度；厚度；功率；包装规格；适用设备,未满足当前分组的关键规格模板。,按默认规则补齐至少一个关键规格字段。,Sheet1:1772,16*1.5黄油嘴
REVIEW-MAT-01041,C,medium,missing_specs,黄油嘴,润滑系统/润滑设备配件/润滑泵管路,螺纹: M18*1.5,个,至少一个: 规格；型号；类型；材质；品牌；尺寸；长度；厚度；功率；包装规格；适用设备,未满足当前分组的关键规格模板。,按默认规则补齐至少一个关键规格字段。,Sheet1:1773,18*1.5黄油嘴
REVIEW-MAT-01042,C,medium,missing_specs,黄油嘴,润滑系统/润滑设备配件/润滑泵管路,螺纹: M20*1.5,个,至少一个: 规格；型号；类型；材质；品牌；尺寸；长度；厚度；功率；包装规格；适用设备,未满足当前分组的关键规格模板。,按默认规则补齐至少一个关键规格字段。,Sheet1:1774,20*1.5黄油嘴
REVIEW-MAT-01043,C,medium,specs_conflict,角钢,金属原材料/钢材型材/钢材型材,规格: 3*3*0.4；执行标准: 国标,米,,存在低精度或人工复核标记，需要补齐信息。,确认材质、规格尺寸和执行标准。,Sheet1:1777,3*3*0.4国标角铁
REVIEW-MAT-01044,C,medium,needs_human_review,液压内外牙弯头,液压气动/液压管路/高压胶管,螺纹/型号: M52*28H；连接: 内外牙；类型: 弯头,个,,存在低精度或人工复核标记，需要补齐信息。,按默认规则补齐至少一个关键规格字段。,Sheet1:1778,液压M52*28H内外牙弯头
REVIEW-MAT-01045,C,medium,missing_specs,高压钢丝管,液压气动/液压管路/高压胶管,公称直径: 50；结构: 钢丝增强,米,至少一个: 规格；型号；类型；材质；品牌；尺寸；长度；厚度；功率；包装规格；适用设备,未满足当前分组的关键规格模板。,按默认规则补齐至少一个关键规格字段。,Sheet1:1780,50高压钢丝管
REVIEW-MAT-01046,C,medium,low_precision_conflict,铜头铝套组件,液压气动/液压管路/高压胶管,规格: 50；组成: 铜头、铝扣,个,,存在低精度或人工复核标记，需要补齐信息。,按默认规则补齐至少一个关键规格字段。,Sheet1:1782,50铜头铝扣
REVIEW-MAT-01047,C,medium,needs_human_review,铁锤,工具器具/手动工具/通用手动工具,规格: 大号；材质: 铁,个,,存在低精度或人工复核标记，需要补齐信息。,确认品牌、型号/规格和适用设备。,Sheet1:1789,大铁锤
REVIEW-MAT-01048,C,medium,needs_human_review,橡胶水带,管道管件/其他/水带,规格: 50；材质: 橡胶；特征: 加厚,米,,存在低精度或人工复核标记，需要补齐信息。,确认材质、口径/规格、连接方式和类型。,Sheet1:1790,50加厚橡胶水带
REVIEW-MAT-01049,C,medium,needs_human_review,收纳箱,行政办公与清洁/其他/收纳用品,尺寸: 85*65；规格: 大,个,,存在低精度或人工复核标记，需要补齐信息。,确认规格、品牌和包装单位。,Sheet1:1791,85*65大收纳箱
REVIEW-MAT-01050,C,medium,low_precision_conflict,塑料方凳,行政办公与清洁/生活后勤/生活用品,材质: 塑料；类型: 方凳,个,,存在低精度或人工复核标记，需要补齐信息。,确认规格、品牌和包装单位。,Sheet1:1792,塑料方凳
REVIEW-MAT-01051,C,medium,missing_specs,铝合金梯子,工具器具/其他/登高工具,长度: 4米；型式: B型；材质: 铝合金,个,至少一个: 型号；规格；品牌；尺寸；适用设备,未满足当前分组的关键规格模板。,确认品牌、型号/规格和适用设备。,Sheet1:1793,4米B型铝合金梯子
REVIEW-MAT-01052,D,high,alias_conflict,帆布手套,劳保用品/手部防护/手套,材质: 帆布；结构: 双层；特征: 加厚,双,,存在阻塞冲突，不能自动放行。,先解决别名、单位或分组冲突，不要自动创建物料。,Sheet1:1794,加厚双层帆布手套
REVIEW-MAT-01053,C,medium,missing_specs,洗洁精,行政办公与清洁/清洁用品/清洁工具耗材,包装: 4kg,桶,至少一个: 规格；类型；品牌；包装规格,未满足当前分组的关键规格模板。,确认规格、品牌和包装单位。,Sheet1:1795,洗洁精4KG
REVIEW-MAT-01054,C,medium,needs_human_review,太阳能爆闪灯,安全防护/警示标识/反光警示,供电: 太阳能；类型: 爆闪灯,个,,存在低精度或人工复核标记，需要补齐信息。,确认类型、规格、材质和安全等级。,Sheet1:1796,太阳能爆闪灯
REVIEW-MAT-01055,C,medium,low_precision_conflict,扁平吊装带,吊装索具/吊带索具/吊带,额定载荷: 2T；长度: 2米,条,,存在低精度或人工复核标记，需要补齐信息。,按默认规则补齐至少一个关键规格字段。,Sheet1:1797,2T*2米吊带
REVIEW-MAT-01056,C,medium,missing_specs,断丝取出器,工具器具/其他/拆卸工具,类型: 断丝取出器,合,至少一个: 型号；规格；品牌；尺寸；适用设备,未满足当前分组的关键规格模板。,确认品牌、型号/规格和适用设备。,Sheet1:1798,断丝取出器
REVIEW-MAT-01057,D,high,alias_conflict,垃圾桶,行政办公与清洁/清洁用品/清洁工具耗材,规格: 大,个,,存在阻塞冲突，不能自动放行。,先解决别名、单位或分组冲突，不要自动创建物料。,Sheet1:1799,大垃圾桶
REVIEW-MAT-01058,C,medium,low_precision_conflict,垃圾袋,行政办公与清洁/清洁用品/清洁工具耗材,类型: 垃圾袋,个,,存在低精度或人工复核标记，需要补齐信息。,确认规格、品牌和包装单位。,Sheet1:1800,垃圾袋子
REVIEW-MAT-01059,D,high,alias_conflict,扁平吊装带,吊装索具/吊带索具/吊带,额定载荷: 5T；长度: 6米；颜色: 彩色,付,,存在阻塞冲突，不能自动放行。,先解决别名、单位或分组冲突，不要自动创建物料。,Sheet1:1801,彩色吊带5*6米
REVIEW-MAT-01060,C,medium,specs_conflict,槽钢,金属原材料/钢材型材/钢材型材,规格: 10#,米,,存在低精度或人工复核标记，需要补齐信息。,确认材质、规格尺寸和执行标准。,Sheet1:1802；Sheet1:2646；Sheet1:2738；Sheet1:3198；Sheet1:3407,10#型槽钢；10#槽钢；10号槽钢；槽钢10#
REVIEW-MAT-01061,C,medium,needs_human_review,液压扳手套装,工具器具/其他/液压工具,品牌: 恩耐克；类型: 液压扳手套装,套,,存在低精度或人工复核标记，需要补齐信息。,确认品牌、型号/规格和适用设备。,Sheet1:1806,恩耐克液压扳手套装
REVIEW-MAT-01062,C,medium,specs_conflict,油管快速接头,液压气动/液压管路/高压胶管,规格: 52；类型: 快速接头,套,,存在低精度或人工复核标记，需要补齐信息。,按默认规则补齐至少一个关键规格字段。,Sheet1:1807,52油管快速接头
REVIEW-MAT-01063,C,medium,specs_conflict,油管快速接头,液压气动/液压管路/高压胶管,规格: 45；类型: 快速接头,套,,存在低精度或人工复核标记，需要补齐信息。,按默认规则补齐至少一个关键规格字段。,Sheet1:1808,45油管快速接头
REVIEW-MAT-01064,C,medium,specs_conflict,油管快速接头,液压气动/液压管路/高压胶管,规格: 36；类型: 快速接头,套,,存在低精度或人工复核标记，需要补齐信息。,按默认规则补齐至少一个关键规格字段。,Sheet1:1809,36油管快速接头
REVIEW-MAT-01065,C,medium,specs_conflict,油管快速接头,液压气动/液压管路/高压胶管,规格: 30；类型: 快速接头,套,,存在低精度或人工复核标记，需要补齐信息。,按默认规则补齐至少一个关键规格字段。,Sheet1:1810,30油管快速接头
REVIEW-MAT-01066,C,medium,missing_specs,卸扣,吊装索具/吊装连接件/卸扣吊钩,额定载荷: 3.25T,个,至少一个: 规格；型号；类型；材质；品牌；尺寸；长度；厚度；功率；包装规格；适用设备,未满足当前分组的关键规格模板。,按默认规则补齐至少一个关键规格字段。,Sheet1:1811,3.25T卸扣
REVIEW-MAT-01067,C,medium,missing_specs,U型卸扣,吊装索具/吊装连接件/卸扣吊钩,额定载荷: 9.5T；型式: U型,个,至少一个: 规格；型号；类型；材质；品牌；尺寸；长度；厚度；功率；包装规格；适用设备,未满足当前分组的关键规格模板。,按默认规则补齐至少一个关键规格字段。,Sheet1:1812,9.5TU型卸扣
REVIEW-MAT-01068,C,medium,missing_specs,钢板起重钳,吊装索具/其他/钢板夹,额定载荷: 2T,个,至少一个: 规格；型号；类型；材质；品牌；尺寸；长度；厚度；功率；包装规格；适用设备,未满足当前分组的关键规格模板。,按默认规则补齐至少一个关键规格字段。,Sheet1:1814,2T钢板夹
REVIEW-MAT-01069,C,medium,missing_specs,钢板起重钳,吊装索具/其他/钢板夹,额定载荷: 3.2T,个,至少一个: 规格；型号；类型；材质；品牌；尺寸；长度；厚度；功率；包装规格；适用设备,未满足当前分组的关键规格模板。,按默认规则补齐至少一个关键规格字段。,Sheet1:1815,3.2T钢板夹
REVIEW-MAT-01070,C,medium,missing_specs,定制集装袋,设备备件与加工件/金属加工件/金属加工件,定制: 是；尺寸: 4*4米；载重: 4T；结构: 双层,个,至少一个: 型号；规格；图号；适用设备；材质,未满足当前分组的关键规格模板。,确认型号、图号、适用设备和关键尺寸。,Sheet1:1816,定做4*4米*4吨双层吨袋
REVIEW-MAT-01071,C,medium,low_precision_conflict,螺丝,紧固件/螺纹紧固件/螺丝螺栓,规格: M48*120,个,,存在低精度或人工复核标记，需要补齐信息。,确认规格、材质/强度等级和单位。,Sheet1:1817,M48*120螺丝
REVIEW-MAT-01072,C,medium,specs_conflict,镀锌角钢,金属原材料/钢材型材/钢材型材,规格: 4*4；表面: 镀锌,根,,存在低精度或人工复核标记，需要补齐信息。,确认材质、规格尺寸和执行标准。,Sheet1:1820,4*4镀锌角钢
REVIEW-MAT-01073,C,medium,specs_conflict,定制钢板,设备备件与加工件/金属加工件/金属加工件,加工: 是；尺寸: 400*400*40mm；材质: 钢板,块,,存在低精度或人工复核标记，需要补齐信息。,确认型号、图号、适用设备和关键尺寸。,Sheet1:1822,加工钢板400*400*40
REVIEW-MAT-01074,C,medium,missing_specs,电箱围栏,设备备件与加工件/金属加工件/金属加工件,定制: 是；用途: 二级电箱,套,至少一个: 型号；规格；图号；适用设备；材质,未满足当前分组的关键规格模板。,确认型号、图号、适用设备和关键尺寸。,Sheet1:1824,定做二级电箱围栏
REVIEW-MAT-01075,C,medium,specs_conflict,加长弯头,设备备件与加工件/金属加工件/金属加工件,定制: 是；规格: 168；特征: 加长,个,,存在低精度或人工复核标记，需要补齐信息。,确认型号、图号、适用设备和关键尺寸。,Sheet1:1825,定做加长168弯头
REVIEW-MAT-01076,C,medium,specs_conflict,加长弯头,设备备件与加工件/金属加工件/金属加工件,定制: 是；规格: 219；特征: 加长,个,,存在低精度或人工复核标记，需要补齐信息。,确认型号、图号、适用设备和关键尺寸。,Sheet1:1826,定做加长219弯头
REVIEW-MAT-01077,C,medium,specs_conflict,加长弯头,设备备件与加工件/金属加工件/金属加工件,定制: 是；规格: 60.5；特征: 加长,个,,存在低精度或人工复核标记，需要补齐信息。,确认型号、图号、适用设备和关键尺寸。,Sheet1:1827,定做60.5加长弯头
REVIEW-MAT-01078,C,medium,needs_human_review,PE管卡箍组件,设备备件与加工件/金属加工件/金属加工件,定制: 是；长度: 1.5m；材质: PE；带卡箍: 是,套,,存在低精度或人工复核标记，需要补齐信息。,确认型号、图号、适用设备和关键尺寸。,Sheet1:1828,定做1.5mPE管带卡箍
REVIEW-MAT-01079,D,high,alias_conflict,一次性雨衣,劳保用品/其他/雨具,类型: 一次性；特征: 加厚,套,,存在阻塞冲突，不能自动放行。,先解决别名、单位或分组冲突，不要自动创建物料。,Sheet1:1829,一次性加厚雨衣
REVIEW-MAT-01080,C,medium,needs_human_review,不锈钢管箍,管道管件/管道紧固/管夹卡箍,规格: 38；材质: 不锈钢,个,,存在低精度或人工复核标记，需要补齐信息。,确认材质、口径/规格、连接方式和类型。,Sheet1:1830,38不锈钢管箍
REVIEW-MAT-01081,C,medium,specs_conflict,高压弯头,液压气动/液压管路/高压胶管,规格: 52；类型: 弯头,个,,存在低精度或人工复核标记，需要补齐信息。,按默认规则补齐至少一个关键规格字段。,Sheet1:1832,52高压弯头
REVIEW-MAT-01082,C,medium,needs_human_review,电视支架,行政办公与清洁/其他/办公设备配件,类型: 电视支架,套,,存在低精度或人工复核标记，需要补齐信息。,确认规格、品牌和包装单位。,Sheet1:1833,电视支架
REVIEW-MAT-01083,C,medium,needs_human_review,自锁气管接头公头,液压气动/液压接头/液压接头,类型: 自锁；部件: 公头,个,,存在低精度或人工复核标记，需要补齐信息。,按默认规则补齐至少一个关键规格字段。,Sheet1:1834,自锁气管接头公头
REVIEW-MAT-01084,C,medium,needs_human_review,自锁气管接头螺母,液压气动/液压接头/液压接头,类型: 自锁；部件: 螺母,个,,存在低精度或人工复核标记，需要补齐信息。,按默认规则补齐至少一个关键规格字段。,Sheet1:1835,自锁气管接头螺母
REVIEW-MAT-01085,C,medium,missing_specs,拉杆销子,设备备件与加工件/金属加工件/金属加工件,定制: 是；部件: 拉杆销子,套,至少一个: 型号；规格；图号；适用设备；材质,未满足当前分组的关键规格模板。,确认型号、图号、适用设备和关键尺寸。,Sheet1:1836,定做拉杆销子
REVIEW-MAT-01086,C,medium,needs_human_review,四氟垫片,待治理/待治理/四氟制品,规格: 55；材质: 四氟/PTFE,个,,存在低精度或人工复核标记，需要补齐信息。,按默认规则补齐至少一个关键规格字段。,Sheet1:1837,55四氟垫片
REVIEW-MAT-01087,C,medium,missing_specs,防坠器,安全防护/高处与水域防护/高处防护,承重: 300kg；长度: 30米；锁具: 双锁,个,至少一个: 类型；规格；材质；型号,未满足当前分组的关键规格模板。,确认类型、规格、材质和安全等级。,Sheet1:1839,300KG30米防坠器双锁
REVIEW-MAT-01088,D,high,alias_conflict,扁平吊装带,吊装索具/吊带索具/吊带,额定载荷: 5T；长度: 6米；颜色: 彩色,根,,存在阻塞冲突，不能自动放行。,先解决别名、单位或分组冲突，不要自动创建物料。,Sheet1:1842,彩色吊带5*6米
REVIEW-MAT-01089,C,medium,needs_human_review,草皮,行政办公与清洁/其他/绿化用品,厚度/规格: 3.0；特征: 加厚,平方,,存在低精度或人工复核标记，需要补齐信息。,确认规格、品牌和包装单位。,Sheet1:1843,3.0加厚草皮
REVIEW-MAT-01090,C,medium,needs_human_review,高压油压表,仪器仪表/其他/压力仪表,介质: 油；类型: 高压表,个,,存在低精度或人工复核标记，需要补齐信息。,按默认规则补齐至少一个关键规格字段。,Sheet1:1845；Sheet1:2113,高压油表
REVIEW-MAT-01091,C,medium,missing_specs,自动自吸泵,设备备件与加工件/设备专用备件/设备备件,功率: 1.5kW；功能: 自动；类型: 自吸泵,套,至少一个: 型号；规格；图号；适用设备；材质,未满足当前分组的关键规格模板。,确认型号、图号、适用设备和关键尺寸。,Sheet1:1846,1.5千瓦自动自吸泵
REVIEW-MAT-01092,C,medium,specs_conflict,钢丝软管,管道管件/其他/软管,规格: 38；结构: 钢丝增强,米,,存在低精度或人工复核标记，需要补齐信息。,确认材质、口径/规格、连接方式和类型。,Sheet1:1847,38钢丝管
REVIEW-MAT-01093,C,medium,needs_human_review,背胶草皮,行政办公与清洁/其他/绿化用品,厚度/规格: 3.0；背胶: 是,平方,,存在低精度或人工复核标记，需要补齐信息。,确认规格、品牌和包装单位。,Sheet1:1848,3.0背胶草皮
REVIEW-MAT-01094,C,medium,needs_human_review,镀锌方钢,金属原材料/钢材型材/钢材型材,规格: 6*6*5；表面: 镀锌,米,,存在低精度或人工复核标记，需要补齐信息。,确认材质、规格尺寸和执行标准。,Sheet1:1849,6*6*5镀锌方钢
REVIEW-MAT-01095,C,medium,specs_conflict,铝合金梯子,设备备件与加工件/金属加工件/金属加工件,定制: 是；长度: 4米；规格: 3.5；材质: 铝合金；特征: 加厚,个,,存在低精度或人工复核标记，需要补齐信息。,确认型号、图号、适用设备和关键尺寸。,Sheet1:1850,定做4米*3.5加厚铝合金梯子
REVIEW-MAT-01096,C,medium,missing_specs,电子秤,工具器具/量具测量/量具测量,精度: 高精度,台,至少一个: 型号；规格；品牌；尺寸；适用设备,未满足当前分组的关键规格模板。,确认品牌、型号/规格和适用设备。,Sheet1:1855,高精度电子称
REVIEW-MAT-01097,C,medium,missing_specs,刻度勺,工具器具/其他/计量工具,类型: 刻度勺,个,至少一个: 型号；规格；品牌；尺寸；适用设备,未满足当前分组的关键规格模板。,确认品牌、型号/规格和适用设备。,Sheet1:1856,刻度勺
REVIEW-MAT-01098,C,medium,needs_human_review,大开口活动扳手,工具器具/手动工具/通用手动工具,品牌: 世达；长度: 200mm；特征: 大开口,个,,存在低精度或人工复核标记，需要补齐信息。,确认品牌、型号/规格和适用设备。,Sheet1:1857,200世达大开口活动扳手
REVIEW-MAT-01099,C,medium,needs_human_review,万用表,工具器具/其他/电工仪表,型号: UT39C,个,,存在低精度或人工复核标记，需要补齐信息。,确认品牌、型号/规格和适用设备。,Sheet1:1858,UT39C万能表
REVIEW-MAT-01100,C,medium,missing_specs,钳形表,工具器具/其他/电工仪表,量程: 2000A,个,至少一个: 型号；规格；品牌；尺寸；适用设备,未满足当前分组的关键规格模板。,确认品牌、型号/规格和适用设备。,Sheet1:1859,2000A钳形表
REVIEW-MAT-01101,C,medium,specs_conflict,内六角螺丝,紧固件/螺纹紧固件/螺丝螺栓,规格: M14*120；头型: 内六角,个,,存在低精度或人工复核标记，需要补齐信息。,确认规格、材质/强度等级和单位。,Sheet1:1860,14*120内六角螺丝
REVIEW-MAT-01102,C,medium,missing_specs,桶装水电动抽水器,行政办公与清洁/生活后勤/生活用品,用途: 桶装水；驱动: 电动,个,至少一个: 规格；类型；品牌；包装规格,未满足当前分组的关键规格模板。,确认规格、品牌和包装单位。,Sheet1:1864,桶装水电动抽水
REVIEW-MAT-01103,C,medium,missing_specs,手锤,工具器具/手动工具/通用手动工具,重量: 6磅,支,至少一个: 型号；规格；品牌；尺寸；适用设备,未满足当前分组的关键规格模板。,确认品牌、型号/规格和适用设备。,Sheet1:1865,6磅手锤
REVIEW-MAT-01104,C,medium,missing_specs,手锤,工具器具/手动工具/通用手动工具,重量: 8磅,支,至少一个: 型号；规格；品牌；尺寸；适用设备,未满足当前分组的关键规格模板。,确认品牌、型号/规格和适用设备。,Sheet1:1866,8磅手锤
REVIEW-MAT-01105,C,medium,needs_human_review,钉锤,工具器具/手动工具/通用手动工具,规格: 大号,支,,存在低精度或人工复核标记，需要补齐信息。,确认品牌、型号/规格和适用设备。,Sheet1:1867,大钉锤
REVIEW-MAT-01106,C,medium,specs_conflict,撬棍,工具器具/手动工具/通用手动工具,长度: 1.3m；规格: 30,支,,存在低精度或人工复核标记，需要补齐信息。,确认品牌、型号/规格和适用设备。,Sheet1:1869,1.3m-30撬棍
REVIEW-MAT-01107,C,medium,missing_specs,撬棍,工具器具/手动工具/通用手动工具,长度: 60cm,支,至少一个: 型号；规格；品牌；尺寸；适用设备,未满足当前分组的关键规格模板。,确认品牌、型号/规格和适用设备。,Sheet1:1870,60cm撬棍
REVIEW-MAT-01108,C,medium,specs_conflict,电动扳手套筒,工具器具/其他/套筒,规格: 36；适用: 电动扳手,个,,存在低精度或人工复核标记，需要补齐信息。,确认品牌、型号/规格和适用设备。,Sheet1:1872,36套筒电动
REVIEW-MAT-01109,C,medium,specs_conflict,螺丝组件,紧固件/螺纹紧固件/螺丝螺栓,规格: M16*70；成套: 是,套,,存在低精度或人工复核标记，需要补齐信息。,确认规格、材质/强度等级和单位。,Sheet1:1873,M16*70螺丝
REVIEW-MAT-01110,D,high,alias_conflict,卸扣,吊装索具/吊装连接件/卸扣吊钩,额定载荷: 3T,个,至少一个: 规格；型号；类型；材质；品牌；尺寸；长度；厚度；功率；包装规格；适用设备,存在阻塞冲突，不能自动放行。,先解决别名、单位或分组冲突，不要自动创建物料。,Sheet1:1874,3T卸扣
REVIEW-MAT-01111,C,medium,low_precision_conflict,扁平吊装带,吊装索具/吊带索具/吊带,额定载荷: 2T；长度: 1.5m,个,,存在低精度或人工复核标记，需要补齐信息。,按默认规则补齐至少一个关键规格字段。,Sheet1:1876,2T*1.5m吊带
REVIEW-MAT-01112,C,medium,low_precision_conflict,扁平吊装带,吊装索具/吊带索具/吊带,额定载荷: 1T；长度: 1.5m,个,,存在低精度或人工复核标记，需要补齐信息。,按默认规则补齐至少一个关键规格字段。,Sheet1:1877,1T*1.5m吊带
REVIEW-MAT-01113,C,medium,missing_specs,手扳葫芦,吊装索具/其他/葫芦,额定载荷: 1.6T；链长: 6米,个,至少一个: 规格；型号；类型；材质；品牌；尺寸；长度；厚度；功率；包装规格；适用设备,未满足当前分组的关键规格模板。,按默认规则补齐至少一个关键规格字段。,Sheet1:1878,1.6T*6米手扳葫芦
REVIEW-MAT-01114,C,medium,missing_specs,气管,液压气动/气动元件/接头阀管,外径: 10mm,米,至少一个: 规格；型号；类型；材质；品牌；尺寸；长度；厚度；功率；包装规格；适用设备,未满足当前分组的关键规格模板。,按默认规则补齐至少一个关键规格字段。,Sheet1:1879,10mm气管
REVIEW-MAT-01115,D,high,alias_conflict,灭火器,消防器材/灭火器与水带/灭火器,规格: 2kg,个,,存在阻塞冲突，不能自动放行。,先解决别名、单位或分组冲突，不要自动创建物料。,Sheet1:1880,灭火器2KG
REVIEW-MAT-01116,D,high,alias_conflict,灭火器箱,消防器材/灭火器与水带/灭火器,类型: 灭火器箱,个,,存在阻塞冲突，不能自动放行。,先解决别名、单位或分组冲突，不要自动创建物料。,Sheet1:1881,灭火器箱子
REVIEW-MAT-01117,C,medium,missing_specs,气管,液压气动/气动元件/接头阀管,外径: 16mm,米,至少一个: 规格；型号；类型；材质；品牌；尺寸；长度；厚度；功率；包装规格；适用设备,未满足当前分组的关键规格模板。,按默认规则补齐至少一个关键规格字段。,Sheet1:1882,16mm气管
REVIEW-MAT-01118,D,high,alias_conflict,老虎钳,工具器具/手动工具/通用手动工具,品牌: 世达,个,,存在阻塞冲突，不能自动放行。,先解决别名、单位或分组冲突，不要自动创建物料。,Sheet1:1883,世达老虎钳
REVIEW-MAT-01119,C,medium,specs_conflict,十字螺丝刀,工具器具/手动工具/通用手动工具,规格: 6*250；类型: 十字,个,,存在低精度或人工复核标记，需要补齐信息。,确认品牌、型号/规格和适用设备。,Sheet1:1884,6*250十字螺丝刀
REVIEW-MAT-01120,C,medium,specs_conflict,一字螺丝刀,工具器具/手动工具/通用手动工具,规格: 6*250；类型: 一字,个,,存在低精度或人工复核标记，需要补齐信息。,确认品牌、型号/规格和适用设备。,Sheet1:1885,6*250一字螺丝刀
REVIEW-MAT-01121,C,medium,specs_conflict,电工胶布,电气与自动化/绝缘材料/热缩绝缘,品牌: 3M；类型: 电工胶布,卷,,存在低精度或人工复核标记，需要补齐信息。,确认品牌、型号、电气参数和安装/连接方式。,Sheet1:1888,3m电胶布
REVIEW-MAT-01122,C,medium,missing_specs,防水电工胶布,电气与自动化/绝缘材料/热缩绝缘,宽度: 25mm；功能: 防水,卷,至少一个: 型号；规格；品牌；电流；电压；功率；位数,未满足当前分组的关键规格模板。,确认品牌、型号、电气参数和安装/连接方式。,Sheet1:1889,25mm电工防水胶布
REVIEW-MAT-01123,D,high,alias_conflict,游标卡尺,工具器具/量具测量/量具测量,品牌: 得力；量程: 300mm；精度: 高精度,个,,存在阻塞冲突，不能自动放行。,先解决别名、单位或分组冲突，不要自动创建物料。,Sheet1:1890,300mm得力高精度卡尺
REVIEW-MAT-01124,C,medium,specs_conflict,工业插头,电气与自动化/插头插座/插头插座,电流: 25A；电压: 380V,个,,存在低精度或人工复核标记，需要补齐信息。,确认品牌、型号、电气参数和安装/连接方式。,Sheet1:1891,25A380V插头
REVIEW-MAT-01125,C,medium,specs_conflict,铝合金梯子,设备备件与加工件/金属加工件/金属加工件,定制: 是；长度: 4米；规格: 5.2；材质: 铝合金；特征: 加厚,个,,存在低精度或人工复核标记，需要补齐信息。,确认型号、图号、适用设备和关键尺寸。,Sheet1:1893,定做4米*5.2加厚铝合金梯子
REVIEW-MAT-01126,C,medium,specs_conflict,高压内接头,设备备件与加工件/金属加工件/金属加工件,定制: 是；型号/规格: 52H42；类型: 内接高压,个,,存在低精度或人工复核标记，需要补齐信息。,确认型号、图号、适用设备和关键尺寸。,Sheet1:1894,定做52H42内接高压
REVIEW-MAT-01127,C,medium,specs_conflict,高压内接头,设备备件与加工件/金属加工件/金属加工件,定制: 是；型号/规格: 36H28；类型: 内接高压,个,,存在低精度或人工复核标记，需要补齐信息。,确认型号、图号、适用设备和关键尺寸。,Sheet1:1895,定做36H28内接高压
REVIEW-MAT-01128,C,medium,specs_conflict,高压内接头,设备备件与加工件/金属加工件/金属加工件,定制: 是；型号/规格: 30H20；类型: 内接高压,个,,存在低精度或人工复核标记，需要补齐信息。,确认型号、图号、适用设备和关键尺寸。,Sheet1:1896,定做30H20内接高压
REVIEW-MAT-01129,C,medium,specs_conflict,高压内接头,设备备件与加工件/金属加工件/金属加工件,定制: 是；型号/规格: 26H20；类型: 内接高压,个,,存在低精度或人工复核标记，需要补齐信息。,确认型号、图号、适用设备和关键尺寸。,Sheet1:1897,定做26H20内接高压
REVIEW-MAT-01130,C,medium,missing_specs,雨鞋,劳保用品/其他/足部防护,品牌: 回力；特征: 加厚,双,至少一个: 类型；规格；材质；型号,未满足当前分组的关键规格模板。,确认类型、规格、材质和安全等级。,Sheet1:1899；Sheet1:1969,回力加厚雨鞋
REVIEW-MAT-01131,C,medium,low_precision_conflict,垃圾袋,行政办公与清洁/清洁用品/清洁工具耗材,规格: 100*120,个,,存在低精度或人工复核标记，需要补齐信息。,确认规格、品牌和包装单位。,Sheet1:1900,100*120垃圾袋
REVIEW-MAT-01132,C,medium,missing_specs,硅胶枪,工具器具/其他/施胶工具,适用材料: 玻璃胶/硅胶,个,至少一个: 型号；规格；品牌；尺寸；适用设备,未满足当前分组的关键规格模板。,确认品牌、型号/规格和适用设备。,Sheet1:1901,玻璃硅胶枪
REVIEW-MAT-01133,C,medium,needs_human_review,高压内外牙弯头,设备备件与加工件/金属加工件/金属加工件,定制: 是；规格: 52；连接: 内外牙；类型: 弯头,个,,存在低精度或人工复核标记，需要补齐信息。,确认型号、图号、适用设备和关键尺寸。,Sheet1:1902,定做52高压内外牙弯头
REVIEW-MAT-01134,D,high,alias_conflict,创可贴,劳保用品/其他/急救用品,品类: 创可贴,个,至少一个: 类型；规格；材质；型号,存在阻塞冲突，不能自动放行。,先解决别名、单位或分组冲突，不要自动创建物料。,Sheet1:1903,创可贴
REVIEW-MAT-01135,C,medium,needs_human_review,立式灭火标志,消防器材/消防工具/消防工具,类型: 立式；用途: 灭火标志,套,,存在低精度或人工复核标记，需要补齐信息。,按默认规则补齐至少一个关键规格字段。,Sheet1:1910,立式灭火标志
REVIEW-MAT-01136,C,medium,missing_specs,鼓风机,设备备件与加工件/设备专用备件/设备备件,功率: 2.2kW,个,至少一个: 型号；规格；图号；适用设备；材质,未满足当前分组的关键规格模板。,确认型号、图号、适用设备和关键尺寸。,Sheet1:1911,2.2千瓦鼓风机
REVIEW-MAT-01137,C,medium,missing_specs,电焊机套装,焊接焊割/焊割设备工具/焊机割炬,配置: 含焊线,套,至少一个: 型号；规格；直径；材质；类型,未满足当前分组的关键规格模板。,确认型号、直径/规格、材质和包装。,Sheet1:1912,电焊机含线
REVIEW-MAT-01139,C,medium,needs_human_review,高压清洗机,行政办公与清洁/其他/高压清洗机,品牌: 黑马；电压: 380V；功率: 5.5kW,套,,存在低精度或人工复核标记，需要补齐信息。,确认规格、品牌和包装单位。,Sheet1:1914,黑马380V*5.5千瓦高压清洗机
REVIEW-MAT-01140,C,medium,missing_specs,五点式安全带,安全防护/高处与水域防护/高处防护,型式: 五点式；缓冲: 是,个,至少一个: 类型；规格；材质；型号,未满足当前分组的关键规格模板。,确认类型、规格、材质和安全等级。,Sheet1:1915,五点式缓冲安全带
REVIEW-MAT-01141,C,medium,specs_conflict,氧气瓶手推车,焊接焊割/焊割设备工具/焊机割炬,适用气体: 氧气；类型: 手推车,个,,存在低精度或人工复核标记，需要补齐信息。,确认型号、直径/规格、材质和包装。,Sheet1:1916,氧气手推车
REVIEW-MAT-01142,C,medium,specs_conflict,乙炔瓶手推车,焊接焊割/焊割设备工具/焊机割炬,适用气体: 乙炔；类型: 手推车,个,,存在低精度或人工复核标记，需要补齐信息。,确认型号、直径/规格、材质和包装。,Sheet1:1917,乙炔手推车
REVIEW-MAT-01143,C,medium,specs_conflict,角钢,金属原材料/钢材型材/钢材型材,规格: 40*5,米,,存在低精度或人工复核标记，需要补齐信息。,确认材质、规格尺寸和执行标准。,Sheet1:1919,40*5角铁
REVIEW-MAT-01145,C,medium,specs_conflict,竹扫把,行政办公与清洁/清洁用品/清洁工具耗材,规格: 大号；材质: 竹,个,,存在低精度或人工复核标记，需要补齐信息。,确认规格、品牌和包装单位。,Sheet1:1923,大号竹扫把
REVIEW-MAT-01146,D,high,alias_conflict,铁锹柄,工具器具/工具配件/工具配件,部件: 柄；适用: 铁锹,个,至少一个: 型号；规格；品牌；尺寸；适用设备,存在阻塞冲突，不能自动放行。,先解决别名、单位或分组冲突，不要自动创建物料。,Sheet1:1924,铁锹柄
REVIEW-MAT-01147,C,medium,missing_specs,生料带,管道管件/其他/密封材料,特征: 加厚,个,至少一个: 规格；口径；DN；材质；类型,未满足当前分组的关键规格模板。,确认材质、口径/规格、连接方式和类型。,Sheet1:1925；Sheet1:2065,加厚生料带
REVIEW-MAT-01148,C,medium,specs_conflict,焊接异径接头,管道管件/其他/焊接管件,规格: 168*89；类型: 大小头；连接: 焊接,个,,存在低精度或人工复核标记，需要补齐信息。,确认材质、口径/规格、连接方式和类型。,Sheet1:1926,168*89焊接大小头
REVIEW-MAT-01149,C,medium,specs_conflict,焊接异径接头,管道管件/其他/焊接管件,规格: 168*60；类型: 大小头；连接: 焊接,个,,存在低精度或人工复核标记，需要补齐信息。,确认材质、口径/规格、连接方式和类型。,Sheet1:1927,168*60焊接大小头
REVIEW-MAT-01150,C,medium,low_precision_conflict,镀锌三通,管道管件/金属管件/镀锌管件,公称直径: DN80；表面: 镀锌；类型: 三通,个,,存在低精度或人工复核标记，需要补齐信息。,确认材质、口径/规格、连接方式和类型。,Sheet1:1928,DN80镀锌三通
REVIEW-MAT-01151,C,medium,specs_conflict,镀锌外丝接头,管道管件/金属管件/镀锌管件,公称直径: DN80；连接: 外丝；表面: 镀锌,个,,存在低精度或人工复核标记，需要补齐信息。,确认材质、口径/规格、连接方式和类型。,Sheet1:1929,DN80镀锌外丝
REVIEW-MAT-01152,C,medium,specs_conflict,球阀,阀门/通用阀门/球阀,品牌: 埃美柯；公称直径: DN80,个,,存在低精度或人工复核标记，需要补齐信息。,按默认规则补齐至少一个关键规格字段。,Sheet1:1930,DN80埃美柯球阀
REVIEW-MAT-01153,C,medium,specs_conflict,球阀,阀门/通用阀门/球阀,品牌: 埃美柯；公称直径: DN50,个,,存在低精度或人工复核标记，需要补齐信息。,按默认规则补齐至少一个关键规格字段。,Sheet1:1931,DN50埃美柯球阀
REVIEW-MAT-01154,C,medium,specs_conflict,加厚铜接头,液压气动/液压管路/高压胶管,规格: DN80；材质: 铜；特征: 加厚,个,,存在低精度或人工复核标记，需要补齐信息。,按默认规则补齐至少一个关键规格字段。,Sheet1:1932,DN80厚铜头
REVIEW-MAT-01155,C,medium,specs_conflict,加厚铜接头,液压气动/液压管路/高压胶管,规格: DN50；材质: 铜；特征: 加厚,个,,存在低精度或人工复核标记，需要补齐信息。,按默认规则补齐至少一个关键规格字段。,Sheet1:1934,DN50厚铜头
REVIEW-MAT-01156,C,medium,specs_conflict,外丝接头,设备备件与加工件/金属加工件/金属加工件,加工: 是；规格: 89；连接: 外丝,个,,存在低精度或人工复核标记，需要补齐信息。,确认型号、图号、适用设备和关键尺寸。,Sheet1:1936,加工89外丝接头
REVIEW-MAT-01157,C,medium,specs_conflict,外丝接头,设备备件与加工件/金属加工件/金属加工件,加工: 是；规格: 60；连接: 外丝,个,,存在低精度或人工复核标记，需要补齐信息。,确认型号、图号、适用设备和关键尺寸。,Sheet1:1937,加工60外丝接头
REVIEW-MAT-01158,C,medium,specs_conflict,螺丝组件,紧固件/螺纹紧固件/螺丝螺栓,规格: M10*40；成套: 是,套,,存在低精度或人工复核标记，需要补齐信息。,确认规格、材质/强度等级和单位。,Sheet1:1938,M10*40螺丝
REVIEW-MAT-01159,C,medium,specs_conflict,螺丝组件,紧固件/螺纹紧固件/螺丝螺栓,规格: M12*40；成套: 是,套,,存在低精度或人工复核标记，需要补齐信息。,确认规格、材质/强度等级和单位。,Sheet1:1939,M12*40螺丝
REVIEW-MAT-01160,C,medium,specs_conflict,加长六角套筒,工具器具/其他/套筒,规格: 5；特征: 加长；类型: 六角,个,,存在低精度或人工复核标记，需要补齐信息。,确认品牌、型号/规格和适用设备。,Sheet1:1943,5加长六角套筒
REVIEW-MAT-01161,C,medium,specs_conflict,加长六角套筒,工具器具/其他/套筒,规格: 6；特征: 加长；类型: 六角,个,,存在低精度或人工复核标记，需要补齐信息。,确认品牌、型号/规格和适用设备。,Sheet1:1944,6加长六角套筒
REVIEW-MAT-01162,C,medium,specs_conflict,加长六角套筒,工具器具/其他/套筒,规格: 7；特征: 加长；类型: 六角,个,,存在低精度或人工复核标记，需要补齐信息。,确认品牌、型号/规格和适用设备。,Sheet1:1945,7加长六角套筒
REVIEW-MAT-01163,C,medium,specs_conflict,加长六角套筒,工具器具/其他/套筒,规格: 8；特征: 加长；类型: 六角,个,,存在低精度或人工复核标记，需要补齐信息。,确认品牌、型号/规格和适用设备。,Sheet1:1946,8加长六角套筒
REVIEW-MAT-01164,C,medium,specs_conflict,加长六角套筒,工具器具/其他/套筒,规格: 10；特征: 加长；类型: 六角,个,,存在低精度或人工复核标记，需要补齐信息。,确认品牌、型号/规格和适用设备。,Sheet1:1947,10加长六角套筒
REVIEW-MAT-01165,C,medium,specs_conflict,加长六角套筒,工具器具/其他/套筒,规格: 12；特征: 加长；类型: 六角,个,,存在低精度或人工复核标记，需要补齐信息。,确认品牌、型号/规格和适用设备。,Sheet1:1948,12加长六角套筒
REVIEW-MAT-01166,C,medium,specs_conflict,加长六角套筒,工具器具/其他/套筒,规格: 14；特征: 加长；类型: 六角,个,,存在低精度或人工复核标记，需要补齐信息。,确认品牌、型号/规格和适用设备。,Sheet1:1949,14加长六角套筒
REVIEW-MAT-01167,C,medium,specs_conflict,混凝土试模,工具器具/其他/检测模具,尺寸: 150*150*150,个,,存在低精度或人工复核标记，需要补齐信息。,确认品牌、型号/规格和适用设备。,Sheet1:1950,150*150*150混凝土模具
REVIEW-MAT-01168,C,medium,low_precision_conflict,卡箍接头,设备备件与加工件/金属加工件/金属加工件,加工: 是；规格: 168；类型: 卡箍接头,个,,存在低精度或人工复核标记，需要补齐信息。,确认型号、图号、适用设备和关键尺寸。,Sheet1:1952；Sheet1:2087,加工168卡箍接头
REVIEW-MAT-01169,C,medium,low_precision_conflict,卡箍接头,设备备件与加工件/金属加工件/金属加工件,加工: 是；规格: 89；类型: 卡箍接头,个,,存在低精度或人工复核标记，需要补齐信息。,确认型号、图号、适用设备和关键尺寸。,Sheet1:1953,加工89卡箍接头
REVIEW-MAT-01170,C,medium,specs_conflict,焊接弯头,管道管件/其他/弯头,规格: 89；壁厚: 10；连接: 焊接,个,,存在低精度或人工复核标记，需要补齐信息。,确认材质、口径/规格、连接方式和类型。,Sheet1:1954,89*10焊接弯头
REVIEW-MAT-01171,C,medium,specs_conflict,焊接弯头,管道管件/其他/弯头,规格: 168；壁厚: 10；连接: 焊接,个,,存在低精度或人工复核标记，需要补齐信息。,确认材质、口径/规格、连接方式和类型。,Sheet1:1955,168*10焊接弯头
REVIEW-MAT-01172,C,medium,specs_conflict,扁钢,金属原材料/钢材型材/钢材型材,规格: 50*5,米,,存在低精度或人工复核标记，需要补齐信息。,确认材质、规格尺寸和执行标准。,Sheet1:1956,50*5扁铁
REVIEW-MAT-01173,C,medium,specs_conflict,机械密封,设备备件与加工件/其他/密封件,型号: 6205,个,,存在低精度或人工复核标记，需要补齐信息。,确认型号、图号、适用设备和关键尺寸。,Sheet1:1957,6205机械密封
REVIEW-MAT-01174,C,medium,low_precision_conflict,螺丝,紧固件/螺纹紧固件/螺丝螺栓,规格: M24*230,个,,存在低精度或人工复核标记，需要补齐信息。,确认规格、材质/强度等级和单位。,Sheet1:1959；Sheet1:2131,24*230螺丝
REVIEW-MAT-01175,C,medium,specs_conflict,加厚垫片,紧固件/螺纹紧固件/螺母垫圈,规格: M24；特征: 加厚,个,,存在低精度或人工复核标记，需要补齐信息。,确认规格、材质/强度等级和单位。,Sheet1:1960；Sheet1:2133,24加厚垫片
REVIEW-MAT-01176,C,medium,needs_human_review,防松螺母,紧固件/螺纹紧固件/螺母垫圈,规格: M24；类型: 防松,个,,存在低精度或人工复核标记，需要补齐信息。,确认规格、材质/强度等级和单位。,Sheet1:1961；Sheet1:2132,24防松 螺母；24防松螺母
REVIEW-MAT-01178,C,medium,missing_specs,橡胶锤,工具器具/手动工具/通用手动工具,材质: 橡胶,个,至少一个: 型号；规格；品牌；尺寸；适用设备,未满足当前分组的关键规格模板。,确认品牌、型号/规格和适用设备。,Sheet1:1963,橡皮锤
REVIEW-MAT-01179,C,medium,needs_human_review,焊接卡箍,设备备件与加工件/金属加工件/金属加工件,加工: 是；规格: 219；连接: 焊接,个,,存在低精度或人工复核标记，需要补齐信息。,确认型号、图号、适用设备和关键尺寸。,Sheet1:1964,加工219焊接卡箍
REVIEW-MAT-01180,C,medium,low_precision_conflict,高压油管,液压气动/液压管路/高压胶管,规格: 76*4,米,,存在低精度或人工复核标记，需要补齐信息。,按默认规则补齐至少一个关键规格字段。,Sheet1:1965,76*4高压油管
REVIEW-MAT-01181,C,medium,specs_conflict,美工刀,工具器具/手动工具/钳剪刀锤,品牌: 得力；颜色: 黑色,个,,存在低精度或人工复核标记，需要补齐信息。,确认品牌、型号/规格和适用设备。,Sheet1:1967,得力黑美工刀
REVIEW-MAT-01182,C,medium,missing_specs,美工刀片,工具器具/手动工具/钳剪刀锤,类型: 美工刀片,合,至少一个: 型号；规格；品牌；尺寸；适用设备,未满足当前分组的关键规格模板。,确认品牌、型号/规格和适用设备。,Sheet1:1968,美工刀片
REVIEW-MAT-01183,C,medium,needs_human_review,塑料箱,行政办公与清洁/其他/收纳用品,规格: 大；型号/规格: 75,个,,存在低精度或人工复核标记，需要补齐信息。,确认规格、品牌和包装单位。,Sheet1:1970,大塑料箱75
REVIEW-MAT-01184,C,medium,needs_human_review,法兰异径接头,设备备件与加工件/金属加工件/金属加工件,加工: 是；规格: 34*60；连接: 法兰；类型: 大小头,套,,存在低精度或人工复核标记，需要补齐信息。,确认型号、图号、适用设备和关键尺寸。,Sheet1:1971,加工34*60法兰大小头
REVIEW-MAT-01185,D,high,alias_conflict,钢丝刷,工具器具/其他/清理工具,类型: 钢丝刷,个,至少一个: 型号；规格；品牌；尺寸；适用设备,存在阻塞冲突，不能自动放行。,先解决别名、单位或分组冲突，不要自动创建物料。,Sheet1:1972,钢丝刷
REVIEW-MAT-01186,C,medium,needs_human_review,台钳,工具器具/其他/夹持工具,开口: 400；规格: 16寸；特征: 加重,台,,存在低精度或人工复核标记，需要补齐信息。,确认品牌、型号/规格和适用设备。,Sheet1:1973,加重400开口16寸台钳
REVIEW-MAT-01187,C,medium,low_precision_conflict,螺丝,紧固件/螺纹紧固件/螺丝螺栓,规格: M20*30,个,,存在低精度或人工复核标记，需要补齐信息。,确认规格、材质/强度等级和单位。,Sheet1:1974,M20*30螺丝
REVIEW-MAT-01188,D,high,alias_conflict,螺丝,紧固件/螺纹紧固件/螺丝螺栓,规格: M20*35,个,,存在阻塞冲突，不能自动放行。,先解决别名、单位或分组冲突，不要自动创建物料。,Sheet1:1975,M20*35螺丝
REVIEW-MAT-01189,D,high,alias_conflict,螺丝,紧固件/螺纹紧固件/螺丝螺栓,规格: M20*130,个,,存在阻塞冲突，不能自动放行。,先解决别名、单位或分组冲突，不要自动创建物料。,Sheet1:1976,M20*130螺丝
REVIEW-MAT-01190,C,medium,specs_conflict,内六角扳手套装,工具器具/手动工具/通用手动工具,品牌: 世达；规格范围: 1.5-10,套,,存在低精度或人工复核标记，需要补齐信息。,确认品牌、型号/规格和适用设备。,Sheet1:1979,1.5-10世达内六角扳手
REVIEW-MAT-01191,C,medium,needs_human_review,开口梅花扳手套装,工具器具/手动工具/通用手动工具,品牌: 世达；规格范围: 8-24,套,,存在低精度或人工复核标记，需要补齐信息。,确认品牌、型号/规格和适用设备。,Sheet1:1980,8-24世达开口梅花扳手
REVIEW-MAT-01192,C,medium,missing_specs,鸭嘴吊具,吊装索具/其他/吊具,额定载荷: 20T；型式: 鸭嘴；功能: 万能,个,至少一个: 规格；型号；类型；材质；品牌；尺寸；长度；厚度；功率；包装规格；适用设备,未满足当前分组的关键规格模板。,按默认规则补齐至少一个关键规格字段。,Sheet1:1982,20T鸭嘴万能吊具
REVIEW-MAT-01193,C,medium,specs_conflict,轴承,设备备件与加工件/传动轴承/传动轴承,品牌: TIMKEN；型号: J90354；进口: 是,个,,存在低精度或人工复核标记，需要补齐信息。,确认型号、图号、适用设备和关键尺寸。,Sheet1:1983,进口TIMKEN-J90354轴承
REVIEW-MAT-01194,C,medium,missing_specs,轴套,设备备件与加工件/金属加工件/金属加工件,加工: 是；部件: 轴套,个,至少一个: 型号；规格；图号；适用设备；材质,未满足当前分组的关键规格模板。,确认型号、图号、适用设备和关键尺寸。,Sheet1:1984,加工轴套
REVIEW-MAT-01195,C,medium,missing_specs,管道增压泵,设备备件与加工件/设备专用备件/设备备件,电压: 380V；功率: 3kW；类型: 管道增压泵,个,至少一个: 型号；规格；图号；适用设备；材质,未满足当前分组的关键规格模板。,确认型号、图号、适用设备和关键尺寸。,Sheet1:1986,380V*3千瓦管道增压泵
REVIEW-MAT-01196,C,medium,missing_specs,管道增压泵,设备备件与加工件/设备专用备件/设备备件,电压: 380V；功率: 1.5kW；类型: 管道增压泵,个,至少一个: 型号；规格；图号；适用设备；材质,未满足当前分组的关键规格模板。,确认型号、图号、适用设备和关键尺寸。,Sheet1:1987,380V*1.5千瓦管道增压泵
REVIEW-MAT-01197,C,medium,missing_specs,变频自吸泵,设备备件与加工件/设备专用备件/设备备件,功率: 1.5kW；控制: 全自动变频；类型: 自吸泵,个,至少一个: 型号；规格；图号；适用设备；材质,未满足当前分组的关键规格模板。,确认型号、图号、适用设备和关键尺寸。,Sheet1:1988,全自动变频自吸泵1.5千瓦
REVIEW-MAT-01198,C,medium,needs_human_review,电镐碳刷,工具器具/电动工具/电钻角磨机,适用设备: 电镐；部件: 碳刷,付,,存在低精度或人工复核标记，需要补齐信息。,确认品牌、型号/规格和适用设备。,Sheet1:1991,电镐碳刷
REVIEW-MAT-01199,D,high,alias_conflict,记号笔,行政办公与清洁/办公用品/文具书写,品类: 记号笔,支,至少一个: 规格；类型；品牌；包装规格,存在阻塞冲突，不能自动放行。,先解决别名、单位或分组冲突，不要自动创建物料。,Sheet1:1992；Sheet1:2143,记号笔
REVIEW-MAT-01200,C,medium,low_precision_conflict,建筑模板,工程建材/其他/模板木方,尺寸: 2.44*1.22*15,张,,存在低精度或人工复核标记，需要补齐信息。,确认规格、材质/强度等级、尺寸和包装单位。,Sheet1:1994,2.44*1.22*15模板
REVIEW-MAT-01201,C,medium,missing_specs,管片密封胶,化工油漆胶粘/胶粘密封/胶粘剂,用途: 管片密封,桶,至少一个: 型号；规格；图号；适用设备；材质,未满足当前分组的关键规格模板。,确认型号、图号、适用设备和关键尺寸。,Sheet1:1995,管片密封胶水
REVIEW-MAT-01202,C,medium,missing_specs,泡沫双面胶,化工油漆胶粘/胶粘密封/胶粘剂,特征: 厚；类型: 泡沫双面胶,卷,至少一个: 型号；规格；图号；适用设备；材质,未满足当前分组的关键规格模板。,确认型号、图号、适用设备和关键尺寸。,Sheet1:1996,厚泡沫双面胶
REVIEW-MAT-01203,C,medium,missing_specs,减压阀,阀门/其他/减压阀,公称直径: DN50；执行标准: 国标,个,至少一个: 规格；型号；类型；材质；品牌；尺寸；长度；厚度；功率；包装规格；适用设备,未满足当前分组的关键规格模板。,按默认规则补齐至少一个关键规格字段。,Sheet1:1998,DN50国标减压阀
REVIEW-MAT-01204,D,high,alias_conflict,扫把,行政办公与清洁/清洁用品/清洁工具耗材,品类: 扫把,个,至少一个: 规格；类型；品牌；包装规格,存在阻塞冲突，不能自动放行。,先解决别名、单位或分组冲突，不要自动创建物料。,Sheet1:2000,扫把
REVIEW-MAT-01205,C,medium,missing_specs,扫斗,行政办公与清洁/清洁用品/清洁工具耗材,品类: 扫斗,个,至少一个: 规格；类型；品牌；包装规格,未满足当前分组的关键规格模板。,确认规格、品牌和包装单位。,Sheet1:2001,扫斗
REVIEW-MAT-01206,C,medium,missing_specs,不锈钢抹刀,工具器具/其他/泥瓦工具,材质: 不锈钢；类型: 抹刀,个,至少一个: 型号；规格；品牌；尺寸；适用设备,未满足当前分组的关键规格模板。,确认品牌、型号/规格和适用设备。,Sheet1:2002,不锈钢抹刀
REVIEW-MAT-01207,C,medium,missing_specs,氧气瓶手推车,焊接焊割/焊割设备工具/焊机割炬,适用气体: 氧气；特征: 加厚,个,至少一个: 型号；规格；直径；材质；类型,未满足当前分组的关键规格模板。,确认型号、直径/规格、材质和包装。,Sheet1:2003,加厚氧气车
REVIEW-MAT-01208,C,medium,missing_specs,乙炔瓶手推车,焊接焊割/焊割设备工具/焊机割炬,适用气体: 乙炔；特征: 加厚,个,至少一个: 型号；规格；直径；材质；类型,未满足当前分组的关键规格模板。,确认型号、直径/规格、材质和包装。,Sheet1:2004,加厚乙炔车
REVIEW-MAT-01209,D,high,alias_conflict,记号笔,行政办公与清洁/办公用品/文具书写,颜色: 白色,个,至少一个: 规格；类型；品牌；包装规格,存在阻塞冲突，不能自动放行。,先解决别名、单位或分组冲突，不要自动创建物料。,Sheet1:2005；Sheet1:2039,白色记号笔
REVIEW-MAT-01210,C,medium,specs_conflict,铜挂锁,工程建材/其他/锁具,材质: 铜,把,,存在低精度或人工复核标记，需要补齐信息。,确认规格、材质/强度等级、尺寸和包装单位。,Sheet1:2006,铜锁
REVIEW-MAT-01211,C,medium,needs_human_review,自动流量计,仪器仪表/流量液位仪表/流量液位,公称直径: DN150；材质/衬里: 橡胶；类型: 自动,台,,存在低精度或人工复核标记，需要补齐信息。,按默认规则补齐至少一个关键规格字段。,Sheet1:2007,DN150橡胶自动流量计
REVIEW-MAT-01212,C,medium,needs_human_review,梅花双用扳手,工具器具/手动工具/通用手动工具,规格: 14,个,,存在低精度或人工复核标记，需要补齐信息。,确认品牌、型号/规格和适用设备。,Sheet1:2008,14梅花双用扳手
REVIEW-MAT-01213,C,medium,missing_specs,铝合金梯子,工具器具/其他/登高工具,长度: 2.5米；材质: 铝合金；特征: 加厚,台,至少一个: 型号；规格；品牌；尺寸；适用设备,未满足当前分组的关键规格模板。,确认品牌、型号/规格和适用设备。,Sheet1:2009,加厚2.5米铝合金梯子
REVIEW-MAT-01214,C,medium,needs_human_review,镀锌螺丝组件,紧固件/螺纹紧固件/螺丝螺栓,规格: M10*55；表面: 镀锌；成套: 是,套,,存在低精度或人工复核标记，需要补齐信息。,确认规格、材质/强度等级和单位。,Sheet1:2010,M10*55镀锌螺丝
REVIEW-MAT-01215,C,medium,needs_human_review,不锈钢角码,工程建材/其他/连接件,材质: 不锈钢；形状: L型,个,,存在低精度或人工复核标记，需要补齐信息。,确认规格、材质/强度等级、尺寸和包装单位。,Sheet1:2011,L不锈钢角码
REVIEW-MAT-01216,C,medium,missing_specs,定制窗户,设备备件与加工件/金属加工件/金属加工件,定制: 是；品类: 窗户,个,至少一个: 型号；规格；图号；适用设备；材质,未满足当前分组的关键规格模板。,确认型号、图号、适用设备和关键尺寸。,Sheet1:2012,定做窗户
REVIEW-MAT-01217,C,medium,missing_specs,垃圾袋,行政办公与清洁/清洁用品/清洁工具耗材,品类: 垃圾袋,个,至少一个: 规格；类型；品牌；包装规格,未满足当前分组的关键规格模板。,确认规格、品牌和包装单位。,Sheet1:2016；Sheet1:2274；Sheet1:2285,垃圾袋
REVIEW-MAT-01218,C,medium,low_precision_conflict,建筑模板,工程建材/其他/模板木方,尺寸: 2.44*1.22*1.5；颜色: 黑色,块,,存在低精度或人工复核标记，需要补齐信息。,确认规格、材质/强度等级、尺寸和包装单位。,Sheet1:2017,2.44*1.22*1.5黑模板
REVIEW-MAT-01219,C,medium,specs_conflict,PPR管,管道管件/塑料管件/PPR管件,品牌: 公元；公称直径: DN200；材质: PPR,米,,存在低精度或人工复核标记，需要补齐信息。,确认材质、口径/规格、连接方式和类型。,Sheet1:2018,DN200公元PPR管
REVIEW-MAT-01220,C,medium,missing_specs,混凝土试模,工具器具/其他/检测模具,品类: 混凝土试模,个,至少一个: 型号；规格；品牌；尺寸；适用设备,未满足当前分组的关键规格模板。,确认品牌、型号/规格和适用设备。,Sheet1:2019,混凝土试模
REVIEW-MAT-01221,C,medium,missing_specs,救生衣,安全防护/高处与水域防护/水域防护,品类: 救生衣,个,至少一个: 类型；规格；材质；型号,未满足当前分组的关键规格模板。,确认类型、规格、材质和安全等级。,Sheet1:2020,救生衣
REVIEW-MAT-01222,C,medium,specs_conflict,机械密封,设备备件与加工件/其他/密封件,规格: 50,套,,存在低精度或人工复核标记，需要补齐信息。,确认型号、图号、适用设备和关键尺寸。,Sheet1:2021,50机械密封
REVIEW-MAT-01223,D,high,alias_conflict,美工刀,工具器具/手动工具/钳剪刀锤,类型: 美工刀,个,至少一个: 型号；规格；品牌；尺寸；适用设备,存在阻塞冲突，不能自动放行。,先解决别名、单位或分组冲突，不要自动创建物料。,Sheet1:2022,美工刀
REVIEW-MAT-01224,C,medium,specs_conflict,防锈润滑剂,化工油漆胶粘/其他/润滑剂,型号: DM40；功能: 防锈润滑,支,,存在低精度或人工复核标记，需要补齐信息。,确认类型、品牌/型号、颜色和包装规格。,Sheet1:2023,DM40防锈润滑剂
REVIEW-MAT-01225,C,medium,specs_conflict,铝合金梯子,设备备件与加工件/金属加工件/金属加工件,定制: 是；长度: 4米；材质: 铝合金；特征: 加厚,个,,存在低精度或人工复核标记，需要补齐信息。,确认型号、图号、适用设备和关键尺寸。,Sheet1:2030,定做4米加厚铝合金梯子
REVIEW-MAT-01226,C,medium,missing_specs,焊接面罩,劳保用品/其他/眼面防护,用途: 焊接,个,至少一个: 类型；规格；材质；型号,未满足当前分组的关键规格模板。,确认类型、规格、材质和安全等级。,Sheet1:2031,焊接面罩
REVIEW-MAT-01227,C,medium,needs_human_review,离心机钢板,设备备件与加工件/金属加工件/金属加工件,加工: 是；适用设备: 离心机；材质: 钢板,个,,存在低精度或人工复核标记，需要补齐信息。,确认型号、图号、适用设备和关键尺寸。,Sheet1:2034,加工离心机钢板
REVIEW-MAT-01228,C,medium,low_precision_conflict,螺丝,紧固件/螺纹紧固件/螺丝螺栓,规格: M27*100,个,,存在低精度或人工复核标记，需要补齐信息。,确认规格、材质/强度等级和单位。,Sheet1:2035,M27*100螺丝
REVIEW-MAT-01229,C,medium,specs_conflict,螺母,紧固件/螺纹紧固件/螺母垫圈,规格: M27,个,,存在低精度或人工复核标记，需要补齐信息。,确认规格、材质/强度等级和单位。,Sheet1:2037,m27螺母
REVIEW-MAT-01230,C,medium,low_precision_conflict,建筑模板,工程建材/其他/模板木方,尺寸: 2.44*1.22*1.5；特征: 厚,张,,存在低精度或人工复核标记，需要补齐信息。,确认规格、材质/强度等级、尺寸和包装单位。,Sheet1:2040,2.44*1.22*1.5厚模板
REVIEW-MAT-01231,C,medium,missing_specs,钢筋接驳器,工程建材/其他/钢筋连接件,适配钢筋直径: 22,个,至少一个: 规格；型号；材质；厚度；尺寸；包装规格；强度等级,未满足当前分组的关键规格模板。,确认规格、材质/强度等级、尺寸和包装单位。,Sheet1:2041,22钢筋接驳器
REVIEW-MAT-01232,C,medium,specs_conflict,气动扳手,工具器具/气动工具/气动工具,规格: 1寸,个,,存在低精度或人工复核标记，需要补齐信息。,确认品牌、型号/规格和适用设备。,Sheet1:2042,1寸气动扳手
REVIEW-MAT-01233,D,high,alias_conflict,一体式触摸屏,电气与自动化/其他/工控配件,型号: TPC1570；结构: 一体式,台,,存在阻塞冲突，不能自动放行。,先解决别名、单位或分组冲突，不要自动创建物料。,Sheet1:2043,TPC1570一体式触摸屏
REVIEW-MAT-01234,C,medium,specs_conflict,尼龙扎带,电气与自动化/其他/扎带,规格: 10*50cm；材质: 尼龙,包,,存在低精度或人工复核标记，需要补齐信息。,确认品牌、型号、电气参数和安装/连接方式。,Sheet1:2044,10*50cm尼龙扎带
REVIEW-MAT-01235,C,medium,specs_conflict,尼龙扎带,电气与自动化/其他/扎带,规格: 10*40cm；材质: 尼龙,包,,存在低精度或人工复核标记，需要补齐信息。,确认品牌、型号、电气参数和安装/连接方式。,Sheet1:2045,10*40cm尼龙扎带
REVIEW-MAT-01236,C,medium,specs_conflict,尼龙扎带,电气与自动化/其他/扎带,规格: 10*30cm；材质: 尼龙,包,,存在低精度或人工复核标记，需要补齐信息。,确认品牌、型号、电气参数和安装/连接方式。,Sheet1:2046,10*30cm尼龙扎带
REVIEW-MAT-01237,D,high,alias_conflict,雨鞋,劳保用品/其他/足部防护,品牌: 回力,双,至少一个: 类型；规格；材质；型号,存在阻塞冲突，不能自动放行。,先解决别名、单位或分组冲突，不要自动创建物料。,Sheet1:2047,回力雨鞋
REVIEW-MAT-01238,D,high,alias_conflict,编织袋,包装与标识/袋箱膜包装/袋箱膜,品类: 编织袋,个,至少一个: 规格；型号；类型；材质；品牌；尺寸；长度；厚度；功率；包装规格；适用设备,存在阻塞冲突，不能自动放行。,先解决别名、单位或分组冲突，不要自动创建物料。,Sheet1:2048,编织袋
REVIEW-MAT-01239,D,high,alias_conflict,铁锹柄,工具器具/工具配件/工具配件,部件: 柄；适用: 铁锹,支,至少一个: 型号；规格；品牌；尺寸；适用设备,存在阻塞冲突，不能自动放行。,先解决别名、单位或分组冲突，不要自动创建物料。,Sheet1:2050；Sheet1:2179,铁锹柄
REVIEW-MAT-01240,C,medium,missing_specs,铁锹,工具器具/手动工具/通用手动工具,品类: 铁锹,支,至少一个: 型号；规格；品牌；尺寸；适用设备,未满足当前分组的关键规格模板。,确认品牌、型号/规格和适用设备。,Sheet1:2051,铁锹
REVIEW-MAT-01241,C,medium,needs_human_review,焊接铁合页,工程建材/其他/门窗五金,规格: 6；材质: 铁；工艺: 焊接,付,,存在低精度或人工复核标记，需要补齐信息。,确认规格、材质/强度等级、尺寸和包装单位。,Sheet1:2053,6焊接铁合页
REVIEW-MAT-01242,D,high,alias_conflict,自喷漆,化工油漆胶粘/油漆涂料/涂料油漆,颜色: 白色；类型: 喷漆,支,,存在阻塞冲突，不能自动放行。,先解决别名、单位或分组冲突，不要自动创建物料。,Sheet1:2054,白色喷漆
REVIEW-MAT-01244,C,medium,needs_human_review,S挂钩,五金备件/其他/挂钩,规格: 大号；形状: S型；承重: 20kg,支,,存在低精度或人工复核标记，需要补齐信息。,按默认规则补齐至少一个关键规格字段。,Sheet1:2056,大S挂钩20kg
REVIEW-MAT-01245,C,medium,missing_specs,接地跨接线,电气与自动化/其他/接地材料,用途: 电柜接地跨接,支,至少一个: 型号；规格；品牌；电流；电压；功率；位数,未满足当前分组的关键规格模板。,确认品牌、型号、电气参数和安装/连接方式。,Sheet1:2057,电柜接地跨线
REVIEW-MAT-01246,C,medium,needs_human_review,乙炔割嘴,焊接焊割/焊割耗材/割嘴焊嘴,适用气体: 乙炔；类型: 割嘴,个,,存在低精度或人工复核标记，需要补齐信息。,确认型号、直径/规格、材质和包装。,Sheet1:2058,乙炔割嘴
REVIEW-MAT-01247,C,medium,needs_human_review,焊机快速接头,焊接焊割/焊割耗材/割嘴焊嘴,用途: 焊机；类型: 快速接头,个,,存在低精度或人工复核标记，需要补齐信息。,确认型号、直径/规格、材质和包装。,Sheet1:2059,焊机快连接头
REVIEW-MAT-01248,C,medium,needs_human_review,重型平口钳,工具器具/其他/夹持工具,规格: 5寸；特征: 重型,台,,存在低精度或人工复核标记，需要补齐信息。,确认品牌、型号/规格和适用设备。,Sheet1:2061,5寸重型平口钳
REVIEW-MAT-01249,C,medium,missing_specs,管钳,工具器具/手动工具/通用手动工具,长度: 600mm；特征: 防锈型,支,至少一个: 型号；规格；品牌；尺寸；适用设备,未满足当前分组的关键规格模板。,确认品牌、型号/规格和适用设备。,Sheet1:2062,防锈型管钳600
REVIEW-MAT-01250,C,medium,specs_conflict,LED灯泡,电气与自动化/照明与报警/灯具,功率: 50W；类型: LED,个,,存在低精度或人工复核标记，需要补齐信息。,确认品牌、型号、电气参数和安装/连接方式。,Sheet1:2063；Sheet1:2175,50WLED灯泡；50wLED灯泡
REVIEW-MAT-01251,C,medium,needs_human_review,气管自锁接头,液压气动/液压接头/液压接头,类型: 自锁接头,套,,存在低精度或人工复核标记，需要补齐信息。,按默认规则补齐至少一个关键规格字段。,Sheet1:2066,气管自锁接头
REVIEW-MAT-01252,C,medium,needs_human_review,镀锌方管,金属原材料/钢材型材/钢材型材,规格: 3*3*3；表面: 镀锌,米,,存在低精度或人工复核标记，需要补齐信息。,确认材质、规格尺寸和执行标准。,Sheet1:2067,镀锌方管3*3*3
REVIEW-MAT-01253,D,high,alias_conflict,镀锌角钢,金属原材料/钢材型材/钢材型材,规格: 4*4*0.5；表面: 镀锌,米,,存在阻塞冲突，不能自动放行。,先解决别名、单位或分组冲突，不要自动创建物料。,Sheet1:2068,4*4*0.5镀锌角铁
REVIEW-MAT-01254,C,medium,missing_specs,后备套夹子,设备备件与加工件/金属加工件/金属加工件,加工: 是；部件: 后备套夹子,个,至少一个: 型号；规格；图号；适用设备；材质,未满足当前分组的关键规格模板。,确认型号、图号、适用设备和关键尺寸。,Sheet1:2069,加工后备套夹子
REVIEW-MAT-01255,C,medium,needs_human_review,螺杆泵电机套装,设备备件与加工件/设备专用备件/设备备件,功率: 2.2kW；材质: 不锈钢；组成: 螺杆泵、电机,套,,存在低精度或人工复核标记，需要补齐信息。,确认型号、图号、适用设备和关键尺寸。,Sheet1:2071,2.2千瓦不锈钢螺杆泵和电机
REVIEW-MAT-01256,C,medium,needs_human_review,螺杆泵水封,设备备件与加工件/其他/密封件,品牌: 耐驰；原装: 是；适用设备: 螺杆泵,个,,存在低精度或人工复核标记，需要补齐信息。,确认型号、图号、适用设备和关键尺寸。,Sheet1:2072,原装耐驰螺杆泵水封
REVIEW-MAT-01257,C,medium,needs_human_review,焊接三通,管道管件/其他/焊接管件,规格: 168；壁厚: 10；类型: 三通；连接: 焊接,个,,存在低精度或人工复核标记，需要补齐信息。,确认材质、口径/规格、连接方式和类型。,Sheet1:2073,168*10焊接三通
REVIEW-MAT-01258,C,medium,missing_specs,管片螺丝,设备备件与加工件/金属加工件/金属加工件,加工: 是；用途: 管片,根,至少一个: 型号；规格；图号；适用设备；材质,未满足当前分组的关键规格模板。,确认型号、图号、适用设备和关键尺寸。,Sheet1:2074,加工管片螺丝
REVIEW-MAT-01259,C,medium,missing_specs,氧气瓶手推车,焊接焊割/焊割设备工具/焊机割炬,适用气体: 氧气；轮型: 大充气轮,台,至少一个: 型号；规格；直径；材质；类型,未满足当前分组的关键规格模板。,确认型号、直径/规格、材质和包装。,Sheet1:2075,大充气轮氧气车
REVIEW-MAT-01260,C,medium,missing_specs,乙炔瓶手推车,焊接焊割/焊割设备工具/焊机割炬,适用气体: 乙炔；轮型: 大充气轮,台,至少一个: 型号；规格；直径；材质；类型,未满足当前分组的关键规格模板。,确认型号、直径/规格、材质和包装。,Sheet1:2076,大充气轮乙炔车
REVIEW-MAT-01262,C,medium,missing_specs,氧气瓶手推车,焊接焊割/焊割设备工具/焊机割炬,适用气体: 氧气；轮胎: 43cm,台,至少一个: 型号；规格；直径；材质；类型,未满足当前分组的关键规格模板。,确认型号、直径/规格、材质和包装。,Sheet1:2078,43cm轮胎氧气车
REVIEW-MAT-01263,C,medium,missing_specs,乙炔瓶手推车,焊接焊割/焊割设备工具/焊机割炬,适用气体: 乙炔；轮胎: 43cm,台,至少一个: 型号；规格；直径；材质；类型,未满足当前分组的关键规格模板。,确认型号、直径/规格、材质和包装。,Sheet1:2079,43cm轮胎乙炔车
REVIEW-MAT-01264,C,medium,specs_conflict,气动扳手,工具器具/气动工具/气动工具,规格: 大号,台,,存在低精度或人工复核标记，需要补齐信息。,确认品牌、型号/规格和适用设备。,Sheet1:2081,大气动扳手
REVIEW-MAT-01265,C,medium,needs_human_review,加长六角螺丝,设备备件与加工件/金属加工件/金属加工件,加工: 是；规格: M27*100；头型: 六角；特征: 加长,个,,存在低精度或人工复核标记，需要补齐信息。,确认型号、图号、适用设备和关键尺寸。,Sheet1:2082,加工M27*100加长六角螺丝
REVIEW-MAT-01266,C,medium,needs_human_review,雨棚,行政办公与清洁/其他/临时设施,尺寸: 3*4.5m；规格: 大,套,,存在低精度或人工复核标记，需要补齐信息。,确认规格、品牌和包装单位。,Sheet1:2083,3*4.5m大雨棚
REVIEW-MAT-01267,C,medium,low_precision_conflict,膨胀螺丝,紧固件/锚固件/膨胀锚栓,规格: M20*150,个,,存在低精度或人工复核标记，需要补齐信息。,确认规格、材质/强度等级和单位。,Sheet1:2084,M20*150膨胀螺丝
REVIEW-MAT-01268,C,medium,specs_conflict,焊条,焊接焊割/焊割耗材/割嘴焊嘴,直径: 2.5mm；包装重量: 20kg,个,,存在低精度或人工复核标记，需要补齐信息。,确认型号、直径/规格、材质和包装。,Sheet1:2085,2.5焊条20公斤
REVIEW-MAT-01269,C,medium,specs_conflict,焊条,焊接焊割/焊割耗材/割嘴焊嘴,直径: 3.2mm；包装重量: 20kg,个,,存在低精度或人工复核标记，需要补齐信息。,确认型号、直径/规格、材质和包装。,Sheet1:2086,3.2焊条20公斤
REVIEW-MAT-01271,C,medium,specs_conflict,消防水带,消防器材/灭火器与水带/消防水带,规格: 65；特征: 加厚,米,,存在低精度或人工复核标记，需要补齐信息。,按默认规则补齐至少一个关键规格字段。,Sheet1:2088,65加厚消防水带
REVIEW-MAT-01272,C,medium,missing_specs,常闭气动阀,液压气动/气动元件/接头阀管,公称直径: DN50；状态: 常闭；驱动: 气动,套,至少一个: 规格；型号；类型；材质；品牌；尺寸；长度；厚度；功率；包装规格；适用设备,未满足当前分组的关键规格模板。,按默认规则补齐至少一个关键规格字段。,Sheet1:2089,DN50常闭气动阀
REVIEW-MAT-01273,C,medium,specs_conflict,手拉葫芦,吊装索具/其他/葫芦,品牌/标识: 三角；额定载荷: 1T；链长: 6米,台,,存在低精度或人工复核标记，需要补齐信息。,按默认规则补齐至少一个关键规格字段。,Sheet1:2090,三角手拉葫芦1T*6米
REVIEW-MAT-01274,C,medium,specs_conflict,手拉葫芦,吊装索具/其他/葫芦,品牌/标识: 三角；额定载荷: 2T；链长: 6米,台,,存在低精度或人工复核标记，需要补齐信息。,按默认规则补齐至少一个关键规格字段。,Sheet1:2091,三角手拉葫芦2T*6米
REVIEW-MAT-01275,C,medium,needs_human_review,药芯焊丝,焊接焊割/焊割耗材/割嘴焊嘴,直径: 1.2mm；类型: 药芯焊丝,个,,存在低精度或人工复核标记，需要补齐信息。,确认型号、直径/规格、材质和包装。,Sheet1:2092；Sheet1:2123,1.2药芯焊丝
REVIEW-MAT-01276,C,medium,missing_specs,无缝钢管,金属原材料/钢材型材/钢材型材,外径: 60mm；壁厚: 4mm,根,至少一个: 材质；规格；厚度；宽度；长度；表面,未满足当前分组的关键规格模板。,确认材质、规格尺寸和执行标准。,Sheet1:2093,60*4无缝管
REVIEW-MAT-01277,C,medium,needs_human_review,麻花钻头,工具器具/工具耗材/钻头,规格: 9厘；类型: 麻花钻,支,,存在低精度或人工复核标记，需要补齐信息。,确认品牌、型号/规格和适用设备。,Sheet1:2095,9厘麻花钻头
REVIEW-MAT-01278,C,medium,needs_human_review,水管加工件,设备备件与加工件/金属加工件/金属加工件,加工: 是；规格: 6分；用途: 水管,根,,存在低精度或人工复核标记，需要补齐信息。,确认型号、图号、适用设备和关键尺寸。,Sheet1:2096,加工6分水管
REVIEW-MAT-01279,C,medium,specs_conflict,PPR球阀,管道管件/塑料管件/PPR管件,品牌: 公元；公称直径: DN50；材质: PPR；类型: 球阀,个,,存在低精度或人工复核标记，需要补齐信息。,确认材质、口径/规格、连接方式和类型。,Sheet1:2098,公元DN50PPR球阀
REVIEW-MAT-01280,D,high,alias_conflict,一体式触摸屏,电气与自动化/其他/工控配件,型号: TPC1570；结构: 一体式,套,,存在阻塞冲突，不能自动放行。,先解决别名、单位或分组冲突，不要自动创建物料。,Sheet1:2100,TPC1570一体式触摸屏
REVIEW-MAT-01281,C,medium,specs_conflict,加厚卡箍,设备备件与加工件/金属加工件/金属加工件,加工: 是；规格: 89；特征: 加厚,个,,存在低精度或人工复核标记，需要补齐信息。,确认型号、图号、适用设备和关键尺寸。,Sheet1:2102,加工89加厚卡箍
REVIEW-MAT-01282,C,medium,specs_conflict,加厚卡箍,设备备件与加工件/金属加工件/金属加工件,加工: 是；规格: 219；特征: 加厚,个,,存在低精度或人工复核标记，需要补齐信息。,确认型号、图号、适用设备和关键尺寸。,Sheet1:2103,加工219加厚卡箍
REVIEW-MAT-01283,C,medium,specs_conflict,法兰软连接,管道管件/其他/软连接,规格: 65*40；连接: 法兰,个,,存在低精度或人工复核标记，需要补齐信息。,确认材质、口径/规格、连接方式和类型。,Sheet1:2104,65*40法兰软连接
REVIEW-MAT-01284,C,medium,specs_conflict,法兰软连接,管道管件/其他/软连接,规格: 65*50；连接: 法兰,个,,存在低精度或人工复核标记，需要补齐信息。,确认材质、口径/规格、连接方式和类型。,Sheet1:2105,65*50法兰软连接
REVIEW-MAT-01285,C,medium,specs_conflict,PPR三通,管道管件/塑料管件/PPR管件,品牌: 公元；规格: 63；材质: PPR；类型: 三通,个,,存在低精度或人工复核标记，需要补齐信息。,确认材质、口径/规格、连接方式和类型。,Sheet1:2106,公元63 PPR三通
REVIEW-MAT-01286,C,medium,specs_conflict,PPR直通,管道管件/塑料管件/PPR管件,品牌: 公元；规格: 63；材质: PPR；类型: 直通,个,,存在低精度或人工复核标记，需要补齐信息。,确认材质、口径/规格、连接方式和类型。,Sheet1:2107,公元63 PPR直通
REVIEW-MAT-01287,C,medium,specs_conflict,PPR弯头,管道管件/塑料管件/PPR管件,品牌: 公元；规格: 63；材质: PPR；类型: 弯头,个,,存在低精度或人工复核标记，需要补齐信息。,确认材质、口径/规格、连接方式和类型。,Sheet1:2108,公元63 PPR弯头
REVIEW-MAT-01288,C,medium,specs_conflict,PPR管,管道管件/塑料管件/PPR管件,品牌: 公元；规格: 63；材质: PPR,米,,存在低精度或人工复核标记，需要补齐信息。,确认材质、口径/规格、连接方式和类型。,Sheet1:2109,公元63 PPR管
REVIEW-MAT-01289,C,medium,needs_human_review,快速接头胶垫,待治理/待治理/胶垫,规格: 63；适用: 快速接头,个,,存在低精度或人工复核标记，需要补齐信息。,按默认规则补齐至少一个关键规格字段。,Sheet1:2110,63快速接头胶垫
REVIEW-MAT-01290,C,medium,specs_conflict,PPR球阀,管道管件/塑料管件/PPR管件,品牌: 公元；规格: 63；材质: PPR；类型: 球阀,个,,存在低精度或人工复核标记，需要补齐信息。,确认材质、口径/规格、连接方式和类型。,Sheet1:2111,公元63PPR球阀
REVIEW-MAT-01291,D,high,alias_conflict,油布,劳保用品/其他/覆盖防护,品类: 油布,平方,至少一个: 类型；规格；材质；型号,存在阻塞冲突，不能自动放行。,先解决别名、单位或分组冲突，不要自动创建物料。,Sheet1:2112,油布
REVIEW-MAT-01292,C,medium,needs_human_review,胶垫,待治理/待治理/胶垫,规格: 50,个,,存在低精度或人工复核标记，需要补齐信息。,按默认规则补齐至少一个关键规格字段。,Sheet1:2114,50胶垫
REVIEW-MAT-01293,C,medium,specs_conflict,球阀,阀门/通用阀门/球阀,品牌: 埃美柯；公称直径: DN15,个,,存在低精度或人工复核标记，需要补齐信息。,按默认规则补齐至少一个关键规格字段。,Sheet1:2115,DN15埃美柯球阀
REVIEW-MAT-01294,C,medium,low_precision_conflict,布手套,劳保用品/手部防护/手套,材质: 布；结构: 双层；特征: 加厚,双,,存在低精度或人工复核标记，需要补齐信息。,确认类型、规格、材质和安全等级。,Sheet1:2120,布加厚双层手套
REVIEW-MAT-01295,D,high,alias_conflict,电焊钳,焊接焊割/焊割耗材/割嘴焊嘴,额定电流: 500A,把,至少一个: 型号；规格；直径；材质；类型,存在阻塞冲突，不能自动放行。,先解决别名、单位或分组冲突，不要自动创建物料。,Sheet1:2121,500A电焊钳
REVIEW-MAT-01296,D,high,alias_conflict,电焊钳,焊接焊割/焊割耗材/割嘴焊嘴,额定电流: 800A,把,至少一个: 型号；规格；直径；材质；类型,存在阻塞冲突，不能自动放行。,先解决别名、单位或分组冲突，不要自动创建物料。,Sheet1:2122,800A电焊钳
REVIEW-MAT-01297,D,high,alias_conflict,乙炔减压表,焊接焊割/焊割耗材/割嘴焊嘴,适用气体: 乙炔,个,至少一个: 型号；规格；直径；材质；类型,存在阻塞冲突，不能自动放行。,先解决别名、单位或分组冲突，不要自动创建物料。,Sheet1:2125,乙炔表
REVIEW-MAT-01298,C,medium,missing_specs,氧气胶管,焊接焊割/焊割耗材/割嘴焊嘴,长度: 30米；颜色: 红色；执行标准: 国标；适用气体: 氧气,卷,至少一个: 型号；规格；直径；材质；类型,未满足当前分组的关键规格模板。,确认型号、直径/规格、材质和包装。,Sheet1:2127,30米国标红色氧气管
REVIEW-MAT-01299,C,medium,needs_human_review,端子排,电气与自动化/接线连接/接线端子,规格: 50mm,个,,存在低精度或人工复核标记，需要补齐信息。,确认品牌、型号、电气参数和安装/连接方式。,Sheet1:2129,50mm端子排
REVIEW-MAT-01300,C,medium,needs_human_review,电浮球阀,仪器仪表/流量液位仪表/流量液位,线长: 10m；类型: 电浮球阀,个,,存在低精度或人工复核标记，需要补齐信息。,按默认规则补齐至少一个关键规格字段。,Sheet1:2134,10m长电浮球阀
REVIEW-MAT-01301,C,medium,missing_specs,闭门器,工程建材/其他/门窗五金,品类: 闭门器,个,至少一个: 规格；型号；材质；厚度；尺寸；包装规格；强度等级,未满足当前分组的关键规格模板。,确认规格、材质/强度等级、尺寸和包装单位。,Sheet1:2135,闭门器
REVIEW-MAT-01302,C,medium,low_precision_conflict,二位开关,电气与自动化/低压电器/开关按钮,位数: 二位,个,,存在低精度或人工复核标记，需要补齐信息。,确认品牌、型号、电气参数和安装/连接方式。,Sheet1:2136,二位开关
REVIEW-MAT-01303,C,medium,specs_conflict,花篮螺栓,吊装索具/其他/紧固调节,规格: 14*200,个,,存在低精度或人工复核标记，需要补齐信息。,按默认规则补齐至少一个关键规格字段。,Sheet1:2137,14*200花篮
REVIEW-MAT-01304,C,medium,missing_specs,钢丝绳,吊装索具/吊带索具/钢丝绳链条,直径: 10厘,米,至少一个: 规格；型号；类型；材质；品牌；尺寸；长度；厚度；功率；包装规格；适用设备,未满足当前分组的关键规格模板。,按默认规则补齐至少一个关键规格字段。,Sheet1:2138,10厘钢丝绳
REVIEW-MAT-01305,C,medium,specs_conflict,钢丝绳卡扣,吊装索具/吊带索具/钢丝绳链条,规格: 10厘,个,,存在低精度或人工复核标记，需要补齐信息。,按默认规则补齐至少一个关键规格字段。,Sheet1:2139,10厘卡扣
REVIEW-MAT-01306,D,high,alias_conflict,花篮螺栓,吊装索具/其他/紧固调节,规格: 10厘,套,,存在阻塞冲突，不能自动放行。,先解决别名、单位或分组冲突，不要自动创建物料。,Sheet1:2140,10厘花篮
REVIEW-MAT-01307,C,medium,low_precision_conflict,扁平吊装带,吊装索具/吊带索具/吊带,额定载荷: 5T；长度: 6m；执行标准: 国标；颜色: 彩色,根,,存在低精度或人工复核标记，需要补齐信息。,按默认规则补齐至少一个关键规格字段。,Sheet1:2144,5T*6m国标彩色吊带
REVIEW-MAT-01308,C,medium,missing_specs,水泵,设备备件与加工件/设备专用备件/设备备件,功率: 7500W；扬程: 50米,台,至少一个: 型号；规格；图号；适用设备；材质,未满足当前分组的关键规格模板。,确认型号、图号、适用设备和关键尺寸。,Sheet1:2145,7500w50米扬程水泵
REVIEW-MAT-01309,C,medium,needs_human_review,耐磨水管,管道管件/其他/水管,规格: 50；特征: 加厚、耐磨,米,,存在低精度或人工复核标记，需要补齐信息。,确认材质、口径/规格、连接方式和类型。,Sheet1:2146,50加厚耐磨水管
REVIEW-MAT-01310,C,medium,missing_specs,接线端子,电气与自动化/接线连接/接线端子,适配线径: 50mm2,个,至少一个: 型号；规格；品牌；电流；电压；功率；位数,未满足当前分组的关键规格模板。,确认品牌、型号、电气参数和安装/连接方式。,Sheet1:2147,50平方接线端子
REVIEW-MAT-01311,C,medium,specs_conflict,铝合金抱箍,管道管件/管道紧固/管夹卡箍,规格: 50；材质: 铝合金,个,,存在低精度或人工复核标记，需要补齐信息。,确认材质、口径/规格、连接方式和类型。,Sheet1:2148,50铝合金抱箍
REVIEW-MAT-01312,C,medium,specs_conflict,铝合金抱箍,管道管件/管道紧固/管夹卡箍,规格: 80；材质: 铝合金,个,,存在低精度或人工复核标记，需要补齐信息。,确认材质、口径/规格、连接方式和类型。,Sheet1:2149,80铝合金抱箍
REVIEW-MAT-01313,C,medium,specs_conflict,管钳,工具器具/手动工具/通用手动工具,规格: 18寸,支,,存在低精度或人工复核标记，需要补齐信息。,确认品牌、型号/规格和适用设备。,Sheet1:2151,"18\""管钳"
REVIEW-MAT-01314,C,medium,specs_conflict,管钳,工具器具/手动工具/通用手动工具,规格: 24寸,支,,存在低精度或人工复核标记，需要补齐信息。,确认品牌、型号/规格和适用设备。,Sheet1:2152,"24\""管钳"
REVIEW-MAT-01315,C,medium,missing_specs,污水泵,设备备件与加工件/设备专用备件/设备备件,功率: 5.5kW；类型: 污水泵,台,至少一个: 型号；规格；图号；适用设备；材质,未满足当前分组的关键规格模板。,确认型号、图号、适用设备和关键尺寸。,Sheet1:2153,5.5千w污水泵
REVIEW-MAT-01316,C,medium,specs_conflict,管卡,管道管件/管道紧固/管夹卡箍,规格: 100,个,,存在低精度或人工复核标记，需要补齐信息。,确认材质、口径/规格、连接方式和类型。,Sheet1:2155,100管卡
REVIEW-MAT-01317,C,medium,specs_conflict,连接头,消防器材/消防管件与接头/消防接头,规格: 100,个,,存在低精度或人工复核标记，需要补齐信息。,按默认规则补齐至少一个关键规格字段。,Sheet1:2156,100连接头
REVIEW-MAT-01318,C,medium,needs_human_review,消防水带/水管,消防器材/灭火器与水带/消防水带,规格: 65；用途: 消防,米,,存在低精度或人工复核标记，需要补齐信息。,按默认规则补齐至少一个关键规格字段。,Sheet1:2157,65消防水管
REVIEW-MAT-01319,C,medium,specs_conflict,消防水带,消防器材/灭火器与水带/消防水带,规格: 80；用途: 消防,米,,存在低精度或人工复核标记，需要补齐信息。,按默认规则补齐至少一个关键规格字段。,Sheet1:2158,80消防水带
REVIEW-MAT-01320,C,medium,specs_conflict,连接头,消防器材/消防管件与接头/消防接头,规格: 65,个,,存在低精度或人工复核标记，需要补齐信息。,按默认规则补齐至少一个关键规格字段。,Sheet1:2159,65连接头
REVIEW-MAT-01321,C,medium,specs_conflict,连接头,消防器材/消防管件与接头/消防接头,规格: 80,个,,存在低精度或人工复核标记，需要补齐信息。,按默认规则补齐至少一个关键规格字段。,Sheet1:2160,80连接头
REVIEW-MAT-01322,C,medium,specs_conflict,管卡,管道管件/管道紧固/管夹卡箍,规格: 65,个,,存在低精度或人工复核标记，需要补齐信息。,确认材质、口径/规格、连接方式和类型。,Sheet1:2161,65管卡
REVIEW-MAT-01323,C,medium,specs_conflict,管卡,管道管件/管道紧固/管夹卡箍,规格: 80,个,,存在低精度或人工复核标记，需要补齐信息。,确认材质、口径/规格、连接方式和类型。,Sheet1:2162,80管卡
REVIEW-MAT-01324,C,medium,missing_specs,吸油棉,行政办公与清洁/清洁用品/清洁工具耗材,厚度: 5mm；用途: 吸油,张,至少一个: 规格；类型；品牌；包装规格,未满足当前分组的关键规格模板。,确认规格、品牌和包装单位。,Sheet1:2163,5MM厚吸油棉
REVIEW-MAT-01325,C,medium,missing_specs,电机,设备备件与加工件/设备专用备件/设备备件,功率: 7.5kW,台,至少一个: 型号；规格；图号；适用设备；材质,未满足当前分组的关键规格模板。,确认型号、图号、适用设备和关键尺寸。,Sheet1:2164,7.5千w电机
REVIEW-MAT-01326,C,medium,specs_conflict,钢丝绳,吊装索具/吊带索具/钢丝绳链条,规格: 50；长度: 6米,根,,存在低精度或人工复核标记，需要补齐信息。,按默认规则补齐至少一个关键规格字段。,Sheet1:2165,50*6米钢丝绳
REVIEW-MAT-01327,C,medium,missing_specs,安全网,安全防护/隔离防护/防护网,尺寸: 1.8米*6米,张,至少一个: 类型；规格；材质；型号,未满足当前分组的关键规格模板。,确认类型、规格、材质和安全等级。,Sheet1:2166,1.8米*6米安全网
REVIEW-MAT-01328,C,medium,needs_human_review,定制橡胶条/板,设备备件与加工件/金属加工件/金属加工件,定制: 是；规格: 200*5；材质: 橡胶,米,,存在低精度或人工复核标记，需要补齐信息。,确认型号、图号、适用设备和关键尺寸。,Sheet1:2167,定做橡胶200*5
REVIEW-MAT-01329,C,medium,missing_specs,水泥钉,紧固件/其他/钉,类型: 水泥钉,盒,至少一个: 规格；直径；长度；型号,未满足当前分组的关键规格模板。,确认规格、材质/强度等级和单位。,Sheet1:2168；Sheet1:2173,水泥钉
REVIEW-MAT-01330,C,medium,specs_conflict,电线,电气与自动化/电线电缆与敷设/电线电缆,品牌: 起帆；截面积: 25mm2,米,,存在低精度或人工复核标记，需要补齐信息。,确认品牌、型号、电气参数和安装/连接方式。,Sheet1:2169,25平方起帆电线
REVIEW-MAT-01331,C,medium,needs_human_review,胶接头,管道管件/其他/软管接头,规格: 4寸；材质: 胶,套,,存在低精度或人工复核标记，需要补齐信息。,确认材质、口径/规格、连接方式和类型。,Sheet1:2176,4寸胶接头
REVIEW-MAT-01332,D,high,alias_conflict,竹扫把,行政办公与清洁/清洁用品/清洁工具耗材,规格: 大；材质: 竹,个,,存在阻塞冲突，不能自动放行。,先解决别名、单位或分组冲突，不要自动创建物料。,Sheet1:2178；Sheet1:2273,大竹扫把
REVIEW-MAT-01333,D,high,alias_conflict,连体工作服,劳保用品/头足身防护/防护服,特征: 加厚；结构: 连体,套,至少一个: 类型；规格；材质；型号,存在阻塞冲突，不能自动放行。,先解决别名、单位或分组冲突，不要自动创建物料。,Sheet1:2180,加厚连体裤
REVIEW-MAT-01334,D,high,alias_conflict,焊条,焊接焊割/焊割耗材/割嘴焊嘴,直径: 3.2mm,个,,存在阻塞冲突，不能自动放行。,先解决别名、单位或分组冲突，不要自动创建物料。,Sheet1:2181,3.2焊条
REVIEW-MAT-01335,C,medium,specs_conflict,水泵钳,工具器具/手动工具/通用手动工具,规格: 8寸,支,,存在低精度或人工复核标记，需要补齐信息。,确认品牌、型号/规格和适用设备。,Sheet1:2182,8寸水泵钳
REVIEW-MAT-01336,C,medium,specs_conflict,水泵钳,工具器具/手动工具/通用手动工具,规格: 10寸,支,,存在低精度或人工复核标记，需要补齐信息。,确认品牌、型号/规格和适用设备。,Sheet1:2183,10寸水泵钳
REVIEW-MAT-01337,C,medium,needs_human_review,沟槽消防阀,阀门/其他/消防阀门,规格: 150；连接: 沟槽/卡式；用途: 消防,个,,存在低精度或人工复核标记，需要补齐信息。,按默认规则补齐至少一个关键规格字段。,Sheet1:2184,沟槽阀150卡式消防阀
REVIEW-MAT-01338,C,medium,missing_specs,切割机防护罩,工具器具/电动工具/电钻角磨机,适配设备: 400切割机；部件: 防护罩,个,至少一个: 型号；规格；品牌；尺寸；适用设备,未满足当前分组的关键规格模板。,确认品牌、型号/规格和适用设备。,Sheet1:2185,400切割机防护罩
REVIEW-MAT-01339,D,high,alias_conflict,抹布,行政办公与清洁/清洁用品/清洁工具耗材,形态: 大块；颜色: 白色,kg,至少一个: 规格；类型；品牌；包装规格,存在阻塞冲突，不能自动放行。,先解决别名、单位或分组冲突，不要自动创建物料。,Sheet1:2190,大块白抹布
REVIEW-MAT-01340,C,medium,specs_conflict,抱箍加工件,设备备件与加工件/金属加工件/金属加工件,加工: 是；规格: 3寸；类型: 抱箍,个,,存在低精度或人工复核标记，需要补齐信息。,确认型号、图号、适用设备和关键尺寸。,Sheet1:2193,3寸抱箍加工
REVIEW-MAT-01341,C,medium,specs_conflict,抱箍加工件,设备备件与加工件/金属加工件/金属加工件,加工: 是；规格: 2寸；类型: 抱箍,个,,存在低精度或人工复核标记，需要补齐信息。,确认型号、图号、适用设备和关键尺寸。,Sheet1:2194,2寸抱箍加工
REVIEW-MAT-01342,C,medium,missing_specs,卸扣,吊装索具/吊装连接件/卸扣吊钩,额定载荷: 8T,个,至少一个: 规格；型号；类型；材质；品牌；尺寸；长度；厚度；功率；包装规格；适用设备,未满足当前分组的关键规格模板。,按默认规则补齐至少一个关键规格字段。,Sheet1:2197；Sheet1:2869,8T卸扣；卸扣8T
REVIEW-MAT-01343,C,medium,missing_specs,卸扣,吊装索具/吊装连接件/卸扣吊钩,额定载荷: 10T,个,至少一个: 规格；型号；类型；材质；品牌；尺寸；长度；厚度；功率；包装规格；适用设备,未满足当前分组的关键规格模板。,按默认规则补齐至少一个关键规格字段。,Sheet1:2198；Sheet1:2868；Sheet1:3622,10T卸扣；卸扣10T
REVIEW-MAT-01344,C,medium,missing_specs,卸扣,吊装索具/吊装连接件/卸扣吊钩,额定载荷: 12T,个,至少一个: 规格；型号；类型；材质；品牌；尺寸；长度；厚度；功率；包装规格；适用设备,未满足当前分组的关键规格模板。,按默认规则补齐至少一个关键规格字段。,Sheet1:2199,12T卸扣
REVIEW-MAT-01345,C,medium,missing_specs,木屑,生产辅料/其他/吸附填充材料,品类: 木屑,斤,至少一个: 规格；型号；类型；材质；品牌；尺寸；长度；厚度；功率；包装规格；适用设备,未满足当前分组的关键规格模板。,按默认规则补齐至少一个关键规格字段。,Sheet1:2200,木屑
REVIEW-MAT-01346,C,medium,needs_human_review,三相四线插头,电气与自动化/插头插座/插头插座,电流: 25A；类型: 三相四线,个,,存在低精度或人工复核标记，需要补齐信息。,确认品牌、型号、电气参数和安装/连接方式。,Sheet1:2201,25A三相四插头
REVIEW-MAT-01347,C,medium,needs_human_review,五坑尖凿,工具器具/其他/凿具,规格: 大；接口: 五坑；类型: 尖凿,支,,存在低精度或人工复核标记，需要补齐信息。,确认品牌、型号/规格和适用设备。,Sheet1:2203,大五坑尖凿
REVIEW-MAT-01348,C,medium,specs_conflict,钨钢钻头,工具器具/工具耗材/钻头,规格: 3.5；材质: 钨钢,支,,存在低精度或人工复核标记，需要补齐信息。,确认品牌、型号/规格和适用设备。,Sheet1:2207,3.5钨钢钻头
REVIEW-MAT-01349,C,medium,specs_conflict,钨钢钻头,工具器具/工具耗材/钻头,规格: 3.0；材质: 钨钢,支,,存在低精度或人工复核标记，需要补齐信息。,确认品牌、型号/规格和适用设备。,Sheet1:2208,3.0钨钢钻头
REVIEW-MAT-01350,C,medium,needs_human_review,鼓风机滤芯,设备备件与加工件/过滤密封/过滤件,规格: 2寸；适用设备: 鼓风机,个,,存在低精度或人工复核标记，需要补齐信息。,确认型号、图号、适用设备和关键尺寸。,Sheet1:2209,2寸鼓风机滤芯
REVIEW-MAT-01351,C,medium,specs_conflict,法兰,管道管件/其他/法兰,公称直径: DN50；压力等级: 16kg,个,,存在低精度或人工复核标记，需要补齐信息。,确认材质、口径/规格、连接方式和类型。,Sheet1:2210,DN50*16KG法兰
REVIEW-MAT-01352,C,medium,specs_conflict,法兰,管道管件/其他/法兰,公称直径: DN65；压力等级: 16kg,个,,存在低精度或人工复核标记，需要补齐信息。,确认材质、口径/规格、连接方式和类型。,Sheet1:2211,DN65*16KG法兰
REVIEW-MAT-01353,C,medium,missing_specs,伸缩杆,工具器具/其他/辅助工具,长度: 2米；结构: 伸缩,个,至少一个: 型号；规格；品牌；尺寸；适用设备,未满足当前分组的关键规格模板。,确认品牌、型号/规格和适用设备。,Sheet1:2213,2米伸缩杆
REVIEW-MAT-01354,C,medium,needs_human_review,不锈钢合页,工程建材/其他/门窗五金,规格: 3寸；材质: 不锈钢,付,,存在低精度或人工复核标记，需要补齐信息。,确认规格、材质/强度等级、尺寸和包装单位。,Sheet1:2214,3寸不锈钢合页
REVIEW-MAT-01355,C,medium,needs_human_review,定制高压油管,设备备件与加工件/金属加工件/金属加工件,定制: 是；规格: 19；压力: 420公斤,根,,存在低精度或人工复核标记，需要补齐信息。,确认型号、图号、适用设备和关键尺寸。,Sheet1:2215,定做19*420公斤高压油管
REVIEW-MAT-01356,C,medium,specs_conflict,铜挂锁,工程建材/其他/锁具,材质: 铜；钥匙类型: 通开,个,,存在低精度或人工复核标记，需要补齐信息。,确认规格、材质/强度等级、尺寸和包装单位。,Sheet1:2216,通开铜挂锁
REVIEW-MAT-01357,C,medium,missing_specs,量杯,工具器具/其他/计量工具,容量: 5L,个,至少一个: 型号；规格；品牌；尺寸；适用设备,未满足当前分组的关键规格模板。,确认品牌、型号/规格和适用设备。,Sheet1:2218,5L量杯
REVIEW-MAT-01358,C,medium,needs_human_review,定制钢丝绳,设备备件与加工件/金属加工件/金属加工件,定制: 是；规格: 50；长度: 4米,根,,存在低精度或人工复核标记，需要补齐信息。,确认型号、图号、适用设备和关键尺寸。,Sheet1:2219,定做50*4米钢丝绳
REVIEW-MAT-01359,C,medium,missing_specs,钢丝绳专用剂,化工油漆胶粘/其他/润滑防护剂,进口: 是；包装: 5kg；用途: 钢丝绳,桶,至少一个: 类型；品牌；型号；包装规格；颜色,未满足当前分组的关键规格模板。,确认类型、品牌/型号、颜色和包装规格。,Sheet1:2220,进口5KG钢丝绳专用剂
REVIEW-MAT-01360,C,medium,missing_specs,喷壶,行政办公与清洁/清洁用品/清洁工具耗材,品类: 喷壶,个,至少一个: 规格；类型；品牌；包装规格,未满足当前分组的关键规格模板。,确认规格、品牌和包装单位。,Sheet1:2221,喷壶
REVIEW-MAT-01361,C,medium,missing_specs,U型卸扣,吊装索具/吊装连接件/卸扣吊钩,额定载荷: 17T；型式: U型；执行标准: 国标,个,至少一个: 规格；型号；类型；材质；品牌；尺寸；长度；厚度；功率；包装规格；适用设备,未满足当前分组的关键规格模板。,按默认规则补齐至少一个关键规格字段。,Sheet1:2222,17TU型国标卸扣
REVIEW-MAT-01362,C,medium,needs_human_review,蝴蝶扣,吊装索具/其他/连接件,额定载荷: 15T；类型: 蝴蝶扣,个,,存在低精度或人工复核标记，需要补齐信息。,按默认规则补齐至少一个关键规格字段。,Sheet1:2223,15T蝴蝶扣
REVIEW-MAT-01363,C,medium,needs_human_review,不锈钢骑马卡,管道管件/管道紧固/管夹卡箍,公称直径: DN200；材质: 不锈钢,个,,存在低精度或人工复核标记，需要补齐信息。,确认材质、口径/规格、连接方式和类型。,Sheet1:2225,DN200不锈钢骑马卡
REVIEW-MAT-01364,C,medium,low_precision_conflict,膨胀螺丝,紧固件/锚固件/膨胀锚栓,规格: M10*60,个,,存在低精度或人工复核标记，需要补齐信息。,确认规格、材质/强度等级和单位。,Sheet1:2226,10*60膨胀螺丝
REVIEW-MAT-01365,D,high,alias_conflict,抹布,行政办公与清洁/清洁用品/清洁工具耗材,形态: 大块；颜色: 白色,公斤,至少一个: 规格；类型；品牌；包装规格,存在阻塞冲突，不能自动放行。,先解决别名、单位或分组冲突，不要自动创建物料。,Sheet1:2227,大块白抹布
REVIEW-MAT-01366,D,high,alias_conflict,美工刀,工具器具/手动工具/钳剪刀锤,品牌: 得力,个,,存在阻塞冲突，不能自动放行。,先解决别名、单位或分组冲突，不要自动创建物料。,Sheet1:2228,得力美工刀
REVIEW-MAT-01367,D,high,alias_conflict,美工刀片,工具器具/手动工具/钳剪刀锤,品牌: 得力,合,,存在阻塞冲突，不能自动放行。,先解决别名、单位或分组冲突，不要自动创建物料。,Sheet1:2229,得力刀片
REVIEW-MAT-01368,C,medium,missing_specs,注浆针头,工程建材/保温防水/防水堵漏,类型: 注浆针头,个,至少一个: 规格；型号；材质；厚度；尺寸；包装规格；强度等级,未满足当前分组的关键规格模板。,确认规格、材质/强度等级、尺寸和包装单位。,Sheet1:2230,注浆针头
REVIEW-MAT-01369,C,medium,needs_human_review,水性聚氨酯,化工油漆胶粘/其他/堵漏材料,类型: 水性；材料: 聚氨酯,公斤,,存在低精度或人工复核标记，需要补齐信息。,确认类型、品牌/型号、颜色和包装规格。,Sheet1:2232,水性聚氨酯
REVIEW-MAT-01370,C,medium,specs_conflict,油性聚氨酯,化工油漆胶粘/其他/堵漏材料,类型: 油性；材料: 聚氨酯,公斤,,存在低精度或人工复核标记，需要补齐信息。,确认类型、品牌/型号、颜色和包装规格。,Sheet1:2233,油性聚氨酯
REVIEW-MAT-01371,D,high,alias_conflict,双快水泥,工程建材/水泥砂石/水泥砂石,类型: 双快水泥,包,至少一个: 规格；型号；材质；厚度；尺寸；包装规格；强度等级,存在阻塞冲突，不能自动放行。,先解决别名、单位或分组冲突，不要自动创建物料。,Sheet1:2234；Sheet1:2323；Sheet1:2350；Sheet1:2463；Sheet1:2817,双快水泥
REVIEW-MAT-01372,C,medium,missing_specs,发泡剂,化工油漆胶粘/其他/填缝材料,品类: 发泡剂,个,至少一个: 类型；品牌；型号；包装规格；颜色,未满足当前分组的关键规格模板。,确认类型、品牌/型号、颜色和包装规格。,Sheet1:2235,发泡剂
REVIEW-MAT-01373,C,medium,missing_specs,发泡剂枪,工具器具/其他/施胶工具,适用材料: 发泡剂,个,至少一个: 型号；规格；品牌；尺寸；适用设备,未满足当前分组的关键规格模板。,确认品牌、型号/规格和适用设备。,Sheet1:2236,发泡剂枪
REVIEW-MAT-01374,D,high,alias_conflict,注浆枪头,工程建材/保温防水/防水堵漏,类型: 注浆枪头,个,至少一个: 规格；型号；材质；厚度；尺寸；包装规格；强度等级,存在阻塞冲突，不能自动放行。,先解决别名、单位或分组冲突，不要自动创建物料。,Sheet1:2237,注浆枪头
REVIEW-MAT-01375,C,medium,missing_specs,清洗机专用油,化工油漆胶粘/油品化学品/润滑油脂,用途: 清洗机,个,至少一个: 类型；品牌；型号；包装规格；颜色,未满足当前分组的关键规格模板。,确认类型、品牌/型号、颜色和包装规格。,Sheet1:2240,清洗机专用油
REVIEW-MAT-01376,C,medium,missing_specs,塑料凳,行政办公与清洁/生活后勤/生活用品,材质: 塑料；特征: 加厚,个,至少一个: 规格；类型；品牌；包装规格,未满足当前分组的关键规格模板。,确认规格、品牌和包装单位。,Sheet1:2241；Sheet1:3122；Sheet1:3520,加厚塑料凳；加厚塑料凳子
REVIEW-MAT-01377,C,medium,missing_specs,一体梯凳,工具器具/其他/登高工具,承重: 600kg；结构: 一体,个,至少一个: 型号；规格；品牌；尺寸；适用设备,未满足当前分组的关键规格模板。,确认品牌、型号/规格和适用设备。,Sheet1:2242,600KG一体梯凳
REVIEW-MAT-01378,C,medium,specs_conflict,水泥,工程建材/水泥砂石/水泥砂石,标号/型号: PC425,包,,存在低精度或人工复核标记，需要补齐信息。,确认规格、材质/强度等级、尺寸和包装单位。,Sheet1:2243,PC425水泥
REVIEW-MAT-01379,C,medium,needs_human_review,高压清洗机滤网,行政办公与清洁/其他/高压清洗机配件,规格: 25mm；部件: 滤网,个,,存在低精度或人工复核标记，需要补齐信息。,确认规格、品牌和包装单位。,Sheet1:2244,25MM高压清洗剂滤网
REVIEW-MAT-01380,C,medium,needs_human_review,不锈钢滑槽,工程建材/其他/导轨滑槽,形状: C型；材质: 不锈钢,米,,存在低精度或人工复核标记，需要补齐信息。,确认规格、材质/强度等级、尺寸和包装单位。,Sheet1:2245,C型不锈钢滑槽
REVIEW-MAT-01381,C,medium,specs_conflict,润滑脂,化工油漆胶粘/其他/润滑脂,品牌: 克虏伯；型号: NB52,公斤,,存在低精度或人工复核标记，需要补齐信息。,确认类型、品牌/型号、颜色和包装规格。,Sheet1:2246,克虏伯油脂NB52
REVIEW-MAT-01382,C,medium,needs_human_review,PAC污水处理剂,化工油漆胶粘/其他/水处理剂,含量: 28%；类型: PAC,吨,,存在低精度或人工复核标记，需要补齐信息。,确认类型、品牌/型号、颜色和包装规格。,Sheet1:2247；Sheet1:2286,28%PAC污水处理剂
REVIEW-MAT-01383,C,medium,specs_conflict,轴承,设备备件与加工件/传动轴承/传动轴承,品牌: SKF；型号: 2315；进口: 是,个,,存在低精度或人工复核标记，需要补齐信息。,确认型号、图号、适用设备和关键尺寸。,Sheet1:2248,进口SKF-2315轴承
REVIEW-MAT-01384,C,medium,low_precision_conflict,布手套,劳保用品/手部防护/手套,材质: 布；特征: 加厚,双,,存在低精度或人工复核标记，需要补齐信息。,确认类型、规格、材质和安全等级。,Sheet1:2250,加厚布手套
REVIEW-MAT-01385,C,medium,missing_specs,刀阀,阀门/其他/刀阀,公称直径: DN150,个,至少一个: 规格；型号；类型；材质；品牌；尺寸；长度；厚度；功率；包装规格；适用设备,未满足当前分组的关键规格模板。,按默认规则补齐至少一个关键规格字段。,Sheet1:2253,DN150刀阀
REVIEW-MAT-01386,C,medium,low_precision_conflict,膨胀螺丝,紧固件/锚固件/膨胀锚栓,规格: M14*70,个,,存在低精度或人工复核标记，需要补齐信息。,确认规格、材质/强度等级和单位。,Sheet1:2254,14*70膨胀螺丝
REVIEW-MAT-01387,C,medium,needs_human_review,套筒,工具器具/其他/套筒,规格: 17,个,,存在低精度或人工复核标记，需要补齐信息。,确认品牌、型号/规格和适用设备。,Sheet1:2255,17套筒
REVIEW-MAT-01388,C,medium,specs_conflict,电缆线,电气与自动化/电线电缆与敷设/电线电缆,品牌: 起帆；规格: 3*6+2*4,米,,存在低精度或人工复核标记，需要补齐信息。,确认品牌、型号、电气参数和安装/连接方式。,Sheet1:2257,3*6+2*4起帆电缆
REVIEW-MAT-01389,C,medium,missing_specs,量杯,工具器具/其他/计量工具,容量: 2000ml,个,至少一个: 型号；规格；品牌；尺寸；适用设备,未满足当前分组的关键规格模板。,确认品牌、型号/规格和适用设备。,Sheet1:2259,2000毫升量杯
REVIEW-MAT-01390,C,medium,missing_specs,热水器开关,电气与自动化/低压电器/开关按钮,用途: 热水器,个,至少一个: 型号；规格；品牌；电流；电压；功率；位数,未满足当前分组的关键规格模板。,确认品牌、型号、电气参数和安装/连接方式。,Sheet1:2261,热水器开关
REVIEW-MAT-01391,C,medium,needs_human_review,小便器感应器,行政办公与清洁/其他/卫浴配件,适用: 小便器；类型: 感应器,套,,存在低精度或人工复核标记，需要补齐信息。,确认规格、品牌和包装单位。,Sheet1:2262,小便器感应器
REVIEW-MAT-01392,C,medium,missing_specs,启动按钮指示灯,电气与自动化/低压电器/开关按钮,功能: 启动按钮、指示灯,套,至少一个: 型号；规格；品牌；电流；电压；功率；位数,未满足当前分组的关键规格模板。,确认品牌、型号、电气参数和安装/连接方式。,Sheet1:2264,启动按钮指示灯
REVIEW-MAT-01393,C,medium,missing_specs,急停按钮,电气与自动化/低压电器/开关按钮,功能: 急停,套,至少一个: 型号；规格；品牌；电流；电压；功率；位数,未满足当前分组的关键规格模板。,确认品牌、型号、电气参数和安装/连接方式。,Sheet1:2265,急停按钮
REVIEW-MAT-01394,C,medium,missing_specs,闪光蜂鸣器,电气与自动化/照明与报警/报警器,功能: 闪光、蜂鸣,套,至少一个: 型号；规格；品牌；电流；电压；功率；位数,未满足当前分组的关键规格模板。,确认品牌、型号、电气参数和安装/连接方式。,Sheet1:2266,闪光蜂鸣器
REVIEW-MAT-01395,C,medium,specs_conflict,加厚铝合金扣,液压气动/液压管路/高压胶管,规格: 50；材质: 铝合金；特征: 加厚,个,,存在低精度或人工复核标记，需要补齐信息。,按默认规则补齐至少一个关键规格字段。,Sheet1:2271,50加厚铝合金扣
REVIEW-MAT-01396,C,medium,specs_conflict,加厚铝合金扣,液压气动/液压管路/高压胶管,规格: 80；材质: 铝合金；特征: 加厚,个,,存在低精度或人工复核标记，需要补齐信息。,按默认规则补齐至少一个关键规格字段。,Sheet1:2272,80加厚铝合金扣
REVIEW-MAT-01397,C,medium,specs_conflict,水泥砖,工程建材/其他/砌块砖,规格: 95；材质: 水泥,个,,存在低精度或人工复核标记，需要补齐信息。,确认规格、材质/强度等级、尺寸和包装单位。,Sheet1:2275,95水泥砖
REVIEW-MAT-01398,C,medium,specs_conflict,扎带,电气与自动化/其他/扎带,规格: 8*300,个,,存在低精度或人工复核标记，需要补齐信息。,确认品牌、型号、电气参数和安装/连接方式。,Sheet1:2278,8*300扎带
REVIEW-MAT-01399,C,medium,missing_specs,喷壶,行政办公与清洁/清洁用品/清洁工具耗材,容量: 2L,个,至少一个: 规格；类型；品牌；包装规格,未满足当前分组的关键规格模板。,确认规格、品牌和包装单位。,Sheet1:2279,2升喷壶
REVIEW-MAT-01400,C,medium,needs_human_review,铁扎丝,工程建材/其他/绑扎材料,规格原文: 500；材质: 铁,卷,,存在低精度或人工复核标记，需要补齐信息。,确认规格、材质/强度等级、尺寸和包装单位。,Sheet1:2280,500铁扎丝
REVIEW-MAT-01401,D,high,alias_conflict,铁丝,五金备件/其他/金属丝,材质: 铁,公斤,,存在阻塞冲突，不能自动放行。,先解决别名、单位或分组冲突，不要自动创建物料。,Sheet1:2282；Sheet1:2339,铁丝
REVIEW-MAT-01402,C,medium,needs_human_review,高压清洗喷枪,行政办公与清洁/其他/高压清洗机配件,类型: 喷枪；用途: 高压清洗,把,,存在低精度或人工复核标记，需要补齐信息。,确认规格、品牌和包装单位。,Sheet1:2283,高压清洗喷枪
REVIEW-MAT-01403,C,medium,needs_human_review,镀锌补心,管道管件/金属管件/镀锌管件,规格: 80*65；表面: 镀锌；类型: 补心,个,,存在低精度或人工复核标记，需要补齐信息。,确认材质、口径/规格、连接方式和类型。,Sheet1:2284,80*65镀锌补心
REVIEW-MAT-01404,C,medium,missing_specs,振动电机套装,设备备件与加工件/设备专用备件/设备备件,进口: 是；类型: 振动电机；配置: 整套,套,至少一个: 型号；规格；图号；适用设备；材质,未满足当前分组的关键规格模板。,确认型号、图号、适用设备和关键尺寸。,Sheet1:2287,进口振动电机整套
REVIEW-MAT-01405,C,medium,missing_specs,泥浆比重计,工具器具/量具测量/量具测量,用途: 泥浆比重测量,套,至少一个: 型号；规格；品牌；尺寸；适用设备,未满足当前分组的关键规格模板。,确认品牌、型号/规格和适用设备。,Sheet1:2290,泥浆比重计
REVIEW-MAT-01406,C,medium,specs_conflict,高压胶管,液压气动/液压管路/高压胶管,规格: 100；材质: 胶管,米,,存在低精度或人工复核标记，需要补齐信息。,按默认规则补齐至少一个关键规格字段。,Sheet1:2291,100高压胶管
REVIEW-MAT-01407,C,medium,specs_conflict,高压接头,液压气动/液压管路/高压胶管,规格: 100；类型: 接头,个,,存在低精度或人工复核标记，需要补齐信息。,按默认规则补齐至少一个关键规格字段。,Sheet1:2292,100高压接头
REVIEW-MAT-01408,C,medium,specs_conflict,加厚铝合金扣,液压气动/液压管路/高压胶管,规格: 100；材质: 铝合金；特征: 加厚,个,,存在低精度或人工复核标记，需要补齐信息。,按默认规则补齐至少一个关键规格字段。,Sheet1:2293,100加厚铝合金扣
REVIEW-MAT-01409,C,medium,specs_conflict,加厚铜接头,液压气动/液压管路/高压胶管,规格: 100；材质: 铜；特征: 加厚,个,,存在低精度或人工复核标记，需要补齐信息。,按默认规则补齐至少一个关键规格字段。,Sheet1:2294,100加厚铜头
REVIEW-MAT-01410,C,medium,low_precision_conflict,高强度螺丝,紧固件/螺纹紧固件/螺丝螺栓,规格: M30*100；强度等级: 12.9,个,,存在低精度或人工复核标记，需要补齐信息。,确认规格、材质/强度等级和单位。,Sheet1:2295,M30*100/12.9级螺丝
REVIEW-MAT-01411,C,medium,specs_conflict,螺母,紧固件/螺纹紧固件/螺母垫圈,规格: M30,个,,存在低精度或人工复核标记，需要补齐信息。,确认规格、材质/强度等级和单位。,Sheet1:2296；Sheet1:2302,30螺母
REVIEW-MAT-01413,C,medium,needs_human_review,隔环,设备备件与加工件/金属加工件/金属加工件,加工: 是；型号/规格: 2350；部件: 隔环,个,,存在低精度或人工复核标记，需要补齐信息。,确认型号、图号、适用设备和关键尺寸。,Sheet1:2299,加工隔环2350
REVIEW-MAT-01414,C,medium,missing_specs,无缝钢管,金属原材料/钢材型材/钢材型材,外径: 76mm；壁厚: 8mm,米,至少一个: 材质；规格；厚度；宽度；长度；表面,未满足当前分组的关键规格模板。,确认材质、规格尺寸和执行标准。,Sheet1:2300,76*8MM无缝管
REVIEW-MAT-01415,C,medium,low_precision_conflict,高强度螺丝,紧固件/螺纹紧固件/螺丝螺栓,规格: M30*80；强度等级: 10.8,个,,存在低精度或人工复核标记，需要补齐信息。,确认规格、材质/强度等级和单位。,Sheet1:2301,M30*80/10.8级螺丝
REVIEW-MAT-01416,C,medium,low_precision_conflict,扁平吊装带,吊装索具/吊带索具/吊带,额定载荷: 2T；长度: 2米；颜色: 彩色,条,,存在低精度或人工复核标记，需要补齐信息。,按默认规则补齐至少一个关键规格字段。,Sheet1:2304,彩色吊带2T*2米
REVIEW-MAT-01417,C,medium,missing_specs,手拉葫芦,吊装索具/其他/葫芦,额定载荷: 2T；链长: 3米,台,至少一个: 规格；型号；类型；材质；品牌；尺寸；长度；厚度；功率；包装规格；适用设备,未满足当前分组的关键规格模板。,按默认规则补齐至少一个关键规格字段。,Sheet1:2305,2T*3米手拉葫芦
REVIEW-MAT-01418,C,medium,low_precision_conflict,垃圾袋,行政办公与清洁/清洁用品/清洁工具耗材,规格: 120,个,,存在低精度或人工复核标记，需要补齐信息。,确认规格、品牌和包装单位。,Sheet1:2307,120垃圾袋
REVIEW-MAT-01419,D,high,alias_conflict,金属测绳,工具器具/量具测量/量具测量,材质: 金属；类型: 测绳,米,至少一个: 型号；规格；品牌；尺寸；适用设备,存在阻塞冲突，不能自动放行。,先解决别名、单位或分组冲突，不要自动创建物料。,Sheet1:2309,金属测绳
REVIEW-MAT-01420,C,medium,low_precision_conflict,扁平吊装带,吊装索具/吊带索具/吊带,执行标准: 国标；颜色: 彩色；额定载荷: 5T；长度: 8米,条,,存在低精度或人工复核标记，需要补齐信息。,按默认规则补齐至少一个关键规格字段。,Sheet1:2310,国标彩色吊带5T*8米
REVIEW-MAT-01421,C,medium,missing_specs,安全网,安全防护/隔离防护/防护网,尺寸: 6*1.8米；特征: 加厚,张,至少一个: 类型；规格；材质；型号,未满足当前分组的关键规格模板。,确认类型、规格、材质和安全等级。,Sheet1:2311,6*1.8米加厚安全网
REVIEW-MAT-01422,C,medium,needs_human_review,清洗剂泵头,行政办公与清洁/其他/配件,品牌: 黑猫；用途: 清洗剂；部件: 泵头,个,,存在低精度或人工复核标记，需要补齐信息。,确认规格、品牌和包装单位。,Sheet1:2312,黑猫清洗剂泵头
REVIEW-MAT-01423,D,high,alias_conflict,游标卡尺,工具器具/量具测量/量具测量,品牌: 得力；量程: 300mm；精度等级: 高精度,支,,存在阻塞冲突，不能自动放行。,先解决别名、单位或分组冲突，不要自动创建物料。,Sheet1:2314,300mm得力高精度卡尺
REVIEW-MAT-01424,C,medium,low_precision_conflict,尼龙绳,吊装索具/吊带索具/钢丝绳链条,规格: 16；材质: 尼龙,米,,存在低精度或人工复核标记，需要补齐信息。,按默认规则补齐至少一个关键规格字段。,Sheet1:2315,16尼龙绳
REVIEW-MAT-01425,C,medium,needs_human_review,高压胶水带,液压气动/液压管路/高压胶管,规格: 65；颜色: 蓝色；特征: 加厚,米,,存在低精度或人工复核标记，需要补齐信息。,按默认规则补齐至少一个关键规格字段。,Sheet1:2316；Sheet1:2324,65加厚蓝色胶水带
REVIEW-MAT-01426,C,medium,specs_conflict,高压外丝堵头,液压气动/液压管路/高压胶管,规格: 25；连接: 外丝；类型: 堵头,个,,存在低精度或人工复核标记，需要补齐信息。,按默认规则补齐至少一个关键规格字段。,Sheet1:2317,25高压外丝堵头
REVIEW-MAT-01427,C,medium,specs_conflict,高压球阀,阀门/通用阀门/球阀,品牌: 埃美柯；规格: 20；类型: 高压球阀,个,,存在低精度或人工复核标记，需要补齐信息。,按默认规则补齐至少一个关键规格字段。,Sheet1:2319,20埃美柯高压球阀
REVIEW-MAT-01428,C,medium,needs_human_review,高压对丝,液压气动/液压管路/高压胶管,规格: 20；类型: 对丝,个,,存在低精度或人工复核标记，需要补齐信息。,按默认规则补齐至少一个关键规格字段。,Sheet1:2320,20高压对丝
REVIEW-MAT-01429,C,medium,missing_specs,堵漏聚氨酯主剂,化工油漆胶粘/其他/堵漏材料,材料: 聚氨酯；用途: 堵漏；组分: 主剂,斤,至少一个: 类型；品牌；型号；包装规格；颜色,未满足当前分组的关键规格模板。,确认类型、品牌/型号、颜色和包装规格。,Sheet1:2321,堵漏聚氨酯主剂
REVIEW-MAT-01430,C,medium,missing_specs,堵漏聚氨酯副剂,化工油漆胶粘/其他/堵漏材料,材料: 聚氨酯；用途: 堵漏；组分: 副剂,斤,至少一个: 类型；品牌；型号；包装规格；颜色,未满足当前分组的关键规格模板。,确认类型、品牌/型号、颜色和包装规格。,Sheet1:2322,堵漏聚氨酯副剂
REVIEW-MAT-01432,C,medium,needs_human_review,铝合金枪头,工程建材/保温防水/防水堵漏,规格: 65；材质: 铝合金；部件: 枪头,套,,存在低精度或人工复核标记，需要补齐信息。,确认规格、材质/强度等级、尺寸和包装单位。,Sheet1:2326,65铝合金枪头
REVIEW-MAT-01433,C,medium,missing_specs,聚氨酯枪头,工程建材/保温防水/防水堵漏,用途: 聚氨酯注浆；部件: 枪头,个,至少一个: 规格；型号；材质；厚度；尺寸；包装规格；强度等级,未满足当前分组的关键规格模板。,确认规格、材质/强度等级、尺寸和包装单位。,Sheet1:2327,聚氨酯枪头
REVIEW-MAT-01434,C,medium,missing_specs,齿轮泵,设备备件与加工件/设备专用备件/设备备件,功率: 2.2kW；类型: 齿轮泵,台,至少一个: 型号；规格；图号；适用设备；材质,未满足当前分组的关键规格模板。,确认型号、图号、适用设备和关键尺寸。,Sheet1:2328,2.2千瓦齿轮泵
REVIEW-MAT-01435,C,medium,needs_human_review,高压水管,液压气动/液压管路/高压胶管,规格: 100；用途: 高压水,米,,存在低精度或人工复核标记，需要补齐信息。,按默认规则补齐至少一个关键规格字段。,Sheet1:2330,100高压水管
REVIEW-MAT-01436,C,medium,missing_specs,钻头,工具器具/工具耗材/钻头,直径: 10mm；长度: 200mm,个,至少一个: 型号；规格；品牌；尺寸；适用设备,未满足当前分组的关键规格模板。,确认品牌、型号/规格和适用设备。,Sheet1:2331,10*200钻头
REVIEW-MAT-01437,C,medium,missing_specs,钻头,工具器具/工具耗材/钻头,直径: 12mm；长度: 200mm,个,至少一个: 型号；规格；品牌；尺寸；适用设备,未满足当前分组的关键规格模板。,确认品牌、型号/规格和适用设备。,Sheet1:2332,12*200钻头
REVIEW-MAT-01438,C,medium,missing_specs,钻头,工具器具/工具耗材/钻头,直径: 14mm；长度: 200mm,个,至少一个: 型号；规格；品牌；尺寸；适用设备,未满足当前分组的关键规格模板。,确认品牌、型号/规格和适用设备。,Sheet1:2333,14*200钻头
REVIEW-MAT-01439,C,medium,missing_specs,钻头,工具器具/工具耗材/钻头,直径: 16mm；长度: 200mm,个,至少一个: 型号；规格；品牌；尺寸；适用设备,未满足当前分组的关键规格模板。,确认品牌、型号/规格和适用设备。,Sheet1:2334,16*200钻头
REVIEW-MAT-01440,C,medium,missing_specs,注浆管接头,工程建材/保温防水/防水堵漏,部件: 管头/接头；用途: 注浆,个,至少一个: 规格；型号；材质；厚度；尺寸；包装规格；强度等级,未满足当前分组的关键规格模板。,确认规格、材质/强度等级、尺寸和包装单位。,Sheet1:2335,注浆管头子
REVIEW-MAT-01441,C,medium,needs_note_review,胶钳,工具器具/手动工具/通用手动工具,品牌: 世达；规格: 200mm；类型: 胶钳,个,,存在低精度或人工复核标记，需要补齐信息。,确认品牌、型号/规格和适用设备。,Sheet1:2336,200世达胶钳
REVIEW-MAT-01442,D,high,alias_conflict,注浆枪头,工程建材/保温防水/防水堵漏,用途: 注浆；部件: 枪头,个,至少一个: 规格；型号；材质；厚度；尺寸；包装规格；强度等级,存在阻塞冲突，不能自动放行。,先解决别名、单位或分组冲突，不要自动创建物料。,Sheet1:2337,注浆枪头
REVIEW-MAT-01443,D,high,alias_conflict,尖嘴钳,工具器具/手动工具/通用手动工具,品牌: 世达；类型: 尖嘴钳,个,,存在阻塞冲突，不能自动放行。,先解决别名、单位或分组冲突，不要自动创建物料。,Sheet1:2338,世达尖嘴钳
REVIEW-MAT-01444,C,medium,specs_conflict,高压球阀,阀门/通用阀门/球阀,品牌: 埃美柯；规格: 25；类型: 高压球阀,个,,存在低精度或人工复核标记，需要补齐信息。,按默认规则补齐至少一个关键规格字段。,Sheet1:2340,25埃美柯高压球阀
REVIEW-MAT-01445,D,high,alias_conflict,钢丝管,液压气动/液压管路/高压胶管,规格: 25；结构: 钢丝增强,米,,存在阻塞冲突，不能自动放行。,先解决别名、单位或分组冲突，不要自动创建物料。,Sheet1:2341,25钢丝管
REVIEW-MAT-01446,C,medium,needs_human_review,转换宝塔接头,液压气动/液压管路/高压胶管,类型: 宝塔头；用途: 转换接头,套,,存在低精度或人工复核标记，需要补齐信息。,按默认规则补齐至少一个关键规格字段。,Sheet1:2342,转换宝塔头
REVIEW-MAT-01447,C,medium,specs_conflict,高压胶管,液压气动/液压管路/高压胶管,规格: 50；结构等级: 4SH,米,,存在低精度或人工复核标记，需要补齐信息。,按默认规则补齐至少一个关键规格字段。,Sheet1:2343,50*4SH高压胶管
REVIEW-MAT-01448,C,medium,needs_human_review,胶管接头,液压气动/液压管路/高压胶管,规格: 100；类型: 胶管接头,套,,存在低精度或人工复核标记，需要补齐信息。,按默认规则补齐至少一个关键规格字段。,Sheet1:2346,100胶管接头
REVIEW-MAT-01449,C,medium,missing_specs,钻头,工具器具/工具耗材/钻头,直径: 20mm；长度: 800mm,个,至少一个: 型号；规格；品牌；尺寸；适用设备,未满足当前分组的关键规格模板。,确认品牌、型号/规格和适用设备。,Sheet1:2347,20*800钻头
REVIEW-MAT-01450,C,medium,needs_human_review,棉被,行政办公与清洁/生活后勤/生活用品,类型: 棉被,个,,存在低精度或人工复核标记，需要补齐信息。,确认规格、品牌和包装单位。,Sheet1:2349,棉被
REVIEW-MAT-01451,D,high,alias_conflict,加厚连体防护服,劳保用品/头足身防护/防护服,特征: 加厚；款式: 连体,套,至少一个: 类型；规格；材质；型号,存在阻塞冲突，不能自动放行。,先解决别名、单位或分组冲突，不要自动创建物料。,Sheet1:2351,加厚连体裤
REVIEW-MAT-01452,C,medium,needs_human_review,高压内丝堵头,液压气动/液压管路/高压胶管,螺纹: M36*2；连接: 内丝；类型: 堵头,个,,存在低精度或人工复核标记，需要补齐信息。,按默认规则补齐至少一个关键规格字段。,Sheet1:2352,M36*2高压内丝堵头
REVIEW-MAT-01453,C,medium,specs_conflict,高压外丝堵头,液压气动/液压管路/高压胶管,螺纹: M36*2；连接: 外丝；类型: 堵头,个,,存在低精度或人工复核标记，需要补齐信息。,按默认规则补齐至少一个关键规格字段。,Sheet1:2353,M36*2高压外丝堵头
REVIEW-MAT-01454,C,medium,needs_human_review,压力表,仪器仪表/其他/压力仪表,量程/压力: 60公斤；类型: 压力表,个,,存在低精度或人工复核标记，需要补齐信息。,按默认规则补齐至少一个关键规格字段。,Sheet1:2356,60公斤压力表
REVIEW-MAT-01455,C,medium,needs_human_review,螺纹接头,液压气动/液压管路/高压胶管,螺纹: M20*1.5；类型: 接头,个,,存在低精度或人工复核标记，需要补齐信息。,按默认规则补齐至少一个关键规格字段。,Sheet1:2357,M20*1.5接头
REVIEW-MAT-01456,C,medium,needs_human_review,不锈钢三通,管道管件/金属管件/钢制管件,规格: 25；材质: 不锈钢；类型: 三通,个,,存在低精度或人工复核标记，需要补齐信息。,确认材质、口径/规格、连接方式和类型。,Sheet1:2358,25三通不锈钢
REVIEW-MAT-01457,C,medium,specs_conflict,胶管总成,液压气动/液压管路/高压胶管,螺纹/规格: 36*2；层数: 2层；长度: 12米,根,,存在低精度或人工复核标记，需要补齐信息。,按默认规则补齐至少一个关键规格字段。,Sheet1:2360；Sheet1:2408；Sheet1:2552,胶管36*2-2层-12米
REVIEW-MAT-01458,C,medium,specs_conflict,胶管总成,液压气动/液压管路/高压胶管,螺纹/规格: 36*2；层数: 2层；长度: 17.7米,根,,存在低精度或人工复核标记，需要补齐信息。,按默认规则补齐至少一个关键规格字段。,Sheet1:2361,胶管36*2-2层-17.7米
REVIEW-MAT-01459,C,medium,specs_conflict,胶管总成,液压气动/液压管路/高压胶管,螺纹/规格: 36*2；层数: 2层；长度: 5.2米,根,,存在低精度或人工复核标记，需要补齐信息。,按默认规则补齐至少一个关键规格字段。,Sheet1:2362,胶管36*2-2层-5.2米
REVIEW-MAT-01460,C,medium,specs_conflict,胶管总成,液压气动/液压管路/高压胶管,螺纹/规格: 36*2；层数: 2层；长度: 7.9米,根,,存在低精度或人工复核标记，需要补齐信息。,按默认规则补齐至少一个关键规格字段。,Sheet1:2363,胶管36*2-2层-7.9米
REVIEW-MAT-01461,C,medium,specs_conflict,胶管总成,液压气动/液压管路/高压胶管,螺纹/规格: 36*2；层数: 2层；长度: 15.9米,根,,存在低精度或人工复核标记，需要补齐信息。,按默认规则补齐至少一个关键规格字段。,Sheet1:2364,胶管36*2-2层-15.9米
REVIEW-MAT-01462,C,medium,specs_conflict,胶管总成,液压气动/液压管路/高压胶管,螺纹/规格: 36*2；层数: 2层；长度: 2.3米,根,,存在低精度或人工复核标记，需要补齐信息。,按默认规则补齐至少一个关键规格字段。,Sheet1:2365,胶管36*2-2层-2.3米
REVIEW-MAT-01463,C,medium,specs_conflict,胶管总成,液压气动/液压管路/高压胶管,螺纹/规格: 36*2；层数: 2层；长度: 3.4米,根,,存在低精度或人工复核标记，需要补齐信息。,按默认规则补齐至少一个关键规格字段。,Sheet1:2366；Sheet1:2551,胶管36*2-2层-3.4米
REVIEW-MAT-01464,C,medium,specs_conflict,胶管总成,液压气动/液压管路/高压胶管,螺纹/规格: 36*2；层数: 2层；长度: 3.9米,根,,存在低精度或人工复核标记，需要补齐信息。,按默认规则补齐至少一个关键规格字段。,Sheet1:2367,胶管36*2-2层-3.9米
REVIEW-MAT-01465,C,medium,specs_conflict,胶管总成,液压气动/液压管路/高压胶管,螺纹/规格: 36*2；层数: 2层；长度: 1.1米,根,,存在低精度或人工复核标记，需要补齐信息。,按默认规则补齐至少一个关键规格字段。,Sheet1:2368,胶管36*2-2层-1.1米
REVIEW-MAT-01466,C,medium,specs_conflict,胶管总成,液压气动/液压管路/高压胶管,螺纹/规格: 36*2；层数: 2层；长度: 7.5米,根,,存在低精度或人工复核标记，需要补齐信息。,按默认规则补齐至少一个关键规格字段。,Sheet1:2369,胶管36*2-2层-7.5米
REVIEW-MAT-01467,C,medium,specs_conflict,胶管总成,液压气动/液压管路/高压胶管,螺纹/规格: 36*2；层数: 2层；长度: 1米,根,,存在低精度或人工复核标记，需要补齐信息。,按默认规则补齐至少一个关键规格字段。,Sheet1:2370；Sheet1:2550,胶管36*2-2层-1米
REVIEW-MAT-01468,C,medium,specs_conflict,胶管总成,液压气动/液压管路/高压胶管,螺纹/规格: 36*2；层数: 2层；长度: 1.3米,根,,存在低精度或人工复核标记，需要补齐信息。,按默认规则补齐至少一个关键规格字段。,Sheet1:2371,胶管36*2-2层-1.3米
REVIEW-MAT-01469,C,medium,specs_conflict,胶管总成,液压气动/液压管路/高压胶管,螺纹/规格: 36*2；层数: 2层；长度: 5.9米,根,,存在低精度或人工复核标记，需要补齐信息。,按默认规则补齐至少一个关键规格字段。,Sheet1:2372,胶管36*2-2层-5.9米
REVIEW-MAT-01470,C,medium,specs_conflict,胶管总成,液压气动/液压管路/高压胶管,螺纹/规格: 36*2；层数: 2层；长度: 3.3米,根,,存在低精度或人工复核标记，需要补齐信息。,按默认规则补齐至少一个关键规格字段。,Sheet1:2373,胶管36*2-2层-3.3米
REVIEW-MAT-01472,C,medium,needs_human_review,直角接头加工件,设备备件与加工件/金属加工件/金属加工件,加工: 是；规格: 36*3/36*2；类型: 直角接头,个,,存在低精度或人工复核标记，需要补齐信息。,确认型号、图号、适用设备和关键尺寸。,Sheet1:2375；Sheet1:2558,加工36*3/36*2直角接头；加工直角接头36*3/36*2
REVIEW-MAT-01473,C,medium,specs_conflict,变径接头,液压气动/液压管路/高压胶管,规格: 25*2/36*2；类型: 大小头/变径,个,,存在低精度或人工复核标记，需要补齐信息。,按默认规则补齐至少一个关键规格字段。,Sheet1:2376,25*2/36*2大小头
REVIEW-MAT-01474,C,medium,needs_human_review,六联管夹,管道管件/管道紧固/管夹卡箍,联数: 六联；规格: 36,组,,存在低精度或人工复核标记，需要补齐信息。,确认材质、口径/规格、连接方式和类型。,Sheet1:2377,六联管夹36
REVIEW-MAT-01475,C,medium,needs_human_review,单管夹,管道管件/管道紧固/管夹卡箍,联数: 单；规格: 36,个,,存在低精度或人工复核标记，需要补齐信息。,确认材质、口径/规格、连接方式和类型。,Sheet1:2378,单管夹36
REVIEW-MAT-01476,C,medium,specs_conflict,三通接头,液压气动/液压管路/高压胶管,螺纹/规格: 36*2；类型: 三通,个,,存在低精度或人工复核标记，需要补齐信息。,按默认规则补齐至少一个关键规格字段。,Sheet1:2379；Sheet1:2561；Sheet1:3251,36*2三通
REVIEW-MAT-01477,C,medium,specs_conflict,对丝接头,液压气动/液压管路/高压胶管,螺纹/规格: 36*2；类型: 对丝,个,,存在低精度或人工复核标记，需要补齐信息。,按默认规则补齐至少一个关键规格字段。,Sheet1:2380；Sheet1:2560,36*2对丝
REVIEW-MAT-01478,C,medium,missing_specs,泥浆管接头加工件,设备备件与加工件/金属加工件/金属加工件,加工: 是；管径: Φ219；用途: 泥浆管,个,至少一个: 型号；规格；图号；适用设备；材质,未满足当前分组的关键规格模板。,确认型号、图号、适用设备和关键尺寸。,Sheet1:2381,加工泥浆管接头Φ219
REVIEW-MAT-01479,C,medium,specs_conflict,扣压钢丝绳,吊装索具/吊带索具/钢丝绳链条,加工: 扣压；直径/规格: 50；长度: 3.6米,根,,存在低精度或人工复核标记，需要补齐信息。,按默认规则补齐至少一个关键规格字段。,Sheet1:2382,扣压钢丝绳50*3.6米
REVIEW-MAT-01480,C,medium,specs_conflict,扣压钢丝绳,吊装索具/吊带索具/钢丝绳链条,加工: 扣压；直径/规格: 47.5；长度: 9米,根,,存在低精度或人工复核标记，需要补齐信息。,按默认规则补齐至少一个关键规格字段。,Sheet1:2383,扣压钢丝绳47.5*9米
REVIEW-MAT-01481,C,medium,needs_human_review,铝合金八字扣头,液压气动/液压管路/高压胶管,规格: M52；材质: 铝合金；类型: 八字扣头,个,,存在低精度或人工复核标记，需要补齐信息。,按默认规则补齐至少一个关键规格字段。,Sheet1:2384,M52铝合金八字扣头
REVIEW-MAT-01482,C,medium,missing_specs,聚氨酯密封胶,化工油漆胶粘/胶粘密封/胶粘剂,品牌: 普赛达；材料: 聚氨酯；容量: 600mL,支,至少一个: 型号；规格；图号；适用设备；材质,未满足当前分组的关键规格模板。,确认型号、图号、适用设备和关键尺寸。,Sheet1:2385；Sheet1:2420；Sheet1:2580,普赛达聚氨酯密封胶600ML；普赛达聚氨酯密封胶600mL
REVIEW-MAT-01483,C,medium,needs_human_review,胶枪,工具器具/手动工具/通用手动工具,品牌: 世达；类型: 胶枪,把,,存在低精度或人工复核标记，需要补齐信息。,确认品牌、型号/规格和适用设备。,Sheet1:2386,世达胶枪
REVIEW-MAT-01484,C,medium,needs_human_review,不锈钢止回阀,阀门/通用阀门/闸截止止回,材质: 304；公称通径: DN25,个,,存在低精度或人工复核标记，需要补齐信息。,按默认规则补齐至少一个关键规格字段。,Sheet1:2387,304止回阀DN25
REVIEW-MAT-01485,C,medium,specs_conflict,胶管总成,液压气动/液压管路/高压胶管,螺纹/规格: 36*2；层数: 2层；长度: 8.3米,根,,存在低精度或人工复核标记，需要补齐信息。,按默认规则补齐至少一个关键规格字段。,Sheet1:2388,胶管36*2-2层-8.3米
REVIEW-MAT-01486,C,medium,specs_conflict,胶管总成,液压气动/液压管路/高压胶管,螺纹/规格: 36*2；层数: 2层；长度: 4.2米,根,,存在低精度或人工复核标记，需要补齐信息。,按默认规则补齐至少一个关键规格字段。,Sheet1:2389,胶管36*2-2层-4.2米
REVIEW-MAT-01487,C,medium,specs_conflict,胶管总成,液压气动/液压管路/高压胶管,螺纹/规格: 36*2；层数: 2层；长度: 1.2米,根,,存在低精度或人工复核标记，需要补齐信息。,按默认规则补齐至少一个关键规格字段。,Sheet1:2390,胶管36*2-2层-1.2米
REVIEW-MAT-01488,C,medium,specs_conflict,胶管总成,液压气动/液压管路/高压胶管,螺纹/规格: 36*2；层数: 2层；长度: 7.3米,根,,存在低精度或人工复核标记，需要补齐信息。,按默认规则补齐至少一个关键规格字段。,Sheet1:2391,胶管36*2-2层-7.3米
REVIEW-MAT-01489,C,medium,specs_conflict,齿轮油,化工油漆胶粘/油品化学品/润滑油脂,品牌: 长城；品类: 齿轮油；包装: 18L,桶,,存在低精度或人工复核标记，需要补齐信息。,确认类型、品牌/型号、颜色和包装规格。,Sheet1:2392,长城齿轮油18L
REVIEW-MAT-01490,C,medium,specs_conflict,对丝接头,液压气动/液压管路/高压胶管,规格: 1/2；类型: 对丝,个,,存在低精度或人工复核标记，需要补齐信息。,按默认规则补齐至少一个关键规格字段。,Sheet1:2394,接头1/2对丝
REVIEW-MAT-01491,C,medium,specs_conflict,变径接头,液压气动/液压管路/高压胶管,规格: 1/2-3/4；类型: 变径,个,,存在低精度或人工复核标记，需要补齐信息。,按默认规则补齐至少一个关键规格字段。,Sheet1:2395,变径接头1/2-3/4
REVIEW-MAT-01492,C,medium,specs_conflict,断路器,电气与自动化/其他/低压电器,品牌: 施耐德；额定电流: 250A；极数: 3P,套,,存在低精度或人工复核标记，需要补齐信息。,确认品牌、型号、电气参数和安装/连接方式。,Sheet1:2396,施耐德断路器250A-3P
REVIEW-MAT-01493,C,medium,needs_human_review,钢丝绳润滑脂,化工油漆胶粘/其他/润滑脂,品牌: 伍尔特；用途: 钢丝绳；容量: 500mL,瓶,,存在低精度或人工复核标记，需要补齐信息。,确认类型、品牌/型号、颜色和包装规格。,Sheet1:2397,伍尔特钢丝绳黄油500mL
REVIEW-MAT-01494,C,medium,needs_human_review,高压内丝直接,液压气动/液压管路/高压胶管,螺纹: M32*2；连接: 内丝；类型: 直接,个,,存在低精度或人工复核标记，需要补齐信息。,按默认规则补齐至少一个关键规格字段。,Sheet1:2398,m32*2高压内丝直接
REVIEW-MAT-01495,C,medium,needs_human_review,丙纶吊装袋,吊装索具/其他/吊包,材质: 丙纶纤维；尺寸: 3米*3米；载荷: 大吨位,个,,存在低精度或人工复核标记，需要补齐信息。,按默认规则补齐至少一个关键规格字段。,Sheet1:2399,大吨位丙纶纤吊包3米*3米
REVIEW-MAT-01496,C,medium,missing_specs,高压转换接头,液压气动/液压管路/高压胶管,螺纹: 36*2；形式: 外丝转内丝,套,至少一个: 规格；型号；类型；材质；品牌；尺寸；长度；厚度；功率；包装规格；适用设备,未满足当前分组的关键规格模板。,按默认规则补齐至少一个关键规格字段。,Sheet1:2400,高压接头36*2外丝转内丝
REVIEW-MAT-01497,C,medium,missing_specs,高压转换接头,液压气动/液压管路/高压胶管,螺纹: 52*2；形式: 外丝转内丝,套,至少一个: 规格；型号；类型；材质；品牌；尺寸；长度；厚度；功率；包装规格；适用设备,未满足当前分组的关键规格模板。,按默认规则补齐至少一个关键规格字段。,Sheet1:2401,高压接头52*2外丝转内丝
REVIEW-MAT-01498,C,medium,specs_conflict,高压转换接头,液压气动/液压管路/高压胶管,螺纹: 24*1.5/36*2；类型: 转换接头,套,,存在低精度或人工复核标记，需要补齐信息。,按默认规则补齐至少一个关键规格字段。,Sheet1:2402,高压接头24*1.5/36*2
REVIEW-MAT-01499,C,medium,specs_conflict,高压对丝接头,液压气动/液压管路/高压胶管,螺纹: 20*1.5；类型: 对丝,个,,存在低精度或人工复核标记，需要补齐信息。,按默认规则补齐至少一个关键规格字段。,Sheet1:2403,高压接头20*1.5对丝
REVIEW-MAT-01500,C,medium,specs_conflict,高压对丝接头,液压气动/液压管路/高压胶管,螺纹: 24*1.5；类型: 对丝,个,,存在低精度或人工复核标记，需要补齐信息。,按默认规则补齐至少一个关键规格字段。,Sheet1:2404,高压接头24*1.5对丝
REVIEW-MAT-01501,C,medium,specs_conflict,高压对丝接头,液压气动/液压管路/高压胶管,螺纹: 30*2；类型: 对丝,个,,存在低精度或人工复核标记，需要补齐信息。,按默认规则补齐至少一个关键规格字段。,Sheet1:2405,高压接头30*2对丝
REVIEW-MAT-01502,C,medium,specs_conflict,高压对丝接头,液压气动/液压管路/高压胶管,螺纹: 36*2；类型: 对丝,个,,存在低精度或人工复核标记，需要补齐信息。,按默认规则补齐至少一个关键规格字段。,Sheet1:2406,高压接头36*2对丝
REVIEW-MAT-01503,C,medium,specs_conflict,高压对丝接头,液压气动/液压管路/高压胶管,螺纹: 52*2；类型: 对丝,个,,存在低精度或人工复核标记，需要补齐信息。,按默认规则补齐至少一个关键规格字段。,Sheet1:2407,高压接头52*2对丝
REVIEW-MAT-01504,C,medium,missing_specs,O型圈套装,密封件/橡胶密封/O型圈油封,品牌: 派克；套装: ABC,盒,至少一个: 型号；规格；图号；适用设备；材质,未满足当前分组的关键规格模板。,确认型号、图号、适用设备和关键尺寸。,Sheet1:2409,派克O型圈套装ABC
REVIEW-MAT-01505,C,medium,specs_conflict,弹性销,紧固件/其他/销,规格: M4*28；类型: 弹性销,个,,存在低精度或人工复核标记，需要补齐信息。,确认规格、材质/强度等级和单位。,Sheet1:2410,弹性销M4*28
REVIEW-MAT-01506,C,medium,specs_conflict,弹性销,紧固件/其他/销,规格: M6*28；类型: 弹性销,个,,存在低精度或人工复核标记，需要补齐信息。,确认规格、材质/强度等级和单位。,Sheet1:2411,弹性销M6*28
REVIEW-MAT-01507,D,high,alias_conflict,T型螺丝套件,紧固件/螺纹紧固件/螺丝螺栓,规格: M16*50；类型: T型螺丝；套件: 平垫+弹垫+螺母,套,,存在阻塞冲突，不能自动放行。,先解决别名、单位或分组冲突，不要自动创建物料。,Sheet1:2412,T型螺丝M16*50平弹帽
REVIEW-MAT-01508,C,medium,missing_specs,注浆泵连杆压力表,工程建材/保温防水/防水堵漏,设备: 注浆泵；部件: 连杆压力表；量程: 16MPa,个,至少一个: 规格；型号；材质；厚度；尺寸；包装规格；强度等级,未满足当前分组的关键规格模板。,确认规格、材质/强度等级、尺寸和包装单位。,Sheet1:2413,注浆泵连杆压力表16MPa
REVIEW-MAT-01509,C,medium,missing_specs,离心机滤网,设备备件与加工件/金属加工件/金属加工件,定制: 是；适配设备: 离心机；尺寸: 1.4米*0.31米*0.72米,个,至少一个: 型号；规格；图号；适用设备；材质,未满足当前分组的关键规格模板。,确认型号、图号、适用设备和关键尺寸。,Sheet1:2415；Sheet1:2935,定做离心机滤网1.4米*0.31米*0.72米；订做离心机滤网1.4米*0.31米*0.72米
REVIEW-MAT-01510,D,high,alias_conflict,抗盐膨润土,化工油漆胶粘/其他/膨润土,类型: 抗盐膨润土,t,,存在阻塞冲突，不能自动放行。,先解决别名、单位或分组冲突，不要自动创建物料。,Sheet1:2416,抗盐膨润土
REVIEW-MAT-01511,C,medium,low_precision_conflict,T型螺丝套件,紧固件/螺纹紧固件/螺丝螺栓,规格: M16*100；类型: T型螺丝；套件: 平垫+弹垫+螺母,套,,存在低精度或人工复核标记，需要补齐信息。,确认规格、材质/强度等级和单位。,Sheet1:2417,T型螺丝M16*100平弹帽
REVIEW-MAT-01512,C,medium,needs_human_review,重型高压接头,液压气动/液压管路/高压胶管,规格: 36*2；类型: 重型高压接头,个,,存在低精度或人工复核标记，需要补齐信息。,按默认规则补齐至少一个关键规格字段。,Sheet1:2418,重型高压接头36*2
REVIEW-MAT-01513,C,medium,needs_human_review,电磁阀,阀门/控制阀门/电磁气动阀,进口: 是；型号: 2622200,个,,存在低精度或人工复核标记，需要补齐信息。,按默认规则补齐至少一个关键规格字段。,Sheet1:2419；Sheet1:2433,进口电磁阀2622200
REVIEW-MAT-01514,C,medium,needs_human_review,重型管夹加工件,设备备件与加工件/金属加工件/金属加工件,加工: 是；类型: 重型管夹；规格: 60,个,,存在低精度或人工复核标记，需要补齐信息。,确认型号、图号、适用设备和关键尺寸。,Sheet1:2421,加工重型管夹60
REVIEW-MAT-01515,C,medium,missing_specs,聚氨酯密封胶,化工油漆胶粘/胶粘密封/胶粘剂,品牌: 普赛达；材料: 聚氨酯,支,至少一个: 型号；规格；图号；适用设备；材质,未满足当前分组的关键规格模板。,确认型号、图号、适用设备和关键尺寸。,Sheet1:2422；Sheet1:2432,普赛达聚氨酯密封胶
REVIEW-MAT-01516,C,medium,specs_conflict,超高压接头,液压气动/液压管路/高压胶管,品牌: 日东；系列/规格: 38S；等级: 超高压,套,,存在低精度或人工复核标记，需要补齐信息。,按默认规则补齐至少一个关键规格字段。,Sheet1:2423,日东超高压接头38S
REVIEW-MAT-01517,C,medium,specs_conflict,超高压接头,液压气动/液压管路/高压胶管,品牌: 日东；系列/规格: 42L；等级: 超高压,套,,存在低精度或人工复核标记，需要补齐信息。,按默认规则补齐至少一个关键规格字段。,Sheet1:2424,日东超高压接头42L
REVIEW-MAT-01518,C,medium,needs_human_review,超高压液压接头,液压气动/液压管路/高压胶管,品牌: 派克；系列/规格: 24S；等级: 超高压,套,,存在低精度或人工复核标记，需要补齐信息。,按默认规则补齐至少一个关键规格字段。,Sheet1:2425,派克超高压液压接头24S
REVIEW-MAT-01519,C,medium,specs_conflict,胶管总成,液压气动/液压管路/高压胶管,规格: 36*2H；层数: 2层；长度: 3米,条,,存在低精度或人工复核标记，需要补齐信息。,按默认规则补齐至少一个关键规格字段。,Sheet1:2426,胶管36*2H-2层-3米
REVIEW-MAT-01520,C,medium,specs_conflict,胶管总成,液压气动/液压管路/高压胶管,规格: 36*2H；层数: 2层；长度: 2米,条,,存在低精度或人工复核标记，需要补齐信息。,按默认规则补齐至少一个关键规格字段。,Sheet1:2427,胶管36*2H-2层-2米
REVIEW-MAT-01521,C,medium,needs_human_review,高压内丝接头,液压气动/液压管路/高压胶管,规格: 36*2H；连接: 内丝,个,,存在低精度或人工复核标记，需要补齐信息。,按默认规则补齐至少一个关键规格字段。,Sheet1:2428,高压内丝接头36*2H
REVIEW-MAT-01522,D,high,alias_conflict,抗盐膨润土,化工油漆胶粘/其他/膨润土,类型: 抗盐膨润土,吨,,存在阻塞冲突，不能自动放行。,先解决别名、单位或分组冲突，不要自动创建物料。,Sheet1:2429；Sheet1:2435；Sheet1:2438；Sheet1:2440；Sheet1:2441；Sheet1:2442；Sheet1:2443；Sheet1:2445；Sheet1:2446；Sheet1:2447；Sheet1:3319,抗盐膨润土
REVIEW-MAT-01523,D,high,alias_conflict,T型螺丝套件,紧固件/螺纹紧固件/螺丝螺栓,规格: M16*50；套件: 平垫+弹垫+螺母,套,,存在阻塞冲突，不能自动放行。,先解决别名、单位或分组冲突，不要自动创建物料。,Sheet1:2430,T型螺丝M16*50平弹帽
REVIEW-MAT-01524,C,medium,specs_conflict,加厚垫片,紧固件/螺纹紧固件/螺母垫圈,规格: M18*50*60mm；特征: 加厚,个,,存在低精度或人工复核标记，需要补齐信息。,确认规格、材质/强度等级和单位。,Sheet1:2431,加厚垫片M18*50*60mm
REVIEW-MAT-01525,C,medium,needs_human_review,六联管夹加工件,设备备件与加工件/金属加工件/金属加工件,加工: 是；联数: 六联；规格: 35,个,,存在低精度或人工复核标记，需要补齐信息。,确认型号、图号、适用设备和关键尺寸。,Sheet1:2434,加工六联管夹35
REVIEW-MAT-01526,C,medium,missing_specs,加厚风筒,设备备件与加工件/金属加工件/金属加工件,加工: 是；直径: 600；长度: 20米；特征: 加厚,条,至少一个: 型号；规格；图号；适用设备；材质,未满足当前分组的关键规格模板。,确认型号、图号、适用设备和关键尺寸。,Sheet1:2436,加工加厚风筒600*20米
REVIEW-MAT-01527,C,medium,missing_specs,加厚风筒,设备备件与加工件/金属加工件/金属加工件,加工: 是；直径: 600；长度: 10米；特征: 加厚,条,至少一个: 型号；规格；图号；适用设备；材质,未满足当前分组的关键规格模板。,确认型号、图号、适用设备和关键尺寸。,Sheet1:2437,加工加厚风筒600*10米
REVIEW-MAT-01528,C,medium,missing_specs,密封胶,化工油漆胶粘/胶粘密封/胶粘剂,品牌: 普赛达,支,至少一个: 型号；规格；图号；适用设备；材质,未满足当前分组的关键规格模板。,确认型号、图号、适用设备和关键尺寸。,Sheet1:2439,普赛达密封胶
REVIEW-MAT-01529,C,medium,needs_human_review,螺纹钢,金属原材料/钢材型材/钢材型材,规格: 20E；长度: 12米,t,,存在低精度或人工复核标记，需要补齐信息。,确认材质、规格尺寸和执行标准。,Sheet1:2444,螺纹钢20E*12米
REVIEW-MAT-01530,C,medium,specs_conflict,工字钢,金属原材料/钢材型材/钢材型材,规格: 14#,米,,存在低精度或人工复核标记，需要补齐信息。,确认材质、规格尺寸和执行标准。,Sheet1:2448；Sheet1:3199,工字钢14#
REVIEW-MAT-01531,C,medium,missing_specs,液压油,化工油漆胶粘/其他/液压油,进口: 是；包装: 10L,桶,至少一个: 类型；品牌；型号；包装规格；颜色,未满足当前分组的关键规格模板。,确认类型、品牌/型号、颜色和包装规格。,Sheet1:2449,进口液压油10L
REVIEW-MAT-01532,C,medium,missing_specs,电机,设备备件与加工件/设备专用备件/设备备件,功率: 5.5kW,台,至少一个: 型号；规格；图号；适用设备；材质,未满足当前分组的关键规格模板。,确认型号、图号、适用设备和关键尺寸。,Sheet1:2450,电机5.5KW
REVIEW-MAT-01533,C,medium,needs_human_review,管道泵,设备备件与加工件/设备专用备件/设备备件,功率: 5.5kW；口径/规格: 50,台,,存在低精度或人工复核标记，需要补齐信息。,确认型号、图号、适用设备和关键尺寸。,Sheet1:2451,管道泵5.5KW-50
REVIEW-MAT-01534,C,medium,specs_conflict,不锈钢高压球阀,阀门/通用阀门/球阀,材质: 不锈钢；用途: 液压；规格: 1寸,个,,存在低精度或人工复核标记，需要补齐信息。,按默认规则补齐至少一个关键规格字段。,Sheet1:2452,不锈钢液压高压球阀1寸
REVIEW-MAT-01535,C,medium,needs_human_review,液压高压外丝接头,液压气动/液压管路/高压胶管,规格: 1寸；连接: 外丝；用途: 液压高压,个,,存在低精度或人工复核标记，需要补齐信息。,按默认规则补齐至少一个关键规格字段。,Sheet1:2453,液压高压外丝接头1寸
REVIEW-MAT-01536,C,medium,specs_conflict,弹簧式安全阀,阀门/其他/安全阀,型号: A28H-64；公称通径: DN32；结构: 弹簧式,个,,存在低精度或人工复核标记，需要补齐信息。,确认类型、规格、材质和安全等级。,Sheet1:2454,弹簧式安全阀A28H-64-DN32
REVIEW-MAT-01537,C,medium,needs_human_review,通丝螺杆,工程建材/其他/紧固件,规格: 14*700；类型: 通丝,个,,存在低精度或人工复核标记，需要补齐信息。,确认规格、材质/强度等级和单位。,Sheet1:2455,通丝14*700
REVIEW-MAT-01538,C,medium,missing_specs,山型卡,工程建材/其他/模板配件,类型: 山型卡,个,至少一个: 规格；型号；材质；厚度；尺寸；包装规格；强度等级,未满足当前分组的关键规格模板。,确认规格、材质/强度等级、尺寸和包装单位。,Sheet1:2456,山型卡
REVIEW-MAT-01539,C,medium,missing_specs,木方,工程建材/其他/木材,长度: 4米；截面: 40*90,根,至少一个: 规格；型号；材质；厚度；尺寸；包装规格；强度等级,未满足当前分组的关键规格模板。,确认规格、材质/强度等级、尺寸和包装单位。,Sheet1:2458,木方4米*40*90
REVIEW-MAT-01540,C,medium,low_precision_conflict,建筑模板,工程建材/其他/模板,颜色: 黑；尺寸: 1830*915*14,张,,存在低精度或人工复核标记，需要补齐信息。,确认规格、材质/强度等级、尺寸和包装单位。,Sheet1:2459,黑模板1830*915*14
REVIEW-MAT-01541,C,medium,low_precision_conflict,建筑模板,工程建材/其他/模板,颜色: 红；尺寸: 1830*915*14,张,,存在低精度或人工复核标记，需要补齐信息。,确认规格、材质/强度等级、尺寸和包装单位。,Sheet1:2460,红模板1830*915*14
REVIEW-MAT-01542,C,medium,specs_conflict,油性聚氨酯,化工油漆胶粘/其他/堵漏材料,类型: 油性；材料: 聚氨酯；包装: 10KG,桶,,存在低精度或人工复核标记，需要补齐信息。,确认类型、品牌/型号、颜色和包装规格。,Sheet1:2461,油性聚氨酯10KG
REVIEW-MAT-01543,C,medium,missing_specs,丙酮,化工油漆胶粘/其他/溶剂,品名: 丙酮；包装: 10KG,桶,至少一个: 类型；品牌；型号；包装规格；颜色,未满足当前分组的关键规格模板。,确认类型、品牌/型号、颜色和包装规格。,Sheet1:2462,丙酮10KG
REVIEW-MAT-01544,C,medium,specs_conflict,钻头,工具器具/工具耗材/钻头,品牌: 博世；柄型: 五坑三槽；直径: Φ12；长度: 200,支,,存在低精度或人工复核标记，需要补齐信息。,确认品牌、型号/规格和适用设备。,Sheet1:2464,博世五坑三槽钻头Φ12*200
REVIEW-MAT-01545,C,medium,missing_specs,注浆止水针头,工程建材/保温防水/防水堵漏,长度: 150mm；用途: 注浆止水,支,至少一个: 规格；型号；材质；厚度；尺寸；包装规格；强度等级,未满足当前分组的关键规格模板。,确认规格、材质/强度等级、尺寸和包装单位。,Sheet1:2465,注浆止水针头150mm
REVIEW-MAT-01546,C,medium,missing_specs,注浆止水针头,工程建材/保温防水/防水堵漏,长度: 100mm；用途: 注浆止水,支,至少一个: 规格；型号；材质；厚度；尺寸；包装规格；强度等级,未满足当前分组的关键规格模板。,确认规格、材质/强度等级、尺寸和包装单位。,Sheet1:2466,注浆止水针头100mm
REVIEW-MAT-01547,C,medium,missing_specs,高压注浆机,设备备件与加工件/其他/注浆设备,类型: 高压注浆机,台,至少一个: 型号；规格；图号；适用设备；材质,未满足当前分组的关键规格模板。,确认型号、图号、适用设备和关键尺寸。,Sheet1:2467,高压注浆机
REVIEW-MAT-01548,C,medium,missing_specs,注浆管套装,工程建材/保温防水/防水堵漏,长度: 5米；包含: 配件,套,至少一个: 规格；型号；材质；厚度；尺寸；包装规格；强度等级,未满足当前分组的关键规格模板。,确认规格、材质/强度等级、尺寸和包装单位。,Sheet1:2468,注浆管5米带配件
REVIEW-MAT-01549,C,medium,specs_conflict,PVC直接,管道管件/塑料管件/PVC管件,品牌: 公元；材质: PVC；规格: 315；类型: 直接,个,,存在低精度或人工复核标记，需要补齐信息。,确认材质、口径/规格、连接方式和类型。,Sheet1:2516,公元PVC315直接
REVIEW-MAT-01550,C,medium,specs_conflict,PVC弯头,管道管件/塑料管件/PVC管件,品牌: 公元；材质: PVC；规格: 315；角度: 45度,个,,存在低精度或人工复核标记，需要补齐信息。,确认材质、口径/规格、连接方式和类型。,Sheet1:2517,公元PVC315/45度弯头
REVIEW-MAT-01551,C,medium,specs_conflict,PVC弯头,管道管件/塑料管件/PVC管件,品牌: 公元；材质: PVC；规格: 315；角度: 90度,个,,存在低精度或人工复核标记，需要补齐信息。,确认材质、口径/规格、连接方式和类型。,Sheet1:2518,公元PVC315/90度弯头
REVIEW-MAT-01552,C,medium,missing_specs,PVC胶水,化工油漆胶粘/胶粘密封/胶粘剂,品牌: 公元；包装: 1KG；用途: PVC粘接,瓶,至少一个: 型号；规格；图号；适用设备；材质,未满足当前分组的关键规格模板。,确认型号、图号、适用设备和关键尺寸。,Sheet1:2519,公元胶水1KG
REVIEW-MAT-01553,C,medium,specs_conflict,钻头,工具器具/工具耗材/钻头,品牌: 博世；规格: M14*260,支,,存在低精度或人工复核标记，需要补齐信息。,确认品牌、型号/规格和适用设备。,Sheet1:2521,博世钻头m14*260
REVIEW-MAT-01554,C,medium,missing_specs,冲孔冲头,工具器具/其他/冲头,直径: Φ14；长度: 150,支,至少一个: 型号；规格；品牌；尺寸；适用设备,未满足当前分组的关键规格模板。,确认品牌、型号/规格和适用设备。,Sheet1:2522,冲孔冲Φ14*150
REVIEW-MAT-01555,C,medium,missing_specs,冲孔冲头,工具器具/其他/冲头,直径: Φ16；长度: 150,支,至少一个: 型号；规格；品牌；尺寸；适用设备,未满足当前分组的关键规格模板。,确认品牌、型号/规格和适用设备。,Sheet1:2523,冲孔冲Φ16*150
REVIEW-MAT-01556,D,high,alias_conflict,灭火器,消防器材/灭火器与水带/灭火器,灭火剂重量: 2KG,瓶,至少一个: 规格；型号；类型；材质；品牌；尺寸；长度；厚度；功率；包装规格；适用设备,存在阻塞冲突，不能自动放行。,先解决别名、单位或分组冲突，不要自动创建物料。,Sheet1:2524；Sheet1:2764；Sheet1:2840；Sheet1:3473；Sheet1:3559,灭火器2KG；灭火器2kg
REVIEW-MAT-01557,C,medium,specs_conflict,三通,管道管件/其他/金属管件,公称通径: DN50；类型: 三通,个,,存在低精度或人工复核标记，需要补齐信息。,确认材质、口径/规格、连接方式和类型。,Sheet1:2525,DN50三通
REVIEW-MAT-01558,C,medium,specs_conflict,三通,管道管件/其他/金属管件,公称通径: DN65；类型: 三通,个,,存在低精度或人工复核标记，需要补齐信息。,确认材质、口径/规格、连接方式和类型。,Sheet1:2526,DN65三通
REVIEW-MAT-01559,C,medium,needs_human_review,带灯按钮开关,电气与自动化/低压电器/开关按钮,品牌: 施耐德；类型: 带灯按钮开关,个,,存在低精度或人工复核标记，需要补齐信息。,确认品牌、型号、电气参数和安装/连接方式。,Sheet1:2527,施耐德灯带按钮开关
REVIEW-MAT-01560,C,medium,specs_conflict,电流表,仪器仪表/其他/电气仪表,变比: 600/5A；类型: 电流表,个,,存在低精度或人工复核标记，需要补齐信息。,按默认规则补齐至少一个关键规格字段。,Sheet1:2528,电流表600/5A
REVIEW-MAT-01561,C,medium,needs_human_review,重型矿井卡箍,管道管件/管道紧固/管夹卡箍,品牌: 迈克；规格: DN150；类型: 重型矿井卡箍,个,,存在低精度或人工复核标记，需要补齐信息。,确认材质、口径/规格、连接方式和类型。,Sheet1:2529,迈克重型矿井卡箍DN150
REVIEW-MAT-01562,C,medium,specs_conflict,膨胀螺丝,紧固件/螺纹紧固件/螺丝螺栓,规格: M12*100,支,,存在低精度或人工复核标记，需要补齐信息。,确认规格、材质/强度等级和单位。,Sheet1:2530,膨胀螺丝M12*100
REVIEW-MAT-01563,C,medium,needs_human_review,液压对丝接头,液压气动/液压管路/高压胶管,螺纹: M20*1.5；类型: 对丝,个,,存在低精度或人工复核标记，需要补齐信息。,按默认规则补齐至少一个关键规格字段。,Sheet1:2531,液压接头m20*1.5对丝
REVIEW-MAT-01564,C,medium,specs_conflict,自喷漆,化工油漆胶粘/油漆涂料/涂料油漆,颜色: 绿色,瓶,,存在低精度或人工复核标记，需要补齐信息。,确认类型、品牌/型号、颜色和包装规格。,Sheet1:2532,绿色自喷漆
REVIEW-MAT-01565,C,medium,specs_conflict,三通,管道管件/其他/金属管件,公称通径: DN40；类型: 三通,个,,存在低精度或人工复核标记，需要补齐信息。,确认材质、口径/规格、连接方式和类型。,Sheet1:2533,DN40三通
REVIEW-MAT-01566,C,medium,needs_human_review,冷暖空调,行政办公与清洁/其他/空调设备,品牌: 美的；匹数: 大1.5匹；功能: 冷暖,台,,存在低精度或人工复核标记，需要补齐信息。,确认规格、品牌和包装单位。,Sheet1:2535,美的大1.5匹冷暖空调
REVIEW-MAT-01567,C,medium,specs_conflict,自喷漆,化工油漆胶粘/油漆涂料/涂料油漆,颜色: 中黄,瓶,,存在低精度或人工复核标记，需要补齐信息。,确认类型、品牌/型号、颜色和包装规格。,Sheet1:2536,中黄自喷漆
REVIEW-MAT-01568,C,medium,needs_human_review,透明PC板,工程建材/板材型材/板材,材质: PC；颜色: 透明；尺寸: 1m*1.5m；厚度: 3mm,块,,存在低精度或人工复核标记，需要补齐信息。,确认规格、材质/强度等级、尺寸和包装单位。,Sheet1:2539,透明PC板1m*1.5m*3mm
REVIEW-MAT-01569,C,medium,needs_human_review,封箱胶带,包装与标识/胶带标签/胶带,类型: 封箱带,卷,,存在低精度或人工复核标记，需要补齐信息。,按默认规则补齐至少一个关键规格字段。,Sheet1:2541,封箱带
REVIEW-MAT-01570,C,medium,specs_conflict,记号笔,行政办公与清洁/办公用品/文具书写,品牌: 得力；颜色: 黑色,支,,存在低精度或人工复核标记，需要补齐信息。,确认规格、品牌和包装单位。,Sheet1:2542,得力黑色记号笔
REVIEW-MAT-01571,C,medium,specs_conflict,防锈漆,化工油漆胶粘/油漆涂料/涂料油漆,品牌: 立邦；颜色: 白色；包装: 18KG,桶,,存在低精度或人工复核标记，需要补齐信息。,确认类型、品牌/型号、颜色和包装规格。,Sheet1:2543；Sheet1:2627；Sheet1:2977,立邦白色防锈漆18KG；立邦白色防锈漆18kg
REVIEW-MAT-01572,C,medium,specs_conflict,稀释剂,化工油漆胶粘/油漆涂料/涂料油漆,品牌: 立邦；包装: 12KG,桶,,存在低精度或人工复核标记，需要补齐信息。,确认类型、品牌/型号、颜色和包装规格。,Sheet1:2544,立邦稀释剂12KG
REVIEW-MAT-01573,C,medium,missing_specs,带盖整理箱,行政办公与清洁/其他/收纳用品,尺寸: 800*800*600；配置: 带盖,个,至少一个: 规格；类型；品牌；包装规格,未满足当前分组的关键规格模板。,确认规格、品牌和包装单位。,Sheet1:2545,整理箱带盖800*800*600
REVIEW-MAT-01574,C,medium,specs_conflict,钻头,工具器具/工具耗材/钻头,品牌: 博世；规格: M12*200,支,,存在低精度或人工复核标记，需要补齐信息。,确认品牌、型号/规格和适用设备。,Sheet1:2546,博世钻头m12*200
REVIEW-MAT-01575,C,medium,specs_conflict,钻头,工具器具/工具耗材/钻头,品牌: 博世；规格: M14*200,支,,存在低精度或人工复核标记，需要补齐信息。,确认品牌、型号/规格和适用设备。,Sheet1:2547,博世钻头m14*200
REVIEW-MAT-01576,C,medium,specs_conflict,角钢,金属原材料/钢材型材/钢材型材,规格: 40*40,根,,存在低精度或人工复核标记，需要补齐信息。,确认材质、规格尺寸和执行标准。,Sheet1:2548,角铁40*40
REVIEW-MAT-01577,C,medium,specs_conflict,胶管总成,液压气动/液压管路/高压胶管,螺纹/规格: 36*2；层数: 2层；长度: 2.5米,根,,存在低精度或人工复核标记，需要补齐信息。,按默认规则补齐至少一个关键规格字段。,Sheet1:2549,胶管36*2-2层-2.5米
REVIEW-MAT-01578,C,medium,specs_conflict,胶管总成,液压气动/液压管路/高压胶管,螺纹/规格: 36*2；层数: 2层；长度: 10米,根,,存在低精度或人工复核标记，需要补齐信息。,按默认规则补齐至少一个关键规格字段。,Sheet1:2553,胶管36*2-2层-10米
REVIEW-MAT-01579,C,medium,specs_conflict,胶管总成,液压气动/液压管路/高压胶管,螺纹/规格: 36*2；层数: 2层；长度: 11米,根,,存在低精度或人工复核标记，需要补齐信息。,按默认规则补齐至少一个关键规格字段。,Sheet1:2554,胶管36*2-2层-11米
REVIEW-MAT-01580,C,medium,specs_conflict,胶管总成,液压气动/液压管路/高压胶管,螺纹/规格: 36*2；层数: 2层；长度: 15米,根,,存在低精度或人工复核标记，需要补齐信息。,按默认规则补齐至少一个关键规格字段。,Sheet1:2555,胶管36*2-2层-15米
REVIEW-MAT-01581,C,medium,needs_human_review,重型管夹,管道管件/管道紧固/管夹卡箍,规格: 36；类型: 重型管夹,个,,存在低精度或人工复核标记，需要补齐信息。,确认材质、口径/规格、连接方式和类型。,Sheet1:2556,重型管夹36
REVIEW-MAT-01582,C,medium,needs_human_review,重型六联管夹,管道管件/管道紧固/管夹卡箍,联数: 6联；类型: 重型,组,,存在低精度或人工复核标记，需要补齐信息。,确认材质、口径/规格、连接方式和类型。,Sheet1:2557,重型6联管夹
REVIEW-MAT-01584,C,medium,specs_conflict,变径对丝接头,液压气动/液压管路/高压胶管,规格: 25*2/36*2；类型: 变径对丝,个,,存在低精度或人工复核标记，需要补齐信息。,按默认规则补齐至少一个关键规格字段。,Sheet1:2559,变径对丝25*2/36*2
REVIEW-MAT-01585,C,medium,specs_conflict,胶管总成,液压气动/液压管路/高压胶管,螺纹: M20*1.5；层数: 2层；长度: 1米,根,,存在低精度或人工复核标记，需要补齐信息。,按默认规则补齐至少一个关键规格字段。,Sheet1:2562,胶管M20*1.5-2层-1米
REVIEW-MAT-01586,C,medium,specs_conflict,胶管总成,液压气动/液压管路/高压胶管,螺纹: M20*1.5；层数: 2层；长度: 0.5米,根,,存在低精度或人工复核标记，需要补齐信息。,按默认规则补齐至少一个关键规格字段。,Sheet1:2563,胶管M20*1.5-2层-0.5米
REVIEW-MAT-01587,C,medium,specs_conflict,三通接头,液压气动/液压管路/高压胶管,螺纹: 20*1.5；类型: 三通,个,,存在低精度或人工复核标记，需要补齐信息。,按默认规则补齐至少一个关键规格字段。,Sheet1:2564,20*1.5三通
REVIEW-MAT-01588,C,medium,specs_conflict,对丝接头,液压气动/液压管路/高压胶管,螺纹: 20*1.5；类型: 对丝,个,,存在低精度或人工复核标记，需要补齐信息。,按默认规则补齐至少一个关键规格字段。,Sheet1:2565,20*1.5对丝
REVIEW-MAT-01589,C,medium,missing_specs,不锈钢室外箱,电气与自动化/其他/配电箱壳体,材质: 不锈钢；安装环境: 室外；尺寸: 500*600*300,个,至少一个: 型号；规格；品牌；电流；电压；功率；位数,未满足当前分组的关键规格模板。,确认品牌、型号、电气参数和安装/连接方式。,Sheet1:2568,不锈钢室外箱500*600*300
REVIEW-MAT-01590,C,medium,missing_specs,滤芯,设备备件与加工件/过滤密封/过滤件,进口: 是；尺寸: Φ160*505,个,至少一个: 型号；规格；图号；适用设备；材质,未满足当前分组的关键规格模板。,确认型号、图号、适用设备和关键尺寸。,Sheet1:2570,进口滤芯Φ160*505
REVIEW-MAT-01591,C,medium,needs_human_review,搅拌机叶轮,设备备件与加工件/设备专用备件/设备备件,材质: 不锈钢；适配型号: QJB-960S；部件: 叶轮,个,,存在低精度或人工复核标记，需要补齐信息。,确认型号、图号、适用设备和关键尺寸。,Sheet1:2571,不锈钢搅拌机叶轮QJB-960S
REVIEW-MAT-01592,C,medium,missing_specs,AB胶,化工油漆胶粘/胶粘密封/胶粘剂,品牌: 三和；类型: AB胶,支,至少一个: 型号；规格；图号；适用设备；材质,未满足当前分组的关键规格模板。,确认型号、图号、适用设备和关键尺寸。,Sheet1:2572,三和AB胶
REVIEW-MAT-01593,C,medium,low_precision_conflict,五孔插座,电气与自动化/插头插座/插头插座,品牌: 德力西；类型: 五孔插座,个,,存在低精度或人工复核标记，需要补齐信息。,确认品牌、型号、电气参数和安装/连接方式。,Sheet1:2573,德力西五孔插座
REVIEW-MAT-01594,C,medium,specs_conflict,自攻螺丝,紧固件/螺纹紧固件/螺丝螺栓,规格: M4*10,盒,,存在低精度或人工复核标记，需要补齐信息。,确认规格、材质/强度等级和单位。,Sheet1:2574,M4*10自攻丝
REVIEW-MAT-01595,C,medium,low_precision_conflict,螺丝套件,紧固件/螺纹紧固件/螺丝螺栓,规格: M8*20；类型: 螺丝,套,,存在低精度或人工复核标记，需要补齐信息。,确认规格、材质/强度等级和单位。,Sheet1:2575,M8*20螺丝
REVIEW-MAT-01596,C,medium,needs_human_review,导轨式五孔插座,电气与自动化/插头插座/插头插座,品牌: 德力西；安装: 导轨式；类型: 五孔插座,个,,存在低精度或人工复核标记，需要补齐信息。,确认品牌、型号、电气参数和安装/连接方式。,Sheet1:2576,德力西带导轨五孔插座
REVIEW-MAT-01597,C,medium,missing_specs,不锈钢支架水桶,行政办公与清洁/生活后勤/生活用品,材质: 304；配置: 支架；容量: 1T,个,至少一个: 规格；类型；品牌；包装规格,未满足当前分组的关键规格模板。,确认规格、品牌和包装单位。,Sheet1:2579,304支架水桶1T
REVIEW-MAT-01598,C,medium,needs_human_review,污水井盖,工程建材/其他/井盖,用途: 污水；规格: 580,个,,存在低精度或人工复核标记，需要补齐信息。,确认规格、材质/强度等级、尺寸和包装单位。,Sheet1:2581,污水井盖580
REVIEW-MAT-01599,C,medium,missing_specs,太阳能4G监控摄像头,弱电安防/通信与监控/安防监控,通信: 4G；供电: 太阳能；清晰度: 4K；存储: 30天循环,套,至少一个: 规格；型号；类型；材质；品牌；尺寸；长度；厚度；功率；包装规格；适用设备,未满足当前分组的关键规格模板。,按默认规则补齐至少一个关键规格字段。,Sheet1:2582,4G太阳能探头4K30天循环
REVIEW-MAT-01600,C,medium,specs_conflict,自喷漆,化工油漆胶粘/油漆涂料/涂料油漆,品牌: 三和；颜色: 灰色,瓶,,存在低精度或人工复核标记，需要补齐信息。,确认类型、品牌/型号、颜色和包装规格。,Sheet1:2583,三和灰色自喷漆
REVIEW-MAT-01601,C,medium,needs_human_review,桶装水抽水器套装,行政办公与清洁/其他/饮水设备,品牌: 子路；包含: 抽水器+充电器,套,,存在低精度或人工复核标记，需要补齐信息。,确认规格、品牌和包装单位。,Sheet1:2584,子路桶装水抽水器+充电器
REVIEW-MAT-01602,C,medium,missing_specs,工业防潮剂,化工油漆胶粘/其他/防潮剂,用途: 工业；包装: 1KG,包,至少一个: 类型；品牌；型号；包装规格；颜色,未满足当前分组的关键规格模板。,确认类型、品牌/型号、颜色和包装规格。,Sheet1:2586,工业防潮剂1KG
REVIEW-MAT-01603,C,medium,missing_specs,太阳能4G监控套装,弱电安防/通信与监控/安防监控,供电: 太阳能；通信: 4G；套装: 三件套,套,至少一个: 规格；型号；类型；材质；品牌；尺寸；长度；厚度；功率；包装规格；适用设备,未满足当前分组的关键规格模板。,按默认规则补齐至少一个关键规格字段。,Sheet1:2587,太阳能4G监控三件套
REVIEW-MAT-01604,C,medium,missing_specs,变频器操作面板,电气与自动化/其他/变频器配件,部件: 操作面板；适配设备: 变频器,个,至少一个: 型号；规格；品牌；电流；电压；功率；位数,未满足当前分组的关键规格模板。,确认品牌、型号、电气参数和安装/连接方式。,Sheet1:2588,变频器操作面板
REVIEW-MAT-01605,C,medium,specs_conflict,胶管总成,液压气动/液压管路/高压胶管,规格: 36*2H；层数: 2层；长度: 2.5米,根,,存在低精度或人工复核标记，需要补齐信息。,按默认规则补齐至少一个关键规格字段。,Sheet1:2589,胶管36*2H-2层-2.5米
REVIEW-MAT-01606,C,medium,specs_conflict,胶管总成,液压气动/液压管路/高压胶管,规格: 36*2H；层数: 2层；长度: 1米,根,,存在低精度或人工复核标记，需要补齐信息。,按默认规则补齐至少一个关键规格字段。,Sheet1:2590,胶管36*2H-2层-1米
REVIEW-MAT-01607,C,medium,specs_conflict,胶管总成,液压气动/液压管路/高压胶管,规格: 36*2H；层数: 2层；长度: 3.4米,根,,存在低精度或人工复核标记，需要补齐信息。,按默认规则补齐至少一个关键规格字段。,Sheet1:2591,胶管36*2H-2层-3.4米
REVIEW-MAT-01608,C,medium,specs_conflict,胶管总成,液压气动/液压管路/高压胶管,规格: 36*2H；层数: 2层；长度: 12米,根,,存在低精度或人工复核标记，需要补齐信息。,按默认规则补齐至少一个关键规格字段。,Sheet1:2592,胶管36*2H-2层-12米
REVIEW-MAT-01609,C,medium,specs_conflict,胶管总成,液压气动/液压管路/高压胶管,规格: 36*2H；层数: 2层；长度: 10米,根,,存在低精度或人工复核标记，需要补齐信息。,按默认规则补齐至少一个关键规格字段。,Sheet1:2593,胶管36*2H-2层-10米
REVIEW-MAT-01610,C,medium,specs_conflict,胶管总成,液压气动/液压管路/高压胶管,规格: 36*2H；层数: 2层；长度: 11米,根,,存在低精度或人工复核标记，需要补齐信息。,按默认规则补齐至少一个关键规格字段。,Sheet1:2594,胶管36*2H-2层-11米
REVIEW-MAT-01611,C,medium,specs_conflict,胶管总成,液压气动/液压管路/高压胶管,规格: 36*2H；层数: 2层；长度: 14米,根,,存在低精度或人工复核标记，需要补齐信息。,按默认规则补齐至少一个关键规格字段。,Sheet1:2595,胶管36*2H-2层-14米
REVIEW-MAT-01612,D,high,alias_conflict,螺纹锁固胶,化工油漆胶粘/胶粘密封/胶粘剂,品牌: 乐泰；型号: 243,个,,存在阻塞冲突，不能自动放行。,先解决别名、单位或分组冲突，不要自动创建物料。,Sheet1:2596；Sheet1:2601,乐泰243胶水
REVIEW-MAT-01613,C,medium,needs_human_review,百兆交换机,弱电安防/通信与监控/通信设备,品牌: 海康威视；端口: 5口；速率: 百兆,台,,存在低精度或人工复核标记，需要补齐信息。,按默认规则补齐至少一个关键规格字段。,Sheet1:2599,海康威视5口百兆交换机
REVIEW-MAT-01614,C,medium,needs_human_review,刀开关手柄,电气与自动化/低压电器/开关按钮,型号: HD13；额定电流: 1000A；部件: 手柄,套,,存在低精度或人工复核标记，需要补齐信息。,确认品牌、型号、电气参数和安装/连接方式。,Sheet1:2600,HD13刀开关手柄1000A
REVIEW-MAT-01615,C,medium,missing_specs,带盖方桶,行政办公与清洁/生活后勤/生活用品,材质: 牛筋；容量: 6L；配置: 带盖；地点备注: 蕰川路,个,至少一个: 规格；类型；品牌；包装规格,未满足当前分组的关键规格模板。,确认规格、品牌和包装单位。,Sheet1:2602,牛筋带盖方桶6L(蕰川路)；牛筋带盖方桶6L（蕰川路）
REVIEW-MAT-01616,C,medium,specs_conflict,加厚油布,工程建材/其他/油布,尺寸: 12米*12米；特征: 加厚,m2,,存在低精度或人工复核标记，需要补齐信息。,确认规格、材质/强度等级、尺寸和包装单位。,Sheet1:2613,加厚油布12米*12米
REVIEW-MAT-01617,C,medium,specs_conflict,加厚油布,工程建材/其他/油布,尺寸: 10米*8米；特征: 加厚,m2,,存在低精度或人工复核标记，需要补齐信息。,确认规格、材质/强度等级、尺寸和包装单位。,Sheet1:2614,加厚油布10米*8米
REVIEW-MAT-01618,C,medium,low_precision_conflict,油漆滚筒,工具器具/涂装工具/刷辊喷涂,规格: 大号；用途: 油漆,个,,存在低精度或人工复核标记，需要补齐信息。,确认品牌、型号/规格和适用设备。,Sheet1:2616；Sheet1:2630；Sheet1:2696,大油漆滚筒；油漆滚筒大号
REVIEW-MAT-01619,C,medium,specs_conflict,彩条布,工程建材/其他/彩条布,颜色: 三色；尺寸: 4m*30m,m2,,存在低精度或人工复核标记，需要补齐信息。,确认规格、材质/强度等级、尺寸和包装单位。,Sheet1:2617,三色彩条布4m*30m
REVIEW-MAT-01620,C,medium,missing_specs,泥桶,工具器具/其他/桶具,用途: 泥浆/砂浆,个,至少一个: 型号；规格；品牌；尺寸；适用设备,未满足当前分组的关键规格模板。,确认品牌、型号/规格和适用设备。,Sheet1:2618；Sheet1:2635；Sheet1:2714；Sheet1:3139；Sheet1:3426,泥桶
REVIEW-MAT-01621,C,medium,low_precision_conflict,羊毛刷,工具器具/涂装工具/刷辊喷涂,规格: 3寸；材质: 羊毛,把,,存在低精度或人工复核标记，需要补齐信息。,确认品牌、型号/规格和适用设备。,Sheet1:2619；Sheet1:2632；Sheet1:2710；Sheet1:2758；Sheet1:2845,羊毛刷3寸
REVIEW-MAT-01622,C,medium,specs_conflict,防锈漆,化工油漆胶粘/油漆涂料/涂料油漆,品牌: 立邦；颜色: 桔黄色；包装: 18kg,桶,,存在低精度或人工复核标记，需要补齐信息。,确认类型、品牌/型号、颜色和包装规格。,Sheet1:2620,立邦桔黄色防锈漆18kg
REVIEW-MAT-01623,C,medium,needs_human_review,松香水,化工油漆胶粘/油漆涂料/涂料油漆,包装: 12KG；类型: 松香水,桶,,存在低精度或人工复核标记，需要补齐信息。,确认类型、品牌/型号、颜色和包装规格。,Sheet1:2621,松香水12KG
REVIEW-MAT-01624,C,medium,specs_conflict,防锈漆,化工油漆胶粘/油漆涂料/涂料油漆,品牌: 立邦；颜色: 深黄；包装: 18KG,桶,,存在低精度或人工复核标记，需要补齐信息。,确认类型、品牌/型号、颜色和包装规格。,Sheet1:2622,立邦深黄防锈漆18KG
REVIEW-MAT-01625,C,medium,specs_conflict,防锈漆,化工油漆胶粘/油漆涂料/涂料油漆,品牌: 立邦；颜色: 黑色；包装: 18KG,桶,,存在低精度或人工复核标记，需要补齐信息。,确认类型、品牌/型号、颜色和包装规格。,Sheet1:2623,立邦黑色防锈漆18KG
REVIEW-MAT-01626,C,medium,specs_conflict,防锈漆,化工油漆胶粘/油漆涂料/涂料油漆,品牌: 立邦；颜色: 大红；包装: 18KG,桶,,存在低精度或人工复核标记，需要补齐信息。,确认类型、品牌/型号、颜色和包装规格。,Sheet1:2624,立邦大红防锈漆18KG
REVIEW-MAT-01627,C,medium,specs_conflict,防锈漆,化工油漆胶粘/油漆涂料/涂料油漆,品牌: 立邦；颜色: 淡黄灰；包装: 18KG,桶,,存在低精度或人工复核标记，需要补齐信息。,确认类型、品牌/型号、颜色和包装规格。,Sheet1:2625,立邦淡黄灰防锈漆18KG
REVIEW-MAT-01628,C,medium,specs_conflict,防锈漆,化工油漆胶粘/油漆涂料/涂料油漆,品牌: 立邦；颜色: 桔红；包装: 18KG,桶,,存在低精度或人工复核标记，需要补齐信息。,确认类型、品牌/型号、颜色和包装规格。,Sheet1:2626,立邦桔红防锈漆18KG
REVIEW-MAT-01629,C,medium,specs_conflict,防锈漆,化工油漆胶粘/油漆涂料/涂料油漆,品牌: 立邦；颜色: 铁红；包装: 18KG,桶,,存在低精度或人工复核标记，需要补齐信息。,确认类型、品牌/型号、颜色和包装规格。,Sheet1:2628；Sheet1:2786；Sheet1:2829；Sheet1:2849,立邦铁红防锈漆18KG；立邦铁红防锈漆18kg
REVIEW-MAT-01630,C,medium,missing_specs,稀释剂,化工油漆胶粘/油漆涂料/涂料油漆,包装: 12kg,桶,至少一个: 类型；品牌；型号；包装规格；颜色,未满足当前分组的关键规格模板。,确认类型、品牌/型号、颜色和包装规格。,Sheet1:2629；Sheet1:2683；Sheet1:2695；Sheet1:2831；Sheet1:2838；Sheet1:2850；Sheet1:3429,稀释剂12KG；稀释剂12kg
REVIEW-MAT-01631,C,medium,low_precision_conflict,油漆滚筒,工具器具/涂装工具/刷辊喷涂,规格: 小号；用途: 油漆,个,,存在低精度或人工复核标记，需要补齐信息。,确认品牌、型号/规格和适用设备。,Sheet1:2631；Sheet1:2697；Sheet1:2716；Sheet1:2725,小油漆滚筒；油漆滚筒小号
REVIEW-MAT-01632,D,high,unit_conflict,羊毛刷,工具器具/涂装工具/刷辊喷涂,规格: 2寸；材质: 羊毛,把,,存在阻塞冲突，不能自动放行。,先解决别名、单位或分组冲突，不要自动创建物料。,Sheet1:2633；Sheet1:2711；Sheet1:2757；Sheet1:2844,羊毛刷2寸
REVIEW-MAT-01633,C,medium,specs_conflict,不锈钢烟灰桶,行政办公与清洁/清洁用品/清洁工具耗材,材质: 不锈钢；类型: 烟灰桶,个,,存在低精度或人工复核标记，需要补齐信息。,确认规格、品牌和包装单位。,Sheet1:2634,不锈钢烟灰桶
REVIEW-MAT-01634,C,medium,missing_specs,钢丝轮,工具器具/工具耗材/切磨耗材,用途: 打磨；类型: 钢丝轮,个,至少一个: 型号；规格；品牌；尺寸；适用设备,未满足当前分组的关键规格模板。,确认品牌、型号/规格和适用设备。,Sheet1:2636,打磨钢丝轮
REVIEW-MAT-01635,C,medium,specs_conflict,护目镜,劳保用品/其他/眼面防护,类型: 多功能护目眼镜,付,,存在低精度或人工复核标记，需要补齐信息。,确认类型、规格、材质和安全等级。,Sheet1:2637,多功能护目眼镜
REVIEW-MAT-01636,C,medium,low_precision_conflict,帆布手套,劳保用品/手部防护/手套,材质: 帆布,付,,存在低精度或人工复核标记，需要补齐信息。,确认类型、规格、材质和安全等级。,Sheet1:2638；Sheet1:2793；Sheet1:2814；Sheet1:2847；Sheet1:3022；Sheet1:3080；Sheet1:3098；Sheet1:3353；Sheet1:3408；Sheet1:3600；Sheet1:3641,帆布手套
REVIEW-MAT-01637,C,medium,needs_human_review,橡胶手套,劳保用品/手部防护/手套,材质: 橡胶,付,,存在低精度或人工复核标记，需要补齐信息。,确认类型、规格、材质和安全等级。,Sheet1:2639；Sheet1:2803；Sheet1:2815；Sheet1:2836；Sheet1:3427；Sheet1:3640,橡胶手套
REVIEW-MAT-01638,C,medium,needs_human_review,角磨机,工具器具/电动工具/电钻角磨机,品牌: 东城；类型: 角磨机,台,,存在低精度或人工复核标记，需要补齐信息。,确认品牌、型号/规格和适用设备。,Sheet1:2640,东城角磨机
REVIEW-MAT-01639,C,medium,needs_human_review,防尘面罩,劳保用品/其他/呼吸防护,品牌: 3M；类型: 防尘面罩,个,,存在低精度或人工复核标记，需要补齐信息。,确认类型、规格、材质和安全等级。,Sheet1:2641,3M防尘面罩
REVIEW-MAT-01640,C,medium,missing_specs,防尘面罩过滤芯,劳保用品/其他/呼吸防护,品牌: 3M；适配: 防尘面罩；部件: 过滤芯,个,至少一个: 类型；规格；材质；型号,未满足当前分组的关键规格模板。,确认类型、规格、材质和安全等级。,Sheet1:2642,3M防尘面罩过滤芯
REVIEW-MAT-01641,C,medium,needs_human_review,钢制铭牌,设备备件与加工件/金属加工件/金属加工件,定制: 是；材质: 钢制,个,,存在低精度或人工复核标记，需要补齐信息。,确认型号、图号、适用设备和关键尺寸。,Sheet1:2643,定制铭牌钢制
REVIEW-MAT-01643,C,medium,specs_conflict,槽钢,金属原材料/钢材型材/钢材型材,规格: 8#,米,,存在低精度或人工复核标记，需要补齐信息。,确认材质、规格尺寸和执行标准。,Sheet1:2647,8#槽钢
REVIEW-MAT-01644,C,medium,specs_conflict,拖线板,电气与自动化/插头插座/插头插座,品牌: 公牛；线长: 3m；插位: 6位,个,,存在低精度或人工复核标记，需要补齐信息。,确认品牌、型号、电气参数和安装/连接方式。,Sheet1:2648,公牛拖线板3m6位
REVIEW-MAT-01645,C,medium,low_precision_conflict,牛筋手套,劳保用品/手部防护/手套,材质/俗称: 牛筋,付,,存在低精度或人工复核标记，需要补齐信息。,确认类型、规格、材质和安全等级。,Sheet1:2649；Sheet1:2669；Sheet1:2794,牛筋手套
REVIEW-MAT-01646,D,high,alias_conflict,抹布,行政办公与清洁/清洁用品/清洁工具耗材,类型: 抹布,kg,,存在阻塞冲突，不能自动放行。,先解决别名、单位或分组冲突，不要自动创建物料。,Sheet1:2650；Sheet1:2681；Sheet1:2728；Sheet1:2848；Sheet1:2941；Sheet1:2968；Sheet1:2982；Sheet1:3432,抹布
REVIEW-MAT-01647,C,medium,needs_human_review,蛇皮袋,包装与标识/袋箱膜包装/袋箱膜,类型: 蛇皮袋,条,,存在低精度或人工复核标记，需要补齐信息。,按默认规则补齐至少一个关键规格字段。,Sheet1:2651；Sheet1:2755；Sheet1:2881；Sheet1:3237；Sheet1:3360；Sheet1:3437；Sheet1:3649,蛇皮袋
REVIEW-MAT-01648,C,medium,needs_human_review,马夹袋,包装与标识/袋箱膜包装/袋箱膜,类型: 马夹袋,条,,存在低精度或人工复核标记，需要补齐信息。,按默认规则补齐至少一个关键规格字段。,Sheet1:2652,马夹袋
REVIEW-MAT-01649,C,medium,low_precision_conflict,三脚插头,电气与自动化/插头插座/插头插座,品牌: 公牛；类型: 三插头,个,,存在低精度或人工复核标记，需要补齐信息。,确认品牌、型号、电气参数和安装/连接方式。,Sheet1:2653,公牛三插头
REVIEW-MAT-01650,C,medium,specs_conflict,插线板,电气与自动化/插头插座/插头插座,品牌: 公牛；插位: 6位；线长: 3米,个,,存在低精度或人工复核标记，需要补齐信息。,确认品牌、型号、电气参数和安装/连接方式。,Sheet1:2654,公牛6位对插线板3米
REVIEW-MAT-01651,C,medium,specs_conflict,拖线板,电气与自动化/插头插座/插头插座,品牌: 公牛；线长: 6米,个,,存在低精度或人工复核标记，需要补齐信息。,确认品牌、型号、电气参数和安装/连接方式。,Sheet1:2655,公牛拖线板6米
REVIEW-MAT-01652,C,medium,missing_specs,螺纹灯座,电气与自动化/照明与报警/灯具,类型: 螺纹灯座,个,至少一个: 型号；规格；品牌；电流；电压；功率；位数,未满足当前分组的关键规格模板。,确认品牌、型号、电气参数和安装/连接方式。,Sheet1:2656,螺纹灯座
REVIEW-MAT-01653,C,medium,missing_specs,百叶轮,工具器具/工具耗材/切磨耗材,类型: 百叶轮,片,至少一个: 型号；规格；品牌；尺寸；适用设备,未满足当前分组的关键规格模板。,确认品牌、型号/规格和适用设备。,Sheet1:2657,百叶轮
REVIEW-MAT-01654,C,medium,missing_specs,彩条布,工程建材/其他/彩条布,宽度: 4米,m2,至少一个: 规格；型号；材质；厚度；尺寸；包装规格；强度等级,未满足当前分组的关键规格模板。,确认规格、材质/强度等级、尺寸和包装单位。,Sheet1:2658,彩条布4米
REVIEW-MAT-01655,C,medium,specs_conflict,油布,工程建材/其他/油布,尺寸: 4米*6米,m2,,存在低精度或人工复核标记，需要补齐信息。,确认规格、材质/强度等级、尺寸和包装单位。,Sheet1:2659；Sheet1:2846；Sheet1:3087,油布4米*6米
REVIEW-MAT-01656,C,medium,specs_conflict,十字螺丝刀,工具器具/手动工具/通用手动工具,品牌: 世达；类型: 十字,把,,存在低精度或人工复核标记，需要补齐信息。,确认品牌、型号/规格和适用设备。,Sheet1:2660,世达螺丝刀十字
REVIEW-MAT-01657,D,high,alias_conflict,铁丝,五金备件/其他/金属丝,规格: 14#；材质: 铁,kg,,存在阻塞冲突，不能自动放行。,先解决别名、单位或分组冲突，不要自动创建物料。,Sheet1:2661；Sheet1:2863,铁丝14#
REVIEW-MAT-01658,C,medium,missing_specs,重油污除污剂,化工油漆胶粘/油品化学品/清洗化学品,用途: 重油污；包装: 30KG,桶,至少一个: 类型；品牌；型号；包装规格；颜色,未满足当前分组的关键规格模板。,确认类型、品牌/型号、颜色和包装规格。,Sheet1:2662；Sheet1:2701；Sheet1:2743,重油污除污剂30KG
REVIEW-MAT-01659,C,medium,missing_specs,耦合剂,仪器仪表/其他/耦合剂,容量: 100mL,支,至少一个: 规格；型号；类型；材质；品牌；尺寸；长度；厚度；功率；包装规格；适用设备,未满足当前分组的关键规格模板。,按默认规则补齐至少一个关键规格字段。,Sheet1:2663,耦合剂100mL
REVIEW-MAT-01660,C,medium,missing_specs,安全绳,安全防护/高处与水域防护/高处防护,直径: Φ14,米,至少一个: 类型；规格；材质；型号,未满足当前分组的关键规格模板。,确认类型、规格、材质和安全等级。,Sheet1:2664；Sheet1:2806,安全绳Φ14
REVIEW-MAT-01661,C,medium,needs_human_review,药芯焊丝,焊接焊割/焊接耗材/焊条焊丝,品牌: 大西洋；类型: 药芯；直径: 1.2,盘,,存在低精度或人工复核标记，需要补齐信息。,确认型号、直径/规格、材质和包装。,Sheet1:2665；Sheet1:2864；Sheet1:2946；Sheet1:3468,大西洋药芯焊丝1.2
REVIEW-MAT-01662,C,medium,needs_human_review,吹尘枪,工具器具/气动工具/气动工具,品牌: 世达；类型: 吹尘枪,把,,存在低精度或人工复核标记，需要补齐信息。,确认品牌、型号/规格和适用设备。,Sheet1:2666,世达吹尘枪
REVIEW-MAT-01663,C,medium,needs_human_review,内六角螺栓,紧固件/螺纹紧固件/螺丝螺栓,强度等级: 10.9；规格: M12*100；头型: 内六角,个,,存在低精度或人工复核标记，需要补齐信息。,确认规格、材质/强度等级和单位。,Sheet1:2667,10.9级M12*100内六角螺栓
REVIEW-MAT-01664,C,medium,needs_human_review,劳动车,仓储物流/搬运设备/手推车叉车,特征: 加厚；类型: 劳动车,辆,,存在低精度或人工复核标记，需要补齐信息。,按默认规则补齐至少一个关键规格字段。,Sheet1:2668,加厚劳动车
REVIEW-MAT-01665,D,high,alias_conflict,老虎钳,工具器具/手动工具/通用手动工具,品牌: 世达；类型: 老虎钳,把,,存在阻塞冲突，不能自动放行。,先解决别名、单位或分组冲突，不要自动创建物料。,Sheet1:2670,世达老虎钳
REVIEW-MAT-01666,C,medium,needs_human_review,两用扳手,工具器具/手动工具/通用手动工具,品牌: 世达；规格: M16；类型: 梅花开口两用,把,,存在低精度或人工复核标记，需要补齐信息。,确认品牌、型号/规格和适用设备。,Sheet1:2671,世达M16梅花开口两用扳手
REVIEW-MAT-01667,C,medium,specs_conflict,不锈钢螺母,紧固件/螺纹紧固件/螺母垫圈,材质: 304；规格: M6,个,,存在低精度或人工复核标记，需要补齐信息。,确认规格、材质/强度等级和单位。,Sheet1:2672,304螺帽M6
REVIEW-MAT-01668,C,medium,needs_human_review,不锈钢加厚垫片,紧固件/螺纹紧固件/螺母垫圈,材质: 304；规格: M6；特征: 加厚,个,,存在低精度或人工复核标记，需要补齐信息。,确认规格、材质/强度等级和单位。,Sheet1:2673,304加厚垫片M6
REVIEW-MAT-01669,C,medium,specs_conflict,角钢,金属原材料/钢材型材/钢材型材,规格: 50*50,米,,存在低精度或人工复核标记，需要补齐信息。,确认材质、规格尺寸和执行标准。,Sheet1:2674；Sheet1:2798；Sheet1:2810；Sheet1:2889；Sheet1:3042,角钢50*50；角铁50*50
REVIEW-MAT-01670,C,medium,missing_specs,洗洁精,行政办公与清洁/清洁用品/清洁工具耗材,包装: 3KG,桶,至少一个: 规格；类型；品牌；包装规格,未满足当前分组的关键规格模板。,确认规格、品牌和包装单位。,Sheet1:2675；Sheet1:2898,洗洁精3KG
REVIEW-MAT-01671,C,medium,low_precision_conflict,油漆滚筒,工具器具/涂装工具/刷辊喷涂,规格: 大号,个,,存在低精度或人工复核标记，需要补齐信息。,确认品牌、型号/规格和适用设备。,Sheet1:2676；Sheet1:3060；Sheet1:3245,大号滚筒；大滚筒；滚筒大号
REVIEW-MAT-01672,C,medium,low_precision_conflict,油漆滚筒,工具器具/涂装工具/刷辊喷涂,规格: 小号,个,,存在低精度或人工复核标记，需要补齐信息。,确认品牌、型号/规格和适用设备。,Sheet1:2677,滚筒小号
REVIEW-MAT-01674,C,medium,low_precision_conflict,羊毛刷,工具器具/涂装工具/刷辊喷涂,规格: 2.5寸；材质: 羊毛,个,,存在低精度或人工复核标记，需要补齐信息。,确认品牌、型号/规格和适用设备。,Sheet1:2679,羊毛刷2.5寸
REVIEW-MAT-01675,D,high,alias_conflict,钢刷,工具器具/涂装工具/刷辊喷涂,材质: 钢丝；类型: 钢刷,个,至少一个: 型号；规格；品牌；尺寸；适用设备,存在阻塞冲突，不能自动放行。,先解决别名、单位或分组冲突，不要自动创建物料。,Sheet1:2680,钢刷
REVIEW-MAT-01676,C,medium,missing_specs,床上四件套,行政办公与清洁/生活后勤/生活用品,材质: 全棉；套件: 四件套,套,至少一个: 规格；类型；品牌；包装规格,未满足当前分组的关键规格模板。,确认规格、品牌和包装单位。,Sheet1:2685；Sheet1:2765,全棉四件套
REVIEW-MAT-01677,D,high,alias_conflict,蚕丝被,行政办公与清洁/生活后勤/生活用品,材质: 蚕丝；类型: 被子,个,,存在阻塞冲突，不能自动放行。,先解决别名、单位或分组冲突，不要自动创建物料。,Sheet1:2686,蚕丝被
REVIEW-MAT-01678,D,high,alias_conflict,床垫,行政办公与清洁/生活后勤/生活用品,类型: 床垫,床,,存在阻塞冲突，不能自动放行。,先解决别名、单位或分组冲突，不要自动创建物料。,Sheet1:2687,床垫
REVIEW-MAT-01680,C,medium,needs_human_review,氩气减压表,焊接焊割/焊割设备工具/焊机割炬,介质: 氩气；类型: 表/减压表,个,,存在低精度或人工复核标记，需要补齐信息。,确认型号、直径/规格、材质和包装。,Sheet1:2690,氩气表
REVIEW-MAT-01681,C,medium,specs_conflict,自喷漆,化工油漆胶粘/油漆涂料/涂料油漆,颜色: 天蓝色,瓶,,存在低精度或人工复核标记，需要补齐信息。,确认类型、品牌/型号、颜色和包装规格。,Sheet1:2691；Sheet1:2719,天蓝色自喷漆
REVIEW-MAT-01682,C,medium,specs_conflict,自喷漆,化工油漆胶粘/油漆涂料/涂料油漆,颜色: 黑色,瓶,,存在低精度或人工复核标记，需要补齐信息。,确认类型、品牌/型号、颜色和包装规格。,Sheet1:2692,黑色自喷漆
REVIEW-MAT-01683,C,medium,specs_conflict,竹扫把,行政办公与清洁/清洁用品/清洁工具耗材,材质: 竹；类型: 扫把,把,,存在低精度或人工复核标记，需要补齐信息。,确认规格、品牌和包装单位。,Sheet1:2693；Sheet1:3058；Sheet1:3403,竹扫把
REVIEW-MAT-01684,C,medium,missing_specs,螺纹规,工具器具/量具测量/量具测量,类型: 牙规/螺纹规,套,至少一个: 型号；规格；品牌；尺寸；适用设备,未满足当前分组的关键规格模板。,确认品牌、型号/规格和适用设备。,Sheet1:2698,牙规
REVIEW-MAT-01685,C,medium,missing_specs,不锈钢漏斗,行政办公与清洁/生活后勤/生活用品,材质: 316；口径: 18cm,个,至少一个: 规格；类型；品牌；包装规格,未满足当前分组的关键规格模板。,确认规格、品牌和包装单位。,Sheet1:2700,316漏斗18cm
REVIEW-MAT-01686,C,medium,specs_conflict,油管护套,液压气动/液压管路/高压胶管,螺纹/规格: M20*1.5,个,,存在低精度或人工复核标记，需要补齐信息。,按默认规则补齐至少一个关键规格字段。,Sheet1:2702,油管护套M20*1.5
REVIEW-MAT-01687,C,medium,specs_conflict,油管护套,液压气动/液压管路/高压胶管,螺纹/规格: M48*2,个,,存在低精度或人工复核标记，需要补齐信息。,按默认规则补齐至少一个关键规格字段。,Sheet1:2703,油管护套M48*2
REVIEW-MAT-01688,C,medium,specs_conflict,油管护套,液压气动/液压管路/高压胶管,螺纹/规格: M36*2,个,,存在低精度或人工复核标记，需要补齐信息。,按默认规则补齐至少一个关键规格字段。,Sheet1:2704,油管护套M36*2
REVIEW-MAT-01689,C,medium,specs_conflict,油管护套,液压气动/液压管路/高压胶管,螺纹/规格: M42*4,个,,存在低精度或人工复核标记，需要补齐信息。,按默认规则补齐至少一个关键规格字段。,Sheet1:2705,油管护套M42*4
REVIEW-MAT-01690,C,medium,specs_conflict,油管护套,液压气动/液压管路/高压胶管,螺纹/规格: M52*2,个,,存在低精度或人工复核标记，需要补齐信息。,按默认规则补齐至少一个关键规格字段。,Sheet1:2706,油管护套M52*2
REVIEW-MAT-01691,C,medium,specs_conflict,油管护套,液压气动/液压管路/高压胶管,螺纹/规格: M16*1,个,,存在低精度或人工复核标记，需要补齐信息。,按默认规则补齐至少一个关键规格字段。,Sheet1:2707,油管护套M16*1
REVIEW-MAT-01692,C,medium,missing_specs,铭牌,设备备件与加工件/金属加工件/金属加工件,定制: 是；尺寸: 70*40,个,至少一个: 型号；规格；图号；适用设备；材质,未满足当前分组的关键规格模板。,确认型号、图号、适用设备和关键尺寸。,Sheet1:2708,订制铭牌70*40
REVIEW-MAT-01693,D,high,alias_conflict,高粱扫把,行政办公与清洁/清洁用品/清洁工具耗材,材质: 高粱；类型: 扫把,把,,存在阻塞冲突，不能自动放行。,先解决别名、单位或分组冲突，不要自动创建物料。,Sheet1:2709；Sheet1:3072；Sheet1:3435,高粱扫把
REVIEW-MAT-01694,D,high,alias_conflict,钢丝球,行政办公与清洁/清洁用品/清洁工具耗材,类型: 钢丝球,个,,存在阻塞冲突，不能自动放行。,先解决别名、单位或分组冲突，不要自动创建物料。,Sheet1:2712,钢丝球
REVIEW-MAT-01695,C,medium,low_precision_conflict,油漆,化工油漆胶粘/油漆涂料/涂料油漆,品牌: 立邦；颜色: 蓝色；包装: 18kg,桶,,存在低精度或人工复核标记，需要补齐信息。,确认类型、品牌/型号、颜色和包装规格。,Sheet1:2715,立邦蓝色油漆18kg
REVIEW-MAT-01697,D,high,alias_conflict,钢刷,工具器具/涂装工具/刷辊喷涂,材质: 钢丝；类型: 钢刷,把,至少一个: 型号；规格；品牌；尺寸；适用设备,存在阻塞冲突，不能自动放行。,先解决别名、单位或分组冲突，不要自动创建物料。,Sheet1:2717,钢刷
REVIEW-MAT-01698,C,medium,specs_conflict,自喷漆,化工油漆胶粘/油漆涂料/涂料油漆,颜色: 葱绿色,瓶,,存在低精度或人工复核标记，需要补齐信息。,确认类型、品牌/型号、颜色和包装规格。,Sheet1:2718,葱绿色自喷漆
REVIEW-MAT-01699,C,medium,specs_conflict,橡胶垫片,密封件/垫片盘根/垫片盘根,材质: 橡胶；规格: 200,个,,存在低精度或人工复核标记，需要补齐信息。,确认型号、图号、适用设备和关键尺寸。,Sheet1:2720,橡胶垫片200
REVIEW-MAT-01700,C,medium,specs_conflict,电缆,电气与自动化/电线电缆与敷设/电线电缆,品牌: 起帆；规格: 3*1.5+1,米,,存在低精度或人工复核标记，需要补齐信息。,确认品牌、型号、电气参数和安装/连接方式。,Sheet1:2721；Sheet1:3515,起帆电缆3*1.5+1；起帆电缆线3*1.5+1
REVIEW-MAT-01701,C,medium,needs_human_review,橡胶平板输送带,仓储物流/其他/输送带,材质: 橡胶；宽度: 1m；厚度: 10mm,个,,存在低精度或人工复核标记，需要补齐信息。,按默认规则补齐至少一个关键规格字段。,Sheet1:2722,橡胶平板输送带1m*10mm
REVIEW-MAT-01702,C,medium,missing_specs,铲刀,工具器具/手动工具/通用手动工具,类型: 铲刀,把,至少一个: 型号；规格；品牌；尺寸；适用设备,未满足当前分组的关键规格模板。,确认品牌、型号/规格和适用设备。,Sheet1:2723,铲刀
REVIEW-MAT-01704,C,medium,low_precision_conflict,油漆,化工油漆胶粘/油漆涂料/涂料油漆,品牌: 立邦；颜色: 中黄；包装: 18KG,桶,,存在低精度或人工复核标记，需要补齐信息。,确认类型、品牌/型号、颜色和包装规格。,Sheet1:2726,立邦中黄油漆18KG
REVIEW-MAT-01705,C,medium,low_precision_conflict,不锈钢挂锁,五金备件/门锁锁具/门锁锁具,规格: 40；材质: 不锈钢；类型: 通用挂锁,把,,存在低精度或人工复核标记，需要补齐信息。,按默认规则补齐至少一个关键规格字段。,Sheet1:2727,40不锈钢通用挂锁
REVIEW-MAT-01706,C,medium,specs_conflict,自喷漆,化工油漆胶粘/油漆涂料/涂料油漆,颜色: 白色,瓶,,存在低精度或人工复核标记，需要补齐信息。,确认类型、品牌/型号、颜色和包装规格。,Sheet1:2729；Sheet1:3021；Sheet1:3038；Sheet1:3228；Sheet1:3246,白色自喷漆
REVIEW-MAT-01707,C,medium,specs_conflict,自喷漆,化工油漆胶粘/油漆涂料/涂料油漆,颜色: 中灰色,瓶,,存在低精度或人工复核标记，需要补齐信息。,确认类型、品牌/型号、颜色和包装规格。,Sheet1:2730,中灰色自喷漆
REVIEW-MAT-01708,C,medium,missing_specs,彩条布,工程建材/其他/彩条布,类型: 彩条布,m2,至少一个: 规格；型号；材质；厚度；尺寸；包装规格；强度等级,未满足当前分组的关键规格模板。,确认规格、材质/强度等级、尺寸和包装单位。,Sheet1:2731,彩条布
REVIEW-MAT-01709,C,medium,needs_human_review,锂电角磨机套装,工具器具/电动工具/电钻角磨机,品牌: 东成；供电: 锂电；配置: 二电一充,台,,存在低精度或人工复核标记，需要补齐信息。,确认品牌、型号/规格和适用设备。,Sheet1:2732；Sheet1:3124,东成锂电角磨机二电一充
REVIEW-MAT-01710,C,medium,specs_conflict,PPR堵头,管道管件/塑料管件/PPR管件,材质: PPR；规格: 4分；类型: 堵头,个,,存在低精度或人工复核标记，需要补齐信息。,确认材质、口径/规格、连接方式和类型。,Sheet1:2733,PPR4分堵头
REVIEW-MAT-01711,C,medium,specs_conflict,PPR堵头,管道管件/塑料管件/PPR管件,材质: PPR；规格: 6分；类型: 堵头,个,,存在低精度或人工复核标记，需要补齐信息。,确认材质、口径/规格、连接方式和类型。,Sheet1:2734,PPR6分堵头
REVIEW-MAT-01712,C,medium,specs_conflict,PPR闷头,管道管件/塑料管件/PPR管件,材质: PPR；规格: 20mm；类型: 闷头/堵头,个,,存在低精度或人工复核标记，需要补齐信息。,确认材质、口径/规格、连接方式和类型。,Sheet1:2735,PPR20mm闷头
REVIEW-MAT-01713,C,medium,specs_conflict,PPR闷头,管道管件/塑料管件/PPR管件,材质: PPR；规格: 25mm；类型: 闷头/堵头,个,,存在低精度或人工复核标记，需要补齐信息。,确认材质、口径/规格、连接方式和类型。,Sheet1:2736,PPR25mm闷头
REVIEW-MAT-01714,C,medium,missing_specs,PPR管剪,工具器具/其他/管道工具,用途: PPR管剪切,把,至少一个: 型号；规格；品牌；尺寸；适用设备,未满足当前分组的关键规格模板。,确认品牌、型号/规格和适用设备。,Sheet1:2737,PPR剪刀
REVIEW-MAT-01715,C,medium,low_precision_conflict,花纹钢板,金属原材料/钢材型材/钢材型材,尺寸: 6m*1.26m；厚度: 6mm；表面: 花纹,张,,存在低精度或人工复核标记，需要补齐信息。,确认材质、规格尺寸和执行标准。,Sheet1:2739,花纹钢板6m*1.26m*6mm
REVIEW-MAT-01716,C,medium,missing_specs,镂空数字漆模,工具器具/涂装工具/刷辊喷涂,字符: 0-9；类型: 镂空数字模板,套,至少一个: 型号；规格；品牌；尺寸；适用设备,未满足当前分组的关键规格模板。,确认品牌、型号/规格和适用设备。,Sheet1:2741,镂空数字漆模0-9
REVIEW-MAT-01717,C,medium,needs_human_review,钢销,紧固件/其他/销,直径: 14mm；长度: 1m；材质: 钢,根,,存在低精度或人工复核标记，需要补齐信息。,确认规格、材质/强度等级和单位。,Sheet1:2742,钢销14mm*1m
REVIEW-MAT-01718,C,medium,needs_human_review,PVC线槽,电气与自动化/电线电缆与敷设/电缆附件,品牌: 公牛；材质: PVC；规格: 25mm,米,,存在低精度或人工复核标记，需要补齐信息。,确认品牌、型号、电气参数和安装/连接方式。,Sheet1:2744,公牛PVC线槽25mm
REVIEW-MAT-01719,C,medium,needs_human_review,明装五孔插座,电气与自动化/插头插座/插头插座,品牌: 公牛；安装: 明装；类型: 五孔,套,,存在低精度或人工复核标记，需要补齐信息。,确认品牌、型号、电气参数和安装/连接方式。,Sheet1:2746,公牛明装五孔插座
REVIEW-MAT-01720,C,medium,needs_human_review,钢钉,紧固件/其他/钉,长度: 25mm；材质: 钢,盒,,存在低精度或人工复核标记，需要补齐信息。,确认规格、材质/强度等级和单位。,Sheet1:2748,钢钉25mm
REVIEW-MAT-01721,C,medium,missing_specs,吊包,吊装索具/其他/吊包,额定载荷: 1吨,个,至少一个: 规格；型号；类型；材质；品牌；尺寸；长度；厚度；功率；包装规格；适用设备,未满足当前分组的关键规格模板。,按默认规则补齐至少一个关键规格字段。,Sheet1:2749,吊包1吨
REVIEW-MAT-01722,C,medium,needs_human_review,棉纱口罩,劳保用品/其他/呼吸防护,材质: 棉纱；类型: 口罩,个,,存在低精度或人工复核标记，需要补齐信息。,确认类型、规格、材质和安全等级。,Sheet1:2750,棉纱口罩
REVIEW-MAT-01723,D,high,alias_conflict,一次性口罩,劳保用品/其他/呼吸防护,类型: 一次性口罩,个,,存在阻塞冲突，不能自动放行。,先解决别名、单位或分组冲突，不要自动创建物料。,Sheet1:2751；Sheet1:2887,一次性口罩
REVIEW-MAT-01724,D,high,alias_conflict,自喷漆,化工油漆胶粘/油漆涂料/涂料油漆,颜色: 红色,瓶,,存在阻塞冲突，不能自动放行。,先解决别名、单位或分组冲突，不要自动创建物料。,Sheet1:2752,红色自喷漆
REVIEW-MAT-01725,C,medium,needs_human_review,棉拖把,行政办公与清洁/清洁用品/清洁工具耗材,材质: 棉；类型: 拖把,个,,存在低精度或人工复核标记，需要补齐信息。,确认规格、品牌和包装单位。,Sheet1:2753,棉拖把
REVIEW-MAT-01726,C,medium,missing_specs,电箱锁,电气与自动化/其他/配电箱配件,用途: 电箱；类型: 锁,套,至少一个: 型号；规格；品牌；电流；电压；功率；位数,未满足当前分组的关键规格模板。,确认品牌、型号、电气参数和安装/连接方式。,Sheet1:2754；Sheet1:2834,电箱锁
REVIEW-MAT-01728,D,high,alias_conflict,创可贴,劳保用品/其他/急救用品,类型: 创可贴,盒,,存在阻塞冲突，不能自动放行。,先解决别名、单位或分组冲突，不要自动创建物料。,Sheet1:2759；Sheet1:3267,创可贴
REVIEW-MAT-01729,C,medium,low_precision_conflict,透明胶带,包装与标识/胶带标签/胶带,品牌: 3M；颜色: 透明,卷,,存在低精度或人工复核标记，需要补齐信息。,按默认规则补齐至少一个关键规格字段。,Sheet1:2760,3M透明胶带
REVIEW-MAT-01730,C,medium,specs_conflict,万向脚轮,仓储物流/搬运设备/手推车叉车,类型: 万向轮,个,,存在低精度或人工复核标记，需要补齐信息。,按默认规则补齐至少一个关键规格字段。,Sheet1:2761,万向轮
REVIEW-MAT-01731,C,medium,specs_conflict,钢卷尺,工具器具/量具测量/量具测量,品牌: 雄狮；长度: 100m；材质: 钢,个,,存在低精度或人工复核标记，需要补齐信息。,确认品牌、型号/规格和适用设备。,Sheet1:2762,雄狮钢卷尺100m
REVIEW-MAT-01732,C,medium,missing_specs,墨斗,工具器具/量具测量/量具测量,类型: 墨斗,个,至少一个: 型号；规格；品牌；尺寸；适用设备,未满足当前分组的关键规格模板。,确认品牌、型号/规格和适用设备。,Sheet1:2763,墨斗
REVIEW-MAT-01733,D,high,alias_conflict,蚕丝被,行政办公与清洁/生活后勤/生活用品,材质: 蚕丝；类型: 被子,套,,存在阻塞冲突，不能自动放行。,先解决别名、单位或分组冲突，不要自动创建物料。,Sheet1:2766,蚕丝被
REVIEW-MAT-01735,C,medium,needs_human_review,牙刷,行政办公与清洁/生活后勤/生活用品,类型: 牙刷,支,,存在低精度或人工复核标记，需要补齐信息。,确认规格、品牌和包装单位。,Sheet1:2770,牙刷
REVIEW-MAT-01736,C,medium,needs_human_review,牙膏,行政办公与清洁/生活后勤/生活用品,类型: 牙膏,支,,存在低精度或人工复核标记，需要补齐信息。,确认规格、品牌和包装单位。,Sheet1:2771,牙膏
REVIEW-MAT-01737,C,medium,needs_human_review,漱口杯,行政办公与清洁/生活后勤/生活用品,类型: 漱口杯,个,,存在低精度或人工复核标记，需要补齐信息。,确认规格、品牌和包装单位。,Sheet1:2772,漱口杯
REVIEW-MAT-01738,C,medium,needs_human_review,洗发露,行政办公与清洁/生活后勤/生活用品,品牌: 海飞丝；类型: 洗发露,瓶,,存在低精度或人工复核标记，需要补齐信息。,确认规格、品牌和包装单位。,Sheet1:2773,海飞丝洗发露
REVIEW-MAT-01739,C,medium,needs_human_review,沐浴露,行政办公与清洁/生活后勤/生活用品,类型: 沐浴露,瓶,,存在低精度或人工复核标记，需要补齐信息。,确认规格、品牌和包装单位。,Sheet1:2774,沐浴露
REVIEW-MAT-01740,C,medium,needs_human_review,拖鞋,行政办公与清洁/生活后勤/生活用品,类型: 拖鞋,双,,存在低精度或人工复核标记，需要补齐信息。,确认规格、品牌和包装单位。,Sheet1:2775,拖鞋
REVIEW-MAT-01741,C,medium,needs_human_review,洗脸盆,行政办公与清洁/生活后勤/生活用品,类型: 洗脸盆,个,,存在低精度或人工复核标记，需要补齐信息。,确认规格、品牌和包装单位。,Sheet1:2776,洗脸盆
REVIEW-MAT-01742,C,medium,needs_human_review,管箍,管道管件/其他/管箍,规格: 4寸；类型: 管箍,个,,存在低精度或人工复核标记，需要补齐信息。,确认材质、口径/规格、连接方式和类型。,Sheet1:2778,4寸管箍
REVIEW-MAT-01743,C,medium,specs_conflict,合金两半扣,液压气动/其他/管路扣件,材质: 合金；规格: DN100；类型: 两半扣,套,,存在低精度或人工复核标记，需要补齐信息。,按默认规则补齐至少一个关键规格字段。,Sheet1:2780,合金两半扣DN100
REVIEW-MAT-01744,C,medium,specs_conflict,PET条码不干胶标签,包装与标识/胶带标签/标签碳带,材质: 哑银PET；尺寸: 40mm*25mm；每卷: 1200张,卷,,存在低精度或人工复核标记，需要补齐信息。,按默认规则补齐至少一个关键规格字段。,Sheet1:2781,哑银pet条码不干胶贴纸40mm*25mm*1200张
REVIEW-MAT-01745,C,medium,specs_conflict,PET条码不干胶标签,包装与标识/胶带标签/标签碳带,材质: 哑银PET；尺寸: 30mm*10mm；每卷: 5000张,卷,,存在低精度或人工复核标记，需要补齐信息。,按默认规则补齐至少一个关键规格字段。,Sheet1:2782,哑银pet条码不干胶贴纸30mm*10mm*5000张
REVIEW-MAT-01746,C,medium,needs_human_review,全树脂基碳带,包装与标识/胶带标签/标签碳带,进口: 是；类型: 全树脂基；宽度: 90mm；长度: 300米,卷,,存在低精度或人工复核标记，需要补齐信息。,按默认规则补齐至少一个关键规格字段。,Sheet1:2783,进口全树脂基碳带90mm*300米
REVIEW-MAT-01747,C,medium,specs_conflict,五孔插座面板,电气与自动化/插头插座/插头插座,品牌: 公牛；类型: 五孔插座面板,个,,存在低精度或人工复核标记，需要补齐信息。,确认品牌、型号、电气参数和安装/连接方式。,Sheet1:2784,公牛五孔插座面板
REVIEW-MAT-01748,C,medium,specs_conflict,电缆,电气与自动化/电线电缆与敷设/电线电缆,品牌: 起帆；规格: 4*2.5,米,,存在低精度或人工复核标记，需要补齐信息。,确认品牌、型号、电气参数和安装/连接方式。,Sheet1:2785,起帆电缆4*2.5
REVIEW-MAT-01749,C,medium,low_precision_conflict,卷尺,工具器具/量具测量/量具测量,品牌: 得力；长度: 10m,把,,存在低精度或人工复核标记，需要补齐信息。,确认品牌、型号/规格和适用设备。,Sheet1:2787,得力卷尺10m
REVIEW-MAT-01750,C,medium,low_precision_conflict,卷尺,工具器具/量具测量/量具测量,品牌: 得力；长度: 5m,把,,存在低精度或人工复核标记，需要补齐信息。,确认品牌、型号/规格和适用设备。,Sheet1:2788,得力卷尺5m
REVIEW-MAT-01751,C,medium,specs_conflict,LED灯泡,电气与自动化/照明与报警/灯具,品牌: 飞利浦；功率: 40W,个,,存在低精度或人工复核标记，需要补齐信息。,确认品牌、型号、电气参数和安装/连接方式。,Sheet1:2789,飞利浦led灯泡40W
REVIEW-MAT-01752,C,medium,specs_conflict,LED灯泡,电气与自动化/照明与报警/灯具,品牌: 飞利浦；功率: 50W,个,,存在低精度或人工复核标记，需要补齐信息。,确认品牌、型号、电气参数和安装/连接方式。,Sheet1:2790；Sheet1:2886,飞利浦LED灯泡50W；飞利浦led灯泡50W
REVIEW-MAT-01753,C,medium,missing_specs,灯座,电气与自动化/照明与报警/灯具,类型: 灯座,个,至少一个: 型号；规格；品牌；电流；电压；功率；位数,未满足当前分组的关键规格模板。,确认品牌、型号、电气参数和安装/连接方式。,Sheet1:2791,灯座
REVIEW-MAT-01754,D,high,alias_conflict,尼龙扎带,电气与自动化/其他/扎带,规格: 10*500,包,,存在阻塞冲突，不能自动放行。,先解决别名、单位或分组冲突，不要自动创建物料。,Sheet1:2792；Sheet1:2861；Sheet1:2925；Sheet1:3182；Sheet1:3220,扎带10*500
REVIEW-MAT-01755,C,medium,missing_specs,焊工眼镜,劳保用品/其他/眼面防护,用途: 焊工防护,付,至少一个: 类型；规格；材质；型号,未满足当前分组的关键规格模板。,确认类型、规格、材质和安全等级。,Sheet1:2795,焊工眼镜
REVIEW-MAT-01756,C,medium,needs_human_review,铝合金组合枪头,工程建材/保温防水/防水堵漏,材质: 铝合金；规格: Φ100变65；类型: 组合枪头,套,,存在低精度或人工复核标记，需要补齐信息。,确认规格、材质/强度等级、尺寸和包装单位。,Sheet1:2796,铝合金Φ100变65组合枪头
REVIEW-MAT-01757,C,medium,needs_human_review,LED塔灯,电气与自动化/照明与报警/灯具,品牌: 欧普；类型: LED塔灯；电压: 380V；功率: 1KW,台,,存在低精度或人工复核标记，需要补齐信息。,确认品牌、型号、电气参数和安装/连接方式。,Sheet1:2797,欧普LED380V-1KW塔灯
REVIEW-MAT-01758,C,medium,low_precision_conflict,花纹钢板,金属原材料/钢材型材/钢材型材,尺寸: 6m*1.51m；厚度: 5.25mm；表面: 花纹,张,,存在低精度或人工复核标记，需要补齐信息。,确认材质、规格尺寸和执行标准。,Sheet1:2799；Sheet1:2911,花纹钢板6m*1.51m*5.25mm
REVIEW-MAT-01759,C,medium,needs_human_review,钢板镂空字体,设备备件与加工件/金属加工件/金属加工件,工艺: 线切割；材质: 钢板；字符: 01-50；原始: 漏空,套,,存在低精度或人工复核标记，需要补齐信息。,确认型号、图号、适用设备和关键尺寸。,Sheet1:2800,线切割钢板漏空字体01-50
REVIEW-MAT-01760,C,medium,needs_human_review,不锈钢镂空标识字牌,设备备件与加工件/金属加工件/金属加工件,定制: 是；材质: 不锈钢；原始: 漏空；类型: 标识字牌,个,,存在低精度或人工复核标记，需要补齐信息。,确认型号、图号、适用设备和关键尺寸。,Sheet1:2802；Sheet1:2891,订制不锈钢漏空标识字牌
REVIEW-MAT-01761,C,medium,needs_human_review,阻燃地板革,工程建材/其他/地板革,特性: 阻燃；尺寸: 6m*2.5m,m2,,存在低精度或人工复核标记，需要补齐信息。,确认规格、材质/强度等级、尺寸和包装单位。,Sheet1:2804,阻燃地板革6m*2.5m
REVIEW-MAT-01762,C,medium,needs_human_review,双面胶带,包装与标识/胶带标签/胶带,品牌: 3M；宽度: 35mm,卷,,存在低精度或人工复核标记，需要补齐信息。,按默认规则补齐至少一个关键规格字段。,Sheet1:2805,3M双面胶35mm宽
REVIEW-MAT-01763,C,medium,missing_specs,垃圾袋,行政办公与清洁/清洁用品/清洁工具耗材,尺寸: 1.2m*1.4m,条,至少一个: 规格；类型；品牌；包装规格,未满足当前分组的关键规格模板。,确认规格、品牌和包装单位。,Sheet1:2807；Sheet1:3096；Sheet1:3412,垃圾袋1.2m*1.4m
REVIEW-MAT-01764,D,high,alias_conflict,乙炔减压表,焊接焊割/焊割设备工具/焊机割炬,介质: 乙炔；类型: 表/减压表,个,,存在阻塞冲突，不能自动放行。,先解决别名、单位或分组冲突，不要自动创建物料。,Sheet1:2808,乙炔表
REVIEW-MAT-01765,C,medium,specs_conflict,无缝钢管,金属原材料/钢材型材/钢材型材,外径: 325；壁厚: 12mm；长度: 6米,根,,存在低精度或人工复核标记，需要补齐信息。,确认材质、规格尺寸和执行标准。,Sheet1:2809,无缝管325*12mm*6米
REVIEW-MAT-01766,C,medium,specs_conflict,油布,工程建材/其他/油布,尺寸: 10m*8.5m,m2,,存在低精度或人工复核标记，需要补齐信息。,确认规格、材质/强度等级、尺寸和包装单位。,Sheet1:2811,油布10m*8.5m
REVIEW-MAT-01767,C,medium,missing_specs,货号牌,设备备件与加工件/金属加工件/金属加工件,定制: 是；用途: 货号标识,个,至少一个: 型号；规格；图号；适用设备；材质,未满足当前分组的关键规格模板。,确认型号、图号、适用设备和关键尺寸。,Sheet1:2812,订制货号牌
REVIEW-MAT-01768,C,medium,needs_human_review,吊车垫块,吊装索具/其他/支垫件,用途: 吊车；载荷: 大吨位；尺寸: 500*500*60mm,块,,存在低精度或人工复核标记，需要补齐信息。,按默认规则补齐至少一个关键规格字段。,Sheet1:2813,吊车用大吨位垫块500*500*60mm
REVIEW-MAT-01769,D,high,alias_conflict,聚氨酯堵漏剂,化工油漆胶粘/其他/堵漏材料,材料: 聚氨酯；用途: 堵漏；包装: 20KG,桶,至少一个: 类型；品牌；型号；包装规格；颜色,存在阻塞冲突，不能自动放行。,先解决别名、单位或分组冲突，不要自动创建物料。,Sheet1:2818,聚氨酯堵漏剂20KG
REVIEW-MAT-01770,C,medium,missing_specs,注浆止水针头,工程建材/保温防水/防水堵漏,用途: 高压注浆止水；长度: 150mm,支,至少一个: 规格；型号；材质；厚度；尺寸；包装规格；强度等级,未满足当前分组的关键规格模板。,确认规格、材质/强度等级、尺寸和包装单位。,Sheet1:2820,高压注浆止水针头150mm
REVIEW-MAT-01771,C,medium,missing_specs,注浆止水针头,工程建材/保温防水/防水堵漏,用途: 高压注浆止水；长度: 100mm,支,至少一个: 规格；型号；材质；厚度；尺寸；包装规格；强度等级,未满足当前分组的关键规格模板。,确认规格、材质/强度等级、尺寸和包装单位。,Sheet1:2821,高压注浆止水针头100mm
REVIEW-MAT-01772,C,medium,needs_human_review,不锈钢户外电箱,设备备件与加工件/金属加工件/金属加工件,定制: 是；材质: 不锈钢；环境: 户外；适配功率: 7.5KW,台,,存在低精度或人工复核标记，需要补齐信息。,确认型号、图号、适用设备和关键尺寸。,Sheet1:2822,订制不锈钢户外电箱7.5KW
REVIEW-MAT-01773,C,medium,needs_human_review,数显电笔,工具器具/其他/电工工具,品牌: 世达；类型: 数显电笔,支,,存在低精度或人工复核标记，需要补齐信息。,确认品牌、型号/规格和适用设备。,Sheet1:2823,世达数显电笔
REVIEW-MAT-01774,C,medium,missing_specs,钢直尺,工具器具/量具测量/量具测量,长度: 200mm；材质: 钢,把,至少一个: 型号；规格；品牌；尺寸；适用设备,未满足当前分组的关键规格模板。,确认品牌、型号/规格和适用设备。,Sheet1:2824,200mm钢直尺
REVIEW-MAT-01775,C,medium,specs_conflict,镀锌内丝直接,管道管件/金属管件/镀锌管件,规格: 4寸；表面: 镀锌；连接: 内丝；类型: 直接,个,,存在低精度或人工复核标记，需要补齐信息。,确认材质、口径/规格、连接方式和类型。,Sheet1:2825,4寸镀锌内丝直接
REVIEW-MAT-01776,C,medium,specs_conflict,镀锌内丝直接,管道管件/金属管件/镀锌管件,规格: 3寸；表面: 镀锌；连接: 内丝；类型: 直接 || 表面: 镀锌；连接: 内丝；规格: 3寸；类型: 直接,个,,存在低精度或人工复核标记，需要补齐信息。,确认材质、口径/规格、连接方式和类型。,Sheet1:2826；Sheet1:3118,3寸镀锌内丝直接；镀锌内丝直接头3寸
REVIEW-MAT-01777,C,medium,missing_specs,抹子,工具器具/其他/抹灰工具,类型: 抹子,把,至少一个: 型号；规格；品牌；尺寸；适用设备,未满足当前分组的关键规格模板。,确认品牌、型号/规格和适用设备。,Sheet1:2827,抹子
REVIEW-MAT-01778,C,medium,specs_conflict,垃圾桶,行政办公与清洁/清洁用品/清洁工具耗材,类型: 垃圾桶,个,,存在低精度或人工复核标记，需要补齐信息。,确认规格、品牌和包装单位。,Sheet1:2828,垃圾桶
REVIEW-MAT-01779,C,medium,specs_conflict,防锈漆,化工油漆胶粘/油漆涂料/涂料油漆,品牌: 立邦；颜色: 中灰；包装: 18KG,桶,,存在低精度或人工复核标记，需要补齐信息。,确认类型、品牌/型号、颜色和包装规格。,Sheet1:2830,立邦中灰防锈漆18KG
REVIEW-MAT-01780,C,medium,missing_specs,电箱提手,电气与自动化/其他/配电箱配件,用途: 电箱；部件: 提手,个,至少一个: 型号；规格；品牌；电流；电压；功率；位数,未满足当前分组的关键规格模板。,确认品牌、型号、电气参数和安装/连接方式。,Sheet1:2835,电箱提手
REVIEW-MAT-01781,C,medium,low_precision_conflict,油漆,化工油漆胶粘/油漆涂料/涂料油漆,品牌: 立邦；颜色: 桔黄色；包装: 18kg,桶,,存在低精度或人工复核标记，需要补齐信息。,确认类型、品牌/型号、颜色和包装规格。,Sheet1:2837,立邦桔黄色油漆18kg
REVIEW-MAT-01782,C,medium,missing_specs,电焊钳,焊接焊割/焊割设备工具/焊机割炬,额定电流: 600A,把,至少一个: 型号；规格；直径；材质；类型,未满足当前分组的关键规格模板。,确认型号、直径/规格、材质和包装。,Sheet1:2839,电焊钳600A
REVIEW-MAT-01783,C,medium,needs_human_review,O型圈,密封件/橡胶密封/O型圈油封,规格: 63*5,个,,存在低精度或人工复核标记，需要补齐信息。,确认型号、图号、适用设备和关键尺寸。,Sheet1:2843,O型圈63*5
REVIEW-MAT-01784,C,medium,missing_specs,卸扣,吊装索具/吊装连接件/卸扣吊钩,额定载荷: 6.5T,个,至少一个: 规格；型号；类型；材质；品牌；尺寸；长度；厚度；功率；包装规格；适用设备,未满足当前分组的关键规格模板。,按默认规则补齐至少一个关键规格字段。,Sheet1:2851,卸扣6.5T
REVIEW-MAT-01785,D,high,alias_conflict,黄砂,工程建材/水泥砂石/水泥砂石,类型: 黄砂,吨,至少一个: 规格；型号；材质；厚度；尺寸；包装规格；强度等级,存在阻塞冲突，不能自动放行。,先解决别名、单位或分组冲突，不要自动创建物料。,Sheet1:2853；Sheet1:3161；Sheet1:3445,黄砂
REVIEW-MAT-01786,D,high,alias_conflict,普通硅酸盐水泥,工程建材/水泥砂石/水泥砂石,品牌: 海螺；强度等级: 42.5,包,,存在阻塞冲突，不能自动放行。,先解决别名、单位或分组冲突，不要自动创建物料。,Sheet1:2854；Sheet1:3361；Sheet1:3444,海螺42.5水泥
REVIEW-MAT-01787,C,medium,needs_human_review,斜口钳,工具器具/手动工具/通用手动工具,品牌: 世达；类型: 斜口钳,把,,存在低精度或人工复核标记，需要补齐信息。,确认品牌、型号/规格和适用设备。,Sheet1:2855；Sheet1:3017,世达斜口钳
REVIEW-MAT-01788,C,medium,missing_specs,砂纸,工具器具/工具耗材/切磨耗材,粒度: 240#,张,至少一个: 型号；规格；品牌；尺寸；适用设备,未满足当前分组的关键规格模板。,确认品牌、型号/规格和适用设备。,Sheet1:2856,240#砂纸
REVIEW-MAT-01789,C,medium,missing_specs,砂纸,工具器具/工具耗材/切磨耗材,粒度: 80#,张,至少一个: 型号；规格；品牌；尺寸；适用设备,未满足当前分组的关键规格模板。,确认品牌、型号/规格和适用设备。,Sheet1:2857,80#砂纸
REVIEW-MAT-01790,C,medium,needs_human_review,十字批头套装,工具器具/手动工具/通用手动工具,品牌: 世达；类型: 十字批头；配置: 套装,套,,存在低精度或人工复核标记，需要补齐信息。,确认品牌、型号/规格和适用设备。,Sheet1:2858,世达十字批头套装
REVIEW-MAT-01791,C,medium,specs_conflict,吊装带,吊装索具/吊带索具/吊带,额定载荷: 5T；长度: 6m,根,,存在低精度或人工复核标记，需要补齐信息。,按默认规则补齐至少一个关键规格字段。,Sheet1:2859；Sheet1:3088；Sheet1:3395；Sheet1:3406,吊带5T*6m
REVIEW-MAT-01792,C,medium,specs_conflict,吊装带,吊装索具/吊带索具/吊带,额定载荷: 5T；长度: 3m,根,,存在低精度或人工复核标记，需要补齐信息。,按默认规则补齐至少一个关键规格字段。,Sheet1:2860,吊带5T*3m
REVIEW-MAT-01793,D,high,alias_conflict,尼龙扎带,电气与自动化/其他/扎带,规格: 10*400,包,,存在阻塞冲突，不能自动放行。,先解决别名、单位或分组冲突，不要自动创建物料。,Sheet1:2862,扎带10*400
REVIEW-MAT-01794,C,medium,needs_human_review,焊枪线缆套装,焊接焊割/焊割设备工具/焊机割炬,型号: 500型；线长: 5米；包含: 焊枪,套,,存在低精度或人工复核标记，需要补齐信息。,确认型号、直径/规格、材质和包装。,Sheet1:2866,500型5米线带焊枪
REVIEW-MAT-01795,C,medium,missing_specs,卸扣,吊装索具/吊装连接件/卸扣吊钩,额定载荷: 25T,个,至少一个: 规格；型号；类型；材质；品牌；尺寸；长度；厚度；功率；包装规格；适用设备,未满足当前分组的关键规格模板。,按默认规则补齐至少一个关键规格字段。,Sheet1:2867,卸扣25T
REVIEW-MAT-01799,C,medium,missing_specs,卸扣,吊装索具/吊装连接件/卸扣吊钩,额定载荷: 17T,个,至少一个: 规格；型号；类型；材质；品牌；尺寸；长度；厚度；功率；包装规格；适用设备,未满足当前分组的关键规格模板。,按默认规则补齐至少一个关键规格字段。,Sheet1:2871,卸扣17T
REVIEW-MAT-01800,C,medium,specs_conflict,PVC管,管道管件/塑料管件/PVC管件,品牌: 公元；材质: PVC；直径: Φ75,米,,存在低精度或人工复核标记，需要补齐信息。,确认材质、口径/规格、连接方式和类型。,Sheet1:2872,公元PVCΦ75管
REVIEW-MAT-01801,C,medium,specs_conflict,PVC管,管道管件/塑料管件/PVC管件,品牌: 公元；材质: PVC；直径: Φ110,米,,存在低精度或人工复核标记，需要补齐信息。,确认材质、口径/规格、连接方式和类型。,Sheet1:2873,公元PVCΦ110管
REVIEW-MAT-01802,C,medium,specs_conflict,PVC直接,管道管件/塑料管件/PVC管件,品牌: 公元；材质: PVC；直径: Φ110；类型: 直接,个,,存在低精度或人工复核标记，需要补齐信息。,确认材质、口径/规格、连接方式和类型。,Sheet1:2874,公元PVCΦ110直接
REVIEW-MAT-01803,C,medium,specs_conflict,PVC直接,管道管件/塑料管件/PVC管件,品牌: 公元；材质: PVC；直径: Φ75；类型: 直接,个,,存在低精度或人工复核标记，需要补齐信息。,确认材质、口径/规格、连接方式和类型。,Sheet1:2875,公元PVCΦ75直接
REVIEW-MAT-01804,C,medium,needs_human_review,网线对接头,弱电安防/通信与监控/通信设备,类型: 网线对接头,个,,存在低精度或人工复核标记，需要补齐信息。,按默认规则补齐至少一个关键规格字段。,Sheet1:2877,网线对接头
REVIEW-MAT-01805,C,medium,needs_human_review,网线成品线,弱电安防/通信与监控/通信设备,长度: 30米；配置: 两端插头,根,,存在低精度或人工复核标记，需要补齐信息。,按默认规则补齐至少一个关键规格字段。,Sheet1:2879,30米网线带两端插头
REVIEW-MAT-01806,D,high,alias_conflict,铜接线端子,电气与自动化/接线连接/接线端子,材质: 铜；规格: 100A；俗称: 铜鼻子,个,,存在阻塞冲突，不能自动放行。,先解决别名、单位或分组冲突，不要自动创建物料。,Sheet1:2880,100A铜鼻子
REVIEW-MAT-01807,D,high,alias_conflict,不锈钢挂锁,五金备件/门锁锁具/门锁锁具,规格: 40；材质: 不锈钢 || 材质: 不锈钢；规格: 40,把,,存在阻塞冲突，不能自动放行。,先解决别名、单位或分组冲突，不要自动创建物料。,Sheet1:2882；Sheet1:3167,40不锈钢挂锁；不锈钢挂锁40
REVIEW-MAT-01808,C,medium,specs_conflict,万向脚轮,仓储物流/搬运设备/手推车叉车,类型: 万向车轮,个,,存在低精度或人工复核标记，需要补齐信息。,按默认规则补齐至少一个关键规格字段。,Sheet1:2884,万向车轮
REVIEW-MAT-01809,C,medium,specs_conflict,插销,五金备件/其他/门窗五金,规格: 300；类型: 插销,套,,存在低精度或人工复核标记，需要补齐信息。,按默认规则补齐至少一个关键规格字段。,Sheet1:2885,插销300
REVIEW-MAT-01810,C,medium,needs_human_review,五坑钻头,工具器具/工具耗材/钻头,品牌: 博世；柄型: 五坑；直径: Φ40；长度: 1米,根,,存在低精度或人工复核标记，需要补齐信息。,确认品牌、型号/规格和适用设备。,Sheet1:2888,博世五坑钻头Φ40*1米
REVIEW-MAT-01811,C,medium,needs_human_review,空调,行政办公与清洁/其他/空调设备,品牌: 格力；能效等级: 1级,台,,存在低精度或人工复核标记，需要补齐信息。,确认规格、品牌和包装单位。,Sheet1:2890；Sheet1:2931；Sheet1:3053；Sheet1:3330；Sheet1:3388；Sheet1:3442；Sheet1:3502,格力1级能效空调
REVIEW-MAT-01812,C,medium,needs_human_review,加厚货架,仓储物流/仓储设备/货架容器,特征: 加厚；尺寸: 2m*2m*0.6m,套,,存在低精度或人工复核标记，需要补齐信息。,按默认规则补齐至少一个关键规格字段。,Sheet1:2892；Sheet1:2930,加厚货架2m*2m*0.6m
REVIEW-MAT-01813,C,medium,needs_human_review,变径内丝直接,管道管件/其他/管路接头,规格: 25变20；连接: 内丝；类型: 直接,个,,存在低精度或人工复核标记，需要补齐信息。,确认材质、口径/规格、连接方式和类型。,Sheet1:2894,25变20内丝直接
REVIEW-MAT-01814,C,medium,needs_human_review,不锈钢防松螺母,紧固件/螺纹紧固件/螺母垫圈,规格: M20；材质: 不锈钢；类型: 防松螺帽,个,,存在低精度或人工复核标记，需要补齐信息。,确认规格、材质/强度等级和单位。,Sheet1:2896,M20不锈钢防松螺帽
REVIEW-MAT-01815,C,medium,missing_specs,不锈钢户外箱,电气与自动化/其他/配电箱壳体,材质: 不锈钢；环境: 户外；尺寸: 500*600*200,个,至少一个: 型号；规格；品牌；电流；电压；功率；位数,未满足当前分组的关键规格模板。,确认品牌、型号、电气参数和安装/连接方式。,Sheet1:2899,不锈钢户外箱500*600*200
REVIEW-MAT-01816,C,medium,specs_conflict,漏电保护器,电气与自动化/其他/低压电器,品牌: 德力西；极数: 4P；额定电流: 63A,个,,存在低精度或人工复核标记，需要补齐信息。,确认品牌、型号、电气参数和安装/连接方式。,Sheet1:2900,德力西漏保4P/63A
REVIEW-MAT-01817,C,medium,specs_conflict,漏电保护器,电气与自动化/其他/低压电器,品牌: 德力西；极数: 2P；额定电流: 16A,个,,存在低精度或人工复核标记，需要补齐信息。,确认品牌、型号、电气参数和安装/连接方式。,Sheet1:2901,德力西漏保2P/16A
REVIEW-MAT-01818,C,medium,specs_conflict,时控开关,电气与自动化/其他/低压电器,品牌: 德力西；类型: 时控开关,个,,存在低精度或人工复核标记，需要补齐信息。,确认品牌、型号、电气参数和安装/连接方式。,Sheet1:2902,德力西时控开关
REVIEW-MAT-01819,C,medium,specs_conflict,交流接触器,电气与自动化/其他/低压电器,品牌: 施耐德；系列: CJX2；线圈电压: 220V,个,,存在低精度或人工复核标记，需要补齐信息。,确认品牌、型号、电气参数和安装/连接方式。,Sheet1:2903,施耐德cjx2-220V接触器
REVIEW-MAT-01820,C,medium,specs_conflict,接线端子,电气与自动化/接线连接/接线端子,型号: UK5N,个,,存在低精度或人工复核标记，需要补齐信息。,确认品牌、型号、电气参数和安装/连接方式。,Sheet1:2905；Sheet1:2920,接线端子UK5N
REVIEW-MAT-01821,C,medium,missing_specs,喷火枪,工具器具/其他/燃气工具,类型: 喷火枪,把,至少一个: 型号；规格；品牌；尺寸；适用设备,未满足当前分组的关键规格模板。,确认品牌、型号/规格和适用设备。,Sheet1:2907,喷火枪
REVIEW-MAT-01822,D,high,alias_conflict,不锈钢锁扣,五金备件/门锁锁具/门锁锁具,材质: 不锈钢；类型: 锁扣,套,,存在阻塞冲突，不能自动放行。,先解决别名、单位或分组冲突，不要自动创建物料。,Sheet1:2908,不锈钢锁扣
REVIEW-MAT-01823,C,medium,low_precision_conflict,不锈钢挂锁,五金备件/门锁锁具/门锁锁具,材质: 不锈钢；类型: 挂锁,把,,存在低精度或人工复核标记，需要补齐信息。,按默认规则补齐至少一个关键规格字段。,Sheet1:2909,不锈钢挂锁
REVIEW-MAT-01824,C,medium,specs_conflict,槽钢,金属原材料/钢材型材/钢材型材,规格: 6#,米,,存在低精度或人工复核标记，需要补齐信息。,确认材质、规格尺寸和执行标准。,Sheet1:2910,槽钢6#
REVIEW-MAT-01825,C,medium,missing_specs,方柱加工件,设备备件与加工件/金属加工件/金属加工件,加工: 是；截面: 70mm*70mm；长度: 1m,根,至少一个: 型号；规格；图号；适用设备；材质,未满足当前分组的关键规格模板。,确认型号、图号、适用设备和关键尺寸。,Sheet1:2912,加工方柱70mm*70mm*1m
REVIEW-MAT-01826,C,medium,missing_specs,方柱加工件,设备备件与加工件/金属加工件/金属加工件,加工: 是；截面: 70mm*70mm；长度: 0.3m,根,至少一个: 型号；规格；图号；适用设备；材质,未满足当前分组的关键规格模板。,确认型号、图号、适用设备和关键尺寸。,Sheet1:2913,加工方柱70mm*70mm*0.3m
REVIEW-MAT-01827,C,medium,needs_human_review,航空插头插座套装,电气与自动化/插头插座/插头插座,安装: 明装；芯数: 3芯；额定电流: 16A,套,,存在低精度或人工复核标记，需要补齐信息。,确认品牌、型号、电气参数和安装/连接方式。,Sheet1:2914,明装航空插头插座3芯/16A
REVIEW-MAT-01828,C,medium,specs_conflict,漏电保护器,电气与自动化/其他/低压电器,品牌: 德力西；极数: 2P；额定电流: 25A,个,,存在低精度或人工复核标记，需要补齐信息。,确认品牌、型号、电气参数和安装/连接方式。,Sheet1:2916,德力西漏保开关2P/25A
REVIEW-MAT-01829,C,medium,specs_conflict,断路器,电气与自动化/其他/低压电器,品牌: 德力西；极数: 2P；额定电流: 10A,个,,存在低精度或人工复核标记，需要补齐信息。,确认品牌、型号、电气参数和安装/连接方式。,Sheet1:2917,德力西断路器2P/10A
REVIEW-MAT-01830,C,medium,needs_human_review,电柜风扇防雨罩组合,电气与自动化/其他/配电柜散热,用途: 电柜；包含: 风扇+防雨罩；电压: 380V,个,,存在低精度或人工复核标记，需要补齐信息。,确认品牌、型号、电气参数和安装/连接方式。,Sheet1:2918,电柜风扇防雨罩组合380V
REVIEW-MAT-01831,C,medium,missing_specs,温控开关,电气与自动化/其他/温控元件,用途: 电柜风扇；颜色: 蓝色；类型: 温控开关,个,至少一个: 型号；规格；品牌；电流；电压；功率；位数,未满足当前分组的关键规格模板。,确认品牌、型号、电气参数和安装/连接方式。,Sheet1:2919,电柜风扇温控开关蓝色
REVIEW-MAT-01832,C,medium,needs_human_review,设备按钮标识贴,包装与标识/胶带标签/标签碳带,用途: 设备按钮；类型: 标识贴,个,,存在低精度或人工复核标记，需要补齐信息。,按默认规则补齐至少一个关键规格字段。,Sheet1:2921,设备按钮标示贴
REVIEW-MAT-01833,C,medium,needs_human_review,导流罩,设备备件与加工件/设备专用备件/设备备件,适配型号: QJB-4/6；部件: 导流罩,个,,存在低精度或人工复核标记，需要补齐信息。,确认型号、图号、适用设备和关键尺寸。,Sheet1:2922,导流罩QJB-4/6
REVIEW-MAT-01834,C,medium,specs_conflict,叶轮,设备备件与加工件/设备专用备件/设备备件,适配型号: QJB-4/6；部件: 叶轮,个,,存在低精度或人工复核标记，需要补齐信息。,确认型号、图号、适用设备和关键尺寸。,Sheet1:2923；Sheet1:2933,叶轮QJB-4/6
REVIEW-MAT-01835,C,medium,specs_conflict,叶轮,设备备件与加工件/设备专用备件/设备备件,适配型号: QJB-2/8；部件: 叶轮,个,,存在低精度或人工复核标记，需要补齐信息。,确认型号、图号、适用设备和关键尺寸。,Sheet1:2924,叶轮QJB-2/8
REVIEW-MAT-01836,C,medium,needs_human_review,高强度全螺纹螺杆,紧固件/其他/螺杆,强度等级: 12.9；规格: M30*1m；原始: 全芽,根,,存在低精度或人工复核标记，需要补齐信息。,确认规格、材质/强度等级和单位。,Sheet1:2926,12.9级全芽螺杆m30*1m
REVIEW-MAT-01837,C,medium,needs_human_review,高强度螺母,紧固件/螺纹紧固件/螺母垫圈,强度等级: 12.9；规格: M30,个,,存在低精度或人工复核标记，需要补齐信息。,确认规格、材质/强度等级和单位。,Sheet1:2927,12.9级螺母M30
REVIEW-MAT-01838,C,medium,specs_conflict,B型槽钢,金属原材料/钢材型材/钢材型材,规格: 20#B,米,,存在低精度或人工复核标记，需要补齐信息。,确认材质、规格尺寸和执行标准。,Sheet1:2928,20#B型槽钢
REVIEW-MAT-01839,C,medium,specs_conflict,B型槽钢,金属原材料/钢材型材/钢材型材,规格: 16#B,米,,存在低精度或人工复核标记，需要补齐信息。,确认材质、规格尺寸和执行标准。,Sheet1:2929,16#B型槽钢
REVIEW-MAT-01840,C,medium,needs_human_review,双层床,行政办公与清洁/生活后勤/生活用品,材质: 方钢；结构: 卡扣式；类型: 双层床,套,,存在低精度或人工复核标记，需要补齐信息。,确认规格、品牌和包装单位。,Sheet1:2932；Sheet1:3396,方钢卡扣双层床；方钢卡扣式双层床
REVIEW-MAT-01841,C,medium,specs_conflict,叶轮,设备备件与加工件/设备专用备件/设备备件,适配型号: QJB-5/8；部件: 叶轮,个,,存在低精度或人工复核标记，需要补齐信息。,确认型号、图号、适用设备和关键尺寸。,Sheet1:2934,叶轮QJB-5/8
REVIEW-MAT-01842,C,medium,needs_human_review,角钢加工件,设备备件与加工件/金属加工件/金属加工件,加工: 是；规格: 40角铁；长度: 1.5米,根,,存在低精度或人工复核标记，需要补齐信息。,确认型号、图号、适用设备和关键尺寸。,Sheet1:2936,加工40角铁1.5米长
REVIEW-MAT-01843,C,medium,specs_conflict,接线端子,电气与自动化/接线连接/接线端子,型号: UK5N；颜色: 黄绿色,个,,存在低精度或人工复核标记，需要补齐信息。,确认品牌、型号、电气参数和安装/连接方式。,Sheet1:2937,黄绿色接线端子UK5N
REVIEW-MAT-01844,C,medium,needs_human_review,5号电池,电气与自动化/电源电池/电源电池,品牌: 南孚；规格: 5号,节,,存在低精度或人工复核标记，需要补齐信息。,确认品牌、型号、电气参数和安装/连接方式。,Sheet1:2938；Sheet1:3079；Sheet1:3269,南孚电池5号
REVIEW-MAT-01845,C,medium,missing_specs,强光手电筒,工具器具/其他/照明工具,类型: 强光手电筒,个,至少一个: 型号；规格；品牌；尺寸；适用设备,未满足当前分组的关键规格模板。,确认品牌、型号/规格和适用设备。,Sheet1:2939,强光手电筒
REVIEW-MAT-01846,C,medium,needs_human_review,机械密封,密封件/其他/机械密封,材质: 合金钢；型号: 109-35；原始: 机密封,套,,存在低精度或人工复核标记，需要补齐信息。,确认型号、图号、适用设备和关键尺寸。,Sheet1:2940,合金钢机密封109-35
REVIEW-MAT-01847,C,medium,specs_conflict,高强度全螺纹螺丝,紧固件/螺纹紧固件/螺丝螺栓,强度等级: 12.9；规格: M30*250；原始: 全芽,套,,存在低精度或人工复核标记，需要补齐信息。,确认规格、材质/强度等级和单位。,Sheet1:2942,12.9级m30*250全芽螺丝
REVIEW-MAT-01848,C,medium,needs_human_review,防水网线连接器,弱电安防/通信与监控/通信设备,环境: 户外；特性: 防水；类型: 网线接头连接器,套,,存在低精度或人工复核标记，需要补齐信息。,按默认规则补齐至少一个关键规格字段。,Sheet1:2944,户外防水网线接头连接器
REVIEW-MAT-01849,C,medium,needs_human_review,激光水平仪,工具器具/量具测量/量具测量,品牌: 莱赛；类型: 激光红外水平仪,套,,存在低精度或人工复核标记，需要补齐信息。,确认品牌、型号/规格和适用设备。,Sheet1:2945,莱赛激光红外水平仪
REVIEW-MAT-01850,C,medium,missing_specs,电焊机接线夹,焊接焊割/焊割设备工具/焊机割炬,适配: 电焊机；部件: 接线夹,个,至少一个: 型号；规格；直径；材质；类型,未满足当前分组的关键规格模板。,确认型号、直径/规格、材质和包装。,Sheet1:2947,电焊机接线夹
REVIEW-MAT-01851,C,medium,missing_specs,电动油脂泵,润滑系统/润滑设备配件/润滑泵管路,容量: 6L；出口数: 3出口；配置: 带时控器,台,至少一个: 规格；型号；类型；材质；品牌；尺寸；长度；厚度；功率；包装规格；适用设备,未满足当前分组的关键规格模板。,按默认规则补齐至少一个关键规格字段。,Sheet1:2948,电动油脂泵6L-3出口带时控器
REVIEW-MAT-01852,C,medium,specs_conflict,泥浆泵活塞,设备备件与加工件/设备专用备件/设备备件,适配型号: BW-250；部件: 活塞,个,,存在低精度或人工复核标记，需要补齐信息。,确认型号、图号、适用设备和关键尺寸。,Sheet1:2949,泥浆泵活塞BW-250
REVIEW-MAT-01853,C,medium,specs_conflict,泥浆泵活塞,设备备件与加工件/设备专用备件/设备备件,适配型号: BW-150；部件: 活塞,个,,存在低精度或人工复核标记，需要补齐信息。,确认型号、图号、适用设备和关键尺寸。,Sheet1:2950,泥浆泵活塞BW-150
REVIEW-MAT-01854,C,medium,missing_specs,电柜散热风机,电气与自动化/其他/配电柜散热,用途: 电柜散热；类型: 风机,个,至少一个: 型号；规格；品牌；电流；电压；功率；位数,未满足当前分组的关键规格模板。,确认品牌、型号、电气参数和安装/连接方式。,Sheet1:2951,电柜散热风机
REVIEW-MAT-01855,C,medium,missing_specs,水下连接器,电气与自动化/其他/水下连接器,环境: 水下；结构: 四电二光,套,至少一个: 型号；规格；品牌；电流；电压；功率；位数,未满足当前分组的关键规格模板。,确认品牌、型号、电气参数和安装/连接方式。,Sheet1:2954,水下连接器四电二光
REVIEW-MAT-01856,C,medium,missing_specs,水下连接器堵头,电气与自动化/其他/水下连接器,适配: 水下连接器；类型: 堵头,套,至少一个: 型号；规格；品牌；电流；电压；功率；位数,未满足当前分组的关键规格模板。,确认品牌、型号、电气参数和安装/连接方式。,Sheet1:2955,水下连接器堵头
REVIEW-MAT-01857,C,medium,specs_conflict,双电源转换器,电气与自动化/其他/低压电器,电压: 220V；极数: 2P；电流: 20A,个,,存在低精度或人工复核标记，需要补齐信息。,确认品牌、型号、电气参数和安装/连接方式。,Sheet1:2956,双电源转换器220V-2P-20A
REVIEW-MAT-01858,C,medium,missing_specs,光纤交换机,弱电安防/通信与监控/通信设备,端口: 二光四电,台,至少一个: 规格；型号；类型；材质；品牌；尺寸；长度；厚度；功率；包装规格；适用设备,未满足当前分组的关键规格模板。,按默认规则补齐至少一个关键规格字段。,Sheet1:2957,光纤交换机二光四电
REVIEW-MAT-01859,C,medium,missing_specs,变焦摄像头,弱电安防/通信与监控/安防监控,功能: 变焦,个,至少一个: 规格；型号；类型；材质；品牌；尺寸；长度；厚度；功率；包装规格；适用设备,未满足当前分组的关键规格模板。,按默认规则补齐至少一个关键规格字段。,Sheet1:2959,变焦摄像头
REVIEW-MAT-01860,C,medium,specs_conflict,双电源转换器,电气与自动化/其他/低压电器,电压: 24V,个,,存在低精度或人工复核标记，需要补齐信息。,确认品牌、型号、电气参数和安装/连接方式。,Sheet1:2962,双电源转换器24V
REVIEW-MAT-01861,C,medium,specs_conflict,漏电保护器,电气与自动化/其他/低压电器,品牌: 德力西；极数: 2P；额定电流: 20A,个,,存在低精度或人工复核标记，需要补齐信息。,确认品牌、型号、电气参数和安装/连接方式。,Sheet1:2964,德力西漏保开关2P/20A
REVIEW-MAT-01862,C,medium,needs_human_review,棉口罩,劳保用品/其他/呼吸防护,材质: 棉；类型: 口罩,个,,存在低精度或人工复核标记，需要补齐信息。,确认类型、规格、材质和安全等级。,Sheet1:2969；Sheet1:2985,棉口罩
REVIEW-MAT-01863,C,medium,specs_conflict,护目镜,劳保用品/其他/眼面防护,类型: 护目眼镜,付,,存在低精度或人工复核标记，需要补齐信息。,确认类型、规格、材质和安全等级。,Sheet1:2970；Sheet1:3125,护目眼镜
REVIEW-MAT-01864,C,medium,missing_specs,焊工手套,劳保用品/手部防护/手套,用途: 焊工防护,付,至少一个: 类型；规格；材质；型号,未满足当前分组的关键规格模板。,确认类型、规格、材质和安全等级。,Sheet1:2971,焊工手套
REVIEW-MAT-01865,C,medium,missing_specs,金属电缆防水接头,电气与自动化/电线电缆与敷设/电线电缆,材质: 金属；螺纹: M50*1.5；特性: 防水,个,至少一个: 型号；规格；品牌；电流；电压；功率；位数,未满足当前分组的关键规格模板。,确认品牌、型号、电气参数和安装/连接方式。,Sheet1:2972；Sheet1:2979,金属电缆防水接头M50*1.5
REVIEW-MAT-01866,C,medium,missing_specs,宝塔钻头开孔器,工具器具/工具耗材/钻头,类型: 宝塔钻头/开孔器；范围: 4-52,套,至少一个: 型号；规格；品牌；尺寸；适用设备,未满足当前分组的关键规格模板。,确认品牌、型号/规格和适用设备。,Sheet1:2973,宝塔钻头开孔器4-52
REVIEW-MAT-01867,C,medium,specs_conflict,除锈剂,化工油漆胶粘/油品化学品/清洗化学品,品牌: WD40；容量: 500mL,瓶,,存在低精度或人工复核标记，需要补齐信息。,确认类型、品牌/型号、颜色和包装规格。,Sheet1:2974；Sheet1:2998,WD40除锈剂500ML
REVIEW-MAT-01868,C,medium,needs_human_review,碳弧气刨枪套装,焊接焊割/焊割设备工具/焊机割炬,类型: 碳弧气刨枪；线长: 2米,套,,存在低精度或人工复核标记，需要补齐信息。,确认型号、直径/规格、材质和包装。,Sheet1:2975,碳弧气刨枪带2米线
REVIEW-MAT-01869,C,medium,needs_human_review,碳棒,焊接焊割/焊接耗材/焊条焊丝,直径: 8mm,盒,,存在低精度或人工复核标记，需要补齐信息。,确认型号、直径/规格、材质和包装。,Sheet1:2976,碳棒8mm
REVIEW-MAT-01870,D,high,alias_conflict,一次性雨衣,劳保用品/其他/雨具,类型: 一次性雨衣,套,,存在阻塞冲突，不能自动放行。,先解决别名、单位或分组冲突，不要自动创建物料。,Sheet1:2978,一次性雨衣
REVIEW-MAT-01871,C,medium,needs_human_review,金属漆,化工油漆胶粘/油漆涂料/涂料油漆,品牌: 立邦；包装: 18KG；用途: 金属,桶,,存在低精度或人工复核标记，需要补齐信息。,确认类型、品牌/型号、颜色和包装规格。,Sheet1:2981,立邦金属漆18KG
REVIEW-MAT-01872,C,medium,needs_human_review,羊毛漆刷,工具器具/涂装工具/刷辊喷涂,材质: 羊毛；规格: 大号；用途: 涂漆,支,,存在低精度或人工复核标记，需要补齐信息。,确认品牌、型号/规格和适用设备。,Sheet1:2983,羊毛漆刷大号
REVIEW-MAT-01873,C,medium,missing_specs,滚筒刷,工具器具/涂装工具/刷辊喷涂,原始: 滚桶刷；用途: 涂装,个,至少一个: 型号；规格；品牌；尺寸；适用设备,未满足当前分组的关键规格模板。,确认品牌、型号/规格和适用设备。,Sheet1:2984,滚桶刷
REVIEW-MAT-01874,C,medium,needs_human_review,水封,密封件/其他/水封,型号: VS-75,个,,存在低精度或人工复核标记，需要补齐信息。,确认型号、图号、适用设备和关键尺寸。,Sheet1:2986,水封VS-75
REVIEW-MAT-01875,C,medium,needs_human_review,高温润滑脂,化工油漆胶粘/其他/润滑脂,类型: 高温黄油；包装: 16KG,桶,,存在低精度或人工复核标记，需要补齐信息。,确认类型、品牌/型号、颜色和包装规格。,Sheet1:2987,高温黄油16KG
REVIEW-MAT-01876,C,medium,missing_specs,定制电箱,设备备件与加工件/金属加工件/金属加工件,定制: 是；尺寸: 700*300*220,个,至少一个: 型号；规格；图号；适用设备；材质,未满足当前分组的关键规格模板。,确认型号、图号、适用设备和关键尺寸。,Sheet1:2988,定制电箱700*300*220
REVIEW-MAT-01877,C,medium,missing_specs,不锈钢户外箱,电气与自动化/其他/配电箱壳体,材质: 不锈钢；环境: 户外；尺寸: 400*400*250,个,至少一个: 型号；规格；品牌；电流；电压；功率；位数,未满足当前分组的关键规格模板。,确认品牌、型号、电气参数和安装/连接方式。,Sheet1:2989,不锈钢户外箱400*400*250
REVIEW-MAT-01878,C,medium,missing_specs,不锈钢内外门电柜,电气与自动化/其他/配电柜壳体,材质: 不锈钢；结构: 内外门；尺寸: 1000*650*450,个,至少一个: 型号；规格；品牌；电流；电压；功率；位数,未满足当前分组的关键规格模板。,确认品牌、型号、电气参数和安装/连接方式。,Sheet1:2990,不锈钢内外门电柜1000*650*450
REVIEW-MAT-01879,C,medium,missing_specs,不锈钢内外门电箱,电气与自动化/其他/配电箱壳体,材质: 不锈钢；结构: 内外门；尺寸: 350*250*200,个,至少一个: 型号；规格；品牌；电流；电压；功率；位数,未满足当前分组的关键规格模板。,确认品牌、型号、电气参数和安装/连接方式。,Sheet1:2991,不锈钢内外门电箱350*250*200
REVIEW-MAT-01880,C,medium,specs_conflict,除锈剂,化工油漆胶粘/油品化学品/清洗化学品,品牌: 陶喜；容量: 450mL,瓶,,存在低精度或人工复核标记，需要补齐信息。,确认类型、品牌/型号、颜色和包装规格。,Sheet1:2992,陶喜除锈剂450mL
REVIEW-MAT-01881,C,medium,needs_human_review,头盔式面罩,劳保用品/其他/眼面防护,类型: 头盔式面罩,个,,存在低精度或人工复核标记，需要补齐信息。,确认类型、规格、材质和安全等级。,Sheet1:2993,头盔式面罩
REVIEW-MAT-01882,C,medium,needs_human_review,油性记号笔,行政办公与清洁/办公用品/文具书写,颜色: 红色；类型: 油性,支,,存在低精度或人工复核标记，需要补齐信息。,确认规格、品牌和包装单位。,Sheet1:2994,红色油性记号笔
REVIEW-MAT-01883,C,medium,specs_conflict,管钳,工具器具/手动工具/通用手动工具,品牌: 世达；规格: 14寸,把,,存在低精度或人工复核标记，需要补齐信息。,确认品牌、型号/规格和适用设备。,Sheet1:2996,世达管钳14寸
REVIEW-MAT-01884,C,medium,needs_human_review,消防铲,消防器材/消防工具/消防工具,类型: 消防铲,把,,存在低精度或人工复核标记，需要补齐信息。,按默认规则补齐至少一个关键规格字段。,Sheet1:2997,消防铲
REVIEW-MAT-01885,C,medium,missing_specs,指示灯,电气与自动化/低压电器/开关按钮,安装孔径: M22；颜色: 红+绿,个,至少一个: 型号；规格；品牌；电流；电压；功率；位数,未满足当前分组的关键规格模板。,确认品牌、型号、电气参数和安装/连接方式。,Sheet1:3002,指示灯M22 红+绿
REVIEW-MAT-01886,C,medium,needs_human_review,调速电位器,电气与自动化/低压电器/开关按钮,品牌: 施耐德；阻值: 5K；用途: 调速,个,,存在低精度或人工复核标记，需要补齐信息。,确认品牌、型号、电气参数和安装/连接方式。,Sheet1:3003,施耐德调速电位器5K
REVIEW-MAT-01887,C,medium,missing_specs,按钮开关,电气与自动化/低压电器/开关按钮,颜色: 红+绿；类型: 按钮开关,个,至少一个: 型号；规格；品牌；电流；电压；功率；位数,未满足当前分组的关键规格模板。,确认品牌、型号、电气参数和安装/连接方式。,Sheet1:3004,按钮开关红+绿
REVIEW-MAT-01888,C,medium,missing_specs,转换开关,电气与自动化/低压电器/开关按钮,类型: 按钮转换开关,个,至少一个: 型号；规格；品牌；电流；电压；功率；位数,未满足当前分组的关键规格模板。,确认品牌、型号、电气参数和安装/连接方式。,Sheet1:3005,按钮转换开关
REVIEW-MAT-01889,C,medium,needs_human_review,继电器套装,电气与自动化/低压电器/继电器接触器,品牌: 施耐德；电压: 220V；电流: 5A；配置: 带底座,套,,存在低精度或人工复核标记，需要补齐信息。,确认品牌、型号、电气参数和安装/连接方式。,Sheet1:3006,施耐德继电器带底座220V/5A
REVIEW-MAT-01890,C,medium,specs_conflict,黄油嘴,润滑系统/润滑设备配件/润滑泵管路,材质: 纯铜；规格: M10,个,,存在低精度或人工复核标记，需要补齐信息。,按默认规则补齐至少一个关键规格字段。,Sheet1:3007,纯铜黄油咀M10
REVIEW-MAT-01891,C,medium,needs_human_review,刀片,工具器具/手动工具/钳剪刀锤,品牌: 锐锋；类型: 刀片,盒,,存在低精度或人工复核标记，需要补齐信息。,确认品牌、型号/规格和适用设备。,Sheet1:3009,锐锋刀片
REVIEW-MAT-01892,C,medium,missing_specs,液态密封胶,化工油漆胶粘/胶粘密封/胶粘剂,品牌: 三和；类型: 液态密封胶,支,至少一个: 型号；规格；图号；适用设备；材质,未满足当前分组的关键规格模板。,确认型号、图号、适用设备和关键尺寸。,Sheet1:3011,三和液态密封胶
REVIEW-MAT-01893,C,medium,missing_specs,带盖方桶,行政办公与清洁/生活后勤/生活用品,材质: 牛筋；容量: 6L；配置: 带盖,个,至少一个: 规格；类型；品牌；包装规格,未满足当前分组的关键规格模板。,确认规格、品牌和包装单位。,Sheet1:3012,牛筋带盖方桶6L
REVIEW-MAT-01894,C,medium,needs_human_review,电位器,电气与自动化/低压电器/开关按钮,品牌: 天逸；型号: LA42D；阻值: 5K,个,,存在低精度或人工复核标记，需要补齐信息。,确认品牌、型号、电气参数和安装/连接方式。,Sheet1:3014,天逸电位器LA42D-5K
REVIEW-MAT-01895,C,medium,specs_conflict,老虎钳,工具器具/手动工具/通用手动工具,品牌: 得力；类型: 老虎钳,把,,存在低精度或人工复核标记，需要补齐信息。,确认品牌、型号/规格和适用设备。,Sheet1:3015,得力老虎钳
REVIEW-MAT-01896,C,medium,specs_conflict,尖嘴钳,工具器具/手动工具/通用手动工具,品牌: 得力；类型: 尖嘴钳,把,,存在低精度或人工复核标记，需要补齐信息。,确认品牌、型号/规格和适用设备。,Sheet1:3016,得力尖嘴钳
REVIEW-MAT-01897,C,medium,missing_specs,一字螺丝刀,工具器具/手动工具/通用手动工具,类型: 一字,把,至少一个: 型号；规格；品牌；尺寸；适用设备,未满足当前分组的关键规格模板。,确认品牌、型号/规格和适用设备。,Sheet1:3018,一字螺丝刀
REVIEW-MAT-01898,C,medium,missing_specs,十字螺丝刀,工具器具/手动工具/通用手动工具,类型: 十字,把,至少一个: 型号；规格；品牌；尺寸；适用设备,未满足当前分组的关键规格模板。,确认品牌、型号/规格和适用设备。,Sheet1:3019,十字螺丝刀
REVIEW-MAT-01899,C,medium,missing_specs,管型接线端子,电气与自动化/接线连接/接线端子,类型: 管型；适配线径: 2.5平方,包,至少一个: 型号；规格；品牌；电流；电压；功率；位数,未满足当前分组的关键规格模板。,确认品牌、型号、电气参数和安装/连接方式。,Sheet1:3020,管型接线端子2.5平方
REVIEW-MAT-01900,C,medium,missing_specs,垃圾袋,行政办公与清洁/清洁用品/清洁工具耗材,颜色: 黑色；尺寸: 1.2米*1.4米,条,至少一个: 规格；类型；品牌；包装规格,未满足当前分组的关键规格模板。,确认规格、品牌和包装单位。,Sheet1:3023,黑色垃圾袋1.2米*1.4米
REVIEW-MAT-01901,C,medium,missing_specs,吊钩保险扣,吊装索具/吊装连接件/卸扣吊钩,适配: 行车吊钩；额定载荷: 20T；部件: 保险扣,个,至少一个: 规格；型号；类型；材质；品牌；尺寸；长度；厚度；功率；包装规格；适用设备,未满足当前分组的关键规格模板。,按默认规则补齐至少一个关键规格字段。,Sheet1:3024,行车吊钩保险扣20T
REVIEW-MAT-01902,C,medium,missing_specs,吊钩保险扣,吊装索具/吊装连接件/卸扣吊钩,适配: 行车吊钩；额定载荷: 16T；部件: 保险扣,个,至少一个: 规格；型号；类型；材质；品牌；尺寸；长度；厚度；功率；包装规格；适用设备,未满足当前分组的关键规格模板。,按默认规则补齐至少一个关键规格字段。,Sheet1:3025,行车吊钩保险扣16T
REVIEW-MAT-01903,C,medium,specs_conflict,不锈钢单向阀,阀门/其他/单向阀,材质: 不锈钢；规格: 1寸；类型: 单向阀,个,,存在低精度或人工复核标记，需要补齐信息。,按默认规则补齐至少一个关键规格字段。,Sheet1:3026；Sheet1:3030,不锈钢单向阀1寸
REVIEW-MAT-01904,C,medium,specs_conflict,阻燃挤塑板,工程建材/保温防水/保温材料,特性: 阻燃；尺寸: 2.2m*0.6m*0.1m；数量描述: 116块,平方,,存在低精度或人工复核标记，需要补齐信息。,确认规格、材质/强度等级、尺寸和包装单位。,Sheet1:3027,阻燃挤塑板2.2m*0.6m*0.1m*116块
REVIEW-MAT-01905,C,medium,specs_conflict,阻燃挤塑板,工程建材/保温防水/保温材料,特性: 阻燃；尺寸: 2.2m*0.6m*0.05m；数量描述: 64块,平方,,存在低精度或人工复核标记，需要补齐信息。,确认规格、材质/强度等级、尺寸和包装单位。,Sheet1:3028,阻燃挤塑板2.2m*0.6m*0.05m*64块
REVIEW-MAT-01906,C,medium,needs_human_review,明装开关底盒,电气与自动化/低压电器/开关按钮,品牌: 公牛；安装: 明装；部件: 底盒底座,套,,存在低精度或人工复核标记，需要补齐信息。,确认品牌、型号、电气参数和安装/连接方式。,Sheet1:3032,公牛明装开关底盒底座
REVIEW-MAT-01907,C,medium,needs_human_review,透明硅晶板,工程建材/板材型材/板材,颜色: 透明；尺寸: 0.8m*0.45m*0.05m,块,,存在低精度或人工复核标记，需要补齐信息。,确认规格、材质/强度等级、尺寸和包装单位。,Sheet1:3033,透明硅晶板0.8m*0.45m*0.05m
REVIEW-MAT-01908,C,medium,needs_human_review,墙纸,工程建材/其他/墙纸,颜色: 白色；尺寸: 3m*0.325m,块,,存在低精度或人工复核标记，需要补齐信息。,确认规格、材质/强度等级、尺寸和包装单位。,Sheet1:3034,白色墙纸3m*0.325m
REVIEW-MAT-01909,C,medium,needs_human_review,多层实木板,工程建材/板材型材/板材,材质: 多层实木；尺寸: 2.44m*1.22m*0.018m,张,,存在低精度或人工复核标记，需要补齐信息。,确认规格、材质/强度等级、尺寸和包装单位。,Sheet1:3035,多层实木板2.44m*1.22m*0.018m
REVIEW-MAT-01910,C,medium,missing_specs,油漆滚筒,工具器具/涂装工具/刷辊喷涂,用途: 油漆,包,至少一个: 型号；规格；品牌；尺寸；适用设备,未满足当前分组的关键规格模板。,确认品牌、型号/规格和适用设备。,Sheet1:3036,油漆滚筒
REVIEW-MAT-01911,C,medium,missing_specs,滚筒柄,工具器具/涂装工具/刷辊喷涂,部件: 滚筒柄,把,至少一个: 型号；规格；品牌；尺寸；适用设备,未满足当前分组的关键规格模板。,确认品牌、型号/规格和适用设备。,Sheet1:3039,滚筒柄
REVIEW-MAT-01912,C,medium,missing_specs,不锈钢钻头,工具器具/工具耗材/钻头,用途/材质: 不锈钢；直径: 3.2mm,支,至少一个: 型号；规格；品牌；尺寸；适用设备,未满足当前分组的关键规格模板。,确认品牌、型号/规格和适用设备。,Sheet1:3040,不锈钢钻头3.2mm
REVIEW-MAT-01913,C,medium,needs_human_review,镀锌板剪刀,工具器具/手动工具/钳剪刀锤,材质: 合金钢；用途: 镀锌板；规格: 20寸,把,,存在低精度或人工复核标记，需要补齐信息。,确认品牌、型号/规格和适用设备。,Sheet1:3041,合金钢镀锌板剪刀20寸
REVIEW-MAT-01914,C,medium,missing_specs,铣刀钻头,工具器具/手动工具/钳剪刀锤,用途/材质: 不锈钢；直径: 4mm,支,至少一个: 型号；规格；品牌；尺寸；适用设备,未满足当前分组的关键规格模板。,确认品牌、型号/规格和适用设备。,Sheet1:3044,不锈钢铣刀钻头4mm
REVIEW-MAT-01915,C,medium,missing_specs,铣刀钻头,工具器具/手动工具/钳剪刀锤,用途/材质: 不锈钢；直径: 10mm,支,至少一个: 型号；规格；品牌；尺寸；适用设备,未满足当前分组的关键规格模板。,确认品牌、型号/规格和适用设备。,Sheet1:3045,不锈钢铣刀钻头10mm
REVIEW-MAT-01916,C,medium,missing_specs,管型接线端子,电气与自动化/接线连接/接线端子,类型: 管型；适配线径: 4平方,包,至少一个: 型号；规格；品牌；电流；电压；功率；位数,未满足当前分组的关键规格模板。,确认品牌、型号、电气参数和安装/连接方式。,Sheet1:3046,管型接线端子4平方
REVIEW-MAT-01917,C,medium,missing_specs,切割片,工具器具/工具耗材/切磨耗材,直径: Φ355,片,至少一个: 型号；规格；品牌；尺寸；适用设备,未满足当前分组的关键规格模板。,确认品牌、型号/规格和适用设备。,Sheet1:3048；Sheet1:3127,切割片Φ355
REVIEW-MAT-01918,C,medium,missing_specs,钢丝刷,工具器具/涂装工具/刷辊喷涂,柄材质: 铁柄；类型: 钢丝刷,个,至少一个: 型号；规格；品牌；尺寸；适用设备,未满足当前分组的关键规格模板。,确认品牌、型号/规格和适用设备。,Sheet1:3049,铁柄钢丝刷
REVIEW-MAT-01919,C,medium,missing_specs,不锈钢钻头,工具器具/工具耗材/钻头,用途/材质: 不锈钢；直径: 6mm,支,至少一个: 型号；规格；品牌；尺寸；适用设备,未满足当前分组的关键规格模板。,确认品牌、型号/规格和适用设备。,Sheet1:3050,不锈钢钻头6mm
REVIEW-MAT-01920,C,medium,missing_specs,不锈钢钻头,工具器具/工具耗材/钻头,用途/材质: 不锈钢；直径: 4mm,支,至少一个: 型号；规格；品牌；尺寸；适用设备,未满足当前分组的关键规格模板。,确认品牌、型号/规格和适用设备。,Sheet1:3051,不锈钢钻头4mm
REVIEW-MAT-01921,C,medium,missing_specs,电钻夹头钥匙,工具器具/电动工具/电钻角磨机,适配: 电钻夹头；部件: 钥匙,把,至少一个: 型号；规格；品牌；尺寸；适用设备,未满足当前分组的关键规格模板。,确认品牌、型号/规格和适用设备。,Sheet1:3052,电钻夹头钥匙
REVIEW-MAT-01922,C,medium,specs_conflict,防水乳胶漆,化工油漆胶粘/油漆涂料/涂料油漆,品牌: 立邦；特性: 防水；包装: 18KG,桶,,存在低精度或人工复核标记，需要补齐信息。,确认类型、品牌/型号、颜色和包装规格。,Sheet1:3054；Sheet1:3056,立邦防水乳胶漆18KG
REVIEW-MAT-01923,C,medium,needs_human_review,四氟垫片,设备备件与加工件/金属加工件/金属加工件,加工: 是；材质: 四氟；规格: Φ450*440*2,个,,存在低精度或人工复核标记，需要补齐信息。,确认型号、图号、适用设备和关键尺寸。,Sheet1:3055,加工四氟垫片Φ450*440*2
REVIEW-MAT-01924,C,medium,specs_conflict,防水乳胶漆,化工油漆胶粘/油漆涂料/涂料油漆,品牌: 立邦；颜色: 白色；特性: 防水；包装: 18KG,桶,,存在低精度或人工复核标记，需要补齐信息。,确认类型、品牌/型号、颜色和包装规格。,Sheet1:3059,立邦白色防水乳胶漆18KG
REVIEW-MAT-01926,C,medium,low_precision_conflict,油漆滚筒,工具器具/涂装工具/刷辊喷涂,规格: 中号,个,,存在低精度或人工复核标记，需要补齐信息。,确认品牌、型号/规格和适用设备。,Sheet1:3061,中号滚筒
REVIEW-MAT-01927,C,medium,specs_conflict,一字螺丝刀,工具器具/手动工具/通用手动工具,品牌: 得力；类型: 一字,把,,存在低精度或人工复核标记，需要补齐信息。,确认品牌、型号/规格和适用设备。,Sheet1:3063,得力一字螺丝刀
REVIEW-MAT-01928,C,medium,needs_human_review,UPVC饮水管,管道管件/塑料管件/PVC管件,品牌: 公元；材质: UPVC；用途: 饮水；直径: Φ25,米,,存在低精度或人工复核标记，需要补齐信息。,确认材质、口径/规格、连接方式和类型。,Sheet1:3064,公元UPVCΦ25饮水管
REVIEW-MAT-01929,C,medium,needs_human_review,UPVC Y型三通,管道管件/塑料管件/PVC管件,品牌: 公元；材质: UPVC；直径: Φ25；类型: Y型三通,个,,存在低精度或人工复核标记，需要补齐信息。,确认材质、口径/规格、连接方式和类型。,Sheet1:3065,公元UPVCΦ25Y型三通
REVIEW-MAT-01930,C,medium,needs_human_review,UPVC三通,管道管件/塑料管件/PVC管件,品牌: 公元；材质: UPVC；直径: Φ25；类型: 三通,个,,存在低精度或人工复核标记，需要补齐信息。,确认材质、口径/规格、连接方式和类型。,Sheet1:3066,公元UPVCΦ25三通
REVIEW-MAT-01931,C,medium,specs_conflict,UPVC弯头,管道管件/塑料管件/PVC管件,品牌: 公元；材质: UPVC；直径: Φ25；角度: 90度,个,,存在低精度或人工复核标记，需要补齐信息。,确认材质、口径/规格、连接方式和类型。,Sheet1:3067,公元UPVCΦ25弯头90度
REVIEW-MAT-01932,C,medium,specs_conflict,UPVC弯头,管道管件/塑料管件/PVC管件,品牌: 公元；材质: UPVC；直径: Φ25；角度: 45度,个,,存在低精度或人工复核标记，需要补齐信息。,确认材质、口径/规格、连接方式和类型。,Sheet1:3068,公元UPVCΦ25弯头45度
REVIEW-MAT-01933,C,medium,needs_human_review,UPVC直接,管道管件/塑料管件/PVC管件,品牌: 公元；材质: UPVC；直径: Φ25；类型: 直接,个,,存在低精度或人工复核标记，需要补齐信息。,确认材质、口径/规格、连接方式和类型。,Sheet1:3069,公元UPVCΦ25直接头
REVIEW-MAT-01934,C,medium,low_precision_conflict,不锈钢合页,五金备件/其他/门窗五金,材质: 不锈钢；类型: 合页,付,,存在低精度或人工复核标记，需要补齐信息。,按默认规则补齐至少一个关键规格字段。,Sheet1:3070,不锈钢合页
REVIEW-MAT-01935,C,medium,needs_human_review,带刹车万向脚轮,仓储物流/搬运设备/手推车叉车,类型: 万向轮；配置: 带刹车,个,,存在低精度或人工复核标记，需要补齐信息。,按默认规则补齐至少一个关键规格字段。,Sheet1:3071,万向轮带刹车
REVIEW-MAT-01936,C,medium,needs_human_review,不锈钢门插销,五金备件/其他/门窗五金,材质: 不锈钢；用途: 门；类型: 插销,套,,存在低精度或人工复核标记，需要补齐信息。,按默认规则补齐至少一个关键规格字段。,Sheet1:3073,不锈钢门插销
REVIEW-MAT-01937,C,medium,specs_conflict,不锈钢锁扣,五金备件/门锁锁具/门锁锁具,材质: 不锈钢；用途: 外门；类型: 锁扣,套,,存在低精度或人工复核标记，需要补齐信息。,按默认规则补齐至少一个关键规格字段。,Sheet1:3074,不锈钢外门锁扣
REVIEW-MAT-01938,C,medium,specs_conflict,焊条,焊接焊割/焊接耗材/焊条焊丝,品牌: 大西洋；牌号: 422；直径: 2.5,箱,,存在低精度或人工复核标记，需要补齐信息。,确认型号、直径/规格、材质和包装。,Sheet1:3075,大西洋422型2.5焊条
REVIEW-MAT-01939,D,high,alias_conflict,焊条,焊接焊割/焊接耗材/焊条焊丝,品牌: 大西洋；牌号: 422；直径: 3.2,箱,,存在阻塞冲突，不能自动放行。,先解决别名、单位或分组冲突，不要自动创建物料。,Sheet1:3076,大西洋422型3.2焊条
REVIEW-MAT-01940,C,medium,needs_human_review,时间继电器,电气与自动化/低压电器/继电器接触器,品牌: 施耐德；类型: 多功能时间继电器,个,,存在低精度或人工复核标记，需要补齐信息。,确认品牌、型号、电气参数和安装/连接方式。,Sheet1:3077,施耐德多功能时间继电器
REVIEW-MAT-01941,C,medium,low_precision_conflict,一次性雨衣,劳保用品/其他/雨具,特征: 加厚；类型: 一次性雨衣,套,,存在低精度或人工复核标记，需要补齐信息。,确认类型、规格、材质和安全等级。,Sheet1:3078；Sheet1:3103,加厚一次性雨衣
REVIEW-MAT-01942,C,medium,missing_specs,电箱刀闸推拉杆,电气与自动化/其他/配电箱配件,适配: 1级电箱刀闸；部件: 推拉杆,个,至少一个: 型号；规格；品牌；电流；电压；功率；位数,未满足当前分组的关键规格模板。,确认品牌、型号、电气参数和安装/连接方式。,Sheet1:3081,1级电箱刀闸推拉杆
REVIEW-MAT-01943,C,medium,needs_human_review,内墙乳胶漆,化工油漆胶粘/油漆涂料/涂料油漆,品牌: 立邦；系列: 云净；特性: 抗甲醛；用途: 内墙；包装: 5L,桶,,存在低精度或人工复核标记，需要补齐信息。,确认类型、品牌/型号、颜色和包装规格。,Sheet1:3082,立邦云净抗甲醛内墙乳胶漆5L
REVIEW-MAT-01944,C,medium,missing_specs,刮板,工具器具/涂装工具/刷辊喷涂,类型: 刮板,个,至少一个: 型号；规格；品牌；尺寸；适用设备,未满足当前分组的关键规格模板。,确认品牌、型号/规格和适用设备。,Sheet1:3083,刮板
REVIEW-MAT-01945,C,medium,needs_human_review,不锈钢门吸,五金备件/其他/门窗五金,材质: 304不锈钢；类型: 门柱吸/门吸,付,,存在低精度或人工复核标记，需要补齐信息。,按默认规则补齐至少一个关键规格字段。,Sheet1:3084,304不锈钢门柱吸
REVIEW-MAT-01946,C,medium,needs_human_review,断桥铝门锁,五金备件/门锁锁具/门锁锁具,材质: 铝合金；适配: 断桥铝门；类型: 门锁,套,,存在低精度或人工复核标记，需要补齐信息。,按默认规则补齐至少一个关键规格字段。,Sheet1:3085,铝合金断桥铝门锁
REVIEW-MAT-01947,D,high,alias_conflict,羊毛刷,工具器具/涂装工具/刷辊喷涂,规格: 4寸；材质: 羊毛,把,,存在阻塞冲突，不能自动放行。,先解决别名、单位或分组冲突，不要自动创建物料。,Sheet1:3086,羊毛刷4寸
REVIEW-MAT-01948,C,medium,needs_human_review,锰钢链条,吊装索具/吊带索具/钢丝绳链条,材质: 锰钢；规格: 22mm,米,,存在低精度或人工复核标记，需要补齐信息。,按默认规则补齐至少一个关键规格字段。,Sheet1:3089,锰钢链条22mm
REVIEW-MAT-01949,C,medium,needs_human_review,起重链条调节器,吊装索具/吊带索具/钢丝绳链条,额定载荷: 15T；类型: 调节器,个,,存在低精度或人工复核标记，需要补齐信息。,按默认规则补齐至少一个关键规格字段。,Sheet1:3090,起重链条调节器15T
REVIEW-MAT-01950,C,medium,needs_human_review,蝴蝶扣子母环,吊装索具/吊带索具/钢丝绳链条,额定载荷: 15T；类型: 蝴蝶扣子母环,个,,存在低精度或人工复核标记，需要补齐信息。,按默认规则补齐至少一个关键规格字段。,Sheet1:3091,蝴蝶扣子母环15T
REVIEW-MAT-01951,C,medium,missing_specs,环形钢丝绳,设备备件与加工件/金属加工件/金属加工件,定制: 是；结构: 环形；直径: 40mm；长度: 1.5m,个,至少一个: 型号；规格；图号；适用设备；材质,未满足当前分组的关键规格模板。,确认型号、图号、适用设备和关键尺寸。,Sheet1:3092,订做环形钢丝绳40mm*1.5m
REVIEW-MAT-01952,C,medium,missing_specs,弓形卸扣,吊装索具/吊装连接件/卸扣吊钩,结构: 美式弓形；强度: 高强度；额定载荷: 17T,个,至少一个: 规格；型号；类型；材质；品牌；尺寸；长度；厚度；功率；包装规格；适用设备,未满足当前分组的关键规格模板。,按默认规则补齐至少一个关键规格字段。,Sheet1:3093,美式高强度弓形卸扣17T
REVIEW-MAT-01953,C,medium,needs_human_review,手动液压叉车,仓储物流/搬运设备/手推车叉车,品牌: 诺力；类型: 手动液压；额定载荷: 2T,台,,存在低精度或人工复核标记，需要补齐信息。,按默认规则补齐至少一个关键规格字段。,Sheet1:3094,诺力手动液压叉车2T
REVIEW-MAT-01954,C,medium,missing_specs,垃圾桶,行政办公与清洁/清洁用品/清洁工具耗材,容量: 120L,个,至少一个: 规格；类型；品牌；包装规格,未满足当前分组的关键规格模板。,确认规格、品牌和包装单位。,Sheet1:3095,垃圾桶120L
REVIEW-MAT-01955,C,medium,specs_conflict,电流表,仪器仪表/其他/电气仪表,品牌: 人民；型号: 6L2；变比: 600/5A,个,,存在低精度或人工复核标记，需要补齐信息。,按默认规则补齐至少一个关键规格字段。,Sheet1:3097,人民电流表6L2-600/5A
REVIEW-MAT-01956,C,medium,specs_conflict,电缆,电气与自动化/电线电缆与敷设/电线电缆,品牌: 起帆；规格: 3*2.5,米,,存在低精度或人工复核标记，需要补齐信息。,确认品牌、型号、电气参数和安装/连接方式。,Sheet1:3099,起帆电缆3*2.5
REVIEW-MAT-01957,C,medium,specs_conflict,电缆,电气与自动化/电线电缆与敷设/电线电缆,品牌: 起帆；规格: 3*6+2*2.5,米,,存在低精度或人工复核标记，需要补齐信息。,确认品牌、型号、电气参数和安装/连接方式。,Sheet1:3101,起帆电缆3*6+2*2.5
REVIEW-MAT-01958,C,medium,needs_human_review,浸胶手套,劳保用品/手部防护/手套,类型: 浸胶手套,付,,存在低精度或人工复核标记，需要补齐信息。,确认类型、规格、材质和安全等级。,Sheet1:3102,浸胶手套
REVIEW-MAT-01959,C,medium,low_precision_conflict,螺丝套件,紧固件/螺纹紧固件/螺丝螺栓,强度等级: 8.8；规格: M10*80；包含: 平垫+弹垫,套,,存在低精度或人工复核标记，需要补齐信息。,确认规格、材质/强度等级和单位。,Sheet1:3104,8.8级M10*80螺丝带平 弹垫
REVIEW-MAT-01960,C,medium,missing_specs,电线扎丝,电气与自动化/其他/绑扎耗材,用途: 电线绑扎,卷,至少一个: 型号；规格；品牌；电流；电压；功率；位数,未满足当前分组的关键规格模板。,确认品牌、型号、电气参数和安装/连接方式。,Sheet1:3105,电线扎丝
REVIEW-MAT-01961,C,medium,needs_human_review,泡沫棉双面胶,包装与标识/胶带标签/胶带,品牌: 3M；宽度: 10mm；材质: 泡沫棉,卷,,存在低精度或人工复核标记，需要补齐信息。,按默认规则补齐至少一个关键规格字段。,Sheet1:3106,10mm宽泡沫棉双面胶3M
REVIEW-MAT-01962,C,medium,needs_human_review,氧气乙炔管,焊接焊割/焊割设备工具/焊机割炬,介质: 氧气+乙炔；类型: 软管,卷,,存在低精度或人工复核标记，需要补齐信息。,确认型号、直径/规格、材质和包装。,Sheet1:3109；Sheet1:3433,氧气 乙炔管
REVIEW-MAT-01963,C,medium,needs_human_review,割枪,焊接焊割/焊割设备工具/焊机割炬,型号: 100型；长度: 长款,把,,存在低精度或人工复核标记，需要补齐信息。,确认型号、直径/规格、材质和包装。,Sheet1:3110,割枪100型长款
REVIEW-MAT-01964,C,medium,low_precision_conflict,三脚插头,电气与自动化/插头插座/插头插座,品牌: 公牛；极数: 三脚；电压: 220V；额定电流: 10A,个,,存在低精度或人工复核标记，需要补齐信息。,确认品牌、型号、电气参数和安装/连接方式。,Sheet1:3111,公牛三脚插头220V/10A
REVIEW-MAT-01965,C,medium,needs_human_review,氧气减压表,焊接焊割/焊割设备工具/焊机割炬,介质: 氧气；类型: 减压表,个,,存在低精度或人工复核标记，需要补齐信息。,确认型号、直径/规格、材质和包装。,Sheet1:3112,氧气减压表
REVIEW-MAT-01966,C,medium,specs_conflict,乙炔减压表,焊接焊割/焊割设备工具/焊机割炬,介质: 乙炔；类型: 减压表,个,,存在低精度或人工复核标记，需要补齐信息。,确认型号、直径/规格、材质和包装。,Sheet1:3113,乙炔减压表
REVIEW-MAT-01967,C,medium,specs_conflict,除锈剂,化工油漆胶粘/油品化学品/清洗化学品,品牌: WD40；容量: 350mL,瓶,,存在低精度或人工复核标记，需要补齐信息。,确认类型、品牌/型号、颜色和包装规格。,Sheet1:3114,WD40除锈剂350ML
REVIEW-MAT-01968,C,medium,missing_specs,堵漏王,工程建材/保温防水/防水堵漏,类型: 堵漏王,袋,至少一个: 规格；型号；材质；厚度；尺寸；包装规格；强度等级,未满足当前分组的关键规格模板。,确认规格、材质/强度等级、尺寸和包装单位。,Sheet1:3115,堵漏王
REVIEW-MAT-01969,C,medium,specs_conflict,镀锌外丝直接,管道管件/金属管件/镀锌管件,表面: 镀锌；连接: 外丝；规格: 3寸；类型: 直接,个,,存在低精度或人工复核标记，需要补齐信息。,确认材质、口径/规格、连接方式和类型。,Sheet1:3116,镀锌外丝直接头3寸
REVIEW-MAT-01970,C,medium,specs_conflict,镀锌外丝直接,管道管件/金属管件/镀锌管件,表面: 镀锌；连接: 外丝；规格: 2寸；类型: 直接,个,,存在低精度或人工复核标记，需要补齐信息。,确认材质、口径/规格、连接方式和类型。,Sheet1:3117；Sheet1:3488,镀锌外丝直接2寸；镀锌外丝直接头2寸
REVIEW-MAT-01972,D,high,alias_conflict,镀锌内丝直接,管道管件/金属管件/镀锌管件,表面: 镀锌；连接: 内丝；规格: 2寸；类型: 直接,个,,存在阻塞冲突，不能自动放行。,先解决别名、单位或分组冲突，不要自动创建物料。,Sheet1:3119；Sheet1:3504,镀锌内丝直接2寸；镀锌内丝直接头2寸
REVIEW-MAT-01973,C,medium,needs_human_review,不锈钢法兰蝶阀,阀门/其他/蝶阀,材质: 304；连接: 法兰式；公称通径: DN150,个,,存在低精度或人工复核标记，需要补齐信息。,按默认规则补齐至少一个关键规格字段。,Sheet1:3120；Sheet1:3494,304法兰式蝶阀DN150
REVIEW-MAT-01974,C,medium,missing_specs,方木,工程建材/其他/木材,截面: 30*30；长度: 3.6m,根,至少一个: 规格；型号；材质；厚度；尺寸；包装规格；强度等级,未满足当前分组的关键规格模板。,确认规格、材质/强度等级、尺寸和包装单位。,Sheet1:3121；Sheet1:3146,方木30*30*3.6m
REVIEW-MAT-01975,C,medium,needs_human_review,锂电手电钻套装,工具器具/电动工具/电钻角磨机,品牌: 东成；供电: 锂电；配置: 二电一充,台,,存在低精度或人工复核标记，需要补齐信息。,确认品牌、型号/规格和适用设备。,Sheet1:3123,东成锂电手电钻二电一充
REVIEW-MAT-01976,D,high,alias_conflict,焊工眼镜,劳保用品/其他/眼面防护,用途: 电焊防护,付,至少一个: 类型；规格；材质；型号,存在阻塞冲突，不能自动放行。,先解决别名、单位或分组冲突，不要自动创建物料。,Sheet1:3126,电焊眼镜
REVIEW-MAT-01977,C,medium,needs_human_review,镀锌平垫,紧固件/螺纹紧固件/螺母垫圈,表面: 镀锌；规格: M8；类型: 平垫,个,,存在低精度或人工复核标记，需要补齐信息。,确认规格、材质/强度等级和单位。,Sheet1:3128,镀锌平垫m8
REVIEW-MAT-01978,C,medium,needs_human_review,开口销,紧固件/其他/销,规格: M3*60；类型: 开口销,个,,存在低精度或人工复核标记，需要补齐信息。,确认规格、材质/强度等级和单位。,Sheet1:3129,开口销m3*60
REVIEW-MAT-01979,C,medium,missing_specs,加厚周转箱,行政办公与清洁/生活后勤/生活用品,特征: 加厚；尺寸: 570*420*155,个,至少一个: 规格；类型；品牌；包装规格,未满足当前分组的关键规格模板。,确认规格、品牌和包装单位。,Sheet1:3130,加厚周转箱570*420*155
REVIEW-MAT-01980,D,high,alias_conflict,对讲机,弱电安防/通信与监控/通信设备,品牌: 小米；代际: 二代,部,,存在阻塞冲突，不能自动放行。,先解决别名、单位或分组冲突，不要自动创建物料。,Sheet1:3131；Sheet1:3219；Sheet1:3469,小米二代对讲机
REVIEW-MAT-01981,C,medium,missing_specs,沟槽式蝶阀,阀门/其他/蝶阀,连接: 沟槽式；公称通径: DN150,个,至少一个: 规格；型号；类型；材质；品牌；尺寸；长度；厚度；功率；包装规格；适用设备,未满足当前分组的关键规格模板。,按默认规则补齐至少一个关键规格字段。,Sheet1:3132,沟槽式蝶阀DN150
REVIEW-MAT-01982,C,medium,low_precision_conflict,镀锌三通,管道管件/金属管件/镀锌管件,表面: 镀锌；规格: 2寸；类型: 三通,个,,存在低精度或人工复核标记，需要补齐信息。,确认材质、口径/规格、连接方式和类型。,Sheet1:3133；Sheet1:3485,镀锌三通2寸
REVIEW-MAT-01983,C,medium,specs_conflict,镀锌内丝弯头,管道管件/金属管件/镀锌管件,表面: 镀锌；连接: 内丝；规格: 2寸；类型: 弯头,个,,存在低精度或人工复核标记，需要补齐信息。,确认材质、口径/规格、连接方式和类型。,Sheet1:3134；Sheet1:3503,镀锌内丝弯头2寸
REVIEW-MAT-01984,C,medium,specs_conflict,镀锌内丝弯头,管道管件/金属管件/镀锌管件,表面: 镀锌；连接: 内丝；规格: 3寸；类型: 弯头,个,,存在低精度或人工复核标记，需要补齐信息。,确认材质、口径/规格、连接方式和类型。,Sheet1:3135,镀锌内丝弯头3寸
REVIEW-MAT-01985,C,medium,specs_conflict,焊接变径接头,管道管件/其他/焊接管件,连接: 焊接；规格: 150/2寸；类型: 变径接头,个,,存在低精度或人工复核标记，需要补齐信息。,确认材质、口径/规格、连接方式和类型。,Sheet1:3136,焊接变径接头150/2寸
REVIEW-MAT-01986,C,medium,specs_conflict,焊接变径接头,管道管件/其他/焊接管件,连接: 焊接；规格: 150/3寸；类型: 变径接头,个,,存在低精度或人工复核标记，需要补齐信息。,确认材质、口径/规格、连接方式和类型。,Sheet1:3137,焊接变径接头150/3寸
REVIEW-MAT-01987,D,high,alias_conflict,石笔,焊接焊割/其他/划线工具,类型: 石笔,盒,,存在阻塞冲突，不能自动放行。,先解决别名、单位或分组冲突，不要自动创建物料。,Sheet1:3138,石笔
REVIEW-MAT-01989,C,medium,needs_human_review,地线夹,焊接焊割/焊割设备工具/焊机割炬,额定电流: 500A；类型: 地线夹,把,,存在低精度或人工复核标记，需要补齐信息。,确认型号、直径/规格、材质和包装。,Sheet1:3140,500A地线夹
REVIEW-MAT-01990,C,medium,needs_human_review,密目安全网,安全防护/隔离防护/防护网,类型: 密目；尺寸: 6m*1.2m,张,,存在低精度或人工复核标记，需要补齐信息。,确认类型、规格、材质和安全等级。,Sheet1:3141,密目安全网6m*1.2m
REVIEW-MAT-01991,C,medium,needs_human_review,高压管总成,液压气动/液压管路/高压胶管,直径: Φ13；长度: 50m；配置: 两端接头,根,,存在低精度或人工复核标记，需要补齐信息。,按默认规则补齐至少一个关键规格字段。,Sheet1:3142,高压管带两端接头Φ13-50m
REVIEW-MAT-01992,C,medium,missing_specs,透明胶带,包装与标识/胶带标签/胶带,颜色: 透明,卷,至少一个: 规格；型号；类型；材质；品牌；尺寸；长度；厚度；功率；包装规格；适用设备,未满足当前分组的关键规格模板。,按默认规则补齐至少一个关键规格字段。,Sheet1:3143；Sheet1:3149,透明胶带
REVIEW-MAT-01993,C,medium,missing_specs,带盖周转箱,行政办公与清洁/生活后勤/生活用品,特征: 加厚；配置: 带盖；尺寸: 830*580*500,个,至少一个: 规格；类型；品牌；包装规格,未满足当前分组的关键规格模板。,确认规格、品牌和包装单位。,Sheet1:3144,加厚周转箱带盖830*580*500
REVIEW-MAT-01994,D,high,alias_conflict,建筑模板,工程建材/其他/模板,颜色: 红；尺寸: 2.4m*1.22m；厚度: 15mm,张,,存在阻塞冲突，不能自动放行。,先解决别名、单位或分组冲突，不要自动创建物料。,Sheet1:3145,红模板2.4m*1.22m*15mm
REVIEW-MAT-01995,C,medium,needs_human_review,彩钢板,工程建材/其他/彩钢板,尺寸: 2.3m*1m,块,,存在低精度或人工复核标记，需要补齐信息。,确认规格、材质/强度等级、尺寸和包装单位。,Sheet1:3148,彩钢板2.3m*1m
REVIEW-MAT-01996,C,medium,missing_specs,万向扣件,工程建材/其他/脚手架扣件,类型: 万向扣件,个,至少一个: 规格；型号；材质；厚度；尺寸；包装规格；强度等级,未满足当前分组的关键规格模板。,确认规格、材质/强度等级、尺寸和包装单位。,Sheet1:3150,万向扣件
REVIEW-MAT-01997,C,medium,missing_specs,十字扣件,工程建材/其他/脚手架扣件,类型: 十字扣件,个,至少一个: 规格；型号；材质；厚度；尺寸；包装规格；强度等级,未满足当前分组的关键规格模板。,确认规格、材质/强度等级、尺寸和包装单位。,Sheet1:3151,十字扣件
REVIEW-MAT-01998,C,medium,missing_specs,直接扣件,工程建材/其他/脚手架扣件,类型: 直接扣件,个,至少一个: 规格；型号；材质；厚度；尺寸；包装规格；强度等级,未满足当前分组的关键规格模板。,确认规格、材质/强度等级、尺寸和包装单位。,Sheet1:3152,直接扣件
REVIEW-MAT-01999,C,medium,needs_human_review,软胶枪,工具器具/手动工具/通用手动工具,品牌: 世达；类型: 软胶枪,把,,存在低精度或人工复核标记，需要补齐信息。,确认品牌、型号/规格和适用设备。,Sheet1:3153,世达软胶枪
REVIEW-MAT-02000,C,medium,missing_specs,螺纹钢筋加工件,设备备件与加工件/金属加工件/金属加工件,加工: 是；直径: Φ20；长度: 40cm,根,至少一个: 型号；规格；图号；适用设备；材质,未满足当前分组的关键规格模板。,确认型号、图号、适用设备和关键尺寸。,Sheet1:3154,加工螺纹钢筋Φ20*40cm
REVIEW-MAT-02001,C,medium,specs_conflict,不锈钢外螺纹对接头,管道管件/金属管件/钢制管件,材质: 不锈钢；连接: 外螺纹；规格: 4分,个,,存在低精度或人工复核标记，需要补齐信息。,确认材质、口径/规格、连接方式和类型。,Sheet1:3155,不锈钢外螺纹对接头4分
REVIEW-MAT-02002,C,medium,needs_human_review,不锈钢变径对丝,管道管件/金属管件/钢制管件,材质: 不锈钢；连接: 外螺纹；规格: 6分变4分,个,,存在低精度或人工复核标记，需要补齐信息。,确认材质、口径/规格、连接方式和类型。,Sheet1:3156,不锈钢外螺纹对丝变径6分变4分
REVIEW-MAT-02003,C,medium,specs_conflict,不锈钢外螺纹对接头,管道管件/金属管件/钢制管件,材质: 不锈钢；连接: 外螺纹；规格: 6分,个,,存在低精度或人工复核标记，需要补齐信息。,确认材质、口径/规格、连接方式和类型。,Sheet1:3157,不锈钢外螺纹对接头6分
REVIEW-MAT-02004,C,medium,low_precision_conflict,建筑模板,工程建材/其他/模板,颜色: 黑；尺寸: 2.4m*1.22m；厚度: 15mm,张,,存在低精度或人工复核标记，需要补齐信息。,确认规格、材质/强度等级、尺寸和包装单位。,Sheet1:3160,黑模板2.4m*1.22m*15mm
REVIEW-MAT-02005,C,medium,missing_specs,螺纹钢筋加工件,设备备件与加工件/金属加工件/金属加工件,加工: 是；直径: Φ20；长度: 60cm,根,至少一个: 型号；规格；图号；适用设备；材质,未满足当前分组的关键规格模板。,确认型号、图号、适用设备和关键尺寸。,Sheet1:3163,加工螺纹钢筋Φ20*60cm
REVIEW-MAT-02006,D,high,alias_conflict,建筑模板,工程建材/其他/模板,颜色: 红；尺寸: 2.4m*1.22m；厚度: 15mm,块,,存在阻塞冲突，不能自动放行。,先解决别名、单位或分组冲突，不要自动创建物料。,Sheet1:3164,红模板2.4m*1.22m*15mm
REVIEW-MAT-02007,C,medium,specs_conflict,活动扳手,工具器具/手动工具/通用手动工具,品牌: 世达；规格: 12寸,把,,存在低精度或人工复核标记，需要补齐信息。,确认品牌、型号/规格和适用设备。,Sheet1:3165,世达活动扳手12寸
REVIEW-MAT-02008,C,medium,specs_conflict,活动扳手,工具器具/手动工具/通用手动工具,品牌: 世达；规格: 10寸,把,,存在低精度或人工复核标记，需要补齐信息。,确认品牌、型号/规格和适用设备。,Sheet1:3166,世达活动扳手10寸
REVIEW-MAT-02010,C,medium,missing_specs,焊工眼镜,劳保用品/其他/眼面防护,用途: 电焊防护；颜色: 白色/灰色,付,至少一个: 类型；规格；材质；型号,未满足当前分组的关键规格模板。,确认类型、规格、材质和安全等级。,Sheet1:3168,电焊眼镜白色 灰色
REVIEW-MAT-02011,C,medium,specs_conflict,钢卷尺,工具器具/量具测量/量具测量,品牌: 得力；长度: 3m,把,,存在低精度或人工复核标记，需要补齐信息。,确认品牌、型号/规格和适用设备。,Sheet1:3169,得力钢卷尺3m
REVIEW-MAT-02012,C,medium,specs_conflict,钢卷尺,工具器具/量具测量/量具测量,品牌: 得力；长度: 5m,把,,存在低精度或人工复核标记，需要补齐信息。,确认品牌、型号/规格和适用设备。,Sheet1:3170,得力钢卷尺5m
REVIEW-MAT-02013,C,medium,specs_conflict,钢卷尺,工具器具/量具测量/量具测量,品牌: 得力；长度: 7.5m,把,,存在低精度或人工复核标记，需要补齐信息。,确认品牌、型号/规格和适用设备。,Sheet1:3171,得力钢卷尺7.5m
REVIEW-MAT-02014,C,medium,specs_conflict,钢卷尺,工具器具/量具测量/量具测量,品牌: 得力；长度: 10m,把,,存在低精度或人工复核标记，需要补齐信息。,确认品牌、型号/规格和适用设备。,Sheet1:3172,得力钢卷尺10m
REVIEW-MAT-02015,C,medium,missing_specs,焊罩镜片,劳保用品/其他/眼面防护,适配: 焊罩；颜色: 白/黑,盒,至少一个: 类型；规格；材质；型号,未满足当前分组的关键规格模板。,确认类型、规格、材质和安全等级。,Sheet1:3173,焊罩镜片 白 黑
REVIEW-MAT-02016,C,medium,missing_specs,加厚周转箱,行政办公与清洁/生活后勤/生活用品,特征: 加厚；尺寸: 600*400*150,个,至少一个: 规格；类型；品牌；包装规格,未满足当前分组的关键规格模板。,确认规格、品牌和包装单位。,Sheet1:3174,加厚周转箱600*400*150
REVIEW-MAT-02017,C,medium,specs_conflict,钻头,工具器具/工具耗材/钻头,品牌: 博世；柄型: 二坑三槽；直径: Φ20；长度: 280,支,,存在低精度或人工复核标记，需要补齐信息。,确认品牌、型号/规格和适用设备。,Sheet1:3175,博世二坑三槽钻头Φ20*280
REVIEW-MAT-02018,C,medium,specs_conflict,钻头,工具器具/工具耗材/钻头,品牌: 博世；柄型: 二坑三槽；直径: Φ22；长度: 280,支,,存在低精度或人工复核标记，需要补齐信息。,确认品牌、型号/规格和适用设备。,Sheet1:3176,博世二坑三槽钻头Φ22*280
REVIEW-MAT-02019,C,medium,specs_conflict,碳刷,工具器具/电动工具/电钻角磨机,规格: 900#,副,,存在低精度或人工复核标记，需要补齐信息。,确认品牌、型号/规格和适用设备。,Sheet1:3177,碳刷900#
REVIEW-MAT-02020,C,medium,specs_conflict,碳刷,工具器具/电动工具/电钻角磨机,规格: 43#,副,,存在低精度或人工复核标记，需要补齐信息。,确认品牌、型号/规格和适用设备。,Sheet1:3178,碳刷43#
REVIEW-MAT-02021,C,medium,needs_human_review,膨胀止水条,工程建材/保温防水/防水堵漏,规格: 5mm*30mm；类型: 膨胀止水条,米,,存在低精度或人工复核标记，需要补齐信息。,确认规格、材质/强度等级、尺寸和包装单位。,Sheet1:3180,膨胀止水条5mm*30mm
REVIEW-MAT-02022,C,medium,specs_conflict,尼龙扎带,电气与自动化/其他/扎带,规格: 8*300,包,,存在低精度或人工复核标记，需要补齐信息。,确认品牌、型号、电气参数和安装/连接方式。,Sheet1:3181,扎带8*300
REVIEW-MAT-02023,C,medium,specs_conflict,不锈钢烟灰桶,行政办公与清洁/清洁用品/清洁工具耗材,材质: 304不锈钢；类型: 烟灰桶,个,,存在低精度或人工复核标记，需要补齐信息。,确认规格、品牌和包装单位。,Sheet1:3183,304不锈钢烟灰桶
REVIEW-MAT-02024,D,high,unit_conflict,插线板,电气与自动化/插头插座/插头插座,品牌: 公牛；结构: 双排；线长: 3m,个,,存在阻塞冲突，不能自动放行。,先解决别名、单位或分组冲突，不要自动创建物料。,Sheet1:3184,公牛双排插板3m
REVIEW-MAT-02025,C,medium,missing_specs,火钳,工具器具/其他/夹持工具,类型: 火钳,把,至少一个: 型号；规格；品牌；尺寸；适用设备,未满足当前分组的关键规格模板。,确认品牌、型号/规格和适用设备。,Sheet1:3185,火钳
REVIEW-MAT-02026,C,medium,missing_specs,铜接线端子,电气与自动化/接线连接/接线端子,材质: 铜；适配线径: 185平方,个,至少一个: 型号；规格；品牌；电流；电压；功率；位数,未满足当前分组的关键规格模板。,确认品牌、型号、电气参数和安装/连接方式。,Sheet1:3186,铜接头185平方
REVIEW-MAT-02027,C,medium,needs_human_review,高压防水自粘带,电气与自动化/绝缘材料/热缩绝缘,品牌: 3M；特性: 高压防水；类型: 自粘带,卷,,存在低精度或人工复核标记，需要补齐信息。,确认品牌、型号、电气参数和安装/连接方式。,Sheet1:3188,3M高压防水自粘带
REVIEW-MAT-02028,C,medium,needs_human_review,接地桩,电气与自动化/其他/接地材料,规格: M16*1m；用途: 接地,根,,存在低精度或人工复核标记，需要补齐信息。,确认品牌、型号、电气参数和安装/连接方式。,Sheet1:3189,接地桩M16*1m
REVIEW-MAT-02029,C,medium,low_precision_conflict,镀锌螺丝套件,紧固件/螺纹紧固件/螺丝螺栓,表面: 镀锌；规格: M12*30,套,,存在低精度或人工复核标记，需要补齐信息。,确认规格、材质/强度等级和单位。,Sheet1:3190,镀锌螺丝M12*30
REVIEW-MAT-02030,C,medium,needs_human_review,双色接地线,电气与自动化/电线电缆与敷设/电线电缆,品牌: 起帆；用途: 接地；截面积: 16平方；颜色: 双色,米,,存在低精度或人工复核标记，需要补齐信息。,确认品牌、型号、电气参数和安装/连接方式。,Sheet1:3191；Sheet1:3358,起帆双色接地线16平方
REVIEW-MAT-02031,C,medium,needs_human_review,绝缘电阻表,仪器仪表/其他/电气仪表,品牌: 人民；测试电压: 500V；量程: 500兆欧,个,,存在低精度或人工复核标记，需要补齐信息。,按默认规则补齐至少一个关键规格字段。,Sheet1:3192,人民摇表500V-500兆欧
REVIEW-MAT-02032,C,medium,missing_specs,洗洁精,行政办公与清洁/清洁用品/清洁工具耗材,包装: 2KG,桶,至少一个: 规格；类型；品牌；包装规格,未满足当前分组的关键规格模板。,确认规格、品牌和包装单位。,Sheet1:3193,洗洁精2KG
REVIEW-MAT-02033,C,medium,needs_human_review,气动油,化工油漆胶粘/油品化学品/润滑油脂,品牌: 卡仕顿；等级: 特级；容量: 250mL,瓶,,存在低精度或人工复核标记，需要补齐信息。,确认类型、品牌/型号、颜色和包装规格。,Sheet1:3194；Sheet1:3602,卡仕顿特级气动油250mL
REVIEW-MAT-02034,C,medium,specs_conflict,时控开关,电气与自动化/其他/低压电器,品牌: 施耐德；电压: 220V；额定电流: 10A,个,,存在低精度或人工复核标记，需要补齐信息。,确认品牌、型号、电气参数和安装/连接方式。,Sheet1:3195,施耐德时控开关220V/10A
REVIEW-MAT-02035,C,medium,missing_specs,绝缘橡胶板,电气与自动化/绝缘材料/热缩绝缘,特性: 绝缘；厚度: 3mm,kg,至少一个: 型号；规格；品牌；电流；电压；功率；位数,未满足当前分组的关键规格模板。,确认品牌、型号、电气参数和安装/连接方式。,Sheet1:3196,绝缘橡胶板3mm
REVIEW-MAT-02036,C,medium,low_precision_conflict,插座,电气与自动化/插头插座/插头插座,型号: DKJ35-50；颜色: 黑色,个,,存在低精度或人工复核标记，需要补齐信息。,确认品牌、型号、电气参数和安装/连接方式。,Sheet1:3197,DKJ35-50黑色插座
REVIEW-MAT-02037,C,medium,specs_conflict,工字钢,金属原材料/钢材型材/钢材型材,规格: 16#,米,,存在低精度或人工复核标记，需要补齐信息。,确认材质、规格尺寸和执行标准。,Sheet1:3200,工字钢16#
REVIEW-MAT-02038,C,medium,specs_conflict,交流接触器,电气与自动化/其他/低压电器,品牌: 人民；系列/型号: CJX2-1810,个,,存在低精度或人工复核标记，需要补齐信息。,确认品牌、型号、电气参数和安装/连接方式。,Sheet1:3202,人民交流接触器CJX2-1810
REVIEW-MAT-02039,C,medium,specs_conflict,冷压线鼻端子,电气与自动化/接线连接/接线端子,类型: OT；规格: 2.5-4,包,,存在低精度或人工复核标记，需要补齐信息。,确认品牌、型号、电气参数和安装/连接方式。,Sheet1:3203,冷压线鼻端子OT2.5-4
REVIEW-MAT-02040,C,medium,specs_conflict,冷压线鼻端子,电气与自动化/接线连接/接线端子,类型: OT；规格: 4-6,包,,存在低精度或人工复核标记，需要补齐信息。,确认品牌、型号、电气参数和安装/连接方式。,Sheet1:3204,冷压线鼻端子OT4-6
REVIEW-MAT-02041,C,medium,specs_conflict,冷压线鼻端子,电气与自动化/接线连接/接线端子,类型: OT；规格: 6-8,包,,存在低精度或人工复核标记，需要补齐信息。,确认品牌、型号、电气参数和安装/连接方式。,Sheet1:3205,冷压线鼻端子OT6-8
REVIEW-MAT-02042,C,medium,missing_specs,剥线钳,工具器具/其他/电工工具,类型: 多功能剥线钳,把,至少一个: 型号；规格；品牌；尺寸；适用设备,未满足当前分组的关键规格模板。,确认品牌、型号/规格和适用设备。,Sheet1:3207,多功能剥线钳
REVIEW-MAT-02043,C,medium,missing_specs,感应电笔,工具器具/其他/电工工具,类型: 感应电笔,支,至少一个: 型号；规格；品牌；尺寸；适用设备,未满足当前分组的关键规格模板。,确认品牌、型号/规格和适用设备。,Sheet1:3208,感应电笔
REVIEW-MAT-02044,C,medium,missing_specs,钳形电流表,仪器仪表/其他/电气仪表,精度: 高精度；量程: 1000A,个,至少一个: 规格；型号；类型；材质；品牌；尺寸；长度；厚度；功率；包装规格；适用设备,未满足当前分组的关键规格模板。,按默认规则补齐至少一个关键规格字段。,Sheet1:3209,高精度钳流表1000A
REVIEW-MAT-02045,C,medium,missing_specs,电工包,工具器具/其他/工具包,材质: 帆布；用途: 电工,个,至少一个: 型号；规格；品牌；尺寸；适用设备,未满足当前分组的关键规格模板。,确认品牌、型号/规格和适用设备。,Sheet1:3210,帆布电工包
REVIEW-MAT-02046,C,medium,specs_conflict,三叉套筒扳手,工具器具/手动工具/通用手动工具,规格: 14-17-19；类型: 三叉套筒,把,,存在低精度或人工复核标记，需要补齐信息。,确认品牌、型号/规格和适用设备。,Sheet1:3211,三叉套筒扳手14-17-19
REVIEW-MAT-02047,C,medium,specs_conflict,三叉套筒扳手,工具器具/手动工具/通用手动工具,规格: 13-16-18；类型: 三叉套筒,把,,存在低精度或人工复核标记，需要补齐信息。,确认品牌、型号/规格和适用设备。,Sheet1:3212,三叉套筒扳手13-16-18
REVIEW-MAT-02048,C,medium,specs_conflict,三叉套筒扳手,工具器具/手动工具/通用手动工具,规格: 10-12-14；类型: 三叉套筒,把,,存在低精度或人工复核标记，需要补齐信息。,确认品牌、型号/规格和适用设备。,Sheet1:3213,三叉套筒扳手10-12-14
REVIEW-MAT-02049,C,medium,needs_human_review,T型套筒扳手套装,工具器具/手动工具/通用手动工具,类型: T型套筒；规格范围: 8-19；件数: 6件,套,,存在低精度或人工复核标记，需要补齐信息。,确认品牌、型号/规格和适用设备。,Sheet1:3214,T型套筒扳手8-19/6件套装
REVIEW-MAT-02050,C,medium,specs_conflict,绝缘十字螺丝刀,工具器具/其他/电工工具,头型: 十字；规格: 4*100；特性: 绝缘,把,,存在低精度或人工复核标记，需要补齐信息。,确认品牌、型号/规格和适用设备。,Sheet1:3215,绝缘十字螺丝刀4*100
REVIEW-MAT-02051,C,medium,specs_conflict,绝缘十字螺丝刀,工具器具/其他/电工工具,头型: 十字；规格: 5*125；特性: 绝缘,把,,存在低精度或人工复核标记，需要补齐信息。,确认品牌、型号/规格和适用设备。,Sheet1:3216,绝缘十字螺丝刀5*125
REVIEW-MAT-02052,C,medium,needs_human_review,绝缘一字螺丝刀,工具器具/其他/电工工具,头型: 一字；规格: 3*75；特性: 绝缘,把,,存在低精度或人工复核标记，需要补齐信息。,确认品牌、型号/规格和适用设备。,Sheet1:3217,绝缘一字螺丝刀3*75
REVIEW-MAT-02053,C,medium,low_precision_conflict,插座,电气与自动化/插头插座/插头插座,型号: DKJ35-50；颜色: 红色,个,,存在低精度或人工复核标记，需要补齐信息。,确认品牌、型号、电气参数和安装/连接方式。,Sheet1:3218,DKJ35-50红色插座
REVIEW-MAT-02054,D,high,alias_conflict,开口铜鼻子,电气与自动化/接线连接/接线端子,材质: 铜；类型: 开口铜鼻子；规格: 300A,个,,存在阻塞冲突，不能自动放行。,先解决别名、单位或分组冲突，不要自动创建物料。,Sheet1:3222,开口铜鼻子300A
REVIEW-MAT-02055,C,medium,needs_human_review,花兰螺丝,紧固件/其他/拉紧件,规格: M14*200；类型: 花兰螺丝,个,,存在低精度或人工复核标记，需要补齐信息。,确认规格、材质/强度等级和单位。,Sheet1:3223,花兰螺丝M14*200
REVIEW-MAT-02056,C,medium,specs_conflict,镀锌膨胀钩,紧固件/锚固件/膨胀锚栓,表面: 镀锌；规格: M12*125；类型: 膨胀钩,个,,存在低精度或人工复核标记，需要补齐信息。,确认规格、材质/强度等级和单位。,Sheet1:3225,镀锌膨胀钩M12*125
REVIEW-MAT-02057,C,medium,low_precision_conflict,镀锌螺丝套件,紧固件/螺纹紧固件/螺丝螺栓,强度等级: 8.8；规格: M16*70；表面: 镀锌；包含: 平垫+弹垫,套,,存在低精度或人工复核标记，需要补齐信息。,确认规格、材质/强度等级和单位。,Sheet1:3226,8.8级M16*70镀锌螺丝带平 弹垫
REVIEW-MAT-02058,C,medium,missing_specs,浮球液位开关,电气与自动化/其他/液位控制,类型: 浮球开关；线长: 10m,个,至少一个: 型号；规格；品牌；电流；电压；功率；位数,未满足当前分组的关键规格模板。,确认品牌、型号、电气参数和安装/连接方式。,Sheet1:3227,浮球阀开关带10m线
REVIEW-MAT-02059,C,medium,needs_human_review,不锈钢C式自锁接头套装,液压气动/液压接头/液压接头,材质: 不锈钢；类型: C式自锁；型号组合: SM40+PM40,套,,存在低精度或人工复核标记，需要补齐信息。,按默认规则补齐至少一个关键规格字段。,Sheet1:3231,不锈钢C式自锁接头SM40+PM40
REVIEW-MAT-02060,C,medium,specs_conflict,不锈钢快接公头,液压气动/液压接头/液压接头,材质: 不锈钢；类型: 快接公头；型号: PP20,个,,存在低精度或人工复核标记，需要补齐信息。,按默认规则补齐至少一个关键规格字段。,Sheet1:3232,不锈钢快接公头PP20
REVIEW-MAT-02061,C,medium,specs_conflict,不锈钢快接公头,液压气动/液压接头/液压接头,材质: 不锈钢；类型: 快接公头；型号: PP30,个,,存在低精度或人工复核标记，需要补齐信息。,按默认规则补齐至少一个关键规格字段。,Sheet1:3233,不锈钢快接公头PP30
REVIEW-MAT-02062,C,medium,specs_conflict,不锈钢快接公头,液压气动/液压接头/液压接头,材质: 不锈钢；类型: 快接公头；型号: PP60,个,,存在低精度或人工复核标记，需要补齐信息。,按默认规则补齐至少一个关键规格字段。,Sheet1:3234,不锈钢快接公头PP60
REVIEW-MAT-02063,C,medium,needs_human_review,不锈钢快拧外丝直接,液压气动/液压接头/液压接头,材质: 不锈钢；类型: 快拧外丝直接；型号: PC16-04,个,,存在低精度或人工复核标记，需要补齐信息。,按默认规则补齐至少一个关键规格字段。,Sheet1:3235,不锈钢快拧外丝直接PC16-04
REVIEW-MAT-02064,C,medium,low_precision_conflict,螺丝套件,紧固件/螺纹紧固件/螺丝螺栓,强度等级: 8.8；规格: M16*130；包含: 平垫+弹垫,套,,存在低精度或人工复核标记，需要补齐信息。,确认规格、材质/强度等级和单位。,Sheet1:3236,8.8级M16*130螺丝带平 弹垫
REVIEW-MAT-02065,D,high,alias_conflict,编织袋,包装与标识/袋箱膜包装/袋箱膜,规格: 大号；类型: 编织袋,条,,存在阻塞冲突，不能自动放行。,先解决别名、单位或分组冲突，不要自动创建物料。,Sheet1:3238,大编织袋
REVIEW-MAT-02066,C,medium,specs_conflict,麻袋,包装与标识/袋箱膜包装/袋箱膜,规格: 大号；类型: 麻袋,条,,存在低精度或人工复核标记，需要补齐信息。,按默认规则补齐至少一个关键规格字段。,Sheet1:3239,大麻袋
REVIEW-MAT-02067,C,medium,specs_conflict,镀锌外丝直接,管道管件/金属管件/镀锌管件,表面: 镀锌；连接: 外丝；规格: 4分；类型: 直接,个,,存在低精度或人工复核标记，需要补齐信息。,确认材质、口径/规格、连接方式和类型。,Sheet1:3240,镀锌外丝直接4分
REVIEW-MAT-02068,C,medium,specs_conflict,镀锌内丝弯头,管道管件/金属管件/镀锌管件,表面: 镀锌；连接: 内丝；规格: 4分；类型: 弯头,个,,存在低精度或人工复核标记，需要补齐信息。,确认材质、口径/规格、连接方式和类型。,Sheet1:3241,镀锌内丝弯头4分
REVIEW-MAT-02069,C,medium,missing_specs,异形垫片,设备备件与加工件/金属加工件/金属加工件,定制: 是；原始: 异性；尺寸: 330*260*5,个,至少一个: 型号；规格；图号；适用设备；材质,未满足当前分组的关键规格模板。,确认型号、图号、适用设备和关键尺寸。,Sheet1:3242,订做异性垫片330*260*5
REVIEW-MAT-02070,C,medium,specs_conflict,不锈钢高压球阀,阀门/通用阀门/球阀,材质: 304不锈钢；规格: 2寸；类型: 高压球阀,个,,存在低精度或人工复核标记，需要补齐信息。,按默认规则补齐至少一个关键规格字段。,Sheet1:3243,304不锈钢高压球阀2寸
REVIEW-MAT-02071,C,medium,specs_conflict,镀锌外丝直接,管道管件/金属管件/镀锌管件,表面: 镀锌；连接: 外丝；规格: 2寸；长度: 150mm,个,,存在低精度或人工复核标记，需要补齐信息。,确认材质、口径/规格、连接方式和类型。,Sheet1:3244,镀锌外丝直接2寸/150mm
REVIEW-MAT-02072,C,medium,needs_human_review,中性笔,行政办公与清洁/办公用品/文具书写,类型: 中性笔,支,,存在低精度或人工复核标记，需要补齐信息。,确认规格、品牌和包装单位。,Sheet1:3247,中性笔
REVIEW-MAT-02073,C,medium,specs_conflict,对丝接头,液压气动/液压管路/高压胶管,螺纹/规格: 36*2H；类型: 对丝接头,个,,存在低精度或人工复核标记，需要补齐信息。,按默认规则补齐至少一个关键规格字段。,Sheet1:3248,36*2H对丝接头
REVIEW-MAT-02074,C,medium,specs_conflict,高压弯头,液压气动/液压管路/高压胶管,螺纹/规格: 36*2；结构: 双H；类型: 弯头,个,,存在低精度或人工复核标记，需要补齐信息。,按默认规则补齐至少一个关键规格字段。,Sheet1:3249,36*2双H弯头
REVIEW-MAT-02075,C,medium,specs_conflict,变径对丝接头,液压气动/液压管路/高压胶管,规格: 1寸/36*2H；类型: 变径对丝,个,,存在低精度或人工复核标记，需要补齐信息。,按默认规则补齐至少一个关键规格字段。,Sheet1:3250,1寸/36*2H变径对丝接头
REVIEW-MAT-02076,D,high,alias_conflict,架子管,工程建材/其他/脚手架管,长度: 6m；类型: 架子管,根,至少一个: 规格；型号；材质；厚度；尺寸；包装规格；强度等级,存在阻塞冲突，不能自动放行。,先解决别名、单位或分组冲突，不要自动创建物料。,Sheet1:3252,架子管6m
REVIEW-MAT-02077,C,medium,needs_human_review,冲凿套装,工具器具/其他/冲凿工具,品牌: 上匠；件数: 12件,套,,存在低精度或人工复核标记，需要补齐信息。,确认品牌、型号/规格和适用设备。,Sheet1:3254,上匠冲凿12件套
REVIEW-MAT-02078,C,medium,specs_conflict,不锈钢内外丝球阀,阀门/通用阀门/球阀,材质: 304不锈钢；规格: 4分；连接: 内外丝,个,,存在低精度或人工复核标记，需要补齐信息。,按默认规则补齐至少一个关键规格字段。,Sheet1:3255,304不锈钢4分内外丝球阀
REVIEW-MAT-02079,C,medium,specs_conflict,不锈钢内外丝球阀,阀门/通用阀门/球阀,材质: 304不锈钢；规格: 3分；连接: 内外丝,个,,存在低精度或人工复核标记，需要补齐信息。,按默认规则补齐至少一个关键规格字段。,Sheet1:3256,304不锈钢3分内外丝球阀
REVIEW-MAT-02080,C,medium,specs_conflict,不锈钢内丝球阀,阀门/通用阀门/球阀,材质: 304不锈钢；规格: 4分；连接: 内丝,个,,存在低精度或人工复核标记，需要补齐信息。,按默认规则补齐至少一个关键规格字段。,Sheet1:3257,304不锈钢4分内丝球阀
REVIEW-MAT-02081,C,medium,specs_conflict,不锈钢内丝球阀,阀门/通用阀门/球阀,材质: 304不锈钢；规格: 3分；连接: 内丝,个,,存在低精度或人工复核标记，需要补齐信息。,按默认规则补齐至少一个关键规格字段。,Sheet1:3258,304不锈钢3分内丝球阀
REVIEW-MAT-02082,C,medium,needs_human_review,不锈钢宝塔球阀,阀门/通用阀门/球阀,材质: 304不锈钢；规格: 2分-12mm；连接: 宝塔,个,,存在低精度或人工复核标记，需要补齐信息。,按默认规则补齐至少一个关键规格字段。,Sheet1:3259,304不锈钢2分-12mm宝塔球阀
REVIEW-MAT-02083,C,medium,specs_conflict,不锈钢直通快插接头,液压气动/液压接头/液压接头,材质: 304不锈钢；型号: QS-1/4-12；类型: 直通快插,个,,存在低精度或人工复核标记，需要补齐信息。,按默认规则补齐至少一个关键规格字段。,Sheet1:3260,304不锈钢直通快插接头QS-1/4-12
REVIEW-MAT-02084,C,medium,specs_conflict,不锈钢直通快插接头,液压气动/液压接头/液压接头,材质: 304不锈钢；型号: QS-1/4-10；类型: 直通快插,个,,存在低精度或人工复核标记，需要补齐信息。,按默认规则补齐至少一个关键规格字段。,Sheet1:3261,304不锈钢直通快插接头QS-1/4-10
REVIEW-MAT-02085,C,medium,specs_conflict,不锈钢直通快插接头,液压气动/液压接头/液压接头,材质: 304不锈钢；型号: QS-1/4-8；类型: 直通快插,个,,存在低精度或人工复核标记，需要补齐信息。,按默认规则补齐至少一个关键规格字段。,Sheet1:3262,304不锈钢直通快插接头QS-1/4-8
REVIEW-MAT-02086,C,medium,needs_human_review,自紧钻夹头,工具器具/电动工具/电钻角磨机,品牌: 马牌；夹持范围: 0.3-16；接口: B18,个,,存在低精度或人工复核标记，需要补齐信息。,确认品牌、型号/规格和适用设备。,Sheet1:3263,马牌自紧钻夹头0.3-16B18
REVIEW-MAT-02087,C,medium,needs_human_review,铅笔,行政办公与清洁/办公用品/文具书写,规格: 2B,支,,存在低精度或人工复核标记，需要补齐信息。,确认规格、品牌和包装单位。,Sheet1:3264,2B铅笔
REVIEW-MAT-02088,C,medium,missing_specs,速凝型堵漏剂,工程建材/保温防水/防水堵漏,品牌: 牛元；特性: 速凝型,箱,至少一个: 规格；型号；材质；厚度；尺寸；包装规格；强度等级,未满足当前分组的关键规格模板。,确认规格、材质/强度等级、尺寸和包装单位。,Sheet1:3265,牛元速凝型堵漏剂
REVIEW-MAT-02089,C,medium,needs_human_review,不锈钢焊条,焊接焊割/焊接耗材/焊条焊丝,材质: 不锈钢；直径: Φ2.5,包,,存在低精度或人工复核标记，需要补齐信息。,确认型号、直径/规格、材质和包装。,Sheet1:3266,不锈钢焊条Φ2.5
REVIEW-MAT-02090,C,medium,needs_human_review,7号电池,电气与自动化/电源电池/电源电池,品牌: 南孚；规格: 7号,节,,存在低精度或人工复核标记，需要补齐信息。,确认品牌、型号、电气参数和安装/连接方式。,Sheet1:3268,南孚电池7号
REVIEW-MAT-02091,C,medium,needs_human_review,RVVP屏蔽线,电气与自动化/电线电缆与敷设/电线电缆,型号: RVVP；规格: 3*1.5；特性: 屏蔽,米,,存在低精度或人工复核标记，需要补齐信息。,确认品牌、型号、电气参数和安装/连接方式。,Sheet1:3270,RVVP屏蔽线3*1.5
REVIEW-MAT-02092,C,medium,missing_specs,弹簧式安全阀,阀门/其他/安全阀,结构: 弹簧式；公称通径: DN20,个,至少一个: 类型；规格；材质；型号,未满足当前分组的关键规格模板。,确认类型、规格、材质和安全等级。,Sheet1:3273,弹簧式安全阀DN20
REVIEW-MAT-02093,C,medium,needs_human_review,铜内丝管接,管道管件/其他/铜管件,材质: 铜；连接: 内丝；规格: 20,个,,存在低精度或人工复核标记，需要补齐信息。,确认材质、口径/规格、连接方式和类型。,Sheet1:3274,铜内丝管接20
REVIEW-MAT-02094,C,medium,needs_human_review,焊接弯头,管道管件/其他/焊接管件,连接: 焊接；角度: 90度；规格: 159,个,,存在低精度或人工复核标记，需要补齐信息。,确认材质、口径/规格、连接方式和类型。,Sheet1:3275,焊接90度弯头159
REVIEW-MAT-02095,C,medium,specs_conflict,灯座,电气与自动化/照明与报警/灯具,规格: E27,个,,存在低精度或人工复核标记，需要补齐信息。,确认品牌、型号、电气参数和安装/连接方式。,Sheet1:3276,E27灯座
REVIEW-MAT-02096,C,medium,needs_human_review,焊管,金属原材料/钢材型材/钢材型材,规格: 2寸；长度: 3m；类型: 焊管,根,,存在低精度或人工复核标记，需要补齐信息。,确认材质、规格尺寸和执行标准。,Sheet1:3277,焊管2寸*3m
REVIEW-MAT-02097,C,medium,low_precision_conflict,螺丝套件,紧固件/螺纹紧固件/螺丝螺栓,强度等级: 8.8；规格: M16*60；包含: 平垫+弹垫,套,,存在低精度或人工复核标记，需要补齐信息。,确认规格、材质/强度等级和单位。,Sheet1:3278；Sheet1:3464,8.8级M16*60螺丝带平 弹垫；8.8级M16*60螺丝带平弹垫
REVIEW-MAT-02098,C,medium,low_precision_conflict,螺丝套件,紧固件/螺纹紧固件/螺丝螺栓,强度等级: 8.8；规格: M20*60；包含: 平垫+弹垫,套,,存在低精度或人工复核标记，需要补齐信息。,确认规格、材质/强度等级和单位。,Sheet1:3279,8.8级M20*60螺丝带平 弹垫
REVIEW-MAT-02099,C,medium,missing_specs,潜水泵,设备备件与加工件/设备专用备件/设备备件,电压: 220V；功率: 370W；出口: 1寸,台,至少一个: 型号；规格；图号；适用设备；材质,未满足当前分组的关键规格模板。,确认型号、图号、适用设备和关键尺寸。,Sheet1:3280,潜水泵220V/370W-1寸出口
REVIEW-MAT-02100,C,medium,specs_conflict,不锈钢单向阀,阀门/其他/单向阀,材质: 304不锈钢；公称通径: DN50,个,,存在低精度或人工复核标记，需要补齐信息。,按默认规则补齐至少一个关键规格字段。,Sheet1:3281,304不锈钢单向阀DN50
REVIEW-MAT-02101,C,medium,specs_conflict,不锈钢内六角螺丝套件,紧固件/螺纹紧固件/螺丝螺栓,材质: 不锈钢；头型: 内六角；规格: M5*30；包含: 平垫+弹垫,套,,存在低精度或人工复核标记，需要补齐信息。,确认规格、材质/强度等级和单位。,Sheet1:3282,不锈钢内六角螺丝M5*30带平弹垫
REVIEW-MAT-02102,C,medium,specs_conflict,不锈钢内六角螺丝套件,紧固件/螺纹紧固件/螺丝螺栓,材质: 不锈钢；头型: 内六角；规格: M5*10；包含: 平垫+弹垫,套,,存在低精度或人工复核标记，需要补齐信息。,确认规格、材质/强度等级和单位。,Sheet1:3283,不锈钢内六角螺丝M5*10带平弹垫
REVIEW-MAT-02103,C,medium,specs_conflict,不锈钢内六角螺丝套件,紧固件/螺纹紧固件/螺丝螺栓,材质: 不锈钢；头型: 内六角；规格: M5*16；包含: 平垫+弹垫,套,,存在低精度或人工复核标记，需要补齐信息。,确认规格、材质/强度等级和单位。,Sheet1:3284,不锈钢内六角螺丝M5*16带平弹垫
REVIEW-MAT-02104,C,medium,specs_conflict,不锈钢螺母,紧固件/螺纹紧固件/螺母垫圈,材质: 不锈钢；规格: M5,个,,存在低精度或人工复核标记，需要补齐信息。,确认规格、材质/强度等级和单位。,Sheet1:3285,不锈钢M5螺母
REVIEW-MAT-02105,C,medium,needs_human_review,不锈钢螺丝套件,紧固件/螺纹紧固件/螺丝螺栓,材质: 不锈钢；规格: M6*20；包含: 平垫+弹垫,套,,存在低精度或人工复核标记，需要补齐信息。,确认规格、材质/强度等级和单位。,Sheet1:3286,不锈钢M6*20螺丝带平弹垫
REVIEW-MAT-02106,C,medium,needs_human_review,脱漆剂,化工油漆胶粘/其他/脱漆剂,类型: 脱漆剂,瓶,,存在低精度或人工复核标记，需要补齐信息。,确认类型、品牌/型号、颜色和包装规格。,Sheet1:3287,脱漆剂
REVIEW-MAT-02107,C,medium,specs_conflict,加厚油布,工程建材/其他/油布,特征: 加厚；尺寸: 6m*6m,块,,存在低精度或人工复核标记，需要补齐信息。,确认规格、材质/强度等级、尺寸和包装单位。,Sheet1:3288,加厚油布6m*6m
REVIEW-MAT-02108,C,medium,needs_human_review,高强度全螺纹丝杆,紧固件/其他/螺杆,强度等级: 10.9；规格: M12*1m；原始: 全芽,根,,存在低精度或人工复核标记，需要补齐信息。,确认规格、材质/强度等级和单位。,Sheet1:3291,10.9级M12*1m全芽丝杆
REVIEW-MAT-02109,C,medium,specs_conflict,五点式安全带,安全防护/高处与水域防护/高处防护,类型: 五点式,副,,存在低精度或人工复核标记，需要补齐信息。,确认类型、规格、材质和安全等级。,Sheet1:3292,五点式安全带
REVIEW-MAT-02110,C,medium,low_precision_conflict,螺丝套件,紧固件/螺纹紧固件/螺丝螺栓,强度等级: 8.8；规格: M20*200；包含: 平垫+弹垫,套,,存在低精度或人工复核标记，需要补齐信息。,确认规格、材质/强度等级和单位。,Sheet1:3294,8.8级M20*200螺丝带平 弹垫
REVIEW-MAT-02111,C,medium,specs_conflict,镀锌外丝直接,管道管件/金属管件/镀锌管件,表面: 镀锌；连接: 外丝；规格: 6分；长度: 100mm,个,,存在低精度或人工复核标记，需要补齐信息。,确认材质、口径/规格、连接方式和类型。,Sheet1:3295,镀锌外丝直接6分*100mm
REVIEW-MAT-02112,C,medium,specs_conflict,不锈钢双外丝变径接头,管道管件/金属管件/钢制管件,材质: 304不锈钢；连接: 双外丝；规格: 2寸/1.5寸,个,,存在低精度或人工复核标记，需要补齐信息。,确认材质、口径/规格、连接方式和类型。,Sheet1:3296,304不锈钢双外丝变径2寸/1.5寸
REVIEW-MAT-02113,C,medium,specs_conflict,不锈钢双外丝变径接头,管道管件/金属管件/钢制管件,材质: 304不锈钢；连接: 双外丝；规格: 1.5寸/1.2寸,个,,存在低精度或人工复核标记，需要补齐信息。,确认材质、口径/规格、连接方式和类型。,Sheet1:3297,304不锈钢双外丝变径1.5寸/1.2寸
REVIEW-MAT-02114,C,medium,missing_specs,泥浆管接头加工件,设备备件与加工件/金属加工件/金属加工件,加工: 是；连接: 焊接；管径: Φ168；用途: 泥浆管,个,至少一个: 型号；规格；图号；适用设备；材质,未满足当前分组的关键规格模板。,确认型号、图号、适用设备和关键尺寸。,Sheet1:3298,加工焊接泥浆管接头Φ168
REVIEW-MAT-02115,C,medium,needs_human_review,轴向压力表,仪器仪表/其他/压力仪表,类型: 轴向；仪表: 压力表,个,,存在低精度或人工复核标记，需要补齐信息。,按默认规则补齐至少一个关键规格字段。,Sheet1:3300,轴向压力表
REVIEW-MAT-02116,C,medium,needs_human_review,PVC钢丝软管,管道管件/其他/塑料软管,材质: PVC；结构: 钢丝增强；规格: 1寸,米,,存在低精度或人工复核标记，需要补齐信息。,确认材质、口径/规格、连接方式和类型。,Sheet1:3301,PVC钢丝软管1寸
REVIEW-MAT-02117,C,medium,needs_human_review,卡箍,管道管件/管道紧固/管夹卡箍,规格: 50；类型: 卡箍,个,,存在低精度或人工复核标记，需要补齐信息。,确认材质、口径/规格、连接方式和类型。,Sheet1:3302,卡箍50
REVIEW-MAT-02118,C,medium,specs_conflict,镀锌外丝直接,管道管件/金属管件/镀锌管件,表面: 镀锌；连接: 外丝；规格: 1寸；长度: 100mm,个,,存在低精度或人工复核标记，需要补齐信息。,确认材质、口径/规格、连接方式和类型。,Sheet1:3303,镀锌外丝直接1寸*100mm
REVIEW-MAT-02119,C,medium,needs_human_review,镀锌变径接头,管道管件/金属管件/镀锌管件,表面: 镀锌；规格: 1寸/6分；类型: 大小头/变径,个,,存在低精度或人工复核标记，需要补齐信息。,确认材质、口径/规格、连接方式和类型。,Sheet1:3304,镀锌大小头1寸/6分
REVIEW-MAT-02120,C,medium,needs_human_review,不锈钢外丝变径接头,管道管件/金属管件/钢制管件,材质: 304不锈钢；连接: 外丝；规格: 6分/4分,个,,存在低精度或人工复核标记，需要补齐信息。,确认材质、口径/规格、连接方式和类型。,Sheet1:3305,304不锈钢外丝变径6分/4分
REVIEW-MAT-02121,C,medium,missing_specs,防护罩加工件,设备备件与加工件/金属加工件/金属加工件,加工: 是；尺寸: 1.2米*2.7米*0.8米,个,至少一个: 型号；规格；图号；适用设备；材质,未满足当前分组的关键规格模板。,确认型号、图号、适用设备和关键尺寸。,Sheet1:3306,加工防护罩1.2米*2.7米*0.8米
REVIEW-MAT-02122,C,medium,specs_conflict,橡胶垫片,密封件/垫片盘根/垫片盘根,材质: 橡胶；规格: 50,个,,存在低精度或人工复核标记，需要补齐信息。,确认型号、图号、适用设备和关键尺寸。,Sheet1:3307,橡胶垫片50
REVIEW-MAT-02123,D,high,alias_conflict,螺纹锁固胶,化工油漆胶粘/胶粘密封/胶粘剂,品牌: 乐泰；型号: 243,瓶,,存在阻塞冲突，不能自动放行。,先解决别名、单位或分组冲突，不要自动创建物料。,Sheet1:3308,乐泰243胶水
REVIEW-MAT-02124,C,medium,missing_specs,发泡胶,化工油漆胶粘/胶粘密封/胶粘剂,类型: 发泡胶,瓶,至少一个: 型号；规格；图号；适用设备；材质,未满足当前分组的关键规格模板。,确认型号、图号、适用设备和关键尺寸。,Sheet1:3309,发泡胶
REVIEW-MAT-02125,C,medium,needs_human_review,复合吸油棉,行政办公与清洁/清洁用品/清洁工具耗材,材质/类型: 复合；尺寸: 400*500*5,张,,存在低精度或人工复核标记，需要补齐信息。,确认规格、品牌和包装单位。,Sheet1:3310,复合吸油棉400*500*5
REVIEW-MAT-02126,C,medium,needs_human_review,PVC管加工件,设备备件与加工件/金属加工件/金属加工件,加工: 是；材质: PVC；直径: Φ200；长度: 1.5m,根,,存在低精度或人工复核标记，需要补齐信息。,确认型号、图号、适用设备和关键尺寸。,Sheet1:3311,加工PVC管Φ200*1.5m
REVIEW-MAT-02127,C,medium,specs_conflict,PVC直接,管道管件/塑料管件/PVC管件,材质: PVC；直径: Φ200；类型: 直接,个,,存在低精度或人工复核标记，需要补齐信息。,确认材质、口径/规格、连接方式和类型。,Sheet1:3312,PVC管Φ200直接
REVIEW-MAT-02128,C,medium,missing_specs,PVC胶水,化工油漆胶粘/胶粘密封/胶粘剂,用途: PVC粘接,瓶,至少一个: 型号；规格；图号；适用设备；材质,未满足当前分组的关键规格模板。,确认型号、图号、适用设备和关键尺寸。,Sheet1:3313,PVC胶水
REVIEW-MAT-02129,C,medium,specs_conflict,膨胀螺丝,紧固件/螺纹紧固件/螺丝螺栓,规格: Φ10,支,,存在低精度或人工复核标记，需要补齐信息。,确认规格、材质/强度等级和单位。,Sheet1:3314,膨胀螺丝Φ10
REVIEW-MAT-02130,C,medium,needs_human_review,镀锌骑马卡,管道管件/管道紧固/管夹卡箍,表面: 镀锌；规格: Φ200；类型: 骑马卡,个,,存在低精度或人工复核标记，需要补齐信息。,确认材质、口径/规格、连接方式和类型。,Sheet1:3315,镀锌骑马卡Φ200
REVIEW-MAT-02131,C,medium,needs_human_review,不锈钢排气阀,阀门/其他/排气阀,材质: 不锈钢；特征: 大帽,个,,存在低精度或人工复核标记，需要补齐信息。,按默认规则补齐至少一个关键规格字段。,Sheet1:3317,不锈钢大帽排气阀
REVIEW-MAT-02132,C,medium,specs_conflict,自攻螺丝,紧固件/螺纹紧固件/螺丝螺栓,规格: M4,个,,存在低精度或人工复核标记，需要补齐信息。,确认规格、材质/强度等级和单位。,Sheet1:3318,自攻螺丝M4
REVIEW-MAT-02133,C,medium,needs_human_review,遮阳伞,行政办公与清洁/生活后勤/生活用品,规格: 2.2m；类型: 大遮阳伞,把,,存在低精度或人工复核标记，需要补齐信息。,确认规格、品牌和包装单位。,Sheet1:3321,大遮阳伞2.2m
REVIEW-MAT-02134,C,medium,specs_conflict,尖嘴钳,工具器具/手动工具/通用手动工具,品牌: 世达；规格: 6寸；类型: 尖嘴钳,把,,存在低精度或人工复核标记，需要补齐信息。,确认品牌、型号/规格和适用设备。,Sheet1:3324,世达尖嘴钳6寸
REVIEW-MAT-02135,C,medium,specs_conflict,钻尾螺丝,紧固件/螺纹紧固件/螺丝螺栓,规格: M5.5*80；包装: 大盒,盒,,存在低精度或人工复核标记，需要补齐信息。,确认规格、材质/强度等级和单位。,Sheet1:3325,钻尾螺丝M5.5*80大盒
REVIEW-MAT-02136,C,medium,missing_specs,垃圾袋,行政办公与清洁/清洁用品/清洁工具耗材,尺寸: 1m*1.2m,条,至少一个: 规格；类型；品牌；包装规格,未满足当前分组的关键规格模板。,确认规格、品牌和包装单位。,Sheet1:3326；Sheet1:3658,垃圾袋1m*1.2m
REVIEW-MAT-02137,C,medium,missing_specs,钻头,工具器具/工具耗材/钻头,直径: Φ14；长度: 150,支,至少一个: 型号；规格；品牌；尺寸；适用设备,未满足当前分组的关键规格模板。,确认品牌、型号/规格和适用设备。,Sheet1:3327,钻头Φ14*150
REVIEW-MAT-02138,C,medium,specs_conflict,编织袋,包装与标识/袋箱膜包装/袋箱膜,尺寸: 0.8m*1.2m,条,,存在低精度或人工复核标记，需要补齐信息。,按默认规则补齐至少一个关键规格字段。,Sheet1:3328,编织袋0.8m*1.2m
REVIEW-MAT-02139,C,medium,needs_note_review,内六角螺丝套件,紧固件/螺纹紧固件/螺丝螺栓,强度等级: 8.8；头型: 内六角；规格: M10*50；包含: 螺母,套,,存在低精度或人工复核标记，需要补齐信息。,确认规格、材质/强度等级和单位。,Sheet1:3329,8.8级内六角螺丝M10*50带螺母
REVIEW-MAT-02140,C,medium,missing_specs,供水增压泵,设备备件与加工件/设备专用备件/设备备件,用途: 供水增压,台,至少一个: 型号；规格；图号；适用设备；材质,未满足当前分组的关键规格模板。,确认型号、图号、适用设备和关键尺寸。,Sheet1:3333,供水增压泵
REVIEW-MAT-02141,C,medium,missing_specs,水泵自动控制开关,电气与自动化/其他/泵控制,用途: 水泵自动控制,台,至少一个: 型号；规格；品牌；电流；电压；功率；位数,未满足当前分组的关键规格模板。,确认品牌、型号、电气参数和安装/连接方式。,Sheet1:3334,水泵自动控制开关
REVIEW-MAT-02142,C,medium,missing_specs,不锈钢保温水箱,行政办公与清洁/生活后勤/生活用品,容量: 5T；材质: 不锈钢；形状: 圆形；特性: 保温,个,至少一个: 规格；类型；品牌；包装规格,未满足当前分组的关键规格模板。,确认规格、品牌和包装单位。,Sheet1:3335,5T不锈钢圆形保温水箱
REVIEW-MAT-02143,C,medium,needs_human_review,不锈钢补水球阀,阀门/通用阀门/球阀,材质: 不锈钢；用途: 补水；规格: 4寸,个,,存在低精度或人工复核标记，需要补齐信息。,按默认规则补齐至少一个关键规格字段。,Sheet1:3336,4寸不锈钢补水球阀
REVIEW-MAT-02144,C,medium,specs_conflict,PPR截止阀,管道管件/塑料管件/PPR管件,品牌: 公元；材质: PPR；规格: 32；类型: 截止阀,个,,存在低精度或人工复核标记，需要补齐信息。,确认材质、口径/规格、连接方式和类型。,Sheet1:3338,公元PPR32截止阀
REVIEW-MAT-02145,C,medium,specs_conflict,不锈钢球阀,阀门/通用阀门/球阀,材质: 不锈钢；规格: 32,个,,存在低精度或人工复核标记，需要补齐信息。,按默认规则补齐至少一个关键规格字段。,Sheet1:3339,不锈钢球阀32
REVIEW-MAT-02146,C,medium,specs_conflict,PPR管,管道管件/塑料管件/PPR管件,品牌: 公元；材质: PPR；规格: 32,米,,存在低精度或人工复核标记，需要补齐信息。,确认材质、口径/规格、连接方式和类型。,Sheet1:3340,公元PPR32管
REVIEW-MAT-02147,C,medium,specs_conflict,PPR三通,管道管件/塑料管件/PPR管件,品牌: 公元；材质: PPR；规格: 32；类型: 三通,个,,存在低精度或人工复核标记，需要补齐信息。,确认材质、口径/规格、连接方式和类型。,Sheet1:3341,公元PPR32三通
REVIEW-MAT-02148,C,medium,specs_conflict,PPR弯头,管道管件/塑料管件/PPR管件,品牌: 公元；材质: PPR；规格: 32；类型: 弯头,个,,存在低精度或人工复核标记，需要补齐信息。,确认材质、口径/规格、连接方式和类型。,Sheet1:3342,公元PPR32弯头
REVIEW-MAT-02149,C,medium,needs_human_review,PPR直接,管道管件/塑料管件/PPR管件,品牌: 公元；材质: PPR；规格: 32；类型: 直接,个,,存在低精度或人工复核标记，需要补齐信息。,确认材质、口径/规格、连接方式和类型。,Sheet1:3343,公元PPR32直接
REVIEW-MAT-02150,C,medium,specs_conflict,电缆,电气与自动化/电线电缆与敷设/电线电缆,规格: 4*4平方,米,,存在低精度或人工复核标记，需要补齐信息。,确认品牌、型号、电气参数和安装/连接方式。,Sheet1:3347,电缆线4*4平方
REVIEW-MAT-02151,C,medium,missing_specs,除胶剂,化工油漆胶粘/胶粘密封/胶粘剂,类型: 除胶剂,瓶,至少一个: 型号；规格；图号；适用设备；材质,未满足当前分组的关键规格模板。,确认型号、图号、适用设备和关键尺寸。,Sheet1:3351,除胶剂
REVIEW-MAT-02152,C,medium,needs_human_review,泡沫清洗剂,化工油漆胶粘/油品化学品/清洗化学品,类型: 泡沫清洗剂,瓶,,存在低精度或人工复核标记，需要补齐信息。,确认类型、品牌/型号、颜色和包装规格。,Sheet1:3352,泡沫清洗剂
REVIEW-MAT-02153,C,medium,needs_human_review,镀锌接地桩套件,电气与自动化/其他/接地材料,表面: 镀锌；规格: 18*1m；配置: 带螺丝,根,,存在低精度或人工复核标记，需要补齐信息。,确认品牌、型号、电气参数和安装/连接方式。,Sheet1:3355,镀锌接地桩18*1m带螺丝
REVIEW-MAT-02154,C,medium,missing_specs,地毯刷,行政办公与清洁/清洁用品/清洁工具耗材,用途: 地毯清洁,个,至少一个: 规格；类型；品牌；包装规格,未满足当前分组的关键规格模板。,确认规格、品牌和包装单位。,Sheet1:3356,地毯刷
REVIEW-MAT-02155,C,medium,needs_human_review,棉毛巾,行政办公与清洁/生活后勤/生活用品,材质: 棉；类型: 毛巾,条,,存在低精度或人工复核标记，需要补齐信息。,确认规格、品牌和包装单位。,Sheet1:3357,棉毛巾
REVIEW-MAT-02156,C,medium,missing_specs,竹梯,工具器具/其他/登高工具,材质: 竹；长度: 6米,部,至少一个: 型号；规格；品牌；尺寸；适用设备,未满足当前分组的关键规格模板。,确认品牌、型号/规格和适用设备。,Sheet1:3359,6米竹梯
REVIEW-MAT-02157,C,medium,needs_human_review,全身式安全带,安全防护/高处与水域防护/高处防护,类型: 全身式；配置: 大钩,条,,存在低精度或人工复核标记，需要补齐信息。,确认类型、规格、材质和安全等级。,Sheet1:3362,全身大钩安全带
REVIEW-MAT-02158,C,medium,needs_human_review,折叠圆桌,行政办公与清洁/生活后勤/生活用品,直径/规格: 1.5米；结构: 折叠；形状: 圆桌,张,,存在低精度或人工复核标记，需要补齐信息。,确认规格、品牌和包装单位。,Sheet1:3363,1.5米折叠圆桌
REVIEW-MAT-02159,C,medium,missing_specs,实木办公桌,行政办公与清洁/生活后勤/生活用品,材质: 实木；尺寸: 1.4米*0.6米,张,至少一个: 规格；类型；品牌；包装规格,未满足当前分组的关键规格模板。,确认规格、品牌和包装单位。,Sheet1:3364,实木办公桌1.4米*0.6米
REVIEW-MAT-02160,C,medium,missing_specs,玻璃胶,化工油漆胶粘/胶粘密封/胶粘剂,品牌: 道康宁,支,至少一个: 型号；规格；图号；适用设备；材质,未满足当前分组的关键规格模板。,确认型号、图号、适用设备和关键尺寸。,Sheet1:3365,道康宁玻璃胶
REVIEW-MAT-02161,C,medium,specs_conflict,方柄钻头,工具器具/工具耗材/钻头,品牌: 博世；柄型: 方柄；直径: Φ14；长度: 280,支,,存在低精度或人工复核标记，需要补齐信息。,确认品牌、型号/规格和适用设备。,Sheet1:3366,博世方柄钻头Φ14*280
REVIEW-MAT-02162,C,medium,specs_conflict,方柄钻头,工具器具/工具耗材/钻头,品牌: 博世；柄型: 方柄；直径: Φ12；长度: 260,支,,存在低精度或人工复核标记，需要补齐信息。,确认品牌、型号/规格和适用设备。,Sheet1:3367,博世方柄钻头Φ12*260
REVIEW-MAT-02163,D,high,unit_conflict,灭火器,消防器材/灭火器与水带/灭火器,灭火剂重量: 2KG,个,至少一个: 规格；型号；类型；材质；品牌；尺寸；长度；厚度；功率；包装规格；适用设备,存在阻塞冲突，不能自动放行。,先解决别名、单位或分组冲突，不要自动创建物料。,Sheet1:3368,2KG灭火器
REVIEW-MAT-02164,D,high,alias_conflict,灭火器箱,消防器材/灭火器与水带/灭火器,用途: 灭火器存放,个,至少一个: 规格；型号；类型；材质；品牌；尺寸；长度；厚度；功率；包装规格；适用设备,存在阻塞冲突，不能自动放行。,先解决别名、单位或分组冲突，不要自动创建物料。,Sheet1:3369；Sheet1:3474；Sheet1:3560,灭火器箱子
REVIEW-MAT-02165,C,medium,specs_conflict,PVC管,管道管件/塑料管件/PVC管件,品牌: 公元；材质: PVC；直径: Φ100,米,,存在低精度或人工复核标记，需要补齐信息。,确认材质、口径/规格、连接方式和类型。,Sheet1:3370,公元PVCΦ100管
REVIEW-MAT-02166,C,medium,specs_conflict,PVC弯头,管道管件/塑料管件/PVC管件,品牌: 公元；材质: PVC；直径: Φ100；类型: 弯头,个,,存在低精度或人工复核标记，需要补齐信息。,确认材质、口径/规格、连接方式和类型。,Sheet1:3371,公元PVCΦ100弯头
REVIEW-MAT-02167,C,medium,needs_human_review,PVC止回阀,阀门/其他/PVC阀门,品牌: 公元；材质: PVC；直径: Φ100；类型: 止回阀,个,,存在低精度或人工复核标记，需要补齐信息。,确认材质、口径/规格、连接方式和类型。,Sheet1:3372,公元PVCΦ100止回阀
REVIEW-MAT-02168,C,medium,needs_human_review,PVC三通,管道管件/塑料管件/PVC管件,品牌: 公元；材质: PVC；直径: Φ100；类型: 三通,个,,存在低精度或人工复核标记，需要补齐信息。,确认材质、口径/规格、连接方式和类型。,Sheet1:3373,公元PVCΦ100三通
REVIEW-MAT-02169,C,medium,needs_human_review,镀锌两端丝水管加工件,设备备件与加工件/金属加工件/金属加工件,加工: 是；表面: 镀锌；规格: 4分；连接: 两端丝；长度: 3米,根,,存在低精度或人工复核标记，需要补齐信息。,确认型号、图号、适用设备和关键尺寸。,Sheet1:3375,加工4分镀锌两端丝水管3米
REVIEW-MAT-02170,C,medium,specs_conflict,镀锌内丝直接,管道管件/金属管件/镀锌管件,表面: 镀锌；连接: 内丝；规格: 4分；类型: 直接,个,,存在低精度或人工复核标记，需要补齐信息。,确认材质、口径/规格、连接方式和类型。,Sheet1:3376,镀锌4分内丝直接头
REVIEW-MAT-02171,C,medium,needs_human_review,手持吸尘器,行政办公与清洁/清洁用品/清洁工具耗材,品牌: 小米；特征: 大功率；类型: 手持,台,,存在低精度或人工复核标记，需要补齐信息。,确认规格、品牌和包装单位。,Sheet1:3377,小米大功率手持吸尘器
REVIEW-MAT-02172,C,medium,needs_human_review,不锈钢排烟罩,设备备件与加工件/金属加工件/金属加工件,定制: 是；材质: 不锈钢；尺寸: 500*600,个,,存在低精度或人工复核标记，需要补齐信息。,确认型号、图号、适用设备和关键尺寸。,Sheet1:3378,订做不锈钢排烟罩500*600
REVIEW-MAT-02173,C,medium,needs_human_review,不锈钢变径接头,设备备件与加工件/金属加工件/金属加工件,定制: 是；材质: 不锈钢；规格: 450*450；类型: 变径接头,个,,存在低精度或人工复核标记，需要补齐信息。,确认型号、图号、适用设备和关键尺寸。,Sheet1:3379,订做不锈钢变径接头450*450
REVIEW-MAT-02174,C,medium,needs_human_review,空气净化器,行政办公与清洁/其他/空气净化设备,品牌: 小米；类型: 空气净化机,台,,存在低精度或人工复核标记，需要补齐信息。,确认规格、品牌和包装单位。,Sheet1:3381,小米空气净化机
REVIEW-MAT-02175,C,medium,missing_specs,木方,工程建材/其他/木材,截面: 50*100；长度: 4m,根,至少一个: 规格；型号；材质；厚度；尺寸；包装规格；强度等级,未满足当前分组的关键规格模板。,确认规格、材质/强度等级、尺寸和包装单位。,Sheet1:3383,木方50*100*4m
REVIEW-MAT-02176,C,medium,specs_conflict,自攻螺丝,紧固件/螺纹紧固件/螺丝螺栓,长度: 60mm,盒,,存在低精度或人工复核标记，需要补齐信息。,确认规格、材质/强度等级和单位。,Sheet1:3384,自攻螺丝60mm
REVIEW-MAT-02177,C,medium,specs_conflict,钻尾螺丝,紧固件/螺纹紧固件/螺丝螺栓,长度: 60mm,盒,,存在低精度或人工复核标记，需要补齐信息。,确认规格、材质/强度等级和单位。,Sheet1:3385,钻尾螺丝60mm
REVIEW-MAT-02178,C,medium,specs_conflict,电工包,工具器具/其他/工具包,品牌: 得力；用途: 电工,个,,存在低精度或人工复核标记，需要补齐信息。,确认品牌、型号/规格和适用设备。,Sheet1:3390,得力电工包
REVIEW-MAT-02179,C,medium,needs_human_review,圆柄钻头,工具器具/工具耗材/钻头,品牌: 博世；柄型: 圆柄；直径: Φ10；长度: 350,个,,存在低精度或人工复核标记，需要补齐信息。,确认品牌、型号/规格和适用设备。,Sheet1:3391,博世圆柄钻头Φ10*350
REVIEW-MAT-02180,C,medium,specs_conflict,钻头,工具器具/工具耗材/钻头,品牌: 博世；柄型: 二坑二槽；直径: Φ12；长度: 350,个,,存在低精度或人工复核标记，需要补齐信息。,确认品牌、型号/规格和适用设备。,Sheet1:3392,博世二坑二槽钻头Φ12*350
REVIEW-MAT-02181,C,medium,specs_conflict,钻头,工具器具/工具耗材/钻头,品牌: 博世；柄型: 二坑二槽；直径: Φ14；长度: 350,个,,存在低精度或人工复核标记，需要补齐信息。,确认品牌、型号/规格和适用设备。,Sheet1:3393,博世二坑二槽钻头Φ14*350
REVIEW-MAT-02182,C,medium,specs_conflict,钻头,工具器具/工具耗材/钻头,品牌: 博世；柄型: 二坑二槽；直径: Φ16；长度: 350,个,,存在低精度或人工复核标记，需要补齐信息。,确认品牌、型号/规格和适用设备。,Sheet1:3394,博世二坑二槽钻头Φ16*350
REVIEW-MAT-02183,C,medium,specs_conflict,二保焊机分流器,焊接焊割/其他/焊枪配件,适配: 500型二保焊机；部件: 分流器；材质/类型: 陶瓷型,个,,存在低精度或人工复核标记，需要补齐信息。,确认型号、直径/规格、材质和包装。,Sheet1:3397,500型二保焊机分流器陶瓷型
REVIEW-MAT-02184,C,medium,specs_conflict,二保焊机分流器,焊接焊割/其他/焊枪配件,适配: 350型二保焊机；部件: 分流器；材质/类型: 陶瓷型,个,,存在低精度或人工复核标记，需要补齐信息。,确认型号、直径/规格、材质和包装。,Sheet1:3398,350型二保焊机分流器陶瓷型
REVIEW-MAT-02185,C,medium,missing_specs,水平尺,工具器具/量具测量/量具测量,长度: 1m,根,至少一个: 型号；规格；品牌；尺寸；适用设备,未满足当前分组的关键规格模板。,确认品牌、型号/规格和适用设备。,Sheet1:3399,水平尺1m
REVIEW-MAT-02186,C,medium,missing_specs,水平尺,工具器具/量具测量/量具测量,长度: 0.6m,根,至少一个: 型号；规格；品牌；尺寸；适用设备,未满足当前分组的关键规格模板。,确认品牌、型号/规格和适用设备。,Sheet1:3400,水平尺0.6m
REVIEW-MAT-02187,C,medium,specs_conflict,LED灯泡,电气与自动化/照明与报警/灯具,类型: LED；功率: 30W；接口: 螺口,个,,存在低精度或人工复核标记，需要补齐信息。,确认品牌、型号、电气参数和安装/连接方式。,Sheet1:3401,LED30W螺口灯泡
REVIEW-MAT-02188,C,medium,specs_conflict,高强度全螺纹螺丝,紧固件/螺纹紧固件/螺丝螺栓,强度等级: 12.9；规格: M27*100；原始: 全芽,套,,存在低精度或人工复核标记，需要补齐信息。,确认规格、材质/强度等级和单位。,Sheet1:3404,12.9级M27*100全芽螺丝
REVIEW-MAT-02189,C,medium,needs_human_review,氧气管,焊接焊割/焊割设备工具/焊机割炬,介质: 氧气；类型: 软管,卷,,存在低精度或人工复核标记，需要补齐信息。,确认型号、直径/规格、材质和包装。,Sheet1:3409,氧气管
REVIEW-MAT-02190,C,medium,needs_human_review,乙炔管,焊接焊割/焊割设备工具/焊机割炬,介质: 乙炔；类型: 软管,卷,,存在低精度或人工复核标记，需要补齐信息。,确认型号、直径/规格、材质和包装。,Sheet1:3410,乙炔管
REVIEW-MAT-02191,C,medium,missing_specs,带盖带轮垃圾桶,行政办公与清洁/清洁用品/清洁工具耗材,容量: 240L；配置: 带盖+带轮,个,至少一个: 规格；类型；品牌；包装规格,未满足当前分组的关键规格模板。,确认规格、品牌和包装单位。,Sheet1:3411,240L垃圾桶带盖轮
REVIEW-MAT-02192,C,medium,specs_conflict,吊装带,吊装索具/吊带索具/吊带,额定载荷: 3T；长度: 2m,根,,存在低精度或人工复核标记，需要补齐信息。,按默认规则补齐至少一个关键规格字段。,Sheet1:3413,吊带3T*2m
REVIEW-MAT-02193,C,medium,specs_conflict,吊装带,吊装索具/吊带索具/吊带,额定载荷: 2T；长度: 2m,根,,存在低精度或人工复核标记，需要补齐信息。,按默认规则补齐至少一个关键规格字段。,Sheet1:3414；Sheet1:3655,吊带2T*2m
REVIEW-MAT-02194,C,medium,specs_conflict,电缆,电气与自动化/电线电缆与敷设/电线电缆,品牌: 起帆；规格: 3*2.5+1*1.5,米,,存在低精度或人工复核标记，需要补齐信息。,确认品牌、型号、电气参数和安装/连接方式。,Sheet1:3415,起帆电缆线3*2.5+1*1.5
REVIEW-MAT-02195,C,medium,missing_specs,消防水带,消防器材/灭火器与水带/消防水带,特性: 防爆；直径: Φ80,米,至少一个: 规格；型号；类型；材质；品牌；尺寸；长度；厚度；功率；包装规格；适用设备,未满足当前分组的关键规格模板。,按默认规则补齐至少一个关键规格字段。,Sheet1:3416,防爆消防水带Φ80
REVIEW-MAT-02196,C,medium,needs_human_review,铝合金消防接头,消防器材/消防管件与接头/消防接头,材质: 铝合金；直径: Φ80,套,,存在低精度或人工复核标记，需要补齐信息。,按默认规则补齐至少一个关键规格字段。,Sheet1:3417,铝合金消防接头Φ80
REVIEW-MAT-02197,C,medium,needs_human_review,抱箍,管道管件/管道紧固/管夹卡箍,规格: 80；类型: 抱箍,个,,存在低精度或人工复核标记，需要补齐信息。,确认材质、口径/规格、连接方式和类型。,Sheet1:3418,抱箍80
REVIEW-MAT-02198,C,medium,needs_human_review,高压水带,管道管件/其他/高压水带,直径: Φ80；类型: 高压水带,米,,存在低精度或人工复核标记，需要补齐信息。,确认材质、口径/规格、连接方式和类型。,Sheet1:3419,高压水带Φ80
REVIEW-MAT-02199,C,medium,missing_specs,磁吸式软玻璃门帘,行政办公与清洁/其他/门帘,结构: 磁吸式；颜色: 透明；尺寸: 2.55m*1.46m；厚度: 3mm,付,至少一个: 规格；类型；品牌；包装规格,未满足当前分组的关键规格模板。,确认规格、品牌和包装单位。,Sheet1:3420,磁吸式透明软玻璃门帘2.55m*1.46m*3mm
REVIEW-MAT-02200,C,medium,specs_conflict,铁丝,五金备件/其他/金属丝,规格: 12#；材质: 铁,kg,,存在低精度或人工复核标记，需要补齐信息。,按默认规则补齐至少一个关键规格字段。,Sheet1:3421,铁丝12#
REVIEW-MAT-02201,C,medium,needs_human_review,氧气乙炔管卡箍,焊接焊割/焊割设备工具/焊机割炬,适配: 氧气/乙炔管；类型: 卡箍,个,,存在低精度或人工复核标记，需要补齐信息。,确认型号、直径/规格、材质和包装。,Sheet1:3422,氧气 乙炔管卡箍
REVIEW-MAT-02202,C,medium,needs_human_review,氧气减压阀,焊接焊割/焊割设备工具/焊机割炬,介质: 氧气；类型: 减压阀,个,,存在低精度或人工复核标记，需要补齐信息。,确认型号、直径/规格、材质和包装。,Sheet1:3423,氧气减压阀
REVIEW-MAT-02203,C,medium,needs_human_review,二氧化碳减压阀总成,焊接焊割/焊割设备工具/焊机割炬,介质: 二氧化碳；类型: 减压阀总成,套,,存在低精度或人工复核标记，需要补齐信息。,确认型号、直径/规格、材质和包装。,Sheet1:3424,二氧化碳减压阀总成
REVIEW-MAT-02204,D,high,alias_conflict,记号笔,行政办公与清洁/办公用品/文具书写,颜色: 黑色,支,至少一个: 规格；类型；品牌；包装规格,存在阻塞冲突，不能自动放行。,先解决别名、单位或分组冲突，不要自动创建物料。,Sheet1:3425,黑色记号笔
REVIEW-MAT-02205,C,medium,low_precision_conflict,油漆,化工油漆胶粘/油漆涂料/涂料油漆,品牌: 立邦；颜色: 白色；包装: 18KG,桶,,存在低精度或人工复核标记，需要补齐信息。,确认类型、品牌/型号、颜色和包装规格。,Sheet1:3428；Sheet1:3451；Sheet1:3461,立邦白色油漆18KG
REVIEW-MAT-02206,C,medium,missing_specs,滚筒伸缩杆,工具器具/涂装工具/刷辊喷涂,部件: 伸缩杆；适配: 滚筒,根,至少一个: 型号；规格；品牌；尺寸；适用设备,未满足当前分组的关键规格模板。,确认品牌、型号/规格和适用设备。,Sheet1:3430,滚筒伸缩杆
REVIEW-MAT-02207,C,medium,missing_specs,边角刷伸缩杆,工具器具/涂装工具/刷辊喷涂,部件: 伸缩杆；适配: 边角刷,根,至少一个: 型号；规格；品牌；尺寸；适用设备,未满足当前分组的关键规格模板。,确认品牌、型号/规格和适用设备。,Sheet1:3431,边角刷伸缩杆
REVIEW-MAT-02208,C,medium,needs_human_review,不锈钢割枪,焊接焊割/焊割设备工具/焊机割炬,品牌: 华凌；型号: 100#；特征: 加长型；材质: 不锈钢,把,,存在低精度或人工复核标记，需要补齐信息。,确认型号、直径/规格、材质和包装。,Sheet1:3434,华凌加长型100#不锈钢割枪
REVIEW-MAT-02209,C,medium,missing_specs,铁灰斗,工具器具/其他/灰斗,材质: 铁；类型: 灰斗,个,至少一个: 型号；规格；品牌；尺寸；适用设备,未满足当前分组的关键规格模板。,确认品牌、型号/规格和适用设备。,Sheet1:3436,铁灰斗
REVIEW-MAT-02210,C,medium,missing_specs,警示反光胶带,安全防护/警示标识/反光警示,品牌: 3M；用途: 警示；长度: 50m,卷,至少一个: 类型；规格；材质；型号,未满足当前分组的关键规格模板。,确认类型、规格、材质和安全等级。,Sheet1:3438,3M警示反光胶带50m
REVIEW-MAT-02211,C,medium,missing_specs,警示反光踢脚板,安全防护/警示标识/反光警示,用途: 警示反光；宽度/高度: 30cm,米,至少一个: 类型；规格；材质；型号,未满足当前分组的关键规格模板。,确认类型、规格、材质和安全等级。,Sheet1:3439,警示反光踢脚板30cm
REVIEW-MAT-02212,C,medium,low_precision_conflict,建筑模板,工程建材/其他/模板,原始: 黑膜板；颜色: 黑；尺寸: 1.22m*2.44m；厚度: 15mm,块,,存在低精度或人工复核标记，需要补齐信息。,确认规格、材质/强度等级、尺寸和包装单位。,Sheet1:3440,黑膜板1.22m*2.44m*15mm
REVIEW-MAT-02213,C,medium,missing_specs,方木,工程建材/其他/木材,截面: 30*30；长度: 3m,根,至少一个: 规格；型号；材质；厚度；尺寸；包装规格；强度等级,未满足当前分组的关键规格模板。,确认规格、材质/强度等级、尺寸和包装单位。,Sheet1:3441,方木30*30*3m
REVIEW-MAT-02214,D,high,alias_conflict,加气块,工程建材/其他/砌块,尺寸: 200*300*600,块,,存在阻塞冲突，不能自动放行。,先解决别名、单位或分组冲突，不要自动创建物料。,Sheet1:3443,加气块200*300*600
REVIEW-MAT-02215,C,medium,specs_conflict,自喷漆,化工油漆胶粘/油漆涂料/涂料油漆,品牌: 威粤；颜色: 白色；原始: 自动喷漆,瓶,,存在低精度或人工复核标记，需要补齐信息。,确认类型、品牌/型号、颜色和包装规格。,Sheet1:3447,威粤白色自动喷漆
REVIEW-MAT-02216,C,medium,needs_human_review,不锈钢防水挂锁,五金备件/门锁锁具/门锁锁具,材质: 不锈钢；特性: 防水；类型: 通用挂锁,把,,存在低精度或人工复核标记，需要补齐信息。,按默认规则补齐至少一个关键规格字段。,Sheet1:3449；Sheet1:3458,不锈钢通用防水挂锁
REVIEW-MAT-02217,C,medium,needs_human_review,红花油,劳保用品/其他/急救用品,类型: 红花油,瓶,,存在低精度或人工复核标记，需要补齐信息。,确认类型、规格、材质和安全等级。,Sheet1:3450,红花油
REVIEW-MAT-02218,C,medium,specs_conflict,膨胀螺丝,紧固件/螺纹紧固件/螺丝螺栓,规格: Φ10*80,支,,存在低精度或人工复核标记，需要补齐信息。,确认规格、材质/强度等级和单位。,Sheet1:3452,膨胀螺丝Φ10*80
REVIEW-MAT-02219,C,medium,specs_conflict,膨胀螺丝,紧固件/螺纹紧固件/螺丝螺栓,规格: Φ10*110,支,,存在低精度或人工复核标记，需要补齐信息。,确认规格、材质/强度等级和单位。,Sheet1:3453,膨胀螺丝Φ10*110
REVIEW-MAT-02220,C,medium,specs_conflict,膨胀螺丝,紧固件/螺纹紧固件/螺丝螺栓,规格: Φ12*80,支,,存在低精度或人工复核标记，需要补齐信息。,确认规格、材质/强度等级和单位。,Sheet1:3454,膨胀螺丝Φ12*80
REVIEW-MAT-02221,C,medium,specs_conflict,膨胀螺丝,紧固件/螺纹紧固件/螺丝螺栓,规格: Φ8*70,支,,存在低精度或人工复核标记，需要补齐信息。,确认规格、材质/强度等级和单位。,Sheet1:3455,膨胀螺丝Φ8*70
REVIEW-MAT-02222,C,medium,specs_conflict,膨胀螺丝,紧固件/螺纹紧固件/螺丝螺栓,规格: Φ8*90,支,,存在低精度或人工复核标记，需要补齐信息。,确认规格、材质/强度等级和单位。,Sheet1:3456,膨胀螺丝Φ8*90
REVIEW-MAT-02223,C,medium,specs_conflict,膨胀螺丝,紧固件/螺纹紧固件/螺丝螺栓,规格: Φ12*110,支,,存在低精度或人工复核标记，需要补齐信息。,确认规格、材质/强度等级和单位。,Sheet1:3457,膨胀螺丝Φ12*110
REVIEW-MAT-02224,C,medium,needs_human_review,不锈钢门板插销,五金备件/其他/门窗五金,材质: 不锈钢；用途: 门板；类型: 插销,付,,存在低精度或人工复核标记，需要补齐信息。,按默认规则补齐至少一个关键规格字段。,Sheet1:3459,不锈钢门板插销
REVIEW-MAT-02225,C,medium,needs_human_review,十字螺丝,紧固件/螺纹紧固件/螺丝螺栓,头型: 十字；规格: Φ5*60,套,,存在低精度或人工复核标记，需要补齐信息。,确认规格、材质/强度等级和单位。,Sheet1:3460,十字螺丝Φ5*60
REVIEW-MAT-02226,C,medium,low_precision_conflict,螺丝套件,紧固件/螺纹紧固件/螺丝螺栓,强度等级: 8.8；规格: M16*50；包含: 平垫+弹垫,套,,存在低精度或人工复核标记，需要补齐信息。,确认规格、材质/强度等级和单位。,Sheet1:3462,8.8级M16*50螺丝带平弹垫
REVIEW-MAT-02227,C,medium,low_precision_conflict,螺丝套件,紧固件/螺纹紧固件/螺丝螺栓,强度等级: 8.8；规格: M16*120；包含: 平垫+弹垫,套,,存在低精度或人工复核标记，需要补齐信息。,确认规格、材质/强度等级和单位。,Sheet1:3463,8.8级M16*120螺丝带平弹垫
REVIEW-MAT-02228,C,medium,needs_human_review,螺丝杆,紧固件/其他/螺杆,强度等级: 8.8；规格: M10*30,套,,存在低精度或人工复核标记，需要补齐信息。,确认规格、材质/强度等级和单位。,Sheet1:3465,8.8级M10*30螺丝杆
REVIEW-MAT-02229,C,medium,needs_human_review,防冻保温棉,工程建材/保温防水/保温材料,特性: 防冻；规格: Φ50,根,,存在低精度或人工复核标记，需要补齐信息。,确认规格、材质/强度等级、尺寸和包装单位。,Sheet1:3466,防冻保温棉Φ50
REVIEW-MAT-02230,C,medium,missing_specs,电缆三角支架,电气与自动化/电线电缆与敷设/电线电缆,结构: 三角支架；高度: 0.45m；用途: 电缆,个,至少一个: 型号；规格；品牌；电流；电压；功率；位数,未满足当前分组的关键规格模板。,确认品牌、型号、电气参数和安装/连接方式。,Sheet1:3467,电缆三角支架高0.45m
REVIEW-MAT-02231,C,medium,missing_specs,雨鞋,劳保用品/其他/雨具,品牌: 回力；尺码: 41码；配置: 带衬里,双,至少一个: 类型；规格；材质；型号,未满足当前分组的关键规格模板。,确认类型、规格、材质和安全等级。,Sheet1:3470,41码回力雨鞋带衬里
REVIEW-MAT-02232,C,medium,specs_conflict,加厚油布,工程建材/其他/油布,特征: 加厚；尺寸: 4m*4m,块,,存在低精度或人工复核标记，需要补齐信息。,确认规格、材质/强度等级、尺寸和包装单位。,Sheet1:3471,加厚油布4m*4m
REVIEW-MAT-02233,C,medium,specs_conflict,加厚油布,工程建材/其他/油布,特征: 加厚；尺寸: 4m*8m,块,,存在低精度或人工复核标记，需要补齐信息。,确认规格、材质/强度等级、尺寸和包装单位。,Sheet1:3472,加厚油布4m*8m
REVIEW-MAT-02234,C,medium,specs_conflict,混凝土振动棒,设备备件与加工件/其他/振动棒,型号/规格: 35型,根,,存在低精度或人工复核标记，需要补齐信息。,确认型号、图号、适用设备和关键尺寸。,Sheet1:3475,35型振动棒
REVIEW-MAT-02235,C,medium,needs_human_review,锂电电钻套装,工具器具/电动工具/电钻角磨机,品牌: 东成；供电: 锂电；配置: 带螺丝刀套装,台,,存在低精度或人工复核标记，需要补齐信息。,确认品牌、型号/规格和适用设备。,Sheet1:3476,东成锂电电钻带螺丝刀套装
REVIEW-MAT-02236,C,medium,needs_human_review,氧气检测表,仪器仪表/其他/气体检测仪表,介质: 氧气；类型: 检测表,个,,存在低精度或人工复核标记，需要补齐信息。,按默认规则补齐至少一个关键规格字段。,Sheet1:3477,氧气检测表
REVIEW-MAT-02237,C,medium,needs_human_review,乙炔检测表,仪器仪表/其他/气体检测仪表,介质: 乙炔；类型: 检测表,个,,存在低精度或人工复核标记，需要补齐信息。,按默认规则补齐至少一个关键规格字段。,Sheet1:3478,乙炔检测表
REVIEW-MAT-02238,C,medium,specs_conflict,吊装带,吊装索具/吊带索具/吊带,额定载荷: 1T；长度: 1.5m,根,,存在低精度或人工复核标记，需要补齐信息。,按默认规则补齐至少一个关键规格字段。,Sheet1:3479；Sheet1:3656,吊带1T*1.5m
REVIEW-MAT-02239,C,medium,specs_conflict,吊装带,吊装索具/吊带索具/吊带,额定载荷: 1T；长度: 1m,根,,存在低精度或人工复核标记，需要补齐信息。,按默认规则补齐至少一个关键规格字段。,Sheet1:3480,吊带1T*1m
REVIEW-MAT-02240,C,medium,needs_human_review,高强度全螺纹螺丝套件,紧固件/螺纹紧固件/螺丝螺栓,强度等级: 12.9；规格: M24*60；原始: 全芽；包含: 平垫+弹垫,套,,存在低精度或人工复核标记，需要补齐信息。,确认规格、材质/强度等级和单位。,Sheet1:3482,12.9级M24*60全芽螺丝带平弹垫
REVIEW-MAT-02241,C,medium,needs_human_review,抗振储气式压力表,仪器仪表/其他/压力仪表,特性: 抗振；结构: 储气式；类型: 压力表,个,,存在低精度或人工复核标记，需要补齐信息。,按默认规则补齐至少一个关键规格字段。,Sheet1:3483,抗振储气式压力表
REVIEW-MAT-02242,C,medium,low_precision_conflict,镀锌三通,管道管件/金属管件/镀锌管件,表面: 镀锌；规格: 3寸；类型: 三通,个,,存在低精度或人工复核标记，需要补齐信息。,确认材质、口径/规格、连接方式和类型。,Sheet1:3486,镀锌三通3寸
REVIEW-MAT-02243,C,medium,specs_conflict,镀锌弯头,管道管件/金属管件/镀锌管件,表面: 镀锌；规格: 2寸；类型: 弯头,个,,存在低精度或人工复核标记，需要补齐信息。,确认材质、口径/规格、连接方式和类型。,Sheet1:3487,镀锌弯头2寸
REVIEW-MAT-02244,C,medium,needs_human_review,圆珠笔,行政办公与清洁/办公用品/文具书写,类型: 圆珠笔,支,,存在低精度或人工复核标记，需要补齐信息。,确认规格、品牌和包装单位。,Sheet1:3490,圆珠笔
REVIEW-MAT-02245,D,high,alias_conflict,记号笔,行政办公与清洁/办公用品/文具书写,颜色: 白色,支,至少一个: 规格；类型；品牌；包装规格,存在阻塞冲突，不能自动放行。,先解决别名、单位或分组冲突，不要自动创建物料。,Sheet1:3491,白色记号笔
REVIEW-MAT-02246,C,medium,needs_human_review,焊机地线夹,焊接焊割/焊割设备工具/焊机割炬,适配: 焊机；类型: 地线夹,把,,存在低精度或人工复核标记，需要补齐信息。,确认型号、直径/规格、材质和包装。,Sheet1:3492,焊机地线夹
REVIEW-MAT-02247,C,medium,specs_conflict,电缆,电气与自动化/电线电缆与敷设/电线电缆,品牌: 起帆；规格: 3*4+1*2.5,米,,存在低精度或人工复核标记，需要补齐信息。,确认品牌、型号、电气参数和安装/连接方式。,Sheet1:3493,起帆电缆线3*4+1*2.5
REVIEW-MAT-02248,C,medium,needs_human_review,不锈钢两片式球阀,阀门/通用阀门/球阀,品牌: 埃美柯；材质: 304；结构: 两片式；公称通径: DN50,个,,存在低精度或人工复核标记，需要补齐信息。,按默认规则补齐至少一个关键规格字段。,Sheet1:3495,埃美柯304两片式球阀DN50
REVIEW-MAT-02249,C,medium,specs_conflict,焊接变径接头,管道管件/其他/焊接管件,连接: 焊接；规格: 325/159；类型: 变径接头,个,,存在低精度或人工复核标记，需要补齐信息。,确认材质、口径/规格、连接方式和类型。,Sheet1:3496,焊接变径接头325/159
REVIEW-MAT-02250,C,medium,specs_conflict,合金两半扣,液压气动/其他/管路扣件,材质: 合金；规格: DN50；类型: 两半扣,套,,存在低精度或人工复核标记，需要补齐信息。,按默认规则补齐至少一个关键规格字段。,Sheet1:3499,合金两半扣DN50
REVIEW-MAT-02251,C,medium,specs_conflict,合金两半扣,液压气动/其他/管路扣件,材质: 合金；规格: DN80；类型: 两半扣,套,,存在低精度或人工复核标记，需要补齐信息。,按默认规则补齐至少一个关键规格字段。,Sheet1:3500,合金两半扣DN80
REVIEW-MAT-02252,C,medium,needs_human_review,钳形万用表,仪器仪表/其他/电气仪表,品牌: 世达；类型: 钳型万用表,个,,存在低精度或人工复核标记，需要补齐信息。,按默认规则补齐至少一个关键规格字段。,Sheet1:3501,世达钳型万用表
REVIEW-MAT-02253,C,medium,needs_human_review,镀锌外丝六角直接,管道管件/金属管件/镀锌管件,表面: 镀锌；连接: 外丝；结构: 六角；规格: 2寸,个,,存在低精度或人工复核标记，需要补齐信息。,确认材质、口径/规格、连接方式和类型。,Sheet1:3505,镀锌外丝六角直接2寸
REVIEW-MAT-02254,C,medium,missing_specs,混凝土振动棒,设备备件与加工件/其他/振动棒,电压: 380V；直径: Φ50；长度: 6m,根,至少一个: 型号；规格；图号；适用设备；材质,未满足当前分组的关键规格模板。,确认型号、图号、适用设备和关键尺寸。,Sheet1:3507,振动棒380V-Φ50-6m
REVIEW-MAT-02255,C,medium,missing_specs,镀锌钢丝绳,吊装索具/吊带索具/钢丝绳链条,表面: 镀锌；直径: Φ12,米,至少一个: 规格；型号；类型；材质；品牌；尺寸；长度；厚度；功率；包装规格；适用设备,未满足当前分组的关键规格模板。,按默认规则补齐至少一个关键规格字段。,Sheet1:3508,镀锌钢丝绳Φ12
REVIEW-MAT-02256,C,medium,specs_conflict,镀锌膨胀钩,紧固件/锚固件/膨胀锚栓,表面: 镀锌；规格: M16*130,个,,存在低精度或人工复核标记，需要补齐信息。,确认规格、材质/强度等级和单位。,Sheet1:3509,镀锌膨胀钩M16*130
REVIEW-MAT-02257,C,medium,needs_human_review,镀锌花兰螺丝,紧固件/其他/拉紧件,表面: 镀锌；规格: M14*350,个,,存在低精度或人工复核标记，需要补齐信息。,确认规格、材质/强度等级和单位。,Sheet1:3510,镀锌花兰螺丝m14*350
REVIEW-MAT-02258,C,medium,needs_human_review,镀锌花兰扣,紧固件/其他/拉紧件,表面: 镀锌；规格: M14,个,,存在低精度或人工复核标记，需要补齐信息。,确认规格、材质/强度等级和单位。,Sheet1:3511,镀锌花兰扣m14
REVIEW-MAT-02259,D,high,alias_conflict,镀锌内丝直接,管道管件/金属管件/镀锌管件,表面: 镀锌；连接: 内丝；规格: 2寸,个,,存在阻塞冲突，不能自动放行。,先解决别名、单位或分组冲突，不要自动创建物料。,Sheet1:3513,镀锌内丝直接2寸
REVIEW-MAT-02260,C,medium,specs_conflict,电缆,电气与自动化/电线电缆与敷设/电线电缆,品牌: 起帆；规格: 3*16+1*10,米,,存在低精度或人工复核标记，需要补齐信息。,确认品牌、型号、电气参数和安装/连接方式。,Sheet1:3516,起帆电缆线3*16+1*10
REVIEW-MAT-02261,C,medium,needs_human_review,圆头螺丝套件,紧固件/螺纹紧固件/螺丝螺栓,规格: M5*70；头型: 圆头；包含: 平垫+弹垫,套,,存在低精度或人工复核标记，需要补齐信息。,确认规格、材质/强度等级和单位。,Sheet1:3517,圆头螺丝m5*70带平 弹垫
REVIEW-MAT-02262,C,medium,needs_human_review,不锈钢潜水搅拌机,环保/环保设备耗材/环保设备耗材,材质: 304不锈钢；电压: 380V；功率: 4KW,台,,存在低精度或人工复核标记，需要补齐信息。,按默认规则补齐至少一个关键规格字段。,Sheet1:3518,304不锈钢潜水搅拌机380V-4KW
REVIEW-MAT-02263,C,medium,missing_specs,充电式LED强光手电筒,工具器具/其他/照明工具,供电: 充电式；光源: LED；类型: 强光手电筒,个,至少一个: 型号；规格；品牌；尺寸；适用设备,未满足当前分组的关键规格模板。,确认品牌、型号/规格和适用设备。,Sheet1:3519；Sheet1:3524,充电式LED强光手电筒
REVIEW-MAT-02265,D,high,alias_conflict,硅酸盐水泥,工程建材/水泥砂石/水泥砂石,品牌: 海螺；强度等级: 42.5,包,,存在阻塞冲突，不能自动放行。,先解决别名、单位或分组冲突，不要自动创建物料。,Sheet1:3522；Sheet1:3531,海螺42.5水泥
REVIEW-MAT-02266,D,high,alias_conflict,铁丝,金属原材料/其他/铁丝,规格: 14#,kg,,存在阻塞冲突，不能自动放行。,先解决别名、单位或分组冲突，不要自动创建物料。,Sheet1:3525；Sheet1:3646,铁丝14#
REVIEW-MAT-02267,C,medium,specs_conflict,钢丝绳,吊装索具/吊带索具/钢丝绳链条,直径: Φ20；长度: 6m,根,,存在低精度或人工复核标记，需要补齐信息。,按默认规则补齐至少一个关键规格字段。,Sheet1:3526,钢丝绳Φ20*6m
REVIEW-MAT-02268,D,high,unit_conflict,插线板,电气与自动化/插头插座/插头插座,品牌: 公牛；线长: 3m；结构: 双排,根,,存在阻塞冲突，不能自动放行。,先解决别名、单位或分组冲突，不要自动创建物料。,Sheet1:3527,公牛3m双排插线板
REVIEW-MAT-02269,D,high,alias_conflict,黄砂,工程建材/水泥砂石/水泥砂石,材料: 黄砂,吨,至少一个: 规格；型号；材质；厚度；尺寸；包装规格；强度等级,存在阻塞冲突，不能自动放行。,先解决别名、单位或分组冲突，不要自动创建物料。,Sheet1:3529；Sheet1:3534,黄砂
REVIEW-MAT-02270,D,high,alias_conflict,加气混凝土砌块,工程建材/其他/砌块,尺寸: 200*300*600,块,,存在阻塞冲突，不能自动放行。,先解决别名、单位或分组冲突，不要自动创建物料。,Sheet1:3532,加气块200*300*600
REVIEW-MAT-02271,C,medium,missing_specs,欧标转换插头,电气与自动化/插头插座/插头插座,孔位: 5孔；功能: 带USB；标准: 欧标,个,至少一个: 型号；规格；品牌；电流；电压；功率；位数,未满足当前分组的关键规格模板。,确认品牌、型号、电气参数和安装/连接方式。,Sheet1:3536,5孔带USB欧标转换插头
REVIEW-MAT-02272,C,medium,missing_specs,劳动车轮胎套件,仓储物流/搬运设备/手推车叉车,适配: 劳动车；包含: 车轮+实心车胎,套,至少一个: 规格；型号；类型；材质；品牌；尺寸；长度；厚度；功率；包装规格；适用设备,未满足当前分组的关键规格模板。,按默认规则补齐至少一个关键规格字段。,Sheet1:3537,劳动车轮+实心车胎
REVIEW-MAT-02273,C,medium,needs_human_review,实木方桌,行政办公与清洁/生活后勤/生活用品,材质: 实木；类型: 方桌,张,,存在低精度或人工复核标记，需要补齐信息。,确认规格、品牌和包装单位。,Sheet1:3538,实木方桌
REVIEW-MAT-02274,C,medium,specs_conflict,B型槽钢,金属原材料/钢材型材/钢材型材,规格: 10#；型号: B型,米,,存在低精度或人工复核标记，需要补齐信息。,确认材质、规格尺寸和执行标准。,Sheet1:3540,10#B型槽钢
REVIEW-MAT-02275,C,medium,specs_conflict,镀锌弯头,管道管件/金属管件/镀锌管件,表面: 镀锌；规格: 6分；类型: 弯头,个,,存在低精度或人工复核标记，需要补齐信息。,确认材质、口径/规格、连接方式和类型。,Sheet1:3543,镀锌弯头6分
REVIEW-MAT-02276,C,medium,specs_conflict,镀锌内丝直接,管道管件/金属管件/镀锌管件,表面: 镀锌；连接: 内丝；规格: 6分,个,,存在低精度或人工复核标记，需要补齐信息。,确认材质、口径/规格、连接方式和类型。,Sheet1:3544,镀锌内丝直接6分
REVIEW-MAT-02277,C,medium,low_precision_conflict,镀锌三通,管道管件/金属管件/镀锌管件,表面: 镀锌；规格: 6分；类型: 三通,个,,存在低精度或人工复核标记，需要补齐信息。,确认材质、口径/规格、连接方式和类型。,Sheet1:3545,镀锌三通6分
REVIEW-MAT-02278,C,medium,specs_conflict,镀锌角钢,金属原材料/钢材型材/钢材型材,表面: 镀锌；规格: 40*40,米,,存在低精度或人工复核标记，需要补齐信息。,确认材质、规格尺寸和执行标准。,Sheet1:3547,镀锌角铁40*40
REVIEW-MAT-02279,D,high,alias_conflict,碳钢焊条,焊接焊割/焊接耗材/焊条焊丝,品牌: 大西洋；型号: 422；直径: 3.2,箱,,存在阻塞冲突，不能自动放行。,先解决别名、单位或分组冲突，不要自动创建物料。,Sheet1:3548,大西洋422型3.2焊条
REVIEW-MAT-02280,C,medium,missing_specs,安全绳,安全防护/高处与水域防护/高处防护,直径: Φ16,米,至少一个: 类型；规格；材质；型号,未满足当前分组的关键规格模板。,确认类型、规格、材质和安全等级。,Sheet1:3549,安全绳Φ16
REVIEW-MAT-02281,C,medium,needs_human_review,高强度螺丝套件,紧固件/螺纹紧固件/螺丝螺栓,强度等级: 8.8；规格: M16*70；包含: 平垫+弹垫,套,,存在低精度或人工复核标记，需要补齐信息。,确认规格、材质/强度等级和单位。,Sheet1:3550,8.8级m16*70螺丝带平 弹垫
REVIEW-MAT-02282,D,high,alias_conflict,开口铜鼻子,电气与自动化/接线连接/接线端子,类型: 开口；材质: 铜；电流: 300A,个,,存在阻塞冲突，不能自动放行。,先解决别名、单位或分组冲突，不要自动创建物料。,Sheet1:3551,开口铜鼻子300A
REVIEW-MAT-02283,C,medium,specs_conflict,开口铜鼻子,电气与自动化/接线连接/接线端子,类型: 开口；材质: 铜；电流: 200A,个,,存在低精度或人工复核标记，需要补齐信息。,确认品牌、型号、电气参数和安装/连接方式。,Sheet1:3552,开口铜鼻子200A
REVIEW-MAT-02284,C,medium,specs_conflict,开口铜鼻子,电气与自动化/接线连接/接线端子,类型: 开口；材质: 铜；电流: 100A,个,,存在低精度或人工复核标记，需要补齐信息。,确认品牌、型号、电气参数和安装/连接方式。,Sheet1:3553,开口铜鼻子100A
REVIEW-MAT-02285,C,medium,missing_specs,铜接头,电气与自动化/接线连接/接线端子,材质: 铜；适配线径: 150平方,个,至少一个: 型号；规格；品牌；电流；电压；功率；位数,未满足当前分组的关键规格模板。,确认品牌、型号、电气参数和安装/连接方式。,Sheet1:3554,铜接头150平方
REVIEW-MAT-02286,C,medium,missing_specs,铜接头,电气与自动化/接线连接/接线端子,材质: 铜；适配线径: 120平方,个,至少一个: 型号；规格；品牌；电流；电压；功率；位数,未满足当前分组的关键规格模板。,确认品牌、型号、电气参数和安装/连接方式。,Sheet1:3555,铜接头120平方
REVIEW-MAT-02287,C,medium,missing_specs,铜接头,电气与自动化/接线连接/接线端子,材质: 铜；适配线径: 95平方,个,至少一个: 型号；规格；品牌；电流；电压；功率；位数,未满足当前分组的关键规格模板。,确认品牌、型号、电气参数和安装/连接方式。,Sheet1:3556,铜接头95平方
REVIEW-MAT-02288,C,medium,missing_specs,铜接头,电气与自动化/接线连接/接线端子,材质: 铜；适配线径: 70平方,个,至少一个: 型号；规格；品牌；电流；电压；功率；位数,未满足当前分组的关键规格模板。,确认品牌、型号、电气参数和安装/连接方式。,Sheet1:3557,铜接头70平方
REVIEW-MAT-02289,D,high,alias_conflict,对讲机,弱电安防/通信与监控/通信设备,品牌: 小米；型号: 二代,部,,存在阻塞冲突，不能自动放行。,先解决别名、单位或分组冲突，不要自动创建物料。,Sheet1:3558；Sheet1:3572；Sheet1:3603,小米二代对讲机
REVIEW-MAT-02290,C,medium,needs_human_review,水泥钉,紧固件/其他/钉类,长度: 40mm,盒,,存在低精度或人工复核标记，需要补齐信息。,确认规格、材质/强度等级和单位。,Sheet1:3561,水泥钉40mm
REVIEW-MAT-02291,C,medium,needs_human_review,起重滑轮钩,吊装索具/其他/滑轮钩,品牌: 沪工；额定载荷: 1T,个,,存在低精度或人工复核标记，需要补齐信息。,按默认规则补齐至少一个关键规格字段。,Sheet1:3562,沪工起重滑轮钩1T
REVIEW-MAT-02292,C,medium,needs_human_review,浮球阀,阀门/其他/液位控制阀,配线长度: 10m,套,,存在低精度或人工复核标记，需要补齐信息。,按默认规则补齐至少一个关键规格字段。,Sheet1:3563,浮球阀带10m线
REVIEW-MAT-02293,C,medium,missing_specs,下水裤,劳保用品/其他/防水服,尺码: 44码,套,至少一个: 类型；规格；材质；型号,未满足当前分组的关键规格模板。,确认类型、规格、材质和安全等级。,Sheet1:3564,下水裤44码
REVIEW-MAT-02294,C,medium,needs_human_review,铝合金快速接头,管道管件/其他/快速接头,材质: 铝合金；公称通径: DN50,套,,存在低精度或人工复核标记，需要补齐信息。,确认材质、口径/规格、连接方式和类型。,Sheet1:3565,铝合金快速接头DN50
REVIEW-MAT-02295,C,medium,missing_specs,防爆耐磨水带,消防器材/灭火器与水带/消防水带,特性: 防爆耐磨；公称通径: DN50,米,至少一个: 规格；型号；类型；材质；品牌；尺寸；长度；厚度；功率；包装规格；适用设备,未满足当前分组的关键规格模板。,按默认规则补齐至少一个关键规格字段。,Sheet1:3567,防爆耐磨水带DN50
REVIEW-MAT-02297,C,medium,needs_human_review,LED声光报警器,电气与自动化/照明与报警/报警器,光源: LED；电压: 24V,个,,存在低精度或人工复核标记，需要补齐信息。,确认品牌、型号、电气参数和安装/连接方式。,Sheet1:3569,LED声光报警器24V
REVIEW-MAT-02298,C,medium,needs_human_review,电源转换器,电气与自动化/电源电池/电源电池,输入: 24V；输出: 12V；电流: 2A,个,,存在低精度或人工复核标记，需要补齐信息。,确认品牌、型号、电气参数和安装/连接方式。,Sheet1:3573,电源转换器24V转12V2A
REVIEW-MAT-02299,C,medium,missing_specs,透明收纳箱,行政办公与清洁/其他/收纳用品,颜色/透明度: 透明；容量: 80L,个,至少一个: 规格；类型；品牌；包装规格,未满足当前分组的关键规格模板。,确认规格、品牌和包装单位。,Sheet1:3574,透明收纳箱80L
REVIEW-MAT-02300,C,medium,missing_specs,设备维修保养记录本,行政办公与清洁/办公用品/文具书写,用途: 设备维修保养记录,本,至少一个: 规格；类型；品牌；包装规格,未满足当前分组的关键规格模板。,确认规格、品牌和包装单位。,Sheet1:3575,设备维修保养记录本
REVIEW-MAT-02301,C,medium,missing_specs,黄油嘴,润滑系统/润滑设备配件/润滑泵管路,螺纹: M6,个,至少一个: 规格；型号；类型；材质；品牌；尺寸；长度；厚度；功率；包装规格；适用设备,未满足当前分组的关键规格模板。,按默认规则补齐至少一个关键规格字段。,Sheet1:3578,黄油嘴M6
REVIEW-MAT-02302,C,medium,missing_specs,黄油嘴,润滑系统/润滑设备配件/润滑泵管路,螺纹: M8,个,至少一个: 规格；型号；类型；材质；品牌；尺寸；长度；厚度；功率；包装规格；适用设备,未满足当前分组的关键规格模板。,按默认规则补齐至少一个关键规格字段。,Sheet1:3579,黄油嘴M8
REVIEW-MAT-02303,C,medium,missing_specs,45度黄油嘴,润滑系统/润滑设备配件/润滑泵管路,角度: 45度；螺纹: M8,个,至少一个: 规格；型号；类型；材质；品牌；尺寸；长度；厚度；功率；包装规格；适用设备,未满足当前分组的关键规格模板。,按默认规则补齐至少一个关键规格字段。,Sheet1:3580,黄油嘴45度M8
REVIEW-MAT-02304,C,medium,missing_specs,45度黄油嘴,润滑系统/润滑设备配件/润滑泵管路,角度: 45度；螺纹: M12,个,至少一个: 规格；型号；类型；材质；品牌；尺寸；长度；厚度；功率；包装规格；适用设备,未满足当前分组的关键规格模板。,按默认规则补齐至少一个关键规格字段。,Sheet1:3581,黄油嘴45度M12
REVIEW-MAT-02305,C,medium,missing_specs,高压钢丝管,液压气动/气动元件/接头阀管,直径: Φ25；结构: 钢丝增强,米,至少一个: 规格；型号；类型；材质；品牌；尺寸；长度；厚度；功率；包装规格；适用设备,未满足当前分组的关键规格模板。,按默认规则补齐至少一个关键规格字段。,Sheet1:3582,高压钢丝管Φ25
REVIEW-MAT-02306,C,medium,needs_human_review,梅开两用扳手,工具器具/手动工具/扳手,品牌: 世达；规格: 41#,把,,存在低精度或人工复核标记，需要补齐信息。,确认品牌、型号/规格和适用设备。,Sheet1:3583,世达梅开两用扳手41#
REVIEW-MAT-02307,C,medium,specs_conflict,不锈钢球阀,阀门/通用阀门/球阀,材质: 304；公称通径: DN20,个,,存在低精度或人工复核标记，需要补齐信息。,按默认规则补齐至少一个关键规格字段。,Sheet1:3584,304不锈钢球阀DN20
REVIEW-MAT-02308,C,medium,specs_conflict,不锈钢球阀,阀门/通用阀门/球阀,材质: 304；公称通径: DN15,个,,存在低精度或人工复核标记，需要补齐信息。,按默认规则补齐至少一个关键规格字段。,Sheet1:3585,304不锈钢球阀DN15
REVIEW-MAT-02309,C,medium,missing_specs,黄油嘴,润滑系统/润滑设备配件/润滑泵管路,螺纹: M10,个,至少一个: 规格；型号；类型；材质；品牌；尺寸；长度；厚度；功率；包装规格；适用设备,未满足当前分组的关键规格模板。,按默认规则补齐至少一个关键规格字段。,Sheet1:3588,黄油嘴M10
REVIEW-MAT-02310,C,medium,missing_specs,黄油嘴,润滑系统/润滑设备配件/润滑泵管路,螺纹: M12,个,至少一个: 规格；型号；类型；材质；品牌；尺寸；长度；厚度；功率；包装规格；适用设备,未满足当前分组的关键规格模板。,按默认规则补齐至少一个关键规格字段。,Sheet1:3589,黄油嘴M12
REVIEW-MAT-02311,C,medium,missing_specs,45度黄油嘴,润滑系统/润滑设备配件/润滑泵管路,角度: 45度；螺纹: M6,个,至少一个: 规格；型号；类型；材质；品牌；尺寸；长度；厚度；功率；包装规格；适用设备,未满足当前分组的关键规格模板。,按默认规则补齐至少一个关键规格字段。,Sheet1:3590,黄油嘴45度M6
REVIEW-MAT-02312,C,medium,missing_specs,45度黄油嘴,润滑系统/润滑设备配件/润滑泵管路,角度: 45度；螺纹: M10,个,至少一个: 规格；型号；类型；材质；品牌；尺寸；长度；厚度；功率；包装规格；适用设备,未满足当前分组的关键规格模板。,按默认规则补齐至少一个关键规格字段。,Sheet1:3591,黄油嘴45度M10
REVIEW-MAT-02313,C,medium,specs_conflict,不锈钢球阀,阀门/通用阀门/球阀,材质: 304；公称通径: DN10,个,,存在低精度或人工复核标记，需要补齐信息。,按默认规则补齐至少一个关键规格字段。,Sheet1:3592,304不锈钢球阀DN10
REVIEW-MAT-02314,C,medium,specs_conflict,不锈钢球阀,阀门/通用阀门/球阀,材质: 304；公称通径: DN8,个,,存在低精度或人工复核标记，需要补齐信息。,按默认规则补齐至少一个关键规格字段。,Sheet1:3593,304不锈钢球阀DN8
REVIEW-MAT-02315,C,medium,missing_specs,电动油脂泵,润滑系统/润滑设备配件/润滑泵管路,电压: 380V；容量: 8L；出口数: 4出口,台,至少一个: 规格；型号；类型；材质；品牌；尺寸；长度；厚度；功率；包装规格；适用设备,未满足当前分组的关键规格模板。,按默认规则补齐至少一个关键规格字段。,Sheet1:3594,电动油脂泵380V-8L-4出口
REVIEW-MAT-02316,C,medium,needs_human_review,铝合金梯,安全防护/高处与水域防护/高处防护,材质: 铝合金；特征: 加厚；高度: 4m,部,,存在低精度或人工复核标记，需要补齐信息。,确认类型、规格、材质和安全等级。,Sheet1:3595,加厚铝合金梯子4m
REVIEW-MAT-02317,C,medium,missing_specs,手提式LED探照灯,工具器具/其他/照明工具,结构: 手提式；光源: LED,个,至少一个: 型号；规格；品牌；尺寸；适用设备,未满足当前分组的关键规格模板。,确认品牌、型号/规格和适用设备。,Sheet1:3596,手提式探照灯LED
REVIEW-MAT-02318,C,medium,needs_human_review,聚氨酯泡沫填缝剂,化工油漆胶粘/其他/密封填缝材料,材质: 聚氨酯泡沫；用途: 填缝,瓶,,存在低精度或人工复核标记，需要补齐信息。,确认型号、图号、适用设备和关键尺寸。,Sheet1:3597,聚氨酯泡沫填缝剂
REVIEW-MAT-02319,D,high,alias_conflict,竹扫把,行政办公与清洁/清洁用品/清洁工具耗材,材质: 竹；规格: 大,把,,存在阻塞冲突，不能自动放行。,先解决别名、单位或分组冲突，不要自动创建物料。,Sheet1:3598,大竹扫把
REVIEW-MAT-02320,D,high,alias_conflict,塑料扫把,行政办公与清洁/清洁用品/清洁工具耗材,材质: 塑料,把,至少一个: 规格；类型；品牌；包装规格,存在阻塞冲突，不能自动放行。,先解决别名、单位或分组冲突，不要自动创建物料。,Sheet1:3599,塑料扫把
REVIEW-MAT-02322,C,medium,needs_human_review,不锈钢电动法兰蝶阀,阀门/其他/蝶阀,材质: 304；结构: 重体；驱动: 电动；连接: 法兰；公称通径: DN80,个,,存在低精度或人工复核标记，需要补齐信息。,按默认规则补齐至少一个关键规格字段。,Sheet1:3601,304不锈钢重体电动法兰蝶阀DN80
REVIEW-MAT-02323,C,medium,specs_conflict,二坑二槽钻头,工具器具/工具耗材/钻头,品牌: 博世；柄型: 二坑二槽；规格: Φ10*160,支,,存在低精度或人工复核标记，需要补齐信息。,确认品牌、型号/规格和适用设备。,Sheet1:3607,博世二坑二槽钻头Φ10*160
REVIEW-MAT-02324,C,medium,specs_conflict,二坑二槽钻头,工具器具/工具耗材/钻头,品牌: 博世；柄型: 二坑二槽；规格: Φ14*160,支,,存在低精度或人工复核标记，需要补齐信息。,确认品牌、型号/规格和适用设备。,Sheet1:3608,博世二坑二槽钻头Φ14*160
REVIEW-MAT-02325,C,medium,specs_conflict,二坑二槽钻头,工具器具/工具耗材/钻头,品牌: 博世；柄型: 二坑二槽；规格: Φ16*200,支,,存在低精度或人工复核标记，需要补齐信息。,确认品牌、型号/规格和适用设备。,Sheet1:3609,博世二坑二槽钻头Φ16*200
REVIEW-MAT-02326,C,medium,missing_specs,双柱黄油枪,润滑系统/润滑设备配件/润滑泵管路,结构: 双柱,把,至少一个: 规格；型号；类型；材质；品牌；尺寸；长度；厚度；功率；包装规格；适用设备,未满足当前分组的关键规格模板。,按默认规则补齐至少一个关键规格字段。,Sheet1:3612,双柱黄油枪
REVIEW-MAT-02327,D,high,alias_conflict,抗盐膨润土,化工油漆胶粘/其他/膨润土,特性: 抗盐,吨,至少一个: 类型；品牌；型号；包装规格；颜色,存在阻塞冲突，不能自动放行。,先解决别名、单位或分组冲突，不要自动创建物料。,Sheet1:3613,抗盐膨润土
REVIEW-MAT-02328,D,high,alias_conflict,尼龙扎带,生产辅料/其他/扎带,规格: 10*500,包,,存在阻塞冲突，不能自动放行。,先解决别名、单位或分组冲突，不要自动创建物料。,Sheet1:3616,扎带10*500
REVIEW-MAT-02329,D,high,alias_conflict,尼龙扎带,生产辅料/其他/扎带,规格: 10*400,包,,存在阻塞冲突，不能自动放行。,先解决别名、单位或分组冲突，不要自动创建物料。,Sheet1:3617,扎带10*400
REVIEW-MAT-02330,C,medium,specs_conflict,铝合金消防枪头管接头套件,消防器材/消防管件与接头/消防接头,材质: 铝合金；规格: 80型；包含: 消防枪头+管接头,套,,存在低精度或人工复核标记，需要补齐信息。,按默认规则补齐至少一个关键规格字段。,Sheet1:3620,80型铝合金消防枪头+管接头
REVIEW-MAT-02331,C,medium,specs_conflict,铝合金消防枪头管接头套件,消防器材/消防管件与接头/消防接头,材质: 铝合金；规格: 65型；包含: 消防枪头+管接头,套,,存在低精度或人工复核标记，需要补齐信息。,按默认规则补齐至少一个关键规格字段。,Sheet1:3621,65型铝合金消防枪头+管接头
REVIEW-MAT-02332,C,medium,specs_conflict,梅花开口两用扳手,工具器具/手动工具/扳手,规格: 13,把,,存在低精度或人工复核标记，需要补齐信息。,确认品牌、型号/规格和适用设备。,Sheet1:3624,梅花开口扳手13
REVIEW-MAT-02333,C,medium,specs_conflict,梅花开口两用扳手,工具器具/手动工具/扳手,规格: 14,把,,存在低精度或人工复核标记，需要补齐信息。,确认品牌、型号/规格和适用设备。,Sheet1:3625,梅花开口扳手14
REVIEW-MAT-02334,C,medium,needs_human_review,消防枪头,消防器材/消防管件与接头/消防接头,规格: 50,个,,存在低精度或人工复核标记，需要补齐信息。,按默认规则补齐至少一个关键规格字段。,Sheet1:3629,消防枪头50
REVIEW-MAT-02335,C,medium,needs_human_review,消防管快速接头,消防器材/消防管件与接头/消防接头,规格: 65；类型: 快接,个,,存在低精度或人工复核标记，需要补齐信息。,按默认规则补齐至少一个关键规格字段。,Sheet1:3630,消防管快接65
REVIEW-MAT-02336,C,medium,needs_human_review,吸油棉,环保/环保设备耗材/环保设备耗材,尺寸: 40cm*50cm*5mm,张,,存在低精度或人工复核标记，需要补齐信息。,按默认规则补齐至少一个关键规格字段。,Sheet1:3631,吸油棉40cm*50cm*5mm
REVIEW-MAT-02337,C,medium,missing_specs,高压清洗机喷嘴,行政办公与清洁/其他/清洗机配件,角度: 0度；原始: 喷咀,个,至少一个: 规格；类型；品牌；包装规格,未满足当前分组的关键规格模板。,确认规格、品牌和包装单位。,Sheet1:3633,高压清洗机喷咀0度
REVIEW-MAT-02338,C,medium,needs_human_review,割嘴,焊接焊割/焊割耗材/割嘴焊嘴,型号: G01-100；规格: 2号；原始: 割咀,个,,存在低精度或人工复核标记，需要补齐信息。,确认型号、直径/规格、材质和包装。,Sheet1:3634,割咀G01-100型2号
REVIEW-MAT-02339,C,medium,missing_specs,安全绳,安全防护/高处与水域防护/高处防护,直径: Φ8,米,至少一个: 类型；规格；材质；型号,未满足当前分组的关键规格模板。,确认类型、规格、材质和安全等级。,Sheet1:3635,安全绳Φ8
REVIEW-MAT-02340,C,medium,missing_specs,安全绳,安全防护/高处与水域防护/高处防护,直径: Φ10,米,至少一个: 类型；规格；材质；型号,未满足当前分组的关键规格模板。,确认类型、规格、材质和安全等级。,Sheet1:3636,安全绳Φ10
REVIEW-MAT-02341,C,medium,missing_specs,安全绳,安全防护/高处与水域防护/高处防护,直径: Φ12,米,至少一个: 类型；规格；材质；型号,未满足当前分组的关键规格模板。,确认类型、规格、材质和安全等级。,Sheet1:3637；Sheet1:3657,安全绳Φ12
REVIEW-MAT-02342,C,medium,needs_human_review,老虎钳,工具器具/手动工具/钳剪刀锤,规格: 7寸,把,,存在低精度或人工复核标记，需要补齐信息。,确认品牌、型号/规格和适用设备。,Sheet1:3638,老虎钳7寸
REVIEW-MAT-02343,C,medium,missing_specs,浸塑手套,劳保用品/手部防护/手套,工艺: 浸塑,付,至少一个: 类型；规格；材质；型号,未满足当前分组的关键规格模板。,确认类型、规格、材质和安全等级。,Sheet1:3639,浸塑手套
REVIEW-MAT-02345,C,medium,specs_conflict,尼龙扎带,生产辅料/其他/扎带,材质: 尼龙；规格: 10*500,包,,存在低精度或人工复核标记，需要补齐信息。,按默认规则补齐至少一个关键规格字段。,Sheet1:3642,尼龙扎带10*500
REVIEW-MAT-02346,C,medium,specs_conflict,吊装带,吊装索具/吊带索具/吊带,额定载荷: 1T；长度: 1米,根,,存在低精度或人工复核标记，需要补齐信息。,按默认规则补齐至少一个关键规格字段。,Sheet1:3644,吊带1T*1米
REVIEW-MAT-02347,C,medium,specs_conflict,吊装带,吊装索具/吊带索具/吊带,额定载荷: 1T；长度: 1.5米,根,,存在低精度或人工复核标记，需要补齐信息。,按默认规则补齐至少一个关键规格字段。,Sheet1:3645,吊带1T*1.5米
REVIEW-MAT-02348,C,medium,specs_conflict,吊装带,吊装索具/吊带索具/吊带,额定载荷: 5T；长度: 3米,根,,存在低精度或人工复核标记，需要补齐信息。,按默认规则补齐至少一个关键规格字段。,Sheet1:3647,吊带5T*3米
REVIEW-MAT-02349,D,high,alias_conflict,乙炔压力表,仪器仪表/压力温度仪表/压力温度,介质: 乙炔；类型: 压力表,个,,存在阻塞冲突，不能自动放行。,先解决别名、单位或分组冲突，不要自动创建物料。,Sheet1:3648,乙炔表
REVIEW-MAT-02350,C,medium,missing_specs,焊罩镜片,焊接焊割/其他/焊罩配件,颜色: 黑色,盒,至少一个: 型号；规格；直径；材质；类型,未满足当前分组的关键规格模板。,确认型号、直径/规格、材质和包装。,Sheet1:3650,焊罩镜片黑色
REVIEW-MAT-02351,C,medium,specs_conflict,卷尺,待治理/待治理/卷尺,长度: 3m,把,,存在低精度或人工复核标记，需要补齐信息。,按默认规则补齐至少一个关键规格字段。,Sheet1:3651,卷尺3m
REVIEW-MAT-02352,C,medium,specs_conflict,卷尺,待治理/待治理/卷尺,长度: 5m,把,,存在低精度或人工复核标记，需要补齐信息。,按默认规则补齐至少一个关键规格字段。,Sheet1:3652,卷尺5m
REVIEW-MAT-02354,D,high,alias_conflict,脚手架钢管,工程建材/其他/脚手架,长度: 6m,根,至少一个: 规格；型号；材质；厚度；尺寸；包装规格；强度等级,存在阻塞冲突，不能自动放行。,先解决别名、单位或分组冲突，不要自动创建物料。,Sheet1:3660,架子管6m
REVIEW-MAT-02355,C,medium,needs_human_review,散装水泥,工程建材/水泥砂石/水泥砂石,包装: 散装；强度等级: 42.5,吨,,存在低精度或人工复核标记，需要补齐信息。,确认规格、材质/强度等级、尺寸和包装单位。,Sheet1:3662；Sheet1:3664；Sheet1:3666,散装42.5水泥
