issue_id,issue_type,priority,standard_name,canonical_group_path,candidate_codes,source_proposed_codes,source_rows,unit_values,specs_values,reason,suggested_action
ISSUE-00001,specs_conflict,medium,内六角螺丝,五金备件/其他/紧固件,REVIEW-MAT-00323；REVIEW-MAT-00324,REVIEW-MAT-00323；REVIEW-MAT-00324,Sheet1:555；Sheet1:558,套,规格: 10*40；类型: 内六角 || 规格: 16*50；类型: 内六角,同一标准名称和规范分组下存在多个规格签名；已保守拆开，需人工确认是否为不同物料。,逐项确认是否为不同规格物料；若规格足够明确则保留拆分，若其实同物料则补充等价规则后再合并。
ISSUE-00002,specs_conflict,medium,平垫片,五金备件/其他/紧固件,REVIEW-MAT-00459；REVIEW-MAT-00645；REVIEW-MAT-00649,REVIEW-MAT-00459；REVIEW-MAT-00645；REVIEW-MAT-00649,Sheet1:1178；Sheet1:1182；Sheet1:793,个,规格: 14 || 规格: M30 || 规格: M27,同一标准名称和规范分组下存在多个规格签名；已保守拆开，需人工确认是否为不同物料。,逐项确认是否为不同规格物料；若规格足够明确则保留拆分，若其实同物料则补充等价规则后再合并。
ISSUE-00003,low_precision_conflict,medium,平垫片,五金备件/其他/紧固件,REVIEW-MAT-00459；REVIEW-MAT-00645；REVIEW-MAT-00649,REVIEW-MAT-00459；REVIEW-MAT-00645；REVIEW-MAT-00649,Sheet1:1178；Sheet1:1182；Sheet1:793,个,规格: 14 || 规格: M30 || 规格: M27,低精度/缺规格项与高精度项同时存在；低精度项已保留 needs_human_review。,补齐规格、品牌、型号、包装或执行标准后再进入可导入池。
ISSUE-00004,specs_conflict,medium,弹簧垫片,五金备件/其他/紧固件,REVIEW-MAT-00460；REVIEW-MAT-00646；REVIEW-MAT-00650,REVIEW-MAT-00460；REVIEW-MAT-00646；REVIEW-MAT-00650,Sheet1:1179；Sheet1:1183；Sheet1:794,个,规格: 14 || 规格: M30 || 规格: M27,同一标准名称和规范分组下存在多个规格签名；已保守拆开，需人工确认是否为不同物料。,逐项确认是否为不同规格物料；若规格足够明确则保留拆分，若其实同物料则补充等价规则后再合并。
ISSUE-00005,specs_conflict,medium,膨胀螺丝,五金备件/其他/紧固件,REVIEW-MAT-00117；REVIEW-MAT-00406；REVIEW-MAT-00471；REVIEW-MAT-00728；REVIEW-MAT-00729；REVIEW-MAT-00752；REVIEW-MAT-00767,REVIEW-MAT-00117；REVIEW-MAT-00406；REVIEW-MAT-00471；REVIEW-MAT-00728；REVIEW-MAT-00729；REVIEW-MAT-00752；REVIEW-MAT-00767,Sheet1:1340；Sheet1:1341；Sheet1:1383；Sheet1:1409；Sheet1:191；Sheet1:704；Sheet1:824,支；个,规格: 14*120 || 规格: 10*70；别名: 爆炸螺丝 || 规格: M12*80 || 规格: M20*140 || 规格: M22*140 || 规格: 8*60 || 规格: 6厘,同一标准名称和规范分组下存在多个规格签名；已保守拆开，需人工确认是否为不同物料。,逐项确认是否为不同规格物料；若规格足够明确则保留拆分，若其实同物料则补充等价规则后再合并。
ISSUE-00006,low_precision_conflict,medium,膨胀螺丝,五金备件/其他/紧固件,REVIEW-MAT-00117；REVIEW-MAT-00406；REVIEW-MAT-00471；REVIEW-MAT-00728；REVIEW-MAT-00729；REVIEW-MAT-00752；REVIEW-MAT-00767,REVIEW-MAT-00117；REVIEW-MAT-00406；REVIEW-MAT-00471；REVIEW-MAT-00728；REVIEW-MAT-00729；REVIEW-MAT-00752；REVIEW-MAT-00767,Sheet1:1340；Sheet1:1341；Sheet1:1383；Sheet1:1409；Sheet1:191；Sheet1:704；Sheet1:824,支；个,规格: 14*120 || 规格: 10*70；别名: 爆炸螺丝 || 规格: M12*80 || 规格: M20*140 || 规格: M22*140 || 规格: 8*60 || 规格: 6厘,低精度/缺规格项与高精度项同时存在；低精度项已保留 needs_human_review。,补齐规格、品牌、型号、包装或执行标准后再进入可导入池。
ISSUE-00007,specs_conflict,medium,螺丝,五金备件/其他/紧固件,REVIEW-MAT-00178；REVIEW-MAT-00180；REVIEW-MAT-00199；REVIEW-MAT-00221；REVIEW-MAT-00222；REVIEW-MAT-00223；REVIEW-MAT-00226；REVIEW-MAT-00338；REVIEW-MAT-00457；REVIEW-MAT-00643；REVIEW-MAT-00647；REVIEW-MAT-00651；REVIEW-MAT-00746；REVIEW-MAT-00747；REVIEW-MAT-00748；REVIEW-MAT-00757；REVIEW-MAT-00765,REVIEW-MAT-00178；REVIEW-MAT-00180；REVIEW-MAT-00199；REVIEW-MAT-00221；REVIEW-MAT-00222；REVIEW-MAT-00223；REVIEW-MAT-00226；REVIEW-MAT-00338；REVIEW-MAT-00457；REVIEW-MAT-00643；REVIEW-MAT-00647；REVIEW-MAT-00651；REVIEW-MAT-00746；REVIEW-MAT-00747；REVIEW-MAT-00748；REVIEW-MAT-00757；REVIEW-MAT-00765,Sheet1:1176；Sheet1:1180；Sheet1:1189；Sheet1:1363；Sheet1:1371；Sheet1:1372；Sheet1:1373；Sheet1:1374；Sheet1:1388；Sheet1:1405；Sheet1:314；Sheet1:319；Sheet1:320；Sheet1:357；Sheet1:393；Sheet1:394；Sheet1:395；Sheet1:398；Sheet1:407；Sheet1:578；Sheet1:597；Sheet1:791,套；个,规格: 16*50 || 规格: 14*50 || 规格: 8*250 || 规格: 8*30 || 规格: 16*30 || 规格: 12*60 || 规格: 12*50 || 规格: M20*120 || 规格: 14*180 || 规格: M30*100 || 规格: M27*120 || 规格: 12*40 || 规格: M20*130 || 规格: M20*35 || 规格: M20*40 || 规格: 22*100 || 规格: 16*160,同一标准名称和规范分组下存在多个规格签名；已保守拆开，需人工确认是否为不同物料。,逐项确认是否为不同规格物料；若规格足够明确则保留拆分，若其实同物料则补充等价规则后再合并。
ISSUE-00008,specs_conflict,medium,螺母,五金备件/其他/紧固件,REVIEW-MAT-00367；REVIEW-MAT-00368；REVIEW-MAT-00458；REVIEW-MAT-00503；REVIEW-MAT-00644；REVIEW-MAT-00648；REVIEW-MAT-00758,REVIEW-MAT-00367；REVIEW-MAT-00368；REVIEW-MAT-00458；REVIEW-MAT-00503；REVIEW-MAT-00644；REVIEW-MAT-00648；REVIEW-MAT-00758,Sheet1:1177；Sheet1:1181；Sheet1:1389；Sheet1:1406；Sheet1:636；Sheet1:637；Sheet1:792；Sheet1:888,个,规格: M4 || 规格: M5 || 规格: 14 || 规格: 16 || 规格: M30 || 规格: M27 || 规格: 22,同一标准名称和规范分组下存在多个规格签名；已保守拆开，需人工确认是否为不同物料。,逐项确认是否为不同规格物料；若规格足够明确则保留拆分，若其实同物料则补充等价规则后再合并。
ISSUE-00009,low_precision_conflict,medium,螺母,五金备件/其他/紧固件,REVIEW-MAT-00367；REVIEW-MAT-00368；REVIEW-MAT-00458；REVIEW-MAT-00503；REVIEW-MAT-00644；REVIEW-MAT-00648；REVIEW-MAT-00758,REVIEW-MAT-00367；REVIEW-MAT-00368；REVIEW-MAT-00458；REVIEW-MAT-00503；REVIEW-MAT-00644；REVIEW-MAT-00648；REVIEW-MAT-00758,Sheet1:1177；Sheet1:1181；Sheet1:1389；Sheet1:1406；Sheet1:636；Sheet1:637；Sheet1:792；Sheet1:888,个,规格: M4 || 规格: M5 || 规格: 14 || 规格: 16 || 规格: M30 || 规格: M27 || 规格: 22,低精度/缺规格项与高精度项同时存在；低精度项已保留 needs_human_review。,补齐规格、品牌、型号、包装或执行标准后再进入可导入池。
ISSUE-00010,specs_conflict,medium,铁钉,五金备件/其他/紧固件,REVIEW-MAT-00023；REVIEW-MAT-00485,REVIEW-MAT-00023；REVIEW-MAT-00485,Sheet1:38；Sheet1:845,斤；KG,长度: 2寸 || 规格: 3寸,同一标准名称和规范分组下存在多个规格签名；已保守拆开，需人工确认是否为不同物料。,逐项确认是否为不同规格物料；若规格足够明确则保留拆分，若其实同物料则补充等价规则后再合并。
ISSUE-00011,low_precision_conflict,medium,铁钉,五金备件/其他/紧固件,REVIEW-MAT-00023；REVIEW-MAT-00485,REVIEW-MAT-00023；REVIEW-MAT-00485,Sheet1:38；Sheet1:845,斤；KG,长度: 2寸 || 规格: 3寸,低精度/缺规格项与高精度项同时存在；低精度项已保留 needs_human_review。,补齐规格、品牌、型号、包装或执行标准后再进入可导入池。
ISSUE-00012,specs_conflict,medium,鱼尾螺丝,五金备件/其他/紧固件,REVIEW-MAT-00267；REVIEW-MAT-00268；REVIEW-MAT-00269,REVIEW-MAT-00267；REVIEW-MAT-00268；REVIEW-MAT-00269,Sheet1:462；Sheet1:463；Sheet1:464,套,规格: M10*60 || 规格: M14*70 || 规格: M16*90,同一标准名称和规范分组下存在多个规格签名；已保守拆开，需人工确认是否为不同物料。,逐项确认是否为不同规格物料；若规格足够明确则保留拆分，若其实同物料则补充等价规则后再合并。
ISSUE-00013,specs_conflict,medium,铁丝,五金备件/其他/金属丝,REVIEW-MAT-00924；REVIEW-MAT-01401；REVIEW-MAT-01657；REVIEW-MAT-02200,REVIEW-MAT-00924；REVIEW-MAT-01401；REVIEW-MAT-01657；REVIEW-MAT-02200,Sheet1:1617；Sheet1:2189；Sheet1:2282；Sheet1:2339；Sheet1:2661；Sheet1:2863；Sheet1:3421,kg；公斤；KG,材质: 铁 || 规格: 14#；材质: 铁 || 规格: 12#；材质: 铁,同一标准名称和规范分组下存在多个规格签名；已保守拆开，需人工确认是否为不同物料。,逐项确认是否为不同规格物料；若规格足够明确则保留拆分，若其实同物料则补充等价规则后再合并。
ISSUE-00014,unit_conflict,high,铁丝,五金备件/其他/金属丝,REVIEW-MAT-00924；REVIEW-MAT-01401,REVIEW-MAT-00924；REVIEW-MAT-01401,Sheet1:1617；Sheet1:2189；Sheet1:2282；Sheet1:2339,kg；公斤,材质: 铁,同一标准名称、规范分组和规格下存在非同义单位；未自动合并。,确认是否同一物料的不同计量单位；如是则补 UOM 换算/包装规格，如不是则拆成不同物料。
ISSUE-00015,specs_conflict,medium,铁丝,五金备件/其他/金属丝材,REVIEW-MAT-00259；REVIEW-MAT-00260；REVIEW-MAT-00357；REVIEW-MAT-00358；REVIEW-MAT-00551,REVIEW-MAT-00259；REVIEW-MAT-00260；REVIEW-MAT-00357；REVIEW-MAT-00358；REVIEW-MAT-00551,Sheet1:444；Sheet1:445；Sheet1:623；Sheet1:624；Sheet1:774；Sheet1:894；Sheet1:895；Sheet1:999,KG；公斤,规格: 12号 || 规格: 14号 || 规格: 12# || 规格: 14#,同一标准名称和规范分组下存在多个规格签名；已保守拆开，需人工确认是否为不同物料。,逐项确认是否为不同规格物料；若规格足够明确则保留拆分，若其实同物料则补充等价规则后再合并。
ISSUE-00016,unit_conflict,high,铁丝,五金备件/其他/金属丝材,REVIEW-MAT-00260；REVIEW-MAT-00551,REVIEW-MAT-00260；REVIEW-MAT-00551,Sheet1:445；Sheet1:895；Sheet1:999,KG；公斤,规格: 14号,同一标准名称、规范分组和规格下存在非同义单位；未自动合并。,确认是否同一物料的不同计量单位；如是则补 UOM 换算/包装规格，如不是则拆成不同物料。
ISSUE-00017,low_precision_conflict,medium,铁丝,五金备件/其他/金属丝材,REVIEW-MAT-00259；REVIEW-MAT-00260；REVIEW-MAT-00357；REVIEW-MAT-00358；REVIEW-MAT-00551,REVIEW-MAT-00259；REVIEW-MAT-00260；REVIEW-MAT-00357；REVIEW-MAT-00358；REVIEW-MAT-00551,Sheet1:444；Sheet1:445；Sheet1:623；Sheet1:624；Sheet1:774；Sheet1:894；Sheet1:895；Sheet1:999,KG；公斤,规格: 12号 || 规格: 14号 || 规格: 12# || 规格: 14#,低精度/缺规格项与高精度项同时存在；低精度项已保留 needs_human_review。,补齐规格、品牌、型号、包装或执行标准后再进入可导入池。
ISSUE-00018,specs_conflict,medium,黑扎丝,五金备件/其他/金属丝材,REVIEW-MAT-00533；REVIEW-MAT-00534,REVIEW-MAT-00533；REVIEW-MAT-00534,Sheet1:951；Sheet1:952,米,直径: 1mm；颜色: 黑色 || 直径: 2mm；颜色: 黑色,同一标准名称和规范分组下存在多个规格签名；已保守拆开，需人工确认是否为不同物料。,逐项确认是否为不同规格物料；若规格足够明确则保留拆分，若其实同物料则补充等价规则后再合并。
ISSUE-00019,specs_conflict,medium,不锈钢合页,五金备件/其他/门窗五金,REVIEW-MAT-00024；REVIEW-MAT-00148；REVIEW-MAT-00149；REVIEW-MAT-00740；REVIEW-MAT-01934,REVIEW-MAT-00024；REVIEW-MAT-00148；REVIEW-MAT-00149；REVIEW-MAT-00740；REVIEW-MAT-01934,Sheet1:1362；Sheet1:261；Sheet1:262；Sheet1:3070；Sheet1:39；Sheet1:58,套；付；副,材质: 不锈钢；规格: 4寸 || 材质: 不锈钢；规格: 6寸 || 材质: 不锈钢；规格: 5寸 || 规格: 110；材质: 不锈钢 || 材质: 不锈钢；类型: 合页,同一标准名称和规范分组下存在多个规格签名；已保守拆开，需人工确认是否为不同物料。,逐项确认是否为不同规格物料；若规格足够明确则保留拆分，若其实同物料则补充等价规则后再合并。
ISSUE-00020,low_precision_conflict,medium,不锈钢合页,五金备件/其他/门窗五金,REVIEW-MAT-00024；REVIEW-MAT-00148；REVIEW-MAT-00149；REVIEW-MAT-00740；REVIEW-MAT-01934,REVIEW-MAT-00024；REVIEW-MAT-00148；REVIEW-MAT-00149；REVIEW-MAT-00740；REVIEW-MAT-01934,Sheet1:1362；Sheet1:261；Sheet1:262；Sheet1:3070；Sheet1:39；Sheet1:58,套；付；副,材质: 不锈钢；规格: 4寸 || 材质: 不锈钢；规格: 6寸 || 材质: 不锈钢；规格: 5寸 || 规格: 110；材质: 不锈钢 || 材质: 不锈钢；类型: 合页,低精度/缺规格项与高精度项同时存在；低精度项已保留 needs_human_review。,补齐规格、品牌、型号、包装或执行标准后再进入可导入池。
ISSUE-00021,unit_conflict,high,不锈钢插销,五金备件/其他/门窗五金,REVIEW-MAT-00052；REVIEW-MAT-00069,REVIEW-MAT-00052；REVIEW-MAT-00069,Sheet1:107；Sheet1:82,个；套,材质: 不锈钢,同一标准名称、规范分组和规格下存在非同义单位；未自动合并。,确认是否同一物料的不同计量单位；如是则补 UOM 换算/包装规格，如不是则拆成不同物料。
ISSUE-00022,low_precision_conflict,medium,不锈钢插销,五金备件/其他/门窗五金,REVIEW-MAT-00052；REVIEW-MAT-00069,REVIEW-MAT-00052；REVIEW-MAT-00069,Sheet1:107；Sheet1:82,个；套,材质: 不锈钢,低精度/缺规格项与高精度项同时存在；低精度项已保留 needs_human_review。,补齐规格、品牌、型号、包装或执行标准后再进入可导入池。
ISSUE-00023,specs_conflict,medium,加厚铁合页,五金备件/其他/门窗五金,REVIEW-MAT-00163；REVIEW-MAT-00164,REVIEW-MAT-00163；REVIEW-MAT-00164,Sheet1:296；Sheet1:297,付,材质: 铁；规格: 4寸；特征: 加厚 || 材质: 铁；规格: 5寸；特征: 加厚,同一标准名称和规范分组下存在多个规格签名；已保守拆开，需人工确认是否为不同物料。,逐项确认是否为不同规格物料；若规格足够明确则保留拆分，若其实同物料则补充等价规则后再合并。
ISSUE-00024,specs_conflict,medium,插销,五金备件/其他/门窗五金,REVIEW-MAT-00056；REVIEW-MAT-01809,REVIEW-MAT-00056；REVIEW-MAT-01809,Sheet1:2885；Sheet1:87,付；套,规格: 4寸 || 规格: 300；类型: 插销,同一标准名称和规范分组下存在多个规格签名；已保守拆开，需人工确认是否为不同物料。,逐项确认是否为不同规格物料；若规格足够明确则保留拆分，若其实同物料则补充等价规则后再合并。
ISSUE-00025,specs_conflict,medium,闭门器,五金备件/其他/门窗五金,REVIEW-MAT-00068；REVIEW-MAT-00378,REVIEW-MAT-00068；REVIEW-MAT-00378,Sheet1:106；Sheet1:657,套；个,规格: 大 || 规格: 大号,同一标准名称和规范分组下存在多个规格签名；已保守拆开，需人工确认是否为不同物料。,逐项确认是否为不同规格物料；若规格足够明确则保留拆分，若其实同物料则补充等价规则后再合并。
ISSUE-00026,specs_conflict,medium,不锈钢挂锁,五金备件/门锁锁具/门锁锁具,REVIEW-MAT-00051；REVIEW-MAT-00060；REVIEW-MAT-00224；REVIEW-MAT-01705；REVIEW-MAT-01807；REVIEW-MAT-01823,REVIEW-MAT-00051；REVIEW-MAT-00060；REVIEW-MAT-00224；REVIEW-MAT-01705；REVIEW-MAT-01807；REVIEW-MAT-01823；REVIEW-MAT-02009,Sheet1:2727；Sheet1:2882；Sheet1:2909；Sheet1:3167；Sheet1:396；Sheet1:81；Sheet1:91,个；把,材质: 不锈钢；规格: 50 || 材质: 不锈钢；规格: 40 || 材质: 不锈钢；规格: 40；品质: 好 || 规格: 40；材质: 不锈钢；类型: 通用挂锁 || 规格: 40；材质: 不锈钢 || 材质: 不锈钢；类型: 挂锁,同一标准名称和规范分组下存在多个规格签名；已保守拆开，需人工确认是否为不同物料。,逐项确认是否为不同规格物料；若规格足够明确则保留拆分，若其实同物料则补充等价规则后再合并。
ISSUE-00027,unit_conflict,high,不锈钢挂锁,五金备件/门锁锁具/门锁锁具,REVIEW-MAT-00060；REVIEW-MAT-01807,REVIEW-MAT-00060；REVIEW-MAT-01807；REVIEW-MAT-02009,Sheet1:2882；Sheet1:3167；Sheet1:91,个；把,材质: 不锈钢；规格: 40 || 规格: 40；材质: 不锈钢,同一标准名称、规范分组和规格下存在非同义单位；未自动合并。,确认是否同一物料的不同计量单位；如是则补 UOM 换算/包装规格，如不是则拆成不同物料。
ISSUE-00028,low_precision_conflict,medium,不锈钢挂锁,五金备件/门锁锁具/门锁锁具,REVIEW-MAT-00051；REVIEW-MAT-00060；REVIEW-MAT-00224；REVIEW-MAT-01705；REVIEW-MAT-01807；REVIEW-MAT-01823,REVIEW-MAT-00051；REVIEW-MAT-00060；REVIEW-MAT-00224；REVIEW-MAT-01705；REVIEW-MAT-01807；REVIEW-MAT-01823；REVIEW-MAT-02009,Sheet1:2727；Sheet1:2882；Sheet1:2909；Sheet1:3167；Sheet1:396；Sheet1:81；Sheet1:91,个；把,材质: 不锈钢；规格: 50 || 材质: 不锈钢；规格: 40 || 材质: 不锈钢；规格: 40；品质: 好 || 规格: 40；材质: 不锈钢；类型: 通用挂锁 || 规格: 40；材质: 不锈钢 || 材质: 不锈钢；类型: 挂锁,低精度/缺规格项与高精度项同时存在；低精度项已保留 needs_human_review。,补齐规格、品牌、型号、包装或执行标准后再进入可导入池。
ISSUE-00029,specs_conflict,medium,不锈钢锁扣,五金备件/门锁锁具/门锁锁具,REVIEW-MAT-01822；REVIEW-MAT-01937,REVIEW-MAT-01822；REVIEW-MAT-01937,Sheet1:2908；Sheet1:3074,套,材质: 不锈钢；类型: 锁扣 || 材质: 不锈钢；用途: 外门；类型: 锁扣,同一标准名称和规范分组下存在多个规格签名；已保守拆开，需人工确认是否为不同物料。,逐项确认是否为不同规格物料；若规格足够明确则保留拆分，若其实同物料则补充等价规则后再合并。
ISSUE-00030,specs_conflict,medium,万向脚轮,仓储物流/搬运设备/手推车叉车,REVIEW-MAT-01730；REVIEW-MAT-01808,REVIEW-MAT-01730；REVIEW-MAT-01808,Sheet1:2761；Sheet1:2884,只,类型: 万向轮 || 类型: 万向车轮,同一标准名称和规范分组下存在多个规格签名；已保守拆开，需人工确认是否为不同物料。,逐项确认是否为不同规格物料；若规格足够明确则保留拆分，若其实同物料则补充等价规则后再合并。
ISSUE-00031,specs_conflict,medium,电流表,仪器仪表/其他/电气仪表,REVIEW-MAT-01560；REVIEW-MAT-01955,REVIEW-MAT-01560；REVIEW-MAT-01955,Sheet1:2528；Sheet1:3097,只,变比: 600/5A；类型: 电流表 || 品牌: 人民；型号: 6L2；变比: 600/5A,同一标准名称和规范分组下存在多个规格签名；已保守拆开，需人工确认是否为不同物料。,逐项确认是否为不同规格物料；若规格足够明确则保留拆分，若其实同物料则补充等价规则后再合并。
ISSUE-00032,specs_conflict,medium,一次性口罩,劳保用品/其他/呼吸防护,REVIEW-MAT-00243；REVIEW-MAT-01723,REVIEW-MAT-00243；REVIEW-MAT-01723,Sheet1:1015；Sheet1:2751；Sheet1:2887；Sheet1:423；Sheet1:826,个；只,类型: 一次性 || 类型: 一次性口罩,同一标准名称和规范分组下存在多个规格签名；已保守拆开，需人工确认是否为不同物料。,逐项确认是否为不同规格物料；若规格足够明确则保留拆分，若其实同物料则补充等价规则后再合并。
ISSUE-00033,specs_conflict,medium,创可贴,劳保用品/其他/急救用品,REVIEW-MAT-01134；REVIEW-MAT-01728,REVIEW-MAT-01134；REVIEW-MAT-01728,Sheet1:1903；Sheet1:2759；Sheet1:3267,个；盒,品类: 创可贴 || 类型: 创可贴,同一标准名称和规范分组下存在多个规格签名；已保守拆开，需人工确认是否为不同物料。,逐项确认是否为不同规格物料；若规格足够明确则保留拆分，若其实同物料则补充等价规则后再合并。
ISSUE-00034,low_precision_conflict,medium,创可贴,劳保用品/其他/急救用品,REVIEW-MAT-01134；REVIEW-MAT-01728,REVIEW-MAT-01134；REVIEW-MAT-01728,Sheet1:1903；Sheet1:2759；Sheet1:3267,个；盒,品类: 创可贴 || 类型: 创可贴,低精度/缺规格项与高精度项同时存在；低精度项已保留 needs_human_review。,补齐规格、品牌、型号、包装或执行标准后再进入可导入池。
ISSUE-00035,unit_conflict,high,拖把,劳保用品/其他/清洁工具,REVIEW-MAT-00607；REVIEW-MAT-00734,REVIEW-MAT-00607；REVIEW-MAT-00734,Sheet1:1108；Sheet1:1352,支；个,类型: 拖把,同一标准名称、规范分组和规格下存在非同义单位；未自动合并。,确认是否同一物料的不同计量单位；如是则补 UOM 换算/包装规格，如不是则拆成不同物料。
ISSUE-00036,specs_conflict,medium,平光防护眼镜,劳保用品/其他/眼面防护,REVIEW-MAT-00348；REVIEW-MAT-01032,REVIEW-MAT-00348；REVIEW-MAT-01032,Sheet1:1759；Sheet1:598,副；个,类型: 平镜/平光 || 颜色: 白色；镜片: 平光,同一标准名称和规范分组下存在多个规格签名；已保守拆开，需人工确认是否为不同物料。,逐项确认是否为不同规格物料；若规格足够明确则保留拆分，若其实同物料则补充等价规则后再合并。
ISSUE-00037,specs_conflict,medium,护目镜,劳保用品/其他/眼面防护,REVIEW-MAT-01635；REVIEW-MAT-01863,REVIEW-MAT-01635；REVIEW-MAT-01863,Sheet1:2637；Sheet1:2970；Sheet1:3125,付,类型: 多功能护目眼镜 || 类型: 护目眼镜,同一标准名称和规范分组下存在多个规格签名；已保守拆开，需人工确认是否为不同物料。,逐项确认是否为不同规格物料；若规格足够明确则保留拆分，若其实同物料则补充等价规则后再合并。
ISSUE-00038,specs_conflict,medium,焊工眼镜,劳保用品/其他/眼面防护,REVIEW-MAT-01755；REVIEW-MAT-01976；REVIEW-MAT-02010,REVIEW-MAT-01755；REVIEW-MAT-01976；REVIEW-MAT-02010,Sheet1:2795；Sheet1:3126；Sheet1:3168,付,用途: 焊工防护 || 用途: 电焊防护 || 用途: 电焊防护；颜色: 白色/灰色,同一标准名称和规范分组下存在多个规格签名；已保守拆开，需人工确认是否为不同物料。,逐项确认是否为不同规格物料；若规格足够明确则保留拆分，若其实同物料则补充等价规则后再合并。
ISSUE-00039,specs_conflict,medium,电焊眼镜,劳保用品/其他/眼面防护,REVIEW-MAT-00189；REVIEW-MAT-00347,REVIEW-MAT-00189；REVIEW-MAT-00347,Sheet1:1334；Sheet1:338；Sheet1:595,付；副,用途: 电焊 || 用途: 电焊防护,同一标准名称和规范分组下存在多个规格签名；已保守拆开，需人工确认是否为不同物料。,逐项确认是否为不同规格物料；若规格足够明确则保留拆分，若其实同物料则补充等价规则后再合并。
ISSUE-00040,low_precision_conflict,medium,电焊眼镜,劳保用品/其他/眼面防护,REVIEW-MAT-00189；REVIEW-MAT-00347,REVIEW-MAT-00189；REVIEW-MAT-00347,Sheet1:1334；Sheet1:338；Sheet1:595,付；副,用途: 电焊 || 用途: 电焊防护,低精度/缺规格项与高精度项同时存在；低精度项已保留 needs_human_review。,补齐规格、品牌、型号、包装或执行标准后再进入可导入池。
ISSUE-00041,specs_conflict,medium,防护眼镜,劳保用品/其他/眼面防护,REVIEW-MAT-00095；REVIEW-MAT-00231,REVIEW-MAT-00095；REVIEW-MAT-00231,Sheet1:151；Sheet1:403,个；付,用途: 打磨 || 颜色: 透明,同一标准名称和规范分组下存在多个规格签名；已保守拆开，需人工确认是否为不同物料。,逐项确认是否为不同规格物料；若规格足够明确则保留拆分，若其实同物料则补充等价规则后再合并。
ISSUE-00042,specs_conflict,medium,油布,劳保用品/其他/覆盖防护,REVIEW-MAT-00806；REVIEW-MAT-01036；REVIEW-MAT-01291,REVIEW-MAT-00806；REVIEW-MAT-01036；REVIEW-MAT-01291,Sheet1:1458；Sheet1:1500；Sheet1:1650；Sheet1:1767；Sheet1:1803；Sheet1:1951；Sheet1:2112；Sheet1:2141,平方；m2,特征: 加厚 || 品类: 油布,同一标准名称和规范分组下存在多个规格签名；已保守拆开，需人工确认是否为不同物料。,逐项确认是否为不同规格物料；若规格足够明确则保留拆分，若其实同物料则补充等价规则后再合并。
ISSUE-00043,unit_conflict,high,油布,劳保用品/其他/覆盖防护,REVIEW-MAT-00806；REVIEW-MAT-01036,REVIEW-MAT-00806；REVIEW-MAT-01036,Sheet1:1458；Sheet1:1500；Sheet1:1650；Sheet1:1767；Sheet1:1803；Sheet1:1951；Sheet1:2141,平方；m2,特征: 加厚,同一标准名称、规范分组和规格下存在非同义单位；未自动合并。,确认是否同一物料的不同计量单位；如是则补 UOM 换算/包装规格，如不是则拆成不同物料。
ISSUE-00044,low_precision_conflict,medium,油布,劳保用品/其他/覆盖防护,REVIEW-MAT-00806；REVIEW-MAT-01036；REVIEW-MAT-01291,REVIEW-MAT-00806；REVIEW-MAT-01036；REVIEW-MAT-01291,Sheet1:1458；Sheet1:1500；Sheet1:1650；Sheet1:1767；Sheet1:1803；Sheet1:1951；Sheet1:2112；Sheet1:2141,平方；m2,特征: 加厚 || 品类: 油布,低精度/缺规格项与高精度项同时存在；低精度项已保留 needs_human_review。,补齐规格、品牌、型号、包装或执行标准后再进入可导入池。
ISSUE-00045,specs_conflict,medium,雨鞋,劳保用品/其他/足部防护,REVIEW-MAT-00712；REVIEW-MAT-01031；REVIEW-MAT-01130；REVIEW-MAT-01237,REVIEW-MAT-00712；REVIEW-MAT-01031；REVIEW-MAT-01130；REVIEW-MAT-01237,Sheet1:1308；Sheet1:1757；Sheet1:1899；Sheet1:1969；Sheet1:2047,双,品牌: 回力；特征: 厚底 || 品牌: 回力；类型: 雨鞋 || 品牌: 回力；特征: 加厚 || 品牌: 回力,同一标准名称和规范分组下存在多个规格签名；已保守拆开，需人工确认是否为不同物料。,逐项确认是否为不同规格物料；若规格足够明确则保留拆分，若其实同物料则补充等价规则后再合并。
ISSUE-00046,specs_conflict,medium,一次性雨衣,劳保用品/其他/雨具,REVIEW-MAT-00472；REVIEW-MAT-00813；REVIEW-MAT-01079；REVIEW-MAT-01870；REVIEW-MAT-01941,REVIEW-MAT-00472；REVIEW-MAT-00813；REVIEW-MAT-01079；REVIEW-MAT-01138；REVIEW-MAT-01870；REVIEW-MAT-01941,Sheet1:1466；Sheet1:1829；Sheet1:1913；Sheet1:2978；Sheet1:3078；Sheet1:3103；Sheet1:825；Sheet1:885,套；件；个,类型: 一次性 || 类型: 一次性；特征: 加厚 || 类型: 一次性雨衣 || 特征: 加厚；类型: 一次性雨衣,同一标准名称和规范分组下存在多个规格签名；已保守拆开，需人工确认是否为不同物料。,逐项确认是否为不同规格物料；若规格足够明确则保留拆分，若其实同物料则补充等价规则后再合并。
ISSUE-00047,unit_conflict,high,一次性雨衣,劳保用品/其他/雨具,REVIEW-MAT-00813；REVIEW-MAT-01079,REVIEW-MAT-00813；REVIEW-MAT-01079；REVIEW-MAT-01138,Sheet1:1466；Sheet1:1829；Sheet1:1913,件；套；个,类型: 一次性；特征: 加厚,同一标准名称、规范分组和规格下存在非同义单位；未自动合并。,确认是否同一物料的不同计量单位；如是则补 UOM 换算/包装规格，如不是则拆成不同物料。
ISSUE-00048,low_precision_conflict,medium,一次性雨衣,劳保用品/其他/雨具,REVIEW-MAT-00472；REVIEW-MAT-00813；REVIEW-MAT-01079；REVIEW-MAT-01870；REVIEW-MAT-01941,REVIEW-MAT-00472；REVIEW-MAT-00813；REVIEW-MAT-01079；REVIEW-MAT-01138；REVIEW-MAT-01870；REVIEW-MAT-01941,Sheet1:1466；Sheet1:1829；Sheet1:1913；Sheet1:2978；Sheet1:3078；Sheet1:3103；Sheet1:825；Sheet1:885,套；件；个,类型: 一次性 || 类型: 一次性；特征: 加厚 || 类型: 一次性雨衣 || 特征: 加厚；类型: 一次性雨衣,低精度/缺规格项与高精度项同时存在；低精度项已保留 needs_human_review。,补齐规格、品牌、型号、包装或执行标准后再进入可导入池。
ISSUE-00049,specs_conflict,medium,布手套,劳保用品/手部防护/手套,REVIEW-MAT-00356；REVIEW-MAT-01294；REVIEW-MAT-01384,REVIEW-MAT-00356；REVIEW-MAT-01294；REVIEW-MAT-01384,Sheet1:2120；Sheet1:2250；Sheet1:622,双,特征: 加厚、双层 || 材质: 布；结构: 双层；特征: 加厚 || 材质: 布；特征: 加厚,同一标准名称和规范分组下存在多个规格签名；已保守拆开，需人工确认是否为不同物料。,逐项确认是否为不同规格物料；若规格足够明确则保留拆分，若其实同物料则补充等价规则后再合并。
ISSUE-00050,low_precision_conflict,medium,布手套,劳保用品/手部防护/手套,REVIEW-MAT-00356；REVIEW-MAT-01294；REVIEW-MAT-01384,REVIEW-MAT-00356；REVIEW-MAT-01294；REVIEW-MAT-01384,Sheet1:2120；Sheet1:2250；Sheet1:622,双,特征: 加厚、双层 || 材质: 布；结构: 双层；特征: 加厚 || 材质: 布；特征: 加厚,低精度/缺规格项与高精度项同时存在；低精度项已保留 needs_human_review。,补齐规格、品牌、型号、包装或执行标准后再进入可导入池。
ISSUE-00051,specs_conflict,medium,帆布手套,劳保用品/手部防护/手套,REVIEW-MAT-00083；REVIEW-MAT-00220；REVIEW-MAT-00634；REVIEW-MAT-01028；REVIEW-MAT-01052；REVIEW-MAT-01636,REVIEW-MAT-00083；REVIEW-MAT-00220；REVIEW-MAT-00634；REVIEW-MAT-01028；REVIEW-MAT-01052；REVIEW-MAT-01636；REVIEW-MAT-02321,Sheet1:1163；Sheet1:131；Sheet1:1754；Sheet1:1758；Sheet1:1794；Sheet1:2298；Sheet1:2638；Sheet1:2793；Sheet1:2814；Sheet1:2847；Sheet1:3022；Sheet1:3080；Sheet1:3098；Sheet1:3353；Sheet1:3408；Sheet1:3600；Sheet1:3641；Sheet1:384,双；付,类型: 双重/双层帆布 || 特征: 加厚、双层 || 材质: 帆布；特征: 加厚、双层 || 材质: 帆布；结构: 双层 || 材质: 帆布；结构: 双层；特征: 加厚 || 材质: 帆布,同一标准名称和规范分组下存在多个规格签名；已保守拆开，需人工确认是否为不同物料。,逐项确认是否为不同规格物料；若规格足够明确则保留拆分，若其实同物料则补充等价规则后再合并。
ISSUE-00052,low_precision_conflict,medium,帆布手套,劳保用品/手部防护/手套,REVIEW-MAT-00083；REVIEW-MAT-00220；REVIEW-MAT-00634；REVIEW-MAT-01028；REVIEW-MAT-01052；REVIEW-MAT-01636,REVIEW-MAT-00083；REVIEW-MAT-00220；REVIEW-MAT-00634；REVIEW-MAT-01028；REVIEW-MAT-01052；REVIEW-MAT-01636；REVIEW-MAT-02321,Sheet1:1163；Sheet1:131；Sheet1:1754；Sheet1:1758；Sheet1:1794；Sheet1:2298；Sheet1:2638；Sheet1:2793；Sheet1:2814；Sheet1:2847；Sheet1:3022；Sheet1:3080；Sheet1:3098；Sheet1:3353；Sheet1:3408；Sheet1:3600；Sheet1:3641；Sheet1:384,双；付,类型: 双重/双层帆布 || 特征: 加厚、双层 || 材质: 帆布；特征: 加厚、双层 || 材质: 帆布；结构: 双层 || 材质: 帆布；结构: 双层；特征: 加厚 || 材质: 帆布,低精度/缺规格项与高精度项同时存在；低精度项已保留 needs_human_review。,补齐规格、品牌、型号、包装或执行标准后再进入可导入池。
ISSUE-00053,specs_conflict,medium,焊工手套,劳保用品/手部防护/手套,REVIEW-MAT-00377；REVIEW-MAT-00804；REVIEW-MAT-01864,REVIEW-MAT-00377；REVIEW-MAT-00804；REVIEW-MAT-01864,Sheet1:1169；Sheet1:1456；Sheet1:2971；Sheet1:656,双；付,用途: 电焊防护 || 特征: 加长；用途: 焊工 || 用途: 焊工防护,同一标准名称和规范分组下存在多个规格签名；已保守拆开，需人工确认是否为不同物料。,逐项确认是否为不同规格物料；若规格足够明确则保留拆分，若其实同物料则补充等价规则后再合并。
ISSUE-00054,specs_conflict,medium,牛筋手套,劳保用品/手部防护/手套,REVIEW-MAT-00230；REVIEW-MAT-01645,REVIEW-MAT-00230；REVIEW-MAT-01645,Sheet1:2649；Sheet1:2669；Sheet1:2794；Sheet1:402；Sheet1:572,双；付,材质/类型: 牛筋；特征: 加厚 || 材质/俗称: 牛筋,同一标准名称和规范分组下存在多个规格签名；已保守拆开，需人工确认是否为不同物料。,逐项确认是否为不同规格物料；若规格足够明确则保留拆分，若其实同物料则补充等价规则后再合并。
ISSUE-00055,low_precision_conflict,medium,牛筋手套,劳保用品/手部防护/手套,REVIEW-MAT-00230；REVIEW-MAT-01645,REVIEW-MAT-00230；REVIEW-MAT-01645,Sheet1:2649；Sheet1:2669；Sheet1:2794；Sheet1:402；Sheet1:572,双；付,材质/类型: 牛筋；特征: 加厚 || 材质/俗称: 牛筋,低精度/缺规格项与高精度项同时存在；低精度项已保留 needs_human_review。,补齐规格、品牌、型号、包装或执行标准后再进入可导入池。
ISSUE-00056,specs_conflict,medium,PET条码不干胶标签,包装与标识/胶带标签/标签碳带,REVIEW-MAT-01744；REVIEW-MAT-01745,REVIEW-MAT-01744；REVIEW-MAT-01745,Sheet1:2781；Sheet1:2782,卷,材质: 哑银PET；尺寸: 40mm*25mm；每卷: 1200张 || 材质: 哑银PET；尺寸: 30mm*10mm；每卷: 5000张,同一标准名称和规范分组下存在多个规格签名；已保守拆开，需人工确认是否为不同物料。,逐项确认是否为不同规格物料；若规格足够明确则保留拆分，若其实同物料则补充等价规则后再合并。
ISSUE-00057,specs_conflict,medium,透明胶带,包装与标识/胶带标签/胶带,REVIEW-MAT-00687；REVIEW-MAT-01729；REVIEW-MAT-01992,REVIEW-MAT-00687；REVIEW-MAT-01729；REVIEW-MAT-01992,Sheet1:1258；Sheet1:2760；Sheet1:3143；Sheet1:3149,卷,宽度: 5mm；长度: 100米；颜色: 透明 || 品牌: 3M；颜色: 透明 || 颜色: 透明,同一标准名称和规范分组下存在多个规格签名；已保守拆开，需人工确认是否为不同物料。,逐项确认是否为不同规格物料；若规格足够明确则保留拆分，若其实同物料则补充等价规则后再合并。
ISSUE-00058,low_precision_conflict,medium,透明胶带,包装与标识/胶带标签/胶带,REVIEW-MAT-00687；REVIEW-MAT-01729；REVIEW-MAT-01992,REVIEW-MAT-00687；REVIEW-MAT-01729；REVIEW-MAT-01992,Sheet1:1258；Sheet1:2760；Sheet1:3143；Sheet1:3149,卷,宽度: 5mm；长度: 100米；颜色: 透明 || 品牌: 3M；颜色: 透明 || 颜色: 透明,低精度/缺规格项与高精度项同时存在；低精度项已保留 needs_human_review。,补齐规格、品牌、型号、包装或执行标准后再进入可导入池。
ISSUE-00059,specs_conflict,medium,吨袋,包装与标识/袋箱膜包装/袋箱膜,REVIEW-MAT-00258；REVIEW-MAT-00462,REVIEW-MAT-00258；REVIEW-MAT-00462,Sheet1:443；Sheet1:800；Sheet1:900,个,规格: 大号 || 承重/容量: 1.5吨,同一标准名称和规范分组下存在多个规格签名；已保守拆开，需人工确认是否为不同物料。,逐项确认是否为不同规格物料；若规格足够明确则保留拆分，若其实同物料则补充等价规则后再合并。
ISSUE-00060,specs_conflict,medium,编织袋,包装与标识/袋箱膜包装/袋箱膜,REVIEW-MAT-00424；REVIEW-MAT-00508；REVIEW-MAT-00521；REVIEW-MAT-01238；REVIEW-MAT-02065；REVIEW-MAT-02138,REVIEW-MAT-00424；REVIEW-MAT-00508；REVIEW-MAT-00521；REVIEW-MAT-01238；REVIEW-MAT-02065；REVIEW-MAT-02138,Sheet1:1000；Sheet1:1006；Sheet1:1036；Sheet1:1037；Sheet1:2048；Sheet1:3238；Sheet1:3328；Sheet1:738；Sheet1:878；Sheet1:902；Sheet1:929；Sheet1:930；Sheet1:953；Sheet1:985,个；条,类型: 编织袋 || 规格: 大号 || 规格: 小号 || 品类: 编织袋 || 规格: 大号；类型: 编织袋 || 尺寸: 0.8m*1.2m,同一标准名称和规范分组下存在多个规格签名；已保守拆开，需人工确认是否为不同物料。,逐项确认是否为不同规格物料；若规格足够明确则保留拆分，若其实同物料则补充等价规则后再合并。
ISSUE-00061,specs_conflict,medium,麻袋,包装与标识/袋箱膜包装/袋箱膜,REVIEW-MAT-00810；REVIEW-MAT-02066,REVIEW-MAT-00810；REVIEW-MAT-02066,Sheet1:1463；Sheet1:3239,个；条,尺寸: 70*100 || 规格: 大号；类型: 麻袋,同一标准名称和规范分组下存在多个规格签名；已保守拆开，需人工确认是否为不同物料。,逐项确认是否为不同规格物料；若规格足够明确则保留拆分，若其实同物料则补充等价规则后再合并。
ISSUE-00062,specs_conflict,medium,油性聚氨酯,化工油漆胶粘/其他/堵漏材料,REVIEW-MAT-01370；REVIEW-MAT-01542,REVIEW-MAT-01370；REVIEW-MAT-01542,Sheet1:2233；Sheet1:2461,公斤；桶,类型: 油性；材料: 聚氨酯 || 类型: 油性；材料: 聚氨酯；包装: 10KG,同一标准名称和规范分组下存在多个规格签名；已保守拆开，需人工确认是否为不同物料。,逐项确认是否为不同规格物料；若规格足够明确则保留拆分，若其实同物料则补充等价规则后再合并。
ISSUE-00063,specs_conflict,medium,聚氨酯堵漏剂,化工油漆胶粘/其他/堵漏材料,REVIEW-MAT-00515；REVIEW-MAT-00516；REVIEW-MAT-01769,REVIEW-MAT-00515；REVIEW-MAT-00516；REVIEW-MAT-01769,Sheet1:1023；Sheet1:1024；Sheet1:1034；Sheet1:2818；Sheet1:915；Sheet1:916；Sheet1:975；Sheet1:976,KG；桶,类型: 油性；材质: 聚氨酯 || 类型: 水性；材质: 聚氨酯 || 材料: 聚氨酯；用途: 堵漏；包装: 20KG,同一标准名称和规范分组下存在多个规格签名；已保守拆开，需人工确认是否为不同物料。,逐项确认是否为不同规格物料；若规格足够明确则保留拆分，若其实同物料则补充等价规则后再合并。
ISSUE-00064,specs_conflict,medium,防锈润滑剂,化工油漆胶粘/其他/润滑剂,REVIEW-MAT-00776；REVIEW-MAT-00861；REVIEW-MAT-00883；REVIEW-MAT-01224,REVIEW-MAT-00776；REVIEW-MAT-00861；REVIEW-MAT-00883；REVIEW-MAT-01224,Sheet1:1420；Sheet1:1527；Sheet1:1555；Sheet1:2023,瓶；支,品牌/型号: WD-40 || 品牌/型号: WD-40；功能: 除锈润滑 || 品牌/型号: WD-40；功能: 除锈 || 型号: DM40；功能: 防锈润滑,同一标准名称和规范分组下存在多个规格签名；已保守拆开，需人工确认是否为不同物料。,逐项确认是否为不同规格物料；若规格足够明确则保留拆分，若其实同物料则补充等价规则后再合并。
ISSUE-00065,specs_conflict,medium,润滑脂,化工油漆胶粘/其他/润滑脂,REVIEW-MAT-00882；REVIEW-MAT-01381,REVIEW-MAT-00882；REVIEW-MAT-01381,Sheet1:1554；Sheet1:2246,桶；公斤,俗称: 黄油 || 品牌: 克虏伯；型号: NB52,同一标准名称和规范分组下存在多个规格签名；已保守拆开，需人工确认是否为不同物料。,逐项确认是否为不同规格物料；若规格足够明确则保留拆分，若其实同物料则补充等价规则后再合并。
ISSUE-00066,specs_conflict,medium,抗盐膨润土,化工油漆胶粘/其他/膨润土,REVIEW-MAT-01510；REVIEW-MAT-01522；REVIEW-MAT-02327,REVIEW-MAT-01510；REVIEW-MAT-01522；REVIEW-MAT-02327,Sheet1:2416；Sheet1:2429；Sheet1:2435；Sheet1:2438；Sheet1:2440；Sheet1:2441；Sheet1:2442；Sheet1:2443；Sheet1:2445；Sheet1:2446；Sheet1:2447；Sheet1:3319；Sheet1:3613,T；吨,类型: 抗盐膨润土 || 特性: 抗盐,同一标准名称和规范分组下存在多个规格签名；已保守拆开，需人工确认是否为不同物料。,逐项确认是否为不同规格物料；若规格足够明确则保留拆分，若其实同物料则补充等价规则后再合并。
ISSUE-00067,unit_conflict,high,抗盐膨润土,化工油漆胶粘/其他/膨润土,REVIEW-MAT-01510；REVIEW-MAT-01522,REVIEW-MAT-01510；REVIEW-MAT-01522,Sheet1:2416；Sheet1:2429；Sheet1:2435；Sheet1:2438；Sheet1:2440；Sheet1:2441；Sheet1:2442；Sheet1:2443；Sheet1:2445；Sheet1:2446；Sheet1:2447；Sheet1:3319,T；吨,类型: 抗盐膨润土,同一标准名称、规范分组和规格下存在非同义单位；未自动合并。,确认是否同一物料的不同计量单位；如是则补 UOM 换算/包装规格，如不是则拆成不同物料。
ISSUE-00068,specs_conflict,medium,齿轮油,化工油漆胶粘/油品化学品/润滑油脂,REVIEW-MAT-00481；REVIEW-MAT-00999；REVIEW-MAT-01489,REVIEW-MAT-00481；REVIEW-MAT-00999；REVIEW-MAT-01489,Sheet1:1716；Sheet1:2392；Sheet1:836,升；个；桶,型号: HL-20 || 包装: 20L；类型: 齿轮油 || 品牌: 长城；品类: 齿轮油；包装: 18L,同一标准名称和规范分组下存在多个规格签名；已保守拆开，需人工确认是否为不同物料。,逐项确认是否为不同规格物料；若规格足够明确则保留拆分，若其实同物料则补充等价规则后再合并。
ISSUE-00069,specs_conflict,medium,除锈剂,化工油漆胶粘/油品化学品/清洗化学品,REVIEW-MAT-01867；REVIEW-MAT-01880；REVIEW-MAT-01967,REVIEW-MAT-01867；REVIEW-MAT-01880；REVIEW-MAT-01967,Sheet1:2974；Sheet1:2992；Sheet1:2998；Sheet1:3114,瓶,品牌: WD40；容量: 500mL || 品牌: 陶喜；容量: 450mL || 品牌: WD40；容量: 350mL,同一标准名称和规范分组下存在多个规格签名；已保守拆开，需人工确认是否为不同物料。,逐项确认是否为不同规格物料；若规格足够明确则保留拆分，若其实同物料则补充等价规则后再合并。
ISSUE-00070,specs_conflict,medium,地坪漆底漆,化工油漆胶粘/油漆涂料/涂料油漆,REVIEW-MAT-00399；REVIEW-MAT-00409,REVIEW-MAT-00399；REVIEW-MAT-00409,Sheet1:694；Sheet1:708,桶,品牌/系列: 好地坪漆；类型: 底漆 || 品牌/系列: 好地坪漆；类型: 底漆；包装: 20KG,同一标准名称和规范分组下存在多个规格签名；已保守拆开，需人工确认是否为不同物料。,逐项确认是否为不同规格物料；若规格足够明确则保留拆分，若其实同物料则补充等价规则后再合并。
ISSUE-00071,low_precision_conflict,medium,地坪漆底漆,化工油漆胶粘/油漆涂料/涂料油漆,REVIEW-MAT-00399；REVIEW-MAT-00409,REVIEW-MAT-00399；REVIEW-MAT-00409,Sheet1:694；Sheet1:708,桶,品牌/系列: 好地坪漆；类型: 底漆 || 品牌/系列: 好地坪漆；类型: 底漆；包装: 20KG,低精度/缺规格项与高精度项同时存在；低精度项已保留 needs_human_review。,补齐规格、品牌、型号、包装或执行标准后再进入可导入池。
ISSUE-00072,specs_conflict,medium,油漆,化工油漆胶粘/油漆涂料/涂料油漆,REVIEW-MAT-01695；REVIEW-MAT-01704；REVIEW-MAT-01781；REVIEW-MAT-02205,REVIEW-MAT-01695；REVIEW-MAT-01704；REVIEW-MAT-01781；REVIEW-MAT-02205,Sheet1:2715；Sheet1:2726；Sheet1:2837；Sheet1:3428；Sheet1:3451；Sheet1:3461,桶,品牌: 立邦；颜色: 蓝色；包装: 18kg || 品牌: 立邦；颜色: 中黄；包装: 18KG || 品牌: 立邦；颜色: 桔黄色；包装: 18kg || 品牌: 立邦；颜色: 白色；包装: 18KG,同一标准名称和规范分组下存在多个规格签名；已保守拆开，需人工确认是否为不同物料。,逐项确认是否为不同规格物料；若规格足够明确则保留拆分，若其实同物料则补充等价规则后再合并。
ISSUE-00073,low_precision_conflict,medium,油漆,化工油漆胶粘/油漆涂料/涂料油漆,REVIEW-MAT-01695；REVIEW-MAT-01704；REVIEW-MAT-01781；REVIEW-MAT-02205,REVIEW-MAT-01695；REVIEW-MAT-01704；REVIEW-MAT-01781；REVIEW-MAT-02205,Sheet1:2715；Sheet1:2726；Sheet1:2837；Sheet1:3428；Sheet1:3451；Sheet1:3461,桶,品牌: 立邦；颜色: 蓝色；包装: 18kg || 品牌: 立邦；颜色: 中黄；包装: 18KG || 品牌: 立邦；颜色: 桔黄色；包装: 18kg || 品牌: 立邦；颜色: 白色；包装: 18KG,低精度/缺规格项与高精度项同时存在；低精度项已保留 needs_human_review。,补齐规格、品牌、型号、包装或执行标准后再进入可导入池。
ISSUE-00074,specs_conflict,medium,稀释剂,化工油漆胶粘/油漆涂料/涂料油漆,REVIEW-MAT-01572；REVIEW-MAT-01630,REVIEW-MAT-01572；REVIEW-MAT-01630,Sheet1:2544；Sheet1:2629；Sheet1:2683；Sheet1:2695；Sheet1:2831；Sheet1:2838；Sheet1:2850；Sheet1:3429,桶,品牌: 立邦；包装: 12KG || 包装: 12kg,同一标准名称和规范分组下存在多个规格签名；已保守拆开，需人工确认是否为不同物料。,逐项确认是否为不同规格物料；若规格足够明确则保留拆分，若其实同物料则补充等价规则后再合并。
ISSUE-00075,specs_conflict,medium,自喷漆,化工油漆胶粘/油漆涂料/涂料油漆,REVIEW-MAT-00293；REVIEW-MAT-00294；REVIEW-MAT-00411；REVIEW-MAT-00412；REVIEW-MAT-00638；REVIEW-MAT-00744；REVIEW-MAT-00964；REVIEW-MAT-01010；REVIEW-MAT-01242；REVIEW-MAT-01564；REVIEW-MAT-01567；REVIEW-MAT-01600；REVIEW-MAT-01681；REVIEW-MAT-01682；REVIEW-MAT-01698；REVIEW-MAT-01706；REVIEW-MAT-01707；REVIEW-MAT-01724；REVIEW-MAT-02215,REVIEW-MAT-00293；REVIEW-MAT-00294；REVIEW-MAT-00411；REVIEW-MAT-00412；REVIEW-MAT-00638；REVIEW-MAT-00744；REVIEW-MAT-00964；REVIEW-MAT-01010；REVIEW-MAT-01242；REVIEW-MAT-01564；REVIEW-MAT-01567；REVIEW-MAT-01600；REVIEW-MAT-01681；REVIEW-MAT-01682；REVIEW-MAT-01698；REVIEW-MAT-01706；REVIEW-MAT-01707；REVIEW-MAT-01724；REVIEW-MAT-02215,Sheet1:1167；Sheet1:1367；Sheet1:1671；Sheet1:1727；Sheet1:2054；Sheet1:2532；Sheet1:2536；Sheet1:2583；Sheet1:2691；Sheet1:2692；Sheet1:2718；Sheet1:2719；Sheet1:2729；Sheet1:2730；Sheet1:2752；Sheet1:3021；Sheet1:3038；Sheet1:3228；Sheet1:3246；Sheet1:3447；Sheet1:497；Sheet1:499；Sheet1:714；Sheet1:715,瓶；支；个,品牌: 三和；颜色: 灰色；类型: 自喷漆 || 品牌: 三和；颜色: 黑色；类型: 自喷漆 || 品牌: 三和；颜色: 翠绿色；类型: 自喷漆 || 颜色: 中黄；类型: 自喷漆 || 颜色: 白色；类型: 喷漆 || 颜色: 红色；类型: 自喷漆 || 颜色: 绿色 || 颜色: 中黄 || 品牌: 三和；颜色: 灰色 || 颜色: 天蓝色 || 颜色: 黑色 || 颜色: 葱绿色 || 颜色: 白色 || 颜色: 中灰色 || 颜色: 红色 || 品牌: 威粤；颜色: 白色；原始: 自动喷漆,同一标准名称和规范分组下存在多个规格签名；已保守拆开，需人工确认是否为不同物料。,逐项确认是否为不同规格物料；若规格足够明确则保留拆分，若其实同物料则补充等价规则后再合并。
ISSUE-00076,unit_conflict,high,自喷漆,化工油漆胶粘/油漆涂料/涂料油漆,REVIEW-MAT-00293；REVIEW-MAT-00638,REVIEW-MAT-00293；REVIEW-MAT-00638,Sheet1:1167；Sheet1:497,瓶；支,品牌: 三和；颜色: 灰色；类型: 自喷漆,同一标准名称、规范分组和规格下存在非同义单位；未自动合并。,确认是否同一物料的不同计量单位；如是则补 UOM 换算/包装规格，如不是则拆成不同物料。
ISSUE-00077,unit_conflict,high,自喷漆,化工油漆胶粘/油漆涂料/涂料油漆,REVIEW-MAT-00744；REVIEW-MAT-00964；REVIEW-MAT-01242,REVIEW-MAT-00744；REVIEW-MAT-00964；REVIEW-MAT-01242,Sheet1:1367；Sheet1:1671；Sheet1:2054,瓶；个；支,颜色: 白色；类型: 喷漆,同一标准名称、规范分组和规格下存在非同义单位；未自动合并。,确认是否同一物料的不同计量单位；如是则补 UOM 换算/包装规格，如不是则拆成不同物料。
ISSUE-00078,specs_conflict,medium,调和油漆,化工油漆胶粘/油漆涂料/涂料油漆,REVIEW-MAT-00200；REVIEW-MAT-00206,REVIEW-MAT-00200；REVIEW-MAT-00206,Sheet1:359；Sheet1:367,桶,颜色: 铁红 || 颜色: 白色；类型: 调和油漆,同一标准名称和规范分组下存在多个规格签名；已保守拆开，需人工确认是否为不同物料。,逐项确认是否为不同规格物料；若规格足够明确则保留拆分，若其实同物料则补充等价规则后再合并。
ISSUE-00079,specs_conflict,medium,调和漆,化工油漆胶粘/油漆涂料/涂料油漆,REVIEW-MAT-00261；REVIEW-MAT-00311；REVIEW-MAT-00312；REVIEW-MAT-00509；REVIEW-MAT-00628；REVIEW-MAT-00629,REVIEW-MAT-00261；REVIEW-MAT-00311；REVIEW-MAT-00312；REVIEW-MAT-00509；REVIEW-MAT-00628；REVIEW-MAT-00629,Sheet1:1123；Sheet1:1151；Sheet1:1152；Sheet1:1153；Sheet1:447；Sheet1:471；Sheet1:533；Sheet1:534；Sheet1:577；Sheet1:621；Sheet1:903；Sheet1:907；Sheet1:923；Sheet1:980；Sheet1:981,桶,颜色: 白色；类型: 调和漆 || 颜色: 黄色；类型: 调和漆 || 颜色: 铁红；类型: 调和漆 || 颜色: 黑色；类型: 调和漆 || 颜色: 红色；类型: 调和漆 || 颜色: 中黄；类型: 调和漆,同一标准名称和规范分组下存在多个规格签名；已保守拆开，需人工确认是否为不同物料。,逐项确认是否为不同规格物料；若规格足够明确则保留拆分，若其实同物料则补充等价规则后再合并。
ISSUE-00080,specs_conflict,medium,防水乳胶漆,化工油漆胶粘/油漆涂料/涂料油漆,REVIEW-MAT-01922；REVIEW-MAT-01924,REVIEW-MAT-01922；REVIEW-MAT-01924,Sheet1:3054；Sheet1:3056；Sheet1:3059,桶,品牌: 立邦；特性: 防水；包装: 18KG || 品牌: 立邦；颜色: 白色；特性: 防水；包装: 18KG,同一标准名称和规范分组下存在多个规格签名；已保守拆开，需人工确认是否为不同物料。,逐项确认是否为不同规格物料；若规格足够明确则保留拆分，若其实同物料则补充等价规则后再合并。
ISSUE-00081,specs_conflict,medium,防锈漆,化工油漆胶粘/油漆涂料/涂料油漆,REVIEW-MAT-00245；REVIEW-MAT-01571；REVIEW-MAT-01622；REVIEW-MAT-01624；REVIEW-MAT-01625；REVIEW-MAT-01626；REVIEW-MAT-01627；REVIEW-MAT-01628；REVIEW-MAT-01629；REVIEW-MAT-01779,REVIEW-MAT-00245；REVIEW-MAT-01571；REVIEW-MAT-01622；REVIEW-MAT-01624；REVIEW-MAT-01625；REVIEW-MAT-01626；REVIEW-MAT-01627；REVIEW-MAT-01628；REVIEW-MAT-01629；REVIEW-MAT-01779,Sheet1:2543；Sheet1:2620；Sheet1:2622；Sheet1:2623；Sheet1:2624；Sheet1:2625；Sheet1:2626；Sheet1:2627；Sheet1:2628；Sheet1:2786；Sheet1:2829；Sheet1:2830；Sheet1:2849；Sheet1:2977；Sheet1:425,桶,颜色: 铁红；类型: 防锈漆 || 品牌: 立邦；颜色: 白色；包装: 18KG || 品牌: 立邦；颜色: 桔黄色；包装: 18kg || 品牌: 立邦；颜色: 深黄；包装: 18KG || 品牌: 立邦；颜色: 黑色；包装: 18KG || 品牌: 立邦；颜色: 大红；包装: 18KG || 品牌: 立邦；颜色: 淡黄灰；包装: 18KG || 品牌: 立邦；颜色: 桔红；包装: 18KG || 品牌: 立邦；颜色: 铁红；包装: 18KG || 品牌: 立邦；颜色: 中灰；包装: 18KG,同一标准名称和规范分组下存在多个规格签名；已保守拆开，需人工确认是否为不同物料。,逐项确认是否为不同规格物料；若规格足够明确则保留拆分，若其实同物料则补充等价规则后再合并。
ISSUE-00082,specs_conflict,medium,AB胶,化工油漆胶粘/胶粘密封/胶粘剂,REVIEW-MAT-00299；REVIEW-MAT-01592,REVIEW-MAT-00299；REVIEW-MAT-01592,Sheet1:2572；Sheet1:512,套；支,品牌/型号: 卡夹特；类型: AB胶 || 品牌: 三和；类型: AB胶,同一标准名称和规范分组下存在多个规格签名；已保守拆开，需人工确认是否为不同物料。,逐项确认是否为不同规格物料；若规格足够明确则保留拆分，若其实同物料则补充等价规则后再合并。
ISSUE-00083,specs_conflict,medium,PVC胶水,化工油漆胶粘/胶粘密封/胶粘剂,REVIEW-MAT-01552；REVIEW-MAT-02128,REVIEW-MAT-01552；REVIEW-MAT-02128,Sheet1:2519；Sheet1:3313,瓶,品牌: 公元；包装: 1KG；用途: PVC粘接 || 用途: PVC粘接,同一标准名称和规范分组下存在多个规格签名；已保守拆开，需人工确认是否为不同物料。,逐项确认是否为不同规格物料；若规格足够明确则保留拆分，若其实同物料则补充等价规则后再合并。
ISSUE-00084,specs_conflict,medium,泡沫双面胶,化工油漆胶粘/胶粘密封/胶粘剂,REVIEW-MAT-00564；REVIEW-MAT-01202,REVIEW-MAT-00564；REVIEW-MAT-01202,Sheet1:1030；Sheet1:1996,件；卷,基材: 泡沫；类型: 双面胶 || 特征: 厚；类型: 泡沫双面胶,同一标准名称和规范分组下存在多个规格签名；已保守拆开，需人工确认是否为不同物料。,逐项确认是否为不同规格物料；若规格足够明确则保留拆分，若其实同物料则补充等价规则后再合并。
ISSUE-00085,specs_conflict,medium,玻璃胶,化工油漆胶粘/胶粘密封/胶粘剂,REVIEW-MAT-00314；REVIEW-MAT-01034；REVIEW-MAT-02160,REVIEW-MAT-00314；REVIEW-MAT-01034；REVIEW-MAT-02160,Sheet1:1764；Sheet1:3365；Sheet1:537,支,颜色: 白色 || 颜色: 白色；类型: 玻璃胶 || 品牌: 道康宁,同一标准名称和规范分组下存在多个规格签名；已保守拆开，需人工确认是否为不同物料。,逐项确认是否为不同规格物料；若规格足够明确则保留拆分，若其实同物料则补充等价规则后再合并。
ISSUE-00086,specs_conflict,medium,聚氨酯密封胶,化工油漆胶粘/胶粘密封/胶粘剂,REVIEW-MAT-01482；REVIEW-MAT-01515,REVIEW-MAT-01482；REVIEW-MAT-01515,Sheet1:2385；Sheet1:2420；Sheet1:2422；Sheet1:2432；Sheet1:2580,支,品牌: 普赛达；材料: 聚氨酯；容量: 600mL || 品牌: 普赛达；材料: 聚氨酯,同一标准名称和规范分组下存在多个规格签名；已保守拆开，需人工确认是否为不同物料。,逐项确认是否为不同规格物料；若规格足够明确则保留拆分，若其实同物料则补充等价规则后再合并。
ISSUE-00087,unit_conflict,high,螺纹锁固胶,化工油漆胶粘/胶粘密封/胶粘剂,REVIEW-MAT-01612；REVIEW-MAT-02123,REVIEW-MAT-01612；REVIEW-MAT-02123,Sheet1:2596；Sheet1:2601；Sheet1:3308,只；瓶,品牌: 乐泰；型号: 243,同一标准名称、规范分组和规格下存在非同义单位；未自动合并。,确认是否同一物料的不同计量单位；如是则补 UOM 换算/包装规格，如不是则拆成不同物料。
ISSUE-00088,specs_conflict,medium,鸭嘴吊具,吊装索具/其他/吊具,REVIEW-MAT-00760；REVIEW-MAT-01192,REVIEW-MAT-00760；REVIEW-MAT-01192,Sheet1:1395；Sheet1:1982,个,载荷: 20T；类型: 鸭嘴吊具 || 额定载荷: 20T；型式: 鸭嘴；功能: 万能,同一标准名称和规范分组下存在多个规格签名；已保守拆开，需人工确认是否为不同物料。,逐项确认是否为不同规格物料；若规格足够明确则保留拆分，若其实同物料则补充等价规则后再合并。
ISSUE-00089,specs_conflict,medium,花篮螺丝,吊装索具/其他/拉紧器,REVIEW-MAT-00474；REVIEW-MAT-00732,REVIEW-MAT-00474；REVIEW-MAT-00732,Sheet1:1346；Sheet1:829,个,规格: M20；类型: 花篮 || 规格: 10厘,同一标准名称和规范分组下存在多个规格签名；已保守拆开，需人工确认是否为不同物料。,逐项确认是否为不同规格物料；若规格足够明确则保留拆分，若其实同物料则补充等价规则后再合并。
ISSUE-00090,specs_conflict,medium,花篮螺栓,吊装索具/其他/紧固调节,REVIEW-MAT-01303；REVIEW-MAT-01306,REVIEW-MAT-01303；REVIEW-MAT-01306,Sheet1:2137；Sheet1:2140,个；套,规格: 14*200 || 规格: 10厘,同一标准名称和规范分组下存在多个规格签名；已保守拆开，需人工确认是否为不同物料。,逐项确认是否为不同规格物料；若规格足够明确则保留拆分，若其实同物料则补充等价规则后再合并。
ISSUE-00091,specs_conflict,medium,手扳葫芦,吊装索具/其他/葫芦,REVIEW-MAT-01024；REVIEW-MAT-01113,REVIEW-MAT-01024；REVIEW-MAT-01113,Sheet1:1749；Sheet1:1878,台；个,额定载荷: 2T；链长: 6米 || 额定载荷: 1.6T；链长: 6米,同一标准名称和规范分组下存在多个规格签名；已保守拆开，需人工确认是否为不同物料。,逐项确认是否为不同规格物料；若规格足够明确则保留拆分，若其实同物料则补充等价规则后再合并。
ISSUE-00092,specs_conflict,medium,手拉葫芦,吊装索具/其他/葫芦,REVIEW-MAT-01273；REVIEW-MAT-01274；REVIEW-MAT-01417,REVIEW-MAT-01273；REVIEW-MAT-01274；REVIEW-MAT-01417,Sheet1:2090；Sheet1:2091；Sheet1:2305,台,品牌/标识: 三角；额定载荷: 1T；链长: 6米 || 品牌/标识: 三角；额定载荷: 2T；链长: 6米 || 额定载荷: 2T；链长: 3米,同一标准名称和规范分组下存在多个规格签名；已保守拆开，需人工确认是否为不同物料。,逐项确认是否为不同规格物料；若规格足够明确则保留拆分，若其实同物料则补充等价规则后再合并。
ISSUE-00093,specs_conflict,medium,钢板起重钳,吊装索具/其他/钢板夹,REVIEW-MAT-01068；REVIEW-MAT-01069,REVIEW-MAT-01068；REVIEW-MAT-01069,Sheet1:1814；Sheet1:1815,个,额定载荷: 2T || 额定载荷: 3.2T,同一标准名称和规范分组下存在多个规格签名；已保守拆开，需人工确认是否为不同物料。,逐项确认是否为不同规格物料；若规格足够明确则保留拆分，若其实同物料则补充等价规则后再合并。
ISSUE-00094,specs_conflict,medium,吊带,吊装索具/吊带索具/吊带,REVIEW-MAT-00159；REVIEW-MAT-00387；REVIEW-MAT-00388；REVIEW-MAT-00389；REVIEW-MAT-00434；REVIEW-MAT-00624；REVIEW-MAT-00678,REVIEW-MAT-00159；REVIEW-MAT-00387；REVIEW-MAT-00388；REVIEW-MAT-00389；REVIEW-MAT-00434；REVIEW-MAT-00624；REVIEW-MAT-00678,Sheet1:1144；Sheet1:1244；Sheet1:281；Sheet1:680；Sheet1:681；Sheet1:682；Sheet1:751,付；条,载荷: 2T；长度: 1.5米 || 载荷: 5T；长度: 6米 || 载荷: 5T；长度: 3米 || 载荷: 3T；长度: 3米 || 载荷: 5T；长度: 8米 || 载荷: 5吨；长度: 6m || 载荷: 20T；长度: 6米；原名含“好”,同一标准名称和规范分组下存在多个规格签名；已保守拆开，需人工确认是否为不同物料。,逐项确认是否为不同规格物料；若规格足够明确则保留拆分，若其实同物料则补充等价规则后再合并。
ISSUE-00095,low_precision_conflict,medium,吊带,吊装索具/吊带索具/吊带,REVIEW-MAT-00159；REVIEW-MAT-00387；REVIEW-MAT-00388；REVIEW-MAT-00389；REVIEW-MAT-00434；REVIEW-MAT-00624；REVIEW-MAT-00678,REVIEW-MAT-00159；REVIEW-MAT-00387；REVIEW-MAT-00388；REVIEW-MAT-00389；REVIEW-MAT-00434；REVIEW-MAT-00624；REVIEW-MAT-00678,Sheet1:1144；Sheet1:1244；Sheet1:281；Sheet1:680；Sheet1:681；Sheet1:682；Sheet1:751,付；条,载荷: 2T；长度: 1.5米 || 载荷: 5T；长度: 6米 || 载荷: 5T；长度: 3米 || 载荷: 3T；长度: 3米 || 载荷: 5T；长度: 8米 || 载荷: 5吨；长度: 6m || 载荷: 20T；长度: 6米；原名含“好”,低精度/缺规格项与高精度项同时存在；低精度项已保留 needs_human_review。,补齐规格、品牌、型号、包装或执行标准后再进入可导入池。
ISSUE-00096,specs_conflict,medium,吊装带,吊装索具/吊带索具/吊带,REVIEW-MAT-01791；REVIEW-MAT-01792；REVIEW-MAT-02192；REVIEW-MAT-02193；REVIEW-MAT-02238；REVIEW-MAT-02239；REVIEW-MAT-02346；REVIEW-MAT-02347；REVIEW-MAT-02348,REVIEW-MAT-01791；REVIEW-MAT-01792；REVIEW-MAT-02192；REVIEW-MAT-02193；REVIEW-MAT-02238；REVIEW-MAT-02239；REVIEW-MAT-02346；REVIEW-MAT-02347；REVIEW-MAT-02348,Sheet1:2859；Sheet1:2860；Sheet1:3088；Sheet1:3395；Sheet1:3406；Sheet1:3413；Sheet1:3414；Sheet1:3479；Sheet1:3480；Sheet1:3644；Sheet1:3645；Sheet1:3647；Sheet1:3655；Sheet1:3656,根,额定载荷: 5T；长度: 6m || 额定载荷: 5T；长度: 3m || 额定载荷: 3T；长度: 2m || 额定载荷: 2T；长度: 2m || 额定载荷: 1T；长度: 1.5m || 额定载荷: 1T；长度: 1m || 额定载荷: 1T；长度: 1米 || 额定载荷: 1T；长度: 1.5米 || 额定载荷: 5T；长度: 3米,同一标准名称和规范分组下存在多个规格签名；已保守拆开，需人工确认是否为不同物料。,逐项确认是否为不同规格物料；若规格足够明确则保留拆分，若其实同物料则补充等价规则后再合并。
ISSUE-00097,specs_conflict,medium,扁平吊装带,吊装索具/吊带索具/吊带,REVIEW-MAT-00770；REVIEW-MAT-00771；REVIEW-MAT-00876；REVIEW-MAT-01055；REVIEW-MAT-01059；REVIEW-MAT-01088；REVIEW-MAT-01111；REVIEW-MAT-01112；REVIEW-MAT-01307；REVIEW-MAT-01416；REVIEW-MAT-01420,REVIEW-MAT-00770；REVIEW-MAT-00771；REVIEW-MAT-00876；REVIEW-MAT-01055；REVIEW-MAT-01059；REVIEW-MAT-01088；REVIEW-MAT-01111；REVIEW-MAT-01112；REVIEW-MAT-01307；REVIEW-MAT-01416；REVIEW-MAT-01420,Sheet1:1412；Sheet1:1413；Sheet1:1547；Sheet1:1797；Sheet1:1801；Sheet1:1842；Sheet1:1876；Sheet1:1877；Sheet1:2144；Sheet1:2304；Sheet1:2310,付；根；条；个,执行标准: 国标；颜色: 彩色；额定载荷: 3T；长度: 3米 || 执行标准: 国标；颜色: 彩色；额定载荷: 5T；长度: 6米 || 额定载荷: 5T；长度: 8米；颜色: 彩色 || 额定载荷: 2T；长度: 2米 || 额定载荷: 5T；长度: 6米；颜色: 彩色 || 额定载荷: 2T；长度: 1.5m || 额定载荷: 1T；长度: 1.5m || 额定载荷: 5T；长度: 6m；执行标准: 国标；颜色: 彩色 || 额定载荷: 2T；长度: 2米；颜色: 彩色 || 执行标准: 国标；颜色: 彩色；额定载荷: 5T；长度: 8米,同一标准名称和规范分组下存在多个规格签名；已保守拆开，需人工确认是否为不同物料。,逐项确认是否为不同规格物料；若规格足够明确则保留拆分，若其实同物料则补充等价规则后再合并。
ISSUE-00098,unit_conflict,high,扁平吊装带,吊装索具/吊带索具/吊带,REVIEW-MAT-01059；REVIEW-MAT-01088,REVIEW-MAT-01059；REVIEW-MAT-01088,Sheet1:1801；Sheet1:1842,付；根,额定载荷: 5T；长度: 6米；颜色: 彩色,同一标准名称、规范分组和规格下存在非同义单位；未自动合并。,确认是否同一物料的不同计量单位；如是则补 UOM 换算/包装规格，如不是则拆成不同物料。
ISSUE-00099,low_precision_conflict,medium,扁平吊装带,吊装索具/吊带索具/吊带,REVIEW-MAT-00770；REVIEW-MAT-00771；REVIEW-MAT-00876；REVIEW-MAT-01055；REVIEW-MAT-01059；REVIEW-MAT-01088；REVIEW-MAT-01111；REVIEW-MAT-01112；REVIEW-MAT-01307；REVIEW-MAT-01416；REVIEW-MAT-01420,REVIEW-MAT-00770；REVIEW-MAT-00771；REVIEW-MAT-00876；REVIEW-MAT-01055；REVIEW-MAT-01059；REVIEW-MAT-01088；REVIEW-MAT-01111；REVIEW-MAT-01112；REVIEW-MAT-01307；REVIEW-MAT-01416；REVIEW-MAT-01420,Sheet1:1412；Sheet1:1413；Sheet1:1547；Sheet1:1797；Sheet1:1801；Sheet1:1842；Sheet1:1876；Sheet1:1877；Sheet1:2144；Sheet1:2304；Sheet1:2310,付；根；条；个,执行标准: 国标；颜色: 彩色；额定载荷: 3T；长度: 3米 || 执行标准: 国标；颜色: 彩色；额定载荷: 5T；长度: 6米 || 额定载荷: 5T；长度: 8米；颜色: 彩色 || 额定载荷: 2T；长度: 2米 || 额定载荷: 5T；长度: 6米；颜色: 彩色 || 额定载荷: 2T；长度: 1.5m || 额定载荷: 1T；长度: 1.5m || 额定载荷: 5T；长度: 6m；执行标准: 国标；颜色: 彩色 || 额定载荷: 2T；长度: 2米；颜色: 彩色 || 执行标准: 国标；颜色: 彩色；额定载荷: 5T；长度: 8米,低精度/缺规格项与高精度项同时存在；低精度项已保留 needs_human_review。,补齐规格、品牌、型号、包装或执行标准后再进入可导入池。
ISSUE-00100,specs_conflict,medium,尼龙绳,吊装索具/吊带索具/钢丝绳链条,REVIEW-MAT-00373；REVIEW-MAT-00397；REVIEW-MAT-00844；REVIEW-MAT-01033；REVIEW-MAT-01424,REVIEW-MAT-00373；REVIEW-MAT-00397；REVIEW-MAT-00844；REVIEW-MAT-01033；REVIEW-MAT-01424,Sheet1:1505；Sheet1:1760；Sheet1:1813；Sheet1:1868；Sheet1:2142；Sheet1:2315；Sheet1:650；Sheet1:691,米,直径: 14mm；材质: 尼龙 || 直径: 18mm；材质: 尼龙 || 材质: 尼龙 || 规格/直径: 18；材质: 尼龙 || 规格: 16；材质: 尼龙,同一标准名称和规范分组下存在多个规格签名；已保守拆开，需人工确认是否为不同物料。,逐项确认是否为不同规格物料；若规格足够明确则保留拆分，若其实同物料则补充等价规则后再合并。
ISSUE-00101,low_precision_conflict,medium,尼龙绳,吊装索具/吊带索具/钢丝绳链条,REVIEW-MAT-00373；REVIEW-MAT-00397；REVIEW-MAT-00844；REVIEW-MAT-01033；REVIEW-MAT-01424,REVIEW-MAT-00373；REVIEW-MAT-00397；REVIEW-MAT-00844；REVIEW-MAT-01033；REVIEW-MAT-01424,Sheet1:1505；Sheet1:1760；Sheet1:1813；Sheet1:1868；Sheet1:2142；Sheet1:2315；Sheet1:650；Sheet1:691,米,直径: 14mm；材质: 尼龙 || 直径: 18mm；材质: 尼龙 || 材质: 尼龙 || 规格/直径: 18；材质: 尼龙 || 规格: 16；材质: 尼龙,低精度/缺规格项与高精度项同时存在；低精度项已保留 needs_human_review。,补齐规格、品牌、型号、包装或执行标准后再进入可导入池。
ISSUE-00102,specs_conflict,medium,扣压钢丝绳,吊装索具/吊带索具/钢丝绳链条,REVIEW-MAT-01479；REVIEW-MAT-01480,REVIEW-MAT-01479；REVIEW-MAT-01480,Sheet1:2382；Sheet1:2383,根,加工: 扣压；直径/规格: 50；长度: 3.6米 || 加工: 扣压；直径/规格: 47.5；长度: 9米,同一标准名称和规范分组下存在多个规格签名；已保守拆开，需人工确认是否为不同物料。,逐项确认是否为不同规格物料；若规格足够明确则保留拆分，若其实同物料则补充等价规则后再合并。
ISSUE-00103,specs_conflict,medium,钢丝绳,吊装索具/吊带索具/钢丝绳链条,REVIEW-MAT-00279；REVIEW-MAT-00476；REVIEW-MAT-01304；REVIEW-MAT-01326；REVIEW-MAT-02267,REVIEW-MAT-00279；REVIEW-MAT-00476；REVIEW-MAT-01304；REVIEW-MAT-01326；REVIEW-MAT-02267,Sheet1:2138；Sheet1:2165；Sheet1:3526；Sheet1:477；Sheet1:831,米；根,直径: 6mm || 直径: 16mm || 直径: 10厘 || 规格: 50；长度: 6米 || 直径: Φ20；长度: 6m,同一标准名称和规范分组下存在多个规格签名；已保守拆开，需人工确认是否为不同物料。,逐项确认是否为不同规格物料；若规格足够明确则保留拆分，若其实同物料则补充等价规则后再合并。
ISSUE-00104,specs_conflict,medium,钢丝绳卡扣,吊装索具/吊带索具/钢丝绳链条,REVIEW-MAT-00280；REVIEW-MAT-01305,REVIEW-MAT-00280；REVIEW-MAT-01305,Sheet1:2139；Sheet1:478,个,适配直径: 6mm || 规格: 10厘,同一标准名称和规范分组下存在多个规格签名；已保守拆开，需人工确认是否为不同物料。,逐项确认是否为不同规格物料；若规格足够明确则保留拆分，若其实同物料则补充等价规则后再合并。
ISSUE-00105,specs_conflict,medium,U型卸扣,吊装索具/吊装连接件/卸扣吊钩,REVIEW-MAT-00797；REVIEW-MAT-01067；REVIEW-MAT-01361,REVIEW-MAT-00797；REVIEW-MAT-01067；REVIEW-MAT-01361,Sheet1:1445；Sheet1:1812；Sheet1:2222,个,额定载荷: 10T；型式: U型 || 额定载荷: 9.5T；型式: U型 || 额定载荷: 17T；型式: U型；执行标准: 国标,同一标准名称和规范分组下存在多个规格签名；已保守拆开，需人工确认是否为不同物料。,逐项确认是否为不同规格物料；若规格足够明确则保留拆分，若其实同物料则补充等价规则后再合并。
ISSUE-00106,specs_conflict,medium,卸扣,吊装索具/吊装连接件/卸扣吊钩,REVIEW-MAT-00160；REVIEW-MAT-00177；REVIEW-MAT-00477；REVIEW-MAT-00478；REVIEW-MAT-00878；REVIEW-MAT-00879；REVIEW-MAT-00880；REVIEW-MAT-00969；REVIEW-MAT-01066；REVIEW-MAT-01110；REVIEW-MAT-01342；REVIEW-MAT-01343；REVIEW-MAT-01344；REVIEW-MAT-01784；REVIEW-MAT-01795；REVIEW-MAT-01799,REVIEW-MAT-00160；REVIEW-MAT-00177；REVIEW-MAT-00477；REVIEW-MAT-00478；REVIEW-MAT-00878；REVIEW-MAT-00879；REVIEW-MAT-00880；REVIEW-MAT-00969；REVIEW-MAT-01066；REVIEW-MAT-01110；REVIEW-MAT-01342；REVIEW-MAT-01343；REVIEW-MAT-01344；REVIEW-MAT-01784；REVIEW-MAT-01795；REVIEW-MAT-01796；REVIEW-MAT-01797；REVIEW-MAT-01798；REVIEW-MAT-01799,Sheet1:1549；Sheet1:1550；Sheet1:1551；Sheet1:1678；Sheet1:1811；Sheet1:1874；Sheet1:1875；Sheet1:2195；Sheet1:2196；Sheet1:2197；Sheet1:2198；Sheet1:2199；Sheet1:282；Sheet1:2851；Sheet1:2867；Sheet1:2868；Sheet1:2869；Sheet1:2870；Sheet1:2871；Sheet1:312；Sheet1:313；Sheet1:3622；Sheet1:812；Sheet1:813；Sheet1:832；Sheet1:833,个；只,载荷: 2T || 载荷: 4T || 载荷: 8.5T || 载荷: 3T || 额定载荷: 2T || 额定载荷: 4T || 额定载荷: 6T || 宽度: 6cm；额定载荷: 12T；执行标准: 国标 || 额定载荷: 3.25T || 额定载荷: 3T || 额定载荷: 8T || 额定载荷: 10T || 额定载荷: 12T || 额定载荷: 6.5T || 额定载荷: 25T || 额定载荷: 17T,同一标准名称和规范分组下存在多个规格签名；已保守拆开，需人工确认是否为不同物料。,逐项确认是否为不同规格物料；若规格足够明确则保留拆分，若其实同物料则补充等价规则后再合并。
ISSUE-00107,specs_conflict,medium,吊钩保险扣,吊装索具/吊装连接件/卸扣吊钩,REVIEW-MAT-01901；REVIEW-MAT-01902,REVIEW-MAT-01901；REVIEW-MAT-01902,Sheet1:3024；Sheet1:3025,个,适配: 行车吊钩；额定载荷: 20T；部件: 保险扣 || 适配: 行车吊钩；额定载荷: 16T；部件: 保险扣,同一标准名称和规范分组下存在多个规格签名；已保守拆开，需人工确认是否为不同物料。,逐项确认是否为不同规格物料；若规格足够明确则保留拆分，若其实同物料则补充等价规则后再合并。
ISSUE-00108,specs_conflict,medium,弓形卸扣,吊装索具/吊装连接件/卸扣吊钩,REVIEW-MAT-00181；REVIEW-MAT-00772；REVIEW-MAT-00773；REVIEW-MAT-00777；REVIEW-MAT-01952,REVIEW-MAT-00181；REVIEW-MAT-00772；REVIEW-MAT-00773；REVIEW-MAT-00777；REVIEW-MAT-01952,Sheet1:1414；Sheet1:1415；Sheet1:1421；Sheet1:3093；Sheet1:323,个；只,载荷: 6.5吨；标准: 国标；形状: 弓形 || 额定载荷: 6.5T；型式: 弓形 || 额定载荷: 4.75T；型式: 弓形 || 额定载荷: 9.5T；型式: 弓形 || 结构: 美式弓形；强度: 高强度；额定载荷: 17T,同一标准名称和规范分组下存在多个规格签名；已保守拆开，需人工确认是否为不同物料。,逐项确认是否为不同规格物料；若规格足够明确则保留拆分，若其实同物料则补充等价规则后再合并。
ISSUE-00109,low_precision_conflict,medium,弓形卸扣,吊装索具/吊装连接件/卸扣吊钩,REVIEW-MAT-00181；REVIEW-MAT-00772；REVIEW-MAT-00773；REVIEW-MAT-00777；REVIEW-MAT-01952,REVIEW-MAT-00181；REVIEW-MAT-00772；REVIEW-MAT-00773；REVIEW-MAT-00777；REVIEW-MAT-01952,Sheet1:1414；Sheet1:1415；Sheet1:1421；Sheet1:3093；Sheet1:323,个；只,载荷: 6.5吨；标准: 国标；形状: 弓形 || 额定载荷: 6.5T；型式: 弓形 || 额定载荷: 4.75T；型式: 弓形 || 额定载荷: 9.5T；型式: 弓形 || 结构: 美式弓形；强度: 高强度；额定载荷: 17T,低精度/缺规格项与高精度项同时存在；低精度项已保留 needs_human_review。,补齐规格、品牌、型号、包装或执行标准后再进入可导入池。
ISSUE-00110,specs_conflict,medium,反射片,安全防护/警示标识/反光警示,REVIEW-MAT-00487；REVIEW-MAT-00488,REVIEW-MAT-00487；REVIEW-MAT-00488,Sheet1:848；Sheet1:849,片,规格: 3*3 || 规格: 5*5,同一标准名称和规范分组下存在多个规格签名；已保守拆开，需人工确认是否为不同物料。,逐项确认是否为不同规格物料；若规格足够明确则保留拆分，若其实同物料则补充等价规则后再合并。
ISSUE-00111,specs_conflict,medium,路锥,安全防护/警示标识/反光警示,REVIEW-MAT-00379；REVIEW-MAT-00578,REVIEW-MAT-00379；REVIEW-MAT-00578,Sheet1:1062；Sheet1:658,个,高度: 1米 || 高度: 90cm,同一标准名称和规范分组下存在多个规格签名；已保守拆开，需人工确认是否为不同物料。,逐项确认是否为不同规格物料；若规格足够明确则保留拆分，若其实同物料则补充等价规则后再合并。
ISSUE-00112,specs_conflict,medium,安全网,安全防护/隔离防护/防护网,REVIEW-MAT-00982；REVIEW-MAT-01327；REVIEW-MAT-01421,REVIEW-MAT-00982；REVIEW-MAT-01327；REVIEW-MAT-01421,Sheet1:1695；Sheet1:2166；Sheet1:2311,张,品类: 安全网 || 尺寸: 1.8米*6米 || 尺寸: 6*1.8米；特征: 加厚,同一标准名称和规范分组下存在多个规格签名；已保守拆开，需人工确认是否为不同物料。,逐项确认是否为不同规格物料；若规格足够明确则保留拆分，若其实同物料则补充等价规则后再合并。
ISSUE-00113,specs_conflict,medium,五点式安全带,安全防护/高处与水域防护/高处防护,REVIEW-MAT-01140；REVIEW-MAT-02109,REVIEW-MAT-01140；REVIEW-MAT-02109,Sheet1:1915；Sheet1:3292,个；副,型式: 五点式；缓冲: 是 || 类型: 五点式,同一标准名称和规范分组下存在多个规格签名；已保守拆开，需人工确认是否为不同物料。,逐项确认是否为不同规格物料；若规格足够明确则保留拆分，若其实同物料则补充等价规则后再合并。
ISSUE-00114,specs_conflict,medium,安全绳,安全防护/高处与水域防护/高处防护,REVIEW-MAT-01660；REVIEW-MAT-02280；REVIEW-MAT-02339；REVIEW-MAT-02340；REVIEW-MAT-02341,REVIEW-MAT-01660；REVIEW-MAT-02280；REVIEW-MAT-02339；REVIEW-MAT-02340；REVIEW-MAT-02341,Sheet1:2664；Sheet1:2806；Sheet1:3549；Sheet1:3635；Sheet1:3636；Sheet1:3637；Sheet1:3657,米,直径: Φ14 || 直径: Φ16 || 直径: Φ8 || 直径: Φ10 || 直径: Φ12,同一标准名称和规范分组下存在多个规格签名；已保守拆开，需人工确认是否为不同物料。,逐项确认是否为不同规格物料；若规格足够明确则保留拆分，若其实同物料则补充等价规则后再合并。
ISSUE-00115,specs_conflict,medium,橡胶垫片,密封件/垫片盘根/垫片盘根,REVIEW-MAT-01699；REVIEW-MAT-02122,REVIEW-MAT-01699；REVIEW-MAT-02122,Sheet1:2720；Sheet1:3307,只；个,材质: 橡胶；规格: 200 || 材质: 橡胶；规格: 50,同一标准名称和规范分组下存在多个规格签名；已保守拆开，需人工确认是否为不同物料。,逐项确认是否为不同规格物料；若规格足够明确则保留拆分，若其实同物料则补充等价规则后再合并。
ISSUE-00116,specs_conflict,medium,冲孔冲头,工具器具/其他/冲头,REVIEW-MAT-01554；REVIEW-MAT-01555,REVIEW-MAT-01554；REVIEW-MAT-01555,Sheet1:2522；Sheet1:2523,支,直径: Φ14；长度: 150 || 直径: Φ16；长度: 150,同一标准名称和规范分组下存在多个规格签名；已保守拆开，需人工确认是否为不同物料。,逐项确认是否为不同规格物料；若规格足够明确则保留拆分，若其实同物料则补充等价规则后再合并。
ISSUE-00117,specs_conflict,medium,加长六角套筒,工具器具/其他/套筒,REVIEW-MAT-01160；REVIEW-MAT-01161；REVIEW-MAT-01162；REVIEW-MAT-01163；REVIEW-MAT-01164；REVIEW-MAT-01165；REVIEW-MAT-01166,REVIEW-MAT-01160；REVIEW-MAT-01161；REVIEW-MAT-01162；REVIEW-MAT-01163；REVIEW-MAT-01164；REVIEW-MAT-01165；REVIEW-MAT-01166,Sheet1:1943；Sheet1:1944；Sheet1:1945；Sheet1:1946；Sheet1:1947；Sheet1:1948；Sheet1:1949,个,规格: 5；特征: 加长；类型: 六角 || 规格: 6；特征: 加长；类型: 六角 || 规格: 7；特征: 加长；类型: 六角 || 规格: 8；特征: 加长；类型: 六角 || 规格: 10；特征: 加长；类型: 六角 || 规格: 12；特征: 加长；类型: 六角 || 规格: 14；特征: 加长；类型: 六角,同一标准名称和规范分组下存在多个规格签名；已保守拆开，需人工确认是否为不同物料。,逐项确认是否为不同规格物料；若规格足够明确则保留拆分，若其实同物料则补充等价规则后再合并。
ISSUE-00118,specs_conflict,medium,电动扳手套筒,工具器具/其他/套筒,REVIEW-MAT-00874；REVIEW-MAT-00875；REVIEW-MAT-00961；REVIEW-MAT-00962；REVIEW-MAT-01108,REVIEW-MAT-00874；REVIEW-MAT-00875；REVIEW-MAT-00961；REVIEW-MAT-00962；REVIEW-MAT-01108,Sheet1:1545；Sheet1:1546；Sheet1:1668；Sheet1:1669；Sheet1:1872,支；个,规格: 12号；适用: 电动扳手 || 规格: 42号；适用: 电动扳手 || 品牌: 世达；规格: 23号；适用: 电动扳手 || 品牌: 世达；规格: 24号；适用: 电动扳手 || 规格: 36；适用: 电动扳手,同一标准名称和规范分组下存在多个规格签名；已保守拆开，需人工确认是否为不同物料。,逐项确认是否为不同规格物料；若规格足够明确则保留拆分，若其实同物料则补充等价规则后再合并。
ISSUE-00119,specs_conflict,medium,电工包,工具器具/其他/工具包,REVIEW-MAT-02045；REVIEW-MAT-02178,REVIEW-MAT-02045；REVIEW-MAT-02178,Sheet1:3210；Sheet1:3390,个,材质: 帆布；用途: 电工 || 品牌: 得力；用途: 电工,同一标准名称和规范分组下存在多个规格签名；已保守拆开，需人工确认是否为不同物料。,逐项确认是否为不同规格物料；若规格足够明确则保留拆分，若其实同物料则补充等价规则后再合并。
ISSUE-00120,low_precision_conflict,medium,多功能剥线钳,工具器具/其他/手动工具,REVIEW-MAT-00035,REVIEW-MAT-00035；REVIEW-MAT-00087,Sheet1:139；Sheet1:55,只；个,品牌: 世达；类型: 多功能剥线钳,低精度/缺规格项与高精度项同时存在；低精度项已保留 needs_human_review。,补齐规格、品牌、型号、包装或执行标准后再进入可导入池。
ISSUE-00121,specs_conflict,medium,撬杠,工具器具/其他/手动工具,REVIEW-MAT-00701；REVIEW-MAT-00702,REVIEW-MAT-00701；REVIEW-MAT-00702,Sheet1:1282；Sheet1:1283,个,规格: 60 || 规格: 120,同一标准名称和规范分组下存在多个规格签名；已保守拆开，需人工确认是否为不同物料。,逐项确认是否为不同规格物料；若规格足够明确则保留拆分，若其实同物料则补充等价规则后再合并。
ISSUE-00122,specs_conflict,medium,方头铁锹,工具器具/其他/手动工具,REVIEW-MAT-00688；REVIEW-MAT-00689,REVIEW-MAT-00688；REVIEW-MAT-00689,Sheet1:1260；Sheet1:1261,套,规格: 大号；类型: 方头 || 规格: 小号；类型: 方头,同一标准名称和规范分组下存在多个规格签名；已保守拆开，需人工确认是否为不同物料。,逐项确认是否为不同规格物料；若规格足够明确则保留拆分，若其实同物料则补充等价规则后再合并。
ISSUE-00123,specs_conflict,medium,美工刀,工具器具/其他/手动工具,REVIEW-MAT-00115；REVIEW-MAT-00232；REVIEW-MAT-00718,REVIEW-MAT-00115；REVIEW-MAT-00232；REVIEW-MAT-00718,Sheet1:1320；Sheet1:186；Sheet1:404,支；把,品牌: 得力 || 类型: 美工刀,同一标准名称和规范分组下存在多个规格签名；已保守拆开，需人工确认是否为不同物料。,逐项确认是否为不同规格物料；若规格足够明确则保留拆分，若其实同物料则补充等价规则后再合并。
ISSUE-00124,unit_conflict,high,美工刀,工具器具/其他/手动工具,REVIEW-MAT-00232；REVIEW-MAT-00718,REVIEW-MAT-00232；REVIEW-MAT-00718,Sheet1:1320；Sheet1:404,支；把,类型: 美工刀,同一标准名称、规范分组和规格下存在非同义单位；未自动合并。,确认是否同一物料的不同计量单位；如是则补 UOM 换算/包装规格，如不是则拆成不同物料。
ISSUE-00125,low_precision_conflict,medium,美工刀,工具器具/其他/手动工具,REVIEW-MAT-00115；REVIEW-MAT-00232；REVIEW-MAT-00718,REVIEW-MAT-00115；REVIEW-MAT-00232；REVIEW-MAT-00718,Sheet1:1320；Sheet1:186；Sheet1:404,支；把,品牌: 得力 || 类型: 美工刀,低精度/缺规格项与高精度项同时存在；低精度项已保留 needs_human_review。,补齐规格、品牌、型号、包装或执行标准后再进入可导入池。
ISSUE-00126,specs_conflict,medium,混凝土试模,工具器具/其他/检测模具,REVIEW-MAT-01167；REVIEW-MAT-01220,REVIEW-MAT-01167；REVIEW-MAT-01220,Sheet1:1950；Sheet1:2019,个,尺寸: 150*150*150 || 品类: 混凝土试模,同一标准名称和规范分组下存在多个规格签名；已保守拆开，需人工确认是否为不同物料。,逐项确认是否为不同规格物料；若规格足够明确则保留拆分，若其实同物料则补充等价规则后再合并。
ISSUE-00127,low_precision_conflict,medium,断点检测电笔,工具器具/其他/电工工具,REVIEW-MAT-00036,REVIEW-MAT-00036；REVIEW-MAT-00086,Sheet1:138；Sheet1:56,只；个,功能: 找断点/测电,低精度/缺规格项与高精度项同时存在；低精度项已保留 needs_human_review。,补齐规格、品牌、型号、包装或执行标准后再进入可导入池。
ISSUE-00128,specs_conflict,medium,测电笔,工具器具/其他/电工工具,REVIEW-MAT-00574；REVIEW-MAT-00585；REVIEW-MAT-00710,REVIEW-MAT-00574；REVIEW-MAT-00585；REVIEW-MAT-00710,Sheet1:1057；Sheet1:1071；Sheet1:1303,支；个,类型: 多功能电笔 || 类型: 测电笔 || 外观: 透明；类型: 电笔,同一标准名称和规范分组下存在多个规格签名；已保守拆开，需人工确认是否为不同物料。,逐项确认是否为不同规格物料；若规格足够明确则保留拆分，若其实同物料则补充等价规则后再合并。
ISSUE-00129,low_precision_conflict,medium,测电笔,工具器具/其他/电工工具,REVIEW-MAT-00574；REVIEW-MAT-00585；REVIEW-MAT-00710,REVIEW-MAT-00574；REVIEW-MAT-00585；REVIEW-MAT-00710,Sheet1:1057；Sheet1:1071；Sheet1:1303,支；个,类型: 多功能电笔 || 类型: 测电笔 || 外观: 透明；类型: 电笔,低精度/缺规格项与高精度项同时存在；低精度项已保留 needs_human_review。,补齐规格、品牌、型号、包装或执行标准后再进入可导入池。
ISSUE-00130,specs_conflict,medium,绝缘十字螺丝刀,工具器具/其他/电工工具,REVIEW-MAT-02050；REVIEW-MAT-02051,REVIEW-MAT-02050；REVIEW-MAT-02051,Sheet1:3215；Sheet1:3216,把,头型: 十字；规格: 4*100；特性: 绝缘 || 头型: 十字；规格: 5*125；特性: 绝缘,同一标准名称和规范分组下存在多个规格签名；已保守拆开，需人工确认是否为不同物料。,逐项确认是否为不同规格物料；若规格足够明确则保留拆分，若其实同物料则补充等价规则后再合并。
ISSUE-00131,specs_conflict,medium,铝合金梯子,工具器具/其他/登高工具,REVIEW-MAT-01051；REVIEW-MAT-01213,REVIEW-MAT-01051；REVIEW-MAT-01213,Sheet1:1793；Sheet1:2009,个；台,长度: 4米；型式: B型；材质: 铝合金 || 长度: 2.5米；材质: 铝合金；特征: 加厚,同一标准名称和规范分组下存在多个规格签名；已保守拆开，需人工确认是否为不同物料。,逐项确认是否为不同规格物料；若规格足够明确则保留拆分，若其实同物料则补充等价规则后再合并。
ISSUE-00132,specs_conflict,medium,切割片,工具器具/其他/磨切耗材,REVIEW-MAT-00227；REVIEW-MAT-00331,REVIEW-MAT-00227；REVIEW-MAT-00331,Sheet1:399；Sheet1:566,块；片,规格: 100 || 品牌: 金立克,同一标准名称和规范分组下存在多个规格签名；已保守拆开，需人工确认是否为不同物料。,逐项确认是否为不同规格物料；若规格足够明确则保留拆分，若其实同物料则补充等价规则后再合并。
ISSUE-00133,specs_conflict,medium,砂纸,工具器具/其他/磨切耗材,REVIEW-MAT-00277；REVIEW-MAT-00278,REVIEW-MAT-00277；REVIEW-MAT-00278,Sheet1:474；Sheet1:475,张,粒度: 600 || 粒度: 80,同一标准名称和规范分组下存在多个规格签名；已保守拆开，需人工确认是否为不同物料。,逐项确认是否为不同规格物料；若规格足够明确则保留拆分，若其实同物料则补充等价规则后再合并。
ISSUE-00134,specs_conflict,medium,量杯,工具器具/其他/计量工具,REVIEW-MAT-01357；REVIEW-MAT-01389,REVIEW-MAT-01357；REVIEW-MAT-01389,Sheet1:2218；Sheet1:2259,个,容量: 5L || 容量: 2000ml,同一标准名称和规范分组下存在多个规格签名；已保守拆开，需人工确认是否为不同物料。,逐项确认是否为不同规格物料；若规格足够明确则保留拆分，若其实同物料则补充等价规则后再合并。
ISSUE-00135,specs_conflict,medium,砂纸,工具器具/工具耗材/切磨耗材,REVIEW-MAT-00903；REVIEW-MAT-01788；REVIEW-MAT-01789,REVIEW-MAT-00903；REVIEW-MAT-01788；REVIEW-MAT-01789,Sheet1:1586；Sheet1:2856；Sheet1:2857,张,粒度: 细 || 粒度: 240# || 粒度: 80#,同一标准名称和规范分组下存在多个规格签名；已保守拆开，需人工确认是否为不同物料。,逐项确认是否为不同规格物料；若规格足够明确则保留拆分，若其实同物料则补充等价规则后再合并。
ISSUE-00136,specs_conflict,medium,不锈钢钻头,工具器具/工具耗材/钻头,REVIEW-MAT-01912；REVIEW-MAT-01919；REVIEW-MAT-01920,REVIEW-MAT-01912；REVIEW-MAT-01919；REVIEW-MAT-01920,Sheet1:3040；Sheet1:3050；Sheet1:3051,支,用途/材质: 不锈钢；直径: 3.2mm || 用途/材质: 不锈钢；直径: 6mm || 用途/材质: 不锈钢；直径: 4mm,同一标准名称和规范分组下存在多个规格签名；已保守拆开，需人工确认是否为不同物料。,逐项确认是否为不同规格物料；若规格足够明确则保留拆分，若其实同物料则补充等价规则后再合并。
ISSUE-00137,specs_conflict,medium,二坑二槽钻头,工具器具/工具耗材/钻头,REVIEW-MAT-02323；REVIEW-MAT-02324；REVIEW-MAT-02325,REVIEW-MAT-02323；REVIEW-MAT-02324；REVIEW-MAT-02325,Sheet1:3607；Sheet1:3608；Sheet1:3609,支,品牌: 博世；柄型: 二坑二槽；规格: Φ10*160 || 品牌: 博世；柄型: 二坑二槽；规格: Φ14*160 || 品牌: 博世；柄型: 二坑二槽；规格: Φ16*200,同一标准名称和规范分组下存在多个规格签名；已保守拆开，需人工确认是否为不同物料。,逐项确认是否为不同规格物料；若规格足够明确则保留拆分，若其实同物料则补充等价规则后再合并。
ISSUE-00138,specs_conflict,medium,方柄钻头,工具器具/工具耗材/钻头,REVIEW-MAT-02161；REVIEW-MAT-02162,REVIEW-MAT-02161；REVIEW-MAT-02162,Sheet1:3366；Sheet1:3367,支,品牌: 博世；柄型: 方柄；直径: Φ14；长度: 280 || 品牌: 博世；柄型: 方柄；直径: Φ12；长度: 260,同一标准名称和规范分组下存在多个规格签名；已保守拆开，需人工确认是否为不同物料。,逐项确认是否为不同规格物料；若规格足够明确则保留拆分，若其实同物料则补充等价规则后再合并。
ISSUE-00139,specs_conflict,medium,钨钢钻头,工具器具/工具耗材/钻头,REVIEW-MAT-01348；REVIEW-MAT-01349,REVIEW-MAT-01348；REVIEW-MAT-01349,Sheet1:2207；Sheet1:2208,支,规格: 3.5；材质: 钨钢 || 规格: 3.0；材质: 钨钢,同一标准名称和规范分组下存在多个规格签名；已保守拆开，需人工确认是否为不同物料。,逐项确认是否为不同规格物料；若规格足够明确则保留拆分，若其实同物料则补充等价规则后再合并。
ISSUE-00140,specs_conflict,medium,钻头,工具器具/工具耗材/钻头,REVIEW-MAT-01436；REVIEW-MAT-01437；REVIEW-MAT-01438；REVIEW-MAT-01439；REVIEW-MAT-01449；REVIEW-MAT-01544；REVIEW-MAT-01553；REVIEW-MAT-01574；REVIEW-MAT-01575；REVIEW-MAT-02017；REVIEW-MAT-02018；REVIEW-MAT-02137；REVIEW-MAT-02180；REVIEW-MAT-02181；REVIEW-MAT-02182,REVIEW-MAT-01436；REVIEW-MAT-01437；REVIEW-MAT-01438；REVIEW-MAT-01439；REVIEW-MAT-01449；REVIEW-MAT-01544；REVIEW-MAT-01553；REVIEW-MAT-01574；REVIEW-MAT-01575；REVIEW-MAT-02017；REVIEW-MAT-02018；REVIEW-MAT-02137；REVIEW-MAT-02180；REVIEW-MAT-02181；REVIEW-MAT-02182,Sheet1:2331；Sheet1:2332；Sheet1:2333；Sheet1:2334；Sheet1:2347；Sheet1:2464；Sheet1:2521；Sheet1:2546；Sheet1:2547；Sheet1:3175；Sheet1:3176；Sheet1:3327；Sheet1:3392；Sheet1:3393；Sheet1:3394,个；支；只,直径: 10mm；长度: 200mm || 直径: 12mm；长度: 200mm || 直径: 14mm；长度: 200mm || 直径: 16mm；长度: 200mm || 直径: 20mm；长度: 800mm || 品牌: 博世；柄型: 五坑三槽；直径: Φ12；长度: 200 || 品牌: 博世；规格: M14*260 || 品牌: 博世；规格: M12*200 || 品牌: 博世；规格: M14*200 || 品牌: 博世；柄型: 二坑三槽；直径: Φ20；长度: 280 || 品牌: 博世；柄型: 二坑三槽；直径: Φ22；长度: 280 || 直径: Φ14；长度: 150 || 品牌: 博世；柄型: 二坑二槽；直径: Φ12；长度: 350 || 品牌: 博世；柄型: 二坑二槽；直径: Φ14；长度: 350 || 品牌: 博世；柄型: 二坑二槽；直径: Φ16；长度: 350,同一标准名称和规范分组下存在多个规格签名；已保守拆开，需人工确认是否为不同物料。,逐项确认是否为不同规格物料；若规格足够明确则保留拆分，若其实同物料则补充等价规则后再合并。
ISSUE-00141,specs_conflict,medium,五坑钻头,工具器具/工具配件/工具配件,REVIEW-MAT-00439；REVIEW-MAT-00530；REVIEW-MAT-00538；REVIEW-MAT-00544；REVIEW-MAT-00545；REVIEW-MAT-00546,REVIEW-MAT-00439；REVIEW-MAT-00530；REVIEW-MAT-00538；REVIEW-MAT-00544；REVIEW-MAT-00545；REVIEW-MAT-00546,Sheet1:761；Sheet1:944；Sheet1:962；Sheet1:977；Sheet1:978；Sheet1:979,个；支,品牌: 方大同；规格: 40*1200；柄型: 五坑 || 品牌: 方大同；规格: 35*500；柄型: 五坑 || 规格: 28*800；柄型: 五坑 || 品牌: 方大同；规格: 14*400；柄型: 五坑 || 品牌: 方大同；规格: 14*600；柄型: 五坑 || 品牌: 方大同；规格: 16*280；柄型: 五坑,同一标准名称和规范分组下存在多个规格签名；已保守拆开，需人工确认是否为不同物料。,逐项确认是否为不同规格物料；若规格足够明确则保留拆分，若其实同物料则补充等价规则后再合并。
ISSUE-00142,specs_conflict,medium,冲击钻头,工具器具/工具配件/工具配件,REVIEW-MAT-00113；REVIEW-MAT-00114；REVIEW-MAT-00432；REVIEW-MAT-00531；REVIEW-MAT-00532,REVIEW-MAT-00113；REVIEW-MAT-00114；REVIEW-MAT-00432；REVIEW-MAT-00531；REVIEW-MAT-00532,Sheet1:184；Sheet1:185；Sheet1:747；Sheet1:945；Sheet1:946,支,规格: 6厘 || 规格: 20厘 || 品牌: 方大同；规格: 18*800 || 品牌: 方大同；规格: 18*400 || 品牌: 方大同；规格: 30*400,同一标准名称和规范分组下存在多个规格签名；已保守拆开，需人工确认是否为不同物料。,逐项确认是否为不同规格物料；若规格足够明确则保留拆分，若其实同物料则补充等价规则后再合并。
ISSUE-00143,low_precision_conflict,medium,冲击钻头,工具器具/工具配件/工具配件,REVIEW-MAT-00113；REVIEW-MAT-00114；REVIEW-MAT-00432；REVIEW-MAT-00531；REVIEW-MAT-00532,REVIEW-MAT-00113；REVIEW-MAT-00114；REVIEW-MAT-00432；REVIEW-MAT-00531；REVIEW-MAT-00532,Sheet1:184；Sheet1:185；Sheet1:747；Sheet1:945；Sheet1:946,支,规格: 6厘 || 规格: 20厘 || 品牌: 方大同；规格: 18*800 || 品牌: 方大同；规格: 18*400 || 品牌: 方大同；规格: 30*400,低精度/缺规格项与高精度项同时存在；低精度项已保留 needs_human_review。,补齐规格、品牌、型号、包装或执行标准后再进入可导入池。
ISSUE-00144,specs_conflict,medium,合金钻头,工具器具/工具配件/工具配件,REVIEW-MAT-00391；REVIEW-MAT-00392；REVIEW-MAT-00393；REVIEW-MAT-00394；REVIEW-MAT-00395；REVIEW-MAT-00396,REVIEW-MAT-00391；REVIEW-MAT-00392；REVIEW-MAT-00393；REVIEW-MAT-00394；REVIEW-MAT-00395；REVIEW-MAT-00396,Sheet1:685；Sheet1:686；Sheet1:687；Sheet1:688；Sheet1:689；Sheet1:690,个,材质: 合金；直径: 6mm || 材质: 合金；直径: 8mm || 材质: 合金；直径: 10mm || 材质: 合金；直径: 12mm || 材质: 合金；直径: 14mm || 材质: 合金；直径: 16mm,同一标准名称和规范分组下存在多个规格签名；已保守拆开，需人工确认是否为不同物料。,逐项确认是否为不同规格物料；若规格足够明确则保留拆分，若其实同物料则补充等价规则后再合并。
ISSUE-00145,specs_conflict,medium,钨钢钻头,工具器具/工具配件/工具配件,REVIEW-MAT-00361；REVIEW-MAT-00362；REVIEW-MAT-00363；REVIEW-MAT-00364,REVIEW-MAT-00361；REVIEW-MAT-00362；REVIEW-MAT-00363；REVIEW-MAT-00364,Sheet1:627；Sheet1:628；Sheet1:629；Sheet1:630,支,材质: 钨钢；直径: 8mm || 材质: 钨钢；直径: 10mm || 材质: 钨钢；直径: 12mm || 材质: 钨钢；直径: 16mm,同一标准名称和规范分组下存在多个规格签名；已保守拆开，需人工确认是否为不同物料。,逐项确认是否为不同规格物料；若规格足够明确则保留拆分，若其实同物料则补充等价规则后再合并。
ISSUE-00146,specs_conflict,medium,钻头,工具器具/工具配件/工具配件,REVIEW-MAT-00461；REVIEW-MAT-00741；REVIEW-MAT-00742；REVIEW-MAT-00743,REVIEW-MAT-00461；REVIEW-MAT-00741；REVIEW-MAT-00742；REVIEW-MAT-00743,Sheet1:1364；Sheet1:1365；Sheet1:1366；Sheet1:795,个；支,规格: 16*100 || 规格: 4.0 || 规格: 5.0 || 规格: 5.5,同一标准名称和规范分组下存在多个规格签名；已保守拆开，需人工确认是否为不同物料。,逐项确认是否为不同规格物料；若规格足够明确则保留拆分，若其实同物料则补充等价规则后再合并。
ISSUE-00147,specs_conflict,medium,铁锹柄,工具器具/工具配件/工具配件,REVIEW-MAT-00690；REVIEW-MAT-01146；REVIEW-MAT-01239,REVIEW-MAT-00690；REVIEW-MAT-01146；REVIEW-MAT-01239,Sheet1:1262；Sheet1:1924；Sheet1:2050；Sheet1:2179,支；个,适用: 铁锹 || 部件: 柄；适用: 铁锹,同一标准名称和规范分组下存在多个规格签名；已保守拆开，需人工确认是否为不同物料。,逐项确认是否为不同规格物料；若规格足够明确则保留拆分，若其实同物料则补充等价规则后再合并。
ISSUE-00148,unit_conflict,high,铁锹柄,工具器具/工具配件/工具配件,REVIEW-MAT-01146；REVIEW-MAT-01239,REVIEW-MAT-01146；REVIEW-MAT-01239,Sheet1:1924；Sheet1:2050；Sheet1:2179,个；支,部件: 柄；适用: 铁锹,同一标准名称、规范分组和规格下存在非同义单位；未自动合并。,确认是否同一物料的不同计量单位；如是则补 UOM 换算/包装规格，如不是则拆成不同物料。
ISSUE-00149,low_precision_conflict,medium,铁锹柄,工具器具/工具配件/工具配件,REVIEW-MAT-00690；REVIEW-MAT-01146；REVIEW-MAT-01239,REVIEW-MAT-00690；REVIEW-MAT-01146；REVIEW-MAT-01239,Sheet1:1262；Sheet1:1924；Sheet1:2050；Sheet1:2179,支；个,适用: 铁锹 || 部件: 柄；适用: 铁锹,低精度/缺规格项与高精度项同时存在；低精度项已保留 needs_human_review。,补齐规格、品牌、型号、包装或执行标准后再进入可导入池。
ISSUE-00150,specs_conflict,medium,梅花开口两用扳手,工具器具/手动工具/扳手,REVIEW-MAT-02332；REVIEW-MAT-02333,REVIEW-MAT-02332；REVIEW-MAT-02333,Sheet1:3624；Sheet1:3625,把,规格: 13 || 规格: 14,同一标准名称和规范分组下存在多个规格签名；已保守拆开，需人工确认是否为不同物料。,逐项确认是否为不同规格物料；若规格足够明确则保留拆分，若其实同物料则补充等价规则后再合并。
ISSUE-00151,specs_conflict,medium,一字螺丝刀,工具器具/手动工具/通用手动工具,REVIEW-MAT-01120；REVIEW-MAT-01897；REVIEW-MAT-01927,REVIEW-MAT-01120；REVIEW-MAT-01897；REVIEW-MAT-01927,Sheet1:1885；Sheet1:3018；Sheet1:3063,个；把,规格: 6*250；类型: 一字 || 类型: 一字 || 品牌: 得力；类型: 一字,同一标准名称和规范分组下存在多个规格签名；已保守拆开，需人工确认是否为不同物料。,逐项确认是否为不同规格物料；若规格足够明确则保留拆分，若其实同物料则补充等价规则后再合并。
ISSUE-00152,specs_conflict,medium,三叉套筒扳手,工具器具/手动工具/通用手动工具,REVIEW-MAT-02046；REVIEW-MAT-02047；REVIEW-MAT-02048,REVIEW-MAT-02046；REVIEW-MAT-02047；REVIEW-MAT-02048,Sheet1:3211；Sheet1:3212；Sheet1:3213,把,规格: 14-17-19；类型: 三叉套筒 || 规格: 13-16-18；类型: 三叉套筒 || 规格: 10-12-14；类型: 三叉套筒,同一标准名称和规范分组下存在多个规格签名；已保守拆开，需人工确认是否为不同物料。,逐项确认是否为不同规格物料；若规格足够明确则保留拆分，若其实同物料则补充等价规则后再合并。
ISSUE-00153,specs_conflict,medium,内六角扳手套装,工具器具/手动工具/通用手动工具,REVIEW-MAT-00865；REVIEW-MAT-01190,REVIEW-MAT-00865；REVIEW-MAT-01190,Sheet1:1532；Sheet1:1979,套,品牌: 世达；类型: 六角扳手套装 || 品牌: 世达；规格范围: 1.5-10,同一标准名称和规范分组下存在多个规格签名；已保守拆开，需人工确认是否为不同物料。,逐项确认是否为不同规格物料；若规格足够明确则保留拆分，若其实同物料则补充等价规则后再合并。
ISSUE-00154,specs_conflict,medium,十字螺丝刀,工具器具/手动工具/通用手动工具,REVIEW-MAT-01119；REVIEW-MAT-01656；REVIEW-MAT-01898,REVIEW-MAT-01119；REVIEW-MAT-01656；REVIEW-MAT-01898,Sheet1:1884；Sheet1:2660；Sheet1:3019,个；把,规格: 6*250；类型: 十字 || 品牌: 世达；类型: 十字 || 类型: 十字,同一标准名称和规范分组下存在多个规格签名；已保守拆开，需人工确认是否为不同物料。,逐项确认是否为不同规格物料；若规格足够明确则保留拆分，若其实同物料则补充等价规则后再合并。
ISSUE-00155,specs_conflict,medium,尖嘴钳,工具器具/手动工具/通用手动工具,REVIEW-MAT-01443；REVIEW-MAT-01896；REVIEW-MAT-02134,REVIEW-MAT-01443；REVIEW-MAT-01896；REVIEW-MAT-02134,Sheet1:2338；Sheet1:3016；Sheet1:3324,个；把,品牌: 世达；类型: 尖嘴钳 || 品牌: 得力；类型: 尖嘴钳 || 品牌: 世达；规格: 6寸；类型: 尖嘴钳,同一标准名称和规范分组下存在多个规格签名；已保守拆开，需人工确认是否为不同物料。,逐项确认是否为不同规格物料；若规格足够明确则保留拆分，若其实同物料则补充等价规则后再合并。
ISSUE-00156,specs_conflict,medium,手锤,工具器具/手动工具/通用手动工具,REVIEW-MAT-01103；REVIEW-MAT-01104,REVIEW-MAT-01103；REVIEW-MAT-01104,Sheet1:1865；Sheet1:1866,支,重量: 6磅 || 重量: 8磅,同一标准名称和规范分组下存在多个规格签名；已保守拆开，需人工确认是否为不同物料。,逐项确认是否为不同规格物料；若规格足够明确则保留拆分，若其实同物料则补充等价规则后再合并。
ISSUE-00157,specs_conflict,medium,撬棍,工具器具/手动工具/通用手动工具,REVIEW-MAT-01106；REVIEW-MAT-01107,REVIEW-MAT-01106；REVIEW-MAT-01107,Sheet1:1869；Sheet1:1870,支,长度: 1.3m；规格: 30 || 长度: 60cm,同一标准名称和规范分组下存在多个规格签名；已保守拆开，需人工确认是否为不同物料。,逐项确认是否为不同规格物料；若规格足够明确则保留拆分，若其实同物料则补充等价规则后再合并。
ISSUE-00158,specs_conflict,medium,水泵钳,工具器具/手动工具/通用手动工具,REVIEW-MAT-01335；REVIEW-MAT-01336,REVIEW-MAT-01335；REVIEW-MAT-01336,Sheet1:2182；Sheet1:2183,支,规格: 8寸 || 规格: 10寸,同一标准名称和规范分组下存在多个规格签名；已保守拆开，需人工确认是否为不同物料。,逐项确认是否为不同规格物料；若规格足够明确则保留拆分，若其实同物料则补充等价规则后再合并。
ISSUE-00159,specs_conflict,medium,活动扳手,工具器具/手动工具/通用手动工具,REVIEW-MAT-00885；REVIEW-MAT-02007；REVIEW-MAT-02008,REVIEW-MAT-00885；REVIEW-MAT-02007；REVIEW-MAT-02008,Sheet1:1557；Sheet1:3165；Sheet1:3166,支；把,长度: 450mm || 品牌: 世达；规格: 12寸 || 品牌: 世达；规格: 10寸,同一标准名称和规范分组下存在多个规格签名；已保守拆开，需人工确认是否为不同物料。,逐项确认是否为不同规格物料；若规格足够明确则保留拆分，若其实同物料则补充等价规则后再合并。
ISSUE-00160,specs_conflict,medium,管钳,工具器具/手动工具/通用手动工具,REVIEW-MAT-00862；REVIEW-MAT-00863；REVIEW-MAT-00864；REVIEW-MAT-01249；REVIEW-MAT-01313；REVIEW-MAT-01314；REVIEW-MAT-01883,REVIEW-MAT-00862；REVIEW-MAT-00863；REVIEW-MAT-00864；REVIEW-MAT-01249；REVIEW-MAT-01313；REVIEW-MAT-01314；REVIEW-MAT-01883,Sheet1:1529；Sheet1:1530；Sheet1:1531；Sheet1:2062；Sheet1:2151；Sheet1:2152；Sheet1:2996,个；支；把,长度: 300mm || 长度: 350mm || 长度: 400mm || 长度: 600mm；特征: 防锈型 || 规格: 18寸 || 规格: 24寸 || 品牌: 世达；规格: 14寸,同一标准名称和规范分组下存在多个规格签名；已保守拆开，需人工确认是否为不同物料。,逐项确认是否为不同规格物料；若规格足够明确则保留拆分，若其实同物料则补充等价规则后再合并。
ISSUE-00161,specs_conflict,medium,老虎钳,工具器具/手动工具/通用手动工具,REVIEW-MAT-01118；REVIEW-MAT-01665；REVIEW-MAT-01895,REVIEW-MAT-01118；REVIEW-MAT-01665；REVIEW-MAT-01895,Sheet1:1883；Sheet1:2670；Sheet1:3015,个；把,品牌: 世达 || 品牌: 世达；类型: 老虎钳 || 品牌: 得力；类型: 老虎钳,同一标准名称和规范分组下存在多个规格签名；已保守拆开，需人工确认是否为不同物料。,逐项确认是否为不同规格物料；若规格足够明确则保留拆分，若其实同物料则补充等价规则后再合并。
ISSUE-00162,specs_conflict,medium,重型梅花敲击扳手,工具器具/手动工具/通用手动工具,REVIEW-MAT-01025；REVIEW-MAT-01026；REVIEW-MAT-01027,REVIEW-MAT-01025；REVIEW-MAT-01026；REVIEW-MAT-01027,Sheet1:1750；Sheet1:1751；Sheet1:1752,支,规格: 36；类型: 梅花敲击；特征: 重型 || 规格: 46；类型: 梅花敲击；特征: 重型 || 规格: 55；类型: 梅花敲击；特征: 重型,同一标准名称和规范分组下存在多个规格签名；已保守拆开，需人工确认是否为不同物料。,逐项确认是否为不同规格物料；若规格足够明确则保留拆分，若其实同物料则补充等价规则后再合并。
ISSUE-00163,specs_conflict,medium,美工刀,工具器具/手动工具/钳剪刀锤,REVIEW-MAT-01181；REVIEW-MAT-01223；REVIEW-MAT-01366,REVIEW-MAT-01181；REVIEW-MAT-01223；REVIEW-MAT-01366,Sheet1:1967；Sheet1:2022；Sheet1:2228,个,品牌: 得力；颜色: 黑色 || 类型: 美工刀 || 品牌: 得力,同一标准名称和规范分组下存在多个规格签名；已保守拆开，需人工确认是否为不同物料。,逐项确认是否为不同规格物料；若规格足够明确则保留拆分，若其实同物料则补充等价规则后再合并。
ISSUE-00164,specs_conflict,medium,美工刀片,工具器具/手动工具/钳剪刀锤,REVIEW-MAT-01182；REVIEW-MAT-01367,REVIEW-MAT-01182；REVIEW-MAT-01367,Sheet1:1968；Sheet1:2229,合,类型: 美工刀片 || 品牌: 得力,同一标准名称和规范分组下存在多个规格签名；已保守拆开，需人工确认是否为不同物料。,逐项确认是否为不同规格物料；若规格足够明确则保留拆分，若其实同物料则补充等价规则后再合并。
ISSUE-00165,specs_conflict,medium,铣刀钻头,工具器具/手动工具/钳剪刀锤,REVIEW-MAT-01914；REVIEW-MAT-01915,REVIEW-MAT-01914；REVIEW-MAT-01915,Sheet1:3044；Sheet1:3045,支,用途/材质: 不锈钢；直径: 4mm || 用途/材质: 不锈钢；直径: 10mm,同一标准名称和规范分组下存在多个规格签名；已保守拆开，需人工确认是否为不同物料。,逐项确认是否为不同规格物料；若规格足够明确则保留拆分，若其实同物料则补充等价规则后再合并。
ISSUE-00166,specs_conflict,medium,气动扳手,工具器具/气动工具/气动工具,REVIEW-MAT-01232；REVIEW-MAT-01264,REVIEW-MAT-01232；REVIEW-MAT-01264,Sheet1:2042；Sheet1:2081,个；台,规格: 1寸 || 规格: 大号,同一标准名称和规范分组下存在多个规格签名；已保守拆开，需人工确认是否为不同物料。,逐项确认是否为不同规格物料；若规格足够明确则保留拆分，若其实同物料则补充等价规则后再合并。
ISSUE-00167,specs_conflict,medium,毛刷,工具器具/涂装工具/刷辊喷涂,REVIEW-MAT-00171；REVIEW-MAT-00241；REVIEW-MAT-00253；REVIEW-MAT-00289,REVIEW-MAT-00171；REVIEW-MAT-00241；REVIEW-MAT-00253；REVIEW-MAT-00289,Sheet1:305；Sheet1:421；Sheet1:437；Sheet1:493,支；个,规格: 3寸 || 规格: 4寸 || 规格: 2寸,同一标准名称和规范分组下存在多个规格签名；已保守拆开，需人工确认是否为不同物料。,逐项确认是否为不同规格物料；若规格足够明确则保留拆分，若其实同物料则补充等价规则后再合并。
ISSUE-00168,unit_conflict,high,毛刷,工具器具/涂装工具/刷辊喷涂,REVIEW-MAT-00171；REVIEW-MAT-00241,REVIEW-MAT-00171；REVIEW-MAT-00241,Sheet1:305；Sheet1:421,支；个,规格: 3寸,同一标准名称、规范分组和规格下存在非同义单位；未自动合并。,确认是否同一物料的不同计量单位；如是则补 UOM 换算/包装规格，如不是则拆成不同物料。
ISSUE-00169,low_precision_conflict,medium,毛刷,工具器具/涂装工具/刷辊喷涂,REVIEW-MAT-00171；REVIEW-MAT-00241；REVIEW-MAT-00253；REVIEW-MAT-00289,REVIEW-MAT-00171；REVIEW-MAT-00241；REVIEW-MAT-00253；REVIEW-MAT-00289,Sheet1:305；Sheet1:421；Sheet1:437；Sheet1:493,支；个,规格: 3寸 || 规格: 4寸 || 规格: 2寸,低精度/缺规格项与高精度项同时存在；低精度项已保留 needs_human_review。,补齐规格、品牌、型号、包装或执行标准后再进入可导入池。
ISSUE-00170,specs_conflict,medium,油漆滚筒,工具器具/涂装工具/刷辊喷涂,REVIEW-MAT-01618；REVIEW-MAT-01631；REVIEW-MAT-01671；REVIEW-MAT-01672；REVIEW-MAT-01910；REVIEW-MAT-01926,REVIEW-MAT-01618；REVIEW-MAT-01631；REVIEW-MAT-01671；REVIEW-MAT-01672；REVIEW-MAT-01696；REVIEW-MAT-01910；REVIEW-MAT-01925；REVIEW-MAT-01926,Sheet1:2616；Sheet1:2630；Sheet1:2631；Sheet1:2676；Sheet1:2677；Sheet1:2696；Sheet1:2697；Sheet1:2716；Sheet1:2725；Sheet1:3036；Sheet1:3060；Sheet1:3061；Sheet1:3245,只；个；包,规格: 大号；用途: 油漆 || 规格: 小号；用途: 油漆 || 规格: 大号 || 规格: 小号 || 用途: 油漆 || 规格: 中号,同一标准名称和规范分组下存在多个规格签名；已保守拆开，需人工确认是否为不同物料。,逐项确认是否为不同规格物料；若规格足够明确则保留拆分，若其实同物料则补充等价规则后再合并。
ISSUE-00171,low_precision_conflict,medium,油漆滚筒,工具器具/涂装工具/刷辊喷涂,REVIEW-MAT-01618；REVIEW-MAT-01631；REVIEW-MAT-01671；REVIEW-MAT-01672；REVIEW-MAT-01910；REVIEW-MAT-01926,REVIEW-MAT-01618；REVIEW-MAT-01631；REVIEW-MAT-01671；REVIEW-MAT-01672；REVIEW-MAT-01696；REVIEW-MAT-01910；REVIEW-MAT-01925；REVIEW-MAT-01926,Sheet1:2616；Sheet1:2630；Sheet1:2631；Sheet1:2676；Sheet1:2677；Sheet1:2696；Sheet1:2697；Sheet1:2716；Sheet1:2725；Sheet1:3036；Sheet1:3060；Sheet1:3061；Sheet1:3245,只；个；包,规格: 大号；用途: 油漆 || 规格: 小号；用途: 油漆 || 规格: 大号 || 规格: 小号 || 用途: 油漆 || 规格: 中号,低精度/缺规格项与高精度项同时存在；低精度项已保留 needs_human_review。,补齐规格、品牌、型号、包装或执行标准后再进入可导入池。
ISSUE-00172,specs_conflict,medium,滚筒刷,工具器具/涂装工具/刷辊喷涂,REVIEW-MAT-00055；REVIEW-MAT-00401；REVIEW-MAT-00402；REVIEW-MAT-00635；REVIEW-MAT-00636；REVIEW-MAT-01873,REVIEW-MAT-00055；REVIEW-MAT-00401；REVIEW-MAT-00402；REVIEW-MAT-00635；REVIEW-MAT-00636；REVIEW-MAT-01873,Sheet1:1164；Sheet1:1165；Sheet1:2984；Sheet1:696；Sheet1:697；Sheet1:86,个；支；只,规格: 4寸 || 规格: 150 || 规格: 250 || 规格: 8寸 || 原始: 滚桶刷；用途: 涂装,同一标准名称和规范分组下存在多个规格签名；已保守拆开，需人工确认是否为不同物料。,逐项确认是否为不同规格物料；若规格足够明确则保留拆分，若其实同物料则补充等价规则后再合并。
ISSUE-00173,unit_conflict,high,滚筒刷,工具器具/涂装工具/刷辊喷涂,REVIEW-MAT-00055；REVIEW-MAT-00636,REVIEW-MAT-00055；REVIEW-MAT-00636,Sheet1:1165；Sheet1:86,个；支,规格: 4寸,同一标准名称、规范分组和规格下存在非同义单位；未自动合并。,确认是否同一物料的不同计量单位；如是则补 UOM 换算/包装规格，如不是则拆成不同物料。
ISSUE-00174,low_precision_conflict,medium,滚筒刷,工具器具/涂装工具/刷辊喷涂,REVIEW-MAT-00055；REVIEW-MAT-00401；REVIEW-MAT-00402；REVIEW-MAT-00635；REVIEW-MAT-00636；REVIEW-MAT-01873,REVIEW-MAT-00055；REVIEW-MAT-00401；REVIEW-MAT-00402；REVIEW-MAT-00635；REVIEW-MAT-00636；REVIEW-MAT-01873,Sheet1:1164；Sheet1:1165；Sheet1:2984；Sheet1:696；Sheet1:697；Sheet1:86,个；支；只,规格: 4寸 || 规格: 150 || 规格: 250 || 规格: 8寸 || 原始: 滚桶刷；用途: 涂装,低精度/缺规格项与高精度项同时存在；低精度项已保留 needs_human_review。,补齐规格、品牌、型号、包装或执行标准后再进入可导入池。
ISSUE-00175,specs_conflict,medium,羊毛刷,工具器具/涂装工具/刷辊喷涂,REVIEW-MAT-00099；REVIEW-MAT-00112；REVIEW-MAT-00242；REVIEW-MAT-00465；REVIEW-MAT-00566；REVIEW-MAT-01621；REVIEW-MAT-01632；REVIEW-MAT-01674；REVIEW-MAT-01947,REVIEW-MAT-00099；REVIEW-MAT-00112；REVIEW-MAT-00242；REVIEW-MAT-00465；REVIEW-MAT-00566；REVIEW-MAT-01621；REVIEW-MAT-01632；REVIEW-MAT-01673；REVIEW-MAT-01674；REVIEW-MAT-01947,Sheet1:1032；Sheet1:156；Sheet1:183；Sheet1:2619；Sheet1:2632；Sheet1:2633；Sheet1:2678；Sheet1:2679；Sheet1:2710；Sheet1:2711；Sheet1:2757；Sheet1:2758；Sheet1:2844；Sheet1:2845；Sheet1:3086；Sheet1:422；Sheet1:806；Sheet1:815,个；支；把；只,规格: 4寸 || 规格: 4寸；材质: 羊毛 || 规格: 2寸；材质: 羊毛 || 规格: 3寸；材质: 羊毛 || 规格: 2.5寸；材质: 羊毛,同一标准名称和规范分组下存在多个规格签名；已保守拆开，需人工确认是否为不同物料。,逐项确认是否为不同规格物料；若规格足够明确则保留拆分，若其实同物料则补充等价规则后再合并。
ISSUE-00176,unit_conflict,high,羊毛刷,工具器具/涂装工具/刷辊喷涂,REVIEW-MAT-00099；REVIEW-MAT-00112,REVIEW-MAT-00099；REVIEW-MAT-00112,Sheet1:156；Sheet1:183,个；支,规格: 4寸,同一标准名称、规范分组和规格下存在非同义单位；未自动合并。,确认是否同一物料的不同计量单位；如是则补 UOM 换算/包装规格，如不是则拆成不同物料。
ISSUE-00177,unit_conflict,high,羊毛刷,工具器具/涂装工具/刷辊喷涂,REVIEW-MAT-00242；REVIEW-MAT-00465；REVIEW-MAT-01947,REVIEW-MAT-00242；REVIEW-MAT-00465；REVIEW-MAT-01673；REVIEW-MAT-01947,Sheet1:2678；Sheet1:3086；Sheet1:422；Sheet1:806；Sheet1:815,个；支；只；把,规格: 4寸；材质: 羊毛,同一标准名称、规范分组和规格下存在非同义单位；未自动合并。,确认是否同一物料的不同计量单位；如是则补 UOM 换算/包装规格，如不是则拆成不同物料。
ISSUE-00178,unit_conflict,high,羊毛刷,工具器具/涂装工具/刷辊喷涂,REVIEW-MAT-00566；REVIEW-MAT-01632,REVIEW-MAT-00566；REVIEW-MAT-01632,Sheet1:1032；Sheet1:2633；Sheet1:2711；Sheet1:2757；Sheet1:2844,支；把,规格: 2寸；材质: 羊毛,同一标准名称、规范分组和规格下存在非同义单位；未自动合并。,确认是否同一物料的不同计量单位；如是则补 UOM 换算/包装规格，如不是则拆成不同物料。
ISSUE-00179,low_precision_conflict,medium,羊毛刷,工具器具/涂装工具/刷辊喷涂,REVIEW-MAT-00099；REVIEW-MAT-00112；REVIEW-MAT-00242；REVIEW-MAT-00465；REVIEW-MAT-00566；REVIEW-MAT-01621；REVIEW-MAT-01632；REVIEW-MAT-01674；REVIEW-MAT-01947,REVIEW-MAT-00099；REVIEW-MAT-00112；REVIEW-MAT-00242；REVIEW-MAT-00465；REVIEW-MAT-00566；REVIEW-MAT-01621；REVIEW-MAT-01632；REVIEW-MAT-01673；REVIEW-MAT-01674；REVIEW-MAT-01947,Sheet1:1032；Sheet1:156；Sheet1:183；Sheet1:2619；Sheet1:2632；Sheet1:2633；Sheet1:2678；Sheet1:2679；Sheet1:2710；Sheet1:2711；Sheet1:2757；Sheet1:2758；Sheet1:2844；Sheet1:2845；Sheet1:3086；Sheet1:422；Sheet1:806；Sheet1:815,个；支；把；只,规格: 4寸 || 规格: 4寸；材质: 羊毛 || 规格: 2寸；材质: 羊毛 || 规格: 3寸；材质: 羊毛 || 规格: 2.5寸；材质: 羊毛,低精度/缺规格项与高精度项同时存在；低精度项已保留 needs_human_review。,补齐规格、品牌、型号、包装或执行标准后再进入可导入池。
ISSUE-00180,unit_conflict,high,钢刷,工具器具/涂装工具/刷辊喷涂,REVIEW-MAT-01675；REVIEW-MAT-01697,REVIEW-MAT-01675；REVIEW-MAT-01697,Sheet1:2680；Sheet1:2717,只；把,材质: 钢丝；类型: 钢刷,同一标准名称、规范分组和规格下存在非同义单位；未自动合并。,确认是否同一物料的不同计量单位；如是则补 UOM 换算/包装规格，如不是则拆成不同物料。
ISSUE-00181,specs_conflict,medium,碳刷,工具器具/电动工具/电钻角磨机,REVIEW-MAT-02019；REVIEW-MAT-02020,REVIEW-MAT-02019；REVIEW-MAT-02020,Sheet1:3177；Sheet1:3178,副,规格: 900# || 规格: 43#,同一标准名称和规范分组下存在多个规格签名；已保守拆开，需人工确认是否为不同物料。,逐项确认是否为不同规格物料；若规格足够明确则保留拆分，若其实同物料则补充等价规则后再合并。
ISSUE-00182,specs_conflict,medium,锂电池电钻,工具器具/电动工具/电钻角磨机,REVIEW-MAT-00065；REVIEW-MAT-00174,REVIEW-MAT-00065；REVIEW-MAT-00174,Sheet1:100；Sheet1:308,台,动力: 锂电池 || 品牌: 大艺；电压: 21V；动力: 锂电池,同一标准名称和规范分组下存在多个规格签名；已保守拆开，需人工确认是否为不同物料。,逐项确认是否为不同规格物料；若规格足够明确则保留拆分，若其实同物料则补充等价规则后再合并。
ISSUE-00183,low_precision_conflict,medium,锂电池电钻,工具器具/电动工具/电钻角磨机,REVIEW-MAT-00065；REVIEW-MAT-00174,REVIEW-MAT-00065；REVIEW-MAT-00174,Sheet1:100；Sheet1:308,台,动力: 锂电池 || 品牌: 大艺；电压: 21V；动力: 锂电池,低精度/缺规格项与高精度项同时存在；低精度项已保留 needs_human_review。,补齐规格、品牌、型号、包装或执行标准后再进入可导入池。
ISSUE-00184,specs_conflict,medium,卷尺,工具器具/量具测量/量具测量,REVIEW-MAT-00165；REVIEW-MAT-00166；REVIEW-MAT-00167；REVIEW-MAT-01749；REVIEW-MAT-01750,REVIEW-MAT-00165；REVIEW-MAT-00166；REVIEW-MAT-00167；REVIEW-MAT-00951；REVIEW-MAT-00952；REVIEW-MAT-01749；REVIEW-MAT-01750,Sheet1:1655；Sheet1:1656；Sheet1:2787；Sheet1:2788；Sheet1:299；Sheet1:300；Sheet1:301；Sheet1:891；Sheet1:892,个；把,品牌: 得力；长度: 3米 || 品牌: 得力；长度: 5米 || 品牌: 得力；长度: 10米 || 品牌: 得力；长度: 10m || 品牌: 得力；长度: 5m,同一标准名称和规范分组下存在多个规格签名；已保守拆开，需人工确认是否为不同物料。,逐项确认是否为不同规格物料；若规格足够明确则保留拆分，若其实同物料则补充等价规则后再合并。
ISSUE-00185,low_precision_conflict,medium,卷尺,工具器具/量具测量/量具测量,REVIEW-MAT-00165；REVIEW-MAT-00166；REVIEW-MAT-00167；REVIEW-MAT-01749；REVIEW-MAT-01750,REVIEW-MAT-00165；REVIEW-MAT-00166；REVIEW-MAT-00167；REVIEW-MAT-00951；REVIEW-MAT-00952；REVIEW-MAT-01749；REVIEW-MAT-01750,Sheet1:1655；Sheet1:1656；Sheet1:2787；Sheet1:2788；Sheet1:299；Sheet1:300；Sheet1:301；Sheet1:891；Sheet1:892,个；把,品牌: 得力；长度: 3米 || 品牌: 得力；长度: 5米 || 品牌: 得力；长度: 10米 || 品牌: 得力；长度: 10m || 品牌: 得力；长度: 5m,低精度/缺规格项与高精度项同时存在；低精度项已保留 needs_human_review。,补齐规格、品牌、型号、包装或执行标准后再进入可导入池。
ISSUE-00186,specs_conflict,medium,水平尺,工具器具/量具测量/量具测量,REVIEW-MAT-00738；REVIEW-MAT-00739；REVIEW-MAT-02185；REVIEW-MAT-02186,REVIEW-MAT-00738；REVIEW-MAT-00739；REVIEW-MAT-02185；REVIEW-MAT-02186,Sheet1:1360；Sheet1:1361；Sheet1:3399；Sheet1:3400,把；根,长度: 60cm || 长度: 100cm || 长度: 1m || 长度: 0.6m,同一标准名称和规范分组下存在多个规格签名；已保守拆开，需人工确认是否为不同物料。,逐项确认是否为不同规格物料；若规格足够明确则保留拆分，若其实同物料则补充等价规则后再合并。
ISSUE-00187,low_precision_conflict,medium,水平尺,工具器具/量具测量/量具测量,REVIEW-MAT-00738；REVIEW-MAT-00739；REVIEW-MAT-02185；REVIEW-MAT-02186,REVIEW-MAT-00738；REVIEW-MAT-00739；REVIEW-MAT-02185；REVIEW-MAT-02186,Sheet1:1360；Sheet1:1361；Sheet1:3399；Sheet1:3400,把；根,长度: 60cm || 长度: 100cm || 长度: 1m || 长度: 0.6m,低精度/缺规格项与高精度项同时存在；低精度项已保留 needs_human_review。,补齐规格、品牌、型号、包装或执行标准后再进入可导入池。
ISSUE-00188,specs_conflict,medium,游标卡尺,工具器具/量具测量/量具测量,REVIEW-MAT-01123；REVIEW-MAT-01423,REVIEW-MAT-01123；REVIEW-MAT-01423,Sheet1:1890；Sheet1:2314,个；支,品牌: 得力；量程: 300mm；精度: 高精度 || 品牌: 得力；量程: 300mm；精度等级: 高精度,同一标准名称和规范分组下存在多个规格签名；已保守拆开，需人工确认是否为不同物料。,逐项确认是否为不同规格物料；若规格足够明确则保留拆分，若其实同物料则补充等价规则后再合并。
ISSUE-00189,specs_conflict,medium,金属测绳,工具器具/量具测量/量具测量,REVIEW-MAT-00446；REVIEW-MAT-01419,REVIEW-MAT-00446；REVIEW-MAT-01419,Sheet1:2309；Sheet1:770,米,材质: 金属 || 材质: 金属；类型: 测绳,同一标准名称和规范分组下存在多个规格签名；已保守拆开，需人工确认是否为不同物料。,逐项确认是否为不同规格物料；若规格足够明确则保留拆分，若其实同物料则补充等价规则后再合并。
ISSUE-00190,specs_conflict,medium,钢卷尺,工具器具/量具测量/量具测量,REVIEW-MAT-01731；REVIEW-MAT-02011；REVIEW-MAT-02012；REVIEW-MAT-02013；REVIEW-MAT-02014,REVIEW-MAT-01731；REVIEW-MAT-02011；REVIEW-MAT-02012；REVIEW-MAT-02013；REVIEW-MAT-02014,Sheet1:2762；Sheet1:3169；Sheet1:3170；Sheet1:3171；Sheet1:3172,只；把,品牌: 雄狮；长度: 100m；材质: 钢 || 品牌: 得力；长度: 3m || 品牌: 得力；长度: 5m || 品牌: 得力；长度: 7.5m || 品牌: 得力；长度: 10m,同一标准名称和规范分组下存在多个规格签名；已保守拆开，需人工确认是否为不同物料。,逐项确认是否为不同规格物料；若规格足够明确则保留拆分，若其实同物料则补充等价规则后再合并。
ISSUE-00191,specs_conflict,medium,阻燃挤塑板,工程建材/保温防水/保温材料,REVIEW-MAT-01904；REVIEW-MAT-01905,REVIEW-MAT-01904；REVIEW-MAT-01905,Sheet1:3027；Sheet1:3028,平方,特性: 阻燃；尺寸: 2.2m*0.6m*0.1m；数量描述: 116块 || 特性: 阻燃；尺寸: 2.2m*0.6m*0.05m；数量描述: 64块,同一标准名称和规范分组下存在多个规格签名；已保守拆开，需人工确认是否为不同物料。,逐项确认是否为不同规格物料；若规格足够明确则保留拆分，若其实同物料则补充等价规则后再合并。
ISSUE-00192,specs_conflict,medium,止水针头,工程建材/保温防水/防水堵漏,REVIEW-MAT-00513；REVIEW-MAT-00514,REVIEW-MAT-00513；REVIEW-MAT-00514,Sheet1:912；Sheet1:913,个,长度: 10cm || 长度: 15cm,同一标准名称和规范分组下存在多个规格签名；已保守拆开，需人工确认是否为不同物料。,逐项确认是否为不同规格物料；若规格足够明确则保留拆分，若其实同物料则补充等价规则后再合并。
ISSUE-00193,specs_conflict,medium,注浆枪头,工程建材/保温防水/防水堵漏,REVIEW-MAT-01374；REVIEW-MAT-01442,REVIEW-MAT-01374；REVIEW-MAT-01442,Sheet1:2237；Sheet1:2337,个,类型: 注浆枪头 || 用途: 注浆；部件: 枪头,同一标准名称和规范分组下存在多个规格签名；已保守拆开，需人工确认是否为不同物料。,逐项确认是否为不同规格物料；若规格足够明确则保留拆分，若其实同物料则补充等价规则后再合并。
ISSUE-00194,specs_conflict,medium,注浆止水针头,工程建材/保温防水/防水堵漏,REVIEW-MAT-01545；REVIEW-MAT-01546；REVIEW-MAT-01770；REVIEW-MAT-01771,REVIEW-MAT-01545；REVIEW-MAT-01546；REVIEW-MAT-01770；REVIEW-MAT-01771,Sheet1:2465；Sheet1:2466；Sheet1:2820；Sheet1:2821,支,长度: 150mm；用途: 注浆止水 || 长度: 100mm；用途: 注浆止水 || 用途: 高压注浆止水；长度: 150mm || 用途: 高压注浆止水；长度: 100mm,同一标准名称和规范分组下存在多个规格签名；已保守拆开，需人工确认是否为不同物料。,逐项确认是否为不同规格物料；若规格足够明确则保留拆分，若其实同物料则补充等价规则后再合并。
ISSUE-00195,specs_conflict,medium,PVC直通,工程建材/其他/PVC管件,REVIEW-MAT-00371；REVIEW-MAT-00383,REVIEW-MAT-00371；REVIEW-MAT-00383,Sheet1:644；Sheet1:670,个,品牌: 公元；规格: 75；材质: PVC || 品牌: 公元；规格: 75,同一标准名称和规范分组下存在多个规格签名；已保守拆开，需人工确认是否为不同物料。,逐项确认是否为不同规格物料；若规格足够明确则保留拆分，若其实同物料则补充等价规则后再合并。
ISSUE-00196,low_precision_conflict,medium,PVC直通,工程建材/其他/PVC管件,REVIEW-MAT-00371；REVIEW-MAT-00383,REVIEW-MAT-00371；REVIEW-MAT-00383,Sheet1:644；Sheet1:670,个,品牌: 公元；规格: 75；材质: PVC || 品牌: 公元；规格: 75,低精度/缺规格项与高精度项同时存在；低精度项已保留 needs_human_review。,补齐规格、品牌、型号、包装或执行标准后再进入可导入池。
ISSUE-00197,specs_conflict,medium,异径三通,工程建材/其他/PVC管件,REVIEW-MAT-00612；REVIEW-MAT-00613,REVIEW-MAT-00612；REVIEW-MAT-00613,Sheet1:1117；Sheet1:1118,个,品牌: 公元；规格: 40*32；类型: 三通 || 品牌: 公元；规格: 40*25；类型: 三通,同一标准名称和规范分组下存在多个规格签名；已保守拆开，需人工确认是否为不同物料。,逐项确认是否为不同规格物料；若规格足够明确则保留拆分，若其实同物料则补充等价规则后再合并。
ISSUE-00198,specs_conflict,medium,彩条布,工程建材/其他/彩条布,REVIEW-MAT-01619；REVIEW-MAT-01654；REVIEW-MAT-01708,REVIEW-MAT-01619；REVIEW-MAT-01654；REVIEW-MAT-01708,Sheet1:2617；Sheet1:2658；Sheet1:2731,㎡,颜色: 三色；尺寸: 4m*30m || 宽度: 4米 || 类型: 彩条布,同一标准名称和规范分组下存在多个规格签名；已保守拆开，需人工确认是否为不同物料。,逐项确认是否为不同规格物料；若规格足够明确则保留拆分，若其实同物料则补充等价规则后再合并。
ISSUE-00199,specs_conflict,medium,三通,工程建材/其他/排水管件,REVIEW-MAT-00100；REVIEW-MAT-00103,REVIEW-MAT-00100；REVIEW-MAT-00103,Sheet1:160；Sheet1:165,个,品牌: 公元；规格: 75；类型: 三通 || 品牌: 公元；规格: 50；类型: 三通,同一标准名称和规范分组下存在多个规格签名；已保守拆开，需人工确认是否为不同物料。,逐项确认是否为不同规格物料；若规格足够明确则保留拆分，若其实同物料则补充等价规则后再合并。
ISSUE-00200,specs_conflict,medium,弯头,工程建材/其他/排水管件,REVIEW-MAT-00102；REVIEW-MAT-00104,REVIEW-MAT-00102；REVIEW-MAT-00104,Sheet1:163；Sheet1:166,个,品牌: 公元；规格: 75；类型: 弯头 || 品牌: 公元；规格: 50；类型: 弯头,同一标准名称和规范分组下存在多个规格签名；已保守拆开，需人工确认是否为不同物料。,逐项确认是否为不同规格物料；若规格足够明确则保留拆分，若其实同物料则补充等价规则后再合并。
ISSUE-00201,specs_conflict,medium,方木,工程建材/其他/木材,REVIEW-MAT-01974；REVIEW-MAT-02213,REVIEW-MAT-01974；REVIEW-MAT-02213,Sheet1:3121；Sheet1:3146；Sheet1:3441,根,截面: 30*30；长度: 3.6m || 截面: 30*30；长度: 3m,同一标准名称和规范分组下存在多个规格签名；已保守拆开，需人工确认是否为不同物料。,逐项确认是否为不同规格物料；若规格足够明确则保留拆分，若其实同物料则补充等价规则后再合并。
ISSUE-00202,specs_conflict,medium,木方,工程建材/其他/木材,REVIEW-MAT-01539；REVIEW-MAT-02175,REVIEW-MAT-01539；REVIEW-MAT-02175,Sheet1:2458；Sheet1:3383,根,长度: 4米；截面: 40*90 || 截面: 50*100；长度: 4m,同一标准名称和规范分组下存在多个规格签名；已保守拆开，需人工确认是否为不同物料。,逐项确认是否为不同规格物料；若规格足够明确则保留拆分，若其实同物料则补充等价规则后再合并。
ISSUE-00203,specs_conflict,medium,建筑模板,工程建材/其他/模板,REVIEW-MAT-01540；REVIEW-MAT-01541；REVIEW-MAT-01994；REVIEW-MAT-02004；REVIEW-MAT-02006；REVIEW-MAT-02212,REVIEW-MAT-01540；REVIEW-MAT-01541；REVIEW-MAT-01994；REVIEW-MAT-02004；REVIEW-MAT-02006；REVIEW-MAT-02212,Sheet1:2459；Sheet1:2460；Sheet1:3145；Sheet1:3160；Sheet1:3164；Sheet1:3440,张；块,颜色: 黑；尺寸: 1830*915*14 || 颜色: 红；尺寸: 1830*915*14 || 颜色: 红；尺寸: 2.4m*1.22m；厚度: 15mm || 颜色: 黑；尺寸: 2.4m*1.22m；厚度: 15mm || 原始: 黑膜板；颜色: 黑；尺寸: 1.22m*2.44m；厚度: 15mm,同一标准名称和规范分组下存在多个规格签名；已保守拆开，需人工确认是否为不同物料。,逐项确认是否为不同规格物料；若规格足够明确则保留拆分，若其实同物料则补充等价规则后再合并。
ISSUE-00204,unit_conflict,high,建筑模板,工程建材/其他/模板,REVIEW-MAT-01994；REVIEW-MAT-02006,REVIEW-MAT-01994；REVIEW-MAT-02006,Sheet1:3145；Sheet1:3164,张；块,颜色: 红；尺寸: 2.4m*1.22m；厚度: 15mm,同一标准名称、规范分组和规格下存在非同义单位；未自动合并。,确认是否同一物料的不同计量单位；如是则补 UOM 换算/包装规格，如不是则拆成不同物料。
ISSUE-00205,low_precision_conflict,medium,建筑模板,工程建材/其他/模板,REVIEW-MAT-01540；REVIEW-MAT-01541；REVIEW-MAT-01994；REVIEW-MAT-02004；REVIEW-MAT-02006；REVIEW-MAT-02212,REVIEW-MAT-01540；REVIEW-MAT-01541；REVIEW-MAT-01994；REVIEW-MAT-02004；REVIEW-MAT-02006；REVIEW-MAT-02212,Sheet1:2459；Sheet1:2460；Sheet1:3145；Sheet1:3160；Sheet1:3164；Sheet1:3440,张；块,颜色: 黑；尺寸: 1830*915*14 || 颜色: 红；尺寸: 1830*915*14 || 颜色: 红；尺寸: 2.4m*1.22m；厚度: 15mm || 颜色: 黑；尺寸: 2.4m*1.22m；厚度: 15mm || 原始: 黑膜板；颜色: 黑；尺寸: 1.22m*2.44m；厚度: 15mm,低精度/缺规格项与高精度项同时存在；低精度项已保留 needs_human_review。,补齐规格、品牌、型号、包装或执行标准后再进入可导入池。
ISSUE-00206,specs_conflict,medium,建筑模板,工程建材/其他/模板木方,REVIEW-MAT-01200；REVIEW-MAT-01218；REVIEW-MAT-01230,REVIEW-MAT-01200；REVIEW-MAT-01218；REVIEW-MAT-01230,Sheet1:1994；Sheet1:2017；Sheet1:2040,张；块,尺寸: 2.44*1.22*15 || 尺寸: 2.44*1.22*1.5；颜色: 黑色 || 尺寸: 2.44*1.22*1.5；特征: 厚,同一标准名称和规范分组下存在多个规格签名；已保守拆开，需人工确认是否为不同物料。,逐项确认是否为不同规格物料；若规格足够明确则保留拆分，若其实同物料则补充等价规则后再合并。
ISSUE-00207,low_precision_conflict,medium,建筑模板,工程建材/其他/模板木方,REVIEW-MAT-01200；REVIEW-MAT-01218；REVIEW-MAT-01230,REVIEW-MAT-01200；REVIEW-MAT-01218；REVIEW-MAT-01230,Sheet1:1994；Sheet1:2017；Sheet1:2040,张；块,尺寸: 2.44*1.22*15 || 尺寸: 2.44*1.22*1.5；颜色: 黑色 || 尺寸: 2.44*1.22*1.5；特征: 厚,低精度/缺规格项与高精度项同时存在；低精度项已保留 needs_human_review。,补齐规格、品牌、型号、包装或执行标准后再进入可导入池。
ISSUE-00208,specs_conflict,medium,木方,工程建材/其他/模板木方,REVIEW-MAT-00021；REVIEW-MAT-00022,REVIEW-MAT-00021；REVIEW-MAT-00022,Sheet1:33；Sheet1:34；Sheet1:57,米,规格: 4*9 || 规格: 4*4,同一标准名称和规范分组下存在多个规格签名；已保守拆开，需人工确认是否为不同物料。,逐项确认是否为不同规格物料；若规格足够明确则保留拆分，若其实同物料则补充等价规则后再合并。
ISSUE-00209,specs_conflict,medium,黑模板,工程建材/其他/模板木方,REVIEW-MAT-00381；REVIEW-MAT-00619,REVIEW-MAT-00381；REVIEW-MAT-00619,Sheet1:1135；Sheet1:662,张,尺寸: 1.22*2.44；厚度: 3.0；颜色: 黑 || 厚度: 3.0；颜色: 黑,同一标准名称和规范分组下存在多个规格签名；已保守拆开，需人工确认是否为不同物料。,逐项确认是否为不同规格物料；若规格足够明确则保留拆分，若其实同物料则补充等价规则后再合并。
ISSUE-00210,low_precision_conflict,medium,黑模板,工程建材/其他/模板木方,REVIEW-MAT-00381；REVIEW-MAT-00619,REVIEW-MAT-00381；REVIEW-MAT-00619,Sheet1:1135；Sheet1:662,张,尺寸: 1.22*2.44；厚度: 3.0；颜色: 黑 || 厚度: 3.0；颜色: 黑,低精度/缺规格项与高精度项同时存在；低精度项已保留 needs_human_review。,补齐规格、品牌、型号、包装或执行标准后再进入可导入池。
ISSUE-00211,specs_conflict,medium,加厚油布,工程建材/其他/油布,REVIEW-MAT-01616；REVIEW-MAT-01617；REVIEW-MAT-02107；REVIEW-MAT-02232；REVIEW-MAT-02233,REVIEW-MAT-01616；REVIEW-MAT-01617；REVIEW-MAT-02107；REVIEW-MAT-02232；REVIEW-MAT-02233,Sheet1:2613；Sheet1:2614；Sheet1:3288；Sheet1:3471；Sheet1:3472,㎡；块,尺寸: 12米*12米；特征: 加厚 || 尺寸: 10米*8米；特征: 加厚 || 特征: 加厚；尺寸: 6m*6m || 特征: 加厚；尺寸: 4m*4m || 特征: 加厚；尺寸: 4m*8m,同一标准名称和规范分组下存在多个规格签名；已保守拆开，需人工确认是否为不同物料。,逐项确认是否为不同规格物料；若规格足够明确则保留拆分，若其实同物料则补充等价规则后再合并。
ISSUE-00212,specs_conflict,medium,油布,工程建材/其他/油布,REVIEW-MAT-01655；REVIEW-MAT-01766,REVIEW-MAT-01655；REVIEW-MAT-01766,Sheet1:2659；Sheet1:2811；Sheet1:2846；Sheet1:3087,㎡,尺寸: 4米*6米 || 尺寸: 10m*8.5m,同一标准名称和规范分组下存在多个规格签名；已保守拆开，需人工确认是否为不同物料。,逐项确认是否为不同规格物料；若规格足够明确则保留拆分，若其实同物料则补充等价规则后再合并。
ISSUE-00213,specs_conflict,medium,不锈钢洗脸盆,工程建材/其他/洁具,REVIEW-MAT-00078；REVIEW-MAT-00118,REVIEW-MAT-00078；REVIEW-MAT-00118,Sheet1:125；Sheet1:193,台；套,材质: 不锈钢；长度: 2米；特征: 加厚 || 材质: 不锈钢；规格: 120*80；特征: 加厚,同一标准名称和规范分组下存在多个规格签名；已保守拆开，需人工确认是否为不同物料。,逐项确认是否为不同规格物料；若规格足够明确则保留拆分，若其实同物料则补充等价规则后再合并。
ISSUE-00214,specs_conflict,medium,水泥砖,工程建材/其他/砌块砖,REVIEW-MAT-00194；REVIEW-MAT-01397,REVIEW-MAT-00194；REVIEW-MAT-01397,Sheet1:2275；Sheet1:344,块；个,材质: 水泥 || 规格: 95；材质: 水泥,同一标准名称和规范分组下存在多个规格签名；已保守拆开，需人工确认是否为不同物料。,逐项确认是否为不同规格物料；若规格足够明确则保留拆分，若其实同物料则补充等价规则后再合并。
ISSUE-00215,specs_conflict,medium,堵头,工程建材/其他/管件,REVIEW-MAT-00047；REVIEW-MAT-00048,REVIEW-MAT-00047；REVIEW-MAT-00048,Sheet1:72；Sheet1:73,个,规格: 4分 || 规格: 6分,同一标准名称和规范分组下存在多个规格签名；已保守拆开，需人工确认是否为不同物料。,逐项确认是否为不同规格物料；若规格足够明确则保留拆分，若其实同物料则补充等价规则后再合并。
ISSUE-00216,specs_conflict,medium,焊接弯头,工程建材/其他/管件,REVIEW-MAT-00333；REVIEW-MAT-00359；REVIEW-MAT-00680；REVIEW-MAT-00681；REVIEW-MAT-00754,REVIEW-MAT-00333；REVIEW-MAT-00359；REVIEW-MAT-00680；REVIEW-MAT-00681；REVIEW-MAT-00754,Sheet1:1246；Sheet1:1247；Sheet1:1385；Sheet1:568；Sheet1:625,个,规格: 325*8；特征: 加厚；连接: 焊接 || 规格: 159*8；特征: 加厚；连接: 焊接 || 规格: 89；连接: 焊接 || 规格: 168；连接: 焊接 || 规格: 325；特征: 加厚；连接: 焊接,同一标准名称和规范分组下存在多个规格签名；已保守拆开，需人工确认是否为不同物料。,逐项确认是否为不同规格物料；若规格足够明确则保留拆分，若其实同物料则补充等价规则后再合并。
ISSUE-00217,specs_conflict,medium,管卡,工程建材/其他/管道紧固,REVIEW-MAT-00418；REVIEW-MAT-00626,REVIEW-MAT-00418；REVIEW-MAT-00626,Sheet1:1148；Sheet1:722,个,规格: 32；类型: 管卡 || 品牌: 公元；规格: 110,同一标准名称和规范分组下存在多个规格签名；已保守拆开，需人工确认是否为不同物料。,逐项确认是否为不同规格物料；若规格足够明确则保留拆分，若其实同物料则补充等价规则后再合并。
ISSUE-00218,specs_conflict,medium,顶托,工程建材/其他/脚手架配件,REVIEW-MAT-00493；REVIEW-MAT-00505,REVIEW-MAT-00493；REVIEW-MAT-00505,Sheet1:864；Sheet1:890,支；套,规格: 30*500；特征: 厚 || 规格: 38*600；特征: 厚,同一标准名称和规范分组下存在多个规格签名；已保守拆开，需人工确认是否为不同物料。,逐项确认是否为不同规格物料；若规格足够明确则保留拆分，若其实同物料则补充等价规则后再合并。
ISSUE-00219,specs_conflict,medium,铜挂锁,工程建材/其他/锁具,REVIEW-MAT-01210；REVIEW-MAT-01356,REVIEW-MAT-01210；REVIEW-MAT-01356,Sheet1:2006；Sheet1:2216,把；个,材质: 铜 || 材质: 铜；钥匙类型: 通开,同一标准名称和规范分组下存在多个规格签名；已保守拆开，需人工确认是否为不同物料。,逐项确认是否为不同规格物料；若规格足够明确则保留拆分，若其实同物料则补充等价规则后再合并。
ISSUE-00220,specs_conflict,medium,不锈钢球阀,工程建材/其他/阀门,REVIEW-MAT-00554；REVIEW-MAT-00666；REVIEW-MAT-00717；REVIEW-MAT-00759,REVIEW-MAT-00554；REVIEW-MAT-00666；REVIEW-MAT-00717；REVIEW-MAT-00759,Sheet1:1007；Sheet1:1220；Sheet1:1316；Sheet1:1392,个,规格: 25；材质: 不锈钢；类型: 球阀 || 品牌: 埃美柯；规格: 80；材质: 不锈钢；特征: 加厚 || 品牌: 埃美柯；规格: 50；材质: 不锈钢；特征: 加厚 || 品牌: 埃美柯；规格: 80；材质: 不锈钢；特征: 厚,同一标准名称和规范分组下存在多个规格签名；已保守拆开，需人工确认是否为不同物料。,逐项确认是否为不同规格物料；若规格足够明确则保留拆分，若其实同物料则补充等价规则后再合并。
ISSUE-00221,specs_conflict,medium,加厚不锈钢球阀,工程建材/其他/阀门,REVIEW-MAT-00204；REVIEW-MAT-00205,REVIEW-MAT-00204；REVIEW-MAT-00205,Sheet1:363；Sheet1:365,个,品牌: 埃美柯；规格: DN65；材质: 不锈钢；特征: 加厚 || 品牌: 埃美柯；规格: 40；材质: 不锈钢；特征: 加厚,同一标准名称和规范分组下存在多个规格签名；已保守拆开，需人工确认是否为不同物料。,逐项确认是否为不同规格物料；若规格足够明确则保留拆分，若其实同物料则补充等价规则后再合并。
ISSUE-00222,specs_conflict,medium,铜止回阀,工程建材/其他/阀门,REVIEW-MAT-00122；REVIEW-MAT-00140,REVIEW-MAT-00122；REVIEW-MAT-00140,Sheet1:210；Sheet1:246,个,品牌: 埃美柯；材质: 铜；规格: 32；类型: 止回阀 || 品牌: 埃美柯；规格: 25；材质: 铜；类型: 止回阀,同一标准名称和规范分组下存在多个规格签名；已保守拆开，需人工确认是否为不同物料。,逐项确认是否为不同规格物料；若规格足够明确则保留拆分，若其实同物料则补充等价规则后再合并。
ISSUE-00223,specs_conflict,medium,油布,工程建材/其他/防护覆盖,REVIEW-MAT-00548；REVIEW-MAT-00761,REVIEW-MAT-00548；REVIEW-MAT-00761,Sheet1:1231；Sheet1:1396；Sheet1:994,平方,特征: 加厚 || 类型: 油布,同一标准名称和规范分组下存在多个规格签名；已保守拆开，需人工确认是否为不同物料。,逐项确认是否为不同规格物料；若规格足够明确则保留拆分，若其实同物料则补充等价规则后再合并。
ISSUE-00224,specs_conflict,medium,彩钢瓦,工程建材/板材型材/板材,REVIEW-MAT-00511；REVIEW-MAT-00512；REVIEW-MAT-00547,REVIEW-MAT-00511；REVIEW-MAT-00512；REVIEW-MAT-00547,Sheet1:910；Sheet1:911；Sheet1:992,米；平方,规格: 1*0.84 || 规格: 1.6*0.84 || 厚度/规格: 0.5,同一标准名称和规范分组下存在多个规格签名；已保守拆开，需人工确认是否为不同物料。,逐项确认是否为不同规格物料；若规格足够明确则保留拆分，若其实同物料则补充等价规则后再合并。
ISSUE-00225,specs_conflict,medium,PPR内牙三通,工程建材/水暖建材/水暖五金,REVIEW-MAT-00043；REVIEW-MAT-00443,REVIEW-MAT-00043；REVIEW-MAT-00443,Sheet1:68；Sheet1:767,个,品牌: 公元；规格: 25；连接: 内牙；类型: 三通 || 品牌: 公元；规格: 25；材质: PPR；连接: 内牙；类型: 三通,同一标准名称和规范分组下存在多个规格签名；已保守拆开，需人工确认是否为不同物料。,逐项确认是否为不同规格物料；若规格足够明确则保留拆分，若其实同物料则补充等价规则后再合并。
ISSUE-00226,low_precision_conflict,medium,PPR内牙三通,工程建材/水暖建材/水暖五金,REVIEW-MAT-00043；REVIEW-MAT-00443,REVIEW-MAT-00043；REVIEW-MAT-00443,Sheet1:68；Sheet1:767,个,品牌: 公元；规格: 25；连接: 内牙；类型: 三通 || 品牌: 公元；规格: 25；材质: PPR；连接: 内牙；类型: 三通,低精度/缺规格项与高精度项同时存在；低精度项已保留 needs_human_review。,补齐规格、品牌、型号、包装或执行标准后再进入可导入池。
ISSUE-00227,specs_conflict,medium,PPR弯头,工程建材/水暖建材/水暖五金,REVIEW-MAT-00029；REVIEW-MAT-00111；REVIEW-MAT-00714,REVIEW-MAT-00029；REVIEW-MAT-00111；REVIEW-MAT-00714,Sheet1:1311；Sheet1:180；Sheet1:44,个,品牌: 公元；规格: 25；类型: 弯头 || 规格: 25；类型: 弯头 || 品牌: 公元；规格: 25；材质: PPR,同一标准名称和规范分组下存在多个规格签名；已保守拆开，需人工确认是否为不同物料。,逐项确认是否为不同规格物料；若规格足够明确则保留拆分，若其实同物料则补充等价规则后再合并。
ISSUE-00228,low_precision_conflict,medium,PPR弯头,工程建材/水暖建材/水暖五金,REVIEW-MAT-00029；REVIEW-MAT-00111；REVIEW-MAT-00714,REVIEW-MAT-00029；REVIEW-MAT-00111；REVIEW-MAT-00714,Sheet1:1311；Sheet1:180；Sheet1:44,个,品牌: 公元；规格: 25；类型: 弯头 || 规格: 25；类型: 弯头 || 品牌: 公元；规格: 25；材质: PPR,低精度/缺规格项与高精度项同时存在；低精度项已保留 needs_human_review。,补齐规格、品牌、型号、包装或执行标准后再进入可导入池。
ISSUE-00229,specs_conflict,medium,PPR接头,工程建材/水暖建材/水暖五金,REVIEW-MAT-00442；REVIEW-MAT-00731,REVIEW-MAT-00442；REVIEW-MAT-00731,Sheet1:1344；Sheet1:766,个,品牌: 公元；规格: 25；材质: PPR || 规格: 200；材质: PPR,同一标准名称和规范分组下存在多个规格签名；已保守拆开，需人工确认是否为不同物料。,逐项确认是否为不同规格物料；若规格足够明确则保留拆分，若其实同物料则补充等价规则后再合并。
ISSUE-00230,specs_conflict,medium,PPR直通,工程建材/水暖建材/水暖五金,REVIEW-MAT-00028；REVIEW-MAT-00716,REVIEW-MAT-00028；REVIEW-MAT-00716,Sheet1:1313；Sheet1:43,个,品牌: 公元；规格: 25；类型: 直通 || 品牌: 公元；规格: 25；材质: PPR,同一标准名称和规范分组下存在多个规格签名；已保守拆开，需人工确认是否为不同物料。,逐项确认是否为不同规格物料；若规格足够明确则保留拆分，若其实同物料则补充等价规则后再合并。
ISSUE-00231,low_precision_conflict,medium,PPR直通,工程建材/水暖建材/水暖五金,REVIEW-MAT-00028；REVIEW-MAT-00716,REVIEW-MAT-00028；REVIEW-MAT-00716,Sheet1:1313；Sheet1:43,个,品牌: 公元；规格: 25；类型: 直通 || 品牌: 公元；规格: 25；材质: PPR,低精度/缺规格项与高精度项同时存在；低精度项已保留 needs_human_review。,补齐规格、品牌、型号、包装或执行标准后再进入可导入池。
ISSUE-00232,specs_conflict,medium,PPR管,工程建材/水暖建材/水暖五金,REVIEW-MAT-00027；REVIEW-MAT-00441；REVIEW-MAT-00730,REVIEW-MAT-00027；REVIEW-MAT-00441；REVIEW-MAT-00730,Sheet1:1309；Sheet1:1343；Sheet1:169；Sheet1:42；Sheet1:765,米,品牌: 公元；规格: 25 || 品牌: 公元；规格: 25；材质: PPR || 规格: DN200；材质: PPR,同一标准名称和规范分组下存在多个规格签名；已保守拆开，需人工确认是否为不同物料。,逐项确认是否为不同规格物料；若规格足够明确则保留拆分，若其实同物料则补充等价规则后再合并。
ISSUE-00233,low_precision_conflict,medium,PPR管,工程建材/水暖建材/水暖五金,REVIEW-MAT-00027；REVIEW-MAT-00441；REVIEW-MAT-00730,REVIEW-MAT-00027；REVIEW-MAT-00441；REVIEW-MAT-00730,Sheet1:1309；Sheet1:1343；Sheet1:169；Sheet1:42；Sheet1:765,米,品牌: 公元；规格: 25 || 品牌: 公元；规格: 25；材质: PPR || 规格: DN200；材质: PPR,低精度/缺规格项与高精度项同时存在；低精度项已保留 needs_human_review。,补齐规格、品牌、型号、包装或执行标准后再进入可导入池。
ISSUE-00234,specs_conflict,medium,PPR阀门,工程建材/水暖建材/水暖五金,REVIEW-MAT-00109；REVIEW-MAT-00423,REVIEW-MAT-00109；REVIEW-MAT-00423,Sheet1:175；Sheet1:737,个,品牌: 公元；规格: 25；类型: 阀门 || 品牌: 公元；规格: 90；材质: PPR,同一标准名称和规范分组下存在多个规格签名；已保守拆开，需人工确认是否为不同物料。,逐项确认是否为不同规格物料；若规格足够明确则保留拆分，若其实同物料则补充等价规则后再合并。
ISSUE-00235,low_precision_conflict,medium,PPR阀门,工程建材/水暖建材/水暖五金,REVIEW-MAT-00109；REVIEW-MAT-00423,REVIEW-MAT-00109；REVIEW-MAT-00423,Sheet1:175；Sheet1:737,个,品牌: 公元；规格: 25；类型: 阀门 || 品牌: 公元；规格: 90；材质: PPR,低精度/缺规格项与高精度项同时存在；低精度项已保留 needs_human_review。,补齐规格、品牌、型号、包装或执行标准后再进入可导入池。
ISSUE-00236,unit_conflict,high,冷热水龙头,工程建材/水暖建材/水暖五金,REVIEW-MAT-00088；REVIEW-MAT-00146,REVIEW-MAT-00088；REVIEW-MAT-00146,Sheet1:140；Sheet1:256；Sheet1:379,个；套,规格: 4分；类型: 冷热,同一标准名称、规范分组和规格下存在非同义单位；未自动合并。,确认是否同一物料的不同计量单位；如是则补 UOM 换算/包装规格，如不是则拆成不同物料。
ISSUE-00237,low_precision_conflict,medium,冷热水龙头,工程建材/水暖建材/水暖五金,REVIEW-MAT-00088；REVIEW-MAT-00146,REVIEW-MAT-00088；REVIEW-MAT-00146,Sheet1:140；Sheet1:256；Sheet1:379,个；套,规格: 4分；类型: 冷热,低精度/缺规格项与高精度项同时存在；低精度项已保留 needs_human_review。,补齐规格、品牌、型号、包装或执行标准后再进入可导入池。
ISSUE-00238,unit_conflict,high,水龙头花洒套装,工程建材/水暖建材/水暖五金,REVIEW-MAT-00067；REVIEW-MAT-00216,REVIEW-MAT-00067；REVIEW-MAT-00216,Sheet1:103；Sheet1:141；Sheet1:380,套；个,类型: 水龙头+花洒,同一标准名称、规范分组和规格下存在非同义单位；未自动合并。,确认是否同一物料的不同计量单位；如是则补 UOM 换算/包装规格，如不是则拆成不同物料。
ISSUE-00239,low_precision_conflict,medium,水龙头花洒套装,工程建材/水暖建材/水暖五金,REVIEW-MAT-00067；REVIEW-MAT-00216,REVIEW-MAT-00067；REVIEW-MAT-00216,Sheet1:103；Sheet1:141；Sheet1:380,套；个,类型: 水龙头+花洒,低精度/缺规格项与高精度项同时存在；低精度项已保留 needs_human_review。,补齐规格、品牌、型号、包装或执行标准后再进入可导入池。
ISSUE-00240,specs_conflict,medium,生料带,工程建材/水暖建材/水暖五金,REVIEW-MAT-00108；REVIEW-MAT-00435,REVIEW-MAT-00108；REVIEW-MAT-00435,Sheet1:174；Sheet1:752,个,类型: 密封带 || 类型: 生料带,同一标准名称和规范分组下存在多个规格签名；已保守拆开，需人工确认是否为不同物料。,逐项确认是否为不同规格物料；若规格足够明确则保留拆分，若其实同物料则补充等价规则后再合并。
ISSUE-00241,low_precision_conflict,medium,生料带,工程建材/水暖建材/水暖五金,REVIEW-MAT-00108；REVIEW-MAT-00435,REVIEW-MAT-00108；REVIEW-MAT-00435,Sheet1:174；Sheet1:752,个,类型: 密封带 || 类型: 生料带,低精度/缺规格项与高精度项同时存在；低精度项已保留 needs_human_review。,补齐规格、品牌、型号、包装或执行标准后再进入可导入池。
ISSUE-00242,specs_conflict,medium,金属软管,工程建材/水暖建材/水暖五金,REVIEW-MAT-00106；REVIEW-MAT-00107；REVIEW-MAT-00147,REVIEW-MAT-00106；REVIEW-MAT-00107；REVIEW-MAT-00147,Sheet1:172；Sheet1:173；Sheet1:257,个；根,长度: 80公分；材质: 金属 || 长度: 40公分；材质: 金属 || 规格: 4分；长度: 60,同一标准名称和规范分组下存在多个规格签名；已保守拆开，需人工确认是否为不同物料。,逐项确认是否为不同规格物料；若规格足够明确则保留拆分，若其实同物料则补充等价规则后再合并。
ISSUE-00243,low_precision_conflict,medium,金属软管,工程建材/水暖建材/水暖五金,REVIEW-MAT-00106；REVIEW-MAT-00107；REVIEW-MAT-00147,REVIEW-MAT-00106；REVIEW-MAT-00107；REVIEW-MAT-00147,Sheet1:172；Sheet1:173；Sheet1:257,个；根,长度: 80公分；材质: 金属 || 长度: 40公分；材质: 金属 || 规格: 4分；长度: 60,低精度/缺规格项与高精度项同时存在；低精度项已保留 needs_human_review。,补齐规格、品牌、型号、包装或执行标准后再进入可导入池。
ISSUE-00244,specs_conflict,medium,双快水泥,工程建材/水泥砂石/水泥砂石,REVIEW-MAT-00682；REVIEW-MAT-01371,REVIEW-MAT-00682；REVIEW-MAT-01371；REVIEW-MAT-01431,Sheet1:1249；Sheet1:2234；Sheet1:2323；Sheet1:2350；Sheet1:2463；Sheet1:2817,包,类型: 双快 || 类型: 双快水泥,同一标准名称和规范分组下存在多个规格签名；已保守拆开，需人工确认是否为不同物料。,逐项确认是否为不同规格物料；若规格足够明确则保留拆分，若其实同物料则补充等价规则后再合并。
ISSUE-00245,specs_conflict,medium,普通硅酸盐水泥,工程建材/水泥砂石/水泥砂石,REVIEW-MAT-00453；REVIEW-MAT-01786,REVIEW-MAT-00453；REVIEW-MAT-01786,Sheet1:1005；Sheet1:1008；Sheet1:1011；Sheet1:1013；Sheet1:1026；Sheet1:2854；Sheet1:3361；Sheet1:3444；Sheet1:782；Sheet1:990；Sheet1:996,包,标号: PO42.5 || 品牌: 海螺；强度等级: 42.5,同一标准名称和规范分组下存在多个规格签名；已保守拆开，需人工确认是否为不同物料。,逐项确认是否为不同规格物料；若规格足够明确则保留拆分，若其实同物料则补充等价规则后再合并。
ISSUE-00246,specs_conflict,medium,水泥,工程建材/水泥砂石/水泥砂石,REVIEW-MAT-00831；REVIEW-MAT-01378,REVIEW-MAT-00831；REVIEW-MAT-01378,Sheet1:1485；Sheet1:2243；Sheet1:2276,包,品类: 水泥 || 标号/型号: PC425,同一标准名称和规范分组下存在多个规格签名；已保守拆开，需人工确认是否为不同物料。,逐项确认是否为不同规格物料；若规格足够明确则保留拆分，若其实同物料则补充等价规则后再合并。
ISSUE-00247,specs_conflict,medium,石子,工程建材/水泥砂石/水泥砂石,REVIEW-MAT-00032；REVIEW-MAT-00082,REVIEW-MAT-00032；REVIEW-MAT-00082,Sheet1:130；Sheet1:48,斤；包,粒径: 4-6MM || 包装: 大包,同一标准名称和规范分组下存在多个规格签名；已保守拆开，需人工确认是否为不同物料。,逐项确认是否为不同规格物料；若规格足够明确则保留拆分，若其实同物料则补充等价规则后再合并。
ISSUE-00248,low_precision_conflict,medium,石子,工程建材/水泥砂石/水泥砂石,REVIEW-MAT-00032；REVIEW-MAT-00082,REVIEW-MAT-00032；REVIEW-MAT-00082,Sheet1:130；Sheet1:48,斤；包,粒径: 4-6MM || 包装: 大包,低精度/缺规格项与高精度项同时存在；低精度项已保留 needs_human_review。,补齐规格、品牌、型号、包装或执行标准后再进入可导入池。
ISSUE-00249,specs_conflict,medium,黄砂,工程建材/水泥砂石/水泥砂石,REVIEW-MAT-01785；REVIEW-MAT-02269,REVIEW-MAT-01785；REVIEW-MAT-02269,Sheet1:2853；Sheet1:3161；Sheet1:3445；Sheet1:3529；Sheet1:3534,吨,类型: 黄砂 || 材料: 黄砂,同一标准名称和规范分组下存在多个规格签名；已保守拆开，需人工确认是否为不同物料。,逐项确认是否为不同规格物料；若规格足够明确则保留拆分，若其实同物料则补充等价规则后再合并。
ISSUE-00250,specs_conflict,medium,对讲机,弱电安防/通信与监控/通信设备,REVIEW-MAT-01980；REVIEW-MAT-02289,REVIEW-MAT-01980；REVIEW-MAT-02289,Sheet1:3131；Sheet1:3219；Sheet1:3469；Sheet1:3558；Sheet1:3572；Sheet1:3603,部,品牌: 小米；代际: 二代 || 品牌: 小米；型号: 二代,同一标准名称和规范分组下存在多个规格签名；已保守拆开，需人工确认是否为不同物料。,逐项确认是否为不同规格物料；若规格足够明确则保留拆分，若其实同物料则补充等价规则后再合并。
ISSUE-00251,specs_conflict,medium,卷尺,待治理/待治理/卷尺,REVIEW-MAT-02351；REVIEW-MAT-02352,REVIEW-MAT-02351；REVIEW-MAT-02352,Sheet1:3651；Sheet1:3652,把,长度: 3m || 长度: 5m,同一标准名称和规范分组下存在多个规格签名；已保守拆开，需人工确认是否为不同物料。,逐项确认是否为不同规格物料；若规格足够明确则保留拆分，若其实同物料则补充等价规则后再合并。
ISSUE-00252,specs_conflict,medium,连接头,消防器材/消防管件与接头/消防接头,REVIEW-MAT-01317；REVIEW-MAT-01320；REVIEW-MAT-01321,REVIEW-MAT-01317；REVIEW-MAT-01320；REVIEW-MAT-01321,Sheet1:2156；Sheet1:2159；Sheet1:2160,个,规格: 100 || 规格: 65 || 规格: 80,同一标准名称和规范分组下存在多个规格签名；已保守拆开，需人工确认是否为不同物料。,逐项确认是否为不同规格物料；若规格足够明确则保留拆分，若其实同物料则补充等价规则后再合并。
ISSUE-00253,specs_conflict,medium,铝合金消防枪头管接头套件,消防器材/消防管件与接头/消防接头,REVIEW-MAT-02330；REVIEW-MAT-02331,REVIEW-MAT-02330；REVIEW-MAT-02331,Sheet1:3620；Sheet1:3621,套,材质: 铝合金；规格: 80型；包含: 消防枪头+管接头 || 材质: 铝合金；规格: 65型；包含: 消防枪头+管接头,同一标准名称和规范分组下存在多个规格签名；已保守拆开，需人工确认是否为不同物料。,逐项确认是否为不同规格物料；若规格足够明确则保留拆分，若其实同物料则补充等价规则后再合并。
ISSUE-00254,specs_conflict,medium,消防水带,消防器材/灭火器与水带/消防水带,REVIEW-MAT-01271；REVIEW-MAT-01319；REVIEW-MAT-02195,REVIEW-MAT-01271；REVIEW-MAT-01319；REVIEW-MAT-02195,Sheet1:2088；Sheet1:2158；Sheet1:3416,米,规格: 65；特征: 加厚 || 规格: 80；用途: 消防 || 特性: 防爆；直径: Φ80,同一标准名称和规范分组下存在多个规格签名；已保守拆开，需人工确认是否为不同物料。,逐项确认是否为不同规格物料；若规格足够明确则保留拆分，若其实同物料则补充等价规则后再合并。
ISSUE-00255,specs_conflict,medium,灭火器,消防器材/灭火器与水带/灭火器,REVIEW-MAT-00549；REVIEW-MAT-01115；REVIEW-MAT-01556；REVIEW-MAT-02163,REVIEW-MAT-00549；REVIEW-MAT-01115；REVIEW-MAT-01556；REVIEW-MAT-02163,Sheet1:1880；Sheet1:2524；Sheet1:2764；Sheet1:2840；Sheet1:3368；Sheet1:3473；Sheet1:3559；Sheet1:997,支；个；瓶；只,容量: 4KG || 规格: 2kg || 灭火剂重量: 2KG,同一标准名称和规范分组下存在多个规格签名；已保守拆开，需人工确认是否为不同物料。,逐项确认是否为不同规格物料；若规格足够明确则保留拆分，若其实同物料则补充等价规则后再合并。
ISSUE-00256,unit_conflict,high,灭火器,消防器材/灭火器与水带/灭火器,REVIEW-MAT-01556；REVIEW-MAT-02163,REVIEW-MAT-01556；REVIEW-MAT-02163,Sheet1:2524；Sheet1:2764；Sheet1:2840；Sheet1:3368；Sheet1:3473；Sheet1:3559,瓶；只,灭火剂重量: 2KG,同一标准名称、规范分组和规格下存在非同义单位；未自动合并。,确认是否同一物料的不同计量单位；如是则补 UOM 换算/包装规格，如不是则拆成不同物料。
ISSUE-00257,specs_conflict,medium,灭火器箱,消防器材/灭火器与水带/灭火器,REVIEW-MAT-01116；REVIEW-MAT-02164,REVIEW-MAT-01116；REVIEW-MAT-02164,Sheet1:1881；Sheet1:3369；Sheet1:3474；Sheet1:3560,个,类型: 灭火器箱 || 用途: 灭火器存放,同一标准名称和规范分组下存在多个规格签名；已保守拆开，需人工确认是否为不同物料。,逐项确认是否为不同规格物料；若规格足够明确则保留拆分，若其实同物料则补充等价规则后再合并。
ISSUE-00258,specs_conflict,medium,45度黄油嘴,润滑系统/润滑设备配件/润滑泵管路,REVIEW-MAT-02303；REVIEW-MAT-02304；REVIEW-MAT-02311；REVIEW-MAT-02312,REVIEW-MAT-02303；REVIEW-MAT-02304；REVIEW-MAT-02311；REVIEW-MAT-02312,Sheet1:3580；Sheet1:3581；Sheet1:3590；Sheet1:3591,只,角度: 45度；螺纹: M8 || 角度: 45度；螺纹: M12 || 角度: 45度；螺纹: M6 || 角度: 45度；螺纹: M10,同一标准名称和规范分组下存在多个规格签名；已保守拆开，需人工确认是否为不同物料。,逐项确认是否为不同规格物料；若规格足够明确则保留拆分，若其实同物料则补充等价规则后再合并。
ISSUE-00259,specs_conflict,medium,电动油脂泵,润滑系统/润滑设备配件/润滑泵管路,REVIEW-MAT-01851；REVIEW-MAT-02315,REVIEW-MAT-01851；REVIEW-MAT-02315,Sheet1:2948；Sheet1:3594,台,容量: 6L；出口数: 3出口；配置: 带时控器 || 电压: 380V；容量: 8L；出口数: 4出口,同一标准名称和规范分组下存在多个规格签名；已保守拆开，需人工确认是否为不同物料。,逐项确认是否为不同规格物料；若规格足够明确则保留拆分，若其实同物料则补充等价规则后再合并。
ISSUE-00260,specs_conflict,medium,黄油嘴,润滑系统/润滑设备配件/润滑泵管路,REVIEW-MAT-01037；REVIEW-MAT-01038；REVIEW-MAT-01039；REVIEW-MAT-01040；REVIEW-MAT-01041；REVIEW-MAT-01042；REVIEW-MAT-01890；REVIEW-MAT-02301；REVIEW-MAT-02302；REVIEW-MAT-02309；REVIEW-MAT-02310,REVIEW-MAT-01037；REVIEW-MAT-01038；REVIEW-MAT-01039；REVIEW-MAT-01040；REVIEW-MAT-01041；REVIEW-MAT-01042；REVIEW-MAT-01890；REVIEW-MAT-02301；REVIEW-MAT-02302；REVIEW-MAT-02309；REVIEW-MAT-02310,Sheet1:1769；Sheet1:1770；Sheet1:1771；Sheet1:1772；Sheet1:1773；Sheet1:1774；Sheet1:3007；Sheet1:3578；Sheet1:3579；Sheet1:3588；Sheet1:3589,个；只,螺纹: M10*1.5 || 螺纹: M12*1.5 || 螺纹: M14*1.5 || 螺纹: M16*1.5 || 螺纹: M18*1.5 || 螺纹: M20*1.5 || 材质: 纯铜；规格: M10 || 螺纹: M6 || 螺纹: M8 || 螺纹: M10 || 螺纹: M12,同一标准名称和规范分组下存在多个规格签名；已保守拆开，需人工确认是否为不同物料。,逐项确认是否为不同规格物料；若规格足够明确则保留拆分，若其实同物料则补充等价规则后再合并。
ISSUE-00261,specs_conflict,medium,合金两半扣,液压气动/其他/管路扣件,REVIEW-MAT-01743；REVIEW-MAT-02250；REVIEW-MAT-02251,REVIEW-MAT-01743；REVIEW-MAT-02250；REVIEW-MAT-02251,Sheet1:2780；Sheet1:3499；Sheet1:3500,套,材质: 合金；规格: DN100；类型: 两半扣 || 材质: 合金；规格: DN50；类型: 两半扣 || 材质: 合金；规格: DN80；类型: 两半扣,同一标准名称和规范分组下存在多个规格签名；已保守拆开，需人工确认是否为不同物料。,逐项确认是否为不同规格物料；若规格足够明确则保留拆分，若其实同物料则补充等价规则后再合并。
ISSUE-00262,specs_conflict,medium,气管,液压气动/气动元件/接头阀管,REVIEW-MAT-01114；REVIEW-MAT-01117,REVIEW-MAT-01114；REVIEW-MAT-01117,Sheet1:1879；Sheet1:1882,米,外径: 10mm || 外径: 16mm,同一标准名称和规范分组下存在多个规格签名；已保守拆开，需人工确认是否为不同物料。,逐项确认是否为不同规格物料；若规格足够明确则保留拆分，若其实同物料则补充等价规则后再合并。
ISSUE-00263,specs_conflict,medium,不锈钢快接公头,液压气动/液压接头/液压接头,REVIEW-MAT-02060；REVIEW-MAT-02061；REVIEW-MAT-02062,REVIEW-MAT-02060；REVIEW-MAT-02061；REVIEW-MAT-02062,Sheet1:3232；Sheet1:3233；Sheet1:3234,只,材质: 不锈钢；类型: 快接公头；型号: PP20 || 材质: 不锈钢；类型: 快接公头；型号: PP30 || 材质: 不锈钢；类型: 快接公头；型号: PP60,同一标准名称和规范分组下存在多个规格签名；已保守拆开，需人工确认是否为不同物料。,逐项确认是否为不同规格物料；若规格足够明确则保留拆分，若其实同物料则补充等价规则后再合并。
ISSUE-00264,specs_conflict,medium,不锈钢直通快插接头,液压气动/液压接头/液压接头,REVIEW-MAT-02083；REVIEW-MAT-02084；REVIEW-MAT-02085,REVIEW-MAT-02083；REVIEW-MAT-02084；REVIEW-MAT-02085,Sheet1:3260；Sheet1:3261；Sheet1:3262,个,材质: 304不锈钢；型号: QS-1/4-12；类型: 直通快插 || 材质: 304不锈钢；型号: QS-1/4-10；类型: 直通快插 || 材质: 304不锈钢；型号: QS-1/4-8；类型: 直通快插,同一标准名称和规范分组下存在多个规格签名；已保守拆开，需人工确认是否为不同物料。,逐项确认是否为不同规格物料；若规格足够明确则保留拆分，若其实同物料则补充等价规则后再合并。
ISSUE-00265,specs_conflict,medium,气管三通接头,液压气动/液压接头/液压接头,REVIEW-MAT-00989；REVIEW-MAT-00990；REVIEW-MAT-00991,REVIEW-MAT-00989；REVIEW-MAT-00990；REVIEW-MAT-00991,Sheet1:1703；Sheet1:1704；Sheet1:1705,个,规格: 8厘；类型: 三通 || 规格: 10厘；类型: 三通 || 规格: 16厘；类型: 三通,同一标准名称和规范分组下存在多个规格签名；已保守拆开，需人工确认是否为不同物料。,逐项确认是否为不同规格物料；若规格足够明确则保留拆分，若其实同物料则补充等价规则后再合并。
ISSUE-00266,specs_conflict,medium,气管弯头接头,液压气动/液压接头/液压接头,REVIEW-MAT-00986；REVIEW-MAT-00987；REVIEW-MAT-00988,REVIEW-MAT-00986；REVIEW-MAT-00987；REVIEW-MAT-00988,Sheet1:1700；Sheet1:1701；Sheet1:1702,个,规格: 8厘；类型: 弯头 || 规格: 10厘；类型: 弯头 || 规格: 16厘；类型: 弯头,同一标准名称和规范分组下存在多个规格签名；已保守拆开，需人工确认是否为不同物料。,逐项确认是否为不同规格物料；若规格足够明确则保留拆分，若其实同物料则补充等价规则后再合并。
ISSUE-00267,specs_conflict,medium,气管直通接头,液压气动/液压接头/液压接头,REVIEW-MAT-00983；REVIEW-MAT-00984；REVIEW-MAT-00985,REVIEW-MAT-00983；REVIEW-MAT-00984；REVIEW-MAT-00985,Sheet1:1697；Sheet1:1698；Sheet1:1699,个,规格: 8厘；类型: 直通 || 规格: 10厘；类型: 直通 || 规格: 16厘；类型: 直通,同一标准名称和规范分组下存在多个规格签名；已保守拆开，需人工确认是否为不同物料。,逐项确认是否为不同规格物料；若规格足够明确则保留拆分，若其实同物料则补充等价规则后再合并。
ISSUE-00268,specs_conflict,medium,三通接头,液压气动/液压管路/高压胶管,REVIEW-MAT-01476；REVIEW-MAT-01587,REVIEW-MAT-01476；REVIEW-MAT-01587,Sheet1:2379；Sheet1:2561；Sheet1:2564；Sheet1:3251,只,螺纹/规格: 36*2；类型: 三通 || 螺纹: 20*1.5；类型: 三通,同一标准名称和规范分组下存在多个规格签名；已保守拆开，需人工确认是否为不同物料。,逐项确认是否为不同规格物料；若规格足够明确则保留拆分，若其实同物料则补充等价规则后再合并。
ISSUE-00269,specs_conflict,medium,不锈钢卡套接头,液压气动/液压管路/高压胶管,REVIEW-MAT-00262；REVIEW-MAT-00263,REVIEW-MAT-00262；REVIEW-MAT-00263,Sheet1:448；Sheet1:449；Sheet1:452；Sheet1:461,个,规格: 6*8；材质: 不锈钢 || 规格: 6*12；材质: 不锈钢,同一标准名称和规范分组下存在多个规格签名；已保守拆开，需人工确认是否为不同物料。,逐项确认是否为不同规格物料；若规格足够明确则保留拆分，若其实同物料则补充等价规则后再合并。
ISSUE-00270,specs_conflict,medium,不锈钢卡扣接头,液压气动/液压管路/高压胶管,REVIEW-MAT-00246；REVIEW-MAT-00247,REVIEW-MAT-00246；REVIEW-MAT-00247,Sheet1:429；Sheet1:430,个,规格: DN6*6；材质: 不锈钢 || 规格: DN6*10；材质: 不锈钢,同一标准名称和规范分组下存在多个规格签名；已保守拆开，需人工确认是否为不同物料。,逐项确认是否为不同规格物料；若规格足够明确则保留拆分，若其实同物料则补充等价规则后再合并。
ISSUE-00271,specs_conflict,medium,加厚铜接头,液压气动/液压管路/高压胶管,REVIEW-MAT-00931；REVIEW-MAT-00950；REVIEW-MAT-01154；REVIEW-MAT-01155；REVIEW-MAT-01409,REVIEW-MAT-00931；REVIEW-MAT-00950；REVIEW-MAT-01154；REVIEW-MAT-01155；REVIEW-MAT-01409,Sheet1:1626；Sheet1:1651；Sheet1:1653；Sheet1:1714；Sheet1:1932；Sheet1:1934；Sheet1:2269；Sheet1:2270；Sheet1:2294,个,规格: 80；材质: 铜；特征: 加厚 || 规格: 50；材质: 铜；特征: 加厚 || 规格: DN80；材质: 铜；特征: 加厚 || 规格: DN50；材质: 铜；特征: 加厚 || 规格: 100；材质: 铜；特征: 加厚,同一标准名称和规范分组下存在多个规格签名；已保守拆开，需人工确认是否为不同物料。,逐项确认是否为不同规格物料；若规格足够明确则保留拆分，若其实同物料则补充等价规则后再合并。
ISSUE-00272,specs_conflict,medium,加厚铝合金扣,液压气动/液压管路/高压胶管,REVIEW-MAT-01395；REVIEW-MAT-01396；REVIEW-MAT-01408,REVIEW-MAT-01395；REVIEW-MAT-01396；REVIEW-MAT-01408,Sheet1:2271；Sheet1:2272；Sheet1:2293,个,规格: 50；材质: 铝合金；特征: 加厚 || 规格: 80；材质: 铝合金；特征: 加厚 || 规格: 100；材质: 铝合金；特征: 加厚,同一标准名称和规范分组下存在多个规格签名；已保守拆开，需人工确认是否为不同物料。,逐项确认是否为不同规格物料；若规格足够明确则保留拆分，若其实同物料则补充等价规则后再合并。
ISSUE-00273,specs_conflict,medium,变径对丝接头,液压气动/液压管路/高压胶管,REVIEW-MAT-01584；REVIEW-MAT-02075,REVIEW-MAT-01584；REVIEW-MAT-02075,Sheet1:2559；Sheet1:3250,只,规格: 25*2/36*2；类型: 变径对丝 || 规格: 1寸/36*2H；类型: 变径对丝,同一标准名称和规范分组下存在多个规格签名；已保守拆开，需人工确认是否为不同物料。,逐项确认是否为不同规格物料；若规格足够明确则保留拆分，若其实同物料则补充等价规则后再合并。
ISSUE-00274,specs_conflict,medium,变径接头,液压气动/液压管路/高压胶管,REVIEW-MAT-01473；REVIEW-MAT-01491,REVIEW-MAT-01473；REVIEW-MAT-01491,Sheet1:2376；Sheet1:2395,只,规格: 25*2/36*2；类型: 大小头/变径 || 规格: 1/2-3/4；类型: 变径,同一标准名称和规范分组下存在多个规格签名；已保守拆开，需人工确认是否为不同物料。,逐项确认是否为不同规格物料；若规格足够明确则保留拆分，若其实同物料则补充等价规则后再合并。
ISSUE-00275,specs_conflict,medium,对丝接头,液压气动/液压管路/高压胶管,REVIEW-MAT-01477；REVIEW-MAT-01490；REVIEW-MAT-01588；REVIEW-MAT-02073,REVIEW-MAT-01477；REVIEW-MAT-01490；REVIEW-MAT-01588；REVIEW-MAT-02073,Sheet1:2380；Sheet1:2394；Sheet1:2560；Sheet1:2565；Sheet1:3248,只,螺纹/规格: 36*2；类型: 对丝 || 规格: 1/2；类型: 对丝 || 螺纹: 20*1.5；类型: 对丝 || 螺纹/规格: 36*2H；类型: 对丝接头,同一标准名称和规范分组下存在多个规格签名；已保守拆开，需人工确认是否为不同物料。,逐项确认是否为不同规格物料；若规格足够明确则保留拆分，若其实同物料则补充等价规则后再合并。
ISSUE-00276,specs_conflict,medium,油管快速接头,液压气动/液压管路/高压胶管,REVIEW-MAT-01062；REVIEW-MAT-01063；REVIEW-MAT-01064；REVIEW-MAT-01065,REVIEW-MAT-01062；REVIEW-MAT-01063；REVIEW-MAT-01064；REVIEW-MAT-01065,Sheet1:1807；Sheet1:1808；Sheet1:1809；Sheet1:1810,套,规格: 52；类型: 快速接头 || 规格: 45；类型: 快速接头 || 规格: 36；类型: 快速接头 || 规格: 30；类型: 快速接头,同一标准名称和规范分组下存在多个规格签名；已保守拆开，需人工确认是否为不同物料。,逐项确认是否为不同规格物料；若规格足够明确则保留拆分，若其实同物料则补充等价规则后再合并。
ISSUE-00277,specs_conflict,medium,油管护套,液压气动/液压管路/高压胶管,REVIEW-MAT-01686；REVIEW-MAT-01687；REVIEW-MAT-01688；REVIEW-MAT-01689；REVIEW-MAT-01690；REVIEW-MAT-01691,REVIEW-MAT-01686；REVIEW-MAT-01687；REVIEW-MAT-01688；REVIEW-MAT-01689；REVIEW-MAT-01690；REVIEW-MAT-01691,Sheet1:2702；Sheet1:2703；Sheet1:2704；Sheet1:2705；Sheet1:2706；Sheet1:2707,只,螺纹/规格: M20*1.5 || 螺纹/规格: M48*2 || 螺纹/规格: M36*2 || 螺纹/规格: M42*4 || 螺纹/规格: M52*2 || 螺纹/规格: M16*1,同一标准名称和规范分组下存在多个规格签名；已保守拆开，需人工确认是否为不同物料。,逐项确认是否为不同规格物料；若规格足够明确则保留拆分，若其实同物料则补充等价规则后再合并。
ISSUE-00278,specs_conflict,medium,胶管总成,液压气动/液压管路/高压胶管,REVIEW-MAT-01457；REVIEW-MAT-01458；REVIEW-MAT-01459；REVIEW-MAT-01460；REVIEW-MAT-01461；REVIEW-MAT-01462；REVIEW-MAT-01463；REVIEW-MAT-01464；REVIEW-MAT-01465；REVIEW-MAT-01466；REVIEW-MAT-01467；REVIEW-MAT-01468；REVIEW-MAT-01469；REVIEW-MAT-01470；REVIEW-MAT-01485；REVIEW-MAT-01486；REVIEW-MAT-01487；REVIEW-MAT-01488；REVIEW-MAT-01519；REVIEW-MAT-01520；REVIEW-MAT-01577；REVIEW-MAT-01578；REVIEW-MAT-01579；REVIEW-MAT-01580；REVIEW-MAT-01585；REVIEW-MAT-01586；REVIEW-MAT-01605；REVIEW-MAT-01606；REVIEW-MAT-01607；REVIEW-MAT-01608；REVIEW-MAT-01609；REVIEW-MAT-01610；REVIEW-MAT-01611,REVIEW-MAT-01457；REVIEW-MAT-01458；REVIEW-MAT-01459；REVIEW-MAT-01460；REVIEW-MAT-01461；REVIEW-MAT-01462；REVIEW-MAT-01463；REVIEW-MAT-01464；REVIEW-MAT-01465；REVIEW-MAT-01466；REVIEW-MAT-01467；REVIEW-MAT-01468；REVIEW-MAT-01469；REVIEW-MAT-01470；REVIEW-MAT-01485；REVIEW-MAT-01486；REVIEW-MAT-01487；REVIEW-MAT-01488；REVIEW-MAT-01519；REVIEW-MAT-01520；REVIEW-MAT-01577；REVIEW-MAT-01578；REVIEW-MAT-01579；REVIEW-MAT-01580；REVIEW-MAT-01585；REVIEW-MAT-01586；REVIEW-MAT-01605；REVIEW-MAT-01606；REVIEW-MAT-01607；REVIEW-MAT-01608；REVIEW-MAT-01609；REVIEW-MAT-01610；REVIEW-MAT-01611,Sheet1:2360；Sheet1:2361；Sheet1:2362；Sheet1:2363；Sheet1:2364；Sheet1:2365；Sheet1:2366；Sheet1:2367；Sheet1:2368；Sheet1:2369；Sheet1:2370；Sheet1:2371；Sheet1:2372；Sheet1:2373；Sheet1:2388；Sheet1:2389；Sheet1:2390；Sheet1:2391；Sheet1:2408；Sheet1:2426；Sheet1:2427；Sheet1:2549；Sheet1:2550；Sheet1:2551；Sheet1:2552；Sheet1:2553；Sheet1:2554；Sheet1:2555；Sheet1:2562；Sheet1:2563；Sheet1:2589；Sheet1:2590；Sheet1:2591；Sheet1:2592；Sheet1:2593；Sheet1:2594；Sheet1:2595,根；条,螺纹/规格: 36*2；层数: 2层；长度: 12米 || 螺纹/规格: 36*2；层数: 2层；长度: 17.7米 || 螺纹/规格: 36*2；层数: 2层；长度: 5.2米 || 螺纹/规格: 36*2；层数: 2层；长度: 7.9米 || 螺纹/规格: 36*2；层数: 2层；长度: 15.9米 || 螺纹/规格: 36*2；层数: 2层；长度: 2.3米 || 螺纹/规格: 36*2；层数: 2层；长度: 3.4米 || 螺纹/规格: 36*2；层数: 2层；长度: 3.9米 || 螺纹/规格: 36*2；层数: 2层；长度: 1.1米 || 螺纹/规格: 36*2；层数: 2层；长度: 7.5米 || 螺纹/规格: 36*2；层数: 2层；长度: 1米 || 螺纹/规格: 36*2；层数: 2层；长度: 1.3米 || 螺纹/规格: 36*2；层数: 2层；长度: 5.9米 || 螺纹/规格: 36*2；层数: 2层；长度: 3.3米 || 螺纹/规格: 36*2；层数: 2层；长度: 8.3米 || 螺纹/规格: 36*2；层数: 2层；长度: 4.2米 || 螺纹/规格: 36*2；层数: 2层；长度: 1.2米 || 螺纹/规格: 36*2；层数: 2层；长度: 7.3米 || 规格: 36*2H；层数: 2层；长度: 3米 || 规格: 36*2H；层数: 2层；长度: 2米 || 螺纹/规格: 36*2；层数: 2层；长度: 2.5米 || 螺纹/规格: 36*2；层数: 2层；长度: 10米 || 螺纹/规格: 36*2；层数: 2层；长度: 11米 || 螺纹/规格: 36*2；层数: 2层；长度: 15米 || 螺纹: M20*1.5；层数: 2层；长度: 1米 || 螺纹: M20*1.5；层数: 2层；长度: 0.5米 || 规格: 36*2H；层数: 2层；长度: 2.5米 || 规格: 36*2H；层数: 2层；长度: 1米 || 规格: 36*2H；层数: 2层；长度: 3.4米 || 规格: 36*2H；层数: 2层；长度: 12米 || 规格: 36*2H；层数: 2层；长度: 10米 || 规格: 36*2H；层数: 2层；长度: 11米 || 规格: 36*2H；层数: 2层；长度: 14米,同一标准名称和规范分组下存在多个规格签名；已保守拆开，需人工确认是否为不同物料。,逐项确认是否为不同规格物料；若规格足够明确则保留拆分，若其实同物料则补充等价规则后再合并。
ISSUE-00279,specs_conflict,medium,超高压接头,液压气动/液压管路/高压胶管,REVIEW-MAT-01516；REVIEW-MAT-01517,REVIEW-MAT-01516；REVIEW-MAT-01517,Sheet1:2423；Sheet1:2424,套,品牌: 日东；系列/规格: 38S；等级: 超高压 || 品牌: 日东；系列/规格: 42L；等级: 超高压,同一标准名称和规范分组下存在多个规格签名；已保守拆开，需人工确认是否为不同物料。,逐项确认是否为不同规格物料；若规格足够明确则保留拆分，若其实同物料则补充等价规则后再合并。
ISSUE-00280,specs_conflict,medium,铜头铝套组件,液压气动/液压管路/高压胶管,REVIEW-MAT-00932；REVIEW-MAT-01046,REVIEW-MAT-00932；REVIEW-MAT-01046,Sheet1:1627；Sheet1:1782,个,规格: 80；组成: 铜头、铝扣；特征: 加厚 || 规格: 50；组成: 铜头、铝扣,同一标准名称和规范分组下存在多个规格签名；已保守拆开，需人工确认是否为不同物料。,逐项确认是否为不同规格物料；若规格足够明确则保留拆分，若其实同物料则补充等价规则后再合并。
ISSUE-00281,low_precision_conflict,medium,铜头铝套组件,液压气动/液压管路/高压胶管,REVIEW-MAT-00932；REVIEW-MAT-01046,REVIEW-MAT-00932；REVIEW-MAT-01046,Sheet1:1627；Sheet1:1782,个,规格: 80；组成: 铜头、铝扣；特征: 加厚 || 规格: 50；组成: 铜头、铝扣,低精度/缺规格项与高精度项同时存在；低精度项已保留 needs_human_review。,补齐规格、品牌、型号、包装或执行标准后再进入可导入池。
ISSUE-00282,specs_conflict,medium,高压堵头,液压气动/液压管路/高压胶管,REVIEW-MAT-00912；REVIEW-MAT-00913；REVIEW-MAT-00914；REVIEW-MAT-00915；REVIEW-MAT-00916,REVIEW-MAT-00912；REVIEW-MAT-00913；REVIEW-MAT-00914；REVIEW-MAT-00915；REVIEW-MAT-00916,Sheet1:1601；Sheet1:1602；Sheet1:1603；Sheet1:1604；Sheet1:1605,个,规格: 1/2英寸；类型: 堵头 || 规格: 3/4英寸；类型: 堵头 || 规格: 1英寸；类型: 堵头 || 规格: 1.5寸；类型: 堵头 || 规格: 2寸；类型: 堵头,同一标准名称和规范分组下存在多个规格签名；已保守拆开，需人工确认是否为不同物料。,逐项确认是否为不同规格物料；若规格足够明确则保留拆分，若其实同物料则补充等价规则后再合并。
ISSUE-00283,specs_conflict,medium,高压外丝堵头,液压气动/液压管路/高压胶管,REVIEW-MAT-01426；REVIEW-MAT-01453,REVIEW-MAT-01426；REVIEW-MAT-01453,Sheet1:2317；Sheet1:2353,个,规格: 25；连接: 外丝；类型: 堵头 || 螺纹: M36*2；连接: 外丝；类型: 堵头,同一标准名称和规范分组下存在多个规格签名；已保守拆开，需人工确认是否为不同物料。,逐项确认是否为不同规格物料；若规格足够明确则保留拆分，若其实同物料则补充等价规则后再合并。
ISSUE-00284,specs_conflict,medium,高压对丝接头,液压气动/液压管路/高压胶管,REVIEW-MAT-01499；REVIEW-MAT-01500；REVIEW-MAT-01501；REVIEW-MAT-01502；REVIEW-MAT-01503,REVIEW-MAT-01499；REVIEW-MAT-01500；REVIEW-MAT-01501；REVIEW-MAT-01502；REVIEW-MAT-01503,Sheet1:2403；Sheet1:2404；Sheet1:2405；Sheet1:2406；Sheet1:2407,只,螺纹: 20*1.5；类型: 对丝 || 螺纹: 24*1.5；类型: 对丝 || 螺纹: 30*2；类型: 对丝 || 螺纹: 36*2；类型: 对丝 || 螺纹: 52*2；类型: 对丝,同一标准名称和规范分组下存在多个规格签名；已保守拆开，需人工确认是否为不同物料。,逐项确认是否为不同规格物料；若规格足够明确则保留拆分，若其实同物料则补充等价规则后再合并。
ISSUE-00285,specs_conflict,medium,高压弯头,液压气动/液压管路/高压胶管,REVIEW-MAT-00857；REVIEW-MAT-01081；REVIEW-MAT-02074,REVIEW-MAT-00857；REVIEW-MAT-01081；REVIEW-MAT-02074,Sheet1:1523；Sheet1:1832；Sheet1:3249,个；只,型号/规格: 36*2S；类型: 弯头 || 规格: 52；类型: 弯头 || 螺纹/规格: 36*2；结构: 双H；类型: 弯头,同一标准名称和规范分组下存在多个规格签名；已保守拆开，需人工确认是否为不同物料。,逐项确认是否为不同规格物料；若规格足够明确则保留拆分，若其实同物料则补充等价规则后再合并。
ISSUE-00286,specs_conflict,medium,高压接头,液压气动/液压管路/高压胶管,REVIEW-MAT-00854；REVIEW-MAT-00855；REVIEW-MAT-00856；REVIEW-MAT-01407,REVIEW-MAT-00854；REVIEW-MAT-00855；REVIEW-MAT-00856；REVIEW-MAT-01407,Sheet1:1520；Sheet1:1521；Sheet1:1522；Sheet1:2292,个,型号/规格: 36/25S || 型号/规格: 33/25S || 型号/规格: 36/28S || 规格: 100；类型: 接头,同一标准名称和规范分组下存在多个规格签名；已保守拆开，需人工确认是否为不同物料。,逐项确认是否为不同规格物料；若规格足够明确则保留拆分，若其实同物料则补充等价规则后再合并。
ISSUE-00287,specs_conflict,medium,高压油管,液压气动/液压管路/高压胶管,REVIEW-MAT-00139；REVIEW-MAT-00157；REVIEW-MAT-00158；REVIEW-MAT-00816；REVIEW-MAT-00930；REVIEW-MAT-01180,REVIEW-MAT-00139；REVIEW-MAT-00157；REVIEW-MAT-00158；REVIEW-MAT-00816；REVIEW-MAT-00930；REVIEW-MAT-01180,Sheet1:1469；Sheet1:1501；Sheet1:1606；Sheet1:1625；Sheet1:1687；Sheet1:1713；Sheet1:1738；Sheet1:1965；Sheet1:244；Sheet1:277；Sheet1:279,条；米,规格: DN25*4；类型: 高压油管 || 规格: DN51；等级: 4SH || 规格: DN32；等级: 4SH || 公称直径: 50 || 公称直径: 80 || 规格: 76*4,同一标准名称和规范分组下存在多个规格签名；已保守拆开，需人工确认是否为不同物料。,逐项确认是否为不同规格物料；若规格足够明确则保留拆分，若其实同物料则补充等价规则后再合并。
ISSUE-00288,low_precision_conflict,medium,高压油管,液压气动/液压管路/高压胶管,REVIEW-MAT-00139；REVIEW-MAT-00157；REVIEW-MAT-00158；REVIEW-MAT-00816；REVIEW-MAT-00930；REVIEW-MAT-01180,REVIEW-MAT-00139；REVIEW-MAT-00157；REVIEW-MAT-00158；REVIEW-MAT-00816；REVIEW-MAT-00930；REVIEW-MAT-01180,Sheet1:1469；Sheet1:1501；Sheet1:1606；Sheet1:1625；Sheet1:1687；Sheet1:1713；Sheet1:1738；Sheet1:1965；Sheet1:244；Sheet1:277；Sheet1:279,条；米,规格: DN25*4；类型: 高压油管 || 规格: DN51；等级: 4SH || 规格: DN32；等级: 4SH || 公称直径: 50 || 公称直径: 80 || 规格: 76*4,低精度/缺规格项与高精度项同时存在；低精度项已保留 needs_human_review。,补齐规格、品牌、型号、包装或执行标准后再进入可导入池。
ISSUE-00289,specs_conflict,medium,高压胶管,液压气动/液压管路/高压胶管,REVIEW-MAT-01406；REVIEW-MAT-01447,REVIEW-MAT-01406；REVIEW-MAT-01447,Sheet1:2291；Sheet1:2343,米,规格: 100；材质: 胶管 || 规格: 50；结构等级: 4SH,同一标准名称和规范分组下存在多个规格签名；已保守拆开，需人工确认是否为不同物料。,逐项确认是否为不同规格物料；若规格足够明确则保留拆分，若其实同物料则补充等价规则后再合并。
ISSUE-00290,specs_conflict,medium,高压转换接头,液压气动/液压管路/高压胶管,REVIEW-MAT-01496；REVIEW-MAT-01497；REVIEW-MAT-01498,REVIEW-MAT-01496；REVIEW-MAT-01497；REVIEW-MAT-01498,Sheet1:2400；Sheet1:2401；Sheet1:2402,套,螺纹: 36*2；形式: 外丝转内丝 || 螺纹: 52*2；形式: 外丝转内丝 || 螺纹: 24*1.5/36*2；类型: 转换接头,同一标准名称和规范分组下存在多个规格签名；已保守拆开，需人工确认是否为不同物料。,逐项确认是否为不同规格物料；若规格足够明确则保留拆分，若其实同物料则补充等价规则后再合并。
ISSUE-00291,specs_conflict,medium,电焊钳,焊接焊割/其他/焊割工具,REVIEW-MAT-00271；REVIEW-MAT-00272；REVIEW-MAT-00494,REVIEW-MAT-00271；REVIEW-MAT-00272；REVIEW-MAT-00494,Sheet1:466；Sheet1:467；Sheet1:655；Sheet1:868,把；支,电流: 500A || 电流: 800A,同一标准名称和规范分组下存在多个规格签名；已保守拆开，需人工确认是否为不同物料。,逐项确认是否为不同规格物料；若规格足够明确则保留拆分，若其实同物料则补充等价规则后再合并。
ISSUE-00292,unit_conflict,high,电焊钳,焊接焊割/其他/焊割工具,REVIEW-MAT-00271；REVIEW-MAT-00494,REVIEW-MAT-00271；REVIEW-MAT-00494,Sheet1:466；Sheet1:868,把；支,电流: 500A,同一标准名称、规范分组和规格下存在非同义单位；未自动合并。,确认是否同一物料的不同计量单位；如是则补 UOM 换算/包装规格，如不是则拆成不同物料。
ISSUE-00293,low_precision_conflict,medium,电焊钳,焊接焊割/其他/焊割工具,REVIEW-MAT-00271；REVIEW-MAT-00272；REVIEW-MAT-00494,REVIEW-MAT-00271；REVIEW-MAT-00272；REVIEW-MAT-00494,Sheet1:466；Sheet1:467；Sheet1:655；Sheet1:868,把；支,电流: 500A || 电流: 800A,低精度/缺规格项与高精度项同时存在；低精度项已保留 needs_human_review。,补齐规格、品牌、型号、包装或执行标准后再进入可导入池。
ISSUE-00294,specs_conflict,medium,焊条,焊接焊割/其他/焊材,REVIEW-MAT-00346；REVIEW-MAT-00482；REVIEW-MAT-00483,REVIEW-MAT-00346；REVIEW-MAT-00482；REVIEW-MAT-00483,Sheet1:594；Sheet1:634；Sheet1:837；Sheet1:838；Sheet1:959；Sheet1:960,件,直径: 3.2 || 直径: 5.0 || 直径: 4.0,同一标准名称和规范分组下存在多个规格签名；已保守拆开，需人工确认是否为不同物料。,逐项确认是否为不同规格物料；若规格足够明确则保留拆分，若其实同物料则补充等价规则后再合并。
ISSUE-00295,specs_conflict,medium,二保焊机分流器,焊接焊割/其他/焊枪配件,REVIEW-MAT-02183；REVIEW-MAT-02184,REVIEW-MAT-02183；REVIEW-MAT-02184,Sheet1:3397；Sheet1:3398,只,适配: 500型二保焊机；部件: 分流器；材质/类型: 陶瓷型 || 适配: 350型二保焊机；部件: 分流器；材质/类型: 陶瓷型,同一标准名称和规范分组下存在多个规格签名；已保守拆开，需人工确认是否为不同物料。,逐项确认是否为不同规格物料；若规格足够明确则保留拆分，若其实同物料则补充等价规则后再合并。
ISSUE-00296,specs_conflict,medium,焊条,焊接焊割/焊割耗材/割嘴焊嘴,REVIEW-MAT-01268；REVIEW-MAT-01269；REVIEW-MAT-01334,REVIEW-MAT-01268；REVIEW-MAT-01269；REVIEW-MAT-01334,Sheet1:2085；Sheet1:2086；Sheet1:2181,件,直径: 2.5mm；包装重量: 20kg || 直径: 3.2mm；包装重量: 20kg || 直径: 3.2mm,同一标准名称和规范分组下存在多个规格签名；已保守拆开，需人工确认是否为不同物料。,逐项确认是否为不同规格物料；若规格足够明确则保留拆分，若其实同物料则补充等价规则后再合并。
ISSUE-00297,specs_conflict,medium,电焊钳,焊接焊割/焊割耗材/割嘴焊嘴,REVIEW-MAT-01295；REVIEW-MAT-01296,REVIEW-MAT-01295；REVIEW-MAT-01296,Sheet1:2121；Sheet1:2122,把,额定电流: 500A || 额定电流: 800A,同一标准名称和规范分组下存在多个规格签名；已保守拆开，需人工确认是否为不同物料。,逐项确认是否为不同规格物料；若规格足够明确则保留拆分，若其实同物料则补充等价规则后再合并。
ISSUE-00298,specs_conflict,medium,乙炔减压表,焊接焊割/焊割设备工具/焊机割炬,REVIEW-MAT-01764；REVIEW-MAT-01966,REVIEW-MAT-01764；REVIEW-MAT-01966,Sheet1:2808；Sheet1:3113,只,介质: 乙炔；类型: 表/减压表 || 介质: 乙炔；类型: 减压表,同一标准名称和规范分组下存在多个规格签名；已保守拆开，需人工确认是否为不同物料。,逐项确认是否为不同规格物料；若规格足够明确则保留拆分，若其实同物料则补充等价规则后再合并。
ISSUE-00299,specs_conflict,medium,乙炔瓶手推车,焊接焊割/焊割设备工具/焊机割炬,REVIEW-MAT-01142；REVIEW-MAT-01208；REVIEW-MAT-01260；REVIEW-MAT-01263,REVIEW-MAT-01142；REVIEW-MAT-01208；REVIEW-MAT-01260；REVIEW-MAT-01263,Sheet1:1917；Sheet1:2004；Sheet1:2076；Sheet1:2079,个；台,适用气体: 乙炔；类型: 手推车 || 适用气体: 乙炔；特征: 加厚 || 适用气体: 乙炔；轮型: 大充气轮 || 适用气体: 乙炔；轮胎: 43cm,同一标准名称和规范分组下存在多个规格签名；已保守拆开，需人工确认是否为不同物料。,逐项确认是否为不同规格物料；若规格足够明确则保留拆分，若其实同物料则补充等价规则后再合并。
ISSUE-00300,specs_conflict,medium,氧气瓶手推车,焊接焊割/焊割设备工具/焊机割炬,REVIEW-MAT-01141；REVIEW-MAT-01207；REVIEW-MAT-01259；REVIEW-MAT-01262,REVIEW-MAT-01141；REVIEW-MAT-01207；REVIEW-MAT-01259；REVIEW-MAT-01262,Sheet1:1916；Sheet1:2003；Sheet1:2075；Sheet1:2078,个；台,适用气体: 氧气；类型: 手推车 || 适用气体: 氧气；特征: 加厚 || 适用气体: 氧气；轮型: 大充气轮 || 适用气体: 氧气；轮胎: 43cm,同一标准名称和规范分组下存在多个规格签名；已保守拆开，需人工确认是否为不同物料。,逐项确认是否为不同规格物料；若规格足够明确则保留拆分，若其实同物料则补充等价规则后再合并。
ISSUE-00301,specs_conflict,medium,焊条,焊接焊割/焊接耗材/焊条焊丝,REVIEW-MAT-00202；REVIEW-MAT-01938；REVIEW-MAT-01939,REVIEW-MAT-00202；REVIEW-MAT-01938；REVIEW-MAT-01939,Sheet1:3075；Sheet1:3076；Sheet1:361,件；箱,型号: 507；直径: 3.2 || 品牌: 大西洋；牌号: 422；直径: 2.5 || 品牌: 大西洋；牌号: 422；直径: 3.2,同一标准名称和规范分组下存在多个规格签名；已保守拆开，需人工确认是否为不同物料。,逐项确认是否为不同规格物料；若规格足够明确则保留拆分，若其实同物料则补充等价规则后再合并。
ISSUE-00302,specs_conflict,medium,尼龙扎带,生产辅料/其他/扎带,REVIEW-MAT-02328；REVIEW-MAT-02329；REVIEW-MAT-02345,REVIEW-MAT-02328；REVIEW-MAT-02329；REVIEW-MAT-02345,Sheet1:3616；Sheet1:3617；Sheet1:3642,包,规格: 10*500 || 规格: 10*400 || 材质: 尼龙；规格: 10*500,同一标准名称和规范分组下存在多个规格签名；已保守拆开，需人工确认是否为不同物料。,逐项确认是否为不同规格物料；若规格足够明确则保留拆分，若其实同物料则补充等价规则后再合并。
ISSUE-00303,specs_conflict,medium,漏电保护器,电气与自动化/低压电器/低压电器,REVIEW-MAT-00076；REVIEW-MAT-00208；REVIEW-MAT-00209；REVIEW-MAT-00536,REVIEW-MAT-00076；REVIEW-MAT-00208；REVIEW-MAT-00209；REVIEW-MAT-00536,Sheet1:120；Sheet1:370；Sheet1:371；Sheet1:957,个,品牌: 施耐德；极数: 2P；电流: 63A || 品牌: 德力西；电流: 400A；极数: 4P || 品牌: 德力西；电流: 250A；极数: 4P || 电流: 40A；类型: 漏电保护,同一标准名称和规范分组下存在多个规格签名；已保守拆开，需人工确认是否为不同物料。,逐项确认是否为不同规格物料；若规格足够明确则保留拆分，若其实同物料则补充等价规则后再合并。
ISSUE-00304,low_precision_conflict,medium,漏电保护器,电气与自动化/低压电器/低压电器,REVIEW-MAT-00076；REVIEW-MAT-00208；REVIEW-MAT-00209；REVIEW-MAT-00536,REVIEW-MAT-00076；REVIEW-MAT-00208；REVIEW-MAT-00209；REVIEW-MAT-00536,Sheet1:120；Sheet1:370；Sheet1:371；Sheet1:957,个,品牌: 施耐德；极数: 2P；电流: 63A || 品牌: 德力西；电流: 400A；极数: 4P || 品牌: 德力西；电流: 250A；极数: 4P || 电流: 40A；类型: 漏电保护,低精度/缺规格项与高精度项同时存在；低精度项已保留 needs_human_review。,补齐规格、品牌、型号、包装或执行标准后再进入可导入池。
ISSUE-00305,specs_conflict,medium,漏电断路器,电气与自动化/低压电器/低压电器,REVIEW-MAT-00002；REVIEW-MAT-00384；REVIEW-MAT-00581；REVIEW-MAT-00656；REVIEW-MAT-00711；REVIEW-MAT-00922,REVIEW-MAT-00002；REVIEW-MAT-00384；REVIEW-MAT-00581；REVIEW-MAT-00656；REVIEW-MAT-00711；REVIEW-MAT-00922,Sheet1:1066；Sheet1:1196；Sheet1:1225；Sheet1:1297；Sheet1:1306；Sheet1:1377；Sheet1:1614；Sheet1:1641；Sheet1:4；Sheet1:671,个,品牌: 施耐德；极数: 4P；电流: 250A；类型: 漏电二合一 || 品牌: 施耐德；极数: 2P；电流: C40A || 品牌: 施耐德；电流: 400A || 品牌: 施耐德；极数: 2P；电流: 63A || 品牌: 施耐德；极数: 3P；电流: 250A || 品牌: 施耐德；极数: 2P；额定电流: 40A,同一标准名称和规范分组下存在多个规格签名；已保守拆开，需人工确认是否为不同物料。,逐项确认是否为不同规格物料；若规格足够明确则保留拆分，若其实同物料则补充等价规则后再合并。
ISSUE-00306,low_precision_conflict,medium,漏电断路器,电气与自动化/低压电器/低压电器,REVIEW-MAT-00002；REVIEW-MAT-00384；REVIEW-MAT-00581；REVIEW-MAT-00656；REVIEW-MAT-00711；REVIEW-MAT-00922,REVIEW-MAT-00002；REVIEW-MAT-00384；REVIEW-MAT-00581；REVIEW-MAT-00656；REVIEW-MAT-00711；REVIEW-MAT-00922,Sheet1:1066；Sheet1:1196；Sheet1:1225；Sheet1:1297；Sheet1:1306；Sheet1:1377；Sheet1:1614；Sheet1:1641；Sheet1:4；Sheet1:671,个,品牌: 施耐德；极数: 4P；电流: 250A；类型: 漏电二合一 || 品牌: 施耐德；极数: 2P；电流: C40A || 品牌: 施耐德；电流: 400A || 品牌: 施耐德；极数: 2P；电流: 63A || 品牌: 施耐德；极数: 3P；电流: 250A || 品牌: 施耐德；极数: 2P；额定电流: 40A,低精度/缺规格项与高精度项同时存在；低精度项已保留 needs_human_review。,补齐规格、品牌、型号、包装或执行标准后再进入可导入池。
ISSUE-00307,specs_conflict,medium,空气开关,电气与自动化/低压电器/低压电器,REVIEW-MAT-00077；REVIEW-MAT-00537,REVIEW-MAT-00077；REVIEW-MAT-00537,Sheet1:121；Sheet1:958,个,品牌: 施耐德；极数: 3P；电流: 63A || 电流: 16A,同一标准名称和规范分组下存在多个规格签名；已保守拆开，需人工确认是否为不同物料。,逐项确认是否为不同规格物料；若规格足够明确则保留拆分，若其实同物料则补充等价规则后再合并。
ISSUE-00308,low_precision_conflict,medium,空气开关,电气与自动化/低压电器/低压电器,REVIEW-MAT-00077；REVIEW-MAT-00537,REVIEW-MAT-00077；REVIEW-MAT-00537,Sheet1:121；Sheet1:958,个,品牌: 施耐德；极数: 3P；电流: 63A || 电流: 16A,低精度/缺规格项与高精度项同时存在；低精度项已保留 needs_human_review。,补齐规格、品牌、型号、包装或执行标准后再进入可导入池。
ISSUE-00309,specs_conflict,medium,一位开关,电气与自动化/低压电器/开关按钮,REVIEW-MAT-00014；REVIEW-MAT-00382；REVIEW-MAT-00620,REVIEW-MAT-00014；REVIEW-MAT-00382；REVIEW-MAT-00620,Sheet1:1136；Sheet1:20；Sheet1:667,个；套,品牌: 公牛；位数: 1位 || 位数: 1位；含底座: 是,同一标准名称和规范分组下存在多个规格签名；已保守拆开，需人工确认是否为不同物料。,逐项确认是否为不同规格物料；若规格足够明确则保留拆分，若其实同物料则补充等价规则后再合并。
ISSUE-00310,unit_conflict,high,一位开关,电气与自动化/低压电器/开关按钮,REVIEW-MAT-00014；REVIEW-MAT-00620,REVIEW-MAT-00014；REVIEW-MAT-00620,Sheet1:1136；Sheet1:20,个；套,品牌: 公牛；位数: 1位,同一标准名称、规范分组和规格下存在非同义单位；未自动合并。,确认是否同一物料的不同计量单位；如是则补 UOM 换算/包装规格，如不是则拆成不同物料。
ISSUE-00311,low_precision_conflict,medium,一位开关,电气与自动化/低压电器/开关按钮,REVIEW-MAT-00014；REVIEW-MAT-00382；REVIEW-MAT-00620,REVIEW-MAT-00014；REVIEW-MAT-00382；REVIEW-MAT-00620,Sheet1:1136；Sheet1:20；Sheet1:667,个；套,品牌: 公牛；位数: 1位 || 位数: 1位；含底座: 是,低精度/缺规格项与高精度项同时存在；低精度项已保留 needs_human_review。,补齐规格、品牌、型号、包装或执行标准后再进入可导入池。
ISSUE-00312,specs_conflict,medium,二位开关,电气与自动化/低压电器/开关按钮,REVIEW-MAT-00015；REVIEW-MAT-01302,REVIEW-MAT-00015；REVIEW-MAT-01302,Sheet1:21；Sheet1:2136,个,品牌: 公牛；位数: 2位 || 位数: 二位,同一标准名称和规范分组下存在多个规格签名；已保守拆开，需人工确认是否为不同物料。,逐项确认是否为不同规格物料；若规格足够明确则保留拆分，若其实同物料则补充等价规则后再合并。
ISSUE-00313,low_precision_conflict,medium,二位开关,电气与自动化/低压电器/开关按钮,REVIEW-MAT-00015；REVIEW-MAT-01302,REVIEW-MAT-00015；REVIEW-MAT-01302,Sheet1:21；Sheet1:2136,个,品牌: 公牛；位数: 2位 || 位数: 二位,低精度/缺规格项与高精度项同时存在；低精度项已保留 needs_human_review。,补齐规格、品牌、型号、包装或执行标准后再进入可导入池。
ISSUE-00314,specs_conflict,medium,交流接触器,电气与自动化/其他/低压电器,REVIEW-MAT-01819；REVIEW-MAT-02038,REVIEW-MAT-01819；REVIEW-MAT-02038,Sheet1:2903；Sheet1:3202,只,品牌: 施耐德；系列: CJX2；线圈电压: 220V || 品牌: 人民；系列/型号: CJX2-1810,同一标准名称和规范分组下存在多个规格签名；已保守拆开，需人工确认是否为不同物料。,逐项确认是否为不同规格物料；若规格足够明确则保留拆分，若其实同物料则补充等价规则后再合并。
ISSUE-00315,specs_conflict,medium,双电源转换器,电气与自动化/其他/低压电器,REVIEW-MAT-01857；REVIEW-MAT-01860,REVIEW-MAT-01857；REVIEW-MAT-01860,Sheet1:2956；Sheet1:2962,只,电压: 220V；极数: 2P；电流: 20A || 电压: 24V,同一标准名称和规范分组下存在多个规格签名；已保守拆开，需人工确认是否为不同物料。,逐项确认是否为不同规格物料；若规格足够明确则保留拆分，若其实同物料则补充等价规则后再合并。
ISSUE-00316,specs_conflict,medium,断路器,电气与自动化/其他/低压电器,REVIEW-MAT-01492；REVIEW-MAT-01829,REVIEW-MAT-01492；REVIEW-MAT-01829,Sheet1:2396；Sheet1:2917,套；只,品牌: 施耐德；额定电流: 250A；极数: 3P || 品牌: 德力西；极数: 2P；额定电流: 10A,同一标准名称和规范分组下存在多个规格签名；已保守拆开，需人工确认是否为不同物料。,逐项确认是否为不同规格物料；若规格足够明确则保留拆分，若其实同物料则补充等价规则后再合并。
ISSUE-00317,specs_conflict,medium,时控开关,电气与自动化/其他/低压电器,REVIEW-MAT-01818；REVIEW-MAT-02034,REVIEW-MAT-01818；REVIEW-MAT-02034,Sheet1:2902；Sheet1:3195,只,品牌: 德力西；类型: 时控开关 || 品牌: 施耐德；电压: 220V；额定电流: 10A,同一标准名称和规范分组下存在多个规格签名；已保守拆开，需人工确认是否为不同物料。,逐项确认是否为不同规格物料；若规格足够明确则保留拆分，若其实同物料则补充等价规则后再合并。
ISSUE-00318,specs_conflict,medium,漏电保护器,电气与自动化/其他/低压电器,REVIEW-MAT-01816；REVIEW-MAT-01817；REVIEW-MAT-01828；REVIEW-MAT-01861,REVIEW-MAT-01816；REVIEW-MAT-01817；REVIEW-MAT-01828；REVIEW-MAT-01861,Sheet1:2900；Sheet1:2901；Sheet1:2916；Sheet1:2964,只,品牌: 德力西；极数: 4P；额定电流: 63A || 品牌: 德力西；极数: 2P；额定电流: 16A || 品牌: 德力西；极数: 2P；额定电流: 25A || 品牌: 德力西；极数: 2P；额定电流: 20A,同一标准名称和规范分组下存在多个规格签名；已保守拆开，需人工确认是否为不同物料。,逐项确认是否为不同规格物料；若规格足够明确则保留拆分，若其实同物料则补充等价规则后再合并。
ISSUE-00319,unit_conflict,high,一体式触摸屏,电气与自动化/其他/工控配件,REVIEW-MAT-01233；REVIEW-MAT-01280,REVIEW-MAT-01233；REVIEW-MAT-01280,Sheet1:2043；Sheet1:2100,台；套,型号: TPC1570；结构: 一体式,同一标准名称、规范分组和规格下存在非同义单位；未自动合并。,确认是否同一物料的不同计量单位；如是则补 UOM 换算/包装规格，如不是则拆成不同物料。
ISSUE-00320,low_precision_conflict,medium,一体式触摸屏,电气与自动化/其他/工控配件,REVIEW-MAT-01233；REVIEW-MAT-01280,REVIEW-MAT-01233；REVIEW-MAT-01280,Sheet1:2043；Sheet1:2100,台；套,型号: TPC1570；结构: 一体式,低精度/缺规格项与高精度项同时存在；低精度项已保留 needs_human_review。,补齐规格、品牌、型号、包装或执行标准后再进入可导入池。
ISSUE-00321,specs_conflict,medium,尼龙扎带,电气与自动化/其他/扎带,REVIEW-MAT-00953；REVIEW-MAT-01234；REVIEW-MAT-01235；REVIEW-MAT-01236；REVIEW-MAT-01754；REVIEW-MAT-01793；REVIEW-MAT-02022,REVIEW-MAT-00953；REVIEW-MAT-01234；REVIEW-MAT-01235；REVIEW-MAT-01236；REVIEW-MAT-01754；REVIEW-MAT-01793；REVIEW-MAT-02022,Sheet1:1657；Sheet1:2044；Sheet1:2045；Sheet1:2046；Sheet1:2792；Sheet1:2861；Sheet1:2862；Sheet1:2925；Sheet1:3181；Sheet1:3182；Sheet1:3220,包,规格: 10*500；包装: 大包 || 规格: 10*50cm；材质: 尼龙 || 规格: 10*40cm；材质: 尼龙 || 规格: 10*30cm；材质: 尼龙 || 规格: 10*500 || 规格: 10*400 || 规格: 8*300,同一标准名称和规范分组下存在多个规格签名；已保守拆开，需人工确认是否为不同物料。,逐项确认是否为不同规格物料；若规格足够明确则保留拆分，若其实同物料则补充等价规则后再合并。
ISSUE-00322,specs_conflict,medium,扎带,电气与自动化/其他/扎带,REVIEW-MAT-00375；REVIEW-MAT-00376；REVIEW-MAT-00492；REVIEW-MAT-01398,REVIEW-MAT-00375；REVIEW-MAT-00376；REVIEW-MAT-00492；REVIEW-MAT-01398,Sheet1:2278；Sheet1:2281；Sheet1:653；Sheet1:654；Sheet1:863,包；个,规格: 10*400 || 规格: 10*500 || 规格: 10*50；包装: 200根/包 || 规格: 8*300,同一标准名称和规范分组下存在多个规格签名；已保守拆开，需人工确认是否为不同物料。,逐项确认是否为不同规格物料；若规格足够明确则保留拆分，若其实同物料则补充等价规则后再合并。
ISSUE-00323,specs_conflict,medium,排气扇,电气与自动化/其他/通风设备,REVIEW-MAT-00075；REVIEW-MAT-00724,REVIEW-MAT-00075；REVIEW-MAT-00724,Sheet1:119；Sheet1:1335,台,规格: 50*50 || 型号: FAD40-400,同一标准名称和规范分组下存在多个规格签名；已保守拆开，需人工确认是否为不同物料。,逐项确认是否为不同规格物料；若规格足够明确则保留拆分，若其实同物料则补充等价规则后再合并。
ISSUE-00324,low_precision_conflict,medium,排气扇,电气与自动化/其他/通风设备,REVIEW-MAT-00075；REVIEW-MAT-00724,REVIEW-MAT-00075；REVIEW-MAT-00724,Sheet1:119；Sheet1:1335,台,规格: 50*50 || 型号: FAD40-400,低精度/缺规格项与高精度项同时存在；低精度项已保留 needs_human_review。,补齐规格、品牌、型号、包装或执行标准后再进入可导入池。
ISSUE-00325,specs_conflict,medium,排风扇,电气与自动化/其他/通风设备,REVIEW-MAT-00183；REVIEW-MAT-00450,REVIEW-MAT-00183；REVIEW-MAT-00450,Sheet1:329；Sheet1:776,个,规格: 50*50 || 规格: 10寸,同一标准名称和规范分组下存在多个规格签名；已保守拆开，需人工确认是否为不同物料。,逐项确认是否为不同规格物料；若规格足够明确则保留拆分，若其实同物料则补充等价规则后再合并。
ISSUE-00326,low_precision_conflict,medium,排风扇,电气与自动化/其他/通风设备,REVIEW-MAT-00183；REVIEW-MAT-00450,REVIEW-MAT-00183；REVIEW-MAT-00450,Sheet1:329；Sheet1:776,个,规格: 50*50 || 规格: 10寸,低精度/缺规格项与高精度项同时存在；低精度项已保留 needs_human_review。,补齐规格、品牌、型号、包装或执行标准后再进入可导入池。
ISSUE-00327,specs_conflict,medium,电箱,电气与自动化/其他/配电箱,REVIEW-MAT-00011；REVIEW-MAT-00154,REVIEW-MAT-00011；REVIEW-MAT-00154,Sheet1:16；Sheet1:272,个,型号/规格: P230 || 规格: 250A,同一标准名称和规范分组下存在多个规格签名；已保守拆开，需人工确认是否为不同物料。,逐项确认是否为不同规格物料；若规格足够明确则保留拆分，若其实同物料则补充等价规则后再合并。
ISSUE-00328,low_precision_conflict,medium,电箱,电气与自动化/其他/配电箱,REVIEW-MAT-00011；REVIEW-MAT-00154,REVIEW-MAT-00011；REVIEW-MAT-00154,Sheet1:16；Sheet1:272,个,型号/规格: P230 || 规格: 250A,低精度/缺规格项与高精度项同时存在；低精度项已保留 needs_human_review。,补齐规格、品牌、型号、包装或执行标准后再进入可导入池。
ISSUE-00329,specs_conflict,medium,不锈钢户外箱,电气与自动化/其他/配电箱壳体,REVIEW-MAT-01815；REVIEW-MAT-01877,REVIEW-MAT-01815；REVIEW-MAT-01877,Sheet1:2899；Sheet1:2989,个；只,材质: 不锈钢；环境: 户外；尺寸: 500*600*200 || 材质: 不锈钢；环境: 户外；尺寸: 400*400*250,同一标准名称和规范分组下存在多个规格签名；已保守拆开，需人工确认是否为不同物料。,逐项确认是否为不同规格物料；若规格足够明确则保留拆分，若其实同物料则补充等价规则后再合并。
ISSUE-00330,specs_conflict,medium,冷压线鼻端子,电气与自动化/接线连接/接线端子,REVIEW-MAT-02039；REVIEW-MAT-02040；REVIEW-MAT-02041,REVIEW-MAT-02039；REVIEW-MAT-02040；REVIEW-MAT-02041,Sheet1:3203；Sheet1:3204；Sheet1:3205,包,类型: OT；规格: 2.5-4 || 类型: OT；规格: 4-6 || 类型: OT；规格: 6-8,同一标准名称和规范分组下存在多个规格签名；已保守拆开，需人工确认是否为不同物料。,逐项确认是否为不同规格物料；若规格足够明确则保留拆分，若其实同物料则补充等价规则后再合并。
ISSUE-00331,specs_conflict,medium,开口铜鼻子,电气与自动化/接线连接/接线端子,REVIEW-MAT-02054；REVIEW-MAT-02282；REVIEW-MAT-02283；REVIEW-MAT-02284,REVIEW-MAT-02054；REVIEW-MAT-02282；REVIEW-MAT-02283；REVIEW-MAT-02284,Sheet1:3222；Sheet1:3551；Sheet1:3552；Sheet1:3553,只,材质: 铜；类型: 开口铜鼻子；规格: 300A || 类型: 开口；材质: 铜；电流: 300A || 类型: 开口；材质: 铜；电流: 200A || 类型: 开口；材质: 铜；电流: 100A,同一标准名称和规范分组下存在多个规格签名；已保守拆开，需人工确认是否为不同物料。,逐项确认是否为不同规格物料；若规格足够明确则保留拆分，若其实同物料则补充等价规则后再合并。
ISSUE-00332,specs_conflict,medium,接线端子,电气与自动化/接线连接/接线端子,REVIEW-MAT-01310；REVIEW-MAT-01820；REVIEW-MAT-01843,REVIEW-MAT-01310；REVIEW-MAT-01820；REVIEW-MAT-01843,Sheet1:2147；Sheet1:2905；Sheet1:2920；Sheet1:2937,个；只,适配线径: 50mm2 || 型号: UK5N || 型号: UK5N；颜色: 黄绿色,同一标准名称和规范分组下存在多个规格签名；已保守拆开，需人工确认是否为不同物料。,逐项确认是否为不同规格物料；若规格足够明确则保留拆分，若其实同物料则补充等价规则后再合并。
ISSUE-00333,specs_conflict,medium,管型接线端子,电气与自动化/接线连接/接线端子,REVIEW-MAT-01899；REVIEW-MAT-01916,REVIEW-MAT-01899；REVIEW-MAT-01916,Sheet1:3020；Sheet1:3046,包,类型: 管型；适配线径: 2.5平方 || 类型: 管型；适配线径: 4平方,同一标准名称和规范分组下存在多个规格签名；已保守拆开，需人工确认是否为不同物料。,逐项确认是否为不同规格物料；若规格足够明确则保留拆分，若其实同物料则补充等价规则后再合并。
ISSUE-00334,specs_conflict,medium,铜接头,电气与自动化/接线连接/接线端子,REVIEW-MAT-02285；REVIEW-MAT-02286；REVIEW-MAT-02287；REVIEW-MAT-02288,REVIEW-MAT-02285；REVIEW-MAT-02286；REVIEW-MAT-02287；REVIEW-MAT-02288,Sheet1:3554；Sheet1:3555；Sheet1:3556；Sheet1:3557,只,材质: 铜；适配线径: 150平方 || 材质: 铜；适配线径: 120平方 || 材质: 铜；适配线径: 95平方 || 材质: 铜；适配线径: 70平方,同一标准名称和规范分组下存在多个规格签名；已保守拆开，需人工确认是否为不同物料。,逐项确认是否为不同规格物料；若规格足够明确则保留拆分，若其实同物料则补充等价规则后再合并。
ISSUE-00335,specs_conflict,medium,铜接线端子,电气与自动化/接线连接/接线端子,REVIEW-MAT-00670；REVIEW-MAT-00671；REVIEW-MAT-01806；REVIEW-MAT-02026,REVIEW-MAT-00670；REVIEW-MAT-00671；REVIEW-MAT-01806；REVIEW-MAT-02026,Sheet1:1232；Sheet1:1233；Sheet1:2880；Sheet1:3186,个；只,截面积: 4平方；材质: 铜 || 截面积: 6平方；材质: 铜 || 材质: 铜；规格: 100A；俗称: 铜鼻子 || 材质: 铜；适配线径: 185平方,同一标准名称和规范分组下存在多个规格签名；已保守拆开，需人工确认是否为不同物料。,逐项确认是否为不同规格物料；若规格足够明确则保留拆分，若其实同物料则补充等价规则后再合并。
ISSUE-00336,specs_conflict,medium,铜鼻子,电气与自动化/接线连接/接线端子,REVIEW-MAT-00092；REVIEW-MAT-00093,REVIEW-MAT-00092；REVIEW-MAT-00093,Sheet1:148；Sheet1:149,个,规格: 100A；材质: 铜 || 规格: 200A；材质: 铜,同一标准名称和规范分组下存在多个规格签名；已保守拆开，需人工确认是否为不同物料。,逐项确认是否为不同规格物料；若规格足够明确则保留拆分，若其实同物料则补充等价规则后再合并。
ISSUE-00337,specs_conflict,medium,三脚插头,电气与自动化/插头插座/插头插座,REVIEW-MAT-00252；REVIEW-MAT-01649；REVIEW-MAT-01964,REVIEW-MAT-00252；REVIEW-MAT-01649；REVIEW-MAT-01964,Sheet1:2653；Sheet1:3111；Sheet1:436,个；只,品牌: 公牛；电流: 10A；类型: 三插 || 品牌: 公牛；类型: 三插头 || 品牌: 公牛；极数: 三脚；电压: 220V；额定电流: 10A,同一标准名称和规范分组下存在多个规格签名；已保守拆开，需人工确认是否为不同物料。,逐项确认是否为不同规格物料；若规格足够明确则保留拆分，若其实同物料则补充等价规则后再合并。
ISSUE-00338,low_precision_conflict,medium,三脚插头,电气与自动化/插头插座/插头插座,REVIEW-MAT-00252；REVIEW-MAT-01649；REVIEW-MAT-01964,REVIEW-MAT-00252；REVIEW-MAT-01649；REVIEW-MAT-01964,Sheet1:2653；Sheet1:3111；Sheet1:436,个；只,品牌: 公牛；电流: 10A；类型: 三插 || 品牌: 公牛；类型: 三插头 || 品牌: 公牛；极数: 三脚；电压: 220V；额定电流: 10A,低精度/缺规格项与高精度项同时存在；低精度项已保留 needs_human_review。,补齐规格、品牌、型号、包装或执行标准后再进入可导入池。
ISSUE-00339,specs_conflict,medium,五孔插座,电气与自动化/插头插座/插头插座,REVIEW-MAT-00155；REVIEW-MAT-00327；REVIEW-MAT-00440；REVIEW-MAT-00621；REVIEW-MAT-01593,REVIEW-MAT-00155；REVIEW-MAT-00327；REVIEW-MAT-00440；REVIEW-MAT-00621；REVIEW-MAT-01593,Sheet1:1137；Sheet1:2573；Sheet1:273；Sheet1:561；Sheet1:762,个；套；只,类型: 五孔 || 类型: 五孔插座 || 品牌: 公牛；类型: 五孔插座 || 品牌: 公牛；类型: 五孔 || 品牌: 德力西；类型: 五孔插座,同一标准名称和规范分组下存在多个规格签名；已保守拆开，需人工确认是否为不同物料。,逐项确认是否为不同规格物料；若规格足够明确则保留拆分，若其实同物料则补充等价规则后再合并。
ISSUE-00340,low_precision_conflict,medium,五孔插座,电气与自动化/插头插座/插头插座,REVIEW-MAT-00155；REVIEW-MAT-00327；REVIEW-MAT-00440；REVIEW-MAT-00621；REVIEW-MAT-01593,REVIEW-MAT-00155；REVIEW-MAT-00327；REVIEW-MAT-00440；REVIEW-MAT-00621；REVIEW-MAT-01593,Sheet1:1137；Sheet1:2573；Sheet1:273；Sheet1:561；Sheet1:762,个；套；只,类型: 五孔 || 类型: 五孔插座 || 品牌: 公牛；类型: 五孔插座 || 品牌: 公牛；类型: 五孔 || 品牌: 德力西；类型: 五孔插座,低精度/缺规格项与高精度项同时存在；低精度项已保留 needs_human_review。,补齐规格、品牌、型号、包装或执行标准后再进入可导入池。
ISSUE-00341,specs_conflict,medium,五孔插座面板,电气与自动化/插头插座/插头插座,REVIEW-MAT-00342；REVIEW-MAT-01747,REVIEW-MAT-00342；REVIEW-MAT-01747,Sheet1:2784；Sheet1:582,个；只,类型: 五孔面板 || 品牌: 公牛；类型: 五孔插座面板,同一标准名称和规范分组下存在多个规格签名；已保守拆开，需人工确认是否为不同物料。,逐项确认是否为不同规格物料；若规格足够明确则保留拆分，若其实同物料则补充等价规则后再合并。
ISSUE-00342,specs_conflict,medium,工业插头,电气与自动化/插头插座/插头插座,REVIEW-MAT-00033；REVIEW-MAT-01124,REVIEW-MAT-00033；REVIEW-MAT-01124,Sheet1:1891；Sheet1:52,个,品牌: 公牛；电压: 380V；电流: 25A || 电流: 25A；电压: 380V,同一标准名称和规范分组下存在多个规格签名；已保守拆开，需人工确认是否为不同物料。,逐项确认是否为不同规格物料；若规格足够明确则保留拆分，若其实同物料则补充等价规则后再合并。
ISSUE-00343,specs_conflict,medium,快速插头,电气与自动化/插头插座/插头插座,REVIEW-MAT-00630；REVIEW-MAT-00632,REVIEW-MAT-00630；REVIEW-MAT-00632,Sheet1:1159；Sheet1:1161,个,电压: 220V；类型: 快速插头 || 电压: 380V；类型: 快速插头,同一标准名称和规范分组下存在多个规格签名；已保守拆开，需人工确认是否为不同物料。,逐项确认是否为不同规格物料；若规格足够明确则保留拆分，若其实同物料则补充等价规则后再合并。
ISSUE-00344,specs_conflict,medium,快速插座,电气与自动化/插头插座/插头插座,REVIEW-MAT-00631；REVIEW-MAT-00633,REVIEW-MAT-00631；REVIEW-MAT-00633,Sheet1:1160；Sheet1:1162,个,电压: 220V；类型: 快速插座 || 电压: 380V；类型: 快速插座,同一标准名称和规范分组下存在多个规格签名；已保守拆开，需人工确认是否为不同物料。,逐项确认是否为不同规格物料；若规格足够明确则保留拆分，若其实同物料则补充等价规则后再合并。
ISSUE-00345,specs_conflict,medium,拖线板,电气与自动化/插头插座/插头插座,REVIEW-MAT-01644；REVIEW-MAT-01651,REVIEW-MAT-01644；REVIEW-MAT-01651,Sheet1:2648；Sheet1:2655,只,品牌: 公牛；线长: 3m；插位: 6位 || 品牌: 公牛；线长: 6米,同一标准名称和规范分组下存在多个规格签名；已保守拆开，需人工确认是否为不同物料。,逐项确认是否为不同规格物料；若规格足够明确则保留拆分，若其实同物料则补充等价规则后再合并。
ISSUE-00346,specs_conflict,medium,插头,电气与自动化/插头插座/插头插座,REVIEW-MAT-00119；REVIEW-MAT-00239,REVIEW-MAT-00119；REVIEW-MAT-00239,Sheet1:199；Sheet1:419；Sheet1:672,个,品牌: 德力西；电流: 16A || 品牌: 公牛；电流: 10A,同一标准名称和规范分组下存在多个规格签名；已保守拆开，需人工确认是否为不同物料。,逐项确认是否为不同规格物料；若规格足够明确则保留拆分，若其实同物料则补充等价规则后再合并。
ISSUE-00347,specs_conflict,medium,插座,电气与自动化/插头插座/插头插座,REVIEW-MAT-00037；REVIEW-MAT-00451；REVIEW-MAT-00704；REVIEW-MAT-02036；REVIEW-MAT-02053,REVIEW-MAT-00037；REVIEW-MAT-00451；REVIEW-MAT-00704；REVIEW-MAT-02036；REVIEW-MAT-02053,Sheet1:1285；Sheet1:3197；Sheet1:3218；Sheet1:61；Sheet1:778,个；只,品牌: 公牛；电流: 16A || 品牌: 公牛；孔位: 8孔 || 电流: 16A || 型号: DKJ35-50；颜色: 黑色 || 型号: DKJ35-50；颜色: 红色,同一标准名称和规范分组下存在多个规格签名；已保守拆开，需人工确认是否为不同物料。,逐项确认是否为不同规格物料；若规格足够明确则保留拆分，若其实同物料则补充等价规则后再合并。
ISSUE-00348,low_precision_conflict,medium,插座,电气与自动化/插头插座/插头插座,REVIEW-MAT-00037；REVIEW-MAT-00451；REVIEW-MAT-00704；REVIEW-MAT-02036；REVIEW-MAT-02053,REVIEW-MAT-00037；REVIEW-MAT-00451；REVIEW-MAT-00704；REVIEW-MAT-02036；REVIEW-MAT-02053,Sheet1:1285；Sheet1:3197；Sheet1:3218；Sheet1:61；Sheet1:778,个；只,品牌: 公牛；电流: 16A || 品牌: 公牛；孔位: 8孔 || 电流: 16A || 型号: DKJ35-50；颜色: 黑色 || 型号: DKJ35-50；颜色: 红色,低精度/缺规格项与高精度项同时存在；低精度项已保留 needs_human_review。,补齐规格、品牌、型号、包装或执行标准后再进入可导入池。
ISSUE-00349,specs_conflict,medium,插线板,电气与自动化/插头插座/插头插座,REVIEW-MAT-01650；REVIEW-MAT-02024；REVIEW-MAT-02268,REVIEW-MAT-01650；REVIEW-MAT-02024；REVIEW-MAT-02268,Sheet1:2654；Sheet1:3184；Sheet1:3527,只；根,品牌: 公牛；插位: 6位；线长: 3米 || 品牌: 公牛；结构: 双排；线长: 3m || 品牌: 公牛；线长: 3m；结构: 双排,同一标准名称和规范分组下存在多个规格签名；已保守拆开，需人工确认是否为不同物料。,逐项确认是否为不同规格物料；若规格足够明确则保留拆分，若其实同物料则补充等价规则后再合并。
ISSUE-00350,unit_conflict,high,插线板,电气与自动化/插头插座/插头插座,REVIEW-MAT-02024；REVIEW-MAT-02268,REVIEW-MAT-02024；REVIEW-MAT-02268,Sheet1:3184；Sheet1:3527,只；根,品牌: 公牛；结构: 双排；线长: 3m || 品牌: 公牛；线长: 3m；结构: 双排,同一标准名称、规范分组和规格下存在非同义单位；未自动合并。,确认是否同一物料的不同计量单位；如是则补 UOM 换算/包装规格，如不是则拆成不同物料。
ISSUE-00351,specs_conflict,medium,LED灯泡,电气与自动化/照明与报警/灯具,REVIEW-MAT-00016；REVIEW-MAT-00201；REVIEW-MAT-00948；REVIEW-MAT-01250；REVIEW-MAT-01751；REVIEW-MAT-01752；REVIEW-MAT-02187,REVIEW-MAT-00016；REVIEW-MAT-00201；REVIEW-MAT-00948；REVIEW-MAT-01250；REVIEW-MAT-01751；REVIEW-MAT-01752；REVIEW-MAT-02187,Sheet1:1648；Sheet1:2063；Sheet1:2175；Sheet1:25；Sheet1:2789；Sheet1:2790；Sheet1:2886；Sheet1:3401；Sheet1:360,个；只,品牌: 公牛；功率: 40W || 品牌: 公牛；功率: 20W || 功率: 40W；类型: LED || 功率: 50W；类型: LED || 品牌: 飞利浦；功率: 40W || 品牌: 飞利浦；功率: 50W || 类型: LED；功率: 30W；接口: 螺口,同一标准名称和规范分组下存在多个规格签名；已保守拆开，需人工确认是否为不同物料。,逐项确认是否为不同规格物料；若规格足够明确则保留拆分，若其实同物料则补充等价规则后再合并。
ISSUE-00352,specs_conflict,medium,灯座,电气与自动化/照明与报警/灯具,REVIEW-MAT-01753；REVIEW-MAT-02095,REVIEW-MAT-01753；REVIEW-MAT-02095,Sheet1:2791；Sheet1:3276,只；个,类型: 灯座 || 规格: E27,同一标准名称和规范分组下存在多个规格签名；已保守拆开，需人工确认是否为不同物料。,逐项确认是否为不同规格物料；若规格足够明确则保留拆分，若其实同物料则补充等价规则后再合并。
ISSUE-00353,specs_conflict,medium,电池,电气与自动化/电源电池/电源电池,REVIEW-MAT-00176；REVIEW-MAT-00188；REVIEW-MAT-00655,REVIEW-MAT-00176；REVIEW-MAT-00188；REVIEW-MAT-00655,Sheet1:1195；Sheet1:310；Sheet1:337,个,电压: 9V || 规格: 5号 || 规格: 7号,同一标准名称和规范分组下存在多个规格签名；已保守拆开，需人工确认是否为不同物料。,逐项确认是否为不同规格物料；若规格足够明确则保留拆分，若其实同物料则补充等价规则后再合并。
ISSUE-00354,low_precision_conflict,medium,电池,电气与自动化/电源电池/电源电池,REVIEW-MAT-00176；REVIEW-MAT-00188；REVIEW-MAT-00655,REVIEW-MAT-00176；REVIEW-MAT-00188；REVIEW-MAT-00655,Sheet1:1195；Sheet1:310；Sheet1:337,个,电压: 9V || 规格: 5号 || 规格: 7号,低精度/缺规格项与高精度项同时存在；低精度项已保留 needs_human_review。,补齐规格、品牌、型号、包装或执行标准后再进入可导入池。
ISSUE-00355,specs_conflict,medium,BV电线,电气与自动化/电线电缆与敷设/电线电缆,REVIEW-MAT-00017；REVIEW-MAT-00018；REVIEW-MAT-00019；REVIEW-MAT-00120,REVIEW-MAT-00017；REVIEW-MAT-00018；REVIEW-MAT-00019；REVIEW-MAT-00120,Sheet1:204；Sheet1:26；Sheet1:27；Sheet1:28；Sheet1:663；Sheet1:668,米,品牌: 起帆；型号: BV；截面积: 2.5平方 || 品牌: 起帆；型号: BV；截面积: 10平方 || 品牌: 起帆；型号: BV；截面积: 25平方 || 型号: BV；截面积: 2.5平方,同一标准名称和规范分组下存在多个规格签名；已保守拆开，需人工确认是否为不同物料。,逐项确认是否为不同规格物料；若规格足够明确则保留拆分，若其实同物料则补充等价规则后再合并。
ISSUE-00356,low_precision_conflict,medium,BV电线,电气与自动化/电线电缆与敷设/电线电缆,REVIEW-MAT-00017；REVIEW-MAT-00018；REVIEW-MAT-00019；REVIEW-MAT-00120,REVIEW-MAT-00017；REVIEW-MAT-00018；REVIEW-MAT-00019；REVIEW-MAT-00120,Sheet1:204；Sheet1:26；Sheet1:27；Sheet1:28；Sheet1:663；Sheet1:668,米,品牌: 起帆；型号: BV；截面积: 2.5平方 || 品牌: 起帆；型号: BV；截面积: 10平方 || 品牌: 起帆；型号: BV；截面积: 25平方 || 型号: BV；截面积: 2.5平方,低精度/缺规格项与高精度项同时存在；低精度项已保留 needs_human_review。,补齐规格、品牌、型号、包装或执行标准后再进入可导入池。
ISSUE-00357,specs_conflict,medium,DT铜鼻子,电气与自动化/电线电缆与敷设/电线电缆,REVIEW-MAT-00780；REVIEW-MAT-00781；REVIEW-MAT-00782；REVIEW-MAT-00783,REVIEW-MAT-00780；REVIEW-MAT-00781；REVIEW-MAT-00782；REVIEW-MAT-00783,Sheet1:1426；Sheet1:1427；Sheet1:1428；Sheet1:1429,个,型号: DT；适配线径: 150mm2；材质: 铜 || 型号: DT；适配线径: 120mm2；材质: 铜 || 型号: DT；适配线径: 95mm2；材质: 铜 || 型号: DT；适配线径: 70mm2；材质: 铜,同一标准名称和规范分组下存在多个规格签名；已保守拆开，需人工确认是否为不同物料。,逐项确认是否为不同规格物料；若规格足够明确则保留拆分，若其实同物料则补充等价规则后再合并。
ISSUE-00358,specs_conflict,medium,OT铜端子,电气与自动化/电线电缆与敷设/电线电缆,REVIEW-MAT-00784；REVIEW-MAT-00785,REVIEW-MAT-00784；REVIEW-MAT-00785,Sheet1:1430；Sheet1:1431,个,型号: OT25-8；线径规格: 25mm2；孔径: 8mm；材质: 铜 || 型号: OT6-6；线径规格: 6mm2；孔径: 6mm；材质: 铜,同一标准名称和规范分组下存在多个规格签名；已保守拆开，需人工确认是否为不同物料。,逐项确认是否为不同规格物料；若规格足够明确则保留拆分，若其实同物料则补充等价规则后再合并。
ISSUE-00359,specs_conflict,medium,电焊线,电气与自动化/电线电缆与敷设/电线电缆,REVIEW-MAT-00273；REVIEW-MAT-00274,REVIEW-MAT-00273；REVIEW-MAT-00274,Sheet1:468；Sheet1:469,米,品牌: 起帆；截面积: 35平方 || 品牌: 起帆；截面积: 50平方,同一标准名称和规范分组下存在多个规格签名；已保守拆开，需人工确认是否为不同物料。,逐项确认是否为不同规格物料；若规格足够明确则保留拆分，若其实同物料则补充等价规则后再合并。
ISSUE-00360,specs_conflict,medium,电线,电气与自动化/电线电缆与敷设/电线电缆,REVIEW-MAT-00329；REVIEW-MAT-00660；REVIEW-MAT-00868；REVIEW-MAT-01330,REVIEW-MAT-00329；REVIEW-MAT-00660；REVIEW-MAT-00868；REVIEW-MAT-01330,Sheet1:1209；Sheet1:1535；Sheet1:1852；Sheet1:2169；Sheet1:563,米,品牌: 起帆；截面积: 4平方 || 品牌: 起帆；截面积: 1.5平方 || 品牌: 起帆；截面积: 16mm2 || 品牌: 起帆；截面积: 25mm2,同一标准名称和规范分组下存在多个规格签名；已保守拆开，需人工确认是否为不同物料。,逐项确认是否为不同规格物料；若规格足够明确则保留拆分，若其实同物料则补充等价规则后再合并。
ISSUE-00361,specs_conflict,medium,电缆,电气与自动化/电线电缆与敷设/电线电缆,REVIEW-MAT-00091；REVIEW-MAT-01700；REVIEW-MAT-01748；REVIEW-MAT-01956；REVIEW-MAT-01957；REVIEW-MAT-02150；REVIEW-MAT-02194；REVIEW-MAT-02247；REVIEW-MAT-02260,REVIEW-MAT-00091；REVIEW-MAT-01700；REVIEW-MAT-01748；REVIEW-MAT-01956；REVIEW-MAT-01957；REVIEW-MAT-02150；REVIEW-MAT-02194；REVIEW-MAT-02247；REVIEW-MAT-02260,Sheet1:147；Sheet1:2721；Sheet1:2785；Sheet1:3099；Sheet1:3101；Sheet1:3347；Sheet1:3415；Sheet1:3493；Sheet1:3515；Sheet1:3516,米,品牌: 起帆；规格: 3*6+1 || 品牌: 起帆；规格: 3*1.5+1 || 品牌: 起帆；规格: 4*2.5 || 品牌: 起帆；规格: 3*2.5 || 品牌: 起帆；规格: 3*6+2*2.5 || 规格: 4*4平方 || 品牌: 起帆；规格: 3*2.5+1*1.5 || 品牌: 起帆；规格: 3*4+1*2.5 || 品牌: 起帆；规格: 3*16+1*10,同一标准名称和规范分组下存在多个规格签名；已保守拆开，需人工确认是否为不同物料。,逐项确认是否为不同规格物料；若规格足够明确则保留拆分，若其实同物料则补充等价规则后再合并。
ISSUE-00362,specs_conflict,medium,电缆线,电气与自动化/电线电缆与敷设/电线电缆,REVIEW-MAT-00455；REVIEW-MAT-00456；REVIEW-MAT-00473；REVIEW-MAT-00703；REVIEW-MAT-00707；REVIEW-MAT-00884；REVIEW-MAT-01388,REVIEW-MAT-00455；REVIEW-MAT-00456；REVIEW-MAT-00473；REVIEW-MAT-00703；REVIEW-MAT-00707；REVIEW-MAT-00884；REVIEW-MAT-01388,Sheet1:1284；Sheet1:1295；Sheet1:1305；Sheet1:1556；Sheet1:2025；Sheet1:2026；Sheet1:2257；Sheet1:2258；Sheet1:785；Sheet1:786；Sheet1:790；Sheet1:827；Sheet1:828,米,品牌: 起帆；规格: 3*4+2*2.5 || 品牌: 起帆；规格: 3*1.5 || 品牌: 起帆；规格: 3*2.5 || 规格: 3*25 || 品牌: 起帆；规格: 3*6+1 || 芯数: 3；截面积: 1.5mm2 || 品牌: 起帆；规格: 3*6+2*4,同一标准名称和规范分组下存在多个规格签名；已保守拆开，需人工确认是否为不同物料。,逐项确认是否为不同规格物料；若规格足够明确则保留拆分，若其实同物料则补充等价规则后再合并。
ISSUE-00363,specs_conflict,medium,电缆防水接头,电气与自动化/电线电缆与敷设/电线电缆,REVIEW-MAT-00290；REVIEW-MAT-00291；REVIEW-MAT-00292,REVIEW-MAT-00290；REVIEW-MAT-00291；REVIEW-MAT-00292,Sheet1:494；Sheet1:495；Sheet1:496,个,规格: M50 || 规格: M40 || 规格: M32,同一标准名称和规范分组下存在多个规格签名；已保守拆开，需人工确认是否为不同物料。,逐项确认是否为不同规格物料；若规格足够明确则保留拆分，若其实同物料则补充等价规则后再合并。
ISSUE-00364,specs_conflict,medium,铜鼻子,电气与自动化/电线电缆与敷设/电线电缆,REVIEW-MAT-00609；REVIEW-MAT-00610,REVIEW-MAT-00609；REVIEW-MAT-00610,Sheet1:1110；Sheet1:1111,个,电流: 300A；材质: 铜 || 电流: 200A；材质: 铜,同一标准名称和规范分组下存在多个规格签名；已保守拆开，需人工确认是否为不同物料。,逐项确认是否为不同规格物料；若规格足够明确则保留拆分，若其实同物料则补充等价规则后再合并。
ISSUE-00365,specs_conflict,medium,电工胶布,电气与自动化/绝缘材料/热缩绝缘,REVIEW-MAT-00034；REVIEW-MAT-01121,REVIEW-MAT-00034；REVIEW-MAT-01121,Sheet1:1888；Sheet1:54,个；卷,品牌: 3M || 品牌: 3M；类型: 电工胶布,同一标准名称和规范分组下存在多个规格签名；已保守拆开，需人工确认是否为不同物料。,逐项确认是否为不同规格物料；若规格足够明确则保留拆分，若其实同物料则补充等价规则后再合并。
ISSUE-00366,specs_conflict,medium,焊接弯头,管道管件/其他/弯头,REVIEW-MAT-00834；REVIEW-MAT-00835；REVIEW-MAT-00836；REVIEW-MAT-00896；REVIEW-MAT-01170；REVIEW-MAT-01171,REVIEW-MAT-00834；REVIEW-MAT-00835；REVIEW-MAT-00836；REVIEW-MAT-00896；REVIEW-MAT-01170；REVIEW-MAT-01171,Sheet1:1491；Sheet1:1492；Sheet1:1493；Sheet1:1575；Sheet1:1954；Sheet1:1955,个,规格: 325；连接: 焊接 || 规格: 325；角度: 45度；连接: 焊接 || 规格: 89；连接: 焊接 || 规格: 168；连接: 焊接 || 规格: 89；壁厚: 10；连接: 焊接 || 规格: 168；壁厚: 10；连接: 焊接,同一标准名称和规范分组下存在多个规格签名；已保守拆开，需人工确认是否为不同物料。,逐项确认是否为不同规格物料；若规格足够明确则保留拆分，若其实同物料则补充等价规则后再合并。
ISSUE-00367,specs_conflict,medium,法兰,管道管件/其他/法兰,REVIEW-MAT-00837；REVIEW-MAT-00895；REVIEW-MAT-00933；REVIEW-MAT-01351；REVIEW-MAT-01352,REVIEW-MAT-00837；REVIEW-MAT-00895；REVIEW-MAT-00933；REVIEW-MAT-01351；REVIEW-MAT-01352,Sheet1:1494；Sheet1:1574；Sheet1:1628；Sheet1:2210；Sheet1:2211,个,规格: 325 || 规格: DN273 || 规格: DN89；压力等级: 16kg || 公称直径: DN50；压力等级: 16kg || 公称直径: DN65；压力等级: 16kg,同一标准名称和规范分组下存在多个规格签名；已保守拆开，需人工确认是否为不同物料。,逐项确认是否为不同规格物料；若规格足够明确则保留拆分，若其实同物料则补充等价规则后再合并。
ISSUE-00368,specs_conflict,medium,焊接变径接头,管道管件/其他/焊接管件,REVIEW-MAT-01985；REVIEW-MAT-01986；REVIEW-MAT-02249,REVIEW-MAT-01985；REVIEW-MAT-01986；REVIEW-MAT-02249,Sheet1:3136；Sheet1:3137；Sheet1:3496,只,连接: 焊接；规格: 150/2寸；类型: 变径接头 || 连接: 焊接；规格: 150/3寸；类型: 变径接头 || 连接: 焊接；规格: 325/159；类型: 变径接头,同一标准名称和规范分组下存在多个规格签名；已保守拆开，需人工确认是否为不同物料。,逐项确认是否为不同规格物料；若规格足够明确则保留拆分，若其实同物料则补充等价规则后再合并。
ISSUE-00369,specs_conflict,medium,焊接异径接头,管道管件/其他/焊接管件,REVIEW-MAT-00894；REVIEW-MAT-01148；REVIEW-MAT-01149,REVIEW-MAT-00894；REVIEW-MAT-01148；REVIEW-MAT-01149,Sheet1:1573；Sheet1:1926；Sheet1:1927,个,规格: 273*168；类型: 大小头；连接: 焊接 || 规格: 168*89；类型: 大小头；连接: 焊接 || 规格: 168*60；类型: 大小头；连接: 焊接,同一标准名称和规范分组下存在多个规格签名；已保守拆开，需人工确认是否为不同物料。,逐项确认是否为不同规格物料；若规格足够明确则保留拆分，若其实同物料则补充等价规则后再合并。
ISSUE-00370,specs_conflict,medium,钢丝软管,管道管件/其他/软管,REVIEW-MAT-00968；REVIEW-MAT-01092,REVIEW-MAT-00968；REVIEW-MAT-01092,Sheet1:1677；Sheet1:1847,米,公称直径: 25；结构: 钢丝增强 || 规格: 38；结构: 钢丝增强,同一标准名称和规范分组下存在多个规格签名；已保守拆开，需人工确认是否为不同物料。,逐项确认是否为不同规格物料；若规格足够明确则保留拆分，若其实同物料则补充等价规则后再合并。
ISSUE-00371,specs_conflict,medium,法兰软连接,管道管件/其他/软连接,REVIEW-MAT-01283；REVIEW-MAT-01284,REVIEW-MAT-01283；REVIEW-MAT-01284,Sheet1:2104；Sheet1:2105,个,规格: 65*40；连接: 法兰 || 规格: 65*50；连接: 法兰,同一标准名称和规范分组下存在多个规格签名；已保守拆开，需人工确认是否为不同物料。,逐项确认是否为不同规格物料；若规格足够明确则保留拆分，若其实同物料则补充等价规则后再合并。
ISSUE-00372,specs_conflict,medium,三通,管道管件/其他/金属管件,REVIEW-MAT-01557；REVIEW-MAT-01558；REVIEW-MAT-01565,REVIEW-MAT-01557；REVIEW-MAT-01558；REVIEW-MAT-01565,Sheet1:2525；Sheet1:2526；Sheet1:2533,只,公称通径: DN50；类型: 三通 || 公称通径: DN65；类型: 三通 || 公称通径: DN40；类型: 三通,同一标准名称和规范分组下存在多个规格签名；已保守拆开，需人工确认是否为不同物料。,逐项确认是否为不同规格物料；若规格足够明确则保留拆分，若其实同物料则补充等价规则后再合并。
ISSUE-00373,specs_conflict,medium,PPR三通,管道管件/塑料管件/PPR管件,REVIEW-MAT-01285；REVIEW-MAT-02147,REVIEW-MAT-01285；REVIEW-MAT-02147,Sheet1:2106；Sheet1:3341,个；只,品牌: 公元；规格: 63；材质: PPR；类型: 三通 || 品牌: 公元；材质: PPR；规格: 32；类型: 三通,同一标准名称和规范分组下存在多个规格签名；已保守拆开，需人工确认是否为不同物料。,逐项确认是否为不同规格物料；若规格足够明确则保留拆分，若其实同物料则补充等价规则后再合并。
ISSUE-00374,specs_conflict,medium,PPR堵头,管道管件/塑料管件/PPR管件,REVIEW-MAT-01710；REVIEW-MAT-01711,REVIEW-MAT-01710；REVIEW-MAT-01711,Sheet1:2733；Sheet1:2734,只,材质: PPR；规格: 4分；类型: 堵头 || 材质: PPR；规格: 6分；类型: 堵头,同一标准名称和规范分组下存在多个规格签名；已保守拆开，需人工确认是否为不同物料。,逐项确认是否为不同规格物料；若规格足够明确则保留拆分，若其实同物料则补充等价规则后再合并。
ISSUE-00375,specs_conflict,medium,PPR弯头,管道管件/塑料管件/PPR管件,REVIEW-MAT-01021；REVIEW-MAT-01287；REVIEW-MAT-02148,REVIEW-MAT-01021；REVIEW-MAT-01287；REVIEW-MAT-02148,Sheet1:1743；Sheet1:2108；Sheet1:3342,个；只,材质: PPR；规格: 63；类型: 弯头 || 品牌: 公元；规格: 63；材质: PPR；类型: 弯头 || 品牌: 公元；材质: PPR；规格: 32；类型: 弯头,同一标准名称和规范分组下存在多个规格签名；已保守拆开，需人工确认是否为不同物料。,逐项确认是否为不同规格物料；若规格足够明确则保留拆分，若其实同物料则补充等价规则后再合并。
ISSUE-00376,specs_conflict,medium,PPR截止阀,管道管件/塑料管件/PPR管件,REVIEW-MAT-01022；REVIEW-MAT-02144,REVIEW-MAT-01022；REVIEW-MAT-02144,Sheet1:1744；Sheet1:3338,个；只,材质: PPR；规格: 63；类型: 截止阀 || 品牌: 公元；材质: PPR；规格: 32；类型: 截止阀,同一标准名称和规范分组下存在多个规格签名；已保守拆开，需人工确认是否为不同物料。,逐项确认是否为不同规格物料；若规格足够明确则保留拆分，若其实同物料则补充等价规则后再合并。
ISSUE-00377,specs_conflict,medium,PPR球阀,管道管件/塑料管件/PPR管件,REVIEW-MAT-01279；REVIEW-MAT-01290,REVIEW-MAT-01279；REVIEW-MAT-01290,Sheet1:2098；Sheet1:2111,个,品牌: 公元；公称直径: DN50；材质: PPR；类型: 球阀 || 品牌: 公元；规格: 63；材质: PPR；类型: 球阀,同一标准名称和规范分组下存在多个规格签名；已保守拆开，需人工确认是否为不同物料。,逐项确认是否为不同规格物料；若规格足够明确则保留拆分，若其实同物料则补充等价规则后再合并。
ISSUE-00378,specs_conflict,medium,PPR直通,管道管件/塑料管件/PPR管件,REVIEW-MAT-01019；REVIEW-MAT-01286,REVIEW-MAT-01019；REVIEW-MAT-01286,Sheet1:1741；Sheet1:2107,个,材质: PPR；规格: 63；类型: 直通 || 品牌: 公元；规格: 63；材质: PPR；类型: 直通,同一标准名称和规范分组下存在多个规格签名；已保守拆开，需人工确认是否为不同物料。,逐项确认是否为不同规格物料；若规格足够明确则保留拆分，若其实同物料则补充等价规则后再合并。
ISSUE-00379,specs_conflict,medium,PPR管,管道管件/塑料管件/PPR管件,REVIEW-MAT-01020；REVIEW-MAT-01219；REVIEW-MAT-01288；REVIEW-MAT-02146,REVIEW-MAT-01020；REVIEW-MAT-01219；REVIEW-MAT-01288；REVIEW-MAT-02146,Sheet1:1742；Sheet1:2018；Sheet1:2109；Sheet1:3340,米,材质: PPR；规格: 63 || 品牌: 公元；公称直径: DN200；材质: PPR || 品牌: 公元；规格: 63；材质: PPR || 品牌: 公元；材质: PPR；规格: 32,同一标准名称和规范分组下存在多个规格签名；已保守拆开，需人工确认是否为不同物料。,逐项确认是否为不同规格物料；若规格足够明确则保留拆分，若其实同物料则补充等价规则后再合并。
ISSUE-00380,specs_conflict,medium,PPR闷头,管道管件/塑料管件/PPR管件,REVIEW-MAT-01712；REVIEW-MAT-01713,REVIEW-MAT-01712；REVIEW-MAT-01713,Sheet1:2735；Sheet1:2736,只,材质: PPR；规格: 20mm；类型: 闷头/堵头 || 材质: PPR；规格: 25mm；类型: 闷头/堵头,同一标准名称和规范分组下存在多个规格签名；已保守拆开，需人工确认是否为不同物料。,逐项确认是否为不同规格物料；若规格足够明确则保留拆分，若其实同物料则补充等价规则后再合并。
ISSUE-00381,specs_conflict,medium,PVC弯头,管道管件/塑料管件/PVC管件,REVIEW-MAT-01550；REVIEW-MAT-01551；REVIEW-MAT-02166,REVIEW-MAT-01550；REVIEW-MAT-01551；REVIEW-MAT-02166,Sheet1:2517；Sheet1:2518；Sheet1:3371,只,品牌: 公元；材质: PVC；规格: 315；角度: 45度 || 品牌: 公元；材质: PVC；规格: 315；角度: 90度 || 品牌: 公元；材质: PVC；直径: Φ100；类型: 弯头,同一标准名称和规范分组下存在多个规格签名；已保守拆开，需人工确认是否为不同物料。,逐项确认是否为不同规格物料；若规格足够明确则保留拆分，若其实同物料则补充等价规则后再合并。
ISSUE-00382,specs_conflict,medium,PVC直接,管道管件/塑料管件/PVC管件,REVIEW-MAT-01549；REVIEW-MAT-01802；REVIEW-MAT-01803；REVIEW-MAT-02127,REVIEW-MAT-01549；REVIEW-MAT-01802；REVIEW-MAT-01803；REVIEW-MAT-02127,Sheet1:2516；Sheet1:2874；Sheet1:2875；Sheet1:3312,只,品牌: 公元；材质: PVC；规格: 315；类型: 直接 || 品牌: 公元；材质: PVC；直径: Φ110；类型: 直接 || 品牌: 公元；材质: PVC；直径: Φ75；类型: 直接 || 材质: PVC；直径: Φ200；类型: 直接,同一标准名称和规范分组下存在多个规格签名；已保守拆开，需人工确认是否为不同物料。,逐项确认是否为不同规格物料；若规格足够明确则保留拆分，若其实同物料则补充等价规则后再合并。
ISSUE-00383,specs_conflict,medium,PVC管,管道管件/塑料管件/PVC管件,REVIEW-MAT-01800；REVIEW-MAT-01801；REVIEW-MAT-02165,REVIEW-MAT-01800；REVIEW-MAT-01801；REVIEW-MAT-02165,Sheet1:2872；Sheet1:2873；Sheet1:3370,米,品牌: 公元；材质: PVC；直径: Φ75 || 品牌: 公元；材质: PVC；直径: Φ110 || 品牌: 公元；材质: PVC；直径: Φ100,同一标准名称和规范分组下存在多个规格签名；已保守拆开，需人工确认是否为不同物料。,逐项确认是否为不同规格物料；若规格足够明确则保留拆分，若其实同物料则补充等价规则后再合并。
ISSUE-00384,specs_conflict,medium,UPVC弯头,管道管件/塑料管件/PVC管件,REVIEW-MAT-01931；REVIEW-MAT-01932,REVIEW-MAT-01931；REVIEW-MAT-01932,Sheet1:3067；Sheet1:3068,只,品牌: 公元；材质: UPVC；直径: Φ25；角度: 90度 || 品牌: 公元；材质: UPVC；直径: Φ25；角度: 45度,同一标准名称和规范分组下存在多个规格签名；已保守拆开，需人工确认是否为不同物料。,逐项确认是否为不同规格物料；若规格足够明确则保留拆分，若其实同物料则补充等价规则后再合并。
ISSUE-00385,specs_conflict,medium,双联重型管卡,管道管件/管道紧固/管夹卡箍,REVIEW-MAT-00790；REVIEW-MAT-00846,REVIEW-MAT-00790；REVIEW-MAT-00846,Sheet1:1437；Sheet1:1510,个；套,适配管径: 40；用途: 注浆管；型式: 重型卡槽两联 || 规格: 40*2；型式: 双联重型,同一标准名称和规范分组下存在多个规格签名；已保守拆开，需人工确认是否为不同物料。,逐项确认是否为不同规格物料；若规格足够明确则保留拆分，若其实同物料则补充等价规则后再合并。
ISSUE-00386,specs_conflict,medium,消防卡箍,管道管件/管道紧固/管夹卡箍,REVIEW-MAT-00828；REVIEW-MAT-00956；REVIEW-MAT-00957；REVIEW-MAT-00958,REVIEW-MAT-00828；REVIEW-MAT-00956；REVIEW-MAT-00957；REVIEW-MAT-00958,Sheet1:1482；Sheet1:1663；Sheet1:1664；Sheet1:1665,个,规格: 89；用途: 消防 || 规格: 50；用途: 消防 || 规格: 65；用途: 消防 || 规格: 80；用途: 消防,同一标准名称和规范分组下存在多个规格签名；已保守拆开，需人工确认是否为不同物料。,逐项确认是否为不同规格物料；若规格足够明确则保留拆分，若其实同物料则补充等价规则后再合并。
ISSUE-00387,specs_conflict,medium,管卡,管道管件/管道紧固/管夹卡箍,REVIEW-MAT-01316；REVIEW-MAT-01322；REVIEW-MAT-01323,REVIEW-MAT-01316；REVIEW-MAT-01322；REVIEW-MAT-01323,Sheet1:2155；Sheet1:2161；Sheet1:2162,个,规格: 100 || 规格: 65 || 规格: 80,同一标准名称和规范分组下存在多个规格签名；已保守拆开，需人工确认是否为不同物料。,逐项确认是否为不同规格物料；若规格足够明确则保留拆分，若其实同物料则补充等价规则后再合并。
ISSUE-00388,specs_conflict,medium,铝合金抱箍,管道管件/管道紧固/管夹卡箍,REVIEW-MAT-01311；REVIEW-MAT-01312,REVIEW-MAT-01311；REVIEW-MAT-01312,Sheet1:2148；Sheet1:2149,个,规格: 50；材质: 铝合金 || 规格: 80；材质: 铝合金,同一标准名称和规范分组下存在多个规格签名；已保守拆开，需人工确认是否为不同物料。,逐项确认是否为不同规格物料；若规格足够明确则保留拆分，若其实同物料则补充等价规则后再合并。
ISSUE-00389,specs_conflict,medium,不锈钢双外丝变径接头,管道管件/金属管件/钢制管件,REVIEW-MAT-02112；REVIEW-MAT-02113,REVIEW-MAT-02112；REVIEW-MAT-02113,Sheet1:3296；Sheet1:3297,只,材质: 304不锈钢；连接: 双外丝；规格: 2寸/1.5寸 || 材质: 304不锈钢；连接: 双外丝；规格: 1.5寸/1.2寸,同一标准名称和规范分组下存在多个规格签名；已保守拆开，需人工确认是否为不同物料。,逐项确认是否为不同规格物料；若规格足够明确则保留拆分，若其实同物料则补充等价规则后再合并。
ISSUE-00390,specs_conflict,medium,不锈钢外螺纹对接头,管道管件/金属管件/钢制管件,REVIEW-MAT-02001；REVIEW-MAT-02003,REVIEW-MAT-02001；REVIEW-MAT-02003,Sheet1:3155；Sheet1:3157,只,材质: 不锈钢；连接: 外螺纹；规格: 4分 || 材质: 不锈钢；连接: 外螺纹；规格: 6分,同一标准名称和规范分组下存在多个规格签名；已保守拆开，需人工确认是否为不同物料。,逐项确认是否为不同规格物料；若规格足够明确则保留拆分，若其实同物料则补充等价规则后再合并。
ISSUE-00391,specs_conflict,medium,镀锌三通,管道管件/金属管件/镀锌管件,REVIEW-MAT-00822；REVIEW-MAT-01150；REVIEW-MAT-01982；REVIEW-MAT-02242；REVIEW-MAT-02277,REVIEW-MAT-00822；REVIEW-MAT-01150；REVIEW-MAT-01982；REVIEW-MAT-02242；REVIEW-MAT-02277,Sheet1:1476；Sheet1:1928；Sheet1:3133；Sheet1:3485；Sheet1:3486；Sheet1:3545,个；只,公称直径: 50；材质/表面: 镀锌 || 公称直径: DN80；表面: 镀锌；类型: 三通 || 表面: 镀锌；规格: 2寸；类型: 三通 || 表面: 镀锌；规格: 3寸；类型: 三通 || 表面: 镀锌；规格: 6分；类型: 三通,同一标准名称和规范分组下存在多个规格签名；已保守拆开，需人工确认是否为不同物料。,逐项确认是否为不同规格物料；若规格足够明确则保留拆分，若其实同物料则补充等价规则后再合并。
ISSUE-00392,low_precision_conflict,medium,镀锌三通,管道管件/金属管件/镀锌管件,REVIEW-MAT-00822；REVIEW-MAT-01150；REVIEW-MAT-01982；REVIEW-MAT-02242；REVIEW-MAT-02277,REVIEW-MAT-00822；REVIEW-MAT-01150；REVIEW-MAT-01982；REVIEW-MAT-02242；REVIEW-MAT-02277,Sheet1:1476；Sheet1:1928；Sheet1:3133；Sheet1:3485；Sheet1:3486；Sheet1:3545,个；只,公称直径: 50；材质/表面: 镀锌 || 公称直径: DN80；表面: 镀锌；类型: 三通 || 表面: 镀锌；规格: 2寸；类型: 三通 || 表面: 镀锌；规格: 3寸；类型: 三通 || 表面: 镀锌；规格: 6分；类型: 三通,低精度/缺规格项与高精度项同时存在；低精度项已保留 needs_human_review。,补齐规格、品牌、型号、包装或执行标准后再进入可导入池。
ISSUE-00393,specs_conflict,medium,镀锌内丝弯头,管道管件/金属管件/镀锌管件,REVIEW-MAT-01983；REVIEW-MAT-01984；REVIEW-MAT-02068,REVIEW-MAT-01983；REVIEW-MAT-01984；REVIEW-MAT-02068,Sheet1:3134；Sheet1:3135；Sheet1:3241；Sheet1:3503,只,表面: 镀锌；连接: 内丝；规格: 2寸；类型: 弯头 || 表面: 镀锌；连接: 内丝；规格: 3寸；类型: 弯头 || 表面: 镀锌；连接: 内丝；规格: 4分；类型: 弯头,同一标准名称和规范分组下存在多个规格签名；已保守拆开，需人工确认是否为不同物料。,逐项确认是否为不同规格物料；若规格足够明确则保留拆分，若其实同物料则补充等价规则后再合并。
ISSUE-00394,specs_conflict,medium,镀锌内丝直接,管道管件/金属管件/镀锌管件,REVIEW-MAT-01775；REVIEW-MAT-01776；REVIEW-MAT-01972；REVIEW-MAT-02170；REVIEW-MAT-02259；REVIEW-MAT-02276,REVIEW-MAT-01775；REVIEW-MAT-01776；REVIEW-MAT-01971；REVIEW-MAT-01972；REVIEW-MAT-02170；REVIEW-MAT-02259；REVIEW-MAT-02276,Sheet1:2825；Sheet1:2826；Sheet1:3118；Sheet1:3119；Sheet1:3376；Sheet1:3504；Sheet1:3513；Sheet1:3544,只,规格: 4寸；表面: 镀锌；连接: 内丝；类型: 直接 || 规格: 3寸；表面: 镀锌；连接: 内丝；类型: 直接 || 表面: 镀锌；连接: 内丝；规格: 3寸；类型: 直接 || 表面: 镀锌；连接: 内丝；规格: 2寸；类型: 直接 || 表面: 镀锌；连接: 内丝；规格: 4分；类型: 直接 || 表面: 镀锌；连接: 内丝；规格: 2寸 || 表面: 镀锌；连接: 内丝；规格: 6分,同一标准名称和规范分组下存在多个规格签名；已保守拆开，需人工确认是否为不同物料。,逐项确认是否为不同规格物料；若规格足够明确则保留拆分，若其实同物料则补充等价规则后再合并。
ISSUE-00395,specs_conflict,medium,镀锌外丝接头,管道管件/金属管件/镀锌管件,REVIEW-MAT-00823；REVIEW-MAT-01151,REVIEW-MAT-00823；REVIEW-MAT-01151,Sheet1:1477；Sheet1:1929,个,规格: 50*40；连接: 外丝；表面: 镀锌 || 公称直径: DN80；连接: 外丝；表面: 镀锌,同一标准名称和规范分组下存在多个规格签名；已保守拆开，需人工确认是否为不同物料。,逐项确认是否为不同规格物料；若规格足够明确则保留拆分，若其实同物料则补充等价规则后再合并。
ISSUE-00396,specs_conflict,medium,镀锌外丝直接,管道管件/金属管件/镀锌管件,REVIEW-MAT-01969；REVIEW-MAT-01970；REVIEW-MAT-02067；REVIEW-MAT-02071；REVIEW-MAT-02111；REVIEW-MAT-02118,REVIEW-MAT-01969；REVIEW-MAT-01970；REVIEW-MAT-02067；REVIEW-MAT-02071；REVIEW-MAT-02111；REVIEW-MAT-02118,Sheet1:3116；Sheet1:3117；Sheet1:3240；Sheet1:3244；Sheet1:3295；Sheet1:3303；Sheet1:3488,只,表面: 镀锌；连接: 外丝；规格: 3寸；类型: 直接 || 表面: 镀锌；连接: 外丝；规格: 2寸；类型: 直接 || 表面: 镀锌；连接: 外丝；规格: 4分；类型: 直接 || 表面: 镀锌；连接: 外丝；规格: 2寸；长度: 150mm || 表面: 镀锌；连接: 外丝；规格: 6分；长度: 100mm || 表面: 镀锌；连接: 外丝；规格: 1寸；长度: 100mm,同一标准名称和规范分组下存在多个规格签名；已保守拆开，需人工确认是否为不同物料。,逐项确认是否为不同规格物料；若规格足够明确则保留拆分，若其实同物料则补充等价规则后再合并。
ISSUE-00397,specs_conflict,medium,镀锌弯头,管道管件/金属管件/镀锌管件,REVIEW-MAT-01000；REVIEW-MAT-02243；REVIEW-MAT-02275,REVIEW-MAT-01000；REVIEW-MAT-02243；REVIEW-MAT-02275,Sheet1:1717；Sheet1:3487；Sheet1:3543,个；只,规格: 80；表面: 镀锌；类型: 弯头 || 表面: 镀锌；规格: 2寸；类型: 弯头 || 表面: 镀锌；规格: 6分；类型: 弯头,同一标准名称和规范分组下存在多个规格签名；已保守拆开，需人工确认是否为不同物料。,逐项确认是否为不同规格物料；若规格足够明确则保留拆分，若其实同物料则补充等价规则后再合并。
ISSUE-00398,specs_conflict,medium,螺杆,紧固件/其他/螺杆,REVIEW-MAT-00889；REVIEW-MAT-00890；REVIEW-MAT-00892；REVIEW-MAT-00972；REVIEW-MAT-01016,REVIEW-MAT-00889；REVIEW-MAT-00890；REVIEW-MAT-00892；REVIEW-MAT-00972；REVIEW-MAT-01016,Sheet1:1565；Sheet1:1566；Sheet1:1569；Sheet1:1681；Sheet1:1734,套；个；支,规格: M20*70 || 规格: M20*50 || 规格: M16*60 || 规格: M10*50 || 规格: M48*120,同一标准名称和规范分组下存在多个规格签名；已保守拆开，需人工确认是否为不同物料。,逐项确认是否为不同规格物料；若规格足够明确则保留拆分，若其实同物料则补充等价规则后再合并。
ISSUE-00399,low_precision_conflict,medium,螺杆,紧固件/其他/螺杆,REVIEW-MAT-00889；REVIEW-MAT-00890；REVIEW-MAT-00892；REVIEW-MAT-00972；REVIEW-MAT-01016,REVIEW-MAT-00889；REVIEW-MAT-00890；REVIEW-MAT-00892；REVIEW-MAT-00972；REVIEW-MAT-01016,Sheet1:1565；Sheet1:1566；Sheet1:1569；Sheet1:1681；Sheet1:1734,套；个；支,规格: M20*70 || 规格: M20*50 || 规格: M16*60 || 规格: M10*50 || 规格: M48*120,低精度/缺规格项与高精度项同时存在；低精度项已保留 needs_human_review。,补齐规格、品牌、型号、包装或执行标准后再进入可导入池。
ISSUE-00400,specs_conflict,medium,弹性销,紧固件/其他/销,REVIEW-MAT-01505；REVIEW-MAT-01506,REVIEW-MAT-01505；REVIEW-MAT-01506,Sheet1:2410；Sheet1:2411,只,规格: M4*28；类型: 弹性销 || 规格: M6*28；类型: 弹性销,同一标准名称和规范分组下存在多个规格签名；已保守拆开，需人工确认是否为不同物料。,逐项确认是否为不同规格物料；若规格足够明确则保留拆分，若其实同物料则补充等价规则后再合并。
ISSUE-00401,specs_conflict,medium,T型螺丝套件,紧固件/螺纹紧固件/螺丝螺栓,REVIEW-MAT-01507；REVIEW-MAT-01511；REVIEW-MAT-01523,REVIEW-MAT-01507；REVIEW-MAT-01511；REVIEW-MAT-01523,Sheet1:2412；Sheet1:2417；Sheet1:2430,套,规格: M16*50；类型: T型螺丝；套件: 平垫+弹垫+螺母 || 规格: M16*100；类型: T型螺丝；套件: 平垫+弹垫+螺母 || 规格: M16*50；套件: 平垫+弹垫+螺母,同一标准名称和规范分组下存在多个规格签名；已保守拆开，需人工确认是否为不同物料。,逐项确认是否为不同规格物料；若规格足够明确则保留拆分，若其实同物料则补充等价规则后再合并。
ISSUE-00402,low_precision_conflict,medium,T型螺丝套件,紧固件/螺纹紧固件/螺丝螺栓,REVIEW-MAT-01507；REVIEW-MAT-01511；REVIEW-MAT-01523,REVIEW-MAT-01507；REVIEW-MAT-01511；REVIEW-MAT-01523,Sheet1:2412；Sheet1:2417；Sheet1:2430,套,规格: M16*50；类型: T型螺丝；套件: 平垫+弹垫+螺母 || 规格: M16*100；类型: T型螺丝；套件: 平垫+弹垫+螺母 || 规格: M16*50；套件: 平垫+弹垫+螺母,低精度/缺规格项与高精度项同时存在；低精度项已保留 needs_human_review。,补齐规格、品牌、型号、包装或执行标准后再进入可导入池。
ISSUE-00403,specs_conflict,medium,不锈钢内六角螺丝套件,紧固件/螺纹紧固件/螺丝螺栓,REVIEW-MAT-02101；REVIEW-MAT-02102；REVIEW-MAT-02103,REVIEW-MAT-02101；REVIEW-MAT-02102；REVIEW-MAT-02103,Sheet1:3282；Sheet1:3283；Sheet1:3284,套,材质: 不锈钢；头型: 内六角；规格: M5*30；包含: 平垫+弹垫 || 材质: 不锈钢；头型: 内六角；规格: M5*10；包含: 平垫+弹垫 || 材质: 不锈钢；头型: 内六角；规格: M5*16；包含: 平垫+弹垫,同一标准名称和规范分组下存在多个规格签名；已保守拆开，需人工确认是否为不同物料。,逐项确认是否为不同规格物料；若规格足够明确则保留拆分，若其实同物料则补充等价规则后再合并。
ISSUE-00404,specs_conflict,medium,内六角螺丝,紧固件/螺纹紧固件/螺丝螺栓,REVIEW-MAT-00944；REVIEW-MAT-00959；REVIEW-MAT-01003；REVIEW-MAT-01101,REVIEW-MAT-00944；REVIEW-MAT-00959；REVIEW-MAT-01003；REVIEW-MAT-01101,Sheet1:1640；Sheet1:1666；Sheet1:1720；Sheet1:1860；Sheet1:2318,个；套,规格: M8*45；头型: 内六角 || 规格: M8*40；头型: 内六角 || 规格: M6*40；头型: 内六角 || 规格: M14*120；头型: 内六角,同一标准名称和规范分组下存在多个规格签名；已保守拆开，需人工确认是否为不同物料。,逐项确认是否为不同规格物料；若规格足够明确则保留拆分，若其实同物料则补充等价规则后再合并。
ISSUE-00405,specs_conflict,medium,膨胀螺丝,紧固件/螺纹紧固件/螺丝螺栓,REVIEW-MAT-01562；REVIEW-MAT-02129；REVIEW-MAT-02218；REVIEW-MAT-02219；REVIEW-MAT-02220；REVIEW-MAT-02221；REVIEW-MAT-02222；REVIEW-MAT-02223,REVIEW-MAT-01562；REVIEW-MAT-02129；REVIEW-MAT-02218；REVIEW-MAT-02219；REVIEW-MAT-02220；REVIEW-MAT-02221；REVIEW-MAT-02222；REVIEW-MAT-02223,Sheet1:2530；Sheet1:3314；Sheet1:3452；Sheet1:3453；Sheet1:3454；Sheet1:3455；Sheet1:3456；Sheet1:3457,支,规格: M12*100 || 规格: Φ10 || 规格: Φ10*80 || 规格: Φ10*110 || 规格: Φ12*80 || 规格: Φ8*70 || 规格: Φ8*90 || 规格: Φ12*110,同一标准名称和规范分组下存在多个规格签名；已保守拆开，需人工确认是否为不同物料。,逐项确认是否为不同规格物料；若规格足够明确则保留拆分，若其实同物料则补充等价规则后再合并。
ISSUE-00406,specs_conflict,medium,自攻螺丝,紧固件/螺纹紧固件/螺丝螺栓,REVIEW-MAT-01594；REVIEW-MAT-02132；REVIEW-MAT-02176,REVIEW-MAT-01594；REVIEW-MAT-02132；REVIEW-MAT-02176,Sheet1:2574；Sheet1:3318；Sheet1:3384,盒；只,规格: M4*10 || 规格: M4 || 长度: 60mm,同一标准名称和规范分组下存在多个规格签名；已保守拆开，需人工确认是否为不同物料。,逐项确认是否为不同规格物料；若规格足够明确则保留拆分，若其实同物料则补充等价规则后再合并。
ISSUE-00407,specs_conflict,medium,螺丝,紧固件/螺纹紧固件/螺丝螺栓,REVIEW-MAT-01071；REVIEW-MAT-01174；REVIEW-MAT-01187；REVIEW-MAT-01188；REVIEW-MAT-01189；REVIEW-MAT-01228,REVIEW-MAT-01071；REVIEW-MAT-01174；REVIEW-MAT-01187；REVIEW-MAT-01188；REVIEW-MAT-01189；REVIEW-MAT-01228,Sheet1:1817；Sheet1:1959；Sheet1:1974；Sheet1:1975；Sheet1:1976；Sheet1:2035；Sheet1:2131,个,规格: M48*120 || 规格: M24*230 || 规格: M20*30 || 规格: M20*35 || 规格: M20*130 || 规格: M27*100,同一标准名称和规范分组下存在多个规格签名；已保守拆开，需人工确认是否为不同物料。,逐项确认是否为不同规格物料；若规格足够明确则保留拆分，若其实同物料则补充等价规则后再合并。
ISSUE-00408,low_precision_conflict,medium,螺丝,紧固件/螺纹紧固件/螺丝螺栓,REVIEW-MAT-01071；REVIEW-MAT-01174；REVIEW-MAT-01187；REVIEW-MAT-01188；REVIEW-MAT-01189；REVIEW-MAT-01228,REVIEW-MAT-01071；REVIEW-MAT-01174；REVIEW-MAT-01187；REVIEW-MAT-01188；REVIEW-MAT-01189；REVIEW-MAT-01228,Sheet1:1817；Sheet1:1959；Sheet1:1974；Sheet1:1975；Sheet1:1976；Sheet1:2035；Sheet1:2131,个,规格: M48*120 || 规格: M24*230 || 规格: M20*30 || 规格: M20*35 || 规格: M20*130 || 规格: M27*100,低精度/缺规格项与高精度项同时存在；低精度项已保留 needs_human_review。,补齐规格、品牌、型号、包装或执行标准后再进入可导入池。
ISSUE-00409,specs_conflict,medium,螺丝套件,紧固件/螺纹紧固件/螺丝螺栓,REVIEW-MAT-01595；REVIEW-MAT-01959；REVIEW-MAT-02064；REVIEW-MAT-02097；REVIEW-MAT-02098；REVIEW-MAT-02110；REVIEW-MAT-02226；REVIEW-MAT-02227,REVIEW-MAT-01595；REVIEW-MAT-01959；REVIEW-MAT-02064；REVIEW-MAT-02097；REVIEW-MAT-02098；REVIEW-MAT-02110；REVIEW-MAT-02226；REVIEW-MAT-02227,Sheet1:2575；Sheet1:3104；Sheet1:3236；Sheet1:3278；Sheet1:3279；Sheet1:3294；Sheet1:3462；Sheet1:3463；Sheet1:3464,套,规格: M8*20；类型: 螺丝 || 强度等级: 8.8；规格: M10*80；包含: 平垫+弹垫 || 强度等级: 8.8；规格: M16*130；包含: 平垫+弹垫 || 强度等级: 8.8；规格: M16*60；包含: 平垫+弹垫 || 强度等级: 8.8；规格: M20*60；包含: 平垫+弹垫 || 强度等级: 8.8；规格: M20*200；包含: 平垫+弹垫 || 强度等级: 8.8；规格: M16*50；包含: 平垫+弹垫 || 强度等级: 8.8；规格: M16*120；包含: 平垫+弹垫,同一标准名称和规范分组下存在多个规格签名；已保守拆开，需人工确认是否为不同物料。,逐项确认是否为不同规格物料；若规格足够明确则保留拆分，若其实同物料则补充等价规则后再合并。
ISSUE-00410,low_precision_conflict,medium,螺丝套件,紧固件/螺纹紧固件/螺丝螺栓,REVIEW-MAT-01595；REVIEW-MAT-01959；REVIEW-MAT-02064；REVIEW-MAT-02097；REVIEW-MAT-02098；REVIEW-MAT-02110；REVIEW-MAT-02226；REVIEW-MAT-02227,REVIEW-MAT-01595；REVIEW-MAT-01959；REVIEW-MAT-02064；REVIEW-MAT-02097；REVIEW-MAT-02098；REVIEW-MAT-02110；REVIEW-MAT-02226；REVIEW-MAT-02227,Sheet1:2575；Sheet1:3104；Sheet1:3236；Sheet1:3278；Sheet1:3279；Sheet1:3294；Sheet1:3462；Sheet1:3463；Sheet1:3464,套,规格: M8*20；类型: 螺丝 || 强度等级: 8.8；规格: M10*80；包含: 平垫+弹垫 || 强度等级: 8.8；规格: M16*130；包含: 平垫+弹垫 || 强度等级: 8.8；规格: M16*60；包含: 平垫+弹垫 || 强度等级: 8.8；规格: M20*60；包含: 平垫+弹垫 || 强度等级: 8.8；规格: M20*200；包含: 平垫+弹垫 || 强度等级: 8.8；规格: M16*50；包含: 平垫+弹垫 || 强度等级: 8.8；规格: M16*120；包含: 平垫+弹垫,低精度/缺规格项与高精度项同时存在；低精度项已保留 needs_human_review。,补齐规格、品牌、型号、包装或执行标准后再进入可导入池。
ISSUE-00411,specs_conflict,medium,螺丝组件,紧固件/螺纹紧固件/螺丝螺栓,REVIEW-MAT-00845；REVIEW-MAT-00901；REVIEW-MAT-00976；REVIEW-MAT-00977；REVIEW-MAT-01005；REVIEW-MAT-01006；REVIEW-MAT-01007；REVIEW-MAT-01008；REVIEW-MAT-01009；REVIEW-MAT-01109；REVIEW-MAT-01158；REVIEW-MAT-01159,REVIEW-MAT-00845；REVIEW-MAT-00901；REVIEW-MAT-00976；REVIEW-MAT-00977；REVIEW-MAT-01005；REVIEW-MAT-01006；REVIEW-MAT-01007；REVIEW-MAT-01008；REVIEW-MAT-01009；REVIEW-MAT-01109；REVIEW-MAT-01158；REVIEW-MAT-01159,Sheet1:1507；Sheet1:1584；Sheet1:1685；Sheet1:1686；Sheet1:1722；Sheet1:1723；Sheet1:1724；Sheet1:1725；Sheet1:1726；Sheet1:1873；Sheet1:1938；Sheet1:1939；Sheet1:2094,套,规格: M8*25；成套: 是 || 规格: M6*25；成套: 是 || 规格: M20*35；成套: 是 || 规格: M20*40；成套: 是 || 规格: M4*15；成套: 是 || 规格: M5*15；成套: 是 || 规格: M6*15；成套: 是 || 规格: M8*15；成套: 是 || 规格: M10*15；成套: 是 || 规格: M16*70；成套: 是 || 规格: M10*40；成套: 是 || 规格: M12*40；成套: 是,同一标准名称和规范分组下存在多个规格签名；已保守拆开，需人工确认是否为不同物料。,逐项确认是否为不同规格物料；若规格足够明确则保留拆分，若其实同物料则补充等价规则后再合并。
ISSUE-00412,specs_conflict,medium,钻尾螺丝,紧固件/螺纹紧固件/螺丝螺栓,REVIEW-MAT-02135；REVIEW-MAT-02177,REVIEW-MAT-02135；REVIEW-MAT-02177,Sheet1:3325；Sheet1:3385,盒,规格: M5.5*80；包装: 大盒 || 长度: 60mm,同一标准名称和规范分组下存在多个规格签名；已保守拆开，需人工确认是否为不同物料。,逐项确认是否为不同规格物料；若规格足够明确则保留拆分，若其实同物料则补充等价规则后再合并。
ISSUE-00413,specs_conflict,medium,镀锌螺丝套件,紧固件/螺纹紧固件/螺丝螺栓,REVIEW-MAT-02029；REVIEW-MAT-02057,REVIEW-MAT-02029；REVIEW-MAT-02057,Sheet1:3190；Sheet1:3226,套,表面: 镀锌；规格: M12*30 || 强度等级: 8.8；规格: M16*70；表面: 镀锌；包含: 平垫+弹垫,同一标准名称和规范分组下存在多个规格签名；已保守拆开，需人工确认是否为不同物料。,逐项确认是否为不同规格物料；若规格足够明确则保留拆分，若其实同物料则补充等价规则后再合并。
ISSUE-00414,low_precision_conflict,medium,镀锌螺丝套件,紧固件/螺纹紧固件/螺丝螺栓,REVIEW-MAT-02029；REVIEW-MAT-02057,REVIEW-MAT-02029；REVIEW-MAT-02057,Sheet1:3190；Sheet1:3226,套,表面: 镀锌；规格: M12*30 || 强度等级: 8.8；规格: M16*70；表面: 镀锌；包含: 平垫+弹垫,低精度/缺规格项与高精度项同时存在；低精度项已保留 needs_human_review。,补齐规格、品牌、型号、包装或执行标准后再进入可导入池。
ISSUE-00415,specs_conflict,medium,高强度全螺纹螺丝,紧固件/螺纹紧固件/螺丝螺栓,REVIEW-MAT-01847；REVIEW-MAT-02188,REVIEW-MAT-01847；REVIEW-MAT-02188,Sheet1:2942；Sheet1:3404,套,强度等级: 12.9；规格: M30*250；原始: 全芽 || 强度等级: 12.9；规格: M27*100；原始: 全芽,同一标准名称和规范分组下存在多个规格签名；已保守拆开，需人工确认是否为不同物料。,逐项确认是否为不同规格物料；若规格足够明确则保留拆分，若其实同物料则补充等价规则后再合并。
ISSUE-00416,specs_conflict,medium,高强度螺丝,紧固件/螺纹紧固件/螺丝螺栓,REVIEW-MAT-00870；REVIEW-MAT-01410；REVIEW-MAT-01415,REVIEW-MAT-00870；REVIEW-MAT-01410；REVIEW-MAT-01415,Sheet1:1540；Sheet1:2295；Sheet1:2301,套；个,规格: M5*95；强度等级: 12.9 || 规格: M30*100；强度等级: 12.9 || 规格: M30*80；强度等级: 10.8,同一标准名称和规范分组下存在多个规格签名；已保守拆开，需人工确认是否为不同物料。,逐项确认是否为不同规格物料；若规格足够明确则保留拆分，若其实同物料则补充等价规则后再合并。
ISSUE-00417,low_precision_conflict,medium,高强度螺丝,紧固件/螺纹紧固件/螺丝螺栓,REVIEW-MAT-00870；REVIEW-MAT-01410；REVIEW-MAT-01415,REVIEW-MAT-00870；REVIEW-MAT-01410；REVIEW-MAT-01415,Sheet1:1540；Sheet1:2295；Sheet1:2301,套；个,规格: M5*95；强度等级: 12.9 || 规格: M30*100；强度等级: 12.9 || 规格: M30*80；强度等级: 10.8,低精度/缺规格项与高精度项同时存在；低精度项已保留 needs_human_review。,补齐规格、品牌、型号、包装或执行标准后再进入可导入池。
ISSUE-00418,specs_conflict,medium,不锈钢螺母,紧固件/螺纹紧固件/螺母垫圈,REVIEW-MAT-01667；REVIEW-MAT-02104,REVIEW-MAT-01667；REVIEW-MAT-02104,Sheet1:2672；Sheet1:3285,只,材质: 304；规格: M6 || 材质: 不锈钢；规格: M5,同一标准名称和规范分组下存在多个规格签名；已保守拆开，需人工确认是否为不同物料。,逐项确认是否为不同规格物料；若规格足够明确则保留拆分，若其实同物料则补充等价规则后再合并。
ISSUE-00419,specs_conflict,medium,加厚垫片,紧固件/螺纹紧固件/螺母垫圈,REVIEW-MAT-01175；REVIEW-MAT-01524,REVIEW-MAT-01175；REVIEW-MAT-01524,Sheet1:1960；Sheet1:2133；Sheet1:2431,个；只,规格: M24；特征: 加厚 || 规格: M18*50*60mm；特征: 加厚,同一标准名称和规范分组下存在多个规格签名；已保守拆开，需人工确认是否为不同物料。,逐项确认是否为不同规格物料；若规格足够明确则保留拆分，若其实同物料则补充等价规则后再合并。
ISSUE-00420,specs_conflict,medium,螺母,紧固件/螺纹紧固件/螺母垫圈,REVIEW-MAT-00891；REVIEW-MAT-00893；REVIEW-MAT-00974；REVIEW-MAT-01017；REVIEW-MAT-01229；REVIEW-MAT-01411,REVIEW-MAT-00891；REVIEW-MAT-00893；REVIEW-MAT-00974；REVIEW-MAT-01017；REVIEW-MAT-01229；REVIEW-MAT-01411,Sheet1:1567；Sheet1:1570；Sheet1:1683；Sheet1:1735；Sheet1:1977；Sheet1:2037；Sheet1:2296；Sheet1:2302,个；支,规格: M20 || 规格: M16 || 规格: M10 || 规格: M48 || 规格: M27 || 规格: M30,同一标准名称和规范分组下存在多个规格签名；已保守拆开，需人工确认是否为不同物料。,逐项确认是否为不同规格物料；若规格足够明确则保留拆分，若其实同物料则补充等价规则后再合并。
ISSUE-00421,specs_conflict,medium,膨胀螺丝,紧固件/锚固件/膨胀锚栓,REVIEW-MAT-00832；REVIEW-MAT-00905；REVIEW-MAT-00907；REVIEW-MAT-00947；REVIEW-MAT-00971；REVIEW-MAT-01030；REVIEW-MAT-01267；REVIEW-MAT-01364；REVIEW-MAT-01386,REVIEW-MAT-00832；REVIEW-MAT-00905；REVIEW-MAT-00907；REVIEW-MAT-00947；REVIEW-MAT-00971；REVIEW-MAT-01030；REVIEW-MAT-01267；REVIEW-MAT-01364；REVIEW-MAT-01386,Sheet1:1487；Sheet1:1564；Sheet1:1588；Sheet1:1593；Sheet1:1646；Sheet1:1680；Sheet1:1756；Sheet1:2084；Sheet1:2226；Sheet1:2254,个；套,规格: 6厘 || 规格: M14*100 || 规格: M10*80 || 规格: M14*150 || 规格: M24*150 || 规格: M20*150 || 规格: M10*60 || 规格: M14*70,同一标准名称和规范分组下存在多个规格签名；已保守拆开，需人工确认是否为不同物料。,逐项确认是否为不同规格物料；若规格足够明确则保留拆分，若其实同物料则补充等价规则后再合并。
ISSUE-00422,unit_conflict,high,膨胀螺丝,紧固件/锚固件/膨胀锚栓,REVIEW-MAT-00905；REVIEW-MAT-00947,REVIEW-MAT-00905；REVIEW-MAT-00947,Sheet1:1588；Sheet1:1646,套；个,规格: M14*100,同一标准名称、规范分组和规格下存在非同义单位；未自动合并。,确认是否同一物料的不同计量单位；如是则补 UOM 换算/包装规格，如不是则拆成不同物料。
ISSUE-00423,low_precision_conflict,medium,膨胀螺丝,紧固件/锚固件/膨胀锚栓,REVIEW-MAT-00832；REVIEW-MAT-00905；REVIEW-MAT-00907；REVIEW-MAT-00947；REVIEW-MAT-00971；REVIEW-MAT-01030；REVIEW-MAT-01267；REVIEW-MAT-01364；REVIEW-MAT-01386,REVIEW-MAT-00832；REVIEW-MAT-00905；REVIEW-MAT-00907；REVIEW-MAT-00947；REVIEW-MAT-00971；REVIEW-MAT-01030；REVIEW-MAT-01267；REVIEW-MAT-01364；REVIEW-MAT-01386,Sheet1:1487；Sheet1:1564；Sheet1:1588；Sheet1:1593；Sheet1:1646；Sheet1:1680；Sheet1:1756；Sheet1:2084；Sheet1:2226；Sheet1:2254,个；套,规格: 6厘 || 规格: M14*100 || 规格: M10*80 || 规格: M14*150 || 规格: M24*150 || 规格: M20*150 || 规格: M10*60 || 规格: M14*70,低精度/缺规格项与高精度项同时存在；低精度项已保留 needs_human_review。,补齐规格、品牌、型号、包装或执行标准后再进入可导入池。
ISSUE-00424,specs_conflict,medium,镀锌膨胀钩,紧固件/锚固件/膨胀锚栓,REVIEW-MAT-02056；REVIEW-MAT-02256,REVIEW-MAT-02056；REVIEW-MAT-02256,Sheet1:3225；Sheet1:3509,只,表面: 镀锌；规格: M12*125；类型: 膨胀钩 || 表面: 镀锌；规格: M16*130,同一标准名称和规范分组下存在多个规格签名；已保守拆开，需人工确认是否为不同物料。,逐项确认是否为不同规格物料；若规格足够明确则保留拆分，若其实同物料则补充等价规则后再合并。
ISSUE-00425,unit_conflict,high,冰块,行政办公与清洁/其他/临时消耗品,REVIEW-MAT-00571；REVIEW-MAT-00583,REVIEW-MAT-00571；REVIEW-MAT-00583,Sheet1:1052；Sheet1:1055；Sheet1:1056；Sheet1:1068；Sheet1:1070,个；块,重量: 50kg,同一标准名称、规范分组和规格下存在非同义单位；未自动合并。,确认是否同一物料的不同计量单位；如是则补 UOM 换算/包装规格，如不是则拆成不同物料。
ISSUE-00426,low_precision_conflict,medium,冰块,行政办公与清洁/其他/临时消耗品,REVIEW-MAT-00571；REVIEW-MAT-00583,REVIEW-MAT-00571；REVIEW-MAT-00583,Sheet1:1052；Sheet1:1055；Sheet1:1056；Sheet1:1068；Sheet1:1070,个；块,重量: 50kg,低精度/缺规格项与高精度项同时存在；低精度项已保留 needs_human_review。,补齐规格、品牌、型号、包装或执行标准后再进入可导入池。
ISSUE-00427,specs_conflict,medium,记号笔,行政办公与清洁/其他/标识耗材,REVIEW-MAT-00316；REVIEW-MAT-00500,REVIEW-MAT-00316；REVIEW-MAT-00500,Sheet1:539；Sheet1:880；Sheet1:954,支,颜色: 白色 || 颜色: 黑色,同一标准名称和规范分组下存在多个规格签名；已保守拆开，需人工确认是否为不同物料。,逐项确认是否为不同规格物料；若规格足够明确则保留拆分，若其实同物料则补充等价规则后再合并。
ISSUE-00428,low_precision_conflict,medium,记号笔,行政办公与清洁/其他/标识耗材,REVIEW-MAT-00316；REVIEW-MAT-00500,REVIEW-MAT-00316；REVIEW-MAT-00500,Sheet1:539；Sheet1:880；Sheet1:954,支,颜色: 白色 || 颜色: 黑色,低精度/缺规格项与高精度项同时存在；低精度项已保留 needs_human_review。,补齐规格、品牌、型号、包装或执行标准后再进入可导入池。
ISSUE-00429,specs_conflict,medium,记号笔,行政办公与清洁/办公用品/文具书写,REVIEW-MAT-00110；REVIEW-MAT-00801；REVIEW-MAT-01199；REVIEW-MAT-01209；REVIEW-MAT-01570；REVIEW-MAT-02204；REVIEW-MAT-02245,REVIEW-MAT-00110；REVIEW-MAT-00801；REVIEW-MAT-01199；REVIEW-MAT-01209；REVIEW-MAT-01570；REVIEW-MAT-02204；REVIEW-MAT-02245,Sheet1:1452；Sheet1:178；Sheet1:1992；Sheet1:2005；Sheet1:2039；Sheet1:2143；Sheet1:2217；Sheet1:2542；Sheet1:3425；Sheet1:3491,个；支,类型: 记号笔 || 品类: 记号笔 || 颜色: 白色 || 品牌: 得力；颜色: 黑色 || 颜色: 黑色,同一标准名称和规范分组下存在多个规格签名；已保守拆开，需人工确认是否为不同物料。,逐项确认是否为不同规格物料；若规格足够明确则保留拆分，若其实同物料则补充等价规则后再合并。
ISSUE-00430,unit_conflict,high,记号笔,行政办公与清洁/办公用品/文具书写,REVIEW-MAT-00801；REVIEW-MAT-01199,REVIEW-MAT-00801；REVIEW-MAT-01199,Sheet1:1452；Sheet1:1992；Sheet1:2143；Sheet1:2217,个；支,品类: 记号笔,同一标准名称、规范分组和规格下存在非同义单位；未自动合并。,确认是否同一物料的不同计量单位；如是则补 UOM 换算/包装规格，如不是则拆成不同物料。
ISSUE-00431,unit_conflict,high,记号笔,行政办公与清洁/办公用品/文具书写,REVIEW-MAT-01209；REVIEW-MAT-02245,REVIEW-MAT-01209；REVIEW-MAT-02245,Sheet1:2005；Sheet1:2039；Sheet1:3491,个；支,颜色: 白色,同一标准名称、规范分组和规格下存在非同义单位；未自动合并。,确认是否同一物料的不同计量单位；如是则补 UOM 换算/包装规格，如不是则拆成不同物料。
ISSUE-00432,specs_conflict,medium,不锈钢烟灰桶,行政办公与清洁/清洁用品/清洁工具耗材,REVIEW-MAT-01633；REVIEW-MAT-02023,REVIEW-MAT-01633；REVIEW-MAT-02023,Sheet1:2634；Sheet1:3183,只；个,材质: 不锈钢；类型: 烟灰桶 || 材质: 304不锈钢；类型: 烟灰桶,同一标准名称和规范分组下存在多个规格签名；已保守拆开，需人工确认是否为不同物料。,逐项确认是否为不同规格物料；若规格足够明确则保留拆分，若其实同物料则补充等价规则后再合并。
ISSUE-00433,specs_conflict,medium,吸油棉,行政办公与清洁/清洁用品/清洁工具耗材,REVIEW-MAT-00812；REVIEW-MAT-00887；REVIEW-MAT-01324,REVIEW-MAT-00812；REVIEW-MAT-00887；REVIEW-MAT-01324,Sheet1:1465；Sheet1:1562；Sheet1:2163,个；张,尺寸: 40*50*5；用途: 吸油 || 用途: 吸油 || 厚度: 5mm；用途: 吸油,同一标准名称和规范分组下存在多个规格签名；已保守拆开，需人工确认是否为不同物料。,逐项确认是否为不同规格物料；若规格足够明确则保留拆分，若其实同物料则补充等价规则后再合并。
ISSUE-00434,specs_conflict,medium,喷壶,行政办公与清洁/清洁用品/清洁工具耗材,REVIEW-MAT-01360；REVIEW-MAT-01399,REVIEW-MAT-01360；REVIEW-MAT-01399,Sheet1:2221；Sheet1:2279,个,品类: 喷壶 || 容量: 2L,同一标准名称和规范分组下存在多个规格签名；已保守拆开，需人工确认是否为不同物料。,逐项确认是否为不同规格物料；若规格足够明确则保留拆分，若其实同物料则补充等价规则后再合并。
ISSUE-00435,specs_conflict,medium,垃圾桶,行政办公与清洁/清洁用品/清洁工具耗材,REVIEW-MAT-01057；REVIEW-MAT-01778；REVIEW-MAT-01954,REVIEW-MAT-01057；REVIEW-MAT-01778；REVIEW-MAT-01954,Sheet1:1799；Sheet1:2828；Sheet1:3095,个；只,规格: 大 || 类型: 垃圾桶 || 容量: 120L,同一标准名称和规范分组下存在多个规格签名；已保守拆开，需人工确认是否为不同物料。,逐项确认是否为不同规格物料；若规格足够明确则保留拆分，若其实同物料则补充等价规则后再合并。
ISSUE-00436,specs_conflict,medium,垃圾袋,行政办公与清洁/清洁用品/清洁工具耗材,REVIEW-MAT-00094；REVIEW-MAT-00169；REVIEW-MAT-01058；REVIEW-MAT-01131；REVIEW-MAT-01217；REVIEW-MAT-01418；REVIEW-MAT-01763；REVIEW-MAT-01900；REVIEW-MAT-02136,REVIEW-MAT-00094；REVIEW-MAT-00169；REVIEW-MAT-01058；REVIEW-MAT-01131；REVIEW-MAT-01217；REVIEW-MAT-01418；REVIEW-MAT-01763；REVIEW-MAT-01900；REVIEW-MAT-02136；REVIEW-MAT-02353,Sheet1:150；Sheet1:1800；Sheet1:1900；Sheet1:2016；Sheet1:222；Sheet1:2274；Sheet1:2285；Sheet1:2307；Sheet1:236；Sheet1:2807；Sheet1:3023；Sheet1:303；Sheet1:3096；Sheet1:3326；Sheet1:3412；Sheet1:364；Sheet1:3658,个；条,规格: 大 || 规格: 120*140；特征: 厚 || 类型: 垃圾袋 || 规格: 100*120 || 品类: 垃圾袋 || 规格: 120 || 尺寸: 1.2m*1.4m || 颜色: 黑色；尺寸: 1.2米*1.4米 || 尺寸: 1m*1.2m,同一标准名称和规范分组下存在多个规格签名；已保守拆开，需人工确认是否为不同物料。,逐项确认是否为不同规格物料；若规格足够明确则保留拆分，若其实同物料则补充等价规则后再合并。
ISSUE-00437,low_precision_conflict,medium,垃圾袋,行政办公与清洁/清洁用品/清洁工具耗材,REVIEW-MAT-00094；REVIEW-MAT-00169；REVIEW-MAT-01058；REVIEW-MAT-01131；REVIEW-MAT-01217；REVIEW-MAT-01418；REVIEW-MAT-01763；REVIEW-MAT-01900；REVIEW-MAT-02136,REVIEW-MAT-00094；REVIEW-MAT-00169；REVIEW-MAT-01058；REVIEW-MAT-01131；REVIEW-MAT-01217；REVIEW-MAT-01418；REVIEW-MAT-01763；REVIEW-MAT-01900；REVIEW-MAT-02136；REVIEW-MAT-02353,Sheet1:150；Sheet1:1800；Sheet1:1900；Sheet1:2016；Sheet1:222；Sheet1:2274；Sheet1:2285；Sheet1:2307；Sheet1:236；Sheet1:2807；Sheet1:3023；Sheet1:303；Sheet1:3096；Sheet1:3326；Sheet1:3412；Sheet1:364；Sheet1:3658,个；条,规格: 大 || 规格: 120*140；特征: 厚 || 类型: 垃圾袋 || 规格: 100*120 || 品类: 垃圾袋 || 规格: 120 || 尺寸: 1.2m*1.4m || 颜色: 黑色；尺寸: 1.2米*1.4米 || 尺寸: 1m*1.2m,低精度/缺规格项与高精度项同时存在；低精度项已保留 needs_human_review。,补齐规格、品牌、型号、包装或执行标准后再进入可导入池。
ISSUE-00438,unit_conflict,high,塑料扫把,行政办公与清洁/清洁用品/清洁工具耗材,REVIEW-MAT-00059；REVIEW-MAT-02320,REVIEW-MAT-00059；REVIEW-MAT-02320,Sheet1:3599；Sheet1:90,个；把,材质: 塑料,同一标准名称、规范分组和规格下存在非同义单位；未自动合并。,确认是否同一物料的不同计量单位；如是则补 UOM 换算/包装规格，如不是则拆成不同物料。
ISSUE-00439,low_precision_conflict,medium,塑料扫把,行政办公与清洁/清洁用品/清洁工具耗材,REVIEW-MAT-00059；REVIEW-MAT-02320,REVIEW-MAT-00059；REVIEW-MAT-02320,Sheet1:3599；Sheet1:90,个；把,材质: 塑料,低精度/缺规格项与高精度项同时存在；低精度项已保留 needs_human_review。,补齐规格、品牌、型号、包装或执行标准后再进入可导入池。
ISSUE-00440,specs_conflict,medium,扫把,行政办公与清洁/清洁用品/清洁工具耗材,REVIEW-MAT-00085；REVIEW-MAT-01204,REVIEW-MAT-00085；REVIEW-MAT-01204,Sheet1:133；Sheet1:2000,个,类型: 扫把 || 品类: 扫把,同一标准名称和规范分组下存在多个规格签名；已保守拆开，需人工确认是否为不同物料。,逐项确认是否为不同规格物料；若规格足够明确则保留拆分，若其实同物料则补充等价规则后再合并。
ISSUE-00441,specs_conflict,medium,抹布,行政办公与清洁/清洁用品/清洁工具耗材,REVIEW-MAT-00920；REVIEW-MAT-01339；REVIEW-MAT-01365；REVIEW-MAT-01646,REVIEW-MAT-00920；REVIEW-MAT-01339；REVIEW-MAT-01365；REVIEW-MAT-01646,Sheet1:1612；Sheet1:2190；Sheet1:2227；Sheet1:2650；Sheet1:2681；Sheet1:2728；Sheet1:2848；Sheet1:2941；Sheet1:2968；Sheet1:2982；Sheet1:3432,条；kg；公斤；KG,品类: 抹布 || 形态: 大块；颜色: 白色 || 类型: 抹布,同一标准名称和规范分组下存在多个规格签名；已保守拆开，需人工确认是否为不同物料。,逐项确认是否为不同规格物料；若规格足够明确则保留拆分，若其实同物料则补充等价规则后再合并。
ISSUE-00442,unit_conflict,high,抹布,行政办公与清洁/清洁用品/清洁工具耗材,REVIEW-MAT-01339；REVIEW-MAT-01365,REVIEW-MAT-01339；REVIEW-MAT-01365,Sheet1:2190；Sheet1:2227,kg；公斤,形态: 大块；颜色: 白色,同一标准名称、规范分组和规格下存在非同义单位；未自动合并。,确认是否同一物料的不同计量单位；如是则补 UOM 换算/包装规格，如不是则拆成不同物料。
ISSUE-00443,low_precision_conflict,medium,抹布,行政办公与清洁/清洁用品/清洁工具耗材,REVIEW-MAT-00920；REVIEW-MAT-01339；REVIEW-MAT-01365；REVIEW-MAT-01646,REVIEW-MAT-00920；REVIEW-MAT-01339；REVIEW-MAT-01365；REVIEW-MAT-01646,Sheet1:1612；Sheet1:2190；Sheet1:2227；Sheet1:2650；Sheet1:2681；Sheet1:2728；Sheet1:2848；Sheet1:2941；Sheet1:2968；Sheet1:2982；Sheet1:3432,条；kg；公斤；KG,品类: 抹布 || 形态: 大块；颜色: 白色 || 类型: 抹布,低精度/缺规格项与高精度项同时存在；低精度项已保留 needs_human_review。,补齐规格、品牌、型号、包装或执行标准后再进入可导入池。
ISSUE-00444,specs_conflict,medium,拖把,行政办公与清洁/清洁用品/清洁工具耗材,REVIEW-MAT-00134；REVIEW-MAT-00173；REVIEW-MAT-00919,REVIEW-MAT-00134；REVIEW-MAT-00173；REVIEW-MAT-00919,Sheet1:1611；Sheet1:2014；Sheet1:235；Sheet1:258；Sheet1:307；Sheet1:325,个；支,规格: 大 || 品类: 拖把,同一标准名称和规范分组下存在多个规格签名；已保守拆开，需人工确认是否为不同物料。,逐项确认是否为不同规格物料；若规格足够明确则保留拆分，若其实同物料则补充等价规则后再合并。
ISSUE-00445,unit_conflict,high,拖把,行政办公与清洁/清洁用品/清洁工具耗材,REVIEW-MAT-00134；REVIEW-MAT-00173,REVIEW-MAT-00134；REVIEW-MAT-00173,Sheet1:235；Sheet1:258；Sheet1:307；Sheet1:325,个；支,规格: 大,同一标准名称、规范分组和规格下存在非同义单位；未自动合并。,确认是否同一物料的不同计量单位；如是则补 UOM 换算/包装规格，如不是则拆成不同物料。
ISSUE-00446,low_precision_conflict,medium,拖把,行政办公与清洁/清洁用品/清洁工具耗材,REVIEW-MAT-00134；REVIEW-MAT-00173；REVIEW-MAT-00919,REVIEW-MAT-00134；REVIEW-MAT-00173；REVIEW-MAT-00919,Sheet1:1611；Sheet1:2014；Sheet1:235；Sheet1:258；Sheet1:307；Sheet1:325,个；支,规格: 大 || 品类: 拖把,低精度/缺规格项与高精度项同时存在；低精度项已保留 needs_human_review。,补齐规格、品牌、型号、包装或执行标准后再进入可导入池。
ISSUE-00447,specs_conflict,medium,洗洁精,行政办公与清洁/清洁用品/清洁工具耗材,REVIEW-MAT-01053；REVIEW-MAT-01670；REVIEW-MAT-02032,REVIEW-MAT-01053；REVIEW-MAT-01670；REVIEW-MAT-02032,Sheet1:1795；Sheet1:2675；Sheet1:2898；Sheet1:3193,桶,包装: 4kg || 包装: 3KG || 包装: 2KG,同一标准名称和规范分组下存在多个规格签名；已保守拆开，需人工确认是否为不同物料。,逐项确认是否为不同规格物料；若规格足够明确则保留拆分，若其实同物料则补充等价规则后再合并。
ISSUE-00448,specs_conflict,medium,竹扫把,行政办公与清洁/清洁用品/清洁工具耗材,REVIEW-MAT-01145；REVIEW-MAT-01332；REVIEW-MAT-01683；REVIEW-MAT-02319,REVIEW-MAT-01145；REVIEW-MAT-01332；REVIEW-MAT-01683；REVIEW-MAT-02319,Sheet1:1923；Sheet1:2178；Sheet1:2273；Sheet1:2693；Sheet1:3058；Sheet1:3403；Sheet1:3598,个；把,规格: 大号；材质: 竹 || 规格: 大；材质: 竹 || 材质: 竹；类型: 扫把 || 材质: 竹；规格: 大,同一标准名称和规范分组下存在多个规格签名；已保守拆开，需人工确认是否为不同物料。,逐项确认是否为不同规格物料；若规格足够明确则保留拆分，若其实同物料则补充等价规则后再合并。
ISSUE-00449,unit_conflict,high,竹扫把,行政办公与清洁/清洁用品/清洁工具耗材,REVIEW-MAT-01332；REVIEW-MAT-02319,REVIEW-MAT-01332；REVIEW-MAT-02319,Sheet1:2178；Sheet1:2273；Sheet1:3598,个；把,规格: 大；材质: 竹 || 材质: 竹；规格: 大,同一标准名称、规范分组和规格下存在非同义单位；未自动合并。,确认是否同一物料的不同计量单位；如是则补 UOM 换算/包装规格，如不是则拆成不同物料。
ISSUE-00450,specs_conflict,medium,重油污清洗剂,行政办公与清洁/清洁用品/清洁工具耗材,REVIEW-MAT-00129；REVIEW-MAT-00187,REVIEW-MAT-00129；REVIEW-MAT-00187,Sheet1:227；Sheet1:336,KG；公斤,品牌: 宝雅；用途: 重油污 || 用途: 去重油污,同一标准名称和规范分组下存在多个规格签名；已保守拆开，需人工确认是否为不同物料。,逐项确认是否为不同规格物料；若规格足够明确则保留拆分，若其实同物料则补充等价规则后再合并。
ISSUE-00451,low_precision_conflict,medium,重油污清洗剂,行政办公与清洁/清洁用品/清洁工具耗材,REVIEW-MAT-00129；REVIEW-MAT-00187,REVIEW-MAT-00129；REVIEW-MAT-00187,Sheet1:227；Sheet1:336,KG；公斤,品牌: 宝雅；用途: 重油污 || 用途: 去重油污,低精度/缺规格项与高精度项同时存在；低精度项已保留 needs_human_review。,补齐规格、品牌、型号、包装或执行标准后再进入可导入池。
ISSUE-00452,specs_conflict,medium,高粱扫把,行政办公与清洁/清洁用品/清洁工具耗材,REVIEW-MAT-00061；REVIEW-MAT-00219；REVIEW-MAT-01693,REVIEW-MAT-00061；REVIEW-MAT-00219；REVIEW-MAT-01693,Sheet1:2709；Sheet1:3072；Sheet1:3435；Sheet1:383；Sheet1:92,把；个,材质/类型: 高粱 || 材质: 高粱；规格: 小 || 材质: 高粱；类型: 扫把,同一标准名称和规范分组下存在多个规格签名；已保守拆开，需人工确认是否为不同物料。,逐项确认是否为不同规格物料；若规格足够明确则保留拆分，若其实同物料则补充等价规则后再合并。
ISSUE-00453,low_precision_conflict,medium,高粱扫把,行政办公与清洁/清洁用品/清洁工具耗材,REVIEW-MAT-00061；REVIEW-MAT-00219；REVIEW-MAT-01693,REVIEW-MAT-00061；REVIEW-MAT-00219；REVIEW-MAT-01693,Sheet1:2709；Sheet1:3072；Sheet1:3435；Sheet1:383；Sheet1:92,把；个,材质/类型: 高粱 || 材质: 高粱；规格: 小 || 材质: 高粱；类型: 扫把,低精度/缺规格项与高精度项同时存在；低精度项已保留 needs_human_review。,补齐规格、品牌、型号、包装或执行标准后再进入可导入池。
ISSUE-00454,specs_conflict,medium,办公椅,行政办公与清洁/生活后勤/生活用品,REVIEW-MAT-00591；REVIEW-MAT-00794,REVIEW-MAT-00591；REVIEW-MAT-00794,Sheet1:1087；Sheet1:1441,把；个,类型: 多功能办公椅 || 品牌: 得力；类型: 多功能椅,同一标准名称和规范分组下存在多个规格签名；已保守拆开，需人工确认是否为不同物料。,逐项确认是否为不同规格物料；若规格足够明确则保留拆分，若其实同物料则补充等价规则后再合并。
ISSUE-00455,specs_conflict,medium,加厚周转箱,行政办公与清洁/生活后勤/生活用品,REVIEW-MAT-01979；REVIEW-MAT-02016,REVIEW-MAT-01979；REVIEW-MAT-02016,Sheet1:3130；Sheet1:3174,个,特征: 加厚；尺寸: 570*420*155 || 特征: 加厚；尺寸: 600*400*150,同一标准名称和规范分组下存在多个规格签名；已保守拆开，需人工确认是否为不同物料。,逐项确认是否为不同规格物料；若规格足够明确则保留拆分，若其实同物料则补充等价规则后再合并。
ISSUE-00456,specs_conflict,medium,塑料方凳,行政办公与清洁/生活后勤/生活用品,REVIEW-MAT-00184；REVIEW-MAT-01050,REVIEW-MAT-00184；REVIEW-MAT-01050,Sheet1:1792；Sheet1:330,个,材质: 塑料；规格: 50CM；特征: 加厚 || 材质: 塑料；类型: 方凳,同一标准名称和规范分组下存在多个规格签名；已保守拆开，需人工确认是否为不同物料。,逐项确认是否为不同规格物料；若规格足够明确则保留拆分，若其实同物料则补充等价规则后再合并。
ISSUE-00457,low_precision_conflict,medium,塑料方凳,行政办公与清洁/生活后勤/生活用品,REVIEW-MAT-00184；REVIEW-MAT-01050,REVIEW-MAT-00184；REVIEW-MAT-01050,Sheet1:1792；Sheet1:330,个,材质: 塑料；规格: 50CM；特征: 加厚 || 材质: 塑料；类型: 方凳,低精度/缺规格项与高精度项同时存在；低精度项已保留 needs_human_review。,补齐规格、品牌、型号、包装或执行标准后再进入可导入池。
ISSUE-00458,specs_conflict,medium,带盖方桶,行政办公与清洁/生活后勤/生活用品,REVIEW-MAT-01615；REVIEW-MAT-01893,REVIEW-MAT-01615；REVIEW-MAT-01893,Sheet1:2602；Sheet1:3012,只；个,材质: 牛筋；容量: 6L；配置: 带盖；地点备注: 蕰川路 || 材质: 牛筋；容量: 6L；配置: 带盖,同一标准名称和规范分组下存在多个规格签名；已保守拆开，需人工确认是否为不同物料。,逐项确认是否为不同规格物料；若规格足够明确则保留拆分，若其实同物料则补充等价规则后再合并。
ISSUE-00459,unit_conflict,high,床垫,行政办公与清洁/生活后勤/生活用品,REVIEW-MAT-00426；REVIEW-MAT-01678,REVIEW-MAT-00426；REVIEW-MAT-01678；REVIEW-MAT-01734,Sheet1:2687；Sheet1:2767；Sheet1:740,个；床；件,类型: 床垫,同一标准名称、规范分组和规格下存在非同义单位；未自动合并。,确认是否同一物料的不同计量单位；如是则补 UOM 换算/包装规格，如不是则拆成不同物料。
ISSUE-00460,unit_conflict,high,蚕丝被,行政办公与清洁/生活后勤/生活用品,REVIEW-MAT-01677；REVIEW-MAT-01733,REVIEW-MAT-01677；REVIEW-MAT-01733,Sheet1:2686；Sheet1:2766,件；套,材质: 蚕丝；类型: 被子,同一标准名称、规范分组和规格下存在非同义单位；未自动合并。,确认是否同一物料的不同计量单位；如是则补 UOM 换算/包装规格，如不是则拆成不同物料。
ISSUE-00461,low_precision_conflict,medium,蚕丝被,行政办公与清洁/生活后勤/生活用品,REVIEW-MAT-01677；REVIEW-MAT-01733,REVIEW-MAT-01677；REVIEW-MAT-01733,Sheet1:2686；Sheet1:2766,件；套,材质: 蚕丝；类型: 被子,低精度/缺规格项与高精度项同时存在；低精度项已保留 needs_human_review。,补齐规格、品牌、型号、包装或执行标准后再进入可导入池。
ISSUE-00462,specs_conflict,medium,轴承,设备备件与加工件/传动轴承/传动轴承,REVIEW-MAT-01193；REVIEW-MAT-01383,REVIEW-MAT-01193；REVIEW-MAT-01383,Sheet1:1983；Sheet1:2248,个,品牌: TIMKEN；型号: J90354；进口: 是 || 品牌: SKF；型号: 2315；进口: 是,同一标准名称和规范分组下存在多个规格签名；已保守拆开，需人工确认是否为不同物料。,逐项确认是否为不同规格物料；若规格足够明确则保留拆分，若其实同物料则补充等价规则后再合并。
ISSUE-00463,specs_conflict,medium,机械密封,设备备件与加工件/其他/密封件,REVIEW-MAT-01173；REVIEW-MAT-01222,REVIEW-MAT-01173；REVIEW-MAT-01222,Sheet1:1957；Sheet1:2021,个；套,型号: 6205 || 规格: 50,同一标准名称和规范分组下存在多个规格签名；已保守拆开，需人工确认是否为不同物料。,逐项确认是否为不同规格物料；若规格足够明确则保留拆分，若其实同物料则补充等价规则后再合并。
ISSUE-00464,specs_conflict,medium,混凝土振动棒,设备备件与加工件/其他/振动棒,REVIEW-MAT-02234；REVIEW-MAT-02254,REVIEW-MAT-02234；REVIEW-MAT-02254,Sheet1:3475；Sheet1:3507,根,型号/规格: 35型 || 电压: 380V；直径: Φ50；长度: 6m,同一标准名称和规范分组下存在多个规格签名；已保守拆开，需人工确认是否为不同物料。,逐项确认是否为不同规格物料；若规格足够明确则保留拆分，若其实同物料则补充等价规则后再合并。
ISSUE-00465,specs_conflict,medium,叶轮,设备备件与加工件/设备专用备件/设备备件,REVIEW-MAT-01834；REVIEW-MAT-01835；REVIEW-MAT-01841,REVIEW-MAT-01834；REVIEW-MAT-01835；REVIEW-MAT-01841,Sheet1:2923；Sheet1:2924；Sheet1:2933；Sheet1:2934,个,适配型号: QJB-4/6；部件: 叶轮 || 适配型号: QJB-2/8；部件: 叶轮 || 适配型号: QJB-5/8；部件: 叶轮,同一标准名称和规范分组下存在多个规格签名；已保守拆开，需人工确认是否为不同物料。,逐项确认是否为不同规格物料；若规格足够明确则保留拆分，若其实同物料则补充等价规则后再合并。
ISSUE-00466,specs_conflict,medium,污水泵,设备备件与加工件/设备专用备件/设备备件,REVIEW-MAT-00497；REVIEW-MAT-00588；REVIEW-MAT-01315,REVIEW-MAT-00497；REVIEW-MAT-00588；REVIEW-MAT-01315,Sheet1:1078；Sheet1:2153；Sheet1:871；Sheet1:988,台,功率: 1.5kW；类型: 污水泵 || 功率: 1.5kW；口径: 2寸 || 功率: 5.5kW；类型: 污水泵,同一标准名称和规范分组下存在多个规格签名；已保守拆开，需人工确认是否为不同物料。,逐项确认是否为不同规格物料；若规格足够明确则保留拆分，若其实同物料则补充等价规则后再合并。
ISSUE-00467,specs_conflict,medium,泥浆泵活塞,设备备件与加工件/设备专用备件/设备备件,REVIEW-MAT-01852；REVIEW-MAT-01853,REVIEW-MAT-01852；REVIEW-MAT-01853,Sheet1:2949；Sheet1:2950,只,适配型号: BW-250；部件: 活塞 || 适配型号: BW-150；部件: 活塞,同一标准名称和规范分组下存在多个规格签名；已保守拆开，需人工确认是否为不同物料。,逐项确认是否为不同规格物料；若规格足够明确则保留拆分，若其实同物料则补充等价规则后再合并。
ISSUE-00468,specs_conflict,medium,潜水泵,设备备件与加工件/设备专用备件/设备备件,REVIEW-MAT-00529；REVIEW-MAT-02099,REVIEW-MAT-00529；REVIEW-MAT-02099,Sheet1:3280；Sheet1:942,台,电压: 380V；功率: 2.2kW || 电压: 220V；功率: 370W；出口: 1寸,同一标准名称和规范分组下存在多个规格签名；已保守拆开，需人工确认是否为不同物料。,逐项确认是否为不同规格物料；若规格足够明确则保留拆分，若其实同物料则补充等价规则后再合并。
ISSUE-00469,specs_conflict,medium,电机,设备备件与加工件/设备专用备件/设备备件,REVIEW-MAT-01325；REVIEW-MAT-01532,REVIEW-MAT-01325；REVIEW-MAT-01532,Sheet1:2164；Sheet1:2450,台,功率: 7.5kW || 功率: 5.5kW,同一标准名称和规范分组下存在多个规格签名；已保守拆开，需人工确认是否为不同物料。,逐项确认是否为不同规格物料；若规格足够明确则保留拆分，若其实同物料则补充等价规则后再合并。
ISSUE-00470,specs_conflict,medium,管道增压泵,设备备件与加工件/设备专用备件/设备备件,REVIEW-MAT-01195；REVIEW-MAT-01196,REVIEW-MAT-01195；REVIEW-MAT-01196,Sheet1:1986；Sheet1:1987,个,电压: 380V；功率: 3kW；类型: 管道增压泵 || 电压: 380V；功率: 1.5kW；类型: 管道增压泵,同一标准名称和规范分组下存在多个规格签名；已保守拆开，需人工确认是否为不同物料。,逐项确认是否为不同规格物料；若规格足够明确则保留拆分，若其实同物料则补充等价规则后再合并。
ISSUE-00471,specs_conflict,medium,滤芯,设备备件与加工件/过滤密封/过滤件,REVIEW-MAT-00996；REVIEW-MAT-01590,REVIEW-MAT-00996；REVIEW-MAT-01590,Sheet1:1710；Sheet1:2570,个；只,型号: 06/08-25 || 进口: 是；尺寸: Φ160*505,同一标准名称和规范分组下存在多个规格签名；已保守拆开，需人工确认是否为不同物料。,逐项确认是否为不同规格物料；若规格足够明确则保留拆分，若其实同物料则补充等价规则后再合并。
ISSUE-00472,specs_conflict,medium,加厚卡箍,设备备件与加工件/金属加工件/金属加工件,REVIEW-MAT-01281；REVIEW-MAT-01282,REVIEW-MAT-01281；REVIEW-MAT-01282,Sheet1:2102；Sheet1:2103,个,加工: 是；规格: 89；特征: 加厚 || 加工: 是；规格: 219；特征: 加厚,同一标准名称和规范分组下存在多个规格签名；已保守拆开，需人工确认是否为不同物料。,逐项确认是否为不同规格物料；若规格足够明确则保留拆分，若其实同物料则补充等价规则后再合并。
ISSUE-00473,specs_conflict,medium,加厚风筒,设备备件与加工件/金属加工件/金属加工件,REVIEW-MAT-01526；REVIEW-MAT-01527,REVIEW-MAT-01526；REVIEW-MAT-01527,Sheet1:2436；Sheet1:2437,条,加工: 是；直径: 600；长度: 20米；特征: 加厚 || 加工: 是；直径: 600；长度: 10米；特征: 加厚,同一标准名称和规范分组下存在多个规格签名；已保守拆开，需人工确认是否为不同物料。,逐项确认是否为不同规格物料；若规格足够明确则保留拆分，若其实同物料则补充等价规则后再合并。
ISSUE-00474,specs_conflict,medium,加长弯头,设备备件与加工件/金属加工件/金属加工件,REVIEW-MAT-01075；REVIEW-MAT-01076；REVIEW-MAT-01077,REVIEW-MAT-01075；REVIEW-MAT-01076；REVIEW-MAT-01077,Sheet1:1825；Sheet1:1826；Sheet1:1827,个,定制: 是；规格: 168；特征: 加长 || 定制: 是；规格: 219；特征: 加长 || 定制: 是；规格: 60.5；特征: 加长,同一标准名称和规范分组下存在多个规格签名；已保守拆开，需人工确认是否为不同物料。,逐项确认是否为不同规格物料；若规格足够明确则保留拆分，若其实同物料则补充等价规则后再合并。
ISSUE-00475,specs_conflict,medium,卡槽弯头,设备备件与加工件/金属加工件/金属加工件,REVIEW-MAT-00768；REVIEW-MAT-00769,REVIEW-MAT-00768；REVIEW-MAT-00769,Sheet1:1410；Sheet1:1411,个,定制: 是；规格: 168；特征: 加长、带卡槽 || 定制: 是；规格: 219；特征: 加长、带卡槽,同一标准名称和规范分组下存在多个规格签名；已保守拆开，需人工确认是否为不同物料。,逐项确认是否为不同规格物料；若规格足够明确则保留拆分，若其实同物料则补充等价规则后再合并。
ISSUE-00476,specs_conflict,medium,卡箍接头,设备备件与加工件/金属加工件/金属加工件,REVIEW-MAT-01168；REVIEW-MAT-01169,REVIEW-MAT-01168；REVIEW-MAT-01169；REVIEW-MAT-01270,Sheet1:1952；Sheet1:1953；Sheet1:2087,个；件,加工: 是；规格: 168；类型: 卡箍接头 || 加工: 是；规格: 89；类型: 卡箍接头,同一标准名称和规范分组下存在多个规格签名；已保守拆开，需人工确认是否为不同物料。,逐项确认是否为不同规格物料；若规格足够明确则保留拆分，若其实同物料则补充等价规则后再合并。
ISSUE-00477,low_precision_conflict,medium,卡箍接头,设备备件与加工件/金属加工件/金属加工件,REVIEW-MAT-01168；REVIEW-MAT-01169,REVIEW-MAT-01168；REVIEW-MAT-01169；REVIEW-MAT-01270,Sheet1:1952；Sheet1:1953；Sheet1:2087,个；件,加工: 是；规格: 168；类型: 卡箍接头 || 加工: 是；规格: 89；类型: 卡箍接头,低精度/缺规格项与高精度项同时存在；低精度项已保留 needs_human_review。,补齐规格、品牌、型号、包装或执行标准后再进入可导入池。
ISSUE-00478,specs_conflict,medium,垫片,设备备件与加工件/金属加工件/金属加工件,REVIEW-MAT-00144；REVIEW-MAT-00235,REVIEW-MAT-00144；REVIEW-MAT-00235,Sheet1:254；Sheet1:408,个,规格: 110*100*5；加工: 是 || 定制: 是；规格: 12*600*5,同一标准名称和规范分组下存在多个规格签名；已保守拆开，需人工确认是否为不同物料。,逐项确认是否为不同规格物料；若规格足够明确则保留拆分，若其实同物料则补充等价规则后再合并。
ISSUE-00479,specs_conflict,medium,外丝接头,设备备件与加工件/金属加工件/金属加工件,REVIEW-MAT-00927；REVIEW-MAT-01156；REVIEW-MAT-01157,REVIEW-MAT-00927；REVIEW-MAT-01156；REVIEW-MAT-01157,Sheet1:1621；Sheet1:1936；Sheet1:1937,个,定制: 是；规格: 1寸；连接: 外丝 || 加工: 是；规格: 89；连接: 外丝 || 加工: 是；规格: 60；连接: 外丝,同一标准名称和规范分组下存在多个规格签名；已保守拆开，需人工确认是否为不同物料。,逐项确认是否为不同规格物料；若规格足够明确则保留拆分，若其实同物料则补充等价规则后再合并。
ISSUE-00480,specs_conflict,medium,定制电箱罩,设备备件与加工件/金属加工件/金属加工件,REVIEW-MAT-00908；REVIEW-MAT-00909,REVIEW-MAT-00908；REVIEW-MAT-00909,Sheet1:1594；Sheet1:1595,套,尺寸: 2.3*1.3*0.7；定制: 是；特征: 加厚 || 尺寸: 1.8*1.6*0.6；定制: 是；特征: 加厚,同一标准名称和规范分组下存在多个规格签名；已保守拆开，需人工确认是否为不同物料。,逐项确认是否为不同规格物料；若规格足够明确则保留拆分，若其实同物料则补充等价规则后再合并。
ISSUE-00481,specs_conflict,medium,定制钢板,设备备件与加工件/金属加工件/金属加工件,REVIEW-MAT-00796；REVIEW-MAT-01073,REVIEW-MAT-00796；REVIEW-MAT-01073,Sheet1:1443；Sheet1:1822,块,定制: 是；尺寸: 400*1000*30mm；材质: 钢板 || 加工: 是；尺寸: 400*400*40mm；材质: 钢板,同一标准名称和规范分组下存在多个规格签名；已保守拆开，需人工确认是否为不同物料。,逐项确认是否为不同规格物料；若规格足够明确则保留拆分，若其实同物料则补充等价规则后再合并。
ISSUE-00482,specs_conflict,medium,带牙钢管加工件,设备备件与加工件/金属加工件/金属加工件,REVIEW-MAT-00665；REVIEW-MAT-00674,REVIEW-MAT-00665；REVIEW-MAT-00674,Sheet1:1219；Sheet1:1238,个,加工: 是；规格: 89；工序: 带牙 || 加工: 是；规格: 80；工序: 带牙,同一标准名称和规范分组下存在多个规格签名；已保守拆开，需人工确认是否为不同物料。,逐项确认是否为不同规格物料；若规格足够明确则保留拆分，若其实同物料则补充等价规则后再合并。
ISSUE-00483,specs_conflict,medium,抱箍加工件,设备备件与加工件/金属加工件/金属加工件,REVIEW-MAT-01340；REVIEW-MAT-01341,REVIEW-MAT-01340；REVIEW-MAT-01341,Sheet1:2193；Sheet1:2194,个,加工: 是；规格: 3寸；类型: 抱箍 || 加工: 是；规格: 2寸；类型: 抱箍,同一标准名称和规范分组下存在多个规格签名；已保守拆开，需人工确认是否为不同物料。,逐项确认是否为不同规格物料；若规格足够明确则保留拆分，若其实同物料则补充等价规则后再合并。
ISSUE-00484,specs_conflict,medium,方柱加工件,设备备件与加工件/金属加工件/金属加工件,REVIEW-MAT-01825；REVIEW-MAT-01826,REVIEW-MAT-01825；REVIEW-MAT-01826,Sheet1:2912；Sheet1:2913,根,加工: 是；截面: 70mm*70mm；长度: 1m || 加工: 是；截面: 70mm*70mm；长度: 0.3m,同一标准名称和规范分组下存在多个规格签名；已保守拆开，需人工确认是否为不同物料。,逐项确认是否为不同规格物料；若规格足够明确则保留拆分，若其实同物料则补充等价规则后再合并。
ISSUE-00485,specs_conflict,medium,气源分配器,设备备件与加工件/金属加工件/金属加工件,REVIEW-MAT-00821；REVIEW-MAT-00937,REVIEW-MAT-00821；REVIEW-MAT-00937,Sheet1:1475；Sheet1:1632,套；个,定制: 是；材质: 不锈钢；接口: 2寸 || 定制: 是；材质: 不锈钢；路数: 6路,同一标准名称和规范分组下存在多个规格签名；已保守拆开，需人工确认是否为不同物料。,逐项确认是否为不同规格物料；若规格足够明确则保留拆分，若其实同物料则补充等价规则后再合并。
ISSUE-00486,specs_conflict,medium,泥浆管接头加工件,设备备件与加工件/金属加工件/金属加工件,REVIEW-MAT-01478；REVIEW-MAT-02114,REVIEW-MAT-01478；REVIEW-MAT-02114,Sheet1:2381；Sheet1:3298,件；个,加工: 是；管径: Φ219；用途: 泥浆管 || 加工: 是；连接: 焊接；管径: Φ168；用途: 泥浆管,同一标准名称和规范分组下存在多个规格签名；已保守拆开，需人工确认是否为不同物料。,逐项确认是否为不同规格物料；若规格足够明确则保留拆分，若其实同物料则补充等价规则后再合并。
ISSUE-00487,specs_conflict,medium,螺纹钢筋加工件,设备备件与加工件/金属加工件/金属加工件,REVIEW-MAT-02000；REVIEW-MAT-02005,REVIEW-MAT-02000；REVIEW-MAT-02005,Sheet1:3154；Sheet1:3163,根,加工: 是；直径: Φ20；长度: 40cm || 加工: 是；直径: Φ20；长度: 60cm,同一标准名称和规范分组下存在多个规格签名；已保守拆开，需人工确认是否为不同物料。,逐项确认是否为不同规格物料；若规格足够明确则保留拆分，若其实同物料则补充等价规则后再合并。
ISSUE-00488,specs_conflict,medium,钢圈,设备备件与加工件/金属加工件/金属加工件,REVIEW-MAT-00128；REVIEW-MAT-00143,REVIEW-MAT-00128；REVIEW-MAT-00143,Sheet1:226；Sheet1:252,个,材质: 钢；规格: 100*108*5；加工: 是 || 材质: 钢；规格: 100*110*10；加工: 是,同一标准名称和规范分组下存在多个规格签名；已保守拆开，需人工确认是否为不同物料。,逐项确认是否为不同规格物料；若规格足够明确则保留拆分，若其实同物料则补充等价规则后再合并。
ISSUE-00489,specs_conflict,medium,钢筋加工件,设备备件与加工件/金属加工件/金属加工件,REVIEW-MAT-00600；REVIEW-MAT-00601；REVIEW-MAT-00602,REVIEW-MAT-00600；REVIEW-MAT-00601；REVIEW-MAT-00602,Sheet1:1098；Sheet1:1099；Sheet1:1100,个,加工: 是；钢筋规格: 12；长度: 1.6米 || 加工: 是；钢筋规格: 12；长度: 11.93米 || 加工: 是；钢筋规格: 12；长度: 12.94米,同一标准名称和规范分组下存在多个规格签名；已保守拆开，需人工确认是否为不同物料。,逐项确认是否为不同规格物料；若规格足够明确则保留拆分，若其实同物料则补充等价规则后再合并。
ISSUE-00490,specs_conflict,medium,钢管抱箍,设备备件与加工件/金属加工件/金属加工件,REVIEW-MAT-00663；REVIEW-MAT-00664,REVIEW-MAT-00663；REVIEW-MAT-00664,Sheet1:1217；Sheet1:1218,个,加工: 是；规格: 159；适用: 钢管 || 加工: 是；规格: 89；适用: 钢管,同一标准名称和规范分组下存在多个规格签名；已保守拆开，需人工确认是否为不同物料。,逐项确认是否为不同规格物料；若规格足够明确则保留拆分，若其实同物料则补充等价规则后再合并。
ISSUE-00491,specs_conflict,medium,铝合金梯子,设备备件与加工件/金属加工件/金属加工件,REVIEW-MAT-01095；REVIEW-MAT-01125；REVIEW-MAT-01225,REVIEW-MAT-01095；REVIEW-MAT-01125；REVIEW-MAT-01225,Sheet1:1850；Sheet1:1893；Sheet1:2030,个,定制: 是；长度: 4米；规格: 3.5；材质: 铝合金；特征: 加厚 || 定制: 是；长度: 4米；规格: 5.2；材质: 铝合金；特征: 加厚 || 定制: 是；长度: 4米；材质: 铝合金；特征: 加厚,同一标准名称和规范分组下存在多个规格签名；已保守拆开，需人工确认是否为不同物料。,逐项确认是否为不同规格物料；若规格足够明确则保留拆分，若其实同物料则补充等价规则后再合并。
ISSUE-00492,specs_conflict,medium,高压内接头,设备备件与加工件/金属加工件/金属加工件,REVIEW-MAT-01126；REVIEW-MAT-01127；REVIEW-MAT-01128；REVIEW-MAT-01129,REVIEW-MAT-01126；REVIEW-MAT-01127；REVIEW-MAT-01128；REVIEW-MAT-01129,Sheet1:1894；Sheet1:1895；Sheet1:1896；Sheet1:1897,个,定制: 是；型号/规格: 52H42；类型: 内接高压 || 定制: 是；型号/规格: 36H28；类型: 内接高压 || 定制: 是；型号/规格: 30H20；类型: 内接高压 || 定制: 是；型号/规格: 26H20；类型: 内接高压,同一标准名称和规范分组下存在多个规格签名；已保守拆开，需人工确认是否为不同物料。,逐项确认是否为不同规格物料；若规格足够明确则保留拆分，若其实同物料则补充等价规则后再合并。
ISSUE-00493,specs_conflict,medium,高压弯头,设备备件与加工件/金属加工件/金属加工件,REVIEW-MAT-00302；REVIEW-MAT-00303；REVIEW-MAT-00304；REVIEW-MAT-00305；REVIEW-MAT-00306；REVIEW-MAT-00307；REVIEW-MAT-00308；REVIEW-MAT-00309,REVIEW-MAT-00302；REVIEW-MAT-00303；REVIEW-MAT-00304；REVIEW-MAT-00305；REVIEW-MAT-00306；REVIEW-MAT-00307；REVIEW-MAT-00308；REVIEW-MAT-00309,Sheet1:523；Sheet1:524；Sheet1:525；Sheet1:526；Sheet1:527；Sheet1:528；Sheet1:529；Sheet1:530,个,定制: 是；规格: 6x1.5；类型: 弯头 || 定制: 是；规格: 10x1.5；类型: 弯头 || 定制: 是；规格: 13x1.5；类型: 弯头 || 定制: 是；规格: 16x1.5；类型: 弯头 || 定制: 是；规格: 19x1.5；类型: 弯头 || 定制: 是；规格: 25x1.5；类型: 弯头 || 定制: 是；规格: 32x1.5；类型: 弯头 || 定制: 是；规格: 38x1.5；类型: 弯头,同一标准名称和规范分组下存在多个规格签名；已保守拆开，需人工确认是否为不同物料。,逐项确认是否为不同规格物料；若规格足够明确则保留拆分，若其实同物料则补充等价规则后再合并。
ISSUE-00494,specs_conflict,medium,方钢,金属原材料/其他/型钢,REVIEW-MAT-00318；REVIEW-MAT-00408；REVIEW-MAT-00449,REVIEW-MAT-00318；REVIEW-MAT-00408；REVIEW-MAT-00449,Sheet1:546；Sheet1:707；Sheet1:775,米,规格: 40*80；特征: 加厚 || 规格: 30*30*3 || 规格: 25*25,同一标准名称和规范分组下存在多个规格签名；已保守拆开，需人工确认是否为不同物料。,逐项确认是否为不同规格物料；若规格足够明确则保留拆分，若其实同物料则补充等价规则后再合并。
ISSUE-00495,specs_conflict,medium,槽钢,金属原材料/其他/型钢,REVIEW-MAT-00337；REVIEW-MAT-00369；REVIEW-MAT-00675,REVIEW-MAT-00337；REVIEW-MAT-00369；REVIEW-MAT-00675,Sheet1:1239；Sheet1:575；Sheet1:639,米,规格: 100#；标准: 国标 || 规格: 80 || 规格: 10#；特征: 厚,同一标准名称和规范分组下存在多个规格签名；已保守拆开，需人工确认是否为不同物料。,逐项确认是否为不同规格物料；若规格足够明确则保留拆分，若其实同物料则补充等价规则后再合并。
ISSUE-00496,specs_conflict,medium,角钢,金属原材料/其他/型钢,REVIEW-MAT-00270；REVIEW-MAT-00658,REVIEW-MAT-00270；REVIEW-MAT-00658,Sheet1:1202；Sheet1:1330；Sheet1:465；Sheet1:573；Sheet1:702,米,规格: 50*50*6；标准: 国标 || 规格: 40*40*5；标准: 国标,同一标准名称和规范分组下存在多个规格签名；已保守拆开，需人工确认是否为不同物料。,逐项确认是否为不同规格物料；若规格足够明确则保留拆分，若其实同物料则补充等价规则后再合并。
ISSUE-00497,specs_conflict,medium,无缝管,金属原材料/其他/钢管,REVIEW-MAT-00332；REVIEW-MAT-00652；REVIEW-MAT-00753,REVIEW-MAT-00332；REVIEW-MAT-00652；REVIEW-MAT-00753,Sheet1:1190；Sheet1:1384；Sheet1:567,米,规格: 325；壁厚: 14 || 规格: 68*6 || 规格: 325*12,同一标准名称和规范分组下存在多个规格签名；已保守拆开，需人工确认是否为不同物料。,逐项确认是否为不同规格物料；若规格足够明确则保留拆分，若其实同物料则补充等价规则后再合并。
ISSUE-00498,specs_conflict,medium,B型槽钢,金属原材料/钢材型材/钢材型材,REVIEW-MAT-01838；REVIEW-MAT-01839；REVIEW-MAT-02274,REVIEW-MAT-01838；REVIEW-MAT-01839；REVIEW-MAT-02274,Sheet1:2928；Sheet1:2929；Sheet1:3540,米,规格: 20#B || 规格: 16#B || 规格: 10#；型号: B型,同一标准名称和规范分组下存在多个规格签名；已保守拆开，需人工确认是否为不同物料。,逐项确认是否为不同规格物料；若规格足够明确则保留拆分，若其实同物料则补充等价规则后再合并。
ISSUE-00499,specs_conflict,medium,工字钢,金属原材料/钢材型材/钢材型材,REVIEW-MAT-00839；REVIEW-MAT-01530；REVIEW-MAT-02037,REVIEW-MAT-00839；REVIEW-MAT-01530；REVIEW-MAT-02037,Sheet1:1496；Sheet1:2448；Sheet1:3199；Sheet1:3200,米,规格: 20# || 规格: 14# || 规格: 16#,同一标准名称和规范分组下存在多个规格签名；已保守拆开，需人工确认是否为不同物料。,逐项确认是否为不同规格物料；若规格足够明确则保留拆分，若其实同物料则补充等价规则后再合并。
ISSUE-00500,specs_conflict,medium,扁钢,金属原材料/钢材型材/钢材型材,REVIEW-MAT-00833；REVIEW-MAT-01172,REVIEW-MAT-00833；REVIEW-MAT-01172,Sheet1:1490；Sheet1:1956,米,规格: 80*6mm || 规格: 50*5,同一标准名称和规范分组下存在多个规格签名；已保守拆开，需人工确认是否为不同物料。,逐项确认是否为不同规格物料；若规格足够明确则保留拆分，若其实同物料则补充等价规则后再合并。
ISSUE-00501,specs_conflict,medium,无缝钢管,金属原材料/钢材型材/钢材型材,REVIEW-MAT-00775；REVIEW-MAT-00827；REVIEW-MAT-00830；REVIEW-MAT-01276；REVIEW-MAT-01414；REVIEW-MAT-01765,REVIEW-MAT-00775；REVIEW-MAT-00827；REVIEW-MAT-00830；REVIEW-MAT-01144；REVIEW-MAT-01276；REVIEW-MAT-01414；REVIEW-MAT-01765,Sheet1:1418；Sheet1:1481；Sheet1:1484；Sheet1:1921；Sheet1:2093；Sheet1:2300；Sheet1:2809,米；根,外径: 48mm；壁厚: 4.0mm || 外径: 89mm；壁厚: 6mm || 外径: 325mm；壁厚: 14mm || 外径: 48mm；壁厚: 4mm || 外径: 60mm；壁厚: 4mm || 外径: 76mm；壁厚: 8mm || 外径: 325；壁厚: 12mm；长度: 6米,同一标准名称和规范分组下存在多个规格签名；已保守拆开，需人工确认是否为不同物料。,逐项确认是否为不同规格物料；若规格足够明确则保留拆分，若其实同物料则补充等价规则后再合并。
ISSUE-00502,specs_conflict,medium,槽钢,金属原材料/钢材型材/钢材型材,REVIEW-MAT-00192；REVIEW-MAT-00193；REVIEW-MAT-00838；REVIEW-MAT-01060；REVIEW-MAT-01643；REVIEW-MAT-01824,REVIEW-MAT-00192；REVIEW-MAT-00193；REVIEW-MAT-00838；REVIEW-MAT-01060；REVIEW-MAT-01642；REVIEW-MAT-01643；REVIEW-MAT-01824,Sheet1:1495；Sheet1:1537；Sheet1:1802；Sheet1:1918；Sheet1:2646；Sheet1:2647；Sheet1:2738；Sheet1:2910；Sheet1:3198；Sheet1:3407；Sheet1:342；Sheet1:343,米,规格: 200B || 规格: 160B || 规格: 10#；执行标准: 国标 || 规格: 10# || 规格: 8# || 规格: 6#,同一标准名称和规范分组下存在多个规格签名；已保守拆开，需人工确认是否为不同物料。,逐项确认是否为不同规格物料；若规格足够明确则保留拆分，若其实同物料则补充等价规则后再合并。
ISSUE-00503,specs_conflict,medium,花纹钢板,金属原材料/钢材型材/钢材型材,REVIEW-MAT-00336；REVIEW-MAT-00659；REVIEW-MAT-00807；REVIEW-MAT-00869；REVIEW-MAT-01715；REVIEW-MAT-01758,REVIEW-MAT-00336；REVIEW-MAT-00659；REVIEW-MAT-00807；REVIEW-MAT-00869；REVIEW-MAT-01715；REVIEW-MAT-01758,Sheet1:1203；Sheet1:1459；Sheet1:1538；Sheet1:1920；Sheet1:2739；Sheet1:2799；Sheet1:2911；Sheet1:574,平方；张,厚度: 3mm；类型: 花纹钢板 || 厚度: 3.0；类型: 花纹钢板 || 厚度: 3.0mm；表面: 花纹 || 厚度: 5mm；表面: 花纹 || 尺寸: 6m*1.26m；厚度: 6mm；表面: 花纹 || 尺寸: 6m*1.51m；厚度: 5.25mm；表面: 花纹,同一标准名称和规范分组下存在多个规格签名；已保守拆开，需人工确认是否为不同物料。,逐项确认是否为不同规格物料；若规格足够明确则保留拆分，若其实同物料则补充等价规则后再合并。
ISSUE-00504,low_precision_conflict,medium,花纹钢板,金属原材料/钢材型材/钢材型材,REVIEW-MAT-00336；REVIEW-MAT-00659；REVIEW-MAT-00807；REVIEW-MAT-00869；REVIEW-MAT-01715；REVIEW-MAT-01758,REVIEW-MAT-00336；REVIEW-MAT-00659；REVIEW-MAT-00807；REVIEW-MAT-00869；REVIEW-MAT-01715；REVIEW-MAT-01758,Sheet1:1203；Sheet1:1459；Sheet1:1538；Sheet1:1920；Sheet1:2739；Sheet1:2799；Sheet1:2911；Sheet1:574,平方；张,厚度: 3mm；类型: 花纹钢板 || 厚度: 3.0；类型: 花纹钢板 || 厚度: 3.0mm；表面: 花纹 || 厚度: 5mm；表面: 花纹 || 尺寸: 6m*1.26m；厚度: 6mm；表面: 花纹 || 尺寸: 6m*1.51m；厚度: 5.25mm；表面: 花纹,低精度/缺规格项与高精度项同时存在；低精度项已保留 needs_human_review。,补齐规格、品牌、型号、包装或执行标准后再进入可导入池。
ISSUE-00505,specs_conflict,medium,角钢,金属原材料/钢材型材/钢材型材,REVIEW-MAT-01043；REVIEW-MAT-01143；REVIEW-MAT-01576；REVIEW-MAT-01669,REVIEW-MAT-01043；REVIEW-MAT-01143；REVIEW-MAT-01576；REVIEW-MAT-01669,Sheet1:1777；Sheet1:1919；Sheet1:2548；Sheet1:2674；Sheet1:2798；Sheet1:2810；Sheet1:2889；Sheet1:3042,米；根,规格: 3*3*0.4；执行标准: 国标 || 规格: 40*5 || 规格: 40*40 || 规格: 50*50,同一标准名称和规范分组下存在多个规格签名；已保守拆开，需人工确认是否为不同物料。,逐项确认是否为不同规格物料；若规格足够明确则保留拆分，若其实同物料则补充等价规则后再合并。
ISSUE-00506,specs_conflict,medium,镀锌角钢,金属原材料/钢材型材/钢材型材,REVIEW-MAT-01072；REVIEW-MAT-01253；REVIEW-MAT-02278,REVIEW-MAT-01072；REVIEW-MAT-01253；REVIEW-MAT-02278,Sheet1:1820；Sheet1:2068；Sheet1:3547,根；米,规格: 4*4；表面: 镀锌 || 规格: 4*4*0.5；表面: 镀锌 || 表面: 镀锌；规格: 40*40,同一标准名称和规范分组下存在多个规格签名；已保守拆开，需人工确认是否为不同物料。,逐项确认是否为不同规格物料；若规格足够明确则保留拆分，若其实同物料则补充等价规则后再合并。
ISSUE-00507,specs_conflict,medium,不锈钢单向阀,阀门/其他/单向阀,REVIEW-MAT-00935；REVIEW-MAT-01903；REVIEW-MAT-02100,REVIEW-MAT-00935；REVIEW-MAT-01903；REVIEW-MAT-02100,Sheet1:1630；Sheet1:3026；Sheet1:3030；Sheet1:3281,个；只,品牌: 埃美柯；公称直径: DN80；材质: 不锈钢 || 材质: 不锈钢；规格: 1寸；类型: 单向阀 || 材质: 304不锈钢；公称通径: DN50,同一标准名称和规范分组下存在多个规格签名；已保守拆开，需人工确认是否为不同物料。,逐项确认是否为不同规格物料；若规格足够明确则保留拆分，若其实同物料则补充等价规则后再合并。
ISSUE-00508,specs_conflict,medium,弹簧式安全阀,阀门/其他/安全阀,REVIEW-MAT-01536；REVIEW-MAT-02092,REVIEW-MAT-01536；REVIEW-MAT-02092,Sheet1:2454；Sheet1:3273,只,型号: A28H-64；公称通径: DN32；结构: 弹簧式 || 结构: 弹簧式；公称通径: DN20,同一标准名称和规范分组下存在多个规格签名；已保守拆开，需人工确认是否为不同物料。,逐项确认是否为不同规格物料；若规格足够明确则保留拆分，若其实同物料则补充等价规则后再合并。
ISSUE-00509,specs_conflict,medium,法兰电动蝶阀,阀门/其他/电动阀门,REVIEW-MAT-00858；REVIEW-MAT-00859,REVIEW-MAT-00858；REVIEW-MAT-00859,Sheet1:1524；Sheet1:1525,个,公称直径: DN50；连接: 法兰；驱动: 电动 || 公称直径: DN80；连接: 法兰；驱动: 电动,同一标准名称和规范分组下存在多个规格签名；已保守拆开，需人工确认是否为不同物料。,逐项确认是否为不同规格物料；若规格足够明确则保留拆分，若其实同物料则补充等价规则后再合并。
ISSUE-00510,specs_conflict,medium,不锈钢内丝球阀,阀门/通用阀门/球阀,REVIEW-MAT-02080；REVIEW-MAT-02081,REVIEW-MAT-02080；REVIEW-MAT-02081,Sheet1:3257；Sheet1:3258,个,材质: 304不锈钢；规格: 4分；连接: 内丝 || 材质: 304不锈钢；规格: 3分；连接: 内丝,同一标准名称和规范分组下存在多个规格签名；已保守拆开，需人工确认是否为不同物料。,逐项确认是否为不同规格物料；若规格足够明确则保留拆分，若其实同物料则补充等价规则后再合并。
ISSUE-00511,specs_conflict,medium,不锈钢内外丝球阀,阀门/通用阀门/球阀,REVIEW-MAT-02078；REVIEW-MAT-02079,REVIEW-MAT-02078；REVIEW-MAT-02079,Sheet1:3255；Sheet1:3256,个,材质: 304不锈钢；规格: 4分；连接: 内外丝 || 材质: 304不锈钢；规格: 3分；连接: 内外丝,同一标准名称和规范分组下存在多个规格签名；已保守拆开，需人工确认是否为不同物料。,逐项确认是否为不同规格物料；若规格足够明确则保留拆分，若其实同物料则补充等价规则后再合并。
ISSUE-00512,specs_conflict,medium,不锈钢球阀,阀门/通用阀门/球阀,REVIEW-MAT-00917；REVIEW-MAT-00934；REVIEW-MAT-02145；REVIEW-MAT-02307；REVIEW-MAT-02308；REVIEW-MAT-02313；REVIEW-MAT-02314,REVIEW-MAT-00917；REVIEW-MAT-00934；REVIEW-MAT-02145；REVIEW-MAT-02307；REVIEW-MAT-02308；REVIEW-MAT-02313；REVIEW-MAT-02314,Sheet1:1609；Sheet1:1629；Sheet1:3339；Sheet1:3584；Sheet1:3585；Sheet1:3592；Sheet1:3593,个；只,品牌: 埃美柯；公称直径: DN50；材质: 不锈钢 || 品牌: 埃美柯；公称直径: DN80；材质: 不锈钢 || 材质: 不锈钢；规格: 32 || 材质: 304；公称通径: DN20 || 材质: 304；公称通径: DN15 || 材质: 304；公称通径: DN10 || 材质: 304；公称通径: DN8,同一标准名称和规范分组下存在多个规格签名；已保守拆开，需人工确认是否为不同物料。,逐项确认是否为不同规格物料；若规格足够明确则保留拆分，若其实同物料则补充等价规则后再合并。
ISSUE-00513,specs_conflict,medium,不锈钢高压球阀,阀门/通用阀门/球阀,REVIEW-MAT-01534；REVIEW-MAT-02070,REVIEW-MAT-01534；REVIEW-MAT-02070,Sheet1:2452；Sheet1:3243,只,材质: 不锈钢；用途: 液压；规格: 1寸 || 材质: 304不锈钢；规格: 2寸；类型: 高压球阀,同一标准名称和规范分组下存在多个规格签名；已保守拆开，需人工确认是否为不同物料。,逐项确认是否为不同规格物料；若规格足够明确则保留拆分，若其实同物料则补充等价规则后再合并。
ISSUE-00514,specs_conflict,medium,球阀,阀门/通用阀门/球阀,REVIEW-MAT-01152；REVIEW-MAT-01153；REVIEW-MAT-01293,REVIEW-MAT-01152；REVIEW-MAT-01153；REVIEW-MAT-01293,Sheet1:1930；Sheet1:1931；Sheet1:2115,个,品牌: 埃美柯；公称直径: DN80 || 品牌: 埃美柯；公称直径: DN50 || 品牌: 埃美柯；公称直径: DN15,同一标准名称和规范分组下存在多个规格签名；已保守拆开，需人工确认是否为不同物料。,逐项确认是否为不同规格物料；若规格足够明确则保留拆分，若其实同物料则补充等价规则后再合并。
ISSUE-00515,specs_conflict,medium,高压球阀,阀门/通用阀门/球阀,REVIEW-MAT-01427；REVIEW-MAT-01444,REVIEW-MAT-01427；REVIEW-MAT-01444,Sheet1:2319；Sheet1:2340,个,品牌: 埃美柯；规格: 20；类型: 高压球阀 || 品牌: 埃美柯；规格: 25；类型: 高压球阀,同一标准名称和规范分组下存在多个规格签名；已保守拆开，需人工确认是否为不同物料。,逐项确认是否为不同规格物料；若规格足够明确则保留拆分，若其实同物料则补充等价规则后再合并。
ISSUE-00516,alias_conflict,high,100A铜鼻子,电气与自动化/接线连接/接线端子,REVIEW-MAT-00092；REVIEW-MAT-01806,REVIEW-MAT-00092；REVIEW-MAT-01806,,个,规格: 100A；材质: 铜 || 材质: 铜；规格: 100A；俗称: 铜鼻子,同一原始别名映射到多个合并后物料；检索时必须让用户确认。,不要强行唯一化；保留多个候选，检索或建档时按规格、用途、品牌让用户确认。
ISSUE-00517,alias_conflict,high,10厘花篮,吊装索具/其他/拉紧器；吊装索具/其他/紧固调节,REVIEW-MAT-00732；REVIEW-MAT-01306,REVIEW-MAT-00732；REVIEW-MAT-01306,,个；套,规格: 10厘,同一原始别名映射到多个合并后物料；检索时必须让用户确认。,不要强行唯一化；保留多个候选，检索或建档时按规格、用途、品牌让用户确认。
ISSUE-00518,alias_conflict,high,14*100膨胀螺丝,紧固件/锚固件/膨胀锚栓,REVIEW-MAT-00905；REVIEW-MAT-00947,REVIEW-MAT-00905；REVIEW-MAT-00947,,套；个,规格: M14*100,同一原始别名映射到多个合并后物料；检索时必须让用户确认。,不要强行唯一化；保留多个候选，检索或建档时按规格、用途、品牌让用户确认。
ISSUE-00519,alias_conflict,high,14号铁丝,五金备件/其他/金属丝材,REVIEW-MAT-00260；REVIEW-MAT-00551,REVIEW-MAT-00260；REVIEW-MAT-00551,,kg；公斤,规格: 14号,同一原始别名映射到多个合并后物料；检索时必须让用户确认。,不要强行唯一化；保留多个候选，检索或建档时按规格、用途、品牌让用户确认。
ISSUE-00520,alias_conflict,high,168焊接弯头,工程建材/其他/管件；管道管件/其他/弯头,REVIEW-MAT-00681；REVIEW-MAT-00896,REVIEW-MAT-00681；REVIEW-MAT-00896,,个,规格: 168；连接: 焊接,同一原始别名映射到多个合并后物料；检索时必须让用户确认。,不要强行唯一化；保留多个候选，检索或建档时按规格、用途、品牌让用户确认。
ISSUE-00521,alias_conflict,high,16螺母,五金备件/其他/紧固件；紧固件/螺纹紧固件/螺母垫圈,REVIEW-MAT-00503；REVIEW-MAT-00893,REVIEW-MAT-00503；REVIEW-MAT-00893,,个,规格: 16 || 规格: M16,同一原始别名映射到多个合并后物料；检索时必须让用户确认。,不要强行唯一化；保留多个候选，检索或建档时按规格、用途、品牌让用户确认。
ISSUE-00522,alias_conflict,high,18尼龙绳,吊装索具/吊带索具/钢丝绳链条,REVIEW-MAT-00397；REVIEW-MAT-01033,REVIEW-MAT-00397；REVIEW-MAT-01033,,米,直径: 18mm；材质: 尼龙 || 规格/直径: 18；材质: 尼龙,同一原始别名映射到多个合并后物料；检索时必须让用户确认。,不要强行唯一化；保留多个候选，检索或建档时按规格、用途、品牌让用户确认。
ISSUE-00523,alias_conflict,high,200A铜鼻子,电气与自动化/接线连接/接线端子；电气与自动化/电线电缆与敷设/电线电缆,REVIEW-MAT-00093；REVIEW-MAT-00610,REVIEW-MAT-00093；REVIEW-MAT-00610,,个,规格: 200A；材质: 铜 || 电流: 200A；材质: 铜,同一原始别名映射到多个合并后物料；检索时必须让用户确认。,不要强行唯一化；保留多个候选，检索或建档时按规格、用途、品牌让用户确认。
ISSUE-00524,alias_conflict,high,22*100螺丝,五金备件/其他/紧固件；紧固件/螺纹紧固件/螺丝螺栓,REVIEW-MAT-00757；REVIEW-MAT-00789,REVIEW-MAT-00757；REVIEW-MAT-00789,,个；套,规格: 22*100 || 规格: M22*100；成套: 是,同一原始别名映射到多个合并后物料；检索时必须让用户确认。,不要强行唯一化；保留多个候选，检索或建档时按规格、用途、品牌让用户确认。
ISSUE-00525,alias_conflict,high,25钢丝管,管道管件/其他/软管；液压气动/液压管路/高压胶管,REVIEW-MAT-00968；REVIEW-MAT-01445,REVIEW-MAT-00968；REVIEW-MAT-01445,,米,公称直径: 25；结构: 钢丝增强 || 规格: 25；结构: 钢丝增强,同一原始别名映射到多个合并后物料；检索时必须让用户确认。,不要强行唯一化；保留多个候选，检索或建档时按规格、用途、品牌让用户确认。
ISSUE-00526,alias_conflict,high,2T卸扣,吊装索具/吊装连接件/卸扣吊钩,REVIEW-MAT-00160；REVIEW-MAT-00878,REVIEW-MAT-00160；REVIEW-MAT-00878,,个,载荷: 2T || 额定载荷: 2T,同一原始别名映射到多个合并后物料；检索时必须让用户确认。,不要强行唯一化；保留多个候选，检索或建档时按规格、用途、品牌让用户确认。
ISSUE-00527,alias_conflict,high,3.0花纹钢板,金属原材料/钢材型材/钢材型材,REVIEW-MAT-00659；REVIEW-MAT-00807,REVIEW-MAT-00659；REVIEW-MAT-00807,,平方,厚度: 3.0；类型: 花纹钢板 || 厚度: 3.0mm；表面: 花纹,同一原始别名映射到多个合并后物料；检索时必须让用户确认。,不要强行唯一化；保留多个候选，检索或建档时按规格、用途、品牌让用户确认。
ISSUE-00528,alias_conflict,high,3.2焊条,焊接焊割/其他/焊材；焊接焊割/焊割耗材/割嘴焊嘴,REVIEW-MAT-00346；REVIEW-MAT-01334,REVIEW-MAT-00346；REVIEW-MAT-01334,,个,直径: 3.2 || 直径: 3.2mm,同一原始别名映射到多个合并后物料；检索时必须让用户确认。,不要强行唯一化；保留多个候选，检索或建档时按规格、用途、品牌让用户确认。
ISSUE-00529,alias_conflict,high,300mm得力高精度卡尺,工具器具/量具测量/量具测量,REVIEW-MAT-01123；REVIEW-MAT-01423,REVIEW-MAT-01123；REVIEW-MAT-01423,,个；支,品牌: 得力；量程: 300mm；精度: 高精度 || 品牌: 得力；量程: 300mm；精度等级: 高精度,同一原始别名映射到多个合并后物料；检索时必须让用户确认。,不要强行唯一化；保留多个候选，检索或建档时按规格、用途、品牌让用户确认。
ISSUE-00530,alias_conflict,high,325胶垫,工程建材/其他/密封垫；管道管件/其他/密封垫片,REVIEW-MAT-00756；REVIEW-MAT-00788,REVIEW-MAT-00756；REVIEW-MAT-00788,,个,规格: 325；材质: 胶 || 规格: DN325；材质: 胶,同一原始别名映射到多个合并后物料；检索时必须让用户确认。,不要强行唯一化；保留多个候选，检索或建档时按规格、用途、品牌让用户确认。
ISSUE-00531,alias_conflict,high,3T卸扣,吊装索具/吊装连接件/卸扣吊钩,REVIEW-MAT-00478；REVIEW-MAT-01110,REVIEW-MAT-00478；REVIEW-MAT-01110,,个,载荷: 3T || 额定载荷: 3T,同一原始别名映射到多个合并后物料；检索时必须让用户确认。,不要强行唯一化；保留多个候选，检索或建档时按规格、用途、品牌让用户确认。
ISSUE-00532,alias_conflict,high,4*4*0.5镀锌角铁,金属原材料/钢材型材/钢材型材,REVIEW-MAT-00098；REVIEW-MAT-01253,REVIEW-MAT-00098；REVIEW-MAT-01253,,米,材质/表面: 镀锌；规格: 4*4*0.5 || 规格: 4*4*0.5；表面: 镀锌,同一原始别名映射到多个合并后物料；检索时必须让用户确认。,不要强行唯一化；保留多个候选，检索或建档时按规格、用途、品牌让用户确认。
ISSUE-00533,alias_conflict,high,40不锈钢挂锁,五金备件/门锁锁具/门锁锁具,REVIEW-MAT-00060；REVIEW-MAT-01807,REVIEW-MAT-00060；REVIEW-MAT-01807,,个；把,材质: 不锈钢；规格: 40 || 规格: 40；材质: 不锈钢 || 材质: 不锈钢；规格: 40,同一原始别名映射到多个合并后物料；检索时必须让用户确认。,不要强行唯一化；保留多个候选，检索或建档时按规格、用途、品牌让用户确认。
ISSUE-00534,alias_conflict,high,4T卸扣,吊装索具/吊装连接件/卸扣吊钩,REVIEW-MAT-00177；REVIEW-MAT-00879,REVIEW-MAT-00177；REVIEW-MAT-00879,,个,载荷: 4T || 额定载荷: 4T,同一原始别名映射到多个合并后物料；检索时必须让用户确认。,不要强行唯一化；保留多个候选，检索或建档时按规格、用途、品牌让用户确认。
ISSUE-00535,alias_conflict,high,4寸滚筒,工具器具/涂装工具/刷辊喷涂,REVIEW-MAT-00055；REVIEW-MAT-00636,REVIEW-MAT-00055；REVIEW-MAT-00636,,个；支,规格: 4寸,同一原始别名映射到多个合并后物料；检索时必须让用户确认。,不要强行唯一化；保留多个候选，检索或建档时按规格、用途、品牌让用户确认。
ISSUE-00536,alias_conflict,high,4寸羊毛刷,工具器具/涂装工具/刷辊喷涂,REVIEW-MAT-00099；REVIEW-MAT-00112；REVIEW-MAT-00242；REVIEW-MAT-00465,REVIEW-MAT-00099；REVIEW-MAT-00112；REVIEW-MAT-00242；REVIEW-MAT-00465,,个；支,规格: 4寸 || 规格: 4寸；材质: 羊毛,同一原始别名映射到多个合并后物料；检索时必须让用户确认。,不要强行唯一化；保留多个候选，检索或建档时按规格、用途、品牌让用户确认。
ISSUE-00537,alias_conflict,high,50*50*6国标角铁,金属原材料/钢材型材/钢材型材；金属原材料/其他/型钢,REVIEW-MAT-00145；REVIEW-MAT-00270,REVIEW-MAT-00145；REVIEW-MAT-00270,,米,规格: 50*50*6；标准: 国标,同一原始别名映射到多个合并后物料；检索时必须让用户确认。,不要强行唯一化；保留多个候选，检索或建档时按规格、用途、品牌让用户确认。
ISSUE-00538,alias_conflict,high,500A电焊钳,焊接焊割/其他/焊割工具；焊接焊割/焊割耗材/割嘴焊嘴,REVIEW-MAT-00271；REVIEW-MAT-00494；REVIEW-MAT-01295,REVIEW-MAT-00271；REVIEW-MAT-00494；REVIEW-MAT-01295,,把；支,电流: 500A || 额定电流: 500A,同一原始别名映射到多个合并后物料；检索时必须让用户确认。,不要强行唯一化；保留多个候选，检索或建档时按规格、用途、品牌让用户确认。
ISSUE-00539,alias_conflict,high,502胶水,化工油漆胶粘/胶粘密封/胶粘剂,REVIEW-MAT-00150；REVIEW-MAT-00995,REVIEW-MAT-00150；REVIEW-MAT-00995,,支；个,类型: 502 || 型号/俗称: 502,同一原始别名映射到多个合并后物料；检索时必须让用户确认。,不要强行唯一化；保留多个候选，检索或建档时按规格、用途、品牌让用户确认。
ISSUE-00540,alias_conflict,high,50kg冰块,行政办公与清洁/其他/临时消耗品,REVIEW-MAT-00571；REVIEW-MAT-00583,REVIEW-MAT-00571；REVIEW-MAT-00583,,个；块,重量: 50kg,同一原始别名映射到多个合并后物料；检索时必须让用户确认。,不要强行唯一化；保留多个候选，检索或建档时按规格、用途、品牌让用户确认。
ISSUE-00541,alias_conflict,high,6厘膨胀螺丝,五金备件/其他/紧固件；紧固件/锚固件/膨胀锚栓,REVIEW-MAT-00767；REVIEW-MAT-00832,REVIEW-MAT-00767；REVIEW-MAT-00832,,个,规格: 6厘,同一原始别名映射到多个合并后物料；检索时必须让用户确认。,不要强行唯一化；保留多个候选，检索或建档时按规格、用途、品牌让用户确认。
ISSUE-00542,alias_conflict,high,800A电焊钳,焊接焊割/其他/焊割工具；焊接焊割/焊割耗材/割嘴焊嘴,REVIEW-MAT-00272；REVIEW-MAT-01296,REVIEW-MAT-00272；REVIEW-MAT-01296,,把,电流: 800A || 额定电流: 800A,同一原始别名映射到多个合并后物料；检索时必须让用户确认。,不要强行唯一化；保留多个候选，检索或建档时按规格、用途、品牌让用户确认。
ISSUE-00543,alias_conflict,high,89焊接弯头,工程建材/其他/管件；管道管件/其他/弯头,REVIEW-MAT-00680；REVIEW-MAT-00836,REVIEW-MAT-00680；REVIEW-MAT-00836,,个,规格: 89；连接: 焊接,同一原始别名映射到多个合并后物料；检索时必须让用户确认。,不要强行唯一化；保留多个候选，检索或建档时按规格、用途、品牌让用户确认。
ISSUE-00544,alias_conflict,high,M20*130螺丝,五金备件/其他/紧固件；紧固件/螺纹紧固件/螺丝螺栓,REVIEW-MAT-00746；REVIEW-MAT-01189,REVIEW-MAT-00746；REVIEW-MAT-01189,,套；个,规格: M20*130,同一原始别名映射到多个合并后物料；检索时必须让用户确认。,不要强行唯一化；保留多个候选，检索或建档时按规格、用途、品牌让用户确认。
ISSUE-00545,alias_conflict,high,M20*35螺丝,五金备件/其他/紧固件；紧固件/螺纹紧固件/螺丝螺栓,REVIEW-MAT-00747；REVIEW-MAT-00976；REVIEW-MAT-01188,REVIEW-MAT-00747；REVIEW-MAT-00976；REVIEW-MAT-01188,,套；个,规格: M20*35 || 规格: M20*35；成套: 是,同一原始别名映射到多个合并后物料；检索时必须让用户确认。,不要强行唯一化；保留多个候选，检索或建档时按规格、用途、品牌让用户确认。
ISSUE-00546,alias_conflict,high,M20*40螺丝,五金备件/其他/紧固件；紧固件/螺纹紧固件/螺丝螺栓,REVIEW-MAT-00748；REVIEW-MAT-00977,REVIEW-MAT-00748；REVIEW-MAT-00977,,套,规格: M20*40 || 规格: M20*40；成套: 是,同一原始别名映射到多个合并后物料；检索时必须让用户确认。,不要强行唯一化；保留多个候选，检索或建档时按规格、用途、品牌让用户确认。
ISSUE-00547,alias_conflict,high,TPC1570一体式触摸屏,电气与自动化/其他/工控配件,REVIEW-MAT-01233；REVIEW-MAT-01280,REVIEW-MAT-01233；REVIEW-MAT-01280,,台；套,型号: TPC1570；结构: 一体式,同一原始别名映射到多个合并后物料；检索时必须让用户确认。,不要强行唯一化；保留多个候选，检索或建档时按规格、用途、品牌让用户确认。
ISSUE-00548,alias_conflict,high,T型螺丝M16*50平弹帽,紧固件/螺纹紧固件/螺丝螺栓,REVIEW-MAT-01507；REVIEW-MAT-01523,REVIEW-MAT-01507；REVIEW-MAT-01523,,套,规格: M16*50；类型: T型螺丝；套件: 平垫+弹垫+螺母 || 规格: M16*50；套件: 平垫+弹垫+螺母,同一原始别名映射到多个合并后物料；检索时必须让用户确认。,不要强行唯一化；保留多个候选，检索或建档时按规格、用途、品牌让用户确认。
ISSUE-00549,alias_conflict,high,一次性加厚雨衣,劳保用品/其他/雨具,REVIEW-MAT-00813；REVIEW-MAT-01079,REVIEW-MAT-00813；REVIEW-MAT-01079,,个；套,类型: 一次性；特征: 加厚,同一原始别名映射到多个合并后物料；检索时必须让用户确认。,不要强行唯一化；保留多个候选，检索或建档时按规格、用途、品牌让用户确认。
ISSUE-00550,alias_conflict,high,一次性口罩,劳保用品/其他/呼吸防护,REVIEW-MAT-00243；REVIEW-MAT-01723,REVIEW-MAT-00243；REVIEW-MAT-01723,,个,类型: 一次性 || 类型: 一次性口罩,同一原始别名映射到多个合并后物料；检索时必须让用户确认。,不要强行唯一化；保留多个候选，检索或建档时按规格、用途、品牌让用户确认。
ISSUE-00551,alias_conflict,high,一次性雨衣,劳保用品/其他/雨具,REVIEW-MAT-00472；REVIEW-MAT-01870,REVIEW-MAT-00472；REVIEW-MAT-01870,,套,类型: 一次性 || 类型: 一次性雨衣,同一原始别名映射到多个合并后物料；检索时必须让用户确认。,不要强行唯一化；保留多个候选，检索或建档时按规格、用途、品牌让用户确认。
ISSUE-00552,alias_conflict,high,不锈钢插销,五金备件/其他/门窗五金,REVIEW-MAT-00052；REVIEW-MAT-00069,REVIEW-MAT-00052；REVIEW-MAT-00069,,个；套,材质: 不锈钢,同一原始别名映射到多个合并后物料；检索时必须让用户确认。,不要强行唯一化；保留多个候选，检索或建档时按规格、用途、品牌让用户确认。
ISSUE-00553,alias_conflict,high,不锈钢锁扣,五金备件/其他/门窗五金；五金备件/门锁锁具/门锁锁具,REVIEW-MAT-00136；REVIEW-MAT-01822,REVIEW-MAT-00136；REVIEW-MAT-01822,,个；套,材质: 不锈钢 || 材质: 不锈钢；类型: 锁扣,同一原始别名映射到多个合并后物料；检索时必须让用户确认。,不要强行唯一化；保留多个候选，检索或建档时按规格、用途、品牌让用户确认。
ISSUE-00554,alias_conflict,high,世达尖嘴钳,工具器具/其他/手动工具；工具器具/手动工具/通用手动工具,REVIEW-MAT-00722；REVIEW-MAT-01443,REVIEW-MAT-00722；REVIEW-MAT-01443,,把；个,品牌: 世达；类型: 尖嘴钳,同一原始别名映射到多个合并后物料；检索时必须让用户确认。,不要强行唯一化；保留多个候选，检索或建档时按规格、用途、品牌让用户确认。
ISSUE-00555,alias_conflict,high,世达老虎钳,工具器具/其他/手动工具；工具器具/手动工具/通用手动工具,REVIEW-MAT-00720；REVIEW-MAT-01118；REVIEW-MAT-01665,REVIEW-MAT-00720；REVIEW-MAT-01118；REVIEW-MAT-01665,,把；个,品牌: 世达；类型: 老虎钳 || 品牌: 世达,同一原始别名映射到多个合并后物料；检索时必须让用户确认。,不要强行唯一化；保留多个候选，检索或建档时按规格、用途、品牌让用户确认。
ISSUE-00556,alias_conflict,high,乐泰243胶水,化工油漆胶粘/胶粘密封/胶粘剂,REVIEW-MAT-01612；REVIEW-MAT-02123,REVIEW-MAT-01612；REVIEW-MAT-02123,,个；瓶,品牌: 乐泰；型号: 243,同一原始别名映射到多个合并后物料；检索时必须让用户确认。,不要强行唯一化；保留多个候选，检索或建档时按规格、用途、品牌让用户确认。
ISSUE-00557,alias_conflict,high,乙炔表,焊接焊割/其他/气体配件；焊接焊割/焊割耗材/割嘴焊嘴；焊接焊割/焊割设备工具/焊机割炬；仪器仪表/压力温度仪表/压力温度,REVIEW-MAT-00641；REVIEW-MAT-01297；REVIEW-MAT-01764；REVIEW-MAT-02349,REVIEW-MAT-00641；REVIEW-MAT-01297；REVIEW-MAT-01764；REVIEW-MAT-02349,,个,适用气体: 乙炔；类型: 压力表/减压表 || 适用气体: 乙炔 || 介质: 乙炔；类型: 表/减压表 || 介质: 乙炔；类型: 压力表,同一原始别名映射到多个合并后物料；检索时必须让用户确认。,不要强行唯一化；保留多个候选，检索或建档时按规格、用途、品牌让用户确认。
ISSUE-00558,alias_conflict,high,二氧化碳表,焊接焊割/其他/气体配件；焊接焊割/焊割耗材/割嘴焊嘴,REVIEW-MAT-00640；REVIEW-MAT-00798,REVIEW-MAT-00640；REVIEW-MAT-00798,,个,适用气体: 二氧化碳；类型: 压力表/减压表 || 适用气体: 二氧化碳,同一原始别名映射到多个合并后物料；检索时必须让用户确认。,不要强行唯一化；保留多个候选，检索或建档时按规格、用途、品牌让用户确认。
ISSUE-00559,alias_conflict,high,五孔插座,电气与自动化/插头插座/插头插座,REVIEW-MAT-00155；REVIEW-MAT-00327,REVIEW-MAT-00155；REVIEW-MAT-00327,,个；套,类型: 五孔 || 类型: 五孔插座,同一原始别名映射到多个合并后物料；检索时必须让用户确认。,不要强行唯一化；保留多个候选，检索或建档时按规格、用途、品牌让用户确认。
ISSUE-00560,alias_conflict,high,公元25PPR弯头,工程建材/水暖建材/水暖五金,REVIEW-MAT-00029；REVIEW-MAT-00714,REVIEW-MAT-00029；REVIEW-MAT-00714,,个,品牌: 公元；规格: 25；类型: 弯头 || 品牌: 公元；规格: 25；材质: PPR,同一原始别名映射到多个合并后物料；检索时必须让用户确认。,不要强行唯一化；保留多个候选，检索或建档时按规格、用途、品牌让用户确认。
ISSUE-00561,alias_conflict,high,公元25PPR管,工程建材/水暖建材/水暖五金,REVIEW-MAT-00027；REVIEW-MAT-00441,REVIEW-MAT-00027；REVIEW-MAT-00441,,米,品牌: 公元；规格: 25 || 品牌: 公元；规格: 25；材质: PPR,同一原始别名映射到多个合并后物料；检索时必须让用户确认。,不要强行唯一化；保留多个候选，检索或建档时按规格、用途、品牌让用户确认。
ISSUE-00562,alias_conflict,high,公元热熔机,工具器具/其他/管道工具,REVIEW-MAT-00030；REVIEW-MAT-00713,REVIEW-MAT-00030；REVIEW-MAT-00713,,个；台,品牌: 公元；用途: PPR热熔,同一原始别名映射到多个合并后物料；检索时必须让用户确认。,不要强行唯一化；保留多个候选，检索或建档时按规格、用途、品牌让用户确认。
ISSUE-00563,alias_conflict,high,公牛五孔插座,电气与自动化/低压电器/开关按钮；电气与自动化/插头插座/插头插座,REVIEW-MAT-00012；REVIEW-MAT-00440；REVIEW-MAT-00621,REVIEW-MAT-00012；REVIEW-MAT-00440；REVIEW-MAT-00621,,个；套,品牌: 公牛；类型: 五孔 || 品牌: 公牛；类型: 五孔插座,同一原始别名映射到多个合并后物料；检索时必须让用户确认。,不要强行唯一化；保留多个候选，检索或建档时按规格、用途、品牌让用户确认。
ISSUE-00564,alias_conflict,high,创可贴,劳保用品/其他/急救用品,REVIEW-MAT-01134；REVIEW-MAT-01728,REVIEW-MAT-01134；REVIEW-MAT-01728,,个；盒,品类: 创可贴 || 类型: 创可贴,同一原始别名映射到多个合并后物料；检索时必须让用户确认。,不要强行唯一化；保留多个候选，检索或建档时按规格、用途、品牌让用户确认。
ISSUE-00565,alias_conflict,high,加厚双层帆布手套,劳保用品/手部防护/手套,REVIEW-MAT-00220；REVIEW-MAT-00634；REVIEW-MAT-01052,REVIEW-MAT-00220；REVIEW-MAT-00634；REVIEW-MAT-01052,,双,特征: 加厚、双层 || 材质: 帆布；特征: 加厚、双层 || 材质: 帆布；结构: 双层；特征: 加厚,同一原始别名映射到多个合并后物料；检索时必须让用户确认。,不要强行唯一化；保留多个候选，检索或建档时按规格、用途、品牌让用户确认。
ISSUE-00566,alias_conflict,high,加厚油布,工程建材/其他/防护覆盖；劳保用品/其他/覆盖防护,REVIEW-MAT-00548；REVIEW-MAT-00806；REVIEW-MAT-01036,REVIEW-MAT-00548；REVIEW-MAT-00806；REVIEW-MAT-01036,,平方；m2,特征: 加厚,同一原始别名映射到多个合并后物料；检索时必须让用户确认。,不要强行唯一化；保留多个候选，检索或建档时按规格、用途、品牌让用户确认。
ISSUE-00567,alias_conflict,high,加厚连体裤,劳保用品/头足身防护/防护服,REVIEW-MAT-01333；REVIEW-MAT-01451,REVIEW-MAT-01333；REVIEW-MAT-01451,,套,特征: 加厚；结构: 连体 || 特征: 加厚；款式: 连体,同一原始别名映射到多个合并后物料；检索时必须让用户确认。,不要强行唯一化；保留多个候选，检索或建档时按规格、用途、品牌让用户确认。
ISSUE-00568,alias_conflict,high,加气块200*300*600,工程建材/其他/砌块,REVIEW-MAT-02214；REVIEW-MAT-02270,REVIEW-MAT-02214；REVIEW-MAT-02270,,块,尺寸: 200*300*600,同一原始别名映射到多个合并后物料；检索时必须让用户确认。,不要强行唯一化；保留多个候选，检索或建档时按规格、用途、品牌让用户确认。
ISSUE-00569,alias_conflict,high,双快水泥,工程建材/水泥砂石/水泥砂石,REVIEW-MAT-00682；REVIEW-MAT-01371,REVIEW-MAT-00682；REVIEW-MAT-01371,,包,类型: 双快 || 类型: 双快水泥,同一原始别名映射到多个合并后物料；检索时必须让用户确认。,不要强行唯一化；保留多个候选，检索或建档时按规格、用途、品牌让用户确认。
ISSUE-00570,alias_conflict,high,回力雨鞋,劳保用品/其他/足部防护,REVIEW-MAT-01031；REVIEW-MAT-01237,REVIEW-MAT-01031；REVIEW-MAT-01237,,双,品牌: 回力；类型: 雨鞋 || 品牌: 回力,同一原始别名映射到多个合并后物料；检索时必须让用户确认。,不要强行唯一化；保留多个候选，检索或建档时按规格、用途、品牌让用户确认。
ISSUE-00571,alias_conflict,high,塑料扫把,行政办公与清洁/清洁用品/清洁工具耗材；劳保用品/其他/清洁工具,REVIEW-MAT-00059；REVIEW-MAT-00556；REVIEW-MAT-02320,REVIEW-MAT-00059；REVIEW-MAT-00556；REVIEW-MAT-02320,,个；把,材质: 塑料,同一原始别名映射到多个合并后物料；检索时必须让用户确认。,不要强行唯一化；保留多个候选，检索或建档时按规格、用途、品牌让用户确认。
ISSUE-00572,alias_conflict,high,大块棉布,劳保用品/其他/擦拭材料；行政办公与清洁/清洁用品/清洁工具耗材,REVIEW-MAT-00152；REVIEW-MAT-00811,REVIEW-MAT-00152；REVIEW-MAT-00811,,kg,规格: 大块 || 形态: 大块,同一原始别名映射到多个合并后物料；检索时必须让用户确认。,不要强行唯一化；保留多个候选，检索或建档时按规格、用途、品牌让用户确认。
ISSUE-00573,alias_conflict,high,大块白抹布,行政办公与清洁/清洁用品/清洁工具耗材,REVIEW-MAT-01339；REVIEW-MAT-01365,REVIEW-MAT-01339；REVIEW-MAT-01365,,kg；公斤,形态: 大块；颜色: 白色,同一原始别名映射到多个合并后物料；检索时必须让用户确认。,不要强行唯一化；保留多个候选，检索或建档时按规格、用途、品牌让用户确认。
ISSUE-00574,alias_conflict,high,大垃圾桶,劳保用品/其他/清洁工具；行政办公与清洁/清洁用品/清洁工具耗材,REVIEW-MAT-00507；REVIEW-MAT-01057,REVIEW-MAT-00507；REVIEW-MAT-01057,,个,规格: 大号 || 规格: 大,同一原始别名映射到多个合并后物料；检索时必须让用户确认。,不要强行唯一化；保留多个候选，检索或建档时按规格、用途、品牌让用户确认。
ISSUE-00575,alias_conflict,high,大拖把,行政办公与清洁/清洁用品/清洁工具耗材,REVIEW-MAT-00134；REVIEW-MAT-00173,REVIEW-MAT-00134；REVIEW-MAT-00173,,个；支,规格: 大,同一原始别名映射到多个合并后物料；检索时必须让用户确认。,不要强行唯一化；保留多个候选，检索或建档时按规格、用途、品牌让用户确认。
ISSUE-00576,alias_conflict,high,大竹扫把,行政办公与清洁/清洁用品/清洁工具耗材,REVIEW-MAT-01332；REVIEW-MAT-02319,REVIEW-MAT-01332；REVIEW-MAT-02319,,个；把,规格: 大；材质: 竹 || 材质: 竹；规格: 大,同一原始别名映射到多个合并后物料；检索时必须让用户确认。,不要强行唯一化；保留多个候选，检索或建档时按规格、用途、品牌让用户确认。
ISSUE-00577,alias_conflict,high,大编织袋,包装与标识/袋箱膜包装/袋箱膜,REVIEW-MAT-00508；REVIEW-MAT-02065,REVIEW-MAT-00508；REVIEW-MAT-02065,,个；条,规格: 大号 || 规格: 大号；类型: 编织袋,同一原始别名映射到多个合并后物料；检索时必须让用户确认。,不要强行唯一化；保留多个候选，检索或建档时按规格、用途、品牌让用户确认。
ISSUE-00578,alias_conflict,high,大艺锂电池角磨机,工具器具/电动工具/电钻角磨机,REVIEW-MAT-00175；REVIEW-MAT-00276,REVIEW-MAT-00175；REVIEW-MAT-00276,,台,品牌: 大艺；动力: 锂电池 || 品牌: 大艺；供电: 锂电池,同一原始别名映射到多个合并后物料；检索时必须让用户确认。,不要强行唯一化；保留多个候选，检索或建档时按规格、用途、品牌让用户确认。
ISSUE-00579,alias_conflict,high,大西洋422型3.2焊条,焊接焊割/焊接耗材/焊条焊丝,REVIEW-MAT-01939；REVIEW-MAT-02279,REVIEW-MAT-01939；REVIEW-MAT-02279,,箱,品牌: 大西洋；牌号: 422；直径: 3.2 || 品牌: 大西洋；型号: 422；直径: 3.2,同一原始别名映射到多个合并后物料；检索时必须让用户确认。,不要强行唯一化；保留多个候选，检索或建档时按规格、用途、品牌让用户确认。
ISSUE-00580,alias_conflict,high,小米二代对讲机,弱电安防/通信与监控/通信设备,REVIEW-MAT-01980；REVIEW-MAT-02289,REVIEW-MAT-01980；REVIEW-MAT-02289,,部,品牌: 小米；代际: 二代 || 品牌: 小米；型号: 二代,同一原始别名映射到多个合并后物料；检索时必须让用户确认。,不要强行唯一化；保留多个候选，检索或建档时按规格、用途、品牌让用户确认。
ISSUE-00581,alias_conflict,high,床垫,行政办公与清洁/生活后勤/生活用品,REVIEW-MAT-00426；REVIEW-MAT-01678,REVIEW-MAT-00426；REVIEW-MAT-01678,,个；床,类型: 床垫,同一原始别名映射到多个合并后物料；检索时必须让用户确认。,不要强行唯一化；保留多个候选，检索或建档时按规格、用途、品牌让用户确认。
ISSUE-00582,alias_conflict,high,开口铜鼻子300A,电气与自动化/接线连接/接线端子,REVIEW-MAT-02054；REVIEW-MAT-02282,REVIEW-MAT-02054；REVIEW-MAT-02282,,个,材质: 铜；类型: 开口铜鼻子；规格: 300A || 类型: 开口；材质: 铜；电流: 300A,同一原始别名映射到多个合并后物料；检索时必须让用户确认。,不要强行唯一化；保留多个候选，检索或建档时按规格、用途、品牌让用户确认。
ISSUE-00583,alias_conflict,high,彩色吊带5*6米,吊装索具/吊带索具/吊带,REVIEW-MAT-01059；REVIEW-MAT-01088,REVIEW-MAT-01059；REVIEW-MAT-01088,,付；根,额定载荷: 5T；长度: 6米；颜色: 彩色,同一原始别名映射到多个合并后物料；检索时必须让用户确认。,不要强行唯一化；保留多个候选，检索或建档时按规格、用途、品牌让用户确认。
ISSUE-00584,alias_conflict,high,得力刀片,工具器具/工具配件/工具配件；工具器具/手动工具/钳剪刀锤,REVIEW-MAT-00719；REVIEW-MAT-01367,REVIEW-MAT-00719；REVIEW-MAT-01367,,盒；合,品牌: 得力；类型: 刀片 || 品牌: 得力,同一原始别名映射到多个合并后物料；检索时必须让用户确认。,不要强行唯一化；保留多个候选，检索或建档时按规格、用途、品牌让用户确认。
ISSUE-00585,alias_conflict,high,得力美工刀,工具器具/其他/手动工具；工具器具/手动工具/钳剪刀锤,REVIEW-MAT-00115；REVIEW-MAT-01366,REVIEW-MAT-00115；REVIEW-MAT-01366,,支；个,品牌: 得力,同一原始别名映射到多个合并后物料；检索时必须让用户确认。,不要强行唯一化；保留多个候选，检索或建档时按规格、用途、品牌让用户确认。
ISSUE-00586,alias_conflict,high,扎带10*400,电气与自动化/其他/扎带；生产辅料/其他/扎带,REVIEW-MAT-01793；REVIEW-MAT-02329,REVIEW-MAT-01793；REVIEW-MAT-02329,,包,规格: 10*400,同一原始别名映射到多个合并后物料；检索时必须让用户确认。,不要强行唯一化；保留多个候选，检索或建档时按规格、用途、品牌让用户确认。
ISSUE-00587,alias_conflict,high,扎带10*500,电气与自动化/其他/扎带；生产辅料/其他/扎带,REVIEW-MAT-01754；REVIEW-MAT-02328,REVIEW-MAT-01754；REVIEW-MAT-02328,,包,规格: 10*500,同一原始别名映射到多个合并后物料；检索时必须让用户确认。,不要强行唯一化；保留多个候选，检索或建档时按规格、用途、品牌让用户确认。
ISSUE-00588,alias_conflict,high,扫把,行政办公与清洁/清洁用品/清洁工具耗材,REVIEW-MAT-00085；REVIEW-MAT-01204,REVIEW-MAT-00085；REVIEW-MAT-01204,,个,类型: 扫把 || 品类: 扫把,同一原始别名映射到多个合并后物料；检索时必须让用户确认。,不要强行唯一化；保留多个候选，检索或建档时按规格、用途、品牌让用户确认。
ISSUE-00589,alias_conflict,high,抗盐膨润土,化工油漆胶粘/其他/膨润土,REVIEW-MAT-01510；REVIEW-MAT-01522；REVIEW-MAT-02327,REVIEW-MAT-01510；REVIEW-MAT-01522；REVIEW-MAT-02327,,t；吨,类型: 抗盐膨润土 || 特性: 抗盐,同一原始别名映射到多个合并后物料；检索时必须让用户确认。,不要强行唯一化；保留多个候选，检索或建档时按规格、用途、品牌让用户确认。
ISSUE-00590,alias_conflict,high,抹布,行政办公与清洁/清洁用品/清洁工具耗材,REVIEW-MAT-00920；REVIEW-MAT-01646,REVIEW-MAT-00920；REVIEW-MAT-01646,,条；kg,品类: 抹布 || 类型: 抹布,同一原始别名映射到多个合并后物料；检索时必须让用户确认。,不要强行唯一化；保留多个候选，检索或建档时按规格、用途、品牌让用户确认。
ISSUE-00591,alias_conflict,high,拖把,劳保用品/其他/清洁工具；行政办公与清洁/清洁用品/清洁工具耗材,REVIEW-MAT-00607；REVIEW-MAT-00734；REVIEW-MAT-00919,REVIEW-MAT-00607；REVIEW-MAT-00734；REVIEW-MAT-00919,,支；个,类型: 拖把 || 品类: 拖把,同一原始别名映射到多个合并后物料；检索时必须让用户确认。,不要强行唯一化；保留多个候选，检索或建档时按规格、用途、品牌让用户确认。
ISSUE-00592,alias_conflict,high,架子管6m,工程建材/其他/脚手架管；工程建材/其他/脚手架,REVIEW-MAT-02076；REVIEW-MAT-02354,REVIEW-MAT-02076；REVIEW-MAT-02354,,根,长度: 6m；类型: 架子管 || 长度: 6m,同一原始别名映射到多个合并后物料；检索时必须让用户确认。,不要强行唯一化；保留多个候选，检索或建档时按规格、用途、品牌让用户确认。
ISSUE-00593,alias_conflict,high,氧气表,焊接焊割/其他/气体配件；焊接焊割/焊割耗材/割嘴焊嘴,REVIEW-MAT-00642；REVIEW-MAT-00799,REVIEW-MAT-00642；REVIEW-MAT-00799,,个,适用气体: 氧气；类型: 压力表/减压表 || 适用气体: 氧气,同一原始别名映射到多个合并后物料；检索时必须让用户确认。,不要强行唯一化；保留多个候选，检索或建档时按规格、用途、品牌让用户确认。
ISSUE-00594,alias_conflict,high,水龙头花洒,工程建材/水暖建材/水暖五金,REVIEW-MAT-00067；REVIEW-MAT-00216,REVIEW-MAT-00067；REVIEW-MAT-00216,,套；个,类型: 水龙头+花洒,同一原始别名映射到多个合并后物料；检索时必须让用户确认。,不要强行唯一化；保留多个候选，检索或建档时按规格、用途、品牌让用户确认。
ISSUE-00595,alias_conflict,high,油布,工程建材/其他/防护覆盖；劳保用品/其他/覆盖防护,REVIEW-MAT-00761；REVIEW-MAT-01291,REVIEW-MAT-00761；REVIEW-MAT-01291,,平方,类型: 油布 || 品类: 油布,同一原始别名映射到多个合并后物料；检索时必须让用户确认。,不要强行唯一化；保留多个候选，检索或建档时按规格、用途、品牌让用户确认。
ISSUE-00596,alias_conflict,high,注浆枪头,工程建材/保温防水/防水堵漏,REVIEW-MAT-01374；REVIEW-MAT-01442,REVIEW-MAT-01374；REVIEW-MAT-01442,,个,类型: 注浆枪头 || 用途: 注浆；部件: 枪头,同一原始别名映射到多个合并后物料；检索时必须让用户确认。,不要强行唯一化；保留多个候选，检索或建档时按规格、用途、品牌让用户确认。
ISSUE-00597,alias_conflict,high,洁厕灵,行政办公与清洁/清洁用品/清洁工具耗材；劳保用品/其他/清洁用品,REVIEW-MAT-00038；REVIEW-MAT-00606,REVIEW-MAT-00038；REVIEW-MAT-00606,,瓶；支,类型: 洁厕清洁剂 || 类型: 洁厕灵,同一原始别名映射到多个合并后物料；检索时必须让用户确认。,不要强行唯一化；保留多个候选，检索或建档时按规格、用途、品牌让用户确认。
ISSUE-00598,alias_conflict,high,海螺42.5水泥,工程建材/水泥砂石/水泥砂石,REVIEW-MAT-01786；REVIEW-MAT-02265,REVIEW-MAT-01786；REVIEW-MAT-02265,,包,品牌: 海螺；强度等级: 42.5,同一原始别名映射到多个合并后物料；检索时必须让用户确认。,不要强行唯一化；保留多个候选，检索或建档时按规格、用途、品牌让用户确认。
ISSUE-00599,alias_conflict,high,灭火器2KG,消防器材/灭火器与水带/灭火器,REVIEW-MAT-01115；REVIEW-MAT-01556,REVIEW-MAT-01115；REVIEW-MAT-01556,,个；瓶,规格: 2kg || 灭火剂重量: 2KG,同一原始别名映射到多个合并后物料；检索时必须让用户确认。,不要强行唯一化；保留多个候选，检索或建档时按规格、用途、品牌让用户确认。
ISSUE-00600,alias_conflict,high,灭火器箱子,消防器材/灭火器与水带/灭火器,REVIEW-MAT-01116；REVIEW-MAT-02164,REVIEW-MAT-01116；REVIEW-MAT-02164,,个,类型: 灭火器箱 || 用途: 灭火器存放,同一原始别名映射到多个合并后物料；检索时必须让用户确认。,不要强行唯一化；保留多个候选，检索或建档时按规格、用途、品牌让用户确认。
ISSUE-00601,alias_conflict,high,生料带,工程建材/水暖建材/水暖五金,REVIEW-MAT-00108；REVIEW-MAT-00435,REVIEW-MAT-00108；REVIEW-MAT-00435,,个,类型: 密封带 || 类型: 生料带,同一原始别名映射到多个合并后物料；检索时必须让用户确认。,不要强行唯一化；保留多个候选，检索或建档时按规格、用途、品牌让用户确认。
ISSUE-00602,alias_conflict,high,电焊眼镜,劳保用品/其他/眼面防护,REVIEW-MAT-00189；REVIEW-MAT-00347；REVIEW-MAT-01976,REVIEW-MAT-00189；REVIEW-MAT-00347；REVIEW-MAT-01976,,付；副,用途: 电焊 || 用途: 电焊防护,同一原始别名映射到多个合并后物料；检索时必须让用户确认。,不要强行唯一化；保留多个候选，检索或建档时按规格、用途、品牌让用户确认。
ISSUE-00603,alias_conflict,high,白色喷漆,化工油漆胶粘/油漆涂料/涂料油漆,REVIEW-MAT-00744；REVIEW-MAT-00964；REVIEW-MAT-01242,REVIEW-MAT-00744；REVIEW-MAT-00964；REVIEW-MAT-01242,,瓶；个；支,颜色: 白色；类型: 喷漆,同一原始别名映射到多个合并后物料；检索时必须让用户确认。,不要强行唯一化；保留多个候选，检索或建档时按规格、用途、品牌让用户确认。
ISSUE-00604,alias_conflict,high,白色玻璃胶,化工油漆胶粘/胶粘密封/胶粘剂,REVIEW-MAT-00314；REVIEW-MAT-01034,REVIEW-MAT-00314；REVIEW-MAT-01034,,支,颜色: 白色 || 颜色: 白色；类型: 玻璃胶,同一原始别名映射到多个合并后物料；检索时必须让用户确认。,不要强行唯一化；保留多个候选，检索或建档时按规格、用途、品牌让用户确认。
ISSUE-00605,alias_conflict,high,白色记号笔,行政办公与清洁/其他/标识耗材；行政办公与清洁/办公用品/文具书写,REVIEW-MAT-00316；REVIEW-MAT-01209；REVIEW-MAT-02245,REVIEW-MAT-00316；REVIEW-MAT-01209；REVIEW-MAT-02245,,支；个,颜色: 白色,同一原始别名映射到多个合并后物料；检索时必须让用户确认。,不要强行唯一化；保留多个候选，检索或建档时按规格、用途、品牌让用户确认。
ISSUE-00606,alias_conflict,high,白色调和油漆,化工油漆胶粘/油漆涂料/涂料油漆,REVIEW-MAT-00206；REVIEW-MAT-00261,REVIEW-MAT-00206；REVIEW-MAT-00261,,桶,颜色: 白色；类型: 调和油漆 || 颜色: 白色；类型: 调和漆,同一原始别名映射到多个合并后物料；检索时必须让用户确认。,不要强行唯一化；保留多个候选，检索或建档时按规格、用途、品牌让用户确认。
ISSUE-00607,alias_conflict,high,石笔,工具器具/其他/划线耗材；焊接焊割/其他/划线工具,REVIEW-MAT-00800；REVIEW-MAT-01987,REVIEW-MAT-00800；REVIEW-MAT-01987,,个；盒,品类: 石笔 || 类型: 石笔,同一原始别名映射到多个合并后物料；检索时必须让用户确认。,不要强行唯一化；保留多个候选，检索或建档时按规格、用途、品牌让用户确认。
ISSUE-00608,alias_conflict,high,红模板2.4m*1.22m*15mm,工程建材/其他/模板,REVIEW-MAT-01994；REVIEW-MAT-02006,REVIEW-MAT-01994；REVIEW-MAT-02006,,张；块,颜色: 红；尺寸: 2.4m*1.22m；厚度: 15mm,同一原始别名映射到多个合并后物料；检索时必须让用户确认。,不要强行唯一化；保留多个候选，检索或建档时按规格、用途、品牌让用户确认。
ISSUE-00609,alias_conflict,high,红色自喷漆,化工油漆胶粘/油漆涂料/涂料油漆,REVIEW-MAT-01010；REVIEW-MAT-01724,REVIEW-MAT-01010；REVIEW-MAT-01724,,支；瓶,颜色: 红色；类型: 自喷漆 || 颜色: 红色,同一原始别名映射到多个合并后物料；检索时必须让用户确认。,不要强行唯一化；保留多个候选，检索或建档时按规格、用途、品牌让用户确认。
ISSUE-00610,alias_conflict,high,编织袋,包装与标识/袋箱膜包装/袋箱膜,REVIEW-MAT-00424；REVIEW-MAT-01238,REVIEW-MAT-00424；REVIEW-MAT-01238,,个,类型: 编织袋 || 品类: 编织袋,同一原始别名映射到多个合并后物料；检索时必须让用户确认。,不要强行唯一化；保留多个候选，检索或建档时按规格、用途、品牌让用户确认。
ISSUE-00611,alias_conflict,high,羊毛刷4寸,工具器具/涂装工具/刷辊喷涂,REVIEW-MAT-00242；REVIEW-MAT-01947,REVIEW-MAT-00242；REVIEW-MAT-01947,,个；把,规格: 4寸；材质: 羊毛,同一原始别名映射到多个合并后物料；检索时必须让用户确认。,不要强行唯一化；保留多个候选，检索或建档时按规格、用途、品牌让用户确认。
ISSUE-00612,alias_conflict,high,美工刀,工具器具/其他/手动工具；工具器具/手动工具/钳剪刀锤,REVIEW-MAT-00232；REVIEW-MAT-00718；REVIEW-MAT-01223,REVIEW-MAT-00232；REVIEW-MAT-00718；REVIEW-MAT-01223,,支；把；个,类型: 美工刀,同一原始别名映射到多个合并后物料；检索时必须让用户确认。,不要强行唯一化；保留多个候选，检索或建档时按规格、用途、品牌让用户确认。
ISSUE-00613,alias_conflict,high,聚氨酯堵漏剂20KG,化工油漆胶粘/其他/堵漏剂；化工油漆胶粘/其他/堵漏材料,REVIEW-MAT-00007；REVIEW-MAT-01769,REVIEW-MAT-00007；REVIEW-MAT-01769,,桶,包装规格: 20KG；类型: 堵漏剂 || 材料: 聚氨酯；用途: 堵漏；包装: 20KG,同一原始别名映射到多个合并后物料；检索时必须让用户确认。,不要强行唯一化；保留多个候选，检索或建档时按规格、用途、品牌让用户确认。
ISSUE-00614,alias_conflict,high,蚕丝被,行政办公与清洁/生活后勤/生活用品,REVIEW-MAT-01677；REVIEW-MAT-01733,REVIEW-MAT-01677；REVIEW-MAT-01733,,个；套,材质: 蚕丝；类型: 被子,同一原始别名映射到多个合并后物料；检索时必须让用户确认。,不要强行唯一化；保留多个候选，检索或建档时按规格、用途、品牌让用户确认。
ISSUE-00615,alias_conflict,high,记号笔,行政办公与清洁/办公用品/文具书写,REVIEW-MAT-00110；REVIEW-MAT-00801；REVIEW-MAT-01199,REVIEW-MAT-00110；REVIEW-MAT-00801；REVIEW-MAT-01199,,个；支,类型: 记号笔 || 品类: 记号笔,同一原始别名映射到多个合并后物料；检索时必须让用户确认。,不要强行唯一化；保留多个候选，检索或建档时按规格、用途、品牌让用户确认。
ISSUE-00616,alias_conflict,high,金属测绳,工具器具/量具测量/量具测量,REVIEW-MAT-00446；REVIEW-MAT-01419,REVIEW-MAT-00446；REVIEW-MAT-01419,,米,材质: 金属 || 材质: 金属；类型: 测绳,同一原始别名映射到多个合并后物料；检索时必须让用户确认。,不要强行唯一化；保留多个候选，检索或建档时按规格、用途、品牌让用户确认。
ISSUE-00617,alias_conflict,high,钢丝刷,工具器具/其他/清洁工具；工具器具/其他/清理工具,REVIEW-MAT-00590；REVIEW-MAT-01185,REVIEW-MAT-00590；REVIEW-MAT-01185,,支；个,类型: 钢丝刷,同一原始别名映射到多个合并后物料；检索时必须让用户确认。,不要强行唯一化；保留多个候选，检索或建档时按规格、用途、品牌让用户确认。
ISSUE-00618,alias_conflict,high,钢丝球,劳保用品/其他/清洁用品；行政办公与清洁/清洁用品/清洁工具耗材,REVIEW-MAT-00589；REVIEW-MAT-01694,REVIEW-MAT-00589；REVIEW-MAT-01694,,个,类型: 钢丝球,同一原始别名映射到多个合并后物料；检索时必须让用户确认。,不要强行唯一化；保留多个候选，检索或建档时按规格、用途、品牌让用户确认。
ISSUE-00619,alias_conflict,high,钢刷,工具器具/涂装工具/刷辊喷涂,REVIEW-MAT-01675；REVIEW-MAT-01697,REVIEW-MAT-01675；REVIEW-MAT-01697,,个；把,材质: 钢丝；类型: 钢刷,同一原始别名映射到多个合并后物料；检索时必须让用户确认。,不要强行唯一化；保留多个候选，检索或建档时按规格、用途、品牌让用户确认。
ISSUE-00620,alias_conflict,high,铁丝,五金备件/其他/金属丝,REVIEW-MAT-00924；REVIEW-MAT-01401,REVIEW-MAT-00924；REVIEW-MAT-01401,,kg；公斤,材质: 铁,同一原始别名映射到多个合并后物料；检索时必须让用户确认。,不要强行唯一化；保留多个候选，检索或建档时按规格、用途、品牌让用户确认。
ISSUE-00621,alias_conflict,high,铁丝14#,五金备件/其他/金属丝；金属原材料/其他/铁丝,REVIEW-MAT-01657；REVIEW-MAT-02266,REVIEW-MAT-01657；REVIEW-MAT-02266,,kg,规格: 14#；材质: 铁 || 规格: 14#,同一原始别名映射到多个合并后物料；检索时必须让用户确认。,不要强行唯一化；保留多个候选，检索或建档时按规格、用途、品牌让用户确认。
ISSUE-00622,alias_conflict,high,铁锹柄,工具器具/工具配件/工具配件,REVIEW-MAT-00690；REVIEW-MAT-01146；REVIEW-MAT-01239,REVIEW-MAT-00690；REVIEW-MAT-01146；REVIEW-MAT-01239,,支；个,适用: 铁锹 || 部件: 柄；适用: 铁锹,同一原始别名映射到多个合并后物料；检索时必须让用户确认。,不要强行唯一化；保留多个候选，检索或建档时按规格、用途、品牌让用户确认。
ISSUE-00623,alias_conflict,high,镀锌内丝直接2寸,管道管件/金属管件/镀锌管件,REVIEW-MAT-01972；REVIEW-MAT-02259,REVIEW-MAT-01972；REVIEW-MAT-02259,,个,表面: 镀锌；连接: 内丝；规格: 2寸；类型: 直接 || 表面: 镀锌；连接: 内丝；规格: 2寸,同一原始别名映射到多个合并后物料；检索时必须让用户确认。,不要强行唯一化；保留多个候选，检索或建档时按规格、用途、品牌让用户确认。
ISSUE-00624,alias_conflict,high,闭门器大,五金备件/其他/门窗五金,REVIEW-MAT-00068；REVIEW-MAT-00378,REVIEW-MAT-00068；REVIEW-MAT-00378,,套；个,规格: 大 || 规格: 大号,同一原始别名映射到多个合并后物料；检索时必须让用户确认。,不要强行唯一化；保留多个候选，检索或建档时按规格、用途、品牌让用户确认。
ISSUE-00625,alias_conflict,high,高粱扫把,行政办公与清洁/清洁用品/清洁工具耗材；劳保用品/其他/清洁工具,REVIEW-MAT-00061；REVIEW-MAT-00350；REVIEW-MAT-01693,REVIEW-MAT-00061；REVIEW-MAT-00350；REVIEW-MAT-01693,,把；支,材质/类型: 高粱 || 材质: 高粱 || 材质: 高粱；类型: 扫把,同一原始别名映射到多个合并后物料；检索时必须让用户确认。,不要强行唯一化；保留多个候选，检索或建档时按规格、用途、品牌让用户确认。
ISSUE-00626,alias_conflict,high,黄砂,工程建材/水泥砂石/水泥砂石,REVIEW-MAT-01785；REVIEW-MAT-02269,REVIEW-MAT-01785；REVIEW-MAT-02269,,吨,类型: 黄砂 || 材料: 黄砂,同一原始别名映射到多个合并后物料；检索时必须让用户确认。,不要强行唯一化；保留多个候选，检索或建档时按规格、用途、品牌让用户确认。
ISSUE-00627,alias_conflict,high,黑色记号笔,行政办公与清洁/其他/标识耗材；行政办公与清洁/办公用品/文具书写,REVIEW-MAT-00500；REVIEW-MAT-02204,REVIEW-MAT-00500；REVIEW-MAT-02204,,支,颜色: 黑色,同一原始别名映射到多个合并后物料；检索时必须让用户确认。,不要强行唯一化；保留多个候选，检索或建档时按规格、用途、品牌让用户确认。
ISSUE-00628,needs_human_review,medium,办公室门锁,五金备件/门锁锁具/门锁锁具,REVIEW-MAT-00001,REVIEW-MAT-00001,Sheet1:3,个,用途: 办公室门；规格型号缺失,该物料存在低精度、需复核分组或其他人工确认标记。；是否需要区分锁体型号/开孔规格？；needs_human_review,按备注补齐缺失信息，或确认该分组是否应继续保留人工复核。
ISSUE-00629,needs_note_review,medium,灯管,电气与自动化/照明与报警/灯具,REVIEW-MAT-00008,REVIEW-MAT-00008,Sheet1:13,套,功率: 36W,备注中仍有待确认问题，暂不进入可导入池。；需不需要区分 LED/荧光灯、长度？；needs_note_review,先回答备注中的问题，确认规格、用途、品牌或型号后再进入可导入池。
ISSUE-00630,needs_note_review,medium,USB插座,电气与自动化/低压电器/开关按钮,REVIEW-MAT-00009,REVIEW-MAT-00009,Sheet1:14,个,品牌: 公牛；USB电流: 2.1A,备注中仍有待确认问题，暂不进入可导入池。；原文 SUB 是否为 USB？；needs_note_review,先回答备注中的问题，确认规格、用途、品牌或型号后再进入可导入池。
ISSUE-00631,needs_human_review,medium,明装线盒,电气与自动化/其他/电气辅材,REVIEW-MAT-00010,REVIEW-MAT-00010,Sheet1:15；Sheet1:22,个,安装方式: 明装,该物料存在低精度、需复核分组或其他人工确认标记。；规格尺寸缺失，可低精度建档 | 与第14行同物料；needs_human_review,按备注补齐缺失信息，或确认该分组是否应继续保留人工复核。
ISSUE-00632,needs_note_review,medium,四位开关,电气与自动化/低压电器/开关按钮,REVIEW-MAT-00013,REVIEW-MAT-00013,Sheet1:19,个,品牌: 公牛；位数: 4位,备注中仍有待确认问题，暂不进入可导入池。；明装/暗装未说明；needs_note_review,先回答备注中的问题，确认规格、用途、品牌或型号后再进入可导入池。
ISSUE-00633,needs_human_review,medium,紧线器,工具器具/其他/电力工具,REVIEW-MAT-00020,REVIEW-MAT-00020,Sheet1:31,套,额定载荷: 1T,该物料存在低精度、需复核分组或其他人工确认标记。；needs_human_review,按备注补齐缺失信息，或确认该分组是否应继续保留人工复核。
ISSUE-00634,needs_human_review,medium,墙纸,工程建材/其他/墙面材料,REVIEW-MAT-00025,REVIEW-MAT-00025,Sheet1:40；Sheet1:50,卷,包装/规格: 大卷,该物料存在低精度、需复核分组或其他人工确认标记。；款式/材质缺失 | 与第39行同物料；needs_human_review,按备注补齐缺失信息，或确认该分组是否应继续保留人工复核。
ISSUE-00635,needs_human_review,medium,热水壶,行政办公与清洁/生活后勤/生活用品,REVIEW-MAT-00026,REVIEW-MAT-00026,Sheet1:41,个,类型: 热水壶,该物料存在低精度、需复核分组或其他人工确认标记。；容量/品牌缺失；needs_human_review,按备注补齐缺失信息，或确认该分组是否应继续保留人工复核。
ISSUE-00636,needs_human_review,medium,PPR管剪刀,工具器具/其他/管道工具,REVIEW-MAT-00031,REVIEW-MAT-00031,Sheet1:47；Sheet1:76,个,品牌: 公元；用途: PPR管剪切,该物料存在低精度、需复核分组或其他人工确认标记。；与第46行同物料；needs_human_review,按备注补齐缺失信息，或确认该分组是否应继续保留人工复核。
ISSUE-00637,needs_human_review,medium,窗帘架拉链,工程建材/其他/窗帘配件,REVIEW-MAT-00039,REVIEW-MAT-00039,Sheet1:110；Sheet1:276；Sheet1:64,套,类型: 拉链/配件,该物料存在低精度、需复核分组或其他人工确认标记。；规格长度缺失 | 与第63行同物料；needs_human_review,按备注补齐缺失信息，或确认该分组是否应继续保留人工复核。
ISSUE-00638,needs_human_review,medium,钢钉线卡,电气与自动化/其他/电气辅材,REVIEW-MAT-00040,REVIEW-MAT-00040,Sheet1:65,个,规格: 20,该物料存在低精度、需复核分组或其他人工确认标记。；needs_human_review,按备注补齐缺失信息，或确认该分组是否应继续保留人工复核。
ISSUE-00639,needs_human_review,medium,三角阀,工程建材/其他/阀门,REVIEW-MAT-00041,REVIEW-MAT-00041,Sheet1:168；Sheet1:66,个,规格: 4分,该物料存在低精度、需复核分组或其他人工确认标记。；材质缺失 | 与第65行同物料；needs_human_review,按备注补齐缺失信息，或确认该分组是否应继续保留人工复核。
ISSUE-00640,needs_human_review,medium,洗衣机龙头,工程建材/水暖建材/水暖五金,REVIEW-MAT-00046,REVIEW-MAT-00046,Sheet1:71,个,用途: 洗衣机,该物料存在低精度、需复核分组或其他人工确认标记。；材质缺失；needs_human_review,按备注补齐缺失信息，或确认该分组是否应继续保留人工复核。
ISSUE-00641,needs_human_review,medium,水管钩,工程建材/其他/管道辅材,REVIEW-MAT-00049,REVIEW-MAT-00049,Sheet1:155；Sheet1:176；Sheet1:196；Sheet1:77,个,规格: 25,该物料存在低精度、需复核分组或其他人工确认标记。；材质缺失 | 与第76行同物料；needs_human_review,按备注补齐缺失信息，或确认该分组是否应继续保留人工复核。
ISSUE-00642,needs_human_review,medium,镀锌电线架,电气与自动化/其他/电气辅材,REVIEW-MAT-00050,REVIEW-MAT-00050,Sheet1:78,个,材质: 镀锌；位数: 4位,该物料存在低精度、需复核分组或其他人工确认标记。；needs_human_review,按备注补齐缺失信息，或确认该分组是否应继续保留人工复核。
ISSUE-00643,needs_human_review,medium,带锁不锈钢插销,五金备件/其他/门窗五金,REVIEW-MAT-00053,REVIEW-MAT-00053,Sheet1:83,个,材质: 不锈钢；功能: 带锁,该物料存在低精度、需复核分组或其他人工确认标记。；尺寸缺失；needs_human_review,按备注补齐缺失信息，或确认该分组是否应继续保留人工复核。
ISSUE-00644,needs_human_review,medium,环保涂料,化工油漆胶粘/油漆涂料/涂料油漆,REVIEW-MAT-00054,REVIEW-MAT-00054,Sheet1:85,桶,品牌: 立邦；系列: 5合1,该物料存在低精度、需复核分组或其他人工确认标记。；容量/颜色缺失；needs_human_review,按备注补齐缺失信息，或确认该分组是否应继续保留人工复核。
ISSUE-00645,needs_human_review,medium,加厚不锈钢合页,五金备件/其他/门窗五金,REVIEW-MAT-00057,REVIEW-MAT-00057,Sheet1:88,付,材质: 不锈钢；规格: 4寸；特征: 加厚,该物料存在低精度、需复核分组或其他人工确认标记。；needs_human_review,按备注补齐缺失信息，或确认该分组是否应继续保留人工复核。
ISSUE-00646,needs_human_review,medium,PVC地板胶,工程建材/其他/地面材料,REVIEW-MAT-00062,REVIEW-MAT-00062,Sheet1:95,平方,材质: PVC；特征: 加厚,该物料存在低精度、需复核分组或其他人工确认标记。；厚度缺失；needs_human_review,按备注补齐缺失信息，或确认该分组是否应继续保留人工复核。
ISSUE-00647,needs_human_review,medium,环保墙布,工程建材/其他/墙面材料,REVIEW-MAT-00063,REVIEW-MAT-00063,Sheet1:97,平方,特征: 厚、环保,该物料存在低精度、需复核分组或其他人工确认标记。；材质/花色缺失；needs_human_review,按备注补齐缺失信息，或确认该分组是否应继续保留人工复核。
ISSUE-00648,needs_human_review,medium,水桶,行政办公与清洁/生活后勤/生活用品,REVIEW-MAT-00066,REVIEW-MAT-00066,Sheet1:102,个,类型: 水桶,该物料存在低精度、需复核分组或其他人工确认标记。；容量缺失；needs_human_review,按备注补齐缺失信息，或确认该分组是否应继续保留人工复核。
ISSUE-00649,needs_human_review,medium,水龙头,工程建材/水暖建材/水暖五金,REVIEW-MAT-00070,REVIEW-MAT-00070,Sheet1:108,个,类型: 水龙头,该物料存在低精度、需复核分组或其他人工确认标记。；材质/规格缺失；needs_human_review,按备注补齐缺失信息，或确认该分组是否应继续保留人工复核。
ISSUE-00650,needs_note_review,medium,空调插座,电气与自动化/插头插座/插头插座,REVIEW-MAT-00071,REVIEW-MAT-00071,Sheet1:111；Sheet1:198,个,品牌: 公牛；电流: 16A；用途: 空调,备注中仍有待确认问题，暂不进入可导入池。；明装/暗装未说明 | 与第110行同物料；needs_note_review,先回答备注中的问题，确认规格、用途、品牌或型号后再进入可导入池。
ISSUE-00651,needs_human_review,medium,启辉器,电气与自动化/照明与报警/灯具,REVIEW-MAT-00073,REVIEW-MAT-00073,Sheet1:116,个,类型: 启辉器,该物料存在低精度、需复核分组或其他人工确认标记。；适配灯管规格缺失；needs_human_review,按备注补齐缺失信息，或确认该分组是否应继续保留人工复核。
ISSUE-00652,needs_human_review,medium,螺口灯头,电气与自动化/照明与报警/灯具,REVIEW-MAT-00074,REVIEW-MAT-00074,Sheet1:118,个,接口: 螺口,该物料存在低精度、需复核分组或其他人工确认标记。；E27/E14 等规格缺失；needs_human_review,按备注补齐缺失信息，或确认该分组是否应继续保留人工复核。
ISSUE-00653,needs_human_review,medium,大弯水龙头,工程建材/水暖建材/水暖五金,REVIEW-MAT-00079,REVIEW-MAT-00079,Sheet1:126,个,类型: 大弯,该物料存在低精度、需复核分组或其他人工确认标记。；材质/接口规格缺失；needs_human_review,按备注补齐缺失信息，或确认该分组是否应继续保留人工复核。
ISSUE-00654,needs_human_review,medium,洗脸盆下水管,工程建材/其他/洁具配件,REVIEW-MAT-00080,REVIEW-MAT-00080,Sheet1:127；Sheet1:194,套,用途: 洗脸盆；类型: 下水管,该物料存在低精度、需复核分组或其他人工确认标记。；与第126行同物料；needs_human_review,按备注补齐缺失信息，或确认该分组是否应继续保留人工复核。
ISSUE-00655,needs_human_review,medium,沙子,工程建材/水泥砂石/水泥砂石,REVIEW-MAT-00081,REVIEW-MAT-00081,Sheet1:129,包,包装: 大包,该物料存在低精度、需复核分组或其他人工确认标记。；粒径/重量缺失；needs_human_review,按备注补齐缺失信息，或确认该分组是否应继续保留人工复核。
ISSUE-00656,needs_human_review,medium,铜挂锁,五金备件/门锁锁具/门锁锁具,REVIEW-MAT-00084,REVIEW-MAT-00084,Sheet1:132,个,材质: 铜,该物料存在低精度、需复核分组或其他人工确认标记。；规格尺寸缺失；needs_human_review,按备注补齐缺失信息，或确认该分组是否应继续保留人工复核。
ISSUE-00657,needs_human_review,medium,补心,工程建材/其他/排水管件,REVIEW-MAT-00101,REVIEW-MAT-00101,Sheet1:161,个,品牌: 公元；规格: 75*50；类型: 补心/异径,该物料存在低精度、需复核分组或其他人工确认标记。；材质需按同批胶管确认；needs_human_review,按备注补齐缺失信息，或确认该分组是否应继续保留人工复核。
ISSUE-00658,needs_human_review,medium,异径三通,工程建材/其他/排水管件,REVIEW-MAT-00105,REVIEW-MAT-00105,Sheet1:167,个,品牌: 公元；规格: 75*50；类型: 三通,该物料存在低精度、需复核分组或其他人工确认标记。；材质需按同批胶管确认；needs_human_review,按备注补齐缺失信息，或确认该分组是否应继续保留人工复核。
ISSUE-00659,needs_human_review,medium,PPR给水管,工程建材/水暖建材/水暖五金,REVIEW-MAT-00121,REVIEW-MAT-00121,Sheet1:206,米,规格: 32；用途: 给水,该物料存在低精度、需复核分组或其他人工确认标记。；品牌缺失；needs_human_review,按备注补齐缺失信息，或确认该分组是否应继续保留人工复核。
ISSUE-00660,needs_human_review,medium,蹲便器,工程建材/其他/洁具,REVIEW-MAT-00123,REVIEW-MAT-00123,Sheet1:213,个,类型: 平面蹲厕,该物料存在低精度、需复核分组或其他人工确认标记。；尺寸/排水方式缺失；needs_human_review,按备注补齐缺失信息，或确认该分组是否应继续保留人工复核。
ISSUE-00661,needs_human_review,medium,冲水水箱,工程建材/其他/洁具配件,REVIEW-MAT-00124,REVIEW-MAT-00124,Sheet1:214,个,用途: 冲水,该物料存在低精度、需复核分组或其他人工确认标记。；容量/安装方式缺失；needs_human_review,按备注补齐缺失信息，或确认该分组是否应继续保留人工复核。
ISSUE-00662,needs_human_review,medium,小便斗,工程建材/其他/洁具,REVIEW-MAT-00125,REVIEW-MAT-00125,Sheet1:215,个,类型: 小便斗,该物料存在低精度、需复核分组或其他人工确认标记。；规格/感应方式缺失；needs_human_review,按备注补齐缺失信息，或确认该分组是否应继续保留人工复核。
ISSUE-00663,needs_human_review,medium,按压水龙头,工程建材/水暖建材/水暖五金,REVIEW-MAT-00126,REVIEW-MAT-00126,Sheet1:217,个,类型: 按压,该物料存在低精度、需复核分组或其他人工确认标记。；材质/接口规格缺失；needs_human_review,按备注补齐缺失信息，或确认该分组是否应继续保留人工复核。
ISSUE-00664,needs_human_review,medium,不锈钢角阀,工程建材/其他/阀门,REVIEW-MAT-00130,REVIEW-MAT-00130,Sheet1:230；Sheet1:259,个,规格: 4分；材质: 不锈钢,该物料存在低精度、需复核分组或其他人工确认标记。；与第229行同物料；needs_human_review,按备注补齐缺失信息，或确认该分组是否应继续保留人工复核。
ISSUE-00665,needs_human_review,medium,洗脸盆龙头,工程建材/水暖建材/水暖五金,REVIEW-MAT-00135,REVIEW-MAT-00135,Sheet1:237,个,用途: 洗脸盆,该物料存在低精度、需复核分组或其他人工确认标记。；材质/接口规格缺失；needs_human_review,按备注补齐缺失信息，或确认该分组是否应继续保留人工复核。
ISSUE-00666,needs_human_review,medium,耐磨焊丝,焊接焊割/焊接耗材/焊条焊丝,REVIEW-MAT-00137,REVIEW-MAT-00137,Sheet1:241；Sheet1:253,kg,型号/牌号: 998；特性: 高强度耐磨,该物料存在低精度、需复核分组或其他人工确认标记。；直径缺失 | 与第240行同物料；needs_human_review,按备注补齐缺失信息，或确认该分组是否应继续保留人工复核。
ISSUE-00667,needs_human_review,medium,镀锌钢管,金属原材料/其他/管材,REVIEW-MAT-00138,REVIEW-MAT-00138,Sheet1:242,米,规格: DN25；标准: 国标；表面: 镀锌,该物料存在低精度、需复核分组或其他人工确认标记。；needs_human_review,按备注补齐缺失信息，或确认该分组是否应继续保留人工复核。
ISSUE-00668,needs_human_review,medium,泡沫填缝剂,化工油漆胶粘/其他/填缝剂,REVIEW-MAT-00141,REVIEW-MAT-00141,Sheet1:249,支,类型: 泡沫填缝剂,该物料存在低精度、需复核分组或其他人工确认标记。；容量缺失；needs_human_review,按备注补齐缺失信息，或确认该分组是否应继续保留人工复核。
ISSUE-00669,needs_human_review,medium,重型管卡,工程建材/其他/管道辅材,REVIEW-MAT-00142,REVIEW-MAT-00142,Sheet1:250,个,规格: 135；类型: 重型,该物料存在低精度、需复核分组或其他人工确认标记。；needs_human_review,按备注补齐缺失信息，或确认该分组是否应继续保留人工复核。
ISSUE-00670,needs_human_review,medium,高压铜球阀,工程建材/其他/阀门,REVIEW-MAT-00151,REVIEW-MAT-00151,Sheet1:265,个,规格: DN20；压力: 350kg；材质: 铜；类型: 球阀,该物料存在低精度、需复核分组或其他人工确认标记。；needs_human_review,按备注补齐缺失信息，或确认该分组是否应继续保留人工复核。
ISSUE-00671,needs_human_review,medium,线槽,电气与自动化/其他/电气辅材,REVIEW-MAT-00156,REVIEW-MAT-00156,Sheet1:274；Sheet1:287,米,规格: 30*15,该物料存在低精度、需复核分组或其他人工确认标记。；与第273行同物料；needs_human_review,按备注补齐缺失信息，或确认该分组是否应继续保留人工复核。
ISSUE-00672,needs_human_review,medium,剪刀,工具器具/其他/手动工具,REVIEW-MAT-00161,REVIEW-MAT-00161,Sheet1:283,个,类型: 剪刀,该物料存在低精度、需复核分组或其他人工确认标记。；规格/用途缺失；needs_human_review,按备注补齐缺失信息，或确认该分组是否应继续保留人工复核。
ISSUE-00673,needs_human_review,medium,钢丝刷,工具器具/其他/打磨工具,REVIEW-MAT-00172,REVIEW-MAT-00172,Sheet1:306,支,类型: 刀型,该物料存在低精度、需复核分组或其他人工确认标记。；needs_human_review,按备注补齐缺失信息，或确认该分组是否应继续保留人工复核。
ISSUE-00674,needs_human_review,medium,LED防爆机床方形灯,电气与自动化/照明与报警/灯具,REVIEW-MAT-00179,REVIEW-MAT-00179,Sheet1:316,套,长度: 1220MM；类型: LED；功能: 防爆；形状: 方形；用途: 机床,该物料存在低精度、需复核分组或其他人工确认标记。；功率缺失；needs_human_review,按备注补齐缺失信息，或确认该分组是否应继续保留人工复核。
ISSUE-00675,needs_human_review,medium,热水器挂钩,工程建材/水暖建材/水暖五金,REVIEW-MAT-00182,REVIEW-MAT-00182,Sheet1:324；Sheet1:378,个,用途: 热水器,该物料存在低精度、需复核分组或其他人工确认标记。；与第377行同类，规格缺失 | 与第323行同物料；needs_human_review,按备注补齐缺失信息，或确认该分组是否应继续保留人工复核。
ISSUE-00676,needs_human_review,medium,不锈钢弯头,工程建材/其他/管件,REVIEW-MAT-00185,REVIEW-MAT-00185,Sheet1:332,个,材质: 不锈钢；规格: 250；类型: 弯头,该物料存在低精度、需复核分组或其他人工确认标记。；壁厚/角度缺失；needs_human_review,按备注补齐缺失信息，或确认该分组是否应继续保留人工复核。
ISSUE-00677,needs_human_review,medium,发泡胶,化工油漆胶粘/其他/填缝剂,REVIEW-MAT-00186,REVIEW-MAT-00186,Sheet1:334,支,品牌: 雨虹；特性: 高倍,该物料存在低精度、需复核分组或其他人工确认标记。；容量缺失；needs_human_review,按备注补齐缺失信息，或确认该分组是否应继续保留人工复核。
ISSUE-00678,needs_human_review,medium,内六角扳手,工具器具/其他/手动工具,REVIEW-MAT-00190,REVIEW-MAT-00190,Sheet1:339,支,规格: 19,该物料存在低精度、需复核分组或其他人工确认标记。；needs_human_review,按备注补齐缺失信息，或确认该分组是否应继续保留人工复核。
ISSUE-00679,needs_human_review,medium,等离子割嘴,焊接焊割/其他/等离子切割配件,REVIEW-MAT-00191,REVIEW-MAT-00191,Sheet1:340,个,型号: P80；类型: 割嘴,该物料存在低精度、需复核分组或其他人工确认标记。；needs_human_review,按备注补齐缺失信息，或确认该分组是否应继续保留人工复核。
ISSUE-00680,needs_human_review,medium,砖刀,工具器具/其他/施工工具,REVIEW-MAT-00195,REVIEW-MAT-00195,Sheet1:349,个,用途: 砌砖/切砖,该物料存在低精度、需复核分组或其他人工确认标记。；needs_human_review,按备注补齐缺失信息，或确认该分组是否应继续保留人工复核。
ISSUE-00681,needs_human_review,medium,灰刀,工具器具/其他/施工工具,REVIEW-MAT-00196,REVIEW-MAT-00196,Sheet1:350,个,用途: 抹灰,该物料存在低精度、需复核分组或其他人工确认标记。；needs_human_review,按备注补齐缺失信息，或确认该分组是否应继续保留人工复核。
ISSUE-00682,needs_human_review,medium,防水网线接头,电气与自动化/其他/弱电材料,REVIEW-MAT-00197,REVIEW-MAT-00197,Sheet1:352,个,功能: 防水；用途: 网线连接,该物料存在低精度、需复核分组或其他人工确认标记。；needs_human_review,按备注补齐缺失信息，或确认该分组是否应继续保留人工复核。
ISSUE-00683,needs_human_review,medium,防锈润滑剂,化工油漆胶粘/其他/润滑防锈,REVIEW-MAT-00198,REVIEW-MAT-00198,Sheet1:353,支,品牌/型号: WD-40；容量: 500,该物料存在低精度、需复核分组或其他人工确认标记。；500 是否 ml？；needs_human_review,按备注补齐缺失信息，或确认该分组是否应继续保留人工复核。
ISSUE-00684,needs_human_review,medium,加厚蝶阀,工程建材/其他/阀门,REVIEW-MAT-00203,REVIEW-MAT-00203,Sheet1:362,个,品牌: 埃美柯；规格: DN65；特征: 加厚,该物料存在低精度、需复核分组或其他人工确认标记。；材质缺失；needs_human_review,按备注补齐缺失信息，或确认该分组是否应继续保留人工复核。
ISSUE-00685,needs_human_review,medium,彩条布,工程建材/其他/篷布油布,REVIEW-MAT-00207,REVIEW-MAT-00207,Sheet1:369,平方,规格: 12*30米,该物料存在低精度、需复核分组或其他人工确认标记。；needs_human_review,按备注补齐缺失信息，或确认该分组是否应继续保留人工复核。
ISSUE-00686,needs_human_review,medium,太阳能4G摄像头,电气与自动化/其他/安防监控,REVIEW-MAT-00210,REVIEW-MAT-00210,Sheet1:372,个,供电: 太阳能；通信: 4G；清晰度: 4K,该物料存在低精度、需复核分组或其他人工确认标记。；品牌/存储规格缺失；needs_human_review,按备注补齐缺失信息，或确认该分组是否应继续保留人工复核。
ISSUE-00687,needs_human_review,medium,热水器隔电堵,工程建材/水暖建材/水暖五金,REVIEW-MAT-00214,REVIEW-MAT-00214,Sheet1:376,个,用途: 热水器；功能: 隔电,该物料存在低精度、需复核分组或其他人工确认标记。；接口规格缺失；needs_human_review,按备注补齐缺失信息，或确认该分组是否应继续保留人工复核。
ISSUE-00688,needs_human_review,medium,热水器安全阀,工程建材/其他/阀门,REVIEW-MAT-00215,REVIEW-MAT-00215,Sheet1:377,个,用途: 热水器；类型: 安全阀,该物料存在低精度、需复核分组或其他人工确认标记。；接口规格缺失；needs_human_review,按备注补齐缺失信息，或确认该分组是否应继续保留人工复核。
ISSUE-00689,needs_note_review,medium,不锈钢通用挂锁,五金备件/门锁锁具/门锁锁具,REVIEW-MAT-00225,REVIEW-MAT-00225,Sheet1:397,个,材质: 不锈钢；规格: 40；品质: 好；类型: 通用,备注中仍有待确认问题，暂不进入可导入池。；与第395行是否同物料需确认；needs_note_review,先回答备注中的问题，确认规格、用途、品牌或型号后再进入可导入池。
ISSUE-00690,needs_human_review,medium,磨光片,工具器具/其他/磨切耗材,REVIEW-MAT-00228,REVIEW-MAT-00228,Sheet1:400,块,规格: 100,该物料存在低精度、需复核分组或其他人工确认标记。；粒度/适用材质缺失；needs_human_review,按备注补齐缺失信息，或确认该分组是否应继续保留人工复核。
ISSUE-00691,needs_human_review,medium,高压水枪过滤总成,设备备件与加工件/设备专用备件/设备备件,REVIEW-MAT-00233,REVIEW-MAT-00233,Sheet1:405,套,适用设备: 高压水枪；类型: 过滤总成,该物料存在低精度、需复核分组或其他人工确认标记。；型号缺失；needs_human_review,按备注补齐缺失信息，或确认该分组是否应继续保留人工复核。
ISSUE-00692,needs_human_review,medium,高压水枪滤芯,设备备件与加工件/过滤密封/过滤件,REVIEW-MAT-00234,REVIEW-MAT-00234,Sheet1:406,个,适用设备: 高压水枪；类型: 滤芯,该物料存在低精度、需复核分组或其他人工确认标记。；型号缺失；needs_human_review,按备注补齐缺失信息，或确认该分组是否应继续保留人工复核。
ISSUE-00693,needs_human_review,medium,碘伏,劳保用品/其他/急救用品,REVIEW-MAT-00236,REVIEW-MAT-00236,Sheet1:415,瓶,容量: 500ml,该物料存在低精度、需复核分组或其他人工确认标记。；needs_human_review,按备注补齐缺失信息，或确认该分组是否应继续保留人工复核。
ISSUE-00694,needs_human_review,medium,止血贴,劳保用品/其他/急救用品,REVIEW-MAT-00237,REVIEW-MAT-00237,Sheet1:416,张,类型: 创可贴/止血贴,该物料存在低精度、需复核分组或其他人工确认标记。；包装规格缺失；needs_human_review,按备注补齐缺失信息，或确认该分组是否应继续保留人工复核。
ISSUE-00695,needs_human_review,medium,医用绷带,劳保用品/其他/急救用品,REVIEW-MAT-00238,REVIEW-MAT-00238,Sheet1:417,卷,类型: 绷带,该物料存在低精度、需复核分组或其他人工确认标记。；宽度/长度缺失；needs_human_review,按备注补齐缺失信息，或确认该分组是否应继续保留人工复核。
ISSUE-00696,needs_human_review,medium,纯棉白布,劳保用品/其他/擦拭材料,REVIEW-MAT-00240,REVIEW-MAT-00240,Sheet1:420；Sheet1:576,kg,材质: 纯棉；颜色: 白色,该物料存在低精度、需复核分组或其他人工确认标记。；幅宽/等级缺失 | 与第419行同物料，幅宽/等级缺失；needs_human_review,按备注补齐缺失信息，或确认该分组是否应继续保留人工复核。
ISSUE-00697,needs_human_review,medium,旋转吊环,吊装索具/其他/吊环,REVIEW-MAT-00244,REVIEW-MAT-00244,Sheet1:424,个,载荷: 8吨；类型: 旋转,该物料存在低精度、需复核分组或其他人工确认标记。；螺纹规格缺失；needs_human_review,按备注补齐缺失信息，或确认该分组是否应继续保留人工复核。
ISSUE-00698,needs_human_review,medium,松香水,化工油漆胶粘/其他/稀释清洗,REVIEW-MAT-00248,REVIEW-MAT-00248,Sheet1:1124；Sheet1:1154；Sheet1:431；Sheet1:476；Sheet1:535；Sheet1:971,桶,类型: 稀释剂/清洗剂,该物料存在低精度、需复核分组或其他人工确认标记。；包装容量/品牌缺失 | 与第430行同物料，包装容量缺失 | 与第430、475行同物料，包装容量缺失 | 与第534行同物料，包装缺失 | 与前文同物料，包装缺失 | 与第1123行同物料；needs_human_review,按备注补齐缺失信息，或确认该分组是否应继续保留人工复核。
ISSUE-00699,needs_human_review,medium,百叶砂轮片,工具器具/其他/磨切耗材,REVIEW-MAT-00249,REVIEW-MAT-00249,Sheet1:432,块,规格: 4寸,该物料存在低精度、需复核分组或其他人工确认标记。；粒度/材质缺失；needs_human_review,按备注补齐缺失信息，或确认该分组是否应继续保留人工复核。
ISSUE-00700,needs_human_review,medium,割枪,焊接焊割/其他/焊割工具,REVIEW-MAT-00250,REVIEW-MAT-00250,Sheet1:433,支,规格: 30号,该物料存在低精度、需复核分组或其他人工确认标记。；气体类型/品牌缺失；needs_human_review,按备注补齐缺失信息，或确认该分组是否应继续保留人工复核。
ISSUE-00701,needs_human_review,medium,割嘴,焊接焊割/其他/焊割配件,REVIEW-MAT-00251,REVIEW-MAT-00251,Sheet1:434,个,规格: 30号,该物料存在低精度、需复核分组或其他人工确认标记。；气体类型/孔径缺失；needs_human_review,按备注补齐缺失信息，或确认该分组是否应继续保留人工复核。
ISSUE-00702,needs_human_review,medium,不锈钢加长接头,液压气动/液压管路/高压胶管,REVIEW-MAT-00254,REVIEW-MAT-00254,Sheet1:438,个,规格: 8*6；材质: 不锈钢；特征: 加长,该物料存在低精度、需复核分组或其他人工确认标记。；连接形式/压力等级缺失；needs_human_review,按备注补齐缺失信息，或确认该分组是否应继续保留人工复核。
ISSUE-00703,needs_human_review,medium,不锈钢加长弯头,液压气动/液压管路/高压胶管,REVIEW-MAT-00255,REVIEW-MAT-00255,Sheet1:439,个,规格: 8*6；材质: 不锈钢；特征: 加长；类型: 弯头,该物料存在低精度、需复核分组或其他人工确认标记。；连接形式/压力等级缺失；needs_human_review,按备注补齐缺失信息，或确认该分组是否应继续保留人工复核。
ISSUE-00704,needs_human_review,medium,链条扳手,工具器具/其他/手动工具,REVIEW-MAT-00256,REVIEW-MAT-00256,Sheet1:441,个,类型: 链条扳手,该物料存在低精度、需复核分组或其他人工确认标记。；规格/夹持范围缺失；needs_human_review,按备注补齐缺失信息，或确认该分组是否应继续保留人工复核。
ISSUE-00705,needs_human_review,medium,碳棒,焊接焊割/其他/气刨耗材,REVIEW-MAT-00257,REVIEW-MAT-00257,Sheet1:442,支,直径: 6mm,该物料存在低精度、需复核分组或其他人工确认标记。；包装规格缺失；needs_human_review,按备注补齐缺失信息，或确认该分组是否应继续保留人工复核。
ISSUE-00706,needs_human_review,medium,不锈钢黄油嘴接头,润滑系统/润滑设备配件/润滑泵管路,REVIEW-MAT-00264,REVIEW-MAT-00264,Sheet1:450,个,材质: 不锈钢；类型: 接头,该物料存在低精度、需复核分组或其他人工确认标记。；螺纹规格缺失；needs_human_review,按备注补齐缺失信息，或确认该分组是否应继续保留人工复核。
ISSUE-00707,needs_human_review,medium,不锈钢黄油嘴弯头,润滑系统/润滑设备配件/润滑泵管路,REVIEW-MAT-00265,REVIEW-MAT-00265,Sheet1:451,个,材质: 不锈钢；类型: 弯头,该物料存在低精度、需复核分组或其他人工确认标记。；螺纹规格/角度缺失；needs_human_review,按备注补齐缺失信息，或确认该分组是否应继续保留人工复核。
ISSUE-00708,needs_human_review,medium,高压加厚接头,设备备件与加工件/金属加工件/金属加工件,REVIEW-MAT-00266,REVIEW-MAT-00266,Sheet1:456,个,定制: 是；规格: 52；特征: 加厚,该物料存在低精度、需复核分组或其他人工确认标记。；图纸/螺纹/压力等级缺失；needs_human_review,按备注补齐缺失信息，或确认该分组是否应继续保留人工复核。
ISSUE-00709,needs_human_review,medium,医用胶带,劳保用品/其他/急救用品,REVIEW-MAT-00275,REVIEW-MAT-00275,Sheet1:470,卷,类型: 医用胶带,该物料存在低精度、需复核分组或其他人工确认标记。；宽度/长度缺失；needs_human_review,按备注补齐缺失信息，或确认该分组是否应继续保留人工复核。
ISSUE-00710,needs_human_review,medium,卡箍丝牙接头,设备备件与加工件/金属加工件/金属加工件,REVIEW-MAT-00281,REVIEW-MAT-00281,Sheet1:479,个,加工: 是；规格: 60；连接: 一头卡箍一头丝牙；特征: 加厚,该物料存在低精度、需复核分组或其他人工确认标记。；图纸/材质/压力等级缺失；needs_human_review,按备注补齐缺失信息，或确认该分组是否应继续保留人工复核。
ISSUE-00711,needs_human_review,medium,双头抱箍接头,设备备件与加工件/金属加工件/金属加工件,REVIEW-MAT-00282,REVIEW-MAT-00282,Sheet1:480,个,加工: 是；规格: 60；连接: 两头抱箍；特征: 加厚,该物料存在低精度、需复核分组或其他人工确认标记。；图纸/材质/压力等级缺失；needs_human_review,按备注补齐缺失信息，或确认该分组是否应继续保留人工复核。
ISSUE-00712,needs_human_review,medium,三通抱箍,设备备件与加工件/金属加工件/金属加工件,REVIEW-MAT-00283,REVIEW-MAT-00283,Sheet1:481,根,加工: 是；长度: 1.15米；特征: 加厚；类型: 三通抱箍,该物料存在低精度、需复核分组或其他人工确认标记。；图纸/口径/材质缺失；needs_human_review,按备注补齐缺失信息，或确认该分组是否应继续保留人工复核。
ISSUE-00713,needs_human_review,medium,不锈钢条,金属原材料/钢材型材/钢材型材,REVIEW-MAT-00284,REVIEW-MAT-00284,Sheet1:484,条,规格: 65*20*1,该物料存在低精度、需复核分组或其他人工确认标记。；材质牌号/长度缺失；needs_human_review,按备注补齐缺失信息，或确认该分组是否应继续保留人工复核。
ISSUE-00714,needs_human_review,medium,骑马螺丝,五金备件/其他/紧固件,REVIEW-MAT-00285,REVIEW-MAT-00285,Sheet1:487,套,规格: 14*75,该物料存在低精度、需复核分组或其他人工确认标记。；材质/强度等级缺失；needs_human_review,按备注补齐缺失信息，或确认该分组是否应继续保留人工复核。
ISSUE-00715,needs_human_review,medium,不锈钢卡套三通,液压气动/液压管路/高压胶管,REVIEW-MAT-00286,REVIEW-MAT-00286,Sheet1:488,个,规格: 6*12；材质: 不锈钢；类型: 三通,该物料存在低精度、需复核分组或其他人工确认标记。；连接形式/压力等级缺失；needs_human_review,按备注补齐缺失信息，或确认该分组是否应继续保留人工复核。
ISSUE-00716,needs_human_review,medium,重油污清洗剂,化工油漆胶粘/油品化学品/清洗化学品,REVIEW-MAT-00287,REVIEW-MAT-00287,Sheet1:490,kg,用途: 重油污清洗,该物料存在低精度、需复核分组或其他人工确认标记。；品牌/浓度/包装缺失；needs_human_review,按备注补齐缺失信息，或确认该分组是否应继续保留人工复核。
ISSUE-00717,needs_human_review,medium,脱漆剂,化工油漆胶粘/油品化学品/清洗化学品,REVIEW-MAT-00295,REVIEW-MAT-00295,Sheet1:500,瓶,类型: 高效脱漆剂,该物料存在低精度、需复核分组或其他人工确认标记。；品牌/容量/成分缺失；needs_human_review,按备注补齐缺失信息，或确认该分组是否应继续保留人工复核。
ISSUE-00718,needs_human_review,medium,门锁,五金备件/门锁锁具/门锁锁具,REVIEW-MAT-00296,REVIEW-MAT-00296,Sheet1:501,把,用途: 大门,该物料存在低精度、需复核分组或其他人工确认标记。；规格/锁体类型缺失；needs_human_review,按备注补齐缺失信息，或确认该分组是否应继续保留人工复核。
ISSUE-00719,needs_human_review,medium,电力清洗剂,化工油漆胶粘/油品化学品/清洗化学品,REVIEW-MAT-00297,REVIEW-MAT-00297,Sheet1:503,kg,用途: 电力设备清洗,该物料存在低精度、需复核分组或其他人工确认标记。；品牌/绝缘等级/包装缺失；needs_human_review,按备注补齐缺失信息，或确认该分组是否应继续保留人工复核。
ISSUE-00720,needs_human_review,medium,多点黄油泵,润滑系统/润滑设备配件/润滑泵管路,REVIEW-MAT-00298,REVIEW-MAT-00298,Sheet1:504,台,容量: 8升；出口数: 4出口,该物料存在低精度、需复核分组或其他人工确认标记。；电压/驱动方式/品牌缺失；needs_human_review,按备注补齐缺失信息，或确认该分组是否应继续保留人工复核。
ISSUE-00721,needs_human_review,medium,气泡膜,包装与标识/其他/缓冲包装,REVIEW-MAT-00300,REVIEW-MAT-00300,Sheet1:513；Sheet1:531,米,特征: 加厚,该物料存在低精度、需复核分组或其他人工确认标记。；宽度/厚度缺失 | 与第512行同物料，宽度/厚度仍缺；needs_human_review,按备注补齐缺失信息，或确认该分组是否应继续保留人工复核。
ISSUE-00722,needs_human_review,medium,不锈钢数字牌,设备备件与加工件/金属加工件/金属加工件,REVIEW-MAT-00301,REVIEW-MAT-00301,Sheet1:514,个,定制: 是；材质: 不锈钢；尺寸: 20cm,该物料存在低精度、需复核分组或其他人工确认标记。；字号内容/厚度缺失；needs_human_review,按备注补齐缺失信息，或确认该分组是否应继续保留人工复核。
ISSUE-00723,needs_human_review,medium,保鲜膜,包装与标识/袋箱膜包装/袋箱膜,REVIEW-MAT-00310,REVIEW-MAT-00310,Sheet1:532,个,规格: 大卷,该物料存在低精度、需复核分组或其他人工确认标记。；宽度/长度/厚度缺失；needs_human_review,按备注补齐缺失信息，或确认该分组是否应继续保留人工复核。
ISSUE-00724,needs_human_review,medium,高压卡箍双丝牙接头,设备备件与加工件/金属加工件/金属加工件,REVIEW-MAT-00313,REVIEW-MAT-00313,Sheet1:536,个,定制: 是；规格: 52；特征: 高压加厚；连接: 卡箍+双丝牙,该物料存在低精度、需复核分组或其他人工确认标记。；“52米”应为52mm？图纸/材质缺失；needs_human_review,按备注补齐缺失信息，或确认该分组是否应继续保留人工复核。
ISSUE-00725,needs_human_review,medium,588密封胶,化工油漆胶粘/胶粘密封/胶粘剂,REVIEW-MAT-00315,REVIEW-MAT-00315,Sheet1:538,支,型号: 588,该物料存在低精度、需复核分组或其他人工确认标记。；品牌/颜色/容量缺失；needs_human_review,按备注补齐缺失信息，或确认该分组是否应继续保留人工复核。
ISSUE-00726,needs_human_review,medium,轴承钢钢套,设备备件与加工件/金属加工件/金属加工件,REVIEW-MAT-00317,REVIEW-MAT-00317,Sheet1:541,套,定制: 是；材质: 轴承钢；特征: 加厚,该物料存在低精度、需复核分组或其他人工确认标记。；图纸/尺寸/热处理要求缺失；needs_human_review,按备注补齐缺失信息，或确认该分组是否应继续保留人工复核。
ISSUE-00727,needs_human_review,medium,四方接头,设备备件与加工件/金属加工件/金属加工件,REVIEW-MAT-00319,REVIEW-MAT-00319,Sheet1:547,个,加工: 是；类型: 内外四方接头,该物料存在低精度、需复核分组或其他人工确认标记。；图纸/规格/材质缺失；needs_human_review,按备注补齐缺失信息，或确认该分组是否应继续保留人工复核。
ISSUE-00728,needs_human_review,medium,不锈钢标志牌,设备备件与加工件/金属加工件/金属加工件,REVIEW-MAT-00320,REVIEW-MAT-00320,Sheet1:549,块,定制: 是；材质: 不锈钢,该物料存在低精度、需复核分组或其他人工确认标记。；尺寸/内容/厚度缺失；needs_human_review,按备注补齐缺失信息，或确认该分组是否应继续保留人工复核。
ISSUE-00729,needs_human_review,medium,不锈钢铭牌,设备备件与加工件/金属加工件/金属加工件,REVIEW-MAT-00321,REVIEW-MAT-00321,Sheet1:551,块,定制: 是；尺寸: 250*180；材质: 不锈钢,该物料存在低精度、需复核分组或其他人工确认标记。；厚度/内容/表面工艺缺失；needs_human_review,按备注补齐缺失信息，或确认该分组是否应继续保留人工复核。
ISSUE-00730,needs_human_review,medium,五点式安全带,劳保用品/其他/坠落防护,REVIEW-MAT-00322,REVIEW-MAT-00322,Sheet1:552,套,类型: 五点式；款式: 欧式,该物料存在低精度、需复核分组或其他人工确认标记。；执行标准/承载等级缺失；needs_human_review,按备注补齐缺失信息，或确认该分组是否应继续保留人工复核。
ISSUE-00731,needs_human_review,medium,刮泥板,设备备件与加工件/金属加工件/金属加工件,REVIEW-MAT-00325,REVIEW-MAT-00325,Sheet1:559,块,定制: 是；类型: 刮泥板,该物料存在低精度、需复核分组或其他人工确认标记。；图纸/材质/适用设备缺失；needs_human_review,按备注补齐缺失信息，或确认该分组是否应继续保留人工复核。
ISSUE-00732,needs_human_review,medium,挂壁风扇,设备备件与加工件/其他/通用电器,REVIEW-MAT-00326,REVIEW-MAT-00326,Sheet1:560,台,控制: 遥控；安装: 挂壁,该物料存在低精度、需复核分组或其他人工确认标记。；功率/尺寸/品牌缺失；needs_human_review,按备注补齐缺失信息，或确认该分组是否应继续保留人工复核。
ISSUE-00733,needs_human_review,medium,插座底盒,电气与自动化/插头插座/插头插座,REVIEW-MAT-00328,REVIEW-MAT-00328,Sheet1:562,个,类型: 插座底盒,该物料存在低精度、需复核分组或其他人工确认标记。；“底合”应为底盒；规格缺失；needs_human_review,按备注补齐缺失信息，或确认该分组是否应继续保留人工复核。
ISSUE-00734,needs_human_review,medium,高压水枪,工具器具/其他/清洗工具,REVIEW-MAT-00330,REVIEW-MAT-00330,Sheet1:565,支,材质: 金属；类型: 高压水枪,该物料存在低精度、需复核分组或其他人工确认标记。；压力/接口规格缺失；needs_human_review,按备注补齐缺失信息，或确认该分组是否应继续保留人工复核。
ISSUE-00735,needs_human_review,medium,抱箍钢卡,工程建材/其他/管道紧固,REVIEW-MAT-00334,REVIEW-MAT-00334,Sheet1:569,个,规格: 325；特征: 加厚；材质: 钢,该物料存在低精度、需复核分组或其他人工确认标记。；表面处理/标准缺失；needs_human_review,按备注补齐缺失信息，或确认该分组是否应继续保留人工复核。
ISSUE-00736,needs_human_review,medium,卡槽钢圈接头,设备备件与加工件/金属加工件/金属加工件,REVIEW-MAT-00335,REVIEW-MAT-00335,Sheet1:570,个,定制: 是；规格: 325；类型: 卡槽钢圈接头,该物料存在低精度、需复核分组或其他人工确认标记。；图纸/材质/压力等级缺失；needs_human_review,按备注补齐缺失信息，或确认该分组是否应继续保留人工复核。
ISSUE-00737,needs_human_review,medium,钢板加工件,设备备件与加工件/金属加工件/金属加工件,REVIEW-MAT-00339,REVIEW-MAT-00339,Sheet1:579,块,加工: 是；尺寸: 300*270*16,该物料存在低精度、需复核分组或其他人工确认标记。；材质/图纸/孔位缺失；needs_human_review,按备注补齐缺失信息，或确认该分组是否应继续保留人工复核。
ISSUE-00738,needs_human_review,medium,夹板加工件,设备备件与加工件/金属加工件/金属加工件,REVIEW-MAT-00340,REVIEW-MAT-00340,Sheet1:580,块,加工: 是；尺寸: 94*33*3,该物料存在低精度、需复核分组或其他人工确认标记。；材质/图纸缺失；needs_human_review,按备注补齐缺失信息，或确认该分组是否应继续保留人工复核。
ISSUE-00739,needs_human_review,medium,热缩管,电气与自动化/电线电缆与敷设/电线电缆,REVIEW-MAT-00341,REVIEW-MAT-00341,Sheet1:581,米,规格: 30,该物料存在低精度、需复核分组或其他人工确认标记。；直径单位/收缩倍率/颜色缺失；needs_human_review,按备注补齐缺失信息，或确认该分组是否应继续保留人工复核。
ISSUE-00740,needs_human_review,medium,铜导电嘴,焊接焊割/焊割设备工具/焊机割炬,REVIEW-MAT-00343,REVIEW-MAT-00343,Sheet1:583,个,材质: 铜；规格: 45*12,该物料存在低精度、需复核分组或其他人工确认标记。；适配焊枪/孔径缺失；needs_human_review,按备注补齐缺失信息，或确认该分组是否应继续保留人工复核。
ISSUE-00741,needs_human_review,medium,挂胶手套,劳保用品/手部防护/手套,REVIEW-MAT-00344,REVIEW-MAT-00344,Sheet1:584,双,特征: 厚；类型: 挂胶,该物料存在低精度、需复核分组或其他人工确认标记。；材质/尺码缺失；needs_human_review,按备注补齐缺失信息，或确认该分组是否应继续保留人工复核。
ISSUE-00742,needs_human_review,medium,亚克力板,金属原材料/其他/塑料板材,REVIEW-MAT-00345,REVIEW-MAT-00345,Sheet1:593,块,尺寸: 81*81*5,该物料存在低精度、需复核分组或其他人工确认标记。；单位尺寸是否mm需确认；needs_human_review,按备注补齐缺失信息，或确认该分组是否应继续保留人工复核。
ISSUE-00743,needs_human_review,medium,转向轮,五金备件/其他/脚轮,REVIEW-MAT-00349,REVIEW-MAT-00349,Sheet1:599,个,规格: 3寸；特征: 带刹车,该物料存在低精度、需复核分组或其他人工确认标记。；承重/材质缺失；needs_human_review,按备注补齐缺失信息，或确认该分组是否应继续保留人工复核。
ISSUE-00744,needs_human_review,medium,玻璃纸,包装与标识/袋箱膜包装/袋箱膜,REVIEW-MAT-00351,REVIEW-MAT-00351,Sheet1:602,米,类型: 玻璃纸,该物料存在低精度、需复核分组或其他人工确认标记。；宽度/厚度缺失；needs_human_review,按备注补齐缺失信息，或确认该分组是否应继续保留人工复核。
ISSUE-00745,needs_human_review,medium,双面胶,化工油漆胶粘/胶粘密封/胶粘剂,REVIEW-MAT-00352,REVIEW-MAT-00352,Sheet1:604,卷,类型: 双面胶,该物料存在低精度、需复核分组或其他人工确认标记。；宽度/长度/基材缺失；needs_human_review,按备注补齐缺失信息，或确认该分组是否应继续保留人工复核。
ISSUE-00746,needs_human_review,medium,吊钩保险卡,吊装索具/吊装连接件/卸扣吊钩,REVIEW-MAT-00353,REVIEW-MAT-00353,Sheet1:605；Sheet1:679,个,载荷: 16吨；特征: 加厚,该物料存在低精度、需复核分组或其他人工确认标记。；适配吊钩型号/标准缺失 | 与第604行同物料，适配型号仍缺；needs_human_review,按备注补齐缺失信息，或确认该分组是否应继续保留人工复核。
ISSUE-00747,needs_human_review,medium,变压器,电气与自动化/电源电池/电源电池,REVIEW-MAT-00354,REVIEW-MAT-00354,Sheet1:608,个,输出: 24V 5A,该物料存在低精度、需复核分组或其他人工确认标记。；输入电压/功率/安装方式缺失；needs_human_review,按备注补齐缺失信息，或确认该分组是否应继续保留人工复核。
ISSUE-00748,needs_human_review,medium,棉签,劳保用品/其他/清洁用品,REVIEW-MAT-00355,REVIEW-MAT-00355,Sheet1:1192；Sheet1:609,包,类型: 棉签,该物料存在低精度、需复核分组或其他人工确认标记。；包装数量/用途缺失 | 与第608行同物料，包装数量缺失；needs_human_review,按备注补齐缺失信息，或确认该分组是否应继续保留人工复核。
ISSUE-00749,needs_human_review,medium,台式砂轮机,工具器具/电动工具/电钻角磨机,REVIEW-MAT-00360,REVIEW-MAT-00360,Sheet1:626,台,功率: 1.1kW；类型: 台式砂轮机,该物料存在低精度、需复核分组或其他人工确认标记。；“沙轮机”应规范为砂轮机；砂轮规格缺失；needs_human_review,按备注补齐缺失信息，或确认该分组是否应继续保留人工复核。
ISSUE-00750,needs_human_review,medium,防盗门锁,五金备件/门锁锁具/门锁锁具,REVIEW-MAT-00365,REVIEW-MAT-00365,Sheet1:633,个,材质: 不锈钢；用途: 防盗门,该物料存在低精度、需复核分组或其他人工确认标记。；锁体规格/开向缺失；needs_human_review,按备注补齐缺失信息，或确认该分组是否应继续保留人工复核。
ISSUE-00751,needs_human_review,medium,导轨五孔插座,电气与自动化/插头插座/插头插座,REVIEW-MAT-00366,REVIEW-MAT-00366,Sheet1:635,个,安装: 导轨；类型: 五孔插座,该物料存在低精度、需复核分组或其他人工确认标记。；电流/品牌缺失；needs_human_review,按备注补齐缺失信息，或确认该分组是否应继续保留人工复核。
ISSUE-00752,needs_human_review,medium,PVC弯头,工程建材/其他/PVC管件,REVIEW-MAT-00370,REVIEW-MAT-00370,Sheet1:643,个,品牌: 公元；规格: 75；材质: PVC,该物料存在低精度、需复核分组或其他人工确认标记。；角度/压力等级缺失；needs_human_review,按备注补齐缺失信息，或确认该分组是否应继续保留人工复核。
ISSUE-00753,needs_human_review,medium,草帽,劳保用品/其他/防晒用品,REVIEW-MAT-00372,REVIEW-MAT-00372,Sheet1:645,个,类型: 草帽,该物料存在低精度、需复核分组或其他人工确认标记。；尺寸/款式缺失；needs_human_review,按备注补齐缺失信息，或确认该分组是否应继续保留人工复核。
ISSUE-00754,needs_human_review,medium,高强度螺丝,五金备件/其他/紧固件,REVIEW-MAT-00374,REVIEW-MAT-00374,Sheet1:652,套,强度等级: 12.9级；规格: 10*150,该物料存在低精度、需复核分组或其他人工确认标记。；是否M10/表面处理缺失；needs_human_review,按备注补齐缺失信息，或确认该分组是否应继续保留人工复核。
ISSUE-00755,needs_human_review,medium,小便器感应器,工程建材/其他/洁具配件,REVIEW-MAT-00380,REVIEW-MAT-00380,Sheet1:661,套,材质: 铜；用途: 小便器,该物料存在低精度、需复核分组或其他人工确认标记。；电源方式/规格缺失；needs_human_review,按备注补齐缺失信息，或确认该分组是否应继续保留人工复核。
ISSUE-00756,needs_human_review,medium,推进泵加长弯头,设备备件与加工件/金属加工件/金属加工件,REVIEW-MAT-00385,REVIEW-MAT-00385,Sheet1:674,套,加工定做: 是；适用设备: 推进泵；规格: 189；特征: 加长大弯头,该物料存在低精度、需复核分组或其他人工确认标记。；图纸/材质/接口缺失；needs_human_review,按备注补齐缺失信息，或确认该分组是否应继续保留人工复核。
ISSUE-00757,needs_human_review,medium,蒸饭柜,设备备件与加工件/其他/厨房设备,REVIEW-MAT-00386,REVIEW-MAT-00386,Sheet1:678,个,品牌: 荣事达；层数: 8层；功能: 智能,该物料存在低精度、需复核分组或其他人工确认标记。；功率/电压/容量缺失，单位建议台；needs_human_review,按备注补齐缺失信息，或确认该分组是否应继续保留人工复核。
ISSUE-00758,needs_human_review,medium,接触器,电气与自动化/低压电器/低压电器,REVIEW-MAT-00390,REVIEW-MAT-00390,Sheet1:683,个,品牌: 施耐德；用途: 行车；电流: 80A,该物料存在低精度、需复核分组或其他人工确认标记。；型号/线圈电压缺失；needs_human_review,按备注补齐缺失信息，或确认该分组是否应继续保留人工复核。
ISSUE-00759,needs_human_review,medium,地坪漆面漆固化剂,化工油漆胶粘/油漆涂料/涂料油漆,REVIEW-MAT-00398,REVIEW-MAT-00398,Sheet1:693；Sheet1:711,kg,用途: 地坪漆面漆固化剂,该物料存在低精度、需复核分组或其他人工确认标记。；品牌/配比/包装缺失 | 与第692行同物料，品牌/配比/包装缺失；needs_human_review,按备注补齐缺失信息，或确认该分组是否应继续保留人工复核。
ISSUE-00760,needs_human_review,medium,地坪漆底漆固化剂,化工油漆胶粘/油漆涂料/涂料油漆,REVIEW-MAT-00400,REVIEW-MAT-00400,Sheet1:695；Sheet1:709,kg,用途: 地坪漆底漆固化剂,该物料存在低精度、需复核分组或其他人工确认标记。；品牌/配比/包装缺失 | 与第694行同物料，配比/包装缺失；needs_human_review,按备注补齐缺失信息，或确认该分组是否应继续保留人工复核。
ISSUE-00761,needs_human_review,medium,伸缩加长杆,工具器具/涂装工具/刷辊喷涂,REVIEW-MAT-00403,REVIEW-MAT-00403,Sheet1:698,支,类型: 伸缩加长杆,该物料存在低精度、需复核分组或其他人工确认标记。；长度范围/接口缺失；needs_human_review,按备注补齐缺失信息，或确认该分组是否应继续保留人工复核。
ISSUE-00762,needs_human_review,medium,六角螺丝,五金备件/其他/紧固件,REVIEW-MAT-00404,REVIEW-MAT-00404,Sheet1:699,套,规格: 10*40；类型: 六角,该物料存在低精度、需复核分组或其他人工确认标记。；是否M10/强度等级缺失；needs_human_review,按备注补齐缺失信息，或确认该分组是否应继续保留人工复核。
ISSUE-00763,needs_human_review,medium,美纹纸,化工油漆胶粘/胶粘密封/胶粘剂,REVIEW-MAT-00405,REVIEW-MAT-00405,Sheet1:1103；Sheet1:701；Sheet1:712,米,颜色: 黄色；宽度: 5cm,该物料存在低精度、需复核分组或其他人工确认标记。；长度/品牌缺失 | 与第700行同物料，长度/品牌缺失 | 与第711行同物料，大小写需统一；needs_human_review,按备注补齐缺失信息，或确认该分组是否应继续保留人工复核。
ISSUE-00764,needs_human_review,medium,外墙漆,化工油漆胶粘/油漆涂料/涂料油漆,REVIEW-MAT-00407,REVIEW-MAT-00407,Sheet1:706,桶,品牌: 立邦；用途: 外墙,该物料存在低精度、需复核分组或其他人工确认标记。；颜色/包装重量/型号缺失；needs_human_review,按备注补齐缺失信息，或确认该分组是否应继续保留人工复核。
ISSUE-00765,needs_human_review,medium,注浆机活塞,设备备件与加工件/金属加工件/金属加工件,REVIEW-MAT-00410,REVIEW-MAT-00410,Sheet1:713,套,定制: 是；适用设备: 注浆机；类型: 活塞,该物料存在低精度、需复核分组或其他人工确认标记。；图纸/材质/密封结构缺失；needs_human_review,按备注补齐缺失信息，或确认该分组是否应继续保留人工复核。
ISSUE-00766,needs_human_review,medium,金刚磨片,工具器具/其他/磨切耗材,REVIEW-MAT-00413,REVIEW-MAT-00413,Sheet1:716,个,类型: 金刚磨片,该物料存在低精度、需复核分组或其他人工确认标记。；规格/粒度/用途缺失；needs_human_review,按备注补齐缺失信息，或确认该分组是否应继续保留人工复核。
ISSUE-00767,needs_human_review,medium,UPVC给水管,工程建材/其他/UPVC管件,REVIEW-MAT-00414,REVIEW-MAT-00414,Sheet1:718,米,品牌: 公元；规格: 32；材质: UPVC；用途: 给水,该物料存在低精度、需复核分组或其他人工确认标记。；压力等级缺失；needs_human_review,按备注补齐缺失信息，或确认该分组是否应继续保留人工复核。
ISSUE-00768,needs_human_review,medium,UPVC三通,工程建材/其他/UPVC管件,REVIEW-MAT-00415,REVIEW-MAT-00415,Sheet1:719,个,品牌: 公元；规格: 32；类型: 三通,该物料存在低精度、需复核分组或其他人工确认标记。；材质默认UPVC需确认；needs_human_review,按备注补齐缺失信息，或确认该分组是否应继续保留人工复核。
ISSUE-00769,needs_human_review,medium,UPVC直通,工程建材/其他/UPVC管件,REVIEW-MAT-00416,REVIEW-MAT-00416,Sheet1:720,个,规格: 32；类型: 直通,该物料存在低精度、需复核分组或其他人工确认标记。；材质/品牌需确认；needs_human_review,按备注补齐缺失信息，或确认该分组是否应继续保留人工复核。
ISSUE-00770,needs_human_review,medium,UPVC斜三通,工程建材/其他/UPVC管件,REVIEW-MAT-00417,REVIEW-MAT-00417,Sheet1:721,个,规格: 32；类型: 斜三通,该物料存在低精度、需复核分组或其他人工确认标记。；材质/品牌需确认；needs_human_review,按备注补齐缺失信息，或确认该分组是否应继续保留人工复核。
ISSUE-00771,needs_human_review,medium,异径接头,工程建材/其他/UPVC管件,REVIEW-MAT-00419,REVIEW-MAT-00419,Sheet1:723,个,规格: 32*25；类型: 大小头/异径,该物料存在低精度、需复核分组或其他人工确认标记。；材质/品牌需确认；needs_human_review,按备注补齐缺失信息，或确认该分组是否应继续保留人工复核。
ISSUE-00772,needs_human_review,medium,UPVC弯头,工程建材/其他/UPVC管件,REVIEW-MAT-00420,REVIEW-MAT-00420,Sheet1:724,个,规格: 32；类型: 弯头,该物料存在低精度、需复核分组或其他人工确认标记。；角度/材质/品牌需确认；needs_human_review,按备注补齐缺失信息，或确认该分组是否应继续保留人工复核。
ISSUE-00773,needs_human_review,medium,UPVC45度弯头,工程建材/其他/UPVC管件,REVIEW-MAT-00421,REVIEW-MAT-00421,Sheet1:725,个,规格: 32；角度: 45度,该物料存在低精度、需复核分组或其他人工确认标记。；材质/品牌需确认；needs_human_review,按备注补齐缺失信息，或确认该分组是否应继续保留人工复核。
ISSUE-00774,needs_human_review,medium,立式排污泵,设备备件与加工件/设备专用备件/设备备件,REVIEW-MAT-00422,REVIEW-MAT-00422,Sheet1:734,台,功率: 2.2kW；安装: 立式；类型: 排污泵,该物料存在低精度、需复核分组或其他人工确认标记。；流量/扬程/电压缺失；needs_human_review,按备注补齐缺失信息，或确认该分组是否应继续保留人工复核。
ISSUE-00775,needs_human_review,medium,高帮劳保鞋,劳保用品/其他/足部防护,REVIEW-MAT-00425,REVIEW-MAT-00425,Sheet1:739,双,特征: 进口、高帮,该物料存在低精度、需复核分组或其他人工确认标记。；尺码/防护标准缺失；needs_human_review,按备注补齐缺失信息，或确认该分组是否应继续保留人工复核。
ISSUE-00776,needs_human_review,medium,被子,行政办公与清洁/生活后勤/生活用品,REVIEW-MAT-00427,REVIEW-MAT-00427,Sheet1:741,个,类型: 被子,该物料存在低精度、需复核分组或其他人工确认标记。；尺寸/重量缺失；needs_human_review,按备注补齐缺失信息，或确认该分组是否应继续保留人工复核。
ISSUE-00777,needs_human_review,medium,枕头,行政办公与清洁/生活后勤/生活用品,REVIEW-MAT-00428,REVIEW-MAT-00428；REVIEW-MAT-01679,Sheet1:2688；Sheet1:2768；Sheet1:742,个,类型: 枕头,该物料存在低精度、需复核分组或其他人工确认标记。；规格/材质缺失 || 尺寸/材质缺失 | 与2686同类，尺寸/材质缺失；needs_human_review,按备注补齐缺失信息，或确认该分组是否应继续保留人工复核。
ISSUE-00778,needs_human_review,medium,床品四件套,行政办公与清洁/生活后勤/生活用品,REVIEW-MAT-00429,REVIEW-MAT-00429,Sheet1:743,套,类型: 四件套,该物料存在低精度、需复核分组或其他人工确认标记。；尺寸/材质缺失；needs_human_review,按备注补齐缺失信息，或确认该分组是否应继续保留人工复核。
ISSUE-00779,needs_human_review,medium,环卫夹,劳保用品/其他/清洁工具,REVIEW-MAT-00430,REVIEW-MAT-00430,Sheet1:745,个,类型: 环卫夹,该物料存在低精度、需复核分组或其他人工确认标记。；规格/长度缺失；needs_human_review,按备注补齐缺失信息，或确认该分组是否应继续保留人工复核。
ISSUE-00780,needs_human_review,medium,镀锌堵头,工程建材/其他/管件,REVIEW-MAT-00431,REVIEW-MAT-00431,Sheet1:746,个,规格: 25；表面: 镀锌；类型: 堵头,该物料存在低精度、需复核分组或其他人工确认标记。；材质/螺纹缺失；needs_human_review,按备注补齐缺失信息，或确认该分组是否应继续保留人工复核。
ISSUE-00781,needs_human_review,medium,高压变径接头,设备备件与加工件/金属加工件/金属加工件,REVIEW-MAT-00433,REVIEW-MAT-00433,Sheet1:750,个,定制: 是；规格: 36*3+36；类型: 变头,该物料存在低精度、需复核分组或其他人工确认标记。；图纸/螺纹/压力等级缺失；needs_human_review,按备注补齐缺失信息，或确认该分组是否应继续保留人工复核。
ISSUE-00782,needs_human_review,medium,高压外丝变径接头,设备备件与加工件/金属加工件/金属加工件,REVIEW-MAT-00436,REVIEW-MAT-00436,Sheet1:754,个,定制: 是；规格: M36变1寸；连接: 外丝,该物料存在低精度、需复核分组或其他人工确认标记。；图纸/压力等级/螺纹制式缺失；needs_human_review,按备注补齐缺失信息，或确认该分组是否应继续保留人工复核。
ISSUE-00783,needs_human_review,medium,地线,电气与自动化/电线电缆与敷设/电线电缆,REVIEW-MAT-00437,REVIEW-MAT-00437,Sheet1:755,米,品牌: 起帆；截面积: 6平方；用途: 地线,该物料存在低精度、需复核分组或其他人工确认标记。；颜色/线型缺失；needs_human_review,按备注补齐缺失信息，或确认该分组是否应继续保留人工复核。
ISSUE-00784,needs_human_review,medium,洗衣机进水管,工程建材/水暖建材/水暖五金,REVIEW-MAT-00438,REVIEW-MAT-00438,Sheet1:760,条,长度: 2米；用途: 洗衣机,该物料存在低精度、需复核分组或其他人工确认标记。；接口规格缺失；needs_human_review,按备注补齐缺失信息，或确认该分组是否应继续保留人工复核。
ISSUE-00785,needs_human_review,medium,PPR外牙直通,工程建材/水暖建材/水暖五金,REVIEW-MAT-00444,REVIEW-MAT-00444,Sheet1:768,个,品牌: 公元；规格: 25；材质: PPR；连接: 外牙；类型: 直通,该物料存在低精度、需复核分组或其他人工确认标记。；外牙规格缺失；needs_human_review,按备注补齐缺失信息，或确认该分组是否应继续保留人工复核。
ISSUE-00786,needs_human_review,medium,LED灯管,电气与自动化/照明与报警/灯具,REVIEW-MAT-00445,REVIEW-MAT-00445,Sheet1:769；Sheet1:788,个,功率: 38W；类型: LED灯管,该物料存在低精度、需复核分组或其他人工确认标记。；长度/色温缺失 | 与第768行同物料，长度/色温缺失；needs_human_review,按备注补齐缺失信息，或确认该分组是否应继续保留人工复核。
ISSUE-00787,needs_human_review,medium,不锈钢丝网,五金备件/其他/金属网,REVIEW-MAT-00447,REVIEW-MAT-00447,Sheet1:771,米,材质: 不锈钢,该物料存在低精度、需复核分组或其他人工确认标记。；网孔/丝径/宽度缺失；needs_human_review,按备注补齐缺失信息，或确认该分组是否应继续保留人工复核。
ISSUE-00788,needs_human_review,medium,防护安全网,安全防护/隔离防护/防护网,REVIEW-MAT-00448,REVIEW-MAT-00448,Sheet1:772,个,规格: 3000；特征: 加厚,该物料存在低精度、需复核分组或其他人工确认标记。；尺寸单位/材质/标准缺失；needs_human_review,按备注补齐缺失信息，或确认该分组是否应继续保留人工复核。
ISSUE-00789,needs_human_review,medium,五点式双钩安全绳,劳保用品/其他/坠落防护,REVIEW-MAT-00452,REVIEW-MAT-00452,Sheet1:779,套,类型: 五点式；挂钩: 双钩,该物料存在低精度、需复核分组或其他人工确认标记。；执行标准/长度/承载缺失；needs_human_review,按备注补齐缺失信息，或确认该分组是否应继续保留人工复核。
ISSUE-00790,needs_human_review,medium,对讲机,电气与自动化/其他/通讯设备,REVIEW-MAT-00454,REVIEW-MAT-00454,Sheet1:783；Sheet1:842；Sheet1:846,个,品牌: 长城；型号: A99；特征: 高功率,该物料存在低精度、需复核分组或其他人工确认标记。；频段/功率/许可要求缺失 | 与第782行同物料，频段/功率缺失 | 与第782行同物料；needs_human_review,按备注补齐缺失信息，或确认该分组是否应继续保留人工复核。
ISSUE-00791,needs_human_review,medium,土工布,工程建材/其他/土工材料,REVIEW-MAT-00463,REVIEW-MAT-00463,Sheet1:801,米,类型: 土工布,该物料存在低精度、需复核分组或其他人工确认标记。；克重/宽度缺失；needs_human_review,按备注补齐缺失信息，或确认该分组是否应继续保留人工复核。
ISSUE-00792,needs_human_review,medium,风镐,工具器具/气动工具/气动工具,REVIEW-MAT-00464,REVIEW-MAT-00464,Sheet1:803,台,型号: G150,该物料存在低精度、需复核分组或其他人工确认标记。；气压/品牌缺失；needs_human_review,按备注补齐缺失信息，或确认该分组是否应继续保留人工复核。
ISSUE-00793,needs_human_review,medium,丝锥,工具器具/工具配件/工具配件,REVIEW-MAT-00466,REVIEW-MAT-00466,Sheet1:811,支,规格: M20,该物料存在低精度、需复核分组或其他人工确认标记。；牙距/材质缺失；needs_human_review,按备注补齐缺失信息，或确认该分组是否应继续保留人工复核。
ISSUE-00794,needs_human_review,medium,万能胶,化工油漆胶粘/胶粘密封/胶粘剂,REVIEW-MAT-00467,REVIEW-MAT-00467,Sheet1:814,桶,类型: 万能胶,该物料存在低精度、需复核分组或其他人工确认标记。；品牌/容量缺失；needs_human_review,按备注补齐缺失信息，或确认该分组是否应继续保留人工复核。
ISSUE-00795,needs_human_review,medium,注浆管,工程建材/保温防水/防水堵漏,REVIEW-MAT-00468,REVIEW-MAT-00468,Sheet1:817,米,规格: DN25,该物料存在低精度、需复核分组或其他人工确认标记。；材质/压力等级缺失；needs_human_review,按备注补齐缺失信息，或确认该分组是否应继续保留人工复核。
ISSUE-00796,needs_human_review,medium,混凝土圆斗,工具器具/其他/料斗,REVIEW-MAT-00469,REVIEW-MAT-00469,Sheet1:822,个,容量: 3立方；用途: 混凝土,该物料存在低精度、需复核分组或其他人工确认标记。；材质/吊装方式缺失；needs_human_review,按备注补齐缺失信息，或确认该分组是否应继续保留人工复核。
ISSUE-00797,needs_human_review,medium,钢箱,设备备件与加工件/金属加工件/金属加工件,REVIEW-MAT-00470,REVIEW-MAT-00470,Sheet1:823,个,加工定做: 是；容量: 4立方；材质: 钢,该物料存在低精度、需复核分组或其他人工确认标记。；图纸/尺寸/用途缺失；needs_human_review,按备注补齐缺失信息，或确认该分组是否应继续保留人工复核。
ISSUE-00798,needs_human_review,medium,卷扬机,吊装索具/其他/起重设备,REVIEW-MAT-00475,REVIEW-MAT-00475,Sheet1:830,台,载荷: 1吨,该物料存在低精度、需复核分组或其他人工确认标记。；电压/钢丝绳长度/品牌缺失；needs_human_review,按备注补齐缺失信息，或确认该分组是否应继续保留人工复核。
ISSUE-00799,needs_human_review,medium,钢筋扎丝,五金备件/其他/金属丝材,REVIEW-MAT-00479,REVIEW-MAT-00479,Sheet1:834,个,长度: 50cm；包装: 5kg,该物料存在低精度、需复核分组或其他人工确认标记。；丝径/材质缺失；needs_human_review,按备注补齐缺失信息，或确认该分组是否应继续保留人工复核。
ISSUE-00800,needs_human_review,medium,汽油桶,工具器具/其他/容器,REVIEW-MAT-00480,REVIEW-MAT-00480,Sheet1:835,个,容量: 20L；用途: 汽油,该物料存在低精度、需复核分组或其他人工确认标记。；材质/防爆要求缺失；needs_human_review,按备注补齐缺失信息，或确认该分组是否应继续保留人工复核。
ISSUE-00801,needs_human_review,medium,植筋胶,化工油漆胶粘/胶粘密封/胶粘剂,REVIEW-MAT-00484,REVIEW-MAT-00484,Sheet1:840,支,类型: 注射式,该物料存在低精度、需复核分组或其他人工确认标记。；容量/品牌/固化剂体系缺失；needs_human_review,按备注补齐缺失信息，或确认该分组是否应继续保留人工复核。
ISSUE-00802,needs_human_review,medium,电源适配器,电气与自动化/电源电池/电源电池,REVIEW-MAT-00486,REVIEW-MAT-00486,Sheet1:847,个,输出: 12V 1A,该物料存在低精度、需复核分组或其他人工确认标记。；输入电压/接口规格缺失；needs_human_review,按备注补齐缺失信息，或确认该分组是否应继续保留人工复核。
ISSUE-00803,needs_human_review,medium,海绵拖把,劳保用品/其他/清洁工具,REVIEW-MAT-00489,REVIEW-MAT-00489,Sheet1:851,把,特征: 加长；材质: 海绵,该物料存在低精度、需复核分组或其他人工确认标记。；needs_human_review,按备注补齐缺失信息，或确认该分组是否应继续保留人工复核。
ISSUE-00804,needs_human_review,medium,钢丝增强管,工程建材/其他/软管,REVIEW-MAT-00490,REVIEW-MAT-00490,Sheet1:853,米,规格: 1寸；结构: 钢丝增强,该物料存在低精度、需复核分组或其他人工确认标记。；压力等级/材质缺失；needs_human_review,按备注补齐缺失信息，或确认该分组是否应继续保留人工复核。
ISSUE-00805,needs_human_review,medium,PPR热熔管,工程建材/水暖建材/水暖五金,REVIEW-MAT-00491,REVIEW-MAT-00491,Sheet1:862,米,规格: 4分；材质: PPR；连接: 热熔,该物料存在低精度、需复核分组或其他人工确认标记。；品牌/压力等级缺失；needs_human_review,按备注补齐缺失信息，或确认该分组是否应继续保留人工复核。
ISSUE-00806,needs_human_review,medium,深井潜水泵,设备备件与加工件/设备专用备件/设备备件,REVIEW-MAT-00495,REVIEW-MAT-00495,Sheet1:869；Sheet1:984,台,功率: 1.1kW；类型: 深井潜水泵,该物料存在低精度、需复核分组或其他人工确认标记。；扬程/流量/电压缺失 | 与第868行同物料，扬程/流量缺失；needs_human_review,按备注补齐缺失信息，或确认该分组是否应继续保留人工复核。
ISSUE-00807,needs_human_review,medium,海绵双面胶,化工油漆胶粘/胶粘密封/胶粘剂,REVIEW-MAT-00496,REVIEW-MAT-00496,Sheet1:870,卷,基材: 海绵；类型: 双面胶,该物料存在低精度、需复核分组或其他人工确认标记。；宽度/长度缺失；needs_human_review,按备注补齐缺失信息，或确认该分组是否应继续保留人工复核。
ISSUE-00808,needs_human_review,medium,PPR热熔接头,工程建材/水暖建材/水暖五金,REVIEW-MAT-00498,REVIEW-MAT-00498,Sheet1:872,个,规格: 4分；连接: 热熔,该物料存在低精度、需复核分组或其他人工确认标记。；材质/品牌缺失；needs_human_review,按备注补齐缺失信息，或确认该分组是否应继续保留人工复核。
ISSUE-00809,needs_human_review,medium,镀锌管,金属原材料/其他/钢管,REVIEW-MAT-00499,REVIEW-MAT-00499,Sheet1:874,米,规格: DN20；表面: 镀锌,该物料存在低精度、需复核分组或其他人工确认标记。；壁厚/标准缺失；needs_human_review,按备注补齐缺失信息，或确认该分组是否应继续保留人工复核。
ISSUE-00810,needs_human_review,medium,彩条布,工程建材/其他/防护覆盖,REVIEW-MAT-00501,REVIEW-MAT-00501,Sheet1:886,平方,宽度: 4米,该物料存在低精度、需复核分组或其他人工确认标记。；克重/材质缺失；needs_human_review,按备注补齐缺失信息，或确认该分组是否应继续保留人工复核。
ISSUE-00811,needs_human_review,medium,止水蝴蝶扣,工程建材/其他/止水紧固,REVIEW-MAT-00502,REVIEW-MAT-00502,Sheet1:887,套,规格: 16*600,该物料存在低精度、需复核分组或其他人工确认标记。；材质/配套螺杆缺失；needs_human_review,按备注补齐缺失信息，或确认该分组是否应继续保留人工复核。
ISSUE-00812,needs_human_review,medium,加长套筒,工具器具/其他/手动工具,REVIEW-MAT-00504,REVIEW-MAT-00504,Sheet1:889,个,规格: 18*200；特征: 加长,该物料存在低精度、需复核分组或其他人工确认标记。；驱动方孔规格缺失；needs_human_review,按备注补齐缺失信息，或确认该分组是否应继续保留人工复核。
ISSUE-00813,needs_human_review,medium,中砂,工程建材/水泥砂石/水泥砂石,REVIEW-MAT-00506,REVIEW-MAT-00506,Sheet1:896,包,类型: 中砂,该物料存在低精度、需复核分组或其他人工确认标记。；每包重量/含泥量缺失；needs_human_review,按备注补齐缺失信息，或确认该分组是否应继续保留人工复核。
ISSUE-00814,needs_human_review,medium,LED浴室灯,电气与自动化/照明与报警/灯具,REVIEW-MAT-00510,REVIEW-MAT-00510,Sheet1:909,个,功率: 50W；类型: 浴室灯,该物料存在低精度、需复核分组或其他人工确认标记。；防水等级/色温缺失；needs_human_review,按备注补齐缺失信息，或确认该分组是否应继续保留人工复核。
ISSUE-00815,needs_human_review,medium,长螺杆,五金备件/其他/紧固件,REVIEW-MAT-00517,REVIEW-MAT-00517,Sheet1:918,套,规格: 14*200；类型: 长螺杆,该物料存在低精度、需复核分组或其他人工确认标记。；是否M14/材质缺失；needs_human_review,按备注补齐缺失信息，或确认该分组是否应继续保留人工复核。
ISSUE-00816,needs_human_review,medium,防火涂层测厚仪,工具器具/其他/检测仪器,REVIEW-MAT-00518,REVIEW-MAT-00518,Sheet1:921,台,用途: 防火涂层测厚,该物料存在低精度、需复核分组或其他人工确认标记。；量程/精度/品牌缺失；needs_human_review,按备注补齐缺失信息，或确认该分组是否应继续保留人工复核。
ISSUE-00817,needs_human_review,medium,防水网线对接头,电气与自动化/其他/弱电材料,REVIEW-MAT-00519,REVIEW-MAT-00519,Sheet1:924,个,特征: 防水；用途: 网络对接,该物料存在低精度、需复核分组或其他人工确认标记。；接口规格/IP等级缺失；needs_human_review,按备注补齐缺失信息，或确认该分组是否应继续保留人工复核。
ISSUE-00818,needs_human_review,medium,钢丝绳夹头,吊装索具/吊带索具/钢丝绳链条,REVIEW-MAT-00520,REVIEW-MAT-00520,Sheet1:925,个,规格: M10,该物料存在低精度、需复核分组或其他人工确认标记。；适配钢丝绳直径/材质缺失；needs_human_review,按备注补齐缺失信息，或确认该分组是否应继续保留人工复核。
ISSUE-00819,needs_human_review,medium,防坠安全网,设备备件与加工件/金属加工件/金属加工件,REVIEW-MAT-00522,REVIEW-MAT-00522,Sheet1:931,平方,定制: 是；用途: 防坠,该物料存在低精度、需复核分组或其他人工确认标记。；网孔/材质/执行标准缺失；needs_human_review,按备注补齐缺失信息，或确认该分组是否应继续保留人工复核。
ISSUE-00820,needs_human_review,medium,橡胶支座,设备备件与加工件/金属加工件/金属加工件,REVIEW-MAT-00523,REVIEW-MAT-00523,Sheet1:933,个,定制: 是；材质: 橡胶；类型: 支座,该物料存在低精度、需复核分组或其他人工确认标记。；图纸/尺寸/硬度缺失；needs_human_review,按备注补齐缺失信息，或确认该分组是否应继续保留人工复核。
ISSUE-00821,needs_human_review,medium,电子血压计,劳保用品/其他/急救用品,REVIEW-MAT-00524,REVIEW-MAT-00524,Sheet1:935,台,品牌: 鱼跃；类型: 电子血压计,该物料存在低精度、需复核分组或其他人工确认标记。；型号缺失；needs_human_review,按备注补齐缺失信息，或确认该分组是否应继续保留人工复核。
ISSUE-00822,needs_human_review,medium,太阳能LED灯,电气与自动化/照明与报警/灯具,REVIEW-MAT-00525,REVIEW-MAT-00525,Sheet1:938,套,品牌: 公牛；功率: 80W；供电: 太阳能,该物料存在低精度、需复核分组或其他人工确认标记。；电池容量/防水等级缺失；needs_human_review,按备注补齐缺失信息，或确认该分组是否应继续保留人工复核。
ISSUE-00823,needs_human_review,medium,安全帽一字带,劳保用品/其他/头部防护配件,REVIEW-MAT-00526,REVIEW-MAT-00526,Sheet1:939,个,适用: 安全帽；类型: 一字带,该物料存在低精度、需复核分组或其他人工确认标记。；适配型号缺失；needs_human_review,按备注补齐缺失信息，或确认该分组是否应继续保留人工复核。
ISSUE-00824,needs_human_review,medium,LED灯带,电气与自动化/照明与报警/灯具,REVIEW-MAT-00527,REVIEW-MAT-00527,Sheet1:940,米,品牌: 雷士；电压: 36V；灯珠: 120珠,该物料存在低精度、需复核分组或其他人工确认标记。；功率/色温/IP等级缺失；needs_human_review,按备注补齐缺失信息，或确认该分组是否应继续保留人工复核。
ISSUE-00825,needs_human_review,medium,开关电源,电气与自动化/电源电池/电源电池,REVIEW-MAT-00528,REVIEW-MAT-00528,Sheet1:941；Sheet1:987,个,输出电压: 36V；功率: 400W,该物料存在低精度、需复核分组或其他人工确认标记。；输入电压/IP等级缺失 | 与第940行同物料，输入电压缺失；needs_human_review,按备注补齐缺失信息，或确认该分组是否应继续保留人工复核。
ISSUE-00826,needs_human_review,medium,总开关,电气与自动化/低压电器/低压电器,REVIEW-MAT-00535,REVIEW-MAT-00535,Sheet1:956,个,电流: 100A；用途: 总开关,该物料存在低精度、需复核分组或其他人工确认标记。；极数/品牌/型号缺失；needs_human_review,按备注补齐缺失信息，或确认该分组是否应继续保留人工复核。
ISSUE-00827,needs_human_review,medium,绝缘胶带,电气与自动化/其他/电工耗材,REVIEW-MAT-00539,REVIEW-MAT-00539,Sheet1:965,卷,类型: 绝缘胶带,该物料存在低精度、需复核分组或其他人工确认标记。；颜色/宽度/长度缺失；needs_human_review,按备注补齐缺失信息，或确认该分组是否应继续保留人工复核。
ISSUE-00828,needs_human_review,medium,电源极性检测器,工具器具/其他/检测仪器,REVIEW-MAT-00540,REVIEW-MAT-00540,Sheet1:967,台,用途: 电源极性检测,该物料存在低精度、需复核分组或其他人工确认标记。；电压范围/品牌缺失；needs_human_review,按备注补齐缺失信息，或确认该分组是否应继续保留人工复核。
ISSUE-00829,needs_human_review,medium,沉降观测钉带牌,工程建材/其他/测量标识,REVIEW-MAT-00541,REVIEW-MAT-00541,Sheet1:968,套,类型: 观测钉；包含: 标识牌,该物料存在低精度、需复核分组或其他人工确认标记。；材质/规格缺失；needs_human_review,按备注补齐缺失信息，或确认该分组是否应继续保留人工复核。
ISSUE-00830,needs_human_review,medium,十字测钉,工程建材/其他/测量标识,REVIEW-MAT-00542,REVIEW-MAT-00542,Sheet1:969,个,表面: 镀锌；类型: 十字测钉,该物料存在低精度、需复核分组或其他人工确认标记。；规格缺失；needs_human_review,按备注补齐缺失信息，或确认该分组是否应继续保留人工复核。
ISSUE-00831,needs_human_review,medium,LED充电头灯,电气与自动化/照明与报警/灯具,REVIEW-MAT-00543,REVIEW-MAT-00543,Sheet1:974,个,类型: 头灯；供电: 充电；光源: LED,该物料存在低精度、需复核分组或其他人工确认标记。；电池容量/亮度缺失；needs_human_review,按备注补齐缺失信息，或确认该分组是否应继续保留人工复核。
ISSUE-00832,needs_human_review,medium,消防箱,消防器材/消防工具/消防工具,REVIEW-MAT-00550,REVIEW-MAT-00550,Sheet1:998,个,类型: 消防箱,该物料存在低精度、需复核分组或其他人工确认标记。；尺寸/材质缺失；needs_human_review,按备注补齐缺失信息，或确认该分组是否应继续保留人工复核。
ISSUE-00833,needs_human_review,medium,马路切割片,工具器具/其他/磨切耗材,REVIEW-MAT-00552,REVIEW-MAT-00552,Sheet1:1001,块,规格: 400；用途: 马路切割,该物料存在低精度、需复核分组或其他人工确认标记。；厚度/孔径缺失；needs_human_review,按备注补齐缺失信息，或确认该分组是否应继续保留人工复核。
ISSUE-00834,needs_human_review,medium,塞尺,工具器具/量具测量/量具测量,REVIEW-MAT-00553,REVIEW-MAT-00553,Sheet1:1004,个,材质: 铜,该物料存在低精度、需复核分组或其他人工确认标记。；规格范围缺失；needs_human_review,按备注补齐缺失信息，或确认该分组是否应继续保留人工复核。
ISSUE-00835,needs_human_review,medium,电源线,电气与自动化/电线电缆与敷设/电线电缆,REVIEW-MAT-00555,REVIEW-MAT-00555,Sheet1:1014,条,长度: 2米,该物料存在低精度、需复核分组或其他人工确认标记。；插头类型/线径缺失；needs_human_review,按备注补齐缺失信息，或确认该分组是否应继续保留人工复核。
ISSUE-00836,needs_human_review,medium,路由器,电气与自动化/其他/网络设备,REVIEW-MAT-00557,REVIEW-MAT-00557,Sheet1:1018,套,品牌: 华为；速率: 1000M,该物料存在低精度、需复核分组或其他人工确认标记。；型号/端口数缺失；needs_human_review,按备注补齐缺失信息，或确认该分组是否应继续保留人工复核。
ISSUE-00837,needs_human_review,medium,电视支架,行政办公与清洁/办公用品/文具书写,REVIEW-MAT-00558,REVIEW-MAT-00558,Sheet1:1020,个,适配尺寸: 70寸,该物料存在低精度、需复核分组或其他人工确认标记。；安装方式/承重缺失；needs_human_review,按备注补齐缺失信息，或确认该分组是否应继续保留人工复核。
ISSUE-00838,needs_human_review,medium,变频空调,设备备件与加工件/其他/通用电器,REVIEW-MAT-00559,REVIEW-MAT-00559,Sheet1:1021,台,品牌: 格力；匹数: 3匹；类型: 变频,该物料存在低精度、需复核分组或其他人工确认标记。；冷暖/能效/安装方式缺失；needs_human_review,按备注补齐缺失信息，或确认该分组是否应继续保留人工复核。
ISSUE-00839,needs_human_review,medium,保险管,电气与自动化/低压电器/低压电器,REVIEW-MAT-00560,REVIEW-MAT-00560,Sheet1:1022,个,电流: 32A,该物料存在低精度、需复核分组或其他人工确认标记。；尺寸/电压/型号缺失；needs_human_review,按备注补齐缺失信息，或确认该分组是否应继续保留人工复核。
ISSUE-00840,needs_human_review,medium,打印机电源线,行政办公与清洁/其他/办公设备配件,REVIEW-MAT-00561,REVIEW-MAT-00561,Sheet1:1027,条,适用设备: 打印机；类型: 电源线,该物料存在低精度、需复核分组或其他人工确认标记。；接口规格缺失；needs_human_review,按备注补齐缺失信息，或确认该分组是否应继续保留人工复核。
ISSUE-00841,needs_human_review,medium,打印机数据线,行政办公与清洁/其他/办公设备配件,REVIEW-MAT-00562,REVIEW-MAT-00562,Sheet1:1028,条,适用设备: 打印机；类型: 数据线,该物料存在低精度、需复核分组或其他人工确认标记。；接口类型/长度缺失；needs_human_review,按备注补齐缺失信息，或确认该分组是否应继续保留人工复核。
ISSUE-00842,needs_human_review,medium,雾化喷头,工程建材/其他/喷淋配件,REVIEW-MAT-00563,REVIEW-MAT-00563,Sheet1:1029,个,用途: 加湿；类型: 雾化喷头,该物料存在低精度、需复核分组或其他人工确认标记。；规格/孔径/材质缺失；needs_human_review,按备注补齐缺失信息，或确认该分组是否应继续保留人工复核。
ISSUE-00843,needs_human_review,medium,101胶水,化工油漆胶粘/胶粘密封/胶粘剂,REVIEW-MAT-00565,REVIEW-MAT-00565,Sheet1:1031,个,型号: 101,该物料存在低精度、需复核分组或其他人工确认标记。；包装容量/品牌缺失；needs_human_review,按备注补齐缺失信息，或确认该分组是否应继续保留人工复核。
ISSUE-00844,needs_human_review,medium,不锈钢钻头,工具器具/工具配件/工具配件,REVIEW-MAT-00567,REVIEW-MAT-00567,Sheet1:1035,支,规格: 5.0；材质/用途: 不锈钢,该物料存在低精度、需复核分组或其他人工确认标记。；柄型/长度缺失；needs_human_review,按备注补齐缺失信息，或确认该分组是否应继续保留人工复核。
ISSUE-00845,needs_human_review,medium,噪音计,工具器具/其他/检测仪器,REVIEW-MAT-00568,REVIEW-MAT-00568,Sheet1:1042,台,用途: 噪音检测,该物料存在低精度、需复核分组或其他人工确认标记。；量程/精度/品牌缺失；needs_human_review,按备注补齐缺失信息，或确认该分组是否应继续保留人工复核。
ISSUE-00846,needs_human_review,medium,背胶防撞条,安全防护/隔离防护/防护网,REVIEW-MAT-00569,REVIEW-MAT-00569,Sheet1:1043,米,特征: 背胶；类型: 防撞条,该物料存在低精度、需复核分组或其他人工确认标记。；宽度/材质缺失；needs_human_review,按备注补齐缺失信息，或确认该分组是否应继续保留人工复核。
ISSUE-00847,needs_human_review,medium,雾炮机,设备备件与加工件/其他/环保喷淋设备,REVIEW-MAT-00570,REVIEW-MAT-00570,Sheet1:1047,台,功率: 3kW；控制: 全自动,该物料存在低精度、需复核分组或其他人工确认标记。；射程/水量/电压缺失；needs_human_review,按备注补齐缺失信息，或确认该分组是否应继续保留人工复核。
ISSUE-00848,needs_human_review,medium,人工草皮,工程建材/其他/地面材料,REVIEW-MAT-00572,REVIEW-MAT-00572,Sheet1:1053；Sheet1:1065,平方,规格: 3.0；颜色: 绿色,该物料存在低精度、需复核分组或其他人工确认标记。；与第992行同物料 | 与第1052行同物料；needs_human_review,按备注补齐缺失信息，或确认该分组是否应继续保留人工复核。
ISSUE-00849,needs_human_review,medium,六角自攻螺丝,五金备件/其他/紧固件,REVIEW-MAT-00573,REVIEW-MAT-00573,Sheet1:1054,盒,规格: 6；类型: 六角自攻,该物料存在低精度、需复核分组或其他人工确认标记。；长度/材质缺失；needs_human_review,按备注补齐缺失信息，或确认该分组是否应继续保留人工复核。
ISSUE-00850,needs_human_review,medium,定向轮,五金备件/其他/脚轮,REVIEW-MAT-00575,REVIEW-MAT-00575,Sheet1:1058,个,规格: 4寸；类型: 定向轮,该物料存在低精度、需复核分组或其他人工确认标记。；承重/材质缺失；needs_human_review,按备注补齐缺失信息，或确认该分组是否应继续保留人工复核。
ISSUE-00851,needs_human_review,medium,带刹定向轮,五金备件/其他/脚轮,REVIEW-MAT-00576,REVIEW-MAT-00576,Sheet1:1059,个,规格: 4寸；特征: 带刹车,该物料存在低精度、需复核分组或其他人工确认标记。；承重/材质缺失；needs_human_review,按备注补齐缺失信息，或确认该分组是否应继续保留人工复核。
ISSUE-00852,needs_human_review,medium,手推车,工具器具/其他/搬运工具,REVIEW-MAT-00577,REVIEW-MAT-00577,Sheet1:1061,台,载荷: 300kg；特征: 加厚,该物料存在低精度、需复核分组或其他人工确认标记。；尺寸/轮型缺失；needs_human_review,按备注补齐缺失信息，或确认该分组是否应继续保留人工复核。
ISSUE-00853,needs_human_review,medium,伸缩杆,安全防护/隔离防护/防护网,REVIEW-MAT-00579,REVIEW-MAT-00579,Sheet1:1063,个,颜色: 红色；类型: 伸缩杆,该物料存在低精度、需复核分组或其他人工确认标记。；长度/配套底座缺失；needs_human_review,按备注补齐缺失信息，或确认该分组是否应继续保留人工复核。
ISSUE-00854,needs_human_review,medium,警示牌,安全防护/警示标识/反光警示,REVIEW-MAT-00580,REVIEW-MAT-00580,Sheet1:1064,个,规格: 大号,该物料存在低精度、需复核分组或其他人工确认标记。；内容/尺寸/材质缺失；needs_human_review,按备注补齐缺失信息，或确认该分组是否应继续保留人工复核。
ISSUE-00855,needs_human_review,medium,遮阳网,安全防护/隔离防护/防护网,REVIEW-MAT-00582,REVIEW-MAT-00582,Sheet1:1067,平方,特征: 密,该物料存在低精度、需复核分组或其他人工确认标记。；针数/遮光率/材质缺失；needs_human_review,按备注补齐缺失信息，或确认该分组是否应继续保留人工复核。
ISSUE-00856,needs_human_review,medium,电瓶夹线,电气与自动化/其他/电工工具,REVIEW-MAT-00584,REVIEW-MAT-00584,Sheet1:1069,套,类型: 电瓶夹；包含: 线,该物料存在低精度、需复核分组或其他人工确认标记。；线径/长度/电流缺失；needs_human_review,按备注补齐缺失信息，或确认该分组是否应继续保留人工复核。
ISSUE-00857,needs_human_review,medium,蓄电池,电气与自动化/电源电池/电源电池,REVIEW-MAT-00586,REVIEW-MAT-00586,Sheet1:1073,个,电压: 12V,该物料存在低精度、需复核分组或其他人工确认标记。；容量Ah/型号缺失；needs_human_review,按备注补齐缺失信息，或确认该分组是否应继续保留人工复核。
ISSUE-00858,needs_human_review,medium,防尘网,安全防护/隔离防护/防护网,REVIEW-MAT-00587,REVIEW-MAT-00587,Sheet1:1077,平方,规格: 10针,该物料存在低精度、需复核分组或其他人工确认标记。；材质/颜色/克重缺失；needs_human_review,按备注补齐缺失信息，或确认该分组是否应继续保留人工复核。
ISSUE-00859,needs_human_review,medium,绝缘摇表,工具器具/其他/检测仪器,REVIEW-MAT-00592,REVIEW-MAT-00592,Sheet1:1089,个,量程/电压: 2500,该物料存在低精度、需复核分组或其他人工确认标记。；单位V？精度/品牌缺失；needs_human_review,按备注补齐缺失信息，或确认该分组是否应继续保留人工复核。
ISSUE-00860,needs_human_review,medium,摇表表笔,工具器具/工具配件/工具配件,REVIEW-MAT-00593,REVIEW-MAT-00593,Sheet1:1090,个,适用设备: 摇表；类型: 表笔,该物料存在低精度、需复核分组或其他人工确认标记。；接口/耐压缺失；needs_human_review,按备注补齐缺失信息，或确认该分组是否应继续保留人工复核。
ISSUE-00861,needs_human_review,medium,电热水壶,行政办公与清洁/生活后勤/生活用品,REVIEW-MAT-00594,REVIEW-MAT-00594,Sheet1:1091,个,品牌: 苏泊尔,该物料存在低精度、需复核分组或其他人工确认标记。；容量/功率缺失；needs_human_review,按备注补齐缺失信息，或确认该分组是否应继续保留人工复核。
ISSUE-00862,needs_human_review,medium,鼠标,行政办公与清洁/办公用品/文具书写,REVIEW-MAT-00595,REVIEW-MAT-00595,Sheet1:1092,个,品牌: 小米；类型: 鼠标,该物料存在低精度、需复核分组或其他人工确认标记。；有线/无线/型号缺失；needs_human_review,按备注补齐缺失信息，或确认该分组是否应继续保留人工复核。
ISSUE-00863,needs_human_review,medium,无线鼠标,行政办公与清洁/办公用品/文具书写,REVIEW-MAT-00596,REVIEW-MAT-00596,Sheet1:1093,个,类型: 无线鼠标,该物料存在低精度、需复核分组或其他人工确认标记。；品牌/型号缺失；needs_human_review,按备注补齐缺失信息，或确认该分组是否应继续保留人工复核。
ISSUE-00864,needs_human_review,medium,缠绕膜,包装与标识/袋箱膜包装/袋箱膜,REVIEW-MAT-00597,REVIEW-MAT-00597,Sheet1:1095,个,颜色: 透明；宽度: 50cm；重量: 5KG,该物料存在低精度、需复核分组或其他人工确认标记。；材质/芯径缺失；needs_human_review,按备注补齐缺失信息，或确认该分组是否应继续保留人工复核。
ISSUE-00865,needs_human_review,medium,纸箱,包装与标识/袋箱膜包装/袋箱膜,REVIEW-MAT-00598,REVIEW-MAT-00598,Sheet1:1096,个,规格: 70*50,该物料存在低精度、需复核分组或其他人工确认标记。；高度/层数缺失；needs_human_review,按备注补齐缺失信息，或确认该分组是否应继续保留人工复核。
ISSUE-00866,needs_human_review,medium,胶带切割器,包装与标识/其他/包装工具,REVIEW-MAT-00599,REVIEW-MAT-00599,Sheet1:1097,个,适用: 透明胶带,该物料存在低精度、需复核分组或其他人工确认标记。；适配宽度缺失；needs_human_review,按备注补齐缺失信息，或确认该分组是否应继续保留人工复核。
ISSUE-00867,needs_human_review,medium,钢筋方形箍,设备备件与加工件/金属加工件/金属加工件,REVIEW-MAT-00603,REVIEW-MAT-00603,Sheet1:1101,个,加工: 是；钢筋规格: 12；形状: 方形箍,该物料存在低精度、需复核分组或其他人工确认标记。；尺寸/图纸缺失；needs_human_review,按备注补齐缺失信息，或确认该分组是否应继续保留人工复核。
ISSUE-00868,needs_human_review,medium,充电电钻,工具器具/电动工具/电钻角磨机,REVIEW-MAT-00604,REVIEW-MAT-00604,Sheet1:1102,台,供电: 充电,该物料存在低精度、需复核分组或其他人工确认标记。；电压/电池容量/品牌缺失；needs_human_review,按备注补齐缺失信息，或确认该分组是否应继续保留人工复核。
ISSUE-00869,needs_human_review,medium,厕所刷,劳保用品/其他/清洁工具,REVIEW-MAT-00605,REVIEW-MAT-00605,Sheet1:1106,把,用途: 厕所清洁,该物料存在低精度、需复核分组或其他人工确认标记。；needs_human_review,按备注补齐缺失信息，或确认该分组是否应继续保留人工复核。
ISSUE-00870,needs_human_review,medium,锂电钻,工具器具/电动工具/电钻角磨机,REVIEW-MAT-00608,REVIEW-MAT-00608,Sheet1:1109,台,特征: 大功率；供电: 锂电池,该物料存在低精度、需复核分组或其他人工确认标记。；电压/电池容量/品牌缺失；needs_human_review,按备注补齐缺失信息，或确认该分组是否应继续保留人工复核。
ISSUE-00871,needs_human_review,medium,PVC给水管,工程建材/其他/PVC管件,REVIEW-MAT-00611,REVIEW-MAT-00611,Sheet1:1113,米,品牌: 公元；规格: 40；材质: PVC；用途: 给水,该物料存在低精度、需复核分组或其他人工确认标记。；压力等级缺失；needs_human_review,按备注补齐缺失信息，或确认该分组是否应继续保留人工复核。
ISSUE-00872,needs_human_review,medium,PVC管卡,工程建材/其他/管道紧固,REVIEW-MAT-00614,REVIEW-MAT-00614,Sheet1:1119,个,品牌: 公元；材质: PVC；规格: 40,该物料存在低精度、需复核分组或其他人工确认标记。；needs_human_review,按备注补齐缺失信息，或确认该分组是否应继续保留人工复核。
ISSUE-00873,needs_human_review,medium,PVC45度弯头,工程建材/其他/PVC管件,REVIEW-MAT-00615,REVIEW-MAT-00615,Sheet1:1120,个,品牌: 公元；规格: 40；角度: 45度,该物料存在低精度、需复核分组或其他人工确认标记。；材质默认PVC需确认；needs_human_review,按备注补齐缺失信息，或确认该分组是否应继续保留人工复核。
ISSUE-00874,needs_human_review,medium,异径接头,工程建材/其他/PVC管件,REVIEW-MAT-00616,REVIEW-MAT-00616,Sheet1:1122,个,品牌: 公元；规格: 40*32；类型: 大接头/异径,该物料存在低精度、需复核分组或其他人工确认标记。；材质默认PVC需确认；needs_human_review,按备注补齐缺失信息，或确认该分组是否应继续保留人工复核。
ISSUE-00875,needs_human_review,medium,厚双面胶,化工油漆胶粘/胶粘密封/胶粘剂,REVIEW-MAT-00617,REVIEW-MAT-00617,Sheet1:1125,卷,类型: 双面胶；特征: 厚,该物料存在低精度、需复核分组或其他人工确认标记。；宽度/长度缺失；needs_human_review,按备注补齐缺失信息，或确认该分组是否应继续保留人工复核。
ISSUE-00876,needs_human_review,medium,窗帘支架,行政办公与清洁/其他/设施配件,REVIEW-MAT-00618,REVIEW-MAT-00618,Sheet1:1132,套,用途: 窗帘,该物料存在低精度、需复核分组或其他人工确认标记。；长度/安装方式缺失；needs_human_review,按备注补齐缺失信息，或确认该分组是否应继续保留人工复核。
ISSUE-00877,needs_human_review,medium,手持打码机,设备备件与加工件/其他/标识设备,REVIEW-MAT-00622,REVIEW-MAT-00622,Sheet1:1141,台,类型: 手持；功能: 大字符打码,该物料存在低精度、需复核分组或其他人工确认标记。；型号/耗材类型缺失；needs_human_review,按备注补齐缺失信息，或确认该分组是否应继续保留人工复核。
ISSUE-00878,needs_human_review,medium,洗洁精,劳保用品/其他/清洁用品,REVIEW-MAT-00623,REVIEW-MAT-00623,Sheet1:1143,支,类型: 洗洁精,该物料存在低精度、需复核分组或其他人工确认标记。；容量/品牌缺失；needs_human_review,按备注补齐缺失信息，或确认该分组是否应继续保留人工复核。
ISSUE-00879,needs_human_review,medium,直通,工程建材/其他/PVC管件,REVIEW-MAT-00625,REVIEW-MAT-00625,Sheet1:1147,个,品牌: 公元；规格: 110；类型: 直通,该物料存在低精度、需复核分组或其他人工确认标记。；材质需确认；needs_human_review,按备注补齐缺失信息，或确认该分组是否应继续保留人工复核。
ISSUE-00880,needs_human_review,medium,方形集水斗,工程建材/其他/排水管件,REVIEW-MAT-00627,REVIEW-MAT-00627,Sheet1:1150,个,品牌: 公元；规格: 110；形状: 方形,该物料存在低精度、需复核分组或其他人工确认标记。；材质/安装方式缺失；needs_human_review,按备注补齐缺失信息，或确认该分组是否应继续保留人工复核。
ISSUE-00881,needs_human_review,medium,小滚筒刷,工具器具/涂装工具/刷辊喷涂,REVIEW-MAT-00637,REVIEW-MAT-00637,Sheet1:1166,支,规格: 4寸；类型: 小滚筒,该物料存在低精度、需复核分组或其他人工确认标记。；材质缺失；needs_human_review,按备注补齐缺失信息，或确认该分组是否应继续保留人工复核。
ISSUE-00882,needs_human_review,medium,垃圾袋,劳保用品/其他/清洁用品,REVIEW-MAT-00639,REVIEW-MAT-00639,Sheet1:1168；Sheet1:1349,个,规格: 大号,该物料存在低精度、需复核分组或其他人工确认标记。；与前文垃圾袋同类，尺寸/厚度缺失 | 与第1167行同物料，尺寸缺失；needs_human_review,按备注补齐缺失信息，或确认该分组是否应继续保留人工复核。
ISSUE-00883,needs_human_review,medium,纱布,劳保用品/其他/急救用品,REVIEW-MAT-00653,REVIEW-MAT-00653,Sheet1:1191,包,包装: 大包,该物料存在低精度、需复核分组或其他人工确认标记。；尺寸/卷数缺失；needs_human_review,按备注补齐缺失信息，或确认该分组是否应继续保留人工复核。
ISSUE-00884,needs_human_review,medium,雨衣,劳保用品/其他/雨具,REVIEW-MAT-00654,REVIEW-MAT-00654,Sheet1:1194,套,特征: 加厚,该物料存在低精度、需复核分组或其他人工确认标记。；材质/尺码缺失；needs_human_review,按备注补齐缺失信息，或确认该分组是否应继续保留人工复核。
ISSUE-00885,needs_human_review,medium,钢丝绳铝扣,吊装索具/吊带索具/钢丝绳链条,REVIEW-MAT-00657,REVIEW-MAT-00657,Sheet1:1200,个,材质: 铝；用途: 钢丝绳扣压,该物料存在低精度、需复核分组或其他人工确认标记。；适配钢丝绳直径缺失；needs_human_review,按备注补齐缺失信息，或确认该分组是否应继续保留人工复核。
ISSUE-00886,needs_human_review,medium,除甲醛机,行政办公与清洁/其他/办公设备,REVIEW-MAT-00661,REVIEW-MAT-00661,Sheet1:1214,个,用途: 办公室；功能: 除甲醛,该物料存在低精度、需复核分组或其他人工确认标记。；型号/适用面积缺失；needs_human_review,按备注补齐缺失信息，或确认该分组是否应继续保留人工复核。
ISSUE-00887,needs_human_review,medium,焊接异径接头,工程建材/其他/管件,REVIEW-MAT-00662,REVIEW-MAT-00662,Sheet1:1216,个,规格: 159*89；连接: 焊接；类型: 大小头,该物料存在低精度、需复核分组或其他人工确认标记。；材质/壁厚缺失；needs_human_review,按备注补齐缺失信息，或确认该分组是否应继续保留人工复核。
ISSUE-00888,needs_human_review,medium,电焊帽,劳保用品/其他/眼面防护,REVIEW-MAT-00667,REVIEW-MAT-00667,Sheet1:1224,个,品质: 好；用途: 电焊,该物料存在低精度、需复核分组或其他人工确认标记。；防护等级/型号缺失；needs_human_review,按备注补齐缺失信息，或确认该分组是否应继续保留人工复核。
ISSUE-00889,needs_human_review,medium,铝合金窗,设备备件与加工件/金属加工件/金属加工件,REVIEW-MAT-00668,REVIEW-MAT-00668,Sheet1:1226,套,定制: 是；材质: 铝合金,该物料存在低精度、需复核分组或其他人工确认标记。；尺寸/玻璃规格缺失；needs_human_review,按备注补齐缺失信息，或确认该分组是否应继续保留人工复核。
ISSUE-00890,needs_human_review,medium,不锈钢窗护栏,设备备件与加工件/金属加工件/金属加工件,REVIEW-MAT-00669,REVIEW-MAT-00669,Sheet1:1227,套,材质: 不锈钢；用途: 窗护栏,该物料存在低精度、需复核分组或其他人工确认标记。；尺寸/图纸缺失；needs_human_review,按备注补齐缺失信息，或确认该分组是否应继续保留人工复核。
ISSUE-00891,needs_human_review,medium,端子压线钳,工具器具/其他/电工工具,REVIEW-MAT-00672,REVIEW-MAT-00672,Sheet1:1234,个,适用: 接线端子；类型: 压钳,该物料存在低精度、需复核分组或其他人工确认标记。；压接范围缺失；needs_human_review,按备注补齐缺失信息，或确认该分组是否应继续保留人工复核。
ISSUE-00892,needs_human_review,medium,单向阀,工程建材/其他/阀门,REVIEW-MAT-00673,REVIEW-MAT-00673,Sheet1:1237,个,品牌: 埃美柯；规格: 80；类型: 单向阀,该物料存在低精度、需复核分组或其他人工确认标记。；材质/压力等级/连接形式缺失；needs_human_review,按备注补齐缺失信息，或确认该分组是否应继续保留人工复核。
ISSUE-00893,needs_human_review,medium,橡胶板,金属原材料/其他/橡胶材料,REVIEW-MAT-00676,REVIEW-MAT-00676,Sheet1:1240,kg,厚度: 2cm,该物料存在低精度、需复核分组或其他人工确认标记。；材质/宽度缺失；needs_human_review,按备注补齐缺失信息，或确认该分组是否应继续保留人工复核。
ISSUE-00894,needs_human_review,medium,屏蔽信号电缆,电气与自动化/电线电缆与敷设/电线电缆,REVIEW-MAT-00677,REVIEW-MAT-00677,Sheet1:1241,米,规格: 3*1.5；类型: 信号屏蔽,该物料存在低精度、需复核分组或其他人工确认标记。；屏蔽形式/品牌缺失；needs_human_review,按备注补齐缺失信息，或确认该分组是否应继续保留人工复核。
ISSUE-00895,needs_human_review,medium,管片强力胶,化工油漆胶粘/胶粘密封/胶粘剂,REVIEW-MAT-00679,REVIEW-MAT-00679,Sheet1:1245,桶,用途: 管片；类型: 强力胶,该物料存在低精度、需复核分组或其他人工确认标记。；品牌/包装/固化体系缺失；needs_human_review,按备注补齐缺失信息，或确认该分组是否应继续保留人工复核。
ISSUE-00896,needs_human_review,medium,雨棚,设备备件与加工件/金属加工件/金属加工件,REVIEW-MAT-00683,REVIEW-MAT-00683,Sheet1:1253,个,尺寸: 4*4米；特征: 加厚,该物料存在低精度、需复核分组或其他人工确认标记。；材质/结构缺失；needs_human_review,按备注补齐缺失信息，或确认该分组是否应继续保留人工复核。
ISSUE-00897,needs_human_review,medium,镀锌铁皮,金属原材料/其他/板材,REVIEW-MAT-00684,REVIEW-MAT-00684,Sheet1:1254,米,厚度: 1.2；表面: 镀锌,该物料存在低精度、需复核分组或其他人工确认标记。；宽度/材质缺失；needs_human_review,按备注补齐缺失信息，或确认该分组是否应继续保留人工复核。
ISSUE-00898,needs_human_review,medium,防火棉,工程建材/保温防水/保温材料,REVIEW-MAT-00685,REVIEW-MAT-00685,Sheet1:1255,平方,特性: 阻燃；类型: 防火棉,该物料存在低精度、需复核分组或其他人工确认标记。；厚度/防火等级缺失；needs_human_review,按备注补齐缺失信息，或确认该分组是否应继续保留人工复核。
ISSUE-00899,needs_human_review,medium,玛氏漏斗粘度计,工具器具/其他/检测仪器,REVIEW-MAT-00686,REVIEW-MAT-00686,Sheet1:1257,个,材质: 不锈钢；类型: 玛氏漏斗粘度计,该物料存在低精度、需复核分组或其他人工确认标记。；量程/标准缺失；needs_human_review,按备注补齐缺失信息，或确认该分组是否应继续保留人工复核。
ISSUE-00900,needs_human_review,medium,电镐,工具器具/电动工具/电钻角磨机,REVIEW-MAT-00691,REVIEW-MAT-00691,Sheet1:1263,套,规格: 15寸；特征: 专业长款,该物料存在低精度、需复核分组或其他人工确认标记。；功率/品牌缺失；needs_human_review,按备注补齐缺失信息，或确认该分组是否应继续保留人工复核。
ISSUE-00901,needs_human_review,medium,橡胶防爆水带,消防器材/灭火器与水带/消防水带,REVIEW-MAT-00692,REVIEW-MAT-00692,Sheet1:1264,米,规格: 100；材质: 橡胶；特征: 防爆,该物料存在低精度、需复核分组或其他人工确认标记。；压力等级缺失；needs_human_review,按备注补齐缺失信息，或确认该分组是否应继续保留人工复核。
ISSUE-00902,needs_human_review,medium,高筒雨鞋,劳保用品/其他/足部防护,REVIEW-MAT-00693,REVIEW-MAT-00693,Sheet1:1267；Sheet1:1278,双,品牌: 回力；筒高: 高筒,该物料存在低精度、需复核分组或其他人工确认标记。；尺码缺失 | 与第1266行同物料，尺码缺失；needs_human_review,按备注补齐缺失信息，或确认该分组是否应继续保留人工复核。
ISSUE-00903,needs_human_review,medium,不锈钢钢丝绳,吊装索具/吊带索具/钢丝绳链条,REVIEW-MAT-00694,REVIEW-MAT-00694,Sheet1:1268,米,材质: 不锈钢,该物料存在低精度、需复核分组或其他人工确认标记。；直径/结构缺失；needs_human_review,按备注补齐缺失信息，或确认该分组是否应继续保留人工复核。
ISSUE-00904,needs_human_review,medium,镀锌钢管,设备备件与加工件/金属加工件/金属加工件,REVIEW-MAT-00695,REVIEW-MAT-00695,Sheet1:1270,条,定制: 是；规格: 48；表面: 镀锌,该物料存在低精度、需复核分组或其他人工确认标记。；长度/壁厚/加工要求缺失；needs_human_review,按备注补齐缺失信息，或确认该分组是否应继续保留人工复核。
ISSUE-00905,needs_human_review,medium,卡环,吊装索具/其他/连接件,REVIEW-MAT-00696,REVIEW-MAT-00696,Sheet1:1272,个,规格: 10厘,该物料存在低精度、需复核分组或其他人工确认标记。；材质/载荷缺失；needs_human_review,按备注补齐缺失信息，或确认该分组是否应继续保留人工复核。
ISSUE-00906,needs_human_review,medium,铜球阀,工程建材/其他/阀门,REVIEW-MAT-00697,REVIEW-MAT-00697,Sheet1:1275,个,品牌: 埃美柯；规格: 4分；材质: 铜,该物料存在低精度、需复核分组或其他人工确认标记。；压力等级/连接形式缺失；needs_human_review,按备注补齐缺失信息，或确认该分组是否应继续保留人工复核。
ISSUE-00907,needs_human_review,medium,外接头,工程建材/其他/管件,REVIEW-MAT-00698,REVIEW-MAT-00698,Sheet1:1276,个,规格: 4分；类型: 外接头,该物料存在低精度、需复核分组或其他人工确认标记。；材质/螺纹缺失；needs_human_review,按备注补齐缺失信息，或确认该分组是否应继续保留人工复核。
ISSUE-00908,needs_human_review,medium,不锈钢水龙头,工程建材/水暖建材/水暖五金,REVIEW-MAT-00699,REVIEW-MAT-00699；REVIEW-MAT-01727,Sheet1:1280；Sheet1:2756,个,材质: 不锈钢；类型: 水龙头,该物料存在低精度、需复核分组或其他人工确认标记。；规格/安装方式缺失 || 规格/连接口径缺失；needs_human_review,按备注补齐缺失信息，或确认该分组是否应继续保留人工复核。
ISSUE-00909,needs_human_review,medium,冷热水阀,工程建材/水暖建材/水暖五金,REVIEW-MAT-00700,REVIEW-MAT-00700,Sheet1:1281,个,功能: 冷热水；类型: 水阀,该物料存在低精度、需复核分组或其他人工确认标记。；规格/材质缺失；needs_human_review,按备注补齐缺失信息，或确认该分组是否应继续保留人工复核。
ISSUE-00910,needs_human_review,medium,明装底盒,电气与自动化/插头插座/插头插座,REVIEW-MAT-00705,REVIEW-MAT-00705,Sheet1:1286,个,安装: 明装；类型: 底盒,该物料存在低精度、需复核分组或其他人工确认标记。；与第1138行同物料，规格缺失；needs_human_review,按备注补齐缺失信息，或确认该分组是否应继续保留人工复核。
ISSUE-00911,needs_human_review,medium,RJ45水晶头,电气与自动化/其他/弱电材料,REVIEW-MAT-00706,REVIEW-MAT-00706,Sheet1:1288,个,类型: RJ45水晶头,该物料存在低精度、需复核分组或其他人工确认标记。；类别/Cat等级缺失；needs_human_review,按备注补齐缺失信息，或确认该分组是否应继续保留人工复核。
ISSUE-00912,needs_human_review,medium,网线钳,工具器具/其他/电工工具,REVIEW-MAT-00708,REVIEW-MAT-00708,Sheet1:1296,把,用途: 网线压接,该物料存在低精度、需复核分组或其他人工确认标记。；适配水晶头类型缺失；needs_human_review,按备注补齐缺失信息，或确认该分组是否应继续保留人工复核。
ISSUE-00913,needs_human_review,medium,PVC线管,电气与自动化/电线电缆与敷设/电线电缆,REVIEW-MAT-00709,REVIEW-MAT-00709,Sheet1:1299,米,规格: 25；材质: PVC,该物料存在低精度、需复核分组或其他人工确认标记。；壁厚缺失；needs_human_review,按备注补齐缺失信息，或确认该分组是否应继续保留人工复核。
ISSUE-00914,needs_human_review,medium,割炬,焊接焊割/其他/焊割工具,REVIEW-MAT-00721,REVIEW-MAT-00721,Sheet1:1323,把,规格: 100型,该物料存在低精度、需复核分组或其他人工确认标记。；气体类型/品牌缺失；needs_human_review,按备注补齐缺失信息，或确认该分组是否应继续保留人工复核。
ISSUE-00915,needs_human_review,medium,活动扳手,工具器具/其他/手动工具,REVIEW-MAT-00723,REVIEW-MAT-00723,Sheet1:1325,把,品牌: 世达；类型: 活动扳手,该物料存在低精度、需复核分组或其他人工确认标记。；规格尺寸缺失；needs_human_review,按备注补齐缺失信息，或确认该分组是否应继续保留人工复核。
ISSUE-00916,needs_human_review,medium,钢格板,设备备件与加工件/金属加工件/金属加工件,REVIEW-MAT-00725,REVIEW-MAT-00725,Sheet1:1336,块,定制: 是；尺寸: 1.3-1.5米,该物料存在低精度、需复核分组或其他人工确认标记。；图纸/承载/材质缺失；needs_human_review,按备注补齐缺失信息，或确认该分组是否应继续保留人工复核。
ISSUE-00917,needs_human_review,medium,切割嘴,焊接焊割/其他/焊割配件,REVIEW-MAT-00726,REVIEW-MAT-00726,Sheet1:1338,个,规格: 100型,该物料存在低精度、需复核分组或其他人工确认标记。；气体类型/孔径缺失；needs_human_review,按备注补齐缺失信息，或确认该分组是否应继续保留人工复核。
ISSUE-00918,needs_human_review,medium,导电嘴,焊接焊割/焊割设备工具/焊机割炬,REVIEW-MAT-00727,REVIEW-MAT-00727,Sheet1:1339,个,适用: 二氧化碳焊；类型: 导电嘴,该物料存在低精度、需复核分组或其他人工确认标记。；孔径/适配焊枪缺失；needs_human_review,按备注补齐缺失信息，或确认该分组是否应继续保留人工复核。
ISSUE-00919,needs_human_review,medium,膨胀钩,五金备件/其他/紧固件,REVIEW-MAT-00733,REVIEW-MAT-00733,Sheet1:1347,个,规格: 10厘,该物料存在低精度、需复核分组或其他人工确认标记。；材质/载荷缺失；needs_human_review,按备注补齐缺失信息，或确认该分组是否应继续保留人工复核。
ISSUE-00920,needs_human_review,medium,双门控制箱,设备备件与加工件/金属加工件/金属加工件,REVIEW-MAT-00735,REVIEW-MAT-00735,Sheet1:1356,套,定制: 是；结构: 双门,该物料存在低精度、需复核分组或其他人工确认标记。；尺寸/电气配置/IP等级缺失；needs_human_review,按备注补齐缺失信息，或确认该分组是否应继续保留人工复核。
ISSUE-00921,needs_human_review,medium,推进泵吸轮,设备备件与加工件/金属加工件/金属加工件,REVIEW-MAT-00736,REVIEW-MAT-00736,Sheet1:1357,套,定制: 是；适用设备: 推进泵；类型: 吸轮,该物料存在低精度、需复核分组或其他人工确认标记。；图纸/材质缺失；needs_human_review,按备注补齐缺失信息，或确认该分组是否应继续保留人工复核。
ISSUE-00922,needs_human_review,medium,扁钢,金属原材料/其他/型钢,REVIEW-MAT-00737,REVIEW-MAT-00737,Sheet1:1359,米,规格: 40*4,该物料存在低精度、需复核分组或其他人工确认标记。；材质牌号缺失；needs_human_review,按备注补齐缺失信息，或确认该分组是否应继续保留人工复核。
ISSUE-00923,needs_human_review,medium,钢管,金属原材料/其他/钢管,REVIEW-MAT-00745,REVIEW-MAT-00745,Sheet1:1370,米,规格: 32*4.5,该物料存在低精度、需复核分组或其他人工确认标记。；材质/标准缺失；needs_human_review,按备注补齐缺失信息，或确认该分组是否应继续保留人工复核。
ISSUE-00924,needs_human_review,medium,伸缩铝梯,工具器具/其他/登高工具,REVIEW-MAT-00749,REVIEW-MAT-00749,Sheet1:1378,台,长度: 12米；材质: 铝；特征: 加厚伸缩,该物料存在低精度、需复核分组或其他人工确认标记。；承重等级缺失；needs_human_review,按备注补齐缺失信息，或确认该分组是否应继续保留人工复核。
ISSUE-00925,needs_human_review,medium,铁圈卡扣,设备备件与加工件/金属加工件/金属加工件,REVIEW-MAT-00750,REVIEW-MAT-00750,Sheet1:1379,个,加工: 是；规格: 168；类型: 铁圈卡扣,该物料存在低精度、需复核分组或其他人工确认标记。；图纸/材质缺失；needs_human_review,按备注补齐缺失信息，或确认该分组是否应继续保留人工复核。
ISSUE-00926,needs_human_review,medium,带牙铁管加工件,设备备件与加工件/金属加工件/金属加工件,REVIEW-MAT-00751,REVIEW-MAT-00751,Sheet1:1381,根,加工: 是；规格: 80*150；工序: 带牙,该物料存在低精度、需复核分组或其他人工确认标记。；牙型/图纸缺失；needs_human_review,按备注补齐缺失信息，或确认该分组是否应继续保留人工复核。
ISSUE-00927,needs_human_review,medium,法兰盘,工程建材/其他/管件,REVIEW-MAT-00755,REVIEW-MAT-00755,Sheet1:1386,个,规格: 325；类型: 法兰盘,该物料存在低精度、需复核分组或其他人工确认标记。；压力等级/材质/孔距缺失；needs_human_review,按备注补齐缺失信息，或确认该分组是否应继续保留人工复核。
ISSUE-00928,needs_human_review,medium,鞋垫,劳保用品/其他/足部防护,REVIEW-MAT-00762,REVIEW-MAT-00762,Sheet1:1397,双,类型: 鞋垫,该物料存在低精度、需复核分组或其他人工确认标记。；尺码/材质缺失；needs_human_review,按备注补齐缺失信息，或确认该分组是否应继续保留人工复核。
ISSUE-00929,needs_human_review,medium,无缝管加工件,设备备件与加工件/金属加工件/金属加工件,REVIEW-MAT-00763,REVIEW-MAT-00763,Sheet1:1403,根,加工: 是；规格: 325*12；长度: 12米,该物料存在低精度、需复核分组或其他人工确认标记。；材质/图纸/端部处理缺失；needs_human_review,按备注补齐缺失信息，或确认该分组是否应继续保留人工复核。
ISSUE-00930,needs_human_review,medium,卡簧,五金备件/其他/紧固件,REVIEW-MAT-00764,REVIEW-MAT-00764,Sheet1:1404,个,规格: 40；类型: 卡簧,该物料存在低精度、需复核分组或其他人工确认标记。；内/外卡簧类型缺失；needs_human_review,按备注补齐缺失信息，或确认该分组是否应继续保留人工复核。
ISSUE-00931,needs_human_review,medium,不锈钢骑马卡,五金备件/其他/管道紧固,REVIEW-MAT-00766,REVIEW-MAT-00766,Sheet1:1408,个,规格: 40；材质: 不锈钢,该物料存在低精度、需复核分组或其他人工确认标记。；适配管径/厚度缺失；needs_human_review,按备注补齐缺失信息，或确认该分组是否应继续保留人工复核。
ISSUE-00932,needs_human_review,medium,集装袋,包装与标识/袋箱膜包装/袋箱膜,REVIEW-MAT-00774,REVIEW-MAT-00774,Sheet1:1416,个,载重: 1.5T,该物料存在低精度、需复核分组或其他人工确认标记。；尺寸/吊带形式/是否覆膜缺失；needs_human_review,按备注补齐缺失信息，或确认该分组是否应继续保留人工复核。
ISSUE-00933,needs_human_review,medium,敲击螺丝刀,工具器具/手动工具/通用手动工具,REVIEW-MAT-00778,REVIEW-MAT-00778,Sheet1:1422；Sheet1:1886,个,长度: 400mm,该物料存在低精度、需复核分组或其他人工确认标记。；一字/十字/刀杆规格缺失 | 与1422同类，一字/十字需确认；needs_human_review,按备注补齐缺失信息，或确认该分组是否应继续保留人工复核。
ISSUE-00934,needs_human_review,medium,接地线,电气与自动化/电线电缆与敷设/电线电缆,REVIEW-MAT-00779,REVIEW-MAT-00779,Sheet1:1425,米,品牌: 起帆；截面积: 16mm2；用途: 接地,该物料存在低精度、需复核分组或其他人工确认标记。；导体材质/芯数/颜色缺失；needs_human_review,按备注补齐缺失信息，或确认该分组是否应继续保留人工复核。
ISSUE-00935,needs_human_review,medium,消防蝶阀,阀门/其他/消防阀门,REVIEW-MAT-00786,REVIEW-MAT-00786,Sheet1:1432,个,公称直径: DN150；特征: 加长,该物料存在低精度、需复核分组或其他人工确认标记。；连接方式/压力等级/阀体材质缺失；needs_human_review,按备注补齐缺失信息，或确认该分组是否应继续保留人工复核。
ISSUE-00936,needs_human_review,medium,国标法兰,管道管件/其他/法兰,REVIEW-MAT-00787,REVIEW-MAT-00787,Sheet1:1433,个,规格: DN325；压力等级: 16kg；执行标准: 国标,该物料存在低精度、需复核分组或其他人工确认标记。；材质/密封面形式缺失；needs_human_review,按备注补齐缺失信息，或确认该分组是否应继续保留人工复核。
ISSUE-00937,needs_human_review,medium,卡槽导轨,管道管件/管道紧固/管夹卡箍,REVIEW-MAT-00791,REVIEW-MAT-00791,Sheet1:1438,条,适配管径: 40；用途: 注浆管,该物料存在低精度、需复核分组或其他人工确认标记。；长度/材质/孔距缺失；needs_human_review,按备注补齐缺失信息，或确认该分组是否应继续保留人工复核。
ISSUE-00938,needs_human_review,medium,多功能打印机,行政办公与清洁/其他/办公设备,REVIEW-MAT-00792,REVIEW-MAT-00792,Sheet1:1439,台,品牌: 惠普,该物料存在低精度、需复核分组或其他人工确认标记。；型号/功能配置缺失；needs_human_review,按备注补齐缺失信息，或确认该分组是否应继续保留人工复核。
ISSUE-00939,needs_human_review,medium,办公桌,行政办公与清洁/生活后勤/生活用品,REVIEW-MAT-00793,REVIEW-MAT-00793,Sheet1:1440,个,品类: 办公桌,该物料存在低精度、需复核分组或其他人工确认标记。；尺寸/材质/款式缺失；needs_human_review,按备注补齐缺失信息，或确认该分组是否应继续保留人工复核。
ISSUE-00940,needs_human_review,medium,胶枪,工具器具/其他/施胶工具,REVIEW-MAT-00795,REVIEW-MAT-00795,Sheet1:1442,个,适用材料: 聚氨酯胶,该物料存在低精度、需复核分组或其他人工确认标记。；容量/结构类型缺失；needs_human_review,按备注补齐缺失信息，或确认该分组是否应继续保留人工复核。
ISSUE-00941,needs_human_review,medium,油漆笔,工具器具/其他/标记用品,REVIEW-MAT-00802,REVIEW-MAT-00802,Sheet1:1453,个,品类: 油漆笔,该物料存在低精度、需复核分组或其他人工确认标记。；颜色/规格缺失；needs_human_review,按备注补齐缺失信息，或确认该分组是否应继续保留人工复核。
ISSUE-00942,needs_human_review,medium,透明钢丝软管,管道管件/其他/软管,REVIEW-MAT-00803,REVIEW-MAT-00803,Sheet1:1454,米,公称直径: 50；特征: 加厚、透明、钢丝增强,该物料存在低精度、需复核分组或其他人工确认标记。；材质/压力等级缺失；needs_human_review,按备注补齐缺失信息，或确认该分组是否应继续保留人工复核。
ISSUE-00943,needs_human_review,medium,全胶手套,劳保用品/手部防护/手套,REVIEW-MAT-00805,REVIEW-MAT-00805,Sheet1:1457,双,类型: 全胶,该物料存在低精度、需复核分组或其他人工确认标记。；材质/尺码缺失；needs_human_review,按备注补齐缺失信息，或确认该分组是否应继续保留人工复核。
ISSUE-00944,needs_human_review,medium,冲孔不锈钢板,设备备件与加工件/金属加工件/金属加工件,REVIEW-MAT-00808,REVIEW-MAT-00808,Sheet1:1460,块,尺寸: 250*250*3mm；材质: 不锈钢；加工: 冲孔,该物料存在低精度、需复核分组或其他人工确认标记。；孔径/孔距/材质牌号/图纸缺失；needs_human_review,按备注补齐缺失信息，或确认该分组是否应继续保留人工复核。
ISSUE-00945,needs_human_review,medium,木方垫板,设备备件与加工件/金属加工件/金属加工件,REVIEW-MAT-00809,REVIEW-MAT-00809,Sheet1:1461,根,尺寸: 200*200*1500mm；加工: 是；用途: 垫板,该物料存在低精度、需复核分组或其他人工确认标记。；木材种类/防腐要求缺失；needs_human_review,按备注补齐缺失信息，或确认该分组是否应继续保留人工复核。
ISSUE-00946,needs_human_review,medium,快硬水泥,工程建材/水泥砂石/水泥砂石,REVIEW-MAT-00814,REVIEW-MAT-00814,Sheet1:1467,包,类型: 快速/快硬,该物料存在低精度、需复核分组或其他人工确认标记。；强度等级/包装重量缺失；needs_human_review,按备注补齐缺失信息，或确认该分组是否应继续保留人工复核。
ISSUE-00947,needs_human_review,medium,雨衣套装,劳保用品/其他/雨具,REVIEW-MAT-00815,REVIEW-MAT-00815,Sheet1:1468,套,特征: 加厚；套装: 是,该物料存在低精度、需复核分组或其他人工确认标记。；尺码/材质缺失；needs_human_review,按备注补齐缺失信息，或确认该分组是否应继续保留人工复核。
ISSUE-00948,needs_human_review,medium,高压油管接头,液压气动/液压管路/高压胶管,REVIEW-MAT-00817,REVIEW-MAT-00817,Sheet1:1470,个,公称直径: 50；类型: 接头,该物料存在低精度、需复核分组或其他人工确认标记。；螺纹/连接形式/压力等级缺失；needs_human_review,按备注补齐缺失信息，或确认该分组是否应继续保留人工复核。
ISSUE-00949,needs_human_review,medium,高压外接头,液压气动/液压管路/高压胶管,REVIEW-MAT-00818,REVIEW-MAT-00818,Sheet1:1471,个,公称直径: 50；连接类型: 外接,该物料存在低精度、需复核分组或其他人工确认标记。；螺纹规格/压力等级缺失；needs_human_review,按备注补齐缺失信息，或确认该分组是否应继续保留人工复核。
ISSUE-00950,needs_human_review,medium,明矾,化工油漆胶粘/其他/无机盐,REVIEW-MAT-00819,REVIEW-MAT-00819,Sheet1:1472,kg,化学品: 明矾,该物料存在低精度、需复核分组或其他人工确认标记。；纯度/包装/用途缺失；needs_human_review,按备注补齐缺失信息，或确认该分组是否应继续保留人工复核。
ISSUE-00951,needs_human_review,medium,橡胶垫块,设备备件与加工件/金属加工件/金属加工件,REVIEW-MAT-00820,REVIEW-MAT-00820,Sheet1:1473,块,尺寸: 260*330*5mm；加工: 是,该物料存在低精度、需复核分组或其他人工确认标记。；橡胶材质/硬度/图纸缺失；needs_human_review,按备注补齐缺失信息，或确认该分组是否应继续保留人工复核。
ISSUE-00952,needs_human_review,medium,镀锌直通,管道管件/金属管件/镀锌管件,REVIEW-MAT-00824,REVIEW-MAT-00824,Sheet1:1478,个,公称直径: 50；表面: 镀锌,该物料存在低精度、需复核分组或其他人工确认标记。；连接形式/螺纹标准缺失；needs_human_review,按备注补齐缺失信息，或确认该分组是否应继续保留人工复核。
ISSUE-00953,needs_human_review,medium,镀锌外接头,管道管件/金属管件/镀锌管件,REVIEW-MAT-00825,REVIEW-MAT-00825,Sheet1:1479,个,公称直径: 50；连接: 外接；表面: 镀锌,该物料存在低精度、需复核分组或其他人工确认标记。；螺纹标准缺失；needs_human_review,按备注补齐缺失信息，或确认该分组是否应继续保留人工复核。
ISSUE-00954,needs_human_review,medium,堵头,设备备件与加工件/金属加工件/金属加工件,REVIEW-MAT-00826,REVIEW-MAT-00826,Sheet1:1480,套,定制: 是；规格: 300,该物料存在低精度、需复核分组或其他人工确认标记。；材质/连接方式/压力等级/图纸缺失；needs_human_review,按备注补齐缺失信息，或确认该分组是否应继续保留人工复核。
ISSUE-00955,needs_human_review,medium,加厚卡槽,设备备件与加工件/金属加工件/金属加工件,REVIEW-MAT-00829,REVIEW-MAT-00829,Sheet1:1483；Sheet1:1753,个,加工: 是；规格: 89；特征: 加厚卡槽,该物料存在低精度、需复核分组或其他人工确认标记。；材质/图纸/沟槽尺寸缺失 | 与1483同类，材质/图纸缺失；needs_human_review,按备注补齐缺失信息，或确认该分组是否应继续保留人工复核。
ISSUE-00956,needs_human_review,medium,明装插座,电气与自动化/插头插座/插头插座,REVIEW-MAT-00840,REVIEW-MAT-00840,Sheet1:1497,个,安装方式: 明装,该物料存在低精度、需复核分组或其他人工确认标记。；位数/电流/品牌缺失；needs_human_review,按备注补齐缺失信息，或确认该分组是否应继续保留人工复核。
ISSUE-00957,needs_human_review,medium,电箱门锁,电气与自动化/其他/配电箱附件,REVIEW-MAT-00841,REVIEW-MAT-00841,Sheet1:1499,个,规格/型号: 325；用途: 电箱门,该物料存在低精度、需复核分组或其他人工确认标记。；锁芯型号/开孔尺寸缺失；needs_human_review,按备注补齐缺失信息，或确认该分组是否应继续保留人工复核。
ISSUE-00958,needs_human_review,medium,电焊手套,劳保用品/手部防护/手套,REVIEW-MAT-00842,REVIEW-MAT-00842,Sheet1:1502,双,特征: 双层、加厚；用途: 电焊,该物料存在低精度、需复核分组或其他人工确认标记。；材质/长度缺失；needs_human_review,按备注补齐缺失信息，或确认该分组是否应继续保留人工复核。
ISSUE-00959,needs_human_review,medium,伸缩梯,设备备件与加工件/金属加工件/金属加工件,REVIEW-MAT-00843,REVIEW-MAT-00843,Sheet1:1503,台,定制: 是；长度: 8米；厚度: 5.2mm,该物料存在低精度、需复核分组或其他人工确认标记。；材质/承重/节数/图纸缺失；needs_human_review,按备注补齐缺失信息，或确认该分组是否应继续保留人工复核。
ISSUE-00960,needs_human_review,medium,不锈钢卡槽,管道管件/管道紧固/管夹卡箍,REVIEW-MAT-00847,REVIEW-MAT-00847,Sheet1:1511,米,材质: 不锈钢,该物料存在低精度、需复核分组或其他人工确认标记。；截面规格/厚度/孔距缺失；needs_human_review,按备注补齐缺失信息，或确认该分组是否应继续保留人工复核。
ISSUE-00961,needs_human_review,medium,润滑油,化工油漆胶粘/其他/润滑剂,REVIEW-MAT-00848,REVIEW-MAT-00848,Sheet1:1512,支,品牌: 摩力克；型号: D321R,该物料存在低精度、需复核分组或其他人工确认标记。；容量/包装规格缺失；needs_human_review,按备注补齐缺失信息，或确认该分组是否应继续保留人工复核。
ISSUE-00962,needs_human_review,medium,镀锌异径接头,管道管件/金属管件/镀锌管件,REVIEW-MAT-00849,REVIEW-MAT-00849,Sheet1:1514,个,规格: 100*50；表面: 镀锌；类型: 大小头,该物料存在低精度、需复核分组或其他人工确认标记。；连接形式/螺纹标准缺失；needs_human_review,按备注补齐缺失信息，或确认该分组是否应继续保留人工复核。
ISSUE-00963,needs_human_review,medium,安全防护网,安全防护/隔离防护/防护网,REVIEW-MAT-00850,REVIEW-MAT-00850,Sheet1:1515,平方,特征: 加厚,该物料存在低精度、需复核分组或其他人工确认标记。；材质/网孔/颜色/克重缺失；needs_human_review,按备注补齐缺失信息，或确认该分组是否应继续保留人工复核。
ISSUE-00964,needs_human_review,medium,定制接头,设备备件与加工件/金属加工件/金属加工件,REVIEW-MAT-00851,REVIEW-MAT-00851,Sheet1:1516,个,加工: 是；规格: 50*150,该物料存在低精度、需复核分组或其他人工确认标记。；材质/连接方式/图纸缺失；needs_human_review,按备注补齐缺失信息，或确认该分组是否应继续保留人工复核。
ISSUE-00965,needs_human_review,medium,液压快速接头,液压气动/液压管路/高压胶管,REVIEW-MAT-00852,REVIEW-MAT-00852,Sheet1:1517,套,型号: GR6-25S；类型: 快速接头,该物料存在低精度、需复核分组或其他人工确认标记。；压力等级/螺纹接口缺失；needs_human_review,按备注补齐缺失信息，或确认该分组是否应继续保留人工复核。
ISSUE-00966,needs_human_review,medium,减速带,安全防护/其他/交通设施,REVIEW-MAT-00853,REVIEW-MAT-00853,Sheet1:1519,根,尺寸: 60cm*55；款式: 大二线,该物料存在低精度、需复核分组或其他人工确认标记。；材质/厚度/颜色缺失；needs_human_review,按备注补齐缺失信息，或确认该分组是否应继续保留人工复核。
ISSUE-00967,needs_human_review,medium,波纹管,管道管件/其他/波纹管,REVIEW-MAT-00860,REVIEW-MAT-00860,Sheet1:1526；Sheet1:1673；Sheet1:2206,米,公称直径: 20,该物料存在低精度、需复核分组或其他人工确认标记。；材质/用途/耐压缺失 | 与1526同类，材质/用途缺失；needs_human_review,按备注补齐缺失信息，或确认该分组是否应继续保留人工复核。
ISSUE-00968,needs_human_review,medium,气动电磁阀,液压气动/气动元件/接头阀管,REVIEW-MAT-00866,REVIEW-MAT-00866,Sheet1:1533,个,类型: 电磁阀；用途: 气动,该物料存在低精度、需复核分组或其他人工确认标记。；电压/口径/位通数/型号缺失；needs_human_review,按备注补齐缺失信息，或确认该分组是否应继续保留人工复核。
ISSUE-00969,needs_human_review,medium,气源处理双联件,液压气动/气动元件/接头阀管,REVIEW-MAT-00867,REVIEW-MAT-00867,Sheet1:1534,个,型号系列: AFC；类型: 双联件,该物料存在低精度、需复核分组或其他人工确认标记。；口径/规格型号缺失；needs_human_review,按备注补齐缺失信息，或确认该分组是否应继续保留人工复核。
ISSUE-00970,needs_human_review,medium,螺纹钢筋,金属原材料/钢材型材/钢材型材,REVIEW-MAT-00877,REVIEW-MAT-00877,Sheet1:1548,条,直径: 22mm,该物料存在低精度、需复核分组或其他人工确认标记。；材质/长度/执行标准缺失；needs_human_review,按备注补齐缺失信息，或确认该分组是否应继续保留人工复核。
ISSUE-00971,needs_human_review,medium,木方垫,设备备件与加工件/金属加工件/金属加工件,REVIEW-MAT-00881,REVIEW-MAT-00881,Sheet1:1552,米,加工: 是；规格: 100*100,该物料存在低精度、需复核分组或其他人工确认标记。；长度/木材种类/用途缺失；needs_human_review,按备注补齐缺失信息，或确认该分组是否应继续保留人工复核。
ISSUE-00972,needs_human_review,medium,高压外丝接头,液压气动/液压管路/高压胶管,REVIEW-MAT-00886,REVIEW-MAT-00886,Sheet1:1560,个,螺纹: M36*2A；类型: 外丝,该物料存在低精度、需复核分组或其他人工确认标记。；压力等级/适配管径缺失；needs_human_review,按备注补齐缺失信息，或确认该分组是否应继续保留人工复核。
ISSUE-00973,needs_human_review,medium,螺丝取出器,工具器具/其他/拆卸工具,REVIEW-MAT-00888,REVIEW-MAT-00888,Sheet1:1563,套,类型: 螺丝取出器,该物料存在低精度、需复核分组或其他人工确认标记。；规格范围/件数缺失；needs_human_review,按备注补齐缺失信息，或确认该分组是否应继续保留人工复核。
ISSUE-00974,needs_human_review,medium,焊接接头,设备备件与加工件/金属加工件/金属加工件,REVIEW-MAT-00898,REVIEW-MAT-00898,Sheet1:1578,个,加工: 是；规格: 168；连接: 焊接,该物料存在低精度、需复核分组或其他人工确认标记。；材质/图纸/壁厚缺失；needs_human_review,按备注补齐缺失信息，或确认该分组是否应继续保留人工复核。
ISSUE-00975,needs_human_review,medium,不锈钢控制箱,设备备件与加工件/金属加工件/金属加工件,REVIEW-MAT-00899,REVIEW-MAT-00899,Sheet1:1579,套,定制: 是；材质: 不锈钢,该物料存在低精度、需复核分组或其他人工确认标记。；尺寸/厚度/IP等级/图纸缺失；needs_human_review,按备注补齐缺失信息，或确认该分组是否应继续保留人工复核。
ISSUE-00976,needs_human_review,medium,镀锌活接,管道管件/金属管件/镀锌管件,REVIEW-MAT-00900,REVIEW-MAT-00900,Sheet1:1583,个,公称直径: 50；表面: 镀锌；类型: 活接,该物料存在低精度、需复核分组或其他人工确认标记。；螺纹标准/材质缺失；needs_human_review,按备注补齐缺失信息，或确认该分组是否应继续保留人工复核。
ISSUE-00977,needs_human_review,medium,胶手套,劳保用品/手部防护/手套,REVIEW-MAT-00902,REVIEW-MAT-00902,Sheet1:1585；Sheet1:2268,双,类型: 胶手套,该物料存在低精度、需复核分组或其他人工确认标记。；材质/尺码缺失 | 与1585同类，尺码缺失；needs_human_review,按备注补齐缺失信息，或确认该分组是否应继续保留人工复核。
ISSUE-00978,needs_human_review,medium,焊接卡扣,设备备件与加工件/金属加工件/金属加工件,REVIEW-MAT-00904,REVIEW-MAT-00904,Sheet1:1587,个,加工: 是；规格: 168；连接: 焊接,该物料存在低精度、需复核分组或其他人工确认标记。；材质/图纸/用途缺失；needs_human_review,按备注补齐缺失信息，或确认该分组是否应继续保留人工复核。
ISSUE-00979,needs_human_review,medium,异径接头,管道管件/其他/管接头,REVIEW-MAT-00906,REVIEW-MAT-00906,Sheet1:1589,个,规格: 80*50；类型: 大小头,该物料存在低精度、需复核分组或其他人工确认标记。；材质/连接方式缺失；needs_human_review,按备注补齐缺失信息，或确认该分组是否应继续保留人工复核。
ISSUE-00980,needs_human_review,medium,不锈钢增压泵,设备备件与加工件/设备专用备件/设备备件,REVIEW-MAT-00910,REVIEW-MAT-00910,Sheet1:1599,台,功率: 3kW；材质: 不锈钢；类型: 增压泵,该物料存在低精度、需复核分组或其他人工确认标记。；流量/扬程/电压/接口缺失；needs_human_review,按备注补齐缺失信息，或确认该分组是否应继续保留人工复核。
ISSUE-00981,needs_human_review,medium,氧气管接头,焊接焊割/焊割耗材/割嘴焊嘴,REVIEW-MAT-00911,REVIEW-MAT-00911,Sheet1:1600,个,规格: 8厘；适用气体: 氧气,该物料存在低精度、需复核分组或其他人工确认标记。；材质/连接形式缺失；needs_human_review,按备注补齐缺失信息，或确认该分组是否应继续保留人工复核。
ISSUE-00982,needs_human_review,medium,电动油脂泵,设备备件与加工件/设备专用备件/设备备件,REVIEW-MAT-00918,REVIEW-MAT-00918,Sheet1:1610,套,驱动: 电动；功能: 自动供脂,该物料存在低精度、需复核分组或其他人工确认标记。；电压/容量/压力/型号缺失；needs_human_review,按备注补齐缺失信息，或确认该分组是否应继续保留人工复核。
ISSUE-00983,needs_human_review,medium,油污清洗剂,行政办公与清洁/清洁用品/清洁工具耗材,REVIEW-MAT-00921,REVIEW-MAT-00921,Sheet1:1613,瓶,功能: 去油污,该物料存在低精度、需复核分组或其他人工确认标记。；容量/品牌/浓度缺失；needs_human_review,按备注补齐缺失信息，或确认该分组是否应继续保留人工复核。
ISSUE-00984,needs_human_review,medium,时控开关,电气与自动化/低压电器/低压电器,REVIEW-MAT-00923,REVIEW-MAT-00923,Sheet1:1615,个,类型: 时控开关,该物料存在低精度、需复核分组或其他人工确认标记。；电压/型号/通道数缺失；needs_human_review,按备注补齐缺失信息，或确认该分组是否应继续保留人工复核。
ISSUE-00985,needs_human_review,medium,弹簧减压阀,阀门/其他/减压阀,REVIEW-MAT-00925,REVIEW-MAT-00925,Sheet1:1618,个,公称直径: DN25；结构: 弹簧式,该物料存在低精度、需复核分组或其他人工确认标记。；压力范围/材质/连接方式缺失；needs_human_review,按备注补齐缺失信息，或确认该分组是否应继续保留人工复核。
ISSUE-00986,needs_human_review,medium,透明软管,管道管件/其他/软管,REVIEW-MAT-00926,REVIEW-MAT-00926,Sheet1:1620,米,公称直径: 25；特征: 透明,该物料存在低精度、需复核分组或其他人工确认标记。；材质/压力等级缺失；needs_human_review,按备注补齐缺失信息，或确认该分组是否应继续保留人工复核。
ISSUE-00987,needs_human_review,medium,钢焊接件,设备备件与加工件/金属加工件/金属加工件,REVIEW-MAT-00928,REVIEW-MAT-00928,Sheet1:1622,个,定制: 是；尺寸: 80*200；材质: 钢；工艺: 焊接,该物料存在低精度、需复核分组或其他人工确认标记。；图纸/厚度/用途缺失；needs_human_review,按备注补齐缺失信息，或确认该分组是否应继续保留人工复核。
ISSUE-00988,needs_human_review,medium,Y型法兰过滤器,阀门/其他/过滤器,REVIEW-MAT-00936,REVIEW-MAT-00936,Sheet1:1631,个,公称直径: DN80；结构: Y型；连接: 法兰,该物料存在低精度、需复核分组或其他人工确认标记。；材质/压力等级/滤网目数缺失；needs_human_review,按备注补齐缺失信息，或确认该分组是否应继续保留人工复核。
ISSUE-00989,needs_human_review,medium,水泵防护罩,设备备件与加工件/金属加工件/金属加工件,REVIEW-MAT-00938,REVIEW-MAT-00938,Sheet1:1633,个,定制: 是；材质: 不锈钢；尺寸: 60*90,该物料存在低精度、需复核分组或其他人工确认标记。；高度/厚度/图纸缺失；needs_human_review,按备注补齐缺失信息，或确认该分组是否应继续保留人工复核。
ISSUE-00990,needs_human_review,medium,双卡管道连接器,管道管件/管道紧固/管夹卡箍,REVIEW-MAT-00939,REVIEW-MAT-00939,Sheet1:1634,个,规格: 325；型式: 双卡,该物料存在低精度、需复核分组或其他人工确认标记。；材质/压力等级/密封件缺失；needs_human_review,按备注补齐缺失信息，或确认该分组是否应继续保留人工复核。
ISSUE-00991,needs_human_review,medium,喷火枪,工具器具/其他/焊割工具,REVIEW-MAT-00940,REVIEW-MAT-00940,Sheet1:1635,个,功能: 多功能,该物料存在低精度、需复核分组或其他人工确认标记。；燃气类型/型号缺失；needs_human_review,按备注补齐缺失信息，或确认该分组是否应继续保留人工复核。
ISSUE-00992,needs_human_review,medium,热风机,工具器具/电动工具/电钻角磨机,REVIEW-MAT-00941,REVIEW-MAT-00941,Sheet1:1637,个,功率: 2000W,该物料存在低精度、需复核分组或其他人工确认标记。；品牌/温度范围/型号缺失；needs_human_review,按备注补齐缺失信息，或确认该分组是否应继续保留人工复核。
ISSUE-00993,needs_human_review,medium,室外照明灯,电气与自动化/照明与报警/灯具,REVIEW-MAT-00943,REVIEW-MAT-00943,Sheet1:1639,个,功率: 200W；用途: 室外,该物料存在低精度、需复核分组或其他人工确认标记。；防护等级/色温/电压缺失；needs_human_review,按备注补齐缺失信息，或确认该分组是否应继续保留人工复核。
ISSUE-00994,needs_human_review,medium,双开门电箱,设备备件与加工件/金属加工件/金属加工件,REVIEW-MAT-00945,REVIEW-MAT-00945,Sheet1:1642,个,定制: 是；结构: 双开门；适配功率: 11kW,该物料存在低精度、需复核分组或其他人工确认标记。；尺寸/IP等级/图纸/元件配置缺失；needs_human_review,按备注补齐缺失信息，或确认该分组是否应继续保留人工复核。
ISSUE-00995,needs_human_review,medium,二保焊绝缘套,焊接焊割/焊割耗材/割嘴焊嘴,REVIEW-MAT-00946,REVIEW-MAT-00946,Sheet1:1644,个,用途: 二保焊；类型: 绝缘套,该物料存在低精度、需复核分组或其他人工确认标记。；适配焊枪型号缺失；needs_human_review,按备注补齐缺失信息，或确认该分组是否应继续保留人工复核。
ISSUE-00996,needs_human_review,medium,吊灯头,电气与自动化/照明与报警/灯具,REVIEW-MAT-00949,REVIEW-MAT-00949,Sheet1:1649；Sheet1:2172,个,类型: 吊灯头,该物料存在低精度、需复核分组或其他人工确认标记。；灯头规格/材质缺失 | 与1649同类，灯头规格缺失；needs_human_review,按备注补齐缺失信息，或确认该分组是否应继续保留人工复核。
ISSUE-00997,needs_human_review,medium,双外丝无缝管,设备备件与加工件/金属加工件/金属加工件,REVIEW-MAT-00955,REVIEW-MAT-00955,Sheet1:1661,个,加工: 是；材质/形态: 无缝管；连接: 两头外丝,该物料存在低精度、需复核分组或其他人工确认标记。；管径/长度/螺纹标准缺失；needs_human_review,按备注补齐缺失信息，或确认该分组是否应继续保留人工复核。
ISSUE-00998,needs_human_review,medium,定制橡胶垫,设备备件与加工件/金属加工件/金属加工件,REVIEW-MAT-00960,REVIEW-MAT-00960,Sheet1:1667,个,定制: 是；尺寸: 300*350*5mm；材质: 胶,该物料存在低精度、需复核分组或其他人工确认标记。；橡胶材质/硬度/图纸缺失；needs_human_review,按备注补齐缺失信息，或确认该分组是否应继续保留人工复核。
ISSUE-00999,needs_human_review,medium,压力开关,仪器仪表/其他/压力控制,REVIEW-MAT-00965,REVIEW-MAT-00965,Sheet1:1672,个,接口: 4分；类型: 压力开关,该物料存在低精度、需复核分组或其他人工确认标记。；压力范围/电压/触点形式缺失；needs_human_review,按备注补齐缺失信息，或确认该分组是否应继续保留人工复核。
ISSUE-01000,needs_human_review,medium,扎丝,工程建材/其他/绑扎材料,REVIEW-MAT-00966,REVIEW-MAT-00966,Sheet1:1674,卷,品类: 扎丝,该物料存在低精度、需复核分组或其他人工确认标记。；线径/每卷重量缺失；needs_human_review,按备注补齐缺失信息，或确认该分组是否应继续保留人工复核。
ISSUE-01001,needs_human_review,medium,电动抽油泵,设备备件与加工件/设备专用备件/设备备件,REVIEW-MAT-00967,REVIEW-MAT-00967,Sheet1:1676,个,驱动: 电动；用途: 抽油,该物料存在低精度、需复核分组或其他人工确认标记。；流量/扬程/电压/型号缺失；needs_human_review,按备注补齐缺失信息，或确认该分组是否应继续保留人工复核。
ISSUE-01002,needs_human_review,medium,液压堵头,液压气动/液压管路/高压胶管,REVIEW-MAT-00970,REVIEW-MAT-00970,Sheet1:1679,个,型号/规格: 42L；类型: 堵头,该物料存在低精度、需复核分组或其他人工确认标记。；螺纹/压力等级缺失；needs_human_review,按备注补齐缺失信息，或确认该分组是否应继续保留人工复核。
ISSUE-01003,needs_human_review,medium,不锈钢螺丝,紧固件/螺纹紧固件/螺丝螺栓,REVIEW-MAT-00975,REVIEW-MAT-00975,Sheet1:1684,个,规格: M5.5*32；材质: 不锈钢,该物料存在低精度、需复核分组或其他人工确认标记。；M5.5规格需确认，头型缺失；needs_human_review,按备注补齐缺失信息，或确认该分组是否应继续保留人工复核。
ISSUE-01004,needs_human_review,medium,高压树脂管,液压气动/液压管路/高压胶管,REVIEW-MAT-00978,REVIEW-MAT-00978,Sheet1:1689,米,规格: 8厘；材质: 树脂；类型: 高压管,该物料存在低精度、需复核分组或其他人工确认标记。；压力等级/层数缺失；needs_human_review,按备注补齐缺失信息，或确认该分组是否应继续保留人工复核。
ISSUE-01005,needs_human_review,medium,不锈钢刀阀,阀门/其他/刀阀,REVIEW-MAT-00979,REVIEW-MAT-00979,Sheet1:1692,个,公称直径: DN150；材质: 不锈钢,该物料存在低精度、需复核分组或其他人工确认标记。；连接方式/压力等级缺失；needs_human_review,按备注补齐缺失信息，或确认该分组是否应继续保留人工复核。
ISSUE-01006,needs_human_review,medium,防滑橡胶垫,劳保用品/其他/地面防护,REVIEW-MAT-00980,REVIEW-MAT-00980,Sheet1:1693,平方,功能: 防滑；材质: 胶/橡胶,该物料存在低精度、需复核分组或其他人工确认标记。；厚度/花纹/材质缺失；needs_human_review,按备注补齐缺失信息，或确认该分组是否应继续保留人工复核。
ISSUE-01007,needs_human_review,medium,高压枪头,工具器具/工具配件/工具配件,REVIEW-MAT-00981,REVIEW-MAT-00981,Sheet1:1694,个,特征: 加长；类型: 高压枪头,该物料存在低精度、需复核分组或其他人工确认标记。；接口/长度/适配设备缺失；needs_human_review,按备注补齐缺失信息，或确认该分组是否应继续保留人工复核。
ISSUE-01008,needs_human_review,medium,油雾器专用油,化工油漆胶粘/其他/润滑剂,REVIEW-MAT-00992,REVIEW-MAT-00992,Sheet1:1706,瓶,用途: 油雾器,该物料存在低精度、需复核分组或其他人工确认标记。；粘度/容量/品牌缺失；needs_human_review,按备注补齐缺失信息，或确认该分组是否应继续保留人工复核。
ISSUE-01009,needs_human_review,medium,塑料焊枪,工具器具/其他/焊接工具,REVIEW-MAT-00993,REVIEW-MAT-00993,Sheet1:1707,套,适用材料: 塑料,该物料存在低精度、需复核分组或其他人工确认标记。；功率/温度范围/配置缺失；needs_human_review,按备注补齐缺失信息，或确认该分组是否应继续保留人工复核。
ISSUE-01010,needs_human_review,medium,不锈钢数字牌,包装与标识/其他/标牌,REVIEW-MAT-00994,REVIEW-MAT-00994,Sheet1:1708,个,材质: 不锈钢；类型: 数字牌,该物料存在低精度、需复核分组或其他人工确认标记。；尺寸/数字范围/安装方式缺失；needs_human_review,按备注补齐缺失信息，或确认该分组是否应继续保留人工复核。
ISSUE-01011,needs_human_review,medium,油封,设备备件与加工件/其他/密封件,REVIEW-MAT-00997,REVIEW-MAT-00997,Sheet1:1711,个,品牌: SKF；型号: 37327；进口: 是,该物料存在低精度、需复核分组或其他人工确认标记。；尺寸/材质缺失；needs_human_review,按备注补齐缺失信息，或确认该分组是否应继续保留人工复核。
ISSUE-01012,needs_human_review,medium,内丝直通,管道管件/其他/管接头,REVIEW-MAT-01001,REVIEW-MAT-01001,Sheet1:1718,个,规格: 80；连接: 内丝；类型: 直通,该物料存在低精度、需复核分组或其他人工确认标记。；材质/螺纹标准缺失；needs_human_review,按备注补齐缺失信息，或确认该分组是否应继续保留人工复核。
ISSUE-01013,needs_human_review,medium,单头外丝无缝管,设备备件与加工件/金属加工件/金属加工件,REVIEW-MAT-01002,REVIEW-MAT-01002,Sheet1:1719,个,加工: 是；形态: 无缝管；连接: 单头外丝,该物料存在低精度、需复核分组或其他人工确认标记。；管径/长度/螺纹标准/材质缺失；needs_human_review,按备注补齐缺失信息，或确认该分组是否应继续保留人工复核。
ISSUE-01014,needs_human_review,medium,长销,设备备件与加工件/金属加工件/金属加工件,REVIEW-MAT-01004,REVIEW-MAT-01004,Sheet1:1721,个,加工: 是；规格: 20*340,该物料存在低精度、需复核分组或其他人工确认标记。；材质/热处理/图纸缺失；needs_human_review,按备注补齐缺失信息，或确认该分组是否应继续保留人工复核。
ISSUE-01015,needs_human_review,medium,反光警示带,安全防护/警示标识/反光警示,REVIEW-MAT-01011,REVIEW-MAT-01011,Sheet1:1728,卷,宽度: 10cm；颜色: 黄黑；功能: 反光,该物料存在低精度、需复核分组或其他人工确认标记。；长度/材质缺失；needs_human_review,按备注补齐缺失信息，或确认该分组是否应继续保留人工复核。
ISSUE-01016,needs_human_review,medium,不锈钢双卡抱箍,管道管件/管道紧固/管夹卡箍,REVIEW-MAT-01014,REVIEW-MAT-01014,Sheet1:1731,个,规格: 325；材质: 不锈钢；型式: 双卡,该物料存在低精度、需复核分组或其他人工确认标记。；厚度/密封件/压力等级缺失；needs_human_review,按备注补齐缺失信息，或确认该分组是否应继续保留人工复核。
ISSUE-01017,needs_human_review,medium,合成纤维垫块,待治理/待治理/非金属垫块,REVIEW-MAT-01015,REVIEW-MAT-01015,Sheet1:1732,个,尺寸: 86*65；材质: 合成纤维,该物料存在低精度、需复核分组或其他人工确认标记。；厚度/耐温等级缺失；needs_human_review,按备注补齐缺失信息，或确认该分组是否应继续保留人工复核。
ISSUE-01018,needs_human_review,medium,胶粘剂,化工油漆胶粘/胶粘密封/胶粘剂,REVIEW-MAT-01018,REVIEW-MAT-01018,Sheet1:1739,支,品牌: 东泰；型号: S1-5910；进口: 是,该物料存在低精度、需复核分组或其他人工确认标记。；胶种/容量缺失；needs_human_review,按备注补齐缺失信息，或确认该分组是否应继续保留人工复核。
ISSUE-01019,needs_human_review,medium,PPR外接直通,管道管件/塑料管件/PPR管件,REVIEW-MAT-01023,REVIEW-MAT-01023,Sheet1:1745,个,材质: PPR；规格: 63；连接: 外接；类型: 直通,该物料存在低精度、需复核分组或其他人工确认标记。；螺纹/压力等级缺失；needs_human_review,按备注补齐缺失信息，或确认该分组是否应继续保留人工复核。
ISSUE-01020,needs_human_review,medium,万向套筒,工具器具/其他/套筒,REVIEW-MAT-01029,REVIEW-MAT-01029,Sheet1:1755,个,规格: 1寸；结构: 万向转向,该物料存在低精度、需复核分组或其他人工确认标记。；方榫/适配规格缺失；needs_human_review,按备注补齐缺失信息，或确认该分组是否应继续保留人工复核。
ISSUE-01021,needs_human_review,medium,电子清洗剂,行政办公与清洁/清洁用品/清洁工具耗材,REVIEW-MAT-01035,REVIEW-MAT-01035,Sheet1:1766,支,用途: 电子元件清洗,该物料存在低精度、需复核分组或其他人工确认标记。；容量/品牌/是否带电清洗缺失；needs_human_review,按备注补齐缺失信息，或确认该分组是否应继续保留人工复核。
ISSUE-01022,needs_human_review,medium,液压内外牙弯头,液压气动/液压管路/高压胶管,REVIEW-MAT-01044,REVIEW-MAT-01044,Sheet1:1778,个,螺纹/型号: M52*28H；连接: 内外牙；类型: 弯头,该物料存在低精度、需复核分组或其他人工确认标记。；压力等级/角度缺失；needs_human_review,按备注补齐缺失信息，或确认该分组是否应继续保留人工复核。
ISSUE-01023,needs_human_review,medium,高压钢丝管,液压气动/液压管路/高压胶管,REVIEW-MAT-01045,REVIEW-MAT-01045,Sheet1:1780,米,公称直径: 50；结构: 钢丝增强,该物料存在低精度、需复核分组或其他人工确认标记。；压力等级/层数缺失；needs_human_review,按备注补齐缺失信息，或确认该分组是否应继续保留人工复核。
ISSUE-01024,needs_human_review,medium,铁锤,工具器具/手动工具/通用手动工具,REVIEW-MAT-01047,REVIEW-MAT-01047,Sheet1:1789,个,规格: 大号；材质: 铁,该物料存在低精度、需复核分组或其他人工确认标记。；重量/柄材质缺失；needs_human_review,按备注补齐缺失信息，或确认该分组是否应继续保留人工复核。
ISSUE-01025,needs_human_review,medium,橡胶水带,管道管件/其他/水带,REVIEW-MAT-01048,REVIEW-MAT-01048,Sheet1:1790,米,规格: 50；材质: 橡胶；特征: 加厚,该物料存在低精度、需复核分组或其他人工确认标记。；压力等级/接口形式缺失；needs_human_review,按备注补齐缺失信息，或确认该分组是否应继续保留人工复核。
ISSUE-01026,needs_human_review,medium,收纳箱,行政办公与清洁/其他/收纳用品,REVIEW-MAT-01049,REVIEW-MAT-01049,Sheet1:1791,个,尺寸: 85*65；规格: 大,该物料存在低精度、需复核分组或其他人工确认标记。；高度/材质缺失；needs_human_review,按备注补齐缺失信息，或确认该分组是否应继续保留人工复核。
ISSUE-01027,needs_human_review,medium,太阳能爆闪灯,安全防护/警示标识/反光警示,REVIEW-MAT-01054,REVIEW-MAT-01054,Sheet1:1796,个,供电: 太阳能；类型: 爆闪灯,该物料存在低精度、需复核分组或其他人工确认标记。；功率/颜色/安装方式缺失；needs_human_review,按备注补齐缺失信息，或确认该分组是否应继续保留人工复核。
ISSUE-01028,needs_human_review,medium,断丝取出器,工具器具/其他/拆卸工具,REVIEW-MAT-01056,REVIEW-MAT-01056,Sheet1:1798,合,类型: 断丝取出器,该物料存在低精度、需复核分组或其他人工确认标记。；单位疑似盒，规格范围缺失；needs_human_review,按备注补齐缺失信息，或确认该分组是否应继续保留人工复核。
ISSUE-01029,needs_human_review,medium,液压扳手套装,工具器具/其他/液压工具,REVIEW-MAT-01061,REVIEW-MAT-01061,Sheet1:1806,套,品牌: 恩耐克；类型: 液压扳手套装,该物料存在低精度、需复核分组或其他人工确认标记。；型号/扭矩范围/配置缺失；needs_human_review,按备注补齐缺失信息，或确认该分组是否应继续保留人工复核。
ISSUE-01030,needs_human_review,medium,定制集装袋,设备备件与加工件/金属加工件/金属加工件,REVIEW-MAT-01070,REVIEW-MAT-01070,Sheet1:1816,个,定制: 是；尺寸: 4*4米；载重: 4T；结构: 双层,该物料存在低精度、需复核分组或其他人工确认标记。；高度/吊带形式/材质克重缺失；needs_human_review,按备注补齐缺失信息，或确认该分组是否应继续保留人工复核。
ISSUE-01031,needs_human_review,medium,电箱围栏,设备备件与加工件/金属加工件/金属加工件,REVIEW-MAT-01074,REVIEW-MAT-01074,Sheet1:1824,套,定制: 是；用途: 二级电箱,该物料存在低精度、需复核分组或其他人工确认标记。；尺寸/材质/颜色/图纸缺失；needs_human_review,按备注补齐缺失信息，或确认该分组是否应继续保留人工复核。
ISSUE-01032,needs_human_review,medium,PE管卡箍组件,设备备件与加工件/金属加工件/金属加工件,REVIEW-MAT-01078,REVIEW-MAT-01078,Sheet1:1828,套,定制: 是；长度: 1.5m；材质: PE；带卡箍: 是,该物料存在低精度、需复核分组或其他人工确认标记。；管径/卡箍材质/图纸缺失；needs_human_review,按备注补齐缺失信息，或确认该分组是否应继续保留人工复核。
ISSUE-01033,needs_human_review,medium,不锈钢管箍,管道管件/管道紧固/管夹卡箍,REVIEW-MAT-01080,REVIEW-MAT-01080,Sheet1:1830,个,规格: 38；材质: 不锈钢,该物料存在低精度、需复核分组或其他人工确认标记。；厚度/适配管径缺失；needs_human_review,按备注补齐缺失信息，或确认该分组是否应继续保留人工复核。
ISSUE-01034,needs_human_review,medium,电视支架,行政办公与清洁/其他/办公设备配件,REVIEW-MAT-01082,REVIEW-MAT-01082,Sheet1:1833,套,类型: 电视支架,该物料存在低精度、需复核分组或其他人工确认标记。；适配尺寸/承重/安装方式缺失；needs_human_review,按备注补齐缺失信息，或确认该分组是否应继续保留人工复核。
ISSUE-01035,needs_human_review,medium,自锁气管接头公头,液压气动/液压接头/液压接头,REVIEW-MAT-01083,REVIEW-MAT-01083,Sheet1:1834,个,类型: 自锁；部件: 公头,该物料存在低精度、需复核分组或其他人工确认标记。；口径/螺纹规格缺失；needs_human_review,按备注补齐缺失信息，或确认该分组是否应继续保留人工复核。
ISSUE-01036,needs_human_review,medium,自锁气管接头螺母,液压气动/液压接头/液压接头,REVIEW-MAT-01084,REVIEW-MAT-01084,Sheet1:1835,个,类型: 自锁；部件: 螺母,该物料存在低精度、需复核分组或其他人工确认标记。；口径/螺纹规格缺失；needs_human_review,按备注补齐缺失信息，或确认该分组是否应继续保留人工复核。
ISSUE-01037,needs_human_review,medium,拉杆销子,设备备件与加工件/金属加工件/金属加工件,REVIEW-MAT-01085,REVIEW-MAT-01085,Sheet1:1836,套,定制: 是；部件: 拉杆销子,该物料存在低精度、需复核分组或其他人工确认标记。；尺寸/材质/图纸缺失；needs_human_review,按备注补齐缺失信息，或确认该分组是否应继续保留人工复核。
ISSUE-01038,needs_human_review,medium,四氟垫片,待治理/待治理/四氟制品,REVIEW-MAT-01086,REVIEW-MAT-01086,Sheet1:1837,个,规格: 55；材质: 四氟/PTFE,该物料存在低精度、需复核分组或其他人工确认标记。；厚度/内外径缺失；needs_human_review,按备注补齐缺失信息，或确认该分组是否应继续保留人工复核。
ISSUE-01039,needs_human_review,medium,防坠器,安全防护/高处与水域防护/高处防护,REVIEW-MAT-01087,REVIEW-MAT-01087,Sheet1:1839,个,承重: 300kg；长度: 30米；锁具: 双锁,该物料存在低精度、需复核分组或其他人工确认标记。；认证标准/品牌缺失；needs_human_review,按备注补齐缺失信息，或确认该分组是否应继续保留人工复核。
ISSUE-01040,needs_human_review,medium,草皮,行政办公与清洁/其他/绿化用品,REVIEW-MAT-01089,REVIEW-MAT-01089,Sheet1:1843,平方,厚度/规格: 3.0；特征: 加厚,该物料存在低精度、需复核分组或其他人工确认标记。；人造/天然、背胶 여부缺失；needs_human_review,按备注补齐缺失信息，或确认该分组是否应继续保留人工复核。
ISSUE-01041,needs_human_review,medium,高压油压表,仪器仪表/其他/压力仪表,REVIEW-MAT-01090,REVIEW-MAT-01090,Sheet1:1845；Sheet1:2113,个,介质: 油；类型: 高压表,该物料存在低精度、需复核分组或其他人工确认标记。；量程/接口/精度缺失 | 与1845同类，量程/接口缺失；needs_human_review,按备注补齐缺失信息，或确认该分组是否应继续保留人工复核。
ISSUE-01042,needs_human_review,medium,自动自吸泵,设备备件与加工件/设备专用备件/设备备件,REVIEW-MAT-01091,REVIEW-MAT-01091,Sheet1:1846,套,功率: 1.5kW；功能: 自动；类型: 自吸泵,该物料存在低精度、需复核分组或其他人工确认标记。；流量/扬程/电压/材质缺失；needs_human_review,按备注补齐缺失信息，或确认该分组是否应继续保留人工复核。
ISSUE-01043,needs_human_review,medium,背胶草皮,行政办公与清洁/其他/绿化用品,REVIEW-MAT-01093,REVIEW-MAT-01093,Sheet1:1848,平方,厚度/规格: 3.0；背胶: 是,该物料存在低精度、需复核分组或其他人工确认标记。；人造/天然、宽度缺失；needs_human_review,按备注补齐缺失信息，或确认该分组是否应继续保留人工复核。
ISSUE-01044,needs_human_review,medium,镀锌方钢,金属原材料/钢材型材/钢材型材,REVIEW-MAT-01094,REVIEW-MAT-01094,Sheet1:1849,米,规格: 6*6*5；表面: 镀锌,该物料存在低精度、需复核分组或其他人工确认标记。；规格单位/材质缺失；needs_human_review,按备注补齐缺失信息，或确认该分组是否应继续保留人工复核。
ISSUE-01045,needs_human_review,medium,电子秤,工具器具/量具测量/量具测量,REVIEW-MAT-01096,REVIEW-MAT-01096,Sheet1:1855,台,精度: 高精度,该物料存在低精度、需复核分组或其他人工确认标记。；量程/精度值/品牌缺失；needs_human_review,按备注补齐缺失信息，或确认该分组是否应继续保留人工复核。
ISSUE-01046,needs_human_review,medium,刻度勺,工具器具/其他/计量工具,REVIEW-MAT-01097,REVIEW-MAT-01097,Sheet1:1856,个,类型: 刻度勺,该物料存在低精度、需复核分组或其他人工确认标记。；容量范围/材质缺失；needs_human_review,按备注补齐缺失信息，或确认该分组是否应继续保留人工复核。
ISSUE-01047,needs_human_review,medium,大开口活动扳手,工具器具/手动工具/通用手动工具,REVIEW-MAT-01098,REVIEW-MAT-01098,Sheet1:1857,个,品牌: 世达；长度: 200mm；特征: 大开口,该物料存在低精度、需复核分组或其他人工确认标记。；最大开口尺寸缺失；needs_human_review,按备注补齐缺失信息，或确认该分组是否应继续保留人工复核。
ISSUE-01048,needs_human_review,medium,万用表,工具器具/其他/电工仪表,REVIEW-MAT-01099,REVIEW-MAT-01099,Sheet1:1858,个,型号: UT39C,该物料存在低精度、需复核分组或其他人工确认标记。；品牌/校准要求缺失；needs_human_review,按备注补齐缺失信息，或确认该分组是否应继续保留人工复核。
ISSUE-01049,needs_human_review,medium,钳形表,工具器具/其他/电工仪表,REVIEW-MAT-01100,REVIEW-MAT-01100,Sheet1:1859,个,量程: 2000A,该物料存在低精度、需复核分组或其他人工确认标记。；型号/交直流类型缺失；needs_human_review,按备注补齐缺失信息，或确认该分组是否应继续保留人工复核。
ISSUE-01050,needs_human_review,medium,桶装水电动抽水器,行政办公与清洁/生活后勤/生活用品,REVIEW-MAT-01102,REVIEW-MAT-01102,Sheet1:1864,个,用途: 桶装水；驱动: 电动,该物料存在低精度、需复核分组或其他人工确认标记。；电源方式/型号缺失；needs_human_review,按备注补齐缺失信息，或确认该分组是否应继续保留人工复核。
ISSUE-01051,needs_human_review,medium,钉锤,工具器具/手动工具/通用手动工具,REVIEW-MAT-01105,REVIEW-MAT-01105,Sheet1:1867,支,规格: 大号,该物料存在低精度、需复核分组或其他人工确认标记。；重量/柄材质缺失；needs_human_review,按备注补齐缺失信息，或确认该分组是否应继续保留人工复核。
ISSUE-01052,needs_human_review,medium,防水电工胶布,电气与自动化/绝缘材料/热缩绝缘,REVIEW-MAT-01122,REVIEW-MAT-01122,Sheet1:1889,卷,宽度: 25mm；功能: 防水,该物料存在低精度、需复核分组或其他人工确认标记。；长度/品牌/颜色缺失；needs_human_review,按备注补齐缺失信息，或确认该分组是否应继续保留人工复核。
ISSUE-01053,needs_human_review,medium,硅胶枪,工具器具/其他/施胶工具,REVIEW-MAT-01132,REVIEW-MAT-01132,Sheet1:1901,个,适用材料: 玻璃胶/硅胶,该物料存在低精度、需复核分组或其他人工确认标记。；结构类型/规格缺失；needs_human_review,按备注补齐缺失信息，或确认该分组是否应继续保留人工复核。
ISSUE-01054,needs_human_review,medium,高压内外牙弯头,设备备件与加工件/金属加工件/金属加工件,REVIEW-MAT-01133,REVIEW-MAT-01133,Sheet1:1902,个,定制: 是；规格: 52；连接: 内外牙；类型: 弯头,该物料存在低精度、需复核分组或其他人工确认标记。；螺纹/角度/压力等级/图纸缺失；needs_human_review,按备注补齐缺失信息，或确认该分组是否应继续保留人工复核。
ISSUE-01055,needs_human_review,medium,立式灭火标志,消防器材/消防工具/消防工具,REVIEW-MAT-01135,REVIEW-MAT-01135,Sheet1:1910,套,类型: 立式；用途: 灭火标志,该物料存在低精度、需复核分组或其他人工确认标记。；尺寸/材质缺失；needs_human_review,按备注补齐缺失信息，或确认该分组是否应继续保留人工复核。
ISSUE-01056,needs_human_review,medium,鼓风机,设备备件与加工件/设备专用备件/设备备件,REVIEW-MAT-01136,REVIEW-MAT-01136,Sheet1:1911,个,功率: 2.2kW,该物料存在低精度、需复核分组或其他人工确认标记。；风量/风压/电压/型号缺失；needs_human_review,按备注补齐缺失信息，或确认该分组是否应继续保留人工复核。
ISSUE-01057,needs_human_review,medium,电焊机套装,焊接焊割/焊割设备工具/焊机割炬,REVIEW-MAT-01137,REVIEW-MAT-01137,Sheet1:1912,套,配置: 含焊线,该物料存在低精度、需复核分组或其他人工确认标记。；型号/功率/电压/焊机类型缺失；needs_human_review,按备注补齐缺失信息，或确认该分组是否应继续保留人工复核。
ISSUE-01058,needs_human_review,medium,高压清洗机,行政办公与清洁/其他/高压清洗机,REVIEW-MAT-01139,REVIEW-MAT-01139,Sheet1:1914,套,品牌: 黑马；电压: 380V；功率: 5.5kW,该物料存在低精度、需复核分组或其他人工确认标记。；压力/流量/型号缺失；needs_human_review,按备注补齐缺失信息，或确认该分组是否应继续保留人工复核。
ISSUE-01059,needs_human_review,medium,生料带,管道管件/其他/密封材料,REVIEW-MAT-01147,REVIEW-MAT-01147,Sheet1:1925；Sheet1:2065,个,特征: 加厚,该物料存在低精度、需复核分组或其他人工确认标记。；宽度/长度/密度缺失 | 与1925同类，宽度/长度缺失；needs_human_review,按备注补齐缺失信息，或确认该分组是否应继续保留人工复核。
ISSUE-01060,needs_human_review,medium,防松螺母,紧固件/螺纹紧固件/螺母垫圈,REVIEW-MAT-01176,REVIEW-MAT-01176,Sheet1:1961；Sheet1:2132,个,规格: M24；类型: 防松,该物料存在低精度、需复核分组或其他人工确认标记。；材质/强度等级缺失 | 与1961同类，材质/强度等级缺失；needs_human_review,按备注补齐缺失信息，或确认该分组是否应继续保留人工复核。
ISSUE-01061,needs_human_review,medium,橡胶锤,工具器具/手动工具/通用手动工具,REVIEW-MAT-01178,REVIEW-MAT-01178,Sheet1:1963,个,材质: 橡胶,该物料存在低精度、需复核分组或其他人工确认标记。；重量/柄材质缺失；needs_human_review,按备注补齐缺失信息，或确认该分组是否应继续保留人工复核。
ISSUE-01062,needs_human_review,medium,焊接卡箍,设备备件与加工件/金属加工件/金属加工件,REVIEW-MAT-01179,REVIEW-MAT-01179,Sheet1:1964,个,加工: 是；规格: 219；连接: 焊接,该物料存在低精度、需复核分组或其他人工确认标记。；材质/图纸/用途缺失；needs_human_review,按备注补齐缺失信息，或确认该分组是否应继续保留人工复核。
ISSUE-01063,needs_human_review,medium,塑料箱,行政办公与清洁/其他/收纳用品,REVIEW-MAT-01183,REVIEW-MAT-01183,Sheet1:1970,个,规格: 大；型号/规格: 75,该物料存在低精度、需复核分组或其他人工确认标记。；尺寸/容量缺失；needs_human_review,按备注补齐缺失信息，或确认该分组是否应继续保留人工复核。
ISSUE-01064,needs_human_review,medium,法兰异径接头,设备备件与加工件/金属加工件/金属加工件,REVIEW-MAT-01184,REVIEW-MAT-01184,Sheet1:1971,套,加工: 是；规格: 34*60；连接: 法兰；类型: 大小头,该物料存在低精度、需复核分组或其他人工确认标记。；材质/压力等级/图纸缺失；needs_human_review,按备注补齐缺失信息，或确认该分组是否应继续保留人工复核。
ISSUE-01065,needs_human_review,medium,台钳,工具器具/其他/夹持工具,REVIEW-MAT-01186,REVIEW-MAT-01186,Sheet1:1973,台,开口: 400；规格: 16寸；特征: 加重,该物料存在低精度、需复核分组或其他人工确认标记。；品牌/型号缺失；needs_human_review,按备注补齐缺失信息，或确认该分组是否应继续保留人工复核。
ISSUE-01066,needs_human_review,medium,开口梅花扳手套装,工具器具/手动工具/通用手动工具,REVIEW-MAT-01191,REVIEW-MAT-01191,Sheet1:1980,套,品牌: 世达；规格范围: 8-24,该物料存在低精度、需复核分组或其他人工确认标记。；件数/型号缺失；needs_human_review,按备注补齐缺失信息，或确认该分组是否应继续保留人工复核。
ISSUE-01067,needs_human_review,medium,轴套,设备备件与加工件/金属加工件/金属加工件,REVIEW-MAT-01194,REVIEW-MAT-01194,Sheet1:1984,个,加工: 是；部件: 轴套,该物料存在低精度、需复核分组或其他人工确认标记。；图纸/材质/尺寸缺失；needs_human_review,按备注补齐缺失信息，或确认该分组是否应继续保留人工复核。
ISSUE-01068,needs_human_review,medium,变频自吸泵,设备备件与加工件/设备专用备件/设备备件,REVIEW-MAT-01197,REVIEW-MAT-01197,Sheet1:1988,个,功率: 1.5kW；控制: 全自动变频；类型: 自吸泵,该物料存在低精度、需复核分组或其他人工确认标记。；电压/流量/扬程/型号缺失；needs_human_review,按备注补齐缺失信息，或确认该分组是否应继续保留人工复核。
ISSUE-01069,needs_human_review,medium,电镐碳刷,工具器具/电动工具/电钻角磨机,REVIEW-MAT-01198,REVIEW-MAT-01198,Sheet1:1991,付,适用设备: 电镐；部件: 碳刷,该物料存在低精度、需复核分组或其他人工确认标记。；尺寸/适配型号缺失；needs_human_review,按备注补齐缺失信息，或确认该分组是否应继续保留人工复核。
ISSUE-01070,needs_human_review,medium,管片密封胶,化工油漆胶粘/胶粘密封/胶粘剂,REVIEW-MAT-01201,REVIEW-MAT-01201,Sheet1:1995,桶,用途: 管片密封,该物料存在低精度、需复核分组或其他人工确认标记。；胶种/容量/品牌缺失；needs_human_review,按备注补齐缺失信息，或确认该分组是否应继续保留人工复核。
ISSUE-01071,needs_human_review,medium,减压阀,阀门/其他/减压阀,REVIEW-MAT-01203,REVIEW-MAT-01203,Sheet1:1998,个,公称直径: DN50；执行标准: 国标,该物料存在低精度、需复核分组或其他人工确认标记。；压力范围/材质/连接方式缺失；needs_human_review,按备注补齐缺失信息，或确认该分组是否应继续保留人工复核。
ISSUE-01072,needs_human_review,medium,扫斗,行政办公与清洁/清洁用品/清洁工具耗材,REVIEW-MAT-01205,REVIEW-MAT-01205,Sheet1:2001,个,品类: 扫斗,该物料存在低精度、需复核分组或其他人工确认标记。；材质/规格缺失；needs_human_review,按备注补齐缺失信息，或确认该分组是否应继续保留人工复核。
ISSUE-01073,needs_human_review,medium,不锈钢抹刀,工具器具/其他/泥瓦工具,REVIEW-MAT-01206,REVIEW-MAT-01206,Sheet1:2002,个,材质: 不锈钢；类型: 抹刀,该物料存在低精度、需复核分组或其他人工确认标记。；尺寸/柄材质缺失；needs_human_review,按备注补齐缺失信息，或确认该分组是否应继续保留人工复核。
ISSUE-01074,needs_human_review,medium,自动流量计,仪器仪表/流量液位仪表/流量液位,REVIEW-MAT-01211,REVIEW-MAT-01211,Sheet1:2007,台,公称直径: DN150；材质/衬里: 橡胶；类型: 自动,该物料存在低精度、需复核分组或其他人工确认标记。；原理/量程/精度/输出信号缺失；needs_human_review,按备注补齐缺失信息，或确认该分组是否应继续保留人工复核。
ISSUE-01075,needs_human_review,medium,梅花双用扳手,工具器具/手动工具/通用手动工具,REVIEW-MAT-01212,REVIEW-MAT-01212,Sheet1:2008,个,规格: 14,该物料存在低精度、需复核分组或其他人工确认标记。；品牌/长度缺失；needs_human_review,按备注补齐缺失信息，或确认该分组是否应继续保留人工复核。
ISSUE-01076,needs_human_review,medium,镀锌螺丝组件,紧固件/螺纹紧固件/螺丝螺栓,REVIEW-MAT-01214,REVIEW-MAT-01214,Sheet1:2010,套,规格: M10*55；表面: 镀锌；成套: 是,该物料存在低精度、需复核分组或其他人工确认标记。；头型/强度等级缺失；needs_human_review,按备注补齐缺失信息，或确认该分组是否应继续保留人工复核。
ISSUE-01077,needs_human_review,medium,不锈钢角码,工程建材/其他/连接件,REVIEW-MAT-01215,REVIEW-MAT-01215,Sheet1:2011,个,材质: 不锈钢；形状: L型,该物料存在低精度、需复核分组或其他人工确认标记。；尺寸/厚度/孔位缺失；needs_human_review,按备注补齐缺失信息，或确认该分组是否应继续保留人工复核。
ISSUE-01078,needs_human_review,medium,定制窗户,设备备件与加工件/金属加工件/金属加工件,REVIEW-MAT-01216,REVIEW-MAT-01216,Sheet1:2012,个,定制: 是；品类: 窗户,该物料存在低精度、需复核分组或其他人工确认标记。；尺寸/材质/开启方式/图纸缺失；needs_human_review,按备注补齐缺失信息，或确认该分组是否应继续保留人工复核。
ISSUE-01079,needs_human_review,medium,救生衣,安全防护/高处与水域防护/水域防护,REVIEW-MAT-01221,REVIEW-MAT-01221,Sheet1:2020,个,品类: 救生衣,该物料存在低精度、需复核分组或其他人工确认标记。；浮力等级/尺码/标准缺失；needs_human_review,按备注补齐缺失信息，或确认该分组是否应继续保留人工复核。
ISSUE-01080,needs_human_review,medium,焊接面罩,劳保用品/其他/眼面防护,REVIEW-MAT-01226,REVIEW-MAT-01226,Sheet1:2031,个,用途: 焊接,该物料存在低精度、需复核分组或其他人工确认标记。；手持/头戴/滤光等级缺失；needs_human_review,按备注补齐缺失信息，或确认该分组是否应继续保留人工复核。
ISSUE-01081,needs_human_review,medium,离心机钢板,设备备件与加工件/金属加工件/金属加工件,REVIEW-MAT-01227,REVIEW-MAT-01227,Sheet1:2034,个,加工: 是；适用设备: 离心机；材质: 钢板,该物料存在低精度、需复核分组或其他人工确认标记。；尺寸/材质牌号/图纸缺失；needs_human_review,按备注补齐缺失信息，或确认该分组是否应继续保留人工复核。
ISSUE-01082,needs_human_review,medium,钢筋接驳器,工程建材/其他/钢筋连接件,REVIEW-MAT-01231,REVIEW-MAT-01231,Sheet1:2041,个,适配钢筋直径: 22,该物料存在低精度、需复核分组或其他人工确认标记。；螺纹形式/标准缺失；needs_human_review,按备注补齐缺失信息，或确认该分组是否应继续保留人工复核。
ISSUE-01083,needs_human_review,medium,铁锹,工具器具/手动工具/通用手动工具,REVIEW-MAT-01240,REVIEW-MAT-01240,Sheet1:2051,支,品类: 铁锹,该物料存在低精度、需复核分组或其他人工确认标记。；规格/柄材质缺失；needs_human_review,按备注补齐缺失信息，或确认该分组是否应继续保留人工复核。
ISSUE-01084,needs_human_review,medium,焊接铁合页,工程建材/其他/门窗五金,REVIEW-MAT-01241,REVIEW-MAT-01241,Sheet1:2053,付,规格: 6；材质: 铁；工艺: 焊接,该物料存在低精度、需复核分组或其他人工确认标记。；尺寸单位/厚度缺失；needs_human_review,按备注补齐缺失信息，或确认该分组是否应继续保留人工复核。
ISSUE-01085,needs_human_review,medium,S挂钩,五金备件/其他/挂钩,REVIEW-MAT-01244,REVIEW-MAT-01244,Sheet1:2056,支,规格: 大号；形状: S型；承重: 20kg,该物料存在低精度、需复核分组或其他人工确认标记。；材质/表面处理缺失；needs_human_review,按备注补齐缺失信息，或确认该分组是否应继续保留人工复核。
ISSUE-01086,needs_human_review,medium,接地跨接线,电气与自动化/其他/接地材料,REVIEW-MAT-01245,REVIEW-MAT-01245,Sheet1:2057,支,用途: 电柜接地跨接,该物料存在低精度、需复核分组或其他人工确认标记。；长度/截面积/端子规格缺失；needs_human_review,按备注补齐缺失信息，或确认该分组是否应继续保留人工复核。
ISSUE-01087,needs_human_review,medium,乙炔割嘴,焊接焊割/焊割耗材/割嘴焊嘴,REVIEW-MAT-01246,REVIEW-MAT-01246,Sheet1:2058,个,适用气体: 乙炔；类型: 割嘴,该物料存在低精度、需复核分组或其他人工确认标记。；规格号/适配割炬缺失；needs_human_review,按备注补齐缺失信息，或确认该分组是否应继续保留人工复核。
ISSUE-01088,needs_human_review,medium,焊机快速接头,焊接焊割/焊割耗材/割嘴焊嘴,REVIEW-MAT-01247,REVIEW-MAT-01247,Sheet1:2059,个,用途: 焊机；类型: 快速接头,该物料存在低精度、需复核分组或其他人工确认标记。；规格/电流等级缺失；needs_human_review,按备注补齐缺失信息，或确认该分组是否应继续保留人工复核。
ISSUE-01089,needs_human_review,medium,重型平口钳,工具器具/其他/夹持工具,REVIEW-MAT-01248,REVIEW-MAT-01248,Sheet1:2061,台,规格: 5寸；特征: 重型,该物料存在低精度、需复核分组或其他人工确认标记。；开口宽度/品牌缺失；needs_human_review,按备注补齐缺失信息，或确认该分组是否应继续保留人工复核。
ISSUE-01090,needs_human_review,medium,气管自锁接头,液压气动/液压接头/液压接头,REVIEW-MAT-01251,REVIEW-MAT-01251,Sheet1:2066,套,类型: 自锁接头,该物料存在低精度、需复核分组或其他人工确认标记。；口径/公母头/螺纹缺失；needs_human_review,按备注补齐缺失信息，或确认该分组是否应继续保留人工复核。
ISSUE-01091,needs_human_review,medium,镀锌方管,金属原材料/钢材型材/钢材型材,REVIEW-MAT-01252,REVIEW-MAT-01252,Sheet1:2067,米,规格: 3*3*3；表面: 镀锌,该物料存在低精度、需复核分组或其他人工确认标记。；规格单位/材质缺失；needs_human_review,按备注补齐缺失信息，或确认该分组是否应继续保留人工复核。
ISSUE-01092,needs_human_review,medium,后备套夹子,设备备件与加工件/金属加工件/金属加工件,REVIEW-MAT-01254,REVIEW-MAT-01254,Sheet1:2069,个,加工: 是；部件: 后备套夹子,该物料存在低精度、需复核分组或其他人工确认标记。；与1958同类，名称含义/图纸缺失；needs_human_review,按备注补齐缺失信息，或确认该分组是否应继续保留人工复核。
ISSUE-01093,needs_human_review,medium,螺杆泵电机套装,设备备件与加工件/设备专用备件/设备备件,REVIEW-MAT-01255,REVIEW-MAT-01255,Sheet1:2071,套,功率: 2.2kW；材质: 不锈钢；组成: 螺杆泵、电机,该物料存在低精度、需复核分组或其他人工确认标记。；品牌/流量/扬程/电压缺失；needs_human_review,按备注补齐缺失信息，或确认该分组是否应继续保留人工复核。
ISSUE-01094,needs_human_review,medium,螺杆泵水封,设备备件与加工件/其他/密封件,REVIEW-MAT-01256,REVIEW-MAT-01256,Sheet1:2072,个,品牌: 耐驰；原装: 是；适用设备: 螺杆泵,该物料存在低精度、需复核分组或其他人工确认标记。；型号/尺寸/材质缺失；needs_human_review,按备注补齐缺失信息，或确认该分组是否应继续保留人工复核。
ISSUE-01095,needs_human_review,medium,焊接三通,管道管件/其他/焊接管件,REVIEW-MAT-01257,REVIEW-MAT-01257,Sheet1:2073,个,规格: 168；壁厚: 10；类型: 三通；连接: 焊接,该物料存在低精度、需复核分组或其他人工确认标记。；材质/标准缺失；needs_human_review,按备注补齐缺失信息，或确认该分组是否应继续保留人工复核。
ISSUE-01096,needs_human_review,medium,管片螺丝,设备备件与加工件/金属加工件/金属加工件,REVIEW-MAT-01258,REVIEW-MAT-01258,Sheet1:2074,根,加工: 是；用途: 管片,该物料存在低精度、需复核分组或其他人工确认标记。；规格/材质/图纸缺失；needs_human_review,按备注补齐缺失信息，或确认该分组是否应继续保留人工复核。
ISSUE-01097,needs_human_review,medium,加长六角螺丝,设备备件与加工件/金属加工件/金属加工件,REVIEW-MAT-01265,REVIEW-MAT-01265,Sheet1:2082,个,加工: 是；规格: M27*100；头型: 六角；特征: 加长,该物料存在低精度、需复核分组或其他人工确认标记。；材质/强度等级/图纸缺失；needs_human_review,按备注补齐缺失信息，或确认该分组是否应继续保留人工复核。
ISSUE-01098,needs_human_review,medium,雨棚,行政办公与清洁/其他/临时设施,REVIEW-MAT-01266,REVIEW-MAT-01266,Sheet1:2083,套,尺寸: 3*4.5m；规格: 大,该物料存在低精度、需复核分组或其他人工确认标记。；材质/支架配置缺失；needs_human_review,按备注补齐缺失信息，或确认该分组是否应继续保留人工复核。
ISSUE-01099,needs_human_review,medium,常闭气动阀,液压气动/气动元件/接头阀管,REVIEW-MAT-01272,REVIEW-MAT-01272,Sheet1:2089,套,公称直径: DN50；状态: 常闭；驱动: 气动,该物料存在低精度、需复核分组或其他人工确认标记。；电磁阀配置/压力等级缺失；needs_human_review,按备注补齐缺失信息，或确认该分组是否应继续保留人工复核。
ISSUE-01100,needs_human_review,medium,药芯焊丝,焊接焊割/焊割耗材/割嘴焊嘴,REVIEW-MAT-01275,REVIEW-MAT-01275,Sheet1:2092；Sheet1:2123,个,直径: 1.2mm；类型: 药芯焊丝,该物料存在低精度、需复核分组或其他人工确认标记。；牌号/包装重量缺失 | 与2092同类，牌号/包装重量缺失；needs_human_review,按备注补齐缺失信息，或确认该分组是否应继续保留人工复核。
ISSUE-01101,needs_human_review,medium,麻花钻头,工具器具/工具耗材/钻头,REVIEW-MAT-01277,REVIEW-MAT-01277,Sheet1:2095,支,规格: 9厘；类型: 麻花钻,该物料存在低精度、需复核分组或其他人工确认标记。；材质/柄型缺失；needs_human_review,按备注补齐缺失信息，或确认该分组是否应继续保留人工复核。
ISSUE-01102,needs_human_review,medium,水管加工件,设备备件与加工件/金属加工件/金属加工件,REVIEW-MAT-01278,REVIEW-MAT-01278,Sheet1:2096,根,加工: 是；规格: 6分；用途: 水管,该物料存在低精度、需复核分组或其他人工确认标记。；材质/长度/螺纹缺失；needs_human_review,按备注补齐缺失信息，或确认该分组是否应继续保留人工复核。
ISSUE-01103,needs_human_review,medium,快速接头胶垫,待治理/待治理/胶垫,REVIEW-MAT-01289,REVIEW-MAT-01289,Sheet1:2110,个,规格: 63；适用: 快速接头,该物料存在低精度、需复核分组或其他人工确认标记。；材质/厚度缺失；needs_human_review,按备注补齐缺失信息，或确认该分组是否应继续保留人工复核。
ISSUE-01104,needs_human_review,medium,胶垫,待治理/待治理/胶垫,REVIEW-MAT-01292,REVIEW-MAT-01292,Sheet1:2114,个,规格: 50,该物料存在低精度、需复核分组或其他人工确认标记。；材质/厚度/用途缺失；needs_human_review,按备注补齐缺失信息，或确认该分组是否应继续保留人工复核。
ISSUE-01105,needs_human_review,medium,氧气胶管,焊接焊割/焊割耗材/割嘴焊嘴,REVIEW-MAT-01298,REVIEW-MAT-01298,Sheet1:2127,卷,长度: 30米；颜色: 红色；执行标准: 国标；适用气体: 氧气,该物料存在低精度、需复核分组或其他人工确认标记。；内径/压力等级缺失；needs_human_review,按备注补齐缺失信息，或确认该分组是否应继续保留人工复核。
ISSUE-01106,needs_human_review,medium,端子排,电气与自动化/接线连接/接线端子,REVIEW-MAT-01299,REVIEW-MAT-01299,Sheet1:2129,个,规格: 50mm,该物料存在低精度、需复核分组或其他人工确认标记。；位数/电流等级缺失；needs_human_review,按备注补齐缺失信息，或确认该分组是否应继续保留人工复核。
ISSUE-01107,needs_human_review,medium,电浮球阀,仪器仪表/流量液位仪表/流量液位,REVIEW-MAT-01300,REVIEW-MAT-01300,Sheet1:2134,个,线长: 10m；类型: 电浮球阀,该物料存在低精度、需复核分组或其他人工确认标记。；电压/触点形式/材质缺失；needs_human_review,按备注补齐缺失信息，或确认该分组是否应继续保留人工复核。
ISSUE-01108,needs_human_review,medium,闭门器,工程建材/其他/门窗五金,REVIEW-MAT-01301,REVIEW-MAT-01301,Sheet1:2135,个,品类: 闭门器,该物料存在低精度、需复核分组或其他人工确认标记。；与1765同类，型号/门重范围缺失；needs_human_review,按备注补齐缺失信息，或确认该分组是否应继续保留人工复核。
ISSUE-01109,needs_human_review,medium,水泵,设备备件与加工件/设备专用备件/设备备件,REVIEW-MAT-01308,REVIEW-MAT-01308,Sheet1:2145,台,功率: 7500W；扬程: 50米,该物料存在低精度、需复核分组或其他人工确认标记。；流量/电压/口径/类型缺失；needs_human_review,按备注补齐缺失信息，或确认该分组是否应继续保留人工复核。
ISSUE-01110,needs_human_review,medium,耐磨水管,管道管件/其他/水管,REVIEW-MAT-01309,REVIEW-MAT-01309,Sheet1:2146,米,规格: 50；特征: 加厚、耐磨,该物料存在低精度、需复核分组或其他人工确认标记。；材质/压力等级缺失；needs_human_review,按备注补齐缺失信息，或确认该分组是否应继续保留人工复核。
ISSUE-01111,needs_human_review,medium,消防水带/水管,消防器材/灭火器与水带/消防水带,REVIEW-MAT-01318,REVIEW-MAT-01318,Sheet1:2157,米,规格: 65；用途: 消防,该物料存在低精度、需复核分组或其他人工确认标记。；材质/压力等级/接口缺失；needs_human_review,按备注补齐缺失信息，或确认该分组是否应继续保留人工复核。
ISSUE-01112,needs_human_review,medium,定制橡胶条/板,设备备件与加工件/金属加工件/金属加工件,REVIEW-MAT-01328,REVIEW-MAT-01328,Sheet1:2167,米,定制: 是；规格: 200*5；材质: 橡胶,该物料存在低精度、需复核分组或其他人工确认标记。；宽厚含义/硬度/图纸缺失；needs_human_review,按备注补齐缺失信息，或确认该分组是否应继续保留人工复核。
ISSUE-01113,needs_human_review,medium,水泥钉,紧固件/其他/钉,REVIEW-MAT-01329,REVIEW-MAT-01329,Sheet1:2168；Sheet1:2173,盒,类型: 水泥钉,该物料存在低精度、需复核分组或其他人工确认标记。；规格/每盒数量缺失 | 与2168同类，规格缺失；needs_human_review,按备注补齐缺失信息，或确认该分组是否应继续保留人工复核。
ISSUE-01114,needs_human_review,medium,胶接头,管道管件/其他/软管接头,REVIEW-MAT-01331,REVIEW-MAT-01331,Sheet1:2176,套,规格: 4寸；材质: 胶,该物料存在低精度、需复核分组或其他人工确认标记。；接口形式/压力等级缺失；needs_human_review,按备注补齐缺失信息，或确认该分组是否应继续保留人工复核。
ISSUE-01115,needs_human_review,medium,沟槽消防阀,阀门/其他/消防阀门,REVIEW-MAT-01337,REVIEW-MAT-01337,Sheet1:2184,个,规格: 150；连接: 沟槽/卡式；用途: 消防,该物料存在低精度、需复核分组或其他人工确认标记。；阀门类型/压力等级/材质缺失；needs_human_review,按备注补齐缺失信息，或确认该分组是否应继续保留人工复核。
ISSUE-01116,needs_human_review,medium,切割机防护罩,工具器具/电动工具/电钻角磨机,REVIEW-MAT-01338,REVIEW-MAT-01338,Sheet1:2185,个,适配设备: 400切割机；部件: 防护罩,该物料存在低精度、需复核分组或其他人工确认标记。；适配型号/材质缺失；needs_human_review,按备注补齐缺失信息，或确认该分组是否应继续保留人工复核。
ISSUE-01117,needs_human_review,medium,木屑,生产辅料/其他/吸附填充材料,REVIEW-MAT-01345,REVIEW-MAT-01345,Sheet1:2200,斤,品类: 木屑,该物料存在低精度、需复核分组或其他人工确认标记。；用途/含水率/单位是否改kg需确认；needs_human_review,按备注补齐缺失信息，或确认该分组是否应继续保留人工复核。
ISSUE-01118,needs_human_review,medium,三相四线插头,电气与自动化/插头插座/插头插座,REVIEW-MAT-01346,REVIEW-MAT-01346,Sheet1:2201,个,电流: 25A；类型: 三相四线,该物料存在低精度、需复核分组或其他人工确认标记。；电压/防护等级缺失；needs_human_review,按备注补齐缺失信息，或确认该分组是否应继续保留人工复核。
ISSUE-01119,needs_human_review,medium,五坑尖凿,工具器具/其他/凿具,REVIEW-MAT-01347,REVIEW-MAT-01347,Sheet1:2203,支,规格: 大；接口: 五坑；类型: 尖凿,该物料存在低精度、需复核分组或其他人工确认标记。；长度/适配电镐缺失；needs_human_review,按备注补齐缺失信息，或确认该分组是否应继续保留人工复核。
ISSUE-01120,needs_human_review,medium,鼓风机滤芯,设备备件与加工件/过滤密封/过滤件,REVIEW-MAT-01350,REVIEW-MAT-01350,Sheet1:2209,个,规格: 2寸；适用设备: 鼓风机,该物料存在低精度、需复核分组或其他人工确认标记。；过滤精度/适配型号缺失；needs_human_review,按备注补齐缺失信息，或确认该分组是否应继续保留人工复核。
ISSUE-01121,needs_human_review,medium,伸缩杆,工具器具/其他/辅助工具,REVIEW-MAT-01353,REVIEW-MAT-01353,Sheet1:2213,个,长度: 2米；结构: 伸缩,该物料存在低精度、需复核分组或其他人工确认标记。；材质/用途缺失；needs_human_review,按备注补齐缺失信息，或确认该分组是否应继续保留人工复核。
ISSUE-01122,needs_human_review,medium,不锈钢合页,工程建材/其他/门窗五金,REVIEW-MAT-01354,REVIEW-MAT-01354,Sheet1:2214,付,规格: 3寸；材质: 不锈钢,该物料存在低精度、需复核分组或其他人工确认标记。；厚度/孔位缺失；needs_human_review,按备注补齐缺失信息，或确认该分组是否应继续保留人工复核。
ISSUE-01123,needs_human_review,medium,定制高压油管,设备备件与加工件/金属加工件/金属加工件,REVIEW-MAT-01355,REVIEW-MAT-01355,Sheet1:2215,根,定制: 是；规格: 19；压力: 420公斤,该物料存在低精度、需复核分组或其他人工确认标记。；长度/接头形式/图纸缺失；needs_human_review,按备注补齐缺失信息，或确认该分组是否应继续保留人工复核。
ISSUE-01124,needs_human_review,medium,定制钢丝绳,设备备件与加工件/金属加工件/金属加工件,REVIEW-MAT-01358,REVIEW-MAT-01358,Sheet1:2219,根,定制: 是；规格: 50；长度: 4米,该物料存在低精度、需复核分组或其他人工确认标记。；直径单位/结构/强度/证书缺失；needs_human_review,按备注补齐缺失信息，或确认该分组是否应继续保留人工复核。
ISSUE-01125,needs_human_review,medium,钢丝绳专用剂,化工油漆胶粘/其他/润滑防护剂,REVIEW-MAT-01359,REVIEW-MAT-01359,Sheet1:2220,桶,进口: 是；包装: 5kg；用途: 钢丝绳,该物料存在低精度、需复核分组或其他人工确认标记。；品牌/油脂类型缺失；needs_human_review,按备注补齐缺失信息，或确认该分组是否应继续保留人工复核。
ISSUE-01126,needs_human_review,medium,蝴蝶扣,吊装索具/其他/连接件,REVIEW-MAT-01362,REVIEW-MAT-01362,Sheet1:2223,个,额定载荷: 15T；类型: 蝴蝶扣,该物料存在低精度、需复核分组或其他人工确认标记。；标准/证书/材质缺失；needs_human_review,按备注补齐缺失信息，或确认该分组是否应继续保留人工复核。
ISSUE-01127,needs_human_review,medium,不锈钢骑马卡,管道管件/管道紧固/管夹卡箍,REVIEW-MAT-01363,REVIEW-MAT-01363,Sheet1:2225,个,公称直径: DN200；材质: 不锈钢,该物料存在低精度、需复核分组或其他人工确认标记。；厚度/孔距缺失；needs_human_review,按备注补齐缺失信息，或确认该分组是否应继续保留人工复核。
ISSUE-01128,needs_human_review,medium,注浆针头,工程建材/保温防水/防水堵漏,REVIEW-MAT-01368,REVIEW-MAT-01368,Sheet1:2230,个,类型: 注浆针头,该物料存在低精度、需复核分组或其他人工确认标记。；规格/长度/材质缺失；needs_human_review,按备注补齐缺失信息，或确认该分组是否应继续保留人工复核。
ISSUE-01129,needs_human_review,medium,水性聚氨酯,化工油漆胶粘/其他/堵漏材料,REVIEW-MAT-01369,REVIEW-MAT-01369,Sheet1:2232,公斤,类型: 水性；材料: 聚氨酯,该物料存在低精度、需复核分组或其他人工确认标记。；品牌/包装/固含量缺失；needs_human_review,按备注补齐缺失信息，或确认该分组是否应继续保留人工复核。
ISSUE-01130,needs_human_review,medium,发泡剂,化工油漆胶粘/其他/填缝材料,REVIEW-MAT-01372,REVIEW-MAT-01372,Sheet1:2235,个,品类: 发泡剂,该物料存在低精度、需复核分组或其他人工确认标记。；容量/品牌缺失；needs_human_review,按备注补齐缺失信息，或确认该分组是否应继续保留人工复核。
ISSUE-01131,needs_human_review,medium,发泡剂枪,工具器具/其他/施胶工具,REVIEW-MAT-01373,REVIEW-MAT-01373,Sheet1:2236,个,适用材料: 发泡剂,该物料存在低精度、需复核分组或其他人工确认标记。；规格/结构缺失；needs_human_review,按备注补齐缺失信息，或确认该分组是否应继续保留人工复核。
ISSUE-01132,needs_human_review,medium,清洗机专用油,化工油漆胶粘/油品化学品/润滑油脂,REVIEW-MAT-01375,REVIEW-MAT-01375,Sheet1:2240,个,用途: 清洗机,该物料存在低精度、需复核分组或其他人工确认标记。；包装/品牌/油品型号缺失；needs_human_review,按备注补齐缺失信息，或确认该分组是否应继续保留人工复核。
ISSUE-01133,needs_human_review,medium,塑料凳,行政办公与清洁/生活后勤/生活用品,REVIEW-MAT-01376,REVIEW-MAT-01376；REVIEW-MAT-02264,Sheet1:2241；Sheet1:3122；Sheet1:3520,个,材质: 塑料；特征: 加厚,该物料存在低精度、需复核分组或其他人工确认标记。；与1792同类，尺寸缺失 | 尺寸/承重缺失 || 尺寸/承重缺失；needs_human_review,按备注补齐缺失信息，或确认该分组是否应继续保留人工复核。
ISSUE-01134,needs_human_review,medium,一体梯凳,工具器具/其他/登高工具,REVIEW-MAT-01377,REVIEW-MAT-01377,Sheet1:2242,个,承重: 600kg；结构: 一体,该物料存在低精度、需复核分组或其他人工确认标记。；高度/材质/标准缺失；needs_human_review,按备注补齐缺失信息，或确认该分组是否应继续保留人工复核。
ISSUE-01135,needs_human_review,medium,高压清洗机滤网,行政办公与清洁/其他/高压清洗机配件,REVIEW-MAT-01379,REVIEW-MAT-01379,Sheet1:2244,个,规格: 25mm；部件: 滤网,该物料存在低精度、需复核分组或其他人工确认标记。；适配型号/过滤精度缺失；needs_human_review,按备注补齐缺失信息，或确认该分组是否应继续保留人工复核。
ISSUE-01136,needs_human_review,medium,不锈钢滑槽,工程建材/其他/导轨滑槽,REVIEW-MAT-01380,REVIEW-MAT-01380,Sheet1:2245,米,形状: C型；材质: 不锈钢,该物料存在低精度、需复核分组或其他人工确认标记。；截面尺寸/厚度缺失；needs_human_review,按备注补齐缺失信息，或确认该分组是否应继续保留人工复核。
ISSUE-01137,needs_human_review,medium,PAC污水处理剂,化工油漆胶粘/其他/水处理剂,REVIEW-MAT-01382,REVIEW-MAT-01382,Sheet1:2247；Sheet1:2286,吨,含量: 28%；类型: PAC,该物料存在低精度、需复核分组或其他人工确认标记。；与2286同类，包装/标准缺失 | 与2247同类，包装/标准缺失；needs_human_review,按备注补齐缺失信息，或确认该分组是否应继续保留人工复核。
ISSUE-01138,needs_human_review,medium,刀阀,阀门/其他/刀阀,REVIEW-MAT-01385,REVIEW-MAT-01385,Sheet1:2253,个,公称直径: DN150,该物料存在低精度、需复核分组或其他人工确认标记。；与1692同类，材质/压力等级缺失；needs_human_review,按备注补齐缺失信息，或确认该分组是否应继续保留人工复核。
ISSUE-01139,needs_human_review,medium,套筒,工具器具/其他/套筒,REVIEW-MAT-01387,REVIEW-MAT-01387,Sheet1:2255,个,规格: 17,该物料存在低精度、需复核分组或其他人工确认标记。；方榫规格/长度缺失；needs_human_review,按备注补齐缺失信息，或确认该分组是否应继续保留人工复核。
ISSUE-01140,needs_human_review,medium,热水器开关,电气与自动化/低压电器/开关按钮,REVIEW-MAT-01390,REVIEW-MAT-01390,Sheet1:2261,个,用途: 热水器,该物料存在低精度、需复核分组或其他人工确认标记。；电流/安装方式/型号缺失；needs_human_review,按备注补齐缺失信息，或确认该分组是否应继续保留人工复核。
ISSUE-01141,needs_human_review,medium,小便器感应器,行政办公与清洁/其他/卫浴配件,REVIEW-MAT-01391,REVIEW-MAT-01391,Sheet1:2262,套,适用: 小便器；类型: 感应器,该物料存在低精度、需复核分组或其他人工确认标记。；电源/接口/型号缺失；needs_human_review,按备注补齐缺失信息，或确认该分组是否应继续保留人工复核。
ISSUE-01142,needs_human_review,medium,启动按钮指示灯,电气与自动化/低压电器/开关按钮,REVIEW-MAT-01392,REVIEW-MAT-01392,Sheet1:2264,套,功能: 启动按钮、指示灯,该物料存在低精度、需复核分组或其他人工确认标记。；电压/颜色/开孔尺寸缺失；needs_human_review,按备注补齐缺失信息，或确认该分组是否应继续保留人工复核。
ISSUE-01143,needs_human_review,medium,急停按钮,电气与自动化/低压电器/开关按钮,REVIEW-MAT-01393,REVIEW-MAT-01393,Sheet1:2265,套,功能: 急停,该物料存在低精度、需复核分组或其他人工确认标记。；触点/开孔尺寸/品牌缺失；needs_human_review,按备注补齐缺失信息，或确认该分组是否应继续保留人工复核。
ISSUE-01144,needs_human_review,medium,闪光蜂鸣器,电气与自动化/照明与报警/报警器,REVIEW-MAT-01394,REVIEW-MAT-01394,Sheet1:2266,套,功能: 闪光、蜂鸣,该物料存在低精度、需复核分组或其他人工确认标记。；电压/声光等级缺失；needs_human_review,按备注补齐缺失信息，或确认该分组是否应继续保留人工复核。
ISSUE-01145,needs_human_review,medium,铁扎丝,工程建材/其他/绑扎材料,REVIEW-MAT-01400,REVIEW-MAT-01400,Sheet1:2280,卷,规格原文: 500；材质: 铁,该物料存在低精度、需复核分组或其他人工确认标记。；线径/每卷重量缺失；needs_human_review,按备注补齐缺失信息，或确认该分组是否应继续保留人工复核。
ISSUE-01146,needs_human_review,medium,高压清洗喷枪,行政办公与清洁/其他/高压清洗机配件,REVIEW-MAT-01402,REVIEW-MAT-01402,Sheet1:2283,把,类型: 喷枪；用途: 高压清洗,该物料存在低精度、需复核分组或其他人工确认标记。；压力等级/接口/适配型号缺失；needs_human_review,按备注补齐缺失信息，或确认该分组是否应继续保留人工复核。
ISSUE-01147,needs_human_review,medium,镀锌补心,管道管件/金属管件/镀锌管件,REVIEW-MAT-01403,REVIEW-MAT-01403,Sheet1:2284,个,规格: 80*65；表面: 镀锌；类型: 补心,该物料存在低精度、需复核分组或其他人工确认标记。；螺纹标准/材质缺失；needs_human_review,按备注补齐缺失信息，或确认该分组是否应继续保留人工复核。
ISSUE-01148,needs_human_review,medium,振动电机套装,设备备件与加工件/设备专用备件/设备备件,REVIEW-MAT-01404,REVIEW-MAT-01404,Sheet1:2287,套,进口: 是；类型: 振动电机；配置: 整套,该物料存在低精度、需复核分组或其他人工确认标记。；品牌/功率/型号缺失；needs_human_review,按备注补齐缺失信息，或确认该分组是否应继续保留人工复核。
ISSUE-01149,needs_human_review,medium,泥浆比重计,工具器具/量具测量/量具测量,REVIEW-MAT-01405,REVIEW-MAT-01405,Sheet1:2290,套,用途: 泥浆比重测量,该物料存在低精度、需复核分组或其他人工确认标记。；量程/精度缺失；needs_human_review,按备注补齐缺失信息，或确认该分组是否应继续保留人工复核。
ISSUE-01150,needs_human_review,medium,隔环,设备备件与加工件/金属加工件/金属加工件,REVIEW-MAT-01413,REVIEW-MAT-01413,Sheet1:2299,个,加工: 是；型号/规格: 2350；部件: 隔环,该物料存在低精度、需复核分组或其他人工确认标记。；图纸/材质/尺寸缺失；needs_human_review,按备注补齐缺失信息，或确认该分组是否应继续保留人工复核。
ISSUE-01151,needs_human_review,medium,清洗剂泵头,行政办公与清洁/其他/配件,REVIEW-MAT-01422,REVIEW-MAT-01422,Sheet1:2312,个,品牌: 黑猫；用途: 清洗剂；部件: 泵头,该物料存在低精度、需复核分组或其他人工确认标记。；适配型号/接口缺失；needs_human_review,按备注补齐缺失信息，或确认该分组是否应继续保留人工复核。
ISSUE-01152,needs_human_review,medium,高压胶水带,液压气动/液压管路/高压胶管,REVIEW-MAT-01425,REVIEW-MAT-01425,Sheet1:2316；Sheet1:2324,米,规格: 65；颜色: 蓝色；特征: 加厚,该物料存在低精度、需复核分组或其他人工确认标记。；“胶水带”是否为胶水管/胶管需确认，压力等级缺失 | 与2314同类，“胶水带”名称需确认；needs_human_review,按备注补齐缺失信息，或确认该分组是否应继续保留人工复核。
ISSUE-01153,needs_human_review,medium,高压对丝,液压气动/液压管路/高压胶管,REVIEW-MAT-01428,REVIEW-MAT-01428,Sheet1:2320,个,规格: 20；类型: 对丝,该物料存在低精度、需复核分组或其他人工确认标记。；螺纹标准/压力等级缺失；needs_human_review,按备注补齐缺失信息，或确认该分组是否应继续保留人工复核。
ISSUE-01154,needs_human_review,medium,堵漏聚氨酯主剂,化工油漆胶粘/其他/堵漏材料,REVIEW-MAT-01429,REVIEW-MAT-01429,Sheet1:2321,斤,材料: 聚氨酯；用途: 堵漏；组分: 主剂,该物料存在低精度、需复核分组或其他人工确认标记。；包装规格/配比/品牌缺失；needs_human_review,按备注补齐缺失信息，或确认该分组是否应继续保留人工复核。
ISSUE-01155,needs_human_review,medium,堵漏聚氨酯副剂,化工油漆胶粘/其他/堵漏材料,REVIEW-MAT-01430,REVIEW-MAT-01430,Sheet1:2322,斤,材料: 聚氨酯；用途: 堵漏；组分: 副剂,该物料存在低精度、需复核分组或其他人工确认标记。；包装规格/配比/品牌缺失；needs_human_review,按备注补齐缺失信息，或确认该分组是否应继续保留人工复核。
ISSUE-01156,needs_human_review,medium,铝合金枪头,工程建材/保温防水/防水堵漏,REVIEW-MAT-01432,REVIEW-MAT-01432,Sheet1:2326,套,规格: 65；材质: 铝合金；部件: 枪头,该物料存在低精度、需复核分组或其他人工确认标记。；适配设备/接口缺失；needs_human_review,按备注补齐缺失信息，或确认该分组是否应继续保留人工复核。
ISSUE-01157,needs_human_review,medium,聚氨酯枪头,工程建材/保温防水/防水堵漏,REVIEW-MAT-01433,REVIEW-MAT-01433,Sheet1:2327,个,用途: 聚氨酯注浆；部件: 枪头,该物料存在低精度、需复核分组或其他人工确认标记。；规格/接口/适配设备缺失；needs_human_review,按备注补齐缺失信息，或确认该分组是否应继续保留人工复核。
ISSUE-01158,needs_human_review,medium,齿轮泵,设备备件与加工件/设备专用备件/设备备件,REVIEW-MAT-01434,REVIEW-MAT-01434,Sheet1:2328,台,功率: 2.2kW；类型: 齿轮泵,该物料存在低精度、需复核分组或其他人工确认标记。；流量/压力/接口/型号缺失；needs_human_review,按备注补齐缺失信息，或确认该分组是否应继续保留人工复核。
ISSUE-01159,needs_human_review,medium,高压水管,液压气动/液压管路/高压胶管,REVIEW-MAT-01435,REVIEW-MAT-01435,Sheet1:2330,米,规格: 100；用途: 高压水,该物料存在低精度、需复核分组或其他人工确认标记。；压力等级/材质/层数缺失；needs_human_review,按备注补齐缺失信息，或确认该分组是否应继续保留人工复核。
ISSUE-01160,needs_human_review,medium,注浆管接头,工程建材/保温防水/防水堵漏,REVIEW-MAT-01440,REVIEW-MAT-01440,Sheet1:2335,个,部件: 管头/接头；用途: 注浆,该物料存在低精度、需复核分组或其他人工确认标记。；规格/接口/材质缺失；needs_human_review,按备注补齐缺失信息，或确认该分组是否应继续保留人工复核。
ISSUE-01161,needs_note_review,medium,胶钳,工具器具/手动工具/通用手动工具,REVIEW-MAT-01441,REVIEW-MAT-01441,Sheet1:2336,个,品牌: 世达；规格: 200mm；类型: 胶钳,备注中仍有待确认问题，暂不进入可导入池。；准确品类是否钢丝钳/胶柄钳需确认；needs_note_review,先回答备注中的问题，确认规格、用途、品牌或型号后再进入可导入池。
ISSUE-01162,needs_human_review,medium,转换宝塔接头,液压气动/液压管路/高压胶管,REVIEW-MAT-01446,REVIEW-MAT-01446,Sheet1:2342,套,类型: 宝塔头；用途: 转换接头,该物料存在低精度、需复核分组或其他人工确认标记。；两端规格/材质/压力等级缺失；needs_human_review,按备注补齐缺失信息，或确认该分组是否应继续保留人工复核。
ISSUE-01163,needs_human_review,medium,胶管接头,液压气动/液压管路/高压胶管,REVIEW-MAT-01448,REVIEW-MAT-01448,Sheet1:2346,套,规格: 100；类型: 胶管接头,该物料存在低精度、需复核分组或其他人工确认标记。；连接形式/材质/压力等级缺失；needs_human_review,按备注补齐缺失信息，或确认该分组是否应继续保留人工复核。
ISSUE-01164,needs_human_review,medium,棉被,行政办公与清洁/生活后勤/生活用品,REVIEW-MAT-01450,REVIEW-MAT-01450,Sheet1:2349,个,类型: 棉被,该物料存在低精度、需复核分组或其他人工确认标记。；尺寸/重量/用途缺失；needs_human_review,按备注补齐缺失信息，或确认该分组是否应继续保留人工复核。
ISSUE-01165,needs_human_review,medium,高压内丝堵头,液压气动/液压管路/高压胶管,REVIEW-MAT-01452,REVIEW-MAT-01452,Sheet1:2352,个,螺纹: M36*2；连接: 内丝；类型: 堵头,该物料存在低精度、需复核分组或其他人工确认标记。；压力等级/材质缺失；needs_human_review,按备注补齐缺失信息，或确认该分组是否应继续保留人工复核。
ISSUE-01166,needs_human_review,medium,压力表,仪器仪表/其他/压力仪表,REVIEW-MAT-01454,REVIEW-MAT-01454,Sheet1:2356,个,量程/压力: 60公斤；类型: 压力表,该物料存在低精度、需复核分组或其他人工确认标记。；标准单位MPa/接口/表径/精度缺失；needs_human_review,按备注补齐缺失信息，或确认该分组是否应继续保留人工复核。
ISSUE-01167,needs_human_review,medium,螺纹接头,液压气动/液压管路/高压胶管,REVIEW-MAT-01455,REVIEW-MAT-01455,Sheet1:2357,个,螺纹: M20*1.5；类型: 接头,该物料存在低精度、需复核分组或其他人工确认标记。；连接形式/材质/压力等级缺失；needs_human_review,按备注补齐缺失信息，或确认该分组是否应继续保留人工复核。
ISSUE-01168,needs_human_review,medium,不锈钢三通,管道管件/金属管件/钢制管件,REVIEW-MAT-01456,REVIEW-MAT-01456,Sheet1:2358,个,规格: 25；材质: 不锈钢；类型: 三通,该物料存在低精度、需复核分组或其他人工确认标记。；304/316材质牌号及连接方式缺失；needs_human_review,按备注补齐缺失信息，或确认该分组是否应继续保留人工复核。
ISSUE-01169,needs_human_review,medium,直角接头加工件,设备备件与加工件/金属加工件/金属加工件,REVIEW-MAT-01472,REVIEW-MAT-01472；REVIEW-MAT-01583,Sheet1:2375；Sheet1:2558,个,加工: 是；规格: 36*3/36*2；类型: 直角接头,该物料存在低精度、需复核分组或其他人工确认标记。；图纸/材质/压力等级缺失 || 与2373同类，图纸/材质/压力等级缺失；needs_human_review,按备注补齐缺失信息，或确认该分组是否应继续保留人工复核。
ISSUE-01170,needs_human_review,medium,六联管夹,管道管件/管道紧固/管夹卡箍,REVIEW-MAT-01474,REVIEW-MAT-01474,Sheet1:2377,组,联数: 六联；规格: 36,该物料存在低精度、需复核分组或其他人工确认标记。；材质/安装孔距/型号缺失；needs_human_review,按备注补齐缺失信息，或确认该分组是否应继续保留人工复核。
ISSUE-01171,needs_human_review,medium,单管夹,管道管件/管道紧固/管夹卡箍,REVIEW-MAT-01475,REVIEW-MAT-01475,Sheet1:2378,个,联数: 单；规格: 36,该物料存在低精度、需复核分组或其他人工确认标记。；材质/安装孔距/型号缺失；needs_human_review,按备注补齐缺失信息，或确认该分组是否应继续保留人工复核。
ISSUE-01172,needs_human_review,medium,铝合金八字扣头,液压气动/液压管路/高压胶管,REVIEW-MAT-01481,REVIEW-MAT-01481,Sheet1:2384,个,规格: M52；材质: 铝合金；类型: 八字扣头,该物料存在低精度、需复核分组或其他人工确认标记。；适配胶管规格/连接形式缺失；needs_human_review,按备注补齐缺失信息，或确认该分组是否应继续保留人工复核。
ISSUE-01173,needs_human_review,medium,胶枪,工具器具/手动工具/通用手动工具,REVIEW-MAT-01483,REVIEW-MAT-01483,Sheet1:2386,把,品牌: 世达；类型: 胶枪,该物料存在低精度、需复核分组或其他人工确认标记。；适配胶筒容量/型号缺失；needs_human_review,按备注补齐缺失信息，或确认该分组是否应继续保留人工复核。
ISSUE-01174,needs_human_review,medium,不锈钢止回阀,阀门/通用阀门/闸截止止回,REVIEW-MAT-01484,REVIEW-MAT-01484,Sheet1:2387,个,材质: 304；公称通径: DN25,该物料存在低精度、需复核分组或其他人工确认标记。；压力等级/连接形式缺失；needs_human_review,按备注补齐缺失信息，或确认该分组是否应继续保留人工复核。
ISSUE-01175,needs_human_review,medium,钢丝绳润滑脂,化工油漆胶粘/其他/润滑脂,REVIEW-MAT-01493,REVIEW-MAT-01493,Sheet1:2397,瓶,品牌: 伍尔特；用途: 钢丝绳；容量: 500mL,该物料存在低精度、需复核分组或其他人工确认标记。；型号/温度范围缺失；needs_human_review,按备注补齐缺失信息，或确认该分组是否应继续保留人工复核。
ISSUE-01176,needs_human_review,medium,高压内丝直接,液压气动/液压管路/高压胶管,REVIEW-MAT-01494,REVIEW-MAT-01494,Sheet1:2398,个,螺纹: M32*2；连接: 内丝；类型: 直接,该物料存在低精度、需复核分组或其他人工确认标记。；原始小写m规范为M，材质/压力等级缺失；needs_human_review,按备注补齐缺失信息，或确认该分组是否应继续保留人工复核。
ISSUE-01177,needs_human_review,medium,丙纶吊装袋,吊装索具/其他/吊包,REVIEW-MAT-01495,REVIEW-MAT-01495,Sheet1:2399,个,材质: 丙纶纤维；尺寸: 3米*3米；载荷: 大吨位,该物料存在低精度、需复核分组或其他人工确认标记。；额定载荷/安全系数/吊点形式缺失；needs_human_review,按备注补齐缺失信息，或确认该分组是否应继续保留人工复核。
ISSUE-01178,needs_human_review,medium,O型圈套装,密封件/橡胶密封/O型圈油封,REVIEW-MAT-01504,REVIEW-MAT-01504,Sheet1:2409,盒,品牌: 派克；套装: ABC,该物料存在低精度、需复核分组或其他人工确认标记。；材质/规格明细/系列缺失；needs_human_review,按备注补齐缺失信息，或确认该分组是否应继续保留人工复核。
ISSUE-01179,needs_human_review,medium,注浆泵连杆压力表,工程建材/保温防水/防水堵漏,REVIEW-MAT-01508,REVIEW-MAT-01508,Sheet1:2413,个,设备: 注浆泵；部件: 连杆压力表；量程: 16MPa,该物料存在低精度、需复核分组或其他人工确认标记。；适配型号/接口/精度缺失；needs_human_review,按备注补齐缺失信息，或确认该分组是否应继续保留人工复核。
ISSUE-01180,needs_human_review,medium,离心机滤网,设备备件与加工件/金属加工件/金属加工件,REVIEW-MAT-01509,REVIEW-MAT-01509,Sheet1:2415；Sheet1:2935,个,定制: 是；适配设备: 离心机；尺寸: 1.4米*0.31米*0.72米,该物料存在低精度、需复核分组或其他人工确认标记。；材质/目数/图纸缺失 | 与2413同类，材质/目数/图纸缺失；needs_human_review,按备注补齐缺失信息，或确认该分组是否应继续保留人工复核。
ISSUE-01181,needs_human_review,medium,重型高压接头,液压气动/液压管路/高压胶管,REVIEW-MAT-01512,REVIEW-MAT-01512,Sheet1:2418,个,规格: 36*2；类型: 重型高压接头,该物料存在低精度、需复核分组或其他人工确认标记。；材质/压力等级/连接形式缺失；needs_human_review,按备注补齐缺失信息，或确认该分组是否应继续保留人工复核。
ISSUE-01182,needs_human_review,medium,电磁阀,阀门/控制阀门/电磁气动阀,REVIEW-MAT-01513,REVIEW-MAT-01513,Sheet1:2419；Sheet1:2433,个,进口: 是；型号: 2622200,该物料存在低精度、需复核分组或其他人工确认标记。；品牌/电压/接口/介质缺失 | 与2417同类，品牌/电压/接口缺失；needs_human_review,按备注补齐缺失信息，或确认该分组是否应继续保留人工复核。
ISSUE-01183,needs_human_review,medium,重型管夹加工件,设备备件与加工件/金属加工件/金属加工件,REVIEW-MAT-01514,REVIEW-MAT-01514,Sheet1:2421,个,加工: 是；类型: 重型管夹；规格: 60,该物料存在低精度、需复核分组或其他人工确认标记。；材质/图纸/安装孔距缺失；needs_human_review,按备注补齐缺失信息，或确认该分组是否应继续保留人工复核。
ISSUE-01184,needs_human_review,medium,超高压液压接头,液压气动/液压管路/高压胶管,REVIEW-MAT-01518,REVIEW-MAT-01518,Sheet1:2425,套,品牌: 派克；系列/规格: 24S；等级: 超高压,该物料存在低精度、需复核分组或其他人工确认标记。；接头形式/压力等级/材质缺失；needs_human_review,按备注补齐缺失信息，或确认该分组是否应继续保留人工复核。
ISSUE-01185,needs_human_review,medium,高压内丝接头,液压气动/液压管路/高压胶管,REVIEW-MAT-01521,REVIEW-MAT-01521,Sheet1:2428,个,规格: 36*2H；连接: 内丝,该物料存在低精度、需复核分组或其他人工确认标记。；H含义/材质/压力等级缺失；needs_human_review,按备注补齐缺失信息，或确认该分组是否应继续保留人工复核。
ISSUE-01186,needs_human_review,medium,六联管夹加工件,设备备件与加工件/金属加工件/金属加工件,REVIEW-MAT-01525,REVIEW-MAT-01525,Sheet1:2434,个,加工: 是；联数: 六联；规格: 35,该物料存在低精度、需复核分组或其他人工确认标记。；材质/图纸/安装孔距缺失；needs_human_review,按备注补齐缺失信息，或确认该分组是否应继续保留人工复核。
ISSUE-01187,needs_note_review,medium,密封胶,化工油漆胶粘/胶粘密封/胶粘剂,REVIEW-MAT-01528,REVIEW-MAT-01528,Sheet1:2439,支,品牌: 普赛达,备注中仍有待确认问题，暂不进入可导入池。；是否聚氨酯密封胶及容量需确认；needs_note_review,先回答备注中的问题，确认规格、用途、品牌或型号后再进入可导入池。
ISSUE-01188,needs_human_review,medium,螺纹钢,金属原材料/钢材型材/钢材型材,REVIEW-MAT-01529,REVIEW-MAT-01529,Sheet1:2444,t,规格: 20E；长度: 12米,该物料存在低精度、需复核分组或其他人工确认标记。；20E含义/材质牌号/执行标准缺失；needs_human_review,按备注补齐缺失信息，或确认该分组是否应继续保留人工复核。
ISSUE-01189,needs_human_review,medium,液压油,化工油漆胶粘/其他/液压油,REVIEW-MAT-01531,REVIEW-MAT-01531,Sheet1:2449,桶,进口: 是；包装: 10L,该物料存在低精度、需复核分组或其他人工确认标记。；粘度等级/品牌/型号缺失；needs_human_review,按备注补齐缺失信息，或确认该分组是否应继续保留人工复核。
ISSUE-01190,needs_human_review,medium,管道泵,设备备件与加工件/设备专用备件/设备备件,REVIEW-MAT-01533,REVIEW-MAT-01533,Sheet1:2451,台,功率: 5.5kW；口径/规格: 50,该物料存在低精度、需复核分组或其他人工确认标记。；流量/扬程/型号缺失；needs_human_review,按备注补齐缺失信息，或确认该分组是否应继续保留人工复核。
ISSUE-01191,needs_human_review,medium,液压高压外丝接头,液压气动/液压管路/高压胶管,REVIEW-MAT-01535,REVIEW-MAT-01535,Sheet1:2453,个,规格: 1寸；连接: 外丝；用途: 液压高压,该物料存在低精度、需复核分组或其他人工确认标记。；材质/压力等级/螺纹制式缺失；needs_human_review,按备注补齐缺失信息，或确认该分组是否应继续保留人工复核。
ISSUE-01192,needs_human_review,medium,通丝螺杆,工程建材/其他/紧固件,REVIEW-MAT-01537,REVIEW-MAT-01537,Sheet1:2455,个,规格: 14*700；类型: 通丝,该物料存在低精度、需复核分组或其他人工确认标记。；材质/表面处理/牙距缺失；needs_human_review,按备注补齐缺失信息，或确认该分组是否应继续保留人工复核。
ISSUE-01193,needs_human_review,medium,山型卡,工程建材/其他/模板配件,REVIEW-MAT-01538,REVIEW-MAT-01538,Sheet1:2456,个,类型: 山型卡,该物料存在低精度、需复核分组或其他人工确认标记。；规格/材质/适配通丝缺失；needs_human_review,按备注补齐缺失信息，或确认该分组是否应继续保留人工复核。
ISSUE-01194,needs_human_review,medium,丙酮,化工油漆胶粘/其他/溶剂,REVIEW-MAT-01543,REVIEW-MAT-01543,Sheet1:2462,桶,品名: 丙酮；包装: 10KG,该物料存在低精度、需复核分组或其他人工确认标记。；危化品属性/纯度/SDS缺失；needs_human_review,按备注补齐缺失信息，或确认该分组是否应继续保留人工复核。
ISSUE-01195,needs_human_review,medium,高压注浆机,设备备件与加工件/其他/注浆设备,REVIEW-MAT-01547,REVIEW-MAT-01547,Sheet1:2467,台,类型: 高压注浆机,该物料存在低精度、需复核分组或其他人工确认标记。；品牌/型号/压力/功率缺失；needs_human_review,按备注补齐缺失信息，或确认该分组是否应继续保留人工复核。
ISSUE-01196,needs_human_review,medium,注浆管套装,工程建材/保温防水/防水堵漏,REVIEW-MAT-01548,REVIEW-MAT-01548,Sheet1:2468,套,长度: 5米；包含: 配件,该物料存在低精度、需复核分组或其他人工确认标记。；管径/压力等级/配件清单缺失；needs_human_review,按备注补齐缺失信息，或确认该分组是否应继续保留人工复核。
ISSUE-01197,needs_human_review,medium,带灯按钮开关,电气与自动化/低压电器/开关按钮,REVIEW-MAT-01559,REVIEW-MAT-01559,Sheet1:2527,个,品牌: 施耐德；类型: 带灯按钮开关,该物料存在低精度、需复核分组或其他人工确认标记。；电压/颜色/触点形式/型号缺失；needs_human_review,按备注补齐缺失信息，或确认该分组是否应继续保留人工复核。
ISSUE-01198,needs_human_review,medium,重型矿井卡箍,管道管件/管道紧固/管夹卡箍,REVIEW-MAT-01561,REVIEW-MAT-01561,Sheet1:2529,个,品牌: 迈克；规格: DN150；类型: 重型矿井卡箍,该物料存在低精度、需复核分组或其他人工确认标记。；材质/压力等级/密封圈规格缺失；needs_human_review,按备注补齐缺失信息，或确认该分组是否应继续保留人工复核。
ISSUE-01199,needs_human_review,medium,液压对丝接头,液压气动/液压管路/高压胶管,REVIEW-MAT-01563,REVIEW-MAT-01563,Sheet1:2531,个,螺纹: M20*1.5；类型: 对丝,该物料存在低精度、需复核分组或其他人工确认标记。；原始小写m保留，材质/压力等级缺失；needs_human_review,按备注补齐缺失信息，或确认该分组是否应继续保留人工复核。
ISSUE-01200,needs_human_review,medium,冷暖空调,行政办公与清洁/其他/空调设备,REVIEW-MAT-01566,REVIEW-MAT-01566,Sheet1:2535,台,品牌: 美的；匹数: 大1.5匹；功能: 冷暖,该物料存在低精度、需复核分组或其他人工确认标记。；型号/能效等级缺失；needs_human_review,按备注补齐缺失信息，或确认该分组是否应继续保留人工复核。
ISSUE-01201,needs_human_review,medium,透明PC板,工程建材/板材型材/板材,REVIEW-MAT-01568,REVIEW-MAT-01568,Sheet1:2539,块,材质: PC；颜色: 透明；尺寸: 1m*1.5m；厚度: 3mm,该物料存在低精度、需复核分组或其他人工确认标记。；品牌/等级缺失；needs_human_review,按备注补齐缺失信息，或确认该分组是否应继续保留人工复核。
ISSUE-01202,needs_human_review,medium,封箱胶带,包装与标识/胶带标签/胶带,REVIEW-MAT-01569,REVIEW-MAT-01569,Sheet1:2541,卷,类型: 封箱带,该物料存在低精度、需复核分组或其他人工确认标记。；宽度/长度/颜色缺失；needs_human_review,按备注补齐缺失信息，或确认该分组是否应继续保留人工复核。
ISSUE-01203,needs_human_review,medium,带盖整理箱,行政办公与清洁/其他/收纳用品,REVIEW-MAT-01573,REVIEW-MAT-01573,Sheet1:2545,个,尺寸: 800*800*600；配置: 带盖,该物料存在低精度、需复核分组或其他人工确认标记。；材质/容量缺失；needs_human_review,按备注补齐缺失信息，或确认该分组是否应继续保留人工复核。
ISSUE-01204,needs_human_review,medium,重型管夹,管道管件/管道紧固/管夹卡箍,REVIEW-MAT-01581,REVIEW-MAT-01581,Sheet1:2556,个,规格: 36；类型: 重型管夹,该物料存在低精度、需复核分组或其他人工确认标记。；材质/安装孔距缺失；needs_human_review,按备注补齐缺失信息，或确认该分组是否应继续保留人工复核。
ISSUE-01205,needs_human_review,medium,重型六联管夹,管道管件/管道紧固/管夹卡箍,REVIEW-MAT-01582,REVIEW-MAT-01582,Sheet1:2557,组,联数: 6联；类型: 重型,该物料存在低精度、需复核分组或其他人工确认标记。；规格/材质/安装孔距缺失；needs_human_review,按备注补齐缺失信息，或确认该分组是否应继续保留人工复核。
ISSUE-01206,needs_human_review,medium,不锈钢室外箱,电气与自动化/其他/配电箱壳体,REVIEW-MAT-01589,REVIEW-MAT-01589,Sheet1:2568,个,材质: 不锈钢；安装环境: 室外；尺寸: 500*600*300,该物料存在低精度、需复核分组或其他人工确认标记。；防护等级/板厚缺失；needs_human_review,按备注补齐缺失信息，或确认该分组是否应继续保留人工复核。
ISSUE-01207,needs_human_review,medium,搅拌机叶轮,设备备件与加工件/设备专用备件/设备备件,REVIEW-MAT-01591,REVIEW-MAT-01591,Sheet1:2571,个,材质: 不锈钢；适配型号: QJB-960S；部件: 叶轮,该物料存在低精度、需复核分组或其他人工确认标记。；叶轮直径/厂家缺失；needs_human_review,按备注补齐缺失信息，或确认该分组是否应继续保留人工复核。
ISSUE-01208,needs_human_review,medium,导轨式五孔插座,电气与自动化/插头插座/插头插座,REVIEW-MAT-01596,REVIEW-MAT-01596,Sheet1:2576,个,品牌: 德力西；安装: 导轨式；类型: 五孔插座,该物料存在低精度、需复核分组或其他人工确认标记。；额定电流/型号缺失；needs_human_review,按备注补齐缺失信息，或确认该分组是否应继续保留人工复核。
ISSUE-01209,needs_human_review,medium,不锈钢支架水桶,行政办公与清洁/生活后勤/生活用品,REVIEW-MAT-01597,REVIEW-MAT-01597,Sheet1:2579,个,材质: 304；配置: 支架；容量: 1T,该物料存在低精度、需复核分组或其他人工确认标记。；尺寸/厚度/接口缺失；needs_human_review,按备注补齐缺失信息，或确认该分组是否应继续保留人工复核。
ISSUE-01210,needs_human_review,medium,污水井盖,工程建材/其他/井盖,REVIEW-MAT-01598,REVIEW-MAT-01598,Sheet1:2581,个,用途: 污水；规格: 580,该物料存在低精度、需复核分组或其他人工确认标记。；材质/承重等级/外径内径缺失；needs_human_review,按备注补齐缺失信息，或确认该分组是否应继续保留人工复核。
ISSUE-01211,needs_human_review,medium,太阳能4G监控摄像头,弱电安防/通信与监控/安防监控,REVIEW-MAT-01599,REVIEW-MAT-01599,Sheet1:2582,套,通信: 4G；供电: 太阳能；清晰度: 4K；存储: 30天循环,该物料存在低精度、需复核分组或其他人工确认标记。；品牌/存储容量/是否含流量卡缺失；needs_human_review,按备注补齐缺失信息，或确认该分组是否应继续保留人工复核。
ISSUE-01212,needs_human_review,medium,桶装水抽水器套装,行政办公与清洁/其他/饮水设备,REVIEW-MAT-01601,REVIEW-MAT-01601,Sheet1:2584,套,品牌: 子路；包含: 抽水器+充电器,该物料存在低精度、需复核分组或其他人工确认标记。；型号/电池容量缺失；needs_human_review,按备注补齐缺失信息，或确认该分组是否应继续保留人工复核。
ISSUE-01213,needs_human_review,medium,工业防潮剂,化工油漆胶粘/其他/防潮剂,REVIEW-MAT-01602,REVIEW-MAT-01602,Sheet1:2586,包,用途: 工业；包装: 1KG,该物料存在低精度、需复核分组或其他人工确认标记。；成分/适用范围缺失；needs_human_review,按备注补齐缺失信息，或确认该分组是否应继续保留人工复核。
ISSUE-01214,needs_human_review,medium,太阳能4G监控套装,弱电安防/通信与监控/安防监控,REVIEW-MAT-01603,REVIEW-MAT-01603,Sheet1:2587,套,供电: 太阳能；通信: 4G；套装: 三件套,该物料存在低精度、需复核分组或其他人工确认标记。；三件套明细/品牌/存储缺失；needs_human_review,按备注补齐缺失信息，或确认该分组是否应继续保留人工复核。
ISSUE-01215,needs_human_review,medium,变频器操作面板,电气与自动化/其他/变频器配件,REVIEW-MAT-01604,REVIEW-MAT-01604,Sheet1:2588,个,部件: 操作面板；适配设备: 变频器,该物料存在低精度、需复核分组或其他人工确认标记。；适配品牌/型号缺失；needs_human_review,按备注补齐缺失信息，或确认该分组是否应继续保留人工复核。
ISSUE-01216,needs_human_review,medium,百兆交换机,弱电安防/通信与监控/通信设备,REVIEW-MAT-01613,REVIEW-MAT-01613,Sheet1:2599,台,品牌: 海康威视；端口: 5口；速率: 百兆,该物料存在低精度、需复核分组或其他人工确认标记。；是否PoE/型号缺失；needs_human_review,按备注补齐缺失信息，或确认该分组是否应继续保留人工复核。
ISSUE-01217,needs_human_review,medium,刀开关手柄,电气与自动化/低压电器/开关按钮,REVIEW-MAT-01614,REVIEW-MAT-01614,Sheet1:2600,套,型号: HD13；额定电流: 1000A；部件: 手柄,该物料存在低精度、需复核分组或其他人工确认标记。；适配刀开关规格/厂家缺失；needs_human_review,按备注补齐缺失信息，或确认该分组是否应继续保留人工复核。
ISSUE-01218,needs_human_review,medium,泥桶,工具器具/其他/桶具,REVIEW-MAT-01620,REVIEW-MAT-01620；REVIEW-MAT-01988,Sheet1:2618；Sheet1:2635；Sheet1:2714；Sheet1:3139；Sheet1:3426,个,用途: 泥浆/砂浆,该物料存在低精度、需复核分组或其他人工确认标记。；容量/材质缺失 | 与2616同类，容量/材质缺失 || 与2616同类，容量/材质缺失；needs_human_review,按备注补齐缺失信息，或确认该分组是否应继续保留人工复核。
ISSUE-01219,needs_human_review,medium,松香水,化工油漆胶粘/油漆涂料/涂料油漆,REVIEW-MAT-01623,REVIEW-MAT-01623,Sheet1:2621,桶,包装: 12KG；类型: 松香水,该物料存在低精度、需复核分组或其他人工确认标记。；品牌/用途/SDS缺失；needs_human_review,按备注补齐缺失信息，或确认该分组是否应继续保留人工复核。
ISSUE-01220,needs_human_review,medium,钢丝轮,工具器具/工具耗材/切磨耗材,REVIEW-MAT-01634,REVIEW-MAT-01634,Sheet1:2636,个,用途: 打磨；类型: 钢丝轮,该物料存在低精度、需复核分组或其他人工确认标记。；外径/孔径/丝径缺失；needs_human_review,按备注补齐缺失信息，或确认该分组是否应继续保留人工复核。
ISSUE-01221,needs_human_review,medium,橡胶手套,劳保用品/手部防护/手套,REVIEW-MAT-01637,REVIEW-MAT-01637；REVIEW-MAT-02344,Sheet1:2639；Sheet1:2803；Sheet1:2815；Sheet1:2836；Sheet1:3427；Sheet1:3640,付,材质: 橡胶,该物料存在低精度、需复核分组或其他人工确认标记。；尺码/长度/耐化学等级缺失 | 与2637同类，尺码/长度缺失 || 尺码/厚度/防护等级缺失；needs_human_review,按备注补齐缺失信息，或确认该分组是否应继续保留人工复核。
ISSUE-01222,needs_human_review,medium,角磨机,工具器具/电动工具/电钻角磨机,REVIEW-MAT-01638,REVIEW-MAT-01638,Sheet1:2640,台,品牌: 东城；类型: 角磨机,该物料存在低精度、需复核分组或其他人工确认标记。；功率/砂轮片规格/型号缺失；needs_human_review,按备注补齐缺失信息，或确认该分组是否应继续保留人工复核。
ISSUE-01223,needs_human_review,medium,防尘面罩,劳保用品/其他/呼吸防护,REVIEW-MAT-01639,REVIEW-MAT-01639,Sheet1:2641,个,品牌: 3M；类型: 防尘面罩,该物料存在低精度、需复核分组或其他人工确认标记。；型号/防护等级缺失；needs_human_review,按备注补齐缺失信息，或确认该分组是否应继续保留人工复核。
ISSUE-01224,needs_human_review,medium,防尘面罩过滤芯,劳保用品/其他/呼吸防护,REVIEW-MAT-01640,REVIEW-MAT-01640,Sheet1:2642,个,品牌: 3M；适配: 防尘面罩；部件: 过滤芯,该物料存在低精度、需复核分组或其他人工确认标记。；适配型号/过滤等级缺失；needs_human_review,按备注补齐缺失信息，或确认该分组是否应继续保留人工复核。
ISSUE-01225,needs_human_review,medium,钢制铭牌,设备备件与加工件/金属加工件/金属加工件,REVIEW-MAT-01641,REVIEW-MAT-01641,Sheet1:2643,个,定制: 是；材质: 钢制,该物料存在低精度、需复核分组或其他人工确认标记。；尺寸/文字内容/图纸缺失；needs_human_review,按备注补齐缺失信息，或确认该分组是否应继续保留人工复核。
ISSUE-01226,needs_human_review,medium,蛇皮袋,包装与标识/袋箱膜包装/袋箱膜,REVIEW-MAT-01647,REVIEW-MAT-01647,Sheet1:2651；Sheet1:2755；Sheet1:2881；Sheet1:3237；Sheet1:3360；Sheet1:3437；Sheet1:3649,条,类型: 蛇皮袋,该物料存在低精度、需复核分组或其他人工确认标记。；尺寸/承重缺失 | 与2649同类，尺寸/承重缺失 | 与3626同类，尺寸/承重/材质缺失；needs_human_review,按备注补齐缺失信息，或确认该分组是否应继续保留人工复核。
ISSUE-01227,needs_human_review,medium,马夹袋,包装与标识/袋箱膜包装/袋箱膜,REVIEW-MAT-01648,REVIEW-MAT-01648,Sheet1:2652,条,类型: 马夹袋,该物料存在低精度、需复核分组或其他人工确认标记。；尺寸/厚度缺失；needs_human_review,按备注补齐缺失信息，或确认该分组是否应继续保留人工复核。
ISSUE-01228,needs_human_review,medium,螺纹灯座,电气与自动化/照明与报警/灯具,REVIEW-MAT-01652,REVIEW-MAT-01652,Sheet1:2656,个,类型: 螺纹灯座,该物料存在低精度、需复核分组或其他人工确认标记。；规格E27/E40等缺失；needs_human_review,按备注补齐缺失信息，或确认该分组是否应继续保留人工复核。
ISSUE-01229,needs_human_review,medium,百叶轮,工具器具/工具耗材/切磨耗材,REVIEW-MAT-01653,REVIEW-MAT-01653,Sheet1:2657,片,类型: 百叶轮,该物料存在低精度、需复核分组或其他人工确认标记。；外径/孔径/粒度缺失；needs_human_review,按备注补齐缺失信息，或确认该分组是否应继续保留人工复核。
ISSUE-01230,needs_human_review,medium,重油污除污剂,化工油漆胶粘/油品化学品/清洗化学品,REVIEW-MAT-01658,REVIEW-MAT-01658,Sheet1:2662；Sheet1:2701；Sheet1:2743,桶,用途: 重油污；包装: 30KG,该物料存在低精度、需复核分组或其他人工确认标记。；品牌/SDS/适用材质缺失 | 与2660同类，品牌/SDS缺失；needs_human_review,按备注补齐缺失信息，或确认该分组是否应继续保留人工复核。
ISSUE-01231,needs_human_review,medium,耦合剂,仪器仪表/其他/耦合剂,REVIEW-MAT-01659,REVIEW-MAT-01659,Sheet1:2663,支,容量: 100mL,该物料存在低精度、需复核分组或其他人工确认标记。；用途/品牌/型号缺失；needs_human_review,按备注补齐缺失信息，或确认该分组是否应继续保留人工复核。
ISSUE-01232,needs_human_review,medium,药芯焊丝,焊接焊割/焊接耗材/焊条焊丝,REVIEW-MAT-01661,REVIEW-MAT-01661,Sheet1:2665；Sheet1:2864；Sheet1:2946；Sheet1:3468,盘,品牌: 大西洋；类型: 药芯；直径: 1.2,该物料存在低精度、需复核分组或其他人工确认标记。；牌号/重量/适用材质缺失 | 与2663同类，牌号/重量缺失；needs_human_review,按备注补齐缺失信息，或确认该分组是否应继续保留人工复核。
ISSUE-01233,needs_human_review,medium,吹尘枪,工具器具/气动工具/气动工具,REVIEW-MAT-01662,REVIEW-MAT-01662,Sheet1:2666,把,品牌: 世达；类型: 吹尘枪,该物料存在低精度、需复核分组或其他人工确认标记。；接口规格/型号缺失；needs_human_review,按备注补齐缺失信息，或确认该分组是否应继续保留人工复核。
ISSUE-01234,needs_human_review,medium,内六角螺栓,紧固件/螺纹紧固件/螺丝螺栓,REVIEW-MAT-01663,REVIEW-MAT-01663,Sheet1:2667,个,强度等级: 10.9；规格: M12*100；头型: 内六角,该物料存在低精度、需复核分组或其他人工确认标记。；材质/表面处理缺失；needs_human_review,按备注补齐缺失信息，或确认该分组是否应继续保留人工复核。
ISSUE-01235,needs_human_review,medium,劳动车,仓储物流/搬运设备/手推车叉车,REVIEW-MAT-01664,REVIEW-MAT-01664,Sheet1:2668,辆,特征: 加厚；类型: 劳动车,该物料存在低精度、需复核分组或其他人工确认标记。；载重/轮型/尺寸缺失；needs_human_review,按备注补齐缺失信息，或确认该分组是否应继续保留人工复核。
ISSUE-01236,needs_human_review,medium,两用扳手,工具器具/手动工具/通用手动工具,REVIEW-MAT-01666,REVIEW-MAT-01666,Sheet1:2671,把,品牌: 世达；规格: M16；类型: 梅花开口两用,该物料存在低精度、需复核分组或其他人工确认标记。；长度/型号缺失；needs_human_review,按备注补齐缺失信息，或确认该分组是否应继续保留人工复核。
ISSUE-01237,needs_human_review,medium,不锈钢加厚垫片,紧固件/螺纹紧固件/螺母垫圈,REVIEW-MAT-01668,REVIEW-MAT-01668,Sheet1:2673,个,材质: 304；规格: M6；特征: 加厚,该物料存在低精度、需复核分组或其他人工确认标记。；外径/厚度/标准缺失；needs_human_review,按备注补齐缺失信息，或确认该分组是否应继续保留人工复核。
ISSUE-01238,needs_human_review,medium,床上四件套,行政办公与清洁/生活后勤/生活用品,REVIEW-MAT-01676,REVIEW-MAT-01676,Sheet1:2685；Sheet1:2765,套,材质: 全棉；套件: 四件套,该物料存在低精度、需复核分组或其他人工确认标记。；尺寸/用途缺失 | 与2683同类，尺寸缺失；needs_human_review,按备注补齐缺失信息，或确认该分组是否应继续保留人工复核。
ISSUE-01239,needs_human_review,medium,氩气减压表,焊接焊割/焊割设备工具/焊机割炬,REVIEW-MAT-01680,REVIEW-MAT-01680,Sheet1:2690,个,介质: 氩气；类型: 表/减压表,该物料存在低精度、需复核分组或其他人工确认标记。；是否减压表需确认，量程/接口缺失；needs_human_review,按备注补齐缺失信息，或确认该分组是否应继续保留人工复核。
ISSUE-01240,needs_human_review,medium,螺纹规,工具器具/量具测量/量具测量,REVIEW-MAT-01684,REVIEW-MAT-01684,Sheet1:2698,套,类型: 牙规/螺纹规,该物料存在低精度、需复核分组或其他人工确认标记。；公制/英制/规格范围缺失；needs_human_review,按备注补齐缺失信息，或确认该分组是否应继续保留人工复核。
ISSUE-01241,needs_human_review,medium,不锈钢漏斗,行政办公与清洁/生活后勤/生活用品,REVIEW-MAT-01685,REVIEW-MAT-01685,Sheet1:2700,个,材质: 316；口径: 18cm,该物料存在低精度、需复核分组或其他人工确认标记。；容量/出口直径缺失；needs_human_review,按备注补齐缺失信息，或确认该分组是否应继续保留人工复核。
ISSUE-01242,needs_human_review,medium,铭牌,设备备件与加工件/金属加工件/金属加工件,REVIEW-MAT-01692,REVIEW-MAT-01692,Sheet1:2708,个,定制: 是；尺寸: 70*40,该物料存在低精度、需复核分组或其他人工确认标记。；材质/内容/图纸缺失；needs_human_review,按备注补齐缺失信息，或确认该分组是否应继续保留人工复核。
ISSUE-01243,needs_human_review,medium,橡胶平板输送带,仓储物流/其他/输送带,REVIEW-MAT-01701,REVIEW-MAT-01701,Sheet1:2722,个,材质: 橡胶；宽度: 1m；厚度: 10mm,该物料存在低精度、需复核分组或其他人工确认标记。；长度/层数/强度等级缺失；needs_human_review,按备注补齐缺失信息，或确认该分组是否应继续保留人工复核。
ISSUE-01244,needs_human_review,medium,铲刀,工具器具/手动工具/通用手动工具,REVIEW-MAT-01702,REVIEW-MAT-01702,Sheet1:2723,把,类型: 铲刀,该物料存在低精度、需复核分组或其他人工确认标记。；宽度/材质缺失；needs_human_review,按备注补齐缺失信息，或确认该分组是否应继续保留人工复核。
ISSUE-01245,needs_human_review,medium,锂电角磨机套装,工具器具/电动工具/电钻角磨机,REVIEW-MAT-01709,REVIEW-MAT-01709,Sheet1:2732；Sheet1:3124,台,品牌: 东成；供电: 锂电；配置: 二电一充,该物料存在低精度、需复核分组或其他人工确认标记。；电池电压/砂轮规格/型号缺失 | 与2729同类，电压/砂轮规格缺失；needs_human_review,按备注补齐缺失信息，或确认该分组是否应继续保留人工复核。
ISSUE-01246,needs_human_review,medium,PPR管剪,工具器具/其他/管道工具,REVIEW-MAT-01714,REVIEW-MAT-01714,Sheet1:2737,把,用途: PPR管剪切,该物料存在低精度、需复核分组或其他人工确认标记。；剪切范围/品牌缺失；needs_human_review,按备注补齐缺失信息，或确认该分组是否应继续保留人工复核。
ISSUE-01247,needs_human_review,medium,镂空数字漆模,工具器具/涂装工具/刷辊喷涂,REVIEW-MAT-01716,REVIEW-MAT-01716,Sheet1:2741,套,字符: 0-9；类型: 镂空数字模板,该物料存在低精度、需复核分组或其他人工确认标记。；材质/尺寸缺失；needs_human_review,按备注补齐缺失信息，或确认该分组是否应继续保留人工复核。
ISSUE-01248,needs_human_review,medium,钢销,紧固件/其他/销,REVIEW-MAT-01717,REVIEW-MAT-01717,Sheet1:2742,根,直径: 14mm；长度: 1m；材质: 钢,该物料存在低精度、需复核分组或其他人工确认标记。；材质牌号/标准缺失；needs_human_review,按备注补齐缺失信息，或确认该分组是否应继续保留人工复核。
ISSUE-01249,needs_human_review,medium,PVC线槽,电气与自动化/电线电缆与敷设/电缆附件,REVIEW-MAT-01718,REVIEW-MAT-01718,Sheet1:2744,米,品牌: 公牛；材质: PVC；规格: 25mm,该物料存在低精度、需复核分组或其他人工确认标记。；宽高规格/配件缺失；needs_human_review,按备注补齐缺失信息，或确认该分组是否应继续保留人工复核。
ISSUE-01250,needs_human_review,medium,明装五孔插座,电气与自动化/插头插座/插头插座,REVIEW-MAT-01719,REVIEW-MAT-01719,Sheet1:2746,套,品牌: 公牛；安装: 明装；类型: 五孔,该物料存在低精度、需复核分组或其他人工确认标记。；额定电流/型号缺失；needs_human_review,按备注补齐缺失信息，或确认该分组是否应继续保留人工复核。
ISSUE-01251,needs_human_review,medium,钢钉,紧固件/其他/钉,REVIEW-MAT-01720,REVIEW-MAT-01720,Sheet1:2748,盒,长度: 25mm；材质: 钢,该物料存在低精度、需复核分组或其他人工确认标记。；每盒数量/直径缺失；needs_human_review,按备注补齐缺失信息，或确认该分组是否应继续保留人工复核。
ISSUE-01252,needs_human_review,medium,吊包,吊装索具/其他/吊包,REVIEW-MAT-01721,REVIEW-MAT-01721,Sheet1:2749,个,额定载荷: 1吨,该物料存在低精度、需复核分组或其他人工确认标记。；材质/尺寸/安全系数缺失；needs_human_review,按备注补齐缺失信息，或确认该分组是否应继续保留人工复核。
ISSUE-01253,needs_human_review,medium,棉纱口罩,劳保用品/其他/呼吸防护,REVIEW-MAT-01722,REVIEW-MAT-01722,Sheet1:2750,个,材质: 棉纱；类型: 口罩,该物料存在低精度、需复核分组或其他人工确认标记。；层数/防护等级缺失；needs_human_review,按备注补齐缺失信息，或确认该分组是否应继续保留人工复核。
ISSUE-01254,needs_human_review,medium,棉拖把,行政办公与清洁/清洁用品/清洁工具耗材,REVIEW-MAT-01725,REVIEW-MAT-01725,Sheet1:2753,个,材质: 棉；类型: 拖把,该物料存在低精度、需复核分组或其他人工确认标记。；规格缺失；needs_human_review,按备注补齐缺失信息，或确认该分组是否应继续保留人工复核。
ISSUE-01255,needs_human_review,medium,电箱锁,电气与自动化/其他/配电箱配件,REVIEW-MAT-01726,REVIEW-MAT-01726,Sheet1:2754；Sheet1:2834,套,用途: 电箱；类型: 锁,该物料存在低精度、需复核分组或其他人工确认标记。；锁型/尺寸/钥匙通开情况缺失 | 与2751同类，锁型/尺寸缺失；needs_human_review,按备注补齐缺失信息，或确认该分组是否应继续保留人工复核。
ISSUE-01256,needs_human_review,medium,墨斗,工具器具/量具测量/量具测量,REVIEW-MAT-01732,REVIEW-MAT-01732,Sheet1:2763,个,类型: 墨斗,该物料存在低精度、需复核分组或其他人工确认标记。；规格/品牌缺失；needs_human_review,按备注补齐缺失信息，或确认该分组是否应继续保留人工复核。
ISSUE-01257,needs_human_review,medium,牙刷,行政办公与清洁/生活后勤/生活用品,REVIEW-MAT-01735,REVIEW-MAT-01735,Sheet1:2770,支,类型: 牙刷,该物料存在低精度、需复核分组或其他人工确认标记。；品牌/规格缺失；needs_human_review,按备注补齐缺失信息，或确认该分组是否应继续保留人工复核。
ISSUE-01258,needs_human_review,medium,牙膏,行政办公与清洁/生活后勤/生活用品,REVIEW-MAT-01736,REVIEW-MAT-01736,Sheet1:2771,支,类型: 牙膏,该物料存在低精度、需复核分组或其他人工确认标记。；品牌/容量缺失；needs_human_review,按备注补齐缺失信息，或确认该分组是否应继续保留人工复核。
ISSUE-01259,needs_human_review,medium,漱口杯,行政办公与清洁/生活后勤/生活用品,REVIEW-MAT-01737,REVIEW-MAT-01737,Sheet1:2772,个,类型: 漱口杯,该物料存在低精度、需复核分组或其他人工确认标记。；材质/容量缺失；needs_human_review,按备注补齐缺失信息，或确认该分组是否应继续保留人工复核。
ISSUE-01260,needs_human_review,medium,洗发露,行政办公与清洁/生活后勤/生活用品,REVIEW-MAT-01738,REVIEW-MAT-01738,Sheet1:2773,瓶,品牌: 海飞丝；类型: 洗发露,该物料存在低精度、需复核分组或其他人工确认标记。；容量缺失；needs_human_review,按备注补齐缺失信息，或确认该分组是否应继续保留人工复核。
ISSUE-01261,needs_human_review,medium,沐浴露,行政办公与清洁/生活后勤/生活用品,REVIEW-MAT-01739,REVIEW-MAT-01739,Sheet1:2774,瓶,类型: 沐浴露,该物料存在低精度、需复核分组或其他人工确认标记。；品牌/容量缺失；needs_human_review,按备注补齐缺失信息，或确认该分组是否应继续保留人工复核。
ISSUE-01262,needs_human_review,medium,拖鞋,行政办公与清洁/生活后勤/生活用品,REVIEW-MAT-01740,REVIEW-MAT-01740,Sheet1:2775,双,类型: 拖鞋,该物料存在低精度、需复核分组或其他人工确认标记。；尺码/材质缺失；needs_human_review,按备注补齐缺失信息，或确认该分组是否应继续保留人工复核。
ISSUE-01263,needs_human_review,medium,洗脸盆,行政办公与清洁/生活后勤/生活用品,REVIEW-MAT-01741,REVIEW-MAT-01741,Sheet1:2776,个,类型: 洗脸盆,该物料存在低精度、需复核分组或其他人工确认标记。；材质/尺寸缺失；needs_human_review,按备注补齐缺失信息，或确认该分组是否应继续保留人工复核。
ISSUE-01264,needs_human_review,medium,管箍,管道管件/其他/管箍,REVIEW-MAT-01742,REVIEW-MAT-01742,Sheet1:2778,个,规格: 4寸；类型: 管箍,该物料存在低精度、需复核分组或其他人工确认标记。；材质/连接方式缺失；needs_human_review,按备注补齐缺失信息，或确认该分组是否应继续保留人工复核。
ISSUE-01265,needs_human_review,medium,全树脂基碳带,包装与标识/胶带标签/标签碳带,REVIEW-MAT-01746,REVIEW-MAT-01746,Sheet1:2783,卷,进口: 是；类型: 全树脂基；宽度: 90mm；长度: 300米,该物料存在低精度、需复核分组或其他人工确认标记。；品牌/适配标签材质缺失；needs_human_review,按备注补齐缺失信息，或确认该分组是否应继续保留人工复核。
ISSUE-01266,needs_human_review,medium,铝合金组合枪头,工程建材/保温防水/防水堵漏,REVIEW-MAT-01756,REVIEW-MAT-01756,Sheet1:2796,套,材质: 铝合金；规格: Φ100变65；类型: 组合枪头,该物料存在低精度、需复核分组或其他人工确认标记。；适配设备/接口缺失；needs_human_review,按备注补齐缺失信息，或确认该分组是否应继续保留人工复核。
ISSUE-01267,needs_human_review,medium,LED塔灯,电气与自动化/照明与报警/灯具,REVIEW-MAT-01757,REVIEW-MAT-01757,Sheet1:2797,台,品牌: 欧普；类型: LED塔灯；电压: 380V；功率: 1KW,该物料存在低精度、需复核分组或其他人工确认标记。；防护等级/安装方式缺失；needs_human_review,按备注补齐缺失信息，或确认该分组是否应继续保留人工复核。
ISSUE-01268,needs_human_review,medium,钢板镂空字体,设备备件与加工件/金属加工件/金属加工件,REVIEW-MAT-01759,REVIEW-MAT-01759,Sheet1:2800,套,工艺: 线切割；材质: 钢板；字符: 01-50；原始: 漏空,该物料存在低精度、需复核分组或其他人工确认标记。；`漏空`疑似`镂空`，尺寸/图纸缺失；needs_human_review,按备注补齐缺失信息，或确认该分组是否应继续保留人工复核。
ISSUE-01269,needs_human_review,medium,不锈钢镂空标识字牌,设备备件与加工件/金属加工件/金属加工件,REVIEW-MAT-01760,REVIEW-MAT-01760,Sheet1:2802；Sheet1:2891,个,定制: 是；材质: 不锈钢；原始: 漏空；类型: 标识字牌,该物料存在低精度、需复核分组或其他人工确认标记。；`漏空`疑似`镂空`，尺寸/内容/图纸缺失 | 与2799同类，尺寸/内容/图纸缺失；needs_human_review,按备注补齐缺失信息，或确认该分组是否应继续保留人工复核。
ISSUE-01270,needs_human_review,medium,阻燃地板革,工程建材/其他/地板革,REVIEW-MAT-01761,REVIEW-MAT-01761,Sheet1:2804,m2,特性: 阻燃；尺寸: 6m*2.5m,该物料存在低精度、需复核分组或其他人工确认标记。；厚度/材质/阻燃等级缺失；needs_human_review,按备注补齐缺失信息，或确认该分组是否应继续保留人工复核。
ISSUE-01271,needs_human_review,medium,双面胶带,包装与标识/胶带标签/胶带,REVIEW-MAT-01762,REVIEW-MAT-01762,Sheet1:2805,卷,品牌: 3M；宽度: 35mm,该物料存在低精度、需复核分组或其他人工确认标记。；长度/型号缺失；needs_human_review,按备注补齐缺失信息，或确认该分组是否应继续保留人工复核。
ISSUE-01272,needs_human_review,medium,货号牌,设备备件与加工件/金属加工件/金属加工件,REVIEW-MAT-01767,REVIEW-MAT-01767,Sheet1:2812,个,定制: 是；用途: 货号标识,该物料存在低精度、需复核分组或其他人工确认标记。；材质/尺寸/内容缺失；needs_human_review,按备注补齐缺失信息，或确认该分组是否应继续保留人工复核。
ISSUE-01273,needs_human_review,medium,吊车垫块,吊装索具/其他/支垫件,REVIEW-MAT-01768,REVIEW-MAT-01768,Sheet1:2813,块,用途: 吊车；载荷: 大吨位；尺寸: 500*500*60mm,该物料存在低精度、需复核分组或其他人工确认标记。；材质/承载等级缺失；needs_human_review,按备注补齐缺失信息，或确认该分组是否应继续保留人工复核。
ISSUE-01274,needs_human_review,medium,不锈钢户外电箱,设备备件与加工件/金属加工件/金属加工件,REVIEW-MAT-01772,REVIEW-MAT-01772,Sheet1:2822,台,定制: 是；材质: 不锈钢；环境: 户外；适配功率: 7.5KW,该物料存在低精度、需复核分组或其他人工确认标记。；尺寸/图纸/电气配置缺失；needs_human_review,按备注补齐缺失信息，或确认该分组是否应继续保留人工复核。
ISSUE-01275,needs_human_review,medium,数显电笔,工具器具/其他/电工工具,REVIEW-MAT-01773,REVIEW-MAT-01773,Sheet1:2823,支,品牌: 世达；类型: 数显电笔,该物料存在低精度、需复核分组或其他人工确认标记。；测量范围/型号缺失；needs_human_review,按备注补齐缺失信息，或确认该分组是否应继续保留人工复核。
ISSUE-01276,needs_human_review,medium,钢直尺,工具器具/量具测量/量具测量,REVIEW-MAT-01774,REVIEW-MAT-01774,Sheet1:2824,把,长度: 200mm；材质: 钢,该物料存在低精度、需复核分组或其他人工确认标记。；精度/宽度缺失；needs_human_review,按备注补齐缺失信息，或确认该分组是否应继续保留人工复核。
ISSUE-01277,needs_human_review,medium,抹子,工具器具/其他/抹灰工具,REVIEW-MAT-01777,REVIEW-MAT-01777,Sheet1:2827,把,类型: 抹子,该物料存在低精度、需复核分组或其他人工确认标记。；尺寸/材质缺失；needs_human_review,按备注补齐缺失信息，或确认该分组是否应继续保留人工复核。
ISSUE-01278,needs_human_review,medium,电箱提手,电气与自动化/其他/配电箱配件,REVIEW-MAT-01780,REVIEW-MAT-01780,Sheet1:2835,个,用途: 电箱；部件: 提手,该物料存在低精度、需复核分组或其他人工确认标记。；材质/孔距/尺寸缺失；needs_human_review,按备注补齐缺失信息，或确认该分组是否应继续保留人工复核。
ISSUE-01279,needs_human_review,medium,电焊钳,焊接焊割/焊割设备工具/焊机割炬,REVIEW-MAT-01782,REVIEW-MAT-01782,Sheet1:2839,把,额定电流: 600A,该物料存在低精度、需复核分组或其他人工确认标记。；品牌/型号缺失；needs_human_review,按备注补齐缺失信息，或确认该分组是否应继续保留人工复核。
ISSUE-01280,needs_human_review,medium,O型圈,密封件/橡胶密封/O型圈油封,REVIEW-MAT-01783,REVIEW-MAT-01783,Sheet1:2843,个,规格: 63*5,该物料存在低精度、需复核分组或其他人工确认标记。；材质/标准缺失；needs_human_review,按备注补齐缺失信息，或确认该分组是否应继续保留人工复核。
ISSUE-01281,needs_human_review,medium,斜口钳,工具器具/手动工具/通用手动工具,REVIEW-MAT-01787,REVIEW-MAT-01787,Sheet1:2855；Sheet1:3017,把,品牌: 世达；类型: 斜口钳,该物料存在低精度、需复核分组或其他人工确认标记。；规格/型号缺失 | 与2852同类，规格/型号缺失；needs_human_review,按备注补齐缺失信息，或确认该分组是否应继续保留人工复核。
ISSUE-01282,needs_human_review,medium,十字批头套装,工具器具/手动工具/通用手动工具,REVIEW-MAT-01790,REVIEW-MAT-01790,Sheet1:2858,套,品牌: 世达；类型: 十字批头；配置: 套装,该物料存在低精度、需复核分组或其他人工确认标记。；规格组合/件数缺失；needs_human_review,按备注补齐缺失信息，或确认该分组是否应继续保留人工复核。
ISSUE-01283,needs_human_review,medium,焊枪线缆套装,焊接焊割/焊割设备工具/焊机割炬,REVIEW-MAT-01794,REVIEW-MAT-01794,Sheet1:2866,套,型号: 500型；线长: 5米；包含: 焊枪,该物料存在低精度、需复核分组或其他人工确认标记。；适配焊机/接口缺失；needs_human_review,按备注补齐缺失信息，或确认该分组是否应继续保留人工复核。
ISSUE-01284,needs_human_review,medium,网线对接头,弱电安防/通信与监控/通信设备,REVIEW-MAT-01804,REVIEW-MAT-01804,Sheet1:2877,个,类型: 网线对接头,该物料存在低精度、需复核分组或其他人工确认标记。；类别/屏蔽与否缺失；needs_human_review,按备注补齐缺失信息，或确认该分组是否应继续保留人工复核。
ISSUE-01285,needs_human_review,medium,网线成品线,弱电安防/通信与监控/通信设备,REVIEW-MAT-01805,REVIEW-MAT-01805,Sheet1:2879,根,长度: 30米；配置: 两端插头,该物料存在低精度、需复核分组或其他人工确认标记。；网线类别/屏蔽与否缺失；needs_human_review,按备注补齐缺失信息，或确认该分组是否应继续保留人工复核。
ISSUE-01286,needs_human_review,medium,五坑钻头,工具器具/工具耗材/钻头,REVIEW-MAT-01810,REVIEW-MAT-01810,Sheet1:2888,根,品牌: 博世；柄型: 五坑；直径: Φ40；长度: 1米,该物料存在低精度、需复核分组或其他人工确认标记。；材质/适配设备缺失；needs_human_review,按备注补齐缺失信息，或确认该分组是否应继续保留人工复核。
ISSUE-01287,needs_human_review,medium,空调,行政办公与清洁/其他/空调设备,REVIEW-MAT-01811,REVIEW-MAT-01811,Sheet1:2890；Sheet1:2931；Sheet1:3053；Sheet1:3330；Sheet1:3388；Sheet1:3442；Sheet1:3502,台,品牌: 格力；能效等级: 1级,该物料存在低精度、需复核分组或其他人工确认标记。；匹数/型号/冷暖类型缺失 | 与2887同类，匹数/型号缺失；needs_human_review,按备注补齐缺失信息，或确认该分组是否应继续保留人工复核。
ISSUE-01288,needs_human_review,medium,加厚货架,仓储物流/仓储设备/货架容器,REVIEW-MAT-01812,REVIEW-MAT-01812,Sheet1:2892；Sheet1:2930,套,特征: 加厚；尺寸: 2m*2m*0.6m,该物料存在低精度、需复核分组或其他人工确认标记。；层数/承重/材质缺失 | 与2889同类，层数/承重缺失；needs_human_review,按备注补齐缺失信息，或确认该分组是否应继续保留人工复核。
ISSUE-01289,needs_human_review,medium,变径内丝直接,管道管件/其他/管路接头,REVIEW-MAT-01813,REVIEW-MAT-01813,Sheet1:2894,个,规格: 25变20；连接: 内丝；类型: 直接,该物料存在低精度、需复核分组或其他人工确认标记。；材质/压力等级缺失；needs_human_review,按备注补齐缺失信息，或确认该分组是否应继续保留人工复核。
ISSUE-01290,needs_human_review,medium,不锈钢防松螺母,紧固件/螺纹紧固件/螺母垫圈,REVIEW-MAT-01814,REVIEW-MAT-01814,Sheet1:2896,个,规格: M20；材质: 不锈钢；类型: 防松螺帽,该物料存在低精度、需复核分组或其他人工确认标记。；不锈钢牌号/牙距缺失；needs_human_review,按备注补齐缺失信息，或确认该分组是否应继续保留人工复核。
ISSUE-01291,needs_human_review,medium,喷火枪,工具器具/其他/燃气工具,REVIEW-MAT-01821,REVIEW-MAT-01821,Sheet1:2907,把,类型: 喷火枪,该物料存在低精度、需复核分组或其他人工确认标记。；气源/接口/品牌缺失；needs_human_review,按备注补齐缺失信息，或确认该分组是否应继续保留人工复核。
ISSUE-01292,needs_human_review,medium,航空插头插座套装,电气与自动化/插头插座/插头插座,REVIEW-MAT-01827,REVIEW-MAT-01827,Sheet1:2914,套,安装: 明装；芯数: 3芯；额定电流: 16A,该物料存在低精度、需复核分组或其他人工确认标记。；电压/防护等级/型号缺失；needs_human_review,按备注补齐缺失信息，或确认该分组是否应继续保留人工复核。
ISSUE-01293,needs_human_review,medium,电柜风扇防雨罩组合,电气与自动化/其他/配电柜散热,REVIEW-MAT-01830,REVIEW-MAT-01830,Sheet1:2918,个,用途: 电柜；包含: 风扇+防雨罩；电压: 380V,该物料存在低精度、需复核分组或其他人工确认标记。；风扇尺寸/功率/防护等级缺失；needs_human_review,按备注补齐缺失信息，或确认该分组是否应继续保留人工复核。
ISSUE-01294,needs_human_review,medium,温控开关,电气与自动化/其他/温控元件,REVIEW-MAT-01831,REVIEW-MAT-01831,Sheet1:2919,个,用途: 电柜风扇；颜色: 蓝色；类型: 温控开关,该物料存在低精度、需复核分组或其他人工确认标记。；温控范围/型号缺失；needs_human_review,按备注补齐缺失信息，或确认该分组是否应继续保留人工复核。
ISSUE-01295,needs_human_review,medium,设备按钮标识贴,包装与标识/胶带标签/标签碳带,REVIEW-MAT-01832,REVIEW-MAT-01832,Sheet1:2921,个,用途: 设备按钮；类型: 标识贴,该物料存在低精度、需复核分组或其他人工确认标记。；材质/尺寸/内容缺失；needs_human_review,按备注补齐缺失信息，或确认该分组是否应继续保留人工复核。
ISSUE-01296,needs_human_review,medium,导流罩,设备备件与加工件/设备专用备件/设备备件,REVIEW-MAT-01833,REVIEW-MAT-01833,Sheet1:2922,个,适配型号: QJB-4/6；部件: 导流罩,该物料存在低精度、需复核分组或其他人工确认标记。；材质/厂家缺失；needs_human_review,按备注补齐缺失信息，或确认该分组是否应继续保留人工复核。
ISSUE-01297,needs_human_review,medium,高强度全螺纹螺杆,紧固件/其他/螺杆,REVIEW-MAT-01836,REVIEW-MAT-01836,Sheet1:2926,根,强度等级: 12.9；规格: M30*1m；原始: 全芽,该物料存在低精度、需复核分组或其他人工确认标记。；`全芽`疑似全牙，材质/表面处理缺失；needs_human_review,按备注补齐缺失信息，或确认该分组是否应继续保留人工复核。
ISSUE-01298,needs_human_review,medium,高强度螺母,紧固件/螺纹紧固件/螺母垫圈,REVIEW-MAT-01837,REVIEW-MAT-01837,Sheet1:2927,个,强度等级: 12.9；规格: M30,该物料存在低精度、需复核分组或其他人工确认标记。；材质/牙距缺失；needs_human_review,按备注补齐缺失信息，或确认该分组是否应继续保留人工复核。
ISSUE-01299,needs_human_review,medium,双层床,行政办公与清洁/生活后勤/生活用品,REVIEW-MAT-01840,REVIEW-MAT-01840,Sheet1:2932；Sheet1:3396,套,材质: 方钢；结构: 卡扣式；类型: 双层床,该物料存在低精度、需复核分组或其他人工确认标记。；尺寸/承重缺失 | 与2929同类，尺寸/承重缺失；needs_human_review,按备注补齐缺失信息，或确认该分组是否应继续保留人工复核。
ISSUE-01300,needs_human_review,medium,角钢加工件,设备备件与加工件/金属加工件/金属加工件,REVIEW-MAT-01842,REVIEW-MAT-01842,Sheet1:2936,根,加工: 是；规格: 40角铁；长度: 1.5米,该物料存在低精度、需复核分组或其他人工确认标记。；40*40还是其他规格、厚度/材质缺失；needs_human_review,按备注补齐缺失信息，或确认该分组是否应继续保留人工复核。
ISSUE-01301,needs_human_review,medium,5号电池,电气与自动化/电源电池/电源电池,REVIEW-MAT-01844,REVIEW-MAT-01844,Sheet1:2938；Sheet1:3079；Sheet1:3269,节,品牌: 南孚；规格: 5号,该物料存在低精度、需复核分组或其他人工确认标记。；碱性/容量缺失 | 与2935同类，碱性/容量缺失；needs_human_review,按备注补齐缺失信息，或确认该分组是否应继续保留人工复核。
ISSUE-01302,needs_human_review,medium,强光手电筒,工具器具/其他/照明工具,REVIEW-MAT-01845,REVIEW-MAT-01845,Sheet1:2939,个,类型: 强光手电筒,该物料存在低精度、需复核分组或其他人工确认标记。；电池类型/亮度/防水等级缺失；needs_human_review,按备注补齐缺失信息，或确认该分组是否应继续保留人工复核。
ISSUE-01303,needs_human_review,medium,机械密封,密封件/其他/机械密封,REVIEW-MAT-01846,REVIEW-MAT-01846,Sheet1:2940,套,材质: 合金钢；型号: 109-35；原始: 机密封,该物料存在低精度、需复核分组或其他人工确认标记。；适配设备/介质缺失；needs_human_review,按备注补齐缺失信息，或确认该分组是否应继续保留人工复核。
ISSUE-01304,needs_human_review,medium,防水网线连接器,弱电安防/通信与监控/通信设备,REVIEW-MAT-01848,REVIEW-MAT-01848,Sheet1:2944,套,环境: 户外；特性: 防水；类型: 网线接头连接器,该物料存在低精度、需复核分组或其他人工确认标记。；网线类别/防护等级缺失；needs_human_review,按备注补齐缺失信息，或确认该分组是否应继续保留人工复核。
ISSUE-01305,needs_human_review,medium,激光水平仪,工具器具/量具测量/量具测量,REVIEW-MAT-01849,REVIEW-MAT-01849,Sheet1:2945,套,品牌: 莱赛；类型: 激光红外水平仪,该物料存在低精度、需复核分组或其他人工确认标记。；线数/精度/型号缺失；needs_human_review,按备注补齐缺失信息，或确认该分组是否应继续保留人工复核。
ISSUE-01306,needs_human_review,medium,电焊机接线夹,焊接焊割/焊割设备工具/焊机割炬,REVIEW-MAT-01850,REVIEW-MAT-01850,Sheet1:2947,个,适配: 电焊机；部件: 接线夹,该物料存在低精度、需复核分组或其他人工确认标记。；电流等级/接口缺失；needs_human_review,按备注补齐缺失信息，或确认该分组是否应继续保留人工复核。
ISSUE-01307,needs_human_review,medium,电柜散热风机,电气与自动化/其他/配电柜散热,REVIEW-MAT-01854,REVIEW-MAT-01854,Sheet1:2951,个,用途: 电柜散热；类型: 风机,该物料存在低精度、需复核分组或其他人工确认标记。；电压/尺寸/风量缺失；needs_human_review,按备注补齐缺失信息，或确认该分组是否应继续保留人工复核。
ISSUE-01308,needs_human_review,medium,水下连接器,电气与自动化/其他/水下连接器,REVIEW-MAT-01855,REVIEW-MAT-01855,Sheet1:2954,套,环境: 水下；结构: 四电二光,该物料存在低精度、需复核分组或其他人工确认标记。；防水等级/接口/耐压深度缺失；needs_human_review,按备注补齐缺失信息，或确认该分组是否应继续保留人工复核。
ISSUE-01309,needs_human_review,medium,水下连接器堵头,电气与自动化/其他/水下连接器,REVIEW-MAT-01856,REVIEW-MAT-01856,Sheet1:2955,套,适配: 水下连接器；类型: 堵头,该物料存在低精度、需复核分组或其他人工确认标记。；适配型号/防水等级缺失；needs_human_review,按备注补齐缺失信息，或确认该分组是否应继续保留人工复核。
ISSUE-01310,needs_human_review,medium,光纤交换机,弱电安防/通信与监控/通信设备,REVIEW-MAT-01858,REVIEW-MAT-01858,Sheet1:2957,台,端口: 二光四电,该物料存在低精度、需复核分组或其他人工确认标记。；速率/品牌/供电方式缺失；needs_human_review,按备注补齐缺失信息，或确认该分组是否应继续保留人工复核。
ISSUE-01311,needs_human_review,medium,变焦摄像头,弱电安防/通信与监控/安防监控,REVIEW-MAT-01859,REVIEW-MAT-01859,Sheet1:2959,个,功能: 变焦,该物料存在低精度、需复核分组或其他人工确认标记。；品牌/分辨率/焦距缺失；needs_human_review,按备注补齐缺失信息，或确认该分组是否应继续保留人工复核。
ISSUE-01312,needs_human_review,medium,棉口罩,劳保用品/其他/呼吸防护,REVIEW-MAT-01862,REVIEW-MAT-01862,Sheet1:2969；Sheet1:2985,个,材质: 棉；类型: 口罩,该物料存在低精度、需复核分组或其他人工确认标记。；与2747同类，层数/防护等级缺失；needs_human_review,按备注补齐缺失信息，或确认该分组是否应继续保留人工复核。
ISSUE-01313,needs_human_review,medium,金属电缆防水接头,电气与自动化/电线电缆与敷设/电线电缆,REVIEW-MAT-01865,REVIEW-MAT-01865,Sheet1:2972；Sheet1:2979,个,材质: 金属；螺纹: M50*1.5；特性: 防水,该物料存在低精度、需复核分组或其他人工确认标记。；防护等级/适配电缆外径缺失 | 与2969同类，防护等级缺失；needs_human_review,按备注补齐缺失信息，或确认该分组是否应继续保留人工复核。
ISSUE-01314,needs_human_review,medium,宝塔钻头开孔器,工具器具/工具耗材/钻头,REVIEW-MAT-01866,REVIEW-MAT-01866,Sheet1:2973,套,类型: 宝塔钻头/开孔器；范围: 4-52,该物料存在低精度、需复核分组或其他人工确认标记。；材质/柄型缺失；needs_human_review,按备注补齐缺失信息，或确认该分组是否应继续保留人工复核。
ISSUE-01315,needs_human_review,medium,碳弧气刨枪套装,焊接焊割/焊割设备工具/焊机割炬,REVIEW-MAT-01868,REVIEW-MAT-01868,Sheet1:2975,套,类型: 碳弧气刨枪；线长: 2米,该物料存在低精度、需复核分组或其他人工确认标记。；电流等级/接口缺失；needs_human_review,按备注补齐缺失信息，或确认该分组是否应继续保留人工复核。
ISSUE-01316,needs_human_review,medium,碳棒,焊接焊割/焊接耗材/焊条焊丝,REVIEW-MAT-01869,REVIEW-MAT-01869,Sheet1:2976,盒,直径: 8mm,该物料存在低精度、需复核分组或其他人工确认标记。；长度/每盒数量缺失；needs_human_review,按备注补齐缺失信息，或确认该分组是否应继续保留人工复核。
ISSUE-01317,needs_human_review,medium,金属漆,化工油漆胶粘/油漆涂料/涂料油漆,REVIEW-MAT-01871,REVIEW-MAT-01871,Sheet1:2981,桶,品牌: 立邦；包装: 18KG；用途: 金属,该物料存在低精度、需复核分组或其他人工确认标记。；颜色/型号/SDS缺失；needs_human_review,按备注补齐缺失信息，或确认该分组是否应继续保留人工复核。
ISSUE-01318,needs_human_review,medium,羊毛漆刷,工具器具/涂装工具/刷辊喷涂,REVIEW-MAT-01872,REVIEW-MAT-01872,Sheet1:2983,支,材质: 羊毛；规格: 大号；用途: 涂漆,该物料存在低精度、需复核分组或其他人工确认标记。；尺寸/等级缺失；needs_human_review,按备注补齐缺失信息，或确认该分组是否应继续保留人工复核。
ISSUE-01319,needs_human_review,medium,水封,密封件/其他/水封,REVIEW-MAT-01874,REVIEW-MAT-01874,Sheet1:2986,个,型号: VS-75,该物料存在低精度、需复核分组或其他人工确认标记。；适配设备/材质缺失；needs_human_review,按备注补齐缺失信息，或确认该分组是否应继续保留人工复核。
ISSUE-01320,needs_human_review,medium,高温润滑脂,化工油漆胶粘/其他/润滑脂,REVIEW-MAT-01875,REVIEW-MAT-01875,Sheet1:2987,桶,类型: 高温黄油；包装: 16KG,该物料存在低精度、需复核分组或其他人工确认标记。；品牌/温度范围/型号缺失；needs_human_review,按备注补齐缺失信息，或确认该分组是否应继续保留人工复核。
ISSUE-01321,needs_human_review,medium,定制电箱,设备备件与加工件/金属加工件/金属加工件,REVIEW-MAT-01876,REVIEW-MAT-01876,Sheet1:2988,个,定制: 是；尺寸: 700*300*220,该物料存在低精度、需复核分组或其他人工确认标记。；材质/配置/图纸缺失；needs_human_review,按备注补齐缺失信息，或确认该分组是否应继续保留人工复核。
ISSUE-01322,needs_human_review,medium,不锈钢内外门电柜,电气与自动化/其他/配电柜壳体,REVIEW-MAT-01878,REVIEW-MAT-01878,Sheet1:2990,个,材质: 不锈钢；结构: 内外门；尺寸: 1000*650*450,该物料存在低精度、需复核分组或其他人工确认标记。；防护等级/板厚/配置缺失；needs_human_review,按备注补齐缺失信息，或确认该分组是否应继续保留人工复核。
ISSUE-01323,needs_human_review,medium,不锈钢内外门电箱,电气与自动化/其他/配电箱壳体,REVIEW-MAT-01879,REVIEW-MAT-01879,Sheet1:2991,个,材质: 不锈钢；结构: 内外门；尺寸: 350*250*200,该物料存在低精度、需复核分组或其他人工确认标记。；防护等级/板厚/配置缺失；needs_human_review,按备注补齐缺失信息，或确认该分组是否应继续保留人工复核。
ISSUE-01324,needs_human_review,medium,头盔式面罩,劳保用品/其他/眼面防护,REVIEW-MAT-01881,REVIEW-MAT-01881,Sheet1:2993,个,类型: 头盔式面罩,该物料存在低精度、需复核分组或其他人工确认标记。；防护等级/用途缺失；needs_human_review,按备注补齐缺失信息，或确认该分组是否应继续保留人工复核。
ISSUE-01325,needs_human_review,medium,油性记号笔,行政办公与清洁/办公用品/文具书写,REVIEW-MAT-01882,REVIEW-MAT-01882,Sheet1:2994,支,颜色: 红色；类型: 油性,该物料存在低精度、需复核分组或其他人工确认标记。；品牌/粗细缺失；needs_human_review,按备注补齐缺失信息，或确认该分组是否应继续保留人工复核。
ISSUE-01326,needs_human_review,medium,消防铲,消防器材/消防工具/消防工具,REVIEW-MAT-01884,REVIEW-MAT-01884,Sheet1:2997,把,类型: 消防铲,该物料存在低精度、需复核分组或其他人工确认标记。；材质/长度缺失；needs_human_review,按备注补齐缺失信息，或确认该分组是否应继续保留人工复核。
ISSUE-01327,needs_human_review,medium,指示灯,电气与自动化/低压电器/开关按钮,REVIEW-MAT-01885,REVIEW-MAT-01885,Sheet1:3002,个,安装孔径: M22；颜色: 红+绿,该物料存在低精度、需复核分组或其他人工确认标记。；电压/触点形式缺失；needs_human_review,按备注补齐缺失信息，或确认该分组是否应继续保留人工复核。
ISSUE-01328,needs_human_review,medium,调速电位器,电气与自动化/低压电器/开关按钮,REVIEW-MAT-01886,REVIEW-MAT-01886,Sheet1:3003,个,品牌: 施耐德；阻值: 5K；用途: 调速,该物料存在低精度、需复核分组或其他人工确认标记。；安装孔径/型号缺失；needs_human_review,按备注补齐缺失信息，或确认该分组是否应继续保留人工复核。
ISSUE-01329,needs_human_review,medium,按钮开关,电气与自动化/低压电器/开关按钮,REVIEW-MAT-01887,REVIEW-MAT-01887,Sheet1:3004,个,颜色: 红+绿；类型: 按钮开关,该物料存在低精度、需复核分组或其他人工确认标记。；安装孔径/触点形式/电压缺失；needs_human_review,按备注补齐缺失信息，或确认该分组是否应继续保留人工复核。
ISSUE-01330,needs_human_review,medium,转换开关,电气与自动化/低压电器/开关按钮,REVIEW-MAT-01888,REVIEW-MAT-01888,Sheet1:3005,个,类型: 按钮转换开关,该物料存在低精度、需复核分组或其他人工确认标记。；档位/触点形式/孔径缺失；needs_human_review,按备注补齐缺失信息，或确认该分组是否应继续保留人工复核。
ISSUE-01331,needs_human_review,medium,继电器套装,电气与自动化/低压电器/继电器接触器,REVIEW-MAT-01889,REVIEW-MAT-01889,Sheet1:3006,套,品牌: 施耐德；电压: 220V；电流: 5A；配置: 带底座,该物料存在低精度、需复核分组或其他人工确认标记。；触点组数/型号缺失；needs_human_review,按备注补齐缺失信息，或确认该分组是否应继续保留人工复核。
ISSUE-01332,needs_human_review,medium,刀片,工具器具/手动工具/钳剪刀锤,REVIEW-MAT-01891,REVIEW-MAT-01891,Sheet1:3009,盒,品牌: 锐锋；类型: 刀片,该物料存在低精度、需复核分组或其他人工确认标记。；规格/每盒数量缺失；needs_human_review,按备注补齐缺失信息，或确认该分组是否应继续保留人工复核。
ISSUE-01333,needs_human_review,medium,液态密封胶,化工油漆胶粘/胶粘密封/胶粘剂,REVIEW-MAT-01892,REVIEW-MAT-01892,Sheet1:3011,支,品牌: 三和；类型: 液态密封胶,该物料存在低精度、需复核分组或其他人工确认标记。；容量/型号/耐温缺失；needs_human_review,按备注补齐缺失信息，或确认该分组是否应继续保留人工复核。
ISSUE-01334,needs_human_review,medium,电位器,电气与自动化/低压电器/开关按钮,REVIEW-MAT-01894,REVIEW-MAT-01894,Sheet1:3014,个,品牌: 天逸；型号: LA42D；阻值: 5K,该物料存在低精度、需复核分组或其他人工确认标记。；安装孔径/用途缺失；needs_human_review,按备注补齐缺失信息，或确认该分组是否应继续保留人工复核。
ISSUE-01335,needs_human_review,medium,明装开关底盒,电气与自动化/低压电器/开关按钮,REVIEW-MAT-01906,REVIEW-MAT-01906,Sheet1:3032,套,品牌: 公牛；安装: 明装；部件: 底盒底座,该物料存在低精度、需复核分组或其他人工确认标记。；规格/孔位缺失；needs_human_review,按备注补齐缺失信息，或确认该分组是否应继续保留人工复核。
ISSUE-01336,needs_human_review,medium,透明硅晶板,工程建材/板材型材/板材,REVIEW-MAT-01907,REVIEW-MAT-01907,Sheet1:3033,块,颜色: 透明；尺寸: 0.8m*0.45m*0.05m,该物料存在低精度、需复核分组或其他人工确认标记。；材质等级/用途缺失；needs_human_review,按备注补齐缺失信息，或确认该分组是否应继续保留人工复核。
ISSUE-01337,needs_human_review,medium,墙纸,工程建材/其他/墙纸,REVIEW-MAT-01908,REVIEW-MAT-01908,Sheet1:3034,块,颜色: 白色；尺寸: 3m*0.325m,该物料存在低精度、需复核分组或其他人工确认标记。；材质/胶面/单位是否卷需确认；needs_human_review,按备注补齐缺失信息，或确认该分组是否应继续保留人工复核。
ISSUE-01338,needs_human_review,medium,多层实木板,工程建材/板材型材/板材,REVIEW-MAT-01909,REVIEW-MAT-01909,Sheet1:3035,张,材质: 多层实木；尺寸: 2.44m*1.22m*0.018m,该物料存在低精度、需复核分组或其他人工确认标记。；等级/环保等级缺失；needs_human_review,按备注补齐缺失信息，或确认该分组是否应继续保留人工复核。
ISSUE-01339,needs_human_review,medium,滚筒柄,工具器具/涂装工具/刷辊喷涂,REVIEW-MAT-01911,REVIEW-MAT-01911,Sheet1:3039,把,部件: 滚筒柄,该物料存在低精度、需复核分组或其他人工确认标记。；适配滚筒宽度/长度缺失；needs_human_review,按备注补齐缺失信息，或确认该分组是否应继续保留人工复核。
ISSUE-01340,needs_human_review,medium,镀锌板剪刀,工具器具/手动工具/钳剪刀锤,REVIEW-MAT-01913,REVIEW-MAT-01913,Sheet1:3041,把,材质: 合金钢；用途: 镀锌板；规格: 20寸,该物料存在低精度、需复核分组或其他人工确认标记。；剪切厚度/品牌缺失；needs_human_review,按备注补齐缺失信息，或确认该分组是否应继续保留人工复核。
ISSUE-01341,needs_human_review,medium,切割片,工具器具/工具耗材/切磨耗材,REVIEW-MAT-01917,REVIEW-MAT-01917,Sheet1:3048；Sheet1:3127,片,直径: Φ355,该物料存在低精度、需复核分组或其他人工确认标记。；厚度/孔径/材质缺失 | 与3045同类，厚度/孔径缺失；needs_human_review,按备注补齐缺失信息，或确认该分组是否应继续保留人工复核。
ISSUE-01342,needs_human_review,medium,钢丝刷,工具器具/涂装工具/刷辊喷涂,REVIEW-MAT-01918,REVIEW-MAT-01918,Sheet1:3049,个,柄材质: 铁柄；类型: 钢丝刷,该物料存在低精度、需复核分组或其他人工确认标记。；尺寸/形制缺失；needs_human_review,按备注补齐缺失信息，或确认该分组是否应继续保留人工复核。
ISSUE-01343,needs_human_review,medium,电钻夹头钥匙,工具器具/电动工具/电钻角磨机,REVIEW-MAT-01921,REVIEW-MAT-01921,Sheet1:3052,把,适配: 电钻夹头；部件: 钥匙,该物料存在低精度、需复核分组或其他人工确认标记。；适配夹头规格缺失；needs_human_review,按备注补齐缺失信息，或确认该分组是否应继续保留人工复核。
ISSUE-01344,needs_human_review,medium,四氟垫片,设备备件与加工件/金属加工件/金属加工件,REVIEW-MAT-01923,REVIEW-MAT-01923,Sheet1:3055,个,加工: 是；材质: 四氟；规格: Φ450*440*2,该物料存在低精度、需复核分组或其他人工确认标记。；内外径含义/图纸缺失；needs_human_review,按备注补齐缺失信息，或确认该分组是否应继续保留人工复核。
ISSUE-01345,needs_human_review,medium,UPVC饮水管,管道管件/塑料管件/PVC管件,REVIEW-MAT-01928,REVIEW-MAT-01928,Sheet1:3064,米,品牌: 公元；材质: UPVC；用途: 饮水；直径: Φ25,该物料存在低精度、需复核分组或其他人工确认标记。；给水标准/压力等级/壁厚缺失；needs_human_review,按备注补齐缺失信息，或确认该分组是否应继续保留人工复核。
ISSUE-01346,needs_human_review,medium,UPVC Y型三通,管道管件/塑料管件/PVC管件,REVIEW-MAT-01929,REVIEW-MAT-01929,Sheet1:3065,个,品牌: 公元；材质: UPVC；直径: Φ25；类型: Y型三通,该物料存在低精度、需复核分组或其他人工确认标记。；给水标准/压力等级缺失；needs_human_review,按备注补齐缺失信息，或确认该分组是否应继续保留人工复核。
ISSUE-01347,needs_human_review,medium,UPVC三通,管道管件/塑料管件/PVC管件,REVIEW-MAT-01930,REVIEW-MAT-01930,Sheet1:3066,个,品牌: 公元；材质: UPVC；直径: Φ25；类型: 三通,该物料存在低精度、需复核分组或其他人工确认标记。；给水标准/压力等级缺失；needs_human_review,按备注补齐缺失信息，或确认该分组是否应继续保留人工复核。
ISSUE-01348,needs_human_review,medium,UPVC直接,管道管件/塑料管件/PVC管件,REVIEW-MAT-01933,REVIEW-MAT-01933,Sheet1:3069,个,品牌: 公元；材质: UPVC；直径: Φ25；类型: 直接,该物料存在低精度、需复核分组或其他人工确认标记。；给水标准/压力等级缺失；needs_human_review,按备注补齐缺失信息，或确认该分组是否应继续保留人工复核。
ISSUE-01349,needs_human_review,medium,带刹车万向脚轮,仓储物流/搬运设备/手推车叉车,REVIEW-MAT-01935,REVIEW-MAT-01935,Sheet1:3071,个,类型: 万向轮；配置: 带刹车,该物料存在低精度、需复核分组或其他人工确认标记。；尺寸/载重缺失；needs_human_review,按备注补齐缺失信息，或确认该分组是否应继续保留人工复核。
ISSUE-01350,needs_human_review,medium,不锈钢门插销,五金备件/其他/门窗五金,REVIEW-MAT-01936,REVIEW-MAT-01936,Sheet1:3073,套,材质: 不锈钢；用途: 门；类型: 插销,该物料存在低精度、需复核分组或其他人工确认标记。；尺寸/孔距缺失；needs_human_review,按备注补齐缺失信息，或确认该分组是否应继续保留人工复核。
ISSUE-01351,needs_human_review,medium,时间继电器,电气与自动化/低压电器/继电器接触器,REVIEW-MAT-01940,REVIEW-MAT-01940,Sheet1:3077,个,品牌: 施耐德；类型: 多功能时间继电器,该物料存在低精度、需复核分组或其他人工确认标记。；电压/型号/时间范围缺失；needs_human_review,按备注补齐缺失信息，或确认该分组是否应继续保留人工复核。
ISSUE-01352,needs_human_review,medium,电箱刀闸推拉杆,电气与自动化/其他/配电箱配件,REVIEW-MAT-01942,REVIEW-MAT-01942,Sheet1:3081,个,适配: 1级电箱刀闸；部件: 推拉杆,该物料存在低精度、需复核分组或其他人工确认标记。；尺寸/适配刀闸型号缺失；needs_human_review,按备注补齐缺失信息，或确认该分组是否应继续保留人工复核。
ISSUE-01353,needs_human_review,medium,内墙乳胶漆,化工油漆胶粘/油漆涂料/涂料油漆,REVIEW-MAT-01943,REVIEW-MAT-01943,Sheet1:3082,桶,品牌: 立邦；系列: 云净；特性: 抗甲醛；用途: 内墙；包装: 5L,该物料存在低精度、需复核分组或其他人工确认标记。；颜色/型号缺失；needs_human_review,按备注补齐缺失信息，或确认该分组是否应继续保留人工复核。
ISSUE-01354,needs_human_review,medium,刮板,工具器具/涂装工具/刷辊喷涂,REVIEW-MAT-01944,REVIEW-MAT-01944,Sheet1:3083,个,类型: 刮板,该物料存在低精度、需复核分组或其他人工确认标记。；材质/尺寸缺失；needs_human_review,按备注补齐缺失信息，或确认该分组是否应继续保留人工复核。
ISSUE-01355,needs_human_review,medium,不锈钢门吸,五金备件/其他/门窗五金,REVIEW-MAT-01945,REVIEW-MAT-01945,Sheet1:3084,付,材质: 304不锈钢；类型: 门柱吸/门吸,该物料存在低精度、需复核分组或其他人工确认标记。；安装方式/尺寸缺失；needs_human_review,按备注补齐缺失信息，或确认该分组是否应继续保留人工复核。
ISSUE-01356,needs_human_review,medium,断桥铝门锁,五金备件/门锁锁具/门锁锁具,REVIEW-MAT-01946,REVIEW-MAT-01946,Sheet1:3085,套,材质: 铝合金；适配: 断桥铝门；类型: 门锁,该物料存在低精度、需复核分组或其他人工确认标记。；锁体规格/执手方向缺失；needs_human_review,按备注补齐缺失信息，或确认该分组是否应继续保留人工复核。
ISSUE-01357,needs_human_review,medium,锰钢链条,吊装索具/吊带索具/钢丝绳链条,REVIEW-MAT-01948,REVIEW-MAT-01948,Sheet1:3089,米,材质: 锰钢；规格: 22mm,该物料存在低精度、需复核分组或其他人工确认标记。；等级/破断拉力缺失；needs_human_review,按备注补齐缺失信息，或确认该分组是否应继续保留人工复核。
ISSUE-01358,needs_human_review,medium,起重链条调节器,吊装索具/吊带索具/钢丝绳链条,REVIEW-MAT-01949,REVIEW-MAT-01949,Sheet1:3090,个,额定载荷: 15T；类型: 调节器,该物料存在低精度、需复核分组或其他人工确认标记。；材质/适配链条规格缺失；needs_human_review,按备注补齐缺失信息，或确认该分组是否应继续保留人工复核。
ISSUE-01359,needs_human_review,medium,蝴蝶扣子母环,吊装索具/吊带索具/钢丝绳链条,REVIEW-MAT-01950,REVIEW-MAT-01950,Sheet1:3091,个,额定载荷: 15T；类型: 蝴蝶扣子母环,该物料存在低精度、需复核分组或其他人工确认标记。；材质/标准缺失；needs_human_review,按备注补齐缺失信息，或确认该分组是否应继续保留人工复核。
ISSUE-01360,needs_human_review,medium,环形钢丝绳,设备备件与加工件/金属加工件/金属加工件,REVIEW-MAT-01951,REVIEW-MAT-01951,Sheet1:3092,个,定制: 是；结构: 环形；直径: 40mm；长度: 1.5m,该物料存在低精度、需复核分组或其他人工确认标记。；钢丝绳结构/安全载荷/压制方式缺失；needs_human_review,按备注补齐缺失信息，或确认该分组是否应继续保留人工复核。
ISSUE-01361,needs_human_review,medium,手动液压叉车,仓储物流/搬运设备/手推车叉车,REVIEW-MAT-01953,REVIEW-MAT-01953,Sheet1:3094,台,品牌: 诺力；类型: 手动液压；额定载荷: 2T,该物料存在低精度、需复核分组或其他人工确认标记。；货叉长度/升高高度缺失；needs_human_review,按备注补齐缺失信息，或确认该分组是否应继续保留人工复核。
ISSUE-01362,needs_human_review,medium,浸胶手套,劳保用品/手部防护/手套,REVIEW-MAT-01958,REVIEW-MAT-01958,Sheet1:3102,付,类型: 浸胶手套,该物料存在低精度、需复核分组或其他人工确认标记。；材质/尺码/涂层类型缺失；needs_human_review,按备注补齐缺失信息，或确认该分组是否应继续保留人工复核。
ISSUE-01363,needs_human_review,medium,电线扎丝,电气与自动化/其他/绑扎耗材,REVIEW-MAT-01960,REVIEW-MAT-01960,Sheet1:3105,卷,用途: 电线绑扎,该物料存在低精度、需复核分组或其他人工确认标记。；材质/长度缺失；needs_human_review,按备注补齐缺失信息，或确认该分组是否应继续保留人工复核。
ISSUE-01364,needs_human_review,medium,泡沫棉双面胶,包装与标识/胶带标签/胶带,REVIEW-MAT-01961,REVIEW-MAT-01961,Sheet1:3106,卷,品牌: 3M；宽度: 10mm；材质: 泡沫棉,该物料存在低精度、需复核分组或其他人工确认标记。；长度/型号缺失；needs_human_review,按备注补齐缺失信息，或确认该分组是否应继续保留人工复核。
ISSUE-01365,needs_human_review,medium,氧气乙炔管,焊接焊割/焊割设备工具/焊机割炬,REVIEW-MAT-01962,REVIEW-MAT-01962,Sheet1:3109；Sheet1:3433,卷,介质: 氧气+乙炔；类型: 软管,该物料存在低精度、需复核分组或其他人工确认标记。；内径/长度/压力等级缺失 | 与3105同类，内径/长度缺失；needs_human_review,按备注补齐缺失信息，或确认该分组是否应继续保留人工复核。
ISSUE-01366,needs_human_review,medium,割枪,焊接焊割/焊割设备工具/焊机割炬,REVIEW-MAT-01963,REVIEW-MAT-01963,Sheet1:3110,把,型号: 100型；长度: 长款,该物料存在低精度、需复核分组或其他人工确认标记。；适用气体/品牌缺失；needs_human_review,按备注补齐缺失信息，或确认该分组是否应继续保留人工复核。
ISSUE-01367,needs_human_review,medium,氧气减压表,焊接焊割/焊割设备工具/焊机割炬,REVIEW-MAT-01965,REVIEW-MAT-01965,Sheet1:3112,个,介质: 氧气；类型: 减压表,该物料存在低精度、需复核分组或其他人工确认标记。；量程/接口缺失；needs_human_review,按备注补齐缺失信息，或确认该分组是否应继续保留人工复核。
ISSUE-01368,needs_human_review,medium,堵漏王,工程建材/保温防水/防水堵漏,REVIEW-MAT-01968,REVIEW-MAT-01968,Sheet1:3115,袋,类型: 堵漏王,该物料存在低精度、需复核分组或其他人工确认标记。；品牌/包装重量/性能缺失；needs_human_review,按备注补齐缺失信息，或确认该分组是否应继续保留人工复核。
ISSUE-01369,needs_human_review,medium,不锈钢法兰蝶阀,阀门/其他/蝶阀,REVIEW-MAT-01973,REVIEW-MAT-01973,Sheet1:3120；Sheet1:3494,个,材质: 304；连接: 法兰式；公称通径: DN150,该物料存在低精度、需复核分组或其他人工确认标记。；压力等级/密封材质缺失 | 与3116同类，压力等级/密封材质缺失；needs_human_review,按备注补齐缺失信息，或确认该分组是否应继续保留人工复核。
ISSUE-01370,needs_human_review,medium,锂电手电钻套装,工具器具/电动工具/电钻角磨机,REVIEW-MAT-01975,REVIEW-MAT-01975,Sheet1:3123,台,品牌: 东成；供电: 锂电；配置: 二电一充,该物料存在低精度、需复核分组或其他人工确认标记。；电压/夹头规格/型号缺失；needs_human_review,按备注补齐缺失信息，或确认该分组是否应继续保留人工复核。
ISSUE-01371,needs_human_review,medium,镀锌平垫,紧固件/螺纹紧固件/螺母垫圈,REVIEW-MAT-01977,REVIEW-MAT-01977,Sheet1:3128,个,表面: 镀锌；规格: M8；类型: 平垫,该物料存在低精度、需复核分组或其他人工确认标记。；外径/厚度/标准缺失；needs_human_review,按备注补齐缺失信息，或确认该分组是否应继续保留人工复核。
ISSUE-01372,needs_human_review,medium,开口销,紧固件/其他/销,REVIEW-MAT-01978,REVIEW-MAT-01978,Sheet1:3129,个,规格: M3*60；类型: 开口销,该物料存在低精度、需复核分组或其他人工确认标记。；材质/标准缺失；needs_human_review,按备注补齐缺失信息，或确认该分组是否应继续保留人工复核。
ISSUE-01373,needs_human_review,medium,沟槽式蝶阀,阀门/其他/蝶阀,REVIEW-MAT-01981,REVIEW-MAT-01981,Sheet1:3132,个,连接: 沟槽式；公称通径: DN150,该物料存在低精度、需复核分组或其他人工确认标记。；材质/压力等级缺失；needs_human_review,按备注补齐缺失信息，或确认该分组是否应继续保留人工复核。
ISSUE-01374,needs_human_review,medium,地线夹,焊接焊割/焊割设备工具/焊机割炬,REVIEW-MAT-01989,REVIEW-MAT-01989,Sheet1:3140,把,额定电流: 500A；类型: 地线夹,该物料存在低精度、需复核分组或其他人工确认标记。；接线范围/材质缺失；needs_human_review,按备注补齐缺失信息，或确认该分组是否应继续保留人工复核。
ISSUE-01375,needs_human_review,medium,密目安全网,安全防护/隔离防护/防护网,REVIEW-MAT-01990,REVIEW-MAT-01990,Sheet1:3141,张,类型: 密目；尺寸: 6m*1.2m,该物料存在低精度、需复核分组或其他人工确认标记。；材质/阻燃等级/目数缺失；needs_human_review,按备注补齐缺失信息，或确认该分组是否应继续保留人工复核。
ISSUE-01376,needs_human_review,medium,高压管总成,液压气动/液压管路/高压胶管,REVIEW-MAT-01991,REVIEW-MAT-01991,Sheet1:3142,根,直径: Φ13；长度: 50m；配置: 两端接头,该物料存在低精度、需复核分组或其他人工确认标记。；压力等级/接头形式缺失；needs_human_review,按备注补齐缺失信息，或确认该分组是否应继续保留人工复核。
ISSUE-01377,needs_human_review,medium,带盖周转箱,行政办公与清洁/生活后勤/生活用品,REVIEW-MAT-01993,REVIEW-MAT-01993,Sheet1:3144,个,特征: 加厚；配置: 带盖；尺寸: 830*580*500,该物料存在低精度、需复核分组或其他人工确认标记。；材质/颜色缺失；needs_human_review,按备注补齐缺失信息，或确认该分组是否应继续保留人工复核。
ISSUE-01378,needs_human_review,medium,彩钢板,工程建材/其他/彩钢板,REVIEW-MAT-01995,REVIEW-MAT-01995,Sheet1:3148,块,尺寸: 2.3m*1m,该物料存在低精度、需复核分组或其他人工确认标记。；厚度/颜色/镀层缺失；needs_human_review,按备注补齐缺失信息，或确认该分组是否应继续保留人工复核。
ISSUE-01379,needs_human_review,medium,万向扣件,工程建材/其他/脚手架扣件,REVIEW-MAT-01996,REVIEW-MAT-01996,Sheet1:3150,个,类型: 万向扣件,该物料存在低精度、需复核分组或其他人工确认标记。；适配管径/材质缺失；needs_human_review,按备注补齐缺失信息，或确认该分组是否应继续保留人工复核。
ISSUE-01380,needs_human_review,medium,十字扣件,工程建材/其他/脚手架扣件,REVIEW-MAT-01997,REVIEW-MAT-01997,Sheet1:3151,个,类型: 十字扣件,该物料存在低精度、需复核分组或其他人工确认标记。；适配管径/材质缺失；needs_human_review,按备注补齐缺失信息，或确认该分组是否应继续保留人工复核。
ISSUE-01381,needs_human_review,medium,直接扣件,工程建材/其他/脚手架扣件,REVIEW-MAT-01998,REVIEW-MAT-01998,Sheet1:3152,个,类型: 直接扣件,该物料存在低精度、需复核分组或其他人工确认标记。；适配管径/材质缺失；needs_human_review,按备注补齐缺失信息，或确认该分组是否应继续保留人工复核。
ISSUE-01382,needs_human_review,medium,软胶枪,工具器具/手动工具/通用手动工具,REVIEW-MAT-01999,REVIEW-MAT-01999,Sheet1:3153,把,品牌: 世达；类型: 软胶枪,该物料存在低精度、需复核分组或其他人工确认标记。；适配胶筒容量/型号缺失；needs_human_review,按备注补齐缺失信息，或确认该分组是否应继续保留人工复核。
ISSUE-01383,needs_human_review,medium,不锈钢变径对丝,管道管件/金属管件/钢制管件,REVIEW-MAT-02002,REVIEW-MAT-02002,Sheet1:3156,个,材质: 不锈钢；连接: 外螺纹；规格: 6分变4分,该物料存在低精度、需复核分组或其他人工确认标记。；材质牌号/压力等级缺失；needs_human_review,按备注补齐缺失信息，或确认该分组是否应继续保留人工复核。
ISSUE-01384,needs_human_review,medium,焊罩镜片,劳保用品/其他/眼面防护,REVIEW-MAT-02015,REVIEW-MAT-02015,Sheet1:3173,盒,适配: 焊罩；颜色: 白/黑,该物料存在低精度、需复核分组或其他人工确认标记。；遮光号/每盒数量缺失；needs_human_review,按备注补齐缺失信息，或确认该分组是否应继续保留人工复核。
ISSUE-01385,needs_human_review,medium,膨胀止水条,工程建材/保温防水/防水堵漏,REVIEW-MAT-02021,REVIEW-MAT-02021,Sheet1:3180,米,规格: 5mm*30mm；类型: 膨胀止水条,该物料存在低精度、需复核分组或其他人工确认标记。；材质/膨胀率缺失；needs_human_review,按备注补齐缺失信息，或确认该分组是否应继续保留人工复核。
ISSUE-01386,needs_human_review,medium,火钳,工具器具/其他/夹持工具,REVIEW-MAT-02025,REVIEW-MAT-02025,Sheet1:3185,把,类型: 火钳,该物料存在低精度、需复核分组或其他人工确认标记。；长度/材质缺失；needs_human_review,按备注补齐缺失信息，或确认该分组是否应继续保留人工复核。
ISSUE-01387,needs_human_review,medium,高压防水自粘带,电气与自动化/绝缘材料/热缩绝缘,REVIEW-MAT-02027,REVIEW-MAT-02027,Sheet1:3188,卷,品牌: 3M；特性: 高压防水；类型: 自粘带,该物料存在低精度、需复核分组或其他人工确认标记。；宽度/长度/型号缺失；needs_human_review,按备注补齐缺失信息，或确认该分组是否应继续保留人工复核。
ISSUE-01388,needs_human_review,medium,接地桩,电气与自动化/其他/接地材料,REVIEW-MAT-02028,REVIEW-MAT-02028,Sheet1:3189,根,规格: M16*1m；用途: 接地,该物料存在低精度、需复核分组或其他人工确认标记。；材质/镀层缺失；needs_human_review,按备注补齐缺失信息，或确认该分组是否应继续保留人工复核。
ISSUE-01389,needs_human_review,medium,双色接地线,电气与自动化/电线电缆与敷设/电线电缆,REVIEW-MAT-02030,REVIEW-MAT-02030,Sheet1:3191；Sheet1:3358,米,品牌: 起帆；用途: 接地；截面积: 16平方；颜色: 双色,该物料存在低精度、需复核分组或其他人工确认标记。；具体颜色/型号缺失 | 与3187同类，具体颜色缺失；needs_human_review,按备注补齐缺失信息，或确认该分组是否应继续保留人工复核。
ISSUE-01390,needs_human_review,medium,绝缘电阻表,仪器仪表/其他/电气仪表,REVIEW-MAT-02031,REVIEW-MAT-02031,Sheet1:3192,个,品牌: 人民；测试电压: 500V；量程: 500兆欧,该物料存在低精度、需复核分组或其他人工确认标记。；精度/型号缺失；needs_human_review,按备注补齐缺失信息，或确认该分组是否应继续保留人工复核。
ISSUE-01391,needs_human_review,medium,气动油,化工油漆胶粘/油品化学品/润滑油脂,REVIEW-MAT-02033,REVIEW-MAT-02033,Sheet1:3194；Sheet1:3602,瓶,品牌: 卡仕顿；等级: 特级；容量: 250mL,该物料存在低精度、需复核分组或其他人工确认标记。；粘度等级/型号缺失 | 粘度等级/SDS缺失；needs_human_review,按备注补齐缺失信息，或确认该分组是否应继续保留人工复核。
ISSUE-01392,needs_human_review,medium,绝缘橡胶板,电气与自动化/绝缘材料/热缩绝缘,REVIEW-MAT-02035,REVIEW-MAT-02035,Sheet1:3196,kg,特性: 绝缘；厚度: 3mm,该物料存在低精度、需复核分组或其他人工确认标记。；耐压等级/宽度长度缺失；needs_human_review,按备注补齐缺失信息，或确认该分组是否应继续保留人工复核。
ISSUE-01393,needs_human_review,medium,剥线钳,工具器具/其他/电工工具,REVIEW-MAT-02042,REVIEW-MAT-02042,Sheet1:3207,把,类型: 多功能剥线钳,该物料存在低精度、需复核分组或其他人工确认标记。；剥线范围/品牌缺失；needs_human_review,按备注补齐缺失信息，或确认该分组是否应继续保留人工复核。
ISSUE-01394,needs_human_review,medium,感应电笔,工具器具/其他/电工工具,REVIEW-MAT-02043,REVIEW-MAT-02043,Sheet1:3208,支,类型: 感应电笔,该物料存在低精度、需复核分组或其他人工确认标记。；测量范围/品牌缺失；needs_human_review,按备注补齐缺失信息，或确认该分组是否应继续保留人工复核。
ISSUE-01395,needs_human_review,medium,钳形电流表,仪器仪表/其他/电气仪表,REVIEW-MAT-02044,REVIEW-MAT-02044,Sheet1:3209,个,精度: 高精度；量程: 1000A,该物料存在低精度、需复核分组或其他人工确认标记。；品牌/精度等级/交直流缺失；needs_human_review,按备注补齐缺失信息，或确认该分组是否应继续保留人工复核。
ISSUE-01396,needs_human_review,medium,T型套筒扳手套装,工具器具/手动工具/通用手动工具,REVIEW-MAT-02049,REVIEW-MAT-02049,Sheet1:3214,套,类型: T型套筒；规格范围: 8-19；件数: 6件,该物料存在低精度、需复核分组或其他人工确认标记。；材质/品牌缺失；needs_human_review,按备注补齐缺失信息，或确认该分组是否应继续保留人工复核。
ISSUE-01397,needs_human_review,medium,绝缘一字螺丝刀,工具器具/其他/电工工具,REVIEW-MAT-02052,REVIEW-MAT-02052,Sheet1:3217,把,头型: 一字；规格: 3*75；特性: 绝缘,该物料存在低精度、需复核分组或其他人工确认标记。；绝缘耐压等级/品牌缺失；needs_human_review,按备注补齐缺失信息，或确认该分组是否应继续保留人工复核。
ISSUE-01398,needs_human_review,medium,花兰螺丝,紧固件/其他/拉紧件,REVIEW-MAT-02055,REVIEW-MAT-02055,Sheet1:3223,个,规格: M14*200；类型: 花兰螺丝,该物料存在低精度、需复核分组或其他人工确认标记。；材质/表面处理缺失；needs_human_review,按备注补齐缺失信息，或确认该分组是否应继续保留人工复核。
ISSUE-01399,needs_human_review,medium,浮球液位开关,电气与自动化/其他/液位控制,REVIEW-MAT-02058,REVIEW-MAT-02058,Sheet1:3227,个,类型: 浮球开关；线长: 10m,该物料存在低精度、需复核分组或其他人工确认标记。；电压/触点容量/介质缺失；needs_human_review,按备注补齐缺失信息，或确认该分组是否应继续保留人工复核。
ISSUE-01400,needs_human_review,medium,不锈钢C式自锁接头套装,液压气动/液压接头/液压接头,REVIEW-MAT-02059,REVIEW-MAT-02059,Sheet1:3231,套,材质: 不锈钢；类型: C式自锁；型号组合: SM40+PM40,该物料存在低精度、需复核分组或其他人工确认标记。；口径/密封材质缺失；needs_human_review,按备注补齐缺失信息，或确认该分组是否应继续保留人工复核。
ISSUE-01401,needs_human_review,medium,不锈钢快拧外丝直接,液压气动/液压接头/液压接头,REVIEW-MAT-02063,REVIEW-MAT-02063,Sheet1:3235,个,材质: 不锈钢；类型: 快拧外丝直接；型号: PC16-04,该物料存在低精度、需复核分组或其他人工确认标记。；螺纹制式/管径缺失；needs_human_review,按备注补齐缺失信息，或确认该分组是否应继续保留人工复核。
ISSUE-01402,needs_human_review,medium,异形垫片,设备备件与加工件/金属加工件/金属加工件,REVIEW-MAT-02069,REVIEW-MAT-02069,Sheet1:3242,个,定制: 是；原始: 异性；尺寸: 330*260*5,该物料存在低精度、需复核分组或其他人工确认标记。；`异性`疑似异形，材质/图纸缺失；needs_human_review,按备注补齐缺失信息，或确认该分组是否应继续保留人工复核。
ISSUE-01403,needs_human_review,medium,中性笔,行政办公与清洁/办公用品/文具书写,REVIEW-MAT-02072,REVIEW-MAT-02072,Sheet1:3247,支,类型: 中性笔,该物料存在低精度、需复核分组或其他人工确认标记。；颜色/笔芯规格缺失；needs_human_review,按备注补齐缺失信息，或确认该分组是否应继续保留人工复核。
ISSUE-01404,needs_human_review,medium,冲凿套装,工具器具/其他/冲凿工具,REVIEW-MAT-02077,REVIEW-MAT-02077,Sheet1:3254,套,品牌: 上匠；件数: 12件,该物料存在低精度、需复核分组或其他人工确认标记。；规格明细缺失；needs_human_review,按备注补齐缺失信息，或确认该分组是否应继续保留人工复核。
ISSUE-01405,needs_human_review,medium,不锈钢宝塔球阀,阀门/通用阀门/球阀,REVIEW-MAT-02082,REVIEW-MAT-02082,Sheet1:3259,个,材质: 304不锈钢；规格: 2分-12mm；连接: 宝塔,该物料存在低精度、需复核分组或其他人工确认标记。；压力等级缺失；needs_human_review,按备注补齐缺失信息，或确认该分组是否应继续保留人工复核。
ISSUE-01406,needs_human_review,medium,自紧钻夹头,工具器具/电动工具/电钻角磨机,REVIEW-MAT-02086,REVIEW-MAT-02086,Sheet1:3263,个,品牌: 马牌；夹持范围: 0.3-16；接口: B18,该物料存在低精度、需复核分组或其他人工确认标记。；适配设备缺失；needs_human_review,按备注补齐缺失信息，或确认该分组是否应继续保留人工复核。
ISSUE-01407,needs_human_review,medium,铅笔,行政办公与清洁/办公用品/文具书写,REVIEW-MAT-02087,REVIEW-MAT-02087,Sheet1:3264,支,规格: 2B,该物料存在低精度、需复核分组或其他人工确认标记。；品牌缺失；needs_human_review,按备注补齐缺失信息，或确认该分组是否应继续保留人工复核。
ISSUE-01408,needs_human_review,medium,速凝型堵漏剂,工程建材/保温防水/防水堵漏,REVIEW-MAT-02088,REVIEW-MAT-02088,Sheet1:3265,箱,品牌: 牛元；特性: 速凝型,该物料存在低精度、需复核分组或其他人工确认标记。；每箱数量/包装重量缺失；needs_human_review,按备注补齐缺失信息，或确认该分组是否应继续保留人工复核。
ISSUE-01409,needs_human_review,medium,不锈钢焊条,焊接焊割/焊接耗材/焊条焊丝,REVIEW-MAT-02089,REVIEW-MAT-02089,Sheet1:3266,包,材质: 不锈钢；直径: Φ2.5,该物料存在低精度、需复核分组或其他人工确认标记。；牌号/每包重量缺失；needs_human_review,按备注补齐缺失信息，或确认该分组是否应继续保留人工复核。
ISSUE-01410,needs_human_review,medium,7号电池,电气与自动化/电源电池/电源电池,REVIEW-MAT-02090,REVIEW-MAT-02090,Sheet1:3268,节,品牌: 南孚；规格: 7号,该物料存在低精度、需复核分组或其他人工确认标记。；碱性/容量缺失；needs_human_review,按备注补齐缺失信息，或确认该分组是否应继续保留人工复核。
ISSUE-01411,needs_human_review,medium,RVVP屏蔽线,电气与自动化/电线电缆与敷设/电线电缆,REVIEW-MAT-02091,REVIEW-MAT-02091,Sheet1:3270,米,型号: RVVP；规格: 3*1.5；特性: 屏蔽,该物料存在低精度、需复核分组或其他人工确认标记。；品牌/电压等级缺失；needs_human_review,按备注补齐缺失信息，或确认该分组是否应继续保留人工复核。
ISSUE-01412,needs_human_review,medium,铜内丝管接,管道管件/其他/铜管件,REVIEW-MAT-02093,REVIEW-MAT-02093,Sheet1:3274,个,材质: 铜；连接: 内丝；规格: 20,该物料存在低精度、需复核分组或其他人工确认标记。；口径单位/压力等级缺失；needs_human_review,按备注补齐缺失信息，或确认该分组是否应继续保留人工复核。
ISSUE-01413,needs_human_review,medium,焊接弯头,管道管件/其他/焊接管件,REVIEW-MAT-02094,REVIEW-MAT-02094,Sheet1:3275,个,连接: 焊接；角度: 90度；规格: 159,该物料存在低精度、需复核分组或其他人工确认标记。；材质/壁厚/压力等级缺失；needs_human_review,按备注补齐缺失信息，或确认该分组是否应继续保留人工复核。
ISSUE-01414,needs_human_review,medium,焊管,金属原材料/钢材型材/钢材型材,REVIEW-MAT-02096,REVIEW-MAT-02096,Sheet1:3277,根,规格: 2寸；长度: 3m；类型: 焊管,该物料存在低精度、需复核分组或其他人工确认标记。；壁厚/材质/标准缺失；needs_human_review,按备注补齐缺失信息，或确认该分组是否应继续保留人工复核。
ISSUE-01415,needs_human_review,medium,不锈钢螺丝套件,紧固件/螺纹紧固件/螺丝螺栓,REVIEW-MAT-02105,REVIEW-MAT-02105,Sheet1:3286,套,材质: 不锈钢；规格: M6*20；包含: 平垫+弹垫,该物料存在低精度、需复核分组或其他人工确认标记。；不锈钢牌号/螺母是否包含缺失；needs_human_review,按备注补齐缺失信息，或确认该分组是否应继续保留人工复核。
ISSUE-01416,needs_human_review,medium,脱漆剂,化工油漆胶粘/其他/脱漆剂,REVIEW-MAT-02106,REVIEW-MAT-02106,Sheet1:3287,瓶,类型: 脱漆剂,该物料存在低精度、需复核分组或其他人工确认标记。；品牌/容量/SDS缺失；needs_human_review,按备注补齐缺失信息，或确认该分组是否应继续保留人工复核。
ISSUE-01417,needs_human_review,medium,高强度全螺纹丝杆,紧固件/其他/螺杆,REVIEW-MAT-02108,REVIEW-MAT-02108,Sheet1:3291,根,强度等级: 10.9；规格: M12*1m；原始: 全芽,该物料存在低精度、需复核分组或其他人工确认标记。；`全芽`疑似全牙，材质/表面处理缺失；needs_human_review,按备注补齐缺失信息，或确认该分组是否应继续保留人工复核。
ISSUE-01418,needs_human_review,medium,轴向压力表,仪器仪表/其他/压力仪表,REVIEW-MAT-02115,REVIEW-MAT-02115,Sheet1:3300,个,类型: 轴向；仪表: 压力表,该物料存在低精度、需复核分组或其他人工确认标记。；量程/接口/表径缺失；needs_human_review,按备注补齐缺失信息，或确认该分组是否应继续保留人工复核。
ISSUE-01419,needs_human_review,medium,PVC钢丝软管,管道管件/其他/塑料软管,REVIEW-MAT-02116,REVIEW-MAT-02116,Sheet1:3301,米,材质: PVC；结构: 钢丝增强；规格: 1寸,该物料存在低精度、需复核分组或其他人工确认标记。；压力等级/壁厚缺失；needs_human_review,按备注补齐缺失信息，或确认该分组是否应继续保留人工复核。
ISSUE-01420,needs_human_review,medium,卡箍,管道管件/管道紧固/管夹卡箍,REVIEW-MAT-02117,REVIEW-MAT-02117,Sheet1:3302,个,规格: 50；类型: 卡箍,该物料存在低精度、需复核分组或其他人工确认标记。；材质/适配管径缺失；needs_human_review,按备注补齐缺失信息，或确认该分组是否应继续保留人工复核。
ISSUE-01421,needs_human_review,medium,镀锌变径接头,管道管件/金属管件/镀锌管件,REVIEW-MAT-02119,REVIEW-MAT-02119,Sheet1:3304,个,表面: 镀锌；规格: 1寸/6分；类型: 大小头/变径,该物料存在低精度、需复核分组或其他人工确认标记。；连接形式/压力等级缺失；needs_human_review,按备注补齐缺失信息，或确认该分组是否应继续保留人工复核。
ISSUE-01422,needs_human_review,medium,不锈钢外丝变径接头,管道管件/金属管件/钢制管件,REVIEW-MAT-02120,REVIEW-MAT-02120,Sheet1:3305,个,材质: 304不锈钢；连接: 外丝；规格: 6分/4分,该物料存在低精度、需复核分组或其他人工确认标记。；压力等级缺失；needs_human_review,按备注补齐缺失信息，或确认该分组是否应继续保留人工复核。
ISSUE-01423,needs_human_review,medium,防护罩加工件,设备备件与加工件/金属加工件/金属加工件,REVIEW-MAT-02121,REVIEW-MAT-02121,Sheet1:3306,个,加工: 是；尺寸: 1.2米*2.7米*0.8米,该物料存在低精度、需复核分组或其他人工确认标记。；材质/图纸/用途缺失；needs_human_review,按备注补齐缺失信息，或确认该分组是否应继续保留人工复核。
ISSUE-01424,needs_human_review,medium,发泡胶,化工油漆胶粘/胶粘密封/胶粘剂,REVIEW-MAT-02124,REVIEW-MAT-02124,Sheet1:3309,瓶,类型: 发泡胶,该物料存在低精度、需复核分组或其他人工确认标记。；品牌/容量/阻燃等级缺失；needs_human_review,按备注补齐缺失信息，或确认该分组是否应继续保留人工复核。
ISSUE-01425,needs_human_review,medium,复合吸油棉,行政办公与清洁/清洁用品/清洁工具耗材,REVIEW-MAT-02125,REVIEW-MAT-02125,Sheet1:3310,张,材质/类型: 复合；尺寸: 400*500*5,该物料存在低精度、需复核分组或其他人工确认标记。；吸油量/材质等级缺失；needs_human_review,按备注补齐缺失信息，或确认该分组是否应继续保留人工复核。
ISSUE-01426,needs_human_review,medium,PVC管加工件,设备备件与加工件/金属加工件/金属加工件,REVIEW-MAT-02126,REVIEW-MAT-02126,Sheet1:3311,根,加工: 是；材质: PVC；直径: Φ200；长度: 1.5m,该物料存在低精度、需复核分组或其他人工确认标记。；壁厚/用途/图纸缺失；needs_human_review,按备注补齐缺失信息，或确认该分组是否应继续保留人工复核。
ISSUE-01427,needs_human_review,medium,镀锌骑马卡,管道管件/管道紧固/管夹卡箍,REVIEW-MAT-02130,REVIEW-MAT-02130,Sheet1:3315,个,表面: 镀锌；规格: Φ200；类型: 骑马卡,该物料存在低精度、需复核分组或其他人工确认标记。；材质/孔距缺失；needs_human_review,按备注补齐缺失信息，或确认该分组是否应继续保留人工复核。
ISSUE-01428,needs_human_review,medium,不锈钢排气阀,阀门/其他/排气阀,REVIEW-MAT-02131,REVIEW-MAT-02131,Sheet1:3317,个,材质: 不锈钢；特征: 大帽,该物料存在低精度、需复核分组或其他人工确认标记。；规格/压力等级缺失；needs_human_review,按备注补齐缺失信息，或确认该分组是否应继续保留人工复核。
ISSUE-01429,needs_human_review,medium,遮阳伞,行政办公与清洁/生活后勤/生活用品,REVIEW-MAT-02133,REVIEW-MAT-02133,Sheet1:3321,把,规格: 2.2m；类型: 大遮阳伞,该物料存在低精度、需复核分组或其他人工确认标记。；材质/底座是否包含缺失；needs_human_review,按备注补齐缺失信息，或确认该分组是否应继续保留人工复核。
ISSUE-01430,needs_note_review,medium,内六角螺丝套件,紧固件/螺纹紧固件/螺丝螺栓,REVIEW-MAT-02139,REVIEW-MAT-02139,Sheet1:3329,套,强度等级: 8.8；头型: 内六角；规格: M10*50；包含: 螺母,备注中仍有待确认问题，暂不进入可导入池。；平垫/弹垫是否包含需确认；needs_note_review,先回答备注中的问题，确认规格、用途、品牌或型号后再进入可导入池。
ISSUE-01431,needs_human_review,medium,供水增压泵,设备备件与加工件/设备专用备件/设备备件,REVIEW-MAT-02140,REVIEW-MAT-02140,Sheet1:3333,台,用途: 供水增压,该物料存在低精度、需复核分组或其他人工确认标记。；流量/扬程/功率缺失；needs_human_review,按备注补齐缺失信息，或确认该分组是否应继续保留人工复核。
ISSUE-01432,needs_human_review,medium,水泵自动控制开关,电气与自动化/其他/泵控制,REVIEW-MAT-02141,REVIEW-MAT-02141,Sheet1:3334,台,用途: 水泵自动控制,该物料存在低精度、需复核分组或其他人工确认标记。；电压/电流/控制方式缺失；needs_human_review,按备注补齐缺失信息，或确认该分组是否应继续保留人工复核。
ISSUE-01433,needs_human_review,medium,不锈钢保温水箱,行政办公与清洁/生活后勤/生活用品,REVIEW-MAT-02142,REVIEW-MAT-02142,Sheet1:3335,个,容量: 5T；材质: 不锈钢；形状: 圆形；特性: 保温,该物料存在低精度、需复核分组或其他人工确认标记。；尺寸/板厚/保温层缺失；needs_human_review,按备注补齐缺失信息，或确认该分组是否应继续保留人工复核。
ISSUE-01434,needs_human_review,medium,不锈钢补水球阀,阀门/通用阀门/球阀,REVIEW-MAT-02143,REVIEW-MAT-02143,Sheet1:3336,个,材质: 不锈钢；用途: 补水；规格: 4寸,该物料存在低精度、需复核分组或其他人工确认标记。；压力等级/连接方式缺失；needs_human_review,按备注补齐缺失信息，或确认该分组是否应继续保留人工复核。
ISSUE-01435,needs_human_review,medium,PPR直接,管道管件/塑料管件/PPR管件,REVIEW-MAT-02149,REVIEW-MAT-02149,Sheet1:3343,个,品牌: 公元；材质: PPR；规格: 32；类型: 直接,该物料存在低精度、需复核分组或其他人工确认标记。；压力等级缺失；needs_human_review,按备注补齐缺失信息，或确认该分组是否应继续保留人工复核。
ISSUE-01436,needs_human_review,medium,除胶剂,化工油漆胶粘/胶粘密封/胶粘剂,REVIEW-MAT-02151,REVIEW-MAT-02151,Sheet1:3351,瓶,类型: 除胶剂,该物料存在低精度、需复核分组或其他人工确认标记。；品牌/容量/SDS缺失；needs_human_review,按备注补齐缺失信息，或确认该分组是否应继续保留人工复核。
ISSUE-01437,needs_human_review,medium,泡沫清洗剂,化工油漆胶粘/油品化学品/清洗化学品,REVIEW-MAT-02152,REVIEW-MAT-02152,Sheet1:3352,瓶,类型: 泡沫清洗剂,该物料存在低精度、需复核分组或其他人工确认标记。；品牌/容量/SDS缺失；needs_human_review,按备注补齐缺失信息，或确认该分组是否应继续保留人工复核。
ISSUE-01438,needs_human_review,medium,镀锌接地桩套件,电气与自动化/其他/接地材料,REVIEW-MAT-02153,REVIEW-MAT-02153,Sheet1:3355,根,表面: 镀锌；规格: 18*1m；配置: 带螺丝,该物料存在低精度、需复核分组或其他人工确认标记。；材质/镀层厚度缺失；needs_human_review,按备注补齐缺失信息，或确认该分组是否应继续保留人工复核。
ISSUE-01439,needs_human_review,medium,地毯刷,行政办公与清洁/清洁用品/清洁工具耗材,REVIEW-MAT-02154,REVIEW-MAT-02154,Sheet1:3356,个,用途: 地毯清洁,该物料存在低精度、需复核分组或其他人工确认标记。；尺寸/材质缺失；needs_human_review,按备注补齐缺失信息，或确认该分组是否应继续保留人工复核。
ISSUE-01440,needs_human_review,medium,棉毛巾,行政办公与清洁/生活后勤/生活用品,REVIEW-MAT-02155,REVIEW-MAT-02155,Sheet1:3357,条,材质: 棉；类型: 毛巾,该物料存在低精度、需复核分组或其他人工确认标记。；尺寸/克重缺失；needs_human_review,按备注补齐缺失信息，或确认该分组是否应继续保留人工复核。
ISSUE-01441,needs_human_review,medium,竹梯,工具器具/其他/登高工具,REVIEW-MAT-02156,REVIEW-MAT-02156,Sheet1:3359,部,材质: 竹；长度: 6米,该物料存在低精度、需复核分组或其他人工确认标记。；承载/节数缺失；needs_human_review,按备注补齐缺失信息，或确认该分组是否应继续保留人工复核。
ISSUE-01442,needs_human_review,medium,全身式安全带,安全防护/高处与水域防护/高处防护,REVIEW-MAT-02157,REVIEW-MAT-02157,Sheet1:3362,条,类型: 全身式；配置: 大钩,该物料存在低精度、需复核分组或其他人工确认标记。；执行标准/承载等级缺失；needs_human_review,按备注补齐缺失信息，或确认该分组是否应继续保留人工复核。
ISSUE-01443,needs_human_review,medium,折叠圆桌,行政办公与清洁/生活后勤/生活用品,REVIEW-MAT-02158,REVIEW-MAT-02158,Sheet1:3363,张,直径/规格: 1.5米；结构: 折叠；形状: 圆桌,该物料存在低精度、需复核分组或其他人工确认标记。；材质缺失；needs_human_review,按备注补齐缺失信息，或确认该分组是否应继续保留人工复核。
ISSUE-01444,needs_human_review,medium,实木办公桌,行政办公与清洁/生活后勤/生活用品,REVIEW-MAT-02159,REVIEW-MAT-02159,Sheet1:3364,张,材质: 实木；尺寸: 1.4米*0.6米,该物料存在低精度、需复核分组或其他人工确认标记。；高度/款式缺失；needs_human_review,按备注补齐缺失信息，或确认该分组是否应继续保留人工复核。
ISSUE-01445,needs_human_review,medium,PVC止回阀,阀门/其他/PVC阀门,REVIEW-MAT-02167,REVIEW-MAT-02167,Sheet1:3372,个,品牌: 公元；材质: PVC；直径: Φ100；类型: 止回阀,该物料存在低精度、需复核分组或其他人工确认标记。；压力等级/连接方式缺失；needs_human_review,按备注补齐缺失信息，或确认该分组是否应继续保留人工复核。
ISSUE-01446,needs_human_review,medium,PVC三通,管道管件/塑料管件/PVC管件,REVIEW-MAT-02168,REVIEW-MAT-02168,Sheet1:3373,个,品牌: 公元；材质: PVC；直径: Φ100；类型: 三通,该物料存在低精度、需复核分组或其他人工确认标记。；压力等级缺失；needs_human_review,按备注补齐缺失信息，或确认该分组是否应继续保留人工复核。
ISSUE-01447,needs_human_review,medium,镀锌两端丝水管加工件,设备备件与加工件/金属加工件/金属加工件,REVIEW-MAT-02169,REVIEW-MAT-02169,Sheet1:3375,根,加工: 是；表面: 镀锌；规格: 4分；连接: 两端丝；长度: 3米,该物料存在低精度、需复核分组或其他人工确认标记。；材质/压力等级缺失；needs_human_review,按备注补齐缺失信息，或确认该分组是否应继续保留人工复核。
ISSUE-01448,needs_human_review,medium,手持吸尘器,行政办公与清洁/清洁用品/清洁工具耗材,REVIEW-MAT-02171,REVIEW-MAT-02171,Sheet1:3377,台,品牌: 小米；特征: 大功率；类型: 手持,该物料存在低精度、需复核分组或其他人工确认标记。；型号/功率缺失；needs_human_review,按备注补齐缺失信息，或确认该分组是否应继续保留人工复核。
ISSUE-01449,needs_human_review,medium,不锈钢排烟罩,设备备件与加工件/金属加工件/金属加工件,REVIEW-MAT-02172,REVIEW-MAT-02172,Sheet1:3378,个,定制: 是；材质: 不锈钢；尺寸: 500*600,该物料存在低精度、需复核分组或其他人工确认标记。；图纸/板厚/接口缺失；needs_human_review,按备注补齐缺失信息，或确认该分组是否应继续保留人工复核。
ISSUE-01450,needs_human_review,medium,不锈钢变径接头,设备备件与加工件/金属加工件/金属加工件,REVIEW-MAT-02173,REVIEW-MAT-02173,Sheet1:3379,个,定制: 是；材质: 不锈钢；规格: 450*450；类型: 变径接头,该物料存在低精度、需复核分组或其他人工确认标记。；两端规格/图纸缺失；needs_human_review,按备注补齐缺失信息，或确认该分组是否应继续保留人工复核。
ISSUE-01451,needs_human_review,medium,空气净化器,行政办公与清洁/其他/空气净化设备,REVIEW-MAT-02174,REVIEW-MAT-02174,Sheet1:3381,台,品牌: 小米；类型: 空气净化机,该物料存在低精度、需复核分组或其他人工确认标记。；型号/适用面积缺失；needs_human_review,按备注补齐缺失信息，或确认该分组是否应继续保留人工复核。
ISSUE-01452,needs_human_review,medium,圆柄钻头,工具器具/工具耗材/钻头,REVIEW-MAT-02179,REVIEW-MAT-02179,Sheet1:3391,个,品牌: 博世；柄型: 圆柄；直径: Φ10；长度: 350,该物料存在低精度、需复核分组或其他人工确认标记。；材质/适配设备缺失；needs_human_review,按备注补齐缺失信息，或确认该分组是否应继续保留人工复核。
ISSUE-01453,needs_human_review,medium,氧气管,焊接焊割/焊割设备工具/焊机割炬,REVIEW-MAT-02189,REVIEW-MAT-02189,Sheet1:3409,卷,介质: 氧气；类型: 软管,该物料存在低精度、需复核分组或其他人工确认标记。；内径/长度/压力等级缺失；needs_human_review,按备注补齐缺失信息，或确认该分组是否应继续保留人工复核。
ISSUE-01454,needs_human_review,medium,乙炔管,焊接焊割/焊割设备工具/焊机割炬,REVIEW-MAT-02190,REVIEW-MAT-02190,Sheet1:3410,卷,介质: 乙炔；类型: 软管,该物料存在低精度、需复核分组或其他人工确认标记。；内径/长度/压力等级缺失；needs_human_review,按备注补齐缺失信息，或确认该分组是否应继续保留人工复核。
ISSUE-01455,needs_human_review,medium,带盖带轮垃圾桶,行政办公与清洁/清洁用品/清洁工具耗材,REVIEW-MAT-02191,REVIEW-MAT-02191,Sheet1:3411,个,容量: 240L；配置: 带盖+带轮,该物料存在低精度、需复核分组或其他人工确认标记。；材质/颜色缺失；needs_human_review,按备注补齐缺失信息，或确认该分组是否应继续保留人工复核。
ISSUE-01456,needs_human_review,medium,铝合金消防接头,消防器材/消防管件与接头/消防接头,REVIEW-MAT-02196,REVIEW-MAT-02196,Sheet1:3417,套,材质: 铝合金；直径: Φ80,该物料存在低精度、需复核分组或其他人工确认标记。；接口标准/密封件缺失；needs_human_review,按备注补齐缺失信息，或确认该分组是否应继续保留人工复核。
ISSUE-01457,needs_human_review,medium,抱箍,管道管件/管道紧固/管夹卡箍,REVIEW-MAT-02197,REVIEW-MAT-02197,Sheet1:3418,个,规格: 80；类型: 抱箍,该物料存在低精度、需复核分组或其他人工确认标记。；材质/适配管径缺失；needs_human_review,按备注补齐缺失信息，或确认该分组是否应继续保留人工复核。
ISSUE-01458,needs_human_review,medium,高压水带,管道管件/其他/高压水带,REVIEW-MAT-02198,REVIEW-MAT-02198,Sheet1:3419,米,直径: Φ80；类型: 高压水带,该物料存在低精度、需复核分组或其他人工确认标记。；压力等级/材质缺失；needs_human_review,按备注补齐缺失信息，或确认该分组是否应继续保留人工复核。
ISSUE-01459,needs_human_review,medium,磁吸式软玻璃门帘,行政办公与清洁/其他/门帘,REVIEW-MAT-02199,REVIEW-MAT-02199,Sheet1:3420,付,结构: 磁吸式；颜色: 透明；尺寸: 2.55m*1.46m；厚度: 3mm,该物料存在低精度、需复核分组或其他人工确认标记。；材质等级缺失；needs_human_review,按备注补齐缺失信息，或确认该分组是否应继续保留人工复核。
ISSUE-01460,needs_human_review,medium,氧气乙炔管卡箍,焊接焊割/焊割设备工具/焊机割炬,REVIEW-MAT-02201,REVIEW-MAT-02201,Sheet1:3422,个,适配: 氧气/乙炔管；类型: 卡箍,该物料存在低精度、需复核分组或其他人工确认标记。；适配管径/材质缺失；needs_human_review,按备注补齐缺失信息，或确认该分组是否应继续保留人工复核。
ISSUE-01461,needs_human_review,medium,氧气减压阀,焊接焊割/焊割设备工具/焊机割炬,REVIEW-MAT-02202,REVIEW-MAT-02202,Sheet1:3423,个,介质: 氧气；类型: 减压阀,该物料存在低精度、需复核分组或其他人工确认标记。；与3108同类，量程/接口缺失；needs_human_review,按备注补齐缺失信息，或确认该分组是否应继续保留人工复核。
ISSUE-01462,needs_human_review,medium,二氧化碳减压阀总成,焊接焊割/焊割设备工具/焊机割炬,REVIEW-MAT-02203,REVIEW-MAT-02203,Sheet1:3424,套,介质: 二氧化碳；类型: 减压阀总成,该物料存在低精度、需复核分组或其他人工确认标记。；量程/接口/适配气瓶缺失；needs_human_review,按备注补齐缺失信息，或确认该分组是否应继续保留人工复核。
ISSUE-01463,needs_human_review,medium,滚筒伸缩杆,工具器具/涂装工具/刷辊喷涂,REVIEW-MAT-02206,REVIEW-MAT-02206,Sheet1:3430,根,部件: 伸缩杆；适配: 滚筒,该物料存在低精度、需复核分组或其他人工确认标记。；长度范围/接口缺失；needs_human_review,按备注补齐缺失信息，或确认该分组是否应继续保留人工复核。
ISSUE-01464,needs_human_review,medium,边角刷伸缩杆,工具器具/涂装工具/刷辊喷涂,REVIEW-MAT-02207,REVIEW-MAT-02207,Sheet1:3431,根,部件: 伸缩杆；适配: 边角刷,该物料存在低精度、需复核分组或其他人工确认标记。；长度范围/接口缺失；needs_human_review,按备注补齐缺失信息，或确认该分组是否应继续保留人工复核。
ISSUE-01465,needs_human_review,medium,不锈钢割枪,焊接焊割/焊割设备工具/焊机割炬,REVIEW-MAT-02208,REVIEW-MAT-02208,Sheet1:3434,把,品牌: 华凌；型号: 100#；特征: 加长型；材质: 不锈钢,该物料存在低精度、需复核分组或其他人工确认标记。；适用气体/长度缺失；needs_human_review,按备注补齐缺失信息，或确认该分组是否应继续保留人工复核。
ISSUE-01466,needs_human_review,medium,铁灰斗,工具器具/其他/灰斗,REVIEW-MAT-02209,REVIEW-MAT-02209,Sheet1:3436,个,材质: 铁；类型: 灰斗,该物料存在低精度、需复核分组或其他人工确认标记。；容量/尺寸缺失；needs_human_review,按备注补齐缺失信息，或确认该分组是否应继续保留人工复核。
ISSUE-01467,needs_human_review,medium,警示反光胶带,安全防护/警示标识/反光警示,REVIEW-MAT-02210,REVIEW-MAT-02210,Sheet1:3438,卷,品牌: 3M；用途: 警示；长度: 50m,该物料存在低精度、需复核分组或其他人工确认标记。；宽度/颜色缺失；needs_human_review,按备注补齐缺失信息，或确认该分组是否应继续保留人工复核。
ISSUE-01468,needs_human_review,medium,警示反光踢脚板,安全防护/警示标识/反光警示,REVIEW-MAT-02211,REVIEW-MAT-02211,Sheet1:3439,米,用途: 警示反光；宽度/高度: 30cm,该物料存在低精度、需复核分组或其他人工确认标记。；材质/颜色缺失；needs_human_review,按备注补齐缺失信息，或确认该分组是否应继续保留人工复核。
ISSUE-01469,needs_human_review,medium,不锈钢防水挂锁,五金备件/门锁锁具/门锁锁具,REVIEW-MAT-02216,REVIEW-MAT-02216,Sheet1:3449；Sheet1:3458,把,材质: 不锈钢；特性: 防水；类型: 通用挂锁,该物料存在低精度、需复核分组或其他人工确认标记。；规格/锁梁尺寸缺失 | 与3444同类，规格缺失；needs_human_review,按备注补齐缺失信息，或确认该分组是否应继续保留人工复核。
ISSUE-01470,needs_human_review,medium,红花油,劳保用品/其他/急救用品,REVIEW-MAT-02217,REVIEW-MAT-02217,Sheet1:3450,瓶,类型: 红花油,该物料存在低精度、需复核分组或其他人工确认标记。；品牌/容量缺失；needs_human_review,按备注补齐缺失信息，或确认该分组是否应继续保留人工复核。
ISSUE-01471,needs_human_review,medium,不锈钢门板插销,五金备件/其他/门窗五金,REVIEW-MAT-02224,REVIEW-MAT-02224,Sheet1:3459,付,材质: 不锈钢；用途: 门板；类型: 插销,该物料存在低精度、需复核分组或其他人工确认标记。；尺寸/孔距缺失；needs_human_review,按备注补齐缺失信息，或确认该分组是否应继续保留人工复核。
ISSUE-01472,needs_human_review,medium,十字螺丝,紧固件/螺纹紧固件/螺丝螺栓,REVIEW-MAT-02225,REVIEW-MAT-02225,Sheet1:3460,套,头型: 十字；规格: Φ5*60,该物料存在低精度、需复核分组或其他人工确认标记。；材质/套件内容缺失；needs_human_review,按备注补齐缺失信息，或确认该分组是否应继续保留人工复核。
ISSUE-01473,needs_human_review,medium,螺丝杆,紧固件/其他/螺杆,REVIEW-MAT-02228,REVIEW-MAT-02228,Sheet1:3465,套,强度等级: 8.8；规格: M10*30,该物料存在低精度、需复核分组或其他人工确认标记。；是否套件/材质缺失；needs_human_review,按备注补齐缺失信息，或确认该分组是否应继续保留人工复核。
ISSUE-01474,needs_human_review,medium,防冻保温棉,工程建材/保温防水/保温材料,REVIEW-MAT-02229,REVIEW-MAT-02229,Sheet1:3466,根,特性: 防冻；规格: Φ50,该物料存在低精度、需复核分组或其他人工确认标记。；厚度/材质/长度缺失；needs_human_review,按备注补齐缺失信息，或确认该分组是否应继续保留人工复核。
ISSUE-01475,needs_human_review,medium,电缆三角支架,电气与自动化/电线电缆与敷设/电线电缆,REVIEW-MAT-02230,REVIEW-MAT-02230,Sheet1:3467,个,结构: 三角支架；高度: 0.45m；用途: 电缆,该物料存在低精度、需复核分组或其他人工确认标记。；材质/承载缺失；needs_human_review,按备注补齐缺失信息，或确认该分组是否应继续保留人工复核。
ISSUE-01476,needs_human_review,medium,雨鞋,劳保用品/其他/雨具,REVIEW-MAT-02231,REVIEW-MAT-02231,Sheet1:3470,双,品牌: 回力；尺码: 41码；配置: 带衬里,该物料存在低精度、需复核分组或其他人工确认标记。；材质/筒高缺失；needs_human_review,按备注补齐缺失信息，或确认该分组是否应继续保留人工复核。
ISSUE-01477,needs_human_review,medium,锂电电钻套装,工具器具/电动工具/电钻角磨机,REVIEW-MAT-02235,REVIEW-MAT-02235,Sheet1:3476,台,品牌: 东成；供电: 锂电；配置: 带螺丝刀套装,该物料存在低精度、需复核分组或其他人工确认标记。；电压/电池配置缺失；needs_human_review,按备注补齐缺失信息，或确认该分组是否应继续保留人工复核。
ISSUE-01478,needs_human_review,medium,氧气检测表,仪器仪表/其他/气体检测仪表,REVIEW-MAT-02236,REVIEW-MAT-02236,Sheet1:3477,个,介质: 氧气；类型: 检测表,该物料存在低精度、需复核分组或其他人工确认标记。；量程/精度缺失；needs_human_review,按备注补齐缺失信息，或确认该分组是否应继续保留人工复核。
ISSUE-01479,needs_human_review,medium,乙炔检测表,仪器仪表/其他/气体检测仪表,REVIEW-MAT-02237,REVIEW-MAT-02237,Sheet1:3478,个,介质: 乙炔；类型: 检测表,该物料存在低精度、需复核分组或其他人工确认标记。；量程/精度缺失；needs_human_review,按备注补齐缺失信息，或确认该分组是否应继续保留人工复核。
ISSUE-01480,needs_human_review,medium,高强度全螺纹螺丝套件,紧固件/螺纹紧固件/螺丝螺栓,REVIEW-MAT-02240,REVIEW-MAT-02240,Sheet1:3482,套,强度等级: 12.9；规格: M24*60；原始: 全芽；包含: 平垫+弹垫,该物料存在低精度、需复核分组或其他人工确认标记。；`全芽`疑似全牙，螺母是否包含缺失；needs_human_review,按备注补齐缺失信息，或确认该分组是否应继续保留人工复核。
ISSUE-01481,needs_human_review,medium,抗振储气式压力表,仪器仪表/其他/压力仪表,REVIEW-MAT-02241,REVIEW-MAT-02241,Sheet1:3483,个,特性: 抗振；结构: 储气式；类型: 压力表,该物料存在低精度、需复核分组或其他人工确认标记。；量程/接口/表径缺失；needs_human_review,按备注补齐缺失信息，或确认该分组是否应继续保留人工复核。
ISSUE-01482,needs_human_review,medium,圆珠笔,行政办公与清洁/办公用品/文具书写,REVIEW-MAT-02244,REVIEW-MAT-02244,Sheet1:3490,支,类型: 圆珠笔,该物料存在低精度、需复核分组或其他人工确认标记。；颜色/品牌缺失；needs_human_review,按备注补齐缺失信息，或确认该分组是否应继续保留人工复核。
ISSUE-01483,needs_human_review,medium,焊机地线夹,焊接焊割/焊割设备工具/焊机割炬,REVIEW-MAT-02246,REVIEW-MAT-02246,Sheet1:3492,把,适配: 焊机；类型: 地线夹,该物料存在低精度、需复核分组或其他人工确认标记。；与3136同类，电流等级缺失；needs_human_review,按备注补齐缺失信息，或确认该分组是否应继续保留人工复核。
ISSUE-01484,needs_human_review,medium,不锈钢两片式球阀,阀门/通用阀门/球阀,REVIEW-MAT-02248,REVIEW-MAT-02248,Sheet1:3495,个,品牌: 埃美柯；材质: 304；结构: 两片式；公称通径: DN50,该物料存在低精度、需复核分组或其他人工确认标记。；压力等级/连接方式缺失；needs_human_review,按备注补齐缺失信息，或确认该分组是否应继续保留人工复核。
ISSUE-01485,needs_human_review,medium,钳形万用表,仪器仪表/其他/电气仪表,REVIEW-MAT-02252,REVIEW-MAT-02252,Sheet1:3501,个,品牌: 世达；类型: 钳型万用表,该物料存在低精度、需复核分组或其他人工确认标记。；量程/精度缺失；needs_human_review,按备注补齐缺失信息，或确认该分组是否应继续保留人工复核。
ISSUE-01486,needs_human_review,medium,镀锌外丝六角直接,管道管件/金属管件/镀锌管件,REVIEW-MAT-02253,REVIEW-MAT-02253,Sheet1:3505,个,表面: 镀锌；连接: 外丝；结构: 六角；规格: 2寸,该物料存在低精度、需复核分组或其他人工确认标记。；材质/压力等级缺失；needs_human_review,按备注补齐缺失信息，或确认该分组是否应继续保留人工复核。
ISSUE-01487,needs_human_review,medium,镀锌钢丝绳,吊装索具/吊带索具/钢丝绳链条,REVIEW-MAT-02255,REVIEW-MAT-02255,Sheet1:3508,米,表面: 镀锌；直径: Φ12,该物料存在低精度、需复核分组或其他人工确认标记。；结构/破断拉力缺失；needs_human_review,按备注补齐缺失信息，或确认该分组是否应继续保留人工复核。
ISSUE-01488,needs_human_review,medium,镀锌花兰螺丝,紧固件/其他/拉紧件,REVIEW-MAT-02257,REVIEW-MAT-02257,Sheet1:3510,个,表面: 镀锌；规格: M14*350,该物料存在低精度、需复核分组或其他人工确认标记。；材质/标准缺失；needs_human_review,按备注补齐缺失信息，或确认该分组是否应继续保留人工复核。
ISSUE-01489,needs_human_review,medium,镀锌花兰扣,紧固件/其他/拉紧件,REVIEW-MAT-02258,REVIEW-MAT-02258,Sheet1:3511,个,表面: 镀锌；规格: M14,该物料存在低精度、需复核分组或其他人工确认标记。；长度/结构缺失；needs_human_review,按备注补齐缺失信息，或确认该分组是否应继续保留人工复核。
ISSUE-01490,needs_human_review,medium,圆头螺丝套件,紧固件/螺纹紧固件/螺丝螺栓,REVIEW-MAT-02261,REVIEW-MAT-02261,Sheet1:3517,套,规格: M5*70；头型: 圆头；包含: 平垫+弹垫,该物料存在低精度、需复核分组或其他人工确认标记。；材质/强度等级/螺母是否包含缺失；needs_human_review,按备注补齐缺失信息，或确认该分组是否应继续保留人工复核。
ISSUE-01491,needs_human_review,medium,不锈钢潜水搅拌机,环保/环保设备耗材/环保设备耗材,REVIEW-MAT-02262,REVIEW-MAT-02262,Sheet1:3518,台,材质: 304不锈钢；电压: 380V；功率: 4KW,该物料存在低精度、需复核分组或其他人工确认标记。；品牌/叶轮形式/安装方式缺失；needs_human_review,按备注补齐缺失信息，或确认该分组是否应继续保留人工复核。
ISSUE-01492,needs_human_review,medium,充电式LED强光手电筒,工具器具/其他/照明工具,REVIEW-MAT-02263,REVIEW-MAT-02263,Sheet1:3519；Sheet1:3524,个,供电: 充电式；光源: LED；类型: 强光手电筒,该物料存在低精度、需复核分组或其他人工确认标记。；与3524同类，品牌/亮度/续航缺失 | 与3519同类，品牌/亮度/续航缺失；needs_human_review,按备注补齐缺失信息，或确认该分组是否应继续保留人工复核。
ISSUE-01493,needs_human_review,medium,欧标转换插头,电气与自动化/插头插座/插头插座,REVIEW-MAT-02271,REVIEW-MAT-02271,Sheet1:3536,个,孔位: 5孔；功能: 带USB；标准: 欧标,该物料存在低精度、需复核分组或其他人工确认标记。；额定电流/USB输出参数缺失；needs_human_review,按备注补齐缺失信息，或确认该分组是否应继续保留人工复核。
ISSUE-01494,needs_human_review,medium,劳动车轮胎套件,仓储物流/搬运设备/手推车叉车,REVIEW-MAT-02272,REVIEW-MAT-02272,Sheet1:3537,套,适配: 劳动车；包含: 车轮+实心车胎,该物料存在低精度、需复核分组或其他人工确认标记。；轮径/轴孔尺寸缺失；needs_human_review,按备注补齐缺失信息，或确认该分组是否应继续保留人工复核。
ISSUE-01495,needs_human_review,medium,实木方桌,行政办公与清洁/生活后勤/生活用品,REVIEW-MAT-02273,REVIEW-MAT-02273,Sheet1:3538,张,材质: 实木；类型: 方桌,该物料存在低精度、需复核分组或其他人工确认标记。；尺寸/表面处理缺失；needs_human_review,按备注补齐缺失信息，或确认该分组是否应继续保留人工复核。
ISSUE-01496,needs_human_review,medium,高强度螺丝套件,紧固件/螺纹紧固件/螺丝螺栓,REVIEW-MAT-02281,REVIEW-MAT-02281,Sheet1:3550,套,强度等级: 8.8；规格: M16*70；包含: 平垫+弹垫,该物料存在低精度、需复核分组或其他人工确认标记。；螺母是否包含/表面处理缺失；needs_human_review,按备注补齐缺失信息，或确认该分组是否应继续保留人工复核。
ISSUE-01497,needs_human_review,medium,水泥钉,紧固件/其他/钉类,REVIEW-MAT-02290,REVIEW-MAT-02290,Sheet1:3561,盒,长度: 40mm,该物料存在低精度、需复核分组或其他人工确认标记。；直径/每盒数量缺失；needs_human_review,按备注补齐缺失信息，或确认该分组是否应继续保留人工复核。
ISSUE-01498,needs_human_review,medium,起重滑轮钩,吊装索具/其他/滑轮钩,REVIEW-MAT-02291,REVIEW-MAT-02291,Sheet1:3562,个,品牌: 沪工；额定载荷: 1T,该物料存在低精度、需复核分组或其他人工确认标记。；轮数/安全认证缺失；needs_human_review,按备注补齐缺失信息，或确认该分组是否应继续保留人工复核。
ISSUE-01499,needs_human_review,medium,浮球阀,阀门/其他/液位控制阀,REVIEW-MAT-02292,REVIEW-MAT-02292,Sheet1:3563,套,配线长度: 10m,该物料存在低精度、需复核分组或其他人工确认标记。；口径/电压/材质缺失；needs_human_review,按备注补齐缺失信息，或确认该分组是否应继续保留人工复核。
ISSUE-01500,needs_human_review,medium,下水裤,劳保用品/其他/防水服,REVIEW-MAT-02293,REVIEW-MAT-02293,Sheet1:3564,套,尺码: 44码,该物料存在低精度、需复核分组或其他人工确认标记。；材质/筒高缺失；needs_human_review,按备注补齐缺失信息，或确认该分组是否应继续保留人工复核。
ISSUE-01501,needs_human_review,medium,铝合金快速接头,管道管件/其他/快速接头,REVIEW-MAT-02294,REVIEW-MAT-02294,Sheet1:3565,套,材质: 铝合金；公称通径: DN50,该物料存在低精度、需复核分组或其他人工确认标记。；接口形式/压力等级缺失；needs_human_review,按备注补齐缺失信息，或确认该分组是否应继续保留人工复核。
ISSUE-01502,needs_human_review,medium,防爆耐磨水带,消防器材/灭火器与水带/消防水带,REVIEW-MAT-02295,REVIEW-MAT-02295,Sheet1:3567,米,特性: 防爆耐磨；公称通径: DN50,该物料存在低精度、需复核分组或其他人工确认标记。；压力等级/材质/接口缺失；needs_human_review,按备注补齐缺失信息，或确认该分组是否应继续保留人工复核。
ISSUE-01503,needs_human_review,medium,LED声光报警器,电气与自动化/照明与报警/报警器,REVIEW-MAT-02297,REVIEW-MAT-02297,Sheet1:3569,个,光源: LED；电压: 24V,该物料存在低精度、需复核分组或其他人工确认标记。；声级/安装方式/防护等级缺失；needs_human_review,按备注补齐缺失信息，或确认该分组是否应继续保留人工复核。
ISSUE-01504,needs_human_review,medium,电源转换器,电气与自动化/电源电池/电源电池,REVIEW-MAT-02298,REVIEW-MAT-02298,Sheet1:3573,个,输入: 24V；输出: 12V；电流: 2A,该物料存在低精度、需复核分组或其他人工确认标记。；功率/接口/防护等级缺失；needs_human_review,按备注补齐缺失信息，或确认该分组是否应继续保留人工复核。
ISSUE-01505,needs_human_review,medium,透明收纳箱,行政办公与清洁/其他/收纳用品,REVIEW-MAT-02299,REVIEW-MAT-02299,Sheet1:3574,个,颜色/透明度: 透明；容量: 80L,该物料存在低精度、需复核分组或其他人工确认标记。；尺寸/材质缺失；needs_human_review,按备注补齐缺失信息，或确认该分组是否应继续保留人工复核。
ISSUE-01506,needs_human_review,medium,设备维修保养记录本,行政办公与清洁/办公用品/文具书写,REVIEW-MAT-02300,REVIEW-MAT-02300,Sheet1:3575,本,用途: 设备维修保养记录,该物料存在低精度、需复核分组或其他人工确认标记。；页数/规格缺失；needs_human_review,按备注补齐缺失信息，或确认该分组是否应继续保留人工复核。
ISSUE-01507,needs_human_review,medium,高压钢丝管,液压气动/气动元件/接头阀管,REVIEW-MAT-02305,REVIEW-MAT-02305,Sheet1:3582,米,直径: Φ25；结构: 钢丝增强,该物料存在低精度、需复核分组或其他人工确认标记。；压力等级/接口缺失；needs_human_review,按备注补齐缺失信息，或确认该分组是否应继续保留人工复核。
ISSUE-01508,needs_human_review,medium,梅开两用扳手,工具器具/手动工具/扳手,REVIEW-MAT-02306,REVIEW-MAT-02306,Sheet1:3583,把,品牌: 世达；规格: 41#,该物料存在低精度、需复核分组或其他人工确认标记。；材质/长度缺失；needs_human_review,按备注补齐缺失信息，或确认该分组是否应继续保留人工复核。
ISSUE-01509,needs_human_review,medium,铝合金梯,安全防护/高处与水域防护/高处防护,REVIEW-MAT-02316,REVIEW-MAT-02316,Sheet1:3595,部,材质: 铝合金；特征: 加厚；高度: 4m,该物料存在低精度、需复核分组或其他人工确认标记。；承重/结构形式/安全认证缺失；needs_human_review,按备注补齐缺失信息，或确认该分组是否应继续保留人工复核。
ISSUE-01510,needs_human_review,medium,手提式LED探照灯,工具器具/其他/照明工具,REVIEW-MAT-02317,REVIEW-MAT-02317,Sheet1:3596,个,结构: 手提式；光源: LED,该物料存在低精度、需复核分组或其他人工确认标记。；功率/亮度/续航缺失；needs_human_review,按备注补齐缺失信息，或确认该分组是否应继续保留人工复核。
ISSUE-01511,needs_human_review,medium,聚氨酯泡沫填缝剂,化工油漆胶粘/其他/密封填缝材料,REVIEW-MAT-02318,REVIEW-MAT-02318,Sheet1:3597,瓶,材质: 聚氨酯泡沫；用途: 填缝,该物料存在低精度、需复核分组或其他人工确认标记。；品牌/容量/SDS缺失；needs_human_review,按备注补齐缺失信息，或确认该分组是否应继续保留人工复核。
ISSUE-01512,needs_human_review,medium,不锈钢电动法兰蝶阀,阀门/其他/蝶阀,REVIEW-MAT-02322,REVIEW-MAT-02322,Sheet1:3601,个,材质: 304；结构: 重体；驱动: 电动；连接: 法兰；公称通径: DN80,该物料存在低精度、需复核分组或其他人工确认标记。；电压/压力等级/密封材质缺失；needs_human_review,按备注补齐缺失信息，或确认该分组是否应继续保留人工复核。
ISSUE-01513,needs_human_review,medium,双柱黄油枪,润滑系统/润滑设备配件/润滑泵管路,REVIEW-MAT-02326,REVIEW-MAT-02326,Sheet1:3612,把,结构: 双柱,该物料存在低精度、需复核分组或其他人工确认标记。；容量/压力/接口缺失；needs_human_review,按备注补齐缺失信息，或确认该分组是否应继续保留人工复核。
ISSUE-01514,needs_human_review,medium,消防枪头,消防器材/消防管件与接头/消防接头,REVIEW-MAT-02334,REVIEW-MAT-02334,Sheet1:3629,个,规格: 50,该物料存在低精度、需复核分组或其他人工确认标记。；材质/接口标准/压力等级缺失；needs_human_review,按备注补齐缺失信息，或确认该分组是否应继续保留人工复核。
ISSUE-01515,needs_human_review,medium,消防管快速接头,消防器材/消防管件与接头/消防接头,REVIEW-MAT-02335,REVIEW-MAT-02335,Sheet1:3630,个,规格: 65；类型: 快接,该物料存在低精度、需复核分组或其他人工确认标记。；材质/接口标准/压力等级缺失；needs_human_review,按备注补齐缺失信息，或确认该分组是否应继续保留人工复核。
ISSUE-01516,needs_human_review,medium,吸油棉,环保/环保设备耗材/环保设备耗材,REVIEW-MAT-02336,REVIEW-MAT-02336,Sheet1:3631,张,尺寸: 40cm*50cm*5mm,该物料存在低精度、需复核分组或其他人工确认标记。；吸附容量/材质缺失；needs_human_review,按备注补齐缺失信息，或确认该分组是否应继续保留人工复核。
ISSUE-01517,needs_human_review,medium,高压清洗机喷嘴,行政办公与清洁/其他/清洗机配件,REVIEW-MAT-02337,REVIEW-MAT-02337,Sheet1:3633,个,角度: 0度；原始: 喷咀,该物料存在低精度、需复核分组或其他人工确认标记。；接口规格/压力等级缺失；needs_human_review,按备注补齐缺失信息，或确认该分组是否应继续保留人工复核。
ISSUE-01518,needs_human_review,medium,割嘴,焊接焊割/焊割耗材/割嘴焊嘴,REVIEW-MAT-02338,REVIEW-MAT-02338,Sheet1:3634,个,型号: G01-100；规格: 2号；原始: 割咀,该物料存在低精度、需复核分组或其他人工确认标记。；适用气体/品牌缺失；needs_human_review,按备注补齐缺失信息，或确认该分组是否应继续保留人工复核。
ISSUE-01519,needs_human_review,medium,老虎钳,工具器具/手动工具/钳剪刀锤,REVIEW-MAT-02342,REVIEW-MAT-02342,Sheet1:3638,把,规格: 7寸,该物料存在低精度、需复核分组或其他人工确认标记。；品牌/材质缺失；needs_human_review,按备注补齐缺失信息，或确认该分组是否应继续保留人工复核。
ISSUE-01520,needs_human_review,medium,浸塑手套,劳保用品/手部防护/手套,REVIEW-MAT-02343,REVIEW-MAT-02343,Sheet1:3639,付,工艺: 浸塑,该物料存在低精度、需复核分组或其他人工确认标记。；材质/尺码/防护等级缺失；needs_human_review,按备注补齐缺失信息，或确认该分组是否应继续保留人工复核。
ISSUE-01521,needs_human_review,medium,焊罩镜片,焊接焊割/其他/焊罩配件,REVIEW-MAT-02350,REVIEW-MAT-02350,Sheet1:3650,盒,颜色: 黑色,该物料存在低精度、需复核分组或其他人工确认标记。；遮光号/尺寸/每盒数量缺失；needs_human_review,按备注补齐缺失信息，或确认该分组是否应继续保留人工复核。
ISSUE-01522,needs_human_review,medium,散装水泥,工程建材/水泥砂石/水泥砂石,REVIEW-MAT-02355,REVIEW-MAT-02355,Sheet1:3662；Sheet1:3664；Sheet1:3666,吨,包装: 散装；强度等级: 42.5,该物料存在低精度、需复核分组或其他人工确认标记。；水泥类型/品牌缺失 | 与3662同类，水泥类型/品牌缺失；needs_human_review,按备注补齐缺失信息，或确认该分组是否应继续保留人工复核。
