conflict_type,standard_name,canonical_group_path,unit_values,specs_values,candidate_codes,source_rows,reason
specs_conflict,内六角螺丝,五金备件/其他/紧固件,套,规格: 10*40；类型: 内六角 || 规格: 16*50；类型: 内六角,REVIEW-MAT-00323；REVIEW-MAT-00324,Sheet1:555；Sheet1:558,同一标准名称和规范分组下存在多个规格签名；已保守拆开，需人工确认是否为不同物料。
specs_conflict,平垫片,五金备件/其他/紧固件,个,规格: 14 || 规格: M30 || 规格: M27,REVIEW-MAT-00459；REVIEW-MAT-00645；REVIEW-MAT-00649,Sheet1:1178；Sheet1:1182；Sheet1:793,同一标准名称和规范分组下存在多个规格签名；已保守拆开，需人工确认是否为不同物料。
low_precision_conflict,平垫片,五金备件/其他/紧固件,个,规格: 14 || 规格: M30 || 规格: M27,REVIEW-MAT-00459；REVIEW-MAT-00645；REVIEW-MAT-00649,Sheet1:1178；Sheet1:1182；Sheet1:793,低精度/缺规格项与高精度项同时存在；低精度项已保留 needs_human_review。
specs_conflict,弹簧垫片,五金备件/其他/紧固件,个,规格: 14 || 规格: M30 || 规格: M27,REVIEW-MAT-00460；REVIEW-MAT-00646；REVIEW-MAT-00650,Sheet1:1179；Sheet1:1183；Sheet1:794,同一标准名称和规范分组下存在多个规格签名；已保守拆开，需人工确认是否为不同物料。
specs_conflict,膨胀螺丝,五金备件/其他/紧固件,支；个,规格: 14*120 || 规格: 10*70；别名: 爆炸螺丝 || 规格: M12*80 || 规格: M20*140 || 规格: M22*140 || 规格: 8*60 || 规格: 6厘,REVIEW-MAT-00117；REVIEW-MAT-00406；REVIEW-MAT-00471；REVIEW-MAT-00728；REVIEW-MAT-00729；REVIEW-MAT-00752；REVIEW-MAT-00767,Sheet1:1340；Sheet1:1341；Sheet1:1383；Sheet1:1409；Sheet1:191；Sheet1:704；Sheet1:824,同一标准名称和规范分组下存在多个规格签名；已保守拆开，需人工确认是否为不同物料。
low_precision_conflict,膨胀螺丝,五金备件/其他/紧固件,支；个,规格: 14*120 || 规格: 10*70；别名: 爆炸螺丝 || 规格: M12*80 || 规格: M20*140 || 规格: M22*140 || 规格: 8*60 || 规格: 6厘,REVIEW-MAT-00117；REVIEW-MAT-00406；REVIEW-MAT-00471；REVIEW-MAT-00728；REVIEW-MAT-00729；REVIEW-MAT-00752；REVIEW-MAT-00767,Sheet1:1340；Sheet1:1341；Sheet1:1383；Sheet1:1409；Sheet1:191；Sheet1:704；Sheet1:824,低精度/缺规格项与高精度项同时存在；低精度项已保留 needs_human_review。
specs_conflict,螺丝,五金备件/其他/紧固件,套；个,规格: 16*50 || 规格: 14*50 || 规格: 8*250 || 规格: 8*30 || 规格: 16*30 || 规格: 12*60 || 规格: 12*50 || 规格: M20*120 || 规格: 14*180 || 规格: M30*100 || 规格: M27*120 || 规格: 12*40 || 规格: M20*130 || 规格: M20*35 || 规格: M20*40 || 规格: 22*100 || 规格: 16*160,REVIEW-MAT-00178；REVIEW-MAT-00180；REVIEW-MAT-00199；REVIEW-MAT-00221；REVIEW-MAT-00222；REVIEW-MAT-00223；REVIEW-MAT-00226；REVIEW-MAT-00338；REVIEW-MAT-00457；REVIEW-MAT-00643；REVIEW-MAT-00647；REVIEW-MAT-00651；REVIEW-MAT-00746；REVIEW-MAT-00747；REVIEW-MAT-00748；REVIEW-MAT-00757；REVIEW-MAT-00765,Sheet1:1176；Sheet1:1180；Sheet1:1189；Sheet1:1363；Sheet1:1371；Sheet1:1372；Sheet1:1373；Sheet1:1374；Sheet1:1388；Sheet1:1405；Sheet1:314；Sheet1:319；Sheet1:320；Sheet1:357；Sheet1:393；Sheet1:394；Sheet1:395；Sheet1:398；Sheet1:407；Sheet1:578；Sheet1:597；Sheet1:791,同一标准名称和规范分组下存在多个规格签名；已保守拆开，需人工确认是否为不同物料。
specs_conflict,螺母,五金备件/其他/紧固件,个,规格: M4 || 规格: M5 || 规格: 14 || 规格: 16 || 规格: M30 || 规格: M27 || 规格: 22,REVIEW-MAT-00367；REVIEW-MAT-00368；REVIEW-MAT-00458；REVIEW-MAT-00503；REVIEW-MAT-00644；REVIEW-MAT-00648；REVIEW-MAT-00758,Sheet1:1177；Sheet1:1181；Sheet1:1389；Sheet1:1406；Sheet1:636；Sheet1:637；Sheet1:792；Sheet1:888,同一标准名称和规范分组下存在多个规格签名；已保守拆开，需人工确认是否为不同物料。
low_precision_conflict,螺母,五金备件/其他/紧固件,个,规格: M4 || 规格: M5 || 规格: 14 || 规格: 16 || 规格: M30 || 规格: M27 || 规格: 22,REVIEW-MAT-00367；REVIEW-MAT-00368；REVIEW-MAT-00458；REVIEW-MAT-00503；REVIEW-MAT-00644；REVIEW-MAT-00648；REVIEW-MAT-00758,Sheet1:1177；Sheet1:1181；Sheet1:1389；Sheet1:1406；Sheet1:636；Sheet1:637；Sheet1:792；Sheet1:888,低精度/缺规格项与高精度项同时存在；低精度项已保留 needs_human_review。
specs_conflict,铁钉,五金备件/其他/紧固件,斤；KG,长度: 2寸 || 规格: 3寸,REVIEW-MAT-00023；REVIEW-MAT-00485,Sheet1:38；Sheet1:845,同一标准名称和规范分组下存在多个规格签名；已保守拆开，需人工确认是否为不同物料。
low_precision_conflict,铁钉,五金备件/其他/紧固件,斤；KG,长度: 2寸 || 规格: 3寸,REVIEW-MAT-00023；REVIEW-MAT-00485,Sheet1:38；Sheet1:845,低精度/缺规格项与高精度项同时存在；低精度项已保留 needs_human_review。
specs_conflict,鱼尾螺丝,五金备件/其他/紧固件,套,规格: M10*60 || 规格: M14*70 || 规格: M16*90,REVIEW-MAT-00267；REVIEW-MAT-00268；REVIEW-MAT-00269,Sheet1:462；Sheet1:463；Sheet1:464,同一标准名称和规范分组下存在多个规格签名；已保守拆开，需人工确认是否为不同物料。
specs_conflict,铁丝,五金备件/其他/金属丝,kg；公斤；KG,材质: 铁 || 规格: 14#；材质: 铁 || 规格: 12#；材质: 铁,REVIEW-MAT-00924；REVIEW-MAT-01401；REVIEW-MAT-01657；REVIEW-MAT-02200,Sheet1:1617；Sheet1:2189；Sheet1:2282；Sheet1:2339；Sheet1:2661；Sheet1:2863；Sheet1:3421,同一标准名称和规范分组下存在多个规格签名；已保守拆开，需人工确认是否为不同物料。
unit_conflict,铁丝,五金备件/其他/金属丝,kg；公斤,材质: 铁,REVIEW-MAT-00924；REVIEW-MAT-01401,Sheet1:1617；Sheet1:2189；Sheet1:2282；Sheet1:2339,同一标准名称、规范分组和规格下存在非同义单位；未自动合并。
specs_conflict,铁丝,五金备件/其他/金属丝材,KG；公斤,规格: 12号 || 规格: 14号 || 规格: 12# || 规格: 14#,REVIEW-MAT-00259；REVIEW-MAT-00260；REVIEW-MAT-00357；REVIEW-MAT-00358；REVIEW-MAT-00551,Sheet1:444；Sheet1:445；Sheet1:623；Sheet1:624；Sheet1:774；Sheet1:894；Sheet1:895；Sheet1:999,同一标准名称和规范分组下存在多个规格签名；已保守拆开，需人工确认是否为不同物料。
unit_conflict,铁丝,五金备件/其他/金属丝材,KG；公斤,规格: 14号,REVIEW-MAT-00260；REVIEW-MAT-00551,Sheet1:445；Sheet1:895；Sheet1:999,同一标准名称、规范分组和规格下存在非同义单位；未自动合并。
low_precision_conflict,铁丝,五金备件/其他/金属丝材,KG；公斤,规格: 12号 || 规格: 14号 || 规格: 12# || 规格: 14#,REVIEW-MAT-00259；REVIEW-MAT-00260；REVIEW-MAT-00357；REVIEW-MAT-00358；REVIEW-MAT-00551,Sheet1:444；Sheet1:445；Sheet1:623；Sheet1:624；Sheet1:774；Sheet1:894；Sheet1:895；Sheet1:999,低精度/缺规格项与高精度项同时存在；低精度项已保留 needs_human_review。
specs_conflict,黑扎丝,五金备件/其他/金属丝材,米,直径: 1mm；颜色: 黑色 || 直径: 2mm；颜色: 黑色,REVIEW-MAT-00533；REVIEW-MAT-00534,Sheet1:951；Sheet1:952,同一标准名称和规范分组下存在多个规格签名；已保守拆开，需人工确认是否为不同物料。
specs_conflict,不锈钢合页,五金备件/其他/门窗五金,套；付；副,材质: 不锈钢；规格: 4寸 || 材质: 不锈钢；规格: 6寸 || 材质: 不锈钢；规格: 5寸 || 规格: 110；材质: 不锈钢 || 材质: 不锈钢；类型: 合页,REVIEW-MAT-00024；REVIEW-MAT-00148；REVIEW-MAT-00149；REVIEW-MAT-00740；REVIEW-MAT-01934,Sheet1:1362；Sheet1:261；Sheet1:262；Sheet1:3070；Sheet1:39；Sheet1:58,同一标准名称和规范分组下存在多个规格签名；已保守拆开，需人工确认是否为不同物料。
low_precision_conflict,不锈钢合页,五金备件/其他/门窗五金,套；付；副,材质: 不锈钢；规格: 4寸 || 材质: 不锈钢；规格: 6寸 || 材质: 不锈钢；规格: 5寸 || 规格: 110；材质: 不锈钢 || 材质: 不锈钢；类型: 合页,REVIEW-MAT-00024；REVIEW-MAT-00148；REVIEW-MAT-00149；REVIEW-MAT-00740；REVIEW-MAT-01934,Sheet1:1362；Sheet1:261；Sheet1:262；Sheet1:3070；Sheet1:39；Sheet1:58,低精度/缺规格项与高精度项同时存在；低精度项已保留 needs_human_review。
unit_conflict,不锈钢插销,五金备件/其他/门窗五金,个；套,材质: 不锈钢,REVIEW-MAT-00052；REVIEW-MAT-00069,Sheet1:107；Sheet1:82,同一标准名称、规范分组和规格下存在非同义单位；未自动合并。
low_precision_conflict,不锈钢插销,五金备件/其他/门窗五金,个；套,材质: 不锈钢,REVIEW-MAT-00052；REVIEW-MAT-00069,Sheet1:107；Sheet1:82,低精度/缺规格项与高精度项同时存在；低精度项已保留 needs_human_review。
specs_conflict,加厚铁合页,五金备件/其他/门窗五金,付,材质: 铁；规格: 4寸；特征: 加厚 || 材质: 铁；规格: 5寸；特征: 加厚,REVIEW-MAT-00163；REVIEW-MAT-00164,Sheet1:296；Sheet1:297,同一标准名称和规范分组下存在多个规格签名；已保守拆开，需人工确认是否为不同物料。
specs_conflict,插销,五金备件/其他/门窗五金,付；套,规格: 4寸 || 规格: 300；类型: 插销,REVIEW-MAT-00056；REVIEW-MAT-01809,Sheet1:2885；Sheet1:87,同一标准名称和规范分组下存在多个规格签名；已保守拆开，需人工确认是否为不同物料。
specs_conflict,闭门器,五金备件/其他/门窗五金,套；个,规格: 大 || 规格: 大号,REVIEW-MAT-00068；REVIEW-MAT-00378,Sheet1:106；Sheet1:657,同一标准名称和规范分组下存在多个规格签名；已保守拆开，需人工确认是否为不同物料。
specs_conflict,不锈钢挂锁,五金备件/门锁锁具/门锁锁具,个；把,材质: 不锈钢；规格: 50 || 材质: 不锈钢；规格: 40 || 材质: 不锈钢；规格: 40；品质: 好 || 规格: 40；材质: 不锈钢；类型: 通用挂锁 || 规格: 40；材质: 不锈钢 || 材质: 不锈钢；类型: 挂锁,REVIEW-MAT-00051；REVIEW-MAT-00060；REVIEW-MAT-00224；REVIEW-MAT-01705；REVIEW-MAT-01807；REVIEW-MAT-01823；REVIEW-MAT-02009,Sheet1:2727；Sheet1:2882；Sheet1:2909；Sheet1:3167；Sheet1:396；Sheet1:81；Sheet1:91,同一标准名称和规范分组下存在多个规格签名；已保守拆开，需人工确认是否为不同物料。
unit_conflict,不锈钢挂锁,五金备件/门锁锁具/门锁锁具,个；把,材质: 不锈钢；规格: 40 || 规格: 40；材质: 不锈钢,REVIEW-MAT-00060；REVIEW-MAT-01807；REVIEW-MAT-02009,Sheet1:2882；Sheet1:3167；Sheet1:91,同一标准名称、规范分组和规格下存在非同义单位；未自动合并。
low_precision_conflict,不锈钢挂锁,五金备件/门锁锁具/门锁锁具,个；把,材质: 不锈钢；规格: 50 || 材质: 不锈钢；规格: 40 || 材质: 不锈钢；规格: 40；品质: 好 || 规格: 40；材质: 不锈钢；类型: 通用挂锁 || 规格: 40；材质: 不锈钢 || 材质: 不锈钢；类型: 挂锁,REVIEW-MAT-00051；REVIEW-MAT-00060；REVIEW-MAT-00224；REVIEW-MAT-01705；REVIEW-MAT-01807；REVIEW-MAT-01823；REVIEW-MAT-02009,Sheet1:2727；Sheet1:2882；Sheet1:2909；Sheet1:3167；Sheet1:396；Sheet1:81；Sheet1:91,低精度/缺规格项与高精度项同时存在；低精度项已保留 needs_human_review。
specs_conflict,不锈钢锁扣,五金备件/门锁锁具/门锁锁具,套,材质: 不锈钢；类型: 锁扣 || 材质: 不锈钢；用途: 外门；类型: 锁扣,REVIEW-MAT-01822；REVIEW-MAT-01937,Sheet1:2908；Sheet1:3074,同一标准名称和规范分组下存在多个规格签名；已保守拆开，需人工确认是否为不同物料。
specs_conflict,万向脚轮,仓储物流/搬运设备/手推车叉车,只,类型: 万向轮 || 类型: 万向车轮,REVIEW-MAT-01730；REVIEW-MAT-01808,Sheet1:2761；Sheet1:2884,同一标准名称和规范分组下存在多个规格签名；已保守拆开，需人工确认是否为不同物料。
specs_conflict,电流表,仪器仪表/其他/电气仪表,只,变比: 600/5A；类型: 电流表 || 品牌: 人民；型号: 6L2；变比: 600/5A,REVIEW-MAT-01560；REVIEW-MAT-01955,Sheet1:2528；Sheet1:3097,同一标准名称和规范分组下存在多个规格签名；已保守拆开，需人工确认是否为不同物料。
specs_conflict,一次性口罩,劳保用品/其他/呼吸防护,个；只,类型: 一次性 || 类型: 一次性口罩,REVIEW-MAT-00243；REVIEW-MAT-01723,Sheet1:1015；Sheet1:2751；Sheet1:2887；Sheet1:423；Sheet1:826,同一标准名称和规范分组下存在多个规格签名；已保守拆开，需人工确认是否为不同物料。
specs_conflict,创可贴,劳保用品/其他/急救用品,个；盒,品类: 创可贴 || 类型: 创可贴,REVIEW-MAT-01134；REVIEW-MAT-01728,Sheet1:1903；Sheet1:2759；Sheet1:3267,同一标准名称和规范分组下存在多个规格签名；已保守拆开，需人工确认是否为不同物料。
low_precision_conflict,创可贴,劳保用品/其他/急救用品,个；盒,品类: 创可贴 || 类型: 创可贴,REVIEW-MAT-01134；REVIEW-MAT-01728,Sheet1:1903；Sheet1:2759；Sheet1:3267,低精度/缺规格项与高精度项同时存在；低精度项已保留 needs_human_review。
unit_conflict,拖把,劳保用品/其他/清洁工具,支；个,类型: 拖把,REVIEW-MAT-00607；REVIEW-MAT-00734,Sheet1:1108；Sheet1:1352,同一标准名称、规范分组和规格下存在非同义单位；未自动合并。
specs_conflict,平光防护眼镜,劳保用品/其他/眼面防护,副；个,类型: 平镜/平光 || 颜色: 白色；镜片: 平光,REVIEW-MAT-00348；REVIEW-MAT-01032,Sheet1:1759；Sheet1:598,同一标准名称和规范分组下存在多个规格签名；已保守拆开，需人工确认是否为不同物料。
specs_conflict,护目镜,劳保用品/其他/眼面防护,付,类型: 多功能护目眼镜 || 类型: 护目眼镜,REVIEW-MAT-01635；REVIEW-MAT-01863,Sheet1:2637；Sheet1:2970；Sheet1:3125,同一标准名称和规范分组下存在多个规格签名；已保守拆开，需人工确认是否为不同物料。
specs_conflict,焊工眼镜,劳保用品/其他/眼面防护,付,用途: 焊工防护 || 用途: 电焊防护 || 用途: 电焊防护；颜色: 白色/灰色,REVIEW-MAT-01755；REVIEW-MAT-01976；REVIEW-MAT-02010,Sheet1:2795；Sheet1:3126；Sheet1:3168,同一标准名称和规范分组下存在多个规格签名；已保守拆开，需人工确认是否为不同物料。
specs_conflict,电焊眼镜,劳保用品/其他/眼面防护,付；副,用途: 电焊 || 用途: 电焊防护,REVIEW-MAT-00189；REVIEW-MAT-00347,Sheet1:1334；Sheet1:338；Sheet1:595,同一标准名称和规范分组下存在多个规格签名；已保守拆开，需人工确认是否为不同物料。
low_precision_conflict,电焊眼镜,劳保用品/其他/眼面防护,付；副,用途: 电焊 || 用途: 电焊防护,REVIEW-MAT-00189；REVIEW-MAT-00347,Sheet1:1334；Sheet1:338；Sheet1:595,低精度/缺规格项与高精度项同时存在；低精度项已保留 needs_human_review。
specs_conflict,防护眼镜,劳保用品/其他/眼面防护,个；付,用途: 打磨 || 颜色: 透明,REVIEW-MAT-00095；REVIEW-MAT-00231,Sheet1:151；Sheet1:403,同一标准名称和规范分组下存在多个规格签名；已保守拆开，需人工确认是否为不同物料。
specs_conflict,油布,劳保用品/其他/覆盖防护,平方；m2,特征: 加厚 || 品类: 油布,REVIEW-MAT-00806；REVIEW-MAT-01036；REVIEW-MAT-01291,Sheet1:1458；Sheet1:1500；Sheet1:1650；Sheet1:1767；Sheet1:1803；Sheet1:1951；Sheet1:2112；Sheet1:2141,同一标准名称和规范分组下存在多个规格签名；已保守拆开，需人工确认是否为不同物料。
unit_conflict,油布,劳保用品/其他/覆盖防护,平方；m2,特征: 加厚,REVIEW-MAT-00806；REVIEW-MAT-01036,Sheet1:1458；Sheet1:1500；Sheet1:1650；Sheet1:1767；Sheet1:1803；Sheet1:1951；Sheet1:2141,同一标准名称、规范分组和规格下存在非同义单位；未自动合并。
low_precision_conflict,油布,劳保用品/其他/覆盖防护,平方；m2,特征: 加厚 || 品类: 油布,REVIEW-MAT-00806；REVIEW-MAT-01036；REVIEW-MAT-01291,Sheet1:1458；Sheet1:1500；Sheet1:1650；Sheet1:1767；Sheet1:1803；Sheet1:1951；Sheet1:2112；Sheet1:2141,低精度/缺规格项与高精度项同时存在；低精度项已保留 needs_human_review。
specs_conflict,雨鞋,劳保用品/其他/足部防护,双,品牌: 回力；特征: 厚底 || 品牌: 回力；类型: 雨鞋 || 品牌: 回力；特征: 加厚 || 品牌: 回力,REVIEW-MAT-00712；REVIEW-MAT-01031；REVIEW-MAT-01130；REVIEW-MAT-01237,Sheet1:1308；Sheet1:1757；Sheet1:1899；Sheet1:1969；Sheet1:2047,同一标准名称和规范分组下存在多个规格签名；已保守拆开，需人工确认是否为不同物料。
specs_conflict,一次性雨衣,劳保用品/其他/雨具,套；件；个,类型: 一次性 || 类型: 一次性；特征: 加厚 || 类型: 一次性雨衣 || 特征: 加厚；类型: 一次性雨衣,REVIEW-MAT-00472；REVIEW-MAT-00813；REVIEW-MAT-01079；REVIEW-MAT-01138；REVIEW-MAT-01870；REVIEW-MAT-01941,Sheet1:1466；Sheet1:1829；Sheet1:1913；Sheet1:2978；Sheet1:3078；Sheet1:3103；Sheet1:825；Sheet1:885,同一标准名称和规范分组下存在多个规格签名；已保守拆开，需人工确认是否为不同物料。
unit_conflict,一次性雨衣,劳保用品/其他/雨具,件；套；个,类型: 一次性；特征: 加厚,REVIEW-MAT-00813；REVIEW-MAT-01079；REVIEW-MAT-01138,Sheet1:1466；Sheet1:1829；Sheet1:1913,同一标准名称、规范分组和规格下存在非同义单位；未自动合并。
low_precision_conflict,一次性雨衣,劳保用品/其他/雨具,套；件；个,类型: 一次性 || 类型: 一次性；特征: 加厚 || 类型: 一次性雨衣 || 特征: 加厚；类型: 一次性雨衣,REVIEW-MAT-00472；REVIEW-MAT-00813；REVIEW-MAT-01079；REVIEW-MAT-01138；REVIEW-MAT-01870；REVIEW-MAT-01941,Sheet1:1466；Sheet1:1829；Sheet1:1913；Sheet1:2978；Sheet1:3078；Sheet1:3103；Sheet1:825；Sheet1:885,低精度/缺规格项与高精度项同时存在；低精度项已保留 needs_human_review。
specs_conflict,布手套,劳保用品/手部防护/手套,双,特征: 加厚、双层 || 材质: 布；结构: 双层；特征: 加厚 || 材质: 布；特征: 加厚,REVIEW-MAT-00356；REVIEW-MAT-01294；REVIEW-MAT-01384,Sheet1:2120；Sheet1:2250；Sheet1:622,同一标准名称和规范分组下存在多个规格签名；已保守拆开，需人工确认是否为不同物料。
low_precision_conflict,布手套,劳保用品/手部防护/手套,双,特征: 加厚、双层 || 材质: 布；结构: 双层；特征: 加厚 || 材质: 布；特征: 加厚,REVIEW-MAT-00356；REVIEW-MAT-01294；REVIEW-MAT-01384,Sheet1:2120；Sheet1:2250；Sheet1:622,低精度/缺规格项与高精度项同时存在；低精度项已保留 needs_human_review。
specs_conflict,帆布手套,劳保用品/手部防护/手套,双；付,类型: 双重/双层帆布 || 特征: 加厚、双层 || 材质: 帆布；特征: 加厚、双层 || 材质: 帆布；结构: 双层 || 材质: 帆布；结构: 双层；特征: 加厚 || 材质: 帆布,REVIEW-MAT-00083；REVIEW-MAT-00220；REVIEW-MAT-00634；REVIEW-MAT-01028；REVIEW-MAT-01052；REVIEW-MAT-01636；REVIEW-MAT-02321,Sheet1:1163；Sheet1:131；Sheet1:1754；Sheet1:1758；Sheet1:1794；Sheet1:2298；Sheet1:2638；Sheet1:2793；Sheet1:2814；Sheet1:2847；Sheet1:3022；Sheet1:3080；Sheet1:3098；Sheet1:3353；Sheet1:3408；Sheet1:3600；Sheet1:3641；Sheet1:384,同一标准名称和规范分组下存在多个规格签名；已保守拆开，需人工确认是否为不同物料。
low_precision_conflict,帆布手套,劳保用品/手部防护/手套,双；付,类型: 双重/双层帆布 || 特征: 加厚、双层 || 材质: 帆布；特征: 加厚、双层 || 材质: 帆布；结构: 双层 || 材质: 帆布；结构: 双层；特征: 加厚 || 材质: 帆布,REVIEW-MAT-00083；REVIEW-MAT-00220；REVIEW-MAT-00634；REVIEW-MAT-01028；REVIEW-MAT-01052；REVIEW-MAT-01636；REVIEW-MAT-02321,Sheet1:1163；Sheet1:131；Sheet1:1754；Sheet1:1758；Sheet1:1794；Sheet1:2298；Sheet1:2638；Sheet1:2793；Sheet1:2814；Sheet1:2847；Sheet1:3022；Sheet1:3080；Sheet1:3098；Sheet1:3353；Sheet1:3408；Sheet1:3600；Sheet1:3641；Sheet1:384,低精度/缺规格项与高精度项同时存在；低精度项已保留 needs_human_review。
specs_conflict,焊工手套,劳保用品/手部防护/手套,双；付,用途: 电焊防护 || 特征: 加长；用途: 焊工 || 用途: 焊工防护,REVIEW-MAT-00377；REVIEW-MAT-00804；REVIEW-MAT-01864,Sheet1:1169；Sheet1:1456；Sheet1:2971；Sheet1:656,同一标准名称和规范分组下存在多个规格签名；已保守拆开，需人工确认是否为不同物料。
specs_conflict,牛筋手套,劳保用品/手部防护/手套,双；付,材质/类型: 牛筋；特征: 加厚 || 材质/俗称: 牛筋,REVIEW-MAT-00230；REVIEW-MAT-01645,Sheet1:2649；Sheet1:2669；Sheet1:2794；Sheet1:402；Sheet1:572,同一标准名称和规范分组下存在多个规格签名；已保守拆开，需人工确认是否为不同物料。
low_precision_conflict,牛筋手套,劳保用品/手部防护/手套,双；付,材质/类型: 牛筋；特征: 加厚 || 材质/俗称: 牛筋,REVIEW-MAT-00230；REVIEW-MAT-01645,Sheet1:2649；Sheet1:2669；Sheet1:2794；Sheet1:402；Sheet1:572,低精度/缺规格项与高精度项同时存在；低精度项已保留 needs_human_review。
specs_conflict,PET条码不干胶标签,包装与标识/胶带标签/标签碳带,卷,材质: 哑银PET；尺寸: 40mm*25mm；每卷: 1200张 || 材质: 哑银PET；尺寸: 30mm*10mm；每卷: 5000张,REVIEW-MAT-01744；REVIEW-MAT-01745,Sheet1:2781；Sheet1:2782,同一标准名称和规范分组下存在多个规格签名；已保守拆开，需人工确认是否为不同物料。
specs_conflict,透明胶带,包装与标识/胶带标签/胶带,卷,宽度: 5mm；长度: 100米；颜色: 透明 || 品牌: 3M；颜色: 透明 || 颜色: 透明,REVIEW-MAT-00687；REVIEW-MAT-01729；REVIEW-MAT-01992,Sheet1:1258；Sheet1:2760；Sheet1:3143；Sheet1:3149,同一标准名称和规范分组下存在多个规格签名；已保守拆开，需人工确认是否为不同物料。
low_precision_conflict,透明胶带,包装与标识/胶带标签/胶带,卷,宽度: 5mm；长度: 100米；颜色: 透明 || 品牌: 3M；颜色: 透明 || 颜色: 透明,REVIEW-MAT-00687；REVIEW-MAT-01729；REVIEW-MAT-01992,Sheet1:1258；Sheet1:2760；Sheet1:3143；Sheet1:3149,低精度/缺规格项与高精度项同时存在；低精度项已保留 needs_human_review。
specs_conflict,吨袋,包装与标识/袋箱膜包装/袋箱膜,个,规格: 大号 || 承重/容量: 1.5吨,REVIEW-MAT-00258；REVIEW-MAT-00462,Sheet1:443；Sheet1:800；Sheet1:900,同一标准名称和规范分组下存在多个规格签名；已保守拆开，需人工确认是否为不同物料。
specs_conflict,编织袋,包装与标识/袋箱膜包装/袋箱膜,个；条,类型: 编织袋 || 规格: 大号 || 规格: 小号 || 品类: 编织袋 || 规格: 大号；类型: 编织袋 || 尺寸: 0.8m*1.2m,REVIEW-MAT-00424；REVIEW-MAT-00508；REVIEW-MAT-00521；REVIEW-MAT-01238；REVIEW-MAT-02065；REVIEW-MAT-02138,Sheet1:1000；Sheet1:1006；Sheet1:1036；Sheet1:1037；Sheet1:2048；Sheet1:3238；Sheet1:3328；Sheet1:738；Sheet1:878；Sheet1:902；Sheet1:929；Sheet1:930；Sheet1:953；Sheet1:985,同一标准名称和规范分组下存在多个规格签名；已保守拆开，需人工确认是否为不同物料。
specs_conflict,麻袋,包装与标识/袋箱膜包装/袋箱膜,个；条,尺寸: 70*100 || 规格: 大号；类型: 麻袋,REVIEW-MAT-00810；REVIEW-MAT-02066,Sheet1:1463；Sheet1:3239,同一标准名称和规范分组下存在多个规格签名；已保守拆开，需人工确认是否为不同物料。
specs_conflict,油性聚氨酯,化工油漆胶粘/其他/堵漏材料,公斤；桶,类型: 油性；材料: 聚氨酯 || 类型: 油性；材料: 聚氨酯；包装: 10KG,REVIEW-MAT-01370；REVIEW-MAT-01542,Sheet1:2233；Sheet1:2461,同一标准名称和规范分组下存在多个规格签名；已保守拆开，需人工确认是否为不同物料。
specs_conflict,聚氨酯堵漏剂,化工油漆胶粘/其他/堵漏材料,KG；桶,类型: 油性；材质: 聚氨酯 || 类型: 水性；材质: 聚氨酯 || 材料: 聚氨酯；用途: 堵漏；包装: 20KG,REVIEW-MAT-00515；REVIEW-MAT-00516；REVIEW-MAT-01769,Sheet1:1023；Sheet1:1024；Sheet1:1034；Sheet1:2818；Sheet1:915；Sheet1:916；Sheet1:975；Sheet1:976,同一标准名称和规范分组下存在多个规格签名；已保守拆开，需人工确认是否为不同物料。
specs_conflict,防锈润滑剂,化工油漆胶粘/其他/润滑剂,瓶；支,品牌/型号: WD-40 || 品牌/型号: WD-40；功能: 除锈润滑 || 品牌/型号: WD-40；功能: 除锈 || 型号: DM40；功能: 防锈润滑,REVIEW-MAT-00776；REVIEW-MAT-00861；REVIEW-MAT-00883；REVIEW-MAT-01224,Sheet1:1420；Sheet1:1527；Sheet1:1555；Sheet1:2023,同一标准名称和规范分组下存在多个规格签名；已保守拆开，需人工确认是否为不同物料。
specs_conflict,润滑脂,化工油漆胶粘/其他/润滑脂,桶；公斤,俗称: 黄油 || 品牌: 克虏伯；型号: NB52,REVIEW-MAT-00882；REVIEW-MAT-01381,Sheet1:1554；Sheet1:2246,同一标准名称和规范分组下存在多个规格签名；已保守拆开，需人工确认是否为不同物料。
specs_conflict,抗盐膨润土,化工油漆胶粘/其他/膨润土,T；吨,类型: 抗盐膨润土 || 特性: 抗盐,REVIEW-MAT-01510；REVIEW-MAT-01522；REVIEW-MAT-02327,Sheet1:2416；Sheet1:2429；Sheet1:2435；Sheet1:2438；Sheet1:2440；Sheet1:2441；Sheet1:2442；Sheet1:2443；Sheet1:2445；Sheet1:2446；Sheet1:2447；Sheet1:3319；Sheet1:3613,同一标准名称和规范分组下存在多个规格签名；已保守拆开，需人工确认是否为不同物料。
unit_conflict,抗盐膨润土,化工油漆胶粘/其他/膨润土,T；吨,类型: 抗盐膨润土,REVIEW-MAT-01510；REVIEW-MAT-01522,Sheet1:2416；Sheet1:2429；Sheet1:2435；Sheet1:2438；Sheet1:2440；Sheet1:2441；Sheet1:2442；Sheet1:2443；Sheet1:2445；Sheet1:2446；Sheet1:2447；Sheet1:3319,同一标准名称、规范分组和规格下存在非同义单位；未自动合并。
specs_conflict,齿轮油,化工油漆胶粘/油品化学品/润滑油脂,升；个；桶,型号: HL-20 || 包装: 20L；类型: 齿轮油 || 品牌: 长城；品类: 齿轮油；包装: 18L,REVIEW-MAT-00481；REVIEW-MAT-00999；REVIEW-MAT-01489,Sheet1:1716；Sheet1:2392；Sheet1:836,同一标准名称和规范分组下存在多个规格签名；已保守拆开，需人工确认是否为不同物料。
specs_conflict,除锈剂,化工油漆胶粘/油品化学品/清洗化学品,瓶,品牌: WD40；容量: 500mL || 品牌: 陶喜；容量: 450mL || 品牌: WD40；容量: 350mL,REVIEW-MAT-01867；REVIEW-MAT-01880；REVIEW-MAT-01967,Sheet1:2974；Sheet1:2992；Sheet1:2998；Sheet1:3114,同一标准名称和规范分组下存在多个规格签名；已保守拆开，需人工确认是否为不同物料。
specs_conflict,喷漆,化工油漆胶粘/油漆涂料/涂料油漆,支,品牌: 三和；颜色: 黄色 || 品牌: 三和；颜色: 天蓝色,REVIEW-MAT-00217；REVIEW-MAT-00218,Sheet1:381；Sheet1:382,同一标准名称和规范分组下存在多个规格签名；已保守拆开，需人工确认是否为不同物料。
specs_conflict,地坪漆底漆,化工油漆胶粘/油漆涂料/涂料油漆,桶,品牌/系列: 好地坪漆；类型: 底漆 || 品牌/系列: 好地坪漆；类型: 底漆；包装: 20KG,REVIEW-MAT-00399；REVIEW-MAT-00409,Sheet1:694；Sheet1:708,同一标准名称和规范分组下存在多个规格签名；已保守拆开，需人工确认是否为不同物料。
low_precision_conflict,地坪漆底漆,化工油漆胶粘/油漆涂料/涂料油漆,桶,品牌/系列: 好地坪漆；类型: 底漆 || 品牌/系列: 好地坪漆；类型: 底漆；包装: 20KG,REVIEW-MAT-00399；REVIEW-MAT-00409,Sheet1:694；Sheet1:708,低精度/缺规格项与高精度项同时存在；低精度项已保留 needs_human_review。
specs_conflict,油漆,化工油漆胶粘/油漆涂料/涂料油漆,桶,品牌: 立邦；颜色: 蓝色；包装: 18kg || 品牌: 立邦；颜色: 中黄；包装: 18KG || 品牌: 立邦；颜色: 桔黄色；包装: 18kg || 品牌: 立邦；颜色: 白色；包装: 18KG,REVIEW-MAT-01695；REVIEW-MAT-01704；REVIEW-MAT-01781；REVIEW-MAT-02205,Sheet1:2715；Sheet1:2726；Sheet1:2837；Sheet1:3428；Sheet1:3451；Sheet1:3461,同一标准名称和规范分组下存在多个规格签名；已保守拆开，需人工确认是否为不同物料。
low_precision_conflict,油漆,化工油漆胶粘/油漆涂料/涂料油漆,桶,品牌: 立邦；颜色: 蓝色；包装: 18kg || 品牌: 立邦；颜色: 中黄；包装: 18KG || 品牌: 立邦；颜色: 桔黄色；包装: 18kg || 品牌: 立邦；颜色: 白色；包装: 18KG,REVIEW-MAT-01695；REVIEW-MAT-01704；REVIEW-MAT-01781；REVIEW-MAT-02205,Sheet1:2715；Sheet1:2726；Sheet1:2837；Sheet1:3428；Sheet1:3451；Sheet1:3461,低精度/缺规格项与高精度项同时存在；低精度项已保留 needs_human_review。
specs_conflict,稀释剂,化工油漆胶粘/油漆涂料/涂料油漆,桶,品牌: 立邦；包装: 12KG || 包装: 12kg,REVIEW-MAT-01572；REVIEW-MAT-01630,Sheet1:2544；Sheet1:2629；Sheet1:2683；Sheet1:2695；Sheet1:2831；Sheet1:2838；Sheet1:2850；Sheet1:3429,同一标准名称和规范分组下存在多个规格签名；已保守拆开，需人工确认是否为不同物料。
specs_conflict,自喷漆,化工油漆胶粘/油漆涂料/涂料油漆,瓶；支；个,品牌: 三和；颜色: 灰色；类型: 自喷漆 || 品牌: 三和；颜色: 黑色；类型: 自喷漆 || 品牌: 三和；颜色: 翠绿色；类型: 自喷漆 || 颜色: 中黄；类型: 自喷漆 || 颜色: 白色；类型: 喷漆 || 颜色: 红色；类型: 自喷漆 || 颜色: 绿色 || 颜色: 中黄 || 品牌: 三和；颜色: 灰色 || 颜色: 天蓝色 || 颜色: 黑色 || 颜色: 葱绿色 || 颜色: 白色 || 颜色: 中灰色 || 颜色: 红色 || 品牌: 威粤；颜色: 白色；原始: 自动喷漆,REVIEW-MAT-00293；REVIEW-MAT-00294；REVIEW-MAT-00411；REVIEW-MAT-00412；REVIEW-MAT-00638；REVIEW-MAT-00744；REVIEW-MAT-00964；REVIEW-MAT-01010；REVIEW-MAT-01242；REVIEW-MAT-01564；REVIEW-MAT-01567；REVIEW-MAT-01600；REVIEW-MAT-01681；REVIEW-MAT-01682；REVIEW-MAT-01698；REVIEW-MAT-01706；REVIEW-MAT-01707；REVIEW-MAT-01724；REVIEW-MAT-02215,Sheet1:1167；Sheet1:1367；Sheet1:1671；Sheet1:1727；Sheet1:2054；Sheet1:2532；Sheet1:2536；Sheet1:2583；Sheet1:2691；Sheet1:2692；Sheet1:2718；Sheet1:2719；Sheet1:2729；Sheet1:2730；Sheet1:2752；Sheet1:3021；Sheet1:3038；Sheet1:3228；Sheet1:3246；Sheet1:3447；Sheet1:497；Sheet1:499；Sheet1:714；Sheet1:715,同一标准名称和规范分组下存在多个规格签名；已保守拆开，需人工确认是否为不同物料。
unit_conflict,自喷漆,化工油漆胶粘/油漆涂料/涂料油漆,瓶；支,品牌: 三和；颜色: 灰色；类型: 自喷漆,REVIEW-MAT-00293；REVIEW-MAT-00638,Sheet1:1167；Sheet1:497,同一标准名称、规范分组和规格下存在非同义单位；未自动合并。
unit_conflict,自喷漆,化工油漆胶粘/油漆涂料/涂料油漆,瓶；个；支,颜色: 白色；类型: 喷漆,REVIEW-MAT-00744；REVIEW-MAT-00964；REVIEW-MAT-01242,Sheet1:1367；Sheet1:1671；Sheet1:2054,同一标准名称、规范分组和规格下存在非同义单位；未自动合并。
specs_conflict,调和油漆,化工油漆胶粘/油漆涂料/涂料油漆,桶,颜色: 铁红 || 颜色: 白色；类型: 调和油漆,REVIEW-MAT-00200；REVIEW-MAT-00206,Sheet1:359；Sheet1:367,同一标准名称和规范分组下存在多个规格签名；已保守拆开，需人工确认是否为不同物料。
specs_conflict,调和漆,化工油漆胶粘/油漆涂料/涂料油漆,桶,颜色: 白色；类型: 调和漆 || 颜色: 黄色；类型: 调和漆 || 颜色: 铁红；类型: 调和漆 || 颜色: 黑色；类型: 调和漆 || 颜色: 红色；类型: 调和漆 || 颜色: 中黄；类型: 调和漆,REVIEW-MAT-00261；REVIEW-MAT-00311；REVIEW-MAT-00312；REVIEW-MAT-00509；REVIEW-MAT-00628；REVIEW-MAT-00629,Sheet1:1123；Sheet1:1151；Sheet1:1152；Sheet1:1153；Sheet1:447；Sheet1:471；Sheet1:533；Sheet1:534；Sheet1:577；Sheet1:621；Sheet1:903；Sheet1:907；Sheet1:923；Sheet1:980；Sheet1:981,同一标准名称和规范分组下存在多个规格签名；已保守拆开，需人工确认是否为不同物料。
specs_conflict,防水乳胶漆,化工油漆胶粘/油漆涂料/涂料油漆,桶,品牌: 立邦；特性: 防水；包装: 18KG || 品牌: 立邦；颜色: 白色；特性: 防水；包装: 18KG,REVIEW-MAT-01922；REVIEW-MAT-01924,Sheet1:3054；Sheet1:3056；Sheet1:3059,同一标准名称和规范分组下存在多个规格签名；已保守拆开，需人工确认是否为不同物料。
specs_conflict,防锈漆,化工油漆胶粘/油漆涂料/涂料油漆,桶,颜色: 铁红；类型: 防锈漆 || 品牌: 立邦；颜色: 白色；包装: 18KG || 品牌: 立邦；颜色: 桔黄色；包装: 18kg || 品牌: 立邦；颜色: 深黄；包装: 18KG || 品牌: 立邦；颜色: 黑色；包装: 18KG || 品牌: 立邦；颜色: 大红；包装: 18KG || 品牌: 立邦；颜色: 淡黄灰；包装: 18KG || 品牌: 立邦；颜色: 桔红；包装: 18KG || 品牌: 立邦；颜色: 铁红；包装: 18KG || 品牌: 立邦；颜色: 中灰；包装: 18KG,REVIEW-MAT-00245；REVIEW-MAT-01571；REVIEW-MAT-01622；REVIEW-MAT-01624；REVIEW-MAT-01625；REVIEW-MAT-01626；REVIEW-MAT-01627；REVIEW-MAT-01628；REVIEW-MAT-01629；REVIEW-MAT-01779,Sheet1:2543；Sheet1:2620；Sheet1:2622；Sheet1:2623；Sheet1:2624；Sheet1:2625；Sheet1:2626；Sheet1:2627；Sheet1:2628；Sheet1:2786；Sheet1:2829；Sheet1:2830；Sheet1:2849；Sheet1:2977；Sheet1:425,同一标准名称和规范分组下存在多个规格签名；已保守拆开，需人工确认是否为不同物料。
specs_conflict,AB胶,化工油漆胶粘/胶粘密封/胶粘剂,套；支,品牌/型号: 卡夹特；类型: AB胶 || 品牌: 三和；类型: AB胶,REVIEW-MAT-00299；REVIEW-MAT-01592,Sheet1:2572；Sheet1:512,同一标准名称和规范分组下存在多个规格签名；已保守拆开，需人工确认是否为不同物料。
specs_conflict,PVC胶水,化工油漆胶粘/胶粘密封/胶粘剂,瓶,品牌: 公元；包装: 1KG；用途: PVC粘接 || 用途: PVC粘接,REVIEW-MAT-01552；REVIEW-MAT-02128,Sheet1:2519；Sheet1:3313,同一标准名称和规范分组下存在多个规格签名；已保守拆开，需人工确认是否为不同物料。
specs_conflict,泡沫双面胶,化工油漆胶粘/胶粘密封/胶粘剂,件；卷,基材: 泡沫；类型: 双面胶 || 特征: 厚；类型: 泡沫双面胶,REVIEW-MAT-00564；REVIEW-MAT-01202,Sheet1:1030；Sheet1:1996,同一标准名称和规范分组下存在多个规格签名；已保守拆开，需人工确认是否为不同物料。
specs_conflict,玻璃胶,化工油漆胶粘/胶粘密封/胶粘剂,支,颜色: 白色 || 颜色: 白色；类型: 玻璃胶 || 品牌: 道康宁,REVIEW-MAT-00314；REVIEW-MAT-01034；REVIEW-MAT-02160,Sheet1:1764；Sheet1:3365；Sheet1:537,同一标准名称和规范分组下存在多个规格签名；已保守拆开，需人工确认是否为不同物料。
specs_conflict,聚氨酯密封胶,化工油漆胶粘/胶粘密封/胶粘剂,支,品牌: 普赛达；材料: 聚氨酯；容量: 600mL || 品牌: 普赛达；材料: 聚氨酯,REVIEW-MAT-01482；REVIEW-MAT-01515,Sheet1:2385；Sheet1:2420；Sheet1:2422；Sheet1:2432；Sheet1:2580,同一标准名称和规范分组下存在多个规格签名；已保守拆开，需人工确认是否为不同物料。
unit_conflict,螺纹锁固胶,化工油漆胶粘/胶粘密封/胶粘剂,只；瓶,品牌: 乐泰；型号: 243,REVIEW-MAT-01612；REVIEW-MAT-02123,Sheet1:2596；Sheet1:2601；Sheet1:3308,同一标准名称、规范分组和规格下存在非同义单位；未自动合并。
specs_conflict,鸭嘴吊具,吊装索具/其他/吊具,个,载荷: 20T；类型: 鸭嘴吊具 || 额定载荷: 20T；型式: 鸭嘴；功能: 万能,REVIEW-MAT-00760；REVIEW-MAT-01192,Sheet1:1395；Sheet1:1982,同一标准名称和规范分组下存在多个规格签名；已保守拆开，需人工确认是否为不同物料。
specs_conflict,花篮螺丝,吊装索具/其他/拉紧器,个,规格: M20；类型: 花篮 || 规格: 10厘,REVIEW-MAT-00474；REVIEW-MAT-00732,Sheet1:1346；Sheet1:829,同一标准名称和规范分组下存在多个规格签名；已保守拆开，需人工确认是否为不同物料。
specs_conflict,花篮螺栓,吊装索具/其他/紧固调节,个；套,规格: 14*200 || 规格: 10厘,REVIEW-MAT-01303；REVIEW-MAT-01306,Sheet1:2137；Sheet1:2140,同一标准名称和规范分组下存在多个规格签名；已保守拆开，需人工确认是否为不同物料。
specs_conflict,手扳葫芦,吊装索具/其他/葫芦,台；个,额定载荷: 2T；链长: 6米 || 额定载荷: 1.6T；链长: 6米,REVIEW-MAT-01024；REVIEW-MAT-01113,Sheet1:1749；Sheet1:1878,同一标准名称和规范分组下存在多个规格签名；已保守拆开，需人工确认是否为不同物料。
specs_conflict,手拉葫芦,吊装索具/其他/葫芦,台,品牌/标识: 三角；额定载荷: 1T；链长: 6米 || 品牌/标识: 三角；额定载荷: 2T；链长: 6米 || 额定载荷: 2T；链长: 3米,REVIEW-MAT-01273；REVIEW-MAT-01274；REVIEW-MAT-01417,Sheet1:2090；Sheet1:2091；Sheet1:2305,同一标准名称和规范分组下存在多个规格签名；已保守拆开，需人工确认是否为不同物料。
specs_conflict,钢板起重钳,吊装索具/其他/钢板夹,个,额定载荷: 2T || 额定载荷: 3.2T,REVIEW-MAT-01068；REVIEW-MAT-01069,Sheet1:1814；Sheet1:1815,同一标准名称和规范分组下存在多个规格签名；已保守拆开，需人工确认是否为不同物料。
specs_conflict,吊带,吊装索具/吊带索具/吊带,付；条,载荷: 2T；长度: 1.5米 || 载荷: 5T；长度: 6米 || 载荷: 5T；长度: 3米 || 载荷: 3T；长度: 3米 || 载荷: 5T；长度: 8米 || 载荷: 5吨；长度: 6m || 载荷: 20T；长度: 6米；原名含“好”,REVIEW-MAT-00159；REVIEW-MAT-00387；REVIEW-MAT-00388；REVIEW-MAT-00389；REVIEW-MAT-00434；REVIEW-MAT-00624；REVIEW-MAT-00678,Sheet1:1144；Sheet1:1244；Sheet1:281；Sheet1:680；Sheet1:681；Sheet1:682；Sheet1:751,同一标准名称和规范分组下存在多个规格签名；已保守拆开，需人工确认是否为不同物料。
low_precision_conflict,吊带,吊装索具/吊带索具/吊带,付；条,载荷: 2T；长度: 1.5米 || 载荷: 5T；长度: 6米 || 载荷: 5T；长度: 3米 || 载荷: 3T；长度: 3米 || 载荷: 5T；长度: 8米 || 载荷: 5吨；长度: 6m || 载荷: 20T；长度: 6米；原名含“好”,REVIEW-MAT-00159；REVIEW-MAT-00387；REVIEW-MAT-00388；REVIEW-MAT-00389；REVIEW-MAT-00434；REVIEW-MAT-00624；REVIEW-MAT-00678,Sheet1:1144；Sheet1:1244；Sheet1:281；Sheet1:680；Sheet1:681；Sheet1:682；Sheet1:751,低精度/缺规格项与高精度项同时存在；低精度项已保留 needs_human_review。
specs_conflict,吊装带,吊装索具/吊带索具/吊带,根,额定载荷: 5T；长度: 6m || 额定载荷: 5T；长度: 3m || 额定载荷: 3T；长度: 2m || 额定载荷: 2T；长度: 2m || 额定载荷: 1T；长度: 1.5m || 额定载荷: 1T；长度: 1m || 额定载荷: 1T；长度: 1米 || 额定载荷: 1T；长度: 1.5米 || 额定载荷: 5T；长度: 3米,REVIEW-MAT-01791；REVIEW-MAT-01792；REVIEW-MAT-02192；REVIEW-MAT-02193；REVIEW-MAT-02238；REVIEW-MAT-02239；REVIEW-MAT-02346；REVIEW-MAT-02347；REVIEW-MAT-02348,Sheet1:2859；Sheet1:2860；Sheet1:3088；Sheet1:3395；Sheet1:3406；Sheet1:3413；Sheet1:3414；Sheet1:3479；Sheet1:3480；Sheet1:3644；Sheet1:3645；Sheet1:3647；Sheet1:3655；Sheet1:3656,同一标准名称和规范分组下存在多个规格签名；已保守拆开，需人工确认是否为不同物料。
specs_conflict,扁平吊装带,吊装索具/吊带索具/吊带,付；根；条；个,执行标准: 国标；颜色: 彩色；额定载荷: 3T；长度: 3米 || 执行标准: 国标；颜色: 彩色；额定载荷: 5T；长度: 6米 || 额定载荷: 5T；长度: 8米；颜色: 彩色 || 额定载荷: 2T；长度: 2米 || 额定载荷: 5T；长度: 6米；颜色: 彩色 || 额定载荷: 2T；长度: 1.5m || 额定载荷: 1T；长度: 1.5m || 额定载荷: 5T；长度: 6m；执行标准: 国标；颜色: 彩色 || 额定载荷: 2T；长度: 2米；颜色: 彩色 || 执行标准: 国标；颜色: 彩色；额定载荷: 5T；长度: 8米,REVIEW-MAT-00770；REVIEW-MAT-00771；REVIEW-MAT-00876；REVIEW-MAT-01055；REVIEW-MAT-01059；REVIEW-MAT-01088；REVIEW-MAT-01111；REVIEW-MAT-01112；REVIEW-MAT-01307；REVIEW-MAT-01416；REVIEW-MAT-01420,Sheet1:1412；Sheet1:1413；Sheet1:1547；Sheet1:1797；Sheet1:1801；Sheet1:1842；Sheet1:1876；Sheet1:1877；Sheet1:2144；Sheet1:2304；Sheet1:2310,同一标准名称和规范分组下存在多个规格签名；已保守拆开，需人工确认是否为不同物料。
unit_conflict,扁平吊装带,吊装索具/吊带索具/吊带,付；根,额定载荷: 5T；长度: 6米；颜色: 彩色,REVIEW-MAT-01059；REVIEW-MAT-01088,Sheet1:1801；Sheet1:1842,同一标准名称、规范分组和规格下存在非同义单位；未自动合并。
low_precision_conflict,扁平吊装带,吊装索具/吊带索具/吊带,付；根；条；个,执行标准: 国标；颜色: 彩色；额定载荷: 3T；长度: 3米 || 执行标准: 国标；颜色: 彩色；额定载荷: 5T；长度: 6米 || 额定载荷: 5T；长度: 8米；颜色: 彩色 || 额定载荷: 2T；长度: 2米 || 额定载荷: 5T；长度: 6米；颜色: 彩色 || 额定载荷: 2T；长度: 1.5m || 额定载荷: 1T；长度: 1.5m || 额定载荷: 5T；长度: 6m；执行标准: 国标；颜色: 彩色 || 额定载荷: 2T；长度: 2米；颜色: 彩色 || 执行标准: 国标；颜色: 彩色；额定载荷: 5T；长度: 8米,REVIEW-MAT-00770；REVIEW-MAT-00771；REVIEW-MAT-00876；REVIEW-MAT-01055；REVIEW-MAT-01059；REVIEW-MAT-01088；REVIEW-MAT-01111；REVIEW-MAT-01112；REVIEW-MAT-01307；REVIEW-MAT-01416；REVIEW-MAT-01420,Sheet1:1412；Sheet1:1413；Sheet1:1547；Sheet1:1797；Sheet1:1801；Sheet1:1842；Sheet1:1876；Sheet1:1877；Sheet1:2144；Sheet1:2304；Sheet1:2310,低精度/缺规格项与高精度项同时存在；低精度项已保留 needs_human_review。
specs_conflict,尼龙绳,吊装索具/吊带索具/钢丝绳链条,米,直径: 14mm；材质: 尼龙 || 直径: 18mm；材质: 尼龙 || 材质: 尼龙 || 规格/直径: 18；材质: 尼龙 || 规格: 16；材质: 尼龙,REVIEW-MAT-00373；REVIEW-MAT-00397；REVIEW-MAT-00844；REVIEW-MAT-01033；REVIEW-MAT-01424,Sheet1:1505；Sheet1:1760；Sheet1:1813；Sheet1:1868；Sheet1:2142；Sheet1:2315；Sheet1:650；Sheet1:691,同一标准名称和规范分组下存在多个规格签名；已保守拆开，需人工确认是否为不同物料。
low_precision_conflict,尼龙绳,吊装索具/吊带索具/钢丝绳链条,米,直径: 14mm；材质: 尼龙 || 直径: 18mm；材质: 尼龙 || 材质: 尼龙 || 规格/直径: 18；材质: 尼龙 || 规格: 16；材质: 尼龙,REVIEW-MAT-00373；REVIEW-MAT-00397；REVIEW-MAT-00844；REVIEW-MAT-01033；REVIEW-MAT-01424,Sheet1:1505；Sheet1:1760；Sheet1:1813；Sheet1:1868；Sheet1:2142；Sheet1:2315；Sheet1:650；Sheet1:691,低精度/缺规格项与高精度项同时存在；低精度项已保留 needs_human_review。
specs_conflict,扣压钢丝绳,吊装索具/吊带索具/钢丝绳链条,根,加工: 扣压；直径/规格: 50；长度: 3.6米 || 加工: 扣压；直径/规格: 47.5；长度: 9米,REVIEW-MAT-01479；REVIEW-MAT-01480,Sheet1:2382；Sheet1:2383,同一标准名称和规范分组下存在多个规格签名；已保守拆开，需人工确认是否为不同物料。
specs_conflict,钢丝绳,吊装索具/吊带索具/钢丝绳链条,米；根,直径: 6mm || 直径: 16mm || 直径: 10厘 || 规格: 50；长度: 6米 || 直径: Φ20；长度: 6m,REVIEW-MAT-00279；REVIEW-MAT-00476；REVIEW-MAT-01304；REVIEW-MAT-01326；REVIEW-MAT-02267,Sheet1:2138；Sheet1:2165；Sheet1:3526；Sheet1:477；Sheet1:831,同一标准名称和规范分组下存在多个规格签名；已保守拆开，需人工确认是否为不同物料。
specs_conflict,钢丝绳卡扣,吊装索具/吊带索具/钢丝绳链条,个,适配直径: 6mm || 规格: 10厘,REVIEW-MAT-00280；REVIEW-MAT-01305,Sheet1:2139；Sheet1:478,同一标准名称和规范分组下存在多个规格签名；已保守拆开，需人工确认是否为不同物料。
specs_conflict,U型卸扣,吊装索具/吊装连接件/卸扣吊钩,个,额定载荷: 10T；型式: U型 || 额定载荷: 9.5T；型式: U型 || 额定载荷: 17T；型式: U型；执行标准: 国标,REVIEW-MAT-00797；REVIEW-MAT-01067；REVIEW-MAT-01361,Sheet1:1445；Sheet1:1812；Sheet1:2222,同一标准名称和规范分组下存在多个规格签名；已保守拆开，需人工确认是否为不同物料。
specs_conflict,卸扣,吊装索具/吊装连接件/卸扣吊钩,个；只,载荷: 2T || 载荷: 4T || 载荷: 8.5T || 载荷: 3T || 额定载荷: 2T || 额定载荷: 4T || 额定载荷: 6T || 宽度: 6cm；额定载荷: 12T；执行标准: 国标 || 额定载荷: 3.25T || 额定载荷: 3T || 额定载荷: 8T || 额定载荷: 10T || 额定载荷: 12T || 额定载荷: 6.5T || 额定载荷: 25T || 额定载荷: 17T,REVIEW-MAT-00160；REVIEW-MAT-00177；REVIEW-MAT-00477；REVIEW-MAT-00478；REVIEW-MAT-00878；REVIEW-MAT-00879；REVIEW-MAT-00880；REVIEW-MAT-00969；REVIEW-MAT-01066；REVIEW-MAT-01110；REVIEW-MAT-01342；REVIEW-MAT-01343；REVIEW-MAT-01344；REVIEW-MAT-01784；REVIEW-MAT-01795；REVIEW-MAT-01796；REVIEW-MAT-01797；REVIEW-MAT-01798；REVIEW-MAT-01799,Sheet1:1549；Sheet1:1550；Sheet1:1551；Sheet1:1678；Sheet1:1811；Sheet1:1874；Sheet1:1875；Sheet1:2195；Sheet1:2196；Sheet1:2197；Sheet1:2198；Sheet1:2199；Sheet1:282；Sheet1:2851；Sheet1:2867；Sheet1:2868；Sheet1:2869；Sheet1:2870；Sheet1:2871；Sheet1:312；Sheet1:313；Sheet1:3622；Sheet1:812；Sheet1:813；Sheet1:832；Sheet1:833,同一标准名称和规范分组下存在多个规格签名；已保守拆开，需人工确认是否为不同物料。
specs_conflict,吊钩保险扣,吊装索具/吊装连接件/卸扣吊钩,个,适配: 行车吊钩；额定载荷: 20T；部件: 保险扣 || 适配: 行车吊钩；额定载荷: 16T；部件: 保险扣,REVIEW-MAT-01901；REVIEW-MAT-01902,Sheet1:3024；Sheet1:3025,同一标准名称和规范分组下存在多个规格签名；已保守拆开，需人工确认是否为不同物料。
specs_conflict,弓形卸扣,吊装索具/吊装连接件/卸扣吊钩,个；只,载荷: 6.5吨；标准: 国标；形状: 弓形 || 额定载荷: 6.5T；型式: 弓形 || 额定载荷: 4.75T；型式: 弓形 || 额定载荷: 9.5T；型式: 弓形 || 结构: 美式弓形；强度: 高强度；额定载荷: 17T,REVIEW-MAT-00181；REVIEW-MAT-00772；REVIEW-MAT-00773；REVIEW-MAT-00777；REVIEW-MAT-01952,Sheet1:1414；Sheet1:1415；Sheet1:1421；Sheet1:3093；Sheet1:323,同一标准名称和规范分组下存在多个规格签名；已保守拆开，需人工确认是否为不同物料。
low_precision_conflict,弓形卸扣,吊装索具/吊装连接件/卸扣吊钩,个；只,载荷: 6.5吨；标准: 国标；形状: 弓形 || 额定载荷: 6.5T；型式: 弓形 || 额定载荷: 4.75T；型式: 弓形 || 额定载荷: 9.5T；型式: 弓形 || 结构: 美式弓形；强度: 高强度；额定载荷: 17T,REVIEW-MAT-00181；REVIEW-MAT-00772；REVIEW-MAT-00773；REVIEW-MAT-00777；REVIEW-MAT-01952,Sheet1:1414；Sheet1:1415；Sheet1:1421；Sheet1:3093；Sheet1:323,低精度/缺规格项与高精度项同时存在；低精度项已保留 needs_human_review。
specs_conflict,反射片,安全防护/警示标识/反光警示,片,规格: 3*3 || 规格: 5*5,REVIEW-MAT-00487；REVIEW-MAT-00488,Sheet1:848；Sheet1:849,同一标准名称和规范分组下存在多个规格签名；已保守拆开，需人工确认是否为不同物料。
specs_conflict,路锥,安全防护/警示标识/反光警示,个,高度: 1米 || 高度: 90cm,REVIEW-MAT-00379；REVIEW-MAT-00578,Sheet1:1062；Sheet1:658,同一标准名称和规范分组下存在多个规格签名；已保守拆开，需人工确认是否为不同物料。
specs_conflict,安全网,安全防护/隔离防护/防护网,张,品类: 安全网 || 尺寸: 1.8米*6米 || 尺寸: 6*1.8米；特征: 加厚,REVIEW-MAT-00982；REVIEW-MAT-01327；REVIEW-MAT-01421,Sheet1:1695；Sheet1:2166；Sheet1:2311,同一标准名称和规范分组下存在多个规格签名；已保守拆开，需人工确认是否为不同物料。
specs_conflict,五点式安全带,安全防护/高处与水域防护/高处防护,个；副,型式: 五点式；缓冲: 是 || 类型: 五点式,REVIEW-MAT-01140；REVIEW-MAT-02109,Sheet1:1915；Sheet1:3292,同一标准名称和规范分组下存在多个规格签名；已保守拆开，需人工确认是否为不同物料。
specs_conflict,安全绳,安全防护/高处与水域防护/高处防护,米,直径: Φ14 || 直径: Φ16 || 直径: Φ8 || 直径: Φ10 || 直径: Φ12,REVIEW-MAT-01660；REVIEW-MAT-02280；REVIEW-MAT-02339；REVIEW-MAT-02340；REVIEW-MAT-02341,Sheet1:2664；Sheet1:2806；Sheet1:3549；Sheet1:3635；Sheet1:3636；Sheet1:3637；Sheet1:3657,同一标准名称和规范分组下存在多个规格签名；已保守拆开，需人工确认是否为不同物料。
specs_conflict,橡胶垫片,密封件/垫片盘根/垫片盘根,只；个,材质: 橡胶；规格: 200 || 材质: 橡胶；规格: 50,REVIEW-MAT-01699；REVIEW-MAT-02122,Sheet1:2720；Sheet1:3307,同一标准名称和规范分组下存在多个规格签名；已保守拆开，需人工确认是否为不同物料。
specs_conflict,冲孔冲头,工具器具/其他/冲头,支,直径: Φ14；长度: 150 || 直径: Φ16；长度: 150,REVIEW-MAT-01554；REVIEW-MAT-01555,Sheet1:2522；Sheet1:2523,同一标准名称和规范分组下存在多个规格签名；已保守拆开，需人工确认是否为不同物料。
specs_conflict,加长六角套筒,工具器具/其他/套筒,个,规格: 5；特征: 加长；类型: 六角 || 规格: 6；特征: 加长；类型: 六角 || 规格: 7；特征: 加长；类型: 六角 || 规格: 8；特征: 加长；类型: 六角 || 规格: 10；特征: 加长；类型: 六角 || 规格: 12；特征: 加长；类型: 六角 || 规格: 14；特征: 加长；类型: 六角,REVIEW-MAT-01160；REVIEW-MAT-01161；REVIEW-MAT-01162；REVIEW-MAT-01163；REVIEW-MAT-01164；REVIEW-MAT-01165；REVIEW-MAT-01166,Sheet1:1943；Sheet1:1944；Sheet1:1945；Sheet1:1946；Sheet1:1947；Sheet1:1948；Sheet1:1949,同一标准名称和规范分组下存在多个规格签名；已保守拆开，需人工确认是否为不同物料。
specs_conflict,电动扳手套筒,工具器具/其他/套筒,支；个,规格: 12号；适用: 电动扳手 || 规格: 42号；适用: 电动扳手 || 品牌: 世达；规格: 23号；适用: 电动扳手 || 品牌: 世达；规格: 24号；适用: 电动扳手 || 规格: 36；适用: 电动扳手,REVIEW-MAT-00874；REVIEW-MAT-00875；REVIEW-MAT-00961；REVIEW-MAT-00962；REVIEW-MAT-01108,Sheet1:1545；Sheet1:1546；Sheet1:1668；Sheet1:1669；Sheet1:1872,同一标准名称和规范分组下存在多个规格签名；已保守拆开，需人工确认是否为不同物料。
specs_conflict,电工包,工具器具/其他/工具包,个,材质: 帆布；用途: 电工 || 品牌: 得力；用途: 电工,REVIEW-MAT-02045；REVIEW-MAT-02178,Sheet1:3210；Sheet1:3390,同一标准名称和规范分组下存在多个规格签名；已保守拆开，需人工确认是否为不同物料。
low_precision_conflict,多功能剥线钳,工具器具/其他/手动工具,只；个,品牌: 世达；类型: 多功能剥线钳,REVIEW-MAT-00035；REVIEW-MAT-00087,Sheet1:139；Sheet1:55,低精度/缺规格项与高精度项同时存在；低精度项已保留 needs_human_review。
specs_conflict,撬杠,工具器具/其他/手动工具,个,规格: 60 || 规格: 120,REVIEW-MAT-00701；REVIEW-MAT-00702,Sheet1:1282；Sheet1:1283,同一标准名称和规范分组下存在多个规格签名；已保守拆开，需人工确认是否为不同物料。
specs_conflict,方头铁锹,工具器具/其他/手动工具,套,规格: 大号；类型: 方头 || 规格: 小号；类型: 方头,REVIEW-MAT-00688；REVIEW-MAT-00689,Sheet1:1260；Sheet1:1261,同一标准名称和规范分组下存在多个规格签名；已保守拆开，需人工确认是否为不同物料。
specs_conflict,美工刀,工具器具/其他/手动工具,支；把,品牌: 得力 || 类型: 美工刀,REVIEW-MAT-00115；REVIEW-MAT-00232；REVIEW-MAT-00718,Sheet1:1320；Sheet1:186；Sheet1:404,同一标准名称和规范分组下存在多个规格签名；已保守拆开，需人工确认是否为不同物料。
unit_conflict,美工刀,工具器具/其他/手动工具,支；把,类型: 美工刀,REVIEW-MAT-00232；REVIEW-MAT-00718,Sheet1:1320；Sheet1:404,同一标准名称、规范分组和规格下存在非同义单位；未自动合并。
low_precision_conflict,美工刀,工具器具/其他/手动工具,支；把,品牌: 得力 || 类型: 美工刀,REVIEW-MAT-00115；REVIEW-MAT-00232；REVIEW-MAT-00718,Sheet1:1320；Sheet1:186；Sheet1:404,低精度/缺规格项与高精度项同时存在；低精度项已保留 needs_human_review。
specs_conflict,混凝土试模,工具器具/其他/检测模具,个,尺寸: 150*150*150 || 品类: 混凝土试模,REVIEW-MAT-01167；REVIEW-MAT-01220,Sheet1:1950；Sheet1:2019,同一标准名称和规范分组下存在多个规格签名；已保守拆开，需人工确认是否为不同物料。
low_precision_conflict,断点检测电笔,工具器具/其他/电工工具,只；个,功能: 找断点/测电,REVIEW-MAT-00036；REVIEW-MAT-00086,Sheet1:138；Sheet1:56,低精度/缺规格项与高精度项同时存在；低精度项已保留 needs_human_review。
specs_conflict,测电笔,工具器具/其他/电工工具,支；个,类型: 多功能电笔 || 类型: 测电笔 || 外观: 透明；类型: 电笔,REVIEW-MAT-00574；REVIEW-MAT-00585；REVIEW-MAT-00710,Sheet1:1057；Sheet1:1071；Sheet1:1303,同一标准名称和规范分组下存在多个规格签名；已保守拆开，需人工确认是否为不同物料。
low_precision_conflict,测电笔,工具器具/其他/电工工具,支；个,类型: 多功能电笔 || 类型: 测电笔 || 外观: 透明；类型: 电笔,REVIEW-MAT-00574；REVIEW-MAT-00585；REVIEW-MAT-00710,Sheet1:1057；Sheet1:1071；Sheet1:1303,低精度/缺规格项与高精度项同时存在；低精度项已保留 needs_human_review。
specs_conflict,绝缘十字螺丝刀,工具器具/其他/电工工具,把,头型: 十字；规格: 4*100；特性: 绝缘 || 头型: 十字；规格: 5*125；特性: 绝缘,REVIEW-MAT-02050；REVIEW-MAT-02051,Sheet1:3215；Sheet1:3216,同一标准名称和规范分组下存在多个规格签名；已保守拆开，需人工确认是否为不同物料。
specs_conflict,铝合金梯子,工具器具/其他/登高工具,个；台,长度: 4米；型式: B型；材质: 铝合金 || 长度: 2.5米；材质: 铝合金；特征: 加厚,REVIEW-MAT-01051；REVIEW-MAT-01213,Sheet1:1793；Sheet1:2009,同一标准名称和规范分组下存在多个规格签名；已保守拆开，需人工确认是否为不同物料。
specs_conflict,切割片,工具器具/其他/磨切耗材,块；片,规格: 100 || 品牌: 金立克,REVIEW-MAT-00227；REVIEW-MAT-00331,Sheet1:399；Sheet1:566,同一标准名称和规范分组下存在多个规格签名；已保守拆开，需人工确认是否为不同物料。
specs_conflict,砂纸,工具器具/其他/磨切耗材,张,粒度: 600 || 粒度: 80,REVIEW-MAT-00277；REVIEW-MAT-00278,Sheet1:474；Sheet1:475,同一标准名称和规范分组下存在多个规格签名；已保守拆开，需人工确认是否为不同物料。
specs_conflict,量杯,工具器具/其他/计量工具,个,容量: 5L || 容量: 2000ml,REVIEW-MAT-01357；REVIEW-MAT-01389,Sheet1:2218；Sheet1:2259,同一标准名称和规范分组下存在多个规格签名；已保守拆开，需人工确认是否为不同物料。
specs_conflict,砂纸,工具器具/工具耗材/切磨耗材,张,粒度: 细 || 粒度: 240# || 粒度: 80#,REVIEW-MAT-00903；REVIEW-MAT-01788；REVIEW-MAT-01789,Sheet1:1586；Sheet1:2856；Sheet1:2857,同一标准名称和规范分组下存在多个规格签名；已保守拆开，需人工确认是否为不同物料。
specs_conflict,不锈钢钻头,工具器具/工具耗材/钻头,支,用途/材质: 不锈钢；直径: 3.2mm || 用途/材质: 不锈钢；直径: 6mm || 用途/材质: 不锈钢；直径: 4mm,REVIEW-MAT-01912；REVIEW-MAT-01919；REVIEW-MAT-01920,Sheet1:3040；Sheet1:3050；Sheet1:3051,同一标准名称和规范分组下存在多个规格签名；已保守拆开，需人工确认是否为不同物料。
specs_conflict,二坑二槽钻头,工具器具/工具耗材/钻头,支,品牌: 博世；柄型: 二坑二槽；规格: Φ10*160 || 品牌: 博世；柄型: 二坑二槽；规格: Φ14*160 || 品牌: 博世；柄型: 二坑二槽；规格: Φ16*200,REVIEW-MAT-02323；REVIEW-MAT-02324；REVIEW-MAT-02325,Sheet1:3607；Sheet1:3608；Sheet1:3609,同一标准名称和规范分组下存在多个规格签名；已保守拆开，需人工确认是否为不同物料。
specs_conflict,方柄钻头,工具器具/工具耗材/钻头,支,品牌: 博世；柄型: 方柄；直径: Φ14；长度: 280 || 品牌: 博世；柄型: 方柄；直径: Φ12；长度: 260,REVIEW-MAT-02161；REVIEW-MAT-02162,Sheet1:3366；Sheet1:3367,同一标准名称和规范分组下存在多个规格签名；已保守拆开，需人工确认是否为不同物料。
specs_conflict,钨钢钻头,工具器具/工具耗材/钻头,支,规格: 3.5；材质: 钨钢 || 规格: 3.0；材质: 钨钢,REVIEW-MAT-01348；REVIEW-MAT-01349,Sheet1:2207；Sheet1:2208,同一标准名称和规范分组下存在多个规格签名；已保守拆开，需人工确认是否为不同物料。
specs_conflict,钻头,工具器具/工具耗材/钻头,个；支；只,直径: 10mm；长度: 200mm || 直径: 12mm；长度: 200mm || 直径: 14mm；长度: 200mm || 直径: 16mm；长度: 200mm || 直径: 20mm；长度: 800mm || 品牌: 博世；柄型: 五坑三槽；直径: Φ12；长度: 200 || 品牌: 博世；规格: M14*260 || 品牌: 博世；规格: M12*200 || 品牌: 博世；规格: M14*200 || 品牌: 博世；柄型: 二坑三槽；直径: Φ20；长度: 280 || 品牌: 博世；柄型: 二坑三槽；直径: Φ22；长度: 280 || 直径: Φ14；长度: 150 || 品牌: 博世；柄型: 二坑二槽；直径: Φ12；长度: 350 || 品牌: 博世；柄型: 二坑二槽；直径: Φ14；长度: 350 || 品牌: 博世；柄型: 二坑二槽；直径: Φ16；长度: 350,REVIEW-MAT-01436；REVIEW-MAT-01437；REVIEW-MAT-01438；REVIEW-MAT-01439；REVIEW-MAT-01449；REVIEW-MAT-01544；REVIEW-MAT-01553；REVIEW-MAT-01574；REVIEW-MAT-01575；REVIEW-MAT-02017；REVIEW-MAT-02018；REVIEW-MAT-02137；REVIEW-MAT-02180；REVIEW-MAT-02181；REVIEW-MAT-02182,Sheet1:2331；Sheet1:2332；Sheet1:2333；Sheet1:2334；Sheet1:2347；Sheet1:2464；Sheet1:2521；Sheet1:2546；Sheet1:2547；Sheet1:3175；Sheet1:3176；Sheet1:3327；Sheet1:3392；Sheet1:3393；Sheet1:3394,同一标准名称和规范分组下存在多个规格签名；已保守拆开，需人工确认是否为不同物料。
specs_conflict,五坑钻头,工具器具/工具配件/工具配件,个；支,品牌: 方大同；规格: 40*1200；柄型: 五坑 || 品牌: 方大同；规格: 35*500；柄型: 五坑 || 规格: 28*800；柄型: 五坑 || 品牌: 方大同；规格: 14*400；柄型: 五坑 || 品牌: 方大同；规格: 14*600；柄型: 五坑 || 品牌: 方大同；规格: 16*280；柄型: 五坑,REVIEW-MAT-00439；REVIEW-MAT-00530；REVIEW-MAT-00538；REVIEW-MAT-00544；REVIEW-MAT-00545；REVIEW-MAT-00546,Sheet1:761；Sheet1:944；Sheet1:962；Sheet1:977；Sheet1:978；Sheet1:979,同一标准名称和规范分组下存在多个规格签名；已保守拆开，需人工确认是否为不同物料。
specs_conflict,冲击钻头,工具器具/工具配件/工具配件,支,规格: 6厘 || 规格: 20厘 || 品牌: 方大同；规格: 18*800 || 品牌: 方大同；规格: 18*400 || 品牌: 方大同；规格: 30*400,REVIEW-MAT-00113；REVIEW-MAT-00114；REVIEW-MAT-00432；REVIEW-MAT-00531；REVIEW-MAT-00532,Sheet1:184；Sheet1:185；Sheet1:747；Sheet1:945；Sheet1:946,同一标准名称和规范分组下存在多个规格签名；已保守拆开，需人工确认是否为不同物料。
low_precision_conflict,冲击钻头,工具器具/工具配件/工具配件,支,规格: 6厘 || 规格: 20厘 || 品牌: 方大同；规格: 18*800 || 品牌: 方大同；规格: 18*400 || 品牌: 方大同；规格: 30*400,REVIEW-MAT-00113；REVIEW-MAT-00114；REVIEW-MAT-00432；REVIEW-MAT-00531；REVIEW-MAT-00532,Sheet1:184；Sheet1:185；Sheet1:747；Sheet1:945；Sheet1:946,低精度/缺规格项与高精度项同时存在；低精度项已保留 needs_human_review。
specs_conflict,合金钻头,工具器具/工具配件/工具配件,个,材质: 合金；直径: 6mm || 材质: 合金；直径: 8mm || 材质: 合金；直径: 10mm || 材质: 合金；直径: 12mm || 材质: 合金；直径: 14mm || 材质: 合金；直径: 16mm,REVIEW-MAT-00391；REVIEW-MAT-00392；REVIEW-MAT-00393；REVIEW-MAT-00394；REVIEW-MAT-00395；REVIEW-MAT-00396,Sheet1:685；Sheet1:686；Sheet1:687；Sheet1:688；Sheet1:689；Sheet1:690,同一标准名称和规范分组下存在多个规格签名；已保守拆开，需人工确认是否为不同物料。
specs_conflict,钨钢钻头,工具器具/工具配件/工具配件,支,材质: 钨钢；直径: 8mm || 材质: 钨钢；直径: 10mm || 材质: 钨钢；直径: 12mm || 材质: 钨钢；直径: 16mm,REVIEW-MAT-00361；REVIEW-MAT-00362；REVIEW-MAT-00363；REVIEW-MAT-00364,Sheet1:627；Sheet1:628；Sheet1:629；Sheet1:630,同一标准名称和规范分组下存在多个规格签名；已保守拆开，需人工确认是否为不同物料。
specs_conflict,钻头,工具器具/工具配件/工具配件,个；支,规格: 16*100 || 规格: 4.0 || 规格: 5.0 || 规格: 5.5,REVIEW-MAT-00461；REVIEW-MAT-00741；REVIEW-MAT-00742；REVIEW-MAT-00743,Sheet1:1364；Sheet1:1365；Sheet1:1366；Sheet1:795,同一标准名称和规范分组下存在多个规格签名；已保守拆开，需人工确认是否为不同物料。
specs_conflict,铁锹柄,工具器具/工具配件/工具配件,支；个,适用: 铁锹 || 部件: 柄；适用: 铁锹,REVIEW-MAT-00690；REVIEW-MAT-01146；REVIEW-MAT-01239,Sheet1:1262；Sheet1:1924；Sheet1:2050；Sheet1:2179,同一标准名称和规范分组下存在多个规格签名；已保守拆开，需人工确认是否为不同物料。
unit_conflict,铁锹柄,工具器具/工具配件/工具配件,个；支,部件: 柄；适用: 铁锹,REVIEW-MAT-01146；REVIEW-MAT-01239,Sheet1:1924；Sheet1:2050；Sheet1:2179,同一标准名称、规范分组和规格下存在非同义单位；未自动合并。
low_precision_conflict,铁锹柄,工具器具/工具配件/工具配件,支；个,适用: 铁锹 || 部件: 柄；适用: 铁锹,REVIEW-MAT-00690；REVIEW-MAT-01146；REVIEW-MAT-01239,Sheet1:1262；Sheet1:1924；Sheet1:2050；Sheet1:2179,低精度/缺规格项与高精度项同时存在；低精度项已保留 needs_human_review。
specs_conflict,梅花开口两用扳手,工具器具/手动工具/扳手,把,规格: 13 || 规格: 14,REVIEW-MAT-02332；REVIEW-MAT-02333,Sheet1:3624；Sheet1:3625,同一标准名称和规范分组下存在多个规格签名；已保守拆开，需人工确认是否为不同物料。
specs_conflict,一字螺丝刀,工具器具/手动工具/通用手动工具,个；把,规格: 6*250；类型: 一字 || 类型: 一字 || 品牌: 得力；类型: 一字,REVIEW-MAT-01120；REVIEW-MAT-01897；REVIEW-MAT-01927,Sheet1:1885；Sheet1:3018；Sheet1:3063,同一标准名称和规范分组下存在多个规格签名；已保守拆开，需人工确认是否为不同物料。
specs_conflict,三叉套筒扳手,工具器具/手动工具/通用手动工具,把,规格: 14-17-19；类型: 三叉套筒 || 规格: 13-16-18；类型: 三叉套筒 || 规格: 10-12-14；类型: 三叉套筒,REVIEW-MAT-02046；REVIEW-MAT-02047；REVIEW-MAT-02048,Sheet1:3211；Sheet1:3212；Sheet1:3213,同一标准名称和规范分组下存在多个规格签名；已保守拆开，需人工确认是否为不同物料。
specs_conflict,内六角扳手套装,工具器具/手动工具/通用手动工具,套,品牌: 世达；类型: 六角扳手套装 || 品牌: 世达；规格范围: 1.5-10,REVIEW-MAT-00865；REVIEW-MAT-01190,Sheet1:1532；Sheet1:1979,同一标准名称和规范分组下存在多个规格签名；已保守拆开，需人工确认是否为不同物料。
specs_conflict,十字螺丝刀,工具器具/手动工具/通用手动工具,个；把,规格: 6*250；类型: 十字 || 品牌: 世达；类型: 十字 || 类型: 十字,REVIEW-MAT-01119；REVIEW-MAT-01656；REVIEW-MAT-01898,Sheet1:1884；Sheet1:2660；Sheet1:3019,同一标准名称和规范分组下存在多个规格签名；已保守拆开，需人工确认是否为不同物料。
specs_conflict,尖嘴钳,工具器具/手动工具/通用手动工具,个；把,品牌: 世达；类型: 尖嘴钳 || 品牌: 得力；类型: 尖嘴钳 || 品牌: 世达；规格: 6寸；类型: 尖嘴钳,REVIEW-MAT-01443；REVIEW-MAT-01896；REVIEW-MAT-02134,Sheet1:2338；Sheet1:3016；Sheet1:3324,同一标准名称和规范分组下存在多个规格签名；已保守拆开，需人工确认是否为不同物料。
specs_conflict,开口/梅花扳手,工具器具/手动工具/通用手动工具,支,规格: 42号 || 规格: 12号 || 规格: 19号,REVIEW-MAT-00871；REVIEW-MAT-00872；REVIEW-MAT-00873,Sheet1:1542；Sheet1:1543；Sheet1:1544,同一标准名称和规范分组下存在多个规格签名；已保守拆开，需人工确认是否为不同物料。
specs_conflict,手锤,工具器具/手动工具/通用手动工具,支,重量: 6磅 || 重量: 8磅,REVIEW-MAT-01103；REVIEW-MAT-01104,Sheet1:1865；Sheet1:1866,同一标准名称和规范分组下存在多个规格签名；已保守拆开，需人工确认是否为不同物料。
specs_conflict,撬棍,工具器具/手动工具/通用手动工具,支,长度: 1.3m；规格: 30 || 长度: 60cm,REVIEW-MAT-01106；REVIEW-MAT-01107,Sheet1:1869；Sheet1:1870,同一标准名称和规范分组下存在多个规格签名；已保守拆开，需人工确认是否为不同物料。
specs_conflict,水泵钳,工具器具/手动工具/通用手动工具,支,规格: 8寸 || 规格: 10寸,REVIEW-MAT-01335；REVIEW-MAT-01336,Sheet1:2182；Sheet1:2183,同一标准名称和规范分组下存在多个规格签名；已保守拆开，需人工确认是否为不同物料。
specs_conflict,活动扳手,工具器具/手动工具/通用手动工具,支；把,长度: 450mm || 品牌: 世达；规格: 12寸 || 品牌: 世达；规格: 10寸,REVIEW-MAT-00885；REVIEW-MAT-02007；REVIEW-MAT-02008,Sheet1:1557；Sheet1:3165；Sheet1:3166,同一标准名称和规范分组下存在多个规格签名；已保守拆开，需人工确认是否为不同物料。
specs_conflict,管钳,工具器具/手动工具/通用手动工具,个；支；把,长度: 300mm || 长度: 350mm || 长度: 400mm || 长度: 600mm；特征: 防锈型 || 规格: 18寸 || 规格: 24寸 || 品牌: 世达；规格: 14寸,REVIEW-MAT-00862；REVIEW-MAT-00863；REVIEW-MAT-00864；REVIEW-MAT-01249；REVIEW-MAT-01313；REVIEW-MAT-01314；REVIEW-MAT-01883,Sheet1:1529；Sheet1:1530；Sheet1:1531；Sheet1:2062；Sheet1:2151；Sheet1:2152；Sheet1:2996,同一标准名称和规范分组下存在多个规格签名；已保守拆开，需人工确认是否为不同物料。
specs_conflict,老虎钳,工具器具/手动工具/通用手动工具,个；把,品牌: 世达 || 品牌: 世达；类型: 老虎钳 || 品牌: 得力；类型: 老虎钳,REVIEW-MAT-01118；REVIEW-MAT-01665；REVIEW-MAT-01895,Sheet1:1883；Sheet1:2670；Sheet1:3015,同一标准名称和规范分组下存在多个规格签名；已保守拆开，需人工确认是否为不同物料。
specs_conflict,重型梅花敲击扳手,工具器具/手动工具/通用手动工具,支,规格: 36；类型: 梅花敲击；特征: 重型 || 规格: 46；类型: 梅花敲击；特征: 重型 || 规格: 55；类型: 梅花敲击；特征: 重型,REVIEW-MAT-01025；REVIEW-MAT-01026；REVIEW-MAT-01027,Sheet1:1750；Sheet1:1751；Sheet1:1752,同一标准名称和规范分组下存在多个规格签名；已保守拆开，需人工确认是否为不同物料。
specs_conflict,美工刀,工具器具/手动工具/钳剪刀锤,个,品牌: 得力；颜色: 黑色 || 类型: 美工刀 || 品牌: 得力,REVIEW-MAT-01181；REVIEW-MAT-01223；REVIEW-MAT-01366,Sheet1:1967；Sheet1:2022；Sheet1:2228,同一标准名称和规范分组下存在多个规格签名；已保守拆开，需人工确认是否为不同物料。
specs_conflict,美工刀片,工具器具/手动工具/钳剪刀锤,合,类型: 美工刀片 || 品牌: 得力,REVIEW-MAT-01182；REVIEW-MAT-01367,Sheet1:1968；Sheet1:2229,同一标准名称和规范分组下存在多个规格签名；已保守拆开，需人工确认是否为不同物料。
specs_conflict,铣刀钻头,工具器具/手动工具/钳剪刀锤,支,用途/材质: 不锈钢；直径: 4mm || 用途/材质: 不锈钢；直径: 10mm,REVIEW-MAT-01914；REVIEW-MAT-01915,Sheet1:3044；Sheet1:3045,同一标准名称和规范分组下存在多个规格签名；已保守拆开，需人工确认是否为不同物料。
specs_conflict,气动扳手,工具器具/气动工具/气动工具,个；台,规格: 1寸 || 规格: 大号,REVIEW-MAT-01232；REVIEW-MAT-01264,Sheet1:2042；Sheet1:2081,同一标准名称和规范分组下存在多个规格签名；已保守拆开，需人工确认是否为不同物料。
specs_conflict,毛刷,工具器具/涂装工具/刷辊喷涂,支；个,规格: 3寸 || 规格: 4寸 || 规格: 2寸,REVIEW-MAT-00171；REVIEW-MAT-00241；REVIEW-MAT-00253；REVIEW-MAT-00289,Sheet1:305；Sheet1:421；Sheet1:437；Sheet1:493,同一标准名称和规范分组下存在多个规格签名；已保守拆开，需人工确认是否为不同物料。
unit_conflict,毛刷,工具器具/涂装工具/刷辊喷涂,支；个,规格: 3寸,REVIEW-MAT-00171；REVIEW-MAT-00241,Sheet1:305；Sheet1:421,同一标准名称、规范分组和规格下存在非同义单位；未自动合并。
low_precision_conflict,毛刷,工具器具/涂装工具/刷辊喷涂,支；个,规格: 3寸 || 规格: 4寸 || 规格: 2寸,REVIEW-MAT-00171；REVIEW-MAT-00241；REVIEW-MAT-00253；REVIEW-MAT-00289,Sheet1:305；Sheet1:421；Sheet1:437；Sheet1:493,低精度/缺规格项与高精度项同时存在；低精度项已保留 needs_human_review。
specs_conflict,油漆滚筒,工具器具/涂装工具/刷辊喷涂,只；个；包,规格: 大号；用途: 油漆 || 规格: 小号；用途: 油漆 || 规格: 大号 || 规格: 小号 || 用途: 油漆 || 规格: 中号,REVIEW-MAT-01618；REVIEW-MAT-01631；REVIEW-MAT-01671；REVIEW-MAT-01672；REVIEW-MAT-01696；REVIEW-MAT-01910；REVIEW-MAT-01925；REVIEW-MAT-01926,Sheet1:2616；Sheet1:2630；Sheet1:2631；Sheet1:2676；Sheet1:2677；Sheet1:2696；Sheet1:2697；Sheet1:2716；Sheet1:2725；Sheet1:3036；Sheet1:3060；Sheet1:3061；Sheet1:3245,同一标准名称和规范分组下存在多个规格签名；已保守拆开，需人工确认是否为不同物料。
low_precision_conflict,油漆滚筒,工具器具/涂装工具/刷辊喷涂,只；个；包,规格: 大号；用途: 油漆 || 规格: 小号；用途: 油漆 || 规格: 大号 || 规格: 小号 || 用途: 油漆 || 规格: 中号,REVIEW-MAT-01618；REVIEW-MAT-01631；REVIEW-MAT-01671；REVIEW-MAT-01672；REVIEW-MAT-01696；REVIEW-MAT-01910；REVIEW-MAT-01925；REVIEW-MAT-01926,Sheet1:2616；Sheet1:2630；Sheet1:2631；Sheet1:2676；Sheet1:2677；Sheet1:2696；Sheet1:2697；Sheet1:2716；Sheet1:2725；Sheet1:3036；Sheet1:3060；Sheet1:3061；Sheet1:3245,低精度/缺规格项与高精度项同时存在；低精度项已保留 needs_human_review。
specs_conflict,滚筒刷,工具器具/涂装工具/刷辊喷涂,个；支；只,规格: 4寸 || 规格: 150 || 规格: 250 || 规格: 8寸 || 原始: 滚桶刷；用途: 涂装,REVIEW-MAT-00055；REVIEW-MAT-00401；REVIEW-MAT-00402；REVIEW-MAT-00635；REVIEW-MAT-00636；REVIEW-MAT-01873,Sheet1:1164；Sheet1:1165；Sheet1:2984；Sheet1:696；Sheet1:697；Sheet1:86,同一标准名称和规范分组下存在多个规格签名；已保守拆开，需人工确认是否为不同物料。
unit_conflict,滚筒刷,工具器具/涂装工具/刷辊喷涂,个；支,规格: 4寸,REVIEW-MAT-00055；REVIEW-MAT-00636,Sheet1:1165；Sheet1:86,同一标准名称、规范分组和规格下存在非同义单位；未自动合并。
low_precision_conflict,滚筒刷,工具器具/涂装工具/刷辊喷涂,个；支；只,规格: 4寸 || 规格: 150 || 规格: 250 || 规格: 8寸 || 原始: 滚桶刷；用途: 涂装,REVIEW-MAT-00055；REVIEW-MAT-00401；REVIEW-MAT-00402；REVIEW-MAT-00635；REVIEW-MAT-00636；REVIEW-MAT-01873,Sheet1:1164；Sheet1:1165；Sheet1:2984；Sheet1:696；Sheet1:697；Sheet1:86,低精度/缺规格项与高精度项同时存在；低精度项已保留 needs_human_review。
specs_conflict,羊毛刷,工具器具/涂装工具/刷辊喷涂,个；支；把；只,规格: 4寸 || 规格: 4寸；材质: 羊毛 || 规格: 2寸；材质: 羊毛 || 规格: 3寸；材质: 羊毛 || 规格: 2.5寸；材质: 羊毛,REVIEW-MAT-00099；REVIEW-MAT-00112；REVIEW-MAT-00242；REVIEW-MAT-00465；REVIEW-MAT-00566；REVIEW-MAT-01621；REVIEW-MAT-01632；REVIEW-MAT-01673；REVIEW-MAT-01674；REVIEW-MAT-01947,Sheet1:1032；Sheet1:156；Sheet1:183；Sheet1:2619；Sheet1:2632；Sheet1:2633；Sheet1:2678；Sheet1:2679；Sheet1:2710；Sheet1:2711；Sheet1:2757；Sheet1:2758；Sheet1:2844；Sheet1:2845；Sheet1:3086；Sheet1:422；Sheet1:806；Sheet1:815,同一标准名称和规范分组下存在多个规格签名；已保守拆开，需人工确认是否为不同物料。
unit_conflict,羊毛刷,工具器具/涂装工具/刷辊喷涂,个；支,规格: 4寸,REVIEW-MAT-00099；REVIEW-MAT-00112,Sheet1:156；Sheet1:183,同一标准名称、规范分组和规格下存在非同义单位；未自动合并。
unit_conflict,羊毛刷,工具器具/涂装工具/刷辊喷涂,个；支；只；把,规格: 4寸；材质: 羊毛,REVIEW-MAT-00242；REVIEW-MAT-00465；REVIEW-MAT-01673；REVIEW-MAT-01947,Sheet1:2678；Sheet1:3086；Sheet1:422；Sheet1:806；Sheet1:815,同一标准名称、规范分组和规格下存在非同义单位；未自动合并。
unit_conflict,羊毛刷,工具器具/涂装工具/刷辊喷涂,支；把,规格: 2寸；材质: 羊毛,REVIEW-MAT-00566；REVIEW-MAT-01632,Sheet1:1032；Sheet1:2633；Sheet1:2711；Sheet1:2757；Sheet1:2844,同一标准名称、规范分组和规格下存在非同义单位；未自动合并。
low_precision_conflict,羊毛刷,工具器具/涂装工具/刷辊喷涂,个；支；把；只,规格: 4寸 || 规格: 4寸；材质: 羊毛 || 规格: 2寸；材质: 羊毛 || 规格: 3寸；材质: 羊毛 || 规格: 2.5寸；材质: 羊毛,REVIEW-MAT-00099；REVIEW-MAT-00112；REVIEW-MAT-00242；REVIEW-MAT-00465；REVIEW-MAT-00566；REVIEW-MAT-01621；REVIEW-MAT-01632；REVIEW-MAT-01673；REVIEW-MAT-01674；REVIEW-MAT-01947,Sheet1:1032；Sheet1:156；Sheet1:183；Sheet1:2619；Sheet1:2632；Sheet1:2633；Sheet1:2678；Sheet1:2679；Sheet1:2710；Sheet1:2711；Sheet1:2757；Sheet1:2758；Sheet1:2844；Sheet1:2845；Sheet1:3086；Sheet1:422；Sheet1:806；Sheet1:815,低精度/缺规格项与高精度项同时存在；低精度项已保留 needs_human_review。
unit_conflict,钢刷,工具器具/涂装工具/刷辊喷涂,只；把,材质: 钢丝；类型: 钢刷,REVIEW-MAT-01675；REVIEW-MAT-01697,Sheet1:2680；Sheet1:2717,同一标准名称、规范分组和规格下存在非同义单位；未自动合并。
specs_conflict,碳刷,工具器具/电动工具/电钻角磨机,副,规格: 900# || 规格: 43#,REVIEW-MAT-02019；REVIEW-MAT-02020,Sheet1:3177；Sheet1:3178,同一标准名称和规范分组下存在多个规格签名；已保守拆开，需人工确认是否为不同物料。
specs_conflict,锂电池电钻,工具器具/电动工具/电钻角磨机,台,动力: 锂电池 || 品牌: 大艺；电压: 21V；动力: 锂电池,REVIEW-MAT-00065；REVIEW-MAT-00174,Sheet1:100；Sheet1:308,同一标准名称和规范分组下存在多个规格签名；已保守拆开，需人工确认是否为不同物料。
low_precision_conflict,锂电池电钻,工具器具/电动工具/电钻角磨机,台,动力: 锂电池 || 品牌: 大艺；电压: 21V；动力: 锂电池,REVIEW-MAT-00065；REVIEW-MAT-00174,Sheet1:100；Sheet1:308,低精度/缺规格项与高精度项同时存在；低精度项已保留 needs_human_review。
specs_conflict,卷尺,工具器具/量具测量/量具测量,个；把,品牌: 得力；长度: 3米 || 品牌: 得力；长度: 5米 || 品牌: 得力；长度: 10米 || 品牌: 得力；长度: 10m || 品牌: 得力；长度: 5m,REVIEW-MAT-00165；REVIEW-MAT-00166；REVIEW-MAT-00167；REVIEW-MAT-00951；REVIEW-MAT-00952；REVIEW-MAT-01749；REVIEW-MAT-01750,Sheet1:1655；Sheet1:1656；Sheet1:2787；Sheet1:2788；Sheet1:299；Sheet1:300；Sheet1:301；Sheet1:891；Sheet1:892,同一标准名称和规范分组下存在多个规格签名；已保守拆开，需人工确认是否为不同物料。
low_precision_conflict,卷尺,工具器具/量具测量/量具测量,个；把,品牌: 得力；长度: 3米 || 品牌: 得力；长度: 5米 || 品牌: 得力；长度: 10米 || 品牌: 得力；长度: 10m || 品牌: 得力；长度: 5m,REVIEW-MAT-00165；REVIEW-MAT-00166；REVIEW-MAT-00167；REVIEW-MAT-00951；REVIEW-MAT-00952；REVIEW-MAT-01749；REVIEW-MAT-01750,Sheet1:1655；Sheet1:1656；Sheet1:2787；Sheet1:2788；Sheet1:299；Sheet1:300；Sheet1:301；Sheet1:891；Sheet1:892,低精度/缺规格项与高精度项同时存在；低精度项已保留 needs_human_review。
specs_conflict,水平尺,工具器具/量具测量/量具测量,把；根,长度: 60cm || 长度: 100cm || 长度: 1m || 长度: 0.6m,REVIEW-MAT-00738；REVIEW-MAT-00739；REVIEW-MAT-02185；REVIEW-MAT-02186,Sheet1:1360；Sheet1:1361；Sheet1:3399；Sheet1:3400,同一标准名称和规范分组下存在多个规格签名；已保守拆开，需人工确认是否为不同物料。
low_precision_conflict,水平尺,工具器具/量具测量/量具测量,把；根,长度: 60cm || 长度: 100cm || 长度: 1m || 长度: 0.6m,REVIEW-MAT-00738；REVIEW-MAT-00739；REVIEW-MAT-02185；REVIEW-MAT-02186,Sheet1:1360；Sheet1:1361；Sheet1:3399；Sheet1:3400,低精度/缺规格项与高精度项同时存在；低精度项已保留 needs_human_review。
specs_conflict,游标卡尺,工具器具/量具测量/量具测量,个；支,品牌: 得力；量程: 300mm；精度: 高精度 || 品牌: 得力；量程: 300mm；精度等级: 高精度,REVIEW-MAT-01123；REVIEW-MAT-01423,Sheet1:1890；Sheet1:2314,同一标准名称和规范分组下存在多个规格签名；已保守拆开，需人工确认是否为不同物料。
specs_conflict,金属测绳,工具器具/量具测量/量具测量,米,材质: 金属 || 材质: 金属；类型: 测绳,REVIEW-MAT-00446；REVIEW-MAT-01419,Sheet1:2309；Sheet1:770,同一标准名称和规范分组下存在多个规格签名；已保守拆开，需人工确认是否为不同物料。
specs_conflict,钢卷尺,工具器具/量具测量/量具测量,只；把,品牌: 雄狮；长度: 100m；材质: 钢 || 品牌: 得力；长度: 3m || 品牌: 得力；长度: 5m || 品牌: 得力；长度: 7.5m || 品牌: 得力；长度: 10m,REVIEW-MAT-01731；REVIEW-MAT-02011；REVIEW-MAT-02012；REVIEW-MAT-02013；REVIEW-MAT-02014,Sheet1:2762；Sheet1:3169；Sheet1:3170；Sheet1:3171；Sheet1:3172,同一标准名称和规范分组下存在多个规格签名；已保守拆开，需人工确认是否为不同物料。
specs_conflict,阻燃挤塑板,工程建材/保温防水/保温材料,平方,特性: 阻燃；尺寸: 2.2m*0.6m*0.1m；数量描述: 116块 || 特性: 阻燃；尺寸: 2.2m*0.6m*0.05m；数量描述: 64块,REVIEW-MAT-01904；REVIEW-MAT-01905,Sheet1:3027；Sheet1:3028,同一标准名称和规范分组下存在多个规格签名；已保守拆开，需人工确认是否为不同物料。
specs_conflict,止水针头,工程建材/保温防水/防水堵漏,个,长度: 10cm || 长度: 15cm,REVIEW-MAT-00513；REVIEW-MAT-00514,Sheet1:912；Sheet1:913,同一标准名称和规范分组下存在多个规格签名；已保守拆开，需人工确认是否为不同物料。
specs_conflict,注浆枪头,工程建材/保温防水/防水堵漏,个,类型: 注浆枪头 || 用途: 注浆；部件: 枪头,REVIEW-MAT-01374；REVIEW-MAT-01442,Sheet1:2237；Sheet1:2337,同一标准名称和规范分组下存在多个规格签名；已保守拆开，需人工确认是否为不同物料。
specs_conflict,注浆止水针头,工程建材/保温防水/防水堵漏,支,长度: 150mm；用途: 注浆止水 || 长度: 100mm；用途: 注浆止水 || 用途: 高压注浆止水；长度: 150mm || 用途: 高压注浆止水；长度: 100mm,REVIEW-MAT-01545；REVIEW-MAT-01546；REVIEW-MAT-01770；REVIEW-MAT-01771,Sheet1:2465；Sheet1:2466；Sheet1:2820；Sheet1:2821,同一标准名称和规范分组下存在多个规格签名；已保守拆开，需人工确认是否为不同物料。
specs_conflict,PVC直通,工程建材/其他/PVC管件,个,品牌: 公元；规格: 75；材质: PVC || 品牌: 公元；规格: 75,REVIEW-MAT-00371；REVIEW-MAT-00383,Sheet1:644；Sheet1:670,同一标准名称和规范分组下存在多个规格签名；已保守拆开，需人工确认是否为不同物料。
low_precision_conflict,PVC直通,工程建材/其他/PVC管件,个,品牌: 公元；规格: 75；材质: PVC || 品牌: 公元；规格: 75,REVIEW-MAT-00371；REVIEW-MAT-00383,Sheet1:644；Sheet1:670,低精度/缺规格项与高精度项同时存在；低精度项已保留 needs_human_review。
specs_conflict,异径三通,工程建材/其他/PVC管件,个,品牌: 公元；规格: 40*32；类型: 三通 || 品牌: 公元；规格: 40*25；类型: 三通,REVIEW-MAT-00612；REVIEW-MAT-00613,Sheet1:1117；Sheet1:1118,同一标准名称和规范分组下存在多个规格签名；已保守拆开，需人工确认是否为不同物料。
specs_conflict,彩条布,工程建材/其他/彩条布,㎡,颜色: 三色；尺寸: 4m*30m || 宽度: 4米 || 类型: 彩条布,REVIEW-MAT-01619；REVIEW-MAT-01654；REVIEW-MAT-01708,Sheet1:2617；Sheet1:2658；Sheet1:2731,同一标准名称和规范分组下存在多个规格签名；已保守拆开，需人工确认是否为不同物料。
specs_conflict,三通,工程建材/其他/排水管件,个,品牌: 公元；规格: 75；类型: 三通 || 品牌: 公元；规格: 50；类型: 三通,REVIEW-MAT-00100；REVIEW-MAT-00103,Sheet1:160；Sheet1:165,同一标准名称和规范分组下存在多个规格签名；已保守拆开，需人工确认是否为不同物料。
specs_conflict,弯头,工程建材/其他/排水管件,个,品牌: 公元；规格: 75；类型: 弯头 || 品牌: 公元；规格: 50；类型: 弯头,REVIEW-MAT-00102；REVIEW-MAT-00104,Sheet1:163；Sheet1:166,同一标准名称和规范分组下存在多个规格签名；已保守拆开，需人工确认是否为不同物料。
specs_conflict,方木,工程建材/其他/木材,根,截面: 30*30；长度: 3.6m || 截面: 30*30；长度: 3m,REVIEW-MAT-01974；REVIEW-MAT-02213,Sheet1:3121；Sheet1:3146；Sheet1:3441,同一标准名称和规范分组下存在多个规格签名；已保守拆开，需人工确认是否为不同物料。
specs_conflict,木方,工程建材/其他/木材,根,长度: 4米；截面: 40*90 || 截面: 50*100；长度: 4m,REVIEW-MAT-01539；REVIEW-MAT-02175,Sheet1:2458；Sheet1:3383,同一标准名称和规范分组下存在多个规格签名；已保守拆开，需人工确认是否为不同物料。
specs_conflict,建筑模板,工程建材/其他/模板,张；块,颜色: 黑；尺寸: 1830*915*14 || 颜色: 红；尺寸: 1830*915*14 || 颜色: 红；尺寸: 2.4m*1.22m；厚度: 15mm || 颜色: 黑；尺寸: 2.4m*1.22m；厚度: 15mm || 原始: 黑膜板；颜色: 黑；尺寸: 1.22m*2.44m；厚度: 15mm,REVIEW-MAT-01540；REVIEW-MAT-01541；REVIEW-MAT-01994；REVIEW-MAT-02004；REVIEW-MAT-02006；REVIEW-MAT-02212,Sheet1:2459；Sheet1:2460；Sheet1:3145；Sheet1:3160；Sheet1:3164；Sheet1:3440,同一标准名称和规范分组下存在多个规格签名；已保守拆开，需人工确认是否为不同物料。
unit_conflict,建筑模板,工程建材/其他/模板,张；块,颜色: 红；尺寸: 2.4m*1.22m；厚度: 15mm,REVIEW-MAT-01994；REVIEW-MAT-02006,Sheet1:3145；Sheet1:3164,同一标准名称、规范分组和规格下存在非同义单位；未自动合并。
low_precision_conflict,建筑模板,工程建材/其他/模板,张；块,颜色: 黑；尺寸: 1830*915*14 || 颜色: 红；尺寸: 1830*915*14 || 颜色: 红；尺寸: 2.4m*1.22m；厚度: 15mm || 颜色: 黑；尺寸: 2.4m*1.22m；厚度: 15mm || 原始: 黑膜板；颜色: 黑；尺寸: 1.22m*2.44m；厚度: 15mm,REVIEW-MAT-01540；REVIEW-MAT-01541；REVIEW-MAT-01994；REVIEW-MAT-02004；REVIEW-MAT-02006；REVIEW-MAT-02212,Sheet1:2459；Sheet1:2460；Sheet1:3145；Sheet1:3160；Sheet1:3164；Sheet1:3440,低精度/缺规格项与高精度项同时存在；低精度项已保留 needs_human_review。
specs_conflict,建筑模板,工程建材/其他/模板木方,张；块,尺寸: 2.44*1.22*15 || 尺寸: 2.44*1.22*1.5；颜色: 黑色 || 尺寸: 2.44*1.22*1.5；特征: 厚,REVIEW-MAT-01200；REVIEW-MAT-01218；REVIEW-MAT-01230,Sheet1:1994；Sheet1:2017；Sheet1:2040,同一标准名称和规范分组下存在多个规格签名；已保守拆开，需人工确认是否为不同物料。
low_precision_conflict,建筑模板,工程建材/其他/模板木方,张；块,尺寸: 2.44*1.22*15 || 尺寸: 2.44*1.22*1.5；颜色: 黑色 || 尺寸: 2.44*1.22*1.5；特征: 厚,REVIEW-MAT-01200；REVIEW-MAT-01218；REVIEW-MAT-01230,Sheet1:1994；Sheet1:2017；Sheet1:2040,低精度/缺规格项与高精度项同时存在；低精度项已保留 needs_human_review。
specs_conflict,木方,工程建材/其他/模板木方,米,规格: 4*9 || 规格: 4*4,REVIEW-MAT-00021；REVIEW-MAT-00022,Sheet1:33；Sheet1:34；Sheet1:57,同一标准名称和规范分组下存在多个规格签名；已保守拆开，需人工确认是否为不同物料。
specs_conflict,黑模板,工程建材/其他/模板木方,张,尺寸: 1.22*2.44；厚度: 3.0；颜色: 黑 || 厚度: 3.0；颜色: 黑,REVIEW-MAT-00381；REVIEW-MAT-00619,Sheet1:1135；Sheet1:662,同一标准名称和规范分组下存在多个规格签名；已保守拆开，需人工确认是否为不同物料。
low_precision_conflict,黑模板,工程建材/其他/模板木方,张,尺寸: 1.22*2.44；厚度: 3.0；颜色: 黑 || 厚度: 3.0；颜色: 黑,REVIEW-MAT-00381；REVIEW-MAT-00619,Sheet1:1135；Sheet1:662,低精度/缺规格项与高精度项同时存在；低精度项已保留 needs_human_review。
specs_conflict,加厚油布,工程建材/其他/油布,㎡；块,尺寸: 12米*12米；特征: 加厚 || 尺寸: 10米*8米；特征: 加厚 || 特征: 加厚；尺寸: 6m*6m || 特征: 加厚；尺寸: 4m*4m || 特征: 加厚；尺寸: 4m*8m,REVIEW-MAT-01616；REVIEW-MAT-01617；REVIEW-MAT-02107；REVIEW-MAT-02232；REVIEW-MAT-02233,Sheet1:2613；Sheet1:2614；Sheet1:3288；Sheet1:3471；Sheet1:3472,同一标准名称和规范分组下存在多个规格签名；已保守拆开，需人工确认是否为不同物料。
specs_conflict,油布,工程建材/其他/油布,㎡,尺寸: 4米*6米 || 尺寸: 10m*8.5m,REVIEW-MAT-01655；REVIEW-MAT-01766,Sheet1:2659；Sheet1:2811；Sheet1:2846；Sheet1:3087,同一标准名称和规范分组下存在多个规格签名；已保守拆开，需人工确认是否为不同物料。
specs_conflict,不锈钢洗脸盆,工程建材/其他/洁具,台；套,材质: 不锈钢；长度: 2米；特征: 加厚 || 材质: 不锈钢；规格: 120*80；特征: 加厚,REVIEW-MAT-00078；REVIEW-MAT-00118,Sheet1:125；Sheet1:193,同一标准名称和规范分组下存在多个规格签名；已保守拆开，需人工确认是否为不同物料。
specs_conflict,水泥砖,工程建材/其他/砌块砖,块；个,材质: 水泥 || 规格: 95；材质: 水泥,REVIEW-MAT-00194；REVIEW-MAT-01397,Sheet1:2275；Sheet1:344,同一标准名称和规范分组下存在多个规格签名；已保守拆开，需人工确认是否为不同物料。
specs_conflict,堵头,工程建材/其他/管件,个,规格: 4分 || 规格: 6分,REVIEW-MAT-00047；REVIEW-MAT-00048,Sheet1:72；Sheet1:73,同一标准名称和规范分组下存在多个规格签名；已保守拆开，需人工确认是否为不同物料。
specs_conflict,焊接弯头,工程建材/其他/管件,个,规格: 325*8；特征: 加厚；连接: 焊接 || 规格: 159*8；特征: 加厚；连接: 焊接 || 规格: 89；连接: 焊接 || 规格: 168；连接: 焊接 || 规格: 325；特征: 加厚；连接: 焊接,REVIEW-MAT-00333；REVIEW-MAT-00359；REVIEW-MAT-00680；REVIEW-MAT-00681；REVIEW-MAT-00754,Sheet1:1246；Sheet1:1247；Sheet1:1385；Sheet1:568；Sheet1:625,同一标准名称和规范分组下存在多个规格签名；已保守拆开，需人工确认是否为不同物料。
specs_conflict,管卡,工程建材/其他/管道紧固,个,规格: 32；类型: 管卡 || 品牌: 公元；规格: 110,REVIEW-MAT-00418；REVIEW-MAT-00626,Sheet1:1148；Sheet1:722,同一标准名称和规范分组下存在多个规格签名；已保守拆开，需人工确认是否为不同物料。
specs_conflict,顶托,工程建材/其他/脚手架配件,支；套,规格: 30*500；特征: 厚 || 规格: 38*600；特征: 厚,REVIEW-MAT-00493；REVIEW-MAT-00505,Sheet1:864；Sheet1:890,同一标准名称和规范分组下存在多个规格签名；已保守拆开，需人工确认是否为不同物料。
specs_conflict,铜挂锁,工程建材/其他/锁具,把；个,材质: 铜 || 材质: 铜；钥匙类型: 通开,REVIEW-MAT-01210；REVIEW-MAT-01356,Sheet1:2006；Sheet1:2216,同一标准名称和规范分组下存在多个规格签名；已保守拆开，需人工确认是否为不同物料。
specs_conflict,不锈钢球阀,工程建材/其他/阀门,个,规格: 25；材质: 不锈钢；类型: 球阀 || 品牌: 埃美柯；规格: 80；材质: 不锈钢；特征: 加厚 || 品牌: 埃美柯；规格: 50；材质: 不锈钢；特征: 加厚 || 品牌: 埃美柯；规格: 80；材质: 不锈钢；特征: 厚,REVIEW-MAT-00554；REVIEW-MAT-00666；REVIEW-MAT-00717；REVIEW-MAT-00759,Sheet1:1007；Sheet1:1220；Sheet1:1316；Sheet1:1392,同一标准名称和规范分组下存在多个规格签名；已保守拆开，需人工确认是否为不同物料。
specs_conflict,加厚不锈钢球阀,工程建材/其他/阀门,个,品牌: 埃美柯；规格: DN65；材质: 不锈钢；特征: 加厚 || 品牌: 埃美柯；规格: 40；材质: 不锈钢；特征: 加厚,REVIEW-MAT-00204；REVIEW-MAT-00205,Sheet1:363；Sheet1:365,同一标准名称和规范分组下存在多个规格签名；已保守拆开，需人工确认是否为不同物料。
specs_conflict,铜止回阀,工程建材/其他/阀门,个,品牌: 埃美柯；材质: 铜；规格: 32；类型: 止回阀 || 品牌: 埃美柯；规格: 25；材质: 铜；类型: 止回阀,REVIEW-MAT-00122；REVIEW-MAT-00140,Sheet1:210；Sheet1:246,同一标准名称和规范分组下存在多个规格签名；已保守拆开，需人工确认是否为不同物料。
specs_conflict,油布,工程建材/其他/防护覆盖,平方,特征: 加厚 || 类型: 油布,REVIEW-MAT-00548；REVIEW-MAT-00761,Sheet1:1231；Sheet1:1396；Sheet1:994,同一标准名称和规范分组下存在多个规格签名；已保守拆开，需人工确认是否为不同物料。
specs_conflict,彩钢瓦,工程建材/板材型材/板材,米；平方,规格: 1*0.84 || 规格: 1.6*0.84 || 厚度/规格: 0.5,REVIEW-MAT-00511；REVIEW-MAT-00512；REVIEW-MAT-00547,Sheet1:910；Sheet1:911；Sheet1:992,同一标准名称和规范分组下存在多个规格签名；已保守拆开，需人工确认是否为不同物料。
specs_conflict,PPR三通,工程建材/水暖建材/水暖五金,个,品牌: 公元；规格: 25；类型: 三通 || 规格: 25；类型: 三通,REVIEW-MAT-00042；REVIEW-MAT-00096,Sheet1:152；Sheet1:67,同一标准名称和规范分组下存在多个规格签名；已保守拆开，需人工确认是否为不同物料。
specs_conflict,PPR内牙三通,工程建材/水暖建材/水暖五金,个,品牌: 公元；规格: 25；连接: 内牙；类型: 三通 || 品牌: 公元；规格: 25；材质: PPR；连接: 内牙；类型: 三通,REVIEW-MAT-00043；REVIEW-MAT-00443,Sheet1:68；Sheet1:767,同一标准名称和规范分组下存在多个规格签名；已保守拆开，需人工确认是否为不同物料。
low_precision_conflict,PPR内牙三通,工程建材/水暖建材/水暖五金,个,品牌: 公元；规格: 25；连接: 内牙；类型: 三通 || 品牌: 公元；规格: 25；材质: PPR；连接: 内牙；类型: 三通,REVIEW-MAT-00043；REVIEW-MAT-00443,Sheet1:68；Sheet1:767,低精度/缺规格项与高精度项同时存在；低精度项已保留 needs_human_review。
specs_conflict,PPR内牙弯头,工程建材/水暖建材/水暖五金,个,品牌: 公元；规格: 25；连接: 内牙；类型: 弯头 || 规格: PPR25*4分；连接: 内牙；类型: 弯头,REVIEW-MAT-00045；REVIEW-MAT-00097,Sheet1:153；Sheet1:70,同一标准名称和规范分组下存在多个规格签名；已保守拆开，需人工确认是否为不同物料。
specs_conflict,PPR弯头,工程建材/水暖建材/水暖五金,个,品牌: 公元；规格: 25；类型: 弯头 || 规格: 25；类型: 弯头 || 品牌: 公元；规格: 25；材质: PPR,REVIEW-MAT-00029；REVIEW-MAT-00111；REVIEW-MAT-00714,Sheet1:1311；Sheet1:180；Sheet1:44,同一标准名称和规范分组下存在多个规格签名；已保守拆开，需人工确认是否为不同物料。
low_precision_conflict,PPR弯头,工程建材/水暖建材/水暖五金,个,品牌: 公元；规格: 25；类型: 弯头 || 规格: 25；类型: 弯头 || 品牌: 公元；规格: 25；材质: PPR,REVIEW-MAT-00029；REVIEW-MAT-00111；REVIEW-MAT-00714,Sheet1:1311；Sheet1:180；Sheet1:44,低精度/缺规格项与高精度项同时存在；低精度项已保留 needs_human_review。
specs_conflict,PPR接头,工程建材/水暖建材/水暖五金,个,品牌: 公元；规格: 25；材质: PPR || 规格: 200；材质: PPR,REVIEW-MAT-00442；REVIEW-MAT-00731,Sheet1:1344；Sheet1:766,同一标准名称和规范分组下存在多个规格签名；已保守拆开，需人工确认是否为不同物料。
specs_conflict,PPR直通,工程建材/水暖建材/水暖五金,个,品牌: 公元；规格: 25；类型: 直通 || 品牌: 公元；规格: 25；材质: PPR,REVIEW-MAT-00028；REVIEW-MAT-00716,Sheet1:1313；Sheet1:43,同一标准名称和规范分组下存在多个规格签名；已保守拆开，需人工确认是否为不同物料。
low_precision_conflict,PPR直通,工程建材/水暖建材/水暖五金,个,品牌: 公元；规格: 25；类型: 直通 || 品牌: 公元；规格: 25；材质: PPR,REVIEW-MAT-00028；REVIEW-MAT-00716,Sheet1:1313；Sheet1:43,低精度/缺规格项与高精度项同时存在；低精度项已保留 needs_human_review。
specs_conflict,PPR管,工程建材/水暖建材/水暖五金,米,品牌: 公元；规格: 25 || 品牌: 公元；规格: 25；材质: PPR || 规格: DN200；材质: PPR,REVIEW-MAT-00027；REVIEW-MAT-00441；REVIEW-MAT-00730,Sheet1:1309；Sheet1:1343；Sheet1:169；Sheet1:42；Sheet1:765,同一标准名称和规范分组下存在多个规格签名；已保守拆开，需人工确认是否为不同物料。
low_precision_conflict,PPR管,工程建材/水暖建材/水暖五金,米,品牌: 公元；规格: 25 || 品牌: 公元；规格: 25；材质: PPR || 规格: DN200；材质: PPR,REVIEW-MAT-00027；REVIEW-MAT-00441；REVIEW-MAT-00730,Sheet1:1309；Sheet1:1343；Sheet1:169；Sheet1:42；Sheet1:765,低精度/缺规格项与高精度项同时存在；低精度项已保留 needs_human_review。
specs_conflict,PPR阀门,工程建材/水暖建材/水暖五金,个,品牌: 公元；规格: 25；类型: 阀门 || 品牌: 公元；规格: 90；材质: PPR,REVIEW-MAT-00109；REVIEW-MAT-00423,Sheet1:175；Sheet1:737,同一标准名称和规范分组下存在多个规格签名；已保守拆开，需人工确认是否为不同物料。
low_precision_conflict,PPR阀门,工程建材/水暖建材/水暖五金,个,品牌: 公元；规格: 25；类型: 阀门 || 品牌: 公元；规格: 90；材质: PPR,REVIEW-MAT-00109；REVIEW-MAT-00423,Sheet1:175；Sheet1:737,低精度/缺规格项与高精度项同时存在；低精度项已保留 needs_human_review。
unit_conflict,冷热水龙头,工程建材/水暖建材/水暖五金,个；套,规格: 4分；类型: 冷热,REVIEW-MAT-00088；REVIEW-MAT-00146,Sheet1:140；Sheet1:256；Sheet1:379,同一标准名称、规范分组和规格下存在非同义单位；未自动合并。
low_precision_conflict,冷热水龙头,工程建材/水暖建材/水暖五金,个；套,规格: 4分；类型: 冷热,REVIEW-MAT-00088；REVIEW-MAT-00146,Sheet1:140；Sheet1:256；Sheet1:379,低精度/缺规格项与高精度项同时存在；低精度项已保留 needs_human_review。
unit_conflict,水龙头花洒套装,工程建材/水暖建材/水暖五金,套；个,类型: 水龙头+花洒,REVIEW-MAT-00067；REVIEW-MAT-00216,Sheet1:103；Sheet1:141；Sheet1:380,同一标准名称、规范分组和规格下存在非同义单位；未自动合并。
low_precision_conflict,水龙头花洒套装,工程建材/水暖建材/水暖五金,套；个,类型: 水龙头+花洒,REVIEW-MAT-00067；REVIEW-MAT-00216,Sheet1:103；Sheet1:141；Sheet1:380,低精度/缺规格项与高精度项同时存在；低精度项已保留 needs_human_review。
specs_conflict,生料带,工程建材/水暖建材/水暖五金,个,类型: 密封带 || 类型: 生料带,REVIEW-MAT-00108；REVIEW-MAT-00435,Sheet1:174；Sheet1:752,同一标准名称和规范分组下存在多个规格签名；已保守拆开，需人工确认是否为不同物料。
low_precision_conflict,生料带,工程建材/水暖建材/水暖五金,个,类型: 密封带 || 类型: 生料带,REVIEW-MAT-00108；REVIEW-MAT-00435,Sheet1:174；Sheet1:752,低精度/缺规格项与高精度项同时存在；低精度项已保留 needs_human_review。
specs_conflict,金属软管,工程建材/水暖建材/水暖五金,个；根,长度: 80公分；材质: 金属 || 长度: 40公分；材质: 金属 || 规格: 4分；长度: 60,REVIEW-MAT-00106；REVIEW-MAT-00107；REVIEW-MAT-00147,Sheet1:172；Sheet1:173；Sheet1:257,同一标准名称和规范分组下存在多个规格签名；已保守拆开，需人工确认是否为不同物料。
low_precision_conflict,金属软管,工程建材/水暖建材/水暖五金,个；根,长度: 80公分；材质: 金属 || 长度: 40公分；材质: 金属 || 规格: 4分；长度: 60,REVIEW-MAT-00106；REVIEW-MAT-00107；REVIEW-MAT-00147,Sheet1:172；Sheet1:173；Sheet1:257,低精度/缺规格项与高精度项同时存在；低精度项已保留 needs_human_review。
specs_conflict,双快水泥,工程建材/水泥砂石/水泥砂石,包,类型: 双快 || 类型: 双快水泥,REVIEW-MAT-00682；REVIEW-MAT-01371；REVIEW-MAT-01431,Sheet1:1249；Sheet1:2234；Sheet1:2323；Sheet1:2350；Sheet1:2463；Sheet1:2817,同一标准名称和规范分组下存在多个规格签名；已保守拆开，需人工确认是否为不同物料。
specs_conflict,普通硅酸盐水泥,工程建材/水泥砂石/水泥砂石,包,标号: PO42.5 || 品牌: 海螺；强度等级: 42.5,REVIEW-MAT-00453；REVIEW-MAT-01786,Sheet1:1005；Sheet1:1008；Sheet1:1011；Sheet1:1013；Sheet1:1026；Sheet1:2854；Sheet1:3361；Sheet1:3444；Sheet1:782；Sheet1:990；Sheet1:996,同一标准名称和规范分组下存在多个规格签名；已保守拆开，需人工确认是否为不同物料。
specs_conflict,水泥,工程建材/水泥砂石/水泥砂石,包,品类: 水泥 || 标号/型号: PC425,REVIEW-MAT-00831；REVIEW-MAT-01378,Sheet1:1485；Sheet1:2243；Sheet1:2276,同一标准名称和规范分组下存在多个规格签名；已保守拆开，需人工确认是否为不同物料。
specs_conflict,石子,工程建材/水泥砂石/水泥砂石,斤；包,粒径: 4-6MM || 包装: 大包,REVIEW-MAT-00032；REVIEW-MAT-00082,Sheet1:130；Sheet1:48,同一标准名称和规范分组下存在多个规格签名；已保守拆开，需人工确认是否为不同物料。
low_precision_conflict,石子,工程建材/水泥砂石/水泥砂石,斤；包,粒径: 4-6MM || 包装: 大包,REVIEW-MAT-00032；REVIEW-MAT-00082,Sheet1:130；Sheet1:48,低精度/缺规格项与高精度项同时存在；低精度项已保留 needs_human_review。
specs_conflict,黄砂,工程建材/水泥砂石/水泥砂石,吨,类型: 黄砂 || 材料: 黄砂,REVIEW-MAT-01785；REVIEW-MAT-02269,Sheet1:2853；Sheet1:3161；Sheet1:3445；Sheet1:3529；Sheet1:3534,同一标准名称和规范分组下存在多个规格签名；已保守拆开，需人工确认是否为不同物料。
specs_conflict,对讲机,弱电安防/通信与监控/通信设备,部,品牌: 小米；代际: 二代 || 品牌: 小米；型号: 二代,REVIEW-MAT-01980；REVIEW-MAT-02289,Sheet1:3131；Sheet1:3219；Sheet1:3469；Sheet1:3558；Sheet1:3572；Sheet1:3603,同一标准名称和规范分组下存在多个规格签名；已保守拆开，需人工确认是否为不同物料。
specs_conflict,卷尺,待治理/待治理/卷尺,把,长度: 3m || 长度: 5m,REVIEW-MAT-02351；REVIEW-MAT-02352,Sheet1:3651；Sheet1:3652,同一标准名称和规范分组下存在多个规格签名；已保守拆开，需人工确认是否为不同物料。
specs_conflict,连接头,消防器材/消防管件与接头/消防接头,个,规格: 100 || 规格: 65 || 规格: 80,REVIEW-MAT-01317；REVIEW-MAT-01320；REVIEW-MAT-01321,Sheet1:2156；Sheet1:2159；Sheet1:2160,同一标准名称和规范分组下存在多个规格签名；已保守拆开，需人工确认是否为不同物料。
specs_conflict,铝合金消防枪头管接头套件,消防器材/消防管件与接头/消防接头,套,材质: 铝合金；规格: 80型；包含: 消防枪头+管接头 || 材质: 铝合金；规格: 65型；包含: 消防枪头+管接头,REVIEW-MAT-02330；REVIEW-MAT-02331,Sheet1:3620；Sheet1:3621,同一标准名称和规范分组下存在多个规格签名；已保守拆开，需人工确认是否为不同物料。
specs_conflict,消防水带,消防器材/灭火器与水带/消防水带,米,规格: 65；特征: 加厚 || 规格: 80；用途: 消防 || 特性: 防爆；直径: Φ80,REVIEW-MAT-01271；REVIEW-MAT-01319；REVIEW-MAT-02195,Sheet1:2088；Sheet1:2158；Sheet1:3416,同一标准名称和规范分组下存在多个规格签名；已保守拆开，需人工确认是否为不同物料。
specs_conflict,灭火器,消防器材/灭火器与水带/灭火器,支；个；瓶；只,容量: 4KG || 规格: 2kg || 灭火剂重量: 2KG,REVIEW-MAT-00549；REVIEW-MAT-01115；REVIEW-MAT-01556；REVIEW-MAT-02163,Sheet1:1880；Sheet1:2524；Sheet1:2764；Sheet1:2840；Sheet1:3368；Sheet1:3473；Sheet1:3559；Sheet1:997,同一标准名称和规范分组下存在多个规格签名；已保守拆开，需人工确认是否为不同物料。
unit_conflict,灭火器,消防器材/灭火器与水带/灭火器,瓶；只,灭火剂重量: 2KG,REVIEW-MAT-01556；REVIEW-MAT-02163,Sheet1:2524；Sheet1:2764；Sheet1:2840；Sheet1:3368；Sheet1:3473；Sheet1:3559,同一标准名称、规范分组和规格下存在非同义单位；未自动合并。
specs_conflict,灭火器箱,消防器材/灭火器与水带/灭火器,个,类型: 灭火器箱 || 用途: 灭火器存放,REVIEW-MAT-01116；REVIEW-MAT-02164,Sheet1:1881；Sheet1:3369；Sheet1:3474；Sheet1:3560,同一标准名称和规范分组下存在多个规格签名；已保守拆开，需人工确认是否为不同物料。
specs_conflict,45度黄油嘴,润滑系统/润滑设备配件/润滑泵管路,只,角度: 45度；螺纹: M8 || 角度: 45度；螺纹: M12 || 角度: 45度；螺纹: M6 || 角度: 45度；螺纹: M10,REVIEW-MAT-02303；REVIEW-MAT-02304；REVIEW-MAT-02311；REVIEW-MAT-02312,Sheet1:3580；Sheet1:3581；Sheet1:3590；Sheet1:3591,同一标准名称和规范分组下存在多个规格签名；已保守拆开，需人工确认是否为不同物料。
specs_conflict,电动油脂泵,润滑系统/润滑设备配件/润滑泵管路,台,容量: 6L；出口数: 3出口；配置: 带时控器 || 电压: 380V；容量: 8L；出口数: 4出口,REVIEW-MAT-01851；REVIEW-MAT-02315,Sheet1:2948；Sheet1:3594,同一标准名称和规范分组下存在多个规格签名；已保守拆开，需人工确认是否为不同物料。
specs_conflict,黄油嘴,润滑系统/润滑设备配件/润滑泵管路,个；只,螺纹: M10*1.5 || 螺纹: M12*1.5 || 螺纹: M14*1.5 || 螺纹: M16*1.5 || 螺纹: M18*1.5 || 螺纹: M20*1.5 || 材质: 纯铜；规格: M10 || 螺纹: M6 || 螺纹: M8 || 螺纹: M10 || 螺纹: M12,REVIEW-MAT-01037；REVIEW-MAT-01038；REVIEW-MAT-01039；REVIEW-MAT-01040；REVIEW-MAT-01041；REVIEW-MAT-01042；REVIEW-MAT-01890；REVIEW-MAT-02301；REVIEW-MAT-02302；REVIEW-MAT-02309；REVIEW-MAT-02310,Sheet1:1769；Sheet1:1770；Sheet1:1771；Sheet1:1772；Sheet1:1773；Sheet1:1774；Sheet1:3007；Sheet1:3578；Sheet1:3579；Sheet1:3588；Sheet1:3589,同一标准名称和规范分组下存在多个规格签名；已保守拆开，需人工确认是否为不同物料。
specs_conflict,合金两半扣,液压气动/其他/管路扣件,套,材质: 合金；规格: DN100；类型: 两半扣 || 材质: 合金；规格: DN50；类型: 两半扣 || 材质: 合金；规格: DN80；类型: 两半扣,REVIEW-MAT-01743；REVIEW-MAT-02250；REVIEW-MAT-02251,Sheet1:2780；Sheet1:3499；Sheet1:3500,同一标准名称和规范分组下存在多个规格签名；已保守拆开，需人工确认是否为不同物料。
specs_conflict,气管,液压气动/气动元件/接头阀管,米,外径: 10mm || 外径: 16mm,REVIEW-MAT-01114；REVIEW-MAT-01117,Sheet1:1879；Sheet1:1882,同一标准名称和规范分组下存在多个规格签名；已保守拆开，需人工确认是否为不同物料。
specs_conflict,不锈钢快接公头,液压气动/液压接头/液压接头,只,材质: 不锈钢；类型: 快接公头；型号: PP20 || 材质: 不锈钢；类型: 快接公头；型号: PP30 || 材质: 不锈钢；类型: 快接公头；型号: PP60,REVIEW-MAT-02060；REVIEW-MAT-02061；REVIEW-MAT-02062,Sheet1:3232；Sheet1:3233；Sheet1:3234,同一标准名称和规范分组下存在多个规格签名；已保守拆开，需人工确认是否为不同物料。
specs_conflict,不锈钢直通快插接头,液压气动/液压接头/液压接头,个,材质: 304不锈钢；型号: QS-1/4-12；类型: 直通快插 || 材质: 304不锈钢；型号: QS-1/4-10；类型: 直通快插 || 材质: 304不锈钢；型号: QS-1/4-8；类型: 直通快插,REVIEW-MAT-02083；REVIEW-MAT-02084；REVIEW-MAT-02085,Sheet1:3260；Sheet1:3261；Sheet1:3262,同一标准名称和规范分组下存在多个规格签名；已保守拆开，需人工确认是否为不同物料。
specs_conflict,气管三通接头,液压气动/液压接头/液压接头,个,规格: 8厘；类型: 三通 || 规格: 10厘；类型: 三通 || 规格: 16厘；类型: 三通,REVIEW-MAT-00989；REVIEW-MAT-00990；REVIEW-MAT-00991,Sheet1:1703；Sheet1:1704；Sheet1:1705,同一标准名称和规范分组下存在多个规格签名；已保守拆开，需人工确认是否为不同物料。
specs_conflict,气管弯头接头,液压气动/液压接头/液压接头,个,规格: 8厘；类型: 弯头 || 规格: 10厘；类型: 弯头 || 规格: 16厘；类型: 弯头,REVIEW-MAT-00986；REVIEW-MAT-00987；REVIEW-MAT-00988,Sheet1:1700；Sheet1:1701；Sheet1:1702,同一标准名称和规范分组下存在多个规格签名；已保守拆开，需人工确认是否为不同物料。
specs_conflict,气管直通接头,液压气动/液压接头/液压接头,个,规格: 8厘；类型: 直通 || 规格: 10厘；类型: 直通 || 规格: 16厘；类型: 直通,REVIEW-MAT-00983；REVIEW-MAT-00984；REVIEW-MAT-00985,Sheet1:1697；Sheet1:1698；Sheet1:1699,同一标准名称和规范分组下存在多个规格签名；已保守拆开，需人工确认是否为不同物料。
specs_conflict,三通接头,液压气动/液压管路/高压胶管,只,螺纹/规格: 36*2；类型: 三通 || 螺纹: 20*1.5；类型: 三通,REVIEW-MAT-01476；REVIEW-MAT-01587,Sheet1:2379；Sheet1:2561；Sheet1:2564；Sheet1:3251,同一标准名称和规范分组下存在多个规格签名；已保守拆开，需人工确认是否为不同物料。
specs_conflict,不锈钢卡套接头,液压气动/液压管路/高压胶管,个,规格: 6*8；材质: 不锈钢 || 规格: 6*12；材质: 不锈钢,REVIEW-MAT-00262；REVIEW-MAT-00263,Sheet1:448；Sheet1:449；Sheet1:452；Sheet1:461,同一标准名称和规范分组下存在多个规格签名；已保守拆开，需人工确认是否为不同物料。
specs_conflict,不锈钢卡扣接头,液压气动/液压管路/高压胶管,个,规格: DN6*6；材质: 不锈钢 || 规格: DN6*10；材质: 不锈钢,REVIEW-MAT-00246；REVIEW-MAT-00247,Sheet1:429；Sheet1:430,同一标准名称和规范分组下存在多个规格签名；已保守拆开，需人工确认是否为不同物料。
specs_conflict,加厚铜接头,液压气动/液压管路/高压胶管,个,规格: 80；材质: 铜；特征: 加厚 || 规格: 50；材质: 铜；特征: 加厚 || 规格: DN80；材质: 铜；特征: 加厚 || 规格: DN50；材质: 铜；特征: 加厚 || 规格: 100；材质: 铜；特征: 加厚,REVIEW-MAT-00931；REVIEW-MAT-00950；REVIEW-MAT-01154；REVIEW-MAT-01155；REVIEW-MAT-01409,Sheet1:1626；Sheet1:1651；Sheet1:1653；Sheet1:1714；Sheet1:1932；Sheet1:1934；Sheet1:2269；Sheet1:2270；Sheet1:2294,同一标准名称和规范分组下存在多个规格签名；已保守拆开，需人工确认是否为不同物料。
specs_conflict,加厚铝合金扣,液压气动/液压管路/高压胶管,个,规格: 50；材质: 铝合金；特征: 加厚 || 规格: 80；材质: 铝合金；特征: 加厚 || 规格: 100；材质: 铝合金；特征: 加厚,REVIEW-MAT-01395；REVIEW-MAT-01396；REVIEW-MAT-01408,Sheet1:2271；Sheet1:2272；Sheet1:2293,同一标准名称和规范分组下存在多个规格签名；已保守拆开，需人工确认是否为不同物料。
specs_conflict,变径对丝接头,液压气动/液压管路/高压胶管,只,规格: 25*2/36*2；类型: 变径对丝 || 规格: 1寸/36*2H；类型: 变径对丝,REVIEW-MAT-01584；REVIEW-MAT-02075,Sheet1:2559；Sheet1:3250,同一标准名称和规范分组下存在多个规格签名；已保守拆开，需人工确认是否为不同物料。
specs_conflict,变径接头,液压气动/液压管路/高压胶管,只,规格: 25*2/36*2；类型: 大小头/变径 || 规格: 1/2-3/4；类型: 变径,REVIEW-MAT-01473；REVIEW-MAT-01491,Sheet1:2376；Sheet1:2395,同一标准名称和规范分组下存在多个规格签名；已保守拆开，需人工确认是否为不同物料。
specs_conflict,对丝接头,液压气动/液压管路/高压胶管,只,螺纹/规格: 36*2；类型: 对丝 || 规格: 1/2；类型: 对丝 || 螺纹: 20*1.5；类型: 对丝 || 螺纹/规格: 36*2H；类型: 对丝接头,REVIEW-MAT-01477；REVIEW-MAT-01490；REVIEW-MAT-01588；REVIEW-MAT-02073,Sheet1:2380；Sheet1:2394；Sheet1:2560；Sheet1:2565；Sheet1:3248,同一标准名称和规范分组下存在多个规格签名；已保守拆开，需人工确认是否为不同物料。
specs_conflict,油管快速接头,液压气动/液压管路/高压胶管,套,规格: 52；类型: 快速接头 || 规格: 45；类型: 快速接头 || 规格: 36；类型: 快速接头 || 规格: 30；类型: 快速接头,REVIEW-MAT-01062；REVIEW-MAT-01063；REVIEW-MAT-01064；REVIEW-MAT-01065,Sheet1:1807；Sheet1:1808；Sheet1:1809；Sheet1:1810,同一标准名称和规范分组下存在多个规格签名；已保守拆开，需人工确认是否为不同物料。
specs_conflict,油管护套,液压气动/液压管路/高压胶管,只,螺纹/规格: M20*1.5 || 螺纹/规格: M48*2 || 螺纹/规格: M36*2 || 螺纹/规格: M42*4 || 螺纹/规格: M52*2 || 螺纹/规格: M16*1,REVIEW-MAT-01686；REVIEW-MAT-01687；REVIEW-MAT-01688；REVIEW-MAT-01689；REVIEW-MAT-01690；REVIEW-MAT-01691,Sheet1:2702；Sheet1:2703；Sheet1:2704；Sheet1:2705；Sheet1:2706；Sheet1:2707,同一标准名称和规范分组下存在多个规格签名；已保守拆开，需人工确认是否为不同物料。
specs_conflict,胶管总成,液压气动/液压管路/高压胶管,根；条,螺纹/规格: 36*2；层数: 2层；长度: 12米 || 螺纹/规格: 36*2；层数: 2层；长度: 17.7米 || 螺纹/规格: 36*2；层数: 2层；长度: 5.2米 || 螺纹/规格: 36*2；层数: 2层；长度: 7.9米 || 螺纹/规格: 36*2；层数: 2层；长度: 15.9米 || 螺纹/规格: 36*2；层数: 2层；长度: 2.3米 || 螺纹/规格: 36*2；层数: 2层；长度: 3.4米 || 螺纹/规格: 36*2；层数: 2层；长度: 3.9米 || 螺纹/规格: 36*2；层数: 2层；长度: 1.1米 || 螺纹/规格: 36*2；层数: 2层；长度: 7.5米 || 螺纹/规格: 36*2；层数: 2层；长度: 1米 || 螺纹/规格: 36*2；层数: 2层；长度: 1.3米 || 螺纹/规格: 36*2；层数: 2层；长度: 5.9米 || 螺纹/规格: 36*2；层数: 2层；长度: 3.3米 || 螺纹/规格: 36*2；层数: 2层；长度: 8.3米 || 螺纹/规格: 36*2；层数: 2层；长度: 4.2米 || 螺纹/规格: 36*2；层数: 2层；长度: 1.2米 || 螺纹/规格: 36*2；层数: 2层；长度: 7.3米 || 规格: 36*2H；层数: 2层；长度: 3米 || 规格: 36*2H；层数: 2层；长度: 2米 || 螺纹/规格: 36*2；层数: 2层；长度: 2.5米 || 螺纹/规格: 36*2；层数: 2层；长度: 10米 || 螺纹/规格: 36*2；层数: 2层；长度: 11米 || 螺纹/规格: 36*2；层数: 2层；长度: 15米 || 螺纹: M20*1.5；层数: 2层；长度: 1米 || 螺纹: M20*1.5；层数: 2层；长度: 0.5米 || 规格: 36*2H；层数: 2层；长度: 2.5米 || 规格: 36*2H；层数: 2层；长度: 1米 || 规格: 36*2H；层数: 2层；长度: 3.4米 || 规格: 36*2H；层数: 2层；长度: 12米 || 规格: 36*2H；层数: 2层；长度: 10米 || 规格: 36*2H；层数: 2层；长度: 11米 || 规格: 36*2H；层数: 2层；长度: 14米,REVIEW-MAT-01457；REVIEW-MAT-01458；REVIEW-MAT-01459；REVIEW-MAT-01460；REVIEW-MAT-01461；REVIEW-MAT-01462；REVIEW-MAT-01463；REVIEW-MAT-01464；REVIEW-MAT-01465；REVIEW-MAT-01466；REVIEW-MAT-01467；REVIEW-MAT-01468；REVIEW-MAT-01469；REVIEW-MAT-01470；REVIEW-MAT-01485；REVIEW-MAT-01486；REVIEW-MAT-01487；REVIEW-MAT-01488；REVIEW-MAT-01519；REVIEW-MAT-01520；REVIEW-MAT-01577；REVIEW-MAT-01578；REVIEW-MAT-01579；REVIEW-MAT-01580；REVIEW-MAT-01585；REVIEW-MAT-01586；REVIEW-MAT-01605；REVIEW-MAT-01606；REVIEW-MAT-01607；REVIEW-MAT-01608；REVIEW-MAT-01609；REVIEW-MAT-01610；REVIEW-MAT-01611,Sheet1:2360；Sheet1:2361；Sheet1:2362；Sheet1:2363；Sheet1:2364；Sheet1:2365；Sheet1:2366；Sheet1:2367；Sheet1:2368；Sheet1:2369；Sheet1:2370；Sheet1:2371；Sheet1:2372；Sheet1:2373；Sheet1:2388；Sheet1:2389；Sheet1:2390；Sheet1:2391；Sheet1:2408；Sheet1:2426；Sheet1:2427；Sheet1:2549；Sheet1:2550；Sheet1:2551；Sheet1:2552；Sheet1:2553；Sheet1:2554；Sheet1:2555；Sheet1:2562；Sheet1:2563；Sheet1:2589；Sheet1:2590；Sheet1:2591；Sheet1:2592；Sheet1:2593；Sheet1:2594；Sheet1:2595,同一标准名称和规范分组下存在多个规格签名；已保守拆开，需人工确认是否为不同物料。
specs_conflict,超高压接头,液压气动/液压管路/高压胶管,套,品牌: 日东；系列/规格: 38S；等级: 超高压 || 品牌: 日东；系列/规格: 42L；等级: 超高压,REVIEW-MAT-01516；REVIEW-MAT-01517,Sheet1:2423；Sheet1:2424,同一标准名称和规范分组下存在多个规格签名；已保守拆开，需人工确认是否为不同物料。
specs_conflict,铜头铝套组件,液压气动/液压管路/高压胶管,个,规格: 80；组成: 铜头、铝扣；特征: 加厚 || 规格: 50；组成: 铜头、铝扣,REVIEW-MAT-00932；REVIEW-MAT-01046,Sheet1:1627；Sheet1:1782,同一标准名称和规范分组下存在多个规格签名；已保守拆开，需人工确认是否为不同物料。
low_precision_conflict,铜头铝套组件,液压气动/液压管路/高压胶管,个,规格: 80；组成: 铜头、铝扣；特征: 加厚 || 规格: 50；组成: 铜头、铝扣,REVIEW-MAT-00932；REVIEW-MAT-01046,Sheet1:1627；Sheet1:1782,低精度/缺规格项与高精度项同时存在；低精度项已保留 needs_human_review。
specs_conflict,高压堵头,液压气动/液压管路/高压胶管,个,规格: 1/2英寸；类型: 堵头 || 规格: 3/4英寸；类型: 堵头 || 规格: 1英寸；类型: 堵头 || 规格: 1.5寸；类型: 堵头 || 规格: 2寸；类型: 堵头,REVIEW-MAT-00912；REVIEW-MAT-00913；REVIEW-MAT-00914；REVIEW-MAT-00915；REVIEW-MAT-00916,Sheet1:1601；Sheet1:1602；Sheet1:1603；Sheet1:1604；Sheet1:1605,同一标准名称和规范分组下存在多个规格签名；已保守拆开，需人工确认是否为不同物料。
specs_conflict,高压外丝堵头,液压气动/液压管路/高压胶管,个,规格: 25；连接: 外丝；类型: 堵头 || 螺纹: M36*2；连接: 外丝；类型: 堵头,REVIEW-MAT-01426；REVIEW-MAT-01453,Sheet1:2317；Sheet1:2353,同一标准名称和规范分组下存在多个规格签名；已保守拆开，需人工确认是否为不同物料。
specs_conflict,高压对丝接头,液压气动/液压管路/高压胶管,只,螺纹: 20*1.5；类型: 对丝 || 螺纹: 24*1.5；类型: 对丝 || 螺纹: 30*2；类型: 对丝 || 螺纹: 36*2；类型: 对丝 || 螺纹: 52*2；类型: 对丝,REVIEW-MAT-01499；REVIEW-MAT-01500；REVIEW-MAT-01501；REVIEW-MAT-01502；REVIEW-MAT-01503,Sheet1:2403；Sheet1:2404；Sheet1:2405；Sheet1:2406；Sheet1:2407,同一标准名称和规范分组下存在多个规格签名；已保守拆开，需人工确认是否为不同物料。
specs_conflict,高压弯头,液压气动/液压管路/高压胶管,个；只,型号/规格: 36*2S；类型: 弯头 || 规格: 52；类型: 弯头 || 螺纹/规格: 36*2；结构: 双H；类型: 弯头,REVIEW-MAT-00857；REVIEW-MAT-01081；REVIEW-MAT-02074,Sheet1:1523；Sheet1:1832；Sheet1:3249,同一标准名称和规范分组下存在多个规格签名；已保守拆开，需人工确认是否为不同物料。
specs_conflict,高压接头,液压气动/液压管路/高压胶管,个,型号/规格: 36/25S || 型号/规格: 33/25S || 型号/规格: 36/28S || 规格: 100；类型: 接头,REVIEW-MAT-00854；REVIEW-MAT-00855；REVIEW-MAT-00856；REVIEW-MAT-01407,Sheet1:1520；Sheet1:1521；Sheet1:1522；Sheet1:2292,同一标准名称和规范分组下存在多个规格签名；已保守拆开，需人工确认是否为不同物料。
specs_conflict,高压油管,液压气动/液压管路/高压胶管,条；米,规格: DN25*4；类型: 高压油管 || 规格: DN51；等级: 4SH || 规格: DN32；等级: 4SH || 公称直径: 50 || 公称直径: 80 || 规格: 76*4,REVIEW-MAT-00139；REVIEW-MAT-00157；REVIEW-MAT-00158；REVIEW-MAT-00816；REVIEW-MAT-00930；REVIEW-MAT-01180,Sheet1:1469；Sheet1:1501；Sheet1:1606；Sheet1:1625；Sheet1:1687；Sheet1:1713；Sheet1:1738；Sheet1:1965；Sheet1:244；Sheet1:277；Sheet1:279,同一标准名称和规范分组下存在多个规格签名；已保守拆开，需人工确认是否为不同物料。
low_precision_conflict,高压油管,液压气动/液压管路/高压胶管,条；米,规格: DN25*4；类型: 高压油管 || 规格: DN51；等级: 4SH || 规格: DN32；等级: 4SH || 公称直径: 50 || 公称直径: 80 || 规格: 76*4,REVIEW-MAT-00139；REVIEW-MAT-00157；REVIEW-MAT-00158；REVIEW-MAT-00816；REVIEW-MAT-00930；REVIEW-MAT-01180,Sheet1:1469；Sheet1:1501；Sheet1:1606；Sheet1:1625；Sheet1:1687；Sheet1:1713；Sheet1:1738；Sheet1:1965；Sheet1:244；Sheet1:277；Sheet1:279,低精度/缺规格项与高精度项同时存在；低精度项已保留 needs_human_review。
specs_conflict,高压胶管,液压气动/液压管路/高压胶管,米,规格: 100；材质: 胶管 || 规格: 50；结构等级: 4SH,REVIEW-MAT-01406；REVIEW-MAT-01447,Sheet1:2291；Sheet1:2343,同一标准名称和规范分组下存在多个规格签名；已保守拆开，需人工确认是否为不同物料。
specs_conflict,高压转换接头,液压气动/液压管路/高压胶管,套,螺纹: 36*2；形式: 外丝转内丝 || 螺纹: 52*2；形式: 外丝转内丝 || 螺纹: 24*1.5/36*2；类型: 转换接头,REVIEW-MAT-01496；REVIEW-MAT-01497；REVIEW-MAT-01498,Sheet1:2400；Sheet1:2401；Sheet1:2402,同一标准名称和规范分组下存在多个规格签名；已保守拆开，需人工确认是否为不同物料。
specs_conflict,电焊钳,焊接焊割/其他/焊割工具,把；支,电流: 500A || 电流: 800A,REVIEW-MAT-00271；REVIEW-MAT-00272；REVIEW-MAT-00494,Sheet1:466；Sheet1:467；Sheet1:655；Sheet1:868,同一标准名称和规范分组下存在多个规格签名；已保守拆开，需人工确认是否为不同物料。
unit_conflict,电焊钳,焊接焊割/其他/焊割工具,把；支,电流: 500A,REVIEW-MAT-00271；REVIEW-MAT-00494,Sheet1:466；Sheet1:868,同一标准名称、规范分组和规格下存在非同义单位；未自动合并。
low_precision_conflict,电焊钳,焊接焊割/其他/焊割工具,把；支,电流: 500A || 电流: 800A,REVIEW-MAT-00271；REVIEW-MAT-00272；REVIEW-MAT-00494,Sheet1:466；Sheet1:467；Sheet1:655；Sheet1:868,低精度/缺规格项与高精度项同时存在；低精度项已保留 needs_human_review。
specs_conflict,焊条,焊接焊割/其他/焊材,件,直径: 3.2 || 直径: 5.0 || 直径: 4.0,REVIEW-MAT-00346；REVIEW-MAT-00482；REVIEW-MAT-00483,Sheet1:594；Sheet1:634；Sheet1:837；Sheet1:838；Sheet1:959；Sheet1:960,同一标准名称和规范分组下存在多个规格签名；已保守拆开，需人工确认是否为不同物料。
specs_conflict,二保焊机分流器,焊接焊割/其他/焊枪配件,只,适配: 500型二保焊机；部件: 分流器；材质/类型: 陶瓷型 || 适配: 350型二保焊机；部件: 分流器；材质/类型: 陶瓷型,REVIEW-MAT-02183；REVIEW-MAT-02184,Sheet1:3397；Sheet1:3398,同一标准名称和规范分组下存在多个规格签名；已保守拆开，需人工确认是否为不同物料。
specs_conflict,焊条,焊接焊割/焊割耗材/割嘴焊嘴,件,直径: 2.5mm；包装重量: 20kg || 直径: 3.2mm；包装重量: 20kg || 直径: 3.2mm,REVIEW-MAT-01268；REVIEW-MAT-01269；REVIEW-MAT-01334,Sheet1:2085；Sheet1:2086；Sheet1:2181,同一标准名称和规范分组下存在多个规格签名；已保守拆开，需人工确认是否为不同物料。
specs_conflict,电焊钳,焊接焊割/焊割耗材/割嘴焊嘴,把,额定电流: 500A || 额定电流: 800A,REVIEW-MAT-01295；REVIEW-MAT-01296,Sheet1:2121；Sheet1:2122,同一标准名称和规范分组下存在多个规格签名；已保守拆开，需人工确认是否为不同物料。
specs_conflict,乙炔减压表,焊接焊割/焊割设备工具/焊机割炬,只,介质: 乙炔；类型: 表/减压表 || 介质: 乙炔；类型: 减压表,REVIEW-MAT-01764；REVIEW-MAT-01966,Sheet1:2808；Sheet1:3113,同一标准名称和规范分组下存在多个规格签名；已保守拆开，需人工确认是否为不同物料。
specs_conflict,乙炔瓶手推车,焊接焊割/焊割设备工具/焊机割炬,个；台,适用气体: 乙炔；类型: 手推车 || 适用气体: 乙炔；特征: 加厚 || 适用气体: 乙炔；轮型: 大充气轮 || 适用气体: 乙炔；轮胎: 43cm,REVIEW-MAT-01142；REVIEW-MAT-01208；REVIEW-MAT-01260；REVIEW-MAT-01263,Sheet1:1917；Sheet1:2004；Sheet1:2076；Sheet1:2079,同一标准名称和规范分组下存在多个规格签名；已保守拆开，需人工确认是否为不同物料。
specs_conflict,氧气瓶手推车,焊接焊割/焊割设备工具/焊机割炬,个；台,适用气体: 氧气；类型: 手推车 || 适用气体: 氧气；特征: 加厚 || 适用气体: 氧气；轮型: 大充气轮 || 适用气体: 氧气；轮胎: 43cm,REVIEW-MAT-01141；REVIEW-MAT-01207；REVIEW-MAT-01259；REVIEW-MAT-01262,Sheet1:1916；Sheet1:2003；Sheet1:2075；Sheet1:2078,同一标准名称和规范分组下存在多个规格签名；已保守拆开，需人工确认是否为不同物料。
specs_conflict,焊条,焊接焊割/焊接耗材/焊条焊丝,件；箱,型号: 507；直径: 3.2 || 品牌: 大西洋；牌号: 422；直径: 2.5 || 品牌: 大西洋；牌号: 422；直径: 3.2,REVIEW-MAT-00202；REVIEW-MAT-01938；REVIEW-MAT-01939,Sheet1:3075；Sheet1:3076；Sheet1:361,同一标准名称和规范分组下存在多个规格签名；已保守拆开，需人工确认是否为不同物料。
specs_conflict,尼龙扎带,生产辅料/其他/扎带,包,规格: 10*500 || 规格: 10*400 || 材质: 尼龙；规格: 10*500,REVIEW-MAT-02328；REVIEW-MAT-02329；REVIEW-MAT-02345,Sheet1:3616；Sheet1:3617；Sheet1:3642,同一标准名称和规范分组下存在多个规格签名；已保守拆开，需人工确认是否为不同物料。
specs_conflict,漏电保护器,电气与自动化/低压电器/低压电器,个,品牌: 施耐德；极数: 2P；电流: 63A || 品牌: 德力西；电流: 400A；极数: 4P || 品牌: 德力西；电流: 250A；极数: 4P || 电流: 40A；类型: 漏电保护,REVIEW-MAT-00076；REVIEW-MAT-00208；REVIEW-MAT-00209；REVIEW-MAT-00536,Sheet1:120；Sheet1:370；Sheet1:371；Sheet1:957,同一标准名称和规范分组下存在多个规格签名；已保守拆开，需人工确认是否为不同物料。
low_precision_conflict,漏电保护器,电气与自动化/低压电器/低压电器,个,品牌: 施耐德；极数: 2P；电流: 63A || 品牌: 德力西；电流: 400A；极数: 4P || 品牌: 德力西；电流: 250A；极数: 4P || 电流: 40A；类型: 漏电保护,REVIEW-MAT-00076；REVIEW-MAT-00208；REVIEW-MAT-00209；REVIEW-MAT-00536,Sheet1:120；Sheet1:370；Sheet1:371；Sheet1:957,低精度/缺规格项与高精度项同时存在；低精度项已保留 needs_human_review。
specs_conflict,漏电断路器,电气与自动化/低压电器/低压电器,个,品牌: 施耐德；极数: 4P；电流: 250A；类型: 漏电二合一 || 品牌: 施耐德；极数: 2P；电流: C40A || 品牌: 施耐德；电流: 400A || 品牌: 施耐德；极数: 2P；电流: 63A || 品牌: 施耐德；极数: 3P；电流: 250A || 品牌: 施耐德；极数: 2P；额定电流: 40A,REVIEW-MAT-00002；REVIEW-MAT-00384；REVIEW-MAT-00581；REVIEW-MAT-00656；REVIEW-MAT-00711；REVIEW-MAT-00922,Sheet1:1066；Sheet1:1196；Sheet1:1225；Sheet1:1297；Sheet1:1306；Sheet1:1377；Sheet1:1614；Sheet1:1641；Sheet1:4；Sheet1:671,同一标准名称和规范分组下存在多个规格签名；已保守拆开，需人工确认是否为不同物料。
low_precision_conflict,漏电断路器,电气与自动化/低压电器/低压电器,个,品牌: 施耐德；极数: 4P；电流: 250A；类型: 漏电二合一 || 品牌: 施耐德；极数: 2P；电流: C40A || 品牌: 施耐德；电流: 400A || 品牌: 施耐德；极数: 2P；电流: 63A || 品牌: 施耐德；极数: 3P；电流: 250A || 品牌: 施耐德；极数: 2P；额定电流: 40A,REVIEW-MAT-00002；REVIEW-MAT-00384；REVIEW-MAT-00581；REVIEW-MAT-00656；REVIEW-MAT-00711；REVIEW-MAT-00922,Sheet1:1066；Sheet1:1196；Sheet1:1225；Sheet1:1297；Sheet1:1306；Sheet1:1377；Sheet1:1614；Sheet1:1641；Sheet1:4；Sheet1:671,低精度/缺规格项与高精度项同时存在；低精度项已保留 needs_human_review。
specs_conflict,空气开关,电气与自动化/低压电器/低压电器,个,品牌: 施耐德；极数: 3P；电流: 63A || 电流: 16A,REVIEW-MAT-00077；REVIEW-MAT-00537,Sheet1:121；Sheet1:958,同一标准名称和规范分组下存在多个规格签名；已保守拆开，需人工确认是否为不同物料。
low_precision_conflict,空气开关,电气与自动化/低压电器/低压电器,个,品牌: 施耐德；极数: 3P；电流: 63A || 电流: 16A,REVIEW-MAT-00077；REVIEW-MAT-00537,Sheet1:121；Sheet1:958,低精度/缺规格项与高精度项同时存在；低精度项已保留 needs_human_review。
specs_conflict,一位开关,电气与自动化/低压电器/开关按钮,个；套,品牌: 公牛；位数: 1位 || 位数: 1位；含底座: 是,REVIEW-MAT-00014；REVIEW-MAT-00382；REVIEW-MAT-00620,Sheet1:1136；Sheet1:20；Sheet1:667,同一标准名称和规范分组下存在多个规格签名；已保守拆开，需人工确认是否为不同物料。
unit_conflict,一位开关,电气与自动化/低压电器/开关按钮,个；套,品牌: 公牛；位数: 1位,REVIEW-MAT-00014；REVIEW-MAT-00620,Sheet1:1136；Sheet1:20,同一标准名称、规范分组和规格下存在非同义单位；未自动合并。
low_precision_conflict,一位开关,电气与自动化/低压电器/开关按钮,个；套,品牌: 公牛；位数: 1位 || 位数: 1位；含底座: 是,REVIEW-MAT-00014；REVIEW-MAT-00382；REVIEW-MAT-00620,Sheet1:1136；Sheet1:20；Sheet1:667,低精度/缺规格项与高精度项同时存在；低精度项已保留 needs_human_review。
specs_conflict,二位开关,电气与自动化/低压电器/开关按钮,个,品牌: 公牛；位数: 2位 || 位数: 二位,REVIEW-MAT-00015；REVIEW-MAT-01302,Sheet1:21；Sheet1:2136,同一标准名称和规范分组下存在多个规格签名；已保守拆开，需人工确认是否为不同物料。
low_precision_conflict,二位开关,电气与自动化/低压电器/开关按钮,个,品牌: 公牛；位数: 2位 || 位数: 二位,REVIEW-MAT-00015；REVIEW-MAT-01302,Sheet1:21；Sheet1:2136,低精度/缺规格项与高精度项同时存在；低精度项已保留 needs_human_review。
specs_conflict,交流接触器,电气与自动化/其他/低压电器,只,品牌: 施耐德；系列: CJX2；线圈电压: 220V || 品牌: 人民；系列/型号: CJX2-1810,REVIEW-MAT-01819；REVIEW-MAT-02038,Sheet1:2903；Sheet1:3202,同一标准名称和规范分组下存在多个规格签名；已保守拆开，需人工确认是否为不同物料。
specs_conflict,双电源转换器,电气与自动化/其他/低压电器,只,电压: 220V；极数: 2P；电流: 20A || 电压: 24V,REVIEW-MAT-01857；REVIEW-MAT-01860,Sheet1:2956；Sheet1:2962,同一标准名称和规范分组下存在多个规格签名；已保守拆开，需人工确认是否为不同物料。
specs_conflict,断路器,电气与自动化/其他/低压电器,套；只,品牌: 施耐德；额定电流: 250A；极数: 3P || 品牌: 德力西；极数: 2P；额定电流: 10A,REVIEW-MAT-01492；REVIEW-MAT-01829,Sheet1:2396；Sheet1:2917,同一标准名称和规范分组下存在多个规格签名；已保守拆开，需人工确认是否为不同物料。
specs_conflict,时控开关,电气与自动化/其他/低压电器,只,品牌: 德力西；类型: 时控开关 || 品牌: 施耐德；电压: 220V；额定电流: 10A,REVIEW-MAT-01818；REVIEW-MAT-02034,Sheet1:2902；Sheet1:3195,同一标准名称和规范分组下存在多个规格签名；已保守拆开，需人工确认是否为不同物料。
specs_conflict,漏电保护器,电气与自动化/其他/低压电器,只,品牌: 德力西；极数: 4P；额定电流: 63A || 品牌: 德力西；极数: 2P；额定电流: 16A || 品牌: 德力西；极数: 2P；额定电流: 25A || 品牌: 德力西；极数: 2P；额定电流: 20A,REVIEW-MAT-01816；REVIEW-MAT-01817；REVIEW-MAT-01828；REVIEW-MAT-01861,Sheet1:2900；Sheet1:2901；Sheet1:2916；Sheet1:2964,同一标准名称和规范分组下存在多个规格签名；已保守拆开，需人工确认是否为不同物料。
unit_conflict,一体式触摸屏,电气与自动化/其他/工控配件,台；套,型号: TPC1570；结构: 一体式,REVIEW-MAT-01233；REVIEW-MAT-01280,Sheet1:2043；Sheet1:2100,同一标准名称、规范分组和规格下存在非同义单位；未自动合并。
low_precision_conflict,一体式触摸屏,电气与自动化/其他/工控配件,台；套,型号: TPC1570；结构: 一体式,REVIEW-MAT-01233；REVIEW-MAT-01280,Sheet1:2043；Sheet1:2100,低精度/缺规格项与高精度项同时存在；低精度项已保留 needs_human_review。
specs_conflict,尼龙扎带,电气与自动化/其他/扎带,包,规格: 10*500；包装: 大包 || 规格: 10*50cm；材质: 尼龙 || 规格: 10*40cm；材质: 尼龙 || 规格: 10*30cm；材质: 尼龙 || 规格: 10*500 || 规格: 10*400 || 规格: 8*300,REVIEW-MAT-00953；REVIEW-MAT-01234；REVIEW-MAT-01235；REVIEW-MAT-01236；REVIEW-MAT-01754；REVIEW-MAT-01793；REVIEW-MAT-02022,Sheet1:1657；Sheet1:2044；Sheet1:2045；Sheet1:2046；Sheet1:2792；Sheet1:2861；Sheet1:2862；Sheet1:2925；Sheet1:3181；Sheet1:3182；Sheet1:3220,同一标准名称和规范分组下存在多个规格签名；已保守拆开，需人工确认是否为不同物料。
specs_conflict,扎带,电气与自动化/其他/扎带,包；个,规格: 10*400 || 规格: 10*500 || 规格: 10*50；包装: 200根/包 || 规格: 8*300,REVIEW-MAT-00375；REVIEW-MAT-00376；REVIEW-MAT-00492；REVIEW-MAT-01398,Sheet1:2278；Sheet1:2281；Sheet1:653；Sheet1:654；Sheet1:863,同一标准名称和规范分组下存在多个规格签名；已保守拆开，需人工确认是否为不同物料。
specs_conflict,排气扇,电气与自动化/其他/通风设备,台,规格: 50*50 || 型号: FAD40-400,REVIEW-MAT-00075；REVIEW-MAT-00724,Sheet1:119；Sheet1:1335,同一标准名称和规范分组下存在多个规格签名；已保守拆开，需人工确认是否为不同物料。
low_precision_conflict,排气扇,电气与自动化/其他/通风设备,台,规格: 50*50 || 型号: FAD40-400,REVIEW-MAT-00075；REVIEW-MAT-00724,Sheet1:119；Sheet1:1335,低精度/缺规格项与高精度项同时存在；低精度项已保留 needs_human_review。
specs_conflict,排风扇,电气与自动化/其他/通风设备,个,规格: 50*50 || 规格: 10寸,REVIEW-MAT-00183；REVIEW-MAT-00450,Sheet1:329；Sheet1:776,同一标准名称和规范分组下存在多个规格签名；已保守拆开，需人工确认是否为不同物料。
low_precision_conflict,排风扇,电气与自动化/其他/通风设备,个,规格: 50*50 || 规格: 10寸,REVIEW-MAT-00183；REVIEW-MAT-00450,Sheet1:329；Sheet1:776,低精度/缺规格项与高精度项同时存在；低精度项已保留 needs_human_review。
specs_conflict,电箱,电气与自动化/其他/配电箱,个,型号/规格: P230 || 规格: 250A,REVIEW-MAT-00011；REVIEW-MAT-00154,Sheet1:16；Sheet1:272,同一标准名称和规范分组下存在多个规格签名；已保守拆开，需人工确认是否为不同物料。
low_precision_conflict,电箱,电气与自动化/其他/配电箱,个,型号/规格: P230 || 规格: 250A,REVIEW-MAT-00011；REVIEW-MAT-00154,Sheet1:16；Sheet1:272,低精度/缺规格项与高精度项同时存在；低精度项已保留 needs_human_review。
specs_conflict,不锈钢户外箱,电气与自动化/其他/配电箱壳体,个；只,材质: 不锈钢；环境: 户外；尺寸: 500*600*200 || 材质: 不锈钢；环境: 户外；尺寸: 400*400*250,REVIEW-MAT-01815；REVIEW-MAT-01877,Sheet1:2899；Sheet1:2989,同一标准名称和规范分组下存在多个规格签名；已保守拆开，需人工确认是否为不同物料。
specs_conflict,冷压线鼻端子,电气与自动化/接线连接/接线端子,包,类型: OT；规格: 2.5-4 || 类型: OT；规格: 4-6 || 类型: OT；规格: 6-8,REVIEW-MAT-02039；REVIEW-MAT-02040；REVIEW-MAT-02041,Sheet1:3203；Sheet1:3204；Sheet1:3205,同一标准名称和规范分组下存在多个规格签名；已保守拆开，需人工确认是否为不同物料。
specs_conflict,开口铜鼻子,电气与自动化/接线连接/接线端子,只,材质: 铜；类型: 开口铜鼻子；规格: 300A || 类型: 开口；材质: 铜；电流: 300A || 类型: 开口；材质: 铜；电流: 200A || 类型: 开口；材质: 铜；电流: 100A,REVIEW-MAT-02054；REVIEW-MAT-02282；REVIEW-MAT-02283；REVIEW-MAT-02284,Sheet1:3222；Sheet1:3551；Sheet1:3552；Sheet1:3553,同一标准名称和规范分组下存在多个规格签名；已保守拆开，需人工确认是否为不同物料。
specs_conflict,接线端子,电气与自动化/接线连接/接线端子,个；只,适配线径: 50mm2 || 型号: UK5N || 型号: UK5N；颜色: 黄绿色,REVIEW-MAT-01310；REVIEW-MAT-01820；REVIEW-MAT-01843,Sheet1:2147；Sheet1:2905；Sheet1:2920；Sheet1:2937,同一标准名称和规范分组下存在多个规格签名；已保守拆开，需人工确认是否为不同物料。
specs_conflict,管型接线端子,电气与自动化/接线连接/接线端子,包,类型: 管型；适配线径: 2.5平方 || 类型: 管型；适配线径: 4平方,REVIEW-MAT-01899；REVIEW-MAT-01916,Sheet1:3020；Sheet1:3046,同一标准名称和规范分组下存在多个规格签名；已保守拆开，需人工确认是否为不同物料。
specs_conflict,铜接头,电气与自动化/接线连接/接线端子,只,材质: 铜；适配线径: 150平方 || 材质: 铜；适配线径: 120平方 || 材质: 铜；适配线径: 95平方 || 材质: 铜；适配线径: 70平方,REVIEW-MAT-02285；REVIEW-MAT-02286；REVIEW-MAT-02287；REVIEW-MAT-02288,Sheet1:3554；Sheet1:3555；Sheet1:3556；Sheet1:3557,同一标准名称和规范分组下存在多个规格签名；已保守拆开，需人工确认是否为不同物料。
specs_conflict,铜接线端子,电气与自动化/接线连接/接线端子,个；只,截面积: 4平方；材质: 铜 || 截面积: 6平方；材质: 铜 || 材质: 铜；规格: 100A；俗称: 铜鼻子 || 材质: 铜；适配线径: 185平方,REVIEW-MAT-00670；REVIEW-MAT-00671；REVIEW-MAT-01806；REVIEW-MAT-02026,Sheet1:1232；Sheet1:1233；Sheet1:2880；Sheet1:3186,同一标准名称和规范分组下存在多个规格签名；已保守拆开，需人工确认是否为不同物料。
specs_conflict,铜鼻子,电气与自动化/接线连接/接线端子,个,规格: 100A；材质: 铜 || 规格: 200A；材质: 铜,REVIEW-MAT-00092；REVIEW-MAT-00093,Sheet1:148；Sheet1:149,同一标准名称和规范分组下存在多个规格签名；已保守拆开，需人工确认是否为不同物料。
specs_conflict,三脚插头,电气与自动化/插头插座/插头插座,个；只,品牌: 公牛；电流: 10A；类型: 三插 || 品牌: 公牛；类型: 三插头 || 品牌: 公牛；极数: 三脚；电压: 220V；额定电流: 10A,REVIEW-MAT-00252；REVIEW-MAT-01649；REVIEW-MAT-01964,Sheet1:2653；Sheet1:3111；Sheet1:436,同一标准名称和规范分组下存在多个规格签名；已保守拆开，需人工确认是否为不同物料。
low_precision_conflict,三脚插头,电气与自动化/插头插座/插头插座,个；只,品牌: 公牛；电流: 10A；类型: 三插 || 品牌: 公牛；类型: 三插头 || 品牌: 公牛；极数: 三脚；电压: 220V；额定电流: 10A,REVIEW-MAT-00252；REVIEW-MAT-01649；REVIEW-MAT-01964,Sheet1:2653；Sheet1:3111；Sheet1:436,低精度/缺规格项与高精度项同时存在；低精度项已保留 needs_human_review。
specs_conflict,五孔插座,电气与自动化/插头插座/插头插座,个；套；只,类型: 五孔 || 类型: 五孔插座 || 品牌: 公牛；类型: 五孔插座 || 品牌: 公牛；类型: 五孔 || 品牌: 德力西；类型: 五孔插座,REVIEW-MAT-00155；REVIEW-MAT-00327；REVIEW-MAT-00440；REVIEW-MAT-00621；REVIEW-MAT-01593,Sheet1:1137；Sheet1:2573；Sheet1:273；Sheet1:561；Sheet1:762,同一标准名称和规范分组下存在多个规格签名；已保守拆开，需人工确认是否为不同物料。
low_precision_conflict,五孔插座,电气与自动化/插头插座/插头插座,个；套；只,类型: 五孔 || 类型: 五孔插座 || 品牌: 公牛；类型: 五孔插座 || 品牌: 公牛；类型: 五孔 || 品牌: 德力西；类型: 五孔插座,REVIEW-MAT-00155；REVIEW-MAT-00327；REVIEW-MAT-00440；REVIEW-MAT-00621；REVIEW-MAT-01593,Sheet1:1137；Sheet1:2573；Sheet1:273；Sheet1:561；Sheet1:762,低精度/缺规格项与高精度项同时存在；低精度项已保留 needs_human_review。
specs_conflict,五孔插座面板,电气与自动化/插头插座/插头插座,个；只,类型: 五孔面板 || 品牌: 公牛；类型: 五孔插座面板,REVIEW-MAT-00342；REVIEW-MAT-01747,Sheet1:2784；Sheet1:582,同一标准名称和规范分组下存在多个规格签名；已保守拆开，需人工确认是否为不同物料。
specs_conflict,工业插头,电气与自动化/插头插座/插头插座,个,品牌: 公牛；电压: 380V；电流: 25A || 电流: 25A；电压: 380V,REVIEW-MAT-00033；REVIEW-MAT-01124,Sheet1:1891；Sheet1:52,同一标准名称和规范分组下存在多个规格签名；已保守拆开，需人工确认是否为不同物料。
specs_conflict,快速插头,电气与自动化/插头插座/插头插座,个,电压: 220V；类型: 快速插头 || 电压: 380V；类型: 快速插头,REVIEW-MAT-00630；REVIEW-MAT-00632,Sheet1:1159；Sheet1:1161,同一标准名称和规范分组下存在多个规格签名；已保守拆开，需人工确认是否为不同物料。
specs_conflict,快速插座,电气与自动化/插头插座/插头插座,个,电压: 220V；类型: 快速插座 || 电压: 380V；类型: 快速插座,REVIEW-MAT-00631；REVIEW-MAT-00633,Sheet1:1160；Sheet1:1162,同一标准名称和规范分组下存在多个规格签名；已保守拆开，需人工确认是否为不同物料。
specs_conflict,拖线板,电气与自动化/插头插座/插头插座,只,品牌: 公牛；线长: 3m；插位: 6位 || 品牌: 公牛；线长: 6米,REVIEW-MAT-01644；REVIEW-MAT-01651,Sheet1:2648；Sheet1:2655,同一标准名称和规范分组下存在多个规格签名；已保守拆开，需人工确认是否为不同物料。
specs_conflict,插头,电气与自动化/插头插座/插头插座,个,品牌: 德力西；电流: 16A || 品牌: 公牛；电流: 10A,REVIEW-MAT-00119；REVIEW-MAT-00239,Sheet1:199；Sheet1:419；Sheet1:672,同一标准名称和规范分组下存在多个规格签名；已保守拆开，需人工确认是否为不同物料。
specs_conflict,插座,电气与自动化/插头插座/插头插座,个；只,品牌: 公牛；电流: 16A || 品牌: 公牛；孔位: 8孔 || 电流: 16A || 型号: DKJ35-50；颜色: 黑色 || 型号: DKJ35-50；颜色: 红色,REVIEW-MAT-00037；REVIEW-MAT-00451；REVIEW-MAT-00704；REVIEW-MAT-02036；REVIEW-MAT-02053,Sheet1:1285；Sheet1:3197；Sheet1:3218；Sheet1:61；Sheet1:778,同一标准名称和规范分组下存在多个规格签名；已保守拆开，需人工确认是否为不同物料。
low_precision_conflict,插座,电气与自动化/插头插座/插头插座,个；只,品牌: 公牛；电流: 16A || 品牌: 公牛；孔位: 8孔 || 电流: 16A || 型号: DKJ35-50；颜色: 黑色 || 型号: DKJ35-50；颜色: 红色,REVIEW-MAT-00037；REVIEW-MAT-00451；REVIEW-MAT-00704；REVIEW-MAT-02036；REVIEW-MAT-02053,Sheet1:1285；Sheet1:3197；Sheet1:3218；Sheet1:61；Sheet1:778,低精度/缺规格项与高精度项同时存在；低精度项已保留 needs_human_review。
specs_conflict,插线板,电气与自动化/插头插座/插头插座,只；根,品牌: 公牛；插位: 6位；线长: 3米 || 品牌: 公牛；结构: 双排；线长: 3m || 品牌: 公牛；线长: 3m；结构: 双排,REVIEW-MAT-01650；REVIEW-MAT-02024；REVIEW-MAT-02268,Sheet1:2654；Sheet1:3184；Sheet1:3527,同一标准名称和规范分组下存在多个规格签名；已保守拆开，需人工确认是否为不同物料。
unit_conflict,插线板,电气与自动化/插头插座/插头插座,只；根,品牌: 公牛；结构: 双排；线长: 3m || 品牌: 公牛；线长: 3m；结构: 双排,REVIEW-MAT-02024；REVIEW-MAT-02268,Sheet1:3184；Sheet1:3527,同一标准名称、规范分组和规格下存在非同义单位；未自动合并。
specs_conflict,LED灯泡,电气与自动化/照明与报警/灯具,个；只,品牌: 公牛；功率: 40W || 品牌: 公牛；功率: 20W || 功率: 40W；类型: LED || 功率: 50W；类型: LED || 品牌: 飞利浦；功率: 40W || 品牌: 飞利浦；功率: 50W || 类型: LED；功率: 30W；接口: 螺口,REVIEW-MAT-00016；REVIEW-MAT-00201；REVIEW-MAT-00948；REVIEW-MAT-01250；REVIEW-MAT-01751；REVIEW-MAT-01752；REVIEW-MAT-02187,Sheet1:1648；Sheet1:2063；Sheet1:2175；Sheet1:25；Sheet1:2789；Sheet1:2790；Sheet1:2886；Sheet1:3401；Sheet1:360,同一标准名称和规范分组下存在多个规格签名；已保守拆开，需人工确认是否为不同物料。
specs_conflict,灯座,电气与自动化/照明与报警/灯具,只；个,类型: 灯座 || 规格: E27,REVIEW-MAT-01753；REVIEW-MAT-02095,Sheet1:2791；Sheet1:3276,同一标准名称和规范分组下存在多个规格签名；已保守拆开，需人工确认是否为不同物料。
specs_conflict,电池,电气与自动化/电源电池/电源电池,个,电压: 9V || 规格: 5号 || 规格: 7号,REVIEW-MAT-00176；REVIEW-MAT-00188；REVIEW-MAT-00655,Sheet1:1195；Sheet1:310；Sheet1:337,同一标准名称和规范分组下存在多个规格签名；已保守拆开，需人工确认是否为不同物料。
low_precision_conflict,电池,电气与自动化/电源电池/电源电池,个,电压: 9V || 规格: 5号 || 规格: 7号,REVIEW-MAT-00176；REVIEW-MAT-00188；REVIEW-MAT-00655,Sheet1:1195；Sheet1:310；Sheet1:337,低精度/缺规格项与高精度项同时存在；低精度项已保留 needs_human_review。
specs_conflict,BV电线,电气与自动化/电线电缆与敷设/电线电缆,米,品牌: 起帆；型号: BV；截面积: 2.5平方 || 品牌: 起帆；型号: BV；截面积: 10平方 || 品牌: 起帆；型号: BV；截面积: 25平方 || 型号: BV；截面积: 2.5平方,REVIEW-MAT-00017；REVIEW-MAT-00018；REVIEW-MAT-00019；REVIEW-MAT-00120,Sheet1:204；Sheet1:26；Sheet1:27；Sheet1:28；Sheet1:663；Sheet1:668,同一标准名称和规范分组下存在多个规格签名；已保守拆开，需人工确认是否为不同物料。
low_precision_conflict,BV电线,电气与自动化/电线电缆与敷设/电线电缆,米,品牌: 起帆；型号: BV；截面积: 2.5平方 || 品牌: 起帆；型号: BV；截面积: 10平方 || 品牌: 起帆；型号: BV；截面积: 25平方 || 型号: BV；截面积: 2.5平方,REVIEW-MAT-00017；REVIEW-MAT-00018；REVIEW-MAT-00019；REVIEW-MAT-00120,Sheet1:204；Sheet1:26；Sheet1:27；Sheet1:28；Sheet1:663；Sheet1:668,低精度/缺规格项与高精度项同时存在；低精度项已保留 needs_human_review。
specs_conflict,DT铜鼻子,电气与自动化/电线电缆与敷设/电线电缆,个,型号: DT；适配线径: 150mm2；材质: 铜 || 型号: DT；适配线径: 120mm2；材质: 铜 || 型号: DT；适配线径: 95mm2；材质: 铜 || 型号: DT；适配线径: 70mm2；材质: 铜,REVIEW-MAT-00780；REVIEW-MAT-00781；REVIEW-MAT-00782；REVIEW-MAT-00783,Sheet1:1426；Sheet1:1427；Sheet1:1428；Sheet1:1429,同一标准名称和规范分组下存在多个规格签名；已保守拆开，需人工确认是否为不同物料。
specs_conflict,OT铜端子,电气与自动化/电线电缆与敷设/电线电缆,个,型号: OT25-8；线径规格: 25mm2；孔径: 8mm；材质: 铜 || 型号: OT6-6；线径规格: 6mm2；孔径: 6mm；材质: 铜,REVIEW-MAT-00784；REVIEW-MAT-00785,Sheet1:1430；Sheet1:1431,同一标准名称和规范分组下存在多个规格签名；已保守拆开，需人工确认是否为不同物料。
specs_conflict,电焊线,电气与自动化/电线电缆与敷设/电线电缆,米,品牌: 起帆；截面积: 35平方 || 品牌: 起帆；截面积: 50平方,REVIEW-MAT-00273；REVIEW-MAT-00274,Sheet1:468；Sheet1:469,同一标准名称和规范分组下存在多个规格签名；已保守拆开，需人工确认是否为不同物料。
specs_conflict,电线,电气与自动化/电线电缆与敷设/电线电缆,米,品牌: 起帆；截面积: 4平方 || 品牌: 起帆；截面积: 1.5平方 || 品牌: 起帆；截面积: 16mm2 || 品牌: 起帆；截面积: 25mm2,REVIEW-MAT-00329；REVIEW-MAT-00660；REVIEW-MAT-00868；REVIEW-MAT-01330,Sheet1:1209；Sheet1:1535；Sheet1:1852；Sheet1:2169；Sheet1:563,同一标准名称和规范分组下存在多个规格签名；已保守拆开，需人工确认是否为不同物料。
specs_conflict,电缆,电气与自动化/电线电缆与敷设/电线电缆,米,品牌: 起帆；规格: 3*6+1 || 品牌: 起帆；规格: 3*1.5+1 || 品牌: 起帆；规格: 4*2.5 || 品牌: 起帆；规格: 3*2.5 || 品牌: 起帆；规格: 3*6+2*2.5 || 规格: 4*4平方 || 品牌: 起帆；规格: 3*2.5+1*1.5 || 品牌: 起帆；规格: 3*4+1*2.5 || 品牌: 起帆；规格: 3*16+1*10,REVIEW-MAT-00091；REVIEW-MAT-01700；REVIEW-MAT-01748；REVIEW-MAT-01956；REVIEW-MAT-01957；REVIEW-MAT-02150；REVIEW-MAT-02194；REVIEW-MAT-02247；REVIEW-MAT-02260,Sheet1:147；Sheet1:2721；Sheet1:2785；Sheet1:3099；Sheet1:3101；Sheet1:3347；Sheet1:3415；Sheet1:3493；Sheet1:3515；Sheet1:3516,同一标准名称和规范分组下存在多个规格签名；已保守拆开，需人工确认是否为不同物料。
specs_conflict,电缆线,电气与自动化/电线电缆与敷设/电线电缆,米,品牌: 起帆；规格: 3*4+2*2.5 || 品牌: 起帆；规格: 3*1.5 || 品牌: 起帆；规格: 3*2.5 || 规格: 3*25 || 品牌: 起帆；规格: 3*6+1 || 芯数: 3；截面积: 1.5mm2 || 品牌: 起帆；规格: 3*6+2*4,REVIEW-MAT-00455；REVIEW-MAT-00456；REVIEW-MAT-00473；REVIEW-MAT-00703；REVIEW-MAT-00707；REVIEW-MAT-00884；REVIEW-MAT-01388,Sheet1:1284；Sheet1:1295；Sheet1:1305；Sheet1:1556；Sheet1:2025；Sheet1:2026；Sheet1:2257；Sheet1:2258；Sheet1:785；Sheet1:786；Sheet1:790；Sheet1:827；Sheet1:828,同一标准名称和规范分组下存在多个规格签名；已保守拆开，需人工确认是否为不同物料。
specs_conflict,电缆防水接头,电气与自动化/电线电缆与敷设/电线电缆,个,规格: M50 || 规格: M40 || 规格: M32,REVIEW-MAT-00290；REVIEW-MAT-00291；REVIEW-MAT-00292,Sheet1:494；Sheet1:495；Sheet1:496,同一标准名称和规范分组下存在多个规格签名；已保守拆开，需人工确认是否为不同物料。
specs_conflict,铜鼻子,电气与自动化/电线电缆与敷设/电线电缆,个,电流: 300A；材质: 铜 || 电流: 200A；材质: 铜,REVIEW-MAT-00609；REVIEW-MAT-00610,Sheet1:1110；Sheet1:1111,同一标准名称和规范分组下存在多个规格签名；已保守拆开，需人工确认是否为不同物料。
specs_conflict,热缩管,电气与自动化/绝缘材料/热缩绝缘,米,规格: 3CM || 规格: 2CM || 规格: 1.5CM,REVIEW-MAT-00003；REVIEW-MAT-00004；REVIEW-MAT-00005,Sheet1:5；Sheet1:6；Sheet1:7,同一标准名称和规范分组下存在多个规格签名；已保守拆开，需人工确认是否为不同物料。
specs_conflict,电工胶布,电气与自动化/绝缘材料/热缩绝缘,个；卷,品牌: 3M || 品牌: 3M；类型: 电工胶布,REVIEW-MAT-00034；REVIEW-MAT-01121,Sheet1:1888；Sheet1:54,同一标准名称和规范分组下存在多个规格签名；已保守拆开，需人工确认是否为不同物料。
specs_conflict,焊接弯头,管道管件/其他/弯头,个,规格: 325；连接: 焊接 || 规格: 325；角度: 45度；连接: 焊接 || 规格: 89；连接: 焊接 || 规格: 168；连接: 焊接 || 规格: 89；壁厚: 10；连接: 焊接 || 规格: 168；壁厚: 10；连接: 焊接,REVIEW-MAT-00834；REVIEW-MAT-00835；REVIEW-MAT-00836；REVIEW-MAT-00896；REVIEW-MAT-01170；REVIEW-MAT-01171,Sheet1:1491；Sheet1:1492；Sheet1:1493；Sheet1:1575；Sheet1:1954；Sheet1:1955,同一标准名称和规范分组下存在多个规格签名；已保守拆开，需人工确认是否为不同物料。
specs_conflict,法兰,管道管件/其他/法兰,个,规格: 325 || 规格: DN273 || 规格: DN89；压力等级: 16kg || 公称直径: DN50；压力等级: 16kg || 公称直径: DN65；压力等级: 16kg,REVIEW-MAT-00837；REVIEW-MAT-00895；REVIEW-MAT-00933；REVIEW-MAT-01351；REVIEW-MAT-01352,Sheet1:1494；Sheet1:1574；Sheet1:1628；Sheet1:2210；Sheet1:2211,同一标准名称和规范分组下存在多个规格签名；已保守拆开，需人工确认是否为不同物料。
specs_conflict,焊接变径接头,管道管件/其他/焊接管件,只,连接: 焊接；规格: 150/2寸；类型: 变径接头 || 连接: 焊接；规格: 150/3寸；类型: 变径接头 || 连接: 焊接；规格: 325/159；类型: 变径接头,REVIEW-MAT-01985；REVIEW-MAT-01986；REVIEW-MAT-02249,Sheet1:3136；Sheet1:3137；Sheet1:3496,同一标准名称和规范分组下存在多个规格签名；已保守拆开，需人工确认是否为不同物料。
specs_conflict,焊接异径接头,管道管件/其他/焊接管件,个,规格: 273*168；类型: 大小头；连接: 焊接 || 规格: 168*89；类型: 大小头；连接: 焊接 || 规格: 168*60；类型: 大小头；连接: 焊接,REVIEW-MAT-00894；REVIEW-MAT-01148；REVIEW-MAT-01149,Sheet1:1573；Sheet1:1926；Sheet1:1927,同一标准名称和规范分组下存在多个规格签名；已保守拆开，需人工确认是否为不同物料。
specs_conflict,钢丝软管,管道管件/其他/软管,米,公称直径: 25；结构: 钢丝增强 || 规格: 38；结构: 钢丝增强,REVIEW-MAT-00968；REVIEW-MAT-01092,Sheet1:1677；Sheet1:1847,同一标准名称和规范分组下存在多个规格签名；已保守拆开，需人工确认是否为不同物料。
specs_conflict,法兰软连接,管道管件/其他/软连接,个,规格: 65*40；连接: 法兰 || 规格: 65*50；连接: 法兰,REVIEW-MAT-01283；REVIEW-MAT-01284,Sheet1:2104；Sheet1:2105,同一标准名称和规范分组下存在多个规格签名；已保守拆开，需人工确认是否为不同物料。
specs_conflict,三通,管道管件/其他/金属管件,只,公称通径: DN50；类型: 三通 || 公称通径: DN65；类型: 三通 || 公称通径: DN40；类型: 三通,REVIEW-MAT-01557；REVIEW-MAT-01558；REVIEW-MAT-01565,Sheet1:2525；Sheet1:2526；Sheet1:2533,同一标准名称和规范分组下存在多个规格签名；已保守拆开，需人工确认是否为不同物料。
specs_conflict,PPR三通,管道管件/塑料管件/PPR管件,个；只,品牌: 公元；规格: 63；材质: PPR；类型: 三通 || 品牌: 公元；材质: PPR；规格: 32；类型: 三通,REVIEW-MAT-01285；REVIEW-MAT-02147,Sheet1:2106；Sheet1:3341,同一标准名称和规范分组下存在多个规格签名；已保守拆开，需人工确认是否为不同物料。
specs_conflict,PPR堵头,管道管件/塑料管件/PPR管件,只,材质: PPR；规格: 4分；类型: 堵头 || 材质: PPR；规格: 6分；类型: 堵头,REVIEW-MAT-01710；REVIEW-MAT-01711,Sheet1:2733；Sheet1:2734,同一标准名称和规范分组下存在多个规格签名；已保守拆开，需人工确认是否为不同物料。
specs_conflict,PPR弯头,管道管件/塑料管件/PPR管件,个；只,材质: PPR；规格: 63；类型: 弯头 || 品牌: 公元；规格: 63；材质: PPR；类型: 弯头 || 品牌: 公元；材质: PPR；规格: 32；类型: 弯头,REVIEW-MAT-01021；REVIEW-MAT-01287；REVIEW-MAT-02148,Sheet1:1743；Sheet1:2108；Sheet1:3342,同一标准名称和规范分组下存在多个规格签名；已保守拆开，需人工确认是否为不同物料。
specs_conflict,PPR截止阀,管道管件/塑料管件/PPR管件,个；只,材质: PPR；规格: 63；类型: 截止阀 || 品牌: 公元；材质: PPR；规格: 32；类型: 截止阀,REVIEW-MAT-01022；REVIEW-MAT-02144,Sheet1:1744；Sheet1:3338,同一标准名称和规范分组下存在多个规格签名；已保守拆开，需人工确认是否为不同物料。
specs_conflict,PPR球阀,管道管件/塑料管件/PPR管件,个,品牌: 公元；公称直径: DN50；材质: PPR；类型: 球阀 || 品牌: 公元；规格: 63；材质: PPR；类型: 球阀,REVIEW-MAT-01279；REVIEW-MAT-01290,Sheet1:2098；Sheet1:2111,同一标准名称和规范分组下存在多个规格签名；已保守拆开，需人工确认是否为不同物料。
specs_conflict,PPR直通,管道管件/塑料管件/PPR管件,个,材质: PPR；规格: 63；类型: 直通 || 品牌: 公元；规格: 63；材质: PPR；类型: 直通,REVIEW-MAT-01019；REVIEW-MAT-01286,Sheet1:1741；Sheet1:2107,同一标准名称和规范分组下存在多个规格签名；已保守拆开，需人工确认是否为不同物料。
specs_conflict,PPR管,管道管件/塑料管件/PPR管件,米,材质: PPR；规格: 63 || 品牌: 公元；公称直径: DN200；材质: PPR || 品牌: 公元；规格: 63；材质: PPR || 品牌: 公元；材质: PPR；规格: 32,REVIEW-MAT-01020；REVIEW-MAT-01219；REVIEW-MAT-01288；REVIEW-MAT-02146,Sheet1:1742；Sheet1:2018；Sheet1:2109；Sheet1:3340,同一标准名称和规范分组下存在多个规格签名；已保守拆开，需人工确认是否为不同物料。
specs_conflict,PPR闷头,管道管件/塑料管件/PPR管件,只,材质: PPR；规格: 20mm；类型: 闷头/堵头 || 材质: PPR；规格: 25mm；类型: 闷头/堵头,REVIEW-MAT-01712；REVIEW-MAT-01713,Sheet1:2735；Sheet1:2736,同一标准名称和规范分组下存在多个规格签名；已保守拆开，需人工确认是否为不同物料。
specs_conflict,PVC弯头,管道管件/塑料管件/PVC管件,只,品牌: 公元；材质: PVC；规格: 315；角度: 45度 || 品牌: 公元；材质: PVC；规格: 315；角度: 90度 || 品牌: 公元；材质: PVC；直径: Φ100；类型: 弯头,REVIEW-MAT-01550；REVIEW-MAT-01551；REVIEW-MAT-02166,Sheet1:2517；Sheet1:2518；Sheet1:3371,同一标准名称和规范分组下存在多个规格签名；已保守拆开，需人工确认是否为不同物料。
specs_conflict,PVC直接,管道管件/塑料管件/PVC管件,只,品牌: 公元；材质: PVC；规格: 315；类型: 直接 || 品牌: 公元；材质: PVC；直径: Φ110；类型: 直接 || 品牌: 公元；材质: PVC；直径: Φ75；类型: 直接 || 材质: PVC；直径: Φ200；类型: 直接,REVIEW-MAT-01549；REVIEW-MAT-01802；REVIEW-MAT-01803；REVIEW-MAT-02127,Sheet1:2516；Sheet1:2874；Sheet1:2875；Sheet1:3312,同一标准名称和规范分组下存在多个规格签名；已保守拆开，需人工确认是否为不同物料。
specs_conflict,PVC管,管道管件/塑料管件/PVC管件,米,品牌: 公元；材质: PVC；直径: Φ75 || 品牌: 公元；材质: PVC；直径: Φ110 || 品牌: 公元；材质: PVC；直径: Φ100,REVIEW-MAT-01800；REVIEW-MAT-01801；REVIEW-MAT-02165,Sheet1:2872；Sheet1:2873；Sheet1:3370,同一标准名称和规范分组下存在多个规格签名；已保守拆开，需人工确认是否为不同物料。
specs_conflict,UPVC弯头,管道管件/塑料管件/PVC管件,只,品牌: 公元；材质: UPVC；直径: Φ25；角度: 90度 || 品牌: 公元；材质: UPVC；直径: Φ25；角度: 45度,REVIEW-MAT-01931；REVIEW-MAT-01932,Sheet1:3067；Sheet1:3068,同一标准名称和规范分组下存在多个规格签名；已保守拆开，需人工确认是否为不同物料。
specs_conflict,双联重型管卡,管道管件/管道紧固/管夹卡箍,个；套,适配管径: 40；用途: 注浆管；型式: 重型卡槽两联 || 规格: 40*2；型式: 双联重型,REVIEW-MAT-00790；REVIEW-MAT-00846,Sheet1:1437；Sheet1:1510,同一标准名称和规范分组下存在多个规格签名；已保守拆开，需人工确认是否为不同物料。
specs_conflict,消防卡箍,管道管件/管道紧固/管夹卡箍,个,规格: 89；用途: 消防 || 规格: 50；用途: 消防 || 规格: 65；用途: 消防 || 规格: 80；用途: 消防,REVIEW-MAT-00828；REVIEW-MAT-00956；REVIEW-MAT-00957；REVIEW-MAT-00958,Sheet1:1482；Sheet1:1663；Sheet1:1664；Sheet1:1665,同一标准名称和规范分组下存在多个规格签名；已保守拆开，需人工确认是否为不同物料。
specs_conflict,管卡,管道管件/管道紧固/管夹卡箍,个,规格: 100 || 规格: 65 || 规格: 80,REVIEW-MAT-01316；REVIEW-MAT-01322；REVIEW-MAT-01323,Sheet1:2155；Sheet1:2161；Sheet1:2162,同一标准名称和规范分组下存在多个规格签名；已保守拆开，需人工确认是否为不同物料。
specs_conflict,铝合金抱箍,管道管件/管道紧固/管夹卡箍,个,规格: 50；材质: 铝合金 || 规格: 80；材质: 铝合金,REVIEW-MAT-01311；REVIEW-MAT-01312,Sheet1:2148；Sheet1:2149,同一标准名称和规范分组下存在多个规格签名；已保守拆开，需人工确认是否为不同物料。
specs_conflict,不锈钢双外丝变径接头,管道管件/金属管件/钢制管件,只,材质: 304不锈钢；连接: 双外丝；规格: 2寸/1.5寸 || 材质: 304不锈钢；连接: 双外丝；规格: 1.5寸/1.2寸,REVIEW-MAT-02112；REVIEW-MAT-02113,Sheet1:3296；Sheet1:3297,同一标准名称和规范分组下存在多个规格签名；已保守拆开，需人工确认是否为不同物料。
specs_conflict,不锈钢外螺纹对接头,管道管件/金属管件/钢制管件,只,材质: 不锈钢；连接: 外螺纹；规格: 4分 || 材质: 不锈钢；连接: 外螺纹；规格: 6分,REVIEW-MAT-02001；REVIEW-MAT-02003,Sheet1:3155；Sheet1:3157,同一标准名称和规范分组下存在多个规格签名；已保守拆开，需人工确认是否为不同物料。
specs_conflict,镀锌三通,管道管件/金属管件/镀锌管件,个；只,公称直径: 50；材质/表面: 镀锌 || 公称直径: DN80；表面: 镀锌；类型: 三通 || 表面: 镀锌；规格: 2寸；类型: 三通 || 表面: 镀锌；规格: 3寸；类型: 三通 || 表面: 镀锌；规格: 6分；类型: 三通,REVIEW-MAT-00822；REVIEW-MAT-01150；REVIEW-MAT-01982；REVIEW-MAT-02242；REVIEW-MAT-02277,Sheet1:1476；Sheet1:1928；Sheet1:3133；Sheet1:3485；Sheet1:3486；Sheet1:3545,同一标准名称和规范分组下存在多个规格签名；已保守拆开，需人工确认是否为不同物料。
low_precision_conflict,镀锌三通,管道管件/金属管件/镀锌管件,个；只,公称直径: 50；材质/表面: 镀锌 || 公称直径: DN80；表面: 镀锌；类型: 三通 || 表面: 镀锌；规格: 2寸；类型: 三通 || 表面: 镀锌；规格: 3寸；类型: 三通 || 表面: 镀锌；规格: 6分；类型: 三通,REVIEW-MAT-00822；REVIEW-MAT-01150；REVIEW-MAT-01982；REVIEW-MAT-02242；REVIEW-MAT-02277,Sheet1:1476；Sheet1:1928；Sheet1:3133；Sheet1:3485；Sheet1:3486；Sheet1:3545,低精度/缺规格项与高精度项同时存在；低精度项已保留 needs_human_review。
specs_conflict,镀锌内丝弯头,管道管件/金属管件/镀锌管件,只,表面: 镀锌；连接: 内丝；规格: 2寸；类型: 弯头 || 表面: 镀锌；连接: 内丝；规格: 3寸；类型: 弯头 || 表面: 镀锌；连接: 内丝；规格: 4分；类型: 弯头,REVIEW-MAT-01983；REVIEW-MAT-01984；REVIEW-MAT-02068,Sheet1:3134；Sheet1:3135；Sheet1:3241；Sheet1:3503,同一标准名称和规范分组下存在多个规格签名；已保守拆开，需人工确认是否为不同物料。
specs_conflict,镀锌内丝直接,管道管件/金属管件/镀锌管件,只,规格: 4寸；表面: 镀锌；连接: 内丝；类型: 直接 || 规格: 3寸；表面: 镀锌；连接: 内丝；类型: 直接 || 表面: 镀锌；连接: 内丝；规格: 3寸；类型: 直接 || 表面: 镀锌；连接: 内丝；规格: 2寸；类型: 直接 || 表面: 镀锌；连接: 内丝；规格: 4分；类型: 直接 || 表面: 镀锌；连接: 内丝；规格: 2寸 || 表面: 镀锌；连接: 内丝；规格: 6分,REVIEW-MAT-01775；REVIEW-MAT-01776；REVIEW-MAT-01971；REVIEW-MAT-01972；REVIEW-MAT-02170；REVIEW-MAT-02259；REVIEW-MAT-02276,Sheet1:2825；Sheet1:2826；Sheet1:3118；Sheet1:3119；Sheet1:3376；Sheet1:3504；Sheet1:3513；Sheet1:3544,同一标准名称和规范分组下存在多个规格签名；已保守拆开，需人工确认是否为不同物料。
specs_conflict,镀锌外丝接头,管道管件/金属管件/镀锌管件,个,规格: 50*40；连接: 外丝；表面: 镀锌 || 公称直径: DN80；连接: 外丝；表面: 镀锌,REVIEW-MAT-00823；REVIEW-MAT-01151,Sheet1:1477；Sheet1:1929,同一标准名称和规范分组下存在多个规格签名；已保守拆开，需人工确认是否为不同物料。
specs_conflict,镀锌外丝直接,管道管件/金属管件/镀锌管件,只,表面: 镀锌；连接: 外丝；规格: 3寸；类型: 直接 || 表面: 镀锌；连接: 外丝；规格: 2寸；类型: 直接 || 表面: 镀锌；连接: 外丝；规格: 4分；类型: 直接 || 表面: 镀锌；连接: 外丝；规格: 2寸；长度: 150mm || 表面: 镀锌；连接: 外丝；规格: 6分；长度: 100mm || 表面: 镀锌；连接: 外丝；规格: 1寸；长度: 100mm,REVIEW-MAT-01969；REVIEW-MAT-01970；REVIEW-MAT-02067；REVIEW-MAT-02071；REVIEW-MAT-02111；REVIEW-MAT-02118,Sheet1:3116；Sheet1:3117；Sheet1:3240；Sheet1:3244；Sheet1:3295；Sheet1:3303；Sheet1:3488,同一标准名称和规范分组下存在多个规格签名；已保守拆开，需人工确认是否为不同物料。
specs_conflict,镀锌弯头,管道管件/金属管件/镀锌管件,个；只,规格: 80；表面: 镀锌；类型: 弯头 || 表面: 镀锌；规格: 2寸；类型: 弯头 || 表面: 镀锌；规格: 6分；类型: 弯头,REVIEW-MAT-01000；REVIEW-MAT-02243；REVIEW-MAT-02275,Sheet1:1717；Sheet1:3487；Sheet1:3543,同一标准名称和规范分组下存在多个规格签名；已保守拆开，需人工确认是否为不同物料。
specs_conflict,螺杆,紧固件/其他/螺杆,套；个；支,规格: M20*70 || 规格: M20*50 || 规格: M16*60 || 规格: M10*50 || 规格: M48*120,REVIEW-MAT-00889；REVIEW-MAT-00890；REVIEW-MAT-00892；REVIEW-MAT-00972；REVIEW-MAT-01016,Sheet1:1565；Sheet1:1566；Sheet1:1569；Sheet1:1681；Sheet1:1734,同一标准名称和规范分组下存在多个规格签名；已保守拆开，需人工确认是否为不同物料。
low_precision_conflict,螺杆,紧固件/其他/螺杆,套；个；支,规格: M20*70 || 规格: M20*50 || 规格: M16*60 || 规格: M10*50 || 规格: M48*120,REVIEW-MAT-00889；REVIEW-MAT-00890；REVIEW-MAT-00892；REVIEW-MAT-00972；REVIEW-MAT-01016,Sheet1:1565；Sheet1:1566；Sheet1:1569；Sheet1:1681；Sheet1:1734,低精度/缺规格项与高精度项同时存在；低精度项已保留 needs_human_review。
specs_conflict,弹性销,紧固件/其他/销,只,规格: M4*28；类型: 弹性销 || 规格: M6*28；类型: 弹性销,REVIEW-MAT-01505；REVIEW-MAT-01506,Sheet1:2410；Sheet1:2411,同一标准名称和规范分组下存在多个规格签名；已保守拆开，需人工确认是否为不同物料。
specs_conflict,T型螺丝套件,紧固件/螺纹紧固件/螺丝螺栓,套,规格: M16*50；类型: T型螺丝；套件: 平垫+弹垫+螺母 || 规格: M16*100；类型: T型螺丝；套件: 平垫+弹垫+螺母 || 规格: M16*50；套件: 平垫+弹垫+螺母,REVIEW-MAT-01507；REVIEW-MAT-01511；REVIEW-MAT-01523,Sheet1:2412；Sheet1:2417；Sheet1:2430,同一标准名称和规范分组下存在多个规格签名；已保守拆开，需人工确认是否为不同物料。
low_precision_conflict,T型螺丝套件,紧固件/螺纹紧固件/螺丝螺栓,套,规格: M16*50；类型: T型螺丝；套件: 平垫+弹垫+螺母 || 规格: M16*100；类型: T型螺丝；套件: 平垫+弹垫+螺母 || 规格: M16*50；套件: 平垫+弹垫+螺母,REVIEW-MAT-01507；REVIEW-MAT-01511；REVIEW-MAT-01523,Sheet1:2412；Sheet1:2417；Sheet1:2430,低精度/缺规格项与高精度项同时存在；低精度项已保留 needs_human_review。
specs_conflict,不锈钢内六角螺丝套件,紧固件/螺纹紧固件/螺丝螺栓,套,材质: 不锈钢；头型: 内六角；规格: M5*30；包含: 平垫+弹垫 || 材质: 不锈钢；头型: 内六角；规格: M5*10；包含: 平垫+弹垫 || 材质: 不锈钢；头型: 内六角；规格: M5*16；包含: 平垫+弹垫,REVIEW-MAT-02101；REVIEW-MAT-02102；REVIEW-MAT-02103,Sheet1:3282；Sheet1:3283；Sheet1:3284,同一标准名称和规范分组下存在多个规格签名；已保守拆开，需人工确认是否为不同物料。
specs_conflict,内六角螺丝,紧固件/螺纹紧固件/螺丝螺栓,个；套,规格: M8*45；头型: 内六角 || 规格: M8*40；头型: 内六角 || 规格: M6*40；头型: 内六角 || 规格: M14*120；头型: 内六角,REVIEW-MAT-00944；REVIEW-MAT-00959；REVIEW-MAT-01003；REVIEW-MAT-01101,Sheet1:1640；Sheet1:1666；Sheet1:1720；Sheet1:1860；Sheet1:2318,同一标准名称和规范分组下存在多个规格签名；已保守拆开，需人工确认是否为不同物料。
specs_conflict,膨胀螺丝,紧固件/螺纹紧固件/螺丝螺栓,支,规格: M12*100 || 规格: Φ10 || 规格: Φ10*80 || 规格: Φ10*110 || 规格: Φ12*80 || 规格: Φ8*70 || 规格: Φ8*90 || 规格: Φ12*110,REVIEW-MAT-01562；REVIEW-MAT-02129；REVIEW-MAT-02218；REVIEW-MAT-02219；REVIEW-MAT-02220；REVIEW-MAT-02221；REVIEW-MAT-02222；REVIEW-MAT-02223,Sheet1:2530；Sheet1:3314；Sheet1:3452；Sheet1:3453；Sheet1:3454；Sheet1:3455；Sheet1:3456；Sheet1:3457,同一标准名称和规范分组下存在多个规格签名；已保守拆开，需人工确认是否为不同物料。
specs_conflict,自攻螺丝,紧固件/螺纹紧固件/螺丝螺栓,盒；只,规格: M4*10 || 规格: M4 || 长度: 60mm,REVIEW-MAT-01594；REVIEW-MAT-02132；REVIEW-MAT-02176,Sheet1:2574；Sheet1:3318；Sheet1:3384,同一标准名称和规范分组下存在多个规格签名；已保守拆开，需人工确认是否为不同物料。
specs_conflict,螺丝,紧固件/螺纹紧固件/螺丝螺栓,个,规格: M48*120 || 规格: M24*230 || 规格: M20*30 || 规格: M20*35 || 规格: M20*130 || 规格: M27*100,REVIEW-MAT-01071；REVIEW-MAT-01174；REVIEW-MAT-01187；REVIEW-MAT-01188；REVIEW-MAT-01189；REVIEW-MAT-01228,Sheet1:1817；Sheet1:1959；Sheet1:1974；Sheet1:1975；Sheet1:1976；Sheet1:2035；Sheet1:2131,同一标准名称和规范分组下存在多个规格签名；已保守拆开，需人工确认是否为不同物料。
low_precision_conflict,螺丝,紧固件/螺纹紧固件/螺丝螺栓,个,规格: M48*120 || 规格: M24*230 || 规格: M20*30 || 规格: M20*35 || 规格: M20*130 || 规格: M27*100,REVIEW-MAT-01071；REVIEW-MAT-01174；REVIEW-MAT-01187；REVIEW-MAT-01188；REVIEW-MAT-01189；REVIEW-MAT-01228,Sheet1:1817；Sheet1:1959；Sheet1:1974；Sheet1:1975；Sheet1:1976；Sheet1:2035；Sheet1:2131,低精度/缺规格项与高精度项同时存在；低精度项已保留 needs_human_review。
specs_conflict,螺丝套件,紧固件/螺纹紧固件/螺丝螺栓,套,规格: M8*20；类型: 螺丝 || 强度等级: 8.8；规格: M10*80；包含: 平垫+弹垫 || 强度等级: 8.8；规格: M16*130；包含: 平垫+弹垫 || 强度等级: 8.8；规格: M16*60；包含: 平垫+弹垫 || 强度等级: 8.8；规格: M20*60；包含: 平垫+弹垫 || 强度等级: 8.8；规格: M20*200；包含: 平垫+弹垫 || 强度等级: 8.8；规格: M16*50；包含: 平垫+弹垫 || 强度等级: 8.8；规格: M16*120；包含: 平垫+弹垫,REVIEW-MAT-01595；REVIEW-MAT-01959；REVIEW-MAT-02064；REVIEW-MAT-02097；REVIEW-MAT-02098；REVIEW-MAT-02110；REVIEW-MAT-02226；REVIEW-MAT-02227,Sheet1:2575；Sheet1:3104；Sheet1:3236；Sheet1:3278；Sheet1:3279；Sheet1:3294；Sheet1:3462；Sheet1:3463；Sheet1:3464,同一标准名称和规范分组下存在多个规格签名；已保守拆开，需人工确认是否为不同物料。
low_precision_conflict,螺丝套件,紧固件/螺纹紧固件/螺丝螺栓,套,规格: M8*20；类型: 螺丝 || 强度等级: 8.8；规格: M10*80；包含: 平垫+弹垫 || 强度等级: 8.8；规格: M16*130；包含: 平垫+弹垫 || 强度等级: 8.8；规格: M16*60；包含: 平垫+弹垫 || 强度等级: 8.8；规格: M20*60；包含: 平垫+弹垫 || 强度等级: 8.8；规格: M20*200；包含: 平垫+弹垫 || 强度等级: 8.8；规格: M16*50；包含: 平垫+弹垫 || 强度等级: 8.8；规格: M16*120；包含: 平垫+弹垫,REVIEW-MAT-01595；REVIEW-MAT-01959；REVIEW-MAT-02064；REVIEW-MAT-02097；REVIEW-MAT-02098；REVIEW-MAT-02110；REVIEW-MAT-02226；REVIEW-MAT-02227,Sheet1:2575；Sheet1:3104；Sheet1:3236；Sheet1:3278；Sheet1:3279；Sheet1:3294；Sheet1:3462；Sheet1:3463；Sheet1:3464,低精度/缺规格项与高精度项同时存在；低精度项已保留 needs_human_review。
specs_conflict,螺丝组件,紧固件/螺纹紧固件/螺丝螺栓,套,规格: M8*25；成套: 是 || 规格: M6*25；成套: 是 || 规格: M20*35；成套: 是 || 规格: M20*40；成套: 是 || 规格: M4*15；成套: 是 || 规格: M5*15；成套: 是 || 规格: M6*15；成套: 是 || 规格: M8*15；成套: 是 || 规格: M10*15；成套: 是 || 规格: M16*70；成套: 是 || 规格: M10*40；成套: 是 || 规格: M12*40；成套: 是,REVIEW-MAT-00845；REVIEW-MAT-00901；REVIEW-MAT-00976；REVIEW-MAT-00977；REVIEW-MAT-01005；REVIEW-MAT-01006；REVIEW-MAT-01007；REVIEW-MAT-01008；REVIEW-MAT-01009；REVIEW-MAT-01109；REVIEW-MAT-01158；REVIEW-MAT-01159,Sheet1:1507；Sheet1:1584；Sheet1:1685；Sheet1:1686；Sheet1:1722；Sheet1:1723；Sheet1:1724；Sheet1:1725；Sheet1:1726；Sheet1:1873；Sheet1:1938；Sheet1:1939；Sheet1:2094,同一标准名称和规范分组下存在多个规格签名；已保守拆开，需人工确认是否为不同物料。
specs_conflict,钻尾螺丝,紧固件/螺纹紧固件/螺丝螺栓,盒,规格: M5.5*80；包装: 大盒 || 长度: 60mm,REVIEW-MAT-02135；REVIEW-MAT-02177,Sheet1:3325；Sheet1:3385,同一标准名称和规范分组下存在多个规格签名；已保守拆开，需人工确认是否为不同物料。
specs_conflict,镀锌螺丝套件,紧固件/螺纹紧固件/螺丝螺栓,套,表面: 镀锌；规格: M12*30 || 强度等级: 8.8；规格: M16*70；表面: 镀锌；包含: 平垫+弹垫,REVIEW-MAT-02029；REVIEW-MAT-02057,Sheet1:3190；Sheet1:3226,同一标准名称和规范分组下存在多个规格签名；已保守拆开，需人工确认是否为不同物料。
low_precision_conflict,镀锌螺丝套件,紧固件/螺纹紧固件/螺丝螺栓,套,表面: 镀锌；规格: M12*30 || 强度等级: 8.8；规格: M16*70；表面: 镀锌；包含: 平垫+弹垫,REVIEW-MAT-02029；REVIEW-MAT-02057,Sheet1:3190；Sheet1:3226,低精度/缺规格项与高精度项同时存在；低精度项已保留 needs_human_review。
specs_conflict,高强度全螺纹螺丝,紧固件/螺纹紧固件/螺丝螺栓,套,强度等级: 12.9；规格: M30*250；原始: 全芽 || 强度等级: 12.9；规格: M27*100；原始: 全芽,REVIEW-MAT-01847；REVIEW-MAT-02188,Sheet1:2942；Sheet1:3404,同一标准名称和规范分组下存在多个规格签名；已保守拆开，需人工确认是否为不同物料。
specs_conflict,高强度螺丝,紧固件/螺纹紧固件/螺丝螺栓,套；个,规格: M5*95；强度等级: 12.9 || 规格: M30*100；强度等级: 12.9 || 规格: M30*80；强度等级: 10.8,REVIEW-MAT-00870；REVIEW-MAT-01410；REVIEW-MAT-01415,Sheet1:1540；Sheet1:2295；Sheet1:2301,同一标准名称和规范分组下存在多个规格签名；已保守拆开，需人工确认是否为不同物料。
low_precision_conflict,高强度螺丝,紧固件/螺纹紧固件/螺丝螺栓,套；个,规格: M5*95；强度等级: 12.9 || 规格: M30*100；强度等级: 12.9 || 规格: M30*80；强度等级: 10.8,REVIEW-MAT-00870；REVIEW-MAT-01410；REVIEW-MAT-01415,Sheet1:1540；Sheet1:2295；Sheet1:2301,低精度/缺规格项与高精度项同时存在；低精度项已保留 needs_human_review。
specs_conflict,不锈钢螺母,紧固件/螺纹紧固件/螺母垫圈,只,材质: 304；规格: M6 || 材质: 不锈钢；规格: M5,REVIEW-MAT-01667；REVIEW-MAT-02104,Sheet1:2672；Sheet1:3285,同一标准名称和规范分组下存在多个规格签名；已保守拆开，需人工确认是否为不同物料。
specs_conflict,加厚垫片,紧固件/螺纹紧固件/螺母垫圈,个；只,规格: M24；特征: 加厚 || 规格: M18*50*60mm；特征: 加厚,REVIEW-MAT-01175；REVIEW-MAT-01524,Sheet1:1960；Sheet1:2133；Sheet1:2431,同一标准名称和规范分组下存在多个规格签名；已保守拆开，需人工确认是否为不同物料。
specs_conflict,垫片,紧固件/螺纹紧固件/螺母垫圈,个,规格: M10 || 规格: M27 || 规格: M30,REVIEW-MAT-00973；REVIEW-MAT-01261；REVIEW-MAT-01412,Sheet1:1682；Sheet1:2077；Sheet1:2297；Sheet1:2303,同一标准名称和规范分组下存在多个规格签名；已保守拆开，需人工确认是否为不同物料。
specs_conflict,螺母,紧固件/螺纹紧固件/螺母垫圈,个；支,规格: M20 || 规格: M16 || 规格: M10 || 规格: M48 || 规格: M27 || 规格: M30,REVIEW-MAT-00891；REVIEW-MAT-00893；REVIEW-MAT-00974；REVIEW-MAT-01017；REVIEW-MAT-01229；REVIEW-MAT-01411,Sheet1:1567；Sheet1:1570；Sheet1:1683；Sheet1:1735；Sheet1:1977；Sheet1:2037；Sheet1:2296；Sheet1:2302,同一标准名称和规范分组下存在多个规格签名；已保守拆开，需人工确认是否为不同物料。
specs_conflict,膨胀螺丝,紧固件/锚固件/膨胀锚栓,个；套,规格: 6厘 || 规格: M14*100 || 规格: M10*80 || 规格: M14*150 || 规格: M24*150 || 规格: M20*150 || 规格: M10*60 || 规格: M14*70,REVIEW-MAT-00832；REVIEW-MAT-00905；REVIEW-MAT-00907；REVIEW-MAT-00947；REVIEW-MAT-00971；REVIEW-MAT-01030；REVIEW-MAT-01267；REVIEW-MAT-01364；REVIEW-MAT-01386,Sheet1:1487；Sheet1:1564；Sheet1:1588；Sheet1:1593；Sheet1:1646；Sheet1:1680；Sheet1:1756；Sheet1:2084；Sheet1:2226；Sheet1:2254,同一标准名称和规范分组下存在多个规格签名；已保守拆开，需人工确认是否为不同物料。
unit_conflict,膨胀螺丝,紧固件/锚固件/膨胀锚栓,套；个,规格: M14*100,REVIEW-MAT-00905；REVIEW-MAT-00947,Sheet1:1588；Sheet1:1646,同一标准名称、规范分组和规格下存在非同义单位；未自动合并。
low_precision_conflict,膨胀螺丝,紧固件/锚固件/膨胀锚栓,个；套,规格: 6厘 || 规格: M14*100 || 规格: M10*80 || 规格: M14*150 || 规格: M24*150 || 规格: M20*150 || 规格: M10*60 || 规格: M14*70,REVIEW-MAT-00832；REVIEW-MAT-00905；REVIEW-MAT-00907；REVIEW-MAT-00947；REVIEW-MAT-00971；REVIEW-MAT-01030；REVIEW-MAT-01267；REVIEW-MAT-01364；REVIEW-MAT-01386,Sheet1:1487；Sheet1:1564；Sheet1:1588；Sheet1:1593；Sheet1:1646；Sheet1:1680；Sheet1:1756；Sheet1:2084；Sheet1:2226；Sheet1:2254,低精度/缺规格项与高精度项同时存在；低精度项已保留 needs_human_review。
specs_conflict,镀锌膨胀钩,紧固件/锚固件/膨胀锚栓,只,表面: 镀锌；规格: M12*125；类型: 膨胀钩 || 表面: 镀锌；规格: M16*130,REVIEW-MAT-02056；REVIEW-MAT-02256,Sheet1:3225；Sheet1:3509,同一标准名称和规范分组下存在多个规格签名；已保守拆开，需人工确认是否为不同物料。
unit_conflict,冰块,行政办公与清洁/其他/临时消耗品,个；块,重量: 50kg,REVIEW-MAT-00571；REVIEW-MAT-00583,Sheet1:1052；Sheet1:1055；Sheet1:1056；Sheet1:1068；Sheet1:1070,同一标准名称、规范分组和规格下存在非同义单位；未自动合并。
low_precision_conflict,冰块,行政办公与清洁/其他/临时消耗品,个；块,重量: 50kg,REVIEW-MAT-00571；REVIEW-MAT-00583,Sheet1:1052；Sheet1:1055；Sheet1:1056；Sheet1:1068；Sheet1:1070,低精度/缺规格项与高精度项同时存在；低精度项已保留 needs_human_review。
specs_conflict,记号笔,行政办公与清洁/其他/标识耗材,支,颜色: 白色 || 颜色: 黑色,REVIEW-MAT-00316；REVIEW-MAT-00500,Sheet1:539；Sheet1:880；Sheet1:954,同一标准名称和规范分组下存在多个规格签名；已保守拆开，需人工确认是否为不同物料。
low_precision_conflict,记号笔,行政办公与清洁/其他/标识耗材,支,颜色: 白色 || 颜色: 黑色,REVIEW-MAT-00316；REVIEW-MAT-00500,Sheet1:539；Sheet1:880；Sheet1:954,低精度/缺规格项与高精度项同时存在；低精度项已保留 needs_human_review。
specs_conflict,记号笔,行政办公与清洁/办公用品/文具书写,个；支,类型: 记号笔 || 品类: 记号笔 || 颜色: 白色 || 品牌: 得力；颜色: 黑色 || 颜色: 黑色,REVIEW-MAT-00110；REVIEW-MAT-00801；REVIEW-MAT-01199；REVIEW-MAT-01209；REVIEW-MAT-01570；REVIEW-MAT-02204；REVIEW-MAT-02245,Sheet1:1452；Sheet1:178；Sheet1:1992；Sheet1:2005；Sheet1:2039；Sheet1:2143；Sheet1:2217；Sheet1:2542；Sheet1:3425；Sheet1:3491,同一标准名称和规范分组下存在多个规格签名；已保守拆开，需人工确认是否为不同物料。
unit_conflict,记号笔,行政办公与清洁/办公用品/文具书写,个；支,品类: 记号笔,REVIEW-MAT-00801；REVIEW-MAT-01199,Sheet1:1452；Sheet1:1992；Sheet1:2143；Sheet1:2217,同一标准名称、规范分组和规格下存在非同义单位；未自动合并。
unit_conflict,记号笔,行政办公与清洁/办公用品/文具书写,个；支,颜色: 白色,REVIEW-MAT-01209；REVIEW-MAT-02245,Sheet1:2005；Sheet1:2039；Sheet1:3491,同一标准名称、规范分组和规格下存在非同义单位；未自动合并。
specs_conflict,不锈钢烟灰桶,行政办公与清洁/清洁用品/清洁工具耗材,只；个,材质: 不锈钢；类型: 烟灰桶 || 材质: 304不锈钢；类型: 烟灰桶,REVIEW-MAT-01633；REVIEW-MAT-02023,Sheet1:2634；Sheet1:3183,同一标准名称和规范分组下存在多个规格签名；已保守拆开，需人工确认是否为不同物料。
specs_conflict,吸油棉,行政办公与清洁/清洁用品/清洁工具耗材,个；张,尺寸: 40*50*5；用途: 吸油 || 用途: 吸油 || 厚度: 5mm；用途: 吸油,REVIEW-MAT-00812；REVIEW-MAT-00887；REVIEW-MAT-01324,Sheet1:1465；Sheet1:1562；Sheet1:2163,同一标准名称和规范分组下存在多个规格签名；已保守拆开，需人工确认是否为不同物料。
specs_conflict,喷壶,行政办公与清洁/清洁用品/清洁工具耗材,个,品类: 喷壶 || 容量: 2L,REVIEW-MAT-01360；REVIEW-MAT-01399,Sheet1:2221；Sheet1:2279,同一标准名称和规范分组下存在多个规格签名；已保守拆开，需人工确认是否为不同物料。
specs_conflict,垃圾桶,行政办公与清洁/清洁用品/清洁工具耗材,个；只,规格: 大 || 类型: 垃圾桶 || 容量: 120L,REVIEW-MAT-01057；REVIEW-MAT-01778；REVIEW-MAT-01954,Sheet1:1799；Sheet1:2828；Sheet1:3095,同一标准名称和规范分组下存在多个规格签名；已保守拆开，需人工确认是否为不同物料。
specs_conflict,垃圾袋,行政办公与清洁/清洁用品/清洁工具耗材,个；条,规格: 大 || 规格: 120*140；特征: 厚 || 类型: 垃圾袋 || 规格: 100*120 || 品类: 垃圾袋 || 规格: 120 || 尺寸: 1.2m*1.4m || 颜色: 黑色；尺寸: 1.2米*1.4米 || 尺寸: 1m*1.2m,REVIEW-MAT-00094；REVIEW-MAT-00169；REVIEW-MAT-01058；REVIEW-MAT-01131；REVIEW-MAT-01217；REVIEW-MAT-01418；REVIEW-MAT-01763；REVIEW-MAT-01900；REVIEW-MAT-02136；REVIEW-MAT-02353,Sheet1:150；Sheet1:1800；Sheet1:1900；Sheet1:2016；Sheet1:222；Sheet1:2274；Sheet1:2285；Sheet1:2307；Sheet1:236；Sheet1:2807；Sheet1:3023；Sheet1:303；Sheet1:3096；Sheet1:3326；Sheet1:3412；Sheet1:364；Sheet1:3658,同一标准名称和规范分组下存在多个规格签名；已保守拆开，需人工确认是否为不同物料。
low_precision_conflict,垃圾袋,行政办公与清洁/清洁用品/清洁工具耗材,个；条,规格: 大 || 规格: 120*140；特征: 厚 || 类型: 垃圾袋 || 规格: 100*120 || 品类: 垃圾袋 || 规格: 120 || 尺寸: 1.2m*1.4m || 颜色: 黑色；尺寸: 1.2米*1.4米 || 尺寸: 1m*1.2m,REVIEW-MAT-00094；REVIEW-MAT-00169；REVIEW-MAT-01058；REVIEW-MAT-01131；REVIEW-MAT-01217；REVIEW-MAT-01418；REVIEW-MAT-01763；REVIEW-MAT-01900；REVIEW-MAT-02136；REVIEW-MAT-02353,Sheet1:150；Sheet1:1800；Sheet1:1900；Sheet1:2016；Sheet1:222；Sheet1:2274；Sheet1:2285；Sheet1:2307；Sheet1:236；Sheet1:2807；Sheet1:3023；Sheet1:303；Sheet1:3096；Sheet1:3326；Sheet1:3412；Sheet1:364；Sheet1:3658,低精度/缺规格项与高精度项同时存在；低精度项已保留 needs_human_review。
unit_conflict,塑料扫把,行政办公与清洁/清洁用品/清洁工具耗材,个；把,材质: 塑料,REVIEW-MAT-00059；REVIEW-MAT-02320,Sheet1:3599；Sheet1:90,同一标准名称、规范分组和规格下存在非同义单位；未自动合并。
low_precision_conflict,塑料扫把,行政办公与清洁/清洁用品/清洁工具耗材,个；把,材质: 塑料,REVIEW-MAT-00059；REVIEW-MAT-02320,Sheet1:3599；Sheet1:90,低精度/缺规格项与高精度项同时存在；低精度项已保留 needs_human_review。
specs_conflict,扫把,行政办公与清洁/清洁用品/清洁工具耗材,个,类型: 扫把 || 品类: 扫把,REVIEW-MAT-00085；REVIEW-MAT-01204,Sheet1:133；Sheet1:2000,同一标准名称和规范分组下存在多个规格签名；已保守拆开，需人工确认是否为不同物料。
specs_conflict,抹布,行政办公与清洁/清洁用品/清洁工具耗材,条；kg；公斤；KG,品类: 抹布 || 形态: 大块；颜色: 白色 || 类型: 抹布,REVIEW-MAT-00920；REVIEW-MAT-01339；REVIEW-MAT-01365；REVIEW-MAT-01646,Sheet1:1612；Sheet1:2190；Sheet1:2227；Sheet1:2650；Sheet1:2681；Sheet1:2728；Sheet1:2848；Sheet1:2941；Sheet1:2968；Sheet1:2982；Sheet1:3432,同一标准名称和规范分组下存在多个规格签名；已保守拆开，需人工确认是否为不同物料。
unit_conflict,抹布,行政办公与清洁/清洁用品/清洁工具耗材,kg；公斤,形态: 大块；颜色: 白色,REVIEW-MAT-01339；REVIEW-MAT-01365,Sheet1:2190；Sheet1:2227,同一标准名称、规范分组和规格下存在非同义单位；未自动合并。
low_precision_conflict,抹布,行政办公与清洁/清洁用品/清洁工具耗材,条；kg；公斤；KG,品类: 抹布 || 形态: 大块；颜色: 白色 || 类型: 抹布,REVIEW-MAT-00920；REVIEW-MAT-01339；REVIEW-MAT-01365；REVIEW-MAT-01646,Sheet1:1612；Sheet1:2190；Sheet1:2227；Sheet1:2650；Sheet1:2681；Sheet1:2728；Sheet1:2848；Sheet1:2941；Sheet1:2968；Sheet1:2982；Sheet1:3432,低精度/缺规格项与高精度项同时存在；低精度项已保留 needs_human_review。
specs_conflict,拖把,行政办公与清洁/清洁用品/清洁工具耗材,个；支,规格: 大 || 品类: 拖把,REVIEW-MAT-00134；REVIEW-MAT-00173；REVIEW-MAT-00919,Sheet1:1611；Sheet1:2014；Sheet1:235；Sheet1:258；Sheet1:307；Sheet1:325,同一标准名称和规范分组下存在多个规格签名；已保守拆开，需人工确认是否为不同物料。
unit_conflict,拖把,行政办公与清洁/清洁用品/清洁工具耗材,个；支,规格: 大,REVIEW-MAT-00134；REVIEW-MAT-00173,Sheet1:235；Sheet1:258；Sheet1:307；Sheet1:325,同一标准名称、规范分组和规格下存在非同义单位；未自动合并。
low_precision_conflict,拖把,行政办公与清洁/清洁用品/清洁工具耗材,个；支,规格: 大 || 品类: 拖把,REVIEW-MAT-00134；REVIEW-MAT-00173；REVIEW-MAT-00919,Sheet1:1611；Sheet1:2014；Sheet1:235；Sheet1:258；Sheet1:307；Sheet1:325,低精度/缺规格项与高精度项同时存在；低精度项已保留 needs_human_review。
specs_conflict,洗洁精,行政办公与清洁/清洁用品/清洁工具耗材,桶,包装: 4kg || 包装: 3KG || 包装: 2KG,REVIEW-MAT-01053；REVIEW-MAT-01670；REVIEW-MAT-02032,Sheet1:1795；Sheet1:2675；Sheet1:2898；Sheet1:3193,同一标准名称和规范分组下存在多个规格签名；已保守拆开，需人工确认是否为不同物料。
specs_conflict,竹扫把,行政办公与清洁/清洁用品/清洁工具耗材,个；把,规格: 大号；材质: 竹 || 规格: 大；材质: 竹 || 材质: 竹；类型: 扫把 || 材质: 竹；规格: 大,REVIEW-MAT-01145；REVIEW-MAT-01332；REVIEW-MAT-01683；REVIEW-MAT-02319,Sheet1:1923；Sheet1:2178；Sheet1:2273；Sheet1:2693；Sheet1:3058；Sheet1:3403；Sheet1:3598,同一标准名称和规范分组下存在多个规格签名；已保守拆开，需人工确认是否为不同物料。
unit_conflict,竹扫把,行政办公与清洁/清洁用品/清洁工具耗材,个；把,规格: 大；材质: 竹 || 材质: 竹；规格: 大,REVIEW-MAT-01332；REVIEW-MAT-02319,Sheet1:2178；Sheet1:2273；Sheet1:3598,同一标准名称、规范分组和规格下存在非同义单位；未自动合并。
specs_conflict,重油污清洗剂,行政办公与清洁/清洁用品/清洁工具耗材,KG；公斤,品牌: 宝雅；用途: 重油污 || 用途: 去重油污,REVIEW-MAT-00129；REVIEW-MAT-00187,Sheet1:227；Sheet1:336,同一标准名称和规范分组下存在多个规格签名；已保守拆开，需人工确认是否为不同物料。
low_precision_conflict,重油污清洗剂,行政办公与清洁/清洁用品/清洁工具耗材,KG；公斤,品牌: 宝雅；用途: 重油污 || 用途: 去重油污,REVIEW-MAT-00129；REVIEW-MAT-00187,Sheet1:227；Sheet1:336,低精度/缺规格项与高精度项同时存在；低精度项已保留 needs_human_review。
specs_conflict,高粱扫把,行政办公与清洁/清洁用品/清洁工具耗材,把；个,材质/类型: 高粱 || 材质: 高粱；规格: 小 || 材质: 高粱；类型: 扫把,REVIEW-MAT-00061；REVIEW-MAT-00219；REVIEW-MAT-01693,Sheet1:2709；Sheet1:3072；Sheet1:3435；Sheet1:383；Sheet1:92,同一标准名称和规范分组下存在多个规格签名；已保守拆开，需人工确认是否为不同物料。
low_precision_conflict,高粱扫把,行政办公与清洁/清洁用品/清洁工具耗材,把；个,材质/类型: 高粱 || 材质: 高粱；规格: 小 || 材质: 高粱；类型: 扫把,REVIEW-MAT-00061；REVIEW-MAT-00219；REVIEW-MAT-01693,Sheet1:2709；Sheet1:3072；Sheet1:3435；Sheet1:383；Sheet1:92,低精度/缺规格项与高精度项同时存在；低精度项已保留 needs_human_review。
specs_conflict,办公椅,行政办公与清洁/生活后勤/生活用品,把；个,类型: 多功能办公椅 || 品牌: 得力；类型: 多功能椅,REVIEW-MAT-00591；REVIEW-MAT-00794,Sheet1:1087；Sheet1:1441,同一标准名称和规范分组下存在多个规格签名；已保守拆开，需人工确认是否为不同物料。
specs_conflict,加厚周转箱,行政办公与清洁/生活后勤/生活用品,个,特征: 加厚；尺寸: 570*420*155 || 特征: 加厚；尺寸: 600*400*150,REVIEW-MAT-01979；REVIEW-MAT-02016,Sheet1:3130；Sheet1:3174,同一标准名称和规范分组下存在多个规格签名；已保守拆开，需人工确认是否为不同物料。
specs_conflict,塑料方凳,行政办公与清洁/生活后勤/生活用品,个,材质: 塑料；规格: 50CM；特征: 加厚 || 材质: 塑料；类型: 方凳,REVIEW-MAT-00184；REVIEW-MAT-01050,Sheet1:1792；Sheet1:330,同一标准名称和规范分组下存在多个规格签名；已保守拆开，需人工确认是否为不同物料。
low_precision_conflict,塑料方凳,行政办公与清洁/生活后勤/生活用品,个,材质: 塑料；规格: 50CM；特征: 加厚 || 材质: 塑料；类型: 方凳,REVIEW-MAT-00184；REVIEW-MAT-01050,Sheet1:1792；Sheet1:330,低精度/缺规格项与高精度项同时存在；低精度项已保留 needs_human_review。
specs_conflict,带盖方桶,行政办公与清洁/生活后勤/生活用品,只；个,材质: 牛筋；容量: 6L；配置: 带盖；地点备注: 蕰川路 || 材质: 牛筋；容量: 6L；配置: 带盖,REVIEW-MAT-01615；REVIEW-MAT-01893,Sheet1:2602；Sheet1:3012,同一标准名称和规范分组下存在多个规格签名；已保守拆开，需人工确认是否为不同物料。
unit_conflict,床垫,行政办公与清洁/生活后勤/生活用品,个；床；件,类型: 床垫,REVIEW-MAT-00426；REVIEW-MAT-01678；REVIEW-MAT-01734,Sheet1:2687；Sheet1:2767；Sheet1:740,同一标准名称、规范分组和规格下存在非同义单位；未自动合并。
unit_conflict,蚕丝被,行政办公与清洁/生活后勤/生活用品,件；套,材质: 蚕丝；类型: 被子,REVIEW-MAT-01677；REVIEW-MAT-01733,Sheet1:2686；Sheet1:2766,同一标准名称、规范分组和规格下存在非同义单位；未自动合并。
low_precision_conflict,蚕丝被,行政办公与清洁/生活后勤/生活用品,件；套,材质: 蚕丝；类型: 被子,REVIEW-MAT-01677；REVIEW-MAT-01733,Sheet1:2686；Sheet1:2766,低精度/缺规格项与高精度项同时存在；低精度项已保留 needs_human_review。
specs_conflict,传动皮带,设备备件与加工件/传动轴承/传动轴承,条；个；支,型号: BLI1753 || 型号: XPL2800 || 型号: XPL2650 || 型号: 1041,REVIEW-MAT-00897；REVIEW-MAT-01012；REVIEW-MAT-01013；REVIEW-MAT-01243,Sheet1:1576；Sheet1:1729；Sheet1:1730；Sheet1:2055,同一标准名称和规范分组下存在多个规格签名；已保守拆开，需人工确认是否为不同物料。
specs_conflict,轴承,设备备件与加工件/传动轴承/传动轴承,个,品牌: TIMKEN；型号: J90354；进口: 是 || 品牌: SKF；型号: 2315；进口: 是,REVIEW-MAT-01193；REVIEW-MAT-01383,Sheet1:1983；Sheet1:2248,同一标准名称和规范分组下存在多个规格签名；已保守拆开，需人工确认是否为不同物料。
specs_conflict,机械密封,设备备件与加工件/其他/密封件,个；套,型号: 6205 || 规格: 50,REVIEW-MAT-01173；REVIEW-MAT-01222,Sheet1:1957；Sheet1:2021,同一标准名称和规范分组下存在多个规格签名；已保守拆开，需人工确认是否为不同物料。
specs_conflict,混凝土振动棒,设备备件与加工件/其他/振动棒,根,型号/规格: 35型 || 电压: 380V；直径: Φ50；长度: 6m,REVIEW-MAT-02234；REVIEW-MAT-02254,Sheet1:3475；Sheet1:3507,同一标准名称和规范分组下存在多个规格签名；已保守拆开，需人工确认是否为不同物料。
specs_conflict,叶轮,设备备件与加工件/设备专用备件/设备备件,个,适配型号: QJB-4/6；部件: 叶轮 || 适配型号: QJB-2/8；部件: 叶轮 || 适配型号: QJB-5/8；部件: 叶轮,REVIEW-MAT-01834；REVIEW-MAT-01835；REVIEW-MAT-01841,Sheet1:2923；Sheet1:2924；Sheet1:2933；Sheet1:2934,同一标准名称和规范分组下存在多个规格签名；已保守拆开，需人工确认是否为不同物料。
specs_conflict,污水泵,设备备件与加工件/设备专用备件/设备备件,台,功率: 1.5kW；类型: 污水泵 || 功率: 1.5kW；口径: 2寸 || 功率: 5.5kW；类型: 污水泵,REVIEW-MAT-00497；REVIEW-MAT-00588；REVIEW-MAT-01315,Sheet1:1078；Sheet1:2153；Sheet1:871；Sheet1:988,同一标准名称和规范分组下存在多个规格签名；已保守拆开，需人工确认是否为不同物料。
specs_conflict,泥浆泵活塞,设备备件与加工件/设备专用备件/设备备件,只,适配型号: BW-250；部件: 活塞 || 适配型号: BW-150；部件: 活塞,REVIEW-MAT-01852；REVIEW-MAT-01853,Sheet1:2949；Sheet1:2950,同一标准名称和规范分组下存在多个规格签名；已保守拆开，需人工确认是否为不同物料。
specs_conflict,潜水泵,设备备件与加工件/设备专用备件/设备备件,台,电压: 380V；功率: 2.2kW || 电压: 220V；功率: 370W；出口: 1寸,REVIEW-MAT-00529；REVIEW-MAT-02099,Sheet1:3280；Sheet1:942,同一标准名称和规范分组下存在多个规格签名；已保守拆开，需人工确认是否为不同物料。
specs_conflict,电机,设备备件与加工件/设备专用备件/设备备件,台,功率: 7.5kW || 功率: 5.5kW,REVIEW-MAT-01325；REVIEW-MAT-01532,Sheet1:2164；Sheet1:2450,同一标准名称和规范分组下存在多个规格签名；已保守拆开，需人工确认是否为不同物料。
specs_conflict,管道增压泵,设备备件与加工件/设备专用备件/设备备件,个,电压: 380V；功率: 3kW；类型: 管道增压泵 || 电压: 380V；功率: 1.5kW；类型: 管道增压泵,REVIEW-MAT-01195；REVIEW-MAT-01196,Sheet1:1986；Sheet1:1987,同一标准名称和规范分组下存在多个规格签名；已保守拆开，需人工确认是否为不同物料。
specs_conflict,滤芯,设备备件与加工件/过滤密封/过滤件,个；只,型号: 06/08-25 || 进口: 是；尺寸: Φ160*505,REVIEW-MAT-00996；REVIEW-MAT-01590,Sheet1:1710；Sheet1:2570,同一标准名称和规范分组下存在多个规格签名；已保守拆开，需人工确认是否为不同物料。
specs_conflict,不锈钢名牌,设备备件与加工件/金属加工件/金属加工件,个,定制: 是；材质: 不锈钢；规格: 120*60 || 定制: 是；材质: 不锈钢；规格: 100*80 || 定制: 是；材质: 不锈钢；规格: 30*60,REVIEW-MAT-00211；REVIEW-MAT-00212；REVIEW-MAT-00213,Sheet1:373；Sheet1:374；Sheet1:375,同一标准名称和规范分组下存在多个规格签名；已保守拆开，需人工确认是否为不同物料。
specs_conflict,加厚卡箍,设备备件与加工件/金属加工件/金属加工件,个,加工: 是；规格: 89；特征: 加厚 || 加工: 是；规格: 219；特征: 加厚,REVIEW-MAT-01281；REVIEW-MAT-01282,Sheet1:2102；Sheet1:2103,同一标准名称和规范分组下存在多个规格签名；已保守拆开，需人工确认是否为不同物料。
specs_conflict,加厚风筒,设备备件与加工件/金属加工件/金属加工件,条,加工: 是；直径: 600；长度: 20米；特征: 加厚 || 加工: 是；直径: 600；长度: 10米；特征: 加厚,REVIEW-MAT-01526；REVIEW-MAT-01527,Sheet1:2436；Sheet1:2437,同一标准名称和规范分组下存在多个规格签名；已保守拆开，需人工确认是否为不同物料。
specs_conflict,加长弯头,设备备件与加工件/金属加工件/金属加工件,个,定制: 是；规格: 168；特征: 加长 || 定制: 是；规格: 219；特征: 加长 || 定制: 是；规格: 60.5；特征: 加长,REVIEW-MAT-01075；REVIEW-MAT-01076；REVIEW-MAT-01077,Sheet1:1825；Sheet1:1826；Sheet1:1827,同一标准名称和规范分组下存在多个规格签名；已保守拆开，需人工确认是否为不同物料。
specs_conflict,卡槽弯头,设备备件与加工件/金属加工件/金属加工件,个,定制: 是；规格: 168；特征: 加长、带卡槽 || 定制: 是；规格: 219；特征: 加长、带卡槽,REVIEW-MAT-00768；REVIEW-MAT-00769,Sheet1:1410；Sheet1:1411,同一标准名称和规范分组下存在多个规格签名；已保守拆开，需人工确认是否为不同物料。
specs_conflict,卡箍接头,设备备件与加工件/金属加工件/金属加工件,个；件,加工: 是；规格: 168；类型: 卡箍接头 || 加工: 是；规格: 89；类型: 卡箍接头,REVIEW-MAT-01168；REVIEW-MAT-01169；REVIEW-MAT-01270,Sheet1:1952；Sheet1:1953；Sheet1:2087,同一标准名称和规范分组下存在多个规格签名；已保守拆开，需人工确认是否为不同物料。
low_precision_conflict,卡箍接头,设备备件与加工件/金属加工件/金属加工件,个；件,加工: 是；规格: 168；类型: 卡箍接头 || 加工: 是；规格: 89；类型: 卡箍接头,REVIEW-MAT-01168；REVIEW-MAT-01169；REVIEW-MAT-01270,Sheet1:1952；Sheet1:1953；Sheet1:2087,低精度/缺规格项与高精度项同时存在；低精度项已保留 needs_human_review。
specs_conflict,垫片,设备备件与加工件/金属加工件/金属加工件,个,规格: 110*100*5；加工: 是 || 定制: 是；规格: 12*600*5,REVIEW-MAT-00144；REVIEW-MAT-00235,Sheet1:254；Sheet1:408,同一标准名称和规范分组下存在多个规格签名；已保守拆开，需人工确认是否为不同物料。
specs_conflict,外丝接头,设备备件与加工件/金属加工件/金属加工件,个,定制: 是；规格: 1寸；连接: 外丝 || 加工: 是；规格: 89；连接: 外丝 || 加工: 是；规格: 60；连接: 外丝,REVIEW-MAT-00927；REVIEW-MAT-01156；REVIEW-MAT-01157,Sheet1:1621；Sheet1:1936；Sheet1:1937,同一标准名称和规范分组下存在多个规格签名；已保守拆开，需人工确认是否为不同物料。
specs_conflict,定制电箱罩,设备备件与加工件/金属加工件/金属加工件,套,尺寸: 2.3*1.3*0.7；定制: 是；特征: 加厚 || 尺寸: 1.8*1.6*0.6；定制: 是；特征: 加厚,REVIEW-MAT-00908；REVIEW-MAT-00909,Sheet1:1594；Sheet1:1595,同一标准名称和规范分组下存在多个规格签名；已保守拆开，需人工确认是否为不同物料。
specs_conflict,定制钢板,设备备件与加工件/金属加工件/金属加工件,块,定制: 是；尺寸: 400*1000*30mm；材质: 钢板 || 加工: 是；尺寸: 400*400*40mm；材质: 钢板,REVIEW-MAT-00796；REVIEW-MAT-01073,Sheet1:1443；Sheet1:1822,同一标准名称和规范分组下存在多个规格签名；已保守拆开，需人工确认是否为不同物料。
specs_conflict,带牙钢管加工件,设备备件与加工件/金属加工件/金属加工件,个,加工: 是；规格: 89；工序: 带牙 || 加工: 是；规格: 80；工序: 带牙,REVIEW-MAT-00665；REVIEW-MAT-00674,Sheet1:1219；Sheet1:1238,同一标准名称和规范分组下存在多个规格签名；已保守拆开，需人工确认是否为不同物料。
specs_conflict,抱箍加工件,设备备件与加工件/金属加工件/金属加工件,个,加工: 是；规格: 3寸；类型: 抱箍 || 加工: 是；规格: 2寸；类型: 抱箍,REVIEW-MAT-01340；REVIEW-MAT-01341,Sheet1:2193；Sheet1:2194,同一标准名称和规范分组下存在多个规格签名；已保守拆开，需人工确认是否为不同物料。
specs_conflict,方柱加工件,设备备件与加工件/金属加工件/金属加工件,根,加工: 是；截面: 70mm*70mm；长度: 1m || 加工: 是；截面: 70mm*70mm；长度: 0.3m,REVIEW-MAT-01825；REVIEW-MAT-01826,Sheet1:2912；Sheet1:2913,同一标准名称和规范分组下存在多个规格签名；已保守拆开，需人工确认是否为不同物料。
specs_conflict,气源分配器,设备备件与加工件/金属加工件/金属加工件,套；个,定制: 是；材质: 不锈钢；接口: 2寸 || 定制: 是；材质: 不锈钢；路数: 6路,REVIEW-MAT-00821；REVIEW-MAT-00937,Sheet1:1475；Sheet1:1632,同一标准名称和规范分组下存在多个规格签名；已保守拆开，需人工确认是否为不同物料。
specs_conflict,泥浆管接头加工件,设备备件与加工件/金属加工件/金属加工件,件；个,加工: 是；管径: Φ219；用途: 泥浆管 || 加工: 是；连接: 焊接；管径: Φ168；用途: 泥浆管,REVIEW-MAT-01478；REVIEW-MAT-02114,Sheet1:2381；Sheet1:3298,同一标准名称和规范分组下存在多个规格签名；已保守拆开，需人工确认是否为不同物料。
specs_conflict,螺纹钢筋加工件,设备备件与加工件/金属加工件/金属加工件,根,加工: 是；直径: Φ20；长度: 40cm || 加工: 是；直径: Φ20；长度: 60cm,REVIEW-MAT-02000；REVIEW-MAT-02005,Sheet1:3154；Sheet1:3163,同一标准名称和规范分组下存在多个规格签名；已保守拆开，需人工确认是否为不同物料。
specs_conflict,钢圈,设备备件与加工件/金属加工件/金属加工件,个,材质: 钢；规格: 100*108*5；加工: 是 || 材质: 钢；规格: 100*110*10；加工: 是,REVIEW-MAT-00128；REVIEW-MAT-00143,Sheet1:226；Sheet1:252,同一标准名称和规范分组下存在多个规格签名；已保守拆开，需人工确认是否为不同物料。
specs_conflict,钢筋加工件,设备备件与加工件/金属加工件/金属加工件,个,加工: 是；钢筋规格: 12；长度: 1.6米 || 加工: 是；钢筋规格: 12；长度: 11.93米 || 加工: 是；钢筋规格: 12；长度: 12.94米,REVIEW-MAT-00600；REVIEW-MAT-00601；REVIEW-MAT-00602,Sheet1:1098；Sheet1:1099；Sheet1:1100,同一标准名称和规范分组下存在多个规格签名；已保守拆开，需人工确认是否为不同物料。
specs_conflict,钢管抱箍,设备备件与加工件/金属加工件/金属加工件,个,加工: 是；规格: 159；适用: 钢管 || 加工: 是；规格: 89；适用: 钢管,REVIEW-MAT-00663；REVIEW-MAT-00664,Sheet1:1217；Sheet1:1218,同一标准名称和规范分组下存在多个规格签名；已保守拆开，需人工确认是否为不同物料。
specs_conflict,铝合金梯子,设备备件与加工件/金属加工件/金属加工件,个,定制: 是；长度: 4米；规格: 3.5；材质: 铝合金；特征: 加厚 || 定制: 是；长度: 4米；规格: 5.2；材质: 铝合金；特征: 加厚 || 定制: 是；长度: 4米；材质: 铝合金；特征: 加厚,REVIEW-MAT-01095；REVIEW-MAT-01125；REVIEW-MAT-01225,Sheet1:1850；Sheet1:1893；Sheet1:2030,同一标准名称和规范分组下存在多个规格签名；已保守拆开，需人工确认是否为不同物料。
specs_conflict,高压内接头,设备备件与加工件/金属加工件/金属加工件,个,定制: 是；型号/规格: 52H42；类型: 内接高压 || 定制: 是；型号/规格: 36H28；类型: 内接高压 || 定制: 是；型号/规格: 30H20；类型: 内接高压 || 定制: 是；型号/规格: 26H20；类型: 内接高压,REVIEW-MAT-01126；REVIEW-MAT-01127；REVIEW-MAT-01128；REVIEW-MAT-01129,Sheet1:1894；Sheet1:1895；Sheet1:1896；Sheet1:1897,同一标准名称和规范分组下存在多个规格签名；已保守拆开，需人工确认是否为不同物料。
specs_conflict,高压弯头,设备备件与加工件/金属加工件/金属加工件,个,定制: 是；规格: 6x1.5；类型: 弯头 || 定制: 是；规格: 10x1.5；类型: 弯头 || 定制: 是；规格: 13x1.5；类型: 弯头 || 定制: 是；规格: 16x1.5；类型: 弯头 || 定制: 是；规格: 19x1.5；类型: 弯头 || 定制: 是；规格: 25x1.5；类型: 弯头 || 定制: 是；规格: 32x1.5；类型: 弯头 || 定制: 是；规格: 38x1.5；类型: 弯头,REVIEW-MAT-00302；REVIEW-MAT-00303；REVIEW-MAT-00304；REVIEW-MAT-00305；REVIEW-MAT-00306；REVIEW-MAT-00307；REVIEW-MAT-00308；REVIEW-MAT-00309,Sheet1:523；Sheet1:524；Sheet1:525；Sheet1:526；Sheet1:527；Sheet1:528；Sheet1:529；Sheet1:530,同一标准名称和规范分组下存在多个规格签名；已保守拆开，需人工确认是否为不同物料。
specs_conflict,方钢,金属原材料/其他/型钢,米,规格: 40*80；特征: 加厚 || 规格: 30*30*3 || 规格: 25*25,REVIEW-MAT-00318；REVIEW-MAT-00408；REVIEW-MAT-00449,Sheet1:546；Sheet1:707；Sheet1:775,同一标准名称和规范分组下存在多个规格签名；已保守拆开，需人工确认是否为不同物料。
specs_conflict,槽钢,金属原材料/其他/型钢,米,规格: 100#；标准: 国标 || 规格: 80 || 规格: 10#；特征: 厚,REVIEW-MAT-00337；REVIEW-MAT-00369；REVIEW-MAT-00675,Sheet1:1239；Sheet1:575；Sheet1:639,同一标准名称和规范分组下存在多个规格签名；已保守拆开，需人工确认是否为不同物料。
specs_conflict,角钢,金属原材料/其他/型钢,米,规格: 50*50*6；标准: 国标 || 规格: 40*40*5；标准: 国标,REVIEW-MAT-00270；REVIEW-MAT-00658,Sheet1:1202；Sheet1:1330；Sheet1:465；Sheet1:573；Sheet1:702,同一标准名称和规范分组下存在多个规格签名；已保守拆开，需人工确认是否为不同物料。
specs_conflict,无缝管,金属原材料/其他/钢管,米,规格: 325；壁厚: 14 || 规格: 68*6 || 规格: 325*12,REVIEW-MAT-00332；REVIEW-MAT-00652；REVIEW-MAT-00753,Sheet1:1190；Sheet1:1384；Sheet1:567,同一标准名称和规范分组下存在多个规格签名；已保守拆开，需人工确认是否为不同物料。
specs_conflict,B型槽钢,金属原材料/钢材型材/钢材型材,米,规格: 20#B || 规格: 16#B || 规格: 10#；型号: B型,REVIEW-MAT-01838；REVIEW-MAT-01839；REVIEW-MAT-02274,Sheet1:2928；Sheet1:2929；Sheet1:3540,同一标准名称和规范分组下存在多个规格签名；已保守拆开，需人工确认是否为不同物料。
specs_conflict,工字钢,金属原材料/钢材型材/钢材型材,米,规格: 20# || 规格: 14# || 规格: 16#,REVIEW-MAT-00839；REVIEW-MAT-01530；REVIEW-MAT-02037,Sheet1:1496；Sheet1:2448；Sheet1:3199；Sheet1:3200,同一标准名称和规范分组下存在多个规格签名；已保守拆开，需人工确认是否为不同物料。
specs_conflict,扁钢,金属原材料/钢材型材/钢材型材,米,规格: 80*6mm || 规格: 50*5,REVIEW-MAT-00833；REVIEW-MAT-01172,Sheet1:1490；Sheet1:1956,同一标准名称和规范分组下存在多个规格签名；已保守拆开，需人工确认是否为不同物料。
specs_conflict,无缝钢管,金属原材料/钢材型材/钢材型材,米；根,外径: 48mm；壁厚: 4.0mm || 外径: 89mm；壁厚: 6mm || 外径: 325mm；壁厚: 14mm || 外径: 48mm；壁厚: 4mm || 外径: 60mm；壁厚: 4mm || 外径: 76mm；壁厚: 8mm || 外径: 325；壁厚: 12mm；长度: 6米,REVIEW-MAT-00775；REVIEW-MAT-00827；REVIEW-MAT-00830；REVIEW-MAT-01144；REVIEW-MAT-01276；REVIEW-MAT-01414；REVIEW-MAT-01765,Sheet1:1418；Sheet1:1481；Sheet1:1484；Sheet1:1921；Sheet1:2093；Sheet1:2300；Sheet1:2809,同一标准名称和规范分组下存在多个规格签名；已保守拆开，需人工确认是否为不同物料。
specs_conflict,槽钢,金属原材料/钢材型材/钢材型材,米,规格: 200B || 规格: 160B || 规格: 10#；执行标准: 国标 || 规格: 10# || 规格: 8# || 规格: 6#,REVIEW-MAT-00192；REVIEW-MAT-00193；REVIEW-MAT-00838；REVIEW-MAT-01060；REVIEW-MAT-01642；REVIEW-MAT-01643；REVIEW-MAT-01824,Sheet1:1495；Sheet1:1537；Sheet1:1802；Sheet1:1918；Sheet1:2646；Sheet1:2647；Sheet1:2738；Sheet1:2910；Sheet1:3198；Sheet1:3407；Sheet1:342；Sheet1:343,同一标准名称和规范分组下存在多个规格签名；已保守拆开，需人工确认是否为不同物料。
specs_conflict,花纹钢板,金属原材料/钢材型材/钢材型材,平方；张,厚度: 3mm；类型: 花纹钢板 || 厚度: 3.0；类型: 花纹钢板 || 厚度: 3.0mm；表面: 花纹 || 厚度: 5mm；表面: 花纹 || 尺寸: 6m*1.26m；厚度: 6mm；表面: 花纹 || 尺寸: 6m*1.51m；厚度: 5.25mm；表面: 花纹,REVIEW-MAT-00336；REVIEW-MAT-00659；REVIEW-MAT-00807；REVIEW-MAT-00869；REVIEW-MAT-01715；REVIEW-MAT-01758,Sheet1:1203；Sheet1:1459；Sheet1:1538；Sheet1:1920；Sheet1:2739；Sheet1:2799；Sheet1:2911；Sheet1:574,同一标准名称和规范分组下存在多个规格签名；已保守拆开，需人工确认是否为不同物料。
low_precision_conflict,花纹钢板,金属原材料/钢材型材/钢材型材,平方；张,厚度: 3mm；类型: 花纹钢板 || 厚度: 3.0；类型: 花纹钢板 || 厚度: 3.0mm；表面: 花纹 || 厚度: 5mm；表面: 花纹 || 尺寸: 6m*1.26m；厚度: 6mm；表面: 花纹 || 尺寸: 6m*1.51m；厚度: 5.25mm；表面: 花纹,REVIEW-MAT-00336；REVIEW-MAT-00659；REVIEW-MAT-00807；REVIEW-MAT-00869；REVIEW-MAT-01715；REVIEW-MAT-01758,Sheet1:1203；Sheet1:1459；Sheet1:1538；Sheet1:1920；Sheet1:2739；Sheet1:2799；Sheet1:2911；Sheet1:574,低精度/缺规格项与高精度项同时存在；低精度项已保留 needs_human_review。
specs_conflict,角钢,金属原材料/钢材型材/钢材型材,米；根,规格: 3*3*0.4；执行标准: 国标 || 规格: 40*5 || 规格: 40*40 || 规格: 50*50,REVIEW-MAT-01043；REVIEW-MAT-01143；REVIEW-MAT-01576；REVIEW-MAT-01669,Sheet1:1777；Sheet1:1919；Sheet1:2548；Sheet1:2674；Sheet1:2798；Sheet1:2810；Sheet1:2889；Sheet1:3042,同一标准名称和规范分组下存在多个规格签名；已保守拆开，需人工确认是否为不同物料。
specs_conflict,镀锌角钢,金属原材料/钢材型材/钢材型材,根；米,规格: 4*4；表面: 镀锌 || 规格: 4*4*0.5；表面: 镀锌 || 表面: 镀锌；规格: 40*40,REVIEW-MAT-01072；REVIEW-MAT-01253；REVIEW-MAT-02278,Sheet1:1820；Sheet1:2068；Sheet1:3547,同一标准名称和规范分组下存在多个规格签名；已保守拆开，需人工确认是否为不同物料。
specs_conflict,不锈钢单向阀,阀门/其他/单向阀,个；只,品牌: 埃美柯；公称直径: DN80；材质: 不锈钢 || 材质: 不锈钢；规格: 1寸；类型: 单向阀 || 材质: 304不锈钢；公称通径: DN50,REVIEW-MAT-00935；REVIEW-MAT-01903；REVIEW-MAT-02100,Sheet1:1630；Sheet1:3026；Sheet1:3030；Sheet1:3281,同一标准名称和规范分组下存在多个规格签名；已保守拆开，需人工确认是否为不同物料。
specs_conflict,弹簧式安全阀,阀门/其他/安全阀,只,型号: A28H-64；公称通径: DN32；结构: 弹簧式 || 结构: 弹簧式；公称通径: DN20,REVIEW-MAT-01536；REVIEW-MAT-02092,Sheet1:2454；Sheet1:3273,同一标准名称和规范分组下存在多个规格签名；已保守拆开，需人工确认是否为不同物料。
specs_conflict,法兰电动蝶阀,阀门/其他/电动阀门,个,公称直径: DN50；连接: 法兰；驱动: 电动 || 公称直径: DN80；连接: 法兰；驱动: 电动,REVIEW-MAT-00858；REVIEW-MAT-00859,Sheet1:1524；Sheet1:1525,同一标准名称和规范分组下存在多个规格签名；已保守拆开，需人工确认是否为不同物料。
specs_conflict,不锈钢内丝球阀,阀门/通用阀门/球阀,个,材质: 304不锈钢；规格: 4分；连接: 内丝 || 材质: 304不锈钢；规格: 3分；连接: 内丝,REVIEW-MAT-02080；REVIEW-MAT-02081,Sheet1:3257；Sheet1:3258,同一标准名称和规范分组下存在多个规格签名；已保守拆开，需人工确认是否为不同物料。
specs_conflict,不锈钢内外丝球阀,阀门/通用阀门/球阀,个,材质: 304不锈钢；规格: 4分；连接: 内外丝 || 材质: 304不锈钢；规格: 3分；连接: 内外丝,REVIEW-MAT-02078；REVIEW-MAT-02079,Sheet1:3255；Sheet1:3256,同一标准名称和规范分组下存在多个规格签名；已保守拆开，需人工确认是否为不同物料。
specs_conflict,不锈钢球阀,阀门/通用阀门/球阀,个；只,品牌: 埃美柯；公称直径: DN50；材质: 不锈钢 || 品牌: 埃美柯；公称直径: DN80；材质: 不锈钢 || 材质: 不锈钢；规格: 32 || 材质: 304；公称通径: DN20 || 材质: 304；公称通径: DN15 || 材质: 304；公称通径: DN10 || 材质: 304；公称通径: DN8,REVIEW-MAT-00917；REVIEW-MAT-00934；REVIEW-MAT-02145；REVIEW-MAT-02307；REVIEW-MAT-02308；REVIEW-MAT-02313；REVIEW-MAT-02314,Sheet1:1609；Sheet1:1629；Sheet1:3339；Sheet1:3584；Sheet1:3585；Sheet1:3592；Sheet1:3593,同一标准名称和规范分组下存在多个规格签名；已保守拆开，需人工确认是否为不同物料。
specs_conflict,不锈钢高压球阀,阀门/通用阀门/球阀,只,材质: 不锈钢；用途: 液压；规格: 1寸 || 材质: 304不锈钢；规格: 2寸；类型: 高压球阀,REVIEW-MAT-01534；REVIEW-MAT-02070,Sheet1:2452；Sheet1:3243,同一标准名称和规范分组下存在多个规格签名；已保守拆开，需人工确认是否为不同物料。
specs_conflict,球阀,阀门/通用阀门/球阀,个,品牌: 埃美柯；公称直径: DN80 || 品牌: 埃美柯；公称直径: DN50 || 品牌: 埃美柯；公称直径: DN15,REVIEW-MAT-01152；REVIEW-MAT-01153；REVIEW-MAT-01293,Sheet1:1930；Sheet1:1931；Sheet1:2115,同一标准名称和规范分组下存在多个规格签名；已保守拆开，需人工确认是否为不同物料。
specs_conflict,高压球阀,阀门/通用阀门/球阀,个,品牌: 埃美柯；规格: 20；类型: 高压球阀 || 品牌: 埃美柯；规格: 25；类型: 高压球阀,REVIEW-MAT-01427；REVIEW-MAT-01444,Sheet1:2319；Sheet1:2340,同一标准名称和规范分组下存在多个规格签名；已保守拆开，需人工确认是否为不同物料。
alias_conflict,100A铜鼻子,电气与自动化/接线连接/接线端子,个,规格: 100A；材质: 铜 || 材质: 铜；规格: 100A；俗称: 铜鼻子,REVIEW-MAT-00092；REVIEW-MAT-01806,,同一原始别名映射到多个合并后物料；检索时必须让用户确认。
alias_conflict,10厘花篮,吊装索具/其他/拉紧器；吊装索具/其他/紧固调节,个；套,规格: 10厘,REVIEW-MAT-00732；REVIEW-MAT-01306,,同一原始别名映射到多个合并后物料；检索时必须让用户确认。
alias_conflict,14*100膨胀螺丝,紧固件/锚固件/膨胀锚栓,套；个,规格: M14*100,REVIEW-MAT-00905；REVIEW-MAT-00947,,同一原始别名映射到多个合并后物料；检索时必须让用户确认。
alias_conflict,14号铁丝,五金备件/其他/金属丝材,kg；公斤,规格: 14号,REVIEW-MAT-00260；REVIEW-MAT-00551,,同一原始别名映射到多个合并后物料；检索时必须让用户确认。
alias_conflict,168焊接弯头,工程建材/其他/管件；管道管件/其他/弯头,个,规格: 168；连接: 焊接,REVIEW-MAT-00681；REVIEW-MAT-00896,,同一原始别名映射到多个合并后物料；检索时必须让用户确认。
alias_conflict,16螺母,五金备件/其他/紧固件；紧固件/螺纹紧固件/螺母垫圈,个,规格: 16 || 规格: M16,REVIEW-MAT-00503；REVIEW-MAT-00893,,同一原始别名映射到多个合并后物料；检索时必须让用户确认。
alias_conflict,18尼龙绳,吊装索具/吊带索具/钢丝绳链条,米,直径: 18mm；材质: 尼龙 || 规格/直径: 18；材质: 尼龙,REVIEW-MAT-00397；REVIEW-MAT-01033,,同一原始别名映射到多个合并后物料；检索时必须让用户确认。
alias_conflict,200A铜鼻子,电气与自动化/接线连接/接线端子；电气与自动化/电线电缆与敷设/电线电缆,个,规格: 200A；材质: 铜 || 电流: 200A；材质: 铜,REVIEW-MAT-00093；REVIEW-MAT-00610,,同一原始别名映射到多个合并后物料；检索时必须让用户确认。
alias_conflict,22*100螺丝,五金备件/其他/紧固件；紧固件/螺纹紧固件/螺丝螺栓,个；套,规格: 22*100 || 规格: M22*100；成套: 是,REVIEW-MAT-00757；REVIEW-MAT-00789,,同一原始别名映射到多个合并后物料；检索时必须让用户确认。
alias_conflict,25钢丝管,管道管件/其他/软管；液压气动/液压管路/高压胶管,米,公称直径: 25；结构: 钢丝增强 || 规格: 25；结构: 钢丝增强,REVIEW-MAT-00968；REVIEW-MAT-01445,,同一原始别名映射到多个合并后物料；检索时必须让用户确认。
alias_conflict,2T卸扣,吊装索具/吊装连接件/卸扣吊钩,个,载荷: 2T || 额定载荷: 2T,REVIEW-MAT-00160；REVIEW-MAT-00878,,同一原始别名映射到多个合并后物料；检索时必须让用户确认。
alias_conflict,3.0花纹钢板,金属原材料/钢材型材/钢材型材,平方,厚度: 3.0；类型: 花纹钢板 || 厚度: 3.0mm；表面: 花纹,REVIEW-MAT-00659；REVIEW-MAT-00807,,同一原始别名映射到多个合并后物料；检索时必须让用户确认。
alias_conflict,3.2焊条,焊接焊割/其他/焊材；焊接焊割/焊割耗材/割嘴焊嘴,个,直径: 3.2 || 直径: 3.2mm,REVIEW-MAT-00346；REVIEW-MAT-01334,,同一原始别名映射到多个合并后物料；检索时必须让用户确认。
alias_conflict,300mm得力高精度卡尺,工具器具/量具测量/量具测量,个；支,品牌: 得力；量程: 300mm；精度: 高精度 || 品牌: 得力；量程: 300mm；精度等级: 高精度,REVIEW-MAT-01123；REVIEW-MAT-01423,,同一原始别名映射到多个合并后物料；检索时必须让用户确认。
alias_conflict,325胶垫,工程建材/其他/密封垫；管道管件/其他/密封垫片,个,规格: 325；材质: 胶 || 规格: DN325；材质: 胶,REVIEW-MAT-00756；REVIEW-MAT-00788,,同一原始别名映射到多个合并后物料；检索时必须让用户确认。
alias_conflict,3T卸扣,吊装索具/吊装连接件/卸扣吊钩,个,载荷: 3T || 额定载荷: 3T,REVIEW-MAT-00478；REVIEW-MAT-01110,,同一原始别名映射到多个合并后物料；检索时必须让用户确认。
alias_conflict,4*4*0.5镀锌角铁,金属原材料/钢材型材/钢材型材,米,材质/表面: 镀锌；规格: 4*4*0.5 || 规格: 4*4*0.5；表面: 镀锌,REVIEW-MAT-00098；REVIEW-MAT-01253,,同一原始别名映射到多个合并后物料；检索时必须让用户确认。
alias_conflict,40不锈钢挂锁,五金备件/门锁锁具/门锁锁具,个；把,材质: 不锈钢；规格: 40 || 规格: 40；材质: 不锈钢 || 材质: 不锈钢；规格: 40,REVIEW-MAT-00060；REVIEW-MAT-01807,,同一原始别名映射到多个合并后物料；检索时必须让用户确认。
alias_conflict,4T卸扣,吊装索具/吊装连接件/卸扣吊钩,个,载荷: 4T || 额定载荷: 4T,REVIEW-MAT-00177；REVIEW-MAT-00879,,同一原始别名映射到多个合并后物料；检索时必须让用户确认。
alias_conflict,4寸滚筒,工具器具/涂装工具/刷辊喷涂,个；支,规格: 4寸,REVIEW-MAT-00055；REVIEW-MAT-00636,,同一原始别名映射到多个合并后物料；检索时必须让用户确认。
alias_conflict,4寸羊毛刷,工具器具/涂装工具/刷辊喷涂,个；支,规格: 4寸 || 规格: 4寸；材质: 羊毛,REVIEW-MAT-00099；REVIEW-MAT-00112；REVIEW-MAT-00242；REVIEW-MAT-00465,,同一原始别名映射到多个合并后物料；检索时必须让用户确认。
alias_conflict,50*50*6国标角铁,金属原材料/钢材型材/钢材型材；金属原材料/其他/型钢,米,规格: 50*50*6；标准: 国标,REVIEW-MAT-00145；REVIEW-MAT-00270,,同一原始别名映射到多个合并后物料；检索时必须让用户确认。
alias_conflict,500A电焊钳,焊接焊割/其他/焊割工具；焊接焊割/焊割耗材/割嘴焊嘴,把；支,电流: 500A || 额定电流: 500A,REVIEW-MAT-00271；REVIEW-MAT-00494；REVIEW-MAT-01295,,同一原始别名映射到多个合并后物料；检索时必须让用户确认。
alias_conflict,502胶水,化工油漆胶粘/胶粘密封/胶粘剂,支；个,类型: 502 || 型号/俗称: 502,REVIEW-MAT-00150；REVIEW-MAT-00995,,同一原始别名映射到多个合并后物料；检索时必须让用户确认。
alias_conflict,50kg冰块,行政办公与清洁/其他/临时消耗品,个；块,重量: 50kg,REVIEW-MAT-00571；REVIEW-MAT-00583,,同一原始别名映射到多个合并后物料；检索时必须让用户确认。
alias_conflict,6厘膨胀螺丝,五金备件/其他/紧固件；紧固件/锚固件/膨胀锚栓,个,规格: 6厘,REVIEW-MAT-00767；REVIEW-MAT-00832,,同一原始别名映射到多个合并后物料；检索时必须让用户确认。
alias_conflict,800A电焊钳,焊接焊割/其他/焊割工具；焊接焊割/焊割耗材/割嘴焊嘴,把,电流: 800A || 额定电流: 800A,REVIEW-MAT-00272；REVIEW-MAT-01296,,同一原始别名映射到多个合并后物料；检索时必须让用户确认。
alias_conflict,89焊接弯头,工程建材/其他/管件；管道管件/其他/弯头,个,规格: 89；连接: 焊接,REVIEW-MAT-00680；REVIEW-MAT-00836,,同一原始别名映射到多个合并后物料；检索时必须让用户确认。
alias_conflict,M20*130螺丝,五金备件/其他/紧固件；紧固件/螺纹紧固件/螺丝螺栓,套；个,规格: M20*130,REVIEW-MAT-00746；REVIEW-MAT-01189,,同一原始别名映射到多个合并后物料；检索时必须让用户确认。
alias_conflict,M20*35螺丝,五金备件/其他/紧固件；紧固件/螺纹紧固件/螺丝螺栓,套；个,规格: M20*35 || 规格: M20*35；成套: 是,REVIEW-MAT-00747；REVIEW-MAT-00976；REVIEW-MAT-01188,,同一原始别名映射到多个合并后物料；检索时必须让用户确认。
alias_conflict,M20*40螺丝,五金备件/其他/紧固件；紧固件/螺纹紧固件/螺丝螺栓,套,规格: M20*40 || 规格: M20*40；成套: 是,REVIEW-MAT-00748；REVIEW-MAT-00977,,同一原始别名映射到多个合并后物料；检索时必须让用户确认。
alias_conflict,TPC1570一体式触摸屏,电气与自动化/其他/工控配件,台；套,型号: TPC1570；结构: 一体式,REVIEW-MAT-01233；REVIEW-MAT-01280,,同一原始别名映射到多个合并后物料；检索时必须让用户确认。
alias_conflict,T型螺丝M16*50平弹帽,紧固件/螺纹紧固件/螺丝螺栓,套,规格: M16*50；类型: T型螺丝；套件: 平垫+弹垫+螺母 || 规格: M16*50；套件: 平垫+弹垫+螺母,REVIEW-MAT-01507；REVIEW-MAT-01523,,同一原始别名映射到多个合并后物料；检索时必须让用户确认。
alias_conflict,一次性加厚雨衣,劳保用品/其他/雨具,个；套,类型: 一次性；特征: 加厚,REVIEW-MAT-00813；REVIEW-MAT-01079,,同一原始别名映射到多个合并后物料；检索时必须让用户确认。
alias_conflict,一次性口罩,劳保用品/其他/呼吸防护,个,类型: 一次性 || 类型: 一次性口罩,REVIEW-MAT-00243；REVIEW-MAT-01723,,同一原始别名映射到多个合并后物料；检索时必须让用户确认。
alias_conflict,一次性雨衣,劳保用品/其他/雨具,套,类型: 一次性 || 类型: 一次性雨衣,REVIEW-MAT-00472；REVIEW-MAT-01870,,同一原始别名映射到多个合并后物料；检索时必须让用户确认。
alias_conflict,不锈钢插销,五金备件/其他/门窗五金,个；套,材质: 不锈钢,REVIEW-MAT-00052；REVIEW-MAT-00069,,同一原始别名映射到多个合并后物料；检索时必须让用户确认。
alias_conflict,不锈钢锁扣,五金备件/其他/门窗五金；五金备件/门锁锁具/门锁锁具,个；套,材质: 不锈钢 || 材质: 不锈钢；类型: 锁扣,REVIEW-MAT-00136；REVIEW-MAT-01822,,同一原始别名映射到多个合并后物料；检索时必须让用户确认。
alias_conflict,世达尖嘴钳,工具器具/其他/手动工具；工具器具/手动工具/通用手动工具,把；个,品牌: 世达；类型: 尖嘴钳,REVIEW-MAT-00722；REVIEW-MAT-01443,,同一原始别名映射到多个合并后物料；检索时必须让用户确认。
alias_conflict,世达老虎钳,工具器具/其他/手动工具；工具器具/手动工具/通用手动工具,把；个,品牌: 世达；类型: 老虎钳 || 品牌: 世达,REVIEW-MAT-00720；REVIEW-MAT-01118；REVIEW-MAT-01665,,同一原始别名映射到多个合并后物料；检索时必须让用户确认。
alias_conflict,乐泰243胶水,化工油漆胶粘/胶粘密封/胶粘剂,个；瓶,品牌: 乐泰；型号: 243,REVIEW-MAT-01612；REVIEW-MAT-02123,,同一原始别名映射到多个合并后物料；检索时必须让用户确认。
alias_conflict,乙炔表,焊接焊割/其他/气体配件；焊接焊割/焊割耗材/割嘴焊嘴；焊接焊割/焊割设备工具/焊机割炬；仪器仪表/压力温度仪表/压力温度,个,适用气体: 乙炔；类型: 压力表/减压表 || 适用气体: 乙炔 || 介质: 乙炔；类型: 表/减压表 || 介质: 乙炔；类型: 压力表,REVIEW-MAT-00641；REVIEW-MAT-01297；REVIEW-MAT-01764；REVIEW-MAT-02349,,同一原始别名映射到多个合并后物料；检索时必须让用户确认。
alias_conflict,二氧化碳表,焊接焊割/其他/气体配件；焊接焊割/焊割耗材/割嘴焊嘴,个,适用气体: 二氧化碳；类型: 压力表/减压表 || 适用气体: 二氧化碳,REVIEW-MAT-00640；REVIEW-MAT-00798,,同一原始别名映射到多个合并后物料；检索时必须让用户确认。
alias_conflict,五孔插座,电气与自动化/插头插座/插头插座,个；套,类型: 五孔 || 类型: 五孔插座,REVIEW-MAT-00155；REVIEW-MAT-00327,,同一原始别名映射到多个合并后物料；检索时必须让用户确认。
alias_conflict,公元25PPR弯头,工程建材/水暖建材/水暖五金,个,品牌: 公元；规格: 25；类型: 弯头 || 品牌: 公元；规格: 25；材质: PPR,REVIEW-MAT-00029；REVIEW-MAT-00714,,同一原始别名映射到多个合并后物料；检索时必须让用户确认。
alias_conflict,公元25PPR管,工程建材/水暖建材/水暖五金,米,品牌: 公元；规格: 25 || 品牌: 公元；规格: 25；材质: PPR,REVIEW-MAT-00027；REVIEW-MAT-00441,,同一原始别名映射到多个合并后物料；检索时必须让用户确认。
alias_conflict,公元热熔机,工具器具/其他/管道工具,个；台,品牌: 公元；用途: PPR热熔,REVIEW-MAT-00030；REVIEW-MAT-00713,,同一原始别名映射到多个合并后物料；检索时必须让用户确认。
alias_conflict,公牛五孔插座,电气与自动化/低压电器/开关按钮；电气与自动化/插头插座/插头插座,个；套,品牌: 公牛；类型: 五孔 || 品牌: 公牛；类型: 五孔插座,REVIEW-MAT-00012；REVIEW-MAT-00440；REVIEW-MAT-00621,,同一原始别名映射到多个合并后物料；检索时必须让用户确认。
alias_conflict,创可贴,劳保用品/其他/急救用品,个；盒,品类: 创可贴 || 类型: 创可贴,REVIEW-MAT-01134；REVIEW-MAT-01728,,同一原始别名映射到多个合并后物料；检索时必须让用户确认。
alias_conflict,加厚双层帆布手套,劳保用品/手部防护/手套,双,特征: 加厚、双层 || 材质: 帆布；特征: 加厚、双层 || 材质: 帆布；结构: 双层；特征: 加厚,REVIEW-MAT-00220；REVIEW-MAT-00634；REVIEW-MAT-01052,,同一原始别名映射到多个合并后物料；检索时必须让用户确认。
alias_conflict,加厚油布,工程建材/其他/防护覆盖；劳保用品/其他/覆盖防护,平方；m2,特征: 加厚,REVIEW-MAT-00548；REVIEW-MAT-00806；REVIEW-MAT-01036,,同一原始别名映射到多个合并后物料；检索时必须让用户确认。
alias_conflict,加厚连体裤,劳保用品/头足身防护/防护服,套,特征: 加厚；结构: 连体 || 特征: 加厚；款式: 连体,REVIEW-MAT-01333；REVIEW-MAT-01451,,同一原始别名映射到多个合并后物料；检索时必须让用户确认。
alias_conflict,加气块200*300*600,工程建材/其他/砌块,块,尺寸: 200*300*600,REVIEW-MAT-02214；REVIEW-MAT-02270,,同一原始别名映射到多个合并后物料；检索时必须让用户确认。
alias_conflict,双快水泥,工程建材/水泥砂石/水泥砂石,包,类型: 双快 || 类型: 双快水泥,REVIEW-MAT-00682；REVIEW-MAT-01371,,同一原始别名映射到多个合并后物料；检索时必须让用户确认。
alias_conflict,回力雨鞋,劳保用品/其他/足部防护,双,品牌: 回力；类型: 雨鞋 || 品牌: 回力,REVIEW-MAT-01031；REVIEW-MAT-01237,,同一原始别名映射到多个合并后物料；检索时必须让用户确认。
alias_conflict,塑料扫把,行政办公与清洁/清洁用品/清洁工具耗材；劳保用品/其他/清洁工具,个；把,材质: 塑料,REVIEW-MAT-00059；REVIEW-MAT-00556；REVIEW-MAT-02320,,同一原始别名映射到多个合并后物料；检索时必须让用户确认。
alias_conflict,大块棉布,劳保用品/其他/擦拭材料；行政办公与清洁/清洁用品/清洁工具耗材,kg,规格: 大块 || 形态: 大块,REVIEW-MAT-00152；REVIEW-MAT-00811,,同一原始别名映射到多个合并后物料；检索时必须让用户确认。
alias_conflict,大块白抹布,行政办公与清洁/清洁用品/清洁工具耗材,kg；公斤,形态: 大块；颜色: 白色,REVIEW-MAT-01339；REVIEW-MAT-01365,,同一原始别名映射到多个合并后物料；检索时必须让用户确认。
alias_conflict,大垃圾桶,劳保用品/其他/清洁工具；行政办公与清洁/清洁用品/清洁工具耗材,个,规格: 大号 || 规格: 大,REVIEW-MAT-00507；REVIEW-MAT-01057,,同一原始别名映射到多个合并后物料；检索时必须让用户确认。
alias_conflict,大拖把,行政办公与清洁/清洁用品/清洁工具耗材,个；支,规格: 大,REVIEW-MAT-00134；REVIEW-MAT-00173,,同一原始别名映射到多个合并后物料；检索时必须让用户确认。
alias_conflict,大竹扫把,行政办公与清洁/清洁用品/清洁工具耗材,个；把,规格: 大；材质: 竹 || 材质: 竹；规格: 大,REVIEW-MAT-01332；REVIEW-MAT-02319,,同一原始别名映射到多个合并后物料；检索时必须让用户确认。
alias_conflict,大编织袋,包装与标识/袋箱膜包装/袋箱膜,个；条,规格: 大号 || 规格: 大号；类型: 编织袋,REVIEW-MAT-00508；REVIEW-MAT-02065,,同一原始别名映射到多个合并后物料；检索时必须让用户确认。
alias_conflict,大艺锂电池角磨机,工具器具/电动工具/电钻角磨机,台,品牌: 大艺；动力: 锂电池 || 品牌: 大艺；供电: 锂电池,REVIEW-MAT-00175；REVIEW-MAT-00276,,同一原始别名映射到多个合并后物料；检索时必须让用户确认。
alias_conflict,大西洋422型3.2焊条,焊接焊割/焊接耗材/焊条焊丝,箱,品牌: 大西洋；牌号: 422；直径: 3.2 || 品牌: 大西洋；型号: 422；直径: 3.2,REVIEW-MAT-01939；REVIEW-MAT-02279,,同一原始别名映射到多个合并后物料；检索时必须让用户确认。
alias_conflict,小米二代对讲机,弱电安防/通信与监控/通信设备,部,品牌: 小米；代际: 二代 || 品牌: 小米；型号: 二代,REVIEW-MAT-01980；REVIEW-MAT-02289,,同一原始别名映射到多个合并后物料；检索时必须让用户确认。
alias_conflict,床垫,行政办公与清洁/生活后勤/生活用品,个；床,类型: 床垫,REVIEW-MAT-00426；REVIEW-MAT-01678,,同一原始别名映射到多个合并后物料；检索时必须让用户确认。
alias_conflict,开口铜鼻子300A,电气与自动化/接线连接/接线端子,个,材质: 铜；类型: 开口铜鼻子；规格: 300A || 类型: 开口；材质: 铜；电流: 300A,REVIEW-MAT-02054；REVIEW-MAT-02282,,同一原始别名映射到多个合并后物料；检索时必须让用户确认。
alias_conflict,彩色吊带5*6米,吊装索具/吊带索具/吊带,付；根,额定载荷: 5T；长度: 6米；颜色: 彩色,REVIEW-MAT-01059；REVIEW-MAT-01088,,同一原始别名映射到多个合并后物料；检索时必须让用户确认。
alias_conflict,得力刀片,工具器具/工具配件/工具配件；工具器具/手动工具/钳剪刀锤,盒；合,品牌: 得力；类型: 刀片 || 品牌: 得力,REVIEW-MAT-00719；REVIEW-MAT-01367,,同一原始别名映射到多个合并后物料；检索时必须让用户确认。
alias_conflict,得力美工刀,工具器具/其他/手动工具；工具器具/手动工具/钳剪刀锤,支；个,品牌: 得力,REVIEW-MAT-00115；REVIEW-MAT-01366,,同一原始别名映射到多个合并后物料；检索时必须让用户确认。
alias_conflict,扎带10*400,电气与自动化/其他/扎带；生产辅料/其他/扎带,包,规格: 10*400,REVIEW-MAT-01793；REVIEW-MAT-02329,,同一原始别名映射到多个合并后物料；检索时必须让用户确认。
alias_conflict,扎带10*500,电气与自动化/其他/扎带；生产辅料/其他/扎带,包,规格: 10*500,REVIEW-MAT-01754；REVIEW-MAT-02328,,同一原始别名映射到多个合并后物料；检索时必须让用户确认。
alias_conflict,扫把,行政办公与清洁/清洁用品/清洁工具耗材,个,类型: 扫把 || 品类: 扫把,REVIEW-MAT-00085；REVIEW-MAT-01204,,同一原始别名映射到多个合并后物料；检索时必须让用户确认。
alias_conflict,抗盐膨润土,化工油漆胶粘/其他/膨润土,t；吨,类型: 抗盐膨润土 || 特性: 抗盐,REVIEW-MAT-01510；REVIEW-MAT-01522；REVIEW-MAT-02327,,同一原始别名映射到多个合并后物料；检索时必须让用户确认。
alias_conflict,抹布,行政办公与清洁/清洁用品/清洁工具耗材,条；kg,品类: 抹布 || 类型: 抹布,REVIEW-MAT-00920；REVIEW-MAT-01646,,同一原始别名映射到多个合并后物料；检索时必须让用户确认。
alias_conflict,拖把,劳保用品/其他/清洁工具；行政办公与清洁/清洁用品/清洁工具耗材,支；个,类型: 拖把 || 品类: 拖把,REVIEW-MAT-00607；REVIEW-MAT-00734；REVIEW-MAT-00919,,同一原始别名映射到多个合并后物料；检索时必须让用户确认。
alias_conflict,架子管6m,工程建材/其他/脚手架管；工程建材/其他/脚手架,根,长度: 6m；类型: 架子管 || 长度: 6m,REVIEW-MAT-02076；REVIEW-MAT-02354,,同一原始别名映射到多个合并后物料；检索时必须让用户确认。
alias_conflict,氧气表,焊接焊割/其他/气体配件；焊接焊割/焊割耗材/割嘴焊嘴,个,适用气体: 氧气；类型: 压力表/减压表 || 适用气体: 氧气,REVIEW-MAT-00642；REVIEW-MAT-00799,,同一原始别名映射到多个合并后物料；检索时必须让用户确认。
alias_conflict,水龙头花洒,工程建材/水暖建材/水暖五金,套；个,类型: 水龙头+花洒,REVIEW-MAT-00067；REVIEW-MAT-00216,,同一原始别名映射到多个合并后物料；检索时必须让用户确认。
alias_conflict,油布,工程建材/其他/防护覆盖；劳保用品/其他/覆盖防护,平方,类型: 油布 || 品类: 油布,REVIEW-MAT-00761；REVIEW-MAT-01291,,同一原始别名映射到多个合并后物料；检索时必须让用户确认。
alias_conflict,注浆枪头,工程建材/保温防水/防水堵漏,个,类型: 注浆枪头 || 用途: 注浆；部件: 枪头,REVIEW-MAT-01374；REVIEW-MAT-01442,,同一原始别名映射到多个合并后物料；检索时必须让用户确认。
alias_conflict,洁厕灵,行政办公与清洁/清洁用品/清洁工具耗材；劳保用品/其他/清洁用品,瓶；支,类型: 洁厕清洁剂 || 类型: 洁厕灵,REVIEW-MAT-00038；REVIEW-MAT-00606,,同一原始别名映射到多个合并后物料；检索时必须让用户确认。
alias_conflict,海螺42.5水泥,工程建材/水泥砂石/水泥砂石,包,品牌: 海螺；强度等级: 42.5,REVIEW-MAT-01786；REVIEW-MAT-02265,,同一原始别名映射到多个合并后物料；检索时必须让用户确认。
alias_conflict,灭火器2KG,消防器材/灭火器与水带/灭火器,个；瓶,规格: 2kg || 灭火剂重量: 2KG,REVIEW-MAT-01115；REVIEW-MAT-01556,,同一原始别名映射到多个合并后物料；检索时必须让用户确认。
alias_conflict,灭火器箱子,消防器材/灭火器与水带/灭火器,个,类型: 灭火器箱 || 用途: 灭火器存放,REVIEW-MAT-01116；REVIEW-MAT-02164,,同一原始别名映射到多个合并后物料；检索时必须让用户确认。
alias_conflict,生料带,工程建材/水暖建材/水暖五金,个,类型: 密封带 || 类型: 生料带,REVIEW-MAT-00108；REVIEW-MAT-00435,,同一原始别名映射到多个合并后物料；检索时必须让用户确认。
alias_conflict,电焊眼镜,劳保用品/其他/眼面防护,付；副,用途: 电焊 || 用途: 电焊防护,REVIEW-MAT-00189；REVIEW-MAT-00347；REVIEW-MAT-01976,,同一原始别名映射到多个合并后物料；检索时必须让用户确认。
alias_conflict,白色喷漆,化工油漆胶粘/油漆涂料/涂料油漆,瓶；个；支,颜色: 白色；类型: 喷漆,REVIEW-MAT-00744；REVIEW-MAT-00964；REVIEW-MAT-01242,,同一原始别名映射到多个合并后物料；检索时必须让用户确认。
alias_conflict,白色玻璃胶,化工油漆胶粘/胶粘密封/胶粘剂,支,颜色: 白色 || 颜色: 白色；类型: 玻璃胶,REVIEW-MAT-00314；REVIEW-MAT-01034,,同一原始别名映射到多个合并后物料；检索时必须让用户确认。
alias_conflict,白色记号笔,行政办公与清洁/其他/标识耗材；行政办公与清洁/办公用品/文具书写,支；个,颜色: 白色,REVIEW-MAT-00316；REVIEW-MAT-01209；REVIEW-MAT-02245,,同一原始别名映射到多个合并后物料；检索时必须让用户确认。
alias_conflict,白色调和油漆,化工油漆胶粘/油漆涂料/涂料油漆,桶,颜色: 白色；类型: 调和油漆 || 颜色: 白色；类型: 调和漆,REVIEW-MAT-00206；REVIEW-MAT-00261,,同一原始别名映射到多个合并后物料；检索时必须让用户确认。
alias_conflict,石笔,工具器具/其他/划线耗材；焊接焊割/其他/划线工具,个；盒,品类: 石笔 || 类型: 石笔,REVIEW-MAT-00800；REVIEW-MAT-01987,,同一原始别名映射到多个合并后物料；检索时必须让用户确认。
alias_conflict,红模板2.4m*1.22m*15mm,工程建材/其他/模板,张；块,颜色: 红；尺寸: 2.4m*1.22m；厚度: 15mm,REVIEW-MAT-01994；REVIEW-MAT-02006,,同一原始别名映射到多个合并后物料；检索时必须让用户确认。
alias_conflict,红色自喷漆,化工油漆胶粘/油漆涂料/涂料油漆,支；瓶,颜色: 红色；类型: 自喷漆 || 颜色: 红色,REVIEW-MAT-01010；REVIEW-MAT-01724,,同一原始别名映射到多个合并后物料；检索时必须让用户确认。
alias_conflict,编织袋,包装与标识/袋箱膜包装/袋箱膜,个,类型: 编织袋 || 品类: 编织袋,REVIEW-MAT-00424；REVIEW-MAT-01238,,同一原始别名映射到多个合并后物料；检索时必须让用户确认。
alias_conflict,羊毛刷4寸,工具器具/涂装工具/刷辊喷涂,个；把,规格: 4寸；材质: 羊毛,REVIEW-MAT-00242；REVIEW-MAT-01947,,同一原始别名映射到多个合并后物料；检索时必须让用户确认。
alias_conflict,美工刀,工具器具/其他/手动工具；工具器具/手动工具/钳剪刀锤,支；把；个,类型: 美工刀,REVIEW-MAT-00232；REVIEW-MAT-00718；REVIEW-MAT-01223,,同一原始别名映射到多个合并后物料；检索时必须让用户确认。
alias_conflict,聚氨酯堵漏剂20KG,化工油漆胶粘/其他/堵漏剂；化工油漆胶粘/其他/堵漏材料,桶,包装规格: 20KG；类型: 堵漏剂 || 材料: 聚氨酯；用途: 堵漏；包装: 20KG,REVIEW-MAT-00007；REVIEW-MAT-01769,,同一原始别名映射到多个合并后物料；检索时必须让用户确认。
alias_conflict,蚕丝被,行政办公与清洁/生活后勤/生活用品,个；套,材质: 蚕丝；类型: 被子,REVIEW-MAT-01677；REVIEW-MAT-01733,,同一原始别名映射到多个合并后物料；检索时必须让用户确认。
alias_conflict,记号笔,行政办公与清洁/办公用品/文具书写,个；支,类型: 记号笔 || 品类: 记号笔,REVIEW-MAT-00110；REVIEW-MAT-00801；REVIEW-MAT-01199,,同一原始别名映射到多个合并后物料；检索时必须让用户确认。
alias_conflict,金属测绳,工具器具/量具测量/量具测量,米,材质: 金属 || 材质: 金属；类型: 测绳,REVIEW-MAT-00446；REVIEW-MAT-01419,,同一原始别名映射到多个合并后物料；检索时必须让用户确认。
alias_conflict,钢丝刷,工具器具/其他/清洁工具；工具器具/其他/清理工具,支；个,类型: 钢丝刷,REVIEW-MAT-00590；REVIEW-MAT-01185,,同一原始别名映射到多个合并后物料；检索时必须让用户确认。
alias_conflict,钢丝球,劳保用品/其他/清洁用品；行政办公与清洁/清洁用品/清洁工具耗材,个,类型: 钢丝球,REVIEW-MAT-00589；REVIEW-MAT-01694,,同一原始别名映射到多个合并后物料；检索时必须让用户确认。
alias_conflict,钢刷,工具器具/涂装工具/刷辊喷涂,个；把,材质: 钢丝；类型: 钢刷,REVIEW-MAT-01675；REVIEW-MAT-01697,,同一原始别名映射到多个合并后物料；检索时必须让用户确认。
alias_conflict,铁丝,五金备件/其他/金属丝,kg；公斤,材质: 铁,REVIEW-MAT-00924；REVIEW-MAT-01401,,同一原始别名映射到多个合并后物料；检索时必须让用户确认。
alias_conflict,铁丝14#,五金备件/其他/金属丝；金属原材料/其他/铁丝,kg,规格: 14#；材质: 铁 || 规格: 14#,REVIEW-MAT-01657；REVIEW-MAT-02266,,同一原始别名映射到多个合并后物料；检索时必须让用户确认。
alias_conflict,铁锹柄,工具器具/工具配件/工具配件,支；个,适用: 铁锹 || 部件: 柄；适用: 铁锹,REVIEW-MAT-00690；REVIEW-MAT-01146；REVIEW-MAT-01239,,同一原始别名映射到多个合并后物料；检索时必须让用户确认。
alias_conflict,镀锌内丝直接2寸,管道管件/金属管件/镀锌管件,个,表面: 镀锌；连接: 内丝；规格: 2寸；类型: 直接 || 表面: 镀锌；连接: 内丝；规格: 2寸,REVIEW-MAT-01972；REVIEW-MAT-02259,,同一原始别名映射到多个合并后物料；检索时必须让用户确认。
alias_conflict,闭门器大,五金备件/其他/门窗五金,套；个,规格: 大 || 规格: 大号,REVIEW-MAT-00068；REVIEW-MAT-00378,,同一原始别名映射到多个合并后物料；检索时必须让用户确认。
alias_conflict,高粱扫把,行政办公与清洁/清洁用品/清洁工具耗材；劳保用品/其他/清洁工具,把；支,材质/类型: 高粱 || 材质: 高粱 || 材质: 高粱；类型: 扫把,REVIEW-MAT-00061；REVIEW-MAT-00350；REVIEW-MAT-01693,,同一原始别名映射到多个合并后物料；检索时必须让用户确认。
alias_conflict,黄砂,工程建材/水泥砂石/水泥砂石,吨,类型: 黄砂 || 材料: 黄砂,REVIEW-MAT-01785；REVIEW-MAT-02269,,同一原始别名映射到多个合并后物料；检索时必须让用户确认。
alias_conflict,黑色记号笔,行政办公与清洁/其他/标识耗材；行政办公与清洁/办公用品/文具书写,支,颜色: 黑色,REVIEW-MAT-00500；REVIEW-MAT-02204,,同一原始别名映射到多个合并后物料；检索时必须让用户确认。
