merged_item_code,standard_name,reviewed_group_paths,canonical_group_path,specs,unit,source_count,source_statuses,alias_names,source_rows,notes,merged_from_codes,merge_reason,merge_confidence,needs_human_review
REVIEW-MAT-00001,办公室门锁,五金备件/门锁锁具,五金备件/门锁锁具/门锁锁具,用途: 办公室门；规格型号缺失,个,1,可建档-低精度,办公室门锁,Sheet1:3,是否需要区分锁体型号/开孔规格？,REVIEW-MAT-00001,single_candidate;low_precision,0.70,true
REVIEW-MAT-00002,漏电断路器,电气材料/低压电器,电气与自动化/低压电器/低压电器,品牌: 施耐德；极数: 4P；电流: 250A；类型: 漏电二合一,个,1,可建档,4P*250A施耐德漏电二合一,Sheet1:4,,REVIEW-MAT-00002,single_candidate,1.00,false
REVIEW-MAT-00003,热缩管,电气材料/绝缘材料,电气与自动化/绝缘材料/热缩绝缘,规格: 3CM,米,1,可建档,3CM热缩管,Sheet1:5,,REVIEW-MAT-00003,single_candidate,1.00,false
REVIEW-MAT-00004,热缩管,电气材料/绝缘材料,电气与自动化/绝缘材料/热缩绝缘,规格: 2CM,米,1,可建档,2CM热缩管,Sheet1:6,,REVIEW-MAT-00004,single_candidate,1.00,false
REVIEW-MAT-00005,热缩管,电气材料/绝缘材料,电气与自动化/绝缘材料/热缩绝缘,规格: 1.5CM,米,1,可建档,1.5CM热缩管,Sheet1:7,,REVIEW-MAT-00005,single_candidate,1.00,false
REVIEW-MAT-00006,透明电工胶布,电气材料/绝缘材料,电气与自动化/绝缘材料/热缩绝缘,品牌: 3M；颜色: 透明,个,1,可建档,3M透明电胶布,Sheet1:8,,REVIEW-MAT-00006,single_candidate,1.00,false
REVIEW-MAT-00007,聚氨酯堵漏剂,化工耗材/堵漏剂,化工油漆胶粘/其他/堵漏剂,包装规格: 20KG；类型: 堵漏剂,桶,1,可建档,聚氨酯堵漏剂20KG,Sheet1:11,,REVIEW-MAT-00007,single_candidate;human_review_group,0.65,true
REVIEW-MAT-00008,灯管,电气材料/照明,电气与自动化/照明与报警/灯具,功率: 36W,套,1,可建档,36W灯管,Sheet1:13,需不需要区分 LED/荧光灯、长度？,REVIEW-MAT-00008,single_candidate,1.00,false
REVIEW-MAT-00009,USB插座,电气材料/插座开关,电气与自动化/低压电器/开关按钮,品牌: 公牛；USB电流: 2.1A,个,1,可建档,2.1ASUB公牛插座,Sheet1:14,原文 SUB 是否为 USB？,REVIEW-MAT-00009,single_candidate,1.00,false
REVIEW-MAT-00010,明装线盒,电气材料/电气辅材,电气与自动化/其他/电气辅材,安装方式: 明装,个,2,可合并 | 可建档,明装线盒,Sheet1:15；Sheet1:22,规格尺寸缺失，可低精度建档 | 与第14行同物料,REVIEW-MAT-00010,single_candidate;source_status_contains_merge;low_precision;human_review_group,0.65,true
REVIEW-MAT-00011,电箱,电气材料/配电箱,电气与自动化/其他/配电箱,型号/规格: P230,个,1,可建档,P230电箱,Sheet1:16,P230 是否为箱体尺寸或型号？,REVIEW-MAT-00011,single_candidate;human_review_group,0.65,true
REVIEW-MAT-00012,五孔插座,电气材料/插座开关,电气与自动化/低压电器/开关按钮,品牌: 公牛；类型: 五孔,个,1,可建档,公牛五孔插座,Sheet1:18,明装/暗装未说明,REVIEW-MAT-00012,single_candidate,1.00,false
REVIEW-MAT-00013,四位开关,电气材料/插座开关,电气与自动化/低压电器/开关按钮,品牌: 公牛；位数: 4位,个,1,可建档,公牛4位开关,Sheet1:19,明装/暗装未说明,REVIEW-MAT-00013,single_candidate,1.00,false
REVIEW-MAT-00014,一位开关,电气材料/插座开关,电气与自动化/低压电器/开关按钮,品牌: 公牛；位数: 1位,个,1,可建档,公牛1位开关,Sheet1:20,明装/暗装未说明,REVIEW-MAT-00014,single_candidate,1.00,false
REVIEW-MAT-00015,二位开关,电气材料/插座开关,电气与自动化/低压电器/开关按钮,品牌: 公牛；位数: 2位,个,1,可建档,公牛2位开关,Sheet1:21,明装/暗装未说明,REVIEW-MAT-00015,single_candidate,1.00,false
REVIEW-MAT-00016,LED灯泡,电气材料/照明,电气与自动化/照明与报警/灯具,品牌: 公牛；功率: 40W,个,1,可建档,40WLED公牛灯泡,Sheet1:25,色温/灯头规格缺失,REVIEW-MAT-00016,single_candidate;low_precision,0.70,true
REVIEW-MAT-00017,BV电线,电气材料/电线电缆,电气与自动化/电线电缆与敷设/电线电缆,品牌: 起帆；型号: BV；截面积: 2.5平方,米,3,可合并 | 可建档,BV2.5起帆平方电线；起帆BV2.5平方电线,Sheet1:26；Sheet1:663；Sheet1:668,颜色缺失 | 与第662行同物料，颜色仍缺,REVIEW-MAT-00017,single_candidate;source_status_contains_merge;low_precision,0.70,true
REVIEW-MAT-00018,BV电线,电气材料/电线电缆,电气与自动化/电线电缆与敷设/电线电缆,品牌: 起帆；型号: BV；截面积: 10平方,米,1,可建档,起帆BV10平方电线,Sheet1:27,颜色缺失,REVIEW-MAT-00018,single_candidate;low_precision,0.70,true
REVIEW-MAT-00019,BV电线,电气材料/电线电缆,电气与自动化/电线电缆与敷设/电线电缆,品牌: 起帆；型号: BV；截面积: 25平方,米,1,可建档,起帆BV25平方电线,Sheet1:28,颜色缺失,REVIEW-MAT-00019,single_candidate;low_precision,0.70,true
REVIEW-MAT-00020,紧线器,工具器具/电力工具,工具器具/其他/电力工具,额定载荷: 1T,套,1,可建档,1T紧线器,Sheet1:31,,REVIEW-MAT-00020,single_candidate;human_review_group,0.65,true
REVIEW-MAT-00021,木方,建筑材料/模板木方,工程建材/其他/模板木方,规格: 4*9,米,2,可合并 | 可建档,4*9木方,Sheet1:33；Sheet1:57,单位规格是否 cm？ | 与第32行同物料,REVIEW-MAT-00021,single_candidate;source_status_contains_merge;human_review_group,0.65,true
REVIEW-MAT-00022,木方,建筑材料/模板木方,工程建材/其他/模板木方,规格: 4*4,米,1,可建档,4*4木方,Sheet1:34,单位规格是否 cm？,REVIEW-MAT-00022,single_candidate;human_review_group,0.65,true
REVIEW-MAT-00023,铁钉,五金备件/紧固件,五金备件/其他/紧固件,长度: 2寸,斤,1,可建档,2寸铁钉,Sheet1:38,,REVIEW-MAT-00023,single_candidate;human_review_group,0.65,true
REVIEW-MAT-00024,不锈钢合页,五金备件/门窗五金,五金备件/其他/门窗五金,材质: 不锈钢；规格: 4寸,套,2,可合并 | 可建档,4寸不锈钢合页,Sheet1:39；Sheet1:58,与第38行同物料,REVIEW-MAT-00024,single_candidate;source_status_contains_merge;human_review_group,0.65,true
REVIEW-MAT-00025,墙纸,装修材料/墙面材料,工程建材/其他/墙面材料,包装/规格: 大卷,卷,2,可合并 | 可建档-低精度,墙纸大卷,Sheet1:40；Sheet1:50,款式/材质缺失 | 与第39行同物料,REVIEW-MAT-00025,single_candidate;source_status_contains_merge;low_precision;human_review_group,0.65,true
REVIEW-MAT-00026,热水壶,办公生活用品/小电器,行政办公与清洁/生活后勤/生活用品,类型: 热水壶,个,1,可建档-低精度,热水壶,Sheet1:41,容量/品牌缺失,REVIEW-MAT-00026,single_candidate;low_precision,0.70,true
REVIEW-MAT-00027,PPR管,工程材料/PPR管件,工程建材/水暖建材/水暖五金,品牌: 公元；规格: 25,米,2,可合并 | 可建档,公元25PPR管,Sheet1:169；Sheet1:42,与第41行同物料,REVIEW-MAT-00027,single_candidate;source_status_contains_merge,1.00,false
REVIEW-MAT-00028,PPR直通,工程材料/PPR管件,工程建材/水暖建材/水暖五金,品牌: 公元；规格: 25；类型: 直通,个,1,可建档,公元25PPR直通,Sheet1:43,,REVIEW-MAT-00028,single_candidate,1.00,false
REVIEW-MAT-00029,PPR弯头,工程材料/PPR管件,工程建材/水暖建材/水暖五金,品牌: 公元；规格: 25；类型: 弯头,个,1,可建档,公元25PPR弯头,Sheet1:44,,REVIEW-MAT-00029,single_candidate,1.00,false
REVIEW-MAT-00030,PPR热熔机,工具器具/管道工具,工具器具/其他/管道工具,品牌: 公元；用途: PPR热熔,个,1,可建档,公元热熔机,Sheet1:46,型号缺失，可低精度建档,REVIEW-MAT-00030,single_candidate;low_precision;human_review_group,0.65,true
REVIEW-MAT-00031,PPR管剪刀,工具器具/管道工具,工具器具/其他/管道工具,品牌: 公元；用途: PPR管剪切,个,2,可合并 | 可建档,公元PPR剪刀,Sheet1:47；Sheet1:76,与第46行同物料,REVIEW-MAT-00031,single_candidate;source_status_contains_merge;human_review_group,0.65,true
REVIEW-MAT-00032,石子,建筑材料/水泥砂石,工程建材/水泥砂石/水泥砂石,粒径: 4-6MM,斤,1,可建档,4-6MM石子,Sheet1:48,,REVIEW-MAT-00032,single_candidate,1.00,false
REVIEW-MAT-00033,工业插头,电气材料/插头插座,电气与自动化/插头插座/插头插座,品牌: 公牛；电压: 380V；电流: 25A,个,1,可建档,公牛380V*25A插头,Sheet1:52,极数缺失,REVIEW-MAT-00033,single_candidate;low_precision,0.70,true
REVIEW-MAT-00034,电工胶布,电气材料/绝缘材料,电气与自动化/绝缘材料/热缩绝缘,品牌: 3M,个,1,可建档,3M电胶布,Sheet1:54,颜色缺失,REVIEW-MAT-00034,single_candidate;low_precision,0.70,true
REVIEW-MAT-00035,多功能剥线钳,工具器具/手动工具,工具器具/其他/手动工具,品牌: 世达；类型: 多功能剥线钳,个,2,可合并 | 可建档,世达多功能剥线钳,Sheet1:139；Sheet1:55,型号缺失 || 与第54行同物料，单位待统一,REVIEW-MAT-00035；REVIEW-MAT-00087,exact_name_group_unit_specs;source_status_contains_merge;low_precision;human_review_group,0.65,true
REVIEW-MAT-00036,断点检测电笔,工具器具/电工工具,工具器具/其他/电工工具,功能: 找断点/测电,个,2,可合并 | 可建档,找断点电笔,Sheet1:138；Sheet1:56,型号缺失 || 与第55行同物料，单位待统一,REVIEW-MAT-00036；REVIEW-MAT-00086,exact_name_group_unit_specs;source_status_contains_merge;low_precision;human_review_group,0.65,true
REVIEW-MAT-00037,插座,电气材料/插头插座,电气与自动化/插头插座/插头插座,品牌: 公牛；电流: 16A,个,1,可建档,公牛16A插座,Sheet1:61,明装/暗装未说明,REVIEW-MAT-00037,single_candidate,1.00,false
REVIEW-MAT-00038,洁厕灵,清洁用品/清洁剂,行政办公与清洁/清洁用品/清洁工具耗材,类型: 洁厕清洁剂,瓶,1,可建档,洁厕灵,Sheet1:62,容量缺失,REVIEW-MAT-00038,single_candidate;low_precision,0.70,true
REVIEW-MAT-00039,窗帘架拉链,装修材料/窗帘配件,工程建材/其他/窗帘配件,类型: 拉链/配件,套,3,可合并 | 可建档-低精度,窗帘架拉链,Sheet1:110；Sheet1:276；Sheet1:64,规格长度缺失 | 与第63行同物料,REVIEW-MAT-00039,single_candidate;source_status_contains_merge;low_precision;human_review_group,0.65,true
REVIEW-MAT-00040,钢钉线卡,电气材料/电气辅材,电气与自动化/其他/电气辅材,规格: 20,个,1,可建档,20钢钉线卡,Sheet1:65,,REVIEW-MAT-00040,single_candidate;human_review_group,0.65,true
REVIEW-MAT-00041,三角阀,工程材料/阀门,工程建材/其他/阀门,规格: 4分,个,2,可合并 | 可建档,4分三角阀,Sheet1:168；Sheet1:66,材质缺失 | 与第65行同物料,REVIEW-MAT-00041,single_candidate;source_status_contains_merge;low_precision;human_review_group,0.65,true
REVIEW-MAT-00042,PPR三通,工程材料/PPR管件,工程建材/水暖建材/水暖五金,品牌: 公元；规格: 25；类型: 三通,个,1,可建档,公元PPR25三通,Sheet1:67,,REVIEW-MAT-00042,single_candidate,1.00,false
REVIEW-MAT-00043,PPR内牙三通,工程材料/PPR管件,工程建材/水暖建材/水暖五金,品牌: 公元；规格: 25；连接: 内牙；类型: 三通,个,1,可建档,公元PPR25内牙三通,Sheet1:68,,REVIEW-MAT-00043,single_candidate,1.00,false
REVIEW-MAT-00044,PPR内牙直通,工程材料/PPR管件,工程建材/水暖建材/水暖五金,品牌: 公元；规格: PPR25*4分；连接: 内牙；类型: 直通,个,1,可建档,公元PPR25*4内牙直通,Sheet1:69,,REVIEW-MAT-00044,single_candidate,1.00,false
REVIEW-MAT-00045,PPR内牙弯头,工程材料/PPR管件,工程建材/水暖建材/水暖五金,品牌: 公元；规格: 25；连接: 内牙；类型: 弯头,个,1,可建档,公元PPR25内牙弯头,Sheet1:70,,REVIEW-MAT-00045,single_candidate,1.00,false
REVIEW-MAT-00046,洗衣机龙头,工程材料/水暖五金,工程建材/水暖建材/水暖五金,用途: 洗衣机,个,1,可建档,洗衣机龙头,Sheet1:71,材质缺失,REVIEW-MAT-00046,single_candidate;low_precision,0.70,true
REVIEW-MAT-00047,堵头,工程材料/管件,工程建材/其他/管件,规格: 4分,个,1,可建档,4分堵头,Sheet1:72,材质缺失,REVIEW-MAT-00047,single_candidate;low_precision;human_review_group,0.65,true
REVIEW-MAT-00048,堵头,工程材料/管件,工程建材/其他/管件,规格: 6分,个,1,可建档,6分堵头,Sheet1:73,材质缺失,REVIEW-MAT-00048,single_candidate;low_precision;human_review_group,0.65,true
REVIEW-MAT-00049,水管钩,工程材料/管道辅材,工程建材/其他/管道辅材,规格: 25,个,4,可合并 | 可建档,25水管钩,Sheet1:155；Sheet1:176；Sheet1:196；Sheet1:77,材质缺失 | 与第76行同物料,REVIEW-MAT-00049,single_candidate;source_status_contains_merge;low_precision;human_review_group,0.65,true
REVIEW-MAT-00050,镀锌电线架,电气材料/电气辅材,电气与自动化/其他/电气辅材,材质: 镀锌；位数: 4位,个,1,可建档,4位镀锌电线架,Sheet1:78,,REVIEW-MAT-00050,single_candidate;human_review_group,0.65,true
REVIEW-MAT-00051,不锈钢挂锁,五金备件/锁具,五金备件/门锁锁具/门锁锁具,材质: 不锈钢；规格: 50,个,1,可建档,50不锈钢挂锁,Sheet1:81,,REVIEW-MAT-00051,single_candidate,1.00,false
REVIEW-MAT-00052,不锈钢插销,五金备件/门窗五金,五金备件/其他/门窗五金,材质: 不锈钢,个,1,可建档-低精度,不锈钢插销,Sheet1:82,尺寸缺失,REVIEW-MAT-00052,single_candidate;low_precision;human_review_group,0.65,true
REVIEW-MAT-00053,带锁不锈钢插销,五金备件/门窗五金,五金备件/其他/门窗五金,材质: 不锈钢；功能: 带锁,个,1,可建档-低精度,不锈钢插销带锁,Sheet1:83,尺寸缺失,REVIEW-MAT-00053,single_candidate;low_precision;human_review_group,0.65,true
REVIEW-MAT-00054,环保涂料,化工耗材/涂料,化工油漆胶粘/油漆涂料/涂料油漆,品牌: 立邦；系列: 5合1,桶,1,可建档,立邦环保涂料5合1,Sheet1:85,容量/颜色缺失,REVIEW-MAT-00054,single_candidate;low_precision,0.70,true
REVIEW-MAT-00055,滚筒刷,工具器具/涂装工具,工具器具/涂装工具/刷辊喷涂,规格: 4寸,个,1,可建档,4寸滚筒,Sheet1:86,,REVIEW-MAT-00055,single_candidate,1.00,false
REVIEW-MAT-00056,插销,五金备件/门窗五金,五金备件/其他/门窗五金,规格: 4寸,付,1,可建档,4寸插销,Sheet1:87,材质缺失,REVIEW-MAT-00056,single_candidate;low_precision;human_review_group,0.65,true
REVIEW-MAT-00057,加厚不锈钢合页,五金备件/门窗五金,五金备件/其他/门窗五金,材质: 不锈钢；规格: 4寸；特征: 加厚,付,1,可建档,4寸不锈钢加厚合页,Sheet1:88,,REVIEW-MAT-00057,single_candidate;human_review_group,0.65,true
REVIEW-MAT-00058,不锈钢抽锁,五金备件/锁具,五金备件/门锁锁具/门锁锁具,材质: 不锈钢；规格: 5寸,个,1,可建档,5寸不锈钢抽锁,Sheet1:89,,REVIEW-MAT-00058,single_candidate,1.00,false
REVIEW-MAT-00059,塑料扫把,清洁用品/清洁工具,行政办公与清洁/清洁用品/清洁工具耗材,材质: 塑料,个,1,可建档,塑料扫把,Sheet1:90,,REVIEW-MAT-00059,single_candidate,1.00,false
REVIEW-MAT-00060,不锈钢挂锁,五金备件/锁具,五金备件/门锁锁具/门锁锁具,材质: 不锈钢；规格: 40,个,1,可建档,40不锈钢挂锁,Sheet1:91,,REVIEW-MAT-00060,single_candidate,1.00,false
REVIEW-MAT-00061,高粱扫把,清洁用品/清洁工具,行政办公与清洁/清洁用品/清洁工具耗材,材质/类型: 高粱,把,1,可建档,高粱扫把,Sheet1:92,,REVIEW-MAT-00061,single_candidate,1.00,false
REVIEW-MAT-00062,PVC地板胶,装修材料/地面材料,工程建材/其他/地面材料,材质: PVC；特征: 加厚,平方,1,可建档,加厚PVC地板胶,Sheet1:95,厚度缺失,REVIEW-MAT-00062,single_candidate;low_precision;human_review_group,0.65,true
REVIEW-MAT-00063,环保墙布,装修材料/墙面材料,工程建材/其他/墙面材料,特征: 厚、环保,平方,1,可建档-低精度,厚环保墙布,Sheet1:97,材质/花色缺失,REVIEW-MAT-00063,single_candidate;low_precision;human_review_group,0.65,true
REVIEW-MAT-00064,不锈钢水壶,办公生活用品/小电器,行政办公与清洁/生活后勤/生活用品,材质: 不锈钢；容量: 6.5升,个,1,可建档,6.5升不锈钢水壶,Sheet1:99,,REVIEW-MAT-00064,single_candidate,1.00,false
REVIEW-MAT-00065,锂电池电钻,工具器具/电动工具,工具器具/电动工具/电钻角磨机,动力: 锂电池,台,1,可建档-低精度,锂电池电钻,Sheet1:100,品牌/电压缺失,REVIEW-MAT-00065,single_candidate;low_precision,0.70,true
REVIEW-MAT-00066,水桶,办公生活用品/容器,行政办公与清洁/生活后勤/生活用品,类型: 水桶,个,1,可建档-低精度,水桶,Sheet1:102,容量缺失,REVIEW-MAT-00066,single_candidate;low_precision,0.70,true
REVIEW-MAT-00067,水龙头花洒套装,工程材料/水暖五金,工程建材/水暖建材/水暖五金,类型: 水龙头+花洒,套,2,可合并 | 可建档,水龙头花洒,Sheet1:103；Sheet1:141,材质/规格缺失 | 与第102行同物料,REVIEW-MAT-00067,single_candidate;source_status_contains_merge;low_precision,0.70,true
REVIEW-MAT-00068,闭门器,五金备件/门窗五金,五金备件/其他/门窗五金,规格: 大,套,1,可建档-低精度,闭门器大,Sheet1:106,适用门重/型号缺失,REVIEW-MAT-00068,single_candidate;low_precision;human_review_group,0.65,true
REVIEW-MAT-00069,不锈钢插销,五金备件/门窗五金,五金备件/其他/门窗五金,材质: 不锈钢,套,1,可合并,不锈钢插销,Sheet1:107,与第81行同名但单位不同，需统一单位,REVIEW-MAT-00069,single_candidate;source_status_contains_merge;human_review_group,0.65,true
REVIEW-MAT-00070,水龙头,工程材料/水暖五金,工程建材/水暖建材/水暖五金,类型: 水龙头,个,1,可建档-低精度,水龙头,Sheet1:108,材质/规格缺失,REVIEW-MAT-00070,single_candidate;low_precision,0.70,true
REVIEW-MAT-00071,空调插座,电气材料/插头插座,电气与自动化/插头插座/插头插座,品牌: 公牛；电流: 16A；用途: 空调,个,2,可合并 | 可建档,16A公牛空调插座；公牛16A空调插座,Sheet1:111；Sheet1:198,明装/暗装未说明 | 与第110行同物料,REVIEW-MAT-00071,single_candidate;source_status_contains_merge,1.00,false
REVIEW-MAT-00072,插排,电气材料/插头插座,电气与自动化/插头插座/插头插座,品牌: 公牛；线长: 3米；孔位: 8孔,个,2,可合并 | 可建档,公牛插座3米*8孔,Sheet1:112；Sheet1:234,与第111行同物料,REVIEW-MAT-00072,single_candidate;source_status_contains_merge,1.00,false
REVIEW-MAT-00073,启辉器,电气材料/照明配件,电气与自动化/照明与报警/灯具,类型: 启辉器,个,1,可建档-低精度,启辉器,Sheet1:116,适配灯管规格缺失,REVIEW-MAT-00073,single_candidate;low_precision,0.70,true
REVIEW-MAT-00074,螺口灯头,电气材料/照明配件,电气与自动化/照明与报警/灯具,接口: 螺口,个,1,可建档-低精度,螺口灯头,Sheet1:118,E27/E14 等规格缺失,REVIEW-MAT-00074,single_candidate;low_precision,0.70,true
REVIEW-MAT-00075,排气扇,电气材料/通风设备,电气与自动化/其他/通风设备,规格: 50*50,台,1,可建档,50*50排气扇,Sheet1:119,,REVIEW-MAT-00075,single_candidate;human_review_group,0.65,true
REVIEW-MAT-00076,漏电保护器,电气材料/低压电器,电气与自动化/低压电器/低压电器,品牌: 施耐德；极数: 2P；电流: 63A,个,1,可建档,2P*63A施耐德漏电保护器,Sheet1:120,,REVIEW-MAT-00076,single_candidate,1.00,false
REVIEW-MAT-00077,空气开关,电气材料/低压电器,电气与自动化/低压电器/低压电器,品牌: 施耐德；极数: 3P；电流: 63A,个,1,可建档,3P*63A施耐德空气开关,Sheet1:121,,REVIEW-MAT-00077,single_candidate,1.00,false
REVIEW-MAT-00078,不锈钢洗脸盆,工程材料/洁具,工程建材/其他/洁具,材质: 不锈钢；长度: 2米；特征: 加厚,台,1,可建档,2米加厚不锈钢洗脸盆,Sheet1:125,,REVIEW-MAT-00078,single_candidate;human_review_group,0.65,true
REVIEW-MAT-00079,大弯水龙头,工程材料/水暖五金,工程建材/水暖建材/水暖五金,类型: 大弯,个,1,可建档-低精度,大弯水龙头,Sheet1:126,材质/接口规格缺失,REVIEW-MAT-00079,single_candidate;low_precision,0.70,true
REVIEW-MAT-00080,洗脸盆下水管,工程材料/洁具配件,工程建材/其他/洁具配件,用途: 洗脸盆；类型: 下水管,套,2,可合并 | 可建档,洗脸盆下水管,Sheet1:127；Sheet1:194,与第126行同物料,REVIEW-MAT-00080,single_candidate;source_status_contains_merge;human_review_group,0.65,true
REVIEW-MAT-00081,沙子,建筑材料/水泥砂石,工程建材/水泥砂石/水泥砂石,包装: 大包,包,1,可建档-低精度,大包沙子,Sheet1:129,粒径/重量缺失,REVIEW-MAT-00081,single_candidate;low_precision,0.70,true
REVIEW-MAT-00082,石子,建筑材料/水泥砂石,工程建材/水泥砂石/水泥砂石,包装: 大包,包,1,可建档-低精度,大包石子,Sheet1:130,粒径/重量缺失,REVIEW-MAT-00082,single_candidate;low_precision,0.70,true
REVIEW-MAT-00083,帆布手套,劳保耗材/手套,劳保用品/手部防护/手套,类型: 双重/双层帆布,双,1,可建档,双重帆布手套,Sheet1:131,,REVIEW-MAT-00083,single_candidate,1.00,false
REVIEW-MAT-00084,铜挂锁,五金备件/锁具,五金备件/门锁锁具/门锁锁具,材质: 铜,个,1,可建档-低精度,铜挂锁,Sheet1:132,规格尺寸缺失,REVIEW-MAT-00084,single_candidate;low_precision,0.70,true
REVIEW-MAT-00085,扫把,清洁用品/清洁工具,行政办公与清洁/清洁用品/清洁工具耗材,类型: 扫把,个,1,可建档-低精度,扫把,Sheet1:133,材质缺失,REVIEW-MAT-00085,single_candidate;low_precision,0.70,true
REVIEW-MAT-00088,冷热水龙头,工程材料/水暖五金,工程建材/水暖建材/水暖五金,规格: 4分；类型: 冷热,个,2,可合并 | 可建档,4分冷热水龙头,Sheet1:140；Sheet1:379,材质缺失 | 与第139行同物料,REVIEW-MAT-00088,single_candidate;source_status_contains_merge;low_precision,0.70,true
REVIEW-MAT-00089,PPR过桥弯,工程材料/PPR管件,工程建材/水暖建材/水暖五金,品牌: 公元；规格: 25；类型: 过桥弯,个,1,可建档,公元25PPR过桥弯,Sheet1:142,,REVIEW-MAT-00089,single_candidate,1.00,false
REVIEW-MAT-00090,PPR异径直接,工程材料/PPR管件,工程建材/水暖建材/水暖五金,规格: 32*25；类型: 大小头/异径,个,1,可建档,PPR32*25大小头,Sheet1:146,,REVIEW-MAT-00090,single_candidate,1.00,false
REVIEW-MAT-00091,电缆,电气材料/电线电缆,电气与自动化/电线电缆与敷设/电线电缆,品牌: 起帆；规格: 3*6+1,米,1,可建档,3*6+1起帆电缆,Sheet1:147,电缆型号如 YJV/RVV 缺失,REVIEW-MAT-00091,single_candidate;low_precision,0.70,true
REVIEW-MAT-00092,铜鼻子,电气材料/接线端子,电气与自动化/接线连接/接线端子,规格: 100A；材质: 铜,个,1,可建档,100A铜鼻子,Sheet1:148,,REVIEW-MAT-00092,single_candidate,1.00,false
REVIEW-MAT-00093,铜鼻子,电气材料/接线端子,电气与自动化/接线连接/接线端子,规格: 200A；材质: 铜,个,1,可建档,200A铜鼻子,Sheet1:149,,REVIEW-MAT-00093,single_candidate,1.00,false
REVIEW-MAT-00094,垃圾袋,清洁用品/垃圾袋,行政办公与清洁/清洁用品/清洁工具耗材,规格: 大,个,4,可合并 | 可建档,大垃圾袋,Sheet1:150；Sheet1:222；Sheet1:236；Sheet1:364,厚度/尺寸缺失 | 与第149行同物料,REVIEW-MAT-00094,single_candidate;source_status_contains_merge;low_precision,0.70,true
REVIEW-MAT-00095,防护眼镜,劳保耗材/眼面防护,劳保用品/其他/眼面防护,用途: 打磨,个,1,可建档,打磨眼镜,Sheet1:151,,REVIEW-MAT-00095,single_candidate;human_review_group,0.65,true
REVIEW-MAT-00096,PPR三通,工程材料/PPR管件,工程建材/水暖建材/水暖五金,规格: 25；类型: 三通,个,1,可合并,25PPR三通,Sheet1:152,与第66行同类，缺品牌,REVIEW-MAT-00096,single_candidate;source_status_contains_merge,1.00,false
REVIEW-MAT-00097,PPR内牙弯头,工程材料/PPR管件,工程建材/水暖建材/水暖五金,规格: PPR25*4分；连接: 内牙；类型: 弯头,个,1,可建档,PPR25*4内牙弯头,Sheet1:153,,REVIEW-MAT-00097,single_candidate,1.00,false
REVIEW-MAT-00098,镀锌角铁,金属材料/型材,金属原材料/钢材型材/钢材型材,材质/表面: 镀锌；规格: 4*4*0.5,米,3,可合并 | 可建档,4*4*0.5镀锌角铁,Sheet1:154；Sheet1:182；Sheet1:200,单位规格需确认 cm/mm | 与第153行同物料,REVIEW-MAT-00098,single_candidate;source_status_contains_merge,1.00,false
REVIEW-MAT-00099,羊毛刷,工具器具/涂装工具,工具器具/涂装工具/刷辊喷涂,规格: 4寸,个,1,可建档,4寸羊毛刷,Sheet1:156,,REVIEW-MAT-00099,single_candidate,1.00,false
REVIEW-MAT-00100,三通,工程材料/排水管件,工程建材/其他/排水管件,品牌: 公元；规格: 75；类型: 三通,个,1,可建档,公元75三通,Sheet1:160,材质需按同批胶管确认,REVIEW-MAT-00100,single_candidate;human_review_group,0.65,true
REVIEW-MAT-00101,补心,工程材料/排水管件,工程建材/其他/排水管件,品牌: 公元；规格: 75*50；类型: 补心/异径,个,1,可建档,公元75*50补心,Sheet1:161,材质需按同批胶管确认,REVIEW-MAT-00101,single_candidate;human_review_group,0.65,true
REVIEW-MAT-00102,弯头,工程材料/排水管件,工程建材/其他/排水管件,品牌: 公元；规格: 75；类型: 弯头,个,1,可建档,公元75弯头,Sheet1:163,材质需按同批胶管确认,REVIEW-MAT-00102,single_candidate;human_review_group,0.65,true
REVIEW-MAT-00103,三通,工程材料/排水管件,工程建材/其他/排水管件,品牌: 公元；规格: 50；类型: 三通,个,1,可建档,公元50三通,Sheet1:165,材质需按同批胶管确认,REVIEW-MAT-00103,single_candidate;human_review_group,0.65,true
REVIEW-MAT-00104,弯头,工程材料/排水管件,工程建材/其他/排水管件,品牌: 公元；规格: 50；类型: 弯头,个,1,可建档,公元50弯头,Sheet1:166,材质需按同批胶管确认,REVIEW-MAT-00104,single_candidate;human_review_group,0.65,true
REVIEW-MAT-00105,异径三通,工程材料/排水管件,工程建材/其他/排水管件,品牌: 公元；规格: 75*50；类型: 三通,个,1,可建档,公元75*50三通,Sheet1:167,材质需按同批胶管确认,REVIEW-MAT-00105,single_candidate;human_review_group,0.65,true
REVIEW-MAT-00106,金属软管,工程材料/水暖五金,工程建材/水暖建材/水暖五金,长度: 80公分；材质: 金属,个,1,可建档,80公分金属软管,Sheet1:172,接口规格缺失,REVIEW-MAT-00106,single_candidate;low_precision,0.70,true
REVIEW-MAT-00107,金属软管,工程材料/水暖五金,工程建材/水暖建材/水暖五金,长度: 40公分；材质: 金属,个,1,可建档,40公分金属软管,Sheet1:173,接口规格缺失,REVIEW-MAT-00107,single_candidate;low_precision,0.70,true
REVIEW-MAT-00108,生料带,工程材料/水暖辅材,工程建材/水暖建材/水暖五金,类型: 密封带,个,1,可建档,生料带,Sheet1:174,,REVIEW-MAT-00108,single_candidate,1.00,false
REVIEW-MAT-00109,PPR阀门,工程材料/PPR管件,工程建材/水暖建材/水暖五金,品牌: 公元；规格: 25；类型: 阀门,个,1,可建档,公元25PPR阀门,Sheet1:175,,REVIEW-MAT-00109,single_candidate,1.00,false
REVIEW-MAT-00110,记号笔,办公低耗/文具,行政办公与清洁/办公用品/文具书写,类型: 记号笔,个,1,可建档-低精度,记号笔,Sheet1:178,颜色缺失,REVIEW-MAT-00110,single_candidate;low_precision,0.70,true
REVIEW-MAT-00111,PPR弯头,工程材料/PPR管件,工程建材/水暖建材/水暖五金,规格: 25；类型: 弯头,个,1,可合并,25PPR弯头,Sheet1:180,与第43行同类，缺品牌,REVIEW-MAT-00111,single_candidate;source_status_contains_merge,1.00,false
REVIEW-MAT-00112,羊毛刷,工具器具/涂装工具,工具器具/涂装工具/刷辊喷涂,规格: 4寸,支,1,可合并,4寸羊毛刷,Sheet1:183,与第155行同物料，单位待统一,REVIEW-MAT-00112,single_candidate;source_status_contains_merge,1.00,false
REVIEW-MAT-00113,冲击钻头,工具器具/工具配件,工具器具/工具配件/工具配件,规格: 6厘,支,1,可建档,6厘冲击钻头,Sheet1:184,,REVIEW-MAT-00113,single_candidate,1.00,false
REVIEW-MAT-00114,冲击钻头,工具器具/工具配件,工具器具/工具配件/工具配件,规格: 20厘,支,1,可建档,20厘冲击钻头,Sheet1:185,,REVIEW-MAT-00114,single_candidate,1.00,false
REVIEW-MAT-00115,美工刀,工具器具/手动工具,工具器具/其他/手动工具,品牌: 得力,支,1,可建档,得力美工刀,Sheet1:186,,REVIEW-MAT-00115,single_candidate;human_review_group,0.65,true
REVIEW-MAT-00116,玻璃刮,清洁用品/清洁工具,行政办公与清洁/清洁用品/清洁工具耗材,类型: 玻璃刮,支,1,可建档,玻璃刮,Sheet1:189,,REVIEW-MAT-00116,single_candidate,1.00,false
REVIEW-MAT-00117,膨胀螺丝,五金备件/紧固件,五金备件/其他/紧固件,规格: 14*120,支,1,可建档,14*120膨胀螺丝,Sheet1:191,,REVIEW-MAT-00117,single_candidate;human_review_group,0.65,true
REVIEW-MAT-00118,不锈钢洗脸盆,工程材料/洁具,工程建材/其他/洁具,材质: 不锈钢；规格: 120*80；特征: 加厚,套,1,可建档,不锈钢120*80加厚洗脸盆,Sheet1:193,,REVIEW-MAT-00118,single_candidate;human_review_group,0.65,true
REVIEW-MAT-00119,插头,电气材料/插头插座,电气与自动化/插头插座/插头插座,品牌: 德力西；电流: 16A,个,1,可建档,德力西16A插头,Sheet1:199,极数/孔型缺失,REVIEW-MAT-00119,single_candidate;low_precision,0.70,true
REVIEW-MAT-00120,BV电线,电气材料/电线电缆,电气与自动化/电线电缆与敷设/电线电缆,型号: BV；截面积: 2.5平方,米,1,可合并,BV2.5平方电线,Sheet1:204,与第25行同类，缺品牌,REVIEW-MAT-00120,single_candidate;source_status_contains_merge,1.00,false
REVIEW-MAT-00121,PPR给水管,工程材料/PPR管件,工程建材/水暖建材/水暖五金,规格: 32；用途: 给水,米,1,可建档,32PPR给水管,Sheet1:206,品牌缺失,REVIEW-MAT-00121,single_candidate;low_precision,0.70,true
REVIEW-MAT-00122,铜止回阀,工程材料/阀门,工程建材/其他/阀门,品牌: 埃美柯；材质: 铜；规格: 32；类型: 止回阀,个,1,可建档,32埃美柯铜止回阀,Sheet1:210,,REVIEW-MAT-00122,single_candidate;human_review_group,0.65,true
REVIEW-MAT-00123,蹲便器,工程材料/洁具,工程建材/其他/洁具,类型: 平面蹲厕,个,1,可建档-低精度,平面蹲厕,Sheet1:213,尺寸/排水方式缺失,REVIEW-MAT-00123,single_candidate;low_precision;human_review_group,0.65,true
REVIEW-MAT-00124,冲水水箱,工程材料/洁具配件,工程建材/其他/洁具配件,用途: 冲水,个,1,可建档-低精度,冲水水箱,Sheet1:214,容量/安装方式缺失,REVIEW-MAT-00124,single_candidate;low_precision;human_review_group,0.65,true
REVIEW-MAT-00125,小便斗,工程材料/洁具,工程建材/其他/洁具,类型: 小便斗,个,1,可建档-低精度,小便斗,Sheet1:215,规格/感应方式缺失,REVIEW-MAT-00125,single_candidate;low_precision;human_review_group,0.65,true
REVIEW-MAT-00126,按压水龙头,工程材料/水暖五金,工程建材/水暖建材/水暖五金,类型: 按压,个,1,可建档-低精度,按压龙头,Sheet1:217,材质/接口规格缺失,REVIEW-MAT-00126,single_candidate;low_precision,0.70,true
REVIEW-MAT-00127,玻璃胶枪,工具器具/涂装工具,工具器具/涂装工具/刷辊喷涂,用途: 打玻璃胶,个,1,可建档,玻璃胶枪,Sheet1:220,,REVIEW-MAT-00127,single_candidate,1.00,false
REVIEW-MAT-00128,钢圈,加工件/金属加工件,设备备件与加工件/金属加工件/金属加工件,材质: 钢；规格: 100*108*5；加工: 是,个,1,可建档-加工件,加工100*108*5钢圈,Sheet1:226,图纸/材质牌号缺失,REVIEW-MAT-00128,single_candidate;low_precision,0.70,true
REVIEW-MAT-00129,重油污清洗剂,清洁用品/清洁剂,行政办公与清洁/清洁用品/清洁工具耗材,品牌: 宝雅；用途: 重油污,kg,1,可建档,宝雅重油污清洗剂,Sheet1:227,,REVIEW-MAT-00129,single_candidate,1.00,false
REVIEW-MAT-00130,不锈钢角阀,工程材料/阀门,工程建材/其他/阀门,规格: 4分；材质: 不锈钢,个,2,可合并 | 可建档,4分不锈钢角阀,Sheet1:230；Sheet1:259,与第229行同物料,REVIEW-MAT-00130,single_candidate;source_status_contains_merge;human_review_group,0.65,true
REVIEW-MAT-00131,不锈钢内接,工程材料/水暖管件,工程建材/水暖建材/水暖五金,规格: 4分；材质: 不锈钢；连接: 内接,个,1,可建档,4分不锈钢内接,Sheet1:231,,REVIEW-MAT-00131,single_candidate,1.00,false
REVIEW-MAT-00132,不锈钢外接,工程材料/水暖管件,工程建材/水暖建材/水暖五金,规格: 4分；材质: 不锈钢；连接: 外接,个,1,可建档,4分不锈钢外接,Sheet1:232,,REVIEW-MAT-00132,single_candidate,1.00,false
REVIEW-MAT-00133,不锈钢三通,工程材料/水暖管件,工程建材/水暖建材/水暖五金,规格: 4分；材质: 不锈钢；类型: 三通,个,1,可建档,4分不锈钢三通,Sheet1:233,,REVIEW-MAT-00133,single_candidate,1.00,false
REVIEW-MAT-00134,拖把,清洁用品/清洁工具,行政办公与清洁/清洁用品/清洁工具耗材,规格: 大,个,3,可合并 | 可建档,大拖把,Sheet1:235；Sheet1:258；Sheet1:325,与第234行同物料,REVIEW-MAT-00134,single_candidate;source_status_contains_merge,1.00,false
REVIEW-MAT-00135,洗脸盆龙头,工程材料/水暖五金,工程建材/水暖建材/水暖五金,用途: 洗脸盆,个,1,可建档-低精度,洗脸盆龙头,Sheet1:237,材质/接口规格缺失,REVIEW-MAT-00135,single_candidate;low_precision,0.70,true
REVIEW-MAT-00136,不锈钢锁扣,五金备件/门窗五金,五金备件/其他/门窗五金,材质: 不锈钢,个,1,可建档-低精度,不锈钢锁扣,Sheet1:239,规格缺失,REVIEW-MAT-00136,single_candidate;low_precision;human_review_group,0.65,true
REVIEW-MAT-00137,耐磨焊丝,焊接耗材/焊丝,焊接焊割/焊接耗材/焊条焊丝,型号/牌号: 998；特性: 高强度耐磨,kg,2,可合并 | 可建档,998高强度耐磨焊丝,Sheet1:241；Sheet1:253,直径缺失 | 与第240行同物料,REVIEW-MAT-00137,single_candidate;source_status_contains_merge;low_precision,0.70,true
REVIEW-MAT-00138,镀锌钢管,金属材料/管材,金属原材料/其他/管材,规格: DN25；标准: 国标；表面: 镀锌,米,1,可建档,DN25国标镀锌钢管,Sheet1:242,,REVIEW-MAT-00138,single_candidate;human_review_group,0.65,true
REVIEW-MAT-00139,高压油管,液压/高压管路,液压气动/液压管路/高压胶管,规格: DN25*4；类型: 高压油管,条,1,可建档,DN25*4高压油管,Sheet1:244,压力等级/接头形式缺失,REVIEW-MAT-00139,single_candidate;low_precision,0.70,true
REVIEW-MAT-00140,铜止回阀,工程材料/阀门,工程建材/其他/阀门,品牌: 埃美柯；规格: 25；材质: 铜；类型: 止回阀,个,1,可建档,25埃美柯铜止回阀,Sheet1:246,,REVIEW-MAT-00140,single_candidate;human_review_group,0.65,true
REVIEW-MAT-00141,泡沫填缝剂,化工耗材/填缝剂,化工油漆胶粘/其他/填缝剂,类型: 泡沫填缝剂,支,1,可建档,泡沫填缝剂,Sheet1:249,容量缺失,REVIEW-MAT-00141,single_candidate;low_precision;human_review_group,0.65,true
REVIEW-MAT-00142,重型管卡,工程材料/管道辅材,工程建材/其他/管道辅材,规格: 135；类型: 重型,个,1,可建档,135重型管卡,Sheet1:250,,REVIEW-MAT-00142,single_candidate;human_review_group,0.65,true
REVIEW-MAT-00143,钢圈,加工件/金属加工件,设备备件与加工件/金属加工件/金属加工件,材质: 钢；规格: 100*110*10；加工: 是,个,1,可建档-加工件,加工100*110*10钢圈,Sheet1:252,图纸/材质牌号缺失,REVIEW-MAT-00143,single_candidate;low_precision,0.70,true
REVIEW-MAT-00144,垫片,加工件/金属加工件,设备备件与加工件/金属加工件/金属加工件,规格: 110*100*5；加工: 是,个,1,可建档-加工件,加工110*100*5垫片,Sheet1:254,材质/图纸缺失,REVIEW-MAT-00144,single_candidate;low_precision,0.70,true
REVIEW-MAT-00145,角铁,金属材料/型材,金属原材料/钢材型材/钢材型材,规格: 50*50*6；标准: 国标,米,1,可建档,50*50*6国标角铁,Sheet1:255,,REVIEW-MAT-00145,single_candidate,1.00,false
REVIEW-MAT-00146,冷热水龙头,工程材料/水暖五金,工程建材/水暖建材/水暖五金,规格: 4分；类型: 冷热,套,1,可合并,4分冷热龙头,Sheet1:256,与第139行同类，单位待统一,REVIEW-MAT-00146,single_candidate;source_status_contains_merge,1.00,false
REVIEW-MAT-00147,金属软管,工程材料/水暖五金,工程建材/水暖建材/水暖五金,规格: 4分；长度: 60,根,1,可建档,4分*60金属软管,Sheet1:257,60 是否 cm？,REVIEW-MAT-00147,single_candidate,1.00,false
REVIEW-MAT-00148,不锈钢合页,五金备件/门窗五金,五金备件/其他/门窗五金,材质: 不锈钢；规格: 6寸,付,1,可建档,6寸不锈钢合页,Sheet1:261,,REVIEW-MAT-00148,single_candidate;human_review_group,0.65,true
REVIEW-MAT-00149,不锈钢合页,五金备件/门窗五金,五金备件/其他/门窗五金,材质: 不锈钢；规格: 5寸,付,1,可建档,5寸不锈钢合页,Sheet1:262,,REVIEW-MAT-00149,single_candidate;human_review_group,0.65,true
REVIEW-MAT-00150,502胶水,化工耗材/胶粘剂,化工油漆胶粘/胶粘密封/胶粘剂,类型: 502,支,1,可建档,502胶水,Sheet1:263,容量缺失,REVIEW-MAT-00150,single_candidate;low_precision,0.70,true
REVIEW-MAT-00151,高压铜球阀,工程材料/阀门,工程建材/其他/阀门,规格: DN20；压力: 350kg；材质: 铜；类型: 球阀,个,1,可建档,DN20*350kg高压铜球阀,Sheet1:265,,REVIEW-MAT-00151,single_candidate;human_review_group,0.65,true
REVIEW-MAT-00152,棉布,劳保耗材/擦拭材料,劳保用品/其他/擦拭材料,规格: 大块,kg,2,可合并 | 可建档,大块棉布,Sheet1:266；Sheet1:298,与第265行同物料,REVIEW-MAT-00152,single_candidate;source_status_contains_merge;human_review_group,0.65,true
REVIEW-MAT-00153,垃圾夹,清洁用品/清洁工具,行政办公与清洁/清洁用品/清洁工具耗材,类型: 垃圾夹,个,1,可建档,垃圾夹,Sheet1:271,,REVIEW-MAT-00153,single_candidate,1.00,false
REVIEW-MAT-00154,电箱,电气材料/配电箱,电气与自动化/其他/配电箱,规格: 250A,个,1,可建档,250A电箱,Sheet1:272,箱体尺寸缺失,REVIEW-MAT-00154,single_candidate;low_precision;human_review_group,0.65,true
REVIEW-MAT-00155,五孔插座,电气材料/插头插座,电气与自动化/插头插座/插头插座,类型: 五孔,个,1,可合并,五孔插座,Sheet1:273,与第17行同类，缺品牌,REVIEW-MAT-00155,single_candidate;source_status_contains_merge,1.00,false
REVIEW-MAT-00156,线槽,电气材料/电气辅材,电气与自动化/其他/电气辅材,规格: 30*15,米,2,可合并 | 可建档,30*15线槽,Sheet1:274；Sheet1:287,与第273行同物料,REVIEW-MAT-00156,single_candidate;source_status_contains_merge;human_review_group,0.65,true
REVIEW-MAT-00157,高压油管,液压/高压管路,液压气动/液压管路/高压胶管,规格: DN51；等级: 4SH,米,1,可建档,DN51*4SH高压油管,Sheet1:277,接头形式缺失,REVIEW-MAT-00157,single_candidate;low_precision,0.70,true
REVIEW-MAT-00158,高压油管,液压/高压管路,液压气动/液压管路/高压胶管,规格: DN32；等级: 4SH,米,1,可建档,DN32*4SH高压油管,Sheet1:279,接头形式缺失,REVIEW-MAT-00158,single_candidate;low_precision,0.70,true
REVIEW-MAT-00159,吊带,吊装索具/吊带,吊装索具/吊带索具/吊带,载荷: 2T；长度: 1.5米,付,1,可建档,2T*1.5米吊带,Sheet1:281,,REVIEW-MAT-00159,single_candidate;human_review_group,0.65,true
REVIEW-MAT-00160,卸扣,吊装索具/卸扣,吊装索具/吊装连接件/卸扣吊钩,载荷: 2T,个,3,可合并 | 可建档,2T卸扣,Sheet1:282；Sheet1:313；Sheet1:812,与第281行同物料 | 与第312行同物料，执行标准缺失,REVIEW-MAT-00160,single_candidate;source_status_contains_merge;low_precision;human_review_group,0.65,true
REVIEW-MAT-00161,剪刀,工具器具/手动工具,工具器具/其他/手动工具,类型: 剪刀,个,1,可建档-低精度,剪刀,Sheet1:283,规格/用途缺失,REVIEW-MAT-00161,single_candidate;low_precision;human_review_group,0.65,true
REVIEW-MAT-00162,电焊快速接头,焊接耗材/焊机配件,焊接焊割/焊割设备工具/焊机割炬,规格: 35-50,套,1,可建档,35-50电焊快速接头,Sheet1:293,,REVIEW-MAT-00162,single_candidate,1.00,false
REVIEW-MAT-00163,加厚铁合页,五金备件/门窗五金,五金备件/其他/门窗五金,材质: 铁；规格: 4寸；特征: 加厚,付,1,可建档,4寸加厚铁合页,Sheet1:296,,REVIEW-MAT-00163,single_candidate;human_review_group,0.65,true
REVIEW-MAT-00164,加厚铁合页,五金备件/门窗五金,五金备件/其他/门窗五金,材质: 铁；规格: 5寸；特征: 加厚,付,1,可建档,5寸加厚铁合页,Sheet1:297,,REVIEW-MAT-00164,single_candidate;human_review_group,0.65,true
REVIEW-MAT-00165,卷尺,工具器具/测量工具,工具器具/量具测量/量具测量,品牌: 得力；长度: 3米,个,2,可建档,得力3米卷尺,Sheet1:299；Sheet1:892,,REVIEW-MAT-00165,single_candidate,1.00,false
REVIEW-MAT-00166,卷尺,工具器具/测量工具；工具/测量工具,工具器具/量具测量/量具测量,品牌: 得力；长度: 5米,个,3,可建档,5米得力卷尺；得力5米卷尺,Sheet1:1655；Sheet1:300；Sheet1:891,型号/宽度缺失,REVIEW-MAT-00166；REVIEW-MAT-00951,exact_name_group_unit_specs;low_precision,0.70,true
REVIEW-MAT-00167,卷尺,工具器具/测量工具；工具/测量工具,工具器具/量具测量/量具测量,品牌: 得力；长度: 10米,个,2,可建档,10米得力卷尺；得力10米卷尺,Sheet1:1656；Sheet1:301,型号/宽度缺失,REVIEW-MAT-00167；REVIEW-MAT-00952,exact_name_group_unit_specs;low_precision,0.70,true
REVIEW-MAT-00168,除胶剂,化工耗材/清洗剂,化工油漆胶粘/油品化学品/清洗化学品,品牌: 得力；容量: 500ML,支,1,可建档,得力500ML除胶剂,Sheet1:302,,REVIEW-MAT-00168,single_candidate,1.00,false
REVIEW-MAT-00169,垃圾袋,清洁用品/垃圾袋,行政办公与清洁/清洁用品/清洁工具耗材,规格: 120*140；特征: 厚,个,1,可建档,120*140厚垃圾袋,Sheet1:303,,REVIEW-MAT-00169,single_candidate,1.00,false
REVIEW-MAT-00170,变压USB插座,电气材料/插头插座,电气与自动化/插头插座/插头插座,品牌: 公牛；输入: 220V；输出: 36V；功能: USB,套,1,可建档,公牛220V转36VUSB插座,Sheet1:304,,REVIEW-MAT-00170,single_candidate,1.00,false
REVIEW-MAT-00171,毛刷,工具器具/涂装工具,工具器具/涂装工具/刷辊喷涂,规格: 3寸,支,1,可建档,3寸毛刷,Sheet1:305,,REVIEW-MAT-00171,single_candidate,1.00,false
REVIEW-MAT-00172,钢丝刷,工具器具/打磨工具,工具器具/其他/打磨工具,类型: 刀型,支,1,可建档,刀型钢丝刷,Sheet1:306,,REVIEW-MAT-00172,single_candidate;human_review_group,0.65,true
REVIEW-MAT-00173,拖把,清洁用品/清洁工具,行政办公与清洁/清洁用品/清洁工具耗材,规格: 大,支,1,可合并,大拖把,Sheet1:307,与第234行同物料，单位待统一,REVIEW-MAT-00173,single_candidate;source_status_contains_merge,1.00,false
REVIEW-MAT-00174,锂电池电钻,工具器具/电动工具,工具器具/电动工具/电钻角磨机,品牌: 大艺；电压: 21V；动力: 锂电池,台,1,可建档,21V大艺锂电池电钻,Sheet1:308,,REVIEW-MAT-00174,single_candidate,1.00,false
REVIEW-MAT-00175,锂电池角磨机,工具器具/电动工具,工具器具/电动工具/电钻角磨机,品牌: 大艺；动力: 锂电池,台,1,可建档,大艺锂电池角磨机,Sheet1:309,电压缺失,REVIEW-MAT-00175,single_candidate;low_precision,0.70,true
REVIEW-MAT-00176,电池,电气材料/电池,电气与自动化/电源电池/电源电池,电压: 9V,个,1,可建档,9V电池,Sheet1:310,,REVIEW-MAT-00176,single_candidate,1.00,false
REVIEW-MAT-00177,卸扣,吊装索具/卸扣,吊装索具/吊装连接件/卸扣吊钩,载荷: 4T,个,2,可合并 | 可建档,4T卸扣,Sheet1:312；Sheet1:813,与第311行同物料，执行标准缺失,REVIEW-MAT-00177,single_candidate;source_status_contains_merge;low_precision;human_review_group,0.65,true
REVIEW-MAT-00178,螺丝,五金备件/紧固件,五金备件/其他/紧固件,规格: 16*50,套,2,可合并 | 可建档,16*50螺丝,Sheet1:314；Sheet1:320,材质/强度等级缺失 | 与第313行同物料,REVIEW-MAT-00178,single_candidate;source_status_contains_merge;low_precision;human_review_group,0.65,true
REVIEW-MAT-00179,LED防爆机床方形灯,电气材料/防爆照明,电气与自动化/照明与报警/灯具,长度: 1220MM；类型: LED；功能: 防爆；形状: 方形；用途: 机床,套,1,可建档,1220MMLED防爆机床方形灯,Sheet1:316,功率缺失,REVIEW-MAT-00179,single_candidate;low_precision;human_review_group,0.65,true
REVIEW-MAT-00180,螺丝,五金备件/紧固件,五金备件/其他/紧固件,规格: 14*50,套,1,可建档,14*50螺丝,Sheet1:319,材质/强度等级缺失,REVIEW-MAT-00180,single_candidate;low_precision;human_review_group,0.65,true
REVIEW-MAT-00181,弓形卸扣,吊装索具/卸扣,吊装索具/吊装连接件/卸扣吊钩,载荷: 6.5吨；标准: 国标；形状: 弓形,个,1,可建档,6.5吨国标弓形卸扣,Sheet1:323,,REVIEW-MAT-00181,single_candidate;human_review_group,0.65,true
REVIEW-MAT-00182,热水器挂钩,工程材料/水暖五金,工程建材/水暖建材/水暖五金,用途: 热水器,个,2,可合并,热水器挂钩,Sheet1:324；Sheet1:378,与第377行同类，规格缺失 | 与第323行同物料,REVIEW-MAT-00182,single_candidate;source_status_contains_merge;low_precision,0.70,true
REVIEW-MAT-00183,排风扇,电气材料/通风设备,电气与自动化/其他/通风设备,规格: 50*50,个,1,可合并,50*50排风扇,Sheet1:329,与第118行相近，排气扇/排风扇统一命名,REVIEW-MAT-00183,single_candidate;source_status_contains_merge;human_review_group,0.65,true
REVIEW-MAT-00184,塑料方凳,办公生活用品/家具,行政办公与清洁/生活后勤/生活用品,材质: 塑料；规格: 50CM；特征: 加厚,个,1,可建档,加厚50CM塑料方凳,Sheet1:330,,REVIEW-MAT-00184,single_candidate,1.00,false
REVIEW-MAT-00185,不锈钢弯头,工程材料/管件,工程建材/其他/管件,材质: 不锈钢；规格: 250；类型: 弯头,个,1,可建档,250不锈钢弯头,Sheet1:332,壁厚/角度缺失,REVIEW-MAT-00185,single_candidate;low_precision;human_review_group,0.65,true
REVIEW-MAT-00186,发泡胶,化工耗材/填缝剂,化工油漆胶粘/其他/填缝剂,品牌: 雨虹；特性: 高倍,支,1,可建档,雨虹高倍发泡胶,Sheet1:334,容量缺失,REVIEW-MAT-00186,single_candidate;low_precision;human_review_group,0.65,true
REVIEW-MAT-00187,重油污清洗剂,清洁用品/清洁剂,行政办公与清洁/清洁用品/清洁工具耗材,用途: 去重油污,公斤,1,可合并,去重油污清洗剂,Sheet1:336,与第226行同类，品牌不同/缺失,REVIEW-MAT-00187,single_candidate;source_status_contains_merge;low_precision,0.70,true
REVIEW-MAT-00188,电池,电气材料/电池,电气与自动化/电源电池/电源电池,规格: 5号,个,1,可建档,5号电池,Sheet1:337,,REVIEW-MAT-00188,single_candidate,1.00,false
REVIEW-MAT-00189,电焊眼镜,劳保耗材/眼面防护,劳保用品/其他/眼面防护,用途: 电焊,付,1,可建档,电焊眼镜,Sheet1:338,,REVIEW-MAT-00189,single_candidate;human_review_group,0.65,true
REVIEW-MAT-00190,内六角扳手,工具器具/手动工具,工具器具/其他/手动工具,规格: 19,支,1,可建档,19内六角扳手,Sheet1:339,,REVIEW-MAT-00190,single_candidate;human_review_group,0.65,true
REVIEW-MAT-00191,等离子割嘴,焊接耗材/等离子切割配件,焊接焊割/其他/等离子切割配件,型号: P80；类型: 割嘴,个,1,可建档,P80等离子割嘴,Sheet1:340,,REVIEW-MAT-00191,single_candidate;human_review_group,0.65,true
REVIEW-MAT-00192,槽钢,金属材料/型材,金属原材料/钢材型材/钢材型材,规格: 200B,米,1,可建档,200B槽钢,Sheet1:342,材质/标准缺失,REVIEW-MAT-00192,single_candidate;low_precision,0.70,true
REVIEW-MAT-00193,槽钢,金属材料/型材,金属原材料/钢材型材/钢材型材,规格: 160B,米,1,可建档,160B槽钢,Sheet1:343,材质/标准缺失,REVIEW-MAT-00193,single_candidate;low_precision,0.70,true
REVIEW-MAT-00194,水泥砖,建筑材料/砌块砖,工程建材/其他/砌块砖,材质: 水泥,块,1,可建档-低精度,水泥砖,Sheet1:344,尺寸缺失,REVIEW-MAT-00194,single_candidate;low_precision;human_review_group,0.65,true
REVIEW-MAT-00195,砖刀,工具器具/施工工具,工具器具/其他/施工工具,用途: 砌砖/切砖,个,1,可建档,砖刀,Sheet1:349,,REVIEW-MAT-00195,single_candidate;human_review_group,0.65,true
REVIEW-MAT-00196,灰刀,工具器具/施工工具,工具器具/其他/施工工具,用途: 抹灰,个,1,可建档,灰刀,Sheet1:350,,REVIEW-MAT-00196,single_candidate;human_review_group,0.65,true
REVIEW-MAT-00197,防水网线接头,电气材料/弱电材料,电气与自动化/其他/弱电材料,功能: 防水；用途: 网线连接,个,1,可建档,防水网线接头连接,Sheet1:352,,REVIEW-MAT-00197,single_candidate;human_review_group,0.65,true
REVIEW-MAT-00198,防锈润滑剂,化工耗材/润滑防锈,化工油漆胶粘/其他/润滑防锈,品牌/型号: WD-40；容量: 500,支,1,可建档,WD-40500防锈润滑剂,Sheet1:353,500 是否 ml？,REVIEW-MAT-00198,single_candidate;human_review_group,0.65,true
REVIEW-MAT-00199,螺丝,五金备件/紧固件,五金备件/其他/紧固件,规格: 8*250,套,2,可建档,8*250螺丝,Sheet1:357；Sheet1:597,材质/强度等级缺失 | 是否为M8？材质/强度等级缺失,REVIEW-MAT-00199,single_candidate;low_precision;human_review_group,0.65,true
REVIEW-MAT-00200,调和油漆,化工耗材/涂料,化工油漆胶粘/油漆涂料/涂料油漆,颜色: 铁红,桶,1,可建档,铁红油漆,Sheet1:359,容量缺失,REVIEW-MAT-00200,single_candidate;low_precision,0.70,true
REVIEW-MAT-00201,LED灯泡,电气材料/照明,电气与自动化/照明与报警/灯具,品牌: 公牛；功率: 20W,个,1,可建档,公牛20WLED灯泡,Sheet1:360,灯头规格缺失,REVIEW-MAT-00201,single_candidate;low_precision,0.70,true
REVIEW-MAT-00202,焊条,焊接耗材/焊条,焊接焊割/焊接耗材/焊条焊丝,型号: 507；直径: 3.2,个,1,可建档,507*3.2焊条,Sheet1:361,包装重量缺失,REVIEW-MAT-00202,single_candidate;low_precision,0.70,true
REVIEW-MAT-00203,加厚蝶阀,工程材料/阀门,工程建材/其他/阀门,品牌: 埃美柯；规格: DN65；特征: 加厚,个,1,可建档,DN65埃美柯加厚蝶阀,Sheet1:362,材质缺失,REVIEW-MAT-00203,single_candidate;low_precision;human_review_group,0.65,true
REVIEW-MAT-00204,加厚不锈钢球阀,工程材料/阀门,工程建材/其他/阀门,品牌: 埃美柯；规格: DN65；材质: 不锈钢；特征: 加厚,个,1,可建档,DN65埃美柯加厚不锈钢球阀,Sheet1:363,,REVIEW-MAT-00204,single_candidate;human_review_group,0.65,true
REVIEW-MAT-00205,加厚不锈钢球阀,工程材料/阀门,工程建材/其他/阀门,品牌: 埃美柯；规格: 40；材质: 不锈钢；特征: 加厚,个,1,可建档,40埃美柯加厚不锈钢球阀,Sheet1:365,,REVIEW-MAT-00205,single_candidate;human_review_group,0.65,true
REVIEW-MAT-00206,调和油漆,化工耗材/涂料,化工油漆胶粘/油漆涂料/涂料油漆,颜色: 白色；类型: 调和油漆,桶,1,可建档,白色调和油漆,Sheet1:367,容量缺失,REVIEW-MAT-00206,single_candidate;low_precision,0.70,true
REVIEW-MAT-00207,彩条布,工程材料/篷布油布,工程建材/其他/篷布油布,规格: 12*30米,平方,1,可建档,12*30米彩条布,Sheet1:369,,REVIEW-MAT-00207,single_candidate;human_review_group,0.65,true
REVIEW-MAT-00208,漏电保护器,电气材料/低压电器,电气与自动化/低压电器/低压电器,品牌: 德力西；电流: 400A；极数: 4P,个,1,可建档,400A4P德力西漏电保护器,Sheet1:370,,REVIEW-MAT-00208,single_candidate,1.00,false
REVIEW-MAT-00209,漏电保护器,电气材料/低压电器,电气与自动化/低压电器/低压电器,品牌: 德力西；电流: 250A；极数: 4P,个,1,可建档,250A4P德力西漏电保护器,Sheet1:371,,REVIEW-MAT-00209,single_candidate,1.00,false
REVIEW-MAT-00210,太阳能4G摄像头,电气材料/安防监控,电气与自动化/其他/安防监控,供电: 太阳能；通信: 4G；清晰度: 4K,个,1,可建档,太阳能4G4K摄像头,Sheet1:372,品牌/存储规格缺失,REVIEW-MAT-00210,single_candidate;low_precision;human_review_group,0.65,true
REVIEW-MAT-00211,不锈钢名牌,定制件/标识铭牌,设备备件与加工件/金属加工件/金属加工件,定制: 是；材质: 不锈钢；规格: 120*60,个,1,可建档-定制件,定做不锈钢名牌120*60,Sheet1:373,图文内容不作为物料规格,REVIEW-MAT-00211,single_candidate,1.00,false
REVIEW-MAT-00212,不锈钢名牌,定制件/标识铭牌,设备备件与加工件/金属加工件/金属加工件,定制: 是；材质: 不锈钢；规格: 100*80,个,1,可建档-定制件,定做不锈钢名牌100*80,Sheet1:374,图文内容不作为物料规格,REVIEW-MAT-00212,single_candidate,1.00,false
REVIEW-MAT-00213,不锈钢名牌,定制件/标识铭牌,设备备件与加工件/金属加工件/金属加工件,定制: 是；材质: 不锈钢；规格: 30*60,个,1,可建档-定制件,定做不锈钢名牌30*60,Sheet1:375,图文内容不作为物料规格,REVIEW-MAT-00213,single_candidate,1.00,false
REVIEW-MAT-00214,热水器隔电堵,工程材料/水暖五金,工程建材/水暖建材/水暖五金,用途: 热水器；功能: 隔电,个,1,可建档,热水器隔电堵,Sheet1:376,接口规格缺失,REVIEW-MAT-00214,single_candidate;low_precision,0.70,true
REVIEW-MAT-00215,热水器安全阀,工程材料/阀门,工程建材/其他/阀门,用途: 热水器；类型: 安全阀,个,1,可建档,热水器安全阀,Sheet1:377,接口规格缺失,REVIEW-MAT-00215,single_candidate;low_precision;human_review_group,0.65,true
REVIEW-MAT-00216,水龙头花洒套装,工程材料/水暖五金,工程建材/水暖建材/水暖五金,类型: 水龙头+花洒,个,1,可合并/单位待统一,水龙头花洒,Sheet1:380,与第102行同物料，单位套/个需统一,REVIEW-MAT-00216,single_candidate;source_status_contains_merge,1.00,false
REVIEW-MAT-00217,喷漆,化工耗材/涂料,化工油漆胶粘/油漆涂料/涂料油漆,品牌: 三和；颜色: 黄色,支,1,可建档,三和黄色喷漆,Sheet1:381,,REVIEW-MAT-00217,single_candidate,1.00,false
REVIEW-MAT-00218,喷漆,化工耗材/涂料,化工油漆胶粘/油漆涂料/涂料油漆,品牌: 三和；颜色: 天蓝色,支,1,可建档,三和天蓝色喷漆,Sheet1:382,,REVIEW-MAT-00218,single_candidate,1.00,false
REVIEW-MAT-00219,高粱扫把,清洁用品/清洁工具,行政办公与清洁/清洁用品/清洁工具耗材,材质: 高粱；规格: 小,个,1,可建档,高粱小扫把,Sheet1:383,,REVIEW-MAT-00219,single_candidate,1.00,false
REVIEW-MAT-00220,帆布手套,劳保耗材/手套,劳保用品/手部防护/手套,特征: 加厚、双层,双,1,可合并,加厚双层帆布手套,Sheet1:384,与第130行相近,REVIEW-MAT-00220,single_candidate;source_status_contains_merge,1.00,false
REVIEW-MAT-00221,螺丝,五金备件/紧固件,五金备件/其他/紧固件,规格: 8*30,套,1,可建档,8*30螺丝,Sheet1:393,材质/强度等级缺失,REVIEW-MAT-00221,single_candidate;low_precision;human_review_group,0.65,true
REVIEW-MAT-00222,螺丝,五金备件/紧固件,五金备件/其他/紧固件,规格: 16*30,套,1,可建档,16*30螺丝,Sheet1:394,材质/强度等级缺失,REVIEW-MAT-00222,single_candidate;low_precision;human_review_group,0.65,true
REVIEW-MAT-00223,螺丝,五金备件/紧固件,五金备件/其他/紧固件,规格: 12*60,套,1,可建档,12*60螺丝,Sheet1:395,材质/强度等级缺失,REVIEW-MAT-00223,single_candidate;low_precision;human_review_group,0.65,true
REVIEW-MAT-00224,不锈钢挂锁,五金备件/锁具,五金备件/门锁锁具/门锁锁具,材质: 不锈钢；规格: 40；品质: 好,个,1,可建档,40好不锈钢挂锁,Sheet1:396,“好”是否作为质量等级保留？,REVIEW-MAT-00224,single_candidate,1.00,false
REVIEW-MAT-00225,不锈钢通用挂锁,五金备件/锁具,五金备件/门锁锁具/门锁锁具,材质: 不锈钢；规格: 40；品质: 好；类型: 通用,个,1,可建档,40好不锈钢通用挂锁,Sheet1:397,与第395行是否同物料需确认,REVIEW-MAT-00225,single_candidate,1.00,false
REVIEW-MAT-00226,螺丝,五金备件/紧固件,五金备件/其他/紧固件,规格: 12*50,套,2,可合并 | 可建档,12*50螺丝,Sheet1:398；Sheet1:407,材质/强度等级缺失 | 与第397行同物料,REVIEW-MAT-00226,single_candidate;source_status_contains_merge;low_precision;human_review_group,0.65,true
REVIEW-MAT-00227,切割片,工具器具/磨切耗材,工具器具/其他/磨切耗材,规格: 100,块,1,可建档,100切割片,Sheet1:399,厚度/适用材质缺失,REVIEW-MAT-00227,single_candidate;low_precision;human_review_group,0.65,true
REVIEW-MAT-00228,磨光片,工具器具/磨切耗材,工具器具/其他/磨切耗材,规格: 100,块,1,可建档,100磨光片,Sheet1:400,粒度/适用材质缺失,REVIEW-MAT-00228,single_candidate;low_precision;human_review_group,0.65,true
REVIEW-MAT-00229,乳胶手套,劳保耗材/手套,劳保用品/手部防护/手套,材质: 乳胶；特征: 加厚,双,1,可建档,加厚乳胶手套,Sheet1:401,,REVIEW-MAT-00229,single_candidate,1.00,false
REVIEW-MAT-00230,牛筋手套,劳保耗材/手套,劳保用品/手部防护/手套,材质/类型: 牛筋；特征: 加厚,双,2,可合并 | 可建档,牛筋加厚手套,Sheet1:402；Sheet1:572,与第401行同物料,REVIEW-MAT-00230,single_candidate;source_status_contains_merge,1.00,false
REVIEW-MAT-00231,防护眼镜,劳保耗材/眼面防护,劳保用品/其他/眼面防护,颜色: 透明,付,1,可建档,透明防护眼镜,Sheet1:403,,REVIEW-MAT-00231,single_candidate;human_review_group,0.65,true
REVIEW-MAT-00232,美工刀,工具器具/手动工具,工具器具/其他/手动工具,类型: 美工刀,支,1,可合并,美工刀,Sheet1:404,与第185行同类，品牌缺失,REVIEW-MAT-00232,single_candidate;source_status_contains_merge;low_precision;human_review_group,0.65,true
REVIEW-MAT-00233,高压水枪过滤总成,设备备件/清洗设备配件,设备备件与加工件/设备专用备件/设备备件,适用设备: 高压水枪；类型: 过滤总成,套,1,可建档,高压水枪过滤总成,Sheet1:405,型号缺失,REVIEW-MAT-00233,single_candidate;low_precision,0.70,true
REVIEW-MAT-00234,高压水枪滤芯,设备备件/滤芯,设备备件与加工件/过滤密封/过滤件,适用设备: 高压水枪；类型: 滤芯,个,1,可建档,高压水枪滤芯,Sheet1:406,型号缺失,REVIEW-MAT-00234,single_candidate;low_precision,0.70,true
REVIEW-MAT-00235,垫片,定制件/金属加工件,设备备件与加工件/金属加工件/金属加工件,定制: 是；规格: 12*600*5,个,1,可建档-定制件,定做12*600*5垫片,Sheet1:408,材质/图纸缺失,REVIEW-MAT-00235,single_candidate;low_precision,0.70,true
REVIEW-MAT-00236,碘伏,劳保耗材/急救用品,劳保用品/其他/急救用品,容量: 500ml,瓶,1,可建档,碘伏500ml,Sheet1:415,,REVIEW-MAT-00236,single_candidate;human_review_group,0.65,true
REVIEW-MAT-00237,止血贴,劳保耗材/急救用品,劳保用品/其他/急救用品,类型: 创可贴/止血贴,张,1,可建档-低精度,止血贴,Sheet1:416,包装规格缺失,REVIEW-MAT-00237,single_candidate;low_precision;human_review_group,0.65,true
REVIEW-MAT-00238,医用绷带,劳保耗材/急救用品,劳保用品/其他/急救用品,类型: 绷带,卷,1,可建档-低精度,绷带,Sheet1:417,宽度/长度缺失,REVIEW-MAT-00238,single_candidate;low_precision;human_review_group,0.65,true
REVIEW-MAT-00239,插头,电气材料/插头插座,电气与自动化/插头插座/插头插座,品牌: 公牛；电流: 10A,个,2,可合并 | 可建档,10A公牛插头,Sheet1:419；Sheet1:672,二插/三插缺失 | 与第418行同类，二插/三插需确认,REVIEW-MAT-00239,single_candidate;source_status_contains_merge;low_precision,0.70,true
REVIEW-MAT-00240,纯棉白布,劳保耗材/擦拭材料,劳保用品/其他/擦拭材料,材质: 纯棉；颜色: 白色,kg,2,可合并 | 可建档,纯棉大白布；纯棉白布,Sheet1:420；Sheet1:576,幅宽/等级缺失 | 与第419行同物料，幅宽/等级缺失,REVIEW-MAT-00240,single_candidate;source_status_contains_merge;low_precision;human_review_group,0.65,true
REVIEW-MAT-00241,毛刷,工具器具/涂装工具,工具器具/涂装工具/刷辊喷涂,规格: 3寸,个,1,可建档,3寸 毛刷,Sheet1:421,材质/柄型缺失,REVIEW-MAT-00241,single_candidate;low_precision,0.70,true
REVIEW-MAT-00242,羊毛刷,工具器具/涂装工具；涂装工具/刷子,工具器具/涂装工具/刷辊喷涂,规格: 4寸；材质: 羊毛,个,2,可建档,4寸羊毛刷；羊毛刷4寸,Sheet1:2678；Sheet1:422,单位可用把，柄型/等级缺失,REVIEW-MAT-00242；REVIEW-MAT-01673,exact_name_group_unit_specs;low_precision,0.70,true
REVIEW-MAT-00243,一次性口罩,劳保耗材/呼吸防护,劳保用品/其他/呼吸防护,类型: 一次性,个,3,可合并 | 可建档-低精度,一次性口罩,Sheet1:1015；Sheet1:423；Sheet1:826,医用/工业/防护等级缺失 | 与第422行同物料，防护等级缺失 | 与第825行同物料，防护等级缺失,REVIEW-MAT-00243,single_candidate;source_status_contains_merge;low_precision;human_review_group,0.65,true
REVIEW-MAT-00244,旋转吊环,吊装索具/吊环,吊装索具/其他/吊环,载荷: 8吨；类型: 旋转,个,1,可建档,8吨旋转吊环,Sheet1:424,螺纹规格缺失,REVIEW-MAT-00244,single_candidate;low_precision;human_review_group,0.65,true
REVIEW-MAT-00245,防锈漆,化工耗材/涂料,化工油漆胶粘/油漆涂料/涂料油漆,颜色: 铁红；类型: 防锈漆,桶,1,可建档,铁红防锈漆,Sheet1:425,包装重量/品牌缺失,REVIEW-MAT-00245,single_candidate;low_precision,0.70,true
REVIEW-MAT-00246,不锈钢卡扣接头,气动/高压管路,液压气动/液压管路/高压胶管,规格: DN6*6；材质: 不锈钢,个,1,可建档,DN6*6不锈钢卡扣接头,Sheet1:429,压力等级缺失,REVIEW-MAT-00246,single_candidate;low_precision,0.70,true
REVIEW-MAT-00247,不锈钢卡扣接头,气动/高压管路,液压气动/液压管路/高压胶管,规格: DN6*10；材质: 不锈钢,个,1,可建档,DN6*10不锈钢卡扣接头,Sheet1:430,压力等级缺失,REVIEW-MAT-00247,single_candidate;low_precision,0.70,true
REVIEW-MAT-00248,松香水,化工耗材/稀释清洗,化工油漆胶粘/其他/稀释清洗,类型: 稀释剂/清洗剂,桶,6,可合并 | 可建档-低精度,松香水,Sheet1:1124；Sheet1:1154；Sheet1:431；Sheet1:476；Sheet1:535；Sheet1:971,包装容量/品牌缺失 | 与第430行同物料，包装容量缺失 | 与第430、475行同物料，包装容量缺失 | 与第534行同物料，包装缺失 | 与前文同物料，包装缺失 | 与第1123行同物料,REVIEW-MAT-00248,single_candidate;source_status_contains_merge;low_precision;human_review_group,0.65,true
REVIEW-MAT-00249,百叶砂轮片,工具器具/磨切耗材,工具器具/其他/磨切耗材,规格: 4寸,块,1,可建档,4寸百叶砂轮片,Sheet1:432,粒度/材质缺失,REVIEW-MAT-00249,single_candidate;low_precision;human_review_group,0.65,true
REVIEW-MAT-00250,割枪,焊接耗材/焊割工具,焊接焊割/其他/焊割工具,规格: 30号,支,1,可建档,30号割枪,Sheet1:433,气体类型/品牌缺失,REVIEW-MAT-00250,single_candidate;low_precision;human_review_group,0.65,true
REVIEW-MAT-00251,割嘴,焊接耗材/焊割配件,焊接焊割/其他/焊割配件,规格: 30号,个,1,可建档,30号割嘴,Sheet1:434,气体类型/孔径缺失,REVIEW-MAT-00251,single_candidate;low_precision;human_review_group,0.65,true
REVIEW-MAT-00252,三脚插头,电气材料/插头插座,电气与自动化/插头插座/插头插座,品牌: 公牛；电流: 10A；类型: 三插,个,1,可建档,10A公牛三插,Sheet1:436,,REVIEW-MAT-00252,single_candidate,1.00,false
REVIEW-MAT-00253,毛刷,工具器具/涂装工具,工具器具/涂装工具/刷辊喷涂,规格: 4寸,支,1,可合并,4寸毛刷,Sheet1:437,与第421行同类，单位需统一,REVIEW-MAT-00253,single_candidate;source_status_contains_merge,1.00,false
REVIEW-MAT-00254,不锈钢加长接头,气动/高压管路,液压气动/液压管路/高压胶管,规格: 8*6；材质: 不锈钢；特征: 加长,个,1,可建档,8*6不锈钢加长接头,Sheet1:438,连接形式/压力等级缺失,REVIEW-MAT-00254,single_candidate;low_precision,0.70,true
REVIEW-MAT-00255,不锈钢加长弯头,气动/高压管路,液压气动/液压管路/高压胶管,规格: 8*6；材质: 不锈钢；特征: 加长；类型: 弯头,个,1,可建档,8*6不锈钢加长弯头,Sheet1:439,连接形式/压力等级缺失,REVIEW-MAT-00255,single_candidate;low_precision,0.70,true
REVIEW-MAT-00256,链条扳手,工具器具/手动工具,工具器具/其他/手动工具,类型: 链条扳手,个,1,可建档-低精度,链条扳手,Sheet1:441,规格/夹持范围缺失,REVIEW-MAT-00256,single_candidate;low_precision;human_review_group,0.65,true
REVIEW-MAT-00257,碳棒,焊接耗材/气刨耗材,焊接焊割/其他/气刨耗材,直径: 6mm,支,1,可建档,碳棒6MM,Sheet1:442,包装规格缺失,REVIEW-MAT-00257,single_candidate;low_precision;human_review_group,0.65,true
REVIEW-MAT-00258,吨袋,包装材料/吨袋,包装与标识/袋箱膜包装/袋箱膜,规格: 大号,个,2,可合并 | 可建档-低精度,大吨袋,Sheet1:443；Sheet1:900,容量/尺寸/承重缺失 | 与第442行同类，承重/尺寸缺失,REVIEW-MAT-00258,single_candidate;source_status_contains_merge;low_precision,0.70,true
REVIEW-MAT-00259,铁丝,五金备件/金属丝材,五金备件/其他/金属丝材,规格: 12号,kg,3,可合并 | 可建档,12号铁丝；12铁丝,Sheet1:444；Sheet1:774；Sheet1:894,材质/镀锌与否缺失 | 与第622行同物料，材质/镀锌缺失 | 与第773行同物料,REVIEW-MAT-00259,single_candidate;source_status_contains_merge;low_precision;human_review_group,0.65,true
REVIEW-MAT-00260,铁丝,五金备件/金属丝材,五金备件/其他/金属丝材,规格: 14号,kg,2,可合并 | 可建档,14号铁丝；14铁丝,Sheet1:445；Sheet1:895,材质/镀锌与否缺失 | 与第623行同物料,REVIEW-MAT-00260,single_candidate;source_status_contains_merge;low_precision;human_review_group,0.65,true
REVIEW-MAT-00261,调和漆,化工耗材/涂料,化工油漆胶粘/油漆涂料/涂料油漆,颜色: 白色；类型: 调和漆,桶,6,可合并 | 可建档,白色调和油漆,Sheet1:1123；Sheet1:1153；Sheet1:447；Sheet1:471；Sheet1:577；Sheet1:621,包装重量/品牌缺失 | 与第446行同物料，包装需统一 | 与第446、470行同物料，包装需统一 | 与前文同物料，包装需统一 | 与前文同物料，包装缺失 | 与第1122行同物料,REVIEW-MAT-00261,single_candidate;source_status_contains_merge;low_precision,0.70,true
REVIEW-MAT-00262,不锈钢卡套接头,气动/高压管路,液压气动/液压管路/高压胶管,规格: 6*8；材质: 不锈钢,个,2,可合并 | 可建档,卡6*8不锈钢接头,Sheet1:448；Sheet1:461,“卡”是否为卡套需确认 | 与第447行同物料,REVIEW-MAT-00262,single_candidate;source_status_contains_merge,1.00,false
REVIEW-MAT-00263,不锈钢卡套接头,气动/高压管路,液压气动/液压管路/高压胶管,规格: 6*12；材质: 不锈钢,个,2,可合并 | 可建档,卡6*12不锈钢接头,Sheet1:449；Sheet1:452,“卡”是否为卡套需确认 | 与第448行同物料,REVIEW-MAT-00263,single_candidate;source_status_contains_merge,1.00,false
REVIEW-MAT-00264,不锈钢黄油嘴接头,润滑系统/黄油嘴配件,润滑系统/润滑设备配件/润滑泵管路,材质: 不锈钢；类型: 接头,个,1,可建档,不锈钢黄油嘴接头,Sheet1:450,螺纹规格缺失,REVIEW-MAT-00264,single_candidate;low_precision,0.70,true
REVIEW-MAT-00265,不锈钢黄油嘴弯头,润滑系统/黄油嘴配件,润滑系统/润滑设备配件/润滑泵管路,材质: 不锈钢；类型: 弯头,个,1,可建档,不锈钢黄油嘴弯头,Sheet1:451,螺纹规格/角度缺失,REVIEW-MAT-00265,single_candidate;low_precision,0.70,true
REVIEW-MAT-00266,高压加厚接头,定制件/液压接头,设备备件与加工件/金属加工件/金属加工件,定制: 是；规格: 52；特征: 加厚,个,1,可建档-定制件,定做52高压加厚接头,Sheet1:456,图纸/螺纹/压力等级缺失,REVIEW-MAT-00266,single_candidate;low_precision,0.70,true
REVIEW-MAT-00267,鱼尾螺丝,五金备件/紧固件,五金备件/其他/紧固件,规格: M10*60,套,1,可建档,M10*60鱼尾螺丝,Sheet1:462,材质/强度等级缺失,REVIEW-MAT-00267,single_candidate;low_precision;human_review_group,0.65,true
REVIEW-MAT-00268,鱼尾螺丝,五金备件/紧固件,五金备件/其他/紧固件,规格: M14*70,套,1,可建档,M14*70鱼尾螺丝,Sheet1:463,材质/强度等级缺失,REVIEW-MAT-00268,single_candidate;low_precision;human_review_group,0.65,true
REVIEW-MAT-00269,鱼尾螺丝,五金备件/紧固件,五金备件/其他/紧固件,规格: M16*90,套,1,可建档,M16*90鱼尾螺丝,Sheet1:464,材质/强度等级缺失,REVIEW-MAT-00269,single_candidate;low_precision;human_review_group,0.65,true
REVIEW-MAT-00270,角钢,原材料/型钢,金属原材料/其他/型钢,规格: 50*50*6；标准: 国标,米,3,可合并 | 可建档,50*50*6国标角铁,Sheet1:465；Sheet1:573；Sheet1:702,材质牌号缺失 | 与第464行同物料，材质牌号仍缺 | 与第572行同物料，材质牌号仍缺,REVIEW-MAT-00270,single_candidate;source_status_contains_merge;low_precision;human_review_group,0.65,true
REVIEW-MAT-00271,电焊钳,焊接耗材/焊割工具,焊接焊割/其他/焊割工具,电流: 500A,把,1,可建档,500A电焊钳,Sheet1:466,品牌缺失,REVIEW-MAT-00271,single_candidate;low_precision;human_review_group,0.65,true
REVIEW-MAT-00272,电焊钳,焊接耗材/焊割工具,焊接焊割/其他/焊割工具,电流: 800A,把,2,可合并 | 可建档,800A电焊钳,Sheet1:467；Sheet1:655,品牌缺失 | 与第466行同物料,REVIEW-MAT-00272,single_candidate;source_status_contains_merge;low_precision;human_review_group,0.65,true
REVIEW-MAT-00273,电焊线,电气材料/电线电缆,电气与自动化/电线电缆与敷设/电线电缆,品牌: 起帆；截面积: 35平方,米,1,可建档,35平方起帆电焊线,Sheet1:468,芯数/材质缺失,REVIEW-MAT-00273,single_candidate;low_precision,0.70,true
REVIEW-MAT-00274,电焊线,电气材料/电线电缆,电气与自动化/电线电缆与敷设/电线电缆,品牌: 起帆；截面积: 50平方,米,1,可建档,50平方起帆电焊线,Sheet1:469,芯数/材质缺失,REVIEW-MAT-00274,single_candidate;low_precision,0.70,true
REVIEW-MAT-00275,医用胶带,劳保耗材/急救用品,劳保用品/其他/急救用品,类型: 医用胶带,卷,1,可建档-低精度,医用胶带,Sheet1:470,宽度/长度缺失,REVIEW-MAT-00275,single_candidate;low_precision;human_review_group,0.65,true
REVIEW-MAT-00276,锂电角磨机,工具器具/电动工具,工具器具/电动工具/电钻角磨机,品牌: 大艺；供电: 锂电池,台,1,可建档,大艺锂电池角磨机,Sheet1:472,电压/电池容量/规格缺失,REVIEW-MAT-00276,single_candidate;low_precision,0.70,true
REVIEW-MAT-00277,砂纸,工具器具/磨切耗材,工具器具/其他/磨切耗材,粒度: 600,张,1,可建档,600砂纸,Sheet1:474,尺寸缺失,REVIEW-MAT-00277,single_candidate;low_precision;human_review_group,0.65,true
REVIEW-MAT-00278,砂纸,工具器具/磨切耗材,工具器具/其他/磨切耗材,粒度: 80,张,1,可建档,80砂纸,Sheet1:475,尺寸缺失,REVIEW-MAT-00278,single_candidate;low_precision;human_review_group,0.65,true
REVIEW-MAT-00279,钢丝绳,吊装索具/钢丝绳,吊装索具/吊带索具/钢丝绳链条,直径: 6mm,米,1,可建档,6MM钢丝绳,Sheet1:477,结构/强度等级缺失,REVIEW-MAT-00279,single_candidate;low_precision;human_review_group,0.65,true
REVIEW-MAT-00280,钢丝绳卡扣,吊装索具/钢丝绳配件,吊装索具/吊带索具/钢丝绳链条,适配直径: 6mm,个,1,可建档,6MM钢丝绳扣子,Sheet1:478,材质/形式缺失,REVIEW-MAT-00280,single_candidate;low_precision;human_review_group,0.65,true
REVIEW-MAT-00281,卡箍丝牙接头,定制件/管路接头,设备备件与加工件/金属加工件/金属加工件,加工: 是；规格: 60；连接: 一头卡箍一头丝牙；特征: 加厚,个,1,可建档-定制件,加工加厚60一头卡箍一头丝牙,Sheet1:479,图纸/材质/压力等级缺失,REVIEW-MAT-00281,single_candidate;low_precision,0.70,true
REVIEW-MAT-00282,双头抱箍接头,定制件/管路接头,设备备件与加工件/金属加工件/金属加工件,加工: 是；规格: 60；连接: 两头抱箍；特征: 加厚,个,1,可建档-定制件,加工加厚60两头抱箍,Sheet1:480,图纸/材质/压力等级缺失,REVIEW-MAT-00282,single_candidate;low_precision,0.70,true
REVIEW-MAT-00283,三通抱箍,定制件/管路接头,设备备件与加工件/金属加工件/金属加工件,加工: 是；长度: 1.15米；特征: 加厚；类型: 三通抱箍,根,1,可建档-定制件,加工加厚1.15米三通抱箍,Sheet1:481,图纸/口径/材质缺失,REVIEW-MAT-00283,single_candidate;low_precision,0.70,true
REVIEW-MAT-00284,不锈钢条,原材料/不锈钢材料,金属原材料/钢材型材/钢材型材,规格: 65*20*1,条,1,可建档,65*20*1不锈钢条,Sheet1:484,材质牌号/长度缺失,REVIEW-MAT-00284,single_candidate;low_precision,0.70,true
REVIEW-MAT-00285,骑马螺丝,五金备件/紧固件,五金备件/其他/紧固件,规格: 14*75,套,1,可建档,14*75骑马螺丝,Sheet1:487,材质/强度等级缺失,REVIEW-MAT-00285,single_candidate;low_precision;human_review_group,0.65,true
REVIEW-MAT-00286,不锈钢卡套三通,气动/高压管路,液压气动/液压管路/高压胶管,规格: 6*12；材质: 不锈钢；类型: 三通,个,1,可建档,卡6*12不锈钢三通,Sheet1:488,连接形式/压力等级缺失,REVIEW-MAT-00286,single_candidate;low_precision,0.70,true
REVIEW-MAT-00287,重油污清洗剂,化工耗材/清洗剂,化工油漆胶粘/油品化学品/清洗化学品,用途: 重油污清洗,kg,1,可建档,重油污清洗剂,Sheet1:490,品牌/浓度/包装缺失,REVIEW-MAT-00287,single_candidate;low_precision,0.70,true
REVIEW-MAT-00288,自封袋,包装材料/自封袋,包装与标识/袋箱膜包装/袋箱膜,规格: 10#,个,1,可建档,10#自封袋,Sheet1:492,,REVIEW-MAT-00288,single_candidate,1.00,false
REVIEW-MAT-00289,毛刷,工具器具/涂装工具,工具器具/涂装工具/刷辊喷涂,规格: 2寸,个,1,可建档,2寸毛刷,Sheet1:493,材质缺失,REVIEW-MAT-00289,single_candidate;low_precision,0.70,true
REVIEW-MAT-00290,电缆防水接头,电气材料/电缆附件,电气与自动化/电线电缆与敷设/电线电缆,规格: M50,个,1,可建档,M50电缆防水接头,Sheet1:494,材质/IP等级缺失,REVIEW-MAT-00290,single_candidate;low_precision,0.70,true
REVIEW-MAT-00291,电缆防水接头,电气材料/电缆附件,电气与自动化/电线电缆与敷设/电线电缆,规格: M40,个,1,可建档,M40电缆防水接头,Sheet1:495,材质/IP等级缺失,REVIEW-MAT-00291,single_candidate;low_precision,0.70,true
REVIEW-MAT-00292,电缆防水接头,电气材料/电缆附件,电气与自动化/电线电缆与敷设/电线电缆,规格: M32,个,1,可建档,M32电缆防水接头,Sheet1:496,材质/IP等级缺失,REVIEW-MAT-00292,single_candidate;low_precision,0.70,true
REVIEW-MAT-00293,自喷漆,化工耗材/涂料,化工油漆胶粘/油漆涂料/涂料油漆,品牌: 三和；颜色: 灰色；类型: 自喷漆,瓶,1,可建档,灰色三和喷漆,Sheet1:497,容量缺失,REVIEW-MAT-00293,single_candidate;low_precision,0.70,true
REVIEW-MAT-00294,自喷漆,化工耗材/涂料,化工油漆胶粘/油漆涂料/涂料油漆,品牌: 三和；颜色: 黑色；类型: 自喷漆,瓶,1,可建档,黑色三和喷漆,Sheet1:499,容量缺失,REVIEW-MAT-00294,single_candidate;low_precision,0.70,true
REVIEW-MAT-00295,脱漆剂,化工耗材/清洗剂,化工油漆胶粘/油品化学品/清洗化学品,类型: 高效脱漆剂,瓶,1,可建档-低精度,高效脱漆剂,Sheet1:500,品牌/容量/成分缺失,REVIEW-MAT-00295,single_candidate;low_precision,0.70,true
REVIEW-MAT-00296,门锁,五金备件/锁具,五金备件/门锁锁具/门锁锁具,用途: 大门,把,1,可建档-低精度,大门锁,Sheet1:501,规格/锁体类型缺失,REVIEW-MAT-00296,single_candidate;low_precision,0.70,true
REVIEW-MAT-00297,电力清洗剂,化工耗材/清洗剂,化工油漆胶粘/油品化学品/清洗化学品,用途: 电力设备清洗,kg,1,可建档,电力清洗剂,Sheet1:503,品牌/绝缘等级/包装缺失,REVIEW-MAT-00297,single_candidate;low_precision,0.70,true
REVIEW-MAT-00298,多点黄油泵,润滑系统/油脂泵,润滑系统/润滑设备配件/润滑泵管路,容量: 8升；出口数: 4出口,台,1,可建档,8升4出口多点黄油泵,Sheet1:504,电压/驱动方式/品牌缺失,REVIEW-MAT-00298,single_candidate;low_precision,0.70,true
REVIEW-MAT-00299,AB胶,化工耗材/胶粘剂,化工油漆胶粘/胶粘密封/胶粘剂,品牌/型号: 卡夹特；类型: AB胶,套,1,可建档,卡夹特AB胶,Sheet1:512,包装容量/配比缺失,REVIEW-MAT-00299,single_candidate;low_precision,0.70,true
REVIEW-MAT-00300,气泡膜,包装材料/缓冲包装,包装与标识/其他/缓冲包装,特征: 加厚,米,2,可合并 | 可建档,加厚气泡膜,Sheet1:513；Sheet1:531,宽度/厚度缺失 | 与第512行同物料，宽度/厚度仍缺,REVIEW-MAT-00300,single_candidate;source_status_contains_merge;low_precision;human_review_group,0.65,true
REVIEW-MAT-00301,不锈钢数字牌,定制件/标识铭牌,设备备件与加工件/金属加工件/金属加工件,定制: 是；材质: 不锈钢；尺寸: 20cm,个,1,可建档-定制件,定做不锈钢数字牌20cm,Sheet1:514,字号内容/厚度缺失,REVIEW-MAT-00301,single_candidate;low_precision,0.70,true
REVIEW-MAT-00302,高压弯头,定制件/液压接头,设备备件与加工件/金属加工件/金属加工件,定制: 是；规格: 6x1.5；类型: 弯头,个,1,可建档-定制件,定做 6x1.5高压弯头,Sheet1:523,螺纹/角度/压力等级缺失,REVIEW-MAT-00302,single_candidate;low_precision,0.70,true
REVIEW-MAT-00303,高压弯头,定制件/液压接头,设备备件与加工件/金属加工件/金属加工件,定制: 是；规格: 10x1.5；类型: 弯头,个,1,可建档-定制件,定做 10x1.5高压弯头,Sheet1:524,螺纹/角度/压力等级缺失,REVIEW-MAT-00303,single_candidate;low_precision,0.70,true
REVIEW-MAT-00304,高压弯头,定制件/液压接头,设备备件与加工件/金属加工件/金属加工件,定制: 是；规格: 13x1.5；类型: 弯头,个,1,可建档-定制件,定做 13x1.5高压弯头,Sheet1:525,螺纹/角度/压力等级缺失,REVIEW-MAT-00304,single_candidate;low_precision,0.70,true
REVIEW-MAT-00305,高压弯头,定制件/液压接头,设备备件与加工件/金属加工件/金属加工件,定制: 是；规格: 16x1.5；类型: 弯头,个,1,可建档-定制件,定做 16x1.5高压弯头,Sheet1:526,螺纹/角度/压力等级缺失,REVIEW-MAT-00305,single_candidate;low_precision,0.70,true
REVIEW-MAT-00306,高压弯头,定制件/液压接头,设备备件与加工件/金属加工件/金属加工件,定制: 是；规格: 19x1.5；类型: 弯头,个,1,可建档-定制件,定做 19x1.5高压弯头,Sheet1:527,螺纹/角度/压力等级缺失,REVIEW-MAT-00306,single_candidate;low_precision,0.70,true
REVIEW-MAT-00307,高压弯头,定制件/液压接头,设备备件与加工件/金属加工件/金属加工件,定制: 是；规格: 25x1.5；类型: 弯头,个,1,可建档-定制件,定做 25x1.5高压弯头,Sheet1:528,螺纹/角度/压力等级缺失,REVIEW-MAT-00307,single_candidate;low_precision,0.70,true
REVIEW-MAT-00308,高压弯头,定制件/液压接头,设备备件与加工件/金属加工件/金属加工件,定制: 是；规格: 32x1.5；类型: 弯头,个,1,可建档-定制件,定做 32x1.5高压弯头,Sheet1:529,螺纹/角度/压力等级缺失,REVIEW-MAT-00308,single_candidate;low_precision,0.70,true
REVIEW-MAT-00309,高压弯头,定制件/液压接头,设备备件与加工件/金属加工件/金属加工件,定制: 是；规格: 38x1.5；类型: 弯头,个,1,可建档-定制件,定做 38x1.5高压弯头,Sheet1:530,螺纹/角度/压力等级缺失,REVIEW-MAT-00309,single_candidate;low_precision,0.70,true
REVIEW-MAT-00310,保鲜膜,包装材料/薄膜,包装与标识/袋箱膜包装/袋箱膜,规格: 大卷,个,1,可建档-低精度,保鲜膜大卷,Sheet1:532,宽度/长度/厚度缺失,REVIEW-MAT-00310,single_candidate;low_precision,0.70,true
REVIEW-MAT-00311,调和漆,化工耗材/涂料,化工油漆胶粘/油漆涂料/涂料油漆,颜色: 黄色；类型: 调和漆,桶,4,可合并 | 可建档,黄色调和漆,Sheet1:533；Sheet1:903；Sheet1:923；Sheet1:980,包装重量/品牌缺失 | 与第532行同物料，包装缺失 | 与第902行同物料，包装缺失 | 与第922行同物料,REVIEW-MAT-00311,single_candidate;source_status_contains_merge;low_precision,0.70,true
REVIEW-MAT-00312,调和漆,化工耗材/涂料,化工油漆胶粘/油漆涂料/涂料油漆,颜色: 铁红；类型: 调和漆,桶,1,可建档,铁红调和漆,Sheet1:534,包装重量/品牌缺失,REVIEW-MAT-00312,single_candidate;low_precision,0.70,true
REVIEW-MAT-00313,高压卡箍双丝牙接头,定制件/管路接头,设备备件与加工件/金属加工件/金属加工件,定制: 是；规格: 52；特征: 高压加厚；连接: 卡箍+双丝牙,个,1,可建档-定制件,定做高压加厚52米卡箍双丝牙,Sheet1:536,“52米”应为52mm？图纸/材质缺失,REVIEW-MAT-00313,single_candidate;low_precision,0.70,true
REVIEW-MAT-00314,玻璃胶,化工耗材/胶粘剂,化工油漆胶粘/胶粘密封/胶粘剂,颜色: 白色,支,1,可建档,白色玻璃胶,Sheet1:537,容量/品牌/酸性或中性缺失,REVIEW-MAT-00314,single_candidate;low_precision,0.70,true
REVIEW-MAT-00315,588密封胶,化工耗材/胶粘剂,化工油漆胶粘/胶粘密封/胶粘剂,型号: 588,支,1,可建档-低精度,588胶,Sheet1:538,品牌/颜色/容量缺失,REVIEW-MAT-00315,single_candidate;low_precision,0.70,true
REVIEW-MAT-00316,记号笔,办公/标识耗材,行政办公与清洁/其他/标识耗材,颜色: 白色,支,1,可合并,白色记号笔,Sheet1:539,与前文多次同物料，品牌需统一,REVIEW-MAT-00316,single_candidate;source_status_contains_merge;human_review_group,0.65,true
REVIEW-MAT-00317,轴承钢钢套,定制件/金属加工件,设备备件与加工件/金属加工件/金属加工件,定制: 是；材质: 轴承钢；特征: 加厚,套,1,可建档-定制件,定做加厚轴承钢钢套,Sheet1:541,图纸/尺寸/热处理要求缺失,REVIEW-MAT-00317,single_candidate;low_precision,0.70,true
REVIEW-MAT-00318,方钢,原材料/型钢,金属原材料/其他/型钢,规格: 40*80；特征: 加厚,米,1,可建档,40*80加厚方钢,Sheet1:546,壁厚/材质缺失,REVIEW-MAT-00318,single_candidate;low_precision;human_review_group,0.65,true
REVIEW-MAT-00319,四方接头,定制件/管路接头,设备备件与加工件/金属加工件/金属加工件,加工: 是；类型: 内外四方接头,个,1,可建档-定制件,加工内外四方接头,Sheet1:547,图纸/规格/材质缺失,REVIEW-MAT-00319,single_candidate;low_precision,0.70,true
REVIEW-MAT-00320,不锈钢标志牌,定制件/标识铭牌,设备备件与加工件/金属加工件/金属加工件,定制: 是；材质: 不锈钢,块,1,可建档-定制件,定做不锈钢标志牌,Sheet1:549,尺寸/内容/厚度缺失,REVIEW-MAT-00320,single_candidate;low_precision,0.70,true
REVIEW-MAT-00321,不锈钢铭牌,定制件/标识铭牌,设备备件与加工件/金属加工件/金属加工件,定制: 是；尺寸: 250*180；材质: 不锈钢,块,1,可建档-定制件,定做250*180不锈钢铭牌,Sheet1:551,厚度/内容/表面工艺缺失,REVIEW-MAT-00321,single_candidate;low_precision,0.70,true
REVIEW-MAT-00322,五点式安全带,劳保耗材/坠落防护,劳保用品/其他/坠落防护,类型: 五点式；款式: 欧式,套,1,可建档,五点式欧式安全带,Sheet1:552,执行标准/承载等级缺失,REVIEW-MAT-00322,single_candidate;low_precision;human_review_group,0.65,true
REVIEW-MAT-00323,内六角螺丝,五金备件/紧固件,五金备件/其他/紧固件,规格: 10*40；类型: 内六角,套,1,可建档,10*40内六角,Sheet1:555,材质/强度等级缺失,REVIEW-MAT-00323,single_candidate;low_precision;human_review_group,0.65,true
REVIEW-MAT-00324,内六角螺丝,五金备件/紧固件,五金备件/其他/紧固件,规格: 16*50；类型: 内六角,套,1,可建档,16*50内六角,Sheet1:558,材质/强度等级缺失,REVIEW-MAT-00324,single_candidate;low_precision;human_review_group,0.65,true
REVIEW-MAT-00325,刮泥板,定制件/设备备件,设备备件与加工件/金属加工件/金属加工件,定制: 是；类型: 刮泥板,块,1,可建档-定制件,定做刮泥板,Sheet1:559,图纸/材质/适用设备缺失,REVIEW-MAT-00325,single_candidate;low_precision,0.70,true
REVIEW-MAT-00326,挂壁风扇,设备/通用电器,设备备件与加工件/其他/通用电器,控制: 遥控；安装: 挂壁,台,1,可建档,遥控挂壁风扇,Sheet1:560,功率/尺寸/品牌缺失,REVIEW-MAT-00326,single_candidate;low_precision;human_review_group,0.65,true
REVIEW-MAT-00327,五孔插座,电气材料/插头插座,电气与自动化/插头插座/插头插座,类型: 五孔插座,套,1,可建档-低精度,五孔插座,Sheet1:561,明装/暗装/电流/品牌缺失,REVIEW-MAT-00327,single_candidate;low_precision,0.70,true
REVIEW-MAT-00328,插座底盒,电气材料/插头插座,电气与自动化/插头插座/插头插座,类型: 插座底盒,个,1,可建档-低精度,插座底合,Sheet1:562,“底合”应为底盒；规格缺失,REVIEW-MAT-00328,single_candidate;low_precision,0.70,true
REVIEW-MAT-00329,电线,电气材料/电线电缆,电气与自动化/电线电缆与敷设/电线电缆,品牌: 起帆；截面积: 4平方,米,1,可建档,4平方起帆平方电线,Sheet1:563,线型/颜色/芯数缺失,REVIEW-MAT-00329,single_candidate;low_precision,0.70,true
REVIEW-MAT-00330,高压水枪,工具器具/清洗工具,工具器具/其他/清洗工具,材质: 金属；类型: 高压水枪,支,1,可建档,金属高压水枪,Sheet1:565,压力/接口规格缺失,REVIEW-MAT-00330,single_candidate;low_precision;human_review_group,0.65,true
REVIEW-MAT-00331,切割片,工具器具/磨切耗材,工具器具/其他/磨切耗材,品牌: 金立克,片,1,可建档-低精度,金立克切割片,Sheet1:566,规格/材质/厚度缺失,REVIEW-MAT-00331,single_candidate;low_precision;human_review_group,0.65,true
REVIEW-MAT-00332,无缝管,原材料/钢管,金属原材料/其他/钢管,规格: 325；壁厚: 14,米,1,可建档,325无缝管&14,Sheet1:567,材质/标准缺失；原文符号需规范,REVIEW-MAT-00332,single_candidate;low_precision;human_review_group,0.65,true
REVIEW-MAT-00333,焊接弯头,工程材料/管件,工程建材/其他/管件,规格: 325*8；特征: 加厚；连接: 焊接,个,1,可建档,加厚325*8焊接弯头,Sheet1:568,材质/角度/压力等级缺失,REVIEW-MAT-00333,single_candidate;low_precision;human_review_group,0.65,true
REVIEW-MAT-00334,抱箍钢卡,工程材料/管道紧固,工程建材/其他/管道紧固,规格: 325；特征: 加厚；材质: 钢,个,1,可建档,加厚325抱箍钢卡,Sheet1:569,表面处理/标准缺失,REVIEW-MAT-00334,single_candidate;low_precision;human_review_group,0.65,true
REVIEW-MAT-00335,卡槽钢圈接头,定制件/管路接头,设备备件与加工件/金属加工件/金属加工件,定制: 是；规格: 325；类型: 卡槽钢圈接头,个,1,可建档-定制件,定做325卡槽钢圈接头,Sheet1:570,图纸/材质/压力等级缺失,REVIEW-MAT-00335,single_candidate;low_precision,0.70,true
REVIEW-MAT-00336,花纹钢板,原材料/钢板,金属原材料/钢材型材/钢材型材,厚度: 3mm；类型: 花纹钢板,平方,1,可建档,3MM花纹钢板,Sheet1:574,材质/长宽/单位换算缺失,REVIEW-MAT-00336,single_candidate;low_precision,0.70,true
REVIEW-MAT-00337,槽钢,原材料/型钢,金属原材料/其他/型钢,规格: 100#；标准: 国标,米,1,可建档,100#国标槽钢,Sheet1:575,材质牌号缺失,REVIEW-MAT-00337,single_candidate;low_precision;human_review_group,0.65,true
REVIEW-MAT-00338,螺丝,五金备件/紧固件,五金备件/其他/紧固件,规格: M20*120,个,1,可建档,M20*120螺丝,Sheet1:578,材质/强度等级缺失,REVIEW-MAT-00338,single_candidate;low_precision;human_review_group,0.65,true
REVIEW-MAT-00339,钢板加工件,定制件/金属加工件,设备备件与加工件/金属加工件/金属加工件,加工: 是；尺寸: 300*270*16,块,1,可建档-定制件,加工300*270*16钢板,Sheet1:579,材质/图纸/孔位缺失,REVIEW-MAT-00339,single_candidate;low_precision,0.70,true
REVIEW-MAT-00340,夹板加工件,定制件/金属加工件,设备备件与加工件/金属加工件/金属加工件,加工: 是；尺寸: 94*33*3,块,1,可建档-定制件,加工94*33*3夹板,Sheet1:580,材质/图纸缺失,REVIEW-MAT-00340,single_candidate;low_precision,0.70,true
REVIEW-MAT-00341,热缩管,电气材料/电缆附件,电气与自动化/电线电缆与敷设/电线电缆,规格: 30,米,1,可建档,30热缩管,Sheet1:581,直径单位/收缩倍率/颜色缺失,REVIEW-MAT-00341,single_candidate;low_precision,0.70,true
REVIEW-MAT-00342,五孔插座面板,电气材料/插头插座,电气与自动化/插头插座/插头插座,类型: 五孔面板,个,1,可建档-低精度,五孔面板,Sheet1:582,品牌/明暗装/电流缺失,REVIEW-MAT-00342,single_candidate;low_precision,0.70,true
REVIEW-MAT-00343,铜导电嘴,焊接耗材/焊机配件,焊接焊割/焊割设备工具/焊机割炬,材质: 铜；规格: 45*12,个,1,可建档,铜导电嘴45*12,Sheet1:583,适配焊枪/孔径缺失,REVIEW-MAT-00343,single_candidate;low_precision,0.70,true
REVIEW-MAT-00344,挂胶手套,劳保耗材/手套,劳保用品/手部防护/手套,特征: 厚；类型: 挂胶,双,1,可建档,厚挂胶手套,Sheet1:584,材质/尺码缺失,REVIEW-MAT-00344,single_candidate;low_precision,0.70,true
REVIEW-MAT-00345,亚克力板,原材料/塑料板材,金属原材料/其他/塑料板材,尺寸: 81*81*5,块,1,可建档,81×81×5亚克力板,Sheet1:593,单位尺寸是否mm需确认,REVIEW-MAT-00345,single_candidate;human_review_group,0.65,true
REVIEW-MAT-00346,焊条,焊接耗材/焊材,焊接焊割/其他/焊材,直径: 3.2,个,3,可合并,3.2焊条；3.2电焊条,Sheet1:594；Sheet1:634；Sheet1:959,与前文3.2焊条同类，材质/牌号缺失 | 与前文同类，牌号/包装缺失 | 与第593行同类，牌号缺失,REVIEW-MAT-00346,single_candidate;source_status_contains_merge;low_precision;human_review_group,0.65,true
REVIEW-MAT-00347,电焊眼镜,劳保耗材/眼面防护,劳保用品/其他/眼面防护,用途: 电焊防护,副,2,可合并 | 可建档,电焊眼镜,Sheet1:1334；Sheet1:595,防护等级/镜片色号缺失 | 与第1222行同物料，防护等级缺失,REVIEW-MAT-00347,single_candidate;source_status_contains_merge;low_precision;human_review_group,0.65,true
REVIEW-MAT-00348,平光防护眼镜,劳保耗材/眼面防护,劳保用品/其他/眼面防护,类型: 平镜/平光,副,1,可建档-低精度,平镜眼镜,Sheet1:598,防护标准缺失,REVIEW-MAT-00348,single_candidate;low_precision;human_review_group,0.65,true
REVIEW-MAT-00349,转向轮,五金备件/脚轮,五金备件/其他/脚轮,规格: 3寸；特征: 带刹车,个,1,可建档,3寸转向轮带刹车,Sheet1:599,承重/材质缺失,REVIEW-MAT-00349,single_candidate;low_precision;human_review_group,0.65,true
REVIEW-MAT-00350,高粱扫把,劳保耗材/清洁工具,劳保用品/其他/清洁工具,材质: 高粱,支,1,可建档,高粱扫把,Sheet1:601,,REVIEW-MAT-00350,single_candidate;human_review_group,0.65,true
REVIEW-MAT-00351,玻璃纸,包装材料/薄膜纸品,包装与标识/袋箱膜包装/袋箱膜,类型: 玻璃纸,米,1,可建档-低精度,玻璃纸,Sheet1:602,宽度/厚度缺失,REVIEW-MAT-00351,single_candidate;low_precision,0.70,true
REVIEW-MAT-00352,双面胶,化工耗材/胶粘带,化工油漆胶粘/胶粘密封/胶粘剂,类型: 双面胶,卷,1,可建档-低精度,双面胶,Sheet1:604,宽度/长度/基材缺失,REVIEW-MAT-00352,single_candidate;low_precision,0.70,true
REVIEW-MAT-00353,吊钩保险卡,吊装索具/吊钩配件,吊装索具/吊装连接件/卸扣吊钩,载荷: 16吨；特征: 加厚,个,2,可合并 | 可建档,16吨吊钩厚保险卡,Sheet1:605；Sheet1:679,适配吊钩型号/标准缺失 | 与第604行同物料，适配型号仍缺,REVIEW-MAT-00353,single_candidate;source_status_contains_merge;low_precision;human_review_group,0.65,true
REVIEW-MAT-00354,变压器,电气材料/电源电器,电气与自动化/电源电池/电源电池,输出: 24V 5A,个,1,可建档,24V5A变压器,Sheet1:608,输入电压/功率/安装方式缺失,REVIEW-MAT-00354,single_candidate;low_precision,0.70,true
REVIEW-MAT-00355,棉签,劳保耗材/清洁用品,劳保用品/其他/清洁用品,类型: 棉签,包,2,可合并 | 可建档-低精度,棉签,Sheet1:1192；Sheet1:609,包装数量/用途缺失 | 与第608行同物料，包装数量缺失,REVIEW-MAT-00355,single_candidate;source_status_contains_merge;low_precision;human_review_group,0.65,true
REVIEW-MAT-00356,布手套,劳保耗材/手套,劳保用品/手部防护/手套,特征: 加厚、双层,双,1,可建档,加厚双层布手套,Sheet1:622,尺码/材质缺失,REVIEW-MAT-00356,single_candidate;low_precision,0.70,true
REVIEW-MAT-00357,铁丝,五金备件/金属丝材,五金备件/其他/金属丝材,规格: 12#,kg,1,可合并,12#铁丝,Sheet1:623,与第443行同物料，材质/镀锌缺失,REVIEW-MAT-00357,single_candidate;source_status_contains_merge;low_precision;human_review_group,0.65,true
REVIEW-MAT-00358,铁丝,五金备件/金属丝材,五金备件/其他/金属丝材,规格: 14#,kg,1,可合并,14#铁丝,Sheet1:624,与第444行同物料，材质/镀锌缺失,REVIEW-MAT-00358,single_candidate;source_status_contains_merge;low_precision;human_review_group,0.65,true
REVIEW-MAT-00359,焊接弯头,工程材料/管件,工程建材/其他/管件,规格: 159*8；特征: 加厚；连接: 焊接,个,1,可建档,159*8加厚弯头焊接,Sheet1:625,材质/角度/压力等级缺失,REVIEW-MAT-00359,single_candidate;low_precision;human_review_group,0.65,true
REVIEW-MAT-00360,台式砂轮机,工具器具/电动工具,工具器具/电动工具/电钻角磨机,功率: 1.1kW；类型: 台式砂轮机,台,1,可建档,1.1千W台式沙轮机,Sheet1:626,“沙轮机”应规范为砂轮机；砂轮规格缺失,REVIEW-MAT-00360,single_candidate;low_precision,0.70,true
REVIEW-MAT-00361,钨钢钻头,工具器具/工具配件,工具器具/工具配件/工具配件,材质: 钨钢；直径: 8mm,支,1,可建档,钨钢钻头8厘,Sheet1:627,柄型/长度缺失,REVIEW-MAT-00361,single_candidate;low_precision,0.70,true
REVIEW-MAT-00362,钨钢钻头,工具器具/工具配件,工具器具/工具配件/工具配件,材质: 钨钢；直径: 10mm,支,1,可建档,钨钢钻头10厘,Sheet1:628,柄型/长度缺失,REVIEW-MAT-00362,single_candidate;low_precision,0.70,true
REVIEW-MAT-00363,钨钢钻头,工具器具/工具配件,工具器具/工具配件/工具配件,材质: 钨钢；直径: 12mm,支,1,可建档,钨钢钻头12厘,Sheet1:629,柄型/长度缺失,REVIEW-MAT-00363,single_candidate;low_precision,0.70,true
REVIEW-MAT-00364,钨钢钻头,工具器具/工具配件,工具器具/工具配件/工具配件,材质: 钨钢；直径: 16mm,支,1,可建档,钨钢钻头16厘,Sheet1:630,柄型/长度缺失,REVIEW-MAT-00364,single_candidate;low_precision,0.70,true
REVIEW-MAT-00365,防盗门锁,五金备件/锁具,五金备件/门锁锁具/门锁锁具,材质: 不锈钢；用途: 防盗门,个,1,可建档,防盗门锁不锈钢,Sheet1:633,锁体规格/开向缺失,REVIEW-MAT-00365,single_candidate;low_precision,0.70,true
REVIEW-MAT-00366,导轨五孔插座,电气材料/插头插座,电气与自动化/插头插座/插头插座,安装: 导轨；类型: 五孔插座,个,1,可建档,导轨5孔插座,Sheet1:635,电流/品牌缺失,REVIEW-MAT-00366,single_candidate;low_precision,0.70,true
REVIEW-MAT-00367,螺母,五金备件/紧固件,五金备件/其他/紧固件,规格: M4,个,1,可建档,M4螺母,Sheet1:636,材质/强度等级缺失,REVIEW-MAT-00367,single_candidate;low_precision;human_review_group,0.65,true
REVIEW-MAT-00368,螺母,五金备件/紧固件,五金备件/其他/紧固件,规格: M5,个,1,可建档,M5螺母,Sheet1:637,材质/强度等级缺失,REVIEW-MAT-00368,single_candidate;low_precision;human_review_group,0.65,true
REVIEW-MAT-00369,槽钢,原材料/型钢,金属原材料/其他/型钢,规格: 80,米,1,可建档,80槽钢,Sheet1:639,标准/材质牌号缺失,REVIEW-MAT-00369,single_candidate;low_precision;human_review_group,0.65,true
REVIEW-MAT-00370,PVC弯头,工程材料/PVC管件,工程建材/其他/PVC管件,品牌: 公元；规格: 75；材质: PVC,个,1,可建档,公元75pvc弯头,Sheet1:643,角度/压力等级缺失,REVIEW-MAT-00370,single_candidate;low_precision;human_review_group,0.65,true
REVIEW-MAT-00371,PVC直通,工程材料/PVC管件,工程建材/其他/PVC管件,品牌: 公元；规格: 75；材质: PVC,个,1,可建档,公元75pvc直通,Sheet1:644,压力等级缺失,REVIEW-MAT-00371,single_candidate;low_precision;human_review_group,0.65,true
REVIEW-MAT-00372,草帽,劳保耗材/防晒用品,劳保用品/其他/防晒用品,类型: 草帽,个,1,可建档-低精度,草帽,Sheet1:645,尺寸/款式缺失,REVIEW-MAT-00372,single_candidate;low_precision;human_review_group,0.65,true
REVIEW-MAT-00373,尼龙绳,吊装索具/绳索,吊装索具/吊带索具/钢丝绳链条,直径: 14mm；材质: 尼龙,米,1,可建档,∅14尼龙绳,Sheet1:650,承载/编织结构缺失,REVIEW-MAT-00373,single_candidate;low_precision,0.70,true
REVIEW-MAT-00374,高强度螺丝,五金备件/紧固件,五金备件/其他/紧固件,强度等级: 12.9级；规格: 10*150,套,1,可建档,12.9级 10*150螺丝,Sheet1:652,是否M10/表面处理缺失,REVIEW-MAT-00374,single_candidate;low_precision;human_review_group,0.65,true
REVIEW-MAT-00375,扎带,电气材料/扎带,电气与自动化/其他/扎带,规格: 10*400,包,1,可建档,10*400扎带,Sheet1:653,材质/每包数量缺失,REVIEW-MAT-00375,single_candidate;low_precision;human_review_group,0.65,true
REVIEW-MAT-00376,扎带,电气材料/扎带,电气与自动化/其他/扎带,规格: 10*500,包,2,可合并,10*500扎带,Sheet1:2281；Sheet1:654,与前文10*500扎带同物料 | 与1657同类，颜色/每包数量缺失,REVIEW-MAT-00376,single_candidate;source_status_contains_merge;low_precision;human_review_group,0.65,true
REVIEW-MAT-00377,焊工手套,劳保耗材/手套,劳保用品/手部防护/手套,用途: 电焊防护,双,2,可合并 | 可建档,电焊手套,Sheet1:1169；Sheet1:656,材质/长度缺失 | 与第655行同物料,REVIEW-MAT-00377,single_candidate;source_status_contains_merge;low_precision,0.70,true
REVIEW-MAT-00378,闭门器,五金备件/门窗五金,五金备件/其他/门窗五金,规格: 大号,个,1,可建档-低精度,闭门器大,Sheet1:657,承重/安装方式缺失,REVIEW-MAT-00378,single_candidate;low_precision;human_review_group,0.65,true
REVIEW-MAT-00379,路锥,安全设施/交通标识,安全防护/警示标识/反光警示,高度: 1米,个,1,可建档,路锥1米,Sheet1:658,材质/反光等级缺失,REVIEW-MAT-00379,single_candidate;low_precision,0.70,true
REVIEW-MAT-00380,小便器感应器,工程材料/洁具配件,工程建材/其他/洁具配件,材质: 铜；用途: 小便器,套,1,可建档,铜小便器感应器,Sheet1:661,电源方式/规格缺失,REVIEW-MAT-00380,single_candidate;low_precision;human_review_group,0.65,true
REVIEW-MAT-00381,黑模板,建筑材料/模板木方,工程建材/其他/模板木方,尺寸: 1.22*2.44；厚度: 3.0；颜色: 黑,张,1,可建档,1.22*2.44*3.0黑模板,Sheet1:662,单位是米还是尺需确认,REVIEW-MAT-00381,single_candidate;human_review_group,0.65,true
REVIEW-MAT-00382,一位开关,电气材料/开关,电气与自动化/低压电器/开关按钮,位数: 1位；含底座: 是,套,1,可建档,1位开关带底座,Sheet1:667,电流/品牌/明暗装缺失,REVIEW-MAT-00382,single_candidate;low_precision,0.70,true
REVIEW-MAT-00383,PVC直通,工程材料/PVC管件,工程建材/其他/PVC管件,品牌: 公元；规格: 75,个,1,可合并,公元75直通,Sheet1:670,与第643行同物料，材质默认PVC需确认,REVIEW-MAT-00383,single_candidate;source_status_contains_merge;human_review_group,0.65,true
REVIEW-MAT-00384,漏电断路器,电气材料/低压电器,电气与自动化/低压电器/低压电器,品牌: 施耐德；极数: 2P；电流: C40A,个,1,可建档,施耐德2PC40A漏电,Sheet1:671,型号/漏电动作电流缺失,REVIEW-MAT-00384,single_candidate;low_precision,0.70,true
REVIEW-MAT-00385,推进泵加长弯头,定制件/设备备件,设备备件与加工件/金属加工件/金属加工件,加工定做: 是；适用设备: 推进泵；规格: 189；特征: 加长大弯头,套,1,可建档-定制件,加工定做推进泵189加长大弯头,Sheet1:674,图纸/材质/接口缺失,REVIEW-MAT-00385,single_candidate;low_precision,0.70,true
REVIEW-MAT-00386,蒸饭柜,设备/厨房设备,设备备件与加工件/其他/厨房设备,品牌: 荣事达；层数: 8层；功能: 智能,个,1,可建档,8层荣事达智能蒸饭柜,Sheet1:678,功率/电压/容量缺失，单位建议台,REVIEW-MAT-00386,single_candidate;low_precision;human_review_group,0.65,true
REVIEW-MAT-00387,吊带,吊装索具/吊带,吊装索具/吊带索具/吊带,载荷: 5T；长度: 6米,付,1,可建档,5T*6米吊带,Sheet1:680,执行标准/材质缺失,REVIEW-MAT-00387,single_candidate;low_precision;human_review_group,0.65,true
REVIEW-MAT-00388,吊带,吊装索具/吊带,吊装索具/吊带索具/吊带,载荷: 5T；长度: 3米,付,1,可建档,5T*3米吊带,Sheet1:681,执行标准/材质缺失,REVIEW-MAT-00388,single_candidate;low_precision;human_review_group,0.65,true
REVIEW-MAT-00389,吊带,吊装索具/吊带,吊装索具/吊带索具/吊带,载荷: 3T；长度: 3米,付,1,可建档,3T*3米吊带,Sheet1:682,执行标准/材质缺失,REVIEW-MAT-00389,single_candidate;low_precision;human_review_group,0.65,true
REVIEW-MAT-00390,接触器,电气材料/低压电器,电气与自动化/低压电器/低压电器,品牌: 施耐德；用途: 行车；电流: 80A,个,1,可建档,施耐德行车接触器80A,Sheet1:683,型号/线圈电压缺失,REVIEW-MAT-00390,single_candidate;low_precision,0.70,true
REVIEW-MAT-00391,合金钻头,工具器具/工具配件,工具器具/工具配件/工具配件,材质: 合金；直径: 6mm,个,1,可建档,合金钻头6厘,Sheet1:685,柄型/长度缺失,REVIEW-MAT-00391,single_candidate;low_precision,0.70,true
REVIEW-MAT-00392,合金钻头,工具器具/工具配件,工具器具/工具配件/工具配件,材质: 合金；直径: 8mm,个,1,可建档,合金钻头8厘,Sheet1:686,柄型/长度缺失,REVIEW-MAT-00392,single_candidate;low_precision,0.70,true
REVIEW-MAT-00393,合金钻头,工具器具/工具配件,工具器具/工具配件/工具配件,材质: 合金；直径: 10mm,个,1,可建档,合金钻头10厘,Sheet1:687,柄型/长度缺失,REVIEW-MAT-00393,single_candidate;low_precision,0.70,true
REVIEW-MAT-00394,合金钻头,工具器具/工具配件,工具器具/工具配件/工具配件,材质: 合金；直径: 12mm,个,1,可建档,合金钻头12厘,Sheet1:688,柄型/长度缺失,REVIEW-MAT-00394,single_candidate;low_precision,0.70,true
REVIEW-MAT-00395,合金钻头,工具器具/工具配件,工具器具/工具配件/工具配件,材质: 合金；直径: 14mm,个,1,可建档,合金钻头14厘,Sheet1:689,柄型/长度缺失,REVIEW-MAT-00395,single_candidate;low_precision,0.70,true
REVIEW-MAT-00396,合金钻头,工具器具/工具配件,工具器具/工具配件/工具配件,材质: 合金；直径: 16mm,个,1,可建档,合金钻头16厘,Sheet1:690,柄型/长度缺失,REVIEW-MAT-00396,single_candidate;low_precision,0.70,true
REVIEW-MAT-00397,尼龙绳,吊装索具/绳索,吊装索具/吊带索具/钢丝绳链条,直径: 18mm；材质: 尼龙,米,1,可建档,18尼龙绳,Sheet1:691,承载/编织结构缺失,REVIEW-MAT-00397,single_candidate;low_precision,0.70,true
REVIEW-MAT-00398,地坪漆面漆固化剂,化工耗材/涂料辅料,化工油漆胶粘/油漆涂料/涂料油漆,用途: 地坪漆面漆固化剂,kg,2,可合并 | 可建档,地坪漆面漆固化剂,Sheet1:693；Sheet1:711,品牌/配比/包装缺失 | 与第692行同物料，品牌/配比/包装缺失,REVIEW-MAT-00398,single_candidate;source_status_contains_merge;low_precision,0.70,true
REVIEW-MAT-00399,地坪漆底漆,化工耗材/涂料,化工油漆胶粘/油漆涂料/涂料油漆,品牌/系列: 好地坪漆；类型: 底漆,桶,1,可建档,好地坪漆底漆,Sheet1:694,包装重量/颜色/配套体系缺失,REVIEW-MAT-00399,single_candidate;low_precision,0.70,true
REVIEW-MAT-00400,地坪漆底漆固化剂,化工耗材/涂料辅料,化工油漆胶粘/油漆涂料/涂料油漆,用途: 地坪漆底漆固化剂,kg,2,可合并 | 可建档,地坪漆底漆固化剂,Sheet1:695；Sheet1:709,品牌/配比/包装缺失 | 与第694行同物料，配比/包装缺失,REVIEW-MAT-00400,single_candidate;source_status_contains_merge;low_precision,0.70,true
REVIEW-MAT-00401,滚筒刷,工具器具/涂装工具,工具器具/涂装工具/刷辊喷涂,规格: 150,支,1,可建档,150滚筒,Sheet1:696,单位是mm？材质缺失,REVIEW-MAT-00401,single_candidate;low_precision,0.70,true
REVIEW-MAT-00402,滚筒刷,工具器具/涂装工具,工具器具/涂装工具/刷辊喷涂,规格: 250,支,1,可建档,250滚筒,Sheet1:697,单位是mm？材质缺失,REVIEW-MAT-00402,single_candidate;low_precision,0.70,true
REVIEW-MAT-00403,伸缩加长杆,工具器具/涂装工具,工具器具/涂装工具/刷辊喷涂,类型: 伸缩加长杆,支,1,可建档-低精度,伸缩加长杆,Sheet1:698,长度范围/接口缺失,REVIEW-MAT-00403,single_candidate;low_precision,0.70,true
REVIEW-MAT-00404,六角螺丝,五金备件/紧固件,五金备件/其他/紧固件,规格: 10*40；类型: 六角,套,1,可建档,10*40六角螺丝,Sheet1:699,是否M10/强度等级缺失,REVIEW-MAT-00404,single_candidate;low_precision;human_review_group,0.65,true
REVIEW-MAT-00405,美纹纸,化工耗材/胶粘带,化工油漆胶粘/胶粘密封/胶粘剂,颜色: 黄色；宽度: 5cm,米,3,可合并 | 可建档,黄色美纹纸5CM；黄色美纹纸5cm,Sheet1:1103；Sheet1:701；Sheet1:712,长度/品牌缺失 | 与第700行同物料，长度/品牌缺失 | 与第711行同物料，大小写需统一,REVIEW-MAT-00405,single_candidate;source_status_contains_merge;low_precision,0.70,true
REVIEW-MAT-00406,膨胀螺丝,五金备件/紧固件,五金备件/其他/紧固件,规格: 10*70；别名: 爆炸螺丝,个,1,可建档,10*70爆炸螺丝,Sheet1:704,材质/表面处理缺失,REVIEW-MAT-00406,single_candidate;low_precision;human_review_group,0.65,true
REVIEW-MAT-00407,外墙漆,化工耗材/涂料,化工油漆胶粘/油漆涂料/涂料油漆,品牌: 立邦；用途: 外墙,桶,1,可建档,立邦外墙漆,Sheet1:706,颜色/包装重量/型号缺失,REVIEW-MAT-00407,single_candidate;low_precision,0.70,true
REVIEW-MAT-00408,方钢,原材料/型钢,金属原材料/其他/型钢,规格: 30*30*3,米,1,可建档,30*30*3方钢,Sheet1:707,材质牌号/标准缺失,REVIEW-MAT-00408,single_candidate;low_precision;human_review_group,0.65,true
REVIEW-MAT-00409,地坪漆底漆,化工耗材/涂料,化工油漆胶粘/油漆涂料/涂料油漆,品牌/系列: 好地坪漆；类型: 底漆；包装: 20KG,桶,1,可合并,好地坪漆底漆20KG,Sheet1:708,与第693行同物料，颜色/体系需确认,REVIEW-MAT-00409,single_candidate;source_status_contains_merge,1.00,false
REVIEW-MAT-00410,注浆机活塞,定制件/设备备件,设备备件与加工件/金属加工件/金属加工件,定制: 是；适用设备: 注浆机；类型: 活塞,套,1,可建档-定制件,定做注浆机活塞,Sheet1:713,图纸/材质/密封结构缺失,REVIEW-MAT-00410,single_candidate;low_precision,0.70,true
REVIEW-MAT-00411,自喷漆,化工耗材/涂料,化工油漆胶粘/油漆涂料/涂料油漆,品牌: 三和；颜色: 翠绿色；类型: 自喷漆,支,1,可建档,三和喷漆翠绿色,Sheet1:714,容量缺失；单位瓶/支需统一,REVIEW-MAT-00411,single_candidate;low_precision,0.70,true
REVIEW-MAT-00412,自喷漆,化工耗材/涂料,化工油漆胶粘/油漆涂料/涂料油漆,颜色: 中黄；类型: 自喷漆,支,1,可建档,中黄色喷漆,Sheet1:715,品牌/容量缺失,REVIEW-MAT-00412,single_candidate;low_precision,0.70,true
REVIEW-MAT-00413,金刚磨片,工具器具/磨切耗材,工具器具/其他/磨切耗材,类型: 金刚磨片,个,1,可建档-低精度,金刚磨片,Sheet1:716,规格/粒度/用途缺失,REVIEW-MAT-00413,single_candidate;low_precision;human_review_group,0.65,true
REVIEW-MAT-00414,UPVC给水管,工程材料/UPVC管件,工程建材/其他/UPVC管件,品牌: 公元；规格: 32；材质: UPVC；用途: 给水,米,1,可建档,公元32UPVC给水管,Sheet1:718,压力等级缺失,REVIEW-MAT-00414,single_candidate;low_precision;human_review_group,0.65,true
REVIEW-MAT-00415,UPVC三通,工程材料/UPVC管件,工程建材/其他/UPVC管件,品牌: 公元；规格: 32；类型: 三通,个,1,可建档,公元三通32,Sheet1:719,材质默认UPVC需确认,REVIEW-MAT-00415,single_candidate;human_review_group,0.65,true
REVIEW-MAT-00416,UPVC直通,工程材料/UPVC管件,工程建材/其他/UPVC管件,规格: 32；类型: 直通,个,1,可建档-低精度,32直通,Sheet1:720,材质/品牌需确认,REVIEW-MAT-00416,single_candidate;low_precision;human_review_group,0.65,true
REVIEW-MAT-00417,UPVC斜三通,工程材料/UPVC管件,工程建材/其他/UPVC管件,规格: 32；类型: 斜三通,个,1,可建档-低精度,32斜三通,Sheet1:721,材质/品牌需确认,REVIEW-MAT-00417,single_candidate;low_precision;human_review_group,0.65,true
REVIEW-MAT-00418,管卡,工程材料/管道紧固,工程建材/其他/管道紧固,规格: 32；类型: 管卡,个,1,可建档-低精度,32管卡,Sheet1:722,材质/适配管材缺失,REVIEW-MAT-00418,single_candidate;low_precision;human_review_group,0.65,true
REVIEW-MAT-00419,异径接头,工程材料/UPVC管件,工程建材/其他/UPVC管件,规格: 32*25；类型: 大小头/异径,个,1,可建档,32*25大小头,Sheet1:723,材质/品牌需确认,REVIEW-MAT-00419,single_candidate;human_review_group,0.65,true
REVIEW-MAT-00420,UPVC弯头,工程材料/UPVC管件,工程建材/其他/UPVC管件,规格: 32；类型: 弯头,个,1,可建档-低精度,32弯头,Sheet1:724,角度/材质/品牌需确认,REVIEW-MAT-00420,single_candidate;low_precision;human_review_group,0.65,true
REVIEW-MAT-00421,UPVC45度弯头,工程材料/UPVC管件,工程建材/其他/UPVC管件,规格: 32；角度: 45度,个,1,可建档,32*45弯头,Sheet1:725,材质/品牌需确认,REVIEW-MAT-00421,single_candidate;human_review_group,0.65,true
REVIEW-MAT-00422,立式排污泵,设备/泵类设备,设备备件与加工件/设备专用备件/设备备件,功率: 2.2kW；安装: 立式；类型: 排污泵,台,1,可建档,2.2千瓦立式排污泵,Sheet1:734,流量/扬程/电压缺失,REVIEW-MAT-00422,single_candidate;low_precision,0.70,true
REVIEW-MAT-00423,PPR阀门,工程材料/PPR管件,工程建材/水暖建材/水暖五金,品牌: 公元；规格: 90；材质: PPR,个,1,可建档,公元90PPR阀门,Sheet1:737,压力等级缺失,REVIEW-MAT-00423,single_candidate;low_precision,0.70,true
REVIEW-MAT-00424,编织袋,包装材料/编织袋,包装与标识/袋箱膜包装/袋箱膜,类型: 编织袋,个,4,可合并,编织袋,Sheet1:1037；Sheet1:738；Sheet1:878；Sheet1:953,与前文同类，规格/承重缺失 | 与第737行同物料，规格缺失 | 与第737行同类，规格缺失 | 与第952行同类，规格缺失,REVIEW-MAT-00424,single_candidate;source_status_contains_merge;low_precision,0.70,true
REVIEW-MAT-00425,高帮劳保鞋,劳保耗材/足部防护,劳保用品/其他/足部防护,特征: 进口、高帮,双,1,可建档,进口高帮劳保鞋,Sheet1:739,尺码/防护标准缺失,REVIEW-MAT-00425,single_candidate;low_precision;human_review_group,0.65,true
REVIEW-MAT-00426,床垫,行政后勤/生活用品,行政办公与清洁/生活后勤/生活用品,类型: 床垫,个,2,可合并 | 可建档-低精度,床垫,Sheet1:2767；Sheet1:740,尺寸/材质缺失 || 与2685同类，尺寸/材质缺失,REVIEW-MAT-00426；REVIEW-MAT-01734,exact_name_group_unit_specs;source_status_contains_merge;low_precision,0.70,true
REVIEW-MAT-00427,被子,行政后勤/生活用品,行政办公与清洁/生活后勤/生活用品,类型: 被子,个,1,可建档-低精度,被子,Sheet1:741,尺寸/重量缺失,REVIEW-MAT-00427,single_candidate;low_precision,0.70,true
REVIEW-MAT-00428,枕头,行政后勤/生活用品,行政办公与清洁/生活后勤/生活用品,类型: 枕头,个,3,可合并 | 可建档 | 可建档-低精度,枕头,Sheet1:2688；Sheet1:2768；Sheet1:742,规格/材质缺失 || 尺寸/材质缺失 | 与2686同类，尺寸/材质缺失,REVIEW-MAT-00428；REVIEW-MAT-01679,exact_name_group_unit_specs;source_status_contains_merge;low_precision,0.70,true
REVIEW-MAT-00429,床品四件套,行政后勤/生活用品,行政办公与清洁/生活后勤/生活用品,类型: 四件套,套,1,可建档-低精度,四件套,Sheet1:743,尺寸/材质缺失,REVIEW-MAT-00429,single_candidate;low_precision,0.70,true
REVIEW-MAT-00430,环卫夹,劳保耗材/清洁工具,劳保用品/其他/清洁工具,类型: 环卫夹,个,1,可建档-低精度,环卫夹,Sheet1:745,规格/长度缺失,REVIEW-MAT-00430,single_candidate;low_precision;human_review_group,0.65,true
REVIEW-MAT-00431,镀锌堵头,工程材料/管件,工程建材/其他/管件,规格: 25；表面: 镀锌；类型: 堵头,个,1,可建档,25镀锌堵头,Sheet1:746,材质/螺纹缺失,REVIEW-MAT-00431,single_candidate;low_precision;human_review_group,0.65,true
REVIEW-MAT-00432,冲击钻头,工具器具/工具配件,工具器具/工具配件/工具配件,品牌: 方大同；规格: 18*800,支,1,可建档,方大同18*800冲击钻头,Sheet1:747,柄型缺失,REVIEW-MAT-00432,single_candidate;low_precision,0.70,true
REVIEW-MAT-00433,高压变径接头,定制件/液压接头,设备备件与加工件/金属加工件/金属加工件,定制: 是；规格: 36*3+36；类型: 变头,个,1,可建档-定制件,定做36*3+36高压变头,Sheet1:750,图纸/螺纹/压力等级缺失,REVIEW-MAT-00433,single_candidate;low_precision,0.70,true
REVIEW-MAT-00434,吊带,吊装索具/吊带,吊装索具/吊带索具/吊带,载荷: 5T；长度: 8米,付,1,可建档,5T*8米吊带,Sheet1:751,执行标准/材质缺失,REVIEW-MAT-00434,single_candidate;low_precision;human_review_group,0.65,true
REVIEW-MAT-00435,生料带,工程材料/水暖五金,工程建材/水暖建材/水暖五金,类型: 生料带,个,1,可合并,生料带,Sheet1:752,与前文同类，宽度/长度缺失,REVIEW-MAT-00435,single_candidate;source_status_contains_merge;low_precision,0.70,true
REVIEW-MAT-00436,高压外丝变径接头,定制件/液压接头,设备备件与加工件/金属加工件/金属加工件,定制: 是；规格: M36变1寸；连接: 外丝,个,1,可建档-定制件,定做M36变1寸高压外丝,Sheet1:754,图纸/压力等级/螺纹制式缺失,REVIEW-MAT-00436,single_candidate;low_precision,0.70,true
REVIEW-MAT-00437,地线,电气材料/电线电缆,电气与自动化/电线电缆与敷设/电线电缆,品牌: 起帆；截面积: 6平方；用途: 地线,米,1,可建档,6平方起帆地线,Sheet1:755,颜色/线型缺失,REVIEW-MAT-00437,single_candidate;low_precision,0.70,true
REVIEW-MAT-00438,洗衣机进水管,工程材料/水暖五金,工程建材/水暖建材/水暖五金,长度: 2米；用途: 洗衣机,条,1,可建档,2米洗衣机管,Sheet1:760,接口规格缺失,REVIEW-MAT-00438,single_candidate;low_precision,0.70,true
REVIEW-MAT-00439,五坑钻头,工具器具/工具配件,工具器具/工具配件/工具配件,品牌: 方大同；规格: 40*1200；柄型: 五坑,个,1,可建档,方大同40*1200五孔钻头,Sheet1:761,材质缺失,REVIEW-MAT-00439,single_candidate;low_precision,0.70,true
REVIEW-MAT-00440,五孔插座,电气材料/插头插座,电气与自动化/插头插座/插头插座,品牌: 公牛；类型: 五孔插座,个,1,可建档,公牛五孔插座,Sheet1:762,电流/明暗装缺失,REVIEW-MAT-00440,single_candidate;low_precision,0.70,true
REVIEW-MAT-00441,PPR管,工程材料/PPR管件,工程建材/水暖建材/水暖五金,品牌: 公元；规格: 25；材质: PPR,米,2,可合并 | 可建档,公元25PPR管,Sheet1:1309；Sheet1:765,压力等级缺失 | 与第764行同物料，压力等级缺失,REVIEW-MAT-00441,single_candidate;source_status_contains_merge;low_precision,0.70,true
REVIEW-MAT-00442,PPR接头,工程材料/PPR管件,工程建材/水暖建材/水暖五金,品牌: 公元；规格: 25；材质: PPR,个,1,可建档,公元25PPR接头,Sheet1:766,接头形式缺失,REVIEW-MAT-00442,single_candidate;low_precision,0.70,true
REVIEW-MAT-00443,PPR内牙三通,工程材料/PPR管件,工程建材/水暖建材/水暖五金,品牌: 公元；规格: 25；材质: PPR；连接: 内牙；类型: 三通,个,1,可建档,公元25PPR内牙三通,Sheet1:767,内牙规格缺失,REVIEW-MAT-00443,single_candidate;low_precision,0.70,true
REVIEW-MAT-00444,PPR外牙直通,工程材料/PPR管件,工程建材/水暖建材/水暖五金,品牌: 公元；规格: 25；材质: PPR；连接: 外牙；类型: 直通,个,1,可建档,公元25PPR外牙直通,Sheet1:768,外牙规格缺失,REVIEW-MAT-00444,single_candidate;low_precision,0.70,true
REVIEW-MAT-00445,LED灯管,电气材料/照明,电气与自动化/照明与报警/灯具,功率: 38W；类型: LED灯管,个,2,可合并 | 可建档,38WLED灯管,Sheet1:769；Sheet1:788,长度/色温缺失 | 与第768行同物料，长度/色温缺失,REVIEW-MAT-00445,single_candidate;source_status_contains_merge;low_precision,0.70,true
REVIEW-MAT-00446,金属测绳,工具器具/测量工具,工具器具/量具测量/量具测量,材质: 金属,米,1,可建档-低精度,金属测绳,Sheet1:770,直径/刻度/用途缺失,REVIEW-MAT-00446,single_candidate;low_precision,0.70,true
REVIEW-MAT-00447,不锈钢丝网,五金备件/金属网,五金备件/其他/金属网,材质: 不锈钢,米,1,可建档,不锈钢铁丝网,Sheet1:771,网孔/丝径/宽度缺失,REVIEW-MAT-00447,single_candidate;low_precision;human_review_group,0.65,true
REVIEW-MAT-00448,防护安全网,安全设施/防护网,安全防护/隔离防护/防护网,规格: 3000；特征: 加厚,个,1,可建档,加厚3000防护安全网,Sheet1:772,尺寸单位/材质/标准缺失,REVIEW-MAT-00448,single_candidate;low_precision,0.70,true
REVIEW-MAT-00449,方钢,原材料/型钢,金属原材料/其他/型钢,规格: 25*25,米,1,可建档,25*25方钢,Sheet1:775,壁厚/材质缺失,REVIEW-MAT-00449,single_candidate;low_precision;human_review_group,0.65,true
REVIEW-MAT-00450,排风扇,电气材料/通风设备,电气与自动化/其他/通风设备,规格: 10寸,个,1,可建档,10寸排风扇,Sheet1:776,功率/电压/安装方式缺失,REVIEW-MAT-00450,single_candidate;low_precision;human_review_group,0.65,true
REVIEW-MAT-00451,插座,电气材料/插头插座,电气与自动化/插头插座/插头插座,品牌: 公牛；孔位: 8孔,个,1,可建档,8孔公牛插座,Sheet1:778,电流/线长/安装方式缺失,REVIEW-MAT-00451,single_candidate;low_precision,0.70,true
REVIEW-MAT-00452,五点式双钩安全绳,劳保耗材/坠落防护,劳保用品/其他/坠落防护,类型: 五点式；挂钩: 双钩,套,1,可建档,五点式双钩安全绳,Sheet1:779,执行标准/长度/承载缺失,REVIEW-MAT-00452,single_candidate;low_precision;human_review_group,0.65,true
REVIEW-MAT-00453,普通硅酸盐水泥,建筑材料/水泥砂石,工程建材/水泥砂石/水泥砂石,标号: PO42.5,包,8,可合并 | 可建档,PO42.5水泥；po42.5水泥,Sheet1:1005；Sheet1:1008；Sheet1:1011；Sheet1:1013；Sheet1:1026；Sheet1:782；Sheet1:990；Sheet1:996,每包重量/品牌缺失 | 与第781行同物料，每包重量缺失 | 与第989行同物料 | 与第989行同物料，大小写需规范,REVIEW-MAT-00453,single_candidate;source_status_contains_merge;low_precision,0.70,true
REVIEW-MAT-00454,对讲机,电气材料/通讯设备,电气与自动化/其他/通讯设备,品牌: 长城；型号: A99；特征: 高功率,个,3,可合并 | 可建档,A99长城高功率对讲机,Sheet1:783；Sheet1:842；Sheet1:846,频段/功率/许可要求缺失 | 与第782行同物料，频段/功率缺失 | 与第782行同物料,REVIEW-MAT-00454,single_candidate;source_status_contains_merge;low_precision;human_review_group,0.65,true
REVIEW-MAT-00455,电缆线,电气材料/电线电缆,电气与自动化/电线电缆与敷设/电线电缆,品牌: 起帆；规格: 3*4+2*2.5,米,4,可合并 | 可建档,3*4+2*2.5起帆电缆；3*4+2*2.5起帆电缆线；起帆3*4+2*2.5电线,Sheet1:1305；Sheet1:2258；Sheet1:785；Sheet1:828,型号/材质缺失 | 与第784行同物料，型号缺失 | 与第827行同物料，线型缺失 | 导体材质/护套/电压等级缺失,REVIEW-MAT-00455,single_candidate;source_status_contains_merge;low_precision,0.70,true
REVIEW-MAT-00456,电缆线,电气材料/电线电缆,电气与自动化/电线电缆与敷设/电线电缆,品牌: 起帆；规格: 3*1.5,米,3,可合并,3*1.5起帆电缆线,Sheet1:2026；Sheet1:786；Sheet1:790,与前文同物料，型号缺失 | 与第785行同物料 | 与1556/fixture同类，护套缺失,REVIEW-MAT-00456,single_candidate;source_status_contains_merge;low_precision,0.70,true
REVIEW-MAT-00457,螺丝,五金备件/紧固件,五金备件/其他/紧固件,规格: 14*180,套,1,可建档,14*180螺丝,Sheet1:791,是否M14/材质/强度等级缺失,REVIEW-MAT-00457,single_candidate;low_precision;human_review_group,0.65,true
REVIEW-MAT-00458,螺母,五金备件/紧固件,五金备件/其他/紧固件,规格: 14,个,1,可建档,14螺母,Sheet1:792,是否M14/材质/强度等级缺失,REVIEW-MAT-00458,single_candidate;low_precision;human_review_group,0.65,true
REVIEW-MAT-00459,平垫片,五金备件/紧固件,五金备件/其他/紧固件,规格: 14,个,1,可建档,14垫片,Sheet1:793,是否M14/材质缺失,REVIEW-MAT-00459,single_candidate;low_precision;human_review_group,0.65,true
REVIEW-MAT-00460,弹簧垫片,五金备件/紧固件,五金备件/其他/紧固件,规格: 14,个,1,可建档,14弹簧垫片,Sheet1:794,是否M14/材质缺失,REVIEW-MAT-00460,single_candidate;low_precision;human_review_group,0.65,true
REVIEW-MAT-00461,钻头,工具器具/工具配件,工具器具/工具配件/工具配件,规格: 16*100,个,1,可建档,16*100钻头,Sheet1:795,材质/柄型缺失,REVIEW-MAT-00461,single_candidate;low_precision,0.70,true
REVIEW-MAT-00462,吨袋,包装材料/吨袋,包装与标识/袋箱膜包装/袋箱膜,承重/容量: 1.5吨,个,1,可建档,1.5吨袋,Sheet1:800,尺寸/吊带形式缺失,REVIEW-MAT-00462,single_candidate;low_precision,0.70,true
REVIEW-MAT-00463,土工布,建筑材料/土工材料,工程建材/其他/土工材料,类型: 土工布,米,1,可建档-低精度,土工布,Sheet1:801,克重/宽度缺失,REVIEW-MAT-00463,single_candidate;low_precision;human_review_group,0.65,true
REVIEW-MAT-00464,风镐,工具器具/气动工具,工具器具/气动工具/气动工具,型号: G150,台,1,可建档,G150风镐,Sheet1:803,气压/品牌缺失,REVIEW-MAT-00464,single_candidate;low_precision,0.70,true
REVIEW-MAT-00465,羊毛刷,工具器具/涂装工具,工具器具/涂装工具/刷辊喷涂,规格: 4寸；材质: 羊毛,支,2,可合并,4寸 羊毛刷；4寸羊毛刷,Sheet1:806；Sheet1:815,与第421行同物料，单位需统一 | 与第421行同物料,REVIEW-MAT-00465,single_candidate;source_status_contains_merge,1.00,false
REVIEW-MAT-00466,丝锥,工具器具/工具配件,工具器具/工具配件/工具配件,规格: M20,支,1,可建档,M20丝锥,Sheet1:811,牙距/材质缺失,REVIEW-MAT-00466,single_candidate;low_precision,0.70,true
REVIEW-MAT-00467,万能胶,化工耗材/胶粘剂,化工油漆胶粘/胶粘密封/胶粘剂,类型: 万能胶,桶,1,可建档-低精度,万能胶,Sheet1:814,品牌/容量缺失,REVIEW-MAT-00467,single_candidate;low_precision,0.70,true
REVIEW-MAT-00468,注浆管,工程材料/注浆材料,工程建材/保温防水/防水堵漏,规格: DN25,米,1,可建档,DN25注浆管,Sheet1:817,材质/压力等级缺失,REVIEW-MAT-00468,single_candidate;low_precision,0.70,true
REVIEW-MAT-00469,混凝土圆斗,工程器具/料斗,工具器具/其他/料斗,容量: 3立方；用途: 混凝土,个,1,可建档,3立方混凝土圆斗,Sheet1:822,材质/吊装方式缺失,REVIEW-MAT-00469,single_candidate;low_precision;human_review_group,0.65,true
REVIEW-MAT-00470,钢箱,定制件/金属加工件,设备备件与加工件/金属加工件/金属加工件,加工定做: 是；容量: 4立方；材质: 钢,个,1,可建档-定制件,加工定做4立方钢箱,Sheet1:823,图纸/尺寸/用途缺失,REVIEW-MAT-00470,single_candidate;low_precision,0.70,true
REVIEW-MAT-00471,膨胀螺丝,五金备件/紧固件,五金备件/其他/紧固件,规格: M12*80,个,1,可建档,M12*80膨胀螺丝,Sheet1:824,材质/表面处理缺失,REVIEW-MAT-00471,single_candidate;low_precision;human_review_group,0.65,true
REVIEW-MAT-00472,一次性雨衣,劳保耗材/雨具,劳保用品/其他/雨具,类型: 一次性,套,2,可合并,一次性雨衣,Sheet1:825；Sheet1:885,与第476行同物料 | 与第824行同物料,REVIEW-MAT-00472,single_candidate;source_status_contains_merge;human_review_group,0.65,true
REVIEW-MAT-00473,电缆线,电气材料/电线电缆,电气与自动化/电线电缆与敷设/电线电缆,品牌: 起帆；规格: 3*2.5,米,2,可建档,3*2.5起帆电缆；3*2.5起帆电缆线,Sheet1:2025；Sheet1:827,型号/材质缺失 | 导体材质/护套/电压等级缺失,REVIEW-MAT-00473,single_candidate;low_precision,0.70,true
REVIEW-MAT-00474,花篮螺丝,吊装索具/拉紧器,吊装索具/其他/拉紧器,规格: M20；类型: 花篮,个,1,可建档,M20花篮,Sheet1:829,材质/载荷缺失,REVIEW-MAT-00474,single_candidate;low_precision;human_review_group,0.65,true
REVIEW-MAT-00475,卷扬机,吊装索具/起重设备,吊装索具/其他/起重设备,载荷: 1吨,台,1,可建档,1吨卷扬机,Sheet1:830,电压/钢丝绳长度/品牌缺失,REVIEW-MAT-00475,single_candidate;low_precision;human_review_group,0.65,true
REVIEW-MAT-00476,钢丝绳,吊装索具/钢丝绳,吊装索具/吊带索具/钢丝绳链条,直径: 16mm,米,1,可建档,16厘钢丝绳,Sheet1:831,结构/强度等级缺失,REVIEW-MAT-00476,single_candidate;low_precision;human_review_group,0.65,true
REVIEW-MAT-00477,卸扣,吊装索具/卸扣,吊装索具/吊装连接件/卸扣吊钩,载荷: 8.5T,个,1,可建档,8.5T卸扣,Sheet1:832,执行标准缺失,REVIEW-MAT-00477,single_candidate;low_precision;human_review_group,0.65,true
REVIEW-MAT-00478,卸扣,吊装索具/卸扣,吊装索具/吊装连接件/卸扣吊钩,载荷: 3T,个,1,可建档,3T卸扣,Sheet1:833,执行标准缺失,REVIEW-MAT-00478,single_candidate;low_precision;human_review_group,0.65,true
REVIEW-MAT-00479,钢筋扎丝,五金备件/金属丝材,五金备件/其他/金属丝材,长度: 50cm；包装: 5kg,个,1,可建档,50CM*5kg钢筋扎丝,Sheet1:834,丝径/材质缺失,REVIEW-MAT-00479,single_candidate;low_precision;human_review_group,0.65,true
REVIEW-MAT-00480,汽油桶,工具器具/容器,工具器具/其他/容器,容量: 20L；用途: 汽油,个,1,可建档,20L汽油桶,Sheet1:835,材质/防爆要求缺失,REVIEW-MAT-00480,single_candidate;low_precision;human_review_group,0.65,true
REVIEW-MAT-00481,齿轮油,化工耗材/润滑油,化工油漆胶粘/油品化学品/润滑油脂,型号: HL-20,升,1,可建档,HL-20齿轮油,Sheet1:836,品牌/包装缺失,REVIEW-MAT-00481,single_candidate;low_precision,0.70,true
REVIEW-MAT-00482,焊条,焊接耗材/焊材,焊接焊割/其他/焊材,直径: 5.0,个,1,可建档,5.0电焊条,Sheet1:837,牌号/包装缺失,REVIEW-MAT-00482,single_candidate;low_precision;human_review_group,0.65,true
REVIEW-MAT-00483,焊条,焊接耗材/焊材,焊接焊割/其他/焊材,直径: 4.0,个,2,可合并 | 可建档,4.0电焊条,Sheet1:838；Sheet1:960,牌号/包装缺失 | 与第837行同物料，牌号缺失,REVIEW-MAT-00483,single_candidate;source_status_contains_merge;low_precision;human_review_group,0.65,true
REVIEW-MAT-00484,植筋胶,化工耗材/胶粘剂,化工油漆胶粘/胶粘密封/胶粘剂,类型: 注射式,支,1,可建档,注射式植筋胶,Sheet1:840,容量/品牌/固化剂体系缺失,REVIEW-MAT-00484,single_candidate;low_precision,0.70,true
REVIEW-MAT-00485,铁钉,五金备件/紧固件,五金备件/其他/紧固件,规格: 3寸,kg,1,可建档,3寸铁钉,Sheet1:845,材质/表面处理缺失,REVIEW-MAT-00485,single_candidate;low_precision;human_review_group,0.65,true
REVIEW-MAT-00486,电源适配器,电气材料/电源电器,电气与自动化/电源电池/电源电池,输出: 12V 1A,个,1,可建档,12V1A适配器,Sheet1:847,输入电压/接口规格缺失,REVIEW-MAT-00486,single_candidate;low_precision,0.70,true
REVIEW-MAT-00487,反射片,安全设施/反光材料,安全防护/警示标识/反光警示,规格: 3*3,片,1,可建档,3*3反射片,Sheet1:848,单位/材质/颜色缺失,REVIEW-MAT-00487,single_candidate;low_precision,0.70,true
REVIEW-MAT-00488,反射片,安全设施/反光材料,安全防护/警示标识/反光警示,规格: 5*5,片,1,可建档,5*5反射片,Sheet1:849,单位/材质/颜色缺失,REVIEW-MAT-00488,single_candidate;low_precision,0.70,true
REVIEW-MAT-00489,海绵拖把,劳保耗材/清洁工具,劳保用品/其他/清洁工具,特征: 加长；材质: 海绵,把,1,可建档,加长海绵拖把,Sheet1:851,,REVIEW-MAT-00489,single_candidate;human_review_group,0.65,true
REVIEW-MAT-00490,钢丝增强管,工程材料/软管,工程建材/其他/软管,规格: 1寸；结构: 钢丝增强,米,1,可建档,1寸钢丝增强管,Sheet1:853,压力等级/材质缺失,REVIEW-MAT-00490,single_candidate;low_precision;human_review_group,0.65,true
REVIEW-MAT-00491,PPR热熔管,工程材料/PPR管件,工程建材/水暖建材/水暖五金,规格: 4分；材质: PPR；连接: 热熔,米,1,可建档,4分PPR热融管,Sheet1:862,品牌/压力等级缺失,REVIEW-MAT-00491,single_candidate;low_precision,0.70,true
REVIEW-MAT-00492,扎带,电气材料/扎带,电气与自动化/其他/扎带,规格: 10*50；包装: 200根/包,包,1,可建档,10*50扎带200根,Sheet1:863,材质缺失,REVIEW-MAT-00492,single_candidate;low_precision;human_review_group,0.65,true
REVIEW-MAT-00493,顶托,建筑材料/脚手架配件,工程建材/其他/脚手架配件,规格: 30*500；特征: 厚,支,1,可建档,30*500厚顶托,Sheet1:864,材质/表面处理缺失,REVIEW-MAT-00493,single_candidate;low_precision;human_review_group,0.65,true
REVIEW-MAT-00494,电焊钳,焊接耗材/焊割工具,焊接焊割/其他/焊割工具,电流: 500A,支,1,可合并,500A电焊钳,Sheet1:868,与第465行同物料，单位把/支需统一,REVIEW-MAT-00494,single_candidate;source_status_contains_merge;human_review_group,0.65,true
REVIEW-MAT-00495,深井潜水泵,设备/泵类设备,设备备件与加工件/设备专用备件/设备备件,功率: 1.1kW；类型: 深井潜水泵,台,2,可合并 | 可建档,1.1千瓦深井潜水泵,Sheet1:869；Sheet1:984,扬程/流量/电压缺失 | 与第868行同物料，扬程/流量缺失,REVIEW-MAT-00495,single_candidate;source_status_contains_merge;low_precision,0.70,true
REVIEW-MAT-00496,海绵双面胶,化工耗材/胶粘带,化工油漆胶粘/胶粘密封/胶粘剂,基材: 海绵；类型: 双面胶,卷,1,可建档,海绵双面胶,Sheet1:870,宽度/长度缺失,REVIEW-MAT-00496,single_candidate;low_precision,0.70,true
REVIEW-MAT-00497,污水泵,设备/泵类设备,设备备件与加工件/设备专用备件/设备备件,功率: 1.5kW；类型: 污水泵,台,2,可合并 | 可建档,1.5千瓦污水泵,Sheet1:871；Sheet1:988,流量/扬程/电压缺失 | 与第870行同物料，扬程/流量缺失,REVIEW-MAT-00497,single_candidate;source_status_contains_merge;low_precision,0.70,true
REVIEW-MAT-00498,PPR热熔接头,工程材料/PPR管件,工程建材/水暖建材/水暖五金,规格: 4分；连接: 热熔,个,1,可建档,4分热熔接头,Sheet1:872,材质/品牌缺失,REVIEW-MAT-00498,single_candidate;low_precision,0.70,true
REVIEW-MAT-00499,镀锌管,原材料/钢管,金属原材料/其他/钢管,规格: DN20；表面: 镀锌,米,1,可建档,DN20镀锌管,Sheet1:874,壁厚/标准缺失,REVIEW-MAT-00499,single_candidate;low_precision;human_review_group,0.65,true
REVIEW-MAT-00500,记号笔,办公/标识耗材,行政办公与清洁/其他/标识耗材,颜色: 黑色,支,2,可合并 | 可建档-低精度,黑色笔；黑色记号笔,Sheet1:880；Sheet1:954,笔类型/品牌缺失 | 与第879行同类，品牌缺失,REVIEW-MAT-00500,single_candidate;source_status_contains_merge;low_precision;human_review_group,0.65,true
REVIEW-MAT-00501,彩条布,建筑材料/防护覆盖,工程建材/其他/防护覆盖,宽度: 4米,平方,1,可建档,4米彩条布,Sheet1:886,克重/材质缺失,REVIEW-MAT-00501,single_candidate;low_precision;human_review_group,0.65,true
REVIEW-MAT-00502,止水蝴蝶扣,建筑材料/止水紧固,工程建材/其他/止水紧固,规格: 16*600,套,1,可建档,16*600止水蝴蝶扣,Sheet1:887,材质/配套螺杆缺失,REVIEW-MAT-00502,single_candidate;low_precision;human_review_group,0.65,true
REVIEW-MAT-00503,螺母,五金备件/紧固件,五金备件/其他/紧固件,规格: 16,个,2,可合并 | 可建档,16螺母,Sheet1:1406；Sheet1:888,是否M16/材质缺失 | 与第887行同类，是否M16需确认,REVIEW-MAT-00503,single_candidate;source_status_contains_merge;low_precision;human_review_group,0.65,true
REVIEW-MAT-00504,加长套筒,工具器具/手动工具,工具器具/其他/手动工具,规格: 18*200；特征: 加长,个,1,可建档,18*200加长套筒,Sheet1:889,驱动方孔规格缺失,REVIEW-MAT-00504,single_candidate;low_precision;human_review_group,0.65,true
REVIEW-MAT-00505,顶托,建筑材料/脚手架配件,工程建材/其他/脚手架配件,规格: 38*600；特征: 厚,套,1,可建档,38*600厚顶托,Sheet1:890,材质/表面处理缺失,REVIEW-MAT-00505,single_candidate;low_precision;human_review_group,0.65,true
REVIEW-MAT-00506,中砂,建筑材料/水泥砂石,工程建材/水泥砂石/水泥砂石,类型: 中砂,包,1,可建档,中沙,Sheet1:896,每包重量/含泥量缺失,REVIEW-MAT-00506,single_candidate;low_precision,0.70,true
REVIEW-MAT-00507,垃圾桶,劳保耗材/清洁工具,劳保用品/其他/清洁工具,规格: 大号,个,1,可建档-低精度,大垃圾桶,Sheet1:901,容量/材质缺失,REVIEW-MAT-00507,single_candidate;low_precision;human_review_group,0.65,true
REVIEW-MAT-00508,编织袋,包装材料/编织袋,包装与标识/袋箱膜包装/袋箱膜,规格: 大号,个,6,可合并 | 可建档,大号编织袋；大编织袋,Sheet1:1000；Sheet1:1006；Sheet1:1036；Sheet1:902；Sheet1:929；Sheet1:985,尺寸/承重缺失 | 与第901行同物料，尺寸/承重缺失 | 与第928行同物料 | 与第984行同物料,REVIEW-MAT-00508,single_candidate;source_status_contains_merge;low_precision,0.70,true
REVIEW-MAT-00509,调和漆,化工耗材/涂料,化工油漆胶粘/油漆涂料/涂料油漆,颜色: 黑色；类型: 调和漆,桶,2,可合并 | 可建档,黑色调和漆,Sheet1:907；Sheet1:981,包装/品牌缺失 | 与第906行同物料,REVIEW-MAT-00509,single_candidate;source_status_contains_merge;low_precision,0.70,true
REVIEW-MAT-00510,LED浴室灯,电气材料/照明,电气与自动化/照明与报警/灯具,功率: 50W；类型: 浴室灯,个,1,可建档,50WLED浴室灯,Sheet1:909,防水等级/色温缺失,REVIEW-MAT-00510,single_candidate;low_precision,0.70,true
REVIEW-MAT-00511,彩钢瓦,建筑材料/板材,工程建材/板材型材/板材,规格: 1*0.84,米,1,可建档,1*0.84彩钢瓦,Sheet1:910,厚度/颜色缺失,REVIEW-MAT-00511,single_candidate;low_precision,0.70,true
REVIEW-MAT-00512,彩钢瓦,建筑材料/板材,工程建材/板材型材/板材,规格: 1.6*0.84,米,1,可建档,1.6*0.84彩钢瓦,Sheet1:911,厚度/颜色缺失,REVIEW-MAT-00512,single_candidate;low_precision,0.70,true
REVIEW-MAT-00513,止水针头,工程材料/堵漏注浆材料,工程建材/保温防水/防水堵漏,长度: 10cm,个,1,可建档,止水针头10CM,Sheet1:912,直径/材质缺失,REVIEW-MAT-00513,single_candidate;low_precision,0.70,true
REVIEW-MAT-00514,止水针头,工程材料/堵漏注浆材料,工程建材/保温防水/防水堵漏,长度: 15cm,个,1,可建档,止水针头15CM,Sheet1:913,直径/材质缺失,REVIEW-MAT-00514,single_candidate;low_precision,0.70,true
REVIEW-MAT-00515,聚氨酯堵漏剂,化工耗材/堵漏材料,化工油漆胶粘/其他/堵漏材料,类型: 油性；材质: 聚氨酯,kg,4,可合并 | 可建档,油性聚氨酯堵漏剂,Sheet1:1023；Sheet1:1034；Sheet1:915；Sheet1:976,品牌/包装缺失 | 与第914行同物料，品牌/包装缺失 | 与第914行同物料,REVIEW-MAT-00515,single_candidate;source_status_contains_merge;low_precision;human_review_group,0.65,true
REVIEW-MAT-00516,聚氨酯堵漏剂,化工耗材/堵漏材料,化工油漆胶粘/其他/堵漏材料,类型: 水性；材质: 聚氨酯,kg,3,可合并 | 可建档,水性聚氨酯堵漏剂,Sheet1:1024；Sheet1:916；Sheet1:975,品牌/包装缺失 | 与第915行同物料，品牌/包装缺失 | 与第915行同物料,REVIEW-MAT-00516,single_candidate;source_status_contains_merge;low_precision;human_review_group,0.65,true
REVIEW-MAT-00517,长螺杆,五金备件/紧固件,五金备件/其他/紧固件,规格: 14*200；类型: 长螺杆,套,1,可建档,14*200长螺杆,Sheet1:918,是否M14/材质缺失,REVIEW-MAT-00517,single_candidate;low_precision;human_review_group,0.65,true
REVIEW-MAT-00518,防火涂层测厚仪,工具器具/检测仪器,工具器具/其他/检测仪器,用途: 防火涂层测厚,台,1,可建档,防火涂层测厚仪,Sheet1:921,量程/精度/品牌缺失,REVIEW-MAT-00518,single_candidate;low_precision;human_review_group,0.65,true
REVIEW-MAT-00519,防水网线对接头,电气材料/弱电材料,电气与自动化/其他/弱电材料,特征: 防水；用途: 网络对接,个,1,可建档,防水网络对接头,Sheet1:924,接口规格/IP等级缺失,REVIEW-MAT-00519,single_candidate;low_precision;human_review_group,0.65,true
REVIEW-MAT-00520,钢丝绳夹头,吊装索具/钢丝绳配件,吊装索具/吊带索具/钢丝绳链条,规格: M10,个,1,可建档,M10钢丝绳夹头,Sheet1:925,适配钢丝绳直径/材质缺失,REVIEW-MAT-00520,single_candidate;low_precision;human_review_group,0.65,true
REVIEW-MAT-00521,编织袋,包装材料/编织袋,包装与标识/袋箱膜包装/袋箱膜,规格: 小号,个,1,可建档,小编织袋,Sheet1:930,尺寸/承重缺失,REVIEW-MAT-00521,single_candidate;low_precision,0.70,true
REVIEW-MAT-00522,防坠安全网,定制件/安全防护,设备备件与加工件/金属加工件/金属加工件,定制: 是；用途: 防坠,平方,1,可建档-定制件,定做防坠安全网,Sheet1:931,网孔/材质/执行标准缺失,REVIEW-MAT-00522,single_candidate;low_precision,0.70,true
REVIEW-MAT-00523,橡胶支座,定制件/橡胶件,设备备件与加工件/金属加工件/金属加工件,定制: 是；材质: 橡胶；类型: 支座,个,1,可建档-定制件,定做橡胶支座,Sheet1:933,图纸/尺寸/硬度缺失,REVIEW-MAT-00523,single_candidate;low_precision,0.70,true
REVIEW-MAT-00524,电子血压计,劳保耗材/急救用品,劳保用品/其他/急救用品,品牌: 鱼跃；类型: 电子血压计,台,1,可建档,鱼跃电子血压计,Sheet1:935,型号缺失,REVIEW-MAT-00524,single_candidate;low_precision;human_review_group,0.65,true
REVIEW-MAT-00525,太阳能LED灯,电气材料/照明,电气与自动化/照明与报警/灯具,品牌: 公牛；功率: 80W；供电: 太阳能,套,1,可建档,公牛80w太阳能LED灯,Sheet1:938,电池容量/防水等级缺失,REVIEW-MAT-00525,single_candidate;low_precision,0.70,true
REVIEW-MAT-00526,安全帽一字带,劳保耗材/头部防护配件,劳保用品/其他/头部防护配件,适用: 安全帽；类型: 一字带,个,1,可建档,安全帽一字带,Sheet1:939,适配型号缺失,REVIEW-MAT-00526,single_candidate;low_precision;human_review_group,0.65,true
REVIEW-MAT-00527,LED灯带,电气材料/照明,电气与自动化/照明与报警/灯具,品牌: 雷士；电压: 36V；灯珠: 120珠,米,1,可建档,雷士36V120珠灯带LED,Sheet1:940,功率/色温/IP等级缺失,REVIEW-MAT-00527,single_candidate;low_precision,0.70,true
REVIEW-MAT-00528,开关电源,电气材料/电源电器,电气与自动化/电源电池/电源电池,输出电压: 36V；功率: 400W,个,2,可合并 | 可建档,36V 400w电源,Sheet1:941；Sheet1:987,输入电压/IP等级缺失 | 与第940行同物料，输入电压缺失,REVIEW-MAT-00528,single_candidate;source_status_contains_merge;low_precision,0.70,true
REVIEW-MAT-00529,潜水泵,设备/泵类设备,设备备件与加工件/设备专用备件/设备备件,电压: 380V；功率: 2.2kW,台,1,可建档,380V 2.2千w潜水泵,Sheet1:942,流量/扬程缺失,REVIEW-MAT-00529,single_candidate;low_precision,0.70,true
REVIEW-MAT-00530,五坑钻头,工具器具/工具配件,工具器具/工具配件/工具配件,品牌: 方大同；规格: 35*500；柄型: 五坑,支,1,可建档,方大同35*500五坑钻头,Sheet1:944,材质缺失,REVIEW-MAT-00530,single_candidate;low_precision,0.70,true
REVIEW-MAT-00531,冲击钻头,工具器具/工具配件,工具器具/工具配件/工具配件,品牌: 方大同；规格: 18*400,支,1,可建档,方大同18x400冲击钻头,Sheet1:945,柄型/材质缺失,REVIEW-MAT-00531,single_candidate;low_precision,0.70,true
REVIEW-MAT-00532,冲击钻头,工具器具/工具配件,工具器具/工具配件/工具配件,品牌: 方大同；规格: 30*400,支,1,可建档,方大同30x400冲击钻头,Sheet1:946,柄型/材质缺失,REVIEW-MAT-00532,single_candidate;low_precision,0.70,true
REVIEW-MAT-00533,黑扎丝,五金备件/金属丝材,五金备件/其他/金属丝材,直径: 1mm；颜色: 黑色,米,1,可建档,1mm黑扎丝,Sheet1:951,材质/包装缺失,REVIEW-MAT-00533,single_candidate;low_precision;human_review_group,0.65,true
REVIEW-MAT-00534,黑扎丝,五金备件/金属丝材,五金备件/其他/金属丝材,直径: 2mm；颜色: 黑色,米,1,可建档,2mm黑扎丝,Sheet1:952,材质/包装缺失,REVIEW-MAT-00534,single_candidate;low_precision;human_review_group,0.65,true
REVIEW-MAT-00535,总开关,电气材料/低压电器,电气与自动化/低压电器/低压电器,电流: 100A；用途: 总开关,个,1,可建档,100A总开关,Sheet1:956,极数/品牌/型号缺失,REVIEW-MAT-00535,single_candidate;low_precision,0.70,true
REVIEW-MAT-00536,漏电保护器,电气材料/低压电器,电气与自动化/低压电器/低压电器,电流: 40A；类型: 漏电保护,个,1,可建档,40A漏电保护,Sheet1:957,极数/漏电动作电流缺失,REVIEW-MAT-00536,single_candidate;low_precision,0.70,true
REVIEW-MAT-00537,空气开关,电气材料/低压电器,电气与自动化/低压电器/低压电器,电流: 16A,个,1,可建档,16A空开,Sheet1:958,极数/品牌/型号缺失,REVIEW-MAT-00537,single_candidate;low_precision,0.70,true
REVIEW-MAT-00538,五坑钻头,工具器具/工具配件,工具器具/工具配件/工具配件,规格: 28*800；柄型: 五坑,支,1,可建档,28*800五孔钻头,Sheet1:962,材质/品牌缺失,REVIEW-MAT-00538,single_candidate;low_precision,0.70,true
REVIEW-MAT-00539,绝缘胶带,电气材料/电工耗材,电气与自动化/其他/电工耗材,类型: 绝缘胶带,卷,1,可建档,绝缘胶带,Sheet1:965,颜色/宽度/长度缺失,REVIEW-MAT-00539,single_candidate;low_precision;human_review_group,0.65,true
REVIEW-MAT-00540,电源极性检测器,工具器具/检测仪器,工具器具/其他/检测仪器,用途: 电源极性检测,台,1,可建档,电源极性检测器,Sheet1:967,电压范围/品牌缺失,REVIEW-MAT-00540,single_candidate;low_precision;human_review_group,0.65,true
REVIEW-MAT-00541,沉降观测钉带牌,工程材料/测量标识,工程建材/其他/测量标识,类型: 观测钉；包含: 标识牌,套,1,可建档,沉降观测钉带牌,Sheet1:968,材质/规格缺失,REVIEW-MAT-00541,single_candidate;low_precision;human_review_group,0.65,true
REVIEW-MAT-00542,十字测钉,工程材料/测量标识,工程建材/其他/测量标识,表面: 镀锌；类型: 十字测钉,个,1,可建档,镀锌十字测钉,Sheet1:969,规格缺失,REVIEW-MAT-00542,single_candidate;low_precision;human_review_group,0.65,true
REVIEW-MAT-00543,LED充电头灯,电气材料/照明,电气与自动化/照明与报警/灯具,类型: 头灯；供电: 充电；光源: LED,个,1,可建档,LED充电头灯,Sheet1:974,电池容量/亮度缺失,REVIEW-MAT-00543,single_candidate;low_precision,0.70,true
REVIEW-MAT-00544,五坑钻头,工具器具/工具配件,工具器具/工具配件/工具配件,品牌: 方大同；规格: 14*400；柄型: 五坑,支,1,可建档,方大同14*400五孔钻头,Sheet1:977,材质缺失,REVIEW-MAT-00544,single_candidate;low_precision,0.70,true
REVIEW-MAT-00545,五坑钻头,工具器具/工具配件,工具器具/工具配件/工具配件,品牌: 方大同；规格: 14*600；柄型: 五坑,支,1,可建档,方大同14*600五孔钻头,Sheet1:978,材质缺失,REVIEW-MAT-00545,single_candidate;low_precision,0.70,true
REVIEW-MAT-00546,五坑钻头,工具器具/工具配件,工具器具/工具配件/工具配件,品牌: 方大同；规格: 16*280；柄型: 五坑,支,1,可建档,方大同16*280五孔钻头,Sheet1:979,材质缺失,REVIEW-MAT-00546,single_candidate;low_precision,0.70,true
REVIEW-MAT-00547,彩钢瓦,建筑材料/板材,工程建材/板材型材/板材,厚度/规格: 0.5,平方,1,可建档,0.5彩钢瓦,Sheet1:992,颜色/板型缺失,REVIEW-MAT-00547,single_candidate;low_precision,0.70,true
REVIEW-MAT-00548,油布,建筑材料/防护覆盖,工程建材/其他/防护覆盖,特征: 加厚,平方,2,可合并 | 可建档,加厚油布,Sheet1:1231；Sheet1:994,材质/克重缺失 | 与第993行同物料，材质/克重缺失,REVIEW-MAT-00548,single_candidate;source_status_contains_merge;low_precision;human_review_group,0.65,true
REVIEW-MAT-00549,灭火器,消防器材/灭火器,消防器材/灭火器与水带/灭火器,容量: 4KG,支,1,可建档,4KG灭火器,Sheet1:997,类型: 干粉/二氧化碳等缺失,REVIEW-MAT-00549,single_candidate;low_precision;human_review_group,0.65,true
REVIEW-MAT-00550,消防箱,消防器材/消防箱,消防器材/消防工具/消防工具,类型: 消防箱,个,1,可建档-低精度,消防箱子,Sheet1:998,尺寸/材质缺失,REVIEW-MAT-00550,single_candidate;low_precision;human_review_group,0.65,true
REVIEW-MAT-00551,铁丝,五金备件/金属丝材,五金备件/其他/金属丝材,规格: 14号,公斤,1,可合并,14号铁丝,Sheet1:999,与第894行同物料，单位KG/公斤需统一,REVIEW-MAT-00551,single_candidate;source_status_contains_merge;human_review_group,0.65,true
REVIEW-MAT-00552,马路切割片,工具器具/磨切耗材,工具器具/其他/磨切耗材,规格: 400；用途: 马路切割,块,1,可建档,400马路切片,Sheet1:1001,厚度/孔径缺失,REVIEW-MAT-00552,single_candidate;low_precision;human_review_group,0.65,true
REVIEW-MAT-00553,塞尺,工具器具/测量工具,工具器具/量具测量/量具测量,材质: 铜,个,1,可建档,铜塞尺,Sheet1:1004,规格范围缺失,REVIEW-MAT-00553,single_candidate;low_precision,0.70,true
REVIEW-MAT-00554,不锈钢球阀,工程材料/阀门,工程建材/其他/阀门,规格: 25；材质: 不锈钢；类型: 球阀,个,1,可建档,25不锈钢球阀,Sheet1:1007,压力等级/连接形式缺失,REVIEW-MAT-00554,single_candidate;low_precision;human_review_group,0.65,true
REVIEW-MAT-00555,电源线,电气材料/电线电缆,电气与自动化/电线电缆与敷设/电线电缆,长度: 2米,条,1,可建档,2米电源线,Sheet1:1014,插头类型/线径缺失,REVIEW-MAT-00555,single_candidate;low_precision,0.70,true
REVIEW-MAT-00556,塑料扫把,劳保耗材/清洁工具,劳保用品/其他/清洁工具,材质: 塑料,把,1,可建档,塑料扫把,Sheet1:1016,,REVIEW-MAT-00556,single_candidate;human_review_group,0.65,true
REVIEW-MAT-00557,路由器,电气材料/网络设备,电气与自动化/其他/网络设备,品牌: 华为；速率: 1000M,套,1,可建档,1000M华为路由器,Sheet1:1018,型号/端口数缺失,REVIEW-MAT-00557,single_candidate;low_precision;human_review_group,0.65,true
REVIEW-MAT-00558,电视支架,行政后勤/办公用品,行政办公与清洁/办公用品/文具书写,适配尺寸: 70寸,个,1,可建档,70寸电视支架,Sheet1:1020,安装方式/承重缺失,REVIEW-MAT-00558,single_candidate;low_precision,0.70,true
REVIEW-MAT-00559,变频空调,设备/通用电器,设备备件与加工件/其他/通用电器,品牌: 格力；匹数: 3匹；类型: 变频,台,1,可建档,格力3匹变频空调,Sheet1:1021,冷暖/能效/安装方式缺失,REVIEW-MAT-00559,single_candidate;low_precision;human_review_group,0.65,true
REVIEW-MAT-00560,保险管,电气材料/低压电器,电气与自动化/低压电器/低压电器,电流: 32A,个,1,可建档,32A保险管,Sheet1:1022,尺寸/电压/型号缺失,REVIEW-MAT-00560,single_candidate;low_precision,0.70,true
REVIEW-MAT-00561,打印机电源线,行政后勤/办公设备配件,行政办公与清洁/其他/办公设备配件,适用设备: 打印机；类型: 电源线,条,1,可建档,打印机电源线,Sheet1:1027,接口规格缺失,REVIEW-MAT-00561,single_candidate;low_precision;human_review_group,0.65,true
REVIEW-MAT-00562,打印机数据线,行政后勤/办公设备配件,行政办公与清洁/其他/办公设备配件,适用设备: 打印机；类型: 数据线,条,1,可建档,打印机数据线,Sheet1:1028,接口类型/长度缺失,REVIEW-MAT-00562,single_candidate;low_precision;human_review_group,0.65,true
REVIEW-MAT-00563,雾化喷头,工程材料/喷淋配件,工程建材/其他/喷淋配件,用途: 加湿；类型: 雾化喷头,个,1,可建档,加湿雾化喷头,Sheet1:1029,规格/孔径/材质缺失,REVIEW-MAT-00563,single_candidate;low_precision;human_review_group,0.65,true
REVIEW-MAT-00564,泡沫双面胶,化工耗材/胶粘带,化工油漆胶粘/胶粘密封/胶粘剂,基材: 泡沫；类型: 双面胶,个,1,可建档,泡沫双面胶,Sheet1:1030,宽度/长度/每件数量缺失,REVIEW-MAT-00564,single_candidate;low_precision,0.70,true
REVIEW-MAT-00565,101胶水,化工耗材/胶粘剂,化工油漆胶粘/胶粘密封/胶粘剂,型号: 101,个,1,可建档-低精度,101胶水,Sheet1:1031,包装容量/品牌缺失,REVIEW-MAT-00565,single_candidate;low_precision,0.70,true
REVIEW-MAT-00566,羊毛刷,工具器具/涂装工具,工具器具/涂装工具/刷辊喷涂,规格: 2寸；材质: 羊毛,支,1,可建档,2寸羊毛刷,Sheet1:1032,,REVIEW-MAT-00566,single_candidate,1.00,false
REVIEW-MAT-00567,不锈钢钻头,工具器具/工具配件,工具器具/工具配件/工具配件,规格: 5.0；材质/用途: 不锈钢,支,1,可建档,5.0不锈钢钻头,Sheet1:1035,柄型/长度缺失,REVIEW-MAT-00567,single_candidate;low_precision,0.70,true
REVIEW-MAT-00568,噪音计,工具器具/检测仪器,工具器具/其他/检测仪器,用途: 噪音检测,台,1,可建档,噪音仪,Sheet1:1042,量程/精度/品牌缺失,REVIEW-MAT-00568,single_candidate;low_precision;human_review_group,0.65,true
REVIEW-MAT-00569,背胶防撞条,安全设施/防撞防护,安全防护/隔离防护/防护网,特征: 背胶；类型: 防撞条,米,1,可建档,背胶防撞条,Sheet1:1043,宽度/材质缺失,REVIEW-MAT-00569,single_candidate;low_precision,0.70,true
REVIEW-MAT-00570,雾炮机,设备/环保喷淋设备,设备备件与加工件/其他/环保喷淋设备,功率: 3kW；控制: 全自动,台,1,可建档,3千瓦全自动雾炮机,Sheet1:1047,射程/水量/电压缺失,REVIEW-MAT-00570,single_candidate;low_precision;human_review_group,0.65,true
REVIEW-MAT-00571,冰块,行政后勤/临时消耗品,行政办公与清洁/其他/临时消耗品,重量: 50kg,个,4,可合并 | 可建档-低精度,50kg冰块,Sheet1:1052；Sheet1:1055；Sheet1:1056；Sheet1:1070,单位个/块需统一 | 与第1051行同物料,REVIEW-MAT-00571,single_candidate;source_status_contains_merge;low_precision;human_review_group,0.65,true
REVIEW-MAT-00572,人工草皮,装饰/地面材料,工程建材/其他/地面材料,规格: 3.0；颜色: 绿色,平方,2,可合并,3.0绿草皮,Sheet1:1053；Sheet1:1065,与第992行同物料 | 与第1052行同物料,REVIEW-MAT-00572,single_candidate;source_status_contains_merge;human_review_group,0.65,true
REVIEW-MAT-00573,六角自攻螺丝,五金备件/紧固件,五金备件/其他/紧固件,规格: 6；类型: 六角自攻,盒,1,可建档,6六角自攻螺丝,Sheet1:1054,长度/材质缺失,REVIEW-MAT-00573,single_candidate;low_precision;human_review_group,0.65,true
REVIEW-MAT-00574,测电笔,工具器具/电工工具,工具器具/其他/电工工具,类型: 多功能电笔,支,1,可建档,多功能电笔,Sheet1:1057,电压范围缺失,REVIEW-MAT-00574,single_candidate;low_precision;human_review_group,0.65,true
REVIEW-MAT-00575,定向轮,五金备件/脚轮,五金备件/其他/脚轮,规格: 4寸；类型: 定向轮,个,1,可建档,4寸定向轮,Sheet1:1058,承重/材质缺失,REVIEW-MAT-00575,single_candidate;low_precision;human_review_group,0.65,true
REVIEW-MAT-00576,带刹定向轮,五金备件/脚轮,五金备件/其他/脚轮,规格: 4寸；特征: 带刹车,个,1,可建档,4寸定向轮刹,Sheet1:1059,承重/材质缺失,REVIEW-MAT-00576,single_candidate;low_precision;human_review_group,0.65,true
REVIEW-MAT-00577,手推车,工具器具/搬运工具,工具器具/其他/搬运工具,载荷: 300kg；特征: 加厚,台,1,可建档,300kg手推车加厚,Sheet1:1061,尺寸/轮型缺失,REVIEW-MAT-00577,single_candidate;low_precision;human_review_group,0.65,true
REVIEW-MAT-00578,路锥,安全设施/交通标识,安全防护/警示标识/反光警示,高度: 90cm,个,1,可建档,90cm路锥,Sheet1:1062,材质/反光等级缺失,REVIEW-MAT-00578,single_candidate;low_precision,0.70,true
REVIEW-MAT-00579,伸缩杆,安全设施/隔离设施,安全防护/隔离防护/防护网,颜色: 红色；类型: 伸缩杆,个,1,可建档,红色伸缩杆,Sheet1:1063,长度/配套底座缺失,REVIEW-MAT-00579,single_candidate;low_precision,0.70,true
REVIEW-MAT-00580,警示牌,安全设施/警示用品,安全防护/警示标识/反光警示,规格: 大号,个,1,可建档-低精度,大警示牌,Sheet1:1064,内容/尺寸/材质缺失,REVIEW-MAT-00580,single_candidate;low_precision,0.70,true
REVIEW-MAT-00581,漏电断路器,电气材料/低压电器,电气与自动化/低压电器/低压电器,品牌: 施耐德；电流: 400A,个,1,可建档,施耐德400A漏电开关,Sheet1:1066,极数/型号/漏电动作电流缺失,REVIEW-MAT-00581,single_candidate;low_precision,0.70,true
REVIEW-MAT-00582,遮阳网,安全设施/防护网,安全防护/隔离防护/防护网,特征: 密,平方,1,可建档-低精度,密遮阳网,Sheet1:1067,针数/遮光率/材质缺失,REVIEW-MAT-00582,single_candidate;low_precision,0.70,true
REVIEW-MAT-00583,冰块,行政后勤/临时消耗品,行政办公与清洁/其他/临时消耗品,重量: 50kg,块,1,可合并,50kg冰块,Sheet1:1068,与第1051行同物料，单位个/块需统一,REVIEW-MAT-00583,single_candidate;source_status_contains_merge;human_review_group,0.65,true
REVIEW-MAT-00584,电瓶夹线,电气材料/电工工具,电气与自动化/其他/电工工具,类型: 电瓶夹；包含: 线,套,1,可建档,电瓶夹带线,Sheet1:1069,线径/长度/电流缺失,REVIEW-MAT-00584,single_candidate;low_precision;human_review_group,0.65,true
REVIEW-MAT-00585,测电笔,工具器具/电工工具,工具器具/其他/电工工具,类型: 测电笔,个,1,可合并,测电笔,Sheet1:1071,与第1056行同类，单位支/个需统一,REVIEW-MAT-00585,single_candidate;source_status_contains_merge;human_review_group,0.65,true
REVIEW-MAT-00586,蓄电池,电气材料/电池,电气与自动化/电源电池/电源电池,电压: 12V,个,1,可建档,12v蓄电池,Sheet1:1073,容量Ah/型号缺失,REVIEW-MAT-00586,single_candidate;low_precision,0.70,true
REVIEW-MAT-00587,防尘网,安全设施/防护网,安全防护/隔离防护/防护网,规格: 10针,平方,1,可建档,10针防尘网,Sheet1:1077,材质/颜色/克重缺失,REVIEW-MAT-00587,single_candidate;low_precision,0.70,true
REVIEW-MAT-00588,污水泵,设备/泵类设备,设备备件与加工件/设备专用备件/设备备件,功率: 1.5kW；口径: 2寸,台,1,可建档,1.5千瓦2寸污水泵,Sheet1:1078,扬程/流量/电压缺失,REVIEW-MAT-00588,single_candidate;low_precision,0.70,true
REVIEW-MAT-00589,钢丝球,劳保耗材/清洁用品,劳保用品/其他/清洁用品,类型: 钢丝球,个,1,可建档,钢丝球,Sheet1:1081,,REVIEW-MAT-00589,single_candidate;human_review_group,0.65,true
REVIEW-MAT-00590,钢丝刷,工具器具/清洁工具,工具器具/其他/清洁工具,类型: 钢丝刷,支,1,可建档,钢丝刷,Sheet1:1082,规格缺失,REVIEW-MAT-00590,single_candidate;low_precision;human_review_group,0.65,true
REVIEW-MAT-00591,办公椅,行政后勤/办公家具,行政办公与清洁/生活后勤/生活用品,类型: 多功能办公椅,把,1,可建档,多功能办公椅,Sheet1:1087,材质/规格缺失,REVIEW-MAT-00591,single_candidate;low_precision,0.70,true
REVIEW-MAT-00592,绝缘摇表,工具器具/检测仪器,工具器具/其他/检测仪器,量程/电压: 2500,个,1,可建档,2500绝缘摇表,Sheet1:1089,单位V？精度/品牌缺失,REVIEW-MAT-00592,single_candidate;low_precision;human_review_group,0.65,true
REVIEW-MAT-00593,摇表表笔,工具器具/检测仪器配件,工具器具/工具配件/工具配件,适用设备: 摇表；类型: 表笔,个,1,可建档,摇表笔,Sheet1:1090,接口/耐压缺失,REVIEW-MAT-00593,single_candidate;low_precision,0.70,true
REVIEW-MAT-00594,电热水壶,行政后勤/生活电器,行政办公与清洁/生活后勤/生活用品,品牌: 苏泊尔,个,1,可建档,苏泊尔热水壶,Sheet1:1091,容量/功率缺失,REVIEW-MAT-00594,single_candidate;low_precision,0.70,true
REVIEW-MAT-00595,鼠标,行政后勤/办公用品,行政办公与清洁/办公用品/文具书写,品牌: 小米；类型: 鼠标,个,1,可建档,小米鼠标,Sheet1:1092,有线/无线/型号缺失,REVIEW-MAT-00595,single_candidate;low_precision,0.70,true
REVIEW-MAT-00596,无线鼠标,行政后勤/办公用品,行政办公与清洁/办公用品/文具书写,类型: 无线鼠标,个,1,可建档-低精度,无线鼠标,Sheet1:1093,品牌/型号缺失,REVIEW-MAT-00596,single_candidate;low_precision,0.70,true
REVIEW-MAT-00597,缠绕膜,包装材料/缠绕膜,包装与标识/袋箱膜包装/袋箱膜,颜色: 透明；宽度: 50cm；重量: 5KG,个,1,可建档,透明缠绕膜50cm*5KG,Sheet1:1095,材质/芯径缺失,REVIEW-MAT-00597,single_candidate;low_precision,0.70,true
REVIEW-MAT-00598,纸箱,包装材料/纸箱,包装与标识/袋箱膜包装/袋箱膜,规格: 70*50,个,1,可建档,70*50纸箱,Sheet1:1096,高度/层数缺失,REVIEW-MAT-00598,single_candidate;low_precision,0.70,true
REVIEW-MAT-00599,胶带切割器,包装材料/包装工具,包装与标识/其他/包装工具,适用: 透明胶带,个,1,可建档,透明胶带切割器,Sheet1:1097,适配宽度缺失,REVIEW-MAT-00599,single_candidate;low_precision;human_review_group,0.65,true
REVIEW-MAT-00600,钢筋加工件,定制件/钢筋加工件,设备备件与加工件/金属加工件/金属加工件,加工: 是；钢筋规格: 12；长度: 1.6米,个,1,可建档-定制件,加工12钢筋1.6米,Sheet1:1098,材质/图纸/弯折要求缺失,REVIEW-MAT-00600,single_candidate;low_precision,0.70,true
REVIEW-MAT-00601,钢筋加工件,定制件/钢筋加工件,设备备件与加工件/金属加工件/金属加工件,加工: 是；钢筋规格: 12；长度: 11.93米,个,1,可建档-定制件,加工12钢筋11.93米,Sheet1:1099,材质/图纸/弯折要求缺失,REVIEW-MAT-00601,single_candidate;low_precision,0.70,true
REVIEW-MAT-00602,钢筋加工件,定制件/钢筋加工件,设备备件与加工件/金属加工件/金属加工件,加工: 是；钢筋规格: 12；长度: 12.94米,个,1,可建档-定制件,加工12钢筋12.94米,Sheet1:1100,材质/图纸/弯折要求缺失,REVIEW-MAT-00602,single_candidate;low_precision,0.70,true
REVIEW-MAT-00603,钢筋方形箍,定制件/钢筋加工件,设备备件与加工件/金属加工件/金属加工件,加工: 是；钢筋规格: 12；形状: 方形箍,个,1,可建档-定制件,加工12钢筋方形箍,Sheet1:1101,尺寸/图纸缺失,REVIEW-MAT-00603,single_candidate;low_precision,0.70,true
REVIEW-MAT-00604,充电电钻,工具器具/电动工具,工具器具/电动工具/电钻角磨机,供电: 充电,台,1,可建档,充电电钻,Sheet1:1102,电压/电池容量/品牌缺失,REVIEW-MAT-00604,single_candidate;low_precision,0.70,true
REVIEW-MAT-00605,厕所刷,劳保耗材/清洁工具,劳保用品/其他/清洁工具,用途: 厕所清洁,把,1,可建档,厕所刷子,Sheet1:1106,,REVIEW-MAT-00605,single_candidate;human_review_group,0.65,true
REVIEW-MAT-00606,洁厕剂,劳保耗材/清洁用品,劳保用品/其他/清洁用品,类型: 洁厕灵,支,1,可建档,洁厕灵,Sheet1:1107,容量/品牌缺失,REVIEW-MAT-00606,single_candidate;low_precision;human_review_group,0.65,true
REVIEW-MAT-00607,拖把,劳保耗材/清洁工具,劳保用品/其他/清洁工具,类型: 拖把,支,1,可合并,拖把,Sheet1:1108,与前文拖把同物料，单位个/支需统一,REVIEW-MAT-00607,single_candidate;source_status_contains_merge;human_review_group,0.65,true
REVIEW-MAT-00608,锂电钻,工具器具/电动工具,工具器具/电动工具/电钻角磨机,特征: 大功率；供电: 锂电池,台,1,可建档,大功率锂电钻,Sheet1:1109,电压/电池容量/品牌缺失,REVIEW-MAT-00608,single_candidate;low_precision,0.70,true
REVIEW-MAT-00609,铜鼻子,电气材料/电缆附件,电气与自动化/电线电缆与敷设/电线电缆,电流: 300A；材质: 铜,个,1,可建档,300A铜鼻子,Sheet1:1110,线径/孔径缺失,REVIEW-MAT-00609,single_candidate;low_precision,0.70,true
REVIEW-MAT-00610,铜鼻子,电气材料/电缆附件,电气与自动化/电线电缆与敷设/电线电缆,电流: 200A；材质: 铜,个,1,可建档,200A铜鼻子,Sheet1:1111,线径/孔径缺失,REVIEW-MAT-00610,single_candidate;low_precision,0.70,true
REVIEW-MAT-00611,PVC给水管,工程材料/PVC管件,工程建材/其他/PVC管件,品牌: 公元；规格: 40；材质: PVC；用途: 给水,米,1,可建档,公元40pvc给水管,Sheet1:1113,压力等级缺失,REVIEW-MAT-00611,single_candidate;low_precision;human_review_group,0.65,true
REVIEW-MAT-00612,异径三通,工程材料/PVC管件,工程建材/其他/PVC管件,品牌: 公元；规格: 40*32；类型: 三通,个,1,可建档,公元三通40×32,Sheet1:1117,材质默认PVC需确认,REVIEW-MAT-00612,single_candidate;human_review_group,0.65,true
REVIEW-MAT-00613,异径三通,工程材料/PVC管件,工程建材/其他/PVC管件,品牌: 公元；规格: 40*25；类型: 三通,个,1,可建档,公元三通40×25,Sheet1:1118,材质默认PVC需确认,REVIEW-MAT-00613,single_candidate;human_review_group,0.65,true
REVIEW-MAT-00614,PVC管卡,工程材料/管道紧固,工程建材/其他/管道紧固,品牌: 公元；材质: PVC；规格: 40,个,1,可建档,公元pvc40管卡,Sheet1:1119,,REVIEW-MAT-00614,single_candidate;human_review_group,0.65,true
REVIEW-MAT-00615,PVC45度弯头,工程材料/PVC管件,工程建材/其他/PVC管件,品牌: 公元；规格: 40；角度: 45度,个,1,可建档,公元40×45°弯头,Sheet1:1120,材质默认PVC需确认,REVIEW-MAT-00615,single_candidate;human_review_group,0.65,true
REVIEW-MAT-00616,异径接头,工程材料/PVC管件,工程建材/其他/PVC管件,品牌: 公元；规格: 40*32；类型: 大接头/异径,个,1,可建档,公元40×32大接头,Sheet1:1122,材质默认PVC需确认,REVIEW-MAT-00616,single_candidate;human_review_group,0.65,true
REVIEW-MAT-00617,厚双面胶,化工耗材/胶粘带,化工油漆胶粘/胶粘密封/胶粘剂,类型: 双面胶；特征: 厚,卷,1,可建档,双面胶厚,Sheet1:1125,宽度/长度缺失,REVIEW-MAT-00617,single_candidate;low_precision,0.70,true
REVIEW-MAT-00618,窗帘支架,行政后勤/设施配件,行政办公与清洁/其他/设施配件,用途: 窗帘,套,1,可建档,窗帘支架,Sheet1:1132,长度/安装方式缺失,REVIEW-MAT-00618,single_candidate;low_precision;human_review_group,0.65,true
REVIEW-MAT-00619,黑模板,建筑材料/模板木方,工程建材/其他/模板木方,厚度: 3.0；颜色: 黑,张,1,可建档,黑模板3.0厚,Sheet1:1135,长宽/单位缺失,REVIEW-MAT-00619,single_candidate;low_precision;human_review_group,0.65,true
REVIEW-MAT-00620,一位开关,电气材料/开关,电气与自动化/低压电器/开关按钮,品牌: 公牛；位数: 1位,套,1,可建档,公牛一位开关,Sheet1:1136,电流/安装方式缺失,REVIEW-MAT-00620,single_candidate;low_precision,0.70,true
REVIEW-MAT-00621,五孔插座,电气材料/插头插座,电气与自动化/插头插座/插头插座,品牌: 公牛；类型: 五孔,套,1,可合并,公牛五孔插座,Sheet1:1137,与第761行同物料，电流缺失,REVIEW-MAT-00621,single_candidate;source_status_contains_merge;low_precision,0.70,true
REVIEW-MAT-00622,手持打码机,设备/标识设备,设备备件与加工件/其他/标识设备,类型: 手持；功能: 大字符打码,台,1,可建档,手持大字符打码机,Sheet1:1141,型号/耗材类型缺失,REVIEW-MAT-00622,single_candidate;low_precision;human_review_group,0.65,true
REVIEW-MAT-00623,洗洁精,劳保耗材/清洁用品,劳保用品/其他/清洁用品,类型: 洗洁精,支,1,可建档,洗洁精,Sheet1:1143,容量/品牌缺失,REVIEW-MAT-00623,single_candidate;low_precision;human_review_group,0.65,true
REVIEW-MAT-00624,吊带,吊装索具/吊带,吊装索具/吊带索具/吊带,载荷: 5吨；长度: 6m,条,1,可合并,吊带5吨×6m,Sheet1:1144,与第679行同物料，单位付/条需统一,REVIEW-MAT-00624,single_candidate;source_status_contains_merge;human_review_group,0.65,true
REVIEW-MAT-00625,直通,工程材料/PVC管件,工程建材/其他/PVC管件,品牌: 公元；规格: 110；类型: 直通,个,1,可建档,公元110直通,Sheet1:1147,材质需确认,REVIEW-MAT-00625,single_candidate;human_review_group,0.65,true
REVIEW-MAT-00626,管卡,工程材料/管道紧固,工程建材/其他/管道紧固,品牌: 公元；规格: 110,个,1,可建档,公元110管卡,Sheet1:1148,材质缺失,REVIEW-MAT-00626,single_candidate;low_precision;human_review_group,0.65,true
REVIEW-MAT-00627,方形集水斗,工程材料/排水管件,工程建材/其他/排水管件,品牌: 公元；规格: 110；形状: 方形,个,1,可建档,公元110方形集水斗,Sheet1:1150,材质/安装方式缺失,REVIEW-MAT-00627,single_candidate;low_precision;human_review_group,0.65,true
REVIEW-MAT-00628,调和漆,化工耗材/涂料,化工油漆胶粘/油漆涂料/涂料油漆,颜色: 红色；类型: 调和漆,桶,1,可建档,红色调和油漆,Sheet1:1151,包装/品牌缺失,REVIEW-MAT-00628,single_candidate;low_precision,0.70,true
REVIEW-MAT-00629,调和漆,化工耗材/涂料,化工油漆胶粘/油漆涂料/涂料油漆,颜色: 中黄；类型: 调和漆,桶,1,可建档,中黄调和油漆,Sheet1:1152,包装/品牌缺失,REVIEW-MAT-00629,single_candidate;low_precision,0.70,true
REVIEW-MAT-00630,快速插头,电气材料/插头插座,电气与自动化/插头插座/插头插座,电压: 220V；类型: 快速插头,个,1,可建档,220v快速插头,Sheet1:1159,电流/极数/IP等级缺失,REVIEW-MAT-00630,single_candidate;low_precision,0.70,true
REVIEW-MAT-00631,快速插座,电气材料/插头插座,电气与自动化/插头插座/插头插座,电压: 220V；类型: 快速插座,个,1,可建档,220v快速插座,Sheet1:1160,电流/极数/IP等级缺失,REVIEW-MAT-00631,single_candidate;low_precision,0.70,true
REVIEW-MAT-00632,快速插头,电气材料/插头插座,电气与自动化/插头插座/插头插座,电压: 380V；类型: 快速插头,个,1,可建档,380v快速插头,Sheet1:1161,电流/极数/IP等级缺失,REVIEW-MAT-00632,single_candidate;low_precision,0.70,true
REVIEW-MAT-00633,快速插座,电气材料/插头插座,电气与自动化/插头插座/插头插座,电压: 380V；类型: 快速插座,个,1,可建档,380v快速插座,Sheet1:1162,电流/极数/IP等级缺失,REVIEW-MAT-00633,single_candidate;low_precision,0.70,true
REVIEW-MAT-00634,帆布手套,劳保耗材/手套,劳保用品/手部防护/手套,材质: 帆布；特征: 加厚、双层,双,1,可建档,加厚双层帆布手套,Sheet1:1163,尺码缺失,REVIEW-MAT-00634,single_candidate;low_precision,0.70,true
REVIEW-MAT-00635,滚筒刷,工具器具/涂装工具,工具器具/涂装工具/刷辊喷涂,规格: 8寸,支,1,可建档,8寸滚筒,Sheet1:1164,材质缺失,REVIEW-MAT-00635,single_candidate;low_precision,0.70,true
REVIEW-MAT-00636,滚筒刷,工具器具/涂装工具,工具器具/涂装工具/刷辊喷涂,规格: 4寸,支,1,可建档,4寸滚筒,Sheet1:1165,材质缺失,REVIEW-MAT-00636,single_candidate;low_precision,0.70,true
REVIEW-MAT-00637,小滚筒刷,工具器具/涂装工具,工具器具/涂装工具/刷辊喷涂,规格: 4寸；类型: 小滚筒,支,1,可建档,4寸小滚筒,Sheet1:1166,材质缺失,REVIEW-MAT-00637,single_candidate;low_precision,0.70,true
REVIEW-MAT-00638,自喷漆,化工耗材/涂料,化工油漆胶粘/油漆涂料/涂料油漆,品牌: 三和；颜色: 灰色；类型: 自喷漆,支,1,可合并,三和灰色喷漆,Sheet1:1167,与第496行同物料，容量缺失,REVIEW-MAT-00638,single_candidate;source_status_contains_merge;low_precision,0.70,true
REVIEW-MAT-00639,垃圾袋,劳保耗材/清洁用品,劳保用品/其他/清洁用品,规格: 大号,个,2,可合并,大垃圾袋子,Sheet1:1168；Sheet1:1349,与前文垃圾袋同类，尺寸/厚度缺失 | 与第1167行同物料，尺寸缺失,REVIEW-MAT-00639,single_candidate;source_status_contains_merge;low_precision;human_review_group,0.65,true
REVIEW-MAT-00640,二氧化碳减压表,焊接耗材/气体配件,焊接焊割/其他/气体配件,适用气体: 二氧化碳；类型: 压力表/减压表,个,1,可建档,二氧化碳表,Sheet1:1170,量程/接口缺失,REVIEW-MAT-00640,single_candidate;low_precision;human_review_group,0.65,true
REVIEW-MAT-00641,乙炔减压表,焊接耗材/气体配件,焊接焊割/其他/气体配件,适用气体: 乙炔；类型: 压力表/减压表,个,2,可合并 | 可建档,乙炔表,Sheet1:1171；Sheet1:1221,量程/接口缺失 | 与第1170行同物料，量程缺失,REVIEW-MAT-00641,single_candidate;source_status_contains_merge;low_precision;human_review_group,0.65,true
REVIEW-MAT-00642,氧气减压表,焊接耗材/气体配件,焊接焊割/其他/气体配件,适用气体: 氧气；类型: 压力表/减压表,个,1,可建档,氧气表,Sheet1:1172,量程/接口缺失,REVIEW-MAT-00642,single_candidate;low_precision;human_review_group,0.65,true
REVIEW-MAT-00643,螺丝,五金备件/紧固件,五金备件/其他/紧固件,规格: M30*100,个,1,可建档,M30*100螺丝,Sheet1:1176,材质/强度等级缺失,REVIEW-MAT-00643,single_candidate;low_precision;human_review_group,0.65,true
REVIEW-MAT-00644,螺母,五金备件/紧固件,五金备件/其他/紧固件,规格: M30,个,1,可建档,M30螺母,Sheet1:1177,材质/强度等级缺失,REVIEW-MAT-00644,single_candidate;low_precision;human_review_group,0.65,true
REVIEW-MAT-00645,平垫片,五金备件/紧固件,五金备件/其他/紧固件,规格: M30,个,1,可建档,M30平垫,Sheet1:1178,材质缺失,REVIEW-MAT-00645,single_candidate;low_precision;human_review_group,0.65,true
REVIEW-MAT-00646,弹簧垫片,五金备件/紧固件,五金备件/其他/紧固件,规格: M30,个,1,可建档,M30弹垫,Sheet1:1179,材质缺失,REVIEW-MAT-00646,single_candidate;low_precision;human_review_group,0.65,true
REVIEW-MAT-00647,螺丝,五金备件/紧固件,五金备件/其他/紧固件,规格: M27*120,个,1,可建档,M27*120螺丝,Sheet1:1180,材质/强度等级缺失,REVIEW-MAT-00647,single_candidate;low_precision;human_review_group,0.65,true
REVIEW-MAT-00648,螺母,五金备件/紧固件,五金备件/其他/紧固件,规格: M27,个,1,可合并,M27螺母,Sheet1:1181,与第37行/前文M27螺母同类,REVIEW-MAT-00648,single_candidate;source_status_contains_merge;human_review_group,0.65,true
REVIEW-MAT-00649,平垫片,五金备件/紧固件,五金备件/其他/紧固件,规格: M27,个,1,可合并,M27平垫,Sheet1:1182,与第77行/前文M27垫片同类,REVIEW-MAT-00649,single_candidate;source_status_contains_merge;human_review_group,0.65,true
REVIEW-MAT-00650,弹簧垫片,五金备件/紧固件,五金备件/其他/紧固件,规格: M27,个,1,可建档,M27弹垫,Sheet1:1183,材质缺失,REVIEW-MAT-00650,single_candidate;low_precision;human_review_group,0.65,true
REVIEW-MAT-00651,螺丝,五金备件/紧固件,五金备件/其他/紧固件,规格: 12*40,套,3,可合并 | 可建档,12*40螺丝,Sheet1:1189；Sheet1:1363；Sheet1:1374,是否M12/材质缺失 | 与第1188行同物料，是否M12需确认 | 与第1362行同物料,REVIEW-MAT-00651,single_candidate;source_status_contains_merge;low_precision;human_review_group,0.65,true
REVIEW-MAT-00652,无缝管,原材料/钢管,金属原材料/其他/钢管,规格: 68*6,米,1,可建档,68*6无缝管,Sheet1:1190,材质/标准缺失,REVIEW-MAT-00652,single_candidate;low_precision;human_review_group,0.65,true
REVIEW-MAT-00653,纱布,劳保耗材/急救用品,劳保用品/其他/急救用品,包装: 大包,包,1,可建档,纱布大包,Sheet1:1191,尺寸/卷数缺失,REVIEW-MAT-00653,single_candidate;low_precision;human_review_group,0.65,true
REVIEW-MAT-00654,雨衣,劳保耗材/雨具,劳保用品/其他/雨具,特征: 加厚,套,1,可建档,加厚雨衣,Sheet1:1194,材质/尺码缺失,REVIEW-MAT-00654,single_candidate;low_precision;human_review_group,0.65,true
REVIEW-MAT-00655,电池,电气材料/电池,电气与自动化/电源电池/电源电池,规格: 7号,个,1,可建档,7号电池,Sheet1:1195,品牌/类型缺失,REVIEW-MAT-00655,single_candidate;low_precision,0.70,true
REVIEW-MAT-00656,漏电断路器,电气材料/低压电器,电气与自动化/低压电器/低压电器,品牌: 施耐德；极数: 2P；电流: 63A,个,3,可合并 | 可建档,施耐德2P63A漏保；施耐德2P63a漏电保护开关,Sheet1:1196；Sheet1:1225；Sheet1:1297,型号/漏电动作电流缺失 | 与第1195行同物料，型号缺失 | 与第1224行同物料，型号缺失,REVIEW-MAT-00656,single_candidate;source_status_contains_merge;low_precision,0.70,true
REVIEW-MAT-00657,钢丝绳铝扣,吊装索具/钢丝绳配件,吊装索具/吊带索具/钢丝绳链条,材质: 铝；用途: 钢丝绳扣压,个,1,可建档,钢丝绳铝扣,Sheet1:1200,适配钢丝绳直径缺失,REVIEW-MAT-00657,single_candidate;low_precision;human_review_group,0.65,true
REVIEW-MAT-00658,角钢,原材料/型钢,金属原材料/其他/型钢,规格: 40*40*5；标准: 国标,米,2,可合并 | 可建档,40*40*5国标角铁,Sheet1:1202；Sheet1:1330,材质牌号缺失 | 与第1201行同物料，材质牌号缺失,REVIEW-MAT-00658,single_candidate;source_status_contains_merge;low_precision;human_review_group,0.65,true
REVIEW-MAT-00659,花纹钢板,原材料/钢板,金属原材料/钢材型材/钢材型材,厚度: 3.0；类型: 花纹钢板,平方,1,可合并,3.0花纹钢板,Sheet1:1203,与第573行同类，材质缺失,REVIEW-MAT-00659,single_candidate;source_status_contains_merge;low_precision,0.70,true
REVIEW-MAT-00660,电线,电气材料/电线电缆,电气与自动化/电线电缆与敷设/电线电缆,品牌: 起帆；截面积: 1.5平方,米,1,可建档,起帆1.5平方电线,Sheet1:1209,线型/颜色缺失,REVIEW-MAT-00660,single_candidate;low_precision,0.70,true
REVIEW-MAT-00661,除甲醛机,行政后勤/办公设备,行政办公与清洁/其他/办公设备,用途: 办公室；功能: 除甲醛,个,1,可建档,办公室除甲醛机,Sheet1:1214,型号/适用面积缺失,REVIEW-MAT-00661,single_candidate;low_precision;human_review_group,0.65,true
REVIEW-MAT-00662,焊接异径接头,工程材料/管件,工程建材/其他/管件,规格: 159*89；连接: 焊接；类型: 大小头,个,1,可建档,焊接159*89大小头,Sheet1:1216,材质/壁厚缺失,REVIEW-MAT-00662,single_candidate;low_precision;human_review_group,0.65,true
REVIEW-MAT-00663,钢管抱箍,定制件/管路接头,设备备件与加工件/金属加工件/金属加工件,加工: 是；规格: 159；适用: 钢管,个,1,可建档-定制件,159加工钢管抱箍,Sheet1:1217,图纸/材质/厚度缺失,REVIEW-MAT-00663,single_candidate;low_precision,0.70,true
REVIEW-MAT-00664,钢管抱箍,定制件/管路接头,设备备件与加工件/金属加工件/金属加工件,加工: 是；规格: 89；适用: 钢管,个,1,可建档-定制件,加工89钢管抱箍,Sheet1:1218,图纸/材质/厚度缺失,REVIEW-MAT-00664,single_candidate;low_precision,0.70,true
REVIEW-MAT-00665,带牙钢管加工件,定制件/管路接头,设备备件与加工件/金属加工件/金属加工件,加工: 是；规格: 89；工序: 带牙,个,1,可建档-定制件,加工89钢管带牙,Sheet1:1219,牙型/长度/图纸缺失,REVIEW-MAT-00665,single_candidate;low_precision,0.70,true
REVIEW-MAT-00666,不锈钢球阀,工程材料/阀门,工程建材/其他/阀门,品牌: 埃美柯；规格: 80；材质: 不锈钢；特征: 加厚,个,1,可建档,埃美柯80加厚不锈钢球阀,Sheet1:1220,压力等级/连接形式缺失,REVIEW-MAT-00666,single_candidate;low_precision;human_review_group,0.65,true
REVIEW-MAT-00667,电焊帽,劳保耗材/眼面防护,劳保用品/其他/眼面防护,品质: 好；用途: 电焊,个,1,可建档-低精度,好电焊帽,Sheet1:1224,防护等级/型号缺失,REVIEW-MAT-00667,single_candidate;low_precision;human_review_group,0.65,true
REVIEW-MAT-00668,铝合金窗,定制件/门窗制品,设备备件与加工件/金属加工件/金属加工件,定制: 是；材质: 铝合金,套,1,可建档-定制件,定做铝合金窗,Sheet1:1226,尺寸/玻璃规格缺失,REVIEW-MAT-00668,single_candidate;low_precision,0.70,true
REVIEW-MAT-00669,不锈钢窗护栏,定制件/门窗制品,设备备件与加工件/金属加工件/金属加工件,材质: 不锈钢；用途: 窗护栏,套,1,可建档-定制件,不锈钢窗护栏,Sheet1:1227,尺寸/图纸缺失,REVIEW-MAT-00669,single_candidate;low_precision,0.70,true
REVIEW-MAT-00670,铜接线端子,电气材料/接线端子,电气与自动化/接线连接/接线端子,截面积: 4平方；材质: 铜,个,1,可建档,4平方铜接线端子,Sheet1:1232,端子形式缺失,REVIEW-MAT-00670,single_candidate;low_precision,0.70,true
REVIEW-MAT-00671,铜接线端子,电气材料/接线端子,电气与自动化/接线连接/接线端子,截面积: 6平方；材质: 铜,个,1,可建档,6平方铜接线端子,Sheet1:1233,端子形式缺失,REVIEW-MAT-00671,single_candidate;low_precision,0.70,true
REVIEW-MAT-00672,端子压线钳,工具器具/电工工具,工具器具/其他/电工工具,适用: 接线端子；类型: 压钳,个,1,可建档,接线端子压钳,Sheet1:1234,压接范围缺失,REVIEW-MAT-00672,single_candidate;low_precision;human_review_group,0.65,true
REVIEW-MAT-00673,单向阀,工程材料/阀门,工程建材/其他/阀门,品牌: 埃美柯；规格: 80；类型: 单向阀,个,1,可建档,埃美柯80单向阀,Sheet1:1237,材质/压力等级/连接形式缺失,REVIEW-MAT-00673,single_candidate;low_precision;human_review_group,0.65,true
REVIEW-MAT-00674,带牙钢管加工件,定制件/管路接头,设备备件与加工件/金属加工件/金属加工件,加工: 是；规格: 80；工序: 带牙,个,1,可建档-定制件,加工80钢管带牙,Sheet1:1238,牙型/长度/图纸缺失,REVIEW-MAT-00674,single_candidate;low_precision,0.70,true
REVIEW-MAT-00675,槽钢,原材料/型钢,金属原材料/其他/型钢,规格: 10#；特征: 厚,米,1,可建档,10#厚槽钢,Sheet1:1239,材质牌号缺失,REVIEW-MAT-00675,single_candidate;low_precision;human_review_group,0.65,true
REVIEW-MAT-00676,橡胶板,原材料/橡胶材料,金属原材料/其他/橡胶材料,厚度: 2cm,kg,1,可建档,2cm橡胶板,Sheet1:1240,材质/宽度缺失,REVIEW-MAT-00676,single_candidate;low_precision;human_review_group,0.65,true
REVIEW-MAT-00677,屏蔽信号电缆,电气材料/电线电缆,电气与自动化/电线电缆与敷设/电线电缆,规格: 3*1.5；类型: 信号屏蔽,米,1,可建档,3*1.5信号屏蔽电缆线,Sheet1:1241,屏蔽形式/品牌缺失,REVIEW-MAT-00677,single_candidate;low_precision,0.70,true
REVIEW-MAT-00678,吊带,吊装索具/吊带,吊装索具/吊带索具/吊带,载荷: 20T；长度: 6米；原名含“好”,条,1,可建档,20T*6米吊带好,Sheet1:1244,“好”是否等级描述？执行标准缺失,REVIEW-MAT-00678,single_candidate;low_precision;human_review_group,0.65,true
REVIEW-MAT-00679,管片强力胶,化工耗材/胶粘剂,化工油漆胶粘/胶粘密封/胶粘剂,用途: 管片；类型: 强力胶,桶,1,可建档,管片强力胶水,Sheet1:1245,品牌/包装/固化体系缺失,REVIEW-MAT-00679,single_candidate;low_precision,0.70,true
REVIEW-MAT-00680,焊接弯头,工程材料/管件,工程建材/其他/管件,规格: 89；连接: 焊接,个,1,可建档,89焊接弯头,Sheet1:1246,材质/角度/壁厚缺失,REVIEW-MAT-00680,single_candidate;low_precision;human_review_group,0.65,true
REVIEW-MAT-00681,焊接弯头,工程材料/管件,工程建材/其他/管件,规格: 168；连接: 焊接,个,1,可建档,168焊接弯头,Sheet1:1247,材质/角度/壁厚缺失,REVIEW-MAT-00681,single_candidate;low_precision;human_review_group,0.65,true
REVIEW-MAT-00682,双快水泥,建筑材料/水泥砂石,工程建材/水泥砂石/水泥砂石,类型: 双快,包,1,可合并,双快水泥,Sheet1:1249,与第462行同物料，包装重量缺失,REVIEW-MAT-00682,single_candidate;source_status_contains_merge;low_precision,0.70,true
REVIEW-MAT-00683,雨棚,定制件/遮雨棚,设备备件与加工件/金属加工件/金属加工件,尺寸: 4*4米；特征: 加厚,个,1,可建档-定制件,加厚4*4米雨棚,Sheet1:1253,材质/结构缺失,REVIEW-MAT-00683,single_candidate;low_precision,0.70,true
REVIEW-MAT-00684,镀锌铁皮,原材料/板材,金属原材料/其他/板材,厚度: 1.2；表面: 镀锌,米,1,可建档,1.2镀锌铁皮,Sheet1:1254,宽度/材质缺失,REVIEW-MAT-00684,single_candidate;low_precision;human_review_group,0.65,true
REVIEW-MAT-00685,防火棉,建筑材料/保温防火材料,工程建材/保温防水/保温材料,特性: 阻燃；类型: 防火棉,平方,1,可建档,阻燃防火棉,Sheet1:1255,厚度/防火等级缺失,REVIEW-MAT-00685,single_candidate;low_precision,0.70,true
REVIEW-MAT-00686,玛氏漏斗粘度计,工具器具/检测仪器,工具器具/其他/检测仪器,材质: 不锈钢；类型: 玛氏漏斗粘度计,个,1,可建档,不锈钢玛氏漏斗粘度计,Sheet1:1257,量程/标准缺失,REVIEW-MAT-00686,single_candidate;low_precision;human_review_group,0.65,true
REVIEW-MAT-00687,透明胶带,包装材料/胶带,包装与标识/胶带标签/胶带,宽度: 5mm；长度: 100米；颜色: 透明,卷,1,可建档,5mm透明胶带100米,Sheet1:1258,,REVIEW-MAT-00687,single_candidate,1.00,false
REVIEW-MAT-00688,方头铁锹,工具器具/手动工具,工具器具/其他/手动工具,规格: 大号；类型: 方头,套,1,可建档,大方铁锹,Sheet1:1260,是否含柄需确认,REVIEW-MAT-00688,single_candidate;human_review_group,0.65,true
REVIEW-MAT-00689,方头铁锹,工具器具/手动工具,工具器具/其他/手动工具,规格: 小号；类型: 方头,套,1,可建档,小方铁锹,Sheet1:1261,是否含柄需确认,REVIEW-MAT-00689,single_candidate;human_review_group,0.65,true
REVIEW-MAT-00690,铁锹柄,工具器具/工具配件,工具器具/工具配件/工具配件,适用: 铁锹,支,1,可合并,铁锹柄,Sheet1:1262,与第50行同物料,REVIEW-MAT-00690,single_candidate;source_status_contains_merge,1.00,false
REVIEW-MAT-00691,电镐,工具器具/电动工具,工具器具/电动工具/电钻角磨机,规格: 15寸；特征: 专业长款,套,1,可建档,15寸专业长款电镐,Sheet1:1263,功率/品牌缺失,REVIEW-MAT-00691,single_candidate;low_precision,0.70,true
REVIEW-MAT-00692,橡胶防爆水带,消防器材/水带,消防器材/灭火器与水带/消防水带,规格: 100；材质: 橡胶；特征: 防爆,米,1,可建档,100橡胶防爆水带,Sheet1:1264,压力等级缺失,REVIEW-MAT-00692,single_candidate;low_precision;human_review_group,0.65,true
REVIEW-MAT-00693,高筒雨鞋,劳保耗材/足部防护,劳保用品/其他/足部防护,品牌: 回力；筒高: 高筒,双,2,可合并 | 可建档,回力雨鞋高筒,Sheet1:1267；Sheet1:1278,尺码缺失 | 与第1266行同物料，尺码缺失,REVIEW-MAT-00693,single_candidate;source_status_contains_merge;low_precision;human_review_group,0.65,true
REVIEW-MAT-00694,不锈钢钢丝绳,吊装索具/钢丝绳,吊装索具/吊带索具/钢丝绳链条,材质: 不锈钢,米,1,可建档,不锈钢钢丝绳,Sheet1:1268,直径/结构缺失,REVIEW-MAT-00694,single_candidate;low_precision;human_review_group,0.65,true
REVIEW-MAT-00695,镀锌钢管,定制件/钢管加工件,设备备件与加工件/金属加工件/金属加工件,定制: 是；规格: 48；表面: 镀锌,条,1,可建档-定制件,定做48镀锌钢管,Sheet1:1270,长度/壁厚/加工要求缺失,REVIEW-MAT-00695,single_candidate;low_precision,0.70,true
REVIEW-MAT-00696,卡环,吊装索具/连接件,吊装索具/其他/连接件,规格: 10厘,个,1,可建档,10厘卡环,Sheet1:1272,材质/载荷缺失,REVIEW-MAT-00696,single_candidate;low_precision;human_review_group,0.65,true
REVIEW-MAT-00697,铜球阀,工程材料/阀门,工程建材/其他/阀门,品牌: 埃美柯；规格: 4分；材质: 铜,个,1,可建档,埃美柯4分铜球阀,Sheet1:1275,压力等级/连接形式缺失,REVIEW-MAT-00697,single_candidate;low_precision;human_review_group,0.65,true
REVIEW-MAT-00698,外接头,工程材料/管件,工程建材/其他/管件,规格: 4分；类型: 外接头,个,1,可建档,4分外接头,Sheet1:1276,材质/螺纹缺失,REVIEW-MAT-00698,single_candidate;low_precision;human_review_group,0.65,true
REVIEW-MAT-00699,不锈钢水龙头,工程材料/水暖五金；水暖五金/水龙头,工程建材/水暖建材/水暖五金,材质: 不锈钢；类型: 水龙头,个,2,可建档,不锈钢水龙头,Sheet1:1280；Sheet1:2756,规格/安装方式缺失 || 规格/连接口径缺失,REVIEW-MAT-00699；REVIEW-MAT-01727,exact_name_group_unit_specs;low_precision,0.70,true
REVIEW-MAT-00700,冷热水阀,工程材料/水暖五金,工程建材/水暖建材/水暖五金,功能: 冷热水；类型: 水阀,个,1,可建档,冷热水阀,Sheet1:1281,规格/材质缺失,REVIEW-MAT-00700,single_candidate;low_precision,0.70,true
REVIEW-MAT-00701,撬杠,工具器具/手动工具,工具器具/其他/手动工具,规格: 60,个,1,可建档,60撬杠,Sheet1:1282,单位cm？材质缺失,REVIEW-MAT-00701,single_candidate;low_precision;human_review_group,0.65,true
REVIEW-MAT-00702,撬杠,工具器具/手动工具,工具器具/其他/手动工具,规格: 120,个,1,可建档,120撬杠,Sheet1:1283,单位cm？材质缺失,REVIEW-MAT-00702,single_candidate;low_precision;human_review_group,0.65,true
REVIEW-MAT-00703,电缆线,电气材料/电线电缆,电气与自动化/电线电缆与敷设/电线电缆,规格: 3*25,米,1,可建档,3*25电缆线,Sheet1:1284,品牌/型号缺失,REVIEW-MAT-00703,single_candidate;low_precision,0.70,true
REVIEW-MAT-00704,插座,电气材料/插头插座,电气与自动化/插头插座/插头插座,电流: 16A,个,1,可建档,16A插座,Sheet1:1285,孔位/安装方式缺失,REVIEW-MAT-00704,single_candidate;low_precision,0.70,true
REVIEW-MAT-00705,明装底盒,电气材料/插头插座,电气与自动化/插头插座/插头插座,安装: 明装；类型: 底盒,个,1,可合并,明装底盒,Sheet1:1286,与第1138行同物料，规格缺失,REVIEW-MAT-00705,single_candidate;source_status_contains_merge;low_precision,0.70,true
REVIEW-MAT-00706,RJ45水晶头,电气材料/弱电材料,电气与自动化/其他/弱电材料,类型: RJ45水晶头,个,1,可建档,水晶头,Sheet1:1288,类别/Cat等级缺失,REVIEW-MAT-00706,single_candidate;low_precision;human_review_group,0.65,true
REVIEW-MAT-00707,电缆线,电气材料/电线电缆,电气与自动化/电线电缆与敷设/电线电缆,品牌: 起帆；规格: 3*6+1,米,1,可建档,起帆3*6+1电缆,Sheet1:1295,型号/材质缺失,REVIEW-MAT-00707,single_candidate;low_precision,0.70,true
REVIEW-MAT-00708,网线钳,工具器具/电工工具,工具器具/其他/电工工具,用途: 网线压接,把,1,可建档,网线钳,Sheet1:1296,适配水晶头类型缺失,REVIEW-MAT-00708,single_candidate;low_precision;human_review_group,0.65,true
REVIEW-MAT-00709,PVC线管,电气材料/电缆附件,电气与自动化/电线电缆与敷设/电线电缆,规格: 25；材质: PVC,米,1,可建档,25pvc线管,Sheet1:1299,壁厚缺失,REVIEW-MAT-00709,single_candidate;low_precision,0.70,true
REVIEW-MAT-00710,测电笔,工具器具/电工工具,工具器具/其他/电工工具,外观: 透明；类型: 电笔,个,1,可建档,透明电笔,Sheet1:1303,电压范围缺失,REVIEW-MAT-00710,single_candidate;low_precision;human_review_group,0.65,true
REVIEW-MAT-00711,漏电断路器,电气材料/低压电器,电气与自动化/低压电器/低压电器,品牌: 施耐德；极数: 3P；电流: 250A,个,2,可合并 | 可建档,施耐德3p250A漏保,Sheet1:1306；Sheet1:1377,型号/漏电动作电流缺失 | 与第1305行同物料，型号缺失,REVIEW-MAT-00711,single_candidate;source_status_contains_merge;low_precision,0.70,true
REVIEW-MAT-00712,雨鞋,劳保耗材/足部防护,劳保用品/其他/足部防护,品牌: 回力；特征: 厚底,双,1,可建档,回力厚底雨鞋,Sheet1:1308,尺码/筒高缺失,REVIEW-MAT-00712,single_candidate;low_precision;human_review_group,0.65,true
REVIEW-MAT-00713,热熔机,工具器具/管道工具,工具器具/其他/管道工具,品牌: 公元；用途: PPR热熔,台,1,可建档,公元热熔机,Sheet1:1310,功率/适用口径缺失,REVIEW-MAT-00713,single_candidate;low_precision;human_review_group,0.65,true
REVIEW-MAT-00714,PPR弯头,工程材料/PPR管件,工程建材/水暖建材/水暖五金,品牌: 公元；规格: 25；材质: PPR,个,1,可建档,公元25PPR弯头,Sheet1:1311,角度/压力等级缺失,REVIEW-MAT-00714,single_candidate;low_precision,0.70,true
REVIEW-MAT-00715,PPR管卡,工程材料/PPR管件,工程建材/水暖建材/水暖五金,品牌: 公元；规格: 25；类型: 卡扣/管卡,个,1,可建档,公元ppr25卡扣,Sheet1:1312,卡扣/管卡叫法需统一,REVIEW-MAT-00715,single_candidate,1.00,false
REVIEW-MAT-00716,PPR直通,工程材料/PPR管件,工程建材/水暖建材/水暖五金,品牌: 公元；规格: 25；材质: PPR,个,1,可建档,公元ppr25直通,Sheet1:1313,压力等级缺失,REVIEW-MAT-00716,single_candidate;low_precision,0.70,true
REVIEW-MAT-00717,不锈钢球阀,工程材料/阀门,工程建材/其他/阀门,品牌: 埃美柯；规格: 50；材质: 不锈钢；特征: 加厚,个,1,可建档,埃美柯50加厚不锈钢球阀,Sheet1:1316,压力等级/连接形式缺失,REVIEW-MAT-00717,single_candidate;low_precision;human_review_group,0.65,true
REVIEW-MAT-00718,美工刀,工具器具/手动工具,工具器具/其他/手动工具,类型: 美工刀,把,1,可合并,美工刀,Sheet1:1320,与第403行同物料，单位需统一,REVIEW-MAT-00718,single_candidate;source_status_contains_merge;human_review_group,0.65,true
REVIEW-MAT-00719,美工刀片,工具器具/手动工具配件,工具器具/工具配件/工具配件,品牌: 得力；类型: 刀片,盒,2,可合并 | 可建档,得力刀片,Sheet1:1321；Sheet1:1333,规格/每盒数量缺失 | 与第1320行同物料，规格缺失,REVIEW-MAT-00719,single_candidate;source_status_contains_merge;low_precision,0.70,true
REVIEW-MAT-00720,老虎钳,工具器具/手动工具,工具器具/其他/手动工具,品牌: 世达；类型: 老虎钳,把,1,可建档,世达老虎钳,Sheet1:1322,规格尺寸缺失,REVIEW-MAT-00720,single_candidate;low_precision;human_review_group,0.65,true
REVIEW-MAT-00721,割炬,焊接耗材/焊割工具,焊接焊割/其他/焊割工具,规格: 100型,把,1,可建档,100型割炬,Sheet1:1323,气体类型/品牌缺失,REVIEW-MAT-00721,single_candidate;low_precision;human_review_group,0.65,true
REVIEW-MAT-00722,尖嘴钳,工具器具/手动工具,工具器具/其他/手动工具,品牌: 世达；类型: 尖嘴钳,把,1,可建档,世达尖嘴钳,Sheet1:1324,规格尺寸缺失,REVIEW-MAT-00722,single_candidate;low_precision;human_review_group,0.65,true
REVIEW-MAT-00723,活动扳手,工具器具/手动工具,工具器具/其他/手动工具,品牌: 世达；类型: 活动扳手,把,1,可建档,世达活动扳手,Sheet1:1325,规格尺寸缺失,REVIEW-MAT-00723,single_candidate;low_precision;human_review_group,0.65,true
REVIEW-MAT-00724,排气扇,电气材料/通风设备,电气与自动化/其他/通风设备,型号: FAD40-400,台,1,可建档,FAD40-400排气扇,Sheet1:1335,功率/电压缺失,REVIEW-MAT-00724,single_candidate;low_precision;human_review_group,0.65,true
REVIEW-MAT-00725,钢格板,定制件/金属加工件,设备备件与加工件/金属加工件/金属加工件,定制: 是；尺寸: 1.3-1.5米,块,1,可建档-定制件,定做1.3-1.5米钢格板,Sheet1:1336,图纸/承载/材质缺失,REVIEW-MAT-00725,single_candidate;low_precision,0.70,true
REVIEW-MAT-00726,切割嘴,焊接耗材/焊割配件,焊接焊割/其他/焊割配件,规格: 100型,个,1,可建档,100型切割嘴,Sheet1:1338,气体类型/孔径缺失,REVIEW-MAT-00726,single_candidate;low_precision;human_review_group,0.65,true
REVIEW-MAT-00727,导电嘴,焊接耗材/焊机配件,焊接焊割/焊割设备工具/焊机割炬,适用: 二氧化碳焊；类型: 导电嘴,个,1,可建档,二氧化碳导电嘴,Sheet1:1339,孔径/适配焊枪缺失,REVIEW-MAT-00727,single_candidate;low_precision,0.70,true
REVIEW-MAT-00728,膨胀螺丝,五金备件/紧固件,五金备件/其他/紧固件,规格: M20*140,个,1,可建档,M20*140膨胀螺丝,Sheet1:1340,材质/表面处理缺失,REVIEW-MAT-00728,single_candidate;low_precision;human_review_group,0.65,true
REVIEW-MAT-00729,膨胀螺丝,五金备件/紧固件,五金备件/其他/紧固件,规格: M22*140,个,1,可建档,M22*140膨胀螺丝,Sheet1:1341,材质/表面处理缺失,REVIEW-MAT-00729,single_candidate;low_precision;human_review_group,0.65,true
REVIEW-MAT-00730,PPR管,工程材料/PPR管件,工程建材/水暖建材/水暖五金,规格: DN200；材质: PPR,米,1,可建档,DN200PPR管,Sheet1:1343,压力等级/品牌缺失,REVIEW-MAT-00730,single_candidate;low_precision,0.70,true
REVIEW-MAT-00731,PPR接头,工程材料/PPR管件,工程建材/水暖建材/水暖五金,规格: 200；材质: PPR,个,1,可建档,200PPR接头,Sheet1:1344,接头形式/压力等级缺失,REVIEW-MAT-00731,single_candidate;low_precision,0.70,true
REVIEW-MAT-00732,花篮螺丝,吊装索具/拉紧器,吊装索具/其他/拉紧器,规格: 10厘,个,1,可建档,10厘花篮,Sheet1:1346,材质/载荷缺失,REVIEW-MAT-00732,single_candidate;low_precision;human_review_group,0.65,true
REVIEW-MAT-00733,膨胀钩,五金备件/紧固件,五金备件/其他/紧固件,规格: 10厘,个,1,可建档,10厘膨胀钩,Sheet1:1347,材质/载荷缺失,REVIEW-MAT-00733,single_candidate;low_precision;human_review_group,0.65,true
REVIEW-MAT-00734,拖把,劳保耗材/清洁工具,劳保用品/其他/清洁工具,类型: 拖把,个,1,可合并,拖把,Sheet1:1352,与第1107行同物料，单位需统一,REVIEW-MAT-00734,single_candidate;source_status_contains_merge;human_review_group,0.65,true
REVIEW-MAT-00735,双门控制箱,定制件/电控箱,设备备件与加工件/金属加工件/金属加工件,定制: 是；结构: 双门,套,1,可建档-定制件,定做双门控制箱,Sheet1:1356,尺寸/电气配置/IP等级缺失,REVIEW-MAT-00735,single_candidate;low_precision,0.70,true
REVIEW-MAT-00736,推进泵吸轮,定制件/设备备件,设备备件与加工件/金属加工件/金属加工件,定制: 是；适用设备: 推进泵；类型: 吸轮,套,1,可建档-定制件,定做推进泵吸轮,Sheet1:1357,图纸/材质缺失,REVIEW-MAT-00736,single_candidate;low_precision,0.70,true
REVIEW-MAT-00737,扁钢,原材料/型钢,金属原材料/其他/型钢,规格: 40*4,米,1,可建档,40*4扁铁,Sheet1:1359,材质牌号缺失,REVIEW-MAT-00737,single_candidate;low_precision;human_review_group,0.65,true
REVIEW-MAT-00738,水平尺,工具器具/测量工具,工具器具/量具测量/量具测量,长度: 60cm,把,1,可建档,60cm水平尺,Sheet1:1360,,REVIEW-MAT-00738,single_candidate,1.00,false
REVIEW-MAT-00739,水平尺,工具器具/测量工具,工具器具/量具测量/量具测量,长度: 100cm,把,1,可建档,100cm水平尺,Sheet1:1361,,REVIEW-MAT-00739,single_candidate,1.00,false
REVIEW-MAT-00740,不锈钢合页,五金备件/门窗五金,五金备件/其他/门窗五金,规格: 110；材质: 不锈钢,副,1,可建档,110不锈钢合页,Sheet1:1362,厚度/孔位缺失,REVIEW-MAT-00740,single_candidate;low_precision;human_review_group,0.65,true
REVIEW-MAT-00741,钻头,工具器具/工具配件,工具器具/工具配件/工具配件,规格: 4.0,支,1,可建档,4.0钻头,Sheet1:1364,材质/柄型缺失,REVIEW-MAT-00741,single_candidate;low_precision,0.70,true
REVIEW-MAT-00742,钻头,工具器具/工具配件,工具器具/工具配件/工具配件,规格: 5.0,支,1,可建档,5.0钻头,Sheet1:1365,材质/柄型缺失,REVIEW-MAT-00742,single_candidate;low_precision,0.70,true
REVIEW-MAT-00743,钻头,工具器具/工具配件,工具器具/工具配件/工具配件,规格: 5.5,支,1,可建档,5.5钻头,Sheet1:1366,材质/柄型缺失,REVIEW-MAT-00743,single_candidate;low_precision,0.70,true
REVIEW-MAT-00744,自喷漆,化工耗材/涂料,化工油漆胶粘/油漆涂料/涂料油漆,颜色: 白色；类型: 喷漆,瓶,1,可合并,白色喷漆,Sheet1:1367,与第54行同类，品牌/容量缺失,REVIEW-MAT-00744,single_candidate;source_status_contains_merge;low_precision,0.70,true
REVIEW-MAT-00745,钢管,原材料/钢管,金属原材料/其他/钢管,规格: 32*4.5,米,1,可建档,32*4.5钢管,Sheet1:1370,材质/标准缺失,REVIEW-MAT-00745,single_candidate;low_precision;human_review_group,0.65,true
REVIEW-MAT-00746,螺丝,五金备件/紧固件,五金备件/其他/紧固件,规格: M20*130,套,1,可建档,M20*130螺丝,Sheet1:1371,材质/强度等级缺失,REVIEW-MAT-00746,single_candidate;low_precision;human_review_group,0.65,true
REVIEW-MAT-00747,螺丝,五金备件/紧固件,五金备件/其他/紧固件,规格: M20*35,套,1,可建档,M20*35螺丝,Sheet1:1372,材质/强度等级缺失,REVIEW-MAT-00747,single_candidate;low_precision;human_review_group,0.65,true
REVIEW-MAT-00748,螺丝,五金备件/紧固件,五金备件/其他/紧固件,规格: M20*40,套,1,可建档,M20*40螺丝,Sheet1:1373,材质/强度等级缺失,REVIEW-MAT-00748,single_candidate;low_precision;human_review_group,0.65,true
REVIEW-MAT-00749,伸缩铝梯,工具器具/登高工具,工具器具/其他/登高工具,长度: 12米；材质: 铝；特征: 加厚伸缩,台,1,可建档,12米加厚伸缩铝梯,Sheet1:1378,承重等级缺失,REVIEW-MAT-00749,single_candidate;low_precision;human_review_group,0.65,true
REVIEW-MAT-00750,铁圈卡扣,定制件/管路接头,设备备件与加工件/金属加工件/金属加工件,加工: 是；规格: 168；类型: 铁圈卡扣,个,1,可建档-定制件,加工168铁圈卡扣,Sheet1:1379,图纸/材质缺失,REVIEW-MAT-00750,single_candidate;low_precision,0.70,true
REVIEW-MAT-00751,带牙铁管加工件,定制件/钢管加工件,设备备件与加工件/金属加工件/金属加工件,加工: 是；规格: 80*150；工序: 带牙,根,1,可建档-定制件,加工80*150铁管带牙,Sheet1:1381,牙型/图纸缺失,REVIEW-MAT-00751,single_candidate;low_precision,0.70,true
REVIEW-MAT-00752,膨胀螺丝,五金备件/紧固件,五金备件/其他/紧固件,规格: 8*60,个,1,可建档,8*60膨胀螺丝,Sheet1:1383,是否M8/材质缺失,REVIEW-MAT-00752,single_candidate;low_precision;human_review_group,0.65,true
REVIEW-MAT-00753,无缝管,原材料/钢管,金属原材料/其他/钢管,规格: 325*12,米,1,可建档,325*12无缝管,Sheet1:1384,材质/标准缺失,REVIEW-MAT-00753,single_candidate;low_precision;human_review_group,0.65,true
REVIEW-MAT-00754,焊接弯头,工程材料/管件,工程建材/其他/管件,规格: 325；特征: 加厚；连接: 焊接,个,1,可建档,325加厚焊接弯头,Sheet1:1385,角度/材质/壁厚缺失,REVIEW-MAT-00754,single_candidate;low_precision;human_review_group,0.65,true
REVIEW-MAT-00755,法兰盘,工程材料/管件,工程建材/其他/管件,规格: 325；类型: 法兰盘,个,1,可建档,325法兰盘,Sheet1:1386,压力等级/材质/孔距缺失,REVIEW-MAT-00755,single_candidate;low_precision;human_review_group,0.65,true
REVIEW-MAT-00756,法兰胶垫,工程材料/密封垫,工程建材/其他/密封垫,规格: 325；材质: 胶,个,1,可建档,325胶垫,Sheet1:1387,厚度/材质等级缺失,REVIEW-MAT-00756,single_candidate;low_precision;human_review_group,0.65,true
REVIEW-MAT-00757,螺丝,五金备件/紧固件,五金备件/其他/紧固件,规格: 22*100,个,1,可建档,22*100螺丝,Sheet1:1388,是否M22/材质缺失,REVIEW-MAT-00757,single_candidate;low_precision;human_review_group,0.65,true
REVIEW-MAT-00758,螺母,五金备件/紧固件,五金备件/其他/紧固件,规格: 22,个,1,可建档,22螺母,Sheet1:1389,是否M22/材质缺失,REVIEW-MAT-00758,single_candidate;low_precision;human_review_group,0.65,true
REVIEW-MAT-00759,不锈钢球阀,工程材料/阀门,工程建材/其他/阀门,品牌: 埃美柯；规格: 80；材质: 不锈钢；特征: 厚,个,1,可合并,埃美柯80不锈钢厚球阀,Sheet1:1392,与第1219行同类，压力等级缺失,REVIEW-MAT-00759,single_candidate;source_status_contains_merge;low_precision;human_review_group,0.65,true
REVIEW-MAT-00760,鸭嘴吊具,吊装索具/吊具,吊装索具/其他/吊具,载荷: 20T；类型: 鸭嘴吊具,个,1,可建档,20T鸭嘴吊具,Sheet1:1395,执行标准/开口尺寸缺失,REVIEW-MAT-00760,single_candidate;low_precision;human_review_group,0.65,true
REVIEW-MAT-00761,油布,建筑材料/防护覆盖,工程建材/其他/防护覆盖,类型: 油布,平方,1,可合并,油布,Sheet1:1396,与第1230行同类，厚度/材质缺失,REVIEW-MAT-00761,single_candidate;source_status_contains_merge;low_precision;human_review_group,0.65,true
REVIEW-MAT-00762,鞋垫,劳保耗材/足部防护,劳保用品/其他/足部防护,类型: 鞋垫,双,1,可建档-低精度,鞋垫,Sheet1:1397,尺码/材质缺失,REVIEW-MAT-00762,single_candidate;low_precision;human_review_group,0.65,true
REVIEW-MAT-00763,无缝管加工件,定制件/钢管加工件,设备备件与加工件/金属加工件/金属加工件,加工: 是；规格: 325*12；长度: 12米,根,1,可建档-定制件,加工325*12无缝管加工12米,Sheet1:1403,材质/图纸/端部处理缺失,REVIEW-MAT-00763,single_candidate;low_precision,0.70,true
REVIEW-MAT-00764,卡簧,五金备件/紧固件,五金备件/其他/紧固件,规格: 40；类型: 卡簧,个,1,可建档,40卡簧,Sheet1:1404,内/外卡簧类型缺失,REVIEW-MAT-00764,single_candidate;low_precision;human_review_group,0.65,true
REVIEW-MAT-00765,螺丝,五金备件/紧固件,五金备件/其他/紧固件,规格: 16*160,个,1,可建档,16*160螺丝,Sheet1:1405,是否M16/材质缺失,REVIEW-MAT-00765,single_candidate;low_precision;human_review_group,0.65,true
REVIEW-MAT-00766,不锈钢骑马卡,五金备件/管道紧固,五金备件/其他/管道紧固,规格: 40；材质: 不锈钢,个,1,可建档,40不锈钢骑马卡,Sheet1:1408,适配管径/厚度缺失,REVIEW-MAT-00766,single_candidate;low_precision;human_review_group,0.65,true
REVIEW-MAT-00767,膨胀螺丝,五金备件/紧固件,五金备件/其他/紧固件,规格: 6厘,个,1,可建档,6厘膨胀螺丝,Sheet1:1409,长度/材质缺失,REVIEW-MAT-00767,single_candidate;low_precision;human_review_group,0.65,true
REVIEW-MAT-00768,卡槽弯头,定制件/管路接头,设备备件与加工件/金属加工件/金属加工件,定制: 是；规格: 168；特征: 加长、带卡槽,个,1,可建档-定制件,定做加长168弯头带卡槽,Sheet1:1410,图纸/角度/材质缺失,REVIEW-MAT-00768,single_candidate;low_precision,0.70,true
REVIEW-MAT-00769,卡槽弯头,定制件/管路接头,设备备件与加工件/金属加工件/金属加工件,定制: 是；规格: 219；特征: 加长、带卡槽,个,1,可建档-定制件,定做加长219弯头带卡槽,Sheet1:1411,图纸/角度/材质缺失,REVIEW-MAT-00769,single_candidate;low_precision,0.70,true
REVIEW-MAT-00770,扁平吊装带,吊装索具/吊带,吊装索具/吊带索具/吊带,执行标准: 国标；颜色: 彩色；额定载荷: 3T；长度: 3米,付,1,可建档,国标彩色3T*3米吊带,Sheet1:1412,材质/安全系数/宽度缺失,REVIEW-MAT-00770,single_candidate;low_precision;human_review_group,0.65,true
REVIEW-MAT-00771,扁平吊装带,吊装索具/吊带,吊装索具/吊带索具/吊带,执行标准: 国标；颜色: 彩色；额定载荷: 5T；长度: 6米,付,1,可建档,国标彩色5T*6米吊带,Sheet1:1413,材质/安全系数/宽度缺失,REVIEW-MAT-00771,single_candidate;low_precision;human_review_group,0.65,true
REVIEW-MAT-00772,弓形卸扣,吊装索具/卸扣,吊装索具/吊装连接件/卸扣吊钩,额定载荷: 6.5T；型式: 弓形,个,1,可建档,6.5T弓形卸扣,Sheet1:1414,销轴形式/标准缺失,REVIEW-MAT-00772,single_candidate;low_precision;human_review_group,0.65,true
REVIEW-MAT-00773,弓形卸扣,吊装索具/卸扣,吊装索具/吊装连接件/卸扣吊钩,额定载荷: 4.75T；型式: 弓形,个,1,可建档,4.75T弓形卸扣,Sheet1:1415,销轴形式/标准缺失,REVIEW-MAT-00773,single_candidate;low_precision;human_review_group,0.65,true
REVIEW-MAT-00774,集装袋,包装材料/集装袋,包装与标识/袋箱膜包装/袋箱膜,载重: 1.5T,个,1,可建档,1.5T吨袋,Sheet1:1416,尺寸/吊带形式/是否覆膜缺失,REVIEW-MAT-00774,single_candidate;low_precision,0.70,true
REVIEW-MAT-00775,无缝钢管,钢材/钢管,金属原材料/钢材型材/钢材型材,外径: 48mm；壁厚: 4.0mm || 外径: 48mm；壁厚: 4mm,米,2,可合并 | 可建档,48*4.0无缝管；48*4厚无缝管,Sheet1:1418；Sheet1:1921,材质/执行标准缺失 || 与1418同类，材质/标准缺失,REVIEW-MAT-00775；REVIEW-MAT-01144,exact_name_group_unit_specs;source_status_contains_merge;low_precision,0.70,true
REVIEW-MAT-00776,防锈润滑剂,化工耗材/润滑剂,化工油漆胶粘/其他/润滑剂,品牌/型号: WD-40,瓶,1,可建档,WD40润滑剂,Sheet1:1420,容量规格缺失,REVIEW-MAT-00776,single_candidate;low_precision;human_review_group,0.65,true
REVIEW-MAT-00777,弓形卸扣,吊装索具/卸扣,吊装索具/吊装连接件/卸扣吊钩,额定载荷: 9.5T；型式: 弓形,个,1,可建档,9.5T弓形卸扣,Sheet1:1421,销轴形式/标准缺失,REVIEW-MAT-00777,single_candidate;low_precision;human_review_group,0.65,true
REVIEW-MAT-00778,敲击螺丝刀,工具/手动工具,工具器具/手动工具/通用手动工具,长度: 400mm,个,2,可合并 | 可建档,400敲击螺丝刀,Sheet1:1422；Sheet1:1886,一字/十字/刀杆规格缺失 | 与1422同类，一字/十字需确认,REVIEW-MAT-00778,single_candidate;source_status_contains_merge;low_precision,0.70,true
REVIEW-MAT-00779,接地线,电气材料/电线电缆,电气与自动化/电线电缆与敷设/电线电缆,品牌: 起帆；截面积: 16mm2；用途: 接地,米,1,可建档,起帆16平方地线,Sheet1:1425,导体材质/芯数/颜色缺失,REVIEW-MAT-00779,single_candidate;low_precision,0.70,true
REVIEW-MAT-00780,DT铜鼻子,电气材料/电缆附件,电气与自动化/电线电缆与敷设/电线电缆,型号: DT；适配线径: 150mm2；材质: 铜,个,1,可建档,DT150平方铜鼻子,Sheet1:1426,孔径/是否镀锡缺失,REVIEW-MAT-00780,single_candidate;low_precision,0.70,true
REVIEW-MAT-00781,DT铜鼻子,电气材料/电缆附件,电气与自动化/电线电缆与敷设/电线电缆,型号: DT；适配线径: 120mm2；材质: 铜,个,1,可建档,DT120平方铜鼻子,Sheet1:1427,孔径/是否镀锡缺失,REVIEW-MAT-00781,single_candidate;low_precision,0.70,true
REVIEW-MAT-00782,DT铜鼻子,电气材料/电缆附件,电气与自动化/电线电缆与敷设/电线电缆,型号: DT；适配线径: 95mm2；材质: 铜,个,1,可建档,DT95平方铜鼻子,Sheet1:1428,孔径/是否镀锡缺失,REVIEW-MAT-00782,single_candidate;low_precision,0.70,true
REVIEW-MAT-00783,DT铜鼻子,电气材料/电缆附件,电气与自动化/电线电缆与敷设/电线电缆,型号: DT；适配线径: 70mm2；材质: 铜,个,1,可建档,DT70平方铜鼻子,Sheet1:1429,孔径/是否镀锡缺失,REVIEW-MAT-00783,single_candidate;low_precision,0.70,true
REVIEW-MAT-00784,OT铜端子,电气材料/电缆附件,电气与自动化/电线电缆与敷设/电线电缆,型号: OT25-8；线径规格: 25mm2；孔径: 8mm；材质: 铜,个,1,可建档,OT25-8铜端子,Sheet1:1430,是否镀锡需确认,REVIEW-MAT-00784,single_candidate,1.00,false
REVIEW-MAT-00785,OT铜端子,电气材料/电缆附件,电气与自动化/电线电缆与敷设/电线电缆,型号: OT6-6；线径规格: 6mm2；孔径: 6mm；材质: 铜,个,1,可建档,OT6-6铜端子,Sheet1:1431,是否镀锡需确认,REVIEW-MAT-00785,single_candidate,1.00,false
REVIEW-MAT-00786,消防蝶阀,阀门/消防阀门,阀门/其他/消防阀门,公称直径: DN150；特征: 加长,个,1,可建档,150消防加长蝶阀,Sheet1:1432,连接方式/压力等级/阀体材质缺失,REVIEW-MAT-00786,single_candidate;low_precision;human_review_group,0.65,true
REVIEW-MAT-00787,国标法兰,管件/法兰,管道管件/其他/法兰,规格: DN325；压力等级: 16kg；执行标准: 国标,个,1,可建档,325*16KG国标法兰,Sheet1:1433,材质/密封面形式缺失,REVIEW-MAT-00787,single_candidate;low_precision;human_review_group,0.65,true
REVIEW-MAT-00788,法兰垫片,管件/密封垫片,管道管件/其他/密封垫片,规格: DN325；材质: 胶,个,1,可建档,325胶垫,Sheet1:1434,压力等级/材质细分缺失,REVIEW-MAT-00788,single_candidate;low_precision;human_review_group,0.65,true
REVIEW-MAT-00789,六角螺栓组件,紧固件/螺栓,紧固件/螺纹紧固件/螺丝螺栓,规格: M22*100；成套: 是,套,1,可建档,22*100螺丝,Sheet1:1435,强度等级/材质/是否含螺母垫片需确认,REVIEW-MAT-00789,single_candidate,1.00,false
REVIEW-MAT-00790,双联重型管卡,管道紧固/管卡,管道管件/管道紧固/管夹卡箍,适配管径: 40；用途: 注浆管；型式: 重型卡槽两联,个,1,可建档,40注浆管重型卡槽两联,Sheet1:1437,材质/表面处理缺失,REVIEW-MAT-00790,single_candidate;low_precision,0.70,true
REVIEW-MAT-00791,卡槽导轨,管道紧固/导轨,管道管件/管道紧固/管夹卡箍,适配管径: 40；用途: 注浆管,条,1,可建档,40注浆管卡槽导轨,Sheet1:1438,长度/材质/孔距缺失,REVIEW-MAT-00791,single_candidate;low_precision,0.70,true
REVIEW-MAT-00792,多功能打印机,行政后勤/办公设备,行政办公与清洁/其他/办公设备,品牌: 惠普,台,1,可建档,惠普多功能打印机,Sheet1:1439,型号/功能配置缺失,REVIEW-MAT-00792,single_candidate;low_precision;human_review_group,0.65,true
REVIEW-MAT-00793,办公桌,行政后勤/办公家具,行政办公与清洁/生活后勤/生活用品,品类: 办公桌,个,1,可合并,办公桌,Sheet1:1440,尺寸/材质/款式缺失,REVIEW-MAT-00793,single_candidate;source_status_contains_merge;low_precision,0.70,true
REVIEW-MAT-00794,办公椅,行政后勤/办公家具,行政办公与清洁/生活后勤/生活用品,品牌: 得力；类型: 多功能椅,个,1,可建档,得力多功能椅子,Sheet1:1441,型号/材质缺失,REVIEW-MAT-00794,single_candidate;low_precision,0.70,true
REVIEW-MAT-00795,胶枪,工具/施胶工具,工具器具/其他/施胶工具,适用材料: 聚氨酯胶,个,1,可建档,聚氨酯胶枪,Sheet1:1442,容量/结构类型缺失,REVIEW-MAT-00795,single_candidate;low_precision;human_review_group,0.65,true
REVIEW-MAT-00796,定制钢板,定制件/金属加工件,设备备件与加工件/金属加工件/金属加工件,定制: 是；尺寸: 400*1000*30mm；材质: 钢板,块,1,可建档-定制件,定做加工400*1000*30钢板,Sheet1:1443,材质牌号/图纸/加工要求缺失,REVIEW-MAT-00796,single_candidate;low_precision,0.70,true
REVIEW-MAT-00797,U型卸扣,吊装索具/卸扣,吊装索具/吊装连接件/卸扣吊钩,额定载荷: 10T；型式: U型,个,1,可建档,10吨U型卸扣,Sheet1:1445,销轴形式/标准缺失,REVIEW-MAT-00797,single_candidate;low_precision;human_review_group,0.65,true
REVIEW-MAT-00798,二氧化碳减压表,焊割耗材/气体表具,焊接焊割/焊割耗材/割嘴焊嘴,适用气体: 二氧化碳,个,2,可合并 | 可建档,二氧化碳表,Sheet1:1448；Sheet1:2126,压力范围/接口规格缺失 | 与1448同类，压力范围/接口缺失,REVIEW-MAT-00798,single_candidate;source_status_contains_merge;low_precision,0.70,true
REVIEW-MAT-00799,氧气减压表,焊割耗材/气体表具,焊接焊割/焊割耗材/割嘴焊嘴,适用气体: 氧气,个,2,可合并 | 可建档,氧气表,Sheet1:1449；Sheet1:2124,压力范围/接口规格缺失 | 与1449同类，压力范围/接口缺失,REVIEW-MAT-00799,single_candidate;source_status_contains_merge;low_precision,0.70,true
REVIEW-MAT-00800,石笔,工具耗材/划线耗材,工具器具/其他/划线耗材,品类: 石笔,个,1,可合并,石笔,Sheet1:1451,包装规格需确认,REVIEW-MAT-00800,single_candidate;source_status_contains_merge;human_review_group,0.65,true
REVIEW-MAT-00801,记号笔,办公耗材/书写用品,行政办公与清洁/办公用品/文具书写,品类: 记号笔,个,2,可合并,记号笔,Sheet1:1452；Sheet1:2217,颜色/粗细缺失 | 与1452同类，单位支/个需统一,REVIEW-MAT-00801,single_candidate;source_status_contains_merge;low_precision,0.70,true
REVIEW-MAT-00802,油漆笔,工具耗材/标记用品,工具器具/其他/标记用品,品类: 油漆笔,个,1,可合并,油漆笔,Sheet1:1453,颜色/规格缺失,REVIEW-MAT-00802,single_candidate;source_status_contains_merge;low_precision;human_review_group,0.65,true
REVIEW-MAT-00803,透明钢丝软管,管材/软管,管道管件/其他/软管,公称直径: 50；特征: 加厚、透明、钢丝增强,米,1,可建档,50加厚透明钢丝管,Sheet1:1454,材质/压力等级缺失,REVIEW-MAT-00803,single_candidate;low_precision;human_review_group,0.65,true
REVIEW-MAT-00804,焊工手套,劳保耗材/手套,劳保用品/手部防护/手套,特征: 加长；用途: 焊工,双,1,可建档,加长焊工手套,Sheet1:1456,材质/长度缺失,REVIEW-MAT-00804,single_candidate;low_precision,0.70,true
REVIEW-MAT-00805,全胶手套,劳保耗材/手套,劳保用品/手部防护/手套,类型: 全胶,双,1,可建档,全胶手套,Sheet1:1457,材质/尺码缺失,REVIEW-MAT-00805,single_candidate;low_precision,0.70,true
REVIEW-MAT-00806,油布,劳保耗材/覆盖防护,劳保用品/其他/覆盖防护,特征: 加厚,平方,6,可合并,加厚油布；油布加厚,Sheet1:1458；Sheet1:1500；Sheet1:1650；Sheet1:1803；Sheet1:1951；Sheet1:2141,材质/克重/颜色缺失 | 与1458同类，材质/克重/颜色缺失 | 与1458同类，材质/克重缺失 | 与油布同类，材质/克重缺失,REVIEW-MAT-00806,single_candidate;source_status_contains_merge;low_precision;human_review_group,0.65,true
REVIEW-MAT-00807,花纹钢板,钢材/板材,金属原材料/钢材型材/钢材型材,厚度: 3.0mm；表面: 花纹,平方,1,可建档,3.0花纹钢板,Sheet1:1459,材质/宽长/理论重量单位需确认,REVIEW-MAT-00807,single_candidate,1.00,false
REVIEW-MAT-00808,冲孔不锈钢板,定制件/金属加工件,设备备件与加工件/金属加工件/金属加工件,尺寸: 250*250*3mm；材质: 不锈钢；加工: 冲孔,块,1,可建档-定制件,250*250*3不锈钢加工冲孔,Sheet1:1460,孔径/孔距/材质牌号/图纸缺失,REVIEW-MAT-00808,single_candidate;low_precision,0.70,true
REVIEW-MAT-00809,木方垫板,定制件/木制加工件,设备备件与加工件/金属加工件/金属加工件,尺寸: 200*200*1500mm；加工: 是；用途: 垫板,根,1,可建档-定制件,加工200*200*1500木方垫板,Sheet1:1461,木材种类/防腐要求缺失,REVIEW-MAT-00809,single_candidate;low_precision,0.70,true
REVIEW-MAT-00810,麻袋,包装材料/袋类,包装与标识/袋箱膜包装/袋箱膜,尺寸: 70*100,个,1,可建档,70*100麻袋,Sheet1:1463,材质/克重缺失,REVIEW-MAT-00810,single_candidate;low_precision,0.70,true
REVIEW-MAT-00811,棉布,清洁耗材/擦拭材料,行政办公与清洁/清洁用品/清洁工具耗材,形态: 大块,kg,5,可合并,大块棉布,Sheet1:1464；Sheet1:1851；Sheet1:1942；Sheet1:2099；Sheet1:2267,材质含量/包装规格缺失 | 与1464同类，材质含量/包装缺失 | 与1464同类，单位KG/kg统一 | 与1464同类，材质含量缺失,REVIEW-MAT-00811,single_candidate;source_status_contains_merge;low_precision,0.70,true
REVIEW-MAT-00812,吸油棉,清洁耗材/吸附材料,行政办公与清洁/清洁用品/清洁工具耗材,尺寸: 40*50*5；用途: 吸油,个,1,可建档,40*50*5吸油棉,Sheet1:1465,单位是否片，材质/包装数量缺失,REVIEW-MAT-00812,single_candidate;low_precision,0.70,true
REVIEW-MAT-00813,一次性雨衣,劳保耗材/雨具,劳保用品/其他/雨具,类型: 一次性；特征: 加厚,个,2,可合并 | 可建档,一次性加厚雨衣,Sheet1:1466；Sheet1:1913,尺码/材质缺失 || 与1466同类，单位件/套/个需统一,REVIEW-MAT-00813；REVIEW-MAT-01138,exact_name_group_unit_specs;source_status_contains_merge;low_precision;human_review_group,0.65,true
REVIEW-MAT-00814,快硬水泥,建筑材料/水泥砂石,工程建材/水泥砂石/水泥砂石,类型: 快速/快硬,包,1,可建档,快速水泥,Sheet1:1467,强度等级/包装重量缺失,REVIEW-MAT-00814,single_candidate;low_precision,0.70,true
REVIEW-MAT-00815,雨衣套装,劳保耗材/雨具,劳保用品/其他/雨具,特征: 加厚；套装: 是,套,1,可建档,加厚雨衣套装,Sheet1:1468,尺码/材质缺失,REVIEW-MAT-00815,single_candidate;low_precision;human_review_group,0.65,true
REVIEW-MAT-00816,高压油管,液压/高压管路,液压气动/液压管路/高压胶管,公称直径: 50,米,4,可合并 | 可建档,50高压油管；50高压管,Sheet1:1469；Sheet1:1501；Sheet1:1606；Sheet1:1738,压力等级/接头形式/层数缺失 | 与1469同类，压力等级/接头形式缺失 | 与50高压油管同类，压力等级/层数缺失 | 与1606同类，压力等级/层数缺失,REVIEW-MAT-00816,single_candidate;source_status_contains_merge;low_precision,0.70,true
REVIEW-MAT-00817,高压油管接头,液压/高压管路,液压气动/液压管路/高压胶管,公称直径: 50；类型: 接头,个,1,可建档,50高压接头,Sheet1:1470,螺纹/连接形式/压力等级缺失,REVIEW-MAT-00817,single_candidate;low_precision,0.70,true
REVIEW-MAT-00818,高压外接头,液压/高压管路,液压气动/液压管路/高压胶管,公称直径: 50；连接类型: 外接,个,1,可建档,50高压外接,Sheet1:1471,螺纹规格/压力等级缺失,REVIEW-MAT-00818,single_candidate;low_precision,0.70,true
REVIEW-MAT-00819,明矾,化工原料/无机盐,化工油漆胶粘/其他/无机盐,化学品: 明矾,kg,1,可建档,明矾,Sheet1:1472,纯度/包装/用途缺失,REVIEW-MAT-00819,single_candidate;low_precision;human_review_group,0.65,true
REVIEW-MAT-00820,橡胶垫块,定制件/橡胶加工件,设备备件与加工件/金属加工件/金属加工件,尺寸: 260*330*5mm；加工: 是,块,1,可建档-定制件,加工260*330*5橡胶垫块,Sheet1:1473,橡胶材质/硬度/图纸缺失,REVIEW-MAT-00820,single_candidate;low_precision,0.70,true
REVIEW-MAT-00821,气源分配器,定制件/气动管路件,设备备件与加工件/金属加工件/金属加工件,定制: 是；材质: 不锈钢；接口: 2寸,套,1,可建档-定制件,定做不锈钢2寸气源分配器,Sheet1:1475,出口数量/接口规格/压力等级/图纸缺失,REVIEW-MAT-00821,single_candidate;low_precision,0.70,true
REVIEW-MAT-00822,镀锌三通,管件/镀锌管件,管道管件/金属管件/镀锌管件,公称直径: 50；材质/表面: 镀锌,个,1,可建档,50镀锌三通,Sheet1:1476,螺纹/焊接/沟槽连接需确认,REVIEW-MAT-00822,single_candidate,1.00,false
REVIEW-MAT-00823,镀锌外丝接头,管件/镀锌管件,管道管件/金属管件/镀锌管件,规格: 50*40；连接: 外丝；表面: 镀锌,个,1,可建档,50*40镀锌外丝,Sheet1:1477,变径形式/螺纹标准缺失,REVIEW-MAT-00823,single_candidate;low_precision,0.70,true
REVIEW-MAT-00824,镀锌直通,管件/镀锌管件,管道管件/金属管件/镀锌管件,公称直径: 50；表面: 镀锌,个,1,可建档,50镀锌直通,Sheet1:1478,连接形式/螺纹标准缺失,REVIEW-MAT-00824,single_candidate;low_precision,0.70,true
REVIEW-MAT-00825,镀锌外接头,管件/镀锌管件,管道管件/金属管件/镀锌管件,公称直径: 50；连接: 外接；表面: 镀锌,个,1,可建档,50镀锌外接,Sheet1:1479,螺纹标准缺失,REVIEW-MAT-00825,single_candidate;low_precision,0.70,true
REVIEW-MAT-00826,堵头,定制件/管路接头,设备备件与加工件/金属加工件/金属加工件,定制: 是；规格: 300,套,1,可建档-定制件,定做300堵头,Sheet1:1480,材质/连接方式/压力等级/图纸缺失,REVIEW-MAT-00826,single_candidate;low_precision,0.70,true
REVIEW-MAT-00827,无缝钢管,钢材/钢管,金属原材料/钢材型材/钢材型材,外径: 89mm；壁厚: 6mm,米,1,可建档,89*6无缝管,Sheet1:1481,材质/执行标准缺失,REVIEW-MAT-00827,single_candidate;low_precision,0.70,true
REVIEW-MAT-00828,消防卡箍,管道紧固/卡箍,管道管件/管道紧固/管夹卡箍,规格: 89；用途: 消防,个,1,可建档,89消防卡箍,Sheet1:1482,沟槽标准/压力等级/材质缺失,REVIEW-MAT-00828,single_candidate;low_precision,0.70,true
REVIEW-MAT-00829,加厚卡槽,定制件/管路接头,设备备件与加工件/金属加工件/金属加工件,加工: 是；规格: 89；特征: 加厚卡槽,个,2,可合并 | 可建档-定制件,加工89加厚卡槽,Sheet1:1483；Sheet1:1753,材质/图纸/沟槽尺寸缺失 | 与1483同类，材质/图纸缺失,REVIEW-MAT-00829,single_candidate;source_status_contains_merge;low_precision,0.70,true
REVIEW-MAT-00830,无缝钢管,钢材/钢管,金属原材料/钢材型材/钢材型材,外径: 325mm；壁厚: 14mm,米,1,可建档,325*14无缝管,Sheet1:1484,材质/执行标准缺失,REVIEW-MAT-00830,single_candidate;low_precision,0.70,true
REVIEW-MAT-00831,水泥,建筑材料/水泥砂石,工程建材/水泥砂石/水泥砂石,品类: 水泥,包,2,可合并,水泥,Sheet1:1485；Sheet1:2276,强度等级/包装重量缺失 | 与1485同类，强度等级/包装重量缺失,REVIEW-MAT-00831,single_candidate;source_status_contains_merge;low_precision,0.70,true
REVIEW-MAT-00832,膨胀螺丝,紧固件/膨胀件,紧固件/锚固件/膨胀锚栓,规格: 6厘,个,2,可合并 | 可建档,6厘膨胀螺丝,Sheet1:1487；Sheet1:1564,长度/材质缺失 | 与1487同类，长度/材质缺失,REVIEW-MAT-00832,single_candidate;source_status_contains_merge;low_precision,0.70,true
REVIEW-MAT-00833,扁钢,钢材/型材,金属原材料/钢材型材/钢材型材,规格: 80*6mm,米,1,可建档,80*6扁铁,Sheet1:1490,材质/执行标准缺失,REVIEW-MAT-00833,single_candidate;low_precision,0.70,true
REVIEW-MAT-00834,焊接弯头,管件/弯头,管道管件/其他/弯头,规格: 325；连接: 焊接,个,1,可建档,325焊接弯头,Sheet1:1491,角度/壁厚/材质缺失,REVIEW-MAT-00834,single_candidate;low_precision;human_review_group,0.65,true
REVIEW-MAT-00835,焊接弯头,管件/弯头,管道管件/其他/弯头,规格: 325；角度: 45度；连接: 焊接,个,1,可建档,325*45焊接弯头,Sheet1:1492,壁厚/材质缺失,REVIEW-MAT-00835,single_candidate;low_precision;human_review_group,0.65,true
REVIEW-MAT-00836,焊接弯头,管件/弯头,管道管件/其他/弯头,规格: 89；连接: 焊接,个,1,可建档,89焊接弯头,Sheet1:1493,角度/壁厚/材质缺失,REVIEW-MAT-00836,single_candidate;low_precision;human_review_group,0.65,true
REVIEW-MAT-00837,法兰,管件/法兰,管道管件/其他/法兰,规格: 325,个,1,可建档,325法兰,Sheet1:1494,压力等级/材质/标准缺失,REVIEW-MAT-00837,single_candidate;low_precision;human_review_group,0.65,true
REVIEW-MAT-00838,槽钢,钢材/型材,金属原材料/钢材型材/钢材型材,规格: 10#；执行标准: 国标,米,3,可合并 | 可建档,10#国标槽钢,Sheet1:1495；Sheet1:1537；Sheet1:1918,材质缺失 | 与1495同类，材质缺失,REVIEW-MAT-00838,single_candidate;source_status_contains_merge;low_precision,0.70,true
REVIEW-MAT-00839,工字钢,钢材/型材,金属原材料/钢材型材/钢材型材,规格: 20#,米,1,可建档,20工字钢,Sheet1:1496,材质/执行标准缺失,REVIEW-MAT-00839,single_candidate;low_precision,0.70,true
REVIEW-MAT-00840,明装插座,电气材料/插头插座,电气与自动化/插头插座/插头插座,安装方式: 明装,个,1,可建档,明装插座,Sheet1:1497,位数/电流/品牌缺失,REVIEW-MAT-00840,single_candidate;low_precision,0.70,true
REVIEW-MAT-00841,电箱门锁,电气材料/配电箱附件,电气与自动化/其他/配电箱附件,规格/型号: 325；用途: 电箱门,个,1,可建档,325电箱门锁,Sheet1:1499,锁芯型号/开孔尺寸缺失,REVIEW-MAT-00841,single_candidate;low_precision;human_review_group,0.65,true
REVIEW-MAT-00842,电焊手套,劳保耗材/手套,劳保用品/手部防护/手套,特征: 双层、加厚；用途: 电焊,双,1,可建档,双层电焊手套厚,Sheet1:1502,材质/长度缺失,REVIEW-MAT-00842,single_candidate;low_precision,0.70,true
REVIEW-MAT-00843,伸缩梯,定制件/工具治具,设备备件与加工件/金属加工件/金属加工件,定制: 是；长度: 8米；厚度: 5.2mm,台,1,可建档-定制件,定做8米*5.2mm厚伸缩梯,Sheet1:1503,材质/承重/节数/图纸缺失,REVIEW-MAT-00843,single_candidate;low_precision,0.70,true
REVIEW-MAT-00844,尼龙绳,吊装索具/绳索,吊装索具/吊带索具/钢丝绳链条,材质: 尼龙,米,1,可建档,尼龙绳,Sheet1:1505,直径/编织结构/承载缺失,REVIEW-MAT-00844,single_candidate;low_precision,0.70,true
REVIEW-MAT-00845,螺丝组件,紧固件/螺丝,紧固件/螺纹紧固件/螺丝螺栓,规格: M8*25；成套: 是,套,2,可合并 | 可建档,8*25螺丝；M8*25螺丝,Sheet1:1507；Sheet1:2094,材质/强度等级/头型缺失 | 与1507同类，头型/材质缺失,REVIEW-MAT-00845,single_candidate;source_status_contains_merge;low_precision,0.70,true
REVIEW-MAT-00846,双联重型管卡,管道紧固/管卡,管道管件/管道紧固/管夹卡箍,规格: 40*2；型式: 双联重型,套,1,可建档,双联重型管卡40*2,Sheet1:1510,材质/表面处理缺失,REVIEW-MAT-00846,single_candidate;low_precision,0.70,true
REVIEW-MAT-00847,不锈钢卡槽,管道紧固/卡槽导轨,管道管件/管道紧固/管夹卡箍,材质: 不锈钢,米,1,可建档,不锈钢卡槽,Sheet1:1511,截面规格/厚度/孔距缺失,REVIEW-MAT-00847,single_candidate;low_precision,0.70,true
REVIEW-MAT-00848,润滑油,化工耗材/润滑剂,化工油漆胶粘/其他/润滑剂,品牌: 摩力克；型号: D321R,支,1,可建档,D321R摩力克润滑油,Sheet1:1512,容量/包装规格缺失,REVIEW-MAT-00848,single_candidate;low_precision;human_review_group,0.65,true
REVIEW-MAT-00849,镀锌异径接头,管件/镀锌管件,管道管件/金属管件/镀锌管件,规格: 100*50；表面: 镀锌；类型: 大小头,个,1,可建档,100*50镀锌大小头,Sheet1:1514,连接形式/螺纹标准缺失,REVIEW-MAT-00849,single_candidate;low_precision,0.70,true
REVIEW-MAT-00850,安全防护网,安全防护/防护网,安全防护/隔离防护/防护网,特征: 加厚,平方,1,可建档,厚安全防护网,Sheet1:1515,材质/网孔/颜色/克重缺失,REVIEW-MAT-00850,single_candidate;low_precision,0.70,true
REVIEW-MAT-00851,定制接头,定制件/管路接头,设备备件与加工件/金属加工件/金属加工件,加工: 是；规格: 50*150,个,1,可建档-定制件,加工50*150接头,Sheet1:1516,材质/连接方式/图纸缺失,REVIEW-MAT-00851,single_candidate;low_precision,0.70,true
REVIEW-MAT-00852,液压快速接头,液压/高压管路,液压气动/液压管路/高压胶管,型号: GR6-25S；类型: 快速接头,套,1,可建档,GR6-25S液压快速接头,Sheet1:1517,压力等级/螺纹接口缺失,REVIEW-MAT-00852,single_candidate;low_precision,0.70,true
REVIEW-MAT-00853,减速带,安全防护/交通设施,安全防护/其他/交通设施,尺寸: 60cm*55；款式: 大二线,根,1,可建档,60cm*55减速带大二线,Sheet1:1519,材质/厚度/颜色缺失,REVIEW-MAT-00853,single_candidate;low_precision;human_review_group,0.65,true
REVIEW-MAT-00854,高压接头,液压/高压管路,液压气动/液压管路/高压胶管,型号/规格: 36/25S,个,1,可建档,36/25s高压接头,Sheet1:1520,螺纹/压力等级/连接形式缺失,REVIEW-MAT-00854,single_candidate;low_precision,0.70,true
REVIEW-MAT-00855,高压接头,液压/高压管路,液压气动/液压管路/高压胶管,型号/规格: 33/25S,个,1,可建档,33/25s高压接头,Sheet1:1521,螺纹/压力等级/连接形式缺失,REVIEW-MAT-00855,single_candidate;low_precision,0.70,true
REVIEW-MAT-00856,高压接头,液压/高压管路,液压气动/液压管路/高压胶管,型号/规格: 36/28S,个,1,可建档,36/28s高压接头,Sheet1:1522,螺纹/压力等级/连接形式缺失,REVIEW-MAT-00856,single_candidate;low_precision,0.70,true
REVIEW-MAT-00857,高压弯头,液压/高压管路,液压气动/液压管路/高压胶管,型号/规格: 36*2S；类型: 弯头,个,1,可建档,36*2s高压弯头,Sheet1:1523,角度/螺纹/压力等级缺失,REVIEW-MAT-00857,single_candidate;low_precision,0.70,true
REVIEW-MAT-00858,法兰电动蝶阀,阀门/电动阀门,阀门/其他/电动阀门,公称直径: DN50；连接: 法兰；驱动: 电动,个,1,可建档,50法兰电动蝶阀,Sheet1:1524,电压/压力等级/材质缺失,REVIEW-MAT-00858,single_candidate;low_precision;human_review_group,0.65,true
REVIEW-MAT-00859,法兰电动蝶阀,阀门/电动阀门,阀门/其他/电动阀门,公称直径: DN80；连接: 法兰；驱动: 电动,个,1,可建档,80法兰电动蝶阀,Sheet1:1525,电压/压力等级/材质缺失,REVIEW-MAT-00859,single_candidate;low_precision;human_review_group,0.65,true
REVIEW-MAT-00860,波纹管,管材/波纹管,管道管件/其他/波纹管,公称直径: 20,米,3,可合并 | 可建档,20波纹管,Sheet1:1526；Sheet1:1673；Sheet1:2206,材质/用途/耐压缺失 | 与1526同类，材质/用途缺失,REVIEW-MAT-00860,single_candidate;source_status_contains_merge;low_precision;human_review_group,0.65,true
REVIEW-MAT-00861,防锈润滑剂,化工耗材/润滑剂,化工油漆胶粘/其他/润滑剂,品牌/型号: WD-40；功能: 除锈润滑,支,1,可合并,WD40除锈润滑剂,Sheet1:1527,与WD-40同类，容量缺失,REVIEW-MAT-00861,single_candidate;source_status_contains_merge;low_precision;human_review_group,0.65,true
REVIEW-MAT-00862,管钳,工具/手动工具,工具器具/手动工具/通用手动工具,长度: 300mm,个,1,可建档,300管钳,Sheet1:1529,品牌/材质缺失,REVIEW-MAT-00862,single_candidate;low_precision,0.70,true
REVIEW-MAT-00863,管钳,工具/手动工具,工具器具/手动工具/通用手动工具,长度: 350mm,个,1,可建档,350管钳,Sheet1:1530,品牌/材质缺失,REVIEW-MAT-00863,single_candidate;low_precision,0.70,true
REVIEW-MAT-00864,管钳,工具/手动工具,工具器具/手动工具/通用手动工具,长度: 400mm,个,1,可建档,400管钳,Sheet1:1531,品牌/材质缺失,REVIEW-MAT-00864,single_candidate;low_precision,0.70,true
REVIEW-MAT-00865,内六角扳手套装,工具/手动工具,工具器具/手动工具/通用手动工具,品牌: 世达；类型: 六角扳手套装,套,1,可建档,世达六角扳手,Sheet1:1532,规格范围/型号缺失,REVIEW-MAT-00865,single_candidate;low_precision,0.70,true
REVIEW-MAT-00866,气动电磁阀,气动元件/阀,液压气动/气动元件/接头阀管,类型: 电磁阀；用途: 气动,个,1,可建档,气动电磁阀,Sheet1:1533,电压/口径/位通数/型号缺失,REVIEW-MAT-00866,single_candidate;low_precision,0.70,true
REVIEW-MAT-00867,气源处理双联件,气动元件/气源处理,液压气动/气动元件/接头阀管,型号系列: AFC；类型: 双联件,个,1,可建档,AFC双联件,Sheet1:1534,口径/规格型号缺失,REVIEW-MAT-00867,single_candidate;low_precision,0.70,true
REVIEW-MAT-00868,电线,电气材料/电线电缆,电气与自动化/电线电缆与敷设/电线电缆,品牌: 起帆；截面积: 16mm2,米,2,可合并 | 可建档,16m2起帆电线；16㎡起帆电线；起帆16平方电线,Sheet1:1535；Sheet1:1852,芯数/颜色/导体材质缺失 | 与1535同类，芯数/颜色缺失,REVIEW-MAT-00868,single_candidate;source_status_contains_merge;low_precision,0.70,true
REVIEW-MAT-00869,花纹钢板,钢材/板材,金属原材料/钢材型材/钢材型材,厚度: 5mm；表面: 花纹,平方,2,可合并 | 可建档,5mm花纹钢板,Sheet1:1538；Sheet1:1920,材质/宽长缺失 | 与1538同类，材质/宽长缺失,REVIEW-MAT-00869,single_candidate;source_status_contains_merge;low_precision,0.70,true
REVIEW-MAT-00870,高强度螺丝,紧固件/螺丝,紧固件/螺纹紧固件/螺丝螺栓,规格: M5*95；强度等级: 12.9,套,1,可建档,M5*95 12.9螺丝,Sheet1:1540,头型/材质/是否含螺母垫片需确认,REVIEW-MAT-00870,single_candidate,1.00,false
REVIEW-MAT-00871,开口/梅花扳手,工具/手动工具,工具器具/手动工具/通用手动工具,规格: 42号,支,1,可建档,42号扳手,Sheet1:1542,类型开口/梅花/两用需确认,REVIEW-MAT-00871,single_candidate,1.00,false
REVIEW-MAT-00872,开口/梅花扳手,工具/手动工具,工具器具/手动工具/通用手动工具,规格: 12号,支,1,可建档,12号扳手,Sheet1:1543,类型开口/梅花/两用需确认,REVIEW-MAT-00872,single_candidate,1.00,false
REVIEW-MAT-00873,开口/梅花扳手,工具/手动工具,工具器具/手动工具/通用手动工具,规格: 19号,支,1,可建档,19号扳手,Sheet1:1544,类型开口/梅花/两用需确认,REVIEW-MAT-00873,single_candidate,1.00,false
REVIEW-MAT-00874,电动扳手套筒,工具/套筒,工具器具/其他/套筒,规格: 12号；适用: 电动扳手,支,1,可建档,12号电动扳手套筒,Sheet1:1545,方榫规格/长度缺失,REVIEW-MAT-00874,single_candidate;low_precision;human_review_group,0.65,true
REVIEW-MAT-00875,电动扳手套筒,工具/套筒,工具器具/其他/套筒,规格: 42号；适用: 电动扳手,个,1,可建档,42号电动扳手套筒,Sheet1:1546,方榫规格/长度缺失,REVIEW-MAT-00875,single_candidate;low_precision;human_review_group,0.65,true
REVIEW-MAT-00876,扁平吊装带,吊装索具/吊带,吊装索具/吊带索具/吊带,额定载荷: 5T；长度: 8米；颜色: 彩色,根,1,可合并,5T*8米彩色吊带,Sheet1:1547,与吊带同类，材质/安全系数缺失,REVIEW-MAT-00876,single_candidate;source_status_contains_merge;low_precision;human_review_group,0.65,true
REVIEW-MAT-00877,螺纹钢筋,钢材/钢筋,金属原材料/钢材型材/钢材型材,直径: 22mm,条,1,可建档,22钢筋,Sheet1:1548,材质/长度/执行标准缺失,REVIEW-MAT-00877,single_candidate;low_precision,0.70,true
REVIEW-MAT-00878,卸扣,吊装索具/卸扣,吊装索具/吊装连接件/卸扣吊钩,额定载荷: 2T,个,3,可合并 | 可建档,2T卸扣；卸扣2T,Sheet1:1549；Sheet1:1875；Sheet1:2870,型式/销轴形式缺失 | 与1549同类，型式缺失 || 材质/安全系数/标准缺失,REVIEW-MAT-00878；REVIEW-MAT-01798,exact_name_group_unit_specs;source_status_contains_merge;low_precision;human_review_group,0.65,true
REVIEW-MAT-00879,卸扣,吊装索具/卸扣,吊装索具/吊装连接件/卸扣吊钩,额定载荷: 4T,个,2,可合并 | 可建档,4T卸扣,Sheet1:1550；Sheet1:2195,型式/销轴形式缺失 | 与1550同类，型式缺失,REVIEW-MAT-00879,single_candidate;source_status_contains_merge;low_precision;human_review_group,0.65,true
REVIEW-MAT-00880,卸扣,吊装索具/卸扣,吊装索具/吊装连接件/卸扣吊钩,额定载荷: 6T,个,2,可合并 | 可建档,6T卸扣,Sheet1:1551；Sheet1:2196,型式/销轴形式缺失 | 与1551同类，型式缺失,REVIEW-MAT-00880,single_candidate;source_status_contains_merge;low_precision;human_review_group,0.65,true
REVIEW-MAT-00881,木方垫,定制件/木制加工件,设备备件与加工件/金属加工件/金属加工件,加工: 是；规格: 100*100,米,1,可建档-定制件,加工100*100木方垫,Sheet1:1552,长度/木材种类/用途缺失,REVIEW-MAT-00881,single_candidate;low_precision,0.70,true
REVIEW-MAT-00882,润滑脂,化工耗材/润滑脂,化工油漆胶粘/其他/润滑脂,俗称: 黄油,桶,1,可建档,黄油,Sheet1:1554,型号/稠度/包装重量缺失,REVIEW-MAT-00882,single_candidate;low_precision;human_review_group,0.65,true
REVIEW-MAT-00883,防锈润滑剂,化工耗材/润滑剂,化工油漆胶粘/其他/润滑剂,品牌/型号: WD-40；功能: 除锈,支,1,可合并,WD-40除锈剂,Sheet1:1555,与WD-40同类，容量缺失,REVIEW-MAT-00883,single_candidate;source_status_contains_merge;low_precision;human_review_group,0.65,true
REVIEW-MAT-00884,电缆线,电气材料/电线电缆,电气与自动化/电线电缆与敷设/电线电缆,芯数: 3；截面积: 1.5mm2,米,1,可建档,3*1.5电缆线,Sheet1:1556,护套类型/导体材质/电压等级缺失,REVIEW-MAT-00884,single_candidate;low_precision,0.70,true
REVIEW-MAT-00885,活动扳手,工具/手动工具,工具器具/手动工具/通用手动工具,长度: 450mm,支,1,可建档,450活动扳手,Sheet1:1557,品牌/材质缺失,REVIEW-MAT-00885,single_candidate;low_precision,0.70,true
REVIEW-MAT-00886,高压外丝接头,液压/高压管路,液压气动/液压管路/高压胶管,螺纹: M36*2A；类型: 外丝,个,1,可建档,M36*2A高压外丝,Sheet1:1560,压力等级/适配管径缺失,REVIEW-MAT-00886,single_candidate;low_precision,0.70,true
REVIEW-MAT-00887,吸油棉,清洁耗材/吸附材料,行政办公与清洁/清洁用品/清洁工具耗材,用途: 吸油,张,1,可合并,吸油棉,Sheet1:1562,与1465同类，尺寸/克重缺失,REVIEW-MAT-00887,single_candidate;source_status_contains_merge;low_precision,0.70,true
REVIEW-MAT-00888,螺丝取出器,工具/拆卸工具,工具器具/其他/拆卸工具,类型: 螺丝取出器,套,1,可建档,螺丝取出器,Sheet1:1563,规格范围/件数缺失,REVIEW-MAT-00888,single_candidate;low_precision;human_review_group,0.65,true
REVIEW-MAT-00889,螺杆,紧固件/螺杆,紧固件/其他/螺杆,规格: M20*70,套,1,可建档,20*70螺杆,Sheet1:1565,材质/强度等级/是否含配件需确认,REVIEW-MAT-00889,single_candidate;human_review_group,0.65,true
REVIEW-MAT-00890,螺杆,紧固件/螺杆,紧固件/其他/螺杆,规格: M20*50,套,1,可建档,20*50螺杆,Sheet1:1566,材质/强度等级/是否含配件需确认,REVIEW-MAT-00890,single_candidate;human_review_group,0.65,true
REVIEW-MAT-00891,螺母,紧固件/螺母,紧固件/螺纹紧固件/螺母垫圈,规格: M20,个,2,可合并 | 可建档,20螺母；M20螺母,Sheet1:1567；Sheet1:1977,材质/强度等级缺失 | 与1567同类，材质/强度等级缺失,REVIEW-MAT-00891,single_candidate;source_status_contains_merge;low_precision,0.70,true
REVIEW-MAT-00892,螺杆,紧固件/螺杆,紧固件/其他/螺杆,规格: M16*60,个,1,可建档,16*60螺杆,Sheet1:1569,材质/强度等级缺失,REVIEW-MAT-00892,single_candidate;low_precision;human_review_group,0.65,true
REVIEW-MAT-00893,螺母,紧固件/螺母,紧固件/螺纹紧固件/螺母垫圈,规格: M16,个,1,可合并,16螺母,Sheet1:1570,与1406同类，材质/强度等级缺失,REVIEW-MAT-00893,single_candidate;source_status_contains_merge;low_precision,0.70,true
REVIEW-MAT-00894,焊接异径接头,管件/焊接管件,管道管件/其他/焊接管件,规格: 273*168；类型: 大小头；连接: 焊接,个,1,可建档,273*168焊接大小头,Sheet1:1573,材质/壁厚/标准缺失,REVIEW-MAT-00894,single_candidate;low_precision;human_review_group,0.65,true
REVIEW-MAT-00895,法兰,管件/法兰,管道管件/其他/法兰,规格: DN273,个,1,可建档,273法兰盘,Sheet1:1574,压力等级/材质/标准缺失,REVIEW-MAT-00895,single_candidate;low_precision;human_review_group,0.65,true
REVIEW-MAT-00896,焊接弯头,管件/弯头,管道管件/其他/弯头,规格: 168；连接: 焊接,个,1,可建档,168焊接弯头,Sheet1:1575,角度/壁厚/材质缺失,REVIEW-MAT-00896,single_candidate;low_precision;human_review_group,0.65,true
REVIEW-MAT-00897,传动皮带,备品备件/传动件,设备备件与加工件/传动轴承/传动轴承,型号: BLI1753,条,1,可建档,Bli1753皮带,Sheet1:1576,型号大小写/皮带类型需确认,REVIEW-MAT-00897,single_candidate,1.00,false
REVIEW-MAT-00898,焊接接头,定制件/管路接头,设备备件与加工件/金属加工件/金属加工件,加工: 是；规格: 168；连接: 焊接,个,1,可建档-定制件,加工168焊接接头,Sheet1:1578,材质/图纸/壁厚缺失,REVIEW-MAT-00898,single_candidate;low_precision,0.70,true
REVIEW-MAT-00899,不锈钢控制箱,定制件/电气箱柜,设备备件与加工件/金属加工件/金属加工件,定制: 是；材质: 不锈钢,套,1,可建档-定制件,定做不锈钢控制箱,Sheet1:1579,尺寸/厚度/IP等级/图纸缺失,REVIEW-MAT-00899,single_candidate;low_precision,0.70,true
REVIEW-MAT-00900,镀锌活接,管件/镀锌管件,管道管件/金属管件/镀锌管件,公称直径: 50；表面: 镀锌；类型: 活接,个,1,可建档,50镀锌活接,Sheet1:1583,螺纹标准/材质缺失,REVIEW-MAT-00900,single_candidate;low_precision,0.70,true
REVIEW-MAT-00901,螺丝组件,紧固件/螺丝,紧固件/螺纹紧固件/螺丝螺栓,规格: M6*25；成套: 是,套,1,可建档,M6*25螺丝,Sheet1:1584,头型/强度等级/材质缺失,REVIEW-MAT-00901,single_candidate;low_precision,0.70,true
REVIEW-MAT-00902,胶手套,劳保耗材/手套,劳保用品/手部防护/手套,类型: 胶手套,双,2,可合并,胶手套,Sheet1:1585；Sheet1:2268,材质/尺码缺失 | 与1585同类，尺码缺失,REVIEW-MAT-00902,single_candidate;source_status_contains_merge;low_precision,0.70,true
REVIEW-MAT-00903,砂纸,工具耗材/磨料磨具,工具器具/工具耗材/切磨耗材,粒度: 细,张,1,可建档,细砂纸,Sheet1:1586,具体目数/尺寸缺失,REVIEW-MAT-00903,single_candidate;low_precision,0.70,true
REVIEW-MAT-00904,焊接卡扣,定制件/管路接头,设备备件与加工件/金属加工件/金属加工件,加工: 是；规格: 168；连接: 焊接,个,1,可建档-定制件,加工168焊接卡扣,Sheet1:1587,材质/图纸/用途缺失,REVIEW-MAT-00904,single_candidate;low_precision,0.70,true
REVIEW-MAT-00905,膨胀螺丝,紧固件/膨胀件,紧固件/锚固件/膨胀锚栓,规格: M14*100,套,1,可建档,14*100膨胀螺丝,Sheet1:1588,材质/类型缺失,REVIEW-MAT-00905,single_candidate;low_precision,0.70,true
REVIEW-MAT-00906,异径接头,管件/管接头,管道管件/其他/管接头,规格: 80*50；类型: 大小头,个,1,可建档,80*50大小头,Sheet1:1589,材质/连接方式缺失,REVIEW-MAT-00906,single_candidate;low_precision;human_review_group,0.65,true
REVIEW-MAT-00907,膨胀螺丝,紧固件/膨胀件,紧固件/锚固件/膨胀锚栓,规格: M10*80,套,1,可建档,10*80膨胀螺丝,Sheet1:1593,材质/类型缺失,REVIEW-MAT-00907,single_candidate;low_precision,0.70,true
REVIEW-MAT-00908,定制电箱罩,定制件/电气箱柜,设备备件与加工件/金属加工件/金属加工件,尺寸: 2.3*1.3*0.7；定制: 是；特征: 加厚,套,1,可建档-定制件,2.3*1.3*0.7定做加厚电箱罩,Sheet1:1594,单位米? 材质/厚度/IP等级/图纸缺失,REVIEW-MAT-00908,single_candidate;low_precision,0.70,true
REVIEW-MAT-00909,定制电箱罩,定制件/电气箱柜,设备备件与加工件/金属加工件/金属加工件,尺寸: 1.8*1.6*0.6；定制: 是；特征: 加厚,套,1,可建档-定制件,1.8*1.6*0.6定做加厚电箱罩,Sheet1:1595,单位米? 材质/厚度/IP等级/图纸缺失,REVIEW-MAT-00909,single_candidate;low_precision,0.70,true
REVIEW-MAT-00910,不锈钢增压泵,设备备件/泵,设备备件与加工件/设备专用备件/设备备件,功率: 3kW；材质: 不锈钢；类型: 增压泵,台,1,可建档,3千瓦不锈钢增压泵,Sheet1:1599,流量/扬程/电压/接口缺失,REVIEW-MAT-00910,single_candidate;low_precision,0.70,true
REVIEW-MAT-00911,氧气管接头,焊割耗材/气管接头,焊接焊割/焊割耗材/割嘴焊嘴,规格: 8厘；适用气体: 氧气,个,1,可建档,8厘氧气管接头,Sheet1:1600,材质/连接形式缺失,REVIEW-MAT-00911,single_candidate;low_precision,0.70,true
REVIEW-MAT-00912,高压堵头,液压/高压管路,液压气动/液压管路/高压胶管,规格: 1/2英寸；类型: 堵头,个,1,可建档,1/2高压堵头,Sheet1:1601,螺纹标准/压力等级缺失,REVIEW-MAT-00912,single_candidate;low_precision,0.70,true
REVIEW-MAT-00913,高压堵头,液压/高压管路,液压气动/液压管路/高压胶管,规格: 3/4英寸；类型: 堵头,个,1,可建档,3/4高压堵头,Sheet1:1602,螺纹标准/压力等级缺失,REVIEW-MAT-00913,single_candidate;low_precision,0.70,true
REVIEW-MAT-00914,高压堵头,液压/高压管路,液压气动/液压管路/高压胶管,规格: 1英寸；类型: 堵头,个,1,可建档,1高压堵头,Sheet1:1603,螺纹标准/压力等级缺失,REVIEW-MAT-00914,single_candidate;low_precision,0.70,true
REVIEW-MAT-00915,高压堵头,液压/高压管路,液压气动/液压管路/高压胶管,规格: 1.5寸；类型: 堵头,个,1,可建档,1.5寸高压堵头,Sheet1:1604,螺纹标准/压力等级缺失,REVIEW-MAT-00915,single_candidate;low_precision,0.70,true
REVIEW-MAT-00916,高压堵头,液压/高压管路,液压气动/液压管路/高压胶管,规格: 2寸；类型: 堵头,个,1,可建档,2寸高压堵头,Sheet1:1605,螺纹标准/压力等级缺失,REVIEW-MAT-00916,single_candidate;low_precision,0.70,true
REVIEW-MAT-00917,不锈钢球阀,阀门/球阀,阀门/通用阀门/球阀,品牌: 埃美柯；公称直径: DN50；材质: 不锈钢,个,1,可建档,50埃美柯不锈钢球阀,Sheet1:1609,连接方式/压力等级缺失,REVIEW-MAT-00917,single_candidate;low_precision,0.70,true
REVIEW-MAT-00918,电动油脂泵,设备备件/润滑设备,设备备件与加工件/设备专用备件/设备备件,驱动: 电动；功能: 自动供脂,套,1,可建档,自动电动油脂泵,Sheet1:1610,电压/容量/压力/型号缺失,REVIEW-MAT-00918,single_candidate;low_precision,0.70,true
REVIEW-MAT-00919,拖把,行政后勤/清洁用品,行政办公与清洁/清洁用品/清洁工具耗材,品类: 拖把,个,2,可合并,拖把,Sheet1:1611；Sheet1:2014,材质/规格缺失 | 与1611同类，材质/规格缺失,REVIEW-MAT-00919,single_candidate;source_status_contains_merge;low_precision,0.70,true
REVIEW-MAT-00920,抹布,行政后勤/清洁用品,行政办公与清洁/清洁用品/清洁工具耗材,品类: 抹布,条,1,可合并,抹布,Sheet1:1612,材质/尺寸缺失,REVIEW-MAT-00920,single_candidate;source_status_contains_merge;low_precision,0.70,true
REVIEW-MAT-00921,油污清洗剂,清洁耗材/清洗剂,行政办公与清洁/清洁用品/清洁工具耗材,功能: 去油污,瓶,1,可建档,油污净,Sheet1:1613,容量/品牌/浓度缺失,REVIEW-MAT-00921,single_candidate;low_precision,0.70,true
REVIEW-MAT-00922,漏电断路器,电气材料/低压电器,电气与自动化/低压电器/低压电器,品牌: 施耐德；极数: 2P；额定电流: 40A,个,2,可合并 | 可建档,2P40A施耐德漏电保护,Sheet1:1614；Sheet1:1641,漏保型号/漏电动作电流缺失 | 与1614同类，型号缺失,REVIEW-MAT-00922,single_candidate;source_status_contains_merge;low_precision,0.70,true
REVIEW-MAT-00923,时控开关,电气材料/低压电器,电气与自动化/低压电器/低压电器,类型: 时控开关,个,1,可建档,时控开关,Sheet1:1615,电压/型号/通道数缺失,REVIEW-MAT-00923,single_candidate;low_precision,0.70,true
REVIEW-MAT-00924,铁丝,五金耗材/金属丝,五金备件/其他/金属丝,材质: 铁,kg,2,可合并 | 可建档,铁丝,Sheet1:1617；Sheet1:2189,线径/表面处理缺失 | 与1617同类，线径缺失,REVIEW-MAT-00924,single_candidate;source_status_contains_merge;low_precision;human_review_group,0.65,true
REVIEW-MAT-00925,弹簧减压阀,阀门/减压阀,阀门/其他/减压阀,公称直径: DN25；结构: 弹簧式,个,1,可建档,DN25弹簧减压阀,Sheet1:1618,压力范围/材质/连接方式缺失,REVIEW-MAT-00925,single_candidate;low_precision;human_review_group,0.65,true
REVIEW-MAT-00926,透明软管,管材/软管,管道管件/其他/软管,公称直径: 25；特征: 透明,米,1,可建档,25透明管,Sheet1:1620,材质/压力等级缺失,REVIEW-MAT-00926,single_candidate;low_precision;human_review_group,0.65,true
REVIEW-MAT-00927,外丝接头,定制件/管路接头,设备备件与加工件/金属加工件/金属加工件,定制: 是；规格: 1寸；连接: 外丝,个,1,可建档-定制件,定做1寸外丝,Sheet1:1621,材质/螺纹标准/图纸缺失,REVIEW-MAT-00927,single_candidate;low_precision,0.70,true
REVIEW-MAT-00928,钢焊接件,定制件/金属加工件,设备备件与加工件/金属加工件/金属加工件,定制: 是；尺寸: 80*200；材质: 钢；工艺: 焊接,个,1,可建档-定制件,定做80*200钢焊接,Sheet1:1622,图纸/厚度/用途缺失,REVIEW-MAT-00928,single_candidate;low_precision,0.70,true
REVIEW-MAT-00929,电磁阀,气动元件/阀,液压气动/气动元件/接头阀管,型号: 4M210L-8,个,1,可建档,4M210L-8电磁阀,Sheet1:1624,电压/位通数可由型号解析但需确认,REVIEW-MAT-00929,single_candidate,1.00,false
REVIEW-MAT-00930,高压油管,液压/高压管路,液压气动/液压管路/高压胶管,公称直径: 80,米,3,可合并 | 可建档,80高压油管；80高压管,Sheet1:1625；Sheet1:1687；Sheet1:1713,压力等级/层数/接头形式缺失 | 与80高压管同类，压力等级/层数缺失 | 与1687同类，压力等级/层数缺失,REVIEW-MAT-00930,single_candidate;source_status_contains_merge;low_precision,0.70,true
REVIEW-MAT-00931,加厚铜接头,液压/高压管路,液压气动/液压管路/高压胶管,规格: 80；材质: 铜；特征: 加厚,个,4,可合并,80加厚铜头,Sheet1:1626；Sheet1:1653；Sheet1:1714；Sheet1:2270,与1591同类，连接形式缺失,REVIEW-MAT-00931,single_candidate;source_status_contains_merge;low_precision,0.70,true
REVIEW-MAT-00932,铜头铝套组件,液压/高压管路,液压气动/液压管路/高压胶管,规格: 80；组成: 铜头、铝扣；特征: 加厚,个,1,可合并,80加厚铜头铝扣,Sheet1:1627,与1592同类，连接形式缺失,REVIEW-MAT-00932,single_candidate;source_status_contains_merge;low_precision,0.70,true
REVIEW-MAT-00933,法兰,管件/法兰,管道管件/其他/法兰,规格: DN89；压力等级: 16kg,个,1,可建档,89*16KG法兰盘,Sheet1:1628,材质/标准/密封面缺失,REVIEW-MAT-00933,single_candidate;low_precision;human_review_group,0.65,true
REVIEW-MAT-00934,不锈钢球阀,阀门/球阀,阀门/通用阀门/球阀,品牌: 埃美柯；公称直径: DN80；材质: 不锈钢,个,1,可建档,80埃美柯不锈钢球阀,Sheet1:1629,连接方式/压力等级缺失,REVIEW-MAT-00934,single_candidate;low_precision,0.70,true
REVIEW-MAT-00935,不锈钢单向阀,阀门/单向阀,阀门/其他/单向阀,品牌: 埃美柯；公称直径: DN80；材质: 不锈钢,个,1,可建档,80埃美柯不锈钢单向阀,Sheet1:1630,连接方式/压力等级缺失,REVIEW-MAT-00935,single_candidate;low_precision;human_review_group,0.65,true
REVIEW-MAT-00936,Y型法兰过滤器,阀门/过滤器,阀门/其他/过滤器,公称直径: DN80；结构: Y型；连接: 法兰,个,1,可建档,80Y型法兰过滤器,Sheet1:1631,材质/压力等级/滤网目数缺失,REVIEW-MAT-00936,single_candidate;low_precision;human_review_group,0.65,true
REVIEW-MAT-00937,气源分配器,定制件/气动管路件,设备备件与加工件/金属加工件/金属加工件,定制: 是；材质: 不锈钢；路数: 6路,个,1,可建档-定制件,定做6路不锈钢气源分配器,Sheet1:1632,接口规格/压力等级/图纸缺失,REVIEW-MAT-00937,single_candidate;low_precision,0.70,true
REVIEW-MAT-00938,水泵防护罩,定制件/金属加工件,设备备件与加工件/金属加工件/金属加工件,定制: 是；材质: 不锈钢；尺寸: 60*90,个,1,可建档-定制件,定做不锈钢水泵防护罩60*90,Sheet1:1633,高度/厚度/图纸缺失,REVIEW-MAT-00938,single_candidate;low_precision,0.70,true
REVIEW-MAT-00939,双卡管道连接器,管道紧固/管道连接器,管道管件/管道紧固/管夹卡箍,规格: 325；型式: 双卡,个,1,可建档,双卡325管道连接器,Sheet1:1634,材质/压力等级/密封件缺失,REVIEW-MAT-00939,single_candidate;low_precision,0.70,true
REVIEW-MAT-00940,喷火枪,工具/焊割工具,工具器具/其他/焊割工具,功能: 多功能,个,1,可建档,多功能喷火枪,Sheet1:1635,燃气类型/型号缺失,REVIEW-MAT-00940,single_candidate;low_precision;human_review_group,0.65,true
REVIEW-MAT-00941,热风机,工具/电动工具,工具器具/电动工具/电钻角磨机,功率: 2000W,个,1,可建档,2000W热风机,Sheet1:1637,品牌/温度范围/型号缺失,REVIEW-MAT-00941,single_candidate;low_precision,0.70,true
REVIEW-MAT-00942,固定扳手,工具/手动工具,工具器具/手动工具/通用手动工具,品牌: 世达；规格: 24号,个,1,可建档,24世达固定扳手,Sheet1:1638,开口/梅花/两用需确认,REVIEW-MAT-00942,single_candidate,1.00,false
REVIEW-MAT-00943,室外照明灯,电气材料/照明,电气与自动化/照明与报警/灯具,功率: 200W；用途: 室外,个,1,可建档,200W室外照明灯,Sheet1:1639,防护等级/色温/电压缺失,REVIEW-MAT-00943,single_candidate;low_precision,0.70,true
REVIEW-MAT-00944,内六角螺丝,紧固件/螺丝,紧固件/螺纹紧固件/螺丝螺栓,规格: M8*45；头型: 内六角,个,1,可建档,M8*45内六角螺丝,Sheet1:1640,材质/强度等级缺失,REVIEW-MAT-00944,single_candidate;low_precision,0.70,true
REVIEW-MAT-00945,双开门电箱,定制件/电气箱柜,设备备件与加工件/金属加工件/金属加工件,定制: 是；结构: 双开门；适配功率: 11kW,个,1,可建档-定制件,定做双开门11千瓦电箱,Sheet1:1642,尺寸/IP等级/图纸/元件配置缺失,REVIEW-MAT-00945,single_candidate;low_precision,0.70,true
REVIEW-MAT-00946,二保焊绝缘套,焊割耗材/焊机配件,焊接焊割/焊割耗材/割嘴焊嘴,用途: 二保焊；类型: 绝缘套,个,1,可建档,二保焊绝缘套,Sheet1:1644,适配焊枪型号缺失,REVIEW-MAT-00946,single_candidate;low_precision,0.70,true
REVIEW-MAT-00947,膨胀螺丝,紧固件/膨胀件,紧固件/锚固件/膨胀锚栓,规格: M14*100,个,1,可合并,14*100膨胀螺丝,Sheet1:1646,与1588同类，单位套/个需统一,REVIEW-MAT-00947,single_candidate;source_status_contains_merge,1.00,false
REVIEW-MAT-00948,LED灯泡,电气材料/照明,电气与自动化/照明与报警/灯具,功率: 40W；类型: LED,个,1,可建档,LED40W灯泡,Sheet1:1648,灯头规格/色温/电压缺失,REVIEW-MAT-00948,single_candidate;low_precision,0.70,true
REVIEW-MAT-00949,吊灯头,电气材料/照明附件,电气与自动化/照明与报警/灯具,类型: 吊灯头,个,2,可合并 | 可建档,吊灯头,Sheet1:1649；Sheet1:2172,灯头规格/材质缺失 | 与1649同类，灯头规格缺失,REVIEW-MAT-00949,single_candidate;source_status_contains_merge;low_precision,0.70,true
REVIEW-MAT-00950,加厚铜接头,液压/高压管路,液压气动/液压管路/高压胶管,规格: 50；材质: 铜；特征: 加厚,个,2,可合并,50加厚铜头,Sheet1:1651；Sheet1:2269,与1607同类，连接形式缺失,REVIEW-MAT-00950,single_candidate;source_status_contains_merge;low_precision,0.70,true
REVIEW-MAT-00953,尼龙扎带,电气材料/扎带,电气与自动化/其他/扎带,规格: 10*500；包装: 大包,包,1,可建档,10*500大包扎带,Sheet1:1657,颜色/每包数量缺失,REVIEW-MAT-00953,single_candidate;low_precision;human_review_group,0.65,true
REVIEW-MAT-00954,气动阀,气动元件/阀,液压气动/气动元件/接头阀管,型号: APL-210V,个,1,可建档,APL-210V气动阀,Sheet1:1658,阀门类型/电压或限位开关属性需确认,REVIEW-MAT-00954,single_candidate,1.00,false
REVIEW-MAT-00955,双外丝无缝管,定制件/钢管加工件,设备备件与加工件/金属加工件/金属加工件,加工: 是；材质/形态: 无缝管；连接: 两头外丝,个,1,可建档-定制件,加工两头外丝无缝管,Sheet1:1661,管径/长度/螺纹标准缺失,REVIEW-MAT-00955,single_candidate;low_precision,0.70,true
REVIEW-MAT-00956,消防卡箍,管道紧固/卡箍,管道管件/管道紧固/管夹卡箍,规格: 50；用途: 消防,个,1,可建档,50消防卡箍,Sheet1:1663,沟槽标准/压力等级缺失,REVIEW-MAT-00956,single_candidate;low_precision,0.70,true
REVIEW-MAT-00957,消防卡箍,管道紧固/卡箍,管道管件/管道紧固/管夹卡箍,规格: 65；用途: 消防,个,1,可建档,65消防卡箍,Sheet1:1664,沟槽标准/压力等级缺失,REVIEW-MAT-00957,single_candidate;low_precision,0.70,true
REVIEW-MAT-00958,消防卡箍,管道紧固/卡箍,管道管件/管道紧固/管夹卡箍,规格: 80；用途: 消防,个,1,可建档,80消防卡箍,Sheet1:1665,沟槽标准/压力等级缺失,REVIEW-MAT-00958,single_candidate;low_precision,0.70,true
REVIEW-MAT-00959,内六角螺丝,紧固件/螺丝,紧固件/螺纹紧固件/螺丝螺栓,规格: M8*40；头型: 内六角,套,2,可建档,8*40内六角螺丝；M8*40内六角螺丝,Sheet1:1666；Sheet1:2318,材质/强度等级缺失 | 材质/强度等级/套包含内容缺失,REVIEW-MAT-00959,single_candidate;low_precision,0.70,true
REVIEW-MAT-00960,定制橡胶垫,定制件/橡胶加工件,设备备件与加工件/金属加工件/金属加工件,定制: 是；尺寸: 300*350*5mm；材质: 胶,个,1,可建档-定制件,定做300*350*5胶垫,Sheet1:1667,橡胶材质/硬度/图纸缺失,REVIEW-MAT-00960,single_candidate;low_precision,0.70,true
REVIEW-MAT-00961,电动扳手套筒,工具/套筒,工具器具/其他/套筒,品牌: 世达；规格: 23号；适用: 电动扳手,个,1,可建档,23号世达电动扳手套筒,Sheet1:1668,方榫规格/长度缺失,REVIEW-MAT-00961,single_candidate;low_precision;human_review_group,0.65,true
REVIEW-MAT-00962,电动扳手套筒,工具/套筒,工具器具/其他/套筒,品牌: 世达；规格: 24号；适用: 电动扳手,个,1,可建档,24号世达电动扳手套筒,Sheet1:1669,方榫规格/长度缺失,REVIEW-MAT-00962,single_candidate;low_precision;human_review_group,0.65,true
REVIEW-MAT-00963,扳手,工具/手动工具,工具器具/手动工具/通用手动工具,品牌: 世达；规格: 13号,个,1,可建档,13号世达扳手,Sheet1:1670,类型开口/梅花/两用需确认,REVIEW-MAT-00963,single_candidate,1.00,false
REVIEW-MAT-00964,自喷漆,化工耗材/涂料,化工油漆胶粘/油漆涂料/涂料油漆,颜色: 白色；类型: 喷漆,个,1,可建档,白色喷漆,Sheet1:1671,容量/品牌缺失,REVIEW-MAT-00964,single_candidate;low_precision,0.70,true
REVIEW-MAT-00965,压力开关,仪表/压力控制,仪器仪表/其他/压力控制,接口: 4分；类型: 压力开关,个,1,可建档,4分压力开关,Sheet1:1672,压力范围/电压/触点形式缺失,REVIEW-MAT-00965,single_candidate;low_precision;human_review_group,0.65,true
REVIEW-MAT-00966,扎丝,建筑材料/绑扎材料,工程建材/其他/绑扎材料,品类: 扎丝,卷,1,可建档,扎丝,Sheet1:1674,线径/每卷重量缺失,REVIEW-MAT-00966,single_candidate;low_precision;human_review_group,0.65,true
REVIEW-MAT-00967,电动抽油泵,设备备件/泵,设备备件与加工件/设备专用备件/设备备件,驱动: 电动；用途: 抽油,个,1,可建档,电动抽油泵,Sheet1:1676,流量/扬程/电压/型号缺失,REVIEW-MAT-00967,single_candidate;low_precision,0.70,true
REVIEW-MAT-00968,钢丝软管,管材/软管,管道管件/其他/软管,公称直径: 25；结构: 钢丝增强,米,1,可建档,25钢丝管,Sheet1:1677,材质/压力等级缺失,REVIEW-MAT-00968,single_candidate;low_precision;human_review_group,0.65,true
REVIEW-MAT-00969,卸扣,吊装索具/卸扣,吊装索具/吊装连接件/卸扣吊钩,宽度: 6cm；额定载荷: 12T；执行标准: 国标,个,1,可建档,宽度6cm12吨国标卸扣,Sheet1:1678,型式/销轴形式缺失,REVIEW-MAT-00969,single_candidate;low_precision;human_review_group,0.65,true
REVIEW-MAT-00970,液压堵头,液压/高压管路,液压气动/液压管路/高压胶管,型号/规格: 42L；类型: 堵头,个,1,可建档,42L液压堵头,Sheet1:1679,螺纹/压力等级缺失,REVIEW-MAT-00970,single_candidate;low_precision,0.70,true
REVIEW-MAT-00971,膨胀螺丝,紧固件/膨胀件,紧固件/锚固件/膨胀锚栓,规格: M14*150,个,1,可建档,14*150膨胀螺丝,Sheet1:1680,材质/类型缺失,REVIEW-MAT-00971,single_candidate;low_precision,0.70,true
REVIEW-MAT-00972,螺杆,紧固件/螺杆,紧固件/其他/螺杆,规格: M10*50,个,1,可建档,螺杆10*50,Sheet1:1681,材质/强度等级缺失,REVIEW-MAT-00972,single_candidate;low_precision;human_review_group,0.65,true
REVIEW-MAT-00973,垫片,紧固件/垫圈,紧固件/螺纹紧固件/螺母垫圈,规格: M10,个,1,可建档,M10垫片,Sheet1:1682,平垫/弹垫/材质需确认,REVIEW-MAT-00973,single_candidate,1.00,false
REVIEW-MAT-00974,螺母,紧固件/螺母,紧固件/螺纹紧固件/螺母垫圈,规格: M10,个,1,可建档,M10螺母,Sheet1:1683,材质/强度等级缺失,REVIEW-MAT-00974,single_candidate;low_precision,0.70,true
REVIEW-MAT-00975,不锈钢螺丝,紧固件/螺丝,紧固件/螺纹紧固件/螺丝螺栓,规格: M5.5*32；材质: 不锈钢,个,1,可建档,M5.5*32不锈钢螺丝,Sheet1:1684,M5.5规格需确认，头型缺失,REVIEW-MAT-00975,single_candidate;low_precision,0.70,true
REVIEW-MAT-00976,螺丝组件,紧固件/螺丝,紧固件/螺纹紧固件/螺丝螺栓,规格: M20*35；成套: 是,套,1,可建档,M20*35螺丝,Sheet1:1685,头型/强度等级/材质缺失,REVIEW-MAT-00976,single_candidate;low_precision,0.70,true
REVIEW-MAT-00977,螺丝组件,紧固件/螺丝,紧固件/螺纹紧固件/螺丝螺栓,规格: M20*40；成套: 是,套,1,可建档,M20*40螺丝,Sheet1:1686,头型/强度等级/材质缺失,REVIEW-MAT-00977,single_candidate;low_precision,0.70,true
REVIEW-MAT-00978,高压树脂管,液压/高压管路,液压气动/液压管路/高压胶管,规格: 8厘；材质: 树脂；类型: 高压管,米,1,可建档,8厘高压树脂管,Sheet1:1689,压力等级/层数缺失,REVIEW-MAT-00978,single_candidate;low_precision,0.70,true
REVIEW-MAT-00979,不锈钢刀阀,阀门/刀阀,阀门/其他/刀阀,公称直径: DN150；材质: 不锈钢,个,1,可建档,150不锈钢刀阀,Sheet1:1692,连接方式/压力等级缺失,REVIEW-MAT-00979,single_candidate;low_precision;human_review_group,0.65,true
REVIEW-MAT-00980,防滑橡胶垫,劳保耗材/地面防护,劳保用品/其他/地面防护,功能: 防滑；材质: 胶/橡胶,平方,1,可建档,防滑胶垫,Sheet1:1693,厚度/花纹/材质缺失,REVIEW-MAT-00980,single_candidate;low_precision;human_review_group,0.65,true
REVIEW-MAT-00981,高压枪头,工具备件/喷枪配件,工具器具/工具配件/工具配件,特征: 加长；类型: 高压枪头,个,1,可建档,加长高压枪头,Sheet1:1694,接口/长度/适配设备缺失,REVIEW-MAT-00981,single_candidate;low_precision,0.70,true
REVIEW-MAT-00982,安全网,安全防护/防护网,安全防护/隔离防护/防护网,品类: 安全网,张,1,可合并,安全网,Sheet1:1695,与1515同类，尺寸/材质缺失,REVIEW-MAT-00982,single_candidate;source_status_contains_merge;low_precision,0.70,true
REVIEW-MAT-00983,气管直通接头,气动元件/气管接头,液压气动/液压接头/液压接头,规格: 8厘；类型: 直通,个,1,可建档,8厘气管直通,Sheet1:1697,材质/螺纹或快插形式缺失,REVIEW-MAT-00983,single_candidate;low_precision,0.70,true
REVIEW-MAT-00984,气管直通接头,气动元件/气管接头,液压气动/液压接头/液压接头,规格: 10厘；类型: 直通,个,1,可建档,10厘气管直通,Sheet1:1698,材质/螺纹或快插形式缺失,REVIEW-MAT-00984,single_candidate;low_precision,0.70,true
REVIEW-MAT-00985,气管直通接头,气动元件/气管接头,液压气动/液压接头/液压接头,规格: 16厘；类型: 直通,个,1,可建档,16厘气管直通,Sheet1:1699,材质/螺纹或快插形式缺失,REVIEW-MAT-00985,single_candidate;low_precision,0.70,true
REVIEW-MAT-00986,气管弯头接头,气动元件/气管接头,液压气动/液压接头/液压接头,规格: 8厘；类型: 弯头,个,1,可建档,8厘气管弯头,Sheet1:1700,材质/螺纹或快插形式缺失,REVIEW-MAT-00986,single_candidate;low_precision,0.70,true
REVIEW-MAT-00987,气管弯头接头,气动元件/气管接头,液压气动/液压接头/液压接头,规格: 10厘；类型: 弯头,个,1,可建档,10厘气管弯头,Sheet1:1701,材质/螺纹或快插形式缺失,REVIEW-MAT-00987,single_candidate;low_precision,0.70,true
REVIEW-MAT-00988,气管弯头接头,气动元件/气管接头,液压气动/液压接头/液压接头,规格: 16厘；类型: 弯头,个,1,可建档,16厘气管弯头,Sheet1:1702,材质/螺纹或快插形式缺失,REVIEW-MAT-00988,single_candidate;low_precision,0.70,true
REVIEW-MAT-00989,气管三通接头,气动元件/气管接头,液压气动/液压接头/液压接头,规格: 8厘；类型: 三通,个,1,可建档,8厘气管三通,Sheet1:1703,材质/快插形式缺失,REVIEW-MAT-00989,single_candidate;low_precision,0.70,true
REVIEW-MAT-00990,气管三通接头,气动元件/气管接头,液压气动/液压接头/液压接头,规格: 10厘；类型: 三通,个,1,可建档,10厘气管三通,Sheet1:1704,材质/快插形式缺失,REVIEW-MAT-00990,single_candidate;low_precision,0.70,true
REVIEW-MAT-00991,气管三通接头,气动元件/气管接头,液压气动/液压接头/液压接头,规格: 16厘；类型: 三通,个,1,可建档,16厘气管三通,Sheet1:1705,材质/快插形式缺失,REVIEW-MAT-00991,single_candidate;low_precision,0.70,true
REVIEW-MAT-00992,油雾器专用油,化工耗材/润滑剂,化工油漆胶粘/其他/润滑剂,用途: 油雾器,瓶,1,可建档,油雾专用油,Sheet1:1706,粘度/容量/品牌缺失,REVIEW-MAT-00992,single_candidate;low_precision;human_review_group,0.65,true
REVIEW-MAT-00993,塑料焊枪,工具/焊接工具,工具器具/其他/焊接工具,适用材料: 塑料,套,1,可建档,塑料焊枪,Sheet1:1707,功率/温度范围/配置缺失,REVIEW-MAT-00993,single_candidate;low_precision;human_review_group,0.65,true
REVIEW-MAT-00994,不锈钢数字牌,标识耗材/标牌,包装与标识/其他/标牌,材质: 不锈钢；类型: 数字牌,个,1,可建档,不锈钢数字牌,Sheet1:1708,尺寸/数字范围/安装方式缺失,REVIEW-MAT-00994,single_candidate;low_precision;human_review_group,0.65,true
REVIEW-MAT-00995,502瞬干胶,化工耗材/胶粘剂,化工油漆胶粘/胶粘密封/胶粘剂,型号/俗称: 502,个,1,可建档,502胶水,Sheet1:1709,容量/品牌缺失,REVIEW-MAT-00995,single_candidate;low_precision,0.70,true
REVIEW-MAT-00996,滤芯,备品备件/过滤件,设备备件与加工件/过滤密封/过滤件,型号: 06/08-25,个,1,可建档,06/08-25滤芯,Sheet1:1710,适配设备/过滤精度缺失,REVIEW-MAT-00996,single_candidate;low_precision,0.70,true
REVIEW-MAT-00997,油封,备品备件/密封件,设备备件与加工件/其他/密封件,品牌: SKF；型号: 37327；进口: 是,个,1,可建档,进口SKF-37327油封,Sheet1:1711,尺寸/材质缺失,REVIEW-MAT-00997,single_candidate;low_precision;human_review_group,0.65,true
REVIEW-MAT-00998,铜头铝合金夹,液压/高压管路,液压气动/液压管路/高压胶管,规格: 80；组成: 铜头、铝合金夹,个,1,可合并,80铜头铝合金夹,Sheet1:1715,与1654同类，连接形式需确认,REVIEW-MAT-00998,single_candidate;source_status_contains_merge,1.00,false
REVIEW-MAT-00999,齿轮油,化工耗材/润滑油,化工油漆胶粘/油品化学品/润滑油脂,包装: 20L；类型: 齿轮油,个,1,可建档,20L齿轮油,Sheet1:1716,粘度等级/品牌缺失，单位建议桶,REVIEW-MAT-00999,single_candidate;low_precision,0.70,true
REVIEW-MAT-01000,镀锌弯头,管件/镀锌管件,管道管件/金属管件/镀锌管件,规格: 80；表面: 镀锌；类型: 弯头,个,1,可建档,80镀锌弯头,Sheet1:1717,角度/连接形式/螺纹标准缺失,REVIEW-MAT-01000,single_candidate;low_precision,0.70,true
REVIEW-MAT-01001,内丝直通,管件/管接头,管道管件/其他/管接头,规格: 80；连接: 内丝；类型: 直通,个,1,可建档,80内丝直通,Sheet1:1718,材质/螺纹标准缺失,REVIEW-MAT-01001,single_candidate;low_precision;human_review_group,0.65,true
REVIEW-MAT-01002,单头外丝无缝管,定制件/钢管加工件,设备备件与加工件/金属加工件/金属加工件,加工: 是；形态: 无缝管；连接: 单头外丝,个,1,可建档-定制件,加工单头外丝无缝管,Sheet1:1719,管径/长度/螺纹标准/材质缺失,REVIEW-MAT-01002,single_candidate;low_precision,0.70,true
REVIEW-MAT-01003,内六角螺丝,紧固件/螺丝,紧固件/螺纹紧固件/螺丝螺栓,规格: M6*40；头型: 内六角,套,1,可建档,6*40内六角螺丝,Sheet1:1720,材质/强度等级缺失,REVIEW-MAT-01003,single_candidate;low_precision,0.70,true
REVIEW-MAT-01004,长销,定制件/金属加工件,设备备件与加工件/金属加工件/金属加工件,加工: 是；规格: 20*340,个,1,可建档-定制件,加工长销20*340,Sheet1:1721,材质/热处理/图纸缺失,REVIEW-MAT-01004,single_candidate;low_precision,0.70,true
REVIEW-MAT-01005,螺丝组件,紧固件/螺丝,紧固件/螺纹紧固件/螺丝螺栓,规格: M4*15；成套: 是,套,1,可建档,M4*15螺丝,Sheet1:1722,头型/材质/强度等级缺失,REVIEW-MAT-01005,single_candidate;low_precision,0.70,true
REVIEW-MAT-01006,螺丝组件,紧固件/螺丝,紧固件/螺纹紧固件/螺丝螺栓,规格: M5*15；成套: 是,套,1,可建档,M5*15螺丝,Sheet1:1723,头型/材质/强度等级缺失,REVIEW-MAT-01006,single_candidate;low_precision,0.70,true
REVIEW-MAT-01007,螺丝组件,紧固件/螺丝,紧固件/螺纹紧固件/螺丝螺栓,规格: M6*15；成套: 是,套,1,可建档,M6*15螺丝,Sheet1:1724,头型/材质/强度等级缺失,REVIEW-MAT-01007,single_candidate;low_precision,0.70,true
REVIEW-MAT-01008,螺丝组件,紧固件/螺丝,紧固件/螺纹紧固件/螺丝螺栓,规格: M8*15；成套: 是,套,1,可建档,M8*15螺丝,Sheet1:1725,头型/材质/强度等级缺失,REVIEW-MAT-01008,single_candidate;low_precision,0.70,true
REVIEW-MAT-01009,螺丝组件,紧固件/螺丝,紧固件/螺纹紧固件/螺丝螺栓,规格: M10*15；成套: 是,套,1,可建档,M10*15螺丝,Sheet1:1726,头型/材质/强度等级缺失,REVIEW-MAT-01009,single_candidate;low_precision,0.70,true
REVIEW-MAT-01010,自喷漆,化工耗材/涂料,化工油漆胶粘/油漆涂料/涂料油漆,颜色: 红色；类型: 自喷漆,支,1,可建档,红色自喷漆,Sheet1:1727,容量/品牌缺失,REVIEW-MAT-01010,single_candidate;low_precision,0.70,true
REVIEW-MAT-01011,反光警示带,安全防护/警示用品,安全防护/警示标识/反光警示,宽度: 10cm；颜色: 黄黑；功能: 反光,卷,1,可建档,10cm反光警示带黄黑,Sheet1:1728,长度/材质缺失,REVIEW-MAT-01011,single_candidate;low_precision,0.70,true
REVIEW-MAT-01012,传动皮带,备品备件/传动件,设备备件与加工件/传动轴承/传动轴承,型号: XPL2800,个,1,可建档,XPL2800皮带,Sheet1:1729,单位建议条，皮带类型需确认,REVIEW-MAT-01012,single_candidate,1.00,false
REVIEW-MAT-01013,传动皮带,备品备件/传动件,设备备件与加工件/传动轴承/传动轴承,型号: XPL2650,个,1,可建档,XPL2650皮带,Sheet1:1730,单位建议条，皮带类型需确认,REVIEW-MAT-01013,single_candidate,1.00,false
REVIEW-MAT-01014,不锈钢双卡抱箍,管道紧固/抱箍,管道管件/管道紧固/管夹卡箍,规格: 325；材质: 不锈钢；型式: 双卡,个,1,可建档,325双卡抱箍 不锈钢,Sheet1:1731,厚度/密封件/压力等级缺失,REVIEW-MAT-01014,single_candidate;low_precision,0.70,true
REVIEW-MAT-01015,合成纤维垫块,密封材料/非金属垫块,待治理/待治理/非金属垫块,尺寸: 86*65；材质: 合成纤维,个,1,可建档,86*65合成纤维垫块,Sheet1:1732,厚度/耐温等级缺失,REVIEW-MAT-01015,single_candidate;low_precision;human_review_group,0.65,true
REVIEW-MAT-01016,螺杆,紧固件/螺杆,紧固件/其他/螺杆,规格: M48*120,支,1,可建档,48*120螺杆,Sheet1:1734,材质/强度等级缺失,REVIEW-MAT-01016,single_candidate;low_precision;human_review_group,0.65,true
REVIEW-MAT-01017,螺母,紧固件/螺母,紧固件/螺纹紧固件/螺母垫圈,规格: M48,支,1,可建档,48螺母,Sheet1:1735,单位建议个，材质/强度等级缺失,REVIEW-MAT-01017,single_candidate;low_precision,0.70,true
REVIEW-MAT-01018,胶粘剂,化工耗材/胶粘剂,化工油漆胶粘/胶粘密封/胶粘剂,品牌: 东泰；型号: S1-5910；进口: 是,支,1,可建档,进口东泰s1-5910胶,Sheet1:1739,胶种/容量缺失,REVIEW-MAT-01018,single_candidate;low_precision,0.70,true
REVIEW-MAT-01019,PPR直通,PPR管件/直通,管道管件/塑料管件/PPR管件,材质: PPR；规格: 63；类型: 直通,个,1,可建档,63PPR直通,Sheet1:1741,压力等级缺失,REVIEW-MAT-01019,single_candidate;low_precision,0.70,true
REVIEW-MAT-01020,PPR管,PPR管材/管,管道管件/塑料管件/PPR管件,材质: PPR；规格: 63,米,1,可建档,63PPR管,Sheet1:1742,压力等级/壁厚缺失,REVIEW-MAT-01020,single_candidate;low_precision,0.70,true
REVIEW-MAT-01021,PPR弯头,PPR管件/弯头,管道管件/塑料管件/PPR管件,材质: PPR；规格: 63；类型: 弯头,个,1,可建档,63PPR弯头,Sheet1:1743,角度/压力等级缺失,REVIEW-MAT-01021,single_candidate;low_precision,0.70,true
REVIEW-MAT-01022,PPR截止阀,PPR管件/阀门,管道管件/塑料管件/PPR管件,材质: PPR；规格: 63；类型: 截止阀,个,1,可建档,63PPR截止阀,Sheet1:1744,压力等级/连接方式缺失,REVIEW-MAT-01022,single_candidate;low_precision,0.70,true
REVIEW-MAT-01023,PPR外接直通,PPR管件/直通,管道管件/塑料管件/PPR管件,材质: PPR；规格: 63；连接: 外接；类型: 直通,个,1,可建档,63PPR外接直通,Sheet1:1745,螺纹/压力等级缺失,REVIEW-MAT-01023,single_candidate;low_precision,0.70,true
REVIEW-MAT-01024,手扳葫芦,吊装索具/葫芦,吊装索具/其他/葫芦,额定载荷: 2T；链长: 6米,台,1,可建档,2T*6米手扳葫芦,Sheet1:1749,品牌/标准缺失,REVIEW-MAT-01024,single_candidate;low_precision;human_review_group,0.65,true
REVIEW-MAT-01025,重型梅花敲击扳手,工具/手动工具,工具器具/手动工具/通用手动工具,规格: 36；类型: 梅花敲击；特征: 重型,支,1,可建档,36重型梅花敲击扳手,Sheet1:1750,材质/品牌缺失,REVIEW-MAT-01025,single_candidate;low_precision,0.70,true
REVIEW-MAT-01026,重型梅花敲击扳手,工具/手动工具,工具器具/手动工具/通用手动工具,规格: 46；类型: 梅花敲击；特征: 重型,支,1,可建档,46重型梅花敲击扳手,Sheet1:1751,材质/品牌缺失,REVIEW-MAT-01026,single_candidate;low_precision,0.70,true
REVIEW-MAT-01027,重型梅花敲击扳手,工具/手动工具,工具器具/手动工具/通用手动工具,规格: 55；类型: 梅花敲击；特征: 重型,支,1,可建档,55重型梅花敲击扳手,Sheet1:1752,材质/品牌缺失,REVIEW-MAT-01027,single_candidate;low_precision,0.70,true
REVIEW-MAT-01028,帆布手套,劳保耗材/手套,劳保用品/手部防护/手套,材质: 帆布；结构: 双层,双,3,可合并 | 可建档,双层帆布手套；帆布双层手套,Sheet1:1754；Sheet1:1758；Sheet1:2298,尺码缺失 | 与1754同类，尺码缺失,REVIEW-MAT-01028,single_candidate;source_status_contains_merge;low_precision,0.70,true
REVIEW-MAT-01029,万向套筒,工具/套筒,工具器具/其他/套筒,规格: 1寸；结构: 万向转向,个,1,可建档,1寸万向转向套筒,Sheet1:1755,方榫/适配规格缺失,REVIEW-MAT-01029,single_candidate;low_precision;human_review_group,0.65,true
REVIEW-MAT-01030,膨胀螺丝,紧固件/膨胀件,紧固件/锚固件/膨胀锚栓,规格: M24*150,个,1,可建档,24*150膨胀螺丝,Sheet1:1756,材质/类型缺失,REVIEW-MAT-01030,single_candidate;low_precision,0.70,true
REVIEW-MAT-01031,雨鞋,劳保耗材/足部防护,劳保用品/其他/足部防护,品牌: 回力；类型: 雨鞋,双,1,可建档,回力雨鞋,Sheet1:1757,尺码/材质缺失,REVIEW-MAT-01031,single_candidate;low_precision;human_review_group,0.65,true
REVIEW-MAT-01032,平光防护眼镜,劳保耗材/眼面防护,劳保用品/其他/眼面防护,颜色: 白色；镜片: 平光,个,1,可建档,白色平光眼镜,Sheet1:1759,是否防冲击/标准缺失,REVIEW-MAT-01032,single_candidate;low_precision;human_review_group,0.65,true
REVIEW-MAT-01033,尼龙绳,吊装索具/绳索,吊装索具/吊带索具/钢丝绳链条,规格/直径: 18；材质: 尼龙,米,4,可合并 | 可建档,18尼龙绳；18尼龙绳子,Sheet1:1760；Sheet1:1813；Sheet1:1868；Sheet1:2142,直径单位/承载缺失 | 与1760同类，直径单位/承载缺失 | 与1760同类，承载缺失,REVIEW-MAT-01033,single_candidate;source_status_contains_merge;low_precision,0.70,true
REVIEW-MAT-01034,玻璃胶,化工耗材/胶粘剂,化工油漆胶粘/胶粘密封/胶粘剂,颜色: 白色；类型: 玻璃胶,支,1,可建档,白色玻璃胶,Sheet1:1764,容量/品牌/酸性中性缺失,REVIEW-MAT-01034,single_candidate;low_precision,0.70,true
REVIEW-MAT-01035,电子清洗剂,清洁耗材/清洗剂,行政办公与清洁/清洁用品/清洁工具耗材,用途: 电子元件清洗,支,1,可建档,电子清洗剂,Sheet1:1766,容量/品牌/是否带电清洗缺失,REVIEW-MAT-01035,single_candidate;low_precision,0.70,true
REVIEW-MAT-01036,油布,劳保耗材/覆盖防护,劳保用品/其他/覆盖防护,特征: 加厚,m2,1,可合并,加厚油布,Sheet1:1767,与1458同类，单位平方/㎡需统一,REVIEW-MAT-01036,single_candidate;source_status_contains_merge;human_review_group,0.65,true
REVIEW-MAT-01037,黄油嘴,润滑配件/黄油嘴,润滑系统/润滑设备配件/润滑泵管路,螺纹: M10*1.5,个,1,可建档,10*1.5黄油嘴,Sheet1:1769,直/弯型式缺失,REVIEW-MAT-01037,single_candidate;low_precision,0.70,true
REVIEW-MAT-01038,黄油嘴,润滑配件/黄油嘴,润滑系统/润滑设备配件/润滑泵管路,螺纹: M12*1.5,个,1,可建档,12*1.5黄油嘴,Sheet1:1770,直/弯型式缺失,REVIEW-MAT-01038,single_candidate;low_precision,0.70,true
REVIEW-MAT-01039,黄油嘴,润滑配件/黄油嘴,润滑系统/润滑设备配件/润滑泵管路,螺纹: M14*1.5,个,1,可建档,14*1.5黄油嘴,Sheet1:1771,直/弯型式缺失,REVIEW-MAT-01039,single_candidate;low_precision,0.70,true
REVIEW-MAT-01040,黄油嘴,润滑配件/黄油嘴,润滑系统/润滑设备配件/润滑泵管路,螺纹: M16*1.5,个,1,可建档,16*1.5黄油嘴,Sheet1:1772,直/弯型式缺失,REVIEW-MAT-01040,single_candidate;low_precision,0.70,true
REVIEW-MAT-01041,黄油嘴,润滑配件/黄油嘴,润滑系统/润滑设备配件/润滑泵管路,螺纹: M18*1.5,个,1,可建档,18*1.5黄油嘴,Sheet1:1773,直/弯型式缺失,REVIEW-MAT-01041,single_candidate;low_precision,0.70,true
REVIEW-MAT-01042,黄油嘴,润滑配件/黄油嘴,润滑系统/润滑设备配件/润滑泵管路,螺纹: M20*1.5,个,1,可建档,20*1.5黄油嘴,Sheet1:1774,直/弯型式缺失,REVIEW-MAT-01042,single_candidate;low_precision,0.70,true
REVIEW-MAT-01043,角钢,钢材/型材,金属原材料/钢材型材/钢材型材,规格: 3*3*0.4；执行标准: 国标,米,1,可建档,3*3*0.4国标角铁,Sheet1:1777,规格单位需统一，材质缺失,REVIEW-MAT-01043,single_candidate;low_precision,0.70,true
REVIEW-MAT-01044,液压内外牙弯头,液压/高压管路,液压气动/液压管路/高压胶管,螺纹/型号: M52*28H；连接: 内外牙；类型: 弯头,个,1,可建档,液压M52*28H内外牙弯头,Sheet1:1778,压力等级/角度缺失,REVIEW-MAT-01044,single_candidate;low_precision,0.70,true
REVIEW-MAT-01045,高压钢丝管,液压/高压管路,液压气动/液压管路/高压胶管,公称直径: 50；结构: 钢丝增强,米,1,可建档,50高压钢丝管,Sheet1:1780,压力等级/层数缺失,REVIEW-MAT-01045,single_candidate;low_precision,0.70,true
REVIEW-MAT-01046,铜头铝套组件,液压/高压管路,液压气动/液压管路/高压胶管,规格: 50；组成: 铜头、铝扣,个,1,可合并,50铜头铝扣,Sheet1:1782,与1782/1652近似，名称需统一,REVIEW-MAT-01046,single_candidate;source_status_contains_merge,1.00,false
REVIEW-MAT-01047,铁锤,工具/手动工具,工具器具/手动工具/通用手动工具,规格: 大号；材质: 铁,个,1,可建档,大铁锤,Sheet1:1789,重量/柄材质缺失,REVIEW-MAT-01047,single_candidate;low_precision,0.70,true
REVIEW-MAT-01048,橡胶水带,管材/水带,管道管件/其他/水带,规格: 50；材质: 橡胶；特征: 加厚,米,1,可建档,50加厚橡胶水带,Sheet1:1790,压力等级/接口形式缺失,REVIEW-MAT-01048,single_candidate;low_precision;human_review_group,0.65,true
REVIEW-MAT-01049,收纳箱,行政后勤/收纳用品,行政办公与清洁/其他/收纳用品,尺寸: 85*65；规格: 大,个,1,可建档,85*65大收纳箱,Sheet1:1791,高度/材质缺失,REVIEW-MAT-01049,single_candidate;low_precision;human_review_group,0.65,true
REVIEW-MAT-01050,塑料方凳,行政后勤/生活用品,行政办公与清洁/生活后勤/生活用品,材质: 塑料；类型: 方凳,个,1,可合并,塑料方凳,Sheet1:1792,尺寸/颜色缺失,REVIEW-MAT-01050,single_candidate;source_status_contains_merge;low_precision,0.70,true
REVIEW-MAT-01051,铝合金梯子,工具/登高工具,工具器具/其他/登高工具,长度: 4米；型式: B型；材质: 铝合金,个,1,可建档,4米B型铝合金梯子,Sheet1:1793,承重/节数缺失,REVIEW-MAT-01051,single_candidate;low_precision;human_review_group,0.65,true
REVIEW-MAT-01052,帆布手套,劳保耗材/手套,劳保用品/手部防护/手套,材质: 帆布；结构: 双层；特征: 加厚,双,1,可合并,加厚双层帆布手套,Sheet1:1794,与1754同类，尺码缺失,REVIEW-MAT-01052,single_candidate;source_status_contains_merge;low_precision,0.70,true
REVIEW-MAT-01053,洗洁精,清洁耗材/清洗剂,行政办公与清洁/清洁用品/清洁工具耗材,包装: 4kg,桶,1,可建档,洗洁精4KG,Sheet1:1795,品牌/浓度缺失,REVIEW-MAT-01053,single_candidate;low_precision,0.70,true
REVIEW-MAT-01054,太阳能爆闪灯,安全防护/警示灯,安全防护/警示标识/反光警示,供电: 太阳能；类型: 爆闪灯,个,1,可建档,太阳能爆闪灯,Sheet1:1796,功率/颜色/安装方式缺失,REVIEW-MAT-01054,single_candidate;low_precision,0.70,true
REVIEW-MAT-01055,扁平吊装带,吊装索具/吊带,吊装索具/吊带索具/吊带,额定载荷: 2T；长度: 2米,条,1,可建档,2T*2米吊带,Sheet1:1797,材质/安全系数缺失,REVIEW-MAT-01055,single_candidate;low_precision;human_review_group,0.65,true
REVIEW-MAT-01056,断丝取出器,工具/拆卸工具,工具器具/其他/拆卸工具,类型: 断丝取出器,合,1,可建档,断丝取出器,Sheet1:1798,单位疑似盒，规格范围缺失,REVIEW-MAT-01056,single_candidate;low_precision;human_review_group,0.65,true
REVIEW-MAT-01057,垃圾桶,行政后勤/清洁用品,行政办公与清洁/清洁用品/清洁工具耗材,规格: 大,个,1,可合并,大垃圾桶,Sheet1:1799,容量/材质缺失,REVIEW-MAT-01057,single_candidate;source_status_contains_merge;low_precision,0.70,true
REVIEW-MAT-01058,垃圾袋,行政后勤/清洁用品,行政办公与清洁/清洁用品/清洁工具耗材,类型: 垃圾袋,个,1,可合并,垃圾袋子,Sheet1:1800,规格/每包数量缺失,REVIEW-MAT-01058,single_candidate;source_status_contains_merge;low_precision,0.70,true
REVIEW-MAT-01059,扁平吊装带,吊装索具/吊带,吊装索具/吊带索具/吊带,额定载荷: 5T；长度: 6米；颜色: 彩色,付,1,可合并,彩色吊带5*6米,Sheet1:1801,与1413同类，材质/安全系数缺失,REVIEW-MAT-01059,single_candidate;source_status_contains_merge;low_precision;human_review_group,0.65,true
REVIEW-MAT-01060,槽钢,钢材/型材；钢材/型钢,金属原材料/钢材型材/钢材型材,规格: 10#,米,5,可合并 | 可建档,10#型槽钢；10#槽钢；10号槽钢；槽钢10#,Sheet1:1802；Sheet1:2646；Sheet1:2738；Sheet1:3198；Sheet1:3407,与1495同类，材质/执行标准缺失 || 材质/标准/长度缺失 | 与2644同类，材质/标准缺失,REVIEW-MAT-01060；REVIEW-MAT-01642,exact_name_group_unit_specs;source_status_contains_merge;low_precision,0.70,true
REVIEW-MAT-01061,液压扳手套装,工具/液压工具,工具器具/其他/液压工具,品牌: 恩耐克；类型: 液压扳手套装,套,1,可建档,恩耐克液压扳手套装,Sheet1:1806,型号/扭矩范围/配置缺失,REVIEW-MAT-01061,single_candidate;low_precision;human_review_group,0.65,true
REVIEW-MAT-01062,油管快速接头,液压/高压管路,液压气动/液压管路/高压胶管,规格: 52；类型: 快速接头,套,1,可建档,52油管快速接头,Sheet1:1807,压力等级/接口形式缺失,REVIEW-MAT-01062,single_candidate;low_precision,0.70,true
REVIEW-MAT-01063,油管快速接头,液压/高压管路,液压气动/液压管路/高压胶管,规格: 45；类型: 快速接头,套,1,可建档,45油管快速接头,Sheet1:1808,压力等级/接口形式缺失,REVIEW-MAT-01063,single_candidate;low_precision,0.70,true
REVIEW-MAT-01064,油管快速接头,液压/高压管路,液压气动/液压管路/高压胶管,规格: 36；类型: 快速接头,套,1,可建档,36油管快速接头,Sheet1:1809,压力等级/接口形式缺失,REVIEW-MAT-01064,single_candidate;low_precision,0.70,true
REVIEW-MAT-01065,油管快速接头,液压/高压管路,液压气动/液压管路/高压胶管,规格: 30；类型: 快速接头,套,1,可建档,30油管快速接头,Sheet1:1810,压力等级/接口形式缺失,REVIEW-MAT-01065,single_candidate;low_precision,0.70,true
REVIEW-MAT-01066,卸扣,吊装索具/卸扣,吊装索具/吊装连接件/卸扣吊钩,额定载荷: 3.25T,个,1,可建档,3.25T卸扣,Sheet1:1811,型式/销轴形式/标准缺失,REVIEW-MAT-01066,single_candidate;low_precision;human_review_group,0.65,true
REVIEW-MAT-01067,U型卸扣,吊装索具/卸扣,吊装索具/吊装连接件/卸扣吊钩,额定载荷: 9.5T；型式: U型,个,1,可建档,9.5TU型卸扣,Sheet1:1812,销轴形式/标准缺失,REVIEW-MAT-01067,single_candidate;low_precision;human_review_group,0.65,true
REVIEW-MAT-01068,钢板起重钳,吊装索具/钢板夹,吊装索具/其他/钢板夹,额定载荷: 2T,个,1,可建档,2T钢板夹,Sheet1:1814,横吊/竖吊类型、开口范围缺失,REVIEW-MAT-01068,single_candidate;low_precision;human_review_group,0.65,true
REVIEW-MAT-01069,钢板起重钳,吊装索具/钢板夹,吊装索具/其他/钢板夹,额定载荷: 3.2T,个,1,可建档,3.2T钢板夹,Sheet1:1815,横吊/竖吊类型、开口范围缺失,REVIEW-MAT-01069,single_candidate;low_precision;human_review_group,0.65,true
REVIEW-MAT-01070,定制集装袋,定制件/包装袋,设备备件与加工件/金属加工件/金属加工件,定制: 是；尺寸: 4*4米；载重: 4T；结构: 双层,个,1,可建档-定制件,定做4*4米*4吨双层吨袋,Sheet1:1816,高度/吊带形式/材质克重缺失,REVIEW-MAT-01070,single_candidate;low_precision,0.70,true
REVIEW-MAT-01071,螺丝,紧固件/螺丝,紧固件/螺纹紧固件/螺丝螺栓,规格: M48*120,个,1,可建档,M48*120螺丝,Sheet1:1817,头型/强度等级/材质缺失,REVIEW-MAT-01071,single_candidate;low_precision,0.70,true
REVIEW-MAT-01072,镀锌角钢,钢材/型材,金属原材料/钢材型材/钢材型材,规格: 4*4；表面: 镀锌,根,1,可建档,4*4镀锌角钢,Sheet1:1820,厚度/长度/材质缺失,REVIEW-MAT-01072,single_candidate;low_precision,0.70,true
REVIEW-MAT-01073,定制钢板,定制件/金属加工件,设备备件与加工件/金属加工件/金属加工件,加工: 是；尺寸: 400*400*40mm；材质: 钢板,块,1,可建档-定制件,加工钢板400*400*40,Sheet1:1822,材质牌号/图纸/孔位缺失,REVIEW-MAT-01073,single_candidate;low_precision,0.70,true
REVIEW-MAT-01074,电箱围栏,定制件/安全围栏,设备备件与加工件/金属加工件/金属加工件,定制: 是；用途: 二级电箱,套,1,可建档-定制件,定做二级电箱围栏,Sheet1:1824,尺寸/材质/颜色/图纸缺失,REVIEW-MAT-01074,single_candidate;low_precision,0.70,true
REVIEW-MAT-01075,加长弯头,定制件/管路接头,设备备件与加工件/金属加工件/金属加工件,定制: 是；规格: 168；特征: 加长,个,1,可合并,定做加长168弯头,Sheet1:1825,与1409同类但无卡槽，角度/材质缺失,REVIEW-MAT-01075,single_candidate;source_status_contains_merge;low_precision,0.70,true
REVIEW-MAT-01076,加长弯头,定制件/管路接头,设备备件与加工件/金属加工件/金属加工件,定制: 是；规格: 219；特征: 加长,个,1,可合并,定做加长219弯头,Sheet1:1826,与1410同类但无卡槽，角度/材质缺失,REVIEW-MAT-01076,single_candidate;source_status_contains_merge;low_precision,0.70,true
REVIEW-MAT-01077,加长弯头,定制件/管路接头,设备备件与加工件/金属加工件/金属加工件,定制: 是；规格: 60.5；特征: 加长,个,1,可建档-定制件,定做60.5加长弯头,Sheet1:1827,角度/材质/图纸缺失,REVIEW-MAT-01077,single_candidate;low_precision,0.70,true
REVIEW-MAT-01078,PE管卡箍组件,定制件/管路组件,设备备件与加工件/金属加工件/金属加工件,定制: 是；长度: 1.5m；材质: PE；带卡箍: 是,套,1,可建档-定制件,定做1.5mPE管带卡箍,Sheet1:1828,管径/卡箍材质/图纸缺失,REVIEW-MAT-01078,single_candidate;low_precision,0.70,true
REVIEW-MAT-01079,一次性雨衣,劳保耗材/雨具,劳保用品/其他/雨具,类型: 一次性；特征: 加厚,套,1,可合并,一次性加厚雨衣,Sheet1:1829,与1466同类，件/套单位需统一,REVIEW-MAT-01079,single_candidate;source_status_contains_merge;human_review_group,0.65,true
REVIEW-MAT-01080,不锈钢管箍,管道紧固/管箍,管道管件/管道紧固/管夹卡箍,规格: 38；材质: 不锈钢,个,1,可建档,38不锈钢管箍,Sheet1:1830,厚度/适配管径缺失,REVIEW-MAT-01080,single_candidate;low_precision,0.70,true
REVIEW-MAT-01081,高压弯头,液压/高压管路,液压气动/液压管路/高压胶管,规格: 52；类型: 弯头,个,1,可建档,52高压弯头,Sheet1:1832,角度/螺纹/压力等级缺失,REVIEW-MAT-01081,single_candidate;low_precision,0.70,true
REVIEW-MAT-01082,电视支架,行政后勤/办公设备配件,行政办公与清洁/其他/办公设备配件,类型: 电视支架,套,1,可建档,电视支架,Sheet1:1833,适配尺寸/承重/安装方式缺失,REVIEW-MAT-01082,single_candidate;low_precision;human_review_group,0.65,true
REVIEW-MAT-01083,自锁气管接头公头,气动元件/气管接头,液压气动/液压接头/液压接头,类型: 自锁；部件: 公头,个,1,可建档,自锁气管接头公头,Sheet1:1834,口径/螺纹规格缺失,REVIEW-MAT-01083,single_candidate;low_precision,0.70,true
REVIEW-MAT-01084,自锁气管接头螺母,气动元件/气管接头,液压气动/液压接头/液压接头,类型: 自锁；部件: 螺母,个,1,可建档,自锁气管接头螺母,Sheet1:1835,口径/螺纹规格缺失,REVIEW-MAT-01084,single_candidate;low_precision,0.70,true
REVIEW-MAT-01085,拉杆销子,定制件/金属加工件,设备备件与加工件/金属加工件/金属加工件,定制: 是；部件: 拉杆销子,套,1,可建档-定制件,定做拉杆销子,Sheet1:1836,尺寸/材质/图纸缺失,REVIEW-MAT-01085,single_candidate;low_precision,0.70,true
REVIEW-MAT-01086,四氟垫片,密封材料/四氟制品,待治理/待治理/四氟制品,规格: 55；材质: 四氟/PTFE,个,1,可建档,55四氟垫片,Sheet1:1837,厚度/内外径缺失,REVIEW-MAT-01086,single_candidate;low_precision;human_review_group,0.65,true
REVIEW-MAT-01087,防坠器,安全防护/高处防护,安全防护/高处与水域防护/高处防护,承重: 300kg；长度: 30米；锁具: 双锁,个,1,可建档,300KG30米防坠器双锁,Sheet1:1839,认证标准/品牌缺失,REVIEW-MAT-01087,single_candidate;low_precision;human_review_group,0.65,true
REVIEW-MAT-01088,扁平吊装带,吊装索具/吊带,吊装索具/吊带索具/吊带,额定载荷: 5T；长度: 6米；颜色: 彩色,根,1,可合并,彩色吊带5*6米,Sheet1:1842,与1801同类，单位需统一,REVIEW-MAT-01088,single_candidate;source_status_contains_merge;human_review_group,0.65,true
REVIEW-MAT-01089,草皮,行政后勤/绿化用品,行政办公与清洁/其他/绿化用品,厚度/规格: 3.0；特征: 加厚,平方,1,可建档,3.0加厚草皮,Sheet1:1843,人造/天然、背胶 여부缺失,REVIEW-MAT-01089,single_candidate;low_precision;human_review_group,0.65,true
REVIEW-MAT-01090,高压油压表,仪表/压力仪表,仪器仪表/其他/压力仪表,介质: 油；类型: 高压表,个,2,可合并 | 可建档,高压油表,Sheet1:1845；Sheet1:2113,量程/接口/精度缺失 | 与1845同类，量程/接口缺失,REVIEW-MAT-01090,single_candidate;source_status_contains_merge;low_precision;human_review_group,0.65,true
REVIEW-MAT-01091,自动自吸泵,设备备件/泵,设备备件与加工件/设备专用备件/设备备件,功率: 1.5kW；功能: 自动；类型: 自吸泵,套,1,可建档,1.5千瓦自动自吸泵,Sheet1:1846,流量/扬程/电压/材质缺失,REVIEW-MAT-01091,single_candidate;low_precision,0.70,true
REVIEW-MAT-01092,钢丝软管,管材/软管,管道管件/其他/软管,规格: 38；结构: 钢丝增强,米,1,可建档,38钢丝管,Sheet1:1847,材质/压力等级缺失,REVIEW-MAT-01092,single_candidate;low_precision;human_review_group,0.65,true
REVIEW-MAT-01093,背胶草皮,行政后勤/绿化用品,行政办公与清洁/其他/绿化用品,厚度/规格: 3.0；背胶: 是,平方,1,可建档,3.0背胶草皮,Sheet1:1848,人造/天然、宽度缺失,REVIEW-MAT-01093,single_candidate;low_precision;human_review_group,0.65,true
REVIEW-MAT-01094,镀锌方钢,钢材/型材,金属原材料/钢材型材/钢材型材,规格: 6*6*5；表面: 镀锌,米,1,可建档,6*6*5镀锌方钢,Sheet1:1849,规格单位/材质缺失,REVIEW-MAT-01094,single_candidate;low_precision,0.70,true
REVIEW-MAT-01095,铝合金梯子,定制件/工具治具,设备备件与加工件/金属加工件/金属加工件,定制: 是；长度: 4米；规格: 3.5；材质: 铝合金；特征: 加厚,个,1,可建档-定制件,定做4米*3.5加厚铝合金梯子,Sheet1:1850,承重/节数/图纸缺失,REVIEW-MAT-01095,single_candidate;low_precision,0.70,true
REVIEW-MAT-01096,电子秤,工具/测量工具,工具器具/量具测量/量具测量,精度: 高精度,台,1,可建档,高精度电子称,Sheet1:1855,量程/精度值/品牌缺失,REVIEW-MAT-01096,single_candidate;low_precision,0.70,true
REVIEW-MAT-01097,刻度勺,工具耗材/计量工具,工具器具/其他/计量工具,类型: 刻度勺,个,1,可建档,刻度勺,Sheet1:1856,容量范围/材质缺失,REVIEW-MAT-01097,single_candidate;low_precision;human_review_group,0.65,true
REVIEW-MAT-01098,大开口活动扳手,工具/手动工具,工具器具/手动工具/通用手动工具,品牌: 世达；长度: 200mm；特征: 大开口,个,1,可建档,200世达大开口活动扳手,Sheet1:1857,最大开口尺寸缺失,REVIEW-MAT-01098,single_candidate;low_precision,0.70,true
REVIEW-MAT-01099,万用表,工具/电工仪表,工具器具/其他/电工仪表,型号: UT39C,个,1,可建档,UT39C万能表,Sheet1:1858,品牌/校准要求缺失,REVIEW-MAT-01099,single_candidate;low_precision;human_review_group,0.65,true
REVIEW-MAT-01100,钳形表,工具/电工仪表,工具器具/其他/电工仪表,量程: 2000A,个,1,可建档,2000A钳形表,Sheet1:1859,型号/交直流类型缺失,REVIEW-MAT-01100,single_candidate;low_precision;human_review_group,0.65,true
REVIEW-MAT-01101,内六角螺丝,紧固件/螺丝,紧固件/螺纹紧固件/螺丝螺栓,规格: M14*120；头型: 内六角,个,1,可建档,14*120内六角螺丝,Sheet1:1860,材质/强度等级缺失,REVIEW-MAT-01101,single_candidate;low_precision,0.70,true
REVIEW-MAT-01102,桶装水电动抽水器,行政后勤/生活用品,行政办公与清洁/生活后勤/生活用品,用途: 桶装水；驱动: 电动,个,1,可建档,桶装水电动抽水,Sheet1:1864,电源方式/型号缺失,REVIEW-MAT-01102,single_candidate;low_precision,0.70,true
REVIEW-MAT-01103,手锤,工具/手动工具,工具器具/手动工具/通用手动工具,重量: 6磅,支,1,可建档,6磅手锤,Sheet1:1865,柄材质缺失,REVIEW-MAT-01103,single_candidate;low_precision,0.70,true
REVIEW-MAT-01104,手锤,工具/手动工具,工具器具/手动工具/通用手动工具,重量: 8磅,支,1,可建档,8磅手锤,Sheet1:1866,柄材质缺失,REVIEW-MAT-01104,single_candidate;low_precision,0.70,true
REVIEW-MAT-01105,钉锤,工具/手动工具,工具器具/手动工具/通用手动工具,规格: 大号,支,1,可建档,大钉锤,Sheet1:1867,重量/柄材质缺失,REVIEW-MAT-01105,single_candidate;low_precision,0.70,true
REVIEW-MAT-01106,撬棍,工具/手动工具,工具器具/手动工具/通用手动工具,长度: 1.3m；规格: 30,支,1,可建档,1.3m-30撬棍,Sheet1:1869,30含义/材质缺失,REVIEW-MAT-01106,single_candidate;low_precision,0.70,true
REVIEW-MAT-01107,撬棍,工具/手动工具,工具器具/手动工具/通用手动工具,长度: 60cm,支,1,可建档,60cm撬棍,Sheet1:1870,直径/材质缺失,REVIEW-MAT-01107,single_candidate;low_precision,0.70,true
REVIEW-MAT-01108,电动扳手套筒,工具/套筒,工具器具/其他/套筒,规格: 36；适用: 电动扳手,个,1,可建档,36套筒电动,Sheet1:1872,方榫规格/长度缺失,REVIEW-MAT-01108,single_candidate;low_precision;human_review_group,0.65,true
REVIEW-MAT-01109,螺丝组件,紧固件/螺丝,紧固件/螺纹紧固件/螺丝螺栓,规格: M16*70；成套: 是,套,1,可建档,M16*70螺丝,Sheet1:1873,头型/强度等级/材质缺失,REVIEW-MAT-01109,single_candidate;low_precision,0.70,true
REVIEW-MAT-01110,卸扣,吊装索具/卸扣,吊装索具/吊装连接件/卸扣吊钩,额定载荷: 3T,个,1,可建档,3T卸扣,Sheet1:1874,型式/销轴形式缺失,REVIEW-MAT-01110,single_candidate;low_precision;human_review_group,0.65,true
REVIEW-MAT-01111,扁平吊装带,吊装索具/吊带,吊装索具/吊带索具/吊带,额定载荷: 2T；长度: 1.5m,个,1,可建档,2T*1.5m吊带,Sheet1:1876,单位建议条/根，材质缺失,REVIEW-MAT-01111,single_candidate;low_precision;human_review_group,0.65,true
REVIEW-MAT-01112,扁平吊装带,吊装索具/吊带,吊装索具/吊带索具/吊带,额定载荷: 1T；长度: 1.5m,个,1,可建档,1T*1.5m吊带,Sheet1:1877,单位建议条/根，材质缺失,REVIEW-MAT-01112,single_candidate;low_precision;human_review_group,0.65,true
REVIEW-MAT-01113,手扳葫芦,吊装索具/葫芦,吊装索具/其他/葫芦,额定载荷: 1.6T；链长: 6米,个,1,可建档,1.6T*6米手扳葫芦,Sheet1:1878,单位建议台，品牌/标准缺失,REVIEW-MAT-01113,single_candidate;low_precision;human_review_group,0.65,true
REVIEW-MAT-01114,气管,气动元件/气管,液压气动/气动元件/接头阀管,外径: 10mm,米,1,可建档,10mm气管,Sheet1:1879,材质/颜色/耐压缺失,REVIEW-MAT-01114,single_candidate;low_precision,0.70,true
REVIEW-MAT-01115,灭火器,消防材料/灭火器,消防器材/灭火器与水带/灭火器,规格: 2kg,个,1,可建档,灭火器2KG,Sheet1:1880,灭火剂类型/有效期缺失,REVIEW-MAT-01115,single_candidate;low_precision;human_review_group,0.65,true
REVIEW-MAT-01116,灭火器箱,消防材料/灭火器箱,消防器材/灭火器与水带/灭火器,类型: 灭火器箱,个,1,可建档,灭火器箱子,Sheet1:1881,容纳数量/材质缺失,REVIEW-MAT-01116,single_candidate;low_precision;human_review_group,0.65,true
REVIEW-MAT-01117,气管,气动元件/气管,液压气动/气动元件/接头阀管,外径: 16mm,米,1,可建档,16mm气管,Sheet1:1882,材质/颜色/耐压缺失,REVIEW-MAT-01117,single_candidate;low_precision,0.70,true
REVIEW-MAT-01118,老虎钳,工具/手动工具,工具器具/手动工具/通用手动工具,品牌: 世达,个,1,可建档,世达老虎钳,Sheet1:1883,规格长度缺失,REVIEW-MAT-01118,single_candidate;low_precision,0.70,true
REVIEW-MAT-01119,十字螺丝刀,工具/手动工具,工具器具/手动工具/通用手动工具,规格: 6*250；类型: 十字,个,1,可建档,6*250十字螺丝刀,Sheet1:1884,材质/品牌缺失,REVIEW-MAT-01119,single_candidate;low_precision,0.70,true
REVIEW-MAT-01120,一字螺丝刀,工具/手动工具,工具器具/手动工具/通用手动工具,规格: 6*250；类型: 一字,个,1,可建档,6*250一字螺丝刀,Sheet1:1885,材质/品牌缺失,REVIEW-MAT-01120,single_candidate;low_precision,0.70,true
REVIEW-MAT-01121,电工胶布,电气材料/绝缘材料,电气与自动化/绝缘材料/热缩绝缘,品牌: 3M；类型: 电工胶布,卷,1,可建档,3m电胶布,Sheet1:1888,宽度/长度/颜色缺失,REVIEW-MAT-01121,single_candidate;low_precision,0.70,true
REVIEW-MAT-01122,防水电工胶布,电气材料/绝缘材料,电气与自动化/绝缘材料/热缩绝缘,宽度: 25mm；功能: 防水,卷,1,可建档,25mm电工防水胶布,Sheet1:1889,长度/品牌/颜色缺失,REVIEW-MAT-01122,single_candidate;low_precision,0.70,true
REVIEW-MAT-01123,游标卡尺,工具/测量工具,工具器具/量具测量/量具测量,品牌: 得力；量程: 300mm；精度: 高精度,个,1,可建档,300mm得力高精度卡尺,Sheet1:1890,数显/游标类型、精度值缺失,REVIEW-MAT-01123,single_candidate;low_precision,0.70,true
REVIEW-MAT-01124,工业插头,电气材料/插头插座,电气与自动化/插头插座/插头插座,电流: 25A；电压: 380V,个,1,可建档,25A380V插头,Sheet1:1891,极数/防护等级缺失,REVIEW-MAT-01124,single_candidate;low_precision,0.70,true
REVIEW-MAT-01125,铝合金梯子,定制件/工具治具,设备备件与加工件/金属加工件/金属加工件,定制: 是；长度: 4米；规格: 5.2；材质: 铝合金；特征: 加厚,个,1,可建档-定制件,定做4米*5.2加厚铝合金梯子,Sheet1:1893,承重/节数/图纸缺失,REVIEW-MAT-01125,single_candidate;low_precision,0.70,true
REVIEW-MAT-01126,高压内接头,定制件/液压接头,设备备件与加工件/金属加工件/金属加工件,定制: 是；型号/规格: 52H42；类型: 内接高压,个,1,可建档-定制件,定做52H42内接高压,Sheet1:1894,螺纹/压力等级/图纸缺失,REVIEW-MAT-01126,single_candidate;low_precision,0.70,true
REVIEW-MAT-01127,高压内接头,定制件/液压接头,设备备件与加工件/金属加工件/金属加工件,定制: 是；型号/规格: 36H28；类型: 内接高压,个,1,可建档-定制件,定做36H28内接高压,Sheet1:1895,螺纹/压力等级/图纸缺失,REVIEW-MAT-01127,single_candidate;low_precision,0.70,true
REVIEW-MAT-01128,高压内接头,定制件/液压接头,设备备件与加工件/金属加工件/金属加工件,定制: 是；型号/规格: 30H20；类型: 内接高压,个,1,可建档-定制件,定做30H20内接高压,Sheet1:1896,螺纹/压力等级/图纸缺失,REVIEW-MAT-01128,single_candidate;low_precision,0.70,true
REVIEW-MAT-01129,高压内接头,定制件/液压接头,设备备件与加工件/金属加工件/金属加工件,定制: 是；型号/规格: 26H20；类型: 内接高压,个,1,可建档-定制件,定做26H20内接高压,Sheet1:1897,螺纹/压力等级/图纸缺失,REVIEW-MAT-01129,single_candidate;low_precision,0.70,true
REVIEW-MAT-01130,雨鞋,劳保耗材/足部防护,劳保用品/其他/足部防护,品牌: 回力；特征: 加厚,双,2,可合并,回力加厚雨鞋,Sheet1:1899；Sheet1:1969,与1757同类，尺码缺失 | 与1899同类，尺码缺失,REVIEW-MAT-01130,single_candidate;source_status_contains_merge;low_precision;human_review_group,0.65,true
REVIEW-MAT-01131,垃圾袋,行政后勤/清洁用品,行政办公与清洁/清洁用品/清洁工具耗材,规格: 100*120,个,1,可建档,100*120垃圾袋,Sheet1:1900,单位建议只/包，每包数量缺失,REVIEW-MAT-01131,single_candidate;low_precision,0.70,true
REVIEW-MAT-01132,硅胶枪,工具/施胶工具,工具器具/其他/施胶工具,适用材料: 玻璃胶/硅胶,个,1,可建档,玻璃硅胶枪,Sheet1:1901,结构类型/规格缺失,REVIEW-MAT-01132,single_candidate;low_precision;human_review_group,0.65,true
REVIEW-MAT-01133,高压内外牙弯头,定制件/液压接头,设备备件与加工件/金属加工件/金属加工件,定制: 是；规格: 52；连接: 内外牙；类型: 弯头,个,1,可建档-定制件,定做52高压内外牙弯头,Sheet1:1902,螺纹/角度/压力等级/图纸缺失,REVIEW-MAT-01133,single_candidate;low_precision,0.70,true
REVIEW-MAT-01134,创可贴,劳保耗材/急救用品,劳保用品/其他/急救用品,品类: 创可贴,个,1,可合并,创可贴,Sheet1:1903,包装规格需确认,REVIEW-MAT-01134,single_candidate;source_status_contains_merge;human_review_group,0.65,true
REVIEW-MAT-01135,立式灭火标志,消防材料/消防标识,消防器材/消防工具/消防工具,类型: 立式；用途: 灭火标志,套,1,可建档,立式灭火标志,Sheet1:1910,尺寸/材质缺失,REVIEW-MAT-01135,single_candidate;low_precision;human_review_group,0.65,true
REVIEW-MAT-01136,鼓风机,设备备件/风机,设备备件与加工件/设备专用备件/设备备件,功率: 2.2kW,个,1,可建档,2.2千瓦鼓风机,Sheet1:1911,风量/风压/电压/型号缺失,REVIEW-MAT-01136,single_candidate;low_precision,0.70,true
REVIEW-MAT-01137,电焊机套装,焊割设备/焊机,焊接焊割/焊割设备工具/焊机割炬,配置: 含焊线,套,1,可建档,电焊机含线,Sheet1:1912,型号/功率/电压/焊机类型缺失,REVIEW-MAT-01137,single_candidate;low_precision,0.70,true
REVIEW-MAT-01139,高压清洗机,清洗设备/高压清洗机,行政办公与清洁/其他/高压清洗机,品牌: 黑马；电压: 380V；功率: 5.5kW,套,1,可建档,黑马380V*5.5千瓦高压清洗机,Sheet1:1914,压力/流量/型号缺失,REVIEW-MAT-01139,single_candidate;low_precision;human_review_group,0.65,true
REVIEW-MAT-01140,五点式安全带,安全防护/高处防护,安全防护/高处与水域防护/高处防护,型式: 五点式；缓冲: 是,个,1,可建档,五点式缓冲安全带,Sheet1:1915,认证标准/挂钩类型缺失,REVIEW-MAT-01140,single_candidate;low_precision;human_review_group,0.65,true
REVIEW-MAT-01141,氧气瓶手推车,焊割设备/气瓶搬运,焊接焊割/焊割设备工具/焊机割炬,适用气体: 氧气；类型: 手推车,个,1,可建档,氧气手推车,Sheet1:1916,适配瓶规格/承重缺失,REVIEW-MAT-01141,single_candidate;low_precision;human_review_group,0.65,true
REVIEW-MAT-01142,乙炔瓶手推车,焊割设备/气瓶搬运,焊接焊割/焊割设备工具/焊机割炬,适用气体: 乙炔；类型: 手推车,个,1,可建档,乙炔手推车,Sheet1:1917,适配瓶规格/承重缺失,REVIEW-MAT-01142,single_candidate;low_precision;human_review_group,0.65,true
REVIEW-MAT-01143,角钢,钢材/型材,金属原材料/钢材型材/钢材型材,规格: 40*5,米,1,可建档,40*5角铁,Sheet1:1919,材质/执行标准缺失,REVIEW-MAT-01143,single_candidate;low_precision,0.70,true
REVIEW-MAT-01145,竹扫把,行政后勤/清洁用品,行政办公与清洁/清洁用品/清洁工具耗材,规格: 大号；材质: 竹,个,1,可合并,大号竹扫把,Sheet1:1923,与扫把类合并，长度缺失,REVIEW-MAT-01145,single_candidate;source_status_contains_merge;low_precision,0.70,true
REVIEW-MAT-01146,铁锹柄,工具备件/手动工具配件,工具器具/工具配件/工具配件,部件: 柄；适用: 铁锹,个,1,可建档,铁锹柄,Sheet1:1924,材质/长度缺失,REVIEW-MAT-01146,single_candidate;low_precision,0.70,true
REVIEW-MAT-01147,生料带,管道耗材/密封材料,管道管件/其他/密封材料,特征: 加厚,个,2,可合并 | 可建档,加厚生料带,Sheet1:1925；Sheet1:2065,宽度/长度/密度缺失 | 与1925同类，宽度/长度缺失,REVIEW-MAT-01147,single_candidate;source_status_contains_merge;low_precision;human_review_group,0.65,true
REVIEW-MAT-01148,焊接异径接头,管件/焊接管件,管道管件/其他/焊接管件,规格: 168*89；类型: 大小头；连接: 焊接,个,1,可建档,168*89焊接大小头,Sheet1:1926,材质/壁厚/标准缺失,REVIEW-MAT-01148,single_candidate;low_precision;human_review_group,0.65,true
REVIEW-MAT-01149,焊接异径接头,管件/焊接管件,管道管件/其他/焊接管件,规格: 168*60；类型: 大小头；连接: 焊接,个,1,可建档,168*60焊接大小头,Sheet1:1927,材质/壁厚/标准缺失,REVIEW-MAT-01149,single_candidate;low_precision;human_review_group,0.65,true
REVIEW-MAT-01150,镀锌三通,管件/镀锌管件,管道管件/金属管件/镀锌管件,公称直径: DN80；表面: 镀锌；类型: 三通,个,1,可建档,DN80镀锌三通,Sheet1:1928,螺纹/沟槽/焊接连接需确认,REVIEW-MAT-01150,single_candidate,1.00,false
REVIEW-MAT-01151,镀锌外丝接头,管件/镀锌管件,管道管件/金属管件/镀锌管件,公称直径: DN80；连接: 外丝；表面: 镀锌,个,1,可建档,DN80镀锌外丝,Sheet1:1929,螺纹标准缺失,REVIEW-MAT-01151,single_candidate;low_precision,0.70,true
REVIEW-MAT-01152,球阀,阀门/球阀,阀门/通用阀门/球阀,品牌: 埃美柯；公称直径: DN80,个,1,可合并,DN80埃美柯球阀,Sheet1:1930,与1629同类，材质/压力等级缺失,REVIEW-MAT-01152,single_candidate;source_status_contains_merge;low_precision,0.70,true
REVIEW-MAT-01153,球阀,阀门/球阀,阀门/通用阀门/球阀,品牌: 埃美柯；公称直径: DN50,个,1,可合并,DN50埃美柯球阀,Sheet1:1931,与1609近似，材质/压力等级缺失,REVIEW-MAT-01153,single_candidate;source_status_contains_merge;low_precision,0.70,true
REVIEW-MAT-01154,加厚铜接头,液压/高压管路,液压气动/液压管路/高压胶管,规格: DN80；材质: 铜；特征: 加厚,个,1,可合并,DN80厚铜头,Sheet1:1932,与80加厚铜头同类，连接形式缺失,REVIEW-MAT-01154,single_candidate;source_status_contains_merge;low_precision,0.70,true
REVIEW-MAT-01155,加厚铜接头,液压/高压管路,液压气动/液压管路/高压胶管,规格: DN50；材质: 铜；特征: 加厚,个,1,可合并,DN50厚铜头,Sheet1:1934,与50加厚铜头同类，连接形式缺失,REVIEW-MAT-01155,single_candidate;source_status_contains_merge;low_precision,0.70,true
REVIEW-MAT-01156,外丝接头,定制件/管路接头,设备备件与加工件/金属加工件/金属加工件,加工: 是；规格: 89；连接: 外丝,个,1,可建档-定制件,加工89外丝接头,Sheet1:1936,材质/螺纹标准/图纸缺失,REVIEW-MAT-01156,single_candidate;low_precision,0.70,true
REVIEW-MAT-01157,外丝接头,定制件/管路接头,设备备件与加工件/金属加工件/金属加工件,加工: 是；规格: 60；连接: 外丝,个,1,可建档-定制件,加工60外丝接头,Sheet1:1937,材质/螺纹标准/图纸缺失,REVIEW-MAT-01157,single_candidate;low_precision,0.70,true
REVIEW-MAT-01158,螺丝组件,紧固件/螺丝,紧固件/螺纹紧固件/螺丝螺栓,规格: M10*40；成套: 是,套,1,可建档,M10*40螺丝,Sheet1:1938,头型/强度等级/材质缺失,REVIEW-MAT-01158,single_candidate;low_precision,0.70,true
REVIEW-MAT-01159,螺丝组件,紧固件/螺丝,紧固件/螺纹紧固件/螺丝螺栓,规格: M12*40；成套: 是,套,1,可建档,M12*40螺丝,Sheet1:1939,头型/强度等级/材质缺失,REVIEW-MAT-01159,single_candidate;low_precision,0.70,true
REVIEW-MAT-01160,加长六角套筒,工具/套筒,工具器具/其他/套筒,规格: 5；特征: 加长；类型: 六角,个,1,可建档,5加长六角套筒,Sheet1:1943,方榫规格/长度缺失,REVIEW-MAT-01160,single_candidate;low_precision;human_review_group,0.65,true
REVIEW-MAT-01161,加长六角套筒,工具/套筒,工具器具/其他/套筒,规格: 6；特征: 加长；类型: 六角,个,1,可建档,6加长六角套筒,Sheet1:1944,方榫规格/长度缺失,REVIEW-MAT-01161,single_candidate;low_precision;human_review_group,0.65,true
REVIEW-MAT-01162,加长六角套筒,工具/套筒,工具器具/其他/套筒,规格: 7；特征: 加长；类型: 六角,个,1,可建档,7加长六角套筒,Sheet1:1945,方榫规格/长度缺失,REVIEW-MAT-01162,single_candidate;low_precision;human_review_group,0.65,true
REVIEW-MAT-01163,加长六角套筒,工具/套筒,工具器具/其他/套筒,规格: 8；特征: 加长；类型: 六角,个,1,可建档,8加长六角套筒,Sheet1:1946,方榫规格/长度缺失,REVIEW-MAT-01163,single_candidate;low_precision;human_review_group,0.65,true
REVIEW-MAT-01164,加长六角套筒,工具/套筒,工具器具/其他/套筒,规格: 10；特征: 加长；类型: 六角,个,1,可建档,10加长六角套筒,Sheet1:1947,方榫规格/长度缺失,REVIEW-MAT-01164,single_candidate;low_precision;human_review_group,0.65,true
REVIEW-MAT-01165,加长六角套筒,工具/套筒,工具器具/其他/套筒,规格: 12；特征: 加长；类型: 六角,个,1,可建档,12加长六角套筒,Sheet1:1948,方榫规格/长度缺失,REVIEW-MAT-01165,single_candidate;low_precision;human_review_group,0.65,true
REVIEW-MAT-01166,加长六角套筒,工具/套筒,工具器具/其他/套筒,规格: 14；特征: 加长；类型: 六角,个,1,可建档,14加长六角套筒,Sheet1:1949,方榫规格/长度缺失,REVIEW-MAT-01166,single_candidate;low_precision;human_review_group,0.65,true
REVIEW-MAT-01167,混凝土试模,工具/检测模具,工具器具/其他/检测模具,尺寸: 150*150*150,个,1,可建档,150*150*150混凝土模具,Sheet1:1950,材质/标准缺失,REVIEW-MAT-01167,single_candidate;low_precision;human_review_group,0.65,true
REVIEW-MAT-01168,卡箍接头,定制件/管路接头,设备备件与加工件/金属加工件/金属加工件,加工: 是；规格: 168；类型: 卡箍接头,个,2,可合并 | 可建档-定制件,加工168卡箍接头,Sheet1:1952；Sheet1:2087,材质/图纸/沟槽尺寸缺失 || 与1952同类，单位需统一,REVIEW-MAT-01168；REVIEW-MAT-01270,exact_name_group_unit_specs;source_status_contains_merge;low_precision,0.70,true
REVIEW-MAT-01169,卡箍接头,定制件/管路接头,设备备件与加工件/金属加工件/金属加工件,加工: 是；规格: 89；类型: 卡箍接头,个,1,可建档-定制件,加工89卡箍接头,Sheet1:1953,材质/图纸/沟槽尺寸缺失,REVIEW-MAT-01169,single_candidate;low_precision,0.70,true
REVIEW-MAT-01170,焊接弯头,管件/弯头,管道管件/其他/弯头,规格: 89；壁厚: 10；连接: 焊接,个,1,可建档,89*10焊接弯头,Sheet1:1954,角度/材质缺失,REVIEW-MAT-01170,single_candidate;low_precision;human_review_group,0.65,true
REVIEW-MAT-01171,焊接弯头,管件/弯头,管道管件/其他/弯头,规格: 168；壁厚: 10；连接: 焊接,个,1,可建档,168*10焊接弯头,Sheet1:1955,角度/材质缺失,REVIEW-MAT-01171,single_candidate;low_precision;human_review_group,0.65,true
REVIEW-MAT-01172,扁钢,钢材/型材,金属原材料/钢材型材/钢材型材,规格: 50*5,米,1,可建档,50*5扁铁,Sheet1:1956,材质/执行标准缺失,REVIEW-MAT-01172,single_candidate;low_precision,0.70,true
REVIEW-MAT-01173,机械密封,备品备件/密封件,设备备件与加工件/其他/密封件,型号: 6205,个,1,可建档,6205机械密封,Sheet1:1957,材质/适配设备缺失,REVIEW-MAT-01173,single_candidate;low_precision;human_review_group,0.65,true
REVIEW-MAT-01174,螺丝,紧固件/螺丝,紧固件/螺纹紧固件/螺丝螺栓,规格: M24*230,个,2,可合并 | 可建档,24*230螺丝,Sheet1:1959；Sheet1:2131,头型/强度等级/材质缺失 | 与1959同类，头型/材质缺失,REVIEW-MAT-01174,single_candidate;source_status_contains_merge;low_precision,0.70,true
REVIEW-MAT-01175,加厚垫片,紧固件/垫圈,紧固件/螺纹紧固件/螺母垫圈,规格: M24；特征: 加厚,个,2,可合并 | 可建档,24加厚垫片,Sheet1:1960；Sheet1:2133,材质/厚度缺失 | 与1960同类，材质/厚度缺失,REVIEW-MAT-01175,single_candidate;source_status_contains_merge;low_precision,0.70,true
REVIEW-MAT-01176,防松螺母,紧固件/螺母,紧固件/螺纹紧固件/螺母垫圈,规格: M24；类型: 防松,个,2,可合并 | 可建档,24防松 螺母；24防松螺母,Sheet1:1961；Sheet1:2132,材质/强度等级缺失 | 与1961同类，材质/强度等级缺失,REVIEW-MAT-01176,single_candidate;source_status_contains_merge;low_precision,0.70,true
REVIEW-MAT-01177,机油,化工耗材/润滑油,化工油漆胶粘/油品化学品/润滑油脂,品牌: 道达尔；牌号: 46#；包装: 20L,桶,1,可建档,道达尔46#机油20升,Sheet1:1962,系列型号/油品类型需确认,REVIEW-MAT-01177,single_candidate,1.00,false
REVIEW-MAT-01178,橡胶锤,工具/手动工具,工具器具/手动工具/通用手动工具,材质: 橡胶,个,1,可建档,橡皮锤,Sheet1:1963,重量/柄材质缺失,REVIEW-MAT-01178,single_candidate;low_precision,0.70,true
REVIEW-MAT-01179,焊接卡箍,定制件/管路接头,设备备件与加工件/金属加工件/金属加工件,加工: 是；规格: 219；连接: 焊接,个,1,可建档-定制件,加工219焊接卡箍,Sheet1:1964,材质/图纸/用途缺失,REVIEW-MAT-01179,single_candidate;low_precision,0.70,true
REVIEW-MAT-01180,高压油管,液压/高压管路,液压气动/液压管路/高压胶管,规格: 76*4,米,1,可建档,76*4高压油管,Sheet1:1965,76是否管径、4是否层数/壁厚需确认,REVIEW-MAT-01180,single_candidate,1.00,false
REVIEW-MAT-01181,美工刀,工具/刀具,工具器具/手动工具/钳剪刀锤,品牌: 得力；颜色: 黑色,个,1,可建档,得力黑美工刀,Sheet1:1967,刀片宽度缺失,REVIEW-MAT-01181,single_candidate;low_precision,0.70,true
REVIEW-MAT-01182,美工刀片,工具耗材/刀片,工具器具/手动工具/钳剪刀锤,类型: 美工刀片,合,1,可建档,美工刀片,Sheet1:1968,单位疑似盒，规格/片数缺失,REVIEW-MAT-01182,single_candidate;low_precision,0.70,true
REVIEW-MAT-01183,塑料箱,行政后勤/收纳用品,行政办公与清洁/其他/收纳用品,规格: 大；型号/规格: 75,个,1,可建档,大塑料箱75,Sheet1:1970,尺寸/容量缺失,REVIEW-MAT-01183,single_candidate;low_precision;human_review_group,0.65,true
REVIEW-MAT-01184,法兰异径接头,定制件/管路接头,设备备件与加工件/金属加工件/金属加工件,加工: 是；规格: 34*60；连接: 法兰；类型: 大小头,套,1,可建档-定制件,加工34*60法兰大小头,Sheet1:1971,材质/压力等级/图纸缺失,REVIEW-MAT-01184,single_candidate;low_precision,0.70,true
REVIEW-MAT-01185,钢丝刷,工具/清理工具,工具器具/其他/清理工具,类型: 钢丝刷,个,1,可合并,钢丝刷,Sheet1:1972,尺寸/柄型缺失,REVIEW-MAT-01185,single_candidate;source_status_contains_merge;low_precision;human_review_group,0.65,true
REVIEW-MAT-01186,台钳,工具/夹持工具,工具器具/其他/夹持工具,开口: 400；规格: 16寸；特征: 加重,台,1,可建档,加重400开口16寸台钳,Sheet1:1973,品牌/型号缺失,REVIEW-MAT-01186,single_candidate;low_precision;human_review_group,0.65,true
REVIEW-MAT-01187,螺丝,紧固件/螺丝,紧固件/螺纹紧固件/螺丝螺栓,规格: M20*30,个,1,可建档,M20*30螺丝,Sheet1:1974,头型/强度等级/材质缺失,REVIEW-MAT-01187,single_candidate;low_precision,0.70,true
REVIEW-MAT-01188,螺丝,紧固件/螺丝,紧固件/螺纹紧固件/螺丝螺栓,规格: M20*35,个,1,可合并,M20*35螺丝,Sheet1:1975,与1685同类，单位套/个需统一,REVIEW-MAT-01188,single_candidate;source_status_contains_merge,1.00,false
REVIEW-MAT-01189,螺丝,紧固件/螺丝,紧固件/螺纹紧固件/螺丝螺栓,规格: M20*130,个,1,可建档,M20*130螺丝,Sheet1:1976,头型/强度等级/材质缺失,REVIEW-MAT-01189,single_candidate;low_precision,0.70,true
REVIEW-MAT-01190,内六角扳手套装,工具/手动工具,工具器具/手动工具/通用手动工具,品牌: 世达；规格范围: 1.5-10,套,1,可建档,1.5-10世达内六角扳手,Sheet1:1979,件数/型号缺失,REVIEW-MAT-01190,single_candidate;low_precision,0.70,true
REVIEW-MAT-01191,开口梅花扳手套装,工具/手动工具,工具器具/手动工具/通用手动工具,品牌: 世达；规格范围: 8-24,套,1,可建档,8-24世达开口梅花扳手,Sheet1:1980,件数/型号缺失,REVIEW-MAT-01191,single_candidate;low_precision,0.70,true
REVIEW-MAT-01192,鸭嘴吊具,吊装索具/吊具,吊装索具/其他/吊具,额定载荷: 20T；型式: 鸭嘴；功能: 万能,个,1,可建档,20T鸭嘴万能吊具,Sheet1:1982,认证标准/开口范围缺失,REVIEW-MAT-01192,single_candidate;low_precision;human_review_group,0.65,true
REVIEW-MAT-01193,轴承,备品备件/轴承,设备备件与加工件/传动轴承/传动轴承,品牌: TIMKEN；型号: J90354；进口: 是,个,1,可建档,进口TIMKEN-J90354轴承,Sheet1:1983,轴承类型/尺寸缺失,REVIEW-MAT-01193,single_candidate;low_precision,0.70,true
REVIEW-MAT-01194,轴套,定制件/机械加工件,设备备件与加工件/金属加工件/金属加工件,加工: 是；部件: 轴套,个,1,可建档-定制件,加工轴套,Sheet1:1984,图纸/材质/尺寸缺失,REVIEW-MAT-01194,single_candidate;low_precision,0.70,true
REVIEW-MAT-01195,管道增压泵,设备备件/泵,设备备件与加工件/设备专用备件/设备备件,电压: 380V；功率: 3kW；类型: 管道增压泵,个,1,可建档,380V*3千瓦管道增压泵,Sheet1:1986,流量/扬程/口径/型号缺失,REVIEW-MAT-01195,single_candidate;low_precision,0.70,true
REVIEW-MAT-01196,管道增压泵,设备备件/泵,设备备件与加工件/设备专用备件/设备备件,电压: 380V；功率: 1.5kW；类型: 管道增压泵,个,1,可建档,380V*1.5千瓦管道增压泵,Sheet1:1987,流量/扬程/口径/型号缺失,REVIEW-MAT-01196,single_candidate;low_precision,0.70,true
REVIEW-MAT-01197,变频自吸泵,设备备件/泵,设备备件与加工件/设备专用备件/设备备件,功率: 1.5kW；控制: 全自动变频；类型: 自吸泵,个,1,可建档,全自动变频自吸泵1.5千瓦,Sheet1:1988,电压/流量/扬程/型号缺失,REVIEW-MAT-01197,single_candidate;low_precision,0.70,true
REVIEW-MAT-01198,电镐碳刷,工具备件/电动工具配件,工具器具/电动工具/电钻角磨机,适用设备: 电镐；部件: 碳刷,付,1,可建档,电镐碳刷,Sheet1:1991,尺寸/适配型号缺失,REVIEW-MAT-01198,single_candidate;low_precision,0.70,true
REVIEW-MAT-01199,记号笔,办公耗材/书写用品,行政办公与清洁/办公用品/文具书写,品类: 记号笔,支,2,可合并,记号笔,Sheet1:1992；Sheet1:2143,与1452同类，颜色/粗细缺失,REVIEW-MAT-01199,single_candidate;source_status_contains_merge;low_precision,0.70,true
REVIEW-MAT-01200,建筑模板,建筑材料/模板木方,工程建材/其他/模板木方,尺寸: 2.44*1.22*15,张,1,可建档,2.44*1.22*15模板,Sheet1:1994,材质/厚度单位缺失,REVIEW-MAT-01200,single_candidate;low_precision;human_review_group,0.65,true
REVIEW-MAT-01201,管片密封胶,化工耗材/胶粘剂,化工油漆胶粘/胶粘密封/胶粘剂,用途: 管片密封,桶,1,可建档,管片密封胶水,Sheet1:1995,胶种/容量/品牌缺失,REVIEW-MAT-01201,single_candidate;low_precision,0.70,true
REVIEW-MAT-01202,泡沫双面胶,化工耗材/胶带,化工油漆胶粘/胶粘密封/胶粘剂,特征: 厚；类型: 泡沫双面胶,卷,1,可建档,厚泡沫双面胶,Sheet1:1996,宽度/长度/厚度缺失,REVIEW-MAT-01202,single_candidate;low_precision,0.70,true
REVIEW-MAT-01203,减压阀,阀门/减压阀,阀门/其他/减压阀,公称直径: DN50；执行标准: 国标,个,1,可建档,DN50国标减压阀,Sheet1:1998,压力范围/材质/连接方式缺失,REVIEW-MAT-01203,single_candidate;low_precision;human_review_group,0.65,true
REVIEW-MAT-01204,扫把,行政后勤/清洁用品,行政办公与清洁/清洁用品/清洁工具耗材,品类: 扫把,个,1,可合并,扫把,Sheet1:2000,材质/规格缺失,REVIEW-MAT-01204,single_candidate;source_status_contains_merge;low_precision,0.70,true
REVIEW-MAT-01205,扫斗,行政后勤/清洁用品,行政办公与清洁/清洁用品/清洁工具耗材,品类: 扫斗,个,1,可合并,扫斗,Sheet1:2001,材质/规格缺失,REVIEW-MAT-01205,single_candidate;source_status_contains_merge;low_precision,0.70,true
REVIEW-MAT-01206,不锈钢抹刀,工具/泥瓦工具,工具器具/其他/泥瓦工具,材质: 不锈钢；类型: 抹刀,个,1,可建档,不锈钢抹刀,Sheet1:2002,尺寸/柄材质缺失,REVIEW-MAT-01206,single_candidate;low_precision;human_review_group,0.65,true
REVIEW-MAT-01207,氧气瓶手推车,焊割设备/气瓶搬运,焊接焊割/焊割设备工具/焊机割炬,适用气体: 氧气；特征: 加厚,个,1,可合并,加厚氧气车,Sheet1:2003,与1916同类，适配瓶规格缺失,REVIEW-MAT-01207,single_candidate;source_status_contains_merge;low_precision;human_review_group,0.65,true
REVIEW-MAT-01208,乙炔瓶手推车,焊割设备/气瓶搬运,焊接焊割/焊割设备工具/焊机割炬,适用气体: 乙炔；特征: 加厚,个,1,可合并,加厚乙炔车,Sheet1:2004,与1917同类，适配瓶规格缺失,REVIEW-MAT-01208,single_candidate;source_status_contains_merge;low_precision;human_review_group,0.65,true
REVIEW-MAT-01209,记号笔,办公耗材/书写用品,行政办公与清洁/办公用品/文具书写,颜色: 白色,个,2,可合并 | 可建档,白色记号笔,Sheet1:2005；Sheet1:2039,单位建议支，粗细缺失 | 与2005同类，单位应统一为支,REVIEW-MAT-01209,single_candidate;source_status_contains_merge;low_precision,0.70,true
REVIEW-MAT-01210,铜挂锁,五金建材/锁具,工程建材/其他/锁具,材质: 铜,把,1,可建档,铜锁,Sheet1:2006,规格/钥匙数量缺失,REVIEW-MAT-01210,single_candidate;low_precision;human_review_group,0.65,true
REVIEW-MAT-01211,自动流量计,仪表/流量仪表,仪器仪表/流量液位仪表/流量液位,公称直径: DN150；材质/衬里: 橡胶；类型: 自动,台,1,可建档,DN150橡胶自动流量计,Sheet1:2007,原理/量程/精度/输出信号缺失,REVIEW-MAT-01211,single_candidate;low_precision,0.70,true
REVIEW-MAT-01212,梅花双用扳手,工具/手动工具,工具器具/手动工具/通用手动工具,规格: 14,个,1,可建档,14梅花双用扳手,Sheet1:2008,品牌/长度缺失,REVIEW-MAT-01212,single_candidate;low_precision,0.70,true
REVIEW-MAT-01213,铝合金梯子,工具/登高工具,工具器具/其他/登高工具,长度: 2.5米；材质: 铝合金；特征: 加厚,台,1,可建档,加厚2.5米铝合金梯子,Sheet1:2009,承重/节数缺失,REVIEW-MAT-01213,single_candidate;low_precision;human_review_group,0.65,true
REVIEW-MAT-01214,镀锌螺丝组件,紧固件/螺丝,紧固件/螺纹紧固件/螺丝螺栓,规格: M10*55；表面: 镀锌；成套: 是,套,1,可建档,M10*55镀锌螺丝,Sheet1:2010,头型/强度等级缺失,REVIEW-MAT-01214,single_candidate;low_precision,0.70,true
REVIEW-MAT-01215,不锈钢角码,五金建材/连接件,工程建材/其他/连接件,材质: 不锈钢；形状: L型,个,1,可建档,L不锈钢角码,Sheet1:2011,尺寸/厚度/孔位缺失,REVIEW-MAT-01215,single_candidate;low_precision;human_review_group,0.65,true
REVIEW-MAT-01216,定制窗户,定制件/门窗制品,设备备件与加工件/金属加工件/金属加工件,定制: 是；品类: 窗户,个,1,可建档-定制件,定做窗户,Sheet1:2012,尺寸/材质/开启方式/图纸缺失,REVIEW-MAT-01216,single_candidate;low_precision,0.70,true
REVIEW-MAT-01217,垃圾袋,行政后勤/清洁用品,行政办公与清洁/清洁用品/清洁工具耗材,品类: 垃圾袋,个,3,可合并,垃圾袋,Sheet1:2016；Sheet1:2274；Sheet1:2285,与1800同类，规格/包装缺失 | 与2016同类，规格/包装缺失,REVIEW-MAT-01217,single_candidate;source_status_contains_merge;low_precision,0.70,true
REVIEW-MAT-01218,建筑模板,建筑材料/模板木方,工程建材/其他/模板木方,尺寸: 2.44*1.22*1.5；颜色: 黑色,块,1,可建档,2.44*1.22*1.5黑模板,Sheet1:2017,厚度单位是否cm需确认,REVIEW-MAT-01218,single_candidate;human_review_group,0.65,true
REVIEW-MAT-01219,PPR管,PPR管材/管,管道管件/塑料管件/PPR管件,品牌: 公元；公称直径: DN200；材质: PPR,米,1,可建档,DN200公元PPR管,Sheet1:2018,压力等级/壁厚缺失,REVIEW-MAT-01219,single_candidate;low_precision,0.70,true
REVIEW-MAT-01220,混凝土试模,工具/检测模具,工具器具/其他/检测模具,品类: 混凝土试模,个,1,可合并,混凝土试模,Sheet1:2019,与1950同类，尺寸/标准缺失,REVIEW-MAT-01220,single_candidate;source_status_contains_merge;low_precision;human_review_group,0.65,true
REVIEW-MAT-01221,救生衣,安全防护/水域防护,安全防护/高处与水域防护/水域防护,品类: 救生衣,个,1,可建档,救生衣,Sheet1:2020,浮力等级/尺码/标准缺失,REVIEW-MAT-01221,single_candidate;low_precision,0.70,true
REVIEW-MAT-01222,机械密封,备品备件/密封件,设备备件与加工件/其他/密封件,规格: 50,套,1,可建档,50机械密封,Sheet1:2021,材质/适配泵型号缺失,REVIEW-MAT-01222,single_candidate;low_precision;human_review_group,0.65,true
REVIEW-MAT-01223,美工刀,工具/刀具,工具器具/手动工具/钳剪刀锤,类型: 美工刀,个,1,可合并,美工刀,Sheet1:2022,与1967同类，刀片宽度缺失,REVIEW-MAT-01223,single_candidate;source_status_contains_merge;low_precision,0.70,true
REVIEW-MAT-01224,防锈润滑剂,化工耗材/润滑剂,化工油漆胶粘/其他/润滑剂,型号: DM40；功能: 防锈润滑,支,1,可建档,DM40防锈润滑剂,Sheet1:2023,品牌/容量缺失,REVIEW-MAT-01224,single_candidate;low_precision;human_review_group,0.65,true
REVIEW-MAT-01225,铝合金梯子,定制件/工具治具,设备备件与加工件/金属加工件/金属加工件,定制: 是；长度: 4米；材质: 铝合金；特征: 加厚,个,1,可合并,定做4米加厚铝合金梯子,Sheet1:2030,与1850/1893同类，承重/节数缺失,REVIEW-MAT-01225,single_candidate;source_status_contains_merge;low_precision,0.70,true
REVIEW-MAT-01226,焊接面罩,劳保耗材/眼面防护,劳保用品/其他/眼面防护,用途: 焊接,个,1,可建档,焊接面罩,Sheet1:2031,手持/头戴/滤光等级缺失,REVIEW-MAT-01226,single_candidate;low_precision;human_review_group,0.65,true
REVIEW-MAT-01227,离心机钢板,定制件/设备加工件,设备备件与加工件/金属加工件/金属加工件,加工: 是；适用设备: 离心机；材质: 钢板,个,1,可建档-定制件,加工离心机钢板,Sheet1:2034,尺寸/材质牌号/图纸缺失,REVIEW-MAT-01227,single_candidate;low_precision,0.70,true
REVIEW-MAT-01228,螺丝,紧固件/螺丝,紧固件/螺纹紧固件/螺丝螺栓,规格: M27*100,个,1,可建档,M27*100螺丝,Sheet1:2035,头型/强度等级/材质缺失,REVIEW-MAT-01228,single_candidate;low_precision,0.70,true
REVIEW-MAT-01229,螺母,紧固件/螺母,紧固件/螺纹紧固件/螺母垫圈,规格: M27,个,1,可建档,m27螺母,Sheet1:2037,材质/强度等级缺失,REVIEW-MAT-01229,single_candidate;low_precision,0.70,true
REVIEW-MAT-01230,建筑模板,建筑材料/模板木方,工程建材/其他/模板木方,尺寸: 2.44*1.22*1.5；特征: 厚,张,1,可合并,2.44*1.22*1.5厚模板,Sheet1:2040,与2017同类，厚度单位需确认,REVIEW-MAT-01230,single_candidate;source_status_contains_merge;human_review_group,0.65,true
REVIEW-MAT-01231,钢筋接驳器,建筑材料/钢筋连接件,工程建材/其他/钢筋连接件,适配钢筋直径: 22,个,1,可建档,22钢筋接驳器,Sheet1:2041,螺纹形式/标准缺失,REVIEW-MAT-01231,single_candidate;low_precision;human_review_group,0.65,true
REVIEW-MAT-01232,气动扳手,工具/气动工具,工具器具/气动工具/气动工具,规格: 1寸,个,1,可建档,1寸气动扳手,Sheet1:2042,扭矩/品牌/型号缺失,REVIEW-MAT-01232,single_candidate;low_precision,0.70,true
REVIEW-MAT-01233,一体式触摸屏,电气材料/工控配件,电气与自动化/其他/工控配件,型号: TPC1570；结构: 一体式,台,1,可建档,TPC1570一体式触摸屏,Sheet1:2043,品牌/接口/系统配置缺失,REVIEW-MAT-01233,single_candidate;low_precision;human_review_group,0.65,true
REVIEW-MAT-01234,尼龙扎带,电气材料/扎带,电气与自动化/其他/扎带,规格: 10*50cm；材质: 尼龙,包,1,可建档,10*50cm尼龙扎带,Sheet1:2044,颜色/每包数量缺失,REVIEW-MAT-01234,single_candidate;low_precision;human_review_group,0.65,true
REVIEW-MAT-01235,尼龙扎带,电气材料/扎带,电气与自动化/其他/扎带,规格: 10*40cm；材质: 尼龙,包,1,可建档,10*40cm尼龙扎带,Sheet1:2045,颜色/每包数量缺失,REVIEW-MAT-01235,single_candidate;low_precision;human_review_group,0.65,true
REVIEW-MAT-01236,尼龙扎带,电气材料/扎带,电气与自动化/其他/扎带,规格: 10*30cm；材质: 尼龙,包,1,可建档,10*30cm尼龙扎带,Sheet1:2046,颜色/每包数量缺失,REVIEW-MAT-01236,single_candidate;low_precision;human_review_group,0.65,true
REVIEW-MAT-01237,雨鞋,劳保耗材/足部防护,劳保用品/其他/足部防护,品牌: 回力,双,1,可合并,回力雨鞋,Sheet1:2047,与1757同类，尺码缺失,REVIEW-MAT-01237,single_candidate;source_status_contains_merge;low_precision;human_review_group,0.65,true
REVIEW-MAT-01238,编织袋,包装材料/袋类,包装与标识/袋箱膜包装/袋箱膜,品类: 编织袋,个,1,可建档,编织袋,Sheet1:2048,尺寸/克重缺失,REVIEW-MAT-01238,single_candidate;low_precision,0.70,true
REVIEW-MAT-01239,铁锹柄,工具备件/手动工具配件,工具器具/工具配件/工具配件,部件: 柄；适用: 铁锹,支,2,可合并,铁锹柄,Sheet1:2050；Sheet1:2179,与1924同类，材质/长度缺失,REVIEW-MAT-01239,single_candidate;source_status_contains_merge;low_precision,0.70,true
REVIEW-MAT-01240,铁锹,工具/手动工具,工具器具/手动工具/通用手动工具,品类: 铁锹,支,1,可建档,铁锹,Sheet1:2051,规格/柄材质缺失,REVIEW-MAT-01240,single_candidate;low_precision,0.70,true
REVIEW-MAT-01241,焊接铁合页,五金建材/门窗五金,工程建材/其他/门窗五金,规格: 6；材质: 铁；工艺: 焊接,付,1,可建档,6焊接铁合页,Sheet1:2053,尺寸单位/厚度缺失,REVIEW-MAT-01241,single_candidate;low_precision;human_review_group,0.65,true
REVIEW-MAT-01242,自喷漆,化工耗材/涂料,化工油漆胶粘/油漆涂料/涂料油漆,颜色: 白色；类型: 喷漆,支,1,可合并,白色喷漆,Sheet1:2054,与1671同类，容量/品牌缺失,REVIEW-MAT-01242,single_candidate;source_status_contains_merge;low_precision,0.70,true
REVIEW-MAT-01243,传动皮带,备品备件/传动件,设备备件与加工件/传动轴承/传动轴承,型号: 1041,支,1,可建档,皮带1041,Sheet1:2055,皮带类型/单位建议条,REVIEW-MAT-01243,single_candidate,1.00,false
REVIEW-MAT-01244,S挂钩,五金耗材/挂钩,五金备件/其他/挂钩,规格: 大号；形状: S型；承重: 20kg,支,1,可建档,大S挂钩20kg,Sheet1:2056,材质/表面处理缺失,REVIEW-MAT-01244,single_candidate;low_precision;human_review_group,0.65,true
REVIEW-MAT-01245,接地跨接线,电气材料/接地材料,电气与自动化/其他/接地材料,用途: 电柜接地跨接,支,1,可建档,电柜接地跨线,Sheet1:2057,长度/截面积/端子规格缺失,REVIEW-MAT-01245,single_candidate;low_precision;human_review_group,0.65,true
REVIEW-MAT-01246,乙炔割嘴,焊割耗材/割炬配件,焊接焊割/焊割耗材/割嘴焊嘴,适用气体: 乙炔；类型: 割嘴,个,1,可建档,乙炔割嘴,Sheet1:2058,规格号/适配割炬缺失,REVIEW-MAT-01246,single_candidate;low_precision,0.70,true
REVIEW-MAT-01247,焊机快速接头,焊割耗材/焊机配件,焊接焊割/焊割耗材/割嘴焊嘴,用途: 焊机；类型: 快速接头,个,1,可建档,焊机快连接头,Sheet1:2059,规格/电流等级缺失,REVIEW-MAT-01247,single_candidate;low_precision,0.70,true
REVIEW-MAT-01248,重型平口钳,工具/夹持工具,工具器具/其他/夹持工具,规格: 5寸；特征: 重型,台,1,可建档,5寸重型平口钳,Sheet1:2061,开口宽度/品牌缺失,REVIEW-MAT-01248,single_candidate;low_precision;human_review_group,0.65,true
REVIEW-MAT-01249,管钳,工具/手动工具,工具器具/手动工具/通用手动工具,长度: 600mm；特征: 防锈型,支,1,可建档,防锈型管钳600,Sheet1:2062,品牌/材质缺失,REVIEW-MAT-01249,single_candidate;low_precision,0.70,true
REVIEW-MAT-01250,LED灯泡,电气材料/照明,电气与自动化/照明与报警/灯具,功率: 50W；类型: LED,个,2,可合并 | 可建档,50WLED灯泡；50wLED灯泡,Sheet1:2063；Sheet1:2175,灯头规格/色温缺失 | 与2063同类，灯头/色温缺失,REVIEW-MAT-01250,single_candidate;source_status_contains_merge;low_precision,0.70,true
REVIEW-MAT-01251,气管自锁接头,气动元件/气管接头,液压气动/液压接头/液压接头,类型: 自锁接头,套,1,可建档,气管自锁接头,Sheet1:2066,口径/公母头/螺纹缺失,REVIEW-MAT-01251,single_candidate;low_precision,0.70,true
REVIEW-MAT-01252,镀锌方管,钢材/型材,金属原材料/钢材型材/钢材型材,规格: 3*3*3；表面: 镀锌,米,1,可建档,镀锌方管3*3*3,Sheet1:2067,规格单位/材质缺失,REVIEW-MAT-01252,single_candidate;low_precision,0.70,true
REVIEW-MAT-01253,镀锌角钢,钢材/型材,金属原材料/钢材型材/钢材型材,规格: 4*4*0.5；表面: 镀锌,米,1,可合并,4*4*0.5镀锌角铁,Sheet1:2068,与1675/1820同类，规格单位缺失,REVIEW-MAT-01253,single_candidate;source_status_contains_merge;low_precision,0.70,true
REVIEW-MAT-01254,后备套夹子,定制件/金属加工件,设备备件与加工件/金属加工件/金属加工件,加工: 是；部件: 后备套夹子,个,1,可合并,加工后备套夹子,Sheet1:2069,与1958同类，名称含义/图纸缺失,REVIEW-MAT-01254,single_candidate;source_status_contains_merge;low_precision,0.70,true
REVIEW-MAT-01255,螺杆泵电机套装,设备备件/泵,设备备件与加工件/设备专用备件/设备备件,功率: 2.2kW；材质: 不锈钢；组成: 螺杆泵、电机,套,1,可建档,2.2千瓦不锈钢螺杆泵和电机,Sheet1:2071,品牌/流量/扬程/电压缺失,REVIEW-MAT-01255,single_candidate;low_precision,0.70,true
REVIEW-MAT-01256,螺杆泵水封,备品备件/密封件,设备备件与加工件/其他/密封件,品牌: 耐驰；原装: 是；适用设备: 螺杆泵,个,1,可建档,原装耐驰螺杆泵水封,Sheet1:2072,型号/尺寸/材质缺失,REVIEW-MAT-01256,single_candidate;low_precision;human_review_group,0.65,true
REVIEW-MAT-01257,焊接三通,管件/焊接管件,管道管件/其他/焊接管件,规格: 168；壁厚: 10；类型: 三通；连接: 焊接,个,1,可建档,168*10焊接三通,Sheet1:2073,材质/标准缺失,REVIEW-MAT-01257,single_candidate;low_precision;human_review_group,0.65,true
REVIEW-MAT-01258,管片螺丝,定制件/紧固件,设备备件与加工件/金属加工件/金属加工件,加工: 是；用途: 管片,根,1,可建档-定制件,加工管片螺丝,Sheet1:2074,规格/材质/图纸缺失,REVIEW-MAT-01258,single_candidate;low_precision,0.70,true
REVIEW-MAT-01259,氧气瓶手推车,焊割设备/气瓶搬运,焊接焊割/焊割设备工具/焊机割炬,适用气体: 氧气；轮型: 大充气轮,台,1,可合并,大充气轮氧气车,Sheet1:2075,与1916同类，承重/适配瓶缺失,REVIEW-MAT-01259,single_candidate;source_status_contains_merge;low_precision;human_review_group,0.65,true
REVIEW-MAT-01260,乙炔瓶手推车,焊割设备/气瓶搬运,焊接焊割/焊割设备工具/焊机割炬,适用气体: 乙炔；轮型: 大充气轮,台,1,可合并,大充气轮乙炔车,Sheet1:2076,与1917同类，承重/适配瓶缺失,REVIEW-MAT-01260,single_candidate;source_status_contains_merge;low_precision;human_review_group,0.65,true
REVIEW-MAT-01261,垫片,紧固件/垫圈,紧固件/螺纹紧固件/螺母垫圈,规格: M27,个,1,可建档,M27垫片,Sheet1:2077,平垫/弹垫/材质需确认,REVIEW-MAT-01261,single_candidate,1.00,false
REVIEW-MAT-01262,氧气瓶手推车,焊割设备/气瓶搬运,焊接焊割/焊割设备工具/焊机割炬,适用气体: 氧气；轮胎: 43cm,台,1,可合并,43cm轮胎氧气车,Sheet1:2078,与氧气车同类，承重缺失,REVIEW-MAT-01262,single_candidate;source_status_contains_merge;low_precision;human_review_group,0.65,true
REVIEW-MAT-01263,乙炔瓶手推车,焊割设备/气瓶搬运,焊接焊割/焊割设备工具/焊机割炬,适用气体: 乙炔；轮胎: 43cm,台,1,可合并,43cm轮胎乙炔车,Sheet1:2079,与乙炔车同类，承重缺失,REVIEW-MAT-01263,single_candidate;source_status_contains_merge;low_precision;human_review_group,0.65,true
REVIEW-MAT-01264,气动扳手,工具/气动工具,工具器具/气动工具/气动工具,规格: 大号,台,1,可建档,大气动扳手,Sheet1:2081,接口规格/扭矩/品牌缺失,REVIEW-MAT-01264,single_candidate;low_precision,0.70,true
REVIEW-MAT-01265,加长六角螺丝,定制件/紧固件,设备备件与加工件/金属加工件/金属加工件,加工: 是；规格: M27*100；头型: 六角；特征: 加长,个,1,可建档-定制件,加工M27*100加长六角螺丝,Sheet1:2082,材质/强度等级/图纸缺失,REVIEW-MAT-01265,single_candidate;low_precision,0.70,true
REVIEW-MAT-01266,雨棚,行政后勤/临时设施,行政办公与清洁/其他/临时设施,尺寸: 3*4.5m；规格: 大,套,1,可建档,3*4.5m大雨棚,Sheet1:2083,材质/支架配置缺失,REVIEW-MAT-01266,single_candidate;low_precision;human_review_group,0.65,true
REVIEW-MAT-01267,膨胀螺丝,紧固件/膨胀件,紧固件/锚固件/膨胀锚栓,规格: M20*150,个,1,可建档,M20*150膨胀螺丝,Sheet1:2084,材质/类型缺失,REVIEW-MAT-01267,single_candidate;low_precision,0.70,true
REVIEW-MAT-01268,焊条,焊割耗材/焊材,焊接焊割/焊割耗材/割嘴焊嘴,直径: 2.5mm；包装重量: 20kg,个,1,可建档,2.5焊条20公斤,Sheet1:2085,焊条牌号/材质缺失,REVIEW-MAT-01268,single_candidate;low_precision,0.70,true
REVIEW-MAT-01269,焊条,焊割耗材/焊材,焊接焊割/焊割耗材/割嘴焊嘴,直径: 3.2mm；包装重量: 20kg,个,1,可建档,3.2焊条20公斤,Sheet1:2086,焊条牌号/材质缺失,REVIEW-MAT-01269,single_candidate;low_precision,0.70,true
REVIEW-MAT-01271,消防水带,消防材料/消防水带,消防器材/灭火器与水带/消防水带,规格: 65；特征: 加厚,米,1,可建档,65加厚消防水带,Sheet1:2088,压力等级/接口形式缺失,REVIEW-MAT-01271,single_candidate;low_precision;human_review_group,0.65,true
REVIEW-MAT-01272,常闭气动阀,气动元件/阀,液压气动/气动元件/接头阀管,公称直径: DN50；状态: 常闭；驱动: 气动,套,1,可建档,DN50常闭气动阀,Sheet1:2089,电磁阀配置/压力等级缺失,REVIEW-MAT-01272,single_candidate;low_precision,0.70,true
REVIEW-MAT-01273,手拉葫芦,吊装索具/葫芦,吊装索具/其他/葫芦,品牌/标识: 三角；额定载荷: 1T；链长: 6米,台,1,可建档,三角手拉葫芦1T*6米,Sheet1:2090,认证标准缺失,REVIEW-MAT-01273,single_candidate;low_precision;human_review_group,0.65,true
REVIEW-MAT-01274,手拉葫芦,吊装索具/葫芦,吊装索具/其他/葫芦,品牌/标识: 三角；额定载荷: 2T；链长: 6米,台,1,可建档,三角手拉葫芦2T*6米,Sheet1:2091,认证标准缺失,REVIEW-MAT-01274,single_candidate;low_precision;human_review_group,0.65,true
REVIEW-MAT-01275,药芯焊丝,焊割耗材/焊材,焊接焊割/焊割耗材/割嘴焊嘴,直径: 1.2mm；类型: 药芯焊丝,个,2,可合并 | 可建档,1.2药芯焊丝,Sheet1:2092；Sheet1:2123,牌号/包装重量缺失 | 与2092同类，牌号/包装重量缺失,REVIEW-MAT-01275,single_candidate;source_status_contains_merge;low_precision,0.70,true
REVIEW-MAT-01276,无缝钢管,钢材/钢管,金属原材料/钢材型材/钢材型材,外径: 60mm；壁厚: 4mm,根,1,可建档,60*4无缝管,Sheet1:2093,长度/材质/标准缺失,REVIEW-MAT-01276,single_candidate;low_precision,0.70,true
REVIEW-MAT-01277,麻花钻头,工具耗材/钻头,工具器具/工具耗材/钻头,规格: 9厘；类型: 麻花钻,支,1,可建档,9厘麻花钻头,Sheet1:2095,材质/柄型缺失,REVIEW-MAT-01277,single_candidate;low_precision,0.70,true
REVIEW-MAT-01278,水管加工件,定制件/管路接头,设备备件与加工件/金属加工件/金属加工件,加工: 是；规格: 6分；用途: 水管,根,1,可建档-定制件,加工6分水管,Sheet1:2096,材质/长度/螺纹缺失,REVIEW-MAT-01278,single_candidate;low_precision,0.70,true
REVIEW-MAT-01279,PPR球阀,PPR管件/阀门,管道管件/塑料管件/PPR管件,品牌: 公元；公称直径: DN50；材质: PPR；类型: 球阀,个,1,可建档,公元DN50PPR球阀,Sheet1:2098,压力等级缺失,REVIEW-MAT-01279,single_candidate;low_precision,0.70,true
REVIEW-MAT-01280,一体式触摸屏,电气材料/工控配件,电气与自动化/其他/工控配件,型号: TPC1570；结构: 一体式,套,1,可合并,TPC1570一体式触摸屏,Sheet1:2100,与2043同类，台/套单位需统一,REVIEW-MAT-01280,single_candidate;source_status_contains_merge;human_review_group,0.65,true
REVIEW-MAT-01281,加厚卡箍,定制件/管路接头,设备备件与加工件/金属加工件/金属加工件,加工: 是；规格: 89；特征: 加厚,个,1,可合并,加工89加厚卡箍,Sheet1:2102,与1483/1753同类，材质/图纸缺失,REVIEW-MAT-01281,single_candidate;source_status_contains_merge;low_precision,0.70,true
REVIEW-MAT-01282,加厚卡箍,定制件/管路接头,设备备件与加工件/金属加工件/金属加工件,加工: 是；规格: 219；特征: 加厚,个,1,可建档-定制件,加工219加厚卡箍,Sheet1:2103,材质/图纸/用途缺失,REVIEW-MAT-01282,single_candidate;low_precision,0.70,true
REVIEW-MAT-01283,法兰软连接,管件/软连接,管道管件/其他/软连接,规格: 65*40；连接: 法兰,个,1,可建档,65*40法兰软连接,Sheet1:2104,材质/压力等级/长度缺失,REVIEW-MAT-01283,single_candidate;low_precision;human_review_group,0.65,true
REVIEW-MAT-01284,法兰软连接,管件/软连接,管道管件/其他/软连接,规格: 65*50；连接: 法兰,个,1,可建档,65*50法兰软连接,Sheet1:2105,材质/压力等级/长度缺失,REVIEW-MAT-01284,single_candidate;low_precision;human_review_group,0.65,true
REVIEW-MAT-01285,PPR三通,PPR管件/三通,管道管件/塑料管件/PPR管件,品牌: 公元；规格: 63；材质: PPR；类型: 三通,个,1,可建档,公元63 PPR三通,Sheet1:2106,压力等级缺失,REVIEW-MAT-01285,single_candidate;low_precision,0.70,true
REVIEW-MAT-01286,PPR直通,PPR管件/直通,管道管件/塑料管件/PPR管件,品牌: 公元；规格: 63；材质: PPR；类型: 直通,个,1,可合并,公元63 PPR直通,Sheet1:2107,与1741同类，压力等级缺失,REVIEW-MAT-01286,single_candidate;source_status_contains_merge;low_precision,0.70,true
REVIEW-MAT-01287,PPR弯头,PPR管件/弯头,管道管件/塑料管件/PPR管件,品牌: 公元；规格: 63；材质: PPR；类型: 弯头,个,1,可合并,公元63 PPR弯头,Sheet1:2108,与1743同类，角度/压力等级缺失,REVIEW-MAT-01287,single_candidate;source_status_contains_merge;low_precision,0.70,true
REVIEW-MAT-01288,PPR管,PPR管材/管,管道管件/塑料管件/PPR管件,品牌: 公元；规格: 63；材质: PPR,米,1,可合并,公元63 PPR管,Sheet1:2109,与1742同类，压力等级/壁厚缺失,REVIEW-MAT-01288,single_candidate;source_status_contains_merge;low_precision,0.70,true
REVIEW-MAT-01289,快速接头胶垫,密封材料/胶垫,待治理/待治理/胶垫,规格: 63；适用: 快速接头,个,1,可建档,63快速接头胶垫,Sheet1:2110,材质/厚度缺失,REVIEW-MAT-01289,single_candidate;low_precision;human_review_group,0.65,true
REVIEW-MAT-01290,PPR球阀,PPR管件/阀门,管道管件/塑料管件/PPR管件,品牌: 公元；规格: 63；材质: PPR；类型: 球阀,个,1,可建档,公元63PPR球阀,Sheet1:2111,压力等级缺失,REVIEW-MAT-01290,single_candidate;low_precision,0.70,true
REVIEW-MAT-01291,油布,劳保耗材/覆盖防护,劳保用品/其他/覆盖防护,品类: 油布,平方,1,可合并,油布,Sheet1:2112,与1458同类，材质/克重缺失,REVIEW-MAT-01291,single_candidate;source_status_contains_merge;low_precision;human_review_group,0.65,true
REVIEW-MAT-01292,胶垫,密封材料/胶垫,待治理/待治理/胶垫,规格: 50,个,1,可建档,50胶垫,Sheet1:2114,材质/厚度/用途缺失,REVIEW-MAT-01292,single_candidate;low_precision;human_review_group,0.65,true
REVIEW-MAT-01293,球阀,阀门/球阀,阀门/通用阀门/球阀,品牌: 埃美柯；公称直径: DN15,个,1,可建档,DN15埃美柯球阀,Sheet1:2115,材质/压力等级/连接方式缺失,REVIEW-MAT-01293,single_candidate;low_precision,0.70,true
REVIEW-MAT-01294,布手套,劳保耗材/手套,劳保用品/手部防护/手套,材质: 布；结构: 双层；特征: 加厚,双,1,可合并,布加厚双层手套,Sheet1:2120,与帆布双层手套同类，材质需确认,REVIEW-MAT-01294,single_candidate;source_status_contains_merge,1.00,false
REVIEW-MAT-01295,电焊钳,焊割耗材/焊钳,焊接焊割/焊割耗材/割嘴焊嘴,额定电流: 500A,把,1,可建档,500A电焊钳,Sheet1:2121,品牌/结构缺失,REVIEW-MAT-01295,single_candidate;low_precision,0.70,true
REVIEW-MAT-01296,电焊钳,焊割耗材/焊钳,焊接焊割/焊割耗材/割嘴焊嘴,额定电流: 800A,把,1,可建档,800A电焊钳,Sheet1:2122,品牌/结构缺失,REVIEW-MAT-01296,single_candidate;low_precision,0.70,true
REVIEW-MAT-01297,乙炔减压表,焊割耗材/气体表具,焊接焊割/焊割耗材/割嘴焊嘴,适用气体: 乙炔,个,1,可建档,乙炔表,Sheet1:2125,压力范围/接口规格缺失,REVIEW-MAT-01297,single_candidate;low_precision,0.70,true
REVIEW-MAT-01298,氧气胶管,焊割耗材/气管,焊接焊割/焊割耗材/割嘴焊嘴,长度: 30米；颜色: 红色；执行标准: 国标；适用气体: 氧气,卷,1,可建档,30米国标红色氧气管,Sheet1:2127,内径/压力等级缺失,REVIEW-MAT-01298,single_candidate;low_precision,0.70,true
REVIEW-MAT-01299,端子排,电气材料/接线端子,电气与自动化/接线连接/接线端子,规格: 50mm,个,1,可建档,50mm端子排,Sheet1:2129,位数/电流等级缺失,REVIEW-MAT-01299,single_candidate;low_precision,0.70,true
REVIEW-MAT-01300,电浮球阀,仪表/液位控制,仪器仪表/流量液位仪表/流量液位,线长: 10m；类型: 电浮球阀,个,1,可建档,10m长电浮球阀,Sheet1:2134,电压/触点形式/材质缺失,REVIEW-MAT-01300,single_candidate;low_precision,0.70,true
REVIEW-MAT-01301,闭门器,五金建材/门窗五金,工程建材/其他/门窗五金,品类: 闭门器,个,1,可合并,闭门器,Sheet1:2135,与1765同类，型号/门重范围缺失,REVIEW-MAT-01301,single_candidate;source_status_contains_merge;low_precision;human_review_group,0.65,true
REVIEW-MAT-01302,二位开关,电气材料/开关,电气与自动化/低压电器/开关按钮,位数: 二位,个,1,可建档,二位开关,Sheet1:2136,明装/暗装/电流/品牌缺失,REVIEW-MAT-01302,single_candidate;low_precision,0.70,true
REVIEW-MAT-01303,花篮螺栓,吊装索具/紧固调节,吊装索具/其他/紧固调节,规格: 14*200,个,1,可建档,14*200花篮,Sheet1:2137,材质/开体或闭体缺失,REVIEW-MAT-01303,single_candidate;low_precision;human_review_group,0.65,true
REVIEW-MAT-01304,钢丝绳,吊装索具/钢丝绳,吊装索具/吊带索具/钢丝绳链条,直径: 10厘,米,1,可建档,10厘钢丝绳,Sheet1:2138,结构/强度等级缺失,REVIEW-MAT-01304,single_candidate;low_precision;human_review_group,0.65,true
REVIEW-MAT-01305,钢丝绳卡扣,吊装索具/钢丝绳夹,吊装索具/吊带索具/钢丝绳链条,规格: 10厘,个,1,可建档,10厘卡扣,Sheet1:2139,材质/标准缺失,REVIEW-MAT-01305,single_candidate;low_precision;human_review_group,0.65,true
REVIEW-MAT-01306,花篮螺栓,吊装索具/紧固调节,吊装索具/其他/紧固调节,规格: 10厘,套,1,可建档,10厘花篮,Sheet1:2140,材质/长度缺失,REVIEW-MAT-01306,single_candidate;low_precision;human_review_group,0.65,true
REVIEW-MAT-01307,扁平吊装带,吊装索具/吊带,吊装索具/吊带索具/吊带,额定载荷: 5T；长度: 6m；执行标准: 国标；颜色: 彩色,根,1,可合并,5T*6m国标彩色吊带,Sheet1:2144,与1413/1801同类，材质/安全系数缺失,REVIEW-MAT-01307,single_candidate;source_status_contains_merge;low_precision;human_review_group,0.65,true
REVIEW-MAT-01308,水泵,设备备件/泵,设备备件与加工件/设备专用备件/设备备件,功率: 7500W；扬程: 50米,台,1,可建档,7500w50米扬程水泵,Sheet1:2145,流量/电压/口径/类型缺失,REVIEW-MAT-01308,single_candidate;low_precision,0.70,true
REVIEW-MAT-01309,耐磨水管,管材/水管,管道管件/其他/水管,规格: 50；特征: 加厚、耐磨,米,1,可建档,50加厚耐磨水管,Sheet1:2146,材质/压力等级缺失,REVIEW-MAT-01309,single_candidate;low_precision;human_review_group,0.65,true
REVIEW-MAT-01310,接线端子,电气材料/接线端子,电气与自动化/接线连接/接线端子,适配线径: 50mm2,个,1,可建档,50平方接线端子,Sheet1:2147,型号/孔径/材质缺失,REVIEW-MAT-01310,single_candidate;low_precision,0.70,true
REVIEW-MAT-01311,铝合金抱箍,管道紧固/抱箍,管道管件/管道紧固/管夹卡箍,规格: 50；材质: 铝合金,个,1,可建档,50铝合金抱箍,Sheet1:2148,宽度/适配管缺失,REVIEW-MAT-01311,single_candidate;low_precision,0.70,true
REVIEW-MAT-01312,铝合金抱箍,管道紧固/抱箍,管道管件/管道紧固/管夹卡箍,规格: 80；材质: 铝合金,个,1,可建档,80铝合金抱箍,Sheet1:2149,宽度/适配管缺失,REVIEW-MAT-01312,single_candidate;low_precision,0.70,true
REVIEW-MAT-01313,管钳,工具/手动工具,工具器具/手动工具/通用手动工具,规格: 18寸,支,1,可建档,"18\""管钳",Sheet1:2151,品牌/材质缺失,REVIEW-MAT-01313,single_candidate;low_precision,0.70,true
REVIEW-MAT-01314,管钳,工具/手动工具,工具器具/手动工具/通用手动工具,规格: 24寸,支,1,可建档,"24\""管钳",Sheet1:2152,品牌/材质缺失,REVIEW-MAT-01314,single_candidate;low_precision,0.70,true
REVIEW-MAT-01315,污水泵,设备备件/泵,设备备件与加工件/设备专用备件/设备备件,功率: 5.5kW；类型: 污水泵,台,1,可建档,5.5千w污水泵,Sheet1:2153,流量/扬程/电压/口径缺失,REVIEW-MAT-01315,single_candidate;low_precision,0.70,true
REVIEW-MAT-01316,管卡,管道紧固/管卡,管道管件/管道紧固/管夹卡箍,规格: 100,个,1,可建档,100管卡,Sheet1:2155,材质/表面处理缺失,REVIEW-MAT-01316,single_candidate;low_precision,0.70,true
REVIEW-MAT-01317,连接头,消防材料/消防接头,消防器材/消防管件与接头/消防接头,规格: 100,个,1,可建档,100连接头,Sheet1:2156,材质/接口标准缺失,REVIEW-MAT-01317,single_candidate;low_precision;human_review_group,0.65,true
REVIEW-MAT-01318,消防水带/水管,消防材料/消防水带,消防器材/灭火器与水带/消防水带,规格: 65；用途: 消防,米,1,可建档,65消防水管,Sheet1:2157,材质/压力等级/接口缺失,REVIEW-MAT-01318,single_candidate;low_precision;human_review_group,0.65,true
REVIEW-MAT-01319,消防水带,消防材料/消防水带,消防器材/灭火器与水带/消防水带,规格: 80；用途: 消防,米,1,可建档,80消防水带,Sheet1:2158,压力等级/接口形式缺失,REVIEW-MAT-01319,single_candidate;low_precision;human_review_group,0.65,true
REVIEW-MAT-01320,连接头,消防材料/消防接头,消防器材/消防管件与接头/消防接头,规格: 65,个,1,可建档,65连接头,Sheet1:2159,材质/接口标准缺失,REVIEW-MAT-01320,single_candidate;low_precision;human_review_group,0.65,true
REVIEW-MAT-01321,连接头,消防材料/消防接头,消防器材/消防管件与接头/消防接头,规格: 80,个,1,可建档,80连接头,Sheet1:2160,材质/接口标准缺失,REVIEW-MAT-01321,single_candidate;low_precision;human_review_group,0.65,true
REVIEW-MAT-01322,管卡,管道紧固/管卡,管道管件/管道紧固/管夹卡箍,规格: 65,个,1,可建档,65管卡,Sheet1:2161,材质/表面处理缺失,REVIEW-MAT-01322,single_candidate;low_precision,0.70,true
REVIEW-MAT-01323,管卡,管道紧固/管卡,管道管件/管道紧固/管夹卡箍,规格: 80,个,1,可建档,80管卡,Sheet1:2162,材质/表面处理缺失,REVIEW-MAT-01323,single_candidate;low_precision,0.70,true
REVIEW-MAT-01324,吸油棉,清洁耗材/吸附材料,行政办公与清洁/清洁用品/清洁工具耗材,厚度: 5mm；用途: 吸油,张,1,可合并,5MM厚吸油棉,Sheet1:2163,与1465/1562同类，尺寸缺失,REVIEW-MAT-01324,single_candidate;source_status_contains_merge;low_precision,0.70,true
REVIEW-MAT-01325,电机,设备备件/电机,设备备件与加工件/设备专用备件/设备备件,功率: 7.5kW,台,1,可建档,7.5千w电机,Sheet1:2164,电压/转速/安装方式缺失,REVIEW-MAT-01325,single_candidate;low_precision,0.70,true
REVIEW-MAT-01326,钢丝绳,吊装索具/钢丝绳,吊装索具/吊带索具/钢丝绳链条,规格: 50；长度: 6米,根,1,可建档,50*6米钢丝绳,Sheet1:2165,直径单位/结构/强度缺失,REVIEW-MAT-01326,single_candidate;low_precision;human_review_group,0.65,true
REVIEW-MAT-01327,安全网,安全防护/防护网,安全防护/隔离防护/防护网,尺寸: 1.8米*6米,张,1,可建档,1.8米*6米安全网,Sheet1:2166,材质/网孔/标准缺失,REVIEW-MAT-01327,single_candidate;low_precision,0.70,true
REVIEW-MAT-01328,定制橡胶条/板,定制件/橡胶加工件,设备备件与加工件/金属加工件/金属加工件,定制: 是；规格: 200*5；材质: 橡胶,米,1,可建档-定制件,定做橡胶200*5,Sheet1:2167,宽厚含义/硬度/图纸缺失,REVIEW-MAT-01328,single_candidate;low_precision,0.70,true
REVIEW-MAT-01329,水泥钉,紧固件/钉,紧固件/其他/钉,类型: 水泥钉,盒,2,可合并 | 可建档,水泥钉,Sheet1:2168；Sheet1:2173,规格/每盒数量缺失 | 与2168同类，规格缺失,REVIEW-MAT-01329,single_candidate;source_status_contains_merge;low_precision;human_review_group,0.65,true
REVIEW-MAT-01330,电线,电气材料/电线电缆,电气与自动化/电线电缆与敷设/电线电缆,品牌: 起帆；截面积: 25mm2,米,1,可建档,25平方起帆电线,Sheet1:2169,芯数/颜色/导体材质缺失,REVIEW-MAT-01330,single_candidate;low_precision,0.70,true
REVIEW-MAT-01331,胶接头,管件/软管接头,管道管件/其他/软管接头,规格: 4寸；材质: 胶,套,1,可建档,4寸胶接头,Sheet1:2176,接口形式/压力等级缺失,REVIEW-MAT-01331,single_candidate;low_precision;human_review_group,0.65,true
REVIEW-MAT-01332,竹扫把,行政后勤/清洁用品,行政办公与清洁/清洁用品/清洁工具耗材,规格: 大；材质: 竹,个,2,可合并,大竹扫把,Sheet1:2178；Sheet1:2273,与1923同类，长度缺失 | 与2178同类，长度缺失,REVIEW-MAT-01332,single_candidate;source_status_contains_merge;low_precision,0.70,true
REVIEW-MAT-01333,连体工作服,劳保耗材/防护服,劳保用品/头足身防护/防护服,特征: 加厚；结构: 连体,套,1,可建档,加厚连体裤,Sheet1:2180,材质/尺码/防护等级缺失,REVIEW-MAT-01333,single_candidate;low_precision,0.70,true
REVIEW-MAT-01334,焊条,焊割耗材/焊材,焊接焊割/焊割耗材/割嘴焊嘴,直径: 3.2mm,个,1,可合并,3.2焊条,Sheet1:2181,与2086同类，牌号/包装重量缺失,REVIEW-MAT-01334,single_candidate;source_status_contains_merge;low_precision,0.70,true
REVIEW-MAT-01335,水泵钳,工具/手动工具,工具器具/手动工具/通用手动工具,规格: 8寸,支,1,可建档,8寸水泵钳,Sheet1:2182,品牌/材质缺失,REVIEW-MAT-01335,single_candidate;low_precision,0.70,true
REVIEW-MAT-01336,水泵钳,工具/手动工具,工具器具/手动工具/通用手动工具,规格: 10寸,支,1,可建档,10寸水泵钳,Sheet1:2183,品牌/材质缺失,REVIEW-MAT-01336,single_candidate;low_precision,0.70,true
REVIEW-MAT-01337,沟槽消防阀,阀门/消防阀门,阀门/其他/消防阀门,规格: 150；连接: 沟槽/卡式；用途: 消防,个,1,可建档,沟槽阀150卡式消防阀,Sheet1:2184,阀门类型/压力等级/材质缺失,REVIEW-MAT-01337,single_candidate;low_precision;human_review_group,0.65,true
REVIEW-MAT-01338,切割机防护罩,工具备件/电动工具配件,工具器具/电动工具/电钻角磨机,适配设备: 400切割机；部件: 防护罩,个,1,可建档,400切割机防护罩,Sheet1:2185,适配型号/材质缺失,REVIEW-MAT-01338,single_candidate;low_precision,0.70,true
REVIEW-MAT-01339,抹布,清洁耗材/擦拭材料,行政办公与清洁/清洁用品/清洁工具耗材,形态: 大块；颜色: 白色,kg,1,可建档,大块白抹布,Sheet1:2190,材质/包装缺失,REVIEW-MAT-01339,single_candidate;low_precision,0.70,true
REVIEW-MAT-01340,抱箍加工件,定制件/管道紧固,设备备件与加工件/金属加工件/金属加工件,加工: 是；规格: 3寸；类型: 抱箍,个,1,可建档-定制件,3寸抱箍加工,Sheet1:2193,材质/图纸/表面处理缺失,REVIEW-MAT-01340,single_candidate;low_precision,0.70,true
REVIEW-MAT-01341,抱箍加工件,定制件/管道紧固,设备备件与加工件/金属加工件/金属加工件,加工: 是；规格: 2寸；类型: 抱箍,个,1,可建档-定制件,2寸抱箍加工,Sheet1:2194,材质/图纸/表面处理缺失,REVIEW-MAT-01341,single_candidate;low_precision,0.70,true
REVIEW-MAT-01342,卸扣,吊装索具/卸扣,吊装索具/吊装连接件/卸扣吊钩,额定载荷: 8T,个,2,可建档,8T卸扣；卸扣8T,Sheet1:2197；Sheet1:2869,型式/销轴形式/标准缺失 || 材质/安全系数/标准缺失,REVIEW-MAT-01342；REVIEW-MAT-01797,exact_name_group_unit_specs;low_precision;human_review_group,0.65,true
REVIEW-MAT-01343,卸扣,吊装索具/卸扣,吊装索具/吊装连接件/卸扣吊钩,额定载荷: 10T,个,3,可合并 | 可建档,10T卸扣；卸扣10T,Sheet1:2198；Sheet1:2868；Sheet1:3622,与1445同类，型式缺失 || 材质/安全系数/标准缺失 | 型式/材质/安全认证缺失,REVIEW-MAT-01343；REVIEW-MAT-01796,exact_name_group_unit_specs;source_status_contains_merge;low_precision;human_review_group,0.65,true
REVIEW-MAT-01344,卸扣,吊装索具/卸扣,吊装索具/吊装连接件/卸扣吊钩,额定载荷: 12T,个,1,可建档,12T卸扣,Sheet1:2199,型式/销轴形式/标准缺失,REVIEW-MAT-01344,single_candidate;low_precision;human_review_group,0.65,true
REVIEW-MAT-01345,木屑,辅料耗材/吸附填充材料,生产辅料/其他/吸附填充材料,品类: 木屑,斤,1,可建档,木屑,Sheet1:2200,用途/含水率/单位是否改kg需确认,REVIEW-MAT-01345,single_candidate;human_review_group,0.65,true
REVIEW-MAT-01346,三相四线插头,电气材料/插头插座,电气与自动化/插头插座/插头插座,电流: 25A；类型: 三相四线,个,1,可建档,25A三相四插头,Sheet1:2201,电压/防护等级缺失,REVIEW-MAT-01346,single_candidate;low_precision,0.70,true
REVIEW-MAT-01347,五坑尖凿,工具耗材/凿具,工具器具/其他/凿具,规格: 大；接口: 五坑；类型: 尖凿,支,1,可建档,大五坑尖凿,Sheet1:2203,长度/适配电镐缺失,REVIEW-MAT-01347,single_candidate;low_precision;human_review_group,0.65,true
REVIEW-MAT-01348,钨钢钻头,工具耗材/钻头,工具器具/工具耗材/钻头,规格: 3.5；材质: 钨钢,支,1,可建档,3.5钨钢钻头,Sheet1:2207,柄型/刃长缺失,REVIEW-MAT-01348,single_candidate;low_precision,0.70,true
REVIEW-MAT-01349,钨钢钻头,工具耗材/钻头,工具器具/工具耗材/钻头,规格: 3.0；材质: 钨钢,支,1,可建档,3.0钨钢钻头,Sheet1:2208,柄型/刃长缺失,REVIEW-MAT-01349,single_candidate;low_precision,0.70,true
REVIEW-MAT-01350,鼓风机滤芯,备品备件/过滤件,设备备件与加工件/过滤密封/过滤件,规格: 2寸；适用设备: 鼓风机,个,1,可建档,2寸鼓风机滤芯,Sheet1:2209,过滤精度/适配型号缺失,REVIEW-MAT-01350,single_candidate;low_precision,0.70,true
REVIEW-MAT-01351,法兰,管件/法兰,管道管件/其他/法兰,公称直径: DN50；压力等级: 16kg,个,1,可建档,DN50*16KG法兰,Sheet1:2210,材质/标准/密封面缺失,REVIEW-MAT-01351,single_candidate;low_precision;human_review_group,0.65,true
REVIEW-MAT-01352,法兰,管件/法兰,管道管件/其他/法兰,公称直径: DN65；压力等级: 16kg,个,1,可建档,DN65*16KG法兰,Sheet1:2211,材质/标准/密封面缺失,REVIEW-MAT-01352,single_candidate;low_precision;human_review_group,0.65,true
REVIEW-MAT-01353,伸缩杆,工具/辅助工具,工具器具/其他/辅助工具,长度: 2米；结构: 伸缩,个,1,可建档,2米伸缩杆,Sheet1:2213,材质/用途缺失,REVIEW-MAT-01353,single_candidate;low_precision;human_review_group,0.65,true
REVIEW-MAT-01354,不锈钢合页,五金建材/门窗五金,工程建材/其他/门窗五金,规格: 3寸；材质: 不锈钢,付,1,可建档,3寸不锈钢合页,Sheet1:2214,厚度/孔位缺失,REVIEW-MAT-01354,single_candidate;low_precision;human_review_group,0.65,true
REVIEW-MAT-01355,定制高压油管,定制件/液压管路,设备备件与加工件/金属加工件/金属加工件,定制: 是；规格: 19；压力: 420公斤,根,1,可建档-定制件,定做19*420公斤高压油管,Sheet1:2215,长度/接头形式/图纸缺失,REVIEW-MAT-01355,single_candidate;low_precision,0.70,true
REVIEW-MAT-01356,铜挂锁,五金建材/锁具,工程建材/其他/锁具,材质: 铜；钥匙类型: 通开,个,1,可建档,通开铜挂锁,Sheet1:2216,规格/钥匙数量缺失,REVIEW-MAT-01356,single_candidate;low_precision;human_review_group,0.65,true
REVIEW-MAT-01357,量杯,工具耗材/计量工具,工具器具/其他/计量工具,容量: 5L,个,1,可建档,5L量杯,Sheet1:2218,材质/刻度精度缺失,REVIEW-MAT-01357,single_candidate;low_precision;human_review_group,0.65,true
REVIEW-MAT-01358,定制钢丝绳,定制件/吊装索具,设备备件与加工件/金属加工件/金属加工件,定制: 是；规格: 50；长度: 4米,根,1,可建档-定制件,定做50*4米钢丝绳,Sheet1:2219,直径单位/结构/强度/证书缺失,REVIEW-MAT-01358,single_candidate;low_precision,0.70,true
REVIEW-MAT-01359,钢丝绳专用剂,化工耗材/润滑防护剂,化工油漆胶粘/其他/润滑防护剂,进口: 是；包装: 5kg；用途: 钢丝绳,桶,1,可建档,进口5KG钢丝绳专用剂,Sheet1:2220,品牌/油脂类型缺失,REVIEW-MAT-01359,single_candidate;low_precision;human_review_group,0.65,true
REVIEW-MAT-01360,喷壶,行政后勤/清洁用品,行政办公与清洁/清洁用品/清洁工具耗材,品类: 喷壶,个,1,可合并,喷壶,Sheet1:2221,容量/材质缺失,REVIEW-MAT-01360,single_candidate;source_status_contains_merge;low_precision,0.70,true
REVIEW-MAT-01361,U型卸扣,吊装索具/卸扣,吊装索具/吊装连接件/卸扣吊钩,额定载荷: 17T；型式: U型；执行标准: 国标,个,1,可建档,17TU型国标卸扣,Sheet1:2222,销轴形式/证书缺失,REVIEW-MAT-01361,single_candidate;low_precision;human_review_group,0.65,true
REVIEW-MAT-01362,蝴蝶扣,吊装索具/连接件,吊装索具/其他/连接件,额定载荷: 15T；类型: 蝴蝶扣,个,1,可建档,15T蝴蝶扣,Sheet1:2223,标准/证书/材质缺失,REVIEW-MAT-01362,single_candidate;low_precision;human_review_group,0.65,true
REVIEW-MAT-01363,不锈钢骑马卡,管道紧固/骑马卡,管道管件/管道紧固/管夹卡箍,公称直径: DN200；材质: 不锈钢,个,1,可建档,DN200不锈钢骑马卡,Sheet1:2225,厚度/孔距缺失,REVIEW-MAT-01363,single_candidate;low_precision,0.70,true
REVIEW-MAT-01364,膨胀螺丝,紧固件/膨胀件,紧固件/锚固件/膨胀锚栓,规格: M10*60,个,1,可建档,10*60膨胀螺丝,Sheet1:2226,材质/类型缺失,REVIEW-MAT-01364,single_candidate;low_precision,0.70,true
REVIEW-MAT-01365,抹布,清洁耗材/擦拭材料,行政办公与清洁/清洁用品/清洁工具耗材,形态: 大块；颜色: 白色,公斤,1,可合并,大块白抹布,Sheet1:2227,与2190同类，单位kg/公斤统一,REVIEW-MAT-01365,single_candidate;source_status_contains_merge,1.00,false
REVIEW-MAT-01366,美工刀,工具/刀具,工具器具/手动工具/钳剪刀锤,品牌: 得力,个,1,可合并,得力美工刀,Sheet1:2228,与1967同类，刀片宽度缺失,REVIEW-MAT-01366,single_candidate;source_status_contains_merge;low_precision,0.70,true
REVIEW-MAT-01367,美工刀片,工具耗材/刀片,工具器具/手动工具/钳剪刀锤,品牌: 得力,合,1,可合并,得力刀片,Sheet1:2229,单位疑似盒，规格/片数缺失,REVIEW-MAT-01367,single_candidate;source_status_contains_merge;low_precision,0.70,true
REVIEW-MAT-01368,注浆针头,堵漏注浆/注浆耗材,工程建材/保温防水/防水堵漏,类型: 注浆针头,个,1,可建档,注浆针头,Sheet1:2230,规格/长度/材质缺失,REVIEW-MAT-01368,single_candidate;low_precision,0.70,true
REVIEW-MAT-01369,水性聚氨酯,化工耗材/堵漏材料,化工油漆胶粘/其他/堵漏材料,类型: 水性；材料: 聚氨酯,公斤,1,可建档,水性聚氨酯,Sheet1:2232,品牌/包装/固含量缺失,REVIEW-MAT-01369,single_candidate;low_precision;human_review_group,0.65,true
REVIEW-MAT-01370,油性聚氨酯,化工耗材/堵漏材料,化工油漆胶粘/其他/堵漏材料,类型: 油性；材料: 聚氨酯,公斤,1,可建档,油性聚氨酯,Sheet1:2233,品牌/包装/固含量缺失,REVIEW-MAT-01370,single_candidate;low_precision;human_review_group,0.65,true
REVIEW-MAT-01371,双快水泥,建筑材料/水泥砂石；建材/水泥砂浆,工程建材/水泥砂石/水泥砂石,类型: 双快水泥,包,5,可合并 | 可建档,双快水泥,Sheet1:2234；Sheet1:2323；Sheet1:2350；Sheet1:2463；Sheet1:2817,强度等级/包装重量缺失 || 与2350同类，强度等级/包装重量缺失 | 与2321同类，强度等级/包装重量缺失,REVIEW-MAT-01371；REVIEW-MAT-01431,exact_name_group_unit_specs;source_status_contains_merge;low_precision,0.70,true
REVIEW-MAT-01372,发泡剂,化工耗材/填缝材料,化工油漆胶粘/其他/填缝材料,品类: 发泡剂,个,1,可建档,发泡剂,Sheet1:2235,容量/品牌缺失,REVIEW-MAT-01372,single_candidate;low_precision;human_review_group,0.65,true
REVIEW-MAT-01373,发泡剂枪,工具/施胶工具,工具器具/其他/施胶工具,适用材料: 发泡剂,个,1,可建档,发泡剂枪,Sheet1:2236,规格/结构缺失,REVIEW-MAT-01373,single_candidate;low_precision;human_review_group,0.65,true
REVIEW-MAT-01374,注浆枪头,堵漏注浆/注浆配件,工程建材/保温防水/防水堵漏,类型: 注浆枪头,个,1,可建档,注浆枪头,Sheet1:2237,接口/适配注浆枪缺失,REVIEW-MAT-01374,single_candidate;low_precision,0.70,true
REVIEW-MAT-01375,清洗机专用油,化工耗材/润滑油,化工油漆胶粘/油品化学品/润滑油脂,用途: 清洗机,个,1,可建档,清洗机专用油,Sheet1:2240,包装/品牌/油品型号缺失,REVIEW-MAT-01375,single_candidate;low_precision,0.70,true
REVIEW-MAT-01376,塑料凳,行政后勤/生活用品；行政后勤/家具用品,行政办公与清洁/生活后勤/生活用品,材质: 塑料；特征: 加厚,个,3,可合并 | 可建档,加厚塑料凳；加厚塑料凳子,Sheet1:2241；Sheet1:3122；Sheet1:3520,与1792同类，尺寸缺失 | 尺寸/承重缺失 || 尺寸/承重缺失,REVIEW-MAT-01376；REVIEW-MAT-02264,exact_name_group_unit_specs;source_status_contains_merge;low_precision,0.70,true
REVIEW-MAT-01377,一体梯凳,工具/登高工具,工具器具/其他/登高工具,承重: 600kg；结构: 一体,个,1,可建档,600KG一体梯凳,Sheet1:2242,高度/材质/标准缺失,REVIEW-MAT-01377,single_candidate;low_precision;human_review_group,0.65,true
REVIEW-MAT-01378,水泥,建筑材料/水泥砂石,工程建材/水泥砂石/水泥砂石,标号/型号: PC425,包,1,可建档,PC425水泥,Sheet1:2243,包装重量/标准缺失,REVIEW-MAT-01378,single_candidate;low_precision,0.70,true
REVIEW-MAT-01379,高压清洗机滤网,清洗设备/高压清洗机配件,行政办公与清洁/其他/高压清洗机配件,规格: 25mm；部件: 滤网,个,1,可建档,25MM高压清洗剂滤网,Sheet1:2244,适配型号/过滤精度缺失,REVIEW-MAT-01379,single_candidate;low_precision;human_review_group,0.65,true
REVIEW-MAT-01380,不锈钢滑槽,五金建材/导轨滑槽,工程建材/其他/导轨滑槽,形状: C型；材质: 不锈钢,米,1,可建档,C型不锈钢滑槽,Sheet1:2245,截面尺寸/厚度缺失,REVIEW-MAT-01380,single_candidate;low_precision;human_review_group,0.65,true
REVIEW-MAT-01381,润滑脂,化工耗材/润滑脂,化工油漆胶粘/其他/润滑脂,品牌: 克虏伯；型号: NB52,公斤,1,可建档,克虏伯油脂NB52,Sheet1:2246,包装规格/用途缺失,REVIEW-MAT-01381,single_candidate;low_precision;human_review_group,0.65,true
REVIEW-MAT-01382,PAC污水处理剂,化工原料/水处理剂,化工油漆胶粘/其他/水处理剂,含量: 28%；类型: PAC,吨,2,可合并,28%PAC污水处理剂,Sheet1:2247；Sheet1:2286,与2286同类，包装/标准缺失 | 与2247同类，包装/标准缺失,REVIEW-MAT-01382,single_candidate;source_status_contains_merge;low_precision;human_review_group,0.65,true
REVIEW-MAT-01383,轴承,备品备件/轴承,设备备件与加工件/传动轴承/传动轴承,品牌: SKF；型号: 2315；进口: 是,个,1,可建档,进口SKF-2315轴承,Sheet1:2248,轴承类型/尺寸缺失,REVIEW-MAT-01383,single_candidate;low_precision,0.70,true
REVIEW-MAT-01384,布手套,劳保耗材/手套,劳保用品/手部防护/手套,材质: 布；特征: 加厚,双,1,可合并,加厚布手套,Sheet1:2250,与2120同类，尺码缺失,REVIEW-MAT-01384,single_candidate;source_status_contains_merge;low_precision,0.70,true
REVIEW-MAT-01385,刀阀,阀门/刀阀,阀门/其他/刀阀,公称直径: DN150,个,1,可合并,DN150刀阀,Sheet1:2253,与1692同类，材质/压力等级缺失,REVIEW-MAT-01385,single_candidate;source_status_contains_merge;low_precision;human_review_group,0.65,true
REVIEW-MAT-01386,膨胀螺丝,紧固件/膨胀件,紧固件/锚固件/膨胀锚栓,规格: M14*70,个,1,可建档,14*70膨胀螺丝,Sheet1:2254,材质/类型缺失,REVIEW-MAT-01386,single_candidate;low_precision,0.70,true
REVIEW-MAT-01387,套筒,工具/套筒,工具器具/其他/套筒,规格: 17,个,1,可建档,17套筒,Sheet1:2255,方榫规格/长度缺失,REVIEW-MAT-01387,single_candidate;low_precision;human_review_group,0.65,true
REVIEW-MAT-01388,电缆线,电气材料/电线电缆,电气与自动化/电线电缆与敷设/电线电缆,品牌: 起帆；规格: 3*6+2*4,米,1,可建档,3*6+2*4起帆电缆,Sheet1:2257,导体材质/护套/电压等级缺失,REVIEW-MAT-01388,single_candidate;low_precision,0.70,true
REVIEW-MAT-01389,量杯,工具耗材/计量工具,工具器具/其他/计量工具,容量: 2000ml,个,1,可建档,2000毫升量杯,Sheet1:2259,材质/刻度精度缺失,REVIEW-MAT-01389,single_candidate;low_precision;human_review_group,0.65,true
REVIEW-MAT-01390,热水器开关,电气材料/开关,电气与自动化/低压电器/开关按钮,用途: 热水器,个,1,可建档,热水器开关,Sheet1:2261,电流/安装方式/型号缺失,REVIEW-MAT-01390,single_candidate;low_precision,0.70,true
REVIEW-MAT-01391,小便器感应器,行政后勤/卫浴配件,行政办公与清洁/其他/卫浴配件,适用: 小便器；类型: 感应器,套,1,可建档,小便器感应器,Sheet1:2262,电源/接口/型号缺失,REVIEW-MAT-01391,single_candidate;low_precision;human_review_group,0.65,true
REVIEW-MAT-01392,启动按钮指示灯,电气材料/按钮指示,电气与自动化/低压电器/开关按钮,功能: 启动按钮、指示灯,套,1,可建档,启动按钮指示灯,Sheet1:2264,电压/颜色/开孔尺寸缺失,REVIEW-MAT-01392,single_candidate;low_precision,0.70,true
REVIEW-MAT-01393,急停按钮,电气材料/按钮指示,电气与自动化/低压电器/开关按钮,功能: 急停,套,1,可建档,急停按钮,Sheet1:2265,触点/开孔尺寸/品牌缺失,REVIEW-MAT-01393,single_candidate;low_precision,0.70,true
REVIEW-MAT-01394,闪光蜂鸣器,电气材料/报警器,电气与自动化/照明与报警/报警器,功能: 闪光、蜂鸣,套,1,可建档,闪光蜂鸣器,Sheet1:2266,电压/声光等级缺失,REVIEW-MAT-01394,single_candidate;low_precision,0.70,true
REVIEW-MAT-01395,加厚铝合金扣,液压/高压管路,液压气动/液压管路/高压胶管,规格: 50；材质: 铝合金；特征: 加厚,个,1,可合并,50加厚铝合金扣,Sheet1:2271,与50铝合金扣同类，连接形式缺失,REVIEW-MAT-01395,single_candidate;source_status_contains_merge;low_precision,0.70,true
REVIEW-MAT-01396,加厚铝合金扣,液压/高压管路,液压气动/液压管路/高压胶管,规格: 80；材质: 铝合金；特征: 加厚,个,1,可合并,80加厚铝合金扣,Sheet1:2272,与80铝合金扣同类，连接形式缺失,REVIEW-MAT-01396,single_candidate;source_status_contains_merge;low_precision,0.70,true
REVIEW-MAT-01397,水泥砖,建筑材料/砌块砖,工程建材/其他/砌块砖,规格: 95；材质: 水泥,个,1,可建档,95水泥砖,Sheet1:2275,尺寸完整性/强度等级缺失,REVIEW-MAT-01397,single_candidate;low_precision;human_review_group,0.65,true
REVIEW-MAT-01398,扎带,电气材料/扎带,电气与自动化/其他/扎带,规格: 8*300,个,1,可建档,8*300扎带,Sheet1:2278,材质/颜色/包装数量缺失,REVIEW-MAT-01398,single_candidate;low_precision;human_review_group,0.65,true
REVIEW-MAT-01399,喷壶,行政后勤/清洁用品,行政办公与清洁/清洁用品/清洁工具耗材,容量: 2L,个,1,可建档,2升喷壶,Sheet1:2279,材质/喷头类型缺失,REVIEW-MAT-01399,single_candidate;low_precision,0.70,true
REVIEW-MAT-01400,铁扎丝,建筑材料/绑扎材料,工程建材/其他/绑扎材料,规格原文: 500；材质: 铁,卷,1,可建档,500铁扎丝,Sheet1:2280,线径/每卷重量缺失,REVIEW-MAT-01400,single_candidate;low_precision;human_review_group,0.65,true
REVIEW-MAT-01401,铁丝,五金耗材/金属丝,五金备件/其他/金属丝,材质: 铁,公斤,2,可合并,铁丝,Sheet1:2282；Sheet1:2339,与1617同类，线径缺失 | 与2280同类，线径缺失,REVIEW-MAT-01401,single_candidate;source_status_contains_merge;low_precision;human_review_group,0.65,true
REVIEW-MAT-01402,高压清洗喷枪,清洗设备/高压清洗机配件,行政办公与清洁/其他/高压清洗机配件,类型: 喷枪；用途: 高压清洗,把,1,可建档,高压清洗喷枪,Sheet1:2283,压力等级/接口/适配型号缺失,REVIEW-MAT-01402,single_candidate;low_precision;human_review_group,0.65,true
REVIEW-MAT-01403,镀锌补心,管件/镀锌管件,管道管件/金属管件/镀锌管件,规格: 80*65；表面: 镀锌；类型: 补心,个,1,可建档,80*65镀锌补心,Sheet1:2284,螺纹标准/材质缺失,REVIEW-MAT-01403,single_candidate;low_precision,0.70,true
REVIEW-MAT-01404,振动电机套装,设备备件/电机,设备备件与加工件/设备专用备件/设备备件,进口: 是；类型: 振动电机；配置: 整套,套,1,可建档,进口振动电机整套,Sheet1:2287,品牌/功率/型号缺失,REVIEW-MAT-01404,single_candidate;low_precision,0.70,true
REVIEW-MAT-01405,泥浆比重计,工具/测量工具,工具器具/量具测量/量具测量,用途: 泥浆比重测量,套,1,可建档,泥浆比重计,Sheet1:2290,量程/精度缺失,REVIEW-MAT-01405,single_candidate;low_precision,0.70,true
REVIEW-MAT-01406,高压胶管,液压/高压管路,液压气动/液压管路/高压胶管,规格: 100；材质: 胶管,米,1,可建档,100高压胶管,Sheet1:2291,压力等级/层数缺失,REVIEW-MAT-01406,single_candidate;low_precision,0.70,true
REVIEW-MAT-01407,高压接头,液压/高压管路,液压气动/液压管路/高压胶管,规格: 100；类型: 接头,个,1,可建档,100高压接头,Sheet1:2292,螺纹/连接形式/压力等级缺失,REVIEW-MAT-01407,single_candidate;low_precision,0.70,true
REVIEW-MAT-01408,加厚铝合金扣,液压/高压管路,液压气动/液压管路/高压胶管,规格: 100；材质: 铝合金；特征: 加厚,个,1,可建档,100加厚铝合金扣,Sheet1:2293,连接形式缺失,REVIEW-MAT-01408,single_candidate;low_precision,0.70,true
REVIEW-MAT-01409,加厚铜接头,液压/高压管路,液压气动/液压管路/高压胶管,规格: 100；材质: 铜；特征: 加厚,个,1,可建档,100加厚铜头,Sheet1:2294,连接形式缺失,REVIEW-MAT-01409,single_candidate;low_precision,0.70,true
REVIEW-MAT-01410,高强度螺丝,紧固件/螺丝,紧固件/螺纹紧固件/螺丝螺栓,规格: M30*100；强度等级: 12.9,个,1,可建档,M30*100/12.9级螺丝,Sheet1:2295,头型/材质缺失,REVIEW-MAT-01410,single_candidate;low_precision,0.70,true
REVIEW-MAT-01411,螺母,紧固件/螺母,紧固件/螺纹紧固件/螺母垫圈,规格: M30,个,2,可合并 | 可建档,30螺母,Sheet1:2296；Sheet1:2302,材质/强度等级缺失 | 与2296同类，材质/强度等级缺失,REVIEW-MAT-01411,single_candidate;source_status_contains_merge;low_precision,0.70,true
REVIEW-MAT-01412,垫片,紧固件/垫圈,紧固件/螺纹紧固件/螺母垫圈,规格: M30,个,2,可合并 | 可建档,30垫片,Sheet1:2297；Sheet1:2303,平垫/弹垫/材质需确认 | 与2297同类，平垫/弹垫需确认,REVIEW-MAT-01412,single_candidate;source_status_contains_merge,1.00,false
REVIEW-MAT-01413,隔环,定制件/机械加工件,设备备件与加工件/金属加工件/金属加工件,加工: 是；型号/规格: 2350；部件: 隔环,个,1,可建档-定制件,加工隔环2350,Sheet1:2299,图纸/材质/尺寸缺失,REVIEW-MAT-01413,single_candidate;low_precision,0.70,true
REVIEW-MAT-01414,无缝钢管,钢材/钢管,金属原材料/钢材型材/钢材型材,外径: 76mm；壁厚: 8mm,米,1,可建档,76*8MM无缝管,Sheet1:2300,材质/标准缺失,REVIEW-MAT-01414,single_candidate;low_precision,0.70,true
REVIEW-MAT-01415,高强度螺丝,紧固件/螺丝,紧固件/螺纹紧固件/螺丝螺栓,规格: M30*80；强度等级: 10.8,个,1,可建档,M30*80/10.8级螺丝,Sheet1:2301,头型/材质缺失,REVIEW-MAT-01415,single_candidate;low_precision,0.70,true
REVIEW-MAT-01416,扁平吊装带,吊装索具/吊带,吊装索具/吊带索具/吊带,额定载荷: 2T；长度: 2米；颜色: 彩色,条,1,可合并,彩色吊带2T*2米,Sheet1:2304,与1797同类，材质/安全系数缺失,REVIEW-MAT-01416,single_candidate;source_status_contains_merge;low_precision;human_review_group,0.65,true
REVIEW-MAT-01417,手拉葫芦,吊装索具/葫芦,吊装索具/其他/葫芦,额定载荷: 2T；链长: 3米,台,1,可建档,2T*3米手拉葫芦,Sheet1:2305,品牌/认证标准缺失,REVIEW-MAT-01417,single_candidate;low_precision;human_review_group,0.65,true
REVIEW-MAT-01418,垃圾袋,行政后勤/清洁用品,行政办公与清洁/清洁用品/清洁工具耗材,规格: 120,个,1,可建档,120垃圾袋,Sheet1:2307,完整尺寸/包装数量缺失,REVIEW-MAT-01418,single_candidate;low_precision,0.70,true
REVIEW-MAT-01419,金属测绳,工具/测量工具,工具器具/量具测量/量具测量,材质: 金属；类型: 测绳,米,1,可建档,金属测绳,Sheet1:2309,量程/刻度精度缺失,REVIEW-MAT-01419,single_candidate;low_precision,0.70,true
REVIEW-MAT-01420,扁平吊装带,吊装索具/吊带,吊装索具/吊带索具/吊带,执行标准: 国标；颜色: 彩色；额定载荷: 5T；长度: 8米,条,1,可合并,国标彩色吊带5T*8米,Sheet1:2310,与1547同类，材质/安全系数缺失,REVIEW-MAT-01420,single_candidate;source_status_contains_merge;low_precision;human_review_group,0.65,true
REVIEW-MAT-01421,安全网,安全防护/防护网,安全防护/隔离防护/防护网,尺寸: 6*1.8米；特征: 加厚,张,1,可合并,6*1.8米加厚安全网,Sheet1:2311,与2166同类，材质/网孔缺失,REVIEW-MAT-01421,single_candidate;source_status_contains_merge;low_precision,0.70,true
REVIEW-MAT-01422,清洗剂泵头,清洗设备/配件,行政办公与清洁/其他/配件,品牌: 黑猫；用途: 清洗剂；部件: 泵头,个,1,可建档,黑猫清洗剂泵头,Sheet1:2312,适配型号/接口缺失,REVIEW-MAT-01422,single_candidate;low_precision;human_review_group,0.65,true
REVIEW-MAT-01423,游标卡尺,工具/测量工具,工具器具/量具测量/量具测量,品牌: 得力；量程: 300mm；精度等级: 高精度,支,1,可建档,300mm得力高精度卡尺,Sheet1:2314,具体精度/型号缺失,REVIEW-MAT-01423,single_candidate;low_precision,0.70,true
REVIEW-MAT-01424,尼龙绳,绳索/尼龙绳,吊装索具/吊带索具/钢丝绳链条,规格: 16；材质: 尼龙,米,1,可建档,16尼龙绳,Sheet1:2315,规格是直径16mm需确认,REVIEW-MAT-01424,single_candidate,1.00,false
REVIEW-MAT-01425,高压胶水带,液压/高压管路,液压气动/液压管路/高压胶管,规格: 65；颜色: 蓝色；特征: 加厚,米,2,可合并 | 可建档,65加厚蓝色胶水带,Sheet1:2316；Sheet1:2324,“胶水带”是否为胶水管/胶管需确认，压力等级缺失 | 与2314同类，“胶水带”名称需确认,REVIEW-MAT-01425,single_candidate;source_status_contains_merge;low_precision,0.70,true
REVIEW-MAT-01426,高压外丝堵头,液压/高压管路,液压气动/液压管路/高压胶管,规格: 25；连接: 外丝；类型: 堵头,个,1,可建档,25高压外丝堵头,Sheet1:2317,螺纹标准/压力等级缺失,REVIEW-MAT-01426,single_candidate;low_precision,0.70,true
REVIEW-MAT-01427,高压球阀,阀门/球阀,阀门/通用阀门/球阀,品牌: 埃美柯；规格: 20；类型: 高压球阀,个,1,可建档,20埃美柯高压球阀,Sheet1:2319,材质/压力等级/连接形式缺失,REVIEW-MAT-01427,single_candidate;low_precision,0.70,true
REVIEW-MAT-01428,高压对丝,液压/高压管路,液压气动/液压管路/高压胶管,规格: 20；类型: 对丝,个,1,可建档,20高压对丝,Sheet1:2320,螺纹标准/压力等级缺失,REVIEW-MAT-01428,single_candidate;low_precision,0.70,true
REVIEW-MAT-01429,堵漏聚氨酯主剂,化工原料/堵漏材料,化工油漆胶粘/其他/堵漏材料,材料: 聚氨酯；用途: 堵漏；组分: 主剂,斤,1,可建档,堵漏聚氨酯主剂,Sheet1:2321,包装规格/配比/品牌缺失,REVIEW-MAT-01429,single_candidate;low_precision;human_review_group,0.65,true
REVIEW-MAT-01430,堵漏聚氨酯副剂,化工原料/堵漏材料,化工油漆胶粘/其他/堵漏材料,材料: 聚氨酯；用途: 堵漏；组分: 副剂,斤,1,可建档,堵漏聚氨酯副剂,Sheet1:2322,包装规格/配比/品牌缺失,REVIEW-MAT-01430,single_candidate;low_precision;human_review_group,0.65,true
REVIEW-MAT-01432,铝合金枪头,注浆设备/配件,工程建材/保温防水/防水堵漏,规格: 65；材质: 铝合金；部件: 枪头,套,1,可建档,65铝合金枪头,Sheet1:2326,适配设备/接口缺失,REVIEW-MAT-01432,single_candidate;low_precision,0.70,true
REVIEW-MAT-01433,聚氨酯枪头,注浆设备/配件,工程建材/保温防水/防水堵漏,用途: 聚氨酯注浆；部件: 枪头,个,1,可建档,聚氨酯枪头,Sheet1:2327,规格/接口/适配设备缺失,REVIEW-MAT-01433,single_candidate;low_precision,0.70,true
REVIEW-MAT-01434,齿轮泵,设备备件/泵,设备备件与加工件/设备专用备件/设备备件,功率: 2.2kW；类型: 齿轮泵,台,1,可建档,2.2千瓦齿轮泵,Sheet1:2328,流量/压力/接口/型号缺失,REVIEW-MAT-01434,single_candidate;low_precision,0.70,true
REVIEW-MAT-01435,高压水管,液压/高压管路,液压气动/液压管路/高压胶管,规格: 100；用途: 高压水,米,1,可建档,100高压水管,Sheet1:2330,压力等级/材质/层数缺失,REVIEW-MAT-01435,single_candidate;low_precision,0.70,true
REVIEW-MAT-01436,钻头,工具/钻头,工具器具/工具耗材/钻头,直径: 10mm；长度: 200mm,个,1,可建档,10*200钻头,Sheet1:2331,钻头类型/柄型/材质缺失,REVIEW-MAT-01436,single_candidate;low_precision,0.70,true
REVIEW-MAT-01437,钻头,工具/钻头,工具器具/工具耗材/钻头,直径: 12mm；长度: 200mm,个,1,可建档,12*200钻头,Sheet1:2332,钻头类型/柄型/材质缺失,REVIEW-MAT-01437,single_candidate;low_precision,0.70,true
REVIEW-MAT-01438,钻头,工具/钻头,工具器具/工具耗材/钻头,直径: 14mm；长度: 200mm,个,1,可建档,14*200钻头,Sheet1:2333,钻头类型/柄型/材质缺失,REVIEW-MAT-01438,single_candidate;low_precision,0.70,true
REVIEW-MAT-01439,钻头,工具/钻头,工具器具/工具耗材/钻头,直径: 16mm；长度: 200mm,个,1,可建档,16*200钻头,Sheet1:2334,钻头类型/柄型/材质缺失,REVIEW-MAT-01439,single_candidate;low_precision,0.70,true
REVIEW-MAT-01440,注浆管接头,注浆设备/配件,工程建材/保温防水/防水堵漏,部件: 管头/接头；用途: 注浆,个,1,可建档,注浆管头子,Sheet1:2335,规格/接口/材质缺失,REVIEW-MAT-01440,single_candidate;low_precision,0.70,true
REVIEW-MAT-01441,胶钳,工具/手动工具,工具器具/手动工具/通用手动工具,品牌: 世达；规格: 200mm；类型: 胶钳,个,1,可建档,200世达胶钳,Sheet1:2336,准确品类是否钢丝钳/胶柄钳需确认,REVIEW-MAT-01441,single_candidate,1.00,false
REVIEW-MAT-01442,注浆枪头,注浆设备/配件,工程建材/保温防水/防水堵漏,用途: 注浆；部件: 枪头,个,1,可建档,注浆枪头,Sheet1:2337,规格/接口/适配设备缺失,REVIEW-MAT-01442,single_candidate;low_precision,0.70,true
REVIEW-MAT-01443,尖嘴钳,工具/手动工具,工具器具/手动工具/通用手动工具,品牌: 世达；类型: 尖嘴钳,个,1,可建档,世达尖嘴钳,Sheet1:2338,长度/型号缺失,REVIEW-MAT-01443,single_candidate;low_precision,0.70,true
REVIEW-MAT-01444,高压球阀,阀门/球阀,阀门/通用阀门/球阀,品牌: 埃美柯；规格: 25；类型: 高压球阀,个,1,可建档,25埃美柯高压球阀,Sheet1:2340,材质/压力等级/连接形式缺失,REVIEW-MAT-01444,single_candidate;low_precision,0.70,true
REVIEW-MAT-01445,钢丝管,液压/高压管路,液压气动/液压管路/高压胶管,规格: 25；结构: 钢丝增强,米,1,可建档,25钢丝管,Sheet1:2341,压力等级/层数/材质缺失,REVIEW-MAT-01445,single_candidate;low_precision,0.70,true
REVIEW-MAT-01446,转换宝塔接头,液压/高压管路,液压气动/液压管路/高压胶管,类型: 宝塔头；用途: 转换接头,套,1,可建档,转换宝塔头,Sheet1:2342,两端规格/材质/压力等级缺失,REVIEW-MAT-01446,single_candidate;low_precision,0.70,true
REVIEW-MAT-01447,高压胶管,液压/高压管路,液压气动/液压管路/高压胶管,规格: 50；结构等级: 4SH,米,1,可建档,50*4SH高压胶管,Sheet1:2343,压力等级/标准/接头形式缺失,REVIEW-MAT-01447,single_candidate;low_precision,0.70,true
REVIEW-MAT-01448,胶管接头,液压/高压管路,液压气动/液压管路/高压胶管,规格: 100；类型: 胶管接头,套,1,可建档,100胶管接头,Sheet1:2346,连接形式/材质/压力等级缺失,REVIEW-MAT-01448,single_candidate;low_precision,0.70,true
REVIEW-MAT-01449,钻头,工具/钻头,工具器具/工具耗材/钻头,直径: 20mm；长度: 800mm,个,1,可建档,20*800钻头,Sheet1:2347,钻头类型/柄型/材质缺失,REVIEW-MAT-01449,single_candidate;low_precision,0.70,true
REVIEW-MAT-01450,棉被,行政后勤/生活用品,行政办公与清洁/生活后勤/生活用品,类型: 棉被,个,1,可建档,棉被,Sheet1:2349,尺寸/重量/用途缺失,REVIEW-MAT-01450,single_candidate;low_precision,0.70,true
REVIEW-MAT-01451,加厚连体防护服,劳保耗材/防护服,劳保用品/头足身防护/防护服,特征: 加厚；款式: 连体,套,1,可建档,加厚连体裤,Sheet1:2351,材质/尺码/防护等级缺失,REVIEW-MAT-01451,single_candidate;low_precision,0.70,true
REVIEW-MAT-01452,高压内丝堵头,液压/高压管路,液压气动/液压管路/高压胶管,螺纹: M36*2；连接: 内丝；类型: 堵头,个,1,可建档,M36*2高压内丝堵头,Sheet1:2352,压力等级/材质缺失,REVIEW-MAT-01452,single_candidate;low_precision,0.70,true
REVIEW-MAT-01453,高压外丝堵头,液压/高压管路,液压气动/液压管路/高压胶管,螺纹: M36*2；连接: 外丝；类型: 堵头,个,1,可建档,M36*2高压外丝堵头,Sheet1:2353,压力等级/材质缺失,REVIEW-MAT-01453,single_candidate;low_precision,0.70,true
REVIEW-MAT-01454,压力表,仪表/压力仪表,仪器仪表/其他/压力仪表,量程/压力: 60公斤；类型: 压力表,个,1,可建档,60公斤压力表,Sheet1:2356,标准单位MPa/接口/表径/精度缺失,REVIEW-MAT-01454,single_candidate;low_precision;human_review_group,0.65,true
REVIEW-MAT-01455,螺纹接头,液压/高压管路,液压气动/液压管路/高压胶管,螺纹: M20*1.5；类型: 接头,个,1,可建档,M20*1.5接头,Sheet1:2357,连接形式/材质/压力等级缺失,REVIEW-MAT-01455,single_candidate;low_precision,0.70,true
REVIEW-MAT-01456,不锈钢三通,管件/不锈钢管件,管道管件/金属管件/钢制管件,规格: 25；材质: 不锈钢；类型: 三通,个,1,可建档,25三通不锈钢,Sheet1:2358,304/316材质牌号及连接方式缺失,REVIEW-MAT-01456,single_candidate;low_precision,0.70,true
REVIEW-MAT-01457,胶管总成,液压/高压管路,液压气动/液压管路/高压胶管,螺纹/规格: 36*2；层数: 2层；长度: 12米,根,3,可合并 | 可建档,胶管36*2-2层-12米,Sheet1:2360；Sheet1:2408；Sheet1:2552,压力等级/接头形式/材质缺失 | 与2358同类，压力等级/接头形式缺失,REVIEW-MAT-01457,single_candidate;source_status_contains_merge;low_precision,0.70,true
REVIEW-MAT-01458,胶管总成,液压/高压管路,液压气动/液压管路/高压胶管,螺纹/规格: 36*2；层数: 2层；长度: 17.7米,根,1,可建档,胶管36*2-2层-17.7米,Sheet1:2361,压力等级/接头形式/材质缺失,REVIEW-MAT-01458,single_candidate;low_precision,0.70,true
REVIEW-MAT-01459,胶管总成,液压/高压管路,液压气动/液压管路/高压胶管,螺纹/规格: 36*2；层数: 2层；长度: 5.2米,根,1,可建档,胶管36*2-2层-5.2米,Sheet1:2362,压力等级/接头形式/材质缺失,REVIEW-MAT-01459,single_candidate;low_precision,0.70,true
REVIEW-MAT-01460,胶管总成,液压/高压管路,液压气动/液压管路/高压胶管,螺纹/规格: 36*2；层数: 2层；长度: 7.9米,根,1,可建档,胶管36*2-2层-7.9米,Sheet1:2363,压力等级/接头形式/材质缺失,REVIEW-MAT-01460,single_candidate;low_precision,0.70,true
REVIEW-MAT-01461,胶管总成,液压/高压管路,液压气动/液压管路/高压胶管,螺纹/规格: 36*2；层数: 2层；长度: 15.9米,根,1,可建档,胶管36*2-2层-15.9米,Sheet1:2364,压力等级/接头形式/材质缺失,REVIEW-MAT-01461,single_candidate;low_precision,0.70,true
REVIEW-MAT-01462,胶管总成,液压/高压管路,液压气动/液压管路/高压胶管,螺纹/规格: 36*2；层数: 2层；长度: 2.3米,根,1,可建档,胶管36*2-2层-2.3米,Sheet1:2365,压力等级/接头形式/材质缺失,REVIEW-MAT-01462,single_candidate;low_precision,0.70,true
REVIEW-MAT-01463,胶管总成,液压/高压管路,液压气动/液压管路/高压胶管,螺纹/规格: 36*2；层数: 2层；长度: 3.4米,根,2,可合并 | 可建档,胶管36*2-2层-3.4米,Sheet1:2366；Sheet1:2551,压力等级/接头形式/材质缺失 | 与2364同类，压力等级/接头形式缺失,REVIEW-MAT-01463,single_candidate;source_status_contains_merge;low_precision,0.70,true
REVIEW-MAT-01464,胶管总成,液压/高压管路,液压气动/液压管路/高压胶管,螺纹/规格: 36*2；层数: 2层；长度: 3.9米,根,1,可建档,胶管36*2-2层-3.9米,Sheet1:2367,压力等级/接头形式/材质缺失,REVIEW-MAT-01464,single_candidate;low_precision,0.70,true
REVIEW-MAT-01465,胶管总成,液压/高压管路,液压气动/液压管路/高压胶管,螺纹/规格: 36*2；层数: 2层；长度: 1.1米,根,1,可建档,胶管36*2-2层-1.1米,Sheet1:2368,压力等级/接头形式/材质缺失,REVIEW-MAT-01465,single_candidate;low_precision,0.70,true
REVIEW-MAT-01466,胶管总成,液压/高压管路,液压气动/液压管路/高压胶管,螺纹/规格: 36*2；层数: 2层；长度: 7.5米,根,1,可建档,胶管36*2-2层-7.5米,Sheet1:2369,压力等级/接头形式/材质缺失,REVIEW-MAT-01466,single_candidate;low_precision,0.70,true
REVIEW-MAT-01467,胶管总成,液压/高压管路,液压气动/液压管路/高压胶管,螺纹/规格: 36*2；层数: 2层；长度: 1米,根,2,可合并 | 可建档,胶管36*2-2层-1米,Sheet1:2370；Sheet1:2550,压力等级/接头形式/材质缺失 | 与2368同类，压力等级/接头形式缺失,REVIEW-MAT-01467,single_candidate;source_status_contains_merge;low_precision,0.70,true
REVIEW-MAT-01468,胶管总成,液压/高压管路,液压气动/液压管路/高压胶管,螺纹/规格: 36*2；层数: 2层；长度: 1.3米,根,1,可建档,胶管36*2-2层-1.3米,Sheet1:2371,压力等级/接头形式/材质缺失,REVIEW-MAT-01468,single_candidate;low_precision,0.70,true
REVIEW-MAT-01469,胶管总成,液压/高压管路,液压气动/液压管路/高压胶管,螺纹/规格: 36*2；层数: 2层；长度: 5.9米,根,1,可建档,胶管36*2-2层-5.9米,Sheet1:2372,压力等级/接头形式/材质缺失,REVIEW-MAT-01469,single_candidate;low_precision,0.70,true
REVIEW-MAT-01470,胶管总成,液压/高压管路,液压气动/液压管路/高压胶管,螺纹/规格: 36*2；层数: 2层；长度: 3.3米,根,1,可建档,胶管36*2-2层-3.3米,Sheet1:2373,压力等级/接头形式/材质缺失,REVIEW-MAT-01470,single_candidate;low_precision,0.70,true
REVIEW-MAT-01471,不锈钢骑马卡,定制件/管夹卡箍,设备备件与加工件/金属加工件/金属加工件,定制: 是；规格: 36；材质: 不锈钢；厚度/螺纹: 36*2.0,个,1,可建档-定制件,订制36不锈钢骑马卡36*2.0,Sheet1:2374,图纸/用途/尺寸口径需确认,REVIEW-MAT-01471,single_candidate,1.00,false
REVIEW-MAT-01472,直角接头加工件,定制件/管路接头,设备备件与加工件/金属加工件/金属加工件,加工: 是；规格: 36*3/36*2；类型: 直角接头,个,2,可合并 | 可建档-定制件,加工36*3/36*2直角接头；加工直角接头36*3/36*2,Sheet1:2375；Sheet1:2558,图纸/材质/压力等级缺失 || 与2373同类，图纸/材质/压力等级缺失,REVIEW-MAT-01472；REVIEW-MAT-01583,exact_name_group_unit_specs;source_status_contains_merge;low_precision,0.70,true
REVIEW-MAT-01473,变径接头,液压/高压管路,液压气动/液压管路/高压胶管,规格: 25*2/36*2；类型: 大小头/变径,个,1,可建档,25*2/36*2大小头,Sheet1:2376,材质/压力等级/螺纹标准缺失,REVIEW-MAT-01473,single_candidate;low_precision,0.70,true
REVIEW-MAT-01474,六联管夹,管夹/管路固定件,管道管件/管道紧固/管夹卡箍,联数: 六联；规格: 36,组,1,可建档,六联管夹36,Sheet1:2377,材质/安装孔距/型号缺失,REVIEW-MAT-01474,single_candidate;low_precision,0.70,true
REVIEW-MAT-01475,单管夹,管夹/管路固定件,管道管件/管道紧固/管夹卡箍,联数: 单；规格: 36,个,1,可建档,单管夹36,Sheet1:2378,材质/安装孔距/型号缺失,REVIEW-MAT-01475,single_candidate;low_precision,0.70,true
REVIEW-MAT-01476,三通接头,液压/高压管路,液压气动/液压管路/高压胶管,螺纹/规格: 36*2；类型: 三通,个,3,可合并 | 可建档,36*2三通,Sheet1:2379；Sheet1:2561；Sheet1:3251,材质/压力等级/连接形式缺失 | 与2377同类，材质/压力等级缺失,REVIEW-MAT-01476,single_candidate;source_status_contains_merge;low_precision,0.70,true
REVIEW-MAT-01477,对丝接头,液压/高压管路,液压气动/液压管路/高压胶管,螺纹/规格: 36*2；类型: 对丝,个,2,可合并 | 可建档,36*2对丝,Sheet1:2380；Sheet1:2560,材质/压力等级缺失 | 与2378同类，材质/压力等级缺失,REVIEW-MAT-01477,single_candidate;source_status_contains_merge;low_precision,0.70,true
REVIEW-MAT-01478,泥浆管接头加工件,定制件/管路接头,设备备件与加工件/金属加工件/金属加工件,加工: 是；管径: Φ219；用途: 泥浆管,个,1,可建档-定制件,加工泥浆管接头Φ219,Sheet1:2381,图纸/材质/壁厚/连接方式缺失,REVIEW-MAT-01478,single_candidate;low_precision,0.70,true
REVIEW-MAT-01479,扣压钢丝绳,吊装索具/钢丝绳,吊装索具/吊带索具/钢丝绳链条,加工: 扣压；直径/规格: 50；长度: 3.6米,根,1,可建档-定制件,扣压钢丝绳50*3.6米,Sheet1:2382,钢丝绳结构/吊具端头/安全载荷缺失,REVIEW-MAT-01479,single_candidate;low_precision;human_review_group,0.65,true
REVIEW-MAT-01480,扣压钢丝绳,吊装索具/钢丝绳,吊装索具/吊带索具/钢丝绳链条,加工: 扣压；直径/规格: 47.5；长度: 9米,根,1,可建档-定制件,扣压钢丝绳47.5*9米,Sheet1:2383,钢丝绳结构/吊具端头/安全载荷缺失,REVIEW-MAT-01480,single_candidate;low_precision;human_review_group,0.65,true
REVIEW-MAT-01481,铝合金八字扣头,液压/高压管路,液压气动/液压管路/高压胶管,规格: M52；材质: 铝合金；类型: 八字扣头,个,1,可建档,M52铝合金八字扣头,Sheet1:2384,适配胶管规格/连接形式缺失,REVIEW-MAT-01481,single_candidate;low_precision,0.70,true
REVIEW-MAT-01482,聚氨酯密封胶,化工耗材/密封胶,化工油漆胶粘/胶粘密封/胶粘剂,品牌: 普赛达；材料: 聚氨酯；容量: 600mL,支,3,可合并 | 可建档,普赛达聚氨酯密封胶600ML；普赛达聚氨酯密封胶600mL,Sheet1:2385；Sheet1:2420；Sheet1:2580,型号/颜色/固化特性缺失 | 与2383同类，型号/颜色缺失,REVIEW-MAT-01482,single_candidate;source_status_contains_merge;low_precision,0.70,true
REVIEW-MAT-01483,胶枪,工具/手动工具,工具器具/手动工具/通用手动工具,品牌: 世达；类型: 胶枪,把,1,可建档,世达胶枪,Sheet1:2386,适配胶筒容量/型号缺失,REVIEW-MAT-01483,single_candidate;low_precision,0.70,true
REVIEW-MAT-01484,不锈钢止回阀,阀门/止回阀,阀门/通用阀门/闸截止止回,材质: 304；公称通径: DN25,个,1,可建档,304止回阀DN25,Sheet1:2387,压力等级/连接形式缺失,REVIEW-MAT-01484,single_candidate;low_precision,0.70,true
REVIEW-MAT-01485,胶管总成,液压/高压管路,液压气动/液压管路/高压胶管,螺纹/规格: 36*2；层数: 2层；长度: 8.3米,根,1,可建档,胶管36*2-2层-8.3米,Sheet1:2388,压力等级/接头形式/材质缺失,REVIEW-MAT-01485,single_candidate;low_precision,0.70,true
REVIEW-MAT-01486,胶管总成,液压/高压管路,液压气动/液压管路/高压胶管,螺纹/规格: 36*2；层数: 2层；长度: 4.2米,根,1,可建档,胶管36*2-2层-4.2米,Sheet1:2389,压力等级/接头形式/材质缺失,REVIEW-MAT-01486,single_candidate;low_precision,0.70,true
REVIEW-MAT-01487,胶管总成,液压/高压管路,液压气动/液压管路/高压胶管,螺纹/规格: 36*2；层数: 2层；长度: 1.2米,根,1,可建档,胶管36*2-2层-1.2米,Sheet1:2390,压力等级/接头形式/材质缺失,REVIEW-MAT-01487,single_candidate;low_precision,0.70,true
REVIEW-MAT-01488,胶管总成,液压/高压管路,液压气动/液压管路/高压胶管,螺纹/规格: 36*2；层数: 2层；长度: 7.3米,根,1,可建档,胶管36*2-2层-7.3米,Sheet1:2391,压力等级/接头形式/材质缺失,REVIEW-MAT-01488,single_candidate;low_precision,0.70,true
REVIEW-MAT-01489,齿轮油,油品/润滑油,化工油漆胶粘/油品化学品/润滑油脂,品牌: 长城；品类: 齿轮油；包装: 18L,桶,1,可建档,长城齿轮油18L,Sheet1:2392,粘度等级/型号缺失,REVIEW-MAT-01489,single_candidate;low_precision,0.70,true
REVIEW-MAT-01490,对丝接头,液压/高压管路,液压气动/液压管路/高压胶管,规格: 1/2；类型: 对丝,个,1,可建档,接头1/2对丝,Sheet1:2394,螺纹制式/材质/压力等级缺失,REVIEW-MAT-01490,single_candidate;low_precision,0.70,true
REVIEW-MAT-01491,变径接头,液压/高压管路,液压气动/液压管路/高压胶管,规格: 1/2-3/4；类型: 变径,个,1,可建档,变径接头1/2-3/4,Sheet1:2395,螺纹制式/材质/压力等级缺失,REVIEW-MAT-01491,single_candidate;low_precision,0.70,true
REVIEW-MAT-01492,断路器,电气/低压电器,电气与自动化/其他/低压电器,品牌: 施耐德；额定电流: 250A；极数: 3P,套,1,可建档,施耐德断路器250A-3P,Sheet1:2396,系列/分断能力/型号缺失,REVIEW-MAT-01492,single_candidate;low_precision;human_review_group,0.65,true
REVIEW-MAT-01493,钢丝绳润滑脂,油品/润滑脂,化工油漆胶粘/其他/润滑脂,品牌: 伍尔特；用途: 钢丝绳；容量: 500mL,瓶,1,可建档,伍尔特钢丝绳黄油500mL,Sheet1:2397,型号/温度范围缺失,REVIEW-MAT-01493,single_candidate;low_precision;human_review_group,0.65,true
REVIEW-MAT-01494,高压内丝直接,液压/高压管路,液压气动/液压管路/高压胶管,螺纹: M32*2；连接: 内丝；类型: 直接,个,1,可建档,m32*2高压内丝直接,Sheet1:2398,原始小写m规范为M，材质/压力等级缺失,REVIEW-MAT-01494,single_candidate;low_precision,0.70,true
REVIEW-MAT-01495,丙纶吊装袋,吊装索具/吊包,吊装索具/其他/吊包,材质: 丙纶纤维；尺寸: 3米*3米；载荷: 大吨位,个,1,可建档,大吨位丙纶纤吊包3米*3米,Sheet1:2399,额定载荷/安全系数/吊点形式缺失,REVIEW-MAT-01495,single_candidate;low_precision;human_review_group,0.65,true
REVIEW-MAT-01496,高压转换接头,液压/高压管路,液压气动/液压管路/高压胶管,螺纹: 36*2；形式: 外丝转内丝,套,1,可建档,高压接头36*2外丝转内丝,Sheet1:2400,材质/压力等级缺失,REVIEW-MAT-01496,single_candidate;low_precision,0.70,true
REVIEW-MAT-01497,高压转换接头,液压/高压管路,液压气动/液压管路/高压胶管,螺纹: 52*2；形式: 外丝转内丝,套,1,可建档,高压接头52*2外丝转内丝,Sheet1:2401,材质/压力等级缺失,REVIEW-MAT-01497,single_candidate;low_precision,0.70,true
REVIEW-MAT-01498,高压转换接头,液压/高压管路,液压气动/液压管路/高压胶管,螺纹: 24*1.5/36*2；类型: 转换接头,套,1,可建档,高压接头24*1.5/36*2,Sheet1:2402,内外丝方向/材质/压力等级缺失,REVIEW-MAT-01498,single_candidate;low_precision,0.70,true
REVIEW-MAT-01499,高压对丝接头,液压/高压管路,液压气动/液压管路/高压胶管,螺纹: 20*1.5；类型: 对丝,个,1,可建档,高压接头20*1.5对丝,Sheet1:2403,材质/压力等级缺失,REVIEW-MAT-01499,single_candidate;low_precision,0.70,true
REVIEW-MAT-01500,高压对丝接头,液压/高压管路,液压气动/液压管路/高压胶管,螺纹: 24*1.5；类型: 对丝,个,1,可建档,高压接头24*1.5对丝,Sheet1:2404,材质/压力等级缺失,REVIEW-MAT-01500,single_candidate;low_precision,0.70,true
REVIEW-MAT-01501,高压对丝接头,液压/高压管路,液压气动/液压管路/高压胶管,螺纹: 30*2；类型: 对丝,个,1,可建档,高压接头30*2对丝,Sheet1:2405,材质/压力等级缺失,REVIEW-MAT-01501,single_candidate;low_precision,0.70,true
REVIEW-MAT-01502,高压对丝接头,液压/高压管路,液压气动/液压管路/高压胶管,螺纹: 36*2；类型: 对丝,个,1,可建档,高压接头36*2对丝,Sheet1:2406,材质/压力等级缺失,REVIEW-MAT-01502,single_candidate;low_precision,0.70,true
REVIEW-MAT-01503,高压对丝接头,液压/高压管路,液压气动/液压管路/高压胶管,螺纹: 52*2；类型: 对丝,个,1,可建档,高压接头52*2对丝,Sheet1:2407,材质/压力等级缺失,REVIEW-MAT-01503,single_candidate;low_precision,0.70,true
REVIEW-MAT-01504,O型圈套装,密封件/O型圈,密封件/橡胶密封/O型圈油封,品牌: 派克；套装: ABC,盒,1,可建档,派克O型圈套装ABC,Sheet1:2409,材质/规格明细/系列缺失,REVIEW-MAT-01504,single_candidate;low_precision,0.70,true
REVIEW-MAT-01505,弹性销,紧固件/销,紧固件/其他/销,规格: M4*28；类型: 弹性销,个,1,可建档,弹性销M4*28,Sheet1:2410,材质/标准缺失,REVIEW-MAT-01505,single_candidate;low_precision;human_review_group,0.65,true
REVIEW-MAT-01506,弹性销,紧固件/销,紧固件/其他/销,规格: M6*28；类型: 弹性销,个,1,可建档,弹性销M6*28,Sheet1:2411,材质/标准缺失,REVIEW-MAT-01506,single_candidate;low_precision;human_review_group,0.65,true
REVIEW-MAT-01507,T型螺丝套件,紧固件/螺丝套件,紧固件/螺纹紧固件/螺丝螺栓,规格: M16*50；类型: T型螺丝；套件: 平垫+弹垫+螺母,套,1,可建档,T型螺丝M16*50平弹帽,Sheet1:2412,材质/强度等级/套件明细需确认,REVIEW-MAT-01507,single_candidate,1.00,false
REVIEW-MAT-01508,注浆泵连杆压力表,注浆设备/配件,工程建材/保温防水/防水堵漏,设备: 注浆泵；部件: 连杆压力表；量程: 16MPa,个,1,可建档,注浆泵连杆压力表16MPa,Sheet1:2413,适配型号/接口/精度缺失,REVIEW-MAT-01508,single_candidate;low_precision,0.70,true
REVIEW-MAT-01509,离心机滤网,定制件/设备滤网,设备备件与加工件/金属加工件/金属加工件,定制: 是；适配设备: 离心机；尺寸: 1.4米*0.31米*0.72米,个,2,可合并 | 可建档-定制件,定做离心机滤网1.4米*0.31米*0.72米；订做离心机滤网1.4米*0.31米*0.72米,Sheet1:2415；Sheet1:2935,材质/目数/图纸缺失 | 与2413同类，材质/目数/图纸缺失,REVIEW-MAT-01509,single_candidate;source_status_contains_merge;low_precision,0.70,true
REVIEW-MAT-01510,抗盐膨润土,化工原料/膨润土,化工油漆胶粘/其他/膨润土,类型: 抗盐膨润土,t,1,可建档,抗盐膨润土,Sheet1:2416,指标/厂家/包装缺失,REVIEW-MAT-01510,single_candidate;low_precision;human_review_group,0.65,true
REVIEW-MAT-01511,T型螺丝套件,紧固件/螺丝套件,紧固件/螺纹紧固件/螺丝螺栓,规格: M16*100；类型: T型螺丝；套件: 平垫+弹垫+螺母,套,1,可建档,T型螺丝M16*100平弹帽,Sheet1:2417,材质/强度等级/套件明细需确认,REVIEW-MAT-01511,single_candidate,1.00,false
REVIEW-MAT-01512,重型高压接头,液压/高压管路,液压气动/液压管路/高压胶管,规格: 36*2；类型: 重型高压接头,个,1,可建档,重型高压接头36*2,Sheet1:2418,材质/压力等级/连接形式缺失,REVIEW-MAT-01512,single_candidate;low_precision,0.70,true
REVIEW-MAT-01513,电磁阀,阀门/电磁阀,阀门/控制阀门/电磁气动阀,进口: 是；型号: 2622200,个,2,可合并 | 可建档,进口电磁阀2622200,Sheet1:2419；Sheet1:2433,品牌/电压/接口/介质缺失 | 与2417同类，品牌/电压/接口缺失,REVIEW-MAT-01513,single_candidate;source_status_contains_merge;low_precision,0.70,true
REVIEW-MAT-01514,重型管夹加工件,定制件/管夹卡箍,设备备件与加工件/金属加工件/金属加工件,加工: 是；类型: 重型管夹；规格: 60,个,1,可建档-定制件,加工重型管夹60,Sheet1:2421,材质/图纸/安装孔距缺失,REVIEW-MAT-01514,single_candidate;low_precision,0.70,true
REVIEW-MAT-01515,聚氨酯密封胶,化工耗材/密封胶,化工油漆胶粘/胶粘密封/胶粘剂,品牌: 普赛达；材料: 聚氨酯,支,2,可合并,普赛达聚氨酯密封胶,Sheet1:2422；Sheet1:2432,与2383同类，容量/型号缺失 | 与2420同类，容量/型号缺失,REVIEW-MAT-01515,single_candidate;source_status_contains_merge;low_precision,0.70,true
REVIEW-MAT-01516,超高压接头,液压/超高压管路,液压气动/液压管路/高压胶管,品牌: 日东；系列/规格: 38S；等级: 超高压,套,1,可建档,日东超高压接头38S,Sheet1:2423,接头形式/压力等级/材质缺失,REVIEW-MAT-01516,single_candidate;low_precision,0.70,true
REVIEW-MAT-01517,超高压接头,液压/超高压管路,液压气动/液压管路/高压胶管,品牌: 日东；系列/规格: 42L；等级: 超高压,套,1,可建档,日东超高压接头42L,Sheet1:2424,接头形式/压力等级/材质缺失,REVIEW-MAT-01517,single_candidate;low_precision,0.70,true
REVIEW-MAT-01518,超高压液压接头,液压/超高压管路,液压气动/液压管路/高压胶管,品牌: 派克；系列/规格: 24S；等级: 超高压,套,1,可建档,派克超高压液压接头24S,Sheet1:2425,接头形式/压力等级/材质缺失,REVIEW-MAT-01518,single_candidate;low_precision,0.70,true
REVIEW-MAT-01519,胶管总成,液压/高压管路,液压气动/液压管路/高压胶管,规格: 36*2H；层数: 2层；长度: 3米,条,1,可建档,胶管36*2H-2层-3米,Sheet1:2426,H含义/压力等级/接头形式缺失,REVIEW-MAT-01519,single_candidate;low_precision,0.70,true
REVIEW-MAT-01520,胶管总成,液压/高压管路,液压气动/液压管路/高压胶管,规格: 36*2H；层数: 2层；长度: 2米,条,1,可建档,胶管36*2H-2层-2米,Sheet1:2427,H含义/压力等级/接头形式缺失,REVIEW-MAT-01520,single_candidate;low_precision,0.70,true
REVIEW-MAT-01521,高压内丝接头,液压/高压管路,液压气动/液压管路/高压胶管,规格: 36*2H；连接: 内丝,个,1,可建档,高压内丝接头36*2H,Sheet1:2428,H含义/材质/压力等级缺失,REVIEW-MAT-01521,single_candidate;low_precision,0.70,true
REVIEW-MAT-01522,抗盐膨润土,化工原料/膨润土,化工油漆胶粘/其他/膨润土,类型: 抗盐膨润土,吨,11,可合并,抗盐膨润土,Sheet1:2429；Sheet1:2435；Sheet1:2438；Sheet1:2440；Sheet1:2441；Sheet1:2442；Sheet1:2443；Sheet1:2445；Sheet1:2446；Sheet1:2447；Sheet1:3319,与2414同类，指标/厂家缺失,REVIEW-MAT-01522,single_candidate;source_status_contains_merge;low_precision;human_review_group,0.65,true
REVIEW-MAT-01523,T型螺丝套件,紧固件/螺丝套件,紧固件/螺纹紧固件/螺丝螺栓,规格: M16*50；套件: 平垫+弹垫+螺母,套,1,可合并,T型螺丝M16*50平弹帽,Sheet1:2430,与2410同类，材质/强度等级缺失,REVIEW-MAT-01523,single_candidate;source_status_contains_merge;low_precision,0.70,true
REVIEW-MAT-01524,加厚垫片,紧固件/垫圈,紧固件/螺纹紧固件/螺母垫圈,规格: M18*50*60mm；特征: 加厚,个,1,可建档,加厚垫片M18*50*60mm,Sheet1:2431,内径/外径/厚度字段需拆清，材质缺失,REVIEW-MAT-01524,single_candidate;low_precision,0.70,true
REVIEW-MAT-01525,六联管夹加工件,定制件/管夹卡箍,设备备件与加工件/金属加工件/金属加工件,加工: 是；联数: 六联；规格: 35,个,1,可建档-定制件,加工六联管夹35,Sheet1:2434,材质/图纸/安装孔距缺失,REVIEW-MAT-01525,single_candidate;low_precision,0.70,true
REVIEW-MAT-01526,加厚风筒,定制件/通风风筒,设备备件与加工件/金属加工件/金属加工件,加工: 是；直径: 600；长度: 20米；特征: 加厚,条,1,可建档-定制件,加工加厚风筒600*20米,Sheet1:2436,材质/连接方式/阻燃等级缺失,REVIEW-MAT-01526,single_candidate;low_precision,0.70,true
REVIEW-MAT-01527,加厚风筒,定制件/通风风筒,设备备件与加工件/金属加工件/金属加工件,加工: 是；直径: 600；长度: 10米；特征: 加厚,条,1,可建档-定制件,加工加厚风筒600*10米,Sheet1:2437,材质/连接方式/阻燃等级缺失,REVIEW-MAT-01527,single_candidate;low_precision,0.70,true
REVIEW-MAT-01528,密封胶,化工耗材/密封胶,化工油漆胶粘/胶粘密封/胶粘剂,品牌: 普赛达,支,1,可合并,普赛达密封胶,Sheet1:2439,是否聚氨酯密封胶及容量需确认,REVIEW-MAT-01528,single_candidate;source_status_contains_merge,1.00,false
REVIEW-MAT-01529,螺纹钢,钢材/螺纹钢,金属原材料/钢材型材/钢材型材,规格: 20E；长度: 12米,t,1,可建档,螺纹钢20E*12米,Sheet1:2444,20E含义/材质牌号/执行标准缺失,REVIEW-MAT-01529,single_candidate;low_precision,0.70,true
REVIEW-MAT-01530,工字钢,钢材/型钢,金属原材料/钢材型材/钢材型材,规格: 14#,米,2,可合并 | 可建档,工字钢14#,Sheet1:2448；Sheet1:3199,材质/长度/理论重量/标准缺失 | 与2446同类，材质/标准缺失,REVIEW-MAT-01530,single_candidate;source_status_contains_merge;low_precision,0.70,true
REVIEW-MAT-01531,液压油,油品/液压油,化工油漆胶粘/其他/液压油,进口: 是；包装: 10L,桶,1,可建档,进口液压油10L,Sheet1:2449,粘度等级/品牌/型号缺失,REVIEW-MAT-01531,single_candidate;low_precision;human_review_group,0.65,true
REVIEW-MAT-01532,电机,设备备件/电机,设备备件与加工件/设备专用备件/设备备件,功率: 5.5kW,台,1,可建档,电机5.5KW,Sheet1:2450,电压/转速/安装方式/防护等级缺失,REVIEW-MAT-01532,single_candidate;low_precision,0.70,true
REVIEW-MAT-01533,管道泵,设备备件/泵,设备备件与加工件/设备专用备件/设备备件,功率: 5.5kW；口径/规格: 50,台,1,可建档,管道泵5.5KW-50,Sheet1:2451,流量/扬程/型号缺失,REVIEW-MAT-01533,single_candidate;low_precision,0.70,true
REVIEW-MAT-01534,不锈钢高压球阀,阀门/球阀,阀门/通用阀门/球阀,材质: 不锈钢；用途: 液压；规格: 1寸,个,1,可建档,不锈钢液压高压球阀1寸,Sheet1:2452,压力等级/连接形式/材质牌号缺失,REVIEW-MAT-01534,single_candidate;low_precision,0.70,true
REVIEW-MAT-01535,液压高压外丝接头,液压/高压管路,液压气动/液压管路/高压胶管,规格: 1寸；连接: 外丝；用途: 液压高压,个,1,可建档,液压高压外丝接头1寸,Sheet1:2453,材质/压力等级/螺纹制式缺失,REVIEW-MAT-01535,single_candidate;low_precision,0.70,true
REVIEW-MAT-01536,弹簧式安全阀,阀门/安全阀,阀门/其他/安全阀,型号: A28H-64；公称通径: DN32；结构: 弹簧式,个,1,可建档,弹簧式安全阀A28H-64-DN32,Sheet1:2454,整定压力/介质/材质缺失,REVIEW-MAT-01536,single_candidate;low_precision;human_review_group,0.65,true
REVIEW-MAT-01537,通丝螺杆,建筑施工耗材/紧固件,工程建材/其他/紧固件,规格: 14*700；类型: 通丝,个,1,可建档,通丝14*700,Sheet1:2455,材质/表面处理/牙距缺失,REVIEW-MAT-01537,single_candidate;low_precision;human_review_group,0.65,true
REVIEW-MAT-01538,山型卡,建筑施工耗材/模板配件,工程建材/其他/模板配件,类型: 山型卡,个,1,可建档,山型卡,Sheet1:2456,规格/材质/适配通丝缺失,REVIEW-MAT-01538,single_candidate;low_precision;human_review_group,0.65,true
REVIEW-MAT-01539,木方,建筑材料/木材,工程建材/其他/木材,长度: 4米；截面: 40*90,根,1,可建档,木方4米*40*90,Sheet1:2458,木材等级/材质缺失,REVIEW-MAT-01539,single_candidate;low_precision;human_review_group,0.65,true
REVIEW-MAT-01540,建筑模板,建筑材料/模板,工程建材/其他/模板,颜色: 黑；尺寸: 1830*915*14,张,1,可建档,黑模板1830*915*14,Sheet1:2459,材质/覆膜/周转次数缺失,REVIEW-MAT-01540,single_candidate;low_precision;human_review_group,0.65,true
REVIEW-MAT-01541,建筑模板,建筑材料/模板,工程建材/其他/模板,颜色: 红；尺寸: 1830*915*14,张,1,可建档,红模板1830*915*14,Sheet1:2460,材质/覆膜/周转次数缺失,REVIEW-MAT-01541,single_candidate;low_precision;human_review_group,0.65,true
REVIEW-MAT-01542,油性聚氨酯,化工原料/堵漏材料,化工油漆胶粘/其他/堵漏材料,类型: 油性；材料: 聚氨酯；包装: 10KG,桶,1,可建档,油性聚氨酯10KG,Sheet1:2461,品牌/用途/SDS缺失,REVIEW-MAT-01542,single_candidate;low_precision;human_review_group,0.65,true
REVIEW-MAT-01543,丙酮,化工原料/溶剂,化工油漆胶粘/其他/溶剂,品名: 丙酮；包装: 10KG,桶,1,可建档,丙酮10KG,Sheet1:2462,危化品属性/纯度/SDS缺失,REVIEW-MAT-01543,single_candidate;low_precision;human_review_group,0.65,true
REVIEW-MAT-01544,钻头,工具/钻头,工具器具/工具耗材/钻头,品牌: 博世；柄型: 五坑三槽；直径: Φ12；长度: 200,支,1,可建档,博世五坑三槽钻头Φ12*200,Sheet1:2464,材质/适配电锤型号缺失,REVIEW-MAT-01544,single_candidate;low_precision,0.70,true
REVIEW-MAT-01545,注浆止水针头,注浆设备/耗材,工程建材/保温防水/防水堵漏,长度: 150mm；用途: 注浆止水,支,1,可建档,注浆止水针头150mm,Sheet1:2465,直径/接口/材质缺失,REVIEW-MAT-01545,single_candidate;low_precision,0.70,true
REVIEW-MAT-01546,注浆止水针头,注浆设备/耗材,工程建材/保温防水/防水堵漏,长度: 100mm；用途: 注浆止水,支,1,可建档,注浆止水针头100mm,Sheet1:2466,直径/接口/材质缺失,REVIEW-MAT-01546,single_candidate;low_precision,0.70,true
REVIEW-MAT-01547,高压注浆机,设备/注浆设备,设备备件与加工件/其他/注浆设备,类型: 高压注浆机,台,1,可建档,高压注浆机,Sheet1:2467,品牌/型号/压力/功率缺失,REVIEW-MAT-01547,single_candidate;low_precision;human_review_group,0.65,true
REVIEW-MAT-01548,注浆管套装,注浆设备/配件,工程建材/保温防水/防水堵漏,长度: 5米；包含: 配件,套,1,可建档,注浆管5米带配件,Sheet1:2468,管径/压力等级/配件清单缺失,REVIEW-MAT-01548,single_candidate;low_precision,0.70,true
REVIEW-MAT-01549,PVC直接,管件/PVC管件,管道管件/塑料管件/PVC管件,品牌: 公元；材质: PVC；规格: 315；类型: 直接,个,1,可建档,公元PVC315直接,Sheet1:2516,压力等级/连接方式缺失,REVIEW-MAT-01549,single_candidate;low_precision,0.70,true
REVIEW-MAT-01550,PVC弯头,管件/PVC管件,管道管件/塑料管件/PVC管件,品牌: 公元；材质: PVC；规格: 315；角度: 45度,个,1,可建档,公元PVC315/45度弯头,Sheet1:2517,压力等级/连接方式缺失,REVIEW-MAT-01550,single_candidate;low_precision,0.70,true
REVIEW-MAT-01551,PVC弯头,管件/PVC管件,管道管件/塑料管件/PVC管件,品牌: 公元；材质: PVC；规格: 315；角度: 90度,个,1,可建档,公元PVC315/90度弯头,Sheet1:2518,压力等级/连接方式缺失,REVIEW-MAT-01551,single_candidate;low_precision,0.70,true
REVIEW-MAT-01552,PVC胶水,胶粘剂/PVC胶水,化工油漆胶粘/胶粘密封/胶粘剂,品牌: 公元；包装: 1KG；用途: PVC粘接,瓶,1,可建档,公元胶水1KG,Sheet1:2519,型号/适用材质缺失,REVIEW-MAT-01552,single_candidate;low_precision,0.70,true
REVIEW-MAT-01553,钻头,工具/钻头,工具器具/工具耗材/钻头,品牌: 博世；规格: M14*260,支,1,可建档,博世钻头m14*260,Sheet1:2521,M14是否直径Φ14需确认，柄型/材质缺失,REVIEW-MAT-01553,single_candidate;low_precision,0.70,true
REVIEW-MAT-01554,冲孔冲头,工具/冲头,工具器具/其他/冲头,直径: Φ14；长度: 150,支,1,可建档,冲孔冲Φ14*150,Sheet1:2522,材质/适配冲孔机缺失,REVIEW-MAT-01554,single_candidate;low_precision;human_review_group,0.65,true
REVIEW-MAT-01555,冲孔冲头,工具/冲头,工具器具/其他/冲头,直径: Φ16；长度: 150,支,1,可建档,冲孔冲Φ16*150,Sheet1:2523,材质/适配冲孔机缺失,REVIEW-MAT-01555,single_candidate;low_precision;human_review_group,0.65,true
REVIEW-MAT-01556,灭火器,安全消防/灭火器,消防器材/灭火器与水带/灭火器,灭火剂重量: 2KG,瓶,5,可合并 | 可建档,灭火器2KG；灭火器2kg,Sheet1:2524；Sheet1:2764；Sheet1:2840；Sheet1:3473；Sheet1:3559,类型/介质/年检信息缺失 | 与2522同类，类型/年检信息缺失 | 与3473同类，类型/年检信息缺失,REVIEW-MAT-01556,single_candidate;source_status_contains_merge;low_precision;human_review_group,0.65,true
REVIEW-MAT-01557,三通,管件/金属管件,管道管件/其他/金属管件,公称通径: DN50；类型: 三通,个,1,可建档,DN50三通,Sheet1:2525,材质/连接方式/压力等级缺失,REVIEW-MAT-01557,single_candidate;low_precision;human_review_group,0.65,true
REVIEW-MAT-01558,三通,管件/金属管件,管道管件/其他/金属管件,公称通径: DN65；类型: 三通,个,1,可建档,DN65三通,Sheet1:2526,材质/连接方式/压力等级缺失,REVIEW-MAT-01558,single_candidate;low_precision;human_review_group,0.65,true
REVIEW-MAT-01559,带灯按钮开关,电气/按钮开关,电气与自动化/低压电器/开关按钮,品牌: 施耐德；类型: 带灯按钮开关,个,1,可建档,施耐德灯带按钮开关,Sheet1:2527,电压/颜色/触点形式/型号缺失,REVIEW-MAT-01559,single_candidate;low_precision,0.70,true
REVIEW-MAT-01560,电流表,仪表/电气仪表,仪器仪表/其他/电气仪表,变比: 600/5A；类型: 电流表,个,1,可建档,电流表600/5A,Sheet1:2528,表径/精度/安装方式缺失,REVIEW-MAT-01560,single_candidate;low_precision;human_review_group,0.65,true
REVIEW-MAT-01561,重型矿井卡箍,管夹/卡箍,管道管件/管道紧固/管夹卡箍,品牌: 迈克；规格: DN150；类型: 重型矿井卡箍,个,1,可建档,迈克重型矿井卡箍DN150,Sheet1:2529,材质/压力等级/密封圈规格缺失,REVIEW-MAT-01561,single_candidate;low_precision,0.70,true
REVIEW-MAT-01562,膨胀螺丝,紧固件/膨胀螺丝,紧固件/螺纹紧固件/螺丝螺栓,规格: M12*100,支,1,可建档,膨胀螺丝M12*100,Sheet1:2530,材质/表面处理缺失,REVIEW-MAT-01562,single_candidate;low_precision,0.70,true
REVIEW-MAT-01563,液压对丝接头,液压/高压管路,液压气动/液压管路/高压胶管,螺纹: M20*1.5；类型: 对丝,个,1,可建档,液压接头m20*1.5对丝,Sheet1:2531,原始小写m保留，材质/压力等级缺失,REVIEW-MAT-01563,single_candidate;low_precision,0.70,true
REVIEW-MAT-01564,自喷漆,油漆涂料/自喷漆,化工油漆胶粘/油漆涂料/涂料油漆,颜色: 绿色,瓶,1,可建档,绿色自喷漆,Sheet1:2532,品牌/容量/色号缺失,REVIEW-MAT-01564,single_candidate;low_precision,0.70,true
REVIEW-MAT-01565,三通,管件/金属管件,管道管件/其他/金属管件,公称通径: DN40；类型: 三通,个,1,可建档,DN40三通,Sheet1:2533,材质/连接方式/压力等级缺失,REVIEW-MAT-01565,single_candidate;low_precision;human_review_group,0.65,true
REVIEW-MAT-01566,冷暖空调,行政后勤/空调设备,行政办公与清洁/其他/空调设备,品牌: 美的；匹数: 大1.5匹；功能: 冷暖,台,1,可建档,美的大1.5匹冷暖空调,Sheet1:2535,型号/能效等级缺失,REVIEW-MAT-01566,single_candidate;low_precision;human_review_group,0.65,true
REVIEW-MAT-01567,自喷漆,油漆涂料/自喷漆,化工油漆胶粘/油漆涂料/涂料油漆,颜色: 中黄,瓶,1,可建档,中黄自喷漆,Sheet1:2536,品牌/容量/色号缺失,REVIEW-MAT-01567,single_candidate;low_precision,0.70,true
REVIEW-MAT-01568,透明PC板,塑料板材/PC板,工程建材/板材型材/板材,材质: PC；颜色: 透明；尺寸: 1m*1.5m；厚度: 3mm,块,1,可建档,透明PC板1m*1.5m*3mm,Sheet1:2539,品牌/等级缺失,REVIEW-MAT-01568,single_candidate;low_precision,0.70,true
REVIEW-MAT-01569,封箱胶带,包装材料/胶带,包装与标识/胶带标签/胶带,类型: 封箱带,卷,1,可建档,封箱带,Sheet1:2541,宽度/长度/颜色缺失,REVIEW-MAT-01569,single_candidate;low_precision,0.70,true
REVIEW-MAT-01570,记号笔,办公用品/书写工具,行政办公与清洁/办公用品/文具书写,品牌: 得力；颜色: 黑色,支,1,可建档,得力黑色记号笔,Sheet1:2542,型号/粗细缺失,REVIEW-MAT-01570,single_candidate;low_precision,0.70,true
REVIEW-MAT-01571,防锈漆,油漆涂料/防锈漆,化工油漆胶粘/油漆涂料/涂料油漆,品牌: 立邦；颜色: 白色；包装: 18KG,桶,3,可合并 | 可建档,立邦白色防锈漆18KG；立邦白色防锈漆18kg,Sheet1:2543；Sheet1:2627；Sheet1:2977,型号/适用底材缺失 | 与2541同类，型号/SDS缺失,REVIEW-MAT-01571,single_candidate;source_status_contains_merge;low_precision,0.70,true
REVIEW-MAT-01572,稀释剂,油漆涂料/稀释剂,化工油漆胶粘/油漆涂料/涂料油漆,品牌: 立邦；包装: 12KG,桶,1,可建档,立邦稀释剂12KG,Sheet1:2544,型号/适配漆种/SDS缺失,REVIEW-MAT-01572,single_candidate;low_precision,0.70,true
REVIEW-MAT-01573,带盖整理箱,行政后勤/收纳用品,行政办公与清洁/其他/收纳用品,尺寸: 800*800*600；配置: 带盖,个,1,可建档,整理箱带盖800*800*600,Sheet1:2545,材质/容量缺失,REVIEW-MAT-01573,single_candidate;low_precision;human_review_group,0.65,true
REVIEW-MAT-01574,钻头,工具/钻头,工具器具/工具耗材/钻头,品牌: 博世；规格: M12*200,支,1,可建档,博世钻头m12*200,Sheet1:2546,M12是否直径Φ12需确认，柄型/材质缺失,REVIEW-MAT-01574,single_candidate;low_precision,0.70,true
REVIEW-MAT-01575,钻头,工具/钻头,工具器具/工具耗材/钻头,品牌: 博世；规格: M14*200,支,1,可建档,博世钻头m14*200,Sheet1:2547,M14是否直径Φ14需确认，柄型/材质缺失,REVIEW-MAT-01575,single_candidate;low_precision,0.70,true
REVIEW-MAT-01576,角钢,钢材/型钢,金属原材料/钢材型材/钢材型材,规格: 40*40,根,1,可建档,角铁40*40,Sheet1:2548,厚度/长度/材质缺失,REVIEW-MAT-01576,single_candidate;low_precision,0.70,true
REVIEW-MAT-01577,胶管总成,液压/高压管路,液压气动/液压管路/高压胶管,螺纹/规格: 36*2；层数: 2层；长度: 2.5米,根,1,可建档,胶管36*2-2层-2.5米,Sheet1:2549,压力等级/接头形式缺失,REVIEW-MAT-01577,single_candidate;low_precision,0.70,true
REVIEW-MAT-01578,胶管总成,液压/高压管路,液压气动/液压管路/高压胶管,螺纹/规格: 36*2；层数: 2层；长度: 10米,根,1,可建档,胶管36*2-2层-10米,Sheet1:2553,压力等级/接头形式缺失,REVIEW-MAT-01578,single_candidate;low_precision,0.70,true
REVIEW-MAT-01579,胶管总成,液压/高压管路,液压气动/液压管路/高压胶管,螺纹/规格: 36*2；层数: 2层；长度: 11米,根,1,可建档,胶管36*2-2层-11米,Sheet1:2554,压力等级/接头形式缺失,REVIEW-MAT-01579,single_candidate;low_precision,0.70,true
REVIEW-MAT-01580,胶管总成,液压/高压管路,液压气动/液压管路/高压胶管,螺纹/规格: 36*2；层数: 2层；长度: 15米,根,1,可建档,胶管36*2-2层-15米,Sheet1:2555,压力等级/接头形式缺失,REVIEW-MAT-01580,single_candidate;low_precision,0.70,true
REVIEW-MAT-01581,重型管夹,管夹/管路固定件,管道管件/管道紧固/管夹卡箍,规格: 36；类型: 重型管夹,个,1,可建档,重型管夹36,Sheet1:2556,材质/安装孔距缺失,REVIEW-MAT-01581,single_candidate;low_precision,0.70,true
REVIEW-MAT-01582,重型六联管夹,管夹/管路固定件,管道管件/管道紧固/管夹卡箍,联数: 6联；类型: 重型,组,1,可建档,重型6联管夹,Sheet1:2557,规格/材质/安装孔距缺失,REVIEW-MAT-01582,single_candidate;low_precision,0.70,true
REVIEW-MAT-01584,变径对丝接头,液压/高压管路,液压气动/液压管路/高压胶管,规格: 25*2/36*2；类型: 变径对丝,个,1,可建档,变径对丝25*2/36*2,Sheet1:2559,材质/压力等级/螺纹标准缺失,REVIEW-MAT-01584,single_candidate;low_precision,0.70,true
REVIEW-MAT-01585,胶管总成,液压/高压管路,液压气动/液压管路/高压胶管,螺纹: M20*1.5；层数: 2层；长度: 1米,根,1,可建档,胶管M20*1.5-2层-1米,Sheet1:2562,压力等级/接头形式缺失,REVIEW-MAT-01585,single_candidate;low_precision,0.70,true
REVIEW-MAT-01586,胶管总成,液压/高压管路,液压气动/液压管路/高压胶管,螺纹: M20*1.5；层数: 2层；长度: 0.5米,根,1,可建档,胶管M20*1.5-2层-0.5米,Sheet1:2563,压力等级/接头形式缺失,REVIEW-MAT-01586,single_candidate;low_precision,0.70,true
REVIEW-MAT-01587,三通接头,液压/高压管路,液压气动/液压管路/高压胶管,螺纹: 20*1.5；类型: 三通,个,1,可建档,20*1.5三通,Sheet1:2564,材质/压力等级缺失,REVIEW-MAT-01587,single_candidate;low_precision,0.70,true
REVIEW-MAT-01588,对丝接头,液压/高压管路,液压气动/液压管路/高压胶管,螺纹: 20*1.5；类型: 对丝,个,1,可合并,20*1.5对丝,Sheet1:2565,与2401同规格可能同类，材质/压力等级缺失,REVIEW-MAT-01588,single_candidate;source_status_contains_merge;low_precision,0.70,true
REVIEW-MAT-01589,不锈钢室外箱,电气/配电箱壳体,电气与自动化/其他/配电箱壳体,材质: 不锈钢；安装环境: 室外；尺寸: 500*600*300,个,1,可建档,不锈钢室外箱500*600*300,Sheet1:2568,防护等级/板厚缺失,REVIEW-MAT-01589,single_candidate;low_precision;human_review_group,0.65,true
REVIEW-MAT-01590,滤芯,设备备件/过滤器滤芯,设备备件与加工件/过滤密封/过滤件,进口: 是；尺寸: Φ160*505,个,1,可建档,进口滤芯Φ160*505,Sheet1:2570,过滤精度/材质/适配型号缺失,REVIEW-MAT-01590,single_candidate;low_precision,0.70,true
REVIEW-MAT-01591,搅拌机叶轮,设备备件/搅拌机配件,设备备件与加工件/设备专用备件/设备备件,材质: 不锈钢；适配型号: QJB-960S；部件: 叶轮,个,1,可建档,不锈钢搅拌机叶轮QJB-960S,Sheet1:2571,叶轮直径/厂家缺失,REVIEW-MAT-01591,single_candidate;low_precision,0.70,true
REVIEW-MAT-01592,AB胶,胶粘剂/结构胶,化工油漆胶粘/胶粘密封/胶粘剂,品牌: 三和；类型: AB胶,支,1,可建档,三和AB胶,Sheet1:2572,容量/型号/颜色缺失,REVIEW-MAT-01592,single_candidate;low_precision,0.70,true
REVIEW-MAT-01593,五孔插座,电气/插座,电气与自动化/插头插座/插头插座,品牌: 德力西；类型: 五孔插座,个,1,可建档,德力西五孔插座,Sheet1:2573,额定电流/安装方式缺失,REVIEW-MAT-01593,single_candidate;low_precision,0.70,true
REVIEW-MAT-01594,自攻螺丝,紧固件/自攻螺丝,紧固件/螺纹紧固件/螺丝螺栓,规格: M4*10,盒,1,可建档,M4*10自攻丝,Sheet1:2574,每盒数量/材质/头型缺失,REVIEW-MAT-01594,single_candidate;low_precision,0.70,true
REVIEW-MAT-01595,螺丝套件,紧固件/螺丝套件,紧固件/螺纹紧固件/螺丝螺栓,规格: M8*20；类型: 螺丝,套,1,可建档,M8*20螺丝,Sheet1:2575,套包含内容/材质/强度等级缺失,REVIEW-MAT-01595,single_candidate;low_precision,0.70,true
REVIEW-MAT-01596,导轨式五孔插座,电气/插座,电气与自动化/插头插座/插头插座,品牌: 德力西；安装: 导轨式；类型: 五孔插座,个,1,可建档,德力西带导轨五孔插座,Sheet1:2576,额定电流/型号缺失,REVIEW-MAT-01596,single_candidate;low_precision,0.70,true
REVIEW-MAT-01597,不锈钢支架水桶,容器/水桶水箱,行政办公与清洁/生活后勤/生活用品,材质: 304；配置: 支架；容量: 1T,个,1,可建档,304支架水桶1T,Sheet1:2579,尺寸/厚度/接口缺失,REVIEW-MAT-01597,single_candidate;low_precision,0.70,true
REVIEW-MAT-01598,污水井盖,建筑材料/井盖,工程建材/其他/井盖,用途: 污水；规格: 580,个,1,可建档,污水井盖580,Sheet1:2581,材质/承重等级/外径内径缺失,REVIEW-MAT-01598,single_candidate;low_precision;human_review_group,0.65,true
REVIEW-MAT-01599,太阳能4G监控摄像头,弱电安防/监控设备,弱电安防/通信与监控/安防监控,通信: 4G；供电: 太阳能；清晰度: 4K；存储: 30天循环,套,1,可建档,4G太阳能探头4K30天循环,Sheet1:2582,品牌/存储容量/是否含流量卡缺失,REVIEW-MAT-01599,single_candidate;low_precision,0.70,true
REVIEW-MAT-01600,自喷漆,油漆涂料/自喷漆,化工油漆胶粘/油漆涂料/涂料油漆,品牌: 三和；颜色: 灰色,瓶,1,可建档,三和灰色自喷漆,Sheet1:2583,容量/色号缺失,REVIEW-MAT-01600,single_candidate;low_precision,0.70,true
REVIEW-MAT-01601,桶装水抽水器套装,行政后勤/饮水设备,行政办公与清洁/其他/饮水设备,品牌: 子路；包含: 抽水器+充电器,套,1,可建档,子路桶装水抽水器+充电器,Sheet1:2584,型号/电池容量缺失,REVIEW-MAT-01601,single_candidate;low_precision;human_review_group,0.65,true
REVIEW-MAT-01602,工业防潮剂,化工耗材/防潮剂,化工油漆胶粘/其他/防潮剂,用途: 工业；包装: 1KG,包,1,可建档,工业防潮剂1KG,Sheet1:2586,成分/适用范围缺失,REVIEW-MAT-01602,single_candidate;low_precision;human_review_group,0.65,true
REVIEW-MAT-01603,太阳能4G监控套装,弱电安防/监控设备,弱电安防/通信与监控/安防监控,供电: 太阳能；通信: 4G；套装: 三件套,套,1,可建档,太阳能4G监控三件套,Sheet1:2587,三件套明细/品牌/存储缺失,REVIEW-MAT-01603,single_candidate;low_precision,0.70,true
REVIEW-MAT-01604,变频器操作面板,自动化/变频器配件,电气与自动化/其他/变频器配件,部件: 操作面板；适配设备: 变频器,个,1,可建档,变频器操作面板,Sheet1:2588,适配品牌/型号缺失,REVIEW-MAT-01604,single_candidate;low_precision;human_review_group,0.65,true
REVIEW-MAT-01605,胶管总成,液压/高压管路,液压气动/液压管路/高压胶管,规格: 36*2H；层数: 2层；长度: 2.5米,根,1,可建档,胶管36*2H-2层-2.5米,Sheet1:2589,H含义/压力等级/接头形式缺失,REVIEW-MAT-01605,single_candidate;low_precision,0.70,true
REVIEW-MAT-01606,胶管总成,液压/高压管路,液压气动/液压管路/高压胶管,规格: 36*2H；层数: 2层；长度: 1米,根,1,可建档,胶管36*2H-2层-1米,Sheet1:2590,H含义/压力等级/接头形式缺失,REVIEW-MAT-01606,single_candidate;low_precision,0.70,true
REVIEW-MAT-01607,胶管总成,液压/高压管路,液压气动/液压管路/高压胶管,规格: 36*2H；层数: 2层；长度: 3.4米,根,1,可建档,胶管36*2H-2层-3.4米,Sheet1:2591,H含义/压力等级/接头形式缺失,REVIEW-MAT-01607,single_candidate;low_precision,0.70,true
REVIEW-MAT-01608,胶管总成,液压/高压管路,液压气动/液压管路/高压胶管,规格: 36*2H；层数: 2层；长度: 12米,根,1,可建档,胶管36*2H-2层-12米,Sheet1:2592,H含义/压力等级/接头形式缺失,REVIEW-MAT-01608,single_candidate;low_precision,0.70,true
REVIEW-MAT-01609,胶管总成,液压/高压管路,液压气动/液压管路/高压胶管,规格: 36*2H；层数: 2层；长度: 10米,根,1,可建档,胶管36*2H-2层-10米,Sheet1:2593,H含义/压力等级/接头形式缺失,REVIEW-MAT-01609,single_candidate;low_precision,0.70,true
REVIEW-MAT-01610,胶管总成,液压/高压管路,液压气动/液压管路/高压胶管,规格: 36*2H；层数: 2层；长度: 11米,根,1,可建档,胶管36*2H-2层-11米,Sheet1:2594,H含义/压力等级/接头形式缺失,REVIEW-MAT-01610,single_candidate;low_precision,0.70,true
REVIEW-MAT-01611,胶管总成,液压/高压管路,液压气动/液压管路/高压胶管,规格: 36*2H；层数: 2层；长度: 14米,根,1,可建档,胶管36*2H-2层-14米,Sheet1:2595,H含义/压力等级/接头形式缺失,REVIEW-MAT-01611,single_candidate;low_precision,0.70,true
REVIEW-MAT-01612,螺纹锁固胶,胶粘剂/螺纹锁固胶,化工油漆胶粘/胶粘密封/胶粘剂,品牌: 乐泰；型号: 243,个,2,可合并 | 可建档,乐泰243胶水,Sheet1:2596；Sheet1:2601,容量/包装单位需确认 | 与2594同类，容量/包装单位需确认,REVIEW-MAT-01612,single_candidate;source_status_contains_merge,1.00,false
REVIEW-MAT-01613,百兆交换机,弱电安防/网络设备,弱电安防/通信与监控/通信设备,品牌: 海康威视；端口: 5口；速率: 百兆,台,1,可建档,海康威视5口百兆交换机,Sheet1:2599,是否PoE/型号缺失,REVIEW-MAT-01613,single_candidate;low_precision,0.70,true
REVIEW-MAT-01614,刀开关手柄,电气/开关配件,电气与自动化/低压电器/开关按钮,型号: HD13；额定电流: 1000A；部件: 手柄,套,1,可建档,HD13刀开关手柄1000A,Sheet1:2600,适配刀开关规格/厂家缺失,REVIEW-MAT-01614,single_candidate;low_precision,0.70,true
REVIEW-MAT-01615,带盖方桶,容器/塑料桶,行政办公与清洁/生活后勤/生活用品,材质: 牛筋；容量: 6L；配置: 带盖；地点备注: 蕰川路,个,1,可建档,牛筋带盖方桶6L(蕰川路)；牛筋带盖方桶6L（蕰川路）,Sheet1:2602,地点不进标准名，尺寸/颜色缺失,REVIEW-MAT-01615,single_candidate;low_precision,0.70,true
REVIEW-MAT-01616,加厚油布,覆盖材料/油布,工程建材/其他/油布,尺寸: 12米*12米；特征: 加厚,m2,1,可建档,加厚油布12米*12米,Sheet1:2613,材质/克重/防水等级缺失,REVIEW-MAT-01616,single_candidate;low_precision;human_review_group,0.65,true
REVIEW-MAT-01617,加厚油布,覆盖材料/油布,工程建材/其他/油布,尺寸: 10米*8米；特征: 加厚,m2,1,可建档,加厚油布10米*8米,Sheet1:2614,材质/克重/防水等级缺失,REVIEW-MAT-01617,single_candidate;low_precision;human_review_group,0.65,true
REVIEW-MAT-01618,油漆滚筒,涂装工具/滚筒,工具器具/涂装工具/刷辊喷涂,规格: 大号；用途: 油漆,个,3,可合并 | 可建档,大油漆滚筒；油漆滚筒大号,Sheet1:2616；Sheet1:2630；Sheet1:2696,尺寸/毛长缺失 | 与2614同类，尺寸/毛长缺失 | 与2614同类,REVIEW-MAT-01618,single_candidate;source_status_contains_merge;low_precision,0.70,true
REVIEW-MAT-01619,彩条布,覆盖材料/彩条布,工程建材/其他/彩条布,颜色: 三色；尺寸: 4m*30m,m2,1,可建档,三色彩条布4m*30m,Sheet1:2617,克重/材质缺失,REVIEW-MAT-01619,single_candidate;low_precision;human_review_group,0.65,true
REVIEW-MAT-01620,泥桶,施工工具/桶具,工具器具/其他/桶具,用途: 泥浆/砂浆,个,5,可合并 | 可建档,泥桶,Sheet1:2618；Sheet1:2635；Sheet1:2714；Sheet1:3139；Sheet1:3426,容量/材质缺失 | 与2616同类，容量/材质缺失 || 与2616同类，容量/材质缺失,REVIEW-MAT-01620；REVIEW-MAT-01988,exact_name_group_unit_specs;source_status_contains_merge;low_precision;human_review_group,0.65,true
REVIEW-MAT-01621,羊毛刷,涂装工具/刷子,工具器具/涂装工具/刷辊喷涂,规格: 3寸；材质: 羊毛,把,5,可合并 | 可建档,羊毛刷3寸,Sheet1:2619；Sheet1:2632；Sheet1:2710；Sheet1:2758；Sheet1:2845,柄型/等级缺失 | 与2617同类,REVIEW-MAT-01621,single_candidate;source_status_contains_merge;low_precision,0.70,true
REVIEW-MAT-01622,防锈漆,油漆涂料/防锈漆,化工油漆胶粘/油漆涂料/涂料油漆,品牌: 立邦；颜色: 桔黄色；包装: 18kg,桶,1,可建档,立邦桔黄色防锈漆18kg,Sheet1:2620,型号/SDS缺失,REVIEW-MAT-01622,single_candidate;low_precision,0.70,true
REVIEW-MAT-01623,松香水,油漆涂料/稀释清洗剂,化工油漆胶粘/油漆涂料/涂料油漆,包装: 12KG；类型: 松香水,桶,1,可建档,松香水12KG,Sheet1:2621,品牌/用途/SDS缺失,REVIEW-MAT-01623,single_candidate;low_precision,0.70,true
REVIEW-MAT-01624,防锈漆,油漆涂料/防锈漆,化工油漆胶粘/油漆涂料/涂料油漆,品牌: 立邦；颜色: 深黄；包装: 18KG,桶,1,可建档,立邦深黄防锈漆18KG,Sheet1:2622,型号/SDS缺失,REVIEW-MAT-01624,single_candidate;low_precision,0.70,true
REVIEW-MAT-01625,防锈漆,油漆涂料/防锈漆,化工油漆胶粘/油漆涂料/涂料油漆,品牌: 立邦；颜色: 黑色；包装: 18KG,桶,1,可建档,立邦黑色防锈漆18KG,Sheet1:2623,型号/SDS缺失,REVIEW-MAT-01625,single_candidate;low_precision,0.70,true
REVIEW-MAT-01626,防锈漆,油漆涂料/防锈漆,化工油漆胶粘/油漆涂料/涂料油漆,品牌: 立邦；颜色: 大红；包装: 18KG,桶,1,可建档,立邦大红防锈漆18KG,Sheet1:2624,型号/SDS缺失,REVIEW-MAT-01626,single_candidate;low_precision,0.70,true
REVIEW-MAT-01627,防锈漆,油漆涂料/防锈漆,化工油漆胶粘/油漆涂料/涂料油漆,品牌: 立邦；颜色: 淡黄灰；包装: 18KG,桶,1,可建档,立邦淡黄灰防锈漆18KG,Sheet1:2625,型号/SDS缺失,REVIEW-MAT-01627,single_candidate;low_precision,0.70,true
REVIEW-MAT-01628,防锈漆,油漆涂料/防锈漆,化工油漆胶粘/油漆涂料/涂料油漆,品牌: 立邦；颜色: 桔红；包装: 18KG,桶,1,可建档,立邦桔红防锈漆18KG,Sheet1:2626,型号/SDS缺失,REVIEW-MAT-01628,single_candidate;low_precision,0.70,true
REVIEW-MAT-01629,防锈漆,油漆涂料/防锈漆,化工油漆胶粘/油漆涂料/涂料油漆,品牌: 立邦；颜色: 铁红；包装: 18KG,桶,4,可合并 | 可建档,立邦铁红防锈漆18KG；立邦铁红防锈漆18kg,Sheet1:2628；Sheet1:2786；Sheet1:2829；Sheet1:2849,型号/SDS缺失 | 与2626同类，型号/SDS缺失,REVIEW-MAT-01629,single_candidate;source_status_contains_merge;low_precision,0.70,true
REVIEW-MAT-01630,稀释剂,油漆涂料/稀释剂,化工油漆胶粘/油漆涂料/涂料油漆,包装: 12kg,桶,7,可合并,稀释剂12KG；稀释剂12kg,Sheet1:2629；Sheet1:2683；Sheet1:2695；Sheet1:2831；Sheet1:2838；Sheet1:2850；Sheet1:3429,与2542同类，品牌/适配漆种/SDS缺失 | 与2627同类，品牌/适配漆种/SDS缺失 | 与2627同类，品牌/SDS缺失,REVIEW-MAT-01630,single_candidate;source_status_contains_merge;low_precision,0.70,true
REVIEW-MAT-01631,油漆滚筒,涂装工具/滚筒,工具器具/涂装工具/刷辊喷涂,规格: 小号；用途: 油漆,个,4,可合并 | 可建档,小油漆滚筒；油漆滚筒小号,Sheet1:2631；Sheet1:2697；Sheet1:2716；Sheet1:2725,尺寸/毛长缺失 | 与2629同类 || 与2629同类，单位可统一只 | 与2629同类,REVIEW-MAT-01631；REVIEW-MAT-01696,exact_name_group_unit_specs;source_status_contains_merge;low_precision,0.70,true
REVIEW-MAT-01632,羊毛刷,涂装工具/刷子,工具器具/涂装工具/刷辊喷涂,规格: 2寸；材质: 羊毛,把,4,可合并 | 可建档,羊毛刷2寸,Sheet1:2633；Sheet1:2711；Sheet1:2757；Sheet1:2844,柄型/等级缺失 | 与2631同类,REVIEW-MAT-01632,single_candidate;source_status_contains_merge;low_precision,0.70,true
REVIEW-MAT-01633,不锈钢烟灰桶,行政后勤/清洁用品,行政办公与清洁/清洁用品/清洁工具耗材,材质: 不锈钢；类型: 烟灰桶,个,1,可建档,不锈钢烟灰桶,Sheet1:2634,容量/尺寸缺失,REVIEW-MAT-01633,single_candidate;low_precision,0.70,true
REVIEW-MAT-01634,钢丝轮,磨具磨料/钢丝轮,工具器具/工具耗材/切磨耗材,用途: 打磨；类型: 钢丝轮,个,1,可建档,打磨钢丝轮,Sheet1:2636,外径/孔径/丝径缺失,REVIEW-MAT-01634,single_candidate;low_precision,0.70,true
REVIEW-MAT-01635,护目镜,劳保耗材/眼面防护,劳保用品/其他/眼面防护,类型: 多功能护目眼镜,付,1,可建档,多功能护目眼镜,Sheet1:2637,防护等级/材质缺失,REVIEW-MAT-01635,single_candidate;low_precision;human_review_group,0.65,true
REVIEW-MAT-01636,帆布手套,劳保耗材/手套；劳保用品/手套,劳保用品/手部防护/手套,材质: 帆布,付,11,可合并 | 可建档,帆布手套,Sheet1:2638；Sheet1:2793；Sheet1:2814；Sheet1:2847；Sheet1:3022；Sheet1:3080；Sheet1:3098；Sheet1:3353；Sheet1:3408；Sheet1:3600；Sheet1:3641,与2296同类，尺码缺失 | 与2636同类，尺码缺失 || 规格/克重缺失 | 与3600同类，规格/克重缺失,REVIEW-MAT-01636；REVIEW-MAT-02321,exact_name_group_unit_specs;source_status_contains_merge;low_precision,0.70,true
REVIEW-MAT-01637,橡胶手套,劳保耗材/手套；劳保用品/手套,劳保用品/手部防护/手套,材质: 橡胶,付,6,可合并 | 可建档,橡胶手套,Sheet1:2639；Sheet1:2803；Sheet1:2815；Sheet1:2836；Sheet1:3427；Sheet1:3640,尺码/长度/耐化学等级缺失 | 与2637同类，尺码/长度缺失 || 尺码/厚度/防护等级缺失,REVIEW-MAT-01637；REVIEW-MAT-02344,exact_name_group_unit_specs;source_status_contains_merge;low_precision,0.70,true
REVIEW-MAT-01638,角磨机,电动工具/角磨机,工具器具/电动工具/电钻角磨机,品牌: 东城；类型: 角磨机,台,1,可建档,东城角磨机,Sheet1:2640,功率/砂轮片规格/型号缺失,REVIEW-MAT-01638,single_candidate;low_precision,0.70,true
REVIEW-MAT-01639,防尘面罩,劳保耗材/呼吸防护,劳保用品/其他/呼吸防护,品牌: 3M；类型: 防尘面罩,个,1,可建档,3M防尘面罩,Sheet1:2641,型号/防护等级缺失,REVIEW-MAT-01639,single_candidate;low_precision;human_review_group,0.65,true
REVIEW-MAT-01640,防尘面罩过滤芯,劳保耗材/呼吸防护,劳保用品/其他/呼吸防护,品牌: 3M；适配: 防尘面罩；部件: 过滤芯,个,1,可建档,3M防尘面罩过滤芯,Sheet1:2642,适配型号/过滤等级缺失,REVIEW-MAT-01640,single_candidate;low_precision;human_review_group,0.65,true
REVIEW-MAT-01641,钢制铭牌,定制件/标识铭牌,设备备件与加工件/金属加工件/金属加工件,定制: 是；材质: 钢制,个,1,可建档-定制件,定制铭牌钢制,Sheet1:2643,尺寸/文字内容/图纸缺失,REVIEW-MAT-01641,single_candidate;low_precision,0.70,true
REVIEW-MAT-01643,槽钢,钢材/型钢,金属原材料/钢材型材/钢材型材,规格: 8#,米,1,可建档,8#槽钢,Sheet1:2647,材质/标准/长度缺失,REVIEW-MAT-01643,single_candidate;low_precision,0.70,true
REVIEW-MAT-01644,拖线板,电气/插排,电气与自动化/插头插座/插头插座,品牌: 公牛；线长: 3m；插位: 6位,个,1,可建档,公牛拖线板3m6位,Sheet1:2648,额定电流/型号缺失,REVIEW-MAT-01644,single_candidate;low_precision,0.70,true
REVIEW-MAT-01645,牛筋手套,劳保耗材/手套,劳保用品/手部防护/手套,材质/俗称: 牛筋,付,3,可合并 | 可建档,牛筋手套,Sheet1:2649；Sheet1:2669；Sheet1:2794,材质是否乳胶/橡胶需确认，尺码缺失 | 与2647同类，尺码缺失,REVIEW-MAT-01645,single_candidate;source_status_contains_merge;low_precision,0.70,true
REVIEW-MAT-01646,抹布,清洁耗材/抹布,行政办公与清洁/清洁用品/清洁工具耗材,类型: 抹布,kg,8,可合并,抹布,Sheet1:2650；Sheet1:2681；Sheet1:2728；Sheet1:2848；Sheet1:2941；Sheet1:2968；Sheet1:2982；Sheet1:3432,与2518同类，材质/包装缺失,REVIEW-MAT-01646,single_candidate;source_status_contains_merge;low_precision,0.70,true
REVIEW-MAT-01647,蛇皮袋,包装材料/编织袋,包装与标识/袋箱膜包装/袋箱膜,类型: 蛇皮袋,条,7,可合并 | 可建档,蛇皮袋,Sheet1:2651；Sheet1:2755；Sheet1:2881；Sheet1:3237；Sheet1:3360；Sheet1:3437；Sheet1:3649,尺寸/承重缺失 | 与2649同类，尺寸/承重缺失 | 与3626同类，尺寸/承重/材质缺失,REVIEW-MAT-01647,single_candidate;source_status_contains_merge;low_precision,0.70,true
REVIEW-MAT-01648,马夹袋,包装材料/塑料袋,包装与标识/袋箱膜包装/袋箱膜,类型: 马夹袋,条,1,可建档,马夹袋,Sheet1:2652,尺寸/厚度缺失,REVIEW-MAT-01648,single_candidate;low_precision,0.70,true
REVIEW-MAT-01649,三脚插头,电气/插头插座,电气与自动化/插头插座/插头插座,品牌: 公牛；类型: 三插头,个,1,可建档,公牛三插头,Sheet1:2653,额定电流/型号缺失,REVIEW-MAT-01649,single_candidate;low_precision,0.70,true
REVIEW-MAT-01650,插线板,电气/插排,电气与自动化/插头插座/插头插座,品牌: 公牛；插位: 6位；线长: 3米,个,1,可建档,公牛6位对插线板3米,Sheet1:2654,`对插线板`是否拖线板需确认，型号缺失,REVIEW-MAT-01650,single_candidate;low_precision,0.70,true
REVIEW-MAT-01651,拖线板,电气/插排,电气与自动化/插头插座/插头插座,品牌: 公牛；线长: 6米,个,1,可建档,公牛拖线板6米,Sheet1:2655,插位数/额定电流缺失,REVIEW-MAT-01651,single_candidate;low_precision,0.70,true
REVIEW-MAT-01652,螺纹灯座,电气/照明配件,电气与自动化/照明与报警/灯具,类型: 螺纹灯座,个,1,可建档,螺纹灯座,Sheet1:2656,规格E27/E40等缺失,REVIEW-MAT-01652,single_candidate;low_precision,0.70,true
REVIEW-MAT-01653,百叶轮,磨具磨料/百叶轮,工具器具/工具耗材/切磨耗材,类型: 百叶轮,片,1,可建档,百叶轮,Sheet1:2657,外径/孔径/粒度缺失,REVIEW-MAT-01653,single_candidate;low_precision,0.70,true
REVIEW-MAT-01654,彩条布,覆盖材料/彩条布,工程建材/其他/彩条布,宽度: 4米,m2,1,可建档,彩条布4米,Sheet1:2658,长度/克重/材质缺失,REVIEW-MAT-01654,single_candidate;low_precision;human_review_group,0.65,true
REVIEW-MAT-01655,油布,覆盖材料/油布,工程建材/其他/油布,尺寸: 4米*6米,m2,3,可合并 | 可建档,油布4米*6米,Sheet1:2659；Sheet1:2846；Sheet1:3087,材质/克重/防水等级缺失 | 与2657同类，材质/克重缺失,REVIEW-MAT-01655,single_candidate;source_status_contains_merge;low_precision;human_review_group,0.65,true
REVIEW-MAT-01656,十字螺丝刀,工具/手动工具,工具器具/手动工具/通用手动工具,品牌: 世达；类型: 十字,把,1,可建档,世达螺丝刀十字,Sheet1:2660,规格/杆长缺失,REVIEW-MAT-01656,single_candidate;low_precision,0.70,true
REVIEW-MAT-01657,铁丝,五金耗材/金属丝,五金备件/其他/金属丝,规格: 14#；材质: 铁,kg,2,可合并 | 可建档,铁丝14#,Sheet1:2661；Sheet1:2863,表面处理/线径换算缺失 | 与2659同类，表面处理缺失,REVIEW-MAT-01657,single_candidate;source_status_contains_merge;low_precision;human_review_group,0.65,true
REVIEW-MAT-01658,重油污除污剂,清洁化学品/除污剂,化工油漆胶粘/油品化学品/清洗化学品,用途: 重油污；包装: 30KG,桶,3,可合并 | 可建档,重油污除污剂30KG,Sheet1:2662；Sheet1:2701；Sheet1:2743,品牌/SDS/适用材质缺失 | 与2660同类，品牌/SDS缺失,REVIEW-MAT-01658,single_candidate;source_status_contains_merge;low_precision;human_review_group,0.65,true
REVIEW-MAT-01659,耦合剂,检测耗材/耦合剂,仪器仪表/其他/耦合剂,容量: 100mL,支,1,可建档,耦合剂100mL,Sheet1:2663,用途/品牌/型号缺失,REVIEW-MAT-01659,single_candidate;low_precision;human_review_group,0.65,true
REVIEW-MAT-01660,安全绳,安全防护/安全绳,安全防护/高处与水域防护/高处防护,直径: Φ14,米,2,可合并 | 可建档,安全绳Φ14,Sheet1:2664；Sheet1:2806,材质/认证/破断拉力缺失 | 与2662同类，材质/认证缺失,REVIEW-MAT-01660,single_candidate;source_status_contains_merge;low_precision;human_review_group,0.65,true
REVIEW-MAT-01661,药芯焊丝,焊接材料/焊丝,焊接焊割/焊接耗材/焊条焊丝,品牌: 大西洋；类型: 药芯；直径: 1.2,盘,4,可合并 | 可建档,大西洋药芯焊丝1.2,Sheet1:2665；Sheet1:2864；Sheet1:2946；Sheet1:3468,牌号/重量/适用材质缺失 | 与2663同类，牌号/重量缺失,REVIEW-MAT-01661,single_candidate;source_status_contains_merge;low_precision,0.70,true
REVIEW-MAT-01662,吹尘枪,工具/气动工具,工具器具/气动工具/气动工具,品牌: 世达；类型: 吹尘枪,把,1,可建档,世达吹尘枪,Sheet1:2666,接口规格/型号缺失,REVIEW-MAT-01662,single_candidate;low_precision,0.70,true
REVIEW-MAT-01663,内六角螺栓,紧固件/螺栓,紧固件/螺纹紧固件/螺丝螺栓,强度等级: 10.9；规格: M12*100；头型: 内六角,个,1,可建档,10.9级M12*100内六角螺栓,Sheet1:2667,材质/表面处理缺失,REVIEW-MAT-01663,single_candidate;low_precision,0.70,true
REVIEW-MAT-01664,劳动车,物流搬运/手推车,仓储物流/搬运设备/手推车叉车,特征: 加厚；类型: 劳动车,辆,1,可建档,加厚劳动车,Sheet1:2668,载重/轮型/尺寸缺失,REVIEW-MAT-01664,single_candidate;low_precision,0.70,true
REVIEW-MAT-01665,老虎钳,工具/手动工具,工具器具/手动工具/通用手动工具,品牌: 世达；类型: 老虎钳,把,1,可建档,世达老虎钳,Sheet1:2670,规格/型号缺失,REVIEW-MAT-01665,single_candidate;low_precision,0.70,true
REVIEW-MAT-01666,两用扳手,工具/手动工具,工具器具/手动工具/通用手动工具,品牌: 世达；规格: M16；类型: 梅花开口两用,把,1,可建档,世达M16梅花开口两用扳手,Sheet1:2671,长度/型号缺失,REVIEW-MAT-01666,single_candidate;low_precision,0.70,true
REVIEW-MAT-01667,不锈钢螺母,紧固件/螺母,紧固件/螺纹紧固件/螺母垫圈,材质: 304；规格: M6,个,1,可建档,304螺帽M6,Sheet1:2672,标准/牙距缺失,REVIEW-MAT-01667,single_candidate;low_precision,0.70,true
REVIEW-MAT-01668,不锈钢加厚垫片,紧固件/垫圈,紧固件/螺纹紧固件/螺母垫圈,材质: 304；规格: M6；特征: 加厚,个,1,可建档,304加厚垫片M6,Sheet1:2673,外径/厚度/标准缺失,REVIEW-MAT-01668,single_candidate;low_precision,0.70,true
REVIEW-MAT-01669,角钢,钢材/型钢,金属原材料/钢材型材/钢材型材,规格: 50*50,米,5,可合并 | 可建档,角钢50*50；角铁50*50,Sheet1:2674；Sheet1:2798；Sheet1:2810；Sheet1:2889；Sheet1:3042,厚度/材质/标准缺失 | 与2672同类，厚度/材质缺失,REVIEW-MAT-01669,single_candidate;source_status_contains_merge;low_precision,0.70,true
REVIEW-MAT-01670,洗洁精,清洁耗材/清洁剂,行政办公与清洁/清洁用品/清洁工具耗材,包装: 3KG,桶,2,可合并 | 可建档,洗洁精3KG,Sheet1:2675；Sheet1:2898,品牌/用途缺失 | 与2673同类，品牌缺失,REVIEW-MAT-01670,single_candidate;source_status_contains_merge;low_precision,0.70,true
REVIEW-MAT-01671,油漆滚筒,涂装工具/滚筒,工具器具/涂装工具/刷辊喷涂,规格: 大号,个,3,可合并,大号滚筒；大滚筒；滚筒大号,Sheet1:2676；Sheet1:3060；Sheet1:3245,与2614同类，是否油漆滚筒需确认 || 与2614同类，是否油漆滚筒需确认 | 与2614同类，尺寸/毛长缺失,REVIEW-MAT-01671；REVIEW-MAT-01925,exact_name_group_unit_specs;source_status_contains_merge;low_precision,0.70,true
REVIEW-MAT-01672,油漆滚筒,涂装工具/滚筒,工具器具/涂装工具/刷辊喷涂,规格: 小号,个,1,可合并,滚筒小号,Sheet1:2677,与2629同类，是否油漆滚筒需确认,REVIEW-MAT-01672,single_candidate;source_status_contains_merge,1.00,false
REVIEW-MAT-01674,羊毛刷,涂装工具/刷子,工具器具/涂装工具/刷辊喷涂,规格: 2.5寸；材质: 羊毛,个,1,可建档,羊毛刷2.5寸,Sheet1:2679,单位可用把，柄型/等级缺失,REVIEW-MAT-01674,single_candidate;low_precision,0.70,true
REVIEW-MAT-01675,钢刷,涂装工具/刷子,工具器具/涂装工具/刷辊喷涂,材质: 钢丝；类型: 钢刷,个,1,可建档,钢刷,Sheet1:2680,尺寸/形制缺失,REVIEW-MAT-01675,single_candidate;low_precision,0.70,true
REVIEW-MAT-01676,床上四件套,行政后勤/生活用品,行政办公与清洁/生活后勤/生活用品,材质: 全棉；套件: 四件套,套,2,可合并 | 可建档,全棉四件套,Sheet1:2685；Sheet1:2765,尺寸/用途缺失 | 与2683同类，尺寸缺失,REVIEW-MAT-01676,single_candidate;source_status_contains_merge;low_precision,0.70,true
REVIEW-MAT-01677,蚕丝被,行政后勤/生活用品,行政办公与清洁/生活后勤/生活用品,材质: 蚕丝；类型: 被子,个,1,可建档,蚕丝被,Sheet1:2686,尺寸/重量缺失,REVIEW-MAT-01677,single_candidate;low_precision,0.70,true
REVIEW-MAT-01678,床垫,行政后勤/生活用品,行政办公与清洁/生活后勤/生活用品,类型: 床垫,床,1,可建档,床垫,Sheet1:2687,尺寸/材质缺失,REVIEW-MAT-01678,single_candidate;low_precision,0.70,true
REVIEW-MAT-01680,氩气减压表,焊接工具/气体仪表,焊接焊割/焊割设备工具/焊机割炬,介质: 氩气；类型: 表/减压表,个,1,可建档,氩气表,Sheet1:2690,是否减压表需确认，量程/接口缺失,REVIEW-MAT-01680,single_candidate;low_precision,0.70,true
REVIEW-MAT-01681,自喷漆,油漆涂料/自喷漆,化工油漆胶粘/油漆涂料/涂料油漆,颜色: 天蓝色,瓶,2,可合并 | 可建档,天蓝色自喷漆,Sheet1:2691；Sheet1:2719,品牌/容量/色号缺失 | 与2689同类，品牌/容量缺失,REVIEW-MAT-01681,single_candidate;source_status_contains_merge;low_precision,0.70,true
REVIEW-MAT-01682,自喷漆,油漆涂料/自喷漆,化工油漆胶粘/油漆涂料/涂料油漆,颜色: 黑色,瓶,1,可建档,黑色自喷漆,Sheet1:2692,品牌/容量/色号缺失,REVIEW-MAT-01682,single_candidate;low_precision,0.70,true
REVIEW-MAT-01683,竹扫把,清洁工具/扫把,行政办公与清洁/清洁用品/清洁工具耗材,材质: 竹；类型: 扫把,把,3,可合并 | 可建档,竹扫把,Sheet1:2693；Sheet1:3058；Sheet1:3403,规格缺失 | 与2691同类，规格缺失,REVIEW-MAT-01683,single_candidate;source_status_contains_merge;low_precision,0.70,true
REVIEW-MAT-01684,螺纹规,工具/测量工具,工具器具/量具测量/量具测量,类型: 牙规/螺纹规,套,1,可建档,牙规,Sheet1:2698,公制/英制/规格范围缺失,REVIEW-MAT-01684,single_candidate;low_precision,0.70,true
REVIEW-MAT-01685,不锈钢漏斗,容器/漏斗,行政办公与清洁/生活后勤/生活用品,材质: 316；口径: 18cm,个,1,可建档,316漏斗18cm,Sheet1:2700,容量/出口直径缺失,REVIEW-MAT-01685,single_candidate;low_precision,0.70,true
REVIEW-MAT-01686,油管护套,液压/油管护套,液压气动/液压管路/高压胶管,螺纹/规格: M20*1.5,个,1,可建档,油管护套M20*1.5,Sheet1:2702,材质/适配油管缺失,REVIEW-MAT-01686,single_candidate;low_precision,0.70,true
REVIEW-MAT-01687,油管护套,液压/油管护套,液压气动/液压管路/高压胶管,螺纹/规格: M48*2,个,1,可建档,油管护套M48*2,Sheet1:2703,材质/适配油管缺失,REVIEW-MAT-01687,single_candidate;low_precision,0.70,true
REVIEW-MAT-01688,油管护套,液压/油管护套,液压气动/液压管路/高压胶管,螺纹/规格: M36*2,个,1,可建档,油管护套M36*2,Sheet1:2704,材质/适配油管缺失,REVIEW-MAT-01688,single_candidate;low_precision,0.70,true
REVIEW-MAT-01689,油管护套,液压/油管护套,液压气动/液压管路/高压胶管,螺纹/规格: M42*4,个,1,可建档,油管护套M42*4,Sheet1:2705,材质/适配油管缺失,REVIEW-MAT-01689,single_candidate;low_precision,0.70,true
REVIEW-MAT-01690,油管护套,液压/油管护套,液压气动/液压管路/高压胶管,螺纹/规格: M52*2,个,1,可建档,油管护套M52*2,Sheet1:2706,材质/适配油管缺失,REVIEW-MAT-01690,single_candidate;low_precision,0.70,true
REVIEW-MAT-01691,油管护套,液压/油管护套,液压气动/液压管路/高压胶管,螺纹/规格: M16*1,个,1,可建档,油管护套M16*1,Sheet1:2707,材质/适配油管缺失,REVIEW-MAT-01691,single_candidate;low_precision,0.70,true
REVIEW-MAT-01692,铭牌,定制件/标识铭牌,设备备件与加工件/金属加工件/金属加工件,定制: 是；尺寸: 70*40,个,1,可建档-定制件,订制铭牌70*40,Sheet1:2708,材质/内容/图纸缺失,REVIEW-MAT-01692,single_candidate;low_precision,0.70,true
REVIEW-MAT-01693,高粱扫把,清洁工具/扫把,行政办公与清洁/清洁用品/清洁工具耗材,材质: 高粱；类型: 扫把,把,3,可合并 | 可建档,高粱扫把,Sheet1:2709；Sheet1:3072；Sheet1:3435,规格缺失 | 与2707同类，规格缺失,REVIEW-MAT-01693,single_candidate;source_status_contains_merge;low_precision,0.70,true
REVIEW-MAT-01694,钢丝球,清洁耗材/清洁工具,行政办公与清洁/清洁用品/清洁工具耗材,类型: 钢丝球,个,1,可建档,钢丝球,Sheet1:2712,材质/包装数量缺失,REVIEW-MAT-01694,single_candidate;low_precision,0.70,true
REVIEW-MAT-01695,油漆,油漆涂料/油漆,化工油漆胶粘/油漆涂料/涂料油漆,品牌: 立邦；颜色: 蓝色；包装: 18kg,桶,1,可建档,立邦蓝色油漆18kg,Sheet1:2715,是否防锈漆/型号/SDS缺失,REVIEW-MAT-01695,single_candidate;low_precision,0.70,true
REVIEW-MAT-01697,钢刷,涂装工具/刷子,工具器具/涂装工具/刷辊喷涂,材质: 钢丝；类型: 钢刷,把,1,可合并,钢刷,Sheet1:2717,与2678同类，尺寸/形制缺失,REVIEW-MAT-01697,single_candidate;source_status_contains_merge;low_precision,0.70,true
REVIEW-MAT-01698,自喷漆,油漆涂料/自喷漆,化工油漆胶粘/油漆涂料/涂料油漆,颜色: 葱绿色,瓶,1,可建档,葱绿色自喷漆,Sheet1:2718,品牌/容量/色号缺失,REVIEW-MAT-01698,single_candidate;low_precision,0.70,true
REVIEW-MAT-01699,橡胶垫片,密封件/垫片,密封件/垫片盘根/垫片盘根,材质: 橡胶；规格: 200,个,1,可建档,橡胶垫片200,Sheet1:2720,内径/外径/厚度缺失,REVIEW-MAT-01699,single_candidate;low_precision,0.70,true
REVIEW-MAT-01700,电缆,电气/电线电缆,电气与自动化/电线电缆与敷设/电线电缆,品牌: 起帆；规格: 3*1.5+1,米,2,可建档,起帆电缆3*1.5+1；起帆电缆线3*1.5+1,Sheet1:2721；Sheet1:3515,电缆型号/护套材质/电压等级缺失 | 型号/电压等级/护套材质缺失,REVIEW-MAT-01700,single_candidate;low_precision,0.70,true
REVIEW-MAT-01701,橡胶平板输送带,输送设备/输送带,仓储物流/其他/输送带,材质: 橡胶；宽度: 1m；厚度: 10mm,个,1,可建档,橡胶平板输送带1m*10mm,Sheet1:2722,长度/层数/强度等级缺失,REVIEW-MAT-01701,single_candidate;low_precision;human_review_group,0.65,true
REVIEW-MAT-01702,铲刀,工具/手动工具,工具器具/手动工具/通用手动工具,类型: 铲刀,把,1,可建档,铲刀,Sheet1:2723,宽度/材质缺失,REVIEW-MAT-01702,single_candidate;low_precision,0.70,true
REVIEW-MAT-01703,漆刷,涂装工具/刷子,工具器具/涂装工具/刷辊喷涂,规格: 3寸；用途: 涂漆,把,1,可合并,漆刷3寸,Sheet1:2724,与羊毛刷3寸可能同类，刷毛材质需确认,REVIEW-MAT-01703,single_candidate;source_status_contains_merge,1.00,false
REVIEW-MAT-01704,油漆,油漆涂料/油漆,化工油漆胶粘/油漆涂料/涂料油漆,品牌: 立邦；颜色: 中黄；包装: 18KG,桶,1,可建档,立邦中黄油漆18KG,Sheet1:2726,是否防锈漆/型号/SDS缺失,REVIEW-MAT-01704,single_candidate;low_precision,0.70,true
REVIEW-MAT-01705,不锈钢挂锁,五金/锁具,五金备件/门锁锁具/门锁锁具,规格: 40；材质: 不锈钢；类型: 通用挂锁,把,1,可建档,40不锈钢通用挂锁,Sheet1:2727,锁梁规格/钥匙通开情况缺失,REVIEW-MAT-01705,single_candidate;low_precision,0.70,true
REVIEW-MAT-01706,自喷漆,油漆涂料/自喷漆,化工油漆胶粘/油漆涂料/涂料油漆,颜色: 白色,瓶,5,可合并 | 可建档,白色自喷漆,Sheet1:2729；Sheet1:3021；Sheet1:3038；Sheet1:3228；Sheet1:3246,品牌/容量/色号缺失 | 与2726同类，品牌/容量缺失,REVIEW-MAT-01706,single_candidate;source_status_contains_merge;low_precision,0.70,true
REVIEW-MAT-01707,自喷漆,油漆涂料/自喷漆,化工油漆胶粘/油漆涂料/涂料油漆,颜色: 中灰色,瓶,1,可建档,中灰色自喷漆,Sheet1:2730,品牌/容量/色号缺失,REVIEW-MAT-01707,single_candidate;low_precision,0.70,true
REVIEW-MAT-01708,彩条布,覆盖材料/彩条布,工程建材/其他/彩条布,类型: 彩条布,m2,1,可合并,彩条布,Sheet1:2731,与2656同类，宽度/克重缺失,REVIEW-MAT-01708,single_candidate;source_status_contains_merge;low_precision;human_review_group,0.65,true
REVIEW-MAT-01709,锂电角磨机套装,电动工具/角磨机,工具器具/电动工具/电钻角磨机,品牌: 东成；供电: 锂电；配置: 二电一充,台,2,可合并 | 可建档,东成锂电角磨机二电一充,Sheet1:2732；Sheet1:3124,电池电压/砂轮规格/型号缺失 | 与2729同类，电压/砂轮规格缺失,REVIEW-MAT-01709,single_candidate;source_status_contains_merge;low_precision,0.70,true
REVIEW-MAT-01710,PPR堵头,管件/PPR管件,管道管件/塑料管件/PPR管件,材质: PPR；规格: 4分；类型: 堵头,个,1,可建档,PPR4分堵头,Sheet1:2733,压力等级/品牌缺失,REVIEW-MAT-01710,single_candidate;low_precision,0.70,true
REVIEW-MAT-01711,PPR堵头,管件/PPR管件,管道管件/塑料管件/PPR管件,材质: PPR；规格: 6分；类型: 堵头,个,1,可建档,PPR6分堵头,Sheet1:2734,压力等级/品牌缺失,REVIEW-MAT-01711,single_candidate;low_precision,0.70,true
REVIEW-MAT-01712,PPR闷头,管件/PPR管件,管道管件/塑料管件/PPR管件,材质: PPR；规格: 20mm；类型: 闷头/堵头,个,1,可建档,PPR20mm闷头,Sheet1:2735,压力等级/品牌缺失,REVIEW-MAT-01712,single_candidate;low_precision,0.70,true
REVIEW-MAT-01713,PPR闷头,管件/PPR管件,管道管件/塑料管件/PPR管件,材质: PPR；规格: 25mm；类型: 闷头/堵头,个,1,可建档,PPR25mm闷头,Sheet1:2736,压力等级/品牌缺失,REVIEW-MAT-01713,single_candidate;low_precision,0.70,true
REVIEW-MAT-01714,PPR管剪,工具/管道工具,工具器具/其他/管道工具,用途: PPR管剪切,把,1,可建档,PPR剪刀,Sheet1:2737,剪切范围/品牌缺失,REVIEW-MAT-01714,single_candidate;low_precision;human_review_group,0.65,true
REVIEW-MAT-01715,花纹钢板,钢材/钢板,金属原材料/钢材型材/钢材型材,尺寸: 6m*1.26m；厚度: 6mm；表面: 花纹,张,1,可建档,花纹钢板6m*1.26m*6mm,Sheet1:2739,材质/标准缺失,REVIEW-MAT-01715,single_candidate;low_precision,0.70,true
REVIEW-MAT-01716,镂空数字漆模,涂装工具/喷涂模板,工具器具/涂装工具/刷辊喷涂,字符: 0-9；类型: 镂空数字模板,套,1,可建档,镂空数字漆模0-9,Sheet1:2741,材质/尺寸缺失,REVIEW-MAT-01716,single_candidate;low_precision,0.70,true
REVIEW-MAT-01717,钢销,紧固件/销,紧固件/其他/销,直径: 14mm；长度: 1m；材质: 钢,根,1,可建档,钢销14mm*1m,Sheet1:2742,材质牌号/标准缺失,REVIEW-MAT-01717,single_candidate;low_precision;human_review_group,0.65,true
REVIEW-MAT-01718,PVC线槽,电气/线槽桥架,电气与自动化/电线电缆与敷设/电缆附件,品牌: 公牛；材质: PVC；规格: 25mm,米,1,可建档,公牛PVC线槽25mm,Sheet1:2744,宽高规格/配件缺失,REVIEW-MAT-01718,single_candidate;low_precision,0.70,true
REVIEW-MAT-01719,明装五孔插座,电气/插座,电气与自动化/插头插座/插头插座,品牌: 公牛；安装: 明装；类型: 五孔,套,1,可建档,公牛明装五孔插座,Sheet1:2746,额定电流/型号缺失,REVIEW-MAT-01719,single_candidate;low_precision,0.70,true
REVIEW-MAT-01720,钢钉,紧固件/钉,紧固件/其他/钉,长度: 25mm；材质: 钢,盒,1,可建档,钢钉25mm,Sheet1:2748,每盒数量/直径缺失,REVIEW-MAT-01720,single_candidate;low_precision;human_review_group,0.65,true
REVIEW-MAT-01721,吊包,吊装索具/吊包,吊装索具/其他/吊包,额定载荷: 1吨,个,1,可建档,吊包1吨,Sheet1:2749,材质/尺寸/安全系数缺失,REVIEW-MAT-01721,single_candidate;low_precision;human_review_group,0.65,true
REVIEW-MAT-01722,棉纱口罩,劳保耗材/呼吸防护,劳保用品/其他/呼吸防护,材质: 棉纱；类型: 口罩,个,1,可建档,棉纱口罩,Sheet1:2750,层数/防护等级缺失,REVIEW-MAT-01722,single_candidate;low_precision;human_review_group,0.65,true
REVIEW-MAT-01723,一次性口罩,劳保耗材/呼吸防护,劳保用品/其他/呼吸防护,类型: 一次性口罩,个,2,可合并 | 可建档,一次性口罩,Sheet1:2751；Sheet1:2887,防护级别/包装数量缺失 | 与2748同类，防护级别/包装缺失,REVIEW-MAT-01723,single_candidate;source_status_contains_merge;low_precision;human_review_group,0.65,true
REVIEW-MAT-01724,自喷漆,油漆涂料/自喷漆,化工油漆胶粘/油漆涂料/涂料油漆,颜色: 红色,瓶,1,可建档,红色自喷漆,Sheet1:2752,品牌/容量/色号缺失,REVIEW-MAT-01724,single_candidate;low_precision,0.70,true
REVIEW-MAT-01725,棉拖把,清洁工具/拖把,行政办公与清洁/清洁用品/清洁工具耗材,材质: 棉；类型: 拖把,个,1,可建档,棉拖把,Sheet1:2753,规格缺失,REVIEW-MAT-01725,single_candidate;low_precision,0.70,true
REVIEW-MAT-01726,电箱锁,电气/配电箱配件,电气与自动化/其他/配电箱配件,用途: 电箱；类型: 锁,套,2,可合并 | 可建档,电箱锁,Sheet1:2754；Sheet1:2834,锁型/尺寸/钥匙通开情况缺失 | 与2751同类，锁型/尺寸缺失,REVIEW-MAT-01726,single_candidate;source_status_contains_merge;low_precision;human_review_group,0.65,true
REVIEW-MAT-01728,创可贴,劳保/急救用品,劳保用品/其他/急救用品,类型: 创可贴,盒,2,可合并 | 可建档,创可贴,Sheet1:2759；Sheet1:3267,规格/片数缺失 | 与2756同类，规格/片数缺失,REVIEW-MAT-01728,single_candidate;source_status_contains_merge;low_precision;human_review_group,0.65,true
REVIEW-MAT-01729,透明胶带,胶带/办公工业胶带,包装与标识/胶带标签/胶带,品牌: 3M；颜色: 透明,卷,1,可建档,3M透明胶带,Sheet1:2760,宽度/长度缺失,REVIEW-MAT-01729,single_candidate;low_precision,0.70,true
REVIEW-MAT-01730,万向脚轮,物流搬运/脚轮,仓储物流/搬运设备/手推车叉车,类型: 万向轮,个,1,可建档,万向轮,Sheet1:2761,尺寸/载重/带刹车与否缺失,REVIEW-MAT-01730,single_candidate;low_precision,0.70,true
REVIEW-MAT-01731,钢卷尺,工具/测量工具,工具器具/量具测量/量具测量,品牌: 雄狮；长度: 100m；材质: 钢,个,1,可建档,雄狮钢卷尺100m,Sheet1:2762,精度等级/宽度缺失,REVIEW-MAT-01731,single_candidate;low_precision,0.70,true
REVIEW-MAT-01732,墨斗,工具/测量放线工具,工具器具/量具测量/量具测量,类型: 墨斗,个,1,可建档,墨斗,Sheet1:2763,规格/品牌缺失,REVIEW-MAT-01732,single_candidate;low_precision,0.70,true
REVIEW-MAT-01733,蚕丝被,行政后勤/生活用品,行政办公与清洁/生活后勤/生活用品,材质: 蚕丝；类型: 被子,套,1,可合并,蚕丝被,Sheet1:2766,与2684同类，单位需统一件/套,REVIEW-MAT-01733,single_candidate;source_status_contains_merge,1.00,false
REVIEW-MAT-01735,牙刷,行政后勤/生活用品,行政办公与清洁/生活后勤/生活用品,类型: 牙刷,支,1,可建档,牙刷,Sheet1:2770,品牌/规格缺失,REVIEW-MAT-01735,single_candidate;low_precision,0.70,true
REVIEW-MAT-01736,牙膏,行政后勤/生活用品,行政办公与清洁/生活后勤/生活用品,类型: 牙膏,支,1,可建档,牙膏,Sheet1:2771,品牌/容量缺失,REVIEW-MAT-01736,single_candidate;low_precision,0.70,true
REVIEW-MAT-01737,漱口杯,行政后勤/生活用品,行政办公与清洁/生活后勤/生活用品,类型: 漱口杯,个,1,可建档,漱口杯,Sheet1:2772,材质/容量缺失,REVIEW-MAT-01737,single_candidate;low_precision,0.70,true
REVIEW-MAT-01738,洗发露,行政后勤/生活用品,行政办公与清洁/生活后勤/生活用品,品牌: 海飞丝；类型: 洗发露,瓶,1,可建档,海飞丝洗发露,Sheet1:2773,容量缺失,REVIEW-MAT-01738,single_candidate;low_precision,0.70,true
REVIEW-MAT-01739,沐浴露,行政后勤/生活用品,行政办公与清洁/生活后勤/生活用品,类型: 沐浴露,瓶,1,可建档,沐浴露,Sheet1:2774,品牌/容量缺失,REVIEW-MAT-01739,single_candidate;low_precision,0.70,true
REVIEW-MAT-01740,拖鞋,行政后勤/生活用品,行政办公与清洁/生活后勤/生活用品,类型: 拖鞋,双,1,可建档,拖鞋,Sheet1:2775,尺码/材质缺失,REVIEW-MAT-01740,single_candidate;low_precision,0.70,true
REVIEW-MAT-01741,洗脸盆,行政后勤/生活用品,行政办公与清洁/生活后勤/生活用品,类型: 洗脸盆,个,1,可建档,洗脸盆,Sheet1:2776,材质/尺寸缺失,REVIEW-MAT-01741,single_candidate;low_precision,0.70,true
REVIEW-MAT-01742,管箍,管件/管箍,管道管件/其他/管箍,规格: 4寸；类型: 管箍,个,1,可建档,4寸管箍,Sheet1:2778,材质/连接方式缺失,REVIEW-MAT-01742,single_candidate;low_precision;human_review_group,0.65,true
REVIEW-MAT-01743,合金两半扣,液压/管路扣件,液压气动/其他/管路扣件,材质: 合金；规格: DN100；类型: 两半扣,套,1,可建档,合金两半扣DN100,Sheet1:2780,适配管件/压力等级缺失,REVIEW-MAT-01743,single_candidate;low_precision;human_review_group,0.65,true
REVIEW-MAT-01744,PET条码不干胶标签,标签耗材/不干胶标签,包装与标识/胶带标签/标签碳带,材质: 哑银PET；尺寸: 40mm*25mm；每卷: 1200张,卷,1,可建档,哑银pet条码不干胶贴纸40mm*25mm*1200张,Sheet1:2781,胶性/卷芯规格缺失,REVIEW-MAT-01744,single_candidate;low_precision,0.70,true
REVIEW-MAT-01745,PET条码不干胶标签,标签耗材/不干胶标签,包装与标识/胶带标签/标签碳带,材质: 哑银PET；尺寸: 30mm*10mm；每卷: 5000张,卷,1,可建档,哑银pet条码不干胶贴纸30mm*10mm*5000张,Sheet1:2782,胶性/卷芯规格缺失,REVIEW-MAT-01745,single_candidate;low_precision,0.70,true
REVIEW-MAT-01746,全树脂基碳带,标签耗材/碳带,包装与标识/胶带标签/标签碳带,进口: 是；类型: 全树脂基；宽度: 90mm；长度: 300米,卷,1,可建档,进口全树脂基碳带90mm*300米,Sheet1:2783,品牌/适配标签材质缺失,REVIEW-MAT-01746,single_candidate;low_precision,0.70,true
REVIEW-MAT-01747,五孔插座面板,电气/插座,电气与自动化/插头插座/插头插座,品牌: 公牛；类型: 五孔插座面板,个,1,可建档,公牛五孔插座面板,Sheet1:2784,安装方式/额定电流缺失,REVIEW-MAT-01747,single_candidate;low_precision,0.70,true
REVIEW-MAT-01748,电缆,电气/电线电缆,电气与自动化/电线电缆与敷设/电线电缆,品牌: 起帆；规格: 4*2.5,米,1,可建档,起帆电缆4*2.5,Sheet1:2785,电缆型号/护套材质/电压等级缺失,REVIEW-MAT-01748,single_candidate;low_precision,0.70,true
REVIEW-MAT-01749,卷尺,工具/测量工具,工具器具/量具测量/量具测量,品牌: 得力；长度: 10m,把,1,可建档,得力卷尺10m,Sheet1:2787,宽度/精度缺失,REVIEW-MAT-01749,single_candidate;low_precision,0.70,true
REVIEW-MAT-01750,卷尺,工具/测量工具,工具器具/量具测量/量具测量,品牌: 得力；长度: 5m,把,1,可建档,得力卷尺5m,Sheet1:2788,宽度/精度缺失,REVIEW-MAT-01750,single_candidate;low_precision,0.70,true
REVIEW-MAT-01751,LED灯泡,电气/照明灯具,电气与自动化/照明与报警/灯具,品牌: 飞利浦；功率: 40W,个,1,可建档,飞利浦led灯泡40W,Sheet1:2789,色温/灯头规格缺失,REVIEW-MAT-01751,single_candidate;low_precision,0.70,true
REVIEW-MAT-01752,LED灯泡,电气/照明灯具,电气与自动化/照明与报警/灯具,品牌: 飞利浦；功率: 50W,个,2,可合并 | 可建档,飞利浦LED灯泡50W；飞利浦led灯泡50W,Sheet1:2790；Sheet1:2886,色温/灯头规格缺失 | 与2787同类，色温/灯头缺失,REVIEW-MAT-01752,single_candidate;source_status_contains_merge;low_precision,0.70,true
REVIEW-MAT-01753,灯座,电气/照明配件,电气与自动化/照明与报警/灯具,类型: 灯座,个,1,可合并,灯座,Sheet1:2791,与2654同类，螺口规格缺失,REVIEW-MAT-01753,single_candidate;source_status_contains_merge;low_precision,0.70,true
REVIEW-MAT-01754,尼龙扎带,电气耗材/扎带,电气与自动化/其他/扎带,规格: 10*500,包,5,可合并 | 可建档,扎带10*500,Sheet1:2792；Sheet1:2861；Sheet1:2925；Sheet1:3182；Sheet1:3220,每包数量/材质缺失 | 与2789同类，每包数量缺失,REVIEW-MAT-01754,single_candidate;source_status_contains_merge;low_precision;human_review_group,0.65,true
REVIEW-MAT-01755,焊工眼镜,劳保耗材/眼面防护,劳保用品/其他/眼面防护,用途: 焊工防护,付,1,可建档,焊工眼镜,Sheet1:2795,遮光号/标准缺失,REVIEW-MAT-01755,single_candidate;low_precision;human_review_group,0.65,true
REVIEW-MAT-01756,铝合金组合枪头,注浆设备/配件,工程建材/保温防水/防水堵漏,材质: 铝合金；规格: Φ100变65；类型: 组合枪头,套,1,可建档,铝合金Φ100变65组合枪头,Sheet1:2796,适配设备/接口缺失,REVIEW-MAT-01756,single_candidate;low_precision,0.70,true
REVIEW-MAT-01757,LED塔灯,电气/照明灯具,电气与自动化/照明与报警/灯具,品牌: 欧普；类型: LED塔灯；电压: 380V；功率: 1KW,台,1,可建档,欧普LED380V-1KW塔灯,Sheet1:2797,防护等级/安装方式缺失,REVIEW-MAT-01757,single_candidate;low_precision,0.70,true
REVIEW-MAT-01758,花纹钢板,钢材/钢板,金属原材料/钢材型材/钢材型材,尺寸: 6m*1.51m；厚度: 5.25mm；表面: 花纹,张,2,可合并 | 可建档,花纹钢板6m*1.51m*5.25mm,Sheet1:2799；Sheet1:2911,材质/标准缺失 | 与2796同类，材质/标准缺失,REVIEW-MAT-01758,single_candidate;source_status_contains_merge;low_precision,0.70,true
REVIEW-MAT-01759,钢板镂空字体,定制件/标识模板,设备备件与加工件/金属加工件/金属加工件,工艺: 线切割；材质: 钢板；字符: 01-50；原始: 漏空,套,1,可建档-定制件,线切割钢板漏空字体01-50,Sheet1:2800,`漏空`疑似`镂空`，尺寸/图纸缺失,REVIEW-MAT-01759,single_candidate;low_precision,0.70,true
REVIEW-MAT-01760,不锈钢镂空标识字牌,定制件/标识铭牌,设备备件与加工件/金属加工件/金属加工件,定制: 是；材质: 不锈钢；原始: 漏空；类型: 标识字牌,个,2,可合并 | 可建档-定制件,订制不锈钢漏空标识字牌,Sheet1:2802；Sheet1:2891,`漏空`疑似`镂空`，尺寸/内容/图纸缺失 | 与2799同类，尺寸/内容/图纸缺失,REVIEW-MAT-01760,single_candidate;source_status_contains_merge;low_precision,0.70,true
REVIEW-MAT-01761,阻燃地板革,建筑装饰材料/地板革,工程建材/其他/地板革,特性: 阻燃；尺寸: 6m*2.5m,m2,1,可建档,阻燃地板革6m*2.5m,Sheet1:2804,厚度/材质/阻燃等级缺失,REVIEW-MAT-01761,single_candidate;low_precision;human_review_group,0.65,true
REVIEW-MAT-01762,双面胶带,胶带/工业胶带,包装与标识/胶带标签/胶带,品牌: 3M；宽度: 35mm,卷,1,可建档,3M双面胶35mm宽,Sheet1:2805,长度/型号缺失,REVIEW-MAT-01762,single_candidate;low_precision,0.70,true
REVIEW-MAT-01763,垃圾袋,行政后勤/清洁用品,行政办公与清洁/清洁用品/清洁工具耗材,尺寸: 1.2m*1.4m,条,3,可合并 | 可建档,垃圾袋1.2m*1.4m,Sheet1:2807；Sheet1:3096；Sheet1:3412,厚度/每包数量缺失 | 与2804同类，厚度/每包数量缺失,REVIEW-MAT-01763,single_candidate;source_status_contains_merge;low_precision,0.70,true
REVIEW-MAT-01764,乙炔减压表,焊接工具/气体仪表,焊接焊割/焊割设备工具/焊机割炬,介质: 乙炔；类型: 表/减压表,个,1,可建档,乙炔表,Sheet1:2808,是否减压表需确认，量程/接口缺失,REVIEW-MAT-01764,single_candidate;low_precision,0.70,true
REVIEW-MAT-01765,无缝钢管,钢材/钢管,金属原材料/钢材型材/钢材型材,外径: 325；壁厚: 12mm；长度: 6米,根,1,可建档,无缝管325*12mm*6米,Sheet1:2809,材质/执行标准缺失,REVIEW-MAT-01765,single_candidate;low_precision,0.70,true
REVIEW-MAT-01766,油布,覆盖材料/油布,工程建材/其他/油布,尺寸: 10m*8.5m,m2,1,可建档,油布10m*8.5m,Sheet1:2811,材质/克重/防水等级缺失,REVIEW-MAT-01766,single_candidate;low_precision;human_review_group,0.65,true
REVIEW-MAT-01767,货号牌,定制件/标识铭牌,设备备件与加工件/金属加工件/金属加工件,定制: 是；用途: 货号标识,个,1,可建档-定制件,订制货号牌,Sheet1:2812,材质/尺寸/内容缺失,REVIEW-MAT-01767,single_candidate;low_precision,0.70,true
REVIEW-MAT-01768,吊车垫块,吊装索具/支垫件,吊装索具/其他/支垫件,用途: 吊车；载荷: 大吨位；尺寸: 500*500*60mm,块,1,可建档,吊车用大吨位垫块500*500*60mm,Sheet1:2813,材质/承载等级缺失,REVIEW-MAT-01768,single_candidate;low_precision;human_review_group,0.65,true
REVIEW-MAT-01769,聚氨酯堵漏剂,化工原料/堵漏材料,化工油漆胶粘/其他/堵漏材料,材料: 聚氨酯；用途: 堵漏；包装: 20KG,桶,1,可建档,聚氨酯堵漏剂20KG,Sheet1:2818,油性/水性/品牌/SDS缺失,REVIEW-MAT-01769,single_candidate;low_precision;human_review_group,0.65,true
REVIEW-MAT-01770,注浆止水针头,注浆设备/耗材,工程建材/保温防水/防水堵漏,用途: 高压注浆止水；长度: 150mm,支,1,可合并,高压注浆止水针头150mm,Sheet1:2820,与2463同类，直径/接口缺失,REVIEW-MAT-01770,single_candidate;source_status_contains_merge;low_precision,0.70,true
REVIEW-MAT-01771,注浆止水针头,注浆设备/耗材,工程建材/保温防水/防水堵漏,用途: 高压注浆止水；长度: 100mm,支,1,可合并,高压注浆止水针头100mm,Sheet1:2821,与2464同类，直径/接口缺失,REVIEW-MAT-01771,single_candidate;source_status_contains_merge;low_precision,0.70,true
REVIEW-MAT-01772,不锈钢户外电箱,定制件/配电箱,设备备件与加工件/金属加工件/金属加工件,定制: 是；材质: 不锈钢；环境: 户外；适配功率: 7.5KW,台,1,可建档-定制件,订制不锈钢户外电箱7.5KW,Sheet1:2822,尺寸/图纸/电气配置缺失,REVIEW-MAT-01772,single_candidate;low_precision,0.70,true
REVIEW-MAT-01773,数显电笔,工具/电工工具,工具器具/其他/电工工具,品牌: 世达；类型: 数显电笔,支,1,可建档,世达数显电笔,Sheet1:2823,测量范围/型号缺失,REVIEW-MAT-01773,single_candidate;low_precision;human_review_group,0.65,true
REVIEW-MAT-01774,钢直尺,工具/测量工具,工具器具/量具测量/量具测量,长度: 200mm；材质: 钢,把,1,可建档,200mm钢直尺,Sheet1:2824,精度/宽度缺失,REVIEW-MAT-01774,single_candidate;low_precision,0.70,true
REVIEW-MAT-01775,镀锌内丝直接,管件/镀锌管件,管道管件/金属管件/镀锌管件,规格: 4寸；表面: 镀锌；连接: 内丝；类型: 直接,个,1,可建档,4寸镀锌内丝直接,Sheet1:2825,材质/压力等级缺失,REVIEW-MAT-01775,single_candidate;low_precision,0.70,true
REVIEW-MAT-01776,镀锌内丝直接,管件/镀锌管件,管道管件/金属管件/镀锌管件,规格: 3寸；表面: 镀锌；连接: 内丝；类型: 直接 || 表面: 镀锌；连接: 内丝；规格: 3寸；类型: 直接,个,2,可合并 | 可建档,3寸镀锌内丝直接；镀锌内丝直接头3寸,Sheet1:2826；Sheet1:3118,材质/压力等级缺失 || 与2823同类，材质/压力等级缺失,REVIEW-MAT-01776；REVIEW-MAT-01971,exact_name_group_unit_specs;source_status_contains_merge;low_precision,0.70,true
REVIEW-MAT-01777,抹子,施工工具/抹灰工具,工具器具/其他/抹灰工具,类型: 抹子,把,1,可建档,抹子,Sheet1:2827,尺寸/材质缺失,REVIEW-MAT-01777,single_candidate;low_precision;human_review_group,0.65,true
REVIEW-MAT-01778,垃圾桶,行政后勤/清洁用品,行政办公与清洁/清洁用品/清洁工具耗材,类型: 垃圾桶,个,1,可建档,垃圾桶,Sheet1:2828,容量/材质缺失,REVIEW-MAT-01778,single_candidate;low_precision,0.70,true
REVIEW-MAT-01779,防锈漆,油漆涂料/防锈漆,化工油漆胶粘/油漆涂料/涂料油漆,品牌: 立邦；颜色: 中灰；包装: 18KG,桶,1,可建档,立邦中灰防锈漆18KG,Sheet1:2830,型号/SDS缺失,REVIEW-MAT-01779,single_candidate;low_precision,0.70,true
REVIEW-MAT-01780,电箱提手,电气/配电箱配件,电气与自动化/其他/配电箱配件,用途: 电箱；部件: 提手,个,1,可建档,电箱提手,Sheet1:2835,材质/孔距/尺寸缺失,REVIEW-MAT-01780,single_candidate;low_precision;human_review_group,0.65,true
REVIEW-MAT-01781,油漆,油漆涂料/油漆,化工油漆胶粘/油漆涂料/涂料油漆,品牌: 立邦；颜色: 桔黄色；包装: 18kg,桶,1,可合并,立邦桔黄色油漆18kg,Sheet1:2837,与2712同类可能不同颜色，是否防锈漆需确认,REVIEW-MAT-01781,single_candidate;source_status_contains_merge,1.00,false
REVIEW-MAT-01782,电焊钳,焊接工具/焊钳,焊接焊割/焊割设备工具/焊机割炬,额定电流: 600A,把,1,可建档,电焊钳600A,Sheet1:2839,品牌/型号缺失,REVIEW-MAT-01782,single_candidate;low_precision,0.70,true
REVIEW-MAT-01783,O型圈,密封件/O型圈,密封件/橡胶密封/O型圈油封,规格: 63*5,个,1,可建档,O型圈63*5,Sheet1:2843,材质/标准缺失,REVIEW-MAT-01783,single_candidate;low_precision,0.70,true
REVIEW-MAT-01784,卸扣,吊装索具/卸扣,吊装索具/吊装连接件/卸扣吊钩,额定载荷: 6.5T,个,1,可建档,卸扣6.5T,Sheet1:2851,材质/安全系数/标准缺失,REVIEW-MAT-01784,single_candidate;low_precision;human_review_group,0.65,true
REVIEW-MAT-01785,黄砂,建材/砂石料,工程建材/水泥砂石/水泥砂石,类型: 黄砂,吨,3,可合并 | 可建档,黄砂,Sheet1:2853；Sheet1:3161；Sheet1:3445,细度/含泥量缺失 | 与2850同类，细度/含泥量缺失,REVIEW-MAT-01785,single_candidate;source_status_contains_merge;low_precision,0.70,true
REVIEW-MAT-01786,普通硅酸盐水泥,建材/水泥,工程建材/水泥砂石/水泥砂石,品牌: 海螺；强度等级: 42.5,包,3,可合并 | 可建档,海螺42.5水泥,Sheet1:2854；Sheet1:3361；Sheet1:3444,水泥类型/包装重量缺失 | 与2851同类，水泥类型/包装重量缺失,REVIEW-MAT-01786,single_candidate;source_status_contains_merge;low_precision,0.70,true
REVIEW-MAT-01787,斜口钳,工具/手动工具,工具器具/手动工具/通用手动工具,品牌: 世达；类型: 斜口钳,把,2,可合并 | 可建档,世达斜口钳,Sheet1:2855；Sheet1:3017,规格/型号缺失 | 与2852同类，规格/型号缺失,REVIEW-MAT-01787,single_candidate;source_status_contains_merge;low_precision,0.70,true
REVIEW-MAT-01788,砂纸,磨具磨料/砂纸,工具器具/工具耗材/切磨耗材,粒度: 240#,张,1,可建档,240#砂纸,Sheet1:2856,尺寸/背基材质缺失,REVIEW-MAT-01788,single_candidate;low_precision,0.70,true
REVIEW-MAT-01789,砂纸,磨具磨料/砂纸,工具器具/工具耗材/切磨耗材,粒度: 80#,张,1,可建档,80#砂纸,Sheet1:2857,尺寸/背基材质缺失,REVIEW-MAT-01789,single_candidate;low_precision,0.70,true
REVIEW-MAT-01790,十字批头套装,工具/手动工具,工具器具/手动工具/通用手动工具,品牌: 世达；类型: 十字批头；配置: 套装,套,1,可建档,世达十字批头套装,Sheet1:2858,规格组合/件数缺失,REVIEW-MAT-01790,single_candidate;low_precision,0.70,true
REVIEW-MAT-01791,吊装带,吊装索具/吊带,吊装索具/吊带索具/吊带,额定载荷: 5T；长度: 6m,根,4,可合并 | 可建档,吊带5T*6m,Sheet1:2859；Sheet1:3088；Sheet1:3395；Sheet1:3406,材质/安全系数/颜色缺失 | 与2856同类，材质/安全系数缺失,REVIEW-MAT-01791,single_candidate;source_status_contains_merge;low_precision;human_review_group,0.65,true
REVIEW-MAT-01792,吊装带,吊装索具/吊带,吊装索具/吊带索具/吊带,额定载荷: 5T；长度: 3m,根,1,可建档,吊带5T*3m,Sheet1:2860,材质/安全系数/颜色缺失,REVIEW-MAT-01792,single_candidate;low_precision;human_review_group,0.65,true
REVIEW-MAT-01793,尼龙扎带,电气耗材/扎带,电气与自动化/其他/扎带,规格: 10*400,包,1,可建档,扎带10*400,Sheet1:2862,每包数量/材质缺失,REVIEW-MAT-01793,single_candidate;low_precision;human_review_group,0.65,true
REVIEW-MAT-01794,焊枪线缆套装,焊接工具/焊枪配件,焊接焊割/焊割设备工具/焊机割炬,型号: 500型；线长: 5米；包含: 焊枪,套,1,可建档,500型5米线带焊枪,Sheet1:2866,适配焊机/接口缺失,REVIEW-MAT-01794,single_candidate;low_precision,0.70,true
REVIEW-MAT-01795,卸扣,吊装索具/卸扣,吊装索具/吊装连接件/卸扣吊钩,额定载荷: 25T,个,1,可建档,卸扣25T,Sheet1:2867,材质/安全系数/标准缺失,REVIEW-MAT-01795,single_candidate;low_precision;human_review_group,0.65,true
REVIEW-MAT-01799,卸扣,吊装索具/卸扣,吊装索具/吊装连接件/卸扣吊钩,额定载荷: 17T,个,1,可建档,卸扣17T,Sheet1:2871,材质/安全系数/标准缺失,REVIEW-MAT-01799,single_candidate;low_precision;human_review_group,0.65,true
REVIEW-MAT-01800,PVC管,管材/PVC管,管道管件/塑料管件/PVC管件,品牌: 公元；材质: PVC；直径: Φ75,米,1,可建档,公元PVCΦ75管,Sheet1:2872,压力等级/壁厚缺失,REVIEW-MAT-01800,single_candidate;low_precision,0.70,true
REVIEW-MAT-01801,PVC管,管材/PVC管,管道管件/塑料管件/PVC管件,品牌: 公元；材质: PVC；直径: Φ110,米,1,可建档,公元PVCΦ110管,Sheet1:2873,压力等级/壁厚缺失,REVIEW-MAT-01801,single_candidate;low_precision,0.70,true
REVIEW-MAT-01802,PVC直接,管件/PVC管件,管道管件/塑料管件/PVC管件,品牌: 公元；材质: PVC；直径: Φ110；类型: 直接,个,1,可建档,公元PVCΦ110直接,Sheet1:2874,压力等级/连接方式缺失,REVIEW-MAT-01802,single_candidate;low_precision,0.70,true
REVIEW-MAT-01803,PVC直接,管件/PVC管件,管道管件/塑料管件/PVC管件,品牌: 公元；材质: PVC；直径: Φ75；类型: 直接,个,1,可建档,公元PVCΦ75直接,Sheet1:2875,压力等级/连接方式缺失,REVIEW-MAT-01803,single_candidate;low_precision,0.70,true
REVIEW-MAT-01804,网线对接头,弱电安防/网络配件,弱电安防/通信与监控/通信设备,类型: 网线对接头,个,1,可建档,网线对接头,Sheet1:2877,类别/屏蔽与否缺失,REVIEW-MAT-01804,single_candidate;low_precision,0.70,true
REVIEW-MAT-01805,网线成品线,弱电安防/网络线缆,弱电安防/通信与监控/通信设备,长度: 30米；配置: 两端插头,根,1,可建档,30米网线带两端插头,Sheet1:2879,网线类别/屏蔽与否缺失,REVIEW-MAT-01805,single_candidate;low_precision,0.70,true
REVIEW-MAT-01806,铜接线端子,电气/接线端子,电气与自动化/接线连接/接线端子,材质: 铜；规格: 100A；俗称: 铜鼻子,个,1,可建档,100A铜鼻子,Sheet1:2880,线径/孔径缺失,REVIEW-MAT-01806,single_candidate;low_precision,0.70,true
REVIEW-MAT-01807,不锈钢挂锁,五金/锁具,五金备件/门锁锁具/门锁锁具,规格: 40；材质: 不锈钢 || 材质: 不锈钢；规格: 40,把,2,可合并,40不锈钢挂锁；不锈钢挂锁40,Sheet1:2882；Sheet1:3167,与2724同类，锁梁规格缺失,REVIEW-MAT-01807；REVIEW-MAT-02009,exact_name_group_unit_specs;source_status_contains_merge;low_precision,0.70,true
REVIEW-MAT-01808,万向脚轮,物流搬运/脚轮,仓储物流/搬运设备/手推车叉车,类型: 万向车轮,个,1,可合并,万向车轮,Sheet1:2884,与2758同类，尺寸/载重缺失,REVIEW-MAT-01808,single_candidate;source_status_contains_merge;low_precision,0.70,true
REVIEW-MAT-01809,插销,五金/门窗五金,五金备件/其他/门窗五金,规格: 300；类型: 插销,套,1,可建档,插销300,Sheet1:2885,材质/长度单位缺失,REVIEW-MAT-01809,single_candidate;low_precision;human_review_group,0.65,true
REVIEW-MAT-01810,五坑钻头,工具/钻头,工具器具/工具耗材/钻头,品牌: 博世；柄型: 五坑；直径: Φ40；长度: 1米,根,1,可建档,博世五坑钻头Φ40*1米,Sheet1:2888,材质/适配设备缺失,REVIEW-MAT-01810,single_candidate;low_precision,0.70,true
REVIEW-MAT-01811,空调,行政后勤/空调设备,行政办公与清洁/其他/空调设备,品牌: 格力；能效等级: 1级,台,7,可合并 | 可建档,格力1级能效空调,Sheet1:2890；Sheet1:2931；Sheet1:3053；Sheet1:3330；Sheet1:3388；Sheet1:3442；Sheet1:3502,匹数/型号/冷暖类型缺失 | 与2887同类，匹数/型号缺失,REVIEW-MAT-01811,single_candidate;source_status_contains_merge;low_precision;human_review_group,0.65,true
REVIEW-MAT-01812,加厚货架,仓储设备/货架,仓储物流/仓储设备/货架容器,特征: 加厚；尺寸: 2m*2m*0.6m,套,2,可合并 | 可建档,加厚货架2m*2m*0.6m,Sheet1:2892；Sheet1:2930,层数/承重/材质缺失 | 与2889同类，层数/承重缺失,REVIEW-MAT-01812,single_candidate;source_status_contains_merge;low_precision,0.70,true
REVIEW-MAT-01813,变径内丝直接,管件/管路接头,管道管件/其他/管路接头,规格: 25变20；连接: 内丝；类型: 直接,个,1,可建档,25变20内丝直接,Sheet1:2894,材质/压力等级缺失,REVIEW-MAT-01813,single_candidate;low_precision;human_review_group,0.65,true
REVIEW-MAT-01814,不锈钢防松螺母,紧固件/螺母,紧固件/螺纹紧固件/螺母垫圈,规格: M20；材质: 不锈钢；类型: 防松螺帽,个,1,可建档,M20不锈钢防松螺帽,Sheet1:2896,不锈钢牌号/牙距缺失,REVIEW-MAT-01814,single_candidate;low_precision,0.70,true
REVIEW-MAT-01815,不锈钢户外箱,电气/配电箱壳体,电气与自动化/其他/配电箱壳体,材质: 不锈钢；环境: 户外；尺寸: 500*600*200,个,1,可建档,不锈钢户外箱500*600*200,Sheet1:2899,防护等级/板厚缺失,REVIEW-MAT-01815,single_candidate;low_precision;human_review_group,0.65,true
REVIEW-MAT-01816,漏电保护器,电气/低压电器,电气与自动化/其他/低压电器,品牌: 德力西；极数: 4P；额定电流: 63A,个,1,可建档,德力西漏保4P/63A,Sheet1:2900,分断能力/漏电动作电流缺失,REVIEW-MAT-01816,single_candidate;low_precision;human_review_group,0.65,true
REVIEW-MAT-01817,漏电保护器,电气/低压电器,电气与自动化/其他/低压电器,品牌: 德力西；极数: 2P；额定电流: 16A,个,1,可建档,德力西漏保2P/16A,Sheet1:2901,分断能力/漏电动作电流缺失,REVIEW-MAT-01817,single_candidate;low_precision;human_review_group,0.65,true
REVIEW-MAT-01818,时控开关,电气/低压电器,电气与自动化/其他/低压电器,品牌: 德力西；类型: 时控开关,个,1,可建档,德力西时控开关,Sheet1:2902,电压/型号缺失,REVIEW-MAT-01818,single_candidate;low_precision;human_review_group,0.65,true
REVIEW-MAT-01819,交流接触器,电气/低压电器,电气与自动化/其他/低压电器,品牌: 施耐德；系列: CJX2；线圈电压: 220V,个,1,可建档,施耐德cjx2-220V接触器,Sheet1:2903,额定电流/型号完整值缺失,REVIEW-MAT-01819,single_candidate;low_precision;human_review_group,0.65,true
REVIEW-MAT-01820,接线端子,电气/接线端子,电气与自动化/接线连接/接线端子,型号: UK5N,个,2,可合并 | 可建档,接线端子UK5N,Sheet1:2905；Sheet1:2920,额定电流/线径范围缺失 | 与2902同类，额定电流/线径缺失,REVIEW-MAT-01820,single_candidate;source_status_contains_merge;low_precision,0.70,true
REVIEW-MAT-01821,喷火枪,工具/燃气工具,工具器具/其他/燃气工具,类型: 喷火枪,把,1,可建档,喷火枪,Sheet1:2907,气源/接口/品牌缺失,REVIEW-MAT-01821,single_candidate;low_precision;human_review_group,0.65,true
REVIEW-MAT-01822,不锈钢锁扣,五金/锁具配件,五金备件/门锁锁具/门锁锁具,材质: 不锈钢；类型: 锁扣,套,1,可建档,不锈钢锁扣,Sheet1:2908,尺寸/孔距缺失,REVIEW-MAT-01822,single_candidate;low_precision,0.70,true
REVIEW-MAT-01823,不锈钢挂锁,五金/锁具,五金备件/门锁锁具/门锁锁具,材质: 不锈钢；类型: 挂锁,把,1,可合并,不锈钢挂锁,Sheet1:2909,与2724同类，规格缺失,REVIEW-MAT-01823,single_candidate;source_status_contains_merge;low_precision,0.70,true
REVIEW-MAT-01824,槽钢,钢材/型钢,金属原材料/钢材型材/钢材型材,规格: 6#,米,1,可建档,槽钢6#,Sheet1:2910,材质/标准/长度缺失,REVIEW-MAT-01824,single_candidate;low_precision,0.70,true
REVIEW-MAT-01825,方柱加工件,定制件/金属加工件,设备备件与加工件/金属加工件/金属加工件,加工: 是；截面: 70mm*70mm；长度: 1m,根,1,可建档-定制件,加工方柱70mm*70mm*1m,Sheet1:2912,材质/图纸/用途缺失,REVIEW-MAT-01825,single_candidate;low_precision,0.70,true
REVIEW-MAT-01826,方柱加工件,定制件/金属加工件,设备备件与加工件/金属加工件/金属加工件,加工: 是；截面: 70mm*70mm；长度: 0.3m,根,1,可建档-定制件,加工方柱70mm*70mm*0.3m,Sheet1:2913,材质/图纸/用途缺失,REVIEW-MAT-01826,single_candidate;low_precision,0.70,true
REVIEW-MAT-01827,航空插头插座套装,电气/插头插座,电气与自动化/插头插座/插头插座,安装: 明装；芯数: 3芯；额定电流: 16A,套,1,可建档,明装航空插头插座3芯/16A,Sheet1:2914,电压/防护等级/型号缺失,REVIEW-MAT-01827,single_candidate;low_precision,0.70,true
REVIEW-MAT-01828,漏电保护器,电气/低压电器,电气与自动化/其他/低压电器,品牌: 德力西；极数: 2P；额定电流: 25A,个,1,可建档,德力西漏保开关2P/25A,Sheet1:2916,分断能力/漏电动作电流缺失,REVIEW-MAT-01828,single_candidate;low_precision;human_review_group,0.65,true
REVIEW-MAT-01829,断路器,电气/低压电器,电气与自动化/其他/低压电器,品牌: 德力西；极数: 2P；额定电流: 10A,个,1,可建档,德力西断路器2P/10A,Sheet1:2917,分断能力/曲线缺失,REVIEW-MAT-01829,single_candidate;low_precision;human_review_group,0.65,true
REVIEW-MAT-01830,电柜风扇防雨罩组合,电气/配电柜散热,电气与自动化/其他/配电柜散热,用途: 电柜；包含: 风扇+防雨罩；电压: 380V,个,1,可建档,电柜风扇防雨罩组合380V,Sheet1:2918,风扇尺寸/功率/防护等级缺失,REVIEW-MAT-01830,single_candidate;low_precision;human_review_group,0.65,true
REVIEW-MAT-01831,温控开关,电气/温控元件,电气与自动化/其他/温控元件,用途: 电柜风扇；颜色: 蓝色；类型: 温控开关,个,1,可建档,电柜风扇温控开关蓝色,Sheet1:2919,温控范围/型号缺失,REVIEW-MAT-01831,single_candidate;low_precision;human_review_group,0.65,true
REVIEW-MAT-01832,设备按钮标识贴,标签耗材/设备标识,包装与标识/胶带标签/标签碳带,用途: 设备按钮；类型: 标识贴,个,1,可建档,设备按钮标示贴,Sheet1:2921,材质/尺寸/内容缺失,REVIEW-MAT-01832,single_candidate;low_precision,0.70,true
REVIEW-MAT-01833,导流罩,设备备件/搅拌机配件,设备备件与加工件/设备专用备件/设备备件,适配型号: QJB-4/6；部件: 导流罩,个,1,可建档,导流罩QJB-4/6,Sheet1:2922,材质/厂家缺失,REVIEW-MAT-01833,single_candidate;low_precision,0.70,true
REVIEW-MAT-01834,叶轮,设备备件/搅拌机配件,设备备件与加工件/设备专用备件/设备备件,适配型号: QJB-4/6；部件: 叶轮,个,2,可合并 | 可建档,叶轮QJB-4/6,Sheet1:2923；Sheet1:2933,材质/直径/厂家缺失 | 与2920同类，材质/直径缺失,REVIEW-MAT-01834,single_candidate;source_status_contains_merge;low_precision,0.70,true
REVIEW-MAT-01835,叶轮,设备备件/搅拌机配件,设备备件与加工件/设备专用备件/设备备件,适配型号: QJB-2/8；部件: 叶轮,个,1,可建档,叶轮QJB-2/8,Sheet1:2924,材质/直径/厂家缺失,REVIEW-MAT-01835,single_candidate;low_precision,0.70,true
REVIEW-MAT-01836,高强度全螺纹螺杆,紧固件/螺杆,紧固件/其他/螺杆,强度等级: 12.9；规格: M30*1m；原始: 全芽,根,1,可建档,12.9级全芽螺杆m30*1m,Sheet1:2926,`全芽`疑似全牙，材质/表面处理缺失,REVIEW-MAT-01836,single_candidate;low_precision;human_review_group,0.65,true
REVIEW-MAT-01837,高强度螺母,紧固件/螺母,紧固件/螺纹紧固件/螺母垫圈,强度等级: 12.9；规格: M30,个,1,可建档,12.9级螺母M30,Sheet1:2927,材质/牙距缺失,REVIEW-MAT-01837,single_candidate;low_precision,0.70,true
REVIEW-MAT-01838,B型槽钢,钢材/型钢,金属原材料/钢材型材/钢材型材,规格: 20#B,米,1,可建档,20#B型槽钢,Sheet1:2928,材质/标准/长度缺失,REVIEW-MAT-01838,single_candidate;low_precision,0.70,true
REVIEW-MAT-01839,B型槽钢,钢材/型钢,金属原材料/钢材型材/钢材型材,规格: 16#B,米,1,可建档,16#B型槽钢,Sheet1:2929,材质/标准/长度缺失,REVIEW-MAT-01839,single_candidate;low_precision,0.70,true
REVIEW-MAT-01840,双层床,行政后勤/生活用品,行政办公与清洁/生活后勤/生活用品,材质: 方钢；结构: 卡扣式；类型: 双层床,套,2,可合并 | 可建档,方钢卡扣双层床；方钢卡扣式双层床,Sheet1:2932；Sheet1:3396,尺寸/承重缺失 | 与2929同类，尺寸/承重缺失,REVIEW-MAT-01840,single_candidate;source_status_contains_merge;low_precision,0.70,true
REVIEW-MAT-01841,叶轮,设备备件/搅拌机配件,设备备件与加工件/设备专用备件/设备备件,适配型号: QJB-5/8；部件: 叶轮,个,1,可建档,叶轮QJB-5/8,Sheet1:2934,材质/直径/厂家缺失,REVIEW-MAT-01841,single_candidate;low_precision,0.70,true
REVIEW-MAT-01842,角钢加工件,定制件/金属加工件,设备备件与加工件/金属加工件/金属加工件,加工: 是；规格: 40角铁；长度: 1.5米,根,1,可建档-定制件,加工40角铁1.5米长,Sheet1:2936,40*40还是其他规格、厚度/材质缺失,REVIEW-MAT-01842,single_candidate;low_precision,0.70,true
REVIEW-MAT-01843,接线端子,电气/接线端子,电气与自动化/接线连接/接线端子,型号: UK5N；颜色: 黄绿色,个,1,可建档,黄绿色接线端子UK5N,Sheet1:2937,是否接地端子需确认，额定电流缺失,REVIEW-MAT-01843,single_candidate;low_precision,0.70,true
REVIEW-MAT-01844,5号电池,电气/电池,电气与自动化/电源电池/电源电池,品牌: 南孚；规格: 5号,节,3,可合并 | 可建档,南孚电池5号,Sheet1:2938；Sheet1:3079；Sheet1:3269,碱性/容量缺失 | 与2935同类，碱性/容量缺失,REVIEW-MAT-01844,single_candidate;source_status_contains_merge;low_precision,0.70,true
REVIEW-MAT-01845,强光手电筒,工具/照明工具,工具器具/其他/照明工具,类型: 强光手电筒,个,1,可建档,强光手电筒,Sheet1:2939,电池类型/亮度/防水等级缺失,REVIEW-MAT-01845,single_candidate;low_precision;human_review_group,0.65,true
REVIEW-MAT-01846,机械密封,密封件/机械密封,密封件/其他/机械密封,材质: 合金钢；型号: 109-35；原始: 机密封,套,1,可建档,合金钢机密封109-35,Sheet1:2940,适配设备/介质缺失,REVIEW-MAT-01846,single_candidate;low_precision;human_review_group,0.65,true
REVIEW-MAT-01847,高强度全螺纹螺丝,紧固件/螺丝,紧固件/螺纹紧固件/螺丝螺栓,强度等级: 12.9；规格: M30*250；原始: 全芽,套,1,可建档,12.9级m30*250全芽螺丝,Sheet1:2942,`全芽`疑似全牙，套件内容/材质缺失,REVIEW-MAT-01847,single_candidate;low_precision,0.70,true
REVIEW-MAT-01848,防水网线连接器,弱电安防/网络配件,弱电安防/通信与监控/通信设备,环境: 户外；特性: 防水；类型: 网线接头连接器,套,1,可建档,户外防水网线接头连接器,Sheet1:2944,网线类别/防护等级缺失,REVIEW-MAT-01848,single_candidate;low_precision,0.70,true
REVIEW-MAT-01849,激光水平仪,工具/测量工具,工具器具/量具测量/量具测量,品牌: 莱赛；类型: 激光红外水平仪,套,1,可建档,莱赛激光红外水平仪,Sheet1:2945,线数/精度/型号缺失,REVIEW-MAT-01849,single_candidate;low_precision,0.70,true
REVIEW-MAT-01850,电焊机接线夹,焊接工具/焊机配件,焊接焊割/焊割设备工具/焊机割炬,适配: 电焊机；部件: 接线夹,个,1,可建档,电焊机接线夹,Sheet1:2947,电流等级/接口缺失,REVIEW-MAT-01850,single_candidate;low_precision,0.70,true
REVIEW-MAT-01851,电动油脂泵,润滑设备/油脂泵,润滑系统/润滑设备配件/润滑泵管路,容量: 6L；出口数: 3出口；配置: 带时控器,台,1,可建档,电动油脂泵6L-3出口带时控器,Sheet1:2948,电压/压力/品牌缺失,REVIEW-MAT-01851,single_candidate;low_precision,0.70,true
REVIEW-MAT-01852,泥浆泵活塞,设备备件/泥浆泵配件,设备备件与加工件/设备专用备件/设备备件,适配型号: BW-250；部件: 活塞,个,1,可建档,泥浆泵活塞BW-250,Sheet1:2949,材质/厂家缺失,REVIEW-MAT-01852,single_candidate;low_precision,0.70,true
REVIEW-MAT-01853,泥浆泵活塞,设备备件/泥浆泵配件,设备备件与加工件/设备专用备件/设备备件,适配型号: BW-150；部件: 活塞,个,1,可建档,泥浆泵活塞BW-150,Sheet1:2950,材质/厂家缺失,REVIEW-MAT-01853,single_candidate;low_precision,0.70,true
REVIEW-MAT-01854,电柜散热风机,电气/配电柜散热,电气与自动化/其他/配电柜散热,用途: 电柜散热；类型: 风机,个,1,可建档,电柜散热风机,Sheet1:2951,电压/尺寸/风量缺失,REVIEW-MAT-01854,single_candidate;low_precision;human_review_group,0.65,true
REVIEW-MAT-01855,水下连接器,电气/水下连接器,电气与自动化/其他/水下连接器,环境: 水下；结构: 四电二光,套,1,可建档,水下连接器四电二光,Sheet1:2954,防水等级/接口/耐压深度缺失,REVIEW-MAT-01855,single_candidate;low_precision;human_review_group,0.65,true
REVIEW-MAT-01856,水下连接器堵头,电气/水下连接器,电气与自动化/其他/水下连接器,适配: 水下连接器；类型: 堵头,套,1,可建档,水下连接器堵头,Sheet1:2955,适配型号/防水等级缺失,REVIEW-MAT-01856,single_candidate;low_precision;human_review_group,0.65,true
REVIEW-MAT-01857,双电源转换器,电气/低压电器,电气与自动化/其他/低压电器,电压: 220V；极数: 2P；电流: 20A,个,1,可建档,双电源转换器220V-2P-20A,Sheet1:2956,切换方式/型号缺失,REVIEW-MAT-01857,single_candidate;low_precision;human_review_group,0.65,true
REVIEW-MAT-01858,光纤交换机,弱电安防/网络设备,弱电安防/通信与监控/通信设备,端口: 二光四电,台,1,可建档,光纤交换机二光四电,Sheet1:2957,速率/品牌/供电方式缺失,REVIEW-MAT-01858,single_candidate;low_precision,0.70,true
REVIEW-MAT-01859,变焦摄像头,弱电安防/监控设备,弱电安防/通信与监控/安防监控,功能: 变焦,个,1,可建档,变焦摄像头,Sheet1:2959,品牌/分辨率/焦距缺失,REVIEW-MAT-01859,single_candidate;low_precision,0.70,true
REVIEW-MAT-01860,双电源转换器,电气/低压电器,电气与自动化/其他/低压电器,电压: 24V,个,1,可建档,双电源转换器24V,Sheet1:2962,极数/电流/型号缺失,REVIEW-MAT-01860,single_candidate;low_precision;human_review_group,0.65,true
REVIEW-MAT-01861,漏电保护器,电气/低压电器,电气与自动化/其他/低压电器,品牌: 德力西；极数: 2P；额定电流: 20A,个,1,可建档,德力西漏保开关2P/20A,Sheet1:2964,分断能力/漏电动作电流缺失,REVIEW-MAT-01861,single_candidate;low_precision;human_review_group,0.65,true
REVIEW-MAT-01862,棉口罩,劳保耗材/呼吸防护,劳保用品/其他/呼吸防护,材质: 棉；类型: 口罩,个,2,可合并,棉口罩,Sheet1:2969；Sheet1:2985,与2747同类，层数/防护等级缺失,REVIEW-MAT-01862,single_candidate;source_status_contains_merge;low_precision;human_review_group,0.65,true
REVIEW-MAT-01863,护目镜,劳保耗材/眼面防护,劳保用品/其他/眼面防护,类型: 护目眼镜,付,2,可合并,护目眼镜,Sheet1:2970；Sheet1:3125,与2635同类，防护等级缺失,REVIEW-MAT-01863,single_candidate;source_status_contains_merge;low_precision;human_review_group,0.65,true
REVIEW-MAT-01864,焊工手套,劳保耗材/手套,劳保用品/手部防护/手套,用途: 焊工防护,付,1,可建档,焊工手套,Sheet1:2971,材质/长度/耐温等级缺失,REVIEW-MAT-01864,single_candidate;low_precision,0.70,true
REVIEW-MAT-01865,金属电缆防水接头,电气/电缆接头,电气与自动化/电线电缆与敷设/电线电缆,材质: 金属；螺纹: M50*1.5；特性: 防水,个,2,可合并 | 可建档,金属电缆防水接头M50*1.5,Sheet1:2972；Sheet1:2979,防护等级/适配电缆外径缺失 | 与2969同类，防护等级缺失,REVIEW-MAT-01865,single_candidate;source_status_contains_merge;low_precision,0.70,true
REVIEW-MAT-01866,宝塔钻头开孔器,工具/钻头,工具器具/工具耗材/钻头,类型: 宝塔钻头/开孔器；范围: 4-52,套,1,可建档,宝塔钻头开孔器4-52,Sheet1:2973,材质/柄型缺失,REVIEW-MAT-01866,single_candidate;low_precision,0.70,true
REVIEW-MAT-01867,除锈剂,化工耗材/除锈润滑剂,化工油漆胶粘/油品化学品/清洗化学品,品牌: WD40；容量: 500mL,瓶,2,可合并 | 可建档,WD40除锈剂500ML,Sheet1:2974；Sheet1:2998,具体型号/SDS缺失 | 与2971同类，型号/SDS缺失,REVIEW-MAT-01867,single_candidate;source_status_contains_merge;low_precision,0.70,true
REVIEW-MAT-01868,碳弧气刨枪套装,焊接工具/气刨工具,焊接焊割/焊割设备工具/焊机割炬,类型: 碳弧气刨枪；线长: 2米,套,1,可建档,碳弧气刨枪带2米线,Sheet1:2975,电流等级/接口缺失,REVIEW-MAT-01868,single_candidate;low_precision,0.70,true
REVIEW-MAT-01869,碳棒,焊接材料/气刨耗材,焊接焊割/焊接耗材/焊条焊丝,直径: 8mm,盒,1,可建档,碳棒8mm,Sheet1:2976,长度/每盒数量缺失,REVIEW-MAT-01869,single_candidate;low_precision,0.70,true
REVIEW-MAT-01870,一次性雨衣,劳保耗材/雨具,劳保用品/其他/雨具,类型: 一次性雨衣,套,1,可建档,一次性雨衣,Sheet1:2978,尺码/厚度缺失,REVIEW-MAT-01870,single_candidate;low_precision;human_review_group,0.65,true
REVIEW-MAT-01871,金属漆,油漆涂料/金属漆,化工油漆胶粘/油漆涂料/涂料油漆,品牌: 立邦；包装: 18KG；用途: 金属,桶,1,可建档,立邦金属漆18KG,Sheet1:2981,颜色/型号/SDS缺失,REVIEW-MAT-01871,single_candidate;low_precision,0.70,true
REVIEW-MAT-01872,羊毛漆刷,涂装工具/刷子,工具器具/涂装工具/刷辊喷涂,材质: 羊毛；规格: 大号；用途: 涂漆,支,1,可建档,羊毛漆刷大号,Sheet1:2983,尺寸/等级缺失,REVIEW-MAT-01872,single_candidate;low_precision,0.70,true
REVIEW-MAT-01873,滚筒刷,涂装工具/滚筒,工具器具/涂装工具/刷辊喷涂,原始: 滚桶刷；用途: 涂装,个,1,可合并,滚桶刷,Sheet1:2984,疑似滚筒刷，尺寸缺失,REVIEW-MAT-01873,single_candidate;source_status_contains_merge;low_precision,0.70,true
REVIEW-MAT-01874,水封,密封件/水封,密封件/其他/水封,型号: VS-75,个,1,可建档,水封VS-75,Sheet1:2986,适配设备/材质缺失,REVIEW-MAT-01874,single_candidate;low_precision;human_review_group,0.65,true
REVIEW-MAT-01875,高温润滑脂,油品/润滑脂,化工油漆胶粘/其他/润滑脂,类型: 高温黄油；包装: 16KG,桶,1,可建档,高温黄油16KG,Sheet1:2987,品牌/温度范围/型号缺失,REVIEW-MAT-01875,single_candidate;low_precision;human_review_group,0.65,true
REVIEW-MAT-01876,定制电箱,定制件/配电箱,设备备件与加工件/金属加工件/金属加工件,定制: 是；尺寸: 700*300*220,个,1,可建档-定制件,定制电箱700*300*220,Sheet1:2988,材质/配置/图纸缺失,REVIEW-MAT-01876,single_candidate;low_precision,0.70,true
REVIEW-MAT-01877,不锈钢户外箱,电气/配电箱壳体,电气与自动化/其他/配电箱壳体,材质: 不锈钢；环境: 户外；尺寸: 400*400*250,个,1,可建档,不锈钢户外箱400*400*250,Sheet1:2989,防护等级/板厚缺失,REVIEW-MAT-01877,single_candidate;low_precision;human_review_group,0.65,true
REVIEW-MAT-01878,不锈钢内外门电柜,电气/配电柜壳体,电气与自动化/其他/配电柜壳体,材质: 不锈钢；结构: 内外门；尺寸: 1000*650*450,个,1,可建档,不锈钢内外门电柜1000*650*450,Sheet1:2990,防护等级/板厚/配置缺失,REVIEW-MAT-01878,single_candidate;low_precision;human_review_group,0.65,true
REVIEW-MAT-01879,不锈钢内外门电箱,电气/配电箱壳体,电气与自动化/其他/配电箱壳体,材质: 不锈钢；结构: 内外门；尺寸: 350*250*200,个,1,可建档,不锈钢内外门电箱350*250*200,Sheet1:2991,防护等级/板厚/配置缺失,REVIEW-MAT-01879,single_candidate;low_precision;human_review_group,0.65,true
REVIEW-MAT-01880,除锈剂,化工耗材/除锈润滑剂,化工油漆胶粘/油品化学品/清洗化学品,品牌: 陶喜；容量: 450mL,瓶,1,可建档,陶喜除锈剂450mL,Sheet1:2992,型号/SDS缺失,REVIEW-MAT-01880,single_candidate;low_precision,0.70,true
REVIEW-MAT-01881,头盔式面罩,劳保耗材/眼面防护,劳保用品/其他/眼面防护,类型: 头盔式面罩,个,1,可建档,头盔式面罩,Sheet1:2993,防护等级/用途缺失,REVIEW-MAT-01881,single_candidate;low_precision;human_review_group,0.65,true
REVIEW-MAT-01882,油性记号笔,办公用品/书写工具,行政办公与清洁/办公用品/文具书写,颜色: 红色；类型: 油性,支,1,可建档,红色油性记号笔,Sheet1:2994,品牌/粗细缺失,REVIEW-MAT-01882,single_candidate;low_precision,0.70,true
REVIEW-MAT-01883,管钳,工具/手动工具,工具器具/手动工具/通用手动工具,品牌: 世达；规格: 14寸,把,1,可建档,世达管钳14寸,Sheet1:2996,型号缺失,REVIEW-MAT-01883,single_candidate;low_precision,0.70,true
REVIEW-MAT-01884,消防铲,安全消防/消防工具,消防器材/消防工具/消防工具,类型: 消防铲,把,1,可建档,消防铲,Sheet1:2997,材质/长度缺失,REVIEW-MAT-01884,single_candidate;low_precision;human_review_group,0.65,true
REVIEW-MAT-01885,指示灯,电气/按钮指示元件,电气与自动化/低压电器/开关按钮,安装孔径: M22；颜色: 红+绿,个,1,可建档,指示灯M22 红+绿,Sheet1:3002,电压/触点形式缺失,REVIEW-MAT-01885,single_candidate;low_precision,0.70,true
REVIEW-MAT-01886,调速电位器,电气/按钮指示元件,电气与自动化/低压电器/开关按钮,品牌: 施耐德；阻值: 5K；用途: 调速,个,1,可建档,施耐德调速电位器5K,Sheet1:3003,安装孔径/型号缺失,REVIEW-MAT-01886,single_candidate;low_precision,0.70,true
REVIEW-MAT-01887,按钮开关,电气/按钮指示元件,电气与自动化/低压电器/开关按钮,颜色: 红+绿；类型: 按钮开关,个,1,可建档,按钮开关红+绿,Sheet1:3004,安装孔径/触点形式/电压缺失,REVIEW-MAT-01887,single_candidate;low_precision,0.70,true
REVIEW-MAT-01888,转换开关,电气/按钮指示元件,电气与自动化/低压电器/开关按钮,类型: 按钮转换开关,个,1,可建档,按钮转换开关,Sheet1:3005,档位/触点形式/孔径缺失,REVIEW-MAT-01888,single_candidate;low_precision,0.70,true
REVIEW-MAT-01889,继电器套装,电气/继电器,电气与自动化/低压电器/继电器接触器,品牌: 施耐德；电压: 220V；电流: 5A；配置: 带底座,套,1,可建档,施耐德继电器带底座220V/5A,Sheet1:3006,触点组数/型号缺失,REVIEW-MAT-01889,single_candidate;low_precision,0.70,true
REVIEW-MAT-01890,黄油嘴,设备润滑/黄油嘴,润滑系统/润滑设备配件/润滑泵管路,材质: 纯铜；规格: M10,个,1,可建档,纯铜黄油咀M10,Sheet1:3007,角度/螺纹牙距缺失,REVIEW-MAT-01890,single_candidate;low_precision,0.70,true
REVIEW-MAT-01891,刀片,工具/刀片,工具器具/手动工具/钳剪刀锤,品牌: 锐锋；类型: 刀片,盒,1,可建档,锐锋刀片,Sheet1:3009,规格/每盒数量缺失,REVIEW-MAT-01891,single_candidate;low_precision,0.70,true
REVIEW-MAT-01892,液态密封胶,胶粘剂/密封胶,化工油漆胶粘/胶粘密封/胶粘剂,品牌: 三和；类型: 液态密封胶,支,1,可建档,三和液态密封胶,Sheet1:3011,容量/型号/耐温缺失,REVIEW-MAT-01892,single_candidate;low_precision,0.70,true
REVIEW-MAT-01893,带盖方桶,容器/塑料桶,行政办公与清洁/生活后勤/生活用品,材质: 牛筋；容量: 6L；配置: 带盖,个,1,可合并,牛筋带盖方桶6L,Sheet1:3012,与2600同类，尺寸/颜色缺失,REVIEW-MAT-01893,single_candidate;source_status_contains_merge;low_precision,0.70,true
REVIEW-MAT-01894,电位器,电气/按钮指示元件,电气与自动化/低压电器/开关按钮,品牌: 天逸；型号: LA42D；阻值: 5K,个,1,可建档,天逸电位器LA42D-5K,Sheet1:3014,安装孔径/用途缺失,REVIEW-MAT-01894,single_candidate;low_precision,0.70,true
REVIEW-MAT-01895,老虎钳,工具/手动工具,工具器具/手动工具/通用手动工具,品牌: 得力；类型: 老虎钳,把,1,可建档,得力老虎钳,Sheet1:3015,规格/型号缺失,REVIEW-MAT-01895,single_candidate;low_precision,0.70,true
REVIEW-MAT-01896,尖嘴钳,工具/手动工具,工具器具/手动工具/通用手动工具,品牌: 得力；类型: 尖嘴钳,把,1,可建档,得力尖嘴钳,Sheet1:3016,规格/型号缺失,REVIEW-MAT-01896,single_candidate;low_precision,0.70,true
REVIEW-MAT-01897,一字螺丝刀,工具/手动工具,工具器具/手动工具/通用手动工具,类型: 一字,把,1,可建档,一字螺丝刀,Sheet1:3018,规格/杆长/品牌缺失,REVIEW-MAT-01897,single_candidate;low_precision,0.70,true
REVIEW-MAT-01898,十字螺丝刀,工具/手动工具,工具器具/手动工具/通用手动工具,类型: 十字,把,1,可建档,十字螺丝刀,Sheet1:3019,规格/杆长/品牌缺失,REVIEW-MAT-01898,single_candidate;low_precision,0.70,true
REVIEW-MAT-01899,管型接线端子,电气/接线端子,电气与自动化/接线连接/接线端子,类型: 管型；适配线径: 2.5平方,包,1,可建档,管型接线端子2.5平方,Sheet1:3020,每包数量/颜色/端头形式缺失,REVIEW-MAT-01899,single_candidate;low_precision,0.70,true
REVIEW-MAT-01900,垃圾袋,行政后勤/清洁用品,行政办公与清洁/清洁用品/清洁工具耗材,颜色: 黑色；尺寸: 1.2米*1.4米,条,1,可建档,黑色垃圾袋1.2米*1.4米,Sheet1:3023,厚度/每包数量缺失,REVIEW-MAT-01900,single_candidate;low_precision,0.70,true
REVIEW-MAT-01901,吊钩保险扣,吊装索具/吊钩配件,吊装索具/吊装连接件/卸扣吊钩,适配: 行车吊钩；额定载荷: 20T；部件: 保险扣,个,1,可建档,行车吊钩保险扣20T,Sheet1:3024,适配吊钩型号/材质缺失,REVIEW-MAT-01901,single_candidate;low_precision;human_review_group,0.65,true
REVIEW-MAT-01902,吊钩保险扣,吊装索具/吊钩配件,吊装索具/吊装连接件/卸扣吊钩,适配: 行车吊钩；额定载荷: 16T；部件: 保险扣,个,1,可建档,行车吊钩保险扣16T,Sheet1:3025,适配吊钩型号/材质缺失,REVIEW-MAT-01902,single_candidate;low_precision;human_review_group,0.65,true
REVIEW-MAT-01903,不锈钢单向阀,阀门/单向阀,阀门/其他/单向阀,材质: 不锈钢；规格: 1寸；类型: 单向阀,个,2,可合并 | 可建档,不锈钢单向阀1寸,Sheet1:3026；Sheet1:3030,压力等级/连接形式缺失 | 与3023同类，压力等级/连接形式缺失,REVIEW-MAT-01903,single_candidate;source_status_contains_merge;low_precision;human_review_group,0.65,true
REVIEW-MAT-01904,阻燃挤塑板,保温材料/挤塑板,工程建材/保温防水/保温材料,特性: 阻燃；尺寸: 2.2m*0.6m*0.1m；数量描述: 116块,平方,1,可建档,阻燃挤塑板2.2m*0.6m*0.1m*116块,Sheet1:3027,阻燃等级/密度缺失,REVIEW-MAT-01904,single_candidate;low_precision,0.70,true
REVIEW-MAT-01905,阻燃挤塑板,保温材料/挤塑板,工程建材/保温防水/保温材料,特性: 阻燃；尺寸: 2.2m*0.6m*0.05m；数量描述: 64块,平方,1,可建档,阻燃挤塑板2.2m*0.6m*0.05m*64块,Sheet1:3028,阻燃等级/密度缺失,REVIEW-MAT-01905,single_candidate;low_precision,0.70,true
REVIEW-MAT-01906,明装开关底盒,电气/开关插座辅材,电气与自动化/低压电器/开关按钮,品牌: 公牛；安装: 明装；部件: 底盒底座,套,1,可建档,公牛明装开关底盒底座,Sheet1:3032,规格/孔位缺失,REVIEW-MAT-01906,single_candidate;low_precision,0.70,true
REVIEW-MAT-01907,透明硅晶板,板材/硅晶板,工程建材/板材型材/板材,颜色: 透明；尺寸: 0.8m*0.45m*0.05m,块,1,可建档,透明硅晶板0.8m*0.45m*0.05m,Sheet1:3033,材质等级/用途缺失,REVIEW-MAT-01907,single_candidate;low_precision,0.70,true
REVIEW-MAT-01908,墙纸,建筑装饰材料/墙纸,工程建材/其他/墙纸,颜色: 白色；尺寸: 3m*0.325m,块,1,可建档,白色墙纸3m*0.325m,Sheet1:3034,材质/胶面/单位是否卷需确认,REVIEW-MAT-01908,single_candidate;human_review_group,0.65,true
REVIEW-MAT-01909,多层实木板,木材板材/实木板,工程建材/板材型材/板材,材质: 多层实木；尺寸: 2.44m*1.22m*0.018m,张,1,可建档,多层实木板2.44m*1.22m*0.018m,Sheet1:3035,等级/环保等级缺失,REVIEW-MAT-01909,single_candidate;low_precision,0.70,true
REVIEW-MAT-01910,油漆滚筒,涂装工具/滚筒,工具器具/涂装工具/刷辊喷涂,用途: 油漆,包,1,可合并,油漆滚筒,Sheet1:3036,与2614同类，每包数量/尺寸缺失,REVIEW-MAT-01910,single_candidate;source_status_contains_merge;low_precision,0.70,true
REVIEW-MAT-01911,滚筒柄,涂装工具/滚筒配件,工具器具/涂装工具/刷辊喷涂,部件: 滚筒柄,把,1,可建档,滚筒柄,Sheet1:3039,适配滚筒宽度/长度缺失,REVIEW-MAT-01911,single_candidate;low_precision,0.70,true
REVIEW-MAT-01912,不锈钢钻头,工具/钻头,工具器具/工具耗材/钻头,用途/材质: 不锈钢；直径: 3.2mm,支,1,可建档,不锈钢钻头3.2mm,Sheet1:3040,材质/柄型缺失,REVIEW-MAT-01912,single_candidate;low_precision,0.70,true
REVIEW-MAT-01913,镀锌板剪刀,工具/剪切工具,工具器具/手动工具/钳剪刀锤,材质: 合金钢；用途: 镀锌板；规格: 20寸,把,1,可建档,合金钢镀锌板剪刀20寸,Sheet1:3041,剪切厚度/品牌缺失,REVIEW-MAT-01913,single_candidate;low_precision,0.70,true
REVIEW-MAT-01914,铣刀钻头,工具/钻铣刀具,工具器具/手动工具/钳剪刀锤,用途/材质: 不锈钢；直径: 4mm,支,1,可建档,不锈钢铣刀钻头4mm,Sheet1:3044,刀具类型/柄径缺失,REVIEW-MAT-01914,single_candidate;low_precision,0.70,true
REVIEW-MAT-01915,铣刀钻头,工具/钻铣刀具,工具器具/手动工具/钳剪刀锤,用途/材质: 不锈钢；直径: 10mm,支,1,可建档,不锈钢铣刀钻头10mm,Sheet1:3045,刀具类型/柄径缺失,REVIEW-MAT-01915,single_candidate;low_precision,0.70,true
REVIEW-MAT-01916,管型接线端子,电气/接线端子,电气与自动化/接线连接/接线端子,类型: 管型；适配线径: 4平方,包,1,可建档,管型接线端子4平方,Sheet1:3046,每包数量/颜色/端头形式缺失,REVIEW-MAT-01916,single_candidate;low_precision,0.70,true
REVIEW-MAT-01917,切割片,磨具磨料/切割片,工具器具/工具耗材/切磨耗材,直径: Φ355,片,2,可合并 | 可建档,切割片Φ355,Sheet1:3048；Sheet1:3127,厚度/孔径/材质缺失 | 与3045同类，厚度/孔径缺失,REVIEW-MAT-01917,single_candidate;source_status_contains_merge;low_precision,0.70,true
REVIEW-MAT-01918,钢丝刷,涂装工具/刷子,工具器具/涂装工具/刷辊喷涂,柄材质: 铁柄；类型: 钢丝刷,个,1,可建档,铁柄钢丝刷,Sheet1:3049,尺寸/形制缺失,REVIEW-MAT-01918,single_candidate;low_precision,0.70,true
REVIEW-MAT-01919,不锈钢钻头,工具/钻头,工具器具/工具耗材/钻头,用途/材质: 不锈钢；直径: 6mm,支,1,可建档,不锈钢钻头6mm,Sheet1:3050,材质/柄型缺失,REVIEW-MAT-01919,single_candidate;low_precision,0.70,true
REVIEW-MAT-01920,不锈钢钻头,工具/钻头,工具器具/工具耗材/钻头,用途/材质: 不锈钢；直径: 4mm,支,1,可建档,不锈钢钻头4mm,Sheet1:3051,材质/柄型缺失,REVIEW-MAT-01920,single_candidate;low_precision,0.70,true
REVIEW-MAT-01921,电钻夹头钥匙,电动工具/电钻配件,工具器具/电动工具/电钻角磨机,适配: 电钻夹头；部件: 钥匙,把,1,可建档,电钻夹头钥匙,Sheet1:3052,适配夹头规格缺失,REVIEW-MAT-01921,single_candidate;low_precision,0.70,true
REVIEW-MAT-01922,防水乳胶漆,油漆涂料/乳胶漆,化工油漆胶粘/油漆涂料/涂料油漆,品牌: 立邦；特性: 防水；包装: 18KG,桶,2,可合并 | 可建档,立邦防水乳胶漆18KG,Sheet1:3054；Sheet1:3056,颜色/型号/SDS缺失 | 与3051同类，颜色/型号缺失,REVIEW-MAT-01922,single_candidate;source_status_contains_merge;low_precision,0.70,true
REVIEW-MAT-01923,四氟垫片,定制件/密封垫片,设备备件与加工件/金属加工件/金属加工件,加工: 是；材质: 四氟；规格: Φ450*440*2,个,1,可建档-定制件,加工四氟垫片Φ450*440*2,Sheet1:3055,内外径含义/图纸缺失,REVIEW-MAT-01923,single_candidate;low_precision,0.70,true
REVIEW-MAT-01924,防水乳胶漆,油漆涂料/乳胶漆,化工油漆胶粘/油漆涂料/涂料油漆,品牌: 立邦；颜色: 白色；特性: 防水；包装: 18KG,桶,1,可建档,立邦白色防水乳胶漆18KG,Sheet1:3059,型号/SDS缺失,REVIEW-MAT-01924,single_candidate;low_precision,0.70,true
REVIEW-MAT-01926,油漆滚筒,涂装工具/滚筒,工具器具/涂装工具/刷辊喷涂,规格: 中号,个,1,可建档,中号滚筒,Sheet1:3061,尺寸/毛长缺失,REVIEW-MAT-01926,single_candidate;low_precision,0.70,true
REVIEW-MAT-01927,一字螺丝刀,工具/手动工具,工具器具/手动工具/通用手动工具,品牌: 得力；类型: 一字,把,1,可建档,得力一字螺丝刀,Sheet1:3063,规格/杆长缺失,REVIEW-MAT-01927,single_candidate;low_precision,0.70,true
REVIEW-MAT-01928,UPVC饮水管,管材/UPVC给水管,管道管件/塑料管件/PVC管件,品牌: 公元；材质: UPVC；用途: 饮水；直径: Φ25,米,1,可建档,公元UPVCΦ25饮水管,Sheet1:3064,给水标准/压力等级/壁厚缺失,REVIEW-MAT-01928,single_candidate;low_precision,0.70,true
REVIEW-MAT-01929,UPVC Y型三通,管件/UPVC给水管件,管道管件/塑料管件/PVC管件,品牌: 公元；材质: UPVC；直径: Φ25；类型: Y型三通,个,1,可建档,公元UPVCΦ25Y型三通,Sheet1:3065,给水标准/压力等级缺失,REVIEW-MAT-01929,single_candidate;low_precision,0.70,true
REVIEW-MAT-01930,UPVC三通,管件/UPVC给水管件,管道管件/塑料管件/PVC管件,品牌: 公元；材质: UPVC；直径: Φ25；类型: 三通,个,1,可建档,公元UPVCΦ25三通,Sheet1:3066,给水标准/压力等级缺失,REVIEW-MAT-01930,single_candidate;low_precision,0.70,true
REVIEW-MAT-01931,UPVC弯头,管件/UPVC给水管件,管道管件/塑料管件/PVC管件,品牌: 公元；材质: UPVC；直径: Φ25；角度: 90度,个,1,可建档,公元UPVCΦ25弯头90度,Sheet1:3067,给水标准/压力等级缺失,REVIEW-MAT-01931,single_candidate;low_precision,0.70,true
REVIEW-MAT-01932,UPVC弯头,管件/UPVC给水管件,管道管件/塑料管件/PVC管件,品牌: 公元；材质: UPVC；直径: Φ25；角度: 45度,个,1,可建档,公元UPVCΦ25弯头45度,Sheet1:3068,给水标准/压力等级缺失,REVIEW-MAT-01932,single_candidate;low_precision,0.70,true
REVIEW-MAT-01933,UPVC直接,管件/UPVC给水管件,管道管件/塑料管件/PVC管件,品牌: 公元；材质: UPVC；直径: Φ25；类型: 直接,个,1,可建档,公元UPVCΦ25直接头,Sheet1:3069,给水标准/压力等级缺失,REVIEW-MAT-01933,single_candidate;low_precision,0.70,true
REVIEW-MAT-01934,不锈钢合页,五金/门窗五金,五金备件/其他/门窗五金,材质: 不锈钢；类型: 合页,付,1,可建档,不锈钢合页,Sheet1:3070,尺寸/厚度缺失,REVIEW-MAT-01934,single_candidate;low_precision;human_review_group,0.65,true
REVIEW-MAT-01935,带刹车万向脚轮,物流搬运/脚轮,仓储物流/搬运设备/手推车叉车,类型: 万向轮；配置: 带刹车,个,1,可建档,万向轮带刹车,Sheet1:3071,尺寸/载重缺失,REVIEW-MAT-01935,single_candidate;low_precision,0.70,true
REVIEW-MAT-01936,不锈钢门插销,五金/门窗五金,五金备件/其他/门窗五金,材质: 不锈钢；用途: 门；类型: 插销,套,1,可建档,不锈钢门插销,Sheet1:3073,尺寸/孔距缺失,REVIEW-MAT-01936,single_candidate;low_precision;human_review_group,0.65,true
REVIEW-MAT-01937,不锈钢锁扣,五金/锁具配件,五金备件/门锁锁具/门锁锁具,材质: 不锈钢；用途: 外门；类型: 锁扣,套,1,可合并,不锈钢外门锁扣,Sheet1:3074,与2905同类，尺寸/孔距缺失,REVIEW-MAT-01937,single_candidate;source_status_contains_merge;low_precision,0.70,true
REVIEW-MAT-01938,焊条,焊接材料/焊条,焊接焊割/焊接耗材/焊条焊丝,品牌: 大西洋；牌号: 422；直径: 2.5,箱,1,可建档,大西洋422型2.5焊条,Sheet1:3075,每箱重量/执行标准缺失,REVIEW-MAT-01938,single_candidate;low_precision,0.70,true
REVIEW-MAT-01939,焊条,焊接材料/焊条,焊接焊割/焊接耗材/焊条焊丝,品牌: 大西洋；牌号: 422；直径: 3.2,箱,1,可建档,大西洋422型3.2焊条,Sheet1:3076,每箱重量/执行标准缺失,REVIEW-MAT-01939,single_candidate;low_precision,0.70,true
REVIEW-MAT-01940,时间继电器,电气/继电器,电气与自动化/低压电器/继电器接触器,品牌: 施耐德；类型: 多功能时间继电器,个,1,可建档,施耐德多功能时间继电器,Sheet1:3077,电压/型号/时间范围缺失,REVIEW-MAT-01940,single_candidate;low_precision,0.70,true
REVIEW-MAT-01941,一次性雨衣,劳保耗材/雨具,劳保用品/其他/雨具,特征: 加厚；类型: 一次性雨衣,套,2,可合并,加厚一次性雨衣,Sheet1:3078；Sheet1:3103,与2975同类，尺码/厚度缺失,REVIEW-MAT-01941,single_candidate;source_status_contains_merge;low_precision;human_review_group,0.65,true
REVIEW-MAT-01942,电箱刀闸推拉杆,电气/配电箱配件,电气与自动化/其他/配电箱配件,适配: 1级电箱刀闸；部件: 推拉杆,个,1,可建档,1级电箱刀闸推拉杆,Sheet1:3081,尺寸/适配刀闸型号缺失,REVIEW-MAT-01942,single_candidate;low_precision;human_review_group,0.65,true
REVIEW-MAT-01943,内墙乳胶漆,油漆涂料/乳胶漆,化工油漆胶粘/油漆涂料/涂料油漆,品牌: 立邦；系列: 云净；特性: 抗甲醛；用途: 内墙；包装: 5L,桶,1,可建档,立邦云净抗甲醛内墙乳胶漆5L,Sheet1:3082,颜色/型号缺失,REVIEW-MAT-01943,single_candidate;low_precision,0.70,true
REVIEW-MAT-01944,刮板,涂装工具/刮板,工具器具/涂装工具/刷辊喷涂,类型: 刮板,个,1,可建档,刮板,Sheet1:3083,材质/尺寸缺失,REVIEW-MAT-01944,single_candidate;low_precision,0.70,true
REVIEW-MAT-01945,不锈钢门吸,五金/门窗五金,五金备件/其他/门窗五金,材质: 304不锈钢；类型: 门柱吸/门吸,付,1,可建档,304不锈钢门柱吸,Sheet1:3084,安装方式/尺寸缺失,REVIEW-MAT-01945,single_candidate;low_precision;human_review_group,0.65,true
REVIEW-MAT-01946,断桥铝门锁,五金/锁具,五金备件/门锁锁具/门锁锁具,材质: 铝合金；适配: 断桥铝门；类型: 门锁,套,1,可建档,铝合金断桥铝门锁,Sheet1:3085,锁体规格/执手方向缺失,REVIEW-MAT-01946,single_candidate;low_precision,0.70,true
REVIEW-MAT-01947,羊毛刷,涂装工具/刷子,工具器具/涂装工具/刷辊喷涂,规格: 4寸；材质: 羊毛,把,1,可合并,羊毛刷4寸,Sheet1:3086,与2676同类,REVIEW-MAT-01947,single_candidate;source_status_contains_merge,1.00,false
REVIEW-MAT-01948,锰钢链条,吊装索具/链条,吊装索具/吊带索具/钢丝绳链条,材质: 锰钢；规格: 22mm,米,1,可建档,锰钢链条22mm,Sheet1:3089,等级/破断拉力缺失,REVIEW-MAT-01948,single_candidate;low_precision,0.70,true
REVIEW-MAT-01949,起重链条调节器,吊装索具/链条配件,吊装索具/吊带索具/钢丝绳链条,额定载荷: 15T；类型: 调节器,个,1,可建档,起重链条调节器15T,Sheet1:3090,材质/适配链条规格缺失,REVIEW-MAT-01949,single_candidate;low_precision,0.70,true
REVIEW-MAT-01950,蝴蝶扣子母环,吊装索具/链条配件,吊装索具/吊带索具/钢丝绳链条,额定载荷: 15T；类型: 蝴蝶扣子母环,个,1,可建档,蝴蝶扣子母环15T,Sheet1:3091,材质/标准缺失,REVIEW-MAT-01950,single_candidate;low_precision,0.70,true
REVIEW-MAT-01951,环形钢丝绳,定制件/吊装索具,设备备件与加工件/金属加工件/金属加工件,定制: 是；结构: 环形；直径: 40mm；长度: 1.5m,个,1,可建档-定制件,订做环形钢丝绳40mm*1.5m,Sheet1:3092,钢丝绳结构/安全载荷/压制方式缺失,REVIEW-MAT-01951,single_candidate;low_precision,0.70,true
REVIEW-MAT-01952,弓形卸扣,吊装索具/卸扣,吊装索具/吊装连接件/卸扣吊钩,结构: 美式弓形；强度: 高强度；额定载荷: 17T,个,1,可合并,美式高强度弓形卸扣17T,Sheet1:3093,与2868同载荷但结构不同，标准/材质缺失,REVIEW-MAT-01952,single_candidate;source_status_contains_merge;low_precision;human_review_group,0.65,true
REVIEW-MAT-01953,手动液压叉车,物流搬运/叉车,仓储物流/搬运设备/手推车叉车,品牌: 诺力；类型: 手动液压；额定载荷: 2T,台,1,可建档,诺力手动液压叉车2T,Sheet1:3094,货叉长度/升高高度缺失,REVIEW-MAT-01953,single_candidate;low_precision,0.70,true
REVIEW-MAT-01954,垃圾桶,行政后勤/清洁用品,行政办公与清洁/清洁用品/清洁工具耗材,容量: 120L,个,1,可建档,垃圾桶120L,Sheet1:3095,材质/颜色缺失,REVIEW-MAT-01954,single_candidate;low_precision,0.70,true
REVIEW-MAT-01955,电流表,仪表/电气仪表,仪器仪表/其他/电气仪表,品牌: 人民；型号: 6L2；变比: 600/5A,个,1,可建档,人民电流表6L2-600/5A,Sheet1:3097,精度/安装尺寸缺失,REVIEW-MAT-01955,single_candidate;low_precision;human_review_group,0.65,true
REVIEW-MAT-01956,电缆,电气/电线电缆,电气与自动化/电线电缆与敷设/电线电缆,品牌: 起帆；规格: 3*2.5,米,1,可建档,起帆电缆3*2.5,Sheet1:3099,电缆型号/电压等级缺失,REVIEW-MAT-01956,single_candidate;low_precision,0.70,true
REVIEW-MAT-01957,电缆,电气/电线电缆,电气与自动化/电线电缆与敷设/电线电缆,品牌: 起帆；规格: 3*6+2*2.5,米,1,可建档,起帆电缆3*6+2*2.5,Sheet1:3101,电缆型号/护套材质缺失,REVIEW-MAT-01957,single_candidate;low_precision,0.70,true
REVIEW-MAT-01958,浸胶手套,劳保耗材/手套,劳保用品/手部防护/手套,类型: 浸胶手套,付,1,可建档,浸胶手套,Sheet1:3102,材质/尺码/涂层类型缺失,REVIEW-MAT-01958,single_candidate;low_precision,0.70,true
REVIEW-MAT-01959,螺丝套件,紧固件/螺丝套件,紧固件/螺纹紧固件/螺丝螺栓,强度等级: 8.8；规格: M10*80；包含: 平垫+弹垫,套,1,可建档,8.8级M10*80螺丝带平 弹垫,Sheet1:3104,材质/螺母是否包含需确认,REVIEW-MAT-01959,single_candidate,1.00,false
REVIEW-MAT-01960,电线扎丝,电气耗材/绑扎耗材,电气与自动化/其他/绑扎耗材,用途: 电线绑扎,卷,1,可建档,电线扎丝,Sheet1:3105,材质/长度缺失,REVIEW-MAT-01960,single_candidate;low_precision;human_review_group,0.65,true
REVIEW-MAT-01961,泡沫棉双面胶,胶带/工业胶带,包装与标识/胶带标签/胶带,品牌: 3M；宽度: 10mm；材质: 泡沫棉,卷,1,可建档,10mm宽泡沫棉双面胶3M,Sheet1:3106,长度/型号缺失,REVIEW-MAT-01961,single_candidate;low_precision,0.70,true
REVIEW-MAT-01962,氧气乙炔管,焊接工具/气体软管,焊接焊割/焊割设备工具/焊机割炬,介质: 氧气+乙炔；类型: 软管,卷,2,可合并 | 可建档,氧气 乙炔管,Sheet1:3109；Sheet1:3433,内径/长度/压力等级缺失 | 与3105同类，内径/长度缺失,REVIEW-MAT-01962,single_candidate;source_status_contains_merge;low_precision,0.70,true
REVIEW-MAT-01963,割枪,焊接工具/气割工具,焊接焊割/焊割设备工具/焊机割炬,型号: 100型；长度: 长款,把,1,可建档,割枪100型长款,Sheet1:3110,适用气体/品牌缺失,REVIEW-MAT-01963,single_candidate;low_precision,0.70,true
REVIEW-MAT-01964,三脚插头,电气/插头插座,电气与自动化/插头插座/插头插座,品牌: 公牛；极数: 三脚；电压: 220V；额定电流: 10A,个,1,可建档,公牛三脚插头220V/10A,Sheet1:3111,型号/防护等级缺失,REVIEW-MAT-01964,single_candidate;low_precision,0.70,true
REVIEW-MAT-01965,氧气减压表,焊接工具/气体仪表,焊接焊割/焊割设备工具/焊机割炬,介质: 氧气；类型: 减压表,个,1,可建档,氧气减压表,Sheet1:3112,量程/接口缺失,REVIEW-MAT-01965,single_candidate;low_precision,0.70,true
REVIEW-MAT-01966,乙炔减压表,焊接工具/气体仪表,焊接焊割/焊割设备工具/焊机割炬,介质: 乙炔；类型: 减压表,个,1,可合并,乙炔减压表,Sheet1:3113,与2805同类，量程/接口缺失,REVIEW-MAT-01966,single_candidate;source_status_contains_merge;low_precision,0.70,true
REVIEW-MAT-01967,除锈剂,化工耗材/除锈润滑剂,化工油漆胶粘/油品化学品/清洗化学品,品牌: WD40；容量: 350mL,瓶,1,可建档,WD40除锈剂350ML,Sheet1:3114,型号/SDS缺失,REVIEW-MAT-01967,single_candidate;low_precision,0.70,true
REVIEW-MAT-01968,堵漏王,建材/堵漏材料,工程建材/保温防水/防水堵漏,类型: 堵漏王,袋,1,可建档,堵漏王,Sheet1:3115,品牌/包装重量/性能缺失,REVIEW-MAT-01968,single_candidate;low_precision,0.70,true
REVIEW-MAT-01969,镀锌外丝直接,管件/镀锌管件,管道管件/金属管件/镀锌管件,表面: 镀锌；连接: 外丝；规格: 3寸；类型: 直接,个,1,可建档,镀锌外丝直接头3寸,Sheet1:3116,材质/压力等级缺失,REVIEW-MAT-01969,single_candidate;low_precision,0.70,true
REVIEW-MAT-01970,镀锌外丝直接,管件/镀锌管件,管道管件/金属管件/镀锌管件,表面: 镀锌；连接: 外丝；规格: 2寸；类型: 直接,个,2,可合并 | 可建档,镀锌外丝直接2寸；镀锌外丝直接头2寸,Sheet1:3117；Sheet1:3488,材质/压力等级缺失 | 与3113同类，材质/压力等级缺失,REVIEW-MAT-01970,single_candidate;source_status_contains_merge;low_precision,0.70,true
REVIEW-MAT-01972,镀锌内丝直接,管件/镀锌管件,管道管件/金属管件/镀锌管件,表面: 镀锌；连接: 内丝；规格: 2寸；类型: 直接,个,2,可合并 | 可建档,镀锌内丝直接2寸；镀锌内丝直接头2寸,Sheet1:3119；Sheet1:3504,材质/压力等级缺失 | 与3115同类，材质/压力等级缺失,REVIEW-MAT-01972,single_candidate;source_status_contains_merge;low_precision,0.70,true
REVIEW-MAT-01973,不锈钢法兰蝶阀,阀门/蝶阀,阀门/其他/蝶阀,材质: 304；连接: 法兰式；公称通径: DN150,个,2,可合并 | 可建档,304法兰式蝶阀DN150,Sheet1:3120；Sheet1:3494,压力等级/密封材质缺失 | 与3116同类，压力等级/密封材质缺失,REVIEW-MAT-01973,single_candidate;source_status_contains_merge;low_precision;human_review_group,0.65,true
REVIEW-MAT-01974,方木,建筑材料/木材,工程建材/其他/木材,截面: 30*30；长度: 3.6m,根,2,可合并 | 可建档,方木30*30*3.6m,Sheet1:3121；Sheet1:3146,木材等级/材质缺失 | 与3117同类，材质等级缺失,REVIEW-MAT-01974,single_candidate;source_status_contains_merge;low_precision;human_review_group,0.65,true
REVIEW-MAT-01975,锂电手电钻套装,电动工具/手电钻,工具器具/电动工具/电钻角磨机,品牌: 东成；供电: 锂电；配置: 二电一充,台,1,可建档,东成锂电手电钻二电一充,Sheet1:3123,电压/夹头规格/型号缺失,REVIEW-MAT-01975,single_candidate;low_precision,0.70,true
REVIEW-MAT-01976,焊工眼镜,劳保耗材/眼面防护,劳保用品/其他/眼面防护,用途: 电焊防护,付,1,可合并,电焊眼镜,Sheet1:3126,与2792同类，遮光号缺失,REVIEW-MAT-01976,single_candidate;source_status_contains_merge;low_precision;human_review_group,0.65,true
REVIEW-MAT-01977,镀锌平垫,紧固件/垫圈,紧固件/螺纹紧固件/螺母垫圈,表面: 镀锌；规格: M8；类型: 平垫,个,1,可建档,镀锌平垫m8,Sheet1:3128,外径/厚度/标准缺失,REVIEW-MAT-01977,single_candidate;low_precision,0.70,true
REVIEW-MAT-01978,开口销,紧固件/销,紧固件/其他/销,规格: M3*60；类型: 开口销,个,1,可建档,开口销m3*60,Sheet1:3129,材质/标准缺失,REVIEW-MAT-01978,single_candidate;low_precision;human_review_group,0.65,true
REVIEW-MAT-01979,加厚周转箱,容器/周转箱,行政办公与清洁/生活后勤/生活用品,特征: 加厚；尺寸: 570*420*155,个,1,可建档,加厚周转箱570*420*155,Sheet1:3130,材质/颜色缺失,REVIEW-MAT-01979,single_candidate;low_precision,0.70,true
REVIEW-MAT-01980,对讲机,通信设备/对讲机,弱电安防/通信与监控/通信设备,品牌: 小米；代际: 二代,部,3,可合并 | 可建档,小米二代对讲机,Sheet1:3131；Sheet1:3219；Sheet1:3469,频段/型号缺失 | 与3127同类，频段/型号缺失,REVIEW-MAT-01980,single_candidate;source_status_contains_merge;low_precision,0.70,true
REVIEW-MAT-01981,沟槽式蝶阀,阀门/蝶阀,阀门/其他/蝶阀,连接: 沟槽式；公称通径: DN150,个,1,可建档,沟槽式蝶阀DN150,Sheet1:3132,材质/压力等级缺失,REVIEW-MAT-01981,single_candidate;low_precision;human_review_group,0.65,true
REVIEW-MAT-01982,镀锌三通,管件/镀锌管件,管道管件/金属管件/镀锌管件,表面: 镀锌；规格: 2寸；类型: 三通,个,2,可合并 | 可建档,镀锌三通2寸,Sheet1:3133；Sheet1:3485,材质/连接方式缺失 | 与3129同类，材质/压力等级缺失,REVIEW-MAT-01982,single_candidate;source_status_contains_merge;low_precision,0.70,true
REVIEW-MAT-01983,镀锌内丝弯头,管件/镀锌管件,管道管件/金属管件/镀锌管件,表面: 镀锌；连接: 内丝；规格: 2寸；类型: 弯头,个,2,可合并 | 可建档,镀锌内丝弯头2寸,Sheet1:3134；Sheet1:3503,角度/压力等级缺失 | 与3130同类，角度/压力等级缺失,REVIEW-MAT-01983,single_candidate;source_status_contains_merge;low_precision,0.70,true
REVIEW-MAT-01984,镀锌内丝弯头,管件/镀锌管件,管道管件/金属管件/镀锌管件,表面: 镀锌；连接: 内丝；规格: 3寸；类型: 弯头,个,1,可建档,镀锌内丝弯头3寸,Sheet1:3135,角度/压力等级缺失,REVIEW-MAT-01984,single_candidate;low_precision,0.70,true
REVIEW-MAT-01985,焊接变径接头,管件/焊接管件,管道管件/其他/焊接管件,连接: 焊接；规格: 150/2寸；类型: 变径接头,个,1,可建档,焊接变径接头150/2寸,Sheet1:3136,材质/压力等级缺失,REVIEW-MAT-01985,single_candidate;low_precision;human_review_group,0.65,true
REVIEW-MAT-01986,焊接变径接头,管件/焊接管件,管道管件/其他/焊接管件,连接: 焊接；规格: 150/3寸；类型: 变径接头,个,1,可建档,焊接变径接头150/3寸,Sheet1:3137,材质/压力等级缺失,REVIEW-MAT-01986,single_candidate;low_precision;human_review_group,0.65,true
REVIEW-MAT-01987,石笔,焊接耗材/划线工具,焊接焊割/其他/划线工具,类型: 石笔,盒,1,可建档,石笔,Sheet1:3138,每盒数量/规格缺失,REVIEW-MAT-01987,single_candidate;low_precision;human_review_group,0.65,true
REVIEW-MAT-01989,地线夹,焊接工具/焊机配件,焊接焊割/焊割设备工具/焊机割炬,额定电流: 500A；类型: 地线夹,把,1,可建档,500A地线夹,Sheet1:3140,接线范围/材质缺失,REVIEW-MAT-01989,single_candidate;low_precision,0.70,true
REVIEW-MAT-01990,密目安全网,安全防护/防护网,安全防护/隔离防护/防护网,类型: 密目；尺寸: 6m*1.2m,张,1,可建档,密目安全网6m*1.2m,Sheet1:3141,材质/阻燃等级/目数缺失,REVIEW-MAT-01990,single_candidate;low_precision,0.70,true
REVIEW-MAT-01991,高压管总成,液压/高压管路,液压气动/液压管路/高压胶管,直径: Φ13；长度: 50m；配置: 两端接头,根,1,可建档,高压管带两端接头Φ13-50m,Sheet1:3142,压力等级/接头形式缺失,REVIEW-MAT-01991,single_candidate;low_precision,0.70,true
REVIEW-MAT-01992,透明胶带,胶带/办公工业胶带,包装与标识/胶带标签/胶带,颜色: 透明,卷,2,可合并 | 可建档,透明胶带,Sheet1:3143；Sheet1:3149,宽度/长度/品牌缺失 | 与3139同类，宽度/长度缺失,REVIEW-MAT-01992,single_candidate;source_status_contains_merge;low_precision,0.70,true
REVIEW-MAT-01993,带盖周转箱,容器/周转箱,行政办公与清洁/生活后勤/生活用品,特征: 加厚；配置: 带盖；尺寸: 830*580*500,个,1,可建档,加厚周转箱带盖830*580*500,Sheet1:3144,材质/颜色缺失,REVIEW-MAT-01993,single_candidate;low_precision,0.70,true
REVIEW-MAT-01994,建筑模板,建筑材料/模板,工程建材/其他/模板,颜色: 红；尺寸: 2.4m*1.22m；厚度: 15mm,张,1,可建档,红模板2.4m*1.22m*15mm,Sheet1:3145,材质/周转次数缺失,REVIEW-MAT-01994,single_candidate;low_precision;human_review_group,0.65,true
REVIEW-MAT-01995,彩钢板,建筑材料/彩钢板,工程建材/其他/彩钢板,尺寸: 2.3m*1m,块,1,可建档,彩钢板2.3m*1m,Sheet1:3148,厚度/颜色/镀层缺失,REVIEW-MAT-01995,single_candidate;low_precision;human_review_group,0.65,true
REVIEW-MAT-01996,万向扣件,建筑施工耗材/脚手架扣件,工程建材/其他/脚手架扣件,类型: 万向扣件,个,1,可建档,万向扣件,Sheet1:3150,适配管径/材质缺失,REVIEW-MAT-01996,single_candidate;low_precision;human_review_group,0.65,true
REVIEW-MAT-01997,十字扣件,建筑施工耗材/脚手架扣件,工程建材/其他/脚手架扣件,类型: 十字扣件,个,1,可建档,十字扣件,Sheet1:3151,适配管径/材质缺失,REVIEW-MAT-01997,single_candidate;low_precision;human_review_group,0.65,true
REVIEW-MAT-01998,直接扣件,建筑施工耗材/脚手架扣件,工程建材/其他/脚手架扣件,类型: 直接扣件,个,1,可建档,直接扣件,Sheet1:3152,适配管径/材质缺失,REVIEW-MAT-01998,single_candidate;low_precision;human_review_group,0.65,true
REVIEW-MAT-01999,软胶枪,工具/手动工具,工具器具/手动工具/通用手动工具,品牌: 世达；类型: 软胶枪,把,1,可建档,世达软胶枪,Sheet1:3153,适配胶筒容量/型号缺失,REVIEW-MAT-01999,single_candidate;low_precision,0.70,true
REVIEW-MAT-02000,螺纹钢筋加工件,定制件/钢筋加工件,设备备件与加工件/金属加工件/金属加工件,加工: 是；直径: Φ20；长度: 40cm,根,1,可建档-定制件,加工螺纹钢筋Φ20*40cm,Sheet1:3154,材质/用途/图纸缺失,REVIEW-MAT-02000,single_candidate;low_precision,0.70,true
REVIEW-MAT-02001,不锈钢外螺纹对接头,管件/不锈钢管件,管道管件/金属管件/钢制管件,材质: 不锈钢；连接: 外螺纹；规格: 4分,个,1,可建档,不锈钢外螺纹对接头4分,Sheet1:3155,材质牌号/压力等级缺失,REVIEW-MAT-02001,single_candidate;low_precision,0.70,true
REVIEW-MAT-02002,不锈钢变径对丝,管件/不锈钢管件,管道管件/金属管件/钢制管件,材质: 不锈钢；连接: 外螺纹；规格: 6分变4分,个,1,可建档,不锈钢外螺纹对丝变径6分变4分,Sheet1:3156,材质牌号/压力等级缺失,REVIEW-MAT-02002,single_candidate;low_precision,0.70,true
REVIEW-MAT-02003,不锈钢外螺纹对接头,管件/不锈钢管件,管道管件/金属管件/钢制管件,材质: 不锈钢；连接: 外螺纹；规格: 6分,个,1,可建档,不锈钢外螺纹对接头6分,Sheet1:3157,材质牌号/压力等级缺失,REVIEW-MAT-02003,single_candidate;low_precision,0.70,true
REVIEW-MAT-02004,建筑模板,建筑材料/模板,工程建材/其他/模板,颜色: 黑；尺寸: 2.4m*1.22m；厚度: 15mm,张,1,可建档,黑模板2.4m*1.22m*15mm,Sheet1:3160,材质/周转次数缺失,REVIEW-MAT-02004,single_candidate;low_precision;human_review_group,0.65,true
REVIEW-MAT-02005,螺纹钢筋加工件,定制件/钢筋加工件,设备备件与加工件/金属加工件/金属加工件,加工: 是；直径: Φ20；长度: 60cm,根,1,可建档-定制件,加工螺纹钢筋Φ20*60cm,Sheet1:3163,材质/用途/图纸缺失,REVIEW-MAT-02005,single_candidate;low_precision,0.70,true
REVIEW-MAT-02006,建筑模板,建筑材料/模板,工程建材/其他/模板,颜色: 红；尺寸: 2.4m*1.22m；厚度: 15mm,块,1,可合并,红模板2.4m*1.22m*15mm,Sheet1:3164,与3141同类，单位张/块需统一,REVIEW-MAT-02006,single_candidate;source_status_contains_merge;human_review_group,0.65,true
REVIEW-MAT-02007,活动扳手,工具/手动工具,工具器具/手动工具/通用手动工具,品牌: 世达；规格: 12寸,把,1,可建档,世达活动扳手12寸,Sheet1:3165,型号缺失,REVIEW-MAT-02007,single_candidate;low_precision,0.70,true
REVIEW-MAT-02008,活动扳手,工具/手动工具,工具器具/手动工具/通用手动工具,品牌: 世达；规格: 10寸,把,1,可建档,世达活动扳手10寸,Sheet1:3166,型号缺失,REVIEW-MAT-02008,single_candidate;low_precision,0.70,true
REVIEW-MAT-02010,焊工眼镜,劳保耗材/眼面防护,劳保用品/其他/眼面防护,用途: 电焊防护；颜色: 白色/灰色,付,1,可建档,电焊眼镜白色 灰色,Sheet1:3168,遮光号/款式缺失,REVIEW-MAT-02010,single_candidate;low_precision;human_review_group,0.65,true
REVIEW-MAT-02011,钢卷尺,工具/测量工具,工具器具/量具测量/量具测量,品牌: 得力；长度: 3m,把,1,可建档,得力钢卷尺3m,Sheet1:3169,宽度/精度缺失,REVIEW-MAT-02011,single_candidate;low_precision,0.70,true
REVIEW-MAT-02012,钢卷尺,工具/测量工具,工具器具/量具测量/量具测量,品牌: 得力；长度: 5m,把,1,可合并,得力钢卷尺5m,Sheet1:3170,与2785同类，宽度/精度缺失,REVIEW-MAT-02012,single_candidate;source_status_contains_merge;low_precision,0.70,true
REVIEW-MAT-02013,钢卷尺,工具/测量工具,工具器具/量具测量/量具测量,品牌: 得力；长度: 7.5m,把,1,可建档,得力钢卷尺7.5m,Sheet1:3171,宽度/精度缺失,REVIEW-MAT-02013,single_candidate;low_precision,0.70,true
REVIEW-MAT-02014,钢卷尺,工具/测量工具,工具器具/量具测量/量具测量,品牌: 得力；长度: 10m,把,1,可合并,得力钢卷尺10m,Sheet1:3172,与2784同类，宽度/精度缺失,REVIEW-MAT-02014,single_candidate;source_status_contains_merge;low_precision,0.70,true
REVIEW-MAT-02015,焊罩镜片,劳保耗材/眼面防护,劳保用品/其他/眼面防护,适配: 焊罩；颜色: 白/黑,盒,1,可建档,焊罩镜片 白 黑,Sheet1:3173,遮光号/每盒数量缺失,REVIEW-MAT-02015,single_candidate;low_precision;human_review_group,0.65,true
REVIEW-MAT-02016,加厚周转箱,容器/周转箱,行政办公与清洁/生活后勤/生活用品,特征: 加厚；尺寸: 600*400*150,个,1,可建档,加厚周转箱600*400*150,Sheet1:3174,材质/颜色缺失,REVIEW-MAT-02016,single_candidate;low_precision,0.70,true
REVIEW-MAT-02017,钻头,工具/钻头,工具器具/工具耗材/钻头,品牌: 博世；柄型: 二坑三槽；直径: Φ20；长度: 280,支,1,可建档,博世二坑三槽钻头Φ20*280,Sheet1:3175,材质/适配设备缺失,REVIEW-MAT-02017,single_candidate;low_precision,0.70,true
REVIEW-MAT-02018,钻头,工具/钻头,工具器具/工具耗材/钻头,品牌: 博世；柄型: 二坑三槽；直径: Φ22；长度: 280,支,1,可建档,博世二坑三槽钻头Φ22*280,Sheet1:3176,材质/适配设备缺失,REVIEW-MAT-02018,single_candidate;low_precision,0.70,true
REVIEW-MAT-02019,碳刷,电动工具/电机配件,工具器具/电动工具/电钻角磨机,规格: 900#,副,1,可建档,碳刷900#,Sheet1:3177,尺寸/适配电机缺失,REVIEW-MAT-02019,single_candidate;low_precision,0.70,true
REVIEW-MAT-02020,碳刷,电动工具/电机配件,工具器具/电动工具/电钻角磨机,规格: 43#,副,1,可建档,碳刷43#,Sheet1:3178,尺寸/适配电机缺失,REVIEW-MAT-02020,single_candidate;low_precision,0.70,true
REVIEW-MAT-02021,膨胀止水条,建材/防水材料,工程建材/保温防水/防水堵漏,规格: 5mm*30mm；类型: 膨胀止水条,米,1,可建档,膨胀止水条5mm*30mm,Sheet1:3180,材质/膨胀率缺失,REVIEW-MAT-02021,single_candidate;low_precision,0.70,true
REVIEW-MAT-02022,尼龙扎带,电气耗材/扎带,电气与自动化/其他/扎带,规格: 8*300,包,1,可建档,扎带8*300,Sheet1:3181,每包数量/材质缺失,REVIEW-MAT-02022,single_candidate;low_precision;human_review_group,0.65,true
REVIEW-MAT-02023,不锈钢烟灰桶,行政后勤/清洁用品,行政办公与清洁/清洁用品/清洁工具耗材,材质: 304不锈钢；类型: 烟灰桶,个,1,可建档,304不锈钢烟灰桶,Sheet1:3183,容量/尺寸缺失,REVIEW-MAT-02023,single_candidate;low_precision,0.70,true
REVIEW-MAT-02024,插线板,电气/插排,电气与自动化/插头插座/插头插座,品牌: 公牛；结构: 双排；线长: 3m,个,1,可建档,公牛双排插板3m,Sheet1:3184,插位数/额定电流缺失,REVIEW-MAT-02024,single_candidate;low_precision,0.70,true
REVIEW-MAT-02025,火钳,工具/夹持工具,工具器具/其他/夹持工具,类型: 火钳,把,1,可建档,火钳,Sheet1:3185,长度/材质缺失,REVIEW-MAT-02025,single_candidate;low_precision;human_review_group,0.65,true
REVIEW-MAT-02026,铜接线端子,电气/接线端子,电气与自动化/接线连接/接线端子,材质: 铜；适配线径: 185平方,个,1,可建档,铜接头185平方,Sheet1:3186,孔径/端子类型缺失,REVIEW-MAT-02026,single_candidate;low_precision,0.70,true
REVIEW-MAT-02027,高压防水自粘带,电气耗材/绝缘胶带,电气与自动化/绝缘材料/热缩绝缘,品牌: 3M；特性: 高压防水；类型: 自粘带,卷,1,可建档,3M高压防水自粘带,Sheet1:3188,宽度/长度/型号缺失,REVIEW-MAT-02027,single_candidate;low_precision,0.70,true
REVIEW-MAT-02028,接地桩,电气/接地材料,电气与自动化/其他/接地材料,规格: M16*1m；用途: 接地,根,1,可建档,接地桩M16*1m,Sheet1:3189,材质/镀层缺失,REVIEW-MAT-02028,single_candidate;low_precision;human_review_group,0.65,true
REVIEW-MAT-02029,镀锌螺丝套件,紧固件/螺丝套件,紧固件/螺纹紧固件/螺丝螺栓,表面: 镀锌；规格: M12*30,套,1,可建档,镀锌螺丝M12*30,Sheet1:3190,套件内容/强度等级缺失,REVIEW-MAT-02029,single_candidate;low_precision,0.70,true
REVIEW-MAT-02030,双色接地线,电气/电线电缆,电气与自动化/电线电缆与敷设/电线电缆,品牌: 起帆；用途: 接地；截面积: 16平方；颜色: 双色,米,2,可合并 | 可建档,起帆双色接地线16平方,Sheet1:3191；Sheet1:3358,具体颜色/型号缺失 | 与3187同类，具体颜色缺失,REVIEW-MAT-02030,single_candidate;source_status_contains_merge;low_precision,0.70,true
REVIEW-MAT-02031,绝缘电阻表,仪表/电气仪表,仪器仪表/其他/电气仪表,品牌: 人民；测试电压: 500V；量程: 500兆欧,个,1,可建档,人民摇表500V-500兆欧,Sheet1:3192,精度/型号缺失,REVIEW-MAT-02031,single_candidate;low_precision;human_review_group,0.65,true
REVIEW-MAT-02032,洗洁精,清洁耗材/清洁剂,行政办公与清洁/清洁用品/清洁工具耗材,包装: 2KG,桶,1,可建档,洗洁精2KG,Sheet1:3193,品牌/用途缺失,REVIEW-MAT-02032,single_candidate;low_precision,0.70,true
REVIEW-MAT-02033,气动油,油品/润滑油,化工油漆胶粘/油品化学品/润滑油脂,品牌: 卡仕顿；等级: 特级；容量: 250mL,瓶,2,可建档,卡仕顿特级气动油250mL,Sheet1:3194；Sheet1:3602,粘度等级/型号缺失 | 粘度等级/SDS缺失,REVIEW-MAT-02033,single_candidate;low_precision,0.70,true
REVIEW-MAT-02034,时控开关,电气/低压电器,电气与自动化/其他/低压电器,品牌: 施耐德；电压: 220V；额定电流: 10A,个,1,可建档,施耐德时控开关220V/10A,Sheet1:3195,型号/程序功能缺失,REVIEW-MAT-02034,single_candidate;low_precision;human_review_group,0.65,true
REVIEW-MAT-02035,绝缘橡胶板,绝缘材料/橡胶板,电气与自动化/绝缘材料/热缩绝缘,特性: 绝缘；厚度: 3mm,kg,1,可建档,绝缘橡胶板3mm,Sheet1:3196,耐压等级/宽度长度缺失,REVIEW-MAT-02035,single_candidate;low_precision,0.70,true
REVIEW-MAT-02036,插座,电气/插头插座,电气与自动化/插头插座/插头插座,型号: DKJ35-50；颜色: 黑色,个,1,可建档,DKJ35-50黑色插座,Sheet1:3197,额定电流/接口类型缺失,REVIEW-MAT-02036,single_candidate;low_precision,0.70,true
REVIEW-MAT-02037,工字钢,钢材/型钢,金属原材料/钢材型材/钢材型材,规格: 16#,米,1,可建档,工字钢16#,Sheet1:3200,材质/标准缺失,REVIEW-MAT-02037,single_candidate;low_precision,0.70,true
REVIEW-MAT-02038,交流接触器,电气/低压电器,电气与自动化/其他/低压电器,品牌: 人民；系列/型号: CJX2-1810,个,1,可建档,人民交流接触器CJX2-1810,Sheet1:3202,线圈电压缺失,REVIEW-MAT-02038,single_candidate;low_precision;human_review_group,0.65,true
REVIEW-MAT-02039,冷压线鼻端子,电气/接线端子,电气与自动化/接线连接/接线端子,类型: OT；规格: 2.5-4,包,1,可建档,冷压线鼻端子OT2.5-4,Sheet1:3203,材质/每包数量缺失,REVIEW-MAT-02039,single_candidate;low_precision,0.70,true
REVIEW-MAT-02040,冷压线鼻端子,电气/接线端子,电气与自动化/接线连接/接线端子,类型: OT；规格: 4-6,包,1,可建档,冷压线鼻端子OT4-6,Sheet1:3204,材质/每包数量缺失,REVIEW-MAT-02040,single_candidate;low_precision,0.70,true
REVIEW-MAT-02041,冷压线鼻端子,电气/接线端子,电气与自动化/接线连接/接线端子,类型: OT；规格: 6-8,包,1,可建档,冷压线鼻端子OT6-8,Sheet1:3205,材质/每包数量缺失,REVIEW-MAT-02041,single_candidate;low_precision,0.70,true
REVIEW-MAT-02042,剥线钳,工具/电工工具,工具器具/其他/电工工具,类型: 多功能剥线钳,把,1,可建档,多功能剥线钳,Sheet1:3207,剥线范围/品牌缺失,REVIEW-MAT-02042,single_candidate;low_precision;human_review_group,0.65,true
REVIEW-MAT-02043,感应电笔,工具/电工工具,工具器具/其他/电工工具,类型: 感应电笔,支,1,可建档,感应电笔,Sheet1:3208,测量范围/品牌缺失,REVIEW-MAT-02043,single_candidate;low_precision;human_review_group,0.65,true
REVIEW-MAT-02044,钳形电流表,仪表/电气仪表,仪器仪表/其他/电气仪表,精度: 高精度；量程: 1000A,个,1,可建档,高精度钳流表1000A,Sheet1:3209,品牌/精度等级/交直流缺失,REVIEW-MAT-02044,single_candidate;low_precision;human_review_group,0.65,true
REVIEW-MAT-02045,电工包,工具/工具包,工具器具/其他/工具包,材质: 帆布；用途: 电工,个,1,可建档,帆布电工包,Sheet1:3210,尺寸/格数缺失,REVIEW-MAT-02045,single_candidate;low_precision;human_review_group,0.65,true
REVIEW-MAT-02046,三叉套筒扳手,工具/手动工具,工具器具/手动工具/通用手动工具,规格: 14-17-19；类型: 三叉套筒,把,1,可建档,三叉套筒扳手14-17-19,Sheet1:3211,材质/品牌缺失,REVIEW-MAT-02046,single_candidate;low_precision,0.70,true
REVIEW-MAT-02047,三叉套筒扳手,工具/手动工具,工具器具/手动工具/通用手动工具,规格: 13-16-18；类型: 三叉套筒,把,1,可建档,三叉套筒扳手13-16-18,Sheet1:3212,材质/品牌缺失,REVIEW-MAT-02047,single_candidate;low_precision,0.70,true
REVIEW-MAT-02048,三叉套筒扳手,工具/手动工具,工具器具/手动工具/通用手动工具,规格: 10-12-14；类型: 三叉套筒,把,1,可建档,三叉套筒扳手10-12-14,Sheet1:3213,材质/品牌缺失,REVIEW-MAT-02048,single_candidate;low_precision,0.70,true
REVIEW-MAT-02049,T型套筒扳手套装,工具/手动工具,工具器具/手动工具/通用手动工具,类型: T型套筒；规格范围: 8-19；件数: 6件,套,1,可建档,T型套筒扳手8-19/6件套装,Sheet1:3214,材质/品牌缺失,REVIEW-MAT-02049,single_candidate;low_precision,0.70,true
REVIEW-MAT-02050,绝缘十字螺丝刀,工具/电工工具,工具器具/其他/电工工具,头型: 十字；规格: 4*100；特性: 绝缘,把,1,可建档,绝缘十字螺丝刀4*100,Sheet1:3215,绝缘耐压等级/品牌缺失,REVIEW-MAT-02050,single_candidate;low_precision;human_review_group,0.65,true
REVIEW-MAT-02051,绝缘十字螺丝刀,工具/电工工具,工具器具/其他/电工工具,头型: 十字；规格: 5*125；特性: 绝缘,把,1,可建档,绝缘十字螺丝刀5*125,Sheet1:3216,绝缘耐压等级/品牌缺失,REVIEW-MAT-02051,single_candidate;low_precision;human_review_group,0.65,true
REVIEW-MAT-02052,绝缘一字螺丝刀,工具/电工工具,工具器具/其他/电工工具,头型: 一字；规格: 3*75；特性: 绝缘,把,1,可建档,绝缘一字螺丝刀3*75,Sheet1:3217,绝缘耐压等级/品牌缺失,REVIEW-MAT-02052,single_candidate;low_precision;human_review_group,0.65,true
REVIEW-MAT-02053,插座,电气/插头插座,电气与自动化/插头插座/插头插座,型号: DKJ35-50；颜色: 红色,个,1,可建档,DKJ35-50红色插座,Sheet1:3218,额定电流/接口类型缺失,REVIEW-MAT-02053,single_candidate;low_precision,0.70,true
REVIEW-MAT-02054,开口铜鼻子,电气/接线端子,电气与自动化/接线连接/接线端子,材质: 铜；类型: 开口铜鼻子；规格: 300A,个,1,可建档,开口铜鼻子300A,Sheet1:3222,线径/孔径缺失,REVIEW-MAT-02054,single_candidate;low_precision,0.70,true
REVIEW-MAT-02055,花兰螺丝,紧固件/拉紧件,紧固件/其他/拉紧件,规格: M14*200；类型: 花兰螺丝,个,1,可建档,花兰螺丝M14*200,Sheet1:3223,材质/表面处理缺失,REVIEW-MAT-02055,single_candidate;low_precision;human_review_group,0.65,true
REVIEW-MAT-02056,镀锌膨胀钩,紧固件/膨胀件,紧固件/锚固件/膨胀锚栓,表面: 镀锌；规格: M12*125；类型: 膨胀钩,个,1,可建档,镀锌膨胀钩M12*125,Sheet1:3225,材质/承载缺失,REVIEW-MAT-02056,single_candidate;low_precision,0.70,true
REVIEW-MAT-02057,镀锌螺丝套件,紧固件/螺丝套件,紧固件/螺纹紧固件/螺丝螺栓,强度等级: 8.8；规格: M16*70；表面: 镀锌；包含: 平垫+弹垫,套,1,可建档,8.8级M16*70镀锌螺丝带平 弹垫,Sheet1:3226,螺母是否包含需确认,REVIEW-MAT-02057,single_candidate,1.00,false
REVIEW-MAT-02058,浮球液位开关,电气/液位控制,电气与自动化/其他/液位控制,类型: 浮球开关；线长: 10m,个,1,可建档,浮球阀开关带10m线,Sheet1:3227,电压/触点容量/介质缺失,REVIEW-MAT-02058,single_candidate;low_precision;human_review_group,0.65,true
REVIEW-MAT-02059,不锈钢C式自锁接头套装,气动液压/快换接头,液压气动/液压接头/液压接头,材质: 不锈钢；类型: C式自锁；型号组合: SM40+PM40,套,1,可建档,不锈钢C式自锁接头SM40+PM40,Sheet1:3231,口径/密封材质缺失,REVIEW-MAT-02059,single_candidate;low_precision,0.70,true
REVIEW-MAT-02060,不锈钢快接公头,气动液压/快换接头,液压气动/液压接头/液压接头,材质: 不锈钢；类型: 快接公头；型号: PP20,个,1,可建档,不锈钢快接公头PP20,Sheet1:3232,口径/系列标准缺失,REVIEW-MAT-02060,single_candidate;low_precision,0.70,true
REVIEW-MAT-02061,不锈钢快接公头,气动液压/快换接头,液压气动/液压接头/液压接头,材质: 不锈钢；类型: 快接公头；型号: PP30,个,1,可建档,不锈钢快接公头PP30,Sheet1:3233,口径/系列标准缺失,REVIEW-MAT-02061,single_candidate;low_precision,0.70,true
REVIEW-MAT-02062,不锈钢快接公头,气动液压/快换接头,液压气动/液压接头/液压接头,材质: 不锈钢；类型: 快接公头；型号: PP60,个,1,可建档,不锈钢快接公头PP60,Sheet1:3234,口径/系列标准缺失,REVIEW-MAT-02062,single_candidate;low_precision,0.70,true
REVIEW-MAT-02063,不锈钢快拧外丝直接,气动液压/快拧接头,液压气动/液压接头/液压接头,材质: 不锈钢；类型: 快拧外丝直接；型号: PC16-04,个,1,可建档,不锈钢快拧外丝直接PC16-04,Sheet1:3235,螺纹制式/管径缺失,REVIEW-MAT-02063,single_candidate;low_precision,0.70,true
REVIEW-MAT-02064,螺丝套件,紧固件/螺丝套件,紧固件/螺纹紧固件/螺丝螺栓,强度等级: 8.8；规格: M16*130；包含: 平垫+弹垫,套,1,可建档,8.8级M16*130螺丝带平 弹垫,Sheet1:3236,材质/螺母是否包含缺失,REVIEW-MAT-02064,single_candidate;low_precision,0.70,true
REVIEW-MAT-02065,编织袋,包装材料/编织袋,包装与标识/袋箱膜包装/袋箱膜,规格: 大号；类型: 编织袋,条,1,可建档,大编织袋,Sheet1:3238,尺寸/承重缺失,REVIEW-MAT-02065,single_candidate;low_precision,0.70,true
REVIEW-MAT-02066,麻袋,包装材料/麻袋,包装与标识/袋箱膜包装/袋箱膜,规格: 大号；类型: 麻袋,条,1,可建档,大麻袋,Sheet1:3239,尺寸/材质缺失,REVIEW-MAT-02066,single_candidate;low_precision,0.70,true
REVIEW-MAT-02067,镀锌外丝直接,管件/镀锌管件,管道管件/金属管件/镀锌管件,表面: 镀锌；连接: 外丝；规格: 4分；类型: 直接,个,1,可建档,镀锌外丝直接4分,Sheet1:3240,材质/压力等级缺失,REVIEW-MAT-02067,single_candidate;low_precision,0.70,true
REVIEW-MAT-02068,镀锌内丝弯头,管件/镀锌管件,管道管件/金属管件/镀锌管件,表面: 镀锌；连接: 内丝；规格: 4分；类型: 弯头,个,1,可建档,镀锌内丝弯头4分,Sheet1:3241,角度/压力等级缺失,REVIEW-MAT-02068,single_candidate;low_precision,0.70,true
REVIEW-MAT-02069,异形垫片,定制件/密封垫片,设备备件与加工件/金属加工件/金属加工件,定制: 是；原始: 异性；尺寸: 330*260*5,个,1,可建档-定制件,订做异性垫片330*260*5,Sheet1:3242,`异性`疑似异形，材质/图纸缺失,REVIEW-MAT-02069,single_candidate;low_precision,0.70,true
REVIEW-MAT-02070,不锈钢高压球阀,阀门/球阀,阀门/通用阀门/球阀,材质: 304不锈钢；规格: 2寸；类型: 高压球阀,个,1,可建档,304不锈钢高压球阀2寸,Sheet1:3243,压力等级/连接形式缺失,REVIEW-MAT-02070,single_candidate;low_precision,0.70,true
REVIEW-MAT-02071,镀锌外丝直接,管件/镀锌管件,管道管件/金属管件/镀锌管件,表面: 镀锌；连接: 外丝；规格: 2寸；长度: 150mm,个,1,可建档,镀锌外丝直接2寸/150mm,Sheet1:3244,材质/压力等级缺失,REVIEW-MAT-02071,single_candidate;low_precision,0.70,true
REVIEW-MAT-02072,中性笔,办公用品/书写工具,行政办公与清洁/办公用品/文具书写,类型: 中性笔,支,1,可建档,中性笔,Sheet1:3247,颜色/笔芯规格缺失,REVIEW-MAT-02072,single_candidate;low_precision,0.70,true
REVIEW-MAT-02073,对丝接头,液压/高压管路,液压气动/液压管路/高压胶管,螺纹/规格: 36*2H；类型: 对丝接头,个,1,可建档,36*2H对丝接头,Sheet1:3248,H含义/材质/压力等级缺失,REVIEW-MAT-02073,single_candidate;low_precision,0.70,true
REVIEW-MAT-02074,高压弯头,液压/高压管路,液压气动/液压管路/高压胶管,螺纹/规格: 36*2；结构: 双H；类型: 弯头,个,1,可建档,36*2双H弯头,Sheet1:3249,双H含义/材质/压力等级缺失,REVIEW-MAT-02074,single_candidate;low_precision,0.70,true
REVIEW-MAT-02075,变径对丝接头,液压/高压管路,液压气动/液压管路/高压胶管,规格: 1寸/36*2H；类型: 变径对丝,个,1,可建档,1寸/36*2H变径对丝接头,Sheet1:3250,材质/压力等级缺失,REVIEW-MAT-02075,single_candidate;low_precision,0.70,true
REVIEW-MAT-02076,架子管,建筑施工耗材/脚手架管,工程建材/其他/脚手架管,长度: 6m；类型: 架子管,根,1,可建档,架子管6m,Sheet1:3252,管径/壁厚/材质缺失,REVIEW-MAT-02076,single_candidate;low_precision;human_review_group,0.65,true
REVIEW-MAT-02077,冲凿套装,工具/冲凿工具,工具器具/其他/冲凿工具,品牌: 上匠；件数: 12件,套,1,可建档,上匠冲凿12件套,Sheet1:3254,规格明细缺失,REVIEW-MAT-02077,single_candidate;low_precision;human_review_group,0.65,true
REVIEW-MAT-02078,不锈钢内外丝球阀,阀门/球阀,阀门/通用阀门/球阀,材质: 304不锈钢；规格: 4分；连接: 内外丝,个,1,可建档,304不锈钢4分内外丝球阀,Sheet1:3255,压力等级缺失,REVIEW-MAT-02078,single_candidate;low_precision,0.70,true
REVIEW-MAT-02079,不锈钢内外丝球阀,阀门/球阀,阀门/通用阀门/球阀,材质: 304不锈钢；规格: 3分；连接: 内外丝,个,1,可建档,304不锈钢3分内外丝球阀,Sheet1:3256,压力等级缺失,REVIEW-MAT-02079,single_candidate;low_precision,0.70,true
REVIEW-MAT-02080,不锈钢内丝球阀,阀门/球阀,阀门/通用阀门/球阀,材质: 304不锈钢；规格: 4分；连接: 内丝,个,1,可建档,304不锈钢4分内丝球阀,Sheet1:3257,压力等级缺失,REVIEW-MAT-02080,single_candidate;low_precision,0.70,true
REVIEW-MAT-02081,不锈钢内丝球阀,阀门/球阀,阀门/通用阀门/球阀,材质: 304不锈钢；规格: 3分；连接: 内丝,个,1,可建档,304不锈钢3分内丝球阀,Sheet1:3258,压力等级缺失,REVIEW-MAT-02081,single_candidate;low_precision,0.70,true
REVIEW-MAT-02082,不锈钢宝塔球阀,阀门/球阀,阀门/通用阀门/球阀,材质: 304不锈钢；规格: 2分-12mm；连接: 宝塔,个,1,可建档,304不锈钢2分-12mm宝塔球阀,Sheet1:3259,压力等级缺失,REVIEW-MAT-02082,single_candidate;low_precision,0.70,true
REVIEW-MAT-02083,不锈钢直通快插接头,气动液压/快插接头,液压气动/液压接头/液压接头,材质: 304不锈钢；型号: QS-1/4-12；类型: 直通快插,个,1,可建档,304不锈钢直通快插接头QS-1/4-12,Sheet1:3260,螺纹/管径含义缺失,REVIEW-MAT-02083,single_candidate;low_precision,0.70,true
REVIEW-MAT-02084,不锈钢直通快插接头,气动液压/快插接头,液压气动/液压接头/液压接头,材质: 304不锈钢；型号: QS-1/4-10；类型: 直通快插,个,1,可建档,304不锈钢直通快插接头QS-1/4-10,Sheet1:3261,螺纹/管径含义缺失,REVIEW-MAT-02084,single_candidate;low_precision,0.70,true
REVIEW-MAT-02085,不锈钢直通快插接头,气动液压/快插接头,液压气动/液压接头/液压接头,材质: 304不锈钢；型号: QS-1/4-8；类型: 直通快插,个,1,可建档,304不锈钢直通快插接头QS-1/4-8,Sheet1:3262,螺纹/管径含义缺失,REVIEW-MAT-02085,single_candidate;low_precision,0.70,true
REVIEW-MAT-02086,自紧钻夹头,电动工具/电钻配件,工具器具/电动工具/电钻角磨机,品牌: 马牌；夹持范围: 0.3-16；接口: B18,个,1,可建档,马牌自紧钻夹头0.3-16B18,Sheet1:3263,适配设备缺失,REVIEW-MAT-02086,single_candidate;low_precision,0.70,true
REVIEW-MAT-02087,铅笔,办公用品/书写工具,行政办公与清洁/办公用品/文具书写,规格: 2B,支,1,可建档,2B铅笔,Sheet1:3264,品牌缺失,REVIEW-MAT-02087,single_candidate;low_precision,0.70,true
REVIEW-MAT-02088,速凝型堵漏剂,建材/堵漏材料,工程建材/保温防水/防水堵漏,品牌: 牛元；特性: 速凝型,箱,1,可建档,牛元速凝型堵漏剂,Sheet1:3265,每箱数量/包装重量缺失,REVIEW-MAT-02088,single_candidate;low_precision,0.70,true
REVIEW-MAT-02089,不锈钢焊条,焊接材料/焊条,焊接焊割/焊接耗材/焊条焊丝,材质: 不锈钢；直径: Φ2.5,包,1,可建档,不锈钢焊条Φ2.5,Sheet1:3266,牌号/每包重量缺失,REVIEW-MAT-02089,single_candidate;low_precision,0.70,true
REVIEW-MAT-02090,7号电池,电气/电池,电气与自动化/电源电池/电源电池,品牌: 南孚；规格: 7号,节,1,可建档,南孚电池7号,Sheet1:3268,碱性/容量缺失,REVIEW-MAT-02090,single_candidate;low_precision,0.70,true
REVIEW-MAT-02091,RVVP屏蔽线,电气/电线电缆,电气与自动化/电线电缆与敷设/电线电缆,型号: RVVP；规格: 3*1.5；特性: 屏蔽,米,1,可建档,RVVP屏蔽线3*1.5,Sheet1:3270,品牌/电压等级缺失,REVIEW-MAT-02091,single_candidate;low_precision,0.70,true
REVIEW-MAT-02092,弹簧式安全阀,阀门/安全阀,阀门/其他/安全阀,结构: 弹簧式；公称通径: DN20,个,1,可建档,弹簧式安全阀DN20,Sheet1:3273,整定压力/型号/材质缺失,REVIEW-MAT-02092,single_candidate;low_precision;human_review_group,0.65,true
REVIEW-MAT-02093,铜内丝管接,管件/铜管件,管道管件/其他/铜管件,材质: 铜；连接: 内丝；规格: 20,个,1,可建档,铜内丝管接20,Sheet1:3274,口径单位/压力等级缺失,REVIEW-MAT-02093,single_candidate;low_precision;human_review_group,0.65,true
REVIEW-MAT-02094,焊接弯头,管件/焊接管件,管道管件/其他/焊接管件,连接: 焊接；角度: 90度；规格: 159,个,1,可建档,焊接90度弯头159,Sheet1:3275,材质/壁厚/压力等级缺失,REVIEW-MAT-02094,single_candidate;low_precision;human_review_group,0.65,true
REVIEW-MAT-02095,灯座,电气/照明配件,电气与自动化/照明与报警/灯具,规格: E27,个,1,可建档,E27灯座,Sheet1:3276,材质/额定电流缺失,REVIEW-MAT-02095,single_candidate;low_precision,0.70,true
REVIEW-MAT-02096,焊管,钢材/钢管,金属原材料/钢材型材/钢材型材,规格: 2寸；长度: 3m；类型: 焊管,根,1,可建档,焊管2寸*3m,Sheet1:3277,壁厚/材质/标准缺失,REVIEW-MAT-02096,single_candidate;low_precision,0.70,true
REVIEW-MAT-02097,螺丝套件,紧固件/螺丝套件,紧固件/螺纹紧固件/螺丝螺栓,强度等级: 8.8；规格: M16*60；包含: 平垫+弹垫,套,2,可合并 | 可建档,8.8级M16*60螺丝带平 弹垫；8.8级M16*60螺丝带平弹垫,Sheet1:3278；Sheet1:3464,材质/螺母是否包含缺失 | 与3273同类，材质/螺母是否包含缺失,REVIEW-MAT-02097,single_candidate;source_status_contains_merge;low_precision,0.70,true
REVIEW-MAT-02098,螺丝套件,紧固件/螺丝套件,紧固件/螺纹紧固件/螺丝螺栓,强度等级: 8.8；规格: M20*60；包含: 平垫+弹垫,套,1,可建档,8.8级M20*60螺丝带平 弹垫,Sheet1:3279,材质/螺母是否包含缺失,REVIEW-MAT-02098,single_candidate;low_precision,0.70,true
REVIEW-MAT-02099,潜水泵,设备/泵,设备备件与加工件/设备专用备件/设备备件,电压: 220V；功率: 370W；出口: 1寸,台,1,可建档,潜水泵220V/370W-1寸出口,Sheet1:3280,扬程/流量/品牌缺失,REVIEW-MAT-02099,single_candidate;low_precision,0.70,true
REVIEW-MAT-02100,不锈钢单向阀,阀门/单向阀,阀门/其他/单向阀,材质: 304不锈钢；公称通径: DN50,个,1,可建档,304不锈钢单向阀DN50,Sheet1:3281,压力等级/连接形式缺失,REVIEW-MAT-02100,single_candidate;low_precision;human_review_group,0.65,true
REVIEW-MAT-02101,不锈钢内六角螺丝套件,紧固件/螺丝套件,紧固件/螺纹紧固件/螺丝螺栓,材质: 不锈钢；头型: 内六角；规格: M5*30；包含: 平垫+弹垫,套,1,可建档,不锈钢内六角螺丝M5*30带平弹垫,Sheet1:3282,不锈钢牌号/螺母是否包含缺失,REVIEW-MAT-02101,single_candidate;low_precision,0.70,true
REVIEW-MAT-02102,不锈钢内六角螺丝套件,紧固件/螺丝套件,紧固件/螺纹紧固件/螺丝螺栓,材质: 不锈钢；头型: 内六角；规格: M5*10；包含: 平垫+弹垫,套,1,可建档,不锈钢内六角螺丝M5*10带平弹垫,Sheet1:3283,不锈钢牌号/螺母是否包含缺失,REVIEW-MAT-02102,single_candidate;low_precision,0.70,true
REVIEW-MAT-02103,不锈钢内六角螺丝套件,紧固件/螺丝套件,紧固件/螺纹紧固件/螺丝螺栓,材质: 不锈钢；头型: 内六角；规格: M5*16；包含: 平垫+弹垫,套,1,可建档,不锈钢内六角螺丝M5*16带平弹垫,Sheet1:3284,不锈钢牌号/螺母是否包含缺失,REVIEW-MAT-02103,single_candidate;low_precision,0.70,true
REVIEW-MAT-02104,不锈钢螺母,紧固件/螺母,紧固件/螺纹紧固件/螺母垫圈,材质: 不锈钢；规格: M5,个,1,可建档,不锈钢M5螺母,Sheet1:3285,不锈钢牌号/牙距缺失,REVIEW-MAT-02104,single_candidate;low_precision,0.70,true
REVIEW-MAT-02105,不锈钢螺丝套件,紧固件/螺丝套件,紧固件/螺纹紧固件/螺丝螺栓,材质: 不锈钢；规格: M6*20；包含: 平垫+弹垫,套,1,可建档,不锈钢M6*20螺丝带平弹垫,Sheet1:3286,不锈钢牌号/螺母是否包含缺失,REVIEW-MAT-02105,single_candidate;low_precision,0.70,true
REVIEW-MAT-02106,脱漆剂,化工耗材/脱漆剂,化工油漆胶粘/其他/脱漆剂,类型: 脱漆剂,瓶,1,可建档,脱漆剂,Sheet1:3287,品牌/容量/SDS缺失,REVIEW-MAT-02106,single_candidate;low_precision;human_review_group,0.65,true
REVIEW-MAT-02107,加厚油布,覆盖材料/油布,工程建材/其他/油布,特征: 加厚；尺寸: 6m*6m,块,1,可建档,加厚油布6m*6m,Sheet1:3288,材质/克重/防水等级缺失,REVIEW-MAT-02107,single_candidate;low_precision;human_review_group,0.65,true
REVIEW-MAT-02108,高强度全螺纹丝杆,紧固件/螺杆,紧固件/其他/螺杆,强度等级: 10.9；规格: M12*1m；原始: 全芽,根,1,可建档,10.9级M12*1m全芽丝杆,Sheet1:3291,`全芽`疑似全牙，材质/表面处理缺失,REVIEW-MAT-02108,single_candidate;low_precision;human_review_group,0.65,true
REVIEW-MAT-02109,五点式安全带,安全防护/安全带,安全防护/高处与水域防护/高处防护,类型: 五点式,副,1,可建档,五点式安全带,Sheet1:3292,执行标准/承载等级缺失,REVIEW-MAT-02109,single_candidate;low_precision;human_review_group,0.65,true
REVIEW-MAT-02110,螺丝套件,紧固件/螺丝套件,紧固件/螺纹紧固件/螺丝螺栓,强度等级: 8.8；规格: M20*200；包含: 平垫+弹垫,套,1,可建档,8.8级M20*200螺丝带平 弹垫,Sheet1:3294,材质/螺母是否包含缺失,REVIEW-MAT-02110,single_candidate;low_precision,0.70,true
REVIEW-MAT-02111,镀锌外丝直接,管件/镀锌管件,管道管件/金属管件/镀锌管件,表面: 镀锌；连接: 外丝；规格: 6分；长度: 100mm,个,1,可建档,镀锌外丝直接6分*100mm,Sheet1:3295,材质/压力等级缺失,REVIEW-MAT-02111,single_candidate;low_precision,0.70,true
REVIEW-MAT-02112,不锈钢双外丝变径接头,管件/不锈钢管件,管道管件/金属管件/钢制管件,材质: 304不锈钢；连接: 双外丝；规格: 2寸/1.5寸,个,1,可建档,304不锈钢双外丝变径2寸/1.5寸,Sheet1:3296,压力等级缺失,REVIEW-MAT-02112,single_candidate;low_precision,0.70,true
REVIEW-MAT-02113,不锈钢双外丝变径接头,管件/不锈钢管件,管道管件/金属管件/钢制管件,材质: 304不锈钢；连接: 双外丝；规格: 1.5寸/1.2寸,个,1,可建档,304不锈钢双外丝变径1.5寸/1.2寸,Sheet1:3297,压力等级缺失,REVIEW-MAT-02113,single_candidate;low_precision,0.70,true
REVIEW-MAT-02114,泥浆管接头加工件,定制件/管路接头,设备备件与加工件/金属加工件/金属加工件,加工: 是；连接: 焊接；管径: Φ168；用途: 泥浆管,个,1,可建档-定制件,加工焊接泥浆管接头Φ168,Sheet1:3298,材质/壁厚/图纸缺失,REVIEW-MAT-02114,single_candidate;low_precision,0.70,true
REVIEW-MAT-02115,轴向压力表,仪表/压力仪表,仪器仪表/其他/压力仪表,类型: 轴向；仪表: 压力表,个,1,可建档,轴向压力表,Sheet1:3300,量程/接口/表径缺失,REVIEW-MAT-02115,single_candidate;low_precision;human_review_group,0.65,true
REVIEW-MAT-02116,PVC钢丝软管,管材/塑料软管,管道管件/其他/塑料软管,材质: PVC；结构: 钢丝增强；规格: 1寸,米,1,可建档,PVC钢丝软管1寸,Sheet1:3301,压力等级/壁厚缺失,REVIEW-MAT-02116,single_candidate;low_precision;human_review_group,0.65,true
REVIEW-MAT-02117,卡箍,管夹/卡箍,管道管件/管道紧固/管夹卡箍,规格: 50；类型: 卡箍,个,1,可建档,卡箍50,Sheet1:3302,材质/适配管径缺失,REVIEW-MAT-02117,single_candidate;low_precision,0.70,true
REVIEW-MAT-02118,镀锌外丝直接,管件/镀锌管件,管道管件/金属管件/镀锌管件,表面: 镀锌；连接: 外丝；规格: 1寸；长度: 100mm,个,1,可建档,镀锌外丝直接1寸*100mm,Sheet1:3303,材质/压力等级缺失,REVIEW-MAT-02118,single_candidate;low_precision,0.70,true
REVIEW-MAT-02119,镀锌变径接头,管件/镀锌管件,管道管件/金属管件/镀锌管件,表面: 镀锌；规格: 1寸/6分；类型: 大小头/变径,个,1,可建档,镀锌大小头1寸/6分,Sheet1:3304,连接形式/压力等级缺失,REVIEW-MAT-02119,single_candidate;low_precision,0.70,true
REVIEW-MAT-02120,不锈钢外丝变径接头,管件/不锈钢管件,管道管件/金属管件/钢制管件,材质: 304不锈钢；连接: 外丝；规格: 6分/4分,个,1,可建档,304不锈钢外丝变径6分/4分,Sheet1:3305,压力等级缺失,REVIEW-MAT-02120,single_candidate;low_precision,0.70,true
REVIEW-MAT-02121,防护罩加工件,定制件/防护罩,设备备件与加工件/金属加工件/金属加工件,加工: 是；尺寸: 1.2米*2.7米*0.8米,个,1,可建档-定制件,加工防护罩1.2米*2.7米*0.8米,Sheet1:3306,材质/图纸/用途缺失,REVIEW-MAT-02121,single_candidate;low_precision,0.70,true
REVIEW-MAT-02122,橡胶垫片,密封件/垫片,密封件/垫片盘根/垫片盘根,材质: 橡胶；规格: 50,个,1,可建档,橡胶垫片50,Sheet1:3307,内径/外径/厚度缺失,REVIEW-MAT-02122,single_candidate;low_precision,0.70,true
REVIEW-MAT-02123,螺纹锁固胶,胶粘剂/螺纹锁固胶,化工油漆胶粘/胶粘密封/胶粘剂,品牌: 乐泰；型号: 243,瓶,1,可合并,乐泰243胶水,Sheet1:3308,与2594同类，容量/包装单位需统一,REVIEW-MAT-02123,single_candidate;source_status_contains_merge,1.00,false
REVIEW-MAT-02124,发泡胶,胶粘剂/发泡胶,化工油漆胶粘/胶粘密封/胶粘剂,类型: 发泡胶,瓶,1,可建档,发泡胶,Sheet1:3309,品牌/容量/阻燃等级缺失,REVIEW-MAT-02124,single_candidate;low_precision,0.70,true
REVIEW-MAT-02125,复合吸油棉,清洁耗材/吸油棉,行政办公与清洁/清洁用品/清洁工具耗材,材质/类型: 复合；尺寸: 400*500*5,张,1,可建档,复合吸油棉400*500*5,Sheet1:3310,吸油量/材质等级缺失,REVIEW-MAT-02125,single_candidate;low_precision,0.70,true
REVIEW-MAT-02126,PVC管加工件,定制件/塑料管加工件,设备备件与加工件/金属加工件/金属加工件,加工: 是；材质: PVC；直径: Φ200；长度: 1.5m,根,1,可建档-定制件,加工PVC管Φ200*1.5m,Sheet1:3311,壁厚/用途/图纸缺失,REVIEW-MAT-02126,single_candidate;low_precision,0.70,true
REVIEW-MAT-02127,PVC直接,管件/PVC管件,管道管件/塑料管件/PVC管件,材质: PVC；直径: Φ200；类型: 直接,个,1,可建档,PVC管Φ200直接,Sheet1:3312,压力等级/连接方式缺失,REVIEW-MAT-02127,single_candidate;low_precision,0.70,true
REVIEW-MAT-02128,PVC胶水,胶粘剂/PVC胶水,化工油漆胶粘/胶粘密封/胶粘剂,用途: PVC粘接,瓶,1,可合并,PVC胶水,Sheet1:3313,与2517同类，品牌/容量缺失,REVIEW-MAT-02128,single_candidate;source_status_contains_merge;low_precision,0.70,true
REVIEW-MAT-02129,膨胀螺丝,紧固件/膨胀螺丝,紧固件/螺纹紧固件/螺丝螺栓,规格: Φ10,支,1,可建档,膨胀螺丝Φ10,Sheet1:3314,长度/材质缺失,REVIEW-MAT-02129,single_candidate;low_precision,0.70,true
REVIEW-MAT-02130,镀锌骑马卡,管夹/管路固定件,管道管件/管道紧固/管夹卡箍,表面: 镀锌；规格: Φ200；类型: 骑马卡,个,1,可建档,镀锌骑马卡Φ200,Sheet1:3315,材质/孔距缺失,REVIEW-MAT-02130,single_candidate;low_precision,0.70,true
REVIEW-MAT-02131,不锈钢排气阀,阀门/排气阀,阀门/其他/排气阀,材质: 不锈钢；特征: 大帽,个,1,可建档,不锈钢大帽排气阀,Sheet1:3317,规格/压力等级缺失,REVIEW-MAT-02131,single_candidate;low_precision;human_review_group,0.65,true
REVIEW-MAT-02132,自攻螺丝,紧固件/自攻螺丝,紧固件/螺纹紧固件/螺丝螺栓,规格: M4,个,1,可建档,自攻螺丝M4,Sheet1:3318,长度/头型/材质缺失,REVIEW-MAT-02132,single_candidate;low_precision,0.70,true
REVIEW-MAT-02133,遮阳伞,行政后勤/生活用品,行政办公与清洁/生活后勤/生活用品,规格: 2.2m；类型: 大遮阳伞,把,1,可建档,大遮阳伞2.2m,Sheet1:3321,材质/底座是否包含缺失,REVIEW-MAT-02133,single_candidate;low_precision,0.70,true
REVIEW-MAT-02134,尖嘴钳,工具/手动工具,工具器具/手动工具/通用手动工具,品牌: 世达；规格: 6寸；类型: 尖嘴钳,把,1,可建档,世达尖嘴钳6寸,Sheet1:3324,型号缺失,REVIEW-MAT-02134,single_candidate;low_precision,0.70,true
REVIEW-MAT-02135,钻尾螺丝,紧固件/钻尾螺丝,紧固件/螺纹紧固件/螺丝螺栓,规格: M5.5*80；包装: 大盒,盒,1,可建档,钻尾螺丝M5.5*80大盒,Sheet1:3325,每盒数量/材质缺失,REVIEW-MAT-02135,single_candidate;low_precision,0.70,true
REVIEW-MAT-02136,垃圾袋,行政后勤/清洁用品；清洁用品/垃圾袋,行政办公与清洁/清洁用品/清洁工具耗材,尺寸: 1m*1.2m,条,2,可建档,垃圾袋1m*1.2m,Sheet1:3326；Sheet1:3658,厚度/每包数量缺失 || 材质/厚度/颜色缺失,REVIEW-MAT-02136；REVIEW-MAT-02353,exact_name_group_unit_specs;low_precision,0.70,true
REVIEW-MAT-02137,钻头,工具/钻头,工具器具/工具耗材/钻头,直径: Φ14；长度: 150,支,1,可建档,钻头Φ14*150,Sheet1:3327,柄型/材质缺失,REVIEW-MAT-02137,single_candidate;low_precision,0.70,true
REVIEW-MAT-02138,编织袋,包装材料/编织袋,包装与标识/袋箱膜包装/袋箱膜,尺寸: 0.8m*1.2m,条,1,可建档,编织袋0.8m*1.2m,Sheet1:3328,承重/材质缺失,REVIEW-MAT-02138,single_candidate;low_precision,0.70,true
REVIEW-MAT-02139,内六角螺丝套件,紧固件/螺丝套件,紧固件/螺纹紧固件/螺丝螺栓,强度等级: 8.8；头型: 内六角；规格: M10*50；包含: 螺母,套,1,可建档,8.8级内六角螺丝M10*50带螺母,Sheet1:3329,平垫/弹垫是否包含需确认,REVIEW-MAT-02139,single_candidate,1.00,false
REVIEW-MAT-02140,供水增压泵,设备/泵,设备备件与加工件/设备专用备件/设备备件,用途: 供水增压,台,1,可建档,供水增压泵,Sheet1:3333,流量/扬程/功率缺失,REVIEW-MAT-02140,single_candidate;low_precision,0.70,true
REVIEW-MAT-02141,水泵自动控制开关,电气/泵控制,电气与自动化/其他/泵控制,用途: 水泵自动控制,台,1,可建档,水泵自动控制开关,Sheet1:3334,电压/电流/控制方式缺失,REVIEW-MAT-02141,single_candidate;low_precision;human_review_group,0.65,true
REVIEW-MAT-02142,不锈钢保温水箱,容器/水箱,行政办公与清洁/生活后勤/生活用品,容量: 5T；材质: 不锈钢；形状: 圆形；特性: 保温,个,1,可建档,5T不锈钢圆形保温水箱,Sheet1:3335,尺寸/板厚/保温层缺失,REVIEW-MAT-02142,single_candidate;low_precision,0.70,true
REVIEW-MAT-02143,不锈钢补水球阀,阀门/球阀,阀门/通用阀门/球阀,材质: 不锈钢；用途: 补水；规格: 4寸,个,1,可建档,4寸不锈钢补水球阀,Sheet1:3336,压力等级/连接方式缺失,REVIEW-MAT-02143,single_candidate;low_precision,0.70,true
REVIEW-MAT-02144,PPR截止阀,管件/PPR管件,管道管件/塑料管件/PPR管件,品牌: 公元；材质: PPR；规格: 32；类型: 截止阀,个,1,可建档,公元PPR32截止阀,Sheet1:3338,压力等级缺失,REVIEW-MAT-02144,single_candidate;low_precision,0.70,true
REVIEW-MAT-02145,不锈钢球阀,阀门/球阀,阀门/通用阀门/球阀,材质: 不锈钢；规格: 32,个,1,可建档,不锈钢球阀32,Sheet1:3339,口径单位/压力等级缺失,REVIEW-MAT-02145,single_candidate;low_precision,0.70,true
REVIEW-MAT-02146,PPR管,管材/PPR管,管道管件/塑料管件/PPR管件,品牌: 公元；材质: PPR；规格: 32,米,1,可建档,公元PPR32管,Sheet1:3340,压力等级/壁厚缺失,REVIEW-MAT-02146,single_candidate;low_precision,0.70,true
REVIEW-MAT-02147,PPR三通,管件/PPR管件,管道管件/塑料管件/PPR管件,品牌: 公元；材质: PPR；规格: 32；类型: 三通,个,1,可建档,公元PPR32三通,Sheet1:3341,压力等级缺失,REVIEW-MAT-02147,single_candidate;low_precision,0.70,true
REVIEW-MAT-02148,PPR弯头,管件/PPR管件,管道管件/塑料管件/PPR管件,品牌: 公元；材质: PPR；规格: 32；类型: 弯头,个,1,可建档,公元PPR32弯头,Sheet1:3342,角度/压力等级缺失,REVIEW-MAT-02148,single_candidate;low_precision,0.70,true
REVIEW-MAT-02149,PPR直接,管件/PPR管件,管道管件/塑料管件/PPR管件,品牌: 公元；材质: PPR；规格: 32；类型: 直接,个,1,可建档,公元PPR32直接,Sheet1:3343,压力等级缺失,REVIEW-MAT-02149,single_candidate;low_precision,0.70,true
REVIEW-MAT-02150,电缆,电气/电线电缆,电气与自动化/电线电缆与敷设/电线电缆,规格: 4*4平方,米,1,可建档,电缆线4*4平方,Sheet1:3347,型号/品牌/电压等级缺失,REVIEW-MAT-02150,single_candidate;low_precision,0.70,true
REVIEW-MAT-02151,除胶剂,清洁化学品/除胶剂,化工油漆胶粘/胶粘密封/胶粘剂,类型: 除胶剂,瓶,1,可建档,除胶剂,Sheet1:3351,品牌/容量/SDS缺失,REVIEW-MAT-02151,single_candidate;low_precision;human_review_group,0.65,true
REVIEW-MAT-02152,泡沫清洗剂,清洁化学品/清洗剂,化工油漆胶粘/油品化学品/清洗化学品,类型: 泡沫清洗剂,瓶,1,可建档,泡沫清洗剂,Sheet1:3352,品牌/容量/SDS缺失,REVIEW-MAT-02152,single_candidate;low_precision;human_review_group,0.65,true
REVIEW-MAT-02153,镀锌接地桩套件,电气/接地材料,电气与自动化/其他/接地材料,表面: 镀锌；规格: 18*1m；配置: 带螺丝,根,1,可建档,镀锌接地桩18*1m带螺丝,Sheet1:3355,材质/镀层厚度缺失,REVIEW-MAT-02153,single_candidate;low_precision;human_review_group,0.65,true
REVIEW-MAT-02154,地毯刷,清洁工具/刷子,行政办公与清洁/清洁用品/清洁工具耗材,用途: 地毯清洁,个,1,可建档,地毯刷,Sheet1:3356,尺寸/材质缺失,REVIEW-MAT-02154,single_candidate;low_precision,0.70,true
REVIEW-MAT-02155,棉毛巾,行政后勤/生活用品,行政办公与清洁/生活后勤/生活用品,材质: 棉；类型: 毛巾,条,1,可建档,棉毛巾,Sheet1:3357,尺寸/克重缺失,REVIEW-MAT-02155,single_candidate;low_precision,0.70,true
REVIEW-MAT-02156,竹梯,工具/登高工具,工具器具/其他/登高工具,材质: 竹；长度: 6米,部,1,可建档,6米竹梯,Sheet1:3359,承载/节数缺失,REVIEW-MAT-02156,single_candidate;low_precision;human_review_group,0.65,true
REVIEW-MAT-02157,全身式安全带,安全防护/安全带,安全防护/高处与水域防护/高处防护,类型: 全身式；配置: 大钩,条,1,可建档,全身大钩安全带,Sheet1:3362,执行标准/承载等级缺失,REVIEW-MAT-02157,single_candidate;low_precision;human_review_group,0.65,true
REVIEW-MAT-02158,折叠圆桌,行政后勤/办公家具,行政办公与清洁/生活后勤/生活用品,直径/规格: 1.5米；结构: 折叠；形状: 圆桌,张,1,可建档,1.5米折叠圆桌,Sheet1:3363,材质缺失,REVIEW-MAT-02158,single_candidate;low_precision,0.70,true
REVIEW-MAT-02159,实木办公桌,行政后勤/办公家具,行政办公与清洁/生活后勤/生活用品,材质: 实木；尺寸: 1.4米*0.6米,张,1,可建档,实木办公桌1.4米*0.6米,Sheet1:3364,高度/款式缺失,REVIEW-MAT-02159,single_candidate;low_precision,0.70,true
REVIEW-MAT-02160,玻璃胶,胶粘剂/玻璃胶,化工油漆胶粘/胶粘密封/胶粘剂,品牌: 道康宁,支,1,可建档,道康宁玻璃胶,Sheet1:3365,型号/颜色/容量缺失,REVIEW-MAT-02160,single_candidate;low_precision,0.70,true
REVIEW-MAT-02161,方柄钻头,工具/钻头,工具器具/工具耗材/钻头,品牌: 博世；柄型: 方柄；直径: Φ14；长度: 280,支,1,可建档,博世方柄钻头Φ14*280,Sheet1:3366,材质/适配设备缺失,REVIEW-MAT-02161,single_candidate;low_precision,0.70,true
REVIEW-MAT-02162,方柄钻头,工具/钻头,工具器具/工具耗材/钻头,品牌: 博世；柄型: 方柄；直径: Φ12；长度: 260,支,1,可建档,博世方柄钻头Φ12*260,Sheet1:3367,材质/适配设备缺失,REVIEW-MAT-02162,single_candidate;low_precision,0.70,true
REVIEW-MAT-02163,灭火器,安全消防/灭火器,消防器材/灭火器与水带/灭火器,灭火剂重量: 2KG,个,1,可合并,2KG灭火器,Sheet1:3368,与2522同类，类型/年检信息缺失,REVIEW-MAT-02163,single_candidate;source_status_contains_merge;low_precision;human_review_group,0.65,true
REVIEW-MAT-02164,灭火器箱,安全消防/灭火器配件,消防器材/灭火器与水带/灭火器,用途: 灭火器存放,个,3,可合并 | 可建档,灭火器箱子,Sheet1:3369；Sheet1:3474；Sheet1:3560,适配规格/材质缺失 | 与3364同类，适配规格/材质缺失 | 与3474同类，适配规格/材质缺失,REVIEW-MAT-02164,single_candidate;source_status_contains_merge;low_precision;human_review_group,0.65,true
REVIEW-MAT-02165,PVC管,管材/PVC管,管道管件/塑料管件/PVC管件,品牌: 公元；材质: PVC；直径: Φ100,米,1,可建档,公元PVCΦ100管,Sheet1:3370,压力等级/壁厚缺失,REVIEW-MAT-02165,single_candidate;low_precision,0.70,true
REVIEW-MAT-02166,PVC弯头,管件/PVC管件,管道管件/塑料管件/PVC管件,品牌: 公元；材质: PVC；直径: Φ100；类型: 弯头,个,1,可建档,公元PVCΦ100弯头,Sheet1:3371,角度/压力等级缺失,REVIEW-MAT-02166,single_candidate;low_precision,0.70,true
REVIEW-MAT-02167,PVC止回阀,阀门/PVC阀门,阀门/其他/PVC阀门,品牌: 公元；材质: PVC；直径: Φ100；类型: 止回阀,个,1,可建档,公元PVCΦ100止回阀,Sheet1:3372,压力等级/连接方式缺失,REVIEW-MAT-02167,single_candidate;low_precision;human_review_group,0.65,true
REVIEW-MAT-02168,PVC三通,管件/PVC管件,管道管件/塑料管件/PVC管件,品牌: 公元；材质: PVC；直径: Φ100；类型: 三通,个,1,可建档,公元PVCΦ100三通,Sheet1:3373,压力等级缺失,REVIEW-MAT-02168,single_candidate;low_precision,0.70,true
REVIEW-MAT-02169,镀锌两端丝水管加工件,定制件/管路加工件,设备备件与加工件/金属加工件/金属加工件,加工: 是；表面: 镀锌；规格: 4分；连接: 两端丝；长度: 3米,根,1,可建档-定制件,加工4分镀锌两端丝水管3米,Sheet1:3375,材质/压力等级缺失,REVIEW-MAT-02169,single_candidate;low_precision,0.70,true
REVIEW-MAT-02170,镀锌内丝直接,管件/镀锌管件,管道管件/金属管件/镀锌管件,表面: 镀锌；连接: 内丝；规格: 4分；类型: 直接,个,1,可建档,镀锌4分内丝直接头,Sheet1:3376,材质/压力等级缺失,REVIEW-MAT-02170,single_candidate;low_precision,0.70,true
REVIEW-MAT-02171,手持吸尘器,行政后勤/清洁设备,行政办公与清洁/清洁用品/清洁工具耗材,品牌: 小米；特征: 大功率；类型: 手持,台,1,可建档,小米大功率手持吸尘器,Sheet1:3377,型号/功率缺失,REVIEW-MAT-02171,single_candidate;low_precision,0.70,true
REVIEW-MAT-02172,不锈钢排烟罩,定制件/排烟罩,设备备件与加工件/金属加工件/金属加工件,定制: 是；材质: 不锈钢；尺寸: 500*600,个,1,可建档-定制件,订做不锈钢排烟罩500*600,Sheet1:3378,图纸/板厚/接口缺失,REVIEW-MAT-02172,single_candidate;low_precision,0.70,true
REVIEW-MAT-02173,不锈钢变径接头,定制件/管路接头,设备备件与加工件/金属加工件/金属加工件,定制: 是；材质: 不锈钢；规格: 450*450；类型: 变径接头,个,1,可建档-定制件,订做不锈钢变径接头450*450,Sheet1:3379,两端规格/图纸缺失,REVIEW-MAT-02173,single_candidate;low_precision,0.70,true
REVIEW-MAT-02174,空气净化器,行政后勤/空气净化设备,行政办公与清洁/其他/空气净化设备,品牌: 小米；类型: 空气净化机,台,1,可建档,小米空气净化机,Sheet1:3381,型号/适用面积缺失,REVIEW-MAT-02174,single_candidate;low_precision;human_review_group,0.65,true
REVIEW-MAT-02175,木方,建筑材料/木材,工程建材/其他/木材,截面: 50*100；长度: 4m,根,1,可建档,木方50*100*4m,Sheet1:3383,木材等级/材质缺失,REVIEW-MAT-02175,single_candidate;low_precision;human_review_group,0.65,true
REVIEW-MAT-02176,自攻螺丝,紧固件/自攻螺丝,紧固件/螺纹紧固件/螺丝螺栓,长度: 60mm,盒,1,可建档,自攻螺丝60mm,Sheet1:3384,直径/每盒数量缺失,REVIEW-MAT-02176,single_candidate;low_precision,0.70,true
REVIEW-MAT-02177,钻尾螺丝,紧固件/钻尾螺丝,紧固件/螺纹紧固件/螺丝螺栓,长度: 60mm,盒,1,可建档,钻尾螺丝60mm,Sheet1:3385,直径/每盒数量缺失,REVIEW-MAT-02177,single_candidate;low_precision,0.70,true
REVIEW-MAT-02178,电工包,工具/工具包,工具器具/其他/工具包,品牌: 得力；用途: 电工,个,1,可建档,得力电工包,Sheet1:3390,尺寸/格数缺失,REVIEW-MAT-02178,single_candidate;low_precision;human_review_group,0.65,true
REVIEW-MAT-02179,圆柄钻头,工具/钻头,工具器具/工具耗材/钻头,品牌: 博世；柄型: 圆柄；直径: Φ10；长度: 350,个,1,可建档,博世圆柄钻头Φ10*350,Sheet1:3391,材质/适配设备缺失,REVIEW-MAT-02179,single_candidate;low_precision,0.70,true
REVIEW-MAT-02180,钻头,工具/钻头,工具器具/工具耗材/钻头,品牌: 博世；柄型: 二坑二槽；直径: Φ12；长度: 350,个,1,可建档,博世二坑二槽钻头Φ12*350,Sheet1:3392,材质/适配设备缺失,REVIEW-MAT-02180,single_candidate;low_precision,0.70,true
REVIEW-MAT-02181,钻头,工具/钻头,工具器具/工具耗材/钻头,品牌: 博世；柄型: 二坑二槽；直径: Φ14；长度: 350,个,1,可建档,博世二坑二槽钻头Φ14*350,Sheet1:3393,材质/适配设备缺失,REVIEW-MAT-02181,single_candidate;low_precision,0.70,true
REVIEW-MAT-02182,钻头,工具/钻头,工具器具/工具耗材/钻头,品牌: 博世；柄型: 二坑二槽；直径: Φ16；长度: 350,个,1,可建档,博世二坑二槽钻头Φ16*350,Sheet1:3394,材质/适配设备缺失,REVIEW-MAT-02182,single_candidate;low_precision,0.70,true
REVIEW-MAT-02183,二保焊机分流器,焊接耗材/焊枪配件,焊接焊割/其他/焊枪配件,适配: 500型二保焊机；部件: 分流器；材质/类型: 陶瓷型,个,1,可建档,500型二保焊机分流器陶瓷型,Sheet1:3397,适配焊枪型号缺失,REVIEW-MAT-02183,single_candidate;low_precision;human_review_group,0.65,true
REVIEW-MAT-02184,二保焊机分流器,焊接耗材/焊枪配件,焊接焊割/其他/焊枪配件,适配: 350型二保焊机；部件: 分流器；材质/类型: 陶瓷型,个,1,可建档,350型二保焊机分流器陶瓷型,Sheet1:3398,适配焊枪型号缺失,REVIEW-MAT-02184,single_candidate;low_precision;human_review_group,0.65,true
REVIEW-MAT-02185,水平尺,工具/测量工具,工具器具/量具测量/量具测量,长度: 1m,根,1,可建档,水平尺1m,Sheet1:3399,精度/材质缺失,REVIEW-MAT-02185,single_candidate;low_precision,0.70,true
REVIEW-MAT-02186,水平尺,工具/测量工具,工具器具/量具测量/量具测量,长度: 0.6m,根,1,可建档,水平尺0.6m,Sheet1:3400,精度/材质缺失,REVIEW-MAT-02186,single_candidate;low_precision,0.70,true
REVIEW-MAT-02187,LED灯泡,电气/照明灯具,电气与自动化/照明与报警/灯具,类型: LED；功率: 30W；接口: 螺口,个,1,可建档,LED30W螺口灯泡,Sheet1:3401,螺口规格/色温缺失,REVIEW-MAT-02187,single_candidate;low_precision,0.70,true
REVIEW-MAT-02188,高强度全螺纹螺丝,紧固件/螺丝,紧固件/螺纹紧固件/螺丝螺栓,强度等级: 12.9；规格: M27*100；原始: 全芽,套,1,可建档,12.9级M27*100全芽螺丝,Sheet1:3404,`全芽`疑似全牙，套件内容缺失,REVIEW-MAT-02188,single_candidate;low_precision,0.70,true
REVIEW-MAT-02189,氧气管,焊接工具/气体软管,焊接焊割/焊割设备工具/焊机割炬,介质: 氧气；类型: 软管,卷,1,可建档,氧气管,Sheet1:3409,内径/长度/压力等级缺失,REVIEW-MAT-02189,single_candidate;low_precision,0.70,true
REVIEW-MAT-02190,乙炔管,焊接工具/气体软管,焊接焊割/焊割设备工具/焊机割炬,介质: 乙炔；类型: 软管,卷,1,可建档,乙炔管,Sheet1:3410,内径/长度/压力等级缺失,REVIEW-MAT-02190,single_candidate;low_precision,0.70,true
REVIEW-MAT-02191,带盖带轮垃圾桶,行政后勤/清洁用品,行政办公与清洁/清洁用品/清洁工具耗材,容量: 240L；配置: 带盖+带轮,个,1,可建档,240L垃圾桶带盖轮,Sheet1:3411,材质/颜色缺失,REVIEW-MAT-02191,single_candidate;low_precision,0.70,true
REVIEW-MAT-02192,吊装带,吊装索具/吊带,吊装索具/吊带索具/吊带,额定载荷: 3T；长度: 2m,根,1,可建档,吊带3T*2m,Sheet1:3413,材质/安全系数缺失,REVIEW-MAT-02192,single_candidate;low_precision;human_review_group,0.65,true
REVIEW-MAT-02193,吊装带,吊装索具/吊带,吊装索具/吊带索具/吊带,额定载荷: 2T；长度: 2m,根,2,可合并 | 可建档,吊带2T*2m,Sheet1:3414；Sheet1:3655,与2302同类，材质/安全系数缺失 | 材质/安全系数缺失,REVIEW-MAT-02193,single_candidate;source_status_contains_merge;low_precision;human_review_group,0.65,true
REVIEW-MAT-02194,电缆,电气/电线电缆,电气与自动化/电线电缆与敷设/电线电缆,品牌: 起帆；规格: 3*2.5+1*1.5,米,1,可建档,起帆电缆线3*2.5+1*1.5,Sheet1:3415,电缆型号/电压等级缺失,REVIEW-MAT-02194,single_candidate;low_precision,0.70,true
REVIEW-MAT-02195,消防水带,安全消防/消防水带,消防器材/灭火器与水带/消防水带,特性: 防爆；直径: Φ80,米,1,可建档,防爆消防水带Φ80,Sheet1:3416,压力等级/接口标准缺失,REVIEW-MAT-02195,single_candidate;low_precision;human_review_group,0.65,true
REVIEW-MAT-02196,铝合金消防接头,安全消防/消防接头,消防器材/消防管件与接头/消防接头,材质: 铝合金；直径: Φ80,套,1,可建档,铝合金消防接头Φ80,Sheet1:3417,接口标准/密封件缺失,REVIEW-MAT-02196,single_candidate;low_precision;human_review_group,0.65,true
REVIEW-MAT-02197,抱箍,管夹/卡箍,管道管件/管道紧固/管夹卡箍,规格: 80；类型: 抱箍,个,1,可建档,抱箍80,Sheet1:3418,材质/适配管径缺失,REVIEW-MAT-02197,single_candidate;low_precision,0.70,true
REVIEW-MAT-02198,高压水带,管材/高压水带,管道管件/其他/高压水带,直径: Φ80；类型: 高压水带,米,1,可建档,高压水带Φ80,Sheet1:3419,压力等级/材质缺失,REVIEW-MAT-02198,single_candidate;low_precision;human_review_group,0.65,true
REVIEW-MAT-02199,磁吸式软玻璃门帘,行政后勤/门帘,行政办公与清洁/其他/门帘,结构: 磁吸式；颜色: 透明；尺寸: 2.55m*1.46m；厚度: 3mm,付,1,可建档,磁吸式透明软玻璃门帘2.55m*1.46m*3mm,Sheet1:3420,材质等级缺失,REVIEW-MAT-02199,single_candidate;low_precision;human_review_group,0.65,true
REVIEW-MAT-02200,铁丝,五金耗材/金属丝,五金备件/其他/金属丝,规格: 12#；材质: 铁,kg,1,可建档,铁丝12#,Sheet1:3421,表面处理/线径换算缺失,REVIEW-MAT-02200,single_candidate;low_precision;human_review_group,0.65,true
REVIEW-MAT-02201,氧气乙炔管卡箍,焊接工具/气体软管配件,焊接焊割/焊割设备工具/焊机割炬,适配: 氧气/乙炔管；类型: 卡箍,个,1,可建档,氧气 乙炔管卡箍,Sheet1:3422,适配管径/材质缺失,REVIEW-MAT-02201,single_candidate;low_precision,0.70,true
REVIEW-MAT-02202,氧气减压阀,焊接工具/气体仪表,焊接焊割/焊割设备工具/焊机割炬,介质: 氧气；类型: 减压阀,个,1,可合并,氧气减压阀,Sheet1:3423,与3108同类，量程/接口缺失,REVIEW-MAT-02202,single_candidate;source_status_contains_merge;low_precision,0.70,true
REVIEW-MAT-02203,二氧化碳减压阀总成,焊接工具/气体仪表,焊接焊割/焊割设备工具/焊机割炬,介质: 二氧化碳；类型: 减压阀总成,套,1,可建档,二氧化碳减压阀总成,Sheet1:3424,量程/接口/适配气瓶缺失,REVIEW-MAT-02203,single_candidate;low_precision,0.70,true
REVIEW-MAT-02204,记号笔,办公用品/书写工具,行政办公与清洁/办公用品/文具书写,颜色: 黑色,支,1,可合并,黑色记号笔,Sheet1:3425,与2540同类，品牌/粗细缺失,REVIEW-MAT-02204,single_candidate;source_status_contains_merge;low_precision,0.70,true
REVIEW-MAT-02205,油漆,油漆涂料/油漆,化工油漆胶粘/油漆涂料/涂料油漆,品牌: 立邦；颜色: 白色；包装: 18KG,桶,3,可合并,立邦白色油漆18KG,Sheet1:3428；Sheet1:3451；Sheet1:3461,与2680同类，是否防锈漆/型号缺失 | 与2680同类，型号缺失,REVIEW-MAT-02205,single_candidate;source_status_contains_merge;low_precision,0.70,true
REVIEW-MAT-02206,滚筒伸缩杆,涂装工具/滚筒配件,工具器具/涂装工具/刷辊喷涂,部件: 伸缩杆；适配: 滚筒,根,1,可建档,滚筒伸缩杆,Sheet1:3430,长度范围/接口缺失,REVIEW-MAT-02206,single_candidate;low_precision,0.70,true
REVIEW-MAT-02207,边角刷伸缩杆,涂装工具/刷子配件,工具器具/涂装工具/刷辊喷涂,部件: 伸缩杆；适配: 边角刷,根,1,可建档,边角刷伸缩杆,Sheet1:3431,长度范围/接口缺失,REVIEW-MAT-02207,single_candidate;low_precision,0.70,true
REVIEW-MAT-02208,不锈钢割枪,焊接工具/气割工具,焊接焊割/焊割设备工具/焊机割炬,品牌: 华凌；型号: 100#；特征: 加长型；材质: 不锈钢,把,1,可建档,华凌加长型100#不锈钢割枪,Sheet1:3434,适用气体/长度缺失,REVIEW-MAT-02208,single_candidate;low_precision,0.70,true
REVIEW-MAT-02209,铁灰斗,施工工具/灰斗,工具器具/其他/灰斗,材质: 铁；类型: 灰斗,个,1,可建档,铁灰斗,Sheet1:3436,容量/尺寸缺失,REVIEW-MAT-02209,single_candidate;low_precision;human_review_group,0.65,true
REVIEW-MAT-02210,警示反光胶带,安全标识/反光材料,安全防护/警示标识/反光警示,品牌: 3M；用途: 警示；长度: 50m,卷,1,可建档,3M警示反光胶带50m,Sheet1:3438,宽度/颜色缺失,REVIEW-MAT-02210,single_candidate;low_precision,0.70,true
REVIEW-MAT-02211,警示反光踢脚板,安全标识/反光材料,安全防护/警示标识/反光警示,用途: 警示反光；宽度/高度: 30cm,米,1,可建档,警示反光踢脚板30cm,Sheet1:3439,材质/颜色缺失,REVIEW-MAT-02211,single_candidate;low_precision,0.70,true
REVIEW-MAT-02212,建筑模板,建筑材料/模板,工程建材/其他/模板,原始: 黑膜板；颜色: 黑；尺寸: 1.22m*2.44m；厚度: 15mm,块,1,可合并,黑膜板1.22m*2.44m*15mm,Sheet1:3440,与黑模板同类，材质/周转次数缺失,REVIEW-MAT-02212,single_candidate;source_status_contains_merge;low_precision;human_review_group,0.65,true
REVIEW-MAT-02213,方木,建筑材料/木材,工程建材/其他/木材,截面: 30*30；长度: 3m,根,1,可建档,方木30*30*3m,Sheet1:3441,木材等级/材质缺失,REVIEW-MAT-02213,single_candidate;low_precision;human_review_group,0.65,true
REVIEW-MAT-02214,加气块,建材/砌块,工程建材/其他/砌块,尺寸: 200*300*600,块,1,可建档,加气块200*300*600,Sheet1:3443,强度等级/容重缺失,REVIEW-MAT-02214,single_candidate;low_precision;human_review_group,0.65,true
REVIEW-MAT-02215,自喷漆,油漆涂料/自喷漆,化工油漆胶粘/油漆涂料/涂料油漆,品牌: 威粤；颜色: 白色；原始: 自动喷漆,瓶,1,可建档,威粤白色自动喷漆,Sheet1:3447,容量/色号缺失,REVIEW-MAT-02215,single_candidate;low_precision,0.70,true
REVIEW-MAT-02216,不锈钢防水挂锁,五金/锁具,五金备件/门锁锁具/门锁锁具,材质: 不锈钢；特性: 防水；类型: 通用挂锁,把,2,可合并 | 可建档,不锈钢通用防水挂锁,Sheet1:3449；Sheet1:3458,规格/锁梁尺寸缺失 | 与3444同类，规格缺失,REVIEW-MAT-02216,single_candidate;source_status_contains_merge;low_precision,0.70,true
REVIEW-MAT-02217,红花油,劳保/急救用品,劳保用品/其他/急救用品,类型: 红花油,瓶,1,可建档,红花油,Sheet1:3450,品牌/容量缺失,REVIEW-MAT-02217,single_candidate;low_precision;human_review_group,0.65,true
REVIEW-MAT-02218,膨胀螺丝,紧固件/膨胀螺丝,紧固件/螺纹紧固件/螺丝螺栓,规格: Φ10*80,支,1,可建档,膨胀螺丝Φ10*80,Sheet1:3452,材质/表面处理缺失,REVIEW-MAT-02218,single_candidate;low_precision,0.70,true
REVIEW-MAT-02219,膨胀螺丝,紧固件/膨胀螺丝,紧固件/螺纹紧固件/螺丝螺栓,规格: Φ10*110,支,1,可建档,膨胀螺丝Φ10*110,Sheet1:3453,材质/表面处理缺失,REVIEW-MAT-02219,single_candidate;low_precision,0.70,true
REVIEW-MAT-02220,膨胀螺丝,紧固件/膨胀螺丝,紧固件/螺纹紧固件/螺丝螺栓,规格: Φ12*80,支,1,可建档,膨胀螺丝Φ12*80,Sheet1:3454,材质/表面处理缺失,REVIEW-MAT-02220,single_candidate;low_precision,0.70,true
REVIEW-MAT-02221,膨胀螺丝,紧固件/膨胀螺丝,紧固件/螺纹紧固件/螺丝螺栓,规格: Φ8*70,支,1,可建档,膨胀螺丝Φ8*70,Sheet1:3455,材质/表面处理缺失,REVIEW-MAT-02221,single_candidate;low_precision,0.70,true
REVIEW-MAT-02222,膨胀螺丝,紧固件/膨胀螺丝,紧固件/螺纹紧固件/螺丝螺栓,规格: Φ8*90,支,1,可建档,膨胀螺丝Φ8*90,Sheet1:3456,材质/表面处理缺失,REVIEW-MAT-02222,single_candidate;low_precision,0.70,true
REVIEW-MAT-02223,膨胀螺丝,紧固件/膨胀螺丝,紧固件/螺纹紧固件/螺丝螺栓,规格: Φ12*110,支,1,可建档,膨胀螺丝Φ12*110,Sheet1:3457,材质/表面处理缺失,REVIEW-MAT-02223,single_candidate;low_precision,0.70,true
REVIEW-MAT-02224,不锈钢门板插销,五金/门窗五金,五金备件/其他/门窗五金,材质: 不锈钢；用途: 门板；类型: 插销,付,1,可建档,不锈钢门板插销,Sheet1:3459,尺寸/孔距缺失,REVIEW-MAT-02224,single_candidate;low_precision;human_review_group,0.65,true
REVIEW-MAT-02225,十字螺丝,紧固件/螺丝,紧固件/螺纹紧固件/螺丝螺栓,头型: 十字；规格: Φ5*60,套,1,可建档,十字螺丝Φ5*60,Sheet1:3460,材质/套件内容缺失,REVIEW-MAT-02225,single_candidate;low_precision,0.70,true
REVIEW-MAT-02226,螺丝套件,紧固件/螺丝套件,紧固件/螺纹紧固件/螺丝螺栓,强度等级: 8.8；规格: M16*50；包含: 平垫+弹垫,套,1,可建档,8.8级M16*50螺丝带平弹垫,Sheet1:3462,材质/螺母是否包含缺失,REVIEW-MAT-02226,single_candidate;low_precision,0.70,true
REVIEW-MAT-02227,螺丝套件,紧固件/螺丝套件,紧固件/螺纹紧固件/螺丝螺栓,强度等级: 8.8；规格: M16*120；包含: 平垫+弹垫,套,1,可建档,8.8级M16*120螺丝带平弹垫,Sheet1:3463,材质/螺母是否包含缺失,REVIEW-MAT-02227,single_candidate;low_precision,0.70,true
REVIEW-MAT-02228,螺丝杆,紧固件/螺杆,紧固件/其他/螺杆,强度等级: 8.8；规格: M10*30,套,1,可建档,8.8级M10*30螺丝杆,Sheet1:3465,是否套件/材质缺失,REVIEW-MAT-02228,single_candidate;low_precision;human_review_group,0.65,true
REVIEW-MAT-02229,防冻保温棉,保温材料/保温棉,工程建材/保温防水/保温材料,特性: 防冻；规格: Φ50,根,1,可建档,防冻保温棉Φ50,Sheet1:3466,厚度/材质/长度缺失,REVIEW-MAT-02229,single_candidate;low_precision,0.70,true
REVIEW-MAT-02230,电缆三角支架,电气/电缆支架,电气与自动化/电线电缆与敷设/电线电缆,结构: 三角支架；高度: 0.45m；用途: 电缆,个,1,可建档,电缆三角支架高0.45m,Sheet1:3467,材质/承载缺失,REVIEW-MAT-02230,single_candidate;low_precision,0.70,true
REVIEW-MAT-02231,雨鞋,劳保耗材/雨具,劳保用品/其他/雨具,品牌: 回力；尺码: 41码；配置: 带衬里,双,1,可建档,41码回力雨鞋带衬里,Sheet1:3470,材质/筒高缺失,REVIEW-MAT-02231,single_candidate;low_precision;human_review_group,0.65,true
REVIEW-MAT-02232,加厚油布,覆盖材料/油布,工程建材/其他/油布,特征: 加厚；尺寸: 4m*4m,块,1,可建档,加厚油布4m*4m,Sheet1:3471,材质/克重/防水等级缺失,REVIEW-MAT-02232,single_candidate;low_precision;human_review_group,0.65,true
REVIEW-MAT-02233,加厚油布,覆盖材料/油布,工程建材/其他/油布,特征: 加厚；尺寸: 4m*8m,块,1,可建档,加厚油布4m*8m,Sheet1:3472,材质/克重/防水等级缺失,REVIEW-MAT-02233,single_candidate;low_precision;human_review_group,0.65,true
REVIEW-MAT-02234,混凝土振动棒,施工设备/振动棒,设备备件与加工件/其他/振动棒,型号/规格: 35型,根,1,可建档,35型振动棒,Sheet1:3475,电压/长度/接口缺失,REVIEW-MAT-02234,single_candidate;low_precision;human_review_group,0.65,true
REVIEW-MAT-02235,锂电电钻套装,电动工具/手电钻,工具器具/电动工具/电钻角磨机,品牌: 东成；供电: 锂电；配置: 带螺丝刀套装,台,1,可建档,东成锂电电钻带螺丝刀套装,Sheet1:3476,电压/电池配置缺失,REVIEW-MAT-02235,single_candidate;low_precision,0.70,true
REVIEW-MAT-02236,氧气检测表,仪表/气体检测仪表,仪器仪表/其他/气体检测仪表,介质: 氧气；类型: 检测表,个,1,可建档,氧气检测表,Sheet1:3477,量程/精度缺失,REVIEW-MAT-02236,single_candidate;low_precision;human_review_group,0.65,true
REVIEW-MAT-02237,乙炔检测表,仪表/气体检测仪表,仪器仪表/其他/气体检测仪表,介质: 乙炔；类型: 检测表,个,1,可建档,乙炔检测表,Sheet1:3478,量程/精度缺失,REVIEW-MAT-02237,single_candidate;low_precision;human_review_group,0.65,true
REVIEW-MAT-02238,吊装带,吊装索具/吊带,吊装索具/吊带索具/吊带,额定载荷: 1T；长度: 1.5m,根,2,可合并 | 可建档,吊带1T*1.5m,Sheet1:3479；Sheet1:3656,材质/安全系数缺失 | 与3479同类，材质/安全系数缺失,REVIEW-MAT-02238,single_candidate;source_status_contains_merge;low_precision;human_review_group,0.65,true
REVIEW-MAT-02239,吊装带,吊装索具/吊带,吊装索具/吊带索具/吊带,额定载荷: 1T；长度: 1m,根,1,可建档,吊带1T*1m,Sheet1:3480,材质/安全系数缺失,REVIEW-MAT-02239,single_candidate;low_precision;human_review_group,0.65,true
REVIEW-MAT-02240,高强度全螺纹螺丝套件,紧固件/螺丝套件,紧固件/螺纹紧固件/螺丝螺栓,强度等级: 12.9；规格: M24*60；原始: 全芽；包含: 平垫+弹垫,套,1,可建档,12.9级M24*60全芽螺丝带平弹垫,Sheet1:3482,`全芽`疑似全牙，螺母是否包含缺失,REVIEW-MAT-02240,single_candidate;low_precision,0.70,true
REVIEW-MAT-02241,抗振储气式压力表,仪表/压力仪表,仪器仪表/其他/压力仪表,特性: 抗振；结构: 储气式；类型: 压力表,个,1,可建档,抗振储气式压力表,Sheet1:3483,量程/接口/表径缺失,REVIEW-MAT-02241,single_candidate;low_precision;human_review_group,0.65,true
REVIEW-MAT-02242,镀锌三通,管件/镀锌管件,管道管件/金属管件/镀锌管件,表面: 镀锌；规格: 3寸；类型: 三通,个,1,可建档,镀锌三通3寸,Sheet1:3486,材质/压力等级缺失,REVIEW-MAT-02242,single_candidate;low_precision,0.70,true
REVIEW-MAT-02243,镀锌弯头,管件/镀锌管件,管道管件/金属管件/镀锌管件,表面: 镀锌；规格: 2寸；类型: 弯头,个,1,可合并,镀锌弯头2寸,Sheet1:3487,与3130同类，角度/压力等级缺失,REVIEW-MAT-02243,single_candidate;source_status_contains_merge;low_precision,0.70,true
REVIEW-MAT-02244,圆珠笔,办公用品/书写工具,行政办公与清洁/办公用品/文具书写,类型: 圆珠笔,支,1,可建档,圆珠笔,Sheet1:3490,颜色/品牌缺失,REVIEW-MAT-02244,single_candidate;low_precision,0.70,true
REVIEW-MAT-02245,记号笔,办公用品/书写工具,行政办公与清洁/办公用品/文具书写,颜色: 白色,支,1,可建档,白色记号笔,Sheet1:3491,品牌/粗细缺失,REVIEW-MAT-02245,single_candidate;low_precision,0.70,true
REVIEW-MAT-02246,焊机地线夹,焊接工具/焊机配件,焊接焊割/焊割设备工具/焊机割炬,适配: 焊机；类型: 地线夹,把,1,可合并,焊机地线夹,Sheet1:3492,与3136同类，电流等级缺失,REVIEW-MAT-02246,single_candidate;source_status_contains_merge;low_precision,0.70,true
REVIEW-MAT-02247,电缆,电气/电线电缆,电气与自动化/电线电缆与敷设/电线电缆,品牌: 起帆；规格: 3*4+1*2.5,米,1,可建档,起帆电缆线3*4+1*2.5,Sheet1:3493,型号/电压等级缺失,REVIEW-MAT-02247,single_candidate;low_precision,0.70,true
REVIEW-MAT-02248,不锈钢两片式球阀,阀门/球阀,阀门/通用阀门/球阀,品牌: 埃美柯；材质: 304；结构: 两片式；公称通径: DN50,个,1,可建档,埃美柯304两片式球阀DN50,Sheet1:3495,压力等级/连接方式缺失,REVIEW-MAT-02248,single_candidate;low_precision,0.70,true
REVIEW-MAT-02249,焊接变径接头,管件/焊接管件,管道管件/其他/焊接管件,连接: 焊接；规格: 325/159；类型: 变径接头,个,1,可建档,焊接变径接头325/159,Sheet1:3496,材质/壁厚/压力等级缺失,REVIEW-MAT-02249,single_candidate;low_precision;human_review_group,0.65,true
REVIEW-MAT-02250,合金两半扣,液压/管路扣件,液压气动/其他/管路扣件,材质: 合金；规格: DN50；类型: 两半扣,套,1,可建档,合金两半扣DN50,Sheet1:3499,适配管件/压力等级缺失,REVIEW-MAT-02250,single_candidate;low_precision;human_review_group,0.65,true
REVIEW-MAT-02251,合金两半扣,液压/管路扣件,液压气动/其他/管路扣件,材质: 合金；规格: DN80；类型: 两半扣,套,1,可建档,合金两半扣DN80,Sheet1:3500,适配管件/压力等级缺失,REVIEW-MAT-02251,single_candidate;low_precision;human_review_group,0.65,true
REVIEW-MAT-02252,钳形万用表,仪表/电气仪表,仪器仪表/其他/电气仪表,品牌: 世达；类型: 钳型万用表,个,1,可建档,世达钳型万用表,Sheet1:3501,量程/精度缺失,REVIEW-MAT-02252,single_candidate;low_precision;human_review_group,0.65,true
REVIEW-MAT-02253,镀锌外丝六角直接,管件/镀锌管件,管道管件/金属管件/镀锌管件,表面: 镀锌；连接: 外丝；结构: 六角；规格: 2寸,个,1,可建档,镀锌外丝六角直接2寸,Sheet1:3505,材质/压力等级缺失,REVIEW-MAT-02253,single_candidate;low_precision,0.70,true
REVIEW-MAT-02254,混凝土振动棒,施工设备/振动棒,设备备件与加工件/其他/振动棒,电压: 380V；直径: Φ50；长度: 6m,根,1,可建档,振动棒380V-Φ50-6m,Sheet1:3507,功率/接口缺失,REVIEW-MAT-02254,single_candidate;low_precision;human_review_group,0.65,true
REVIEW-MAT-02255,镀锌钢丝绳,吊装索具/钢丝绳,吊装索具/吊带索具/钢丝绳链条,表面: 镀锌；直径: Φ12,米,1,可建档,镀锌钢丝绳Φ12,Sheet1:3508,结构/破断拉力缺失,REVIEW-MAT-02255,single_candidate;low_precision;human_review_group,0.65,true
REVIEW-MAT-02256,镀锌膨胀钩,紧固件/膨胀件,紧固件/锚固件/膨胀锚栓,表面: 镀锌；规格: M16*130,个,1,可建档,镀锌膨胀钩M16*130,Sheet1:3509,承载/材质缺失,REVIEW-MAT-02256,single_candidate;low_precision,0.70,true
REVIEW-MAT-02257,镀锌花兰螺丝,紧固件/拉紧件,紧固件/其他/拉紧件,表面: 镀锌；规格: M14*350,个,1,可建档,镀锌花兰螺丝m14*350,Sheet1:3510,材质/标准缺失,REVIEW-MAT-02257,single_candidate;low_precision;human_review_group,0.65,true
REVIEW-MAT-02258,镀锌花兰扣,紧固件/拉紧件,紧固件/其他/拉紧件,表面: 镀锌；规格: M14,个,1,可建档,镀锌花兰扣m14,Sheet1:3511,长度/结构缺失,REVIEW-MAT-02258,single_candidate;low_precision;human_review_group,0.65,true
REVIEW-MAT-02259,镀锌内丝直接,管件/镀锌管件,管道管件/金属管件/镀锌管件,表面: 镀锌；连接: 内丝；规格: 2寸,个,1,可合并,镀锌内丝直接2寸,Sheet1:3513,与3504同类，材质/压力等级缺失,REVIEW-MAT-02259,single_candidate;source_status_contains_merge;low_precision,0.70,true
REVIEW-MAT-02260,电缆,电气/电线电缆,电气与自动化/电线电缆与敷设/电线电缆,品牌: 起帆；规格: 3*16+1*10,米,1,可建档,起帆电缆线3*16+1*10,Sheet1:3516,型号/电压等级/护套材质缺失,REVIEW-MAT-02260,single_candidate;low_precision,0.70,true
REVIEW-MAT-02261,圆头螺丝套件,紧固件/螺丝套件,紧固件/螺纹紧固件/螺丝螺栓,规格: M5*70；头型: 圆头；包含: 平垫+弹垫,套,1,可建档,圆头螺丝m5*70带平 弹垫,Sheet1:3517,材质/强度等级/螺母是否包含缺失,REVIEW-MAT-02261,single_candidate;low_precision,0.70,true
REVIEW-MAT-02262,不锈钢潜水搅拌机,环保设备/搅拌设备,环保/环保设备耗材/环保设备耗材,材质: 304不锈钢；电压: 380V；功率: 4KW,台,1,可建档,304不锈钢潜水搅拌机380V-4KW,Sheet1:3518,品牌/叶轮形式/安装方式缺失,REVIEW-MAT-02262,single_candidate;low_precision,0.70,true
REVIEW-MAT-02263,充电式LED强光手电筒,工具/照明工具,工具器具/其他/照明工具,供电: 充电式；光源: LED；类型: 强光手电筒,个,2,可合并,充电式LED强光手电筒,Sheet1:3519；Sheet1:3524,与3524同类，品牌/亮度/续航缺失 | 与3519同类，品牌/亮度/续航缺失,REVIEW-MAT-02263,single_candidate;source_status_contains_merge;low_precision;human_review_group,0.65,true
REVIEW-MAT-02265,硅酸盐水泥,建材/水泥,工程建材/水泥砂石/水泥砂石,品牌: 海螺；强度等级: 42.5,包,2,可合并,海螺42.5水泥,Sheet1:3522；Sheet1:3531,与3380同类，类型/每包重量缺失 | 与3522同类，类型/每包重量缺失,REVIEW-MAT-02265,single_candidate;source_status_contains_merge;low_precision,0.70,true
REVIEW-MAT-02266,铁丝,金属材料/铁丝,金属原材料/其他/铁丝,规格: 14#,kg,2,可合并 | 可建档,铁丝14#,Sheet1:3525；Sheet1:3646,材质/表面处理缺失 | 与3525同类，材质/表面处理缺失,REVIEW-MAT-02266,single_candidate;source_status_contains_merge;low_precision;human_review_group,0.65,true
REVIEW-MAT-02267,钢丝绳,吊装索具/钢丝绳,吊装索具/吊带索具/钢丝绳链条,直径: Φ20；长度: 6m,根,1,可建档,钢丝绳Φ20*6m,Sheet1:3526,结构/破断拉力/安全标准缺失,REVIEW-MAT-02267,single_candidate;low_precision;human_review_group,0.65,true
REVIEW-MAT-02268,插线板,电气/插座插排,电气与自动化/插头插座/插头插座,品牌: 公牛；线长: 3m；结构: 双排,根,1,可建档,公牛3m双排插线板,Sheet1:3527,孔位数/额定电流缺失，单位建议用只/个,REVIEW-MAT-02268,single_candidate;low_precision,0.70,true
REVIEW-MAT-02269,黄砂,建材/砂石,工程建材/水泥砂石/水泥砂石,材料: 黄砂,吨,2,可合并,黄砂,Sheet1:3529；Sheet1:3534,与3521同类，粒径/含泥量/用途缺失,REVIEW-MAT-02269,single_candidate;source_status_contains_merge;low_precision,0.70,true
REVIEW-MAT-02270,加气混凝土砌块,建材/砌块,工程建材/其他/砌块,尺寸: 200*300*600,块,1,可建档,加气块200*300*600,Sheet1:3532,强度等级/密度等级缺失,REVIEW-MAT-02270,single_candidate;low_precision;human_review_group,0.65,true
REVIEW-MAT-02271,欧标转换插头,电气/插头插座,电气与自动化/插头插座/插头插座,孔位: 5孔；功能: 带USB；标准: 欧标,个,1,可建档,5孔带USB欧标转换插头,Sheet1:3536,额定电流/USB输出参数缺失,REVIEW-MAT-02271,single_candidate;low_precision,0.70,true
REVIEW-MAT-02272,劳动车轮胎套件,搬运工具/手推车配件,仓储物流/搬运设备/手推车叉车,适配: 劳动车；包含: 车轮+实心车胎,套,1,可建档,劳动车轮+实心车胎,Sheet1:3537,轮径/轴孔尺寸缺失,REVIEW-MAT-02272,single_candidate;low_precision,0.70,true
REVIEW-MAT-02273,实木方桌,行政后勤/家具用品,行政办公与清洁/生活后勤/生活用品,材质: 实木；类型: 方桌,张,1,可建档,实木方桌,Sheet1:3538,尺寸/表面处理缺失,REVIEW-MAT-02273,single_candidate;low_precision,0.70,true
REVIEW-MAT-02274,B型槽钢,金属材料/型材,金属原材料/钢材型材/钢材型材,规格: 10#；型号: B型,米,1,可建档,10#B型槽钢,Sheet1:3540,材质/执行标准缺失,REVIEW-MAT-02274,single_candidate;low_precision,0.70,true
REVIEW-MAT-02275,镀锌弯头,管件/镀锌管件,管道管件/金属管件/镀锌管件,表面: 镀锌；规格: 6分；类型: 弯头,个,1,可建档,镀锌弯头6分,Sheet1:3543,角度/压力等级缺失,REVIEW-MAT-02275,single_candidate;low_precision,0.70,true
REVIEW-MAT-02276,镀锌内丝直接,管件/镀锌管件,管道管件/金属管件/镀锌管件,表面: 镀锌；连接: 内丝；规格: 6分,个,1,可建档,镀锌内丝直接6分,Sheet1:3544,材质/压力等级缺失,REVIEW-MAT-02276,single_candidate;low_precision,0.70,true
REVIEW-MAT-02277,镀锌三通,管件/镀锌管件,管道管件/金属管件/镀锌管件,表面: 镀锌；规格: 6分；类型: 三通,个,1,可建档,镀锌三通6分,Sheet1:3545,材质/压力等级缺失,REVIEW-MAT-02277,single_candidate;low_precision,0.70,true
REVIEW-MAT-02278,镀锌角钢,金属材料/型材,金属原材料/钢材型材/钢材型材,表面: 镀锌；规格: 40*40,米,1,可建档,镀锌角铁40*40,Sheet1:3547,厚度/材质/执行标准缺失,REVIEW-MAT-02278,single_candidate;low_precision,0.70,true
REVIEW-MAT-02279,碳钢焊条,焊接材料/焊条,焊接焊割/焊接耗材/焊条焊丝,品牌: 大西洋；型号: 422；直径: 3.2,箱,1,可建档,大西洋422型3.2焊条,Sheet1:3548,每箱重量/执行标准缺失,REVIEW-MAT-02279,single_candidate;low_precision,0.70,true
REVIEW-MAT-02280,安全绳,安全防护/安全绳,安全防护/高处与水域防护/高处防护,直径: Φ16,米,1,可建档,安全绳Φ16,Sheet1:3549,材质/承载/认证标准缺失,REVIEW-MAT-02280,single_candidate;low_precision;human_review_group,0.65,true
REVIEW-MAT-02281,高强度螺丝套件,紧固件/螺丝套件,紧固件/螺纹紧固件/螺丝螺栓,强度等级: 8.8；规格: M16*70；包含: 平垫+弹垫,套,1,可建档,8.8级m16*70螺丝带平 弹垫,Sheet1:3550,螺母是否包含/表面处理缺失,REVIEW-MAT-02281,single_candidate;low_precision,0.70,true
REVIEW-MAT-02282,开口铜鼻子,电气/接线端子,电气与自动化/接线连接/接线端子,类型: 开口；材质: 铜；电流: 300A,个,1,可建档,开口铜鼻子300A,Sheet1:3551,适配线径/镀层缺失,REVIEW-MAT-02282,single_candidate;low_precision,0.70,true
REVIEW-MAT-02283,开口铜鼻子,电气/接线端子,电气与自动化/接线连接/接线端子,类型: 开口；材质: 铜；电流: 200A,个,1,可建档,开口铜鼻子200A,Sheet1:3552,适配线径/镀层缺失,REVIEW-MAT-02283,single_candidate;low_precision,0.70,true
REVIEW-MAT-02284,开口铜鼻子,电气/接线端子,电气与自动化/接线连接/接线端子,类型: 开口；材质: 铜；电流: 100A,个,1,可建档,开口铜鼻子100A,Sheet1:3553,适配线径/镀层缺失,REVIEW-MAT-02284,single_candidate;low_precision,0.70,true
REVIEW-MAT-02285,铜接头,电气/接线端子,电气与自动化/接线连接/接线端子,材质: 铜；适配线径: 150平方,个,1,可建档,铜接头150平方,Sheet1:3554,类型/孔径/镀层缺失,REVIEW-MAT-02285,single_candidate;low_precision,0.70,true
REVIEW-MAT-02286,铜接头,电气/接线端子,电气与自动化/接线连接/接线端子,材质: 铜；适配线径: 120平方,个,1,可建档,铜接头120平方,Sheet1:3555,类型/孔径/镀层缺失,REVIEW-MAT-02286,single_candidate;low_precision,0.70,true
REVIEW-MAT-02287,铜接头,电气/接线端子,电气与自动化/接线连接/接线端子,材质: 铜；适配线径: 95平方,个,1,可建档,铜接头95平方,Sheet1:3556,类型/孔径/镀层缺失,REVIEW-MAT-02287,single_candidate;low_precision,0.70,true
REVIEW-MAT-02288,铜接头,电气/接线端子,电气与自动化/接线连接/接线端子,材质: 铜；适配线径: 70平方,个,1,可建档,铜接头70平方,Sheet1:3557,类型/孔径/镀层缺失,REVIEW-MAT-02288,single_candidate;low_precision,0.70,true
REVIEW-MAT-02289,对讲机,通讯设备/对讲机,弱电安防/通信与监控/通信设备,品牌: 小米；型号: 二代,部,3,可合并,小米二代对讲机,Sheet1:3558；Sheet1:3572；Sheet1:3603,与3572/3603同类，频段/功率缺失 | 与3558同类，频段/功率缺失,REVIEW-MAT-02289,single_candidate;source_status_contains_merge;low_precision,0.70,true
REVIEW-MAT-02290,水泥钉,紧固件/钉类,紧固件/其他/钉类,长度: 40mm,盒,1,可建档,水泥钉40mm,Sheet1:3561,直径/每盒数量缺失,REVIEW-MAT-02290,single_candidate;low_precision;human_review_group,0.65,true
REVIEW-MAT-02291,起重滑轮钩,吊装索具/滑轮钩,吊装索具/其他/滑轮钩,品牌: 沪工；额定载荷: 1T,个,1,可建档,沪工起重滑轮钩1T,Sheet1:3562,轮数/安全认证缺失,REVIEW-MAT-02291,single_candidate;low_precision;human_review_group,0.65,true
REVIEW-MAT-02292,浮球阀,阀门/液位控制阀,阀门/其他/液位控制阀,配线长度: 10m,套,1,可建档,浮球阀带10m线,Sheet1:3563,口径/电压/材质缺失,REVIEW-MAT-02292,single_candidate;low_precision;human_review_group,0.65,true
REVIEW-MAT-02293,下水裤,劳保用品/防水服,劳保用品/其他/防水服,尺码: 44码,套,1,可建档,下水裤44码,Sheet1:3564,材质/筒高缺失,REVIEW-MAT-02293,single_candidate;low_precision;human_review_group,0.65,true
REVIEW-MAT-02294,铝合金快速接头,管件/快速接头,管道管件/其他/快速接头,材质: 铝合金；公称通径: DN50,套,1,可建档,铝合金快速接头DN50,Sheet1:3565,接口形式/压力等级缺失,REVIEW-MAT-02294,single_candidate;low_precision;human_review_group,0.65,true
REVIEW-MAT-02295,防爆耐磨水带,安全消防/水带,消防器材/灭火器与水带/消防水带,特性: 防爆耐磨；公称通径: DN50,米,1,可建档,防爆耐磨水带DN50,Sheet1:3567,压力等级/材质/接口缺失,REVIEW-MAT-02295,single_candidate;low_precision;human_review_group,0.65,true
REVIEW-MAT-02296,塑壳断路器,电气/断路器,电气与自动化/低压电器/断路器,品牌: 常熟；型号: CM3E-630-3300,个,1,可建档,常熟断路器CM3E-630-3300,Sheet1:3568,极数/额定电流脱扣参数需确认,REVIEW-MAT-02296,single_candidate,1.00,false
REVIEW-MAT-02297,LED声光报警器,电气/报警器,电气与自动化/照明与报警/报警器,光源: LED；电压: 24V,个,1,可建档,LED声光报警器24V,Sheet1:3569,声级/安装方式/防护等级缺失,REVIEW-MAT-02297,single_candidate;low_precision,0.70,true
REVIEW-MAT-02298,电源转换器,电气/电源模块,电气与自动化/电源电池/电源电池,输入: 24V；输出: 12V；电流: 2A,个,1,可建档,电源转换器24V转12V2A,Sheet1:3573,功率/接口/防护等级缺失,REVIEW-MAT-02298,single_candidate;low_precision,0.70,true
REVIEW-MAT-02299,透明收纳箱,行政后勤/收纳用品,行政办公与清洁/其他/收纳用品,颜色/透明度: 透明；容量: 80L,个,1,可建档,透明收纳箱80L,Sheet1:3574,尺寸/材质缺失,REVIEW-MAT-02299,single_candidate;low_precision;human_review_group,0.65,true
REVIEW-MAT-02300,设备维修保养记录本,办公用品/记录本,行政办公与清洁/办公用品/文具书写,用途: 设备维修保养记录,本,1,可建档,设备维修保养记录本,Sheet1:3575,页数/规格缺失,REVIEW-MAT-02300,single_candidate;low_precision,0.70,true
REVIEW-MAT-02301,黄油嘴,润滑系统/黄油嘴,润滑系统/润滑设备配件/润滑泵管路,螺纹: M6,个,1,可建档,黄油嘴M6,Sheet1:3578,角度/螺距缺失,REVIEW-MAT-02301,single_candidate;low_precision,0.70,true
REVIEW-MAT-02302,黄油嘴,润滑系统/黄油嘴,润滑系统/润滑设备配件/润滑泵管路,螺纹: M8,个,1,可建档,黄油嘴M8,Sheet1:3579,角度/螺距缺失,REVIEW-MAT-02302,single_candidate;low_precision,0.70,true
REVIEW-MAT-02303,45度黄油嘴,润滑系统/黄油嘴,润滑系统/润滑设备配件/润滑泵管路,角度: 45度；螺纹: M8,个,1,可建档,黄油嘴45度M8,Sheet1:3580,螺距/材质缺失,REVIEW-MAT-02303,single_candidate;low_precision,0.70,true
REVIEW-MAT-02304,45度黄油嘴,润滑系统/黄油嘴,润滑系统/润滑设备配件/润滑泵管路,角度: 45度；螺纹: M12,个,1,可建档,黄油嘴45度M12,Sheet1:3581,螺距/材质缺失,REVIEW-MAT-02304,single_candidate;low_precision,0.70,true
REVIEW-MAT-02305,高压钢丝管,液压气动/高压软管,液压气动/气动元件/接头阀管,直径: Φ25；结构: 钢丝增强,米,1,可建档,高压钢丝管Φ25,Sheet1:3582,压力等级/接口缺失,REVIEW-MAT-02305,single_candidate;low_precision,0.70,true
REVIEW-MAT-02306,梅开两用扳手,手动工具/扳手,工具器具/手动工具/扳手,品牌: 世达；规格: 41#,把,1,可建档,世达梅开两用扳手41#,Sheet1:3583,材质/长度缺失,REVIEW-MAT-02306,single_candidate;low_precision,0.70,true
REVIEW-MAT-02307,不锈钢球阀,阀门/球阀,阀门/通用阀门/球阀,材质: 304；公称通径: DN20,个,1,可建档,304不锈钢球阀DN20,Sheet1:3584,连接方式/压力等级缺失,REVIEW-MAT-02307,single_candidate;low_precision,0.70,true
REVIEW-MAT-02308,不锈钢球阀,阀门/球阀,阀门/通用阀门/球阀,材质: 304；公称通径: DN15,个,1,可建档,304不锈钢球阀DN15,Sheet1:3585,连接方式/压力等级缺失,REVIEW-MAT-02308,single_candidate;low_precision,0.70,true
REVIEW-MAT-02309,黄油嘴,润滑系统/黄油嘴,润滑系统/润滑设备配件/润滑泵管路,螺纹: M10,个,1,可建档,黄油嘴M10,Sheet1:3588,角度/螺距缺失,REVIEW-MAT-02309,single_candidate;low_precision,0.70,true
REVIEW-MAT-02310,黄油嘴,润滑系统/黄油嘴,润滑系统/润滑设备配件/润滑泵管路,螺纹: M12,个,1,可建档,黄油嘴M12,Sheet1:3589,角度/螺距缺失,REVIEW-MAT-02310,single_candidate;low_precision,0.70,true
REVIEW-MAT-02311,45度黄油嘴,润滑系统/黄油嘴,润滑系统/润滑设备配件/润滑泵管路,角度: 45度；螺纹: M6,个,1,可建档,黄油嘴45度M6,Sheet1:3590,螺距/材质缺失,REVIEW-MAT-02311,single_candidate;low_precision,0.70,true
REVIEW-MAT-02312,45度黄油嘴,润滑系统/黄油嘴,润滑系统/润滑设备配件/润滑泵管路,角度: 45度；螺纹: M10,个,1,可建档,黄油嘴45度M10,Sheet1:3591,螺距/材质缺失,REVIEW-MAT-02312,single_candidate;low_precision,0.70,true
REVIEW-MAT-02313,不锈钢球阀,阀门/球阀,阀门/通用阀门/球阀,材质: 304；公称通径: DN10,个,1,可建档,304不锈钢球阀DN10,Sheet1:3592,连接方式/压力等级缺失,REVIEW-MAT-02313,single_candidate;low_precision,0.70,true
REVIEW-MAT-02314,不锈钢球阀,阀门/球阀,阀门/通用阀门/球阀,材质: 304；公称通径: DN8,个,1,可建档,304不锈钢球阀DN8,Sheet1:3593,连接方式/压力等级缺失,REVIEW-MAT-02314,single_candidate;low_precision,0.70,true
REVIEW-MAT-02315,电动油脂泵,润滑系统/油脂泵,润滑系统/润滑设备配件/润滑泵管路,电压: 380V；容量: 8L；出口数: 4出口,台,1,可建档,电动油脂泵380V-8L-4出口,Sheet1:3594,品牌/压力/流量缺失,REVIEW-MAT-02315,single_candidate;low_precision,0.70,true
REVIEW-MAT-02316,铝合金梯,安全防护/登高工具,安全防护/高处与水域防护/高处防护,材质: 铝合金；特征: 加厚；高度: 4m,部,1,可建档,加厚铝合金梯子4m,Sheet1:3595,承重/结构形式/安全认证缺失,REVIEW-MAT-02316,single_candidate;low_precision;human_review_group,0.65,true
REVIEW-MAT-02317,手提式LED探照灯,工具/照明工具,工具器具/其他/照明工具,结构: 手提式；光源: LED,个,1,可建档,手提式探照灯LED,Sheet1:3596,功率/亮度/续航缺失,REVIEW-MAT-02317,single_candidate;low_precision;human_review_group,0.65,true
REVIEW-MAT-02318,聚氨酯泡沫填缝剂,化工辅料/密封填缝材料,化工油漆胶粘/其他/密封填缝材料,材质: 聚氨酯泡沫；用途: 填缝,瓶,1,可建档,聚氨酯泡沫填缝剂,Sheet1:3597,品牌/容量/SDS缺失,REVIEW-MAT-02318,single_candidate;low_precision;human_review_group,0.65,true
REVIEW-MAT-02319,竹扫把,清洁用品/扫把,行政办公与清洁/清洁用品/清洁工具耗材,材质: 竹；规格: 大,把,1,可建档,大竹扫把,Sheet1:3598,长度/宽度缺失,REVIEW-MAT-02319,single_candidate;low_precision,0.70,true
REVIEW-MAT-02320,塑料扫把,清洁用品/扫把,行政办公与清洁/清洁用品/清洁工具耗材,材质: 塑料,把,1,可建档,塑料扫把,Sheet1:3599,规格/款式缺失,REVIEW-MAT-02320,single_candidate;low_precision,0.70,true
REVIEW-MAT-02322,不锈钢电动法兰蝶阀,阀门/蝶阀,阀门/其他/蝶阀,材质: 304；结构: 重体；驱动: 电动；连接: 法兰；公称通径: DN80,个,1,可建档,304不锈钢重体电动法兰蝶阀DN80,Sheet1:3601,电压/压力等级/密封材质缺失,REVIEW-MAT-02322,single_candidate;low_precision;human_review_group,0.65,true
REVIEW-MAT-02323,二坑二槽钻头,工具耗材/钻头,工具器具/工具耗材/钻头,品牌: 博世；柄型: 二坑二槽；规格: Φ10*160,支,1,可建档,博世二坑二槽钻头Φ10*160,Sheet1:3607,材质/适用对象缺失,REVIEW-MAT-02323,single_candidate;low_precision,0.70,true
REVIEW-MAT-02324,二坑二槽钻头,工具耗材/钻头,工具器具/工具耗材/钻头,品牌: 博世；柄型: 二坑二槽；规格: Φ14*160,支,1,可建档,博世二坑二槽钻头Φ14*160,Sheet1:3608,材质/适用对象缺失,REVIEW-MAT-02324,single_candidate;low_precision,0.70,true
REVIEW-MAT-02325,二坑二槽钻头,工具耗材/钻头,工具器具/工具耗材/钻头,品牌: 博世；柄型: 二坑二槽；规格: Φ16*200,支,1,可建档,博世二坑二槽钻头Φ16*200,Sheet1:3609,材质/适用对象缺失,REVIEW-MAT-02325,single_candidate;low_precision,0.70,true
REVIEW-MAT-02326,双柱黄油枪,润滑工具/黄油枪,润滑系统/润滑设备配件/润滑泵管路,结构: 双柱,把,1,可建档,双柱黄油枪,Sheet1:3612,容量/压力/接口缺失,REVIEW-MAT-02326,single_candidate;low_precision,0.70,true
REVIEW-MAT-02327,抗盐膨润土,化工材料/膨润土,化工油漆胶粘/其他/膨润土,特性: 抗盐,吨,1,可建档,抗盐膨润土,Sheet1:3613,型号/指标/用途缺失,REVIEW-MAT-02327,single_candidate;low_precision;human_review_group,0.65,true
REVIEW-MAT-02328,尼龙扎带,辅料耗材/扎带,生产辅料/其他/扎带,规格: 10*500,包,1,可建档,扎带10*500,Sheet1:3616,材质/颜色/每包数量缺失,REVIEW-MAT-02328,single_candidate;low_precision;human_review_group,0.65,true
REVIEW-MAT-02329,尼龙扎带,辅料耗材/扎带,生产辅料/其他/扎带,规格: 10*400,包,1,可建档,扎带10*400,Sheet1:3617,材质/颜色/每包数量缺失,REVIEW-MAT-02329,single_candidate;low_precision;human_review_group,0.65,true
REVIEW-MAT-02330,铝合金消防枪头管接头套件,安全消防/消防接头,消防器材/消防管件与接头/消防接头,材质: 铝合金；规格: 80型；包含: 消防枪头+管接头,套,1,可建档,80型铝合金消防枪头+管接头,Sheet1:3620,接口标准/压力等级缺失,REVIEW-MAT-02330,single_candidate;low_precision;human_review_group,0.65,true
REVIEW-MAT-02331,铝合金消防枪头管接头套件,安全消防/消防接头,消防器材/消防管件与接头/消防接头,材质: 铝合金；规格: 65型；包含: 消防枪头+管接头,套,1,可建档,65型铝合金消防枪头+管接头,Sheet1:3621,接口标准/压力等级缺失,REVIEW-MAT-02331,single_candidate;low_precision;human_review_group,0.65,true
REVIEW-MAT-02332,梅花开口两用扳手,手动工具/扳手,工具器具/手动工具/扳手,规格: 13,把,1,可建档,梅花开口扳手13,Sheet1:3624,材质/品牌缺失,REVIEW-MAT-02332,single_candidate;low_precision,0.70,true
REVIEW-MAT-02333,梅花开口两用扳手,手动工具/扳手,工具器具/手动工具/扳手,规格: 14,把,1,可建档,梅花开口扳手14,Sheet1:3625,材质/品牌缺失,REVIEW-MAT-02333,single_candidate;low_precision,0.70,true
REVIEW-MAT-02334,消防枪头,安全消防/消防接头,消防器材/消防管件与接头/消防接头,规格: 50,个,1,可建档,消防枪头50,Sheet1:3629,材质/接口标准/压力等级缺失,REVIEW-MAT-02334,single_candidate;low_precision;human_review_group,0.65,true
REVIEW-MAT-02335,消防管快速接头,安全消防/消防接头,消防器材/消防管件与接头/消防接头,规格: 65；类型: 快接,个,1,可建档,消防管快接65,Sheet1:3630,材质/接口标准/压力等级缺失,REVIEW-MAT-02335,single_candidate;low_precision;human_review_group,0.65,true
REVIEW-MAT-02336,吸油棉,环保耗材/吸附材料,环保/环保设备耗材/环保设备耗材,尺寸: 40cm*50cm*5mm,张,1,可建档,吸油棉40cm*50cm*5mm,Sheet1:3631,吸附容量/材质缺失,REVIEW-MAT-02336,single_candidate;low_precision,0.70,true
REVIEW-MAT-02337,高压清洗机喷嘴,清洗设备/清洗机配件,行政办公与清洁/其他/清洗机配件,角度: 0度；原始: 喷咀,个,1,可建档,高压清洗机喷咀0度,Sheet1:3633,接口规格/压力等级缺失,REVIEW-MAT-02337,single_candidate;low_precision;human_review_group,0.65,true
REVIEW-MAT-02338,割嘴,焊割工具/割嘴,焊接焊割/焊割耗材/割嘴焊嘴,型号: G01-100；规格: 2号；原始: 割咀,个,1,可建档,割咀G01-100型2号,Sheet1:3634,适用气体/品牌缺失,REVIEW-MAT-02338,single_candidate;low_precision,0.70,true
REVIEW-MAT-02339,安全绳,安全防护/安全绳,安全防护/高处与水域防护/高处防护,直径: Φ8,米,1,可建档,安全绳Φ8,Sheet1:3635,材质/承载/认证标准缺失,REVIEW-MAT-02339,single_candidate;low_precision;human_review_group,0.65,true
REVIEW-MAT-02340,安全绳,安全防护/安全绳,安全防护/高处与水域防护/高处防护,直径: Φ10,米,1,可建档,安全绳Φ10,Sheet1:3636,材质/承载/认证标准缺失,REVIEW-MAT-02340,single_candidate;low_precision;human_review_group,0.65,true
REVIEW-MAT-02341,安全绳,安全防护/安全绳,安全防护/高处与水域防护/高处防护,直径: Φ12,米,2,可合并,安全绳Φ12,Sheet1:3637；Sheet1:3657,与3657同类，材质/承载/认证标准缺失 | 与3637同类，材质/承载/认证标准缺失,REVIEW-MAT-02341,single_candidate;source_status_contains_merge;low_precision;human_review_group,0.65,true
REVIEW-MAT-02342,老虎钳,手动工具/钳类,工具器具/手动工具/钳剪刀锤,规格: 7寸,把,1,可建档,老虎钳7寸,Sheet1:3638,品牌/材质缺失,REVIEW-MAT-02342,single_candidate;low_precision,0.70,true
REVIEW-MAT-02343,浸塑手套,劳保用品/手套,劳保用品/手部防护/手套,工艺: 浸塑,付,1,可建档,浸塑手套,Sheet1:3639,材质/尺码/防护等级缺失,REVIEW-MAT-02343,single_candidate;low_precision,0.70,true
REVIEW-MAT-02345,尼龙扎带,辅料耗材/扎带,生产辅料/其他/扎带,材质: 尼龙；规格: 10*500,包,1,可合并,尼龙扎带10*500,Sheet1:3642,与3616同类，颜色/每包数量缺失,REVIEW-MAT-02345,single_candidate;source_status_contains_merge;low_precision;human_review_group,0.65,true
REVIEW-MAT-02346,吊装带,吊装索具/吊带,吊装索具/吊带索具/吊带,额定载荷: 1T；长度: 1米,根,1,可合并,吊带1T*1米,Sheet1:3644,与3480同类，材质/安全系数缺失,REVIEW-MAT-02346,single_candidate;source_status_contains_merge;low_precision;human_review_group,0.65,true
REVIEW-MAT-02347,吊装带,吊装索具/吊带,吊装索具/吊带索具/吊带,额定载荷: 1T；长度: 1.5米,根,1,可合并,吊带1T*1.5米,Sheet1:3645,与3479同类，材质/安全系数缺失,REVIEW-MAT-02347,single_candidate;source_status_contains_merge;low_precision;human_review_group,0.65,true
REVIEW-MAT-02348,吊装带,吊装索具/吊带,吊装索具/吊带索具/吊带,额定载荷: 5T；长度: 3米,根,1,可建档,吊带5T*3米,Sheet1:3647,材质/安全系数缺失,REVIEW-MAT-02348,single_candidate;low_precision;human_review_group,0.65,true
REVIEW-MAT-02349,乙炔压力表,仪表/气体压力表,仪器仪表/压力温度仪表/压力温度,介质: 乙炔；类型: 压力表,个,1,可合并,乙炔表,Sheet1:3648,与3478同类，量程/接口缺失,REVIEW-MAT-02349,single_candidate;source_status_contains_merge;low_precision,0.70,true
REVIEW-MAT-02350,焊罩镜片,焊接防护/焊罩配件,焊接焊割/其他/焊罩配件,颜色: 黑色,盒,1,可建档,焊罩镜片黑色,Sheet1:3650,遮光号/尺寸/每盒数量缺失,REVIEW-MAT-02350,single_candidate;low_precision;human_review_group,0.65,true
REVIEW-MAT-02351,卷尺,量具/卷尺,待治理/待治理/卷尺,长度: 3m,把,1,可建档,卷尺3m,Sheet1:3651,宽度/精度等级缺失,REVIEW-MAT-02351,single_candidate;low_precision;human_review_group,0.65,true
REVIEW-MAT-02352,卷尺,量具/卷尺,待治理/待治理/卷尺,长度: 5m,把,1,可建档,卷尺5m,Sheet1:3652,宽度/精度等级缺失,REVIEW-MAT-02352,single_candidate;low_precision;human_review_group,0.65,true
REVIEW-MAT-02354,脚手架钢管,建筑周转材料/脚手架,工程建材/其他/脚手架,长度: 6m,根,1,可合并,架子管6m,Sheet1:3660,与3654同类，管径/壁厚/材质缺失,REVIEW-MAT-02354,single_candidate;source_status_contains_merge;low_precision;human_review_group,0.65,true
REVIEW-MAT-02355,散装水泥,建材/水泥,工程建材/水泥砂石/水泥砂石,包装: 散装；强度等级: 42.5,吨,3,可合并 | 可建档,散装42.5水泥,Sheet1:3662；Sheet1:3664；Sheet1:3666,水泥类型/品牌缺失 | 与3662同类，水泥类型/品牌缺失,REVIEW-MAT-02355,single_candidate;source_status_contains_merge;low_precision,0.70,true
