编号	名称	规格	分组	单位	别名/土名	整理提示/依据
REVIEW-MAT-00001	办公室门锁	用途: 办公室门；规格型号缺失	五金备件/门锁锁具	个	办公室门锁	状态：可建档-低精度；是否需要区分锁体型号/开孔规格？
REVIEW-MAT-00002	漏电断路器	品牌: 施耐德；极数: 4P；电流: 250A；类型: 漏电二合一	电气材料/低压电器	个	4P*250A施耐德漏电二合一	
REVIEW-MAT-00003	热缩管	规格: 3CM	电气材料/绝缘材料	米	3CM热缩管	
REVIEW-MAT-00004	热缩管	规格: 2CM	电气材料/绝缘材料	米	2CM热缩管	
REVIEW-MAT-00005	热缩管	规格: 1.5CM	电气材料/绝缘材料	米	1.5CM热缩管	
REVIEW-MAT-00006	透明电工胶布	品牌: 3M；颜色: 透明	电气材料/绝缘材料	个	3M透明电胶布	
REVIEW-MAT-00007	聚氨酯堵漏剂	包装规格: 20KG；类型: 堵漏剂	化工耗材/堵漏剂	桶	聚氨酯堵漏剂20KG	
REVIEW-MAT-00008	灯管	功率: 36W	电气材料/照明	套	36W灯管	需不需要区分 LED/荧光灯、长度？
REVIEW-MAT-00009	USB插座	品牌: 公牛；USB电流: 2.1A	电气材料/插座开关	个	2.1ASUB公牛插座	原文 SUB 是否为 USB？
REVIEW-MAT-00010	明装线盒	安装方式: 明装	电气材料/电气辅材	个	明装线盒	状态：可建档 | 可合并；规格尺寸缺失，可低精度建档 | 与第14行同物料
REVIEW-MAT-00011	电箱	型号/规格: P230	电气材料/配电箱	个	P230电箱	P230 是否为箱体尺寸或型号？
REVIEW-MAT-00012	五孔插座	品牌: 公牛；类型: 五孔	电气材料/插座开关	个	公牛五孔插座	明装/暗装未说明
REVIEW-MAT-00013	四位开关	品牌: 公牛；位数: 4位	电气材料/插座开关	个	公牛4位开关	明装/暗装未说明
REVIEW-MAT-00014	一位开关	品牌: 公牛；位数: 1位	电气材料/插座开关	个	公牛1位开关	明装/暗装未说明
REVIEW-MAT-00015	二位开关	品牌: 公牛；位数: 2位	电气材料/插座开关	个	公牛2位开关	明装/暗装未说明
REVIEW-MAT-00016	LED灯泡	品牌: 公牛；功率: 40W	电气材料/照明	个	40WLED公牛灯泡	色温/灯头规格缺失
REVIEW-MAT-00017	BV电线	品牌: 起帆；型号: BV；截面积: 2.5平方	电气材料/电线电缆	米	起帆BV2.5平方电线 | BV2.5起帆平方电线	状态：可建档 | 可合并；颜色缺失 | 与第662行同物料，颜色仍缺
REVIEW-MAT-00018	BV电线	品牌: 起帆；型号: BV；截面积: 10平方	电气材料/电线电缆	米	起帆BV10平方电线	颜色缺失
REVIEW-MAT-00019	BV电线	品牌: 起帆；型号: BV；截面积: 25平方	电气材料/电线电缆	米	起帆BV25平方电线	颜色缺失
REVIEW-MAT-00020	紧线器	额定载荷: 1T	工具器具/电力工具	套	1T紧线器	
REVIEW-MAT-00021	木方	规格: 4*9	建筑材料/模板木方	米	4*9木方	状态：可建档 | 可合并；单位规格是否 cm？ | 与第32行同物料
REVIEW-MAT-00022	木方	规格: 4*4	建筑材料/模板木方	米	4*4木方	单位规格是否 cm？
REVIEW-MAT-00023	铁钉	长度: 2寸	五金备件/紧固件	斤	2寸铁钉	
REVIEW-MAT-00024	不锈钢合页	材质: 不锈钢；规格: 4寸	五金备件/门窗五金	套	4寸不锈钢合页	状态：可建档 | 可合并；与第38行同物料
REVIEW-MAT-00025	墙纸	包装/规格: 大卷	装修材料/墙面材料	卷	墙纸大卷	状态：可建档-低精度 | 可合并；款式/材质缺失 | 与第39行同物料
REVIEW-MAT-00026	热水壶	类型: 热水壶	办公生活用品/小电器	个	热水壶	状态：可建档-低精度；容量/品牌缺失
REVIEW-MAT-00027	PPR管	品牌: 公元；规格: 25	工程材料/PPR管件	米	公元25PPR管	状态：可建档 | 可合并；与第41行同物料
REVIEW-MAT-00028	PPR直通	品牌: 公元；规格: 25；类型: 直通	工程材料/PPR管件	个	公元25PPR直通	
REVIEW-MAT-00029	PPR弯头	品牌: 公元；规格: 25；类型: 弯头	工程材料/PPR管件	个	公元25PPR弯头	
REVIEW-MAT-00030	PPR热熔机	品牌: 公元；用途: PPR热熔	工具器具/管道工具	个	公元热熔机	型号缺失，可低精度建档
REVIEW-MAT-00031	PPR管剪刀	品牌: 公元；用途: PPR管剪切	工具器具/管道工具	个	公元PPR剪刀	状态：可建档 | 可合并；与第46行同物料
REVIEW-MAT-00032	石子	粒径: 4-6MM	建筑材料/水泥砂石	斤	4-6MM石子	
REVIEW-MAT-00033	工业插头	品牌: 公牛；电压: 380V；电流: 25A	电气材料/插头插座	个	公牛380V*25A插头	极数缺失
REVIEW-MAT-00034	电工胶布	品牌: 3M	电气材料/绝缘材料	个	3M电胶布	颜色缺失
REVIEW-MAT-00035	多功能剥线钳	品牌: 世达；类型: 多功能剥线钳	工具器具/手动工具	只	世达多功能剥线钳	型号缺失
REVIEW-MAT-00036	断点检测电笔	功能: 找断点/测电	工具器具/电工工具	只	找断点电笔	型号缺失
REVIEW-MAT-00037	插座	品牌: 公牛；电流: 16A	电气材料/插头插座	个	公牛16A插座	明装/暗装未说明
REVIEW-MAT-00038	洁厕灵	类型: 洁厕清洁剂	清洁用品/清洁剂	瓶	洁厕灵	容量缺失
REVIEW-MAT-00039	窗帘架拉链	类型: 拉链/配件	装修材料/窗帘配件	套	窗帘架拉链	状态：可建档-低精度 | 可合并；规格长度缺失 | 与第63行同物料
REVIEW-MAT-00040	钢钉线卡	规格: 20	电气材料/电气辅材	个	20钢钉线卡	
REVIEW-MAT-00041	三角阀	规格: 4分	工程材料/阀门	个	4分三角阀	状态：可建档 | 可合并；材质缺失 | 与第65行同物料
REVIEW-MAT-00042	PPR三通	品牌: 公元；规格: 25；类型: 三通	工程材料/PPR管件	个	公元PPR25三通	
REVIEW-MAT-00043	PPR内牙三通	品牌: 公元；规格: 25；连接: 内牙；类型: 三通	工程材料/PPR管件	个	公元PPR25内牙三通	
REVIEW-MAT-00044	PPR内牙直通	品牌: 公元；规格: PPR25*4分；连接: 内牙；类型: 直通	工程材料/PPR管件	个	公元PPR25*4内牙直通	
REVIEW-MAT-00045	PPR内牙弯头	品牌: 公元；规格: 25；连接: 内牙；类型: 弯头	工程材料/PPR管件	个	公元PPR25内牙弯头	
REVIEW-MAT-00046	洗衣机龙头	用途: 洗衣机	工程材料/水暖五金	个	洗衣机龙头	材质缺失
REVIEW-MAT-00047	堵头	规格: 4分	工程材料/管件	个	4分堵头	材质缺失
REVIEW-MAT-00048	堵头	规格: 6分	工程材料/管件	个	6分堵头	材质缺失
REVIEW-MAT-00049	水管钩	规格: 25	工程材料/管道辅材	个	25水管钩	状态：可建档 | 可合并；材质缺失 | 与第76行同物料
REVIEW-MAT-00050	镀锌电线架	材质: 镀锌；位数: 4位	电气材料/电气辅材	个	4位镀锌电线架	
REVIEW-MAT-00051	不锈钢挂锁	材质: 不锈钢；规格: 50	五金备件/锁具	个	50不锈钢挂锁	
REVIEW-MAT-00052	不锈钢插销	材质: 不锈钢	五金备件/门窗五金	个	不锈钢插销	状态：可建档-低精度；尺寸缺失
REVIEW-MAT-00053	带锁不锈钢插销	材质: 不锈钢；功能: 带锁	五金备件/门窗五金	个	不锈钢插销带锁	状态：可建档-低精度；尺寸缺失
REVIEW-MAT-00054	环保涂料	品牌: 立邦；系列: 5合1	化工耗材/涂料	桶	立邦环保涂料5合1	容量/颜色缺失
REVIEW-MAT-00055	滚筒刷	规格: 4寸	工具器具/涂装工具	个	4寸滚筒	
REVIEW-MAT-00056	插销	规格: 4寸	五金备件/门窗五金	付	4寸插销	材质缺失
REVIEW-MAT-00057	加厚不锈钢合页	材质: 不锈钢；规格: 4寸；特征: 加厚	五金备件/门窗五金	付	4寸不锈钢加厚合页	
REVIEW-MAT-00058	不锈钢抽锁	材质: 不锈钢；规格: 5寸	五金备件/锁具	个	5寸不锈钢抽锁	
REVIEW-MAT-00059	塑料扫把	材质: 塑料	清洁用品/清洁工具	个	塑料扫把	
REVIEW-MAT-00060	不锈钢挂锁	材质: 不锈钢；规格: 40	五金备件/锁具	个	40不锈钢挂锁	
REVIEW-MAT-00061	高粱扫把	材质/类型: 高粱	清洁用品/清洁工具	把	高粱扫把	
REVIEW-MAT-00062	PVC地板胶	材质: PVC；特征: 加厚	装修材料/地面材料	平方	加厚PVC地板胶	厚度缺失
REVIEW-MAT-00063	环保墙布	特征: 厚、环保	装修材料/墙面材料	平方	厚环保墙布	状态：可建档-低精度；材质/花色缺失
REVIEW-MAT-00064	不锈钢水壶	材质: 不锈钢；容量: 6.5升	办公生活用品/小电器	个	6.5升不锈钢水壶	
REVIEW-MAT-00065	锂电池电钻	动力: 锂电池	工具器具/电动工具	台	锂电池电钻	状态：可建档-低精度；品牌/电压缺失
REVIEW-MAT-00066	水桶	类型: 水桶	办公生活用品/容器	个	水桶	状态：可建档-低精度；容量缺失
REVIEW-MAT-00067	水龙头花洒套装	类型: 水龙头+花洒	工程材料/水暖五金	套	水龙头花洒	状态：可建档 | 可合并；材质/规格缺失 | 与第102行同物料
REVIEW-MAT-00068	闭门器	规格: 大	五金备件/门窗五金	套	闭门器大	状态：可建档-低精度；适用门重/型号缺失
REVIEW-MAT-00069	不锈钢插销	材质: 不锈钢	五金备件/门窗五金	套	不锈钢插销	状态：可合并；与第81行同名但单位不同，需统一单位
REVIEW-MAT-00070	水龙头	类型: 水龙头	工程材料/水暖五金	个	水龙头	状态：可建档-低精度；材质/规格缺失
REVIEW-MAT-00071	空调插座	品牌: 公牛；电流: 16A；用途: 空调	电气材料/插头插座	个	公牛16A空调插座 | 16A公牛空调插座	状态：可建档 | 可合并；明装/暗装未说明 | 与第110行同物料
REVIEW-MAT-00072	插排	品牌: 公牛；线长: 3米；孔位: 8孔	电气材料/插头插座	个	公牛插座3米*8孔	状态：可建档 | 可合并；与第111行同物料
REVIEW-MAT-00073	启辉器	类型: 启辉器	电气材料/照明配件	个	启辉器	状态：可建档-低精度；适配灯管规格缺失
REVIEW-MAT-00074	螺口灯头	接口: 螺口	电气材料/照明配件	个	螺口灯头	状态：可建档-低精度；E27/E14 等规格缺失
REVIEW-MAT-00075	排气扇	规格: 50*50	电气材料/通风设备	台	50*50排气扇	
REVIEW-MAT-00076	漏电保护器	品牌: 施耐德；极数: 2P；电流: 63A	电气材料/低压电器	个	2P*63A施耐德漏电保护器	
REVIEW-MAT-00077	空气开关	品牌: 施耐德；极数: 3P；电流: 63A	电气材料/低压电器	个	3P*63A施耐德空气开关	
REVIEW-MAT-00078	不锈钢洗脸盆	材质: 不锈钢；长度: 2米；特征: 加厚	工程材料/洁具	台	2米加厚不锈钢洗脸盆	
REVIEW-MAT-00079	大弯水龙头	类型: 大弯	工程材料/水暖五金	个	大弯水龙头	状态：可建档-低精度；材质/接口规格缺失
REVIEW-MAT-00080	洗脸盆下水管	用途: 洗脸盆；类型: 下水管	工程材料/洁具配件	套	洗脸盆下水管	状态：可建档 | 可合并；与第126行同物料
REVIEW-MAT-00081	沙子	包装: 大包	建筑材料/水泥砂石	包	大包沙子	状态：可建档-低精度；粒径/重量缺失
REVIEW-MAT-00082	石子	包装: 大包	建筑材料/水泥砂石	包	大包石子	状态：可建档-低精度；粒径/重量缺失
REVIEW-MAT-00083	帆布手套	类型: 双重/双层帆布	劳保耗材/手套	双	双重帆布手套	
REVIEW-MAT-00084	铜挂锁	材质: 铜	五金备件/锁具	个	铜挂锁	状态：可建档-低精度；规格尺寸缺失
REVIEW-MAT-00085	扫把	类型: 扫把	清洁用品/清洁工具	个	扫把	状态：可建档-低精度；材质缺失
REVIEW-MAT-00086	断点检测电笔	功能: 找断点/测电	工具器具/电工工具	个	找断点电笔	状态：可合并；与第55行同物料，单位待统一
REVIEW-MAT-00087	多功能剥线钳	品牌: 世达；类型: 多功能剥线钳	工具器具/手动工具	个	世达多功能剥线钳	状态：可合并；与第54行同物料，单位待统一
REVIEW-MAT-00088	冷热水龙头	规格: 4分；类型: 冷热	工程材料/水暖五金	个	4分冷热水龙头	状态：可建档 | 可合并；材质缺失 | 与第139行同物料
REVIEW-MAT-00089	PPR过桥弯	品牌: 公元；规格: 25；类型: 过桥弯	工程材料/PPR管件	个	公元25PPR过桥弯	
REVIEW-MAT-00090	PPR异径直接	规格: 32*25；类型: 大小头/异径	工程材料/PPR管件	个	PPR32*25大小头	
REVIEW-MAT-00091	电缆	品牌: 起帆；规格: 3*6+1	电气材料/电线电缆	米	3*6+1起帆电缆	电缆型号如 YJV/RVV 缺失
REVIEW-MAT-00092	铜鼻子	规格: 100A；材质: 铜	电气材料/接线端子	个	100A铜鼻子	
REVIEW-MAT-00093	铜鼻子	规格: 200A；材质: 铜	电气材料/接线端子	个	200A铜鼻子	
REVIEW-MAT-00094	垃圾袋	规格: 大	清洁用品/垃圾袋	个	大垃圾袋	状态：可建档 | 可合并；厚度/尺寸缺失 | 与第149行同物料
REVIEW-MAT-00095	防护眼镜	用途: 打磨	劳保耗材/眼面防护	个	打磨眼镜	
REVIEW-MAT-00096	PPR三通	规格: 25；类型: 三通	工程材料/PPR管件	个	25PPR三通	状态：可合并；与第66行同类，缺品牌
REVIEW-MAT-00097	PPR内牙弯头	规格: PPR25*4分；连接: 内牙；类型: 弯头	工程材料/PPR管件	个	PPR25*4内牙弯头	
REVIEW-MAT-00098	镀锌角铁	材质/表面: 镀锌；规格: 4*4*0.5	金属材料/型材	米	4*4*0.5镀锌角铁	状态：可建档 | 可合并；单位规格需确认 cm/mm | 与第153行同物料
REVIEW-MAT-00099	羊毛刷	规格: 4寸	工具器具/涂装工具	个	4寸羊毛刷	
REVIEW-MAT-00100	三通	品牌: 公元；规格: 75；类型: 三通	工程材料/排水管件	个	公元75三通	材质需按同批胶管确认
REVIEW-MAT-00101	补心	品牌: 公元；规格: 75*50；类型: 补心/异径	工程材料/排水管件	个	公元75*50补心	材质需按同批胶管确认
REVIEW-MAT-00102	弯头	品牌: 公元；规格: 75；类型: 弯头	工程材料/排水管件	个	公元75弯头	材质需按同批胶管确认
REVIEW-MAT-00103	三通	品牌: 公元；规格: 50；类型: 三通	工程材料/排水管件	个	公元50三通	材质需按同批胶管确认
REVIEW-MAT-00104	弯头	品牌: 公元；规格: 50；类型: 弯头	工程材料/排水管件	个	公元50弯头	材质需按同批胶管确认
REVIEW-MAT-00105	异径三通	品牌: 公元；规格: 75*50；类型: 三通	工程材料/排水管件	个	公元75*50三通	材质需按同批胶管确认
REVIEW-MAT-00106	金属软管	长度: 80公分；材质: 金属	工程材料/水暖五金	个	80公分金属软管	接口规格缺失
REVIEW-MAT-00107	金属软管	长度: 40公分；材质: 金属	工程材料/水暖五金	个	40公分金属软管	接口规格缺失
REVIEW-MAT-00108	生料带	类型: 密封带	工程材料/水暖辅材	个	生料带	
REVIEW-MAT-00109	PPR阀门	品牌: 公元；规格: 25；类型: 阀门	工程材料/PPR管件	个	公元25PPR阀门	
REVIEW-MAT-00110	记号笔	类型: 记号笔	办公低耗/文具	个	记号笔	状态：可建档-低精度；颜色缺失
REVIEW-MAT-00111	PPR弯头	规格: 25；类型: 弯头	工程材料/PPR管件	个	25PPR弯头	状态：可合并；与第43行同类，缺品牌
REVIEW-MAT-00112	羊毛刷	规格: 4寸	工具器具/涂装工具	支	4寸羊毛刷	状态：可合并；与第155行同物料，单位待统一
REVIEW-MAT-00113	冲击钻头	规格: 6厘	工具器具/工具配件	支	6厘冲击钻头	
REVIEW-MAT-00114	冲击钻头	规格: 20厘	工具器具/工具配件	支	20厘冲击钻头	
REVIEW-MAT-00115	美工刀	品牌: 得力	工具器具/手动工具	支	得力美工刀	
REVIEW-MAT-00116	玻璃刮	类型: 玻璃刮	清洁用品/清洁工具	支	玻璃刮	
REVIEW-MAT-00117	膨胀螺丝	规格: 14*120	五金备件/紧固件	支	14*120膨胀螺丝	
REVIEW-MAT-00118	不锈钢洗脸盆	材质: 不锈钢；规格: 120*80；特征: 加厚	工程材料/洁具	套	不锈钢120*80加厚洗脸盆	
REVIEW-MAT-00119	插头	品牌: 德力西；电流: 16A	电气材料/插头插座	个	德力西16A插头	极数/孔型缺失
REVIEW-MAT-00120	BV电线	型号: BV；截面积: 2.5平方	电气材料/电线电缆	米	BV2.5平方电线	状态：可合并；与第25行同类，缺品牌
REVIEW-MAT-00121	PPR给水管	规格: 32；用途: 给水	工程材料/PPR管件	米	32PPR给水管	品牌缺失
REVIEW-MAT-00122	铜止回阀	品牌: 埃美柯；材质: 铜；规格: 32；类型: 止回阀	工程材料/阀门	个	32埃美柯铜止回阀	
REVIEW-MAT-00123	蹲便器	类型: 平面蹲厕	工程材料/洁具	个	平面蹲厕	状态：可建档-低精度；尺寸/排水方式缺失
REVIEW-MAT-00124	冲水水箱	用途: 冲水	工程材料/洁具配件	个	冲水水箱	状态：可建档-低精度；容量/安装方式缺失
REVIEW-MAT-00125	小便斗	类型: 小便斗	工程材料/洁具	个	小便斗	状态：可建档-低精度；规格/感应方式缺失
REVIEW-MAT-00126	按压水龙头	类型: 按压	工程材料/水暖五金	个	按压龙头	状态：可建档-低精度；材质/接口规格缺失
REVIEW-MAT-00127	玻璃胶枪	用途: 打玻璃胶	工具器具/涂装工具	个	玻璃胶枪	
REVIEW-MAT-00128	钢圈	材质: 钢；规格: 100*108*5；加工: 是	加工件/金属加工件	个	加工100*108*5钢圈	状态：可建档-加工件；图纸/材质牌号缺失
REVIEW-MAT-00129	重油污清洗剂	品牌: 宝雅；用途: 重油污	清洁用品/清洁剂	KG	宝雅重油污清洗剂	
REVIEW-MAT-00130	不锈钢角阀	规格: 4分；材质: 不锈钢	工程材料/阀门	个	4分不锈钢角阀	状态：可建档 | 可合并；与第229行同物料
REVIEW-MAT-00131	不锈钢内接	规格: 4分；材质: 不锈钢；连接: 内接	工程材料/水暖管件	个	4分不锈钢内接	
REVIEW-MAT-00132	不锈钢外接	规格: 4分；材质: 不锈钢；连接: 外接	工程材料/水暖管件	个	4分不锈钢外接	
REVIEW-MAT-00133	不锈钢三通	规格: 4分；材质: 不锈钢；类型: 三通	工程材料/水暖管件	个	4分不锈钢三通	
REVIEW-MAT-00134	拖把	规格: 大	清洁用品/清洁工具	个	大拖把	状态：可建档 | 可合并；与第234行同物料
REVIEW-MAT-00135	洗脸盆龙头	用途: 洗脸盆	工程材料/水暖五金	个	洗脸盆龙头	状态：可建档-低精度；材质/接口规格缺失
REVIEW-MAT-00136	不锈钢锁扣	材质: 不锈钢	五金备件/门窗五金	个	不锈钢锁扣	状态：可建档-低精度；规格缺失
REVIEW-MAT-00137	耐磨焊丝	型号/牌号: 998；特性: 高强度耐磨	焊接耗材/焊丝	KG	998高强度耐磨焊丝	状态：可建档 | 可合并；直径缺失 | 与第240行同物料
REVIEW-MAT-00138	镀锌钢管	规格: DN25；标准: 国标；表面: 镀锌	金属材料/管材	米	DN25国标镀锌钢管	
REVIEW-MAT-00139	高压油管	规格: DN25*4；类型: 高压油管	液压/高压管路	条	DN25*4高压油管	压力等级/接头形式缺失
REVIEW-MAT-00140	铜止回阀	品牌: 埃美柯；规格: 25；材质: 铜；类型: 止回阀	工程材料/阀门	个	25埃美柯铜止回阀	
REVIEW-MAT-00141	泡沫填缝剂	类型: 泡沫填缝剂	化工耗材/填缝剂	支	泡沫填缝剂	容量缺失
REVIEW-MAT-00142	重型管卡	规格: 135；类型: 重型	工程材料/管道辅材	个	135重型管卡	
REVIEW-MAT-00143	钢圈	材质: 钢；规格: 100*110*10；加工: 是	加工件/金属加工件	个	加工100*110*10钢圈	状态：可建档-加工件；图纸/材质牌号缺失
REVIEW-MAT-00144	垫片	规格: 110*100*5；加工: 是	加工件/金属加工件	个	加工110*100*5垫片	状态：可建档-加工件；材质/图纸缺失
REVIEW-MAT-00145	角铁	规格: 50*50*6；标准: 国标	金属材料/型材	米	50*50*6国标角铁	
REVIEW-MAT-00146	冷热水龙头	规格: 4分；类型: 冷热	工程材料/水暖五金	套	4分冷热龙头	状态：可合并；与第139行同类，单位待统一
REVIEW-MAT-00147	金属软管	规格: 4分；长度: 60	工程材料/水暖五金	根	4分*60金属软管	60 是否 cm？
REVIEW-MAT-00148	不锈钢合页	材质: 不锈钢；规格: 6寸	五金备件/门窗五金	付	6寸不锈钢合页	
REVIEW-MAT-00149	不锈钢合页	材质: 不锈钢；规格: 5寸	五金备件/门窗五金	付	5寸不锈钢合页	
REVIEW-MAT-00150	502胶水	类型: 502	化工耗材/胶粘剂	支	502胶水	容量缺失
REVIEW-MAT-00151	高压铜球阀	规格: DN20；压力: 350kg；材质: 铜；类型: 球阀	工程材料/阀门	个	DN20*350kg高压铜球阀	
REVIEW-MAT-00152	棉布	规格: 大块	劳保耗材/擦拭材料	KG	大块棉布	状态：可建档 | 可合并；与第265行同物料
REVIEW-MAT-00153	垃圾夹	类型: 垃圾夹	清洁用品/清洁工具	个	垃圾夹	
REVIEW-MAT-00154	电箱	规格: 250A	电气材料/配电箱	个	250A电箱	箱体尺寸缺失
REVIEW-MAT-00155	五孔插座	类型: 五孔	电气材料/插头插座	个	五孔插座	状态：可合并；与第17行同类，缺品牌
REVIEW-MAT-00156	线槽	规格: 30*15	电气材料/电气辅材	米	30*15线槽	状态：可建档 | 可合并；与第273行同物料
REVIEW-MAT-00157	高压油管	规格: DN51；等级: 4SH	液压/高压管路	米	DN51*4SH高压油管	接头形式缺失
REVIEW-MAT-00158	高压油管	规格: DN32；等级: 4SH	液压/高压管路	米	DN32*4SH高压油管	接头形式缺失
REVIEW-MAT-00159	吊带	载荷: 2T；长度: 1.5米	吊装索具/吊带	付	2T*1.5米吊带	
REVIEW-MAT-00160	卸扣	载荷: 2T	吊装索具/卸扣	个	2T卸扣	状态：可建档 | 可合并；与第281行同物料 | 与第312行同物料，执行标准缺失
REVIEW-MAT-00161	剪刀	类型: 剪刀	工具器具/手动工具	个	剪刀	状态：可建档-低精度；规格/用途缺失
REVIEW-MAT-00162	电焊快速接头	规格: 35-50	焊接耗材/焊机配件	套	35-50电焊快速接头	
REVIEW-MAT-00163	加厚铁合页	材质: 铁；规格: 4寸；特征: 加厚	五金备件/门窗五金	付	4寸加厚铁合页	
REVIEW-MAT-00164	加厚铁合页	材质: 铁；规格: 5寸；特征: 加厚	五金备件/门窗五金	付	5寸加厚铁合页	
REVIEW-MAT-00165	卷尺	品牌: 得力；长度: 3米	工具器具/测量工具	个	得力3米卷尺	
REVIEW-MAT-00166	卷尺	品牌: 得力；长度: 5米	工具器具/测量工具	个	得力5米卷尺	
REVIEW-MAT-00167	卷尺	品牌: 得力；长度: 10米	工具器具/测量工具	个	得力10米卷尺	
REVIEW-MAT-00168	除胶剂	品牌: 得力；容量: 500ML	化工耗材/清洗剂	支	得力500ML除胶剂	
REVIEW-MAT-00169	垃圾袋	规格: 120*140；特征: 厚	清洁用品/垃圾袋	个	120*140厚垃圾袋	
REVIEW-MAT-00170	变压USB插座	品牌: 公牛；输入: 220V；输出: 36V；功能: USB	电气材料/插头插座	套	公牛220V转36VUSB插座	
REVIEW-MAT-00171	毛刷	规格: 3寸	工具器具/涂装工具	支	3寸毛刷	
REVIEW-MAT-00172	钢丝刷	类型: 刀型	工具器具/打磨工具	支	刀型钢丝刷	
REVIEW-MAT-00173	拖把	规格: 大	清洁用品/清洁工具	支	大拖把	状态：可合并；与第234行同物料，单位待统一
REVIEW-MAT-00174	锂电池电钻	品牌: 大艺；电压: 21V；动力: 锂电池	工具器具/电动工具	台	21V大艺锂电池电钻	
REVIEW-MAT-00175	锂电池角磨机	品牌: 大艺；动力: 锂电池	工具器具/电动工具	台	大艺锂电池角磨机	电压缺失
REVIEW-MAT-00176	电池	电压: 9V	电气材料/电池	个	9V电池	
REVIEW-MAT-00177	卸扣	载荷: 4T	吊装索具/卸扣	个	4T卸扣	状态：可建档 | 可合并；与第311行同物料，执行标准缺失
REVIEW-MAT-00178	螺丝	规格: 16*50	五金备件/紧固件	套	16*50螺丝	状态：可建档 | 可合并；材质/强度等级缺失 | 与第313行同物料
REVIEW-MAT-00179	LED防爆机床方形灯	长度: 1220MM；类型: LED；功能: 防爆；形状: 方形；用途: 机床	电气材料/防爆照明	套	1220MMLED防爆机床方形灯	功率缺失
REVIEW-MAT-00180	螺丝	规格: 14*50	五金备件/紧固件	套	14*50螺丝	材质/强度等级缺失
REVIEW-MAT-00181	弓形卸扣	载荷: 6.5吨；标准: 国标；形状: 弓形	吊装索具/卸扣	个	6.5吨国标弓形卸扣	
REVIEW-MAT-00182	热水器挂钩	用途: 热水器	工程材料/水暖五金	个	热水器挂钩	状态：可合并；与第377行同类，规格缺失 | 与第323行同物料
REVIEW-MAT-00183	排风扇	规格: 50*50	电气材料/通风设备	个	50*50排风扇	状态：可合并；与第118行相近，排气扇/排风扇统一命名
REVIEW-MAT-00184	塑料方凳	材质: 塑料；规格: 50CM；特征: 加厚	办公生活用品/家具	个	加厚50CM塑料方凳	
REVIEW-MAT-00185	不锈钢弯头	材质: 不锈钢；规格: 250；类型: 弯头	工程材料/管件	个	250不锈钢弯头	壁厚/角度缺失
REVIEW-MAT-00186	发泡胶	品牌: 雨虹；特性: 高倍	化工耗材/填缝剂	支	雨虹高倍发泡胶	容量缺失
REVIEW-MAT-00187	重油污清洗剂	用途: 去重油污	清洁用品/清洁剂	公斤	去重油污清洗剂	状态：可合并；与第226行同类，品牌不同/缺失
REVIEW-MAT-00188	电池	规格: 5号	电气材料/电池	个	5号电池	
REVIEW-MAT-00189	电焊眼镜	用途: 电焊	劳保耗材/眼面防护	付	电焊眼镜	
REVIEW-MAT-00190	内六角扳手	规格: 19	工具器具/手动工具	支	19内六角扳手	
REVIEW-MAT-00191	等离子割嘴	型号: P80；类型: 割嘴	焊接耗材/等离子切割配件	个	P80等离子割嘴	
REVIEW-MAT-00192	槽钢	规格: 200B	金属材料/型材	米	200B槽钢	材质/标准缺失
REVIEW-MAT-00193	槽钢	规格: 160B	金属材料/型材	米	160B槽钢	材质/标准缺失
REVIEW-MAT-00194	水泥砖	材质: 水泥	建筑材料/砌块砖	块	水泥砖	状态：可建档-低精度；尺寸缺失
REVIEW-MAT-00195	砖刀	用途: 砌砖/切砖	工具器具/施工工具	个	砖刀	
REVIEW-MAT-00196	灰刀	用途: 抹灰	工具器具/施工工具	个	灰刀	
REVIEW-MAT-00197	防水网线接头	功能: 防水；用途: 网线连接	电气材料/弱电材料	个	防水网线接头连接	
REVIEW-MAT-00198	防锈润滑剂	品牌/型号: WD-40；容量: 500	化工耗材/润滑防锈	支	WD-40500防锈润滑剂	500 是否 ml？
REVIEW-MAT-00199	螺丝	规格: 8*250	五金备件/紧固件	套	8*250螺丝	材质/强度等级缺失 | 是否为M8？材质/强度等级缺失
REVIEW-MAT-00200	调和油漆	颜色: 铁红	化工耗材/涂料	桶	铁红油漆	容量缺失
REVIEW-MAT-00201	LED灯泡	品牌: 公牛；功率: 20W	电气材料/照明	个	公牛20WLED灯泡	灯头规格缺失
REVIEW-MAT-00202	焊条	型号: 507；直径: 3.2	焊接耗材/焊条	件	507*3.2焊条	包装重量缺失
REVIEW-MAT-00203	加厚蝶阀	品牌: 埃美柯；规格: DN65；特征: 加厚	工程材料/阀门	个	DN65埃美柯加厚蝶阀	材质缺失
REVIEW-MAT-00204	加厚不锈钢球阀	品牌: 埃美柯；规格: DN65；材质: 不锈钢；特征: 加厚	工程材料/阀门	个	DN65埃美柯加厚不锈钢球阀	
REVIEW-MAT-00205	加厚不锈钢球阀	品牌: 埃美柯；规格: 40；材质: 不锈钢；特征: 加厚	工程材料/阀门	个	40埃美柯加厚不锈钢球阀	
REVIEW-MAT-00206	调和油漆	颜色: 白色；类型: 调和油漆	化工耗材/涂料	桶	白色调和油漆	容量缺失
REVIEW-MAT-00207	彩条布	规格: 12*30米	工程材料/篷布油布	平方	12*30米彩条布	
REVIEW-MAT-00208	漏电保护器	品牌: 德力西；电流: 400A；极数: 4P	电气材料/低压电器	个	400A4P德力西漏电保护器	
REVIEW-MAT-00209	漏电保护器	品牌: 德力西；电流: 250A；极数: 4P	电气材料/低压电器	个	250A4P德力西漏电保护器	
REVIEW-MAT-00210	太阳能4G摄像头	供电: 太阳能；通信: 4G；清晰度: 4K	电气材料/安防监控	个	太阳能4G4K摄像头	品牌/存储规格缺失
REVIEW-MAT-00211	不锈钢名牌	定制: 是；材质: 不锈钢；规格: 120*60	定制件/标识铭牌	个	定做不锈钢名牌120*60	状态：可建档-定制件；图文内容不作为物料规格
REVIEW-MAT-00212	不锈钢名牌	定制: 是；材质: 不锈钢；规格: 100*80	定制件/标识铭牌	个	定做不锈钢名牌100*80	状态：可建档-定制件；图文内容不作为物料规格
REVIEW-MAT-00213	不锈钢名牌	定制: 是；材质: 不锈钢；规格: 30*60	定制件/标识铭牌	个	定做不锈钢名牌30*60	状态：可建档-定制件；图文内容不作为物料规格
REVIEW-MAT-00214	热水器隔电堵	用途: 热水器；功能: 隔电	工程材料/水暖五金	个	热水器隔电堵	接口规格缺失
REVIEW-MAT-00215	热水器安全阀	用途: 热水器；类型: 安全阀	工程材料/阀门	个	热水器安全阀	接口规格缺失
REVIEW-MAT-00216	水龙头花洒套装	类型: 水龙头+花洒	工程材料/水暖五金	个	水龙头花洒	状态：可合并/单位待统一；与第102行同物料，单位套/个需统一
REVIEW-MAT-00217	喷漆	品牌: 三和；颜色: 黄色	化工耗材/涂料	支	三和黄色喷漆	
REVIEW-MAT-00218	喷漆	品牌: 三和；颜色: 天蓝色	化工耗材/涂料	支	三和天蓝色喷漆	
REVIEW-MAT-00219	高粱扫把	材质: 高粱；规格: 小	清洁用品/清洁工具	个	高粱小扫把	
REVIEW-MAT-00220	帆布手套	特征: 加厚、双层	劳保耗材/手套	双	加厚双层帆布手套	状态：可合并；与第130行相近
REVIEW-MAT-00221	螺丝	规格: 8*30	五金备件/紧固件	套	8*30螺丝	材质/强度等级缺失
REVIEW-MAT-00222	螺丝	规格: 16*30	五金备件/紧固件	套	16*30螺丝	材质/强度等级缺失
REVIEW-MAT-00223	螺丝	规格: 12*60	五金备件/紧固件	套	12*60螺丝	材质/强度等级缺失
REVIEW-MAT-00224	不锈钢挂锁	材质: 不锈钢；规格: 40；品质: 好	五金备件/锁具	个	40好不锈钢挂锁	“好”是否作为质量等级保留？
REVIEW-MAT-00225	不锈钢通用挂锁	材质: 不锈钢；规格: 40；品质: 好；类型: 通用	五金备件/锁具	个	40好不锈钢通用挂锁	与第395行是否同物料需确认
REVIEW-MAT-00226	螺丝	规格: 12*50	五金备件/紧固件	套	12*50螺丝	状态：可建档 | 可合并；材质/强度等级缺失 | 与第397行同物料
REVIEW-MAT-00227	切割片	规格: 100	工具器具/磨切耗材	块	100切割片	厚度/适用材质缺失
REVIEW-MAT-00228	磨光片	规格: 100	工具器具/磨切耗材	块	100磨光片	粒度/适用材质缺失
REVIEW-MAT-00229	乳胶手套	材质: 乳胶；特征: 加厚	劳保耗材/手套	双	加厚乳胶手套	
REVIEW-MAT-00230	牛筋手套	材质/类型: 牛筋；特征: 加厚	劳保耗材/手套	双	牛筋加厚手套	状态：可建档 | 可合并；与第401行同物料
REVIEW-MAT-00231	防护眼镜	颜色: 透明	劳保耗材/眼面防护	付	透明防护眼镜	
REVIEW-MAT-00232	美工刀	类型: 美工刀	工具器具/手动工具	支	美工刀	状态：可合并；与第185行同类，品牌缺失
REVIEW-MAT-00233	高压水枪过滤总成	适用设备: 高压水枪；类型: 过滤总成	设备备件/清洗设备配件	套	高压水枪过滤总成	型号缺失
REVIEW-MAT-00234	高压水枪滤芯	适用设备: 高压水枪；类型: 滤芯	设备备件/滤芯	个	高压水枪滤芯	型号缺失
REVIEW-MAT-00235	垫片	定制: 是；规格: 12*600*5	定制件/金属加工件	个	定做12*600*5垫片	状态：可建档-定制件；材质/图纸缺失
REVIEW-MAT-00236	碘伏	容量: 500ml	劳保耗材/急救用品	瓶	碘伏500ml	
REVIEW-MAT-00237	止血贴	类型: 创可贴/止血贴	劳保耗材/急救用品	张	止血贴	状态：可建档-低精度；包装规格缺失
REVIEW-MAT-00238	医用绷带	类型: 绷带	劳保耗材/急救用品	卷	绷带	状态：可建档-低精度；宽度/长度缺失
REVIEW-MAT-00239	插头	品牌: 公牛；电流: 10A	电气材料/插头插座	个	10A公牛插头	状态：可建档 | 可合并；二插/三插缺失 | 与第418行同类，二插/三插需确认
REVIEW-MAT-00240	纯棉白布	材质: 纯棉；颜色: 白色	劳保耗材/擦拭材料	KG	纯棉大白布 | 纯棉白布	状态：可建档 | 可合并；幅宽/等级缺失 | 与第419行同物料，幅宽/等级缺失
REVIEW-MAT-00241	毛刷	规格: 3寸	工具器具/涂装工具	个	3寸 毛刷	材质/柄型缺失
REVIEW-MAT-00242	羊毛刷	规格: 4寸；材质: 羊毛	工具器具/涂装工具	个	4寸羊毛刷	
REVIEW-MAT-00243	一次性口罩	类型: 一次性	劳保耗材/呼吸防护	个	一次性口罩	状态：可建档-低精度 | 可合并；医用/工业/防护等级缺失 | 与第422行同物料，防护等级缺失 | 与第825行同物料，防护等级缺失
REVIEW-MAT-00244	旋转吊环	载荷: 8吨；类型: 旋转	吊装索具/吊环	个	8吨旋转吊环	螺纹规格缺失
REVIEW-MAT-00245	防锈漆	颜色: 铁红；类型: 防锈漆	化工耗材/涂料	桶	铁红防锈漆	包装重量/品牌缺失
REVIEW-MAT-00246	不锈钢卡扣接头	规格: DN6*6；材质: 不锈钢	气动/高压管路	个	DN6*6不锈钢卡扣接头	压力等级缺失
REVIEW-MAT-00247	不锈钢卡扣接头	规格: DN6*10；材质: 不锈钢	气动/高压管路	个	DN6*10不锈钢卡扣接头	压力等级缺失
REVIEW-MAT-00248	松香水	类型: 稀释剂/清洗剂	化工耗材/稀释清洗	桶	松香水	状态：可建档-低精度 | 可合并；包装容量/品牌缺失 | 与第430行同物料，包装容量缺失 | 与第430、475行同物料，包装容量缺失 | 与第534行同物料，包装缺失 | 与前文同物料，包装缺失 | 与第1123行同物料
REVIEW-MAT-00249	百叶砂轮片	规格: 4寸	工具器具/磨切耗材	块	4寸百叶砂轮片	粒度/材质缺失
REVIEW-MAT-00250	割枪	规格: 30号	焊接耗材/焊割工具	支	30号割枪	气体类型/品牌缺失
REVIEW-MAT-00251	割嘴	规格: 30号	焊接耗材/焊割配件	个	30号割嘴	气体类型/孔径缺失
REVIEW-MAT-00252	三脚插头	品牌: 公牛；电流: 10A；类型: 三插	电气材料/插头插座	个	10A公牛三插	
REVIEW-MAT-00253	毛刷	规格: 4寸	工具器具/涂装工具	支	4寸毛刷	状态：可合并；与第421行同类，单位需统一
REVIEW-MAT-00254	不锈钢加长接头	规格: 8*6；材质: 不锈钢；特征: 加长	气动/高压管路	个	8*6不锈钢加长接头	连接形式/压力等级缺失
REVIEW-MAT-00255	不锈钢加长弯头	规格: 8*6；材质: 不锈钢；特征: 加长；类型: 弯头	气动/高压管路	个	8*6不锈钢加长弯头	连接形式/压力等级缺失
REVIEW-MAT-00256	链条扳手	类型: 链条扳手	工具器具/手动工具	个	链条扳手	状态：可建档-低精度；规格/夹持范围缺失
REVIEW-MAT-00257	碳棒	直径: 6mm	焊接耗材/气刨耗材	支	碳棒6MM	包装规格缺失
REVIEW-MAT-00258	吨袋	规格: 大号	包装材料/吨袋	个	大吨袋	状态：可建档-低精度 | 可合并；容量/尺寸/承重缺失 | 与第442行同类，承重/尺寸缺失
REVIEW-MAT-00259	铁丝	规格: 12号	五金备件/金属丝材	KG	12号铁丝 | 12铁丝	状态：可建档 | 可合并；材质/镀锌与否缺失 | 与第622行同物料，材质/镀锌缺失 | 与第773行同物料
REVIEW-MAT-00260	铁丝	规格: 14号	五金备件/金属丝材	KG	14号铁丝 | 14铁丝	状态：可建档 | 可合并；材质/镀锌与否缺失 | 与第623行同物料
REVIEW-MAT-00261	调和漆	颜色: 白色；类型: 调和漆	化工耗材/涂料	桶	白色调和油漆	状态：可建档 | 可合并；包装重量/品牌缺失 | 与第446行同物料，包装需统一 | 与第446、470行同物料，包装需统一 | 与前文同物料，包装需统一 | 与前文同物料，包装缺失 | 与第1122行同物料
REVIEW-MAT-00262	不锈钢卡套接头	规格: 6*8；材质: 不锈钢	气动/高压管路	个	卡6*8不锈钢接头	状态：可建档 | 可合并；“卡”是否为卡套需确认 | 与第447行同物料
REVIEW-MAT-00263	不锈钢卡套接头	规格: 6*12；材质: 不锈钢	气动/高压管路	个	卡6*12不锈钢接头	状态：可建档 | 可合并；“卡”是否为卡套需确认 | 与第448行同物料
REVIEW-MAT-00264	不锈钢黄油嘴接头	材质: 不锈钢；类型: 接头	润滑系统/黄油嘴配件	个	不锈钢黄油嘴接头	螺纹规格缺失
REVIEW-MAT-00265	不锈钢黄油嘴弯头	材质: 不锈钢；类型: 弯头	润滑系统/黄油嘴配件	个	不锈钢黄油嘴弯头	螺纹规格/角度缺失
REVIEW-MAT-00266	高压加厚接头	定制: 是；规格: 52；特征: 加厚	定制件/液压接头	个	定做52高压加厚接头	状态：可建档-定制件；图纸/螺纹/压力等级缺失
REVIEW-MAT-00267	鱼尾螺丝	规格: M10*60	五金备件/紧固件	套	M10*60鱼尾螺丝	材质/强度等级缺失
REVIEW-MAT-00268	鱼尾螺丝	规格: M14*70	五金备件/紧固件	套	M14*70鱼尾螺丝	材质/强度等级缺失
REVIEW-MAT-00269	鱼尾螺丝	规格: M16*90	五金备件/紧固件	套	M16*90鱼尾螺丝	材质/强度等级缺失
REVIEW-MAT-00270	角钢	规格: 50*50*6；标准: 国标	原材料/型钢	米	50*50*6国标角铁	状态：可建档 | 可合并；材质牌号缺失 | 与第464行同物料，材质牌号仍缺 | 与第572行同物料，材质牌号仍缺
REVIEW-MAT-00271	电焊钳	电流: 500A	焊接耗材/焊割工具	把	500A电焊钳	品牌缺失
REVIEW-MAT-00272	电焊钳	电流: 800A	焊接耗材/焊割工具	把	800A电焊钳	状态：可建档 | 可合并；品牌缺失 | 与第466行同物料
REVIEW-MAT-00273	电焊线	品牌: 起帆；截面积: 35平方	电气材料/电线电缆	米	35平方起帆电焊线	芯数/材质缺失
REVIEW-MAT-00274	电焊线	品牌: 起帆；截面积: 50平方	电气材料/电线电缆	米	50平方起帆电焊线	芯数/材质缺失
REVIEW-MAT-00275	医用胶带	类型: 医用胶带	劳保耗材/急救用品	卷	医用胶带	状态：可建档-低精度；宽度/长度缺失
REVIEW-MAT-00276	锂电角磨机	品牌: 大艺；供电: 锂电池	工具器具/电动工具	台	大艺锂电池角磨机	电压/电池容量/规格缺失
REVIEW-MAT-00277	砂纸	粒度: 600	工具器具/磨切耗材	张	600砂纸	尺寸缺失
REVIEW-MAT-00278	砂纸	粒度: 80	工具器具/磨切耗材	张	80砂纸	尺寸缺失
REVIEW-MAT-00279	钢丝绳	直径: 6mm	吊装索具/钢丝绳	米	6MM钢丝绳	结构/强度等级缺失
REVIEW-MAT-00280	钢丝绳卡扣	适配直径: 6mm	吊装索具/钢丝绳配件	个	6MM钢丝绳扣子	材质/形式缺失
REVIEW-MAT-00281	卡箍丝牙接头	加工: 是；规格: 60；连接: 一头卡箍一头丝牙；特征: 加厚	定制件/管路接头	个	加工加厚60一头卡箍一头丝牙	状态：可建档-定制件；图纸/材质/压力等级缺失
REVIEW-MAT-00282	双头抱箍接头	加工: 是；规格: 60；连接: 两头抱箍；特征: 加厚	定制件/管路接头	个	加工加厚60两头抱箍	状态：可建档-定制件；图纸/材质/压力等级缺失
REVIEW-MAT-00283	三通抱箍	加工: 是；长度: 1.15米；特征: 加厚；类型: 三通抱箍	定制件/管路接头	根	加工加厚1.15米三通抱箍	状态：可建档-定制件；图纸/口径/材质缺失
REVIEW-MAT-00284	不锈钢条	规格: 65*20*1	原材料/不锈钢材料	条	65*20*1不锈钢条	材质牌号/长度缺失
REVIEW-MAT-00285	骑马螺丝	规格: 14*75	五金备件/紧固件	套	14*75骑马螺丝	材质/强度等级缺失
REVIEW-MAT-00286	不锈钢卡套三通	规格: 6*12；材质: 不锈钢；类型: 三通	气动/高压管路	个	卡6*12不锈钢三通	连接形式/压力等级缺失
REVIEW-MAT-00287	重油污清洗剂	用途: 重油污清洗	化工耗材/清洗剂	KG	重油污清洗剂	品牌/浓度/包装缺失
REVIEW-MAT-00288	自封袋	规格: 10#	包装材料/自封袋	个	10#自封袋	
REVIEW-MAT-00289	毛刷	规格: 2寸	工具器具/涂装工具	个	2寸毛刷	材质缺失
REVIEW-MAT-00290	电缆防水接头	规格: M50	电气材料/电缆附件	个	M50电缆防水接头	材质/IP等级缺失
REVIEW-MAT-00291	电缆防水接头	规格: M40	电气材料/电缆附件	个	M40电缆防水接头	材质/IP等级缺失
REVIEW-MAT-00292	电缆防水接头	规格: M32	电气材料/电缆附件	个	M32电缆防水接头	材质/IP等级缺失
REVIEW-MAT-00293	自喷漆	品牌: 三和；颜色: 灰色；类型: 自喷漆	化工耗材/涂料	瓶	灰色三和喷漆	容量缺失
REVIEW-MAT-00294	自喷漆	品牌: 三和；颜色: 黑色；类型: 自喷漆	化工耗材/涂料	瓶	黑色三和喷漆	容量缺失
REVIEW-MAT-00295	脱漆剂	类型: 高效脱漆剂	化工耗材/清洗剂	瓶	高效脱漆剂	状态：可建档-低精度；品牌/容量/成分缺失
REVIEW-MAT-00296	门锁	用途: 大门	五金备件/锁具	把	大门锁	状态：可建档-低精度；规格/锁体类型缺失
REVIEW-MAT-00297	电力清洗剂	用途: 电力设备清洗	化工耗材/清洗剂	KG	电力清洗剂	品牌/绝缘等级/包装缺失
REVIEW-MAT-00298	多点黄油泵	容量: 8升；出口数: 4出口	润滑系统/油脂泵	台	8升4出口多点黄油泵	电压/驱动方式/品牌缺失
REVIEW-MAT-00299	AB胶	品牌/型号: 卡夹特；类型: AB胶	化工耗材/胶粘剂	套	卡夹特AB胶	包装容量/配比缺失
REVIEW-MAT-00300	气泡膜	特征: 加厚	包装材料/缓冲包装	米	加厚气泡膜	状态：可建档 | 可合并；宽度/厚度缺失 | 与第512行同物料，宽度/厚度仍缺
REVIEW-MAT-00301	不锈钢数字牌	定制: 是；材质: 不锈钢；尺寸: 20cm	定制件/标识铭牌	个	定做不锈钢数字牌20cm	状态：可建档-定制件；字号内容/厚度缺失
REVIEW-MAT-00302	高压弯头	定制: 是；规格: 6x1.5；类型: 弯头	定制件/液压接头	个	定做 6x1.5高压弯头	状态：可建档-定制件；螺纹/角度/压力等级缺失
REVIEW-MAT-00303	高压弯头	定制: 是；规格: 10x1.5；类型: 弯头	定制件/液压接头	个	定做 10x1.5高压弯头	状态：可建档-定制件；螺纹/角度/压力等级缺失
REVIEW-MAT-00304	高压弯头	定制: 是；规格: 13x1.5；类型: 弯头	定制件/液压接头	个	定做 13x1.5高压弯头	状态：可建档-定制件；螺纹/角度/压力等级缺失
REVIEW-MAT-00305	高压弯头	定制: 是；规格: 16x1.5；类型: 弯头	定制件/液压接头	个	定做 16x1.5高压弯头	状态：可建档-定制件；螺纹/角度/压力等级缺失
REVIEW-MAT-00306	高压弯头	定制: 是；规格: 19x1.5；类型: 弯头	定制件/液压接头	个	定做 19x1.5高压弯头	状态：可建档-定制件；螺纹/角度/压力等级缺失
REVIEW-MAT-00307	高压弯头	定制: 是；规格: 25x1.5；类型: 弯头	定制件/液压接头	个	定做 25x1.5高压弯头	状态：可建档-定制件；螺纹/角度/压力等级缺失
REVIEW-MAT-00308	高压弯头	定制: 是；规格: 32x1.5；类型: 弯头	定制件/液压接头	个	定做 32x1.5高压弯头	状态：可建档-定制件；螺纹/角度/压力等级缺失
REVIEW-MAT-00309	高压弯头	定制: 是；规格: 38x1.5；类型: 弯头	定制件/液压接头	个	定做 38x1.5高压弯头	状态：可建档-定制件；螺纹/角度/压力等级缺失
REVIEW-MAT-00310	保鲜膜	规格: 大卷	包装材料/薄膜	件	保鲜膜大卷	状态：可建档-低精度；宽度/长度/厚度缺失
REVIEW-MAT-00311	调和漆	颜色: 黄色；类型: 调和漆	化工耗材/涂料	桶	黄色调和漆	状态：可建档 | 可合并；包装重量/品牌缺失 | 与第532行同物料，包装缺失 | 与第902行同物料，包装缺失 | 与第922行同物料
REVIEW-MAT-00312	调和漆	颜色: 铁红；类型: 调和漆	化工耗材/涂料	桶	铁红调和漆	包装重量/品牌缺失
REVIEW-MAT-00313	高压卡箍双丝牙接头	定制: 是；规格: 52；特征: 高压加厚；连接: 卡箍+双丝牙	定制件/管路接头	个	定做高压加厚52米卡箍双丝牙	状态：可建档-定制件；“52米”应为52mm？图纸/材质缺失
REVIEW-MAT-00314	玻璃胶	颜色: 白色	化工耗材/胶粘剂	支	白色玻璃胶	容量/品牌/酸性或中性缺失
REVIEW-MAT-00315	588密封胶	型号: 588	化工耗材/胶粘剂	支	588胶	状态：可建档-低精度；品牌/颜色/容量缺失
REVIEW-MAT-00316	记号笔	颜色: 白色	办公/标识耗材	支	白色记号笔	状态：可合并；与前文多次同物料，品牌需统一
REVIEW-MAT-00317	轴承钢钢套	定制: 是；材质: 轴承钢；特征: 加厚	定制件/金属加工件	套	定做加厚轴承钢钢套	状态：可建档-定制件；图纸/尺寸/热处理要求缺失
REVIEW-MAT-00318	方钢	规格: 40*80；特征: 加厚	原材料/型钢	米	40*80加厚方钢	壁厚/材质缺失
REVIEW-MAT-00319	四方接头	加工: 是；类型: 内外四方接头	定制件/管路接头	个	加工内外四方接头	状态：可建档-定制件；图纸/规格/材质缺失
REVIEW-MAT-00320	不锈钢标志牌	定制: 是；材质: 不锈钢	定制件/标识铭牌	块	定做不锈钢标志牌	状态：可建档-定制件；尺寸/内容/厚度缺失
REVIEW-MAT-00321	不锈钢铭牌	定制: 是；尺寸: 250*180；材质: 不锈钢	定制件/标识铭牌	块	定做250*180不锈钢铭牌	状态：可建档-定制件；厚度/内容/表面工艺缺失
REVIEW-MAT-00322	五点式安全带	类型: 五点式；款式: 欧式	劳保耗材/坠落防护	套	五点式欧式安全带	执行标准/承载等级缺失
REVIEW-MAT-00323	内六角螺丝	规格: 10*40；类型: 内六角	五金备件/紧固件	套	10*40内六角	材质/强度等级缺失
REVIEW-MAT-00324	内六角螺丝	规格: 16*50；类型: 内六角	五金备件/紧固件	套	16*50内六角	材质/强度等级缺失
REVIEW-MAT-00325	刮泥板	定制: 是；类型: 刮泥板	定制件/设备备件	块	定做刮泥板	状态：可建档-定制件；图纸/材质/适用设备缺失
REVIEW-MAT-00326	挂壁风扇	控制: 遥控；安装: 挂壁	设备/通用电器	台	遥控挂壁风扇	功率/尺寸/品牌缺失
REVIEW-MAT-00327	五孔插座	类型: 五孔插座	电气材料/插头插座	套	五孔插座	状态：可建档-低精度；明装/暗装/电流/品牌缺失
REVIEW-MAT-00328	插座底盒	类型: 插座底盒	电气材料/插头插座	个	插座底合	状态：可建档-低精度；“底合”应为底盒；规格缺失
REVIEW-MAT-00329	电线	品牌: 起帆；截面积: 4平方	电气材料/电线电缆	米	4平方起帆平方电线	线型/颜色/芯数缺失
REVIEW-MAT-00330	高压水枪	材质: 金属；类型: 高压水枪	工具器具/清洗工具	支	金属高压水枪	压力/接口规格缺失
REVIEW-MAT-00331	切割片	品牌: 金立克	工具器具/磨切耗材	片	金立克切割片	状态：可建档-低精度；规格/材质/厚度缺失
REVIEW-MAT-00332	无缝管	规格: 325；壁厚: 14	原材料/钢管	米	325无缝管&14	材质/标准缺失；原文符号需规范
REVIEW-MAT-00333	焊接弯头	规格: 325*8；特征: 加厚；连接: 焊接	工程材料/管件	个	加厚325*8焊接弯头	材质/角度/压力等级缺失
REVIEW-MAT-00334	抱箍钢卡	规格: 325；特征: 加厚；材质: 钢	工程材料/管道紧固	个	加厚325抱箍钢卡	表面处理/标准缺失
REVIEW-MAT-00335	卡槽钢圈接头	定制: 是；规格: 325；类型: 卡槽钢圈接头	定制件/管路接头	个	定做325卡槽钢圈接头	状态：可建档-定制件；图纸/材质/压力等级缺失
REVIEW-MAT-00336	花纹钢板	厚度: 3mm；类型: 花纹钢板	原材料/钢板	平方	3MM花纹钢板	材质/长宽/单位换算缺失
REVIEW-MAT-00337	槽钢	规格: 100#；标准: 国标	原材料/型钢	米	100#国标槽钢	材质牌号缺失
REVIEW-MAT-00338	螺丝	规格: M20*120	五金备件/紧固件	个	M20*120螺丝	材质/强度等级缺失
REVIEW-MAT-00339	钢板加工件	加工: 是；尺寸: 300*270*16	定制件/金属加工件	块	加工300*270*16钢板	状态：可建档-定制件；材质/图纸/孔位缺失
REVIEW-MAT-00340	夹板加工件	加工: 是；尺寸: 94*33*3	定制件/金属加工件	块	加工94*33*3夹板	状态：可建档-定制件；材质/图纸缺失
REVIEW-MAT-00341	热缩管	规格: 30	电气材料/电缆附件	米	30热缩管	直径单位/收缩倍率/颜色缺失
REVIEW-MAT-00342	五孔插座面板	类型: 五孔面板	电气材料/插头插座	个	五孔面板	状态：可建档-低精度；品牌/明暗装/电流缺失
REVIEW-MAT-00343	铜导电嘴	材质: 铜；规格: 45*12	焊接耗材/焊机配件	个	铜导电嘴45*12	适配焊枪/孔径缺失
REVIEW-MAT-00344	挂胶手套	特征: 厚；类型: 挂胶	劳保耗材/手套	双	厚挂胶手套	材质/尺码缺失
REVIEW-MAT-00345	亚克力板	尺寸: 81*81*5	原材料/塑料板材	块	81×81×5亚克力板	单位尺寸是否mm需确认
REVIEW-MAT-00346	焊条	直径: 3.2	焊接耗材/焊材	件	3.2焊条 | 3.2电焊条	状态：可合并；与前文3.2焊条同类，材质/牌号缺失 | 与前文同类，牌号/包装缺失 | 与第593行同类，牌号缺失
REVIEW-MAT-00347	电焊眼镜	用途: 电焊防护	劳保耗材/眼面防护	副	电焊眼镜	状态：可建档 | 可合并；防护等级/镜片色号缺失 | 与第1222行同物料，防护等级缺失
REVIEW-MAT-00348	平光防护眼镜	类型: 平镜/平光	劳保耗材/眼面防护	副	平镜眼镜	状态：可建档-低精度；防护标准缺失
REVIEW-MAT-00349	转向轮	规格: 3寸；特征: 带刹车	五金备件/脚轮	个	3寸转向轮带刹车	承重/材质缺失
REVIEW-MAT-00350	高粱扫把	材质: 高粱	劳保耗材/清洁工具	支	高粱扫把	
REVIEW-MAT-00351	玻璃纸	类型: 玻璃纸	包装材料/薄膜纸品	米	玻璃纸	状态：可建档-低精度；宽度/厚度缺失
REVIEW-MAT-00352	双面胶	类型: 双面胶	化工耗材/胶粘带	卷	双面胶	状态：可建档-低精度；宽度/长度/基材缺失
REVIEW-MAT-00353	吊钩保险卡	载荷: 16吨；特征: 加厚	吊装索具/吊钩配件	个	16吨吊钩厚保险卡	状态：可建档 | 可合并；适配吊钩型号/标准缺失 | 与第604行同物料，适配型号仍缺
REVIEW-MAT-00354	变压器	输出: 24V 5A	电气材料/电源电器	个	24V5A变压器	输入电压/功率/安装方式缺失
REVIEW-MAT-00355	棉签	类型: 棉签	劳保耗材/清洁用品	包	棉签	状态：可建档-低精度 | 可合并；包装数量/用途缺失 | 与第608行同物料，包装数量缺失
REVIEW-MAT-00356	布手套	特征: 加厚、双层	劳保耗材/手套	双	加厚双层布手套	尺码/材质缺失
REVIEW-MAT-00357	铁丝	规格: 12#	五金备件/金属丝材	KG	12#铁丝	状态：可合并；与第443行同物料，材质/镀锌缺失
REVIEW-MAT-00358	铁丝	规格: 14#	五金备件/金属丝材	KG	14#铁丝	状态：可合并；与第444行同物料，材质/镀锌缺失
REVIEW-MAT-00359	焊接弯头	规格: 159*8；特征: 加厚；连接: 焊接	工程材料/管件	个	159*8加厚弯头焊接	材质/角度/压力等级缺失
REVIEW-MAT-00360	台式砂轮机	功率: 1.1kW；类型: 台式砂轮机	工具器具/电动工具	台	1.1千W台式沙轮机	“沙轮机”应规范为砂轮机；砂轮规格缺失
REVIEW-MAT-00361	钨钢钻头	材质: 钨钢；直径: 8mm	工具器具/工具配件	支	钨钢钻头8厘	柄型/长度缺失
REVIEW-MAT-00362	钨钢钻头	材质: 钨钢；直径: 10mm	工具器具/工具配件	支	钨钢钻头10厘	柄型/长度缺失
REVIEW-MAT-00363	钨钢钻头	材质: 钨钢；直径: 12mm	工具器具/工具配件	支	钨钢钻头12厘	柄型/长度缺失
REVIEW-MAT-00364	钨钢钻头	材质: 钨钢；直径: 16mm	工具器具/工具配件	支	钨钢钻头16厘	柄型/长度缺失
REVIEW-MAT-00365	防盗门锁	材质: 不锈钢；用途: 防盗门	五金备件/锁具	个	防盗门锁不锈钢	锁体规格/开向缺失
REVIEW-MAT-00366	导轨五孔插座	安装: 导轨；类型: 五孔插座	电气材料/插头插座	个	导轨5孔插座	电流/品牌缺失
REVIEW-MAT-00367	螺母	规格: M4	五金备件/紧固件	个	M4螺母	材质/强度等级缺失
REVIEW-MAT-00368	螺母	规格: M5	五金备件/紧固件	个	M5螺母	材质/强度等级缺失
REVIEW-MAT-00369	槽钢	规格: 80	原材料/型钢	米	80槽钢	标准/材质牌号缺失
REVIEW-MAT-00370	PVC弯头	品牌: 公元；规格: 75；材质: PVC	工程材料/PVC管件	个	公元75pvc弯头	角度/压力等级缺失
REVIEW-MAT-00371	PVC直通	品牌: 公元；规格: 75；材质: PVC	工程材料/PVC管件	个	公元75pvc直通	压力等级缺失
REVIEW-MAT-00372	草帽	类型: 草帽	劳保耗材/防晒用品	个	草帽	状态：可建档-低精度；尺寸/款式缺失
REVIEW-MAT-00373	尼龙绳	直径: 14mm；材质: 尼龙	吊装索具/绳索	米	∅14尼龙绳	承载/编织结构缺失
REVIEW-MAT-00374	高强度螺丝	强度等级: 12.9级；规格: 10*150	五金备件/紧固件	套	12.9级 10*150螺丝	是否M10/表面处理缺失
REVIEW-MAT-00375	扎带	规格: 10*400	电气材料/扎带	包	10*400扎带	材质/每包数量缺失
REVIEW-MAT-00376	扎带	规格: 10*500	电气材料/扎带	包	10*500扎带	状态：可合并；与前文10*500扎带同物料 | 与1657同类，颜色/每包数量缺失
REVIEW-MAT-00377	焊工手套	用途: 电焊防护	劳保耗材/手套	双	电焊手套	状态：可建档 | 可合并；材质/长度缺失 | 与第655行同物料
REVIEW-MAT-00378	闭门器	规格: 大号	五金备件/门窗五金	个	闭门器大	状态：可建档-低精度；承重/安装方式缺失
REVIEW-MAT-00379	路锥	高度: 1米	安全设施/交通标识	个	路锥1米	材质/反光等级缺失
REVIEW-MAT-00380	小便器感应器	材质: 铜；用途: 小便器	工程材料/洁具配件	套	铜小便器感应器	电源方式/规格缺失
REVIEW-MAT-00381	黑模板	尺寸: 1.22*2.44；厚度: 3.0；颜色: 黑	建筑材料/模板木方	张	1.22*2.44*3.0黑模板	单位是米还是尺需确认
REVIEW-MAT-00382	一位开关	位数: 1位；含底座: 是	电气材料/开关	套	1位开关带底座	电流/品牌/明暗装缺失
REVIEW-MAT-00383	PVC直通	品牌: 公元；规格: 75	工程材料/PVC管件	个	公元75直通	状态：可合并；与第643行同物料，材质默认PVC需确认
REVIEW-MAT-00384	漏电断路器	品牌: 施耐德；极数: 2P；电流: C40A	电气材料/低压电器	个	施耐德2PC40A漏电	型号/漏电动作电流缺失
REVIEW-MAT-00385	推进泵加长弯头	加工定做: 是；适用设备: 推进泵；规格: 189；特征: 加长大弯头	定制件/设备备件	套	加工定做推进泵189加长大弯头	状态：可建档-定制件；图纸/材质/接口缺失
REVIEW-MAT-00386	蒸饭柜	品牌: 荣事达；层数: 8层；功能: 智能	设备/厨房设备	个	8层荣事达智能蒸饭柜	功率/电压/容量缺失，单位建议台
REVIEW-MAT-00387	吊带	载荷: 5T；长度: 6米	吊装索具/吊带	付	5T*6米吊带	执行标准/材质缺失
REVIEW-MAT-00388	吊带	载荷: 5T；长度: 3米	吊装索具/吊带	付	5T*3米吊带	执行标准/材质缺失
REVIEW-MAT-00389	吊带	载荷: 3T；长度: 3米	吊装索具/吊带	付	3T*3米吊带	执行标准/材质缺失
REVIEW-MAT-00390	接触器	品牌: 施耐德；用途: 行车；电流: 80A	电气材料/低压电器	个	施耐德行车接触器80A	型号/线圈电压缺失
REVIEW-MAT-00391	合金钻头	材质: 合金；直径: 6mm	工具器具/工具配件	个	合金钻头6厘	柄型/长度缺失
REVIEW-MAT-00392	合金钻头	材质: 合金；直径: 8mm	工具器具/工具配件	个	合金钻头8厘	柄型/长度缺失
REVIEW-MAT-00393	合金钻头	材质: 合金；直径: 10mm	工具器具/工具配件	个	合金钻头10厘	柄型/长度缺失
REVIEW-MAT-00394	合金钻头	材质: 合金；直径: 12mm	工具器具/工具配件	个	合金钻头12厘	柄型/长度缺失
REVIEW-MAT-00395	合金钻头	材质: 合金；直径: 14mm	工具器具/工具配件	个	合金钻头14厘	柄型/长度缺失
REVIEW-MAT-00396	合金钻头	材质: 合金；直径: 16mm	工具器具/工具配件	个	合金钻头16厘	柄型/长度缺失
REVIEW-MAT-00397	尼龙绳	直径: 18mm；材质: 尼龙	吊装索具/绳索	米	18尼龙绳	承载/编织结构缺失
REVIEW-MAT-00398	地坪漆面漆固化剂	用途: 地坪漆面漆固化剂	化工耗材/涂料辅料	KG	地坪漆面漆固化剂	状态：可建档 | 可合并；品牌/配比/包装缺失 | 与第692行同物料，品牌/配比/包装缺失
REVIEW-MAT-00399	地坪漆底漆	品牌/系列: 好地坪漆；类型: 底漆	化工耗材/涂料	桶	好地坪漆底漆	包装重量/颜色/配套体系缺失
REVIEW-MAT-00400	地坪漆底漆固化剂	用途: 地坪漆底漆固化剂	化工耗材/涂料辅料	KG	地坪漆底漆固化剂	状态：可建档 | 可合并；品牌/配比/包装缺失 | 与第694行同物料，配比/包装缺失
REVIEW-MAT-00401	滚筒刷	规格: 150	工具器具/涂装工具	支	150滚筒	单位是mm？材质缺失
REVIEW-MAT-00402	滚筒刷	规格: 250	工具器具/涂装工具	支	250滚筒	单位是mm？材质缺失
REVIEW-MAT-00403	伸缩加长杆	类型: 伸缩加长杆	工具器具/涂装工具	支	伸缩加长杆	状态：可建档-低精度；长度范围/接口缺失
REVIEW-MAT-00404	六角螺丝	规格: 10*40；类型: 六角	五金备件/紧固件	套	10*40六角螺丝	是否M10/强度等级缺失
REVIEW-MAT-00405	美纹纸	颜色: 黄色；宽度: 5cm	化工耗材/胶粘带	米	黄色美纹纸5CM | 黄色美纹纸5cm	状态：可建档 | 可合并；长度/品牌缺失 | 与第700行同物料，长度/品牌缺失 | 与第711行同物料，大小写需统一
REVIEW-MAT-00406	膨胀螺丝	规格: 10*70；别名: 爆炸螺丝	五金备件/紧固件	个	10*70爆炸螺丝	材质/表面处理缺失
REVIEW-MAT-00407	外墙漆	品牌: 立邦；用途: 外墙	化工耗材/涂料	桶	立邦外墙漆	颜色/包装重量/型号缺失
REVIEW-MAT-00408	方钢	规格: 30*30*3	原材料/型钢	米	30*30*3方钢	材质牌号/标准缺失
REVIEW-MAT-00409	地坪漆底漆	品牌/系列: 好地坪漆；类型: 底漆；包装: 20KG	化工耗材/涂料	桶	好地坪漆底漆20KG	状态：可合并；与第693行同物料，颜色/体系需确认
REVIEW-MAT-00410	注浆机活塞	定制: 是；适用设备: 注浆机；类型: 活塞	定制件/设备备件	套	定做注浆机活塞	状态：可建档-定制件；图纸/材质/密封结构缺失
REVIEW-MAT-00411	自喷漆	品牌: 三和；颜色: 翠绿色；类型: 自喷漆	化工耗材/涂料	支	三和喷漆翠绿色	容量缺失；单位瓶/支需统一
REVIEW-MAT-00412	自喷漆	颜色: 中黄；类型: 自喷漆	化工耗材/涂料	支	中黄色喷漆	品牌/容量缺失
REVIEW-MAT-00413	金刚磨片	类型: 金刚磨片	工具器具/磨切耗材	个	金刚磨片	状态：可建档-低精度；规格/粒度/用途缺失
REVIEW-MAT-00414	UPVC给水管	品牌: 公元；规格: 32；材质: UPVC；用途: 给水	工程材料/UPVC管件	米	公元32UPVC给水管	压力等级缺失
REVIEW-MAT-00415	UPVC三通	品牌: 公元；规格: 32；类型: 三通	工程材料/UPVC管件	个	公元三通32	材质默认UPVC需确认
REVIEW-MAT-00416	UPVC直通	规格: 32；类型: 直通	工程材料/UPVC管件	个	32直通	状态：可建档-低精度；材质/品牌需确认
REVIEW-MAT-00417	UPVC斜三通	规格: 32；类型: 斜三通	工程材料/UPVC管件	个	32斜三通	状态：可建档-低精度；材质/品牌需确认
REVIEW-MAT-00418	管卡	规格: 32；类型: 管卡	工程材料/管道紧固	个	32管卡	状态：可建档-低精度；材质/适配管材缺失
REVIEW-MAT-00419	异径接头	规格: 32*25；类型: 大小头/异径	工程材料/UPVC管件	个	32*25大小头	材质/品牌需确认
REVIEW-MAT-00420	UPVC弯头	规格: 32；类型: 弯头	工程材料/UPVC管件	个	32弯头	状态：可建档-低精度；角度/材质/品牌需确认
REVIEW-MAT-00421	UPVC45度弯头	规格: 32；角度: 45度	工程材料/UPVC管件	个	32*45弯头	材质/品牌需确认
REVIEW-MAT-00422	立式排污泵	功率: 2.2kW；安装: 立式；类型: 排污泵	设备/泵类设备	台	2.2千瓦立式排污泵	流量/扬程/电压缺失
REVIEW-MAT-00423	PPR阀门	品牌: 公元；规格: 90；材质: PPR	工程材料/PPR管件	个	公元90PPR阀门	压力等级缺失
REVIEW-MAT-00424	编织袋	类型: 编织袋	包装材料/编织袋	个	编织袋	状态：可合并；与前文同类，规格/承重缺失 | 与第737行同物料，规格缺失 | 与第737行同类，规格缺失 | 与第952行同类，规格缺失
REVIEW-MAT-00425	高帮劳保鞋	特征: 进口、高帮	劳保耗材/足部防护	双	进口高帮劳保鞋	尺码/防护标准缺失
REVIEW-MAT-00426	床垫	类型: 床垫	行政后勤/生活用品	个	床垫	状态：可建档-低精度；尺寸/材质缺失
REVIEW-MAT-00427	被子	类型: 被子	行政后勤/生活用品	个	被子	状态：可建档-低精度；尺寸/重量缺失
REVIEW-MAT-00428	枕头	类型: 枕头	行政后勤/生活用品	个	枕头	状态：可建档-低精度；规格/材质缺失
REVIEW-MAT-00429	床品四件套	类型: 四件套	行政后勤/生活用品	套	四件套	状态：可建档-低精度；尺寸/材质缺失
REVIEW-MAT-00430	环卫夹	类型: 环卫夹	劳保耗材/清洁工具	个	环卫夹	状态：可建档-低精度；规格/长度缺失
REVIEW-MAT-00431	镀锌堵头	规格: 25；表面: 镀锌；类型: 堵头	工程材料/管件	个	25镀锌堵头	材质/螺纹缺失
REVIEW-MAT-00432	冲击钻头	品牌: 方大同；规格: 18*800	工具器具/工具配件	支	方大同18*800冲击钻头	柄型缺失
REVIEW-MAT-00433	高压变径接头	定制: 是；规格: 36*3+36；类型: 变头	定制件/液压接头	个	定做36*3+36高压变头	状态：可建档-定制件；图纸/螺纹/压力等级缺失
REVIEW-MAT-00434	吊带	载荷: 5T；长度: 8米	吊装索具/吊带	付	5T*8米吊带	执行标准/材质缺失
REVIEW-MAT-00435	生料带	类型: 生料带	工程材料/水暖五金	个	生料带	状态：可合并；与前文同类，宽度/长度缺失
REVIEW-MAT-00436	高压外丝变径接头	定制: 是；规格: M36变1寸；连接: 外丝	定制件/液压接头	个	定做M36变1寸高压外丝	状态：可建档-定制件；图纸/压力等级/螺纹制式缺失
REVIEW-MAT-00437	地线	品牌: 起帆；截面积: 6平方；用途: 地线	电气材料/电线电缆	米	6平方起帆地线	颜色/线型缺失
REVIEW-MAT-00438	洗衣机进水管	长度: 2米；用途: 洗衣机	工程材料/水暖五金	条	2米洗衣机管	接口规格缺失
REVIEW-MAT-00439	五坑钻头	品牌: 方大同；规格: 40*1200；柄型: 五坑	工具器具/工具配件	个	方大同40*1200五孔钻头	材质缺失
REVIEW-MAT-00440	五孔插座	品牌: 公牛；类型: 五孔插座	电气材料/插头插座	个	公牛五孔插座	电流/明暗装缺失
REVIEW-MAT-00441	PPR管	品牌: 公元；规格: 25；材质: PPR	工程材料/PPR管件	米	公元25PPR管	状态：可建档 | 可合并；压力等级缺失 | 与第764行同物料，压力等级缺失
REVIEW-MAT-00442	PPR接头	品牌: 公元；规格: 25；材质: PPR	工程材料/PPR管件	个	公元25PPR接头	接头形式缺失
REVIEW-MAT-00443	PPR内牙三通	品牌: 公元；规格: 25；材质: PPR；连接: 内牙；类型: 三通	工程材料/PPR管件	个	公元25PPR内牙三通	内牙规格缺失
REVIEW-MAT-00444	PPR外牙直通	品牌: 公元；规格: 25；材质: PPR；连接: 外牙；类型: 直通	工程材料/PPR管件	个	公元25PPR外牙直通	外牙规格缺失
REVIEW-MAT-00445	LED灯管	功率: 38W；类型: LED灯管	电气材料/照明	个	38WLED灯管	状态：可建档 | 可合并；长度/色温缺失 | 与第768行同物料，长度/色温缺失
REVIEW-MAT-00446	金属测绳	材质: 金属	工具器具/测量工具	米	金属测绳	状态：可建档-低精度；直径/刻度/用途缺失
REVIEW-MAT-00447	不锈钢丝网	材质: 不锈钢	五金备件/金属网	米	不锈钢铁丝网	网孔/丝径/宽度缺失
REVIEW-MAT-00448	防护安全网	规格: 3000；特征: 加厚	安全设施/防护网	件	加厚3000防护安全网	尺寸单位/材质/标准缺失
REVIEW-MAT-00449	方钢	规格: 25*25	原材料/型钢	米	25*25方钢	壁厚/材质缺失
REVIEW-MAT-00450	排风扇	规格: 10寸	电气材料/通风设备	个	10寸排风扇	功率/电压/安装方式缺失
REVIEW-MAT-00451	插座	品牌: 公牛；孔位: 8孔	电气材料/插头插座	个	8孔公牛插座	电流/线长/安装方式缺失
REVIEW-MAT-00452	五点式双钩安全绳	类型: 五点式；挂钩: 双钩	劳保耗材/坠落防护	套	五点式双钩安全绳	执行标准/长度/承载缺失
REVIEW-MAT-00453	普通硅酸盐水泥	标号: PO42.5	建筑材料/水泥砂石	包	PO42.5水泥 | po42.5水泥	状态：可建档 | 可合并；每包重量/品牌缺失 | 与第781行同物料，每包重量缺失 | 与第989行同物料 | 与第989行同物料，大小写需规范
REVIEW-MAT-00454	对讲机	品牌: 长城；型号: A99；特征: 高功率	电气材料/通讯设备	个	A99长城高功率对讲机	状态：可建档 | 可合并；频段/功率/许可要求缺失 | 与第782行同物料，频段/功率缺失 | 与第782行同物料
REVIEW-MAT-00455	电缆线	品牌: 起帆；规格: 3*4+2*2.5	电气材料/电线电缆	米	3*4+2*2.5起帆电缆线 | 起帆3*4+2*2.5电线 | 3*4+2*2.5起帆电缆	状态：可建档 | 可合并；型号/材质缺失 | 与第784行同物料，型号缺失 | 与第827行同物料，线型缺失 | 导体材质/护套/电压等级缺失
REVIEW-MAT-00456	电缆线	品牌: 起帆；规格: 3*1.5	电气材料/电线电缆	米	3*1.5起帆电缆线	状态：可合并；与前文同物料，型号缺失 | 与第785行同物料 | 与1556/fixture同类，护套缺失
REVIEW-MAT-00457	螺丝	规格: 14*180	五金备件/紧固件	套	14*180螺丝	是否M14/材质/强度等级缺失
REVIEW-MAT-00458	螺母	规格: 14	五金备件/紧固件	个	14螺母	是否M14/材质/强度等级缺失
REVIEW-MAT-00459	平垫片	规格: 14	五金备件/紧固件	个	14垫片	是否M14/材质缺失
REVIEW-MAT-00460	弹簧垫片	规格: 14	五金备件/紧固件	个	14弹簧垫片	是否M14/材质缺失
REVIEW-MAT-00461	钻头	规格: 16*100	工具器具/工具配件	个	16*100钻头	材质/柄型缺失
REVIEW-MAT-00462	吨袋	承重/容量: 1.5吨	包装材料/吨袋	个	1.5吨袋	尺寸/吊带形式缺失
REVIEW-MAT-00463	土工布	类型: 土工布	建筑材料/土工材料	米	土工布	状态：可建档-低精度；克重/宽度缺失
REVIEW-MAT-00464	风镐	型号: G150	工具器具/气动工具	台	G150风镐	气压/品牌缺失
REVIEW-MAT-00465	羊毛刷	规格: 4寸；材质: 羊毛	工具器具/涂装工具	支	4寸羊毛刷 | 4寸 羊毛刷	状态：可合并；与第421行同物料，单位需统一 | 与第421行同物料
REVIEW-MAT-00466	丝锥	规格: M20	工具器具/工具配件	支	M20丝锥	牙距/材质缺失
REVIEW-MAT-00467	万能胶	类型: 万能胶	化工耗材/胶粘剂	桶	万能胶	状态：可建档-低精度；品牌/容量缺失
REVIEW-MAT-00468	注浆管	规格: DN25	工程材料/注浆材料	米	DN25注浆管	材质/压力等级缺失
REVIEW-MAT-00469	混凝土圆斗	容量: 3立方；用途: 混凝土	工程器具/料斗	个	3立方混凝土圆斗	材质/吊装方式缺失
REVIEW-MAT-00470	钢箱	加工定做: 是；容量: 4立方；材质: 钢	定制件/金属加工件	个	加工定做4立方钢箱	状态：可建档-定制件；图纸/尺寸/用途缺失
REVIEW-MAT-00471	膨胀螺丝	规格: M12*80	五金备件/紧固件	个	M12*80膨胀螺丝	材质/表面处理缺失
REVIEW-MAT-00472	一次性雨衣	类型: 一次性	劳保耗材/雨具	套	一次性雨衣	状态：可合并；与第476行同物料 | 与第824行同物料
REVIEW-MAT-00473	电缆线	品牌: 起帆；规格: 3*2.5	电气材料/电线电缆	米	3*2.5起帆电缆 | 3*2.5起帆电缆线	型号/材质缺失 | 导体材质/护套/电压等级缺失
REVIEW-MAT-00474	花篮螺丝	规格: M20；类型: 花篮	吊装索具/拉紧器	个	M20花篮	材质/载荷缺失
REVIEW-MAT-00475	卷扬机	载荷: 1吨	吊装索具/起重设备	台	1吨卷扬机	电压/钢丝绳长度/品牌缺失
REVIEW-MAT-00476	钢丝绳	直径: 16mm	吊装索具/钢丝绳	米	16厘钢丝绳	结构/强度等级缺失
REVIEW-MAT-00477	卸扣	载荷: 8.5T	吊装索具/卸扣	个	8.5T卸扣	执行标准缺失
REVIEW-MAT-00478	卸扣	载荷: 3T	吊装索具/卸扣	个	3T卸扣	执行标准缺失
REVIEW-MAT-00479	钢筋扎丝	长度: 50cm；包装: 5kg	五金备件/金属丝材	件	50CM*5kg钢筋扎丝	丝径/材质缺失
REVIEW-MAT-00480	汽油桶	容量: 20L；用途: 汽油	工具器具/容器	个	20L汽油桶	材质/防爆要求缺失
REVIEW-MAT-00481	齿轮油	型号: HL-20	化工耗材/润滑油	升	HL-20齿轮油	品牌/包装缺失
REVIEW-MAT-00482	焊条	直径: 5.0	焊接耗材/焊材	件	5.0电焊条	牌号/包装缺失
REVIEW-MAT-00483	焊条	直径: 4.0	焊接耗材/焊材	件	4.0电焊条	状态：可建档 | 可合并；牌号/包装缺失 | 与第837行同物料，牌号缺失
REVIEW-MAT-00484	植筋胶	类型: 注射式	化工耗材/胶粘剂	支	注射式植筋胶	容量/品牌/固化剂体系缺失
REVIEW-MAT-00485	铁钉	规格: 3寸	五金备件/紧固件	KG	3寸铁钉	材质/表面处理缺失
REVIEW-MAT-00486	电源适配器	输出: 12V 1A	电气材料/电源电器	个	12V1A适配器	输入电压/接口规格缺失
REVIEW-MAT-00487	反射片	规格: 3*3	安全设施/反光材料	片	3*3反射片	单位/材质/颜色缺失
REVIEW-MAT-00488	反射片	规格: 5*5	安全设施/反光材料	片	5*5反射片	单位/材质/颜色缺失
REVIEW-MAT-00489	海绵拖把	特征: 加长；材质: 海绵	劳保耗材/清洁工具	把	加长海绵拖把	
REVIEW-MAT-00490	钢丝增强管	规格: 1寸；结构: 钢丝增强	工程材料/软管	米	1寸钢丝增强管	压力等级/材质缺失
REVIEW-MAT-00491	PPR热熔管	规格: 4分；材质: PPR；连接: 热熔	工程材料/PPR管件	米	4分PPR热融管	品牌/压力等级缺失
REVIEW-MAT-00492	扎带	规格: 10*50；包装: 200根/包	电气材料/扎带	包	10*50扎带200根	材质缺失
REVIEW-MAT-00493	顶托	规格: 30*500；特征: 厚	建筑材料/脚手架配件	支	30*500厚顶托	材质/表面处理缺失
REVIEW-MAT-00494	电焊钳	电流: 500A	焊接耗材/焊割工具	支	500A电焊钳	状态：可合并；与第465行同物料，单位把/支需统一
REVIEW-MAT-00495	深井潜水泵	功率: 1.1kW；类型: 深井潜水泵	设备/泵类设备	台	1.1千瓦深井潜水泵	状态：可建档 | 可合并；扬程/流量/电压缺失 | 与第868行同物料，扬程/流量缺失
REVIEW-MAT-00496	海绵双面胶	基材: 海绵；类型: 双面胶	化工耗材/胶粘带	卷	海绵双面胶	宽度/长度缺失
REVIEW-MAT-00497	污水泵	功率: 1.5kW；类型: 污水泵	设备/泵类设备	台	1.5千瓦污水泵	状态：可建档 | 可合并；流量/扬程/电压缺失 | 与第870行同物料，扬程/流量缺失
REVIEW-MAT-00498	PPR热熔接头	规格: 4分；连接: 热熔	工程材料/PPR管件	个	4分热熔接头	材质/品牌缺失
REVIEW-MAT-00499	镀锌管	规格: DN20；表面: 镀锌	原材料/钢管	米	DN20镀锌管	壁厚/标准缺失
REVIEW-MAT-00500	记号笔	颜色: 黑色	办公/标识耗材	支	黑色笔 | 黑色记号笔	状态：可建档-低精度 | 可合并；笔类型/品牌缺失 | 与第879行同类，品牌缺失
REVIEW-MAT-00501	彩条布	宽度: 4米	建筑材料/防护覆盖	平方	4米彩条布	克重/材质缺失
REVIEW-MAT-00502	止水蝴蝶扣	规格: 16*600	建筑材料/止水紧固	套	16*600止水蝴蝶扣	材质/配套螺杆缺失
REVIEW-MAT-00503	螺母	规格: 16	五金备件/紧固件	个	16螺母	状态：可建档 | 可合并；是否M16/材质缺失 | 与第887行同类，是否M16需确认
REVIEW-MAT-00504	加长套筒	规格: 18*200；特征: 加长	工具器具/手动工具	个	18*200加长套筒	驱动方孔规格缺失
REVIEW-MAT-00505	顶托	规格: 38*600；特征: 厚	建筑材料/脚手架配件	套	38*600厚顶托	材质/表面处理缺失
REVIEW-MAT-00506	中砂	类型: 中砂	建筑材料/水泥砂石	包	中沙	每包重量/含泥量缺失
REVIEW-MAT-00507	垃圾桶	规格: 大号	劳保耗材/清洁工具	个	大垃圾桶	状态：可建档-低精度；容量/材质缺失
REVIEW-MAT-00508	编织袋	规格: 大号	包装材料/编织袋	个	大编织袋 | 大号编织袋	状态：可建档 | 可合并；尺寸/承重缺失 | 与第901行同物料，尺寸/承重缺失 | 与第928行同物料 | 与第984行同物料
REVIEW-MAT-00509	调和漆	颜色: 黑色；类型: 调和漆	化工耗材/涂料	桶	黑色调和漆	状态：可建档 | 可合并；包装/品牌缺失 | 与第906行同物料
REVIEW-MAT-00510	LED浴室灯	功率: 50W；类型: 浴室灯	电气材料/照明	个	50WLED浴室灯	防水等级/色温缺失
REVIEW-MAT-00511	彩钢瓦	规格: 1*0.84	建筑材料/板材	米	1*0.84彩钢瓦	厚度/颜色缺失
REVIEW-MAT-00512	彩钢瓦	规格: 1.6*0.84	建筑材料/板材	米	1.6*0.84彩钢瓦	厚度/颜色缺失
REVIEW-MAT-00513	止水针头	长度: 10cm	工程材料/堵漏注浆材料	个	止水针头10CM	直径/材质缺失
REVIEW-MAT-00514	止水针头	长度: 15cm	工程材料/堵漏注浆材料	个	止水针头15CM	直径/材质缺失
REVIEW-MAT-00515	聚氨酯堵漏剂	类型: 油性；材质: 聚氨酯	化工耗材/堵漏材料	KG	油性聚氨酯堵漏剂	状态：可建档 | 可合并；品牌/包装缺失 | 与第914行同物料，品牌/包装缺失 | 与第914行同物料
REVIEW-MAT-00516	聚氨酯堵漏剂	类型: 水性；材质: 聚氨酯	化工耗材/堵漏材料	KG	水性聚氨酯堵漏剂	状态：可建档 | 可合并；品牌/包装缺失 | 与第915行同物料，品牌/包装缺失 | 与第915行同物料
REVIEW-MAT-00517	长螺杆	规格: 14*200；类型: 长螺杆	五金备件/紧固件	套	14*200长螺杆	是否M14/材质缺失
REVIEW-MAT-00518	防火涂层测厚仪	用途: 防火涂层测厚	工具器具/检测仪器	台	防火涂层测厚仪	量程/精度/品牌缺失
REVIEW-MAT-00519	防水网线对接头	特征: 防水；用途: 网络对接	电气材料/弱电材料	个	防水网络对接头	接口规格/IP等级缺失
REVIEW-MAT-00520	钢丝绳夹头	规格: M10	吊装索具/钢丝绳配件	个	M10钢丝绳夹头	适配钢丝绳直径/材质缺失
REVIEW-MAT-00521	编织袋	规格: 小号	包装材料/编织袋	个	小编织袋	尺寸/承重缺失
REVIEW-MAT-00522	防坠安全网	定制: 是；用途: 防坠	定制件/安全防护	平方	定做防坠安全网	状态：可建档-定制件；网孔/材质/执行标准缺失
REVIEW-MAT-00523	橡胶支座	定制: 是；材质: 橡胶；类型: 支座	定制件/橡胶件	个	定做橡胶支座	状态：可建档-定制件；图纸/尺寸/硬度缺失
REVIEW-MAT-00524	电子血压计	品牌: 鱼跃；类型: 电子血压计	劳保耗材/急救用品	台	鱼跃电子血压计	型号缺失
REVIEW-MAT-00525	太阳能LED灯	品牌: 公牛；功率: 80W；供电: 太阳能	电气材料/照明	套	公牛80w太阳能LED灯	电池容量/防水等级缺失
REVIEW-MAT-00526	安全帽一字带	适用: 安全帽；类型: 一字带	劳保耗材/头部防护配件	只	安全帽一字带	适配型号缺失
REVIEW-MAT-00527	LED灯带	品牌: 雷士；电压: 36V；灯珠: 120珠	电气材料/照明	米	雷士36V120珠灯带LED	功率/色温/IP等级缺失
REVIEW-MAT-00528	开关电源	输出电压: 36V；功率: 400W	电气材料/电源电器	个	36V 400w电源	状态：可建档 | 可合并；输入电压/IP等级缺失 | 与第940行同物料，输入电压缺失
REVIEW-MAT-00529	潜水泵	电压: 380V；功率: 2.2kW	设备/泵类设备	台	380V 2.2千w潜水泵	流量/扬程缺失
REVIEW-MAT-00530	五坑钻头	品牌: 方大同；规格: 35*500；柄型: 五坑	工具器具/工具配件	支	方大同35*500五坑钻头	材质缺失
REVIEW-MAT-00531	冲击钻头	品牌: 方大同；规格: 18*400	工具器具/工具配件	支	方大同18x400冲击钻头	柄型/材质缺失
REVIEW-MAT-00532	冲击钻头	品牌: 方大同；规格: 30*400	工具器具/工具配件	支	方大同30x400冲击钻头	柄型/材质缺失
REVIEW-MAT-00533	黑扎丝	直径: 1mm；颜色: 黑色	五金备件/金属丝材	米	1mm黑扎丝	材质/包装缺失
REVIEW-MAT-00534	黑扎丝	直径: 2mm；颜色: 黑色	五金备件/金属丝材	米	2mm黑扎丝	材质/包装缺失
REVIEW-MAT-00535	总开关	电流: 100A；用途: 总开关	电气材料/低压电器	个	100A总开关	极数/品牌/型号缺失
REVIEW-MAT-00536	漏电保护器	电流: 40A；类型: 漏电保护	电气材料/低压电器	个	40A漏电保护	极数/漏电动作电流缺失
REVIEW-MAT-00537	空气开关	电流: 16A	电气材料/低压电器	个	16A空开	极数/品牌/型号缺失
REVIEW-MAT-00538	五坑钻头	规格: 28*800；柄型: 五坑	工具器具/工具配件	支	28*800五孔钻头	材质/品牌缺失
REVIEW-MAT-00539	绝缘胶带	类型: 绝缘胶带	电气材料/电工耗材	卷	绝缘胶带	颜色/宽度/长度缺失
REVIEW-MAT-00540	电源极性检测器	用途: 电源极性检测	工具器具/检测仪器	台	电源极性检测器	电压范围/品牌缺失
REVIEW-MAT-00541	沉降观测钉带牌	类型: 观测钉；包含: 标识牌	工程材料/测量标识	套	沉降观测钉带牌	材质/规格缺失
REVIEW-MAT-00542	十字测钉	表面: 镀锌；类型: 十字测钉	工程材料/测量标识	个	镀锌十字测钉	规格缺失
REVIEW-MAT-00543	LED充电头灯	类型: 头灯；供电: 充电；光源: LED	电气材料/照明	个	LED充电头灯	电池容量/亮度缺失
REVIEW-MAT-00544	五坑钻头	品牌: 方大同；规格: 14*400；柄型: 五坑	工具器具/工具配件	支	方大同14*400五孔钻头	材质缺失
REVIEW-MAT-00545	五坑钻头	品牌: 方大同；规格: 14*600；柄型: 五坑	工具器具/工具配件	支	方大同14*600五孔钻头	材质缺失
REVIEW-MAT-00546	五坑钻头	品牌: 方大同；规格: 16*280；柄型: 五坑	工具器具/工具配件	支	方大同16*280五孔钻头	材质缺失
REVIEW-MAT-00547	彩钢瓦	厚度/规格: 0.5	建筑材料/板材	平方	0.5彩钢瓦	颜色/板型缺失
REVIEW-MAT-00548	油布	特征: 加厚	建筑材料/防护覆盖	平方	加厚油布	状态：可建档 | 可合并；材质/克重缺失 | 与第993行同物料，材质/克重缺失
REVIEW-MAT-00549	灭火器	容量: 4KG	消防器材/灭火器	支	4KG灭火器	类型: 干粉/二氧化碳等缺失
REVIEW-MAT-00550	消防箱	类型: 消防箱	消防器材/消防箱	个	消防箱子	状态：可建档-低精度；尺寸/材质缺失
REVIEW-MAT-00551	铁丝	规格: 14号	五金备件/金属丝材	公斤	14号铁丝	状态：可合并；与第894行同物料，单位KG/公斤需统一
REVIEW-MAT-00552	马路切割片	规格: 400；用途: 马路切割	工具器具/磨切耗材	块	400马路切片	厚度/孔径缺失
REVIEW-MAT-00553	塞尺	材质: 铜	工具器具/测量工具	个	铜塞尺	规格范围缺失
REVIEW-MAT-00554	不锈钢球阀	规格: 25；材质: 不锈钢；类型: 球阀	工程材料/阀门	个	25不锈钢球阀	压力等级/连接形式缺失
REVIEW-MAT-00555	电源线	长度: 2米	电气材料/电线电缆	条	2米电源线	插头类型/线径缺失
REVIEW-MAT-00556	塑料扫把	材质: 塑料	劳保耗材/清洁工具	把	塑料扫把	
REVIEW-MAT-00557	路由器	品牌: 华为；速率: 1000M	电气材料/网络设备	套	1000M华为路由器	型号/端口数缺失
REVIEW-MAT-00558	电视支架	适配尺寸: 70寸	行政后勤/办公用品	个	70寸电视支架	安装方式/承重缺失
REVIEW-MAT-00559	变频空调	品牌: 格力；匹数: 3匹；类型: 变频	设备/通用电器	台	格力3匹变频空调	冷暖/能效/安装方式缺失
REVIEW-MAT-00560	保险管	电流: 32A	电气材料/低压电器	个	32A保险管	尺寸/电压/型号缺失
REVIEW-MAT-00561	打印机电源线	适用设备: 打印机；类型: 电源线	行政后勤/办公设备配件	条	打印机电源线	接口规格缺失
REVIEW-MAT-00562	打印机数据线	适用设备: 打印机；类型: 数据线	行政后勤/办公设备配件	条	打印机数据线	接口类型/长度缺失
REVIEW-MAT-00563	雾化喷头	用途: 加湿；类型: 雾化喷头	工程材料/喷淋配件	个	加湿雾化喷头	规格/孔径/材质缺失
REVIEW-MAT-00564	泡沫双面胶	基材: 泡沫；类型: 双面胶	化工耗材/胶粘带	件	泡沫双面胶	宽度/长度/每件数量缺失
REVIEW-MAT-00565	101胶水	型号: 101	化工耗材/胶粘剂	件	101胶水	状态：可建档-低精度；包装容量/品牌缺失
REVIEW-MAT-00566	羊毛刷	规格: 2寸；材质: 羊毛	工具器具/涂装工具	支	2寸羊毛刷	
REVIEW-MAT-00567	不锈钢钻头	规格: 5.0；材质/用途: 不锈钢	工具器具/工具配件	支	5.0不锈钢钻头	柄型/长度缺失
REVIEW-MAT-00568	噪音计	用途: 噪音检测	工具器具/检测仪器	台	噪音仪	量程/精度/品牌缺失
REVIEW-MAT-00569	背胶防撞条	特征: 背胶；类型: 防撞条	安全设施/防撞防护	米	背胶防撞条	宽度/材质缺失
REVIEW-MAT-00570	雾炮机	功率: 3kW；控制: 全自动	设备/环保喷淋设备	台	3千瓦全自动雾炮机	射程/水量/电压缺失
REVIEW-MAT-00571	冰块	重量: 50kg	行政后勤/临时消耗品	个	50kg冰块	状态：可建档-低精度 | 可合并；单位个/块需统一 | 与第1051行同物料
REVIEW-MAT-00572	人工草皮	规格: 3.0；颜色: 绿色	装饰/地面材料	平方	3.0绿草皮	状态：可合并；与第992行同物料 | 与第1052行同物料
REVIEW-MAT-00573	六角自攻螺丝	规格: 6；类型: 六角自攻	五金备件/紧固件	盒	6六角自攻螺丝	长度/材质缺失
REVIEW-MAT-00574	测电笔	类型: 多功能电笔	工具器具/电工工具	支	多功能电笔	电压范围缺失
REVIEW-MAT-00575	定向轮	规格: 4寸；类型: 定向轮	五金备件/脚轮	个	4寸定向轮	承重/材质缺失
REVIEW-MAT-00576	带刹定向轮	规格: 4寸；特征: 带刹车	五金备件/脚轮	个	4寸定向轮刹	承重/材质缺失
REVIEW-MAT-00577	手推车	载荷: 300kg；特征: 加厚	工具器具/搬运工具	台	300kg手推车加厚	尺寸/轮型缺失
REVIEW-MAT-00578	路锥	高度: 90cm	安全设施/交通标识	个	90cm路锥	材质/反光等级缺失
REVIEW-MAT-00579	伸缩杆	颜色: 红色；类型: 伸缩杆	安全设施/隔离设施	个	红色伸缩杆	长度/配套底座缺失
REVIEW-MAT-00580	警示牌	规格: 大号	安全设施/警示用品	个	大警示牌	状态：可建档-低精度；内容/尺寸/材质缺失
REVIEW-MAT-00581	漏电断路器	品牌: 施耐德；电流: 400A	电气材料/低压电器	个	施耐德400A漏电开关	极数/型号/漏电动作电流缺失
REVIEW-MAT-00582	遮阳网	特征: 密	安全设施/防护网	平方	密遮阳网	状态：可建档-低精度；针数/遮光率/材质缺失
REVIEW-MAT-00583	冰块	重量: 50kg	行政后勤/临时消耗品	块	50kg冰块	状态：可合并；与第1051行同物料，单位个/块需统一
REVIEW-MAT-00584	电瓶夹线	类型: 电瓶夹；包含: 线	电气材料/电工工具	套	电瓶夹带线	线径/长度/电流缺失
REVIEW-MAT-00585	测电笔	类型: 测电笔	工具器具/电工工具	个	测电笔	状态：可合并；与第1056行同类，单位支/个需统一
REVIEW-MAT-00586	蓄电池	电压: 12V	电气材料/电池	个	12v蓄电池	容量Ah/型号缺失
REVIEW-MAT-00587	防尘网	规格: 10针	安全设施/防护网	平方	10针防尘网	材质/颜色/克重缺失
REVIEW-MAT-00588	污水泵	功率: 1.5kW；口径: 2寸	设备/泵类设备	台	1.5千瓦2寸污水泵	扬程/流量/电压缺失
REVIEW-MAT-00589	钢丝球	类型: 钢丝球	劳保耗材/清洁用品	个	钢丝球	
REVIEW-MAT-00590	钢丝刷	类型: 钢丝刷	工具器具/清洁工具	支	钢丝刷	规格缺失
REVIEW-MAT-00591	办公椅	类型: 多功能办公椅	行政后勤/办公家具	把	多功能办公椅	材质/规格缺失
REVIEW-MAT-00592	绝缘摇表	量程/电压: 2500	工具器具/检测仪器	个	2500绝缘摇表	单位V？精度/品牌缺失
REVIEW-MAT-00593	摇表表笔	适用设备: 摇表；类型: 表笔	工具器具/检测仪器配件	个	摇表笔	接口/耐压缺失
REVIEW-MAT-00594	电热水壶	品牌: 苏泊尔	行政后勤/生活电器	个	苏泊尔热水壶	容量/功率缺失
REVIEW-MAT-00595	鼠标	品牌: 小米；类型: 鼠标	行政后勤/办公用品	个	小米鼠标	有线/无线/型号缺失
REVIEW-MAT-00596	无线鼠标	类型: 无线鼠标	行政后勤/办公用品	个	无线鼠标	状态：可建档-低精度；品牌/型号缺失
REVIEW-MAT-00597	缠绕膜	颜色: 透明；宽度: 50cm；重量: 5KG	包装材料/缠绕膜	个	透明缠绕膜50cm*5KG	材质/芯径缺失
REVIEW-MAT-00598	纸箱	规格: 70*50	包装材料/纸箱	个	70*50纸箱	高度/层数缺失
REVIEW-MAT-00599	胶带切割器	适用: 透明胶带	包装材料/包装工具	个	透明胶带切割器	适配宽度缺失
REVIEW-MAT-00600	钢筋加工件	加工: 是；钢筋规格: 12；长度: 1.6米	定制件/钢筋加工件	个	加工12钢筋1.6米	状态：可建档-定制件；材质/图纸/弯折要求缺失
REVIEW-MAT-00601	钢筋加工件	加工: 是；钢筋规格: 12；长度: 11.93米	定制件/钢筋加工件	个	加工12钢筋11.93米	状态：可建档-定制件；材质/图纸/弯折要求缺失
REVIEW-MAT-00602	钢筋加工件	加工: 是；钢筋规格: 12；长度: 12.94米	定制件/钢筋加工件	个	加工12钢筋12.94米	状态：可建档-定制件；材质/图纸/弯折要求缺失
REVIEW-MAT-00603	钢筋方形箍	加工: 是；钢筋规格: 12；形状: 方形箍	定制件/钢筋加工件	个	加工12钢筋方形箍	状态：可建档-定制件；尺寸/图纸缺失
REVIEW-MAT-00604	充电电钻	供电: 充电	工具器具/电动工具	台	充电电钻	电压/电池容量/品牌缺失
REVIEW-MAT-00605	厕所刷	用途: 厕所清洁	劳保耗材/清洁工具	把	厕所刷子	
REVIEW-MAT-00606	洁厕剂	类型: 洁厕灵	劳保耗材/清洁用品	支	洁厕灵	容量/品牌缺失
REVIEW-MAT-00607	拖把	类型: 拖把	劳保耗材/清洁工具	支	拖把	状态：可合并；与前文拖把同物料，单位个/支需统一
REVIEW-MAT-00608	锂电钻	特征: 大功率；供电: 锂电池	工具器具/电动工具	台	大功率锂电钻	电压/电池容量/品牌缺失
REVIEW-MAT-00609	铜鼻子	电流: 300A；材质: 铜	电气材料/电缆附件	个	300A铜鼻子	线径/孔径缺失
REVIEW-MAT-00610	铜鼻子	电流: 200A；材质: 铜	电气材料/电缆附件	个	200A铜鼻子	线径/孔径缺失
REVIEW-MAT-00611	PVC给水管	品牌: 公元；规格: 40；材质: PVC；用途: 给水	工程材料/PVC管件	米	公元40pvc给水管	压力等级缺失
REVIEW-MAT-00612	异径三通	品牌: 公元；规格: 40*32；类型: 三通	工程材料/PVC管件	个	公元三通40×32	材质默认PVC需确认
REVIEW-MAT-00613	异径三通	品牌: 公元；规格: 40*25；类型: 三通	工程材料/PVC管件	个	公元三通40×25	材质默认PVC需确认
REVIEW-MAT-00614	PVC管卡	品牌: 公元；材质: PVC；规格: 40	工程材料/管道紧固	个	公元pvc40管卡	
REVIEW-MAT-00615	PVC45度弯头	品牌: 公元；规格: 40；角度: 45度	工程材料/PVC管件	个	公元40×45°弯头	材质默认PVC需确认
REVIEW-MAT-00616	异径接头	品牌: 公元；规格: 40*32；类型: 大接头/异径	工程材料/PVC管件	个	公元40×32大接头	材质默认PVC需确认
REVIEW-MAT-00617	厚双面胶	类型: 双面胶；特征: 厚	化工耗材/胶粘带	卷	双面胶厚	宽度/长度缺失
REVIEW-MAT-00618	窗帘支架	用途: 窗帘	行政后勤/设施配件	套	窗帘支架	长度/安装方式缺失
REVIEW-MAT-00619	黑模板	厚度: 3.0；颜色: 黑	建筑材料/模板木方	张	黑模板3.0厚	长宽/单位缺失
REVIEW-MAT-00620	一位开关	品牌: 公牛；位数: 1位	电气材料/开关	套	公牛一位开关	电流/安装方式缺失
REVIEW-MAT-00621	五孔插座	品牌: 公牛；类型: 五孔	电气材料/插头插座	套	公牛五孔插座	状态：可合并；与第761行同物料，电流缺失
REVIEW-MAT-00622	手持打码机	类型: 手持；功能: 大字符打码	设备/标识设备	台	手持大字符打码机	型号/耗材类型缺失
REVIEW-MAT-00623	洗洁精	类型: 洗洁精	劳保耗材/清洁用品	支	洗洁精	容量/品牌缺失
REVIEW-MAT-00624	吊带	载荷: 5吨；长度: 6m	吊装索具/吊带	条	吊带5吨×6m	状态：可合并；与第679行同物料，单位付/条需统一
REVIEW-MAT-00625	直通	品牌: 公元；规格: 110；类型: 直通	工程材料/PVC管件	个	公元110直通	材质需确认
REVIEW-MAT-00626	管卡	品牌: 公元；规格: 110	工程材料/管道紧固	个	公元110管卡	材质缺失
REVIEW-MAT-00627	方形集水斗	品牌: 公元；规格: 110；形状: 方形	工程材料/排水管件	个	公元110方形集水斗	材质/安装方式缺失
REVIEW-MAT-00628	调和漆	颜色: 红色；类型: 调和漆	化工耗材/涂料	桶	红色调和油漆	包装/品牌缺失
REVIEW-MAT-00629	调和漆	颜色: 中黄；类型: 调和漆	化工耗材/涂料	桶	中黄调和油漆	包装/品牌缺失
REVIEW-MAT-00630	快速插头	电压: 220V；类型: 快速插头	电气材料/插头插座	个	220v快速插头	电流/极数/IP等级缺失
REVIEW-MAT-00631	快速插座	电压: 220V；类型: 快速插座	电气材料/插头插座	个	220v快速插座	电流/极数/IP等级缺失
REVIEW-MAT-00632	快速插头	电压: 380V；类型: 快速插头	电气材料/插头插座	个	380v快速插头	电流/极数/IP等级缺失
REVIEW-MAT-00633	快速插座	电压: 380V；类型: 快速插座	电气材料/插头插座	个	380v快速插座	电流/极数/IP等级缺失
REVIEW-MAT-00634	帆布手套	材质: 帆布；特征: 加厚、双层	劳保耗材/手套	双	加厚双层帆布手套	尺码缺失
REVIEW-MAT-00635	滚筒刷	规格: 8寸	工具器具/涂装工具	支	8寸滚筒	材质缺失
REVIEW-MAT-00636	滚筒刷	规格: 4寸	工具器具/涂装工具	支	4寸滚筒	材质缺失
REVIEW-MAT-00637	小滚筒刷	规格: 4寸；类型: 小滚筒	工具器具/涂装工具	支	4寸小滚筒	材质缺失
REVIEW-MAT-00638	自喷漆	品牌: 三和；颜色: 灰色；类型: 自喷漆	化工耗材/涂料	支	三和灰色喷漆	状态：可合并；与第496行同物料，容量缺失
REVIEW-MAT-00639	垃圾袋	规格: 大号	劳保耗材/清洁用品	个	大垃圾袋子	状态：可合并；与前文垃圾袋同类，尺寸/厚度缺失 | 与第1167行同物料，尺寸缺失
REVIEW-MAT-00640	二氧化碳减压表	适用气体: 二氧化碳；类型: 压力表/减压表	焊接耗材/气体配件	个	二氧化碳表	量程/接口缺失
REVIEW-MAT-00641	乙炔减压表	适用气体: 乙炔；类型: 压力表/减压表	焊接耗材/气体配件	个	乙炔表	状态：可建档 | 可合并；量程/接口缺失 | 与第1170行同物料，量程缺失
REVIEW-MAT-00642	氧气减压表	适用气体: 氧气；类型: 压力表/减压表	焊接耗材/气体配件	个	氧气表	量程/接口缺失
REVIEW-MAT-00643	螺丝	规格: M30*100	五金备件/紧固件	个	M30*100螺丝	材质/强度等级缺失
REVIEW-MAT-00644	螺母	规格: M30	五金备件/紧固件	个	M30螺母	材质/强度等级缺失
REVIEW-MAT-00645	平垫片	规格: M30	五金备件/紧固件	个	M30平垫	材质缺失
REVIEW-MAT-00646	弹簧垫片	规格: M30	五金备件/紧固件	个	M30弹垫	材质缺失
REVIEW-MAT-00647	螺丝	规格: M27*120	五金备件/紧固件	个	M27*120螺丝	材质/强度等级缺失
REVIEW-MAT-00648	螺母	规格: M27	五金备件/紧固件	个	M27螺母	状态：可合并；与第37行/前文M27螺母同类
REVIEW-MAT-00649	平垫片	规格: M27	五金备件/紧固件	个	M27平垫	状态：可合并；与第77行/前文M27垫片同类
REVIEW-MAT-00650	弹簧垫片	规格: M27	五金备件/紧固件	个	M27弹垫	材质缺失
REVIEW-MAT-00651	螺丝	规格: 12*40	五金备件/紧固件	套	12*40螺丝	状态：可建档 | 可合并；是否M12/材质缺失 | 与第1188行同物料，是否M12需确认 | 与第1362行同物料
REVIEW-MAT-00652	无缝管	规格: 68*6	原材料/钢管	米	68*6无缝管	材质/标准缺失
REVIEW-MAT-00653	纱布	包装: 大包	劳保耗材/急救用品	包	纱布大包	尺寸/卷数缺失
REVIEW-MAT-00654	雨衣	特征: 加厚	劳保耗材/雨具	套	加厚雨衣	材质/尺码缺失
REVIEW-MAT-00655	电池	规格: 7号	电气材料/电池	个	7号电池	品牌/类型缺失
REVIEW-MAT-00656	漏电断路器	品牌: 施耐德；极数: 2P；电流: 63A	电气材料/低压电器	个	施耐德2P63A漏保 | 施耐德2P63a漏电保护开关	状态：可建档 | 可合并；型号/漏电动作电流缺失 | 与第1195行同物料，型号缺失 | 与第1224行同物料，型号缺失
REVIEW-MAT-00657	钢丝绳铝扣	材质: 铝；用途: 钢丝绳扣压	吊装索具/钢丝绳配件	个	钢丝绳铝扣	适配钢丝绳直径缺失
REVIEW-MAT-00658	角钢	规格: 40*40*5；标准: 国标	原材料/型钢	米	40*40*5国标角铁	状态：可建档 | 可合并；材质牌号缺失 | 与第1201行同物料，材质牌号缺失
REVIEW-MAT-00659	花纹钢板	厚度: 3.0；类型: 花纹钢板	原材料/钢板	平方	3.0花纹钢板	状态：可合并；与第573行同类，材质缺失
REVIEW-MAT-00660	电线	品牌: 起帆；截面积: 1.5平方	电气材料/电线电缆	米	起帆1.5平方电线	线型/颜色缺失
REVIEW-MAT-00661	除甲醛机	用途: 办公室；功能: 除甲醛	行政后勤/办公设备	个	办公室除甲醛机	型号/适用面积缺失
REVIEW-MAT-00662	焊接异径接头	规格: 159*89；连接: 焊接；类型: 大小头	工程材料/管件	个	焊接159*89大小头	材质/壁厚缺失
REVIEW-MAT-00663	钢管抱箍	加工: 是；规格: 159；适用: 钢管	定制件/管路接头	个	159加工钢管抱箍	状态：可建档-定制件；图纸/材质/厚度缺失
REVIEW-MAT-00664	钢管抱箍	加工: 是；规格: 89；适用: 钢管	定制件/管路接头	个	加工89钢管抱箍	状态：可建档-定制件；图纸/材质/厚度缺失
REVIEW-MAT-00665	带牙钢管加工件	加工: 是；规格: 89；工序: 带牙	定制件/管路接头	个	加工89钢管带牙	状态：可建档-定制件；牙型/长度/图纸缺失
REVIEW-MAT-00666	不锈钢球阀	品牌: 埃美柯；规格: 80；材质: 不锈钢；特征: 加厚	工程材料/阀门	个	埃美柯80加厚不锈钢球阀	压力等级/连接形式缺失
REVIEW-MAT-00667	电焊帽	品质: 好；用途: 电焊	劳保耗材/眼面防护	个	好电焊帽	状态：可建档-低精度；防护等级/型号缺失
REVIEW-MAT-00668	铝合金窗	定制: 是；材质: 铝合金	定制件/门窗制品	套	定做铝合金窗	状态：可建档-定制件；尺寸/玻璃规格缺失
REVIEW-MAT-00669	不锈钢窗护栏	材质: 不锈钢；用途: 窗护栏	定制件/门窗制品	套	不锈钢窗护栏	状态：可建档-定制件；尺寸/图纸缺失
REVIEW-MAT-00670	铜接线端子	截面积: 4平方；材质: 铜	电气材料/接线端子	个	4平方铜接线端子	端子形式缺失
REVIEW-MAT-00671	铜接线端子	截面积: 6平方；材质: 铜	电气材料/接线端子	个	6平方铜接线端子	端子形式缺失
REVIEW-MAT-00672	端子压线钳	适用: 接线端子；类型: 压钳	工具器具/电工工具	个	接线端子压钳	压接范围缺失
REVIEW-MAT-00673	单向阀	品牌: 埃美柯；规格: 80；类型: 单向阀	工程材料/阀门	个	埃美柯80单向阀	材质/压力等级/连接形式缺失
REVIEW-MAT-00674	带牙钢管加工件	加工: 是；规格: 80；工序: 带牙	定制件/管路接头	个	加工80钢管带牙	状态：可建档-定制件；牙型/长度/图纸缺失
REVIEW-MAT-00675	槽钢	规格: 10#；特征: 厚	原材料/型钢	米	10#厚槽钢	材质牌号缺失
REVIEW-MAT-00676	橡胶板	厚度: 2cm	原材料/橡胶材料	kg	2cm橡胶板	材质/宽度缺失
REVIEW-MAT-00677	屏蔽信号电缆	规格: 3*1.5；类型: 信号屏蔽	电气材料/电线电缆	米	3*1.5信号屏蔽电缆线	屏蔽形式/品牌缺失
REVIEW-MAT-00678	吊带	载荷: 20T；长度: 6米；原名含“好”	吊装索具/吊带	条	20T*6米吊带好	“好”是否等级描述？执行标准缺失
REVIEW-MAT-00679	管片强力胶	用途: 管片；类型: 强力胶	化工耗材/胶粘剂	桶	管片强力胶水	品牌/包装/固化体系缺失
REVIEW-MAT-00680	焊接弯头	规格: 89；连接: 焊接	工程材料/管件	个	89焊接弯头	材质/角度/壁厚缺失
REVIEW-MAT-00681	焊接弯头	规格: 168；连接: 焊接	工程材料/管件	个	168焊接弯头	材质/角度/壁厚缺失
REVIEW-MAT-00682	双快水泥	类型: 双快	建筑材料/水泥砂石	包	双快水泥	状态：可合并；与第462行同物料，包装重量缺失
REVIEW-MAT-00683	雨棚	尺寸: 4*4米；特征: 加厚	定制件/遮雨棚	个	加厚4*4米雨棚	状态：可建档-定制件；材质/结构缺失
REVIEW-MAT-00684	镀锌铁皮	厚度: 1.2；表面: 镀锌	原材料/板材	米	1.2镀锌铁皮	宽度/材质缺失
REVIEW-MAT-00685	防火棉	特性: 阻燃；类型: 防火棉	建筑材料/保温防火材料	平方	阻燃防火棉	厚度/防火等级缺失
REVIEW-MAT-00686	玛氏漏斗粘度计	材质: 不锈钢；类型: 玛氏漏斗粘度计	工具器具/检测仪器	个	不锈钢玛氏漏斗粘度计	量程/标准缺失
REVIEW-MAT-00687	透明胶带	宽度: 5mm；长度: 100米；颜色: 透明	包装材料/胶带	卷	5mm透明胶带100米	
REVIEW-MAT-00688	方头铁锹	规格: 大号；类型: 方头	工具器具/手动工具	套	大方铁锹	是否含柄需确认
REVIEW-MAT-00689	方头铁锹	规格: 小号；类型: 方头	工具器具/手动工具	套	小方铁锹	是否含柄需确认
REVIEW-MAT-00690	铁锹柄	适用: 铁锹	工具器具/工具配件	支	铁锹柄	状态：可合并；与第50行同物料
REVIEW-MAT-00691	电镐	规格: 15寸；特征: 专业长款	工具器具/电动工具	套	15寸专业长款电镐	功率/品牌缺失
REVIEW-MAT-00692	橡胶防爆水带	规格: 100；材质: 橡胶；特征: 防爆	消防器材/水带	米	100橡胶防爆水带	压力等级缺失
REVIEW-MAT-00693	高筒雨鞋	品牌: 回力；筒高: 高筒	劳保耗材/足部防护	双	回力雨鞋高筒	状态：可建档 | 可合并；尺码缺失 | 与第1266行同物料，尺码缺失
REVIEW-MAT-00694	不锈钢钢丝绳	材质: 不锈钢	吊装索具/钢丝绳	米	不锈钢钢丝绳	直径/结构缺失
REVIEW-MAT-00695	镀锌钢管	定制: 是；规格: 48；表面: 镀锌	定制件/钢管加工件	条	定做48镀锌钢管	状态：可建档-定制件；长度/壁厚/加工要求缺失
REVIEW-MAT-00696	卡环	规格: 10厘	吊装索具/连接件	个	10厘卡环	材质/载荷缺失
REVIEW-MAT-00697	铜球阀	品牌: 埃美柯；规格: 4分；材质: 铜	工程材料/阀门	个	埃美柯4分铜球阀	压力等级/连接形式缺失
REVIEW-MAT-00698	外接头	规格: 4分；类型: 外接头	工程材料/管件	个	4分外接头	材质/螺纹缺失
REVIEW-MAT-00699	不锈钢水龙头	材质: 不锈钢；类型: 水龙头	工程材料/水暖五金	个	不锈钢水龙头	规格/安装方式缺失
REVIEW-MAT-00700	冷热水阀	功能: 冷热水；类型: 水阀	工程材料/水暖五金	个	冷热水阀	规格/材质缺失
REVIEW-MAT-00701	撬杠	规格: 60	工具器具/手动工具	个	60撬杠	单位cm？材质缺失
REVIEW-MAT-00702	撬杠	规格: 120	工具器具/手动工具	个	120撬杠	单位cm？材质缺失
REVIEW-MAT-00703	电缆线	规格: 3*25	电气材料/电线电缆	米	3*25电缆线	品牌/型号缺失
REVIEW-MAT-00704	插座	电流: 16A	电气材料/插头插座	个	16A插座	孔位/安装方式缺失
REVIEW-MAT-00705	明装底盒	安装: 明装；类型: 底盒	电气材料/插头插座	个	明装底盒	状态：可合并；与第1138行同物料，规格缺失
REVIEW-MAT-00706	RJ45水晶头	类型: RJ45水晶头	电气材料/弱电材料	个	水晶头	类别/Cat等级缺失
REVIEW-MAT-00707	电缆线	品牌: 起帆；规格: 3*6+1	电气材料/电线电缆	米	起帆3*6+1电缆	型号/材质缺失
REVIEW-MAT-00708	网线钳	用途: 网线压接	工具器具/电工工具	把	网线钳	适配水晶头类型缺失
REVIEW-MAT-00709	PVC线管	规格: 25；材质: PVC	电气材料/电缆附件	米	25pvc线管	壁厚缺失
REVIEW-MAT-00710	测电笔	外观: 透明；类型: 电笔	工具器具/电工工具	个	透明电笔	电压范围缺失
REVIEW-MAT-00711	漏电断路器	品牌: 施耐德；极数: 3P；电流: 250A	电气材料/低压电器	个	施耐德3p250A漏保	状态：可建档 | 可合并；型号/漏电动作电流缺失 | 与第1305行同物料，型号缺失
REVIEW-MAT-00712	雨鞋	品牌: 回力；特征: 厚底	劳保耗材/足部防护	双	回力厚底雨鞋	尺码/筒高缺失
REVIEW-MAT-00713	热熔机	品牌: 公元；用途: PPR热熔	工具器具/管道工具	台	公元热熔机	功率/适用口径缺失
REVIEW-MAT-00714	PPR弯头	品牌: 公元；规格: 25；材质: PPR	工程材料/PPR管件	个	公元25PPR弯头	角度/压力等级缺失
REVIEW-MAT-00715	PPR管卡	品牌: 公元；规格: 25；类型: 卡扣/管卡	工程材料/PPR管件	个	公元ppr25卡扣	卡扣/管卡叫法需统一
REVIEW-MAT-00716	PPR直通	品牌: 公元；规格: 25；材质: PPR	工程材料/PPR管件	个	公元ppr25直通	压力等级缺失
REVIEW-MAT-00717	不锈钢球阀	品牌: 埃美柯；规格: 50；材质: 不锈钢；特征: 加厚	工程材料/阀门	个	埃美柯50加厚不锈钢球阀	压力等级/连接形式缺失
REVIEW-MAT-00718	美工刀	类型: 美工刀	工具器具/手动工具	把	美工刀	状态：可合并；与第403行同物料，单位需统一
REVIEW-MAT-00719	美工刀片	品牌: 得力；类型: 刀片	工具器具/手动工具配件	盒	得力刀片	状态：可建档 | 可合并；规格/每盒数量缺失 | 与第1320行同物料，规格缺失
REVIEW-MAT-00720	老虎钳	品牌: 世达；类型: 老虎钳	工具器具/手动工具	把	世达老虎钳	规格尺寸缺失
REVIEW-MAT-00721	割炬	规格: 100型	焊接耗材/焊割工具	把	100型割炬	气体类型/品牌缺失
REVIEW-MAT-00722	尖嘴钳	品牌: 世达；类型: 尖嘴钳	工具器具/手动工具	把	世达尖嘴钳	规格尺寸缺失
REVIEW-MAT-00723	活动扳手	品牌: 世达；类型: 活动扳手	工具器具/手动工具	把	世达活动扳手	规格尺寸缺失
REVIEW-MAT-00724	排气扇	型号: FAD40-400	电气材料/通风设备	台	FAD40-400排气扇	功率/电压缺失
REVIEW-MAT-00725	钢格板	定制: 是；尺寸: 1.3-1.5米	定制件/金属加工件	块	定做1.3-1.5米钢格板	状态：可建档-定制件；图纸/承载/材质缺失
REVIEW-MAT-00726	切割嘴	规格: 100型	焊接耗材/焊割配件	个	100型切割嘴	气体类型/孔径缺失
REVIEW-MAT-00727	导电嘴	适用: 二氧化碳焊；类型: 导电嘴	焊接耗材/焊机配件	个	二氧化碳导电嘴	孔径/适配焊枪缺失
REVIEW-MAT-00728	膨胀螺丝	规格: M20*140	五金备件/紧固件	个	M20*140膨胀螺丝	材质/表面处理缺失
REVIEW-MAT-00729	膨胀螺丝	规格: M22*140	五金备件/紧固件	个	M22*140膨胀螺丝	材质/表面处理缺失
REVIEW-MAT-00730	PPR管	规格: DN200；材质: PPR	工程材料/PPR管件	米	DN200PPR管	压力等级/品牌缺失
REVIEW-MAT-00731	PPR接头	规格: 200；材质: PPR	工程材料/PPR管件	个	200PPR接头	接头形式/压力等级缺失
REVIEW-MAT-00732	花篮螺丝	规格: 10厘	吊装索具/拉紧器	个	10厘花篮	材质/载荷缺失
REVIEW-MAT-00733	膨胀钩	规格: 10厘	五金备件/紧固件	个	10厘膨胀钩	材质/载荷缺失
REVIEW-MAT-00734	拖把	类型: 拖把	劳保耗材/清洁工具	个	拖把	状态：可合并；与第1107行同物料，单位需统一
REVIEW-MAT-00735	双门控制箱	定制: 是；结构: 双门	定制件/电控箱	套	定做双门控制箱	状态：可建档-定制件；尺寸/电气配置/IP等级缺失
REVIEW-MAT-00736	推进泵吸轮	定制: 是；适用设备: 推进泵；类型: 吸轮	定制件/设备备件	套	定做推进泵吸轮	状态：可建档-定制件；图纸/材质缺失
REVIEW-MAT-00737	扁钢	规格: 40*4	原材料/型钢	米	40*4扁铁	材质牌号缺失
REVIEW-MAT-00738	水平尺	长度: 60cm	工具器具/测量工具	把	60cm水平尺	
REVIEW-MAT-00739	水平尺	长度: 100cm	工具器具/测量工具	把	100cm水平尺	
REVIEW-MAT-00740	不锈钢合页	规格: 110；材质: 不锈钢	五金备件/门窗五金	副	110不锈钢合页	厚度/孔位缺失
REVIEW-MAT-00741	钻头	规格: 4.0	工具器具/工具配件	支	4.0钻头	材质/柄型缺失
REVIEW-MAT-00742	钻头	规格: 5.0	工具器具/工具配件	支	5.0钻头	材质/柄型缺失
REVIEW-MAT-00743	钻头	规格: 5.5	工具器具/工具配件	支	5.5钻头	材质/柄型缺失
REVIEW-MAT-00744	自喷漆	颜色: 白色；类型: 喷漆	化工耗材/涂料	瓶	白色喷漆	状态：可合并；与第54行同类，品牌/容量缺失
REVIEW-MAT-00745	钢管	规格: 32*4.5	原材料/钢管	米	32*4.5钢管	材质/标准缺失
REVIEW-MAT-00746	螺丝	规格: M20*130	五金备件/紧固件	套	M20*130螺丝	材质/强度等级缺失
REVIEW-MAT-00747	螺丝	规格: M20*35	五金备件/紧固件	套	M20*35螺丝	材质/强度等级缺失
REVIEW-MAT-00748	螺丝	规格: M20*40	五金备件/紧固件	套	M20*40螺丝	材质/强度等级缺失
REVIEW-MAT-00749	伸缩铝梯	长度: 12米；材质: 铝；特征: 加厚伸缩	工具器具/登高工具	台	12米加厚伸缩铝梯	承重等级缺失
REVIEW-MAT-00750	铁圈卡扣	加工: 是；规格: 168；类型: 铁圈卡扣	定制件/管路接头	个	加工168铁圈卡扣	状态：可建档-定制件；图纸/材质缺失
REVIEW-MAT-00751	带牙铁管加工件	加工: 是；规格: 80*150；工序: 带牙	定制件/钢管加工件	根	加工80*150铁管带牙	状态：可建档-定制件；牙型/图纸缺失
REVIEW-MAT-00752	膨胀螺丝	规格: 8*60	五金备件/紧固件	个	8*60膨胀螺丝	是否M8/材质缺失
REVIEW-MAT-00753	无缝管	规格: 325*12	原材料/钢管	米	325*12无缝管	材质/标准缺失
REVIEW-MAT-00754	焊接弯头	规格: 325；特征: 加厚；连接: 焊接	工程材料/管件	个	325加厚焊接弯头	角度/材质/壁厚缺失
REVIEW-MAT-00755	法兰盘	规格: 325；类型: 法兰盘	工程材料/管件	个	325法兰盘	压力等级/材质/孔距缺失
REVIEW-MAT-00756	法兰胶垫	规格: 325；材质: 胶	工程材料/密封垫	个	325胶垫	厚度/材质等级缺失
REVIEW-MAT-00757	螺丝	规格: 22*100	五金备件/紧固件	个	22*100螺丝	是否M22/材质缺失
REVIEW-MAT-00758	螺母	规格: 22	五金备件/紧固件	个	22螺母	是否M22/材质缺失
REVIEW-MAT-00759	不锈钢球阀	品牌: 埃美柯；规格: 80；材质: 不锈钢；特征: 厚	工程材料/阀门	个	埃美柯80不锈钢厚球阀	状态：可合并；与第1219行同类，压力等级缺失
REVIEW-MAT-00760	鸭嘴吊具	载荷: 20T；类型: 鸭嘴吊具	吊装索具/吊具	个	20T鸭嘴吊具	执行标准/开口尺寸缺失
REVIEW-MAT-00761	油布	类型: 油布	建筑材料/防护覆盖	平方	油布	状态：可合并；与第1230行同类，厚度/材质缺失
REVIEW-MAT-00762	鞋垫	类型: 鞋垫	劳保耗材/足部防护	双	鞋垫	状态：可建档-低精度；尺码/材质缺失
REVIEW-MAT-00763	无缝管加工件	加工: 是；规格: 325*12；长度: 12米	定制件/钢管加工件	根	加工325*12无缝管加工12米	状态：可建档-定制件；材质/图纸/端部处理缺失
REVIEW-MAT-00764	卡簧	规格: 40；类型: 卡簧	五金备件/紧固件	个	40卡簧	内/外卡簧类型缺失
REVIEW-MAT-00765	螺丝	规格: 16*160	五金备件/紧固件	个	16*160螺丝	是否M16/材质缺失
REVIEW-MAT-00766	不锈钢骑马卡	规格: 40；材质: 不锈钢	五金备件/管道紧固	个	40不锈钢骑马卡	适配管径/厚度缺失
REVIEW-MAT-00767	膨胀螺丝	规格: 6厘	五金备件/紧固件	个	6厘膨胀螺丝	长度/材质缺失
REVIEW-MAT-00768	卡槽弯头	定制: 是；规格: 168；特征: 加长、带卡槽	定制件/管路接头	个	定做加长168弯头带卡槽	状态：可建档-定制件；图纸/角度/材质缺失
REVIEW-MAT-00769	卡槽弯头	定制: 是；规格: 219；特征: 加长、带卡槽	定制件/管路接头	个	定做加长219弯头带卡槽	状态：可建档-定制件；图纸/角度/材质缺失
REVIEW-MAT-00770	扁平吊装带	执行标准: 国标；颜色: 彩色；额定载荷: 3T；长度: 3米	吊装索具/吊带	付	国标彩色3T*3米吊带	材质/安全系数/宽度缺失
REVIEW-MAT-00771	扁平吊装带	执行标准: 国标；颜色: 彩色；额定载荷: 5T；长度: 6米	吊装索具/吊带	付	国标彩色5T*6米吊带	材质/安全系数/宽度缺失
REVIEW-MAT-00772	弓形卸扣	额定载荷: 6.5T；型式: 弓形	吊装索具/卸扣	个	6.5T弓形卸扣	销轴形式/标准缺失
REVIEW-MAT-00773	弓形卸扣	额定载荷: 4.75T；型式: 弓形	吊装索具/卸扣	个	4.75T弓形卸扣	销轴形式/标准缺失
REVIEW-MAT-00774	集装袋	载重: 1.5T	包装材料/集装袋	个	1.5T吨袋	尺寸/吊带形式/是否覆膜缺失
REVIEW-MAT-00775	无缝钢管	外径: 48mm；壁厚: 4.0mm	钢材/钢管	米	48*4.0无缝管	材质/执行标准缺失
REVIEW-MAT-00776	防锈润滑剂	品牌/型号: WD-40	化工耗材/润滑剂	瓶	WD40润滑剂	容量规格缺失
REVIEW-MAT-00777	弓形卸扣	额定载荷: 9.5T；型式: 弓形	吊装索具/卸扣	个	9.5T弓形卸扣	销轴形式/标准缺失
REVIEW-MAT-00778	敲击螺丝刀	长度: 400mm	工具/手动工具	个	400敲击螺丝刀	状态：可建档 | 可合并；一字/十字/刀杆规格缺失 | 与1422同类，一字/十字需确认
REVIEW-MAT-00779	接地线	品牌: 起帆；截面积: 16mm2；用途: 接地	电气材料/电线电缆	米	起帆16平方地线	导体材质/芯数/颜色缺失
REVIEW-MAT-00780	DT铜鼻子	型号: DT；适配线径: 150mm2；材质: 铜	电气材料/电缆附件	个	DT150平方铜鼻子	孔径/是否镀锡缺失
REVIEW-MAT-00781	DT铜鼻子	型号: DT；适配线径: 120mm2；材质: 铜	电气材料/电缆附件	个	DT120平方铜鼻子	孔径/是否镀锡缺失
REVIEW-MAT-00782	DT铜鼻子	型号: DT；适配线径: 95mm2；材质: 铜	电气材料/电缆附件	个	DT95平方铜鼻子	孔径/是否镀锡缺失
REVIEW-MAT-00783	DT铜鼻子	型号: DT；适配线径: 70mm2；材质: 铜	电气材料/电缆附件	个	DT70平方铜鼻子	孔径/是否镀锡缺失
REVIEW-MAT-00784	OT铜端子	型号: OT25-8；线径规格: 25mm2；孔径: 8mm；材质: 铜	电气材料/电缆附件	个	OT25-8铜端子	是否镀锡需确认
REVIEW-MAT-00785	OT铜端子	型号: OT6-6；线径规格: 6mm2；孔径: 6mm；材质: 铜	电气材料/电缆附件	个	OT6-6铜端子	是否镀锡需确认
REVIEW-MAT-00786	消防蝶阀	公称直径: DN150；特征: 加长	阀门/消防阀门	个	150消防加长蝶阀	连接方式/压力等级/阀体材质缺失
REVIEW-MAT-00787	国标法兰	规格: DN325；压力等级: 16kg；执行标准: 国标	管件/法兰	个	325*16KG国标法兰	材质/密封面形式缺失
REVIEW-MAT-00788	法兰垫片	规格: DN325；材质: 胶	管件/密封垫片	个	325胶垫	压力等级/材质细分缺失
REVIEW-MAT-00789	六角螺栓组件	规格: M22*100；成套: 是	紧固件/螺栓	套	22*100螺丝	强度等级/材质/是否含螺母垫片需确认
REVIEW-MAT-00790	双联重型管卡	适配管径: 40；用途: 注浆管；型式: 重型卡槽两联	管道紧固/管卡	个	40注浆管重型卡槽两联	材质/表面处理缺失
REVIEW-MAT-00791	卡槽导轨	适配管径: 40；用途: 注浆管	管道紧固/导轨	条	40注浆管卡槽导轨	长度/材质/孔距缺失
REVIEW-MAT-00792	多功能打印机	品牌: 惠普	行政后勤/办公设备	台	惠普多功能打印机	型号/功能配置缺失
REVIEW-MAT-00793	办公桌	品类: 办公桌	行政后勤/办公家具	个	办公桌	状态：可合并；尺寸/材质/款式缺失
REVIEW-MAT-00794	办公椅	品牌: 得力；类型: 多功能椅	行政后勤/办公家具	个	得力多功能椅子	型号/材质缺失
REVIEW-MAT-00795	胶枪	适用材料: 聚氨酯胶	工具/施胶工具	个	聚氨酯胶枪	容量/结构类型缺失
REVIEW-MAT-00796	定制钢板	定制: 是；尺寸: 400*1000*30mm；材质: 钢板	定制件/金属加工件	块	定做加工400*1000*30钢板	状态：可建档-定制件；材质牌号/图纸/加工要求缺失
REVIEW-MAT-00797	U型卸扣	额定载荷: 10T；型式: U型	吊装索具/卸扣	个	10吨U型卸扣	销轴形式/标准缺失
REVIEW-MAT-00798	二氧化碳减压表	适用气体: 二氧化碳	焊割耗材/气体表具	个	二氧化碳表	状态：可建档 | 可合并；压力范围/接口规格缺失 | 与1448同类，压力范围/接口缺失
REVIEW-MAT-00799	氧气减压表	适用气体: 氧气	焊割耗材/气体表具	个	氧气表	状态：可建档 | 可合并；压力范围/接口规格缺失 | 与1449同类，压力范围/接口缺失
REVIEW-MAT-00800	石笔	品类: 石笔	工具耗材/划线耗材	个	石笔	状态：可合并；包装规格需确认
REVIEW-MAT-00801	记号笔	品类: 记号笔	办公耗材/书写用品	个	记号笔	状态：可合并；颜色/粗细缺失 | 与1452同类，单位支/个需统一
REVIEW-MAT-00802	油漆笔	品类: 油漆笔	工具耗材/标记用品	个	油漆笔	状态：可合并；颜色/规格缺失
REVIEW-MAT-00803	透明钢丝软管	公称直径: 50；特征: 加厚、透明、钢丝增强	管材/软管	米	50加厚透明钢丝管	材质/压力等级缺失
REVIEW-MAT-00804	焊工手套	特征: 加长；用途: 焊工	劳保耗材/手套	双	加长焊工手套	材质/长度缺失
REVIEW-MAT-00805	全胶手套	类型: 全胶	劳保耗材/手套	双	全胶手套	材质/尺码缺失
REVIEW-MAT-00806	油布	特征: 加厚	劳保耗材/覆盖防护	平方	加厚油布 | 油布加厚	状态：可合并；材质/克重/颜色缺失 | 与1458同类，材质/克重/颜色缺失 | 与1458同类，材质/克重缺失 | 与油布同类，材质/克重缺失
REVIEW-MAT-00807	花纹钢板	厚度: 3.0mm；表面: 花纹	钢材/板材	平方	3.0花纹钢板	材质/宽长/理论重量单位需确认
REVIEW-MAT-00808	冲孔不锈钢板	尺寸: 250*250*3mm；材质: 不锈钢；加工: 冲孔	定制件/金属加工件	块	250*250*3不锈钢加工冲孔	状态：可建档-定制件；孔径/孔距/材质牌号/图纸缺失
REVIEW-MAT-00809	木方垫板	尺寸: 200*200*1500mm；加工: 是；用途: 垫板	定制件/木制加工件	根	加工200*200*1500木方垫板	状态：可建档-定制件；木材种类/防腐要求缺失
REVIEW-MAT-00810	麻袋	尺寸: 70*100	包装材料/袋类	个	70*100麻袋	材质/克重缺失
REVIEW-MAT-00811	棉布	形态: 大块	清洁耗材/擦拭材料	kg	大块棉布	状态：可合并；材质含量/包装规格缺失 | 与1464同类，材质含量/包装缺失 | 与1464同类，单位KG/kg统一 | 与1464同类，材质含量缺失
REVIEW-MAT-00812	吸油棉	尺寸: 40*50*5；用途: 吸油	清洁耗材/吸附材料	个	40*50*5吸油棉	单位是否片，材质/包装数量缺失
REVIEW-MAT-00813	一次性雨衣	类型: 一次性；特征: 加厚	劳保耗材/雨具	件	一次性加厚雨衣	尺码/材质缺失
REVIEW-MAT-00814	快硬水泥	类型: 快速/快硬	建筑材料/水泥砂石	包	快速水泥	强度等级/包装重量缺失
REVIEW-MAT-00815	雨衣套装	特征: 加厚；套装: 是	劳保耗材/雨具	套	加厚雨衣套装	尺码/材质缺失
REVIEW-MAT-00816	高压油管	公称直径: 50	液压/高压管路	米	50高压油管 | 50高压管	状态：可建档 | 可合并；压力等级/接头形式/层数缺失 | 与1469同类，压力等级/接头形式缺失 | 与50高压油管同类，压力等级/层数缺失 | 与1606同类，压力等级/层数缺失
REVIEW-MAT-00817	高压油管接头	公称直径: 50；类型: 接头	液压/高压管路	个	50高压接头	螺纹/连接形式/压力等级缺失
REVIEW-MAT-00818	高压外接头	公称直径: 50；连接类型: 外接	液压/高压管路	个	50高压外接	螺纹规格/压力等级缺失
REVIEW-MAT-00819	明矾	化学品: 明矾	化工原料/无机盐	kg	明矾	纯度/包装/用途缺失
REVIEW-MAT-00820	橡胶垫块	尺寸: 260*330*5mm；加工: 是	定制件/橡胶加工件	块	加工260*330*5橡胶垫块	状态：可建档-定制件；橡胶材质/硬度/图纸缺失
REVIEW-MAT-00821	气源分配器	定制: 是；材质: 不锈钢；接口: 2寸	定制件/气动管路件	套	定做不锈钢2寸气源分配器	状态：可建档-定制件；出口数量/接口规格/压力等级/图纸缺失
REVIEW-MAT-00822	镀锌三通	公称直径: 50；材质/表面: 镀锌	管件/镀锌管件	个	50镀锌三通	螺纹/焊接/沟槽连接需确认
REVIEW-MAT-00823	镀锌外丝接头	规格: 50*40；连接: 外丝；表面: 镀锌	管件/镀锌管件	个	50*40镀锌外丝	变径形式/螺纹标准缺失
REVIEW-MAT-00824	镀锌直通	公称直径: 50；表面: 镀锌	管件/镀锌管件	个	50镀锌直通	连接形式/螺纹标准缺失
REVIEW-MAT-00825	镀锌外接头	公称直径: 50；连接: 外接；表面: 镀锌	管件/镀锌管件	个	50镀锌外接	螺纹标准缺失
REVIEW-MAT-00826	堵头	定制: 是；规格: 300	定制件/管路接头	套	定做300堵头	状态：可建档-定制件；材质/连接方式/压力等级/图纸缺失
REVIEW-MAT-00827	无缝钢管	外径: 89mm；壁厚: 6mm	钢材/钢管	米	89*6无缝管	材质/执行标准缺失
REVIEW-MAT-00828	消防卡箍	规格: 89；用途: 消防	管道紧固/卡箍	个	89消防卡箍	沟槽标准/压力等级/材质缺失
REVIEW-MAT-00829	加厚卡槽	加工: 是；规格: 89；特征: 加厚卡槽	定制件/管路接头	个	加工89加厚卡槽	状态：可建档-定制件 | 可合并；材质/图纸/沟槽尺寸缺失 | 与1483同类，材质/图纸缺失
REVIEW-MAT-00830	无缝钢管	外径: 325mm；壁厚: 14mm	钢材/钢管	米	325*14无缝管	材质/执行标准缺失
REVIEW-MAT-00831	水泥	品类: 水泥	建筑材料/水泥砂石	包	水泥	状态：可合并；强度等级/包装重量缺失 | 与1485同类，强度等级/包装重量缺失
REVIEW-MAT-00832	膨胀螺丝	规格: 6厘	紧固件/膨胀件	个	6厘膨胀螺丝	状态：可建档 | 可合并；长度/材质缺失 | 与1487同类，长度/材质缺失
REVIEW-MAT-00833	扁钢	规格: 80*6mm	钢材/型材	米	80*6扁铁	材质/执行标准缺失
REVIEW-MAT-00834	焊接弯头	规格: 325；连接: 焊接	管件/弯头	个	325焊接弯头	角度/壁厚/材质缺失
REVIEW-MAT-00835	焊接弯头	规格: 325；角度: 45度；连接: 焊接	管件/弯头	个	325*45焊接弯头	壁厚/材质缺失
REVIEW-MAT-00836	焊接弯头	规格: 89；连接: 焊接	管件/弯头	个	89焊接弯头	角度/壁厚/材质缺失
REVIEW-MAT-00837	法兰	规格: 325	管件/法兰	个	325法兰	压力等级/材质/标准缺失
REVIEW-MAT-00838	槽钢	规格: 10#；执行标准: 国标	钢材/型材	米	10#国标槽钢	状态：可建档 | 可合并；材质缺失 | 与1495同类，材质缺失
REVIEW-MAT-00839	工字钢	规格: 20#	钢材/型材	米	20工字钢	材质/执行标准缺失
REVIEW-MAT-00840	明装插座	安装方式: 明装	电气材料/插头插座	个	明装插座	位数/电流/品牌缺失
REVIEW-MAT-00841	电箱门锁	规格/型号: 325；用途: 电箱门	电气材料/配电箱附件	个	325电箱门锁	锁芯型号/开孔尺寸缺失
REVIEW-MAT-00842	电焊手套	特征: 双层、加厚；用途: 电焊	劳保耗材/手套	双	双层电焊手套厚	材质/长度缺失
REVIEW-MAT-00843	伸缩梯	定制: 是；长度: 8米；厚度: 5.2mm	定制件/工具治具	台	定做8米*5.2mm厚伸缩梯	状态：可建档-定制件；材质/承重/节数/图纸缺失
REVIEW-MAT-00844	尼龙绳	材质: 尼龙	吊装索具/绳索	米	尼龙绳	直径/编织结构/承载缺失
REVIEW-MAT-00845	螺丝组件	规格: M8*25；成套: 是	紧固件/螺丝	套	8*25螺丝 | M8*25螺丝	状态：可建档 | 可合并；材质/强度等级/头型缺失 | 与1507同类，头型/材质缺失
REVIEW-MAT-00846	双联重型管卡	规格: 40*2；型式: 双联重型	管道紧固/管卡	套	双联重型管卡40*2	材质/表面处理缺失
REVIEW-MAT-00847	不锈钢卡槽	材质: 不锈钢	管道紧固/卡槽导轨	米	不锈钢卡槽	截面规格/厚度/孔距缺失
REVIEW-MAT-00848	润滑油	品牌: 摩力克；型号: D321R	化工耗材/润滑剂	支	D321R摩力克润滑油	容量/包装规格缺失
REVIEW-MAT-00849	镀锌异径接头	规格: 100*50；表面: 镀锌；类型: 大小头	管件/镀锌管件	个	100*50镀锌大小头	连接形式/螺纹标准缺失
REVIEW-MAT-00850	安全防护网	特征: 加厚	安全防护/防护网	平方	厚安全防护网	材质/网孔/颜色/克重缺失
REVIEW-MAT-00851	定制接头	加工: 是；规格: 50*150	定制件/管路接头	个	加工50*150接头	状态：可建档-定制件；材质/连接方式/图纸缺失
REVIEW-MAT-00852	液压快速接头	型号: GR6-25S；类型: 快速接头	液压/高压管路	套	GR6-25S液压快速接头	压力等级/螺纹接口缺失
REVIEW-MAT-00853	减速带	尺寸: 60cm*55；款式: 大二线	安全防护/交通设施	根	60cm*55减速带大二线	材质/厚度/颜色缺失
REVIEW-MAT-00854	高压接头	型号/规格: 36/25S	液压/高压管路	个	36/25s高压接头	螺纹/压力等级/连接形式缺失
REVIEW-MAT-00855	高压接头	型号/规格: 33/25S	液压/高压管路	个	33/25s高压接头	螺纹/压力等级/连接形式缺失
REVIEW-MAT-00856	高压接头	型号/规格: 36/28S	液压/高压管路	个	36/28s高压接头	螺纹/压力等级/连接形式缺失
REVIEW-MAT-00857	高压弯头	型号/规格: 36*2S；类型: 弯头	液压/高压管路	个	36*2s高压弯头	角度/螺纹/压力等级缺失
REVIEW-MAT-00858	法兰电动蝶阀	公称直径: DN50；连接: 法兰；驱动: 电动	阀门/电动阀门	个	50法兰电动蝶阀	电压/压力等级/材质缺失
REVIEW-MAT-00859	法兰电动蝶阀	公称直径: DN80；连接: 法兰；驱动: 电动	阀门/电动阀门	个	80法兰电动蝶阀	电压/压力等级/材质缺失
REVIEW-MAT-00860	波纹管	公称直径: 20	管材/波纹管	米	20波纹管	状态：可建档 | 可合并；材质/用途/耐压缺失 | 与1526同类，材质/用途缺失
REVIEW-MAT-00861	防锈润滑剂	品牌/型号: WD-40；功能: 除锈润滑	化工耗材/润滑剂	支	WD40除锈润滑剂	状态：可合并；与WD-40同类，容量缺失
REVIEW-MAT-00862	管钳	长度: 300mm	工具/手动工具	个	300管钳	品牌/材质缺失
REVIEW-MAT-00863	管钳	长度: 350mm	工具/手动工具	个	350管钳	品牌/材质缺失
REVIEW-MAT-00864	管钳	长度: 400mm	工具/手动工具	个	400管钳	品牌/材质缺失
REVIEW-MAT-00865	内六角扳手套装	品牌: 世达；类型: 六角扳手套装	工具/手动工具	套	世达六角扳手	规格范围/型号缺失
REVIEW-MAT-00866	气动电磁阀	类型: 电磁阀；用途: 气动	气动元件/阀	个	气动电磁阀	电压/口径/位通数/型号缺失
REVIEW-MAT-00867	气源处理双联件	型号系列: AFC；类型: 双联件	气动元件/气源处理	个	AFC双联件	口径/规格型号缺失
REVIEW-MAT-00868	电线	品牌: 起帆；截面积: 16mm2	电气材料/电线电缆	米	16㎡起帆电线 | 起帆16平方电线	状态：可建档 | 可合并；芯数/颜色/导体材质缺失 | 与1535同类，芯数/颜色缺失
REVIEW-MAT-00869	花纹钢板	厚度: 5mm；表面: 花纹	钢材/板材	平方	5mm花纹钢板	状态：可建档 | 可合并；材质/宽长缺失 | 与1538同类，材质/宽长缺失
REVIEW-MAT-00870	高强度螺丝	规格: M5*95；强度等级: 12.9	紧固件/螺丝	套	M5*95 12.9螺丝	头型/材质/是否含螺母垫片需确认
REVIEW-MAT-00871	开口/梅花扳手	规格: 42号	工具/手动工具	支	42号扳手	类型开口/梅花/两用需确认
REVIEW-MAT-00872	开口/梅花扳手	规格: 12号	工具/手动工具	支	12号扳手	类型开口/梅花/两用需确认
REVIEW-MAT-00873	开口/梅花扳手	规格: 19号	工具/手动工具	支	19号扳手	类型开口/梅花/两用需确认
REVIEW-MAT-00874	电动扳手套筒	规格: 12号；适用: 电动扳手	工具/套筒	支	12号电动扳手套筒	方榫规格/长度缺失
REVIEW-MAT-00875	电动扳手套筒	规格: 42号；适用: 电动扳手	工具/套筒	个	42号电动扳手套筒	方榫规格/长度缺失
REVIEW-MAT-00876	扁平吊装带	额定载荷: 5T；长度: 8米；颜色: 彩色	吊装索具/吊带	根	5T*8米彩色吊带	状态：可合并；与吊带同类，材质/安全系数缺失
REVIEW-MAT-00877	螺纹钢筋	直径: 22mm	钢材/钢筋	条	22钢筋	材质/长度/执行标准缺失
REVIEW-MAT-00878	卸扣	额定载荷: 2T	吊装索具/卸扣	个	2T卸扣	状态：可建档 | 可合并；型式/销轴形式缺失 | 与1549同类，型式缺失
REVIEW-MAT-00879	卸扣	额定载荷: 4T	吊装索具/卸扣	个	4T卸扣	状态：可建档 | 可合并；型式/销轴形式缺失 | 与1550同类，型式缺失
REVIEW-MAT-00880	卸扣	额定载荷: 6T	吊装索具/卸扣	个	6T卸扣	状态：可建档 | 可合并；型式/销轴形式缺失 | 与1551同类，型式缺失
REVIEW-MAT-00881	木方垫	加工: 是；规格: 100*100	定制件/木制加工件	米	加工100*100木方垫	状态：可建档-定制件；长度/木材种类/用途缺失
REVIEW-MAT-00882	润滑脂	俗称: 黄油	化工耗材/润滑脂	桶	黄油	型号/稠度/包装重量缺失
REVIEW-MAT-00883	防锈润滑剂	品牌/型号: WD-40；功能: 除锈	化工耗材/润滑剂	支	WD-40除锈剂	状态：可合并；与WD-40同类，容量缺失
REVIEW-MAT-00884	电缆线	芯数: 3；截面积: 1.5mm2	电气材料/电线电缆	米	3*1.5电缆线	护套类型/导体材质/电压等级缺失
REVIEW-MAT-00885	活动扳手	长度: 450mm	工具/手动工具	支	450活动扳手	品牌/材质缺失
REVIEW-MAT-00886	高压外丝接头	螺纹: M36*2A；类型: 外丝	液压/高压管路	个	M36*2A高压外丝	压力等级/适配管径缺失
REVIEW-MAT-00887	吸油棉	用途: 吸油	清洁耗材/吸附材料	张	吸油棉	状态：可合并；与1465同类，尺寸/克重缺失
REVIEW-MAT-00888	螺丝取出器	类型: 螺丝取出器	工具/拆卸工具	套	螺丝取出器	规格范围/件数缺失
REVIEW-MAT-00889	螺杆	规格: M20*70	紧固件/螺杆	套	20*70螺杆	材质/强度等级/是否含配件需确认
REVIEW-MAT-00890	螺杆	规格: M20*50	紧固件/螺杆	套	20*50螺杆	材质/强度等级/是否含配件需确认
REVIEW-MAT-00891	螺母	规格: M20	紧固件/螺母	个	20螺母 | M20螺母	状态：可建档 | 可合并；材质/强度等级缺失 | 与1567同类，材质/强度等级缺失
REVIEW-MAT-00892	螺杆	规格: M16*60	紧固件/螺杆	个	16*60螺杆	材质/强度等级缺失
REVIEW-MAT-00893	螺母	规格: M16	紧固件/螺母	个	16螺母	状态：可合并；与1406同类，材质/强度等级缺失
REVIEW-MAT-00894	焊接异径接头	规格: 273*168；类型: 大小头；连接: 焊接	管件/焊接管件	个	273*168焊接大小头	材质/壁厚/标准缺失
REVIEW-MAT-00895	法兰	规格: DN273	管件/法兰	个	273法兰盘	压力等级/材质/标准缺失
REVIEW-MAT-00896	焊接弯头	规格: 168；连接: 焊接	管件/弯头	个	168焊接弯头	角度/壁厚/材质缺失
REVIEW-MAT-00897	传动皮带	型号: BLI1753	备品备件/传动件	条	Bli1753皮带	型号大小写/皮带类型需确认
REVIEW-MAT-00898	焊接接头	加工: 是；规格: 168；连接: 焊接	定制件/管路接头	个	加工168焊接接头	状态：可建档-定制件；材质/图纸/壁厚缺失
REVIEW-MAT-00899	不锈钢控制箱	定制: 是；材质: 不锈钢	定制件/电气箱柜	套	定做不锈钢控制箱	状态：可建档-定制件；尺寸/厚度/IP等级/图纸缺失
REVIEW-MAT-00900	镀锌活接	公称直径: 50；表面: 镀锌；类型: 活接	管件/镀锌管件	个	50镀锌活接	螺纹标准/材质缺失
REVIEW-MAT-00901	螺丝组件	规格: M6*25；成套: 是	紧固件/螺丝	套	M6*25螺丝	头型/强度等级/材质缺失
REVIEW-MAT-00902	胶手套	类型: 胶手套	劳保耗材/手套	双	胶手套	状态：可合并；材质/尺码缺失 | 与1585同类，尺码缺失
REVIEW-MAT-00903	砂纸	粒度: 细	工具耗材/磨料磨具	张	细砂纸	具体目数/尺寸缺失
REVIEW-MAT-00904	焊接卡扣	加工: 是；规格: 168；连接: 焊接	定制件/管路接头	个	加工168焊接卡扣	状态：可建档-定制件；材质/图纸/用途缺失
REVIEW-MAT-00905	膨胀螺丝	规格: M14*100	紧固件/膨胀件	套	14*100膨胀螺丝	材质/类型缺失
REVIEW-MAT-00906	异径接头	规格: 80*50；类型: 大小头	管件/管接头	个	80*50大小头	材质/连接方式缺失
REVIEW-MAT-00907	膨胀螺丝	规格: M10*80	紧固件/膨胀件	套	10*80膨胀螺丝	材质/类型缺失
REVIEW-MAT-00908	定制电箱罩	尺寸: 2.3*1.3*0.7；定制: 是；特征: 加厚	定制件/电气箱柜	套	2.3*1.3*0.7定做加厚电箱罩	状态：可建档-定制件；单位米? 材质/厚度/IP等级/图纸缺失
REVIEW-MAT-00909	定制电箱罩	尺寸: 1.8*1.6*0.6；定制: 是；特征: 加厚	定制件/电气箱柜	套	1.8*1.6*0.6定做加厚电箱罩	状态：可建档-定制件；单位米? 材质/厚度/IP等级/图纸缺失
REVIEW-MAT-00910	不锈钢增压泵	功率: 3kW；材质: 不锈钢；类型: 增压泵	设备备件/泵	台	3千瓦不锈钢增压泵	流量/扬程/电压/接口缺失
REVIEW-MAT-00911	氧气管接头	规格: 8厘；适用气体: 氧气	焊割耗材/气管接头	个	8厘氧气管接头	材质/连接形式缺失
REVIEW-MAT-00912	高压堵头	规格: 1/2英寸；类型: 堵头	液压/高压管路	个	1/2高压堵头	螺纹标准/压力等级缺失
REVIEW-MAT-00913	高压堵头	规格: 3/4英寸；类型: 堵头	液压/高压管路	个	3/4高压堵头	螺纹标准/压力等级缺失
REVIEW-MAT-00914	高压堵头	规格: 1英寸；类型: 堵头	液压/高压管路	个	1高压堵头	螺纹标准/压力等级缺失
REVIEW-MAT-00915	高压堵头	规格: 1.5寸；类型: 堵头	液压/高压管路	个	1.5寸高压堵头	螺纹标准/压力等级缺失
REVIEW-MAT-00916	高压堵头	规格: 2寸；类型: 堵头	液压/高压管路	个	2寸高压堵头	螺纹标准/压力等级缺失
REVIEW-MAT-00917	不锈钢球阀	品牌: 埃美柯；公称直径: DN50；材质: 不锈钢	阀门/球阀	个	50埃美柯不锈钢球阀	连接方式/压力等级缺失
REVIEW-MAT-00918	电动油脂泵	驱动: 电动；功能: 自动供脂	设备备件/润滑设备	套	自动电动油脂泵	电压/容量/压力/型号缺失
REVIEW-MAT-00919	拖把	品类: 拖把	行政后勤/清洁用品	个	拖把	状态：可合并；材质/规格缺失 | 与1611同类，材质/规格缺失
REVIEW-MAT-00920	抹布	品类: 抹布	行政后勤/清洁用品	条	抹布	状态：可合并；材质/尺寸缺失
REVIEW-MAT-00921	油污清洗剂	功能: 去油污	清洁耗材/清洗剂	瓶	油污净	容量/品牌/浓度缺失
REVIEW-MAT-00922	漏电断路器	品牌: 施耐德；极数: 2P；额定电流: 40A	电气材料/低压电器	个	2P40A施耐德漏电保护	状态：可建档 | 可合并；漏保型号/漏电动作电流缺失 | 与1614同类，型号缺失
REVIEW-MAT-00923	时控开关	类型: 时控开关	电气材料/低压电器	个	时控开关	电压/型号/通道数缺失
REVIEW-MAT-00924	铁丝	材质: 铁	五金耗材/金属丝	kg	铁丝	状态：可建档 | 可合并；线径/表面处理缺失 | 与1617同类，线径缺失
REVIEW-MAT-00925	弹簧减压阀	公称直径: DN25；结构: 弹簧式	阀门/减压阀	个	DN25弹簧减压阀	压力范围/材质/连接方式缺失
REVIEW-MAT-00926	透明软管	公称直径: 25；特征: 透明	管材/软管	米	25透明管	材质/压力等级缺失
REVIEW-MAT-00927	外丝接头	定制: 是；规格: 1寸；连接: 外丝	定制件/管路接头	个	定做1寸外丝	状态：可建档-定制件；材质/螺纹标准/图纸缺失
REVIEW-MAT-00928	钢焊接件	定制: 是；尺寸: 80*200；材质: 钢；工艺: 焊接	定制件/金属加工件	个	定做80*200钢焊接	状态：可建档-定制件；图纸/厚度/用途缺失
REVIEW-MAT-00929	电磁阀	型号: 4M210L-8	气动元件/阀	个	4M210L-8电磁阀	电压/位通数可由型号解析但需确认
REVIEW-MAT-00930	高压油管	公称直径: 80	液压/高压管路	米	80高压管 | 80高压油管	状态：可建档 | 可合并；压力等级/层数/接头形式缺失 | 与80高压管同类，压力等级/层数缺失 | 与1687同类，压力等级/层数缺失
REVIEW-MAT-00931	加厚铜接头	规格: 80；材质: 铜；特征: 加厚	液压/高压管路	个	80加厚铜头	状态：可合并；与1591同类，连接形式缺失
REVIEW-MAT-00932	铜头铝套组件	规格: 80；组成: 铜头、铝扣；特征: 加厚	液压/高压管路	个	80加厚铜头铝扣	状态：可合并；与1592同类，连接形式缺失
REVIEW-MAT-00933	法兰	规格: DN89；压力等级: 16kg	管件/法兰	个	89*16KG法兰盘	材质/标准/密封面缺失
REVIEW-MAT-00934	不锈钢球阀	品牌: 埃美柯；公称直径: DN80；材质: 不锈钢	阀门/球阀	个	80埃美柯不锈钢球阀	连接方式/压力等级缺失
REVIEW-MAT-00935	不锈钢单向阀	品牌: 埃美柯；公称直径: DN80；材质: 不锈钢	阀门/单向阀	个	80埃美柯不锈钢单向阀	连接方式/压力等级缺失
REVIEW-MAT-00936	Y型法兰过滤器	公称直径: DN80；结构: Y型；连接: 法兰	阀门/过滤器	个	80Y型法兰过滤器	材质/压力等级/滤网目数缺失
REVIEW-MAT-00937	气源分配器	定制: 是；材质: 不锈钢；路数: 6路	定制件/气动管路件	个	定做6路不锈钢气源分配器	状态：可建档-定制件；接口规格/压力等级/图纸缺失
REVIEW-MAT-00938	水泵防护罩	定制: 是；材质: 不锈钢；尺寸: 60*90	定制件/金属加工件	个	定做不锈钢水泵防护罩60*90	状态：可建档-定制件；高度/厚度/图纸缺失
REVIEW-MAT-00939	双卡管道连接器	规格: 325；型式: 双卡	管道紧固/管道连接器	个	双卡325管道连接器	材质/压力等级/密封件缺失
REVIEW-MAT-00940	喷火枪	功能: 多功能	工具/焊割工具	个	多功能喷火枪	燃气类型/型号缺失
REVIEW-MAT-00941	热风机	功率: 2000W	工具/电动工具	个	2000W热风机	品牌/温度范围/型号缺失
REVIEW-MAT-00942	固定扳手	品牌: 世达；规格: 24号	工具/手动工具	个	24世达固定扳手	开口/梅花/两用需确认
REVIEW-MAT-00943	室外照明灯	功率: 200W；用途: 室外	电气材料/照明	个	200W室外照明灯	防护等级/色温/电压缺失
REVIEW-MAT-00944	内六角螺丝	规格: M8*45；头型: 内六角	紧固件/螺丝	个	M8*45内六角螺丝	材质/强度等级缺失
REVIEW-MAT-00945	双开门电箱	定制: 是；结构: 双开门；适配功率: 11kW	定制件/电气箱柜	个	定做双开门11千瓦电箱	状态：可建档-定制件；尺寸/IP等级/图纸/元件配置缺失
REVIEW-MAT-00946	二保焊绝缘套	用途: 二保焊；类型: 绝缘套	焊割耗材/焊机配件	个	二保焊绝缘套	适配焊枪型号缺失
REVIEW-MAT-00947	膨胀螺丝	规格: M14*100	紧固件/膨胀件	个	14*100膨胀螺丝	状态：可合并；与1588同类，单位套/个需统一
REVIEW-MAT-00948	LED灯泡	功率: 40W；类型: LED	电气材料/照明	个	LED40W灯泡	灯头规格/色温/电压缺失
REVIEW-MAT-00949	吊灯头	类型: 吊灯头	电气材料/照明附件	个	吊灯头	状态：可建档 | 可合并；灯头规格/材质缺失 | 与1649同类，灯头规格缺失
REVIEW-MAT-00950	加厚铜接头	规格: 50；材质: 铜；特征: 加厚	液压/高压管路	个	50加厚铜头	状态：可合并；与1607同类，连接形式缺失
REVIEW-MAT-00951	卷尺	品牌: 得力；长度: 5米	工具/测量工具	个	5米得力卷尺	型号/宽度缺失
REVIEW-MAT-00952	卷尺	品牌: 得力；长度: 10米	工具/测量工具	个	10米得力卷尺	型号/宽度缺失
REVIEW-MAT-00953	尼龙扎带	规格: 10*500；包装: 大包	电气材料/扎带	包	10*500大包扎带	颜色/每包数量缺失
REVIEW-MAT-00954	气动阀	型号: APL-210V	气动元件/阀	个	APL-210V气动阀	阀门类型/电压或限位开关属性需确认
REVIEW-MAT-00955	双外丝无缝管	加工: 是；材质/形态: 无缝管；连接: 两头外丝	定制件/钢管加工件	个	加工两头外丝无缝管	状态：可建档-定制件；管径/长度/螺纹标准缺失
REVIEW-MAT-00956	消防卡箍	规格: 50；用途: 消防	管道紧固/卡箍	个	50消防卡箍	沟槽标准/压力等级缺失
REVIEW-MAT-00957	消防卡箍	规格: 65；用途: 消防	管道紧固/卡箍	个	65消防卡箍	沟槽标准/压力等级缺失
REVIEW-MAT-00958	消防卡箍	规格: 80；用途: 消防	管道紧固/卡箍	个	80消防卡箍	沟槽标准/压力等级缺失
REVIEW-MAT-00959	内六角螺丝	规格: M8*40；头型: 内六角	紧固件/螺丝	套	8*40内六角螺丝 | M8*40内六角螺丝	材质/强度等级缺失 | 材质/强度等级/套包含内容缺失
REVIEW-MAT-00960	定制橡胶垫	定制: 是；尺寸: 300*350*5mm；材质: 胶	定制件/橡胶加工件	个	定做300*350*5胶垫	状态：可建档-定制件；橡胶材质/硬度/图纸缺失
REVIEW-MAT-00961	电动扳手套筒	品牌: 世达；规格: 23号；适用: 电动扳手	工具/套筒	个	23号世达电动扳手套筒	方榫规格/长度缺失
REVIEW-MAT-00962	电动扳手套筒	品牌: 世达；规格: 24号；适用: 电动扳手	工具/套筒	个	24号世达电动扳手套筒	方榫规格/长度缺失
REVIEW-MAT-00963	扳手	品牌: 世达；规格: 13号	工具/手动工具	个	13号世达扳手	类型开口/梅花/两用需确认
REVIEW-MAT-00964	自喷漆	颜色: 白色；类型: 喷漆	化工耗材/涂料	个	白色喷漆	容量/品牌缺失
REVIEW-MAT-00965	压力开关	接口: 4分；类型: 压力开关	仪表/压力控制	个	4分压力开关	压力范围/电压/触点形式缺失
REVIEW-MAT-00966	扎丝	品类: 扎丝	建筑材料/绑扎材料	卷	扎丝	线径/每卷重量缺失
REVIEW-MAT-00967	电动抽油泵	驱动: 电动；用途: 抽油	设备备件/泵	个	电动抽油泵	流量/扬程/电压/型号缺失
REVIEW-MAT-00968	钢丝软管	公称直径: 25；结构: 钢丝增强	管材/软管	米	25钢丝管	材质/压力等级缺失
REVIEW-MAT-00969	卸扣	宽度: 6cm；额定载荷: 12T；执行标准: 国标	吊装索具/卸扣	个	宽度6cm12吨国标卸扣	型式/销轴形式缺失
REVIEW-MAT-00970	液压堵头	型号/规格: 42L；类型: 堵头	液压/高压管路	个	42L液压堵头	螺纹/压力等级缺失
REVIEW-MAT-00971	膨胀螺丝	规格: M14*150	紧固件/膨胀件	个	14*150膨胀螺丝	材质/类型缺失
REVIEW-MAT-00972	螺杆	规格: M10*50	紧固件/螺杆	个	螺杆10*50	材质/强度等级缺失
REVIEW-MAT-00973	垫片	规格: M10	紧固件/垫圈	个	M10垫片	平垫/弹垫/材质需确认
REVIEW-MAT-00974	螺母	规格: M10	紧固件/螺母	个	M10螺母	材质/强度等级缺失
REVIEW-MAT-00975	不锈钢螺丝	规格: M5.5*32；材质: 不锈钢	紧固件/螺丝	个	M5.5*32不锈钢螺丝	M5.5规格需确认，头型缺失
REVIEW-MAT-00976	螺丝组件	规格: M20*35；成套: 是	紧固件/螺丝	套	M20*35螺丝	头型/强度等级/材质缺失
REVIEW-MAT-00977	螺丝组件	规格: M20*40；成套: 是	紧固件/螺丝	套	M20*40螺丝	头型/强度等级/材质缺失
REVIEW-MAT-00978	高压树脂管	规格: 8厘；材质: 树脂；类型: 高压管	液压/高压管路	米	8厘高压树脂管	压力等级/层数缺失
REVIEW-MAT-00979	不锈钢刀阀	公称直径: DN150；材质: 不锈钢	阀门/刀阀	个	150不锈钢刀阀	连接方式/压力等级缺失
REVIEW-MAT-00980	防滑橡胶垫	功能: 防滑；材质: 胶/橡胶	劳保耗材/地面防护	平方	防滑胶垫	厚度/花纹/材质缺失
REVIEW-MAT-00981	高压枪头	特征: 加长；类型: 高压枪头	工具备件/喷枪配件	个	加长高压枪头	接口/长度/适配设备缺失
REVIEW-MAT-00982	安全网	品类: 安全网	安全防护/防护网	张	安全网	状态：可合并；与1515同类，尺寸/材质缺失
REVIEW-MAT-00983	气管直通接头	规格: 8厘；类型: 直通	气动元件/气管接头	个	8厘气管直通	材质/螺纹或快插形式缺失
REVIEW-MAT-00984	气管直通接头	规格: 10厘；类型: 直通	气动元件/气管接头	个	10厘气管直通	材质/螺纹或快插形式缺失
REVIEW-MAT-00985	气管直通接头	规格: 16厘；类型: 直通	气动元件/气管接头	个	16厘气管直通	材质/螺纹或快插形式缺失
REVIEW-MAT-00986	气管弯头接头	规格: 8厘；类型: 弯头	气动元件/气管接头	个	8厘气管弯头	材质/螺纹或快插形式缺失
REVIEW-MAT-00987	气管弯头接头	规格: 10厘；类型: 弯头	气动元件/气管接头	个	10厘气管弯头	材质/螺纹或快插形式缺失
REVIEW-MAT-00988	气管弯头接头	规格: 16厘；类型: 弯头	气动元件/气管接头	个	16厘气管弯头	材质/螺纹或快插形式缺失
REVIEW-MAT-00989	气管三通接头	规格: 8厘；类型: 三通	气动元件/气管接头	个	8厘气管三通	材质/快插形式缺失
REVIEW-MAT-00990	气管三通接头	规格: 10厘；类型: 三通	气动元件/气管接头	个	10厘气管三通	材质/快插形式缺失
REVIEW-MAT-00991	气管三通接头	规格: 16厘；类型: 三通	气动元件/气管接头	个	16厘气管三通	材质/快插形式缺失
REVIEW-MAT-00992	油雾器专用油	用途: 油雾器	化工耗材/润滑剂	瓶	油雾专用油	粘度/容量/品牌缺失
REVIEW-MAT-00993	塑料焊枪	适用材料: 塑料	工具/焊接工具	套	塑料焊枪	功率/温度范围/配置缺失
REVIEW-MAT-00994	不锈钢数字牌	材质: 不锈钢；类型: 数字牌	标识耗材/标牌	个	不锈钢数字牌	尺寸/数字范围/安装方式缺失
REVIEW-MAT-00995	502瞬干胶	型号/俗称: 502	化工耗材/胶粘剂	个	502胶水	容量/品牌缺失
REVIEW-MAT-00996	滤芯	型号: 06/08-25	备品备件/过滤件	个	06/08-25滤芯	适配设备/过滤精度缺失
REVIEW-MAT-00997	油封	品牌: SKF；型号: 37327；进口: 是	备品备件/密封件	个	进口SKF-37327油封	尺寸/材质缺失
REVIEW-MAT-00998	铜头铝合金夹	规格: 80；组成: 铜头、铝合金夹	液压/高压管路	个	80铜头铝合金夹	状态：可合并；与1654同类，连接形式需确认
REVIEW-MAT-00999	齿轮油	包装: 20L；类型: 齿轮油	化工耗材/润滑油	个	20L齿轮油	粘度等级/品牌缺失，单位建议桶
REVIEW-MAT-01000	镀锌弯头	规格: 80；表面: 镀锌；类型: 弯头	管件/镀锌管件	个	80镀锌弯头	角度/连接形式/螺纹标准缺失
REVIEW-MAT-01001	内丝直通	规格: 80；连接: 内丝；类型: 直通	管件/管接头	个	80内丝直通	材质/螺纹标准缺失
REVIEW-MAT-01002	单头外丝无缝管	加工: 是；形态: 无缝管；连接: 单头外丝	定制件/钢管加工件	个	加工单头外丝无缝管	状态：可建档-定制件；管径/长度/螺纹标准/材质缺失
REVIEW-MAT-01003	内六角螺丝	规格: M6*40；头型: 内六角	紧固件/螺丝	套	6*40内六角螺丝	材质/强度等级缺失
REVIEW-MAT-01004	长销	加工: 是；规格: 20*340	定制件/金属加工件	件	加工长销20*340	状态：可建档-定制件；材质/热处理/图纸缺失
REVIEW-MAT-01005	螺丝组件	规格: M4*15；成套: 是	紧固件/螺丝	套	M4*15螺丝	头型/材质/强度等级缺失
REVIEW-MAT-01006	螺丝组件	规格: M5*15；成套: 是	紧固件/螺丝	套	M5*15螺丝	头型/材质/强度等级缺失
REVIEW-MAT-01007	螺丝组件	规格: M6*15；成套: 是	紧固件/螺丝	套	M6*15螺丝	头型/材质/强度等级缺失
REVIEW-MAT-01008	螺丝组件	规格: M8*15；成套: 是	紧固件/螺丝	套	M8*15螺丝	头型/材质/强度等级缺失
REVIEW-MAT-01009	螺丝组件	规格: M10*15；成套: 是	紧固件/螺丝	套	M10*15螺丝	头型/材质/强度等级缺失
REVIEW-MAT-01010	自喷漆	颜色: 红色；类型: 自喷漆	化工耗材/涂料	支	红色自喷漆	容量/品牌缺失
REVIEW-MAT-01011	反光警示带	宽度: 10cm；颜色: 黄黑；功能: 反光	安全防护/警示用品	卷	10cm反光警示带黄黑	长度/材质缺失
REVIEW-MAT-01012	传动皮带	型号: XPL2800	备品备件/传动件	个	XPL2800皮带	单位建议条，皮带类型需确认
REVIEW-MAT-01013	传动皮带	型号: XPL2650	备品备件/传动件	个	XPL2650皮带	单位建议条，皮带类型需确认
REVIEW-MAT-01014	不锈钢双卡抱箍	规格: 325；材质: 不锈钢；型式: 双卡	管道紧固/抱箍	个	325双卡抱箍 不锈钢	厚度/密封件/压力等级缺失
REVIEW-MAT-01015	合成纤维垫块	尺寸: 86*65；材质: 合成纤维	密封材料/非金属垫块	个	86*65合成纤维垫块	厚度/耐温等级缺失
REVIEW-MAT-01016	螺杆	规格: M48*120	紧固件/螺杆	支	48*120螺杆	材质/强度等级缺失
REVIEW-MAT-01017	螺母	规格: M48	紧固件/螺母	支	48螺母	单位建议个，材质/强度等级缺失
REVIEW-MAT-01018	胶粘剂	品牌: 东泰；型号: S1-5910；进口: 是	化工耗材/胶粘剂	支	进口东泰s1-5910胶	胶种/容量缺失
REVIEW-MAT-01019	PPR直通	材质: PPR；规格: 63；类型: 直通	PPR管件/直通	个	63PPR直通	压力等级缺失
REVIEW-MAT-01020	PPR管	材质: PPR；规格: 63	PPR管材/管	米	63PPR管	压力等级/壁厚缺失
REVIEW-MAT-01021	PPR弯头	材质: PPR；规格: 63；类型: 弯头	PPR管件/弯头	个	63PPR弯头	角度/压力等级缺失
REVIEW-MAT-01022	PPR截止阀	材质: PPR；规格: 63；类型: 截止阀	PPR管件/阀门	个	63PPR截止阀	压力等级/连接方式缺失
REVIEW-MAT-01023	PPR外接直通	材质: PPR；规格: 63；连接: 外接；类型: 直通	PPR管件/直通	个	63PPR外接直通	螺纹/压力等级缺失
REVIEW-MAT-01024	手扳葫芦	额定载荷: 2T；链长: 6米	吊装索具/葫芦	台	2T*6米手扳葫芦	品牌/标准缺失
REVIEW-MAT-01025	重型梅花敲击扳手	规格: 36；类型: 梅花敲击；特征: 重型	工具/手动工具	支	36重型梅花敲击扳手	材质/品牌缺失
REVIEW-MAT-01026	重型梅花敲击扳手	规格: 46；类型: 梅花敲击；特征: 重型	工具/手动工具	支	46重型梅花敲击扳手	材质/品牌缺失
REVIEW-MAT-01027	重型梅花敲击扳手	规格: 55；类型: 梅花敲击；特征: 重型	工具/手动工具	支	55重型梅花敲击扳手	材质/品牌缺失
REVIEW-MAT-01028	帆布手套	材质: 帆布；结构: 双层	劳保耗材/手套	双	帆布双层手套 | 双层帆布手套	状态：可建档 | 可合并；尺码缺失 | 与1754同类，尺码缺失
REVIEW-MAT-01029	万向套筒	规格: 1寸；结构: 万向转向	工具/套筒	个	1寸万向转向套筒	方榫/适配规格缺失
REVIEW-MAT-01030	膨胀螺丝	规格: M24*150	紧固件/膨胀件	个	24*150膨胀螺丝	材质/类型缺失
REVIEW-MAT-01031	雨鞋	品牌: 回力；类型: 雨鞋	劳保耗材/足部防护	双	回力雨鞋	尺码/材质缺失
REVIEW-MAT-01032	平光防护眼镜	颜色: 白色；镜片: 平光	劳保耗材/眼面防护	个	白色平光眼镜	是否防冲击/标准缺失
REVIEW-MAT-01033	尼龙绳	规格/直径: 18；材质: 尼龙	吊装索具/绳索	米	18尼龙绳 | 18尼龙绳子	状态：可建档 | 可合并；直径单位/承载缺失 | 与1760同类，直径单位/承载缺失 | 与1760同类，承载缺失
REVIEW-MAT-01034	玻璃胶	颜色: 白色；类型: 玻璃胶	化工耗材/胶粘剂	支	白色玻璃胶	容量/品牌/酸性中性缺失
REVIEW-MAT-01035	电子清洗剂	用途: 电子元件清洗	清洁耗材/清洗剂	支	电子清洗剂	容量/品牌/是否带电清洗缺失
REVIEW-MAT-01036	油布	特征: 加厚	劳保耗材/覆盖防护	m2	加厚油布	状态：可合并；与1458同类，单位平方/㎡需统一
REVIEW-MAT-01037	黄油嘴	螺纹: M10*1.5	润滑配件/黄油嘴	个	10*1.5黄油嘴	直/弯型式缺失
REVIEW-MAT-01038	黄油嘴	螺纹: M12*1.5	润滑配件/黄油嘴	个	12*1.5黄油嘴	直/弯型式缺失
REVIEW-MAT-01039	黄油嘴	螺纹: M14*1.5	润滑配件/黄油嘴	个	14*1.5黄油嘴	直/弯型式缺失
REVIEW-MAT-01040	黄油嘴	螺纹: M16*1.5	润滑配件/黄油嘴	个	16*1.5黄油嘴	直/弯型式缺失
REVIEW-MAT-01041	黄油嘴	螺纹: M18*1.5	润滑配件/黄油嘴	个	18*1.5黄油嘴	直/弯型式缺失
REVIEW-MAT-01042	黄油嘴	螺纹: M20*1.5	润滑配件/黄油嘴	个	20*1.5黄油嘴	直/弯型式缺失
REVIEW-MAT-01043	角钢	规格: 3*3*0.4；执行标准: 国标	钢材/型材	米	3*3*0.4国标角铁	规格单位需统一，材质缺失
REVIEW-MAT-01044	液压内外牙弯头	螺纹/型号: M52*28H；连接: 内外牙；类型: 弯头	液压/高压管路	个	液压M52*28H内外牙弯头	压力等级/角度缺失
REVIEW-MAT-01045	高压钢丝管	公称直径: 50；结构: 钢丝增强	液压/高压管路	米	50高压钢丝管	压力等级/层数缺失
REVIEW-MAT-01046	铜头铝套组件	规格: 50；组成: 铜头、铝扣	液压/高压管路	个	50铜头铝扣	状态：可合并；与1782/1652近似，名称需统一
REVIEW-MAT-01047	铁锤	规格: 大号；材质: 铁	工具/手动工具	个	大铁锤	重量/柄材质缺失
REVIEW-MAT-01048	橡胶水带	规格: 50；材质: 橡胶；特征: 加厚	管材/水带	米	50加厚橡胶水带	压力等级/接口形式缺失
REVIEW-MAT-01049	收纳箱	尺寸: 85*65；规格: 大	行政后勤/收纳用品	个	85*65大收纳箱	高度/材质缺失
REVIEW-MAT-01050	塑料方凳	材质: 塑料；类型: 方凳	行政后勤/生活用品	个	塑料方凳	状态：可合并；尺寸/颜色缺失
REVIEW-MAT-01051	铝合金梯子	长度: 4米；型式: B型；材质: 铝合金	工具/登高工具	个	4米B型铝合金梯子	承重/节数缺失
REVIEW-MAT-01052	帆布手套	材质: 帆布；结构: 双层；特征: 加厚	劳保耗材/手套	双	加厚双层帆布手套	状态：可合并；与1754同类，尺码缺失
REVIEW-MAT-01053	洗洁精	包装: 4kg	清洁耗材/清洗剂	桶	洗洁精4KG	品牌/浓度缺失
REVIEW-MAT-01054	太阳能爆闪灯	供电: 太阳能；类型: 爆闪灯	安全防护/警示灯	个	太阳能爆闪灯	功率/颜色/安装方式缺失
REVIEW-MAT-01055	扁平吊装带	额定载荷: 2T；长度: 2米	吊装索具/吊带	条	2T*2米吊带	材质/安全系数缺失
REVIEW-MAT-01056	断丝取出器	类型: 断丝取出器	工具/拆卸工具	合	断丝取出器	单位疑似盒，规格范围缺失
REVIEW-MAT-01057	垃圾桶	规格: 大	行政后勤/清洁用品	个	大垃圾桶	状态：可合并；容量/材质缺失
REVIEW-MAT-01058	垃圾袋	类型: 垃圾袋	行政后勤/清洁用品	个	垃圾袋子	状态：可合并；规格/每包数量缺失
REVIEW-MAT-01059	扁平吊装带	额定载荷: 5T；长度: 6米；颜色: 彩色	吊装索具/吊带	付	彩色吊带5*6米	状态：可合并；与1413同类，材质/安全系数缺失
REVIEW-MAT-01060	槽钢	规格: 10#	钢材/型材	米	10号槽钢	状态：可合并；与1495同类，材质/执行标准缺失
REVIEW-MAT-01061	液压扳手套装	品牌: 恩耐克；类型: 液压扳手套装	工具/液压工具	套	恩耐克液压扳手套装	型号/扭矩范围/配置缺失
REVIEW-MAT-01062	油管快速接头	规格: 52；类型: 快速接头	液压/高压管路	套	52油管快速接头	压力等级/接口形式缺失
REVIEW-MAT-01063	油管快速接头	规格: 45；类型: 快速接头	液压/高压管路	套	45油管快速接头	压力等级/接口形式缺失
REVIEW-MAT-01064	油管快速接头	规格: 36；类型: 快速接头	液压/高压管路	套	36油管快速接头	压力等级/接口形式缺失
REVIEW-MAT-01065	油管快速接头	规格: 30；类型: 快速接头	液压/高压管路	套	30油管快速接头	压力等级/接口形式缺失
REVIEW-MAT-01066	卸扣	额定载荷: 3.25T	吊装索具/卸扣	个	3.25T卸扣	型式/销轴形式/标准缺失
REVIEW-MAT-01067	U型卸扣	额定载荷: 9.5T；型式: U型	吊装索具/卸扣	个	9.5TU型卸扣	销轴形式/标准缺失
REVIEW-MAT-01068	钢板起重钳	额定载荷: 2T	吊装索具/钢板夹	个	2T钢板夹	横吊/竖吊类型、开口范围缺失
REVIEW-MAT-01069	钢板起重钳	额定载荷: 3.2T	吊装索具/钢板夹	个	3.2T钢板夹	横吊/竖吊类型、开口范围缺失
REVIEW-MAT-01070	定制集装袋	定制: 是；尺寸: 4*4米；载重: 4T；结构: 双层	定制件/包装袋	个	定做4*4米*4吨双层吨袋	状态：可建档-定制件；高度/吊带形式/材质克重缺失
REVIEW-MAT-01071	螺丝	规格: M48*120	紧固件/螺丝	个	M48*120螺丝	头型/强度等级/材质缺失
REVIEW-MAT-01072	镀锌角钢	规格: 4*4；表面: 镀锌	钢材/型材	根	4*4镀锌角钢	厚度/长度/材质缺失
REVIEW-MAT-01073	定制钢板	加工: 是；尺寸: 400*400*40mm；材质: 钢板	定制件/金属加工件	块	加工钢板400*400*40	状态：可建档-定制件；材质牌号/图纸/孔位缺失
REVIEW-MAT-01074	电箱围栏	定制: 是；用途: 二级电箱	定制件/安全围栏	套	定做二级电箱围栏	状态：可建档-定制件；尺寸/材质/颜色/图纸缺失
REVIEW-MAT-01075	加长弯头	定制: 是；规格: 168；特征: 加长	定制件/管路接头	个	定做加长168弯头	状态：可合并；与1409同类但无卡槽，角度/材质缺失
REVIEW-MAT-01076	加长弯头	定制: 是；规格: 219；特征: 加长	定制件/管路接头	个	定做加长219弯头	状态：可合并；与1410同类但无卡槽，角度/材质缺失
REVIEW-MAT-01077	加长弯头	定制: 是；规格: 60.5；特征: 加长	定制件/管路接头	个	定做60.5加长弯头	状态：可建档-定制件；角度/材质/图纸缺失
REVIEW-MAT-01078	PE管卡箍组件	定制: 是；长度: 1.5m；材质: PE；带卡箍: 是	定制件/管路组件	套	定做1.5mPE管带卡箍	状态：可建档-定制件；管径/卡箍材质/图纸缺失
REVIEW-MAT-01079	一次性雨衣	类型: 一次性；特征: 加厚	劳保耗材/雨具	套	一次性加厚雨衣	状态：可合并；与1466同类，件/套单位需统一
REVIEW-MAT-01080	不锈钢管箍	规格: 38；材质: 不锈钢	管道紧固/管箍	个	38不锈钢管箍	厚度/适配管径缺失
REVIEW-MAT-01081	高压弯头	规格: 52；类型: 弯头	液压/高压管路	个	52高压弯头	角度/螺纹/压力等级缺失
REVIEW-MAT-01082	电视支架	类型: 电视支架	行政后勤/办公设备配件	套	电视支架	适配尺寸/承重/安装方式缺失
REVIEW-MAT-01083	自锁气管接头公头	类型: 自锁；部件: 公头	气动元件/气管接头	个	自锁气管接头公头	口径/螺纹规格缺失
REVIEW-MAT-01084	自锁气管接头螺母	类型: 自锁；部件: 螺母	气动元件/气管接头	个	自锁气管接头螺母	口径/螺纹规格缺失
REVIEW-MAT-01085	拉杆销子	定制: 是；部件: 拉杆销子	定制件/金属加工件	套	定做拉杆销子	状态：可建档-定制件；尺寸/材质/图纸缺失
REVIEW-MAT-01086	四氟垫片	规格: 55；材质: 四氟/PTFE	密封材料/四氟制品	个	55四氟垫片	厚度/内外径缺失
REVIEW-MAT-01087	防坠器	承重: 300kg；长度: 30米；锁具: 双锁	安全防护/高处防护	个	300KG30米防坠器双锁	认证标准/品牌缺失
REVIEW-MAT-01088	扁平吊装带	额定载荷: 5T；长度: 6米；颜色: 彩色	吊装索具/吊带	根	彩色吊带5*6米	状态：可合并；与1801同类，单位需统一
REVIEW-MAT-01089	草皮	厚度/规格: 3.0；特征: 加厚	行政后勤/绿化用品	平方	3.0加厚草皮	人造/天然、背胶 여부缺失
REVIEW-MAT-01090	高压油压表	介质: 油；类型: 高压表	仪表/压力仪表	个	高压油表	状态：可建档 | 可合并；量程/接口/精度缺失 | 与1845同类，量程/接口缺失
REVIEW-MAT-01091	自动自吸泵	功率: 1.5kW；功能: 自动；类型: 自吸泵	设备备件/泵	套	1.5千瓦自动自吸泵	流量/扬程/电压/材质缺失
REVIEW-MAT-01092	钢丝软管	规格: 38；结构: 钢丝增强	管材/软管	米	38钢丝管	材质/压力等级缺失
REVIEW-MAT-01093	背胶草皮	厚度/规格: 3.0；背胶: 是	行政后勤/绿化用品	平方	3.0背胶草皮	人造/天然、宽度缺失
REVIEW-MAT-01094	镀锌方钢	规格: 6*6*5；表面: 镀锌	钢材/型材	米	6*6*5镀锌方钢	规格单位/材质缺失
REVIEW-MAT-01095	铝合金梯子	定制: 是；长度: 4米；规格: 3.5；材质: 铝合金；特征: 加厚	定制件/工具治具	个	定做4米*3.5加厚铝合金梯子	状态：可建档-定制件；承重/节数/图纸缺失
REVIEW-MAT-01096	电子秤	精度: 高精度	工具/测量工具	台	高精度电子称	量程/精度值/品牌缺失
REVIEW-MAT-01097	刻度勺	类型: 刻度勺	工具耗材/计量工具	个	刻度勺	容量范围/材质缺失
REVIEW-MAT-01098	大开口活动扳手	品牌: 世达；长度: 200mm；特征: 大开口	工具/手动工具	个	200世达大开口活动扳手	最大开口尺寸缺失
REVIEW-MAT-01099	万用表	型号: UT39C	工具/电工仪表	个	UT39C万能表	品牌/校准要求缺失
REVIEW-MAT-01100	钳形表	量程: 2000A	工具/电工仪表	个	2000A钳形表	型号/交直流类型缺失
REVIEW-MAT-01101	内六角螺丝	规格: M14*120；头型: 内六角	紧固件/螺丝	个	14*120内六角螺丝	材质/强度等级缺失
REVIEW-MAT-01102	桶装水电动抽水器	用途: 桶装水；驱动: 电动	行政后勤/生活用品	个	桶装水电动抽水	电源方式/型号缺失
REVIEW-MAT-01103	手锤	重量: 6磅	工具/手动工具	支	6磅手锤	柄材质缺失
REVIEW-MAT-01104	手锤	重量: 8磅	工具/手动工具	支	8磅手锤	柄材质缺失
REVIEW-MAT-01105	钉锤	规格: 大号	工具/手动工具	支	大钉锤	重量/柄材质缺失
REVIEW-MAT-01106	撬棍	长度: 1.3m；规格: 30	工具/手动工具	支	1.3m-30撬棍	30含义/材质缺失
REVIEW-MAT-01107	撬棍	长度: 60cm	工具/手动工具	支	60cm撬棍	直径/材质缺失
REVIEW-MAT-01108	电动扳手套筒	规格: 36；适用: 电动扳手	工具/套筒	个	36套筒电动	方榫规格/长度缺失
REVIEW-MAT-01109	螺丝组件	规格: M16*70；成套: 是	紧固件/螺丝	套	M16*70螺丝	头型/强度等级/材质缺失
REVIEW-MAT-01110	卸扣	额定载荷: 3T	吊装索具/卸扣	个	3T卸扣	型式/销轴形式缺失
REVIEW-MAT-01111	扁平吊装带	额定载荷: 2T；长度: 1.5m	吊装索具/吊带	个	2T*1.5m吊带	单位建议条/根，材质缺失
REVIEW-MAT-01112	扁平吊装带	额定载荷: 1T；长度: 1.5m	吊装索具/吊带	个	1T*1.5m吊带	单位建议条/根，材质缺失
REVIEW-MAT-01113	手扳葫芦	额定载荷: 1.6T；链长: 6米	吊装索具/葫芦	个	1.6T*6米手扳葫芦	单位建议台，品牌/标准缺失
REVIEW-MAT-01114	气管	外径: 10mm	气动元件/气管	米	10mm气管	材质/颜色/耐压缺失
REVIEW-MAT-01115	灭火器	规格: 2kg	消防材料/灭火器	个	灭火器2KG	灭火剂类型/有效期缺失
REVIEW-MAT-01116	灭火器箱	类型: 灭火器箱	消防材料/灭火器箱	个	灭火器箱子	容纳数量/材质缺失
REVIEW-MAT-01117	气管	外径: 16mm	气动元件/气管	米	16mm气管	材质/颜色/耐压缺失
REVIEW-MAT-01118	老虎钳	品牌: 世达	工具/手动工具	个	世达老虎钳	规格长度缺失
REVIEW-MAT-01119	十字螺丝刀	规格: 6*250；类型: 十字	工具/手动工具	个	6*250十字螺丝刀	材质/品牌缺失
REVIEW-MAT-01120	一字螺丝刀	规格: 6*250；类型: 一字	工具/手动工具	个	6*250一字螺丝刀	材质/品牌缺失
REVIEW-MAT-01121	电工胶布	品牌: 3M；类型: 电工胶布	电气材料/绝缘材料	卷	3m电胶布	宽度/长度/颜色缺失
REVIEW-MAT-01122	防水电工胶布	宽度: 25mm；功能: 防水	电气材料/绝缘材料	卷	25mm电工防水胶布	长度/品牌/颜色缺失
REVIEW-MAT-01123	游标卡尺	品牌: 得力；量程: 300mm；精度: 高精度	工具/测量工具	个	300mm得力高精度卡尺	数显/游标类型、精度值缺失
REVIEW-MAT-01124	工业插头	电流: 25A；电压: 380V	电气材料/插头插座	个	25A380V插头	极数/防护等级缺失
REVIEW-MAT-01125	铝合金梯子	定制: 是；长度: 4米；规格: 5.2；材质: 铝合金；特征: 加厚	定制件/工具治具	个	定做4米*5.2加厚铝合金梯子	状态：可建档-定制件；承重/节数/图纸缺失
REVIEW-MAT-01126	高压内接头	定制: 是；型号/规格: 52H42；类型: 内接高压	定制件/液压接头	个	定做52H42内接高压	状态：可建档-定制件；螺纹/压力等级/图纸缺失
REVIEW-MAT-01127	高压内接头	定制: 是；型号/规格: 36H28；类型: 内接高压	定制件/液压接头	个	定做36H28内接高压	状态：可建档-定制件；螺纹/压力等级/图纸缺失
REVIEW-MAT-01128	高压内接头	定制: 是；型号/规格: 30H20；类型: 内接高压	定制件/液压接头	个	定做30H20内接高压	状态：可建档-定制件；螺纹/压力等级/图纸缺失
REVIEW-MAT-01129	高压内接头	定制: 是；型号/规格: 26H20；类型: 内接高压	定制件/液压接头	个	定做26H20内接高压	状态：可建档-定制件；螺纹/压力等级/图纸缺失
REVIEW-MAT-01130	雨鞋	品牌: 回力；特征: 加厚	劳保耗材/足部防护	双	回力加厚雨鞋	状态：可合并；与1757同类，尺码缺失 | 与1899同类，尺码缺失
REVIEW-MAT-01131	垃圾袋	规格: 100*120	行政后勤/清洁用品	个	100*120垃圾袋	单位建议只/包，每包数量缺失
REVIEW-MAT-01132	硅胶枪	适用材料: 玻璃胶/硅胶	工具/施胶工具	个	玻璃硅胶枪	结构类型/规格缺失
REVIEW-MAT-01133	高压内外牙弯头	定制: 是；规格: 52；连接: 内外牙；类型: 弯头	定制件/液压接头	个	定做52高压内外牙弯头	状态：可建档-定制件；螺纹/角度/压力等级/图纸缺失
REVIEW-MAT-01134	创可贴	品类: 创可贴	劳保耗材/急救用品	个	创可贴	状态：可合并；包装规格需确认
REVIEW-MAT-01135	立式灭火标志	类型: 立式；用途: 灭火标志	消防材料/消防标识	套	立式灭火标志	尺寸/材质缺失
REVIEW-MAT-01136	鼓风机	功率: 2.2kW	设备备件/风机	个	2.2千瓦鼓风机	风量/风压/电压/型号缺失
REVIEW-MAT-01137	电焊机套装	配置: 含焊线	焊割设备/焊机	套	电焊机含线	型号/功率/电压/焊机类型缺失
REVIEW-MAT-01138	一次性雨衣	类型: 一次性；特征: 加厚	劳保耗材/雨具	个	一次性加厚雨衣	状态：可合并；与1466同类，单位件/套/个需统一
REVIEW-MAT-01139	高压清洗机	品牌: 黑马；电压: 380V；功率: 5.5kW	清洗设备/高压清洗机	套	黑马380V*5.5千瓦高压清洗机	压力/流量/型号缺失
REVIEW-MAT-01140	五点式安全带	型式: 五点式；缓冲: 是	安全防护/高处防护	个	五点式缓冲安全带	认证标准/挂钩类型缺失
REVIEW-MAT-01141	氧气瓶手推车	适用气体: 氧气；类型: 手推车	焊割设备/气瓶搬运	个	氧气手推车	适配瓶规格/承重缺失
REVIEW-MAT-01142	乙炔瓶手推车	适用气体: 乙炔；类型: 手推车	焊割设备/气瓶搬运	个	乙炔手推车	适配瓶规格/承重缺失
REVIEW-MAT-01143	角钢	规格: 40*5	钢材/型材	米	40*5角铁	材质/执行标准缺失
REVIEW-MAT-01144	无缝钢管	外径: 48mm；壁厚: 4mm	钢材/钢管	米	48*4厚无缝管	状态：可合并；与1418同类，材质/标准缺失
REVIEW-MAT-01145	竹扫把	规格: 大号；材质: 竹	行政后勤/清洁用品	个	大号竹扫把	状态：可合并；与扫把类合并，长度缺失
REVIEW-MAT-01146	铁锹柄	部件: 柄；适用: 铁锹	工具备件/手动工具配件	个	铁锹柄	材质/长度缺失
REVIEW-MAT-01147	生料带	特征: 加厚	管道耗材/密封材料	个	加厚生料带	状态：可建档 | 可合并；宽度/长度/密度缺失 | 与1925同类，宽度/长度缺失
REVIEW-MAT-01148	焊接异径接头	规格: 168*89；类型: 大小头；连接: 焊接	管件/焊接管件	个	168*89焊接大小头	材质/壁厚/标准缺失
REVIEW-MAT-01149	焊接异径接头	规格: 168*60；类型: 大小头；连接: 焊接	管件/焊接管件	个	168*60焊接大小头	材质/壁厚/标准缺失
REVIEW-MAT-01150	镀锌三通	公称直径: DN80；表面: 镀锌；类型: 三通	管件/镀锌管件	个	DN80镀锌三通	螺纹/沟槽/焊接连接需确认
REVIEW-MAT-01151	镀锌外丝接头	公称直径: DN80；连接: 外丝；表面: 镀锌	管件/镀锌管件	个	DN80镀锌外丝	螺纹标准缺失
REVIEW-MAT-01152	球阀	品牌: 埃美柯；公称直径: DN80	阀门/球阀	个	DN80埃美柯球阀	状态：可合并；与1629同类，材质/压力等级缺失
REVIEW-MAT-01153	球阀	品牌: 埃美柯；公称直径: DN50	阀门/球阀	个	DN50埃美柯球阀	状态：可合并；与1609近似，材质/压力等级缺失
REVIEW-MAT-01154	加厚铜接头	规格: DN80；材质: 铜；特征: 加厚	液压/高压管路	个	DN80厚铜头	状态：可合并；与80加厚铜头同类，连接形式缺失
REVIEW-MAT-01155	加厚铜接头	规格: DN50；材质: 铜；特征: 加厚	液压/高压管路	个	DN50厚铜头	状态：可合并；与50加厚铜头同类，连接形式缺失
REVIEW-MAT-01156	外丝接头	加工: 是；规格: 89；连接: 外丝	定制件/管路接头	个	加工89外丝接头	状态：可建档-定制件；材质/螺纹标准/图纸缺失
REVIEW-MAT-01157	外丝接头	加工: 是；规格: 60；连接: 外丝	定制件/管路接头	个	加工60外丝接头	状态：可建档-定制件；材质/螺纹标准/图纸缺失
REVIEW-MAT-01158	螺丝组件	规格: M10*40；成套: 是	紧固件/螺丝	套	M10*40螺丝	头型/强度等级/材质缺失
REVIEW-MAT-01159	螺丝组件	规格: M12*40；成套: 是	紧固件/螺丝	套	M12*40螺丝	头型/强度等级/材质缺失
REVIEW-MAT-01160	加长六角套筒	规格: 5；特征: 加长；类型: 六角	工具/套筒	个	5加长六角套筒	方榫规格/长度缺失
REVIEW-MAT-01161	加长六角套筒	规格: 6；特征: 加长；类型: 六角	工具/套筒	个	6加长六角套筒	方榫规格/长度缺失
REVIEW-MAT-01162	加长六角套筒	规格: 7；特征: 加长；类型: 六角	工具/套筒	个	7加长六角套筒	方榫规格/长度缺失
REVIEW-MAT-01163	加长六角套筒	规格: 8；特征: 加长；类型: 六角	工具/套筒	个	8加长六角套筒	方榫规格/长度缺失
REVIEW-MAT-01164	加长六角套筒	规格: 10；特征: 加长；类型: 六角	工具/套筒	个	10加长六角套筒	方榫规格/长度缺失
REVIEW-MAT-01165	加长六角套筒	规格: 12；特征: 加长；类型: 六角	工具/套筒	个	12加长六角套筒	方榫规格/长度缺失
REVIEW-MAT-01166	加长六角套筒	规格: 14；特征: 加长；类型: 六角	工具/套筒	个	14加长六角套筒	方榫规格/长度缺失
REVIEW-MAT-01167	混凝土试模	尺寸: 150*150*150	工具/检测模具	个	150*150*150混凝土模具	材质/标准缺失
REVIEW-MAT-01168	卡箍接头	加工: 是；规格: 168；类型: 卡箍接头	定制件/管路接头	个	加工168卡箍接头	状态：可建档-定制件；材质/图纸/沟槽尺寸缺失
REVIEW-MAT-01169	卡箍接头	加工: 是；规格: 89；类型: 卡箍接头	定制件/管路接头	个	加工89卡箍接头	状态：可建档-定制件；材质/图纸/沟槽尺寸缺失
REVIEW-MAT-01170	焊接弯头	规格: 89；壁厚: 10；连接: 焊接	管件/弯头	个	89*10焊接弯头	角度/材质缺失
REVIEW-MAT-01171	焊接弯头	规格: 168；壁厚: 10；连接: 焊接	管件/弯头	个	168*10焊接弯头	角度/材质缺失
REVIEW-MAT-01172	扁钢	规格: 50*5	钢材/型材	米	50*5扁铁	材质/执行标准缺失
REVIEW-MAT-01173	机械密封	型号: 6205	备品备件/密封件	个	6205机械密封	材质/适配设备缺失
REVIEW-MAT-01174	螺丝	规格: M24*230	紧固件/螺丝	个	24*230螺丝	状态：可建档 | 可合并；头型/强度等级/材质缺失 | 与1959同类，头型/材质缺失
REVIEW-MAT-01175	加厚垫片	规格: M24；特征: 加厚	紧固件/垫圈	个	24加厚垫片	状态：可建档 | 可合并；材质/厚度缺失 | 与1960同类，材质/厚度缺失
REVIEW-MAT-01176	防松螺母	规格: M24；类型: 防松	紧固件/螺母	个	24防松螺母 | 24防松 螺母	状态：可建档 | 可合并；材质/强度等级缺失 | 与1961同类，材质/强度等级缺失
REVIEW-MAT-01177	机油	品牌: 道达尔；牌号: 46#；包装: 20L	化工耗材/润滑油	桶	道达尔46#机油20升	系列型号/油品类型需确认
REVIEW-MAT-01178	橡胶锤	材质: 橡胶	工具/手动工具	个	橡皮锤	重量/柄材质缺失
REVIEW-MAT-01179	焊接卡箍	加工: 是；规格: 219；连接: 焊接	定制件/管路接头	个	加工219焊接卡箍	状态：可建档-定制件；材质/图纸/用途缺失
REVIEW-MAT-01180	高压油管	规格: 76*4	液压/高压管路	米	76*4高压油管	76是否管径、4是否层数/壁厚需确认
REVIEW-MAT-01181	美工刀	品牌: 得力；颜色: 黑色	工具/刀具	个	得力黑美工刀	刀片宽度缺失
REVIEW-MAT-01182	美工刀片	类型: 美工刀片	工具耗材/刀片	合	美工刀片	单位疑似盒，规格/片数缺失
REVIEW-MAT-01183	塑料箱	规格: 大；型号/规格: 75	行政后勤/收纳用品	个	大塑料箱75	尺寸/容量缺失
REVIEW-MAT-01184	法兰异径接头	加工: 是；规格: 34*60；连接: 法兰；类型: 大小头	定制件/管路接头	套	加工34*60法兰大小头	状态：可建档-定制件；材质/压力等级/图纸缺失
REVIEW-MAT-01185	钢丝刷	类型: 钢丝刷	工具/清理工具	个	钢丝刷	状态：可合并；尺寸/柄型缺失
REVIEW-MAT-01186	台钳	开口: 400；规格: 16寸；特征: 加重	工具/夹持工具	台	加重400开口16寸台钳	品牌/型号缺失
REVIEW-MAT-01187	螺丝	规格: M20*30	紧固件/螺丝	个	M20*30螺丝	头型/强度等级/材质缺失
REVIEW-MAT-01188	螺丝	规格: M20*35	紧固件/螺丝	个	M20*35螺丝	状态：可合并；与1685同类，单位套/个需统一
REVIEW-MAT-01189	螺丝	规格: M20*130	紧固件/螺丝	个	M20*130螺丝	头型/强度等级/材质缺失
REVIEW-MAT-01190	内六角扳手套装	品牌: 世达；规格范围: 1.5-10	工具/手动工具	套	1.5-10世达内六角扳手	件数/型号缺失
REVIEW-MAT-01191	开口梅花扳手套装	品牌: 世达；规格范围: 8-24	工具/手动工具	套	8-24世达开口梅花扳手	件数/型号缺失
REVIEW-MAT-01192	鸭嘴吊具	额定载荷: 20T；型式: 鸭嘴；功能: 万能	吊装索具/吊具	个	20T鸭嘴万能吊具	认证标准/开口范围缺失
REVIEW-MAT-01193	轴承	品牌: TIMKEN；型号: J90354；进口: 是	备品备件/轴承	个	进口TIMKEN-J90354轴承	轴承类型/尺寸缺失
REVIEW-MAT-01194	轴套	加工: 是；部件: 轴套	定制件/机械加工件	个	加工轴套	状态：可建档-定制件；图纸/材质/尺寸缺失
REVIEW-MAT-01195	管道增压泵	电压: 380V；功率: 3kW；类型: 管道增压泵	设备备件/泵	个	380V*3千瓦管道增压泵	流量/扬程/口径/型号缺失
REVIEW-MAT-01196	管道增压泵	电压: 380V；功率: 1.5kW；类型: 管道增压泵	设备备件/泵	个	380V*1.5千瓦管道增压泵	流量/扬程/口径/型号缺失
REVIEW-MAT-01197	变频自吸泵	功率: 1.5kW；控制: 全自动变频；类型: 自吸泵	设备备件/泵	个	全自动变频自吸泵1.5千瓦	电压/流量/扬程/型号缺失
REVIEW-MAT-01198	电镐碳刷	适用设备: 电镐；部件: 碳刷	工具备件/电动工具配件	付	电镐碳刷	尺寸/适配型号缺失
REVIEW-MAT-01199	记号笔	品类: 记号笔	办公耗材/书写用品	支	记号笔	状态：可合并；与1452同类，颜色/粗细缺失
REVIEW-MAT-01200	建筑模板	尺寸: 2.44*1.22*15	建筑材料/模板木方	张	2.44*1.22*15模板	材质/厚度单位缺失
REVIEW-MAT-01201	管片密封胶	用途: 管片密封	化工耗材/胶粘剂	桶	管片密封胶水	胶种/容量/品牌缺失
REVIEW-MAT-01202	泡沫双面胶	特征: 厚；类型: 泡沫双面胶	化工耗材/胶带	卷	厚泡沫双面胶	宽度/长度/厚度缺失
REVIEW-MAT-01203	减压阀	公称直径: DN50；执行标准: 国标	阀门/减压阀	个	DN50国标减压阀	压力范围/材质/连接方式缺失
REVIEW-MAT-01204	扫把	品类: 扫把	行政后勤/清洁用品	个	扫把	状态：可合并；材质/规格缺失
REVIEW-MAT-01205	扫斗	品类: 扫斗	行政后勤/清洁用品	个	扫斗	状态：可合并；材质/规格缺失
REVIEW-MAT-01206	不锈钢抹刀	材质: 不锈钢；类型: 抹刀	工具/泥瓦工具	个	不锈钢抹刀	尺寸/柄材质缺失
REVIEW-MAT-01207	氧气瓶手推车	适用气体: 氧气；特征: 加厚	焊割设备/气瓶搬运	个	加厚氧气车	状态：可合并；与1916同类，适配瓶规格缺失
REVIEW-MAT-01208	乙炔瓶手推车	适用气体: 乙炔；特征: 加厚	焊割设备/气瓶搬运	个	加厚乙炔车	状态：可合并；与1917同类，适配瓶规格缺失
REVIEW-MAT-01209	记号笔	颜色: 白色	办公耗材/书写用品	个	白色记号笔	状态：可建档 | 可合并；单位建议支，粗细缺失 | 与2005同类，单位应统一为支
REVIEW-MAT-01210	铜挂锁	材质: 铜	五金建材/锁具	把	铜锁	规格/钥匙数量缺失
REVIEW-MAT-01211	自动流量计	公称直径: DN150；材质/衬里: 橡胶；类型: 自动	仪表/流量仪表	台	DN150橡胶自动流量计	原理/量程/精度/输出信号缺失
REVIEW-MAT-01212	梅花双用扳手	规格: 14	工具/手动工具	个	14梅花双用扳手	品牌/长度缺失
REVIEW-MAT-01213	铝合金梯子	长度: 2.5米；材质: 铝合金；特征: 加厚	工具/登高工具	台	加厚2.5米铝合金梯子	承重/节数缺失
REVIEW-MAT-01214	镀锌螺丝组件	规格: M10*55；表面: 镀锌；成套: 是	紧固件/螺丝	套	M10*55镀锌螺丝	头型/强度等级缺失
REVIEW-MAT-01215	不锈钢角码	材质: 不锈钢；形状: L型	五金建材/连接件	个	L不锈钢角码	尺寸/厚度/孔位缺失
REVIEW-MAT-01216	定制窗户	定制: 是；品类: 窗户	定制件/门窗制品	个	定做窗户	状态：可建档-定制件；尺寸/材质/开启方式/图纸缺失
REVIEW-MAT-01217	垃圾袋	品类: 垃圾袋	行政后勤/清洁用品	个	垃圾袋	状态：可合并；与1800同类，规格/包装缺失 | 与2016同类，规格/包装缺失
REVIEW-MAT-01218	建筑模板	尺寸: 2.44*1.22*1.5；颜色: 黑色	建筑材料/模板木方	块	2.44*1.22*1.5黑模板	厚度单位是否cm需确认
REVIEW-MAT-01219	PPR管	品牌: 公元；公称直径: DN200；材质: PPR	PPR管材/管	米	DN200公元PPR管	压力等级/壁厚缺失
REVIEW-MAT-01220	混凝土试模	品类: 混凝土试模	工具/检测模具	个	混凝土试模	状态：可合并；与1950同类，尺寸/标准缺失
REVIEW-MAT-01221	救生衣	品类: 救生衣	安全防护/水域防护	件	救生衣	浮力等级/尺码/标准缺失
REVIEW-MAT-01222	机械密封	规格: 50	备品备件/密封件	套	50机械密封	材质/适配泵型号缺失
REVIEW-MAT-01223	美工刀	类型: 美工刀	工具/刀具	个	美工刀	状态：可合并；与1967同类，刀片宽度缺失
REVIEW-MAT-01224	防锈润滑剂	型号: DM40；功能: 防锈润滑	化工耗材/润滑剂	支	DM40防锈润滑剂	品牌/容量缺失
REVIEW-MAT-01225	铝合金梯子	定制: 是；长度: 4米；材质: 铝合金；特征: 加厚	定制件/工具治具	个	定做4米加厚铝合金梯子	状态：可合并；与1850/1893同类，承重/节数缺失
REVIEW-MAT-01226	焊接面罩	用途: 焊接	劳保耗材/眼面防护	个	焊接面罩	手持/头戴/滤光等级缺失
REVIEW-MAT-01227	离心机钢板	加工: 是；适用设备: 离心机；材质: 钢板	定制件/设备加工件	个	加工离心机钢板	状态：可建档-定制件；尺寸/材质牌号/图纸缺失
REVIEW-MAT-01228	螺丝	规格: M27*100	紧固件/螺丝	个	M27*100螺丝	头型/强度等级/材质缺失
REVIEW-MAT-01229	螺母	规格: M27	紧固件/螺母	个	m27螺母	材质/强度等级缺失
REVIEW-MAT-01230	建筑模板	尺寸: 2.44*1.22*1.5；特征: 厚	建筑材料/模板木方	张	2.44*1.22*1.5厚模板	状态：可合并；与2017同类，厚度单位需确认
REVIEW-MAT-01231	钢筋接驳器	适配钢筋直径: 22	建筑材料/钢筋连接件	个	22钢筋接驳器	螺纹形式/标准缺失
REVIEW-MAT-01232	气动扳手	规格: 1寸	工具/气动工具	个	1寸气动扳手	扭矩/品牌/型号缺失
REVIEW-MAT-01233	一体式触摸屏	型号: TPC1570；结构: 一体式	电气材料/工控配件	台	TPC1570一体式触摸屏	品牌/接口/系统配置缺失
REVIEW-MAT-01234	尼龙扎带	规格: 10*50cm；材质: 尼龙	电气材料/扎带	包	10*50cm尼龙扎带	颜色/每包数量缺失
REVIEW-MAT-01235	尼龙扎带	规格: 10*40cm；材质: 尼龙	电气材料/扎带	包	10*40cm尼龙扎带	颜色/每包数量缺失
REVIEW-MAT-01236	尼龙扎带	规格: 10*30cm；材质: 尼龙	电气材料/扎带	包	10*30cm尼龙扎带	颜色/每包数量缺失
REVIEW-MAT-01237	雨鞋	品牌: 回力	劳保耗材/足部防护	双	回力雨鞋	状态：可合并；与1757同类，尺码缺失
REVIEW-MAT-01238	编织袋	品类: 编织袋	包装材料/袋类	个	编织袋	尺寸/克重缺失
REVIEW-MAT-01239	铁锹柄	部件: 柄；适用: 铁锹	工具备件/手动工具配件	支	铁锹柄	状态：可合并；与1924同类，材质/长度缺失
REVIEW-MAT-01240	铁锹	品类: 铁锹	工具/手动工具	支	铁锹	规格/柄材质缺失
REVIEW-MAT-01241	焊接铁合页	规格: 6；材质: 铁；工艺: 焊接	五金建材/门窗五金	付	6焊接铁合页	尺寸单位/厚度缺失
REVIEW-MAT-01242	自喷漆	颜色: 白色；类型: 喷漆	化工耗材/涂料	支	白色喷漆	状态：可合并；与1671同类，容量/品牌缺失
REVIEW-MAT-01243	传动皮带	型号: 1041	备品备件/传动件	支	皮带1041	皮带类型/单位建议条
REVIEW-MAT-01244	S挂钩	规格: 大号；形状: S型；承重: 20kg	五金耗材/挂钩	支	大S挂钩20kg	材质/表面处理缺失
REVIEW-MAT-01245	接地跨接线	用途: 电柜接地跨接	电气材料/接地材料	支	电柜接地跨线	长度/截面积/端子规格缺失
REVIEW-MAT-01246	乙炔割嘴	适用气体: 乙炔；类型: 割嘴	焊割耗材/割炬配件	个	乙炔割嘴	规格号/适配割炬缺失
REVIEW-MAT-01247	焊机快速接头	用途: 焊机；类型: 快速接头	焊割耗材/焊机配件	个	焊机快连接头	规格/电流等级缺失
REVIEW-MAT-01248	重型平口钳	规格: 5寸；特征: 重型	工具/夹持工具	台	5寸重型平口钳	开口宽度/品牌缺失
REVIEW-MAT-01249	管钳	长度: 600mm；特征: 防锈型	工具/手动工具	支	防锈型管钳600	品牌/材质缺失
REVIEW-MAT-01250	LED灯泡	功率: 50W；类型: LED	电气材料/照明	个	50WLED灯泡 | 50wLED灯泡	状态：可建档 | 可合并；灯头规格/色温缺失 | 与2063同类，灯头/色温缺失
REVIEW-MAT-01251	气管自锁接头	类型: 自锁接头	气动元件/气管接头	套	气管自锁接头	口径/公母头/螺纹缺失
REVIEW-MAT-01252	镀锌方管	规格: 3*3*3；表面: 镀锌	钢材/型材	米	镀锌方管3*3*3	规格单位/材质缺失
REVIEW-MAT-01253	镀锌角钢	规格: 4*4*0.5；表面: 镀锌	钢材/型材	米	4*4*0.5镀锌角铁	状态：可合并；与1675/1820同类，规格单位缺失
REVIEW-MAT-01254	后备套夹子	加工: 是；部件: 后备套夹子	定制件/金属加工件	个	加工后备套夹子	状态：可合并；与1958同类，名称含义/图纸缺失
REVIEW-MAT-01255	螺杆泵电机套装	功率: 2.2kW；材质: 不锈钢；组成: 螺杆泵、电机	设备备件/泵	套	2.2千瓦不锈钢螺杆泵和电机	品牌/流量/扬程/电压缺失
REVIEW-MAT-01256	螺杆泵水封	品牌: 耐驰；原装: 是；适用设备: 螺杆泵	备品备件/密封件	个	原装耐驰螺杆泵水封	型号/尺寸/材质缺失
REVIEW-MAT-01257	焊接三通	规格: 168；壁厚: 10；类型: 三通；连接: 焊接	管件/焊接管件	个	168*10焊接三通	材质/标准缺失
REVIEW-MAT-01258	管片螺丝	加工: 是；用途: 管片	定制件/紧固件	根	加工管片螺丝	状态：可建档-定制件；规格/材质/图纸缺失
REVIEW-MAT-01259	氧气瓶手推车	适用气体: 氧气；轮型: 大充气轮	焊割设备/气瓶搬运	台	大充气轮氧气车	状态：可合并；与1916同类，承重/适配瓶缺失
REVIEW-MAT-01260	乙炔瓶手推车	适用气体: 乙炔；轮型: 大充气轮	焊割设备/气瓶搬运	台	大充气轮乙炔车	状态：可合并；与1917同类，承重/适配瓶缺失
REVIEW-MAT-01261	垫片	规格: M27	紧固件/垫圈	个	M27垫片	平垫/弹垫/材质需确认
REVIEW-MAT-01262	氧气瓶手推车	适用气体: 氧气；轮胎: 43cm	焊割设备/气瓶搬运	台	43cm轮胎氧气车	状态：可合并；与氧气车同类，承重缺失
REVIEW-MAT-01263	乙炔瓶手推车	适用气体: 乙炔；轮胎: 43cm	焊割设备/气瓶搬运	台	43cm轮胎乙炔车	状态：可合并；与乙炔车同类，承重缺失
REVIEW-MAT-01264	气动扳手	规格: 大号	工具/气动工具	台	大气动扳手	接口规格/扭矩/品牌缺失
REVIEW-MAT-01265	加长六角螺丝	加工: 是；规格: M27*100；头型: 六角；特征: 加长	定制件/紧固件	个	加工M27*100加长六角螺丝	状态：可建档-定制件；材质/强度等级/图纸缺失
REVIEW-MAT-01266	雨棚	尺寸: 3*4.5m；规格: 大	行政后勤/临时设施	套	3*4.5m大雨棚	材质/支架配置缺失
REVIEW-MAT-01267	膨胀螺丝	规格: M20*150	紧固件/膨胀件	个	M20*150膨胀螺丝	材质/类型缺失
REVIEW-MAT-01268	焊条	直径: 2.5mm；包装重量: 20kg	焊割耗材/焊材	件	2.5焊条20公斤	焊条牌号/材质缺失
REVIEW-MAT-01269	焊条	直径: 3.2mm；包装重量: 20kg	焊割耗材/焊材	件	3.2焊条20公斤	焊条牌号/材质缺失
REVIEW-MAT-01270	卡箍接头	加工: 是；规格: 168；类型: 卡箍接头	定制件/管路接头	件	加工168卡箍接头	状态：可合并；与1952同类，单位需统一
REVIEW-MAT-01271	消防水带	规格: 65；特征: 加厚	消防材料/消防水带	米	65加厚消防水带	压力等级/接口形式缺失
REVIEW-MAT-01272	常闭气动阀	公称直径: DN50；状态: 常闭；驱动: 气动	气动元件/阀	套	DN50常闭气动阀	电磁阀配置/压力等级缺失
REVIEW-MAT-01273	手拉葫芦	品牌/标识: 三角；额定载荷: 1T；链长: 6米	吊装索具/葫芦	台	三角手拉葫芦1T*6米	认证标准缺失
REVIEW-MAT-01274	手拉葫芦	品牌/标识: 三角；额定载荷: 2T；链长: 6米	吊装索具/葫芦	台	三角手拉葫芦2T*6米	认证标准缺失
REVIEW-MAT-01275	药芯焊丝	直径: 1.2mm；类型: 药芯焊丝	焊割耗材/焊材	件	1.2药芯焊丝	状态：可建档 | 可合并；牌号/包装重量缺失 | 与2092同类，牌号/包装重量缺失
REVIEW-MAT-01276	无缝钢管	外径: 60mm；壁厚: 4mm	钢材/钢管	根	60*4无缝管	长度/材质/标准缺失
REVIEW-MAT-01277	麻花钻头	规格: 9厘；类型: 麻花钻	工具耗材/钻头	支	9厘麻花钻头	材质/柄型缺失
REVIEW-MAT-01278	水管加工件	加工: 是；规格: 6分；用途: 水管	定制件/管路接头	根	加工6分水管	状态：可建档-定制件；材质/长度/螺纹缺失
REVIEW-MAT-01279	PPR球阀	品牌: 公元；公称直径: DN50；材质: PPR；类型: 球阀	PPR管件/阀门	个	公元DN50PPR球阀	压力等级缺失
REVIEW-MAT-01280	一体式触摸屏	型号: TPC1570；结构: 一体式	电气材料/工控配件	套	TPC1570一体式触摸屏	状态：可合并；与2043同类，台/套单位需统一
REVIEW-MAT-01281	加厚卡箍	加工: 是；规格: 89；特征: 加厚	定制件/管路接头	个	加工89加厚卡箍	状态：可合并；与1483/1753同类，材质/图纸缺失
REVIEW-MAT-01282	加厚卡箍	加工: 是；规格: 219；特征: 加厚	定制件/管路接头	个	加工219加厚卡箍	状态：可建档-定制件；材质/图纸/用途缺失
REVIEW-MAT-01283	法兰软连接	规格: 65*40；连接: 法兰	管件/软连接	个	65*40法兰软连接	材质/压力等级/长度缺失
REVIEW-MAT-01284	法兰软连接	规格: 65*50；连接: 法兰	管件/软连接	个	65*50法兰软连接	材质/压力等级/长度缺失
REVIEW-MAT-01285	PPR三通	品牌: 公元；规格: 63；材质: PPR；类型: 三通	PPR管件/三通	个	公元63 PPR三通	压力等级缺失
REVIEW-MAT-01286	PPR直通	品牌: 公元；规格: 63；材质: PPR；类型: 直通	PPR管件/直通	个	公元63 PPR直通	状态：可合并；与1741同类，压力等级缺失
REVIEW-MAT-01287	PPR弯头	品牌: 公元；规格: 63；材质: PPR；类型: 弯头	PPR管件/弯头	个	公元63 PPR弯头	状态：可合并；与1743同类，角度/压力等级缺失
REVIEW-MAT-01288	PPR管	品牌: 公元；规格: 63；材质: PPR	PPR管材/管	米	公元63 PPR管	状态：可合并；与1742同类，压力等级/壁厚缺失
REVIEW-MAT-01289	快速接头胶垫	规格: 63；适用: 快速接头	密封材料/胶垫	个	63快速接头胶垫	材质/厚度缺失
REVIEW-MAT-01290	PPR球阀	品牌: 公元；规格: 63；材质: PPR；类型: 球阀	PPR管件/阀门	个	公元63PPR球阀	压力等级缺失
REVIEW-MAT-01291	油布	品类: 油布	劳保耗材/覆盖防护	平方	油布	状态：可合并；与1458同类，材质/克重缺失
REVIEW-MAT-01292	胶垫	规格: 50	密封材料/胶垫	个	50胶垫	材质/厚度/用途缺失
REVIEW-MAT-01293	球阀	品牌: 埃美柯；公称直径: DN15	阀门/球阀	个	DN15埃美柯球阀	材质/压力等级/连接方式缺失
REVIEW-MAT-01294	布手套	材质: 布；结构: 双层；特征: 加厚	劳保耗材/手套	双	布加厚双层手套	状态：可合并；与帆布双层手套同类，材质需确认
REVIEW-MAT-01295	电焊钳	额定电流: 500A	焊割耗材/焊钳	把	500A电焊钳	品牌/结构缺失
REVIEW-MAT-01296	电焊钳	额定电流: 800A	焊割耗材/焊钳	把	800A电焊钳	品牌/结构缺失
REVIEW-MAT-01297	乙炔减压表	适用气体: 乙炔	焊割耗材/气体表具	个	乙炔表	压力范围/接口规格缺失
REVIEW-MAT-01298	氧气胶管	长度: 30米；颜色: 红色；执行标准: 国标；适用气体: 氧气	焊割耗材/气管	卷	30米国标红色氧气管	内径/压力等级缺失
REVIEW-MAT-01299	端子排	规格: 50mm	电气材料/接线端子	个	50mm端子排	位数/电流等级缺失
REVIEW-MAT-01300	电浮球阀	线长: 10m；类型: 电浮球阀	仪表/液位控制	个	10m长电浮球阀	电压/触点形式/材质缺失
REVIEW-MAT-01301	闭门器	品类: 闭门器	五金建材/门窗五金	个	闭门器	状态：可合并；与1765同类，型号/门重范围缺失
REVIEW-MAT-01302	二位开关	位数: 二位	电气材料/开关	个	二位开关	明装/暗装/电流/品牌缺失
REVIEW-MAT-01303	花篮螺栓	规格: 14*200	吊装索具/紧固调节	个	14*200花篮	材质/开体或闭体缺失
REVIEW-MAT-01304	钢丝绳	直径: 10厘	吊装索具/钢丝绳	米	10厘钢丝绳	结构/强度等级缺失
REVIEW-MAT-01305	钢丝绳卡扣	规格: 10厘	吊装索具/钢丝绳夹	个	10厘卡扣	材质/标准缺失
REVIEW-MAT-01306	花篮螺栓	规格: 10厘	吊装索具/紧固调节	套	10厘花篮	材质/长度缺失
REVIEW-MAT-01307	扁平吊装带	额定载荷: 5T；长度: 6m；执行标准: 国标；颜色: 彩色	吊装索具/吊带	根	5T*6m国标彩色吊带	状态：可合并；与1413/1801同类，材质/安全系数缺失
REVIEW-MAT-01308	水泵	功率: 7500W；扬程: 50米	设备备件/泵	台	7500w50米扬程水泵	流量/电压/口径/类型缺失
REVIEW-MAT-01309	耐磨水管	规格: 50；特征: 加厚、耐磨	管材/水管	米	50加厚耐磨水管	材质/压力等级缺失
REVIEW-MAT-01310	接线端子	适配线径: 50mm2	电气材料/接线端子	个	50平方接线端子	型号/孔径/材质缺失
REVIEW-MAT-01311	铝合金抱箍	规格: 50；材质: 铝合金	管道紧固/抱箍	个	50铝合金抱箍	宽度/适配管缺失
REVIEW-MAT-01312	铝合金抱箍	规格: 80；材质: 铝合金	管道紧固/抱箍	个	80铝合金抱箍	宽度/适配管缺失
REVIEW-MAT-01313	管钳	规格: 18寸	工具/手动工具	支	"18\""管钳"	品牌/材质缺失
REVIEW-MAT-01314	管钳	规格: 24寸	工具/手动工具	支	"24\""管钳"	品牌/材质缺失
REVIEW-MAT-01315	污水泵	功率: 5.5kW；类型: 污水泵	设备备件/泵	台	5.5千w污水泵	流量/扬程/电压/口径缺失
REVIEW-MAT-01316	管卡	规格: 100	管道紧固/管卡	个	100管卡	材质/表面处理缺失
REVIEW-MAT-01317	连接头	规格: 100	消防材料/消防接头	个	100连接头	材质/接口标准缺失
REVIEW-MAT-01318	消防水带/水管	规格: 65；用途: 消防	消防材料/消防水带	米	65消防水管	材质/压力等级/接口缺失
REVIEW-MAT-01319	消防水带	规格: 80；用途: 消防	消防材料/消防水带	米	80消防水带	压力等级/接口形式缺失
REVIEW-MAT-01320	连接头	规格: 65	消防材料/消防接头	个	65连接头	材质/接口标准缺失
REVIEW-MAT-01321	连接头	规格: 80	消防材料/消防接头	个	80连接头	材质/接口标准缺失
REVIEW-MAT-01322	管卡	规格: 65	管道紧固/管卡	个	65管卡	材质/表面处理缺失
REVIEW-MAT-01323	管卡	规格: 80	管道紧固/管卡	个	80管卡	材质/表面处理缺失
REVIEW-MAT-01324	吸油棉	厚度: 5mm；用途: 吸油	清洁耗材/吸附材料	张	5MM厚吸油棉	状态：可合并；与1465/1562同类，尺寸缺失
REVIEW-MAT-01325	电机	功率: 7.5kW	设备备件/电机	台	7.5千w电机	电压/转速/安装方式缺失
REVIEW-MAT-01326	钢丝绳	规格: 50；长度: 6米	吊装索具/钢丝绳	根	50*6米钢丝绳	直径单位/结构/强度缺失
REVIEW-MAT-01327	安全网	尺寸: 1.8米*6米	安全防护/防护网	张	1.8米*6米安全网	材质/网孔/标准缺失
REVIEW-MAT-01328	定制橡胶条/板	定制: 是；规格: 200*5；材质: 橡胶	定制件/橡胶加工件	米	定做橡胶200*5	状态：可建档-定制件；宽厚含义/硬度/图纸缺失
REVIEW-MAT-01329	水泥钉	类型: 水泥钉	紧固件/钉	盒	水泥钉	状态：可建档 | 可合并；规格/每盒数量缺失 | 与2168同类，规格缺失
REVIEW-MAT-01330	电线	品牌: 起帆；截面积: 25mm2	电气材料/电线电缆	米	25平方起帆电线	芯数/颜色/导体材质缺失
REVIEW-MAT-01331	胶接头	规格: 4寸；材质: 胶	管件/软管接头	套	4寸胶接头	接口形式/压力等级缺失
REVIEW-MAT-01332	竹扫把	规格: 大；材质: 竹	行政后勤/清洁用品	个	大竹扫把	状态：可合并；与1923同类，长度缺失 | 与2178同类，长度缺失
REVIEW-MAT-01333	连体工作服	特征: 加厚；结构: 连体	劳保耗材/防护服	套	加厚连体裤	材质/尺码/防护等级缺失
REVIEW-MAT-01334	焊条	直径: 3.2mm	焊割耗材/焊材	件	3.2焊条	状态：可合并；与2086同类，牌号/包装重量缺失
REVIEW-MAT-01335	水泵钳	规格: 8寸	工具/手动工具	支	8寸水泵钳	品牌/材质缺失
REVIEW-MAT-01336	水泵钳	规格: 10寸	工具/手动工具	支	10寸水泵钳	品牌/材质缺失
REVIEW-MAT-01337	沟槽消防阀	规格: 150；连接: 沟槽/卡式；用途: 消防	阀门/消防阀门	个	沟槽阀150卡式消防阀	阀门类型/压力等级/材质缺失
REVIEW-MAT-01338	切割机防护罩	适配设备: 400切割机；部件: 防护罩	工具备件/电动工具配件	个	400切割机防护罩	适配型号/材质缺失
REVIEW-MAT-01339	抹布	形态: 大块；颜色: 白色	清洁耗材/擦拭材料	kg	大块白抹布	材质/包装缺失
REVIEW-MAT-01340	抱箍加工件	加工: 是；规格: 3寸；类型: 抱箍	定制件/管道紧固	个	3寸抱箍加工	状态：可建档-定制件；材质/图纸/表面处理缺失
REVIEW-MAT-01341	抱箍加工件	加工: 是；规格: 2寸；类型: 抱箍	定制件/管道紧固	个	2寸抱箍加工	状态：可建档-定制件；材质/图纸/表面处理缺失
REVIEW-MAT-01342	卸扣	额定载荷: 8T	吊装索具/卸扣	个	8T卸扣	型式/销轴形式/标准缺失
REVIEW-MAT-01343	卸扣	额定载荷: 10T	吊装索具/卸扣	个	10T卸扣	状态：可合并；与1445同类，型式缺失
REVIEW-MAT-01344	卸扣	额定载荷: 12T	吊装索具/卸扣	个	12T卸扣	型式/销轴形式/标准缺失
REVIEW-MAT-01345	木屑	品类: 木屑	辅料耗材/吸附填充材料	斤	木屑	用途/含水率/单位是否改kg需确认
REVIEW-MAT-01346	三相四线插头	电流: 25A；类型: 三相四线	电气材料/插头插座	个	25A三相四插头	电压/防护等级缺失
REVIEW-MAT-01347	五坑尖凿	规格: 大；接口: 五坑；类型: 尖凿	工具耗材/凿具	支	大五坑尖凿	长度/适配电镐缺失
REVIEW-MAT-01348	钨钢钻头	规格: 3.5；材质: 钨钢	工具耗材/钻头	支	3.5钨钢钻头	柄型/刃长缺失
REVIEW-MAT-01349	钨钢钻头	规格: 3.0；材质: 钨钢	工具耗材/钻头	支	3.0钨钢钻头	柄型/刃长缺失
REVIEW-MAT-01350	鼓风机滤芯	规格: 2寸；适用设备: 鼓风机	备品备件/过滤件	个	2寸鼓风机滤芯	过滤精度/适配型号缺失
REVIEW-MAT-01351	法兰	公称直径: DN50；压力等级: 16kg	管件/法兰	个	DN50*16KG法兰	材质/标准/密封面缺失
REVIEW-MAT-01352	法兰	公称直径: DN65；压力等级: 16kg	管件/法兰	个	DN65*16KG法兰	材质/标准/密封面缺失
REVIEW-MAT-01353	伸缩杆	长度: 2米；结构: 伸缩	工具/辅助工具	个	2米伸缩杆	材质/用途缺失
REVIEW-MAT-01354	不锈钢合页	规格: 3寸；材质: 不锈钢	五金建材/门窗五金	付	3寸不锈钢合页	厚度/孔位缺失
REVIEW-MAT-01355	定制高压油管	定制: 是；规格: 19；压力: 420公斤	定制件/液压管路	根	定做19*420公斤高压油管	状态：可建档-定制件；长度/接头形式/图纸缺失
REVIEW-MAT-01356	铜挂锁	材质: 铜；钥匙类型: 通开	五金建材/锁具	个	通开铜挂锁	规格/钥匙数量缺失
REVIEW-MAT-01357	量杯	容量: 5L	工具耗材/计量工具	个	5L量杯	材质/刻度精度缺失
REVIEW-MAT-01358	定制钢丝绳	定制: 是；规格: 50；长度: 4米	定制件/吊装索具	根	定做50*4米钢丝绳	状态：可建档-定制件；直径单位/结构/强度/证书缺失
REVIEW-MAT-01359	钢丝绳专用剂	进口: 是；包装: 5kg；用途: 钢丝绳	化工耗材/润滑防护剂	桶	进口5KG钢丝绳专用剂	品牌/油脂类型缺失
REVIEW-MAT-01360	喷壶	品类: 喷壶	行政后勤/清洁用品	个	喷壶	状态：可合并；容量/材质缺失
REVIEW-MAT-01361	U型卸扣	额定载荷: 17T；型式: U型；执行标准: 国标	吊装索具/卸扣	个	17TU型国标卸扣	销轴形式/证书缺失
REVIEW-MAT-01362	蝴蝶扣	额定载荷: 15T；类型: 蝴蝶扣	吊装索具/连接件	个	15T蝴蝶扣	标准/证书/材质缺失
REVIEW-MAT-01363	不锈钢骑马卡	公称直径: DN200；材质: 不锈钢	管道紧固/骑马卡	个	DN200不锈钢骑马卡	厚度/孔距缺失
REVIEW-MAT-01364	膨胀螺丝	规格: M10*60	紧固件/膨胀件	个	10*60膨胀螺丝	材质/类型缺失
REVIEW-MAT-01365	抹布	形态: 大块；颜色: 白色	清洁耗材/擦拭材料	公斤	大块白抹布	状态：可合并；与2190同类，单位kg/公斤统一
REVIEW-MAT-01366	美工刀	品牌: 得力	工具/刀具	个	得力美工刀	状态：可合并；与1967同类，刀片宽度缺失
REVIEW-MAT-01367	美工刀片	品牌: 得力	工具耗材/刀片	合	得力刀片	状态：可合并；单位疑似盒，规格/片数缺失
REVIEW-MAT-01368	注浆针头	类型: 注浆针头	堵漏注浆/注浆耗材	个	注浆针头	规格/长度/材质缺失
REVIEW-MAT-01369	水性聚氨酯	类型: 水性；材料: 聚氨酯	化工耗材/堵漏材料	公斤	水性聚氨酯	品牌/包装/固含量缺失
REVIEW-MAT-01370	油性聚氨酯	类型: 油性；材料: 聚氨酯	化工耗材/堵漏材料	公斤	油性聚氨酯	品牌/包装/固含量缺失
REVIEW-MAT-01371	双快水泥	类型: 双快水泥	建筑材料/水泥砂石	包	双快水泥	强度等级/包装重量缺失
REVIEW-MAT-01372	发泡剂	品类: 发泡剂	化工耗材/填缝材料	个	发泡剂	容量/品牌缺失
REVIEW-MAT-01373	发泡剂枪	适用材料: 发泡剂	工具/施胶工具	个	发泡剂枪	规格/结构缺失
REVIEW-MAT-01374	注浆枪头	类型: 注浆枪头	堵漏注浆/注浆配件	个	注浆枪头	接口/适配注浆枪缺失
REVIEW-MAT-01375	清洗机专用油	用途: 清洗机	化工耗材/润滑油	个	清洗机专用油	包装/品牌/油品型号缺失
REVIEW-MAT-01376	塑料凳	材质: 塑料；特征: 加厚	行政后勤/生活用品	个	加厚塑料凳 | 加厚塑料凳子	状态：可合并 | 可建档；与1792同类，尺寸缺失 | 尺寸/承重缺失
REVIEW-MAT-01377	一体梯凳	承重: 600kg；结构: 一体	工具/登高工具	个	600KG一体梯凳	高度/材质/标准缺失
REVIEW-MAT-01378	水泥	标号/型号: PC425	建筑材料/水泥砂石	包	PC425水泥	包装重量/标准缺失
REVIEW-MAT-01379	高压清洗机滤网	规格: 25mm；部件: 滤网	清洗设备/高压清洗机配件	个	25MM高压清洗剂滤网	适配型号/过滤精度缺失
REVIEW-MAT-01380	不锈钢滑槽	形状: C型；材质: 不锈钢	五金建材/导轨滑槽	米	C型不锈钢滑槽	截面尺寸/厚度缺失
REVIEW-MAT-01381	润滑脂	品牌: 克虏伯；型号: NB52	化工耗材/润滑脂	公斤	克虏伯油脂NB52	包装规格/用途缺失
REVIEW-MAT-01382	PAC污水处理剂	含量: 28%；类型: PAC	化工原料/水处理剂	吨	28%PAC污水处理剂	状态：可合并；与2286同类，包装/标准缺失 | 与2247同类，包装/标准缺失
REVIEW-MAT-01383	轴承	品牌: SKF；型号: 2315；进口: 是	备品备件/轴承	个	进口SKF-2315轴承	轴承类型/尺寸缺失
REVIEW-MAT-01384	布手套	材质: 布；特征: 加厚	劳保耗材/手套	双	加厚布手套	状态：可合并；与2120同类，尺码缺失
REVIEW-MAT-01385	刀阀	公称直径: DN150	阀门/刀阀	个	DN150刀阀	状态：可合并；与1692同类，材质/压力等级缺失
REVIEW-MAT-01386	膨胀螺丝	规格: M14*70	紧固件/膨胀件	个	14*70膨胀螺丝	材质/类型缺失
REVIEW-MAT-01387	套筒	规格: 17	工具/套筒	个	17套筒	方榫规格/长度缺失
REVIEW-MAT-01388	电缆线	品牌: 起帆；规格: 3*6+2*4	电气材料/电线电缆	米	3*6+2*4起帆电缆	导体材质/护套/电压等级缺失
REVIEW-MAT-01389	量杯	容量: 2000ml	工具耗材/计量工具	个	2000毫升量杯	材质/刻度精度缺失
REVIEW-MAT-01390	热水器开关	用途: 热水器	电气材料/开关	个	热水器开关	电流/安装方式/型号缺失
REVIEW-MAT-01391	小便器感应器	适用: 小便器；类型: 感应器	行政后勤/卫浴配件	套	小便器感应器	电源/接口/型号缺失
REVIEW-MAT-01392	启动按钮指示灯	功能: 启动按钮、指示灯	电气材料/按钮指示	套	启动按钮指示灯	电压/颜色/开孔尺寸缺失
REVIEW-MAT-01393	急停按钮	功能: 急停	电气材料/按钮指示	套	急停按钮	触点/开孔尺寸/品牌缺失
REVIEW-MAT-01394	闪光蜂鸣器	功能: 闪光、蜂鸣	电气材料/报警器	套	闪光蜂鸣器	电压/声光等级缺失
REVIEW-MAT-01395	加厚铝合金扣	规格: 50；材质: 铝合金；特征: 加厚	液压/高压管路	个	50加厚铝合金扣	状态：可合并；与50铝合金扣同类，连接形式缺失
REVIEW-MAT-01396	加厚铝合金扣	规格: 80；材质: 铝合金；特征: 加厚	液压/高压管路	个	80加厚铝合金扣	状态：可合并；与80铝合金扣同类，连接形式缺失
REVIEW-MAT-01397	水泥砖	规格: 95；材质: 水泥	建筑材料/砌块砖	个	95水泥砖	尺寸完整性/强度等级缺失
REVIEW-MAT-01398	扎带	规格: 8*300	电气材料/扎带	个	8*300扎带	材质/颜色/包装数量缺失
REVIEW-MAT-01399	喷壶	容量: 2L	行政后勤/清洁用品	个	2升喷壶	材质/喷头类型缺失
REVIEW-MAT-01400	铁扎丝	规格原文: 500；材质: 铁	建筑材料/绑扎材料	卷	500铁扎丝	线径/每卷重量缺失
REVIEW-MAT-01401	铁丝	材质: 铁	五金耗材/金属丝	公斤	铁丝	状态：可合并；与1617同类，线径缺失 | 与2280同类，线径缺失
REVIEW-MAT-01402	高压清洗喷枪	类型: 喷枪；用途: 高压清洗	清洗设备/高压清洗机配件	把	高压清洗喷枪	压力等级/接口/适配型号缺失
REVIEW-MAT-01403	镀锌补心	规格: 80*65；表面: 镀锌；类型: 补心	管件/镀锌管件	个	80*65镀锌补心	螺纹标准/材质缺失
REVIEW-MAT-01404	振动电机套装	进口: 是；类型: 振动电机；配置: 整套	设备备件/电机	套	进口振动电机整套	品牌/功率/型号缺失
REVIEW-MAT-01405	泥浆比重计	用途: 泥浆比重测量	工具/测量工具	套	泥浆比重计	量程/精度缺失
REVIEW-MAT-01406	高压胶管	规格: 100；材质: 胶管	液压/高压管路	米	100高压胶管	压力等级/层数缺失
REVIEW-MAT-01407	高压接头	规格: 100；类型: 接头	液压/高压管路	个	100高压接头	螺纹/连接形式/压力等级缺失
REVIEW-MAT-01408	加厚铝合金扣	规格: 100；材质: 铝合金；特征: 加厚	液压/高压管路	个	100加厚铝合金扣	连接形式缺失
REVIEW-MAT-01409	加厚铜接头	规格: 100；材质: 铜；特征: 加厚	液压/高压管路	个	100加厚铜头	连接形式缺失
REVIEW-MAT-01410	高强度螺丝	规格: M30*100；强度等级: 12.9	紧固件/螺丝	个	M30*100/12.9级螺丝	头型/材质缺失
REVIEW-MAT-01411	螺母	规格: M30	紧固件/螺母	个	30螺母	状态：可建档 | 可合并；材质/强度等级缺失 | 与2296同类，材质/强度等级缺失
REVIEW-MAT-01412	垫片	规格: M30	紧固件/垫圈	个	30垫片	状态：可建档 | 可合并；平垫/弹垫/材质需确认 | 与2297同类，平垫/弹垫需确认
REVIEW-MAT-01413	隔环	加工: 是；型号/规格: 2350；部件: 隔环	定制件/机械加工件	个	加工隔环2350	状态：可建档-定制件；图纸/材质/尺寸缺失
REVIEW-MAT-01414	无缝钢管	外径: 76mm；壁厚: 8mm	钢材/钢管	米	76*8MM无缝管	材质/标准缺失
REVIEW-MAT-01415	高强度螺丝	规格: M30*80；强度等级: 10.8	紧固件/螺丝	个	M30*80/10.8级螺丝	头型/材质缺失
REVIEW-MAT-01416	扁平吊装带	额定载荷: 2T；长度: 2米；颜色: 彩色	吊装索具/吊带	条	彩色吊带2T*2米	状态：可合并；与1797同类，材质/安全系数缺失
REVIEW-MAT-01417	手拉葫芦	额定载荷: 2T；链长: 3米	吊装索具/葫芦	台	2T*3米手拉葫芦	品牌/认证标准缺失
REVIEW-MAT-01418	垃圾袋	规格: 120	行政后勤/清洁用品	个	120垃圾袋	完整尺寸/包装数量缺失
REVIEW-MAT-01419	金属测绳	材质: 金属；类型: 测绳	工具/测量工具	米	金属测绳	量程/刻度精度缺失
REVIEW-MAT-01420	扁平吊装带	执行标准: 国标；颜色: 彩色；额定载荷: 5T；长度: 8米	吊装索具/吊带	条	国标彩色吊带5T*8米	状态：可合并；与1547同类，材质/安全系数缺失
REVIEW-MAT-01421	安全网	尺寸: 6*1.8米；特征: 加厚	安全防护/防护网	张	6*1.8米加厚安全网	状态：可合并；与2166同类，材质/网孔缺失
REVIEW-MAT-01422	清洗剂泵头	品牌: 黑猫；用途: 清洗剂；部件: 泵头	清洗设备/配件	个	黑猫清洗剂泵头	适配型号/接口缺失
REVIEW-MAT-01423	游标卡尺	品牌: 得力；量程: 300mm；精度等级: 高精度	工具/测量工具	支	300mm得力高精度卡尺	具体精度/型号缺失
REVIEW-MAT-01424	尼龙绳	规格: 16；材质: 尼龙	绳索/尼龙绳	米	16尼龙绳	规格是直径16mm需确认
REVIEW-MAT-01425	高压胶水带	规格: 65；颜色: 蓝色；特征: 加厚	液压/高压管路	米	65加厚蓝色胶水带	状态：可建档 | 可合并；“胶水带”是否为胶水管/胶管需确认，压力等级缺失 | 与2314同类，“胶水带”名称需确认
REVIEW-MAT-01426	高压外丝堵头	规格: 25；连接: 外丝；类型: 堵头	液压/高压管路	个	25高压外丝堵头	螺纹标准/压力等级缺失
REVIEW-MAT-01427	高压球阀	品牌: 埃美柯；规格: 20；类型: 高压球阀	阀门/球阀	个	20埃美柯高压球阀	材质/压力等级/连接形式缺失
REVIEW-MAT-01428	高压对丝	规格: 20；类型: 对丝	液压/高压管路	个	20高压对丝	螺纹标准/压力等级缺失
REVIEW-MAT-01429	堵漏聚氨酯主剂	材料: 聚氨酯；用途: 堵漏；组分: 主剂	化工原料/堵漏材料	斤	堵漏聚氨酯主剂	包装规格/配比/品牌缺失
REVIEW-MAT-01430	堵漏聚氨酯副剂	材料: 聚氨酯；用途: 堵漏；组分: 副剂	化工原料/堵漏材料	斤	堵漏聚氨酯副剂	包装规格/配比/品牌缺失
REVIEW-MAT-01431	双快水泥	类型: 双快水泥	建材/水泥砂浆	包	双快水泥	状态：可合并；与2350同类，强度等级/包装重量缺失 | 与2321同类，强度等级/包装重量缺失
REVIEW-MAT-01432	铝合金枪头	规格: 65；材质: 铝合金；部件: 枪头	注浆设备/配件	套	65铝合金枪头	适配设备/接口缺失
REVIEW-MAT-01433	聚氨酯枪头	用途: 聚氨酯注浆；部件: 枪头	注浆设备/配件	个	聚氨酯枪头	规格/接口/适配设备缺失
REVIEW-MAT-01434	齿轮泵	功率: 2.2kW；类型: 齿轮泵	设备备件/泵	台	2.2千瓦齿轮泵	流量/压力/接口/型号缺失
REVIEW-MAT-01435	高压水管	规格: 100；用途: 高压水	液压/高压管路	米	100高压水管	压力等级/材质/层数缺失
REVIEW-MAT-01436	钻头	直径: 10mm；长度: 200mm	工具/钻头	个	10*200钻头	钻头类型/柄型/材质缺失
REVIEW-MAT-01437	钻头	直径: 12mm；长度: 200mm	工具/钻头	个	12*200钻头	钻头类型/柄型/材质缺失
REVIEW-MAT-01438	钻头	直径: 14mm；长度: 200mm	工具/钻头	个	14*200钻头	钻头类型/柄型/材质缺失
REVIEW-MAT-01439	钻头	直径: 16mm；长度: 200mm	工具/钻头	个	16*200钻头	钻头类型/柄型/材质缺失
REVIEW-MAT-01440	注浆管接头	部件: 管头/接头；用途: 注浆	注浆设备/配件	个	注浆管头子	规格/接口/材质缺失
REVIEW-MAT-01441	胶钳	品牌: 世达；规格: 200mm；类型: 胶钳	工具/手动工具	个	200世达胶钳	准确品类是否钢丝钳/胶柄钳需确认
REVIEW-MAT-01442	注浆枪头	用途: 注浆；部件: 枪头	注浆设备/配件	个	注浆枪头	规格/接口/适配设备缺失
REVIEW-MAT-01443	尖嘴钳	品牌: 世达；类型: 尖嘴钳	工具/手动工具	个	世达尖嘴钳	长度/型号缺失
REVIEW-MAT-01444	高压球阀	品牌: 埃美柯；规格: 25；类型: 高压球阀	阀门/球阀	个	25埃美柯高压球阀	材质/压力等级/连接形式缺失
REVIEW-MAT-01445	钢丝管	规格: 25；结构: 钢丝增强	液压/高压管路	米	25钢丝管	压力等级/层数/材质缺失
REVIEW-MAT-01446	转换宝塔接头	类型: 宝塔头；用途: 转换接头	液压/高压管路	套	转换宝塔头	两端规格/材质/压力等级缺失
REVIEW-MAT-01447	高压胶管	规格: 50；结构等级: 4SH	液压/高压管路	米	50*4SH高压胶管	压力等级/标准/接头形式缺失
REVIEW-MAT-01448	胶管接头	规格: 100；类型: 胶管接头	液压/高压管路	套	100胶管接头	连接形式/材质/压力等级缺失
REVIEW-MAT-01449	钻头	直径: 20mm；长度: 800mm	工具/钻头	个	20*800钻头	钻头类型/柄型/材质缺失
REVIEW-MAT-01450	棉被	类型: 棉被	行政后勤/生活用品	个	棉被	尺寸/重量/用途缺失
REVIEW-MAT-01451	加厚连体防护服	特征: 加厚；款式: 连体	劳保耗材/防护服	套	加厚连体裤	材质/尺码/防护等级缺失
REVIEW-MAT-01452	高压内丝堵头	螺纹: M36*2；连接: 内丝；类型: 堵头	液压/高压管路	个	M36*2高压内丝堵头	压力等级/材质缺失
REVIEW-MAT-01453	高压外丝堵头	螺纹: M36*2；连接: 外丝；类型: 堵头	液压/高压管路	个	M36*2高压外丝堵头	压力等级/材质缺失
REVIEW-MAT-01454	压力表	量程/压力: 60公斤；类型: 压力表	仪表/压力仪表	个	60公斤压力表	标准单位MPa/接口/表径/精度缺失
REVIEW-MAT-01455	螺纹接头	螺纹: M20*1.5；类型: 接头	液压/高压管路	个	M20*1.5接头	连接形式/材质/压力等级缺失
REVIEW-MAT-01456	不锈钢三通	规格: 25；材质: 不锈钢；类型: 三通	管件/不锈钢管件	个	25三通不锈钢	304/316材质牌号及连接方式缺失
REVIEW-MAT-01457	胶管总成	螺纹/规格: 36*2；层数: 2层；长度: 12米	液压/高压管路	根	胶管36*2-2层-12米	状态：可建档 | 可合并；压力等级/接头形式/材质缺失 | 与2358同类，压力等级/接头形式缺失
REVIEW-MAT-01458	胶管总成	螺纹/规格: 36*2；层数: 2层；长度: 17.7米	液压/高压管路	根	胶管36*2-2层-17.7米	压力等级/接头形式/材质缺失
REVIEW-MAT-01459	胶管总成	螺纹/规格: 36*2；层数: 2层；长度: 5.2米	液压/高压管路	根	胶管36*2-2层-5.2米	压力等级/接头形式/材质缺失
REVIEW-MAT-01460	胶管总成	螺纹/规格: 36*2；层数: 2层；长度: 7.9米	液压/高压管路	根	胶管36*2-2层-7.9米	压力等级/接头形式/材质缺失
REVIEW-MAT-01461	胶管总成	螺纹/规格: 36*2；层数: 2层；长度: 15.9米	液压/高压管路	根	胶管36*2-2层-15.9米	压力等级/接头形式/材质缺失
REVIEW-MAT-01462	胶管总成	螺纹/规格: 36*2；层数: 2层；长度: 2.3米	液压/高压管路	根	胶管36*2-2层-2.3米	压力等级/接头形式/材质缺失
REVIEW-MAT-01463	胶管总成	螺纹/规格: 36*2；层数: 2层；长度: 3.4米	液压/高压管路	根	胶管36*2-2层-3.4米	状态：可建档 | 可合并；压力等级/接头形式/材质缺失 | 与2364同类，压力等级/接头形式缺失
REVIEW-MAT-01464	胶管总成	螺纹/规格: 36*2；层数: 2层；长度: 3.9米	液压/高压管路	根	胶管36*2-2层-3.9米	压力等级/接头形式/材质缺失
REVIEW-MAT-01465	胶管总成	螺纹/规格: 36*2；层数: 2层；长度: 1.1米	液压/高压管路	根	胶管36*2-2层-1.1米	压力等级/接头形式/材质缺失
REVIEW-MAT-01466	胶管总成	螺纹/规格: 36*2；层数: 2层；长度: 7.5米	液压/高压管路	根	胶管36*2-2层-7.5米	压力等级/接头形式/材质缺失
REVIEW-MAT-01467	胶管总成	螺纹/规格: 36*2；层数: 2层；长度: 1米	液压/高压管路	根	胶管36*2-2层-1米	状态：可建档 | 可合并；压力等级/接头形式/材质缺失 | 与2368同类，压力等级/接头形式缺失
REVIEW-MAT-01468	胶管总成	螺纹/规格: 36*2；层数: 2层；长度: 1.3米	液压/高压管路	根	胶管36*2-2层-1.3米	压力等级/接头形式/材质缺失
REVIEW-MAT-01469	胶管总成	螺纹/规格: 36*2；层数: 2层；长度: 5.9米	液压/高压管路	根	胶管36*2-2层-5.9米	压力等级/接头形式/材质缺失
REVIEW-MAT-01470	胶管总成	螺纹/规格: 36*2；层数: 2层；长度: 3.3米	液压/高压管路	根	胶管36*2-2层-3.3米	压力等级/接头形式/材质缺失
REVIEW-MAT-01471	不锈钢骑马卡	定制: 是；规格: 36；材质: 不锈钢；厚度/螺纹: 36*2.0	定制件/管夹卡箍	件	订制36不锈钢骑马卡36*2.0	状态：可建档-定制件；图纸/用途/尺寸口径需确认
REVIEW-MAT-01472	直角接头加工件	加工: 是；规格: 36*3/36*2；类型: 直角接头	定制件/管路接头	件	加工36*3/36*2直角接头	状态：可建档-定制件；图纸/材质/压力等级缺失
REVIEW-MAT-01473	变径接头	规格: 25*2/36*2；类型: 大小头/变径	液压/高压管路	只	25*2/36*2大小头	材质/压力等级/螺纹标准缺失
REVIEW-MAT-01474	六联管夹	联数: 六联；规格: 36	管夹/管路固定件	组	六联管夹36	材质/安装孔距/型号缺失
REVIEW-MAT-01475	单管夹	联数: 单；规格: 36	管夹/管路固定件	只	单管夹36	材质/安装孔距/型号缺失
REVIEW-MAT-01476	三通接头	螺纹/规格: 36*2；类型: 三通	液压/高压管路	只	36*2三通	状态：可建档 | 可合并；材质/压力等级/连接形式缺失 | 与2377同类，材质/压力等级缺失
REVIEW-MAT-01477	对丝接头	螺纹/规格: 36*2；类型: 对丝	液压/高压管路	只	36*2对丝	状态：可建档 | 可合并；材质/压力等级缺失 | 与2378同类，材质/压力等级缺失
REVIEW-MAT-01478	泥浆管接头加工件	加工: 是；管径: Φ219；用途: 泥浆管	定制件/管路接头	件	加工泥浆管接头Φ219	状态：可建档-定制件；图纸/材质/壁厚/连接方式缺失
REVIEW-MAT-01479	扣压钢丝绳	加工: 扣压；直径/规格: 50；长度: 3.6米	吊装索具/钢丝绳	根	扣压钢丝绳50*3.6米	状态：可建档-定制件；钢丝绳结构/吊具端头/安全载荷缺失
REVIEW-MAT-01480	扣压钢丝绳	加工: 扣压；直径/规格: 47.5；长度: 9米	吊装索具/钢丝绳	根	扣压钢丝绳47.5*9米	状态：可建档-定制件；钢丝绳结构/吊具端头/安全载荷缺失
REVIEW-MAT-01481	铝合金八字扣头	规格: M52；材质: 铝合金；类型: 八字扣头	液压/高压管路	只	M52铝合金八字扣头	适配胶管规格/连接形式缺失
REVIEW-MAT-01482	聚氨酯密封胶	品牌: 普赛达；材料: 聚氨酯；容量: 600mL	化工耗材/密封胶	支	普赛达聚氨酯密封胶600mL | 普赛达聚氨酯密封胶600ML	状态：可建档 | 可合并；型号/颜色/固化特性缺失 | 与2383同类，型号/颜色缺失
REVIEW-MAT-01483	胶枪	品牌: 世达；类型: 胶枪	工具/手动工具	把	世达胶枪	适配胶筒容量/型号缺失
REVIEW-MAT-01484	不锈钢止回阀	材质: 304；公称通径: DN25	阀门/止回阀	只	304止回阀DN25	压力等级/连接形式缺失
REVIEW-MAT-01485	胶管总成	螺纹/规格: 36*2；层数: 2层；长度: 8.3米	液压/高压管路	根	胶管36*2-2层-8.3米	压力等级/接头形式/材质缺失
REVIEW-MAT-01486	胶管总成	螺纹/规格: 36*2；层数: 2层；长度: 4.2米	液压/高压管路	根	胶管36*2-2层-4.2米	压力等级/接头形式/材质缺失
REVIEW-MAT-01487	胶管总成	螺纹/规格: 36*2；层数: 2层；长度: 1.2米	液压/高压管路	根	胶管36*2-2层-1.2米	压力等级/接头形式/材质缺失
REVIEW-MAT-01488	胶管总成	螺纹/规格: 36*2；层数: 2层；长度: 7.3米	液压/高压管路	根	胶管36*2-2层-7.3米	压力等级/接头形式/材质缺失
REVIEW-MAT-01489	齿轮油	品牌: 长城；品类: 齿轮油；包装: 18L	油品/润滑油	桶	长城齿轮油18L	粘度等级/型号缺失
REVIEW-MAT-01490	对丝接头	规格: 1/2；类型: 对丝	液压/高压管路	只	接头1/2对丝	螺纹制式/材质/压力等级缺失
REVIEW-MAT-01491	变径接头	规格: 1/2-3/4；类型: 变径	液压/高压管路	只	变径接头1/2-3/4	螺纹制式/材质/压力等级缺失
REVIEW-MAT-01492	断路器	品牌: 施耐德；额定电流: 250A；极数: 3P	电气/低压电器	套	施耐德断路器250A-3P	系列/分断能力/型号缺失
REVIEW-MAT-01493	钢丝绳润滑脂	品牌: 伍尔特；用途: 钢丝绳；容量: 500mL	油品/润滑脂	瓶	伍尔特钢丝绳黄油500mL	型号/温度范围缺失
REVIEW-MAT-01494	高压内丝直接	螺纹: M32*2；连接: 内丝；类型: 直接	液压/高压管路	只	m32*2高压内丝直接	原始小写m规范为M，材质/压力等级缺失
REVIEW-MAT-01495	丙纶吊装袋	材质: 丙纶纤维；尺寸: 3米*3米；载荷: 大吨位	吊装索具/吊包	只	大吨位丙纶纤吊包3米*3米	额定载荷/安全系数/吊点形式缺失
REVIEW-MAT-01496	高压转换接头	螺纹: 36*2；形式: 外丝转内丝	液压/高压管路	套	高压接头36*2外丝转内丝	材质/压力等级缺失
REVIEW-MAT-01497	高压转换接头	螺纹: 52*2；形式: 外丝转内丝	液压/高压管路	套	高压接头52*2外丝转内丝	材质/压力等级缺失
REVIEW-MAT-01498	高压转换接头	螺纹: 24*1.5/36*2；类型: 转换接头	液压/高压管路	套	高压接头24*1.5/36*2	内外丝方向/材质/压力等级缺失
REVIEW-MAT-01499	高压对丝接头	螺纹: 20*1.5；类型: 对丝	液压/高压管路	只	高压接头20*1.5对丝	材质/压力等级缺失
REVIEW-MAT-01500	高压对丝接头	螺纹: 24*1.5；类型: 对丝	液压/高压管路	只	高压接头24*1.5对丝	材质/压力等级缺失
REVIEW-MAT-01501	高压对丝接头	螺纹: 30*2；类型: 对丝	液压/高压管路	只	高压接头30*2对丝	材质/压力等级缺失
REVIEW-MAT-01502	高压对丝接头	螺纹: 36*2；类型: 对丝	液压/高压管路	只	高压接头36*2对丝	材质/压力等级缺失
REVIEW-MAT-01503	高压对丝接头	螺纹: 52*2；类型: 对丝	液压/高压管路	只	高压接头52*2对丝	材质/压力等级缺失
REVIEW-MAT-01504	O型圈套装	品牌: 派克；套装: ABC	密封件/O型圈	盒	派克O型圈套装ABC	材质/规格明细/系列缺失
REVIEW-MAT-01505	弹性销	规格: M4*28；类型: 弹性销	紧固件/销	只	弹性销M4*28	材质/标准缺失
REVIEW-MAT-01506	弹性销	规格: M6*28；类型: 弹性销	紧固件/销	只	弹性销M6*28	材质/标准缺失
REVIEW-MAT-01507	T型螺丝套件	规格: M16*50；类型: T型螺丝；套件: 平垫+弹垫+螺母	紧固件/螺丝套件	套	T型螺丝M16*50平弹帽	材质/强度等级/套件明细需确认
REVIEW-MAT-01508	注浆泵连杆压力表	设备: 注浆泵；部件: 连杆压力表；量程: 16MPa	注浆设备/配件	件	注浆泵连杆压力表16MPa	适配型号/接口/精度缺失
REVIEW-MAT-01509	离心机滤网	定制: 是；适配设备: 离心机；尺寸: 1.4米*0.31米*0.72米	定制件/设备滤网	个	订做离心机滤网1.4米*0.31米*0.72米 | 定做离心机滤网1.4米*0.31米*0.72米	状态：可建档-定制件 | 可合并；材质/目数/图纸缺失 | 与2413同类，材质/目数/图纸缺失
REVIEW-MAT-01510	抗盐膨润土	类型: 抗盐膨润土	化工原料/膨润土	T	抗盐膨润土	指标/厂家/包装缺失
REVIEW-MAT-01511	T型螺丝套件	规格: M16*100；类型: T型螺丝；套件: 平垫+弹垫+螺母	紧固件/螺丝套件	套	T型螺丝M16*100平弹帽	材质/强度等级/套件明细需确认
REVIEW-MAT-01512	重型高压接头	规格: 36*2；类型: 重型高压接头	液压/高压管路	只	重型高压接头36*2	材质/压力等级/连接形式缺失
REVIEW-MAT-01513	电磁阀	进口: 是；型号: 2622200	阀门/电磁阀	只	进口电磁阀2622200	状态：可建档 | 可合并；品牌/电压/接口/介质缺失 | 与2417同类，品牌/电压/接口缺失
REVIEW-MAT-01514	重型管夹加工件	加工: 是；类型: 重型管夹；规格: 60	定制件/管夹卡箍	只	加工重型管夹60	状态：可建档-定制件；材质/图纸/安装孔距缺失
REVIEW-MAT-01515	聚氨酯密封胶	品牌: 普赛达；材料: 聚氨酯	化工耗材/密封胶	支	普赛达聚氨酯密封胶	状态：可合并；与2383同类，容量/型号缺失 | 与2420同类，容量/型号缺失
REVIEW-MAT-01516	超高压接头	品牌: 日东；系列/规格: 38S；等级: 超高压	液压/超高压管路	套	日东超高压接头38S	接头形式/压力等级/材质缺失
REVIEW-MAT-01517	超高压接头	品牌: 日东；系列/规格: 42L；等级: 超高压	液压/超高压管路	套	日东超高压接头42L	接头形式/压力等级/材质缺失
REVIEW-MAT-01518	超高压液压接头	品牌: 派克；系列/规格: 24S；等级: 超高压	液压/超高压管路	套	派克超高压液压接头24S	接头形式/压力等级/材质缺失
REVIEW-MAT-01519	胶管总成	规格: 36*2H；层数: 2层；长度: 3米	液压/高压管路	条	胶管36*2H-2层-3米	H含义/压力等级/接头形式缺失
REVIEW-MAT-01520	胶管总成	规格: 36*2H；层数: 2层；长度: 2米	液压/高压管路	条	胶管36*2H-2层-2米	H含义/压力等级/接头形式缺失
REVIEW-MAT-01521	高压内丝接头	规格: 36*2H；连接: 内丝	液压/高压管路	只	高压内丝接头36*2H	H含义/材质/压力等级缺失
REVIEW-MAT-01522	抗盐膨润土	类型: 抗盐膨润土	化工原料/膨润土	吨	抗盐膨润土	状态：可合并；与2414同类，指标/厂家缺失
REVIEW-MAT-01523	T型螺丝套件	规格: M16*50；套件: 平垫+弹垫+螺母	紧固件/螺丝套件	套	T型螺丝M16*50平弹帽	状态：可合并；与2410同类，材质/强度等级缺失
REVIEW-MAT-01524	加厚垫片	规格: M18*50*60mm；特征: 加厚	紧固件/垫圈	只	加厚垫片M18*50*60mm	内径/外径/厚度字段需拆清，材质缺失
REVIEW-MAT-01525	六联管夹加工件	加工: 是；联数: 六联；规格: 35	定制件/管夹卡箍	件	加工六联管夹35	状态：可建档-定制件；材质/图纸/安装孔距缺失
REVIEW-MAT-01526	加厚风筒	加工: 是；直径: 600；长度: 20米；特征: 加厚	定制件/通风风筒	条	加工加厚风筒600*20米	状态：可建档-定制件；材质/连接方式/阻燃等级缺失
REVIEW-MAT-01527	加厚风筒	加工: 是；直径: 600；长度: 10米；特征: 加厚	定制件/通风风筒	条	加工加厚风筒600*10米	状态：可建档-定制件；材质/连接方式/阻燃等级缺失
REVIEW-MAT-01528	密封胶	品牌: 普赛达	化工耗材/密封胶	支	普赛达密封胶	状态：可合并；是否聚氨酯密封胶及容量需确认
REVIEW-MAT-01529	螺纹钢	规格: 20E；长度: 12米	钢材/螺纹钢	T	螺纹钢20E*12米	20E含义/材质牌号/执行标准缺失
REVIEW-MAT-01530	工字钢	规格: 14#	钢材/型钢	米	工字钢14#	状态：可建档 | 可合并；材质/长度/理论重量/标准缺失 | 与2446同类，材质/标准缺失
REVIEW-MAT-01531	液压油	进口: 是；包装: 10L	油品/液压油	桶	进口液压油10L	粘度等级/品牌/型号缺失
REVIEW-MAT-01532	电机	功率: 5.5kW	设备备件/电机	台	电机5.5KW	电压/转速/安装方式/防护等级缺失
REVIEW-MAT-01533	管道泵	功率: 5.5kW；口径/规格: 50	设备备件/泵	台	管道泵5.5KW-50	流量/扬程/型号缺失
REVIEW-MAT-01534	不锈钢高压球阀	材质: 不锈钢；用途: 液压；规格: 1寸	阀门/球阀	只	不锈钢液压高压球阀1寸	压力等级/连接形式/材质牌号缺失
REVIEW-MAT-01535	液压高压外丝接头	规格: 1寸；连接: 外丝；用途: 液压高压	液压/高压管路	只	液压高压外丝接头1寸	材质/压力等级/螺纹制式缺失
REVIEW-MAT-01536	弹簧式安全阀	型号: A28H-64；公称通径: DN32；结构: 弹簧式	阀门/安全阀	只	弹簧式安全阀A28H-64-DN32	整定压力/介质/材质缺失
REVIEW-MAT-01537	通丝螺杆	规格: 14*700；类型: 通丝	建筑施工耗材/紧固件	只	通丝14*700	材质/表面处理/牙距缺失
REVIEW-MAT-01538	山型卡	类型: 山型卡	建筑施工耗材/模板配件	只	山型卡	规格/材质/适配通丝缺失
REVIEW-MAT-01539	木方	长度: 4米；截面: 40*90	建筑材料/木材	根	木方4米*40*90	木材等级/材质缺失
REVIEW-MAT-01540	建筑模板	颜色: 黑；尺寸: 1830*915*14	建筑材料/模板	张	黑模板1830*915*14	材质/覆膜/周转次数缺失
REVIEW-MAT-01541	建筑模板	颜色: 红；尺寸: 1830*915*14	建筑材料/模板	张	红模板1830*915*14	材质/覆膜/周转次数缺失
REVIEW-MAT-01542	油性聚氨酯	类型: 油性；材料: 聚氨酯；包装: 10KG	化工原料/堵漏材料	桶	油性聚氨酯10KG	品牌/用途/SDS缺失
REVIEW-MAT-01543	丙酮	品名: 丙酮；包装: 10KG	化工原料/溶剂	桶	丙酮10KG	危化品属性/纯度/SDS缺失
REVIEW-MAT-01544	钻头	品牌: 博世；柄型: 五坑三槽；直径: Φ12；长度: 200	工具/钻头	支	博世五坑三槽钻头Φ12*200	材质/适配电锤型号缺失
REVIEW-MAT-01545	注浆止水针头	长度: 150mm；用途: 注浆止水	注浆设备/耗材	支	注浆止水针头150mm	直径/接口/材质缺失
REVIEW-MAT-01546	注浆止水针头	长度: 100mm；用途: 注浆止水	注浆设备/耗材	支	注浆止水针头100mm	直径/接口/材质缺失
REVIEW-MAT-01547	高压注浆机	类型: 高压注浆机	设备/注浆设备	台	高压注浆机	品牌/型号/压力/功率缺失
REVIEW-MAT-01548	注浆管套装	长度: 5米；包含: 配件	注浆设备/配件	套	注浆管5米带配件	管径/压力等级/配件清单缺失
REVIEW-MAT-01549	PVC直接	品牌: 公元；材质: PVC；规格: 315；类型: 直接	管件/PVC管件	只	公元PVC315直接	压力等级/连接方式缺失
REVIEW-MAT-01550	PVC弯头	品牌: 公元；材质: PVC；规格: 315；角度: 45度	管件/PVC管件	只	公元PVC315/45度弯头	压力等级/连接方式缺失
REVIEW-MAT-01551	PVC弯头	品牌: 公元；材质: PVC；规格: 315；角度: 90度	管件/PVC管件	只	公元PVC315/90度弯头	压力等级/连接方式缺失
REVIEW-MAT-01552	PVC胶水	品牌: 公元；包装: 1KG；用途: PVC粘接	胶粘剂/PVC胶水	瓶	公元胶水1KG	型号/适用材质缺失
REVIEW-MAT-01553	钻头	品牌: 博世；规格: M14*260	工具/钻头	支	博世钻头m14*260	M14是否直径Φ14需确认，柄型/材质缺失
REVIEW-MAT-01554	冲孔冲头	直径: Φ14；长度: 150	工具/冲头	支	冲孔冲Φ14*150	材质/适配冲孔机缺失
REVIEW-MAT-01555	冲孔冲头	直径: Φ16；长度: 150	工具/冲头	支	冲孔冲Φ16*150	材质/适配冲孔机缺失
REVIEW-MAT-01556	灭火器	灭火剂重量: 2KG	安全消防/灭火器	瓶	灭火器2KG | 灭火器2kg	状态：可建档 | 可合并；类型/介质/年检信息缺失 | 与2522同类，类型/年检信息缺失 | 与3473同类，类型/年检信息缺失
REVIEW-MAT-01557	三通	公称通径: DN50；类型: 三通	管件/金属管件	只	DN50三通	材质/连接方式/压力等级缺失
REVIEW-MAT-01558	三通	公称通径: DN65；类型: 三通	管件/金属管件	只	DN65三通	材质/连接方式/压力等级缺失
REVIEW-MAT-01559	带灯按钮开关	品牌: 施耐德；类型: 带灯按钮开关	电气/按钮开关	只	施耐德灯带按钮开关	电压/颜色/触点形式/型号缺失
REVIEW-MAT-01560	电流表	变比: 600/5A；类型: 电流表	仪表/电气仪表	只	电流表600/5A	表径/精度/安装方式缺失
REVIEW-MAT-01561	重型矿井卡箍	品牌: 迈克；规格: DN150；类型: 重型矿井卡箍	管夹/卡箍	只	迈克重型矿井卡箍DN150	材质/压力等级/密封圈规格缺失
REVIEW-MAT-01562	膨胀螺丝	规格: M12*100	紧固件/膨胀螺丝	支	膨胀螺丝M12*100	材质/表面处理缺失
REVIEW-MAT-01563	液压对丝接头	螺纹: M20*1.5；类型: 对丝	液压/高压管路	只	液压接头m20*1.5对丝	原始小写m保留，材质/压力等级缺失
REVIEW-MAT-01564	自喷漆	颜色: 绿色	油漆涂料/自喷漆	瓶	绿色自喷漆	品牌/容量/色号缺失
REVIEW-MAT-01565	三通	公称通径: DN40；类型: 三通	管件/金属管件	只	DN40三通	材质/连接方式/压力等级缺失
REVIEW-MAT-01566	冷暖空调	品牌: 美的；匹数: 大1.5匹；功能: 冷暖	行政后勤/空调设备	台	美的大1.5匹冷暖空调	型号/能效等级缺失
REVIEW-MAT-01567	自喷漆	颜色: 中黄	油漆涂料/自喷漆	瓶	中黄自喷漆	品牌/容量/色号缺失
REVIEW-MAT-01568	透明PC板	材质: PC；颜色: 透明；尺寸: 1m*1.5m；厚度: 3mm	塑料板材/PC板	块	透明PC板1m*1.5m*3mm	品牌/等级缺失
REVIEW-MAT-01569	封箱胶带	类型: 封箱带	包装材料/胶带	卷	封箱带	宽度/长度/颜色缺失
REVIEW-MAT-01570	记号笔	品牌: 得力；颜色: 黑色	办公用品/书写工具	支	得力黑色记号笔	型号/粗细缺失
REVIEW-MAT-01571	防锈漆	品牌: 立邦；颜色: 白色；包装: 18KG	油漆涂料/防锈漆	桶	立邦白色防锈漆18KG | 立邦白色防锈漆18kg	状态：可建档 | 可合并；型号/适用底材缺失 | 与2541同类，型号/SDS缺失
REVIEW-MAT-01572	稀释剂	品牌: 立邦；包装: 12KG	油漆涂料/稀释剂	桶	立邦稀释剂12KG	型号/适配漆种/SDS缺失
REVIEW-MAT-01573	带盖整理箱	尺寸: 800*800*600；配置: 带盖	行政后勤/收纳用品	只	整理箱带盖800*800*600	材质/容量缺失
REVIEW-MAT-01574	钻头	品牌: 博世；规格: M12*200	工具/钻头	支	博世钻头m12*200	M12是否直径Φ12需确认，柄型/材质缺失
REVIEW-MAT-01575	钻头	品牌: 博世；规格: M14*200	工具/钻头	支	博世钻头m14*200	M14是否直径Φ14需确认，柄型/材质缺失
REVIEW-MAT-01576	角钢	规格: 40*40	钢材/型钢	根	角铁40*40	厚度/长度/材质缺失
REVIEW-MAT-01577	胶管总成	螺纹/规格: 36*2；层数: 2层；长度: 2.5米	液压/高压管路	根	胶管36*2-2层-2.5米	压力等级/接头形式缺失
REVIEW-MAT-01578	胶管总成	螺纹/规格: 36*2；层数: 2层；长度: 10米	液压/高压管路	根	胶管36*2-2层-10米	压力等级/接头形式缺失
REVIEW-MAT-01579	胶管总成	螺纹/规格: 36*2；层数: 2层；长度: 11米	液压/高压管路	根	胶管36*2-2层-11米	压力等级/接头形式缺失
REVIEW-MAT-01580	胶管总成	螺纹/规格: 36*2；层数: 2层；长度: 15米	液压/高压管路	根	胶管36*2-2层-15米	压力等级/接头形式缺失
REVIEW-MAT-01581	重型管夹	规格: 36；类型: 重型管夹	管夹/管路固定件	只	重型管夹36	材质/安装孔距缺失
REVIEW-MAT-01582	重型六联管夹	联数: 6联；类型: 重型	管夹/管路固定件	组	重型6联管夹	规格/材质/安装孔距缺失
REVIEW-MAT-01583	直角接头加工件	加工: 是；规格: 36*3/36*2；类型: 直角接头	定制件/管路接头	只	加工直角接头36*3/36*2	状态：可合并；与2373同类，图纸/材质/压力等级缺失
REVIEW-MAT-01584	变径对丝接头	规格: 25*2/36*2；类型: 变径对丝	液压/高压管路	只	变径对丝25*2/36*2	材质/压力等级/螺纹标准缺失
REVIEW-MAT-01585	胶管总成	螺纹: M20*1.5；层数: 2层；长度: 1米	液压/高压管路	根	胶管M20*1.5-2层-1米	压力等级/接头形式缺失
REVIEW-MAT-01586	胶管总成	螺纹: M20*1.5；层数: 2层；长度: 0.5米	液压/高压管路	根	胶管M20*1.5-2层-0.5米	压力等级/接头形式缺失
REVIEW-MAT-01587	三通接头	螺纹: 20*1.5；类型: 三通	液压/高压管路	只	20*1.5三通	材质/压力等级缺失
REVIEW-MAT-01588	对丝接头	螺纹: 20*1.5；类型: 对丝	液压/高压管路	只	20*1.5对丝	状态：可合并；与2401同规格可能同类，材质/压力等级缺失
REVIEW-MAT-01589	不锈钢室外箱	材质: 不锈钢；安装环境: 室外；尺寸: 500*600*300	电气/配电箱壳体	只	不锈钢室外箱500*600*300	防护等级/板厚缺失
REVIEW-MAT-01590	滤芯	进口: 是；尺寸: Φ160*505	设备备件/过滤器滤芯	只	进口滤芯Φ160*505	过滤精度/材质/适配型号缺失
REVIEW-MAT-01591	搅拌机叶轮	材质: 不锈钢；适配型号: QJB-960S；部件: 叶轮	设备备件/搅拌机配件	只	不锈钢搅拌机叶轮QJB-960S	叶轮直径/厂家缺失
REVIEW-MAT-01592	AB胶	品牌: 三和；类型: AB胶	胶粘剂/结构胶	支	三和AB胶	容量/型号/颜色缺失
REVIEW-MAT-01593	五孔插座	品牌: 德力西；类型: 五孔插座	电气/插座	只	德力西五孔插座	额定电流/安装方式缺失
REVIEW-MAT-01594	自攻螺丝	规格: M4*10	紧固件/自攻螺丝	盒	M4*10自攻丝	每盒数量/材质/头型缺失
REVIEW-MAT-01595	螺丝套件	规格: M8*20；类型: 螺丝	紧固件/螺丝套件	套	M8*20螺丝	套包含内容/材质/强度等级缺失
REVIEW-MAT-01596	导轨式五孔插座	品牌: 德力西；安装: 导轨式；类型: 五孔插座	电气/插座	只	德力西带导轨五孔插座	额定电流/型号缺失
REVIEW-MAT-01597	不锈钢支架水桶	材质: 304；配置: 支架；容量: 1T	容器/水桶水箱	只	304支架水桶1T	尺寸/厚度/接口缺失
REVIEW-MAT-01598	污水井盖	用途: 污水；规格: 580	建筑材料/井盖	个	污水井盖580	材质/承重等级/外径内径缺失
REVIEW-MAT-01599	太阳能4G监控摄像头	通信: 4G；供电: 太阳能；清晰度: 4K；存储: 30天循环	弱电安防/监控设备	套	4G太阳能探头4K30天循环	品牌/存储容量/是否含流量卡缺失
REVIEW-MAT-01600	自喷漆	品牌: 三和；颜色: 灰色	油漆涂料/自喷漆	瓶	三和灰色自喷漆	容量/色号缺失
REVIEW-MAT-01601	桶装水抽水器套装	品牌: 子路；包含: 抽水器+充电器	行政后勤/饮水设备	套	子路桶装水抽水器+充电器	型号/电池容量缺失
REVIEW-MAT-01602	工业防潮剂	用途: 工业；包装: 1KG	化工耗材/防潮剂	包	工业防潮剂1KG	成分/适用范围缺失
REVIEW-MAT-01603	太阳能4G监控套装	供电: 太阳能；通信: 4G；套装: 三件套	弱电安防/监控设备	套	太阳能4G监控三件套	三件套明细/品牌/存储缺失
REVIEW-MAT-01604	变频器操作面板	部件: 操作面板；适配设备: 变频器	自动化/变频器配件	只	变频器操作面板	适配品牌/型号缺失
REVIEW-MAT-01605	胶管总成	规格: 36*2H；层数: 2层；长度: 2.5米	液压/高压管路	根	胶管36*2H-2层-2.5米	H含义/压力等级/接头形式缺失
REVIEW-MAT-01606	胶管总成	规格: 36*2H；层数: 2层；长度: 1米	液压/高压管路	根	胶管36*2H-2层-1米	H含义/压力等级/接头形式缺失
REVIEW-MAT-01607	胶管总成	规格: 36*2H；层数: 2层；长度: 3.4米	液压/高压管路	根	胶管36*2H-2层-3.4米	H含义/压力等级/接头形式缺失
REVIEW-MAT-01608	胶管总成	规格: 36*2H；层数: 2层；长度: 12米	液压/高压管路	根	胶管36*2H-2层-12米	H含义/压力等级/接头形式缺失
REVIEW-MAT-01609	胶管总成	规格: 36*2H；层数: 2层；长度: 10米	液压/高压管路	根	胶管36*2H-2层-10米	H含义/压力等级/接头形式缺失
REVIEW-MAT-01610	胶管总成	规格: 36*2H；层数: 2层；长度: 11米	液压/高压管路	根	胶管36*2H-2层-11米	H含义/压力等级/接头形式缺失
REVIEW-MAT-01611	胶管总成	规格: 36*2H；层数: 2层；长度: 14米	液压/高压管路	根	胶管36*2H-2层-14米	H含义/压力等级/接头形式缺失
REVIEW-MAT-01612	螺纹锁固胶	品牌: 乐泰；型号: 243	胶粘剂/螺纹锁固胶	只	乐泰243胶水	状态：可建档 | 可合并；容量/包装单位需确认 | 与2594同类，容量/包装单位需确认
REVIEW-MAT-01613	百兆交换机	品牌: 海康威视；端口: 5口；速率: 百兆	弱电安防/网络设备	台	海康威视5口百兆交换机	是否PoE/型号缺失
REVIEW-MAT-01614	刀开关手柄	型号: HD13；额定电流: 1000A；部件: 手柄	电气/开关配件	套	HD13刀开关手柄1000A	适配刀开关规格/厂家缺失
REVIEW-MAT-01615	带盖方桶	材质: 牛筋；容量: 6L；配置: 带盖；地点备注: 蕰川路	容器/塑料桶	只	牛筋带盖方桶6L（蕰川路）	地点不进标准名，尺寸/颜色缺失
REVIEW-MAT-01616	加厚油布	尺寸: 12米*12米；特征: 加厚	覆盖材料/油布	㎡	加厚油布12米*12米	材质/克重/防水等级缺失
REVIEW-MAT-01617	加厚油布	尺寸: 10米*8米；特征: 加厚	覆盖材料/油布	㎡	加厚油布10米*8米	材质/克重/防水等级缺失
REVIEW-MAT-01618	油漆滚筒	规格: 大号；用途: 油漆	涂装工具/滚筒	只	大油漆滚筒 | 油漆滚筒大号	状态：可建档 | 可合并；尺寸/毛长缺失 | 与2614同类，尺寸/毛长缺失 | 与2614同类
REVIEW-MAT-01619	彩条布	颜色: 三色；尺寸: 4m*30m	覆盖材料/彩条布	㎡	三色彩条布4m*30m	克重/材质缺失
REVIEW-MAT-01620	泥桶	用途: 泥浆/砂浆	施工工具/桶具	只	泥桶	状态：可建档 | 可合并；容量/材质缺失 | 与2616同类，容量/材质缺失
REVIEW-MAT-01621	羊毛刷	规格: 3寸；材质: 羊毛	涂装工具/刷子	把	羊毛刷3寸	状态：可建档 | 可合并；柄型/等级缺失 | 与2617同类
REVIEW-MAT-01622	防锈漆	品牌: 立邦；颜色: 桔黄色；包装: 18kg	油漆涂料/防锈漆	桶	立邦桔黄色防锈漆18kg	型号/SDS缺失
REVIEW-MAT-01623	松香水	包装: 12KG；类型: 松香水	油漆涂料/稀释清洗剂	桶	松香水12KG	品牌/用途/SDS缺失
REVIEW-MAT-01624	防锈漆	品牌: 立邦；颜色: 深黄；包装: 18KG	油漆涂料/防锈漆	桶	立邦深黄防锈漆18KG	型号/SDS缺失
REVIEW-MAT-01625	防锈漆	品牌: 立邦；颜色: 黑色；包装: 18KG	油漆涂料/防锈漆	桶	立邦黑色防锈漆18KG	型号/SDS缺失
REVIEW-MAT-01626	防锈漆	品牌: 立邦；颜色: 大红；包装: 18KG	油漆涂料/防锈漆	桶	立邦大红防锈漆18KG	型号/SDS缺失
REVIEW-MAT-01627	防锈漆	品牌: 立邦；颜色: 淡黄灰；包装: 18KG	油漆涂料/防锈漆	桶	立邦淡黄灰防锈漆18KG	型号/SDS缺失
REVIEW-MAT-01628	防锈漆	品牌: 立邦；颜色: 桔红；包装: 18KG	油漆涂料/防锈漆	桶	立邦桔红防锈漆18KG	型号/SDS缺失
REVIEW-MAT-01629	防锈漆	品牌: 立邦；颜色: 铁红；包装: 18KG	油漆涂料/防锈漆	桶	立邦铁红防锈漆18KG | 立邦铁红防锈漆18kg	状态：可建档 | 可合并；型号/SDS缺失 | 与2626同类，型号/SDS缺失
REVIEW-MAT-01630	稀释剂	包装: 12kg	油漆涂料/稀释剂	桶	稀释剂12kg | 稀释剂12KG	状态：可合并；与2542同类，品牌/适配漆种/SDS缺失 | 与2627同类，品牌/适配漆种/SDS缺失 | 与2627同类，品牌/SDS缺失
REVIEW-MAT-01631	油漆滚筒	规格: 小号；用途: 油漆	涂装工具/滚筒	只	小油漆滚筒 | 油漆滚筒小号	状态：可建档 | 可合并；尺寸/毛长缺失 | 与2629同类
REVIEW-MAT-01632	羊毛刷	规格: 2寸；材质: 羊毛	涂装工具/刷子	把	羊毛刷2寸	状态：可建档 | 可合并；柄型/等级缺失 | 与2631同类
REVIEW-MAT-01633	不锈钢烟灰桶	材质: 不锈钢；类型: 烟灰桶	行政后勤/清洁用品	只	不锈钢烟灰桶	容量/尺寸缺失
REVIEW-MAT-01634	钢丝轮	用途: 打磨；类型: 钢丝轮	磨具磨料/钢丝轮	只	打磨钢丝轮	外径/孔径/丝径缺失
REVIEW-MAT-01635	护目镜	类型: 多功能护目眼镜	劳保耗材/眼面防护	付	多功能护目眼镜	防护等级/材质缺失
REVIEW-MAT-01636	帆布手套	材质: 帆布	劳保耗材/手套	付	帆布手套	状态：可合并；与2296同类，尺码缺失 | 与2636同类，尺码缺失
REVIEW-MAT-01637	橡胶手套	材质: 橡胶	劳保耗材/手套	付	橡胶手套	状态：可建档 | 可合并；尺码/长度/耐化学等级缺失 | 与2637同类，尺码/长度缺失
REVIEW-MAT-01638	角磨机	品牌: 东城；类型: 角磨机	电动工具/角磨机	台	东城角磨机	功率/砂轮片规格/型号缺失
REVIEW-MAT-01639	防尘面罩	品牌: 3M；类型: 防尘面罩	劳保耗材/呼吸防护	只	3M防尘面罩	型号/防护等级缺失
REVIEW-MAT-01640	防尘面罩过滤芯	品牌: 3M；适配: 防尘面罩；部件: 过滤芯	劳保耗材/呼吸防护	只	3M防尘面罩过滤芯	适配型号/过滤等级缺失
REVIEW-MAT-01641	钢制铭牌	定制: 是；材质: 钢制	定制件/标识铭牌	件	定制铭牌钢制	状态：可建档-定制件；尺寸/文字内容/图纸缺失
REVIEW-MAT-01642	槽钢	规格: 10#	钢材/型钢	米	10#槽钢 | 10#型槽钢 | 槽钢10#	状态：可建档 | 可合并；材质/标准/长度缺失 | 与2644同类，材质/标准缺失
REVIEW-MAT-01643	槽钢	规格: 8#	钢材/型钢	米	8#槽钢	材质/标准/长度缺失
REVIEW-MAT-01644	拖线板	品牌: 公牛；线长: 3m；插位: 6位	电气/插排	只	公牛拖线板3m6位	额定电流/型号缺失
REVIEW-MAT-01645	牛筋手套	材质/俗称: 牛筋	劳保耗材/手套	付	牛筋手套	状态：可建档 | 可合并；材质是否乳胶/橡胶需确认，尺码缺失 | 与2647同类，尺码缺失
REVIEW-MAT-01646	抹布	类型: 抹布	清洁耗材/抹布	KG	抹布	状态：可合并；与2518同类，材质/包装缺失
REVIEW-MAT-01647	蛇皮袋	类型: 蛇皮袋	包装材料/编织袋	条	蛇皮袋	状态：可建档 | 可合并；尺寸/承重缺失 | 与2649同类，尺寸/承重缺失 | 与3626同类，尺寸/承重/材质缺失
REVIEW-MAT-01648	马夹袋	类型: 马夹袋	包装材料/塑料袋	条	马夹袋	尺寸/厚度缺失
REVIEW-MAT-01649	三脚插头	品牌: 公牛；类型: 三插头	电气/插头插座	只	公牛三插头	额定电流/型号缺失
REVIEW-MAT-01650	插线板	品牌: 公牛；插位: 6位；线长: 3米	电气/插排	只	公牛6位对插线板3米	`对插线板`是否拖线板需确认，型号缺失
REVIEW-MAT-01651	拖线板	品牌: 公牛；线长: 6米	电气/插排	只	公牛拖线板6米	插位数/额定电流缺失
REVIEW-MAT-01652	螺纹灯座	类型: 螺纹灯座	电气/照明配件	只	螺纹灯座	规格E27/E40等缺失
REVIEW-MAT-01653	百叶轮	类型: 百叶轮	磨具磨料/百叶轮	片	百叶轮	外径/孔径/粒度缺失
REVIEW-MAT-01654	彩条布	宽度: 4米	覆盖材料/彩条布	㎡	彩条布4米	长度/克重/材质缺失
REVIEW-MAT-01655	油布	尺寸: 4米*6米	覆盖材料/油布	㎡	油布4米*6米	状态：可建档 | 可合并；材质/克重/防水等级缺失 | 与2657同类，材质/克重缺失
REVIEW-MAT-01656	十字螺丝刀	品牌: 世达；类型: 十字	工具/手动工具	把	世达螺丝刀十字	规格/杆长缺失
REVIEW-MAT-01657	铁丝	规格: 14#；材质: 铁	五金耗材/金属丝	KG	铁丝14#	状态：可建档 | 可合并；表面处理/线径换算缺失 | 与2659同类，表面处理缺失
REVIEW-MAT-01658	重油污除污剂	用途: 重油污；包装: 30KG	清洁化学品/除污剂	桶	重油污除污剂30KG	状态：可建档 | 可合并；品牌/SDS/适用材质缺失 | 与2660同类，品牌/SDS缺失
REVIEW-MAT-01659	耦合剂	容量: 100mL	检测耗材/耦合剂	支	耦合剂100mL	用途/品牌/型号缺失
REVIEW-MAT-01660	安全绳	直径: Φ14	安全防护/安全绳	米	安全绳Φ14	状态：可建档 | 可合并；材质/认证/破断拉力缺失 | 与2662同类，材质/认证缺失
REVIEW-MAT-01661	药芯焊丝	品牌: 大西洋；类型: 药芯；直径: 1.2	焊接材料/焊丝	盘	大西洋药芯焊丝1.2	状态：可建档 | 可合并；牌号/重量/适用材质缺失 | 与2663同类，牌号/重量缺失
REVIEW-MAT-01662	吹尘枪	品牌: 世达；类型: 吹尘枪	工具/气动工具	把	世达吹尘枪	接口规格/型号缺失
REVIEW-MAT-01663	内六角螺栓	强度等级: 10.9；规格: M12*100；头型: 内六角	紧固件/螺栓	只	10.9级M12*100内六角螺栓	材质/表面处理缺失
REVIEW-MAT-01664	劳动车	特征: 加厚；类型: 劳动车	物流搬运/手推车	辆	加厚劳动车	载重/轮型/尺寸缺失
REVIEW-MAT-01665	老虎钳	品牌: 世达；类型: 老虎钳	工具/手动工具	把	世达老虎钳	规格/型号缺失
REVIEW-MAT-01666	两用扳手	品牌: 世达；规格: M16；类型: 梅花开口两用	工具/手动工具	把	世达M16梅花开口两用扳手	长度/型号缺失
REVIEW-MAT-01667	不锈钢螺母	材质: 304；规格: M6	紧固件/螺母	只	304螺帽M6	标准/牙距缺失
REVIEW-MAT-01668	不锈钢加厚垫片	材质: 304；规格: M6；特征: 加厚	紧固件/垫圈	只	304加厚垫片M6	外径/厚度/标准缺失
REVIEW-MAT-01669	角钢	规格: 50*50	钢材/型钢	米	角钢50*50 | 角铁50*50	状态：可建档 | 可合并；厚度/材质/标准缺失 | 与2672同类，厚度/材质缺失
REVIEW-MAT-01670	洗洁精	包装: 3KG	清洁耗材/清洁剂	桶	洗洁精3KG	状态：可建档 | 可合并；品牌/用途缺失 | 与2673同类，品牌缺失
REVIEW-MAT-01671	油漆滚筒	规格: 大号	涂装工具/滚筒	只	滚筒大号	状态：可合并；与2614同类，是否油漆滚筒需确认
REVIEW-MAT-01672	油漆滚筒	规格: 小号	涂装工具/滚筒	只	滚筒小号	状态：可合并；与2629同类，是否油漆滚筒需确认
REVIEW-MAT-01673	羊毛刷	规格: 4寸；材质: 羊毛	涂装工具/刷子	只	羊毛刷4寸	单位可用把，柄型/等级缺失
REVIEW-MAT-01674	羊毛刷	规格: 2.5寸；材质: 羊毛	涂装工具/刷子	只	羊毛刷2.5寸	单位可用把，柄型/等级缺失
REVIEW-MAT-01675	钢刷	材质: 钢丝；类型: 钢刷	涂装工具/刷子	只	钢刷	尺寸/形制缺失
REVIEW-MAT-01676	床上四件套	材质: 全棉；套件: 四件套	行政后勤/生活用品	套	全棉四件套	状态：可建档 | 可合并；尺寸/用途缺失 | 与2683同类，尺寸缺失
REVIEW-MAT-01677	蚕丝被	材质: 蚕丝；类型: 被子	行政后勤/生活用品	件	蚕丝被	尺寸/重量缺失
REVIEW-MAT-01678	床垫	类型: 床垫	行政后勤/生活用品	床	床垫	尺寸/材质缺失
REVIEW-MAT-01679	枕头	类型: 枕头	行政后勤/生活用品	只	枕头	状态：可建档 | 可合并；尺寸/材质缺失 | 与2686同类，尺寸/材质缺失
REVIEW-MAT-01680	氩气减压表	介质: 氩气；类型: 表/减压表	焊接工具/气体仪表	只	氩气表	是否减压表需确认，量程/接口缺失
REVIEW-MAT-01681	自喷漆	颜色: 天蓝色	油漆涂料/自喷漆	瓶	天蓝色自喷漆	状态：可建档 | 可合并；品牌/容量/色号缺失 | 与2689同类，品牌/容量缺失
REVIEW-MAT-01682	自喷漆	颜色: 黑色	油漆涂料/自喷漆	瓶	黑色自喷漆	品牌/容量/色号缺失
REVIEW-MAT-01683	竹扫把	材质: 竹；类型: 扫把	清洁工具/扫把	把	竹扫把	状态：可建档 | 可合并；规格缺失 | 与2691同类，规格缺失
REVIEW-MAT-01684	螺纹规	类型: 牙规/螺纹规	工具/测量工具	套	牙规	公制/英制/规格范围缺失
REVIEW-MAT-01685	不锈钢漏斗	材质: 316；口径: 18cm	容器/漏斗	只	316漏斗18cm	容量/出口直径缺失
REVIEW-MAT-01686	油管护套	螺纹/规格: M20*1.5	液压/油管护套	只	油管护套M20*1.5	材质/适配油管缺失
REVIEW-MAT-01687	油管护套	螺纹/规格: M48*2	液压/油管护套	只	油管护套M48*2	材质/适配油管缺失
REVIEW-MAT-01688	油管护套	螺纹/规格: M36*2	液压/油管护套	只	油管护套M36*2	材质/适配油管缺失
REVIEW-MAT-01689	油管护套	螺纹/规格: M42*4	液压/油管护套	只	油管护套M42*4	材质/适配油管缺失
REVIEW-MAT-01690	油管护套	螺纹/规格: M52*2	液压/油管护套	只	油管护套M52*2	材质/适配油管缺失
REVIEW-MAT-01691	油管护套	螺纹/规格: M16*1	液压/油管护套	只	油管护套M16*1	材质/适配油管缺失
REVIEW-MAT-01692	铭牌	定制: 是；尺寸: 70*40	定制件/标识铭牌	只	订制铭牌70*40	状态：可建档-定制件；材质/内容/图纸缺失
REVIEW-MAT-01693	高粱扫把	材质: 高粱；类型: 扫把	清洁工具/扫把	把	高粱扫把	状态：可建档 | 可合并；规格缺失 | 与2707同类，规格缺失
REVIEW-MAT-01694	钢丝球	类型: 钢丝球	清洁耗材/清洁工具	个	钢丝球	材质/包装数量缺失
REVIEW-MAT-01695	油漆	品牌: 立邦；颜色: 蓝色；包装: 18kg	油漆涂料/油漆	桶	立邦蓝色油漆18kg	是否防锈漆/型号/SDS缺失
REVIEW-MAT-01696	油漆滚筒	规格: 小号；用途: 油漆	涂装工具/滚筒	个	小油漆滚筒	状态：可合并；与2629同类，单位可统一只 | 与2629同类
REVIEW-MAT-01697	钢刷	材质: 钢丝；类型: 钢刷	涂装工具/刷子	把	钢刷	状态：可合并；与2678同类，尺寸/形制缺失
REVIEW-MAT-01698	自喷漆	颜色: 葱绿色	油漆涂料/自喷漆	瓶	葱绿色自喷漆	品牌/容量/色号缺失
REVIEW-MAT-01699	橡胶垫片	材质: 橡胶；规格: 200	密封件/垫片	只	橡胶垫片200	内径/外径/厚度缺失
REVIEW-MAT-01700	电缆	品牌: 起帆；规格: 3*1.5+1	电气/电线电缆	米	起帆电缆3*1.5+1 | 起帆电缆线3*1.5+1	电缆型号/护套材质/电压等级缺失 | 型号/电压等级/护套材质缺失
REVIEW-MAT-01701	橡胶平板输送带	材质: 橡胶；宽度: 1m；厚度: 10mm	输送设备/输送带	件	橡胶平板输送带1m*10mm	长度/层数/强度等级缺失
REVIEW-MAT-01702	铲刀	类型: 铲刀	工具/手动工具	把	铲刀	宽度/材质缺失
REVIEW-MAT-01703	漆刷	规格: 3寸；用途: 涂漆	涂装工具/刷子	把	漆刷3寸	状态：可合并；与羊毛刷3寸可能同类，刷毛材质需确认
REVIEW-MAT-01704	油漆	品牌: 立邦；颜色: 中黄；包装: 18KG	油漆涂料/油漆	桶	立邦中黄油漆18KG	是否防锈漆/型号/SDS缺失
REVIEW-MAT-01705	不锈钢挂锁	规格: 40；材质: 不锈钢；类型: 通用挂锁	五金/锁具	把	40不锈钢通用挂锁	锁梁规格/钥匙通开情况缺失
REVIEW-MAT-01706	自喷漆	颜色: 白色	油漆涂料/自喷漆	瓶	白色自喷漆	状态：可建档 | 可合并；品牌/容量/色号缺失 | 与2726同类，品牌/容量缺失
REVIEW-MAT-01707	自喷漆	颜色: 中灰色	油漆涂料/自喷漆	瓶	中灰色自喷漆	品牌/容量/色号缺失
REVIEW-MAT-01708	彩条布	类型: 彩条布	覆盖材料/彩条布	㎡	彩条布	状态：可合并；与2656同类，宽度/克重缺失
REVIEW-MAT-01709	锂电角磨机套装	品牌: 东成；供电: 锂电；配置: 二电一充	电动工具/角磨机	台	东成锂电角磨机二电一充	状态：可建档 | 可合并；电池电压/砂轮规格/型号缺失 | 与2729同类，电压/砂轮规格缺失
REVIEW-MAT-01710	PPR堵头	材质: PPR；规格: 4分；类型: 堵头	管件/PPR管件	只	PPR4分堵头	压力等级/品牌缺失
REVIEW-MAT-01711	PPR堵头	材质: PPR；规格: 6分；类型: 堵头	管件/PPR管件	只	PPR6分堵头	压力等级/品牌缺失
REVIEW-MAT-01712	PPR闷头	材质: PPR；规格: 20mm；类型: 闷头/堵头	管件/PPR管件	只	PPR20mm闷头	压力等级/品牌缺失
REVIEW-MAT-01713	PPR闷头	材质: PPR；规格: 25mm；类型: 闷头/堵头	管件/PPR管件	只	PPR25mm闷头	压力等级/品牌缺失
REVIEW-MAT-01714	PPR管剪	用途: PPR管剪切	工具/管道工具	把	PPR剪刀	剪切范围/品牌缺失
REVIEW-MAT-01715	花纹钢板	尺寸: 6m*1.26m；厚度: 6mm；表面: 花纹	钢材/钢板	张	花纹钢板6m*1.26m*6mm	材质/标准缺失
REVIEW-MAT-01716	镂空数字漆模	字符: 0-9；类型: 镂空数字模板	涂装工具/喷涂模板	套	镂空数字漆模0-9	材质/尺寸缺失
REVIEW-MAT-01717	钢销	直径: 14mm；长度: 1m；材质: 钢	紧固件/销	根	钢销14mm*1m	材质牌号/标准缺失
REVIEW-MAT-01718	PVC线槽	品牌: 公牛；材质: PVC；规格: 25mm	电气/线槽桥架	米	公牛PVC线槽25mm	宽高规格/配件缺失
REVIEW-MAT-01719	明装五孔插座	品牌: 公牛；安装: 明装；类型: 五孔	电气/插座	套	公牛明装五孔插座	额定电流/型号缺失
REVIEW-MAT-01720	钢钉	长度: 25mm；材质: 钢	紧固件/钉	盒	钢钉25mm	每盒数量/直径缺失
REVIEW-MAT-01721	吊包	额定载荷: 1吨	吊装索具/吊包	只	吊包1吨	材质/尺寸/安全系数缺失
REVIEW-MAT-01722	棉纱口罩	材质: 棉纱；类型: 口罩	劳保耗材/呼吸防护	只	棉纱口罩	层数/防护等级缺失
REVIEW-MAT-01723	一次性口罩	类型: 一次性口罩	劳保耗材/呼吸防护	只	一次性口罩	状态：可建档 | 可合并；防护级别/包装数量缺失 | 与2748同类，防护级别/包装缺失
REVIEW-MAT-01724	自喷漆	颜色: 红色	油漆涂料/自喷漆	瓶	红色自喷漆	品牌/容量/色号缺失
REVIEW-MAT-01725	棉拖把	材质: 棉；类型: 拖把	清洁工具/拖把	只	棉拖把	规格缺失
REVIEW-MAT-01726	电箱锁	用途: 电箱；类型: 锁	电气/配电箱配件	套	电箱锁	状态：可建档 | 可合并；锁型/尺寸/钥匙通开情况缺失 | 与2751同类，锁型/尺寸缺失
REVIEW-MAT-01727	不锈钢水龙头	材质: 不锈钢；类型: 水龙头	水暖五金/水龙头	只	不锈钢水龙头	规格/连接口径缺失
REVIEW-MAT-01728	创可贴	类型: 创可贴	劳保/急救用品	盒	创可贴	状态：可建档 | 可合并；规格/片数缺失 | 与2756同类，规格/片数缺失
REVIEW-MAT-01729	透明胶带	品牌: 3M；颜色: 透明	胶带/办公工业胶带	卷	3M透明胶带	宽度/长度缺失
REVIEW-MAT-01730	万向脚轮	类型: 万向轮	物流搬运/脚轮	只	万向轮	尺寸/载重/带刹车与否缺失
REVIEW-MAT-01731	钢卷尺	品牌: 雄狮；长度: 100m；材质: 钢	工具/测量工具	只	雄狮钢卷尺100m	精度等级/宽度缺失
REVIEW-MAT-01732	墨斗	类型: 墨斗	工具/测量放线工具	个	墨斗	规格/品牌缺失
REVIEW-MAT-01733	蚕丝被	材质: 蚕丝；类型: 被子	行政后勤/生活用品	套	蚕丝被	状态：可合并；与2684同类，单位需统一件/套
REVIEW-MAT-01734	床垫	类型: 床垫	行政后勤/生活用品	件	床垫	状态：可合并；与2685同类，尺寸/材质缺失
REVIEW-MAT-01735	牙刷	类型: 牙刷	行政后勤/生活用品	支	牙刷	品牌/规格缺失
REVIEW-MAT-01736	牙膏	类型: 牙膏	行政后勤/生活用品	支	牙膏	品牌/容量缺失
REVIEW-MAT-01737	漱口杯	类型: 漱口杯	行政后勤/生活用品	只	漱口杯	材质/容量缺失
REVIEW-MAT-01738	洗发露	品牌: 海飞丝；类型: 洗发露	行政后勤/生活用品	瓶	海飞丝洗发露	容量缺失
REVIEW-MAT-01739	沐浴露	类型: 沐浴露	行政后勤/生活用品	瓶	沐浴露	品牌/容量缺失
REVIEW-MAT-01740	拖鞋	类型: 拖鞋	行政后勤/生活用品	双	拖鞋	尺码/材质缺失
REVIEW-MAT-01741	洗脸盆	类型: 洗脸盆	行政后勤/生活用品	只	洗脸盆	材质/尺寸缺失
REVIEW-MAT-01742	管箍	规格: 4寸；类型: 管箍	管件/管箍	只	4寸管箍	材质/连接方式缺失
REVIEW-MAT-01743	合金两半扣	材质: 合金；规格: DN100；类型: 两半扣	液压/管路扣件	套	合金两半扣DN100	适配管件/压力等级缺失
REVIEW-MAT-01744	PET条码不干胶标签	材质: 哑银PET；尺寸: 40mm*25mm；每卷: 1200张	标签耗材/不干胶标签	卷	哑银pet条码不干胶贴纸40mm*25mm*1200张	胶性/卷芯规格缺失
REVIEW-MAT-01745	PET条码不干胶标签	材质: 哑银PET；尺寸: 30mm*10mm；每卷: 5000张	标签耗材/不干胶标签	卷	哑银pet条码不干胶贴纸30mm*10mm*5000张	胶性/卷芯规格缺失
REVIEW-MAT-01746	全树脂基碳带	进口: 是；类型: 全树脂基；宽度: 90mm；长度: 300米	标签耗材/碳带	卷	进口全树脂基碳带90mm*300米	品牌/适配标签材质缺失
REVIEW-MAT-01747	五孔插座面板	品牌: 公牛；类型: 五孔插座面板	电气/插座	只	公牛五孔插座面板	安装方式/额定电流缺失
REVIEW-MAT-01748	电缆	品牌: 起帆；规格: 4*2.5	电气/电线电缆	米	起帆电缆4*2.5	电缆型号/护套材质/电压等级缺失
REVIEW-MAT-01749	卷尺	品牌: 得力；长度: 10m	工具/测量工具	把	得力卷尺10m	宽度/精度缺失
REVIEW-MAT-01750	卷尺	品牌: 得力；长度: 5m	工具/测量工具	把	得力卷尺5m	宽度/精度缺失
REVIEW-MAT-01751	LED灯泡	品牌: 飞利浦；功率: 40W	电气/照明灯具	只	飞利浦led灯泡40W	色温/灯头规格缺失
REVIEW-MAT-01752	LED灯泡	品牌: 飞利浦；功率: 50W	电气/照明灯具	只	飞利浦led灯泡50W | 飞利浦LED灯泡50W	状态：可建档 | 可合并；色温/灯头规格缺失 | 与2787同类，色温/灯头缺失
REVIEW-MAT-01753	灯座	类型: 灯座	电气/照明配件	只	灯座	状态：可合并；与2654同类，螺口规格缺失
REVIEW-MAT-01754	尼龙扎带	规格: 10*500	电气耗材/扎带	包	扎带10*500	状态：可建档 | 可合并；每包数量/材质缺失 | 与2789同类，每包数量缺失
REVIEW-MAT-01755	焊工眼镜	用途: 焊工防护	劳保耗材/眼面防护	付	焊工眼镜	遮光号/标准缺失
REVIEW-MAT-01756	铝合金组合枪头	材质: 铝合金；规格: Φ100变65；类型: 组合枪头	注浆设备/配件	套	铝合金Φ100变65组合枪头	适配设备/接口缺失
REVIEW-MAT-01757	LED塔灯	品牌: 欧普；类型: LED塔灯；电压: 380V；功率: 1KW	电气/照明灯具	台	欧普LED380V-1KW塔灯	防护等级/安装方式缺失
REVIEW-MAT-01758	花纹钢板	尺寸: 6m*1.51m；厚度: 5.25mm；表面: 花纹	钢材/钢板	张	花纹钢板6m*1.51m*5.25mm	状态：可建档 | 可合并；材质/标准缺失 | 与2796同类，材质/标准缺失
REVIEW-MAT-01759	钢板镂空字体	工艺: 线切割；材质: 钢板；字符: 01-50；原始: 漏空	定制件/标识模板	套	线切割钢板漏空字体01-50	状态：可建档-定制件；`漏空`疑似`镂空`，尺寸/图纸缺失
REVIEW-MAT-01760	不锈钢镂空标识字牌	定制: 是；材质: 不锈钢；原始: 漏空；类型: 标识字牌	定制件/标识铭牌	件	订制不锈钢漏空标识字牌	状态：可建档-定制件 | 可合并；`漏空`疑似`镂空`，尺寸/内容/图纸缺失 | 与2799同类，尺寸/内容/图纸缺失
REVIEW-MAT-01761	阻燃地板革	特性: 阻燃；尺寸: 6m*2.5m	建筑装饰材料/地板革	㎡	阻燃地板革6m*2.5m	厚度/材质/阻燃等级缺失
REVIEW-MAT-01762	双面胶带	品牌: 3M；宽度: 35mm	胶带/工业胶带	卷	3M双面胶35mm宽	长度/型号缺失
REVIEW-MAT-01763	垃圾袋	尺寸: 1.2m*1.4m	行政后勤/清洁用品	条	垃圾袋1.2m*1.4m	状态：可建档 | 可合并；厚度/每包数量缺失 | 与2804同类，厚度/每包数量缺失
REVIEW-MAT-01764	乙炔减压表	介质: 乙炔；类型: 表/减压表	焊接工具/气体仪表	只	乙炔表	是否减压表需确认，量程/接口缺失
REVIEW-MAT-01765	无缝钢管	外径: 325；壁厚: 12mm；长度: 6米	钢材/钢管	根	无缝管325*12mm*6米	材质/执行标准缺失
REVIEW-MAT-01766	油布	尺寸: 10m*8.5m	覆盖材料/油布	㎡	油布10m*8.5m	材质/克重/防水等级缺失
REVIEW-MAT-01767	货号牌	定制: 是；用途: 货号标识	定制件/标识铭牌	件	订制货号牌	状态：可建档-定制件；材质/尺寸/内容缺失
REVIEW-MAT-01768	吊车垫块	用途: 吊车；载荷: 大吨位；尺寸: 500*500*60mm	吊装索具/支垫件	块	吊车用大吨位垫块500*500*60mm	材质/承载等级缺失
REVIEW-MAT-01769	聚氨酯堵漏剂	材料: 聚氨酯；用途: 堵漏；包装: 20KG	化工原料/堵漏材料	桶	聚氨酯堵漏剂20KG	油性/水性/品牌/SDS缺失
REVIEW-MAT-01770	注浆止水针头	用途: 高压注浆止水；长度: 150mm	注浆设备/耗材	支	高压注浆止水针头150mm	状态：可合并；与2463同类，直径/接口缺失
REVIEW-MAT-01771	注浆止水针头	用途: 高压注浆止水；长度: 100mm	注浆设备/耗材	支	高压注浆止水针头100mm	状态：可合并；与2464同类，直径/接口缺失
REVIEW-MAT-01772	不锈钢户外电箱	定制: 是；材质: 不锈钢；环境: 户外；适配功率: 7.5KW	定制件/配电箱	台	订制不锈钢户外电箱7.5KW	状态：可建档-定制件；尺寸/图纸/电气配置缺失
REVIEW-MAT-01773	数显电笔	品牌: 世达；类型: 数显电笔	工具/电工工具	支	世达数显电笔	测量范围/型号缺失
REVIEW-MAT-01774	钢直尺	长度: 200mm；材质: 钢	工具/测量工具	把	200mm钢直尺	精度/宽度缺失
REVIEW-MAT-01775	镀锌内丝直接	规格: 4寸；表面: 镀锌；连接: 内丝；类型: 直接	管件/镀锌管件	只	4寸镀锌内丝直接	材质/压力等级缺失
REVIEW-MAT-01776	镀锌内丝直接	规格: 3寸；表面: 镀锌；连接: 内丝；类型: 直接	管件/镀锌管件	只	3寸镀锌内丝直接	材质/压力等级缺失
REVIEW-MAT-01777	抹子	类型: 抹子	施工工具/抹灰工具	把	抹子	尺寸/材质缺失
REVIEW-MAT-01778	垃圾桶	类型: 垃圾桶	行政后勤/清洁用品	只	垃圾桶	容量/材质缺失
REVIEW-MAT-01779	防锈漆	品牌: 立邦；颜色: 中灰；包装: 18KG	油漆涂料/防锈漆	桶	立邦中灰防锈漆18KG	型号/SDS缺失
REVIEW-MAT-01780	电箱提手	用途: 电箱；部件: 提手	电气/配电箱配件	个	电箱提手	材质/孔距/尺寸缺失
REVIEW-MAT-01781	油漆	品牌: 立邦；颜色: 桔黄色；包装: 18kg	油漆涂料/油漆	桶	立邦桔黄色油漆18kg	状态：可合并；与2712同类可能不同颜色，是否防锈漆需确认
REVIEW-MAT-01782	电焊钳	额定电流: 600A	焊接工具/焊钳	把	电焊钳600A	品牌/型号缺失
REVIEW-MAT-01783	O型圈	规格: 63*5	密封件/O型圈	只	O型圈63*5	材质/标准缺失
REVIEW-MAT-01784	卸扣	额定载荷: 6.5T	吊装索具/卸扣	只	卸扣6.5T	材质/安全系数/标准缺失
REVIEW-MAT-01785	黄砂	类型: 黄砂	建材/砂石料	吨	黄砂	状态：可建档 | 可合并；细度/含泥量缺失 | 与2850同类，细度/含泥量缺失
REVIEW-MAT-01786	普通硅酸盐水泥	品牌: 海螺；强度等级: 42.5	建材/水泥	包	海螺42.5水泥	状态：可建档 | 可合并；水泥类型/包装重量缺失 | 与2851同类，水泥类型/包装重量缺失
REVIEW-MAT-01787	斜口钳	品牌: 世达；类型: 斜口钳	工具/手动工具	把	世达斜口钳	状态：可建档 | 可合并；规格/型号缺失 | 与2852同类，规格/型号缺失
REVIEW-MAT-01788	砂纸	粒度: 240#	磨具磨料/砂纸	张	240#砂纸	尺寸/背基材质缺失
REVIEW-MAT-01789	砂纸	粒度: 80#	磨具磨料/砂纸	张	80#砂纸	尺寸/背基材质缺失
REVIEW-MAT-01790	十字批头套装	品牌: 世达；类型: 十字批头；配置: 套装	工具/手动工具	套	世达十字批头套装	规格组合/件数缺失
REVIEW-MAT-01791	吊装带	额定载荷: 5T；长度: 6m	吊装索具/吊带	根	吊带5T*6m	状态：可建档 | 可合并；材质/安全系数/颜色缺失 | 与2856同类，材质/安全系数缺失
REVIEW-MAT-01792	吊装带	额定载荷: 5T；长度: 3m	吊装索具/吊带	根	吊带5T*3m	材质/安全系数/颜色缺失
REVIEW-MAT-01793	尼龙扎带	规格: 10*400	电气耗材/扎带	包	扎带10*400	每包数量/材质缺失
REVIEW-MAT-01794	焊枪线缆套装	型号: 500型；线长: 5米；包含: 焊枪	焊接工具/焊枪配件	套	500型5米线带焊枪	适配焊机/接口缺失
REVIEW-MAT-01795	卸扣	额定载荷: 25T	吊装索具/卸扣	只	卸扣25T	材质/安全系数/标准缺失
REVIEW-MAT-01796	卸扣	额定载荷: 10T	吊装索具/卸扣	只	卸扣10T	材质/安全系数/标准缺失 | 型式/材质/安全认证缺失
REVIEW-MAT-01797	卸扣	额定载荷: 8T	吊装索具/卸扣	只	卸扣8T	材质/安全系数/标准缺失
REVIEW-MAT-01798	卸扣	额定载荷: 2T	吊装索具/卸扣	只	卸扣2T	材质/安全系数/标准缺失
REVIEW-MAT-01799	卸扣	额定载荷: 17T	吊装索具/卸扣	只	卸扣17T	材质/安全系数/标准缺失
REVIEW-MAT-01800	PVC管	品牌: 公元；材质: PVC；直径: Φ75	管材/PVC管	米	公元PVCΦ75管	压力等级/壁厚缺失
REVIEW-MAT-01801	PVC管	品牌: 公元；材质: PVC；直径: Φ110	管材/PVC管	米	公元PVCΦ110管	压力等级/壁厚缺失
REVIEW-MAT-01802	PVC直接	品牌: 公元；材质: PVC；直径: Φ110；类型: 直接	管件/PVC管件	只	公元PVCΦ110直接	压力等级/连接方式缺失
REVIEW-MAT-01803	PVC直接	品牌: 公元；材质: PVC；直径: Φ75；类型: 直接	管件/PVC管件	只	公元PVCΦ75直接	压力等级/连接方式缺失
REVIEW-MAT-01804	网线对接头	类型: 网线对接头	弱电安防/网络配件	只	网线对接头	类别/屏蔽与否缺失
REVIEW-MAT-01805	网线成品线	长度: 30米；配置: 两端插头	弱电安防/网络线缆	根	30米网线带两端插头	网线类别/屏蔽与否缺失
REVIEW-MAT-01806	铜接线端子	材质: 铜；规格: 100A；俗称: 铜鼻子	电气/接线端子	只	100A铜鼻子	线径/孔径缺失
REVIEW-MAT-01807	不锈钢挂锁	规格: 40；材质: 不锈钢	五金/锁具	把	40不锈钢挂锁	状态：可合并；与2724同类，锁梁规格缺失
REVIEW-MAT-01808	万向脚轮	类型: 万向车轮	物流搬运/脚轮	只	万向车轮	状态：可合并；与2758同类，尺寸/载重缺失
REVIEW-MAT-01809	插销	规格: 300；类型: 插销	五金/门窗五金	套	插销300	材质/长度单位缺失
REVIEW-MAT-01810	五坑钻头	品牌: 博世；柄型: 五坑；直径: Φ40；长度: 1米	工具/钻头	根	博世五坑钻头Φ40*1米	材质/适配设备缺失
REVIEW-MAT-01811	空调	品牌: 格力；能效等级: 1级	行政后勤/空调设备	台	格力1级能效空调	状态：可建档 | 可合并；匹数/型号/冷暖类型缺失 | 与2887同类，匹数/型号缺失
REVIEW-MAT-01812	加厚货架	特征: 加厚；尺寸: 2m*2m*0.6m	仓储设备/货架	套	加厚货架2m*2m*0.6m	状态：可建档 | 可合并；层数/承重/材质缺失 | 与2889同类，层数/承重缺失
REVIEW-MAT-01813	变径内丝直接	规格: 25变20；连接: 内丝；类型: 直接	管件/管路接头	只	25变20内丝直接	材质/压力等级缺失
REVIEW-MAT-01814	不锈钢防松螺母	规格: M20；材质: 不锈钢；类型: 防松螺帽	紧固件/螺母	只	M20不锈钢防松螺帽	不锈钢牌号/牙距缺失
REVIEW-MAT-01815	不锈钢户外箱	材质: 不锈钢；环境: 户外；尺寸: 500*600*200	电气/配电箱壳体	个	不锈钢户外箱500*600*200	防护等级/板厚缺失
REVIEW-MAT-01816	漏电保护器	品牌: 德力西；极数: 4P；额定电流: 63A	电气/低压电器	只	德力西漏保4P/63A	分断能力/漏电动作电流缺失
REVIEW-MAT-01817	漏电保护器	品牌: 德力西；极数: 2P；额定电流: 16A	电气/低压电器	只	德力西漏保2P/16A	分断能力/漏电动作电流缺失
REVIEW-MAT-01818	时控开关	品牌: 德力西；类型: 时控开关	电气/低压电器	只	德力西时控开关	电压/型号缺失
REVIEW-MAT-01819	交流接触器	品牌: 施耐德；系列: CJX2；线圈电压: 220V	电气/低压电器	只	施耐德cjx2-220V接触器	额定电流/型号完整值缺失
REVIEW-MAT-01820	接线端子	型号: UK5N	电气/接线端子	只	接线端子UK5N	状态：可建档 | 可合并；额定电流/线径范围缺失 | 与2902同类，额定电流/线径缺失
REVIEW-MAT-01821	喷火枪	类型: 喷火枪	工具/燃气工具	把	喷火枪	气源/接口/品牌缺失
REVIEW-MAT-01822	不锈钢锁扣	材质: 不锈钢；类型: 锁扣	五金/锁具配件	套	不锈钢锁扣	尺寸/孔距缺失
REVIEW-MAT-01823	不锈钢挂锁	材质: 不锈钢；类型: 挂锁	五金/锁具	把	不锈钢挂锁	状态：可合并；与2724同类，规格缺失
REVIEW-MAT-01824	槽钢	规格: 6#	钢材/型钢	米	槽钢6#	材质/标准/长度缺失
REVIEW-MAT-01825	方柱加工件	加工: 是；截面: 70mm*70mm；长度: 1m	定制件/金属加工件	根	加工方柱70mm*70mm*1m	状态：可建档-定制件；材质/图纸/用途缺失
REVIEW-MAT-01826	方柱加工件	加工: 是；截面: 70mm*70mm；长度: 0.3m	定制件/金属加工件	根	加工方柱70mm*70mm*0.3m	状态：可建档-定制件；材质/图纸/用途缺失
REVIEW-MAT-01827	航空插头插座套装	安装: 明装；芯数: 3芯；额定电流: 16A	电气/插头插座	套	明装航空插头插座3芯/16A	电压/防护等级/型号缺失
REVIEW-MAT-01828	漏电保护器	品牌: 德力西；极数: 2P；额定电流: 25A	电气/低压电器	只	德力西漏保开关2P/25A	分断能力/漏电动作电流缺失
REVIEW-MAT-01829	断路器	品牌: 德力西；极数: 2P；额定电流: 10A	电气/低压电器	只	德力西断路器2P/10A	分断能力/曲线缺失
REVIEW-MAT-01830	电柜风扇防雨罩组合	用途: 电柜；包含: 风扇+防雨罩；电压: 380V	电气/配电柜散热	个	电柜风扇防雨罩组合380V	风扇尺寸/功率/防护等级缺失
REVIEW-MAT-01831	温控开关	用途: 电柜风扇；颜色: 蓝色；类型: 温控开关	电气/温控元件	只	电柜风扇温控开关蓝色	温控范围/型号缺失
REVIEW-MAT-01832	设备按钮标识贴	用途: 设备按钮；类型: 标识贴	标签耗材/设备标识	件	设备按钮标示贴	材质/尺寸/内容缺失
REVIEW-MAT-01833	导流罩	适配型号: QJB-4/6；部件: 导流罩	设备备件/搅拌机配件	只	导流罩QJB-4/6	材质/厂家缺失
REVIEW-MAT-01834	叶轮	适配型号: QJB-4/6；部件: 叶轮	设备备件/搅拌机配件	个	叶轮QJB-4/6	状态：可建档 | 可合并；材质/直径/厂家缺失 | 与2920同类，材质/直径缺失
REVIEW-MAT-01835	叶轮	适配型号: QJB-2/8；部件: 叶轮	设备备件/搅拌机配件	个	叶轮QJB-2/8	材质/直径/厂家缺失
REVIEW-MAT-01836	高强度全螺纹螺杆	强度等级: 12.9；规格: M30*1m；原始: 全芽	紧固件/螺杆	根	12.9级全芽螺杆m30*1m	`全芽`疑似全牙，材质/表面处理缺失
REVIEW-MAT-01837	高强度螺母	强度等级: 12.9；规格: M30	紧固件/螺母	只	12.9级螺母M30	材质/牙距缺失
REVIEW-MAT-01838	B型槽钢	规格: 20#B	钢材/型钢	米	20#B型槽钢	材质/标准/长度缺失
REVIEW-MAT-01839	B型槽钢	规格: 16#B	钢材/型钢	米	16#B型槽钢	材质/标准/长度缺失
REVIEW-MAT-01840	双层床	材质: 方钢；结构: 卡扣式；类型: 双层床	行政后勤/生活用品	套	方钢卡扣式双层床 | 方钢卡扣双层床	状态：可建档 | 可合并；尺寸/承重缺失 | 与2929同类，尺寸/承重缺失
REVIEW-MAT-01841	叶轮	适配型号: QJB-5/8；部件: 叶轮	设备备件/搅拌机配件	个	叶轮QJB-5/8	材质/直径/厂家缺失
REVIEW-MAT-01842	角钢加工件	加工: 是；规格: 40角铁；长度: 1.5米	定制件/金属加工件	根	加工40角铁1.5米长	状态：可建档-定制件；40*40还是其他规格、厚度/材质缺失
REVIEW-MAT-01843	接线端子	型号: UK5N；颜色: 黄绿色	电气/接线端子	只	黄绿色接线端子UK5N	是否接地端子需确认，额定电流缺失
REVIEW-MAT-01844	5号电池	品牌: 南孚；规格: 5号	电气/电池	节	南孚电池5号	状态：可建档 | 可合并；碱性/容量缺失 | 与2935同类，碱性/容量缺失
REVIEW-MAT-01845	强光手电筒	类型: 强光手电筒	工具/照明工具	只	强光手电筒	电池类型/亮度/防水等级缺失
REVIEW-MAT-01846	机械密封	材质: 合金钢；型号: 109-35；原始: 机密封	密封件/机械密封	套	合金钢机密封109-35	适配设备/介质缺失
REVIEW-MAT-01847	高强度全螺纹螺丝	强度等级: 12.9；规格: M30*250；原始: 全芽	紧固件/螺丝	套	12.9级m30*250全芽螺丝	`全芽`疑似全牙，套件内容/材质缺失
REVIEW-MAT-01848	防水网线连接器	环境: 户外；特性: 防水；类型: 网线接头连接器	弱电安防/网络配件	套	户外防水网线接头连接器	网线类别/防护等级缺失
REVIEW-MAT-01849	激光水平仪	品牌: 莱赛；类型: 激光红外水平仪	工具/测量工具	套	莱赛激光红外水平仪	线数/精度/型号缺失
REVIEW-MAT-01850	电焊机接线夹	适配: 电焊机；部件: 接线夹	焊接工具/焊机配件	个	电焊机接线夹	电流等级/接口缺失
REVIEW-MAT-01851	电动油脂泵	容量: 6L；出口数: 3出口；配置: 带时控器	润滑设备/油脂泵	台	电动油脂泵6L-3出口带时控器	电压/压力/品牌缺失
REVIEW-MAT-01852	泥浆泵活塞	适配型号: BW-250；部件: 活塞	设备备件/泥浆泵配件	只	泥浆泵活塞BW-250	材质/厂家缺失
REVIEW-MAT-01853	泥浆泵活塞	适配型号: BW-150；部件: 活塞	设备备件/泥浆泵配件	只	泥浆泵活塞BW-150	材质/厂家缺失
REVIEW-MAT-01854	电柜散热风机	用途: 电柜散热；类型: 风机	电气/配电柜散热	只	电柜散热风机	电压/尺寸/风量缺失
REVIEW-MAT-01855	水下连接器	环境: 水下；结构: 四电二光	电气/水下连接器	套	水下连接器四电二光	防水等级/接口/耐压深度缺失
REVIEW-MAT-01856	水下连接器堵头	适配: 水下连接器；类型: 堵头	电气/水下连接器	套	水下连接器堵头	适配型号/防水等级缺失
REVIEW-MAT-01857	双电源转换器	电压: 220V；极数: 2P；电流: 20A	电气/低压电器	只	双电源转换器220V-2P-20A	切换方式/型号缺失
REVIEW-MAT-01858	光纤交换机	端口: 二光四电	弱电安防/网络设备	台	光纤交换机二光四电	速率/品牌/供电方式缺失
REVIEW-MAT-01859	变焦摄像头	功能: 变焦	弱电安防/监控设备	个	变焦摄像头	品牌/分辨率/焦距缺失
REVIEW-MAT-01860	双电源转换器	电压: 24V	电气/低压电器	只	双电源转换器24V	极数/电流/型号缺失
REVIEW-MAT-01861	漏电保护器	品牌: 德力西；极数: 2P；额定电流: 20A	电气/低压电器	只	德力西漏保开关2P/20A	分断能力/漏电动作电流缺失
REVIEW-MAT-01862	棉口罩	材质: 棉；类型: 口罩	劳保耗材/呼吸防护	只	棉口罩	状态：可合并；与2747同类，层数/防护等级缺失
REVIEW-MAT-01863	护目镜	类型: 护目眼镜	劳保耗材/眼面防护	付	护目眼镜	状态：可合并；与2635同类，防护等级缺失
REVIEW-MAT-01864	焊工手套	用途: 焊工防护	劳保耗材/手套	付	焊工手套	材质/长度/耐温等级缺失
REVIEW-MAT-01865	金属电缆防水接头	材质: 金属；螺纹: M50*1.5；特性: 防水	电气/电缆接头	只	金属电缆防水接头M50*1.5	状态：可建档 | 可合并；防护等级/适配电缆外径缺失 | 与2969同类，防护等级缺失
REVIEW-MAT-01866	宝塔钻头开孔器	类型: 宝塔钻头/开孔器；范围: 4-52	工具/钻头	套	宝塔钻头开孔器4-52	材质/柄型缺失
REVIEW-MAT-01867	除锈剂	品牌: WD40；容量: 500mL	化工耗材/除锈润滑剂	瓶	WD40除锈剂500ML	状态：可建档 | 可合并；具体型号/SDS缺失 | 与2971同类，型号/SDS缺失
REVIEW-MAT-01868	碳弧气刨枪套装	类型: 碳弧气刨枪；线长: 2米	焊接工具/气刨工具	套	碳弧气刨枪带2米线	电流等级/接口缺失
REVIEW-MAT-01869	碳棒	直径: 8mm	焊接材料/气刨耗材	盒	碳棒8mm	长度/每盒数量缺失
REVIEW-MAT-01870	一次性雨衣	类型: 一次性雨衣	劳保耗材/雨具	套	一次性雨衣	尺码/厚度缺失
REVIEW-MAT-01871	金属漆	品牌: 立邦；包装: 18KG；用途: 金属	油漆涂料/金属漆	桶	立邦金属漆18KG	颜色/型号/SDS缺失
REVIEW-MAT-01872	羊毛漆刷	材质: 羊毛；规格: 大号；用途: 涂漆	涂装工具/刷子	支	羊毛漆刷大号	尺寸/等级缺失
REVIEW-MAT-01873	滚筒刷	原始: 滚桶刷；用途: 涂装	涂装工具/滚筒	只	滚桶刷	状态：可合并；疑似滚筒刷，尺寸缺失
REVIEW-MAT-01874	水封	型号: VS-75	密封件/水封	只	水封VS-75	适配设备/材质缺失
REVIEW-MAT-01875	高温润滑脂	类型: 高温黄油；包装: 16KG	油品/润滑脂	桶	高温黄油16KG	品牌/温度范围/型号缺失
REVIEW-MAT-01876	定制电箱	定制: 是；尺寸: 700*300*220	定制件/配电箱	只	定制电箱700*300*220	状态：可建档-定制件；材质/配置/图纸缺失
REVIEW-MAT-01877	不锈钢户外箱	材质: 不锈钢；环境: 户外；尺寸: 400*400*250	电气/配电箱壳体	只	不锈钢户外箱400*400*250	防护等级/板厚缺失
REVIEW-MAT-01878	不锈钢内外门电柜	材质: 不锈钢；结构: 内外门；尺寸: 1000*650*450	电气/配电柜壳体	只	不锈钢内外门电柜1000*650*450	防护等级/板厚/配置缺失
REVIEW-MAT-01879	不锈钢内外门电箱	材质: 不锈钢；结构: 内外门；尺寸: 350*250*200	电气/配电箱壳体	只	不锈钢内外门电箱350*250*200	防护等级/板厚/配置缺失
REVIEW-MAT-01880	除锈剂	品牌: 陶喜；容量: 450mL	化工耗材/除锈润滑剂	瓶	陶喜除锈剂450mL	型号/SDS缺失
REVIEW-MAT-01881	头盔式面罩	类型: 头盔式面罩	劳保耗材/眼面防护	只	头盔式面罩	防护等级/用途缺失
REVIEW-MAT-01882	油性记号笔	颜色: 红色；类型: 油性	办公用品/书写工具	支	红色油性记号笔	品牌/粗细缺失
REVIEW-MAT-01883	管钳	品牌: 世达；规格: 14寸	工具/手动工具	把	世达管钳14寸	型号缺失
REVIEW-MAT-01884	消防铲	类型: 消防铲	安全消防/消防工具	把	消防铲	材质/长度缺失
REVIEW-MAT-01885	指示灯	安装孔径: M22；颜色: 红+绿	电气/按钮指示元件	只	指示灯M22 红+绿	电压/触点形式缺失
REVIEW-MAT-01886	调速电位器	品牌: 施耐德；阻值: 5K；用途: 调速	电气/按钮指示元件	只	施耐德调速电位器5K	安装孔径/型号缺失
REVIEW-MAT-01887	按钮开关	颜色: 红+绿；类型: 按钮开关	电气/按钮指示元件	只	按钮开关红+绿	安装孔径/触点形式/电压缺失
REVIEW-MAT-01888	转换开关	类型: 按钮转换开关	电气/按钮指示元件	只	按钮转换开关	档位/触点形式/孔径缺失
REVIEW-MAT-01889	继电器套装	品牌: 施耐德；电压: 220V；电流: 5A；配置: 带底座	电气/继电器	套	施耐德继电器带底座220V/5A	触点组数/型号缺失
REVIEW-MAT-01890	黄油嘴	材质: 纯铜；规格: M10	设备润滑/黄油嘴	只	纯铜黄油咀M10	角度/螺纹牙距缺失
REVIEW-MAT-01891	刀片	品牌: 锐锋；类型: 刀片	工具/刀片	盒	锐锋刀片	规格/每盒数量缺失
REVIEW-MAT-01892	液态密封胶	品牌: 三和；类型: 液态密封胶	胶粘剂/密封胶	支	三和液态密封胶	容量/型号/耐温缺失
REVIEW-MAT-01893	带盖方桶	材质: 牛筋；容量: 6L；配置: 带盖	容器/塑料桶	个	牛筋带盖方桶6L	状态：可合并；与2600同类，尺寸/颜色缺失
REVIEW-MAT-01894	电位器	品牌: 天逸；型号: LA42D；阻值: 5K	电气/按钮指示元件	只	天逸电位器LA42D-5K	安装孔径/用途缺失
REVIEW-MAT-01895	老虎钳	品牌: 得力；类型: 老虎钳	工具/手动工具	把	得力老虎钳	规格/型号缺失
REVIEW-MAT-01896	尖嘴钳	品牌: 得力；类型: 尖嘴钳	工具/手动工具	把	得力尖嘴钳	规格/型号缺失
REVIEW-MAT-01897	一字螺丝刀	类型: 一字	工具/手动工具	把	一字螺丝刀	规格/杆长/品牌缺失
REVIEW-MAT-01898	十字螺丝刀	类型: 十字	工具/手动工具	把	十字螺丝刀	规格/杆长/品牌缺失
REVIEW-MAT-01899	管型接线端子	类型: 管型；适配线径: 2.5平方	电气/接线端子	包	管型接线端子2.5平方	每包数量/颜色/端头形式缺失
REVIEW-MAT-01900	垃圾袋	颜色: 黑色；尺寸: 1.2米*1.4米	行政后勤/清洁用品	条	黑色垃圾袋1.2米*1.4米	厚度/每包数量缺失
REVIEW-MAT-01901	吊钩保险扣	适配: 行车吊钩；额定载荷: 20T；部件: 保险扣	吊装索具/吊钩配件	个	行车吊钩保险扣20T	适配吊钩型号/材质缺失
REVIEW-MAT-01902	吊钩保险扣	适配: 行车吊钩；额定载荷: 16T；部件: 保险扣	吊装索具/吊钩配件	个	行车吊钩保险扣16T	适配吊钩型号/材质缺失
REVIEW-MAT-01903	不锈钢单向阀	材质: 不锈钢；规格: 1寸；类型: 单向阀	阀门/单向阀	只	不锈钢单向阀1寸	状态：可建档 | 可合并；压力等级/连接形式缺失 | 与3023同类，压力等级/连接形式缺失
REVIEW-MAT-01904	阻燃挤塑板	特性: 阻燃；尺寸: 2.2m*0.6m*0.1m；数量描述: 116块	保温材料/挤塑板	平方	阻燃挤塑板2.2m*0.6m*0.1m*116块	阻燃等级/密度缺失
REVIEW-MAT-01905	阻燃挤塑板	特性: 阻燃；尺寸: 2.2m*0.6m*0.05m；数量描述: 64块	保温材料/挤塑板	平方	阻燃挤塑板2.2m*0.6m*0.05m*64块	阻燃等级/密度缺失
REVIEW-MAT-01906	明装开关底盒	品牌: 公牛；安装: 明装；部件: 底盒底座	电气/开关插座辅材	套	公牛明装开关底盒底座	规格/孔位缺失
REVIEW-MAT-01907	透明硅晶板	颜色: 透明；尺寸: 0.8m*0.45m*0.05m	板材/硅晶板	块	透明硅晶板0.8m*0.45m*0.05m	材质等级/用途缺失
REVIEW-MAT-01908	墙纸	颜色: 白色；尺寸: 3m*0.325m	建筑装饰材料/墙纸	块	白色墙纸3m*0.325m	材质/胶面/单位是否卷需确认
REVIEW-MAT-01909	多层实木板	材质: 多层实木；尺寸: 2.44m*1.22m*0.018m	木材板材/实木板	张	多层实木板2.44m*1.22m*0.018m	等级/环保等级缺失
REVIEW-MAT-01910	油漆滚筒	用途: 油漆	涂装工具/滚筒	包	油漆滚筒	状态：可合并；与2614同类，每包数量/尺寸缺失
REVIEW-MAT-01911	滚筒柄	部件: 滚筒柄	涂装工具/滚筒配件	把	滚筒柄	适配滚筒宽度/长度缺失
REVIEW-MAT-01912	不锈钢钻头	用途/材质: 不锈钢；直径: 3.2mm	工具/钻头	支	不锈钢钻头3.2mm	材质/柄型缺失
REVIEW-MAT-01913	镀锌板剪刀	材质: 合金钢；用途: 镀锌板；规格: 20寸	工具/剪切工具	把	合金钢镀锌板剪刀20寸	剪切厚度/品牌缺失
REVIEW-MAT-01914	铣刀钻头	用途/材质: 不锈钢；直径: 4mm	工具/钻铣刀具	支	不锈钢铣刀钻头4mm	刀具类型/柄径缺失
REVIEW-MAT-01915	铣刀钻头	用途/材质: 不锈钢；直径: 10mm	工具/钻铣刀具	支	不锈钢铣刀钻头10mm	刀具类型/柄径缺失
REVIEW-MAT-01916	管型接线端子	类型: 管型；适配线径: 4平方	电气/接线端子	包	管型接线端子4平方	每包数量/颜色/端头形式缺失
REVIEW-MAT-01917	切割片	直径: Φ355	磨具磨料/切割片	片	切割片Φ355	状态：可建档 | 可合并；厚度/孔径/材质缺失 | 与3045同类，厚度/孔径缺失
REVIEW-MAT-01918	钢丝刷	柄材质: 铁柄；类型: 钢丝刷	涂装工具/刷子	个	铁柄钢丝刷	尺寸/形制缺失
REVIEW-MAT-01919	不锈钢钻头	用途/材质: 不锈钢；直径: 6mm	工具/钻头	支	不锈钢钻头6mm	材质/柄型缺失
REVIEW-MAT-01920	不锈钢钻头	用途/材质: 不锈钢；直径: 4mm	工具/钻头	支	不锈钢钻头4mm	材质/柄型缺失
REVIEW-MAT-01921	电钻夹头钥匙	适配: 电钻夹头；部件: 钥匙	电动工具/电钻配件	把	电钻夹头钥匙	适配夹头规格缺失
REVIEW-MAT-01922	防水乳胶漆	品牌: 立邦；特性: 防水；包装: 18KG	油漆涂料/乳胶漆	桶	立邦防水乳胶漆18KG	状态：可建档 | 可合并；颜色/型号/SDS缺失 | 与3051同类，颜色/型号缺失
REVIEW-MAT-01923	四氟垫片	加工: 是；材质: 四氟；规格: Φ450*440*2	定制件/密封垫片	件	加工四氟垫片Φ450*440*2	状态：可建档-定制件；内外径含义/图纸缺失
REVIEW-MAT-01924	防水乳胶漆	品牌: 立邦；颜色: 白色；特性: 防水；包装: 18KG	油漆涂料/乳胶漆	桶	立邦白色防水乳胶漆18KG	型号/SDS缺失
REVIEW-MAT-01925	油漆滚筒	规格: 大号	涂装工具/滚筒	个	大号滚筒 | 大滚筒	状态：可合并；与2614同类，是否油漆滚筒需确认 | 与2614同类，尺寸/毛长缺失
REVIEW-MAT-01926	油漆滚筒	规格: 中号	涂装工具/滚筒	个	中号滚筒	尺寸/毛长缺失
REVIEW-MAT-01927	一字螺丝刀	品牌: 得力；类型: 一字	工具/手动工具	把	得力一字螺丝刀	规格/杆长缺失
REVIEW-MAT-01928	UPVC饮水管	品牌: 公元；材质: UPVC；用途: 饮水；直径: Φ25	管材/UPVC给水管	米	公元UPVCΦ25饮水管	给水标准/压力等级/壁厚缺失
REVIEW-MAT-01929	UPVC Y型三通	品牌: 公元；材质: UPVC；直径: Φ25；类型: Y型三通	管件/UPVC给水管件	只	公元UPVCΦ25Y型三通	给水标准/压力等级缺失
REVIEW-MAT-01930	UPVC三通	品牌: 公元；材质: UPVC；直径: Φ25；类型: 三通	管件/UPVC给水管件	只	公元UPVCΦ25三通	给水标准/压力等级缺失
REVIEW-MAT-01931	UPVC弯头	品牌: 公元；材质: UPVC；直径: Φ25；角度: 90度	管件/UPVC给水管件	只	公元UPVCΦ25弯头90度	给水标准/压力等级缺失
REVIEW-MAT-01932	UPVC弯头	品牌: 公元；材质: UPVC；直径: Φ25；角度: 45度	管件/UPVC给水管件	只	公元UPVCΦ25弯头45度	给水标准/压力等级缺失
REVIEW-MAT-01933	UPVC直接	品牌: 公元；材质: UPVC；直径: Φ25；类型: 直接	管件/UPVC给水管件	只	公元UPVCΦ25直接头	给水标准/压力等级缺失
REVIEW-MAT-01934	不锈钢合页	材质: 不锈钢；类型: 合页	五金/门窗五金	付	不锈钢合页	尺寸/厚度缺失
REVIEW-MAT-01935	带刹车万向脚轮	类型: 万向轮；配置: 带刹车	物流搬运/脚轮	只	万向轮带刹车	尺寸/载重缺失
REVIEW-MAT-01936	不锈钢门插销	材质: 不锈钢；用途: 门；类型: 插销	五金/门窗五金	套	不锈钢门插销	尺寸/孔距缺失
REVIEW-MAT-01937	不锈钢锁扣	材质: 不锈钢；用途: 外门；类型: 锁扣	五金/锁具配件	套	不锈钢外门锁扣	状态：可合并；与2905同类，尺寸/孔距缺失
REVIEW-MAT-01938	焊条	品牌: 大西洋；牌号: 422；直径: 2.5	焊接材料/焊条	箱	大西洋422型2.5焊条	每箱重量/执行标准缺失
REVIEW-MAT-01939	焊条	品牌: 大西洋；牌号: 422；直径: 3.2	焊接材料/焊条	箱	大西洋422型3.2焊条	每箱重量/执行标准缺失
REVIEW-MAT-01940	时间继电器	品牌: 施耐德；类型: 多功能时间继电器	电气/继电器	只	施耐德多功能时间继电器	电压/型号/时间范围缺失
REVIEW-MAT-01941	一次性雨衣	特征: 加厚；类型: 一次性雨衣	劳保耗材/雨具	套	加厚一次性雨衣	状态：可合并；与2975同类，尺码/厚度缺失
REVIEW-MAT-01942	电箱刀闸推拉杆	适配: 1级电箱刀闸；部件: 推拉杆	电气/配电箱配件	只	1级电箱刀闸推拉杆	尺寸/适配刀闸型号缺失
REVIEW-MAT-01943	内墙乳胶漆	品牌: 立邦；系列: 云净；特性: 抗甲醛；用途: 内墙；包装: 5L	油漆涂料/乳胶漆	桶	立邦云净抗甲醛内墙乳胶漆5L	颜色/型号缺失
REVIEW-MAT-01944	刮板	类型: 刮板	涂装工具/刮板	个	刮板	材质/尺寸缺失
REVIEW-MAT-01945	不锈钢门吸	材质: 304不锈钢；类型: 门柱吸/门吸	五金/门窗五金	付	304不锈钢门柱吸	安装方式/尺寸缺失
REVIEW-MAT-01946	断桥铝门锁	材质: 铝合金；适配: 断桥铝门；类型: 门锁	五金/锁具	套	铝合金断桥铝门锁	锁体规格/执手方向缺失
REVIEW-MAT-01947	羊毛刷	规格: 4寸；材质: 羊毛	涂装工具/刷子	把	羊毛刷4寸	状态：可合并；与2676同类
REVIEW-MAT-01948	锰钢链条	材质: 锰钢；规格: 22mm	吊装索具/链条	米	锰钢链条22mm	等级/破断拉力缺失
REVIEW-MAT-01949	起重链条调节器	额定载荷: 15T；类型: 调节器	吊装索具/链条配件	个	起重链条调节器15T	材质/适配链条规格缺失
REVIEW-MAT-01950	蝴蝶扣子母环	额定载荷: 15T；类型: 蝴蝶扣子母环	吊装索具/链条配件	个	蝴蝶扣子母环15T	材质/标准缺失
REVIEW-MAT-01951	环形钢丝绳	定制: 是；结构: 环形；直径: 40mm；长度: 1.5m	定制件/吊装索具	个	订做环形钢丝绳40mm*1.5m	状态：可建档-定制件；钢丝绳结构/安全载荷/压制方式缺失
REVIEW-MAT-01952	弓形卸扣	结构: 美式弓形；强度: 高强度；额定载荷: 17T	吊装索具/卸扣	只	美式高强度弓形卸扣17T	状态：可合并；与2868同载荷但结构不同，标准/材质缺失
REVIEW-MAT-01953	手动液压叉车	品牌: 诺力；类型: 手动液压；额定载荷: 2T	物流搬运/叉车	台	诺力手动液压叉车2T	货叉长度/升高高度缺失
REVIEW-MAT-01954	垃圾桶	容量: 120L	行政后勤/清洁用品	个	垃圾桶120L	材质/颜色缺失
REVIEW-MAT-01955	电流表	品牌: 人民；型号: 6L2；变比: 600/5A	仪表/电气仪表	只	人民电流表6L2-600/5A	精度/安装尺寸缺失
REVIEW-MAT-01956	电缆	品牌: 起帆；规格: 3*2.5	电气/电线电缆	米	起帆电缆3*2.5	电缆型号/电压等级缺失
REVIEW-MAT-01957	电缆	品牌: 起帆；规格: 3*6+2*2.5	电气/电线电缆	米	起帆电缆3*6+2*2.5	电缆型号/护套材质缺失
REVIEW-MAT-01958	浸胶手套	类型: 浸胶手套	劳保耗材/手套	付	浸胶手套	材质/尺码/涂层类型缺失
REVIEW-MAT-01959	螺丝套件	强度等级: 8.8；规格: M10*80；包含: 平垫+弹垫	紧固件/螺丝套件	套	8.8级M10*80螺丝带平 弹垫	材质/螺母是否包含需确认
REVIEW-MAT-01960	电线扎丝	用途: 电线绑扎	电气耗材/绑扎耗材	卷	电线扎丝	材质/长度缺失
REVIEW-MAT-01961	泡沫棉双面胶	品牌: 3M；宽度: 10mm；材质: 泡沫棉	胶带/工业胶带	卷	10mm宽泡沫棉双面胶3M	长度/型号缺失
REVIEW-MAT-01962	氧气乙炔管	介质: 氧气+乙炔；类型: 软管	焊接工具/气体软管	卷	氧气 乙炔管	状态：可建档 | 可合并；内径/长度/压力等级缺失 | 与3105同类，内径/长度缺失
REVIEW-MAT-01963	割枪	型号: 100型；长度: 长款	焊接工具/气割工具	把	割枪100型长款	适用气体/品牌缺失
REVIEW-MAT-01964	三脚插头	品牌: 公牛；极数: 三脚；电压: 220V；额定电流: 10A	电气/插头插座	只	公牛三脚插头220V/10A	型号/防护等级缺失
REVIEW-MAT-01965	氧气减压表	介质: 氧气；类型: 减压表	焊接工具/气体仪表	只	氧气减压表	量程/接口缺失
REVIEW-MAT-01966	乙炔减压表	介质: 乙炔；类型: 减压表	焊接工具/气体仪表	只	乙炔减压表	状态：可合并；与2805同类，量程/接口缺失
REVIEW-MAT-01967	除锈剂	品牌: WD40；容量: 350mL	化工耗材/除锈润滑剂	瓶	WD40除锈剂350ML	型号/SDS缺失
REVIEW-MAT-01968	堵漏王	类型: 堵漏王	建材/堵漏材料	袋	堵漏王	品牌/包装重量/性能缺失
REVIEW-MAT-01969	镀锌外丝直接	表面: 镀锌；连接: 外丝；规格: 3寸；类型: 直接	管件/镀锌管件	只	镀锌外丝直接头3寸	材质/压力等级缺失
REVIEW-MAT-01970	镀锌外丝直接	表面: 镀锌；连接: 外丝；规格: 2寸；类型: 直接	管件/镀锌管件	只	镀锌外丝直接头2寸 | 镀锌外丝直接2寸	状态：可建档 | 可合并；材质/压力等级缺失 | 与3113同类，材质/压力等级缺失
REVIEW-MAT-01971	镀锌内丝直接	表面: 镀锌；连接: 内丝；规格: 3寸；类型: 直接	管件/镀锌管件	只	镀锌内丝直接头3寸	状态：可合并；与2823同类，材质/压力等级缺失
REVIEW-MAT-01972	镀锌内丝直接	表面: 镀锌；连接: 内丝；规格: 2寸；类型: 直接	管件/镀锌管件	只	镀锌内丝直接头2寸 | 镀锌内丝直接2寸	状态：可建档 | 可合并；材质/压力等级缺失 | 与3115同类，材质/压力等级缺失
REVIEW-MAT-01973	不锈钢法兰蝶阀	材质: 304；连接: 法兰式；公称通径: DN150	阀门/蝶阀	只	304法兰式蝶阀DN150	状态：可建档 | 可合并；压力等级/密封材质缺失 | 与3116同类，压力等级/密封材质缺失
REVIEW-MAT-01974	方木	截面: 30*30；长度: 3.6m	建筑材料/木材	根	方木30*30*3.6m	状态：可建档 | 可合并；木材等级/材质缺失 | 与3117同类，材质等级缺失
REVIEW-MAT-01975	锂电手电钻套装	品牌: 东成；供电: 锂电；配置: 二电一充	电动工具/手电钻	台	东成锂电手电钻二电一充	电压/夹头规格/型号缺失
REVIEW-MAT-01976	焊工眼镜	用途: 电焊防护	劳保耗材/眼面防护	付	电焊眼镜	状态：可合并；与2792同类，遮光号缺失
REVIEW-MAT-01977	镀锌平垫	表面: 镀锌；规格: M8；类型: 平垫	紧固件/垫圈	只	镀锌平垫m8	外径/厚度/标准缺失
REVIEW-MAT-01978	开口销	规格: M3*60；类型: 开口销	紧固件/销	只	开口销m3*60	材质/标准缺失
REVIEW-MAT-01979	加厚周转箱	特征: 加厚；尺寸: 570*420*155	容器/周转箱	个	加厚周转箱570*420*155	材质/颜色缺失
REVIEW-MAT-01980	对讲机	品牌: 小米；代际: 二代	通信设备/对讲机	部	小米二代对讲机	状态：可建档 | 可合并；频段/型号缺失 | 与3127同类，频段/型号缺失
REVIEW-MAT-01981	沟槽式蝶阀	连接: 沟槽式；公称通径: DN150	阀门/蝶阀	只	沟槽式蝶阀DN150	材质/压力等级缺失
REVIEW-MAT-01982	镀锌三通	表面: 镀锌；规格: 2寸；类型: 三通	管件/镀锌管件	只	镀锌三通2寸	状态：可建档 | 可合并；材质/连接方式缺失 | 与3129同类，材质/压力等级缺失
REVIEW-MAT-01983	镀锌内丝弯头	表面: 镀锌；连接: 内丝；规格: 2寸；类型: 弯头	管件/镀锌管件	只	镀锌内丝弯头2寸	状态：可建档 | 可合并；角度/压力等级缺失 | 与3130同类，角度/压力等级缺失
REVIEW-MAT-01984	镀锌内丝弯头	表面: 镀锌；连接: 内丝；规格: 3寸；类型: 弯头	管件/镀锌管件	只	镀锌内丝弯头3寸	角度/压力等级缺失
REVIEW-MAT-01985	焊接变径接头	连接: 焊接；规格: 150/2寸；类型: 变径接头	管件/焊接管件	只	焊接变径接头150/2寸	材质/压力等级缺失
REVIEW-MAT-01986	焊接变径接头	连接: 焊接；规格: 150/3寸；类型: 变径接头	管件/焊接管件	只	焊接变径接头150/3寸	材质/压力等级缺失
REVIEW-MAT-01987	石笔	类型: 石笔	焊接耗材/划线工具	盒	石笔	每盒数量/规格缺失
REVIEW-MAT-01988	泥桶	用途: 泥浆/砂浆	施工工具/桶具	个	泥桶	状态：可合并；与2616同类，容量/材质缺失
REVIEW-MAT-01989	地线夹	额定电流: 500A；类型: 地线夹	焊接工具/焊机配件	把	500A地线夹	接线范围/材质缺失
REVIEW-MAT-01990	密目安全网	类型: 密目；尺寸: 6m*1.2m	安全防护/防护网	张	密目安全网6m*1.2m	材质/阻燃等级/目数缺失
REVIEW-MAT-01991	高压管总成	直径: Φ13；长度: 50m；配置: 两端接头	液压/高压管路	根	高压管带两端接头Φ13-50m	压力等级/接头形式缺失
REVIEW-MAT-01992	透明胶带	颜色: 透明	胶带/办公工业胶带	卷	透明胶带	状态：可建档 | 可合并；宽度/长度/品牌缺失 | 与3139同类，宽度/长度缺失
REVIEW-MAT-01993	带盖周转箱	特征: 加厚；配置: 带盖；尺寸: 830*580*500	容器/周转箱	个	加厚周转箱带盖830*580*500	材质/颜色缺失
REVIEW-MAT-01994	建筑模板	颜色: 红；尺寸: 2.4m*1.22m；厚度: 15mm	建筑材料/模板	张	红模板2.4m*1.22m*15mm	材质/周转次数缺失
REVIEW-MAT-01995	彩钢板	尺寸: 2.3m*1m	建筑材料/彩钢板	块	彩钢板2.3m*1m	厚度/颜色/镀层缺失
REVIEW-MAT-01996	万向扣件	类型: 万向扣件	建筑施工耗材/脚手架扣件	只	万向扣件	适配管径/材质缺失
REVIEW-MAT-01997	十字扣件	类型: 十字扣件	建筑施工耗材/脚手架扣件	只	十字扣件	适配管径/材质缺失
REVIEW-MAT-01998	直接扣件	类型: 直接扣件	建筑施工耗材/脚手架扣件	只	直接扣件	适配管径/材质缺失
REVIEW-MAT-01999	软胶枪	品牌: 世达；类型: 软胶枪	工具/手动工具	把	世达软胶枪	适配胶筒容量/型号缺失
REVIEW-MAT-02000	螺纹钢筋加工件	加工: 是；直径: Φ20；长度: 40cm	定制件/钢筋加工件	根	加工螺纹钢筋Φ20*40cm	状态：可建档-定制件；材质/用途/图纸缺失
REVIEW-MAT-02001	不锈钢外螺纹对接头	材质: 不锈钢；连接: 外螺纹；规格: 4分	管件/不锈钢管件	只	不锈钢外螺纹对接头4分	材质牌号/压力等级缺失
REVIEW-MAT-02002	不锈钢变径对丝	材质: 不锈钢；连接: 外螺纹；规格: 6分变4分	管件/不锈钢管件	只	不锈钢外螺纹对丝变径6分变4分	材质牌号/压力等级缺失
REVIEW-MAT-02003	不锈钢外螺纹对接头	材质: 不锈钢；连接: 外螺纹；规格: 6分	管件/不锈钢管件	只	不锈钢外螺纹对接头6分	材质牌号/压力等级缺失
REVIEW-MAT-02004	建筑模板	颜色: 黑；尺寸: 2.4m*1.22m；厚度: 15mm	建筑材料/模板	张	黑模板2.4m*1.22m*15mm	材质/周转次数缺失
REVIEW-MAT-02005	螺纹钢筋加工件	加工: 是；直径: Φ20；长度: 60cm	定制件/钢筋加工件	根	加工螺纹钢筋Φ20*60cm	状态：可建档-定制件；材质/用途/图纸缺失
REVIEW-MAT-02006	建筑模板	颜色: 红；尺寸: 2.4m*1.22m；厚度: 15mm	建筑材料/模板	块	红模板2.4m*1.22m*15mm	状态：可合并；与3141同类，单位张/块需统一
REVIEW-MAT-02007	活动扳手	品牌: 世达；规格: 12寸	工具/手动工具	把	世达活动扳手12寸	型号缺失
REVIEW-MAT-02008	活动扳手	品牌: 世达；规格: 10寸	工具/手动工具	把	世达活动扳手10寸	型号缺失
REVIEW-MAT-02009	不锈钢挂锁	材质: 不锈钢；规格: 40	五金/锁具	把	不锈钢挂锁40	状态：可合并；与2724同类，锁梁规格缺失
REVIEW-MAT-02010	焊工眼镜	用途: 电焊防护；颜色: 白色/灰色	劳保耗材/眼面防护	付	电焊眼镜白色 灰色	遮光号/款式缺失
REVIEW-MAT-02011	钢卷尺	品牌: 得力；长度: 3m	工具/测量工具	把	得力钢卷尺3m	宽度/精度缺失
REVIEW-MAT-02012	钢卷尺	品牌: 得力；长度: 5m	工具/测量工具	把	得力钢卷尺5m	状态：可合并；与2785同类，宽度/精度缺失
REVIEW-MAT-02013	钢卷尺	品牌: 得力；长度: 7.5m	工具/测量工具	把	得力钢卷尺7.5m	宽度/精度缺失
REVIEW-MAT-02014	钢卷尺	品牌: 得力；长度: 10m	工具/测量工具	把	得力钢卷尺10m	状态：可合并；与2784同类，宽度/精度缺失
REVIEW-MAT-02015	焊罩镜片	适配: 焊罩；颜色: 白/黑	劳保耗材/眼面防护	盒	焊罩镜片 白 黑	遮光号/每盒数量缺失
REVIEW-MAT-02016	加厚周转箱	特征: 加厚；尺寸: 600*400*150	容器/周转箱	个	加厚周转箱600*400*150	材质/颜色缺失
REVIEW-MAT-02017	钻头	品牌: 博世；柄型: 二坑三槽；直径: Φ20；长度: 280	工具/钻头	支	博世二坑三槽钻头Φ20*280	材质/适配设备缺失
REVIEW-MAT-02018	钻头	品牌: 博世；柄型: 二坑三槽；直径: Φ22；长度: 280	工具/钻头	支	博世二坑三槽钻头Φ22*280	材质/适配设备缺失
REVIEW-MAT-02019	碳刷	规格: 900#	电动工具/电机配件	副	碳刷900#	尺寸/适配电机缺失
REVIEW-MAT-02020	碳刷	规格: 43#	电动工具/电机配件	副	碳刷43#	尺寸/适配电机缺失
REVIEW-MAT-02021	膨胀止水条	规格: 5mm*30mm；类型: 膨胀止水条	建材/防水材料	米	膨胀止水条5mm*30mm	材质/膨胀率缺失
REVIEW-MAT-02022	尼龙扎带	规格: 8*300	电气耗材/扎带	包	扎带8*300	每包数量/材质缺失
REVIEW-MAT-02023	不锈钢烟灰桶	材质: 304不锈钢；类型: 烟灰桶	行政后勤/清洁用品	个	304不锈钢烟灰桶	容量/尺寸缺失
REVIEW-MAT-02024	插线板	品牌: 公牛；结构: 双排；线长: 3m	电气/插排	只	公牛双排插板3m	插位数/额定电流缺失
REVIEW-MAT-02025	火钳	类型: 火钳	工具/夹持工具	把	火钳	长度/材质缺失
REVIEW-MAT-02026	铜接线端子	材质: 铜；适配线径: 185平方	电气/接线端子	只	铜接头185平方	孔径/端子类型缺失
REVIEW-MAT-02027	高压防水自粘带	品牌: 3M；特性: 高压防水；类型: 自粘带	电气耗材/绝缘胶带	卷	3M高压防水自粘带	宽度/长度/型号缺失
REVIEW-MAT-02028	接地桩	规格: M16*1m；用途: 接地	电气/接地材料	根	接地桩M16*1m	材质/镀层缺失
REVIEW-MAT-02029	镀锌螺丝套件	表面: 镀锌；规格: M12*30	紧固件/螺丝套件	套	镀锌螺丝M12*30	套件内容/强度等级缺失
REVIEW-MAT-02030	双色接地线	品牌: 起帆；用途: 接地；截面积: 16平方；颜色: 双色	电气/电线电缆	米	起帆双色接地线16平方	状态：可建档 | 可合并；具体颜色/型号缺失 | 与3187同类，具体颜色缺失
REVIEW-MAT-02031	绝缘电阻表	品牌: 人民；测试电压: 500V；量程: 500兆欧	仪表/电气仪表	只	人民摇表500V-500兆欧	精度/型号缺失
REVIEW-MAT-02032	洗洁精	包装: 2KG	清洁耗材/清洁剂	桶	洗洁精2KG	品牌/用途缺失
REVIEW-MAT-02033	气动油	品牌: 卡仕顿；等级: 特级；容量: 250mL	油品/润滑油	瓶	卡仕顿特级气动油250mL	粘度等级/型号缺失 | 粘度等级/SDS缺失
REVIEW-MAT-02034	时控开关	品牌: 施耐德；电压: 220V；额定电流: 10A	电气/低压电器	只	施耐德时控开关220V/10A	型号/程序功能缺失
REVIEW-MAT-02035	绝缘橡胶板	特性: 绝缘；厚度: 3mm	绝缘材料/橡胶板	KG	绝缘橡胶板3mm	耐压等级/宽度长度缺失
REVIEW-MAT-02036	插座	型号: DKJ35-50；颜色: 黑色	电气/插头插座	只	DKJ35-50黑色插座	额定电流/接口类型缺失
REVIEW-MAT-02037	工字钢	规格: 16#	钢材/型钢	米	工字钢16#	材质/标准缺失
REVIEW-MAT-02038	交流接触器	品牌: 人民；系列/型号: CJX2-1810	电气/低压电器	只	人民交流接触器CJX2-1810	线圈电压缺失
REVIEW-MAT-02039	冷压线鼻端子	类型: OT；规格: 2.5-4	电气/接线端子	包	冷压线鼻端子OT2.5-4	材质/每包数量缺失
REVIEW-MAT-02040	冷压线鼻端子	类型: OT；规格: 4-6	电气/接线端子	包	冷压线鼻端子OT4-6	材质/每包数量缺失
REVIEW-MAT-02041	冷压线鼻端子	类型: OT；规格: 6-8	电气/接线端子	包	冷压线鼻端子OT6-8	材质/每包数量缺失
REVIEW-MAT-02042	剥线钳	类型: 多功能剥线钳	工具/电工工具	把	多功能剥线钳	剥线范围/品牌缺失
REVIEW-MAT-02043	感应电笔	类型: 感应电笔	工具/电工工具	支	感应电笔	测量范围/品牌缺失
REVIEW-MAT-02044	钳形电流表	精度: 高精度；量程: 1000A	仪表/电气仪表	个	高精度钳流表1000A	品牌/精度等级/交直流缺失
REVIEW-MAT-02045	电工包	材质: 帆布；用途: 电工	工具/工具包	个	帆布电工包	尺寸/格数缺失
REVIEW-MAT-02046	三叉套筒扳手	规格: 14-17-19；类型: 三叉套筒	工具/手动工具	把	三叉套筒扳手14-17-19	材质/品牌缺失
REVIEW-MAT-02047	三叉套筒扳手	规格: 13-16-18；类型: 三叉套筒	工具/手动工具	把	三叉套筒扳手13-16-18	材质/品牌缺失
REVIEW-MAT-02048	三叉套筒扳手	规格: 10-12-14；类型: 三叉套筒	工具/手动工具	把	三叉套筒扳手10-12-14	材质/品牌缺失
REVIEW-MAT-02049	T型套筒扳手套装	类型: T型套筒；规格范围: 8-19；件数: 6件	工具/手动工具	套	T型套筒扳手8-19/6件套装	材质/品牌缺失
REVIEW-MAT-02050	绝缘十字螺丝刀	头型: 十字；规格: 4*100；特性: 绝缘	工具/电工工具	把	绝缘十字螺丝刀4*100	绝缘耐压等级/品牌缺失
REVIEW-MAT-02051	绝缘十字螺丝刀	头型: 十字；规格: 5*125；特性: 绝缘	工具/电工工具	把	绝缘十字螺丝刀5*125	绝缘耐压等级/品牌缺失
REVIEW-MAT-02052	绝缘一字螺丝刀	头型: 一字；规格: 3*75；特性: 绝缘	工具/电工工具	把	绝缘一字螺丝刀3*75	绝缘耐压等级/品牌缺失
REVIEW-MAT-02053	插座	型号: DKJ35-50；颜色: 红色	电气/插头插座	只	DKJ35-50红色插座	额定电流/接口类型缺失
REVIEW-MAT-02054	开口铜鼻子	材质: 铜；类型: 开口铜鼻子；规格: 300A	电气/接线端子	只	开口铜鼻子300A	线径/孔径缺失
REVIEW-MAT-02055	花兰螺丝	规格: M14*200；类型: 花兰螺丝	紧固件/拉紧件	只	花兰螺丝M14*200	材质/表面处理缺失
REVIEW-MAT-02056	镀锌膨胀钩	表面: 镀锌；规格: M12*125；类型: 膨胀钩	紧固件/膨胀件	只	镀锌膨胀钩M12*125	材质/承载缺失
REVIEW-MAT-02057	镀锌螺丝套件	强度等级: 8.8；规格: M16*70；表面: 镀锌；包含: 平垫+弹垫	紧固件/螺丝套件	套	8.8级M16*70镀锌螺丝带平 弹垫	螺母是否包含需确认
REVIEW-MAT-02058	浮球液位开关	类型: 浮球开关；线长: 10m	电气/液位控制	只	浮球阀开关带10m线	电压/触点容量/介质缺失
REVIEW-MAT-02059	不锈钢C式自锁接头套装	材质: 不锈钢；类型: C式自锁；型号组合: SM40+PM40	气动液压/快换接头	套	不锈钢C式自锁接头SM40+PM40	口径/密封材质缺失
REVIEW-MAT-02060	不锈钢快接公头	材质: 不锈钢；类型: 快接公头；型号: PP20	气动液压/快换接头	只	不锈钢快接公头PP20	口径/系列标准缺失
REVIEW-MAT-02061	不锈钢快接公头	材质: 不锈钢；类型: 快接公头；型号: PP30	气动液压/快换接头	只	不锈钢快接公头PP30	口径/系列标准缺失
REVIEW-MAT-02062	不锈钢快接公头	材质: 不锈钢；类型: 快接公头；型号: PP60	气动液压/快换接头	只	不锈钢快接公头PP60	口径/系列标准缺失
REVIEW-MAT-02063	不锈钢快拧外丝直接	材质: 不锈钢；类型: 快拧外丝直接；型号: PC16-04	气动液压/快拧接头	只	不锈钢快拧外丝直接PC16-04	螺纹制式/管径缺失
REVIEW-MAT-02064	螺丝套件	强度等级: 8.8；规格: M16*130；包含: 平垫+弹垫	紧固件/螺丝套件	套	8.8级M16*130螺丝带平 弹垫	材质/螺母是否包含缺失
REVIEW-MAT-02065	编织袋	规格: 大号；类型: 编织袋	包装材料/编织袋	条	大编织袋	尺寸/承重缺失
REVIEW-MAT-02066	麻袋	规格: 大号；类型: 麻袋	包装材料/麻袋	条	大麻袋	尺寸/材质缺失
REVIEW-MAT-02067	镀锌外丝直接	表面: 镀锌；连接: 外丝；规格: 4分；类型: 直接	管件/镀锌管件	只	镀锌外丝直接4分	材质/压力等级缺失
REVIEW-MAT-02068	镀锌内丝弯头	表面: 镀锌；连接: 内丝；规格: 4分；类型: 弯头	管件/镀锌管件	只	镀锌内丝弯头4分	角度/压力等级缺失
REVIEW-MAT-02069	异形垫片	定制: 是；原始: 异性；尺寸: 330*260*5	定制件/密封垫片	个	订做异性垫片330*260*5	状态：可建档-定制件；`异性`疑似异形，材质/图纸缺失
REVIEW-MAT-02070	不锈钢高压球阀	材质: 304不锈钢；规格: 2寸；类型: 高压球阀	阀门/球阀	只	304不锈钢高压球阀2寸	压力等级/连接形式缺失
REVIEW-MAT-02071	镀锌外丝直接	表面: 镀锌；连接: 外丝；规格: 2寸；长度: 150mm	管件/镀锌管件	只	镀锌外丝直接2寸/150mm	材质/压力等级缺失
REVIEW-MAT-02072	中性笔	类型: 中性笔	办公用品/书写工具	支	中性笔	颜色/笔芯规格缺失
REVIEW-MAT-02073	对丝接头	螺纹/规格: 36*2H；类型: 对丝接头	液压/高压管路	只	36*2H对丝接头	H含义/材质/压力等级缺失
REVIEW-MAT-02074	高压弯头	螺纹/规格: 36*2；结构: 双H；类型: 弯头	液压/高压管路	只	36*2双H弯头	双H含义/材质/压力等级缺失
REVIEW-MAT-02075	变径对丝接头	规格: 1寸/36*2H；类型: 变径对丝	液压/高压管路	只	1寸/36*2H变径对丝接头	材质/压力等级缺失
REVIEW-MAT-02076	架子管	长度: 6m；类型: 架子管	建筑施工耗材/脚手架管	根	架子管6m	管径/壁厚/材质缺失
REVIEW-MAT-02077	冲凿套装	品牌: 上匠；件数: 12件	工具/冲凿工具	套	上匠冲凿12件套	规格明细缺失
REVIEW-MAT-02078	不锈钢内外丝球阀	材质: 304不锈钢；规格: 4分；连接: 内外丝	阀门/球阀	个	304不锈钢4分内外丝球阀	压力等级缺失
REVIEW-MAT-02079	不锈钢内外丝球阀	材质: 304不锈钢；规格: 3分；连接: 内外丝	阀门/球阀	个	304不锈钢3分内外丝球阀	压力等级缺失
REVIEW-MAT-02080	不锈钢内丝球阀	材质: 304不锈钢；规格: 4分；连接: 内丝	阀门/球阀	个	304不锈钢4分内丝球阀	压力等级缺失
REVIEW-MAT-02081	不锈钢内丝球阀	材质: 304不锈钢；规格: 3分；连接: 内丝	阀门/球阀	个	304不锈钢3分内丝球阀	压力等级缺失
REVIEW-MAT-02082	不锈钢宝塔球阀	材质: 304不锈钢；规格: 2分-12mm；连接: 宝塔	阀门/球阀	个	304不锈钢2分-12mm宝塔球阀	压力等级缺失
REVIEW-MAT-02083	不锈钢直通快插接头	材质: 304不锈钢；型号: QS-1/4-12；类型: 直通快插	气动液压/快插接头	个	304不锈钢直通快插接头QS-1/4-12	螺纹/管径含义缺失
REVIEW-MAT-02084	不锈钢直通快插接头	材质: 304不锈钢；型号: QS-1/4-10；类型: 直通快插	气动液压/快插接头	个	304不锈钢直通快插接头QS-1/4-10	螺纹/管径含义缺失
REVIEW-MAT-02085	不锈钢直通快插接头	材质: 304不锈钢；型号: QS-1/4-8；类型: 直通快插	气动液压/快插接头	个	304不锈钢直通快插接头QS-1/4-8	螺纹/管径含义缺失
REVIEW-MAT-02086	自紧钻夹头	品牌: 马牌；夹持范围: 0.3-16；接口: B18	电动工具/电钻配件	个	马牌自紧钻夹头0.3-16B18	适配设备缺失
REVIEW-MAT-02087	铅笔	规格: 2B	办公用品/书写工具	支	2B铅笔	品牌缺失
REVIEW-MAT-02088	速凝型堵漏剂	品牌: 牛元；特性: 速凝型	建材/堵漏材料	箱	牛元速凝型堵漏剂	每箱数量/包装重量缺失
REVIEW-MAT-02089	不锈钢焊条	材质: 不锈钢；直径: Φ2.5	焊接材料/焊条	包	不锈钢焊条Φ2.5	牌号/每包重量缺失
REVIEW-MAT-02090	7号电池	品牌: 南孚；规格: 7号	电气/电池	节	南孚电池7号	碱性/容量缺失
REVIEW-MAT-02091	RVVP屏蔽线	型号: RVVP；规格: 3*1.5；特性: 屏蔽	电气/电线电缆	米	RVVP屏蔽线3*1.5	品牌/电压等级缺失
REVIEW-MAT-02092	弹簧式安全阀	结构: 弹簧式；公称通径: DN20	阀门/安全阀	只	弹簧式安全阀DN20	整定压力/型号/材质缺失
REVIEW-MAT-02093	铜内丝管接	材质: 铜；连接: 内丝；规格: 20	管件/铜管件	只	铜内丝管接20	口径单位/压力等级缺失
REVIEW-MAT-02094	焊接弯头	连接: 焊接；角度: 90度；规格: 159	管件/焊接管件	只	焊接90度弯头159	材质/壁厚/压力等级缺失
REVIEW-MAT-02095	灯座	规格: E27	电气/照明配件	个	E27灯座	材质/额定电流缺失
REVIEW-MAT-02096	焊管	规格: 2寸；长度: 3m；类型: 焊管	钢材/钢管	根	焊管2寸*3m	壁厚/材质/标准缺失
REVIEW-MAT-02097	螺丝套件	强度等级: 8.8；规格: M16*60；包含: 平垫+弹垫	紧固件/螺丝套件	套	8.8级M16*60螺丝带平 弹垫 | 8.8级M16*60螺丝带平弹垫	状态：可建档 | 可合并；材质/螺母是否包含缺失 | 与3273同类，材质/螺母是否包含缺失
REVIEW-MAT-02098	螺丝套件	强度等级: 8.8；规格: M20*60；包含: 平垫+弹垫	紧固件/螺丝套件	套	8.8级M20*60螺丝带平 弹垫	材质/螺母是否包含缺失
REVIEW-MAT-02099	潜水泵	电压: 220V；功率: 370W；出口: 1寸	设备/泵	台	潜水泵220V/370W-1寸出口	扬程/流量/品牌缺失
REVIEW-MAT-02100	不锈钢单向阀	材质: 304不锈钢；公称通径: DN50	阀门/单向阀	只	304不锈钢单向阀DN50	压力等级/连接形式缺失
REVIEW-MAT-02101	不锈钢内六角螺丝套件	材质: 不锈钢；头型: 内六角；规格: M5*30；包含: 平垫+弹垫	紧固件/螺丝套件	套	不锈钢内六角螺丝M5*30带平弹垫	不锈钢牌号/螺母是否包含缺失
REVIEW-MAT-02102	不锈钢内六角螺丝套件	材质: 不锈钢；头型: 内六角；规格: M5*10；包含: 平垫+弹垫	紧固件/螺丝套件	套	不锈钢内六角螺丝M5*10带平弹垫	不锈钢牌号/螺母是否包含缺失
REVIEW-MAT-02103	不锈钢内六角螺丝套件	材质: 不锈钢；头型: 内六角；规格: M5*16；包含: 平垫+弹垫	紧固件/螺丝套件	套	不锈钢内六角螺丝M5*16带平弹垫	不锈钢牌号/螺母是否包含缺失
REVIEW-MAT-02104	不锈钢螺母	材质: 不锈钢；规格: M5	紧固件/螺母	只	不锈钢M5螺母	不锈钢牌号/牙距缺失
REVIEW-MAT-02105	不锈钢螺丝套件	材质: 不锈钢；规格: M6*20；包含: 平垫+弹垫	紧固件/螺丝套件	套	不锈钢M6*20螺丝带平弹垫	不锈钢牌号/螺母是否包含缺失
REVIEW-MAT-02106	脱漆剂	类型: 脱漆剂	化工耗材/脱漆剂	瓶	脱漆剂	品牌/容量/SDS缺失
REVIEW-MAT-02107	加厚油布	特征: 加厚；尺寸: 6m*6m	覆盖材料/油布	块	加厚油布6m*6m	材质/克重/防水等级缺失
REVIEW-MAT-02108	高强度全螺纹丝杆	强度等级: 10.9；规格: M12*1m；原始: 全芽	紧固件/螺杆	根	10.9级M12*1m全芽丝杆	`全芽`疑似全牙，材质/表面处理缺失
REVIEW-MAT-02109	五点式安全带	类型: 五点式	安全防护/安全带	副	五点式安全带	执行标准/承载等级缺失
REVIEW-MAT-02110	螺丝套件	强度等级: 8.8；规格: M20*200；包含: 平垫+弹垫	紧固件/螺丝套件	套	8.8级M20*200螺丝带平 弹垫	材质/螺母是否包含缺失
REVIEW-MAT-02111	镀锌外丝直接	表面: 镀锌；连接: 外丝；规格: 6分；长度: 100mm	管件/镀锌管件	只	镀锌外丝直接6分*100mm	材质/压力等级缺失
REVIEW-MAT-02112	不锈钢双外丝变径接头	材质: 304不锈钢；连接: 双外丝；规格: 2寸/1.5寸	管件/不锈钢管件	只	304不锈钢双外丝变径2寸/1.5寸	压力等级缺失
REVIEW-MAT-02113	不锈钢双外丝变径接头	材质: 304不锈钢；连接: 双外丝；规格: 1.5寸/1.2寸	管件/不锈钢管件	只	304不锈钢双外丝变径1.5寸/1.2寸	压力等级缺失
REVIEW-MAT-02114	泥浆管接头加工件	加工: 是；连接: 焊接；管径: Φ168；用途: 泥浆管	定制件/管路接头	个	加工焊接泥浆管接头Φ168	状态：可建档-定制件；材质/壁厚/图纸缺失
REVIEW-MAT-02115	轴向压力表	类型: 轴向；仪表: 压力表	仪表/压力仪表	只	轴向压力表	量程/接口/表径缺失
REVIEW-MAT-02116	PVC钢丝软管	材质: PVC；结构: 钢丝增强；规格: 1寸	管材/塑料软管	米	PVC钢丝软管1寸	压力等级/壁厚缺失
REVIEW-MAT-02117	卡箍	规格: 50；类型: 卡箍	管夹/卡箍	只	卡箍50	材质/适配管径缺失
REVIEW-MAT-02118	镀锌外丝直接	表面: 镀锌；连接: 外丝；规格: 1寸；长度: 100mm	管件/镀锌管件	只	镀锌外丝直接1寸*100mm	材质/压力等级缺失
REVIEW-MAT-02119	镀锌变径接头	表面: 镀锌；规格: 1寸/6分；类型: 大小头/变径	管件/镀锌管件	只	镀锌大小头1寸/6分	连接形式/压力等级缺失
REVIEW-MAT-02120	不锈钢外丝变径接头	材质: 304不锈钢；连接: 外丝；规格: 6分/4分	管件/不锈钢管件	只	304不锈钢外丝变径6分/4分	压力等级缺失
REVIEW-MAT-02121	防护罩加工件	加工: 是；尺寸: 1.2米*2.7米*0.8米	定制件/防护罩	件	加工防护罩1.2米*2.7米*0.8米	状态：可建档-定制件；材质/图纸/用途缺失
REVIEW-MAT-02122	橡胶垫片	材质: 橡胶；规格: 50	密封件/垫片	个	橡胶垫片50	内径/外径/厚度缺失
REVIEW-MAT-02123	螺纹锁固胶	品牌: 乐泰；型号: 243	胶粘剂/螺纹锁固胶	瓶	乐泰243胶水	状态：可合并；与2594同类，容量/包装单位需统一
REVIEW-MAT-02124	发泡胶	类型: 发泡胶	胶粘剂/发泡胶	瓶	发泡胶	品牌/容量/阻燃等级缺失
REVIEW-MAT-02125	复合吸油棉	材质/类型: 复合；尺寸: 400*500*5	清洁耗材/吸油棉	张	复合吸油棉400*500*5	吸油量/材质等级缺失
REVIEW-MAT-02126	PVC管加工件	加工: 是；材质: PVC；直径: Φ200；长度: 1.5m	定制件/塑料管加工件	根	加工PVC管Φ200*1.5m	状态：可建档-定制件；壁厚/用途/图纸缺失
REVIEW-MAT-02127	PVC直接	材质: PVC；直径: Φ200；类型: 直接	管件/PVC管件	只	PVC管Φ200直接	压力等级/连接方式缺失
REVIEW-MAT-02128	PVC胶水	用途: PVC粘接	胶粘剂/PVC胶水	瓶	PVC胶水	状态：可合并；与2517同类，品牌/容量缺失
REVIEW-MAT-02129	膨胀螺丝	规格: Φ10	紧固件/膨胀螺丝	支	膨胀螺丝Φ10	长度/材质缺失
REVIEW-MAT-02130	镀锌骑马卡	表面: 镀锌；规格: Φ200；类型: 骑马卡	管夹/管路固定件	个	镀锌骑马卡Φ200	材质/孔距缺失
REVIEW-MAT-02131	不锈钢排气阀	材质: 不锈钢；特征: 大帽	阀门/排气阀	只	不锈钢大帽排气阀	规格/压力等级缺失
REVIEW-MAT-02132	自攻螺丝	规格: M4	紧固件/自攻螺丝	只	自攻螺丝M4	长度/头型/材质缺失
REVIEW-MAT-02133	遮阳伞	规格: 2.2m；类型: 大遮阳伞	行政后勤/生活用品	把	大遮阳伞2.2m	材质/底座是否包含缺失
REVIEW-MAT-02134	尖嘴钳	品牌: 世达；规格: 6寸；类型: 尖嘴钳	工具/手动工具	把	世达尖嘴钳6寸	型号缺失
REVIEW-MAT-02135	钻尾螺丝	规格: M5.5*80；包装: 大盒	紧固件/钻尾螺丝	盒	钻尾螺丝M5.5*80大盒	每盒数量/材质缺失
REVIEW-MAT-02136	垃圾袋	尺寸: 1m*1.2m	行政后勤/清洁用品	条	垃圾袋1m*1.2m	厚度/每包数量缺失
REVIEW-MAT-02137	钻头	直径: Φ14；长度: 150	工具/钻头	支	钻头Φ14*150	柄型/材质缺失
REVIEW-MAT-02138	编织袋	尺寸: 0.8m*1.2m	包装材料/编织袋	条	编织袋0.8m*1.2m	承重/材质缺失
REVIEW-MAT-02139	内六角螺丝套件	强度等级: 8.8；头型: 内六角；规格: M10*50；包含: 螺母	紧固件/螺丝套件	套	8.8级内六角螺丝M10*50带螺母	平垫/弹垫是否包含需确认
REVIEW-MAT-02140	供水增压泵	用途: 供水增压	设备/泵	台	供水增压泵	流量/扬程/功率缺失
REVIEW-MAT-02141	水泵自动控制开关	用途: 水泵自动控制	电气/泵控制	台	水泵自动控制开关	电压/电流/控制方式缺失
REVIEW-MAT-02142	不锈钢保温水箱	容量: 5T；材质: 不锈钢；形状: 圆形；特性: 保温	容器/水箱	个	5T不锈钢圆形保温水箱	尺寸/板厚/保温层缺失
REVIEW-MAT-02143	不锈钢补水球阀	材质: 不锈钢；用途: 补水；规格: 4寸	阀门/球阀	只	4寸不锈钢补水球阀	压力等级/连接方式缺失
REVIEW-MAT-02144	PPR截止阀	品牌: 公元；材质: PPR；规格: 32；类型: 截止阀	管件/PPR管件	只	公元PPR32截止阀	压力等级缺失
REVIEW-MAT-02145	不锈钢球阀	材质: 不锈钢；规格: 32	阀门/球阀	只	不锈钢球阀32	口径单位/压力等级缺失
REVIEW-MAT-02146	PPR管	品牌: 公元；材质: PPR；规格: 32	管材/PPR管	米	公元PPR32管	压力等级/壁厚缺失
REVIEW-MAT-02147	PPR三通	品牌: 公元；材质: PPR；规格: 32；类型: 三通	管件/PPR管件	只	公元PPR32三通	压力等级缺失
REVIEW-MAT-02148	PPR弯头	品牌: 公元；材质: PPR；规格: 32；类型: 弯头	管件/PPR管件	只	公元PPR32弯头	角度/压力等级缺失
REVIEW-MAT-02149	PPR直接	品牌: 公元；材质: PPR；规格: 32；类型: 直接	管件/PPR管件	只	公元PPR32直接	压力等级缺失
REVIEW-MAT-02150	电缆	规格: 4*4平方	电气/电线电缆	米	电缆线4*4平方	型号/品牌/电压等级缺失
REVIEW-MAT-02151	除胶剂	类型: 除胶剂	清洁化学品/除胶剂	瓶	除胶剂	品牌/容量/SDS缺失
REVIEW-MAT-02152	泡沫清洗剂	类型: 泡沫清洗剂	清洁化学品/清洗剂	瓶	泡沫清洗剂	品牌/容量/SDS缺失
REVIEW-MAT-02153	镀锌接地桩套件	表面: 镀锌；规格: 18*1m；配置: 带螺丝	电气/接地材料	根	镀锌接地桩18*1m带螺丝	材质/镀层厚度缺失
REVIEW-MAT-02154	地毯刷	用途: 地毯清洁	清洁工具/刷子	个	地毯刷	尺寸/材质缺失
REVIEW-MAT-02155	棉毛巾	材质: 棉；类型: 毛巾	行政后勤/生活用品	条	棉毛巾	尺寸/克重缺失
REVIEW-MAT-02156	竹梯	材质: 竹；长度: 6米	工具/登高工具	部	6米竹梯	承载/节数缺失
REVIEW-MAT-02157	全身式安全带	类型: 全身式；配置: 大钩	安全防护/安全带	条	全身大钩安全带	执行标准/承载等级缺失
REVIEW-MAT-02158	折叠圆桌	直径/规格: 1.5米；结构: 折叠；形状: 圆桌	行政后勤/办公家具	张	1.5米折叠圆桌	材质缺失
REVIEW-MAT-02159	实木办公桌	材质: 实木；尺寸: 1.4米*0.6米	行政后勤/办公家具	张	实木办公桌1.4米*0.6米	高度/款式缺失
REVIEW-MAT-02160	玻璃胶	品牌: 道康宁	胶粘剂/玻璃胶	支	道康宁玻璃胶	型号/颜色/容量缺失
REVIEW-MAT-02161	方柄钻头	品牌: 博世；柄型: 方柄；直径: Φ14；长度: 280	工具/钻头	支	博世方柄钻头Φ14*280	材质/适配设备缺失
REVIEW-MAT-02162	方柄钻头	品牌: 博世；柄型: 方柄；直径: Φ12；长度: 260	工具/钻头	支	博世方柄钻头Φ12*260	材质/适配设备缺失
REVIEW-MAT-02163	灭火器	灭火剂重量: 2KG	安全消防/灭火器	只	2KG灭火器	状态：可合并；与2522同类，类型/年检信息缺失
REVIEW-MAT-02164	灭火器箱	用途: 灭火器存放	安全消防/灭火器配件	个	灭火器箱子	状态：可建档 | 可合并；适配规格/材质缺失 | 与3364同类，适配规格/材质缺失 | 与3474同类，适配规格/材质缺失
REVIEW-MAT-02165	PVC管	品牌: 公元；材质: PVC；直径: Φ100	管材/PVC管	米	公元PVCΦ100管	压力等级/壁厚缺失
REVIEW-MAT-02166	PVC弯头	品牌: 公元；材质: PVC；直径: Φ100；类型: 弯头	管件/PVC管件	只	公元PVCΦ100弯头	角度/压力等级缺失
REVIEW-MAT-02167	PVC止回阀	品牌: 公元；材质: PVC；直径: Φ100；类型: 止回阀	阀门/PVC阀门	个	公元PVCΦ100止回阀	压力等级/连接方式缺失
REVIEW-MAT-02168	PVC三通	品牌: 公元；材质: PVC；直径: Φ100；类型: 三通	管件/PVC管件	只	公元PVCΦ100三通	压力等级缺失
REVIEW-MAT-02169	镀锌两端丝水管加工件	加工: 是；表面: 镀锌；规格: 4分；连接: 两端丝；长度: 3米	定制件/管路加工件	根	加工4分镀锌两端丝水管3米	状态：可建档-定制件；材质/压力等级缺失
REVIEW-MAT-02170	镀锌内丝直接	表面: 镀锌；连接: 内丝；规格: 4分；类型: 直接	管件/镀锌管件	只	镀锌4分内丝直接头	材质/压力等级缺失
REVIEW-MAT-02171	手持吸尘器	品牌: 小米；特征: 大功率；类型: 手持	行政后勤/清洁设备	台	小米大功率手持吸尘器	型号/功率缺失
REVIEW-MAT-02172	不锈钢排烟罩	定制: 是；材质: 不锈钢；尺寸: 500*600	定制件/排烟罩	个	订做不锈钢排烟罩500*600	状态：可建档-定制件；图纸/板厚/接口缺失
REVIEW-MAT-02173	不锈钢变径接头	定制: 是；材质: 不锈钢；规格: 450*450；类型: 变径接头	定制件/管路接头	个	订做不锈钢变径接头450*450	状态：可建档-定制件；两端规格/图纸缺失
REVIEW-MAT-02174	空气净化器	品牌: 小米；类型: 空气净化机	行政后勤/空气净化设备	台	小米空气净化机	型号/适用面积缺失
REVIEW-MAT-02175	木方	截面: 50*100；长度: 4m	建筑材料/木材	根	木方50*100*4m	木材等级/材质缺失
REVIEW-MAT-02176	自攻螺丝	长度: 60mm	紧固件/自攻螺丝	盒	自攻螺丝60mm	直径/每盒数量缺失
REVIEW-MAT-02177	钻尾螺丝	长度: 60mm	紧固件/钻尾螺丝	盒	钻尾螺丝60mm	直径/每盒数量缺失
REVIEW-MAT-02178	电工包	品牌: 得力；用途: 电工	工具/工具包	个	得力电工包	尺寸/格数缺失
REVIEW-MAT-02179	圆柄钻头	品牌: 博世；柄型: 圆柄；直径: Φ10；长度: 350	工具/钻头	只	博世圆柄钻头Φ10*350	材质/适配设备缺失
REVIEW-MAT-02180	钻头	品牌: 博世；柄型: 二坑二槽；直径: Φ12；长度: 350	工具/钻头	只	博世二坑二槽钻头Φ12*350	材质/适配设备缺失
REVIEW-MAT-02181	钻头	品牌: 博世；柄型: 二坑二槽；直径: Φ14；长度: 350	工具/钻头	只	博世二坑二槽钻头Φ14*350	材质/适配设备缺失
REVIEW-MAT-02182	钻头	品牌: 博世；柄型: 二坑二槽；直径: Φ16；长度: 350	工具/钻头	只	博世二坑二槽钻头Φ16*350	材质/适配设备缺失
REVIEW-MAT-02183	二保焊机分流器	适配: 500型二保焊机；部件: 分流器；材质/类型: 陶瓷型	焊接耗材/焊枪配件	只	500型二保焊机分流器陶瓷型	适配焊枪型号缺失
REVIEW-MAT-02184	二保焊机分流器	适配: 350型二保焊机；部件: 分流器；材质/类型: 陶瓷型	焊接耗材/焊枪配件	只	350型二保焊机分流器陶瓷型	适配焊枪型号缺失
REVIEW-MAT-02185	水平尺	长度: 1m	工具/测量工具	根	水平尺1m	精度/材质缺失
REVIEW-MAT-02186	水平尺	长度: 0.6m	工具/测量工具	根	水平尺0.6m	精度/材质缺失
REVIEW-MAT-02187	LED灯泡	类型: LED；功率: 30W；接口: 螺口	电气/照明灯具	只	LED30W螺口灯泡	螺口规格/色温缺失
REVIEW-MAT-02188	高强度全螺纹螺丝	强度等级: 12.9；规格: M27*100；原始: 全芽	紧固件/螺丝	套	12.9级M27*100全芽螺丝	`全芽`疑似全牙，套件内容缺失
REVIEW-MAT-02189	氧气管	介质: 氧气；类型: 软管	焊接工具/气体软管	卷	氧气管	内径/长度/压力等级缺失
REVIEW-MAT-02190	乙炔管	介质: 乙炔；类型: 软管	焊接工具/气体软管	卷	乙炔管	内径/长度/压力等级缺失
REVIEW-MAT-02191	带盖带轮垃圾桶	容量: 240L；配置: 带盖+带轮	行政后勤/清洁用品	个	240L垃圾桶带盖轮	材质/颜色缺失
REVIEW-MAT-02192	吊装带	额定载荷: 3T；长度: 2m	吊装索具/吊带	根	吊带3T*2m	材质/安全系数缺失
REVIEW-MAT-02193	吊装带	额定载荷: 2T；长度: 2m	吊装索具/吊带	根	吊带2T*2m	状态：可合并 | 可建档；与2302同类，材质/安全系数缺失 | 材质/安全系数缺失
REVIEW-MAT-02194	电缆	品牌: 起帆；规格: 3*2.5+1*1.5	电气/电线电缆	米	起帆电缆线3*2.5+1*1.5	电缆型号/电压等级缺失
REVIEW-MAT-02195	消防水带	特性: 防爆；直径: Φ80	安全消防/消防水带	米	防爆消防水带Φ80	压力等级/接口标准缺失
REVIEW-MAT-02196	铝合金消防接头	材质: 铝合金；直径: Φ80	安全消防/消防接头	套	铝合金消防接头Φ80	接口标准/密封件缺失
REVIEW-MAT-02197	抱箍	规格: 80；类型: 抱箍	管夹/卡箍	只	抱箍80	材质/适配管径缺失
REVIEW-MAT-02198	高压水带	直径: Φ80；类型: 高压水带	管材/高压水带	米	高压水带Φ80	压力等级/材质缺失
REVIEW-MAT-02199	磁吸式软玻璃门帘	结构: 磁吸式；颜色: 透明；尺寸: 2.55m*1.46m；厚度: 3mm	行政后勤/门帘	付	磁吸式透明软玻璃门帘2.55m*1.46m*3mm	材质等级缺失
REVIEW-MAT-02200	铁丝	规格: 12#；材质: 铁	五金耗材/金属丝	KG	铁丝12#	表面处理/线径换算缺失
REVIEW-MAT-02201	氧气乙炔管卡箍	适配: 氧气/乙炔管；类型: 卡箍	焊接工具/气体软管配件	只	氧气 乙炔管卡箍	适配管径/材质缺失
REVIEW-MAT-02202	氧气减压阀	介质: 氧气；类型: 减压阀	焊接工具/气体仪表	只	氧气减压阀	状态：可合并；与3108同类，量程/接口缺失
REVIEW-MAT-02203	二氧化碳减压阀总成	介质: 二氧化碳；类型: 减压阀总成	焊接工具/气体仪表	套	二氧化碳减压阀总成	量程/接口/适配气瓶缺失
REVIEW-MAT-02204	记号笔	颜色: 黑色	办公用品/书写工具	支	黑色记号笔	状态：可合并；与2540同类，品牌/粗细缺失
REVIEW-MAT-02205	油漆	品牌: 立邦；颜色: 白色；包装: 18KG	油漆涂料/油漆	桶	立邦白色油漆18KG	状态：可合并；与2680同类，是否防锈漆/型号缺失 | 与2680同类，型号缺失
REVIEW-MAT-02206	滚筒伸缩杆	部件: 伸缩杆；适配: 滚筒	涂装工具/滚筒配件	根	滚筒伸缩杆	长度范围/接口缺失
REVIEW-MAT-02207	边角刷伸缩杆	部件: 伸缩杆；适配: 边角刷	涂装工具/刷子配件	根	边角刷伸缩杆	长度范围/接口缺失
REVIEW-MAT-02208	不锈钢割枪	品牌: 华凌；型号: 100#；特征: 加长型；材质: 不锈钢	焊接工具/气割工具	把	华凌加长型100#不锈钢割枪	适用气体/长度缺失
REVIEW-MAT-02209	铁灰斗	材质: 铁；类型: 灰斗	施工工具/灰斗	个	铁灰斗	容量/尺寸缺失
REVIEW-MAT-02210	警示反光胶带	品牌: 3M；用途: 警示；长度: 50m	安全标识/反光材料	卷	3M警示反光胶带50m	宽度/颜色缺失
REVIEW-MAT-02211	警示反光踢脚板	用途: 警示反光；宽度/高度: 30cm	安全标识/反光材料	米	警示反光踢脚板30cm	材质/颜色缺失
REVIEW-MAT-02212	建筑模板	原始: 黑膜板；颜色: 黑；尺寸: 1.22m*2.44m；厚度: 15mm	建筑材料/模板	块	黑膜板1.22m*2.44m*15mm	状态：可合并；与黑模板同类，材质/周转次数缺失
REVIEW-MAT-02213	方木	截面: 30*30；长度: 3m	建筑材料/木材	根	方木30*30*3m	木材等级/材质缺失
REVIEW-MAT-02214	加气块	尺寸: 200*300*600	建材/砌块	块	加气块200*300*600	强度等级/容重缺失
REVIEW-MAT-02215	自喷漆	品牌: 威粤；颜色: 白色；原始: 自动喷漆	油漆涂料/自喷漆	瓶	威粤白色自动喷漆	容量/色号缺失
REVIEW-MAT-02216	不锈钢防水挂锁	材质: 不锈钢；特性: 防水；类型: 通用挂锁	五金/锁具	把	不锈钢通用防水挂锁	状态：可建档 | 可合并；规格/锁梁尺寸缺失 | 与3444同类，规格缺失
REVIEW-MAT-02217	红花油	类型: 红花油	劳保/急救用品	瓶	红花油	品牌/容量缺失
REVIEW-MAT-02218	膨胀螺丝	规格: Φ10*80	紧固件/膨胀螺丝	支	膨胀螺丝Φ10*80	材质/表面处理缺失
REVIEW-MAT-02219	膨胀螺丝	规格: Φ10*110	紧固件/膨胀螺丝	支	膨胀螺丝Φ10*110	材质/表面处理缺失
REVIEW-MAT-02220	膨胀螺丝	规格: Φ12*80	紧固件/膨胀螺丝	支	膨胀螺丝Φ12*80	材质/表面处理缺失
REVIEW-MAT-02221	膨胀螺丝	规格: Φ8*70	紧固件/膨胀螺丝	支	膨胀螺丝Φ8*70	材质/表面处理缺失
REVIEW-MAT-02222	膨胀螺丝	规格: Φ8*90	紧固件/膨胀螺丝	支	膨胀螺丝Φ8*90	材质/表面处理缺失
REVIEW-MAT-02223	膨胀螺丝	规格: Φ12*110	紧固件/膨胀螺丝	支	膨胀螺丝Φ12*110	材质/表面处理缺失
REVIEW-MAT-02224	不锈钢门板插销	材质: 不锈钢；用途: 门板；类型: 插销	五金/门窗五金	付	不锈钢门板插销	尺寸/孔距缺失
REVIEW-MAT-02225	十字螺丝	头型: 十字；规格: Φ5*60	紧固件/螺丝	套	十字螺丝Φ5*60	材质/套件内容缺失
REVIEW-MAT-02226	螺丝套件	强度等级: 8.8；规格: M16*50；包含: 平垫+弹垫	紧固件/螺丝套件	套	8.8级M16*50螺丝带平弹垫	材质/螺母是否包含缺失
REVIEW-MAT-02227	螺丝套件	强度等级: 8.8；规格: M16*120；包含: 平垫+弹垫	紧固件/螺丝套件	套	8.8级M16*120螺丝带平弹垫	材质/螺母是否包含缺失
REVIEW-MAT-02228	螺丝杆	强度等级: 8.8；规格: M10*30	紧固件/螺杆	套	8.8级M10*30螺丝杆	是否套件/材质缺失
REVIEW-MAT-02229	防冻保温棉	特性: 防冻；规格: Φ50	保温材料/保温棉	根	防冻保温棉Φ50	厚度/材质/长度缺失
REVIEW-MAT-02230	电缆三角支架	结构: 三角支架；高度: 0.45m；用途: 电缆	电气/电缆支架	只	电缆三角支架高0.45m	材质/承载缺失
REVIEW-MAT-02231	雨鞋	品牌: 回力；尺码: 41码；配置: 带衬里	劳保耗材/雨具	双	41码回力雨鞋带衬里	材质/筒高缺失
REVIEW-MAT-02232	加厚油布	特征: 加厚；尺寸: 4m*4m	覆盖材料/油布	块	加厚油布4m*4m	材质/克重/防水等级缺失
REVIEW-MAT-02233	加厚油布	特征: 加厚；尺寸: 4m*8m	覆盖材料/油布	块	加厚油布4m*8m	材质/克重/防水等级缺失
REVIEW-MAT-02234	混凝土振动棒	型号/规格: 35型	施工设备/振动棒	根	35型振动棒	电压/长度/接口缺失
REVIEW-MAT-02235	锂电电钻套装	品牌: 东成；供电: 锂电；配置: 带螺丝刀套装	电动工具/手电钻	台	东成锂电电钻带螺丝刀套装	电压/电池配置缺失
REVIEW-MAT-02236	氧气检测表	介质: 氧气；类型: 检测表	仪表/气体检测仪表	只	氧气检测表	量程/精度缺失
REVIEW-MAT-02237	乙炔检测表	介质: 乙炔；类型: 检测表	仪表/气体检测仪表	只	乙炔检测表	量程/精度缺失
REVIEW-MAT-02238	吊装带	额定载荷: 1T；长度: 1.5m	吊装索具/吊带	根	吊带1T*1.5m	状态：可建档 | 可合并；材质/安全系数缺失 | 与3479同类，材质/安全系数缺失
REVIEW-MAT-02239	吊装带	额定载荷: 1T；长度: 1m	吊装索具/吊带	根	吊带1T*1m	材质/安全系数缺失
REVIEW-MAT-02240	高强度全螺纹螺丝套件	强度等级: 12.9；规格: M24*60；原始: 全芽；包含: 平垫+弹垫	紧固件/螺丝套件	套	12.9级M24*60全芽螺丝带平弹垫	`全芽`疑似全牙，螺母是否包含缺失
REVIEW-MAT-02241	抗振储气式压力表	特性: 抗振；结构: 储气式；类型: 压力表	仪表/压力仪表	只	抗振储气式压力表	量程/接口/表径缺失
REVIEW-MAT-02242	镀锌三通	表面: 镀锌；规格: 3寸；类型: 三通	管件/镀锌管件	只	镀锌三通3寸	材质/压力等级缺失
REVIEW-MAT-02243	镀锌弯头	表面: 镀锌；规格: 2寸；类型: 弯头	管件/镀锌管件	只	镀锌弯头2寸	状态：可合并；与3130同类，角度/压力等级缺失
REVIEW-MAT-02244	圆珠笔	类型: 圆珠笔	办公用品/书写工具	支	圆珠笔	颜色/品牌缺失
REVIEW-MAT-02245	记号笔	颜色: 白色	办公用品/书写工具	支	白色记号笔	品牌/粗细缺失
REVIEW-MAT-02246	焊机地线夹	适配: 焊机；类型: 地线夹	焊接工具/焊机配件	把	焊机地线夹	状态：可合并；与3136同类，电流等级缺失
REVIEW-MAT-02247	电缆	品牌: 起帆；规格: 3*4+1*2.5	电气/电线电缆	米	起帆电缆线3*4+1*2.5	型号/电压等级缺失
REVIEW-MAT-02248	不锈钢两片式球阀	品牌: 埃美柯；材质: 304；结构: 两片式；公称通径: DN50	阀门/球阀	只	埃美柯304两片式球阀DN50	压力等级/连接方式缺失
REVIEW-MAT-02249	焊接变径接头	连接: 焊接；规格: 325/159；类型: 变径接头	管件/焊接管件	只	焊接变径接头325/159	材质/壁厚/压力等级缺失
REVIEW-MAT-02250	合金两半扣	材质: 合金；规格: DN50；类型: 两半扣	液压/管路扣件	套	合金两半扣DN50	适配管件/压力等级缺失
REVIEW-MAT-02251	合金两半扣	材质: 合金；规格: DN80；类型: 两半扣	液压/管路扣件	套	合金两半扣DN80	适配管件/压力等级缺失
REVIEW-MAT-02252	钳形万用表	品牌: 世达；类型: 钳型万用表	仪表/电气仪表	只	世达钳型万用表	量程/精度缺失
REVIEW-MAT-02253	镀锌外丝六角直接	表面: 镀锌；连接: 外丝；结构: 六角；规格: 2寸	管件/镀锌管件	只	镀锌外丝六角直接2寸	材质/压力等级缺失
REVIEW-MAT-02254	混凝土振动棒	电压: 380V；直径: Φ50；长度: 6m	施工设备/振动棒	根	振动棒380V-Φ50-6m	功率/接口缺失
REVIEW-MAT-02255	镀锌钢丝绳	表面: 镀锌；直径: Φ12	吊装索具/钢丝绳	米	镀锌钢丝绳Φ12	结构/破断拉力缺失
REVIEW-MAT-02256	镀锌膨胀钩	表面: 镀锌；规格: M16*130	紧固件/膨胀件	只	镀锌膨胀钩M16*130	承载/材质缺失
REVIEW-MAT-02257	镀锌花兰螺丝	表面: 镀锌；规格: M14*350	紧固件/拉紧件	只	镀锌花兰螺丝m14*350	材质/标准缺失
REVIEW-MAT-02258	镀锌花兰扣	表面: 镀锌；规格: M14	紧固件/拉紧件	只	镀锌花兰扣m14	长度/结构缺失
REVIEW-MAT-02259	镀锌内丝直接	表面: 镀锌；连接: 内丝；规格: 2寸	管件/镀锌管件	只	镀锌内丝直接2寸	状态：可合并；与3504同类，材质/压力等级缺失
REVIEW-MAT-02260	电缆	品牌: 起帆；规格: 3*16+1*10	电气/电线电缆	米	起帆电缆线3*16+1*10	型号/电压等级/护套材质缺失
REVIEW-MAT-02261	圆头螺丝套件	规格: M5*70；头型: 圆头；包含: 平垫+弹垫	紧固件/螺丝套件	套	圆头螺丝m5*70带平 弹垫	材质/强度等级/螺母是否包含缺失
REVIEW-MAT-02262	不锈钢潜水搅拌机	材质: 304不锈钢；电压: 380V；功率: 4KW	环保设备/搅拌设备	台	304不锈钢潜水搅拌机380V-4KW	品牌/叶轮形式/安装方式缺失
REVIEW-MAT-02263	充电式LED强光手电筒	供电: 充电式；光源: LED；类型: 强光手电筒	工具/照明工具	只	充电式LED强光手电筒	状态：可合并；与3524同类，品牌/亮度/续航缺失 | 与3519同类，品牌/亮度/续航缺失
REVIEW-MAT-02264	塑料凳	材质: 塑料；特征: 加厚	行政后勤/家具用品	个	加厚塑料凳子	尺寸/承重缺失
REVIEW-MAT-02265	硅酸盐水泥	品牌: 海螺；强度等级: 42.5	建材/水泥	包	海螺42.5水泥	状态：可合并；与3380同类，类型/每包重量缺失 | 与3522同类，类型/每包重量缺失
REVIEW-MAT-02266	铁丝	规格: 14#	金属材料/铁丝	KG	铁丝14#	状态：可建档 | 可合并；材质/表面处理缺失 | 与3525同类，材质/表面处理缺失
REVIEW-MAT-02267	钢丝绳	直径: Φ20；长度: 6m	吊装索具/钢丝绳	根	钢丝绳Φ20*6m	结构/破断拉力/安全标准缺失
REVIEW-MAT-02268	插线板	品牌: 公牛；线长: 3m；结构: 双排	电气/插座插排	根	公牛3m双排插线板	孔位数/额定电流缺失，单位建议用只/个
REVIEW-MAT-02269	黄砂	材料: 黄砂	建材/砂石	吨	黄砂	状态：可合并；与3521同类，粒径/含泥量/用途缺失
REVIEW-MAT-02270	加气混凝土砌块	尺寸: 200*300*600	建材/砌块	块	加气块200*300*600	强度等级/密度等级缺失
REVIEW-MAT-02271	欧标转换插头	孔位: 5孔；功能: 带USB；标准: 欧标	电气/插头插座	只	5孔带USB欧标转换插头	额定电流/USB输出参数缺失
REVIEW-MAT-02272	劳动车轮胎套件	适配: 劳动车；包含: 车轮+实心车胎	搬运工具/手推车配件	套	劳动车轮+实心车胎	轮径/轴孔尺寸缺失
REVIEW-MAT-02273	实木方桌	材质: 实木；类型: 方桌	行政后勤/家具用品	张	实木方桌	尺寸/表面处理缺失
REVIEW-MAT-02274	B型槽钢	规格: 10#；型号: B型	金属材料/型材	米	10#B型槽钢	材质/执行标准缺失
REVIEW-MAT-02275	镀锌弯头	表面: 镀锌；规格: 6分；类型: 弯头	管件/镀锌管件	只	镀锌弯头6分	角度/压力等级缺失
REVIEW-MAT-02276	镀锌内丝直接	表面: 镀锌；连接: 内丝；规格: 6分	管件/镀锌管件	只	镀锌内丝直接6分	材质/压力等级缺失
REVIEW-MAT-02277	镀锌三通	表面: 镀锌；规格: 6分；类型: 三通	管件/镀锌管件	只	镀锌三通6分	材质/压力等级缺失
REVIEW-MAT-02278	镀锌角钢	表面: 镀锌；规格: 40*40	金属材料/型材	米	镀锌角铁40*40	厚度/材质/执行标准缺失
REVIEW-MAT-02279	碳钢焊条	品牌: 大西洋；型号: 422；直径: 3.2	焊接材料/焊条	箱	大西洋422型3.2焊条	每箱重量/执行标准缺失
REVIEW-MAT-02280	安全绳	直径: Φ16	安全防护/安全绳	米	安全绳Φ16	材质/承载/认证标准缺失
REVIEW-MAT-02281	高强度螺丝套件	强度等级: 8.8；规格: M16*70；包含: 平垫+弹垫	紧固件/螺丝套件	套	8.8级m16*70螺丝带平 弹垫	螺母是否包含/表面处理缺失
REVIEW-MAT-02282	开口铜鼻子	类型: 开口；材质: 铜；电流: 300A	电气/接线端子	只	开口铜鼻子300A	适配线径/镀层缺失
REVIEW-MAT-02283	开口铜鼻子	类型: 开口；材质: 铜；电流: 200A	电气/接线端子	只	开口铜鼻子200A	适配线径/镀层缺失
REVIEW-MAT-02284	开口铜鼻子	类型: 开口；材质: 铜；电流: 100A	电气/接线端子	只	开口铜鼻子100A	适配线径/镀层缺失
REVIEW-MAT-02285	铜接头	材质: 铜；适配线径: 150平方	电气/接线端子	只	铜接头150平方	类型/孔径/镀层缺失
REVIEW-MAT-02286	铜接头	材质: 铜；适配线径: 120平方	电气/接线端子	只	铜接头120平方	类型/孔径/镀层缺失
REVIEW-MAT-02287	铜接头	材质: 铜；适配线径: 95平方	电气/接线端子	只	铜接头95平方	类型/孔径/镀层缺失
REVIEW-MAT-02288	铜接头	材质: 铜；适配线径: 70平方	电气/接线端子	只	铜接头70平方	类型/孔径/镀层缺失
REVIEW-MAT-02289	对讲机	品牌: 小米；型号: 二代	通讯设备/对讲机	部	小米二代对讲机	状态：可合并；与3572/3603同类，频段/功率缺失 | 与3558同类，频段/功率缺失
REVIEW-MAT-02290	水泥钉	长度: 40mm	紧固件/钉类	盒	水泥钉40mm	直径/每盒数量缺失
REVIEW-MAT-02291	起重滑轮钩	品牌: 沪工；额定载荷: 1T	吊装索具/滑轮钩	只	沪工起重滑轮钩1T	轮数/安全认证缺失
REVIEW-MAT-02292	浮球阀	配线长度: 10m	阀门/液位控制阀	套	浮球阀带10m线	口径/电压/材质缺失
REVIEW-MAT-02293	下水裤	尺码: 44码	劳保用品/防水服	套	下水裤44码	材质/筒高缺失
REVIEW-MAT-02294	铝合金快速接头	材质: 铝合金；公称通径: DN50	管件/快速接头	套	铝合金快速接头DN50	接口形式/压力等级缺失
REVIEW-MAT-02295	防爆耐磨水带	特性: 防爆耐磨；公称通径: DN50	安全消防/水带	米	防爆耐磨水带DN50	压力等级/材质/接口缺失
REVIEW-MAT-02296	塑壳断路器	品牌: 常熟；型号: CM3E-630-3300	电气/断路器	只	常熟断路器CM3E-630-3300	极数/额定电流脱扣参数需确认
REVIEW-MAT-02297	LED声光报警器	光源: LED；电压: 24V	电气/报警器	只	LED声光报警器24V	声级/安装方式/防护等级缺失
REVIEW-MAT-02298	电源转换器	输入: 24V；输出: 12V；电流: 2A	电气/电源模块	只	电源转换器24V转12V2A	功率/接口/防护等级缺失
REVIEW-MAT-02299	透明收纳箱	颜色/透明度: 透明；容量: 80L	行政后勤/收纳用品	个	透明收纳箱80L	尺寸/材质缺失
REVIEW-MAT-02300	设备维修保养记录本	用途: 设备维修保养记录	办公用品/记录本	本	设备维修保养记录本	页数/规格缺失
REVIEW-MAT-02301	黄油嘴	螺纹: M6	润滑系统/黄油嘴	只	黄油嘴M6	角度/螺距缺失
REVIEW-MAT-02302	黄油嘴	螺纹: M8	润滑系统/黄油嘴	只	黄油嘴M8	角度/螺距缺失
REVIEW-MAT-02303	45度黄油嘴	角度: 45度；螺纹: M8	润滑系统/黄油嘴	只	黄油嘴45度M8	螺距/材质缺失
REVIEW-MAT-02304	45度黄油嘴	角度: 45度；螺纹: M12	润滑系统/黄油嘴	只	黄油嘴45度M12	螺距/材质缺失
REVIEW-MAT-02305	高压钢丝管	直径: Φ25；结构: 钢丝增强	液压气动/高压软管	米	高压钢丝管Φ25	压力等级/接口缺失
REVIEW-MAT-02306	梅开两用扳手	品牌: 世达；规格: 41#	手动工具/扳手	把	世达梅开两用扳手41#	材质/长度缺失
REVIEW-MAT-02307	不锈钢球阀	材质: 304；公称通径: DN20	阀门/球阀	只	304不锈钢球阀DN20	连接方式/压力等级缺失
REVIEW-MAT-02308	不锈钢球阀	材质: 304；公称通径: DN15	阀门/球阀	只	304不锈钢球阀DN15	连接方式/压力等级缺失
REVIEW-MAT-02309	黄油嘴	螺纹: M10	润滑系统/黄油嘴	只	黄油嘴M10	角度/螺距缺失
REVIEW-MAT-02310	黄油嘴	螺纹: M12	润滑系统/黄油嘴	只	黄油嘴M12	角度/螺距缺失
REVIEW-MAT-02311	45度黄油嘴	角度: 45度；螺纹: M6	润滑系统/黄油嘴	只	黄油嘴45度M6	螺距/材质缺失
REVIEW-MAT-02312	45度黄油嘴	角度: 45度；螺纹: M10	润滑系统/黄油嘴	只	黄油嘴45度M10	螺距/材质缺失
REVIEW-MAT-02313	不锈钢球阀	材质: 304；公称通径: DN10	阀门/球阀	只	304不锈钢球阀DN10	连接方式/压力等级缺失
REVIEW-MAT-02314	不锈钢球阀	材质: 304；公称通径: DN8	阀门/球阀	只	304不锈钢球阀DN8	连接方式/压力等级缺失
REVIEW-MAT-02315	电动油脂泵	电压: 380V；容量: 8L；出口数: 4出口	润滑系统/油脂泵	台	电动油脂泵380V-8L-4出口	品牌/压力/流量缺失
REVIEW-MAT-02316	铝合金梯	材质: 铝合金；特征: 加厚；高度: 4m	安全防护/登高工具	部	加厚铝合金梯子4m	承重/结构形式/安全认证缺失
REVIEW-MAT-02317	手提式LED探照灯	结构: 手提式；光源: LED	工具/照明工具	个	手提式探照灯LED	功率/亮度/续航缺失
REVIEW-MAT-02318	聚氨酯泡沫填缝剂	材质: 聚氨酯泡沫；用途: 填缝	化工辅料/密封填缝材料	瓶	聚氨酯泡沫填缝剂	品牌/容量/SDS缺失
REVIEW-MAT-02319	竹扫把	材质: 竹；规格: 大	清洁用品/扫把	把	大竹扫把	长度/宽度缺失
REVIEW-MAT-02320	塑料扫把	材质: 塑料	清洁用品/扫把	把	塑料扫把	规格/款式缺失
REVIEW-MAT-02321	帆布手套	材质: 帆布	劳保用品/手套	付	帆布手套	状态：可建档 | 可合并；规格/克重缺失 | 与3600同类，规格/克重缺失
REVIEW-MAT-02322	不锈钢电动法兰蝶阀	材质: 304；结构: 重体；驱动: 电动；连接: 法兰；公称通径: DN80	阀门/蝶阀	只	304不锈钢重体电动法兰蝶阀DN80	电压/压力等级/密封材质缺失
REVIEW-MAT-02323	二坑二槽钻头	品牌: 博世；柄型: 二坑二槽；规格: Φ10*160	工具耗材/钻头	支	博世二坑二槽钻头Φ10*160	材质/适用对象缺失
REVIEW-MAT-02324	二坑二槽钻头	品牌: 博世；柄型: 二坑二槽；规格: Φ14*160	工具耗材/钻头	支	博世二坑二槽钻头Φ14*160	材质/适用对象缺失
REVIEW-MAT-02325	二坑二槽钻头	品牌: 博世；柄型: 二坑二槽；规格: Φ16*200	工具耗材/钻头	支	博世二坑二槽钻头Φ16*200	材质/适用对象缺失
REVIEW-MAT-02326	双柱黄油枪	结构: 双柱	润滑工具/黄油枪	把	双柱黄油枪	容量/压力/接口缺失
REVIEW-MAT-02327	抗盐膨润土	特性: 抗盐	化工材料/膨润土	吨	抗盐膨润土	型号/指标/用途缺失
REVIEW-MAT-02328	尼龙扎带	规格: 10*500	辅料耗材/扎带	包	扎带10*500	材质/颜色/每包数量缺失
REVIEW-MAT-02329	尼龙扎带	规格: 10*400	辅料耗材/扎带	包	扎带10*400	材质/颜色/每包数量缺失
REVIEW-MAT-02330	铝合金消防枪头管接头套件	材质: 铝合金；规格: 80型；包含: 消防枪头+管接头	安全消防/消防接头	套	80型铝合金消防枪头+管接头	接口标准/压力等级缺失
REVIEW-MAT-02331	铝合金消防枪头管接头套件	材质: 铝合金；规格: 65型；包含: 消防枪头+管接头	安全消防/消防接头	套	65型铝合金消防枪头+管接头	接口标准/压力等级缺失
REVIEW-MAT-02332	梅花开口两用扳手	规格: 13	手动工具/扳手	把	梅花开口扳手13	材质/品牌缺失
REVIEW-MAT-02333	梅花开口两用扳手	规格: 14	手动工具/扳手	把	梅花开口扳手14	材质/品牌缺失
REVIEW-MAT-02334	消防枪头	规格: 50	安全消防/消防接头	只	消防枪头50	材质/接口标准/压力等级缺失
REVIEW-MAT-02335	消防管快速接头	规格: 65；类型: 快接	安全消防/消防接头	只	消防管快接65	材质/接口标准/压力等级缺失
REVIEW-MAT-02336	吸油棉	尺寸: 40cm*50cm*5mm	环保耗材/吸附材料	张	吸油棉40cm*50cm*5mm	吸附容量/材质缺失
REVIEW-MAT-02337	高压清洗机喷嘴	角度: 0度；原始: 喷咀	清洗设备/清洗机配件	只	高压清洗机喷咀0度	接口规格/压力等级缺失
REVIEW-MAT-02338	割嘴	型号: G01-100；规格: 2号；原始: 割咀	焊割工具/割嘴	只	割咀G01-100型2号	适用气体/品牌缺失
REVIEW-MAT-02339	安全绳	直径: Φ8	安全防护/安全绳	米	安全绳Φ8	材质/承载/认证标准缺失
REVIEW-MAT-02340	安全绳	直径: Φ10	安全防护/安全绳	米	安全绳Φ10	材质/承载/认证标准缺失
REVIEW-MAT-02341	安全绳	直径: Φ12	安全防护/安全绳	米	安全绳Φ12	状态：可合并；与3657同类，材质/承载/认证标准缺失 | 与3637同类，材质/承载/认证标准缺失
REVIEW-MAT-02342	老虎钳	规格: 7寸	手动工具/钳类	把	老虎钳7寸	品牌/材质缺失
REVIEW-MAT-02343	浸塑手套	工艺: 浸塑	劳保用品/手套	付	浸塑手套	材质/尺码/防护等级缺失
REVIEW-MAT-02344	橡胶手套	材质: 橡胶	劳保用品/手套	付	橡胶手套	尺码/厚度/防护等级缺失
REVIEW-MAT-02345	尼龙扎带	材质: 尼龙；规格: 10*500	辅料耗材/扎带	包	尼龙扎带10*500	状态：可合并；与3616同类，颜色/每包数量缺失
REVIEW-MAT-02346	吊装带	额定载荷: 1T；长度: 1米	吊装索具/吊带	根	吊带1T*1米	状态：可合并；与3480同类，材质/安全系数缺失
REVIEW-MAT-02347	吊装带	额定载荷: 1T；长度: 1.5米	吊装索具/吊带	根	吊带1T*1.5米	状态：可合并；与3479同类，材质/安全系数缺失
REVIEW-MAT-02348	吊装带	额定载荷: 5T；长度: 3米	吊装索具/吊带	根	吊带5T*3米	材质/安全系数缺失
REVIEW-MAT-02349	乙炔压力表	介质: 乙炔；类型: 压力表	仪表/气体压力表	只	乙炔表	状态：可合并；与3478同类，量程/接口缺失
REVIEW-MAT-02350	焊罩镜片	颜色: 黑色	焊接防护/焊罩配件	盒	焊罩镜片黑色	遮光号/尺寸/每盒数量缺失
REVIEW-MAT-02351	卷尺	长度: 3m	量具/卷尺	把	卷尺3m	宽度/精度等级缺失
REVIEW-MAT-02352	卷尺	长度: 5m	量具/卷尺	把	卷尺5m	宽度/精度等级缺失
REVIEW-MAT-02353	垃圾袋	尺寸: 1m*1.2m	清洁用品/垃圾袋	条	垃圾袋1m*1.2m	材质/厚度/颜色缺失
REVIEW-MAT-02354	脚手架钢管	长度: 6m	建筑周转材料/脚手架	根	架子管6m	状态：可合并；与3654同类，管径/壁厚/材质缺失
REVIEW-MAT-02355	散装水泥	包装: 散装；强度等级: 42.5	建材/水泥	吨	散装42.5水泥	状态：可建档 | 可合并；水泥类型/品牌缺失 | 与3662同类，水泥类型/品牌缺失
