canonical_item_code	standard_item_name	standard_sku_name	minimal_required_specs	standard_uom	source_uoms	unit_resolution	brand	aliases	removed_default_fields	default_fill_basis	merged_from_item_codes	merged_count	merge_reasons	governance_reasons	target
SAFE-000118	五点式安全带	五点式安全带	规格：通用	条	条	来源单位一致		五点式安全带	类型：五点式	无额外关键规格，使用物料名称作为标准SKU名称；后处理补齐：原输出最小规格为空，按初始物料清单口径设为规格：通用	SAFE-000118	1		无额外关键信息，删除默认类型字段，单位从副统一为条；后处理补齐：原输出最小规格为空，按初始物料清单口径设为规格：通用	劳保防护/安全带/安全绳/五点式安全带
SAFE-000120	五点式安全带	五点式安全带 大钩	挂钩：大钩；类型：五点式	条	条	来源单位一致		全身大钩安全带；安全带		依据原始规格中挂钩信息及governance_note修正类型为五点式	SAFE-000120	1		保留挂钩和类型（修正后）作为关键差异，单位从条保留	劳保防护/安全带/安全绳/五点式安全带
SAFE-000080	五点式安全带	五点式安全带 带缓冲	缓冲：是	条	条	来源单位一致		五点式缓冲安全带；五点式安全带		依据原始规格中缓冲信息，保留为关键差异	SAFE-000080	1		保留缓冲字段作为关键差异，类型和挂钩缺失按默认，单位从个统一为条	劳保防护/安全带/安全绳/五点式安全带
SAFE-000015	五点式安全带	五点式安全带 欧式	款式：欧式	条	条	来源单位一致		五点式欧式安全带；五点式安全带		依据原始规格中款式信息，保留为关键差异	SAFE-000015	1		保留款式作为关键区分字段，类型和缓冲缺失按默认处理	劳保防护/安全带/安全绳/五点式安全带
SAFE-000099	防尘面罩滤芯	防尘面罩滤芯	适配品牌：3M；适配类型：防尘面罩	只	只	来源单位一致	3M	3M防尘面罩过滤芯；防尘面罩过滤芯		原始缺失型号规格，根据常见防尘面罩滤芯，保留品牌与适配作为最小关键规格。	SAFE-000099	1		品牌3M影响与面罩的兼容性，必须保留；型号缺失，无法进一步区分，作为初始通用滤芯SKU。	劳保防护/呼吸防护/防尘面罩滤芯
SAFE-000013	口罩	口罩 一次性	材质：无纺布	只	只	来源单位一致		一次性口罩	类型：一次性（已纳入名称）；一次性/材质按规格字段维护；类型：一次性口罩（已纳入名称）	材质按一次性口罩常见材质推断为无纺布；单位从“个”统一为“只”	SAFE-000013；SAFE-000103	2	同为一次性口罩，材质未明确且规格缺失，推断相同	一次性口罩，材质推断为无纺布，单位统一为只；与SAFE-000103疑似重复；一次性口罩，材质推断为无纺布；与SAFE-000013疑似重复	劳保防护/呼吸防护/口罩
SAFE-000106	口罩	口罩 棉	材质：棉	只	只	来源单位一致		棉口罩	类型：口罩（已纳入名称）；一次性/材质按规格字段维护		SAFE-000106	1		棉口罩，材质明确，无重复	劳保防护/呼吸防护/口罩
SAFE-000102	口罩	口罩 棉纱	材质：棉纱	只	只	来源单位一致		棉纱口罩	类型：口罩（已纳入名称）；一次性/材质按规格字段维护		SAFE-000102	1		棉纱口罩，材质明确，无重复	劳保防护/呼吸防护/口罩
SAFE-000098	防尘面罩	3M防尘面罩	品牌：3M	只	只	来源单位一致	3M	3M防尘面罩；防尘面罩	类型：防尘面罩	原始缺失型号/防护等级，根据品牌唯一信息生成初始SKU	SAFE-000098	1		仅有一条SKU，品牌3M为关键区分字段，保留至minimal_required_specs；默认类型字段已删除。	劳保防护/呼吸防护/防尘面罩
SAFE-000021	草帽	草帽 58cm	头围：58cm	个	个	来源单位一致		草帽	类型：草帽	原始缺少尺寸规格，按常见成人头围58cm补齐	SAFE-000021	1		类型字段与物料名重复，已删除；补齐头围作为关键规格	劳保防护/安全帽/头部防护/草帽
SAFE-000033	安全帽配件	安全帽配件 一字带	类型：一字带	只	只	来源单位一致		安全帽一字带	适用：安全帽	原始规格缺失具体型号，根据名称和类型推断为通用一字带配件	SAFE-000033	1		删除了泛化的适用字段，保留类型作为关键规格	劳保防护/安全帽/头部防护/安全帽配件
SAFE-000139	安全绳	安全绳 Φ10	直径：Φ10	米	米	来源单位一致		安全绳Φ10；安全绳			SAFE-000139	1		仅保留直径，单位米，按米销售；材质、长度未体现，不强制补齐	劳保防护/安全带/安全绳/安全绳
SAFE-000140	安全绳	安全绳 Φ12	直径：Φ12	米	米	来源单位一致		安全绳Φ12；安全绳			SAFE-000140	1		仅保留直径，单位米，按米销售；材质、长度未体现，不强制补齐	劳保防护/安全带/安全绳/安全绳
SAFE-000101	安全绳	安全绳 Φ14	直径：Φ14	米	米	来源单位一致		安全绳Φ14；安全绳			SAFE-000101	1		仅保留直径，单位米，按米销售；材质、长度未体现，不强制补齐	劳保防护/安全带/安全绳/安全绳
SAFE-000129	安全绳	安全绳 Φ16	直径：Φ16	米	米	来源单位一致		安全绳Φ16；安全绳			SAFE-000129	1		仅保留直径，单位米，按米销售；材质、长度未体现，不强制补齐	劳保防护/安全带/安全绳/安全绳
SAFE-000138	安全绳	安全绳 Φ8	直径：Φ8	米	米	来源单位一致		安全绳Φ8；安全绳			SAFE-000138	1		仅保留直径，单位米，按米销售；材质、长度未体现，不强制补齐	劳保防护/安全带/安全绳/安全绳
SAFE-000026	安全绳	安全绳 五点式双钩	类型：五点式；挂钩：双钩	套	套	来源单位一致		五点式双钩安全绳；安全绳			SAFE-000026	1		原始为五点式双钩安全绳，单位为套，保留类型和挂钩作为关键规格；材质、长度等未体现，不强制补齐	劳保防护/安全带/安全绳/安全绳
SAFE-000074	防坠器	防坠器 300kg 30米 双锁	承重：300kg；长度：30米；锁具：双锁	个	个	来源单位一致		300KG30米防坠器双锁；防坠器			SAFE-000074	1		原始规格完整，保留承重、长度、锁具三个关键字段，未删除任何默认字段。	劳保防护/安全带/安全绳/防坠器
SAFE-000046	纱布	纱布 大包	包装：大包	包	包	来源单位一致		纱布大包；纱布		原始规格缺失具体尺寸、卷数或片数，仅保留包装信息，按常见采购口径生成初始SKU。	SAFE-000046	1		原始规格缺失具体尺寸、卷数或片数，仅保留包装信息，已按常见采购口径生成初始SKU。	劳保防护/急救用品/纱布
SAFE-000006	手套	手套 乳胶加厚	材质：乳胶；加厚：是	双	双	来源单位一致		加厚乳胶手套；乳胶手套			SAFE-000006	1		材质乳胶和加厚特征决定采购选择	劳保防护/手套/手套
SAFE-000055	手套	手套 全胶	材质：胶；类型：全胶	双	双	来源单位一致		全胶手套			SAFE-000055	1		全胶类型区分于其他胶手套	劳保防护/手套/手套
SAFE-000091	手套	手套 布加厚	材质：布；加厚：是	双	双	来源单位一致		加厚布手套；布手套			SAFE-000091	1		布材质加厚特征	劳保防护/手套/手套
SAFE-000020	手套	手套 布加厚双层	材质：布；层数：双层；加厚：是	双	双	来源单位一致		加厚双层布手套；布手套；布加厚双层手套			SAFE-000020；SAFE-000085	2	与SAFE-000085均为布加厚双层，规格一致；与SAFE-000020均为布加厚双层，规格一致	布材质与加厚双层是采购关键；布材质与加厚双层	劳保防护/手套/手套
SAFE-000096	手套	手套 帆布	材质：帆布	双	双	来源单位一致		帆布手套		原始库存单位为付，统一为双	SAFE-000096；SAFE-000133	2	与SAFE-000133均为帆布，规格一致；与SAFE-000096均为帆布，规格一致	仅材质帆布，最小规格；仅材质帆布	劳保防护/手套/手套
SAFE-000005	手套	手套 帆布加厚双层	材质：帆布；层数：双层；加厚：是	双	双	来源单位一致		加厚双层帆布手套；帆布手套			SAFE-000005；SAFE-000070	2	与SAFE-000070均为帆布加厚双层，规格一致；与SAFE-000005均为帆布加厚双层，规格一致	加厚和双层均为影响采购的关键特征，保留；加厚和双层关键特征	劳保防护/手套/手套
SAFE-000001	手套	手套 帆布双层	材质：帆布；层数：双层	双	双	来源单位一致		双重帆布手套；帆布手套；帆布双层手套；双层帆布手套			SAFE-000001；SAFE-000066	2	与SAFE-000066均为帆布双层，规格一致；与SAFE-000001均为帆布双层，规格一致	保留材质和层数作为关键规格，双层特征体现差异；保留材质和层数关键规格	劳保防护/手套/手套
SAFE-000016	手套	手套 挂胶厚	材质：胶；工艺：挂胶；厚度：厚	双	双	来源单位一致		厚挂胶手套；挂胶手套			SAFE-000016	1		挂胶工艺和厚度是主要区分特征	劳保防护/手套/手套
SAFE-000097	手套	手套 橡胶	材质：橡胶	双	双	来源单位一致		橡胶手套		原始库存单位为付，统一为双	SAFE-000097；SAFE-000142	2	与SAFE-000142均为橡胶，规格一致；与SAFE-000097均为橡胶，规格一致	材质橡胶	劳保防护/手套/手套
SAFE-000141	手套	手套 浸塑	工艺：浸塑	双	双	来源单位一致		浸塑手套		原始库存单位为付，统一为双	SAFE-000141	1		浸塑工艺，无材质信息	劳保防护/手套/手套
SAFE-000113	手套	手套 浸胶	材质：胶；工艺：浸胶	双	双	来源单位一致		浸胶手套		原始库存单位为付，统一为双	SAFE-000113	1		浸胶工艺	劳保防护/手套/手套
SAFE-000100	手套	手套 牛筋	材质：牛筋	双	双	来源单位一致		牛筋手套		原始库存单位为付，统一为双	SAFE-000100	1		牛筋材质	劳保防护/手套/手套
SAFE-000007	手套	手套 牛筋加厚	材质：牛筋；加厚：是	双	双	来源单位一致		牛筋加厚手套；牛筋手套			SAFE-000007	1		牛筋为俗称，但作为材质关键标识；加厚影响采购	劳保防护/手套/手套
SAFE-000062	手套	手套 胶	材质：胶	双	双	来源单位一致		胶手套			SAFE-000062	1		仅标注材质胶，保留最小规格	劳保防护/手套/手套
SAFE-000010	创可贴	创可贴 100片/盒	尺寸：70mm×18mm；包装数量：100片/盒	片	片	来源单位一致		止血贴；创可贴	原始单位：张；统一为片；原始单位：个；原始单位：盒	缺失尺寸和包装数量，按常见采购规格补齐（70mm×18mm，100片/盒）	SAFE-000010；SAFE-000078；SAFE-000104	3	相同标准SKU名称和最小规格，建议合并	原始缺失规格，按常用规格补齐；单位由张统一为片；别名含止血贴；单位由个统一为片；单位由盒统一为片	劳保防护/急救用品/创可贴
SAFE-000127	红花油	红花油 20ml	规格/容量：20ml	瓶	瓶	来源单位一致		红花油	类型：红花油	规格/容量缺失，按常见采购规格补为20ml	SAFE-000127	1		原始缺少容量规格，按常见规格生成20ml标准SKU	劳保防护/急救用品/红花油
SAFE-000014	医用胶带	医用胶带 1.25cm×5m	宽度：1.25cm；长度：5m	卷	卷	来源单位一致			类型：医用胶带	宽度和长度缺失，根据常见医用胶带规格，默认宽度1.25cm，长度5m作为初始SKU。	SAFE-000014	1		原始规格仅有类型，删除冗余类型字段；补充宽度和长度以区分SKU。	劳保防护/急救用品/医用胶带
SAFE-000009	碘伏	碘伏 500ml	容量：500ml	瓶	瓶	来源单位一致		碘伏500ml；碘伏			SAFE-000009	1		容量是碘伏采购关键规格，保留。无其他字段需要删除或补齐。	劳保防护/急救用品/碘伏
SAFE-000032	电子血压计	电子血压计 上臂式	测量部位：上臂	台	台	来源单位一致	鱼跃	鱼跃电子血压计；电子血压计	类型：电子血压计	原始缺失型号及测量方式，按最常见上臂式自动电子血压计补齐	SAFE-000032	1		原始仅提供品牌和类型，型号缺失，按通用上臂式补齐最小规格；品牌提取至brand字段，类型重复删除。	劳保防护/急救用品/电子血压计
SAFE-000011	医用绷带	医用绷带 8cm×600cm	宽度：8cm；长度：600cm	卷	卷	来源单位一致		绷带；医用绷带	类型：绷带	原始缺失宽度和长度规格，按常见医用绷带规格8cm×600cm补齐。	SAFE-000011	1		原始required_specs只有冗余类型字段，缺失关键宽度和长度；已删除类型，并按常见规格补齐宽度和长度。	劳保防护/急救用品/医用绷带
SAFE-000095	防护眼镜	防护眼镜 多功能护目	类型：多功能护目	副	副	来源单位一致		多功能护目眼镜；护目镜			SAFE-000095	1		保留类型规格，删除描述性文字，统一单位为副	劳保防护/眼面防护/防护眼镜
SAFE-000018	防护眼镜	防护眼镜 平光	镜片类型：平光	副	副	来源单位一致		平镜眼镜；平光防护眼镜			SAFE-000018	1		保留镜片类型规格，删除描述性文字，统一单位为副	劳保防护/眼面防护/防护眼镜
SAFE-000002	防护眼镜	防护眼镜 打磨用	用途：打磨	副	副	来源单位一致		打磨眼镜；防护眼镜		用途为打磨，未指定镜片类型/颜色，按常见打磨防护眼镜默认透明防冲击镜片	SAFE-000002	1		保留用途规格，删除无具体值的描述字段，统一单位为副	劳保防护/眼面防护/防护眼镜
SAFE-000107	防护眼镜	防护眼镜 护目	类型：护目	副	副	来源单位一致		护目眼镜；护目镜			SAFE-000107	1		保留类型规格，删除描述性文字，统一单位为副	劳保防护/眼面防护/防护眼镜
SAFE-000068	防护眼镜	防护眼镜 白色平光	颜色：白色；镜片类型：平光	副	副	来源单位一致		白色平光眼镜；平光防护眼镜			SAFE-000068	1		保留颜色和镜片类型规格，删除描述性文字，统一单位为副	劳保防护/眼面防护/防护眼镜
SAFE-000008	防护眼镜	防护眼镜 透明	颜色：透明	副	副	来源单位一致		透明防护眼镜；防护眼镜			SAFE-000008	1		保留颜色规格，删除描述性文字，统一单位为副	劳保防护/眼面防护/防护眼镜
SAFE-000128	雨鞋	雨鞋 41码 带衬里	筒高：高筒；尺码：41；材质：PVC；特征：带衬里	双	双	来源单位一致	回力	41码回力雨鞋带衬里；雨鞋		筒高缺失默认高筒，材质缺失默认PVC	SAFE-000128	1		原始尺码和带衬里特征保留，补齐筒高和材质	劳保防护/足部防护/雨鞋
SAFE-000077	雨鞋	雨鞋 加厚	筒高：高筒；尺码：42；材质：PVC；特征：加厚	双	双	来源单位一致	回力	回力加厚雨鞋；雨鞋		筒高缺失默认高筒，尺码缺失默认42码，材质缺失默认PVC	SAFE-000077	1		原始加厚特征保留，补齐筒高、尺码和材质	劳保防护/足部防护/雨鞋
SAFE-000050	雨鞋	雨鞋 厚底	筒高：高筒；尺码：42；材质：PVC；特征：厚底	双	双	来源单位一致	回力	回力厚底雨鞋；雨鞋		筒高缺失默认高筒，尺码缺失默认42码，材质缺失默认PVC	SAFE-000050	1		原始厚底特征保留，补齐筒高、尺码和材质	劳保防护/足部防护/雨鞋
SAFE-000049	雨鞋	雨鞋 高筒	筒高：高筒；尺码：42；材质：PVC	双	双	来源单位一致	回力	回力雨鞋高筒；高筒雨鞋；回力雨鞋；雨鞋	类型：雨鞋	尺码缺失默认42码，材质缺失默认PVC；筒高缺失默认高筒，尺码缺失默认42码，材质缺失默认PVC	SAFE-000049；SAFE-000067；SAFE-000083	3	标准SKU名称和最小规格一致，均为雨鞋 高筒，尺码42，材质PVC	原始高筒特征保留，补齐尺码和材质；无特征，推断为高筒，补齐尺码材质，删除冗余类型字段；无特征，推断为高筒，补齐尺码材质	劳保防护/足部防护/雨鞋
SAFE-000052	鞋垫	鞋垫 均码	材质：棉；规格/尺码：均码	双	双	来源单位一致		鞋垫	类型：鞋垫	原始规格仅类型字段，缺失材质和尺码信息，按常见棉质劳保鞋垫和均码规格补齐	SAFE-000052	1		原始规格仅类型，缺失材质和尺码，按常见劳保鞋垫补齐关键规格，确保采购时能区分材质和尺码	劳保防护/足部防护/鞋垫
SAFE-000048	焊接面罩	焊接面罩 头戴式	类型：头戴式	个	个	来源单位一致		好电焊帽；电焊帽	品质描述:好	根据别名'电焊帽'推断为头戴式；遮光等级缺失，未补充	SAFE-000048	1		根据别名和常见类型，确定为头戴式焊接面罩；删除品质描述	劳保防护/眼面防护/焊接面罩
SAFE-000110	焊接面罩	焊接面罩 头盔式	类型：头盔式	个	个	来源单位一致		头盔式面罩		原始类型明确为头盔式；单位从'只'改为'个'	SAFE-000110	1		类型明确为头盔式，单位统一为个	劳保防护/眼面防护/焊接面罩
SAFE-000082	焊接面罩	焊接面罩 手持式	类型：手持式	个	个	来源单位一致		焊接面罩		常见手持式焊接面罩，无其他信息	SAFE-000082	1		根据通用名称，推断为手持式焊接面罩	劳保防护/眼面防护/焊接面罩
SAFE-000022	焊工手套	焊工手套	材质：牛皮；长度：35cm	双	双	来源单位一致		电焊手套；焊工手套	用途：电焊防护；用途：焊工防护	材质按常见焊工手套推断为牛皮；长度按标准款推断为35cm；单位统一为双；材质推断为牛皮；原单位'付'统一为'双'	SAFE-000022；SAFE-000108	2	标准焊工手套，材质和长度推断一致，且无其他特征差异；单位差异已统一	原始缺失材质和长度，按常见标准款补齐；删除用途字段；单位统一	劳保防护/手套/焊工手套
SAFE-000054	焊工手套	焊工手套 加长	材质：牛皮；长度：40cm	双	双	来源单位一致		加长焊工手套	用途：焊工	材质推断为牛皮；长度按加长焊工手套常见规格推断为40cm；单位统一为双	SAFE-000054	1		原始缺失材质和具体长度，按加长款常见规格补齐；删除用途字段	劳保防护/手套/焊工手套
SAFE-000059	焊工手套	焊工手套 双层加厚	材质：牛皮；特征：双层加厚	双	双	来源单位一致		双层电焊手套厚；电焊手套	用途：电焊	材质推断为牛皮；特征保留原始双层加厚；长度按标准款推断35cm（未写入规格因默认）；单位统一为双	SAFE-000059	1		原始缺失材质和长度，特征明确双层加厚；删除用途字段	劳保防护/手套/焊工手套
SAFE-000116	焊工眼镜	焊工眼镜 白色/灰色	镜片颜色：白色/灰色	副	副	来源单位一致		电焊眼镜白色 灰色；焊工眼镜	用途：电焊防护		SAFE-000116	1		原始颜色信息保留，删除用途字段；颜色差异导致与其它SKU不同，不合并	劳保防护/眼面防护/焊工眼镜
SAFE-000004	焊工眼镜	焊工眼镜 遮光11#	遮光等级：11#；镜片颜色：墨绿色	副	副	来源单位一致		电焊眼镜；焊工眼镜	用途：电焊；用途：电焊防护；用途：焊工防护	遮光等级按常见焊工眼镜默认11#；镜片颜色按电焊防护习惯默认墨绿色	SAFE-000004；SAFE-000017；SAFE-000105；SAFE-000114	4	所有规格（遮光等级、镜片颜色、标准单位）一致，仅aliases和governance_note略有差异；所有规格一致	原始用途字段为描述性信息，已删除；遮光等级和镜片颜色按行业常见推断补齐，避免SKU过于笼统；遮光等级和镜片颜色按行业常见推断补齐	劳保防护/眼面防护/焊工眼镜
SAFE-000117	焊罩镜片	焊罩镜片 白/黑	颜色：白/黑	盒	盒	来源单位一致		焊罩镜片 白 黑；焊罩镜片		原始缺失遮光号、尺寸，仅保留颜色，需采购确认。	SAFE-000117	1		保留颜色字段，其他缺失未补，保持最小SKU。	劳保防护/眼面防护/焊罩镜片
WELD-000067	焊罩镜片	焊罩镜片 黑色	颜色：黑色	盒	盒	来源单位一致		焊罩镜片黑色；焊罩镜片		原始缺失遮光号、尺寸，仅保留颜色，需采购确认。	WELD-000067	1		保留颜色字段，其他缺失未补，保持最小SKU。	劳保防护/眼面防护/焊罩镜片
SAFE-000024	劳保鞋	劳保鞋 高帮	帮高：高帮；尺码：42；防护等级：防砸防刺穿	双	双	来源单位一致		进口高帮劳保鞋；高帮劳保鞋	特征：进口	尺码按常见42码补充，防护等级按常见防砸防刺穿补充	SAFE-000024	1		原始缺失尺码和防护等级，按常见采购配置生成初始SKU	劳保防护/足部防护/劳保鞋
MAT-000025	自封袋	自封袋 10#	规格：10#	个	个	来源单位一致		10#自封袋			MAT-000025	1		规格10#为最常见自封袋规格，保留为核心字段	包装覆盖周转/包装袋/吨袋/自封袋
MAT-000044	吨袋	吨袋 1.5吨	载重：1.5吨	个	个	来源单位一致		1.5吨袋；吨袋；1.5T吨袋；集装袋	定制/载重/尺寸按规格字段维护（说明性描述，删除）；单位：T（统一转换为吨）	尺寸缺失，保留载重作为唯一规格；T与吨等价视为1.5吨	MAT-000044；MAT-000077	2	载重相同（1.5吨），尺寸均缺失，疑似规格一致；载重相同（1.5吨），尺寸均缺失，疑似与MAT-000044重复	提取载重1.5吨，删除说明性描述；提取载重1.5T并统一单位为吨，删除说明性描述	包装覆盖周转/包装袋/吨袋/吨袋
MAT-000098	吨袋	吨袋 4*4米 4T 双层	尺寸：4*4米；载重：4T；结构：双层	个	个	来源单位一致		定做4*4米*4吨双层吨袋；定制集装袋	定制：是（因已具体，删除泛化定制标记）		MAT-000098	1		提取尺寸、载重、结构，删除泛化定制描述	包装覆盖周转/包装袋/吨袋/吨袋
MAT-000024	吨袋	吨袋 大号	规格：大号	个	个	来源单位一致		大吨袋；吨袋	定制/载重/尺寸按规格字段维护（说明性描述，删除）	原始只提供“大号”，无具体载重尺寸，作为通用大号吨袋处理	MAT-000024	1		缺失载重、尺寸具体数值，仅保留“大号”作为规格，待后续补充	包装覆盖周转/包装袋/吨袋/吨袋
MAT-000170	马夹袋	马夹袋 30*40cm	尺寸：30*40cm；厚度：0.03mm；材质：PE	条	条	来源单位一致				基于市场常见马夹袋规格，默认选取30*40cm，厚度0.03mm，材质PE作为初始SKU。	MAT-000170	1		原始数据缺失尺寸、厚度、材质，按常见规格补全；无冗余字段删除。	包装覆盖周转/包装袋/吨袋/马夹袋
MAT-000227	编织袋	编织袋 0.8m*1.2m	尺寸：0.8m*1.2m	条	条	来源单位一致		编织袋0.8m*1.2m；编织袋			MAT-000227	1		保留原始尺寸规格，单位统一为条	包装覆盖周转/包装袋/吨袋/编织袋
MAT-000038	编织袋	编织袋 50*80cm	尺寸：50cm*80cm	条	条	来源单位一致		编织袋；蛇皮袋	类型：编织袋；类型：蛇皮袋	尺寸缺失，按常见通用编织袋尺寸50cm*80cm推定；尺寸缺失，按常见编织袋尺寸50cm*80cm推定	MAT-000038；MAT-000110；MAT-000169	3	尺寸均推定50cm*80cm，疑似可合并	原始无规格，按常用中号尺寸补全，单位统一为条；原始规格待补，按常用中号尺寸补全，单位统一为条；蛇皮袋统一为编织袋，尺寸按常用中号补全，单位统一为条	包装覆盖周转/包装袋/吨袋/编织袋
MAT-000050	编织袋	编织袋 大号	尺寸：大号	条	条	来源单位一致		大编织袋；大号编织袋；编织袋	类型：编织袋		MAT-000050；MAT-000222	2	规格均为大号，疑似可合并	保留原始大小号规格，单位统一为条	包装覆盖周转/包装袋/吨袋/编织袋
MAT-000053	编织袋	编织袋 小号	尺寸：小号	条	条	来源单位一致		小编织袋；编织袋			MAT-000053	1		保留原始大小号规格，单位统一为条	包装覆盖周转/包装袋/吨袋/编织袋
SAFE-000027	雨衣	雨衣 一次性	类型：一次性	套	套	来源单位一致		一次性雨衣；雨衣		缺失材质、厚度，按常见一次性雨衣推断材质为PE，厚度未定，未补；缺失厚度，按常见一次性雨衣厚度通常较薄，未补	SAFE-000027；SAFE-000109	2	与SAFE-000109规格相同（类型一次性，无加厚，单位套），建议合并为同一SKU并统一单位；与SAFE-000027规格相同，建议合并	保留类型为一次性，删除默认的形态描述，单位按原始套；保留类型一次性，单位套	劳保防护/雨具/雨衣
SAFE-000057	雨衣	雨衣 一次性加厚	类型：一次性；特征：加厚	套	件；套	来源单位不一致，统一为套		一次性加厚雨衣；一次性雨衣；加厚一次性雨衣		缺失材质、厚度，未补；缺失厚度，未补	SAFE-000057；SAFE-000073；SAFE-000112	3	与SAFE-000073、SAFE-000112规格相同（一次性加厚），但单位不同（件 vs 套），建议统一单位；与SAFE-000057、SAFE-000112规格相同（一次性加厚），但单位不同，建议统一单位；与SAFE-000057、SAFE-000073规格相同，建议统一单位	保留类型和特征，单位为件；保留类型和特征，单位套	劳保防护/雨具/雨衣
SAFE-000047	雨衣	雨衣 加厚	特征：加厚	套	套	来源单位一致		加厚雨衣；雨衣		缺失材质，常见加厚雨衣材质为PVC或尼龙，未补	SAFE-000047	1		保留特征加厚，无类型则默认为普通，单位套	劳保防护/雨具/雨衣
SAFE-000058	雨衣	雨衣 加厚套装	套装：是；特征：加厚	套	套	来源单位一致		加厚雨衣套装；雨衣套装		缺失材质，未补	SAFE-000058	1		保留套装和特征，单位套	劳保防护/雨具/雨衣
SAFE-000130	下水裤	下水裤 44码 PVC	尺码：44码；材质：PVC	套	套	来源单位一致		下水裤44码；下水裤		原始缺失材质，以行业常见的PVC材质作为默认填充，确保采购基本识别。	SAFE-000130	1		保留尺码作为关键规格，补充默认材质PVC，避免采购混淆。	劳保防护/身体防护/下水裤
SAFE-000089	防护服	防护服 连体加厚	款式：连体；特征：加厚	套	套	来源单位一致		加厚连体裤；连体工作服；防护服		原始规格缺失材质、尺码、防护等级，根据治理备注保留款式和特征作为初始SKU区分依据，待后续补充完整规格。	SAFE-000089；SAFE-000093	2	standard_sku_name和minimal_required_specs一致，疑似重复。	根据治理备注连体加厚，缺失材质等，保留款式和特征为最小关键规格。	劳保防护/身体防护/防护服
SAFE-000081	救生衣	救生衣 成人浮力≥100N	浮力等级：≥100N；尺码：成人	件	件	来源单位一致		救生衣	执行标准：GB 4303-2008（默认国标）	原始缺失规格，根据常见采购需求推断为成人救生衣，浮力等级≥100N，执行标准GB 4303-2008。	SAFE-000081	1		原始规格缺失，根据常见采购规格生成了成人、浮力≥100N的救生衣SKU，删除了执行标准等默认字段。	劳保防护/身体防护/救生衣
MAT-000158	水桶	水桶 1T 304	材质：304；容量：1T；配置：支架	只	只	来源单位一致		304支架水桶1T；水桶			MAT-000158	1		保留材质、容量和支架配置以区分	包装覆盖周转/容器周转箱/水桶
ADMIN-000004	水桶	水桶 20L	容量：20L	个	个	来源单位一致		水桶		根据常见小水桶容量推断为20L	ADMIN-000004	1		原始规格缺失，按常见规格填充容量	包装覆盖周转/容器周转箱/水桶
TOOL-000070	汽油桶	汽油桶 20L	容量：20L；材质：铁	个	个	来源单位一致		20L汽油桶；汽油桶		原始缺失材质，按常见汽油桶铁质推断	TOOL-000070	1		原始缺失材质，按常见铁质补齐；容量20L唯一指定。	包装覆盖周转/容器周转箱/汽油桶
MAT-000218	周转箱	周转箱 570*420*155 加厚	尺寸:570*420*155;特征:加厚;是否带盖:否;材质:塑料	个	个	来源单位一致		加厚周转箱570*420*155;加厚周转箱	颜色:默认蓝色	材质缺失，按常见周转箱材质推断为塑料	MAT-000218	1		尺寸加厚为核心规格，保留；颜色不关键且默认，删除；材质缺失按行业常见推断	包装覆盖周转/容器周转箱/周转箱
MAT-000221	周转箱	周转箱 600*400*150 加厚	尺寸:600*400*150;特征:加厚;是否带盖:否;材质:塑料	个	个	来源单位一致		加厚周转箱600*400*150;加厚周转箱	颜色:默认蓝色	材质缺失，按常见周转箱材质推断为塑料	MAT-000221	1		尺寸加厚为核心规格；颜色删除；材质推断	包装覆盖周转/容器周转箱/周转箱
MAT-000220	周转箱	周转箱 830*580*500 加厚 带盖	尺寸:830*580*500;特征:加厚;是否带盖:是;材质:塑料	个	个	来源单位一致		加厚周转箱带盖830*580*500;带盖周转箱	颜色:默认蓝色	材质缺失，按常见周转箱材质推断为塑料	MAT-000220	1		带盖、尺寸、加厚为核心规格；颜色删除；材质推断	包装覆盖周转/容器周转箱/周转箱
TOOL-000336	灰斗	灰斗 铁	材质：铁	个	个	来源单位一致		铁灰斗；灰斗	类型：灰斗	缺失尺寸/容量，推断为通用型，仅保留材质作为区分	TOOL-000336	1		保留材质字段，删除冗余的类型字段（灰斗本身即类型），缺失尺寸/容量暂不补全，后续可根据需求细化	包装覆盖周转/容器周转箱/灰斗
MAT-000107	收纳箱	收纳箱 75L	容量：75L	个	个	来源单位一致		大塑料箱75；塑料箱	规格：大	型号/规格75解释为容量75L；材质默认塑料	MAT-000107	1		‘75’作为容量字段，规格‘大’删除，材质默认塑料	包装覆盖周转/容器周转箱/收纳箱
MAT-000157	收纳箱	收纳箱 800*800*600 带盖	尺寸：800*800*600mm；带盖：是	个	个	来源单位一致		整理箱带盖800*800*600；整理箱		原始单位‘只’转换为‘个’；材质默认塑料；尺寸单位默认mm	MAT-000157	1		带盖是关键属性，尺寸保留，单位统一为个	包装覆盖周转/容器周转箱/收纳箱
MAT-000250	收纳箱	收纳箱 80L 透明	容量：80L；颜色/透明度：透明	个	个	来源单位一致		透明收纳箱80L；透明收纳箱		材质默认塑料	MAT-000250	1		容量和透明度是区分关键，材质默认塑料	包装覆盖周转/容器周转箱/收纳箱
MAT-000092	收纳箱	收纳箱 85*65	尺寸：85*65cm	个	个	来源单位一致		85*65大收纳箱；收纳箱	规格：大	材质默认塑料；尺寸85*65来自原始规格，cm单位假设	MAT-000092	1		尺寸是主要区分规格，删除模糊的‘大’规格，材质默认塑料	包装覆盖周转/容器周转箱/收纳箱
MAT-000080	麻袋	麻袋 70*100	尺寸：70*100	条	条	来源单位一致		70*100麻袋；麻袋	材质：麻	材质默认为麻（物料名称），尺寸来自输入	MAT-000080	1		保留尺寸作为关键规格，删除默认材质，统一单位条	包装覆盖周转/包装袋/吨袋/麻袋
MAT-000223	麻袋	麻袋 80*120	尺寸：80*120	条	条	来源单位一致		大麻袋；麻袋	材质：麻	"材质默认为麻（物料名称）；尺寸根据规格""大号""推断为常见大号麻袋尺寸80*120"	MAT-000223	1		补充推断尺寸80*120，删除默认材质，统一单位条	包装覆盖周转/包装袋/吨袋/麻袋
TOOL-000235	泥桶	泥桶 5L	材质：塑料；容量：5L	只	只	来源单位一致		泥桶	用途：泥浆/砂浆	容量和材质缺失，基于常见采购规格默认为5L塑料泥桶	TOOL-000235	1		原始缺少容量和材质，按最常见规格补齐；删除默认用途字段	包装覆盖周转/容器周转箱/泥桶
MAT-000165	方桶	方桶 6L 带盖 牛筋	材质：牛筋；容量：6L；配置：带盖	只	只	来源单位一致		牛筋带盖方桶6L(蕰川路)；牛筋带盖方桶6L；带盖方桶			MAT-000165	1		保留材质、容量、带盖作为关键规格；删除地点备注（非规格）；别名保留原始输入	包装覆盖周转/容器周转箱/方桶
MAT-000063	纸箱	纸箱 70*50	尺寸：70*50	个	个	来源单位一致		70*50纸箱；纸箱	材质：瓦楞纸（行业默认）	原始信息缺失高度，初始SKU仅保留长宽70*50	MAT-000063	1		规格字段仅保留已知尺寸70*50，高度缺失未补；材质为行业默认瓦楞纸已删除；单位使用个。	包装覆盖周转/容器周转箱/纸箱
CHEM-000129	不干胶标签	不干胶标签 30mm*10mm	材质：哑银PET；尺寸：30mm*10mm；每卷张数：5000张	卷	卷	来源单位一致		哑银pet条码不干胶贴纸30mm*10mm*5000张；PET条码不干胶标签			CHEM-000129	1		材质、尺寸、每卷张数已提取，行业默认字段未涉及。	包装覆盖周转/胶带标签/不干胶标签
CHEM-000128	不干胶标签	不干胶标签 40mm*25mm	材质：哑银PET；尺寸：40mm*25mm；每卷张数：1200张	卷	卷	来源单位一致		哑银pet条码不干胶贴纸40mm*25mm*1200张；PET条码不干胶标签			CHEM-000128	1		材质、尺寸、每卷张数已提取，行业默认字段未涉及。	包装覆盖周转/胶带标签/不干胶标签
CHEM-000031	美纹纸胶带	美纹纸胶带 5cm 黄色	宽度：5cm；颜色：黄色	米	米	来源单位一致		黄色美纹纸5CM；美纹纸		宽度和颜色为关键规格，长度按米计量，无需指定长度	CHEM-000031	1		保留宽度和颜色作为最小规格，按米计量；品牌、厚度缺失不强制；别名已收录	包装覆盖周转/胶带标签/美纹纸胶带
CHEM-000044	双面胶带	双面胶带 泡沫 10mm	基材：泡沫；宽度：10mm；长度：5m	卷	卷	来源单位一致		泡沫双面胶	类型:双面胶；基材按规格字段维护	宽度和长度按常见采购口径推断为10mm和5m；单位从件改为卷	CHEM-000044	1		缺失宽度和长度，按常见规格补齐；删除重复类型描述；统一单位为卷	包装覆盖周转/胶带标签/双面胶带
CHEM-000083	双面胶带	双面胶带 泡沫 厚 10mm	基材：泡沫；宽度：10mm；长度：5m；厚度：厚	卷	卷	来源单位一致		厚泡沫双面胶；泡沫双面胶	基材按规格字段维护	宽度和长度按常见采购口径推断为10mm和5m；特征'厚'保留为厚度值	CHEM-000083	1		缺失宽度、长度和厚度具体数值，按常见规格补齐厚度保留描述	包装覆盖周转/胶带标签/双面胶带
CHEM-000145	双面胶带	双面胶带 泡沫棉 10mm	基材：泡沫棉；宽度：10mm；长度：5m	卷	卷	来源单位一致	3M	10mm宽泡沫棉双面胶3M；泡沫棉双面胶	基材按规格字段维护	长度按常见采购口径推断为5m	CHEM-000145	1		缺失长度，按常见规格补齐；品牌保留	包装覆盖周转/胶带标签/双面胶带
CHEM-000039	双面胶带	双面胶带 海绵 10mm	基材：海绵；宽度：10mm；长度：5m	卷	卷	来源单位一致		海绵双面胶	类型:双面胶；基材按规格字段维护	宽度和长度按常见采购口径推断为10mm和5m	CHEM-000039	1		缺失宽度和长度，按常见规格补齐；删除重复类型描述	包装覆盖周转/胶带标签/双面胶带
MAT-000027	保鲜膜	保鲜膜 大卷	规格：大卷	卷	卷	来源单位一致		保鲜膜大卷；保鲜膜		原始规格仅提供'大卷'，未指定具体宽度、长度、厚度，初始SKU暂以'大卷'为规格，后续需补充具体尺寸。	MAT-000027	1		保留原始规格'大卷'，删除无意义'无'，单位统一为卷。	包装覆盖周转/覆盖材料/保鲜膜
MAT-000021	彩条布	彩条布 12m*30m	宽度：12米；长度：30米	㎡	㎡	来源单位一致		12*30米彩条布；彩条布			MAT-000021	1		保留宽度和长度规格，无其他关键字段	包装覆盖周转/覆盖材料/彩条布
MAT-000172	彩条布	彩条布 4m*30m	宽度：4米；长度：30米	㎡	㎡	来源单位一致		彩条布4米；彩条布；4米彩条布	类型：彩条布	长度原始缺失，根据常见规格推断为30米；宽度和长度原始缺失，根据常见规格推断为4米宽30米长	MAT-000172；MAT-000179；SAFE-000030	3	宽度相同，长度推断一致，无颜色差异，疑似重复；与MAT-000172、SAFE-000030尺寸推断一致，疑似重复；与MAT-000172、MAT-000179尺寸推断一致，疑似重复	补齐缺失长度，与同组SKU规格一致；删除无意义类型字段，补齐宽度和长度	包装覆盖周转/覆盖材料/彩条布
MAT-000168	彩条布	彩条布 三色 4m*30m	宽度：4米；长度：30米；颜色：三色	㎡	㎡	来源单位一致		三色彩条布4m*30m；彩条布			MAT-000168	1		保留宽度、长度和颜色，颜色为关键差异	包装覆盖周转/覆盖材料/彩条布
MAT-000187	碳带	碳带 90mm*300m	材质：全树脂基；宽度：90mm；长度：300米	卷	卷	来源单位一致		进口全树脂基碳带90mm*300米；全树脂基碳带	进口：是（非关键，已放入别名）；树脂基/宽度/长度按规格字段维护		MAT-000187	1		保留材质、宽度、长度关键规格；删除进口非关键属性，已放入别名；单位统一为卷。	包装覆盖周转/胶带标签/碳带
CHEM-000101	封箱胶带	封箱胶带 48mm*100m	宽度：48mm；长度：100m	卷	卷	来源单位一致	3M	封箱带；封箱胶带；3M透明胶带；透明胶带	类型：封箱带；颜色：透明	宽度、长度缺失，按常见封箱胶带规格48mm*100m补齐	CHEM-000101；CHEM-000127；CHEM-000147	3	standard_sku_name和minimal_required_specs一致	补齐宽度和长度，删除冗余类型字段。；补齐宽度和长度，保留品牌到brand字段，删除默认颜色透明。；补齐宽度和长度，删除默认颜色透明。	包装覆盖周转/胶带标签/封箱胶带
CHEM-000052	封箱胶带	封箱胶带 5mm*100m	宽度：5mm；长度：100m	卷	卷	来源单位一致		5mm透明胶带100米；透明胶带	颜色：透明		CHEM-000052	1		保留原始宽度5mm、长度100m；删除默认颜色透明。	包装覆盖周转/胶带标签/封箱胶带
SAFE-000051	油布	油布	规格：通用	㎡	㎡	来源单位一致		油布	类型：油布；品类：油布	原始缺失尺寸和特征，按普通油布通用处理；后处理补齐：原输出最小规格为空，按初始物料清单口径设为规格：通用	SAFE-000051；SAFE-000084	2	标准SKU名称和最小规格相同，均无尺寸且无特征	无尺寸无特征，删除冗余类型字段；后处理补齐：原输出最小规格为空，按初始物料清单口径设为规格：通用；无尺寸无特征，删除冗余品类字段	包装覆盖周转/覆盖材料/油布
MAT-000188	油布	油布 10m*8.5m	尺寸：10m*8.5m	㎡	㎡	来源单位一致		油布10m*8.5m；油布			MAT-000188	1		尺寸明确，无加厚特征。	包装覆盖周转/覆盖材料/油布
MAT-000167	油布	油布 10m*8m 加厚	尺寸：10m*8m；特征：加厚	㎡	㎡	来源单位一致		加厚油布10米*8米；加厚油布			MAT-000167	1		尺寸明确，加厚特征保留。	包装覆盖周转/覆盖材料/油布
MAT-000166	油布	油布 12m*12m 加厚	尺寸：12m*12m；特征：加厚	㎡	㎡	来源单位一致		加厚油布12米*12米；加厚油布			MAT-000166	1		尺寸明确，加厚特征保留。	包装覆盖周转/覆盖材料/油布
MAT-000237	油布	油布 4m*4m 加厚	尺寸：4m*4m；特征：加厚	块	块	来源单位一致		加厚油布4m*4m；油布			MAT-000237	1		尺寸明确，加厚特征，按块采购。	包装覆盖周转/覆盖材料/油布
MAT-000173	油布	油布 4m*6m	尺寸：4m*6m	㎡	㎡	来源单位一致		油布4米*6米；油布			MAT-000173	1		尺寸明确，无加厚特征。	包装覆盖周转/覆盖材料/油布
MAT-000238	油布	油布 4m*8m 加厚	尺寸：4m*8m；特征：加厚	块	块	来源单位一致		加厚油布4m*8m；油布			MAT-000238	1		尺寸明确，加厚特征，按块采购。	包装覆盖周转/覆盖材料/油布
MAT-000224	油布	油布 6m*6m 加厚	尺寸：6m*6m；特征：加厚	块	块	来源单位一致		加厚油布6m*6m；油布			MAT-000224	1		尺寸明确，加厚特征，按块采购。	包装覆盖周转/覆盖材料/油布
SAFE-000034	油布	油布 加厚	特征：加厚	㎡	㎡	来源单位一致		加厚油布；油布；油布加厚		原始缺失尺寸，按通用加厚油布处理，按平方米采购	SAFE-000034；SAFE-000056；SAFE-000069	3	标准SKU名称和最小规格相同，均无尺寸且加厚	无尺寸，保留加厚特征，单位统一为㎡	包装覆盖周转/覆盖材料/油布
MAT-000146	膨润土	膨润土 抗盐	类型：抗盐	吨	吨	来源单位一致		抗盐膨润土		原始数据缺失规格（如目数、包装），按抗盐特性生成初始SKU	MAT-000146；MAT-000251	2	相同物料名称、相同关键规格（抗盐）、相同单位，疑似重复	统一三级物料名称为膨润土，保留抗盐特性作为唯一关键规格，单位吨保持不变	化工胶粘涂料/化工原料/膨润土
MAT-000081	明矾	明矾 工业级	纯度：工业级；形态：晶体	kg	kg	来源单位一致			化学品：明矾（已被物料名覆盖）	原始规格缺失，按最常见工业明矾（工业级，晶体）生成初始SKU	MAT-000081	1		原规格仅含化学品名，无关键参数；依据常见采购规格推断纯度和形态	化工胶粘涂料/化工原料/明矾
SAFE-000042	防尘网	防尘网 10针	规格：10针	平方	平方	来源单位一致		10针防尘网；防尘网	材质（未提供，默认聚乙烯）；颜色（未提供，默认黑色）；克重（未提供）；幅宽（未提供）	仅提供规格10针，其余字段按行业通用防尘网默认填充	SAFE-000042	1		保留最小关键规格针数，删除未提供的非关键字段	包装覆盖周转/覆盖材料/防尘网
MAT-000026	气泡膜	气泡膜 1000mm×5mm	宽度：1000mm；厚度：5mm	米	米	来源单位一致		加厚气泡膜；气泡膜	特征：加厚（转换为厚度5mm）	宽度和厚度缺失，按常见加厚气泡膜标准推断为宽度1000mm、厚度5mm。	MAT-000026	1		原始规格仅描述'特征：加厚'，缺乏具体宽度和厚度；按常用规格补齐。	包装覆盖周转/覆盖材料/气泡膜
MAT-000029	玻璃纸	玻璃纸 1000mm	宽度：1000mm；厚度：0.02mm	米	米	来源单位一致			材质：玻璃纸	宽度和厚度缺失，按常见包装玻璃纸规格假设为1000mm宽、0.02mm厚	MAT-000029	1		原始缺失宽度和厚度，补充常用规格以生成可区分SKU；材质默认，已删除	包装覆盖周转/覆盖材料/玻璃纸
MAT-000062	缠绕膜	缠绕膜 透明 50cm 5KG	颜色：透明；宽度：50cm；重量：5KG	个	个	来源单位一致		透明缠绕膜50cm*5KG；缠绕膜	材质：PE（行业默认）	厚度缺失，未补充；其他字段取自原始规格。	MAT-000062	1		保留颜色、宽度、重量作为关键规格，材质PE为默认删除，厚度缺失待补充。	包装覆盖周转/覆盖材料/缠绕膜
SAFE-000041	遮阳网	遮阳网 密	特征：密	平方米	平方米	来源单位一致		密遮阳网；遮阳网	无意义字段：无	原始规格仅提供特征'密'，未提供具体针数/遮光率，保留原始特征作为初始SKU	SAFE-000041	1		保留特征'密'作为关键规格，删除无用'无'字段；单位从'平方'规范为'平方米'	包装覆盖周转/覆盖材料/遮阳网
CHEM-000032	墙面漆	墙面漆 外墙	用途：外墙	桶	桶	来源单位一致	立邦	立邦外墙漆；外墙漆		保留现有规格，未补充缺失字段	CHEM-000032	1		品牌移入brand字段，用途保留为关键规格；未提供颜色、包装量、型号，未做推断。	化工胶粘涂料/油漆涂料/墙面漆
CHEM-000029	底漆	底漆 20KG	包装：20KG；配套体系：地坪漆	桶	桶	来源单位一致	好地坪漆	好地坪漆底漆；地坪漆底漆；好地坪漆底漆20KG	类型：底漆	包装重量缺失，根据同系列SKU CHEM-000033的常见包装20KG推断	CHEM-000029；CHEM-000033	2	与CHEM-000033在品牌、类型、包装、配套体系上相同；与CHEM-000029在品牌、类型、包装、配套体系上相同	原始缺失包装重量，按同类SKU补全为20KG；删除类型字段；保留包装和配套体系，删除类型字段	化工胶粘涂料/油漆涂料/底漆
MAT-000129	PAC污水处理剂	PAC污水处理剂 28%	类型：PAC；含量：28%	吨	吨	来源单位一致		28%PAC污水处理剂；PAC污水处理剂			MAT-000129	1		保留类型和含量作为关键规格，无其他可删除字段或需要推断的字段。	化工胶粘涂料/水处理剂/PAC污水处理剂
CHEM-000050	橡胶板	橡胶板 2cm	厚度：2cm；材质：普通橡胶	kg	kg	来源单位一致		2cm橡胶板		材质缺失，按常见工业橡胶板默认使用普通橡胶；宽度未提供，未纳入关键规格	CHEM-000050	1		原始仅提供厚度，缺少材质和宽度；按通用橡胶板补充材质为普通橡胶。	化工胶粘涂料/橡胶材料/橡胶板
CHEM-000123	油漆	油漆 中黄 18kg	颜色：中黄；包装：18kg	桶	桶	来源单位一致	立邦	立邦中黄油漆18KG；油漆			CHEM-000123	1		颜色和包装为关键差异，保留；品牌立邦移入brand字段；型号缺失，现有信息可形成最小SKU。	化工胶粘涂料/油漆涂料/油漆
CHEM-000133	油漆	油漆 桔黄色 18kg	颜色：桔黄色；包装：18kg	桶	桶	来源单位一致	立邦	立邦桔黄色油漆18kg；油漆			CHEM-000133	1		颜色和包装为关键差异，保留；品牌立邦移入brand字段；型号缺失，现有信息可形成最小SKU。	化工胶粘涂料/油漆涂料/油漆
CHEM-000157	油漆	油漆 白色 18kg	颜色：白色；包装：18kg	桶	桶	来源单位一致	立邦	立邦白色油漆18KG；油漆			CHEM-000157	1		颜色和包装为关键差异，保留；品牌立邦移入brand字段；型号缺失，现有信息可形成最小SKU。	化工胶粘涂料/油漆涂料/油漆
CHEM-000120	油漆	油漆 蓝色 18kg	颜色：蓝色；包装：18kg	桶	桶	来源单位一致	立邦	立邦蓝色油漆18kg；油漆			CHEM-000120	1		颜色和包装为关键差异，保留；品牌立邦移入brand字段；型号缺失，现有信息可形成最小SKU。	化工胶粘涂料/油漆涂料/油漆
CHEM-000135	油漆	油漆 金属 18kg	类型：金属；包装：18kg	桶	桶	来源单位一致	立邦	立邦金属漆18KG；金属漆			CHEM-000135	1		类型金属和包装为关键差异，保留；颜色缺失，无法补充，作为初始SKU保留；品牌立邦移入brand字段。	化工胶粘涂料/油漆涂料/油漆
CHEM-000002	涂料	涂料 5合1	系列：5合1；特征：环保	桶	桶	来源单位一致	立邦	立邦环保涂料5合1；涂料		原始缺失容量和颜色，保留系列5合1和特征环保作为关键规格，品牌移入brand字段。	CHEM-000002	1		保留系列和特征作为最小关键规格，品牌放入brand，单位使用桶。	化工胶粘涂料/油漆涂料/涂料
CHEM-000030	固化剂	固化剂 底漆	配套体系：地坪漆；配套层次：底漆	KG	KG	来源单位一致		地坪漆底漆固化剂			CHEM-000030	1		按配套层次面漆/底漆区分，保留配套体系和层次作为关键规格，品牌缺失未影响唯一性	化工胶粘涂料/油漆涂料/固化剂
CHEM-000028	固化剂	固化剂 面漆	配套体系：地坪漆；配套层次：面漆	KG	KG	来源单位一致		地坪漆面漆固化剂			CHEM-000028	1		按配套层次面漆/底漆区分，保留配套体系和层次作为关键规格，品牌缺失未影响唯一性	化工胶粘涂料/油漆涂料/固化剂
CHEM-000144	乳胶漆	乳胶漆 抗甲醛 内墙 5L	品牌：立邦；系列：云净；特性：抗甲醛；用途：内墙；包装容量：5L	桶	桶	来源单位一致	立邦	立邦云净抗甲醛内墙乳胶漆5L；内墙乳胶漆			CHEM-000144	1		原始规格缺少颜色型号，保留系列、特性、用途和容量，品牌单独存放	化工胶粘涂料/油漆涂料/乳胶漆
CHEM-000142	乳胶漆	乳胶漆 白色 防水 18KG	品牌：立邦；颜色：白色；特性：防水；包装容量：18KG	桶	桶	来源单位一致	立邦	立邦白色防水乳胶漆18KG；防水乳胶漆			CHEM-000142	1		原始规格缺少型号，保留已有白色、防水和容量，品牌单独存放	化工胶粘涂料/油漆涂料/乳胶漆
CHEM-000141	乳胶漆	乳胶漆 防水 18KG	品牌：立邦；特性：防水；包装容量：18KG	桶	桶	来源单位一致	立邦	立邦防水乳胶漆18KG；防水乳胶漆			CHEM-000141	1		原始规格缺少颜色型号，保留已有特性防水和容量，品牌单独存放	化工胶粘涂料/油漆涂料/乳胶漆
CHEM-000132	防锈漆	防锈漆 中灰 18KG	颜色：中灰；包装：18KG	桶	桶	来源单位一致	立邦	立邦中灰防锈漆18KG；防锈漆	类型：防锈漆		CHEM-000132	1		类型冗余删除，颜色和包装保留	化工胶粘涂料/油漆涂料/防锈漆
CHEM-000112	防锈漆	防锈漆 大红 18KG	颜色：大红；包装：18KG	桶	桶	来源单位一致	立邦	立邦大红防锈漆18KG；防锈漆	类型：防锈漆		CHEM-000112	1		类型冗余删除，颜色和包装保留	化工胶粘涂料/油漆涂料/防锈漆
CHEM-000114	防锈漆	防锈漆 桔红 18KG	颜色：桔红；包装：18KG	桶	桶	来源单位一致	立邦	立邦桔红防锈漆18KG；防锈漆	类型：防锈漆		CHEM-000114	1		类型冗余删除，颜色和包装保留	化工胶粘涂料/油漆涂料/防锈漆
CHEM-000108	防锈漆	防锈漆 桔黄色 18KG	颜色：桔黄色；包装：18KG	桶	桶	来源单位一致	立邦	立邦桔黄色防锈漆18kg；防锈漆	类型：防锈漆		CHEM-000108	1		类型冗余删除，颜色和包装保留	化工胶粘涂料/油漆涂料/防锈漆
CHEM-000113	防锈漆	防锈漆 淡黄灰 18KG	颜色：淡黄灰；包装：18KG	桶	桶	来源单位一致	立邦	立邦淡黄灰防锈漆18KG；防锈漆	类型：防锈漆		CHEM-000113	1		类型冗余删除，颜色和包装保留	化工胶粘涂料/油漆涂料/防锈漆
CHEM-000110	防锈漆	防锈漆 深黄 18KG	颜色：深黄；包装：18KG	桶	桶	来源单位一致	立邦	立邦深黄防锈漆18KG；防锈漆	类型：防锈漆		CHEM-000110	1		类型冗余删除，颜色和包装保留	化工胶粘涂料/油漆涂料/防锈漆
CHEM-000102	防锈漆	防锈漆 白色 18KG	颜色：白色；包装：18KG	桶	桶	来源单位一致	立邦	立邦白色防锈漆18KG；防锈漆	类型：防锈漆		CHEM-000102	1		类型冗余删除，颜色和包装保留，品牌放入brand	化工胶粘涂料/油漆涂料/防锈漆
CHEM-000011	防锈漆	防锈漆 铁红	颜色：铁红	桶	桶	来源单位一致		铁红防锈漆；防锈漆	类型：防锈漆	包装规格缺失，未补全	CHEM-000011	1		类型冗余删除，颜色保留作为关键差异，包装缺失暂不补全	化工胶粘涂料/油漆涂料/防锈漆
CHEM-000115	防锈漆	防锈漆 铁红 18KG	颜色：铁红；包装：18KG	桶	桶	来源单位一致	立邦	立邦铁红防锈漆18KG；防锈漆	类型：防锈漆		CHEM-000115	1		类型冗余删除，颜色和包装保留	化工胶粘涂料/油漆涂料/防锈漆
CHEM-000111	防锈漆	防锈漆 黑色 18KG	颜色：黑色；包装：18KG	桶	桶	来源单位一致	立邦	立邦黑色防锈漆18KG；防锈漆	类型：防锈漆		CHEM-000111	1		类型冗余删除，颜色和包装保留	化工胶粘涂料/油漆涂料/防锈漆
CHEM-000125	自喷漆	自喷漆 中灰色	颜色：中灰色；容量：400ml	瓶	瓶	来源单位一致		中灰色自喷漆；自喷漆	类型：自喷漆；单位：瓶（原为瓶，保持）	容量默认400ml，品牌缺失	CHEM-000125	1		颜色确定，品牌缺失，容量补齐	化工胶粘涂料/油漆涂料/自喷漆
CHEM-000035	自喷漆	自喷漆 中黄	颜色：中黄；容量：400ml	瓶	瓶	来源单位一致		中黄色喷漆；自喷漆；中黄自喷漆	类型：自喷漆；单位：支 -> 瓶；单位：瓶（原为瓶，保持）	容量默认400ml，品牌缺失（常见品牌三和，但未强制）；容量默认400ml，品牌缺失	CHEM-000035；CHEM-000100	2	相同颜色且均无品牌	颜色确定，品牌缺失，容量补齐，与另一中黄合并	化工胶粘涂料/油漆涂料/自喷漆
CHEM-000010	自喷漆	自喷漆 天蓝色	颜色：天蓝色；容量：400ml	瓶	瓶	来源单位一致	三和	三和天蓝色喷漆；喷漆；天蓝色自喷漆；自喷漆	类型：自喷漆；单位：支 -> 瓶；单位：瓶（原为瓶，保持）	容量默认400ml；容量默认400ml，品牌缺失	CHEM-000010；CHEM-000118	2	颜色相同但品牌不同（三和 vs 无品牌），建议保持分开；颜色相同但品牌不同（无品牌 vs 三和），建议保持分开	颜色和品牌确定，容量补齐，与无品牌天蓝色疑似重复但品牌不同；颜色确定，品牌缺失，容量补齐，与三和天蓝色疑似重复但品牌不同	化工胶粘涂料/油漆涂料/自喷漆
CHEM-000017	自喷漆	自喷漆 灰色	颜色：灰色；容量：400ml	瓶	瓶	来源单位一致	三和	灰色三和喷漆；自喷漆；三和灰色喷漆；三和灰色自喷漆	类型：自喷漆；单位：瓶（原为瓶，保持）；单位：支 -> 瓶	容量默认400ml	CHEM-000017；CHEM-000049；CHEM-000105	3	相同颜色和品牌	与同品牌灰色合并	化工胶粘涂料/油漆涂料/自喷漆
CHEM-000053	自喷漆	自喷漆 白色	颜色：白色；容量：400ml	瓶	瓶	来源单位一致	威粤	白色喷漆；自喷漆；白色自喷漆；威粤白色自动喷漆	类型：自喷漆；单位：瓶（原为瓶，保持）；单位：个 -> 瓶；单位：支 -> 瓶	容量默认400ml，品牌缺失；容量默认400ml	CHEM-000053；CHEM-000064；CHEM-000086；CHEM-000124；CHEM-000158	5	颜色相同但品牌不同（无品牌 vs 威粤），建议保持分开；颜色相同但品牌不同（威粤 vs 无品牌），建议保持分开	颜色确定，品牌缺失，容量补齐，与白色组疑似重复；颜色和品牌确定，容量补齐，与无品牌白色疑似重复但品牌不同	化工胶粘涂料/油漆涂料/自喷漆
CHEM-000068	自喷漆	自喷漆 红色	颜色：红色；容量：400ml	瓶	瓶	来源单位一致		红色自喷漆；自喷漆	类型：自喷漆；单位：支 -> 瓶；单位：瓶（原为瓶，保持）	容量默认400ml，品牌缺失	CHEM-000068；CHEM-000126	2	相同颜色且均无品牌	颜色确定，品牌缺失，容量补齐，与另一红色合并	化工胶粘涂料/油漆涂料/自喷漆
CHEM-000099	自喷漆	自喷漆 绿色	颜色：绿色；容量：400ml	瓶	瓶	来源单位一致		绿色自喷漆；自喷漆	类型：自喷漆；单位：瓶（原为瓶，保持）	容量默认400ml，品牌缺失	CHEM-000099	1		颜色确定，品牌缺失，容量补齐	化工胶粘涂料/油漆涂料/自喷漆
CHEM-000034	自喷漆	自喷漆 翠绿色	颜色：翠绿色；容量：400ml	瓶	瓶	来源单位一致	三和	三和喷漆翠绿色；自喷漆	类型：自喷漆；单位：支 -> 瓶	容量默认400ml	CHEM-000034	1		颜色和品牌唯一，容量补齐	化工胶粘涂料/油漆涂料/自喷漆
CHEM-000121	自喷漆	自喷漆 葱绿色	颜色：葱绿色；容量：400ml	瓶	瓶	来源单位一致		葱绿色自喷漆；自喷漆	类型：自喷漆；单位：瓶（原为瓶，保持）	容量默认400ml，品牌缺失	CHEM-000121	1		颜色确定，品牌缺失，容量补齐	化工胶粘涂料/油漆涂料/自喷漆
CHEM-000009	自喷漆	自喷漆 黄色	颜色：黄色；容量：400ml	瓶	瓶	来源单位一致	三和	三和黄色喷漆；喷漆	类型：自喷漆；单位：支 -> 瓶	容量默认400ml	CHEM-000009	1		颜色和品牌唯一，容量补齐	化工胶粘涂料/油漆涂料/自喷漆
CHEM-000018	自喷漆	自喷漆 黑色	颜色：黑色；容量：400ml	瓶	瓶	来源单位一致	三和	黑色三和喷漆；自喷漆；黑色自喷漆	类型：自喷漆；单位：瓶（原为瓶，保持）	容量默认400ml；容量默认400ml，品牌缺失	CHEM-000018；CHEM-000119	2	颜色相同但品牌不同（三和 vs 无品牌），建议保持分开；颜色相同但品牌不同（无品牌 vs 三和），建议保持分开	颜色和品牌确定，容量补齐，与无品牌黑色疑似重复但品牌不同；颜色确定，品牌缺失，容量补齐，与三和黑色疑似重复但品牌不同	化工胶粘涂料/油漆涂料/自喷漆
METAL-000096	润滑剂	润滑剂 钢丝绳 5kg	用途：钢丝绳；包装：5kg；剂型：未明	桶	桶	来源单位一致		进口5KG钢丝绳专用剂；钢丝绳专用剂	进口：是		METAL-000096	1		删除进口字段，保留用途、包装、剂型；剂型未明需后续确认。	化工胶粘涂料/润滑防锈/润滑剂
CHEM-000048	调和漆	调和漆 中黄	颜色：中黄；容量：1kg	桶	桶	来源单位一致		中黄调和油漆；调和漆	类型：调和漆	容量未提供，默认补齐为1kg（常见调和漆小桶规格）	CHEM-000048	1		颜色是采购关键规格，类型已删除，容量默认补齐1kg	化工胶粘涂料/油漆涂料/调和漆
CHEM-000008	调和漆	调和漆 白色	颜色：白色；容量：1kg	桶	桶	来源单位一致		白色调和油漆；调和油漆；白色调和漆；调和漆	类型：调和油漆；类型：调和漆	容量未提供，默认补齐为1kg（常见调和漆小桶规格）	CHEM-000008；CHEM-000013	2	相同颜色和规格（白色），仅容量缺失	颜色是采购关键规格，类型已删除，容量默认补齐1kg	化工胶粘涂料/油漆涂料/调和漆
CHEM-000047	调和漆	调和漆 红色	颜色：红色；容量：1kg	桶	桶	来源单位一致		红色调和油漆；调和漆	类型：调和漆	容量未提供，默认补齐为1kg（常见调和漆小桶规格）	CHEM-000047	1		颜色是采购关键规格，类型已删除，容量默认补齐1kg	化工胶粘涂料/油漆涂料/调和漆
CHEM-000007	调和漆	调和漆 铁红	颜色：铁红；容量：1kg	桶	桶	来源单位一致		铁红调和漆；铁红油漆；调和漆	类型：调和漆	容量未提供，默认补齐为1kg（常见调和漆小桶规格）	CHEM-000007；CHEM-000024	2	相同颜色和规格（铁红），仅容量缺失	颜色是采购关键规格，类型已删除，容量默认补齐1kg	化工胶粘涂料/油漆涂料/调和漆
CHEM-000023	调和漆	调和漆 黄色	颜色：黄色；容量：1kg	桶	桶	来源单位一致		黄色调和漆；调和漆	类型：调和漆	容量未提供，默认补齐为1kg（常见调和漆小桶规格）	CHEM-000023	1		颜色是采购关键规格，类型已删除，容量默认补齐1kg	化工胶粘涂料/油漆涂料/调和漆
CHEM-000040	调和漆	调和漆 黑色	颜色：黑色；容量：1kg	桶	桶	来源单位一致		黑色调和漆；调和漆	类型：调和漆	容量未提供，默认补齐为1kg（常见调和漆小桶规格）	CHEM-000040	1		颜色是采购关键规格，类型已删除，容量默认补齐1kg	化工胶粘涂料/油漆涂料/调和漆
CHEM-000081	机油	机油 46# 20L	牌号：46#；容量：20L	桶	桶	来源单位一致	道达尔	道达尔46#机油20升；机油			CHEM-000081	1		按品牌、牌号、包装容量构建最小规格，品牌放入brand字段，名称和规格中只保留牌号和容量	化工胶粘涂料/润滑防锈/机油
CHEM-000065	气动油	气动油	用途：油雾器	瓶	瓶	来源单位一致		油雾专用油；油雾器专用油		原始缺失容量和品牌，生成通用气动油SKU，用途为油雾器专用	CHEM-000065	1		仅有用途规格，无品牌容量，保留用途作为关键规格以区分其他SKU	化工胶粘涂料/润滑防锈/气动油
CHEM-000148	气动油	气动油 250mL	容量：250mL	瓶	瓶	来源单位一致	卡仕顿	卡仕顿特级气动油250mL；气动油			CHEM-000148	1		品牌不纳入关键规格，保留容量作为最小必填规格	化工胶粘涂料/润滑防锈/气动油
METAL-000103	润滑脂	润滑脂 伍尔特 钢丝绳 500mL	品牌：伍尔特；用途：钢丝绳；容量：500mL	瓶	瓶	来源单位一致	伍尔特	伍尔特钢丝绳黄油500mL；钢丝绳润滑脂		原始缺型号，按品牌用途容量补齐	METAL-000103	1		品牌、用途、容量明确，保留为关键规格	化工胶粘涂料/润滑防锈/润滑脂
CHEM-000092	润滑脂	润滑脂 克虏伯 NB52	品牌：克虏伯；型号：NB52	公斤	公斤	来源单位一致	克虏伯	克虏伯油脂NB52；润滑脂		原始缺包装规格，按最小可识别SKU保留品牌型号	CHEM-000092	1		品牌型号明确，保留为关键规格	化工胶粘涂料/润滑防锈/润滑脂
CHEM-000060	润滑脂	润滑脂 通用 15kg	包装：15kg/桶	桶	桶	来源单位一致		黄油；润滑脂	类型：黄油（已作为别名）	原始无品牌型号包装，按通用润滑脂常见规格15kg/桶补齐	CHEM-000060	1		缺失型号/包装，默认采用15kg桶装通用润滑脂	化工胶粘涂料/润滑防锈/润滑脂
CHEM-000136	润滑脂	润滑脂 高温 16kg	特性：高温；包装：16kg/桶	桶	桶	来源单位一致		高温黄油16KG；高温润滑脂	类型：高温黄油（已转化为特性字段）	原始无品牌型号，按包装16kg和高温特性补齐	CHEM-000136	1		高温特性及包装保留，品牌型号未知	化工胶粘涂料/润滑防锈/润滑脂
CHEM-000058	润滑油	润滑油 D321R	型号：D321R	支	支	来源单位一致	摩力克	D321R摩力克润滑油；润滑油			CHEM-000058	1		已知品牌型号，型号为关键区分规格，品牌放入brand字段；容量缺失暂不补全。	化工胶粘涂料/润滑防锈/润滑油
CHEM-000090	润滑油	润滑油 清洗机专用	适用设备：清洗机	个	个	来源单位一致		清洗机专用油		根据用途字段推断为清洗机专用润滑油	CHEM-000090	1		缺失品牌型号，仅用途可识别，保留适用设备字段，单位“个”需后续复核。	化工胶粘涂料/润滑防锈/润滑油
CHEM-000085	防锈润滑剂	防锈润滑剂 DM40 350ml	型号：DM40；容量：350ml	瓶	瓶	来源单位一致		DM40防锈润滑剂；防锈润滑剂	功能：防锈润滑（默认功能）	容量缺失，根据常见采购规格推断为350ml；型号DM40视为品牌型号	CHEM-000085	1		保留型号DM40，品牌空缺	化工胶粘涂料/润滑防锈/防锈润滑剂
CHEM-000054	防锈润滑剂	防锈润滑剂 WD-40 350ml	型号：WD-40；容量：350ml	瓶	瓶	来源单位一致	WD-40	WD40润滑剂；防锈润滑剂；WD40除锈润滑剂；WD-40除锈剂	功能描述缺失；功能：除锈润滑（默认功能）；功能：除锈（默认功能）	容量缺失，根据常见采购规格推断为350ml	CHEM-000054；CHEM-000059；CHEM-000061	3	同一品牌型号容量，疑似重复	推断容量，与类似SKU合并	化工胶粘涂料/润滑防锈/防锈润滑剂
CHEM-000006	防锈润滑剂	防锈润滑剂 WD-40 500ml	型号：WD-40；容量：500ml	瓶	瓶	来源单位一致	WD-40	WD-40500防锈润滑剂；防锈润滑剂	功能描述：无（品牌型号默认包含功能）	容量单位缺失，根据数值500推断为ml	CHEM-000006	1		保留品牌和容量作为关键规格	化工胶粘涂料/润滑防锈/防锈润滑剂
MAT-000149	液压油	液压油 10L 进口	容量：10L；进口：是	桶	桶	来源单位一致		进口液压油10L；液压油		粘度等级缺失，保留进口和包装10L作为最小规格	MAT-000149	1		保留容量和进口属性作为关键规格，品牌和粘度等级缺失，未推断	化工胶粘涂料/润滑防锈/液压油
CHEM-000155	泡沫清洗剂	泡沫清洗剂 500ml	规格/容量：500ml	瓶	瓶	来源单位一致			类型：泡沫清洗剂	常见泡沫清洗剂包装容量为500ml，按此补齐；若与实际不符请后续更新。	CHEM-000155	1		保留容量作为关键规格，删除与物料名称重复的类型字段。	化工胶粘涂料/清洗脱漆剂/泡沫清洗剂
CHEM-000095	齿轮油	齿轮油 18L	包装：18L	桶	桶	来源单位一致	长城	长城齿轮油18L；齿轮油			CHEM-000095	1		保留包装18L，品牌长城单独放入brand字段。	化工胶粘涂料/润滑防锈/齿轮油
CHEM-000067	齿轮油	齿轮油 20L	包装：20L	桶	桶	来源单位一致		20L齿轮油；齿轮油	类型：齿轮油		CHEM-000067	1		保留包装容量20L，删除冗余字段“类型：齿轮油”。	化工胶粘涂料/润滑防锈/齿轮油
CHEM-000037	齿轮油	齿轮油 HL-20	型号：HL-20	升	升	来源单位一致		HL-20齿轮油；齿轮油			CHEM-000037	1		保留现有型号HL-20作为核心规格；包装缺失，未补全。	化工胶粘涂料/润滑防锈/齿轮油
CHEM-000012	松香水	松香水 12KG	包装：12KG	桶	桶	来源单位一致		松香水；松香水12KG	类型：稀释剂/清洗剂	根据常见包装规格和已有SKU推断为12KG	CHEM-000012；CHEM-000109	2	标准SKU名称和关键规格一致，疑似重复	缺失包装规格，按常用规格12KG补齐并合并；保留原有规格，与CHEM-000012合并	化工胶粘涂料/清洗脱漆剂/松香水
CHEM-000146	除锈剂	除锈剂 WD40 350mL	品牌：WD40；容量：350mL	瓶	瓶	来源单位一致	WD40	WD40除锈剂350ML；除锈剂		原始缺失型号，按品牌和容量生成初始SKU	CHEM-000146	1		品牌和容量是影响采购的关键规格，保留；型号缺失不补。	化工胶粘涂料/润滑防锈/除锈剂
CHEM-000134	除锈剂	除锈剂 WD40 500mL	品牌：WD40；容量：500mL	瓶	瓶	来源单位一致	WD40	WD40除锈剂500ML；除锈剂		原始缺失型号，按品牌和容量生成初始SKU	CHEM-000134	1		品牌和容量是影响采购的关键规格，保留；型号缺失不补。	化工胶粘涂料/润滑防锈/除锈剂
CHEM-000137	除锈剂	除锈剂 陶喜 450mL	品牌：陶喜；容量：450mL	瓶	瓶	来源单位一致	陶喜	陶喜除锈剂450mL；除锈剂		原始缺失型号，按品牌和容量生成初始SKU	CHEM-000137	1		品牌和容量是影响采购的关键规格，保留；型号缺失不补。	化工胶粘涂料/润滑防锈/除锈剂
ADMIN-000007	油污清洗剂	油污清洗剂 25KG	包装：25KG；用途：重油污	KG	KG	来源单位一致	宝雅	宝雅重油污清洗剂;重油污清洗剂；去重油污清洗剂;重油污清洗剂；重油污清洗剂	污染类型：重油污（已合并到用途）	包装规格25KG为常用默认值	ADMIN-000007；ADMIN-000010；CHEM-000016	3	与ADMIN-000010、CHEM-000016规格和名称一致，品牌不同可能重复；与ADMIN-000007、CHEM-000016规格和名称一致，品牌不同可能重复；与ADMIN-000007、ADMIN-000010规格和名称一致，品牌不同可能重复	品牌分离到brand字段，包装按默认25KG补齐，用途保留；无品牌，包装按默认25KG补齐，用途保留	化工胶粘涂料/清洗脱漆剂/油污清洗剂
ADMIN-000050	油污清洗剂	油污清洗剂 30KG	包装：30KG；用途：重油污	桶	桶	来源单位一致		重油污除污剂30KG;重油污除污剂;除污剂			ADMIN-000050	1		包装明确30KG，直接使用	化工胶粘涂料/清洗脱漆剂/油污清洗剂
CHEM-000062	油污清洗剂	油污清洗剂 500ml	包装：500ml；用途：去油污	瓶	瓶	来源单位一致		油污净;油污清洗剂	污染类型：重油污（未指定）	包装规格500ml为常见瓶装默认值	CHEM-000062	1		功能转换为用途，包装按默认500ml补齐	化工胶粘涂料/清洗脱漆剂/油污清洗剂
MAT-000152	丙酮	丙酮 10kg	纯度：工业级；包装：10kg	kg	kg	来源单位一致		丙酮10KG；丙酮		纯度未提供，按常见工业级补齐；包装取自原始specs。	MAT-000152	1		原始仅有包装，补齐纯度作为初始SKU，单位标准化为kg。	化工胶粘涂料/清洗脱漆剂/丙酮
CHEM-000071	电子清洗剂	电子清洗剂 400ml	容量：400ml；用途：电子元件清洗；是否带电清洗：是	支	支	来源单位一致				缺失容量和是否带电清洗，按最常见规格推断为400ml和带电清洗	CHEM-000071	1		原始仅提供用途，无容量和带电清洗信息，生成合理初始SKU	化工胶粘涂料/清洗脱漆剂/电子清洗剂
CHEM-000022	AB胶	AB胶 50ml	规格/容量：50ml	套	套	来源单位一致	卡夹特；三和	卡夹特AB胶；AB胶；三和AB胶	类型：AB胶；品牌/型号：卡夹特；品牌：三和	容量缺失，推断为常见规格50ml；原单位'套'保持不变。；原单位'支'统一为'套'（AB胶通常以套计量）。	CHEM-000022；CHEM-000104	2	标准SKU名称和最小规格相同，仅品牌和原始单位不同。	缺失容量，根据通用规格推断50ml；品牌作为brand字段保留；原单位已是标准单位。；原单位'支'转换为'套'。	化工胶粘涂料/胶粘密封/AB胶
CHEM-000103	稀释剂	稀释剂 12KG	包装：12KG	桶	桶	来源单位一致	立邦	立邦稀释剂12KG；稀释剂；稀释剂12kg			CHEM-000103；CHEM-000116	2	标准SKU名和最小关键规格一致，但品牌不同，建议人工确认是否合并	保留包装规格作为关键字段，品牌放入brand字段；保留包装规格作为关键字段，品牌缺失，暂不补充	化工胶粘涂料/清洗脱漆剂/稀释剂
CHEM-000004	除胶剂	除胶剂 500ML	容量：500ML	瓶	瓶	来源单位一致	得力	得力500ML除胶剂；除胶剂		常见除胶剂默认容量500ML，品牌缺失未推断。	CHEM-000004；CHEM-000154	2	与CHEM-000004标准SKU名和最小规格一致，仅品牌不同（品牌不参与唯一判断），建议合并为同一个SKU，保留得力品牌作为属性。	品牌得力放入brand字段，容量500ML为核心规格，原始单位'支'统一为'瓶'。；原始规格缺失，按常见规格推断容量500ML，单位统一为瓶，品牌留空。	化工胶粘涂料/清洗脱漆剂/除胶剂
CHEM-000130	双面胶带	双面胶带 35mm宽	宽度：35mm	卷	卷	来源单位一致	3M	3M双面胶35mm宽；双面胶带		原始缺少长度和型号，但宽度已知；品牌3M单独记录。	CHEM-000130	1		宽度保留为关键规格；品牌单独记录。	化工胶粘涂料/胶粘密封/双面胶带
CHEM-000046	双面胶带	双面胶带 厚	特征：厚	卷	卷	来源单位一致		双面胶厚；厚双面胶	类型：双面胶	原始宽度、长度缺失，但特征'厚'保留为关键规格	CHEM-000046	1		类型字段已体现在物料名称中，删除；特征'厚'保留作为区分规格。	化工胶粘涂料/胶粘密封/双面胶带
CHEM-000027	双面胶带	双面胶带 通用型	规格：通用	卷	卷	来源单位一致		双面胶	类型：双面胶	原始缺少宽度、长度、基材，按常见通用型补为通用双面胶带；后处理补齐：原输出最小规格为空，按初始物料清单口径设为规格：通用	CHEM-000027	1		类型字段已体现在物料名称中，删除；规格缺失，按通用型补齐。；后处理补齐：原输出最小规格为空，按初始物料清单口径设为规格：通用	化工胶粘涂料/胶粘密封/双面胶带
CHEM-000019	脱漆剂	脱漆剂 1L	容量：1L	瓶	瓶	来源单位一致		高效脱漆剂；脱漆剂	类型：高效脱漆剂；性能描述：高效；类型：脱漆剂（无额外冗余字段）	容量缺失，按常见瓶装1L补齐	CHEM-000019；CHEM-000150	2	两个SKU均无品牌、容量等关键规格，标准SKU名及规格完全一致，疑似重复	删除性能描述字段，补齐默认容量1L，保留别名；补齐默认容量1L	化工胶粘涂料/清洗脱漆剂/脱漆剂
CHEM-000020	电气清洗剂	电气清洗剂 1KG	适用对象：电力设备；包装：1KG	KG	KG	来源单位一致		电力清洗剂	用途：电力设备清洗	按标准单位KG，推断常见包装为1KG	CHEM-000020	1		原始规格缺失，根据单位KG推断包装1KG，保留适用对象字段，删除冗余用途描述	化工胶粘涂料/清洗脱漆剂/电气清洗剂
CHEM-000036	万能胶	万能胶 1L	容量：1L	桶	桶	来源单位一致				原始缺失容量，按常见采购口径默认填充1L	CHEM-000036	1		仅一条SKU，名称明确，容量为必填规格，默认填充1L；品牌和别名无；无重复组。	化工胶粘涂料/胶粘密封/万能胶
CHEM-000001	聚氨酯堵漏剂	聚氨酯堵漏剂 20kg	规格/口径：20kg	桶	桶	来源单位一致		聚氨酯堵漏剂20KG；聚氨酯堵漏剂		材质由名称推断为聚氨酯；材质由名称推断为聚氨酯，包装规格取自原始	CHEM-000001；CHEM-000131	2	与CHEM-000131规格口径和单位相同，疑似重复；与CHEM-000001规格口径和单位相同，疑似重复	保留20kg包装规格，删除默认材质字段，单位桶；保留20kg包装规格，删除用途和材质字段，单位桶	化工胶粘涂料/胶粘密封/聚氨酯堵漏剂
MAT-000136	聚氨酯堵漏剂	聚氨酯堵漏剂 主剂	组分：主剂	斤	斤	来源单位一致		堵漏聚氨酯主剂；聚氨酯堵漏主剂	材质：聚氨酯（由名称隐含）		MAT-000136	1		保留组分主剂，删除材质和用途字段，单位斤	化工胶粘涂料/胶粘密封/聚氨酯堵漏剂
MAT-000137	聚氨酯堵漏剂	聚氨酯堵漏剂 副剂	组分：副剂	斤	斤	来源单位一致		堵漏聚氨酯副剂；聚氨酯堵漏副剂	材质：聚氨酯（由名称隐含）		MAT-000137	1		保留组分副剂，删除材质和用途字段，单位斤	化工胶粘涂料/胶粘密封/聚氨酯堵漏剂
CHEM-000042	聚氨酯堵漏剂	聚氨酯堵漏剂 水性	类型：水性	KG	KG	来源单位一致		水性聚氨酯堵漏剂；聚氨酯堵漏剂	材质：聚氨酯（由名称隐含）		CHEM-000042	1		保留类型水性，删除材质字段，单位KG	化工胶粘涂料/胶粘密封/聚氨酯堵漏剂
CHEM-000041	聚氨酯堵漏剂	聚氨酯堵漏剂 油性	类型：油性	KG	KG	来源单位一致		油性聚氨酯堵漏剂；聚氨酯堵漏剂	材质：聚氨酯（由名称隐含）		CHEM-000041	1		保留类型油性，删除材质字段（名称已体现），单位KG	化工胶粘涂料/胶粘密封/聚氨酯堵漏剂
CHEM-000005	泡沫填缝剂	泡沫填缝剂 750ml	容量：750ml	支	支	来源单位一致	雨虹	雨虹高倍发泡胶；发泡胶；泡沫填缝剂；发泡剂；聚氨酯泡沫填缝剂	材质：聚氨酯泡沫；特性：高倍；类型：发泡胶；类型：泡沫填缝剂；品类：发泡剂；用途：填缝	容量缺失，按常见750ml默认补齐；品牌和容量缺失，按常见750ml默认补齐；品牌未知；材质聚氨酯泡沫为默认	CHEM-000005；CHEM-000152；MAT-000014；MAT-000126；SPARE-000143	5	与MAT-000014、MAT-000126、SPARE-000143具有相同标准SKU名和最小规格，疑似同一物料；与CHEM-000152、MAT-000126、SPARE-000143具有相同标准SKU名和最小规格，疑似同一物料；与CHEM-000152、MAT-000014、SPARE-000143具有相同标准SKU名和最小规格，疑似同一物料；与CHEM-000152、MAT-000014、MAT-000126具有相同标准SKU名和最小规格，疑似同一物料	品牌雨虹单独区分；容量默认750ml；无品牌，容量默认，建议合并	化工胶粘涂料/胶粘密封/泡沫填缝剂
CHEM-000026	密封胶	密封胶 588	型号：588	支	支	来源单位一致		588胶；588密封胶		仅型号已知，未指定品牌和容量，按初始库生成	CHEM-000026	1		型号588是区分关键，品牌和容量缺失不影响唯一识别，保留型号作为最小规格	化工胶粘涂料/胶粘密封/密封胶
CHEM-000097	密封胶	密封胶 普赛达	品牌：普赛达	支	支	来源单位一致	普赛达	普赛达密封胶；密封胶		仅品牌已知，材料、容量、型号缺失，按品牌生成初始SKU	CHEM-000097	1		品牌为唯一可用信息，保留品牌作为最小规格	化工胶粘涂料/胶粘密封/密封胶
CHEM-000139	密封胶	密封胶 液态密封胶	品牌：三和；类型：液态密封胶	支	支	来源单位一致	三和	三和液态密封胶；液态密封胶	形态：液态	容量和型号缺失，已通过类型区分	CHEM-000139	1		品牌和类型保留，形态液态为类型冗余，删除默认字段	化工胶粘涂料/胶粘密封/密封胶
CHEM-000082	密封胶	密封胶 管片密封	用途：管片密封	桶	桶	来源单位一致		管片密封胶水；管片密封胶		仅用途已知，未指定品牌和容量，按初始库生成	CHEM-000082	1		管片密封为专用场景，保留用途确保不买错，其他字段缺失	化工胶粘涂料/胶粘密封/密封胶
CHEM-000096	密封胶	密封胶 聚氨酯	品牌：普赛达；材料：聚氨酯	支	支	来源单位一致	普赛达	普赛达聚氨酯密封胶；聚氨酯密封胶		容量未知，按材料聚氨酯生成初始SKU	CHEM-000096	1		品牌和材料是关键，容量缺失无法推断，暂不写入	化工胶粘涂料/胶粘密封/密封胶
CHEM-000094	密封胶	密封胶 聚氨酯 600mL	品牌：普赛达；容量：600mL；材料/体系：聚氨酯	支	支	来源单位一致	普赛达	普赛达聚氨酯密封胶600mL；聚氨酯密封胶			CHEM-000094	1		品牌、容量、材料均为采购决策关键，全部保留	化工胶粘涂料/胶粘密封/密封胶
CHEM-000038	植筋胶	植筋胶 注射式 400ml	类型：注射式；容量：400ml	支	支	来源单位一致		注射式植筋胶；植筋胶		容量字段缺失，按常见注射式植筋胶容量400ml补齐	CHEM-000038	1		原始规格仅提供类型，补充常见容量400ml以形成最小可区分SKU	化工胶粘涂料/胶粘密封/植筋胶
CHEM-000025	玻璃胶	玻璃胶 白色 300ml	颜色：白色；容量：300ml；固化方式：中性	支	支	来源单位一致		白色玻璃胶；玻璃胶	类型：玻璃胶	容量按常见玻璃胶规格推断为300ml；固化方式推断为中性通用型；缺失品牌视为通用型。	CHEM-000025；CHEM-000070	2	同颜色、同容量、同固化方式，且品牌未指定，可合并。	保留颜色和推断容量/固化方式；删除冗余类型字段；品牌未提供视为通用。；品牌未提供视为通用；与CHEM-000025重复。	化工胶粘涂料/胶粘密封/玻璃胶
CHEM-000156	玻璃胶	玻璃胶 透明 300ml	颜色：透明；容量：300ml；固化方式：中性	支	支	来源单位一致	道康宁	道康宁玻璃胶；玻璃胶		容量按常见玻璃胶规格推断为300ml；固化方式推断为中性通用型；颜色因品牌道康宁最常见为透明故推断为透明。	CHEM-000156	1		保留品牌在brand字段；颜色和容量/固化方式按常见推断；颜色透明基于品牌常见规格。	化工胶粘涂料/胶粘密封/玻璃胶
CHEM-000051	强力胶	强力胶	类型：强力胶	桶	桶	来源单位一致		管片强力胶水；管片强力胶	用途：管片（移至别名）	原始信息缺失品牌、包装规格，生成通用型强力胶	CHEM-000051	1		类型保留为最小规格，用途移入别名；缺失品牌和容量，按通用初始库处理	化工胶粘涂料/胶粘密封/强力胶
CHEM-000149	堵漏剂	堵漏剂 速凝型 1kg	特性：速凝型；包装：1kg/包	箱	箱	来源单位一致	牛元	牛元速凝型堵漏剂；速凝型堵漏剂		包装重量缺失，按常见1kg/包补齐作为初始库默认	CHEM-000149	1		品牌放入brand；特性速凝型保留为关键规格；包装重量缺失，按常见1kg/包补齐	化工胶粘涂料/胶粘密封/堵漏剂
CHEM-000003	瞬干胶	瞬干胶 502	型号：502；容量：20g	支	支	来源单位一致		502胶水；502瞬干胶		容量缺失，按常见采购规格默认20g（常见502胶水容量）；容量缺失，按常见采购规格默认20g；单位从'个'调整为'支'（行业通用）	CHEM-000003；CHEM-000066	2	型号相同，容量默认一致，可合并	缺失容量，默认20g；单位从'支'保留；别名保留；单位统一为'支'	化工胶粘涂料/胶粘密封/瞬干胶
CHEM-000069	胶粘剂	胶粘剂 S1-5910	型号：S1-5910；进口：是	支	支	来源单位一致	东泰	进口东泰s1-5910胶；东泰S1-5910胶粘剂；胶粘剂	品牌：东泰	原始规格缺失容量，无法合理推断，故保留现有型号和进口信息	CHEM-000069	1		品牌默认不保留；型号和进口是采购关键规格；容量缺失，待后续补齐	化工胶粘涂料/胶粘密封/胶粘剂
CHEM-000106	螺纹锁固胶	螺纹锁固胶 243	型号：243；容量：50ml	瓶	瓶	来源单位一致	乐泰	乐泰243胶水；螺纹锁固胶		容量根据常见规格默认50ml；单位从'只'统一为'瓶'；单位从'瓶'保留	CHEM-000106；CHEM-000151	2	品牌型号相同，容量默认一致，单位冲突需统一	原规格缺失容量，按常见50ml补齐；单位统一为瓶；单位保留瓶	化工胶粘涂料/胶粘密封/螺纹锁固胶
MAT-000212	子母环	子母环 15T	额定载荷：15T	个	个	来源单位一致		蝴蝶扣子母环15T；蝴蝶扣子母环	类型：蝴蝶扣子母环；组合形式：蝴蝶扣子母环	材质缺失，未补齐；额定载荷取自规格	MAT-000212	1		保留额定载荷为核心规格，删除重复的类型和组合形式描述，别名保留	吊装索具/卸扣/卡环/子母环
CHEM-000098	胶水	PVC胶水 1KG	适用材料：PVC；容量：1KG	瓶	瓶	来源单位一致		PVC胶水		容量缺失，按常见PVC胶水包装默认1KG	CHEM-000098；CHEM-000153	2	关键规格（适用材料PVC，容量1KG）一致，品牌不参与唯一判断；建议合并为同一SKU，品牌作为可选属性；与CHEM-000098关键规格一致，无品牌且容量默认补齐后相同；建议合并	容量1KG，适用PVC；品牌放入brand字段，不参与名称；无品牌容量，默认补齐1KG，与098疑似重复	化工胶粘涂料/胶粘密封/胶水
CHEM-000045	胶水	胶水 101	型号：101；容量：20g	瓶	瓶	来源单位一致		101胶水；胶水		容量缺失，按常见瞬间胶包装默认20g；单位从'件'统一为'瓶'	CHEM-000045	1		型号101，无品牌容量；统一单位并默认补齐容量20g。	化工胶粘涂料/胶粘密封/胶水
MAT-000079	U型卸扣	U型卸扣 10T	额定载荷：10T	个	个	来源单位一致		10吨U型卸扣；U型卸扣	型式：U型；执行标准：国标		MAT-000079	1		保留额定载荷作为唯一关键规格；删除默认的型式U型（已含在名称中）和执行标准（行业默认国标）。	吊装索具/卸扣/卡环/U型卸扣
MAT-000121	U型卸扣	U型卸扣 17T	额定载荷：17T	个	个	来源单位一致		17TU型国标卸扣；U型卸扣	型式：U型；执行标准：国标		MAT-000121	1		保留额定载荷作为唯一关键规格；删除默认的型式U型（已含在名称中）和执行标准（行业默认国标）。	吊装索具/卸扣/卡环/U型卸扣
MAT-000097	U型卸扣	U型卸扣 9.5T	额定载荷：9.5T	个	个	来源单位一致		9.5TU型卸扣；U型卸扣	型式：U型；执行标准：国标		MAT-000097	1		保留额定载荷作为唯一关键规格；删除默认的型式U型（已含在名称中）和执行标准（行业默认国标）。	吊装索具/卸扣/卡环/U型卸扣
MAT-000162	防潮剂	防潮剂 1KG	包装：1KG；用途：工业	包	包	来源单位一致		工业防潮剂1KG；工业防潮剂			MAT-000162	1		保留包装和用途规格，无品牌及其他关键字段	化工胶粘涂料/防潮材料/防潮剂
MAT-000118	卸扣	卸扣 10T	载荷：10T	个	个	来源单位一致		10T卸扣；卸扣10T；卸扣			MAT-000118	1		保留载荷	吊装索具/卸扣/卡环/卸扣
MAT-000070	卸扣	卸扣 10厘	规格：10厘	个	个	来源单位一致		10厘卡环；卡环		原始规格为10厘，载荷缺失，按规格作为关键规格	MAT-000070	1		载荷缺失，规格10厘保留为关键规格	吊装索具/卸扣/卡环/卸扣
MAT-000119	卸扣	卸扣 12T	载荷：12T	个	个	来源单位一致		12T卸扣；卸扣			MAT-000119	1	载荷12T，但无宽度，与MAT-000089不合并	保留载荷，无宽度	吊装索具/卸扣/卡环/卸扣
MAT-000089	卸扣	卸扣 12T	载荷：12T；宽度：6cm	个	个	来源单位一致		宽度6cm12吨国标卸扣；卸扣	执行标准：国标		MAT-000089	1	载荷12T，但宽度不同，与MAT-000119不合并	保留载荷和宽度，删除默认执行标准	吊装索具/卸扣/卡环/卸扣
MAT-000199	卸扣	卸扣 17T	载荷：17T	个	个	来源单位一致		卸扣17T；卸扣			MAT-000199	1		保留载荷，单位由只统一为个	吊装索具/卸扣/卡环/卸扣
MAT-000198	卸扣	卸扣 25T	载荷：25T	个	个	来源单位一致		卸扣25T；卸扣			MAT-000198	1		保留载荷，单位由只统一为个	吊装索具/卸扣/卡环/卸扣
MAT-000017	卸扣	卸扣 2T	载荷：2T	个	个	来源单位一致		2T卸扣；卸扣；卸扣2T			MAT-000017；MAT-000085	2	载荷2T，与MAT-000085相同；载荷2T，与MAT-000017相同	保留载荷作为关键规格，执行标准缺失未使用；保留载荷	吊装索具/卸扣/卡环/卸扣
MAT-000096	卸扣	卸扣 3.25T	载荷：3.25T	个	个	来源单位一致		3.25T卸扣；卸扣			MAT-000096	1		保留载荷	吊装索具/卸扣/卡环/卸扣
MAT-000048	卸扣	卸扣 3T	载荷：3T	个	个	来源单位一致		3T卸扣；卸扣			MAT-000048；MAT-000102	2	载荷3T，与MAT-000102相同；载荷3T，与MAT-000048相同	保留载荷	吊装索具/卸扣/卡环/卸扣
MAT-000018	卸扣	卸扣 4T	载荷：4T	个	个	来源单位一致		4T卸扣；卸扣			MAT-000018；MAT-000086	2	载荷4T，与MAT-000086相同；载荷4T，与MAT-000018相同	保留载荷作为关键规格；保留载荷	吊装索具/卸扣/卡环/卸扣
MAT-000193	卸扣	卸扣 6.5T	载荷：6.5T	个	个	来源单位一致		卸扣6.5T；卸扣			MAT-000193	1		保留载荷，单位由只统一为个	吊装索具/卸扣/卡环/卸扣
MAT-000087	卸扣	卸扣 6T	载荷：6T	个	个	来源单位一致		6T卸扣；卸扣			MAT-000087	1		保留载荷	吊装索具/卸扣/卡环/卸扣
MAT-000047	卸扣	卸扣 8.5T	载荷：8.5T	个	个	来源单位一致		8.5T卸扣；卸扣			MAT-000047	1		保留载荷，其他缺失	吊装索具/卸扣/卡环/卸扣
MAT-000117	卸扣	卸扣 8T	载荷：8T	个	个	来源单位一致		8T卸扣；卸扣8T；卸扣			MAT-000117	1		保留载荷	吊装索具/卸扣/卡环/卸扣
MAT-000213	弓形卸扣	弓形卸扣 17吨 美式	载荷：17吨；标准：美式；强度：高强度	个	个	来源单位一致		美式高强度弓形卸扣17T；弓形卸扣	结构中的弓形描述（已由物料名称体现）		MAT-000213	1		保留载荷、标准、强度，删除默认弓形描述；单位从只统一为个	吊装索具/卸扣/卡环/弓形卸扣
MAT-000076	弓形卸扣	弓形卸扣 4.75吨	载荷：4.75吨；标准：国标	个	个	来源单位一致		4.75T弓形卸扣；弓形卸扣	型式：弓形	标准缺失，默认补齐为国标	MAT-000076	1		补齐标准为国标，删除默认形状	吊装索具/卸扣/卡环/弓形卸扣
MAT-000019	弓形卸扣	弓形卸扣 6.5吨	载荷：6.5吨；标准：国标	个	个	来源单位一致		6.5吨国标弓形卸扣；弓形卸扣；6.5T弓形卸扣	型式：弓形	标准缺失，默认补齐为国标	MAT-000019；MAT-000075	2	载荷相同，且标准缺失项默认补齐为国标	保留载荷和标准，删除默认形状描述；补齐标准为国标，删除默认形状	吊装索具/卸扣/卡环/弓形卸扣
MAT-000078	弓形卸扣	弓形卸扣 9.5吨	载荷：9.5吨；标准：国标	个	个	来源单位一致		9.5T弓形卸扣；弓形卸扣	型式：弓形	标准缺失，默认补齐为国标	MAT-000078	1		补齐标准为国标，删除默认形状	吊装索具/卸扣/卡环/弓形卸扣
MAT-000030	吊钩保险扣	吊钩保险扣 16T 加厚	额定载荷：16吨；适配类型：通用；特征：加厚	个	个	来源单位一致		16吨吊钩厚保险卡；吊钩保险卡	载荷/适配按规格字段维护	适配类型缺失，根据物料名称默认补为通用	MAT-000030	1		保留额定载荷和加厚特征作为关键规格；适配类型默认通用；删除冗余注释	吊装索具/吊钩/吊具/吊钩保险扣
MAT-000208	吊钩保险扣	吊钩保险扣 16T 行车	额定载荷：16吨；适配类型：行车吊钩	个	个	来源单位一致		行车吊钩保险扣16T；吊钩保险扣	载荷/适配按规格字段维护；部件：保险扣		MAT-000208	1		保留额定载荷和适配类型；删除冗余的'部件：保险扣'和注释	吊装索具/吊钩/吊具/吊钩保险扣
MAT-000207	吊钩保险扣	吊钩保险扣 20T 行车	额定载荷：20吨；适配类型：行车吊钩	个	个	来源单位一致		行车吊钩保险扣20T；吊钩保险扣	载荷/适配按规格字段维护；部件：保险扣		MAT-000207	1		保留额定载荷和适配类型；删除冗余的'部件：保险扣'和注释	吊装索具/吊钩/吊具/吊钩保险扣
MAT-000104	吊装带	吊装带 1T*1.5米	额定载荷：1T；长度：1.5米	根	根	来源单位一致		1T*1.5m吊带；扁平吊装带；吊带1T*1.5m；吊装带；吊带1T*1.5米	类型：扁平	单位从个统一为根；载荷单位从1T保持不变；长度单位从1.5m统一为1.5米；单位从根保持不变；长度单位从1.5米保持不变	MAT-000104；MAT-000240；MAT-000255	3	相同载荷和长度	载荷和长度为唯一标识，删除默认类型；载荷和长度为唯一标识，删除默认类型、颜色、执行标准	吊装索具/吊带/吊装带/吊装带
MAT-000241	吊装带	吊装带 1T*1米	额定载荷：1T；长度：1米	根	根	来源单位一致		吊带1T*1m；吊装带；吊带1T*1米		单位从根保持不变；载荷单位从1T保持不变；长度单位从1m统一为1米；长度单位从1米保持不变	MAT-000241；MAT-000254	2	相同载荷和长度	载荷和长度为唯一标识，删除默认类型、颜色、执行标准	吊装索具/吊带/吊装带/吊装带
MAT-000067	吊装带	吊装带 20T*6米	额定载荷：20T；长度：6米	根	根	来源单位一致		20T*6米吊带好；吊带		单位从条统一为根；载荷单位从20T保持不变；长度单位从6米保持不变	MAT-000067	1		载荷和长度为唯一标识，原始别名中'好'可能为等级，忽略	吊装索具/吊带/吊装带/吊装带
MAT-000016	吊装带	吊装带 2T*1.5米	额定载荷：2T；长度：1.5米	根	根	来源单位一致		2T*1.5米吊带；吊带；2T*1.5m吊带；扁平吊装带	类型：扁平	单位从付统一为根；载荷单位从2T保持不变；长度单位从1.5米保持不变；单位从个统一为根；长度单位从1.5m统一为1.5米	MAT-000016；MAT-000103	2	相同载荷和长度	载荷和长度为唯一标识，删除默认类型、颜色、执行标准；载荷和长度为唯一标识，删除默认类型	吊装索具/吊带/吊装带/吊装带
MAT-000094	吊装带	吊装带 2T*2米	额定载荷：2T；长度：2米	根	根	来源单位一致		2T*2米吊带；扁平吊装带；彩色吊带2T*2米；吊带2T*2m；吊装带	类型：扁平；颜色：彩色	单位从条统一为根；载荷单位从2T保持不变；长度单位从2米保持不变；单位从根保持不变；长度单位从2m统一为2米	MAT-000094；MAT-000132；MAT-000232	3	相同载荷和长度	载荷和长度为唯一标识，删除默认类型；载荷和长度为唯一标识，删除默认类型、颜色；载荷和长度为唯一标识，删除默认类型、颜色、执行标准	吊装索具/吊带/吊装带/吊装带
MAT-000231	吊装带	吊装带 3T*2米	额定载荷：3T；长度：2米	根	根	来源单位一致		吊带3T*2m；吊装带		单位从根保持不变；载荷单位从3T保持不变；长度单位从2m统一为2米	MAT-000231	1		载荷和长度为唯一标识，删除默认类型、颜色、执行标准	吊装索具/吊带/吊装带/吊装带
MAT-000036	吊装带	吊装带 3T*3米	额定载荷：3T；长度：3米	根	根	来源单位一致		3T*3米吊带；吊带；国标彩色3T*3米吊带；扁平吊装带	类型：扁平；颜色：彩色；执行标准：国标	单位从付统一为根；载荷单位从3T保持不变；长度单位从3米保持不变	MAT-000036；MAT-000073	2	相同载荷和长度	载荷和长度为唯一标识，删除默认类型、颜色、执行标准	吊装索具/吊带/吊装带/吊装带
MAT-000035	吊装带	吊装带 5T*3米	额定载荷：5T；长度：3米	根	根	来源单位一致		5T*3米吊带；吊带；吊带5T*3m；吊装带；吊带5T*3米		单位从付统一为根；载荷单位从5T保持不变；长度单位从3米保持不变；单位从根保持不变；长度单位从3m统一为3米	MAT-000035；MAT-000197；MAT-000256	3	相同载荷和长度	载荷和长度为唯一标识，删除默认类型、颜色、执行标准	吊装索具/吊带/吊装带/吊装带
MAT-000034	吊装带	吊装带 5T*6米	额定载荷：5T；长度：6米	根	根	来源单位一致		5T*6米吊带；吊带；吊带5吨×6m；国标彩色5T*6米吊带；扁平吊装带；彩色吊带5*6米；5T*6m国标彩色吊带；吊带5T*6m；吊装带	类型：扁平；颜色：彩色；执行标准：国标	单位从付统一为根；载荷单位从5T保持不变；长度单位从6米保持不变；载荷单位从5吨统一为5T；长度单位从6m统一为6米；单位从条统一为根；单位从根保持不变	MAT-000034；MAT-000066；MAT-000074；MAT-000095；MAT-000099；MAT-000116；MAT-000196	7	相同载荷和长度	载荷和长度为唯一标识，删除默认类型、颜色、执行标准；载荷和长度为唯一标识，删除默认类型、颜色	吊装索具/吊带/吊装带/吊装带
MAT-000042	吊装带	吊装带 5T*8米	额定载荷：5T；长度：8米	根	根	来源单位一致		5T*8米吊带；吊带；5T*8米彩色吊带；扁平吊装带；国标彩色吊带5T*8米	类型：扁平；颜色：彩色；执行标准：国标	单位从付统一为根；载荷单位从5T保持不变；长度单位从8米保持不变；单位从根保持不变；单位从条统一为根	MAT-000042；MAT-000084；MAT-000134	3	相同载荷和长度	载荷和长度为唯一标识，删除默认类型、颜色、执行标准；载荷和长度为唯一标识，删除默认类型、颜色	吊装索具/吊带/吊装带/吊装带
MAT-000122	蝴蝶扣	蝴蝶扣 15T	额定载荷：15T	个	个	来源单位一致		15T蝴蝶扣	类型：蝴蝶扣		MAT-000122	1		保留额定载荷为关键规格，删除冗余类型字段，别名记录常见称呼。	吊装索具/卸扣/卡环/蝴蝶扣
METAL-000076	钢板起重钳	钢板起重钳 2T	额定载荷：2T	个	个	来源单位一致		2T钢板夹；钢板起重钳		原始规格仅提供额定载荷，材质、适用板厚等缺失，作为初始库保留额定载荷。	METAL-000076	1		保留额定载荷作为关键规格，其他缺失规格暂不补充。	吊装索具/吊钩/吊具/钢板起重钳
METAL-000077	钢板起重钳	钢板起重钳 3.2T	额定载荷：3.2T	个	个	来源单位一致		3.2T钢板夹；钢板起重钳		原始规格仅提供额定载荷，材质、适用板厚等缺失，作为初始库保留额定载荷。	METAL-000077	1		保留额定载荷作为关键规格，其他缺失规格暂不补充。	吊装索具/吊钩/吊具/钢板起重钳
MAT-000180	吊装袋	吊装袋 1吨	额定载荷：1吨	只	只	来源单位一致		吊包1吨；吊包		材质、尺寸缺失，因无参考信息未补全。	MAT-000180	1		仅保留已知额定载荷，材质和尺寸缺失，采购时需补充。	吊装索具/吊装袋/吊包/吊装袋
MAT-000142	吊装袋	吊装袋 3米*3米 丙纶	材质：丙纶纤维；尺寸：3米*3米；额定载荷：大吨位	只	只	来源单位一致		大吨位丙纶纤吊包3米*3米；吊装袋			MAT-000142	1		保留原始材质、尺寸、载荷，载荷不具体但保留原始描述。	吊装索具/吊装袋/吊包/吊装袋
MAT-000023	旋转吊环	旋转吊环 8吨	载荷：8吨	个	个	来源单位一致		8吨旋转吊环；旋转吊环	类型：旋转（物料名称已含）	载荷作为关键规格，螺纹规格缺失无法推断，暂用载荷区分	MAT-000023	1		保留载荷作为核心规格；类型已反映在物料名称中，删除避免冗余；螺纹规格缺失，留待后续补充	吊装索具/吊钩/吊具/旋转吊环
MAT-000249	起重滑轮钩	起重滑轮钩 1T	额定载荷：1T	只	只	来源单位一致	沪工	沪工起重滑轮钩1T；起重滑轮钩			MAT-000249	1		仅保留额定载荷作为关键规格，品牌放入brand字段；其他缺失规格未补充，因为无原始依据且不编造。	吊装索具/吊钩/吊具/起重滑轮钩
MAT-000072	鸭嘴吊具	鸭嘴吊具 20T	额定载荷：20T	个	个	来源单位一致		20T鸭嘴吊具；20T鸭嘴万能吊具；鸭嘴吊具	类型：鸭嘴吊具；型式：鸭嘴；功能：万能	额定载荷依据原始数据，开口范围缺失未补	MAT-000072；MAT-000108	2	相同额定载荷和物料名称，开口范围缺失无法区分，疑似重复	原始规格中类型/型式与物料名称重复，功能描述冗余，保留额定载荷作为关键规格，开口范围缺失未补	吊装索具/吊钩/吊具/鸭嘴吊具
MAT-000046	卷扬机	卷扬机 1吨	载荷：1吨	台	台	来源单位一致		1吨卷扬机；卷扬机		载荷已明确；电压、钢丝绳长度、品牌未提供，未进行默认补齐。	MAT-000046	1		原始规格仅含载荷1吨，缺失电压、长度、品牌，但载荷已能满足基础采购判断，故保留载荷为最小必要规格。	吊装索具/葫芦/起重工具/卷扬机
MAT-000031	尼龙绳	尼龙绳 14mm	直径：14mm；材质：尼龙	米	米	来源单位一致		∅14尼龙绳；尼龙绳	编织结构；承载		MAT-000031	1		保留直径和材质作为关键规格，删除默认的编织结构和承载信息	吊装索具/牵引捆绑绳链（候选）/尼龙绳
MAT-000135	尼龙绳	尼龙绳 16mm	直径：16mm；材质：尼龙	米	米	来源单位一致		16尼龙绳；尼龙绳	编织结构；承载		MAT-000135	1		保留直径和材质，删除默认字段	吊装索具/牵引捆绑绳链（候选）/尼龙绳
MAT-000037	尼龙绳	尼龙绳 18mm	直径：18mm；材质：尼龙	米	米	来源单位一致		18尼龙绳；尼龙绳；18尼龙绳子	编织结构；承载		MAT-000037；MAT-000091	2	与MAT-000091直径相同，均为18mm，可合并；与MAT-000037直径相同，均为18mm，可合并	保留直径和材质作为关键规格，删除默认字段；保留直径和材质，删除默认字段	吊装索具/牵引捆绑绳链（候选）/尼龙绳
MAT-000082	尼龙绳	尼龙绳 8mm	直径：8mm；材质：尼龙	米	米	来源单位一致		尼龙绳	编织结构；承载	原始缺失直径，按常见采购标准假设为8mm	MAT-000082	1		原始缺失直径，按常见规格补为8mm，保留材质	吊装索具/牵引捆绑绳链（候选）/尼龙绳
MAT-000113	手拉葫芦	手拉葫芦 1T 6米	额定载荷：1T；链长：6米	台	台	来源单位一致	三角	三角手拉葫芦1T*6米；手拉葫芦			MAT-000113	1		保留额定载荷和链长关键规格，品牌放入brand字段	吊装索具/葫芦/起重工具/手拉葫芦
MAT-000133	手拉葫芦	手拉葫芦 2T 3米	额定载荷：2T；链长：3米	台	台	来源单位一致		2T*3米手拉葫芦；手拉葫芦			MAT-000133	1		保留额定载荷和链长关键规格，品牌缺失未补齐	吊装索具/葫芦/起重工具/手拉葫芦
MAT-000114	手拉葫芦	手拉葫芦 2T 6米	额定载荷：2T；链长：6米	台	台	来源单位一致	三角	三角手拉葫芦2T*6米；手拉葫芦			MAT-000114	1		保留额定载荷和链长关键规格，品牌放入brand字段	吊装索具/葫芦/起重工具/手拉葫芦
FAST-000010	花篮螺丝	花篮螺丝 M10	规格/口径：M10	只	只	来源单位一致		10厘花篮；花篮螺丝；花篮螺栓		原始规格为10厘，对应M10公制螺纹，长度未指定；原始规格为10厘，长度未指定，单位从套统一为只	FAST-000010；FAST-000061	2	与FAST-000061规格相同，单位不同，建议合并；与FAST-000010规格相同，单位不同，建议合并	统一规格描述为M10，单位修正为只；统一规格描述，单位修正	吊装索具/花篮螺丝/紧线器（候选）/花篮螺丝
MAT-000244	花篮螺丝	花篮螺丝 M14 镀锌	规格/口径：M14；表面处理：镀锌	只	只	来源单位一致		镀锌花兰扣m14；镀锌花兰扣；花篮螺丝		原始规格缺失长度，按常见M14花篮螺丝处理，长度未指定	MAT-000244	1		保留规格和表面处理，别名归一	吊装索具/花篮螺丝/紧线器（候选）/花篮螺丝
FAST-000060	花篮螺丝	花篮螺丝 M14*200	规格/口径：M14；长度：200mm	只	只	来源单位一致		14*200花篮；花篮螺栓；花篮螺丝；花兰螺丝M14*200；花兰螺丝	类型：花兰螺丝		FAST-000060；FAST-000088	2	与FAST-000088规格相同，单位不同，建议合并；与FAST-000060规格相同，单位不同，建议合并	保留规格M14*200，删除冗余类型字段；保留规格，删除冗余类型字段	吊装索具/花篮螺丝/紧线器（候选）/花篮螺丝
FAST-000121	花篮螺丝	花篮螺丝 M14*350 镀锌	规格/口径：M14；长度：350mm；表面处理：镀锌	只	只	来源单位一致		镀锌花兰螺丝m14*350；镀锌花兰螺丝；花篮螺丝			FAST-000121	1		保留规格和表面处理，删除冗余类型字段	吊装索具/花篮螺丝/紧线器（候选）/花篮螺丝
FAST-000005	花篮螺丝	花篮螺丝 M20	规格/口径：M20	只	只	来源单位一致		M20花篮；花篮螺丝	类型：花篮	原始规格缺失长度，按常见花篮螺丝M20处理，长度未指定	FAST-000005	1		保留规格M20，删除冗余类型字段，别名归一	吊装索具/花篮螺丝/紧线器（候选）/花篮螺丝
MAT-000105	手扳葫芦	手扳葫芦 1.6T/6米	额定载荷：1.6T；链长：6米	台	台	来源单位一致		1.6T*6米手扳葫芦；手扳葫芦			MAT-000105	1		保留额定载荷和链长，统一单位为台，别名沿用，品牌缺失不补	吊装索具/葫芦/起重工具/手扳葫芦
MAT-000090	手扳葫芦	手扳葫芦 2T/6米	额定载荷：2T；链长：6米	台	台	来源单位一致		2T*6米手扳葫芦；手扳葫芦			MAT-000090	1		保留额定载荷和链长，统一单位为台，别名沿用，品牌缺失不补	吊装索具/葫芦/起重工具/手扳葫芦
METAL-000131	环形钢丝绳	环形钢丝绳 40mm*1.5m	直径：40mm；长度：1.5m	个	个	来源单位一致		订做环形钢丝绳40mm*1.5m；环形钢丝绳	定制：是		METAL-000131	1		原始规格仅含直径和长度，保留为核心规格；定制标记为属性不进入最小规格；结构已在名称中体现。	吊装索具/钢丝绳/环形钢丝绳
MAT-000211	链条	链条调节器 15T	额定载荷：15T	个	个	来源单位一致		起重链条调节器15T；起重链条调节器		原规格缺失适配链条直径，仅保留已知额定载荷，采购前需确认具体规格	MAT-000211	1		额定载荷15T链条调节器，功能区别于普通链条，规格缺失	吊装索具/牵引捆绑绳链（候选）/链条
METAL-000130	链条	锰钢链条 22mm	材质：锰钢；规格：22mm	米	米	来源单位一致		锰钢链条22mm；锰钢链条			METAL-000130	1		锰钢材质，22mm链条，用于吊装牵引	吊装索具/牵引捆绑绳链（候选）/链条
TOOL-000001	紧线器	紧线器 1T	额定载荷：1T	套	套	来源单位一致		1T紧线器；紧线器			TOOL-000001	1		规格仅含额定载荷1T，直接作为最小关键规格；其他字段无冗余或缺失。	吊装索具/葫芦/起重工具/紧线器
SAFE-000063	防滑橡胶垫	防滑橡胶垫 5mm	材质：橡胶；厚度：5mm	平方	平方	来源单位一致		防滑胶垫；防滑橡胶垫	功能：防滑	厚度5mm为常见规格，按初始库通用厚度补齐	SAFE-000063	1		缺失厚度，按常见规格生成；删除冗余功能描述字段	安全消防/地面防护/防滑橡胶垫
METAL-000091	钢丝绳	钢丝绳 10mm	直径：10mm	米	米	来源单位一致		10厘钢丝绳；钢丝绳			METAL-000091	1		原始规格仅含直径，按最小关键规格生成标准名称	吊装索具/钢丝绳/钢丝绳
METAL-000036	钢丝绳	钢丝绳 16mm	直径：16mm	米	米	来源单位一致		16厘钢丝绳；钢丝绳			METAL-000036	1		原始规格仅含直径，按最小关键规格生成标准名称	吊装索具/钢丝绳/钢丝绳
METAL-000167	钢丝绳	钢丝绳 20mm 6m	直径：20mm；长度：6m	根	根	来源单位一致		钢丝绳Φ20*6m；钢丝绳			METAL-000167	1		直径和长度均为关键规格	吊装索具/钢丝绳/钢丝绳
METAL-000102	钢丝绳	钢丝绳 47.5mm 9m	加工：扣压；直径：47.5mm；长度：9m	根	根	来源单位一致		扣压钢丝绳47.5*9米；钢丝绳		直径/规格47.5直接作为直径，扣压加工保留	METAL-000102	1		扣压加工影响采购选择，保留；直径47.5mm直接提取	吊装索具/钢丝绳/钢丝绳
METAL-000101	钢丝绳	钢丝绳 50mm 3.6m	加工：扣压；直径：50mm；长度：3.6m	根	根	来源单位一致		扣压钢丝绳50*3.6米；钢丝绳		直径/规格50推断为直径50mm，扣压加工保留为关键规格	METAL-000101	1		扣压加工影响采购选择，保留；直径50mm由规格推断	吊装索具/钢丝绳/钢丝绳
METAL-000095	钢丝绳	钢丝绳 50mm 4m	直径：50mm；长度：4m	根	根	来源单位一致		定做50*4米钢丝绳；钢丝绳		规格50推断为直径50mm，长度4m从原始字段提取；定制属性不进入规格	METAL-000095	1		规格50推断为直径50mm，定制不影响基本规格	吊装索具/钢丝绳/钢丝绳
METAL-000093	钢丝绳	钢丝绳 50mm 6m	直径：50mm；长度：6m	根	根	来源单位一致		50*6米钢丝绳；钢丝绳		规格50推断为直径50mm，长度6m从原始字段提取	METAL-000093	1		规格50按常见钢丝绳直径推断为50mm，长度6m	吊装索具/钢丝绳/钢丝绳
METAL-000023	钢丝绳	钢丝绳 6mm	直径：6mm	米	米	来源单位一致		6MM钢丝绳；钢丝绳			METAL-000023	1		原始规格仅含直径，按最小关键规格生成标准名称	吊装索具/钢丝绳/钢丝绳
METAL-000049	钢丝绳	钢丝绳 不锈钢	材质：不锈钢	米	米	来源单位一致		不锈钢钢丝绳		原始规格缺失直径，仅保留材质作为关键规格，直径待后续补充	METAL-000049	1		仅指定材质不锈钢，直径缺失，按材质生成标准名称	吊装索具/钢丝绳/钢丝绳
METAL-000164	钢丝绳	钢丝绳 镀锌 12mm	表面处理：镀锌；直径：12mm	米	米	来源单位一致		镀锌钢丝绳Φ12；镀锌钢丝绳			METAL-000164	1		表面处理镀锌和直径均为关键规格	吊装索具/钢丝绳/钢丝绳
METAL-000042	钢丝绳铝扣	钢丝绳铝扣	材质：铝；用途：钢丝绳扣压	个	个	来源单位一致		钢丝绳铝扣		原始缺失适配钢丝绳直径，无法确定具体规格，保留现有信息	METAL-000042	1		保留材质和用途字段；直径缺失，未虚构，需后续补齐	吊装索具/钢丝绳/钢丝绳铝扣
TOOL-000210	伸缩杆	伸缩杆 2米	长度：2米；材质：铝合金	个	个	来源单位一致		2米伸缩杆；伸缩杆	结构：伸缩；类型：伸缩杆	长度来自原必填规格；材质根据常见采购规格推断（隔离伸缩杆常用铝合金）	TOOL-000210	1		保留长度和推断的材质作为关键区别，删除冗余的结构和类型描述	安全消防/围挡护栏/伸缩杆
SAFE-000039	伸缩杆	伸缩杆 红色 2米	颜色：红色；长度：2米；材质：铝合金	个	个	来源单位一致		红色伸缩杆；伸缩杆	类型：伸缩杆	颜色来自原必填规格；长度和材质根据常见采购规格推断（红色隔离伸缩杆通常为2米，材质铝合金）	SAFE-000039	1		保留颜色和推断的长度、材质作为关键区别，删除冗余的类型描述	安全消防/围挡护栏/伸缩杆
SAFE-000072	电箱围栏	电箱围栏 二级电箱	用途：二级电箱	套	套	来源单位一致		定做二级电箱围栏；电箱围栏		原始缺失尺寸、材质、颜色等规格，按用途“二级电箱”生成初始SKU	SAFE-000072	1		定制件，仅保留用途作为关键规格，其余缺失未补齐	安全消防/围挡护栏/电箱围栏
SAFE-000115	密目安全网	密目安全网 6m*1.2m	尺寸：6m*1.2m	张	张	来源单位一致		密目安全网6m*1.2m；密目安全网	类型：密目		SAFE-000115	1		保留尺寸字段，删除默认类型字段（密目已在名称中体现）	安全消防/安全网/防护网/密目安全网
METAL-000037	钢丝绳卡扣	钢丝绳卡扣 10mm	适配直径：10mm	个	个	来源单位一致		M10钢丝绳夹头；钢丝绳夹头；10厘卡扣；钢丝绳卡扣；钢丝绳夹	材质：镀锌（默认）；规格：M10（已转换为适配直径）；规格：10厘（已转换为适配直径）	原始规格M10常用于适配10mm钢丝绳，转换为适配直径10mm；10厘即10mm，转换为适配直径	METAL-000037；METAL-000092	2	与METAL-000092适配直径相同，均为10mm，疑似重复；与METAL-000037适配直径相同，均为10mm，疑似重复	规格M10解释为适配10mm钢丝绳，便于统一。；规格10厘解释为10mm，与M10卡扣大概率相同。	吊装索具/钢丝绳/钢丝绳卡扣
METAL-000024	钢丝绳卡扣	钢丝绳卡扣 6mm	适配直径：6mm	个	个	来源单位一致		6MM钢丝绳扣子；钢丝绳卡扣	材质：镀锌（默认）	原始规格适配直径6mm，材质默认镀锌	METAL-000024	1		原始规格为适配直径6mm，为标准SKU，无缺失关键字段。	吊装索具/钢丝绳/钢丝绳卡扣
SAFE-000064	安全网	安全网	规格：通用	张	张	来源单位一致		安全网		无任何规格，作为通用安全网；后处理补齐：原输出最小规格为空，按初始物料清单口径设为规格：通用	SAFE-000064	1		无关键规格，保留为通用型号；后处理补齐：原输出最小规格为空，按初始物料清单口径设为规格：通用	安全消防/安全网/防护网/安全网
SAFE-000088	安全网	安全网 1.8米×6米	尺寸：1.8米×6米	张	张	来源单位一致		1.8米*6米安全网；安全网		尺寸来自原始规格	SAFE-000088	1		保留尺寸为关键规格	安全消防/安全网/防护网/安全网
SAFE-000092	安全网	安全网 1.8米×6米 加厚	尺寸：1.8米×6米；特征：加厚	张	张	来源单位一致		6*1.8米加厚安全网；安全网		尺寸和加厚来自原始规格	SAFE-000092	1		尺寸和加厚均为关键差异	安全消防/安全网/防护网/安全网
SAFE-000060	安全网	安全网 加厚	特征：加厚	张	张	来源单位一致		厚安全防护网；安全防护网		无尺寸信息，保留加厚特征；库存单位从'平方'统一为'张'，需人工确认面积对应关系	SAFE-000060	1		仅有加厚特征，无尺寸，保留以区分通用型	安全消防/安全网/防护网/安全网
SAFE-000025	安全网	安全网 加厚 3000	规格：3000（单位未知）；特征：加厚	张	张	来源单位一致		加厚3000防护安全网；防护安全网		规格值3000沿用原始，单位缺失；库存单位从'件'统一为'张'	SAFE-000025	1		保留规格3000和加厚特征，尺寸单位待确认	安全消防/安全网/防护网/安全网
SAFE-000126	反光踢脚板	反光踢脚板 30cm	规格/宽度：30cm；材质：PVC；颜色：黄黑	米	米	来源单位一致		警示反光踢脚板30cm；警示反光踢脚板		材质和颜色缺失，按常见黄黑PVC反光踢脚板补齐	SAFE-000126	1		原始规格只有宽度30cm，补全了常用材质和颜色，确保采购员能明确购买对象	安全消防/安全警示/反光踢脚板
SAFE-000071	太阳能爆闪灯	太阳能爆闪灯 红蓝	颜色：红蓝；安装方式：支架	个	个	来源单位一致		太阳能爆闪灯	供电：太阳能；类型：爆闪灯	名称已含太阳能供电；颜色和安装方式取常见配置（红蓝+支架）。	SAFE-000071	1		保留颜色和安装方式作为最小关键规格，删除名称已隐含的供电和类型字段。	安全消防/安全警示/太阳能爆闪灯
SAFE-000079	立式灭火标志	立式灭火标志 400x600mm	材质：铝合金；尺寸：400x600mm	套	套	来源单位一致		立式灭火标志		尺寸和材质缺失，根据常见消防标识规范，选用室内外通用铝合金材质和标准400x600mm尺寸	SAFE-000079	1		原始规格仅含类型和用途，缺失尺寸和材质，无法稳定区分；按常用规格补全，保留影响采购的关键字段：材质和尺寸	安全消防/安全警示/立式灭火标志
SAFE-000061	减速带	减速带 60cm*55cm 大二线	尺寸：60cm*55cm；款式：大二线；材质：橡胶	根	根	来源单位一致		60cm*55减速带大二线；减速带		材质默认填写为橡胶，因常见减速带材质为橡胶。尺寸中55未标明单位，按常见减速带规格推断为cm。	SAFE-000061	1		根据原始尺寸和款式生成标准SKU名称，材质缺失按常见橡胶材质补齐，确保最小可采购规格。	安全消防/安全警示/减速带
SAFE-000031	防坠安全网	防坠安全网 1.8m×6m	尺寸：1.8m×6m；材质：锦纶；网目：5cm×5cm	平方米	平方米	来源单位一致		定做防坠安全网；防坠安全网	定制：是；用途：防坠	原始规格缺失尺寸、材质、网目，依据常见防坠安全网规格推断：尺寸1.8m×6m，材质锦纶，网目5cm×5cm	SAFE-000031	1		原始规格仅含定制和用途，缺失关键采购属性，按常用规格补齐尺寸、材质、网目	安全消防/安全网/防护网/防坠安全网
SAFE-000040	警示牌	警示牌 600*800mm	材质：塑料；尺寸：600*800mm	个	个	来源单位一致		大警示牌		原始规格仅“大号”，按常见警示牌尺寸推断为600*800mm，材质默认塑料	SAFE-000040	1		原始规格缺失材质和具体尺寸，按行业常见规格生成初始SKU	安全消防/安全警示/警示牌
SAFE-000028	反射片	反射片 3*3	规格：3*3	片	片	来源单位一致		3*3反射片;反射片		原始规格仅提供尺寸3*3，材质和颜色未提供，默认生成常见反射片SKU（通常为红白或黄黑工程级反光膜）	SAFE-000028	1		保留唯一关键规格尺寸3*3，其他属性如材质、颜色为非关键差异或缺失，不纳入最小规格	安全消防/安全警示/反射片
SAFE-000029	反射片	反射片 5*5	规格：5*5	片	片	来源单位一致		5*5反射片;反射片		原始规格仅提供尺寸5*5，材质和颜色未提供，默认生成常见反射片SKU（通常为红白或黄黑工程级反光膜）	SAFE-000029	1		保留唯一关键规格尺寸5*5，其他属性如材质、颜色为非关键差异或缺失，不纳入最小规格	安全消防/安全警示/反射片
SAFE-000065	反光警示带	反光警示带 10cm×50m 黄黑	宽度:10cm; 长度:50m; 颜色:黄黑	卷	卷	来源单位一致		10cm反光警示带黄黑; 反光警示带	功能：反光；材质	长度50m为常见规格，基于采购常见卷长推断	SAFE-000065	1		宽度和颜色已知，长度缺失并补为常见值；功能反光和材质默认删除	安全消防/安全警示/反光警示带
SAFE-000125	反光警示带	反光警示带 5cm×50m 黄黑	宽度:5cm; 长度:50m; 颜色:黄黑; 品牌:3M	卷	卷	来源单位一致	3M	3M警示反光胶带50m; 警示反光胶带	用途：警示；功能：反光	宽度5cm为常见规格，颜色黄黑为常见颜色，基于市场常见反光警示带推断	SAFE-000125	1		品牌3M为关键差异保留；宽度和颜色缺失并补为常见值；用途和功能默认删除	安全消防/安全警示/反光警示带
SAFE-000023	路锥	路锥 1米	高度：1米	个	个	来源单位一致		路锥1米；路锥		材质和反光等级未指定，按常见路锥推断为橡胶材质、高反光等级	SAFE-000023	1		根据高度生成标准SKU名，材质和反光等级按常见推断	安全消防/安全警示/路锥
SAFE-000038	路锥	路锥 90cm	高度：90cm	个	个	来源单位一致		90cm路锥；路锥		材质和反光等级未指定，按常见路锥推断为橡胶材质、高反光等级	SAFE-000038	1		根据高度生成标准SKU名，材质和反光等级按常见推断	安全消防/安全警示/路锥
SAFE-000037	防撞条	防撞条 背胶 橡胶 100mm	材质：橡胶；宽度：100mm；特征：背胶	米	米	来源单位一致		背胶防撞条		原始缺失材质和宽度，按最常见橡胶材质、100mm宽度补齐	SAFE-000037	1		保留特征背胶，补充宽度和材质为常见默认，删除颜色等非必要字段	安全消防/安全警示/防撞条
SAFE-000111	消防铲	消防铲 铁 1m	材质：铁；长度：1m	把	把	来源单位一致		消防铲	类型：消防铲	材质默认铁（常见消防铲材质），长度默认1m（常见规格）	SAFE-000111	1		原SKU缺失材质和长度，按常见规格补齐最小关键字段	安全消防/消防器材/消防铲
PIPE-000192	卡箍	卡箍 50	规格/口径：50	个	个	来源单位一致		50消防卡箍；消防卡箍	用途：消防	原始缺失材质和压力等级，未补全，仅保留规格口径	PIPE-000192	1		保留唯一已知的核心规格口径，删除分类属性用途	安全消防/消防管件/卡箍
PIPE-000193	卡箍	卡箍 65	规格/口径：65	个	个	来源单位一致		65消防卡箍；消防卡箍	用途：消防	原始缺失材质和压力等级，未补全，仅保留规格口径	PIPE-000193	1		保留唯一已知的核心规格口径，删除分类属性用途	安全消防/消防管件/卡箍
PIPE-000194	卡箍	卡箍 80	规格/口径：80	个	个	来源单位一致		80消防卡箍；消防卡箍	用途：消防	原始缺失材质和压力等级，未补全，仅保留规格口径	PIPE-000194	1		保留唯一已知的核心规格口径，删除分类属性用途	安全消防/消防管件/卡箍
PIPE-000145	卡箍	卡箍 89	规格/口径：89	个	个	来源单位一致		89消防卡箍；消防卡箍	用途：消防	原始缺失材质和压力等级，未补全，仅保留规格口径	PIPE-000145	1		保留唯一已知的核心规格口径，删除分类属性用途	安全消防/消防管件/卡箍
SAFE-000075	灭火器	灭火器 2KG 干粉	容量：2kg；灭火剂类型：干粉	个	个	来源单位一致		灭火器2KG；灭火器；2KG灭火器	无	灭火剂类型缺失，按常见采购习惯默认填充为干粉灭火器。	SAFE-000075；SAFE-000094；SAFE-000121	3	容量均为2kg，灭火剂类型均为干粉，疑似重复。	补充灭火剂类型为干粉，容量2kg，标准化单位。	安全消防/消防器材/灭火器
SAFE-000035	灭火器	灭火器 4KG 干粉	容量：4kg；灭火剂类型：干粉	个	个	来源单位一致		4KG灭火器；灭火器	无	灭火剂类型缺失，按常见采购习惯默认填充为干粉灭火器。	SAFE-000035	1		补充灭火剂类型为干粉，容量4kg，标准化单位。	安全消防/消防器材/灭火器
SAFE-000137	消防快速接头	消防快速接头 65	规格/口径：65	只	只	来源单位一致		消防管快接65；消防管快速接头	类型：快接	口径65直接取自原始规格字段；材质和压力等级缺失，未补齐。	SAFE-000137	1		保留口径作为关键规格，删除默认的快速连接类型描述（已隐含在物料名称中）。	安全消防/消防管件/消防快速接头
SAFE-000076	灭火器箱	灭火器箱 2具装	容量：2具；材质：钢	个	个	来源单位一致		灭火器箱子；灭火器箱	类型：灭火器箱；尺寸（根据容量推断标准尺寸）；用途：灭火器存放	原始规格缺失，根据常见采购规格推断为2具装钢质灭火器箱	SAFE-000076；SAFE-000122	2	相同物料名称且均无规格，推断为同一产品	缺失规格，按常见规格推断并标记重复	安全消防/消防器材/灭火器箱
SAFE-000036	消防箱	消防箱 700×500×200	材质：铁质；尺寸：700×500×200	个	个	来源单位一致		消防箱子；消防箱	类型：消防箱	常见室内消防箱默认尺寸700×500×200，材质铁质；原始类型字段冗余，已删除。	SAFE-000036	1		原始消防箱只有类型，缺失尺寸和材质；根据常见采购习惯补全规格。	安全消防/消防器材/消防箱
SAFE-000090	阀门	阀门 DN150	材质：球墨铸铁；连接方式：沟槽；公称直径：DN150；压力等级：1.6MPa	个	个	来源单位一致		沟槽阀150卡式消防阀；沟槽消防阀；消防阀门	用途：消防；卡式（同义合并到沟槽）	材质推断为消防沟槽阀门常用球墨铸铁；压力等级推断为常见消防系统1.6MPa	SAFE-000090	1		原始名称笼统，规格缺失材质和压力等级，按常用配置补齐；连接方式统一为沟槽；用途删除（默认消防）。	安全消防/消防管件/阀门
PIPE-000109	消防水带	消防水带 100	规格/口径：100；材质：橡胶；特性：防爆；压力等级：1.6MPa；接口：内扣式	米	米	来源单位一致		100橡胶防爆水带；橡胶防爆水带		压力等级按常见消防水带补1.6MPa；接口按常见内扣式补	PIPE-000109	1		保留材质和防爆特性，补充常见压力等级和接口形式	安全消防/消防管件/消防水带
SAFE-000131	消防水带	消防水带 50	规格/口径：50；特性：防爆耐磨；压力等级：1.6MPa；接口：内扣式	米	米	来源单位一致		防爆耐磨水带DN50；防爆耐磨水带		压力等级按常见消防水带补1.6MPa；接口按常见内扣式补	SAFE-000131	1		保留防爆耐磨特性，补充常见压力等级和接口形式	安全消防/消防管件/消防水带
SAFE-000086	消防水带	消防水带 65	规格/口径：65；压力等级：1.6MPa；接口：内扣式	米	米	来源单位一致		65消防水管；消防水带/水管；消防水带	用途：消防	压力等级按常见消防水带补1.6MPa；接口按常见内扣式补	SAFE-000086	1		删除冗余用途字段，补充常见压力等级和接口形式	安全消防/消防管件/消防水带
PIPE-000263	消防水带	消防水带 65	规格/口径：65；特性：加厚；压力等级：1.6MPa；接口：内扣式	米	米	来源单位一致		65加厚消防水带；消防水带		压力等级按常见消防水带补1.6MPa；接口按常见内扣式补	PIPE-000263	1		保留加厚特性，补充常见压力等级和接口形式	安全消防/消防管件/消防水带
SAFE-000087	消防水带	消防水带 80	规格/口径：80；压力等级：1.6MPa；接口：内扣式	米	米	来源单位一致		80消防水带；消防水带	用途：消防	压力等级按常见消防水带补1.6MPa；接口按常见内扣式补	SAFE-000087	1		删除冗余用途字段，补充常见压力等级和接口形式	安全消防/消防管件/消防水带
SAFE-000123	消防水带	消防水带 80	规格/口径：80；特性：防爆；压力等级：1.6MPa；接口：内扣式	米	米	来源单位一致		防爆消防水带Φ80；消防水带		压力等级按常见消防水带补1.6MPa；接口按常见内扣式补	SAFE-000123	1		保留防爆特性，补充常见压力等级和接口形式	安全消防/消防管件/消防水带
CONST-000026	喷涂模板	喷涂模板 0-9	字符：0-9；材质：塑料；尺寸：字高100mm	套	套	来源单位一致		镂空数字漆模0-9；镂空数字喷涂模板	类型：镂空数字模板；工艺/形态：镂空	材质推定为塑料（常见喷涂模板材质），尺寸推定为字高100mm（常见规格）	CONST-000026	1		原始缺失材质和尺寸，按常见规格补齐；删除默认的类型和工艺字段。	定制加工件/定制板牌件/喷涂模板
PIPE-000283	消防接头	消防接头 DN100	口径：DN100；材质：铝合金；接口：内扣式	个	个	来源单位一致		100连接头；连接头；消防接头	压力等级（未提供，默认不适用）	材质按常见消防接头为铝合金；接口形式按常见内扣式；压力等级默认不包含	PIPE-000283	1		补全材质和接口形式，单位统一为个	安全消防/消防管件/消防接头
PIPE-000284	消防接头	消防接头 DN65	口径：DN65；材质：铝合金；接口：内扣式	个	个	来源单位一致		65连接头；连接头；消防接头	压力等级（未提供，默认不适用）	材质按常见消防接头为铝合金；接口形式按常见内扣式；压力等级默认不包含	PIPE-000284	1		补全材质和接口形式，单位统一为个	安全消防/消防管件/消防接头
PIPE-000285	消防接头	消防接头 DN80	口径：DN80；材质：铝合金；接口：内扣式	个	个	来源单位一致		80连接头；连接头；消防接头；铝合金消防接头Φ80	压力等级（未提供，默认不适用）	材质按常见消防接头为铝合金；接口形式按常见内扣式；压力等级默认不包含；单位从套统一为个（单个接头通常以个计）	PIPE-000285；SAFE-000124	2	与SAFE-000124规格（DN80、铝合金、内扣式）一致，单位差异已统一为个；与PIPE-000285规格（DN80、铝合金、内扣式）一致，单位差异已统一为个	补全材质和接口形式，单位统一为个，标记与SAFE-000124重复合并；补全接口形式，单位统一为个，标记与PIPE-000285重复合并	安全消防/消防管件/消防接头
METAL-000058	冲孔板件	冲孔板件 250*250*3 不锈钢	尺寸：250*250*3mm；材质：不锈钢；加工：冲孔	块	块	来源单位一致		250*250*3不锈钢加工冲孔；冲孔不锈钢板		输入已包含尺寸、材质、加工，直接使用	METAL-000058	1		保留尺寸、材质、加工等影响采购判断的字段，删除默认无关字段	定制加工件/定制板牌件/冲孔板件
SAFE-000136	消防枪头	消防枪头 DN50	口径：DN50；材质：铝合金；接口：快速接口；压力等级：1.6MPa	只	只	来源单位一致		消防枪头50;消防枪头		原始缺失材质、接口形式、压力等级，按常见消防枪头规格补齐：材质铝合金、接口快速接口、压力1.6MPa	SAFE-000136	1		保留口径作为关键规格，补齐缺失的材质、接口和压力等级以形成可采购SKU	安全消防/消防管件/消防枪头
SAFE-000135	消防枪头接头套件	消防枪头接头套件 65型	材质：铝合金；规格/口径：65型	套	套	来源单位一致		65型铝合金消防枪头+管接头；消防枪头管接头套件	包含件：消防枪头+管接头		SAFE-000135	1		保留材质和规格口径为最小关键规格，删除默认包含件描述。	安全消防/消防管件/消防枪头接头套件
SAFE-000134	消防枪头接头套件	消防枪头接头套件 80型	材质：铝合金；规格/口径：80型	套	套	来源单位一致		80型铝合金消防枪头+管接头；消防枪头管接头套件	包含件：消防枪头+管接头		SAFE-000134	1		保留材质和规格口径为最小关键规格，删除默认包含件描述。	安全消防/消防管件/消防枪头接头套件
SAFE-000053	蝶阀	蝶阀 DN150 加长	公称直径：DN150；特征：加长	个	个	来源单位一致		150消防加长蝶阀；消防蝶阀		原始规格缺失材质、压力等级、连接方式，未补全，仅保留可确认的DN150和加长特征。	SAFE-000053	1		保留公称直径和加长特征，因为影响采购判断；其他缺失规格未补全以免引入不实信息。	安全消防/消防管件/蝶阀
METAL-000120	标识字牌	标识字牌 不锈钢镂空	材质：不锈钢；工艺：镂空；字符：定制	件	件	来源单位一致		订制不锈钢漏空标识字牌；镂空标识字牌	定制：是；类型：标识字牌；原始别名：漏空	字符内容缺失，按定制处理	METAL-000120	1		保留材质和工艺，字符内容待补	定制加工件/定制板牌件/标识字牌
CONST-000027	标识字牌	标识字牌 钢板镂空	材质：钢板；工艺：镂空；字符范围：01-50	套	套	来源单位一致		线切割钢板漏空字体01-50；钢板镂空字体	定制：是；形态：镂空字体	定制件，根据常用规格推断为镂空字牌	CONST-000027	1		保留材质、工艺和字符范围，去除形态重复描述	定制加工件/定制板牌件/标识字牌
CHEM-000057	橡胶垫块	橡胶垫块 260*330*5mm	尺寸：260*330*5mm；材质：橡胶（推断）	块	块	来源单位一致		加工260*330*5橡胶垫块；橡胶垫块		材质按常见橡胶垫块推断为橡胶	CHEM-000057	1		尺寸直接作为关键规格，材质缺失默认推断为橡胶；单位统一为块（原为块）。	定制加工件/定制橡胶件（候选）/橡胶垫块
CHEM-000063	橡胶垫块	橡胶垫块 300*350*5mm	尺寸：300*350*5mm；材质：橡胶	块	块	来源单位一致		定做300*350*5胶垫；定制橡胶垫		单位统一为块（原为个）	CHEM-000063	1		尺寸和材质直接作为关键规格；单位统一为块（原为个）。	定制加工件/定制橡胶件（候选）/橡胶垫块
METAL-000015	铭牌	铭牌 不锈钢 100*80	材质：不锈钢；尺寸：100*80	块	块	来源单位一致		定做不锈钢名牌100*80；不锈钢名牌	定制：是		METAL-000015	1		保留材质和尺寸；删除定制标识	定制加工件/定制板牌件/铭牌
METAL-000014	铭牌	铭牌 不锈钢 120*60	材质：不锈钢；尺寸：120*60	块	块	来源单位一致		定做不锈钢名牌120*60；不锈钢名牌	定制：是		METAL-000014	1		保留材质和尺寸；删除定制标识	定制加工件/定制板牌件/铭牌
METAL-000029	铭牌	铭牌 不锈钢 250*180	材质：不锈钢；尺寸：250*180	块	块	来源单位一致		定做250*180不锈钢铭牌；不锈钢铭牌	定制：是；厚度：未提供	厚度缺失，未补，可作为可选规格	METAL-000029	1		保留材质和尺寸；删除定制标识和未提供的厚度	定制加工件/定制板牌件/铭牌
METAL-000016	铭牌	铭牌 不锈钢 30*60	材质：不锈钢；尺寸：30*60	块	块	来源单位一致		定做不锈钢名牌30*60；不锈钢名牌	定制：是		METAL-000016	1		保留材质和尺寸；删除定制标识	定制加工件/定制板牌件/铭牌
MAT-000178	铭牌	铭牌 不锈钢 70*40	材质：不锈钢；尺寸：70*40	块	块	来源单位一致		订制铭牌70*40；定制铭牌70*40；铭牌	定制：是	材质未提供，按同类物料多数为不锈钢推断	MAT-000178	1		材质缺失，默认推断为不锈钢；删除定制标识	定制加工件/定制板牌件/铭牌
METAL-000108	铭牌	铭牌 钢制 100*80	材质：钢制；尺寸：100*80	块	块	来源单位一致		定制铭牌钢制；钢制铭牌	定制：是	尺寸未提供，按常见铭牌尺寸100*80推断	METAL-000108	1		尺寸缺失，默认推断为100*80；删除定制标识	定制加工件/定制板牌件/铭牌
FAST-000092	异形垫片	异形垫片 330*260*5	尺寸：330*260*5	个	个	来源单位一致		订做异性垫片330*260*5; 异形垫片	定制：是	材质未提供，由图纸确定，未默认填充	FAST-000092	1		尺寸为关键规格，保留；删除冗余字段'定制：是'；材质缺失由图纸确定	定制加工件/定制橡胶件（候选）/异形垫片
METAL-000026	标识牌	标识牌 数字 20cm	材质：不锈钢；尺寸：20cm；标识内容类型：数字	块	块	来源单位一致		定做不锈钢数字牌20cm；不锈钢数字牌	定制：是；类型：数字牌	尺寸默认20cm	METAL-000026；METAL-000072	2	与METAL-000072标准SKU名和关键规格一致，疑似重复；与METAL-000026标准SKU名和关键规格一致，疑似重复	保留材质、尺寸、标识内容类型；删除定制字段。；删除冗余的类型字段；尺寸按常见规格默认补齐。	定制加工件/定制板牌件/标识牌
METAL-000028	标识牌	标识牌 标志 20cm	材质：不锈钢；尺寸：20cm；标识内容类型：标志	块	块	来源单位一致		定做不锈钢标志牌；不锈钢标志牌	定制：是	尺寸默认20cm	METAL-000028	1		保留材质、尺寸、标识内容类型；删除定制字段；尺寸按常见规格默认补齐。	定制加工件/定制板牌件/标识牌
MAT-000189	标识牌	标识牌 货号	材质：PVC；尺寸：10cm；标识内容类型：货号	块	块	来源单位一致		订制货号牌；货号牌	定制：是；用途：货号标识	材质默认PVC，尺寸默认10cm，标识内容类型取自原始用途字段	MAT-000189	1		保留材质、尺寸、标识内容类型；删除定制和用途字段；材质和尺寸按常见规格默认补齐。	定制加工件/定制板牌件/标识牌
SPARE-000035	板件	板件 300*270*16mm	材质：钢板；尺寸：300*270*16mm	块	块	来源单位一致		加工300*270*16钢板；钢板加工件	加工方式：加工		SPARE-000035	1		尺寸和材质为最小必填规格，加工方式默认删除。	定制加工件/定制板牌件/板件
METAL-000056	板件	板件 400*1000*30mm	材质：钢板；尺寸：400*1000*30mm	块	块	来源单位一致		定做加工400*1000*30钢板；定制钢板	加工方式：定制		METAL-000056	1		尺寸和材质为最小必填规格，定制加工方式默认删除。	定制加工件/定制板牌件/板件
METAL-000079	板件	板件 400*400*40mm	材质：钢板；尺寸：400*400*40mm	块	块	来源单位一致		加工钢板400*400*40；定制钢板	加工方式：定制		METAL-000079	1		尺寸和材质为最小必填规格，加工方式默认删除。	定制加工件/定制板牌件/板件
CHEM-000089	橡胶加工件	橡胶加工件 200*5	材质：橡胶；规格：200*5	米	米	来源单位一致		定做橡胶200*5；定制橡胶条/板；橡胶加工件	定制：是（默认定制件）；形态：橡胶条/板未定	未填补缺失维度	CHEM-000089	1		保留材质和规格字段，删除默认定制标注和未确定形态。	定制加工件/定制橡胶件（候选）/橡胶加工件
ELEC-000186	标识贴	标识贴 设备按钮	用途：设备按钮	件	件	来源单位一致		设备按钮标示贴；设备按钮标识贴		原始缺失材质、尺寸，按常见标识贴规格推断材质为PVC，尺寸为50x80mm，但未录入规格；仅保留原始用途字段。	ELEC-000186	1		保留用途作为最关键规格，因尺寸材质缺失未补全，仅生成初始SKU。	定制加工件/定制板牌件/标识贴
PIPE-000256	变径接头加工件	变径接头加工件 34*60 法兰 大小头	规格：34*60；连接：法兰；类型：大小头	套	套	来源单位一致		加工34*60法兰大小头；法兰异径接头	加工：是		PIPE-000256	1		保留规格、连接和类型异径标识，删除默认加工标记。	定制加工件/定制管路件/变径接头加工件
PIPE-000078	变径接头加工件	变径接头加工件 36*3+36 高压	规格：36*3+36；压力/工况：高压	个	个	来源单位一致		定做36*3+36高压变头；高压变径接头	定制：是；类型：变头		PIPE-000078	1		保留规格和压力工况，删除默认定制标记和冗余类型字段；连接方式未指定，按原始信息不补全。	定制加工件/定制管路件/变径接头加工件
PIPE-000079	变径接头加工件	变径接头加工件 M36变1寸 外丝 高压	规格：M36变1寸；连接：外丝；压力/工况：高压	个	个	来源单位一致		定做M36变1寸高压外丝；高压外丝变径接头	定制：是		PIPE-000079	1		保留规格、连接和压力工况，删除默认定制标记。	定制加工件/定制管路件/变径接头加工件
PIPE-000146	卡槽加工件	卡槽加工件 89	规格口径：89；特征：加厚	个	个	来源单位一致		加工89加厚卡槽；加厚卡槽	加工：是		PIPE-000146	1		保留规格89和特征加厚，删除默认加工属性。	定制加工件/定制管路件/卡槽加工件
CHEM-000043	橡胶支座	橡胶支座（定制）	材质：橡胶；尺寸：待补充	个	个	来源单位一致		定做橡胶支座；橡胶支座	类型：支座	原始缺失尺寸，无法合理推断，建议补充图纸或尺寸	CHEM-000043	1		保留材质和定制属性，删除冗余类型字段，尺寸字段待补充	定制加工件/定制橡胶件（候选）/橡胶支座
PIPE-000269	卡箍加工件	卡箍加工件 加厚 219	规格/口径：219；特征：加厚	个	个	来源单位一致		加工219加厚卡箍；加厚卡箍	定制：是	材质缺失，未补全，需采购前确认图纸	PIPE-000269	1		保留规格和特征，删除冗余'定制：是'字段	定制加工件/定制管路件/卡箍加工件
PIPE-000268	卡箍加工件	卡箍加工件 加厚 89	规格/口径：89；特征：加厚	个	个	来源单位一致		加工89加厚卡箍；加厚卡箍	定制：是	材质缺失，未补全，需采购前确认图纸	PIPE-000268	1		保留规格和特征，删除冗余'定制：是'字段	定制加工件/定制管路件/卡箍加工件
PIPE-000254	卡箍加工件	卡箍加工件 焊接 219	规格/口径：219；连接：焊接	个	个	来源单位一致		加工219焊接卡箍；焊接卡箍	加工：是	材质缺失，未补全，需采购前确认图纸	PIPE-000254	1		保留规格和连接方式，删除冗余'加工：是'字段	定制加工件/定制管路件/卡箍加工件
PIPE-000250	卡箍接头加工件	卡箍接头加工件 168	材质：碳钢；规格：168	个	个	来源单位一致		加工168卡箍接头；卡箍接头	加工：是；类型：卡箍接头；定制：是	材质按常见碳钢默认，初始物料库使用；连接方式默认卡箍（行业默认）；单位从件统一为个	PIPE-000250；PIPE-000262	2	与PIPE-000262规格同为168，均为普通卡箍接头，无其他差异字段，疑似同一物料；与PIPE-000250规格同为168，均为普通卡箍接头，无其他差异字段，疑似同一物料	保留规格，删除冗余加工和类型字段，材质默认碳钢，连接默认卡箍已删除；保留规格，删除冗余定制和类型字段，材质默认碳钢，单位统一为个	定制加工件/定制管路件/卡箍接头加工件
PIPE-000059	卡箍接头加工件	卡箍接头加工件 52 卡箍双丝牙	材质：碳钢；规格：52；连接：卡箍+双丝牙；特征：高压加厚	个	个	来源单位一致		定做高压加厚52米卡箍双丝牙；高压卡箍双丝牙接头	定制：是	材质按常见碳钢默认，初始物料库使用	PIPE-000059	1		保留规格、连接和特征高压加厚，删除冗余定制标记	定制加工件/定制管路件/卡箍接头加工件
PIPE-000047	卡箍接头加工件	卡箍接头加工件 60 卡箍丝牙	材质：碳钢；规格：60；连接：一头卡箍一头丝牙；特征：加厚	个	个	来源单位一致		加工加厚60一头卡箍一头丝牙；卡箍丝牙接头	加工：是	材质按常见碳钢默认，初始物料库使用	PIPE-000047	1		保留规格、连接和特征，删除冗余加工标记，材质默认碳钢	定制加工件/定制管路件/卡箍接头加工件
PIPE-000251	卡箍接头加工件	卡箍接头加工件 89	材质：碳钢；规格：89	个	个	来源单位一致		加工89卡箍接头；卡箍接头	加工：是；类型：卡箍接头	材质按常见碳钢默认，初始物料库使用；连接方式默认卡箍（行业默认）	PIPE-000251	1		保留规格，删除冗余加工和类型字段，材质默认碳钢	定制加工件/定制管路件/卡箍接头加工件
PIPE-000064	卡槽接头加工件	卡槽接头加工件 325	规格/口径：325；连接方式：卡槽	个	个	来源单位一致		定做325卡槽钢圈接头；卡槽钢圈接头	定制：是	原始缺失材质和压力等级，初始库暂以常见碳钢常压考虑，需最终确认图纸	PIPE-000064	1		保留规格325和连接方式卡槽（非默认）；删除'定制：是'（通用描述）；别名合并；材质、压力等级缺失，按常见规格补齐说明	定制加工件/定制管路件/卡槽接头加工件
PIPE-000170	卡扣加工件	卡扣加工件 168 焊接	规格：168；连接方式：焊接；材质：待确认	个	个	来源单位一致		加工168焊接卡扣；焊接卡扣	加工：是	原始缺失材质，需图纸确认；规格168源自输入	PIPE-000170	1		保留规格和连接方式为核心规格；材质缺失标记待确认；删除默认加工字段	定制加工件/定制管路件/卡扣加工件
PIPE-000121	卡扣加工件	卡扣加工件 168 铁圈	规格：168；连接方式：铁圈；材质：待确认	个	个	来源单位一致		加工168铁圈卡扣；铁圈卡扣	加工：是	原始缺失材质，需图纸确认；规格168源自输入	PIPE-000121	1		保留规格和连接方式为核心规格；材质缺失标记待确认；删除默认加工字段	定制加工件/定制管路件/卡扣加工件
PIPE-000049	三通抱箍加工件	三通抱箍加工件 1.15米 加厚	长度：1.15米；特征：加厚	根	根	来源单位一致		加工加厚1.15米三通抱箍；三通抱箍			PIPE-000049	1		保留长度和加厚特征以区分不同规格，其余缺失字段（材质、口径）因无原始数据不填充。	定制加工件/定制管路件/三通抱箍加工件
PIPE-000048	抱箍接头加工件	抱箍接头加工件 60	规格：60；连接：两头抱箍；特征：加厚	个	个	来源单位一致		加工加厚60两头抱箍；双头抱箍接头	加工：是	材质和压力等级未提供，按常见定制加工件默认碳钢及无特定压力等级处理，实际需图纸确认	PIPE-000048	1		保留规格60和连接两头抱箍作为关键采购规格，特征加厚体现强度；删除默认加工标识；材质和压力等级缺失，合理推断待确认	定制加工件/定制管路件/抱箍接头加工件
PIPE-000168	接头加工件	接头加工件 168 焊接	规格：168；连接：焊接	个	个	来源单位一致		加工168焊接接头；焊接接头		按给定规格和连接方式	PIPE-000168	1		保留规格和连接方式，焊接为关键接口信息。	定制加工件/定制管路件/接头加工件
PIPE-000180	接头加工件	接头加工件 1寸 外丝	规格：1寸；连接：外丝	个	个	来源单位一致		定做1寸外丝；外丝接头		按给定规格和连接方式	PIPE-000180	1		保留规格和连接方式，外丝为关键接口属性。	定制加工件/定制管路件/接头加工件
PIPE-000237	接头加工件	接头加工件 26H20 内接高压	规格：26H20；接口：内接；压力等级：高压	个	个	来源单位一致		定做26H20内接高压；高压内接头		规格、接口类型和压力等级按给定	PIPE-000237	1		保留型号规格、内接接口和高压等级。	定制加工件/定制管路件/接头加工件
PIPE-000236	接头加工件	接头加工件 30H20 内接高压	规格：30H20；接口：内接；压力等级：高压	个	个	来源单位一致		定做30H20内接高压；高压内接头		规格、接口类型和压力等级按给定	PIPE-000236	1		保留型号规格、内接接口和高压等级。	定制加工件/定制管路件/接头加工件
PIPE-000235	接头加工件	接头加工件 36H28 内接高压	规格：36H28；接口：内接；压力等级：高压	个	个	来源单位一致		定做36H28内接高压；高压内接头		规格、接口类型和压力等级按给定	PIPE-000235	1		保留型号规格、内接接口和高压等级。	定制加工件/定制管路件/接头加工件
PIPE-000154	接头加工件	接头加工件 50*150	规格：50*150	个	个	来源单位一致		加工50*150接头；定制接头		按给定加工尺寸50*150	PIPE-000154	1		规格50*150为关键尺寸，保留；其他字段缺失，不补。	定制加工件/定制管路件/接头加工件
PIPE-000046	接头加工件	接头加工件 52 高压加厚	规格：52；压力等级：高压；特征：加厚	个	个	来源单位一致		定做52高压加厚接头；高压加厚接头		压力等级按高压推定，加厚特征保留	PIPE-000046	1		保留规格、压力等级和加厚特征，删除可推断的定制标记。	定制加工件/定制管路件/接头加工件
PIPE-000234	接头加工件	接头加工件 52H42 内接高压	规格：52H42；接口：内接；压力等级：高压	个	个	来源单位一致		定做52H42内接高压；高压内接头		规格、接口类型和压力等级按给定	PIPE-000234	1		保留型号规格、内接接口和高压等级。	定制加工件/定制管路件/接头加工件
PIPE-000249	接头加工件	接头加工件 60 外丝	规格：60；连接：外丝	个	个	来源单位一致		加工60外丝接头；外丝接头		按给定规格和连接方式	PIPE-000249	1		保留规格和连接方式，外丝为关键接口属性。	定制加工件/定制管路件/接头加工件
PIPE-000248	接头加工件	接头加工件 89 外丝	规格：89；连接：外丝	个	个	来源单位一致		加工89外丝接头；外丝接头		按给定规格和连接方式	PIPE-000248	1		保留规格和连接方式，外丝为关键接口属性。	定制加工件/定制管路件/接头加工件
PIPE-000333	直角接头加工件	直角接头加工件 36*3/36*2	规格：36*3/36*2	只	只	来源单位一致		加工36*3/36*2直角接头；直角接头；加工直角接头36*3/36*2；直角接头加工件	加工：是；类型：直角接头		PIPE-000333；PIPE-000385	2	规格相同，与PIPE-000385疑似重复，单位不一致；规格相同，与PIPE-000333疑似重复，单位不一致	删除加工标识，保留规格；库存单位从‘件’统一为‘只’；删除加工标识和类型，保留规格；库存单位已统一为‘只’	定制加工件/定制管路件/直角接头加工件
PIPE-000227	管卡箍组件	PE管卡箍组件 DN50 1.5m	材质：PE；规格/口径：DN50；长度：1.5m；带卡箍：是	套	套	来源单位一致		定做1.5mPE管带卡箍；PE管卡箍组件	定制：是	原始缺失规格/口径，按常见采购规格假设为DN50	PIPE-000227	1		保留材质、口径、长度、带卡箍等关键采购规格；删除默认的'定制'字段，因物料族已明确为定制加工件	定制加工件/定制管路件/管卡箍组件
PIPE-000052	弯头加工件	弯头加工件 10x1.5 高压	规格：10x1.5；压力等级：高压	个	个	来源单位一致		定做 10x1.5高压弯头；高压弯头	定制：是；类型：弯头		PIPE-000052	1		保留规格和压力等级，删除默认定制和类型字段，未提供材质、角度和连接方式需确认	定制加工件/定制管路件/弯头加工件
PIPE-000053	弯头加工件	弯头加工件 13x1.5 高压	规格：13x1.5；压力等级：高压	个	个	来源单位一致		定做 13x1.5高压弯头；高压弯头	定制：是；类型：弯头		PIPE-000053	1		保留规格和压力等级，删除默认定制和类型字段，未提供材质、角度和连接方式需确认	定制加工件/定制管路件/弯头加工件
PIPE-000224	弯头加工件	弯头加工件 168 加长	规格：168；特征：加长	个	个	来源单位一致		定做加长168弯头；加长弯头	定制：是；类型：弯头		PIPE-000224	1		保留规格和特征，删除默认定制和类型字段，未提供材质、角度和连接方式需确认	定制加工件/定制管路件/弯头加工件
PIPE-000127	弯头加工件	弯头加工件 168 加长 带卡槽	规格：168；特征：加长、带卡槽	个	个	来源单位一致		定做加长168弯头带卡槽；卡槽弯头	定制：是；类型：弯头		PIPE-000127	1		保留规格和特征，删除默认定制和类型字段，未提供材质、角度和连接方式需确认	定制加工件/定制管路件/弯头加工件
PIPE-000054	弯头加工件	弯头加工件 16x1.5 高压	规格：16x1.5；压力等级：高压	个	个	来源单位一致		定做 16x1.5高压弯头；高压弯头	定制：是；类型：弯头		PIPE-000054	1		保留规格和压力等级，删除默认定制和类型字段，未提供材质、角度和连接方式需确认	定制加工件/定制管路件/弯头加工件
SPARE-000044	弯头加工件	弯头加工件 189 加长 推进泵	规格：189；特征：加长；适用设备：推进泵	套	套	来源单位一致		加工定做推进泵189加长大弯头；推进泵加长弯头	加工定做：是；类型：弯头		SPARE-000044	1		保留规格、特征和适用设备，删除默认加工定做和类型字段，未提供材质、角度和连接方式需确认	定制加工件/定制管路件/弯头加工件
PIPE-000055	弯头加工件	弯头加工件 19x1.5 高压	规格：19x1.5；压力等级：高压	个	个	来源单位一致		定做 19x1.5高压弯头；高压弯头	定制：是；类型：弯头		PIPE-000055	1		保留规格和压力等级，删除默认定制和类型字段，未提供材质、角度和连接方式需确认	定制加工件/定制管路件/弯头加工件
PIPE-000225	弯头加工件	弯头加工件 219 加长	规格：219；特征：加长	个	个	来源单位一致		定做加长219弯头；加长弯头	定制：是；类型：弯头		PIPE-000225	1		保留规格和特征，删除默认定制和类型字段，未提供材质、角度和连接方式需确认	定制加工件/定制管路件/弯头加工件
PIPE-000128	弯头加工件	弯头加工件 219 加长 带卡槽	规格：219；特征：加长、带卡槽	个	个	来源单位一致		定做加长219弯头带卡槽；卡槽弯头	定制：是；类型：弯头		PIPE-000128	1		保留规格和特征，删除默认定制和类型字段，未提供材质、角度和连接方式需确认	定制加工件/定制管路件/弯头加工件
PIPE-000056	弯头加工件	弯头加工件 25x1.5 高压	规格：25x1.5；压力等级：高压	个	个	来源单位一致		定做 25x1.5高压弯头；高压弯头	定制：是；类型：弯头		PIPE-000056	1		保留规格和压力等级，删除默认定制和类型字段，未提供材质、角度和连接方式需确认	定制加工件/定制管路件/弯头加工件
PIPE-000057	弯头加工件	弯头加工件 32x1.5 高压	规格：32x1.5；压力等级：高压	个	个	来源单位一致		定做 32x1.5高压弯头；高压弯头	定制：是；类型：弯头		PIPE-000057	1		保留规格和压力等级，删除默认定制和类型字段，未提供材质、角度和连接方式需确认	定制加工件/定制管路件/弯头加工件
PIPE-000444	弯头加工件	弯头加工件 36*2 双H 高压	规格：36*2；结构：双H；压力等级：高压	只	只	来源单位一致		36*2双H弯头；高压弯头	类型：弯头		PIPE-000444	1		保留规格、结构和压力等级，删除默认类型字段，未提供材质、角度和连接方式需确认	定制加工件/定制管路件/弯头加工件
PIPE-000159	弯头加工件	弯头加工件 36*2S 高压	规格：36*2S；压力等级：高压	个	个	来源单位一致		36*2s高压弯头；高压弯头	类型：弯头		PIPE-000159	1		保留规格和压力等级，删除默认类型字段，未提供材质、角度和连接方式需确认	定制加工件/定制管路件/弯头加工件
PIPE-000058	弯头加工件	弯头加工件 38x1.5 高压	规格：38x1.5；压力等级：高压	个	个	来源单位一致		定做 38x1.5高压弯头；高压弯头	定制：是；类型：弯头		PIPE-000058	1		保留规格和压力等级，删除默认定制和类型字段，未提供材质、角度和连接方式需确认	定制加工件/定制管路件/弯头加工件
PIPE-000238	弯头加工件	弯头加工件 52 内外牙 高压	规格：52；连接：内外牙；压力等级：高压	个	个	来源单位一致		定做52高压内外牙弯头；高压内外牙弯头	定制：是；类型：弯头		PIPE-000238	1		保留规格、连接和压力等级，删除默认定制和类型字段，未提供材质、角度需确认	定制加工件/定制管路件/弯头加工件
PIPE-000228	弯头加工件	弯头加工件 52 高压	规格：52；压力等级：高压	个	个	来源单位一致		52高压弯头；高压弯头	类型：弯头		PIPE-000228	1		保留规格和压力等级，删除默认类型字段，未提供材质、角度和连接方式需确认	定制加工件/定制管路件/弯头加工件
PIPE-000226	弯头加工件	弯头加工件 60.5 加长	规格：60.5；特征：加长	个	个	来源单位一致		定做60.5加长弯头；加长弯头	定制：是；类型：弯头		PIPE-000226	1		保留规格和特征，删除默认定制和类型字段，未提供材质、角度和连接方式需确认	定制加工件/定制管路件/弯头加工件
PIPE-000051	弯头加工件	弯头加工件 6x1.5 高压	规格：6x1.5；压力等级：高压	个	个	来源单位一致		定做 6x1.5高压弯头；高压弯头	定制：是；类型：弯头		PIPE-000051	1		保留规格和压力等级，删除默认定制和类型字段，未提供材质、角度和连接方式需确认	定制加工件/定制管路件/弯头加工件
PIPE-000060	四方接头加工件	四方接头加工件 内外四方	类型：内外四方接头；加工：是	个	个	来源单位一致		加工内外四方接头；内外四方接头		原始缺失规格和材质，仅依据现有名称和类型生成初始SKU。	PIPE-000060	1		保留类型和加工要求作为关键规格，等待后续补充具体尺寸和材质。	定制加工件/定制管路件/四方接头加工件
PIPE-000138	气源分配器	气源分配器 2寸	材质：不锈钢；接口：2寸	套	套	来源单位一致		定做不锈钢2寸气源分配器；气源分配器	定制：是	仅保留已知规格（材质、接口），路数缺失未补全	PIPE-000138	1		根据原接口2寸，生成标准名称，缺失路数，作为初始库。	定制加工件/定制管路件/气源分配器
PIPE-000187	气源分配器	气源分配器 6路	材质：不锈钢；路数：6路	个	个	来源单位一致		定做6路不锈钢气源分配器；气源分配器	定制：是	仅保留已知规格（材质、路数），接口尺寸缺失未补全	PIPE-000187	1		根据原路数6路，生成标准名称，缺失接口尺寸，作为初始库。	定制加工件/定制管路件/气源分配器
PIPE-000126	管加工件	管加工件 325*12*12m	材质：无缝管；规格/口径：325；壁厚：12；长度：12m	根	根	来源单位一致		加工325*12无缝管加工12米；无缝管加工件	加工：是		PIPE-000126	1		保留口径325、壁厚12、长度12m、材质无缝管，删除默认字段'加工：是'，单位保留根	定制加工件/定制管路件/管加工件
PIPE-000469	管加工件	管加工件 4分 镀锌 外丝 3m	材质：镀锌；规格/口径：4分；接口：外丝；长度：3m；用途：水管	根	根	来源单位一致		加工4分镀锌两端丝水管3米；镀锌水管加工件	加工：是		PIPE-000469	1		保留材质镀锌、规格4分、接口外丝、长度3m、用途水管，删除默认字段'加工：是'，单位保留根	定制加工件/定制管路件/管加工件
PIPE-000266	管加工件	管加工件 6分 水管	材质：镀锌；规格/口径：6分；用途：水管	根	根	来源单位一致		加工6分水管；水管加工件	定制：是	缺失材质，按常用水管材质镀锌推断	PIPE-000266	1		保留规格6分、用途水管，推断材质镀锌，删除默认字段'定制：是'，单位保留根，长度缺失未补全	定制加工件/定制管路件/管加工件
PIPE-000106	管加工件	管加工件 80 外丝	材质：钢管；规格/口径：80；接口：外丝	根	根	来源单位一致		加工80钢管带牙；带牙钢管加工件	加工：是		PIPE-000106	1		保留口径80、材质钢管、接口外丝，删除默认字段'加工：是'，单位由个统一为根，长度缺失未补全	定制加工件/定制管路件/管加工件
PIPE-000122	管加工件	管加工件 80*150 外丝	材质：铁管；规格/口径：80；长度：150；接口：外丝	根	根	来源单位一致		加工80*150铁管带牙；带牙铁管加工件	加工：是		PIPE-000122	1		保留口径80、长度150、材质铁管、接口外丝，删除默认字段'加工：是'，单位保留根	定制加工件/定制管路件/管加工件
PIPE-000104	管加工件	管加工件 89 外丝	材质：钢管；规格/口径：89；接口：外丝	根	根	来源单位一致		加工89钢管带牙；带牙钢管加工件	加工：是		PIPE-000104	1		保留口径89、材质钢管、接口外丝，删除默认字段'加工：是'，单位由个统一为根，长度缺失未补全	定制加工件/定制管路件/管加工件
PIPE-000210	管加工件	管加工件 DN25 单头外丝	材质：无缝管；规格/口径：DN25；接口：单头外丝	根	根	来源单位一致		加工单头外丝无缝管；单头外丝无缝管加工件	加工：是	缺失口径和长度，按常见管路接头口径DN25推断	PIPE-000210	1		保留材质无缝管、接口单头外丝，推断口径DN25，删除默认字段'加工：是'，单位由个统一为根	定制加工件/定制管路件/管加工件
PIPE-000191	管加工件	管加工件 DN25 双头外丝	材质：无缝管；规格/口径：DN25；接口：双头外丝	根	根	来源单位一致		加工两头外丝无缝管；双外丝无缝管加工件	加工：是	缺失口径和长度，按常见管路接头口径DN25推断	PIPE-000191	1		保留材质无缝管、接口双头外丝，推断口径DN25，删除默认字段'加工：是'，单位由个统一为根	定制加工件/定制管路件/管加工件
PIPE-000457	管加工件	管加工件 PVC Φ200*1.5m	材质：PVC；规格/口径：Φ200；长度：1.5m	根	根	来源单位一致		加工PVC管Φ200*1.5m；PVC管加工件	定制：是		PIPE-000457	1		保留材质PVC、口径Φ200、长度1.5m，删除默认字段'定制：是'，单位保留根	定制加工件/定制管路件/管加工件
PIPE-000452	管接头加工件	管接头加工件 Φ168	管径：Φ168；用途：泥浆管；连接：焊接	个	个	来源单位一致		加工焊接泥浆管接头Φ168；泥浆管接头加工件	定制：是（定制件默认）		PIPE-000452	1		删除默认定制字段，保留管径、用途与连接方式	定制加工件/定制管路件/管接头加工件
PIPE-000339	管接头加工件	管接头加工件 Φ219	管径：Φ219；用途：泥浆管	个	个	来源单位一致		加工泥浆管接头Φ219；泥浆管接头	加工：是（定制件默认）	原始单位件，统一为个	PIPE-000339	1		删除默认加工字段，保留管径与用途	定制加工件/定制管路件/管接头加工件
SPARE-000128	方柱	方柱 70mm*70mm*0.3m	截面：70mm*70mm；长度：0.3m；材质：钢	根	根	来源单位一致		加工方柱70mm*70mm*0.3m；方柱加工件	定制：是；加工：是	材质缺失，按常见定制方柱填充为钢	SPARE-000128	1		保留截面和长度规格，删除定值和加工属性；补充材质为常用钢	定制加工件/定制结构件/方柱
SPARE-000127	方柱	方柱 70mm*70mm*1m	截面：70mm*70mm；长度：1m；材质：钢	根	根	来源单位一致		加工方柱70mm*70mm*1m；方柱加工件	定制：是；加工：是	材质缺失，按常见定制方柱填充为钢	SPARE-000127	1		保留截面和长度规格，删除定值和加工属性；补充材质为常用钢	定制加工件/定制结构件/方柱
SPARE-000036	夹板	夹板 94*33*3mm	尺寸：94*33*3mm；材质：金属	块	块	来源单位一致		加工94*33*3夹板；夹板加工件	加工：是（定制加工件默认属性）	材质缺失，按常见金属夹板推断为金属	SPARE-000036	1		保留尺寸字段，删除默认加工标记，推断材质为金属以形成唯一SKU	定制加工件/定制结构件/夹板
SPARE-000084	垫木	垫木 100*100	规格/截面：100*100mm；材质：木方	米	米	来源单位一致		加工100*100木方垫；木方垫	加工：是	长度未提供，暂以截面规格作为SKU区分	SPARE-000084	1		保留截面和材质，删除加工字段；长度缺失未补全，需后续确认	定制加工件/定制结构件/垫木
SPARE-000083	垫木	垫木 200*200*1500	尺寸（长宽高）：200*200*1500mm；材质：木方	根	根	来源单位一致		加工200*200*1500木方垫板；木方垫板	加工：是；用途：垫板		SPARE-000083	1		保留尺寸和材质，删除加工和用途等非关键字段	定制加工件/定制结构件/垫木
METAL-000162	排烟罩	排烟罩 500*600 不锈钢	定制：是；材质：不锈钢；尺寸：500*600	个	个	来源单位一致		订做不锈钢排烟罩500*600；排烟罩			METAL-000162	1		保留材质和尺寸作为关键规格，定制属性保留；无字段被删除。	定制加工件/定制结构件/排烟罩
PIPE-000102	抱箍	抱箍 159	规格：159；适用：钢管；加工：是	个	个	来源单位一致		159加工钢管抱箍；钢管抱箍	类型：抱箍	缺失材质、厚度，未补齐，作为定制加工件处理	PIPE-000102	1		原规格159，适用钢管，保留加工属性	定制加工件/定制结构件/抱箍
PIPE-000290	抱箍	抱箍 2寸	规格：2寸；加工：是	个	个	来源单位一致		2寸抱箍加工；抱箍加工件	类型：抱箍	缺失材质、表面处理，未补齐，作为定制加工件处理	PIPE-000290	1		原规格2寸，无适用对象，保留加工属性	定制加工件/定制结构件/抱箍
PIPE-000289	抱箍	抱箍 3寸	规格：3寸；加工：是	个	个	来源单位一致		3寸抱箍加工；抱箍加工件	类型：抱箍	缺失材质、表面处理，未补齐，作为定制加工件处理	PIPE-000289	1		原规格3寸，无适用对象，保留加工属性	定制加工件/定制结构件/抱箍
PIPE-000103	抱箍	抱箍 89	规格：89；适用：钢管；加工：是	个	个	来源单位一致		加工89钢管抱箍；钢管抱箍	类型：抱箍	缺失材质、厚度，未补齐，作为定制加工件处理	PIPE-000103	1		原规格89，适用钢管，保留加工属性	定制加工件/定制结构件/抱箍
MAT-000148	风筒	风筒 600*10米 加厚	直径：600；长度：10米；特征：加厚	条	条	来源单位一致		加工加厚风筒600*10米；加厚风筒	加工：是		MAT-000148	1		定制风筒，直径600，长度10米，加厚特征，缺失材质和连接方式，按现有规格区分SKU。	定制加工件/定制管路件/风筒
MAT-000147	风筒	风筒 600*20米 加厚	直径：600；长度：20米；特征：加厚	条	条	来源单位一致		加工加厚风筒600*20米；加厚风筒	加工：是		MAT-000147	1		定制风筒，直径600，长度20米，加厚特征，缺失材质和连接方式，按现有规格区分SKU。	定制加工件/定制管路件/风筒
METAL-000065	控制箱	控制箱 不锈钢	材质：不锈钢	套	套	来源单位一致		定做不锈钢控制箱；不锈钢控制箱	定制：是	原始规格缺失尺寸、厚度、IP等级等关键参数，仅保留材质作为最小规格，建议人工补充尺寸。	METAL-000065	1		移除默认属性'定制：是'，保留材质作为关键规格；尺寸缺失需人工补充。	定制加工件/定制结构件/控制箱
SPARE-000088	焊接件	焊接件 80*200	尺寸：80*200；材质：钢	个	个	来源单位一致		定做80*200钢焊接；钢焊接件	工艺：焊接；定制：是		SPARE-000088	1		保留尺寸和材质作为关键规格，删除默认工艺和定制标记。	定制加工件/定制结构件/焊接件
METAL-000046	窗	铝合金窗	材质：铝合金；定制：是	套	套	来源单位一致		定做铝合金窗；铝合金窗		原始规格缺失尺寸、开启方式等，生成通用铝合金窗SKU作为初始库。	METAL-000046	1		仅保留已知材质和定制属性，其余规格缺失，作为通用SKU。	定制加工件/定制结构件/窗
METAL-000047	窗护栏	窗护栏 不锈钢	材质：不锈钢；定制尺寸：需双方确认	套	套	来源单位一致		不锈钢窗护栏	定制：是；用途：窗护栏	原始未提供尺寸，作为定制件需后续补充尺寸或图纸	METAL-000047	1		材质确定，尺寸缺失，保留材质为关键规格，尺寸标注待确认	定制加工件/定制结构件/窗护栏
PIPE-000359	管夹	管夹 60	类型：重型；规格/口径：60；联数：1联；加工：是	个	个	来源单位一致		加工重型管夹60;重型管夹加工件		联数根据类型'重型'推断为单联	PIPE-000359	1		保留规格、联数、类型和加工属性，统一单位为个	定制加工件/定制结构件/管夹
PIPE-000366	管夹	管夹 六联 35	规格/口径：35；联数：6联；加工：是	个	个	来源单位一致		加工六联管夹35;六联管夹加工件		材质缺失，未补齐；联数已知	PIPE-000366	1		保留规格、联数和加工属性，统一单位为个	定制加工件/定制结构件/管夹
SPARE-000009	钢圈	钢圈 外径108×内径100×高度5	材质：钢；规格/尺寸：外径108mm×内径100mm×高度5mm	个	个	来源单位一致		加工100*108*5钢圈；钢圈	加工：是（定制加工件默认需要加工）		SPARE-000009	1		原始规格顺序可能为内径*外径*高度，规范为外径*内径*高度以便识别；删除加工字段（默认定制加工件需加工）。	定制加工件/定制结构件/钢圈
SPARE-000010	钢圈	钢圈 外径110×内径100×高度10	材质：钢；规格/尺寸：外径110mm×内径100mm×高度10mm	个	个	来源单位一致		加工100*110*10钢圈；钢圈	加工：是（定制加工件默认需要加工）		SPARE-000010	1		原始规格顺序可能为内径*外径*高度，规范为外径*内径*高度以便识别；删除加工字段（默认定制加工件需加工）。	定制加工件/定制结构件/钢圈
ELEC-000125	电箱罩	电箱罩 1.8*1.6*0.6	尺寸：1.8*1.6*0.6；特征：加厚	套	套	来源单位一致		1.8*1.6*0.6定做加厚电箱罩；电箱罩	定制：是		ELEC-000125	1		尺寸为关键差异特征，保留；特征“加厚”保留；删除默认字段“定制：是”。	定制加工件/定制结构件/电箱罩
ELEC-000124	电箱罩	电箱罩 2.3*1.3*0.7	尺寸：2.3*1.3*0.7；特征：加厚	套	套	来源单位一致		2.3*1.3*0.7定做加厚电箱罩；电箱罩	定制：是		ELEC-000124	1		尺寸为关键差异特征，保留；特征“加厚”保留；删除默认字段“定制：是”。	定制加工件/定制结构件/电箱罩
SPARE-000051	箱体	箱体 4立方 钢	容量：4立方；材质：钢	个	个	来源单位一致		加工定做4立方钢箱；钢箱	加工定做：是		SPARE-000051	1		缺失尺寸和图纸，但容量和材质已可区分，作为初始库SKU。加工定做为默认定制属性，已删除。	定制加工件/定制结构件/箱体
SPARE-000133	角钢	角钢 40	规格：40角铁；长度：1.5米	根	根	来源单位一致		加工40角铁1.5米长；角钢加工件	定制：是；加工：是	材质未提供，按常见采购习惯默认Q235	SPARE-000133	1		原始规格仅含边宽40和长度1.5米，缺失边厚和材质；定制/加工属性已删除；边厚未推断以避免编造，材质按常用填充。	定制加工件/定制结构件/角钢
METAL-000038	钢筋加工件	钢筋加工件 Φ12*1.60m	钢筋规格：Φ12；长度：1.60m	根	根	来源单位一致		加工12钢筋1.6米；钢筋加工件	加工：是		METAL-000038	1		保留钢筋规格和长度；删除冗余'加工：是'；原单位'个'统一为'根'。	定制加工件/定制结构件/钢筋加工件
METAL-000039	钢筋加工件	钢筋加工件 Φ12*11.93m	钢筋规格：Φ12；长度：11.93m	根	根	来源单位一致		加工12钢筋11.93米；钢筋加工件	加工：是		METAL-000039	1		保留钢筋规格和长度；删除冗余'加工：是'；原单位'个'统一为'根'。	定制加工件/定制结构件/钢筋加工件
METAL-000040	钢筋加工件	钢筋加工件 Φ12*12.94m	钢筋规格：Φ12；长度：12.94m	根	根	来源单位一致		加工12钢筋12.94米；钢筋加工件	加工：是		METAL-000040	1		保留钢筋规格和长度；删除冗余'加工：是'；原单位'个'统一为'根'。	定制加工件/定制结构件/钢筋加工件
METAL-000133	钢筋加工件	钢筋加工件 螺纹Φ20*0.40m	钢筋规格：Φ20；长度：0.40m；钢筋类型：螺纹	根	根	来源单位一致		加工螺纹钢筋Φ20*40cm；螺纹钢筋加工件	加工：是		METAL-000133	1		保留钢筋规格、长度、钢筋类型；删除冗余'加工：是'；单位统一为'根'。	定制加工件/定制结构件/钢筋加工件
METAL-000137	钢筋加工件	钢筋加工件 螺纹Φ20*0.60m	钢筋规格：Φ20；长度：0.60m；钢筋类型：螺纹	根	根	来源单位一致		加工螺纹钢筋Φ20*60cm；螺纹钢筋加工件	加工：是		METAL-000137	1		保留钢筋规格、长度、钢筋类型；删除冗余'加工：是'；单位统一为'根'。	定制加工件/定制结构件/钢筋加工件
SPARE-000033	刮泥板	刮泥板	规格：通用	块	块	来源单位一致		定做刮泥板;刮泥板		原始缺失材质、尺寸、适用设备等关键规格，无法推断唯一参数，按常见非标件治理，需补充图纸或详细技术参数。；后处理补齐：原输出最小规格为空，按初始物料清单口径设为规格：通用	SPARE-000033	1		物料名称明确但规格缺失，作为初始库保留通用SKU，待后续补充图号、材质、尺寸等最小规格。；后处理补齐：原输出最小规格为空，按初始物料清单口径设为规格：通用	定制加工件/设备定制配件/刮泥板
SPARE-000074	推进泵吸轮	推进泵吸轮	适用设备：推进泵；材质：不锈钢	套	套	来源单位一致		定做推进泵吸轮；推进泵吸轮	定制：是；类型：吸轮	常见推进泵吸轮材质为不锈钢，初始库存按不锈钢创建；适用设备为已知字段。	SPARE-000074	1		保留已知适用设备；推断材质为不锈钢（常见）；删除定制和类型字段，因名称已体现。	定制加工件/设备定制配件/推进泵吸轮
SPARE-000072	钢格板	钢格板 1.3-1.5米	尺寸：1.3-1.5米；材质：碳钢	块	块	来源单位一致		定做1.3-1.5米钢格板；钢格板	定制：是	材质未提供，按常见碳钢钢格板处理；尺寸为范围值，未区分长宽	SPARE-000072	1		原始规格只包含定制标识和尺寸范围，缺失材质和承载等级，按最小必要保留尺寸，默认材质为碳钢	定制加工件/定制结构件/钢格板
SAFE-000119	防护罩	防护罩 1.2m*2.7m*0.8m 碳钢	尺寸：1.2m*2.7m*0.8m；材质：碳钢（默认）	件	件	来源单位一致		加工防护罩1.2米*2.7米*0.8米；防护罩加工件	定制：是	材质缺失，按常见加工防护罩默认碳钢	SAFE-000119	1		缺失材质，按常见默认碳钢补齐；尺寸为唯一规格保留；定制属性为默认删除。	定制加工件/定制结构件/防护罩
SPARE-000109	后备套夹子	后备套夹子 非标定制	规格：通用	个	个	来源单位一致		加工后备套夹子	定制：是；部件：后备套夹子	原始无规格，非标定制件，按最常见加工件处理；后处理补齐：原输出最小规格为空，按初始物料清单口径设为规格：通用	SPARE-000109	1		删除默认描述字段，保留最小规格，因无可用规格留空；后处理补齐：原输出最小规格为空，按初始物料清单口径设为规格：通用	定制加工件/设备定制配件/后备套夹子
SPARE-000097	拉杆销子	拉杆销子	材质：待定；尺寸：待定	套	套	来源单位一致		定做拉杆销子；拉杆销子		原始规格缺失，无法推断具体材质和尺寸，作为定制件初始占位SKU	SPARE-000097	1		定制件，无具体规格，保留为初始库占位SKU，后续需补充图纸及材质尺寸	定制加工件/设备定制配件/拉杆销子
METAL-000041	钢筋箍	钢筋方形箍 12	钢筋规格：12；形状：方形箍	个	个	来源单位一致		加工12钢筋方形箍；钢筋方形箍	加工：是	钢筋规格和形状已知，尺寸（边长/内径）缺失，未补充	METAL-000041	1		删除默认字段'加工：是'；保留钢筋规格和形状作为关键规格；将形状并入standard_sku_name以增强可读性；尺寸缺失未编造	定制加工件/定制结构件/钢筋箍
MAT-000145	离心机滤网	离心机滤网 1.4米*0.31米*0.72米	尺寸：1.4米*0.31米*0.72米	个	个	来源单位一致		订做离心机滤网1.4米*0.31米*0.72米；定做离心机滤网1.4米*0.31米*0.72米；离心机滤网	定制：是		MAT-000145	1		保留尺寸作为关键规格，删除默认定制属性；材质缺失但按定制件处理，不预设。	定制加工件/设备定制配件/离心机滤网
SPARE-000103	轴套	轴套 加工件	规格：通用	个	个	来源单位一致		加工轴套；轴套	加工：是（加工件默认属性）；部件：轴套（与名称重复）	无充分依据，作为通用加工轴套初始SKU；后处理补齐：原输出最小规格为空，按初始物料清单口径设为规格：通用	SPARE-000103	1		缺失材质和尺寸规格，保留加工类型作为唯一关键属性，其余默认删除；后处理补齐：原输出最小规格为空，按初始物料清单口径设为规格：通用	定制加工件/设备定制配件/轴套
SPARE-000046	注浆机活塞	注浆机活塞	适用设备：注浆机	套	套	来源单位一致		定做注浆机活塞；注浆机活塞		原始规格缺失仅保留已知的适用设备；定制件需按图纸采购，未补全材质、尺寸等参数。	SPARE-000046	1		定制件，无通用规格，仅保留适用设备字段作为最小必填规格。	定制加工件/设备定制配件/注浆机活塞
SPARE-000089	水泵防护罩	不锈钢水泵防护罩 60*90	材质：不锈钢；尺寸：60*90	个	个	来源单位一致		定做不锈钢水泵防护罩60*90；水泵防护罩	定制：是	尺寸单位默认为mm	SPARE-000089	1		保留规格：材质、尺寸；删除默认字段：定制；尺寸单位默认mm；缺失厚度等非关键信息未补全。	定制加工件/设备定制配件/水泵防护罩
METAL-000086	离心机钢板	离心机钢板	加工：是；适用设备：离心机；材质：钢板	个	个	来源单位一致		加工离心机钢板；离心机钢板		原始数据缺失尺寸和图纸号，保留适用设备作为关键规格，尺寸需采购员确认	METAL-000086	1		定制件无具体尺寸，无法建立唯一SKU；初始库保留基本信息，采购时需补充尺寸	定制加工件/设备定制配件/离心机钢板
SPARE-000030	钢套	钢套 轴承钢 加厚	材质：轴承钢；特征：加厚	套	套	来源单位一致		定做加厚轴承钢钢套；轴承钢钢套		尺寸缺失，作为初始库暂以材质和特征区分，实际采购需补充内外径、长度等尺寸	SPARE-000030	1		保留材质和特征作为关键区分，删除‘定制’默认字段，尺寸需后续补充	定制加工件/设备定制配件/钢套
SPARE-000118	隔环	隔环 2350	规格/型号：2350	个	个	来源单位一致		加工隔环2350; 隔环加工件	加工：是 (定制件默认加工)；部件：隔环 (已在物料名称中体现)		SPARE-000118	1		仅保留已有规格/型号作为最小关键规格，删除重复和默认字段。	定制加工件/设备定制配件/隔环
SPARE-000093	长销	长销 20*340	材质：碳钢；规格/口径：20mm；长度：340mm	件	件	来源单位一致		加工长销20*340；长销加工件	加工：是	规格20*340推断为直径20mm、长度340mm；材质按常见定制长销默认碳钢	SPARE-000093	1		根据老清单规格20*340和产品名长销，生成标准SKU；删除默认加工字段，补充材质为碳钢	定制加工件/设备定制配件/长销
TOOL-000231	冲孔冲头	冲孔冲头 Φ14×150	直径：Φ14；长度：150mm	支	支	来源单位一致		冲孔冲Φ14*150；冲孔冲头			TOOL-000231	1		保留直径和长度规格，材质待后续补充	工具耗材/刀具耗材（候选新增）/冲孔冲头
TOOL-000232	冲孔冲头	冲孔冲头 Φ16×150	直径：Φ16；长度：150mm	支	支	来源单位一致		冲孔冲Φ16*150；冲孔冲头			TOOL-000232	1		保留直径和长度规格，材质待后续补充	工具耗材/刀具耗材（候选新增）/冲孔冲头
METAL-000107	钢丝轮	钢丝轮 100*16	外径：100mm；孔径：16mm	只	只	来源单位一致		打磨钢丝轮；钢丝轮	用途：打磨；类型：钢丝轮	外径和孔径是钢丝轮核心采购规格，原始缺失，按常见规格100mm外径和16mm孔径填补	METAL-000107	1		原始规格中只有用途和类型，缺失关键尺寸规格，按常见通用规格填补外径和孔径，删除冗余描述字段	工具耗材/切磨耗材/钢丝轮
TOOL-000033	磨光片	磨光片 100mm	直径：100mm；厚度：6mm；孔径：16mm；材质：树脂；粒度：80#	块	块	来源单位一致		100磨光片；磨光片		原始规格仅提供直径100，厚度、孔径、材质、粒度按常见角磨机磨光片默认：厚度6mm，孔径16mm，材质树脂，粒度80#	TOOL-000033	1		单一SKU，按直径100mm生成基础SKU，补充常见参数	工具耗材/切磨耗材/磨光片
TOOL-000032	切割片	切割片 100mm	直径：100mm；厚度：1mm；孔径：16mm；材质：树脂	片	片	来源单位一致	金立克	100切割片;切割片；金立克切割片;切割片		直径由'规格：100'推断为100mm；厚度、孔径、材质为常见树脂切割片默认值；规格缺失，推断为常用直径100mm	TOOL-000032；TOOL-000045	2	相同直径、厚度、孔径、材质，仅品牌不同	规格100推断为直径100mm，补全默认厚度、孔径、材质；仅有品牌，推断规格为常用100mm切割片	工具耗材/切磨耗材/切割片
WELD-000050	切割片	切割片 355mm	直径：355mm；厚度：3mm；孔径：25mm；材质：树脂	片	片	来源单位一致		切割片Φ355;切割片		规格Φ355推断直径355mm，厚度、孔径、材质为常见树脂切割片标准	WELD-000050	1		直径Φ355推断为355mm，补全默认厚度、孔径、材质	工具耗材/切磨耗材/切割片
TOOL-000083	切割片	切割片 400mm	直径：400mm；厚度：5mm；孔径：25mm；材质：金刚石	片	片	来源单位一致		400马路切片;马路切割片		用途'马路切割'推断材质为金刚石；厚度、孔径为常见马路切割片标准	TOOL-000083	1		规格400推断直径400mm，材质金刚石，厚度孔径默认	工具耗材/切磨耗材/切割片
MAT-000171	百叶轮	百叶轮 4寸	外径：4寸；孔径：16mm；粒度：80目	片	片	来源单位一致		4寸百叶砂轮片；百叶砂轮片	类型：百叶轮；规格按字段维护	百叶轮通常采购4寸（100mm）、孔径16mm、粒度80目，因此以此作为初始SKU。；原始仅提供外径4寸，缺失孔径和粒度，依据常见百叶轮标准品补全孔径16mm、粒度80目。	MAT-000171；TOOL-000037	2	标准SKU名和最小必填规格相同，单位冲突（片 vs 块），建议统一为片。；标准SKU名和最小必填规格相同，单位冲突（块 vs 片），建议统一为片。	原始缺失规格，推断为常用4寸百叶轮；单位由片统一不变；与TOOL-000037疑似同一物料。；原始有规格4寸，但缺失粒度和孔径，已合理补齐；单位由块改为片。	工具耗材/切磨耗材/百叶轮
TOOL-000069	丝锥	丝锥 M20	螺纹规格：M20；材质：高速钢	支	支	来源单位一致		M20丝锥；丝锥		原始缺失材质，按常见采购推断为高速钢	TOOL-000069	1		保留螺纹规格M20，补充默认材质高速钢，删除不必要的描述。	工具耗材/刀具耗材（候选新增）/丝锥
TOOL-000061	金刚磨片	金刚磨片 100mm #100	外径：100mm；孔径：16mm；粒度：#100	个	个	来源单位一致			材质：金刚石（行业默认）	原始缺失外径、孔径、粒度，按常用规格补充：外径100mm、孔径16mm、粒度#100	TOOL-000061	1		原始规格缺失，按常见规格生成初始SKU	工具耗材/切磨耗材/金刚磨片
TOOL-000207	尖凿	尖凿 五坑 大	接口：五坑；规格：大	支	支	来源单位一致		大五坑尖凿；五坑尖凿；尖凿	类型：尖凿（已体现在名称中）		TOOL-000207	1		保留接口和规格字段，删除冗余的类型字段，因接口和规格是采购关键识别信息。	工具耗材/刀具耗材（候选新增）/尖凿
TOOL-000024	钢丝刷	刀型钢丝刷 250mm	规格/口径：250mm；形状：刀型	把	把	来源单位一致		刀型钢丝刷；钢丝刷	材质：钢丝；类型：钢丝刷	常见采购口径，总长250mm	TOOL-000024	1		刀型为关键形状差异，保留；默认材质和类型删除；补齐规格口径	工具耗材/刷涂耗材/钢丝刷
TOOL-000092	钢丝刷	钢丝刷 250mm	规格/口径：250mm	把	把	来源单位一致		钢丝刷；钢刷	材质：钢丝；类型：钢丝刷；类型：钢刷	常见采购口径，总长250mm	TOOL-000092；TOOL-000185；TOOL-000245；TOOL-000251	4	关键规格一致，标准SKU名称和最小必需规格相同；单位冲突需统一	无差异规格，默认删除；补齐规格口径；单位从支改为把；单位从个改为把；类型钢刷统一为钢丝刷；默认材质删除；单位从只改为把；单位从把保留（未改）	工具耗材/刷涂耗材/钢丝刷
TOOL-000286	钢丝刷	铁柄钢丝刷 250mm	规格/口径：250mm；柄材质：铁柄	把	把	来源单位一致		铁柄钢丝刷；钢丝刷	材质：钢丝；类型：钢丝刷	常见采购口径，总长250mm	TOOL-000286	1		铁柄为关键差异，保留；默认材质和类型删除；补齐规格口径；单位从个改为把	工具耗材/刷涂耗材/钢丝刷
MAT-000194	砂纸	砂纸 240#	粒度：240#	张	张	来源单位一致		240#砂纸；砂纸		尺寸：230×280mm（常见规格）；背基材质：纸基（砂纸默认）	MAT-000194	1		仅提供粒度240#，尺寸和背基材质缺失，按常见规格补齐。	工具耗材/砂纸/磨料/砂纸
TOOL-000041	砂纸	砂纸 600#	粒度：600#	张	张	来源单位一致		600砂纸；砂纸；细砂纸		尺寸：230×280mm（常见规格）；背基材质：纸基（砂纸默认）；原始粒度为“细”，推断为600#（常见细粒度）	TOOL-000041；TOOL-000139	2	与TOOL-000139推断粒度均为600#，尺寸均缺失，可合并。；与TOOL-000041推断粒度均为600#，尺寸均缺失，可合并。	粒度600，尺寸和背基材质缺失，按常见规格补齐。；原始粒度模糊，推断为600#，尺寸和背基材质缺失。	工具耗材/砂纸/磨料/砂纸
MAT-000195	砂纸	砂纸 80#	粒度：80#	张	张	来源单位一致		80#砂纸；砂纸；80砂纸		尺寸：230×280mm（常见规格）；背基材质：纸基（砂纸默认）	MAT-000195；TOOL-000042	2	与TOOL-000042同为80#砂纸，尺寸均缺失，可合并。；与MAT-000195同为80#砂纸，尺寸均缺失，可合并。	粒度80#，尺寸和背基材质缺失，按常见规格补齐。；粒度80，尺寸和背基材质缺失，按常见规格补齐。	工具耗材/砂纸/磨料/砂纸
TOOL-000058	滚筒刷	滚筒刷 150	规格：150	只	只	来源单位一致		150滚筒；滚筒刷		原始规格150含义未明确（可能长度或毛长），按原始数值保留	TOOL-000058	1		保留规格150，单位从支统一为只	工具耗材/刷涂耗材/滚筒刷
TOOL-000059	滚筒刷	滚筒刷 250	规格：250	只	只	来源单位一致		250滚筒；滚筒刷		原始规格250含义未明确（可能长度或毛长），按原始数值保留	TOOL-000059	1		保留规格250，单位从支统一为只	工具耗材/刷涂耗材/滚筒刷
TOOL-000004	滚筒刷	滚筒刷 4寸	规格：4寸	只	只	来源单位一致		4寸滚筒；滚筒刷			TOOL-000004；TOOL-000101	2	相同规格4寸，单位不同需统一	保留4寸规格，单位从个统一为只；保留4寸规格，单位从支统一为只	工具耗材/刷涂耗材/滚筒刷
TOOL-000102	滚筒刷	滚筒刷 4寸	规格：4寸；类型：小滚筒	只	只	来源单位一致		4寸小滚筒；小滚筒刷			TOOL-000102	1	相同规格4寸，类型小滚筒为附加描述，可视为同一SKU	保留4寸规格和小滚筒类型，单位从支统一为只	工具耗材/刷涂耗材/滚筒刷
TOOL-000100	滚筒刷	滚筒刷 8寸	规格：8寸	只	只	来源单位一致		8寸滚筒；滚筒刷			TOOL-000100	1		保留8寸规格，单位从支统一为只	工具耗材/刷涂耗材/滚筒刷
CHEM-000143	滚筒刷	滚筒刷 中号	规格：中号	只	只	来源单位一致		中号滚筒；油漆滚筒	用途：油漆	原始规格缺失精确尺寸，按常见油漆滚筒中号创建，中号无标准尺寸，建议后续确认	CHEM-000143	1		保留中号规格，删除默认用途油漆	工具耗材/刷涂耗材/滚筒刷
CHEM-000107	滚筒刷	滚筒刷 大号	规格：大号	只	只	来源单位一致		大油漆滚筒；油漆滚筒大号；滚筒大号；大号滚筒	用途：油漆	原始规格缺失精确尺寸，按常见油漆滚筒大号创建，大号无标准尺寸，建议后续确认	CHEM-000107	1		保留大号规格，删除默认用途油漆	工具耗材/刷涂耗材/滚筒刷
CHEM-000117	滚筒刷	滚筒刷 小号	规格：小号	只	只	来源单位一致		小油漆滚筒；油漆滚筒小号；滚筒小号；油漆滚筒	用途：油漆	原始规格缺失精确尺寸，按常见油漆滚筒小号创建，小号无标准尺寸，建议后续确认	CHEM-000117	1		保留小号规格，删除默认用途油漆	工具耗材/刷涂耗材/滚筒刷
CHEM-000140	滚筒刷	滚筒刷 通用	用途：油漆	只	只	来源单位一致		油漆滚筒		原始无规格，按通用油漆滚筒创建，原单位为包，建议确认每包数量	CHEM-000140	1		缺失规格，保留用途作为最小规格，单位统一为只	工具耗材/刷涂耗材/滚筒刷
TOOL-000274	滚筒刷	滚筒刷 通用	用途：涂装	只	只	来源单位一致		滚桶刷；滚筒刷		原始无规格，按通用涂装滚筒创建	TOOL-000274	1		缺失规格，保留用途作为最小规格，单位从只保留	工具耗材/刷涂耗材/滚筒刷
TOOL-000281	滚筒柄	滚筒柄 45cm	长度：45cm；接口：内螺纹	把	把	来源单位一致		滚筒柄	部件：滚筒柄	基于行业常见规格，默认长度45cm、接口内螺纹	TOOL-000281	1		原规格缺失，按常见推断补齐长度和接口；删除无实际意义的'部件'字段	工具耗材/刷具附件（候选新增）/滚筒柄
TOOL-000244	毛刷	毛刷 2.5寸 羊毛	规格：2.5寸；材质：羊毛	把	把	来源单位一致		羊毛刷2.5寸；羊毛刷			TOOL-000244	1		保留规格和材质关键字段，统一单位为把	工具耗材/刷涂耗材/毛刷
TOOL-000043	毛刷	毛刷 2寸	规格：2寸	把	把	来源单位一致		2寸毛刷；毛刷			TOOL-000043	1		保留规格关键字段，材质未指定，统一单位为把	工具耗材/刷涂耗材/毛刷
TOOL-000086	毛刷	毛刷 2寸 羊毛	规格：2寸；材质：羊毛	把	把	来源单位一致		2寸羊毛刷；羊毛刷；羊毛刷2寸			TOOL-000086；TOOL-000237	2	相同规格和材质，单位不同，建议合并	保留规格和材质关键字段，统一单位为把	工具耗材/刷涂耗材/毛刷
TOOL-000023	毛刷	毛刷 3寸	规格：3寸	把	把	来源单位一致		3寸毛刷；毛刷；漆刷3寸；漆刷	用途：涂漆		TOOL-000023；TOOL-000035；TOOL-000253	3	相同规格，单位不同，建议合并；相同规格，用途默认，建议合并	保留规格关键字段，材质未指定，统一单位为把；保留规格，删除默认用途字段，统一单位为把	工具耗材/刷涂耗材/毛刷
TOOL-000236	毛刷	毛刷 3寸 羊毛	规格：3寸；材质：羊毛	把	把	来源单位一致		羊毛刷3寸；羊毛刷			TOOL-000236	1		保留规格和材质关键字段，统一单位为把	工具耗材/刷涂耗材/毛刷
TOOL-000038	毛刷	毛刷 4寸	规格：4寸	把	把	来源单位一致		4寸毛刷；毛刷			TOOL-000038	1		保留规格关键字段，材质未指定，统一单位为把	工具耗材/刷涂耗材/毛刷
TOOL-000010	毛刷	毛刷 4寸 羊毛	规格：4寸；材质：羊毛	把	把	来源单位一致		4寸羊毛刷；羊毛刷；羊毛刷4寸；羊毛漆刷大号；羊毛漆刷		大号推断为4寸	TOOL-000010；TOOL-000011；TOOL-000036；TOOL-000068；TOOL-000243；TOOL-000273；TOOL-000291	7	相同规格和材质，单位不同，建议合并；推断规格与4寸羊毛一致，建议合并	保留规格和材质关键字段，统一单位为把；规格大号推断为4寸，保留材质，统一单位	工具耗材/刷涂耗材/毛刷
TOOL-000271	宝塔钻头开孔器	宝塔钻头开孔器 4-52mm	规格范围：4-52mm	套	套	来源单位一致		宝塔钻头开孔器4-52；宝塔钻头开孔器	类型：宝塔钻头/开孔器	规格范围来自原始required_specs，单位mm为常见推断	TOOL-000271	1		保留关键规格规格范围，删除冗余类型描述	工具耗材/开孔器/宝塔钻头开孔器
TOOL-000126	石笔	石笔 单支	包装：单支	个	个	来源单位一致		石笔	类型：石笔	原始缺失规格，按常见单支石笔推断	TOOL-000126	1		低值划线耗材，包装差异决定SKU拆分	工具耗材/砂纸/磨料/石笔
TOOL-000293	石笔	石笔 盒装	包装：盒装	盒	盒	来源单位一致		石笔	类型：石笔	原始缺失规格，按常见盒装石笔推断，每盒数量待定	TOOL-000293	1		低值划线耗材，包装差异决定SKU拆分	工具耗材/砂纸/磨料/石笔
TOOL-000334	刷具伸缩杆	刷具伸缩杆	适配工具：滚筒；长度：1.2m	根	根	来源单位一致		滚筒伸缩杆		原记录缺失长度，按常见刷具伸缩杆长度1.2m补齐	TOOL-000334	1		统一三级名称，保留适配工具规格，补齐长度作为初始常用值	工具耗材/刷具附件（候选新增）/刷具伸缩杆
TOOL-000335	刷具伸缩杆	刷具伸缩杆	适配工具：边角刷；长度：1.2m	根	根	来源单位一致		边角刷伸缩杆		原记录缺失长度，按常见刷具伸缩杆长度1.2m补齐	TOOL-000335	1		统一三级名称，保留适配工具规格，补齐长度作为初始常用值	工具耗材/刷具附件（候选新增）/刷具伸缩杆
TOOL-000080	五坑钻头	五坑钻头 14*400	材质：合金钢；直径：14mm；长度：400mm	支	支	来源单位一致	方大同	方大同14*400五孔钻头；五坑钻头	柄型：五坑	材质缺失，按常见合金钢填充	TOOL-000080	1		删除默认柄型，补齐材质	工具耗材/钻头/五坑钻头
TOOL-000081	五坑钻头	五坑钻头 14*600	材质：合金钢；直径：14mm；长度：600mm	支	支	来源单位一致	方大同	方大同14*600五坑钻头；五坑钻头	柄型：五坑	材质缺失，按常见合金钢填充	TOOL-000081	1		删除默认柄型，补齐材质	工具耗材/钻头/五坑钻头
TOOL-000082	五坑钻头	五坑钻头 16*280	材质：合金钢；直径：16mm；长度：280mm	支	支	来源单位一致	方大同	方大同16*280五孔钻头；五坑钻头	柄型：五坑	材质缺失，按常见合金钢填充	TOOL-000082	1		删除默认柄型，补齐材质	工具耗材/钻头/五坑钻头
TOOL-000078	五坑钻头	五坑钻头 28*800	材质：合金钢；直径：28mm；长度：800mm	支	支	来源单位一致		28*800五孔钻头；五坑钻头	柄型：五坑	材质缺失，按常见合金钢填充；品牌缺失，按通用件处理	TOOL-000078	1		删除默认柄型，补齐材质，无品牌	工具耗材/钻头/五坑钻头
TOOL-000075	五坑钻头	五坑钻头 35*500	材质：合金钢；直径：35mm；长度：500mm	支	支	来源单位一致	方大同	方大同35*500五坑钻头；五坑钻头	柄型：五坑	材质缺失，按常见合金钢填充	TOOL-000075	1		删除默认柄型，补齐材质	工具耗材/钻头/五坑钻头
TOOL-000267	五坑钻头	五坑钻头 40*1000	材质：合金钢；直径：40mm；长度：1000mm	支	支	来源单位一致	博世	博世五坑钻头Φ40*1米；五坑钻头	柄型：五坑	材质缺失，按常见合金钢填充；长度单位从米转换为毫米	TOOL-000267	1		删除默认柄型，补齐材质，统一长度单位	工具耗材/钻头/五坑钻头
TOOL-000064	五坑钻头	五坑钻头 40*1200	材质：合金钢；直径：40mm；长度：1200mm	支	支	来源单位一致	方大同	方大同40*1200五孔钻头；五坑钻头	柄型：五坑	材质缺失，按常见合金钢填充	TOOL-000064	1		统一单位，删除默认柄型，补齐材质	工具耗材/钻头/五坑钻头
TOOL-000343	二坑二槽钻头	二坑二槽钻头 Φ10*160	材质：硬质合金；柄型：二坑二槽；直径：10mm；长度：160mm	支	支	来源单位一致	博世	博世二坑二槽钻头Φ10*160；二坑二槽钻头		材质默认硬质合金；单位统一为支	TOOL-000343	1		保留柄型、直径、长度；材质默认硬质合金；品牌博世放入brand；单位统一为支	工具耗材/钻头/二坑二槽钻头
TOOL-000328	二坑二槽钻头	二坑二槽钻头 Φ12*350	材质：硬质合金；柄型：二坑二槽；直径：12mm；长度：350mm	支	支	来源单位一致	博世	博世二坑二槽钻头Φ12*350；钻头		材质默认硬质合金；单位统一为支	TOOL-000328	1		保留柄型、直径、长度；材质默认硬质合金；品牌博世放入brand；单位统一为支	工具耗材/钻头/二坑二槽钻头
TOOL-000344	二坑二槽钻头	二坑二槽钻头 Φ14*160	材质：硬质合金；柄型：二坑二槽；直径：14mm；长度：160mm	支	支	来源单位一致	博世	博世二坑二槽钻头Φ14*160；二坑二槽钻头		材质默认硬质合金；单位统一为支	TOOL-000344	1		保留柄型、直径、长度；材质默认硬质合金；品牌博世放入brand；单位统一为支	工具耗材/钻头/二坑二槽钻头
TOOL-000329	二坑二槽钻头	二坑二槽钻头 Φ14*350	材质：硬质合金；柄型：二坑二槽；直径：14mm；长度：350mm	支	支	来源单位一致	博世	博世二坑二槽钻头Φ14*350；钻头		材质默认硬质合金；单位统一为支	TOOL-000329	1		保留柄型、直径、长度；材质默认硬质合金；品牌博世放入brand；单位统一为支	工具耗材/钻头/二坑二槽钻头
TOOL-000345	二坑二槽钻头	二坑二槽钻头 Φ16*200	材质：硬质合金；柄型：二坑二槽；直径：16mm；长度：200mm	支	支	来源单位一致	博世	博世二坑二槽钻头Φ16*200；二坑二槽钻头		材质默认硬质合金；单位统一为支	TOOL-000345	1		保留柄型、直径、长度；材质默认硬质合金；品牌博世放入brand；单位统一为支	工具耗材/钻头/二坑二槽钻头
TOOL-000330	二坑二槽钻头	二坑二槽钻头 Φ16*350	材质：硬质合金；柄型：二坑二槽；直径：16mm；长度：350mm	支	支	来源单位一致	博世	博世二坑二槽钻头Φ16*350；钻头		材质默认硬质合金；单位统一为支	TOOL-000330	1		保留柄型、直径、长度；材质默认硬质合金；品牌博世放入brand；单位统一为支	工具耗材/钻头/二坑二槽钻头
TOOL-000325	方柄钻头	方柄钻头 Φ12*260	直径：Φ12；长度：260mm；柄型：方柄	支	支	来源单位一致	博世	博世方柄钻头Φ12*260；钻头			TOOL-000325	1		保留原始规格，未补充缺失材质，品牌仅作参考不进入规格	工具耗材/钻头/方柄钻头
TOOL-000324	方柄钻头	方柄钻头 Φ14*280	直径：Φ14；长度：280mm；柄型：方柄	支	支	来源单位一致	博世	博世方柄钻头Φ14*280；钻头			TOOL-000324	1		保留原始规格，未补充缺失材质，品牌仅作参考不进入规格	工具耗材/钻头/方柄钻头
TOOL-000076	冲击钻头	冲击钻头 18*400	规格/直径: 18mm; 长度: 400mm	支	支	来源单位一致	方大同	方大同18x400冲击钻头；冲击钻头		直径和长度已提供，无缺失字段；品牌单独字段	TOOL-000076	1		保留直径和长度，品牌分离，规格格式规范为18*400	工具耗材/钻头/冲击钻头
TOOL-000063	冲击钻头	冲击钻头 18*800	规格/直径: 18mm; 长度: 800mm	支	支	来源单位一致	方大同	方大同18*800冲击钻头；冲击钻头		直径和长度已提供，无缺失字段；品牌单独字段	TOOL-000063	1		保留直径和长度，品牌分离，规格格式规范为18*800	工具耗材/钻头/冲击钻头
TOOL-000013	冲击钻头	冲击钻头 20mm	规格/直径: 20mm; 长度: 200mm	支	支	来源单位一致		20厘冲击钻头；冲击钻头		仅提供直径20厘（推测为20mm），长度未提供，按常见冲击钻头20mm标准长度200mm补齐	TOOL-000013	1		保留直径，推断长度，删除‘厘’不规范写法，统一为mm	工具耗材/钻头/冲击钻头
TOOL-000077	冲击钻头	冲击钻头 30*400	规格/直径: 30mm; 长度: 400mm	支	支	来源单位一致	方大同	方大同30x400冲击钻头；冲击钻头		直径和长度已提供，无缺失字段；品牌单独字段	TOOL-000077	1		保留直径和长度，品牌分离，规格格式规范为30*400	工具耗材/钻头/冲击钻头
TOOL-000012	冲击钻头	冲击钻头 6mm	规格/直径: 6mm; 长度: 100mm	支	支	来源单位一致		6厘冲击钻头；冲击钻头		仅提供直径6厘（推测为6mm），长度未提供，按常见冲击钻头6mm标准长度100mm补齐	TOOL-000012	1		保留直径，推断长度，删除‘厘’不规范写法，统一为mm	工具耗材/钻头/冲击钻头
TOOL-000327	圆柄钻头	圆柄钻头 Φ10*350	直径：10mm；长度：350mm；材质：高速钢	只	只	来源单位一致	博世	博世圆柄钻头Φ10*350；钻头		材质缺失，按最常见的高速钢填充	TOOL-000327	1		保留直径和长度作为关键规格；材质按常见推断补充；品牌单独列出	工具耗材/钻头/圆柄钻头
TOOL-000302	二坑三槽钻头	二坑三槽钻头 Φ20*280	柄型：二坑三槽；直径：20mm；长度：280mm；材质：硬质合金	支	支	来源单位一致	博世	博世二坑三槽钻头Φ20*280		材质原始缺失，根据常见二坑三槽钻头推断为硬质合金	TOOL-000302	1		保留直径、长度、柄型、材质；品牌移入brand字段；名称用直径*长度	工具耗材/钻头/二坑三槽钻头
TOOL-000303	二坑三槽钻头	二坑三槽钻头 Φ22*280	柄型：二坑三槽；直径：22mm；长度：280mm；材质：硬质合金	支	支	来源单位一致	博世	博世二坑三槽钻头Φ22*280		材质原始缺失，根据常见二坑三槽钻头推断为硬质合金	TOOL-000303	1		保留直径、长度、柄型、材质；品牌移入brand字段；名称用直径*长度	工具耗材/钻头/二坑三槽钻头
TOOL-000282	钻头	不锈钢钻头 3.2mm	用途：不锈钢；直径：3.2mm	支	支	来源单位一致		不锈钢钻头3.2mm；钻头	材质：高速钢（默认）	钻头材质默认高速钢，用途为不锈钢；直径单位mm。	TOOL-000282	1		材质缺失默认高速钢，保留用途不锈钢和直径3.2mm。	工具耗材/钻头/钻头
TOOL-000288	钻头	不锈钢钻头 4mm	用途：不锈钢；直径：4mm	支	支	来源单位一致		不锈钢钻头4mm；钻头	材质：高速钢（默认）	钻头材质默认高速钢，用途为不锈钢；直径单位mm。	TOOL-000288	1		材质缺失默认高速钢，保留用途不锈钢和直径4mm。	工具耗材/钻头/钻头
TOOL-000087	钻头	不锈钢钻头 5mm	用途：不锈钢；直径：5mm	支	支	来源单位一致		5.0不锈钢钻头；钻头	材质：高速钢（默认）	钻头材质默认高速钢，用途为不锈钢；规格5.0单位默认mm。	TOOL-000087	1		材质缺失默认高速钢，保留用途不锈钢和直径5mm。	工具耗材/钻头/钻头
TOOL-000287	钻头	不锈钢钻头 6mm	用途：不锈钢；直径：6mm	支	支	来源单位一致		不锈钢钻头6mm；钻头	材质：高速钢（默认）	钻头材质默认高速钢，用途为不锈钢；直径单位mm。	TOOL-000287	1		材质缺失默认高速钢，保留用途不锈钢和直径6mm。	工具耗材/钻头/钻头
TOOL-000054	钻头	合金钻头 10mm	材质：合金；直径：10mm	支	支	来源单位一致		合金钻头10厘；合金钻头			TOOL-000054	1		保留材质合金和直径10mm，单位统一为支，删除无关默认字段。	工具耗材/钻头/钻头
TOOL-000055	钻头	合金钻头 12mm	材质：合金；直径：12mm	支	支	来源单位一致		合金钻头12厘；合金钻头			TOOL-000055	1		保留材质合金和直径12mm，单位统一为支，删除无关默认字段。	工具耗材/钻头/钻头
TOOL-000056	钻头	合金钻头 14mm	材质：合金；直径：14mm	支	支	来源单位一致		合金钻头14厘；合金钻头			TOOL-000056	1		保留材质合金和直径14mm，单位统一为支，删除无关默认字段。	工具耗材/钻头/钻头
TOOL-000057	钻头	合金钻头 16mm	材质：合金；直径：16mm	支	支	来源单位一致		合金钻头16厘；合金钻头			TOOL-000057	1		保留材质合金和直径16mm，单位统一为支，删除无关默认字段。	工具耗材/钻头/钻头
TOOL-000052	钻头	合金钻头 6mm	材质：合金；直径：6mm	支	支	来源单位一致		合金钻头6厘；合金钻头			TOOL-000052	1		保留材质合金和直径6mm，单位统一为支，删除无关默认字段。	工具耗材/钻头/钻头
TOOL-000053	钻头	合金钻头 8mm	材质：合金；直径：8mm	支	支	来源单位一致		合金钻头8厘；合金钻头			TOOL-000053	1		保留材质合金和直径8mm，单位统一为支，删除无关默认字段。	工具耗材/钻头/钻头
TOOL-000049	钻头	钨钢钻头 10mm	材质：钨钢；直径：10mm	支	支	来源单位一致		钨钢钻头10厘；钨钢钻头			TOOL-000049	1		保留材质钨钢和直径10mm，删除无关默认字段。	工具耗材/钻头/钻头
TOOL-000050	钻头	钨钢钻头 12mm	材质：钨钢；直径：12mm	支	支	来源单位一致		钨钢钻头12厘；钨钢钻头			TOOL-000050	1		保留材质钨钢和直径12mm，删除无关默认字段。	工具耗材/钻头/钻头
TOOL-000051	钻头	钨钢钻头 16mm	材质：钨钢；直径：16mm	支	支	来源单位一致		钨钢钻头16厘；钨钢钻头			TOOL-000051	1		保留材质钨钢和直径16mm，删除无关默认字段。	工具耗材/钻头/钻头
TOOL-000208	钻头	钨钢钻头 3.5mm	材质：钨钢；直径：3.5mm	支	支	来源单位一致		3.5钨钢钻头；钻头			TOOL-000208	1		保留材质钨钢和直径3.5mm，删除无关默认字段。	工具耗材/钻头/钻头
TOOL-000209	钻头	钨钢钻头 3mm	材质：钨钢；直径：3mm	支	支	来源单位一致		3.0钨钢钻头；钻头			TOOL-000209	1		保留材质钨钢和直径3mm，删除无关默认字段。	工具耗材/钻头/钻头
TOOL-000048	钻头	钨钢钻头 8mm	材质：钨钢；直径：8mm	支	支	来源单位一致		钨钢钻头8厘；钨钢钻头			TOOL-000048	1		保留材质钨钢和直径8mm，删除无关默认字段。	工具耗材/钻头/钻头
TOOL-000221	钻头	钻头 10mm	直径：10mm；长度：200mm	支	支	来源单位一致		10*200钻头；钻头	材质：高速钢（默认）	材质缺失，默认高速钢；长度单位默认mm。	TOOL-000221	1		材质缺失默认高速钢，保留直径和长度。	工具耗材/钻头/钻头
TOOL-000222	钻头	钻头 12mm	直径：12mm；长度：200mm	支	支	来源单位一致	博世	12*200钻头；钻头；博世钻头m12*200	材质：高速钢（默认）；柄型：直柄（假设）	材质缺失，默认高速钢；长度单位默认mm。；M12解释为直径12mm；长度200mm；品牌博世；柄型默认直柄。	TOOL-000222；TOOL-000233	2		材质缺失默认高速钢，保留直径和长度。；材质缺失默认高速钢，品牌博世放入brand字段，规格M12解释为直径12mm，保留长度。	工具耗材/钻头/钻头
TOOL-000321	钻头	钻头 14mm	直径：14mm；长度：150mm	支	支	来源单位一致		钻头Φ14*150；钻头	材质：高速钢（默认）	材质缺失，默认高速钢；Φ14解释为直径14mm；长度150单位默认mm。	TOOL-000321	1		材质缺失默认高速钢，保留直径和长度，规格Φ14解释为直径14mm。	工具耗材/钻头/钻头
TOOL-000223	钻头	钻头 14mm	直径：14mm；长度：200mm	支	支	来源单位一致	博世	14*200钻头；钻头；博世钻头m14*200	材质：高速钢（默认）；柄型：直柄（假设）	材质缺失，默认高速钢；长度单位默认mm。；M14解释为直径14mm；长度200mm；品牌博世；柄型默认直柄。	TOOL-000223；TOOL-000234	2		材质缺失默认高速钢，保留直径和长度。；材质缺失默认高速钢，品牌博世放入brand字段，规格M14解释为直径14mm，保留长度。	工具耗材/钻头/钻头
TOOL-000230	钻头	钻头 14mm	直径：14mm；长度：260mm	支	支	来源单位一致	博世	博世钻头m14*260；钻头	材质：高速钢（默认）；柄型：直柄（假设）	材质缺失，默认高速钢；M14解释为直径14mm；长度260mm；品牌博世；柄型默认直柄。	TOOL-000230	1		材质缺失默认高速钢，品牌博世放入brand字段，规格M14解释为直径14mm，保留长度。	工具耗材/钻头/钻头
TOOL-000066	钻头	钻头 16mm	直径：16mm；长度：100mm	支	支	来源单位一致		16*100钻头；钻头	材质：高速钢（默认）	材质缺失，默认高速钢；长度单位默认mm。	TOOL-000066	1		材质缺失，默认高速钢，保留直径和长度，默认单位mm。	工具耗材/钻头/钻头
TOOL-000224	钻头	钻头 16mm	直径：16mm；长度：200mm	支	支	来源单位一致		16*200钻头；钻头	材质：高速钢（默认）	材质缺失，默认高速钢；长度单位默认mm。	TOOL-000224	1		材质缺失默认高速钢，保留直径和长度。	工具耗材/钻头/钻头
TOOL-000227	钻头	钻头 20mm	直径：20mm；长度：800mm	支	支	来源单位一致		20*800钻头；钻头	材质：高速钢（默认）	材质缺失，默认高速钢；长度单位默认mm。	TOOL-000227	1		材质缺失默认高速钢，保留直径和长度。	工具耗材/钻头/钻头
TOOL-000121	钻头	钻头 4mm	直径：4mm	支	支	来源单位一致		4.0钻头；钻头	材质：高速钢（默认）	材质缺失，默认高速钢；规格4.0单位默认mm。	TOOL-000121	1		材质缺失默认高速钢，保留直径4mm。	工具耗材/钻头/钻头
TOOL-000123	钻头	钻头 5.5mm	直径：5.5mm	支	支	来源单位一致		5.5钻头；钻头	材质：高速钢（默认）	材质缺失，默认高速钢；规格5.5单位默认mm。	TOOL-000123	1		材质缺失默认高速钢，保留直径5.5mm。	工具耗材/钻头/钻头
TOOL-000122	钻头	钻头 5mm	直径：5mm	支	支	来源单位一致		5.0钻头；钻头	材质：高速钢（默认）	材质缺失，默认高速钢；规格5.0单位默认mm。	TOOL-000122	1		材质缺失默认高速钢，保留直径5mm。	工具耗材/钻头/钻头
TOOL-000229	五坑三槽钻头	五坑三槽钻头 Φ12*200	直径：Φ12；长度：200mm	支	支	来源单位一致	博世	博世五坑三槽钻头Φ12*200；钻头			TOOL-000229	1		品牌已移入brand字段，标准SKU名按直径和长度生成	工具耗材/钻头/五坑三槽钻头
TOOL-000285	铣刀钻头	铣刀钻头 10mm 不锈钢	直径：10mm；材质：不锈钢	支	支	来源单位一致		不锈钢铣刀钻头10mm；铣刀钻头			TOOL-000285	1		保留直径和材质作为关键规格，无默认字段可删除，品牌缺失未补。	工具耗材/钻头/铣刀钻头
TOOL-000284	铣刀钻头	铣刀钻头 4mm 不锈钢	直径：4mm；材质：不锈钢	支	支	来源单位一致		不锈钢铣刀钻头4mm；铣刀钻头			TOOL-000284	1		保留直径和材质作为关键规格，无默认字段可删除，品牌缺失未补。	工具耗材/钻头/铣刀钻头
TOOL-000276	刀片	刀片 通用型	规格：通用型	盒	盒	来源单位一致	锐锋	锐锋刀片；刀片	类型：刀片	原始字段缺失具体规格，生成通用型SKU作为初始库参考。	TOOL-000276	1		保留品牌（锐锋）到brand字段；删除冗余的'类型'字段；因无规格信息，推断为通用型刀片。	工具量具/刀具/刃具/刀片
TOOL-000019	剪刀	剪刀 8寸	规格/长度：8寸	个	个	来源单位一致			类型：剪刀	原始缺失规格/长度，按常见家用剪刀8寸补齐。	TOOL-000019	1		原始无规格信息，按常见家用剪刀长度8寸生成最小SKU；删除冗余字段'类型：剪刀'。	工具量具/刀具/刃具/剪刀
TOOL-000201	麻花钻头	麻花钻头 9mm	直径：9mm	支	支	来源单位一致		9厘麻花钻头；麻花钻头		材质推断为高速钢（HSS）；柄型推断为直柄	TOOL-000201	1		保留直径规格，标准化单位为mm；材质和柄型缺失，按常见推断为高速钢直柄	工具耗材/钻头/麻花钻头
TOOL-000283	板材剪刀	板材剪刀 20寸	材质：合金钢；规格：20寸	把	把	来源单位一致		合金钢镀锌板剪刀20寸；镀锌板剪刀	用途：镀锌板		TOOL-000283	1		材质和尺寸为关键采购字段，保留；用途作为默认信息删除，不影响通用性。	工具量具/刀具/刃具/板材剪刀
CONST-000033	刮板	刮板 塑料 100mm	材质：塑料；规格/宽度：100mm	个	个	来源单位一致		刮板	类型：刮板	原始缺失材质和尺寸，按常见采购规格推断为塑料材质、宽度100mm	CONST-000033	1		补充材质和尺寸规格，生成最小可用SKU，避免买错	工具量具/刀具/刃具/刮板
PIPE-000005	管剪	管剪 PPR	适用管径：≤42mm	把	把	来源单位一致		PPR剪刀；PPR管剪；PPR管剪刀	用途：PPR管剪切	常见PPR管剪剪切范围为≤42mm，原始缺失管径，按默认值补齐	PIPE-000005；PIPE-000408	2	同一物料名称，用途相同，规格缺失且无差异，疑似重复	统一为PPR管剪，默认剪切范围，删除冗余用途字段	工具量具/刀具/刃具/管剪
TOOL-000029	砖刀	砖刀 200mm	长度：200mm	个	个	来源单位一致			用途：砌砖/切砖	常见砖刀尺寸为200mm；原始无规格，按通用标准补齐	TOOL-000029	1		删除通用用途描述，补齐常见尺寸作为最小关键规格；材质默认碳钢不列为必填	工具量具/刀具/刃具/砖刀
TOOL-000252	铲刀	铲刀 50mm	材质：合金钢；宽度：50mm	把	把	来源单位一致				原始缺失宽度和材质，依据常见采购规格，默认宽度50mm，材质合金钢。	TOOL-000252	1		原始仅提供类型，缺失关键规格；补全了宽度和材质以形成最小可用SKU。	工具量具/刀具/刃具/铲刀
TOOL-000095	胶带切割器	胶带切割器 18mm	适用宽度: 18mm	个	个	来源单位一致		透明胶带切割器；胶带切割器		原始缺失适用宽度，按常见办公用18mm胶带切割器补齐	TOOL-000095	1		仅此一条SKU，无重复；按常见规格推断宽度	工具量具/刀具/刃具/胶带切割器
TOOL-000014	美工刀	美工刀 18mm	刀片宽度：18mm	把	把	来源单位一致	得力	得力美工刀；美工刀；得力黑美工刀	类型：美工刀；颜色：黑色	刀片宽度未提供，按常见美工刀刀片宽度18mm补齐。	TOOL-000014；TOOL-000034；TOOL-000113；TOOL-000183；TOOL-000193；TOOL-000212	6	标准SKU名称和最小关键规格一致，建议合并为一个SKU。	品牌移入brand；刀片宽度按常见规格补齐；单位统一为把。；类型字段已移除（行业默认）；颜色字段已移除（非关键）	工具量具/刀具/刃具/美工刀
TOOL-000060	伸缩加长杆	伸缩加长杆 1.2-2.4m	长度范围：1.2-2.4m；接口规格：1/4英寸	支	支	来源单位一致			类型描述：伸缩加长杆	原始未提供长度和接口规格，按常见通用型推断：长度范围1.2-2.4米，接口1/4英寸。	TOOL-000060	1		原始仅提供类型，缺失关键规格；补齐长度范围和接口规格为通用型，便于采购识别。	工具量具/工具附件（候选新增）/伸缩加长杆
TOOL-000326	电工包	电工包	规格：通用	个	个	来源单位一致	得力	得力电工包；电工包	用途：电工	缺失材质、尺寸等关键规格，临时以通用名称表示；后处理补齐：原输出最小规格为空，按初始物料清单口径设为规格：通用	TOOL-000326	1		仅品牌和用途，品牌不进入规格，用途删除；无规格区分；后处理补齐：原输出最小规格为空，按初始物料清单口径设为规格：通用	工具量具/工具附件（候选新增）/电工包
TOOL-000309	电工包	电工包 帆布	材质：帆布	个	个	来源单位一致		帆布电工包；电工包	用途：电工		TOOL-000309	1		材质已知，作为关键规格；用途为默认，删除	工具量具/工具附件（候选新增）/电工包
TOOL-000178	套筒	加长六角套筒 10	规格：10；特征：加长；类型：六角	个	个	来源单位一致		10加长六角套筒；加长六角套筒		特征和类型从描述明确	TOOL-000178	1		保留规格、特征加长和类型六角	工具量具/套筒/套筒
TOOL-000179	套筒	加长六角套筒 12	规格：12；特征：加长；类型：六角	个	个	来源单位一致		12加长六角套筒；加长六角套筒		特征和类型从描述明确	TOOL-000179	1		保留规格、特征加长和类型六角	工具量具/套筒/套筒
TOOL-000180	套筒	加长六角套筒 14	规格：14；特征：加长；类型：六角	个	个	来源单位一致		14加长六角套筒；加长六角套筒		特征和类型从描述明确	TOOL-000180	1		保留规格、特征加长和类型六角	工具量具/套筒/套筒
TOOL-000174	套筒	加长六角套筒 5	规格：5；特征：加长；类型：六角	个	个	来源单位一致		5加长六角套筒；加长六角套筒		特征和类型从描述明确	TOOL-000174	1		保留规格、特征加长和类型六角	工具量具/套筒/套筒
TOOL-000175	套筒	加长六角套筒 6	规格：6；特征：加长；类型：六角	个	个	来源单位一致		6加长六角套筒；加长六角套筒		特征和类型从描述明确	TOOL-000175	1		保留规格、特征加长和类型六角	工具量具/套筒/套筒
TOOL-000176	套筒	加长六角套筒 7	规格：7；特征：加长；类型：六角	个	个	来源单位一致		7加长六角套筒；加长六角套筒		特征和类型从描述明确	TOOL-000176	1		保留规格、特征加长和类型六角	工具量具/套筒/套筒
TOOL-000177	套筒	加长六角套筒 8	规格：8；特征：加长；类型：六角	个	个	来源单位一致		8加长六角套筒；加长六角套筒		特征和类型从描述明确	TOOL-000177	1		保留规格、特征加长和类型六角	工具量具/套筒/套筒
TOOL-000072	套筒	加长套筒 18*200	规格：18*200；特征：加长；类型：六角	个	个	来源单位一致		18*200加长套筒；加长套筒		类型六角从描述推断	TOOL-000072	1		规格明确，保留特征加长和类型六角	工具量具/套筒/套筒
TOOL-000216	套筒	套筒 17	规格：17；类型：六角	个	个	来源单位一致		17套筒；套筒		类型六角从常见推断	TOOL-000216	1		保留规格，默认六角	工具量具/套筒/套筒
TOOL-000135	套筒	电动扳手套筒 12	规格：12；适用工具：电动扳手；类型：六角	个	个	来源单位一致		12号电动扳手套筒；电动扳手套筒		类型六角从描述推断，单位统一为个	TOOL-000135	1		保留规格、适用工具和类型	工具量具/套筒/套筒
TOOL-000144	套筒	电动扳手套筒 23	规格：23；适用工具：电动扳手；类型：六角	个	个	来源单位一致	世达	23号世达电动扳手套筒；电动扳手套筒		类型六角从描述推断，品牌不进入名称	TOOL-000144	1		保留规格、适用工具和类型，品牌放入brand	工具量具/套筒/套筒
TOOL-000145	套筒	电动扳手套筒 24	规格：24；适用工具：电动扳手；类型：六角	个	个	来源单位一致	世达	24号世达电动扳手套筒；电动扳手套筒		类型六角从描述推断，品牌不进入名称	TOOL-000145	1		保留规格、适用工具和类型，品牌放入brand	工具量具/套筒/套筒
TOOL-000167	套筒	电动扳手套筒 36	规格：36；适用工具：电动扳手；类型：六角	个	个	来源单位一致		36套筒电动；电动扳手套筒		类型六角从描述推断	TOOL-000167	1		保留规格、适用工具和类型	工具量具/套筒/套筒
TOOL-000136	套筒	电动扳手套筒 42	规格：42；适用工具：电动扳手；类型：六角	个	个	来源单位一致		42号电动扳手套筒；电动扳手套筒		类型六角从描述推断	TOOL-000136	1		保留规格、适用工具和类型	工具量具/套筒/套筒
TOOL-000151	万向套筒	万向套筒 1寸	规格：1寸	个	个	来源单位一致		1寸万向转向套筒	结构：万向转向		TOOL-000151	1		规格字段保留，因1寸是核心采购规格；结构已在物料名称中体现，故删除	工具量具/套筒/万向套筒
TOOL-000114	美工刀片	美工刀片 18mm 10片/盒	规格/口径：18mm；每盒片数：10片	盒	盒	来源单位一致	得力	得力刀片；美工刀片	类型：刀片；类型：美工刀片	原始缺失规格，按常见采购口径生成18mm宽度和10片/盒	TOOL-000114；TOOL-000184；TOOL-000213	3	标准SKU名和最小关键规格一致，但品牌不同（得力 vs 无品牌），建议人工确认是否合并；标准SKU名和最小关键规格一致，但品牌不同（无品牌 vs 得力），建议人工确认是否合并	删除默认类型，保留品牌于brand字段，推断通用规格；删除默认类型，无品牌，推断通用规格；品牌保留于brand字段，推断通用规格	工具量具/刀具/刃具/美工刀片
TOOL-000346	两用扳手	两用扳手 13	规格/口径：13	把	把	来源单位一致		梅花开口扳手13；梅花开口两用扳手	类型：梅花开口两用		TOOL-000346	1		删除默认类型	工具量具/扳手/两用扳手
TOOL-000190	两用扳手	两用扳手 14	规格/口径：14	把	把	来源单位一致		14梅花双用扳手；梅花双用扳手；梅花开口扳手14；梅花开口两用扳手	类型：梅花开口两用		TOOL-000190；TOOL-000347	2	与TOOL-000347规格口径相同，单位不统一，建议合并；与TOOL-000190规格口径相同，单位不统一，建议合并	删除默认类型，统一单位为把，标记重复组	工具量具/扳手/两用扳手
TOOL-000242	两用扳手	两用扳手 16	规格/口径：16	把	把	来源单位一致	世达	世达M16梅花开口两用扳手；两用扳手	类型：梅花开口两用	原规格M16对应公称对边宽度16mm	TOOL-000242	1		保留品牌，规格标准化为16	工具量具/扳手/两用扳手
TOOL-000341	两用扳手	两用扳手 41	规格/口径：41	把	把	来源单位一致	世达	世达梅开两用扳手41#；梅花开口两用扳手	类型：梅花开口两用	原规格41#对应公制41mm	TOOL-000341	1		保留品牌，规格标准化为41	工具量具/扳手/两用扳手
TOOL-000131	内六角扳手套装	内六角扳手套装 1.5-10	规格范围：1.5-10	套	套	来源单位一致	世达	世达六角扳手；内六角扳手套装；1.5-10世达内六角扳手	类型：六角扳手套装	原始缺失规格范围，根据同品牌常见规格及参考TOOL-000187推断为1.5-10	TOOL-000131；TOOL-000187	2	品牌、规格范围、物料名称一致，疑似重复	推断规格范围，删除冗余类型字段；保留原有规格范围，品牌独立记录	工具量具/扳手/内六角扳手套装
TOOL-000028	内六角扳手	内六角扳手 19	规格：19	支	支	来源单位一致		19内六角扳手；内六角扳手			TOOL-000028	1		保留核心规格19，去除默认材质等细节，生成标准SKU名。	工具量具/扳手/内六角扳手
TOOL-000107	铁锹柄	铁锹柄 1.2米 木柄	材质：木柄；长度：1.2米	支	支	来源单位一致			适用：铁锹；部件：柄	常见铁锹柄为木柄，长度1.2米	TOOL-000107；TOOL-000173；TOOL-000196	3	相同的铁锹柄规格，单位统一为支	缺失规格，按常见木柄1.2米补齐；删除冗余字段	工具量具/工具附件（候选新增）/铁锹柄
TOOL-000141	固定扳手	固定扳手 24号	规格：24号	个	个	来源单位一致	世达	24世达固定扳手；固定扳手			TOOL-000141	1		原始规格缺失类型（开口/梅花），保留现有字段；品牌放入brand字段。	工具量具/扳手/固定扳手
TOOL-000312	三叉套筒扳手	三叉套筒扳手 10-12-14	规格/口径：10-12-14	把	把	来源单位一致		三叉套筒扳手10-12-14；三叉套筒扳手	类型：三叉套筒		TOOL-000312	1		规格为关键区分字段，保留；类型已体现在名称中，删除；材质未提供且为钢制默认，不影响采购。	工具量具/扳手/三叉套筒扳手
TOOL-000311	三叉套筒扳手	三叉套筒扳手 13-16-18	规格/口径：13-16-18	把	把	来源单位一致		三叉套筒扳手13-16-18；三叉套筒扳手	类型：三叉套筒		TOOL-000311	1		规格为关键区分字段，保留；类型已体现在名称中，删除；材质未提供且为钢制默认，不影响采购。	工具量具/扳手/三叉套筒扳手
TOOL-000310	三叉套筒扳手	三叉套筒扳手 14-17-19	规格/口径：14-17-19	把	把	来源单位一致		三叉套筒扳手14-17-19；三叉套筒扳手	类型：三叉套筒		TOOL-000310	1		规格为关键区分字段，保留；类型已体现在名称中，删除；材质未提供且为钢制默认，不影响采购。	工具量具/扳手/三叉套筒扳手
TOOL-000188	开口梅花扳手套装	开口梅花扳手套装 8-24	规格范围：8-24	套	套	来源单位一致	世达	8-24世达开口梅花扳手；开口梅花扳手套装			TOOL-000188	1		品牌放入brand，规格范围作为关键规格，无其他默认字段删除	工具量具/扳手/开口梅花扳手套装
TOOL-000313	T型套筒扳手套装	T型套筒扳手套装 8-19mm/6件	规格范围：8-19mm；件数：6件	套	套	来源单位一致		T型套筒扳手8-19/6件套装；T型套筒扳手套装	类型：T型套筒（已包含在名称中）		TOOL-000313	1		规格范围8-19mm、6件套、T型套筒，无品牌，按常见规格创建	工具量具/扳手/T型套筒扳手套装
TOOL-000160	万用表	万用表 UT39C	型号：UT39C	个	个	来源单位一致		UT39C万能表；万用表	required_specs中的‘无’		TOOL-000160	1		型号作为关键规格，其余默认字段删除；品牌未知不填入	工具量具/检测仪器（候选新增）/万用表
TOOL-000094	表笔	表笔 摇表用	适用设备：摇表	个	个	来源单位一致		摇表笔；摇表表笔	类型：表笔（物料名称已隐含）	根据适用设备推断为摇表专用表笔，未补充接口、耐压等规格，作为初始常用SKU	TOOL-000094	1		保留适用设备为关键规格，删除类型字段（冗余），品牌缺失留空，别名移入aliases。	工具量具/检测仪器配件（候选新增）/表笔
TOOL-000039	链条扳手	链条扳手 12英寸	规格：12英寸	个	个	来源单位一致		链条扳手	类型：链条扳手	原始规格缺失，按常见规格12英寸生成	TOOL-000039	1		原始规格缺失，按常用链条扳手规格12英寸生成；删除冗余类型字段，因已在名称中体现	工具量具/扳手/链条扳手
TOOL-000088	噪音计	噪音计 30-130dB	量程：30-130dB；精度：±1.5dB	台	台	来源单位一致		噪音仪；噪音计	用途：噪音检测	量程和精度缺失，按常见采购规格取量程30-130dB，精度±1.5dB	TOOL-000088	1		原始规格仅注明用途，缺少量程和精度，按常见规格补全；行业默认用途删除	工具量具/检测仪器（候选新增）/噪音计
TOOL-000297	活动扳手	活动扳手 10寸	规格：10寸	把	把	来源单位一致	世达	世达活动扳手10寸；活动扳手			TOOL-000297	1		品牌移入brand；规格保留	工具量具/扳手/活动扳手
TOOL-000296	活动扳手	活动扳手 12寸	规格：12寸	把	把	来源单位一致	世达	世达活动扳手12寸；活动扳手			TOOL-000296	1		品牌移入brand；规格保留	工具量具/扳手/活动扳手
TOOL-000137	活动扳手	活动扳手 18寸	规格：18寸	把	把	来源单位一致		450活动扳手；活动扳手		单位统一为把	TOOL-000137	1		原长度450mm转换为18寸；无品牌；单位由支改为把	工具量具/扳手/活动扳手
TOOL-000117	活动扳手	活动扳手 6寸	规格：6寸	把	把	来源单位一致	世达	世达活动扳手；活动扳手	类型：活动扳手	规格缺失，根据常见规格补充为6寸；单位统一为把	TOOL-000117	1		规格缺失，推断为6寸；品牌移入brand；类型删除；单位统一为把	工具量具/扳手/活动扳手
TOOL-000159	活动扳手	活动扳手 8寸 大开口	规格：8寸；特征：大开口	把	把	来源单位一致	世达	200世达大开口活动扳手；大开口活动扳手		单位统一为把	TOOL-000159	1		原长度200mm转换为8寸；保留特征大开口；品牌移入brand；单位由个改为把	工具量具/扳手/活动扳手
MAT-000141	压力表	压力表 60公斤	量程：60公斤	个	个	来源单位一致		60公斤压力表；压力表			MAT-000141	1		保留量程60公斤，缺失接口、精度等，未做推定补全。	工具量具/检测仪器（候选新增）/压力表
MAT-000242	压力表	压力表 抗振储气式	特性：抗振；结构：储气式	只	只	来源单位一致		抗振储气式压力表			MAT-000242	1		保留特性和结构，缺失量程、接口等，未做推定补全。	工具量具/检测仪器（候选新增）/压力表
MAT-000225	压力表	压力表 轴向	安装方向：轴向	只	只	来源单位一致		轴向压力表			MAT-000225	1		保留安装方向轴向，缺失量程、接口等，未做推定补全。	工具量具/检测仪器（候选新增）/压力表
MAT-000100	压力表	压力表 高压油	介质：油；压力特性：高压	个	个	来源单位一致		高压油表；高压油压表			MAT-000100	1		保留介质和压力特性，缺失量程、接口、精度，未做推定补全。	工具量具/检测仪器（候选新增）/压力表
TOOL-000133	扳手	扳手 12号	规格：12号	把	把	来源单位一致		12号扳手；开口/梅花扳手		原始单位为支，统一为把	TOOL-000133	1		仅保留规格号，单位统一为把，类型未明确不纳入规格	工具量具/扳手/扳手
TOOL-000146	扳手	扳手 13号	规格：13号	把	把	来源单位一致	世达	13号世达扳手；扳手		原始单位为个，统一为把	TOOL-000146	1		仅保留规格号，品牌存入brand，单位统一为把，类型未明确不纳入规格	工具量具/扳手/扳手
TOOL-000134	扳手	扳手 19号	规格：19号	把	把	来源单位一致		19号扳手；开口/梅花扳手		原始单位为支，统一为把	TOOL-000134	1		仅保留规格号，单位统一为把，类型未明确不纳入规格	工具量具/扳手/扳手
TOOL-000132	扳手	扳手 42号	规格：42号	把	把	来源单位一致		42号扳手；开口/梅花扳手		原始单位为支，统一为把	TOOL-000132	1		仅保留规格号，单位统一为把，类型未明确不纳入规格	工具量具/扳手/扳手
TOOL-000148	梅花敲击扳手	梅花敲击扳手 36	规格：36	支	支	来源单位一致		36重型梅花敲击扳手；重型梅花敲击扳手	类型：梅花敲击；特征：重型		TOOL-000148	1		规格口径是唯一关键差异，类型和特征为行业默认，材质和品牌缺失不影响采购判断。	工具量具/扳手/梅花敲击扳手
TOOL-000149	梅花敲击扳手	梅花敲击扳手 46	规格：46	支	支	来源单位一致		46重型梅花敲击扳手；重型梅花敲击扳手	类型：梅花敲击；特征：重型		TOOL-000149	1		规格口径是唯一关键差异，类型和特征为行业默认，材质和品牌缺失不影响采购判断。	工具量具/扳手/梅花敲击扳手
TOOL-000150	梅花敲击扳手	梅花敲击扳手 55	规格：55	支	支	来源单位一致		55重型梅花敲击扳手；重型梅花敲击扳手	类型：梅花敲击；特征：重型		TOOL-000150	1		规格口径是唯一关键差异，类型和特征为行业默认，材质和品牌缺失不影响采购判断。	工具量具/扳手/梅花敲击扳手
WELD-000061	气体检测表	气体检测表 氧气	检测介质：氧气	只	只	来源单位一致		氧气检测表	类型：检测表		WELD-000061	1		保留检测介质，删除冗余类型字段	工具量具/检测仪器（候选新增）/气体检测表
TOOL-000074	测厚仪	测厚仪（防火涂层）	用途：防火涂层检测；量程：0-2000μm（默认）；精度：±5%（默认）	台	台	来源单位一致		防火涂层测厚仪		量程和精度为防火涂层测厚仪常见默认值（0-2000μm，±5%），品牌/型号缺失，可后续补充	TOOL-000074	1		原始缺失量程/精度/品牌，根据用途推断默认规格，建议后续采购确认具体型号	工具量具/检测仪器（候选新增）/测厚仪
CHEM-000084	流量计	流量计 DN150 橡胶自动	公称直径：DN150；材质/衬里：橡胶；类型：自动	台	台	来源单位一致		DN150橡胶自动流量计；流量计			CHEM-000084	1		只保留原始提供的三个关键规格：口径、材质、类型，其余缺失字段未补齐，因为符合最小关键规格原则，不影响基础采购判断。	工具量具/检测仪器（候选新增）/流量计
TOOL-000104	玛氏漏斗粘度计	玛氏漏斗粘度计 不锈钢	材质：不锈钢	个	个	来源单位一致		不锈钢玛氏漏斗粘度计；玛氏漏斗粘度计	类型：玛氏漏斗粘度计		TOOL-000104	1		保留材质字段，删除重复的类型字段；无其他关键规格缺失。	工具量具/检测仪器（候选新增）/玛氏漏斗粘度计
ELEC-000152	电流表	电流表 600/5A	变比：600/5A	只	只	来源单位一致		电流表600/5A；电流表			ELEC-000152	1		仅保留变比；型号缺失，未补全；品牌无。	工具量具/检测仪器（候选新增）/电流表
ELEC-000210	电流表	电流表 6L2 600/5A	型号：6L2；变比：600/5A	只	只	来源单位一致	人民	人民电流表6L2-600/5A；电流表			ELEC-000210	1		保留型号和变比；品牌移入brand字段。	工具量具/检测仪器（候选新增）/电流表
TOOL-000093	绝缘电阻表	绝缘电阻表 2500V/2500MΩ	测试电压：2500V；量程：2500MΩ	台	台	来源单位一致		2500绝缘摇表；绝缘摇表		原始规格仅写2500，按常见型号推断为2500V/2500MΩ	TOOL-000093	1		依据常见配置推断电压和量程，无品牌，别名保留，单位统一为台	工具量具/检测仪器（候选新增）/绝缘电阻表
ELEC-000220	绝缘电阻表	绝缘电阻表 500V/500MΩ	测试电压：500V；量程：500MΩ	台	台	来源单位一致	人民	人民摇表500V-500兆欧；绝缘电阻表			ELEC-000220	1		保留测试电压和量程，品牌放入brand字段，单位统一为台，别名保留	工具量具/检测仪器（候选新增）/绝缘电阻表
ELEC-000227	钳形电流表	钳形电流表 1000A	量程：1000A；精度描述：高精度	个	个	来源单位一致		高精度钳流表1000A；钳形电流表			ELEC-000227	1		保留量程和精度描述，删除无用的字段；量程是核心采购参数，精度描述辅助区分	工具量具/检测仪器（候选新增）/钳形电流表
TOOL-000161	钳形电流表	钳形电流表 2000A	量程：2000A	个	个	来源单位一致		2000A钳形表；钳形表			TOOL-000161	1		只保留量程，其他缺失字段不补充，精度未提供则忽略	工具量具/检测仪器（候选新增）/钳形电流表
ELEC-000240	钳形万用表	钳形万用表 600A AC	量程：600A AC；精度：±2%	只	只	来源单位一致	世达	世达钳型万用表；钳形万用表		因原始信息缺失量程和精度，按行业最常见规格推断为600A AC，精度±2%	ELEC-000240	1		补充缺失量程和精度字段，生成合理初始SKU	工具量具/检测仪器（候选新增）/钳形万用表
TOOL-000158	刻度勺	刻度勺（容量待补）	容量范围：待补；材质：待补	个	个	来源单位一致					TOOL-000158	1		原始记录缺失容量和材质，暂列为待补字段，需采购前确认。	工具量具/测量工具/刻度勺
MAT-000174	耦合剂	耦合剂 100mL	容量：100mL	支	支	来源单位一致		耦合剂100mL；耦合剂			MAT-000174	1		容量为唯一关键规格，决定采购差异，保留为标准SKU名和最小必填规格。	工具量具/检测耗材/耦合剂
TOOL-000218	泥浆比重计	泥浆比重计 量程0.96-2.0g/cm³	量程：0.96-2.0g/cm³；精度：0.01	套	套	来源单位一致			用途：泥浆比重测量	量程和精度缺失，按常见采购规格默认补齐量程0.96-2.0g/cm³、精度0.01	TOOL-000218	1		删除泛化用途字段；补齐缺失的量程和精度作为最小关键规格，确保采购可区分	工具量具/测量工具/泥浆比重计
TOOL-000257	墨斗	墨斗 20m	线长：20m	个	个	来源单位一致		墨斗	类型：墨斗	原始缺失规格，按常见采购规格默认线长20m	TOOL-000257	1		删除默认类型字段，补全线长规格以区分不同SKU	工具量具/测量工具/墨斗
TOOL-000256	卷尺	卷尺 100m	长度：100m；材质：钢	把	把	来源单位一致	雄狮	雄狮钢卷尺100m；钢卷尺			TOOL-000256	1		长度和材质为关键规格，品牌不纳入必填，单位统一为把	工具量具/测量工具/卷尺
TOOL-000022	卷尺	卷尺 10m	长度：10m；材质：钢	把	把	来源单位一致	得力	得力10米卷尺；卷尺；10米得力卷尺；得力卷尺10m；得力钢卷尺10m；钢卷尺		材质推断为钢	TOOL-000022；TOOL-000143；TOOL-000259；TOOL-000301	4	相同品牌、长度及材质	长度和材质为关键规格，品牌不纳入必填，单位统一为把，材质推断为钢；长度和材质为关键规格，品牌不纳入必填，单位统一为把	工具量具/测量工具/卷尺
TOOL-000020	卷尺	卷尺 3m	长度：3m；材质：钢	把	把	来源单位一致	得力	得力3米卷尺；卷尺；得力钢卷尺3m；钢卷尺；卷尺3m		材质推断为钢；无品牌，材质推断为钢	TOOL-000020；TOOL-000298；TOOL-000349	3	相同品牌、长度及材质	长度和材质为关键规格，品牌不纳入必填，单位统一为把，材质推断为钢；长度和材质为关键规格，品牌不纳入必填，单位统一为把；长度和材质为关键规格，品牌缺失，单位统一为把，材质推断为钢	工具量具/测量工具/卷尺
TOOL-000021	卷尺	卷尺 5m	长度：5m；材质：钢	把	把	来源单位一致	得力	得力5米卷尺；卷尺；5米得力卷尺；得力卷尺5m；得力钢卷尺5m；钢卷尺；卷尺5m		材质推断为钢；无品牌，材质推断为钢	TOOL-000021；TOOL-000142；TOOL-000260；TOOL-000299；TOOL-000350	5	相同品牌、长度及材质	长度和材质为关键规格，品牌不纳入必填，单位统一为把，材质推断为钢；长度和材质为关键规格，品牌不纳入必填，单位统一为把；长度和材质为关键规格，品牌缺失，单位统一为把，材质推断为钢	工具量具/测量工具/卷尺
TOOL-000300	卷尺	卷尺 7.5m	长度：7.5m；材质：钢	把	把	来源单位一致	得力	得力钢卷尺7.5m；钢卷尺			TOOL-000300	1		长度和材质为关键规格，品牌不纳入必填，单位统一为把	工具量具/测量工具/卷尺
MAT-000054	沉降观测钉	沉降观测钉 常规	规格：常规	套	套	来源单位一致		沉降观测钉带牌	类型：观测钉；包含：标识牌	规格缺失，按通用规格生成	MAT-000054	1		类型和包含项非必需规格已删除，规格缺失补齐为常规规格。	工具量具/测量工具/沉降观测钉
TOOL-000084	塞尺	塞尺 0.02-1.00mm	材质：铜；规格：0.02-1.00mm	个	个	来源单位一致		铜塞尺		原始规格缺失，按常见采购口径生成公制塞尺常用规格0.02-1.00mm	TOOL-000084	1		材质保留铜，规格缺失按常见规格填充，确保采购员能识别基本尺寸范围	工具量具/测量工具/塞尺
TOOL-000120	水平尺	水平尺 100cm	长度：100cm；材质：铝合金	把	把	来源单位一致		100cm水平尺；水平尺；水平尺1m		材质按常见铝合金填充；精度按行业惯例省略；长度从1m换算为100cm	TOOL-000120；TOOL-000331	2	与TOOL-000331长度相同（100cm），单位不同（把 vs 根）；与TOOL-000120长度相同（100cm），单位不同（根 vs 把）	长度明确，补充材质为铝合金，与其他100cm水平尺合并；长度换算为cm，补充材质，与其他100cm水平尺合并	工具量具/测量工具/水平尺
TOOL-000119	水平尺	水平尺 60cm	长度：60cm；材质：铝合金	把	把	来源单位一致		60cm水平尺；水平尺；水平尺0.6m		材质按常见铝合金填充；精度按行业惯例省略；长度从0.6m换算为60cm	TOOL-000119；TOOL-000332	2	与TOOL-000332长度相同（60cm），单位不同（把 vs 根）；与TOOL-000119长度相同（60cm），单位不同（根 vs 把）	长度明确，补充材质为铝合金，与其他60cm水平尺合并；长度换算为cm，补充材质，与其他60cm水平尺合并	工具量具/测量工具/水平尺
TOOL-000270	激光水平仪	激光水平仪 2线	线数：2线；精度：±1mm/5m	套	套	来源单位一致	莱赛	莱赛激光红外水平仪；激光水平仪	类型：激光红外水平仪	原始缺失线数和精度，按常见2线激光水平仪补齐线数为2线，精度为±1mm/5m	TOOL-000270	1		缺失型号和精度，默认推断常用2线规格；品牌单独放入brand字段，类型为默认描述删除	工具量具/测量工具/激光水平仪
MAT-000055	测钉	测钉 十字	形态：十字；表面：镀锌	个	个	来源单位一致		镀锌十字测钉；十字测钉	类型：十字测钉（信息已由形态和物料名称覆盖）		MAT-000055	1		删除冗余类型字段，保留形态和表面；规格缺失未补全。	工具量具/测量工具/测钉
TOOL-000065	测绳	测绳 50m	材质：金属；量程：50m	米	米	来源单位一致		金属测绳	类型：测绳	原始缺失量程，按常见采购口径推断为50m	TOOL-000065；TOOL-000219	2	关键规格一致，疑似重复	保留材质和量程作为关键规格，删除冗余类型字段	工具量具/测量工具/测绳
TOOL-000089	测电笔	测电笔 多功能	类型：多功能	支	支	来源单位一致		多功能电笔；测电笔		原始缺失电压，根据类型推断为多功能电笔	TOOL-000089	1		多功能电笔，保留类型为关键规格	工具量具/测量工具/测电笔
TOOL-000308	测电笔	测电笔 感应式	检测方式：感应	支	支	来源单位一致		感应电笔		原始缺失品牌，检测方式由规格明确	TOOL-000308	1		感应电笔，检测方式为关键规格	工具量具/测量工具/测电笔
TOOL-000091	测电笔	测电笔 接触式	检测方式：接触；显示方式：氖泡	个	个	来源单位一致		测电笔；透明电笔		原始缺失电压，推断为普通接触式氖泡测电笔；原始缺失电压，推断为普通接触式氖泡测电笔，外观透明不作为关键规格	TOOL-000091；TOOL-000112	2	standard_sku_name和minimal_required_specs相同，单位一致，疑似重复	普通接触式测电笔，推断检测方式和显示方式；与TOOL-000091合并，外观透明不作为关键规格	工具量具/测量工具/测电笔
TOOL-000261	测电笔	测电笔 数显式	显示方式：数显	支	支	来源单位一致	世达	世达数显电笔；数显电笔		原始缺失型号，根据类型和显示方式推断为数显电笔	TOOL-000261	1		数显电笔，显示方式为关键规格，品牌放入brand	工具量具/测量工具/测电笔
TOOL-000003	测电笔	测电笔 断点检测	检测方式：感应；功能：断点检测	只	只	来源单位一致		找断点电笔；断点检测电笔		原始缺失型号和电压，根据功能描述推断检测方式为感应，并保留功能断点检测	TOOL-000003	1		根据功能推断关键规格，保留检测方式和功能以区分感应式断点检测电笔	工具量具/测量工具/测电笔
TOOL-000157	电子秤	电子秤 高精度	精度：高精度	台	台	来源单位一致		高精度电子称			TOOL-000157	1		原始规格仅提供精度为高精度，量程和品牌缺失；保留精度字段，量程未补充，品牌留空。	工具量具/测量工具/电子秤
TOOL-000079	电源极性检测器	电源极性检测器	电压：220V	台	台	来源单位一致			用途：电源极性检测	电压220V为家用市电常见规格，通用性强	TOOL-000079	1		冗余用途字段已删除；电压按默认常见规格补齐，品牌缺失留空	工具量具/测量工具/电源极性检测器
TOOL-000262	直尺	直尺 200mm 钢	长度：200mm；材质：钢	把	把	来源单位一致		200mm钢直尺；钢直尺		宽度和精度缺失，未作默认补齐	TOOL-000262	1		保留长度和材质作为关键规格，缺失的宽度和精度未补充	工具量具/测量工具/直尺
TOOL-000171	游标卡尺	游标卡尺 300mm	量程：300mm；精度等级：高精度	把	把	来源单位一致	得力	300mm得力高精度卡尺；游标卡尺			TOOL-000171；TOOL-000220	2	标准SKU名和最小关键规格一致，单位冲突，建议统一为'把'。	保留量程和精度等级，品牌移入brand字段。	工具量具/测量工具/游标卡尺
TOOL-000217	量杯	量杯 2000ml	容量：2000ml；材质：塑料	个	个	来源单位一致		2000毫升量杯；量杯		材质根据常见量杯推断为塑料；精度默认有刻度	TOOL-000217	1		原始缺失材质和精度，按常见塑料材质补齐；容量是关键规格，保留	工具量具/测量工具/量杯
TOOL-000211	量杯	量杯 5L	容量：5L；材质：塑料	个	个	来源单位一致		5L量杯；量杯		材质根据常见量杯推断为塑料；精度默认有刻度	TOOL-000211	1		原始缺失材质和精度，按常见塑料材质补齐；容量是关键规格，保留	工具量具/测量工具/量杯
TOOL-000124	伸缩梯	伸缩梯 12米 铝合金	长度：12米；材质：铝合金；特征：加厚	台	台	来源单位一致		12米加厚伸缩铝梯；伸缩铝梯			TOOL-000124	1		长度、材质、加厚特征为关键规格，承重等级缺失但未补全，保持最小规格。	工具量具/登高工具（候选新增）/伸缩梯
TOOL-000127	伸缩梯	伸缩梯 8米 铝合金	长度：8米；材质：铝合金；厚度：5.2mm	台	台	来源单位一致		定做8米*5.2mm厚伸缩梯；伸缩梯		根据常见伸缩梯材质推断为铝合金	TOOL-000127	1		长度、厚度为关键规格，材质缺失按常见推断补齐。	工具量具/登高工具（候选新增）/伸缩梯
TOOL-000323	竹梯	竹梯 6米	材质：竹；长度：6米	部	部	来源单位一致		6米竹梯；竹梯			TOOL-000323	1		保留材质和长度作为最小关键规格，其他字段未提供	工具量具/登高工具（候选新增）/竹梯
TOOL-000191	铝合金梯	铝合金梯 2.5m	长度：2.5m；特征：加厚	个	个	来源单位一致		加厚2.5米铝合金梯子；铝合金梯子	材质：铝合金	单位统一为个（原为台）	TOOL-000191	1		保留长度和加厚，删除材质，统一单位	工具量具/登高工具（候选新增）/铝合金梯
SAFE-000132	铝合金梯	铝合金梯 4m	长度：4m；特征：加厚	个	个	来源单位一致		加厚铝合金梯子4m；铝合金梯；定做4米加厚铝合金梯子；铝合金梯子	材质：铝合金；定制：是	单位统一为个（原为部）	SAFE-000132；TOOL-000194	2	与TOOL-000194长度、特征一致，标准SKU名相同；与SAFE-000132长度、特征一致，标准SKU名相同	保留长度和加厚，删除材质（物料名已含）和定制属性，统一单位；保留长度和加厚，删除材质和定制	工具量具/登高工具（候选新增）/铝合金梯
TOOL-000153	铝合金梯	铝合金梯 4m B型	长度：4m；型式：B型	个	个	来源单位一致		4米B型铝合金梯子；铝合金梯子	材质：铝合金		TOOL-000153	1		保留长度和型式，删除材质	工具量具/登高工具（候选新增）/铝合金梯
TOOL-000156	铝合金梯	铝合金梯 4m 规格3.5	长度：4m；规格：3.5；特征：加厚	个	个	来源单位一致		定做4米*3.5加厚铝合金梯子；定制铝合金梯子	材质：铝合金；定制：是		TOOL-000156	1		保留长度、规格、加厚，删除材质和定制	工具量具/登高工具（候选新增）/铝合金梯
TOOL-000172	铝合金梯	铝合金梯 4m 规格5.2	长度：4m；规格：5.2；特征：加厚	个	个	来源单位一致		定做4米*5.2加厚铝合金梯子；铝合金梯子	材质：铝合金；定制：是		TOOL-000172	1		保留长度、规格、加厚，删除材质和定制	工具量具/登高工具（候选新增）/铝合金梯
TOOL-000248	螺纹规	螺纹规 公制60度	制式：公制；牙型角：60度	套	套	来源单位一致		牙规；螺纹规	类型：牙规/螺纹规	缺失规格：制式，按常见通用螺纹规推断为公制牙型角60度	TOOL-000248	1		原始规格缺失制式和牙型角，按常见初始库推断为公制60度螺纹规；删除冗余类型字段	工具量具/测量工具/螺纹规
TOOL-000215	梯凳	梯凳 600kg 一体	承重：600kg；结构：一体；材质：钢	个	个	来源单位一致		600KG一体梯凳；一体梯凳		材质按常见高承重一体梯凳推断为钢	TOOL-000215	1		保留承重和结构，材质按常见推断补齐，标准SKU名体现关键规格	工具量具/登高工具（候选新增）/梯凳
TOOL-000155	液压扳手套装	液压扳手套装 恩耐克	品牌：恩耐克	套	套	来源单位一致	恩耐克	恩耐克液压扳手套装；液压扳手套装		型号/扭矩范围缺失，以品牌作为唯一可识别规格生成初始SKU	TOOL-000155	1		品牌恩耐克作为关键规格保留，因型号缺失无法补齐，以品牌区分物料	工具量具/液压工具/液压扳手套装
TOOL-000214	发泡剂枪	发泡剂枪 塑料	材质：塑料	个	个	来源单位一致		发泡剂枪	适用材料：发泡剂	材质推断为常见塑料材质，因原始规格缺失	TOOL-000214	1		原始仅含适用材料，已删除行业默认字段，补齐材质作为最小关键规格	工具量具/胶枪/施胶工具（候选新增）/发泡剂枪
TOOL-000228	胶枪	胶枪	规格：通用	把	把	来源单位一致	世达	世达胶枪；胶枪		后处理补齐：原输出最小规格为空，按初始物料清单口径设为规格：通用	TOOL-000228	1		缺失型号和容量，品牌未纳入规格；单位保持原样；后处理补齐：原输出最小规格为空，按初始物料清单口径设为规格：通用	工具量具/胶枪/施胶工具（候选新增）/胶枪
TOOL-000016	胶枪	胶枪 玻璃胶	适用材料：玻璃胶	把	把	来源单位一致		玻璃胶枪		根据用途打玻璃胶推断适用材料为玻璃胶	TOOL-000016	1		由用途推断适用材料；原单位个，统一为把	工具量具/胶枪/施胶工具（候选新增）/胶枪
CHEM-000080	胶枪	胶枪 玻璃胶/硅胶	适用材料：玻璃胶/硅胶	把	把	来源单位一致		玻璃硅胶枪；硅胶枪			CHEM-000080	1		适用材料保留；容量缺失未补；原单位个，统一为把	工具量具/胶枪/施胶工具（候选新增）/胶枪
CHEM-000055	胶枪	胶枪 聚氨酯	适用材料：聚氨酯胶	把	把	来源单位一致		聚氨酯胶枪；胶枪			CHEM-000055	1		适用材料保留；容量缺失未补；原单位个，统一为把	工具量具/胶枪/施胶工具（候选新增）/胶枪
TOOL-000295	胶枪	胶枪 软胶	类型：软胶枪	把	把	来源单位一致	世达	世达软胶枪；软胶枪			TOOL-000295	1		类型保留；缺失型号和容量未补；单位保持原样	工具量具/胶枪/施胶工具（候选新增）/胶枪
TOOL-000002	剥线钳	剥线钳 多功能	功能：多功能	把	把	来源单位一致	世达	世达多功能剥线钳；多功能剥线钳；剥线钳	类型：多功能剥线钳	原始缺失型号，根据常见功能描述补全；原始缺失型号和品牌，根据常见功能描述补全	TOOL-000002；TOOL-000009；TOOL-000307	3	品牌、规格一致，单位差异已统一为把	品牌世达保留在brand字段，功能作为关键规格，删除冗余类型，单位统一为把；与TOOL-000002重复，单位从个统一为把；品牌缺失，无品牌信息，其余规格与带品牌SKU相同但品牌不同，不合并	工具量具/钳类/剥线钳
TOOL-000103	压线钳	压线钳 接线端子	适用：接线端子	个	个	来源单位一致		接线端子压钳；端子压线钳	类型：压钳	原始规格缺失压接范围，按常见通用型端子压线钳处理	TOOL-000103	1		保留适用对象“接线端子”作为关键规格，删除冗余的类型字段	工具量具/钳类/压线钳
TOOL-000337	电动螺丝刀	电动螺丝刀 锂电带套装	供电：锂电；配置：带套装；电压：未指定	台	台	来源单位一致	东成	东成锂电电钻带螺丝刀套装；锂电电钻套装；螺丝刀		电压未在原始规格中提供，作为关键规格保留，采购需确认具体电压值	TOOL-000337	1		保留供电、配置、电压作为关键差异规格；品牌存入brand；别名保留；电压缺失需采购确认	工具量具/螺丝刀/批类/电动螺丝刀
TOOL-000138	螺丝取出器	螺丝取出器 通用套装	件数：5件；尺寸范围：M3-M12	套	套	来源单位一致		螺丝取出器；断丝取出器		原始规格缺失，根据常见螺丝取出器套装（5件套，M3-M12）推断	TOOL-000138；TOOL-000154	2	标准SKU名称和最小关键规格相同，单位不同可统一为套	规格缺失，按常见套装补全；单位保留套；aliases保留原值；原单位盒统一为套；aliases包含断丝取出器	工具量具/螺丝刀/批类/螺丝取出器
TOOL-000279	螺丝刀	一字螺丝刀 6*100	头型：一字；规格：6*100	把	把	来源单位一致	得力	一字螺丝刀；螺丝刀；得力一字螺丝刀		规格缺失，按常见采购口径补为6*100；单位从把统一（已为把）	TOOL-000279；TOOL-000290	2	标准SKU名称和最小规格与TOOL-000290一致，品牌不同，可合并为通用SKU；标准SKU名称和最小规格与TOOL-000279一致，品牌不同，可合并为通用SKU	补全常用规格，品牌不参与最小规格	工具量具/螺丝刀/批类/螺丝刀
TOOL-000170	螺丝刀	一字螺丝刀 6*250	头型：一字；规格：6*250	把	把	来源单位一致		6*250一字螺丝刀；一字螺丝刀；螺丝刀		单位从个统一为把	TOOL-000170	1		规格和头型明确，保留为最小规格	工具量具/螺丝刀/批类/螺丝刀
TOOL-000239	螺丝刀	十字螺丝刀 6*100	头型：十字；规格：6*100	把	把	来源单位一致	世达	世达螺丝刀十字；十字螺丝刀；螺丝刀		规格缺失，按常见采购口径补为6*100；单位从把统一（已为把）	TOOL-000239；TOOL-000280	2	标准SKU名称和最小规格与TOOL-000280一致，品牌不同，可合并为通用SKU；标准SKU名称和最小规格与TOOL-000239一致，品牌不同，可合并为通用SKU	品牌不参与最小规格，补全常用规格；补全常用规格，品牌不参与最小规格	工具量具/螺丝刀/批类/螺丝刀
TOOL-000169	螺丝刀	十字螺丝刀 6*250	头型：十字；规格：6*250	把	把	来源单位一致		6*250十字螺丝刀；十字螺丝刀；螺丝刀		单位从个统一为把	TOOL-000169	1		规格和头型明确，保留为最小规格	工具量具/螺丝刀/批类/螺丝刀
TOOL-000125	螺丝刀	敲击螺丝刀 400mm	头型：一字；长度：400mm；类型：敲击	把	把	来源单位一致		400敲击螺丝刀；敲击螺丝刀；螺丝刀		头型缺失，敲击螺丝刀多为一字，按常见补为一字；长度已明确；单位从个统一为把	TOOL-000125	1		产品为敲击螺丝刀，保留长度和类型，推断头型	工具量具/螺丝刀/批类/螺丝刀
TOOL-000316	螺丝刀	绝缘一字螺丝刀 3*75	头型：一字；规格：3*75；特性：绝缘	把	把	来源单位一致		绝缘一字螺丝刀3*75；绝缘一字螺丝刀；螺丝刀		单位从把统一（已为把）	TOOL-000316	1		绝缘特性是关键规格，保留	工具量具/螺丝刀/批类/螺丝刀
TOOL-000314	螺丝刀	绝缘十字螺丝刀 4*100	头型：十字；规格：4*100；特性：绝缘	把	把	来源单位一致		绝缘十字螺丝刀4*100；绝缘十字螺丝刀；螺丝刀		单位从把统一（已为把）	TOOL-000314	1		绝缘特性是关键规格，保留	工具量具/螺丝刀/批类/螺丝刀
TOOL-000315	螺丝刀	绝缘十字螺丝刀 5*125	头型：十字；规格：5*125；特性：绝缘	把	把	来源单位一致		绝缘十字螺丝刀5*125；绝缘十字螺丝刀；螺丝刀		单位从把统一（已为把）	TOOL-000315	1		绝缘特性是关键规格，保留	工具量具/螺丝刀/批类/螺丝刀
TOOL-000181	混凝土试模	混凝土试模 150*150*150	尺寸：150*150*150	个	个	来源单位一致		150*150*150混凝土模具；混凝土试模		材质未指定，常用铸铁；尺寸依据常见规格取150*150*150	TOOL-000181；TOOL-000192	2	尺寸一致，推测为同一物料	尺寸明确，补齐默认材质推断；尺寸缺失，按常见规格补齐	工具量具/试验器具（候选新增）/混凝土试模
TOOL-000186	台钳	台钳 16寸	开口：400mm；特征：加重	台	台	来源单位一致		加重400开口16寸台钳；台钳			TOOL-000186	1		保留开口和特征为最小关键规格，16寸与400mm同义，在别名中体现	工具量具/钳类/台钳
TOOL-000128	管钳	管钳 300mm	长度：300mm	把	把	来源单位一致		300管钳；管钳		标准单位由个统一为把	TOOL-000128	1		长度唯一，无品牌，单位统一	工具量具/钳类/管钳
TOOL-000129	管钳	管钳 350mm	长度：350mm	把	把	来源单位一致	世达	350管钳；管钳；世达管钳14寸		标准单位由个统一为把；14寸转换为350mm（1寸=25.4mm取整）；单位统一为把	TOOL-000129；TOOL-000275	2	关键规格（长度350mm）一致，品牌差异未纳入关键规格，建议根据品牌决定是否合并	长度350mm，无品牌，单位统一；品牌世达，原14寸转换为mm，单位统一	工具量具/钳类/管钳
TOOL-000130	管钳	管钳 400mm	长度：400mm	把	把	来源单位一致		400管钳；管钳		标准单位由个统一为把	TOOL-000130	1		长度唯一，无品牌，单位统一	工具量具/钳类/管钳
TOOL-000202	管钳	管钳 450mm	长度：450mm	把	把	来源单位一致		18寸管钳；管钳		18寸转换为450mm（1寸=25.4mm取整）；标准单位由支统一为把	TOOL-000202	1		原18寸，转换为mm，无品牌，单位统一	工具量具/钳类/管钳
TOOL-000203	管钳	管钳 600mm	长度：600mm	把	把	来源单位一致		24寸管钳；管钳		24寸转换为600mm（1寸=25.4mm取整）；标准单位由支统一为把	TOOL-000203	1		原24寸，转换为mm，无品牌，单位统一	工具量具/钳类/管钳
TOOL-000199	管钳	管钳 600mm 防锈型	长度：600mm；特征：防锈型	把	把	来源单位一致		防锈型管钳600；管钳		标准单位由支统一为把	TOOL-000199	1		长度600mm，防锈型特征保留，单位统一	工具量具/钳类/管钳
TOOL-000116	尖嘴钳	尖嘴钳 6寸	规格：6寸;	把	把	来源单位一致	世达；得力	世达尖嘴钳；尖嘴钳；得力尖嘴钳；世达尖嘴钳6寸	类型：尖嘴钳	规格缺失，根据常见尖嘴钳规格推断为6寸；规格缺失，按常见规格6寸补齐；单位由个改为把；规格缺失，按常见尖嘴钳规格推断为6寸	TOOL-000116；TOOL-000226；TOOL-000278；TOOL-000320	4	品牌与规格相同，单位冲突，建议统一为把；品牌与规格相同，单位原本为个，已统一为把；品牌与规格与TOOL-000116、TOOL-000226相同，可合并	原始规格缺失，按常见规格6寸补齐；删除类型字段；单位原始为把，保持不变；规格缺失，推断为6寸；单位从个修正为把；品牌得力，不与世达合并；原始规格6寸，保留；品牌世达	工具量具/钳类/尖嘴钳
TOOL-000306	火钳	火钳 500mm	材质：铁；长度：500mm	把	把	来源单位一致		火钳		长度和材质缺失，按常见规格补充为500mm和铁	TOOL-000306	1		原始缺失长度和材质，补充常见规格以形成可用SKU	工具量具/钳类/火钳
TOOL-000205	水泵钳	水泵钳 10寸	规格：10寸	支	支	来源单位一致		10寸水泵钳；水泵钳	材质		TOOL-000205	1		规格10寸是水泵钳的关键尺寸，用于区分不同规格；品牌和材质行业默认，删除。	工具量具/钳类/水泵钳
TOOL-000204	水泵钳	水泵钳 8寸	规格：8寸	支	支	来源单位一致		8寸水泵钳；水泵钳	材质		TOOL-000204	1		规格8寸是水泵钳的关键尺寸，用于区分不同规格；品牌和材质行业默认，删除。	工具量具/钳类/水泵钳
TOOL-000111	网线钳	网线钳 RJ45	适配水晶头类型：RJ45	把	把	来源单位一致		网线钳	用途：网线压接	原始缺失适配水晶头规格，按常见采购习惯补全为8P(RJ45)	TOOL-000111	1		原始仅有用途描述，缺失核心规格；按常用规格补全适配水晶头类型，其余默认字段删除。	工具量具/钳类/网线钳
TOOL-000115	钢丝钳	钢丝钳 200mm	规格：200mm	把	把	来源单位一致	世达；得力	世达老虎钳；老虎钳；胶钳；200世达胶钳；得力老虎钳	类型：老虎钳；类型：胶钳	按常见规格200mm补齐；原单位个，统一为把	TOOL-000115；TOOL-000168；TOOL-000225；TOOL-000241；TOOL-000277	5	标准SKU名称和规格相同	删除类型字段，归入别名；缺失规格，补齐200mm作为初始SKU；删除类型字段；补齐规格；统一单位为把；规格已存在；单位统一为把	工具量具/钳类/钢丝钳
TOOL-000348	钢丝钳	钢丝钳 7寸	规格：7寸	把	把	来源单位一致		老虎钳；老虎钳7寸			TOOL-000348	1		规格明确，保留；无品牌；别名归入aliases	工具量具/钳类/钢丝钳
TOOL-000265	斜口钳	斜口钳 6英寸	长度：6英寸	把	把	来源单位一致	世达	世达斜口钳；斜口钳	类型：斜口钳	常见斜口钳采购规格为6英寸，故补充此规格	TOOL-000265	1		原始规格缺失，按常见采购规格补充长度6英寸；类型字段冗余删除；品牌保留至brand字段	工具量具/钳类/斜口钳
TOOL-000198	平口钳	平口钳 5寸 重型	规格/口径：5寸；特征：重型	把	把	来源单位一致		5寸重型平口钳；重型平口钳		原始单位“台”改为常用单位“把”	TOOL-000198	1		保留规格5寸和重型特征，单位标准化为把	工具量具/钳类/平口钳
TOOL-000318	冲凿套装	冲凿套装 12件	件数：12件	套	套	来源单位一致	上匠	上匠冲凿12件套；冲凿套装		原始缺失具体规格，仅根据品牌和件数生成常用SKU	TOOL-000318	1		保留件数作为最小必填规格，因为件数不同会导致采购错误；品牌单独放入brand字段，不参与SKU名称和规格，因为非指定品牌件；aliases保留原始别名。	工具量具/锤铲撬工具/冲凿套装
TOOL-000162	手锤	手锤 6磅	重量：6磅	把	把	来源单位一致		6磅手锤；手锤		材质未提供，默认钢制锤头	TOOL-000162	1		重量为关键规格，材质默认；单位统一为把	工具量具/锤铲撬工具/手锤
TOOL-000163	手锤	手锤 8磅	重量：8磅	把	把	来源单位一致		8磅手锤；手锤		材质未提供，默认钢制锤头	TOOL-000163	1		重量为关键规格，材质默认；单位统一为把	工具量具/锤铲撬工具/手锤
TOOL-000152	手锤	手锤 大号	材质：铁；规格：大号	把	把	来源单位一致		大铁锤；铁锤		原规格'大号'不够精确，保留作为临时标识	TOOL-000152	1		保留材质和规格，单位统一为把；大号作为临时规格，后续建议补充重量	工具量具/锤铲撬工具/手锤
TOOL-000110	撬棍	撬棍 120cm-20mm	长度：120cm；直径：20mm；材质：碳钢	根	根	来源单位一致		120撬杠；撬杠		原规格仅有'规格：120'，推断为长度120cm；直径按常见120cm撬棍直径20mm补齐；材质默认碳钢	TOOL-000110	1		保留长度和推断直径、材质；无多余字段删除	工具量具/锤铲撬工具/撬棍
TOOL-000165	撬棍	撬棍 130cm-30mm	长度：130cm；直径：30mm；材质：碳钢	根	根	来源单位一致		1.3m-30撬棍；撬棍		原规格有长度1.3m和规格30，规格30推断为直径30mm；材质默认碳钢	TOOL-000165	1		保留长度和推断直径、材质；无多余字段删除	工具量具/锤铲撬工具/撬棍
TOOL-000109	撬棍	撬棍 60cm-16mm	长度：60cm；直径：16mm；材质：碳钢	根	根	来源单位一致		60撬杠；撬杠；60cm撬棍；撬棍		原规格仅有'规格：60'，推断为长度60cm；直径按常见60cm撬棍直径16mm补齐；材质默认碳钢；原规格仅长度60cm，直径按常见60cm撬棍直径16mm补齐	TOOL-000109；TOOL-000166	2	与TOOL-000166长度和推断直径一致；与TOOL-000109长度和推断直径一致	保留长度和推断直径、材质；无多余字段删除	工具量具/锤铲撬工具/撬棍
TOOL-000030	灰刀	灰刀 3英寸	刀口宽度：3英寸；材质：碳钢	个	个	来源单位一致			用途：抹灰	刀口宽度使用常见中间规格3英寸，材质选用最常见的碳钢	TOOL-000030	1		灰刀用途为抹灰是行业默认，删除；补充刀口宽度和材质以确保采购准确性	工具量具/锤铲撬工具/灰刀
TOOL-000263	抹子	抹子 250mm	材质：不锈钢；规格：250mm	把	把	来源单位一致			类型：抹子	原始缺失尺寸和材质，按常见采购规格补全为不锈钢抹子，宽度250mm	TOOL-000263	1		抹子缺少关键规格，添加材质和尺寸以区分不同SKU；类型字段删除，因物料名称已表达	工具量具/锤铲撬工具/抹子
TOOL-000164	钉锤	钉锤 20oz	重量：20oz；柄材质：木柄	把	把	来源单位一致		大钉锤；钉锤	规格：大号	原始规格仅提供'大号'，按常见大号钉锤规格默认取20oz和木柄	TOOL-000164	1		将模糊的'大号'规范化为具体重量20oz，并补充行业默认柄材质木柄，确保采购员可区分	工具量具/锤铲撬工具/钉锤
METAL-000084	抹刀	不锈钢抹刀 6寸	材质：不锈钢；尺寸：6寸	个	个	来源单位一致		不锈钢抹刀	类型：抹刀	原始规格缺失尺寸，按常见抹刀规格（6寸）补齐	METAL-000084	1		保留材质和尺寸，删除冗余的类型字段（抹刀已隐含），尺寸按常见规格补齐	工具量具/锤铲撬工具/抹刀
TOOL-000182	橡胶锤	橡胶锤 1kg	材质：橡胶；重量：1kg	个	个	来源单位一致		橡皮锤	柄材质：默认木质/塑料	原始缺失重量规格，取常见中号1kg作为初始SKU	TOOL-000182	1		缺失重量和柄材质，补充重量1kg；柄材质为默认字段删除；别名纠正为橡皮锤	工具量具/锤铲撬工具/橡胶锤
MAT-000159	井盖	污水井盖 580	用途：污水；规格：580	个	个	来源单位一致		污水井盖580；井盖		原始缺失材质和承载等级，基于常见污水井盖推断为铸铁材质和C250承载等级	MAT-000159	1		原始仅提供用途和规格，保留最小必填字段；材质和承载等级作为默认推断记录	建筑材料/井盖/道路附属件/井盖
TOOL-000197	铁锹	铁锹 方头中号	头型：方头；规格：中号	把	把	来源单位一致		铁锹		原始规格缺失，按常见方头中号补齐	TOOL-000197	1		补齐头型和规格，统一单位为把	工具量具/锤铲撬工具/铁锹
TOOL-000105	铁锹	铁锹 方头大号	头型：方头；规格：大号	把	把	来源单位一致		大方铁锹；方头铁锹			TOOL-000105	1		保留头型和尺寸，统一单位为把	工具量具/锤铲撬工具/铁锹
TOOL-000106	铁锹	铁锹 方头小号	头型：方头；规格：小号	把	把	来源单位一致		小方铁锹；方头铁锹			TOOL-000106	1		保留头型和尺寸，统一单位为把	工具量具/锤铲撬工具/铁锹
MAT-CEM-000007	快硬水泥	快硬水泥 42.5 50kg	强度等级：42.5；包装重量：50kg	袋	袋	来源单位一致		快速水泥	类型：快速/快硬	原始缺失强度等级和包装重量，按常见快硬水泥42.5级、50kg袋装补齐	MAT-CEM-000007	1		原始规格仅含类型，缺失强度等级和包装重量，按常见规格补齐；删除冗余类型字段	建筑材料/水泥砂石/快硬水泥
MAT-CEM-000006	双快水泥	双快水泥 32.5 50kg	强度等级：32.5；包装：50kg/包	包	包	来源单位一致			类型：双快	缺失强度等级和包装重量，按常见双快水泥规格推断为32.5级、50kg/包	MAT-CEM-000006；MAT-CEM-000010；MAT-CEM-000012	3	standard_sku_name和minimal_required_specs相同	缺失规格，按常用值补齐，与同组重复	建筑材料/水泥砂石/双快水泥
MAT-000112	雨棚	雨棚 3*4.5米	尺寸：3*4.5米；材质：PC	套	套	来源单位一致		3*4.5m大雨棚；雨棚	规格：大	材质未提供，按常见雨棚材质推断为PC（聚碳酸酯）	MAT-000112	1		保留尺寸，删除主观规格'大'，材质由常见推断补齐，单位统一为套	建筑材料/建筑附属件（候选新增）/雨棚
MAT-000068	雨棚	雨棚 4*4米	尺寸：4*4米；材质：PC；特征：加厚	套	套	来源单位一致		加厚4*4米雨棚；雨棚	定制:是	材质未提供，按常见雨棚材质推断为PC（聚碳酸酯）	MAT-000068	1		保留尺寸和加厚特征，材质由常见推断补齐，删除定制字段，单位统一为套	建筑材料/建筑附属件（候选新增）/雨棚
CONST-000007	土工布	土工布 200g/m² 宽4m	材质：涤纶；克重：200g/m²；宽度：4m	平方米	平方米	来源单位一致			类型：土工布	原始规格缺失克重、宽度、材质，按常见土工布规格（200g/m²、宽4m、涤纶）生成初始SKU	CONST-000007	1		保留材质、克重、宽度作为关键规格，删除冗余类型字段	建筑材料/土工材料/土工布
MAT-CEM-000004	普通硅酸盐水泥	普通硅酸盐水泥 42.5	强度等级：42.5；包装规格：50kg/包	包	包	来源单位一致		PO42.5水泥；普通硅酸盐水泥		包装规格未提供，按常见50kg/包补齐；品牌未提供，无法补齐	MAT-CEM-000004	1		根据原始规格标号PO42.5标准化为强度等级42.5；缺失包装规格，按默认50kg/包补齐；品牌缺失，留空	建筑材料/水泥砂石/普通硅酸盐水泥
MAT-CEM-000014	普通硅酸盐水泥	普通硅酸盐水泥 42.5 海螺	强度等级：42.5；包装规格：50kg/包；品牌：海螺	包	包	来源单位一致	海螺	海螺42.5水泥；普通硅酸盐水泥	物料类型：普通硅酸盐（已在物料名称中体现）	包装规格未提供，按常见50kg/包补齐	MAT-CEM-000014	1		品牌海螺为关键信息，放入standard_sku_name和minimal_required_specs；包装规格默认补齐	建筑材料/水泥砂石/普通硅酸盐水泥
MAT-CEM-000018	水泥	水泥 42.5 散装	强度等级：42.5；包装：散装	吨	吨	来源单位一致		散装42.5水泥；水泥			MAT-CEM-000018	1		保留包装和强度等级，单位按吨	建筑材料/水泥砂石/水泥
MAT-CEM-000008	水泥	水泥 42.5 袋装 50kg	强度等级：42.5；包装：袋装；包装重量：50kg	包	包	来源单位一致		水泥		原始SKU无规格，按常见水泥规格生成：强度等级42.5，袋装50kg	MAT-CEM-000008	1		原始无规格，补齐常见袋装水泥规格	建筑材料/水泥砂石/水泥
MAT-CEM-000011	水泥	水泥 PC425 袋装 50kg	强度等级：42.5；水泥类型：复合硅酸盐水泥；包装：袋装；包装重量：50kg	包	包	来源单位一致		PC425水泥；水泥		原始有标号，包装重量按常见袋装50kg补齐	MAT-CEM-000011	1		保留标号PC425，补齐包装规格	建筑材料/水泥砂石/水泥
MAT-000216	木方	木方 30*30*3.6m	截面：30*30mm；长度：3.6m；材质：松木	根	根	来源单位一致		方木30*30*3.6m；方木		材质按常见松木补齐	MAT-000216	1		缺失材质，按常见值补齐，无重复	建筑材料/砖板模板/木方
MAT-000234	木方	木方 30*30*3m	截面：30*30mm；长度：3m；材质：松木	根	根	来源单位一致		方木30*30*3m；方木		材质按常见松木补齐	MAT-000234	1		缺失材质，按常见值补齐，无重复	建筑材料/砖板模板/木方
CONST-000002	木方	木方 40*40*4m	截面：40*40mm；长度：4m；材质：松木	根	根	来源单位一致		4*4木方；木方		长度按常见4m补齐，材质按常见松木补齐	CONST-000002	1		缺失长度和材质，按常见值补齐，无重复	建筑材料/砖板模板/木方
CONST-000001	木方	木方 40*90*4m	截面：40*90mm；长度：4m；材质：松木	根	根	来源单位一致		4*9木方；木方；木方4米*40*90		长度按常见4m补齐，材质按常见松木补齐；材质按常见松木补齐	CONST-000001；MAT-000150	2	相同截面和长度，建议合并	缺失长度和材质，按常见值补齐，与MAT-000150合并；缺失材质，按常见值补齐，与CONST-000001合并	建筑材料/砖板模板/木方
MAT-000230	木方	木方 50*100*4m	截面：50*100mm；长度：4m；材质：松木	根	根	来源单位一致		木方50*100*4m；木方		材质按常见松木补齐	MAT-000230	1		缺失材质，按常见值补齐，无重复	建筑材料/砖板模板/木方
CONST-000004	水泥砖	水泥砖 240x115x53mm	尺寸：240x115x53mm；强度等级：MU10	块	块	来源单位一致		水泥砖		尺寸和强度等级缺失，按常见水泥砖标准尺寸240x115x53mm和强度MU10补全	CONST-000004	1		补充了缺失的尺寸和强度等级，统一单位为块	建筑材料/砖板模板/水泥砖
CONST-000020	水泥砖	水泥砖 240x115x95mm	尺寸：240x115x95mm；强度等级：MU10	块	块	来源单位一致		95水泥砖；水泥砖		原始规格95推测为厚度95mm，强度等级按常见MU10补全，单位从‘个’统一为‘块’	CONST-000020	1		将规格95解析为厚度，补全强度等级，统一单位	建筑材料/砖板模板/水泥砖
MAT-000235	加气块	加气块 200*300*600	尺寸：200*300*600；材质：加气混凝土；强度等级：A3.5；密度等级：B06	块	块	来源单位一致		加气块200*300*600；加气混凝土砌块		缺失材质、强度等级和密度等级，根据加气块行业常见规格推断：材质为加气混凝土，强度等级A3.5，密度等级B06。；缺失强度等级和密度等级，根据加气块行业常见规格推断：强度等级A3.5，密度等级B06。	MAT-000235；MAT-000246	2	与MAT-000246尺寸相同，材质相同，推断强度等级和密度等级相同，可合并为同一SKU。；与MAT-000235尺寸相同，材质相同，推断强度等级和密度等级相同，可合并为同一SKU。	补全核心规格，与同尺寸SKU合并。	建筑材料/砖板模板/加气块
CONST-000023	建筑模板	建筑模板 1830*915*14 红	尺寸：1830*915 mm；厚度：14 mm；颜色：红	张	张	来源单位一致		红模板1830*915*14；建筑模板			CONST-000023	1		尺寸厚度颜色保留	建筑材料/砖板模板/建筑模板
CONST-000022	建筑模板	建筑模板 1830*915*14 黑	尺寸：1830*915 mm；厚度：14 mm；颜色：黑	张	张	来源单位一致		黑模板1830*915*14；建筑模板			CONST-000022	1		尺寸厚度颜色保留	建筑材料/砖板模板/建筑模板
CONST-000034	建筑模板	建筑模板 2400*1220*15 红	尺寸：2400*1220 mm；厚度：15 mm；颜色：红	张	张	来源单位一致		红模板2.4m*1.22m*15mm；建筑模板			CONST-000034	1		尺寸单位统一为mm，颜色保留	建筑材料/砖板模板/建筑模板
CONST-000038	建筑模板	建筑模板 2400*1220*15 黑	尺寸：2400*1220 mm；厚度：15 mm；颜色：黑	张	张	来源单位一致		黑模板2.4m*1.22m*15mm；建筑模板			CONST-000038	1		尺寸单位统一为mm，颜色保留	建筑材料/砖板模板/建筑模板
CONST-000017	建筑模板	建筑模板 2440*1220*15	尺寸：2440*1220 mm；厚度：15 mm	张	张	来源单位一致		2.44*1.22*15模板；建筑模板；2.44*1.22*1.5厚模板		厚度1.5推断为15mm；特征'厚'未作为关键规格	CONST-000017；CONST-000019	2		尺寸厚度保留，颜色缺失；厚度统一，颜色缺失，特征'厚'忽略	建筑材料/砖板模板/建筑模板
CONST-000018	建筑模板	建筑模板 2440*1220*15 黑	尺寸：2440*1220 mm；厚度：15 mm；颜色：黑	张	张	来源单位一致		2.44*1.22*1.5黑模板；建筑模板		厚度1.5推断为1.5cm=15mm	CONST-000018	1		厚度单位统一为mm，颜色保留	建筑材料/砖板模板/建筑模板
CONST-000040	建筑模板	建筑模板 2440*1220*15 黑膜	尺寸：2440*1220 mm；厚度：15 mm；颜色/表面：黑膜	张	张	来源单位一致		黑膜板1.22m*2.44m*15mm；建筑模板			CONST-000040	1		表面黑膜保留为颜色/表面字段，尺寸厚度保留	建筑材料/砖板模板/建筑模板
CONST-000006	建筑模板	建筑模板 2440*1220*30 黑	尺寸：2440*1220 mm；厚度：30 mm；颜色：黑	张	张	来源单位一致		1.22*2.44*3.0黑模板；黑模板；黑模板3.0厚		厚度3.0根据常见建筑模板厚度推断为30mm；厚度3.0推断为30mm；尺寸根据同厚度颜色模板常用尺寸1220*2440mm推断	CONST-000006；CONST-000014	2		尺寸与厚度统一单位为mm，颜色保留；缺失尺寸，按常用规格推断	建筑材料/砖板模板/建筑模板
MAT-CEM-000015	硅酸盐水泥	硅酸盐水泥 42.5	强度等级：42.5	包	包	来源单位一致	海螺	海螺42.5水泥			MAT-CEM-000015	1		保留强度等级，品牌移至brand字段，单位保留包。	建筑材料/水泥砂石/硅酸盐水泥
CONST-000032	木板	木板 多层实木 2440×1220×18mm	材质：多层实木；尺寸：2440mm×1220mm×18mm	张	张	来源单位一致		多层实木板	结构：多层		CONST-000032	1		按规格生成标准SKU名称，删除默认结构字段，转换尺寸单位为mm。	建筑材料/砖板模板/木板
MAT-CEM-000005	沙子	沙子 中砂	砂类型：中砂	包	包	来源单位一致		中沙；中砂			MAT-CEM-000005	1		保留砂类型作为关键规格	建筑材料/水泥砂石/沙子
MAT-CEM-000002	沙子	沙子 大包	包装：大包	包	包	来源单位一致		大包沙子；沙子		砂类型缺失，保持原始包装规格；未补齐类型	MAT-CEM-000002	1		保留包装规格，砂类型缺失未补齐，作为独立SKU	建筑材料/水泥砂石/沙子
MAT-CEM-000013	沙子	沙子 黄砂	砂类型：黄砂	吨	吨	来源单位一致		黄砂			MAT-CEM-000013；MAT-CEM-000016	2	砂类型相同，单位相同，无其他规格区分，疑似重复	保留砂类型，与MAT-CEM-000016疑似重复；保留砂类型，与MAT-CEM-000013疑似重复	建筑材料/水泥砂石/沙子
MAT-CEM-000003	石子	石子 10-20mm	粒径：10-20mm；包装：大包	吨	吨	来源单位一致		大包石子；石子		原始缺失粒径，根据常见大包石子规格推断为10-20mm	MAT-CEM-000003	1		原始只有包装大包，补充粒径10-20mm作为合理推断；包装大包保留，因影响采购判断。	建筑材料/水泥砂石/石子
MAT-CEM-000001	石子	石子 4-6mm	粒径：4-6mm	吨	吨	来源单位一致		4-6MM石子；石子			MAT-CEM-000001	1		粒径规格明确，保留粒径作为关键规格；标准单位统一为吨，原始单位为斤，属于非标准单位。	建筑材料/水泥砂石/石子
CONST-000008	顶托	顶托 30*500厚	规格：30*500；特征：厚	个	个	来源单位一致		30*500厚顶托；顶托		材质、表面处理缺失，未补齐；原单位（支）统一为个。	CONST-000008	1		保留规格和厚度特征，删除默认连接方式等；单位统一为个。	建筑材料/脚手架配件/顶托
CONST-000009	顶托	顶托 38*600厚	规格：38*600；特征：厚	个	个	来源单位一致		38*600厚顶托；顶托		材质、表面处理缺失，未补齐；原单位（套）统一为个。	CONST-000009	1		保留规格和厚度特征，删除默认连接方式等；单位统一为个。	建筑材料/脚手架配件/顶托
CONST-000016	人工草皮	人工草皮 3.0 加厚	草高：3.0；特征：加厚	平方	平方	来源单位一致		3.0加厚草皮；草皮			CONST-000016	1		保留草高和加厚特征，背胶和颜色缺失未补全	建筑材料/装饰装修材料/人工草皮
CONST-000013	人工草皮	人工草皮 3.0 绿色	草高：3.0；颜色：绿色	平方	平方	来源单位一致		3.0绿草皮；人工草皮			CONST-000013	1		保留草高和颜色，背胶缺失未补全	建筑材料/装饰装修材料/人工草皮
CHEM-000079	人工草皮	人工草皮 3.0 背胶	草高：3.0；背胶：是	平方	平方	来源单位一致		3.0背胶草皮；背胶草皮			CHEM-000079	1		保留草高和背胶，颜色缺失未补全	建筑材料/装饰装修材料/人工草皮
CONST-000005	亚克力板	亚克力板 81×81×5mm	尺寸长：81mm；尺寸宽：81mm；厚度：5mm	块	块	来源单位一致		81×81×5亚克力板	材质：亚克力（行业默认）	尺寸单位推断为毫米（mm），因为亚克力板常见尺寸单位为毫米	CONST-000005	1		尺寸是采购关键规格，保留长宽厚；材质为行业默认值，删除；单位从stock_uom继承为块	建筑材料/装饰装修材料/亚克力板
MAT-000004	墙布	墙布 无纺布 2.8m	材质：无纺布；幅宽：2.8m；环保等级：E0	平方米	平方米	来源单位一致		厚环保墙布；墙布	特征：厚	原始缺失材质、幅宽、环保等级，根据常见墙布初始库默认材质无纺布、幅宽2.8m、环保等级E0。	MAT-000004	1		原始规格只有‘厚’和‘环保’，无法直接采购；按最常见墙布规格补齐标准SKU。	建筑材料/装饰装修材料/墙布
CONST-000024	PC板	PC板 3mm 透明	材质：PC；颜色：透明；厚度：3mm；尺寸：1m*1.5m	块	块	来源单位一致		透明PC板1m*1.5m*3mm;PC板			CONST-000024	1		原始规格完整，直接生成标准SKU	建筑材料/装饰装修材料/PC板
CONST-000003	地板胶	地板胶 PVC加厚	材质：PVC；特征：加厚	平方米	平方米	来源单位一致		加厚PVC地板胶		厚度缺失，保留特征'加厚'作为规格描述	CONST-000003	1		保留材质PVC和特征加厚，因原始缺少具体厚度数值，暂用特征描述；单位标准化为平方米	建筑材料/装饰装修材料/地板胶
CONST-000028	地板革	地板革 6m*2.5m 阻燃	尺寸：6m*2.5m；特性：阻燃；厚度：2.0mm；材质：PVC	㎡	㎡	来源单位一致		阻燃地板革6m*2.5m;阻燃地板革		原始缺失厚度和材质，按常见初始库设定：厚度2.0mm（通用型），材质PVC	CONST-000028	1		标准SKU名称包含尺寸和阻燃特性；补全了缺失的厚度和材质为常见规格。	建筑材料/装饰装修材料/地板革
MAT-000001	墙纸	墙纸 无纺布 0.53m*10m	材质：无纺布；尺寸：0.53m*10m	卷	卷	来源单位一致		墙纸大卷；墙纸		常见墙纸规格：材质无纺布，尺寸0.53m*10m，颜色未指定	MAT-000001	1		原始缺失材质、尺寸和颜色，按最常见墙纸规格补全材质为无纺布，尺寸0.53m*10m；保留大卷作为别名	建筑材料/装饰装修材料/墙纸
MAT-000209	墙纸	墙纸 白色 3m*0.325m	颜色：白色；尺寸：3m*0.325m；材质：无纺布	块	块	来源单位一致		白色墙纸3m*0.325m；墙纸		材质常见为无纺布	MAT-000209	1		补全材质为无纺布；单位块可能需确认，暂保留	建筑材料/装饰装修材料/墙纸
MAT-000233	软玻璃门帘	软玻璃门帘 2.55m*1.46m*3mm 磁吸式 透明	尺寸：2.55m*1.46m；厚度：3mm；结构：磁吸式；颜色：透明	付	付	来源单位一致		磁吸式透明软玻璃门帘2.55m*1.46m*3mm；软玻璃门帘		材质默认PVC（软玻璃材质）	MAT-000233	1		规格完整，仅默认补齐材质；保留关键字段：尺寸、厚度、结构、颜色。	建筑材料/装饰装修材料/软玻璃门帘
MAT-000109	窗户	窗户 定制 铝合金 推拉	材质：铝合金；尺寸：定制；开启方式：推拉；定制：是	个	个	来源单位一致		定做窗户	品类：窗户；无	原始规格缺失，按常用居住建筑窗户推断：材质铝合金、开启方式推拉、尺寸按需定制。	MAT-000109	1		保留了影响采购的关键字段：材质、尺寸、开启方式、定制属性；删除了与三级物料名重复的'品类：窗户'及无意义字段'无'。	建筑材料/门窗构件（候选新增）/窗户
CONST-000010	彩钢瓦	彩钢瓦 1*0.84	规格：1*0.84(m)	米	米	来源单位一致		1*0.84彩钢瓦		原始规格缺失厚度、颜色、波型，保留已知规格1*0.84	CONST-000010	1		原始规格为1*0.84，单位为米，保留尺寸字段，缺失厚度等未补全	建筑材料/装饰装修材料/彩钢瓦
CONST-000011	彩钢瓦	彩钢瓦 1.6*0.84	规格：1.6*0.84(m)	米	米	来源单位一致		1.6*0.84彩钢瓦		原始规格缺失厚度、颜色、波型，保留已知规格1.6*0.84	CONST-000011	1		原始规格为1.6*0.84，单位为米，保留尺寸字段，缺失厚度等未补全	建筑材料/装饰装修材料/彩钢瓦
CONST-000012	彩钢瓦	彩钢瓦 厚度0.5	厚度：0.5(mm)	平方	平方	来源单位一致		0.5彩钢瓦		原始规格缺失长度、宽度、颜色、波型，保留厚度0.5，单位保留平方（面积计量）	CONST-000012	1		原始规格仅给出厚度0.5，单位为平方，缺失尺寸，保留厚度字段	建筑材料/装饰装修材料/彩钢瓦
CONST-000031	硅晶板	硅晶板 透明 800x450x50mm	颜色：透明；尺寸：800mm×450mm×50mm	块	块	来源单位一致		透明硅晶板0.8m*0.45m*0.05m；硅晶板		尺寸从米转换为毫米，便于采购辨识	CONST-000031	1		根据输入规格生成标准名称，颜色和尺寸为关键属性，单位转换以统一	建筑材料/装饰装修材料/硅晶板
CONST-000029	挤塑板	挤塑板 100mm	尺寸：2.2m×0.6m×0.1m；特性：阻燃	平方	平方	来源单位一致		阻燃挤塑板2.2m*0.6m*0.1m*116块；阻燃挤塑板			CONST-000029	1		保留阻燃特性；尺寸含厚度作为关键规格；长宽相同但保留完整尺寸；无缺失字段需补齐	建筑材料/防水保温材料/挤塑板
CONST-000030	挤塑板	挤塑板 50mm	尺寸：2.2m×0.6m×0.05m；特性：阻燃	平方	平方	来源单位一致		阻燃挤塑板2.2m*0.6m*0.05m*64块；阻燃挤塑板			CONST-000030	1		保留阻燃特性；尺寸含厚度作为关键规格；长宽相同但保留完整尺寸；无缺失字段需补齐	建筑材料/防水保温材料/挤塑板
MAT-000215	堵漏王	堵漏王 5kg	包装重量：5kg	袋	袋	来源单位一致		堵漏王	类型：堵漏王	根据常见堵漏王包装规格，默认5kg/袋	MAT-000215	1		删除冗余规格字段'类型'，补齐默认包装重量。	建筑材料/防水保温材料/堵漏王
MAT-000236	保温棉	保温棉 Φ50	管径：Φ50；材质：橡塑；厚度：20mm	根	根	来源单位一致		防冻保温棉Φ50；防冻保温棉	特性：防冻	材质、厚度缺失，按常见管道防冻保温棉填充为橡塑/20mm	MAT-000236	1		保留管径；删除防冻特性；补充常见材质和厚度以形成可采购SKU	建筑材料/防水保温材料/保温棉
METAL-000132	彩钢板	彩钢板 2.3m×1m×0.5mm	尺寸（长×宽）：2.3m×1m；厚度：0.5mm；颜色：白色；镀层：镀锌	块	块	来源单位一致		彩钢板2.3m*1m；彩钢板	材质：钢；形态：平板	厚度取常见0.5mm，颜色取白色，镀层取镀锌，均为常用配置	METAL-000132	1		缺失厚度、颜色、镀层，根据常见采购配置补齐；保留核心规格尺寸、厚度、颜色、镀层以防止买错	建筑材料/装饰装修材料/彩钢板
MAT-000206	监控摄像头	监控摄像头 变焦	功能：变焦	个	个	来源单位一致		变焦摄像头		供电、通信未指定，按现有字段最小化处理	MAT-000206	1		仅保留变焦功能，其他规格缺失未补全	弱电安防/监控安防/监控摄像头
ELEC-000047	监控摄像头	监控摄像头 太阳能4G4K	供电：太阳能；通信：4G；清晰度：4K	个	个	来源单位一致		太阳能4G4K摄像头；太阳能4G摄像头			ELEC-000047	1		保留供电、通信、清晰度作为关键规格，删除变焦（未明确）	弱电安防/监控安防/监控摄像头
MAT-000160	监控摄像头	监控摄像头 太阳能4G4K30天循环	供电：太阳能；通信：4G；清晰度：4K；存储：30天循环	套	套	来源单位一致		4G太阳能探头4K30天循环；监控摄像头			MAT-000160	1		保留供电、通信、清晰度、存储作为关键规格，单位保持套	弱电安防/监控安防/监控摄像头
FAST-000086	膨胀止水条	膨胀止水条 5mm×30mm	规格：5mm×30mm	米	米	来源单位一致		膨胀止水条5mm*30mm；膨胀止水条		材质未提供，默认采用常见遇水膨胀橡胶材质	FAST-000086	1		原始仅提供尺寸规格，按常见膨胀止水条生成标准SKU，单位保留原有米	建筑材料/防水保温材料/膨胀止水条
MAT-000124	聚氨酯防水材料	聚氨酯防水材料 水性	体系：水性	公斤	公斤	来源单位一致		水性聚氨酯	类型：水性；材料：聚氨酯	包装未提供，体系已明确，以公斤为初始单位	MAT-000124	1		保留体系作为关键规格，删除冗余字段，单位沿用公斤	建筑材料/防水保温材料/聚氨酯防水材料
MAT-000125	聚氨酯防水材料	聚氨酯防水材料 油性	体系：油性	公斤	公斤	来源单位一致		油性聚氨酯	类型：油性；材料：聚氨酯	包装未提供，体系已明确，以公斤为初始单位	MAT-000125	1		保留体系作为关键规格，删除冗余字段，单位沿用公斤	建筑材料/防水保温材料/聚氨酯防水材料
MAT-000151	聚氨酯防水材料	聚氨酯防水材料 油性 10kg	体系：油性；包装：10kg	桶	桶	来源单位一致		油性聚氨酯10KG；油性聚氨酯	类型：油性；材料：聚氨酯；体系：水性/油性按规格字段维护		MAT-000151	1		保留体系和包装作为关键规格，删除冗余字段，单位沿用桶	建筑材料/防水保温材料/聚氨酯防水材料
MAT-000163	监控套装	监控套装 太阳能4G三件套	供电：太阳能；通信：4G；件数：三件套	套	套	来源单位一致		太阳能4G监控三件套；太阳能4G监控套装		基于现有规格：太阳能供电、4G通信、三件套	MAT-000163	1		生成最小可用SKU，保留供电、通信、件数作为关键规格删除品牌等非必需字段	弱电安防/监控安防/监控套装
MAT-000051	注浆止水针头	注浆止水针头 10cm	长度：10cm	支	支	来源单位一致		止水针头10CM；止水针头；注浆针头；注浆止水针头100mm；注浆止水针头；高压注浆止水针头100mm	类型：注浆针头；用途：注浆止水；用途：高压注浆止水	规格缺失，按常见采购长度10cm生成	MAT-000051；MAT-000123；MAT-000154；MAT-000192	4	相同标准SKU名和长度	保留长度，统一UOM为支；删除冗余类型字段，推断长度为10cm；保留长度，删除用途，转换单位mm为cm	建筑材料/防水保温材料/注浆止水针头
MAT-000052	注浆止水针头	注浆止水针头 15cm	长度：15cm	支	支	来源单位一致		止水针头15CM；止水针头；注浆止水针头150mm；注浆止水针头；高压注浆止水针头150mm	用途：注浆止水；用途：高压注浆止水		MAT-000052；MAT-000153；MAT-000191	3	相同标准SKU名和长度	保留长度，统一UOM为支；保留长度，删除用途，转换单位mm为cm	建筑材料/防水保温材料/注浆止水针头
MAT-000219	对讲机	对讲机 小米 二代	品牌：小米；型号：二代	部	部	来源单位一致	小米	小米二代对讲机；对讲机			MAT-000219；MAT-000248	2	品牌、型号相同，疑似重复SKU	代际字段规范为型号，保留品牌和型号。；品牌型号明确，缺失功率，但与MAT-000219重复。	弱电安防/对讲通信/对讲机
ELEC-000070	对讲机	对讲机 长城 A99	品牌：长城；型号：A99；特征：高功率	部	部	来源单位一致	长城	A99长城高功率对讲机；对讲机			ELEC-000070	1		品牌型号明确，保留品牌、型号、高功率特征作为关键规格。	弱电安防/对讲通信/对讲机
MAT-000069	防火棉	防火棉 50mm A级	厚度：50mm；防火等级：A级	平方米	平方米	来源单位一致		阻燃防火棉；防火棉	特性：阻燃；类型：防火棉	厚度按常见50mm生成，防火等级按A级生成（常见初始库）	MAT-000069	1		原始规格缺失厚度和防火等级，按常见50mm和A级补齐；删除默认的阻燃特性和类型字段	建筑材料/防水保温材料/防火棉
ELEC-000149	声光报警器	声光报警器 220V	电压：220V	套	套	来源单位一致		闪光蜂鸣器	功能：闪光、蜂鸣	原始缺失电压，推断为常用交流电压220V	ELEC-000149	1		缺失电压，补充220V作为初始SKU；删除默认功能描述	弱电安防/监控安防/声光报警器
ELEC-000252	声光报警器	声光报警器 LED 24V	光源：LED；电压：24V	只	只	来源单位一致		LED声光报警器24V；LED声光报警器			ELEC-000252	1		保留LED和24V规格	弱电安防/监控安防/声光报警器
MAT-000164	交换机	交换机 5口百兆	端口：5；速率：百兆	台	台	来源单位一致	海康威视	海康威视5口百兆交换机；百兆交换机			MAT-000164	1		保留端口数和速率，品牌保留在brand字段，型号缺失不补。	弱电安防/网络通信/交换机
MAT-000205	交换机	交换机 二光四电	光口：2；电口：4	台	台	来源单位一致		光纤交换机二光四电；光纤交换机			MAT-000205	1		保留光口电口数量，速率缺失不补。	弱电安防/网络通信/交换机
ELEC-000086	路由器	路由器 1000M	品牌：华为；速率：1000M	套	套	来源单位一致	华为	1000M华为路由器；路由器		原始规格仅含品牌和速率，型号/端口数缺失；按常见采购口径保留已有字段	ELEC-000086	1		保留品牌和速率作为最小关键规格；品牌为明确给出且影响采购决策；速率1000M是核心参数；标准SKU名称包含速率；别名包含完整描述。	弱电安防/网络通信/路由器
ELEC-000043	网线防水接头	网线防水接头 RJ45 IP67	接口类型：RJ45；防水等级：IP67	个	个	来源单位一致		防水网线接头连接；防水网线接头；防水网络对接头；防水网线对接头；网线防水对接头；户外防水网线接头连接器；防水网线连接器	功能：防水；用途：网线连接；防水/环境按规格字段维护；特征：防水；用途：网络对接；适用环境：户外；特性：防水；类型：网线接头连接器	根据行业常见网线防水接头规格，推断接口类型为RJ45，防水等级为IP67，作为初始常用SKU。；根据行业常见网线防水接头规格，推断接口类型为RJ45，防水等级为IP67，作为初始常用SKU。原单位为套，统一为个。	ELEC-000043；ELEC-000076；PIPE-000420	3	三条SKU均为网线防水接头，且推断出的关键规格相同（接口类型RJ45，防水等级IP67），疑似重复。	原始规格缺失，补全为常见接口类型和防水等级。；原始规格缺失，补全为常见接口类型和防水等级；单位统一为个。	弱电安防/网络通信/网线防水接头
ELEC-000108	RJ45水晶头	RJ45水晶头 非屏蔽 Cat5e	屏蔽类型：非屏蔽；Cat等级：Cat5e	个	个	来源单位一致		水晶头；RJ45水晶头	类型：RJ45；安装方式：压接；连接方式：插接	因原始规格缺失，基于常见采购需求生成默认非屏蔽Cat5e水晶头	ELEC-000108	1		原始缺少屏蔽类型和Cat等级，按最常见规格补齐；删除默认字段如安装方式、连接方式	弱电安防/网络通信/RJ45水晶头
MAT-000239	混凝土振动棒	混凝土振动棒 35型	型号：35型；直径：Φ35；电压：380V；长度：4m	根	根	来源单位一致		35型振动棒；混凝土振动棒		根据型号35型推断直径Φ35，电压380V，长度4m（常用规格）	MAT-000239	1		原始仅有型号35型，缺失直径、电压、长度，按常用规格推断	施工机具设备/小型施工设备/混凝土振动棒
MAT-000243	混凝土振动棒	混凝土振动棒 Φ50 6m 380V	直径：Φ50；长度：6m；电压：380V	根	根	来源单位一致		振动棒380V-Φ50-6m；混凝土振动棒			MAT-000243	1		规格齐全，直接采用	施工机具设备/小型施工设备/混凝土振动棒
MAT-000200	成品网线	成品网线 30米 超五类	长度：30米；网线类别：超五类；屏蔽类型：非屏蔽；接口：两端RJ45	根	根	来源单位一致		30米网线带两端插头；网线成品线；成品网线		网线类别按常见超五类填充；屏蔽类型按非屏蔽填充	MAT-000200	1		原始缺少网线类别和屏蔽类型，按常见配置填充作为初始SKU	弱电安防/网络通信/成品网线
PIPE-000418	网线对接头	网线对接头 RJ45	接口类型：RJ45；适用网线：Cat5e/Cat6；屏蔽类型：非屏蔽	只	只	来源单位一致		网线对接头	连接方式：直插；材质：塑料；防水等级：不防水	常见网线对接头为非屏蔽RJ45直通头，适用Cat5e/Cat6网线，默认不防水。	PIPE-000418	1		原始缺失规格，根据常见网线对接头特性推断，保留接口类型、适用网线、屏蔽类型作为关键规格，删除默认连接方式、材质、防水等级。	弱电安防/网络通信/网线对接头
MAT-000065	手持打码机	手持打码机 大字符	功能：大字符	台	台	来源单位一致		手持大字符打码机；手持打码机	类型：手持	根据别名推断功能为大字符	MAT-000065	1		保留功能字段以区分打码类型，删除默认的手持类型，无品牌信息	施工机具设备/小型施工设备/手持打码机
MAT-000058	雾炮机	雾炮机 3kW 全自动	功率：3kW；控制方式：全自动	台	台	来源单位一致		3千瓦全自动雾炮机；雾炮机		电压未提供，按常见380V三相默认补齐；射程、水量未提供，未纳入最小规格	MAT-000058	1		原始仅功率和控制方式，缺失电压、射程、水量；按3kW全自动生成初始SKU，电压默认380V	施工机具设备/小型施工设备/雾炮机
MAT-000106	高压清洗机	高压清洗机 380V 5.5kW	电压：380V；功率：5.5kW	套	套	来源单位一致	黑马	黑马380V*5.5千瓦高压清洗机；高压清洗机			MAT-000106	1		保留电压和功率作为关键规格，品牌移入brand字段，无默认字段可删除。	施工机具设备/小型施工设备/高压清洗机
MAT-000045	混凝土圆斗	混凝土圆斗 3立方	容量：3立方；材质：钢板	个	个	来源单位一致		3立方混凝土圆斗；混凝土圆斗	用途：混凝土	材质缺失，按最常见钢板材质补齐	MAT-000045	1		保留容量字段，补齐材质为钢板（常见材质）	施工机具设备/手推搬运设备/混凝土圆斗
METAL-000165	潜水搅拌机	潜水搅拌机 4kW 304不锈钢	材质：304不锈钢；电压：380V；功率：4kW	台	台	来源单位一致		304不锈钢潜水搅拌机380V-4KW；不锈钢潜水搅拌机			METAL-000165	1		保留材质、电压、功率作为关键规格，品牌缺失不影响选型，默认无品牌。	施工机具设备/小型施工设备/潜水搅拌机
WELD-000028	气瓶手推车	气瓶手推车 乙炔	适用气体：乙炔	台	台	来源单位一致		乙炔手推车；乙炔瓶手推车	类型：手推车	通用型乙炔瓶手推车，未指定承重和轮型	WELD-000028	1		保留适用气体为关键规格，删除默认类型字段；单位从'个'统一为'台'	施工机具设备/手推搬运设备/气瓶手推车
WELD-000036	气瓶手推车	气瓶手推车 乙炔 43cm轮胎	适用气体：乙炔；轮型：43cm轮胎	台	台	来源单位一致		43cm轮胎乙炔车；乙炔瓶手推车	类型：手推车	乙炔瓶手推车配43cm轮胎，未指定承重	WELD-000036	1		保留适用气体和轮型，删除默认类型字段	施工机具设备/手推搬运设备/气瓶手推车
WELD-000030	气瓶手推车	气瓶手推车 乙炔 加厚	适用气体：乙炔；特征：加厚	台	台	来源单位一致		加厚乙炔车；乙炔瓶手推车	类型：手推车	乙炔瓶手推车加厚型，未指定承重和轮型	WELD-000030	1		保留适用气体和加厚特征，删除默认类型字段；单位从'个'统一为'台'	施工机具设备/手推搬运设备/气瓶手推车
WELD-000034	气瓶手推车	气瓶手推车 乙炔 大充气轮	适用气体：乙炔；轮型：大充气轮	台	台	来源单位一致		大充气轮乙炔车；乙炔瓶手推车	类型：手推车	乙炔瓶手推车配大充气轮，未指定承重	WELD-000034	1		保留适用气体和轮型，删除默认类型字段	施工机具设备/手推搬运设备/气瓶手推车
WELD-000027	气瓶手推车	气瓶手推车 氧气	适用气体：氧气	台	台	来源单位一致		氧气手推车；氧气瓶手推车	类型：手推车	通用型氧气瓶手推车，未指定承重和轮型，按常见规格初始化	WELD-000027	1		保留适用气体为关键规格，删除默认类型字段；单位从'个'统一为'台'	施工机具设备/手推搬运设备/气瓶手推车
WELD-000035	气瓶手推车	气瓶手推车 氧气 43cm轮胎	适用气体：氧气；轮型：43cm轮胎	台	台	来源单位一致		43cm轮胎氧气车；氧气瓶手推车	类型：手推车	氧气瓶手推车配43cm轮胎，未指定承重	WELD-000035	1		保留适用气体和轮型，删除默认类型字段	施工机具设备/手推搬运设备/气瓶手推车
WELD-000029	气瓶手推车	气瓶手推车 氧气 加厚	适用气体：氧气；特征：加厚	台	台	来源单位一致		加厚氧气车；氧气瓶手推车	类型：手推车	氧气瓶手推车加厚型，未指定承重和轮型	WELD-000029	1		保留适用气体和加厚特征，删除默认类型字段；单位从'个'统一为'台'	施工机具设备/手推搬运设备/气瓶手推车
WELD-000033	气瓶手推车	气瓶手推车 氧气 大充气轮	适用气体：氧气；轮型：大充气轮	台	台	来源单位一致		大充气轮氧气车；氧气瓶手推车	类型：手推车	氧气瓶手推车配大充气轮，未指定承重	WELD-000033	1		保留适用气体和轮型，删除默认类型字段	施工机具设备/手推搬运设备/气瓶手推车
MAT-000214	手动液压叉车	手动液压叉车 2T	额定载荷：2T	台	台	来源单位一致	诺力	诺力手动液压叉车2T；手动液压叉车	类型：手动液压	额定载荷来自输入规格，货叉长度未提供，默认采用常见规格但未指定	MAT-000214	1		保留额定载荷作为关键规格，删除行业默认的类型字段，品牌单独列出	施工机具设备/手推搬运设备/手动液压叉车
MAT-000155	高压注浆机	高压注浆机	规格：通用	台	台	来源单位一致		注浆机;灌浆机		原始缺失品牌、型号、功率、压力等关键规格，按通用名称生成初始SKU，后续需补充具体参数以唯一标识设备。；后处理补齐：原输出最小规格为空，按初始物料清单口径设为规格：通用	MAT-000155	1		仅提供名称，无具体规格，保留通用SKU，后续治理需补充品牌、型号、功率、压力等参数。；后处理补齐：原输出最小规格为空，按初始物料清单口径设为规格：通用	施工机具设备/小型施工设备/高压注浆机
MAT-000175	手推车	手推车 加厚 300kg	载荷：300kg；加厚：是；斗体尺寸：800x500x400mm；轮型：实心	辆	辆	来源单位一致		加厚劳动车；劳动车；300kg手推车加厚；手推车	类型：劳动车	根据常见加厚劳动车规格补载荷300kg，斗体尺寸800x500x400mm，轮型实心；原始缺失尺寸，按常见规格补斗体尺寸800x500x400mm；单位从'台'统一为'辆'	MAT-000175；TOOL-000090	2	标准SKU名称和最小规格一致，建议合并为一个SKU	原始缺失载荷和尺寸，按常见规格补齐；单位从'辆'统一为'辆'；别名合并。；原始缺失尺寸，按常见规格补齐；单位从'台'统一为'辆'	施工机具设备/手推搬运设备/手推车
MAT-000190	吊车垫块	吊车垫块 500×500×60mm	材质：尼龙；尺寸：500×500×60mm；承载：大吨位	块	块	来源单位一致		吊车用大吨位垫块500*500*60mm；吊车垫块		材质缺失，按常见尼龙垫块填充；载荷仅标注大吨位，保留原描述	MAT-000190	1		原有规格缺失材质和具体承载等级，按常见尼龙材质推断；尺寸和承载大吨位为关键区分字段，保留。	施工机具设备/支垫件/垫块（候选）/吊车垫块
METAL-000159	保温水箱	不锈钢保温水箱 5T	材质：不锈钢；容量：5T；形状：圆形	个	个	来源单位一致		5T不锈钢圆形保温水箱；不锈钢保温水箱			METAL-000159	1		保留材质、容量、形状作为关键区分字段；保温特性已在名称中体现；缺失尺寸、板厚等非最小必需字段，不补全。	施工机具设备/水箱容器（候选）/保温水箱
SPARE-000090	抽油泵	抽油泵 220V	驱动：电动；电压：220V AC	个	个	来源单位一致		电动抽油泵	用途：抽油	电压推断为220V AC，为常见家用/工业通用电压	SPARE-000090	1		保留驱动和电压作为关键规格，删除默认的用途字段；电压为合理推断值。	施工机具设备/泵油润滑设备/抽油泵
SPARE-000105	增压泵	增压泵 380V 1.5kW 管道	电压：380V；功率：1.5kW；适用：管道	台	台	来源单位一致		380V*1.5千瓦管道增压泵；管道增压泵	类型：管道增压泵	材质、流量、扬程、口径缺失，未补齐	SPARE-000105	1		保留电压、功率、适用，删除默认类型	施工机具设备/泵类设备/增压泵
SPARE-000104	增压泵	增压泵 380V 3kW 管道	电压：380V；功率：3kW；适用：管道	台	台	来源单位一致		380V*3千瓦管道增压泵；管道增压泵	类型：管道增压泵	材质、流量、扬程、口径缺失，未补齐	SPARE-000104	1		保留电压、功率、适用，删除默认类型	施工机具设备/泵类设备/增压泵
SPARE-000086	增压泵	增压泵 3kW 不锈钢	材质：不锈钢；功率：3kW	台	台	来源单位一致		3千瓦不锈钢增压泵；不锈钢增压泵	类型：增压泵	电压、流量、扬程、口径缺失，未补齐	SPARE-000086	1		保留材质和功率，删除默认类型，电压等缺失未补	施工机具设备/泵类设备/增压泵
SPARE-000140	增压泵	增压泵 供水	用途：供水	台	台	来源单位一致		供水增压泵	类型：增压泵	功率、电压、流量、扬程、口径缺失，未补齐	SPARE-000140	1		保留用途，删除默认类型	施工机具设备/泵类设备/增压泵
SPARE-000135	黄油泵	黄油泵 6L 3出口 带时控器	容量：6L；出口数：3出口；驱动：电动；配置：带时控器	台	台	来源单位一致		电动油脂泵6L-3出口带时控器；电动油脂泵		原始缺失电压，未补全	SPARE-000135	1		保留容量、出口数、配置，驱动从别名推断	施工机具设备/泵油润滑设备/黄油泵
CHEM-000021	黄油泵	黄油泵 8L 4出口	容量：8L；出口数：4出口；驱动：电动	台	台	来源单位一致		8升4出口多点黄油泵；多点黄油泵；自动电动油脂泵；电动油脂泵		原始缺失驱动，按常见类型推断为电动；原始缺失容量和出口数，按常见规格推断为8L 4出口	CHEM-000021；SPARE-000087	2	与SPARE-000087标准SKU名和关键规格一致；与CHEM-000021标准SKU名和关键规格一致	保留容量和出口数，推断驱动为电动；补全容量和出口数，推断驱动从原字段	施工机具设备/泵油润滑设备/黄油泵
SPARE-000142	黄油泵	黄油泵 8L 4出口 380V	容量：8L；出口数：4出口；驱动：电动；电压：380V	台	台	来源单位一致		电动油脂泵380V-8L-4出口；电动油脂泵			SPARE-000142	1		保留容量、出口数、电压，驱动从别名	施工机具设备/泵油润滑设备/黄油泵
SPARE-000047	排污泵	排污泵 2.2kW 立式	功率：2.2kW；安装方式：立式	台	台	来源单位一致		2.2千瓦立式排污泵；立式排污泵			SPARE-000047	1		保留功率和安装方式作为关键规格，流量、扬程、电压等缺失，未补全以避免臆断。	施工机具设备/泵类设备/排污泵
SPARE-000112	水泵	水泵 7500W 50米	功率：7500W；扬程：50米	台	台	来源单位一致		7500w50米扬程水泵；水泵		原始规格缺失口径、电压、流量、泵类型，仅保留已提供的功率和扬程	SPARE-000112	1		仅保留输入中已有的功率和扬程，其他关键规格（口径、电压、泵类型等）缺失，需采购前确认	施工机具设备/泵类设备/水泵
CHEM-000167	黄油枪	黄油枪 双柱 400g	结构：双柱；容量：400g；接口：尖嘴	把	把	来源单位一致		双柱黄油枪；黄油枪		容量和接口缺失，根据常见规格补齐：双柱黄油枪通常配备400g容量和尖嘴接口	CHEM-000167	1		原始规格仅有结构，补充常见容量和接口以形成可采购的初始SKU	施工机具设备/泵油润滑设备/黄油枪
SPARE-000055	污水泵	污水泵 1.5kW	功率：1.5kW	台	台	来源单位一致		1.5千瓦污水泵；污水泵	类型：污水泵（行业默认）	口径、电压、流量、扬程缺失，按常见1.5kW污水泵配置，暂未指定具体口径，待后续补充	SPARE-000055	1		功率为最关键规格，其余缺失字段按行业常见配置暂不补充	施工机具设备/泵类设备/污水泵
SPARE-000064	污水泵	污水泵 1.5kW 2寸	功率：1.5kW；口径：2寸	台	台	来源单位一致		1.5千瓦2寸污水泵；污水泵	类型：污水泵（行业默认）	电压、流量、扬程缺失，按常见1.5kW2寸污水泵配置，暂未指定	SPARE-000064	1		功率和口径为关键规格，其余缺失	施工机具设备/泵类设备/污水泵
SPARE-000113	污水泵	污水泵 5.5kW	功率：5.5kW	台	台	来源单位一致		5.5千w污水泵；污水泵	类型：污水泵（行业默认）	口径、电压、流量、扬程缺失，按常见5.5kW污水泵配置，通常配2.5寸或3寸，暂未指定	SPARE-000113	1		功率为最关键规格，其余缺失	施工机具设备/泵类设备/污水泵
SPARE-000100	鼓风机	鼓风机 2.2kW	功率：2.2kW	个	个	来源单位一致		2.2千瓦鼓风机；鼓风机			SPARE-000100	1		保留功率作为关键规格，其他规格（电压、风量、型号）缺失未补全。	施工机具设备/风机设备（候选）/鼓风机
SPARE-000054	深井潜水泵	深井潜水泵 1.1kW	功率：1.1kW	台	台	来源单位一致		1.1千瓦深井潜水泵；深井潜水泵		原始数据仅提供功率1.1kW，电压、流量、扬程、出口口径缺失，未作推断，建议后续补充。	SPARE-000054	1		仅功率已知，其他关键规格缺失，保留功率作为最小区分字段。	施工机具设备/泵类设备/深井潜水泵
SPARE-000123	管道泵	管道泵 5.5kW 50	功率：5.5kW；口径：50	台	台	来源单位一致		管道泵5.5KW-50；管道泵		仅使用现有规格，未补充缺失的流量、扬程、型号等	SPARE-000123	1		保留功率和口径作为关键规格；缺失型号、流量、扬程，不补百科参数以保持最小SKU。	施工机具设备/泵类设备/管道泵
SPARE-000106	自吸泵	自吸泵 1.5kW 全自动变频	功率：1.5kW；控制方式：全自动变频	台	台	来源单位一致		全自动变频自吸泵1.5千瓦；变频自吸泵	类型：自吸泵；控制：全自动变频	缺失材质、电压、流量、扬程、口径、型号，无法合理推断，未补齐。	SPARE-000106	1		保留功率和控制方式，删除冗余的类型和控制字段；单位统一为台。	施工机具设备/泵类设备/自吸泵
SPARE-000099	自吸泵	自吸泵 1.5kW 自动	功率：1.5kW；控制方式：自动	台	台	来源单位一致		1.5千瓦自动自吸泵；自动自吸泵	类型：自吸泵；功能：自动	缺失材质、电压、流量、扬程、口径，无法合理推断，未补齐。	SPARE-000099	1		保留功率和控制方式，删除冗余的类型和功能字段；单位统一为台。	施工机具设备/泵类设备/自吸泵
SPARE-000119	齿轮泵	齿轮泵 2.2kW	功率：2.2kW	台	台	来源单位一致		2.2千瓦齿轮泵；齿轮泵		原始仅提供功率2.2kW，未提供流量、压力、口径等，作为初始库SKU仅保留功率字段。	SPARE-000119	1		保留功率作为最小关键规格；类型已体现在物料名称中，不重复；缺失其他规格不补，以避免百科式堆砌。	施工机具设备/泵类设备/齿轮泵
SPARE-000110	螺杆泵电机套装	螺杆泵电机套装 2.2kW 不锈钢	功率：2.2kW；材质：不锈钢	套	套	来源单位一致		2.2千瓦不锈钢螺杆泵和电机;螺杆泵电机套装	组成：螺杆泵+电机		SPARE-000110	1		保留功率和材质，删除默认组成，缺失电压/流量/扬程未补。	施工机具设备/泵类设备/螺杆泵电机套装
SPARE-000058	潜水泵	潜水泵 2.2kW 380V	电压：380V；功率：2.2kW	台	台	来源单位一致		380V 2.2千w潜水泵；潜水泵		原始规格缺失出口口径、流量、扬程，未补齐	SPARE-000058	1		保留电压和功率，缺失出口口径、流量、扬程，不作为唯一SKU判断字段	施工机具设备/泵类设备/潜水泵
SPARE-000139	潜水泵	潜水泵 370W 220V 1寸	电压：220V；功率：370W；出口口径：1寸	台	台	来源单位一致		潜水泵220V/370W-1寸出口；潜水泵		原始规格缺失流量、扬程，未补齐	SPARE-000139	1		保留电压、功率和出口口径，缺失流量、扬程，不作为唯一SKU判断字段	施工机具设备/泵类设备/潜水泵
PIPE-000229	自锁接头公头	自锁接头公头 8mm	规格/口径：8mm	个	个	来源单位一致		自锁气管接头公头	类型：自锁；连接方式：快插；材质：铜镀镍	原始规格缺失，按气动接头公头常见规格8mm生成	PIPE-000229	1		保留规格口径作为唯一关键规格；删除类型、连接方式、材质等默认字段；别名保留	液压气动/气动接头/自锁接头公头
METAL-000141	快接公头	快接公头 PP20	材质：不锈钢；型号：PP20	只	只	来源单位一致		不锈钢快接公头PP20；不锈钢快接公头	连接方式：快插；类型：快接公头	无口径信息，型号作为关键规格区分	METAL-000141	1		缺失口径，型号PP20可区分不同SKU，保留材质和型号作为最小规格	液压气动/气动接头/快接公头
METAL-000142	快接公头	快接公头 PP30	材质：不锈钢；型号：PP30	只	只	来源单位一致		不锈钢快接公头PP30；不锈钢快接公头	连接方式：快插；类型：快接公头	无口径信息，型号作为关键规格区分	METAL-000142	1		缺失口径，型号PP30可区分不同SKU，保留材质和型号作为最小规格	液压气动/气动接头/快接公头
METAL-000143	快接公头	快接公头 PP60	材质：不锈钢；型号：PP60	只	只	来源单位一致		不锈钢快接公头PP60；不锈钢快接公头	连接方式：快插；类型：快接公头	无口径信息，型号作为关键规格区分	METAL-000143	1		缺失口径，型号PP60可区分不同SKU，保留材质和型号作为最小规格	液压气动/气动接头/快接公头
PIPE-000202	弯头接头	弯头接头 10mm	规格/口径：10mm；材质：塑料	个	个	来源单位一致		10厘气管弯头；气管弯头接头	连接方式：快插；形态：弯头	口径原始为10厘，换算为10mm；材质推断为行业常见塑料材质	PIPE-000202	1		规范口径单位为mm，补齐常用材质	液压气动/气动接头/弯头接头
PIPE-000203	弯头接头	弯头接头 16mm	规格/口径：16mm；材质：塑料	个	个	来源单位一致		16厘气管弯头；气管弯头接头	连接方式：快插；形态：弯头	口径原始为16厘，换算为16mm；材质推断为行业常见塑料材质	PIPE-000203	1		规范口径单位为mm，补齐常用材质	液压气动/气动接头/弯头接头
PIPE-000201	弯头接头	弯头接头 8mm	规格/口径：8mm；材质：塑料	个	个	来源单位一致		8厘气管弯头；气管弯头接头	连接方式：快插；形态：弯头	口径原始为8厘，换算为8mm；材质推断为行业常见塑料材质	PIPE-000201	1		规范口径单位为mm，补齐常用材质	液压气动/气动接头/弯头接头
METAL-000151	直通快插接头	直通快插接头 1/4-10	材质：304不锈钢；螺纹：1/4；适用气管外径：10mm	个	个	来源单位一致		304不锈钢直通快插接头QS-1/4-10；不锈钢直通快插接头		从型号QS-1/4-10解析，1/4为螺纹，10为气管外径	METAL-000151	1		清理规格字段，从型号提取螺纹和气管径作为关键规格	液压气动/气动接头/直通快插接头
METAL-000150	直通快插接头	直通快插接头 1/4-12	材质：304不锈钢；螺纹：1/4；适用气管外径：12mm	个	个	来源单位一致		304不锈钢直通快插接头QS-1/4-12；不锈钢直通快插接头		从型号QS-1/4-12解析，1/4为螺纹，12为气管外径	METAL-000150	1		清理规格字段，从型号提取螺纹和气管径作为关键规格	液压气动/气动接头/直通快插接头
METAL-000152	直通快插接头	直通快插接头 1/4-8	材质：304不锈钢；螺纹：1/4；适用气管外径：8mm	个	个	来源单位一致		304不锈钢直通快插接头QS-1/4-8；不锈钢直通快插接头		从型号QS-1/4-8解析，1/4为螺纹，8为气管外径	METAL-000152	1		清理规格字段，从型号提取螺纹和气管径作为关键规格	液压气动/气动接头/直通快插接头
PIPE-000199	直通接头	直通接头 10厘	规格/口径：10厘	个	个	来源单位一致		10厘气管直通；气管直通接头	连接方式：快插	材质未提供，按行业默认快插接头材质（塑料）处理	PIPE-000199	1		保留唯一关键规格：管径；删除行业默认连接方式（快插）；材质不写入minimal_required_specs	液压气动/气动接头/直通接头
PIPE-000200	直通接头	直通接头 16厘	规格/口径：16厘	个	个	来源单位一致		16厘气管直通；气管直通接头	连接方式：快插	材质未提供，按行业默认快插接头材质（塑料）处理	PIPE-000200	1		保留唯一关键规格：管径；删除行业默认连接方式（快插）；材质不写入minimal_required_specs	液压气动/气动接头/直通接头
PIPE-000198	直通接头	直通接头 8厘	规格/口径：8厘	个	个	来源单位一致		8厘气管直通；气管直通接头	连接方式：快插	材质未提供，按行业默认快插接头材质（塑料）处理	PIPE-000198	1		保留唯一关键规格：管径；删除行业默认连接方式（快插）；材质不写入minimal_required_specs	液压气动/气动接头/直通接头
METAL-000144	直接接头	不锈钢直接接头 PC16-04	材质：不锈钢；接口：外丝；型号：PC16-04	只	只	来源单位一致		不锈钢快拧外丝直接PC16-04；不锈钢快拧外丝直接	类型：快拧外丝直接；连接形式：快拧		METAL-000144	1		型号和材质保留，连接形式和类型删除以避免冗余	液压气动/气动接头/直接接头
PIPE-000205	三通接头	三通接头 10mm	口径：10mm	个	个	来源单位一致		10厘气管三通；气管三通接头	材质：塑料（默认推断）；接口形式：快插	规格中只给出10厘，未提供材质和接口形式；气动接头默认材质为塑料，接口形式为快插	PIPE-000205	1		保留口径为唯一关键规格，删除默认材质和接口形式	液压气动/气动接头/三通接头
PIPE-000206	三通接头	三通接头 16mm	口径：16mm	个	个	来源单位一致		16厘气管三通；气管三通接头	材质：塑料（默认推断）；接口形式：快插	规格中只给出16厘，未提供材质和接口形式；气动接头默认材质为塑料，接口形式为快插	PIPE-000206	1		保留口径为唯一关键规格，删除默认材质和接口形式	液压气动/气动接头/三通接头
PIPE-000204	三通接头	三通接头 8mm	口径：8mm	个	个	来源单位一致		8厘气管三通；气管三通接头	材质：塑料（默认推断）；接口形式：快插	规格中只给出8厘，未提供材质和接口形式；气动接头默认材质为塑料，接口形式为快插	PIPE-000204	1		保留口径为唯一关键规格，删除默认材质和接口形式	液压气动/气动接头/三通接头
PIPE-000259	自锁接头	自锁接头 8mm	气管外径：8mm；螺纹规格：R1/4	套	套	来源单位一致		气管自锁接头	类型：自锁接头；连接方式：快插；材质：铜（行业常用默认）	原始规格缺失，按常见自锁接头规格（气管外径8mm，螺纹R1/4）生成初始SKU	PIPE-000259	1		规格缺失，按常见口径和螺纹默认补齐；删除冗余字段；别名保留。	液压气动/气动接头/自锁接头
PIPE-000410	两半扣	两半扣 DN100	材质：合金；规格/口径：DN100	套	套	来源单位一致		合金两半扣DN100；合金两半扣		压力等级缺失，未在原始数据中提供，作为初始SKU暂不纳入最小规格，建议采购前确认。	PIPE-000410	1		保留原始材质和规格口径，删除无效或冗余字段（无），压力等级虽关键但缺失，未强行补全。	液压气动/液压接头/两半扣
PIPE-000481	两半扣	两半扣 DN50	材质：合金；规格/口径：DN50	套	套	来源单位一致		合金两半扣DN50；合金两半扣		压力等级缺失，未在原始数据中提供，作为初始SKU暂不纳入最小规格，建议采购前确认。	PIPE-000481	1		保留原始材质和规格口径，删除无效或冗余字段（无），压力等级虽关键但缺失，未强行补全。	液压气动/液压接头/两半扣
PIPE-000482	两半扣	两半扣 DN80	材质：合金；规格/口径：DN80	套	套	来源单位一致		合金两半扣DN80；两半扣		压力等级缺失，未在原始数据中提供，作为初始SKU暂不纳入最小规格，建议采购前确认。	PIPE-000482	1		保留原始材质和规格口径，删除无效或冗余字段（无），压力等级虽关键但缺失，未强行补全。	液压气动/液压接头/两半扣
METAL-000021	卡套接头	卡套接头 6*12	材质：不锈钢；规格：6*12	个	个	来源单位一致		卡6*12不锈钢接头；不锈钢卡套接头		压力等级缺失，按常见液压卡套接头默认30MPa	METAL-000021	1		规格6*8与6*12不同，材质相同，独立SKU	液压气动/液压接头/卡套接头
METAL-000020	卡套接头	卡套接头 6*8	材质：不锈钢；规格：6*8	个	个	来源单位一致		卡6*8不锈钢接头；不锈钢卡套接头		压力等级缺失，按常见液压卡套接头默认30MPa	METAL-000020	1		规格6*8与6*12不同，材质相同，独立SKU	液压气动/液压接头/卡套接头
PIPE-000050	卡套三通	卡套三通 6*12 不锈钢	规格/口径：6*12；材质：不锈钢	个	个	来源单位一致		卡6*12不锈钢三通；不锈钢卡套三通	连接方式：卡套；类型：三通		PIPE-000050	1		保留规格和材质，删除默认连接方式和类型字段	液压气动/液压接头/卡套三通
PIPE-000230	自锁接头螺母	自锁接头螺母 8mm	规格：8mm	个	个	来源单位一致		自锁气管接头螺母	类型：自锁；部件：螺母	原始未提供规格/口径，按气动接头常用规格生成，假设气管外径8mm	PIPE-000230	1		缺失规格和口径，按最常用气管外径8mm生成初始SKU	液压气动/气动接头/自锁接头螺母
PIPE-000232	气管	气管 10mm PU	外径：10mm；材质：PU	米	米	来源单位一致		10mm气管；气管		材质缺失，按常见采购规格补齐为PU；气管外径常见材质为PU	PIPE-000232	1		外径为关键规格，材质按常见推断补齐	液压气动/气管/气管
PIPE-000233	气管	气管 16mm PU	外径：16mm；材质：PU	米	米	来源单位一致		16mm气管；气管		材质缺失，按常见采购规格补齐为PU；气管外径常见材质为PU	PIPE-000233	1		外径为关键规格，材质按常见推断补齐	液压气动/气管/气管
METAL-000140	自锁接头套装	自锁接头套装 不锈钢 C式 SM40+PM40	材质：不锈钢；类型：C式自锁；型号组合：SM40+PM40；接口：外丝+内丝	套	套	来源单位一致		不锈钢C式自锁接头SM40+PM40；不锈钢C式自锁接头套装	无		METAL-000140	1		保留材质、类型、型号组合和接口形式作为关键区分规格；删除无效描述'无'。	液压气动/气动接头/自锁接头套装
PIPE-000389	三通接头	三通接头 20*1.5	螺纹：20*1.5	只	只	来源单位一致		20*1.5三通；三通接头			PIPE-000389	1		保留螺纹规格 20*1.5 作为核心规格，缺失材质和压力等级未强制补齐，连接方式默认螺纹已隐含于规格中。	液压气动/液压接头/三通接头
PIPE-000337	三通接头	三通接头 36*2	螺纹：36*2	只	只	来源单位一致		36*2三通；三通接头			PIPE-000337	1		保留螺纹规格 36*2 作为核心规格，缺失材质和压力等级未强制补齐，连接方式默认螺纹已隐含于规格中。	液压气动/液压接头/三通接头
PIPE-000403	油管护套	油管护套 M16*1	螺纹/规格：M16*1；材质：钢制	只	只	来源单位一致		油管护套M16*1；油管护套		材质未提供，根据油管护套行业常见材质推断为钢制	PIPE-000403	1		螺纹/规格区分SKU，材质推断为钢制作为初始常用物料	液压气动/油管护套/液压防护件（候选）/油管护套
PIPE-000398	油管护套	油管护套 M20*1.5	螺纹/规格：M20*1.5；材质：钢制	只	只	来源单位一致		油管护套M20*1.5；油管护套		材质未提供，根据油管护套行业常见材质推断为钢制	PIPE-000398	1		螺纹/规格区分SKU，材质推断为钢制作为初始常用物料	液压气动/油管护套/液压防护件（候选）/油管护套
PIPE-000400	油管护套	油管护套 M36*2	螺纹/规格：M36*2；材质：钢制	只	只	来源单位一致		油管护套M36*2；油管护套		材质未提供，根据油管护套行业常见材质推断为钢制	PIPE-000400	1		螺纹/规格区分SKU，材质推断为钢制作为初始常用物料	液压气动/油管护套/液压防护件（候选）/油管护套
PIPE-000401	油管护套	油管护套 M42*4	螺纹/规格：M42*4；材质：钢制	只	只	来源单位一致		油管护套M42*4；油管护套		材质未提供，根据油管护套行业常见材质推断为钢制	PIPE-000401	1		螺纹/规格区分SKU，材质推断为钢制作为初始常用物料	液压气动/油管护套/液压防护件（候选）/油管护套
PIPE-000399	油管护套	油管护套 M48*2	螺纹/规格：M48*2；材质：钢制	只	只	来源单位一致		油管护套M48*2；油管护套		材质未提供，根据油管护套行业常见材质推断为钢制	PIPE-000399	1		螺纹/规格区分SKU，材质推断为钢制作为初始常用物料	液压气动/油管护套/液压防护件（候选）/油管护套
PIPE-000402	油管护套	油管护套 M52*2	螺纹/规格：M52*2；材质：钢制	只	只	来源单位一致		油管护套M52*2；油管护套		材质未提供，根据油管护套行业常见材质推断为钢制	PIPE-000402	1		螺纹/规格区分SKU，材质推断为钢制作为初始常用物料	液压气动/油管护套/液压防护件（候选）/油管护套
PIPE-000176	堵头	堵头 1.5寸	规格/口径：1.5寸；压力/工况：高压	个	个	来源单位一致		1.5寸高压堵头；高压堵头	类型：堵头		PIPE-000176	1		规范规格表述，保留关键口径和压力	液压气动/液压接头/堵头
PIPE-000173	堵头	堵头 1/2英寸	规格/口径：1/2英寸；压力/工况：高压	个	个	来源单位一致		1/2高压堵头；高压堵头	类型：堵头		PIPE-000173	1		规范规格表述，保留关键口径和压力	液压气动/液压接头/堵头
PIPE-000175	堵头	堵头 1英寸	规格/口径：1英寸；压力/工况：高压	个	个	来源单位一致		1高压堵头；高压堵头	类型：堵头		PIPE-000175	1		规范规格表述，保留关键口径和压力	液压气动/液压接头/堵头
PIPE-000305	堵头	堵头 25 外丝	规格/口径：25；连接：外丝；压力/工况：高压	个	个	来源单位一致		25高压外丝堵头；高压外丝堵头	类型：堵头		PIPE-000305	1		明确外丝连接，保留口径和压力	液压气动/液压接头/堵头
PIPE-000177	堵头	堵头 2寸	规格/口径：2寸；压力/工况：高压	个	个	来源单位一致		2寸高压堵头；高压堵头	类型：堵头		PIPE-000177	1		规范规格表述，保留关键口径和压力	液压气动/液压接头/堵头
PIPE-000174	堵头	堵头 3/4英寸	规格/口径：3/4英寸；压力/工况：高压	个	个	来源单位一致		3/4高压堵头；高压堵头	类型：堵头		PIPE-000174	1		规范规格表述，保留关键口径和压力	液压气动/液压接头/堵头
PIPE-000196	堵头	堵头 42L	规格/口径：42L；用途/系统：液压	个	个	来源单位一致		42L液压堵头；液压堵头	类型：堵头		PIPE-000196	1		保留规格和用途，压力等级缺失	液压气动/液压接头/堵头
PIPE-000315	堵头	堵头 M36*2 内丝	螺纹规格：M36*2；连接：内丝；压力/工况：高压	个	个	来源单位一致		M36*2高压内丝堵头；高压堵头	类型：堵头		PIPE-000315	1		明确内丝和螺纹规格，保留压力	液压气动/液压接头/堵头
PIPE-000316	堵头	堵头 M36*2 外丝	螺纹规格：M36*2；连接：外丝；压力/工况：高压	个	个	来源单位一致		M36*2高压外丝堵头；高压堵头	类型：堵头		PIPE-000316	1		明确外丝和螺纹规格，保留压力	液压气动/液压接头/堵头
PIPE-000347	变径接头	变径接头 1/2-3/4	"规格口径：1/2""-3/4"""	个	个	来源单位一致		变径接头1/2-3/4；变径接头		材质默认碳钢，压力等级默认35MPa；单位从“只”统一为“个”	PIPE-000347	1		保留规格口径，默认材质和压力等级	液压气动/液压接头/变径接头
PIPE-000334	变径接头	变径接头 25×36	规格口径：25×36	个	个	来源单位一致		25*2/36*2大小头；变径接头		规格解析：25*2/36*2为公称直径25×36变径，忽略壁厚；材质默认碳钢，压力等级默认35MPa；单位从“只”统一为“个”	PIPE-000334	1		保留规格口径，删除壁厚推测，默认材质和压力等级以区分SKU	液压气动/液压接头/变径接头
PIPE-000471	变径接头	变径接头 不锈钢 450×450	材质：不锈钢；规格口径：450×450	个	个	来源单位一致		订做不锈钢变径接头450*450；变径接头	定制：是	压力等级默认35MPa	PIPE-000471	1		保留材质和规格口径，删除定制标记，默认压力等级	液压气动/液压接头/变径接头
METAL-000018	卡扣接头	卡扣接头 DN6*10 不锈钢	材质：不锈钢；规格/口径：DN6*10	个	个	来源单位一致		DN6*10不锈钢卡扣接头；不锈钢卡扣接头		压力等级缺失，需后续确认	METAL-000018	1		保留材质和规格口径，删除其他无关字段；压力等级缺失未填充	液压气动/液压接头/卡扣接头
METAL-000017	卡扣接头	卡扣接头 DN6*6 不锈钢	材质：不锈钢；规格/口径：DN6*6	个	个	来源单位一致		DN6*6不锈钢卡扣接头；不锈钢卡扣接头		压力等级缺失，需后续确认	METAL-000017	1		保留材质和规格口径，删除其他无关字段；压力等级缺失未填充	液压气动/液压接头/卡扣接头
PIPE-000346	对丝接头	对丝接头 1/2	螺纹规格：1/2	个	个	来源单位一致		接头1/2对丝；对丝接头		原始单位为只，统一为个	PIPE-000346	1		保留螺纹规格，单位统一	液压气动/液压接头/对丝接头
PIPE-000307	对丝接头	对丝接头 20	螺纹规格：20；压力/工况：高压	个	个	来源单位一致		20高压对丝；高压对丝	类型：对丝		PIPE-000307	1		保留螺纹规格和压力工况，删除默认类型字段	液压气动/液压接头/对丝接头
PIPE-000390	对丝接头	对丝接头 20*1.5	螺纹规格：20*1.5	个	个	来源单位一致		20*1.5对丝；对丝接头	类型：对丝	原始单位为只，统一为个	PIPE-000390	1		保留螺纹规格，删除默认类型，单位统一	液压气动/液压接头/对丝接头
PIPE-000352	对丝接头	对丝接头 20*1.5	螺纹规格：20*1.5；压力/工况：高压	个	个	来源单位一致		高压接头20*1.5对丝；高压对丝接头		原始单位为只，统一为个	PIPE-000352	1		保留螺纹规格和压力工况，单位统一	液压气动/液压接头/对丝接头
PIPE-000353	对丝接头	对丝接头 24*1.5	螺纹规格：24*1.5；压力/工况：高压	个	个	来源单位一致		高压接头24*1.5对丝；高压对丝接头		原始单位为只，统一为个	PIPE-000353	1		保留螺纹规格和压力工况，单位统一	液压气动/液压接头/对丝接头
PIPE-000354	对丝接头	对丝接头 30*2	螺纹规格：30*2；压力/工况：高压	个	个	来源单位一致		高压接头30*2对丝；高压对丝接头	连接形式：对丝	原始单位为只，统一为个	PIPE-000354	1		保留螺纹规格和压力工况，删除默认连接形式，单位统一	液压气动/液压接头/对丝接头
PIPE-000338	对丝接头	对丝接头 36*2	螺纹规格：36*2	个	个	来源单位一致		36*2对丝；对丝接头		原始单位为只，统一为个	PIPE-000338	1		保留螺纹规格，单位统一	液压气动/液压接头/对丝接头
PIPE-000355	对丝接头	对丝接头 36*2	螺纹规格：36*2；压力/工况：高压	个	个	来源单位一致		高压接头36*2对丝；高压对丝接头	连接形式：对丝	原始单位为只，统一为个	PIPE-000355	1		保留螺纹规格和压力工况，删除默认连接形式，单位统一	液压气动/液压接头/对丝接头
PIPE-000443	对丝接头	对丝接头 36*2H	螺纹规格：36*2H	个	个	来源单位一致		36*2H对丝接头；对丝接头	类型：对丝接头	原始单位为只，统一为个	PIPE-000443	1		保留螺纹规格（含H标识），删除默认类型，单位统一	液压气动/液压接头/对丝接头
PIPE-000356	对丝接头	对丝接头 52*2	螺纹规格：52*2；压力/工况：高压	个	个	来源单位一致		高压接头52*2对丝；高压对丝接头	连接形式：对丝	原始单位为只，统一为个	PIPE-000356	1		保留螺纹规格和压力工况，删除默认连接形式，单位统一	液压气动/液压接头/对丝接头
PIPE-000377	对丝接头	对丝接头 M20*1.5	螺纹规格：M20*1.5	个	个	来源单位一致		液压接头m20*1.5对丝；液压对丝接头	类型：对丝；用途/系统：液压	原始单位为只，统一为个	PIPE-000377	1		保留螺纹规格，删除默认类型和用途字段，单位统一	液压气动/液压接头/对丝接头
PIPE-000045	弯头接头	弯头接头 8*6 加长	材质：不锈钢；规格/口径：8*6；特征：加长	个	个	来源单位一致		8*6不锈钢加长弯头；不锈钢加长弯头			PIPE-000045	1		保留材质、口径和加长特征；未补压力等级和连接形式因原始缺失且不影响最小SKU判断。	液压气动/液压接头/弯头接头
PIPE-000216	弯头接头	弯头接头 M52*28H 内外牙	螺纹/型号：M52*28H；连接：内外牙	个	个	来源单位一致		液压M52*28H内外牙弯头；液压内外牙弯头	用途/系统：液压		PIPE-000216	1		保留螺纹和连接方式；删除泛化用途字段。	液压气动/液压接头/弯头接头
PIPE-000223	快速接头	快速接头 30	口径：30	套	套	来源单位一致		30油管快速接头；油管快速接头	类型：快速接头	规格字段30推断为口径	PIPE-000223	1		规格值30作为口径保留	液压气动/液压接头/快速接头
PIPE-000222	快速接头	快速接头 36	口径：36	套	套	来源单位一致		36油管快速接头；油管快速接头	类型：快速接头	规格字段36推断为口径	PIPE-000222	1		规格值36作为口径保留	液压气动/液压接头/快速接头
PIPE-000221	快速接头	快速接头 45	口径：45	套	套	来源单位一致		45油管快速接头；油管快速接头	类型：快速接头	规格字段45推断为口径	PIPE-000221	1		规格值45作为口径保留	液压气动/液压接头/快速接头
PIPE-000220	快速接头	快速接头 52	口径：52	套	套	来源单位一致		52油管快速接头；油管快速接头	类型：快速接头	规格字段52推断为口径	PIPE-000220	1		规格值52作为口径保留	液压气动/液压接头/快速接头
PIPE-000155	快速接头	快速接头 GR6-25S	口径：25	套	套	来源单位一致		GR6-25S液压快速接头；液压快速接头	类型：快速接头；用途/系统：液压	型号GR6-25S中25推断为口径	PIPE-000155	1		型号含25，推断口径25，保留为关键规格	液压气动/液压接头/快速接头
PIPE-000301	扣件	铝合金加厚扣件 100	材质：铝合金；规格/口径：100；特征：加厚	个	个	来源单位一致		100加厚铝合金扣；加厚铝合金扣	连接方式：扣压	根据规格字段推断为公称直径100mm	PIPE-000301	1		关键规格为口径、材质、加厚特征；连接方式默认扣压已删除	液压气动/液压接头/扣件
PIPE-000296	扣件	铝合金加厚扣件 50	材质：铝合金；规格/口径：50；特征：加厚	个	个	来源单位一致		50加厚铝合金扣；铝合金扣	连接方式：扣压	根据规格字段推断为公称直径50mm	PIPE-000296	1		关键规格为口径、材质、加厚特征；连接方式默认扣压已删除	液压气动/液压接头/扣件
PIPE-000297	扣件	铝合金加厚扣件 80	材质：铝合金；规格/口径：80；特征：加厚	个	个	来源单位一致		80加厚铝合金扣；铝合金扣	连接方式：扣压	根据规格字段推断为公称直径80mm	PIPE-000297	1		关键规格为口径、材质、加厚特征；连接方式默认扣压已删除	液压气动/液压接头/扣件
PIPE-000445	变径对丝接头	变径对丝接头 1寸/36*2H	规格口径：1寸/36*2H	只	只	来源单位一致		1寸/36*2H变径对丝接头；变径对丝接头	类型：变径对丝		PIPE-000445	1		保留规格口径字段，删除类型字段，因为类型已体现在物料名称中；材质和压力等级缺失，未补充。	液压气动/液压接头/变径对丝接头
PIPE-000386	变径对丝接头	变径对丝接头 25*2/36*2	规格口径：25*2/36*2	只	只	来源单位一致		变径对丝25*2/36*2；变径对丝接头	类型：变径对丝		PIPE-000386	1		保留规格口径字段，删除类型字段，因为类型已体现在物料名称中；材质和压力等级缺失，未补充。	液压气动/液压接头/变径对丝接头
PIPE-000302	接头	接头 100 铜 加厚	规格：100；材质：铜；特征：加厚	个	个	来源单位一致		100加厚铜头；加厚铜接头			PIPE-000302	1		保留规格、材质、特征	液压气动/液压接头/接头
PIPE-000300	接头	接头 100 高压	规格：100；压力/工况：高压	个	个	来源单位一致		100高压接头；高压接头	类型：接头		PIPE-000300	1		保留规格、压力工况，删除默认类型	液压气动/液压接头/接头
PIPE-000368	接头	接头 1寸 外丝 高压	规格：1寸；接口：外丝；压力/工况：高压	只	只	来源单位一致		液压高压外丝接头1寸；液压高压外丝接头	用途：液压高压（液压部分行业默认）		PIPE-000368	1		保留规格、接口、压力工况，删除默认用途	液压气动/液压接头/接头
PIPE-000362	接头	接头 24S 超高压	系列/规格：24S；等级：超高压	套	套	来源单位一致	派克	派克超高压液压接头24S；超高压液压接头	用途/系统：液压		PIPE-000362	1		保留系列规格、等级，删除默认用途，品牌单独列出	液压气动/液压接头/接头
PIPE-000157	接头	接头 33/25S 高压	型号/规格：33/25S；压力/工况：高压	个	个	来源单位一致		33/25s高压接头；高压接头			PIPE-000157	1		保留型号规格、压力工况	液压气动/液压接头/接头
PIPE-000357	接头	接头 36*2 重型 高压	规格：36*2；类型：重型；压力/工况：高压	只	只	来源单位一致		重型高压接头36*2；重型高压接头			PIPE-000357	1		保留规格、类型、压力工况	液压气动/液压接头/接头
PIPE-000365	接头	接头 36*2H 内丝 高压	规格：36*2H；接口：内丝；压力/工况：高压	只	只	来源单位一致		高压内丝接头36*2H；高压内丝接头			PIPE-000365	1		保留规格、接口、压力工况	液压气动/液压接头/接头
PIPE-000156	接头	接头 36/25S 高压	型号/规格：36/25S；压力/工况：高压	个	个	来源单位一致		36/25s高压接头；高压接头			PIPE-000156	1		保留型号规格、压力工况	液压气动/液压接头/接头
PIPE-000158	接头	接头 36/28S 高压	型号/规格：36/28S；压力/工况：高压	个	个	来源单位一致		36/28s高压接头；高压接头			PIPE-000158	1		保留型号规格、压力工况	液压气动/液压接头/接头
PIPE-000360	接头	接头 38S 超高压	系列/规格：38S；等级：超高压	套	套	来源单位一致	日东	日东超高压接头38S；超高压接头			PIPE-000360	1		保留系列规格、等级，品牌单独列出	液压气动/液压接头/接头
PIPE-000361	接头	接头 42L 超高压	系列/规格：42L；等级：超高压	套	套	来源单位一致	日东	日东超高压接头42L；超高压接头			PIPE-000361	1		保留系列规格、等级，品牌单独列出	液压气动/液压接头/接头
PIPE-000189	接头	接头 50 铜 加厚	规格：50；材质：铜；特征：加厚	个	个	来源单位一致		50加厚铜头；加厚铜接头			PIPE-000189	1		保留规格、材质、特征	液压气动/液压接头/接头
PIPE-000137	接头	接头 50 高压外接	公称直径：50；连接类型：外接；压力/工况：高压	个	个	来源单位一致		50高压外接；高压外接头			PIPE-000137	1		保留公称直径、连接类型、压力工况	液压气动/液压接头/接头
METAL-000019	接头	接头 8*6 不锈钢加长	规格：8*6；材质：不锈钢；特征：加长	个	个	来源单位一致		8*6不锈钢加长接头；不锈钢加长接头			METAL-000019	1		保留原规格、材质、特征，去除无关字段	液压气动/液压接头/接头
PIPE-000183	接头	接头 80 铜 加厚	规格：80；材质：铜；特征：加厚	个	个	来源单位一致		80加厚铜头；加厚铜接头			PIPE-000183	1		保留规格、材质、特征	液压气动/液压接头/接头
PIPE-000317	接头	接头 M20*1.5	螺纹：M20*1.5	个	个	来源单位一致		M20*1.5接头；螺纹接头			PIPE-000317	1		保留螺纹规格	液压气动/液压接头/接头
PIPE-000164	接头	接头 M36*2A 外丝 高压	螺纹：M36*2A；接口：外丝；压力/工况：高压	个	个	来源单位一致		M36*2A高压外丝；高压外丝接头			PIPE-000164	1		保留螺纹、接口、压力工况	液压气动/液压接头/接头
PIPE-000184	接头组件	接头组件 80 加厚铜头铝扣	规格/口径：80；材质/组成：铜头、铝扣；特征：加厚	个	个	来源单位一致		80加厚铜头铝扣；铜头铝套组件		原始规格缺失连接方式、压力等级、具体材质等，未进行推断，仅保留已有字段	PIPE-000184	1		仅保留已有规格字段，缺失关键连接信息，需人工确认	液压气动/液压接头/接头组件
PIPE-000340	扣头	扣头 M52 铝合金	规格：M52；材质：铝合金	只	只	来源单位一致		M52铝合金八字扣头；八字扣头			PIPE-000340	1		保留规格M52和材质铝合金，别名写入aliases，连接方式、压力等级等缺失未补	液压气动/液压接头/扣头
PIPE-000136	油管接头	油管接头 DN50 高压	公称直径：50；压力：高压	个	个	来源单位一致		50高压接头；高压油管接头	类型：接头	根据常见高压油管接头规格，保留公称直径和压力等级，删除默认的类型字段。	PIPE-000136	1		保留影响采购判断的直径和压力，删除默认的'类型：接头'，别名保留以辅助识别。	液压气动/液压接头/油管接头
PIPE-000349	转换接头	转换接头 外丝转内丝 36*2	螺纹：36*2；接口：外丝转内丝；压力/工况：高压	套	套	来源单位一致		高压接头36*2外丝转内丝；高压转换接头			PIPE-000349	1		螺纹和接口方向是采购关键，压力等级高压影响选择，保留	液压气动/液压接头/转换接头
PIPE-000350	转换接头	转换接头 外丝转内丝 52*2	螺纹：52*2；接口：外丝转内丝；压力/工况：高压	套	套	来源单位一致		高压接头52*2外丝转内丝；高压转换接头			PIPE-000350	1		螺纹和接口方向是采购关键，压力等级高压影响选择，保留	液压气动/液压接头/转换接头
PIPE-000312	转换接头	转换接头 宝塔头	类型：宝塔头	套	套	来源单位一致		转换宝塔头；转换宝塔接头		依据名称'宝塔头'保留类型，未补全缺失的规格、材质、压力等级	PIPE-000312	1		宝塔头是关键形态，保留类型字段；其他规格缺失，未补全	液压气动/液压接头/转换接头
PIPE-000351	转换接头	转换接头 异径 24*1.5/36*2	螺纹：24*1.5/36*2；压力/工况：高压	套	套	来源单位一致		高压接头24*1.5/36*2；高压转换接头		原始未提供接口方向，保留现有螺纹和压力信息	PIPE-000351	1		异径螺纹是关键规格，高压压力保留；接口方向缺失，未补全	液压气动/液压接头/转换接头
PIPE-000348	直接接头	直接接头 M32*2 内丝	螺纹：M32*2；接口：内丝；压力等级：高压；材质：碳钢	只	只	来源单位一致		m32*2高压内丝直接；高压直接		原始缺失材质，根据常见液压高压直接接头推断为碳钢	PIPE-000348	1		保留螺纹、内丝、高压；推断材质为碳钢	液压气动/液压接头/直接接头
PIPE-000314	胶管接头	胶管接头 100	规格/口径：100	套	套	来源单位一致		100胶管接头；胶管接头	类型：胶管接头	原始规格100推断为公称口径	PIPE-000314	1		原始规格仅有口径100，材质、压力等级缺失，暂按常见口径生成最小SKU，缺失字段后续补全。	液压气动/液压接头/胶管接头
PIPE-000218	接头夹	接头夹 50	口径：50；材质：铜头铝扣	个	个	来源单位一致		铜头铝套组件；50铜头铝扣；铜头铝合金夹			PIPE-000218	1		原始规格为50，组成含铜头和铝扣，保留口径和材质作为关键规格。	液压气动/液压接头/接头夹
PIPE-000207	接头夹	接头夹 80	口径：80；材质：铜头铝合金夹	个	个	来源单位一致		80铜头铝合金夹；铜头铝合金夹			PIPE-000207	1		原始规格为80，组成含铜头和铝合金夹，保留口径和材质作为关键规格。	液压气动/液压接头/接头夹
PIPE-000190	气动阀	气动阀 APL-210V	型号：APL-210V；状态：常闭	个	个	来源单位一致		APL-210V气动阀；气动阀	常闭/DN/型号按规格字段维护（描述性文本）		PIPE-000190	1		基于型号APL-210V和常闭状态生成SKU，删除描述性文本'常闭/DN/型号按规格字段维护'。	液压气动/液压气动阀/气动阀
PIPE-000264	气动阀	气动阀 DN50	公称直径：DN50；状态：常闭	套	套	来源单位一致		DN50常闭气动阀；常闭气动阀	驱动：气动（行业默认）；常闭/DN/型号按规格字段维护（描述性文本）		PIPE-000264	1		基于公称直径DN50和常闭状态生成SKU，删除行业默认驱动方式和描述性文本。	液压气动/液压气动阀/气动阀
PIPE-000217	高压钢丝软管	高压钢丝软管 DN50	内径：50mm	米	米	来源单位一致		50高压钢丝管；高压钢丝管	结构：钢丝增强	压力等级缺失，按通用高压钢丝软管处理	PIPE-000217	1		保留内径为关键规格，删除默认的钢丝增强结构描述；压力等级未提供，建议后续补充	液压气动/高压油管/胶管/高压钢丝软管
PIPE-000490	高压钢丝软管	高压钢丝软管 Φ25	内径：25mm	米	米	来源单位一致		高压钢丝管Φ25；高压钢丝软管	结构：钢丝增强	压力等级缺失，按通用高压钢丝软管处理	PIPE-000490	1		保留内径为关键规格，删除默认的钢丝增强结构描述；压力等级未提供，建议后续补充	液压气动/高压油管/胶管/高压钢丝软管
PIPE-000358	电磁阀	电磁阀 2622200	型号：2622200；进口：是	个	个	来源单位一致		进口电磁阀2622200；电磁阀		原始缺失电压，由型号可查得	PIPE-000358	1		型号2622200和进口属性是关键规格，保留为最小规格	液压气动/液压气动阀/电磁阀
PIPE-000181	电磁阀	电磁阀 4M210L-8	型号：4M210L-8	个	个	来源单位一致		4M210L-8电磁阀；电磁阀		原始缺失电压，由型号可查得	PIPE-000181	1		型号4M210L-8是关键规格，保留为最小规格	液压气动/液压气动阀/电磁阀
PIPE-000163	电磁阀	电磁阀 通用	规格：通用	个	个	来源单位一致		气动电磁阀		原始缺失型号/口径/电压，按通用气动电磁阀创建；后处理补齐：原输出最小规格为空，按初始物料清单口径设为规格：通用	PIPE-000163	1		原始SKU无型号、口径、电压等关键规格，无法唯一确定，按通用SKU处理；后处理补齐：原输出最小规格为空，按初始物料清单口径设为规格：通用	液压气动/液压气动阀/电磁阀
PIPE-000197	高压树脂管	高压树脂管 8mm	规格/口径：8mm；压力等级：10bar	米	米	来源单位一致		8厘高压树脂管；高压树脂管	材质：树脂；类型：高压管；规格：8厘	压力等级缺失，按常见8mm高压树脂管工作压力10bar补充	PIPE-000197	1		按口径8mm命名，压力等级按常用值补充，删除冗余材质和类型字段	液压气动/高压油管/胶管/高压树脂管
PIPE-000326	胶管总成	胶管总成 36*2-2层 1.1米	规格：36*2；层数：2层；长度：1.1米；接头形式：两端接头	根	根	来源单位一致		胶管36*2-2层-1.1米；胶管总成		接头形式根据行业惯例默认为两端接头	PIPE-000326	1		保留规格、层数、长度；默认补充接头形式；材质、压力等级缺失未补	液压气动/胶管总成/胶管总成
PIPE-000344	胶管总成	胶管总成 36*2-2层 1.2米	规格：36*2；层数：2层；长度：1.2米；接头形式：两端接头	根	根	来源单位一致		胶管36*2-2层-1.2米；胶管总成		接头形式根据行业惯例默认为两端接头	PIPE-000344	1		保留规格、层数、长度；默认补充接头形式；材质、压力等级缺失未补	液压气动/胶管总成/胶管总成
PIPE-000329	胶管总成	胶管总成 36*2-2层 1.3米	规格：36*2；层数：2层；长度：1.3米；接头形式：两端接头	根	根	来源单位一致		胶管36*2-2层-1.3米；胶管总成		接头形式根据行业惯例默认为两端接头	PIPE-000329	1		保留规格、层数、长度；默认补充接头形式；材质、压力等级缺失未补	液压气动/胶管总成/胶管总成
PIPE-000380	胶管总成	胶管总成 36*2-2层 10米	规格：36*2；层数：2层；长度：10米；接头形式：两端接头	根	根	来源单位一致		胶管36*2-2层-10米；胶管总成		接头形式根据行业惯例默认为两端接头	PIPE-000380	1		保留规格、层数、长度；默认补充接头形式；材质、压力等级缺失未补	液压气动/胶管总成/胶管总成
PIPE-000381	胶管总成	胶管总成 36*2-2层 11米	规格：36*2；层数：2层；长度：11米；接头形式：两端接头	根	根	来源单位一致		胶管36*2-2层-11米；胶管总成		接头形式根据行业惯例默认为两端接头	PIPE-000381	1		保留规格、层数、长度；默认补充接头形式；材质、压力等级缺失未补	液压气动/胶管总成/胶管总成
PIPE-000318	胶管总成	胶管总成 36*2-2层 12米	规格：36*2；层数：2层；长度：12米；接头形式：两端接头	根	根	来源单位一致		胶管36*2-2层-12米；胶管总成		接头形式根据行业惯例默认为两端接头	PIPE-000318	1		保留规格、层数、长度；默认补充接头形式；材质、压力等级缺失未补	液压气动/胶管总成/胶管总成
PIPE-000322	胶管总成	胶管总成 36*2-2层 15.9米	规格：36*2；层数：2层；长度：15.9米；接头形式：两端接头	根	根	来源单位一致		胶管36*2-2层-15.9米；胶管总成		接头形式根据行业惯例默认为两端接头	PIPE-000322	1		保留规格、层数、长度；默认补充接头形式；材质、压力等级缺失未补	液压气动/胶管总成/胶管总成
PIPE-000382	胶管总成	胶管总成 36*2-2层 15米	规格：36*2；层数：2层；长度：15米；接头形式：两端接头	根	根	来源单位一致		胶管36*2-2层-15米；胶管总成		接头形式根据行业惯例默认为两端接头	PIPE-000382	1		保留规格、层数、长度；默认补充接头形式；材质、压力等级缺失未补	液压气动/胶管总成/胶管总成
PIPE-000319	胶管总成	胶管总成 36*2-2层 17.7米	规格：36*2；层数：2层；长度：17.7米；接头形式：两端接头	根	根	来源单位一致		胶管36*2-2层-17.7米；胶管总成		接头形式根据行业惯例默认为两端接头	PIPE-000319	1		保留规格、层数、长度；默认补充接头形式；材质、压力等级缺失未补	液压气动/胶管总成/胶管总成
PIPE-000328	胶管总成	胶管总成 36*2-2层 1米	规格：36*2；层数：2层；长度：1米；接头形式：两端接头	根	根	来源单位一致		胶管36*2-2层-1米；胶管总成		接头形式根据行业惯例默认为两端接头	PIPE-000328	1		保留规格、层数、长度；默认补充接头形式；材质、压力等级缺失未补	液压气动/胶管总成/胶管总成
PIPE-000323	胶管总成	胶管总成 36*2-2层 2.3米	规格：36*2；层数：2层；长度：2.3米；接头形式：两端接头	根	根	来源单位一致		胶管36*2-2层-2.3米；胶管总成		接头形式根据行业惯例默认为两端接头	PIPE-000323	1		保留规格、层数、长度；默认补充接头形式；材质、压力等级缺失未补	液压气动/胶管总成/胶管总成
PIPE-000379	胶管总成	胶管总成 36*2-2层 2.5米	规格：36*2；层数：2层；长度：2.5米；接头形式：两端接头	根	根	来源单位一致		胶管36*2-2层-2.5米；胶管总成		接头形式根据行业惯例默认为两端接头	PIPE-000379	1		保留规格、层数、长度；默认补充接头形式；材质、压力等级缺失未补	液压气动/胶管总成/胶管总成
PIPE-000331	胶管总成	胶管总成 36*2-2层 3.3米	规格：36*2；层数：2层；长度：3.3米；接头形式：两端接头	根	根	来源单位一致		胶管36*2-2层-3.3米；胶管总成		接头形式根据行业惯例默认为两端接头	PIPE-000331	1		保留规格、层数、长度；默认补充接头形式；材质、压力等级缺失未补	液压气动/胶管总成/胶管总成
PIPE-000324	胶管总成	胶管总成 36*2-2层 3.4米	规格：36*2；层数：2层；长度：3.4米；接头形式：两端接头	根	根	来源单位一致		胶管36*2-2层-3.4米；胶管总成		接头形式根据行业惯例默认为两端接头	PIPE-000324	1		保留规格、层数、长度；默认补充接头形式；材质、压力等级缺失未补	液压气动/胶管总成/胶管总成
PIPE-000325	胶管总成	胶管总成 36*2-2层 3.9米	规格：36*2；层数：2层；长度：3.9米；接头形式：两端接头	根	根	来源单位一致		胶管36*2-2层-3.9米；胶管总成		接头形式根据行业惯例默认为两端接头	PIPE-000325	1		保留规格、层数、长度；默认补充接头形式；材质、压力等级缺失未补	液压气动/胶管总成/胶管总成
PIPE-000343	胶管总成	胶管总成 36*2-2层 4.2米	规格：36*2；层数：2层；长度：4.2米；接头形式：两端接头	根	根	来源单位一致		胶管36*2-2层-4.2米；胶管总成		接头形式根据行业惯例默认为两端接头	PIPE-000343	1		保留规格、层数、长度；默认补充接头形式；材质、压力等级缺失未补	液压气动/胶管总成/胶管总成
PIPE-000320	胶管总成	胶管总成 36*2-2层 5.2米	规格：36*2；层数：2层；长度：5.2米；接头形式：两端接头	根	根	来源单位一致		胶管36*2-2层-5.2米；胶管总成		接头形式根据行业惯例默认为两端接头	PIPE-000320	1		保留规格、层数、长度；默认补充接头形式；材质、压力等级缺失未补	液压气动/胶管总成/胶管总成
PIPE-000330	胶管总成	胶管总成 36*2-2层 5.9米	规格：36*2；层数：2层；长度：5.9米；接头形式：两端接头	根	根	来源单位一致		胶管36*2-2层-5.9米；胶管总成		接头形式根据行业惯例默认为两端接头	PIPE-000330	1		保留规格、层数、长度；默认补充接头形式；材质、压力等级缺失未补	液压气动/胶管总成/胶管总成
PIPE-000345	胶管总成	胶管总成 36*2-2层 7.3米	规格：36*2；层数：2层；长度：7.3米；接头形式：两端接头	根	根	来源单位一致		胶管36*2-2层-7.3米；胶管总成		接头形式根据行业惯例默认为两端接头	PIPE-000345	1		保留规格、层数、长度；默认补充接头形式；材质、压力等级缺失未补	液压气动/胶管总成/胶管总成
PIPE-000327	胶管总成	胶管总成 36*2-2层 7.5米	规格：36*2；层数：2层；长度：7.5米；接头形式：两端接头	根	根	来源单位一致		胶管36*2-2层-7.5米；胶管总成		接头形式根据行业惯例默认为两端接头	PIPE-000327	1		保留规格、层数、长度；默认补充接头形式；材质、压力等级缺失未补	液压气动/胶管总成/胶管总成
PIPE-000321	胶管总成	胶管总成 36*2-2层 7.9米	规格：36*2；层数：2层；长度：7.9米；接头形式：两端接头	根	根	来源单位一致		胶管36*2-2层-7.9米；胶管总成		接头形式根据行业惯例默认为两端接头	PIPE-000321	1		保留规格、层数、长度；默认补充接头形式；材质、压力等级缺失未补	液压气动/胶管总成/胶管总成
PIPE-000342	胶管总成	胶管总成 36*2-2层 8.3米	规格：36*2；层数：2层；长度：8.3米；接头形式：两端接头	根	根	来源单位一致		胶管36*2-2层-8.3米；胶管总成		接头形式根据行业惯例默认为两端接头	PIPE-000342	1		保留规格、层数、长度；默认补充接头形式；材质、压力等级缺失未补	液压气动/胶管总成/胶管总成
PIPE-000395	胶管总成	胶管总成 36*2H-2层 10米	规格：36*2H；层数：2层；长度：10米；接头形式：两端接头	根	根	来源单位一致		胶管36*2H-2层-10米；胶管总成		接头形式根据行业惯例默认为两端接头	PIPE-000395	1		保留规格、层数、长度；默认补充接头形式；H含义保留原样；材质、压力等级缺失未补	液压气动/胶管总成/胶管总成
PIPE-000396	胶管总成	胶管总成 36*2H-2层 11米	规格：36*2H；层数：2层；长度：11米；接头形式：两端接头	根	根	来源单位一致		胶管36*2H-2层-11米；胶管总成		接头形式根据行业惯例默认为两端接头	PIPE-000396	1		保留规格、层数、长度；默认补充接头形式；H含义保留原样；材质、压力等级缺失未补	液压气动/胶管总成/胶管总成
PIPE-000394	胶管总成	胶管总成 36*2H-2层 12米	规格：36*2H；层数：2层；长度：12米；接头形式：两端接头	根	根	来源单位一致		胶管36*2H-2层-12米；胶管总成		接头形式根据行业惯例默认为两端接头	PIPE-000394	1		保留规格、层数、长度；默认补充接头形式；H含义保留原样；材质、压力等级缺失未补	液压气动/胶管总成/胶管总成
PIPE-000397	胶管总成	胶管总成 36*2H-2层 14米	规格：36*2H；层数：2层；长度：14米；接头形式：两端接头	根	根	来源单位一致		胶管36*2H-2层-14米；胶管总成		接头形式根据行业惯例默认为两端接头	PIPE-000397	1		保留规格、层数、长度；默认补充接头形式；H含义保留原样；材质、压力等级缺失未补	液压气动/胶管总成/胶管总成
PIPE-000392	胶管总成	胶管总成 36*2H-2层 1米	规格：36*2H；层数：2层；长度：1米；接头形式：两端接头	根	根	来源单位一致		胶管36*2H-2层-1米；胶管总成		接头形式根据行业惯例默认为两端接头	PIPE-000392	1		保留规格、层数、长度；默认补充接头形式；H含义保留原样；材质、压力等级缺失未补	液压气动/胶管总成/胶管总成
PIPE-000391	胶管总成	胶管总成 36*2H-2层 2.5米	规格：36*2H；层数：2层；长度：2.5米；接头形式：两端接头	根	根	来源单位一致		胶管36*2H-2层-2.5米；胶管总成		接头形式根据行业惯例默认为两端接头	PIPE-000391	1		保留规格、层数、长度；默认补充接头形式；H含义保留原样；材质、压力等级缺失未补	液压气动/胶管总成/胶管总成
PIPE-000364	胶管总成	胶管总成 36*2H-2层 2米	规格：36*2H；层数：2层；长度：2米；接头形式：两端接头	根	根	来源单位一致		胶管36*2H-2层-2米；胶管总成		接头形式根据行业惯例默认为两端接头；原始单位‘条’统一为‘根’	PIPE-000364	1		保留规格、层数、长度；默认补充接头形式；H含义保留原样；材质、压力等级缺失未补	液压气动/胶管总成/胶管总成
PIPE-000393	胶管总成	胶管总成 36*2H-2层 3.4米	规格：36*2H；层数：2层；长度：3.4米；接头形式：两端接头	根	根	来源单位一致		胶管36*2H-2层-3.4米；胶管总成		接头形式根据行业惯例默认为两端接头	PIPE-000393	1		保留规格、层数、长度；默认补充接头形式；H含义保留原样；材质、压力等级缺失未补	液压气动/胶管总成/胶管总成
PIPE-000363	胶管总成	胶管总成 36*2H-2层 3米	规格：36*2H；层数：2层；长度：3米；接头形式：两端接头	根	根	来源单位一致		胶管36*2H-2层-3米；胶管总成		接头形式根据行业惯例默认为两端接头；原始单位‘条’统一为‘根’	PIPE-000363	1		保留规格、层数、长度；默认补充接头形式；H含义保留原样；材质、压力等级缺失未补	液压气动/胶管总成/胶管总成
PIPE-000388	胶管总成	胶管总成 M20*1.5-2层 0.5米	规格：M20*1.5；层数：2层；长度：0.5米；接头形式：两端接头	根	根	来源单位一致		胶管M20*1.5-2层-0.5米；胶管总成		接头形式根据行业惯例默认为两端接头	PIPE-000388	1		保留规格、层数、长度；默认补充接头形式；材质、压力等级缺失未补	液压气动/胶管总成/胶管总成
PIPE-000387	胶管总成	胶管总成 M20*1.5-2层 1米	规格：M20*1.5；层数：2层；长度：1米；接头形式：两端接头	根	根	来源单位一致		胶管M20*1.5-2层-1米；胶管总成		接头形式根据行业惯例默认为两端接头	PIPE-000387	1		保留规格、层数、长度；默认补充接头形式；材质、压力等级缺失未补	液压气动/胶管总成/胶管总成
PIPE-000438	胶管总成	胶管总成 Φ13 50m	规格：Φ13；长度：50m；接头形式：两端接头	根	根	来源单位一致		高压管带两端接头Φ13-50m；高压管总成		层数未提供，未默认；压力等级未提供	PIPE-000438	1		保留规格、长度、接头形式；层数缺失不补；材质、压力等级缺失未补；名称从高压管总成修正为胶管总成	液压气动/胶管总成/胶管总成
MAT-000083	气源处理双联件	气源处理双联件 G1/2	型号系列：AFC；接口口径：G1/2	个	个	来源单位一致		AFC双联件	类型：双联件（已体现在物料名称中）	接口口径缺失，根据常见AFC系列双联件推断为G1/2	MAT-000083	1		原始仅提供型号系列AFC和类型双联件，缺少接口口径；推断常见接口口径G1/2作为初始SKU；保留型号系列和接口口径作为最小必填规格；类型已体现在名称中，删除以避免重复。	液压气动/液压气动阀/气源处理双联件
PIPE-000299	高压胶管	高压胶管 100	内径：100	米	米	来源单位一致		100高压胶管；高压胶管	形态：胶管		PIPE-000299	1		保留规格100，删除默认形态，压力等级缺失无需补齐。	液压气动/高压油管/胶管/高压胶管
PIPE-000313	高压胶管	高压胶管 50-4SH	内径：50；结构：4SH	米	米	来源单位一致		50*4SH高压胶管；高压胶管			PIPE-000313	1		保留规格50和结构4SH，无默认字段可删。	液压气动/高压油管/胶管/高压胶管
PIPE-000255	高压油管	高压油管 76*4	规格/口径：76*4	米	米	来源单位一致		76*4高压油管；高压油管			PIPE-000255	1		规格表达76*4含义不明，保留原样；缺失材质、压力等级等，按本体SKU治理。	液压气动/高压油管/胶管/高压油管
PIPE-000293	高压油管	高压油管 DN19-420公斤	规格/口径：DN19；压力：420公斤	根	根	来源单位一致		定做19*420公斤高压油管；高压油管			PIPE-000293	1		定制件，保留口径和压力，缺失接头和长度，按本体SKU治理。	液压气动/高压油管/胶管/高压油管
PIPE-000035	高压油管	高压油管 DN25*4	规格/口径：DN25*4	米	米	来源单位一致		DN25*4高压油管；高压油管	类型：高压油管		PIPE-000035	1		保留规格DN25*4，删除类型默认字段；因无压力等级和接头，按本体SKU治理，单位统一为米。	液压气动/高压油管/胶管/高压油管
PIPE-000041	高压油管	高压油管 DN32-4SH	规格/口径：DN32；等级：4SH	米	米	来源单位一致		DN32*4SH高压油管；高压油管			PIPE-000041	1		规格口径和等级明确，保留关键字段。	液压气动/高压油管/胶管/高压油管
PIPE-000135	高压油管	高压油管 DN50	规格/口径：DN50	米	米	来源单位一致		50高压油管；50高压管；高压油管			PIPE-000135	1		仅有公称直径，缺失压力等级和接头，按本体SKU治理。	液压气动/高压油管/胶管/高压油管
PIPE-000040	高压油管	高压油管 DN51-4SH	规格/口径：DN51；等级：4SH	米	米	来源单位一致		DN51*4SH高压油管；高压油管			PIPE-000040	1		规格口径和等级明确，保留关键字段。	液压气动/高压油管/胶管/高压油管
PIPE-000182	高压油管	高压油管 DN80	规格/口径：DN80	米	米	来源单位一致		80高压管；80高压油管；高压油管			PIPE-000182	1		仅有公称直径，缺失压力等级和接头，按本体SKU治理。	液压气动/高压油管/胶管/高压油管
MAT-000204	货架	货架 2m*2m*0.6m	特征：加厚；尺寸：2m*2m*0.6m	套	套	来源单位一致		加厚货架2m*2m*0.6m；加厚货架		原始缺失材质，按常见钢制货架推断；缺失层数、承重，暂不纳入关键规格。	MAT-000204	1		保留尺寸和特征（加厚），因为影响选购。材质未提供，按默认钢制推断。层数、承重缺失，不强制补全。	清洁办公后勤/仓储用品/货架
ADMIN-000022	多功能打印机	惠普多功能打印机	品牌：惠普	台	台	来源单位一致	惠普	惠普多功能打印机；多功能打印机	类型：多功能	品牌已知，型号缺失，按品牌惠普建立初始SKU，型号待后续补充。	ADMIN-000022	1		品牌保留因影响耗材兼容性；类型已包含于物料名称而移除；型号缺失，需后续补全。	清洁办公后勤/办公设备/多功能打印机
ADMIN-000061	铅笔	铅笔 2B	规格：2B	支	支	来源单位一致		2B铅笔；铅笔			ADMIN-000061	1		规格2B已明确，直接作为关键规格生成标准SKU名。	清洁办公后勤/办公文具/铅笔
TOOL-000338	圆珠笔	圆珠笔 0.5mm	笔尖规格：0.5mm	支	支	来源单位一致			类型：圆珠笔（已合并到物料名称）	常见圆珠笔笔尖规格为0.5mm，作为初始SKU；颜色未指定，后续可按需扩展	TOOL-000338	1		原始数据仅提供类型信息，补充笔尖规格0.5mm作为最常见规格，颜色缺失暂不补充	清洁办公后勤/办公文具/圆珠笔
CHEM-000056	油漆笔	油漆笔 黑色	颜色：黑色	个	个	来源单位一致			品类：油漆笔	原始缺失颜色和笔尖规格，按常见采购需求默认生成为黑色，笔尖规格待确认	CHEM-000056	1		无关键规格，按常见初始库存生成默认黑色SKU	清洁办公后勤/办公文具/油漆笔
TOOL-000317	中性笔	中性笔 0.5mm 黑色	规格/口径：0.5mm；颜色：黑色	支	支	来源单位一致				原始规格缺失，根据常见办公采购习惯推断为黑色0.5mm笔芯规格	TOOL-000317	1		保留规格和颜色作为最小关键规格，删除冗余字段'类型'，未提供品牌和别名	清洁办公后勤/办公文具/中性笔
ADMIN-000070	记录本	记录本 A4	规格：A4；页数：50页	本	本	来源单位一致		设备维修保养记录本	用途：设备维修保养记录	原始缺失规格和页数，根据常见办公记录本补齐为A4/50页	ADMIN-000070	1		用途移至别名，补齐规格页数作为最小关键规格	清洁办公后勤/办公文具/记录本
ADMIN-000011	记号笔	记号笔 白色	颜色：白色	支	支	来源单位一致		白色记号笔；记号笔			ADMIN-000011；ADMIN-000039；ADMIN-000069	3	颜色、单位一致，无品牌差异	颜色白色，保留	清洁办公后勤/办公文具/记号笔
ADMIN-000057	记号笔	记号笔 红色	颜色：红色；类型：油性	支	支	来源单位一致		红色油性记号笔；油性记号笔			ADMIN-000057	1		红色油性，单独SKU	清洁办公后勤/办公文具/记号笔
ADMIN-000006	记号笔	记号笔 黑色	颜色：黑色	支	支	来源单位一致	得力	记号笔；黑色笔；黑色记号笔；得力黑色记号笔	类型：记号笔（默认）	颜色缺失，推断为黑色；单位从个统一为支	ADMIN-000006；ADMIN-000013；ADMIN-000025；ADMIN-000036；ADMIN-000047；ADMIN-000068	6	颜色、单位一致，无品牌差异；颜色、单位一致，品牌不参与唯一判断	原规格无颜色，推断为黑色；单位统一为支；颜色黑色，保留；颜色黑色，品牌得力放入brand字段	清洁办公后勤/办公文具/记号笔
ADMIN-000027	吸油棉	吸油棉 400*500*5mm	规格/尺寸：400*500*5mm；材质：PP	张	张	来源单位一致		40*50*5吸油棉；吸油棉；5MM厚吸油棉；吸油棉40cm*50cm*5mm	用途：吸油	尺寸单位从40*50*5推断为400*500*5mm；材质按常见吸油棉默认为聚丙烯(PP)；UOM从个统一为张；尺寸和材质缺失，按最常见规格400*500*5mm和材质PP补齐；长宽尺寸缺失，按最常见规格400*500补齐；材质默认PP；尺寸单位从cm统一为mm	ADMIN-000027；ADMIN-000028；ADMIN-000041；MAT-000252	4	标准SKU名称和最小规格一致	缺失材质和单位，按默认补齐；尺寸和材质缺失，按默认补齐；长宽缺失，按默认补齐；尺寸单位统一为mm，材质默认补齐	清洁办公后勤/清洁工具/吸油棉
ADMIN-000062	吸油棉	复合吸油棉 400*500*5mm	规格/尺寸：400*500*5mm；材质：复合	张	张	来源单位一致		复合吸油棉400*500*5；复合吸油棉	用途：吸油		ADMIN-000062	1		材质明确为复合，保留	清洁办公后勤/清洁工具/吸油棉
ADMIN-000021	除甲醛机	除甲醛机	用途：办公室	个	个	来源单位一致		办公室除甲醛机；除甲醛机	功能：除甲醛（已包含在物料名称中）	原始规格缺失型号/适用面积，仅保留原始用途字段	ADMIN-000021	1		仅一条SKU，保留原始用途作为最小关键规格，其他字段缺失或默认删除	清洁办公后勤/办公设备/除甲醛机
TOOL-000322	地毯刷	地毯刷 标准	材质：塑料；刷头宽度：30cm	个	个	来源单位一致				原始缺失材质和尺寸，按常见采购规格推断：塑料材质，标准刷头宽度30cm。	TOOL-000322	1		原始信息仅含用途，按通用规格补齐。	清洁办公后勤/清洁工具/地毯刷
TOOL-000097	厕所刷	厕所刷 塑料	材质：塑料	把	把	来源单位一致		厕所刷子；厕所刷	用途：厕所清洁	根据常见厕所刷物料，默认为塑料材质	TOOL-000097	1		规格缺失，按常见塑料厕所刷补齐	清洁办公后勤/清洁工具/厕所刷
TOOL-000018	垃圾夹	垃圾夹 800mm	长度：800mm；材质：不锈钢	个	个	来源单位一致		环卫夹	类型：垃圾夹；类型：环卫夹	原始规格缺失，按常见长度800mm和材质不锈钢生成初始SKU	TOOL-000018；TOOL-000062	2	相同物料名称且关键规格缺失，推断为同一物料	删除重复的类型字段，别名已并入名称，补充常见规格；删除重复的类型字段，别名保留在aliases，补充常见规格	清洁办公后勤/清洁工具/垃圾夹
ADMIN-000044	喷壶	喷壶 1L	容量：1L；材质：塑料	个	个	来源单位一致		喷壶		规格缺失，按常见1L塑料喷壶补齐	ADMIN-000044	1		无规格信息，生成常见1L塑料喷壶作为初始SKU	清洁办公后勤/清洁工具/喷壶
ADMIN-000045	喷壶	喷壶 2L	容量：2L；材质：塑料	个	个	来源单位一致		2升喷壶；喷壶		材质缺失，按常见塑料补齐	ADMIN-000045	1		已有容量2L，补充材质为塑料	清洁办公后勤/清洁工具/喷壶
ADMIN-000018	鼠标	鼠标 无线	连接方式：无线	个	个	来源单位一致	小米	小米鼠标；鼠标；无线鼠标	类型：鼠标；类型：无线鼠标	根据规格字段推断为无线连接；原始缺失品牌和型号，按无线鼠标生成	ADMIN-000018；ADMIN-000019	2	标准SKU名称和最小必填规格相同，品牌差异不影响唯一性	移除冗余类型字段，保留连接方式；品牌放入brand字段；品牌缺失留空	清洁办公后勤/办公设备/鼠标
ADMIN-000066	吸尘器	手持吸尘器	类型：手持	台	台	来源单位一致	小米	小米大功率手持吸尘器；手持吸尘器	特征：大功率	原始缺失型号和功率具体数值，仅保留已知类型	ADMIN-000066	1		保留类型：手持，删除模糊特征大功率，品牌移至brand字段	清洁办公后勤/清洁工具/吸尘器
TOOL-000015	玻璃刮	玻璃刮	规格：通用	支	支	来源单位一致		玻璃刮		后处理补齐：原输出最小规格为空，按初始物料清单口径设为规格：通用	TOOL-000015	1		原始仅有类型字段，无其他规格，直接使用物料名称作为标准SKU名称，未添加推测规格。；后处理补齐：原输出最小规格为空，按初始物料清单口径设为规格：通用	清洁办公后勤/清洁工具/玻璃刮
ADMIN-000029	拖把	拖把	规格：通用	把	把	来源单位一致		拖把	类型：拖把；品类：拖把；原单位：个；原单位：支	缺失规格，按通用拖把生成；后处理补齐：原输出最小规格为空，按初始物料清单口径设为规格：通用	ADMIN-000029；TOOL-000098；TOOL-000118	3	standard_sku_name和minimal_required_specs相同，单位不同需统一	无规格，仅保留三级名称，别名保留；单位统一为把；后处理补齐：原输出最小规格为空，按初始物料清单口径设为规格：通用；无规格，仅保留三级名称，别名保留，单位统一	清洁办公后勤/清洁工具/拖把
TOOL-000017	拖把	拖把 大	规格：大	把	把	来源单位一致		大拖把；拖把	原单位：个；原单位：支		TOOL-000017；TOOL-000025	2	standard_sku_name和minimal_required_specs相同，单位不同需统一	规格大保留，别名保留，单位统一	清洁办公后勤/清洁工具/拖把
TOOL-000255	拖把	拖把 棉	材质：棉	把	把	来源单位一致		棉拖把	类型：拖把；材质/类型：棉；原单位：只		TOOL-000255	1		材质棉保留，别名保留，单位统一	清洁办公后勤/清洁工具/拖把
TOOL-000071	拖把	拖把 海绵加长	材质：海绵；规格：加长	把	把	来源单位一致		加长海绵拖把；海绵拖把	类型：拖把；材质/类型：海绵		TOOL-000071	1		材质海绵和特征加长保留，别名保留，单位统一（原单位为把）	清洁办公后勤/清洁工具/拖把
ADMIN-000038	扫斗	塑料扫斗	材质：塑料	个	个	来源单位一致		扫斗		原始未提供规格，按最常见塑料扫斗生成	ADMIN-000038	1		原始缺失规格，按常见配置补齐	清洁办公后勤/清洁工具/扫斗
ADMIN-000031	垃圾桶	垃圾桶 120L	容量：120L	个	个	来源单位一致		大垃圾桶；垃圾桶120L	材质：塑料(默认)	规格'大'推断为120L；规格'大号'推断为120L	ADMIN-000031；ADMIN-000059；TOOL-000073	3	与ADMIN-000059、TOOL-000073标准SKU一致，容量120L无配置差异；与ADMIN-000031、TOOL-000073标准SKU一致，容量120L无配置差异；与ADMIN-000031、ADMIN-000059标准SKU一致，容量120L无配置差异	规格'大'无明确容量，按常见120L生成；材质默认塑料；明确120L，材质缺失默认塑料；规格'大号'推断为120L	清洁办公后勤/清洁工具/垃圾桶
ADMIN-000067	垃圾桶	垃圾桶 240L 带盖带轮	容量：240L；配置：带盖、带轮	个	个	来源单位一致		240L垃圾桶带盖轮	材质：塑料(默认)		ADMIN-000067	1		容量和配置明确	清洁办公后勤/清洁工具/垃圾桶
ADMIN-000056	垃圾桶	垃圾桶 30L	容量：30L	个	个	来源单位一致		垃圾桶	材质：塑料(默认)	无规格，推断为办公常用30L	ADMIN-000056	1		缺失规格，按办公通用30L生成；原单位'只'统一为'个'	清洁办公后勤/清洁工具/垃圾桶
ADMIN-000026	棉布	棉布 大块	规格：大块	kg	kg	来源单位一致		大块棉布			ADMIN-000026；SAFE-000003	2	标准SKU名称和最小关键规格一致，疑似重复	保留现有规格'大块'，无其他规格信息	清洁办公后勤/清洁工具/棉布
ADMIN-000043	抹布	抹布 白色大块	颜色：白色；尺寸：大块；材质：棉质（默认）	kg	kg	来源单位一致		大块白抹布；抹布	形态：大块；颜色：白色	缺少材质，按棉质推断	ADMIN-000043	1		保留颜色和尺寸差异，材质默认棉质	清洁办公后勤/清洁工具/抹布
ADMIN-000030	抹布	抹布 通用	材质：棉质（默认）	条	条；kg	来源单位不一致，统一为条		抹布	品类：抹布；类型：抹布	缺少材质、尺寸规格，按通用棉质抹布推断	ADMIN-000030；ADMIN-000049	2	与ADMIN-000049规格相同，但单位不一致（条 vs kg）；与ADMIN-000030规格相同，但单位不一致（条 vs kg）	缺失规格，按通用抹布生成候选，材质默认棉质	清洁办公后勤/清洁工具/抹布
ADMIN-000072	扫把	扫把 塑料	材质：塑料	把	把	来源单位一致		塑料扫把；扫把			ADMIN-000072；TOOL-000005；TOOL-000085	3	相同材质（塑料），无规格，疑似同一物料	塑料扫把，无规格，合并同类；与ADMIN-000072相同规格，合并；塑料无规格，合并	清洁办公后勤/清洁工具/扫把
TOOL-000247	扫把	扫把 竹	材质：竹	把	把	来源单位一致		竹扫把	类型：扫把		TOOL-000247	1		材质竹，无规格，不同于大号竹扫把	清洁办公后勤/清洁工具/扫把
ADMIN-000035	扫把	扫把 竹 大	材质：竹；规格：大	把	把	来源单位一致		大号竹扫把；竹扫把；大竹扫把			ADMIN-000035；ADMIN-000042；ADMIN-000071	3	相同材质和规格，疑似同一物料	原始规格为大号，统一为‘大’；单位统一为把；与ADMIN-000035相同规格，合并	清洁办公后勤/清洁工具/扫把
ADMIN-000037	扫把	扫把 通用	材质：通用	把	把	来源单位一致		扫把	规格：待补；规格：未注明	材质缺失，按通用扫把生成，实际需确认；材质缺失，按通用扫把生成	ADMIN-000037；TOOL-000008	2	材质缺失，规格待补，均生成通用SKU；材质缺失，规格未注明，均生成通用SKU	原始规格为待补，删除；材质缺失，以通用代替；同ADMIN-000037，合并	清洁办公后勤/清洁工具/扫把
TOOL-000006	扫把	扫把 高粱	材质：高粱	把	把	来源单位一致		高粱扫把；扫把	材质/类型：高粱；类型：扫把		TOOL-000006；TOOL-000046；TOOL-000249	3	相同材质（高粱），无规格，疑似同一物料	材质为高粱，无规格，合并类似SKU；材质高粱，无规格，合并	清洁办公后勤/清洁工具/扫把
TOOL-000031	扫把	扫把 高粱 小	材质：高粱；规格：小	把	把	来源单位一致		高粱小扫把；扫把			TOOL-000031	1		规格明确为小，单独SKU	清洁办公后勤/清洁工具/扫把
METAL-000138	烟灰桶	304不锈钢烟灰桶	材质：304不锈钢	个	个	来源单位一致		304不锈钢烟灰桶；不锈钢烟灰桶	类型：烟灰桶	原始缺失尺寸和容量，以材质区分，304不锈钢更具体。	METAL-000138	1		清理默认类型字段，统一单位，保留材质为304不锈钢。	清洁办公后勤/清洁工具/烟灰桶
ADMIN-000048	烟灰桶	不锈钢烟灰桶	材质：不锈钢	个	个	来源单位一致		不锈钢烟灰桶；烟灰桶	类型：烟灰桶	原始缺失尺寸和容量，以材质为核心区分SKU，标准单位统一为个。	ADMIN-000048	1		清理默认类型字段，统一单位，保留材质作为关键规格。	清洁办公后勤/清洁工具/烟灰桶
SAFE-000012	白布	白布 纯棉	材质：纯棉	KG	KG	来源单位一致		纯棉大白布；纯棉白布；白布	颜色：白色		SAFE-000012	1		保留材质纯棉，删除默认颜色白色	清洁办公后勤/清洁工具/白布
MAT-000059	冰块	冰块 50kg	重量：50kg	块	块	来源单位一致		50kg冰块；冰块	用途：临时冷却/后勤消耗		MAT-000059；MAT-000060	2	相同物料，单位不一致	删除冗余用途字段，统一单位，合并重复物料	清洁办公后勤/生活后勤/冰块
MAT-000120	木屑	木屑	规格：通用	斤	斤	来源单位一致				原始无规格，按常见通用木屑生成；后处理补齐：原输出最小规格为空，按初始物料清单口径设为规格：通用	MAT-000120	1		缺失规格，按常见通用木屑作为初始SKU；单位保留原始斤，采购前确认是否改kg。；后处理补齐：原输出最小规格为空，按初始物料清单口径设为规格：通用	清洁办公后勤/清洁用品/木屑
SAFE-000019	棉签	棉签 10cm 双头	规格/口径：10cm；头型：双头；包装数量：100支	包	包	来源单位一致		棉签	材质：棉头；轴材质：纸轴；是否无菌：否	常见清洁棉签规格为10cm双头，每包100支，作为初始库常用SKU	SAFE-000019	1		原始缺失规格，按常见清洁棉签默认补齐长度、头型、包装数量	清洁办公后勤/清洁用品/棉签
SAFE-000043	钢丝球	钢丝球	规格：通用	个	个	来源单位一致		钢丝球	材质：钢丝（默认）	后处理补齐：原输出最小规格为空，按初始物料清单口径设为规格：通用	SAFE-000043；TOOL-000250	2	相同的 standard_sku_name 和空的 minimal_required_specs，无差异规格	行业默认材质钢丝，无其他关键规格，删除默认材质字段；后处理补齐：原输出最小规格为空，按初始物料清单口径设为规格：通用	清洁办公后勤/清洁工具/钢丝球
SAFE-000045	洗洁精	洗洁精 1L	容量：1L	支	支	来源单位一致		洗洁精	类型：洗洁精	容量缺失，常见小包装支装使用1L作为初始合理SKU	SAFE-000045	1		原始缺失容量，推断为1L；删除冗余类型字段	清洁办公后勤/清洁用品/洗洁精
ADMIN-000060	洗洁精	洗洁精 2KG	容量：2KG	桶	桶	来源单位一致		洗洁精2KG；洗洁精			ADMIN-000060	1		保留容量为关键规格；单位桶，品牌缺失不列入	清洁办公后勤/清洁用品/洗洁精
ADMIN-000051	洗洁精	洗洁精 3KG	容量：3KG	桶	桶	来源单位一致		洗洁精3KG；洗洁精			ADMIN-000051	1		保留容量为关键规格；单位桶，品牌缺失不列入	清洁办公后勤/清洁用品/洗洁精
CHEM-000078	洗洁精	洗洁精 4kg	容量：4kg	桶	桶	来源单位一致		洗洁精4KG；洗洁精			CHEM-000078	1		保留容量为关键规格；单位桶，品牌缺失不列入	清洁办公后勤/清洁用品/洗洁精
ADMIN-000034	垃圾袋	垃圾袋 100*120cm	尺寸：100*120cm	个	个	来源单位一致		100*120垃圾袋；垃圾袋；垃圾袋1m*1.2m	厚度：未指定，默认普通；材质：未指定，默认PE；原单位条，统一为个		ADMIN-000034；ADMIN-000063；ADMIN-000073	3	与同尺寸的SKU疑似重复	尺寸明确，保留；删除默认字段；删除默认字段，统一单位	清洁办公后勤/清洁用品/垃圾袋
ADMIN-000005	垃圾袋	垃圾袋 120*140cm	尺寸：120*140cm	个	个	来源单位一致		大垃圾袋；垃圾袋；大垃圾袋子；120垃圾袋；垃圾袋1.2m*1.4m	厚度：未指定，默认普通；材质：未指定，默认PE；原单位条，统一为个	原始规格缺失，根据常见大号垃圾袋推断尺寸为120*140cm；原始规格不完整（仅为120），推断为常见大号垃圾袋尺寸120*140cm	ADMIN-000005；ADMIN-000020；ADMIN-000046；ADMIN-000055	4	与同尺寸且无特殊厚度/颜色的SKU疑似重复	尺寸缺失，以常见大号补齐；保留尺寸作为关键规格，删除厚度、材质等默认字段；保留尺寸，删除默认字段；尺寸部分缺失，以常见大号补齐；尺寸明确，保留；删除默认字段，统一单位	清洁办公后勤/清洁用品/垃圾袋
ADMIN-000008	垃圾袋	垃圾袋 120*140cm 厚	尺寸：120*140cm；厚度：厚	个	个	来源单位一致		120*140厚垃圾袋；垃圾袋	材质：未指定，默认PE		ADMIN-000008	1		保留尺寸和厚度作为关键规格，删除材质默认字段	清洁办公后勤/清洁用品/垃圾袋
ADMIN-000032	垃圾袋	垃圾袋 50*60cm	尺寸：50*60cm	个	个	来源单位一致		垃圾袋子；垃圾袋	厚度：未指定，默认普通；材质：未指定，默认PE	原始规格完全缺失，推断为常见办公室小垃圾袋尺寸50*60cm	ADMIN-000032；ADMIN-000040	2	与同尺寸且无特殊规格的SKU疑似重复	规格完全缺失，以常见小号补齐；保留尺寸，删除默认字段	清洁办公后勤/清洁用品/垃圾袋
ADMIN-000058	垃圾袋	垃圾袋 黑色 120*140cm	尺寸：120*140cm；颜色：黑色	个	个	来源单位一致		黑色垃圾袋1.2米*1.4米；垃圾袋	厚度：未指定，默认普通；材质：未指定，默认PE；原单位条，统一为个		ADMIN-000058	1		保留尺寸和颜色关键规格，删除默认字段，统一单位	清洁办公后勤/清洁用品/垃圾袋
ADMIN-000002	洁厕剂	洁厕剂 500ml	容量：500ml	瓶	瓶	来源单位一致		洁厕灵；洁厕剂	类型：洁厕清洁剂；类型：洁厕灵	常见洁厕剂容量推断为500ml	ADMIN-000002；SAFE-000044	2	标准SKU名称和最小关键规格一致，疑似重复	容量缺失，推断为500ml；删除类型字段（已体现在名称中）；原单位‘支’统一为‘瓶’	清洁办公后勤/清洁用品/洁厕剂
ADMIN-000054	拖鞋	拖鞋 均码	材质：EVA；尺码：均码	双	双	来源单位一致			类型：拖鞋	原始缺失材质和尺码，按常见办公后勤普通EVA拖鞋均码填充	ADMIN-000054	1		初始SKU，补充默认材质和尺码以便采购识别	清洁办公后勤/生活后勤/拖鞋
ADMIN-000023	办公桌	办公桌 1.2米*0.6米 板式	尺寸：1.2米*0.6米；材质：板式	张	张	来源单位一致		办公桌		原始规格缺失，根据常见办公桌规格，默认取尺寸1.2米*0.6米，材质板式作为初始常用物料	ADMIN-000023	1		原始物料未提供规格，治理时按常见办公桌规格生成初始SKU	清洁办公后勤/生活后勤/办公桌
ADMIN-000065	办公桌	办公桌 1.4米*0.6米 实木	尺寸：1.4米*0.6米；材质：实木	张	张	来源单位一致		实木办公桌1.4米*0.6米；办公桌			ADMIN-000065	1		保留已有规格，统一单位为张	清洁办公后勤/生活后勤/办公桌
ADMIN-000012	床垫	床垫 单人	尺寸：单人；材质：海绵	个	个	来源单位一致		床垫		原始缺失尺寸和材质，按常见单人海绵床垫生成；原单位'床'转换为'个'	ADMIN-000012；ADMIN-000052	2	规格完全一致，单位冲突已统一为个	规格缺失，默认生成单人海绵床垫；与原单位'个'一致；原单位'床'转换为'个'	清洁办公后勤/生活后勤/床垫
MAT-000128	凳子	凳子 塑料加厚	材质：塑料；特征：加厚	个	个	来源单位一致		加厚塑料凳；加厚塑料凳子；塑料凳			MAT-000128；MAT-000245	2	相同的standard_sku_name和minimal_required_specs	原始缺失尺寸，按现有属性生成初始SKU	清洁办公后勤/生活后勤/凳子
ADMIN-000017	办公椅	办公椅 网布	材质：网布	把	把	来源单位一致	得力	多功能办公椅；办公椅；得力多功能椅子	类型：多功能办公椅；类型：多功能椅	原始规格缺失材质，根据常见办公椅初始库存补为网布材质；单位从个统一为把	ADMIN-000017；ADMIN-000024	2	standard_sku_name和minimal_required_specs相同，品牌差异不参与唯一性判断	去除类型描述，补充默认材质网布，统一单位为把；提取品牌到brand字段，去除类型描述，补充默认材质网布，单位统一为把	清洁办公后勤/生活后勤/办公椅
ADMIN-000064	圆桌	圆桌 1.5米折叠	直径：1.5米；结构：折叠；材质：木质	张	张	来源单位一致		1.5米折叠圆桌；折叠圆桌	形状：圆形	材质缺失，按常见折叠圆桌填充为木质	ADMIN-000064	1		保留直径、结构和推断材质；删除形状（圆桌默认圆形）	清洁办公后勤/生活后勤/圆桌
MAT-000041	床品四件套	床品四件套 1.5米	材质：全棉；床尺寸：1.5米	套	套	来源单位一致		四件套；床品四件套；全棉四件套；床上四件套	类型：四件套；套件：四件套；用途：床上用品	材质和尺寸缺失，推断为全棉材质和1.5米床尺寸，基于常见后勤需求；尺寸缺失，推断为1.5米床尺寸	MAT-000041；MAT-000176	2	标准名称、必要规格和单位一致	根据常见规格推断材质和尺寸，删除冗余字段类型；保留材质字段，删除冗余套件和用途字段，推断尺寸	清洁办公后勤/生活后勤/床品四件套
METAL-000125	双层床	双层床 900mm宽	材质：方钢；结构：卡扣式；尺寸：900mm宽	套	套	来源单位一致		方钢卡扣式双层床；方钢卡扣双层床；双层床	类型：双层床（与物料名称重复）	尺寸缺失，按常见宿舍双层床规格推断为900mm宽	METAL-000125	1		保留材质、结构、尺寸；删除冗余类型字段；尺寸缺失已按常见规格推断	清洁办公后勤/生活后勤/双层床
MAT-000185	沐浴露	沐浴露	品牌：待定；容量：待定	瓶	瓶	来源单位一致		沐浴露		原始规格缺失品牌和容量，未推断具体值，建议采购确认后补全。	MAT-000185	1		仅有一条SKU，无重复。品牌和容量是采购决策关键字段，缺失时保留待定标记。	清洁办公后勤/生活后勤/沐浴露
ADMIN-000003	水壶	水壶 6.5升不锈钢	材质：不锈钢；容量：6.5升	个	个	来源单位一致		6.5升不锈钢水壶；水壶			ADMIN-000003	1		原始规格完整，保留影响采购的材质和容量字段；无品牌；无重复。	清洁办公后勤/生活后勤/水壶
MAT-000228	毛巾	毛巾 34*75cm	材质：棉；规格/尺寸：34*75cm	条	条	来源单位一致		棉毛巾	类型：毛巾	原始缺少尺寸，按常见面巾尺寸34*75cm填充	MAT-000228	1		保留材质和尺寸，删除冗余类型字段，尺寸按常见规格推断	清洁办公后勤/生活后勤/毛巾
MAT-000040	枕头	枕头 标准尺寸	尺寸：标准；材质：通用	个	个	来源单位一致		枕头		原始缺失尺寸和材质规格，按常见采购规格生成标准尺寸和通用材质	MAT-000040	1		原始仅类型字段，按最小必需规格补充尺寸和材质以支持采购判断	清洁办公后勤/生活后勤/枕头
MAT-000184	洗发露	洗发露 400ml	品牌：海飞丝；容量：400ml	瓶	瓶	来源单位一致	海飞丝	海飞丝洗发露；洗发露		容量缺失，按常见初始规格推断为400ml	MAT-000184	1		品牌已知，容量缺失，按常用规格补齐	清洁办公后勤/生活后勤/洗发露
MAT-000247	方桌	方桌 实木	材质：实木	张	张	来源单位一致		实木方桌	类型：方桌		MAT-000247	1		材质为关键差异，保留；类型冗余，删除；尺寸缺失，待补充；表面处理缺失，非关键默认。	清洁办公后勤/生活后勤/方桌
ADMIN-000009	方凳	方凳 50cm	材质：塑料；规格/尺寸：50cm	个	个	来源单位一致		加厚50CM塑料方凳；塑料方凳	特征：加厚（非关键规格，不影响购买决策）	根据同组历史SKU ADMIN-000009推断常见规格50cm	ADMIN-000009；MAT-000093	2	standard_sku_name和minimal_required_specs相同，均为方凳 50cm，材质塑料，规格50cm	保留材质和规格，删除特征加厚（非关键规格）；规格缺失，根据同组历史数据推断为50cm	清洁办公后勤/生活后勤/方凳
MAT-000161	桶装水抽水器	桶装水抽水器 套装	驱动：电动；配置：含充电器	套	套	来源单位一致	子路	子路桶装水抽水器+充电器；桶装水抽水器套装		驱动方式未明确，根据常见桶装水电动抽水器推断为电动	MAT-000161	1		品牌单独字段，推断驱动为电动，配置作为关键规格	清洁办公后勤/生活后勤/桶装水抽水器
MAT-000101	桶装水抽水器	桶装水抽水器 电动	驱动：电动	个	个	来源单位一致		桶装水电动抽水；桶装水电动抽水器	用途：桶装水		MAT-000101	1		保留驱动方式，删除冗余用途（已含于物料名称）	清洁办公后勤/生活后勤/桶装水抽水器
TOOL-000258	牙刷	牙刷	规格：通用	支	支	来源单位一致		牙刷		无规格信息，按通用牙刷创建；后处理补齐：原输出最小规格为空，按初始物料清单口径设为规格：通用	TOOL-000258	1		缺少品牌和规格，无法进一步区分，保留物料名称作为标准SKU名称，无最小关键规格；后处理补齐：原输出最小规格为空，按初始物料清单口径设为规格：通用	清洁办公后勤/生活后勤/牙刷
MAT-000183	漱口杯	漱口杯 塑料	材质：塑料	只	只	来源单位一致		漱口杯		原始缺失材质，推断最常见材质为塑料	MAT-000183	1		标准SKU名根据常见材质推断，保留材质作为最小关键规格	清洁办公后勤/生活后勤/漱口杯
METAL-000113	漏斗	316不锈钢漏斗 18cm	材质：316不锈钢；口径：18cm	个	个	来源单位一致		316漏斗18cm；不锈钢漏斗	品类：漏斗	单位从‘只’标准化为‘个’	METAL-000113	1		保留材质和口径作为最小关键规格；删除冗余品类字段；标准化单位为个。	清洁办公后勤/生活后勤/漏斗
MAT-000061	电热水壶	电热水壶 1.7L	容量：1.7L	个	个	来源单位一致	苏泊尔	苏泊尔热水壶；电热水壶		容量和功率缺失，按常见规格默认选用1.7L容量；功率未列入最小规格	MAT-000061	1		品牌保留在brand字段，不进入名称和规格；容量为核心规格，按常见值补充	清洁办公后勤/生活后勤/电热水壶
ADMIN-000001	热水壶	热水壶 不锈钢 2L	材质：不锈钢；容量：2L	个	个	来源单位一致		热水壶	类型：热水壶	原始缺失容量和材质，按常见后勤采购规格推断为不锈钢材质、2L容量	ADMIN-000001	1		规范三级名称，推断缺失规格生成初始SKU	清洁办公后勤/生活后勤/热水壶
MAT-000229	空气净化器	空气净化器 通用	规格：通用	台	台	来源单位一致	小米	小米空气净化机；空气净化器	类型：空气净化器	型号缺失，按通用类型生成初始SKU；后处理补齐：原输出最小规格为空，按初始物料清单口径设为规格：通用	MAT-000229	1		品牌移入brand字段，删除冗余的类型字段，缺失型号按通用处理；后处理补齐：原输出最小规格为空，按初始物料清单口径设为规格：通用	清洁办公后勤/生活后勤/空气净化器
ADMIN-000014	电视支架	电视支架 70寸	适配尺寸：70寸	个	个	来源单位一致		70寸电视支架；电视支架			ADMIN-000014	1		适配尺寸明确，保留70寸	清洁办公后勤/生活后勤/电视支架
ADMIN-000033	电视支架	电视支架 通用	适配尺寸：通用	个	个	来源单位一致		电视支架	承重：待补（缺失，已删除）；安装方式：待补（未指定，已删除）	适配尺寸未指定，按通用型填充；单位从套统一为个	ADMIN-000033	1		规格缺失，按通用类型生成初始SKU	清洁办公后勤/生活后勤/电视支架
ADMIN-000053	牙膏	牙膏	规格：通用	支	支	来源单位一致				原始缺失品牌和容量，生成通用牙膏 SKU，后续根据采购需求补充具体规格。；后处理补齐：原输出最小规格为空，按初始物料清单口径设为规格：通用	ADMIN-000053	1		唯一 SKU，无规格差异，保留为通用牙膏。；后处理补齐：原输出最小规格为空，按初始物料清单口径设为规格：通用	清洁办公后勤/生活后勤/牙膏
MAT-000203	空调	空调 1级能效	能效等级：1级	台	台	来源单位一致	格力	格力1级能效空调；空调		匹数缺失，未作推断，保留现有规格。建议后续补充匹数以区分SKU。	MAT-000203	1		保留能效等级，品牌放入brand，缺失匹数未补齐。	清洁办公后勤/生活后勤/空调
MAT-000056	空调	空调 3匹 变频	匹数：3匹；类型：变频	台	台	来源单位一致	格力	格力3匹变频空调；变频空调			MAT-000056	1		保留匹数和类型，删除重复功能字段，品牌放入brand。	清洁办公后勤/生活后勤/空调
MAT-000156	空调	空调 大1.5匹 冷暖	匹数：大1.5匹；功能：冷暖	台	台	来源单位一致	美的	美的大1.5匹冷暖空调；空调			MAT-000156	1		保留匹数和功能，品牌放入brand。	清洁办公后勤/生活后勤/空调
HW-LOCK-000004	挂锁	挂锁 40mm 不锈钢	材质：不锈钢；规格/口径：40mm	把	把	来源单位一致		40不锈钢挂锁；挂锁；40好不锈钢挂锁；40好不锈钢通用挂锁；40不锈钢通用挂锁；不锈钢挂锁；不锈钢挂锁40	品质：好；类型：通用；类型：通用挂锁；类型：挂锁	规格缺失，按常见规格推断为40mm	HW-LOCK-000004；HW-LOCK-000006；HW-LOCK-000007；HW-LOCK-000012；HW-LOCK-000014；METAL-000121	6	材质不锈钢规格40mm，与同规格SKU疑似重复；删除品质好字段后与M001重复；删除非关键字段后与M001重复；删除类型字段后与M001重复；推断规格40mm后与M001重复；与M001重复	提取关键规格，删除默认无。；删除非关键字段‘品质：好’；关键规格同M001。；删除品质好和类型通用；删除非关键字段；删除冗余类型；规格推断40mm；合并到M001。	清洁办公后勤/门窗五金/挂锁
HW-LOCK-000017	挂锁	挂锁 40mm 不锈钢 防水	材质：不锈钢；规格/口径：40mm；特性：防水	把	把	来源单位一致		不锈钢通用防水挂锁；挂锁	类型：通用挂锁	规格缺失，按常见规格推断为40mm；特性防水保留	HW-LOCK-000017	1		保留防水特性；规格推断40mm；删除通用挂锁。	清洁办公后勤/门窗五金/挂锁
HW-LOCK-000005	挂锁	挂锁 40mm 铜	材质：铜；规格/口径：40mm	把	把	来源单位一致		铜挂锁；挂锁；铜锁		规格缺失，按常见规格推断为40mm	HW-LOCK-000005；HW-LOCK-000010	2	材质铜，规格推断40mm，与同材质无规格SKU疑似重复	材质铜，规格缺失，推断40mm；统一单位为把。；材质铜，规格缺失推断40mm；单位已是把。	清洁办公后勤/门窗五金/挂锁
HW-LOCK-000011	挂锁	挂锁 40mm 铜 通开	材质：铜；规格/口径：40mm；钥匙类型：通开	把	把	来源单位一致		通开铜挂锁；挂锁		规格缺失，按常见规格推断为40mm；钥匙类型保留	HW-LOCK-000011	1		保留钥匙类型通开；规格推断40mm。	清洁办公后勤/门窗五金/挂锁
HW-LOCK-000002	挂锁	挂锁 50mm 不锈钢	材质：不锈钢；规格/口径：50mm	把	把	来源单位一致		50不锈钢挂锁；挂锁			HW-LOCK-000002	1		提取关键规格：材质不锈钢，规格50mm；删除默认无。	清洁办公后勤/门窗五金/挂锁
MAT-000028	风扇	风扇 挂壁遥控	安装方式：挂壁；控制方式：遥控	台	台	来源单位一致		遥控挂壁风扇；挂壁风扇		无缺失关键字段需补齐	MAT-000028	1		保留安装方式和控制方式，删除重复字段'安装'	清洁办公后勤/生活后勤/风扇
MAT-000033	蒸饭柜	蒸饭柜 8层	层数：8层	台	台	来源单位一致	荣事达	8层荣事达智能蒸饭柜；蒸饭柜	功能：智能		MAT-000033	1		保留层数作为核心规格；删除功能：智能（非必要区分字段）；品牌移入brand字段。	清洁办公后勤/生活后勤/蒸饭柜
HW-LOCK-000003	抽锁	抽锁 5寸 不锈钢	材质：不锈钢；规格/口径：5寸	个	个	来源单位一致		5寸不锈钢抽锁；抽锁			HW-LOCK-000003	1		规格字段清晰，保留材质和尺寸作为关键规格。	清洁办公后勤/门窗五金/抽锁
MAT-000039	被子	被子 棉	材质：棉；尺寸：单人（150x200cm）	个	个	来源单位一致		被子；棉被	类型：被子；类型：棉被	材质推断为棉（最常见），尺寸推断为单人（150x200cm）（最常见初始规格）；尺寸推断为单人（150x200cm）	MAT-000039；MAT-000140	2	相同材质和尺寸，疑似重复	原始缺失材质和尺寸，按常见初始库推断为棉被单人规格；原始缺失尺寸，按常见初始库推断为单人规格；材质已明确为棉	清洁办公后勤/生活后勤/被子
MAT-000177	被子	被子 蚕丝	材质：蚕丝；尺寸：单人（150x200cm）	个	个	来源单位一致		蚕丝被	类型：被子	尺寸推断为单人（150x200cm），单位从件统一为个；尺寸推断为单人（150x200cm），单位从套统一为个	MAT-000177；MAT-000182	2	相同材质和尺寸，单位不同，建议统一单位后合并	原始缺失尺寸，单位不统一，按常见推断单人规格并统一单位为个	清洁办公后勤/生活后勤/被子
METAL-000053	合页	不锈钢合页 110mm	材质：不锈钢；规格/尺寸：110mm	副	副	来源单位一致		110不锈钢合页；不锈钢合页		原始规格110，根据常见合页规格推断单位为mm	METAL-000053	1		规格单位缺失，推断为mm	清洁办公后勤/门窗五金/合页
METAL-000094	合页	不锈钢合页 3寸	材质：不锈钢；规格/尺寸：3寸	付	付	来源单位一致		3寸不锈钢合页；合页			METAL-000094	1		规格齐全	清洁办公后勤/门窗五金/合页
METAL-000001	合页	不锈钢合页 4寸	材质：不锈钢；规格/尺寸：4寸	付	付	来源单位一致		4寸不锈钢合页；不锈钢合页	类型：合页	单位从套统一为付；缺失尺寸，根据常见规格补全为4寸	METAL-000001；METAL-000127	2	与METAL-000001标准SKU名称和最小关键规格相同，建议合并	规格齐全，单位统一为付；类型字段冗余已删除；尺寸缺失，按常见规格补全	清洁办公后勤/门窗五金/合页
SPARE-000005	合页	不锈钢合页 4寸 加厚	材质：不锈钢；规格/尺寸：4寸；特征：加厚	付	付	来源单位一致		4寸不锈钢加厚合页；合页			SPARE-000005	1		规格齐全，加厚特征保留	清洁办公后勤/门窗五金/合页
METAL-000009	合页	不锈钢合页 5寸	材质：不锈钢；规格/尺寸：5寸	付	付	来源单位一致		5寸不锈钢合页；不锈钢合页			METAL-000009	1		规格齐全	清洁办公后勤/门窗五金/合页
METAL-000008	合页	不锈钢合页 6寸	材质：不锈钢；规格/尺寸：6寸	付	付	来源单位一致		6寸不锈钢合页；不锈钢合页			METAL-000008	1		规格齐全	清洁办公后勤/门窗五金/合页
SPARE-000012	合页	铁合页 4寸 加厚	材质：铁；规格/尺寸：4寸；特征：加厚	付	付	来源单位一致		4寸加厚铁合页；加厚铁合页			SPARE-000012	1		规格齐全，加厚特征保留	清洁办公后勤/门窗五金/合页
SPARE-000013	合页	铁合页 5寸 加厚	材质：铁；规格/尺寸：5寸；特征：加厚	付	付	来源单位一致		5寸加厚铁合页；加厚铁合页			SPARE-000013	1		规格齐全，加厚特征保留	清洁办公后勤/门窗五金/合页
METAL-000088	合页	铁合页 6寸 焊接	材质：铁；规格/尺寸：6寸；工艺：焊接	付	付	来源单位一致		6焊接铁合页；铁合页		规格6推断为6寸，工艺焊接保留	METAL-000088	1		规格单位缺失，推断为寸；焊接工艺特殊需保留	清洁办公后勤/门窗五金/合页
MAT-000226	遮阳伞	遮阳伞 2.2m	规格/口径：2.2m	把	把	来源单位一致		大遮阳伞2.2m；遮阳伞	类型：大遮阳伞	根据原始规格2.2m生成，材质缺失未编造，需后续补充	MAT-000226	1		删除类型描述，保留规格2.2m作为关键规格	清洁办公后勤/生活后勤/遮阳伞
MAT-000202	插销	插销 300mm 不锈钢	材质：不锈钢；规格/口径：300mm	个	个	来源单位一致		插销300；插销	类型：插销	原始缺失材质，根据常见不锈钢推断；规格300默认为mm	MAT-000202	1	尺寸不同，单独一组	保留规格，推断材质为不锈钢，删除类型默认字段	清洁办公后勤/门窗五金/插销
CONST-000041	插销	插销 4寸 不锈钢	材质：不锈钢；规格/口径：4寸	个	个	来源单位一致		不锈钢门板插销；门板插销；不锈钢门插销；门插销；不锈钢插销；插销；4寸插销	用途：门板；类型：插销；用途：门	原始缺失尺寸，根据常见规格推断为4寸；原始缺失材质，根据常见材质推断为不锈钢；规格4寸已存在	CONST-000041；METAL-000128；SPARE-000002；SPARE-000004；SPARE-000007	5	与其他不锈钢插销规格一致；与其他不锈钢4寸插销规格一致	保留材质和推断尺寸，删除用途和类型默认字段，统一单位；保留材质，删除用途和类型，推断尺寸；保留材质，推断尺寸，没有可删除字段；保留规格，推断材质；保留材质，推断尺寸	清洁办公后勤/门窗五金/插销
SPARE-000003	插销	插销 4寸 不锈钢 带锁	材质：不锈钢；规格/口径：4寸；功能：带锁	个	个	来源单位一致		不锈钢插销带锁；插销		原始缺失尺寸，根据常见规格推断为4寸；带锁已保留	SPARE-000003	1	带锁功能不同，单独一组	保留材质、带锁功能，推断尺寸	清洁办公后勤/门窗五金/插销
HW-LOCK-000013	锁扣	不锈钢锁扣	材质：不锈钢	套	套	来源单位一致		不锈钢锁扣；不锈钢外门锁扣；锁扣		尺寸缺失，未补齐，仅保留材质	HW-LOCK-000013；HW-LOCK-000015；METAL-000006	3	材质相同且关键规格尺寸缺失，疑似同一物料	材质唯一，尺寸缺失，统一生成不锈钢锁扣，单位统一为套；材质唯一，尺寸缺失，统一生成不锈钢锁扣，原单位个调整为套	清洁办公后勤/门窗五金/锁扣
MAT-000002	窗帘拉链	窗帘拉链 2米	规格/长度：2米；材质：塑料	套	套	来源单位一致		窗帘架拉链	类型：拉链/配件；适配对象：窗帘架	原始缺失长度和材质，按常见窗帘拉链采购规格推断为2米塑料拉链	MAT-000002	1		原始信息残缺，按行业常规补全长度和材质，删除冗余分类描述	清洁办公后勤/门窗五金/窗帘拉链
MAT-000064	窗帘支架	窗帘支架 通用型	材质：金属；安装方式：壁装	套	套	来源单位一致			用途：窗帘	原始缺失长度和材质，按常见通用窗帘支架推断为金属材质、壁装安装。长度按通用型处理。	MAT-000064	1		删除冗余用途字段，保留材质和安装方式作为最小关键规格；长度缺失，以通用型代替。	清洁办公后勤/门窗五金/窗帘支架
MAT-000115	闭门器	闭门器 中型	规格：中型	个	个	来源单位一致		闭门器		原始无规格描述，按常见中型闭门器补齐	MAT-000115	1		无规格，补齐为中型闭门器；单位统一为个	清洁办公后勤/门窗五金/闭门器
SPARE-000006	闭门器	闭门器 大号	规格：大号	个	个	来源单位一致		闭门器大；闭门器		原始规格为'大'，按大号补齐；原始规格为'大号'，沿用	SPARE-000006；SPARE-000043	2	与SPARE-000043标准SKU名、规格、单位一致；与SPARE-000006标准SKU名、规格、单位一致	规格由'大'规范为'大号'，单位从套改为个；规格与SPARE-000006一致，建议合并	清洁办公后勤/门窗五金/闭门器
HW-LOCK-000009	门锁	门锁 不锈钢 防盗门	材质：不锈钢；适用场景：防盗门	个	个	来源单位一致		防盗门锁不锈钢；防盗门锁	适配对象：防盗门（与用途重复，已合并到适用场景）	缺失锁体规格和开向，无法补齐	HW-LOCK-000009	1		保留材质和用途，删除重复的适配对象字段，单位保留原个	清洁办公后勤/门窗五金/门锁
HW-LOCK-000001	门锁	门锁 办公室门	适用场景：办公室门	个	个	来源单位一致		办公室门锁；门锁		缺失材质和锁体规格，无法推断，需采购确认	HW-LOCK-000001	1		保留用途字段，单位保留原个，建议统一为把但未修改	清洁办公后勤/门窗五金/门锁
HW-LOCK-000008	门锁	门锁 大门	适用场景：大门	把	把	来源单位一致		大门锁；门锁		缺失材质和锁体规格，无法推断，需采购确认	HW-LOCK-000008	1		保留用途字段，单位把合理	清洁办公后勤/门窗五金/门锁
HW-LOCK-000016	门锁	门锁 铝合金 断桥铝门	材质：铝合金；适用场景：断桥铝门	套	套	来源单位一致		铝合金断桥铝门锁；门锁	类型：门锁（冗余，三级名称已是门锁）	缺失锁体规格，无法补齐	HW-LOCK-000016	1		保留材质和适配对象，删除冗余的类型字段，单位保留原套	清洁办公后勤/门窗五金/门锁
METAL-000129	门吸	门吸 304不锈钢 140mm	材质：304不锈钢；长度：140mm	付	付	来源单位一致		304不锈钢门柱吸	类型：门柱吸/门吸	长度缺失，按常见门吸规格补齐140mm	METAL-000129	1		保留材质和长度关键规格，删除冗余类型描述，补齐默认长度140mm	清洁办公后勤/门窗五金/门吸
WELD-000016	减压表	减压表 乙炔	适用气体：乙炔；接口：左旋G1/2	个	个	来源单位一致		乙炔表；乙炔减压表	类型：压力表/减压表；类型：减压表	接口按常见乙炔减压表标准填充为左旋G1/2；单位从'个'保持不变；单位从'只'统一为'个'	WELD-000016；WELD-000042；WELD-000046	3	与WELD-000042、WELD-000046适用气体、接口相同，疑似重复；与WELD-000016、WELD-000046适用气体、接口相同，疑似重复；与WELD-000016、WELD-000042适用气体、接口相同，疑似重复	保留适用气体和接口（左旋），删除类型描述；保留适用气体和接口（左旋）；保留适用气体和接口，删除类型	焊接切割/气体减压附件/减压表
WELD-000015	减压表	减压表 二氧化碳	适用气体：二氧化碳；接口：G5/8	个	个	来源单位一致		二氧化碳表；二氧化碳减压表	类型：压力表/减压表	接口按常见二氧化碳减压表标准填充为G5/8；单位从'个'保持不变	WELD-000015；WELD-000021	2	与WELD-000021适用气体、接口相同，疑似重复；与WELD-000015适用气体、接口相同，疑似重复	保留适用气体和接口，删除类型描述；保留适用气体和接口，无多余字段可删除	焊接切割/气体减压附件/减压表
WELD-000017	减压表	减压表 氧气	适用气体：氧气；接口：G5/8	个	个	来源单位一致		氧气表；氧气减压表	类型：压力表/减压表；类型：减压表	接口按常见氧气减压表标准填充为G5/8；单位从'个'保持不变；单位从'只'统一为'个'	WELD-000017；WELD-000022；WELD-000055	3	与WELD-000022、WELD-000055适用气体、接口相同，疑似重复；与WELD-000017、WELD-000055适用气体、接口相同，疑似重复；与WELD-000017、WELD-000022适用气体、接口相同，疑似重复	保留适用气体和接口，删除类型描述；保留适用气体和接口；保留适用气体和接口，删除类型	焊接切割/气体减压附件/减压表
TOOL-000246	减压表	减压表 氩气	适用气体：氩气；接口：G5/8	个	个	来源单位一致		氩气表；氩气减压表	类型：减压表	接口按常见氩气减压表标准填充为G5/8；单位从'只'统一为'个'	TOOL-000246	1		保留适用气体和接口作为关键规格，删除多余的'类型'字段	焊接切割/气体减压附件/减压表
WELD-000059	减压阀	减压阀 氧气	介质：氧气；接口：G5/8	只	只	来源单位一致		氧气减压阀	类型：减压阀	接口缺失，根据常见工业氧气减压阀接口推断为G5/8，需后续确认。	WELD-000059	1		保留介质和接口作为最小关键规格，删除冗余类型字段，别名放入aliases。	焊接切割/气体减压附件/减压阀
TOOL-000333	减压阀总成	二氧化碳减压阀总成 G5/8	介质：二氧化碳；接口：G5/8	套	套	来源单位一致		二氧化碳减压阀总成	类型：减压阀总成	原始缺失接口规格，选用最常见的二氧化碳减压阀总成接口G5/8	TOOL-000333	1		根据介质和常见接口生成标准SKU，删除默认类型字段	焊接切割/气体减压附件/减压阀总成
PIPE-000172	气管接头	气管接头 8mm	规格/口径：8mm	个	个	来源单位一致		8厘氧气管接头；氧气管接头		原始规格为8厘，转换为标准单位mm	PIPE-000172	1		仅保留规格口径作为关键字段，连接形式和材质缺失未补充，由采购后续确认。	焊接切割/气体减压附件/气管接头
PIPE-000473	气体软管	气体软管 乙炔 内径8mm	介质：乙炔；内径：8mm；长度：30m；压力等级：0.5MPa	卷	卷	来源单位一致		乙炔管；乙炔软管		内径、长度、压力等级为常见规格，内径8mm、长度30m、压力0.5MPa为乙炔软管常用值	PIPE-000473	1		缺失关键规格，根据常见规格合理推断补齐；介质乙炔必须保留以区分氧气软管	焊接切割/气体减压附件/气体软管
PIPE-000472	气体软管	气体软管 氧气 内径8mm	介质：氧气；内径：8mm；长度：30m；压力等级：1.0MPa	卷	卷	来源单位一致		氧气管；氧气软管		内径、长度、压力等级为常见规格，内径8mm、长度30m、压力1.0MPa为氧气软管常用值	PIPE-000472	1	与WELD-000043推断规格一致，介质、内径、长度、压力等级相同	缺失关键规格，根据常见规格合理推断补齐；介质氧气必须保留以区分乙炔软管	焊接切割/气体减压附件/气体软管
WELD-000043	气体软管	气体软管 氧气 内径8mm	介质：氧气；长度：30m；内径：8mm；压力等级：1.0MPa	卷	卷	来源单位一致		30米国标红色氧气管；氧气胶管	颜色：红色；执行标准：国标；管体类型：胶管	内径和压力等级缺失，根据常见规格推断为内径8mm、压力1.0MPa；长度取自原始数据	WELD-000043	1	与PIPE-000472推断规格一致，介质、内径、长度、压力等级相同；颜色、标准、类型为非关键字段	保留介质和长度；删除颜色、标准、胶管类型等非关键字段；补齐内径和压力	焊接切割/气体减压附件/气体软管
WELD-000053	气体软管	气体软管 氧气乙炔双联 内径8mm	介质：氧气+乙炔；管型：双联；内径：8mm；长度：30m；压力等级：0.5MPa	卷	卷	来源单位一致		氧气 乙炔管；氧气乙炔管		内径、长度、压力等级为常见规格，内径8mm、长度30m、压力0.5MPa为常用双联管规格；管型根据介质组合推断为双联	WELD-000053	1		介质组合为氧气+乙炔，必须保留并注明双联管形式，以区别于单介质软管	焊接切割/气体减压附件/气体软管
WELD-000019	割嘴	割嘴 100型	规格：100型	个	个	来源单位一致		100型切割嘴；切割嘴			WELD-000019	1		保留规格100型，无其他规格字段，按原始信息生成标准名称。	焊接切割/焊割工具/割嘴
WELD-000006	割嘴	割嘴 30号	规格：30号	个	个	来源单位一致		30号割嘴；割嘴			WELD-000006	1		保留规格30号，无其他规格字段，按原始信息生成标准名称。	焊接切割/焊割工具/割嘴
WELD-000065	割嘴	割嘴 G01-100 2号	型号：G01-100；规格：2号	个	个	来源单位一致		割咀G01-100型2号；割嘴			WELD-000065	1		保留型号和规格，单位由只统一为个。	焊接切割/焊割工具/割嘴
WELD-000031	割嘴	割嘴 乙炔	适用气体：乙炔	个	个	来源单位一致		乙炔割嘴	类型：割嘴		WELD-000031	1		保留适用气体乙炔，删除默认类型字段。	焊接切割/焊割工具/割嘴
PIPE-000476	软管卡箍	软管卡箍 8mm	管径：8mm；材质：镀锌钢	只	只	来源单位一致		氧气 乙炔管卡箍；气体软管卡箍	适配对象：氧气/乙炔管；类型：卡箍	管径按8mm常见规格补齐；材质按镀锌钢常见规格补齐	PIPE-000476	1		缺失管径和材质，按常用规格补齐；删除默认用途和形态描述	焊接切割/气体减压附件/软管卡箍
WELD-000062	检测表	乙炔检测表	介质：乙炔；量程：0-0.25MPa；精度：1.6级	只	只	来源单位一致		乙炔检测表	类型：检测表	量程和精度按常见乙炔检测表补齐：量程0-0.25MPa，精度1.6级	WELD-000062	1		缺失量程和精度，按常见采购规格补齐；保留介质和基本规格，删除冗余类型字段。	焊接切割/气体减压附件/检测表
WELD-000066	压力表	乙炔压力表 0-2.5MPa	介质：乙炔；量程：0-2.5MPa；接口：M20×1.5	只	只	来源单位一致		乙炔表；乙炔压力表		量程和接口缺失，按常见乙炔压力表规格0-2.5MPa、M20×1.5合理推断	WELD-000066	1		原始规格缺失关键字段量程和接口，按行业常见乙炔压力表补齐，保留介质字段避免买错气体类型	焊接切割/气体减压附件/压力表
WELD-000018	割炬	割炬 100型	型号：100型	把	把	来源单位一致		100型割炬；割炬		长度推断为标准长度	WELD-000018	1		原始仅规格100型，无长度，标准；无品牌。	焊接切割/焊割工具/割炬
WELD-000054	割炬	割炬 100型 长款	型号：100型；长度：长款	把	把	来源单位一致		割枪100型长款；割枪			WELD-000054	1		原始有型号和长度长款，保留；别名合并。	焊接切割/焊割工具/割炬
WELD-000060	割炬	割炬 100型 长款 不锈钢	型号：100型；长度：长款；材质：不锈钢	把	把	来源单位一致	华凌	华凌加长型100#不锈钢割枪；不锈钢割枪		型号100#统一为100型，加长型统一为长款。	WELD-000060	1		原始有品牌、型号、材质、加长型，均保留；加长型规格化为长款；型号规格化为100型。	焊接切割/焊割工具/割炬
WELD-000005	割炬	割炬 30号	型号：30号	把	把	来源单位一致		30号割枪；割枪		长度推断为标准长度	WELD-000005	1		原始仅规格30号，无长度，推断为标准长度；无品牌；别名合并。	焊接切割/焊割工具/割炬
WELD-000010	导电嘴	导电嘴 1.2×45	孔径：1.2mm；长度：45mm	个	个	来源单位一致		铜导电嘴45*12；铜导电嘴；二氧化碳导电嘴；导电嘴	材质：铜；适用焊接方式：二氧化碳焊	原始规格45*12推断为孔径1.2mm长度45mm；根据常见二氧化碳焊导电嘴规格推断为孔径1.2mm长度45mm	WELD-000010；WELD-000020	2	standard_sku_name和minimal_required_specs一致	保留孔径和长度，删除默认的材质；缺失规格，按常见规格补齐	焊接切割/焊机配件/导电嘴
TOOL-000272	碳弧气刨枪套装	碳弧气刨枪套装 2米线	线长：2米	套	套	来源单位一致		碳弧气刨枪带2米线；碳弧气刨枪套装	类型：碳弧气刨枪	原始输入缺失电流等规格，按线长2米创建SKU	TOOL-000272	1		保留线长作为关键规格，删除冗余的类型描述	焊接切割/焊割工具/碳弧气刨枪套装
TOOL-000268	喷火枪	喷火枪 丁烷气	燃气类型：丁烷；接口：卡式	把	把	来源单位一致		喷火枪；多功能喷火枪	类型：喷火枪（冗余）；功能：多功能（冗余）；单位：个（统一为把）	因缺失燃气类型和接口，按最常用丁烷卡式喷火枪补齐；单位由个统一为把	TOOL-000268；WELD-000023	2	两个SKU均缺失具体规格，经推断标准名称相同	删除冗余类型字段，补齐常见规格；删除冗余功能描述，统一单位	焊接切割/焊割工具/喷火枪
WELD-000008	电焊钳	电焊钳 500A	额定电流：500A	把	把	来源单位一致		500A电焊钳；电焊钳		单位由‘支’统一为‘把’，因为电焊钳常用单位是把。	WELD-000008；WELD-000014；WELD-000040	3	与WELD-000014、WELD-000040标准SKU名、最小关键规格相同，单位统一后一致，疑似重复。；与WELD-000008、WELD-000040标准SKU名、最小关键规格相同，单位统一后一致。；与WELD-000008、WELD-000014标准SKU名、最小关键规格相同，单位统一后一致。	原始单位把，额定电流500A。与同电流其他SKU标记合并。；原始单位支，统一为把；额定电流500A。标记合并。；原始单位把，额定电流500A。标记合并。	焊接切割/焊割工具/电焊钳
TOOL-000264	电焊钳	电焊钳 600A	额定电流：600A	把	把	来源单位一致		电焊钳600A；电焊钳			TOOL-000264	1		原始有额定电流600A，单位把，保留为核心规格。aliases保留。	焊接切割/焊割工具/电焊钳
WELD-000009	电焊钳	电焊钳 800A	额定电流：800A	把	把	来源单位一致		800A电焊钳；电焊钳			WELD-000009；WELD-000041	2	与WELD-000041标准SKU名、最小关键规格相同，疑似重复。；与WELD-000009标准SKU名、最小关键规格相同。	原始单位把，额定电流800A。与同电流其他SKU标记合并。；原始单位把，额定电流800A。标记合并。	焊接切割/焊割工具/电焊钳
WELD-000026	电焊机	电焊机 200A	额定电流：200A；配置：含焊线	套	套	来源单位一致		电焊机含线；电焊机套装		额定电流200A为常见家用焊机规格，原始缺失；配置含焊线来自原始required_specs字段	WELD-000026	1		原始缺失型号、功率、电压等规格；根据常见焊机推断额定电流200A；保留配置含焊线作为关键规格	焊接切割/焊接设备/焊机（候选）/电焊机
WELD-000025	焊枪	焊枪 2000W	适用材料：塑料；功率：2000W	套	套	来源单位一致		塑料焊枪	热源类型：热风（默认）；电压：220V（默认）	功率按常见塑料焊枪规格推断为2000W；热源类型和电压按行业默认补全	WELD-000025	1		原始缺失功率、热源类型和电压，按常见规格补齐功率并删除默认字段；适用材料保留为最小关键规格	焊接切割/焊割工具/焊枪
WELD-000024	二保焊绝缘套	二保焊绝缘套 500A	规格：500A	个	个	来源单位一致		二保焊绝缘套	用途：二保焊；类型：绝缘套	缺失型号，按常见采购口径填充为500A	WELD-000024	1		保留规格字段并填充默认型号，删除通用描述字段	焊接切割/焊机配件/二保焊绝缘套
WELD-000058	焊机分流器	焊机分流器 350型	适配机型：350型二保焊机；材质：陶瓷型	只	只	来源单位一致		350型二保焊机分流器陶瓷型；二保焊机分流器	部件：分流器		WELD-000058	1		保留适配机型与材质作为关键规格；删除冗余部件描述。	焊接切割/焊机配件/焊机分流器
WELD-000057	焊机分流器	焊机分流器 500型	适配机型：500型二保焊机；材质：陶瓷型	只	只	来源单位一致		500型二保焊机分流器陶瓷型；二保焊机分流器	部件：分流器		WELD-000057	1		保留适配机型与材质作为关键规格；删除冗余部件描述。	焊接切割/焊机配件/焊机分流器
WELD-000003	等离子割嘴	等离子割嘴 P80	型号：P80	个	个	来源单位一致		P80等离子割嘴；等离子割嘴	类型：割嘴		WELD-000003	1		保留型号P80作为关键规格，类型因与物料名称重复且行业默认而删除。	焊接切割/焊机配件/等离子割嘴
TOOL-000294	焊机地线夹	焊机地线夹 500A	额定电流：500A	个	个	来源单位一致		500A地线夹；地线夹；电焊机接线夹；焊机地线夹	类型：地线夹；适配设备：电焊机（隐含）；类型：接线夹；适配设备：电焊机；适配设备：焊机	缺失额定电流，按常见500A补全	TOOL-000294；WELD-000048；WELD-000063	3	standard_sku_name和minimal_required_specs相同，疑似同一物料的不同历史编码	保留额定电流500A，删除默认类型和适配设备，单位统一为个；补全额定电流为500A，删除默认类型和适配设备，单位统一为个	焊接切割/焊机配件/焊机地线夹
WELD-000007	碳棒	碳棒 6mm×355mm	直径：6mm；长度：355mm	支	支	来源单位一致		碳棒6MM；碳棒	材质：碳	长度未提供，按碳棒行业常用规格推断为355mm	WELD-000007	1		直径保留，长度推断，材质为行业默认删除	焊接切割/焊材/碳棒
WELD-000049	碳棒	碳棒 8mm×355mm	直径：8mm；长度：355mm	盒	盒	来源单位一致		碳棒8mm；碳棒	材质：碳	长度未提供，按碳棒行业常用规格推断为355mm	WELD-000049	1		直径保留，长度推断，材质为行业默认删除	焊接切割/焊材/碳棒
WELD-000056	焊条	不锈钢焊条 2.5mm	材质：不锈钢；直径：2.5mm	千克	千克	来源单位一致		不锈钢焊条Φ2.5；不锈钢焊条	材质/牌号按规格字段维护说明	单位统一为千克	WELD-000056	1		保留材质和直径	焊接切割/焊材/焊条
WELD-000037	焊条	焊条 2.5mm 20kg	直径：2.5mm；包装重：20kg	千克	千克	来源单位一致		2.5焊条20公斤；焊条	材质/牌号按规格字段维护说明	单位统一为千克，保留原始包装重量	WELD-000037	1		保留直径和包装重量	焊接切割/焊材/焊条
WELD-000011	焊条	焊条 3.2mm	直径：3.2mm	千克	千克	来源单位一致		3.2焊条；3.2电焊条；焊条	材质/牌号按规格字段维护说明	缺失牌号，默认不补，仅保留直径	WELD-000011；WELD-000044	2	相同直径3.2mm，均无牌号，可合并	仅保留直径，缺失牌号未补；仅保留直径，与WELD-000011重复	焊接切割/焊材/焊条
WELD-000038	焊条	焊条 3.2mm 20kg	直径：3.2mm；包装重：20kg	千克	千克	来源单位一致		3.2焊条20公斤；焊条	材质/牌号按规格字段维护说明	单位统一为千克，保留原始包装重量	WELD-000038	1		保留直径和包装重量	焊接切割/焊材/焊条
WELD-000013	焊条	焊条 4.0mm	直径：4.0mm	千克	千克	来源单位一致		4.0电焊条；焊条	材质/牌号按规格字段维护说明	缺失牌号，默认不补，仅保留直径	WELD-000013	1		仅保留直径	焊接切割/焊材/焊条
WELD-000051	焊条	焊条 422 2.5mm	牌号：422；直径：2.5mm	千克	千克	来源单位一致	大西洋	大西洋422型2.5焊条；焊条	材质/牌号按规格字段维护说明	单位统一为千克	WELD-000051	1		保留品牌、牌号、直径	焊接切割/焊材/焊条
WELD-000052	焊条	焊条 422 3.2mm	牌号：422；直径：3.2mm	千克	千克	来源单位一致	大西洋	大西洋422型3.2焊条；焊条；碳钢焊条	材质/牌号按规格字段维护说明	单位统一为千克	WELD-000052；WELD-000064	2	相同品牌、牌号、直径，与WELD-000064重复；相同品牌、牌号、直径，与WELD-000052重复	保留品牌、牌号、直径；保留品牌、牌号、直径，与WELD-000052重复	焊接切割/焊材/焊条
WELD-000012	焊条	焊条 5.0mm	直径：5.0mm	千克	千克	来源单位一致		5.0电焊条；焊条	材质/牌号按规格字段维护说明	缺失牌号，默认不补，仅保留直径	WELD-000012	1		仅保留直径	焊接切割/焊材/焊条
WELD-000004	焊条	焊条 507 3.2mm	牌号：507；直径：3.2mm	千克	千克	来源单位一致		507*3.2焊条；焊条	材质/牌号按规格字段维护说明		WELD-000004	1		保留已知牌号和直径，去除无效说明	焊接切割/焊材/焊条
WELD-000002	焊机快速接头	焊机快速接头 35-50	规格/口径：35-50	个	个	来源单位一致		35-50电焊快速接头；电焊快速接头			WELD-000002	1		规格35-50明确，单位统一为个（原套）。	焊接切割/焊机配件/焊机快速接头
WELD-000032	焊机快速接头	焊机快速接头 50	规格/口径：50	个	个	来源单位一致		焊机快连接头；焊机快速接头		根据常见焊机快速接头规格，推断为规格50（电缆截面50平方毫米）。	WELD-000032	1		原始缺失规格，按常见规格补齐；单位统一为个（原个）。	焊接切割/焊机配件/焊机快速接头
WELD-000001	焊丝	焊丝 998 1.2mm	牌号：998；直径：1.2mm	KG	KG	来源单位一致		998高强度耐磨焊丝；耐磨焊丝	特性：高强度耐磨	原始缺失直径，按常见耐磨焊丝典型直径1.2mm补齐	WELD-000001	1		牌号998为关键区分项，保留；直径缺失但按常见规格补齐；特性描述删除，不影响采购判断	焊接切割/焊材/焊丝
WELD-000047	焊枪线缆套装	焊枪线缆套装 500型 5米	型号：500型；线长：5米	套	套	来源单位一致		500型5米线带焊枪；焊枪线缆套装	包含：焊枪		WELD-000047	1		型号和线长为关键规格，保留；删除冗余说明'包含：焊枪'。	焊接切割/焊机配件/焊枪线缆套装
WELD-000039	药芯焊丝	药芯焊丝 1.2mm	直径：1.2mm；牌号：E71T-1；包装重量：15kg/盘	盘	盘	来源单位一致	大西洋	1.2药芯焊丝；药芯焊丝；大西洋药芯焊丝1.2	类型：药芯焊丝；类型：药芯	牌号、包装重量缺失，按常见药芯焊丝默认E71T-1、15kg/盘；品牌信息从别名获取	WELD-000039；WELD-000045	2	直径、牌号、包装重量相同，品牌差异不参与唯一SKU判断	规格缺失，补齐牌号、包装重量；删除默认类型；品牌放入brand字段	焊接切割/焊材/药芯焊丝
TOOL-000240	吹尘枪	吹尘枪 1/4英寸	接口：1/4英寸	把	把	来源单位一致	世达	世达吹尘枪；吹尘枪	类型：吹尘枪	接口规格缺失，按常见采购口径1/4英寸补齐	TOOL-000240	1		保留接口规格，删除冗余类型字段，补齐常用接口尺寸。	电动气动工具/气动工具/吹尘枪
TOOL-000289	钻夹头钥匙	钻夹头钥匙 1.5-13mm	适配夹头规格：1.5-13mm	把	把	来源单位一致		电钻夹头钥匙		原始规格缺失，按常见电钻夹头钥匙规格1.5-13mm填补	TOOL-000289	1		原始数据缺失适配夹头规格，按常见规格填补；别名保留；无默认删除字段	电动气动工具/工具附件/钻夹头钥匙
TOOL-000195	气动扳手	气动扳手 1寸	规格/接口：1寸	个	个	来源单位一致		1寸气动扳手；气动扳手；大气动扳手		原始规格'大号'模糊，根据常见规格和同组1寸规格推断为1寸	TOOL-000195；TOOL-000200	2	标准SKU名和最小关键规格相同，单位统一后一致	保留规格1寸，单位保留个；模糊规格'大号'统一为1寸，单位从台改为个	电动气动工具/气动工具/气动扳手
TOOL-000319	钻夹头	钻夹头 自紧 0.3-16 B18	夹持范围：0.3-16；接口：B18；结构：自紧	个	个	来源单位一致	马牌	马牌自紧钻夹头0.3-16B18；自紧钻夹头			TOOL-000319	1		核心规格夹持范围、接口、结构自紧决定采购正确性，品牌单独保留，别名不混入规格	电动气动工具/工具附件/钻夹头
TOOL-000305	碳刷	碳刷 43#	规格：43#	副	副	来源单位一致		碳刷43#；碳刷			TOOL-000305	1		保留规格编号作为关键标识	电动气动工具/工具附件/碳刷
TOOL-000304	碳刷	碳刷 900#	规格：900#	副	副	来源单位一致		碳刷900#；碳刷			TOOL-000304	1		保留规格编号作为关键标识	电动气动工具/工具附件/碳刷
TOOL-000189	碳刷	碳刷 电镐	适用设备：电镐	副	副	来源单位一致		电镐碳刷		根据governance_note推定，以适配设备作为关键规格	TOOL-000189	1		保留适配设备以区分碳刷型号，缺失具体尺寸但设备信息足够初步采购判断	电动气动工具/工具附件/碳刷
TOOL-000266	批头套装	批头套装 十字	头型：十字	套	套	来源单位一致	世达	世达十字批头套装；十字批头套装	配置：套装		TOOL-000266	1		保留头型字段，删除配置：套装（行业默认），品牌放入brand字段，aliases保留原始别名。	电动气动工具/工具附件/批头套装
TOOL-000206	切割机防护罩	切割机防护罩 400型	适配设备：400切割机	个	个	来源单位一致		400切割机防护罩；切割机防护罩	部件：防护罩	适配设备直接使用原规格，未填充其他字段	TOOL-000206	1		原规格中适配设备是关键区分属性，保留；部件描述与物料名重复，删除；材质缺失但未强制填写，按常见采购口径保留最小规格	电动气动工具/工具附件/切割机防护罩
TOOL-000067	风镐	风镐 G150	型号：G150	台	台	来源单位一致		G150风镐；风镐			TOOL-000067	1		型号已足够区分采购需求，工作压力等非最小关键字段	电动气动工具/气动工具/风镐
TOOL-000238	角磨机	角磨机 交流 220V	供电方式：交流；电压：220V；砂轮片直径：100mm	台	台	来源单位一致	东城	东城角磨机；角磨机	类型：角磨机（由物料名称隐含）；供电/套装配置按规格字段维护（元数据）	供电方式推断为交流（未写锂电）；电压220V为常见有线角磨机标准；砂轮片直径100mm为常见规格	TOOL-000238	1		保留供电方式、电压、砂轮片直径作为关键区分；删除冗余类型和元数据字段	电动气动工具/电动工具/角磨机
TOOL-000254	角磨机	角磨机 锂电池 20V 套装	供电方式：锂电池；电压：20V；砂轮片直径：100mm；配置：二电一充	台	台	来源单位一致	东成	东成锂电角磨机二电一充；锂电角磨机套装	类型：角磨机（由物料名称隐含）；供电/套装配置按规格字段维护（元数据）	电压20V根据东成常见锂电角磨机型号推断；砂轮片直径100mm为常见规格；配置信息来自原始输入	TOOL-000254	1		保留供电方式、电压、砂轮片直径和配置作为关键区分；删除冗余类型和元数据字段	电动气动工具/电动工具/角磨机
TOOL-000027	角磨机	角磨机 锂电池 21V	供电方式：锂电池；电压：21V；砂轮片直径：100mm	台	台	来源单位一致	大艺	大艺锂电池角磨机；锂电池角磨机；锂电角磨机	类型：角磨机（由物料名称隐含）；动力字段归一化为供电方式；供电/套装配置按规格字段维护（元数据）；供电字段归一化为供电方式	电压21V根据大艺常见锂电角磨机型号推断；砂轮片直径100mm为常见规格	TOOL-000027；TOOL-000040	2	与大艺另一锂电角磨机TOOL-000040关键规格完全相同，疑似重复；与大艺另一锂电角磨机TOOL-000027关键规格完全相同，疑似重复	保留供电方式、电压、砂轮片直径作为关键区分；删除冗余类型和元数据字段	电动气动工具/电动工具/角磨机
PIPE-000004	热熔机	热熔机 20-63mm	适用口径：20-63mm	台	台	来源单位一致		PPR热熔机；热熔机		根据常见PPR热熔机规格，推断适用口径为20-63mm	PIPE-000004；PIPE-000114	2	相同standard_sku_name和minimal_required_specs，单位需统一	原始规格中''为误写，已删除；缺失型号和口径，按常见规格推断；单位从'个'统一为'台'；缺失口径和功率，按常见规格推断；单位从'台'保持不变	电动气动工具/电动工具/热熔机
TOOL-000007	电钻	电钻	规格：通用	台	台	来源单位一致		锂电池电钻；电钻；充电电钻；大功率锂电钻；锂电钻	供电：锂电池；动力：锂电池；供电：充电	后处理补齐：原输出最小规格为空，按初始物料清单口径设为规格：通用	TOOL-000007；TOOL-000096；TOOL-000099	3	规格缺失导致标准SKU相同	删除默认供电字段，品牌电压缺失，作为初始通用SKU；后处理补齐：原输出最小规格为空，按初始物料清单口径设为规格：通用	电动气动工具/电动工具/电钻
TOOL-000026	电钻	电钻 21V	电压：21V；品牌：大艺	台	台	来源单位一致	大艺	21V大艺锂电池电钻；锂电池电钻	供电：锂电池；动力：锂电池		TOOL-000026	1		保留电压和品牌关键规格，删除默认供电字段	电动气动工具/电动工具/电钻
TOOL-000292	电钻	电钻 二电一充	品牌：东成；配置：二电一充	台	台	来源单位一致	东成	东成锂电手电钻二电一充；锂电手电钻套装	供电：锂电		TOOL-000292	1		保留品牌和配置关键规格，删除默认供电字段	电动气动工具/电动工具/电钻
TOOL-000047	砂轮机	砂轮机 1.1kW 台式	功率：1.1kW；结构：台式；电压：220V；砂轮规格：250mm	台	台	来源单位一致		1.1kW台式砂轮机；台式砂轮机		电压补为常见220V；砂轮规格按1.1kW台式砂轮机常用配置补为250mm	TOOL-000047	1		保留功率和结构（台式），补充常见电压和砂轮规格作为最小关键规格；别名中的'沙'规范为'砂'，'千W'规范为'kW'；类型中'砂轮机'已体现在物料名称中，故规范为'结构：台式'	电动气动工具/电动工具/砂轮机
ELEC-000087	保险管	保险管 32A	电流：32A；电压：250V；尺寸：6x30mm	个	个	来源单位一致		32A保险管；保险管		原始规格仅含电流，根据常见32A保险管规格，默认补齐电压250V、尺寸6x30mm。	ELEC-000087	1		原始规格仅含电流，缺失电压和尺寸，补齐后生成标准SKU。	电气电料/低压电器/保险管
TOOL-000108	电镐	电镐 15寸	规格：15寸	套	套	来源单位一致		15寸专业长款电镐；电镐		原始仅提供规格和特征，未提供功率、品牌、型号，按现有信息生成	TOOL-000108	1		保留唯一可区分的规格字段；特征“专业长款”已移入别名；单位沿用原始“套”，后续可评估统一为“台”	电动气动工具/电动工具/电镐
TOOL-000140	热风机	热风机 2000W	功率：2000W	个	个	来源单位一致		2000W热风机；热风机		仅有功率2000W，按功率构建标准SKU名	TOOL-000140	1		保留功率作为关键规格，电压、温度范围等缺失未补齐	电动气动工具/电动工具/热风机
ELEC-000199	指示灯	指示灯 M22 红+绿	安装孔径：M22；颜色：红+绿	只	只	来源单位一致		指示灯M22 红+绿；指示灯		电压缺失，建议后续补充确认	ELEC-000199	1		保留已知的关键规格安装孔径和颜色，删除非必要字段（无），电压因缺失未纳入但记录于默认补齐依据	电气电料/低压电器/指示灯
ELEC-000148	急停按钮	急停按钮 开孔22mm	开孔尺寸：22mm	套	套	来源单位一致		急停按钮	功能：急停	原始缺失开孔尺寸，按常见急停按钮规格默认推断为22mm	ELEC-000148	1		原SKU仅包含功能描述，缺失开孔尺寸；生成了常见初始SKU，开孔尺寸默认22mm以便采购识别	电气电料/低压电器/急停按钮
ELEC-000079	开关电源	开关电源 36V 400W	输出电压: 36V；功率: 400W	个	个	来源单位一致		36V 400w电源；开关电源			ELEC-000079	1		保留已知输出电压和功率；输入电压未提供，未做默认填充	电气电料/低压电器/开关电源
ELEC-000192	双电源转换器	双电源转换器 220V 2P 20A	电压：220V；极数：2P；电流：20A	只	只	来源单位一致		双电源转换器220V-2P-20A；双电源转换器			ELEC-000192	1		电压、极数、电流齐全，直接作为最小关键规格。	电气电料/低压电器/双电源转换器
ELEC-000193	双电源转换器	双电源转换器 24V	电压：24V	只	只	来源单位一致		双电源转换器24V；双电源转换器		电压字段已存在，极数、电流缺失，未补全以保持最小规格。	ELEC-000193	1		仅电压已知，极数和电流缺失，保留现有字段。	电气电料/低压电器/双电源转换器
ELEC-000060	变压器	变压器 220V/24V 5A	输入电压：220V AC；输出电压：24V；输出电流：5A	个	个	来源单位一致		24V5A变压器；变压器		原始规格仅给出输出24V 5A，输入电压缺失；根据中国大陆常见采购场景，默认输入电压为220V AC。	ELEC-000060	1		根据输出规格推断输入电压，生成最小必要规格，避免买错。	电气电料/低压电器/变压器
ELEC-000132	压力开关	压力开关 4分	接口：4分	个	个	来源单位一致		4分压力开关；压力开关	类型：压力开关		ELEC-000132	1		仅保留接口规格，因为它是压力开关安装兼容性的关键；类型字段因与三级名称重复被移除。	电气电料/低压电器/压力开关
ELEC-000156	刀开关手柄	刀开关手柄 HD13 1000A	型号：HD13；额定电流：1000A	套	套	来源单位一致		HD13刀开关手柄1000A；刀开关手柄			ELEC-000156	1		型号和额定电流是关键规格，保留为最小必填字段；部件为产品类型描述，不进入规格；单位保留原单位。	电气电料/低压电器/刀开关手柄
ELEC-000209	刀闸推拉杆	刀闸推拉杆	适配刀闸型号：通用	只	只	来源单位一致		1级电箱刀闸推拉杆；电箱刀闸推拉杆		原始规格缺失，按通用型生成初始SKU	ELEC-000209	1		规格缺失，无法进一步细分；保留基础名称，待后续补充具体型号尺寸	电气电料/低压电器/刀闸推拉杆
ELEC-000251	断路器	塑壳断路器 630A 3P	型号：CM3E-630-3300；电流：630A；极数：3P；结构：塑壳	个	个	来源单位一致	常熟	常熟断路器CM3E-630-3300；塑壳断路器		根据型号推断极数为3P，壳架电流630A	ELEC-000251	1		型号明确，推断极数和电流；原单位只统一为个	电气电料/低压电器/断路器
ELEC-000080	断路器	断路器 100A 3P	电流：100A；极数：3P	个	个	来源单位一致		100A总开关；总开关		根据常见100A断路器极数推断为3P	ELEC-000080	1		缺失极数，按常见规格推断为3P；品牌缺失	电气电料/低压电器/断路器
ELEC-000082	断路器	断路器 1P 16A	电流：16A；极数：1P	个	个	来源单位一致		16A空开；空气开关		根据常见16A小型断路器极数推断为1P	ELEC-000082	1		缺失极数，按常见规格推断为1P；品牌缺失	电气电料/低压电器/断路器
ELEC-000183	断路器	断路器 2P 10A	极数：2P；额定电流：10A	个	个	来源单位一致	德力西	德力西断路器2P/10A；断路器			ELEC-000183	1		品牌极数电流明确，原单位只统一为个	电气电料/低压电器/断路器
ELEC-000150	断路器	断路器 3P 250A	极数：3P；额定电流：250A	个	个	来源单位一致	施耐德	施耐德断路器250A-3P；断路器			ELEC-000150	1		极性电流明确，原单位套统一为个	电气电料/低压电器/断路器
ELEC-000029	断路器	断路器 3P 63A	极数：3P；电流：63A	个	个	来源单位一致	施耐德	3P*63A施耐德空气开关；空气开关			ELEC-000029	1		品牌和极数电流明确，保留关键规格	电气电料/低压电器/断路器
ELEC-000064	接触器	接触器 80A	电流：80A	个	个	来源单位一致	施耐德	施耐德行车接触器80A；接触器	用途：行车		ELEC-000064	1		保留电流80A，缺失型号和线圈电压，无法推断，品牌放入brand字段，用途删除	电气电料/低压电器/接触器
ELEC-000179	接触器	接触器 CJX2 220V	线圈电压：220V；电流类型：交流	个	个	来源单位一致	施耐德	施耐德cjx2-220V接触器；交流接触器			ELEC-000179	1		保留线圈电压和电流类型，系列CJX2入名称，缺失额定电流	电气电料/低压电器/接触器
ELEC-000223	接触器	接触器 CJX2-1810	额定电流：18A；电流类型：交流	个	个	来源单位一致	人民	人民交流接触器CJX2-1810；交流接触器		型号CJX2-1810通常额定电流18A，故推断	ELEC-000223	1		保留型号和电流类型，额定电流从型号推断，品牌入brand，缺失线圈电压	电气电料/低压电器/接触器
ELEC-000147	按钮指示灯	按钮指示灯 AC220V 红色 22mm	电压：AC220V；颜色：红色；开孔尺寸：22mm	套	套	来源单位一致		启动按钮指示灯		原规格缺失，按常见按钮指示灯默认规格补齐（电压AC220V，颜色红色，开孔尺寸22mm）	ELEC-000147	1		原始规格仅描述功能，缺失电压、颜色、开孔尺寸等关键参数；按常用默认值生成初始SKU，后续需人工确认。	电气电料/低压电器/按钮指示灯
SPARE-000141	控制开关	控制开关 水泵自动控制	用途：水泵自动控制	台	台	来源单位一致		水泵自动控制开关		原始缺少电压、电流等电气参数，按用途生成初始SKU，建议后续确认具体参数	SPARE-000141	1		仅提供用途描述，无电气规格，保留用途作为关键区分字段	电气电料/低压电器/控制开关
ELEC-000208	时间继电器	时间继电器 AC220V	电压：AC220V	只	只	来源单位一致	施耐德	施耐德多功能时间继电器		电压按常见采购规格默认AC220V	ELEC-000208	1		保留品牌，电压按常见默认，类型作为别名	电气电料/低压电器/时间继电器
ELEC-000127	时控开关	时控开关 220V 10A	电压：220V；额定电流：10A	个	个	来源单位一致	德力西；施耐德	时控开关；德力西时控开关；施耐德时控开关220V/10A	类型：时控开关	原始缺失电压和电流，按常见时控开关规格默认220V、10A	ELEC-000127；ELEC-000178；ELEC-000221	3	标准SKU名称和最小规格相同，仅品牌或单位不同	缺失规格，按常见规格补齐；删除默认字段：类型；单位统一为个；类型字段删除；单位由'只'统一为'个'；已有电压电流，保留	电气电料/低压电器/时控开关
CONST-000025	操作面板	操作面板 适配变频器	适配设备：变频器	只	只	来源单位一致		变频器操作面板		原始缺失品牌和型号，按适配设备生成通用操作面板SKU，待后续补充具体型号	CONST-000025	1		仅保留适配设备字段作为关键规格，其余字段（品牌、型号）缺失，需后续确认	电气电料/低压电器/操作面板
ELEC-000151	按钮开关	带灯按钮开关 绿 AC220V	颜色：绿；电压：AC220V；类型：带灯	只	只	来源单位一致	施耐德	施耐德灯带按钮开关；带灯按钮开关		颜色和电压按常见规格（绿、AC220V）推断	ELEC-000151	1		品牌移入brand，类型纳入standard_sku_name，缺失颜色和电压按常见规格补齐	电气电料/低压电器/按钮开关
ELEC-000201	按钮开关	按钮开关 红+绿 AC220V	颜色：红+绿；电压：AC220V	只	只	来源单位一致		按钮开关红+绿；按钮开关	类型：按钮开关（与三级名称重复）	电压按常见规格（AC220V）推断	ELEC-000201	1		类型字段冗余删除，颜色保留，缺失电压按常见规格补齐	电气电料/低压电器/按钮开关
ELEC-000074	电源适配器	电源适配器 12V 1A	输出电压：12V；输出电流：1A	个	个	来源单位一致		12V1A适配器；电源适配器		原始提供输出规格，未假设输入规格和接口类型	ELEC-000074	1		保留直接给出的输出规格作为关键规格，其余缺失字段未编造	电气电料/低压电器/电源适配器
ELEC-000200	电位器	电位器 5K	阻值：5K	只	只	来源单位一致	施耐德	施耐德调速电位器5K；调速电位器	用途：调速	原始缺失型号，按阻值5K生成初始SKU；品牌施耐德放入brand字段。	ELEC-000200	1		保留阻值作为关键规格；用途为非关键描述，删除；品牌放入brand字段。	电气电料/低压电器/电位器
ELEC-000204	电位器	电位器 LA42D 5K	阻值：5K；型号：LA42D	只	只	来源单位一致	天逸	天逸电位器LA42D-5K；电位器			ELEC-000204	1		保留阻值和型号作为关键规格；品牌放入brand字段。	电气电料/低压电器/电位器
ELEC-000253	电源转换器	电源转换器 输入24V 输出12V 2A	输入电压：24V；输出电压：12V；电流：2A	只	只	来源单位一致		电源转换器24V转12V2A；电源转换器			ELEC-000253	1		原始规格完整，保留输入电压、输出电压、电流作为最小关键规格；无默认字段可删除。	电气电料/低压电器/电源转换器
ELEC-000185	温控开关	温控开关 电柜风扇	用途：电柜风扇	只	只	来源单位一致		电柜风扇温控开关蓝色；温控开关	颜色：蓝色；类型：温控开关（已在品名）	原始规格缺失型号，以用途电柜风扇作为关键区分规格，生成常用初始SKU	ELEC-000185	1		删除颜色和冗余类型；保留用途作为唯一关键规格，避免采购混淆	电气电料/低压电器/温控开关
ELEC-000203	继电器	继电器 220V 5A 带底座	品牌：施耐德；电压：220V；电流：5A；配置：带底座	套	套	来源单位一致	施耐德	施耐德继电器带底座220V/5A；继电器套装			ELEC-000203	1		品牌施耐德因底座兼容性保留，电压220V、电流5A、带底座为关键字段。	电气电料/低压电器/继电器
ELEC-000177	漏电保护器	漏电保护器 2P 16A	极数：2P；电流：16A	个	个	来源单位一致	德力西	德力西漏保2P/16A；漏电保护器		单位由'只'统一为'个'	ELEC-000177	1		保留品牌、极数、电流，单位统一	电气电料/低压电器/漏电保护器
ELEC-000194	漏电保护器	漏电保护器 2P 20A	极数：2P；电流：20A	个	个	来源单位一致	德力西	德力西漏保开关2P/20A；漏电保护器		单位由'只'统一为'个'	ELEC-000194	1		保留品牌、极数、电流，单位统一	电气电料/低压电器/漏电保护器
ELEC-000182	漏电保护器	漏电保护器 2P 25A	极数：2P；电流：25A	个	个	来源单位一致	德力西	德力西漏保开关2P/25A；漏电保护器		单位由'只'统一为'个'	ELEC-000182	1		保留品牌、极数、电流，单位统一	电气电料/低压电器/漏电保护器
ELEC-000028	漏电保护器	漏电保护器 2P 63A	极数：2P；电流：63A	个	个	来源单位一致	施耐德	2P*63A施耐德漏电保护器；漏电保护器			ELEC-000028	1		保留品牌、极数、电流为标准规格	电气电料/低压电器/漏电保护器
ELEC-000081	漏电保护器	漏电保护器 40A	极数：；电流：40A	个	个	来源单位一致		40A漏电保护；漏电保护器	类型：漏电保护	极数字段缺失，未补齐；品牌缺失，未补齐	ELEC-000081	1		原始信息缺失极数和品牌，保留可见规格	电气电料/低压电器/漏电保护器
ELEC-000046	漏电保护器	漏电保护器 4P 250A	极数：4P；电流：250A	个	个	来源单位一致	德力西	250A4P德力西漏电保护器；漏电保护器			ELEC-000046	1		保留品牌、极数、电流为标准规格	电气电料/低压电器/漏电保护器
ELEC-000045	漏电保护器	漏电保护器 4P 400A	极数：4P；电流：400A	个	个	来源单位一致	德力西	400A4P德力西漏电保护器；漏电保护器			ELEC-000045	1		保留品牌、极数、电流为标准规格	电气电料/低压电器/漏电保护器
ELEC-000176	漏电保护器	漏电保护器 4P 63A	极数：4P；电流：63A	个	个	来源单位一致	德力西	德力西漏保4P/63A；漏电保护器		单位由'只'统一为'个'	ELEC-000176	1		保留品牌、极数、电流，单位统一	电气电料/低压电器/漏电保护器
ELEC-000063	漏电断路器	漏电断路器 2P 40A	极数：2P；电流：40A	个	个	来源单位一致	施耐德	施耐德2PC40A漏电；漏电断路器；2P40A施耐德漏电保护	脱扣曲线：C（已归入电流字段）	原始规格中C40A中的C为脱扣曲线，标准化为电流40A	ELEC-000063；ELEC-000126	2	与ELEC-000126极数、电流相同，疑似重复；与ELEC-000063极数、电流相同，疑似重复	极数和电流关键，脱扣曲线C不单独保留，归入电流；保留极数、电流	电气电料/低压电器/漏电断路器
ELEC-000100	漏电断路器	漏电断路器 2P 63A	极数：2P；电流：63A	个	个	来源单位一致	施耐德	施耐德2P63A漏保；施耐德2P63a漏电保护开关；漏电断路器			ELEC-000100	1		保留极数、电流	电气电料/低压电器/漏电断路器
ELEC-000111	漏电断路器	漏电断路器 3P 250A	极数：3P；电流：250A	个	个	来源单位一致	施耐德	施耐德3p250A漏保；漏电断路器			ELEC-000111	1		保留极数、电流	电气电料/低压电器/漏电断路器
ELEC-000001	漏电断路器	漏电断路器 4P 250A	极数：4P；电流：250A；类型：漏电二合一	个	个	来源单位一致	施耐德	4P*250A施耐德漏电二合一；漏电断路器			ELEC-000001	1		保留极数、电流、类型，无默认字段删除	电气电料/低压电器/漏电断路器
ELEC-000088	漏电断路器	漏电断路器 4P 400A	极数：4P；电流：400A	个	个	来源单位一致	施耐德	施耐德400A漏电开关；漏电断路器		原始规格缺失极数，按常见配置推断为4P	ELEC-000088	1		极数缺失，根据行业常见配置补齐为4P	电气电料/低压电器/漏电断路器
ELEC-000230	浮球液位开关	浮球液位开关 线长10m	线长：10m	只	只	来源单位一致		浮球阀开关带10m线；浮球液位开关			ELEC-000230	1		保留其唯一关键规格线长，缺失的容量、电压等不补，避免过度推断。	电气电料/低压电器/浮球液位开关
ELEC-000012	开关	开关 1位	位数：1位	个	个；套	来源单位不一致，统一为个	公牛	公牛1位开关；一位开关；公牛一位开关			ELEC-000012；ELEC-000093	2	位数相同，品牌和单位差异，疑似同一物料	保留位数，品牌移入brand字段；单位与ELEC-000093不同需确认。；单位与ELEC-000012不同需确认。	电气电料/开关插座/开关
ELEC-000062	开关	开关 1位 带底座	位数：1位；含底座：是	套	套	来源单位一致		1位开关带底座；一位开关			ELEC-000062	1		保留位数和含底座字段，品牌缺失。	电气电料/开关插座/开关
ELEC-000013	开关	开关 2位	位数：2位	个	个	来源单位一致	公牛	公牛2位开关；二位开关；开关			ELEC-000013；ELEC-000141	2	位数相同，品牌差异，疑似同一物料	保留位数，品牌移入brand字段；与ELEC-000141疑似重复。；保留位数，品牌缺失；与ELEC-000013疑似重复。	电气电料/开关插座/开关
ELEC-000011	开关	开关 4位	位数：4位	个	个	来源单位一致	公牛	公牛4位开关；四位开关			ELEC-000011	1		保留位数，品牌移入brand字段；其余缺失规格未推断。	电气电料/开关插座/开关
ELEC-000146	开关	开关 热水器	用途：热水器	个	个	来源单位一致		热水器开关			ELEC-000146	1		保留用途字段，无其他规格，单独SKU。	电气电料/开关插座/开关
ELEC-000107	底盒	底盒 86型 明装	安装方式：明装；规格：86型	个	个	来源单位一致	公牛	明装底盒；公牛明装开关底盒底座；开关底盒	材质：塑料（默认）	原始缺失规格，按常见86型明装底盒填充；原始缺失规格，按常见86型明装底盒填充，单位由套改为个	ELEC-000107；ELEC-000206	2	与ELEC-000206标准SKU名和最小关键规格一致，疑似重复；与ELEC-000107标准SKU名和最小关键规格一致，疑似重复	原始缺失规格，按常见86型明装底盒生成，与ELEC-000206相似；原始缺失规格且单位为套，按常见86型明装底盒生成，品牌放入brand字段	电气电料/开关插座/底盒
ELEC-000056	底盒	底盒 86型 暗装	安装方式：暗装；规格：86型	个	个	来源单位一致		插座底合；插座底盒	材质：塑料（默认）	原始缺失规格，按常见86型暗装底盒填充	ELEC-000056	1		原始缺失规格和安装方式，按常见86型暗装底盒生成最小SKU，删除默认材质	电气电料/开关插座/底盒
ELEC-000020	插座	插座 16A	额定电流：16A	个	个	来源单位一致	公牛	公牛16A插座；插座；16A插座		型号、电压、安装方式缺失，未补；品牌、安装方式缺失	ELEC-000020；ELEC-000106	2	minimal_required_specs与ELEC-000106相同，品牌不同默认不参与唯一判断；minimal_required_specs与ELEC-000020相同	保留电流作为关键规格；电流关键	电气电料/开关插座/插座
ELEC-000023	插座	插座 16A 空调	额定电流：16A；用途：空调	个	个	来源单位一致	公牛	公牛16A空调插座；16A公牛空调插座；空调插座			ELEC-000023	1		保留电流和用途	电气电料/开关插座/插座
ELEC-000069	插座	插座 8孔	孔位：8孔	个	个	来源单位一致	公牛	8孔公牛插座；插座		电流缺失	ELEC-000069	1		孔位关键	电气电料/开关插座/插座
ELEC-000228	插座	插座 DKJ35-50 红色	型号：DKJ35-50；颜色：红色	只	只	来源单位一致		DKJ35-50红色插座；插座		电流缺失	ELEC-000228	1		型号和颜色关键	电气电料/开关插座/插座
ELEC-000222	插座	插座 DKJ35-50 黑色	型号：DKJ35-50；颜色：黑色	只	只	来源单位一致		DKJ35-50黑色插座；插座		品牌缺失	ELEC-000222	1		型号和颜色关键	电气电料/开关插座/插座
ELEC-000007	插座	插座 USB 2.1A	功能：USB；USB电流：2.1A	个	个	来源单位一致	公牛	2.1AUSB公牛插座；2.1ASUB公牛插座；USB插座			ELEC-000007	1		保留USB功能和电流作为关键规格，品牌未进入规格	电气电料/开关插座/插座
ELEC-000010	插座	插座 五孔	孔位：五孔	个	个；套；只	来源单位不一致，统一为个	公牛；德力西	公牛五孔插座；五孔插座；五孔面板；五孔插座面板；德力西五孔插座；公牛五孔插座面板		电流、电压、安装方式缺失，未补；品牌缺失，按通用五孔处理；品牌、电流缺失；电流缺失，未补；电流缺失	ELEC-000010；ELEC-000036；ELEC-000055；ELEC-000059；ELEC-000066；ELEC-000094；ELEC-000154；ELEC-000166	8	minimal_required_specs与多个五孔插座相同，品牌不同默认不参与唯一判断，单位需统一；minimal_required_specs与多个五孔插座相同，品牌不同默认不参与唯一判断；minimal_required_specs与多个五孔插座相同，单位不一致需统一；minimal_required_specs与多个五孔插座相同，面板视为默认；minimal_required_specs与多个五孔插座相同	仅保留孔位作为关键规格；仅孔位关键；孔位关键，面板视为默认	电气电料/开关插座/插座
ELEC-000038	插座	插座 变压 USB 36V	功能：USB；输入电压：220V；输出电压：36V	套	套	来源单位一致	公牛	公牛220V转36VUSB插座；变压USB插座			ELEC-000038	1		保留变压和USB功能	电气电料/开关插座/插座
ELEC-000061	插座	插座 导轨 五孔	安装方式：导轨式；孔位：五孔	个	个；只	来源单位不一致，统一为个	德力西	导轨5孔插座；导轨五孔插座；德力西带导轨五孔插座；五孔插座		品牌、电流缺失；电流、型号缺失	ELEC-000061；ELEC-000155	2	minimal_required_specs与ELEC-000155相同，品牌不同默认不参与唯一判断；minimal_required_specs与ELEC-000061相同	安装方式和孔位关键	电气电料/开关插座/插座
ELEC-000096	插座	插座 快速 220V	电压：220V；类型：快速插座	个	个	来源单位一致		220v快速插座；快速插座		电流缺失	ELEC-000096	1		电压和类型关键	电气电料/开关插座/插座
ELEC-000098	插座	插座 快速 380V	电压：380V；类型：快速插座	个	个	来源单位一致		380v快速插座；快速插座		电流缺失	ELEC-000098	1		电压和类型关键	电气电料/开关插座/插座
ELEC-000120	插座	插座 明装	安装方式：明装	个	个	来源单位一致		明装插座		孔位、电流、品牌缺失，按通用明装插座处理，常见五孔	ELEC-000120	1		仅安装方式关键	电气电料/开关插座/插座
ELEC-000164	插座	插座 明装 五孔	安装方式：明装；孔位：五孔	套	套	来源单位一致	公牛	公牛明装五孔插座；五孔插座		电流缺失	ELEC-000164	1		安装方式和孔位关键	电气电料/开关插座/插座
ELEC-000202	转换开关	转换开关 按钮式	类型：按钮转换开关	只	只	来源单位一致		按钮转换开关；转换开关			ELEC-000202	1		原始仅有类型信息，无电流电压等关键参数，保留按钮式结构差异作为最小可识别规格	电气电料/低压电器/转换开关
ELEC-000048	插头	插头 10A	电流：10A	个	个	来源单位一致	公牛	10A公牛插头；插头			ELEC-000048	1		保留电流；极数缺失	电气电料/开关插座/插头
ELEC-000214	插头	插头 10A 220V 三脚	电压：220V；电流：10A；极数：三脚	个	个	来源单位一致	公牛	公牛三脚插头220V/10A；三脚插头			ELEC-000214	1		保留完整规格；单位统一为个	电气电料/开关插座/插头
ELEC-000049	插头	插头 10A 三脚	电流：10A；极数：三脚	个	个	来源单位一致	公牛	10A公牛三插；三脚插头			ELEC-000049	1		保留电流和极数；类型三插统一为三脚	电气电料/开关插座/插头
ELEC-000033	插头	插头 16A	电流：16A	个	个	来源单位一致	德力西	德力西16A插头；插头			ELEC-000033	1		保留电流；电压缺失未补，类型无	电气电料/开关插座/插头
ELEC-000144	插头	插头 三相四线 25A	电流：25A；类型：三相四线	个	个	来源单位一致		25A三相四插头；三相四线插头；插头			ELEC-000144	1		保留电流和类型；电压缺失未补	电气电料/开关插座/插头
ELEC-000158	插头	插头 三脚	极数：三脚	个	个	来源单位一致	公牛	公牛三插头；三脚插头			ELEC-000158	1		保留极数；电流电压缺失未补；单位从‘只’统一为‘个’	电气电料/开关插座/插头
ELEC-000018	插头	插头 工业 380V 25A	电压：380V；电流：25A；类型：工业插头	个	个	来源单位一致	公牛	公牛380V*25A插头；工业插头；25A380V插头			ELEC-000018；ELEC-000135	2	same standard_sku_name and minimal_required_specs as ELEC-000135；same standard_sku_name and minimal_required_specs as ELEC-000018	保留电压、电流、类型；品牌放入brand；极数缺失未补全；品牌缺失未补；与ELEC-000018规格相同但品牌不同	电气电料/开关插座/插头
ELEC-000095	插头	插头 快速 220V	电压：220V；类型：快速插头	个	个	来源单位一致		220v快速插头；快速插头			ELEC-000095	1		保留电压和类型；电流缺失未补	电气电料/开关插座/插头
ELEC-000097	插头	插头 快速 380V	电压：380V；类型：快速插头	个	个	来源单位一致		380v快速插头；快速插头			ELEC-000097	1		保留电压和类型；电流缺失未补	电气电料/开关插座/插头
ELEC-000136	触摸屏	触摸屏 TPC1570	型号：TPC1570	台	台	来源单位一致		TPC1570一体式触摸屏；一体式触摸屏	结构：一体式		ELEC-000136；ELEC-000139	2	相同型号TPC1570，规格一致，单位不同需统一	型号TPC1570唯一标识触摸屏，结构一体式作为默认字段删除，单位统一为台；与ELEC-000136重复，型号相同，单位由套统一为台	电气电料/低压电器/触摸屏
ELEC-000181	航空插头插座套装	航空插头插座套装 16A 3芯 明装	安装方式：明装；芯数：3芯；额定电流：16A；额定电压：250V	套	套	来源单位一致		明装航空插头插座3芯/16A；航空插头插座套装		额定电压按常见工业航空插头250V补齐	ELEC-000181	1		保留安装方式、芯数、额定电流，并根据常见规格补齐额定电压，形成最小可采购SKU。	电气电料/开关插座/航空插头插座套装
ELEC-000157	插线板	插线板 6位 3m	孔位：6；线长：3m；额定电流：10A	个	个	来源单位一致	公牛	公牛拖线板3m6位；拖线板；公牛6位对插线板3米；插线板		额定电流按常见家用10A补齐	ELEC-000157；ELEC-000159	2	与ELEC-000159规格相同（6位3m），疑似重复；与ELEC-000157规格相同（6位3m），疑似重复	保留孔位和线长，补齐额定电流10A，品牌放入brand，单位统一为个。	电气电料/开关插座/插线板
ELEC-000160	插线板	插线板 6位 6m	孔位：6；线长：6m；额定电流：10A	个	个	来源单位一致	公牛	公牛拖线板6米；拖线板		孔位按常见6位补齐；额定电流按常见家用10A补齐	ELEC-000160	1		缺失孔位，按常见6位补齐，补齐额定电流10A，品牌放入brand，单位统一为个。	电气电料/开关插座/插线板
ELEC-000024	插线板	插线板 8孔 3m	孔位：8；线长：3m；额定电流：10A	个	个	来源单位一致	公牛	公牛插座3米*8孔；插排		额定电流按常见家用10A补齐	ELEC-000024	1		保留孔位和线长，补齐额定电流10A，品牌放入brand，单位统一为个。	电气电料/开关插座/插线板
ELEC-000215	插线板	插线板 双排 3m	结构：双排；线长：3m；额定电流：10A	个	个	来源单位一致	公牛	公牛双排插板3m；插线板；公牛3m双排插线板		额定电流按常见家用10A补齐；孔位未提供，以结构双排区分	ELEC-000215；ELEC-000242	2	与ELEC-000242规格相同（双排3m），疑似重复；与ELEC-000215规格相同（双排3m），疑似重复	保留结构和线长，补齐额定电流10A，品牌放入brand，单位统一为个。	电气电料/开关插座/插线板
ELEC-000246	开口线鼻子	开口线鼻子 100A	材质：铜；电流：100A	只	只	来源单位一致		开口铜鼻子100A；开口铜鼻子	类型：开口	原始规格缺失适配线径和孔径，但电流等级可区分，保留材质和电流	ELEC-000246	1		保留材质和电流，删除冗余类型字段	电气电料/接线端子/线鼻子/开口线鼻子
ELEC-000245	开口线鼻子	开口线鼻子 200A	材质：铜；电流：200A	只	只	来源单位一致		开口铜鼻子200A；开口铜鼻子	类型：开口	原始规格缺失适配线径和孔径，但电流等级可区分，保留材质和电流	ELEC-000245	1		保留材质和电流，删除冗余类型字段	电气电料/接线端子/线鼻子/开口线鼻子
ELEC-000229	开口线鼻子	开口线鼻子 300A	材质：铜；电流：300A	只	只	来源单位一致		开口铜鼻子300A；开口铜鼻子	类型：开口	原始规格缺失适配线径和孔径，但电流等级可区分，保留材质和电流	ELEC-000229；ELEC-000244	2	相同材质和电流等级	保留材质和电流，删除冗余类型字段	电气电料/接线端子/线鼻子/开口线鼻子
ELEC-000243	转换插头	转换插头 欧标 5孔 USB	标准：欧标；孔位：5孔；功能：带USB；额定电流：10A；额定电压：250V	只	只	来源单位一致		5孔带USB欧标转换插头；欧标转换插头		额定电流和额定电压未提供，按常见欧标转换插头标准推断为10A/250V	ELEC-000243	1		保留标准、孔位、USB功能这些关键差异，推断缺失的额定电流和电压	电气电料/开关插座/转换插头
ELEC-000031	线鼻子	铜鼻子 100A	材质：铜；额定电流：100A	个	个	来源单位一致		100A铜鼻子；铜鼻子；铜接线端子	俗称：铜鼻子被删除（移至aliases）		ELEC-000031；ELEC-000174	2	与ELEC-000174同为100A铜鼻子，minimal_required_specs一致；与ELEC-000031同为100A铜鼻子	原始规格为100A铜鼻子，使用电流规格，无其他关键差异；原始规格的俗称移至aliases，额定电流与ELEC-000031一致	电气电料/接线端子/线鼻子/线鼻子
ELEC-000032	线鼻子	铜鼻子 200A	材质：铜；额定电流：200A	个	个	来源单位一致		200A铜鼻子；铜鼻子			ELEC-000032；ELEC-000092	2	与ELEC-000092同为200A铜鼻子，minimal_required_specs一致；与ELEC-000032同为200A铜鼻子	原始规格为200A铜鼻子，使用电流规格；200A铜鼻子，与ELEC-000032重复	电气电料/接线端子/线鼻子/线鼻子
ELEC-000091	线鼻子	铜鼻子 300A	材质：铜；额定电流：300A	个	个	来源单位一致		300A铜鼻子；铜鼻子			ELEC-000091	1		300A铜鼻子，规格明确	电气电料/接线端子/线鼻子/线鼻子
ELEC-000115	线鼻子	铜鼻子 DT 120mm²	材质：铜；型号：DT；适配线径：120mm²	个	个	来源单位一致		DT120平方铜鼻子；DT铜鼻子			ELEC-000115	1		DT型铜鼻子，120mm²	电气电料/接线端子/线鼻子/线鼻子
ELEC-000114	线鼻子	铜鼻子 DT 150mm²	材质：铜；型号：DT；适配线径：150mm²	个	个	来源单位一致		DT150平方铜鼻子；DT铜鼻子			ELEC-000114	1		DT型铜鼻子，标注型号和线径	电气电料/接线端子/线鼻子/线鼻子
ELEC-000117	线鼻子	铜鼻子 DT 70mm²	材质：铜；型号：DT；适配线径：70mm²	个	个	来源单位一致		DT70平方铜鼻子；DT铜鼻子			ELEC-000117	1		DT型铜鼻子，70mm²	电气电料/接线端子/线鼻子/线鼻子
ELEC-000116	线鼻子	铜鼻子 DT 95mm²	材质：铜；型号：DT；适配线径：95mm²	个	个	来源单位一致		DT95平方铜鼻子；DT铜鼻子			ELEC-000116	1		DT型铜鼻子，95mm²	电气电料/接线端子/线鼻子/线鼻子
ELEC-000205	管型端子	管型端子 2.5平方	适配线径：2.5平方	包	包	来源单位一致		管型接线端子2.5平方；管型接线端子	类型：管型	原始每包数量、颜色、绝缘类型缺失，仅保留适配线径作为最小关键规格；单位沿用库存单位“包”	ELEC-000205	1		类型已在物料名称中体现，删除；适配线径是唯一区分项，保留	电气电料/接线端子/线鼻子/管型端子
ELEC-000207	管型端子	管型端子 4平方	适配线径：4平方	包	包	来源单位一致		管型接线端子4平方；管型接线端子	类型：管型	原始每包数量、颜色、绝缘类型缺失，仅保留适配线径作为最小关键规格；单位沿用库存单位“包”	ELEC-000207	1		类型已在物料名称中体现，删除；适配线径是唯一区分项，保留	电气电料/接线端子/线鼻子/管型端子
ELEC-000248	电缆连接管	电缆连接管 120平方	材质：铜；适配线径：120平方	只	只	来源单位一致		铜接头120平方；铜接头	连接方式：压接		ELEC-000248	1		原始规格仅含材质和线径，保留关键差异字段，删除默认连接方式。	电气电料/接线端子/线鼻子/电缆连接管
ELEC-000247	电缆连接管	电缆连接管 150平方	材质：铜；适配线径：150平方	只	只	来源单位一致		铜接头150平方；铜接头	连接方式：压接		ELEC-000247	1		原始规格仅含材质和线径，保留关键差异字段，删除默认连接方式。	电气电料/接线端子/线鼻子/电缆连接管
ELEC-000250	电缆连接管	电缆连接管 70平方	材质：铜；适配线径：70平方	只	只	来源单位一致		铜接头70平方；铜接头	连接方式：压接		ELEC-000250	1		原始规格仅含材质和线径，保留关键差异字段，删除默认连接方式。	电气电料/接线端子/线鼻子/电缆连接管
ELEC-000249	电缆连接管	电缆连接管 95平方	材质：铜；适配线径：95平方	只	只	来源单位一致		铜接头95平方；铜接头	连接方式：压接		ELEC-000249	1		原始规格仅含材质和线径，保留关键差异字段，删除默认连接方式。	电气电料/接线端子/线鼻子/电缆连接管
ELEC-000224	冷压端子	冷压端子 OT2.5-4	型号：OT2.5-4；材质：铜	包	包	来源单位一致		冷压线鼻端子OT2.5-4；冷压线鼻端子		根据类型OT和规格2.5-4推断型号OT2.5-4，材质默认为铜	ELEC-000224	1		缺失材质和每包数量，按常见规格推断，单位包	电气电料/接线端子/线鼻子/冷压端子
ELEC-000118	冷压端子	冷压端子 OT25-8	型号：OT25-8；材质：铜	个	个	来源单位一致		OT25-8铜端子；OT铜端子			ELEC-000118	1		型号、线径、孔径、材质明确，单位个	电气电料/接线端子/线鼻子/冷压端子
ELEC-000225	冷压端子	冷压端子 OT4-6	型号：OT4-6；材质：铜	包	包	来源单位一致		冷压线鼻端子OT4-6；冷压线鼻端子		根据类型OT和规格4-6推断型号OT4-6，材质默认为铜	ELEC-000225	1		缺失材质和每包数量，按常见规格推断，单位包	电气电料/接线端子/线鼻子/冷压端子
ELEC-000119	冷压端子	冷压端子 OT6-6	型号：OT6-6；材质：铜	个	个	来源单位一致		OT6-6铜端子；OT铜端子			ELEC-000119	1		型号、线径、孔径、材质明确，单位个	电气电料/接线端子/线鼻子/冷压端子
ELEC-000226	冷压端子	冷压端子 OT6-8	型号：OT6-8；材质：铜	包	包	来源单位一致		冷压线鼻端子OT6-8；冷压线鼻端子		根据类型OT和规格6-8推断型号OT6-8，材质默认为铜	ELEC-000226	1		缺失材质和每包数量，按常见规格推断，单位包	电气电料/接线端子/线鼻子/冷压端子
ELEC-000140	端子排	端子排 50mm	规格：50mm	个	个	来源单位一致		50mm端子排;端子排		原始只提供了规格50mm，未提供电流和位数，生成常用SKU时保留该规格作为关键区分字段	ELEC-000140	1		保留规格50mm作为最小关键规格，其余信息缺失，未做补充	电气电料/接线端子/线鼻子/端子排
ELEC-000216	接线端子	接线端子 185平方	材质：铜；适配线径：185平方	个	个	来源单位一致		铜接头185平方；铜接线端子			ELEC-000216	1		保留材质和适配线径，单位统一为个，删除品牌（未提供）	电气电料/接线端子/线鼻子/接线端子
ELEC-000102	接线端子	接线端子 4平方	材质：铜；适配线径：4平方	个	个	来源单位一致		4平方铜接线端子；铜接线端子			ELEC-000102	1		保留材质和适配线径，单位统一为个，删除品牌（未提供）	电气电料/接线端子/线鼻子/接线端子
ELEC-000142	接线端子	接线端子 50平方	材质：铜；适配线径：50平方	个	个	来源单位一致		50平方接线端子；接线端子		原始缺失材质，按常见情况补为铜	ELEC-000142	1		补齐材质，保留适配线径，单位统一为个	电气电料/接线端子/线鼻子/接线端子
ELEC-000103	接线端子	接线端子 6平方	材质：铜；适配线径：6平方	个	个	来源单位一致		6平方铜接线端子；铜接线端子			ELEC-000103	1		保留材质和适配线径，单位统一为个，删除品牌（未提供）	电气电料/接线端子/线鼻子/接线端子
ELEC-000180	接线端子	接线端子 UK5N	型号：UK5N	个	个	来源单位一致		接线端子UK5N；接线端子		单位从只统一为个	ELEC-000180	1		保留型号，单位统一为个，颜色未提供	电气电料/接线端子/线鼻子/接线端子
ELEC-000187	接线端子	接线端子 UK5N 黄绿色	型号：UK5N；颜色：黄绿色	个	个	来源单位一致		黄绿色接线端子UK5N；接线端子		单位从只统一为个	ELEC-000187	1		保留型号和颜色，作为接地端子识别，单位统一为个	电气电料/接线端子/线鼻子/接线端子
ELEC-000025	启辉器	启辉器 4-40W	规格/功率范围：4-40W	个	个	来源单位一致			类型：启辉器（已合并入名称）；电压：220V（行业默认）	原始规格缺失，根据市面常见启辉器（如FS-2）常用功率范围4-40W作为初始SKU	ELEC-000025	1		仅有一个SKU，原始规格缺失；删除冗余类型字段，补齐常见功率范围作为最小关键规格	电气电料/照明光源/启辉器
TOOL-000342	探照灯	探照灯 100W 手提式 LED	结构：手提式；光源：LED；功率：100W	个	个	来源单位一致		手提式探照灯LED；LED探照灯		功率未提供，根据常见手提LED探照灯参考，取100W作为初始库SKU。	TOOL-000342	1		原始缺少功率，按常见100W补齐；保留结构手提式和光源LED作为最小关键规格。	电气电料/照明光源/探照灯
ELEC-000078	灯带	灯带 36V 120珠	电压：36V；灯珠：120珠	米	米	来源单位一致	雷士	LED灯带	光源：LED		ELEC-000078	1		保留电压和灯珠数，删除默认光源，品牌移入brand字段	电气电料/照明光源/灯带
ELEC-000171	塔灯	塔灯 LED 380V 1KW	类型：LED；电压：380V；功率：1KW	台	台	来源单位一致	欧普	欧普LED380V-1KW塔灯；LED塔灯			ELEC-000171	1		保留类型、电压、功率作为关键规格；品牌放入brand字段；无默认字段删除；单条SKU，无需合并。	电气电料/照明光源/塔灯
TOOL-000269	手电筒	手电筒 强光 LED 充电式	供电方式：充电式；光源：LED；亮度等级：强光	只	只	来源单位一致		强光手电筒；充电式LED强光手电筒；LED强光手电筒		原始仅描述'强光'，按最常见强光手电筒规格推断供电方式为充电式、光源为LED	TOOL-000269；TOOL-000339	2	与TOOL-000339的standard_sku_name和minimal_required_specs完全相同，疑似同一物料；与TOOL-000269的standard_sku_name和minimal_required_specs完全相同，疑似同一物料	补充缺失的供电方式和光源字段，统一为充电式LED强光手电筒；规格完整，保留原规格字段	电气电料/照明光源/手电筒
ELEC-000084	头灯	头灯 充电式 LED	供电方式：充电；光源类型：LED	个	个	来源单位一致		LED充电头灯	类型：头灯	原始缺失电池容量，未作推断，仅保留已有关键规格	ELEC-000084	1		保留供电和光源作为关键规格，删除冗余类型字段；别名放入aliases	电气电料/照明光源/头灯
ELEC-000026	灯座	灯座 E27	接口：E27	个	个	来源单位一致		螺口灯头；灯头；吊灯头；螺纹灯座；灯座；E27灯座	接口：螺口（泛化描述）；类型：吊灯头；类型：螺纹灯座；接口/结构：螺纹；类型：灯座	接口尺寸缺失，按常见灯座规格推断为E27	ELEC-000026；ELEC-000131；ELEC-000161；ELEC-000170；ELEC-000233	5	所有SKU在最小规格上均为接口E27，可合并为单一灯座SKU	保留接口规格，删除泛化描述，推断为E27；删除吊灯头类型，保留接口规格，推断为E27；删除螺纹灯座类型和接口结构描述，保留接口规格，推断为E27；删除类型描述，保留接口规格，推断为E27；保留已有接口规格E27，删除缺失的材质和电流字段（非关键）	电气电料/照明光源/灯座
ELEC-000040	机床灯	机床灯 1220mm LED防爆	长度：1220mm；类型：LED；功能：防爆；形状：方形	套	套	来源单位一致		1220MMLED防爆机床方形灯；LED防爆机床方形灯	用途：机床	原始未提供功率，未进行补充，仅保留现有规格	ELEC-000040	1		保留长度、类型、功能、形状核心规格，删除用途属性；别名保留；单位使用套。	电气电料/照明光源/机床灯
ELEC-000044	灯泡	灯泡 20W 螺口	功率：20W；接口：螺口	个	个	来源单位一致	公牛	公牛20WLED灯泡；LED灯泡	光源：LED	接口：常见家用LED灯泡为螺口（E27），补充	ELEC-000044	1		删除光源类型，补充接口	电气电料/照明光源/灯泡
ELEC-000236	灯泡	灯泡 30W 螺口	功率：30W；接口：螺口	个	个	来源单位一致		LED30W螺口灯泡；LED灯泡	类型：LED		ELEC-000236	1		删除类型字段，保留接口，统一单位为个	电气电料/照明光源/灯泡
ELEC-000014	灯泡	灯泡 40W 螺口	功率：40W；接口：螺口	个	个	来源单位一致	公牛；飞利浦	40WLED公牛灯泡；LED灯泡；LED40W灯泡；飞利浦led灯泡40W	光源：LED；类型：LED	接口：常见家用LED灯泡为螺口（E27），补充	ELEC-000014；ELEC-000130；ELEC-000168	3	同功率40W、接口螺口，品牌不同；同功率40W、接口螺口，品牌不同（无品牌与公牛、飞利浦）	删除光源类型（所有SKU均为LED），补充接口为螺口；删除类型字段，补充接口；删除光源类型，补充接口，统一单位为个	电气电料/照明光源/灯泡
ELEC-000138	灯泡	灯泡 50W 螺口	功率：50W；接口：螺口	个	个	来源单位一致	飞利浦	50WLED灯泡；LED灯泡；飞利浦led灯泡50W	类型：LED；光源：LED	接口：常见家用LED灯泡为螺口（E27），补充	ELEC-000138；ELEC-000169	2	同功率50W、接口螺口，品牌不同（无品牌与飞利浦）；同功率50W、接口螺口，品牌不同	删除类型字段，补充接口；删除光源类型，补充接口，统一单位为个	电气电料/照明光源/灯泡
ELEC-TIE-000007	扎带	扎带 10*300mm	规格：10*300mm；材质：尼龙	包	包	来源单位一致		10*300mm尼龙扎带；尼龙扎带	颜色；包装数量	原始规格10*30cm转换为10*300mm，材质尼龙，包装数量缺失	ELEC-TIE-000007	1		规格单位转换，材质明确，无重复	电气电料/电工辅材/扎带
ELEC-TIE-000001	扎带	扎带 10*400mm	规格：10*400mm；材质：尼龙	包	包	来源单位一致		10*400mm扎带；尼龙扎带；10*400mm尼龙扎带	颜色；包装数量	材质默认尼龙；长度单位统一为mm；包装数量缺失，按常见规格建库；原始规格10*40cm转换为10*400mm，材质尼龙，包装数量缺失；材质尼龙，包装数量缺失	ELEC-TIE-000001；ELEC-TIE-000006；ELEC-TIE-000010；ELEC-TIE-000013	4	相同规格和材质，包装数量未知可合并	规格明确，材质推断为尼龙，单位统一为包，删除默认字段；规格单位转换，材质明确，纳入合并组；规格材质明确，纳入合并组	电气电料/电工辅材/扎带
ELEC-TIE-000002	扎带	扎带 10*500mm	规格：10*500mm；材质：尼龙	包	包	来源单位一致		10*500mm扎带；尼龙扎带；10*500mm大包扎带；10*500mm尼龙扎带；尼龙扎带10*500mm	颜色；包装数量	材质默认尼龙；长度单位统一为mm；包装数量缺失，按常见规格建库；材质尼龙，长度单位统一为mm，包装数量缺失（大包描述不精确）；原始规格10*50cm转换为10*500mm，材质尼龙，包装数量缺失；材质尼龙，包装数量缺失	ELEC-TIE-000002；ELEC-TIE-000004；ELEC-TIE-000005；ELEC-TIE-000009；ELEC-TIE-000012	5	相同规格和材质，包装数量未知可合并	规格明确，材质推断为尼龙，单位统一为包，删除默认字段；规格材质明确，包装数量缺失，纳入合并组；规格单位转换，材质明确，纳入合并组；规格材质明确，纳入合并组	电气电料/电工辅材/扎带
ELEC-TIE-000003	扎带	扎带 10*50mm	规格：10*50mm；材质：尼龙；包装数量：200根/包	包	包	来源单位一致		10*50mm扎带200根；尼龙扎带	颜色	材质默认尼龙；长度单位统一为mm	ELEC-TIE-000003	1		规格明确，材质推断为尼龙，保留包装数量作为区分特征	电气电料/电工辅材/扎带
ELEC-TIE-000008	扎带	扎带 8*300mm	规格：8*300mm；材质：尼龙	包	包	来源单位一致		8*300mm扎带；尼龙扎带	颜色；包装数量；原始单位（个）	材质默认尼龙；长度单位统一为mm；原始单位个，根据常用采购单位统一为包；材质尼龙，包装数量缺失	ELEC-TIE-000008；ELEC-TIE-000011	2	相同规格和材质，单位统一后合并	规格明确，材质推断，单位统一；规格材质明确，纳入合并组	电气电料/电工辅材/扎带
ELEC-000218	接地桩	接地桩 M16*1m	规格：M16*1m	根	根	来源单位一致		接地桩M16*1m；接地桩	用途：接地		ELEC-000218	1		删除默认字段'用途'；保留原规格M16*1m	电气电料/电工辅材/接地桩
ELEC-000235	接地桩	接地桩 镀锌 18*1m 带螺丝	规格：18*1m；表面处理：镀锌；配置：带螺丝	根	根	来源单位一致		镀锌接地桩18*1m带螺丝；接地桩套件			ELEC-000235	1		保留镀锌和带螺丝配置	电气电料/电工辅材/接地桩
ELEC-000067	灯管	LED灯管 38W	功率：38W；类型：LED灯管	支	支	来源单位一致		38WLED灯管；LED灯管		常见规格：T8，长度1200mm，接口G13	ELEC-000067	1		原始已明确LED灯管；功率38W；长度和接口按默认补齐	电气电料/照明光源/灯管
ELEC-000006	灯管	荧光灯管 36W	功率：36W；类型：荧光灯管	支	支	来源单位一致		36W灯管；灯管		常见规格：T8，长度1200mm，接口G13	ELEC-000006	1		原始缺失灯管类型，按常见规格推断为荧光灯管；长度和接口按默认补齐	电气电料/照明光源/灯管
ELEC-000213	扎丝	扎丝 镀锌铁丝 0.7mm*300mm	材质：镀锌铁丝；长度：300mm；线径：0.7mm	卷	卷	来源单位一致		电线扎丝		根据常见电线扎丝规格，默认材质为镀锌铁丝，长度300mm，线径0.7mm。	ELEC-000213	1		原始只有用途描述，缺失详细规格，根据常见采购规格补齐材质、长度、线径。	电气电料/电工辅材/扎丝
ELEC-000173	电箱提手	电箱提手 通用	材质：塑料；规格：通用	个	个	来源单位一致		电箱提手	用途：电箱；部件：提手	原始缺失材质和规格，初始库默认材质为塑料，规格为通用型	ELEC-000173	1		原始数据仅含描述性字段，缺失关键规格，按常见电箱提手默认材质塑料、通用规格生成初始SKU；删除非核心描述字段。	电气电料/电工辅材/电箱提手
ELEC-000128	照明灯	照明灯 200W 室外	功率：200W；用途：室外	个	个	来源单位一致		200W室外照明灯；室外照明灯		缺失光源、电压等，常见室外灯可为LED或金卤灯，未作推断。	ELEC-000128	1		保留功率和用途场景，缺失光源等规格。	电气电料/照明光源/照明灯
ELEC-000075	照明灯	照明灯 50W LED	功率：50W；光源：LED	个	个	来源单位一致		50WLED浴室灯；LED浴室灯	类型：浴室灯；用途：浴室		ELEC-000075	1		保留功率和光源，删除用途场景和类型描述。	电气电料/照明光源/照明灯
ELEC-000077	照明灯	照明灯 80W 太阳能LED	功率：80W；供电：太阳能；光源：LED	套	套	来源单位一致	公牛	公牛80w太阳能LED灯；太阳能LED灯			ELEC-000077	1		保留功率、供电和光源，品牌单独列出。	电气电料/照明光源/照明灯
ELEC-000189	散热风机	散热风机 AC220V 120×120mm	电压：AC220V；尺寸：120×120mm	只	只	来源单位一致		电柜散热风机	用途：电柜散热；类型：风机	原始缺失电压和尺寸规格，按常见电柜散热风机规格生成初始常用SKU：AC220V、120×120mm开孔尺寸	ELEC-000189	1		删除泛化字段用途和类型，保留电压和尺寸作为关键采购规格，生成标准SKU名称	电气电料/电工辅材/散热风机
ELEC-000021	线卡	线卡 20	规格：20；结构：带钢钉	个	个	来源单位一致		20钢钉线卡；钢钉线卡			ELEC-000021	1		保留关键规格20和结构带钢钉，删除材质、适配对象等默认字段	电气电料/电工辅材/线卡
ELEC-000022	电线架	电线架 4位	材质：镀锌；位数：4位	个	个	来源单位一致		4位镀锌电线架；镀锌电线架	表面处理：镀锌		ELEC-000022	1		原始数据包含材质和位数，表面处理作为默认字段删除，标准SKU名称以位数为最关键规格	电气电料/电工辅材/电线架
ELEC-000008	线盒	线盒 明装 86型	安装方式：明装；规格：86型	个	个	来源单位一致		明装线盒；线盒		规格缺失，按最常见86型补齐	ELEC-000008	1		保留安装方式，补齐常见规格86型	电气电料/电工辅材/线盒
ELEC-000163	线槽	线槽 25mm	材质：PVC；规格：25mm	米	米	来源单位一致	公牛	公牛PVC线槽25mm；PVC线槽		规格高度未提供，保留宽度	ELEC-000163	1		规格25mm，品牌公牛，材质PVC	电气电料/电工辅材/线槽
ELEC-000037	线槽	线槽 30*15	材质：PVC；规格：30*15	米	米	来源单位一致		30*15线槽；线槽		材质未提供，按常见PVC推断	ELEC-000037	1		规格30*15，材质推断为PVC	电气电料/电工辅材/线槽
ELEC-000121	电箱锁	电箱锁 325	型号：325	个	个	来源单位一致		325电箱门锁；电箱门锁；电箱锁	用途：电箱门；部位：门；适用对象：电箱；类型：锁	原始型号缺失，根据常见电箱锁型号推断为325；单位从套换算为个，建议按实际采购确认	ELEC-000121；ELEC-000165	2	标准SKU名称和最小关键规格相同，但单位不同，建议统一为个合并	基于型号325生成标准SKU，删除冗余用途和部位字段；原始缺失型号，推断为常见型号325，删除冗余适用对象和类型字段，单位从套转换为个	电气电料/电工辅材/电箱锁
ELEC-000238	电缆支架	电缆三角支架 0.45m	材质：热镀锌钢；结构：三角支架；高度：0.45m	只	只	来源单位一致		电缆三角支架高0.45m；电缆三角支架	用途：电缆	材质按常见电缆三角支架默认热镀锌钢	ELEC-000238	1		保留高度和结构，删除用途，材质按常见默认补齐	电气电料/电工辅材/电缆支架
ELEC-000110	线管	PVC线管 25	规格/口径：25；材质：PVC	米	米	来源单位一致		25pvc线管；PVC线管			ELEC-000110	1		规格口径和材质为关键采购字段，保留；壁厚缺失，但非最小必要字段，未补齐。	电气电料/电工辅材/线管
CONST-000039	绝缘橡胶板	绝缘橡胶板 3mm	厚度：3mm	KG	KG	来源单位一致		绝缘橡胶板3mm；绝缘橡胶板	特性：绝缘		CONST-000039	1		保留厚度关键规格，删除默认绝缘特性	电气电料/电工辅材/绝缘橡胶板
ELEC-000153	配电箱壳体	配电箱壳体 不锈钢 500*600*300	材质：不锈钢；安装环境：室外；尺寸：500*600*300	只	只	来源单位一致		不锈钢室外箱500*600*300；配电箱壳体			ELEC-000153	1		保留材质、尺寸、安装环境作为关键规格；未删除默认字段；别名保留原始信息。	电气电料/电气箱柜/配电箱壳体
METAL-000126	电柜	电柜 不锈钢内外门 1000*650*450	材质：不锈钢；结构：内外门；尺寸：1000*650*450	只	只	来源单位一致		不锈钢内外门电柜1000*650*450；不锈钢内外门电柜	材质/门型/尺寸按规格字段维护：指导说明文字		METAL-000126	1		保留材质、结构、尺寸作为最小关键规格；去除指导说明文字	电气电料/电气箱柜/电柜
ELEC-000217	自粘带	自粘带 高压防水	特性：高压防水；宽度：25mm；长度：5m	卷	卷	来源单位一致	3M	3M高压防水自粘带；高压防水自粘带	类型：自粘带（与物料名称重复）	根据常见3M高压防水自粘带规格（如J20），默认选择宽度25mm、长度5m	ELEC-000217	1		品牌3M放入brand字段；特性高压防水保留为最小规格；缺失宽度、长度按常见规格补齐	电气电料/电工辅材/自粘带
ELEC-000184	风扇防雨罩组合	风扇防雨罩组合 380V	电压：380V	个	个	来源单位一致		电柜风扇防雨罩组合380V；电柜风扇防雨罩组合	用途：电柜；包含：风扇+防雨罩；组合：风扇+防雨罩		ELEC-000184	1		删除用途、包含等默认字段；保留电压作为关键规格，因不同电压不通用。	电气电料/电工辅材/风扇防雨罩组合
MAT-000071	控制箱	双门控制箱	结构：双门	套	套	来源单位一致		定做双门控制箱；双门控制箱	定制：是；结构/定制按规格字段维护	原始数据缺失尺寸、材质、防护等级等关键规格，仅保留已知结构信息；建议补充完整后重新治理	MAT-000071	1		保留结构：双门；删除定制属性及内部备注；缺失尺寸等关键参数，需补充	电气电料/电气箱柜/控制箱
ELEC-000042	电池	电池 5号	规格：5号	节	节	来源单位一致	南孚	5号电池；电池；南孚电池5号			ELEC-000042；ELEC-000188	2	规格相同，品牌差异不影响基本选择，建议合并为同一SKU。	规格明确，保留5号作为关键字段。；品牌单独记录，不进入核心规格；保留5号作为关键字段。	电气电料/电源/电池/电池
ELEC-000099	电池	电池 7号	规格：7号	节	节	来源单位一致	南孚	7号电池；电池；南孚电池7号			ELEC-000099；ELEC-000231	2	规格相同，品牌差异不影响基本选择，建议合并为同一SKU。	规格明确，保留7号作为关键字段。；品牌单独记录，不进入核心规格；保留7号作为关键字段。	电气电料/电源/电池/电池
ELEC-000039	电池	电池 9V	规格：9V	节	节	来源单位一致		9V电池；电池			ELEC-000039	1		规格明确，保留电压作为关键区分字段。	电气电料/电源/电池/电池
ELEC-000129	配电箱	配电箱 11kW 双开门	功率：11kW；材质：不锈钢；安装环境：户外；结构：双开门	个	个	来源单位一致		定做双开门11千瓦电箱；双开门电箱	定制按规格字段维护	根据推定补全材质为不锈钢，环境为户外	ELEC-000129	1		保留功率11kW，材质、环境、结构关键，材质和环境由推定补全。	电气电料/电气箱柜/配电箱
ELEC-000035	配电箱	配电箱 250A	电流：250A；材质：不锈钢；安装环境：户外；结构：双开门	个	个	来源单位一致		250A电箱；电箱	定制按规格字段维护		ELEC-000035	1		保留电流250A，材质、环境、结构关键。	电气电料/电气箱柜/配电箱
ELEC-000198	配电箱	配电箱 350*250*200 不锈钢内外门	尺寸：350*250*200；材质：不锈钢；结构：内外门；环境：户外	个	个	来源单位一致		不锈钢内外门电箱350*250*200；不锈钢内外门电箱	定制按规格字段维护	原始单位从'只'统一为'个'	ELEC-000198	1		保留尺寸350*250*200，材质不锈钢，结构内外门，环境户外。	电气电料/电气箱柜/配电箱
ELEC-000197	配电箱	配电箱 400*400*250 不锈钢户外	尺寸：400*400*250；材质：不锈钢；环境：户外	个	个	来源单位一致		不锈钢户外箱400*400*250；不锈钢户外箱	定制按规格字段维护	原始单位从'只'统一为'个'	ELEC-000197	1		保留尺寸400*400*250，材质不锈钢，环境户外。	电气电料/电气箱柜/配电箱
ELEC-000175	配电箱	配电箱 500*600*200	尺寸：500*600*200；材质：不锈钢；适用环境：户外	个	个	来源单位一致		不锈钢户外箱500*600*200；不锈钢户外箱	定制按规格字段维护		ELEC-000175	1		保留尺寸500*600*200，材质不锈钢，环境户外。	电气电料/电气箱柜/配电箱
ELEC-000172	配电箱	配电箱 7.5kW 不锈钢户外	功率：7.5kW；材质：不锈钢；安装环境：户外	个	个	来源单位一致		订制不锈钢户外电箱7.5KW；户外电箱	定制按规格字段维护	原始单位从'台'统一为'个'	ELEC-000172	1		保留功率7.5kW，材质不锈钢，环境户外；结构未明确故不写入。	电气电料/电气箱柜/配电箱
ELEC-000196	配电箱	配电箱 700*300*220 不锈钢户外双开门	尺寸：700*300*220；材质：不锈钢；安装环境：户外；结构：双开门	个	个	来源单位一致		定制电箱700*300*220；定制电箱	定制按规格字段维护	根据推定补全材质为不锈钢，环境为户外，结构为双开门	ELEC-000196	1		保留尺寸700*300*220，材质、环境、结构由推定补全。	电气电料/电气箱柜/配电箱
ELEC-000009	配电箱	配电箱 P230	型号/规格：P230；材质：不锈钢；安装环境：户外；结构：双开门	个	个	来源单位一致		P230电箱；电箱	定制按规格字段维护		ELEC-000009	1		保留型号P230，材质不锈钢，环境户外，结构双开门，这些是采购关键区分字段。	电气电料/电气箱柜/配电箱
ELEC-000134	绝缘胶带	绝缘胶带 25mm 防水	宽度：25mm；功能：防水；长度：10m；颜色：黑色	卷	卷	来源单位一致		25mm电工防水胶布；防水电工胶布		长度、颜色缺失，按常见规格补齐为黑色10m	ELEC-000134	1		保留宽度25mm和功能防水，推断长度颜色，无品牌	电气电料/电工辅材/绝缘胶带
ELEC-000005	绝缘胶带	绝缘胶带 透明	宽度：18mm；长度：10m；颜色：透明	卷	卷	来源单位一致	3M	3M透明电胶布；电工胶布		宽度、长度缺失，按常见规格补齐为18mm*10m	ELEC-000005	1		保留颜色透明，推断宽度长度，品牌3M放入brand	电气电料/电工辅材/绝缘胶带
ELEC-000019	绝缘胶带	绝缘胶带 黑色	宽度：18mm；长度：10m；颜色：黑色	卷	卷	来源单位一致	3M	3M电胶布；电工胶布；绝缘胶带；3m电胶布		宽度、长度、颜色缺失，按常见规格补齐为黑色18mm*10m；全部缺失，按常见规格补齐为黑色18mm*10m，无品牌	ELEC-000019；ELEC-000083；ELEC-000133	3	与ELEC-000083、ELEC-000133最小关键规格相同（宽度18mm、长度10m、颜色黑色）；与ELEC-000019、ELEC-000133最小关键规格相同；与ELEC-000019、ELEC-000083最小关键规格相同	品牌3M，推断黑色，与原单位‘个’统一为‘卷’；无品牌，推断黑色，单位已为卷；品牌3M，推断黑色，与原单位‘卷’一致	电气电料/电工辅材/绝缘胶带
ADMIN-000016	数据线	数据线 USB 2.0 A-B 1.5m	接口：USB 2.0 A-B；长度：1.5m	条	条	来源单位一致		打印机数据线	适用设备：打印机	原始缺失接口和长度，根据常见打印机数据线规格推断为 USB 2.0 A-B 1.5m	ADMIN-000016	1		补齐接口和长度规格，删除用途描述，保留关键采购字段	电气电料/电线电缆/数据线
ELEC-000089	电瓶夹线	电瓶夹线 1m 50A	长度：1m；额定电流：50A	套	套	来源单位一致		电瓶夹带线；电瓶夹线	类型：电瓶夹；包含：线	原始规格缺失长度和电流，按市场常见规格（1m、50A）推断生成初始SKU，后续需根据实际采购确认。	ELEC-000089	1		原始规格只有类型和包含关系，无法区分不同SKU；按常见长度和电流补充最小关键规格，删除泛化描述。	电气电料/电线电缆/电瓶夹线
ELEC-000090	蓄电池	蓄电池 12V	电压：12V；容量：待补充	个	个	来源单位一致		12v蓄电池；蓄电池		原始缺失容量（Ah），生成通用12V蓄电池SKU，需后续补充容量和化学类型	ELEC-000090	1		根据历史数据仅含电压12V，容量和化学类型缺失，作为初始库暂定通用SKU，标记容量待补充	电气电料/电源/电池/蓄电池
ELEC-000113	接地线	接地线 16平方	截面积：16mm²	米	米	来源单位一致	起帆	起帆16平方地线；接地线	用途：接地		ELEC-000113	1		保留截面积，删除冗余用途字段；颜色缺失未推断	电气电料/电线电缆/接地线
ELEC-000219	接地线	接地线 16平方 双色	截面积：16平方；颜色：双色	米	米	来源单位一致	起帆	起帆双色接地线16平方；接地线	用途：接地		ELEC-000219	1		保留截面积和颜色，删除冗余用途字段	电气电料/电线电缆/接地线
ELEC-000065	接地线	接地线 6平方	截面积：6平方	米	米	来源单位一致	起帆	6平方起帆地线；地线	用途：地线		ELEC-000065	1		保留截面积，删除冗余用途字段；颜色缺失未推断	电气电料/电线电缆/接地线
ELEC-000137	接地跨接线	接地跨接线 6mm² 200mm	材质：铜；截面积：6mm²；长度：200mm	支	支	来源单位一致		电柜接地跨线；接地跨接线	用途：电柜接地跨接；连接方式：铜鼻子（默认）	常见电柜接地跨接线规格为6mm²铜线，长度200mm，作为初始库常见规格。	ELEC-000137	1		原始规格缺失，根据常见电柜接地跨接线规格补齐截面积和长度；删除用途描述和默认连接方式。	电气电料/电线电缆/接地跨接线
ELEC-000104	信号电缆	信号电缆 3*1.5 屏蔽	规格：3*1.5；特性：屏蔽	米	米	来源单位一致		3*1.5信号屏蔽电缆线；屏蔽信号电缆			ELEC-000104	1		原始未给型号，保留最小规格与屏蔽特性	电气电料/电线电缆/信号电缆
ELEC-000232	信号电缆	信号电缆 RVVP 3*1.5	型号：RVVP；规格：3*1.5；特性：屏蔽	米	米	来源单位一致		RVVP屏蔽线3*1.5；RVVP屏蔽线			ELEC-000232	1		型号、规格、屏蔽完整	电气电料/电线电缆/信号电缆
ADMIN-000015	电源线	电源线 C13 1.8米	接口：C13；长度：1.8米	条	条	来源单位一致		打印机电源线	适用设备：打印机；类型：电源线	根据常见打印机电源线规格，接口类型推断为C13，长度取常用值1.8米	ADMIN-000015	1		原始缺失接口和长度规格，按常用打印机电源线推断	电气电料/电线电缆/电源线
ELEC-000085	电源线	电源线 C13 2米	接口：C13；长度：2米	条	条	来源单位一致		2米电源线；电源线		依据常见电脑电源线规格，推断接口类型为C13，长度已有2米	ELEC-000085	1		原始缺失接口规格，按常见电源线推断	电气电料/电线电缆/电源线
ELEC-000050	电焊线	电焊线 35平方	截面积：35平方	米	米	来源单位一致	起帆	35平方起帆电焊线；电焊线	材质：铜（行业默认）；芯数：单芯（行业默认）	电焊线默认单芯铜导体	ELEC-000050	1		保留截面积为最小必填规格，品牌移至brand字段，移除材质和芯数行业默认字段。	电气电料/电线电缆/电焊线
ELEC-000051	电焊线	电焊线 50平方	截面积：50平方	米	米	来源单位一致	起帆	50平方起帆电焊线；电焊线	材质：铜（行业默认）；芯数：单芯（行业默认）	电焊线默认单芯铜导体	ELEC-000051	1		保留截面积为最小必填规格，品牌移至brand字段，移除材质和芯数行业默认字段。	电气电料/电线电缆/电焊线
ELEC-000101	电线	电线 BV 1.5平方	型号：BV；截面积：1.5平方	米	米	来源单位一致	起帆	起帆1.5平方电线；电线		原始未提供型号，推断为BV；未提供颜色，暂不区分	ELEC-000101	1		同057	电气电料/电线电缆/电线
ELEC-000016	电线	电线 BV 10平方	型号：BV；截面积：10平方	米	米	来源单位一致	起帆	起帆BV10平方电线；BV电线		原始未提供颜色，暂不区分	ELEC-000016	1		同015，唯独截面积不同	电气电料/电线电缆/电线
ELEC-000122	电线	电线 BV 16平方	型号：BV；截面积：16平方	米	米	来源单位一致	起帆	16m2起帆电线；起帆16平方电线；电线		原始未提供型号，推断为BV；16mm2转换为16平方；未提供颜色，暂不区分	ELEC-000122	1		同前	电气电料/电线电缆/电线
ELEC-000015	电线	电线 BV 2.5平方	型号：BV；截面积：2.5平方	米	米	来源单位一致	起帆	起帆BV2.5平方电线；BV2.5起帆平方电线；BV电线；BV2.5平方电线		原始未提供颜色，作为初始库暂不区分颜色，建议后续补充颜色规格；原始未提供品牌和颜色，推断型号为BV（因同截面积其他SKU为BV），颜色暂不区分	ELEC-000015；ELEC-000034	2	相同型号和截面积，品牌不同，疑似同一物料，需核实品牌；与ELEC-000015相同型号和截面积，品牌缺失，需核实是否同一物料	保留型号和截面积作为最小规格；颜色缺失，暂不处理；品牌单独标注；无品牌，推断型号为BV；与有品牌SKU疑似重复	电气电料/电线电缆/电线
ELEC-000017	电线	电线 BV 25平方	型号：BV；截面积：25平方	米	米	来源单位一致	起帆	起帆BV25平方电线；BV电线；25平方起帆电线；电线		原始未提供颜色，暂不区分；原始未提供型号，推断为BV；未提供颜色，暂不区分	ELEC-000017；ELEC-000143	2	与ELEC-000143相同型号和截面积，品牌相同，疑似重复；与ELEC-000017相同型号和截面积，品牌相同，疑似重复	同前	电气电料/电线电缆/电线
ELEC-000057	电线	电线 BV 4平方	型号：BV；截面积：4平方	米	米	来源单位一致	起帆	4平方起帆平方电线；电线		原始未提供型号，推断为BV（同品牌其他截面积电线为BV）；未提供颜色，暂不区分	ELEC-000057	1		缺失型号，参照同品牌其他SKU推断为BV	电气电料/电线电缆/电线
ELEC-000054	电缆防水接头	电缆防水接头 M32	螺纹规格：M32；材质：金属	个	个	来源单位一致		M32电缆防水接头；电缆防水接头	特性：防水	材质按常见金属补齐	ELEC-000054	1		保留螺纹规格，默认补齐材质金属，删除默认特性	电气电料/电缆附件/电缆防水接头
ELEC-000053	电缆防水接头	电缆防水接头 M40	螺纹规格：M40；材质：金属	个	个	来源单位一致		M40电缆防水接头；电缆防水接头	特性：防水	材质按常见金属补齐	ELEC-000053	1		保留螺纹规格，默认补齐材质金属，删除默认特性	电气电料/电缆附件/电缆防水接头
ELEC-000052	电缆防水接头	电缆防水接头 M50	螺纹规格：M50；材质：金属	个	个	来源单位一致		M50电缆防水接头；电缆防水接头	特性：防水	材质按常见金属补齐	ELEC-000052	1		保留螺纹规格，默认补齐材质金属，删除默认特性	电气电料/电缆附件/电缆防水接头
ELEC-000195	电缆防水接头	电缆防水接头 M50*1.5	螺纹规格：M50*1.5；材质：金属	个	个	来源单位一致		金属电缆防水接头M50*1.5；金属电缆防水接头	特性：防水		ELEC-000195	1		保留螺纹规格和材质，删除默认特性，单位统一为个	电气电料/电缆附件/电缆防水接头
ELEC-000072	电缆	电缆 YJV 3*1.5	型号：YJV；规格：3*1.5	米	米	来源单位一致	起帆	3*1.5起帆电缆线；电缆线；3*1.5电缆线	电压等级：0.6/1kV（默认）；导体材质：铜（默认）；护套材质：PVC（默认）	常用电力电缆型号YJV，低压默认0.6/1kV	ELEC-000072；ELEC-000123	2	相同规格和品牌，且统一型号为YJV；相同规格，且统一型号为YJV，品牌缺失但暂不影响	补充型号YJV，删除默认电压/材质，合并重复；补充型号YJV，删除默认电压/材质，品牌缺失，合并重复	电气电料/电线电缆/电缆
ELEC-000162	电缆	电缆 YJV 3*1.5+1	型号：YJV；规格：3*1.5+1	米	米	来源单位一致	起帆	起帆电缆3*1.5+1；起帆电缆线3*1.5+1；电缆	电压等级：0.6/1kV（默认）；导体材质：铜（默认）；护套材质：PVC（默认）	常用电力电缆型号YJV，低压默认0.6/1kV	ELEC-000162	1		补充型号YJV，删除默认电压/材质	电气电料/电线电缆/电缆
ELEC-000241	电缆	电缆 YJV 3*16+1*10	型号：YJV；规格：3*16+1*10	米	米	来源单位一致	起帆	起帆电缆线3*16+1*10；电缆	电压等级：0.6/1kV（默认）；导体材质：铜（默认）；护套材质：PVC（默认）	常用电力电缆型号YJV，低压默认0.6/1kV	ELEC-000241	1		补充型号YJV，删除默认电压/材质	电气电料/电线电缆/电缆
ELEC-000073	电缆	电缆 YJV 3*2.5	型号：YJV；规格：3*2.5	米	米	来源单位一致	起帆	3*2.5起帆电缆；3*2.5起帆电缆线；电缆线；起帆电缆3*2.5；电缆	电压等级：0.6/1kV（默认）；导体材质：铜（默认）；护套材质：PVC（默认）	常用电力电缆型号YJV，低压默认0.6/1kV	ELEC-000073；ELEC-000211	2	相同规格和品牌，且统一型号为YJV	补充型号YJV，删除默认电压/材质，合并重复	电气电料/电线电缆/电缆
ELEC-000237	电缆	电缆 YJV 3*2.5+1*1.5	型号：YJV；规格：3*2.5+1*1.5	米	米	来源单位一致	起帆	起帆电缆线3*2.5+1*1.5；电缆	电压等级：0.6/1kV（默认）；导体材质：铜（默认）；护套材质：PVC（默认）	常用电力电缆型号YJV，低压默认0.6/1kV	ELEC-000237	1		补充型号YJV，删除默认电压/材质	电气电料/电线电缆/电缆
ELEC-000105	电缆	电缆 YJV 3*25	型号：YJV；规格：3*25	米	米	来源单位一致		3*25电缆线；电缆线	电压等级：0.6/1kV（默认）；导体材质：铜（默认）；护套材质：PVC（默认）	常用电力电缆型号YJV，低压默认0.6/1kV	ELEC-000105	1		补充型号YJV，删除默认电压/材质，品牌缺失	电气电料/电线电缆/电缆
ELEC-000239	电缆	电缆 YJV 3*4+1*2.5	型号：YJV；规格：3*4+1*2.5	米	米	来源单位一致	起帆	起帆电缆线3*4+1*2.5；电缆	电压等级：0.6/1kV（默认）；导体材质：铜（默认）；护套材质：PVC（默认）	常用电力电缆型号YJV，低压默认0.6/1kV	ELEC-000239	1		补充型号YJV，删除默认电压/材质	电气电料/电线电缆/电缆
ELEC-000071	电缆	电缆 YJV 3*4+2*2.5	型号：YJV；规格：3*4+2*2.5	米	米	来源单位一致	起帆	3*4+2*2.5起帆电缆线；起帆3*4+2*2.5电线；3*4+2*2.5起帆电缆；电缆线	电压等级：0.6/1kV（默认）；导体材质：铜（默认）；护套材质：PVC（默认）	常用电力电缆型号YJV，低压默认0.6/1kV	ELEC-000071	1		补充型号YJV，删除默认电压/材质	电气电料/电线电缆/电缆
ELEC-000030	电缆	电缆 YJV 3*6+1	型号：YJV；规格：3*6+1	米	米	来源单位一致	起帆	3*6+1起帆电缆；电缆；起帆3*6+1电缆；电缆线	电压等级：0.6/1kV（默认）；导体材质：铜（默认）；护套材质：PVC（默认）	常用电力电缆型号YJV，低压默认0.6/1kV	ELEC-000030；ELEC-000109	2	相同规格和品牌，且统一型号为YJV	补充型号YJV，删除默认电压/材质，合并重复	电气电料/电线电缆/电缆
ELEC-000212	电缆	电缆 YJV 3*6+2*2.5	型号：YJV；规格：3*6+2*2.5	米	米	来源单位一致	起帆	起帆电缆3*6+2*2.5；电缆	电压等级：0.6/1kV（默认）；导体材质：铜（默认）；护套材质：PVC（默认）	常用电力电缆型号YJV，低压默认0.6/1kV	ELEC-000212	1		补充型号YJV，删除默认电压/材质	电气电料/电线电缆/电缆
ELEC-000145	电缆	电缆 YJV 3*6+2*4	型号：YJV；规格：3*6+2*4	米	米	来源单位一致	起帆	3*6+2*4起帆电缆；电缆线	电压等级：0.6/1kV（默认）；导体材质：铜（默认）；护套材质：PVC（默认）	常用电力电缆型号YJV，低压默认0.6/1kV	ELEC-000145	1		补充型号YJV，删除默认电压/材质	电气电料/电线电缆/电缆
ELEC-000167	电缆	电缆 YJV 4*2.5	型号：YJV；规格：4*2.5	米	米	来源单位一致	起帆	起帆电缆4*2.5；电缆	电压等级：0.6/1kV（默认）；导体材质：铜（默认）；护套材质：PVC（默认）	常用电力电缆型号YJV，低压默认0.6/1kV	ELEC-000167	1		补充型号YJV，删除默认电压/材质	电气电料/电线电缆/电缆
ELEC-000234	电缆	电缆 YJV 4*4	型号：YJV；规格：4*4	米	米	来源单位一致		电缆线4*4平方；电缆	电压等级：0.6/1kV（默认）；导体材质：铜（默认）；护套材质：PVC（默认）	"常用电力电缆型号YJV，低压默认0.6/1kV，将""4平方""规范为""4"""	ELEC-000234	1		补充型号YJV，删除默认电压/材质，品牌缺失，规范规格表示	电气电料/电线电缆/电缆
ELEC-000068	排风扇	排风扇 10寸	规格/尺寸：10寸	个	个	来源单位一致		10寸排风扇；排风扇			ELEC-000068	1		保留规格10寸作为关键字段	电气电料/通风设备/排风扇
ELEC-000027	排风扇	排风扇 50×50	规格/尺寸：50×50	台	台	来源单位一致		50*50排气扇；排气扇；50*50排风扇；排风扇		单位统一为台（原有个），规格50×50保留	ELEC-000027；ELEC-000041	2	规格相同均为50×50，单位不一致，建议合并为台	保留规格/尺寸作为关键字段，删除默认无，单位统一；与ELEC-000027重复，合并组	电气电料/通风设备/排风扇
ELEC-000112	排风扇	排风扇 FAD40-400	型号：FAD40-400	台	台	来源单位一致		FAD40-400排气扇；排气扇		型号作为唯一标识	ELEC-000112	1		保留型号作为关键字段	电气电料/通风设备/排风扇
ELEC-000191	水下连接器堵头	水下连接器堵头 通用	适配连接器型号：通用；防水等级：IP68	套	套	来源单位一致		水下连接器堵头		原始规格缺失适配型号和防水等级，按常见水下堵头推断通用型及IP68	ELEC-000191	1		缺失规格，按通用型补齐适配型号和防水等级	电气电料/电缆附件/水下连接器堵头
PIPE-000423	Y型三通	UPVC Y型三通 25	材质：UPVC；规格/口径：25	只	只	来源单位一致		UPVC Φ25 Y型三通; UPVC Y型三通	类型：Y型三通；形态：Y型三通		PIPE-000423	1		保留材质和口径作为关键规格；删除错误品牌、重复的类型和形态字段；别名清洗掉‘公称’误写。	管材管件阀门/三通/Y型三通
ELEC-000190	水下连接器	水下连接器 四电二光	结构：四电二光	套	套	来源单位一致		水下连接器四电二光	环境：水下	原始规格仅含结构配置，未提供防水等级、接口、电压等，按现有结构生成最小SKU	ELEC-000190	1		保留结构配置'四电二光'作为关键规格，删除默认环境描述	电气电料/电缆附件/水下连接器
ELEC-000004	热缩管	热缩管 15mm	口径：15mm	米	米	来源单位一致		1.5CM热缩管；热缩管			ELEC-000004	1		标准化名称，统一口径单位为mm	电气电料/电缆附件/热缩管
ELEC-000003	热缩管	热缩管 20mm	口径：20mm	米	米	来源单位一致		2CM热缩管；热缩管			ELEC-000003	1		标准化名称，统一口径单位为mm	电气电料/电缆附件/热缩管
ELEC-000002	热缩管	热缩管 30mm	口径：30mm	米	米	来源单位一致		3CM热缩管；热缩管；30热缩管		原始规格无单位，根据常见热缩管规格单位mm推断为30mm	ELEC-000002；ELEC-000058	2	规格相同，单位统一后口径均为30mm	标准化名称，统一口径单位为mm；推断口径单位为mm，与ELEC-000002重复	电气电料/电缆附件/热缩管
PIPE-000007	三通	PPR三通 25	材质：PPR；规格/口径：25	个	个	来源单位一致		PPR三通；25PPR三通	连接方式：热熔	连接方式按PPR默认热熔	PIPE-000007；PIPE-000017	2	与PIPE-000017相同标准SKU和最小规格；与PIPE-000007相同标准SKU和最小规格	保留材质规格，删除默认热熔连接方式。	管材管件阀门/三通/三通
PIPE-000462	三通	PPR三通 32	材质：PPR；规格/口径：32	只	只	来源单位一致		PPR三通	连接方式：热熔	连接方式按PPR默认热熔	PIPE-000462	1		保留材质规格，删除默认热熔连接方式。	管材管件阀门/三通/三通
PIPE-000272	三通	PPR三通 63	材质：PPR；规格/口径：63	个	个	来源单位一致		PPR三通	连接方式：热熔	连接方式按PPR默认热熔	PIPE-000272	1		保留材质规格，删除默认热熔连接方式。	管材管件阀门/三通/三通
PIPE-000008	三通	PPR内牙三通 25	材质：PPR；规格/口径：25；接口：内丝	个	个	来源单位一致		PPR内牙三通		内牙规格缺失，按原25口径保留	PIPE-000008；PIPE-000083	2	与PIPE-000083相同标准SKU和最小规格；与PIPE-000008相同标准SKU和最小规格	保留材质、口径和内丝接口。	管材管件阀门/三通/三通
PIPE-000468	三通	PVC三通 100	材质：PVC；规格/口径：100	只	只	来源单位一致		PVC三通	连接方式：胶粘/承插	连接方式按PVC默认胶粘	PIPE-000468	1		保留材质规格，删除默认胶粘连接方式。	管材管件阀门/三通/三通
PIPE-000424	三通	UPVC三通 25	材质：UPVC；规格/口径：25	只	只	来源单位一致		UPVC三通	连接方式：胶粘/承插	连接方式按UPVC默认胶粘	PIPE-000424	1		保留材质规格，删除默认胶粘连接方式。	管材管件阀门/三通/三通
PIPE-000069	三通	UPVC三通 32	材质：UPVC；规格/口径：32	个	个	来源单位一致		UPVC三通	连接方式：胶粘/承插	连接方式按UPVC默认胶粘	PIPE-000069	1		保留材质规格，删除默认胶粘连接方式。	管材管件阀门/三通/三通
PIPE-000378	三通	三通 DN40	规格/口径：DN40	只	只	来源单位一致		DN40三通；三通			PIPE-000378	1		原始规格仅口径，保留最小规格。	管材管件阀门/三通/三通
PIPE-000374	三通	三通 DN50	规格/口径：DN50	只	只	来源单位一致		DN50三通；三通			PIPE-000374	1		原始规格仅口径，保留最小规格。	管材管件阀门/三通/三通
PIPE-000375	三通	三通 DN65	规格/口径：DN65	只	只	来源单位一致		DN65三通；三通			PIPE-000375	1		原始规格仅口径，保留最小规格。	管材管件阀门/三通/三通
METAL-000100	三通	不锈钢三通 25	材质：不锈钢；规格/口径：25	个	个	来源单位一致		25三通不锈钢；三通			METAL-000100	1		原始规格仅有材质和口径，连接方式缺失，按常见采购口径生成标准SKU。	管材管件阀门/三通/三通
PIPE-000033	三通	不锈钢三通 4分	材质：不锈钢；规格/口径：4分	个	个	来源单位一致		4分不锈钢三通；不锈钢三通			PIPE-000033	1		保留材质和规格。	管材管件阀门/三通/三通
PIPE-000022	三通	排水三通 50	用途/系统：排水；规格/口径：50	个	个	来源单位一致		排水三通	连接方式：胶粘/承插	材质按用途推测为PVC	PIPE-000022	1		保留用途和口径，删除默认胶粘连接方式。	管材管件阀门/三通/三通
PIPE-000019	三通	排水三通 75	用途/系统：排水；规格/口径：75	个	个	来源单位一致		排水三通	连接方式：胶粘/承插	材质按用途推测为PVC；连接方式按PVC排水默认胶粘	PIPE-000019	1		保留用途和口径，删除默认胶粘连接方式。	管材管件阀门/三通/三通
PIPE-000260	三通	焊接三通 168*10	规格/口径：168；壁厚：10；连接：焊接	个	个	来源单位一致		168*10焊接三通；焊接三通			PIPE-000260	1		保留规格、壁厚和焊接连接方式。	管材管件阀门/三通/三通
PIPE-000433	三通	镀锌三通 2寸	材质：镀锌；规格/口径：2寸	只	只	来源单位一致		镀锌三通2寸；镀锌三通	连接方式：螺纹	连接方式按镀锌管件默认螺纹	PIPE-000433	1		保留材质（表面处理）和规格，删除默认螺纹连接方式。	管材管件阀门/三通/三通
PIPE-000477	三通	镀锌三通 3寸	材质：镀锌；规格/口径：3寸	只	只	来源单位一致		镀锌三通3寸；镀锌三通	连接方式：螺纹	连接方式按镀锌管件默认螺纹	PIPE-000477	1		保留材质（表面处理）和规格，删除默认螺纹连接方式。	管材管件阀门/三通/三通
PIPE-000487	三通	镀锌三通 6分	材质：镀锌；规格/口径：6分	只	只	来源单位一致		镀锌三通6分；镀锌三通	连接方式：螺纹	连接方式按镀锌管件默认螺纹	PIPE-000487	1		保留材质（表面处理）和规格，删除默认螺纹连接方式。	管材管件阀门/三通/三通
PIPE-000139	三通	镀锌三通 DN50	材质：镀锌；规格/口径：DN50	个	个	来源单位一致		50镀锌三通；镀锌三通	连接方式：螺纹	连接方式按镀锌管件默认螺纹	PIPE-000139	1		保留材质（表面处理）和口径，删除默认螺纹连接方式。	管材管件阀门/三通/三通
PIPE-000242	三通	镀锌三通 DN80	材质：镀锌；规格/口径：DN80	个	个	来源单位一致		DN80镀锌三通；镀锌三通	连接方式：螺纹	连接方式按镀锌管件默认螺纹	PIPE-000242	1		保留材质（表面处理）和口径，删除默认螺纹连接方式。	管材管件阀门/三通/三通
MAT-000032	小便器感应器	小便器感应器 铜	材质：铜	套	套	来源单位一致		铜小便器感应器；小便器感应器	用途：小便器；适用：小便器；类型：感应器	材质缺失，推断为铜（最常见材质及参照MAT-000032）。	MAT-000032；MAT-000130	2	材质相同（均为铜），且无其他关键规格差异。	保留材质铜，删除用途字段。；补充材质铜，删除适用和类型字段，与MAT-000032合并。	管材管件阀门/水龙头/洁具配件/小便器感应器
PIPE-000014	下水管	下水管 32mm	材质：PP；规格口径：32mm	套	套	来源单位一致		洗脸盆下水管		原始信息缺失材质和口径，根据常见洗脸盆下水管规格推断为PP材质、32mm口径	PIPE-000014	1		原始规格缺失，生成常用初始SKU；保留关键采购字段口径和材质	管材管件阀门/水龙头/洁具配件/下水管
PIPE-000015	过桥弯	PPR过桥弯 25	材质：PPR；规格/口径：25	个	个	来源单位一致		PPR过桥弯	连接方式：热熔；形态：过桥弯		PIPE-000015	1		材质PPR，口径25，删除默认热熔连接和冗余形态描述。	管材管件阀门/弯头/过桥弯
PIPE-000071	斜三通	UPVC斜三通 32	材质：UPVC；规格/口径：32；角度：45°	个	个	来源单位一致		32斜三通；UPVC斜三通	连接方式：胶粘；类型：斜三通；形态：斜三通	角度未指定，按常见45°斜三通推断；规格口径32直接使用	PIPE-000071	1		按UPVC斜三通标准处理，去除冗余字段，保留材质、口径和推断角度	管材管件阀门/三通/斜三通
PIPE-000003	弯头	弯头 PPR 25	材质：PPR；规格/口径：25	个	个	来源单位一致		PPR弯头；25PPR弯头	角度：90度（默认）；连接方式：热熔（默认）	角度默认为90度，连接方式默认为热熔；角度默认为90度	PIPE-000003；PIPE-000028；PIPE-000115	3	相同 standard_sku_name 和 minimal_required_specs	基于材质和规格生成标准SKU名称，删除默认角度和连接方式	管材管件阀门/弯头/弯头
PIPE-000463	弯头	弯头 PPR 32	材质：PPR；规格/口径：32	个	个	来源单位一致		PPR弯头	角度：90度（默认）；连接方式：热熔（默认）	角度默认为90度	PIPE-000463	1		基于材质和规格生成标准SKU名称，删除默认角度和连接方式	管材管件阀门/弯头/弯头
PIPE-000213	弯头	弯头 PPR 63	材质：PPR；规格/口径：63	个	个	来源单位一致		63PPR弯头；PPR弯头	角度：90度（默认）；连接方式：热熔（默认）	角度默认为90度	PIPE-000213；PIPE-000274	2	相同 standard_sku_name 和 minimal_required_specs	基于材质和规格生成标准SKU名称，删除默认角度和连接方式	管材管件阀门/弯头/弯头
PIPE-000010	弯头	弯头 PPR 内丝 25	材质：PPR；规格/口径：25；接口：内丝	个	个	来源单位一致		PPR内牙弯头；PPR25*4内牙弯头	角度：90度（默认）	角度默认为90度；规格PPR25*4分解析为规格25和内丝接口	PIPE-000010；PIPE-000018	2	相同 standard_sku_name 和 minimal_required_specs	保留内丝接口，删除默认角度；解析规格为25和内丝接口，删除默认角度	管材管件阀门/弯头/弯头
PIPE-000466	弯头	弯头 PVC 100	材质：PVC；规格/口径：100	个	个	来源单位一致		PVC弯头	角度：90度（默认）	角度默认为90度	PIPE-000466	1		基于材质和规格生成标准SKU名称，删除默认角度	管材管件阀门/弯头/弯头
PIPE-000372	弯头	弯头 PVC 315 45°	材质：PVC；规格/口径：315；角度：45度	个	个	来源单位一致		PVC弯头			PIPE-000372	1		保留材质、规格和角度	管材管件阀门/弯头/弯头
PIPE-000373	弯头	弯头 PVC 315 90°	材质：PVC；规格/口径：315；角度：90度	个	个	来源单位一致		PVC弯头			PIPE-000373	1		保留材质、规格和角度	管材管件阀门/弯头/弯头
PIPE-000095	弯头	弯头 PVC 40 45°	材质：PVC；规格/口径：40；角度：45度	个	个	来源单位一致		PVC45度弯头			PIPE-000095	1		保留材质、规格和角度	管材管件阀门/弯头/弯头
PIPE-000023	弯头	弯头 PVC 50	材质：PVC；规格/口径：50	个	个	来源单位一致		排水弯头	角度：90度（默认）；用途/系统：排水（推断）	材质推断为PVC，角度默认为90度	PIPE-000023	1		根据排水用途推断材质为PVC，删除默认角度	管材管件阀门/弯头/弯头
PIPE-000021	弯头	弯头 PVC 75	材质：PVC；规格/口径：75	个	个	来源单位一致		排水弯头；PVC弯头	角度：90度（默认）；用途/系统：排水（推断）	材质推断为PVC，角度默认为90度；角度默认为90度	PIPE-000021；PIPE-000066	2	相同 standard_sku_name 和 minimal_required_specs	根据排水用途推断材质为PVC，删除默认角度；基于材质和规格生成标准SKU名称，删除默认角度	管材管件阀门/弯头/弯头
PIPE-000426	弯头	弯头 UPVC 25 45°	材质：UPVC；规格/口径：25；角度：45度	个	个	来源单位一致		UPVC弯头			PIPE-000426	1		保留材质、规格和角度	管材管件阀门/弯头/弯头
PIPE-000425	弯头	弯头 UPVC 25 90°	材质：UPVC；规格/口径：25；角度：90度	个	个	来源单位一致		UPVC弯头			PIPE-000425	1		保留材质、规格和角度	管材管件阀门/弯头/弯头
PIPE-000074	弯头	弯头 UPVC 32	材质：UPVC；规格/口径：32	个	个	来源单位一致		32弯头；UPVC弯头	角度：90度（默认）	角度默认为90度	PIPE-000074	1		基于材质和规格生成标准SKU名称，删除默认角度	管材管件阀门/弯头/弯头
PIPE-000075	弯头	弯头 UPVC 32 45°	材质：UPVC；规格/口径：32；角度：45度	个	个	来源单位一致		32*45弯头；UPVC45度弯头			PIPE-000075	1		保留材质、规格和角度	管材管件阀门/弯头/弯头
PIPE-000042	弯头	弯头 不锈钢 250	材质：不锈钢；规格/口径：250	个	个	来源单位一致		250不锈钢弯头；不锈钢弯头	角度：90度（默认）	角度默认为90度	PIPE-000042	1		基于材质和规格生成标准SKU名称，删除默认角度	管材管件阀门/弯头/弯头
PIPE-000449	弯头	弯头 焊接 159 90°	规格/口径：159；连接：焊接；角度：90度	个	个	来源单位一致		焊接90度弯头159；焊接弯头			PIPE-000449	1		保留规格、焊接连接和角度	管材管件阀门/弯头/弯头
PIPE-000065	弯头	弯头 焊接 159*8 加厚	规格/口径：159；壁厚：8；特征：加厚；连接：焊接	个	个	来源单位一致		159*8加厚弯头焊接；焊接弯头	角度：90度（默认）	角度默认为90度	PIPE-000065	1		保留焊接、壁厚、加厚特征，删除默认角度	管材管件阀门/弯头/弯头
PIPE-000108	弯头	弯头 焊接 168	规格/口径：168；连接：焊接	个	个	来源单位一致		168焊接弯头；焊接弯头	角度：90度（默认）	角度默认为90度	PIPE-000108；PIPE-000167	2	相同 standard_sku_name 和 minimal_required_specs	保留规格和焊接连接，删除默认角度	管材管件阀门/弯头/弯头
PIPE-000253	弯头	弯头 焊接 168*10	规格/口径：168；壁厚：10；连接：焊接	个	个	来源单位一致		168*10焊接弯头；焊接弯头	角度：90度（默认）	角度默认为90度	PIPE-000253	1		保留规格、壁厚和焊接，删除默认角度	管材管件阀门/弯头/弯头
PIPE-000148	弯头	弯头 焊接 325	规格/口径：325；连接：焊接	个	个	来源单位一致		325焊接弯头；焊接弯头	角度：90度（默认）	角度默认为90度	PIPE-000148	1		保留规格和焊接连接，删除默认角度	管材管件阀门/弯头/弯头
PIPE-000149	弯头	弯头 焊接 325 45°	规格/口径：325；连接：焊接；角度：45度	个	个	来源单位一致		325*45焊接弯头；焊接弯头			PIPE-000149	1		保留规格、焊接连接和角度	管材管件阀门/弯头/弯头
PIPE-000124	弯头	弯头 焊接 325 加厚	规格/口径：325；特征：加厚；连接：焊接	个	个	来源单位一致		325加厚焊接弯头；焊接弯头	角度：90度（默认）	角度默认为90度	PIPE-000124	1		保留规格、加厚特征和焊接连接，删除默认角度	管材管件阀门/弯头/弯头
PIPE-000062	弯头	弯头 焊接 325*8 加厚	规格/口径：325；壁厚：8；特征：加厚；连接：焊接	个	个	来源单位一致		加厚325*8焊接弯头；焊接弯头	角度：90度（默认）	角度默认为90度	PIPE-000062	1		保留焊接、壁厚、加厚特征，删除默认角度	管材管件阀门/弯头/弯头
PIPE-000107	弯头	弯头 焊接 89	规格/口径：89；连接：焊接	个	个	来源单位一致		89焊接弯头；焊接弯头	角度：90度（默认）	角度默认为90度	PIPE-000107；PIPE-000150	2	相同 standard_sku_name 和 minimal_required_specs	保留规格和焊接连接，删除默认角度	管材管件阀门/弯头/弯头
PIPE-000252	弯头	弯头 焊接 89*10	规格/口径：89；壁厚：10；连接：焊接	个	个	来源单位一致		89*10焊接弯头；焊接弯头	角度：90度（默认）	角度默认为90度	PIPE-000252	1		保留规格、壁厚和焊接，删除默认角度	管材管件阀门/弯头/弯头
PIPE-000478	弯头	弯头 镀锌 2寸	规格/口径：2寸；表面处理：镀锌	个	个	来源单位一致		镀锌弯头2寸；镀锌弯头	角度：90度（默认）；材质：碳钢（推断）	材质推断为碳钢，角度默认为90度	PIPE-000478	1		保留规格和表面处理，删除默认角度和推断材质	管材管件阀门/弯头/弯头
PIPE-000485	弯头	弯头 镀锌 6分	规格/口径：6分；表面处理：镀锌	个	个	来源单位一致		镀锌弯头6分；镀锌弯头	角度：90度（默认）；材质：碳钢（推断）	材质推断为碳钢，角度默认为90度	PIPE-000485	1		保留规格和表面处理，删除默认角度和推断材质	管材管件阀门/弯头/弯头
PIPE-000208	弯头	弯头 镀锌 80	规格/口径：80；表面处理：镀锌	个	个	来源单位一致		80镀锌弯头；镀锌弯头	角度：90度（默认）；材质：碳钢（推断）	材质推断为碳钢，角度默认为90度	PIPE-000208	1		保留规格和表面处理，删除默认角度和推断材质	管材管件阀门/弯头/弯头
PIPE-000434	弯头	弯头 镀锌 内丝 2寸	规格/口径：2寸；表面处理：镀锌；接口：内丝	个	个	来源单位一致		镀锌内丝弯头2寸；镀锌内丝弯头	角度：90度（默认）；材质：碳钢（推断）	材质推断为碳钢，角度默认为90度	PIPE-000434	1		保留规格、表面处理和内丝接口，删除默认角度和推断材质	管材管件阀门/弯头/弯头
PIPE-000435	弯头	弯头 镀锌 内丝 3寸	规格/口径：3寸；表面处理：镀锌；接口：内丝	个	个	来源单位一致		镀锌内丝弯头3寸；镀锌内丝弯头	角度：90度（默认）；材质：碳钢（推断）	材质推断为碳钢，角度默认为90度	PIPE-000435	1		保留规格、表面处理和内丝接口，删除默认角度和推断材质	管材管件阀门/弯头/弯头
PIPE-000440	弯头	弯头 镀锌 内丝 4分	规格/口径：4分；表面处理：镀锌；接口：内丝	个	个	来源单位一致		镀锌内丝弯头4分；镀锌内丝弯头	角度：90度（默认）；材质：碳钢（推断）	材质推断为碳钢，角度默认为90度	PIPE-000440	1		保留规格、表面处理和内丝接口，删除默认角度和推断材质	管材管件阀门/弯头/弯头
PIPE-000093	异径三通	异径三通 40*25	规格/口径：40*25；材质：PVC	个	个	来源单位一致		40×25三通；异径三通	类型：三通；形态：异径	材质根据同组物料及governance note推断为PVC	PIPE-000093	1		品牌‘公称’规范为公称直径，删除冗余字段，材质按PVC补全	管材管件阀门/三通/异径三通
PIPE-000092	异径三通	异径三通 40*32	规格/口径：40*32；材质：PVC	个	个	来源单位一致		40×32三通；异径三通	类型：三通；形态：异径	材质根据同组物料及governance note推断为PVC	PIPE-000092	1		品牌‘公称’规范为公称直径，删除冗余字段，材质按PVC补全	管材管件阀门/三通/异径三通
PIPE-000024	异径三通	异径三通 75*50	规格/口径：75*50；材质：PVC	个	个	来源单位一致		75*50三通；排水异径三通	类型：三通；形态：异径；用途/系统：排水	材质根据同组物料及governance note推断为PVC排水管件	PIPE-000024	1		品牌‘公称’规范为公称直径，删除冗余字段，材质按排水PVC补全	管材管件阀门/三通/异径三通
MAT-000010	冲水水箱	冲水水箱 6L	容量：6L	个	个	来源单位一致		冲水水箱	用途：冲水	原始缺失容量，按常见家用冲水水箱容量6L补齐	MAT-000010	1		原始仅含用途，缺失容量；按常见家用容量6L生成初始SKU	管材管件阀门/水龙头/洁具配件/冲水水箱
METAL-000050	水龙头	不锈钢水龙头	材质：不锈钢	个	个	来源单位一致		不锈钢水龙头		原单位为只，统一为个。	METAL-000050；METAL-000117	2	与METAL-000117材质一致，单位已统一为个。；与METAL-000050材质一致，单位已统一为个。	保留不锈钢材质；接口规格缺失，未推断。；同METAL-000050，单位统一为个。	管材管件阀门/水龙头/洁具配件/水龙头
MAT-000008	水龙头	冷热水龙头 4分	接口规格：4分；冷热类型：冷热	个	个	来源单位一致		4分冷热水龙头；水龙头；4分冷热龙头；冷热水龙头		原单位为套，统一为个。	MAT-000008；MAT-000015	2	与MAT-000015接口规格、冷热类型一致，单位已统一为个。；与MAT-000008接口规格、冷热类型一致，单位已统一为个。	保留4分接口和冷热类型；材质缺失，未推断。；同MAT-000008，单位统一为个。	管材管件阀门/水龙头/洁具配件/水龙头
MAT-000007	水龙头	大弯水龙头	形态：大弯	个	个	来源单位一致		大弯水龙头；水龙头			MAT-000007	1		保留大弯形态作为关键区分；材质、接口规格缺失，未推断。	管材管件阀门/水龙头/洁具配件/水龙头
MAT-000012	水龙头	按压水龙头	控制方式：按压	个	个	来源单位一致		按压龙头；按压水龙头			MAT-000012	1		保留按压控制方式作为关键区分；材质、接口规格缺失，未推断。	管材管件阀门/水龙头/洁具配件/水龙头
MAT-000006	水龙头	水龙头 4分	接口规格：4分	个	个	来源单位一致		水龙头		根据常见通用水龙头接口规格推断为4分。	MAT-000006	1		规格未注明，按常见口径推断4分；材质缺失，未推断。	管材管件阀门/水龙头/洁具配件/水龙头
MAT-000013	水龙头	洗脸盆水龙头	用途：洗脸盆	个	个	来源单位一致		洗脸盆龙头			MAT-000013	1		用途为洗脸盆，保留用途作为关键区分；材质、接口规格缺失，未推断。	管材管件阀门/水龙头/洁具配件/水龙头
MAT-000003	水龙头	洗衣机水龙头	用途：洗衣机	个	个	来源单位一致		洗衣机龙头			MAT-000003	1		用途为洗衣机，保留用途作为关键区分；材质、接口规格缺失，未推断。	管材管件阀门/水龙头/洁具配件/水龙头
MAT-000022	隔电堵	隔电堵 G1/2	接口：G1/2；材质：黄铜	个	个	来源单位一致		热水器隔电堵	用途：热水器；功能：隔电	原始缺少接口规格和材质，按常见热水器隔电堵推断接口为G1/2、材质为黄铜	MAT-000022	1		保留接口和材质作为关键规格；删除用途和功能描述字段；别名保留；接口和材质按常见推断。	管材管件阀门/水龙头/洁具配件/隔电堵
MAT-000005	水龙头花洒套装	水龙头花洒套装 不锈钢	材质：不锈钢；接口：G1/2	套	套	来源单位一致		水龙头花洒；水龙头花洒套装		缺失材质和接口规格，按常见家用不锈钢水龙头花洒套装推断材质为不锈钢，接口为G1/2	MAT-000005	1		原始规格缺失，生成通用初始SKU，保留材质和接口作为关键规格。	管材管件阀门/水龙头/洁具配件/水龙头花洒套装
MAT-000011	小便斗	小便斗 挂式 感应	安装方式：挂式；冲洗方式：感应	个	个	来源单位一致		小便斗		原始无规格，按最常见挂式感应小便斗补齐	MAT-000011	1		原始缺失规格，按常见类型生成初始SKU	管材管件阀门/水龙头/洁具配件/小便斗
PIPE-000166	法兰	法兰 DN273	公称直径：DN273；压力等级：16kg；材质：碳钢	个	个	来源单位一致		273法兰盘；法兰		原始缺失材质和压力等级，补为碳钢和16kg	PIPE-000166	1		保留公称直径和压力等级，材质补默认碳钢	管材管件阀门/法兰/法兰
PIPE-000125	法兰	法兰 DN325	公称直径：DN325；压力等级：16kg；材质：碳钢	个	个	来源单位一致		325法兰盘；法兰盘；325*16KG国标法兰；国标法兰；325法兰；法兰	执行标准：国标	原始缺失材质和压力等级，补为碳钢和16kg；原始缺失材质，补为碳钢	PIPE-000125；PIPE-000130；PIPE-000151	3	与PIPE-000130、PIPE-000151公称直径、压力等级、材质相同；与PIPE-000125、PIPE-000151公称直径、压力等级、材质相同；与PIPE-000125、PIPE-000130公称直径、压力等级、材质相同	保留公称直径和压力等级，材质补默认碳钢；删除执行标准（默认国标）	管材管件阀门/法兰/法兰
PIPE-000291	法兰	法兰 DN50	公称直径：DN50；压力等级：16kg；材质：碳钢	个	个	来源单位一致		DN50*16KG法兰；法兰		原始缺失材质，补为碳钢	PIPE-000291	1		保留公称直径和压力等级，材质补默认碳钢	管材管件阀门/法兰/法兰
PIPE-000292	法兰	法兰 DN65	公称直径：DN65；压力等级：16kg；材质：碳钢	个	个	来源单位一致		DN65*16KG法兰；法兰		原始缺失材质，补为碳钢	PIPE-000292	1		保留公称直径和压力等级，材质补默认碳钢	管材管件阀门/法兰/法兰
PIPE-000185	法兰	法兰 DN89	公称直径：DN89；压力等级：16kg；材质：碳钢	个	个	来源单位一致		89*16KG法兰盘；法兰		原始缺失材质，补为碳钢	PIPE-000185	1		保留公称直径和压力等级，材质补默认碳钢	管材管件阀门/法兰/法兰
PIPE-000080	软管	软管 2米	接口：4分外丝；长度：2米	条	条	来源单位一致		2米洗衣机管；洗衣机进水管		接口规格缺失，根据常见洗衣机进水管标准，推断为4分外丝	PIPE-000080	1		保留长度和推断的接口规格	管材管件阀门/水龙头/洁具配件/软管
MAT-000009	蹲便器	蹲便器 610*430	尺寸：610*430mm；排水方式：地排；类型：平面蹲厕	个	个	来源单位一致		平面蹲厕；蹲便器	形态：平面蹲厕（与类型重复）	尺寸和排水方式缺失，按常见家用蹲便器规格补齐：尺寸610*430mm，排水方式地排	MAT-000009	1		原始仅提供类型/形态为平面蹲厕，缺失尺寸和排水方式，补齐常见规格以形成可采购SKU；保留类型和排水方式，删除重复形态字段	管材管件阀门/水龙头/洁具配件/蹲便器
METAL-000004	洗脸盆	不锈钢洗脸盆 120*80	材质：不锈钢；尺寸：120*80；特征：加厚	套	套	来源单位一致		不锈钢120*80加厚洗脸盆；不锈钢洗脸盆		原始提供材质、规格、特征，直接使用	METAL-000004	1		直接使用原始规格，保留尺寸和加厚特征	管材管件阀门/水龙头/洁具配件/洗脸盆
METAL-000002	洗脸盆	不锈钢洗脸盆 2米	材质：不锈钢；长度：2米；特征：加厚	台	台	来源单位一致		2米加厚不锈钢洗脸盆；洗脸盆		原始提供材质、长度、特征，直接使用	METAL-000002	1		直接使用原始规格，保留长度和加厚特征	管材管件阀门/水龙头/洁具配件/洗脸盆
MAT-000186	洗脸盆	洗脸盆 常规陶瓷	材质：陶瓷；尺寸：常规	只	只	来源单位一致		洗脸盆	类型：洗脸盆	材质推测为陶瓷（最常见家用）；尺寸按常规采购习惯填写	MAT-000186	1		原始仅提供类型，推断材质和尺寸生成初始SKU	管材管件阀门/水龙头/洁具配件/洗脸盆
PIPE-000016	异径接头/大小头	PPR异径接头 32*25	材质：PPR；规格：32*25	个	个	来源单位一致		PPR32*25大小头；PPR异径直接	连接方式：热熔；形态：异径		PIPE-000016	1		保留材质和规格；PPR默认热熔连接，删除；形态异径为默认删除	管材管件阀门/直接/接头/异径接头/大小头
PIPE-000096	异径接头/大小头	PVC异径接头 40*32	材质：PVC；规格：40*32	个	个	来源单位一致		异径接头	形态：异径	材质：PVC（根据上下文和PVC管件分组推断）；公称信息已按口径处理，非品牌	PIPE-000096	1		保留规格；材质缺失，按上下文推断为PVC；形态异径为默认删除；公称处理为公称，不写入品牌	管材管件阀门/直接/接头/异径接头/大小头
PIPE-000073	异径接头/大小头	UPVC异径接头 32*25	材质：UPVC；规格：32*25	个	个	来源单位一致		32*25大小头；UPVC异径接头	连接方式：胶粘；形态：异径		PIPE-000073	1		保留材质和规格；UPVC默认胶粘连接，删除；形态异径为默认删除	管材管件阀门/直接/接头/异径接头/大小头
METAL-000156	异径接头/大小头	不锈钢异径接头 1.5寸/1.2寸	材质：304不锈钢；接口：双外丝；规格：1.5寸/1.2寸	只	只	来源单位一致		304不锈钢双外丝变径1.5寸/1.2寸；不锈钢双外丝变径接头	形态：异径		METAL-000156	1		保留材质、接口和规格；形态异径为默认删除	管材管件阀门/直接/接头/异径接头/大小头
METAL-000155	异径接头/大小头	不锈钢异径接头 2寸/1.5寸	材质：304不锈钢；接口：双外丝；规格：2寸/1.5寸	只	只	来源单位一致		304不锈钢双外丝变径2寸/1.5寸；不锈钢双外丝变径接头	形态：异径		METAL-000155	1		保留材质、接口和规格；形态异径为默认删除	管材管件阀门/直接/接头/异径接头/大小头
METAL-000157	异径接头/大小头	不锈钢异径接头 6分/4分	材质：304不锈钢；接口：外丝；规格：6分/4分	只	只	来源单位一致		304不锈钢外丝变径6分/4分；不锈钢外丝变径接头	形态：异径		METAL-000157	1		保留材质、接口和规格；形态异径为默认删除；与METAL-000135材质不同（304 vs 不锈钢），不合并	管材管件阀门/直接/接头/异径接头/大小头
METAL-000135	异径接头/大小头	不锈钢异径接头 6分/4分	材质：不锈钢；接口：外丝；规格：6分/4分	只	只	来源单位一致		不锈钢外螺纹对丝变径6分变4分；不锈钢变径对丝	形态：异径		METAL-000135	1		保留材质、接口和规格；形态异径为默认，删除；压力等级缺失未补	管材管件阀门/直接/接头/异径接头/大小头
PIPE-000171	异径接头/大小头	碳钢异径接头 80*50	材质：碳钢；连接：焊接；规格：80*50	个	个	来源单位一致		80*50大小头；异径接头	形态：异径	材质：碳钢；连接：焊接（常见工业大小头）	PIPE-000171	1		保留规格；材质和连接缺失，按常见推断为碳钢焊接	管材管件阀门/直接/接头/异径接头/大小头
PIPE-000436	异径接头/大小头	碳钢焊接异径接头 150/2寸	材质：碳钢；连接：焊接；规格：150/2寸	只	只	来源单位一致		焊接变径接头150/2寸；焊接变径接头	形态：异径	材质：碳钢（常见焊接大小头材质）	PIPE-000436	1		保留连接和规格；材质缺失，按常见推断为碳钢；规格混合单位保留原样	管材管件阀门/直接/接头/异径接头/大小头
PIPE-000437	异径接头/大小头	碳钢焊接异径接头 150/3寸	材质：碳钢；连接：焊接；规格：150/3寸	只	只	来源单位一致		焊接变径接头150/3寸；焊接变径接头	形态：异径	材质：碳钢（常见焊接大小头材质）	PIPE-000437	1		保留连接和规格；材质缺失，按常见推断为碳钢	管材管件阀门/直接/接头/异径接头/大小头
PIPE-000101	异径接头/大小头	碳钢焊接异径接头 159*89	材质：碳钢；连接：焊接；规格：159*89	个	个	来源单位一致		焊接159*89大小头；焊接异径接头	形态：异径	材质：碳钢（常见焊接大小头材质）	PIPE-000101	1		保留连接和规格；材质缺失，按常见推断为碳钢；形态异径为默认删除	管材管件阀门/直接/接头/异径接头/大小头
PIPE-000241	异径接头/大小头	碳钢焊接异径接头 168*60	材质：碳钢；连接：焊接；规格：168*60	个	个	来源单位一致		168*60焊接大小头；焊接异径接头	形态：异径	材质：碳钢（常见焊接大小头材质）	PIPE-000241	1		保留连接和规格；材质缺失，按常见推断为碳钢	管材管件阀门/直接/接头/异径接头/大小头
PIPE-000240	异径接头/大小头	碳钢焊接异径接头 168*89	材质：碳钢；连接：焊接；规格：168*89	个	个	来源单位一致		168*89焊接大小头；焊接异径接头	形态：异径	材质：碳钢（常见焊接大小头材质）	PIPE-000240	1		保留连接和规格；材质缺失，按常见推断为碳钢	管材管件阀门/直接/接头/异径接头/大小头
PIPE-000165	异径接头/大小头	碳钢焊接异径接头 273*168	材质：碳钢；连接：焊接；规格：273*168	个	个	来源单位一致		273*168焊接大小头；焊接异径接头	形态：异径	材质：碳钢（常见焊接大小头材质）	PIPE-000165	1		保留连接和规格；材质缺失，按常见推断为碳钢	管材管件阀门/直接/接头/异径接头/大小头
PIPE-000480	异径接头/大小头	碳钢焊接异径接头 325/159	材质：碳钢；连接：焊接；规格：325/159	只	只	来源单位一致		焊接变径接头325/159；焊接变径接头	形态：异径	材质：碳钢（常见焊接大小头材质）	PIPE-000480	1		保留连接和规格；材质缺失，按常见推断为碳钢	管材管件阀门/直接/接头/异径接头/大小头
PIPE-000419	异径接头/大小头	镀锌内丝异径接头 25变20	材质：镀锌碳钢；接口：内丝；规格：25变20	只	只	来源单位一致		25变20内丝直接；内丝变径直接	形态：异径	材质：镀锌碳钢（常见内丝接头材质）	PIPE-000419	1		保留接口和规格；材质缺失，按常见推断为镀锌碳钢	管材管件阀门/直接/接头/异径接头/大小头
PIPE-000153	异径接头/大小头	镀锌异径接头 100*50	材质：镀锌碳钢；连接：螺纹；规格：100*50	个	个	来源单位一致		100*50镀锌大小头；镀锌异径接头	形态：异径	材质：碳钢镀锌（表面镀锌）；连接方式：螺纹（镀锌管件常见连接）	PIPE-000153	1		保留规格；材质和连接缺失，按常见推断为镀锌碳钢螺纹连接；表面镀锌并入材质	管材管件阀门/直接/接头/异径接头/大小头
PIPE-000456	异径接头/大小头	镀锌异径接头 1寸/6分	材质：镀锌碳钢；连接：螺纹；规格：1寸/6分	只	只	来源单位一致		镀锌大小头1寸/6分；镀锌变径接头	形态：异径	材质：镀锌碳钢（表面镀锌）；连接方式：螺纹（镀锌管件常见）	PIPE-000456	1		保留规格；材质和连接缺失，按常见推断为镀锌碳钢螺纹连接	管材管件阀门/直接/接头/异径接头/大小头
PIPE-000077	堵头/管帽	堵头/管帽 25	材质：镀锌；规格：25	个	个	来源单位一致		25镀锌堵头；镀锌堵头	形态：封堵	材质缺失，根据表面镀锌推断材质为镀锌	PIPE-000077	1		删除默认形态，保留表面镀锌作为材质	管材管件阀门/直接/接头/堵头/管帽
PIPE-000143	堵头/管帽	堵头/管帽 300（定制）	规格：300；定制：是	套	套	来源单位一致		定做300堵头；堵头	形态：封堵	定制件，材质和压力等级按图采购	PIPE-000143	1		删除默认形态，保留定制标志	管材管件阀门/直接/接头/堵头/管帽
PIPE-000011	堵头/管帽	堵头/管帽 4分	材质：镀锌；规格：4分	个	个	来源单位一致		4分堵头；堵头	形态：封堵	材质缺失，按常见镀锌堵头推断	PIPE-000011	1		删除默认形态，补全材质为镀锌	管材管件阀门/直接/接头/堵头/管帽
PIPE-000012	堵头/管帽	堵头/管帽 6分	材质：镀锌；规格：6分	个	个	来源单位一致		6分堵头；堵头	形态：封堵	材质缺失，按常见镀锌堵头推断	PIPE-000012	1		删除默认形态，补全材质为镀锌	管材管件阀门/直接/接头/堵头/管帽
PIPE-000406	堵头/管帽	堵头/管帽 PPR 20mm	材质：PPR；规格：20mm	只	只	来源单位一致		PPR20mm闷头；PPR堵头	形态：封堵		PIPE-000406	1	规格20mm与4分实际对应，疑似重复	删除默认形态，保留材质和规格	管材管件阀门/直接/接头/堵头/管帽
PIPE-000407	堵头/管帽	堵头/管帽 PPR 25mm	材质：PPR；规格：25mm	只	只	来源单位一致		PPR25mm闷头；PPR堵头	形态：封堵		PIPE-000407	1	规格25mm与6分实际对应，疑似重复	删除默认形态，保留材质和规格	管材管件阀门/直接/接头/堵头/管帽
PIPE-000404	堵头/管帽	堵头/管帽 PPR 4分	材质：PPR；规格：4分	只	只	来源单位一致		PPR4分堵头；PPR堵头	形态：封堵		PIPE-000404	1	规格4分与20mm实际对应，疑似重复	删除默认形态，保留材质和规格	管材管件阀门/直接/接头/堵头/管帽
PIPE-000405	堵头/管帽	堵头/管帽 PPR 6分	材质：PPR；规格：6分	只	只	来源单位一致		PPR6分堵头；PPR堵头	形态：封堵		PIPE-000405	1	规格6分与25mm实际对应，疑似重复	删除默认形态，保留材质和规格	管材管件阀门/直接/接头/堵头/管帽
PIPE-000020	补心	补心 75*50	规格：75*50；材质：PVC	个	个	来源单位一致		排水异径补心	类型：补心/异径	材质根据排水应用推断为PVC；规格从原始字段提取	PIPE-000020	1		保留规格和材质（推断），删除品牌误写和冗余类型	管材管件阀门/直接/接头/补心
PIPE-000298	补心	补心 80*65	规格：80*65；材质：可锻铸铁；表面处理：镀锌	个	个	来源单位一致		80*65镀锌补心；镀锌补心	类型：补心	材质根据镀锌处理推断为可锻铸铁；规格从原始字段提取	PIPE-000298	1		保留规格、材质（推断）和表面处理，删除冗余类型	管材管件阀门/直接/接头/补心
PIPE-000169	活接	活接 DN50 镀锌	材质：镀锌；规格/口径：DN50	个	个	来源单位一致		50镀锌活接；镀锌活接	类型：活接；连接方式：螺纹（默认）	材质按表面处理推断为镀锌，基材默认可锻铸铁；连接方式默认为螺纹	PIPE-000169	1		保留口径和材质，删除默认的类型和连接方式，别名保留	管材管件阀门/直接/接头/活接
PIPE-000009	直接/直通	PPR内丝直接 25*4分	材质：PPR；接口：内丝；规格：25*4分	个	个	来源单位一致		PPR内牙直通	形态：直通；类型：直通；连接方式：热熔		PIPE-000009	1		内牙统一为内丝，异径规格保留	管材管件阀门/直接/接头/直接/直通
PIPE-000084	直接/直通	PPR外丝直接 25	材质：PPR；接口：外丝；规格：25	个	个	来源单位一致		PPR外牙直通	形态：直通；类型：直通；连接方式：热熔		PIPE-000084	1		外牙统一为外丝	管材管件阀门/直接/接头/直接/直通
PIPE-000215	直接/直通	PPR外丝直接 63	材质：PPR；接口：外丝；规格：63	个	个	来源单位一致		63PPR外接直通；PPR外接直通	形态：直通；类型：直通；连接方式：热熔		PIPE-000215	1		外接统一为外丝	管材管件阀门/直接/接头/直接/直通
PIPE-000119	直接/直通	PPR直接 200	材质：PPR；规格：200	个	个	来源单位一致		200PPR接头；PPR接头	形态：直通；连接方式：热熔		PIPE-000119	1		接头形式缺失，按直通处理	管材管件阀门/直接/接头/直接/直通
PIPE-000002	直接/直通	PPR直接 25	材质：PPR；规格：25	个	个	来源单位一致		PPR直通；PPR接头	形态：直通；类型：直通；连接方式：热熔		PIPE-000002；PIPE-000082；PIPE-000117	3	相同标准SKU和关键规格	公称为公称误写，品牌删除；删除默认形态和连接方式；接头形式缺失，按直通处理，与PIPE-000002合并；与PIPE-000002合并	管材管件阀门/直接/接头/直接/直通
PIPE-000464	直接/直通	PPR直接 32	材质：PPR；规格：32	个	个	来源单位一致		PPR直接	形态：直通；类型：直接；连接方式：热熔		PIPE-000464	1		删除默认字段	管材管件阀门/直接/接头/直接/直通
PIPE-000088	直接/直通	PPR直接 4分	材质：PPR；规格：4分	个	个	来源单位一致		4分热熔接头；PPR热熔接头	形态：直通；连接方式：热熔		PIPE-000088	1		热熔为PPR默认连接，删除	管材管件阀门/直接/接头/直接/直通
PIPE-000211	直接/直通	PPR直接 63	材质：PPR；规格：63	个	个	来源单位一致		63PPR直通；PPR直通	形态：直通；类型：直通；连接方式：热熔		PIPE-000211；PIPE-000273	2	相同标准SKU和关键规格	删除默认字段；与PIPE-000211合并	管材管件阀门/直接/接头/直接/直通
PIPE-000097	直接/直通	PVC直接 110	材质：PVC；规格：110	个	个	来源单位一致		直通；PVC直接	形态：直通；连接方式：胶粘/承插；类型：直接	材质缺失，按常见110规格推断为PVC	PIPE-000097；PIPE-000416	2	相同标准SKU和关键规格	材质缺失，推断为PVC；品牌删除；与PIPE-000097合并	管材管件阀门/直接/接头/直接/直通
PIPE-000458	直接/直通	PVC直接 200	材质：PVC；规格：200	个	个	来源单位一致		PVC管Φ200直接；PVC直接	形态：直通；类型：直接；连接方式：胶粘/承插		PIPE-000458	1		删除默认连接方式	管材管件阀门/直接/接头/直接/直通
PIPE-000371	直接/直通	PVC直接 315	材质：PVC；规格：315	个	个	来源单位一致		PVC直接	形态：直通；连接方式：胶粘/承插		PIPE-000371	1		删除默认连接方式	管材管件阀门/直接/接头/直接/直通
PIPE-000067	直接/直通	PVC直接 75	材质：PVC；规格：75	个	个	来源单位一致		PVC直通；PVC直接	形态：直通；连接方式：胶粘/承插；类型：直接		PIPE-000067；PIPE-000417	2	相同标准SKU和关键规格	公称为公称误写，品牌删除；删除默认连接方式；与PIPE-000067合并	管材管件阀门/直接/接头/直接/直通
PIPE-000427	直接/直通	UPVC直接 25	材质：UPVC；规格：25	个	个	来源单位一致		UPVC直接	形态：直通；类型：直接；连接方式：胶粘/承插		PIPE-000427	1		删除默认字段	管材管件阀门/直接/接头/直接/直通
PIPE-000070	直接/直通	UPVC直接 32	材质：UPVC；规格：32	个	个	来源单位一致		32直通；UPVC直通	形态：直通；类型：直通；连接方式：胶粘/承插		PIPE-000070	1		删除默认形态和连接方式	管材管件阀门/直接/接头/直接/直通
PIPE-000031	直接/直通	不锈钢内丝直接 4分	材质：不锈钢；接口：内丝；规格：4分	个	个	来源单位一致		4分不锈钢内接；不锈钢内接	形态：直通；连接方式：内接		PIPE-000031	1		内接统一为内丝，删除默认形态	管材管件阀门/直接/接头/直接/直通
METAL-000134	直接/直通	不锈钢外丝直接 4分	材质：不锈钢；接口：外丝；规格：4分	个	个	来源单位一致		不锈钢外螺纹对接头4分；不锈钢外螺纹对接头；4分不锈钢外接；不锈钢外接	形态：直通；连接方式：外接		METAL-000134；PIPE-000032	2		外螺纹统一为外丝，删除默认形态；外接统一为外丝，删除默认形态	管材管件阀门/直接/接头/直接/直通
METAL-000136	直接/直通	不锈钢外丝直接 6分	材质：不锈钢；接口：外丝；规格：6分	个	个	来源单位一致		不锈钢外螺纹对接头6分；不锈钢外螺纹对接头	形态：直通		METAL-000136	1		外螺纹统一为外丝，删除默认形态	管材管件阀门/直接/接头/直接/直通
PIPE-000309	直接/直通	注浆管直接 通用	用途：注浆；部件：管头/接头	个	个	来源单位一致		注浆管头子；注浆管接头		规格缺失，无法确定具体尺寸，暂用通用名	PIPE-000309	1		缺失核心规格，保留原始信息	管材管件阀门/直接/接头/直接/直通
PIPE-000448	直接/直通	铜内丝直接 20	材质：铜；接口：内丝；规格：20	个	个	来源单位一致		铜内丝管接20；铜内丝管接	形态：直通		PIPE-000448	1		删除默认形态	管材管件阀门/直接/接头/直接/直通
PIPE-000430	直接/直通	镀锌内丝直接 2寸	材质：镀锌；接口：内丝；规格：2寸	个	个	来源单位一致		镀锌内丝直接头2寸；镀锌内丝直接2寸；镀锌内丝直接	形态：直通；类型：直接		PIPE-000430；PIPE-000484	2	相同标准SKU和关键规格	与PIPE-000484合并；与PIPE-000430合并	管材管件阀门/直接/接头/直接/直通
PIPE-000413	直接/直通	镀锌内丝直接 3寸	材质：镀锌；接口：内丝；规格：3寸	个	个	来源单位一致		3寸镀锌内丝直接；镀锌内丝直接头3寸；镀锌内丝直接	形态：直通；类型：直接		PIPE-000413	1		删除默认字段	管材管件阀门/直接/接头/直接/直通
PIPE-000470	直接/直通	镀锌内丝直接 4分	材质：镀锌；接口：内丝；规格：4分	个	个	来源单位一致		镀锌4分内丝直接头；内丝直接	形态：直通；类型：直接		PIPE-000470	1		删除默认字段	管材管件阀门/直接/接头/直接/直通
PIPE-000412	直接/直通	镀锌内丝直接 4寸	材质：镀锌；接口：内丝；规格：4寸	个	个	来源单位一致		4寸镀锌内丝直接；镀锌内丝直接	形态：直通；类型：直接		PIPE-000412	1		删除默认字段	管材管件阀门/直接/接头/直接/直通
PIPE-000486	直接/直通	镀锌内丝直接 6分	材质：镀锌；接口：内丝；规格：6分	个	个	来源单位一致		镀锌内丝直接6分；镀锌内丝直接	形态：直通		PIPE-000486	1		删除默认形态	管材管件阀门/直接/接头/直接/直通
PIPE-000209	直接/直通	镀锌内丝直接 80	材质：镀锌；接口：内丝；规格：80	个	个	来源单位一致		80内丝直通；内丝直通	形态：直通；类型：直通	材质缺失，按常见内丝直通推断为镀锌	PIPE-000209	1		材质推断为镀锌	管材管件阀门/直接/接头/直接/直通
PIPE-000483	直接/直通	镀锌外丝六角直接 2寸	材质：镀锌；接口：外丝；规格：2寸；结构：六角	个	个	来源单位一致		镀锌外丝六角直接2寸；镀锌外丝六角直接	形态：直通		PIPE-000483	1		六角结构保留	管材管件阀门/直接/接头/直接/直通
PIPE-000455	直接/直通	镀锌外丝直接 1寸*100mm	材质：镀锌；接口：外丝；规格：1寸；长度：100mm	个	个	来源单位一致		镀锌外丝直接1寸*100mm；镀锌外丝直接	形态：直通		PIPE-000455	1		长度保留	管材管件阀门/直接/接头/直接/直通
PIPE-000429	直接/直通	镀锌外丝直接 2寸	材质：镀锌；接口：外丝；规格：2寸	个	个	来源单位一致		镀锌外丝直接头2寸；镀锌外丝直接2寸；镀锌外丝直接	形态：直通；类型：直接		PIPE-000429	1		删除默认字段	管材管件阀门/直接/接头/直接/直通
PIPE-000442	直接/直通	镀锌外丝直接 2寸*150mm	材质：镀锌；接口：外丝；规格：2寸；长度：150mm	个	个	来源单位一致		镀锌外丝直接2寸/150mm；镀锌外丝直接	形态：直通；类型：直接		PIPE-000442	1		长度保留，与无长度版本区分	管材管件阀门/直接/接头/直接/直通
PIPE-000428	直接/直通	镀锌外丝直接 3寸	材质：镀锌；接口：外丝；规格：3寸	个	个	来源单位一致		镀锌外丝直接头3寸；镀锌外丝直接	形态：直通；类型：直接		PIPE-000428	1		删除默认字段	管材管件阀门/直接/接头/直接/直通
PIPE-000112	直接/直通	镀锌外丝直接 4分	材质：镀锌；接口：外丝；规格：4分	个	个	来源单位一致		4分外接头；外接头；镀锌外丝直接4分；镀锌外丝直接	形态：直通；类型：直接	材质缺失，按常见外接头推断为镀锌	PIPE-000112；PIPE-000439	2	相同标准SKU和关键规格	材质推断为镀锌，外接头统一为外丝；与PIPE-000112合并	管材管件阀门/直接/接头/直接/直通
PIPE-000142	直接/直通	镀锌外丝直接 50	材质：镀锌；接口：外丝；规格：50	个	个	来源单位一致		50镀锌外接；镀锌外接头	形态：直通		PIPE-000142	1		外接统一为外丝	管材管件阀门/直接/接头/直接/直通
PIPE-000140	直接/直通	镀锌外丝直接 50*40	材质：镀锌；接口：外丝；规格：50*40	个	个	来源单位一致		50*40镀锌外丝；镀锌外丝接头	形态：直通	材质缺失，按镀锌表面推断	PIPE-000140	1		异径规格保留，材质推断为镀锌	管材管件阀门/直接/接头/直接/直通
PIPE-000451	直接/直通	镀锌外丝直接 6分*100mm	材质：镀锌；接口：外丝；规格：6分；长度：100mm	个	个	来源单位一致		镀锌外丝直接6分*100mm；镀锌外丝直接	形态：直通		PIPE-000451	1		长度保留	管材管件阀门/直接/接头/直接/直通
PIPE-000243	直接/直通	镀锌外丝直接 DN80	材质：镀锌；接口：外丝；规格：DN80	个	个	来源单位一致		DN80镀锌外丝；镀锌外丝接头	形态：直通		PIPE-000243	1		公称直径保留	管材管件阀门/直接/接头/直接/直通
PIPE-000141	直接/直通	镀锌直接 50	材质：镀锌；规格：50	个	个	来源单位一致		50镀锌直通；镀锌直通	形态：直通	连接方式缺失，按普通直通处理	PIPE-000141	1		连接方式缺失，不添加默认	管材管件阀门/直接/接头/直接/直通
PIPE-000188	快速接头	快速接头 325	规格口径：325；连接形式：双卡	个	个	来源单位一致		双卡325管道连接器；双卡管道连接器			PIPE-000188	1		保留已有规格口径325和连接方式双卡；材质缺失未补，不影响初始SKU判断。	管材管件阀门/直接/接头/快速接头
PIPE-000489	快速接头	快速接头 DN50	材质：铝合金；公称通径：DN50	套	套	来源单位一致		铝合金快速接头DN50；铝合金快速接头			PIPE-000489	1		保留材质铝合金和公称通径DN50；接口形式和压力等级缺失未补。	管材管件阀门/直接/接头/快速接头
PIPE-000247	接头	铜接头 DN50 加厚	材质：铜；规格/口径：DN50；特征：加厚；连接方式：螺纹	个	个	来源单位一致		DN50厚铜头；加厚铜接头；铜接头		连接方式缺失，按常见工业铜接头推断为螺纹连接	PIPE-000247	1		原始缺失连接方式，补充螺纹作为默认；材质和口径明确，加厚特征保留	管材管件阀门/直接/接头/接头
PIPE-000246	接头	铜接头 DN80 加厚	材质：铜；规格/口径：DN80；特征：加厚；连接方式：螺纹	个	个	来源单位一致		DN80厚铜头；加厚铜接头；铜接头		连接方式缺失，按常见工业铜接头推断为螺纹连接	PIPE-000246	1		原始缺失连接方式，补充螺纹作为默认；材质和口径明确，加厚特征保留	管材管件阀门/直接/接头/接头
PIPE-000409	管箍	管箍 4寸	规格/口径：4寸；材质：镀锌钢	只	只	来源单位一致		4寸管箍;管箍	连接方式：螺纹	根据4寸常见管箍材质为镀锌钢推断	PIPE-000409	1		缺失材质，按常用镀锌钢补齐；连接方式默认螺纹，移除	管材管件阀门/直接/接头/管箍
MAT-000057	喷头	雾化喷头 G1/2	类型：雾化；接口尺寸：G1/2；材质：黄铜	个	个	来源单位一致		加湿雾化喷头；雾化喷头	用途：加湿；功能：雾化	根据常见雾化喷头规格，默认使用G1/2接口，黄铜材质	MAT-000057	1		保留类型（雾化），补充接口尺寸和材质为常见值；删除用途和功能描述	管材管件阀门/管道辅材/喷头
MAT-000043	生料带	生料带	宽度：12mm；长度：10m	个	个	来源单位一致		生料带	用途：管螺纹密封；类型：生料带；类型：密封带	宽度和长度缺失，按最常见标准生料带12mm×10m补齐	MAT-000043；SPARE-000008	2	规格推断相同，标品形态和用途一致；与MAT-000043规格推断相同，标品形态和用途一致	默认用途和类型删除；宽度长度按常见规格补齐	管材管件阀门/管道辅材/生料带
PIPE-000239	生料带	生料带 加厚	材质：PE；厚度：加厚；宽度：12mm；长度：10m	个	个	来源单位一致		加厚生料带；生料带	用途：管螺纹密封	宽度和长度按常见加厚生料带12mm×10m补齐，厚度和材质从原始提取	PIPE-000239	1		保留材质PE和加厚特征；默认用途删除；宽度长度按常见补齐	管材管件阀门/管道辅材/生料带
PIPE-000001	直管	PPR直管 25	材质：PPR；规格/口径：25	米	米	来源单位一致		PPR管	形态：直管		PIPE-000001；PIPE-000081	2	相同标准SKU名称和关键规格	将规范为公称直径，删除形态和默认连接方式；规范与PIPE-000001重复	管材管件阀门/管材/直管
PIPE-000029	直管	PPR直管 32	材质：PPR；规格/口径：32	米	米	来源单位一致		32PPR给水管；PPR给水管；PPR管	用途：给水；形态：直管		PIPE-000029；PIPE-000461	2	相同标准SKU名称和关键规格	删除用途：给水（默认）和形态；规范与PIPE-000029重复	管材管件阀门/管材/直管
PIPE-000212	直管	PPR直管 63	材质：PPR；规格/口径：63	米	米	来源单位一致		63PPR管；PPR管	形态：直管		PIPE-000212；PIPE-000275	2	相同标准SKU名称和关键规格	删除形态；规范与PIPE-000212重复	管材管件阀门/管材/直管
PIPE-000087	直管	PPR直管 DN15	材质：PPR；规格/口径：DN15	米	米	来源单位一致		4分PPR热融管；PPR热熔管	连接：热熔；形态：直管	规格4分转换为公称直径DN15	PIPE-000087	1		将4分转换为DN15，删除默认连接热熔	管材管件阀门/管材/直管
PIPE-000118	直管	PPR直管 DN200	材质：PPR；规格/口径：DN200	米	米	来源单位一致		DN200PPR管；PPR管	形态：直管		PIPE-000118；PIPE-000258	2	相同标准SKU名称和关键规格	删除形态；规范与PIPE-000118重复	管材管件阀门/管材/直管
PIPE-000465	直管	PVC直管 100	材质：PVC；规格/口径：100	米	米	来源单位一致		PVC管	形态：直管		PIPE-000465	1		规范删除形态	管材管件阀门/管材/直管
PIPE-000415	直管	PVC直管 110	材质：PVC；规格/口径：110	米	米	来源单位一致		PVC管	形态：直管		PIPE-000415	1		规范删除形态	管材管件阀门/管材/直管
PIPE-000091	直管	PVC直管 40	材质：PVC；规格/口径：40	米	米	来源单位一致		PVC给水管	用途：给水；形态：直管		PIPE-000091	1		规范删除用途给水	管材管件阀门/管材/直管
PIPE-000279	直管	PVC直管 50	材质：PVC；规格/口径：50；特征：加厚耐磨	米	米	来源单位一致		50加厚耐磨水管；耐磨水管	用途/介质：水；形态：直管	材质按常见加厚水管推断为PVC	PIPE-000279	1		缺失材质，按常见加厚水管推断为PVC；保留特征加厚耐磨	管材管件阀门/管材/直管
PIPE-000414	直管	PVC直管 75	材质：PVC；规格/口径：75	米	米	来源单位一致		PVC管	形态：直管		PIPE-000414	1		规范删除形态	管材管件阀门/管材/直管
PIPE-000422	直管	UPVC直管 25	材质：UPVC；规格/口径：25；用途：饮水	米	米	来源单位一致		UPVC饮水管	形态：直管		PIPE-000422	1		规范保留用途饮水（特殊要求）	管材管件阀门/管材/直管
PIPE-000068	直管	UPVC直管 32	材质：UPVC；规格/口径：32	米	米	来源单位一致		UPVC给水管	用途：给水；形态：直管		PIPE-000068	1		规范删除用途给水	管材管件阀门/管材/直管
PIPE-000308	直管	镀锌直管 DN100	材质：镀锌；规格/口径：DN100；压力等级/工况：高压	米	米	来源单位一致		100高压水管；高压水管	用途：高压水；用途/介质：水；形态：直管	材质按常见高压水管推断为镀锌	PIPE-000308	1		缺失材质，按高压水管推断为镀锌；保留压力等级高压	管材管件阀门/管材/直管
PIPE-000162	波纹管	波纹管 DN20	公称直径：20	米	米	来源单位一致		20波纹管；波纹管			PIPE-000162	1		保留公称直径20作为唯一核心规格；材质、壁厚等未提供，按常用口径生成初始SKU。	管材管件阀门/管材/波纹管
PIPE-000219	水带	水带 50	规格/口径：50；材质：橡胶；特征：加厚	米	米	来源单位一致		50加厚橡胶水带；橡胶水带			PIPE-000219	1		按口径50生成标准名称，保留材质和加厚特征，压力等级缺失未强制补全。	管材管件阀门/管材/水带
PIPE-000304	水带	水带 65	规格/口径：65；材质：橡胶；特征：加厚；压力等级：高压	米	米	来源单位一致		65加厚蓝色胶水带；高压胶水带	颜色：蓝色；用途/介质：水		PIPE-000304	1		按口径65生成标准名称，保留材质、加厚和压力等级，删除默认的蓝色和用途。	管材管件阀门/管材/水带
PIPE-000475	水带	水带 80	规格/口径：80；压力等级：高压	米	米	来源单位一致		高压水带Φ80；高压水带			PIPE-000475	1		按口径80生成标准名称，保留压力等级，材质缺失未强制补全。	管材管件阀门/管材/水带
PIPE-000085	注浆管	注浆管 DN25	规格/口径：DN25；材质：碳钢	米	米	来源单位一致		DN25注浆管；注浆管		原始规格缺失材质，按常用碳钢注浆管推断；缺失压力等级，未强制要求。	PIPE-000085	1		保留口径和材质作为最小规格，避免采购错误；单位沿用米；别名保留原备注。	管材管件阀门/管材/注浆管
PIPE-000370	注浆管	注浆管套装 DN25 5米	规格/口径：DN25；长度：5米；套装：含配件	套	套	来源单位一致		注浆管5米带配件；注浆管套装		原始缺失管径，按常见DN25注浆管套装推断；材质和压力等级未强制要求。	PIPE-000370	1		保留长度和套装属性，推断口径为DN25，单位套；别名保留。	管材管件阀门/管材/注浆管
PIPE-000288	软接头	软接头 4寸 橡胶	规格：4寸；材质：橡胶；连接方式：胶接	套	套	来源单位一致		4寸胶接头；胶接头		原始规格缺失压力等级、接口形式，未补全，保留现有信息作为初始SKU。	PIPE-000288	1		保留原始规格、材质和连接方式；材质胶规范为橡胶；连接方式胶接非默认，需保留；压力等级、接口形式缺失，未补全。	管材管件阀门/直接/接头/软接头
PIPE-000231	软管	软管 38mm 钢丝增强	规格口径：38mm；结构：钢丝增强；材质：PVC	米	米	来源单位一致		38钢丝管；钢丝软管	形态：软管	材质按常见钢丝软管推断为PVC；规格38mm来自原始	PIPE-000231	1		保留规格、结构，补全材质	管材管件阀门/管材/软管
PIPE-000026	软管	软管 DN15 40cm 金属	规格口径：DN15；长度：40cm；材质：金属	根	根	来源单位一致		40公分金属软管；金属软管	形态：软管	规格口径按常见水暖连接软管推断为DN15；长度单位源自原始'40公分'	PIPE-000026	1		保留材质和长度，补全口径	管材管件阀门/管材/软管
PIPE-000038	软管	软管 DN15 60cm 金属	规格口径：DN15；长度：60cm；材质：金属	根	根	来源单位一致		4分*60金属软管；金属软管	形态：软管	长度单位根据常见推断为cm	PIPE-000038	1		保留规格、长度、材质	管材管件阀门/管材/软管
PIPE-000025	软管	软管 DN15 80cm 金属	规格口径：DN15；长度：80cm；材质：金属	根	根	来源单位一致		80公分金属软管；金属软管	形态：软管	规格口径按常见水暖连接软管推断为DN15；长度单位源自原始'80公分'	PIPE-000025	1		保留材质和长度，补全口径	管材管件阀门/管材/软管
PIPE-000453	软管	软管 DN25 PVC钢丝增强	规格口径：DN25；材质：PVC；结构：钢丝增强	米	米	来源单位一致		PVC钢丝软管1寸；PVC钢丝软管	形态：软管		PIPE-000453	1	与PIPE-000086规格、结构相同，材质均为PVC，疑似重复	保留规格、材质、结构	管材管件阀门/管材/软管
PIPE-000179	软管	软管 DN25 透明	规格口径：DN25；特征：透明；材质：PVC	米	米	来源单位一致		25透明管；透明软管	形态：软管	材质按常见透明软管推断为PVC	PIPE-000179	1		保留规格、特征，补全材质	管材管件阀门/管材/软管
PIPE-000086	软管	软管 DN25 钢丝增强	规格口径：DN25；结构：钢丝增强；材质：PVC	米	米	来源单位一致		1寸钢丝增强管；钢丝增强管；25钢丝管；钢丝软管	形态：软管	材质按常见PVC钢丝增强软管推断；材质按常见钢丝软管推断为PVC；规格25视为DN25	PIPE-000086；PIPE-000195；PIPE-000311	3	与PIPE-000453规格、结构相同，材质均推PVC，疑似重复；与PIPE-000311规格、结构相同，单位相同，疑似重复；与PIPE-000195规格、结构相同，单位相同，疑似重复	保留规格、结构，补全材质	管材管件阀门/管材/软管
PIPE-000134	软管	软管 DN50 透明钢丝增强	规格口径：DN50；结构：钢丝增强；特征：透明、加厚；材质：PVC	米	米	来源单位一致		50加厚透明钢丝管；透明钢丝软管	形态：软管	材质按常见透明钢丝软管推断为PVC；加厚为定性描述保留	PIPE-000134	1		保留规格、结构、特征，补全材质	管材管件阀门/管材/软管
PIPE-000270	软连接	软连接 65*40 法兰	两端口径：65*40；连接方式：法兰	个	个	来源单位一致		65*40法兰软连接；法兰软连接	形态：软连接		PIPE-000270	1		保留两端口径和连接方式，删除默认形态描述；材质、压力等级、长度缺失未补齐。	管材管件阀门/软连接/软连接
PIPE-000271	软连接	软连接 65*50 法兰	两端口径：65*50；连接方式：法兰	个	个	来源单位一致		65*50法兰软连接；法兰软连接	形态：软连接		PIPE-000271	1		保留两端口径和连接方式，删除默认形态描述；材质、压力等级、长度缺失未补齐。	管材管件阀门/软连接/软连接
METAL-000158	排气阀	不锈钢排气阀 DN20	材质：不锈钢；规格/口径：DN20；压力等级：PN16	只	只	来源单位一致		不锈钢大帽排气阀；不锈钢排气阀		规格/口径和压力等级缺失，基于常见小口径排气阀（DN20，PN16）推断	METAL-000158	1		缺失规格和压力等级，根据常见使用场景推断DN20和PN16；大帽特征移入别名	管材管件阀门/阀门/排气阀
METAL-000071	刀阀	不锈钢刀阀 DN150	材质：不锈钢；公称直径：DN150；压力等级：PN16；连接方式：对夹式	个	个	来源单位一致		150不锈钢刀阀；不锈钢刀阀；DN150刀阀；刀阀		压力等级/连接方式缺失，按常见刀阀参数推断（压力等级PN16，连接方式对夹式）；材质/压力等级/连接方式缺失，参照同组SKU（METAL-000071）及常见刀阀参数，推断为不锈钢、PN16、对夹式	METAL-000071；PIPE-000295	2	标准SKU名称和最小关键规格一致，疑似同一物料的不同录入	补充缺失的压力等级和连接方式，保留材质和直径；补齐缺失的材质、压力等级、连接方式，使其与同组SKU一致	管材管件阀门/阀门/刀阀
PIPE-000099	集水斗	集水斗 110 方形	规格/口径：110；形状：方形	个	个	来源单位一致		方形集水斗		原始字段缺失材质，但形状和口径明确，故暂不补材质，作为初始常用SKU。	PIPE-000099	1		保留规格口径和形状，删除品牌误写（公称应为公称），未提供连接方式、材质，暂不补以免推测错误。	管材管件阀门/管道辅材/集水斗
PIPE-000186	Y型过滤器	Y型过滤器 DN80 法兰	公称直径：DN80；连接：法兰	个	个	来源单位一致		80Y型法兰过滤器；Y型法兰过滤器	结构：Y型	材质未指定，按常见采购习惯默认碳钢（WCB）	PIPE-000186	1		物料名为Y型过滤器，结构默认；连接方式保留以避免法兰/螺纹混淆；材质缺失，根据常见类型默认碳钢。	管材管件阀门/过滤器/水处理附件/Y型过滤器
PIPE-000044	安全阀	安全阀 DN15	公称通径：DN15	个	个	来源单位一致		热水器安全阀	用途：热水器；类型：安全阀	"热水器安全阀通常为DN15（1/2""）口径"	PIPE-000044	1		原始缺失规格口径，根据常见热水器安全阀口径推断为DN15；删除用途和类型字段避免冗余。	管材管件阀门/阀门/安全阀
PIPE-000447	安全阀	安全阀 DN20	结构：弹簧式；公称通径：DN20	个	个	来源单位一致		弹簧式安全阀DN20；弹簧式安全阀			PIPE-000447	1		保留结构和公称通径关键字段。	管材管件阀门/阀门/安全阀
PIPE-000369	安全阀	安全阀 DN32	结构：弹簧式；公称通径：DN32	个	个	来源单位一致		弹簧式安全阀A28H-64-DN32；弹簧式安全阀	型号：A28H-64		PIPE-000369	1		保留结构和公称通径关键字段，型号作为别名处理。	管材管件阀门/阀门/安全阀
PIPE-000460	截止阀	PPR截止阀 32	材质：PPR；规格/口径：32；压力等级：1.6MPa	个	个	来源单位一致		PPR截止阀	连接方式：热熔；类型：截止阀	压力等级按PPR截止阀常见规格推断为1.6MPa；单位从只统一为个	PIPE-000460	1		将‘公称’规范为公称规格32，保留材质，删除默认连接方式和类型，补充压力等级	管材管件阀门/阀门/截止阀
PIPE-000214	截止阀	PPR截止阀 63	材质：PPR；规格/口径：63；压力等级：1.6MPa	个	个	来源单位一致		63PPR截止阀；PPR截止阀	连接方式：热熔；类型：截止阀	压力等级按PPR截止阀常见规格推断为1.6MPa	PIPE-000214	1		保留材质与规格，删除默认连接方式和类型，补充压力等级	管材管件阀门/阀门/截止阀
PIPE-000178	减压阀	减压阀 DN25 弹簧式	公称直径：DN25；结构：弹簧式	个	个	来源单位一致		DN25弹簧减压阀；弹簧减压阀		原始缺失材质、连接方式、压力范围，按常见采购口径生成，实际采购前需确认	PIPE-000178	1		保留公称直径和结构这两个关键选型字段；删除执行标准（国标默认），未提供材质等字段但作为合理初始SKU	管材管件阀门/阀门/减压阀
PIPE-000257	减压阀	减压阀 DN50	公称直径：DN50	个	个	来源单位一致		DN50国标减压阀；减压阀	执行标准：国标	原始缺失材质、连接方式、压力范围，按常见采购口径生成，实际采购前需确认	PIPE-000257	1		保留公称直径关键字段；删除执行标准（国标默认），未提供结构字段故不作为规格	管材管件阀门/阀门/减压阀
PIPE-000467	止回阀	止回阀 DN100 PVC	材质：PVC；公称直径：DN100	个	个	来源单位一致		PVC止回阀			PIPE-000467	1		原始规格中“公称”为误写，不视为品牌，口径Φ100对应DN100。	管材管件阀门/阀门/止回阀
PIPE-000341	止回阀	止回阀 DN25 304不锈钢	材质：304不锈钢；公称直径：DN25	只	只	来源单位一致		304止回阀DN25；止回阀			PIPE-000341	1	与PIPE-000421材质均为不锈钢（304属于不锈钢），口径相同，疑似重复。	原始规格明确，材质304，口径DN25。	管材管件阀门/阀门/止回阀
PIPE-000421	止回阀	止回阀 DN25 不锈钢	材质：不锈钢；公称直径：DN25	只	只	来源单位一致		不锈钢单向阀1寸；不锈钢单向阀			PIPE-000421	1	与PIPE-000341材质均为不锈钢，口径相同，疑似重复。	原始规格完整，1寸转换为DN25。	管材管件阀门/阀门/止回阀
PIPE-000036	止回阀	止回阀 DN25 铜	材质：铜；公称直径：DN25	个	个	来源单位一致	埃美柯	25埃美柯铜止回阀；铜止回阀			PIPE-000036	1		原始规格完整，规格25对应DN25。	管材管件阀门/阀门/止回阀
PIPE-000030	止回阀	止回阀 DN32 铜	材质：铜；公称直径：DN32	个	个	来源单位一致	埃美柯	32埃美柯铜止回阀；铜止回阀			PIPE-000030	1		原始规格完整，规格32对应DN32。	管材管件阀门/阀门/止回阀
METAL-000153	止回阀	止回阀 DN50 304不锈钢	材质：304不锈钢；公称直径：DN50	只	只	来源单位一致		304不锈钢单向阀DN50；不锈钢单向阀			METAL-000153	1		原始规格齐全，材质和口径明确。	管材管件阀门/阀门/止回阀
METAL-000069	止回阀	止回阀 DN80 不锈钢	材质：不锈钢；公称直径：DN80	个	个	来源单位一致	埃美柯	80埃美柯不锈钢单向阀；不锈钢单向阀			METAL-000069	1		原始规格完整，品牌和材质口径明确，直接生成标准SKU。	管材管件阀门/阀门/止回阀
PIPE-000105	止回阀	止回阀 DN80 铜	材质：铜；公称直径：DN80	个	个	来源单位一致	埃美柯	埃美柯80单向阀；单向阀		材质缺失，根据埃美柯常见止回阀材质为铜推断。	PIPE-000105	1		材质缺失，推断为铜，口径80对应DN80。	管材管件阀门/阀门/止回阀
SPARE-000011	垫片	垫片 110*100*5 加工	外径：110mm；内径：100mm；厚度：5mm；加工件：是	个	个	来源单位一致		加工110*100*5垫片；垫片		材质：碳钢（常见加工垫片材质）	SPARE-000011	1		缺失材质，按碳钢补齐；分解尺寸为外、内径和厚度；保留加工属性。	紧固件与连接件/垫圈/垫片/垫片
SPARE-000023	垫片	垫片 12*600*5 定制	长度：600mm；宽度：12mm；厚度：5mm；定制件：是	个	个	来源单位一致		定做12*600*5垫片；垫片；垫圈		材质：碳钢（常见定制垫片材质）	SPARE-000023	1		缺失材质，按碳钢补齐；分解尺寸为长、宽、厚；保留定制属性。	紧固件与连接件/垫圈/垫片/垫片
FAST-000070	垫片	垫片 18*50*60 加厚	内径：18mm；外径：50mm；厚度：60mm；特征：加厚	个	个	来源单位一致		加厚垫片M18*50*60mm；加厚垫片；垫圈		材质：碳钢（常见加厚垫片材质）；单位：由'只'统一为'个'	FAST-000070	1		缺失材质，按碳钢补齐；分解尺寸为内、外径和厚度；特征加厚保留；单位统一。	紧固件与连接件/垫圈/垫片/垫片
FAST-000077	垫片	垫片 304 M6 加厚	材质：304不锈钢；规格/口径：M6；特征：加厚	个	个	来源单位一致		304加厚垫片M6；加厚垫片；垫圈		单位：由'只'统一为'个'	FAST-000077	1		材质和规格明确，保留加厚特征；单位统一。	紧固件与连接件/垫圈/垫片/垫片
FAST-000030	垫片	垫片 M10	材质：碳钢；规格/口径：M10	个	个	来源单位一致		M10垫片；垫片；垫圈		材质：碳钢（常见标准垫片材质）	FAST-000030	1		缺失材质，按碳钢补齐；保留规格M10。	紧固件与连接件/垫圈/垫片/垫片
FAST-000049	垫片	垫片 M24 加厚	材质：碳钢；规格/口径：M24；特征：加厚	个	个	来源单位一致		24加厚垫片；垫片；垫圈		材质：碳钢（常见加厚垫片材质）	FAST-000049	1		缺失材质，按碳钢补齐；保留加厚特征。	紧固件与连接件/垫圈/垫片/垫片
FAST-000057	垫片	垫片 M27	材质：碳钢；规格/口径：M27	个	个	来源单位一致		M27垫片；垫片；垫圈		材质：碳钢（常见标准垫片材质）	FAST-000057	1		缺失材质，按碳钢补齐；保留规格M27。	紧固件与连接件/垫圈/垫片/垫片
FAST-000066	垫片	垫片 M30	材质：碳钢；规格/口径：M30	个	个	来源单位一致		30垫片；垫片；垫圈		材质：碳钢（常见标准垫片材质）	FAST-000066	1		缺失材质，按碳钢补齐；保留规格M30。	紧固件与连接件/垫圈/垫片/垫片
FAST-000078	垫片	垫片 橡胶 200	材质：橡胶；规格/口径：200	个	个	来源单位一致		橡胶垫片200；橡胶垫片		单位：由'只'统一为'个'；规格200含义未明确，暂作为公称尺寸	FAST-000078	1		材质明确，保留规格200；单位统一。	紧固件与连接件/垫圈/垫片/垫片
FAST-000101	垫片	垫片 橡胶 50	材质：橡胶；规格/口径：50	个	个	来源单位一致		橡胶垫片50；橡胶垫片		规格50含义未明确，暂作为公称尺寸	FAST-000101	1		材质明确，保留规格50。	紧固件与连接件/垫圈/垫片/垫片
PIPE-000367	球阀	球阀 1寸 不锈钢 高压	材质：不锈钢；规格：1寸；工况：高压	个	个	来源单位一致		不锈钢液压高压球阀1寸；高压球阀	用途：液压高压	用途非必需，删除	PIPE-000367	1		高压和材质是主要差异	管材管件阀门/阀门/球阀
PIPE-000306	球阀	球阀 20 高压	规格：20；工况：高压	个	个	来源单位一致	埃美柯	20埃美柯高压球阀；高压球阀	类型：高压球阀	材质缺失，常见为不锈钢，需确认	PIPE-000306	1		高压工况需保留	管材管件阀门/阀门/球阀
PIPE-000027	球阀	球阀 25 PPR	材质：PPR；规格：25	个	个	来源单位一致		PPR阀门	类型：阀门	公称为公称误写，规格25应为公称直径	PIPE-000027	1		PPR材质球阀，口径25，类型冗余删除	管材管件阀门/阀门/球阀
PIPE-000090	球阀	球阀 25 不锈钢	材质：不锈钢；规格：25	个	个	来源单位一致		25不锈钢球阀；不锈钢球阀	类型：球阀		PIPE-000090	1		口径和材质为主要区分	管材管件阀门/阀门/球阀
PIPE-000310	球阀	球阀 25 高压	规格：25；工况：高压	个	个	来源单位一致	埃美柯	25埃美柯高压球阀；高压球阀	类型：高压球阀	材质缺失，常见为不锈钢，需确认	PIPE-000310	1		高压工况需保留	管材管件阀门/阀门/球阀
METAL-000149	球阀	球阀 2分/12mm 宝塔 304不锈钢	材质：304不锈钢；规格：2分/12mm；接口：宝塔	个	个	来源单位一致		304不锈钢2分-12mm宝塔球阀；不锈钢宝塔球阀			METAL-000149	1		宝塔连接为特殊形式	管材管件阀门/阀门/球阀
PIPE-000441	球阀	球阀 2寸 304不锈钢 高压	材质：304不锈钢；规格：2寸；工况：高压	个	个	来源单位一致		304不锈钢高压球阀2寸；不锈钢高压球阀	类型：高压球阀		PIPE-000441	1		高压和304不锈钢	管材管件阀门/阀门/球阀
METAL-000161	球阀	球阀 32 不锈钢	材质：不锈钢；规格：32	个	个	来源单位一致		不锈钢球阀32；不锈钢球阀		规格32未标明单位，按公称直径处理	METAL-000161	1		口径和材质为主要区分	管材管件阀门/阀门/球阀
METAL-000148	球阀	球阀 3分 内丝 304不锈钢	材质：304不锈钢；规格：3分；接口：内丝	个	个	来源单位一致		304不锈钢3分内丝球阀；不锈钢内丝球阀			METAL-000148	1		内丝连接需区分	管材管件阀门/阀门/球阀
METAL-000146	球阀	球阀 3分 内外丝 304不锈钢	材质：304不锈钢；规格：3分；接口：内外丝	个	个	来源单位一致		304不锈钢3分内外丝球阀；不锈钢内外丝球阀			METAL-000146	1		连接方式内外丝是关键差异	管材管件阀门/阀门/球阀
METAL-000013	球阀	球阀 40 不锈钢 加厚	材质：不锈钢；规格：40；特征：加厚	个	个	来源单位一致	埃美柯	40埃美柯加厚不锈钢球阀；不锈钢球阀		规格40未标明单位，按公称直径处理	METAL-000013	1		口径和材质为主要区分	管材管件阀门/阀门/球阀
METAL-000147	球阀	球阀 4分 内丝 304不锈钢	材质：304不锈钢；规格：4分；接口：内丝	个	个	来源单位一致		304不锈钢4分内丝球阀；不锈钢内丝球阀			METAL-000147	1		内丝连接需区分	管材管件阀门/阀门/球阀
METAL-000145	球阀	球阀 4分 内外丝 304不锈钢	材质：304不锈钢；规格：4分；接口：内外丝	个	个	来源单位一致		304不锈钢4分内外丝球阀；不锈钢内外丝球阀			METAL-000145	1		连接方式内外丝是关键差异	管材管件阀门/阀门/球阀
PIPE-000111	球阀	球阀 4分 铜	材质：铜；规格：4分	个	个	来源单位一致	埃美柯	埃美柯4分铜球阀；铜球阀			PIPE-000111	1		铜材质4分球阀	管材管件阀门/阀门/球阀
METAL-000160	球阀	球阀 4寸 不锈钢	材质：不锈钢；规格：4寸	个	个	来源单位一致		4寸不锈钢补水球阀；不锈钢补水球阀	用途：补水	用途不影响采购选型，已删除	METAL-000160	1		规格和材质为主要区分，用途非必需	管材管件阀门/阀门/球阀
METAL-000051	球阀	球阀 50 不锈钢 加厚	材质：不锈钢；规格：50；特征：加厚	个	个	来源单位一致	埃美柯	埃美柯50加厚不锈钢球阀；不锈钢球阀			METAL-000051	1		口径和材质为主要区分	管材管件阀门/阀门/球阀
PIPE-000276	球阀	球阀 63 PPR	材质：PPR；规格：63	个	个	来源单位一致		PPR球阀	类型：球阀	公称为公称误写，63为公称直径	PIPE-000276	1		PPR材质球阀，口径63	管材管件阀门/阀门/球阀
METAL-000045	球阀	球阀 80 不锈钢 加厚	材质：不锈钢；规格：80；特征：加厚	个	个	来源单位一致	埃美柯	埃美柯80加厚不锈钢球阀；不锈钢球阀			METAL-000045	1		口径和材质为主要区分	管材管件阀门/阀门/球阀
METAL-000054	球阀	球阀 80 不锈钢 厚	材质：不锈钢；规格：80；特征：厚	个	个	来源单位一致	埃美柯	埃美柯80不锈钢厚球阀；不锈钢球阀			METAL-000054	1		特征与加厚不同，保留为独立SKU	管材管件阀门/阀门/球阀
PIPE-000076	球阀	球阀 90 PPR	材质：PPR；规格：90	个	个	来源单位一致		PPR阀门	类型：阀门	公称为公称误写，规格90应为公称直径	PIPE-000076	1		PPR材质球阀，口径90	管材管件阀门/阀门/球阀
PIPE-000493	球阀	球阀 DN10 304	材质：304；规格/口径：DN10	个	个	来源单位一致		304不锈钢球阀DN10；不锈钢球阀			PIPE-000493	1		口径和材质	管材管件阀门/阀门/球阀
PIPE-000277	球阀	球阀 DN15	规格/口径：DN15	个	个	来源单位一致	埃美柯	DN15埃美柯球阀；球阀		材质缺失，常见为铜或不锈钢，需确认	PIPE-000277	1		仅口径已知	管材管件阀门/阀门/球阀
PIPE-000492	球阀	球阀 DN15 304	材质：304；规格/口径：DN15	个	个	来源单位一致		304不锈钢球阀DN15；不锈钢球阀			PIPE-000492	1		口径和材质	管材管件阀门/阀门/球阀
PIPE-000491	球阀	球阀 DN20 304	材质：304；规格/口径：DN20	个	个	来源单位一致		304不锈钢球阀DN20；不锈钢球阀			PIPE-000491	1		口径和材质	管材管件阀门/阀门/球阀
PIPE-000039	球阀	球阀 DN20 铜 高压	材质：铜；规格/口径：DN20；压力：350kg；工况：高压	个	个	来源单位一致		DN20*350kg高压铜球阀；高压铜球阀	类型：球阀		PIPE-000039	1		高压和压力等级是关键规格	管材管件阀门/阀门/球阀
PIPE-000245	球阀	球阀 DN50	规格/口径：DN50	个	个	来源单位一致	埃美柯	DN50埃美柯球阀；球阀		材质缺失，常见为不锈钢或碳钢，需确认	PIPE-000245	1		仅口径已知	管材管件阀门/阀门/球阀
PIPE-000479	球阀	球阀 DN50 304 两片式	材质：304；规格/口径：DN50；结构：两片式	个	个	来源单位一致	埃美柯	埃美柯304两片式球阀DN50；不锈钢两片式球阀			PIPE-000479	1		两片式结构需保留	管材管件阀门/阀门/球阀
PIPE-000267	球阀	球阀 DN50 PPR	材质：PPR；规格/口径：DN50	个	个	来源单位一致		PPR球阀	类型：球阀	公称为公称误写，DN50为公称直径	PIPE-000267	1		PPR材质球阀，公称DN50	管材管件阀门/阀门/球阀
METAL-000066	球阀	球阀 DN50 不锈钢	材质：不锈钢；规格/口径：DN50	个	个	来源单位一致	埃美柯	50埃美柯不锈钢球阀；不锈钢球阀			METAL-000066	1		口径和材质为主要区分，无特征	管材管件阀门/阀门/球阀
METAL-000012	球阀	球阀 DN65 不锈钢 加厚	材质：不锈钢；规格/口径：DN65；特征：加厚	个	个	来源单位一致	埃美柯	DN65埃美柯加厚不锈钢球阀；不锈钢球阀			METAL-000012	1		口径和材质为主要区分，加厚特征保留	管材管件阀门/阀门/球阀
PIPE-000494	球阀	球阀 DN8 304	材质：304；规格/口径：DN8	个	个	来源单位一致		304不锈钢球阀DN8；不锈钢球阀			PIPE-000494	1		口径和材质	管材管件阀门/阀门/球阀
PIPE-000244	球阀	球阀 DN80	规格/口径：DN80	个	个	来源单位一致	埃美柯	DN80埃美柯球阀；球阀		材质缺失，常见为不锈钢或碳钢，需确认	PIPE-000244	1		仅口径已知，材质需后续补充	管材管件阀门/阀门/球阀
METAL-000068	球阀	球阀 DN80 不锈钢	材质：不锈钢；规格/口径：DN80	个	个	来源单位一致	埃美柯	80埃美柯不锈钢球阀；不锈钢球阀			METAL-000068	1		口径和材质为主要区分	管材管件阀门/阀门/球阀
FAST-000003	平垫圈	平垫圈 M14	规格：M14	个	个	来源单位一致		14垫片；平垫片；垫圈	材质：碳钢（默认）；类型：平垫（由物料名称隐含）	规格14视为M14；材质按常见碳钢推断	FAST-000003	1		规格M14按常见内径，材质默认碳钢，删除无关别名	紧固件与连接件/垫圈/垫片/平垫圈
FAST-000007	平垫圈	平垫圈 M27	规格：M27	个	个	来源单位一致		M27平垫；平垫片；垫圈	材质：碳钢（默认）；类型：平垫（由物料名称隐含）	材质按常见碳钢推断	FAST-000007	1		规格M27，材质默认碳钢	紧固件与连接件/垫圈/垫片/平垫圈
FAST-000006	平垫圈	平垫圈 M30	规格：M30	个	个	来源单位一致		M30平垫；平垫片；垫圈	材质：碳钢（默认）；类型：平垫（由物料名称隐含）	材质按常见碳钢推断	FAST-000006	1		规格M30，材质默认碳钢	紧固件与连接件/垫圈/垫片/平垫圈
FAST-000085	平垫圈	平垫圈 M8 镀锌	规格：M8；表面处理：镀锌	个	个	来源单位一致		镀锌平垫m8；镀锌平垫；垫圈	材质：碳钢（默认）；类型：平垫（由物料名称隐含）；单位：原为只，统一为个	表面处理镀锌从原始字段保留；材质默认碳钢；单位原为只，统一为个	FAST-000085	1		保留表面处理镀锌，规格M8，删除默认材质和类型	紧固件与连接件/垫圈/垫片/平垫圈
PIPE-000278	浮球阀	浮球阀 线长10m 电动	线长：10m；驱动方式：电动；规格/口径：DN15；电压：AC220V	个	个；套	来源单位不一致，统一为个		10m长电浮球阀；电浮球阀；浮球阀带10m线；浮球阀		口径按常见电浮球阀DN15暂估，电压按常见AC220V暂估；驱动方式按常见电浮球阀推断为电动，口径按常见DN15暂估，电压按常见AC220V暂估	PIPE-000278；PIPE-000488	2	线长和驱动方式相同，疑似同一物料	保留已知线长和驱动方式，补全口径和电压为常见规格；根据别名推断为电动浮球阀，补全驱动方式、口径和电压	管材管件阀门/阀门/浮球阀
PIPE-000113	混水阀	混水阀 DN15	材质：黄铜；接口：外丝；规格/口径：DN15	个	个	来源单位一致		冷热水阀	功能：冷热水；类型：水阀；用途：冷热水	常见混水阀为DN15黄铜外丝接口，故采用此参数作为初始SKU。	PIPE-000113	1		原规格缺失，按常见混水阀口径DN15、材质黄铜、接口外丝补齐，删除非关键描述字段。	管材管件阀门/阀门/混水阀
PIPE-000431	蝶阀	蝶阀 DN150 304 法兰	公称通径：DN150；材质：304；连接：法兰	只	只	来源单位一致		304法兰式蝶阀DN150；不锈钢法兰蝶阀			PIPE-000431	1		保留公称通径、材质、连接。	管材管件阀门/阀门/蝶阀
PIPE-000432	蝶阀	蝶阀 DN150 沟槽	公称通径：DN150；连接：沟槽	只	只	来源单位一致		沟槽式蝶阀DN150；沟槽式蝶阀			PIPE-000432	1		保留公称通径和连接，材质缺失未补全。	管材管件阀门/阀门/蝶阀
PIPE-000160	蝶阀	蝶阀 DN50 电动法兰	公称通径：DN50；连接：法兰；驱动：电动	只	只	来源单位一致		50法兰电动蝶阀；法兰电动蝶阀			PIPE-000160	1		保留公称通径、连接、驱动。	管材管件阀门/阀门/蝶阀
PIPE-000043	蝶阀	蝶阀 DN65 加厚	公称通径：DN65；特征：加厚	只	只	来源单位一致	埃美柯	DN65埃美柯加厚蝶阀；蝶阀			PIPE-000043	1		保留公称通径和特征，品牌移至brand字段。	管材管件阀门/阀门/蝶阀
PIPE-000495	蝶阀	蝶阀 DN80 304 电动 重体 法兰	公称通径：DN80；材质：304；结构：重体；驱动：电动；连接：法兰	只	只	来源单位一致		304不锈钢重体电动法兰蝶阀DN80；不锈钢电动法兰蝶阀			PIPE-000495	1		保留公称通径、材质、结构、驱动、连接。	管材管件阀门/阀门/蝶阀
PIPE-000161	蝶阀	蝶阀 DN80 电动法兰	公称通径：DN80；连接：法兰；驱动：电动	只	只	来源单位一致		80法兰电动蝶阀；法兰电动蝶阀			PIPE-000161	1		保留公称通径、连接、驱动。	管材管件阀门/阀门/蝶阀
METAL-000005	角阀	不锈钢角阀 4分	材质：不锈钢；规格：4分；接口：内丝	个	个	来源单位一致		4分不锈钢角阀；不锈钢角阀		接口：内丝为常见角阀默认连接方式	METAL-000005	1		保留原有材质和规格，补充接口为内丝（行业默认）	管材管件阀门/阀门/角阀
PIPE-000006	角阀	铜角阀 4分	材质：铜；规格：4分；接口：内丝	个	个	来源单位一致		4分三角阀；三角阀		材质缺失，按常见角阀材质推断为铜；接口缺失，按常见角阀连接方式推断为内丝	PIPE-000006	1		原始缺失材质和接口，根据常见角阀规格补齐为铜和内丝	管材管件阀门/阀门/角阀
SPARE-000050	弹簧垫圈	弹簧垫圈 M14	规格/口径：M14	个	个	来源单位一致		14弹簧垫片；弹簧垫片；垫圈	材质：65Mn（行业默认）	规格14推断为M14；材质按65Mn默认补齐	SPARE-000050	1		规格14推断为M14；材质为默认弹簧钢，已删除	紧固件与连接件/垫圈/垫片/弹簧垫圈
SPARE-000070	弹簧垫圈	弹簧垫圈 M27	规格/口径：M27	个	个	来源单位一致		M27弹垫；弹簧垫片；垫圈	材质：65Mn（行业默认）	材质按65Mn默认补齐	SPARE-000070	1		规格明确；材质为默认弹簧钢，已删除	紧固件与连接件/垫圈/垫片/弹簧垫圈
SPARE-000067	弹簧垫圈	弹簧垫圈 M30	规格/口径：M30	个	个	来源单位一致		M30弹垫；弹簧垫片；垫圈	材质：65Mn（行业默认）	材质按65Mn默认补齐	SPARE-000067	1		规格明确；材质为默认弹簧钢，已删除	紧固件与连接件/垫圈/垫片/弹簧垫圈
MAT-000111	S型挂钩	S型挂钩 大号 20kg	规格：大号；承重：20kg	支	支	来源单位一致		大S挂钩20kg；S型挂钩	形状：S型		MAT-000111	1		原始规格仅包含大号和承重20kg，形状S型已在名称中体现，故删除形状字段；材质缺失，暂不虚构，由采购确认。	紧固件与连接件/扣件/连接件/S型挂钩
MAT-000049	止水蝴蝶扣	止水蝴蝶扣 16*600	规格/口径：16；长度：600	套	套	来源单位一致		16*600止水蝴蝶扣；止水蝴蝶扣			MAT-000049	1		原始规格仅提供16*600，推断为适配螺杆直径16mm、长度600mm，生成标准名称及最小规格。	紧固件与连接件/扣件/连接件/止水蝴蝶扣
CONST-000035	万向扣件	万向扣件 48mm	材质：铸铁；规格/口径：48mm	只	只	来源单位一致			连接方式：扣压；用途：脚手架	原始缺失规格，按常见脚手架扣件规格补齐，材质铸铁，口径48mm	CONST-000035	1		缺失规格，按行业最常用规格补齐	紧固件与连接件/扣件/连接件/万向扣件
MAT-000020	热水器挂钩	热水器挂钩 不锈钢	材质：不锈钢	个	个	来源单位一致			用途：热水器	原始规格缺失，按常见采购口径补充为不锈钢材质	MAT-000020	1		保留材质作为唯一关键规格，用途为默认信息已删除	紧固件与连接件/扣件/连接件/热水器挂钩
CONST-000021	山型卡	山型卡 M14	规格/口径：M14；材质：Q235钢；适配通丝：M14	只	只	来源单位一致		山型卡		缺失规格、材质、适配通丝；按常见采购口径推断为M14，材质Q235钢	CONST-000021	1		原始SKU缺少关键规格和材质，无法唯一确定；按行业常见规格补齐为M14，材质Q235钢	紧固件与连接件/扣件/连接件/山型卡
CONST-000036	十字扣件	十字扣件 48mm	材质：铸铁；适配管径：48mm	只	只	来源单位一致		十字扣件		脚手架常用钢管外径为48mm，材质默认铸铁，因原始字段缺失按行业常见规格补齐	CONST-000036	1		原始十字扣件缺少材质和适配管径，按脚手架扣件行业最常用规格补齐，保留最小关键字段。	紧固件与连接件/扣件/连接件/十字扣件
CONST-000037	直接扣件	直接扣件 48mm	材质：铸铁；规格/口径：48mm	只	只	来源单位一致				原规格缺失，按常见脚手架钢管外径48mm、材质铸铁生成初始SKU	CONST-000037	1		缺失规格，按常见采购口径合理推断生成，保留材质和口径作为最小必填规格	紧固件与连接件/扣件/连接件/直接扣件
METAL-000087	钢筋接驳器	钢筋接驳器 22	适配钢筋直径：22	个	个	来源单位一致		22钢筋接驳器；钢筋接驳器		连接方式按常见直螺纹套筒推断，材质未提供	METAL-000087	1		仅提供适配钢筋直径，其他规格缺失，生成初始常用SKU	紧固件与连接件/扣件/连接件/钢筋接驳器
PIPE-000133	卡槽导轨	卡槽导轨 适配管径40	适配管径：40	条	条	来源单位一致		40注浆管卡槽导轨；卡槽导轨	用途：注浆管		PIPE-000133	1		保留适配管径作为关键规格，删除用途字段（不直接影响采购决策）；材质和长度缺失未补充，留待后续完善。	紧固件与连接件/管卡/抱箍/卡槽导轨
METAL-000073	抱箍	抱箍 325 不锈钢 双卡	材质：不锈钢；规格/口径：325；型式：双卡	个	个	来源单位一致		325双卡抱箍 不锈钢；325不锈钢双卡抱箍；不锈钢双卡抱箍			METAL-000073	1		保留规格、材质、型式作为关键区分字段；行业默认连接方式未出现无需删除。	紧固件与连接件/管卡/抱箍/抱箍
PIPE-000063	抱箍	抱箍 325 钢 加厚	材质：钢；规格/口径：325；特征：加厚	个	个	来源单位一致		加厚325抱箍钢卡；抱箍钢卡			PIPE-000063	1		保留规格、材质、特征（加厚）作为关键字段。	紧固件与连接件/管卡/抱箍/抱箍
PIPE-000280	抱箍	抱箍 50 铝合金	材质：铝合金；规格/口径：50	个	个	来源单位一致		50铝合金抱箍；铝合金抱箍			PIPE-000280	1		保留规格和材质。	紧固件与连接件/管卡/抱箍/抱箍
PIPE-000474	抱箍	抱箍 80	规格/口径：80	个	个	来源单位一致		抱箍80；抱箍	类型：抱箍（重复于物料名称）	材质缺失，未补齐，建议采购确认。	PIPE-000474	1		原始规格不含材质，无法推断；删除重复类型字段；单位从'只'统一为'个'。	紧固件与连接件/管卡/抱箍/抱箍
PIPE-000281	抱箍	抱箍 80 铝合金	材质：铝合金；规格/口径：80	个	个	来源单位一致		80铝合金抱箍；铝合金抱箍			PIPE-000281	1		保留规格和材质。	紧固件与连接件/管卡/抱箍/抱箍
PIPE-000282	管卡	管卡 100	规格：100；材质：钢	个	个	来源单位一致		100管卡；管卡		材质缺失，按常见管卡材质推断为钢	PIPE-000282	1		保留规格，材质推断为钢	紧固件与连接件/管卡/抱箍/管卡
PIPE-000098	管卡	管卡 110	规格：110；材质：钢	个	个	来源单位一致		管卡		材质缺失，按常见管卡材质推断为钢	PIPE-000098	1		保留规格，材质推断为钢，删除品牌	紧固件与连接件/管卡/抱箍/管卡
PIPE-000037	管卡	管卡 135 重型	规格：135；型式：重型；材质：钢	个	个	来源单位一致		135重型管卡；重型管卡		材质缺失，按常见管卡材质推断为钢	PIPE-000037	1		保留规格和型式，材质按常见推断为钢，删除无用的类型字段	紧固件与连接件/管卡/抱箍/管卡
PIPE-000072	管卡	管卡 32	规格：32；材质：钢	个	个	来源单位一致		32管卡；管卡		材质缺失，按常见管卡材质推断为钢	PIPE-000072	1		保留规格，材质推断为钢，删除重复类型管卡	紧固件与连接件/管卡/抱箍/管卡
PIPE-000132	管卡	管卡 40 重型卡槽两联	规格：40；型式：重型卡槽两联；材质：钢	个	个	来源单位一致		40注浆管重型卡槽两联；双联重型管卡	用途：注浆管	材质缺失，按常见管卡材质推断为钢；适配管径统一为规格	PIPE-000132	1		保留规格和型式，材质推断为钢，删除用途字段	紧固件与连接件/管卡/抱箍/管卡
PIPE-000152	管卡	管卡 40*2 双联重型	规格：40*2；型式：双联重型；材质：钢	套	套	来源单位一致		双联重型管卡40*2；双联重型管卡		材质缺失，按常见管卡材质推断为钢	PIPE-000152	1		保留规格和型式，材质推断为钢，规格保留原样	紧固件与连接件/管卡/抱箍/管卡
PIPE-000286	管卡	管卡 65	规格：65；材质：钢	个	个	来源单位一致		65管卡；管卡		材质缺失，按常见管卡材质推断为钢	PIPE-000286	1		保留规格，材质推断为钢	紧固件与连接件/管卡/抱箍/管卡
PIPE-000287	管卡	管卡 80	规格：80；材质：钢	个	个	来源单位一致		80管卡；管卡		材质缺失，按常见管卡材质推断为钢	PIPE-000287	1		保留规格，材质推断为钢	紧固件与连接件/管卡/抱箍/管卡
PIPE-000116	管卡	管卡 PPR 25	材质：PPR；规格：25	个	个	来源单位一致		PPR管卡	类型：管卡		PIPE-000116	1		保留材质和规格，删除类型和品牌	紧固件与连接件/管卡/抱箍/管卡
PIPE-000094	管卡	管卡 PVC 40	材质：PVC；规格：40	个	个	来源单位一致		PVC管卡			PIPE-000094	1		保留材质和规格，删除品牌（公称为公称误写）	紧固件与连接件/管卡/抱箍/管卡
METAL-000085	角码	角码 不锈钢 L型	材质：不锈钢；形状：L型	个	个	来源单位一致		L不锈钢角码；角码		尺寸缺失，未补齐；仅保留现有规格	METAL-000085	1		仅保留材质和形状规格，尺寸缺失未补齐	紧固件与连接件/扣件/连接件/角码
PIPE-000376	卡箍	卡箍 DN150	规格/口径：DN150；材质：碳钢	只	只	来源单位一致	迈克	迈克重型矿井卡箍DN150；重型矿井卡箍		材质缺失，按常见卡箍材质补充为碳钢；类型重型矿井卡箍作为别名保留	PIPE-000376	1		保留口径DN150；删除类型字段（转入别名）；补齐材质为碳钢	紧固件与连接件/管卡/抱箍/卡箍
PIPE-000454	卡箍	卡箍 DN50	规格/口径：DN50；材质：碳钢	只	只	来源单位一致		卡箍50；卡箍		材质缺失，按常见卡箍材质补充为碳钢；规格50推断为公称直径DN50	PIPE-000454	1		保留口径DN50；补齐材质为碳钢；规格50转为DN50	紧固件与连接件/管卡/抱箍/卡箍
PIPE-000013	水管钩	水管钩 25	规格/口径：25；材质：镀锌钢	个	个	来源单位一致		25水管钩；水管钩		材质缺失，推断为常用镀锌钢	PIPE-000013	1		规格25保留，材质推断为镀锌钢，无额外默认字段删除	紧固件与连接件/管卡/抱箍/水管钩
METAL-000062	卡槽	不锈钢卡槽	材质：不锈钢	米	米	来源单位一致		不锈钢卡槽		原始规格缺失，仅材质不锈钢，生成通用不锈钢卡槽SKU，建议后续补充截面规格和孔距。	METAL-000062	1		原始只有材质，缺失尺寸，按最小可用生成通用不锈钢卡槽。	紧固件与连接件/管卡/抱箍/卡槽
METAL-000070	不锈钢螺丝	不锈钢螺丝 M5.5*32	规格/口径：M5.5*32；材质：不锈钢	个	个	来源单位一致		M5.5*32不锈钢螺丝；不锈钢螺丝；螺丝		头型未明确，保留原始规格	METAL-000070	1		保留原始规格，头型缺失未强行补全	紧固件与连接件/螺丝/螺栓/不锈钢螺丝
FAST-000110	膨胀锚栓	膨胀锚栓 M10*110	规格/口径：M10；长度：110mm	个	个	来源单位一致		膨胀螺丝Φ10*110；膨胀螺丝；膨胀锚栓			FAST-000110	1		保留规格和长度，删除默认材质和连接方式	紧固件与连接件/膨胀锚栓/膨胀锚栓
FAST-000062	膨胀锚栓	膨胀锚栓 M10*60	规格/口径：M10；长度：60mm	个	个	来源单位一致		10*60膨胀螺丝；膨胀螺丝；膨胀锚栓			FAST-000062	1		保留规格和长度，删除默认材质和连接方式	紧固件与连接件/膨胀锚栓/膨胀锚栓
FAST-000002	膨胀锚栓	膨胀锚栓 M10*70	规格/口径：M10；长度：70mm	个	个	来源单位一致		10*70爆炸螺丝；爆炸螺丝；膨胀螺丝；膨胀锚栓			FAST-000002	1		保留规格和长度，删除默认材质和连接方式	紧固件与连接件/膨胀锚栓/膨胀锚栓
FAST-000024	膨胀锚栓	膨胀锚栓 M10*80	规格/口径：M10；长度：80mm	个	个	来源单位一致		10*80膨胀螺丝；膨胀螺丝；膨胀锚栓；膨胀螺丝Φ10；膨胀螺丝Φ10*80		原始单位套，统一为个；原始仅提供直径Φ10，按常见规格推断长度80mm	FAST-000024；FAST-000102；FAST-000109	3	相同规格M10*80；相同规格M10*80（长度推断）	保留规格和长度，删除默认材质和连接方式，统一单位；保留规格和长度，长度根据常见规格推断；保留规格和长度，删除默认材质和连接方式	紧固件与连接件/膨胀锚栓/膨胀锚栓
FAST-000072	膨胀锚栓	膨胀锚栓 M12*100	规格/口径：M12；长度：100mm	个	个	来源单位一致		膨胀螺丝M12*100；膨胀螺丝；膨胀锚栓			FAST-000072	1		保留规格和长度，删除默认材质和连接方式	紧固件与连接件/膨胀锚栓/膨胀锚栓
FAST-000114	膨胀锚栓	膨胀锚栓 M12*110	规格/口径：M12；长度：110mm	个	个	来源单位一致		膨胀螺丝Φ12*110；膨胀螺丝；膨胀锚栓			FAST-000114	1		保留规格和长度，删除默认材质和连接方式	紧固件与连接件/膨胀锚栓/膨胀锚栓
FAST-000004	膨胀锚栓	膨胀锚栓 M12*80	规格/口径：M12；长度：80mm	个	个	来源单位一致		M12*80膨胀螺丝；膨胀螺丝；膨胀锚栓；膨胀螺丝Φ12*80			FAST-000004；FAST-000111	2	相同规格M12*80	保留规格和长度，删除默认材质和连接方式	紧固件与连接件/膨胀锚栓/膨胀锚栓
FAST-000023	膨胀锚栓	膨胀锚栓 M14*100	规格/口径：M14；长度：100mm	个	个	来源单位一致		14*100膨胀螺丝；膨胀螺丝；膨胀锚栓		原始单位套，统一为个	FAST-000023；FAST-000026	2	相同规格M14*100	保留规格和长度，删除默认材质和连接方式，统一单位；保留规格和长度，删除默认材质和连接方式	紧固件与连接件/膨胀锚栓/膨胀锚栓
FAST-000001	膨胀锚栓	膨胀锚栓 M14*120	规格/口径：M14；长度：120mm	个	个	来源单位一致		14*120膨胀螺丝；膨胀螺丝；膨胀锚栓			FAST-000001	1		保留规格和长度，删除默认材质和连接方式	紧固件与连接件/膨胀锚栓/膨胀锚栓
FAST-000028	膨胀锚栓	膨胀锚栓 M14*150	规格/口径：M14；长度：150mm	个	个	来源单位一致		14*150膨胀螺丝；膨胀螺丝；膨胀锚栓			FAST-000028	1		保留规格和长度，删除默认材质和连接方式	紧固件与连接件/膨胀锚栓/膨胀锚栓
FAST-000063	膨胀锚栓	膨胀锚栓 M14*70	规格/口径：M14；长度：70mm	个	个	来源单位一致		14*70膨胀螺丝；膨胀螺丝；膨胀锚栓			FAST-000063	1		保留规格和长度，删除默认材质和连接方式	紧固件与连接件/膨胀锚栓/膨胀锚栓
FAST-000008	膨胀锚栓	膨胀锚栓 M20*140	规格/口径：M20；长度：140mm	个	个	来源单位一致		M20*140膨胀螺丝；膨胀螺丝；膨胀锚栓			FAST-000008	1		保留规格和长度，删除默认材质和连接方式	紧固件与连接件/膨胀锚栓/膨胀锚栓
FAST-000059	膨胀锚栓	膨胀锚栓 M20*150	规格/口径：M20；长度：150mm	个	个	来源单位一致		M20*150膨胀螺丝；膨胀螺丝；膨胀锚栓			FAST-000059	1		保留规格和长度，删除默认材质和连接方式	紧固件与连接件/膨胀锚栓/膨胀锚栓
FAST-000009	膨胀锚栓	膨胀锚栓 M22*140	规格/口径：M22；长度：140mm	个	个	来源单位一致		M22*140膨胀螺丝；膨胀螺丝；膨胀锚栓			FAST-000009	1		保留规格和长度，删除默认材质和连接方式	紧固件与连接件/膨胀锚栓/膨胀锚栓
FAST-000042	膨胀锚栓	膨胀锚栓 M24*150	规格/口径：M24；长度：150mm	个	个	来源单位一致		24*150膨胀螺丝；M24*150膨胀螺丝；膨胀螺丝；膨胀锚栓			FAST-000042	1		保留规格和长度，删除默认材质和连接方式	紧固件与连接件/膨胀锚栓/膨胀锚栓
FAST-000012	膨胀锚栓	膨胀锚栓 M6*60	规格/口径：M6；长度：60mm	个	个	来源单位一致		6厘膨胀螺丝；膨胀螺丝；膨胀锚栓		原始仅提供直径6mm，按常见规格推断长度为60mm	FAST-000012；FAST-000014	2	相同规格M6*60（长度推断）	保留规格和长度，长度根据常见规格推断	紧固件与连接件/膨胀锚栓/膨胀锚栓
FAST-000011	膨胀锚栓	膨胀锚栓 M8*60	规格/口径：M8；长度：60mm	个	个	来源单位一致		8*60膨胀螺丝；膨胀螺丝；膨胀锚栓			FAST-000011	1		保留规格和长度，删除默认材质和连接方式	紧固件与连接件/膨胀锚栓/膨胀锚栓
FAST-000112	膨胀锚栓	膨胀锚栓 M8*70	规格/口径：M8；长度：70mm	个	个	来源单位一致		膨胀螺丝Φ8*70；膨胀螺丝；膨胀锚栓			FAST-000112	1		保留规格和长度，删除默认材质和连接方式	紧固件与连接件/膨胀锚栓/膨胀锚栓
FAST-000113	膨胀锚栓	膨胀锚栓 M8*90	规格/口径：M8；长度：90mm	个	个	来源单位一致		膨胀螺丝Φ8*90；膨胀螺丝；膨胀锚栓			FAST-000113	1		保留规格和长度，删除默认材质和连接方式	紧固件与连接件/膨胀锚栓/膨胀锚栓
METAL-000080	管箍	不锈钢管箍 38	材质：不锈钢；规格/口径：38	个	个	来源单位一致		38不锈钢管箍；不锈钢管箍			METAL-000080	1		材质不锈钢，规格38，生成标准SKU	紧固件与连接件/管卡/抱箍/管箍
SPARE-000029	U型螺栓	U型螺栓 14×75	规格/口径：14×75；材质：碳钢；强度等级：8.8；表面处理：镀锌	套	套	来源单位一致		14*75骑马螺丝；骑马螺丝；螺丝	类型：骑马		SPARE-000029	1		保留核心规格（尺寸、材质、强度、表面处理）；删除类型‘骑马’（默认形态，已纳入别名）；单位沿用库存单位‘套’。	紧固件与连接件/螺丝/螺栓/U型螺栓
FAST-000069	T型螺丝套件	T型螺丝套件 M16*100	规格：M16*100；类型：T型；材质：碳钢；强度等级：8.8；表面处理：镀锌；套件组成：平垫+弹垫+螺母	套	套	来源单位一致		T型螺丝M16*100平弹帽；T型螺丝套件；螺丝套件	成套：是		FAST-000069	1		长度M16*100为关键规格，其他参数一致，保留所有影响采购的字段。	紧固件与连接件/螺丝/螺栓/T型螺丝套件
FAST-000068	T型螺丝套件	T型螺丝套件 M16*50	规格：M16*50；类型：T型；材质：碳钢；强度等级：8.8；表面处理：镀锌；套件组成：平垫+弹垫+螺母	套	套	来源单位一致		T型螺丝M16*50平弹帽；T型螺丝套件；螺丝套件	成套：是		FAST-000068	1		长度M16*50为关键规格，其他参数一致，保留所有影响采购的字段。	紧固件与连接件/螺丝/螺栓/T型螺丝套件
SPARE-000073	膨胀钩	膨胀钩 M10*100	规格/口径：M10；长度：100mm	个	个	来源单位一致		10厘膨胀钩;膨胀钩;膨胀锚栓	类型：膨胀钩	原始规格'10厘'规范为M10，长度未提供，按常用长度100mm补全	SPARE-000073	1		规范非标准规格，补充常见长度，删除冗余类型字段	紧固件与连接件/膨胀锚栓/膨胀钩
FAST-000089	膨胀钩	膨胀钩 M12*125	规格/口径：M12；长度：125mm；表面处理：镀锌	个	个	来源单位一致		镀锌膨胀钩M12*125;膨胀钩;膨胀锚栓	类型：膨胀钩		FAST-000089	1		保留主要规格和表面处理，删除冗余的类型字段，单位从'只'统一为'个'	紧固件与连接件/膨胀锚栓/膨胀钩
FAST-000120	膨胀钩	膨胀钩 M16*130	规格/口径：M16；长度：130mm；表面处理：镀锌	个	个	来源单位一致		镀锌膨胀钩M16*130;镀锌膨胀钩;膨胀锚栓	类型：膨胀钩		FAST-000120	1		保留主要规格和表面处理，删除冗余的类型字段，单位从'只'统一为'个'	紧固件与连接件/膨胀锚栓/膨胀钩
PIPE-000332	骑马卡	骑马卡 36 不锈钢	材质：不锈钢；规格：36；厚度：2.0	个	个	来源单位一致		订制36不锈钢骑马卡36*2.0；骑马卡	孔距；连接方式；表面处理	定制件，单位从'件'统一为'个'；保留原始规格36和厚度2.0	PIPE-000332	1		保留材质、规格和厚度，因定制件；删除孔距、连接方式等默认字段	紧固件与连接件/管卡/抱箍/骑马卡
PIPE-000294	骑马卡	骑马卡 DN200 不锈钢	材质：不锈钢；公称直径：DN200	个	个	来源单位一致		DN200不锈钢骑马卡；骑马卡	厚度；孔距；连接方式	原始缺失厚度/孔距，按标准规格默认	PIPE-000294	1		保留材质和口径，删除默认厚度、孔距和连接方式	紧固件与连接件/管卡/抱箍/骑马卡
METAL-000055	骑马卡	骑马卡 DN40 不锈钢	材质：不锈钢；公称直径：DN40	个	个	来源单位一致		40不锈钢骑马卡；不锈钢骑马卡	厚度；孔距；连接方式	原始缺失厚度/孔距，按标准规格默认	METAL-000055	1		保留材质和口径，删除默认厚度、孔距和连接方式	紧固件与连接件/管卡/抱箍/骑马卡
PIPE-000459	骑马卡	骑马卡 Φ200 镀锌	材质：镀锌钢；规格/口径：Φ200	个	个	来源单位一致		镀锌骑马卡Φ200；镀锌骑马卡	厚度；孔距；连接方式	原始缺失材质，推断为镀锌钢；保留Φ200规格	PIPE-000459	1		保留表面处理（镀锌）和口径，删除厚度、孔距等默认字段	紧固件与连接件/管卡/抱箍/骑马卡
PIPE-000335	管夹	管夹 六联 36	联数：六联；规格：36	组	组	来源单位一致		六联管夹36；管夹		材质未提供，默认碳钢；联数源自输入，规格源自输入。	PIPE-000335	1		保留联数与规格，去除默认材质推断，单位统一为组。	紧固件与连接件/管卡/抱箍/管夹
PIPE-000336	管夹	管夹 单管 36	联数：单管；规格：36	只	只	来源单位一致		单管夹36；管夹		材质未提供，默认碳钢；联数与规格源自输入。	PIPE-000336	1		保留联数与规格，去除默认材质推断，单位统一为只。	紧固件与连接件/管卡/抱箍/管夹
PIPE-000383	管夹	管夹 重型 36	类型：重型；规格：36	只	只	来源单位一致		重型管夹36；重型管夹		材质未提供，默认碳钢；类型与规格源自输入。	PIPE-000383	1		保留类型和规格，去除默认材质推断，单位统一为只。	紧固件与连接件/管卡/抱箍/管夹
PIPE-000384	管夹	管夹 重型 六联 36	类型：重型；联数：六联；规格：36	组	组	来源单位一致		重型6联管夹；重型六联管夹		规格未提供，根据同组其他SKU（PIPE-000335）推断为36；材质默认碳钢。	PIPE-000384	1		从别名提取联数与类型，规格根据同组推断，单位统一为组。	紧固件与连接件/管卡/抱箍/管夹
SPARE-000045	外六角螺栓	外六角螺栓 M10*40	规格/口径：M10*40；材质：碳钢；强度等级：8.8；表面处理：镀锌	个	个	来源单位一致		10*40六角螺丝；六角螺丝；螺丝	头型/驱动：六角	原始规格10*40按常见外六角螺栓命名惯例补全为M10*40；单位由套改为个以统一。	SPARE-000045	1		规格10*40补全为M10*40；删除默认六角头；单位由套改为个以统一。	紧固件与连接件/螺丝/螺栓/外六角螺栓
FAST-000058	外六角螺栓	外六角螺栓 M27*100	规格/口径：M27*100；材质：碳钢；强度等级：8.8；表面处理：镀锌	个	个	来源单位一致		加工M27*100加长六角螺丝；加长六角螺丝；螺丝	头型/驱动：六角；定制：是；特征：加长		FAST-000058	1		保留规格、材质、强度、表面处理；删除默认六角头、定制和加长特征；长度已体现在规格中。	紧固件与连接件/螺丝/螺栓/外六角螺栓
FAST-000098	不锈钢螺丝套件	不锈钢螺丝套件 M6*20	材质：不锈钢；规格：M6*20；套件组成：平垫+弹垫	套	套	来源单位一致		不锈钢M6*20螺丝带平弹垫；不锈钢螺丝套件；螺丝套件	成套：是		FAST-000098	1		保留材质、规格、套件组成；删除默认的成套标志；缺失头型、强度等级未补全。	紧固件与连接件/螺丝/螺栓/不锈钢螺丝套件
FAST-000105	内六角螺丝套件	内六角螺丝套件 M10*50	材质：碳钢；规格/口径：M10*50；强度等级：8.8；表面处理：发黑；套件组成：螺母	套	套	来源单位一致		8.8级内六角螺丝M10*50带螺母；内六角螺丝套件；螺丝套件	头型/驱动：内六角；成套：是		FAST-000105	1		保留材质、规格、强度、表面处理、套件组成等关键字段；删除头型/驱动（名称已体现）和成套（默认）	紧固件与连接件/螺丝/螺栓/内六角螺丝套件
FAST-000096	内六角螺丝套件	内六角螺丝套件 M5*10	材质：不锈钢；规格/口径：M5*10；强度等级：12.9；表面处理：发黑；套件组成：平垫+弹垫	套	套	来源单位一致		不锈钢内六角螺丝M5*10带平弹垫；内六角螺丝套件；螺丝套件	头型/驱动：内六角；成套：是		FAST-000096	1		保留材质、规格、强度、表面处理、套件组成等关键字段；删除头型/驱动（名称已体现）和成套（默认）	紧固件与连接件/螺丝/螺栓/内六角螺丝套件
FAST-000097	内六角螺丝套件	内六角螺丝套件 M5*16	材质：不锈钢；规格/口径：M5*16；强度等级：12.9；表面处理：发黑；套件组成：平垫+弹垫	套	套	来源单位一致		不锈钢内六角螺丝M5*16带平弹垫；内六角螺丝套件；螺丝套件	头型/驱动：内六角；成套：是		FAST-000097	1		保留材质、规格、强度、表面处理、套件组成等关键字段；删除头型/驱动（名称已体现）和成套（默认）	紧固件与连接件/螺丝/螺栓/内六角螺丝套件
FAST-000095	内六角螺丝套件	内六角螺丝套件 M5*30	材质：不锈钢；规格/口径：M5*30；强度等级：12.9；表面处理：发黑；套件组成：平垫+弹垫	套	套	来源单位一致		不锈钢内六角螺丝M5*30带平弹垫；内六角螺丝套件；螺丝套件	头型/驱动：内六角；成套：是		FAST-000095	1		保留材质、规格、强度、表面处理、套件组成等关键字段；删除头型/驱动（名称已体现）和成套（默认）	紧固件与连接件/螺丝/螺栓/内六角螺丝套件
FAST-000013	外六角螺栓套件	外六角螺栓套件 M22*100	规格：M22*100；材质：碳钢；强度等级：8.8；表面处理：镀锌；成套：是	套	套	来源单位一致		22*100螺丝；六角螺栓组件；螺丝套件	头型/驱动：六角		FAST-000013	1		规格完整，保留核心字段，删除默认头型描述	紧固件与连接件/螺丝/螺栓/外六角螺栓套件
SPARE-000071	普通螺栓	普通螺栓 M12×40	规格/口径：M12×40；材质：碳钢；强度等级：8.8；表面处理：镀锌	个	个	来源单位一致		12*40螺丝；螺丝		规格补全M前缀；材质、强度等级、表面处理由系统推定补全；原单位套，统一为个	SPARE-000071	1		补全M前缀，单位统一	紧固件与连接件/螺丝/螺栓/普通螺栓
SPARE-000020	普通螺栓	普通螺栓 M12×50	规格/口径：M12×50；材质：碳钢；强度等级：8.8；表面处理：镀锌	个	个	来源单位一致		12*50螺丝；螺丝		规格补全M前缀；材质、强度等级、表面处理由系统推定补全；原单位套，统一为个	SPARE-000020	1		补全M前缀，单位统一	紧固件与连接件/螺丝/螺栓/普通螺栓
SPARE-000019	普通螺栓	普通螺栓 M12×60	规格/口径：M12×60；材质：碳钢；强度等级：8.8；表面处理：镀锌	个	个	来源单位一致		12*60螺丝；螺丝		规格补全M前缀；材质、强度等级、表面处理由系统推定补全；原单位套，统一为个	SPARE-000019	1		补全M前缀，单位统一	紧固件与连接件/螺丝/螺栓/普通螺栓
SPARE-000048	普通螺栓	普通螺栓 M14×180	规格/口径：M14×180；材质：碳钢；强度等级：8.8；表面处理：镀锌	个	个	来源单位一致		14*180螺丝；螺丝		规格补全M前缀；材质、强度等级、表面处理由系统推定补全；原单位套，统一为个	SPARE-000048	1		补全M前缀，单位统一	紧固件与连接件/螺丝/螺栓/普通螺栓
SPARE-000015	普通螺栓	普通螺栓 M14×50	规格/口径：M14×50；材质：碳钢；强度等级：8.8；表面处理：镀锌	个	个	来源单位一致		14*50螺丝；螺丝		规格补全M前缀；材质、强度等级、表面处理由系统推定补全；原单位套，统一为个	SPARE-000015	1		补全M前缀，单位统一	紧固件与连接件/螺丝/螺栓/普通螺栓
SPARE-000082	普通螺栓	普通螺栓 M16×160	规格/口径：M16×160；材质：碳钢；强度等级：8.8；表面处理：镀锌	个	个	来源单位一致		16*160螺丝；螺丝		规格补全M前缀；材质、强度等级、表面处理由系统推定补全	SPARE-000082	1		补全M前缀，保留关键字段	紧固件与连接件/螺丝/螺栓/普通螺栓
SPARE-000018	普通螺栓	普通螺栓 M16×30	规格/口径：M16×30；材质：碳钢；强度等级：8.8；表面处理：镀锌	个	个	来源单位一致		16*30螺丝；螺丝		规格补全M前缀；材质、强度等级、表面处理由系统推定补全；原单位套，统一为个	SPARE-000018	1		补全M前缀，单位统一	紧固件与连接件/螺丝/螺栓/普通螺栓
SPARE-000014	普通螺栓	普通螺栓 M16×50	规格/口径：M16×50；材质：碳钢；强度等级：8.8；表面处理：镀锌	个	个	来源单位一致		16*50螺丝；螺丝		规格补全M前缀；材质、强度等级、表面处理由系统推定补全；原单位套，统一为个	SPARE-000014	1		补全M前缀，单位统一	紧固件与连接件/螺丝/螺栓/普通螺栓
SPARE-000034	普通螺栓	普通螺栓 M20×120	规格/口径：M20×120；材质：碳钢；强度等级：8.8；表面处理：镀锌	个	个	来源单位一致		M20*120螺丝；螺丝		材质、强度等级、表面处理由系统推定补全	SPARE-000034	1		规格完整，保留关键字段	紧固件与连接件/螺丝/螺栓/普通螺栓
FAST-000053	普通螺栓	普通螺栓 M20×130	规格/口径：M20×130；材质：碳钢；强度等级：8.8；表面处理：镀锌	个	个	来源单位一致		M20*130螺丝；螺丝		材质、强度等级、表面处理由系统推定补全；原单位套，统一为个	FAST-000053；SPARE-000075	2	规格、材质、强度、表面处理相同，单位差异（个/套）	与SPARE-000075规格相同，标记合并；与FAST-000053规格相同，标记合并	紧固件与连接件/螺丝/螺栓/普通螺栓
FAST-000051	普通螺栓	普通螺栓 M20×30	规格/口径：M20×30；材质：碳钢；强度等级：8.8；表面处理：镀锌	个	个	来源单位一致		M20*30螺丝；螺丝		材质、强度等级、表面处理由系统推定补全	FAST-000051	1		规格完整，保留关键字段	紧固件与连接件/螺丝/螺栓/普通螺栓
FAST-000052	普通螺栓	普通螺栓 M20×35	规格/口径：M20×35；材质：碳钢；强度等级：8.8；表面处理：镀锌	个	个	来源单位一致		M20*35螺丝；螺丝		材质、强度等级、表面处理由系统推定补全；原单位套，统一为个	FAST-000052；SPARE-000076	2	规格、材质、强度、表面处理相同，单位差异（个/套）	与SPARE-000076规格相同，标记合并；与FAST-000052规格相同，标记合并	紧固件与连接件/螺丝/螺栓/普通螺栓
SPARE-000077	普通螺栓	普通螺栓 M20×40	规格/口径：M20×40；材质：碳钢；强度等级：8.8；表面处理：镀锌	个	个	来源单位一致		M20*40螺丝；螺丝		材质、强度等级、表面处理由系统推定补全；原单位套，统一为个	SPARE-000077	1		规格完整，单位统一	紧固件与连接件/螺丝/螺栓/普通螺栓
SPARE-000079	普通螺栓	普通螺栓 M22×100	规格/口径：M22×100；材质：碳钢；强度等级：8.8；表面处理：镀锌	个	个	来源单位一致		22*100螺丝；螺丝		规格补全M前缀；材质、强度等级、表面处理由系统推定补全	SPARE-000079	1		补全M前缀，保留关键字段	紧固件与连接件/螺丝/螺栓/普通螺栓
FAST-000048	普通螺栓	普通螺栓 M24×230	规格/口径：M24×230；材质：碳钢；强度等级：8.8；表面处理：镀锌	个	个	来源单位一致		24*230螺丝；M24*230螺丝；螺丝		材质、强度等级、表面处理由系统推定补全	FAST-000048	1		规格完整，保留关键字段	紧固件与连接件/螺丝/螺栓/普通螺栓
FAST-000055	普通螺栓	普通螺栓 M27×100	规格/口径：M27×100；材质：碳钢；强度等级：8.8；表面处理：镀锌	个	个	来源单位一致		M27*100螺丝；螺丝		材质、强度等级、表面处理由系统推定补全	FAST-000055	1		规格完整，保留关键字段	紧固件与连接件/螺丝/螺栓/普通螺栓
SPARE-000068	普通螺栓	普通螺栓 M27×120	规格/口径：M27×120；材质：碳钢；强度等级：8.8；表面处理：镀锌	个	个	来源单位一致		M27*120螺丝；螺丝		材质、强度等级、表面处理由系统推定补全	SPARE-000068	1		规格完整，保留关键字段	紧固件与连接件/螺丝/螺栓/普通螺栓
SPARE-000065	普通螺栓	普通螺栓 M30×100	规格/口径：M30×100；材质：碳钢；强度等级：8.8；表面处理：镀锌	个	个	来源单位一致		M30*100螺丝；螺丝		材质、强度等级、表面处理由系统推定补全	SPARE-000065	1		规格完整，保留关键字段	紧固件与连接件/螺丝/螺栓/普通螺栓
FAST-000043	普通螺栓	普通螺栓 M48×120	规格/口径：M48×120；材质：碳钢；强度等级：8.8；表面处理：镀锌	个	个	来源单位一致		M48*120螺丝；螺丝		材质、强度等级、表面处理由系统推定补全	FAST-000043	1		规格完整，保留关键字段	紧固件与连接件/螺丝/螺栓/普通螺栓
SPARE-000016	普通螺栓	普通螺栓 M8×250	规格/口径：M8×250；材质：碳钢；强度等级：8.8；表面处理：镀锌	个	个	来源单位一致		8*250螺丝；螺丝		规格补全M前缀；材质、强度等级、表面处理由系统推定补全；原单位套，统一为个	SPARE-000016	1		补全M前缀，单位统一	紧固件与连接件/螺丝/螺栓/普通螺栓
SPARE-000017	普通螺栓	普通螺栓 M8×30	规格/口径：M8×30；材质：碳钢；强度等级：8.8；表面处理：镀锌	个	个	来源单位一致		8*30螺丝；螺丝		规格补全M前缀；材质、强度等级、表面处理由系统推定补全；原单位套，统一为个	SPARE-000017	1		补全M前缀，单位统一	紧固件与连接件/螺丝/螺栓/普通螺栓
FAST-000115	十字螺丝	十字螺丝 M5×60	规格：M5×60；材质：碳钢；表面处理：镀锌；接口：外丝	个	个	来源单位一致		十字螺丝Φ5*60；十字螺丝；螺丝			FAST-000115	1		原单位'套'改为'个'，因套件内容缺失；规格Φ5*60规范为M5×60；接口类型补充外丝。	紧固件与连接件/螺丝/螺栓/十字螺丝
SPARE-000031	内六角螺丝	内六角螺丝 M10*40	规格：M10*40；强度等级：12.9；材质：碳钢；表面处理：发黑	个	个	来源单位一致		10*40内六角；内六角螺丝；螺丝	头型/驱动：内六角	原始规格为10*40，补充M前缀；原始UOM为套，统一为个	SPARE-000031	1		头型/驱动已体现在名称中，删除；规格补全M前缀；单位统一	紧固件与连接件/螺丝/螺栓/内六角螺丝
FAST-000075	内六角螺丝	内六角螺丝 M12*100	规格：M12*100；强度等级：10.9；材质：碳钢；表面处理：发黑	个	个	来源单位一致		10.9级M12*100内六角螺栓；内六角螺栓；螺丝	头型/驱动：内六角	原始UOM为只，统一为个	FAST-000075	1		头型/驱动已体现在名称中，删除；强度等级10.9与其余不同，不合并；单位统一	紧固件与连接件/螺丝/螺栓/内六角螺丝
FAST-000044	内六角螺丝	内六角螺丝 M14*120	规格：M14*120；强度等级：12.9；材质：碳钢；表面处理：发黑	个	个	来源单位一致		14*120内六角螺丝；内六角螺丝；螺丝	头型/驱动：内六角	原始UOM为个，无需转换	FAST-000044	1		头型/驱动已体现在名称中，删除；规格不同，不合并	紧固件与连接件/螺丝/螺栓/内六角螺丝
SPARE-000032	内六角螺丝	内六角螺丝 M16*50	规格：M16*50；强度等级：12.9；材质：碳钢；表面处理：发黑	个	个	来源单位一致		16*50内六角；内六角螺丝；螺丝	头型/驱动：内六角	原始规格为16*50，补充M前缀；原始UOM为套，统一为个	SPARE-000032	1		头型/驱动已体现在名称中，删除；规格补全M前缀；单位统一	紧固件与连接件/螺丝/螺栓/内六角螺丝
FAST-000034	内六角螺丝	内六角螺丝 M6*40	规格：M6*40；强度等级：12.9；材质：碳钢；表面处理：发黑	个	个	来源单位一致		6*40内六角螺丝；M6*40内六角螺丝；内六角螺丝；螺丝	头型/驱动：内六角	原始UOM为套，统一为个	FAST-000034	1		头型/驱动已体现在名称中，删除；规格不同，不合并；单位统一	紧固件与连接件/螺丝/螺栓/内六角螺丝
FAST-000027	内六角螺丝	内六角螺丝 M8*40	规格：M8*40；强度等级：12.9；材质：碳钢；表面处理：发黑	个	个	来源单位一致		8*40内六角螺丝；M8*40内六角螺丝；内六角螺丝；螺丝	头型/驱动：内六角	原始UOM为套，统一为个	FAST-000027	1		头型/驱动已体现在名称中，删除；规格不同，不合并；单位统一	紧固件与连接件/螺丝/螺栓/内六角螺丝
FAST-000025	内六角螺丝	内六角螺丝 M8*45	规格：M8*45；强度等级：12.9；材质：碳钢；表面处理：发黑	个	个	来源单位一致		M8*45内六角螺丝；内六角螺丝；螺丝	头型/驱动：内六角	原始UOM为个，统一使用个	FAST-000025	1		头型/驱动已体现在名称中，删除；保留规格、强度等级、材质、表面处理	紧固件与连接件/螺丝/螺栓/内六角螺丝
FAST-000122	圆头螺丝套件	圆头螺丝套件 M5*70	规格：M5*70；材质：碳钢；表面处理：镀锌；套件组成：平垫+弹垫	套	套	来源单位一致		圆头螺丝m5*70带平 弹垫；圆头螺丝套件；螺丝套件	头型/驱动：圆头（已含于名称）	强度等级未提供，未补全	FAST-000122	1		保留规格、材质、表面处理及套件组成，头型由名称体现，删除头型字段。	紧固件与连接件/螺丝/螺栓/圆头螺丝套件
FAST-000073	自攻螺丝	自攻螺丝 M4*10	直径：M4；长度：10mm；材质：碳钢；表面处理：镀锌；驱动类型：十字	只	只	来源单位一致		M4*10自攻丝；自攻螺丝；螺丝	类型：自攻（已体现在名称）；单位：盒（统一转换为只）	头型缺失，按常见自攻螺丝默认十字槽	FAST-000073	1		保留关键买错字段：直径、长度、材质、表面处理、驱动类型；默认补齐头型为十字；统一单位为只	紧固件与连接件/螺丝/螺栓/自攻螺丝
FAST-000103	自攻螺丝	自攻螺丝 M4*16	直径：M4；长度：16mm；材质：碳钢；表面处理：镀锌；驱动类型：十字	只	只	来源单位一致		自攻螺丝M4；自攻螺丝；螺丝	类型：自攻（已体现在名称）	长度缺失，按M4自攻螺丝常见长度16mm补齐；头型缺失，默认十字槽	FAST-000103	1		保留关键买错字段：直径、长度、材质、表面处理、驱动类型；默认补齐长度和头型；统一单位为只	紧固件与连接件/螺丝/螺栓/自攻螺丝
FAST-000106	自攻螺丝	自攻螺丝 M5*60	直径：M5；长度：60mm；材质：碳钢；表面处理：镀锌；驱动类型：十字	只	只	来源单位一致		自攻螺丝60mm；自攻螺丝；螺丝	类型：自攻（已体现在名称）；单位：盒（统一转换为只）	直径缺失，按长度60mm常见直径M5补齐；头型缺失，默认十字槽	FAST-000106	1		保留关键买错字段：直径、长度、材质、表面处理、驱动类型；默认补齐直径和头型；统一单位为只	紧固件与连接件/螺丝/螺栓/自攻螺丝
SPARE-000061	自攻螺丝	自攻螺丝 M6*20 六角	直径：M6；长度：20mm；材质：碳钢；表面处理：镀锌；驱动类型：六角	只	只	来源单位一致		6六角自攻螺丝；六角自攻螺丝；螺丝	类型：六角自攻（已体现在名称）；单位：盒（统一转换为只）	长度缺失，按M6自攻螺丝常见长度20mm补齐	SPARE-000061	1		保留关键买错字段：直径、长度、材质、表面处理、驱动类型；默认补齐长度；统一单位为只	紧固件与连接件/螺丝/螺栓/自攻螺丝
FAST-000039	螺丝套件	螺丝套件 M10*15	规格：M10*15；材质：碳钢；强度等级：8.8；表面处理：镀锌	套	套	来源单位一致		M10*15螺丝；螺丝组件；螺丝套件	成套：是		FAST-000039	1		按规格、材质、强度等级和表面处理生成标准SKU，删除默认成套属性	紧固件与连接件/螺丝/螺栓/螺丝套件
FAST-000046	螺丝套件	螺丝套件 M10*40	规格：M10*40；材质：碳钢；强度等级：8.8；表面处理：镀锌	套	套	来源单位一致		M10*40螺丝；螺丝组件；螺丝套件	成套：是		FAST-000046	1		按规格、材质、强度等级和表面处理生成标准SKU，删除默认成套属性	紧固件与连接件/螺丝/螺栓/螺丝套件
FAST-000054	螺丝套件	螺丝套件 M10*55	规格：M10*55；材质：碳钢；强度等级：8.8；表面处理：镀锌	套	套	来源单位一致		M10*55镀锌螺丝；螺丝组件；螺丝套件	成套：是		FAST-000054	1		按规格、材质、强度等级和表面处理生成标准SKU，删除默认成套属性	紧固件与连接件/螺丝/螺栓/螺丝套件
FAST-000087	螺丝套件	螺丝套件 M12*30	规格：M12*30；材质：碳钢；强度等级：8.8；表面处理：镀锌	套	套	来源单位一致		镀锌螺丝M12*30；镀锌螺丝套件；螺丝套件	成套：是		FAST-000087	1		按规格、材质、强度等级和表面处理生成标准SKU，删除默认成套属性	紧固件与连接件/螺丝/螺栓/螺丝套件
FAST-000047	螺丝套件	螺丝套件 M12*40	规格：M12*40；材质：碳钢；强度等级：8.8；表面处理：镀锌	套	套	来源单位一致		M12*40螺丝；螺丝组件；螺丝套件	成套：是		FAST-000047	1		按规格、材质、强度等级和表面处理生成标准SKU，删除默认成套属性	紧固件与连接件/螺丝/螺栓/螺丝套件
FAST-000045	螺丝套件	螺丝套件 M16*70	规格：M16*70；材质：碳钢；强度等级：8.8；表面处理：镀锌	套	套	来源单位一致		M16*70螺丝；螺丝组件；螺丝套件	成套：是		FAST-000045	1		按规格、材质、强度等级和表面处理生成标准SKU，删除默认成套属性	紧固件与连接件/螺丝/螺栓/螺丝套件
FAST-000032	螺丝套件	螺丝套件 M20*35	规格：M20*35；材质：碳钢；强度等级：8.8；表面处理：镀锌	套	套	来源单位一致		M20*35螺丝；螺丝组件；螺丝套件	成套：是		FAST-000032	1		按规格、材质、强度等级和表面处理生成标准SKU，删除默认成套属性	紧固件与连接件/螺丝/螺栓/螺丝套件
FAST-000033	螺丝套件	螺丝套件 M20*40	规格：M20*40；材质：碳钢；强度等级：8.8；表面处理：镀锌	套	套	来源单位一致		M20*40螺丝；螺丝组件；螺丝套件	成套：是		FAST-000033	1		按规格、材质、强度等级和表面处理生成标准SKU，删除默认成套属性	紧固件与连接件/螺丝/螺栓/螺丝套件
FAST-000035	螺丝套件	螺丝套件 M4*15	规格：M4*15；材质：碳钢；强度等级：8.8；表面处理：镀锌	套	套	来源单位一致		M4*15螺丝；螺丝组件；螺丝套件	成套：是		FAST-000035	1		按规格、材质、强度等级和表面处理生成标准SKU，删除默认成套属性	紧固件与连接件/螺丝/螺栓/螺丝套件
FAST-000036	螺丝套件	螺丝套件 M5*15	规格：M5*15；材质：碳钢；强度等级：8.8；表面处理：镀锌	套	套	来源单位一致		M5*15螺丝；螺丝组件；螺丝套件	成套：是		FAST-000036	1		按规格、材质、强度等级和表面处理生成标准SKU，删除默认成套属性	紧固件与连接件/螺丝/螺栓/螺丝套件
FAST-000037	螺丝套件	螺丝套件 M6*15	规格：M6*15；材质：碳钢；强度等级：8.8；表面处理：镀锌	套	套	来源单位一致		M6*15螺丝；螺丝组件；螺丝套件	成套：是		FAST-000037	1		按规格、材质、强度等级和表面处理生成标准SKU，删除默认成套属性	紧固件与连接件/螺丝/螺栓/螺丝套件
FAST-000022	螺丝套件	螺丝套件 M6*25	规格：M6*25；材质：碳钢；强度等级：8.8；表面处理：镀锌	套	套	来源单位一致		M6*25螺丝；螺丝组件；螺丝套件	成套：是		FAST-000022	1		按规格、材质、强度等级和表面处理生成标准SKU，删除默认成套属性	紧固件与连接件/螺丝/螺栓/螺丝套件
FAST-000038	螺丝套件	螺丝套件 M8*15	规格：M8*15；材质：碳钢；强度等级：8.8；表面处理：镀锌	套	套	来源单位一致		M8*15螺丝；螺丝组件；螺丝套件	成套：是		FAST-000038	1		按规格、材质、强度等级和表面处理生成标准SKU，删除默认成套属性	紧固件与连接件/螺丝/螺栓/螺丝套件
FAST-000074	螺丝套件	螺丝套件 M8*20	规格：M8*20；材质：碳钢；强度等级：8.8；表面处理：镀锌	套	套	来源单位一致		M8*20螺丝；螺丝套件	类型：螺丝；成套：是		FAST-000074	1		按规格、材质、强度等级和表面处理生成标准SKU，删除默认类型和成套属性	紧固件与连接件/螺丝/螺栓/螺丝套件
FAST-000015	螺丝套件	螺丝套件 M8*25	规格：M8*25；材质：碳钢；强度等级：8.8；表面处理：镀锌	套	套	来源单位一致		8*25螺丝；M8*25螺丝；螺丝组件；螺丝套件	成套：是		FAST-000015	1		按规格、材质、强度等级和表面处理生成标准SKU，删除默认成套属性	紧固件与连接件/螺丝/螺栓/螺丝套件
FAST-000084	高强度螺丝套件	高强度螺丝套件 M10*80 8.8级 发黑	强度等级：8.8；规格：M10*80；材质：合金钢；表面处理：发黑；套件组成：平垫+弹垫	套	套	来源单位一致		8.8级M10*80螺丝带平 弹垫；螺丝套件	强度描述：高强度；成套：是		FAST-000084	1		标准SKU名称包含规格、强度等级和表面处理；minimal_required_specs保留强度等级、规格、材质、表面处理、套件组成；移除冗余字段强度描述和成套标志。	紧固件与连接件/螺丝/螺栓/高强度螺丝套件
FAST-000117	高强度螺丝套件	高强度螺丝套件 M16*120 8.8级 发黑	强度等级：8.8；规格：M16*120；材质：合金钢；表面处理：发黑；套件组成：平垫+弹垫	套	套	来源单位一致		8.8级M16*120螺丝带平弹垫；螺丝套件	强度描述：高强度；成套：是		FAST-000117	1		标准SKU名称包含规格、强度等级和表面处理；minimal_required_specs保留强度等级、规格、材质、表面处理、套件组成；移除冗余字段强度描述和成套标志。	紧固件与连接件/螺丝/螺栓/高强度螺丝套件
FAST-000091	高强度螺丝套件	高强度螺丝套件 M16*130 8.8级 发黑	强度等级：8.8；规格：M16*130；材质：合金钢；表面处理：发黑；套件组成：平垫+弹垫	套	套	来源单位一致		8.8级M16*130螺丝带平 弹垫；螺丝套件	强度描述：高强度；成套：是		FAST-000091	1		标准SKU名称包含规格、强度等级和表面处理；minimal_required_specs保留强度等级、规格、材质、表面处理、套件组成；移除冗余字段强度描述和成套标志。	紧固件与连接件/螺丝/螺栓/高强度螺丝套件
FAST-000116	高强度螺丝套件	高强度螺丝套件 M16*50 8.8级 发黑	强度等级：8.8；规格：M16*50；材质：合金钢；表面处理：发黑；套件组成：平垫+弹垫	套	套	来源单位一致		8.8级M16*50螺丝带平弹垫；螺丝套件	强度描述：高强度；成套：是		FAST-000116	1		标准SKU名称包含规格、强度等级和表面处理；minimal_required_specs保留强度等级、规格、材质、表面处理、套件组成；移除冗余字段强度描述和成套标志。	紧固件与连接件/螺丝/螺栓/高强度螺丝套件
FAST-000093	高强度螺丝套件	高强度螺丝套件 M16*60 8.8级 发黑	强度等级：8.8；规格：M16*60；材质：合金钢；表面处理：发黑；套件组成：平垫+弹垫	套	套	来源单位一致		8.8级M16*60螺丝带平 弹垫；螺丝套件	强度描述：高强度；成套：是		FAST-000093	1		标准SKU名称包含规格、强度等级和表面处理；minimal_required_specs保留强度等级、规格、材质、表面处理、套件组成；移除冗余字段强度描述和成套标志。	紧固件与连接件/螺丝/螺栓/高强度螺丝套件
FAST-000123	高强度螺丝套件	高强度螺丝套件 M16*70 8.8级 发黑	强度等级：8.8；规格：M16*70；材质：合金钢；表面处理：发黑；套件组成：平垫+弹垫	套	套	来源单位一致		8.8级m16*70螺丝带平 弹垫；高强度螺丝套件；螺丝套件	强度描述：高强度；成套：是	表面处理：发黑（根据governance_note推定）	FAST-000123	1		标准SKU名称包含规格、强度等级和表面处理；minimal_required_specs保留强度等级、规格、材质、表面处理、套件组成；移除冗余字段强度描述和成套标志；表面处理缺失故按governance_note推定发黑。	紧固件与连接件/螺丝/螺栓/高强度螺丝套件
FAST-000090	高强度螺丝套件	高强度螺丝套件 M16*70 8.8级 镀锌	强度等级：8.8；规格：M16*70；材质：合金钢；表面处理：镀锌；套件组成：平垫+弹垫	套	套	来源单位一致		8.8级M16*70镀锌螺丝带平 弹垫；螺丝套件	强度描述：高强度；成套：是		FAST-000090	1		标准SKU名称包含规格、强度等级和表面处理；minimal_required_specs保留强度等级、规格、材质、表面处理、套件组成；移除冗余字段强度描述和成套标志。	紧固件与连接件/螺丝/螺栓/高强度螺丝套件
FAST-000100	高强度螺丝套件	高强度螺丝套件 M20*200 8.8级 发黑	强度等级：8.8；规格：M20*200；材质：合金钢；表面处理：发黑；套件组成：平垫+弹垫	套	套	来源单位一致		8.8级M20*200螺丝带平 弹垫；螺丝套件	强度描述：高强度；成套：是		FAST-000100	1		标准SKU名称包含规格、强度等级和表面处理；minimal_required_specs保留强度等级、规格、材质、表面处理、套件组成；移除冗余字段强度描述和成套标志。	紧固件与连接件/螺丝/螺栓/高强度螺丝套件
FAST-000094	高强度螺丝套件	高强度螺丝套件 M20*60 8.8级 发黑	强度等级：8.8；规格：M20*60；材质：合金钢；表面处理：发黑；套件组成：平垫+弹垫	套	套	来源单位一致		8.8级M20*60螺丝带平 弹垫；螺丝套件	强度描述：高强度；成套：是		FAST-000094	1		标准SKU名称包含规格、强度等级和表面处理；minimal_required_specs保留强度等级、规格、材质、表面处理、套件组成；移除冗余字段强度描述和成套标志。	紧固件与连接件/螺丝/螺栓/高强度螺丝套件
FAST-000107	钻尾螺丝	钻尾螺丝 60mm	长度：60mm；材质：碳钢；表面处理：镀锌	盒	盒	来源单位一致		钻尾螺丝60mm	类型：钻尾	直径未提供，暂以长度作为关键规格，待采购确认规格。	FAST-000107	1		直径缺失，保留已知长度、材质和表面处理。	紧固件与连接件/螺丝/螺栓/钻尾螺丝
FAST-000104	钻尾螺丝	钻尾螺丝 M5.5*80	规格：M5.5*80；材质：碳钢；表面处理：镀锌	盒	盒	来源单位一致		钻尾螺丝M5.5*80大盒	类型：钻尾；包装：大盒		FAST-000104	1		合并规格，删除类型和包装等默认字段。	紧固件与连接件/螺丝/螺栓/钻尾螺丝
SPARE-000026	鱼尾螺栓	鱼尾螺栓 M10*60	规格：M10*60；材质：碳钢；强度等级：8.8；表面处理：镀锌	套	套	来源单位一致		M10*60鱼尾螺丝；鱼尾螺丝	类型：鱼尾		SPARE-000026	1		规格、材质、强度等级、表面处理均保留，类型从规格中删除（已体现在名称中）	紧固件与连接件/螺丝/螺栓/鱼尾螺栓
SPARE-000027	鱼尾螺栓	鱼尾螺栓 M14*70	规格：M14*70；材质：碳钢；强度等级：8.8；表面处理：镀锌	套	套	来源单位一致		M14*70鱼尾螺丝；鱼尾螺丝	类型：鱼尾		SPARE-000027	1		规格、材质、强度等级、表面处理均保留，类型从规格中删除（已体现在名称中）	紧固件与连接件/螺丝/螺栓/鱼尾螺栓
SPARE-000028	鱼尾螺栓	鱼尾螺栓 M16*90	规格：M16*90；材质：碳钢；强度等级：8.8；表面处理：镀锌	套	套	来源单位一致		M16*90鱼尾螺丝；鱼尾螺丝	类型：鱼尾		SPARE-000028	1		规格、材质、强度等级、表面处理均保留，类型从规格中删除（已体现在名称中）	紧固件与连接件/螺丝/螺栓/鱼尾螺栓
FAST-000119	高强度全牙螺栓	高强度全牙螺栓 12.9 M24*60	强度等级：12.9；规格：M24*60；螺纹形式：全牙；材质：合金钢；表面处理：发黑；套件组成：平垫+弹垫	套	套	来源单位一致		12.9级M24*60全芽螺丝带平弹垫；高强度全螺纹螺丝套件；螺丝套件	强度描述：高强度；成套：是		FAST-000119	1		保留强度等级、规格、螺纹形式、材质、表面处理、套件组成，删除强度描述和冗余的成套标识。	紧固件与连接件/螺丝/螺栓/高强度全牙螺栓
FAST-000108	高强度全牙螺栓	高强度全牙螺栓 12.9 M27*100	强度等级：12.9；规格：M27*100；螺纹形式：全牙；材质：合金钢；表面处理：发黑	套	套	来源单位一致		12.9级M27*100全芽螺丝；高强度全牙螺丝；螺丝	强度描述：高强度		FAST-000108	1		保留强度等级、规格、螺纹形式、材质、表面处理，删除强度描述冗余字段。	紧固件与连接件/螺丝/螺栓/高强度全牙螺栓
FAST-000082	高强度全牙螺栓	高强度全牙螺栓 12.9 M30*250	强度等级：12.9；规格：M30*250；螺纹形式：全牙；材质：合金钢；表面处理：发黑	套	套	来源单位一致		12.9级m30*250全芽螺丝；高强度全牙螺丝；螺丝	强度描述：高强度		FAST-000082	1		保留强度等级、规格、螺纹形式、材质、表面处理，删除强度描述冗余字段。	紧固件与连接件/螺丝/螺栓/高强度全牙螺栓
SPARE-000042	高强度螺栓	高强度螺栓 M10*150 12.9	规格：M10*150；强度等级：12.9；材质：合金钢；表面处理：发黑	个	个	来源单位一致		12.9级 10*150螺丝；高强度螺丝；螺丝	强度描述：高强度	原始规格无公称直径符号M，根据常见命名补齐为M10*150；标准单位统一为个，原单位为套，需人工确认换算	SPARE-000042	1		规格补齐M，强度等级、材质、表面处理均明确，单位统一为个	紧固件与连接件/螺丝/螺栓/高强度螺栓
FAST-000064	高强度螺栓	高强度螺栓 M30*100 12.9	规格：M30*100；强度等级：12.9；材质：合金钢；表面处理：发黑	个	个	来源单位一致		M30*100/12.9级螺丝；高强度螺丝；螺丝	强度描述：高强度		FAST-000064	1		规格完整，强度等级、材质、表面处理均已明确	紧固件与连接件/螺丝/螺栓/高强度螺栓
FAST-000067	高强度螺栓	高强度螺栓 M30*80 10.8	规格：M30*80；强度等级：10.8；材质：合金钢；表面处理：发黑	个	个	来源单位一致		M30*80/10.8级螺丝；高强度螺丝；螺丝	强度描述：高强度		FAST-000067	1		规格完整，强度等级、材质、表面处理均已明确	紧固件与连接件/螺丝/螺栓/高强度螺栓
FAST-000016	高强度螺栓	高强度螺栓 M5*95 12.9	规格：M5*95；强度等级：12.9；材质：合金钢；表面处理：发黑	个	个	来源单位一致		M5*95 12.9螺丝；高强度螺丝；螺丝	强度描述：高强度	标准单位统一为个，原单位为套，需人工确认换算	FAST-000016	1		规格完整，强度等级、材质、表面处理均已明确，单位统一为个	紧固件与连接件/螺丝/螺栓/高强度螺栓
PIPE-000261	管片螺栓	管片螺栓 8.8级	材质：碳钢；强度等级：8.8；表面处理：镀锌；定制：是；规格：待确认	根	根	来源单位一致		加工管片螺丝；管片螺丝；螺丝	用途：管片	依据 governance_note 推定补全材质：碳钢、强度等级：8.8、表面处理：镀锌；规格待确认	PIPE-000261	1		保留材质、强度、表面处理、定制等关键字段；删除用途字段（已在三级名称体现）；规格缺失，标记待确认	紧固件与连接件/螺丝/螺栓/管片螺栓
FAST-000079	防松螺母	防松螺母 M20 不锈钢	规格：M20；材质：不锈钢	个	个	来源单位一致		M20不锈钢防松螺帽；不锈钢防松螺母		强度等级缺失，未补全（常见A2-70但未指定）	FAST-000079	1		防松螺母M20不锈钢，材质明确，缺失强度等级不强制补全。单位从只统一为个。	紧固件与连接件/螺母/防松螺母
FAST-000050	防松螺母	防松螺母 M24	规格：M24；材质：碳钢；强度等级：8级	个	个	来源单位一致		24防松螺母		材质和强度等级缺失，按常见碳钢8级默认填充	FAST-000050	1		防松螺母M24，缺失材质和强度等级，按常见默认补全。单位从个统一，aliases保留有效别名。	紧固件与连接件/螺母/防松螺母
SPARE-000001	铁钉	铁钉 2寸	长度：2寸；直径：2.5mm	千克	千克	来源单位一致		2寸铁钉	材质：铁；表面处理：无	直径根据常见规格推断：2寸铁钉线径2.5mm	SPARE-000001	1		原始只有长度，补充常见直径；单位从斤统一为千克	紧固件与连接件/钉类/铁钉
SPARE-000053	铁钉	铁钉 3寸	长度：3寸；直径：3.0mm	千克	千克	来源单位一致		3寸铁钉	材质：铁；表面处理：无	直径根据常见规格推断：3寸铁钉线径3.0mm	SPARE-000053	1		原始只有长度，补充常见直径；单位从KG统一为千克	紧固件与连接件/钉类/铁钉
MAT-CEM-000009	水泥钉	水泥钉 25mm	长度：25mm	盒	盒	来源单位一致		水泥钉	类型：水泥钉	原始缺失规格，按常见水泥钉规格推断长度为25mm（1寸）	MAT-CEM-000009	1		原始缺失规格，仅保留长度作为最小关键规格；删除冗余的类型字段；按常见规格推断长度	紧固件与连接件/钉类/水泥钉
MAT-CEM-000017	水泥钉	水泥钉 40mm	长度：40mm	盒	盒	来源单位一致		水泥钉40mm；水泥钉			MAT-CEM-000017	1		保留原始长度规格，删除冗余信息	紧固件与连接件/钉类/水泥钉
FAST-000118	螺杆	螺杆 M10*30 8.8级	规格：M10*30；强度等级：8.8	个	个	来源单位一致		8.8级M10*30螺丝杆；螺丝杆；螺杆		单位从套统一为个	FAST-000118	1		保留规格和强度等级，统一单位	紧固件与连接件/螺杆/丝杆/螺杆
FAST-000029	螺杆	螺杆 M10*50	规格：M10*50	个	个	来源单位一致		螺杆10*50；螺杆			FAST-000029	1		保留规格口径和长度	紧固件与连接件/螺杆/丝杆/螺杆
SPARE-000057	螺杆	螺杆 M14*200	规格：M14*200	个	个	来源单位一致		14*200长螺杆；长螺杆；螺杆	类型：长螺杆	规格中缺M前缀，按标准螺杆命名为M14*200；单位从套统一为个	SPARE-000057	1		推断口径为M14，删除冗余描述，统一单位	紧固件与连接件/螺杆/丝杆/螺杆
FAST-000020	螺杆	螺杆 M16*60	规格：M16*60	个	个	来源单位一致		16*60螺杆；螺杆			FAST-000020	1		保留规格口径和长度	紧固件与连接件/螺杆/丝杆/螺杆
FAST-000018	螺杆	螺杆 M20*50	规格：M20*50	个	个	来源单位一致		20*50螺杆；螺杆		单位从套统一为个	FAST-000018	1		保留规格口径和长度，删除冗余默认单位差异	紧固件与连接件/螺杆/丝杆/螺杆
FAST-000017	螺杆	螺杆 M20*70	规格：M20*70	个	个	来源单位一致		20*70螺杆；螺杆		单位从套统一为个	FAST-000017	1		保留规格口径和长度，删除冗余默认单位差异	紧固件与连接件/螺杆/丝杆/螺杆
FAST-000040	螺杆	螺杆 M48*120	规格：M48*120	个	个	来源单位一致		48*120螺杆；M48*120螺杆；螺杆		单位从支统一为个	FAST-000040	1		保留规格口径和长度，统一单位	紧固件与连接件/螺杆/丝杆/螺杆
METAL-000116	钢钉	钢钉 25mm	长度：25mm；材质：钢；直径：2.0mm（常见默认）	盒	盒	来源单位一致		钢钉25mm；钢钉		原始缺失直径，根据常见规格默认直径2.0mm	METAL-000116	1		补充直径默认值2.0mm，单位保留盒，别名保留	紧固件与连接件/钉类/钢钉
FAST-000031	螺母	螺母 M10	规格：M10	个	个	来源单位一致		M10螺母			FAST-000031	1		仅保留规格M10，材质和强度等级缺失，未补全避免误导	紧固件与连接件/螺母/螺母
SPARE-000049	螺母	螺母 M14	规格：M14	个	个	来源单位一致		14螺母		原始规格为14，推断为公制规格M14	SPARE-000049	1		规格14推断为M14，仅保留规格，材质和强度等级缺失	紧固件与连接件/螺母/螺母
FAST-000021	螺母	螺母 M16	规格：M16	个	个	来源单位一致		16螺母；M16螺母		原始规格为16，推断为公制规格M16	FAST-000021；SPARE-000056	2	与SPARE-000056规格同为M16，均无材质强度，疑似重复；与FAST-000021规格同为M16，均无材质强度，疑似重复	仅保留规格M16，材质和强度等级缺失，未补全避免误导；规格16推断为M16，仅保留规格，材质和强度等级缺失	紧固件与连接件/螺母/螺母
FAST-000019	螺母	螺母 M20	规格：M20	个	个	来源单位一致		20螺母；M20螺母			FAST-000019	1		仅保留规格M20，材质和强度等级缺失，未补全避免误导，采购可根据规格判断	紧固件与连接件/螺母/螺母
SPARE-000080	螺母	螺母 M22	规格：M22	个	个	来源单位一致		22螺母		原始规格为22，推断为公制规格M22	SPARE-000080	1		规格22推断为M22，仅保留规格，材质和强度等级缺失	紧固件与连接件/螺母/螺母
FAST-000056	螺母	螺母 M27	规格：M27	个	个	来源单位一致		m27螺母；M27螺母			FAST-000056；SPARE-000069	2	与SPARE-000069规格同为M27，均无材质强度，疑似重复；与FAST-000056规格同为M27，均无材质强度，疑似重复	仅保留规格M27，材质和强度等级缺失，未补全避免误导	紧固件与连接件/螺母/螺母
FAST-000081	螺母	螺母 M30	强度等级：12.9；规格：M30	个	个	来源单位一致		12.9级螺母M30；高强度螺母	强度描述：高强度（可选字段）		FAST-000081	1	因强度等级不同，不与其他M30重复	保留强度等级12.9和规格M30，删除可选字段强度描述	紧固件与连接件/螺母/螺母
FAST-000065	螺母	螺母 M30	规格：M30	个	个	来源单位一致		30螺母；M30螺母			FAST-000065；SPARE-000066	2	与SPARE-000066规格同为M30，均无材质强度，疑似重复；与FAST-000065规格同为M30，均无材质强度，疑似重复	仅保留规格M30，材质和强度等级缺失，未补全避免误导	紧固件与连接件/螺母/螺母
SPARE-000040	螺母	螺母 M4	规格：M4	个	个	来源单位一致		M4螺母			SPARE-000040	1		仅保留规格M4，材质和强度等级缺失，未补全避免误导	紧固件与连接件/螺母/螺母
FAST-000041	螺母	螺母 M48	规格：M48	个	个	来源单位一致		48螺母；M48螺母	原单位：支，统一为个	原单位为支，螺母标准单位为个	FAST-000041	1		仅保留规格M48，材质和强度等级缺失，原单位由支改为个	紧固件与连接件/螺母/螺母
METAL-000154	螺母	螺母 M5	材质：不锈钢；规格：M5	个	个	来源单位一致		不锈钢M5螺母；不锈钢螺母	原单位：只，统一为个	原单位为只，螺母标准单位为个	METAL-000154	1		保留材质不锈钢和规格M5，删除原单位只改为个	紧固件与连接件/螺母/螺母
SPARE-000041	螺母	螺母 M5	规格：M5	个	个	来源单位一致		M5螺母			SPARE-000041	1		仅保留规格M5，材质和强度等级缺失，未补全避免误导；与METAL-000154材质不同，不重复	紧固件与连接件/螺母/螺母
FAST-000076	螺母	螺母 M6	材质：304不锈钢；规格：M6	个	个	来源单位一致		304螺帽M6；不锈钢螺母	原单位：只，统一为个	原单位为只，螺母标准单位为个	FAST-000076	1		保留材质304不锈钢和规格M6，删除原单位只改为个	紧固件与连接件/螺母/螺母
SPARE-000081	卡簧	卡簧 40	规格：40；类型：内卡簧	个	个	来源单位一致		40卡簧；卡簧	类型：卡簧	原始无内/外卡簧类型，按最常见的内卡簧填充	SPARE-000081	1		仅一条SKU，规格40，缺失内外类型，按内卡簧默认补齐；删除冗余类型字段。	紧固件与连接件/销/卡簧/卡簧
FAST-000099	全螺纹丝杆	全螺纹丝杆 M12×1000 10.9级	直径：M12；长度：1000mm；强度等级：10.9；材质：碳钢（推定）；表面处理：发黑（推定）	根	根	来源单位一致		10.9级M12*1m全牙丝杆；全螺纹丝杆	螺纹形式：全牙（默认）	缺失材质按常见碳钢推定；缺失表面处理按常见发黑推定	FAST-000099	1		规格明确，强度等级已标注	紧固件与连接件/螺杆/丝杆/全螺纹丝杆
FAST-000071	全螺纹丝杆	全螺纹丝杆 M14×700	直径：M14；长度：700mm；材质：碳钢（推定）；表面处理：发黑（推定）	根	根	来源单位一致		通丝14*700；通丝螺杆；螺杆	螺纹形式：全牙（默认）；类型：通丝（默认）；原单位：只（调整为根）	规格14*700推断为M14×700；缺失材质按常见碳钢推定；缺失表面处理按常见发黑推定	FAST-000071	1		规格14*700推断为M14×700；缺失材质和表面处理按常见推定	紧固件与连接件/螺杆/丝杆/全螺纹丝杆
FAST-000080	全螺纹丝杆	全螺纹丝杆 M30×1000 12.9级	直径：M30；长度：1000mm；强度等级：12.9；材质：碳钢（推定）；表面处理：发黑（推定）	根	根	来源单位一致		12.9级全牙螺杆M30*1m；高强度全牙螺杆；螺杆	螺纹形式：全牙（默认）；强度描述：高强度（冗余）	缺失材质按常见碳钢推定；缺失表面处理按常见发黑推定	FAST-000080	1		规格明确，强度等级已标注	紧固件与连接件/螺杆/丝杆/全螺纹丝杆
MAT-000181	万向脚轮	万向脚轮 3寸	尺寸：3寸；刹车：无	个	个	来源单位一致		万向轮；万向脚轮；万向车轮	类型：万向轮；原单位：只，统一为个；类型：万向脚轮	缺失尺寸和刹车配置，根据常见采购规格推断为3寸无刹车，生成常用初始SKU。	MAT-000181；MAT-000201	2	与MAT-000201标准SKU名和最小规格一致，疑似重复。；与MAT-000181标准SKU名和最小规格一致，疑似重复。	删除默认类型字段，统一单位，推断尺寸和刹车以形成可读SKU。	设备备件/传动件/万向脚轮
MAT-000210	万向脚轮	万向脚轮 3寸 带刹车	尺寸：3寸；刹车：有	个	个	来源单位一致		万向轮带刹车；万向脚轮；3寸转向轮带刹车；转向轮	类型：万向轮；原单位：只，统一为个；原单位：个，已统一；规格：3寸；特征：带刹车（已合并到刹车字段）；配置：带刹车（重复）	缺失尺寸，根据常见采购规格推断为3寸，刹车配置保留原值。；原始规格已包含尺寸和刹车，直接使用。	MAT-000210；SPARE-000037	2	与SPARE-000037标准SKU名和最小规格一致，疑似重复。；与MAT-000210标准SKU名和最小规格一致，疑似重复。	删除默认类型字段，统一单位，推断尺寸以形成可读SKU。；去除冗余字段，统一单位，标准化字段名。	设备备件/传动件/万向脚轮
METAL-000115	钢销	钢销 14mm*1m	直径：14mm；长度：1m；材质：钢	根	根	来源单位一致		钢销14mm*1m；钢销			METAL-000115	1		保留关键规格直径、长度、材质，按规格生成标准名称。	紧固件与连接件/销/卡簧/钢销
SPARE-000062	定向脚轮	定向脚轮 4寸	规格：4寸；刹车：无	个	个	来源单位一致		4寸定向轮；定向轮	类型：定向轮		SPARE-000062	1		保留规格和刹车状态，删除冗余类型字段；材质未提供暂不补齐。	设备备件/传动件/定向脚轮
SPARE-000063	定向脚轮	定向脚轮 4寸 带刹车	规格：4寸；刹车：有	个	个	来源单位一致		4寸定向轮刹；定向轮	类型：定向轮；配置：带刹车		SPARE-000063	1		保留规格和刹车状态，删除冗余的类型和配置字段；材质未提供暂不补齐。	设备备件/传动件/定向脚轮
MAT-000143	弹性销	弹性销 M4*28	直径：M4；长度：28；材质：弹簧钢	只	只	来源单位一致		弹性销M4*28；弹性销		材质未指定，按最常见弹性销材质弹簧钢补齐	MAT-000143	1		保留直径和长度作为关键规格；材质按默认补齐；无品牌；无重复	紧固件与连接件/销/卡簧/弹性销
MAT-000144	弹性销	弹性销 M6*28	直径：M6；长度：28；材质：弹簧钢	只	只	来源单位一致		弹性销M6*28；弹性销		材质未指定，按最常见弹性销材质弹簧钢补齐	MAT-000144	1		保留直径和长度作为关键规格；材质按默认补齐；无品牌；无重复	紧固件与连接件/销/卡簧/弹性销
SPARE-000108	传动皮带	传动皮带 1041	型号：1041	条	条	来源单位一致		皮带1041；传动皮带		单位统一为条，原单位为支	SPARE-000108	1		型号唯一，单位从支统一为条	设备备件/传动件/传动皮带
SPARE-000085	传动皮带	传动皮带 BLI1753	型号：BLI1753	条	条	来源单位一致		Bli1753皮带；传动皮带		单位保持原条	SPARE-000085	1		型号唯一，单位保持原条	设备备件/传动件/传动皮带
SPARE-000095	传动皮带	传动皮带 XPL2650	型号：XPL2650	条	条	来源单位一致		XPL2650皮带；传动皮带		单位统一为条，原单位为个	SPARE-000095	1		型号唯一，单位从个统一为条	设备备件/传动件/传动皮带
SPARE-000094	传动皮带	传动皮带 XPL2800	型号：XPL2800	条	条	来源单位一致		XPL2800皮带；传动皮带		单位统一为条，原单位为个	SPARE-000094	1		型号唯一，单位从个统一为条	设备备件/传动件/传动皮带
MAT-000217	开口销	开口销 M3*60	规格：M3*60	只	只	来源单位一致		开口销m3*60；开口销	类型：开口销		MAT-000217	1		保留规格字段，删除默认类型描述；材质未指定，按常见默认处理，不纳入最小规格。	紧固件与连接件/销/卡簧/开口销
CHEM-000122	平板输送带	平板输送带 1m*10mm	材质：橡胶；宽度：1m；厚度：10mm	件	件	来源单位一致		橡胶平板输送带1m*10mm;橡胶平板输送带		长度、层数、强度等级缺失，无法补齐	CHEM-000122	1		原始缺失长度、层数、强度等级，仅保留已知材质、宽度、厚度	设备备件/传动件/平板输送带
SPARE-000131	叶轮	叶轮 QJB-2/8	适配型号：QJB-2/8	个	个	来源单位一致		叶轮QJB-2/8；叶轮	部件：叶轮		SPARE-000131	1		保留适配型号，删除冗余字段	设备备件/传动件/叶轮
SPARE-000130	叶轮	叶轮 QJB-4/6	适配型号：QJB-4/6	个	个	来源单位一致		叶轮QJB-4/6；叶轮	部件：叶轮		SPARE-000130	1		保留适配型号，删除冗余字段	设备备件/传动件/叶轮
SPARE-000132	叶轮	叶轮 QJB-5/8	适配型号：QJB-5/8	个	个	来源单位一致		叶轮QJB-5/8；叶轮	部件：叶轮		SPARE-000132	1		保留适配型号，删除冗余字段	设备备件/传动件/叶轮
SPARE-000125	叶轮	叶轮 QJB-960S	适配型号：QJB-960S；材质：不锈钢	个	个	来源单位一致		不锈钢搅拌机叶轮QJB-960S；搅拌机叶轮	单位：只 -> 个		SPARE-000125	1		保留适配型号和材质，去除冗余单位	设备备件/传动件/叶轮
SPARE-000098	四氟垫片	四氟垫片 55	材质：四氟；外径：55mm	个	个	来源单位一致		55四氟垫片；四氟垫片		原始规格仅提供'规格：55'，未提供内外径和厚度。根据常见物料，推断为外径55mm的垫片，内径和厚度未明确，按初始库暂存。建议后续补全。	SPARE-000098	1		保留材质和外径55，内径厚度缺失按初始库暂存。	设备备件/密封垫片/四氟垫片
FAST-000083	四氟垫片	四氟垫片 Φ450*440*2	材质：四氟；外径：450mm；内径：440mm；厚度：2mm	个	个	来源单位一致		加工四氟垫片Φ450*440*2；四氟垫片	定制：是；加工：是		FAST-000083	1		保留尺寸(外径450内径440厚度2)和材质，删除定制/加工的非必要字段。	设备备件/密封垫片/四氟垫片
TOOL-000340	车轮胎套件	车轮胎套件 26寸	适配对象：劳动车；轮径：26英寸；轴孔：20mm；套件组成：车轮+实心车胎	套	套	来源单位一致		劳动车轮+实心车胎；劳动车轮胎套件		原始数据缺少轮径和轴孔，依据常见劳动车轮胎套件规格（26英寸轮径、20mm轴孔）生成初始SKU。	TOOL-000340	1		原始数据缺少轮径和轴孔，根据常见劳动车轮胎套件规格（26英寸、20mm）生成标准SKU；删除冗余描述，归一化三级物料名称。	设备备件/传动件/车轮胎套件
PIPE-000131	法兰垫片	法兰垫片 DN325 胶	规格/口径：DN325；材质：胶	个	个	来源单位一致		325胶垫；法兰胶垫	用途/适配：法兰连接密封		PIPE-000131；SPARE-000078	2	相同规格和材质的法兰垫片，可合并为一个SKU	保留口径和材质，删除默认用途，与SPARE-000078合并；保留口径和材质，删除默认用途，与PIPE-000131合并	设备备件/密封垫片/法兰垫片
SPARE-000134	机械密封	机械密封 109-35	材质：合金钢；型号：109-35	套	套	来源单位一致		合金钢机密封109-35；机械密封			SPARE-000134	1		保留材质和型号，两者均为采购关键字段。	设备备件/密封过滤件/机械密封
SPARE-000107	机械密封	机械密封 50	规格/轴径：50	套	套	来源单位一致		50机械密封；机械密封			SPARE-000107	1		保留原始规格，理解为轴径50mm。	设备备件/密封过滤件/机械密封
SPARE-000101	机械密封	机械密封 6205	型号：6205	个	个	来源单位一致		6205机械密封；机械密封			SPARE-000101	1		保留原始规格型号，未补缺失材质，因采购员可按型号购买。	设备备件/密封过滤件/机械密封
SPARE-000116	轴承	轴承 2315	型号：2315	个	个	来源单位一致	SKF	进口SKF-2315轴承；轴承	进口：是		SPARE-000116	1		品牌移入brand字段，型号作为关键规格，进口属性默认删除。	设备备件/传动件/轴承
SPARE-000102	轴承	轴承 J90354	型号：J90354	个	个	来源单位一致	TIMKEN	进口TIMKEN-J90354轴承；轴承	进口：是		SPARE-000102	1		品牌移入brand字段，型号作为关键规格，进口属性默认删除。	设备备件/传动件/轴承
SPARE-000126	O型圈	O型圈 63*5	内径：63mm；线径：5mm；材质：NBR	只	只	来源单位一致		O型圈63*5; O型圈		内径、线径根据规格“63*5”推断为内径63mm×线径5mm；材质按常规O型圈默认NBR（丁腈橡胶）	SPARE-000126	1		保留核心尺寸规格；材质按常规推断补齐，避免采购歧义；执行标准未提供，不强行补充	设备备件/密封过滤件/O型圈
SPARE-000120	O型圈套装	O型圈套装 ABC	套装：ABC	盒	盒	来源单位一致	派克	派克O型圈套装ABC；O型圈套装		原始缺失规格与材质，仅保留现有套装系列信息	SPARE-000120	1		保留套装系列作为关键规格；品牌放入brand字段；标准单位取库存单位	设备备件/密封过滤件/O型圈套装
CHEM-000088	胶垫	胶垫 50	规格/口径：50	个	个	来源单位一致		50胶垫；胶垫		材质、厚度缺失，仅保留口径	CHEM-000088	1		口径50，保留核心规格	设备备件/密封垫片/胶垫
CHEM-000087	胶垫	胶垫 63	规格/口径：63	个	个	来源单位一致		63快速接头胶垫；快速接头胶垫	适用：快速接头（行业默认）	材质、厚度缺失，仅保留口径	CHEM-000087	1		口径63，保留核心规格，删除默认接头描述	设备备件/密封垫片/胶垫
SPARE-000091	滤芯	滤芯 06/08-25	型号：06/08-25	个	个	来源单位一致		06/08-25滤芯；滤芯		型号从原始specs提取，适配设备和过滤精度缺失，按初始候选保留型号	SPARE-000091	1		型号06/08-25是唯一关键规格，适配设备和精度缺失，保留型号作为最小规格	设备备件/密封过滤件/滤芯
SPARE-000115	滤芯	滤芯 2寸 鼓风机	接口尺寸：2寸；适配设备：鼓风机	个	个	来源单位一致		2寸鼓风机滤芯；鼓风机滤芯		接口尺寸和适配设备从原始specs提取，过滤精度缺失	SPARE-000115	1		接口尺寸和适配设备是区分滤芯的关键，保留两者	设备备件/密封过滤件/滤芯
SPARE-000124	滤芯	滤芯 Φ160*505	尺寸：Φ160*505	个	个	来源单位一致		进口滤芯Φ160*505；滤芯	进口描述：是否进口不视为关键规格，已移除	尺寸从原始specs提取，适配设备、型号、精度缺失；原单位为只，标准单位统一为个	SPARE-000124	1		尺寸Φ160*505是核心区分规格，进口描述移除	设备备件/密封过滤件/滤芯
SPARE-000138	水封	水封 VS-75	型号：VS-75	只	只	来源单位一致		水封VS-75；水封		原始缺失材质，依型号保留	SPARE-000138	1		型号明确，材质缺失待补	设备备件/密封过滤件/水封
SPARE-000111	水封	水封 螺杆泵	品牌：耐驰；适用设备：螺杆泵；原装：是	个	个	来源单位一致	耐驰	原装耐驰螺杆泵水封；螺杆泵水封		原始缺失型号、材质、尺寸，依据原装和适用设备生成常用SKU	SPARE-000111	1		品牌耐驰原装螺杆泵水封，规格缺失，保留关键品牌和适用设备	设备备件/密封过滤件/水封
MAT-000127	注浆枪头	注浆枪头 M14*1.5	接口：M14*1.5	个	个	来源单位一致		注浆枪头；聚氨酯枪头	连接方式：螺纹；材质：45#钢；长度：100mm	注浆枪头最常见接口为M14*1.5，材质默认45#钢，连接方式默认螺纹，长度默认100mm，因此生成常用SKU。	MAT-000127；MAT-000138；MAT-000139	3	原始规格缺失，三条SKU无区别特征，标准名称和最小规格一致，疑似重复。	原始缺少接口规格，按常见注浆枪头规格补齐，并删除行业默认字段。；原始缺少接口规格，按常见注浆枪头规格补齐，并将用途信息移至别名。	设备备件/泵类配件/注浆枪头
SPARE-000092	油封	油封 SKF 37327	品牌：SKF；型号：37327	个	个	来源单位一致	SKF	进口SKF-37327油封；油封	进口：是（非标准规格，不影响采购决策）	原始仅提供品牌和型号，尺寸/材质缺失，按品牌型号建立初始SKU，待后续补充	SPARE-000092	1		品牌SKF和型号37327是唯一可用的核心规格，保留为必要字段；删除非标准字段“进口：是”；尺寸/材质缺失，无法合理推断，保持为初始候选	设备备件/密封过滤件/油封
SPARE-000137	泥浆泵活塞	泥浆泵活塞 BW-150	适配型号：BW-150	只	只	来源单位一致		泥浆泵活塞BW-150；泥浆泵活塞			SPARE-000137	1		保留适配型号作为关键规格，其余无调整。	设备备件/泵类配件/泥浆泵活塞
SPARE-000136	泥浆泵活塞	泥浆泵活塞 BW-250	适配型号：BW-250	只	只	来源单位一致		泥浆泵活塞BW-250；泥浆泵活塞			SPARE-000136	1		保留适配型号作为关键规格，其余无调整。	设备备件/泵类配件/泥浆泵活塞
SPARE-000121	压力表	压力表 16MPa	量程：16MPa	件	件	来源单位一致		注浆泵连杆压力表16MPa；注浆泵连杆压力表	适配设备: 注浆泵；部件: 连杆压力表	接口尺寸缺失，假设为常见接口；未补充，因无原始依据。	SPARE-000121	1		保留量程为核心规格，其他描述归入别名；接口缺失未推断。	设备备件/泵类配件/压力表
CHEM-000093	泵头	泵头 黑猫	品牌：黑猫	个	个	来源单位一致	黑猫	黑猫清洗剂泵头；清洗剂泵头			CHEM-000093	1		品牌黑猫是关键规格；缺失型号和接口，无法进一步细化	设备备件/泵类配件/泵头
SPARE-000129	导流罩	导流罩 QJB-4/6	适配型号：QJB-4/6；材质：不锈钢	只	只	来源单位一致		导流罩QJB-4/6；导流罩		材质缺失，基于常见搅拌机导流罩材质推断为不锈钢	SPARE-000129	1		保留适配型号，推断材质，删除冗余部件字段	设备备件/搅拌机配件（候选）/导流罩
MAT-000253	高压清洗机喷嘴	高压清洗机喷嘴 0度	角度：0度	只	只	来源单位一致		喷咀			MAT-000253	1		原始规格仅提供角度，保留角度作为最小必填规格；未补充缺失接口规格以保持初始库简洁。	设备备件/泵类配件/高压清洗机喷嘴
CHEM-000015	黄油嘴弯头	黄油嘴弯头 90° R1/4	材质：不锈钢；螺纹规格：R1/4；角度：90°	个	个	来源单位一致		不锈钢黄油嘴弯头	类型：弯头	根据常见润滑系统弯头规格，默认选用90°和R1/4螺纹，材质为不锈钢	CHEM-000015	1		原始缺少规格，根据常见配置补全；删除冗余的'类型：弯头'字段；保留材质、螺纹和角度作为必填规格	设备备件/润滑配件/黄油嘴弯头
METAL-000118	高压清洗枪头	高压清洗枪头 100变65	材质：铝合金；异径：Φ100变65	套	套	来源单位一致		铝合金Φ100变65组合枪头；组合枪头	类型：组合枪头		METAL-000118	1		保留异径规格和材质，删除类型字段	设备备件/泵类配件/高压清洗枪头
METAL-000099	高压清洗枪头	高压清洗枪头 65	材质：铝合金；口径：65	套	套	来源单位一致		65铝合金枪头；铝合金枪头	部件：枪头	规格65推断为口径，材质铝合金	METAL-000099	1		保留口径和材质，删除默认部件字段	设备备件/泵类配件/高压清洗枪头
TOOL-000147	高压清洗枪头	高压清洗枪头 加长	特征：加长	个	个	来源单位一致		加长高压枪头；高压枪头	类型：高压枪头	特征加长保留，无口径信息	TOOL-000147	1		保留加长特征，删除默认类型字段	设备备件/泵类配件/高压清洗枪头
SPARE-000022	高压水枪滤芯	高压水枪滤芯 100目	过滤精度：100目	个	个	来源单位一致		高压水枪滤芯	类型：滤芯；适用设备：高压水枪	原始缺失过滤精度和型号，按常见高压水枪滤芯采购规格补充为100目	SPARE-000022	1		原始规格仅含类型和适用设备，属于默认信息，已删除；补充常见过滤精度100目作为初始SKU	设备备件/泵类配件/高压水枪滤芯
SPARE-000021	高压水枪过滤总成	高压水枪过滤总成 通用	适用设备：高压水枪；类型：过滤总成	套	套	来源单位一致		高压水枪过滤总成		原缺失规格，推断为通用型过滤总成	SPARE-000021	1		原数据仅有适用设备和类型，无具体接口或型号规格，推断为通用件	设备备件/泵类配件/高压水枪过滤总成
CHEM-000166	黄油嘴	黄油嘴 45度 M10*1.5	角度：45度；螺纹：M10*1.5	个	个	来源单位一致		黄油嘴45度M10；黄油嘴	材质：钢（默认删除）	螺纹螺距从M10推断为1.5（标准粗牙）	CHEM-000166	1		补全螺距，删除默认材质	设备备件/润滑配件/黄油嘴
CHEM-000162	黄油嘴	黄油嘴 45度 M12*1.75	角度：45度；螺纹：M12*1.75	个	个	来源单位一致		黄油嘴45度M12；黄油嘴	材质：钢（默认删除）	螺纹螺距从M12推断为1.75（标准粗牙）	CHEM-000162	1		补全螺距，删除默认材质	设备备件/润滑配件/黄油嘴
CHEM-000165	黄油嘴	黄油嘴 45度 M6*1.0	角度：45度；螺纹：M6*1.0	个	个	来源单位一致		黄油嘴45度M6；黄油嘴	材质：钢（默认删除）	螺纹螺距从M6推断为1.0（标准粗牙）	CHEM-000165	1		补全螺距，删除默认材质	设备备件/润滑配件/黄油嘴
CHEM-000161	黄油嘴	黄油嘴 45度 M8*1.25	角度：45度；螺纹：M8*1.25	个	个	来源单位一致		黄油嘴45度M8；黄油嘴	材质：钢（默认删除）	螺纹螺距从M8推断为1.25（标准粗牙）	CHEM-000161	1		补全螺距，删除默认材质	设备备件/润滑配件/黄油嘴
CHEM-000072	黄油嘴	黄油嘴 直通 M10*1.5	角度：直通；螺纹：M10*1.5	个	个	来源单位一致		10*1.5黄油嘴；黄油嘴；黄油嘴M10	材质：钢（默认删除）	角度从缺省推断为直通；螺纹螺距从M10推断为1.5（标准粗牙），角度从缺省推断为直通	CHEM-000072；CHEM-000163	2	相同螺纹规格和角度，材质默认钢，可合并	补全角度为直通，删除默认材质，保留螺纹完整规格；补全螺距和角度，删除默认材质	设备备件/润滑配件/黄油嘴
CHEM-000138	黄油嘴	黄油嘴 直通 M10*1.5 纯铜	材质：纯铜；角度：直通；螺纹：M10*1.5	个	个	来源单位一致		纯铜黄油咀M10；黄油嘴		螺纹螺距从M10推断为1.5（标准粗牙），角度从缺省推断为直通	CHEM-000138	1		保留材质纯铜，补全螺距和角度	设备备件/润滑配件/黄油嘴
CHEM-000073	黄油嘴	黄油嘴 直通 M12*1.5	角度：直通；螺纹：M12*1.5	个	个	来源单位一致		12*1.5黄油嘴；黄油嘴	材质：钢（默认删除）	角度从缺省推断为直通	CHEM-000073	1		补全角度为直通，删除默认材质	设备备件/润滑配件/黄油嘴
CHEM-000164	黄油嘴	黄油嘴 直通 M12*1.75	角度：直通；螺纹：M12*1.75	个	个	来源单位一致		黄油嘴M12；黄油嘴	材质：钢（默认删除）	螺纹螺距从M12推断为1.75（标准粗牙），角度从缺省推断为直通	CHEM-000164	1		补全螺距和角度，删除默认材质	设备备件/润滑配件/黄油嘴
CHEM-000074	黄油嘴	黄油嘴 直通 M14*1.5	角度：直通；螺纹：M14*1.5	个	个	来源单位一致		14*1.5黄油嘴；黄油嘴	材质：钢（默认删除）	角度从缺省推断为直通	CHEM-000074	1		补全角度为直通，删除默认材质	设备备件/润滑配件/黄油嘴
CHEM-000075	黄油嘴	黄油嘴 直通 M16*1.5	角度：直通；螺纹：M16*1.5	个	个	来源单位一致		16*1.5黄油嘴；黄油嘴	材质：钢（默认删除）	角度从缺省推断为直通	CHEM-000075	1		补全角度为直通，删除默认材质	设备备件/润滑配件/黄油嘴
CHEM-000076	黄油嘴	黄油嘴 直通 M18*1.5	角度：直通；螺纹：M18*1.5	个	个	来源单位一致		18*1.5黄油嘴；黄油嘴	材质：钢（默认删除）	角度从缺省推断为直通	CHEM-000076	1		补全角度为直通，删除默认材质	设备备件/润滑配件/黄油嘴
CHEM-000077	黄油嘴	黄油嘴 直通 M20*1.5	角度：直通；螺纹：M20*1.5	个	个	来源单位一致		20*1.5黄油嘴；黄油嘴	材质：钢（默认删除）	角度从缺省推断为直通	CHEM-000077	1		补全角度为直通，删除默认材质	设备备件/润滑配件/黄油嘴
CHEM-000159	黄油嘴	黄油嘴 直通 M6*1.0	角度：直通；螺纹：M6*1.0	个	个	来源单位一致		黄油嘴M6；黄油嘴	材质：钢（默认删除）	螺纹螺距从M6推断为1.0（标准粗牙），角度从缺省推断为直通	CHEM-000159	1		补全螺距和角度，删除默认材质	设备备件/润滑配件/黄油嘴
CHEM-000160	黄油嘴	黄油嘴 直通 M8*1.25	角度：直通；螺纹：M8*1.25	个	个	来源单位一致		黄油嘴M8；黄油嘴	材质：钢（默认删除）	螺纹螺距从M8推断为1.25（标准粗牙），角度从缺省推断为直通	CHEM-000160	1		补全螺距和角度，删除默认材质	设备备件/润滑配件/黄油嘴
MAT-000131	高压清洗喷枪	"高压清洗喷枪 1/4""快插"	"接口：1/4""快插"	把	把	来源单位一致		高压清洗喷枪；金属高压水枪；高压水枪	用途：高压清洗；类型：喷枪；材质：金属；类型：高压水枪	"原始缺失接口和压力等级，根据常见高压清洗喷枪配置，默认使用1/4""快插接口，压力等级未指定；原始单位“把”保留。；材质默认金属，已删除；原始单位“支”统一为“把”。"	MAT-000131；TOOL-000044	2	相同三级物料名称，治理后标准SKU名称和最小规格一致，单位不同建议统一	"删除冗余描述字段“用途”“类型”，保留接口作为关键区分规格；原始缺失接口信息，默认推断为1/4""快插。；删除冗余描述字段“材质（默认金属）”“类型”，保留接口作为关键区分规格"	设备备件/泵类配件/高压清洗喷枪
CHEM-000091	高压清洗机滤网	高压清洗机滤网 25mm	规格/口径：25mm	个	个	来源单位一致		25MM高压清洗剂滤网；高压清洗机滤网	部件：滤网（物料名称已体现）		CHEM-000091	1		仅保留口径25mm作为关键规格，其余默认信息删除。	设备备件/泵类配件/高压清洗机滤网
METAL-000035	方钢	方钢 25*25	材质：Q235；规格/口径：25*25	米	米	来源单位一致		25*25方钢；方钢		材质按常见碳钢方钢默认补齐为Q235；规格25*25按原始录入	METAL-000035	1		规格25*25，缺材质，材质按Q235默认补齐。	金属材料/型钢/方钢
METAL-000033	方钢	方钢 30*30*3	材质：Q235；规格/口径：30*30*3	米	米	来源单位一致		30*30*3方钢；方钢		材质按常见碳钢方钢默认补齐为Q235；规格30*30*3按原始录入	METAL-000033	1		规格30*30*3，缺材质，材质按Q235默认补齐。	金属材料/型钢/方钢
METAL-000027	方钢	方钢 40*80	材质：Q235；规格/口径：40*80	米	米	来源单位一致		40*80加厚方钢；方钢	特征：加厚	材质按常见碳钢方钢默认补齐为Q235；规格40*80按原始录入	METAL-000027	1		规格40*80，缺材质，加厚描述不具体已删除。材质按Q235默认补齐。	金属材料/型钢/方钢
METAL-000081	方钢	方钢 6*6*5 镀锌	材质：Q235；规格/口径：6*6*5；表面处理：镀锌	米	米	来源单位一致		6*6*5镀锌方钢；镀锌方钢		材质按常见碳钢方钢默认补齐为Q235；表面处理按原始保留	METAL-000081	1		规格6*6*5，镀锌，缺材质，材质按Q235默认补齐。	金属材料/型钢/方钢
SPARE-000122	电机	电机 5.5kW 380V	功率：5.5kW；电压：380V	台	台	来源单位一致		电机5.5KW；电机		电压缺失，推断为380V（三相工业常用电压）；转速、安装方式未补齐，仅作为最小可用SKU。	SPARE-000122	1		仅保留功率和推断电压，其他规格缺失，确保采购基本判断。	设备备件/电机/驱动件（候选）/电机
SPARE-000114	电机	电机 7.5kW 380V	功率：7.5kW；电压：380V	台	台	来源单位一致		7.5千w电机；电机		电压缺失，推断为380V（三相工业常用电压）；转速、安装方式未补齐，仅作为最小可用SKU。	SPARE-000114	1		仅保留功率和推断电压，其他规格缺失，确保采购基本判断。	设备备件/电机/驱动件（候选）/电机
SPARE-000117	振动电机	振动电机 整套	配置：整套	套	套	来源单位一致		进口振动电机整套；振动电机套装	进口：是；类型：振动电机	原始缺失功率、型号等关键规格，仅保留配置信息“整套”作为最小区分	SPARE-000117	1		原始规格不完整，仅明确配置为整套，因此将“整套”作为最关键规格；删除冗余字段“进口”和“类型”	设备备件/电机/驱动件（候选）/振动电机
METAL-000052	扁钢	扁钢 40*4	规格：40*4；材质：Q235	米	米	来源单位一致		40*4扁铁；扁钢		材质缺失，按常见采购材质Q235补齐	METAL-000052	1		保留规格尺寸，补齐材质为Q235	金属材料/型钢/扁钢
METAL-000083	扁钢	扁钢 50*5	规格：50*5；材质：Q235	米	米	来源单位一致		50*5扁铁；扁钢		材质缺失，按常见采购材质Q235补齐	METAL-000083	1		保留规格尺寸，补齐材质为Q235	金属材料/型钢/扁钢
METAL-000059	扁钢	扁钢 80*6	规格：80*6；材质：Q235	米	米	来源单位一致		80*6扁铁；扁钢		材质缺失，按常见采购材质Q235补齐	METAL-000059	1		保留规格尺寸，补齐材质为Q235	金属材料/型钢/扁钢
METAL-000060	槽钢	槽钢 10#	规格：10#；材质：Q235B	米	米	来源单位一致		10#国标槽钢；槽钢；10号槽钢；10#槽钢；10#型槽钢；槽钢10#	执行标准：国标	材质缺失，按常用槽钢材质Q235B默认填充	METAL-000060；METAL-000075；METAL-000109	3	与METAL-000075、METAL-000109同规格10#且均为普通槽钢，建议合并；与METAL-000060、METAL-000109同规格10#，建议合并；与METAL-000060、METAL-000075同规格10#，建议合并	删除默认执行标准，规格10#；规格10#	金属材料/型钢/槽钢
METAL-000168	槽钢	槽钢 10#B	规格：10#B；材质：Q235B	米	米	来源单位一致		10#B型槽钢；B型槽钢	型号/截面：B型	材质缺失，按常用槽钢材质Q235B默认填充	METAL-000168	1		保留规格10#B，删除冗余型号/截面字段	金属材料/型钢/槽钢
METAL-000048	槽钢	槽钢 10#（厚）	规格：10#；材质：Q235B；特征：厚	米	米	来源单位一致		10#厚槽钢；槽钢		材质缺失，按常用槽钢材质Q235B默认填充；特征'厚'无具体数值，保留原始描述	METAL-000048	1		保留特征'厚'以区分普通10#槽钢	金属材料/型钢/槽钢
METAL-000031	槽钢	槽钢 100#	规格：100#；材质：Q235B	米	米	来源单位一致		100#槽钢；槽钢	执行标准：国标	材质缺失，按常用槽钢材质Q235B默认填充	METAL-000031	1		删除默认执行标准国标，保留规格100#	金属材料/型钢/槽钢
METAL-000124	槽钢	槽钢 16#B	规格：16#B；材质：Q235B	米	米	来源单位一致		16#B型槽钢；B型槽钢	型号/截面：B型	材质缺失，按常用槽钢材质Q235B默认填充	METAL-000124	1		保留规格16#B，删除冗余型号/截面字段	金属材料/型钢/槽钢
METAL-000011	槽钢	槽钢 160B	规格：160B；材质：Q235B	米	米	来源单位一致		160B槽钢；槽钢		材质缺失，按常用槽钢材质Q235B默认填充	METAL-000011	1		根据规格160B生成标准SKU名，材质默认Q235B	金属材料/型钢/槽钢
METAL-000123	槽钢	槽钢 20#B	规格：20#B；材质：Q235B	米	米	来源单位一致		20#B型槽钢；B型槽钢	型号/截面：B型	材质缺失，按常用槽钢材质Q235B默认填充	METAL-000123	1		保留规格20#B，删除冗余型号/截面字段	金属材料/型钢/槽钢
METAL-000010	槽钢	槽钢 200B	规格：200B；材质：Q235B	米	米	来源单位一致		200B槽钢；槽钢		材质缺失，按常用槽钢材质Q235B默认填充	METAL-000010	1		根据规格200B生成标准SKU名，材质默认Q235B	金属材料/型钢/槽钢
METAL-000122	槽钢	槽钢 6#	规格：6#；材质：Q235B	米	米	来源单位一致		槽钢6#；槽钢		材质缺失，按常用槽钢材质Q235B默认填充	METAL-000122	1		规格6#	金属材料/型钢/槽钢
METAL-000110	槽钢	槽钢 8#	规格：8#；材质：Q235B	米	米	来源单位一致		8#槽钢；槽钢		材质缺失，按常用槽钢材质Q235B默认填充	METAL-000110	1	与METAL-000032的规格80可能为同一规格的不同写法，需人工确认	规格8#	金属材料/型钢/槽钢
METAL-000032	槽钢	槽钢 80	规格：80；材质：Q235B	米	米	来源单位一致		80槽钢；槽钢		材质缺失，按常用槽钢材质Q235B默认填充	METAL-000032	1	规格80与8#可能为同一规格的不同写法，需人工确认	保留原始规格80，材质默认Q235B	金属材料/型钢/槽钢
CHEM-000014	黄油嘴接头	黄油嘴接头 M10×1 不锈钢	材质：不锈钢；螺纹规格：M10×1	个	个	来源单位一致		不锈钢黄油嘴接头	角度：直头（默认）	螺纹规格缺失，按常见M10×1默认；角度按直头默认。	CHEM-000014	1		仅一个SKU，规格不全，按常见规格推断生成标准SKU。	设备备件/润滑配件/黄油嘴接头
SPARE-000096	设备垫块	设备垫块 86×65 合成纤维	尺寸：86×65；材质：合成纤维	个	个	来源单位一致		86*65合成纤维垫块；合成纤维垫块			SPARE-000096	1		尺寸和材质是采购决策关键字段，保留；无其他字段需删除。	设备备件/设备垫块/缓冲件（候选）/设备垫块
METAL-000105	工字钢	工字钢 14#	规格：14#；材质：Q235	米	米	来源单位一致		工字钢14#；工字钢		材质缺失，按常见工字钢材质Q235补齐	METAL-000105	1		规格明确，材质缺失已按常见材质Q235补齐	金属材料/型钢/工字钢
METAL-000139	工字钢	工字钢 16#	规格：16#；材质：Q235	米	米	来源单位一致		工字钢16#；工字钢		材质缺失，按常见工字钢材质Q235补齐	METAL-000139	1		规格明确，材质缺失已按常见材质Q235补齐	金属材料/型钢/工字钢
METAL-000061	工字钢	工字钢 20#	规格：20#；材质：Q235	米	米	来源单位一致		20工字钢；工字钢		材质缺失，按常见工字钢材质Q235补齐	METAL-000061	1		规格明确，材质缺失已按常见材质Q235补齐	金属材料/型钢/工字钢
METAL-000097	滑槽	不锈钢C型滑槽	材质：不锈钢；截面形状：C型	米	米	来源单位一致		C型不锈钢滑槽；滑槽	形状：C型（与截面形状重复）	尺寸和厚度未指定，按常见C型不锈钢滑槽初始库处理，实际采购时需补全具体规格。	METAL-000097	1		原规格中有两个相同字段（形状和截面形状），保留截面形状；尺寸和厚度缺失，故最小规格只保留材质和截面形状，避免采购误判。	金属材料/型钢/滑槽
METAL-000034	钢丝网	不锈钢钢丝网 1m	材质：不锈钢；宽度：1m	米	米	来源单位一致		不锈钢铁丝网；不锈钢丝网		宽度按常用规格补齐为1m	METAL-000034	1		原始仅提供材质不锈钢，宽度为常用默认1m；网孔和丝径缺失且无法合理推断，暂不列入最小规格，避免过度编造	金属材料/钢筋/线材/钢丝网
METAL-000104	螺纹钢	螺纹钢 20E	直径：20mm；牌号：HRB400E；长度：12m	吨	吨	来源单位一致		螺纹钢20E*12米；螺纹钢			METAL-000104	1		原数据规格20E，推断直径20mm、牌号HRB400E，长度明确12米	金属材料/钢筋/线材/螺纹钢
METAL-000064	螺纹钢	螺纹钢 22mm	直径：22mm；牌号：HRB400（推断）；长度：12m（推断）	条	条	来源单位一致		22钢筋；螺纹钢筋		常见螺纹钢22mm通常为HRB400牌号，定尺12米，原始缺失故按常用规格推断	METAL-000064	1		原数据仅有直径22mm，缺失牌号和长度，按常用规格补齐；单位保留条	金属材料/钢筋/线材/螺纹钢
METAL-000074	角钢	角钢 30*30*4	规格：30*30*4；材质：碳钢	米	米	来源单位一致		3*3*0.4国标角铁；角铁；角钢	执行标准：国标	规格单位：从cm转换为mm，3*3*0.4表示30*30*4；材质：默认碳钢	METAL-000074	1		保留规格、材质；删除默认执行标准；推断厚度和材质	金属材料/型钢/角钢
METAL-000043	角钢	角钢 40*40*5	规格：40*40*5；材质：碳钢	米	米	来源单位一致		40*40*5国标角铁；角钢；40*5角铁；角铁40*40	执行标准：国标	材质：默认碳钢；规格：40*5为简写，完整为40*40*5；厚度：根据常见角钢规格，40边宽常用厚度5mm；单位：原为根，统一为米	METAL-000043；METAL-000082；METAL-000106	3	相同规格、材质	保留规格、材质；删除默认执行标准；推断完整规格和材质；推断厚度和材质	金属材料/型钢/角钢
METAL-000007	角钢	角钢 50*50*6	规格：50*50*6；材质：碳钢	米	米	来源单位一致		50*50*6国标角铁；角铁；角钢；角钢50*50；角铁50*50	执行标准：国标	材质：默认碳钢；厚度：根据常见角钢规格，50边宽常用厚度6mm	METAL-000007；METAL-000022；METAL-000112	3	相同规格、材质	保留规格、材质；删除默认执行标准；推断厚度和材质	金属材料/型钢/角钢
METAL-000003	角钢	镀锌角钢 40*40*5	规格：40*40*5；材质：碳钢；表面处理：镀锌	米	米	来源单位一致		4*4*0.5镀锌角铁；镀锌角铁；4*4镀锌角钢；镀锌角钢；镀锌角铁40*40		规格单位：从cm转换为mm，4*4*0.5表示40*40*5；材质：默认碳钢；厚度：根据常见角钢规格，40边宽常用厚度5mm；单位：原为根，统一为米；规格单位：从cm转换为mm	METAL-000003；METAL-000078；METAL-000090；METAL-000169	4	相同规格、材质、表面处理	保留规格、材质、表面处理；推断厚度和材质；删除默认执行标准	金属材料/型钢/角钢
METAL-000030	花纹钢板	花纹钢板 3mm 1.26m*6m	厚度：3mm；尺寸：1.26m*6m；材质：Q235B	张	张	来源单位一致		3MM花纹钢板；花纹钢板；3.0花纹钢板	表面：花纹	尺寸按常见规格1.26m*6m填充；材质按常见材质Q235B填充	METAL-000030；METAL-000044；METAL-000057	3	厚度相同，尺寸推断相同，疑似重复	缺失尺寸和材质，按常见规格和材质补齐	金属材料/钢板/板材/花纹钢板
METAL-000119	花纹钢板	花纹钢板 5.25mm 1.51m*6m	厚度：5.25mm；尺寸：6m*1.51m；材质：Q235B	张	张	来源单位一致		花纹钢板6m*1.51m*5.25mm；花纹钢板	表面：花纹	材质按常见材质Q235B填充	METAL-000119	1		有明确尺寸，材质按常见补齐	金属材料/钢板/板材/花纹钢板
METAL-000063	花纹钢板	花纹钢板 5mm 1.26m*6m	厚度：5mm；尺寸：1.26m*6m；材质：Q235B	张	张	来源单位一致		5mm花纹钢板；花纹钢板	表面：花纹	尺寸按常见规格1.26m*6m填充；材质按常见材质Q235B填充	METAL-000063	1		缺失尺寸和材质，按常见规格和材质补齐	金属材料/钢板/板材/花纹钢板
METAL-000114	花纹钢板	花纹钢板 6mm 1.26m*6m	厚度：6mm；尺寸：6m*1.26m；材质：Q235B	张	张	来源单位一致		花纹钢板6m*1.26m*6mm；花纹钢板	表面：花纹	材质按常见材质Q235B填充	METAL-000114	1		有明确尺寸，材质按常见补齐	金属材料/钢板/板材/花纹钢板
METAL-000025	钢条	钢条 65*20*1 不锈钢	规格：65*20*1；材质：不锈钢	条	条	来源单位一致		65*20*1不锈钢条；不锈钢条		长度缺失，未补齐，按截面尺寸和材质建立SKU	METAL-000025	1		保留截面规格和材质，缺失长度；不锈钢材质作为关键规格，钢条为三级名称	金属材料/型钢/钢条
MAT-000088	扎丝	扎丝 1mm	材质：铁；直径：1mm	卷	卷	来源单位一致		扎丝		最常见的扎丝规格为直径1mm，材质铁，单位卷	MAT-000088	1		缺失规格，按常见采购规格补全直径1mm和材质铁	金属材料/钢筋/线材/扎丝
SPARE-000059	扎丝	扎丝 1mm	材质：铁；直径：1mm；颜色：黑色	米	米	来源单位一致		1mm黑扎丝；黑扎丝；扎丝		从原始规格直接获取	SPARE-000059	1		保留直径1mm和颜色黑色，材质按常见推断为铁	金属材料/钢筋/线材/扎丝
SPARE-000060	扎丝	扎丝 2mm	材质：铁；直径：2mm；颜色：黑色	米	米	来源单位一致		2mm黑扎丝；黑扎丝；扎丝		从原始规格直接获取	SPARE-000060	1		保留直径2mm和颜色黑色，材质按常见推断为铁	金属材料/钢筋/线材/扎丝
METAL-000098	扎丝	扎丝 500g	材质：铁；规格：500g	卷	卷	来源单位一致		500铁扎丝；铁扎丝		规格'500'推断为每卷500g包装	METAL-000098	1		保留材质铁和规格500g	金属材料/钢筋/线材/扎丝
SPARE-000052	扎丝	扎丝 50cm 5kg	材质：铁；长度：50cm；包装重量：5kg	件	件	来源单位一致		50CM*5kg钢筋扎丝；钢筋扎丝		从原始规格直接获取	SPARE-000052	1		保留长度和包装重量，材质按常见推断为铁	金属材料/钢筋/线材/扎丝
CONST-000015	铁皮	铁皮 1.2 镀锌	厚度：1.2mm；表面：镀锌	米	米	来源单位一致		1.2镀锌铁皮；镀锌铁皮			CONST-000015	1		保留厚度和表面处理，宽度缺失，材质默认钢未列出。	金属材料/钢板/板材/铁皮
CONST-000042	脚手架钢管	脚手架钢管 48*3.5 6m	外径：48mm；壁厚：3.5mm；材质：Q235；长度：6m	根	根	来源单位一致		架子管6m；架子管	用途：脚手架/架子管；类型：架子管	缺失外径、壁厚、材质，按行业通用脚手架钢管规格48*3.5 Q235补齐	CONST-000042；PIPE-000446	2	与PIPE-000446规格完全一致，疑似重复；与CONST-000042规格完全一致，疑似重复	统一名称，补齐默认关键规格，删除用途类型等冗余字段	金属材料/钢管/脚手架钢管
PIPE-000120	钢管	钢管 32*4.5	外径：32mm；壁厚：4.5mm	米	米	来源单位一致		32*4.5钢管；钢管		材质和表面未提供，需采购确认	PIPE-000120	1		保留外径和壁厚，其他缺失需补充	金属材料/钢管/钢管
PIPE-000110	钢管	钢管 48 镀锌	外径：48mm；表面：镀锌；定制：是	条	条	来源单位一致		定做48镀锌钢管；镀锌钢管		壁厚和长度未提供，需采购确认	PIPE-000110	1		保留外径、表面和定制标识，单位保持条	金属材料/钢管/钢管
PIPE-000089	钢管	钢管 DN20 镀锌	规格口径：DN20；表面：镀锌	米	米	来源单位一致		DN20镀锌管；镀锌管		壁厚未提供，需采购确认	PIPE-000089	1		保留规格口径和表面	金属材料/钢管/钢管
PIPE-000034	钢管	钢管 DN25 镀锌	规格口径：DN25；表面：镀锌	米	米	来源单位一致		DN25国标镀锌钢管；镀锌钢管	标准：国标（行业默认）	壁厚未提供，需采购确认	PIPE-000034	1		保留规格口径和表面，删除默认标准国标	金属材料/钢管/钢管
METAL-000089	方管	方管 3*3*3 镀锌	规格：3*3*3；表面：镀锌	米	米	来源单位一致		镀锌方管3*3*3；镀锌方管	材质：碳钢	材质未提供，默认碳钢	METAL-000089	1		保留原始规格3*3*3和表面镀锌作为关键规格；材质为行业默认碳钢，删除以避免冗余。	金属材料/钢管/方管
METAL-000163	铁丝	铁丝 12#	规格/号数：12#	KG	KG	来源单位一致		铁丝12#；铁丝；12号铁丝；12铁丝；12#铁丝	材质：铁		METAL-000163；SPARE-000024；SPARE-000038	3	相同规格/号数12#，且均无表面处理信息	保留号数；删除默认材质	金属材料/钢筋/线材/铁丝
METAL-000067	铁丝	铁丝 14#	规格/号数：14#	KG	KG	来源单位一致		铁丝；铁丝14#；14号铁丝；14铁丝；14#铁丝	材质：铁	原始缺失规格/号数及表面处理，按常用规格14#填充	METAL-000067；METAL-000111；METAL-000166；SPARE-000025；SPARE-000039	5	相同规格/号数14#，且均无表面处理信息	缺失规格，推断为14#；删除默认材质；保留号数	金属材料/钢筋/线材/铁丝
PIPE-000123	无缝钢管	无缝钢管 325*12	外径：325mm；壁厚：12mm	米	米	来源单位一致		325*12无缝管；无缝管		材质、执行标准缺失，按外径壁厚建初始SKU	PIPE-000123	1	与PIPE-000411外径壁厚一致，但长度不同；若按米采购可合并	规格解析为外径壁厚	金属材料/钢管/无缝钢管
PIPE-000411	无缝钢管	无缝钢管 325*12	外径：325mm；壁厚：12mm；长度：6米	米	米	来源单位一致		无缝管325*12mm*6米；无缝钢管		材质、执行标准缺失，按外径壁厚长度建初始SKU	PIPE-000411	1	与PIPE-000123外径壁厚一致，但长度不同；若按米采购可合并，若按根需区分	保留长度字段	金属材料/钢管/无缝钢管
PIPE-000061	无缝钢管	无缝钢管 325*14	外径：325mm；壁厚：14mm	米	米	来源单位一致		325无缝管&14；无缝管；325*14无缝管；无缝钢管		材质、执行标准缺失，按外径壁厚建初始SKU	PIPE-000061；PIPE-000147	2	外径壁厚完全一致，仅规格写法不同	统一外径壁厚格式，转化为标准SKU；规格解析为外径壁厚	金属材料/钢管/无缝钢管
PIPE-000129	无缝钢管	无缝钢管 48*4.0	外径：48mm；壁厚：4.0mm	米	米	来源单位一致		48*4.0无缝管；48*4厚无缝管；无缝钢管		材质、执行标准缺失，按外径壁厚建初始SKU	PIPE-000129	1		统一外径壁厚格式	金属材料/钢管/无缝钢管
PIPE-000265	无缝钢管	无缝钢管 60*4	外径：60mm；壁厚：4mm	米	米	来源单位一致		60*4无缝管；无缝钢管		材质、执行标准、长度缺失；按米统一单位，长度不详时按1米计（实际按根）	PIPE-000265	1		规格解析为外径壁厚，单位统一为米	金属材料/钢管/无缝钢管
PIPE-000100	无缝钢管	无缝钢管 68*6	外径：68mm；壁厚：6mm	米	米	来源单位一致		68*6无缝管；无缝管		材质、执行标准缺失，按外径壁厚建初始SKU	PIPE-000100	1		规格解析为外径壁厚	金属材料/钢管/无缝钢管
PIPE-000303	无缝钢管	无缝钢管 76*8	外径：76mm；壁厚：8mm	米	米	来源单位一致		76*8MM无缝管；无缝钢管		材质、执行标准缺失，按外径壁厚建初始SKU	PIPE-000303	1		规格解析为外径壁厚	金属材料/钢管/无缝钢管
PIPE-000144	无缝钢管	无缝钢管 89*6	外径：89mm；壁厚：6mm	米	米	来源单位一致		89*6无缝管；无缝钢管		材质、执行标准缺失，按外径壁厚建初始SKU	PIPE-000144	1		规格解析为外径壁厚	金属材料/钢管/无缝钢管
PIPE-000450	焊管	焊管 2寸×3m	规格/口径：2寸；壁厚：3.5mm；长度：3m	根	根	来源单位一致		焊管2寸*3m；焊管	材质：碳钢（行业默认）；执行标准：GB/T 3091（行业默认）	壁厚缺失，按常见规格补齐3.5mm	PIPE-000450	1		保留口径、壁厚、长度作为关键采购规格；删除行业默认的材质和执行标准；壁厚按常见规格补齐。	金属材料/钢管/焊管
