item_code	item_name	required_specs	optional_specs	item_group	stock_uom	purchase_uom	conversion_factor	aliases	search_keywords	brand	model	status	quality_level	agent_use_policy	source_refs	governance_note	updated_at
HW-LOCK-000001	门锁	用途：办公室门		清洁办公后勤/门窗五金	个			办公室门锁	HW-LOCK-000001 门锁 五金备件/门锁锁具 个 用途：办公室门 办公室门锁 办公室门			candidate	needs_review	clarify_specs_before_use	purchase_2024_candidate_rows=1；purchase_2024_source_rows=2；draft_sku_id=SKU-DRAFT-000001	缺失规格：型号；规格；锁体型号；整理依据：锁体型号/开孔规格缺失，无法区分不同门锁SKU；导入口径：do_not_import_missing_specs；重分类：五金备件/门锁锁具 -> 清洁办公后勤/门窗五金；分类置信度：high；门锁为门窗锁具五金，旧五金备件过泛。	2026-07-03
ELEC-000001	漏电断路器	品牌：施耐德；极数：4P；电流：250A；类型：漏电二合一		电气电料/低压电器	个			4P*250A施耐德漏电二合一	ELEC-000001 漏电断路器 电气材料/低压电器 个 品牌：施耐德 极数：4P 电流：250A 类型：漏电二合一 4P*250A施耐德漏电二合一 施耐德 4P 250A 漏电二合一	施耐德		active	standard	auto_select_allowed	purchase_2024_candidate_rows=2；purchase_2024_source_rows=3；draft_sku_id=SKU-DRAFT-000002	导入口径：import_ready；重分类：电气材料/低压电器 -> 电气电料/低压电器；分类置信度：high；漏电断路器属于低压电器。	2026-07-03
ELEC-000002	热缩管	规格：3cm		电气电料/绝缘材料	米			3CM热缩管	ELEC-000002 热缩管 电气材料/绝缘材料 米 规格：3cm 3CM热缩管 3cm			active	standard	auto_select_allowed	purchase_2024_candidate_rows=3；purchase_2024_source_rows=4；draft_sku_id=SKU-DRAFT-000003	导入口径：import_ready；重分类：电气材料/绝缘材料 -> 电气电料/绝缘材料；分类置信度：high；热缩管属于电缆绝缘材料。	2026-07-03
ELEC-000003	热缩管	规格：2cm		电气电料/绝缘材料	米			2CM热缩管	ELEC-000003 热缩管 电气材料/绝缘材料 米 规格：2cm 2CM热缩管 2cm			active	standard	auto_select_allowed	purchase_2024_candidate_rows=4；purchase_2024_source_rows=5；draft_sku_id=SKU-DRAFT-000004	导入口径：import_ready；重分类：电气材料/绝缘材料 -> 电气电料/绝缘材料；分类置信度：high；热缩管属于电缆绝缘材料。	2026-07-03
ELEC-000004	热缩管	规格：1.5cm		电气电料/绝缘材料	米			1.5CM热缩管	ELEC-000004 热缩管 电气材料/绝缘材料 米 规格：1.5cm 1.5CM热缩管 1.5cm			active	standard	auto_select_allowed	purchase_2024_candidate_rows=5；purchase_2024_source_rows=6；draft_sku_id=SKU-DRAFT-000005	导入口径：import_ready；重分类：电气材料/绝缘材料 -> 电气电料/绝缘材料；分类置信度：high；热缩管属于电缆绝缘材料。	2026-07-03
ELEC-000005	电工胶布	品牌：3M；颜色：透明		电气电料/绝缘材料	个			3M透明电胶布	ELEC-000005 电工胶布 电气材料/绝缘材料 个 品牌：3M 颜色：透明 3M透明电胶布 3M 透明	3M		active	standard	auto_select_allowed	purchase_2024_candidate_rows=6；purchase_2024_source_rows=7；draft_sku_id=SKU-DRAFT-000006	导入口径：import_ready；重分类：电气材料/绝缘材料 -> 电气电料/绝缘材料；分类置信度：high；电工胶布是电气绝缘材料。	2026-07-03
CHEM-000001	聚氨酯堵漏剂	包装规格：20kg		化工胶粘涂料/密封材料	桶			聚氨酯堵漏剂20KG	CHEM-000001 聚氨酯堵漏剂 化工耗材/堵漏剂 桶 包装规格：20kg 聚氨酯堵漏剂20KG 20kg			active	standard	auto_select_allowed	purchase_2024_candidate_rows=7；purchase_2024_source_rows=8；draft_sku_id=SKU-DRAFT-000007	导入口径：import_ready；重分类：化工耗材/堵漏剂 -> 化工胶粘涂料/密封材料；分类置信度：high；聚氨酯堵漏剂用于防水堵漏密封，化工耗材旧口径不保留。	2026-07-03
ELEC-000006	灯管	功率：36W		电气电料/照明灯具	套			36W灯管	ELEC-000006 灯管 电气材料/照明 套 功率：36W 36W灯管 36W			candidate	needs_review	clarify_specs_before_use	purchase_2024_candidate_rows=8；purchase_2024_source_rows=9；draft_sku_id=SKU-DRAFT-000008	缺失规格：长度；整理依据：灯管类型（LED/荧光）及长度缺失，36W不足以唯一确定SKU；导入口径：do_not_import_missing_specs；重分类：电气材料/照明 -> 电气电料/照明灯具；分类置信度：high；灯管属于照明灯具。	2026-07-03
ELEC-000007	USB插座	品牌：公牛；USB电流：2.1A		电气电料/插头插座	个			2.1AUSB公牛插座；2.1ASUB公牛插座	ELEC-000007 USB插座 电气材料/插座开关 个 品牌：公牛 USB电流：2.1A 2.1AUSB公牛插座 2.1ASUB公牛插座 公牛 2.1A	公牛		candidate	usable	confirm_before_use	purchase_2024_candidate_rows=9；purchase_2024_source_rows=10；draft_sku_id=SKU-DRAFT-000009	缺失规格：型号；整理依据：输入别名疑似将USB写作SUB，按名称和规格归一为USB；导入口径：confirm_then_import；重分类：电气材料/插座开关 -> 电气电料/插头插座；分类置信度：high；USB插座属于插座类电气材料。	2026-07-03
ELEC-000008	线盒	安装方式：明装		电气电料/电气辅材	个			明装线盒	ELEC-000008 线盒 电气材料/电气辅材 个 安装方式：明装 明装线盒 明装			candidate	needs_review	clarify_specs_before_use	purchase_2024_candidate_rows=10；purchase_2024_source_rows=11；draft_sku_id=SKU-DRAFT-000010	缺失规格：规格；尺寸；整理依据：规格尺寸缺失，明装线盒无法按尺寸区分SKU；导入口径：do_not_import_missing_specs；重分类：电气材料/电气辅材 -> 电气电料/电气辅材；分类置信度：high；明装线盒为电气安装辅材。	2026-07-03
ELEC-000009	电箱	型号/规格：P230		电气电料/低压电器	个			P230电箱	ELEC-000009 电箱 电气材料/配电箱 个 型号/规格：P230 P230电箱 P230			candidate	usable	confirm_before_use	purchase_2024_candidate_rows=11；purchase_2024_source_rows=12；draft_sku_id=SKU-DRAFT-000011	缺失规格：品牌；型号；整理依据：P230语义未明，按原型号/规格保留；导入口径：confirm_then_import；重分类：电气材料/配电箱 -> 电气电料/低压电器；分类置信度：high；电箱为低压配电箱柜类电气物料。	2026-07-03
ELEC-000010	五孔插座	品牌：公牛；类型：五孔		电气电料/插头插座	个			公牛五孔插座	ELEC-000010 五孔插座 电气材料/插座开关 个 品牌：公牛 类型：五孔 公牛五孔插座 公牛 五孔	公牛		candidate	needs_review	clarify_specs_before_use	purchase_2024_candidate_rows=12；purchase_2024_source_rows=13；draft_sku_id=SKU-DRAFT-000012	缺失规格：型号；电压；电流；安装方式；整理依据：明装/暗装未说明，可能影响插座SKU区分；导入口径：do_not_import_missing_specs；重分类：电气材料/插座开关 -> 电气电料/插头插座；分类置信度：high；五孔插座属于插头插座类电气材料。	2026-07-03
ELEC-000011	四位开关	品牌：公牛；位数：4位		电气电料/开关按钮	个			公牛4位开关	ELEC-000011 四位开关 电气材料/插座开关 个 品牌：公牛 位数：4位 公牛4位开关 公牛 4位	公牛		candidate	needs_review	clarify_specs_before_use	purchase_2024_candidate_rows=13；purchase_2024_source_rows=14；draft_sku_id=SKU-DRAFT-000013	缺失规格：型号；电压；电流；安装方式；整理依据：明装/暗装未说明，可能影响开关SKU区分；导入口径：do_not_import_missing_specs；重分类：电气材料/插座开关 -> 电气电料/开关按钮；分类置信度：high；四位开关属开关按钮类电料。	2026-07-03
ELEC-000012	一位开关	品牌：公牛；位数：1位		电气电料/开关按钮	个			公牛1位开关	ELEC-000012 一位开关 电气材料/插座开关 个 品牌：公牛 位数：1位 公牛1位开关 公牛 1位	公牛		candidate	needs_review	clarify_specs_before_use	purchase_2024_candidate_rows=14；purchase_2024_source_rows=15；draft_sku_id=SKU-DRAFT-000014	缺失规格：型号；电压；电流；安装方式；整理依据：明装/暗装未说明，可能影响开关SKU区分；导入口径：do_not_import_missing_specs；重分类：电气材料/插座开关 -> 电气电料/开关按钮；分类置信度：high；一位开关属于开关按钮类电气材料。	2026-07-03
ELEC-000013	二位开关	品牌：公牛；位数：2位		电气电料/开关按钮	个			公牛2位开关	ELEC-000013 二位开关 电气材料/插座开关 个 品牌：公牛 位数：2位 公牛2位开关 公牛 2位	公牛		candidate	needs_review	clarify_specs_before_use	purchase_2024_candidate_rows=15；purchase_2024_source_rows=16；draft_sku_id=SKU-DRAFT-000015	缺失规格：型号；电压；电流；安装方式；整理依据：明装/暗装未说明，可能影响开关SKU区分；导入口径：do_not_import_missing_specs；重分类：电气材料/插座开关 -> 电气电料/开关按钮；分类置信度：high；二位开关属于开关按钮类电气材料。	2026-07-03
ELEC-000014	LED灯泡	品牌：公牛；功率：40W		电气电料/照明灯具	个			40WLED公牛灯泡	ELEC-000014 LED灯泡 电气材料/照明 个 品牌：公牛 功率：40W 40WLED公牛灯泡 公牛 40W	公牛		candidate	needs_review	clarify_specs_before_use	purchase_2024_candidate_rows=16；purchase_2024_source_rows=17；draft_sku_id=SKU-DRAFT-000016	缺失规格：规格；整理依据：色温/灯头规格缺失，可能影响LED灯泡SKU区分；导入口径：do_not_import_missing_specs；重分类：电气材料/照明 -> 电气电料/照明灯具；分类置信度：high；样例均为LED灯泡，功率/品牌为规格差异。	2026-07-03
ELEC-000015	BV电线	品牌：起帆；型号：BV；截面积：2.5平方		电气电料/电线电缆	米			起帆BV2.5平方电线；BV2.5起帆平方电线	ELEC-000015 BV电线 电气材料/电线电缆 米 品牌：起帆 型号：BV 截面积：2.5平方 起帆BV2.5平方电线 BV2.5起帆平方电线 起帆 BV 2.5平方	起帆	BV	candidate	needs_review	clarify_specs_before_use	purchase_2024_candidate_rows=17；purchase_2024_source_rows=18；draft_sku_id=SKU-DRAFT-000017	缺失规格：颜色；整理依据：颜色缺失，BV电线通常需按颜色区分SKU；导入口径：do_not_import_missing_specs；重分类：电气材料/电线电缆 -> 电气电料/电线电缆；分类置信度：high；BV为常用电线型号，按电线电缆归类。	2026-07-03
ELEC-000016	BV电线	品牌：起帆；型号：BV；截面积：10平方		电气电料/电线电缆	米			起帆BV10平方电线	ELEC-000016 BV电线 电气材料/电线电缆 米 品牌：起帆 型号：BV 截面积：10平方 起帆BV10平方电线 起帆 BV 10平方	起帆	BV	candidate	needs_review	clarify_specs_before_use	purchase_2024_candidate_rows=18；purchase_2024_source_rows=19；draft_sku_id=SKU-DRAFT-000018	缺失规格：颜色；整理依据：颜色缺失，BV电线通常需按颜色区分SKU；导入口径：do_not_import_missing_specs；重分类：电气材料/电线电缆 -> 电气电料/电线电缆；分类置信度：high；BV为常用电线型号，按电线电缆归类。	2026-07-03
ELEC-000017	BV电线	品牌：起帆；型号：BV；截面积：25平方		电气电料/电线电缆	米			起帆BV25平方电线	ELEC-000017 BV电线 电气材料/电线电缆 米 品牌：起帆 型号：BV 截面积：25平方 起帆BV25平方电线 起帆 BV 25平方	起帆	BV	candidate	needs_review	clarify_specs_before_use	purchase_2024_candidate_rows=19；purchase_2024_source_rows=20；draft_sku_id=SKU-DRAFT-000019	缺失规格：颜色；整理依据：颜色缺失，BV电线通常需按颜色区分SKU；导入口径：do_not_import_missing_specs；重分类：电气材料/电线电缆 -> 电气电料/电线电缆；分类置信度：high；BV为常用电线型号，按电线电缆归类。	2026-07-03
TOOL-000001	紧线器	额定载荷：1T		工具量具/电工工具	套			1T紧线器	TOOL-000001 紧线器 工具器具/电力工具 套 额定载荷：1T 1T紧线器 1T			active	standard	auto_select_allowed	purchase_2024_candidate_rows=20；purchase_2024_source_rows=21；draft_sku_id=SKU-DRAFT-000020	导入口径：import_ready；重分类：工具器具/电力工具 -> 工具量具/电工工具；分类置信度：high；紧线器用于电力线路张紧，归电工工具。	2026-07-03
CONST-000001	木方	规格：4*9		建筑材料/模板木方	米			4*9木方	CONST-000001 木方 建筑材料/模板木方 米 规格：4*9 4*9木方 4*9			candidate	usable	confirm_before_use	purchase_2024_candidate_rows=21；purchase_2024_source_rows=22；draft_sku_id=SKU-DRAFT-000021	缺失规格：材质；尺寸；整理依据：输入规格单位未确认，按原4*9保留；导入口径：confirm_then_import	2026-07-03
CONST-000002	木方	规格：4*4		建筑材料/模板木方	米			4*4木方	CONST-000002 木方 建筑材料/模板木方 米 规格：4*4 4*4木方 4*4			candidate	usable	confirm_before_use	purchase_2024_candidate_rows=22；purchase_2024_source_rows=23；draft_sku_id=SKU-DRAFT-000022	缺失规格：材质；尺寸；整理依据：输入规格单位未确认，按原4*4保留；导入口径：confirm_then_import	2026-07-03
SPARE-000001	铁钉	长度：2寸		紧固件与连接件/钉	斤			2寸铁钉	SPARE-000001 铁钉 五金备件/紧固件 斤 长度：2寸 2寸铁钉 2寸			active	standard	auto_select_allowed	purchase_2024_candidate_rows=23；purchase_2024_source_rows=24；draft_sku_id=SKU-DRAFT-000023	导入口径：import_ready；重分类：五金备件/紧固件 -> 紧固件与连接件/钉；分类置信度：high；新建二级钉；铁钉为钉类紧固件，旧五金备件过泛。	2026-07-03
METAL-000001	不锈钢合页	材质：不锈钢；规格：4寸		清洁办公后勤/门窗五金	套			4寸不锈钢合页	METAL-000001 不锈钢合页 五金备件/门窗五金 套 材质：不锈钢 规格：4寸 4寸不锈钢合页 不锈钢 4寸			active	standard	auto_select_allowed	purchase_2024_candidate_rows=24；purchase_2024_source_rows=25；draft_sku_id=SKU-DRAFT-000024	导入口径：import_ready；重分类：五金备件/门窗五金 -> 清洁办公后勤/门窗五金；分类置信度：high；合页属于门窗五金，旧五金备件按标准归并。	2026-07-03
MAT-000001	墙纸	包装/规格：大卷		建筑材料/装饰材料	卷			墙纸大卷	MAT-000001 墙纸 装修材料/墙面材料 卷 包装/规格：大卷 墙纸大卷 大卷			candidate	needs_review	clarify_specs_before_use	purchase_2024_candidate_rows=25；purchase_2024_source_rows=26；draft_sku_id=SKU-DRAFT-000025	缺失规格：材质；整理依据：款式/材质缺失，大卷墙纸不足以区分SKU；导入口径：do_not_import_missing_specs；重分类：装修材料/墙面材料 -> 建筑材料/装饰材料；分类置信度：high；墙纸为墙面装饰材料。	2026-07-03
ADMIN-000001	热水壶	类型：热水壶		清洁办公后勤/生活用品	个			热水壶	ADMIN-000001 热水壶 办公生活用品/小电器 个 类型：热水壶			candidate	needs_review	clarify_specs_before_use	purchase_2024_candidate_rows=26；purchase_2024_source_rows=27；draft_sku_id=SKU-DRAFT-000026	缺失规格：品牌；容量；整理依据：容量/品牌缺失，热水壶无法唯一确定SKU；导入口径：do_not_import_missing_specs；重分类：办公生活用品/小电器 -> 清洁办公后勤/生活用品；分类置信度：high；热水壶是后勤生活用品。	2026-07-03
PIPE-000001	PPR管	品牌：公元；规格：25		管材管件阀门/管材	米			公元25PPR管	PIPE-000001 PPR管 工程材料/PPR管件 米 品牌：公元 规格：25 公元25PPR管 公元 25	公元		active	standard	auto_select_allowed	purchase_2024_candidate_rows=27；purchase_2024_source_rows=28；draft_sku_id=SKU-DRAFT-000027	导入口径：import_ready；重分类：工程材料/PPR管件 -> 管材管件阀门/管材；分类置信度：high；样例均为PPR管材，旧工程材料/PPR管件有误。	2026-07-03
PIPE-000002	PPR直通	品牌：公元；规格：25；类型：直通		管材管件阀门/直接	个			公元25PPR直通	PIPE-000002 PPR直通 工程材料/PPR管件 个 品牌：公元 规格：25 类型：直通 公元25PPR直通 公元 25 直通	公元		active	standard	auto_select_allowed	purchase_2024_candidate_rows=28；purchase_2024_source_rows=29；draft_sku_id=SKU-DRAFT-000028	导入口径：import_ready；重分类：工程材料/PPR管件 -> 管材管件阀门/直接；分类置信度：high；PPR直通与直接同属直连管件。	2026-07-03
PIPE-000003	PPR弯头	品牌：公元；规格：25；类型：弯头		管材管件阀门/弯头	个			公元25PPR弯头	PIPE-000003 PPR弯头 工程材料/PPR管件 个 品牌：公元 规格：25 类型：弯头 公元25PPR弯头 公元 25 弯头	公元		active	standard	auto_select_allowed	purchase_2024_candidate_rows=29；purchase_2024_source_rows=30；draft_sku_id=SKU-DRAFT-000029	导入口径：import_ready；重分类：工程材料/PPR管件 -> 管材管件阀门/弯头；分类置信度：high；样例均为PPR弯头，口径/品牌是规格差异。	2026-07-03
PIPE-000004	PPR热熔机	品牌：公元；用途：PPR热熔		电动气动工具/电动工具	个			公元热熔机	PIPE-000004 PPR热熔机 工具器具/管道工具 个 品牌：公元 用途：PPR热熔 公元热熔机 公元 PPR热熔	公元		candidate	needs_review	clarify_specs_before_use	purchase_2024_candidate_rows=30；purchase_2024_source_rows=31；draft_sku_id=SKU-DRAFT-000030	缺失规格：型号；整理依据：型号缺失，PPR热熔机按品牌和用途低精度建候选；导入口径：do_not_import_missing_specs；重分类：工具器具/管道工具 -> 电动气动工具/电动工具；分类置信度：medium；PPR热熔机是电加热管道工具，旧管道工具需转电动工具。	2026-07-03
PIPE-000005	PPR管剪刀	品牌：公元；用途：PPR管剪切		工具量具/手动工具	个			公元PPR剪刀	PIPE-000005 PPR管剪刀 工具器具/管道工具 个 品牌：公元 用途：PPR管剪切 公元PPR剪刀 公元 PPR管剪切	公元		active	standard	auto_select_allowed	purchase_2024_candidate_rows=31；purchase_2024_source_rows=32；draft_sku_id=SKU-DRAFT-000031	导入口径：import_ready；重分类：工具器具/管道工具 -> 工具量具/手动工具；分类置信度：high；PPR管剪刀为手动剪切工具。	2026-07-03
MAT-CEM-000001	石子	粒径：4-6mm		建筑材料/水泥砂石	斤			4-6MM石子	MAT-CEM-000001 石子 建筑材料/水泥砂石 斤 粒径：4-6mm 4-6MM石子 4-6mm			active	standard	auto_select_allowed	purchase_2024_candidate_rows=32；purchase_2024_source_rows=33；draft_sku_id=SKU-DRAFT-000032	导入口径：import_ready	2026-07-03
ELEC-000018	工业插头	品牌：公牛；电压：380V；电流：25A		电气电料/插头插座	个			公牛380V*25A插头	ELEC-000018 工业插头 电气材料/插头插座 个 品牌：公牛 电压：380V 电流：25A 公牛380V*25A插头 公牛 380V 25A	公牛		candidate	needs_review	clarify_specs_before_use	purchase_2024_candidate_rows=33；purchase_2024_source_rows=34；draft_sku_id=SKU-DRAFT-000033	缺失规格：型号；安装方式；整理依据：极数/插脚数缺失，工业插头可能无法唯一确定SKU；导入口径：do_not_import_missing_specs；重分类：电气材料/插头插座 -> 电气电料/插头插座；分类置信度：high；工业插头属插头插座类电料。	2026-07-03
ELEC-000019	电工胶布	品牌：3M		电气电料/绝缘材料	个			3M电胶布	ELEC-000019 电工胶布 电气材料/绝缘材料 个 品牌：3M 3M电胶布 3M	3M		candidate	needs_review	clarify_specs_before_use	purchase_2024_candidate_rows=34；purchase_2024_source_rows=35；draft_sku_id=SKU-DRAFT-000034	缺失规格：颜色；整理依据：颜色缺失，电工胶布通常需按颜色区分SKU；导入口径：do_not_import_missing_specs；重分类：电气材料/绝缘材料 -> 电气电料/绝缘材料；分类置信度：high；电工胶布是电气绝缘材料。	2026-07-03
TOOL-000002	多功能剥线钳	品牌：世达；类型：多功能剥线钳		工具量具/电工工具	只			世达多功能剥线钳	TOOL-000002 多功能剥线钳 工具器具/手动工具 只 品牌：世达 类型：多功能剥线钳 世达多功能剥线钳 世达	世达		candidate	needs_review	clarify_specs_before_use	purchase_2024_candidate_rows=35；purchase_2024_source_rows=36；draft_sku_id=SKU-DRAFT-000035	缺失规格：型号；整理依据：型号缺失，世达剥线钳可能无法唯一确定SKU；导入口径：do_not_import_missing_specs；重分类：工具器具/手动工具 -> 工具量具/电工工具；分类置信度：high；剥线钳是电工手动工具。	2026-07-03
TOOL-000003	断点检测电笔	功能：找断点/测电		工具量具/电工工具	只			找断点电笔	TOOL-000003 断点检测电笔 工具器具/电工工具 只 功能：找断点/测电 找断点电笔 找断点/测电			candidate	needs_review	clarify_specs_before_use	purchase_2024_candidate_rows=36;86；purchase_2024_source_rows=37;87；draft_sku_id=SKU-DRAFT-000036	缺失规格：型号；整理依据：型号缺失，断点检测电笔按功能低精度建候选；输入提示称同物料存在单位差异，需统一单位；导入口径：do_not_import_missing_specs；重分类：工具器具/电工工具 -> 工具量具/电工工具；分类置信度：high；找断点电笔属于电工检测工具。	2026-07-03
ELEC-000020	插座	品牌：公牛；电流：16A		电气电料/插头插座	个			公牛16A插座	ELEC-000020 插座 电气材料/插头插座 个 品牌：公牛 电流：16A 公牛16A插座 公牛 16A	公牛		candidate	needs_review	clarify_specs_before_use	purchase_2024_candidate_rows=37；purchase_2024_source_rows=38；draft_sku_id=SKU-DRAFT-000037	缺失规格：型号；电压；安装方式；整理依据：明装/暗装未说明，可能影响插座SKU区分；导入口径：do_not_import_missing_specs；重分类：电气材料/插头插座 -> 电气电料/插头插座；分类置信度：high；墙插和工业插座均属插头插座类。	2026-07-03
ADMIN-000002	洁厕灵	类型：洁厕清洁剂		清洁办公后勤/清洁耗材	瓶			洁厕灵	ADMIN-000002 洁厕灵 清洁用品/清洁剂 瓶 类型：洁厕清洁剂 洁厕清洁剂			candidate	needs_review	clarify_specs_before_use	purchase_2024_candidate_rows=38；purchase_2024_source_rows=39；draft_sku_id=SKU-DRAFT-000038	缺失规格：容量；整理依据：容量缺失，洁厕清洁剂无法唯一确定SKU；导入口径：do_not_import_missing_specs；重分类：清洁用品/清洁剂 -> 清洁办公后勤/清洁耗材；分类置信度：high；洁厕灵属于清洁耗材。	2026-07-03
MAT-000002	窗帘架拉链	类型：拉链/配件		清洁办公后勤/门窗五金	套			窗帘架拉链	MAT-000002 窗帘架拉链 装修材料/窗帘配件 套 类型：拉链/配件 拉链/配件			candidate	needs_review	clarify_specs_before_use	purchase_2024_candidate_rows=39；purchase_2024_source_rows=40；draft_sku_id=SKU-DRAFT-000039	缺失规格：规格；长度；整理依据：规格长度缺失，窗帘架拉链低精度建候选；导入口径：do_not_import_missing_specs；重分类：装修材料/窗帘配件 -> 清洁办公后勤/门窗五金；分类置信度：medium；窗帘架拉链为窗帘门窗配件。	2026-07-03
ELEC-000021	钢钉线卡	规格：20		电气电料/电气辅材	个			20钢钉线卡	ELEC-000021 钢钉线卡 电气材料/电气辅材 个 规格：20 20钢钉线卡 20			active	standard	auto_select_allowed	purchase_2024_candidate_rows=40；purchase_2024_source_rows=41；draft_sku_id=SKU-DRAFT-000040	导入口径：import_ready；重分类：电气材料/电气辅材 -> 电气电料/电气辅材；分类置信度：high；钢钉线卡用于电线固定，归电气辅材。	2026-07-03
PIPE-000006	三角阀	规格：4分		管材管件阀门/阀门	个			4分三角阀	PIPE-000006 三角阀 工程材料/阀门 个 规格：4分 4分三角阀 4分			candidate	needs_review	clarify_specs_before_use	purchase_2024_candidate_rows=41；purchase_2024_source_rows=42；draft_sku_id=SKU-DRAFT-000041	缺失规格：材质；整理依据：材质缺失，三角阀可能无法唯一确定SKU；导入口径：do_not_import_missing_specs；重分类：工程材料/阀门 -> 管材管件阀门/阀门；分类置信度：high；三角阀是水暖管路阀门，旧工程材料过宽。	2026-07-03
PIPE-000007	PPR三通	品牌：公元；规格：25；类型：三通		管材管件阀门/三通	个			公元PPR25三通	PIPE-000007 PPR三通 工程材料/PPR管件 个 品牌：公元 规格：25 类型：三通 公元PPR25三通 公元 25 三通	公元		active	standard	auto_select_allowed	purchase_2024_candidate_rows=42；purchase_2024_source_rows=43；draft_sku_id=SKU-DRAFT-000042	导入口径：import_ready；重分类：工程材料/PPR管件 -> 管材管件阀门/三通；分类置信度：high；PPR三通是标准管件；旧工程材料过宽。	2026-07-03
PIPE-000008	PPR内牙三通	品牌：公元；规格：25；连接：内牙；类型：三通		管材管件阀门/三通	个			公元PPR25内牙三通	PIPE-000008 PPR内牙三通 工程材料/PPR管件 个 品牌：公元 规格：25 连接：内牙 类型：三通 公元PPR25内牙三通 公元 25 内牙 三通	公元		candidate	usable	confirm_before_use	purchase_2024_candidate_rows=43；purchase_2024_source_rows=44；draft_sku_id=SKU-DRAFT-000043	缺失规格：口径；整理依据：内牙口径未说明，按原25规格低精度建候选；导入口径：confirm_then_import；重分类：工程材料/PPR管件 -> 管材管件阀门/三通；分类置信度：high；内牙只是连接形式，物料族仍为PPR三通。	2026-07-03
PIPE-000009	PPR内牙直通	品牌：公元；规格：PPR25*4分；连接：内牙；类型：直通		管材管件阀门/直接	个			公元PPR25*4内牙直通	PIPE-000009 PPR内牙直通 工程材料/PPR管件 个 品牌：公元 规格：PPR25*4分 连接：内牙 类型：直通 公元PPR25*4内牙直通 公元 PPR25*4分 内牙 直通	公元		active	standard	auto_select_allowed	purchase_2024_candidate_rows=44；purchase_2024_source_rows=45；draft_sku_id=SKU-DRAFT-000044	导入口径：import_ready；重分类：工程材料/PPR管件 -> 管材管件阀门/直接；分类置信度：high；内牙直通为PPR直接类管件。	2026-07-03
PIPE-000010	PPR内牙弯头	品牌：公元；规格：25；连接：内牙；类型：弯头		管材管件阀门/弯头	个			公元PPR25内牙弯头	PIPE-000010 PPR内牙弯头 工程材料/PPR管件 个 品牌：公元 规格：25 连接：内牙 类型：弯头 公元PPR25内牙弯头 公元 25 内牙 弯头	公元		candidate	usable	confirm_before_use	purchase_2024_candidate_rows=45；purchase_2024_source_rows=46；draft_sku_id=SKU-DRAFT-000045	缺失规格：口径；整理依据：内牙口径未说明，按原25规格低精度建候选；导入口径：confirm_then_import；重分类：工程材料/PPR管件 -> 管材管件阀门/弯头；分类置信度：high；内牙只是连接形式，物料族仍为PPR弯头。	2026-07-03
MAT-000003	洗衣机龙头	用途：洗衣机		管材管件阀门/水暖五金	个			洗衣机龙头	MAT-000003 洗衣机龙头 工程材料/水暖五金 个 用途：洗衣机 洗衣机			candidate	usable	confirm_before_use	purchase_2024_candidate_rows=46；purchase_2024_source_rows=47；draft_sku_id=SKU-DRAFT-000046	缺失规格：材质；整理依据：材质缺失，洗衣机龙头低精度建候选；导入口径：confirm_then_import；重分类：工程材料/水暖五金 -> 管材管件阀门/水暖五金；分类置信度：high；洗衣机龙头属于水暖五金。	2026-07-03
PIPE-000011	堵头	规格：4分		管材管件阀门/堵头	个			4分堵头	PIPE-000011 堵头 工程材料/管件 个 规格：4分 4分堵头 4分			candidate	needs_review	clarify_specs_before_use	purchase_2024_candidate_rows=47；purchase_2024_source_rows=48；draft_sku_id=SKU-DRAFT-000047	缺失规格：材质；整理依据：材质缺失，堵头可能无法唯一确定SKU；导入口径：do_not_import_missing_specs；重分类：工程材料/管件 -> 管材管件阀门/堵头；分类置信度：medium；堵头属管件封堵件；推荐无对应二级，按堵头新建。	2026-07-03
PIPE-000012	堵头	规格：6分		管材管件阀门/堵头	个			6分堵头	PIPE-000012 堵头 工程材料/管件 个 规格：6分 6分堵头 6分			candidate	needs_review	clarify_specs_before_use	purchase_2024_candidate_rows=48；purchase_2024_source_rows=49；draft_sku_id=SKU-DRAFT-000048	缺失规格：材质；整理依据：材质缺失，堵头可能无法唯一确定SKU；导入口径：do_not_import_missing_specs；重分类：工程材料/管件 -> 管材管件阀门/堵头；分类置信度：medium；堵头属管件封堵件；推荐无对应二级，按堵头新建。	2026-07-03
PIPE-000013	水管钩	规格：25		紧固件与连接件/管卡	个			25水管钩	PIPE-000013 水管钩 工程材料/管道辅材 个 规格：25 25水管钩 25			candidate	usable	confirm_before_use	purchase_2024_candidate_rows=49；purchase_2024_source_rows=50；draft_sku_id=SKU-DRAFT-000049	缺失规格：材质；精度；整理依据：材质缺失，水管钩低精度建候选；导入口径：confirm_then_import；重分类：工程材料/管道辅材 -> 紧固件与连接件/管卡；分类置信度：medium；水管钩是管道固定件，旧工程材料过宽。	2026-07-03
ELEC-000022	镀锌电线架	材质：镀锌；位数：4位		电气电料/电气辅材	个			4位镀锌电线架	ELEC-000022 镀锌电线架 电气材料/电气辅材 个 材质：镀锌 位数：4位 4位镀锌电线架 镀锌 4位			active	standard	auto_select_allowed	purchase_2024_candidate_rows=50；purchase_2024_source_rows=51；draft_sku_id=SKU-DRAFT-000050	导入口径：import_ready；重分类：电气材料/电气辅材 -> 电气电料/电气辅材；分类置信度：high；电线架用于电线整理固定，归电气辅材。	2026-07-03
HW-LOCK-000002	挂锁	材质：不锈钢；规格：50		清洁办公后勤/门窗五金	个			50不锈钢挂锁	HW-LOCK-000002 挂锁 五金备件/锁具 个 材质：不锈钢 规格：50 50不锈钢挂锁 不锈钢 50			active	standard	auto_select_allowed	purchase_2024_candidate_rows=51；purchase_2024_source_rows=52；draft_sku_id=SKU-DRAFT-000051	导入口径：import_ready；重分类：五金备件/锁具 -> 清洁办公后勤/门窗五金；分类置信度：high；挂锁属门窗锁具五金，旧五金口径需归并。	2026-07-03
SPARE-000002	插销	材质：不锈钢		清洁办公后勤/门窗五金	个			不锈钢插销	SPARE-000002 插销 五金备件/门窗五金 个 材质：不锈钢 不锈钢插销 不锈钢			candidate	needs_review	clarify_specs_before_use	purchase_2024_candidate_rows=52；purchase_2024_source_rows=53；draft_sku_id=SKU-DRAFT-000052	缺失规格：尺寸；整理依据：尺寸缺失，无法区分不同不锈钢插销 SKU；导入口径：do_not_import_missing_specs；重分类：五金备件/门窗五金 -> 清洁办公后勤/门窗五金；分类置信度：high；不锈钢插销是门窗五金，旧五金备件过宽。	2026-07-03
SPARE-000003	插销	材质：不锈钢；功能：带锁		清洁办公后勤/门窗五金	个			不锈钢插销带锁	SPARE-000003 插销 五金备件/门窗五金 个 材质：不锈钢 功能：带锁 不锈钢插销带锁 不锈钢 带锁			candidate	needs_review	clarify_specs_before_use	purchase_2024_candidate_rows=53；purchase_2024_source_rows=54；draft_sku_id=SKU-DRAFT-000053	缺失规格：尺寸；整理依据：尺寸缺失，无法区分不同带锁插销 SKU；导入口径：do_not_import_missing_specs；重分类：五金备件/门窗五金 -> 清洁办公后勤/门窗五金；分类置信度：high；不锈钢插销是门窗五金，旧五金备件过宽。	2026-07-03
CHEM-000002	涂料	品牌：立邦；系列：5合1；特征：环保		化工胶粘涂料/涂料	桶			立邦环保涂料5合1	CHEM-000002 涂料 化工耗材/涂料 桶 品牌：立邦 系列：5合1 特征：环保 立邦环保涂料5合1 立邦 5合1 环保	立邦		candidate	needs_review	clarify_specs_before_use	purchase_2024_candidate_rows=54；purchase_2024_source_rows=55；draft_sku_id=SKU-DRAFT-000054	缺失规格：容量；颜色；整理依据：容量、颜色缺失，会影响涂料 SKU 区分；导入口径：do_not_import_missing_specs；重分类：化工耗材/涂料 -> 化工胶粘涂料/涂料；分类置信度：high；立邦涂料归涂料类。	2026-07-03
TOOL-000004	滚筒刷	规格：4寸		工具耗材/刷具	个			4寸滚筒	TOOL-000004 滚筒刷 工具器具/涂装工具 个 规格：4寸 4寸滚筒 4寸			active	standard	auto_select_allowed	purchase_2024_candidate_rows=55；purchase_2024_source_rows=56；draft_sku_id=SKU-DRAFT-000055	导入口径：import_ready；重分类：工具器具/涂装工具 -> 工具耗材/刷具；分类置信度：high；滚筒刷是涂装刷具耗材。	2026-07-03
SPARE-000004	插销	规格：4寸		清洁办公后勤/门窗五金	付			4寸插销	SPARE-000004 插销 五金备件/门窗五金 付 规格：4寸 4寸插销 4寸			candidate	needs_review	clarify_specs_before_use	purchase_2024_candidate_rows=56；purchase_2024_source_rows=57；draft_sku_id=SKU-DRAFT-000056	缺失规格：材质；整理依据：材质缺失，会影响插销 SKU 区分；导入口径：do_not_import_missing_specs；重分类：五金备件/门窗五金 -> 清洁办公后勤/门窗五金；分类置信度：high；不锈钢插销是门窗五金，旧五金备件过宽。	2026-07-03
SPARE-000005	合页	材质：不锈钢；规格：4寸；特征：加厚		清洁办公后勤/门窗五金	付			4寸不锈钢加厚合页	SPARE-000005 合页 五金备件/门窗五金 付 材质：不锈钢 规格：4寸 特征：加厚 4寸不锈钢加厚合页 不锈钢 4寸 加厚			active	standard	auto_select_allowed	purchase_2024_candidate_rows=57；purchase_2024_source_rows=58；draft_sku_id=SKU-DRAFT-000057	导入口径：import_ready；重分类：五金备件/门窗五金 -> 清洁办公后勤/门窗五金；分类置信度：high；合页属门窗五金，旧五金口径需归并。	2026-07-03
HW-LOCK-000003	抽锁	材质：不锈钢；规格：5寸		清洁办公后勤/门窗五金	个			5寸不锈钢抽锁	HW-LOCK-000003 抽锁 五金备件/锁具 个 材质：不锈钢 规格：5寸 5寸不锈钢抽锁 不锈钢 5寸			active	standard	auto_select_allowed	purchase_2024_candidate_rows=58；purchase_2024_source_rows=59；draft_sku_id=SKU-DRAFT-000058	导入口径：import_ready；重分类：五金备件/锁具 -> 清洁办公后勤/门窗五金；分类置信度：high；抽锁属门窗锁具五金。	2026-07-03
TOOL-000005	扫把	材质：塑料		清洁办公后勤/清洁工具	个			塑料扫把	TOOL-000005 扫把 清洁用品/清洁工具 个 材质：塑料 塑料扫把 塑料			active	standard	auto_select_allowed	purchase_2024_candidate_rows=59；purchase_2024_source_rows=60；draft_sku_id=SKU-DRAFT-000059	导入口径：import_ready；重分类：清洁用品/清洁工具 -> 清洁办公后勤/清洁工具；分类置信度：high；扫把是清洁工具，材质规格不拆分。	2026-07-03
HW-LOCK-000004	挂锁	材质：不锈钢；规格：40		清洁办公后勤/门窗五金	个			40不锈钢挂锁	HW-LOCK-000004 挂锁 五金备件/锁具 个 材质：不锈钢 规格：40 40不锈钢挂锁 不锈钢 40			active	standard	auto_select_allowed	purchase_2024_candidate_rows=60；purchase_2024_source_rows=61；draft_sku_id=SKU-DRAFT-000060	导入口径：import_ready；重分类：五金备件/锁具 -> 清洁办公后勤/门窗五金；分类置信度：high；挂锁属门窗锁具五金，旧五金口径需归并。	2026-07-03
TOOL-000006	扫把	材质/类型：高粱		清洁办公后勤/清洁工具	把			高粱扫把	TOOL-000006 扫把 清洁用品/清洁工具 把 材质/类型：高粱 高粱扫把 高粱			active	standard	auto_select_allowed	purchase_2024_candidate_rows=61；purchase_2024_source_rows=62；draft_sku_id=SKU-DRAFT-000061	导入口径：import_ready；重分类：清洁用品/清洁工具 -> 清洁办公后勤/清洁工具；分类置信度：high；扫把是清洁工具，材质规格不拆分。	2026-07-03
CONST-000003	地板胶	材质：PVC；特征：加厚		建筑材料/装饰材料	平方			加厚PVC地板胶	CONST-000003 地板胶 装修材料/地面材料 平方 材质：PVC 特征：加厚 加厚PVC地板胶 PVC 加厚			candidate	needs_review	clarify_specs_before_use	purchase_2024_candidate_rows=62；purchase_2024_source_rows=63；draft_sku_id=SKU-DRAFT-000062	缺失规格：厚度；整理依据：厚度缺失，会影响 PVC 地板胶 SKU 区分；导入口径：do_not_import_missing_specs；重分类：装修材料/地面材料 -> 建筑材料/装饰材料；分类置信度：high；PVC地板胶是地面装饰材料，不是胶粘剂。	2026-07-03
MAT-000004	墙布	特征：厚、环保		建筑材料/装饰材料	平方			厚环保墙布	MAT-000004 墙布 装修材料/墙面材料 平方 特征：厚、环保 厚环保墙布 厚、环保			candidate	needs_review	clarify_specs_before_use	purchase_2024_candidate_rows=63；purchase_2024_source_rows=64；draft_sku_id=SKU-DRAFT-000063	缺失规格：材质；整理依据：材质、花色缺失，会影响墙布 SKU 区分；导入口径：do_not_import_missing_specs；重分类：装修材料/墙面材料 -> 建筑材料/装饰材料；分类置信度：high；墙布是墙面装饰材料。	2026-07-03
ADMIN-000003	水壶	材质：不锈钢；容量：6.5升		清洁办公后勤/生活用品	个			6.5升不锈钢水壶	ADMIN-000003 水壶 办公生活用品/小电器 个 材质：不锈钢 容量：6.5升 6.5升不锈钢水壶 不锈钢 6.5升			active	standard	auto_select_allowed	purchase_2024_candidate_rows=64；purchase_2024_source_rows=65；draft_sku_id=SKU-DRAFT-000064	导入口径：import_ready；重分类：办公生活用品/小电器 -> 清洁办公后勤/生活用品；分类置信度：high；不锈钢水壶是后勤生活用品。	2026-07-03
TOOL-000007	电钻	动力：锂电池		电动气动工具/电动工具	台			锂电池电钻	TOOL-000007 电钻 工具器具/电动工具 台 动力：锂电池 锂电池电钻 锂电池			candidate	needs_review	clarify_specs_before_use	purchase_2024_candidate_rows=65；purchase_2024_source_rows=66；draft_sku_id=SKU-DRAFT-000065	缺失规格：品牌；电压；整理依据：品牌、电压缺失，会影响锂电池电钻 SKU 区分；导入口径：do_not_import_missing_specs；重分类：工具器具/电动工具 -> 电动气动工具/电动工具；分类置信度：high；电钻为电动工具整机。	2026-07-03
ADMIN-000004	水桶	规格：未注明		包装覆盖周转/周转容器	个			水桶	ADMIN-000004 水桶 办公生活用品/容器 个 规格：未注明 未注明			candidate	needs_review	clarify_specs_before_use	purchase_2024_candidate_rows=66；purchase_2024_source_rows=67；draft_sku_id=SKU-DRAFT-000066	缺失规格：容量；整理依据：容量缺失，无法区分不同水桶 SKU；导入口径：do_not_import_missing_specs；重分类：办公生活用品/容器 -> 包装覆盖周转/周转容器；分类置信度：medium；小水桶与1T不锈钢支架水桶差异大，应拆分容器规格用途。；分类拆分待复核：按容量/材质/用途拆分；小水桶与1T不锈钢支架水桶差异大，应拆分容器规格用途。	2026-07-03
MAT-000005	水龙头花洒套装	组合：水龙头+花洒		管材管件阀门/水暖五金	套			水龙头花洒	MAT-000005 水龙头花洒套装 工程材料/水暖五金 套 组合：水龙头+花洒 水龙头花洒 水龙头+花洒			candidate	needs_review	clarify_specs_before_use	purchase_2024_candidate_rows=67;216；purchase_2024_source_rows=68;217；draft_sku_id=SKU-DRAFT-000067	缺失规格：规格；材质；整理依据：材质、接口规格缺失，会影响套装 SKU 区分；输入提示称与其他行同物料，未在本批合并；材质、接口规格缺失，会影响套装SKU区分；输入单位为个，按套装规范为套，需与同物料统一；导入口径：do_not_import_missing_specs；重分类：工程材料/水暖五金 -> 管材管件阀门/水暖五金；分类置信度：high；水龙头花洒组合属水暖五金套装。	2026-07-03
SPARE-000006	闭门器	规格：大		清洁办公后勤/门窗五金	套			闭门器大	SPARE-000006 闭门器 五金备件/门窗五金 套 规格：大 闭门器大 大			candidate	usable	confirm_before_use	purchase_2024_candidate_rows=68；purchase_2024_source_rows=69；draft_sku_id=SKU-DRAFT-000068	缺失规格：型号；整理依据：适用门重、型号缺失，需后续确认；导入口径：confirm_then_import；重分类：五金备件/门窗五金 -> 清洁办公后勤/门窗五金；分类置信度：high；闭门器属于门窗五金。	2026-07-03
SPARE-000007	插销	材质：不锈钢		清洁办公后勤/门窗五金	套			不锈钢插销	SPARE-000007 插销 五金备件/门窗五金 套 材质：不锈钢 不锈钢插销 不锈钢			candidate	needs_review	clarify_specs_before_use	purchase_2024_candidate_rows=69；purchase_2024_source_rows=70；draft_sku_id=SKU-DRAFT-000069	缺失规格：尺寸；整理依据：尺寸缺失；输入提示称同名物料存在单位差异，需统一单位；导入口径：do_not_import_missing_specs；重分类：五金备件/门窗五金 -> 清洁办公后勤/门窗五金；分类置信度：high；不锈钢插销是门窗五金，旧五金备件过宽。	2026-07-03
MAT-000006	水龙头	规格：未注明		管材管件阀门/水暖五金	个			水龙头	MAT-000006 水龙头 工程材料/水暖五金 个 规格：未注明 未注明			candidate	needs_review	clarify_specs_before_use	purchase_2024_candidate_rows=70；purchase_2024_source_rows=71；draft_sku_id=SKU-DRAFT-000070	缺失规格：材质；整理依据：材质、接口规格缺失，无法区分不同水龙头 SKU；导入口径：do_not_import_missing_specs；重分类：工程材料/水暖五金 -> 管材管件阀门/水暖五金；分类置信度：high；水龙头属于水暖五金。	2026-07-03
ELEC-000023	空调插座	品牌：公牛；电流：16A；用途：空调		电气电料/插头插座	个			公牛16A空调插座；16A公牛空调插座	ELEC-000023 空调插座 电气材料/插头插座 个 品牌：公牛 电流：16A 用途：空调 公牛16A空调插座 16A公牛空调插座 公牛 16A 空调	公牛		candidate	usable	confirm_before_use	purchase_2024_candidate_rows=71；purchase_2024_source_rows=72；draft_sku_id=SKU-DRAFT-000071	缺失规格：型号；整理依据：明装/暗装未说明，需后续确认；输入提示称与其他行同物料，未在本批合并；导入口径：confirm_then_import；重分类：电气材料/插头插座 -> 电气电料/插头插座；分类置信度：high；空调插座属于插头插座类电气材料。	2026-07-03
ELEC-000024	插排	品牌：公牛；线长：3米；孔位：8孔		电气电料/插头插座	个			公牛插座3米*8孔	ELEC-000024 插排 电气材料/插头插座 个 品牌：公牛 线长：3米 孔位：8孔 公牛插座3米*8孔 公牛 3米 8孔	公牛		active	standard	auto_select_allowed	purchase_2024_candidate_rows=72；purchase_2024_source_rows=73；draft_sku_id=SKU-DRAFT-000072	导入口径：import_ready；重分类：电气材料/插头插座 -> 电气电料/插头插座；分类置信度：high；公牛多孔插排属于插头插座类。	2026-07-03
ELEC-000025	启辉器	类型：启辉器		电气电料/照明灯具	个			启辉器	ELEC-000025 启辉器 电气材料/照明配件 个 类型：启辉器			candidate	needs_review	clarify_specs_before_use	purchase_2024_candidate_rows=73；purchase_2024_source_rows=74；draft_sku_id=SKU-DRAFT-000073	缺失规格：规格；整理依据：适配灯管规格缺失，无法区分不同启辉器 SKU；导入口径：do_not_import_missing_specs；重分类：电气材料/照明配件 -> 电气电料/照明灯具；分类置信度：high；启辉器是照明灯具配件。	2026-07-03
ELEC-000026	灯头	接口：螺口		电气电料/照明灯具	个			螺口灯头	ELEC-000026 灯头 电气材料/照明配件 个 接口：螺口 螺口灯头 螺口			candidate	needs_review	clarify_specs_before_use	purchase_2024_candidate_rows=74；purchase_2024_source_rows=75；draft_sku_id=SKU-DRAFT-000074	缺失规格：规格；整理依据：E27/E14 等接口规格缺失，无法区分不同螺口灯头 SKU；导入口径：do_not_import_missing_specs；重分类：电气材料/照明配件 -> 电气电料/照明灯具；分类置信度：high；灯头为照明灯具配件。	2026-07-03
ELEC-000027	排气扇	规格：50*50		电气电料/通风设备	台			50*50排气扇	ELEC-000027 排气扇 电气材料/通风设备 台 规格：50*50 50*50排气扇 50*50			active	standard	auto_select_allowed	purchase_2024_candidate_rows=75；purchase_2024_source_rows=76；draft_sku_id=SKU-DRAFT-000075	导入口径：import_ready；重分类：电气材料/通风设备 -> 电气电料/通风设备；分类置信度：high；电动通风器具，一级归电气电料；新建二级通风设备。	2026-07-03
ELEC-000028	漏电保护器	品牌：施耐德；极数：2P；电流：63A		电气电料/低压电器	个			2P*63A施耐德漏电保护器	ELEC-000028 漏电保护器 电气材料/低压电器 个 品牌：施耐德 极数：2P 电流：63A 2P*63A施耐德漏电保护器 施耐德 2P 63A	施耐德		active	standard	auto_select_allowed	purchase_2024_candidate_rows=76；purchase_2024_source_rows=77；draft_sku_id=SKU-DRAFT-000076	导入口径：import_ready；重分类：电气材料/低压电器 -> 电气电料/低压电器；分类置信度：high；漏电保护器属于低压电器。	2026-07-03
ELEC-000029	空气开关	品牌：施耐德；极数：3P；电流：63A		电气电料/低压电器	个			3P*63A施耐德空气开关	ELEC-000029 空气开关 电气材料/低压电器 个 品牌：施耐德 极数：3P 电流：63A 3P*63A施耐德空气开关 施耐德 3P 63A	施耐德		active	standard	auto_select_allowed	purchase_2024_candidate_rows=77；purchase_2024_source_rows=78；draft_sku_id=SKU-DRAFT-000077	导入口径：import_ready；重分类：电气材料/低压电器 -> 电气电料/低压电器；分类置信度：high；空气开关是低压断路器。	2026-07-03
METAL-000002	洗脸盆	材质：不锈钢；长度：2米；特征：加厚		管材管件阀门/水暖五金	台			2米加厚不锈钢洗脸盆	METAL-000002 洗脸盆 工程材料/洁具 台 材质：不锈钢 长度：2米 特征：加厚 2米加厚不锈钢洗脸盆 不锈钢 2米 加厚			active	standard	auto_select_allowed	purchase_2024_candidate_rows=78；purchase_2024_source_rows=79；draft_sku_id=SKU-DRAFT-000078	导入口径：import_ready；重分类：工程材料/洁具 -> 管材管件阀门/水暖五金；分类置信度：medium；2米不锈钢洗脸盆与生活洗脸盆用途差异明显。；分类拆分待复核：按工程洁具/生活用品拆分；2米不锈钢洗脸盆与生活洗脸盆用途差异明显。	2026-07-03
MAT-000007	水龙头	类型：大弯		管材管件阀门/水暖五金	个			大弯水龙头	MAT-000007 水龙头 工程材料/水暖五金 个 类型：大弯 大弯水龙头 大弯			candidate	needs_review	clarify_specs_before_use	purchase_2024_candidate_rows=79；purchase_2024_source_rows=80；draft_sku_id=SKU-DRAFT-000079	缺失规格：规格；材质；整理依据：材质、接口规格缺失，无法区分不同大弯水龙头 SKU；导入口径：do_not_import_missing_specs；重分类：工程材料/水暖五金 -> 管材管件阀门/水暖五金；分类置信度：high；水龙头属于水暖五金。	2026-07-03
PIPE-000014	洗脸盆下水管	用途：洗脸盆；类型：下水管		管材管件阀门/水暖五金	套			洗脸盆下水管	PIPE-000014 洗脸盆下水管 工程材料/洁具配件 套 用途：洗脸盆 类型：下水管 洗脸盆 下水管			candidate	usable	confirm_before_use	purchase_2024_candidate_rows=80；purchase_2024_source_rows=81；draft_sku_id=SKU-DRAFT-000080	缺失规格：材质；口径；整理依据：材质、接口规格未注明，需后续确认；输入提示称与其他行同物料，未在本批合并；导入口径：confirm_then_import；重分类：工程材料/洁具配件 -> 管材管件阀门/水暖五金；分类置信度：high；洗脸盆下水管属于洁具水暖配件。	2026-07-03
MAT-CEM-000002	沙子	包装：大包		建筑材料/水泥砂石	包			大包沙子	MAT-CEM-000002 沙子 建筑材料/水泥砂石 包 包装：大包 大包沙子 大包			candidate	needs_review	clarify_specs_before_use	purchase_2024_candidate_rows=81；purchase_2024_source_rows=82；draft_sku_id=SKU-DRAFT-000081	缺失规格：类型；强度等级；包装重量；品牌；整理依据：粒径、重量缺失，无法区分不同沙子 SKU；导入口径：do_not_import_missing_specs	2026-07-03
MAT-CEM-000003	石子	包装：大包		建筑材料/水泥砂石	包			大包石子	MAT-CEM-000003 石子 建筑材料/水泥砂石 包 包装：大包 大包石子 大包			candidate	needs_review	clarify_specs_before_use	purchase_2024_candidate_rows=82；purchase_2024_source_rows=83；draft_sku_id=SKU-DRAFT-000082	缺失规格：类型；强度等级；包装重量；品牌；整理依据：粒径、重量缺失，无法区分不同石子 SKU；导入口径：do_not_import_missing_specs	2026-07-03
SAFE-000001	帆布手套	类型：双重/双层帆布		劳保防护/手套	双			双重帆布手套	SAFE-000001 帆布手套 劳保耗材/手套 双 类型：双重/双层帆布 双重帆布手套 双重/双层帆布			active	standard	auto_select_allowed	purchase_2024_candidate_rows=83；purchase_2024_source_rows=84；draft_sku_id=SKU-DRAFT-000083	导入口径：import_ready；重分类：劳保耗材/手套 -> 劳保防护/手套；分类置信度：high；帆布手套为劳保手套，旧劳保耗材不作分类。	2026-07-03
HW-LOCK-000005	挂锁	材质：铜		清洁办公后勤/门窗五金	个			铜挂锁	HW-LOCK-000005 挂锁 五金备件/锁具 个 材质：铜 铜挂锁 铜			candidate	needs_review	clarify_specs_before_use	purchase_2024_candidate_rows=84；purchase_2024_source_rows=85；draft_sku_id=SKU-DRAFT-000084	缺失规格：规格；尺寸；整理依据：规格尺寸缺失，无法区分不同铜挂锁 SKU；导入口径：do_not_import_missing_specs；重分类：五金备件/锁具 -> 清洁办公后勤/门窗五金；分类置信度：high；挂锁属门窗锁具五金，旧五金口径需归并。	2026-07-03
TOOL-000008	扫把	规格：未注明		清洁办公后勤/清洁工具	个			扫把	TOOL-000008 扫把 清洁用品/清洁工具 个 规格：未注明 未注明			candidate	needs_review	clarify_specs_before_use	purchase_2024_candidate_rows=85；purchase_2024_source_rows=86；draft_sku_id=SKU-DRAFT-000085	缺失规格：材质；整理依据：材质缺失，无法区分不同扫把 SKU；导入口径：do_not_import_missing_specs；重分类：清洁用品/清洁工具 -> 清洁办公后勤/清洁工具；分类置信度：high；扫把是清洁工具，材质规格不拆分。	2026-07-03
TOOL-000009	剥线钳	品牌：世达；类型：多功能剥线钳		工具量具/电工工具	个			世达多功能剥线钳	TOOL-000009 剥线钳 工具器具/手动工具 个 品牌：世达 类型：多功能剥线钳 世达多功能剥线钳 世达 多功能剥线钳	世达		candidate	usable	confirm_before_use	purchase_2024_candidate_rows=87；purchase_2024_source_rows=88；draft_sku_id=SKU-DRAFT-000086	缺失规格：型号；整理依据：输入提示称同物料存在单位差异，需统一单位；导入口径：confirm_then_import；重分类：工具器具/手动工具 -> 工具量具/电工工具；分类置信度：high；剥线钳是电工手动工具。	2026-07-03
MAT-000008	水龙头	规格：4分；类型：冷热		管材管件阀门/水暖五金	个			4分冷热水龙头	MAT-000008 水龙头 工程材料/水暖五金 个 规格：4分 类型：冷热 4分冷热水龙头 4分 冷热			candidate	usable	confirm_before_use	purchase_2024_candidate_rows=88；purchase_2024_source_rows=89；draft_sku_id=SKU-DRAFT-000087	缺失规格：材质；整理依据：材质缺失，需后续确认；输入提示称与其他行同物料，未在本批合并；导入口径：confirm_then_import；重分类：工程材料/水暖五金 -> 管材管件阀门/水暖五金；分类置信度：high；水龙头属于水暖五金。	2026-07-03
PIPE-000015	PPR过桥弯	品牌：公元；规格：25；类型：过桥弯		管材管件阀门/弯头	个			公元25PPR过桥弯	PIPE-000015 PPR过桥弯 工程材料/PPR管件 个 品牌：公元 规格：25 类型：过桥弯 公元25PPR过桥弯 公元 25 过桥弯	公元		active	standard	auto_select_allowed	purchase_2024_candidate_rows=89；purchase_2024_source_rows=90；draft_sku_id=SKU-DRAFT-000088	导入口径：import_ready；重分类：工程材料/PPR管件 -> 管材管件阀门/弯头；分类置信度：high；过桥弯是弯头类PPR管件。	2026-07-03
PIPE-000016	PPR异径直接	规格：32*25；类型：大小头/异径		管材管件阀门/直接	个			PPR32*25大小头	PIPE-000016 PPR异径直接 工程材料/PPR管件 个 规格：32*25 类型：大小头/异径 PPR32*25大小头 32*25 大小头/异径			active	standard	auto_select_allowed	purchase_2024_candidate_rows=90；purchase_2024_source_rows=91；draft_sku_id=SKU-DRAFT-000089	导入口径：import_ready；重分类：工程材料/PPR管件 -> 管材管件阀门/直接；分类置信度：high；异径直接仍是直通接头，规格变化不另拆。	2026-07-03
ELEC-000030	电缆	品牌：起帆；规格：3*6+1		电气电料/电线电缆	米			3*6+1起帆电缆	ELEC-000030 电缆 电气材料/电线电缆 米 品牌：起帆 规格：3*6+1 3*6+1起帆电缆 起帆 3*6+1	起帆		candidate	needs_review	clarify_specs_before_use	purchase_2024_candidate_rows=91；purchase_2024_source_rows=92；draft_sku_id=SKU-DRAFT-000090	缺失规格：型号；整理依据：电缆型号如 YJV/RVV 缺失，无法区分不同电缆 SKU；导入口径：do_not_import_missing_specs；重分类：电气材料/电线电缆 -> 电气电料/电线电缆；分类置信度：high；样例均为多芯电缆。	2026-07-03
ELEC-000031	铜鼻子	规格：100A；材质：铜		电气电料/接线端子	个			100A铜鼻子	ELEC-000031 铜鼻子 电气材料/接线端子 个 规格：100A 材质：铜 100A铜鼻子 100A 铜			active	standard	auto_select_allowed	purchase_2024_candidate_rows=92；purchase_2024_source_rows=93；draft_sku_id=SKU-DRAFT-000091	导入口径：import_ready；重分类：电气材料/接线端子 -> 电气电料/接线端子；分类置信度：high；铜鼻子是电缆接线端子。	2026-07-03
ELEC-000032	铜鼻子	规格：200A；材质：铜		电气电料/接线端子	个			200A铜鼻子	ELEC-000032 铜鼻子 电气材料/接线端子 个 规格：200A 材质：铜 200A铜鼻子 200A 铜			active	standard	auto_select_allowed	purchase_2024_candidate_rows=93；purchase_2024_source_rows=94；draft_sku_id=SKU-DRAFT-000092	导入口径：import_ready；重分类：电气材料/接线端子 -> 电气电料/接线端子；分类置信度：high；铜鼻子是电缆接线端子。	2026-07-03
ADMIN-000005	垃圾袋	规格：大		清洁办公后勤/清洁耗材	个			大垃圾袋	ADMIN-000005 垃圾袋 清洁用品/垃圾袋 个 规格：大 大垃圾袋 大			candidate	needs_review	clarify_specs_before_use	purchase_2024_candidate_rows=94；purchase_2024_source_rows=95；draft_sku_id=SKU-DRAFT-000093	缺失规格：尺寸；厚度；整理依据：厚度、尺寸缺失，无法区分不同垃圾袋 SKU；导入口径：do_not_import_missing_specs；重分类：清洁用品/垃圾袋 -> 清洁办公后勤/清洁耗材；分类置信度：high；垃圾袋是清洁消耗品，旧劳保耗材错误。	2026-07-03
SAFE-000002	防护眼镜	用途：打磨		劳保防护/眼面防护	个			打磨眼镜	SAFE-000002 防护眼镜 劳保耗材/眼面防护 个 用途：打磨 打磨眼镜 打磨			active	standard	auto_select_allowed	purchase_2024_candidate_rows=95；purchase_2024_source_rows=96；draft_sku_id=SKU-DRAFT-000094	导入口径：import_ready；重分类：劳保耗材/眼面防护 -> 劳保防护/眼面防护；分类置信度：high；防护眼镜为眼面防护用品。	2026-07-03
PIPE-000017	PPR三通	规格：25；类型：三通		管材管件阀门/三通	个			25PPR三通	PIPE-000017 PPR三通 工程材料/PPR管件 个 规格：25 类型：三通 25PPR三通 25 三通			candidate	usable	confirm_before_use	purchase_2024_candidate_rows=96；purchase_2024_source_rows=97；draft_sku_id=SKU-DRAFT-000095	缺失规格：品牌；整理依据：品牌缺失，需后续确认；导入口径：confirm_then_import；重分类：工程材料/PPR管件 -> 管材管件阀门/三通；分类置信度：high；PPR三通是标准管件；旧工程材料过宽。	2026-07-03
PIPE-000018	PPR内牙弯头	规格：PPR25*4分；连接：内牙；类型：弯头		管材管件阀门/弯头	个			PPR25*4内牙弯头	PIPE-000018 PPR内牙弯头 工程材料/PPR管件 个 规格：PPR25*4分 连接：内牙 类型：弯头 PPR25*4内牙弯头 PPR25*4分 内牙 弯头			active	standard	auto_select_allowed	purchase_2024_candidate_rows=97；purchase_2024_source_rows=98；draft_sku_id=SKU-DRAFT-000096	导入口径：import_ready；重分类：工程材料/PPR管件 -> 管材管件阀门/弯头；分类置信度：high；内牙只是连接形式，物料族仍为PPR弯头。	2026-07-03
METAL-000003	镀锌角铁	材质/表面：镀锌；规格：4*4*0.5		金属材料/型钢	米			4*4*0.5镀锌角铁	METAL-000003 镀锌角铁 金属材料/型材 米 材质/表面：镀锌 规格：4*4*0.5 4*4*0.5镀锌角铁 镀锌 4*4*0.5			candidate	usable	confirm_before_use	purchase_2024_candidate_rows=98；purchase_2024_source_rows=99；draft_sku_id=SKU-DRAFT-000097	缺失规格：材质；整理依据：规格单位需确认，原始规格未说明 cm/mm；导入口径：confirm_then_import；重分类：金属材料/型材 -> 金属材料/型钢；分类置信度：high；角铁同角钢，归型钢。	2026-07-03
TOOL-000010	羊毛刷	规格：4寸		工具耗材/刷具	个			4寸羊毛刷	TOOL-000010 羊毛刷 工具器具/涂装工具 个 规格：4寸 4寸羊毛刷 4寸			active	standard	auto_select_allowed	purchase_2024_candidate_rows=99；purchase_2024_source_rows=100；draft_sku_id=SKU-DRAFT-000098	导入口径：import_ready；重分类：工具器具/涂装工具 -> 工具耗材/刷具；分类置信度：high；羊毛刷为涂装刷具耗材。	2026-07-03
PIPE-000019	排水三通	品牌：公元；规格：75；类型：三通		管材管件阀门/三通	个			公元75三通；三通	PIPE-000019 排水三通 工程材料/排水管件 个 品牌：公元 规格：75 类型：三通 公元75三通 三通 公元 75	公元		candidate	needs_review	clarify_specs_before_use	purchase_2024_candidate_rows=100；purchase_2024_source_rows=101；draft_sku_id=SKU-DRAFT-000099	缺失规格：材质；整理依据：材质需按同批胶管确认，缺失时无法区分管件 SKU；导入口径：do_not_import_missing_specs；重分类：工程材料/排水管件 -> 管材管件阀门/三通；分类置信度：high；排水PVC三通属于管件，旧工程材料过宽。	2026-07-03
PIPE-000020	排水异径补心	品牌：公元；规格：75*50；类型：补心/异径		管材管件阀门/异径接头	个			公元75*50补心	PIPE-000020 排水异径补心 工程材料/排水管件 个 品牌：公元 规格：75*50 类型：补心/异径 公元75*50补心 公元 75*50 补心/异径	公元		candidate	usable	confirm_before_use	purchase_2024_candidate_rows=101；purchase_2024_source_rows=102；draft_sku_id=SKU-DRAFT-000100	缺失规格：材质；口径；整理依据：材质需按同批胶管确认；导入口径：confirm_then_import；重分类：工程材料/排水管件 -> 管材管件阀门/异径接头；分类置信度：high；排水补心是异径管接头；新建二级异径接头。	2026-07-03
PIPE-000021	排水弯头	品牌：公元；规格：75；类型：弯头		管材管件阀门/弯头	个			公元75弯头	PIPE-000021 排水弯头 工程材料/排水管件 个 品牌：公元 规格：75 类型：弯头 公元75弯头 公元 75 弯头	公元		candidate	usable	confirm_before_use	purchase_2024_candidate_rows=102；purchase_2024_source_rows=103；draft_sku_id=SKU-DRAFT-000101	缺失规格：材质；口径；整理依据：材质需按同批胶管确认；导入口径：confirm_then_import；重分类：工程材料/排水管件 -> 管材管件阀门/弯头；分类置信度：high；排水弯头属于标准管件，旧工程材料过宽。	2026-07-03
PIPE-000022	排水三通	品牌：公元；规格：50；类型：三通		管材管件阀门/三通	个			公元50三通	PIPE-000022 排水三通 工程材料/排水管件 个 品牌：公元 规格：50 类型：三通 公元50三通 公元 50 三通	公元		candidate	usable	confirm_before_use	purchase_2024_candidate_rows=103；purchase_2024_source_rows=104；draft_sku_id=SKU-DRAFT-000102	缺失规格：材质；口径；整理依据：材质需按同批胶管确认；导入口径：confirm_then_import；重分类：工程材料/排水管件 -> 管材管件阀门/三通；分类置信度：high；排水PVC三通属于管件，旧工程材料过宽。	2026-07-03
PIPE-000023	排水弯头	品牌：公元；规格：50；类型：弯头		管材管件阀门/弯头	个			公元50弯头	PIPE-000023 排水弯头 工程材料/排水管件 个 品牌：公元 规格：50 类型：弯头 公元50弯头 公元 50 弯头	公元		candidate	usable	confirm_before_use	purchase_2024_candidate_rows=104；purchase_2024_source_rows=105；draft_sku_id=SKU-DRAFT-000103	缺失规格：材质；口径；整理依据：材质需按同批胶管确认；导入口径：confirm_then_import；重分类：工程材料/排水管件 -> 管材管件阀门/弯头；分类置信度：high；排水弯头属于标准管件，旧工程材料过宽。	2026-07-03
PIPE-000024	排水异径三通	品牌：公元；规格：75*50；类型：三通		管材管件阀门/三通	个			公元75*50三通	PIPE-000024 排水异径三通 工程材料/排水管件 个 品牌：公元 规格：75*50 类型：三通 公元75*50三通 公元 75*50 三通	公元		candidate	usable	confirm_before_use	purchase_2024_candidate_rows=105；purchase_2024_source_rows=106；draft_sku_id=SKU-DRAFT-000104	缺失规格：材质；口径；整理依据：材质需按同批胶管确认；导入口径：confirm_then_import；重分类：工程材料/排水管件 -> 管材管件阀门/三通；分类置信度：high；异径三通仍按三通管件归类，旧工程材料过宽。	2026-07-03
PIPE-000025	金属软管	材质：金属；长度：80公分		管材管件阀门/水暖五金	个			80公分金属软管	PIPE-000025 金属软管 工程材料/水暖五金 个 材质：金属 长度：80公分 80公分金属软管 金属 80公分			candidate	needs_review	clarify_specs_before_use	purchase_2024_candidate_rows=106；purchase_2024_source_rows=107；draft_sku_id=SKU-DRAFT-000105	缺失规格：规格；整理依据：接口规格缺失，无法区分接口 SKU；导入口径：do_not_import_missing_specs；重分类：工程材料/水暖五金 -> 管材管件阀门/水暖五金；分类置信度：high；样例为4分及定长金属软管，属水暖连接软管。	2026-07-03
PIPE-000026	金属软管	材质：金属；长度：40公分		管材管件阀门/水暖五金	个			40公分金属软管	PIPE-000026 金属软管 工程材料/水暖五金 个 材质：金属 长度：40公分 40公分金属软管 金属 40公分			candidate	needs_review	clarify_specs_before_use	purchase_2024_candidate_rows=107；purchase_2024_source_rows=108；draft_sku_id=SKU-DRAFT-000106	缺失规格：规格；整理依据：接口规格缺失，无法区分接口 SKU；导入口径：do_not_import_missing_specs；重分类：工程材料/水暖五金 -> 管材管件阀门/水暖五金；分类置信度：high；样例为4分及定长金属软管，属水暖连接软管。	2026-07-03
SPARE-000008	生料带	类型：密封带		管材管件阀门/水暖五金	个			生料带	SPARE-000008 生料带 工程材料/水暖辅材 个 类型：密封带 密封带			active	standard	auto_select_allowed	purchase_2024_candidate_rows=108；purchase_2024_source_rows=109；draft_sku_id=SKU-DRAFT-000107	导入口径：import_ready；重分类：工程材料/水暖辅材 -> 管材管件阀门/水暖五金；分类置信度：high；生料带用于管螺纹密封，归水暖五金；工程材料旧类目过宽。	2026-07-03
PIPE-000027	PPR阀门	品牌：公元；规格：25；类型：阀门		管材管件阀门/阀门	个			公元25PPR阀门	PIPE-000027 PPR阀门 工程材料/PPR管件 个 品牌：公元 规格：25 类型：阀门 公元25PPR阀门 公元 25 阀门	公元		active	standard	auto_select_allowed	purchase_2024_candidate_rows=109；purchase_2024_source_rows=110；draft_sku_id=SKU-DRAFT-000108	导入口径：import_ready；重分类：工程材料/PPR管件 -> 管材管件阀门/阀门；分类置信度：high；PPR阀门属于管路阀门，旧工程材料过宽。	2026-07-03
ADMIN-000006	记号笔	类型：记号笔		清洁办公后勤/办公用品	个			记号笔	ADMIN-000006 记号笔 办公低耗/文具 个 类型：记号笔			candidate	needs_review	clarify_specs_before_use	purchase_2024_candidate_rows=110；purchase_2024_source_rows=111；draft_sku_id=SKU-DRAFT-000109	缺失规格：颜色；整理依据：颜色缺失，无法区分颜色 SKU；导入口径：do_not_import_missing_specs；重分类：办公低耗/文具 -> 清洁办公后勤/办公用品；分类置信度：high；记号笔为办公书写用品，耗材低耗不作分类。	2026-07-03
PIPE-000028	PPR弯头	规格：25；类型：弯头		管材管件阀门/弯头	个			25PPR弯头	PIPE-000028 PPR弯头 工程材料/PPR管件 个 规格：25 类型：弯头 25PPR弯头 25 弯头			candidate	usable	confirm_before_use	purchase_2024_candidate_rows=111；purchase_2024_source_rows=112；draft_sku_id=SKU-DRAFT-000110	缺失规格：材质；口径；整理依据：原始未提供品牌；需复核是否与同类 PPR 弯头合并；导入口径：confirm_then_import；重分类：工程材料/PPR管件 -> 管材管件阀门/弯头；分类置信度：high；样例均为PPR弯头，口径/品牌是规格差异。	2026-07-03
TOOL-000011	羊毛刷	规格：4寸		工具耗材/刷具	支			4寸羊毛刷	TOOL-000011 羊毛刷 工具器具/涂装工具 支 规格：4寸 4寸羊毛刷 4寸			candidate	usable	confirm_before_use	purchase_2024_candidate_rows=112；purchase_2024_source_rows=113；draft_sku_id=SKU-DRAFT-000111	缺失规格：品牌；型号；整理依据：与其他批次同物料单位待统一；导入口径：confirm_then_import；重分类：工具器具/涂装工具 -> 工具耗材/刷具；分类置信度：high；羊毛刷为涂装刷具耗材。	2026-07-03
TOOL-000012	冲击钻头	规格：6厘		工具耗材/钻头	支			6厘冲击钻头	TOOL-000012 冲击钻头 工具器具/工具配件 支 规格：6厘 6厘冲击钻头 6厘			active	standard	auto_select_allowed	purchase_2024_candidate_rows=113；purchase_2024_source_rows=114；draft_sku_id=SKU-DRAFT-000112	导入口径：import_ready；重分类：工具器具/工具配件 -> 工具耗材/钻头；分类置信度：high；冲击钻头属于钻头类工具耗材。	2026-07-03
TOOL-000013	冲击钻头	规格：20厘		工具耗材/钻头	支			20厘冲击钻头	TOOL-000013 冲击钻头 工具器具/工具配件 支 规格：20厘 20厘冲击钻头 20厘			active	standard	auto_select_allowed	purchase_2024_candidate_rows=114；purchase_2024_source_rows=115；draft_sku_id=SKU-DRAFT-000113	导入口径：import_ready；重分类：工具器具/工具配件 -> 工具耗材/钻头；分类置信度：high；冲击钻头属于钻头类工具耗材。	2026-07-03
TOOL-000014	美工刀	品牌：得力		工具量具/手动工具	支			得力美工刀	TOOL-000014 美工刀 工具器具/手动工具 支 品牌：得力 得力美工刀 得力	得力		active	standard	auto_select_allowed	purchase_2024_candidate_rows=115；purchase_2024_source_rows=116；draft_sku_id=SKU-DRAFT-000114	导入口径：import_ready；重分类：工具器具/手动工具 -> 工具量具/手动工具；分类置信度：high；美工刀为手动切割工具。	2026-07-03
TOOL-000015	玻璃刮	类型：玻璃刮		清洁办公后勤/清洁工具	支			玻璃刮	TOOL-000015 玻璃刮 清洁用品/清洁工具 支 类型：玻璃刮			active	standard	auto_select_allowed	purchase_2024_candidate_rows=116；purchase_2024_source_rows=117；draft_sku_id=SKU-DRAFT-000115	导入口径：import_ready；重分类：清洁用品/清洁工具 -> 清洁办公后勤/清洁工具；分类置信度：high；玻璃刮用于清洁玻璃。	2026-07-03
FAST-000001	膨胀螺丝	规格：14*120		紧固件与连接件/膨胀锚栓	支			14*120膨胀螺丝	FAST-000001 膨胀螺丝 五金备件/紧固件 支 规格：14*120 14*120膨胀螺丝 14*120			active	standard	auto_select_allowed	purchase_2024_candidate_rows=117；purchase_2024_source_rows=118；draft_sku_id=SKU-DRAFT-000116	导入口径：import_ready；重分类：五金备件/紧固件 -> 紧固件与连接件/膨胀锚栓；分类置信度：high；样例均为膨胀螺丝，五金备件旧口径过宽。	2026-07-03
METAL-000004	不锈钢洗脸盆	材质：不锈钢；规格：120*80；特征：加厚		管材管件阀门/水暖五金	套			不锈钢120*80加厚洗脸盆	METAL-000004 不锈钢洗脸盆 工程材料/洁具 套 材质：不锈钢 规格：120*80 特征：加厚 不锈钢120*80加厚洗脸盆 不锈钢 120*80 加厚			active	standard	auto_select_allowed	purchase_2024_candidate_rows=118；purchase_2024_source_rows=119；draft_sku_id=SKU-DRAFT-000117	导入口径：import_ready；重分类：工程材料/洁具 -> 管材管件阀门/水暖五金；分类置信度：medium；洗脸盆为给排水洁具，按水暖五金承接；旧洁具非标准二级。	2026-07-03
ELEC-000033	插头	品牌：德力西；电流：16A		电气电料/插头插座	个			德力西16A插头	ELEC-000033 插头 电气材料/插头插座 个 品牌：德力西 电流：16A 德力西16A插头 德力西 16A	德力西		candidate	needs_review	clarify_specs_before_use	purchase_2024_candidate_rows=119；purchase_2024_source_rows=120；draft_sku_id=SKU-DRAFT-000118	缺失规格：型号；电压；安装方式；整理依据：极数/孔型缺失，无法区分插头 SKU；导入口径：do_not_import_missing_specs；重分类：电气材料/插头插座 -> 电气电料/插头插座；分类置信度：high；10A、16A和三相插头均为插头插座类。	2026-07-03
ELEC-000034	BV电线	型号：BV；截面积：2.5平方		电气电料/电线电缆	米			BV2.5平方电线	ELEC-000034 BV电线 电气材料/电线电缆 米 型号：BV 截面积：2.5平方 BV2.5平方电线 BV 2.5平方		BV	candidate	usable	confirm_before_use	purchase_2024_candidate_rows=120；purchase_2024_source_rows=121；draft_sku_id=SKU-DRAFT-000119	缺失规格：品牌；整理依据：原始未提供品牌；需复核是否与同类 BV 电线合并；导入口径：confirm_then_import；重分类：电气材料/电线电缆 -> 电气电料/电线电缆；分类置信度：high；BV为常用电线型号，按电线电缆归类。	2026-07-03
PIPE-000029	PPR给水管	规格：32；用途：给水		管材管件阀门/管材	米			32PPR给水管	PIPE-000029 PPR给水管 工程材料/PPR管件 米 规格：32 用途：给水 32PPR给水管 32 给水			candidate	usable	confirm_before_use	purchase_2024_candidate_rows=121；purchase_2024_source_rows=122；draft_sku_id=SKU-DRAFT-000120	缺失规格：品牌；整理依据：品牌缺失；导入口径：confirm_then_import；重分类：工程材料/PPR管件 -> 管材管件阀门/管材；分类置信度：high；给水管属于管材，用途不改变分类。	2026-07-03
PIPE-000030	铜止回阀	品牌：埃美柯；材质：铜；规格：32；类型：止回阀		管材管件阀门/阀门	个			32埃美柯铜止回阀	PIPE-000030 铜止回阀 工程材料/阀门 个 品牌：埃美柯 材质：铜 规格：32 类型：止回阀 32埃美柯铜止回阀 埃美柯 铜 32 止回阀	埃美柯		active	standard	auto_select_allowed	purchase_2024_candidate_rows=122；purchase_2024_source_rows=123；draft_sku_id=SKU-DRAFT-000121	导入口径：import_ready；重分类：工程材料/阀门 -> 管材管件阀门/阀门；分类置信度：high；止回阀属于阀门，旧工程材料过泛。	2026-07-03
MAT-000009	蹲便器	类型：平面蹲厕		管材管件阀门/水暖五金	个			平面蹲厕	MAT-000009 蹲便器 工程材料/洁具 个 类型：平面蹲厕 平面蹲厕			candidate	needs_review	clarify_specs_before_use	purchase_2024_candidate_rows=123；purchase_2024_source_rows=124；draft_sku_id=SKU-DRAFT-000122	缺失规格：尺寸；整理依据：尺寸/排水方式缺失，无法区分洁具 SKU；导入口径：do_not_import_missing_specs；重分类：工程材料/洁具 -> 管材管件阀门/水暖五金；分类置信度：medium；蹲便器属水暖洁具，工程材料旧类目过宽。	2026-07-03
MAT-000010	冲水水箱	用途：冲水		管材管件阀门/水暖五金	个			冲水水箱	MAT-000010 冲水水箱 工程材料/洁具配件 个 用途：冲水 冲水			candidate	needs_review	clarify_specs_before_use	purchase_2024_candidate_rows=124；purchase_2024_source_rows=125；draft_sku_id=SKU-DRAFT-000123	缺失规格：容量；整理依据：容量/安装方式缺失，无法区分水箱 SKU；导入口径：do_not_import_missing_specs；重分类：工程材料/洁具配件 -> 管材管件阀门/水暖五金；分类置信度：medium；冲水水箱属于给排水洁具配件，按水暖五金承接。	2026-07-03
MAT-000011	小便斗	类型：小便斗		管材管件阀门/水暖五金	个			小便斗	MAT-000011 小便斗 工程材料/洁具 个 类型：小便斗			candidate	needs_review	clarify_specs_before_use	purchase_2024_candidate_rows=125；purchase_2024_source_rows=126；draft_sku_id=SKU-DRAFT-000124	缺失规格：规格；整理依据：规格/感应方式缺失，无法区分小便斗 SKU；导入口径：do_not_import_missing_specs；重分类：工程材料/洁具 -> 管材管件阀门/水暖五金；分类置信度：high；小便斗属卫浴洁具水暖五金。	2026-07-03
MAT-000012	按压水龙头	类型：按压		管材管件阀门/水暖五金	个			按压龙头	MAT-000012 按压水龙头 工程材料/水暖五金 个 类型：按压 按压龙头 按压			candidate	needs_review	clarify_specs_before_use	purchase_2024_candidate_rows=126；purchase_2024_source_rows=127；draft_sku_id=SKU-DRAFT-000125	缺失规格：规格；材质；整理依据：材质/接口规格缺失，无法区分龙头 SKU；导入口径：do_not_import_missing_specs；重分类：工程材料/水暖五金 -> 管材管件阀门/水暖五金；分类置信度：high；按压水龙头属水暖五金。	2026-07-03
TOOL-000016	玻璃胶枪	用途：打玻璃胶		工具量具/手动工具	个			玻璃胶枪	TOOL-000016 玻璃胶枪 工具器具/涂装工具 个 用途：打玻璃胶 打玻璃胶			active	standard	auto_select_allowed	purchase_2024_candidate_rows=127；purchase_2024_source_rows=128；draft_sku_id=SKU-DRAFT-000126	导入口径：import_ready；重分类：工具器具/涂装工具 -> 工具量具/手动工具；分类置信度：high；玻璃胶枪是手动施胶工具。	2026-07-03
SPARE-000009	钢圈	材质：钢；规格：100*108*5；加工：是		定制加工件/金属加工件	个			加工100*108*5钢圈	SPARE-000009 钢圈 加工件/金属加工件 个 材质：钢 规格：100*108*5 加工：是 加工100*108*5钢圈 钢 100*108*5 是			candidate	needs_review	clarify_specs_before_use	purchase_2024_candidate_rows=128；purchase_2024_source_rows=129；draft_sku_id=SKU-DRAFT-000127	缺失规格：型号；图号；适用设备；关键尺寸；整理依据：加工件图纸/材质牌号缺失；导入口径：do_not_import_missing_specs；重分类：加工件/金属加工件 -> 定制加工件/金属加工件；分类置信度：high；样例明确为加工钢圈，归金属加工件。	2026-07-03
ADMIN-000007	重油污清洗剂	品牌：宝雅；用途：重油污		化工胶粘涂料/清洗剂	KG			宝雅重油污清洗剂	ADMIN-000007 重油污清洗剂 清洁用品/清洁剂 KG 品牌：宝雅 用途：重油污 宝雅重油污清洗剂 宝雅 重油污	宝雅		active	standard	auto_select_allowed	purchase_2024_candidate_rows=129；purchase_2024_source_rows=130；draft_sku_id=SKU-DRAFT-000128	导入口径：import_ready；重分类：清洁用品/清洁剂 -> 化工胶粘涂料/清洗剂；分类置信度：high；重油污清洗剂是化学清洗剂，旧清洁用品口径不稳定。	2026-07-03
METAL-000005	不锈钢角阀	材质：不锈钢；规格：4分		管材管件阀门/阀门	个			4分不锈钢角阀	METAL-000005 不锈钢角阀 工程材料/阀门 个 材质：不锈钢 规格：4分 4分不锈钢角阀 不锈钢 4分			active	standard	auto_select_allowed	purchase_2024_candidate_rows=130；purchase_2024_source_rows=131；draft_sku_id=SKU-DRAFT-000129	导入口径：import_ready；重分类：工程材料/阀门 -> 管材管件阀门/阀门；分类置信度：high；角阀是水暖管路阀门，旧工程材料过宽。	2026-07-03
PIPE-000031	不锈钢内接	材质：不锈钢；规格：4分；连接：内接		管材管件阀门/直接	个			4分不锈钢内接	PIPE-000031 不锈钢内接 工程材料/水暖管件 个 材质：不锈钢 规格：4分 连接：内接 4分不锈钢内接 不锈钢 4分 内接			active	standard	auto_select_allowed	purchase_2024_candidate_rows=131；purchase_2024_source_rows=132；draft_sku_id=SKU-DRAFT-000130	导入口径：import_ready；重分类：工程材料/水暖管件 -> 管材管件阀门/直接；分类置信度：high；不锈钢内接是水暖直连管件。	2026-07-03
PIPE-000032	不锈钢外接	材质：不锈钢；规格：4分；连接：外接		管材管件阀门/直接	个			4分不锈钢外接	PIPE-000032 不锈钢外接 工程材料/水暖管件 个 材质：不锈钢 规格：4分 连接：外接 4分不锈钢外接 不锈钢 4分 外接			active	standard	auto_select_allowed	purchase_2024_candidate_rows=132；purchase_2024_source_rows=133；draft_sku_id=SKU-DRAFT-000131	导入口径：import_ready；重分类：工程材料/水暖管件 -> 管材管件阀门/直接；分类置信度：high；不锈钢外接是水暖直连管件。	2026-07-03
PIPE-000033	不锈钢三通	材质：不锈钢；规格：4分；类型：三通		管材管件阀门/三通	个			4分不锈钢三通	PIPE-000033 不锈钢三通 工程材料/水暖管件 个 材质：不锈钢 规格：4分 类型：三通 4分不锈钢三通 不锈钢 4分 三通			active	standard	auto_select_allowed	purchase_2024_candidate_rows=133；purchase_2024_source_rows=134；draft_sku_id=SKU-DRAFT-000132	导入口径：import_ready；重分类：工程材料/水暖管件 -> 管材管件阀门/三通；分类置信度：high；不锈钢三通是水暖管件，归三通。	2026-07-03
TOOL-000017	拖把	规格：大		清洁办公后勤/清洁工具	个			大拖把	TOOL-000017 拖把 清洁用品/清洁工具 个 规格：大 大拖把 大			active	standard	auto_select_allowed	purchase_2024_candidate_rows=134；purchase_2024_source_rows=135；draft_sku_id=SKU-DRAFT-000133	导入口径：import_ready；重分类：清洁用品/清洁工具 -> 清洁办公后勤/清洁工具；分类置信度：high；拖把是清洁工具，旧劳保耗材错误。	2026-07-03
MAT-000013	洗脸盆龙头	用途：洗脸盆		管材管件阀门/水暖五金	个			洗脸盆龙头	MAT-000013 洗脸盆龙头 工程材料/水暖五金 个 用途：洗脸盆 洗脸盆			candidate	needs_review	clarify_specs_before_use	purchase_2024_candidate_rows=135；purchase_2024_source_rows=136；draft_sku_id=SKU-DRAFT-000134	缺失规格：规格；材质；整理依据：材质/接口规格缺失，无法区分龙头 SKU；导入口径：do_not_import_missing_specs；重分类：工程材料/水暖五金 -> 管材管件阀门/水暖五金；分类置信度：high；洗脸盆龙头属于水暖五金。	2026-07-03
METAL-000006	不锈钢锁扣	材质：不锈钢		清洁办公后勤/门窗五金	个			不锈钢锁扣	METAL-000006 不锈钢锁扣 五金备件/门窗五金 个 材质：不锈钢 不锈钢			candidate	needs_review	clarify_specs_before_use	purchase_2024_candidate_rows=136；purchase_2024_source_rows=137；draft_sku_id=SKU-DRAFT-000135	缺失规格：规格；整理依据：规格缺失，无法区分锁扣 SKU；导入口径：do_not_import_missing_specs；重分类：五金备件/门窗五金 -> 清洁办公后勤/门窗五金；分类置信度：high；锁扣属于门窗五金/锁具配件，旧五金备件归并。	2026-07-03
WELD-000001	耐磨焊丝	型号/牌号：998；特性：高强度耐磨		焊接切割/焊接耗材	KG			998高强度耐磨焊丝	WELD-000001 耐磨焊丝 焊接耗材/焊丝 KG 型号/牌号：998 特性：高强度耐磨 998高强度耐磨焊丝 998 高强度耐磨			candidate	needs_review	clarify_specs_before_use	purchase_2024_candidate_rows=137；purchase_2024_source_rows=138；draft_sku_id=SKU-DRAFT-000136	缺失规格：直径；整理依据：直径缺失，无法区分焊丝 SKU；导入口径：do_not_import_missing_specs；重分类：焊接耗材/焊丝 -> 焊接切割/焊接耗材；分类置信度：high；耐磨焊丝为焊接耗材。	2026-07-03
PIPE-000034	镀锌钢管	规格：DN25；标准：国标；表面：镀锌		金属材料/钢管	米			DN25国标镀锌钢管	PIPE-000034 镀锌钢管 金属材料/管材 米 规格：DN25 标准：国标 表面：镀锌 DN25国标镀锌钢管 DN25 国标 镀锌			active	standard	auto_select_allowed	purchase_2024_candidate_rows=138；purchase_2024_source_rows=139；draft_sku_id=SKU-DRAFT-000137	导入口径：import_ready；重分类：金属材料/管材 -> 金属材料/钢管；分类置信度：medium；样例均为镀锌钢管，定做项仅影响规格长度。	2026-07-03
PIPE-000035	高压油管	规格：DN25*4；类型：高压油管		液压气动/高压管路	条			DN25*4高压油管	PIPE-000035 高压油管 液压/高压管路 条 规格：DN25*4 类型：高压油管 DN25*4高压油管 DN25*4			candidate	needs_review	clarify_specs_before_use	purchase_2024_candidate_rows=139；purchase_2024_source_rows=140；draft_sku_id=SKU-DRAFT-000138	缺失规格：压力等级；接头形式；整理依据：压力等级/接头形式缺失，无法区分高压油管 SKU；导入口径：do_not_import_missing_specs；重分类：液压/高压管路 -> 液压气动/高压管路；分类置信度：high；高压油管为液压高压管路，定制只影响长度和接头。	2026-07-03
PIPE-000036	铜止回阀	品牌：埃美柯；材质：铜；规格：25；类型：止回阀		管材管件阀门/阀门	个			25埃美柯铜止回阀	PIPE-000036 铜止回阀 工程材料/阀门 个 品牌：埃美柯 材质：铜 规格：25 类型：止回阀 25埃美柯铜止回阀 埃美柯 铜 25 止回阀	埃美柯		active	standard	auto_select_allowed	purchase_2024_candidate_rows=140；purchase_2024_source_rows=141；draft_sku_id=SKU-DRAFT-000139	导入口径：import_ready；重分类：工程材料/阀门 -> 管材管件阀门/阀门；分类置信度：high；止回阀属于阀门，旧工程材料过泛。	2026-07-03
MAT-000014	泡沫填缝剂	类型：泡沫填缝剂		化工胶粘涂料/密封材料	支			泡沫填缝剂	MAT-000014 泡沫填缝剂 化工耗材/填缝剂 支 类型：泡沫填缝剂			candidate	needs_review	clarify_specs_before_use	purchase_2024_candidate_rows=141；purchase_2024_source_rows=142；draft_sku_id=SKU-DRAFT-000140	缺失规格：容量；整理依据：容量缺失，无法区分填缝剂 SKU；导入口径：do_not_import_missing_specs；重分类：化工耗材/填缝剂 -> 化工胶粘涂料/密封材料；分类置信度：high；泡沫填缝剂属于填缝密封材料。	2026-07-03
PIPE-000037	重型管卡	规格：135；类型：重型		紧固件与连接件/管卡	个			135重型管卡	PIPE-000037 重型管卡 工程材料/管道辅材 个 规格：135 类型：重型 135重型管卡 135 重型			active	standard	auto_select_allowed	purchase_2024_candidate_rows=142；purchase_2024_source_rows=143；draft_sku_id=SKU-DRAFT-000141	导入口径：import_ready；重分类：工程材料/管道辅材 -> 紧固件与连接件/管卡；分类置信度：high；管卡是管路固定连接件，旧工程材料过泛。	2026-07-03
SPARE-000010	钢圈	材质：钢；规格：100*110*10；加工：是		定制加工件/金属加工件	个			加工100*110*10钢圈	SPARE-000010 钢圈 加工件/金属加工件 个 材质：钢 规格：100*110*10 加工：是 加工100*110*10钢圈 钢 100*110*10 是			candidate	needs_review	clarify_specs_before_use	purchase_2024_candidate_rows=143；purchase_2024_source_rows=144；draft_sku_id=SKU-DRAFT-000142	缺失规格：型号；图号；适用设备；关键尺寸；整理依据：加工件图纸/材质牌号缺失；导入口径：do_not_import_missing_specs；重分类：加工件/金属加工件 -> 定制加工件/金属加工件；分类置信度：high；样例明确为加工钢圈，归金属加工件。	2026-07-03
SPARE-000011	垫片	规格：110*100*5；加工：是		紧固件与连接件/垫圈	个			加工110*100*5垫片	SPARE-000011 垫片 加工件/金属加工件 个 规格：110*100*5 加工：是 加工110*100*5垫片 110*100*5 是			candidate	needs_review	clarify_specs_before_use	purchase_2024_candidate_rows=144；purchase_2024_source_rows=145；draft_sku_id=SKU-DRAFT-000143	缺失规格：材质；整理依据：加工件材质/图纸缺失；导入口径：do_not_import_missing_specs；重分类：加工件/金属加工件 -> 紧固件与连接件/垫圈；分类置信度：medium；标准螺栓垫圈与加工金属垫片混在一起。；分类拆分待复核：按是否定制/用途拆分；标准螺栓垫圈与加工金属垫片混在一起。	2026-07-03
METAL-000007	角铁	规格：50*50*6；标准：国标		金属材料/型钢	米			50*50*6国标角铁	METAL-000007 角铁 金属材料/型材 米 规格：50*50*6 标准：国标 50*50*6国标角铁 50*50*6 国标			active	standard	auto_select_allowed	purchase_2024_candidate_rows=145；purchase_2024_source_rows=146；draft_sku_id=SKU-DRAFT-000144	导入口径：import_ready；重分类：金属材料/型材 -> 金属材料/型钢；分类置信度：high；角铁即角钢型材。	2026-07-03
MAT-000015	冷热水龙头	规格：4分；类型：冷热		管材管件阀门/水暖五金	套			4分冷热龙头	MAT-000015 冷热水龙头 工程材料/水暖五金 套 规格：4分 类型：冷热 4分冷热龙头 4分 冷热			candidate	usable	confirm_before_use	purchase_2024_candidate_rows=146；purchase_2024_source_rows=147；draft_sku_id=SKU-DRAFT-000145	缺失规格：型号；整理依据：与其他批次同类物料单位待统一；导入口径：confirm_then_import；重分类：工程材料/水暖五金 -> 管材管件阀门/水暖五金；分类置信度：high；冷热水龙头属于水暖五金。	2026-07-03
PIPE-000038	金属软管	规格：4分；长度：60		管材管件阀门/水暖五金	根			4分*60金属软管	PIPE-000038 金属软管 工程材料/水暖五金 根 规格：4分 长度：60 4分*60金属软管 4分 60			candidate	usable	confirm_before_use	purchase_2024_candidate_rows=147；purchase_2024_source_rows=148；draft_sku_id=SKU-DRAFT-000146	缺失规格：材质；口径；整理依据：长度 60 未注明单位，疑似 cm，需确认；导入口径：confirm_then_import；重分类：工程材料/水暖五金 -> 管材管件阀门/水暖五金；分类置信度：high；样例为4分及定长金属软管，属水暖连接软管。	2026-07-03
METAL-000008	不锈钢合页	材质：不锈钢；规格：6寸		清洁办公后勤/门窗五金	付			6寸不锈钢合页	METAL-000008 不锈钢合页 五金备件/门窗五金 付 材质：不锈钢 规格：6寸 6寸不锈钢合页 不锈钢 6寸			active	standard	auto_select_allowed	purchase_2024_candidate_rows=148；purchase_2024_source_rows=149；draft_sku_id=SKU-DRAFT-000147	导入口径：import_ready；重分类：五金备件/门窗五金 -> 清洁办公后勤/门窗五金；分类置信度：high；合页属于门窗五金，旧五金备件按标准归并。	2026-07-03
METAL-000009	不锈钢合页	材质：不锈钢；规格：5寸		清洁办公后勤/门窗五金	付			5寸不锈钢合页	METAL-000009 不锈钢合页 五金备件/门窗五金 付 材质：不锈钢 规格：5寸 5寸不锈钢合页 不锈钢 5寸			active	standard	auto_select_allowed	purchase_2024_candidate_rows=149；purchase_2024_source_rows=150；draft_sku_id=SKU-DRAFT-000148	导入口径：import_ready；重分类：五金备件/门窗五金 -> 清洁办公后勤/门窗五金；分类置信度：high；合页属于门窗五金，旧五金备件按标准归并。	2026-07-03
CHEM-000003	502胶水	类型：502		化工胶粘涂料/胶粘剂	支			502胶水	CHEM-000003 502胶水 化工耗材/胶粘剂 支 类型：502 502			candidate	needs_review	clarify_specs_before_use	purchase_2024_candidate_rows=150；purchase_2024_source_rows=151；draft_sku_id=SKU-DRAFT-000149	缺失规格：容量；整理依据：容量缺失，无法区分胶水 SKU；导入口径：do_not_import_missing_specs；重分类：化工耗材/胶粘剂 -> 化工胶粘涂料/胶粘剂；分类置信度：high；502胶水本质为胶粘剂；旧类目“化工耗材”按标准归并。	2026-07-03
PIPE-000039	高压铜球阀	规格：DN20；压力：350kg；材质：铜；类型：球阀		管材管件阀门/阀门	个			DN20*350kg高压铜球阀	PIPE-000039 高压铜球阀 工程材料/阀门 个 规格：DN20 压力：350kg 材质：铜 类型：球阀 DN20*350kg高压铜球阀 DN20 350kg 铜 球阀			active	standard	auto_select_allowed	purchase_2024_candidate_rows=151；purchase_2024_source_rows=152；draft_sku_id=SKU-DRAFT-000150	导入口径：import_ready；重分类：工程材料/阀门 -> 管材管件阀门/阀门；分类置信度：high；铜球阀属于阀门，旧工程材料过泛。	2026-07-03
SAFE-000003	棉布	规格：大块		清洁办公后勤/清洁耗材	KG			大块棉布	SAFE-000003 棉布 劳保耗材/擦拭材料 KG 规格：大块 大块棉布 大块			active	standard	auto_select_allowed	purchase_2024_candidate_rows=152；purchase_2024_source_rows=153；draft_sku_id=SKU-DRAFT-000151	导入口径：import_ready；重分类：劳保耗材/擦拭材料 -> 清洁办公后勤/清洁耗材；分类置信度：high；大块棉布用于擦拭清洁，旧劳保耗材口径不准。	2026-07-03
TOOL-000018	垃圾夹	类型：垃圾夹		清洁办公后勤/清洁工具	个			垃圾夹	TOOL-000018 垃圾夹 清洁用品/清洁工具 个 类型：垃圾夹			active	standard	auto_select_allowed	purchase_2024_candidate_rows=153；purchase_2024_source_rows=154；draft_sku_id=SKU-DRAFT-000152	导入口径：import_ready；重分类：清洁用品/清洁工具 -> 清洁办公后勤/清洁工具；分类置信度：high；垃圾夹为清洁拾取工具。	2026-07-03
ELEC-000035	电箱	规格：250A		电气电料/低压电器	个			250A电箱	ELEC-000035 电箱 电气材料/配电箱 个 规格：250A 250A电箱 250A			candidate	needs_review	clarify_specs_before_use	purchase_2024_candidate_rows=154；purchase_2024_source_rows=155；draft_sku_id=SKU-DRAFT-000153	缺失规格：尺寸；整理依据：箱体尺寸缺失，可能影响配电箱SKU区分；导入口径：do_not_import_missing_specs；重分类：电气材料/配电箱 -> 电气电料/低压电器；分类置信度：high；电箱为低压配电箱柜类电气物料。	2026-07-03
ELEC-000036	五孔插座	类型：五孔		电气电料/插头插座	个			五孔插座	ELEC-000036 五孔插座 电气材料/插头插座 个 类型：五孔 五孔			candidate	usable	confirm_before_use	purchase_2024_candidate_rows=155；purchase_2024_source_rows=156；draft_sku_id=SKU-DRAFT-000154	缺失规格：品牌；整理依据：品牌缺失，按五孔插座候选；导入口径：confirm_then_import；重分类：电气材料/插头插座 -> 电气电料/插头插座；分类置信度：high；五孔插座属于插头插座类电气材料。	2026-07-03
ELEC-000037	线槽	规格：30*15		电气电料/电气辅材	米			30*15线槽	ELEC-000037 线槽 电气材料/电气辅材 米 规格：30*15 30*15线槽 30*15			active	standard	auto_select_allowed	purchase_2024_candidate_rows=156；purchase_2024_source_rows=157；draft_sku_id=SKU-DRAFT-000155	导入口径：import_ready；重分类：电气材料/电气辅材 -> 电气电料/电气辅材；分类置信度：high；线槽用于电线敷设保护。	2026-07-03
PIPE-000040	高压油管	规格：DN51；等级：4SH		液压气动/高压管路	米			DN51*4SH高压油管	PIPE-000040 高压油管 液压/高压管路 米 规格：DN51 等级：4SH DN51*4SH高压油管 DN51 4SH			candidate	usable	confirm_before_use	purchase_2024_candidate_rows=157；purchase_2024_source_rows=158；draft_sku_id=SKU-DRAFT-000156	缺失规格：接头形式；整理依据：接头形式缺失；按米计量暂按油管本体候选；导入口径：confirm_then_import；重分类：液压/高压管路 -> 液压气动/高压管路；分类置信度：high；高压油管为液压高压管路，定制只影响长度和接头。	2026-07-03
PIPE-000041	高压油管	规格：DN32；等级：4SH		液压气动/高压管路	米			DN32*4SH高压油管	PIPE-000041 高压油管 液压/高压管路 米 规格：DN32 等级：4SH DN32*4SH高压油管 DN32 4SH			candidate	usable	confirm_before_use	purchase_2024_candidate_rows=158；purchase_2024_source_rows=159；draft_sku_id=SKU-DRAFT-000157	缺失规格：接头形式；整理依据：接头形式缺失；按米计量暂按油管本体候选；导入口径：confirm_then_import；重分类：液压/高压管路 -> 液压气动/高压管路；分类置信度：high；高压油管为液压高压管路，定制只影响长度和接头。	2026-07-03
MAT-000016	吊带	载荷：2T；长度：1.5米		吊装索具/吊带	付			2T*1.5米吊带	MAT-000016 吊带 吊装索具/吊带 付 载荷：2T 长度：1.5米 2T*1.5米吊带 2T 1.5米			active	standard	auto_select_allowed	purchase_2024_candidate_rows=159；purchase_2024_source_rows=160；draft_sku_id=SKU-DRAFT-000158	导入口径：import_ready	2026-07-03
MAT-000017	卸扣	载荷：2T		吊装索具/卸扣	个			2T卸扣	MAT-000017 卸扣 吊装索具/卸扣 个 载荷：2T 2T卸扣 2T			candidate	usable	confirm_before_use	purchase_2024_candidate_rows=160；purchase_2024_source_rows=161；draft_sku_id=SKU-DRAFT-000159	缺失规格：执行标准；整理依据：执行标准缺失；导入口径：confirm_then_import	2026-07-03
TOOL-000019	剪刀	类型：剪刀		工具量具/手动工具	个			剪刀	TOOL-000019 剪刀 工具器具/手动工具 个 类型：剪刀			candidate	needs_review	clarify_specs_before_use	purchase_2024_candidate_rows=161；purchase_2024_source_rows=162；draft_sku_id=SKU-DRAFT-000160	缺失规格：规格；整理依据：规格/用途缺失，无法区分剪刀类型；导入口径：do_not_import_missing_specs；重分类：工具器具/手动工具 -> 工具量具/手动工具；分类置信度：high；剪刀属于手动工具。	2026-07-03
WELD-000002	电焊快速接头	规格：35-50		焊接切割/焊割工具	套			35-50电焊快速接头	WELD-000002 电焊快速接头 焊接耗材/焊机配件 套 规格：35-50 35-50电焊快速接头 35-50			active	standard	auto_select_allowed	purchase_2024_candidate_rows=162；purchase_2024_source_rows=163；draft_sku_id=SKU-DRAFT-000161	导入口径：import_ready；重分类：焊接耗材/焊机配件 -> 焊接切割/焊割工具；分类置信度：high；电焊快速接头为焊机连接配件，旧耗材口径不准确。	2026-07-03
SPARE-000012	加厚铁合页	材质：铁；规格：4寸；特征：加厚		清洁办公后勤/门窗五金	付			4寸加厚铁合页	SPARE-000012 加厚铁合页 五金备件/门窗五金 付 材质：铁 规格：4寸 特征：加厚 4寸加厚铁合页 铁 4寸 加厚			active	standard	auto_select_allowed	purchase_2024_candidate_rows=163；purchase_2024_source_rows=164；draft_sku_id=SKU-DRAFT-000162	导入口径：import_ready；重分类：五金备件/门窗五金 -> 清洁办公后勤/门窗五金；分类置信度：high；合页属门窗五金，材质和尺寸只影响规格。	2026-07-03
SPARE-000013	加厚铁合页	材质：铁；规格：5寸；特征：加厚		清洁办公后勤/门窗五金	付			5寸加厚铁合页	SPARE-000013 加厚铁合页 五金备件/门窗五金 付 材质：铁 规格：5寸 特征：加厚 5寸加厚铁合页 铁 5寸 加厚			active	standard	auto_select_allowed	purchase_2024_candidate_rows=164；purchase_2024_source_rows=165；draft_sku_id=SKU-DRAFT-000163	导入口径：import_ready；重分类：五金备件/门窗五金 -> 清洁办公后勤/门窗五金；分类置信度：high；合页属门窗五金，材质和尺寸只影响规格。	2026-07-03
TOOL-000020	卷尺	品牌：得力；长度：3米		工具量具/测量工具	个			得力3米卷尺	TOOL-000020 卷尺 工具器具/测量工具 个 品牌：得力 长度：3米 得力3米卷尺 得力 3米	得力		active	standard	auto_select_allowed	purchase_2024_candidate_rows=165；purchase_2024_source_rows=166；draft_sku_id=SKU-DRAFT-000164	导入口径：import_ready；重分类：工具器具/测量工具 -> 工具量具/测量工具；分类置信度：high；卷尺是测量工具，长度差异不拆分。	2026-07-03
TOOL-000021	卷尺	品牌：得力；长度：5米		工具量具/测量工具	个			得力5米卷尺	TOOL-000021 卷尺 工具器具/测量工具 个 品牌：得力 长度：5米 得力5米卷尺 得力 5米	得力		active	standard	auto_select_allowed	purchase_2024_candidate_rows=166；purchase_2024_source_rows=167；draft_sku_id=SKU-DRAFT-000165	导入口径：import_ready；重分类：工具器具/测量工具 -> 工具量具/测量工具；分类置信度：high；卷尺是测量工具，长度差异不拆分。	2026-07-03
TOOL-000022	卷尺	品牌：得力；长度：10米		工具量具/测量工具	个			得力10米卷尺	TOOL-000022 卷尺 工具器具/测量工具 个 品牌：得力 长度：10米 得力10米卷尺 得力 10米	得力		active	standard	auto_select_allowed	purchase_2024_candidate_rows=167；purchase_2024_source_rows=168；draft_sku_id=SKU-DRAFT-000166	导入口径：import_ready；重分类：工具器具/测量工具 -> 工具量具/测量工具；分类置信度：high；卷尺是测量工具，长度差异不拆分。	2026-07-03
CHEM-000004	除胶剂	品牌：得力；容量：500ML		化工胶粘涂料/清洗剂	支			得力500ML除胶剂	CHEM-000004 除胶剂 化工耗材/清洗剂 支 品牌：得力 容量：500ML 得力500ML除胶剂 得力 500ML	得力		active	standard	auto_select_allowed	purchase_2024_candidate_rows=168；purchase_2024_source_rows=169；draft_sku_id=SKU-DRAFT-000167	导入口径：import_ready；重分类：化工耗材/清洗剂 -> 化工胶粘涂料/清洗剂；分类置信度：high；除胶剂为化学清洗剂。	2026-07-03
ADMIN-000008	垃圾袋	规格：120*140；特征：厚		清洁办公后勤/清洁耗材	个			120*140厚垃圾袋	ADMIN-000008 垃圾袋 清洁用品/垃圾袋 个 规格：120*140 特征：厚 120*140厚垃圾袋 120*140 厚			active	standard	auto_select_allowed	purchase_2024_candidate_rows=169；purchase_2024_source_rows=170；draft_sku_id=SKU-DRAFT-000168	导入口径：import_ready；重分类：清洁用品/垃圾袋 -> 清洁办公后勤/清洁耗材；分类置信度：high；垃圾袋是清洁消耗品，旧劳保耗材错误。	2026-07-03
ELEC-000038	变压USB插座	品牌：公牛；输入：220V；输出：36V；功能：USB		电气电料/插头插座	套			公牛220V转36VUSB插座	ELEC-000038 变压USB插座 电气材料/插头插座 套 品牌：公牛 输入：220V 输出：36V 功能：USB 公牛220V转36VUSB插座 公牛 220V 36V USB	公牛		active	standard	auto_select_allowed	purchase_2024_candidate_rows=170；purchase_2024_source_rows=171；draft_sku_id=SKU-DRAFT-000169	导入口径：import_ready；重分类：电气材料/插头插座 -> 电气电料/插头插座；分类置信度：high；带变压USB功能的插座仍属插头插座。	2026-07-03
TOOL-000023	毛刷	规格：3寸		工具耗材/刷具	支			3寸毛刷	TOOL-000023 毛刷 工具器具/涂装工具 支 规格：3寸 3寸毛刷 3寸			active	standard	auto_select_allowed	purchase_2024_candidate_rows=171；purchase_2024_source_rows=172；draft_sku_id=SKU-DRAFT-000170	导入口径：import_ready；重分类：工具器具/涂装工具 -> 工具耗材/刷具；分类置信度：high；毛刷是涂装刷具耗材。	2026-07-03
TOOL-000024	钢丝刷	类型：刀型		工具耗材/刷具	支			刀型钢丝刷	TOOL-000024 钢丝刷 工具器具/打磨工具 支 类型：刀型 刀型钢丝刷 刀型			active	standard	auto_select_allowed	purchase_2024_candidate_rows=172；purchase_2024_source_rows=173；draft_sku_id=SKU-DRAFT-000171	导入口径：import_ready；重分类：工具器具/打磨工具 -> 工具耗材/刷具；分类置信度：high；钢丝刷用于清理打磨，属刷具类工具耗材。	2026-07-03
TOOL-000025	拖把	规格：大		清洁办公后勤/清洁工具	支			大拖把	TOOL-000025 拖把 清洁用品/清洁工具 支 规格：大 大拖把 大			candidate	usable	confirm_before_use	purchase_2024_candidate_rows=173；purchase_2024_source_rows=174；draft_sku_id=SKU-DRAFT-000172	缺失规格：品牌；型号；整理依据：输入提示单位待统一，暂保留原单位；导入口径：confirm_then_import；重分类：清洁用品/清洁工具 -> 清洁办公后勤/清洁工具；分类置信度：high；拖把是清洁工具，旧劳保耗材错误。	2026-07-03
TOOL-000026	锂电池电钻	品牌：大艺；电压：21V；动力：锂电池		电动气动工具/电动工具	台			21V大艺锂电池电钻	TOOL-000026 锂电池电钻 工具器具/电动工具 台 品牌：大艺 电压：21V 动力：锂电池 21V大艺锂电池电钻 大艺 21V 锂电池	大艺		active	standard	auto_select_allowed	purchase_2024_candidate_rows=174；purchase_2024_source_rows=175；draft_sku_id=SKU-DRAFT-000173	导入口径：import_ready；重分类：工具器具/电动工具 -> 电动气动工具/电动工具；分类置信度：high；电钻为电动工具。	2026-07-03
TOOL-000027	锂电池角磨机	品牌：大艺；动力：锂电池		电动气动工具/电动工具	台			大艺锂电池角磨机	TOOL-000027 锂电池角磨机 工具器具/电动工具 台 品牌：大艺 动力：锂电池 大艺锂电池角磨机 大艺 锂电池	大艺		candidate	needs_review	clarify_specs_before_use	purchase_2024_candidate_rows=175；purchase_2024_source_rows=176；draft_sku_id=SKU-DRAFT-000174	缺失规格：电压；整理依据：电压缺失，可能影响锂电池角磨机SKU区分；导入口径：do_not_import_missing_specs；重分类：工具器具/电动工具 -> 电动气动工具/电动工具；分类置信度：high；角磨机为电动工具。	2026-07-03
ELEC-000039	电池	电压：9V		电气电料/电气辅材	个			9V电池	ELEC-000039 电池 电气材料/电池 个 电压：9V 9V电池 9V			active	standard	auto_select_allowed	purchase_2024_candidate_rows=176；purchase_2024_source_rows=177；draft_sku_id=SKU-DRAFT-000175	导入口径：import_ready；重分类：电气材料/电池 -> 电气电料/电气辅材；分类置信度：high；9V、5号、7号电池均为电气供电辅材。	2026-07-03
MAT-000018	卸扣	载荷：4T		吊装索具/卸扣	个			4T卸扣	MAT-000018 卸扣 吊装索具/卸扣 个 载荷：4T 4T卸扣 4T			candidate	usable	confirm_before_use	purchase_2024_candidate_rows=177；purchase_2024_source_rows=178；draft_sku_id=SKU-DRAFT-000176	缺失规格：执行标准；整理依据：执行标准缺失；导入口径：confirm_then_import	2026-07-03
SPARE-000014	螺丝	规格：16*50		紧固件与连接件/螺丝	套			16*50螺丝	SPARE-000014 螺丝 五金备件/紧固件 套 规格：16*50 16*50螺丝 16*50			candidate	needs_review	clarify_specs_before_use	purchase_2024_candidate_rows=178；purchase_2024_source_rows=179；draft_sku_id=SKU-DRAFT-000177	缺失规格：材质；强度等级；整理依据：材质/强度等级缺失，可能影响紧固件SKU区分；导入口径：do_not_import_missing_specs；重分类：五金备件/紧固件 -> 紧固件与连接件/螺丝；分类置信度：high；样例均为各规格螺丝，五金备件旧口径过宽。	2026-07-03
ELEC-000040	LED防爆机床方形灯	长度：1220MM；类型：LED；功能：防爆；形状：方形；用途：机床		电气电料/照明灯具	套			1220MMLED防爆机床方形灯	ELEC-000040 LED防爆机床方形灯 电气材料/防爆照明 套 长度：1220MM 类型：LED 功能：防爆 形状：方形 用途：机床 1220MMLED防爆机床方形灯 1220MM LED 防爆 方形 机床			candidate	needs_review	clarify_specs_before_use	purchase_2024_candidate_rows=179；purchase_2024_source_rows=180；draft_sku_id=SKU-DRAFT-000178	缺失规格：功率；整理依据：功率缺失，可能影响灯具SKU区分；导入口径：do_not_import_missing_specs；重分类：电气材料/防爆照明 -> 电气电料/照明灯具；分类置信度：high；防爆机床灯仍属照明灯具，防爆/机床为用途属性。	2026-07-03
SPARE-000015	螺丝	规格：14*50		紧固件与连接件/螺丝	套			14*50螺丝	SPARE-000015 螺丝 五金备件/紧固件 套 规格：14*50 14*50螺丝 14*50			candidate	needs_review	clarify_specs_before_use	purchase_2024_candidate_rows=180；purchase_2024_source_rows=181；draft_sku_id=SKU-DRAFT-000179	缺失规格：材质；强度等级；整理依据：材质/强度等级缺失，可能影响紧固件SKU区分；导入口径：do_not_import_missing_specs；重分类：五金备件/紧固件 -> 紧固件与连接件/螺丝；分类置信度：high；样例均为各规格螺丝，五金备件旧口径过宽。	2026-07-03
MAT-000019	弓形卸扣	载荷：6.5吨；标准：国标；形状：弓形		吊装索具/卸扣	个			6.5吨国标弓形卸扣	MAT-000019 弓形卸扣 吊装索具/卸扣 个 载荷：6.5吨 标准：国标 形状：弓形 6.5吨国标弓形卸扣 6.5吨 国标 弓形			active	standard	auto_select_allowed	purchase_2024_candidate_rows=181；purchase_2024_source_rows=182；draft_sku_id=SKU-DRAFT-000180	导入口径：import_ready	2026-07-03
MAT-000020	热水器挂钩	用途：热水器		紧固件与连接件/卡扣	个			热水器挂钩	MAT-000020 热水器挂钩 工程材料/水暖五金 个 用途：热水器 热水器			candidate	needs_review	clarify_specs_before_use	purchase_2024_candidate_rows=182；purchase_2024_source_rows=183；draft_sku_id=SKU-DRAFT-000181	缺失规格：规格；整理依据：规格缺失，可能影响挂钩SKU区分；导入口径：do_not_import_missing_specs；重分类：工程材料/水暖五金 -> 紧固件与连接件/卡扣；分类置信度：medium；热水器挂钩是安装固定件，旧水暖五金偏用途。	2026-07-03
ELEC-000041	排风扇	规格：50*50		电气电料/通风设备	个			50*50排风扇；排气扇	ELEC-000041 排风扇 电气材料/通风设备 个 规格：50*50 50*50排风扇 排气扇 50*50			active	standard	auto_select_allowed	purchase_2024_candidate_rows=183；purchase_2024_source_rows=184；draft_sku_id=SKU-DRAFT-000182	整理依据：按输入提示统一命名为排风扇；导入口径：import_ready；重分类：电气材料/通风设备 -> 电气电料/通风设备；分类置信度：high；排风扇为电动通风器具；新建二级通风设备。	2026-07-03
ADMIN-000009	塑料方凳	材质：塑料；规格：50CM；特征：加厚		清洁办公后勤/生活用品	个			加厚50CM塑料方凳	ADMIN-000009 塑料方凳 办公生活用品/家具 个 材质：塑料 规格：50CM 特征：加厚 加厚50CM塑料方凳 塑料 50CM 加厚			active	standard	auto_select_allowed	purchase_2024_candidate_rows=184；purchase_2024_source_rows=185；draft_sku_id=SKU-DRAFT-000183	导入口径：import_ready；重分类：办公生活用品/家具 -> 清洁办公后勤/生活用品；分类置信度：high；塑料方凳为后勤生活用品。	2026-07-03
PIPE-000042	不锈钢弯头	材质：不锈钢；规格：250；类型：弯头		管材管件阀门/弯头	个			250不锈钢弯头	PIPE-000042 不锈钢弯头 工程材料/管件 个 材质：不锈钢 规格：250 类型：弯头 250不锈钢弯头 不锈钢 250 弯头			candidate	needs_review	clarify_specs_before_use	purchase_2024_candidate_rows=185；purchase_2024_source_rows=186；draft_sku_id=SKU-DRAFT-000184	缺失规格：壁厚；整理依据：壁厚/角度缺失，可能影响管件SKU区分；导入口径：do_not_import_missing_specs；重分类：工程材料/管件 -> 管材管件阀门/弯头；分类置信度：high；不锈钢弯头是管路弯头，旧工程材料过宽。	2026-07-03
CHEM-000005	发泡胶	品牌：雨虹；特性：高倍		化工胶粘涂料/密封材料	支			雨虹高倍发泡胶	CHEM-000005 发泡胶 化工耗材/填缝剂 支 品牌：雨虹 特性：高倍 雨虹高倍发泡胶 雨虹 高倍	雨虹		candidate	needs_review	clarify_specs_before_use	purchase_2024_candidate_rows=186；purchase_2024_source_rows=187；draft_sku_id=SKU-DRAFT-000185	缺失规格：容量；整理依据：容量缺失，可能影响发泡胶SKU区分；导入口径：do_not_import_missing_specs；重分类：化工耗材/填缝剂 -> 化工胶粘涂料/密封材料；分类置信度：high；发泡胶用于填缝密封，品牌规格不拆分。	2026-07-03
ADMIN-000010	重油污清洗剂	用途：去重油污		化工胶粘涂料/清洗剂	公斤			去重油污清洗剂	ADMIN-000010 重油污清洗剂 清洁用品/清洁剂 公斤 用途：去重油污 去重油污清洗剂 去重油污			candidate	usable	confirm_before_use	purchase_2024_candidate_rows=187；purchase_2024_source_rows=188；draft_sku_id=SKU-DRAFT-000186	缺失规格：品牌；规格；整理依据：品牌未提供，按用途候选；导入口径：confirm_then_import；重分类：清洁用品/清洁剂 -> 化工胶粘涂料/清洗剂；分类置信度：high；重油污清洗剂是化学清洗剂，旧清洁用品口径不稳定。	2026-07-03
ELEC-000042	电池	规格：5号		电气电料/电气辅材	个			5号电池	ELEC-000042 电池 电气材料/电池 个 规格：5号 5号电池 5号			active	standard	auto_select_allowed	purchase_2024_candidate_rows=188；purchase_2024_source_rows=189；draft_sku_id=SKU-DRAFT-000187	导入口径：import_ready；重分类：电气材料/电池 -> 电气电料/电气辅材；分类置信度：high；9V、5号、7号电池均为电气供电辅材。	2026-07-03
SAFE-000004	电焊眼镜	用途：电焊		劳保防护/眼面防护	付			电焊眼镜	SAFE-000004 电焊眼镜 劳保耗材/眼面防护 付 用途：电焊 电焊			active	standard	auto_select_allowed	purchase_2024_candidate_rows=189；purchase_2024_source_rows=190；draft_sku_id=SKU-DRAFT-000188	导入口径：import_ready；重分类：劳保耗材/眼面防护 -> 劳保防护/眼面防护；分类置信度：high；样例均为电焊防护眼镜。	2026-07-03
TOOL-000028	内六角扳手	规格：19		工具量具/手动工具	支			19内六角扳手	TOOL-000028 内六角扳手 工具器具/手动工具 支 规格：19 19内六角扳手 19			active	standard	auto_select_allowed	purchase_2024_candidate_rows=190；purchase_2024_source_rows=191；draft_sku_id=SKU-DRAFT-000189	导入口径：import_ready；重分类：工具器具/手动工具 -> 工具量具/手动工具；分类置信度：high；内六角扳手属于手动工具。	2026-07-03
WELD-000003	等离子割嘴	型号：P80；类型：割嘴		焊接切割/切割耗材	个			P80等离子割嘴	WELD-000003 等离子割嘴 焊接耗材/等离子切割配件 个 型号：P80 类型：割嘴 P80等离子割嘴 P80 割嘴		P80	active	standard	auto_select_allowed	purchase_2024_candidate_rows=191；purchase_2024_source_rows=192；draft_sku_id=SKU-DRAFT-000190	导入口径：import_ready；重分类：焊接耗材/等离子切割配件 -> 焊接切割/切割耗材；分类置信度：high；等离子割嘴为切割耗材。	2026-07-03
METAL-000010	槽钢	规格：200B		金属材料/型钢	米			200B槽钢	METAL-000010 槽钢 金属材料/型材 米 规格：200B 200B槽钢 200B			candidate	needs_review	clarify_specs_before_use	purchase_2024_candidate_rows=192；purchase_2024_source_rows=193；draft_sku_id=SKU-DRAFT-000191	缺失规格：材质；整理依据：材质/标准缺失，可能影响型材SKU区分；导入口径：do_not_import_missing_specs；重分类：金属材料/型材 -> 金属材料/型钢；分类置信度：high；槽钢是标准型钢。	2026-07-03
METAL-000011	槽钢	规格：160B		金属材料/型钢	米			160B槽钢	METAL-000011 槽钢 金属材料/型材 米 规格：160B 160B槽钢 160B			candidate	needs_review	clarify_specs_before_use	purchase_2024_candidate_rows=193；purchase_2024_source_rows=194；draft_sku_id=SKU-DRAFT-000192	缺失规格：材质；整理依据：材质/标准缺失，可能影响型材SKU区分；导入口径：do_not_import_missing_specs；重分类：金属材料/型材 -> 金属材料/型钢；分类置信度：high；槽钢是标准型钢。	2026-07-03
CONST-000004	水泥砖	材质：水泥		建筑材料/砖砌材料	块			水泥砖	CONST-000004 水泥砖 建筑材料/砌块砖 块 材质：水泥 水泥			candidate	needs_review	clarify_specs_before_use	purchase_2024_candidate_rows=194；purchase_2024_source_rows=195；draft_sku_id=SKU-DRAFT-000193	缺失规格：规格；尺寸；整理依据：尺寸缺失，无法区分水泥砖规格；导入口径：do_not_import_missing_specs；重分类：建筑材料/砌块砖 -> 建筑材料/砖砌材料；分类置信度：high；水泥砖属于砖砌材料。	2026-07-03
TOOL-000029	砖刀	用途：砌砖/切砖		工具量具/手动工具	个			砖刀	TOOL-000029 砖刀 工具器具/施工工具 个 用途：砌砖/切砖 砌砖/切砖			active	standard	auto_select_allowed	purchase_2024_candidate_rows=195；purchase_2024_source_rows=196；draft_sku_id=SKU-DRAFT-000194	导入口径：import_ready；重分类：工具器具/施工工具 -> 工具量具/手动工具；分类置信度：high；砖刀为砌筑施工手动工具。	2026-07-03
TOOL-000030	灰刀	用途：抹灰		工具量具/手动工具	个			灰刀	TOOL-000030 灰刀 工具器具/施工工具 个 用途：抹灰 抹灰			active	standard	auto_select_allowed	purchase_2024_candidate_rows=196；purchase_2024_source_rows=197；draft_sku_id=SKU-DRAFT-000195	导入口径：import_ready；重分类：工具器具/施工工具 -> 工具量具/手动工具；分类置信度：high；灰刀是抹灰手动工具。	2026-07-03
ELEC-000043	防水网线接头	功能：防水；用途：网线连接		弱电安防/网络材料	个			防水网线接头连接	ELEC-000043 防水网线接头 电气材料/弱电材料 个 功能：防水 用途：网线连接 防水网线接头连接 防水 网线连接			active	standard	auto_select_allowed	purchase_2024_candidate_rows=197；purchase_2024_source_rows=198；draft_sku_id=SKU-DRAFT-000196	导入口径：import_ready；重分类：电气材料/弱电材料 -> 弱电安防/网络材料；分类置信度：high；网线防水接头属于网络弱电材料。	2026-07-03
CHEM-000006	防锈润滑剂	品牌/型号：WD-40；容量：500		化工胶粘涂料/润滑剂	支			WD-40500防锈润滑剂	CHEM-000006 防锈润滑剂 化工耗材/润滑防锈 支 品牌/型号：WD-40 容量：500 WD-40500防锈润滑剂 WD-40 500			candidate	usable	confirm_before_use	purchase_2024_candidate_rows=198；purchase_2024_source_rows=199；draft_sku_id=SKU-DRAFT-000197	缺失规格：品牌；型号；整理依据：容量单位缺失，原始仅写500；导入口径：confirm_then_import；重分类：化工耗材/润滑防锈 -> 化工胶粘涂料/润滑剂；分类置信度：high；防锈润滑剂属润滑防护化工材料。	2026-07-03
SPARE-000016	螺丝	规格：8*250		紧固件与连接件/螺丝	套			8*250螺丝	SPARE-000016 螺丝 五金备件/紧固件 套 规格：8*250 8*250螺丝 8*250			candidate	needs_review	clarify_specs_before_use	purchase_2024_candidate_rows=199；purchase_2024_source_rows=200；draft_sku_id=SKU-DRAFT-000198	缺失规格：材质；强度等级；整理依据：原始规格未明确是否为M8；材质/强度等级缺失；导入口径：do_not_import_missing_specs；重分类：五金备件/紧固件 -> 紧固件与连接件/螺丝；分类置信度：high；样例均为各规格螺丝，五金备件旧口径过宽。	2026-07-03
CHEM-000007	调和油漆	颜色：铁红		化工胶粘涂料/涂料	桶			铁红油漆	CHEM-000007 调和油漆 化工耗材/涂料 桶 颜色：铁红 铁红油漆 铁红			candidate	needs_review	clarify_specs_before_use	purchase_2024_candidate_rows=200；purchase_2024_source_rows=201；draft_sku_id=SKU-DRAFT-000199	缺失规格：容量；整理依据：容量缺失，可能影响油漆SKU区分；导入口径：do_not_import_missing_specs；重分类：化工耗材/涂料 -> 化工胶粘涂料/涂料；分类置信度：high；调和油漆属于涂料。	2026-07-03
ELEC-000044	LED灯泡	品牌：公牛；功率：20W		电气电料/照明灯具	个			公牛20WLED灯泡	ELEC-000044 LED灯泡 电气材料/照明 个 品牌：公牛 功率：20W 公牛20WLED灯泡 公牛 20W	公牛		candidate	needs_review	clarify_specs_before_use	purchase_2024_candidate_rows=201；purchase_2024_source_rows=202；draft_sku_id=SKU-DRAFT-000200	缺失规格：规格；整理依据：灯头规格/色温缺失，可能影响LED灯泡SKU区分；导入口径：do_not_import_missing_specs；重分类：电气材料/照明 -> 电气电料/照明灯具；分类置信度：high；样例均为LED灯泡，功率/品牌为规格差异。	2026-07-03
WELD-000004	焊条	型号：507；直径：3.2		焊接切割/焊接耗材	件			507*3.2焊条	WELD-000004 焊条 焊接耗材/焊条 件 型号：507 直径：3.2 507*3.2焊条 507 3.2		507	candidate	usable	confirm_before_use	purchase_2024_candidate_rows=202；purchase_2024_source_rows=203；draft_sku_id=SKU-DRAFT-000201	缺失规格：包装重量；整理依据：包装重量缺失；直径单位按原始规格保留；导入口径：confirm_then_import；重分类：焊接耗材/焊条 -> 焊接切割/焊接耗材；分类置信度：high；样例均为电焊条，归焊接耗材。	2026-07-03
PIPE-000043	蝶阀	品牌：埃美柯；规格：DN65；特征：加厚		管材管件阀门/阀门	个			DN65埃美柯加厚蝶阀	PIPE-000043 蝶阀 工程材料/阀门 个 品牌：埃美柯 规格：DN65 特征：加厚 DN65埃美柯加厚蝶阀 埃美柯 DN65 加厚	埃美柯		candidate	needs_review	clarify_specs_before_use	purchase_2024_candidate_rows=203；purchase_2024_source_rows=204；draft_sku_id=SKU-DRAFT-000202	缺失规格：材质；整理依据：材质缺失，可能影响阀门SKU区分；导入口径：do_not_import_missing_specs；重分类：工程材料/阀门 -> 管材管件阀门/阀门；分类置信度：high；蝶阀属于阀门，工程材料旧类目过宽。	2026-07-03
METAL-000012	不锈钢球阀	品牌：埃美柯；规格：DN65；材质：不锈钢；特征：加厚		管材管件阀门/阀门	个			DN65埃美柯加厚不锈钢球阀	METAL-000012 不锈钢球阀 工程材料/阀门 个 品牌：埃美柯 规格：DN65 材质：不锈钢 特征：加厚 DN65埃美柯加厚不锈钢球阀 埃美柯 DN65 不锈钢 加厚	埃美柯		active	standard	auto_select_allowed	purchase_2024_candidate_rows=204；purchase_2024_source_rows=205；draft_sku_id=SKU-DRAFT-000203	导入口径：import_ready；重分类：工程材料/阀门 -> 管材管件阀门/阀门；分类置信度：high；样例均为不锈钢球阀，口径/品牌为规格差异。	2026-07-03
METAL-000013	不锈钢球阀	品牌：埃美柯；规格：40；材质：不锈钢；特征：加厚		管材管件阀门/阀门	个			40埃美柯加厚不锈钢球阀	METAL-000013 不锈钢球阀 工程材料/阀门 个 品牌：埃美柯 规格：40 材质：不锈钢 特征：加厚 40埃美柯加厚不锈钢球阀 埃美柯 40 不锈钢 加厚	埃美柯		active	standard	auto_select_allowed	purchase_2024_candidate_rows=205；purchase_2024_source_rows=206；draft_sku_id=SKU-DRAFT-000204	导入口径：import_ready；重分类：工程材料/阀门 -> 管材管件阀门/阀门；分类置信度：high；样例均为不锈钢球阀，口径/品牌为规格差异。	2026-07-03
CHEM-000008	调和油漆	颜色：白色；类型：调和油漆		化工胶粘涂料/涂料	桶			白色调和油漆	CHEM-000008 调和油漆 化工耗材/涂料 桶 颜色：白色 类型：调和油漆 白色调和油漆 白色			candidate	needs_review	clarify_specs_before_use	purchase_2024_candidate_rows=206；purchase_2024_source_rows=207；draft_sku_id=SKU-DRAFT-000205	缺失规格：容量；整理依据：容量缺失，可能影响油漆SKU区分；导入口径：do_not_import_missing_specs；重分类：化工耗材/涂料 -> 化工胶粘涂料/涂料；分类置信度：high；调和油漆属于涂料。	2026-07-03
MAT-000021	彩条布	规格：12*30米		包装覆盖周转/覆盖材料	平方			12*30米彩条布	MAT-000021 彩条布 工程材料/篷布油布 平方 规格：12*30米 12*30米彩条布 12*30米			active	standard	auto_select_allowed	purchase_2024_candidate_rows=207；purchase_2024_source_rows=208；draft_sku_id=SKU-DRAFT-000206	导入口径：import_ready；重分类：工程材料/篷布油布 -> 包装覆盖周转/覆盖材料；分类置信度：high；彩条布用于覆盖防护，旧工程材料过宽。	2026-07-03
ELEC-000045	漏电保护器	品牌：德力西；电流：400A；极数：4P		电气电料/低压电器	个			400A4P德力西漏电保护器	ELEC-000045 漏电保护器 电气材料/低压电器 个 品牌：德力西 电流：400A 极数：4P 400A4P德力西漏电保护器 德力西 400A 4P	德力西		active	standard	auto_select_allowed	purchase_2024_candidate_rows=208；purchase_2024_source_rows=209；draft_sku_id=SKU-DRAFT-000207	导入口径：import_ready；重分类：电气材料/低压电器 -> 电气电料/低压电器；分类置信度：high；漏电保护器属于低压电器。	2026-07-03
ELEC-000046	漏电保护器	品牌：德力西；电流：250A；极数：4P		电气电料/低压电器	个			250A4P德力西漏电保护器	ELEC-000046 漏电保护器 电气材料/低压电器 个 品牌：德力西 电流：250A 极数：4P 250A4P德力西漏电保护器 德力西 250A 4P	德力西		active	standard	auto_select_allowed	purchase_2024_candidate_rows=209；purchase_2024_source_rows=210；draft_sku_id=SKU-DRAFT-000208	导入口径：import_ready；重分类：电气材料/低压电器 -> 电气电料/低压电器；分类置信度：high；漏电保护器属于低压电器。	2026-07-03
ELEC-000047	太阳能4G摄像头	供电：太阳能；通信：4G；清晰度：4K		弱电安防/监控设备	个			太阳能4G4K摄像头	ELEC-000047 太阳能4G摄像头 电气材料/安防监控 个 供电：太阳能 通信：4G 清晰度：4K 太阳能4G4K摄像头 太阳能 4G 4K			candidate	needs_review	clarify_specs_before_use	purchase_2024_candidate_rows=210；purchase_2024_source_rows=211；draft_sku_id=SKU-DRAFT-000209	缺失规格：品牌；规格；整理依据：品牌/存储规格缺失，可能影响摄像头SKU区分；导入口径：do_not_import_missing_specs；重分类：电气材料/安防监控 -> 弱电安防/监控设备；分类置信度：high；摄像头属弱电监控设备，旧电气材料过宽。	2026-07-03
METAL-000014	不锈钢名牌	定制：是；材质：不锈钢；规格：120*60		定制加工件/标识铭牌	个			定做不锈钢名牌120*60	METAL-000014 不锈钢名牌 定制件/标识铭牌 个 定制：是 材质：不锈钢 规格：120*60 定做不锈钢名牌120*60 是 不锈钢 120*60			active	standard	auto_select_allowed	purchase_2024_candidate_rows=211；purchase_2024_source_rows=212；draft_sku_id=SKU-DRAFT-000210	整理依据：定制图文内容不作为物料规格；导入口径：import_ready；重分类：定制件/标识铭牌 -> 定制加工件/标识铭牌；分类置信度：high；样例均为定做不锈钢名牌，归标识铭牌。	2026-07-03
METAL-000015	不锈钢名牌	定制：是；材质：不锈钢；规格：100*80		定制加工件/标识铭牌	个			定做不锈钢名牌100*80	METAL-000015 不锈钢名牌 定制件/标识铭牌 个 定制：是 材质：不锈钢 规格：100*80 定做不锈钢名牌100*80 是 不锈钢 100*80			active	standard	auto_select_allowed	purchase_2024_candidate_rows=212；purchase_2024_source_rows=213；draft_sku_id=SKU-DRAFT-000211	整理依据：定制图文内容不作为物料规格；导入口径：import_ready；重分类：定制件/标识铭牌 -> 定制加工件/标识铭牌；分类置信度：high；样例均为定做不锈钢名牌，归标识铭牌。	2026-07-03
METAL-000016	不锈钢名牌	定制：是；材质：不锈钢；规格：30*60		定制加工件/标识铭牌	个			定做不锈钢名牌30*60	METAL-000016 不锈钢名牌 定制件/标识铭牌 个 定制：是 材质：不锈钢 规格：30*60 定做不锈钢名牌30*60 是 不锈钢 30*60			active	standard	auto_select_allowed	purchase_2024_candidate_rows=213；purchase_2024_source_rows=214；draft_sku_id=SKU-DRAFT-000212	整理依据：定制图文内容不作为物料规格；导入口径：import_ready；重分类：定制件/标识铭牌 -> 定制加工件/标识铭牌；分类置信度：high；样例均为定做不锈钢名牌，归标识铭牌。	2026-07-03
MAT-000022	热水器隔电堵	用途：热水器；功能：隔电		管材管件阀门/水暖五金	个			热水器隔电堵	MAT-000022 热水器隔电堵 工程材料/水暖五金 个 用途：热水器 功能：隔电 热水器 隔电			candidate	needs_review	clarify_specs_before_use	purchase_2024_candidate_rows=214；purchase_2024_source_rows=215；draft_sku_id=SKU-DRAFT-000213	缺失规格：规格；整理依据：接口规格缺失，无法区分不同隔电堵SKU；导入口径：do_not_import_missing_specs；重分类：工程材料/水暖五金 -> 管材管件阀门/水暖五金；分类置信度：medium；隔电堵为热水器水暖连接配件。	2026-07-03
PIPE-000044	热水器安全阀	用途：热水器；类型：安全阀		管材管件阀门/阀门	个			热水器安全阀	PIPE-000044 热水器安全阀 工程材料/阀门 个 用途：热水器 类型：安全阀 热水器 安全阀			candidate	needs_review	clarify_specs_before_use	purchase_2024_candidate_rows=215；purchase_2024_source_rows=216；draft_sku_id=SKU-DRAFT-000214	缺失规格：规格；整理依据：接口规格缺失，无法区分不同安全阀SKU；导入口径：do_not_import_missing_specs；重分类：工程材料/阀门 -> 管材管件阀门/阀门；分类置信度：high；热水器安全阀属于阀门。	2026-07-03
CHEM-000009	喷漆	品牌：三和；颜色：黄色		化工胶粘涂料/涂料	支			三和黄色喷漆	CHEM-000009 喷漆 化工耗材/涂料 支 品牌：三和 颜色：黄色 三和黄色喷漆 三和 黄色	三和		candidate	needs_review	clarify_specs_before_use	purchase_2024_candidate_rows=217；purchase_2024_source_rows=218；draft_sku_id=SKU-DRAFT-000215	缺失规格：容量；整理依据：容量缺失，可能影响喷漆SKU区分；导入口径：do_not_import_missing_specs；重分类：化工耗材/涂料 -> 化工胶粘涂料/涂料；分类置信度：high；自喷漆属涂料，颜色为规格属性。	2026-07-03
CHEM-000010	喷漆	品牌：三和；颜色：天蓝色		化工胶粘涂料/涂料	支			三和天蓝色喷漆	CHEM-000010 喷漆 化工耗材/涂料 支 品牌：三和 颜色：天蓝色 三和天蓝色喷漆 三和 天蓝色	三和		candidate	needs_review	clarify_specs_before_use	purchase_2024_candidate_rows=218；purchase_2024_source_rows=219；draft_sku_id=SKU-DRAFT-000216	缺失规格：容量；整理依据：容量缺失，可能影响喷漆SKU区分；导入口径：do_not_import_missing_specs；重分类：化工耗材/涂料 -> 化工胶粘涂料/涂料；分类置信度：high；自喷漆属涂料，颜色为规格属性。	2026-07-03
TOOL-000031	扫把	材质：高粱；规格：小		清洁办公后勤/清洁工具	个			高粱小扫把	TOOL-000031 扫把 清洁用品/清洁工具 个 材质：高粱 规格：小 高粱小扫把 高粱 小			active	standard	auto_select_allowed	purchase_2024_candidate_rows=219；purchase_2024_source_rows=220；draft_sku_id=SKU-DRAFT-000217	导入口径：import_ready；重分类：清洁用品/清洁工具 -> 清洁办公后勤/清洁工具；分类置信度：high；扫把是清洁工具，材质规格不拆分。	2026-07-03
SAFE-000005	帆布手套	材质：帆布；特征：加厚、双层		劳保防护/手套	双			加厚双层帆布手套	SAFE-000005 帆布手套 劳保耗材/手套 双 材质：帆布 特征：加厚、双层 加厚双层帆布手套 帆布 加厚、双层			active	standard	auto_select_allowed	purchase_2024_candidate_rows=220;634；purchase_2024_source_rows=221;635；draft_sku_id=SKU-DRAFT-000218	导入口径：import_ready；重分类：劳保耗材/手套 -> 劳保防护/手套；分类置信度：high；帆布手套为劳保手套，旧劳保耗材不作分类。	2026-07-03
SPARE-000017	螺丝	规格：8*30		紧固件与连接件/螺丝	套			8*30螺丝	SPARE-000017 螺丝 五金备件/紧固件 套 规格：8*30 8*30螺丝 8*30			candidate	needs_review	clarify_specs_before_use	purchase_2024_candidate_rows=221；purchase_2024_source_rows=222；draft_sku_id=SKU-DRAFT-000219	缺失规格：材质；强度等级；整理依据：材质/强度等级缺失，可能影响紧固件SKU区分；导入口径：do_not_import_missing_specs；重分类：五金备件/紧固件 -> 紧固件与连接件/螺丝；分类置信度：high；样例均为各规格螺丝，五金备件旧口径过宽。	2026-07-03
SPARE-000018	螺丝	规格：16*30		紧固件与连接件/螺丝	套			16*30螺丝	SPARE-000018 螺丝 五金备件/紧固件 套 规格：16*30 16*30螺丝 16*30			candidate	needs_review	clarify_specs_before_use	purchase_2024_candidate_rows=222；purchase_2024_source_rows=223；draft_sku_id=SKU-DRAFT-000220	缺失规格：材质；强度等级；整理依据：材质/强度等级缺失，可能影响紧固件SKU区分；导入口径：do_not_import_missing_specs；重分类：五金备件/紧固件 -> 紧固件与连接件/螺丝；分类置信度：high；样例均为各规格螺丝，五金备件旧口径过宽。	2026-07-03
SPARE-000019	螺丝	规格：12*60		紧固件与连接件/螺丝	套			12*60螺丝	SPARE-000019 螺丝 五金备件/紧固件 套 规格：12*60 12*60螺丝 12*60			candidate	needs_review	clarify_specs_before_use	purchase_2024_candidate_rows=223；purchase_2024_source_rows=224；draft_sku_id=SKU-DRAFT-000221	缺失规格：材质；强度等级；整理依据：材质/强度等级缺失，可能影响紧固件SKU区分；导入口径：do_not_import_missing_specs；重分类：五金备件/紧固件 -> 紧固件与连接件/螺丝；分类置信度：high；样例均为各规格螺丝，五金备件旧口径过宽。	2026-07-03
HW-LOCK-000006	挂锁	材质：不锈钢；规格：40；品质：好		清洁办公后勤/门窗五金	个			40好不锈钢挂锁	HW-LOCK-000006 挂锁 五金备件/锁具 个 材质：不锈钢 规格：40 品质：好 40好不锈钢挂锁 不锈钢 40 好			candidate	usable	confirm_before_use	purchase_2024_candidate_rows=224；purchase_2024_source_rows=225；draft_sku_id=SKU-DRAFT-000222	缺失规格：用途；锁体型号；整理依据：“好”为原始品质描述，具体质量等级需确认；导入口径：confirm_then_import；重分类：五金备件/锁具 -> 清洁办公后勤/门窗五金；分类置信度：high；挂锁属门窗锁具五金，旧五金口径需归并。	2026-07-03
HW-LOCK-000007	挂锁	材质：不锈钢；规格：40；品质：好；类型：通用		清洁办公后勤/门窗五金	个			40好不锈钢通用挂锁	HW-LOCK-000007 挂锁 五金备件/锁具 个 材质：不锈钢 规格：40 品质：好 类型：通用 40好不锈钢通用挂锁 不锈钢 40 好 通用			candidate	usable	confirm_before_use	purchase_2024_candidate_rows=225；purchase_2024_source_rows=226；draft_sku_id=SKU-DRAFT-000223	缺失规格：用途；锁体型号；整理依据：“好”为原始品质描述；与同规格不锈钢挂锁是否合并需确认；导入口径：confirm_then_import；重分类：五金备件/锁具 -> 清洁办公后勤/门窗五金；分类置信度：high；挂锁属门窗锁具五金，旧五金口径需归并。	2026-07-03
SPARE-000020	螺丝	规格：12*50		紧固件与连接件/螺丝	套			12*50螺丝	SPARE-000020 螺丝 五金备件/紧固件 套 规格：12*50 12*50螺丝 12*50			candidate	needs_review	clarify_specs_before_use	purchase_2024_candidate_rows=226；purchase_2024_source_rows=227；draft_sku_id=SKU-DRAFT-000224	缺失规格：材质；强度等级；整理依据：材质/强度等级缺失，可能影响紧固件SKU区分；输入提示称与其他行同物料，未在本批合并；导入口径：do_not_import_missing_specs；重分类：五金备件/紧固件 -> 紧固件与连接件/螺丝；分类置信度：high；样例均为各规格螺丝，五金备件旧口径过宽。	2026-07-03
TOOL-000032	切割片	规格：100		工具耗材/切割片	块			100切割片	TOOL-000032 切割片 工具器具/磨切耗材 块 规格：100 100切割片 100			candidate	needs_review	clarify_specs_before_use	purchase_2024_candidate_rows=227；purchase_2024_source_rows=228；draft_sku_id=SKU-DRAFT-000225	缺失规格：材质；厚度；整理依据：厚度/适用材质缺失，无法区分切割片SKU；导入口径：do_not_import_missing_specs；重分类：工具器具/磨切耗材 -> 工具耗材/切割片；分类置信度：high；切割片属于磨切类工具耗材。	2026-07-03
TOOL-000033	磨光片	规格：100		工具耗材/磨具	块			100磨光片	TOOL-000033 磨光片 工具器具/磨切耗材 块 规格：100 100磨光片 100			candidate	needs_review	clarify_specs_before_use	purchase_2024_candidate_rows=228；purchase_2024_source_rows=229；draft_sku_id=SKU-DRAFT-000226	缺失规格：材质；整理依据：粒度/适用材质缺失，无法区分磨光片SKU；导入口径：do_not_import_missing_specs；重分类：工具器具/磨切耗材 -> 工具耗材/磨具；分类置信度：high；磨光片用于打磨抛光，归磨具耗材。	2026-07-03
SAFE-000006	乳胶手套	材质：乳胶；特征：加厚		劳保防护/手套	双			加厚乳胶手套	SAFE-000006 乳胶手套 劳保耗材/手套 双 材质：乳胶 特征：加厚 加厚乳胶手套 乳胶 加厚			active	standard	auto_select_allowed	purchase_2024_candidate_rows=229；purchase_2024_source_rows=230；draft_sku_id=SKU-DRAFT-000227	导入口径：import_ready；重分类：劳保耗材/手套 -> 劳保防护/手套；分类置信度：high；乳胶手套是人员手部防护用品，旧劳保耗材不保留。	2026-07-03
SAFE-000007	牛筋手套	材质/类型：牛筋；特征：加厚		劳保防护/手套	双			牛筋加厚手套	SAFE-000007 牛筋手套 劳保耗材/手套 双 材质/类型：牛筋 特征：加厚 牛筋加厚手套 牛筋 加厚			active	standard	auto_select_allowed	purchase_2024_candidate_rows=230；purchase_2024_source_rows=231；draft_sku_id=SKU-DRAFT-000228	导入口径：import_ready；重分类：劳保耗材/手套 -> 劳保防护/手套；分类置信度：high；样例均为牛筋手套，劳保耗材旧口径不保留。	2026-07-03
SAFE-000008	防护眼镜	颜色：透明		劳保防护/眼面防护	付			透明防护眼镜	SAFE-000008 防护眼镜 劳保耗材/眼面防护 付 颜色：透明 透明防护眼镜 透明			active	standard	auto_select_allowed	purchase_2024_candidate_rows=231；purchase_2024_source_rows=232；draft_sku_id=SKU-DRAFT-000229	导入口径：import_ready；重分类：劳保耗材/眼面防护 -> 劳保防护/眼面防护；分类置信度：high；防护眼镜为眼面防护用品。	2026-07-03
TOOL-000034	美工刀	类型：美工刀		工具量具/手动工具	支			美工刀	TOOL-000034 美工刀 工具器具/手动工具 支 类型：美工刀			candidate	needs_review	clarify_specs_before_use	purchase_2024_candidate_rows=232；purchase_2024_source_rows=233；draft_sku_id=SKU-DRAFT-000230	缺失规格：品牌；规格；整理依据：品牌/刀片规格缺失，无法区分美工刀SKU；导入口径：do_not_import_missing_specs；重分类：工具器具/手动工具 -> 工具量具/手动工具；分类置信度：high；美工刀为手动切割工具。	2026-07-03
SPARE-000021	高压水枪过滤总成	适用设备：高压水枪；类型：过滤总成		设备备件/通用机械备件	套			高压水枪过滤总成	SPARE-000021 高压水枪过滤总成 设备备件/清洗设备配件 套 适用设备：高压水枪 类型：过滤总成 高压水枪 过滤总成			candidate	needs_review	clarify_specs_before_use	purchase_2024_candidate_rows=233；purchase_2024_source_rows=234；draft_sku_id=SKU-DRAFT-000231	缺失规格：型号；整理依据：适配型号缺失，无法区分清洗设备配件SKU；导入口径：do_not_import_missing_specs；重分类：设备备件/清洗设备配件 -> 设备备件/通用机械备件；分类置信度：high；过滤总成为高压水枪配套机械备件。	2026-07-03
SPARE-000022	高压水枪滤芯	适用设备：高压水枪；类型：滤芯		设备备件/通用机械备件	个			高压水枪滤芯	SPARE-000022 高压水枪滤芯 设备备件/滤芯 个 适用设备：高压水枪 类型：滤芯 高压水枪 滤芯			candidate	needs_review	clarify_specs_before_use	purchase_2024_candidate_rows=234；purchase_2024_source_rows=235；draft_sku_id=SKU-DRAFT-000232	缺失规格：型号；整理依据：适配型号缺失，无法区分滤芯SKU；导入口径：do_not_import_missing_specs；重分类：设备备件/滤芯 -> 设备备件/通用机械备件；分类置信度：high；滤芯是高压水枪配套备件。	2026-07-03
SPARE-000023	垫片	定制：是；规格：12*600*5		紧固件与连接件/垫圈	个			定做12*600*5垫片	SPARE-000023 垫片 定制件/金属加工件 个 定制：是 规格：12*600*5 定做12*600*5垫片 是 12*600*5			candidate	needs_review	clarify_specs_before_use	purchase_2024_candidate_rows=235；purchase_2024_source_rows=236；draft_sku_id=SKU-DRAFT-000233	缺失规格：材质；整理依据：材质/图纸缺失，无法区分定制垫片SKU；导入口径：do_not_import_missing_specs；重分类：定制件/金属加工件 -> 紧固件与连接件/垫圈；分类置信度：medium；标准螺栓垫圈与加工金属垫片混在一起。；分类拆分待复核：按是否定制/用途拆分；标准螺栓垫圈与加工金属垫片混在一起。	2026-07-03
SAFE-000009	碘伏	容量：500ml		劳保防护/急救用品	瓶			碘伏500ml	SAFE-000009 碘伏 劳保耗材/急救用品 瓶 容量：500ml 碘伏500ml 500ml			active	standard	auto_select_allowed	purchase_2024_candidate_rows=236；purchase_2024_source_rows=237；draft_sku_id=SKU-DRAFT-000234	导入口径：import_ready；重分类：劳保耗材/急救用品 -> 劳保防护/急救用品；分类置信度：medium；碘伏为现场急救消毒用品，标准表无急救二级，新增二级。	2026-07-03
SAFE-000010	止血贴	类型：创可贴/止血贴		劳保防护/急救用品	张			止血贴	SAFE-000010 止血贴 劳保耗材/急救用品 张 类型：创可贴/止血贴 创可贴/止血贴			candidate	needs_review	clarify_specs_before_use	purchase_2024_candidate_rows=237；purchase_2024_source_rows=238；draft_sku_id=SKU-DRAFT-000235	缺失规格：规格；尺寸；包装规格；整理依据：尺寸/包装规格缺失，无法区分止血贴SKU；导入口径：do_not_import_missing_specs；重分类：劳保耗材/急救用品 -> 劳保防护/急救用品；分类置信度：high；止血贴为现场急救防护用品；新建二级急救用品。	2026-07-03
SAFE-000011	医用绷带	类型：绷带		劳保防护/急救用品	卷			绷带	SAFE-000011 医用绷带 劳保耗材/急救用品 卷 类型：绷带 绷带			candidate	needs_review	clarify_specs_before_use	purchase_2024_candidate_rows=238；purchase_2024_source_rows=239；draft_sku_id=SKU-DRAFT-000236	缺失规格：长度；宽度；整理依据：宽度/长度缺失，无法区分绷带SKU；导入口径：do_not_import_missing_specs；重分类：劳保耗材/急救用品 -> 劳保防护/急救用品；分类置信度：medium；绷带用于现场急救；推荐无对应二级，按急救用品新建。	2026-07-03
ELEC-000048	插头	品牌：公牛；电流：10A		电气电料/插头插座	个			10A公牛插头	ELEC-000048 插头 电气材料/插头插座 个 品牌：公牛 电流：10A 10A公牛插头 公牛 10A	公牛		candidate	needs_review	clarify_specs_before_use	purchase_2024_candidate_rows=239；purchase_2024_source_rows=240；draft_sku_id=SKU-DRAFT-000237	缺失规格：型号；电压；安装方式；整理依据：二插/三插或极数缺失，无法区分插头SKU；导入口径：do_not_import_missing_specs；重分类：电气材料/插头插座 -> 电气电料/插头插座；分类置信度：high；10A、16A和三相插头均为插头插座类。	2026-07-03
SAFE-000012	白布	材质：纯棉；颜色：白色		清洁办公后勤/清洁耗材	KG			纯棉大白布；纯棉白布	SAFE-000012 白布 劳保耗材/擦拭材料 KG 材质：纯棉 颜色：白色 纯棉大白布 纯棉白布 纯棉 白色			candidate	needs_review	clarify_specs_before_use	purchase_2024_candidate_rows=240；purchase_2024_source_rows=241；draft_sku_id=SKU-DRAFT-000238	缺失规格：类型；规格；安全等级；认证标准；整理依据：幅宽/等级缺失，可能影响白布SKU区分；输入提示称与其他行同物料，未在本批合并；导入口径：do_not_import_missing_specs；重分类：劳保耗材/擦拭材料 -> 清洁办公后勤/清洁耗材；分类置信度：medium；白布用于擦拭清洁，旧劳保耗材口径不准确。	2026-07-03
TOOL-000035	毛刷	规格：3寸		工具耗材/刷具	个			3寸毛刷	TOOL-000035 毛刷 工具器具/涂装工具 个 规格：3寸 3寸毛刷 3寸			candidate	usable	confirm_before_use	purchase_2024_candidate_rows=241；purchase_2024_source_rows=242；draft_sku_id=SKU-DRAFT-000239	缺失规格：材质；整理依据：材质/柄型缺失，按3寸毛刷候选；导入口径：confirm_then_import；重分类：工具器具/涂装工具 -> 工具耗材/刷具；分类置信度：high；毛刷是涂装刷具耗材。	2026-07-03
TOOL-000036	羊毛刷	规格：4寸；材质：羊毛		工具耗材/刷具	个			4寸羊毛刷	TOOL-000036 羊毛刷 工具器具/涂装工具 个 规格：4寸 材质：羊毛 4寸羊毛刷 4寸 羊毛			active	standard	auto_select_allowed	purchase_2024_candidate_rows=242；purchase_2024_source_rows=243；draft_sku_id=SKU-DRAFT-000240	导入口径：import_ready；重分类：工具器具/涂装工具 -> 工具耗材/刷具；分类置信度：high；羊毛刷为涂装刷具耗材。	2026-07-03
SAFE-000013	一次性口罩	类型：一次性		劳保防护/呼吸防护	个			一次性口罩	SAFE-000013 一次性口罩 劳保耗材/呼吸防护 个 类型：一次性 一次性			candidate	needs_review	clarify_specs_before_use	purchase_2024_candidate_rows=243；purchase_2024_source_rows=244；draft_sku_id=SKU-DRAFT-000241	缺失规格：材质；规格；安全等级；认证标准；整理依据：医用/工业及防护等级缺失，无法区分口罩SKU；导入口径：do_not_import_missing_specs；重分类：劳保耗材/呼吸防护 -> 劳保防护/呼吸防护；分类置信度：high；一次性口罩用于人员呼吸防护，旧劳保耗材不保留为分类。	2026-07-03
MAT-000023	旋转吊环	载荷：8吨；类型：旋转		吊装索具/吊环	个			8吨旋转吊环	MAT-000023 旋转吊环 吊装索具/吊环 个 载荷：8吨 类型：旋转 8吨旋转吊环 8吨 旋转			candidate	needs_review	clarify_specs_before_use	purchase_2024_candidate_rows=244；purchase_2024_source_rows=245；draft_sku_id=SKU-DRAFT-000242	缺失规格：规格；整理依据：螺纹规格缺失，无法区分旋转吊环SKU；导入口径：do_not_import_missing_specs	2026-07-03
CHEM-000011	防锈漆	颜色：铁红；类型：防锈漆		化工胶粘涂料/涂料	桶			铁红防锈漆	CHEM-000011 防锈漆 化工耗材/涂料 桶 颜色：铁红 类型：防锈漆 铁红防锈漆 铁红			candidate	needs_review	clarify_specs_before_use	purchase_2024_candidate_rows=245；purchase_2024_source_rows=246；draft_sku_id=SKU-DRAFT-000243	缺失规格：品牌；包装重量；容量；整理依据：包装重量/容量及品牌缺失，可能影响防锈漆SKU区分；导入口径：do_not_import_missing_specs；重分类：化工耗材/涂料 -> 化工胶粘涂料/涂料；分类置信度：high；防锈漆为防腐涂料，旧化工耗材口径过泛。	2026-07-03
METAL-000017	不锈钢卡扣接头	规格：DN6*6；材质：不锈钢		液压气动/液压接头	个			DN6*6不锈钢卡扣接头	METAL-000017 不锈钢卡扣接头 气动/高压管路 个 规格：DN6*6 材质：不锈钢 DN6*6不锈钢卡扣接头 DN6*6 不锈钢			candidate	usable	confirm_before_use	purchase_2024_candidate_rows=246；purchase_2024_source_rows=247；draft_sku_id=SKU-DRAFT-000244	缺失规格：压力等级；整理依据：压力等级缺失，需后续确认；导入口径：confirm_then_import；重分类：气动/高压管路 -> 液压气动/液压接头；分类置信度：medium；卡扣接头用于高压管路连接，按液压接头承接。	2026-07-03
METAL-000018	不锈钢卡扣接头	规格：DN6*10；材质：不锈钢		液压气动/液压接头	个			DN6*10不锈钢卡扣接头	METAL-000018 不锈钢卡扣接头 气动/高压管路 个 规格：DN6*10 材质：不锈钢 DN6*10不锈钢卡扣接头 DN6*10 不锈钢			candidate	usable	confirm_before_use	purchase_2024_candidate_rows=247；purchase_2024_source_rows=248；draft_sku_id=SKU-DRAFT-000245	缺失规格：压力等级；整理依据：压力等级缺失，需后续确认；导入口径：confirm_then_import；重分类：气动/高压管路 -> 液压气动/液压接头；分类置信度：medium；卡扣接头用于高压管路连接，按液压接头承接。	2026-07-03
CHEM-000012	松香水	类型：稀释剂/清洗剂		化工胶粘涂料/清洗剂	桶			松香水	CHEM-000012 松香水 化工耗材/稀释清洗 桶 类型：稀释剂/清洗剂 稀释剂/清洗剂			candidate	needs_review	clarify_specs_before_use	purchase_2024_candidate_rows=248；purchase_2024_source_rows=249；draft_sku_id=SKU-DRAFT-000246	缺失规格：品牌；容量；整理依据：包装容量/品牌缺失，无法区分松香水SKU；导入口径：do_not_import_missing_specs；重分类：化工耗材/稀释清洗 -> 化工胶粘涂料/清洗剂；分类置信度：high；松香水作稀释清洗剂，归化工清洗剂。	2026-07-03
TOOL-000037	百叶砂轮片	规格：4寸		工具耗材/砂轮片	块			4寸百叶砂轮片	TOOL-000037 百叶砂轮片 工具器具/磨切耗材 块 规格：4寸 4寸百叶砂轮片 4寸			candidate	needs_review	clarify_specs_before_use	purchase_2024_candidate_rows=249；purchase_2024_source_rows=250；draft_sku_id=SKU-DRAFT-000247	缺失规格：材质；整理依据：粒度/材质缺失，无法区分百叶砂轮片SKU；导入口径：do_not_import_missing_specs；重分类：工具器具/磨切耗材 -> 工具耗材/砂轮片；分类置信度：high；百叶砂轮片为打磨耗材。	2026-07-03
WELD-000005	割枪	规格：30号		焊接切割/焊割工具	支			30号割枪	WELD-000005 割枪 焊接耗材/焊割工具 支 规格：30号 30号割枪 30号			candidate	usable	confirm_before_use	purchase_2024_candidate_rows=250；purchase_2024_source_rows=251；draft_sku_id=SKU-DRAFT-000248	缺失规格：品牌；整理依据：气体类型/品牌缺失，需后续确认；导入口径：confirm_then_import；重分类：焊接耗材/焊割工具 -> 焊接切割/焊割工具；分类置信度：high；割枪是气割作业工具，旧耗材口径不准。	2026-07-03
WELD-000006	割嘴	规格：30号		焊接切割/切割耗材	个			30号割嘴	WELD-000006 割嘴 焊接耗材/焊割配件 个 规格：30号 30号割嘴 30号			candidate	needs_review	clarify_specs_before_use	purchase_2024_candidate_rows=251；purchase_2024_source_rows=252；draft_sku_id=SKU-DRAFT-000249	缺失规格：型号；材质；包装重量；适用工艺；整理依据：气体类型/孔径缺失，可能影响割嘴SKU区分；导入口径：do_not_import_missing_specs；重分类：焊接耗材/焊割配件 -> 焊接切割/切割耗材；分类置信度：high；割嘴是气割切割耗材。	2026-07-03
ELEC-000049	三脚插头	品牌：公牛；电流：10A；类型：三插		电气电料/插头插座	个			10A公牛三插	ELEC-000049 三脚插头 电气材料/插头插座 个 品牌：公牛 电流：10A 类型：三插 10A公牛三插 公牛 10A 三插	公牛		active	standard	auto_select_allowed	purchase_2024_candidate_rows=252；purchase_2024_source_rows=253；draft_sku_id=SKU-DRAFT-000250	导入口径：import_ready；重分类：电气材料/插头插座 -> 电气电料/插头插座；分类置信度：high；三脚插头属于插头插座类电气材料。	2026-07-03
TOOL-000038	毛刷	规格：4寸		工具耗材/刷具	支			4寸毛刷	TOOL-000038 毛刷 工具器具/涂装工具 支 规格：4寸 4寸毛刷 4寸			active	standard	auto_select_allowed	purchase_2024_candidate_rows=253；purchase_2024_source_rows=254；draft_sku_id=SKU-DRAFT-000251	导入口径：import_ready；重分类：工具器具/涂装工具 -> 工具耗材/刷具；分类置信度：high；毛刷是涂装刷具耗材。	2026-07-03
METAL-000019	不锈钢加长接头	规格：8*6；材质：不锈钢；特征：加长		液压气动/液压接头	个			8*6不锈钢加长接头	METAL-000019 不锈钢加长接头 气动/高压管路 个 规格：8*6 材质：不锈钢 特征：加长 8*6不锈钢加长接头 8*6 不锈钢 加长			candidate	usable	confirm_before_use	purchase_2024_candidate_rows=254；purchase_2024_source_rows=255；draft_sku_id=SKU-DRAFT-000252	缺失规格：压力等级；整理依据：连接形式/压力等级缺失；导入口径：confirm_then_import；重分类：气动/高压管路 -> 液压气动/液压接头；分类置信度：medium；样例为高压管路接头，归液压气动接头。	2026-07-03
PIPE-000045	不锈钢加长弯头	规格：8*6；材质：不锈钢；特征：加长；类型：弯头		液压气动/液压接头	个			8*6不锈钢加长弯头	PIPE-000045 不锈钢加长弯头 气动/高压管路 个 规格：8*6 材质：不锈钢 特征：加长 类型：弯头 8*6不锈钢加长弯头 8*6 不锈钢 加长 弯头			candidate	usable	confirm_before_use	purchase_2024_candidate_rows=255；purchase_2024_source_rows=256；draft_sku_id=SKU-DRAFT-000253	缺失规格：压力等级；整理依据：连接形式/压力等级缺失；导入口径：confirm_then_import；重分类：气动/高压管路 -> 液压气动/液压接头；分类置信度：medium；样例为高压管路小规格弯头，归液压气动接头。	2026-07-03
TOOL-000039	链条扳手	类型：链条扳手		工具量具/手动工具	个			链条扳手	TOOL-000039 链条扳手 工具器具/手动工具 个 类型：链条扳手			candidate	needs_review	clarify_specs_before_use	purchase_2024_candidate_rows=256；purchase_2024_source_rows=257；draft_sku_id=SKU-DRAFT-000254	缺失规格：规格；整理依据：规格/夹持范围缺失，无法区分链条扳手SKU；导入口径：do_not_import_missing_specs；重分类：工具器具/手动工具 -> 工具量具/手动工具；分类置信度：high；链条扳手为手动工具。	2026-07-03
WELD-000007	碳棒	直径：6mm		焊接切割/切割耗材	支			碳棒6MM	WELD-000007 碳棒 焊接耗材/气刨耗材 支 直径：6mm 碳棒6MM 6mm			candidate	usable	confirm_before_use	purchase_2024_candidate_rows=257；purchase_2024_source_rows=258；draft_sku_id=SKU-DRAFT-000255	缺失规格：规格；包装规格；整理依据：包装规格缺失；导入口径：confirm_then_import；重分类：焊接耗材/气刨耗材 -> 焊接切割/切割耗材；分类置信度：high；气刨碳棒为焊割切割耗材。	2026-07-03
MAT-000024	吨袋	规格：大号		包装覆盖周转/包装袋	个			大吨袋	MAT-000024 吨袋 包装材料/吨袋 个 规格：大号 大吨袋 大号			candidate	needs_review	clarify_specs_before_use	purchase_2024_candidate_rows=258；purchase_2024_source_rows=259；draft_sku_id=SKU-DRAFT-000256	缺失规格：尺寸；容量；整理依据：容量/尺寸/承重缺失，无法区分吨袋SKU；导入口径：do_not_import_missing_specs；重分类：包装材料/吨袋 -> 包装覆盖周转/包装袋；分类置信度：high；吨袋属大宗包装袋，承重大小为规格。	2026-07-03
SPARE-000024	铁丝	规格：12号		金属材料/金属丝材	KG			12号铁丝；12铁丝	SPARE-000024 铁丝 五金备件/金属丝材 KG 规格：12号 12号铁丝 12铁丝 12号			candidate	needs_review	clarify_specs_before_use	purchase_2024_candidate_rows=259；purchase_2024_source_rows=260；draft_sku_id=SKU-DRAFT-000257	缺失规格：材质；整理依据：材质/镀锌与否缺失，可能影响铁丝SKU区分；导入口径：do_not_import_missing_specs；重分类：五金备件/金属丝材 -> 金属材料/金属丝材；分类置信度：high；新建二级金属丝材；铁丝是金属线材，旧五金耗材不宜保留。	2026-07-03
SPARE-000025	铁丝	规格：14号		金属材料/金属丝材	KG			14号铁丝；14铁丝	SPARE-000025 铁丝 五金备件/金属丝材 KG 规格：14号 14号铁丝 14铁丝 14号			candidate	needs_review	clarify_specs_before_use	purchase_2024_candidate_rows=260;551；purchase_2024_source_rows=261;552；draft_sku_id=SKU-DRAFT-000258	缺失规格：材质；整理依据：材质/镀锌与否缺失，可能影响铁丝SKU区分；输入提示与其他记录同物料，单位按本行公斤保留；导入口径：do_not_import_missing_specs；重分类：五金备件/金属丝材 -> 金属材料/金属丝材；分类置信度：high；新建二级金属丝材；铁丝是金属线材，旧五金耗材不宜保留。	2026-07-03
CHEM-000013	调和漆	颜色：白色；类型：调和漆		化工胶粘涂料/涂料	桶			白色调和油漆	CHEM-000013 调和漆 化工耗材/涂料 桶 颜色：白色 类型：调和漆 白色调和油漆 白色			candidate	needs_review	clarify_specs_before_use	purchase_2024_candidate_rows=261；purchase_2024_source_rows=262；draft_sku_id=SKU-DRAFT-000259	缺失规格：品牌；包装重量；整理依据：包装重量/品牌缺失，可能影响涂料SKU区分；导入口径：do_not_import_missing_specs；重分类：化工耗材/涂料 -> 化工胶粘涂料/涂料；分类置信度：high；调和漆属于涂料。	2026-07-03
METAL-000020	不锈钢卡套接头	规格：6*8；材质：不锈钢		液压气动/液压接头	个			卡6*8不锈钢接头	METAL-000020 不锈钢卡套接头 气动/高压管路 个 规格：6*8 材质：不锈钢 卡6*8不锈钢接头 6*8 不锈钢			candidate	usable	confirm_before_use	purchase_2024_candidate_rows=262；purchase_2024_source_rows=263；draft_sku_id=SKU-DRAFT-000260	缺失规格：压力等级；整理依据：“卡”按卡套接头整理，压力等级缺失；导入口径：confirm_then_import；重分类：气动/高压管路 -> 液压气动/液压接头；分类置信度：medium；卡套接头用于高压管路连接，按液压接头承接。	2026-07-03
METAL-000021	不锈钢卡套接头	规格：6*12；材质：不锈钢		液压气动/液压接头	个			卡6*12不锈钢接头	METAL-000021 不锈钢卡套接头 气动/高压管路 个 规格：6*12 材质：不锈钢 卡6*12不锈钢接头 6*12 不锈钢			candidate	usable	confirm_before_use	purchase_2024_candidate_rows=263；purchase_2024_source_rows=264；draft_sku_id=SKU-DRAFT-000261	缺失规格：压力等级；整理依据：“卡”按卡套接头整理，压力等级缺失；导入口径：confirm_then_import；重分类：气动/高压管路 -> 液压气动/液压接头；分类置信度：medium；卡套接头用于高压管路连接，按液压接头承接。	2026-07-03
CHEM-000014	不锈钢黄油嘴接头	材质：不锈钢；类型：接头		设备备件/通用机械备件	个			不锈钢黄油嘴接头	CHEM-000014 不锈钢黄油嘴接头 润滑系统/黄油嘴配件 个 材质：不锈钢 类型：接头 不锈钢 接头			candidate	needs_review	clarify_specs_before_use	purchase_2024_candidate_rows=264；purchase_2024_source_rows=265；draft_sku_id=SKU-DRAFT-000262	缺失规格：规格；整理依据：螺纹规格缺失，无法区分黄油嘴接头SKU；导入口径：do_not_import_missing_specs；重分类：润滑系统/黄油嘴配件 -> 设备备件/通用机械备件；分类置信度：medium；黄油嘴接头是设备润滑系统小备件，标准无润滑二级，用通用机械备件承接。	2026-07-03
CHEM-000015	不锈钢黄油嘴弯头	材质：不锈钢；类型：弯头		设备备件/通用机械备件	个			不锈钢黄油嘴弯头	CHEM-000015 不锈钢黄油嘴弯头 润滑系统/黄油嘴配件 个 材质：不锈钢 类型：弯头 不锈钢 弯头			candidate	needs_review	clarify_specs_before_use	purchase_2024_candidate_rows=265；purchase_2024_source_rows=266；draft_sku_id=SKU-DRAFT-000263	缺失规格：规格；整理依据：螺纹规格/角度缺失，无法区分黄油嘴弯头SKU；导入口径：do_not_import_missing_specs；重分类：润滑系统/黄油嘴配件 -> 设备备件/通用机械备件；分类置信度：medium；黄油嘴弯头是设备润滑系统小备件，标准无润滑二级，用通用机械备件承接。	2026-07-03
PIPE-000046	高压加厚接头	定制：是；规格：52；特征：加厚		定制加工件/管路接头	个			定做52高压加厚接头	PIPE-000046 高压加厚接头 定制件/液压接头 个 定制：是 规格：52 特征：加厚 定做52高压加厚接头 是 52 加厚			candidate	needs_review	clarify_specs_before_use	purchase_2024_candidate_rows=266；purchase_2024_source_rows=267；draft_sku_id=SKU-DRAFT-000264	缺失规格：压力等级；整理依据：定制件图纸/螺纹/压力等级缺失；导入口径：do_not_import_missing_specs；重分类：定制件/液压接头 -> 定制加工件/管路接头；分类置信度：high；定做加厚高压接头为非标管路接头。	2026-07-03
SPARE-000026	鱼尾螺丝	规格：M10*60		紧固件与连接件/螺丝	套			M10*60鱼尾螺丝	SPARE-000026 鱼尾螺丝 五金备件/紧固件 套 规格：M10*60 M10*60鱼尾螺丝 M10*60			candidate	needs_review	clarify_specs_before_use	purchase_2024_candidate_rows=267；purchase_2024_source_rows=268；draft_sku_id=SKU-DRAFT-000265	缺失规格：材质；强度等级；整理依据：材质/强度等级缺失，可能影响紧固件SKU区分；导入口径：do_not_import_missing_specs；重分类：五金备件/紧固件 -> 紧固件与连接件/螺丝；分类置信度：high；鱼尾螺丝为螺丝类紧固件。	2026-07-03
SPARE-000027	鱼尾螺丝	规格：M14*70		紧固件与连接件/螺丝	套			M14*70鱼尾螺丝	SPARE-000027 鱼尾螺丝 五金备件/紧固件 套 规格：M14*70 M14*70鱼尾螺丝 M14*70			candidate	needs_review	clarify_specs_before_use	purchase_2024_candidate_rows=268；purchase_2024_source_rows=269；draft_sku_id=SKU-DRAFT-000266	缺失规格：材质；强度等级；整理依据：材质/强度等级缺失，可能影响紧固件SKU区分；导入口径：do_not_import_missing_specs；重分类：五金备件/紧固件 -> 紧固件与连接件/螺丝；分类置信度：high；鱼尾螺丝为螺丝类紧固件。	2026-07-03
SPARE-000028	鱼尾螺丝	规格：M16*90		紧固件与连接件/螺丝	套			M16*90鱼尾螺丝	SPARE-000028 鱼尾螺丝 五金备件/紧固件 套 规格：M16*90 M16*90鱼尾螺丝 M16*90			candidate	needs_review	clarify_specs_before_use	purchase_2024_candidate_rows=269；purchase_2024_source_rows=270；draft_sku_id=SKU-DRAFT-000267	缺失规格：材质；强度等级；整理依据：材质/强度等级缺失，可能影响紧固件SKU区分；导入口径：do_not_import_missing_specs；重分类：五金备件/紧固件 -> 紧固件与连接件/螺丝；分类置信度：high；鱼尾螺丝为螺丝类紧固件。	2026-07-03
METAL-000022	角钢	规格：50*50*6；标准：国标		金属材料/型钢	米			50*50*6国标角铁	METAL-000022 角钢 原材料/型钢 米 规格：50*50*6 标准：国标 50*50*6国标角铁 50*50*6 国标			candidate	needs_review	clarify_specs_before_use	purchase_2024_candidate_rows=270；purchase_2024_source_rows=271；draft_sku_id=SKU-DRAFT-000268	缺失规格：材质；整理依据：材质牌号缺失，可能影响型钢SKU区分；导入口径：do_not_import_missing_specs；重分类：原材料/型钢 -> 金属材料/型钢；分类置信度：high；角钢/角铁属于型钢。	2026-07-03
WELD-000008	电焊钳	电流：500A		焊接切割/焊割工具	把			500A电焊钳	WELD-000008 电焊钳 焊接耗材/焊割工具 把 电流：500A 500A电焊钳 500A			candidate	usable	confirm_before_use	purchase_2024_candidate_rows=271；purchase_2024_source_rows=272；draft_sku_id=SKU-DRAFT-000269	缺失规格：品牌；整理依据：品牌缺失；导入口径：confirm_then_import；重分类：焊接耗材/焊割工具 -> 焊接切割/焊割工具；分类置信度：high；电焊钳是焊接夹持工具，旧耗材口径不准确。	2026-07-03
WELD-000009	电焊钳	电流：800A		焊接切割/焊割工具	把			800A电焊钳	WELD-000009 电焊钳 焊接耗材/焊割工具 把 电流：800A 800A电焊钳 800A			candidate	usable	confirm_before_use	purchase_2024_candidate_rows=272；purchase_2024_source_rows=273；draft_sku_id=SKU-DRAFT-000270	缺失规格：品牌；整理依据：品牌缺失；导入口径：confirm_then_import；重分类：焊接耗材/焊割工具 -> 焊接切割/焊割工具；分类置信度：high；电焊钳是焊接夹持工具，旧耗材口径不准确。	2026-07-03
ELEC-000050	电焊线	品牌：起帆；截面积：35平方		电气电料/电线电缆	米			35平方起帆电焊线	ELEC-000050 电焊线 电气材料/电线电缆 米 品牌：起帆 截面积：35平方 35平方起帆电焊线 起帆 35平方	起帆		candidate	usable	confirm_before_use	purchase_2024_candidate_rows=273；purchase_2024_source_rows=274；draft_sku_id=SKU-DRAFT-000271	缺失规格：材质；整理依据：芯数/材质缺失；导入口径：confirm_then_import；重分类：电气材料/电线电缆 -> 电气电料/电线电缆；分类置信度：high；电焊线按专用电缆线材归类。	2026-07-03
ELEC-000051	电焊线	品牌：起帆；截面积：50平方		电气电料/电线电缆	米			50平方起帆电焊线	ELEC-000051 电焊线 电气材料/电线电缆 米 品牌：起帆 截面积：50平方 50平方起帆电焊线 起帆 50平方	起帆		candidate	usable	confirm_before_use	purchase_2024_candidate_rows=274；purchase_2024_source_rows=275；draft_sku_id=SKU-DRAFT-000272	缺失规格：材质；整理依据：芯数/材质缺失；导入口径：confirm_then_import；重分类：电气材料/电线电缆 -> 电气电料/电线电缆；分类置信度：high；电焊线按专用电缆线材归类。	2026-07-03
SAFE-000014	医用胶带	类型：医用胶带		劳保防护/急救用品	卷			医用胶带	SAFE-000014 医用胶带 劳保耗材/急救用品 卷 类型：医用胶带			candidate	needs_review	clarify_specs_before_use	purchase_2024_candidate_rows=275；purchase_2024_source_rows=276；draft_sku_id=SKU-DRAFT-000273	缺失规格：长度；宽度；整理依据：宽度/长度缺失，无法区分医用胶带SKU；导入口径：do_not_import_missing_specs；重分类：劳保耗材/急救用品 -> 劳保防护/急救用品；分类置信度：medium；医用胶带用于急救包扎，不按工业胶粘材料归类。	2026-07-03
TOOL-000040	锂电角磨机	品牌：大艺；供电：锂电池		电动气动工具/电动工具	台			大艺锂电池角磨机	TOOL-000040 锂电角磨机 工具器具/电动工具 台 品牌：大艺 供电：锂电池 大艺锂电池角磨机 大艺 锂电池	大艺		candidate	needs_review	clarify_specs_before_use	purchase_2024_candidate_rows=276；purchase_2024_source_rows=277；draft_sku_id=SKU-DRAFT-000274	缺失规格：规格；容量；电压；整理依据：电压/电池容量/规格缺失，无法区分锂电角磨机SKU；导入口径：do_not_import_missing_specs；重分类：工具器具/电动工具 -> 电动气动工具/电动工具；分类置信度：high；锂电角磨机为电动工具。	2026-07-03
TOOL-000041	砂纸	粒度：600		工具耗材/磨具	张			600砂纸	TOOL-000041 砂纸 工具器具/磨切耗材 张 粒度：600 600砂纸 600			candidate	needs_review	clarify_specs_before_use	purchase_2024_candidate_rows=277；purchase_2024_source_rows=278；draft_sku_id=SKU-DRAFT-000275	缺失规格：尺寸；整理依据：尺寸缺失，可能影响砂纸SKU区分；导入口径：do_not_import_missing_specs；重分类：工具器具/磨切耗材 -> 工具耗材/磨具；分类置信度：high；砂纸为打磨耗材。	2026-07-03
TOOL-000042	砂纸	粒度：80		工具耗材/磨具	张			80砂纸	TOOL-000042 砂纸 工具器具/磨切耗材 张 粒度：80 80砂纸 80			candidate	needs_review	clarify_specs_before_use	purchase_2024_candidate_rows=278；purchase_2024_source_rows=279；draft_sku_id=SKU-DRAFT-000276	缺失规格：尺寸；整理依据：尺寸缺失，可能影响砂纸SKU区分；导入口径：do_not_import_missing_specs；重分类：工具器具/磨切耗材 -> 工具耗材/磨具；分类置信度：high；砂纸为打磨耗材。	2026-07-03
METAL-000023	钢丝绳	直径：6mm		吊装索具/钢丝绳	米			6MM钢丝绳	METAL-000023 钢丝绳 吊装索具/钢丝绳 米 直径：6mm 6MM钢丝绳 6mm			candidate	needs_review	clarify_specs_before_use	purchase_2024_candidate_rows=279；purchase_2024_source_rows=280；draft_sku_id=SKU-DRAFT-000277	缺失规格：强度等级；整理依据：结构/强度等级缺失，可能影响钢丝绳SKU区分；导入口径：do_not_import_missing_specs	2026-07-03
METAL-000024	钢丝绳卡扣	适配直径：6mm		吊装索具/钢丝绳	个			6MM钢丝绳扣子	METAL-000024 钢丝绳卡扣 吊装索具/钢丝绳配件 个 适配直径：6mm 6MM钢丝绳扣子 6mm			candidate	needs_review	clarify_specs_before_use	purchase_2024_candidate_rows=280；purchase_2024_source_rows=281；draft_sku_id=SKU-DRAFT-000278	缺失规格：材质；整理依据：材质/形式缺失，可能影响钢丝绳卡扣SKU区分；导入口径：do_not_import_missing_specs；重分类：吊装索具/钢丝绳配件 -> 吊装索具/钢丝绳；分类置信度：high；钢丝绳卡扣是钢丝绳配件，归吊装索具。	2026-07-03
PIPE-000047	卡箍丝牙接头	加工：是；规格：60；连接：一头卡箍一头丝牙；特征：加厚		定制加工件/管路接头	个			加工加厚60一头卡箍一头丝牙	PIPE-000047 卡箍丝牙接头 定制件/管路接头 个 加工：是 规格：60 连接：一头卡箍一头丝牙 特征：加厚 加工加厚60一头卡箍一头丝牙 是 60 一头卡箍一头丝牙 加厚			candidate	needs_review	clarify_specs_before_use	purchase_2024_candidate_rows=281；purchase_2024_source_rows=282；draft_sku_id=SKU-DRAFT-000279	缺失规格：材质；压力等级；整理依据：定制件图纸/材质/压力等级缺失；导入口径：do_not_import_missing_specs；重分类：定制件/管路接头 -> 定制加工件/管路接头；分类置信度：high；一头卡箍一头丝牙为定制管路接头。	2026-07-03
PIPE-000048	双头抱箍接头	加工：是；规格：60；连接：两头抱箍；特征：加厚		定制加工件/管路接头	个			加工加厚60两头抱箍	PIPE-000048 双头抱箍接头 定制件/管路接头 个 加工：是 规格：60 连接：两头抱箍 特征：加厚 加工加厚60两头抱箍 是 60 两头抱箍 加厚			candidate	needs_review	clarify_specs_before_use	purchase_2024_candidate_rows=282；purchase_2024_source_rows=283；draft_sku_id=SKU-DRAFT-000280	缺失规格：材质；压力等级；整理依据：定制件图纸/材质/压力等级缺失；导入口径：do_not_import_missing_specs；重分类：定制件/管路接头 -> 定制加工件/管路接头；分类置信度：high；两头抱箍加工件属定制管路接头。	2026-07-03
PIPE-000049	三通抱箍	加工：是；长度：1.15米；特征：加厚；类型：三通抱箍		定制加工件/管路接头	根			加工加厚1.15米三通抱箍	PIPE-000049 三通抱箍 定制件/管路接头 根 加工：是 长度：1.15米 特征：加厚 类型：三通抱箍 加工加厚1.15米三通抱箍 是 1.15米 加厚			candidate	needs_review	clarify_specs_before_use	purchase_2024_candidate_rows=283；purchase_2024_source_rows=284；draft_sku_id=SKU-DRAFT-000281	缺失规格：材质；口径；整理依据：定制件图纸/口径/材质缺失；导入口径：do_not_import_missing_specs；重分类：定制件/管路接头 -> 定制加工件/管路接头；分类置信度：high；样例标注加工三通抱箍，归定制管路接头。	2026-07-03
METAL-000025	不锈钢条	规格：65*20*1；材质：不锈钢		金属材料/型钢	条			65*20*1不锈钢条	METAL-000025 不锈钢条 原材料/不锈钢材料 条 规格：65*20*1 材质：不锈钢 65*20*1不锈钢条 65*20*1 不锈钢			candidate	needs_review	clarify_specs_before_use	purchase_2024_candidate_rows=284；purchase_2024_source_rows=285；draft_sku_id=SKU-DRAFT-000282	缺失规格：长度；整理依据：材质牌号/长度缺失，可能影响不锈钢条SKU区分；导入口径：do_not_import_missing_specs；重分类：原材料/不锈钢材料 -> 金属材料/型钢；分类置信度：medium；不锈钢条为金属型材/条材，按型钢承接。	2026-07-03
SPARE-000029	骑马螺丝	规格：14*75		紧固件与连接件/螺丝	套			14*75骑马螺丝	SPARE-000029 骑马螺丝 五金备件/紧固件 套 规格：14*75 14*75骑马螺丝 14*75			candidate	needs_review	clarify_specs_before_use	purchase_2024_candidate_rows=285；purchase_2024_source_rows=286；draft_sku_id=SKU-DRAFT-000283	缺失规格：材质；强度等级；整理依据：材质/强度等级缺失，可能影响紧固件SKU区分；导入口径：do_not_import_missing_specs；重分类：五金备件/紧固件 -> 紧固件与连接件/螺丝；分类置信度：high；骑马螺丝为螺丝类紧固件。	2026-07-03
PIPE-000050	不锈钢卡套三通	规格：6*12；材质：不锈钢；类型：三通		液压气动/液压接头	个			卡6*12不锈钢三通	PIPE-000050 不锈钢卡套三通 气动/高压管路 个 规格：6*12 材质：不锈钢 类型：三通 卡6*12不锈钢三通 6*12 不锈钢 三通			candidate	usable	confirm_before_use	purchase_2024_candidate_rows=286；purchase_2024_source_rows=287；draft_sku_id=SKU-DRAFT-000284	缺失规格：压力等级；整理依据：连接形式/压力等级缺失；导入口径：confirm_then_import；重分类：气动/高压管路 -> 液压气动/液压接头；分类置信度：medium；卡套三通用于高压管路连接，按液压接头承接。	2026-07-03
CHEM-000016	重油污清洗剂	用途：重油污清洗		化工胶粘涂料/清洗剂	KG			重油污清洗剂	CHEM-000016 重油污清洗剂 化工耗材/清洗剂 KG 用途：重油污清洗 重油污清洗			candidate	usable	confirm_before_use	purchase_2024_candidate_rows=287；purchase_2024_source_rows=288；draft_sku_id=SKU-DRAFT-000285	缺失规格：品牌；整理依据：品牌/浓度/包装缺失；导入口径：confirm_then_import；重分类：化工耗材/清洗剂 -> 化工胶粘涂料/清洗剂；分类置信度：high；重油污清洗剂是化学清洗剂，旧清洁用品口径不稳定。	2026-07-03
MAT-000025	自封袋	规格：10#		包装覆盖周转/包装袋	个			10#自封袋	MAT-000025 自封袋 包装材料/自封袋 个 规格：10# 10#自封袋 10#			active	standard	auto_select_allowed	purchase_2024_candidate_rows=288；purchase_2024_source_rows=289；draft_sku_id=SKU-DRAFT-000286	导入口径：import_ready；重分类：包装材料/自封袋 -> 包装覆盖周转/包装袋；分类置信度：high；自封袋属于包装袋。	2026-07-03
TOOL-000043	毛刷	规格：2寸		工具耗材/刷具	个			2寸毛刷	TOOL-000043 毛刷 工具器具/涂装工具 个 规格：2寸 2寸毛刷 2寸			candidate	usable	confirm_before_use	purchase_2024_candidate_rows=289；purchase_2024_source_rows=290；draft_sku_id=SKU-DRAFT-000287	缺失规格：材质；整理依据：材质缺失；同类毛刷单位需复核；导入口径：confirm_then_import；重分类：工具器具/涂装工具 -> 工具耗材/刷具；分类置信度：high；毛刷是涂装刷具耗材。	2026-07-03
ELEC-000052	电缆防水接头	规格：M50		电气电料/电气辅材	个			M50电缆防水接头	ELEC-000052 电缆防水接头 电气材料/电缆附件 个 规格：M50 M50电缆防水接头 M50			candidate	usable	confirm_before_use	purchase_2024_candidate_rows=290；purchase_2024_source_rows=291；draft_sku_id=SKU-DRAFT-000288	缺失规格：材质；整理依据：材质/IP等级缺失；导入口径：confirm_then_import；重分类：电气材料/电缆附件 -> 电气电料/电气辅材；分类置信度：high；电缆防水接头是电缆进出线附件。	2026-07-03
ELEC-000053	电缆防水接头	规格：M40		电气电料/电气辅材	个			M40电缆防水接头	ELEC-000053 电缆防水接头 电气材料/电缆附件 个 规格：M40 M40电缆防水接头 M40			candidate	usable	confirm_before_use	purchase_2024_candidate_rows=291；purchase_2024_source_rows=292；draft_sku_id=SKU-DRAFT-000289	缺失规格：材质；整理依据：材质/IP等级缺失；导入口径：confirm_then_import；重分类：电气材料/电缆附件 -> 电气电料/电气辅材；分类置信度：high；电缆防水接头是电缆进出线附件。	2026-07-03
ELEC-000054	电缆防水接头	规格：M32		电气电料/电气辅材	个			M32电缆防水接头	ELEC-000054 电缆防水接头 电气材料/电缆附件 个 规格：M32 M32电缆防水接头 M32			candidate	usable	confirm_before_use	purchase_2024_candidate_rows=292；purchase_2024_source_rows=293；draft_sku_id=SKU-DRAFT-000290	缺失规格：材质；整理依据：材质/IP等级缺失；导入口径：confirm_then_import；重分类：电气材料/电缆附件 -> 电气电料/电气辅材；分类置信度：high；电缆防水接头是电缆进出线附件。	2026-07-03
CHEM-000017	自喷漆	品牌：三和；颜色：灰色；类型：自喷漆		化工胶粘涂料/涂料	瓶			灰色三和喷漆	CHEM-000017 自喷漆 化工耗材/涂料 瓶 品牌：三和 颜色：灰色 类型：自喷漆 灰色三和喷漆 三和 灰色	三和		candidate	needs_review	clarify_specs_before_use	purchase_2024_candidate_rows=293；purchase_2024_source_rows=294；draft_sku_id=SKU-DRAFT-000291	缺失规格：容量；整理依据：容量缺失，可能影响自喷漆SKU区分；导入口径：do_not_import_missing_specs；重分类：化工耗材/涂料 -> 化工胶粘涂料/涂料；分类置信度：high；自喷漆为涂料类化工材料。	2026-07-03
CHEM-000018	自喷漆	品牌：三和；颜色：黑色；类型：自喷漆		化工胶粘涂料/涂料	瓶			黑色三和喷漆	CHEM-000018 自喷漆 化工耗材/涂料 瓶 品牌：三和 颜色：黑色 类型：自喷漆 黑色三和喷漆 三和 黑色	三和		candidate	needs_review	clarify_specs_before_use	purchase_2024_candidate_rows=294；purchase_2024_source_rows=295；draft_sku_id=SKU-DRAFT-000292	缺失规格：容量；整理依据：容量缺失，可能影响自喷漆SKU区分；导入口径：do_not_import_missing_specs；重分类：化工耗材/涂料 -> 化工胶粘涂料/涂料；分类置信度：high；自喷漆为涂料类化工材料。	2026-07-03
CHEM-000019	脱漆剂	类型：高效脱漆剂		化工胶粘涂料/清洗剂	瓶			高效脱漆剂	CHEM-000019 脱漆剂 化工耗材/清洗剂 瓶 类型：高效脱漆剂 高效脱漆剂			candidate	needs_review	clarify_specs_before_use	purchase_2024_candidate_rows=295；purchase_2024_source_rows=296；draft_sku_id=SKU-DRAFT-000293	缺失规格：品牌；容量；整理依据：品牌/容量/成分缺失，无法区分脱漆剂SKU；导入口径：do_not_import_missing_specs；重分类：化工耗材/清洗剂 -> 化工胶粘涂料/清洗剂；分类置信度：high；脱漆剂用于漆膜清除，按化工清洗剂处理。	2026-07-03
HW-LOCK-000008	门锁	用途：大门		清洁办公后勤/门窗五金	把			大门锁	HW-LOCK-000008 门锁 五金备件/锁具 把 用途：大门 大门锁 大门			candidate	needs_review	clarify_specs_before_use	purchase_2024_candidate_rows=296；purchase_2024_source_rows=297；draft_sku_id=SKU-DRAFT-000294	缺失规格：规格；整理依据：规格/锁体类型缺失，无法区分门锁SKU；导入口径：do_not_import_missing_specs；重分类：五金备件/锁具 -> 清洁办公后勤/门窗五金；分类置信度：high；门锁为门窗锁具五金，旧五金备件过泛。	2026-07-03
CHEM-000020	电力清洗剂	用途：电力设备清洗		化工胶粘涂料/清洗剂	KG			电力清洗剂	CHEM-000020 电力清洗剂 化工耗材/清洗剂 KG 用途：电力设备清洗 电力设备清洗			candidate	needs_review	clarify_specs_before_use	purchase_2024_candidate_rows=297；purchase_2024_source_rows=298；draft_sku_id=SKU-DRAFT-000295	缺失规格：品牌；整理依据：品牌/绝缘等级/包装缺失，可能影响电力清洗剂SKU区分；导入口径：do_not_import_missing_specs；重分类：化工耗材/清洗剂 -> 化工胶粘涂料/清洗剂；分类置信度：high；电力设备清洗剂属于化工清洗剂。	2026-07-03
CHEM-000021	多点黄油泵	容量：8升；出口数：4出口		施工机具设备/泵类设备	台			8升4出口多点黄油泵	CHEM-000021 多点黄油泵 润滑系统/油脂泵 台 容量：8升 出口数：4出口 8升4出口多点黄油泵 8升 4出口			candidate	needs_review	clarify_specs_before_use	purchase_2024_candidate_rows=298；purchase_2024_source_rows=299；draft_sku_id=SKU-DRAFT-000296	缺失规格：品牌；电压；整理依据：电压/驱动方式/品牌缺失，可能影响油脂泵SKU区分；导入口径：do_not_import_missing_specs；重分类：润滑系统/油脂泵 -> 施工机具设备/泵类设备；分类置信度：medium；黄油泵是润滑加注设备，不是润滑剂本身。	2026-07-03
CHEM-000022	AB胶	品牌/型号：卡夹特；类型：AB胶		化工胶粘涂料/胶粘剂	套			卡夹特AB胶	CHEM-000022 AB胶 化工耗材/胶粘剂 套 品牌/型号：卡夹特 类型：AB胶 卡夹特AB胶 卡夹特			candidate	needs_review	clarify_specs_before_use	purchase_2024_candidate_rows=299；purchase_2024_source_rows=300；draft_sku_id=SKU-DRAFT-000297	缺失规格：容量；整理依据：包装容量/配比缺失，可能影响AB胶SKU区分；导入口径：do_not_import_missing_specs；重分类：化工耗材/胶粘剂 -> 化工胶粘涂料/胶粘剂；分类置信度：high；AB胶属于结构胶粘剂；旧“化工耗材”不作为标准分类。	2026-07-03
MAT-000026	气泡膜	特征：加厚		包装覆盖周转/缓冲包装	米			加厚气泡膜	MAT-000026 气泡膜 包装材料/缓冲包装 米 特征：加厚 加厚气泡膜 加厚			candidate	needs_review	clarify_specs_before_use	purchase_2024_candidate_rows=300；purchase_2024_source_rows=301；draft_sku_id=SKU-DRAFT-000298	缺失规格：宽度；厚度；整理依据：宽度/厚度缺失，无法区分气泡膜SKU；导入口径：do_not_import_missing_specs；重分类：包装材料/缓冲包装 -> 包装覆盖周转/缓冲包装；分类置信度：high；气泡膜是缓冲包装材料；新建二级缓冲包装。	2026-07-03
METAL-000026	不锈钢数字牌	定制：是；材质：不锈钢；尺寸：20cm		定制加工件/标识铭牌	个			定做不锈钢数字牌20cm	METAL-000026 不锈钢数字牌 定制件/标识铭牌 个 定制：是 材质：不锈钢 尺寸：20cm 定做不锈钢数字牌20cm 是 不锈钢 20cm			candidate	needs_review	clarify_specs_before_use	purchase_2024_candidate_rows=301；purchase_2024_source_rows=302；draft_sku_id=SKU-DRAFT-000299	缺失规格：厚度；整理依据：字号内容/厚度缺失，影响定制数字牌SKU区分；导入口径：do_not_import_missing_specs；重分类：定制件/标识铭牌 -> 定制加工件/标识铭牌；分类置信度：high；数字牌用于标识，含定制铭牌口径，归标识铭牌。	2026-07-03
PIPE-000051	高压弯头	定制：是；规格：6x1.5；类型：弯头		定制加工件/管路接头	个			定做 6x1.5高压弯头	PIPE-000051 高压弯头 定制件/液压接头 个 定制：是 规格：6x1.5 类型：弯头 定做 6x1.5高压弯头 是 6x1.5 弯头			candidate	needs_review	clarify_specs_before_use	purchase_2024_candidate_rows=302；purchase_2024_source_rows=303；draft_sku_id=SKU-DRAFT-000300	缺失规格：压力等级；整理依据：螺纹/角度/压力等级缺失，影响液压接头SKU区分；导入口径：do_not_import_missing_specs；重分类：定制件/液压接头 -> 定制加工件/管路接头；分类置信度：medium；样例多为定做高压弯头，本质为非标管路接头。	2026-07-03
PIPE-000052	高压弯头	定制：是；规格：10x1.5；类型：弯头		定制加工件/管路接头	个			定做 10x1.5高压弯头	PIPE-000052 高压弯头 定制件/液压接头 个 定制：是 规格：10x1.5 类型：弯头 定做 10x1.5高压弯头 是 10x1.5 弯头			candidate	needs_review	clarify_specs_before_use	purchase_2024_candidate_rows=303；purchase_2024_source_rows=304；draft_sku_id=SKU-DRAFT-000301	缺失规格：压力等级；整理依据：螺纹/角度/压力等级缺失，影响液压接头SKU区分；导入口径：do_not_import_missing_specs；重分类：定制件/液压接头 -> 定制加工件/管路接头；分类置信度：medium；样例多为定做高压弯头，本质为非标管路接头。	2026-07-03
PIPE-000053	高压弯头	定制：是；规格：13x1.5；类型：弯头		定制加工件/管路接头	个			定做 13x1.5高压弯头	PIPE-000053 高压弯头 定制件/液压接头 个 定制：是 规格：13x1.5 类型：弯头 定做 13x1.5高压弯头 是 13x1.5 弯头			candidate	needs_review	clarify_specs_before_use	purchase_2024_candidate_rows=304；purchase_2024_source_rows=305；draft_sku_id=SKU-DRAFT-000302	缺失规格：压力等级；整理依据：螺纹/角度/压力等级缺失，影响液压接头SKU区分；导入口径：do_not_import_missing_specs；重分类：定制件/液压接头 -> 定制加工件/管路接头；分类置信度：medium；样例多为定做高压弯头，本质为非标管路接头。	2026-07-03
PIPE-000054	高压弯头	定制：是；规格：16x1.5；类型：弯头		定制加工件/管路接头	个			定做 16x1.5高压弯头	PIPE-000054 高压弯头 定制件/液压接头 个 定制：是 规格：16x1.5 类型：弯头 定做 16x1.5高压弯头 是 16x1.5 弯头			candidate	needs_review	clarify_specs_before_use	purchase_2024_candidate_rows=305；purchase_2024_source_rows=306；draft_sku_id=SKU-DRAFT-000303	缺失规格：压力等级；整理依据：螺纹/角度/压力等级缺失，影响液压接头SKU区分；导入口径：do_not_import_missing_specs；重分类：定制件/液压接头 -> 定制加工件/管路接头；分类置信度：medium；样例多为定做高压弯头，本质为非标管路接头。	2026-07-03
PIPE-000055	高压弯头	定制：是；规格：19x1.5；类型：弯头		定制加工件/管路接头	个			定做 19x1.5高压弯头	PIPE-000055 高压弯头 定制件/液压接头 个 定制：是 规格：19x1.5 类型：弯头 定做 19x1.5高压弯头 是 19x1.5 弯头			candidate	needs_review	clarify_specs_before_use	purchase_2024_candidate_rows=306；purchase_2024_source_rows=307；draft_sku_id=SKU-DRAFT-000304	缺失规格：压力等级；整理依据：螺纹/角度/压力等级缺失，影响液压接头SKU区分；导入口径：do_not_import_missing_specs；重分类：定制件/液压接头 -> 定制加工件/管路接头；分类置信度：medium；样例多为定做高压弯头，本质为非标管路接头。	2026-07-03
PIPE-000056	高压弯头	定制：是；规格：25x1.5；类型：弯头		定制加工件/管路接头	个			定做 25x1.5高压弯头	PIPE-000056 高压弯头 定制件/液压接头 个 定制：是 规格：25x1.5 类型：弯头 定做 25x1.5高压弯头 是 25x1.5 弯头			candidate	needs_review	clarify_specs_before_use	purchase_2024_candidate_rows=307；purchase_2024_source_rows=308；draft_sku_id=SKU-DRAFT-000305	缺失规格：压力等级；整理依据：螺纹/角度/压力等级缺失，影响液压接头SKU区分；导入口径：do_not_import_missing_specs；重分类：定制件/液压接头 -> 定制加工件/管路接头；分类置信度：medium；样例多为定做高压弯头，本质为非标管路接头。	2026-07-03
PIPE-000057	高压弯头	定制：是；规格：32x1.5；类型：弯头		定制加工件/管路接头	个			定做 32x1.5高压弯头	PIPE-000057 高压弯头 定制件/液压接头 个 定制：是 规格：32x1.5 类型：弯头 定做 32x1.5高压弯头 是 32x1.5 弯头			candidate	needs_review	clarify_specs_before_use	purchase_2024_candidate_rows=308；purchase_2024_source_rows=309；draft_sku_id=SKU-DRAFT-000306	缺失规格：压力等级；整理依据：螺纹/角度/压力等级缺失，影响液压接头SKU区分；导入口径：do_not_import_missing_specs；重分类：定制件/液压接头 -> 定制加工件/管路接头；分类置信度：medium；样例多为定做高压弯头，本质为非标管路接头。	2026-07-03
PIPE-000058	高压弯头	定制：是；规格：38x1.5；类型：弯头		定制加工件/管路接头	个			定做 38x1.5高压弯头	PIPE-000058 高压弯头 定制件/液压接头 个 定制：是 规格：38x1.5 类型：弯头 定做 38x1.5高压弯头 是 38x1.5 弯头			candidate	needs_review	clarify_specs_before_use	purchase_2024_candidate_rows=309；purchase_2024_source_rows=310；draft_sku_id=SKU-DRAFT-000307	缺失规格：压力等级；整理依据：螺纹/角度/压力等级缺失，影响液压接头SKU区分；导入口径：do_not_import_missing_specs；重分类：定制件/液压接头 -> 定制加工件/管路接头；分类置信度：medium；样例多为定做高压弯头，本质为非标管路接头。	2026-07-03
MAT-000027	保鲜膜	规格：大卷		包装覆盖周转/覆盖材料	件			保鲜膜大卷	MAT-000027 保鲜膜 包装材料/薄膜 件 规格：大卷 保鲜膜大卷 大卷			candidate	needs_review	clarify_specs_before_use	purchase_2024_candidate_rows=310；purchase_2024_source_rows=311；draft_sku_id=SKU-DRAFT-000308	缺失规格：长度；宽度；厚度；整理依据：宽度/长度/厚度缺失，无法区分大卷保鲜膜SKU；导入口径：do_not_import_missing_specs；重分类：包装材料/薄膜 -> 包装覆盖周转/覆盖材料；分类置信度：medium；保鲜膜为薄膜覆盖/包装材料，按覆盖材料承接。	2026-07-03
CHEM-000023	调和漆	颜色：黄色；类型：调和漆		化工胶粘涂料/涂料	桶			黄色调和漆	CHEM-000023 调和漆 化工耗材/涂料 桶 颜色：黄色 类型：调和漆 黄色调和漆 黄色			candidate	needs_review	clarify_specs_before_use	purchase_2024_candidate_rows=311；purchase_2024_source_rows=312；draft_sku_id=SKU-DRAFT-000309	缺失规格：品牌；包装重量；整理依据：包装重量/品牌缺失，影响涂料SKU区分；原提示提及可与历史同物料合并；导入口径：do_not_import_missing_specs；重分类：化工耗材/涂料 -> 化工胶粘涂料/涂料；分类置信度：high；调和漆属于涂料。	2026-07-03
CHEM-000024	调和漆	颜色：铁红；类型：调和漆		化工胶粘涂料/涂料	桶			铁红调和漆	CHEM-000024 调和漆 化工耗材/涂料 桶 颜色：铁红 类型：调和漆 铁红调和漆 铁红			candidate	needs_review	clarify_specs_before_use	purchase_2024_candidate_rows=312；purchase_2024_source_rows=313；draft_sku_id=SKU-DRAFT-000310	缺失规格：品牌；包装重量；整理依据：包装重量/品牌缺失，影响涂料SKU区分；导入口径：do_not_import_missing_specs；重分类：化工耗材/涂料 -> 化工胶粘涂料/涂料；分类置信度：high；调和漆属于涂料。	2026-07-03
PIPE-000059	高压卡箍双丝牙接头	定制：是；规格：52；特征：高压加厚；连接：卡箍+双丝牙		定制加工件/管路接头	个			定做高压加厚52米卡箍双丝牙	PIPE-000059 高压卡箍双丝牙接头 定制件/管路接头 个 定制：是 规格：52 特征：高压加厚 连接：卡箍+双丝牙 定做高压加厚52米卡箍双丝牙 是 52 高压加厚 卡箍+双丝牙			candidate	needs_review	clarify_specs_before_use	purchase_2024_candidate_rows=313；purchase_2024_source_rows=314；draft_sku_id=SKU-DRAFT-000311	缺失规格：材质；整理依据：别名“52米”疑似52mm；图纸/材质缺失，需复核规格单位；导入口径：do_not_import_missing_specs；重分类：定制件/管路接头 -> 定制加工件/管路接头；分类置信度：high；定制卡箍双丝牙高压接头属管路接头加工件。	2026-07-03
CHEM-000025	玻璃胶	颜色：白色		化工胶粘涂料/密封材料	支			白色玻璃胶	CHEM-000025 玻璃胶 化工耗材/胶粘剂 支 颜色：白色 白色玻璃胶 白色			candidate	needs_review	clarify_specs_before_use	purchase_2024_candidate_rows=314；purchase_2024_source_rows=315；draft_sku_id=SKU-DRAFT-000312	缺失规格：品牌；容量；整理依据：容量/品牌/酸性或中性缺失，影响玻璃胶SKU区分；导入口径：do_not_import_missing_specs；重分类：化工耗材/胶粘剂 -> 化工胶粘涂料/密封材料；分类置信度：high；玻璃胶主要用于接缝密封，化工耗材旧口径并入标准类目。	2026-07-03
CHEM-000026	588密封胶	型号：588		化工胶粘涂料/密封材料	支			588胶	CHEM-000026 588密封胶 化工耗材/胶粘剂 支 型号：588 588胶 588		588	candidate	usable	confirm_before_use	purchase_2024_candidate_rows=315；purchase_2024_source_rows=316；draft_sku_id=SKU-DRAFT-000313	缺失规格：品牌；容量；颜色；整理依据：品牌/颜色/容量缺失，按588密封胶型号候选；导入口径：confirm_then_import；重分类：化工耗材/胶粘剂 -> 化工胶粘涂料/密封材料；分类置信度：high；588胶用于密封粘接，应归密封材料；旧胶粘剂口径偏粗。	2026-07-03
ADMIN-000011	记号笔	颜色：白色		清洁办公后勤/办公用品	支			白色记号笔	ADMIN-000011 记号笔 办公/标识耗材 支 颜色：白色 白色记号笔 白色			candidate	usable	confirm_before_use	purchase_2024_candidate_rows=316；purchase_2024_source_rows=317；draft_sku_id=SKU-DRAFT-000314	缺失规格：品牌；整理依据：品牌缺失，按白色记号笔候选并保留合并提示；导入口径：confirm_then_import；重分类：办公/标识耗材 -> 清洁办公后勤/办公用品；分类置信度：high；记号笔为办公书写用品，耗材低耗不作分类。	2026-07-03
SPARE-000030	轴承钢钢套	定制：是；材质：轴承钢；特征：加厚		定制加工件/金属加工件	套			定做加厚轴承钢钢套	SPARE-000030 轴承钢钢套 定制件/金属加工件 套 定制：是 材质：轴承钢 特征：加厚 定做加厚轴承钢钢套 是 轴承钢 加厚			candidate	needs_review	clarify_specs_before_use	purchase_2024_candidate_rows=317；purchase_2024_source_rows=318；draft_sku_id=SKU-DRAFT-000315	缺失规格：尺寸；整理依据：图纸/尺寸/热处理要求缺失，无法唯一确定定制钢套SKU；导入口径：do_not_import_missing_specs；重分类：定制件/金属加工件 -> 定制加工件/金属加工件；分类置信度：high；定做轴承钢钢套为非标金属加工件。	2026-07-03
METAL-000027	方钢	规格：40*80；特征：加厚		金属材料/型钢	米			40*80加厚方钢	METAL-000027 方钢 原材料/型钢 米 规格：40*80 特征：加厚 40*80加厚方钢 40*80 加厚			candidate	needs_review	clarify_specs_before_use	purchase_2024_candidate_rows=318；purchase_2024_source_rows=319；draft_sku_id=SKU-DRAFT-000316	缺失规格：材质；壁厚；整理依据：壁厚/材质缺失，且“加厚”不足以区分型钢SKU；导入口径：do_not_import_missing_specs；重分类：原材料/型钢 -> 金属材料/型钢；分类置信度：high；方钢是型钢原材料。	2026-07-03
PIPE-000060	内外四方接头	加工：是；类型：内外四方接头		定制加工件/管路接头	个			加工内外四方接头	PIPE-000060 内外四方接头 定制件/管路接头 个 加工：是 类型：内外四方接头 加工内外四方接头 是			candidate	needs_review	clarify_specs_before_use	purchase_2024_candidate_rows=319；purchase_2024_source_rows=320；draft_sku_id=SKU-DRAFT-000317	缺失规格：规格；材质；整理依据：图纸/规格/材质缺失，无法唯一确定定制接头SKU；导入口径：do_not_import_missing_specs；重分类：定制件/管路接头 -> 定制加工件/管路接头；分类置信度：high；样例标注加工内外四方接头，归定制管路接头。	2026-07-03
METAL-000028	不锈钢标志牌	定制：是；材质：不锈钢		定制加工件/标识铭牌	块			定做不锈钢标志牌	METAL-000028 不锈钢标志牌 定制件/标识铭牌 块 定制：是 材质：不锈钢 定做不锈钢标志牌 是 不锈钢			candidate	needs_review	clarify_specs_before_use	purchase_2024_candidate_rows=320；purchase_2024_source_rows=321；draft_sku_id=SKU-DRAFT-000318	缺失规格：尺寸；厚度；整理依据：尺寸/内容/厚度缺失，影响定制标志牌SKU区分；导入口径：do_not_import_missing_specs；重分类：定制件/标识铭牌 -> 定制加工件/标识铭牌；分类置信度：high；定做不锈钢标志牌属于标识铭牌。	2026-07-03
METAL-000029	不锈钢铭牌	定制：是；尺寸：250*180；材质：不锈钢		定制加工件/标识铭牌	块			定做250*180不锈钢铭牌	METAL-000029 不锈钢铭牌 定制件/标识铭牌 块 定制：是 尺寸：250*180 材质：不锈钢 定做250*180不锈钢铭牌 是 250*180 不锈钢			candidate	needs_review	clarify_specs_before_use	purchase_2024_candidate_rows=321；purchase_2024_source_rows=322；draft_sku_id=SKU-DRAFT-000319	缺失规格：厚度；整理依据：厚度/内容/表面工艺缺失，影响定制铭牌SKU区分；导入口径：do_not_import_missing_specs；重分类：定制件/标识铭牌 -> 定制加工件/标识铭牌；分类置信度：high；定做不锈钢铭牌属于标识铭牌。	2026-07-03
SAFE-000015	五点式安全带	类型：五点式；款式：欧式		劳保防护/高处防护	套			五点式欧式安全带	SAFE-000015 五点式安全带 劳保耗材/坠落防护 套 类型：五点式 款式：欧式 五点式欧式安全带 五点式 欧式			candidate	usable	confirm_before_use	purchase_2024_candidate_rows=322；purchase_2024_source_rows=323；draft_sku_id=SKU-DRAFT-000320	缺失规格：执行标准；整理依据：执行标准/承载等级缺失，按欧式五点安全带候选；导入口径：confirm_then_import；重分类：劳保耗材/坠落防护 -> 劳保防护/高处防护；分类置信度：high；五点式安全带是人员高处防坠防护用品。	2026-07-03
SPARE-000031	内六角螺丝	规格：10*40；类型：内六角		紧固件与连接件/螺丝	套			10*40内六角	SPARE-000031 内六角螺丝 五金备件/紧固件 套 规格：10*40 类型：内六角 10*40内六角 10*40 内六角			candidate	needs_review	clarify_specs_before_use	purchase_2024_candidate_rows=323；purchase_2024_source_rows=324；draft_sku_id=SKU-DRAFT-000321	缺失规格：材质；强度等级；整理依据：材质/强度等级缺失，影响紧固件SKU区分；导入口径：do_not_import_missing_specs；重分类：五金备件/紧固件 -> 紧固件与连接件/螺丝；分类置信度：high；样例均为内六角螺丝，旧五金备件需归紧固件。	2026-07-03
SPARE-000032	内六角螺丝	规格：16*50；类型：内六角		紧固件与连接件/螺丝	套			16*50内六角	SPARE-000032 内六角螺丝 五金备件/紧固件 套 规格：16*50 类型：内六角 16*50内六角 16*50 内六角			candidate	needs_review	clarify_specs_before_use	purchase_2024_candidate_rows=324；purchase_2024_source_rows=325；draft_sku_id=SKU-DRAFT-000322	缺失规格：材质；强度等级；整理依据：材质/强度等级缺失，影响紧固件SKU区分；导入口径：do_not_import_missing_specs；重分类：五金备件/紧固件 -> 紧固件与连接件/螺丝；分类置信度：high；样例均为内六角螺丝，旧五金备件需归紧固件。	2026-07-03
SPARE-000033	刮泥板	定制：是；类型：刮泥板		定制加工件/图纸件	块			定做刮泥板	SPARE-000033 刮泥板 定制件/设备备件 块 定制：是 类型：刮泥板 定做刮泥板 是			candidate	needs_review	clarify_specs_before_use	purchase_2024_candidate_rows=325；purchase_2024_source_rows=326；draft_sku_id=SKU-DRAFT-000323	缺失规格：材质；适用设备；整理依据：图纸/材质/适用设备缺失，无法唯一确定定制刮泥板SKU；导入口径：do_not_import_missing_specs；重分类：定制件/设备备件 -> 定制加工件/图纸件；分类置信度：medium；样例标注定做刮泥板，按非标图纸件；旧设备备件只反映用途。	2026-07-03
MAT-000028	挂壁风扇	控制：遥控；安装：挂壁		清洁办公后勤/生活用品	台			遥控挂壁风扇	MAT-000028 挂壁风扇 设备/通用电器 台 控制：遥控 安装：挂壁 遥控挂壁风扇 遥控 挂壁			candidate	needs_review	clarify_specs_before_use	purchase_2024_candidate_rows=326；purchase_2024_source_rows=327；draft_sku_id=SKU-DRAFT-000324	缺失规格：品牌；尺寸；功率；整理依据：功率/尺寸/品牌缺失，影响风扇SKU区分；导入口径：do_not_import_missing_specs；重分类：设备/通用电器 -> 清洁办公后勤/生活用品；分类置信度：medium；挂壁风扇用于现场后勤生活，旧通用设备过宽。	2026-07-03
ELEC-000055	五孔插座	类型：五孔插座		电气电料/插头插座	套			五孔插座	ELEC-000055 五孔插座 电气材料/插头插座 套 类型：五孔插座			candidate	usable	confirm_before_use	purchase_2024_candidate_rows=327；purchase_2024_source_rows=328；draft_sku_id=SKU-DRAFT-000325	缺失规格：品牌；电流；整理依据：明装/暗装/电流/品牌缺失，按五孔插座候选；导入口径：confirm_then_import；重分类：电气材料/插头插座 -> 电气电料/插头插座；分类置信度：high；五孔插座属于插头插座类电气材料。	2026-07-03
ELEC-000056	插座底盒	类型：插座底盒		电气电料/电气辅材	个			插座底合	ELEC-000056 插座底盒 电气材料/插头插座 个 类型：插座底盒 插座底合			candidate	needs_review	clarify_specs_before_use	purchase_2024_candidate_rows=328；purchase_2024_source_rows=329；draft_sku_id=SKU-DRAFT-000326	缺失规格：规格；整理依据：别名“底合”规范为底盒；规格缺失，影响底盒SKU区分；导入口径：do_not_import_missing_specs；重分类：电气材料/插头插座 -> 电气电料/电气辅材；分类置信度：high；底盒是插座安装辅材，不是插座本体。	2026-07-03
ELEC-000057	电线	品牌：起帆；截面积：4平方		电气电料/电线电缆	米			4平方起帆平方电线	ELEC-000057 电线 电气材料/电线电缆 米 品牌：起帆 截面积：4平方 4平方起帆平方电线 起帆 4平方	起帆		candidate	needs_review	clarify_specs_before_use	purchase_2024_candidate_rows=329；purchase_2024_source_rows=330；draft_sku_id=SKU-DRAFT-000327	缺失规格：颜色；整理依据：线型/颜色/芯数缺失，影响电线SKU区分；导入口径：do_not_import_missing_specs；重分类：电气材料/电线电缆 -> 电气电料/电线电缆；分类置信度：high；样例均为起帆不同截面积电线。	2026-07-03
TOOL-000044	高压水枪	材质：金属；类型：高压水枪		工具量具/手动工具	支			金属高压水枪	TOOL-000044 高压水枪 工具器具/清洗工具 支 材质：金属 类型：高压水枪 金属高压水枪 金属			candidate	needs_review	clarify_specs_before_use	purchase_2024_candidate_rows=330；purchase_2024_source_rows=331；draft_sku_id=SKU-DRAFT-000328	缺失规格：规格；整理依据：压力/接口规格缺失，影响高压水枪SKU区分；导入口径：do_not_import_missing_specs；重分类：工具器具/清洗工具 -> 工具量具/手动工具；分类置信度：medium；高压水枪是手持清洗工具，旧清洗工具可归手动工具。	2026-07-03
TOOL-000045	切割片	品牌：金立克		工具耗材/切割片	片			金立克切割片	TOOL-000045 切割片 工具器具/磨切耗材 片 品牌：金立克 金立克切割片 金立克	金立克		candidate	needs_review	clarify_specs_before_use	purchase_2024_candidate_rows=331；purchase_2024_source_rows=332；draft_sku_id=SKU-DRAFT-000329	缺失规格：规格；材质；厚度；整理依据：规格/材质/厚度缺失，影响切割片SKU区分；导入口径：do_not_import_missing_specs；重分类：工具器具/磨切耗材 -> 工具耗材/切割片；分类置信度：high；切割片属于磨切类工具耗材。	2026-07-03
PIPE-000061	无缝管	规格：325；壁厚：14		金属材料/钢管	米			325无缝管&14	PIPE-000061 无缝管 原材料/钢管 米 规格：325 壁厚：14 325无缝管&14 325 14			candidate	usable	confirm_before_use	purchase_2024_candidate_rows=332；purchase_2024_source_rows=333；draft_sku_id=SKU-DRAFT-000330	缺失规格：材质；执行标准；整理依据：材质/执行标准缺失，按规格和壁厚候选；原别名符号已保留；导入口径：confirm_then_import；重分类：原材料/钢管 -> 金属材料/钢管；分类置信度：high；无缝管按钢管原材料归类。	2026-07-03
PIPE-000062	焊接弯头	规格：325*8；特征：加厚；连接：焊接		管材管件阀门/弯头	个			加厚325*8焊接弯头	PIPE-000062 焊接弯头 工程材料/管件 个 规格：325*8 特征：加厚 连接：焊接 加厚325*8焊接弯头 325*8 加厚 焊接			candidate	needs_review	clarify_specs_before_use	purchase_2024_candidate_rows=333；purchase_2024_source_rows=334；draft_sku_id=SKU-DRAFT-000331	缺失规格：材质；压力等级；整理依据：材质/角度/压力等级缺失，影响管件SKU区分；导入口径：do_not_import_missing_specs；重分类：工程材料/管件 -> 管材管件阀门/弯头；分类置信度：high；样例均为焊接弯头，工程材料旧类目过宽。	2026-07-03
PIPE-000063	抱箍钢卡	规格：325；特征：加厚；材质：钢		紧固件与连接件/管卡	个			加厚325抱箍钢卡	PIPE-000063 抱箍钢卡 工程材料/管道紧固 个 规格：325 特征：加厚 材质：钢 加厚325抱箍钢卡 325 加厚 钢			candidate	usable	confirm_before_use	purchase_2024_candidate_rows=334；purchase_2024_source_rows=335；draft_sku_id=SKU-DRAFT-000332	缺失规格：表面处理；整理依据：表面处理/标准缺失，按325加厚钢抱箍候选；导入口径：confirm_then_import；重分类：工程材料/管道紧固 -> 紧固件与连接件/管卡；分类置信度：high；钢卡抱箍用于管道固定，旧工程材料过宽。	2026-07-03
PIPE-000064	卡槽钢圈接头	定制：是；规格：325；类型：卡槽钢圈接头		定制加工件/管路接头	个			定做325卡槽钢圈接头	PIPE-000064 卡槽钢圈接头 定制件/管路接头 个 定制：是 规格：325 类型：卡槽钢圈接头 定做325卡槽钢圈接头 是 325			candidate	needs_review	clarify_specs_before_use	purchase_2024_candidate_rows=335；purchase_2024_source_rows=336；draft_sku_id=SKU-DRAFT-000333	缺失规格：材质；压力等级；整理依据：图纸/材质/压力等级缺失，无法唯一确定定制接头SKU；导入口径：do_not_import_missing_specs；重分类：定制件/管路接头 -> 定制加工件/管路接头；分类置信度：high；定做卡槽钢圈接头属非标管路接头。	2026-07-03
METAL-000030	花纹钢板	厚度：3mm；类型：花纹钢板		金属材料/钢板	平方			3MM花纹钢板	METAL-000030 花纹钢板 原材料/钢板 平方 厚度：3mm 类型：花纹钢板 3MM花纹钢板 3mm			candidate	usable	confirm_before_use	purchase_2024_candidate_rows=336；purchase_2024_source_rows=337；draft_sku_id=SKU-DRAFT-000334	缺失规格：材质；整理依据：材质缺失；按平方米计量时长宽可作为采购裁切信息复核；导入口径：confirm_then_import；重分类：原材料/钢板 -> 金属材料/钢板；分类置信度：high；花纹钢板属于钢板原材。	2026-07-03
METAL-000031	槽钢	规格：100#；标准：国标		金属材料/型钢	米			100#国标槽钢	METAL-000031 槽钢 原材料/型钢 米 规格：100# 标准：国标 100#国标槽钢 100# 国标			candidate	usable	confirm_before_use	purchase_2024_candidate_rows=337；purchase_2024_source_rows=338；draft_sku_id=SKU-DRAFT-000335	缺失规格：材质；整理依据：材质牌号缺失，按100#国标槽钢候选；导入口径：confirm_then_import；重分类：原材料/型钢 -> 金属材料/型钢；分类置信度：high；槽钢是标准型钢。	2026-07-03
SPARE-000034	螺丝	规格：M20*120		紧固件与连接件/螺丝	个			M20*120螺丝	SPARE-000034 螺丝 五金备件/紧固件 个 规格：M20*120 M20*120螺丝 M20*120			candidate	needs_review	clarify_specs_before_use	purchase_2024_candidate_rows=338；purchase_2024_source_rows=339；draft_sku_id=SKU-DRAFT-000336	缺失规格：材质；强度等级；整理依据：材质/强度等级缺失，影响紧固件SKU区分；导入口径：do_not_import_missing_specs；重分类：五金备件/紧固件 -> 紧固件与连接件/螺丝；分类置信度：high；样例均为各规格螺丝，五金备件旧口径过宽。	2026-07-03
SPARE-000035	钢板加工件	加工：是；尺寸：300*270*16		定制加工件/金属加工件	块			加工300*270*16钢板	SPARE-000035 钢板加工件 定制件/金属加工件 块 加工：是 尺寸：300*270*16 加工300*270*16钢板 是 300*270*16			candidate	needs_review	clarify_specs_before_use	purchase_2024_candidate_rows=339；purchase_2024_source_rows=340；draft_sku_id=SKU-DRAFT-000337	缺失规格：材质；整理依据：材质/图纸/孔位缺失，无法唯一确定加工件SKU；导入口径：do_not_import_missing_specs；重分类：定制件/金属加工件 -> 定制加工件/金属加工件；分类置信度：high；加工钢板按非标金属加工件处理。	2026-07-03
SPARE-000036	夹板加工件	加工：是；尺寸：94*33*3		定制加工件/金属加工件	块			加工94*33*3夹板	SPARE-000036 夹板加工件 定制件/金属加工件 块 加工：是 尺寸：94*33*3 加工94*33*3夹板 是 94*33*3			candidate	needs_review	clarify_specs_before_use	purchase_2024_candidate_rows=340；purchase_2024_source_rows=341；draft_sku_id=SKU-DRAFT-000338	缺失规格：材质；整理依据：材质/图纸缺失，无法唯一确定加工件SKU；导入口径：do_not_import_missing_specs；重分类：定制件/金属加工件 -> 定制加工件/金属加工件；分类置信度：high；按尺寸加工的金属夹板。	2026-07-03
ELEC-000058	热缩管	规格：30		电气电料/绝缘材料	米			30热缩管	ELEC-000058 热缩管 电气材料/电缆附件 米 规格：30 30热缩管 30			candidate	needs_review	clarify_specs_before_use	purchase_2024_candidate_rows=341；purchase_2024_source_rows=342；draft_sku_id=SKU-DRAFT-000339	缺失规格：口径；颜色；整理依据：原规格未说明单位/口径；收缩倍率/颜色缺失，影响热缩管SKU区分；导入口径：do_not_import_missing_specs；重分类：电气材料/电缆附件 -> 电气电料/绝缘材料；分类置信度：high；热缩管属于电缆绝缘材料。	2026-07-03
ELEC-000059	五孔插座面板	类型：五孔面板		电气电料/插头插座	个			五孔面板	ELEC-000059 五孔插座面板 电气材料/插头插座 个 类型：五孔面板 五孔面板			candidate	usable	confirm_before_use	purchase_2024_candidate_rows=342；purchase_2024_source_rows=343；draft_sku_id=SKU-DRAFT-000340	缺失规格：品牌；电流；整理依据：品牌/明暗装/电流缺失，按五孔面板候选；导入口径：confirm_then_import；重分类：电气材料/插头插座 -> 电气电料/插头插座；分类置信度：high；五孔插座面板属于插头插座类电气材料。	2026-07-03
WELD-000010	铜导电嘴	材质：铜；规格：45*12		焊接切割/焊接耗材	个			铜导电嘴45*12	WELD-000010 铜导电嘴 焊接耗材/焊机配件 个 材质：铜 规格：45*12 铜导电嘴45*12 铜 45*12			candidate	needs_review	clarify_specs_before_use	purchase_2024_candidate_rows=343；purchase_2024_source_rows=344；draft_sku_id=SKU-DRAFT-000341	缺失规格：型号；包装重量；适用工艺；整理依据：适配焊枪/孔径缺失，影响导电嘴SKU区分；导入口径：do_not_import_missing_specs；重分类：焊接耗材/焊机配件 -> 焊接切割/焊接耗材；分类置信度：high；导电嘴为焊枪耗材配件。	2026-07-03
SAFE-000016	挂胶手套	特征：厚；类型：挂胶		劳保防护/手套	双			厚挂胶手套	SAFE-000016 挂胶手套 劳保耗材/手套 双 特征：厚 类型：挂胶 厚挂胶手套 厚 挂胶			candidate	usable	confirm_before_use	purchase_2024_candidate_rows=344；purchase_2024_source_rows=345；draft_sku_id=SKU-DRAFT-000342	缺失规格：材质；整理依据：材质/尺码缺失，按厚挂胶手套候选；导入口径：confirm_then_import；重分类：劳保耗材/手套 -> 劳保防护/手套；分类置信度：high；挂胶手套为劳保手套。	2026-07-03
CONST-000005	亚克力板	尺寸：81*81*5		建筑材料/装饰材料	块			81×81×5亚克力板	CONST-000005 亚克力板 原材料/塑料板材 块 尺寸：81*81*5 81×81×5亚克力板 81*81*5			candidate	usable	confirm_before_use	purchase_2024_candidate_rows=345；purchase_2024_source_rows=346；draft_sku_id=SKU-DRAFT-000343	缺失规格：材质；整理依据：尺寸单位未注明，需确认是否mm；导入口径：confirm_then_import；重分类：原材料/塑料板材 -> 建筑材料/装饰材料；分类置信度：medium；亚克力板为施工装饰/透明板材，旧原材料口径不在标准一级。	2026-07-03
WELD-000011	焊条	直径：3.2		焊接切割/焊接耗材	件			3.2焊条；3.2电焊条	WELD-000011 焊条 焊接耗材/焊材 件 直径：3.2 3.2焊条 3.2电焊条 3.2			candidate	needs_review	clarify_specs_before_use	purchase_2024_candidate_rows=346；purchase_2024_source_rows=347；draft_sku_id=SKU-DRAFT-000344	缺失规格：材质；整理依据：材质/牌号/包装缺失，影响焊条SKU区分；导入口径：do_not_import_missing_specs；重分类：焊接耗材/焊材 -> 焊接切割/焊接耗材；分类置信度：high；样例均为电焊条，归焊接耗材。	2026-07-03
SAFE-000017	电焊眼镜	用途：电焊防护		劳保防护/眼面防护	副			电焊眼镜	SAFE-000017 电焊眼镜 劳保耗材/眼面防护 副 用途：电焊防护 电焊防护			candidate	usable	confirm_before_use	purchase_2024_candidate_rows=347；purchase_2024_source_rows=348；draft_sku_id=SKU-DRAFT-000345	缺失规格：色号；整理依据：防护等级/镜片色号缺失，按电焊防护眼镜候选；导入口径：confirm_then_import；重分类：劳保耗材/眼面防护 -> 劳保防护/眼面防护；分类置信度：high；样例均为电焊防护眼镜。	2026-07-03
SAFE-000018	平光防护眼镜	类型：平镜/平光		劳保防护/眼面防护	副			平镜眼镜	SAFE-000018 平光防护眼镜 劳保耗材/眼面防护 副 类型：平镜/平光 平镜眼镜 平镜/平光			candidate	usable	confirm_before_use	purchase_2024_candidate_rows=348；purchase_2024_source_rows=349；draft_sku_id=SKU-DRAFT-000346	缺失规格：材质；整理依据：防护标准缺失，按平光防护眼镜候选；导入口径：confirm_then_import；重分类：劳保耗材/眼面防护 -> 劳保防护/眼面防护；分类置信度：high；防护眼镜为眼面防护用品。	2026-07-03
SPARE-000037	转向轮	规格：3寸；特征：带刹车		设备备件/通用机械备件	个			3寸转向轮带刹车	SPARE-000037 转向轮 五金备件/脚轮 个 规格：3寸 特征：带刹车 3寸转向轮带刹车 3寸 带刹车			candidate	needs_review	clarify_specs_before_use	purchase_2024_candidate_rows=349；purchase_2024_source_rows=350；draft_sku_id=SKU-DRAFT-000347	缺失规格：材质；整理依据：承重/材质缺失，影响脚轮SKU区分；导入口径：do_not_import_missing_specs；重分类：五金备件/脚轮 -> 设备备件/通用机械备件；分类置信度：medium；转向脚轮常作设备或小车更换件，旧五金口径过宽。	2026-07-03
TOOL-000046	高粱扫把	材质：高粱		清洁办公后勤/清洁工具	支			高粱扫把	TOOL-000046 高粱扫把 劳保耗材/清洁工具 支 材质：高粱 高粱			active	standard	auto_select_allowed	purchase_2024_candidate_rows=350；purchase_2024_source_rows=351；draft_sku_id=SKU-DRAFT-000348	导入口径：import_ready；重分类：劳保耗材/清洁工具 -> 清洁办公后勤/清洁工具；分类置信度：high；扫把为清洁工具，旧劳保耗材错误。	2026-07-03
MAT-000029	玻璃纸	类型：玻璃纸		包装覆盖周转/覆盖材料	米			玻璃纸	MAT-000029 玻璃纸 包装材料/薄膜纸品 米 类型：玻璃纸			candidate	needs_review	clarify_specs_before_use	purchase_2024_candidate_rows=351；purchase_2024_source_rows=352；draft_sku_id=SKU-DRAFT-000349	缺失规格：宽度；厚度；整理依据：宽度/厚度缺失，按米计量时无法区分玻璃纸SKU；导入口径：do_not_import_missing_specs；重分类：包装材料/薄膜纸品 -> 包装覆盖周转/覆盖材料；分类置信度：medium；玻璃纸为薄膜纸类覆盖包装材料，按覆盖材料归类。	2026-07-03
CHEM-000027	双面胶	类型：双面胶		化工胶粘涂料/胶粘剂	卷			双面胶	CHEM-000027 双面胶 化工耗材/胶粘带 卷 类型：双面胶			candidate	needs_review	clarify_specs_before_use	purchase_2024_candidate_rows=352；purchase_2024_source_rows=353；draft_sku_id=SKU-DRAFT-000350	缺失规格：长度；宽度；整理依据：宽度/长度/基材缺失，无法区分双面胶SKU；导入口径：do_not_import_missing_specs；重分类：化工耗材/胶粘带 -> 化工胶粘涂料/胶粘剂；分类置信度：high；双面胶属胶粘材料。	2026-07-03
MAT-000030	吊钩保险卡	载荷：16吨；特征：加厚		吊装索具/吊钩	个			16吨吊钩厚保险卡	MAT-000030 吊钩保险卡 吊装索具/吊钩配件 个 载荷：16吨 特征：加厚 16吨吊钩厚保险卡 16吨 加厚			candidate	needs_review	clarify_specs_before_use	purchase_2024_candidate_rows=353；purchase_2024_source_rows=354；draft_sku_id=SKU-DRAFT-000351	缺失规格：型号；整理依据：适配吊钩型号/标准缺失，16吨加厚不足以唯一确定配件SKU；导入口径：do_not_import_missing_specs；重分类：吊装索具/吊钩配件 -> 吊装索具/吊钩；分类置信度：high；吊钩保险卡是吊钩安全配件。	2026-07-03
ELEC-000060	变压器	输出：24V 5A		电气电料/低压电器	个			24V5A变压器	ELEC-000060 变压器 电气材料/电源电器 个 输出：24V 5A 24V5A变压器 24V 5A			candidate	needs_review	clarify_specs_before_use	purchase_2024_candidate_rows=354；purchase_2024_source_rows=355；draft_sku_id=SKU-DRAFT-000352	缺失规格：功率；电压；整理依据：输入电压/功率形式/安装方式缺失，可能影响变压器SKU区分；导入口径：do_not_import_missing_specs；重分类：电气材料/电源电器 -> 电气电料/低压电器；分类置信度：high；24V变压器属低压电源电器。	2026-07-03
SAFE-000019	棉签	类型：棉签		清洁办公后勤/清洁耗材	包			棉签	SAFE-000019 棉签 劳保耗材/清洁用品 包 类型：棉签			candidate	needs_review	clarify_specs_before_use	purchase_2024_candidate_rows=355；purchase_2024_source_rows=356；draft_sku_id=SKU-DRAFT-000353	缺失规格：材质；规格；安全等级；认证标准；整理依据：包装数量缺失，按包计量时无法区分SKU；导入口径：do_not_import_missing_specs；重分类：劳保耗材/清洁用品 -> 清洁办公后勤/清洁耗材；分类置信度：medium；棉签作为清洁用品，旧劳保耗材偏宽。	2026-07-03
SAFE-000020	布手套	特征：加厚、双层		劳保防护/手套	双			加厚双层布手套	SAFE-000020 布手套 劳保耗材/手套 双 特征：加厚、双层 加厚双层布手套 加厚、双层			active	standard	auto_select_allowed	purchase_2024_candidate_rows=356；purchase_2024_source_rows=357；draft_sku_id=SKU-DRAFT-000354	导入口径：import_ready；重分类：劳保耗材/手套 -> 劳保防护/手套；分类置信度：high；布手套为劳保手部防护用品。	2026-07-03
SPARE-000038	铁丝	规格：12#		金属材料/金属丝材	KG			12#铁丝	SPARE-000038 铁丝 五金备件/金属丝材 KG 规格：12# 12#铁丝 12#			candidate	usable	confirm_before_use	purchase_2024_candidate_rows=357；purchase_2024_source_rows=358；draft_sku_id=SKU-DRAFT-000355	缺失规格：材质；整理依据：材质/是否镀锌未说明，按12#铁丝候选；导入口径：confirm_then_import；重分类：五金备件/金属丝材 -> 金属材料/金属丝材；分类置信度：high；新建二级金属丝材；铁丝是金属线材，旧五金耗材不宜保留。	2026-07-03
SPARE-000039	铁丝	规格：14#		金属材料/金属丝材	KG			14#铁丝	SPARE-000039 铁丝 五金备件/金属丝材 KG 规格：14# 14#铁丝 14#			candidate	usable	confirm_before_use	purchase_2024_candidate_rows=358；purchase_2024_source_rows=359；draft_sku_id=SKU-DRAFT-000356	缺失规格：材质；整理依据：材质/是否镀锌未说明，按14#铁丝候选；导入口径：confirm_then_import；重分类：五金备件/金属丝材 -> 金属材料/金属丝材；分类置信度：high；新建二级金属丝材；铁丝是金属线材，旧五金耗材不宜保留。	2026-07-03
PIPE-000065	焊接弯头	规格：159*8；特征：加厚；连接：焊接		管材管件阀门/弯头	个			159*8加厚弯头焊接	PIPE-000065 焊接弯头 工程材料/管件 个 规格：159*8 特征：加厚 连接：焊接 159*8加厚弯头焊接 159*8 加厚 焊接			candidate	needs_review	clarify_specs_before_use	purchase_2024_candidate_rows=359；purchase_2024_source_rows=360；draft_sku_id=SKU-DRAFT-000357	缺失规格：材质；压力等级；整理依据：材质/角度/压力等级缺失，可能影响管件SKU区分；导入口径：do_not_import_missing_specs；重分类：工程材料/管件 -> 管材管件阀门/弯头；分类置信度：high；样例均为焊接弯头，工程材料旧类目过宽。	2026-07-03
TOOL-000047	台式砂轮机	功率：1.1kW；类型：台式砂轮机		电动气动工具/电动工具	台			1.1千W台式沙轮机	TOOL-000047 台式砂轮机 工具器具/电动工具 台 功率：1.1kW 类型：台式砂轮机 1.1千W台式沙轮机 1.1kW			candidate	usable	confirm_before_use	purchase_2024_candidate_rows=360；purchase_2024_source_rows=361；draft_sku_id=SKU-DRAFT-000358	缺失规格：规格；电压；整理依据：别名“沙轮机”规范为砂轮机；砂轮规格/电压缺失；导入口径：confirm_then_import；重分类：工具器具/电动工具 -> 电动气动工具/电动工具；分类置信度：high；台式砂轮机为电动工具整机。	2026-07-03
TOOL-000048	钨钢钻头	材质：钨钢；直径：8mm		工具耗材/钻头	支			钨钢钻头8厘	TOOL-000048 钨钢钻头 工具器具/工具配件 支 材质：钨钢 直径：8mm 钨钢钻头8厘 钨钢 8mm			active	standard	auto_select_allowed	purchase_2024_candidate_rows=361；purchase_2024_source_rows=362；draft_sku_id=SKU-DRAFT-000359	导入口径：import_ready；重分类：工具器具/工具配件 -> 工具耗材/钻头；分类置信度：high；钻头是工具消耗品，材质只影响规格。	2026-07-03
TOOL-000049	钨钢钻头	材质：钨钢；直径：10mm		工具耗材/钻头	支			钨钢钻头10厘	TOOL-000049 钨钢钻头 工具器具/工具配件 支 材质：钨钢 直径：10mm 钨钢钻头10厘 钨钢 10mm			active	standard	auto_select_allowed	purchase_2024_candidate_rows=362；purchase_2024_source_rows=363；draft_sku_id=SKU-DRAFT-000360	导入口径：import_ready；重分类：工具器具/工具配件 -> 工具耗材/钻头；分类置信度：high；钻头是工具消耗品，材质只影响规格。	2026-07-03
TOOL-000050	钨钢钻头	材质：钨钢；直径：12mm		工具耗材/钻头	支			钨钢钻头12厘	TOOL-000050 钨钢钻头 工具器具/工具配件 支 材质：钨钢 直径：12mm 钨钢钻头12厘 钨钢 12mm			active	standard	auto_select_allowed	purchase_2024_candidate_rows=363；purchase_2024_source_rows=364；draft_sku_id=SKU-DRAFT-000361	导入口径：import_ready；重分类：工具器具/工具配件 -> 工具耗材/钻头；分类置信度：high；钻头是工具消耗品，材质只影响规格。	2026-07-03
TOOL-000051	钨钢钻头	材质：钨钢；直径：16mm		工具耗材/钻头	支			钨钢钻头16厘	TOOL-000051 钨钢钻头 工具器具/工具配件 支 材质：钨钢 直径：16mm 钨钢钻头16厘 钨钢 16mm			active	standard	auto_select_allowed	purchase_2024_candidate_rows=364；purchase_2024_source_rows=365；draft_sku_id=SKU-DRAFT-000362	导入口径：import_ready；重分类：工具器具/工具配件 -> 工具耗材/钻头；分类置信度：high；钻头是工具消耗品，材质只影响规格。	2026-07-03
HW-LOCK-000009	防盗门锁	材质：不锈钢；用途：防盗门		清洁办公后勤/门窗五金	个			防盗门锁不锈钢	HW-LOCK-000009 防盗门锁 五金备件/锁具 个 材质：不锈钢 用途：防盗门 防盗门锁不锈钢 不锈钢 防盗门			candidate	needs_review	clarify_specs_before_use	purchase_2024_candidate_rows=365；purchase_2024_source_rows=366；draft_sku_id=SKU-DRAFT-000363	缺失规格：规格；开向；整理依据：锁体规格/开向缺失，无法区分防盗门锁SKU；导入口径：do_not_import_missing_specs；重分类：五金备件/锁具 -> 清洁办公后勤/门窗五金；分类置信度：high；防盗门锁属于门窗锁具五金。	2026-07-03
ELEC-000061	导轨五孔插座	安装：导轨；类型：五孔插座		电气电料/插头插座	个			导轨5孔插座	ELEC-000061 导轨五孔插座 电气材料/插头插座 个 安装：导轨 类型：五孔插座 导轨5孔插座 导轨 五孔插座			candidate	usable	confirm_before_use	purchase_2024_candidate_rows=366；purchase_2024_source_rows=367；draft_sku_id=SKU-DRAFT-000364	缺失规格：品牌；电流；整理依据：额定电流/品牌缺失，按导轨五孔插座候选；导入口径：confirm_then_import；重分类：电气材料/插头插座 -> 电气电料/插头插座；分类置信度：high；导轨安装方式不改变插座属性。	2026-07-03
SPARE-000040	螺母	规格：M4		紧固件与连接件/螺母	个			M4螺母	SPARE-000040 螺母 五金备件/紧固件 个 规格：M4 M4螺母 M4			candidate	needs_review	clarify_specs_before_use	purchase_2024_candidate_rows=367；purchase_2024_source_rows=368；draft_sku_id=SKU-DRAFT-000365	缺失规格：材质；强度等级；整理依据：材质/强度等级缺失，可能影响紧固件SKU区分；导入口径：do_not_import_missing_specs；重分类：五金备件/紧固件 -> 紧固件与连接件/螺母；分类置信度：high；样例均为各规格螺母。	2026-07-03
SPARE-000041	螺母	规格：M5		紧固件与连接件/螺母	个			M5螺母	SPARE-000041 螺母 五金备件/紧固件 个 规格：M5 M5螺母 M5			candidate	needs_review	clarify_specs_before_use	purchase_2024_candidate_rows=368；purchase_2024_source_rows=369；draft_sku_id=SKU-DRAFT-000366	缺失规格：材质；强度等级；整理依据：材质/强度等级缺失，可能影响紧固件SKU区分；导入口径：do_not_import_missing_specs；重分类：五金备件/紧固件 -> 紧固件与连接件/螺母；分类置信度：high；样例均为各规格螺母。	2026-07-03
METAL-000032	槽钢	规格：80		金属材料/型钢	米			80槽钢	METAL-000032 槽钢 原材料/型钢 米 规格：80 80槽钢 80			candidate	needs_review	clarify_specs_before_use	purchase_2024_candidate_rows=369；purchase_2024_source_rows=370；draft_sku_id=SKU-DRAFT-000367	缺失规格：材质；执行标准；整理依据：材质牌号/执行标准缺失，可能影响型钢SKU区分；导入口径：do_not_import_missing_specs；重分类：原材料/型钢 -> 金属材料/型钢；分类置信度：high；槽钢是标准型钢。	2026-07-03
PIPE-000066	PVC弯头	品牌：公元；规格：75；材质：PVC		管材管件阀门/弯头	个			公元75pvc弯头	PIPE-000066 PVC弯头 工程材料/PVC管件 个 品牌：公元 规格：75 材质：PVC 公元75pvc弯头 公元 75 PVC	公元		candidate	needs_review	clarify_specs_before_use	purchase_2024_candidate_rows=370；purchase_2024_source_rows=371；draft_sku_id=SKU-DRAFT-000368	缺失规格：压力等级；整理依据：角度/压力等级缺失，可能影响PVC弯头SKU区分；导入口径：do_not_import_missing_specs；重分类：工程材料/PVC管件 -> 管材管件阀门/弯头；分类置信度：high；样例均为PVC弯头，角度/口径为规格差异。	2026-07-03
PIPE-000067	PVC直通	品牌：公元；规格：75；材质：PVC		管材管件阀门/直接	个			公元75pvc直通；公元75直通	PIPE-000067 PVC直通 工程材料/PVC管件 个 品牌：公元 规格：75 材质：PVC 公元75pvc直通 公元75直通 公元 75 PVC	公元		active	standard	auto_select_allowed	purchase_2024_candidate_rows=371;383；purchase_2024_source_rows=372;384；draft_sku_id=SKU-DRAFT-000369	导入口径：import_ready；重分类：工程材料/PVC管件 -> 管材管件阀门/直接；分类置信度：high；PVC直通与直接同属直连管件。	2026-07-03
SAFE-000021	草帽	类型：草帽		劳保防护/头部防护	个			草帽	SAFE-000021 草帽 劳保耗材/防晒用品 个 类型：草帽			candidate	usable	confirm_before_use	purchase_2024_candidate_rows=372；purchase_2024_source_rows=373；draft_sku_id=SKU-DRAFT-000370	缺失规格：尺寸；整理依据：尺寸/款式缺失，按普通草帽候选；导入口径：confirm_then_import；重分类：劳保耗材/防晒用品 -> 劳保防护/头部防护；分类置信度：medium；草帽用于现场头部防晒防护，旧劳保耗材口径不保留。	2026-07-03
MAT-000031	尼龙绳	直径：14mm；材质：尼龙		吊装索具/牵引捆绑	米			∅14尼龙绳	MAT-000031 尼龙绳 吊装索具/绳索 米 直径：14mm 材质：尼龙 ∅14尼龙绳 14mm 尼龙			candidate	usable	confirm_before_use	purchase_2024_candidate_rows=373；purchase_2024_source_rows=374；draft_sku_id=SKU-DRAFT-000371	缺失规格：规格；型号；整理依据：承载/编织结构缺失，按直径和材质候选；导入口径：confirm_then_import；重分类：吊装索具/绳索 -> 吊装索具/牵引捆绑；分类置信度：high；尼龙绳用于牵引捆绑，直径差异不拆分。	2026-07-03
SPARE-000042	高强度螺丝	强度等级：12.9级；规格：10*150		紧固件与连接件/螺丝	套			12.9级 10*150螺丝	SPARE-000042 高强度螺丝 五金备件/紧固件 套 强度等级：12.9级 规格：10*150 12.9级 10*150螺丝 12.9级 10*150			candidate	needs_review	clarify_specs_before_use	purchase_2024_candidate_rows=374；purchase_2024_source_rows=375；draft_sku_id=SKU-DRAFT-000372	缺失规格：表面处理；整理依据：原始规格未明确是否为M10；表面处理缺失；导入口径：do_not_import_missing_specs；重分类：五金备件/紧固件 -> 紧固件与连接件/螺丝；分类置信度：high；高强度螺丝为标准紧固件，旧五金备件过泛。	2026-07-03
ELEC-TIE-000001	扎带	规格：10*400		电气电料/电气辅材	包			10*400扎带	ELEC-TIE-000001 扎带 电气材料/扎带 包 规格：10*400 10*400扎带 10*400			candidate	usable	confirm_before_use	purchase_2024_candidate_rows=375；purchase_2024_source_rows=376；draft_sku_id=SKU-DRAFT-000373	缺失规格：材质；每包数量；整理依据：材质/每包数量缺失，按规格候选；导入口径：confirm_then_import；重分类：电气材料/扎带 -> 电气电料/电气辅材；分类置信度：high；扎带常作线缆固定辅材，规格差异不拆分。	2026-07-03
ELEC-TIE-000002	扎带	规格：10*500		电气电料/电气辅材	包			10*500扎带	ELEC-TIE-000002 扎带 电气材料/扎带 包 规格：10*500 10*500扎带 10*500			candidate	usable	confirm_before_use	purchase_2024_candidate_rows=376；purchase_2024_source_rows=377；draft_sku_id=SKU-DRAFT-000374	缺失规格：材质；每包数量；整理依据：材质/每包数量缺失，按规格候选；导入口径：confirm_then_import；重分类：电气材料/扎带 -> 电气电料/电气辅材；分类置信度：high；扎带常作线缆固定辅材，规格差异不拆分。	2026-07-03
SAFE-000022	焊工手套	用途：电焊防护		劳保防护/手套	双			电焊手套	SAFE-000022 焊工手套 劳保耗材/手套 双 用途：电焊防护 电焊手套 电焊防护			candidate	usable	confirm_before_use	purchase_2024_candidate_rows=377；purchase_2024_source_rows=378；draft_sku_id=SKU-DRAFT-000375	缺失规格：材质；长度；整理依据：材质/长度缺失，按焊工手套候选；导入口径：confirm_then_import；重分类：劳保耗材/手套 -> 劳保防护/手套；分类置信度：high；焊工手套属于劳保手部防护。	2026-07-03
SPARE-000043	闭门器	规格：大号		清洁办公后勤/门窗五金	个			闭门器大	SPARE-000043 闭门器 五金备件/门窗五金 个 规格：大号 闭门器大 大号			candidate	usable	confirm_before_use	purchase_2024_candidate_rows=378；purchase_2024_source_rows=379；draft_sku_id=SKU-DRAFT-000376	缺失规格：型号；图号；整理依据：承重/安装方式缺失，按大号闭门器候选；导入口径：confirm_then_import；重分类：五金备件/门窗五金 -> 清洁办公后勤/门窗五金；分类置信度：high；闭门器属于门窗五金。	2026-07-03
SAFE-000023	路锥	高度：1米		安全消防/警示标识	个			路锥1米	SAFE-000023 路锥 安全设施/交通标识 个 高度：1米 路锥1米 1米			candidate	usable	confirm_before_use	purchase_2024_candidate_rows=379；purchase_2024_source_rows=380；draft_sku_id=SKU-DRAFT-000377	缺失规格：材质；整理依据：材质/反光等级缺失，按高度候选；导入口径：confirm_then_import；重分类：安全设施/交通标识 -> 安全消防/警示标识；分类置信度：high；路锥用于现场交通安全警示。	2026-07-03
MAT-000032	小便器感应器	材质：铜；用途：小便器		管材管件阀门/水暖五金	套			铜小便器感应器	MAT-000032 小便器感应器 工程材料/洁具配件 套 材质：铜 用途：小便器 铜小便器感应器 铜 小便器			candidate	needs_review	clarify_specs_before_use	purchase_2024_candidate_rows=380；purchase_2024_source_rows=381；draft_sku_id=SKU-DRAFT-000378	缺失规格：规格；整理依据：电源方式/规格缺失，无法区分感应器SKU；导入口径：do_not_import_missing_specs；重分类：工程材料/洁具配件 -> 管材管件阀门/水暖五金；分类置信度：high；小便器感应器属卫浴水暖配件。	2026-07-03
CONST-000006	黑模板	尺寸：1.22*2.44；厚度：3.0；颜色：黑		建筑材料/模板木方	张			1.22*2.44*3.0黑模板	CONST-000006 黑模板 建筑材料/模板木方 张 尺寸：1.22*2.44 厚度：3.0 颜色：黑 1.22*2.44*3.0黑模板 1.22*2.44 3.0 黑			candidate	usable	confirm_before_use	purchase_2024_candidate_rows=381；purchase_2024_source_rows=382；draft_sku_id=SKU-DRAFT-000379	缺失规格：材质；整理依据：尺寸/厚度单位未明，按原规格保留；导入口径：confirm_then_import	2026-07-03
ELEC-000062	一位开关	位数：1位；含底座：是		电气电料/开关按钮	套			1位开关带底座	ELEC-000062 一位开关 电气材料/开关 套 位数：1位 含底座：是 1位开关带底座 1位 是			candidate	needs_review	clarify_specs_before_use	purchase_2024_candidate_rows=382；purchase_2024_source_rows=383；draft_sku_id=SKU-DRAFT-000380	缺失规格：品牌；电流；整理依据：额定电流/品牌/明装或暗装缺失，可能影响开关SKU区分；导入口径：do_not_import_missing_specs；重分类：电气材料/开关 -> 电气电料/开关按钮；分类置信度：high；一位开关属于开关按钮类电气材料。	2026-07-03
ELEC-000063	漏电断路器	品牌：施耐德；极数：2P；电流：C40A		电气电料/低压电器	个			施耐德2PC40A漏电	ELEC-000063 漏电断路器 电气材料/低压电器 个 品牌：施耐德 极数：2P 电流：C40A 施耐德2PC40A漏电 施耐德 2P C40A	施耐德		candidate	usable	confirm_before_use	purchase_2024_candidate_rows=384；purchase_2024_source_rows=385；draft_sku_id=SKU-DRAFT-000381	缺失规格：型号；整理依据：型号/漏电动作电流缺失，按品牌极数和电流候选；导入口径：confirm_then_import；重分类：电气材料/低压电器 -> 电气电料/低压电器；分类置信度：high；漏电断路器属于低压电器。	2026-07-03
SPARE-000044	推进泵加长弯头	加工定做：是；适用设备：推进泵；规格：189；特征：加长大弯头		定制加工件/金属加工件	套			加工定做推进泵189加长大弯头	SPARE-000044 推进泵加长弯头 定制件/设备备件 套 加工定做：是 适用设备：推进泵 规格：189 特征：加长大弯头 加工定做推进泵189加长大弯头 是 推进泵 189 加长大弯头			candidate	needs_review	clarify_specs_before_use	purchase_2024_candidate_rows=385；purchase_2024_source_rows=386；draft_sku_id=SKU-DRAFT-000382	缺失规格：材质；整理依据：定制件图纸/材质/接口缺失，需按设备备件复核；导入口径：do_not_import_missing_specs；重分类：定制件/设备备件 -> 定制加工件/金属加工件；分类置信度：medium；加工定做推进泵弯头，按非标金属加工件管理。	2026-07-03
MAT-000033	蒸饭柜	品牌：荣事达；层数：8层；功能：智能		清洁办公后勤/生活用品	台			8层荣事达智能蒸饭柜	MAT-000033 蒸饭柜 设备/厨房设备 台 品牌：荣事达 层数：8层 功能：智能 8层荣事达智能蒸饭柜 荣事达 8层 智能	荣事达		candidate	usable	confirm_before_use	purchase_2024_candidate_rows=386；purchase_2024_source_rows=387；draft_sku_id=SKU-DRAFT-000383	缺失规格：容量；功率；电压；整理依据：输入单位“个”规范为“台”；功率/电压/容量缺失；导入口径：confirm_then_import；重分类：设备/厨房设备 -> 清洁办公后勤/生活用品；分类置信度：medium；蒸饭柜为食堂后勤生活设备。	2026-07-03
MAT-000034	吊带	载荷：5T；长度：6米		吊装索具/吊带	付			5T*6米吊带	MAT-000034 吊带 吊装索具/吊带 付 载荷：5T 长度：6米 5T*6米吊带 5T 6米			active	standard	auto_select_allowed	purchase_2024_candidate_rows=387；purchase_2024_source_rows=388；draft_sku_id=SKU-DRAFT-000384	导入口径：import_ready	2026-07-03
MAT-000035	吊带	载荷：5T；长度：3米		吊装索具/吊带	付			5T*3米吊带	MAT-000035 吊带 吊装索具/吊带 付 载荷：5T 长度：3米 5T*3米吊带 5T 3米			active	standard	auto_select_allowed	purchase_2024_candidate_rows=388；purchase_2024_source_rows=389；draft_sku_id=SKU-DRAFT-000385	导入口径：import_ready	2026-07-03
MAT-000036	吊带	载荷：3T；长度：3米		吊装索具/吊带	付			3T*3米吊带	MAT-000036 吊带 吊装索具/吊带 付 载荷：3T 长度：3米 3T*3米吊带 3T 3米			active	standard	auto_select_allowed	purchase_2024_candidate_rows=389；purchase_2024_source_rows=390；draft_sku_id=SKU-DRAFT-000386	导入口径：import_ready	2026-07-03
ELEC-000064	接触器	品牌：施耐德；用途：行车；电流：80A		电气电料/低压电器	个			施耐德行车接触器80A	ELEC-000064 接触器 电气材料/低压电器 个 品牌：施耐德 用途：行车 电流：80A 施耐德行车接触器80A 施耐德 行车 80A	施耐德		candidate	needs_review	clarify_specs_before_use	purchase_2024_candidate_rows=390；purchase_2024_source_rows=391；draft_sku_id=SKU-DRAFT-000387	缺失规格：型号；电压；整理依据：型号/线圈电压缺失，无法区分接触器SKU；导入口径：do_not_import_missing_specs；重分类：电气材料/低压电器 -> 电气电料/低压电器；分类置信度：high；施耐德接触器是低压控制电器。	2026-07-03
TOOL-000052	合金钻头	材质：合金；直径：6mm		工具耗材/钻头	个			合金钻头6厘	TOOL-000052 合金钻头 工具器具/工具配件 个 材质：合金 直径：6mm 合金钻头6厘 合金 6mm			active	standard	auto_select_allowed	purchase_2024_candidate_rows=391；purchase_2024_source_rows=392；draft_sku_id=SKU-DRAFT-000388	导入口径：import_ready；重分类：工具器具/工具配件 -> 工具耗材/钻头；分类置信度：high；合金钻头是工具消耗件，直径差异不拆分。	2026-07-03
TOOL-000053	合金钻头	材质：合金；直径：8mm		工具耗材/钻头	个			合金钻头8厘	TOOL-000053 合金钻头 工具器具/工具配件 个 材质：合金 直径：8mm 合金钻头8厘 合金 8mm			active	standard	auto_select_allowed	purchase_2024_candidate_rows=392；purchase_2024_source_rows=393；draft_sku_id=SKU-DRAFT-000389	导入口径：import_ready；重分类：工具器具/工具配件 -> 工具耗材/钻头；分类置信度：high；合金钻头是工具消耗件，直径差异不拆分。	2026-07-03
TOOL-000054	合金钻头	材质：合金；直径：10mm		工具耗材/钻头	个			合金钻头10厘	TOOL-000054 合金钻头 工具器具/工具配件 个 材质：合金 直径：10mm 合金钻头10厘 合金 10mm			active	standard	auto_select_allowed	purchase_2024_candidate_rows=393；purchase_2024_source_rows=394；draft_sku_id=SKU-DRAFT-000390	导入口径：import_ready；重分类：工具器具/工具配件 -> 工具耗材/钻头；分类置信度：high；合金钻头是工具消耗件，直径差异不拆分。	2026-07-03
TOOL-000055	合金钻头	材质：合金；直径：12mm		工具耗材/钻头	个			合金钻头12厘	TOOL-000055 合金钻头 工具器具/工具配件 个 材质：合金 直径：12mm 合金钻头12厘 合金 12mm			active	standard	auto_select_allowed	purchase_2024_candidate_rows=394；purchase_2024_source_rows=395；draft_sku_id=SKU-DRAFT-000391	导入口径：import_ready；重分类：工具器具/工具配件 -> 工具耗材/钻头；分类置信度：high；合金钻头是工具消耗件，直径差异不拆分。	2026-07-03
TOOL-000056	合金钻头	材质：合金；直径：14mm		工具耗材/钻头	个			合金钻头14厘	TOOL-000056 合金钻头 工具器具/工具配件 个 材质：合金 直径：14mm 合金钻头14厘 合金 14mm			active	standard	auto_select_allowed	purchase_2024_candidate_rows=395；purchase_2024_source_rows=396；draft_sku_id=SKU-DRAFT-000392	导入口径：import_ready；重分类：工具器具/工具配件 -> 工具耗材/钻头；分类置信度：high；合金钻头是工具消耗件，直径差异不拆分。	2026-07-03
TOOL-000057	合金钻头	材质：合金；直径：16mm		工具耗材/钻头	个			合金钻头16厘	TOOL-000057 合金钻头 工具器具/工具配件 个 材质：合金 直径：16mm 合金钻头16厘 合金 16mm			active	standard	auto_select_allowed	purchase_2024_candidate_rows=396；purchase_2024_source_rows=397；draft_sku_id=SKU-DRAFT-000393	导入口径：import_ready；重分类：工具器具/工具配件 -> 工具耗材/钻头；分类置信度：high；合金钻头是工具消耗件，直径差异不拆分。	2026-07-03
MAT-000037	尼龙绳	直径：18mm；材质：尼龙		吊装索具/牵引捆绑	米			18尼龙绳	MAT-000037 尼龙绳 吊装索具/绳索 米 直径：18mm 材质：尼龙 18尼龙绳 18mm 尼龙			candidate	usable	confirm_before_use	purchase_2024_candidate_rows=397；purchase_2024_source_rows=398；draft_sku_id=SKU-DRAFT-000394	缺失规格：规格；型号；整理依据：承载/编织结构缺失，按直径和材质候选；导入口径：confirm_then_import；重分类：吊装索具/绳索 -> 吊装索具/牵引捆绑；分类置信度：high；尼龙绳用于牵引捆绑，直径差异不拆分。	2026-07-03
CHEM-000028	地坪漆面漆固化剂	用途：地坪漆面漆固化剂		化工胶粘涂料/涂料	KG			地坪漆面漆固化剂	CHEM-000028 地坪漆面漆固化剂 化工耗材/涂料辅料 KG 用途：地坪漆面漆固化剂			candidate	needs_review	clarify_specs_before_use	purchase_2024_candidate_rows=398；purchase_2024_source_rows=399；draft_sku_id=SKU-DRAFT-000395	缺失规格：品牌；整理依据：品牌/配比/包装缺失，无法区分配套固化剂SKU；导入口径：do_not_import_missing_specs；重分类：化工耗材/涂料辅料 -> 化工胶粘涂料/涂料；分类置信度：high；面漆固化剂是地坪漆配套涂料辅料。	2026-07-03
CHEM-000029	地坪漆底漆	品牌/系列：好地坪漆；类型：底漆		化工胶粘涂料/涂料	桶			好地坪漆底漆	CHEM-000029 地坪漆底漆 化工耗材/涂料 桶 品牌/系列：好地坪漆 类型：底漆 好地坪漆底漆 好地坪漆 底漆			candidate	needs_review	clarify_specs_before_use	purchase_2024_candidate_rows=399；purchase_2024_source_rows=400；draft_sku_id=SKU-DRAFT-000396	缺失规格：包装重量；颜色；整理依据：包装重量/颜色/配套体系缺失，可能影响地坪漆SKU区分；导入口径：do_not_import_missing_specs；重分类：化工耗材/涂料 -> 化工胶粘涂料/涂料；分类置信度：high；地坪漆底漆属涂料。	2026-07-03
CHEM-000030	地坪漆底漆固化剂	用途：地坪漆底漆固化剂		化工胶粘涂料/涂料	KG			地坪漆底漆固化剂	CHEM-000030 地坪漆底漆固化剂 化工耗材/涂料辅料 KG 用途：地坪漆底漆固化剂			candidate	needs_review	clarify_specs_before_use	purchase_2024_candidate_rows=400；purchase_2024_source_rows=401；draft_sku_id=SKU-DRAFT-000397	缺失规格：品牌；整理依据：品牌/配比/包装缺失，无法区分配套固化剂SKU；导入口径：do_not_import_missing_specs；重分类：化工耗材/涂料辅料 -> 化工胶粘涂料/涂料；分类置信度：high；固化剂是地坪漆配套涂料辅料，按涂料归口。	2026-07-03
TOOL-000058	滚筒刷	规格：150		工具耗材/刷具	支			150滚筒	TOOL-000058 滚筒刷 工具器具/涂装工具 支 规格：150 150滚筒 150			candidate	usable	confirm_before_use	purchase_2024_candidate_rows=401；purchase_2024_source_rows=402；draft_sku_id=SKU-DRAFT-000398	缺失规格：材质；整理依据：原规格未明确单位，按原规格保留；材质缺失；导入口径：confirm_then_import；重分类：工具器具/涂装工具 -> 工具耗材/刷具；分类置信度：high；滚筒刷是涂装刷具耗材。	2026-07-03
TOOL-000059	滚筒刷	规格：250		工具耗材/刷具	支			250滚筒	TOOL-000059 滚筒刷 工具器具/涂装工具 支 规格：250 250滚筒 250			candidate	usable	confirm_before_use	purchase_2024_candidate_rows=402；purchase_2024_source_rows=403；draft_sku_id=SKU-DRAFT-000399	缺失规格：材质；整理依据：原规格未明确单位，按原规格保留；材质缺失；导入口径：confirm_then_import；重分类：工具器具/涂装工具 -> 工具耗材/刷具；分类置信度：high；滚筒刷是涂装刷具耗材。	2026-07-03
TOOL-000060	伸缩加长杆	类型：伸缩加长杆		工具量具/手动工具	支			伸缩加长杆	TOOL-000060 伸缩加长杆 工具器具/涂装工具 支 类型：伸缩加长杆			candidate	needs_review	clarify_specs_before_use	purchase_2024_candidate_rows=403；purchase_2024_source_rows=404；draft_sku_id=SKU-DRAFT-000400	缺失规格：规格；长度；整理依据：长度范围/接口规格缺失，无法区分伸缩加长杆SKU；导入口径：do_not_import_missing_specs；重分类：工具器具/涂装工具 -> 工具量具/手动工具；分类置信度：medium；伸缩加长杆为涂装/辅助用手动工具，旧涂装工具归并。	2026-07-03
SPARE-000045	六角螺丝	规格：10*40；类型：六角		紧固件与连接件/螺丝	套			10*40六角螺丝	SPARE-000045 六角螺丝 五金备件/紧固件 套 规格：10*40 类型：六角 10*40六角螺丝 10*40 六角			candidate	needs_review	clarify_specs_before_use	purchase_2024_candidate_rows=404；purchase_2024_source_rows=405；draft_sku_id=SKU-DRAFT-000401	缺失规格：材质；强度等级；整理依据：原始规格未明确是否为M10；强度等级/材质缺失，可能影响紧固件SKU区分；导入口径：do_not_import_missing_specs；重分类：五金备件/紧固件 -> 紧固件与连接件/螺丝；分类置信度：high；六角螺丝属于螺丝类紧固件，旧五金备件过宽。	2026-07-03
CHEM-000031	美纹纸	颜色：黄色；宽度：5cm		包装覆盖周转/胶带	米			黄色美纹纸5CM	CHEM-000031 美纹纸 化工耗材/胶粘带 米 颜色：黄色 宽度：5cm 黄色美纹纸5CM 黄色 5cm			candidate	usable	confirm_before_use	purchase_2024_candidate_rows=405；purchase_2024_source_rows=406；draft_sku_id=SKU-DRAFT-000402	缺失规格：品牌；厚度；整理依据：按米计量保留宽度和颜色；品牌/厚度未说明；导入口径：confirm_then_import；重分类：化工耗材/胶粘带 -> 包装覆盖周转/胶带；分类置信度：high；美纹纸为遮蔽胶带，旧化工耗材口径不准确。	2026-07-03
FAST-000002	膨胀螺丝	规格：10*70；类型：膨胀螺丝		紧固件与连接件/膨胀锚栓	个			10*70爆炸螺丝；爆炸螺丝	FAST-000002 膨胀螺丝 五金备件/紧固件 个 规格：10*70 类型：膨胀螺丝 10*70爆炸螺丝 爆炸螺丝 10*70			candidate	needs_review	clarify_specs_before_use	purchase_2024_candidate_rows=406；purchase_2024_source_rows=407；draft_sku_id=SKU-DRAFT-000403	缺失规格：材质；表面处理；整理依据：材质/表面处理缺失，可能影响膨胀螺丝SKU区分；导入口径：do_not_import_missing_specs；重分类：五金备件/紧固件 -> 紧固件与连接件/膨胀锚栓；分类置信度：high；样例均为膨胀螺丝，五金备件旧口径过宽。	2026-07-03
CHEM-000032	外墙漆	品牌：立邦；用途：外墙		化工胶粘涂料/涂料	桶			立邦外墙漆	CHEM-000032 外墙漆 化工耗材/涂料 桶 品牌：立邦 用途：外墙 立邦外墙漆 立邦 外墙	立邦		candidate	needs_review	clarify_specs_before_use	purchase_2024_candidate_rows=407；purchase_2024_source_rows=408；draft_sku_id=SKU-DRAFT-000404	缺失规格：型号；包装重量；颜色；整理依据：颜色/包装重量/型号缺失，无法区分外墙漆SKU；导入口径：do_not_import_missing_specs；重分类：化工耗材/涂料 -> 化工胶粘涂料/涂料；分类置信度：high；外墙漆属涂料。	2026-07-03
METAL-000033	方钢	规格：30*30*3		金属材料/型钢	米			30*30*3方钢	METAL-000033 方钢 原材料/型钢 米 规格：30*30*3 30*30*3方钢 30*30*3			candidate	needs_review	clarify_specs_before_use	purchase_2024_candidate_rows=408；purchase_2024_source_rows=409；draft_sku_id=SKU-DRAFT-000405	缺失规格：材质；执行标准；整理依据：材质牌号/执行标准缺失，可能影响型钢SKU区分；导入口径：do_not_import_missing_specs；重分类：原材料/型钢 -> 金属材料/型钢；分类置信度：high；方钢是型钢原材料。	2026-07-03
CHEM-000033	地坪漆底漆	品牌/系列：好地坪漆；类型：底漆；包装：20KG		化工胶粘涂料/涂料	桶			好地坪漆底漆20KG	CHEM-000033 地坪漆底漆 化工耗材/涂料 桶 品牌/系列：好地坪漆 类型：底漆 包装：20KG 好地坪漆底漆20KG 好地坪漆 底漆 20KG			candidate	usable	confirm_before_use	purchase_2024_candidate_rows=409；purchase_2024_source_rows=410；draft_sku_id=SKU-DRAFT-000406	缺失规格：品牌；颜色；整理依据：颜色/配套体系需确认，按品牌系列、底漆和包装候选；导入口径：confirm_then_import；重分类：化工耗材/涂料 -> 化工胶粘涂料/涂料；分类置信度：high；地坪漆底漆属涂料。	2026-07-03
SPARE-000046	注浆机活塞	定制：是；适用设备：注浆机；类型：活塞		定制加工件/图纸件	套			定做注浆机活塞	SPARE-000046 注浆机活塞 定制件/设备备件 套 定制：是 适用设备：注浆机 类型：活塞 定做注浆机活塞 是 注浆机 活塞			candidate	needs_review	clarify_specs_before_use	purchase_2024_candidate_rows=410；purchase_2024_source_rows=411；draft_sku_id=SKU-DRAFT-000407	缺失规格：材质；整理依据：定制件图纸/材质/密封结构缺失，需按设备备件复核；导入口径：do_not_import_missing_specs；重分类：定制件/设备备件 -> 定制加工件/图纸件；分类置信度：medium；定做注浆机活塞，按非标图纸件处理。	2026-07-03
CHEM-000034	自喷漆	品牌：三和；颜色：翠绿色；类型：自喷漆		化工胶粘涂料/涂料	支			三和喷漆翠绿色	CHEM-000034 自喷漆 化工耗材/涂料 支 品牌：三和 颜色：翠绿色 类型：自喷漆 三和喷漆翠绿色 三和 翠绿色	三和		candidate	needs_review	clarify_specs_before_use	purchase_2024_candidate_rows=411；purchase_2024_source_rows=412；draft_sku_id=SKU-DRAFT-000408	缺失规格：容量；整理依据：容量缺失，可能影响自喷漆SKU区分；单位按原“支”保留；导入口径：do_not_import_missing_specs；重分类：化工耗材/涂料 -> 化工胶粘涂料/涂料；分类置信度：high；自喷漆为涂料类化工材料。	2026-07-03
CHEM-000035	自喷漆	颜色：中黄；类型：自喷漆		化工胶粘涂料/涂料	支			中黄色喷漆	CHEM-000035 自喷漆 化工耗材/涂料 支 颜色：中黄 类型：自喷漆 中黄色喷漆 中黄			candidate	needs_review	clarify_specs_before_use	purchase_2024_candidate_rows=412；purchase_2024_source_rows=413；draft_sku_id=SKU-DRAFT-000409	缺失规格：品牌；容量；整理依据：品牌/容量缺失，无法区分自喷漆SKU；导入口径：do_not_import_missing_specs；重分类：化工耗材/涂料 -> 化工胶粘涂料/涂料；分类置信度：high；自喷漆为涂料类化工材料。	2026-07-03
TOOL-000061	金刚磨片	类型：金刚磨片		工具耗材/磨具	个			金刚磨片	TOOL-000061 金刚磨片 工具器具/磨切耗材 个 类型：金刚磨片			candidate	needs_review	clarify_specs_before_use	purchase_2024_candidate_rows=413；purchase_2024_source_rows=414；draft_sku_id=SKU-DRAFT-000410	缺失规格：规格；整理依据：规格/粒度/用途缺失，无法区分金刚磨片SKU；导入口径：do_not_import_missing_specs；重分类：工具器具/磨切耗材 -> 工具耗材/磨具；分类置信度：high；磨片是打磨消耗件，归工具耗材磨具。	2026-07-03
PIPE-000068	UPVC给水管	品牌：公元；规格：32；材质：UPVC；用途：给水		管材管件阀门/管材	米			公元32UPVC给水管	PIPE-000068 UPVC给水管 工程材料/UPVC管件 米 品牌：公元 规格：32 材质：UPVC 用途：给水 公元32UPVC给水管 公元 32 UPVC 给水	公元		active	standard	auto_select_allowed	purchase_2024_candidate_rows=414；purchase_2024_source_rows=415；draft_sku_id=SKU-DRAFT-000411	导入口径：import_ready；重分类：工程材料/UPVC管件 -> 管材管件阀门/管材；分类置信度：high；给水管属于UPVC管材，旧管件口径错误。	2026-07-03
PIPE-000069	UPVC三通	品牌：公元；规格：32；材质：UPVC；类型：三通		管材管件阀门/三通	个			公元三通32	PIPE-000069 UPVC三通 工程材料/UPVC管件 个 品牌：公元 规格：32 材质：UPVC 类型：三通 公元三通32 公元 32 UPVC 三通	公元		active	standard	auto_select_allowed	purchase_2024_candidate_rows=415；purchase_2024_source_rows=416；draft_sku_id=SKU-DRAFT-000412	导入口径：import_ready；重分类：工程材料/UPVC管件 -> 管材管件阀门/三通；分类置信度：high；UPVC三通是标准管件，旧工程材料过宽。	2026-07-03
PIPE-000070	UPVC直通	规格：32；材质：UPVC；类型：直通		管材管件阀门/直接	个			32直通	PIPE-000070 UPVC直通 工程材料/UPVC管件 个 规格：32 材质：UPVC 类型：直通 32直通 32 UPVC 直通			candidate	usable	confirm_before_use	purchase_2024_candidate_rows=416；purchase_2024_source_rows=417；draft_sku_id=SKU-DRAFT-000413	缺失规格：品牌；整理依据：品牌未说明，按UPVC直通规格候选；导入口径：confirm_then_import；重分类：工程材料/UPVC管件 -> 管材管件阀门/直接；分类置信度：high；UPVC直通与直接同属直连管件。	2026-07-03
PIPE-000071	UPVC斜三通	规格：32；材质：UPVC；类型：斜三通		管材管件阀门/三通	个			32斜三通	PIPE-000071 UPVC斜三通 工程材料/UPVC管件 个 规格：32 材质：UPVC 类型：斜三通 32斜三通 32 UPVC 斜三通			candidate	usable	confirm_before_use	purchase_2024_candidate_rows=417；purchase_2024_source_rows=418；draft_sku_id=SKU-DRAFT-000414	缺失规格：品牌；整理依据：品牌未说明，按UPVC斜三通规格候选；导入口径：confirm_then_import；重分类：工程材料/UPVC管件 -> 管材管件阀门/三通；分类置信度：high；斜三通属于三通类UPVC管件。	2026-07-03
PIPE-000072	管卡	规格：32；类型：管卡		紧固件与连接件/管卡	个			32管卡	PIPE-000072 管卡 工程材料/管道紧固 个 规格：32 类型：管卡 32管卡 32			candidate	needs_review	clarify_specs_before_use	purchase_2024_candidate_rows=418；purchase_2024_source_rows=419；draft_sku_id=SKU-DRAFT-000415	缺失规格：材质；整理依据：材质/适配管材缺失，无法区分管卡SKU；导入口径：do_not_import_missing_specs；重分类：工程材料/管道紧固 -> 紧固件与连接件/管卡；分类置信度：high；管卡用于管道固定，工程材料旧类目过宽。	2026-07-03
PIPE-000073	UPVC异径接头	规格：32*25；材质：UPVC；类型：大小头/异径		管材管件阀门/直接	个			32*25大小头	PIPE-000073 UPVC异径接头 工程材料/UPVC管件 个 规格：32*25 材质：UPVC 类型：大小头/异径 32*25大小头 32*25 UPVC 大小头/异径			active	standard	auto_select_allowed	purchase_2024_candidate_rows=419；purchase_2024_source_rows=420；draft_sku_id=SKU-DRAFT-000416	导入口径：import_ready；重分类：工程材料/UPVC管件 -> 管材管件阀门/直接；分类置信度：high；异径接头仍为直连管件，规格变化不另拆。	2026-07-03
PIPE-000074	UPVC弯头	规格：32；材质：UPVC；类型：弯头		管材管件阀门/弯头	个			32弯头	PIPE-000074 UPVC弯头 工程材料/UPVC管件 个 规格：32 材质：UPVC 类型：弯头 32弯头 32 UPVC 弯头			candidate	needs_review	clarify_specs_before_use	purchase_2024_candidate_rows=420；purchase_2024_source_rows=421；draft_sku_id=SKU-DRAFT-000417	缺失规格：口径；压力等级；连接方式；壁厚；整理依据：角度缺失，可能影响UPVC弯头SKU区分；导入口径：do_not_import_missing_specs；重分类：工程材料/UPVC管件 -> 管材管件阀门/弯头；分类置信度：high；样例均为UPVC弯头，角度/口径为规格差异。	2026-07-03
PIPE-000075	UPVC45度弯头	规格：32；材质：UPVC；角度：45度		管材管件阀门/弯头	个			32*45弯头	PIPE-000075 UPVC45度弯头 工程材料/UPVC管件 个 规格：32 材质：UPVC 角度：45度 32*45弯头 32 UPVC 45度			active	standard	auto_select_allowed	purchase_2024_candidate_rows=421；purchase_2024_source_rows=422；draft_sku_id=SKU-DRAFT-000418	导入口径：import_ready；重分类：工程材料/UPVC管件 -> 管材管件阀门/弯头；分类置信度：high；45度弯头是UPVC弯头类管件。	2026-07-03
SPARE-000047	立式排污泵	功率：2.2kW；安装：立式；类型：排污泵		施工机具设备/泵类设备	台			2.2千瓦立式排污泵	SPARE-000047 立式排污泵 设备/泵类设备 台 功率：2.2kW 安装：立式 类型：排污泵 2.2千瓦立式排污泵 2.2kW 立式 排污泵			candidate	needs_review	clarify_specs_before_use	purchase_2024_candidate_rows=422；purchase_2024_source_rows=423；draft_sku_id=SKU-DRAFT-000419	缺失规格：电压；流量；扬程；整理依据：流量/扬程/电压缺失，无法区分排污泵SKU；导入口径：do_not_import_missing_specs；重分类：设备/泵类设备 -> 施工机具设备/泵类设备；分类置信度：high；立式排污泵为泵类设备整机。	2026-07-03
PIPE-000076	PPR阀门	品牌：公元；规格：90；材质：PPR；类型：阀门		管材管件阀门/阀门	个			公元90PPR阀门	PIPE-000076 PPR阀门 工程材料/PPR管件 个 品牌：公元 规格：90 材质：PPR 类型：阀门 公元90PPR阀门 公元 90 PPR 阀门	公元		active	standard	auto_select_allowed	purchase_2024_candidate_rows=423；purchase_2024_source_rows=424；draft_sku_id=SKU-DRAFT-000420	导入口径：import_ready；重分类：工程材料/PPR管件 -> 管材管件阀门/阀门；分类置信度：high；PPR阀门属于管路阀门，旧工程材料过宽。	2026-07-03
MAT-000038	编织袋	类型：编织袋		包装覆盖周转/包装袋	个			编织袋	MAT-000038 编织袋 包装材料/编织袋 个 类型：编织袋			candidate	needs_review	clarify_specs_before_use	purchase_2024_candidate_rows=424；purchase_2024_source_rows=425；draft_sku_id=SKU-DRAFT-000421	缺失规格：规格；整理依据：规格/承重缺失，无法区分编织袋SKU；导入口径：do_not_import_missing_specs；重分类：包装材料/编织袋 -> 包装覆盖周转/包装袋；分类置信度：high；编织袋属于包装袋。	2026-07-03
SAFE-000024	高帮劳保鞋	特征：进口、高帮		劳保防护/足部防护	双			进口高帮劳保鞋	SAFE-000024 高帮劳保鞋 劳保耗材/足部防护 双 特征：进口、高帮 进口高帮劳保鞋 进口、高帮			candidate	needs_review	clarify_specs_before_use	purchase_2024_candidate_rows=425；purchase_2024_source_rows=426；draft_sku_id=SKU-DRAFT-000422	缺失规格：类型；材质；规格；安全等级；认证标准；整理依据：尺码/防护标准缺失，无法区分劳保鞋SKU；导入口径：do_not_import_missing_specs；重分类：劳保耗材/足部防护 -> 劳保防护/足部防护；分类置信度：high；劳保鞋为足部防护用品。	2026-07-03
ADMIN-000012	床垫	类型：床垫		清洁办公后勤/生活用品	个			床垫	ADMIN-000012 床垫 行政后勤/生活用品 个 类型：床垫			candidate	needs_review	clarify_specs_before_use	purchase_2024_candidate_rows=426;1734；purchase_2024_source_rows=427;1735；draft_sku_id=SKU-DRAFT-000423	缺失规格：材质；尺寸；整理依据：尺寸/材质缺失，无法区分床垫SKU；尺寸/材质缺失，会影响床垫SKU区分；导入口径：do_not_import_missing_specs；重分类：行政后勤/生活用品 -> 清洁办公后勤/生活用品；分类置信度：high；床垫为后勤生活用品。	2026-07-03
MAT-000039	被子	类型：被子		清洁办公后勤/生活用品	个			被子	MAT-000039 被子 行政后勤/生活用品 个 类型：被子			candidate	needs_review	clarify_specs_before_use	purchase_2024_candidate_rows=427；purchase_2024_source_rows=428；draft_sku_id=SKU-DRAFT-000424	缺失规格：尺寸；整理依据：尺寸/重量缺失，无法区分被子SKU；导入口径：do_not_import_missing_specs；重分类：行政后勤/生活用品 -> 清洁办公后勤/生活用品；分类置信度：high；被子为生活后勤用品。	2026-07-03
MAT-000040	枕头	类型：枕头		清洁办公后勤/生活用品	个			枕头	MAT-000040 枕头 行政后勤/生活用品 个 类型：枕头			candidate	needs_review	clarify_specs_before_use	purchase_2024_candidate_rows=428;1679；purchase_2024_source_rows=429;1680；draft_sku_id=SKU-DRAFT-000425	缺失规格：规格；材质；尺寸；整理依据：规格/材质缺失，无法区分枕头SKU；尺寸/材质缺失，无法区分枕头SKU；导入口径：do_not_import_missing_specs；重分类：行政后勤/生活用品 -> 清洁办公后勤/生活用品；分类置信度：high；枕头是后勤生活用品。	2026-07-03
MAT-000041	床品四件套	类型：四件套		清洁办公后勤/生活用品	套			四件套	MAT-000041 床品四件套 行政后勤/生活用品 套 类型：四件套 四件套			candidate	needs_review	clarify_specs_before_use	purchase_2024_candidate_rows=429；purchase_2024_source_rows=430；draft_sku_id=SKU-DRAFT-000426	缺失规格：材质；尺寸；整理依据：尺寸/材质缺失，无法区分床品四件套SKU；导入口径：do_not_import_missing_specs；重分类：行政后勤/生活用品 -> 清洁办公后勤/生活用品；分类置信度：high；床品四件套为后勤生活用品。	2026-07-03
TOOL-000062	环卫夹	类型：环卫夹		清洁办公后勤/清洁工具	个			环卫夹	TOOL-000062 环卫夹 劳保耗材/清洁工具 个 类型：环卫夹			candidate	needs_review	clarify_specs_before_use	purchase_2024_candidate_rows=430；purchase_2024_source_rows=431；draft_sku_id=SKU-DRAFT-000427	缺失规格：规格；长度；整理依据：规格/长度缺失，无法区分环卫夹SKU；导入口径：do_not_import_missing_specs；重分类：劳保耗材/清洁工具 -> 清洁办公后勤/清洁工具；分类置信度：high；环卫夹是清洁拾取工具，旧劳保耗材明显错误。	2026-07-03
PIPE-000077	镀锌堵头	规格：25；表面：镀锌；类型：堵头		管材管件阀门/堵头	个			25镀锌堵头	PIPE-000077 镀锌堵头 工程材料/管件 个 规格：25 表面：镀锌 类型：堵头 25镀锌堵头 25 镀锌 堵头			candidate	needs_review	clarify_specs_before_use	purchase_2024_candidate_rows=431；purchase_2024_source_rows=432；draft_sku_id=SKU-DRAFT-000428	缺失规格：材质；整理依据：材质/螺纹规格缺失，可能影响堵头SKU区分；导入口径：do_not_import_missing_specs；重分类：工程材料/管件 -> 管材管件阀门/堵头；分类置信度：high；新建二级堵头；堵头是封堵类管件，旧工程材料过泛。	2026-07-03
TOOL-000063	冲击钻头	品牌：方大同；规格：18*800		工具耗材/钻头	支			方大同18*800冲击钻头	TOOL-000063 冲击钻头 工具器具/工具配件 支 品牌：方大同 规格：18*800 方大同18*800冲击钻头 方大同 18*800	方大同		candidate	usable	confirm_before_use	purchase_2024_candidate_rows=432；purchase_2024_source_rows=433；draft_sku_id=SKU-DRAFT-000429	缺失规格：型号；整理依据：柄型缺失，按品牌和规格候选；导入口径：confirm_then_import；重分类：工具器具/工具配件 -> 工具耗材/钻头；分类置信度：high；冲击钻头属于钻头类工具耗材。	2026-07-03
PIPE-000078	高压变径接头	定制：是；规格：36*3+36；类型：变头		定制加工件/管路接头	个			定做36*3+36高压变头	PIPE-000078 高压变径接头 定制件/液压接头 个 定制：是 规格：36*3+36 类型：变头 定做36*3+36高压变头 是 36*3+36 变头			candidate	needs_review	clarify_specs_before_use	purchase_2024_candidate_rows=433；purchase_2024_source_rows=434；draft_sku_id=SKU-DRAFT-000430	缺失规格：压力等级；整理依据：定制件图纸/螺纹/压力等级缺失，需按液压接头复核；导入口径：do_not_import_missing_specs；重分类：定制件/液压接头 -> 定制加工件/管路接头；分类置信度：high；定做高压变径接头为非标管路接头。	2026-07-03
MAT-000042	吊带	载荷：5T；长度：8米		吊装索具/吊带	付			5T*8米吊带	MAT-000042 吊带 吊装索具/吊带 付 载荷：5T 长度：8米 5T*8米吊带 5T 8米			active	standard	auto_select_allowed	purchase_2024_candidate_rows=434；purchase_2024_source_rows=435；draft_sku_id=SKU-DRAFT-000431	导入口径：import_ready	2026-07-03
MAT-000043	生料带	类型：生料带		管材管件阀门/水暖五金	个			生料带	MAT-000043 生料带 工程材料/水暖五金 个 类型：生料带			candidate	needs_review	clarify_specs_before_use	purchase_2024_candidate_rows=435；purchase_2024_source_rows=436；draft_sku_id=SKU-DRAFT-000432	缺失规格：长度；宽度；厚度；整理依据：宽度/长度/厚度缺失，无法区分生料带SKU；导入口径：do_not_import_missing_specs；重分类：工程材料/水暖五金 -> 管材管件阀门/水暖五金；分类置信度：high；生料带用于管螺纹密封，归水暖五金；工程材料旧类目过宽。	2026-07-03
PIPE-000079	高压外丝变径接头	定制：是；规格：M36变1寸；连接：外丝		定制加工件/管路接头	个			定做M36变1寸高压外丝	PIPE-000079 高压外丝变径接头 定制件/液压接头 个 定制：是 规格：M36变1寸 连接：外丝 定做M36变1寸高压外丝 是 M36变1寸 外丝			candidate	needs_review	clarify_specs_before_use	purchase_2024_candidate_rows=436；purchase_2024_source_rows=437；draft_sku_id=SKU-DRAFT-000433	缺失规格：压力等级；整理依据：定制件图纸/压力等级/螺纹制式缺失，需按液压接头复核；导入口径：do_not_import_missing_specs；重分类：定制件/液压接头 -> 定制加工件/管路接头；分类置信度：high；定做外丝变径高压接头为非标管路接头。	2026-07-03
ELEC-000065	地线	品牌：起帆；截面积：6平方；用途：地线		电气电料/电线电缆	米			6平方起帆地线	ELEC-000065 地线 电气材料/电线电缆 米 品牌：起帆 截面积：6平方 用途：地线 6平方起帆地线 起帆 6平方	起帆		candidate	usable	confirm_before_use	purchase_2024_candidate_rows=437；purchase_2024_source_rows=438；draft_sku_id=SKU-DRAFT-000434	缺失规格：颜色；整理依据：颜色/线型缺失，按品牌、截面积和用途候选；导入口径：confirm_then_import；重分类：电气材料/电线电缆 -> 电气电料/电线电缆；分类置信度：high；地线属电线电缆。	2026-07-03
PIPE-000080	洗衣机进水管	长度：2米；用途：洗衣机		管材管件阀门/水暖五金	条			2米洗衣机管	PIPE-000080 洗衣机进水管 工程材料/水暖五金 条 长度：2米 用途：洗衣机 2米洗衣机管 2米 洗衣机			candidate	usable	confirm_before_use	purchase_2024_candidate_rows=438；purchase_2024_source_rows=439；draft_sku_id=SKU-DRAFT-000435	缺失规格：规格；整理依据：接口规格缺失，按洗衣机进水管长度候选；导入口径：confirm_then_import；重分类：工程材料/水暖五金 -> 管材管件阀门/水暖五金；分类置信度：high；洗衣机进水管为水暖连接配件。	2026-07-03
TOOL-000064	五坑钻头	品牌：方大同；规格：40*1200；柄型：五坑		工具耗材/钻头	个			方大同40*1200五孔钻头	TOOL-000064 五坑钻头 工具器具/工具配件 个 品牌：方大同 规格：40*1200 柄型：五坑 方大同40*1200五孔钻头 方大同 40*1200 五坑	方大同		active	standard	auto_select_allowed	purchase_2024_candidate_rows=439；purchase_2024_source_rows=440；draft_sku_id=SKU-DRAFT-000436	导入口径：import_ready；重分类：工具器具/工具配件 -> 工具耗材/钻头；分类置信度：high；样例均为五坑钻头，规格/品牌为差异。	2026-07-03
ELEC-000066	五孔插座	品牌：公牛；类型：五孔插座		电气电料/插头插座	个			公牛五孔插座	ELEC-000066 五孔插座 电气材料/插头插座 个 品牌：公牛 类型：五孔插座 公牛五孔插座 公牛	公牛		candidate	usable	confirm_before_use	purchase_2024_candidate_rows=440；purchase_2024_source_rows=441；draft_sku_id=SKU-DRAFT-000437	缺失规格：电流；整理依据：额定电流/明装或暗装未说明，按品牌和类型候选；导入口径：confirm_then_import；重分类：电气材料/插头插座 -> 电气电料/插头插座；分类置信度：high；五孔插座属于插头插座类电气材料。	2026-07-03
PIPE-000081	PPR管	品牌：公元；规格：25；材质：PPR		管材管件阀门/管材	米			公元25PPR管	PIPE-000081 PPR管 工程材料/PPR管件 米 品牌：公元 规格：25 材质：PPR 公元25PPR管 公元 25 PPR	公元		active	standard	auto_select_allowed	purchase_2024_candidate_rows=441；purchase_2024_source_rows=442；draft_sku_id=SKU-DRAFT-000438	导入口径：import_ready；重分类：工程材料/PPR管件 -> 管材管件阀门/管材；分类置信度：high；样例均为PPR管材，旧工程材料/PPR管件有误。	2026-07-03
PIPE-000082	PPR接头	品牌：公元；规格：25；材质：PPR		管材管件阀门/直接	个			公元25PPR接头	PIPE-000082 PPR接头 工程材料/PPR管件 个 品牌：公元 规格：25 材质：PPR 公元25PPR接头 公元 25 PPR	公元		candidate	needs_review	clarify_specs_before_use	purchase_2024_candidate_rows=442；purchase_2024_source_rows=443；draft_sku_id=SKU-DRAFT-000439	缺失规格：接头形式；整理依据：接头形式缺失，无法区分PPR接头SKU；导入口径：do_not_import_missing_specs；重分类：工程材料/PPR管件 -> 管材管件阀门/直接；分类置信度：medium；样例均为PPR管接头，未见液压/电气混入；按直接承接。	2026-07-03
PIPE-000083	PPR内牙三通	品牌：公元；规格：25；材质：PPR；连接：内牙；类型：三通		管材管件阀门/三通	个			公元25PPR内牙三通	PIPE-000083 PPR内牙三通 工程材料/PPR管件 个 品牌：公元 规格：25 材质：PPR 连接：内牙 类型：三通 公元25PPR内牙三通 公元 25 PPR 内牙 三通	公元		candidate	usable	confirm_before_use	purchase_2024_candidate_rows=443；purchase_2024_source_rows=444；draft_sku_id=SKU-DRAFT-000440	缺失规格：口径；整理依据：内牙规格缺失，按原25规格低精度建候选；导入口径：confirm_then_import；重分类：工程材料/PPR管件 -> 管材管件阀门/三通；分类置信度：high；内牙只是连接形式，物料族仍为PPR三通。	2026-07-03
PIPE-000084	PPR外牙直通	品牌：公元；规格：25；材质：PPR；连接：外牙；类型：直通		管材管件阀门/直接	个			公元25PPR外牙直通	PIPE-000084 PPR外牙直通 工程材料/PPR管件 个 品牌：公元 规格：25 材质：PPR 连接：外牙 类型：直通 公元25PPR外牙直通 公元 25 PPR 外牙 直通	公元		candidate	usable	confirm_before_use	purchase_2024_candidate_rows=444；purchase_2024_source_rows=445；draft_sku_id=SKU-DRAFT-000441	缺失规格：口径；整理依据：外牙规格缺失，按原25规格低精度建候选；导入口径：confirm_then_import；重分类：工程材料/PPR管件 -> 管材管件阀门/直接；分类置信度：high；外牙直通为PPR直接类管件。	2026-07-03
ELEC-000067	LED灯管	功率：38W；类型：LED灯管		电气电料/照明灯具	个			38WLED灯管	ELEC-000067 LED灯管 电气材料/照明 个 功率：38W 类型：LED灯管 38WLED灯管 38W			candidate	needs_review	clarify_specs_before_use	purchase_2024_candidate_rows=445；purchase_2024_source_rows=446；draft_sku_id=SKU-DRAFT-000442	缺失规格：长度；整理依据：长度/色温缺失，无法区分LED灯管SKU；导入口径：do_not_import_missing_specs；重分类：电气材料/照明 -> 电气电料/照明灯具；分类置信度：high；LED灯管属于照明灯具。	2026-07-03
TOOL-000065	金属测绳	材质：金属；类型：测绳		工具量具/测量工具	米			金属测绳	TOOL-000065 金属测绳 工具器具/测量工具 米 材质：金属 类型：测绳 金属 测绳			candidate	needs_review	clarify_specs_before_use	purchase_2024_candidate_rows=446；purchase_2024_source_rows=447；draft_sku_id=SKU-DRAFT-000443	缺失规格：直径；整理依据：直径/刻度/用途缺失，无法区分测绳SKU；导入口径：do_not_import_missing_specs；重分类：工具器具/测量工具 -> 工具量具/测量工具；分类置信度：high；测绳用于长度测量。	2026-07-03
METAL-000034	不锈钢丝网	材质：不锈钢		金属材料/金属丝网	米			不锈钢铁丝网	METAL-000034 不锈钢丝网 五金备件/金属网 米 材质：不锈钢 不锈钢铁丝网 不锈钢			candidate	needs_review	clarify_specs_before_use	purchase_2024_candidate_rows=447；purchase_2024_source_rows=448；draft_sku_id=SKU-DRAFT-000444	缺失规格：宽度；整理依据：网孔/丝径/宽度缺失，无法区分不锈钢丝网SKU；导入口径：do_not_import_missing_specs；重分类：五金备件/金属网 -> 金属材料/金属丝网；分类置信度：high；不锈钢丝网属于金属丝网原材料，旧五金备件不准。	2026-07-03
SAFE-000025	防护安全网	规格：3000；特征：加厚		安全消防/防护网	件			加厚3000防护安全网	SAFE-000025 防护安全网 安全设施/防护网 件 规格：3000 特征：加厚 加厚3000防护安全网 3000 加厚			candidate	needs_review	clarify_specs_before_use	purchase_2024_candidate_rows=448；purchase_2024_source_rows=449；draft_sku_id=SKU-DRAFT-000445	缺失规格：材质；执行标准；整理依据：规格单位/材质/执行标准缺失，无法区分防护安全网SKU；导入口径：do_not_import_missing_specs；重分类：安全设施/防护网 -> 安全消防/防护网；分类置信度：high；防护安全网属现场安全防护设施。	2026-07-03
METAL-000035	方钢	规格：25*25		金属材料/型钢	米			25*25方钢	METAL-000035 方钢 原材料/型钢 米 规格：25*25 25*25方钢 25*25			candidate	needs_review	clarify_specs_before_use	purchase_2024_candidate_rows=449；purchase_2024_source_rows=450；draft_sku_id=SKU-DRAFT-000446	缺失规格：材质；壁厚；整理依据：壁厚/材质牌号缺失，无法区分方钢SKU；导入口径：do_not_import_missing_specs；重分类：原材料/型钢 -> 金属材料/型钢；分类置信度：high；方钢是型钢原材料。	2026-07-03
ELEC-000068	排风扇	规格：10寸		电气电料/通风设备	个			10寸排风扇	ELEC-000068 排风扇 电气材料/通风设备 个 规格：10寸 10寸排风扇 10寸			candidate	usable	confirm_before_use	purchase_2024_candidate_rows=450；purchase_2024_source_rows=451；draft_sku_id=SKU-DRAFT-000447	缺失规格：功率；电压；整理依据：功率/电压/安装方式缺失，按10寸排风扇候选；导入口径：confirm_then_import；重分类：电气材料/通风设备 -> 电气电料/通风设备；分类置信度：high；排风扇为电动通风器具；新建二级通风设备。	2026-07-03
ELEC-000069	插座	品牌：公牛；孔位：8孔		电气电料/插头插座	个			8孔公牛插座	ELEC-000069 插座 电气材料/插头插座 个 品牌：公牛 孔位：8孔 8孔公牛插座 公牛 8孔	公牛		candidate	needs_review	clarify_specs_before_use	purchase_2024_candidate_rows=451；purchase_2024_source_rows=452；draft_sku_id=SKU-DRAFT-000448	缺失规格：电流；整理依据：电流、线长、安装方式缺失，无法区分具体插座SKU；导入口径：do_not_import_missing_specs；重分类：电气材料/插头插座 -> 电气电料/插头插座；分类置信度：high；墙插和工业插座均属插头插座类。	2026-07-03
SAFE-000026	安全绳	类型：五点式；挂钩：双钩		劳保防护/高处防护	套			五点式双钩安全绳	SAFE-000026 安全绳 劳保耗材/坠落防护 套 类型：五点式 挂钩：双钩 五点式双钩安全绳 五点式 双钩			candidate	needs_review	clarify_specs_before_use	purchase_2024_candidate_rows=452；purchase_2024_source_rows=453；draft_sku_id=SKU-DRAFT-000449	缺失规格：执行标准；长度；整理依据：执行标准、长度、承载缺失，坠落防护用品关键规格不足；导入口径：do_not_import_missing_specs；重分类：劳保耗材/坠落防护 -> 劳保防护/高处防护；分类置信度：medium；样例含五点式双钩和安全绳，按人员坠落防护归口。	2026-07-03
MAT-CEM-000004	普通硅酸盐水泥	标号：PO42.5		建筑材料/水泥砂石	包			PO42.5水泥	MAT-CEM-000004 普通硅酸盐水泥 建筑材料/水泥砂石 包 标号：PO42.5 PO42.5水泥 PO42.5			candidate	usable	confirm_before_use	purchase_2024_candidate_rows=453；purchase_2024_source_rows=454；draft_sku_id=SKU-DRAFT-000450	缺失规格：品牌；整理依据：每包重量、品牌缺失；导入口径：confirm_then_import	2026-07-03
ELEC-000070	对讲机	品牌：长城；型号：A99；特征：高功率		弱电安防/通讯设备	个			A99长城高功率对讲机	ELEC-000070 对讲机 电气材料/通讯设备 个 品牌：长城 型号：A99 特征：高功率 A99长城高功率对讲机 长城 A99 高功率	长城	A99	active	standard	auto_select_allowed	purchase_2024_candidate_rows=454；purchase_2024_source_rows=455；draft_sku_id=SKU-DRAFT-000451	导入口径：import_ready；重分类：电气材料/通讯设备 -> 弱电安防/通讯设备；分类置信度：medium；对讲机属弱电通信设备；推荐无对应二级，按通讯设备新建。	2026-07-03
ELEC-000071	电缆线	品牌：起帆；规格：3*4+2*2.5		电气电料/电线电缆	米			3*4+2*2.5起帆电缆线；起帆3*4+2*2.5电线；3*4+2*2.5起帆电缆	ELEC-000071 电缆线 电气材料/电线电缆 米 品牌：起帆 规格：3*4+2*2.5 3*4+2*2.5起帆电缆线 起帆3*4+2*2.5电线 3*4+2*2.5起帆电缆 起帆 3*4+2*2.5	起帆		candidate	needs_review	clarify_specs_before_use	purchase_2024_candidate_rows=455；purchase_2024_source_rows=456；draft_sku_id=SKU-DRAFT-000452	缺失规格：材质；电压；整理依据：型号、导体材质、护套、电压等级缺失，无法区分电缆SKU；导入口径：do_not_import_missing_specs；重分类：电气材料/电线电缆 -> 电气电料/电线电缆；分类置信度：high；样例均为电缆线规格。	2026-07-03
ELEC-000072	电缆线	品牌：起帆；规格：3*1.5		电气电料/电线电缆	米			3*1.5起帆电缆线	ELEC-000072 电缆线 电气材料/电线电缆 米 品牌：起帆 规格：3*1.5 3*1.5起帆电缆线 起帆 3*1.5	起帆		candidate	needs_review	clarify_specs_before_use	purchase_2024_candidate_rows=456；purchase_2024_source_rows=457；draft_sku_id=SKU-DRAFT-000453	缺失规格：材质；电压；整理依据：型号、导体材质、护套、电压等级缺失，无法区分电缆SKU；导入口径：do_not_import_missing_specs；重分类：电气材料/电线电缆 -> 电气电料/电线电缆；分类置信度：high；样例均为电缆线规格。	2026-07-03
SPARE-000048	螺丝	规格：14*180		紧固件与连接件/螺丝	套			14*180螺丝	SPARE-000048 螺丝 五金备件/紧固件 套 规格：14*180 14*180螺丝 14*180			candidate	needs_review	clarify_specs_before_use	purchase_2024_candidate_rows=457；purchase_2024_source_rows=458；draft_sku_id=SKU-DRAFT-000454	缺失规格：材质；强度等级；整理依据：是否M14、材质、强度等级缺失；导入口径：do_not_import_missing_specs；重分类：五金备件/紧固件 -> 紧固件与连接件/螺丝；分类置信度：high；样例均为各规格螺丝，五金备件旧口径过宽。	2026-07-03
SPARE-000049	螺母	规格：14		紧固件与连接件/螺母	个			14螺母	SPARE-000049 螺母 五金备件/紧固件 个 规格：14 14螺母 14			candidate	needs_review	clarify_specs_before_use	purchase_2024_candidate_rows=458；purchase_2024_source_rows=459；draft_sku_id=SKU-DRAFT-000455	缺失规格：材质；强度等级；整理依据：是否M14、材质、强度等级缺失；导入口径：do_not_import_missing_specs；重分类：五金备件/紧固件 -> 紧固件与连接件/螺母；分类置信度：high；样例均为各规格螺母。	2026-07-03
FAST-000003	平垫片	规格：14		紧固件与连接件/垫圈	个			14垫片	FAST-000003 平垫片 五金备件/紧固件 个 规格：14 14垫片 14			candidate	usable	confirm_before_use	purchase_2024_candidate_rows=459；purchase_2024_source_rows=460；draft_sku_id=SKU-DRAFT-000456	缺失规格：材质；整理依据：是否M14、材质缺失；导入口径：confirm_then_import；重分类：五金备件/紧固件 -> 紧固件与连接件/垫圈；分类置信度：high；平垫片属垫圈类紧固件。	2026-07-03
SPARE-000050	弹簧垫片	规格：14		紧固件与连接件/垫圈	个			14弹簧垫片	SPARE-000050 弹簧垫片 五金备件/紧固件 个 规格：14 14弹簧垫片 14			candidate	usable	confirm_before_use	purchase_2024_candidate_rows=460；purchase_2024_source_rows=461；draft_sku_id=SKU-DRAFT-000457	缺失规格：材质；整理依据：是否M14、材质缺失；导入口径：confirm_then_import；重分类：五金备件/紧固件 -> 紧固件与连接件/垫圈；分类置信度：high；弹簧垫片属垫圈类紧固件。	2026-07-03
TOOL-000066	钻头	规格：16*100		工具耗材/钻头	个			16*100钻头	TOOL-000066 钻头 工具器具/工具配件 个 规格：16*100 16*100钻头 16*100			candidate	needs_review	clarify_specs_before_use	purchase_2024_candidate_rows=461；purchase_2024_source_rows=462；draft_sku_id=SKU-DRAFT-000458	缺失规格：材质；整理依据：材质、柄型缺失，无法区分钻头SKU；导入口径：do_not_import_missing_specs；重分类：工具器具/工具配件 -> 工具耗材/钻头；分类置信度：high；样例均为钻头类耗材，规格材质不拆物料族。	2026-07-03
MAT-000044	吨袋	承重/容量：1.5吨		包装覆盖周转/包装袋	个			1.5吨袋	MAT-000044 吨袋 包装材料/吨袋 个 承重/容量：1.5吨 1.5吨袋 1.5吨			candidate	usable	confirm_before_use	purchase_2024_candidate_rows=462；purchase_2024_source_rows=463；draft_sku_id=SKU-DRAFT-000459	缺失规格：尺寸；整理依据：尺寸、吊带形式缺失；导入口径：confirm_then_import；重分类：包装材料/吨袋 -> 包装覆盖周转/包装袋；分类置信度：high；吨袋属大宗包装袋，承重大小为规格。	2026-07-03
CONST-000007	土工布	类型：土工布		建筑材料/覆盖防护材料	米			土工布	CONST-000007 土工布 建筑材料/土工材料 米 类型：土工布			candidate	needs_review	clarify_specs_before_use	purchase_2024_candidate_rows=463；purchase_2024_source_rows=464；draft_sku_id=SKU-DRAFT-000460	缺失规格：宽度；整理依据：克重、宽度缺失，无法区分土工布SKU；导入口径：do_not_import_missing_specs；重分类：建筑材料/土工材料 -> 建筑材料/覆盖防护材料；分类置信度：medium；土工布用于土建覆盖隔离防护，归覆盖防护材料。	2026-07-03
TOOL-000067	风镐	型号：G150		电动气动工具/气动工具	台			G150风镐	TOOL-000067 风镐 工具器具/气动工具 台 型号：G150 G150风镐 G150		G150	candidate	usable	confirm_before_use	purchase_2024_candidate_rows=464；purchase_2024_source_rows=465；draft_sku_id=SKU-DRAFT-000461	缺失规格：品牌；整理依据：品牌、适配气压缺失；导入口径：confirm_then_import；重分类：工具器具/气动工具 -> 电动气动工具/气动工具；分类置信度：high；风镐为气动工具整机。	2026-07-03
TOOL-000068	羊毛刷	规格：4寸；材质：羊毛		工具耗材/刷具	支			4寸羊毛刷	TOOL-000068 羊毛刷 工具器具/涂装工具 支 规格：4寸 材质：羊毛 4寸羊毛刷 4寸 羊毛			active	standard	auto_select_allowed	purchase_2024_candidate_rows=465；purchase_2024_source_rows=466；draft_sku_id=SKU-DRAFT-000462	导入口径：import_ready；重分类：工具器具/涂装工具 -> 工具耗材/刷具；分类置信度：high；羊毛刷为涂装刷具耗材。	2026-07-03
TOOL-000069	丝锥	规格：M20		工具耗材/刀具	支			M20丝锥	TOOL-000069 丝锥 工具器具/工具配件 支 规格：M20 M20丝锥 M20			candidate	needs_review	clarify_specs_before_use	purchase_2024_candidate_rows=466；purchase_2024_source_rows=467；draft_sku_id=SKU-DRAFT-000463	缺失规格：材质；整理依据：牙距、材质缺失，无法区分丝锥SKU；导入口径：do_not_import_missing_specs；重分类：工具器具/工具配件 -> 工具耗材/刀具；分类置信度：medium；丝锥是攻丝刀具耗材；推荐二级无刀具，新增二级。	2026-07-03
CHEM-000036	万能胶	类型：万能胶		化工胶粘涂料/胶粘剂	桶			万能胶	CHEM-000036 万能胶 化工耗材/胶粘剂 桶 类型：万能胶			candidate	needs_review	clarify_specs_before_use	purchase_2024_candidate_rows=467；purchase_2024_source_rows=468；draft_sku_id=SKU-DRAFT-000464	缺失规格：品牌；容量；整理依据：品牌、容量缺失，无法区分包装SKU；导入口径：do_not_import_missing_specs；重分类：化工耗材/胶粘剂 -> 化工胶粘涂料/胶粘剂；分类置信度：high；万能胶属于胶粘剂；旧化工耗材按标准归并。	2026-07-03
PIPE-000085	注浆管	规格：DN25		管材管件阀门/管材	米			DN25注浆管	PIPE-000085 注浆管 工程材料/注浆材料 米 规格：DN25 DN25注浆管 DN25			candidate	needs_review	clarify_specs_before_use	purchase_2024_candidate_rows=468；purchase_2024_source_rows=469；draft_sku_id=SKU-DRAFT-000465	缺失规格：材质；压力等级；整理依据：材质、压力等级缺失，无法区分注浆管SKU；导入口径：do_not_import_missing_specs；重分类：工程材料/注浆材料 -> 管材管件阀门/管材；分类置信度：medium；DN25注浆管本质是施工管材，旧工程材料过宽。	2026-07-03
MAT-000045	混凝土圆斗	容量：3立方；用途：混凝土		施工机具设备/搬运设备	个			3立方混凝土圆斗	MAT-000045 混凝土圆斗 工程器具/料斗 个 容量：3立方 用途：混凝土 3立方混凝土圆斗 3立方 混凝土			candidate	usable	confirm_before_use	purchase_2024_candidate_rows=469；purchase_2024_source_rows=470；draft_sku_id=SKU-DRAFT-000466	缺失规格：材质；整理依据：材质、吊装方式缺失；导入口径：confirm_then_import；重分类：工程器具/料斗 -> 施工机具设备/搬运设备；分类置信度：medium；混凝土圆斗用于现场转运下料，归搬运设备。	2026-07-03
SPARE-000051	钢箱	加工定做：是；容量：4立方；材质：钢		定制加工件/金属加工件	个			加工定做4立方钢箱	SPARE-000051 钢箱 定制件/金属加工件 个 加工定做：是 容量：4立方 材质：钢 加工定做4立方钢箱 是 4立方 钢			candidate	needs_review	clarify_specs_before_use	purchase_2024_candidate_rows=470；purchase_2024_source_rows=471；draft_sku_id=SKU-DRAFT-000467	缺失规格：尺寸；整理依据：定制件图纸、尺寸、用途缺失，不能唯一确定加工件；导入口径：do_not_import_missing_specs；重分类：定制件/金属加工件 -> 定制加工件/金属加工件；分类置信度：high；加工定做钢箱为金属加工件。	2026-07-03
FAST-000004	膨胀螺丝	规格：M12*80		紧固件与连接件/膨胀锚栓	个			M12*80膨胀螺丝	FAST-000004 膨胀螺丝 五金备件/紧固件 个 规格：M12*80 M12*80膨胀螺丝 M12*80			candidate	usable	confirm_before_use	purchase_2024_candidate_rows=471；purchase_2024_source_rows=472；draft_sku_id=SKU-DRAFT-000468	缺失规格：材质；表面处理；整理依据：材质、表面处理缺失；导入口径：confirm_then_import；重分类：五金备件/紧固件 -> 紧固件与连接件/膨胀锚栓；分类置信度：high；样例均为膨胀螺丝，五金备件旧口径过宽。	2026-07-03
SAFE-000027	雨衣	类型：一次性		劳保防护/雨具	套			一次性雨衣	SAFE-000027 雨衣 劳保耗材/雨具 套 类型：一次性 一次性雨衣 一次性			candidate	usable	confirm_before_use	purchase_2024_candidate_rows=472；purchase_2024_source_rows=473；draft_sku_id=SKU-DRAFT-000469	缺失规格：材质；厚度；整理依据：材质、厚度缺失；导入口径：confirm_then_import；重分类：劳保耗材/雨具 -> 劳保防护/雨具；分类置信度：high；雨衣为劳保雨具。	2026-07-03
ELEC-000073	电缆线	品牌：起帆；规格：3*2.5		电气电料/电线电缆	米			3*2.5起帆电缆；3*2.5起帆电缆线	ELEC-000073 电缆线 电气材料/电线电缆 米 品牌：起帆 规格：3*2.5 3*2.5起帆电缆 3*2.5起帆电缆线 起帆 3*2.5	起帆		candidate	needs_review	clarify_specs_before_use	purchase_2024_candidate_rows=473；purchase_2024_source_rows=474；draft_sku_id=SKU-DRAFT-000470	缺失规格：材质；电压；整理依据：型号、导体材质、护套、电压等级缺失，无法区分电缆SKU；导入口径：do_not_import_missing_specs；重分类：电气材料/电线电缆 -> 电气电料/电线电缆；分类置信度：high；样例均为电缆线规格。	2026-07-03
FAST-000005	花篮螺丝	规格：M20；类型：花篮		吊装索具/牵引捆绑	个			M20花篮	FAST-000005 花篮螺丝 吊装索具/拉紧器 个 规格：M20 类型：花篮 M20花篮 M20 花篮			candidate	usable	confirm_before_use	purchase_2024_candidate_rows=474；purchase_2024_source_rows=475；draft_sku_id=SKU-DRAFT-000471	缺失规格：材质；整理依据：材质、载荷缺失；导入口径：confirm_then_import；重分类：吊装索具/拉紧器 -> 吊装索具/牵引捆绑；分类置信度：high；花篮螺丝是吊装牵引用拉紧器。	2026-07-03
MAT-000046	卷扬机	载荷：1吨		吊装索具/起重设备	台			1吨卷扬机	MAT-000046 卷扬机 吊装索具/起重设备 台 载荷：1吨 1吨卷扬机 1吨			candidate	needs_review	clarify_specs_before_use	purchase_2024_candidate_rows=475；purchase_2024_source_rows=476；draft_sku_id=SKU-DRAFT-000472	缺失规格：品牌；长度；电压；整理依据：电压、钢丝绳长度、品牌缺失，无法区分卷扬机SKU；导入口径：do_not_import_missing_specs	2026-07-03
METAL-000036	钢丝绳	直径：16mm		吊装索具/钢丝绳	米			16厘钢丝绳	METAL-000036 钢丝绳 吊装索具/钢丝绳 米 直径：16mm 16厘钢丝绳 16mm			candidate	needs_review	clarify_specs_before_use	purchase_2024_candidate_rows=476；purchase_2024_source_rows=477；draft_sku_id=SKU-DRAFT-000473	缺失规格：强度等级；整理依据：结构、强度等级缺失，无法区分钢丝绳SKU；导入口径：do_not_import_missing_specs	2026-07-03
MAT-000047	卸扣	载荷：8.5T		吊装索具/卸扣	个			8.5T卸扣	MAT-000047 卸扣 吊装索具/卸扣 个 载荷：8.5T 8.5T卸扣 8.5T			candidate	usable	confirm_before_use	purchase_2024_candidate_rows=477；purchase_2024_source_rows=478；draft_sku_id=SKU-DRAFT-000474	缺失规格：执行标准；整理依据：卸扣形式、执行标准缺失；导入口径：confirm_then_import	2026-07-03
MAT-000048	卸扣	载荷：3T		吊装索具/卸扣	个			3T卸扣	MAT-000048 卸扣 吊装索具/卸扣 个 载荷：3T 3T卸扣 3T			candidate	usable	confirm_before_use	purchase_2024_candidate_rows=478；purchase_2024_source_rows=479；draft_sku_id=SKU-DRAFT-000475	缺失规格：执行标准；整理依据：卸扣形式、执行标准缺失；导入口径：confirm_then_import	2026-07-03
SPARE-000052	钢筋扎丝	长度：50cm；包装：5kg		金属材料/金属丝材	件			50CM*5kg钢筋扎丝	SPARE-000052 钢筋扎丝 五金备件/金属丝材 件 长度：50cm 包装：5kg 50CM*5kg钢筋扎丝 50cm 5kg			candidate	needs_review	clarify_specs_before_use	purchase_2024_candidate_rows=479；purchase_2024_source_rows=480；draft_sku_id=SKU-DRAFT-000476	缺失规格：材质；整理依据：丝径、材质缺失，无法区分扎丝SKU；导入口径：do_not_import_missing_specs；重分类：五金备件/金属丝材 -> 金属材料/金属丝材；分类置信度：high；新建二级金属丝材；扎丝是金属线材，旧五金备件过泛。	2026-07-03
TOOL-000070	汽油桶	容量：20L；用途：汽油		包装覆盖周转/周转容器	个			20L汽油桶	TOOL-000070 汽油桶 工具器具/容器 个 容量：20L 用途：汽油 20L汽油桶 20L 汽油			candidate	usable	confirm_before_use	purchase_2024_candidate_rows=480；purchase_2024_source_rows=481；draft_sku_id=SKU-DRAFT-000477	缺失规格：材质；整理依据：材质、防爆要求缺失；导入口径：confirm_then_import；重分类：工具器具/容器 -> 包装覆盖周转/周转容器；分类置信度：high；20L汽油桶本质是周转储运容器。	2026-07-03
CHEM-000037	齿轮油	型号：HL-20		化工胶粘涂料/润滑剂	升			HL-20齿轮油	CHEM-000037 齿轮油 化工耗材/润滑油 升 型号：HL-20 HL-20齿轮油 HL-20		HL-20	candidate	usable	confirm_before_use	purchase_2024_candidate_rows=481；purchase_2024_source_rows=482；draft_sku_id=SKU-DRAFT-000478	缺失规格：品牌；整理依据：品牌、包装缺失；导入口径：confirm_then_import；重分类：化工耗材/润滑油 -> 化工胶粘涂料/润滑剂；分类置信度：high；齿轮油为润滑油，旧化工耗材口径过泛。	2026-07-03
WELD-000012	焊条	直径：5.0		焊接切割/焊接耗材	件			5.0电焊条	WELD-000012 焊条 焊接耗材/焊材 件 直径：5.0 5.0电焊条 5.0			candidate	needs_review	clarify_specs_before_use	purchase_2024_candidate_rows=482；purchase_2024_source_rows=483；draft_sku_id=SKU-DRAFT-000479	缺失规格：型号；规格；材质；包装重量；适用工艺；整理依据：牌号、包装缺失，无法区分焊条SKU；导入口径：do_not_import_missing_specs；重分类：焊接耗材/焊材 -> 焊接切割/焊接耗材；分类置信度：high；样例均为电焊条，归焊接耗材。	2026-07-03
WELD-000013	焊条	直径：4.0		焊接切割/焊接耗材	件			4.0电焊条	WELD-000013 焊条 焊接耗材/焊材 件 直径：4.0 4.0电焊条 4.0			candidate	needs_review	clarify_specs_before_use	purchase_2024_candidate_rows=483；purchase_2024_source_rows=484；draft_sku_id=SKU-DRAFT-000480	缺失规格：型号；规格；材质；包装重量；适用工艺；整理依据：牌号、包装缺失，无法区分焊条SKU；导入口径：do_not_import_missing_specs；重分类：焊接耗材/焊材 -> 焊接切割/焊接耗材；分类置信度：high；样例均为电焊条，归焊接耗材。	2026-07-03
CHEM-000038	植筋胶	类型：注射式		化工胶粘涂料/胶粘剂	支			注射式植筋胶	CHEM-000038 植筋胶 化工耗材/胶粘剂 支 类型：注射式 注射式植筋胶 注射式			candidate	needs_review	clarify_specs_before_use	purchase_2024_candidate_rows=484；purchase_2024_source_rows=485；draft_sku_id=SKU-DRAFT-000481	缺失规格：品牌；容量；整理依据：容量、品牌、固化剂体系缺失，无法区分植筋胶SKU；导入口径：do_not_import_missing_specs；重分类：化工耗材/胶粘剂 -> 化工胶粘涂料/胶粘剂；分类置信度：high；植筋胶是结构胶粘剂。	2026-07-03
SPARE-000053	铁钉	规格：3寸		紧固件与连接件/钉	KG			3寸铁钉	SPARE-000053 铁钉 五金备件/紧固件 KG 规格：3寸 3寸铁钉 3寸			candidate	usable	confirm_before_use	purchase_2024_candidate_rows=485；purchase_2024_source_rows=486；draft_sku_id=SKU-DRAFT-000482	缺失规格：材质；表面处理；整理依据：材质、表面处理缺失；导入口径：confirm_then_import；重分类：五金备件/紧固件 -> 紧固件与连接件/钉；分类置信度：high；新建二级钉；铁钉为钉类紧固件，旧五金备件过泛。	2026-07-03
ELEC-000074	电源适配器	输出：12V 1A		电气电料/低压电器	个			12V1A适配器	ELEC-000074 电源适配器 电气材料/电源电器 个 输出：12V 1A 12V1A适配器 12V 1A			candidate	needs_review	clarify_specs_before_use	purchase_2024_candidate_rows=486；purchase_2024_source_rows=487；draft_sku_id=SKU-DRAFT-000483	缺失规格：规格；电压；整理依据：输入电压、接口规格缺失，无法区分适配器SKU；导入口径：do_not_import_missing_specs；重分类：电气材料/电源电器 -> 电气电料/低压电器；分类置信度：high；12V适配器为低压电源元件。	2026-07-03
SAFE-000028	反射片	规格：3*3		安全消防/警示标识	片			3*3反射片	SAFE-000028 反射片 安全设施/反光材料 片 规格：3*3 3*3反射片 3*3			candidate	needs_review	clarify_specs_before_use	purchase_2024_candidate_rows=487；purchase_2024_source_rows=488；draft_sku_id=SKU-DRAFT-000484	缺失规格：材质；颜色；整理依据：规格单位、材质、颜色缺失；导入口径：do_not_import_missing_specs；重分类：安全设施/反光材料 -> 安全消防/警示标识；分类置信度：high；反射片用于安全反光警示，规格差异不拆分。	2026-07-03
SAFE-000029	反射片	规格：5*5		安全消防/警示标识	片			5*5反射片	SAFE-000029 反射片 安全设施/反光材料 片 规格：5*5 5*5反射片 5*5			candidate	needs_review	clarify_specs_before_use	purchase_2024_candidate_rows=488；purchase_2024_source_rows=489；draft_sku_id=SKU-DRAFT-000485	缺失规格：材质；颜色；整理依据：规格单位、材质、颜色缺失；导入口径：do_not_import_missing_specs；重分类：安全设施/反光材料 -> 安全消防/警示标识；分类置信度：high；反射片用于安全反光警示，规格差异不拆分。	2026-07-03
TOOL-000071	海绵拖把	特征：加长；材质：海绵		清洁办公后勤/清洁工具	把			加长海绵拖把	TOOL-000071 海绵拖把 劳保耗材/清洁工具 把 特征：加长 材质：海绵 加长海绵拖把 加长 海绵			active	standard	auto_select_allowed	purchase_2024_candidate_rows=489；purchase_2024_source_rows=490；draft_sku_id=SKU-DRAFT-000486	导入口径：import_ready；重分类：劳保耗材/清洁工具 -> 清洁办公后勤/清洁工具；分类置信度：high；海绵拖把是清洁工具，旧劳保耗材错误。	2026-07-03
PIPE-000086	钢丝增强管	规格：1寸；结构：钢丝增强		管材管件阀门/管材	米			1寸钢丝增强管	PIPE-000086 钢丝增强管 工程材料/软管 米 规格：1寸 结构：钢丝增强 1寸钢丝增强管 1寸 钢丝增强			candidate	needs_review	clarify_specs_before_use	purchase_2024_candidate_rows=490；purchase_2024_source_rows=491；draft_sku_id=SKU-DRAFT-000487	缺失规格：材质；压力等级；整理依据：压力等级、管体材质缺失，无法区分软管SKU；导入口径：do_not_import_missing_specs；重分类：工程材料/软管 -> 管材管件阀门/管材；分类置信度：high；钢丝增强软管本质为管材，旧工程材料过泛。	2026-07-03
PIPE-000087	PPR热熔管	规格：4分；材质：PPR；连接：热熔		管材管件阀门/管材	米			4分PPR热融管	PIPE-000087 PPR热熔管 工程材料/PPR管件 米 规格：4分 材质：PPR 连接：热熔 4分PPR热融管 4分 PPR 热熔			candidate	needs_review	clarify_specs_before_use	purchase_2024_candidate_rows=491；purchase_2024_source_rows=492；draft_sku_id=SKU-DRAFT-000488	缺失规格：品牌；压力等级；整理依据：压力等级、品牌缺失，PPR管关键规格不足；导入口径：do_not_import_missing_specs；重分类：工程材料/PPR管件 -> 管材管件阀门/管材；分类置信度：high；样例为PPR热熔管，属于管材而非管件。	2026-07-03
ELEC-TIE-000003	扎带	规格：10*50；包装：200根/包		电气电料/电气辅材	包			10*50扎带200根	ELEC-TIE-000003 扎带 电气材料/扎带 包 规格：10*50 包装：200根/包 10*50扎带200根 10*50 200根/包			candidate	usable	confirm_before_use	purchase_2024_candidate_rows=492；purchase_2024_source_rows=493；draft_sku_id=SKU-DRAFT-000489	缺失规格：材质；整理依据：材质缺失；导入口径：confirm_then_import；重分类：电气材料/扎带 -> 电气电料/电气辅材；分类置信度：high；扎带常作线缆固定辅材，规格差异不拆分。	2026-07-03
CONST-000008	顶托	规格：30*500；特征：厚		建筑材料/脚手架配件	支			30*500厚顶托	CONST-000008 顶托 建筑材料/脚手架配件 支 规格：30*500 特征：厚 30*500厚顶托 30*500 厚			candidate	usable	confirm_before_use	purchase_2024_candidate_rows=493；purchase_2024_source_rows=494；draft_sku_id=SKU-DRAFT-000490	缺失规格：材质；表面处理；整理依据：材质、表面处理缺失；导入口径：confirm_then_import	2026-07-03
WELD-000014	电焊钳	电流：500A		焊接切割/焊割工具	支			500A电焊钳	WELD-000014 电焊钳 焊接耗材/焊割工具 支 电流：500A 500A电焊钳 500A			active	standard	auto_select_allowed	purchase_2024_candidate_rows=494；purchase_2024_source_rows=495；draft_sku_id=SKU-DRAFT-000491	导入口径：import_ready；重分类：焊接耗材/焊割工具 -> 焊接切割/焊割工具；分类置信度：high；电焊钳是焊接夹持工具，旧耗材口径不准确。	2026-07-03
SPARE-000054	深井潜水泵	功率：1.1kW；类型：深井潜水泵		施工机具设备/泵类设备	台			1.1千瓦深井潜水泵	SPARE-000054 深井潜水泵 设备/泵类设备 台 功率：1.1kW 类型：深井潜水泵 1.1千瓦深井潜水泵 1.1kW			candidate	needs_review	clarify_specs_before_use	purchase_2024_candidate_rows=495；purchase_2024_source_rows=496；draft_sku_id=SKU-DRAFT-000492	缺失规格：电压；流量；扬程；整理依据：扬程、流量、电压缺失，无法区分泵SKU；导入口径：do_not_import_missing_specs；重分类：设备/泵类设备 -> 施工机具设备/泵类设备；分类置信度：high；深井潜水泵是整台泵类设备。	2026-07-03
CHEM-000039	海绵双面胶	基材：海绵；类型：双面胶		包装覆盖周转/胶带	卷			海绵双面胶	CHEM-000039 海绵双面胶 化工耗材/胶粘带 卷 基材：海绵 类型：双面胶 海绵 双面胶			candidate	needs_review	clarify_specs_before_use	purchase_2024_candidate_rows=496；purchase_2024_source_rows=497；draft_sku_id=SKU-DRAFT-000493	缺失规格：长度；宽度；整理依据：宽度、长度缺失，无法区分胶带SKU；导入口径：do_not_import_missing_specs；重分类：化工耗材/胶粘带 -> 包装覆盖周转/胶带；分类置信度：high；海绵双面胶按胶带类归并。	2026-07-03
SPARE-000055	污水泵	功率：1.5kW；类型：污水泵		施工机具设备/泵类设备	台			1.5千瓦污水泵	SPARE-000055 污水泵 设备/泵类设备 台 功率：1.5kW 类型：污水泵 1.5千瓦污水泵 1.5kW			candidate	needs_review	clarify_specs_before_use	purchase_2024_candidate_rows=497；purchase_2024_source_rows=498；draft_sku_id=SKU-DRAFT-000494	缺失规格：电压；流量；扬程；整理依据：流量、扬程、电压缺失，无法区分泵SKU；导入口径：do_not_import_missing_specs；重分类：设备/泵类设备 -> 施工机具设备/泵类设备；分类置信度：high；污水泵为整台泵类设备，不是备件。	2026-07-03
PIPE-000088	PPR热熔接头	规格：4分；材质：PPR；连接：热熔		管材管件阀门/直接	个			4分热熔接头	PIPE-000088 PPR热熔接头 工程材料/PPR管件 个 规格：4分 材质：PPR 连接：热熔 4分热熔接头 4分 PPR 热熔			candidate	needs_review	clarify_specs_before_use	purchase_2024_candidate_rows=498；purchase_2024_source_rows=499；draft_sku_id=SKU-DRAFT-000495	缺失规格：品牌；接头形式；整理依据：接头形式、品牌缺失，无法区分PPR管件SKU；导入口径：do_not_import_missing_specs；重分类：工程材料/PPR管件 -> 管材管件阀门/直接；分类置信度：high；热熔是连接方式，接头按直接类管件归类。	2026-07-03
PIPE-000089	镀锌管	规格：DN20；表面：镀锌		金属材料/钢管	米			DN20镀锌管	PIPE-000089 镀锌管 原材料/钢管 米 规格：DN20 表面：镀锌 DN20镀锌管 DN20 镀锌			candidate	needs_review	clarify_specs_before_use	purchase_2024_candidate_rows=499；purchase_2024_source_rows=500；draft_sku_id=SKU-DRAFT-000496	缺失规格：执行标准；壁厚；整理依据：壁厚、执行标准缺失，无法区分钢管SKU；导入口径：do_not_import_missing_specs；重分类：原材料/钢管 -> 金属材料/钢管；分类置信度：high；镀锌管作为钢管原材料管理。	2026-07-03
ADMIN-000013	记号笔	颜色：黑色		清洁办公后勤/办公用品	支			黑色笔；黑色记号笔	ADMIN-000013 记号笔 办公/标识耗材 支 颜色：黑色 黑色笔 黑色记号笔 黑色			candidate	usable	confirm_before_use	purchase_2024_candidate_rows=500；purchase_2024_source_rows=501；draft_sku_id=SKU-DRAFT-000497	缺失规格：品牌；整理依据：品牌缺失；导入口径：confirm_then_import；重分类：办公/标识耗材 -> 清洁办公后勤/办公用品；分类置信度：high；记号笔为办公书写用品，耗材低耗不作分类。	2026-07-03
SAFE-000030	彩条布	宽度：4米		包装覆盖周转/覆盖材料	平方			4米彩条布	SAFE-000030 彩条布 建筑材料/防护覆盖 平方 宽度：4米 4米彩条布 4米			candidate	usable	confirm_before_use	purchase_2024_candidate_rows=501；purchase_2024_source_rows=502；draft_sku_id=SKU-DRAFT-000498	缺失规格：材质；整理依据：克重/材质缺失，需确认是否影响同宽度SKU；导入口径：confirm_then_import；重分类：建筑材料/防护覆盖 -> 包装覆盖周转/覆盖材料；分类置信度：high；彩条布用于覆盖防护，旧工程材料过宽。	2026-07-03
MAT-000049	止水蝴蝶扣	规格：16*600		紧固件与连接件/卡扣	套			16*600止水蝴蝶扣	MAT-000049 止水蝴蝶扣 建筑材料/止水紧固 套 规格：16*600 16*600止水蝴蝶扣 16*600			candidate	usable	confirm_before_use	purchase_2024_candidate_rows=502；purchase_2024_source_rows=503；draft_sku_id=SKU-DRAFT-000499	缺失规格：材质；整理依据：材质/配套螺杆信息缺失；导入口径：confirm_then_import；重分类：建筑材料/止水紧固 -> 紧固件与连接件/卡扣；分类置信度：medium；止水蝴蝶扣是止水螺杆配套卡扣，旧建筑材料过宽。	2026-07-03
SPARE-000056	螺母	规格：16		紧固件与连接件/螺母	个			16螺母	SPARE-000056 螺母 五金备件/紧固件 个 规格：16 16螺母 16			candidate	usable	confirm_before_use	purchase_2024_candidate_rows=503；purchase_2024_source_rows=504；draft_sku_id=SKU-DRAFT-000500	缺失规格：材质；整理依据：原规格未明确是否为M16，材质缺失；导入口径：confirm_then_import；重分类：五金备件/紧固件 -> 紧固件与连接件/螺母；分类置信度：high；样例均为各规格螺母。	2026-07-03
TOOL-000072	加长套筒	规格：18*200；特征：加长		工具量具/手动工具	个			18*200加长套筒	TOOL-000072 加长套筒 工具器具/手动工具 个 规格：18*200 特征：加长 18*200加长套筒 18*200 加长			candidate	usable	confirm_before_use	purchase_2024_candidate_rows=504；purchase_2024_source_rows=505；draft_sku_id=SKU-DRAFT-000501	缺失规格：品牌；型号；整理依据：驱动方孔规格缺失；导入口径：confirm_then_import；重分类：工具器具/手动工具 -> 工具量具/手动工具；分类置信度：high；套筒属手动工具。	2026-07-03
CONST-000009	顶托	规格：38*600；特征：厚		建筑材料/脚手架配件	套			38*600厚顶托	CONST-000009 顶托 建筑材料/脚手架配件 套 规格：38*600 特征：厚 38*600厚顶托 38*600 厚			candidate	usable	confirm_before_use	purchase_2024_candidate_rows=505；purchase_2024_source_rows=506；draft_sku_id=SKU-DRAFT-000502	缺失规格：材质；表面处理；整理依据：材质/表面处理缺失；导入口径：confirm_then_import	2026-07-03
MAT-CEM-000005	中砂	类型：中砂		建筑材料/水泥砂石	包			中沙	MAT-CEM-000005 中砂 建筑材料/水泥砂石 包 类型：中砂 中沙			candidate	needs_review	clarify_specs_before_use	purchase_2024_candidate_rows=506；purchase_2024_source_rows=507；draft_sku_id=SKU-DRAFT-000503	缺失规格：强度等级；包装重量；品牌；整理依据：标准单位为包但每包重量缺失，含泥量未明确；导入口径：do_not_import_missing_specs	2026-07-03
TOOL-000073	垃圾桶	规格：大号		清洁办公后勤/清洁工具	个			大垃圾桶	TOOL-000073 垃圾桶 劳保耗材/清洁工具 个 规格：大号 大垃圾桶 大号			candidate	needs_review	clarify_specs_before_use	purchase_2024_candidate_rows=507；purchase_2024_source_rows=508；draft_sku_id=SKU-DRAFT-000504	缺失规格：材质；容量；整理依据：容量/材质缺失，仅“大号”无法稳定区分SKU；导入口径：do_not_import_missing_specs；重分类：劳保耗材/清洁工具 -> 清洁办公后勤/清洁工具；分类置信度：high；垃圾桶用于现场清洁收集，容量配置为规格。	2026-07-03
MAT-000050	编织袋	规格：大号		包装覆盖周转/包装袋	个			大编织袋；大号编织袋	MAT-000050 编织袋 包装材料/编织袋 个 规格：大号 大编织袋 大号编织袋 大号			candidate	needs_review	clarify_specs_before_use	purchase_2024_candidate_rows=508；purchase_2024_source_rows=509；draft_sku_id=SKU-DRAFT-000505	缺失规格：尺寸；整理依据：尺寸/承重缺失，仅“大号”无法稳定区分SKU；导入口径：do_not_import_missing_specs；重分类：包装材料/编织袋 -> 包装覆盖周转/包装袋；分类置信度：high；编织袋属于包装袋。	2026-07-03
CHEM-000040	调和漆	类型：调和漆；颜色：黑色		化工胶粘涂料/涂料	桶			黑色调和漆	CHEM-000040 调和漆 化工耗材/涂料 桶 类型：调和漆 颜色：黑色 黑色调和漆 黑色			candidate	needs_review	clarify_specs_before_use	purchase_2024_candidate_rows=509；purchase_2024_source_rows=510；draft_sku_id=SKU-DRAFT-000506	缺失规格：品牌；容量；整理依据：包装容量/品牌缺失，需确认是否影响SKU；导入口径：do_not_import_missing_specs；重分类：化工耗材/涂料 -> 化工胶粘涂料/涂料；分类置信度：high；调和漆属于涂料。	2026-07-03
ELEC-000075	LED浴室灯	功率：50W；类型：浴室灯		电气电料/照明灯具	个			50WLED浴室灯	ELEC-000075 LED浴室灯 电气材料/照明 个 功率：50W 类型：浴室灯 50WLED浴室灯 50W 浴室灯			candidate	usable	confirm_before_use	purchase_2024_candidate_rows=510；purchase_2024_source_rows=511；draft_sku_id=SKU-DRAFT-000507	缺失规格：品牌；型号；整理依据：防水等级/色温缺失；导入口径：confirm_then_import；重分类：电气材料/照明 -> 电气电料/照明灯具；分类置信度：high；浴室灯是照明灯具，功率仅为规格。	2026-07-03
CONST-000010	彩钢瓦	规格：1*0.84		建筑材料/装饰材料	米			1*0.84彩钢瓦	CONST-000010 彩钢瓦 建筑材料/板材 米 规格：1*0.84 1*0.84彩钢瓦 1*0.84			candidate	needs_review	clarify_specs_before_use	purchase_2024_candidate_rows=511；purchase_2024_source_rows=512；draft_sku_id=SKU-DRAFT-000508	缺失规格：厚度；颜色；整理依据：厚度/颜色缺失，规格维度含义未完全明确；导入口径：do_not_import_missing_specs；重分类：建筑材料/板材 -> 建筑材料/装饰材料；分类置信度：high；彩钢瓦为建筑屋面围护板材。	2026-07-03
CONST-000011	彩钢瓦	规格：1.6*0.84		建筑材料/装饰材料	米			1.6*0.84彩钢瓦	CONST-000011 彩钢瓦 建筑材料/板材 米 规格：1.6*0.84 1.6*0.84彩钢瓦 1.6*0.84			candidate	needs_review	clarify_specs_before_use	purchase_2024_candidate_rows=512；purchase_2024_source_rows=513；draft_sku_id=SKU-DRAFT-000509	缺失规格：厚度；颜色；整理依据：厚度/颜色缺失，规格维度含义未完全明确；导入口径：do_not_import_missing_specs；重分类：建筑材料/板材 -> 建筑材料/装饰材料；分类置信度：high；彩钢瓦为建筑屋面围护板材。	2026-07-03
MAT-000051	止水针头	长度：10cm		建筑材料/防水材料	个			止水针头10CM	MAT-000051 止水针头 工程材料/堵漏注浆材料 个 长度：10cm 止水针头10CM 10cm			candidate	needs_review	clarify_specs_before_use	purchase_2024_candidate_rows=513；purchase_2024_source_rows=514；draft_sku_id=SKU-DRAFT-000510	缺失规格：材质；直径；整理依据：直径/材质缺失；导入口径：do_not_import_missing_specs；重分类：工程材料/堵漏注浆材料 -> 建筑材料/防水材料；分类置信度：high；止水针头是堵漏注浆用防水耗材。	2026-07-03
MAT-000052	止水针头	长度：15cm		建筑材料/防水材料	个			止水针头15CM	MAT-000052 止水针头 工程材料/堵漏注浆材料 个 长度：15cm 止水针头15CM 15cm			candidate	needs_review	clarify_specs_before_use	purchase_2024_candidate_rows=514；purchase_2024_source_rows=515；draft_sku_id=SKU-DRAFT-000511	缺失规格：材质；直径；整理依据：直径/材质缺失；导入口径：do_not_import_missing_specs；重分类：工程材料/堵漏注浆材料 -> 建筑材料/防水材料；分类置信度：high；止水针头是堵漏注浆用防水耗材。	2026-07-03
CHEM-000041	聚氨酯堵漏剂	材质：聚氨酯；类型：油性		化工胶粘涂料/密封材料	KG			油性聚氨酯堵漏剂	CHEM-000041 聚氨酯堵漏剂 化工耗材/堵漏材料 KG 材质：聚氨酯 类型：油性 油性聚氨酯堵漏剂 聚氨酯 油性			candidate	usable	confirm_before_use	purchase_2024_candidate_rows=515；purchase_2024_source_rows=516；draft_sku_id=SKU-DRAFT-000512	缺失规格：品牌；整理依据：品牌/包装缺失，需确认是否影响SKU；导入口径：confirm_then_import；重分类：化工耗材/堵漏材料 -> 化工胶粘涂料/密封材料；分类置信度：high；聚氨酯堵漏剂用于防水堵漏密封，化工耗材旧口径不保留。	2026-07-03
CHEM-000042	聚氨酯堵漏剂	材质：聚氨酯；类型：水性		化工胶粘涂料/密封材料	KG			水性聚氨酯堵漏剂	CHEM-000042 聚氨酯堵漏剂 化工耗材/堵漏材料 KG 材质：聚氨酯 类型：水性 水性聚氨酯堵漏剂 聚氨酯 水性			candidate	usable	confirm_before_use	purchase_2024_candidate_rows=516；purchase_2024_source_rows=517；draft_sku_id=SKU-DRAFT-000513	缺失规格：品牌；整理依据：品牌/包装缺失，需确认是否影响SKU；导入口径：confirm_then_import；重分类：化工耗材/堵漏材料 -> 化工胶粘涂料/密封材料；分类置信度：high；聚氨酯堵漏剂用于防水堵漏密封，化工耗材旧口径不保留。	2026-07-03
SPARE-000057	长螺杆	规格：14*200；类型：长螺杆		紧固件与连接件/螺杆	套			14*200长螺杆	SPARE-000057 长螺杆 五金备件/紧固件 套 规格：14*200 类型：长螺杆 14*200长螺杆 14*200			candidate	usable	confirm_before_use	purchase_2024_candidate_rows=517；purchase_2024_source_rows=518；draft_sku_id=SKU-DRAFT-000514	缺失规格：材质；整理依据：原规格未明确是否为M14，材质缺失；导入口径：confirm_then_import；重分类：五金备件/紧固件 -> 紧固件与连接件/螺杆；分类置信度：high；长螺杆为螺杆类紧固件，旧五金备件过泛。	2026-07-03
TOOL-000074	防火涂层测厚仪	用途：防火涂层测厚		工具量具/检测仪器	台			防火涂层测厚仪	TOOL-000074 防火涂层测厚仪 工具器具/检测仪器 台 用途：防火涂层测厚 防火涂层测厚			candidate	needs_review	clarify_specs_before_use	purchase_2024_candidate_rows=518；purchase_2024_source_rows=519；draft_sku_id=SKU-DRAFT-000515	缺失规格：品牌；型号；量程；精度；整理依据：量程/精度/品牌缺失，无法稳定区分型号；导入口径：do_not_import_missing_specs；重分类：工具器具/检测仪器 -> 工具量具/检测仪器；分类置信度：high；测厚仪为检测仪器。	2026-07-03
ELEC-000076	网线防水对接头	特征：防水；用途：网络对接		弱电安防/网络材料	个			防水网络对接头；防水网线对接头	ELEC-000076 网线防水对接头 电气材料/弱电材料 个 特征：防水 用途：网络对接 防水网络对接头 防水网线对接头 防水 网络对接			candidate	needs_review	clarify_specs_before_use	purchase_2024_candidate_rows=519；purchase_2024_source_rows=520；draft_sku_id=SKU-DRAFT-000516	缺失规格：规格；整理依据：接口规格/IP等级缺失；导入口径：do_not_import_missing_specs；重分类：电气材料/弱电材料 -> 弱电安防/网络材料；分类置信度：high；防水网线对接头属于弱电网络材料，旧电气材料偏宽。	2026-07-03
METAL-000037	钢丝绳夹头	规格：M10		吊装索具/钢丝绳	个			M10钢丝绳夹头	METAL-000037 钢丝绳夹头 吊装索具/钢丝绳配件 个 规格：M10 M10钢丝绳夹头 M10			candidate	usable	confirm_before_use	purchase_2024_candidate_rows=520；purchase_2024_source_rows=521；draft_sku_id=SKU-DRAFT-000517	缺失规格：材质；直径；整理依据：适配钢丝绳直径/材质缺失；导入口径：confirm_then_import；重分类：吊装索具/钢丝绳配件 -> 吊装索具/钢丝绳；分类置信度：high；夹头是钢丝绳端部固定配件。	2026-07-03
MAT-000053	编织袋	规格：小号		包装覆盖周转/包装袋	个			小编织袋	MAT-000053 编织袋 包装材料/编织袋 个 规格：小号 小编织袋 小号			candidate	needs_review	clarify_specs_before_use	purchase_2024_candidate_rows=521；purchase_2024_source_rows=522；draft_sku_id=SKU-DRAFT-000518	缺失规格：尺寸；整理依据：尺寸/承重缺失，仅“小号”无法稳定区分SKU；导入口径：do_not_import_missing_specs；重分类：包装材料/编织袋 -> 包装覆盖周转/包装袋；分类置信度：high；编织袋属于包装袋。	2026-07-03
SAFE-000031	防坠安全网	定制：是；用途：防坠		安全消防/防护网	平方			定做防坠安全网	SAFE-000031 防坠安全网 定制件/安全防护 平方 定制：是 用途：防坠 定做防坠安全网 是 防坠			candidate	needs_review	clarify_specs_before_use	purchase_2024_candidate_rows=522；purchase_2024_source_rows=523；draft_sku_id=SKU-DRAFT-000519	缺失规格：材质；执行标准；整理依据：定制件，网孔/材质/执行标准缺失；导入口径：do_not_import_missing_specs；重分类：定制件/安全防护 -> 安全消防/防护网；分类置信度：high；防坠安全网为现场安全防护网。	2026-07-03
CHEM-000043	橡胶支座	定制：是；材质：橡胶；类型：支座		定制加工件/橡胶加工件	个			定做橡胶支座	CHEM-000043 橡胶支座 定制件/橡胶件 个 定制：是 材质：橡胶 类型：支座 定做橡胶支座 是 橡胶 支座			candidate	needs_review	clarify_specs_before_use	purchase_2024_candidate_rows=523；purchase_2024_source_rows=524；draft_sku_id=SKU-DRAFT-000520	缺失规格：尺寸；整理依据：定制件，图纸/尺寸/硬度缺失；导入口径：do_not_import_missing_specs；重分类：定制件/橡胶件 -> 定制加工件/橡胶加工件；分类置信度：high；定做橡胶支座为非标橡胶加工件。	2026-07-03
SAFE-000032	电子血压计	品牌：鱼跃；类型：电子血压计		劳保防护/急救用品	台			鱼跃电子血压计	SAFE-000032 电子血压计 劳保耗材/急救用品 台 品牌：鱼跃 类型：电子血压计 鱼跃电子血压计 鱼跃	鱼跃		candidate	needs_review	clarify_specs_before_use	purchase_2024_candidate_rows=524；purchase_2024_source_rows=525；draft_sku_id=SKU-DRAFT-000521	缺失规格：型号；整理依据：型号缺失，需按型号区分SKU；导入口径：do_not_import_missing_specs；重分类：劳保耗材/急救用品 -> 劳保防护/急救用品；分类置信度：medium；现场急救健康用品，标准表无急救二级，新增急救用品。	2026-07-03
ELEC-000077	太阳能LED灯	品牌：公牛；功率：80W；供电：太阳能		电气电料/照明灯具	套			公牛80w太阳能LED灯	ELEC-000077 太阳能LED灯 电气材料/照明 套 品牌：公牛 功率：80W 供电：太阳能 公牛80w太阳能LED灯 公牛 80W 太阳能	公牛		candidate	usable	confirm_before_use	purchase_2024_candidate_rows=525；purchase_2024_source_rows=526；draft_sku_id=SKU-DRAFT-000522	缺失规格：容量；整理依据：电池容量/防水等级缺失；导入口径：confirm_then_import；重分类：电气材料/照明 -> 电气电料/照明灯具；分类置信度：high；LED灯属照明灯具，供电方式为规格特征。	2026-07-03
SAFE-000033	安全帽一字带	适用：安全帽；类型：一字带		劳保防护/头部防护	只			安全帽一字带	SAFE-000033 安全帽一字带 劳保耗材/头部防护配件 只 适用：安全帽 类型：一字带 安全帽 一字带			candidate	usable	confirm_before_use	purchase_2024_candidate_rows=526；purchase_2024_source_rows=527；draft_sku_id=SKU-DRAFT-000523	缺失规格：型号；整理依据：适配型号缺失；导入口径：confirm_then_import；重分类：劳保耗材/头部防护配件 -> 劳保防护/头部防护；分类置信度：high；安全帽一字带是头部防护配件。	2026-07-03
ELEC-000078	LED灯带	品牌：雷士；电压：36V；灯珠：120珠		电气电料/照明灯具	米			雷士36V120珠灯带LED	ELEC-000078 LED灯带 电气材料/照明 米 品牌：雷士 电压：36V 灯珠：120珠 雷士36V120珠灯带LED 雷士 36V 120珠	雷士		candidate	needs_review	clarify_specs_before_use	purchase_2024_candidate_rows=527；purchase_2024_source_rows=528；draft_sku_id=SKU-DRAFT-000524	缺失规格：功率；整理依据：功率/色温/IP等级缺失；导入口径：do_not_import_missing_specs；重分类：电气材料/照明 -> 电气电料/照明灯具；分类置信度：high；LED灯带属于照明灯具；旧电气材料归并到电气电料。	2026-07-03
ELEC-000079	开关电源	输出电压：36V；功率：400W		电气电料/低压电器	个			36V 400w电源	ELEC-000079 开关电源 电气材料/电源电器 个 输出电压：36V 功率：400W 36V 400w电源 36V 400W			candidate	usable	confirm_before_use	purchase_2024_candidate_rows=528；purchase_2024_source_rows=529；draft_sku_id=SKU-DRAFT-000525	缺失规格：电压；整理依据：输入电压/IP等级缺失；导入口径：confirm_then_import；重分类：电气材料/电源电器 -> 电气电料/低压电器；分类置信度：high；开关电源属低压电源电器。	2026-07-03
SPARE-000058	潜水泵	电压：380V；功率：2.2kW		施工机具设备/泵类设备	台			380V 2.2千w潜水泵	SPARE-000058 潜水泵 设备/泵类设备 台 电压：380V 功率：2.2kW 380V 2.2千w潜水泵 380V 2.2kW			candidate	needs_review	clarify_specs_before_use	purchase_2024_candidate_rows=529；purchase_2024_source_rows=530；draft_sku_id=SKU-DRAFT-000526	缺失规格：型号；流量；扬程；整理依据：流量/扬程缺失，无法稳定区分型号；导入口径：do_not_import_missing_specs；重分类：设备/泵类设备 -> 施工机具设备/泵类设备；分类置信度：high；潜水泵是整台泵类设备。	2026-07-03
TOOL-000075	五坑钻头	品牌：方大同；规格：35*500；柄型：五坑		工具耗材/钻头	支			方大同35*500五坑钻头	TOOL-000075 五坑钻头 工具器具/工具配件 支 品牌：方大同 规格：35*500 柄型：五坑 方大同35*500五坑钻头 方大同 35*500 五坑	方大同		candidate	usable	confirm_before_use	purchase_2024_candidate_rows=530；purchase_2024_source_rows=531；draft_sku_id=SKU-DRAFT-000527	缺失规格：材质；整理依据：材质缺失；导入口径：confirm_then_import；重分类：工具器具/工具配件 -> 工具耗材/钻头；分类置信度：high；样例均为五坑钻头，规格/品牌为差异。	2026-07-03
TOOL-000076	冲击钻头	品牌：方大同；规格：18*400		工具耗材/钻头	支			方大同18x400冲击钻头	TOOL-000076 冲击钻头 工具器具/工具配件 支 品牌：方大同 规格：18*400 方大同18x400冲击钻头 方大同 18*400	方大同		candidate	usable	confirm_before_use	purchase_2024_candidate_rows=531；purchase_2024_source_rows=532；draft_sku_id=SKU-DRAFT-000528	缺失规格：材质；整理依据：柄型/材质缺失；导入口径：confirm_then_import；重分类：工具器具/工具配件 -> 工具耗材/钻头；分类置信度：high；冲击钻头属于钻头类工具耗材。	2026-07-03
TOOL-000077	冲击钻头	品牌：方大同；规格：30*400		工具耗材/钻头	支			方大同30x400冲击钻头	TOOL-000077 冲击钻头 工具器具/工具配件 支 品牌：方大同 规格：30*400 方大同30x400冲击钻头 方大同 30*400	方大同		candidate	usable	confirm_before_use	purchase_2024_candidate_rows=532；purchase_2024_source_rows=533；draft_sku_id=SKU-DRAFT-000529	缺失规格：材质；整理依据：柄型/材质缺失；导入口径：confirm_then_import；重分类：工具器具/工具配件 -> 工具耗材/钻头；分类置信度：high；冲击钻头属于钻头类工具耗材。	2026-07-03
SPARE-000059	扎丝	直径：1mm；颜色：黑色		金属材料/金属丝网	米			1mm黑扎丝；黑扎丝	SPARE-000059 扎丝 五金备件/金属丝材 米 直径：1mm 颜色：黑色 1mm黑扎丝 黑扎丝 1mm 黑色			candidate	usable	confirm_before_use	purchase_2024_candidate_rows=533；purchase_2024_source_rows=534；draft_sku_id=SKU-DRAFT-000530	缺失规格：材质；整理依据：材质/包装缺失；导入口径：confirm_then_import；重分类：五金备件/金属丝材 -> 金属材料/金属丝网；分类置信度：high；扎丝是金属丝材，旧建筑绑扎材料按实物归类。	2026-07-03
SPARE-000060	扎丝	直径：2mm；颜色：黑色		金属材料/金属丝网	米			2mm黑扎丝；黑扎丝	SPARE-000060 扎丝 五金备件/金属丝材 米 直径：2mm 颜色：黑色 2mm黑扎丝 黑扎丝 2mm 黑色			candidate	usable	confirm_before_use	purchase_2024_candidate_rows=534；purchase_2024_source_rows=535；draft_sku_id=SKU-DRAFT-000531	缺失规格：材质；整理依据：材质/包装缺失；导入口径：confirm_then_import；重分类：五金备件/金属丝材 -> 金属材料/金属丝网；分类置信度：high；扎丝是金属丝材，旧建筑绑扎材料按实物归类。	2026-07-03
ELEC-000080	总开关	电流：100A；用途：总开关		电气电料/低压电器	个			100A总开关	ELEC-000080 总开关 电气材料/低压电器 个 电流：100A 用途：总开关 100A总开关 100A			candidate	needs_review	clarify_specs_before_use	purchase_2024_candidate_rows=535；purchase_2024_source_rows=536；draft_sku_id=SKU-DRAFT-000532	缺失规格：品牌；型号；整理依据：极数/品牌/型号缺失，无法稳定区分低压电器SKU；导入口径：do_not_import_missing_specs；重分类：电气材料/低压电器 -> 电气电料/低压电器；分类置信度：high；总开关属低压电器。	2026-07-03
ELEC-000081	漏电保护器	电流：40A；类型：漏电保护		电气电料/低压电器	个			40A漏电保护	ELEC-000081 漏电保护器 电气材料/低压电器 个 电流：40A 类型：漏电保护 40A漏电保护 40A 漏电保护			candidate	needs_review	clarify_specs_before_use	purchase_2024_candidate_rows=536；purchase_2024_source_rows=537；draft_sku_id=SKU-DRAFT-000533	缺失规格：品牌；型号；电压；安装方式；整理依据：极数/漏电动作电流缺失；导入口径：do_not_import_missing_specs；重分类：电气材料/低压电器 -> 电气电料/低压电器；分类置信度：high；漏电保护器属于低压电器。	2026-07-03
ELEC-000082	空气开关	电流：16A		电气电料/低压电器	个			16A空开	ELEC-000082 空气开关 电气材料/低压电器 个 电流：16A 16A空开 16A			candidate	needs_review	clarify_specs_before_use	purchase_2024_candidate_rows=537；purchase_2024_source_rows=538；draft_sku_id=SKU-DRAFT-000534	缺失规格：品牌；型号；整理依据：极数/品牌/型号缺失，无法稳定区分低压电器SKU；导入口径：do_not_import_missing_specs；重分类：电气材料/低压电器 -> 电气电料/低压电器；分类置信度：high；空气开关是低压断路器。	2026-07-03
TOOL-000078	五坑钻头	规格：28*800；柄型：五坑		工具耗材/钻头	支			28*800五孔钻头	TOOL-000078 五坑钻头 工具器具/工具配件 支 规格：28*800 柄型：五坑 28*800五孔钻头 28*800 五坑			candidate	usable	confirm_before_use	purchase_2024_candidate_rows=538；purchase_2024_source_rows=539；draft_sku_id=SKU-DRAFT-000535	缺失规格：品牌；材质；整理依据：品牌/材质缺失；导入口径：confirm_then_import；重分类：工具器具/工具配件 -> 工具耗材/钻头；分类置信度：high；样例均为五坑钻头，规格/品牌为差异。	2026-07-03
ELEC-000083	绝缘胶带	类型：绝缘胶带		电气电料/绝缘材料	卷			绝缘胶带	ELEC-000083 绝缘胶带 电气材料/电工耗材 卷 类型：绝缘胶带			candidate	needs_review	clarify_specs_before_use	purchase_2024_candidate_rows=539；purchase_2024_source_rows=540；draft_sku_id=SKU-DRAFT-000536	缺失规格：长度；宽度；颜色；整理依据：颜色/宽度/长度缺失；导入口径：do_not_import_missing_specs；重分类：电气材料/电工耗材 -> 电气电料/绝缘材料；分类置信度：high；绝缘胶带属于电气绝缘材料。	2026-07-03
TOOL-000079	电源极性检测器	用途：电源极性检测		工具量具/检测仪器	台			电源极性检测器	TOOL-000079 电源极性检测器 工具器具/检测仪器 台 用途：电源极性检测 电源极性检测			candidate	needs_review	clarify_specs_before_use	purchase_2024_candidate_rows=540；purchase_2024_source_rows=541；draft_sku_id=SKU-DRAFT-000537	缺失规格：品牌；电压；整理依据：电压范围/品牌缺失；导入口径：do_not_import_missing_specs；重分类：工具器具/检测仪器 -> 工具量具/检测仪器；分类置信度：high；用于电源极性检测，归检测仪器。	2026-07-03
MAT-000054	沉降观测钉带牌	类型：观测钉；包含：标识牌		工具量具/测量工具	套			沉降观测钉带牌	MAT-000054 沉降观测钉带牌 工程材料/测量标识 套 类型：观测钉 包含：标识牌 观测钉 标识牌			candidate	needs_review	clarify_specs_before_use	purchase_2024_candidate_rows=541；purchase_2024_source_rows=542；draft_sku_id=SKU-DRAFT-000538	缺失规格：规格；材质；整理依据：材质/规格缺失；导入口径：do_not_import_missing_specs；重分类：工程材料/测量标识 -> 工具量具/测量工具；分类置信度：medium；沉降观测钉带牌为测量观测标识，旧工程材料偏宽。	2026-07-03
MAT-000055	十字测钉	类型：十字测钉；表面：镀锌		工具量具/测量工具	个			镀锌十字测钉	MAT-000055 十字测钉 工程材料/测量标识 个 类型：十字测钉 表面：镀锌 镀锌十字测钉 镀锌			candidate	needs_review	clarify_specs_before_use	purchase_2024_candidate_rows=542；purchase_2024_source_rows=543；draft_sku_id=SKU-DRAFT-000539	缺失规格：规格；整理依据：规格缺失；导入口径：do_not_import_missing_specs；重分类：工程材料/测量标识 -> 工具量具/测量工具；分类置信度：medium；测钉用于测量放样标识，归测量工具辅件。	2026-07-03
ELEC-000084	LED充电头灯	类型：头灯；供电：充电；光源：LED		电气电料/照明灯具	个			LED充电头灯	ELEC-000084 LED充电头灯 电气材料/照明 个 类型：头灯 供电：充电 光源：LED 头灯 充电 LED			candidate	needs_review	clarify_specs_before_use	purchase_2024_candidate_rows=543；purchase_2024_source_rows=544；draft_sku_id=SKU-DRAFT-000540	缺失规格：容量；整理依据：电池容量/亮度缺失；导入口径：do_not_import_missing_specs；重分类：电气材料/照明 -> 电气电料/照明灯具；分类置信度：medium；便携头灯本质为照明灯具，供电方式是规格属性。	2026-07-03
TOOL-000080	五坑钻头	品牌：方大同；规格：14*400；柄型：五坑		工具耗材/钻头	支			方大同14*400五孔钻头	TOOL-000080 五坑钻头 工具器具/工具配件 支 品牌：方大同 规格：14*400 柄型：五坑 方大同14*400五孔钻头 方大同 14*400 五坑	方大同		candidate	usable	confirm_before_use	purchase_2024_candidate_rows=544；purchase_2024_source_rows=545；draft_sku_id=SKU-DRAFT-000541	缺失规格：材质；整理依据：材质缺失；导入口径：confirm_then_import；重分类：工具器具/工具配件 -> 工具耗材/钻头；分类置信度：high；样例均为五坑钻头，规格/品牌为差异。	2026-07-03
TOOL-000081	五坑钻头	品牌：方大同；规格：14*600；柄型：五坑		工具耗材/钻头	支			方大同14*600五孔钻头	TOOL-000081 五坑钻头 工具器具/工具配件 支 品牌：方大同 规格：14*600 柄型：五坑 方大同14*600五孔钻头 方大同 14*600 五坑	方大同		candidate	usable	confirm_before_use	purchase_2024_candidate_rows=545；purchase_2024_source_rows=546；draft_sku_id=SKU-DRAFT-000542	缺失规格：材质；整理依据：材质缺失；导入口径：confirm_then_import；重分类：工具器具/工具配件 -> 工具耗材/钻头；分类置信度：high；样例均为五坑钻头，规格/品牌为差异。	2026-07-03
TOOL-000082	五坑钻头	品牌：方大同；规格：16*280；柄型：五坑		工具耗材/钻头	支			方大同16*280五孔钻头	TOOL-000082 五坑钻头 工具器具/工具配件 支 品牌：方大同 规格：16*280 柄型：五坑 方大同16*280五孔钻头 方大同 16*280 五坑	方大同		candidate	usable	confirm_before_use	purchase_2024_candidate_rows=546；purchase_2024_source_rows=547；draft_sku_id=SKU-DRAFT-000543	缺失规格：材质；整理依据：材质缺失；导入口径：confirm_then_import；重分类：工具器具/工具配件 -> 工具耗材/钻头；分类置信度：high；样例均为五坑钻头，规格/品牌为差异。	2026-07-03
CONST-000012	彩钢瓦	厚度/规格：0.5		建筑材料/装饰材料	平方			0.5彩钢瓦	CONST-000012 彩钢瓦 建筑材料/板材 平方 厚度/规格：0.5 0.5彩钢瓦 0.5			candidate	needs_review	clarify_specs_before_use	purchase_2024_candidate_rows=547；purchase_2024_source_rows=548；draft_sku_id=SKU-DRAFT-000544	缺失规格：规格；厚度；颜色；整理依据：颜色/板型缺失，原规格未明确是否为厚度；导入口径：do_not_import_missing_specs；重分类：建筑材料/板材 -> 建筑材料/装饰材料；分类置信度：high；彩钢瓦为建筑屋面围护板材。	2026-07-03
SAFE-000034	油布	特征：加厚		包装覆盖周转/覆盖材料	平方			加厚油布	SAFE-000034 油布 建筑材料/防护覆盖 平方 特征：加厚 加厚油布 加厚			candidate	needs_review	clarify_specs_before_use	purchase_2024_candidate_rows=548；purchase_2024_source_rows=549；draft_sku_id=SKU-DRAFT-000545	缺失规格：材质；整理依据：材质/克重缺失，仅“加厚”无法稳定区分SKU；导入口径：do_not_import_missing_specs；重分类：建筑材料/防护覆盖 -> 包装覆盖周转/覆盖材料；分类置信度：high；油布用于覆盖防护，旧劳保耗材不应作为分类。	2026-07-03
SAFE-000035	灭火器	容量：4KG		安全消防/消防器材	支			4KG灭火器	SAFE-000035 灭火器 消防器材/灭火器 支 容量：4KG 4KG灭火器 4KG			candidate	needs_review	clarify_specs_before_use	purchase_2024_candidate_rows=549；purchase_2024_source_rows=550；draft_sku_id=SKU-DRAFT-000546	缺失规格：类型；材质；规格；安全等级；认证标准；整理依据：灭火剂类型缺失，需确认干粉/二氧化碳等；导入口径：do_not_import_missing_specs；重分类：消防器材/灭火器 -> 安全消防/消防器材；分类置信度：high；灭火器属于消防器材。	2026-07-03
SAFE-000036	消防箱	类型：消防箱		安全消防/消防器材	个			消防箱子	SAFE-000036 消防箱 消防器材/消防箱 个 类型：消防箱 消防箱子			candidate	needs_review	clarify_specs_before_use	purchase_2024_candidate_rows=550；purchase_2024_source_rows=551；draft_sku_id=SKU-DRAFT-000547	缺失规格：材质；尺寸；整理依据：尺寸/材质缺失；导入口径：do_not_import_missing_specs；重分类：消防器材/消防箱 -> 安全消防/消防器材；分类置信度：high；消防箱属于消防器材。	2026-07-03
TOOL-000083	马路切割片	规格：400；用途：马路切割		工具耗材/切割片	块			400马路切片	TOOL-000083 马路切割片 工具器具/磨切耗材 块 规格：400 用途：马路切割 400马路切片 400 马路切割			candidate	needs_review	clarify_specs_before_use	purchase_2024_candidate_rows=552；purchase_2024_source_rows=553；draft_sku_id=SKU-DRAFT-000548	缺失规格：厚度；整理依据：厚度/孔径缺失，400不足以唯一确定切割片SKU；导入口径：do_not_import_missing_specs；重分类：工具器具/磨切耗材 -> 工具耗材/切割片；分类置信度：high；马路切割片为切割工具耗材。	2026-07-03
TOOL-000084	塞尺	材质：铜		工具量具/测量工具	个			铜塞尺	TOOL-000084 塞尺 工具器具/测量工具 个 材质：铜 铜塞尺 铜			candidate	needs_review	clarify_specs_before_use	purchase_2024_candidate_rows=553；purchase_2024_source_rows=554；draft_sku_id=SKU-DRAFT-000549	缺失规格：规格；整理依据：规格范围缺失，铜材质不足以唯一确定塞尺SKU；导入口径：do_not_import_missing_specs；重分类：工具器具/测量工具 -> 工具量具/测量工具；分类置信度：high；塞尺为测量工具。	2026-07-03
PIPE-000090	不锈钢球阀	规格：25；材质：不锈钢；类型：球阀		管材管件阀门/阀门	个			25不锈钢球阀	PIPE-000090 不锈钢球阀 工程材料/阀门 个 规格：25 材质：不锈钢 类型：球阀 25不锈钢球阀 25 不锈钢 球阀			candidate	usable	confirm_before_use	purchase_2024_candidate_rows=554；purchase_2024_source_rows=555；draft_sku_id=SKU-DRAFT-000550	缺失规格：压力等级；整理依据：压力等级/连接形式缺失，按规格和材质先建候选；导入口径：confirm_then_import；重分类：工程材料/阀门 -> 管材管件阀门/阀门；分类置信度：high；样例均为不锈钢球阀，口径/品牌为规格差异。	2026-07-03
ELEC-000085	电源线	长度：2米		电气电料/电线电缆	条			2米电源线	ELEC-000085 电源线 电气材料/电线电缆 条 长度：2米 2米电源线 2米			candidate	needs_review	clarify_specs_before_use	purchase_2024_candidate_rows=555；purchase_2024_source_rows=556；draft_sku_id=SKU-DRAFT-000551	缺失规格：品牌；型号；电压；电流；安装方式；整理依据：插头类型/线径缺失，2米长度不足以唯一确定电源线SKU；导入口径：do_not_import_missing_specs；重分类：电气材料/电线电缆 -> 电气电料/电线电缆；分类置信度：high；电源线属于电线电缆。	2026-07-03
TOOL-000085	扫把	材质：塑料		清洁办公后勤/清洁工具	把			塑料扫把	TOOL-000085 扫把 劳保耗材/清洁工具 把 材质：塑料 塑料扫把 塑料			active	standard	auto_select_allowed	purchase_2024_candidate_rows=556；purchase_2024_source_rows=557；draft_sku_id=SKU-DRAFT-000552	导入口径：import_ready；重分类：劳保耗材/清洁工具 -> 清洁办公后勤/清洁工具；分类置信度：high；扫把是清洁工具，材质规格不拆分。	2026-07-03
ELEC-000086	路由器	品牌：华为；速率：1000M		弱电安防/网络材料	套			1000M华为路由器	ELEC-000086 路由器 电气材料/网络设备 套 品牌：华为 速率：1000M 1000M华为路由器 华为 1000M	华为		candidate	needs_review	clarify_specs_before_use	purchase_2024_candidate_rows=557；purchase_2024_source_rows=558；draft_sku_id=SKU-DRAFT-000553	缺失规格：型号；整理依据：型号/端口数缺失，品牌和速率不足以唯一确定路由器SKU；导入口径：do_not_import_missing_specs；重分类：电气材料/网络设备 -> 弱电安防/网络材料；分类置信度：high；路由器属于弱电网络设备，旧电气材料偏宽。	2026-07-03
ADMIN-000014	电视支架	适配尺寸：70寸		清洁办公后勤/办公用品	个			70寸电视支架	ADMIN-000014 电视支架 行政后勤/办公用品 个 适配尺寸：70寸 70寸电视支架 70寸			candidate	needs_review	clarify_specs_before_use	purchase_2024_candidate_rows=558；purchase_2024_source_rows=559；draft_sku_id=SKU-DRAFT-000554	缺失规格：尺寸；整理依据：安装方式/承重缺失，70寸适配尺寸不足以唯一确定电视支架SKU；导入口径：do_not_import_missing_specs；重分类：行政后勤/办公用品 -> 清洁办公后勤/办公用品；分类置信度：medium；电视支架服务办公后勤设备安装，归办公用品。	2026-07-03
MAT-000056	变频空调	品牌：格力；匹数：3匹；类型：变频		清洁办公后勤/生活用品	台			格力3匹变频空调	MAT-000056 变频空调 设备/通用电器 台 品牌：格力 匹数：3匹 类型：变频 格力3匹变频空调 格力 3匹 变频	格力		candidate	needs_review	clarify_specs_before_use	purchase_2024_candidate_rows=559；purchase_2024_source_rows=560；draft_sku_id=SKU-DRAFT-000555	缺失规格：型号；整理依据：冷暖类型/能效/安装方式或型号缺失，需复核后区分SKU；导入口径：do_not_import_missing_specs；重分类：设备/通用电器 -> 清洁办公后勤/生活用品；分类置信度：medium；空调用于现场后勤生活，旧通用设备过宽。	2026-07-03
ELEC-000087	保险管	电流：32A		电气电料/低压电器	个			32A保险管	ELEC-000087 保险管 电气材料/低压电器 个 电流：32A 32A保险管 32A			candidate	needs_review	clarify_specs_before_use	purchase_2024_candidate_rows=560；purchase_2024_source_rows=561；draft_sku_id=SKU-DRAFT-000556	缺失规格：型号；尺寸；电压；整理依据：尺寸/电压/型号缺失，32A不足以唯一确定保险管SKU；导入口径：do_not_import_missing_specs；重分类：电气材料/低压电器 -> 电气电料/低压电器；分类置信度：high；保险管属于低压电器保护元件。	2026-07-03
ADMIN-000015	打印机电源线	适用设备：打印机；类型：电源线		电气电料/电线电缆	条			打印机电源线	ADMIN-000015 打印机电源线 行政后勤/办公设备配件 条 适用设备：打印机 类型：电源线 打印机 电源线			candidate	needs_review	clarify_specs_before_use	purchase_2024_candidate_rows=561；purchase_2024_source_rows=562；draft_sku_id=SKU-DRAFT-000557	缺失规格：规格；整理依据：接口规格缺失，需确认打印机电源线端口类型；导入口径：do_not_import_missing_specs；重分类：行政后勤/办公设备配件 -> 电气电料/电线电缆；分类置信度：high；打印机电源线本质为电源线缆。	2026-07-03
ADMIN-000016	打印机数据线	适用设备：打印机；类型：数据线		电气电料/电线电缆	条			打印机数据线	ADMIN-000016 打印机数据线 行政后勤/办公设备配件 条 适用设备：打印机 类型：数据线 打印机 数据线			candidate	needs_review	clarify_specs_before_use	purchase_2024_candidate_rows=562；purchase_2024_source_rows=563；draft_sku_id=SKU-DRAFT-000558	缺失规格：长度；整理依据：接口类型/长度缺失，无法区分不同打印机数据线SKU；导入口径：do_not_import_missing_specs；重分类：行政后勤/办公设备配件 -> 电气电料/电线电缆；分类置信度：medium；打印机数据线本质为线缆，旧办公配件按实物归类。	2026-07-03
MAT-000057	雾化喷头	用途：加湿；类型：雾化喷头		管材管件阀门/水暖五金	个			加湿雾化喷头	MAT-000057 雾化喷头 工程材料/喷淋配件 个 用途：加湿 类型：雾化喷头 加湿雾化喷头 加湿			candidate	needs_review	clarify_specs_before_use	purchase_2024_candidate_rows=563；purchase_2024_source_rows=564；draft_sku_id=SKU-DRAFT-000559	缺失规格：规格；材质；整理依据：规格/孔径/材质缺失，无法区分不同雾化喷头SKU；导入口径：do_not_import_missing_specs；重分类：工程材料/喷淋配件 -> 管材管件阀门/水暖五金；分类置信度：medium；雾化喷头是喷淋管路末端配件。	2026-07-03
CHEM-000044	泡沫双面胶	基材：泡沫；类型：双面胶		包装覆盖周转/胶带	件			泡沫双面胶	CHEM-000044 泡沫双面胶 化工耗材/胶粘带 件 基材：泡沫 类型：双面胶 泡沫 双面胶			candidate	needs_review	clarify_specs_before_use	purchase_2024_candidate_rows=564；purchase_2024_source_rows=565；draft_sku_id=SKU-DRAFT-000560	缺失规格：长度；宽度；整理依据：宽度/长度/每件数量缺失，无法区分泡沫双面胶SKU；导入口径：do_not_import_missing_specs；重分类：化工耗材/胶粘带 -> 包装覆盖周转/胶带；分类置信度：high；泡沫双面胶为胶带类实物，旧化工耗材偏泛。	2026-07-03
CHEM-000045	胶水	型号：101		化工胶粘涂料/胶粘剂	件			101胶水	CHEM-000045 胶水 化工耗材/胶粘剂 件 型号：101 101胶水 101		101	candidate	needs_review	clarify_specs_before_use	purchase_2024_candidate_rows=565；purchase_2024_source_rows=566；draft_sku_id=SKU-DRAFT-000561	缺失规格：品牌；容量；整理依据：包装容量/品牌缺失，101型号不足以唯一确定胶水SKU；导入口径：do_not_import_missing_specs；重分类：化工耗材/胶粘剂 -> 化工胶粘涂料/胶粘剂；分类置信度：high；胶水属于胶粘剂。	2026-07-03
TOOL-000086	羊毛刷	规格：2寸；材质：羊毛		工具耗材/刷具	支			2寸羊毛刷	TOOL-000086 羊毛刷 工具器具/涂装工具 支 规格：2寸 材质：羊毛 2寸羊毛刷 2寸 羊毛			active	standard	auto_select_allowed	purchase_2024_candidate_rows=566；purchase_2024_source_rows=567；draft_sku_id=SKU-DRAFT-000562	导入口径：import_ready；重分类：工具器具/涂装工具 -> 工具耗材/刷具；分类置信度：high；羊毛刷为涂装刷具耗材。	2026-07-03
TOOL-000087	钻头	规格：5.0；材质/用途：不锈钢		工具耗材/钻头	支			5.0不锈钢钻头	TOOL-000087 钻头 工具器具/工具配件 支 规格：5.0 材质/用途：不锈钢 5.0不锈钢钻头 5.0 不锈钢			candidate	needs_review	clarify_specs_before_use	purchase_2024_candidate_rows=567；purchase_2024_source_rows=568；draft_sku_id=SKU-DRAFT-000563	缺失规格：材质；长度；整理依据：原规格未区分不锈钢为材质或用途，柄型/长度缺失；导入口径：do_not_import_missing_specs；重分类：工具器具/工具配件 -> 工具耗材/钻头；分类置信度：high；样例均为钻头类耗材，规格材质不拆物料族。	2026-07-03
TOOL-000088	噪音计	用途：噪音检测		工具量具/检测仪器	台			噪音仪	TOOL-000088 噪音计 工具器具/检测仪器 台 用途：噪音检测 噪音仪 噪音检测			candidate	needs_review	clarify_specs_before_use	purchase_2024_candidate_rows=568；purchase_2024_source_rows=569；draft_sku_id=SKU-DRAFT-000564	缺失规格：品牌；量程；精度；整理依据：量程/精度/品牌缺失，无法区分不同噪音计SKU；导入口径：do_not_import_missing_specs；重分类：工具器具/检测仪器 -> 工具量具/检测仪器；分类置信度：high；噪音计用于检测测量。	2026-07-03
SAFE-000037	防撞条	特征：背胶；类型：防撞条		安全消防/防撞防护	米			背胶防撞条	SAFE-000037 防撞条 安全设施/防撞防护 米 特征：背胶 类型：防撞条 背胶防撞条 背胶			candidate	needs_review	clarify_specs_before_use	purchase_2024_candidate_rows=569；purchase_2024_source_rows=570；draft_sku_id=SKU-DRAFT-000565	缺失规格：材质；宽度；整理依据：宽度/材质缺失，无法区分背胶防撞条SKU；导入口径：do_not_import_missing_specs；重分类：安全设施/防撞防护 -> 安全消防/防撞防护；分类置信度：high；新建二级防撞防护；防撞条是现场安全防撞设施。	2026-07-03
MAT-000058	雾炮机	功率：3kW；控制：全自动		施工机具设备/喷淋设备	台			3千瓦全自动雾炮机	MAT-000058 雾炮机 设备/环保喷淋设备 台 功率：3kW 控制：全自动 3千瓦全自动雾炮机 3kW 全自动			candidate	needs_review	clarify_specs_before_use	purchase_2024_candidate_rows=570；purchase_2024_source_rows=571；draft_sku_id=SKU-DRAFT-000566	缺失规格：电压；整理依据：射程/水量/电压缺失，无法区分不同雾炮机SKU；导入口径：do_not_import_missing_specs；重分类：设备/环保喷淋设备 -> 施工机具设备/喷淋设备；分类置信度：high；新建二级喷淋设备；雾炮机是现场环保喷淋机具。	2026-07-03
MAT-000059	冰块	重量：50kg		清洁办公后勤/生活用品	个			50kg冰块	MAT-000059 冰块 行政后勤/临时消耗品 个 重量：50kg 50kg冰块 50kg			candidate	usable	confirm_before_use	purchase_2024_candidate_rows=571；purchase_2024_source_rows=572；draft_sku_id=SKU-DRAFT-000567	缺失规格：规格；型号；整理依据：输入提示与其他记录同物料，单位个/块需统一；导入口径：confirm_then_import；重分类：行政后勤/临时消耗品 -> 清洁办公后勤/生活用品；分类置信度：medium；冰块为现场后勤临时消耗品，旧行政后勤归并到生活用品。	2026-07-03
CONST-000013	人工草皮	规格：3.0；颜色：绿色		建筑材料/装饰材料	平方			3.0绿草皮	CONST-000013 人工草皮 装饰/地面材料 平方 规格：3.0 颜色：绿色 3.0绿草皮 3.0 绿色			candidate	usable	confirm_before_use	purchase_2024_candidate_rows=572；purchase_2024_source_rows=573；draft_sku_id=SKU-DRAFT-000568	缺失规格：材质；尺寸；整理依据：规格3.0单位/含义未说明，按原规格和颜色先建候选；输入提示与其他记录可合并；导入口径：confirm_then_import；重分类：装饰/地面材料 -> 建筑材料/装饰材料；分类置信度：high；人工草皮是地面装饰材料。	2026-07-03
SPARE-000061	六角自攻螺丝	规格：6；类型：六角自攻		紧固件与连接件/螺丝	盒			6六角自攻螺丝	SPARE-000061 六角自攻螺丝 五金备件/紧固件 盒 规格：6 类型：六角自攻 6六角自攻螺丝 6 六角自攻			candidate	needs_review	clarify_specs_before_use	purchase_2024_candidate_rows=573；purchase_2024_source_rows=574；draft_sku_id=SKU-DRAFT-000569	缺失规格：材质；长度；整理依据：长度/材质缺失，规格6不足以唯一确定自攻螺丝SKU；导入口径：do_not_import_missing_specs；重分类：五金备件/紧固件 -> 紧固件与连接件/螺丝；分类置信度：high；六角自攻螺丝属于螺丝类紧固件，旧五金备件过宽。	2026-07-03
TOOL-000089	测电笔	类型：多功能电笔		工具量具/电工工具	支			多功能电笔	TOOL-000089 测电笔 工具器具/电工工具 支 类型：多功能电笔 多功能电笔			candidate	usable	confirm_before_use	purchase_2024_candidate_rows=574；purchase_2024_source_rows=575；draft_sku_id=SKU-DRAFT-000570	缺失规格：电压；整理依据：电压范围缺失，按多功能电笔先建候选；导入口径：confirm_then_import；重分类：工具器具/电工工具 -> 工具量具/电工工具；分类置信度：high；测电笔属于电工工具。	2026-07-03
SPARE-000062	定向轮	规格：4寸；类型：定向轮		设备备件/通用机械备件	个			4寸定向轮	SPARE-000062 定向轮 五金备件/脚轮 个 规格：4寸 类型：定向轮 4寸定向轮 4寸			candidate	usable	confirm_before_use	purchase_2024_candidate_rows=575；purchase_2024_source_rows=576；draft_sku_id=SKU-DRAFT-000571	缺失规格：材质；整理依据：承重/材质缺失，按4寸定向轮先建候选；导入口径：confirm_then_import；重分类：五金备件/脚轮 -> 设备备件/通用机械备件；分类置信度：high；定向脚轮是设备或车架替换备件。	2026-07-03
SPARE-000063	定向轮	规格：4寸；特征：带刹车		设备备件/通用机械备件	个			4寸定向轮刹	SPARE-000063 定向轮 五金备件/脚轮 个 规格：4寸 特征：带刹车 4寸定向轮刹 4寸 带刹车			candidate	usable	confirm_before_use	purchase_2024_candidate_rows=576；purchase_2024_source_rows=577；draft_sku_id=SKU-DRAFT-000572	缺失规格：材质；整理依据：承重/材质缺失，按4寸带刹车定向轮先建候选；导入口径：confirm_then_import；重分类：五金备件/脚轮 -> 设备备件/通用机械备件；分类置信度：high；定向脚轮是设备或车架替换备件。	2026-07-03
TOOL-000090	手推车	载荷：300kg；特征：加厚		施工机具设备/搬运设备	台			300kg手推车加厚	TOOL-000090 手推车 工具器具/搬运工具 台 载荷：300kg 特征：加厚 300kg手推车加厚 300kg 加厚			candidate	usable	confirm_before_use	purchase_2024_candidate_rows=577；purchase_2024_source_rows=578；draft_sku_id=SKU-DRAFT-000573	缺失规格：尺寸；整理依据：尺寸/轮型缺失，按300kg加厚手推车先建候选；导入口径：confirm_then_import；重分类：工具器具/搬运工具 -> 施工机具设备/搬运设备；分类置信度：high；手推车用于现场搬运，旧工具器具口径偏差。	2026-07-03
SAFE-000038	路锥	高度：90cm		安全消防/警示标识	个			90cm路锥	SAFE-000038 路锥 安全设施/交通标识 个 高度：90cm 90cm路锥 90cm			candidate	usable	confirm_before_use	purchase_2024_candidate_rows=578；purchase_2024_source_rows=579；draft_sku_id=SKU-DRAFT-000574	缺失规格：材质；整理依据：材质/反光等级缺失，按高度先建候选；导入口径：confirm_then_import；重分类：安全设施/交通标识 -> 安全消防/警示标识；分类置信度：high；路锥用于现场交通安全警示。	2026-07-03
SAFE-000039	伸缩杆	颜色：红色；类型：伸缩杆		安全消防/围挡护栏	个			红色伸缩杆	SAFE-000039 伸缩杆 安全设施/隔离设施 个 颜色：红色 类型：伸缩杆 红色伸缩杆 红色			candidate	needs_review	clarify_specs_before_use	purchase_2024_candidate_rows=579；purchase_2024_source_rows=580；draft_sku_id=SKU-DRAFT-000575	缺失规格：长度；整理依据：长度/配套底座缺失，红色不足以唯一确定伸缩杆SKU；导入口径：do_not_import_missing_specs；重分类：安全设施/隔离设施 -> 安全消防/围挡护栏；分类置信度：low；样例同时有红色隔离伸缩杆和2米工具杆，旧分组分歧，需拆分后分别归类。；分类拆分待复核：按用途拆分为隔离伸缩杆/工具加长杆；样例同时有红色隔离伸缩杆和2米工具杆，旧分组分歧，需拆分后分别归类。	2026-07-03
SAFE-000040	警示牌	规格：大号		安全消防/警示标识	个			大警示牌	SAFE-000040 警示牌 安全设施/警示用品 个 规格：大号 大警示牌 大号			candidate	needs_review	clarify_specs_before_use	purchase_2024_candidate_rows=580；purchase_2024_source_rows=581；draft_sku_id=SKU-DRAFT-000576	缺失规格：材质；尺寸；整理依据：警示内容/尺寸/材质缺失，大号不足以唯一确定警示牌SKU；导入口径：do_not_import_missing_specs；重分类：安全设施/警示用品 -> 安全消防/警示标识；分类置信度：high；警示牌属于安全警示标识。	2026-07-03
ELEC-000088	漏电断路器	品牌：施耐德；电流：400A		电气电料/低压电器	个			施耐德400A漏电开关	ELEC-000088 漏电断路器 电气材料/低压电器 个 品牌：施耐德 电流：400A 施耐德400A漏电开关 施耐德 400A	施耐德		candidate	usable	confirm_before_use	purchase_2024_candidate_rows=581；purchase_2024_source_rows=582；draft_sku_id=SKU-DRAFT-000577	缺失规格：型号；整理依据：极数/型号/漏电动作电流缺失，按品牌和电流先建候选；导入口径：confirm_then_import；重分类：电气材料/低压电器 -> 电气电料/低压电器；分类置信度：high；漏电断路器属于低压电器。	2026-07-03
SAFE-000041	遮阳网	特征：密		建筑材料/覆盖防护材料	平方			密遮阳网	SAFE-000041 遮阳网 安全设施/防护网 平方 特征：密 密遮阳网 密			candidate	needs_review	clarify_specs_before_use	purchase_2024_candidate_rows=582；purchase_2024_source_rows=583；draft_sku_id=SKU-DRAFT-000578	缺失规格：材质；整理依据：针数/遮光率/材质缺失，密不足以唯一确定遮阳网SKU；导入口径：do_not_import_missing_specs；重分类：安全设施/防护网 -> 建筑材料/覆盖防护材料；分类置信度：high；遮阳网用于覆盖遮阳防护，不是人员安全防护网。	2026-07-03
MAT-000060	冰块	重量：50kg		清洁办公后勤/生活用品	块			50kg冰块	MAT-000060 冰块 行政后勤/临时消耗品 块 重量：50kg 50kg冰块 50kg			candidate	usable	confirm_before_use	purchase_2024_candidate_rows=583；purchase_2024_source_rows=584；draft_sku_id=SKU-DRAFT-000579	缺失规格：规格；型号；整理依据：输入提示与其他记录同物料，单位个/块需统一；导入口径：confirm_then_import；重分类：行政后勤/临时消耗品 -> 清洁办公后勤/生活用品；分类置信度：medium；冰块为现场后勤临时消耗品，旧行政后勤归并到生活用品。	2026-07-03
ELEC-000089	电瓶夹线	类型：电瓶夹；包含：线		电气电料/电气辅材	套			电瓶夹带线	ELEC-000089 电瓶夹线 电气材料/电工工具 套 类型：电瓶夹 包含：线 电瓶夹带线 电瓶夹 线			candidate	needs_review	clarify_specs_before_use	purchase_2024_candidate_rows=584；purchase_2024_source_rows=585；draft_sku_id=SKU-DRAFT-000580	缺失规格：长度；电流；整理依据：线径/长度/电流缺失，无法区分不同电瓶夹线SKU；导入口径：do_not_import_missing_specs；重分类：电气材料/电工工具 -> 电气电料/电气辅材；分类置信度：medium；电瓶夹带线为临时接电连接辅材，旧电工工具偏窄。	2026-07-03
TOOL-000091	测电笔	类型：测电笔		工具量具/电工工具	个			测电笔	TOOL-000091 测电笔 工具器具/电工工具 个 类型：测电笔			candidate	usable	confirm_before_use	purchase_2024_candidate_rows=585；purchase_2024_source_rows=586；draft_sku_id=SKU-DRAFT-000581	缺失规格：电压；整理依据：电压范围缺失，且与同类测电笔存在单位支/个差异需统一；导入口径：confirm_then_import；重分类：工具器具/电工工具 -> 工具量具/电工工具；分类置信度：high；测电笔属于电工工具。	2026-07-03
ELEC-000090	蓄电池	电压：12V		电气电料/电气辅材	个			12v蓄电池	ELEC-000090 蓄电池 电气材料/电池 个 电压：12V 12v蓄电池 12V			candidate	needs_review	clarify_specs_before_use	purchase_2024_candidate_rows=586；purchase_2024_source_rows=587；draft_sku_id=SKU-DRAFT-000582	缺失规格：型号；容量；整理依据：容量Ah/型号缺失，12V不足以唯一确定蓄电池SKU；导入口径：do_not_import_missing_specs；重分类：电气材料/电池 -> 电气电料/电气辅材；分类置信度：high；蓄电池为电气供电储能辅材。	2026-07-03
SAFE-000042	防尘网	规格：10针		建筑材料/覆盖防护材料	平方			10针防尘网	SAFE-000042 防尘网 安全设施/防护网 平方 规格：10针 10针防尘网 10针			candidate	usable	confirm_before_use	purchase_2024_candidate_rows=587；purchase_2024_source_rows=588；draft_sku_id=SKU-DRAFT-000583	缺失规格：材质；颜色；整理依据：材质/颜色/克重缺失，按10针防尘网先建候选；导入口径：confirm_then_import；重分类：安全设施/防护网 -> 建筑材料/覆盖防护材料；分类置信度：high；防尘网用于土方覆盖抑尘，旧安全设施偏泛。	2026-07-03
SPARE-000064	污水泵	功率：1.5kW；口径：2寸		施工机具设备/泵类设备	台			1.5千瓦2寸污水泵	SPARE-000064 污水泵 设备/泵类设备 台 功率：1.5kW 口径：2寸 1.5千瓦2寸污水泵 1.5kW 2寸			candidate	usable	confirm_before_use	purchase_2024_candidate_rows=588；purchase_2024_source_rows=589；draft_sku_id=SKU-DRAFT-000584	缺失规格：电压；流量；扬程；整理依据：扬程/流量/电压缺失，按功率和口径先建候选；导入口径：confirm_then_import；重分类：设备/泵类设备 -> 施工机具设备/泵类设备；分类置信度：high；污水泵为整台泵类设备，不是备件。	2026-07-03
SAFE-000043	钢丝球	类型：钢丝球		清洁办公后勤/清洁耗材	个			钢丝球	SAFE-000043 钢丝球 劳保耗材/清洁用品 个 类型：钢丝球			active	standard	auto_select_allowed	purchase_2024_candidate_rows=589；purchase_2024_source_rows=590；draft_sku_id=SKU-DRAFT-000585	导入口径：import_ready；重分类：劳保耗材/清洁用品 -> 清洁办公后勤/清洁耗材；分类置信度：high；钢丝球用于清洁去污，旧劳保耗材不准确。	2026-07-03
TOOL-000092	钢丝刷	类型：钢丝刷		工具耗材/刷具	支			钢丝刷	TOOL-000092 钢丝刷 工具器具/清洁工具 支 类型：钢丝刷			candidate	needs_review	clarify_specs_before_use	purchase_2024_candidate_rows=590；purchase_2024_source_rows=591；draft_sku_id=SKU-DRAFT-000586	缺失规格：规格；整理依据：规格缺失，无法区分不同钢丝刷SKU；导入口径：do_not_import_missing_specs；重分类：工具器具/清洁工具 -> 工具耗材/刷具；分类置信度：high；钢丝刷用于清理打磨，属刷具类工具耗材。	2026-07-03
ADMIN-000017	办公椅	类型：多功能办公椅		清洁办公后勤/办公家具	把			多功能办公椅	ADMIN-000017 办公椅 行政后勤/办公家具 把 类型：多功能办公椅 多功能办公椅			candidate	needs_review	clarify_specs_before_use	purchase_2024_candidate_rows=591；purchase_2024_source_rows=592；draft_sku_id=SKU-DRAFT-000587	缺失规格：规格；材质；整理依据：材质/规格缺失，多功能办公椅不足以唯一确定办公椅SKU；导入口径：do_not_import_missing_specs；重分类：行政后勤/办公家具 -> 清洁办公后勤/办公家具；分类置信度：medium；办公椅为后勤办公家具；推荐二级无办公家具，新增二级。	2026-07-03
TOOL-000093	绝缘摇表	量程/电压：2500		工具量具/检测仪器	个			2500绝缘摇表	TOOL-000093 绝缘摇表 工具器具/检测仪器 个 量程/电压：2500 2500绝缘摇表 2500			candidate	usable	confirm_before_use	purchase_2024_candidate_rows=592；purchase_2024_source_rows=593；draft_sku_id=SKU-DRAFT-000588	缺失规格：品牌；电压；量程；精度；整理依据：2500单位未说明，按原始量程/电压保留；精度/品牌缺失；导入口径：confirm_then_import；重分类：工具器具/检测仪器 -> 工具量具/检测仪器；分类置信度：high；绝缘摇表用于绝缘检测。	2026-07-03
TOOL-000094	摇表表笔	适用设备：摇表；类型：表笔		工具量具/检测仪器	个			摇表笔	TOOL-000094 摇表表笔 工具器具/检测仪器配件 个 适用设备：摇表 类型：表笔 摇表笔 摇表 表笔			candidate	needs_review	clarify_specs_before_use	purchase_2024_candidate_rows=593；purchase_2024_source_rows=594；draft_sku_id=SKU-DRAFT-000589	缺失规格：品牌；型号；规格；尺寸；整理依据：接口/耐压缺失，无法区分不同摇表表笔SKU；导入口径：do_not_import_missing_specs；重分类：工具器具/检测仪器配件 -> 工具量具/检测仪器；分类置信度：medium；摇表表笔是检测仪器配件，归检测仪器族。	2026-07-03
MAT-000061	电热水壶	品牌：苏泊尔		清洁办公后勤/生活用品	个			苏泊尔热水壶	MAT-000061 电热水壶 行政后勤/生活电器 个 品牌：苏泊尔 苏泊尔热水壶 苏泊尔	苏泊尔		candidate	needs_review	clarify_specs_before_use	purchase_2024_candidate_rows=594；purchase_2024_source_rows=595；draft_sku_id=SKU-DRAFT-000590	缺失规格：容量；功率；整理依据：容量/功率缺失，品牌不足以唯一确定电热水壶SKU；导入口径：do_not_import_missing_specs；重分类：行政后勤/生活电器 -> 清洁办公后勤/生活用品；分类置信度：high；电热水壶为后勤生活电器。	2026-07-03
ADMIN-000018	鼠标	品牌：小米；类型：鼠标		清洁办公后勤/办公用品	个			小米鼠标	ADMIN-000018 鼠标 行政后勤/办公用品 个 品牌：小米 类型：鼠标 小米鼠标 小米	小米		candidate	needs_review	clarify_specs_before_use	purchase_2024_candidate_rows=595；purchase_2024_source_rows=596；draft_sku_id=SKU-DRAFT-000591	缺失规格：型号；整理依据：有线/无线/型号缺失，品牌不足以唯一确定鼠标SKU；导入口径：do_not_import_missing_specs；重分类：行政后勤/办公用品 -> 清洁办公后勤/办公用品；分类置信度：high；鼠标为办公用品。	2026-07-03
ADMIN-000019	鼠标	类型：无线鼠标		清洁办公后勤/办公用品	个			无线鼠标	ADMIN-000019 鼠标 行政后勤/办公用品 个 类型：无线鼠标 无线鼠标			candidate	needs_review	clarify_specs_before_use	purchase_2024_candidate_rows=596；purchase_2024_source_rows=597；draft_sku_id=SKU-DRAFT-000592	缺失规格：品牌；型号；整理依据：品牌/型号缺失，按无线鼠标低精度候选；导入口径：do_not_import_missing_specs；重分类：行政后勤/办公用品 -> 清洁办公后勤/办公用品；分类置信度：high；鼠标为办公用品。	2026-07-03
MAT-000062	缠绕膜	颜色：透明；宽度：50cm；重量：5KG		包装覆盖周转/覆盖材料	个			透明缠绕膜50cm*5KG	MAT-000062 缠绕膜 包装材料/缠绕膜 个 颜色：透明 宽度：50cm 重量：5KG 透明缠绕膜50cm*5KG 透明 50cm 5KG			candidate	usable	confirm_before_use	purchase_2024_candidate_rows=597；purchase_2024_source_rows=598；draft_sku_id=SKU-DRAFT-000593	缺失规格：材质；整理依据：材质/芯径缺失，按颜色/宽度/重量先建候选；导入口径：confirm_then_import；重分类：包装材料/缠绕膜 -> 包装覆盖周转/覆盖材料；分类置信度：high；缠绕膜用于包装覆盖。	2026-07-03
MAT-000063	纸箱	规格：70*50		包装覆盖周转/周转容器	个			70*50纸箱	MAT-000063 纸箱 包装材料/纸箱 个 规格：70*50 70*50纸箱 70*50			candidate	needs_review	clarify_specs_before_use	purchase_2024_candidate_rows=598；purchase_2024_source_rows=599；draft_sku_id=SKU-DRAFT-000594	缺失规格：型号；材质；品牌；整理依据：高度/层数缺失，70*50不足以唯一确定纸箱SKU；导入口径：do_not_import_missing_specs；重分类：包装材料/纸箱 -> 包装覆盖周转/周转容器；分类置信度：medium；纸箱为包装容器，按周转容器类归入。	2026-07-03
TOOL-000095	胶带切割器	适用：透明胶带		工具量具/手动工具	个			透明胶带切割器	TOOL-000095 胶带切割器 包装材料/包装工具 个 适用：透明胶带 透明胶带切割器 透明胶带			candidate	usable	confirm_before_use	purchase_2024_candidate_rows=599；purchase_2024_source_rows=600；draft_sku_id=SKU-DRAFT-000595	缺失规格：宽度；整理依据：适配宽度缺失，按透明胶带切割器先建候选；导入口径：confirm_then_import；重分类：包装材料/包装工具 -> 工具量具/手动工具；分类置信度：medium；胶带切割器是手动包装操作工具。	2026-07-03
METAL-000038	钢筋加工件	加工：是；钢筋规格：12；长度：1.6米		定制加工件/钢筋加工件	个			加工12钢筋1.6米	METAL-000038 钢筋加工件 定制件/钢筋加工件 个 加工：是 钢筋规格：12 长度：1.6米 加工12钢筋1.6米 是 12 1.6米			candidate	needs_review	clarify_specs_before_use	purchase_2024_candidate_rows=600；purchase_2024_source_rows=601；draft_sku_id=SKU-DRAFT-000596	缺失规格：规格；材质；整理依据：定制件图纸/材质/弯折要求缺失，按钢筋规格和长度低精度候选；导入口径：do_not_import_missing_specs；重分类：定制件/钢筋加工件 -> 定制加工件/钢筋加工件；分类置信度：high；加工钢筋按钢筋加工件处理。	2026-07-03
METAL-000039	钢筋加工件	加工：是；钢筋规格：12；长度：11.93米		定制加工件/钢筋加工件	个			加工12钢筋11.93米	METAL-000039 钢筋加工件 定制件/钢筋加工件 个 加工：是 钢筋规格：12 长度：11.93米 加工12钢筋11.93米 是 12 11.93米			candidate	needs_review	clarify_specs_before_use	purchase_2024_candidate_rows=601；purchase_2024_source_rows=602；draft_sku_id=SKU-DRAFT-000597	缺失规格：规格；材质；整理依据：定制件材质/图纸/弯折要求缺失，按钢筋规格和长度低精度候选；导入口径：do_not_import_missing_specs；重分类：定制件/钢筋加工件 -> 定制加工件/钢筋加工件；分类置信度：high；加工钢筋按钢筋加工件处理。	2026-07-03
METAL-000040	钢筋加工件	加工：是；钢筋规格：12；长度：12.94米		定制加工件/钢筋加工件	个			加工12钢筋12.94米	METAL-000040 钢筋加工件 定制件/钢筋加工件 个 加工：是 钢筋规格：12 长度：12.94米 加工12钢筋12.94米 是 12 12.94米			candidate	needs_review	clarify_specs_before_use	purchase_2024_candidate_rows=602；purchase_2024_source_rows=603；draft_sku_id=SKU-DRAFT-000598	缺失规格：规格；材质；整理依据：定制件材质/图纸/弯折要求缺失，按钢筋规格和长度低精度候选；导入口径：do_not_import_missing_specs；重分类：定制件/钢筋加工件 -> 定制加工件/钢筋加工件；分类置信度：high；加工钢筋按钢筋加工件处理。	2026-07-03
METAL-000041	钢筋方形箍	加工：是；钢筋规格：12；形状：方形箍		定制加工件/钢筋加工件	个			加工12钢筋方形箍	METAL-000041 钢筋方形箍 定制件/钢筋加工件 个 加工：是 钢筋规格：12 形状：方形箍 加工12钢筋方形箍 是 12 方形箍			candidate	needs_review	clarify_specs_before_use	purchase_2024_candidate_rows=603；purchase_2024_source_rows=604；draft_sku_id=SKU-DRAFT-000599	缺失规格：尺寸；整理依据：定制件尺寸/图纸缺失，无法唯一确定钢筋方形箍SKU；导入口径：do_not_import_missing_specs；重分类：定制件/钢筋加工件 -> 定制加工件/钢筋加工件；分类置信度：high；方形箍为加工成型钢筋件。	2026-07-03
TOOL-000096	充电电钻	供电：充电		电动气动工具/电动工具	台			充电电钻	TOOL-000096 充电电钻 工具器具/电动工具 台 供电：充电 充电			candidate	needs_review	clarify_specs_before_use	purchase_2024_candidate_rows=604；purchase_2024_source_rows=605；draft_sku_id=SKU-DRAFT-000600	缺失规格：品牌；型号；容量；电压；整理依据：电压/电池容量/品牌或型号缺失，无法唯一确定充电电钻SKU；导入口径：do_not_import_missing_specs；重分类：工具器具/电动工具 -> 电动气动工具/电动工具；分类置信度：high；充电电钻是电动工具整机。	2026-07-03
TOOL-000097	厕所刷	用途：厕所清洁		清洁办公后勤/清洁工具	把			厕所刷子	TOOL-000097 厕所刷 劳保耗材/清洁工具 把 用途：厕所清洁 厕所刷子 厕所清洁			active	standard	auto_select_allowed	purchase_2024_candidate_rows=605；purchase_2024_source_rows=606；draft_sku_id=SKU-DRAFT-000601	导入口径：import_ready；重分类：劳保耗材/清洁工具 -> 清洁办公后勤/清洁工具；分类置信度：high；厕所刷是清洁工具，旧劳保耗材错误。	2026-07-03
SAFE-000044	洁厕剂	类型：洁厕灵		清洁办公后勤/清洁耗材	支			洁厕灵	SAFE-000044 洁厕剂 劳保耗材/清洁用品 支 类型：洁厕灵 洁厕灵			candidate	needs_review	clarify_specs_before_use	purchase_2024_candidate_rows=606；purchase_2024_source_rows=607；draft_sku_id=SKU-DRAFT-000602	缺失规格：品牌；容量；整理依据：容量/品牌缺失，无法唯一确定洁厕剂SKU；导入口径：do_not_import_missing_specs；重分类：劳保耗材/清洁用品 -> 清洁办公后勤/清洁耗材；分类置信度：high；洁厕灵是清洁耗材，旧劳保耗材错误。	2026-07-03
TOOL-000098	拖把	类型：拖把		清洁办公后勤/清洁工具	支			拖把	TOOL-000098 拖把 劳保耗材/清洁工具 支 类型：拖把			candidate	usable	confirm_before_use	purchase_2024_candidate_rows=607；purchase_2024_source_rows=608；draft_sku_id=SKU-DRAFT-000603	缺失规格：品牌；型号；整理依据：输入提示与其他记录同物料，单位个/支需统一；导入口径：confirm_then_import；重分类：劳保耗材/清洁工具 -> 清洁办公后勤/清洁工具；分类置信度：high；拖把是清洁工具，旧劳保耗材错误。	2026-07-03
TOOL-000099	锂电钻	特征：大功率；供电：锂电池		电动气动工具/电动工具	台			大功率锂电钻	TOOL-000099 锂电钻 工具器具/电动工具 台 特征：大功率 供电：锂电池 大功率锂电钻 大功率 锂电池			candidate	needs_review	clarify_specs_before_use	purchase_2024_candidate_rows=608；purchase_2024_source_rows=609；draft_sku_id=SKU-DRAFT-000604	缺失规格：品牌；型号；容量；功率；电压；整理依据：电压/电池容量/品牌或型号缺失，大功率描述不足以唯一确定SKU；导入口径：do_not_import_missing_specs；重分类：工具器具/电动工具 -> 电动气动工具/电动工具；分类置信度：high；锂电钻为电动工具。	2026-07-03
ELEC-000091	铜鼻子	电流：300A；材质：铜		电气电料/接线端子	个			300A铜鼻子	ELEC-000091 铜鼻子 电气材料/电缆附件 个 电流：300A 材质：铜 300A铜鼻子 300A 铜			candidate	usable	confirm_before_use	purchase_2024_candidate_rows=609；purchase_2024_source_rows=610；draft_sku_id=SKU-DRAFT-000605	缺失规格：品牌；型号；整理依据：线径/孔径缺失，按电流和材质先建候选；导入口径：confirm_then_import；重分类：电气材料/电缆附件 -> 电气电料/接线端子；分类置信度：high；铜鼻子是电缆接线端子。	2026-07-03
ELEC-000092	铜鼻子	电流：200A；材质：铜		电气电料/接线端子	个			200A铜鼻子	ELEC-000092 铜鼻子 电气材料/电缆附件 个 电流：200A 材质：铜 200A铜鼻子 200A 铜			candidate	usable	confirm_before_use	purchase_2024_candidate_rows=610；purchase_2024_source_rows=611；draft_sku_id=SKU-DRAFT-000606	缺失规格：品牌；型号；整理依据：线径/孔径缺失，按电流和材质先建候选；导入口径：confirm_then_import；重分类：电气材料/电缆附件 -> 电气电料/接线端子；分类置信度：high；铜鼻子是电缆接线端子。	2026-07-03
PIPE-000091	PVC给水管	品牌：公元；规格：40；材质：PVC；用途：给水		管材管件阀门/管材	米			公元40pvc给水管	PIPE-000091 PVC给水管 工程材料/PVC管件 米 品牌：公元 规格：40 材质：PVC 用途：给水 公元40pvc给水管 公元 40 PVC 给水	公元		candidate	usable	confirm_before_use	purchase_2024_candidate_rows=611；purchase_2024_source_rows=612；draft_sku_id=SKU-DRAFT-000607	缺失规格：压力等级；整理依据：压力等级缺失，按品牌/规格/材质/用途先建候选；导入口径：confirm_then_import；重分类：工程材料/PVC管件 -> 管材管件阀门/管材；分类置信度：high；给水管属于PVC管材，旧管件口径错误。	2026-07-03
PIPE-000092	异径三通	品牌：公元；规格：40*32；类型：三通		管材管件阀门/三通	个			公元三通40×32	PIPE-000092 异径三通 工程材料/PVC管件 个 品牌：公元 规格：40*32 类型：三通 公元三通40×32 公元 40*32 三通	公元		candidate	usable	confirm_before_use	purchase_2024_candidate_rows=612；purchase_2024_source_rows=613；draft_sku_id=SKU-DRAFT-000608	缺失规格：材质；口径；整理依据：材质未明，按PVC管件分组候选需确认；导入口径：confirm_then_import；重分类：工程材料/PVC管件 -> 管材管件阀门/三通；分类置信度：high；异径三通属管件三通。	2026-07-03
PIPE-000093	异径三通	品牌：公元；规格：40*25；类型：三通		管材管件阀门/三通	个			公元三通40×25	PIPE-000093 异径三通 工程材料/PVC管件 个 品牌：公元 规格：40*25 类型：三通 公元三通40×25 公元 40*25 三通	公元		candidate	usable	confirm_before_use	purchase_2024_candidate_rows=613；purchase_2024_source_rows=614；draft_sku_id=SKU-DRAFT-000609	缺失规格：材质；口径；整理依据：材质未明，按PVC管件分组候选需确认；导入口径：confirm_then_import；重分类：工程材料/PVC管件 -> 管材管件阀门/三通；分类置信度：high；异径三通属管件三通。	2026-07-03
PIPE-000094	PVC管卡	品牌：公元；材质：PVC；规格：40		紧固件与连接件/管卡	个			公元pvc40管卡	PIPE-000094 PVC管卡 工程材料/管道紧固 个 品牌：公元 材质：PVC 规格：40 公元pvc40管卡 公元 PVC 40	公元		active	standard	auto_select_allowed	purchase_2024_candidate_rows=614；purchase_2024_source_rows=615；draft_sku_id=SKU-DRAFT-000610	导入口径：import_ready；重分类：工程材料/管道紧固 -> 紧固件与连接件/管卡；分类置信度：high；管卡用于管道固定，旧工程材料/管道紧固需归紧固连接件。	2026-07-03
PIPE-000095	PVC45度弯头	品牌：公元；规格：40；角度：45度		管材管件阀门/弯头	个			公元40×45°弯头	PIPE-000095 PVC45度弯头 工程材料/PVC管件 个 品牌：公元 规格：40 角度：45度 公元40×45°弯头 公元 40 45度	公元		candidate	usable	confirm_before_use	purchase_2024_candidate_rows=615；purchase_2024_source_rows=616；draft_sku_id=SKU-DRAFT-000611	缺失规格：材质；口径；整理依据：材质未明，按PVC管件名称候选需确认；导入口径：confirm_then_import；重分类：工程材料/PVC管件 -> 管材管件阀门/弯头；分类置信度：high；45度弯头是PVC弯头类管件。	2026-07-03
PIPE-000096	异径接头	品牌：公元；规格：40*32；类型：异径接头		管材管件阀门/直接	个			公元40×32大接头	PIPE-000096 异径接头 工程材料/PVC管件 个 品牌：公元 规格：40*32 类型：异径接头 公元40×32大接头 公元 40*32	公元		candidate	usable	confirm_before_use	purchase_2024_candidate_rows=616；purchase_2024_source_rows=617；draft_sku_id=SKU-DRAFT-000612	缺失规格：材质；口径；整理依据：材质未明，按PVC管件分组候选需确认；大接头归一为异径接头；导入口径：confirm_then_import；重分类：工程材料/PVC管件 -> 管材管件阀门/直接；分类置信度：high；异径接头/大小头为管路直连变径管件。	2026-07-03
CHEM-000046	厚双面胶	类型：双面胶；特征：厚		化工胶粘涂料/胶粘剂	卷			双面胶厚	CHEM-000046 厚双面胶 化工耗材/胶粘带 卷 类型：双面胶 特征：厚 双面胶厚 双面胶 厚			candidate	needs_review	clarify_specs_before_use	purchase_2024_candidate_rows=617；purchase_2024_source_rows=618；draft_sku_id=SKU-DRAFT-000613	缺失规格：长度；宽度；整理依据：宽度/长度缺失，无法唯一确定厚双面胶SKU；导入口径：do_not_import_missing_specs；重分类：化工耗材/胶粘带 -> 化工胶粘涂料/胶粘剂；分类置信度：high；双面胶属胶粘材料，厚度为规格特征。	2026-07-03
MAT-000064	窗帘支架	用途：窗帘		清洁办公后勤/门窗五金	套			窗帘支架	MAT-000064 窗帘支架 行政后勤/设施配件 套 用途：窗帘 窗帘			candidate	needs_review	clarify_specs_before_use	purchase_2024_candidate_rows=618；purchase_2024_source_rows=619；draft_sku_id=SKU-DRAFT-000614	缺失规格：长度；整理依据：长度/安装方式缺失，无法唯一确定窗帘支架SKU；导入口径：do_not_import_missing_specs；重分类：行政后勤/设施配件 -> 清洁办公后勤/门窗五金；分类置信度：medium；窗帘支架为门窗附属五金件。	2026-07-03
CONST-000014	黑模板	厚度：3.0；颜色：黑色		建筑材料/模板木方	张			黑模板3.0厚	CONST-000014 黑模板 建筑材料/模板木方 张 厚度：3.0 颜色：黑色 黑模板3.0厚 3.0 黑色			candidate	needs_review	clarify_specs_before_use	purchase_2024_candidate_rows=619；purchase_2024_source_rows=620；draft_sku_id=SKU-DRAFT-000615	缺失规格：材质；尺寸；强度等级；包装规格；整理依据：厚度单位/长宽缺失，无法唯一确定黑模板SKU；导入口径：do_not_import_missing_specs	2026-07-03
ELEC-000093	一位开关	品牌：公牛；位数：1位		电气电料/开关按钮	套			公牛一位开关	ELEC-000093 一位开关 电气材料/开关 套 品牌：公牛 位数：1位 公牛一位开关 公牛 1位	公牛		candidate	usable	confirm_before_use	purchase_2024_candidate_rows=620；purchase_2024_source_rows=621；draft_sku_id=SKU-DRAFT-000616	缺失规格：电流；整理依据：电流/安装方式缺失，按品牌和位数先建候选；导入口径：confirm_then_import；重分类：电气材料/开关 -> 电气电料/开关按钮；分类置信度：high；一位开关属于开关按钮类电气材料。	2026-07-03
ELEC-000094	五孔插座	品牌：公牛；类型：五孔		电气电料/插头插座	套			公牛五孔插座	ELEC-000094 五孔插座 电气材料/插头插座 套 品牌：公牛 类型：五孔 公牛五孔插座 公牛 五孔	公牛		candidate	usable	confirm_before_use	purchase_2024_candidate_rows=621；purchase_2024_source_rows=622；draft_sku_id=SKU-DRAFT-000617	缺失规格：电流；整理依据：输入提示与其他记录同物料，电流/明装暗装缺失；导入口径：confirm_then_import；重分类：电气材料/插头插座 -> 电气电料/插头插座；分类置信度：high；五孔插座属于插头插座类电气材料。	2026-07-03
MAT-000065	手持打码机	类型：手持；功能：大字符打码		施工机具设备/通用设备	台			手持大字符打码机	MAT-000065 手持打码机 设备/标识设备 台 类型：手持 功能：大字符打码 手持大字符打码机 手持 大字符打码			candidate	needs_review	clarify_specs_before_use	purchase_2024_candidate_rows=622；purchase_2024_source_rows=623；draft_sku_id=SKU-DRAFT-000618	缺失规格：型号；整理依据：型号/耗材类型缺失，无法唯一确定手持打码机SKU；导入口径：do_not_import_missing_specs；重分类：设备/标识设备 -> 施工机具设备/通用设备；分类置信度：medium；打码机是小型现场标识设备；推荐无对应二级，按通用设备新建。	2026-07-03
SAFE-000045	洗洁精	类型：洗洁精		清洁办公后勤/清洁耗材	支			洗洁精	SAFE-000045 洗洁精 劳保耗材/清洁用品 支 类型：洗洁精			candidate	needs_review	clarify_specs_before_use	purchase_2024_candidate_rows=623；purchase_2024_source_rows=624；draft_sku_id=SKU-DRAFT-000619	缺失规格：品牌；容量；整理依据：容量/品牌缺失，无法唯一确定洗洁精SKU；导入口径：do_not_import_missing_specs；重分类：劳保耗材/清洁用品 -> 清洁办公后勤/清洁耗材；分类置信度：high；洗洁精是日常清洁耗材，旧劳保耗材不准。	2026-07-03
MAT-000066	吊带	载荷：5吨；长度：6m		吊装索具/吊带	条			吊带5吨×6m	MAT-000066 吊带 吊装索具/吊带 条 载荷：5吨 长度：6m 吊带5吨×6m 5吨 6m			candidate	usable	confirm_before_use	purchase_2024_candidate_rows=624；purchase_2024_source_rows=625；draft_sku_id=SKU-DRAFT-000620	缺失规格：规格；型号；整理依据：输入提示与其他记录同物料，单位付/条需统一；导入口径：confirm_then_import	2026-07-03
PIPE-000097	直通	品牌：公元；规格：110；类型：直通		管材管件阀门/直接	个			公元110直通	PIPE-000097 直通 工程材料/PVC管件 个 品牌：公元 规格：110 类型：直通 公元110直通 公元 110	公元		candidate	usable	confirm_before_use	purchase_2024_candidate_rows=625；purchase_2024_source_rows=626；draft_sku_id=SKU-DRAFT-000621	缺失规格：材质；口径；整理依据：材质未明，按PVC管件分组候选需确认；导入口径：confirm_then_import；重分类：工程材料/PVC管件 -> 管材管件阀门/直接；分类置信度：high；PVC直通为管路直接件，工程材料旧类目过宽。	2026-07-03
PIPE-000098	管卡	品牌：公元；规格：110		紧固件与连接件/管卡	个			公元110管卡	PIPE-000098 管卡 工程材料/管道紧固 个 品牌：公元 规格：110 公元110管卡 公元 110	公元		candidate	usable	confirm_before_use	purchase_2024_candidate_rows=626；purchase_2024_source_rows=627；draft_sku_id=SKU-DRAFT-000622	缺失规格：材质；整理依据：材质/适配管材缺失，按品牌和规格先建候选；导入口径：confirm_then_import；重分类：工程材料/管道紧固 -> 紧固件与连接件/管卡；分类置信度：high；管卡用于管道固定，工程材料旧类目过宽。	2026-07-03
PIPE-000099	方形集水斗	品牌：公元；规格：110；形状：方形		管材管件阀门/水暖五金	个			公元110方形集水斗	PIPE-000099 方形集水斗 工程材料/排水管件 个 品牌：公元 规格：110 形状：方形 公元110方形集水斗 公元 110 方形	公元		candidate	usable	confirm_before_use	purchase_2024_candidate_rows=627；purchase_2024_source_rows=628；draft_sku_id=SKU-DRAFT-000623	缺失规格：材质；整理依据：材质/安装方式缺失，按品牌/规格/形状先建候选；导入口径：confirm_then_import；重分类：工程材料/排水管件 -> 管材管件阀门/水暖五金；分类置信度：medium；集水斗是排水系统配件，旧工程材料过宽。	2026-07-03
CHEM-000047	调和漆	颜色：红色；类型：调和漆		化工胶粘涂料/涂料	桶			红色调和油漆	CHEM-000047 调和漆 化工耗材/涂料 桶 颜色：红色 类型：调和漆 红色调和油漆 红色			candidate	needs_review	clarify_specs_before_use	purchase_2024_candidate_rows=628；purchase_2024_source_rows=629；draft_sku_id=SKU-DRAFT-000624	缺失规格：品牌；容量；整理依据：包装容量/品牌缺失，无法唯一确定调和漆SKU；导入口径：do_not_import_missing_specs；重分类：化工耗材/涂料 -> 化工胶粘涂料/涂料；分类置信度：high；调和漆属于涂料。	2026-07-03
CHEM-000048	调和漆	颜色：中黄；类型：调和漆		化工胶粘涂料/涂料	桶			中黄调和油漆	CHEM-000048 调和漆 化工耗材/涂料 桶 颜色：中黄 类型：调和漆 中黄调和油漆 中黄			candidate	needs_review	clarify_specs_before_use	purchase_2024_candidate_rows=629；purchase_2024_source_rows=630；draft_sku_id=SKU-DRAFT-000625	缺失规格：品牌；容量；整理依据：包装容量/品牌缺失，无法唯一确定调和漆SKU；导入口径：do_not_import_missing_specs；重分类：化工耗材/涂料 -> 化工胶粘涂料/涂料；分类置信度：high；调和漆属于涂料。	2026-07-03
ELEC-000095	快速插头	电压：220V；类型：快速插头		电气电料/插头插座	个			220v快速插头	ELEC-000095 快速插头 电气材料/插头插座 个 电压：220V 类型：快速插头 220v快速插头 220V			candidate	needs_review	clarify_specs_before_use	purchase_2024_candidate_rows=630；purchase_2024_source_rows=631；draft_sku_id=SKU-DRAFT-000626	缺失规格：电流；整理依据：电流/极数/IP等级缺失，无法唯一确定快速插头SKU；导入口径：do_not_import_missing_specs；重分类：电气材料/插头插座 -> 电气电料/插头插座；分类置信度：high；快速插头属插头插座类电料。	2026-07-03
ELEC-000096	快速插座	电压：220V；类型：快速插座		电气电料/插头插座	个			220v快速插座	ELEC-000096 快速插座 电气材料/插头插座 个 电压：220V 类型：快速插座 220v快速插座 220V			candidate	needs_review	clarify_specs_before_use	purchase_2024_candidate_rows=631；purchase_2024_source_rows=632；draft_sku_id=SKU-DRAFT-000627	缺失规格：电流；整理依据：电流/极数/IP等级缺失，无法唯一确定快速插座SKU；导入口径：do_not_import_missing_specs；重分类：电气材料/插头插座 -> 电气电料/插头插座；分类置信度：high；快速插座属插头插座类电料。	2026-07-03
ELEC-000097	快速插头	电压：380V；类型：快速插头		电气电料/插头插座	个			380v快速插头	ELEC-000097 快速插头 电气材料/插头插座 个 电压：380V 类型：快速插头 380v快速插头 380V			candidate	needs_review	clarify_specs_before_use	purchase_2024_candidate_rows=632；purchase_2024_source_rows=633；draft_sku_id=SKU-DRAFT-000628	缺失规格：电流；整理依据：电流/极数/IP等级缺失，无法唯一确定快速插头SKU；导入口径：do_not_import_missing_specs；重分类：电气材料/插头插座 -> 电气电料/插头插座；分类置信度：high；快速插头属插头插座类电料。	2026-07-03
ELEC-000098	快速插座	电压：380V；类型：快速插座		电气电料/插头插座	个			380v快速插座	ELEC-000098 快速插座 电气材料/插头插座 个 电压：380V 类型：快速插座 380v快速插座 380V			candidate	needs_review	clarify_specs_before_use	purchase_2024_candidate_rows=633；purchase_2024_source_rows=634；draft_sku_id=SKU-DRAFT-000629	缺失规格：电流；整理依据：电流/极数/IP等级缺失，无法唯一确定快速插座SKU；导入口径：do_not_import_missing_specs；重分类：电气材料/插头插座 -> 电气电料/插头插座；分类置信度：high；快速插座属插头插座类电料。	2026-07-03
TOOL-000100	滚筒刷	规格：8寸		工具耗材/刷具	支			8寸滚筒	TOOL-000100 滚筒刷 工具器具/涂装工具 支 规格：8寸 8寸滚筒 8寸			candidate	usable	confirm_before_use	purchase_2024_candidate_rows=635；purchase_2024_source_rows=636；draft_sku_id=SKU-DRAFT-000630	缺失规格：材质；整理依据：材质缺失，按规格先建候选；导入口径：confirm_then_import；重分类：工具器具/涂装工具 -> 工具耗材/刷具；分类置信度：high；滚筒刷是涂装刷具耗材。	2026-07-03
TOOL-000101	滚筒刷	规格：4寸		工具耗材/刷具	支			4寸滚筒	TOOL-000101 滚筒刷 工具器具/涂装工具 支 规格：4寸 4寸滚筒 4寸			candidate	usable	confirm_before_use	purchase_2024_candidate_rows=636；purchase_2024_source_rows=637；draft_sku_id=SKU-DRAFT-000631	缺失规格：材质；整理依据：材质缺失，按规格先建候选；导入口径：confirm_then_import；重分类：工具器具/涂装工具 -> 工具耗材/刷具；分类置信度：high；滚筒刷是涂装刷具耗材。	2026-07-03
TOOL-000102	小滚筒刷	规格：4寸；类型：小滚筒		工具耗材/刷具	支			4寸小滚筒	TOOL-000102 小滚筒刷 工具器具/涂装工具 支 规格：4寸 类型：小滚筒 4寸小滚筒 4寸 小滚筒			candidate	usable	confirm_before_use	purchase_2024_candidate_rows=637；purchase_2024_source_rows=638；draft_sku_id=SKU-DRAFT-000632	缺失规格：材质；整理依据：材质缺失，按规格和类型先建候选；导入口径：confirm_then_import；重分类：工具器具/涂装工具 -> 工具耗材/刷具；分类置信度：high；滚筒刷为涂装刷具耗材。	2026-07-03
CHEM-000049	自喷漆	品牌：三和；颜色：灰色；类型：自喷漆		化工胶粘涂料/涂料	支			三和灰色喷漆	CHEM-000049 自喷漆 化工耗材/涂料 支 品牌：三和 颜色：灰色 类型：自喷漆 三和灰色喷漆 三和 灰色	三和		candidate	needs_review	clarify_specs_before_use	purchase_2024_candidate_rows=638；purchase_2024_source_rows=639；draft_sku_id=SKU-DRAFT-000633	缺失规格：容量；整理依据：输入提示与其他记录同物料，容量缺失，可能影响自喷漆SKU区分；导入口径：do_not_import_missing_specs；重分类：化工耗材/涂料 -> 化工胶粘涂料/涂料；分类置信度：high；自喷漆为涂料类化工材料。	2026-07-03
ADMIN-000020	垃圾袋	规格：大号		清洁办公后勤/清洁耗材	个			大垃圾袋子	ADMIN-000020 垃圾袋 劳保耗材/清洁用品 个 规格：大号 大垃圾袋子 大号			candidate	needs_review	clarify_specs_before_use	purchase_2024_candidate_rows=639；purchase_2024_source_rows=640；draft_sku_id=SKU-DRAFT-000634	缺失规格：尺寸；厚度；整理依据：尺寸/厚度缺失，大号不足以唯一确定垃圾袋SKU；导入口径：do_not_import_missing_specs；重分类：劳保耗材/清洁用品 -> 清洁办公后勤/清洁耗材；分类置信度：high；垃圾袋是清洁消耗品，旧劳保耗材错误。	2026-07-03
WELD-000015	二氧化碳减压表	适用气体：二氧化碳；类型：压力表/减压表		焊接切割/气瓶附件	个			二氧化碳表	WELD-000015 二氧化碳减压表 焊接耗材/气体配件 个 适用气体：二氧化碳 类型：压力表/减压表 二氧化碳表 二氧化碳 压力表/减压表			candidate	needs_review	clarify_specs_before_use	purchase_2024_candidate_rows=640；purchase_2024_source_rows=641；draft_sku_id=SKU-DRAFT-000635	缺失规格：量程；整理依据：量程/接口缺失，无法唯一确定二氧化碳减压表SKU；导入口径：do_not_import_missing_specs；重分类：焊接耗材/气体配件 -> 焊接切割/气瓶附件；分类置信度：high；二氧化碳减压表用于焊接气体系统，归气瓶附件。	2026-07-03
WELD-000016	乙炔减压表	适用气体：乙炔；类型：压力表/减压表		焊接切割/气瓶附件	个			乙炔表	WELD-000016 乙炔减压表 焊接耗材/气体配件 个 适用气体：乙炔 类型：压力表/减压表 乙炔表 乙炔 压力表/减压表			candidate	needs_review	clarify_specs_before_use	purchase_2024_candidate_rows=641；purchase_2024_source_rows=642；draft_sku_id=SKU-DRAFT-000636	缺失规格：量程；整理依据：输入提示与其他记录同物料，量程/接口缺失，无法唯一确定乙炔减压表SKU；导入口径：do_not_import_missing_specs；重分类：焊接耗材/气体配件 -> 焊接切割/气瓶附件；分类置信度：high；乙炔减压表用于气瓶减压计量，归焊接切割气瓶附件。	2026-07-03
WELD-000017	氧气减压表	适用气体：氧气；类型：压力表/减压表		焊接切割/气瓶附件	个			氧气表	WELD-000017 氧气减压表 焊接耗材/气体配件 个 适用气体：氧气 类型：压力表/减压表 氧气表 氧气 压力表/减压表			candidate	needs_review	clarify_specs_before_use	purchase_2024_candidate_rows=642；purchase_2024_source_rows=643；draft_sku_id=SKU-DRAFT-000637	缺失规格：量程；整理依据：量程/接口缺失，无法唯一确定氧气减压表SKU；导入口径：do_not_import_missing_specs；重分类：焊接耗材/气体配件 -> 焊接切割/气瓶附件；分类置信度：high；氧气减压表用于焊割气瓶减压。	2026-07-03
SPARE-000065	螺丝	规格：M30*100		紧固件与连接件/螺丝	个			M30*100螺丝	SPARE-000065 螺丝 五金备件/紧固件 个 规格：M30*100 M30*100螺丝 M30*100			candidate	needs_review	clarify_specs_before_use	purchase_2024_candidate_rows=643；purchase_2024_source_rows=644；draft_sku_id=SKU-DRAFT-000638	缺失规格：材质；强度等级；整理依据：材质/强度等级缺失，可能影响紧固件SKU区分；导入口径：do_not_import_missing_specs；重分类：五金备件/紧固件 -> 紧固件与连接件/螺丝；分类置信度：high；样例均为各规格螺丝，五金备件旧口径过宽。	2026-07-03
SPARE-000066	螺母	规格：M30		紧固件与连接件/螺母	个			M30螺母	SPARE-000066 螺母 五金备件/紧固件 个 规格：M30 M30螺母 M30			candidate	needs_review	clarify_specs_before_use	purchase_2024_candidate_rows=644；purchase_2024_source_rows=645；draft_sku_id=SKU-DRAFT-000639	缺失规格：材质；强度等级；整理依据：材质/强度等级缺失，可能影响紧固件SKU区分；导入口径：do_not_import_missing_specs；重分类：五金备件/紧固件 -> 紧固件与连接件/螺母；分类置信度：high；样例均为各规格螺母。	2026-07-03
FAST-000006	平垫片	规格：M30		紧固件与连接件/垫圈	个			M30平垫	FAST-000006 平垫片 五金备件/紧固件 个 规格：M30 M30平垫 M30			candidate	usable	confirm_before_use	purchase_2024_candidate_rows=645；purchase_2024_source_rows=646；draft_sku_id=SKU-DRAFT-000640	缺失规格：材质；整理依据：材质缺失，按规格先建候选；导入口径：confirm_then_import；重分类：五金备件/紧固件 -> 紧固件与连接件/垫圈；分类置信度：high；平垫片属垫圈类紧固件。	2026-07-03
SPARE-000067	弹簧垫片	规格：M30		紧固件与连接件/垫圈	个			M30弹垫	SPARE-000067 弹簧垫片 五金备件/紧固件 个 规格：M30 M30弹垫 M30			candidate	usable	confirm_before_use	purchase_2024_candidate_rows=646；purchase_2024_source_rows=647；draft_sku_id=SKU-DRAFT-000641	缺失规格：材质；整理依据：材质缺失，按规格先建候选；导入口径：confirm_then_import；重分类：五金备件/紧固件 -> 紧固件与连接件/垫圈；分类置信度：high；弹簧垫片属垫圈类紧固件。	2026-07-03
SPARE-000068	螺丝	规格：M27*120		紧固件与连接件/螺丝	个			M27*120螺丝	SPARE-000068 螺丝 五金备件/紧固件 个 规格：M27*120 M27*120螺丝 M27*120			candidate	needs_review	clarify_specs_before_use	purchase_2024_candidate_rows=647；purchase_2024_source_rows=648；draft_sku_id=SKU-DRAFT-000642	缺失规格：材质；强度等级；整理依据：材质/强度等级缺失，可能影响紧固件SKU区分；导入口径：do_not_import_missing_specs；重分类：五金备件/紧固件 -> 紧固件与连接件/螺丝；分类置信度：high；样例均为各规格螺丝，五金备件旧口径过宽。	2026-07-03
SPARE-000069	螺母	规格：M27		紧固件与连接件/螺母	个			M27螺母	SPARE-000069 螺母 五金备件/紧固件 个 规格：M27 M27螺母 M27			candidate	needs_review	clarify_specs_before_use	purchase_2024_candidate_rows=648；purchase_2024_source_rows=649；draft_sku_id=SKU-DRAFT-000643	缺失规格：材质；强度等级；整理依据：材质/强度等级缺失，可能影响紧固件SKU区分；输入提示与其他记录同类；导入口径：do_not_import_missing_specs；重分类：五金备件/紧固件 -> 紧固件与连接件/螺母；分类置信度：high；样例均为各规格螺母。	2026-07-03
FAST-000007	平垫片	规格：M27		紧固件与连接件/垫圈	个			M27平垫	FAST-000007 平垫片 五金备件/紧固件 个 规格：M27 M27平垫 M27			candidate	usable	confirm_before_use	purchase_2024_candidate_rows=649；purchase_2024_source_rows=650；draft_sku_id=SKU-DRAFT-000644	缺失规格：材质；整理依据：材质缺失，按规格先建候选；输入提示与其他记录同类；导入口径：confirm_then_import；重分类：五金备件/紧固件 -> 紧固件与连接件/垫圈；分类置信度：high；平垫片属垫圈类紧固件。	2026-07-03
SPARE-000070	弹簧垫片	规格：M27		紧固件与连接件/垫圈	个			M27弹垫	SPARE-000070 弹簧垫片 五金备件/紧固件 个 规格：M27 M27弹垫 M27			candidate	usable	confirm_before_use	purchase_2024_candidate_rows=650；purchase_2024_source_rows=651；draft_sku_id=SKU-DRAFT-000645	缺失规格：材质；整理依据：材质缺失，按规格先建候选；导入口径：confirm_then_import；重分类：五金备件/紧固件 -> 紧固件与连接件/垫圈；分类置信度：high；弹簧垫片属垫圈类紧固件。	2026-07-03
SPARE-000071	螺丝	规格：12*40		紧固件与连接件/螺丝	套			12*40螺丝	SPARE-000071 螺丝 五金备件/紧固件 套 规格：12*40 12*40螺丝 12*40			candidate	needs_review	clarify_specs_before_use	purchase_2024_candidate_rows=651；purchase_2024_source_rows=652；draft_sku_id=SKU-DRAFT-000646	缺失规格：材质；强度等级；整理依据：原规格未明确是否为M12；材质/强度等级缺失，可能影响紧固件SKU区分；导入口径：do_not_import_missing_specs；重分类：五金备件/紧固件 -> 紧固件与连接件/螺丝；分类置信度：high；样例均为各规格螺丝，五金备件旧口径过宽。	2026-07-03
PIPE-000100	无缝管	规格：68*6		金属材料/钢管	米			68*6无缝管	PIPE-000100 无缝管 原材料/钢管 米 规格：68*6 68*6无缝管 68*6			candidate	needs_review	clarify_specs_before_use	purchase_2024_candidate_rows=652；purchase_2024_source_rows=653；draft_sku_id=SKU-DRAFT-000647	缺失规格：材质；执行标准；整理依据：材质/执行标准缺失，可能影响无缝管SKU区分；导入口径：do_not_import_missing_specs；重分类：原材料/钢管 -> 金属材料/钢管；分类置信度：high；无缝管按钢管原材料归类。	2026-07-03
SAFE-000046	纱布	包装：大包		劳保防护/急救用品	包			纱布大包	SAFE-000046 纱布 劳保耗材/急救用品 包 包装：大包 纱布大包 大包			candidate	needs_review	clarify_specs_before_use	purchase_2024_candidate_rows=653；purchase_2024_source_rows=654；draft_sku_id=SKU-DRAFT-000648	缺失规格：尺寸；整理依据：尺寸/卷数或片数缺失，无法区分纱布SKU；导入口径：do_not_import_missing_specs；重分类：劳保耗材/急救用品 -> 劳保防护/急救用品；分类置信度：medium；纱布为急救包扎用品，标准表无急救二级，新增二级。	2026-07-03
SAFE-000047	雨衣	特征：加厚		劳保防护/雨具	套			加厚雨衣	SAFE-000047 雨衣 劳保耗材/雨具 套 特征：加厚 加厚雨衣 加厚			candidate	needs_review	clarify_specs_before_use	purchase_2024_candidate_rows=654；purchase_2024_source_rows=655；draft_sku_id=SKU-DRAFT-000649	缺失规格：材质；整理依据：尺码/材质缺失，可能影响雨衣SKU区分；导入口径：do_not_import_missing_specs；重分类：劳保耗材/雨具 -> 劳保防护/雨具；分类置信度：high；雨衣为劳保雨具。	2026-07-03
ELEC-000099	电池	规格：7号		电气电料/电气辅材	个			7号电池	ELEC-000099 电池 电气材料/电池 个 规格：7号 7号电池 7号			active	standard	auto_select_allowed	purchase_2024_candidate_rows=655；purchase_2024_source_rows=656；draft_sku_id=SKU-DRAFT-000650	导入口径：import_ready；重分类：电气材料/电池 -> 电气电料/电气辅材；分类置信度：high；9V、5号、7号电池均为电气供电辅材。	2026-07-03
ELEC-000100	漏电断路器	品牌：施耐德；极数：2P；电流：63A		电气电料/低压电器	个			施耐德2P63A漏保；施耐德2P63a漏电保护开关	ELEC-000100 漏电断路器 电气材料/低压电器 个 品牌：施耐德 极数：2P 电流：63A 施耐德2P63A漏保 施耐德2P63a漏电保护开关 施耐德 2P 63A	施耐德		candidate	usable	confirm_before_use	purchase_2024_candidate_rows=656；purchase_2024_source_rows=657；draft_sku_id=SKU-DRAFT-000651	缺失规格：型号；整理依据：型号/漏电动作电流缺失，按品牌、极数和电流先建候选；导入口径：confirm_then_import；重分类：电气材料/低压电器 -> 电气电料/低压电器；分类置信度：high；漏电断路器属于低压电器。	2026-07-03
METAL-000042	钢丝绳铝扣	材质：铝；用途：钢丝绳扣压		吊装索具/钢丝绳	个			钢丝绳铝扣	METAL-000042 钢丝绳铝扣 吊装索具/钢丝绳配件 个 材质：铝 用途：钢丝绳扣压 铝 钢丝绳扣压			candidate	needs_review	clarify_specs_before_use	purchase_2024_candidate_rows=657；purchase_2024_source_rows=658；draft_sku_id=SKU-DRAFT-000652	缺失规格：直径；整理依据：适配钢丝绳直径缺失，无法区分铝扣SKU；导入口径：do_not_import_missing_specs；重分类：吊装索具/钢丝绳配件 -> 吊装索具/钢丝绳；分类置信度：high；铝扣用于钢丝绳扣压成套。	2026-07-03
METAL-000043	角钢	规格：40*40*5；标准：国标		金属材料/型钢	米			40*40*5国标角铁	METAL-000043 角钢 原材料/型钢 米 规格：40*40*5 标准：国标 40*40*5国标角铁 40*40*5 国标			candidate	needs_review	clarify_specs_before_use	purchase_2024_candidate_rows=658；purchase_2024_source_rows=659；draft_sku_id=SKU-DRAFT-000653	缺失规格：材质；整理依据：材质牌号缺失，可能影响型钢SKU区分；导入口径：do_not_import_missing_specs；重分类：原材料/型钢 -> 金属材料/型钢；分类置信度：high；角钢/角铁属于型钢。	2026-07-03
METAL-000044	花纹钢板	厚度：3.0		金属材料/钢板	平方			3.0花纹钢板	METAL-000044 花纹钢板 原材料/钢板 平方 厚度：3.0 3.0花纹钢板 3.0			candidate	needs_review	clarify_specs_before_use	purchase_2024_candidate_rows=659；purchase_2024_source_rows=660；draft_sku_id=SKU-DRAFT-000654	缺失规格：规格；材质；整理依据：材质/长宽规格缺失，可能影响花纹钢板SKU区分；导入口径：do_not_import_missing_specs；重分类：原材料/钢板 -> 金属材料/钢板；分类置信度：high；花纹钢板属于钢板原材。	2026-07-03
ELEC-000101	电线	品牌：起帆；截面积：1.5平方		电气电料/电线电缆	米			起帆1.5平方电线	ELEC-000101 电线 电气材料/电线电缆 米 品牌：起帆 截面积：1.5平方 起帆1.5平方电线 起帆 1.5平方	起帆		candidate	needs_review	clarify_specs_before_use	purchase_2024_candidate_rows=660；purchase_2024_source_rows=661；draft_sku_id=SKU-DRAFT-000655	缺失规格：颜色；整理依据：线型/颜色缺失，无法区分电线SKU；导入口径：do_not_import_missing_specs；重分类：电气材料/电线电缆 -> 电气电料/电线电缆；分类置信度：high；样例均为起帆不同截面积电线。	2026-07-03
ADMIN-000021	除甲醛机	用途：办公室；功能：除甲醛		清洁办公后勤/办公设备	个			办公室除甲醛机	ADMIN-000021 除甲醛机 行政后勤/办公设备 个 用途：办公室 功能：除甲醛 办公室除甲醛机 办公室 除甲醛			candidate	needs_review	clarify_specs_before_use	purchase_2024_candidate_rows=661；purchase_2024_source_rows=662；draft_sku_id=SKU-DRAFT-000656	缺失规格：型号；整理依据：型号/适用面积缺失，无法区分除甲醛机SKU；导入口径：do_not_import_missing_specs；重分类：行政后勤/办公设备 -> 清洁办公后勤/办公设备；分类置信度：medium；新建二级办公设备；除甲醛机是办公室后勤设备。	2026-07-03
PIPE-000101	焊接异径接头	规格：159*89；连接：焊接；类型：大小头		管材管件阀门/异径接头	个			焊接159*89大小头	PIPE-000101 焊接异径接头 工程材料/管件 个 规格：159*89 连接：焊接 类型：大小头 焊接159*89大小头 159*89 焊接 大小头			candidate	needs_review	clarify_specs_before_use	purchase_2024_candidate_rows=662；purchase_2024_source_rows=663；draft_sku_id=SKU-DRAFT-000657	缺失规格：材质；壁厚；整理依据：材质/壁厚缺失，可能影响焊接异径接头SKU区分；导入口径：do_not_import_missing_specs；重分类：工程材料/管件 -> 管材管件阀门/异径接头；分类置信度：high；样例均为焊接大小头，工程材料旧类目过宽；新增异径接头二级。	2026-07-03
PIPE-000102	钢管抱箍	加工：是；规格：159；适用：钢管		定制加工件/金属加工件	个			159加工钢管抱箍	PIPE-000102 钢管抱箍 定制件/管路接头 个 加工：是 规格：159 适用：钢管 159加工钢管抱箍 是 159 钢管			candidate	needs_review	clarify_specs_before_use	purchase_2024_candidate_rows=663；purchase_2024_source_rows=664；draft_sku_id=SKU-DRAFT-000658	缺失规格：材质；厚度；整理依据：定制件图纸/材质/厚度缺失，无法唯一确定抱箍SKU；导入口径：do_not_import_missing_specs；重分类：定制件/管路接头 -> 定制加工件/金属加工件；分类置信度：high；样例为加工钢管抱箍，按非标金属加工件处理。	2026-07-03
PIPE-000103	钢管抱箍	加工：是；规格：89；适用：钢管		定制加工件/金属加工件	个			加工89钢管抱箍	PIPE-000103 钢管抱箍 定制件/管路接头 个 加工：是 规格：89 适用：钢管 加工89钢管抱箍 是 89 钢管			candidate	needs_review	clarify_specs_before_use	purchase_2024_candidate_rows=664；purchase_2024_source_rows=665；draft_sku_id=SKU-DRAFT-000659	缺失规格：材质；厚度；整理依据：定制件图纸/材质/厚度缺失，无法唯一确定抱箍SKU；导入口径：do_not_import_missing_specs；重分类：定制件/管路接头 -> 定制加工件/金属加工件；分类置信度：high；样例为加工钢管抱箍，按非标金属加工件处理。	2026-07-03
PIPE-000104	带牙钢管加工件	加工：是；规格：89；工序：带牙		定制加工件/管路接头	个			加工89钢管带牙	PIPE-000104 带牙钢管加工件 定制件/管路接头 个 加工：是 规格：89 工序：带牙 加工89钢管带牙 是 89 带牙			candidate	needs_review	clarify_specs_before_use	purchase_2024_candidate_rows=665；purchase_2024_source_rows=666；draft_sku_id=SKU-DRAFT-000660	缺失规格：长度；整理依据：牙型/长度/图纸缺失，无法唯一确定钢管加工件SKU；导入口径：do_not_import_missing_specs；重分类：定制件/管路接头 -> 定制加工件/管路接头；分类置信度：high；带牙钢管加工后作为管路连接短节。	2026-07-03
METAL-000045	不锈钢球阀	品牌：埃美柯；规格：80；材质：不锈钢；特征：加厚		管材管件阀门/阀门	个			埃美柯80加厚不锈钢球阀	METAL-000045 不锈钢球阀 工程材料/阀门 个 品牌：埃美柯 规格：80 材质：不锈钢 特征：加厚 埃美柯80加厚不锈钢球阀 埃美柯 80 不锈钢 加厚	埃美柯		active	standard	auto_select_allowed	purchase_2024_candidate_rows=666；purchase_2024_source_rows=667；draft_sku_id=SKU-DRAFT-000661	导入口径：import_ready；重分类：工程材料/阀门 -> 管材管件阀门/阀门；分类置信度：high；样例均为不锈钢球阀，口径/品牌为规格差异。	2026-07-03
SAFE-000048	电焊帽	用途：电焊	品质描述:好	劳保防护/眼面防护	个			好电焊帽	SAFE-000048 电焊帽 劳保耗材/眼面防护 个 用途：电焊 品质描述:好 好电焊帽 电焊 好			candidate	needs_review	clarify_specs_before_use	purchase_2024_candidate_rows=667；purchase_2024_source_rows=668；draft_sku_id=SKU-DRAFT-000662	缺失规格：型号；整理依据：防护等级/型号缺失，无法区分电焊帽SKU；“好”按品质描述保留；导入口径：do_not_import_missing_specs；重分类：劳保耗材/眼面防护 -> 劳保防护/眼面防护；分类置信度：high；电焊帽用于焊接眼面防护。	2026-07-03
METAL-000046	铝合金窗	定制：是；材质：铝合金		定制加工件/金属加工件	套			定做铝合金窗	METAL-000046 铝合金窗 定制件/门窗制品 套 定制：是 材质：铝合金 定做铝合金窗 是 铝合金			candidate	needs_review	clarify_specs_before_use	purchase_2024_candidate_rows=668；purchase_2024_source_rows=669；draft_sku_id=SKU-DRAFT-000663	缺失规格：规格；尺寸；整理依据：定制件尺寸/玻璃规格缺失，无法唯一确定铝合金窗SKU；导入口径：do_not_import_missing_specs；重分类：定制件/门窗制品 -> 定制加工件/金属加工件；分类置信度：high；定做铝合金窗为金属门窗加工件。	2026-07-03
METAL-000047	不锈钢窗护栏	定制：是；材质：不锈钢；用途：窗护栏		定制加工件/金属加工件	套			不锈钢窗护栏	METAL-000047 不锈钢窗护栏 定制件/门窗制品 套 定制：是 材质：不锈钢 用途：窗护栏 是 不锈钢 窗护栏			candidate	needs_review	clarify_specs_before_use	purchase_2024_candidate_rows=669；purchase_2024_source_rows=670；draft_sku_id=SKU-DRAFT-000664	缺失规格：尺寸；整理依据：定制件尺寸/图纸缺失，无法唯一确定窗护栏SKU；导入口径：do_not_import_missing_specs；重分类：定制件/门窗制品 -> 定制加工件/金属加工件；分类置信度：high；窗护栏为定制不锈钢金属加工件。	2026-07-03
ELEC-000102	铜接线端子	截面积：4平方；材质：铜		电气电料/接线端子	个			4平方铜接线端子	ELEC-000102 铜接线端子 电气材料/接线端子 个 截面积：4平方 材质：铜 4平方铜接线端子 4平方 铜			candidate	needs_review	clarify_specs_before_use	purchase_2024_candidate_rows=670；purchase_2024_source_rows=671；draft_sku_id=SKU-DRAFT-000665	缺失规格：品牌；型号；电压；电流；安装方式；整理依据：端子形式缺失，无法区分铜接线端子SKU；导入口径：do_not_import_missing_specs；重分类：电气材料/接线端子 -> 电气电料/接线端子；分类置信度：high；铜接线端子即铜鼻子类电气端子。	2026-07-03
ELEC-000103	铜接线端子	截面积：6平方；材质：铜		电气电料/接线端子	个			6平方铜接线端子	ELEC-000103 铜接线端子 电气材料/接线端子 个 截面积：6平方 材质：铜 6平方铜接线端子 6平方 铜			candidate	needs_review	clarify_specs_before_use	purchase_2024_candidate_rows=671；purchase_2024_source_rows=672；draft_sku_id=SKU-DRAFT-000666	缺失规格：品牌；型号；电压；电流；安装方式；整理依据：端子形式缺失，无法区分铜接线端子SKU；导入口径：do_not_import_missing_specs；重分类：电气材料/接线端子 -> 电气电料/接线端子；分类置信度：high；铜接线端子即铜鼻子类电气端子。	2026-07-03
TOOL-000103	端子压线钳	适用：接线端子；类型：压钳		工具量具/电工工具	个			接线端子压钳	TOOL-000103 端子压线钳 工具器具/电工工具 个 适用：接线端子 类型：压钳 接线端子压钳 接线端子 压钳			candidate	needs_review	clarify_specs_before_use	purchase_2024_candidate_rows=672；purchase_2024_source_rows=673；draft_sku_id=SKU-DRAFT-000667	缺失规格：品牌；型号；规格；尺寸；适用设备；整理依据：压接范围缺失，无法区分端子压线钳SKU；导入口径：do_not_import_missing_specs；重分类：工具器具/电工工具 -> 工具量具/电工工具；分类置信度：high；端子压线钳为电工压接工具。	2026-07-03
PIPE-000105	单向阀	品牌：埃美柯；规格：80；类型：单向阀		管材管件阀门/阀门	个			埃美柯80单向阀	PIPE-000105 单向阀 工程材料/阀门 个 品牌：埃美柯 规格：80 类型：单向阀 埃美柯80单向阀 埃美柯 80	埃美柯		candidate	needs_review	clarify_specs_before_use	purchase_2024_candidate_rows=673；purchase_2024_source_rows=674；draft_sku_id=SKU-DRAFT-000668	缺失规格：材质；压力等级；整理依据：材质/压力等级/连接形式缺失，可能影响单向阀SKU区分；导入口径：do_not_import_missing_specs；重分类：工程材料/阀门 -> 管材管件阀门/阀门；分类置信度：high；单向阀属阀门，旧工程材料过宽。	2026-07-03
PIPE-000106	带牙钢管加工件	加工：是；规格：80；工序：带牙		定制加工件/管路接头	个			加工80钢管带牙	PIPE-000106 带牙钢管加工件 定制件/管路接头 个 加工：是 规格：80 工序：带牙 加工80钢管带牙 是 80 带牙			candidate	needs_review	clarify_specs_before_use	purchase_2024_candidate_rows=674；purchase_2024_source_rows=675；draft_sku_id=SKU-DRAFT-000669	缺失规格：长度；整理依据：牙型/长度/图纸缺失，无法唯一确定钢管加工件SKU；导入口径：do_not_import_missing_specs；重分类：定制件/管路接头 -> 定制加工件/管路接头；分类置信度：high；带牙钢管加工后作为管路连接短节。	2026-07-03
METAL-000048	槽钢	规格：10#；特征：厚		金属材料/型钢	米			10#厚槽钢	METAL-000048 槽钢 原材料/型钢 米 规格：10# 特征：厚 10#厚槽钢 10# 厚			candidate	needs_review	clarify_specs_before_use	purchase_2024_candidate_rows=675；purchase_2024_source_rows=676；draft_sku_id=SKU-DRAFT-000670	缺失规格：材质；执行标准；厚度；整理依据：材质牌号/执行标准缺失，且“厚”缺少具体厚度；导入口径：do_not_import_missing_specs；重分类：原材料/型钢 -> 金属材料/型钢；分类置信度：high；槽钢是标准型钢。	2026-07-03
CHEM-000050	橡胶板	厚度：2cm		化工胶粘涂料/橡胶材料	kg			2cm橡胶板	CHEM-000050 橡胶板 原材料/橡胶材料 kg 厚度：2cm 2cm橡胶板 2cm			candidate	needs_review	clarify_specs_before_use	purchase_2024_candidate_rows=676；purchase_2024_source_rows=677；draft_sku_id=SKU-DRAFT-000671	缺失规格：材质；宽度；整理依据：材质/宽度缺失，可能影响橡胶板SKU区分；导入口径：do_not_import_missing_specs；重分类：原材料/橡胶材料 -> 化工胶粘涂料/橡胶材料；分类置信度：medium；橡胶板为橡胶原材料；新建二级橡胶材料。	2026-07-03
ELEC-000104	屏蔽信号电缆	规格：3*1.5；类型：信号屏蔽		电气电料/电线电缆	米			3*1.5信号屏蔽电缆线	ELEC-000104 屏蔽信号电缆 电气材料/电线电缆 米 规格：3*1.5 类型：信号屏蔽 3*1.5信号屏蔽电缆线 3*1.5 信号屏蔽			candidate	needs_review	clarify_specs_before_use	purchase_2024_candidate_rows=677；purchase_2024_source_rows=678；draft_sku_id=SKU-DRAFT-000672	缺失规格：品牌；整理依据：屏蔽形式/品牌缺失，可能影响电缆SKU区分；导入口径：do_not_import_missing_specs；重分类：电气材料/电线电缆 -> 电气电料/电线电缆；分类置信度：high；屏蔽信号电缆属电线电缆。	2026-07-03
MAT-000067	吊带	载荷：20T；长度：6米	原名含“好”	吊装索具/吊带	条			20T*6米吊带好	MAT-000067 吊带 吊装索具/吊带 条 载荷：20T 长度：6米 原名含“好” 20T*6米吊带好 20T 6米			candidate	usable	confirm_before_use	purchase_2024_candidate_rows=678；purchase_2024_source_rows=679；draft_sku_id=SKU-DRAFT-000673	缺失规格：执行标准；整理依据：“好”是否为等级描述需确认；执行标准缺失；导入口径：confirm_then_import	2026-07-03
CHEM-000051	管片强力胶	用途：管片；类型：强力胶		化工胶粘涂料/胶粘剂	桶			管片强力胶水	CHEM-000051 管片强力胶 化工耗材/胶粘剂 桶 用途：管片 类型：强力胶 管片强力胶水 管片 强力胶			candidate	needs_review	clarify_specs_before_use	purchase_2024_candidate_rows=679；purchase_2024_source_rows=680；draft_sku_id=SKU-DRAFT-000674	缺失规格：品牌；整理依据：品牌/包装/固化体系缺失，无法区分胶粘剂SKU；导入口径：do_not_import_missing_specs；重分类：化工耗材/胶粘剂 -> 化工胶粘涂料/胶粘剂；分类置信度：high；强力胶用于管片粘接，归胶粘剂。	2026-07-03
PIPE-000107	焊接弯头	规格：89；连接：焊接		管材管件阀门/弯头	个			89焊接弯头	PIPE-000107 焊接弯头 工程材料/管件 个 规格：89 连接：焊接 89焊接弯头 89 焊接			candidate	needs_review	clarify_specs_before_use	purchase_2024_candidate_rows=680；purchase_2024_source_rows=681；draft_sku_id=SKU-DRAFT-000675	缺失规格：材质；壁厚；整理依据：材质/角度/壁厚缺失，可能影响焊接弯头SKU区分；导入口径：do_not_import_missing_specs；重分类：工程材料/管件 -> 管材管件阀门/弯头；分类置信度：high；样例均为焊接弯头，工程材料旧类目过宽。	2026-07-03
PIPE-000108	焊接弯头	规格：168；连接：焊接		管材管件阀门/弯头	个			168焊接弯头	PIPE-000108 焊接弯头 工程材料/管件 个 规格：168 连接：焊接 168焊接弯头 168 焊接			candidate	needs_review	clarify_specs_before_use	purchase_2024_candidate_rows=681；purchase_2024_source_rows=682；draft_sku_id=SKU-DRAFT-000676	缺失规格：材质；壁厚；整理依据：材质/角度/壁厚缺失，可能影响焊接弯头SKU区分；导入口径：do_not_import_missing_specs；重分类：工程材料/管件 -> 管材管件阀门/弯头；分类置信度：high；样例均为焊接弯头，工程材料旧类目过宽。	2026-07-03
MAT-CEM-000006	双快水泥	类型：双快		建筑材料/水泥砂石	包			双快水泥	MAT-CEM-000006 双快水泥 建筑材料/水泥砂石 包 类型：双快 双快			candidate	usable	confirm_before_use	purchase_2024_candidate_rows=682；purchase_2024_source_rows=683；draft_sku_id=SKU-DRAFT-000677	缺失规格：包装重量；整理依据：包装重量缺失，按双快水泥先建候选；导入口径：confirm_then_import	2026-07-03
MAT-000068	雨棚	尺寸：4*4米；特征：加厚	定制:是	建筑材料/覆盖防护材料	个			加厚4*4米雨棚	MAT-000068 雨棚 定制件/遮雨棚 个 尺寸：4*4米 特征：加厚 定制:是 加厚4*4米雨棚 4*4米 加厚 是			candidate	needs_review	clarify_specs_before_use	purchase_2024_candidate_rows=683；purchase_2024_source_rows=684；draft_sku_id=SKU-DRAFT-000678	缺失规格：材质；整理依据：定制件材质/结构缺失，无法唯一确定雨棚SKU；导入口径：do_not_import_missing_specs；重分类：定制件/遮雨棚 -> 建筑材料/覆盖防护材料；分类置信度：medium；雨棚用于遮雨覆盖防护，定制只影响尺寸。	2026-07-03
CONST-000015	镀锌铁皮	厚度：1.2；表面：镀锌		金属材料/钢板	米			1.2镀锌铁皮	CONST-000015 镀锌铁皮 原材料/板材 米 厚度：1.2 表面：镀锌 1.2镀锌铁皮 1.2 镀锌			candidate	needs_review	clarify_specs_before_use	purchase_2024_candidate_rows=684；purchase_2024_source_rows=685；draft_sku_id=SKU-DRAFT-000679	缺失规格：材质；宽度；整理依据：宽度/材质缺失，可能影响镀锌铁皮SKU区分；导入口径：do_not_import_missing_specs；重分类：原材料/板材 -> 金属材料/钢板；分类置信度：high；镀锌铁皮是薄钢板类金属板材。	2026-07-03
MAT-000069	防火棉	特性：阻燃；类型：防火棉		建筑材料/保温材料	平方			阻燃防火棉	MAT-000069 防火棉 建筑材料/保温防火材料 平方 特性：阻燃 类型：防火棉 阻燃防火棉 阻燃			candidate	needs_review	clarify_specs_before_use	purchase_2024_candidate_rows=685；purchase_2024_source_rows=686；draft_sku_id=SKU-DRAFT-000680	缺失规格：厚度；整理依据：厚度/防火等级缺失，无法区分防火棉SKU；导入口径：do_not_import_missing_specs；重分类：建筑材料/保温防火材料 -> 建筑材料/保温材料；分类置信度：high；防火棉为阻燃保温材料。	2026-07-03
TOOL-000104	玛氏漏斗粘度计	材质：不锈钢；类型：玛氏漏斗粘度计		工具量具/检测仪器	个			不锈钢玛氏漏斗粘度计	TOOL-000104 玛氏漏斗粘度计 工具器具/检测仪器 个 材质：不锈钢 类型：玛氏漏斗粘度计 不锈钢玛氏漏斗粘度计 不锈钢			candidate	usable	confirm_before_use	purchase_2024_candidate_rows=686；purchase_2024_source_rows=687；draft_sku_id=SKU-DRAFT-000681	缺失规格：执行标准；量程；整理依据：量程/执行标准缺失，按不锈钢玛氏漏斗粘度计候选；导入口径：confirm_then_import；重分类：工具器具/检测仪器 -> 工具量具/检测仪器；分类置信度：high；粘度计用于检测泥浆粘度，归检测仪器。	2026-07-03
CHEM-000052	透明胶带	宽度：5mm；长度：100米；颜色：透明		包装覆盖周转/胶带	卷			5mm透明胶带100米	CHEM-000052 透明胶带 包装材料/胶带 卷 宽度：5mm 长度：100米 颜色：透明 5mm透明胶带100米 5mm 100米 透明			active	standard	auto_select_allowed	purchase_2024_candidate_rows=687；purchase_2024_source_rows=688；draft_sku_id=SKU-DRAFT-000682	导入口径：import_ready；重分类：包装材料/胶带 -> 包装覆盖周转/胶带；分类置信度：high；透明胶带属于包装胶带。	2026-07-03
TOOL-000105	方头铁锹	规格：大号；类型：方头		工具量具/手动工具	套			大方铁锹	TOOL-000105 方头铁锹 工具器具/手动工具 套 规格：大号 类型：方头 大方铁锹 大号 方头			candidate	usable	confirm_before_use	purchase_2024_candidate_rows=688；purchase_2024_source_rows=689；draft_sku_id=SKU-DRAFT-000683	缺失规格：品牌；型号；整理依据：是否含柄需确认，单位按原“套”保留；导入口径：confirm_then_import；重分类：工具器具/手动工具 -> 工具量具/手动工具；分类置信度：high；铁锹属于施工手动工具，大小仅为规格。	2026-07-03
TOOL-000106	方头铁锹	规格：小号；类型：方头		工具量具/手动工具	套			小方铁锹	TOOL-000106 方头铁锹 工具器具/手动工具 套 规格：小号 类型：方头 小方铁锹 小号 方头			candidate	usable	confirm_before_use	purchase_2024_candidate_rows=689；purchase_2024_source_rows=690；draft_sku_id=SKU-DRAFT-000684	缺失规格：品牌；型号；整理依据：是否含柄需确认，单位按原“套”保留；导入口径：confirm_then_import；重分类：工具器具/手动工具 -> 工具量具/手动工具；分类置信度：high；铁锹属于施工手动工具，大小仅为规格。	2026-07-03
TOOL-000107	铁锹柄	适用：铁锹		工具量具/工具配件	支			铁锹柄	TOOL-000107 铁锹柄 工具器具/工具配件 支 适用：铁锹 铁锹			active	standard	auto_select_allowed	purchase_2024_candidate_rows=690；purchase_2024_source_rows=691；draft_sku_id=SKU-DRAFT-000685	导入口径：import_ready；重分类：工具器具/工具配件 -> 工具量具/工具配件；分类置信度：high；新建二级工具配件；铁锹柄是手动工具配件。	2026-07-03
TOOL-000108	电镐	规格：15寸；特征：专业长款		电动气动工具/电动工具	套			15寸专业长款电镐	TOOL-000108 电镐 工具器具/电动工具 套 规格：15寸 特征：专业长款 15寸专业长款电镐 15寸 专业长款			candidate	needs_review	clarify_specs_before_use	purchase_2024_candidate_rows=691；purchase_2024_source_rows=692；draft_sku_id=SKU-DRAFT-000686	缺失规格：品牌；功率；整理依据：功率/品牌缺失，无法区分电镐SKU；导入口径：do_not_import_missing_specs；重分类：工具器具/电动工具 -> 电动气动工具/电动工具；分类置信度：high；电镐为电动工具整机。	2026-07-03
PIPE-000109	橡胶防爆水带	规格：100；材质：橡胶；特征：防爆		安全消防/消防器材	米			100橡胶防爆水带	PIPE-000109 橡胶防爆水带 消防器材/水带 米 规格：100 材质：橡胶 特征：防爆 100橡胶防爆水带 100 橡胶 防爆			candidate	usable	confirm_before_use	purchase_2024_candidate_rows=692；purchase_2024_source_rows=693；draft_sku_id=SKU-DRAFT-000687	缺失规格：压力等级；整理依据：压力等级缺失，按规格、材质和防爆特征先建候选；导入口径：confirm_then_import；重分类：消防器材/水带 -> 安全消防/消防器材；分类置信度：medium；旧分组指向消防水带，按消防器材归类。	2026-07-03
SAFE-000049	高筒雨鞋	品牌：回力；筒高：高筒		劳保防护/足部防护	双			回力雨鞋高筒	SAFE-000049 高筒雨鞋 劳保耗材/足部防护 双 品牌：回力 筒高：高筒 回力雨鞋高筒 回力 高筒	回力		candidate	needs_review	clarify_specs_before_use	purchase_2024_candidate_rows=693；purchase_2024_source_rows=694；draft_sku_id=SKU-DRAFT-000688	缺失规格：类型；材质；规格；安全等级；认证标准；整理依据：尺码缺失，无法区分雨鞋SKU；导入口径：do_not_import_missing_specs；重分类：劳保耗材/足部防护 -> 劳保防护/足部防护；分类置信度：high；高筒雨鞋属于足部防护。	2026-07-03
METAL-000049	不锈钢钢丝绳	材质：不锈钢		吊装索具/钢丝绳	米			不锈钢钢丝绳	METAL-000049 不锈钢钢丝绳 吊装索具/钢丝绳 米 材质：不锈钢 不锈钢			candidate	needs_review	clarify_specs_before_use	purchase_2024_candidate_rows=694；purchase_2024_source_rows=695；draft_sku_id=SKU-DRAFT-000689	缺失规格：直径；整理依据：直径/结构缺失，无法区分不锈钢钢丝绳SKU；导入口径：do_not_import_missing_specs	2026-07-03
PIPE-000110	镀锌钢管	定制：是；规格：48；表面：镀锌		金属材料/钢管	条			定做48镀锌钢管	PIPE-000110 镀锌钢管 定制件/钢管加工件 条 定制：是 规格：48 表面：镀锌 定做48镀锌钢管 是 48 镀锌			candidate	needs_review	clarify_specs_before_use	purchase_2024_candidate_rows=695；purchase_2024_source_rows=696；draft_sku_id=SKU-DRAFT-000690	缺失规格：壁厚；长度；整理依据：定制件长度/壁厚/加工要求缺失，无法唯一确定镀锌钢管SKU；导入口径：do_not_import_missing_specs；重分类：定制件/钢管加工件 -> 金属材料/钢管；分类置信度：medium；样例均为镀锌钢管，定做项仅影响规格长度。	2026-07-03
MAT-000070	卡环	规格：10厘		吊装索具/卡环	个			10厘卡环	MAT-000070 卡环 吊装索具/连接件 个 规格：10厘 10厘卡环 10厘			candidate	needs_review	clarify_specs_before_use	purchase_2024_candidate_rows=696；purchase_2024_source_rows=697；draft_sku_id=SKU-DRAFT-000691	缺失规格：材质；整理依据：材质/载荷缺失，可能影响卡环SKU区分；导入口径：do_not_import_missing_specs；重分类：吊装索具/连接件 -> 吊装索具/卡环；分类置信度：high；卡环用于吊装连接；推荐无对应二级，按卡环新建。	2026-07-03
PIPE-000111	铜球阀	品牌：埃美柯；规格：4分；材质：铜		管材管件阀门/阀门	个			埃美柯4分铜球阀	PIPE-000111 铜球阀 工程材料/阀门 个 品牌：埃美柯 规格：4分 材质：铜 埃美柯4分铜球阀 埃美柯 4分 铜	埃美柯		candidate	usable	confirm_before_use	purchase_2024_candidate_rows=697；purchase_2024_source_rows=698；draft_sku_id=SKU-DRAFT-000692	缺失规格：压力等级；整理依据：压力等级/连接形式缺失，按品牌、规格和材质先建候选；导入口径：confirm_then_import；重分类：工程材料/阀门 -> 管材管件阀门/阀门；分类置信度：high；球阀属于阀门。	2026-07-03
PIPE-000112	外接头	规格：4分；类型：外接头		管材管件阀门/直接	个			4分外接头	PIPE-000112 外接头 工程材料/管件 个 规格：4分 类型：外接头 4分外接头 4分			candidate	needs_review	clarify_specs_before_use	purchase_2024_candidate_rows=698；purchase_2024_source_rows=699；draft_sku_id=SKU-DRAFT-000693	缺失规格：材质；整理依据：材质/螺纹缺失，无法区分外接头SKU；导入口径：do_not_import_missing_specs；重分类：工程材料/管件 -> 管材管件阀门/直接；分类置信度：high；外接头为管路连接件，归直接类。	2026-07-03
METAL-000050	不锈钢水龙头	材质：不锈钢；类型：水龙头		管材管件阀门/水暖五金	个			不锈钢水龙头	METAL-000050 不锈钢水龙头 工程材料/水暖五金 个 材质：不锈钢 类型：水龙头 不锈钢 水龙头			candidate	needs_review	clarify_specs_before_use	purchase_2024_candidate_rows=699；purchase_2024_source_rows=700；draft_sku_id=SKU-DRAFT-000694	缺失规格：规格；整理依据：规格/安装方式缺失，无法区分水龙头SKU；导入口径：do_not_import_missing_specs；重分类：工程材料/水暖五金 -> 管材管件阀门/水暖五金；分类置信度：high；水龙头属于水暖五金，旧工程材料过宽。	2026-07-03
PIPE-000113	冷热水阀	功能：冷热水；类型：水阀		管材管件阀门/阀门	个			冷热水阀	PIPE-000113 冷热水阀 工程材料/水暖五金 个 功能：冷热水 类型：水阀 冷热水 水阀			candidate	needs_review	clarify_specs_before_use	purchase_2024_candidate_rows=700；purchase_2024_source_rows=701；draft_sku_id=SKU-DRAFT-000695	缺失规格：规格；材质；整理依据：规格/材质缺失，无法区分冷热水阀SKU；导入口径：do_not_import_missing_specs；重分类：工程材料/水暖五金 -> 管材管件阀门/阀门；分类置信度：high；冷热水阀属于水暖管路阀门，旧工程材料过宽。	2026-07-03
TOOL-000109	撬杠	规格：60		工具量具/手动工具	个			60撬杠	TOOL-000109 撬杠 工具器具/手动工具 个 规格：60 60撬杠 60			candidate	usable	confirm_before_use	purchase_2024_candidate_rows=701；purchase_2024_source_rows=702；draft_sku_id=SKU-DRAFT-000696	缺失规格：型号；材质；长度；整理依据：原规格未说明60为长度还是型号/单位，需确认；材质缺失；导入口径：confirm_then_import；重分类：工具器具/手动工具 -> 工具量具/手动工具；分类置信度：high；撬杠按规格区分，属于手动工具。	2026-07-03
TOOL-000110	撬杠	规格：120		工具量具/手动工具	个			120撬杠	TOOL-000110 撬杠 工具器具/手动工具 个 规格：120 120撬杠 120			candidate	usable	confirm_before_use	purchase_2024_candidate_rows=702；purchase_2024_source_rows=703；draft_sku_id=SKU-DRAFT-000697	缺失规格：型号；材质；长度；整理依据：原规格未说明120为长度还是型号/单位，需确认；材质缺失；导入口径：confirm_then_import；重分类：工具器具/手动工具 -> 工具量具/手动工具；分类置信度：high；撬杠按规格区分，属于手动工具。	2026-07-03
ELEC-000105	电缆线	规格：3*25		电气电料/电线电缆	米			3*25电缆线	ELEC-000105 电缆线 电气材料/电线电缆 米 规格：3*25 3*25电缆线 3*25			candidate	needs_review	clarify_specs_before_use	purchase_2024_candidate_rows=703；purchase_2024_source_rows=704；draft_sku_id=SKU-DRAFT-000698	缺失规格：品牌；型号；材质；整理依据：电缆型号/材质/品牌缺失，可能影响SKU唯一性；导入口径：do_not_import_missing_specs；重分类：电气材料/电线电缆 -> 电气电料/电线电缆；分类置信度：high；样例均为电缆线规格。	2026-07-03
ELEC-000106	插座	电流：16A		电气电料/插头插座	个			16A插座	ELEC-000106 插座 电气材料/插头插座 个 电流：16A 16A插座 16A			candidate	needs_review	clarify_specs_before_use	purchase_2024_candidate_rows=704；purchase_2024_source_rows=705；draft_sku_id=SKU-DRAFT-000699	缺失规格：品牌；型号；电压；安装方式；整理依据：孔位和安装方式缺失，16A不足以唯一确定插座；导入口径：do_not_import_missing_specs；重分类：电气材料/插头插座 -> 电气电料/插头插座；分类置信度：high；墙插和工业插座均属插头插座类。	2026-07-03
ELEC-000107	明装底盒	安装：明装；类型：底盒		电气电料/电气辅材	个			明装底盒	ELEC-000107 明装底盒 电气材料/插头插座 个 安装：明装 类型：底盒 明装 底盒			candidate	needs_review	clarify_specs_before_use	purchase_2024_candidate_rows=705；purchase_2024_source_rows=706；draft_sku_id=SKU-DRAFT-000700	缺失规格：规格；尺寸；整理依据：底盒规格尺寸缺失，需确认后才能唯一建档；导入口径：do_not_import_missing_specs；重分类：电气材料/插头插座 -> 电气电料/电气辅材；分类置信度：high；明装底盒是电气安装辅材。	2026-07-03
ELEC-000108	RJ45水晶头	类型：RJ45水晶头		弱电安防/网络材料	个			水晶头	ELEC-000108 RJ45水晶头 电气材料/弱电材料 个 类型：RJ45水晶头 水晶头			candidate	needs_review	clarify_specs_before_use	purchase_2024_candidate_rows=706；purchase_2024_source_rows=707；draft_sku_id=SKU-DRAFT-000701	缺失规格：品牌；型号；电压；电流；安装方式；整理依据：Cat等级/屏蔽类型缺失，影响水晶头SKU区分；导入口径：do_not_import_missing_specs；重分类：电气材料/弱电材料 -> 弱电安防/网络材料；分类置信度：high；RJ45水晶头是网络布线材料，旧电气材料应转弱电安防。	2026-07-03
ELEC-000109	电缆线	品牌：起帆；规格：3*6+1		电气电料/电线电缆	米			起帆3*6+1电缆	ELEC-000109 电缆线 电气材料/电线电缆 米 品牌：起帆 规格：3*6+1 起帆3*6+1电缆 起帆 3*6+1	起帆		candidate	needs_review	clarify_specs_before_use	purchase_2024_candidate_rows=707；purchase_2024_source_rows=708；draft_sku_id=SKU-DRAFT-000702	缺失规格：型号；材质；整理依据：电缆型号/材质缺失，可能影响SKU唯一性；导入口径：do_not_import_missing_specs；重分类：电气材料/电线电缆 -> 电气电料/电线电缆；分类置信度：high；样例均为电缆线规格。	2026-07-03
TOOL-000111	网线钳	用途：网线压接		工具量具/电工工具	把			网线钳	TOOL-000111 网线钳 工具器具/电工工具 把 用途：网线压接 网线压接			candidate	usable	confirm_before_use	purchase_2024_candidate_rows=708；purchase_2024_source_rows=709；draft_sku_id=SKU-DRAFT-000703	缺失规格：品牌；型号；整理依据：适配水晶头类型缺失；导入口径：confirm_then_import；重分类：工具器具/电工工具 -> 工具量具/电工工具；分类置信度：high；网线钳为弱电压接电工工具。	2026-07-03
ELEC-000110	PVC线管	规格：25；材质：PVC		电气电料/电气辅材	米			25pvc线管	ELEC-000110 PVC线管 电气材料/电缆附件 米 规格：25 材质：PVC 25pvc线管 25 PVC			candidate	usable	confirm_before_use	purchase_2024_candidate_rows=709；purchase_2024_source_rows=710；draft_sku_id=SKU-DRAFT-000704	缺失规格：壁厚；整理依据：壁厚缺失；导入口径：confirm_then_import；重分类：电气材料/电缆附件 -> 电气电料/电气辅材；分类置信度：high；PVC线管用于电缆穿线保护，按电气辅材归类。	2026-07-03
TOOL-000112	测电笔	外观：透明；类型：电笔		工具量具/电工工具	个			透明电笔	TOOL-000112 测电笔 工具器具/电工工具 个 外观：透明 类型：电笔 透明电笔 透明 电笔			candidate	usable	confirm_before_use	purchase_2024_candidate_rows=710；purchase_2024_source_rows=711；draft_sku_id=SKU-DRAFT-000705	缺失规格：电压；整理依据：电压范围缺失；导入口径：confirm_then_import；重分类：工具器具/电工工具 -> 工具量具/电工工具；分类置信度：high；测电笔属于电工工具。	2026-07-03
ELEC-000111	漏电断路器	品牌：施耐德；极数：3P；电流：250A		电气电料/低压电器	个			施耐德3p250A漏保	ELEC-000111 漏电断路器 电气材料/低压电器 个 品牌：施耐德 极数：3P 电流：250A 施耐德3p250A漏保 施耐德 3P 250A	施耐德		candidate	needs_review	clarify_specs_before_use	purchase_2024_candidate_rows=711；purchase_2024_source_rows=712；draft_sku_id=SKU-DRAFT-000706	缺失规格：型号；整理依据：型号/漏电动作电流缺失，影响漏电断路器SKU区分；导入口径：do_not_import_missing_specs；重分类：电气材料/低压电器 -> 电气电料/低压电器；分类置信度：high；漏电断路器属于低压电器。	2026-07-03
SAFE-000050	雨鞋	品牌：回力；特征：厚底		劳保防护/足部防护	双			回力厚底雨鞋	SAFE-000050 雨鞋 劳保耗材/足部防护 双 品牌：回力 特征：厚底 回力厚底雨鞋 回力 厚底	回力		candidate	needs_review	clarify_specs_before_use	purchase_2024_candidate_rows=712；purchase_2024_source_rows=713；draft_sku_id=SKU-DRAFT-000707	缺失规格：类型；材质；规格；安全等级；认证标准；整理依据：尺码缺失，无法唯一确定雨鞋SKU；导入口径：do_not_import_missing_specs；重分类：劳保耗材/足部防护 -> 劳保防护/足部防护；分类置信度：high；雨鞋属于足部防护，雨具属性不单独分类。	2026-07-03
PIPE-000114	热熔机	品牌：公元；用途：PPR热熔		电动气动工具/电动工具	台			公元热熔机	PIPE-000114 热熔机 工具器具/管道工具 台 品牌：公元 用途：PPR热熔 公元热熔机 公元 PPR热熔	公元		candidate	needs_review	clarify_specs_before_use	purchase_2024_candidate_rows=713；purchase_2024_source_rows=714；draft_sku_id=SKU-DRAFT-000708	缺失规格：口径；功率；整理依据：功率/适用口径缺失，影响热熔机SKU区分；导入口径：do_not_import_missing_specs；重分类：工具器具/管道工具 -> 电动气动工具/电动工具；分类置信度：high；PPR热熔机是电动管道施工工具。	2026-07-03
PIPE-000115	PPR弯头	品牌：公元；规格：25；材质：PPR		管材管件阀门/弯头	个			公元25PPR弯头	PIPE-000115 PPR弯头 工程材料/PPR管件 个 品牌：公元 规格：25 材质：PPR 公元25PPR弯头 公元 25 PPR	公元		candidate	needs_review	clarify_specs_before_use	purchase_2024_candidate_rows=714；purchase_2024_source_rows=715；draft_sku_id=SKU-DRAFT-000709	缺失规格：压力等级；整理依据：角度缺失，无法唯一确定PPR弯头SKU；压力等级缺失；导入口径：do_not_import_missing_specs；重分类：工程材料/PPR管件 -> 管材管件阀门/弯头；分类置信度：high；样例均为PPR弯头，口径/品牌是规格差异。	2026-07-03
PIPE-000116	PPR管卡	品牌：公元；规格：25；类型：管卡		紧固件与连接件/管卡	个			公元ppr25卡扣	PIPE-000116 PPR管卡 工程材料/PPR管件 个 品牌：公元 规格：25 类型：管卡 公元ppr25卡扣 公元 25 管卡	公元		active	standard	auto_select_allowed	purchase_2024_candidate_rows=715；purchase_2024_source_rows=716；draft_sku_id=SKU-DRAFT-000710	整理依据：土名“卡扣”统一为PPR管卡；导入口径：import_ready；重分类：工程材料/PPR管件 -> 紧固件与连接件/管卡；分类置信度：high；管卡用于固定管道，不是管件本体；旧工程材料分类错误。	2026-07-03
PIPE-000117	PPR直通	品牌：公元；规格：25；材质：PPR		管材管件阀门/直接	个			公元ppr25直通	PIPE-000117 PPR直通 工程材料/PPR管件 个 品牌：公元 规格：25 材质：PPR 公元ppr25直通 公元 25 PPR	公元		candidate	usable	confirm_before_use	purchase_2024_candidate_rows=716；purchase_2024_source_rows=717；draft_sku_id=SKU-DRAFT-000711	缺失规格：压力等级；整理依据：压力等级缺失；导入口径：confirm_then_import；重分类：工程材料/PPR管件 -> 管材管件阀门/直接；分类置信度：high；PPR直通与直接同属直连管件。	2026-07-03
METAL-000051	不锈钢球阀	品牌：埃美柯；规格：50；材质：不锈钢；特征：加厚		管材管件阀门/阀门	个			埃美柯50加厚不锈钢球阀	METAL-000051 不锈钢球阀 工程材料/阀门 个 品牌：埃美柯 规格：50 材质：不锈钢 特征：加厚 埃美柯50加厚不锈钢球阀 埃美柯 50 不锈钢 加厚	埃美柯		candidate	needs_review	clarify_specs_before_use	purchase_2024_candidate_rows=717；purchase_2024_source_rows=718；draft_sku_id=SKU-DRAFT-000712	缺失规格：压力等级；整理依据：压力等级/连接形式缺失，影响阀门SKU区分；导入口径：do_not_import_missing_specs；重分类：工程材料/阀门 -> 管材管件阀门/阀门；分类置信度：high；样例均为不锈钢球阀，口径/品牌为规格差异。	2026-07-03
TOOL-000113	美工刀	类型：美工刀		工具量具/手动工具	把			美工刀	TOOL-000113 美工刀 工具器具/手动工具 把 类型：美工刀			active	standard	auto_select_allowed	purchase_2024_candidate_rows=718；purchase_2024_source_rows=719；draft_sku_id=SKU-DRAFT-000713	导入口径：import_ready；重分类：工具器具/手动工具 -> 工具量具/手动工具；分类置信度：high；美工刀为手动切割工具。	2026-07-03
TOOL-000114	美工刀片	品牌：得力；类型：刀片		工具耗材/刀片	盒			得力刀片	TOOL-000114 美工刀片 工具器具/手动工具配件 盒 品牌：得力 类型：刀片 得力刀片 得力 刀片	得力		candidate	needs_review	clarify_specs_before_use	purchase_2024_candidate_rows=719；purchase_2024_source_rows=720；draft_sku_id=SKU-DRAFT-000714	缺失规格：规格；整理依据：刀片规格/每盒数量缺失，影响SKU区分；导入口径：do_not_import_missing_specs；重分类：工具器具/手动工具配件 -> 工具耗材/刀片；分类置信度：medium；美工刀片是消耗刀片，标准表无刀片二级，新增二级。	2026-07-03
TOOL-000115	老虎钳	品牌：世达；类型：老虎钳		工具量具/手动工具	把			世达老虎钳	TOOL-000115 老虎钳 工具器具/手动工具 把 品牌：世达 类型：老虎钳 世达老虎钳 世达	世达		candidate	needs_review	clarify_specs_before_use	purchase_2024_candidate_rows=720；purchase_2024_source_rows=721；draft_sku_id=SKU-DRAFT-000715	缺失规格：规格；尺寸；整理依据：规格尺寸缺失，影响钳类工具SKU区分；导入口径：do_not_import_missing_specs；重分类：工具器具/手动工具 -> 工具量具/手动工具；分类置信度：high；老虎钳为常用手动工具。	2026-07-03
WELD-000018	割炬	规格：100型		焊接切割/焊割工具	把			100型割炬	WELD-000018 割炬 焊接耗材/焊割工具 把 规格：100型 100型割炬 100型			candidate	usable	confirm_before_use	purchase_2024_candidate_rows=721；purchase_2024_source_rows=722；draft_sku_id=SKU-DRAFT-000716	缺失规格：品牌；整理依据：气体类型/品牌缺失；导入口径：confirm_then_import；重分类：焊接耗材/焊割工具 -> 焊接切割/焊割工具；分类置信度：high；割炬是气割作业工具，旧焊接耗材口径不准。	2026-07-03
TOOL-000116	尖嘴钳	品牌：世达；类型：尖嘴钳		工具量具/手动工具	把			世达尖嘴钳	TOOL-000116 尖嘴钳 工具器具/手动工具 把 品牌：世达 类型：尖嘴钳 世达尖嘴钳 世达	世达		candidate	needs_review	clarify_specs_before_use	purchase_2024_candidate_rows=722；purchase_2024_source_rows=723；draft_sku_id=SKU-DRAFT-000717	缺失规格：规格；尺寸；整理依据：规格尺寸缺失，影响钳类工具SKU区分；导入口径：do_not_import_missing_specs；重分类：工具器具/手动工具 -> 工具量具/手动工具；分类置信度：high；尖嘴钳属手动工具。	2026-07-03
TOOL-000117	活动扳手	品牌：世达；类型：活动扳手		工具量具/手动工具	把			世达活动扳手	TOOL-000117 活动扳手 工具器具/手动工具 把 品牌：世达 类型：活动扳手 世达活动扳手 世达	世达		candidate	needs_review	clarify_specs_before_use	purchase_2024_candidate_rows=723；purchase_2024_source_rows=724；draft_sku_id=SKU-DRAFT-000718	缺失规格：规格；尺寸；整理依据：规格尺寸缺失，影响扳手SKU区分；导入口径：do_not_import_missing_specs；重分类：工具器具/手动工具 -> 工具量具/手动工具；分类置信度：high；活动扳手属于手动工具。	2026-07-03
ELEC-000112	排气扇	型号：FAD40-400		电气电料/通风设备	台			FAD40-400排气扇	ELEC-000112 排气扇 电气材料/通风设备 台 型号：FAD40-400 FAD40-400排气扇 FAD40-400		FAD40-400	active	standard	auto_select_allowed	purchase_2024_candidate_rows=724；purchase_2024_source_rows=725；draft_sku_id=SKU-DRAFT-000719	导入口径：import_ready；重分类：电气材料/通风设备 -> 电气电料/通风设备；分类置信度：high；电动通风器具，一级归电气电料；新建二级通风设备。	2026-07-03
SPARE-000072	钢格板	定制：是；尺寸：1.3-1.5米		定制加工件/金属加工件	块			定做1.3-1.5米钢格板	SPARE-000072 钢格板 定制件/金属加工件 块 定制：是 尺寸：1.3-1.5米 定做1.3-1.5米钢格板 是 1.3-1.5米			candidate	needs_review	clarify_specs_before_use	purchase_2024_candidate_rows=725；purchase_2024_source_rows=726；draft_sku_id=SKU-DRAFT-000720	缺失规格：材质；整理依据：定制件图纸/材质/承载要求缺失，尺寸为范围值；导入口径：do_not_import_missing_specs；重分类：定制件/金属加工件 -> 定制加工件/金属加工件；分类置信度：high；定做钢格板按金属加工件处理。	2026-07-03
WELD-000019	切割嘴	规格：100型		焊接切割/切割耗材	个			100型切割嘴	WELD-000019 切割嘴 焊接耗材/焊割配件 个 规格：100型 100型切割嘴 100型			candidate	needs_review	clarify_specs_before_use	purchase_2024_candidate_rows=726；purchase_2024_source_rows=727；draft_sku_id=SKU-DRAFT-000721	缺失规格：型号；材质；包装重量；适用工艺；整理依据：气体类型/孔径缺失，影响切割嘴SKU区分；导入口径：do_not_import_missing_specs；重分类：焊接耗材/焊割配件 -> 焊接切割/切割耗材；分类置信度：high；切割嘴是气割切割耗材。	2026-07-03
WELD-000020	导电嘴	适用：二氧化碳焊；类型：导电嘴		焊接切割/焊接耗材	个			二氧化碳导电嘴	WELD-000020 导电嘴 焊接耗材/焊机配件 个 适用：二氧化碳焊 类型：导电嘴 二氧化碳导电嘴 二氧化碳焊			candidate	needs_review	clarify_specs_before_use	purchase_2024_candidate_rows=727；purchase_2024_source_rows=728；draft_sku_id=SKU-DRAFT-000722	缺失规格：型号；规格；材质；包装重量；适用工艺；整理依据：孔径/适配焊枪缺失，影响导电嘴SKU区分；导入口径：do_not_import_missing_specs；重分类：焊接耗材/焊机配件 -> 焊接切割/焊接耗材；分类置信度：high；导电嘴为二保焊易耗件。	2026-07-03
FAST-000008	膨胀螺丝	规格：M20*140		紧固件与连接件/膨胀锚栓	个			M20*140膨胀螺丝	FAST-000008 膨胀螺丝 五金备件/紧固件 个 规格：M20*140 M20*140膨胀螺丝 M20*140			candidate	usable	confirm_before_use	purchase_2024_candidate_rows=728；purchase_2024_source_rows=729；draft_sku_id=SKU-DRAFT-000723	缺失规格：材质；表面处理；整理依据：材质/表面处理缺失；导入口径：confirm_then_import；重分类：五金备件/紧固件 -> 紧固件与连接件/膨胀锚栓；分类置信度：high；样例均为膨胀螺丝，五金备件旧口径过宽。	2026-07-03
FAST-000009	膨胀螺丝	规格：M22*140		紧固件与连接件/膨胀锚栓	个			M22*140膨胀螺丝	FAST-000009 膨胀螺丝 五金备件/紧固件 个 规格：M22*140 M22*140膨胀螺丝 M22*140			candidate	usable	confirm_before_use	purchase_2024_candidate_rows=729；purchase_2024_source_rows=730；draft_sku_id=SKU-DRAFT-000724	缺失规格：材质；表面处理；整理依据：材质/表面处理缺失；导入口径：confirm_then_import；重分类：五金备件/紧固件 -> 紧固件与连接件/膨胀锚栓；分类置信度：high；样例均为膨胀螺丝，五金备件旧口径过宽。	2026-07-03
PIPE-000118	PPR管	规格：DN200；材质：PPR		管材管件阀门/管材	米			DN200PPR管	PIPE-000118 PPR管 工程材料/PPR管件 米 规格：DN200 材质：PPR DN200PPR管 DN200 PPR			candidate	needs_review	clarify_specs_before_use	purchase_2024_candidate_rows=730；purchase_2024_source_rows=731；draft_sku_id=SKU-DRAFT-000725	缺失规格：品牌；压力等级；整理依据：压力等级/品牌缺失，影响PPR管SKU区分；导入口径：do_not_import_missing_specs；重分类：工程材料/PPR管件 -> 管材管件阀门/管材；分类置信度：high；样例均为PPR管材，旧工程材料/PPR管件有误。	2026-07-03
PIPE-000119	PPR接头	规格：200；材质：PPR		管材管件阀门/直接	个			200PPR接头	PIPE-000119 PPR接头 工程材料/PPR管件 个 规格：200 材质：PPR 200PPR接头 200 PPR			candidate	needs_review	clarify_specs_before_use	purchase_2024_candidate_rows=731；purchase_2024_source_rows=732；draft_sku_id=SKU-DRAFT-000726	缺失规格：压力等级；接头形式；整理依据：接头形式缺失，无法唯一确定PPR接头SKU；压力等级缺失；导入口径：do_not_import_missing_specs；重分类：工程材料/PPR管件 -> 管材管件阀门/直接；分类置信度：medium；样例均为PPR管接头，未见液压/电气混入；按直接承接。	2026-07-03
FAST-000010	花篮螺丝	规格：10厘		吊装索具/牵引捆绑	个			10厘花篮	FAST-000010 花篮螺丝 吊装索具/拉紧器 个 规格：10厘 10厘花篮 10厘			candidate	usable	confirm_before_use	purchase_2024_candidate_rows=732；purchase_2024_source_rows=733；draft_sku_id=SKU-DRAFT-000727	缺失规格：材质；整理依据：材质/载荷缺失；导入口径：confirm_then_import；重分类：吊装索具/拉紧器 -> 吊装索具/牵引捆绑；分类置信度：high；花篮螺丝是吊装牵引用拉紧器。	2026-07-03
SPARE-000073	膨胀钩	规格：10厘		紧固件与连接件/膨胀锚栓	个			10厘膨胀钩	SPARE-000073 膨胀钩 五金备件/紧固件 个 规格：10厘 10厘膨胀钩 10厘			candidate	usable	confirm_before_use	purchase_2024_candidate_rows=733；purchase_2024_source_rows=734；draft_sku_id=SKU-DRAFT-000728	缺失规格：材质；整理依据：材质/载荷缺失；导入口径：confirm_then_import；重分类：五金备件/紧固件 -> 紧固件与连接件/膨胀锚栓；分类置信度：high；膨胀钩属于膨胀锚固件。	2026-07-03
TOOL-000118	拖把	类型：拖把		清洁办公后勤/清洁工具	个			拖把	TOOL-000118 拖把 劳保耗材/清洁工具 个 类型：拖把			active	standard	auto_select_allowed	purchase_2024_candidate_rows=734；purchase_2024_source_rows=735；draft_sku_id=SKU-DRAFT-000729	导入口径：import_ready；重分类：劳保耗材/清洁工具 -> 清洁办公后勤/清洁工具；分类置信度：high；拖把是清洁工具，旧劳保耗材错误。	2026-07-03
MAT-000071	双门控制箱	定制：是；结构：双门		电气电料/电气箱柜	套			定做双门控制箱	MAT-000071 双门控制箱 定制件/电控箱 套 定制：是 结构：双门 定做双门控制箱 是 双门			candidate	needs_review	clarify_specs_before_use	purchase_2024_candidate_rows=735；purchase_2024_source_rows=736；draft_sku_id=SKU-DRAFT-000730	缺失规格：尺寸；整理依据：定制件尺寸/电气配置/IP等级缺失，无法唯一确定；导入口径：do_not_import_missing_specs；重分类：定制件/电控箱 -> 电气电料/电气箱柜；分类置信度：medium；控制箱本质为电气箱柜；推荐无对应二级，按电气箱柜新建。	2026-07-03
SPARE-000074	推进泵吸轮	定制：是；适用设备：推进泵；类型：吸轮		定制加工件/金属加工件	套			定做推进泵吸轮	SPARE-000074 推进泵吸轮 定制件/设备备件 套 定制：是 适用设备：推进泵 类型：吸轮 定做推进泵吸轮 是 推进泵 吸轮			candidate	needs_review	clarify_specs_before_use	purchase_2024_candidate_rows=736；purchase_2024_source_rows=737；draft_sku_id=SKU-DRAFT-000731	缺失规格：材质；整理依据：定制件图纸/材质缺失，需确认适配要求；导入口径：do_not_import_missing_specs；重分类：定制件/设备备件 -> 定制加工件/金属加工件；分类置信度：medium；定做推进泵吸轮，旧设备备件口径不如定制加工件准确。	2026-07-03
METAL-000052	扁钢	规格：40*4		金属材料/型钢	米			40*4扁铁	METAL-000052 扁钢 原材料/型钢 米 规格：40*4 40*4扁铁 40*4			candidate	needs_review	clarify_specs_before_use	purchase_2024_candidate_rows=737；purchase_2024_source_rows=738；draft_sku_id=SKU-DRAFT-000732	缺失规格：材质；整理依据：材质牌号缺失，影响型钢SKU区分；导入口径：do_not_import_missing_specs；重分类：原材料/型钢 -> 金属材料/型钢；分类置信度：high；扁钢/扁铁属型钢材料。	2026-07-03
TOOL-000119	水平尺	长度：60cm		工具量具/测量工具	把			60cm水平尺	TOOL-000119 水平尺 工具器具/测量工具 把 长度：60cm 60cm水平尺 60cm			active	standard	auto_select_allowed	purchase_2024_candidate_rows=738；purchase_2024_source_rows=739；draft_sku_id=SKU-DRAFT-000733	导入口径：import_ready；重分类：工具器具/测量工具 -> 工具量具/测量工具；分类置信度：high；水平尺是测量工具。	2026-07-03
TOOL-000120	水平尺	长度：100cm		工具量具/测量工具	把			100cm水平尺	TOOL-000120 水平尺 工具器具/测量工具 把 长度：100cm 100cm水平尺 100cm			active	standard	auto_select_allowed	purchase_2024_candidate_rows=739；purchase_2024_source_rows=740；draft_sku_id=SKU-DRAFT-000734	导入口径：import_ready；重分类：工具器具/测量工具 -> 工具量具/测量工具；分类置信度：high；水平尺是测量工具。	2026-07-03
METAL-000053	不锈钢合页	规格：110；材质：不锈钢		清洁办公后勤/门窗五金	副			110不锈钢合页	METAL-000053 不锈钢合页 五金备件/门窗五金 副 规格：110 材质：不锈钢 110不锈钢合页 110 不锈钢			candidate	usable	confirm_before_use	purchase_2024_candidate_rows=740；purchase_2024_source_rows=741；draft_sku_id=SKU-DRAFT-000735	缺失规格：厚度；整理依据：厚度/孔位缺失；导入口径：confirm_then_import；重分类：五金备件/门窗五金 -> 清洁办公后勤/门窗五金；分类置信度：high；合页属于门窗五金，旧五金备件按标准归并。	2026-07-03
TOOL-000121	钻头	规格：4.0		工具耗材/钻头	支			4.0钻头	TOOL-000121 钻头 工具器具/工具配件 支 规格：4.0 4.0钻头 4.0			candidate	needs_review	clarify_specs_before_use	purchase_2024_candidate_rows=741；purchase_2024_source_rows=742；draft_sku_id=SKU-DRAFT-000736	缺失规格：材质；整理依据：钻头材质/柄型/用途类型缺失，影响SKU区分；导入口径：do_not_import_missing_specs；重分类：工具器具/工具配件 -> 工具耗材/钻头；分类置信度：high；样例均为钻头类耗材，规格材质不拆物料族。	2026-07-03
TOOL-000122	钻头	规格：5.0		工具耗材/钻头	支			5.0钻头	TOOL-000122 钻头 工具器具/工具配件 支 规格：5.0 5.0钻头 5.0			candidate	needs_review	clarify_specs_before_use	purchase_2024_candidate_rows=742；purchase_2024_source_rows=743；draft_sku_id=SKU-DRAFT-000737	缺失规格：材质；整理依据：钻头材质/柄型/用途类型缺失，影响SKU区分；导入口径：do_not_import_missing_specs；重分类：工具器具/工具配件 -> 工具耗材/钻头；分类置信度：high；样例均为钻头类耗材，规格材质不拆物料族。	2026-07-03
TOOL-000123	钻头	规格：5.5		工具耗材/钻头	支			5.5钻头	TOOL-000123 钻头 工具器具/工具配件 支 规格：5.5 5.5钻头 5.5			candidate	needs_review	clarify_specs_before_use	purchase_2024_candidate_rows=743；purchase_2024_source_rows=744；draft_sku_id=SKU-DRAFT-000738	缺失规格：材质；整理依据：钻头材质/柄型/用途类型缺失，影响SKU区分；导入口径：do_not_import_missing_specs；重分类：工具器具/工具配件 -> 工具耗材/钻头；分类置信度：high；样例均为钻头类耗材，规格材质不拆物料族。	2026-07-03
CHEM-000053	自喷漆	颜色：白色；类型：喷漆		化工胶粘涂料/涂料	瓶			白色喷漆	CHEM-000053 自喷漆 化工耗材/涂料 瓶 颜色：白色 类型：喷漆 白色喷漆 白色 喷漆			candidate	needs_review	clarify_specs_before_use	purchase_2024_candidate_rows=744；purchase_2024_source_rows=745；draft_sku_id=SKU-DRAFT-000739	缺失规格：品牌；容量；整理依据：品牌/容量缺失，影响自喷漆SKU区分；导入口径：do_not_import_missing_specs；重分类：化工耗材/涂料 -> 化工胶粘涂料/涂料；分类置信度：high；自喷漆为涂料类化工材料。	2026-07-03
PIPE-000120	钢管	规格：32*4.5		金属材料/钢管	米			32*4.5钢管	PIPE-000120 钢管 原材料/钢管 米 规格：32*4.5 32*4.5钢管 32*4.5			candidate	needs_review	clarify_specs_before_use	purchase_2024_candidate_rows=745；purchase_2024_source_rows=746；draft_sku_id=SKU-DRAFT-000740	缺失规格：材质；整理依据：材质/标准缺失，影响钢管SKU区分；导入口径：do_not_import_missing_specs；重分类：原材料/钢管 -> 金属材料/钢管；分类置信度：high；钢管为金属原材料管材。	2026-07-03
SPARE-000075	螺丝	规格：M20*130		紧固件与连接件/螺丝	套			M20*130螺丝	SPARE-000075 螺丝 五金备件/紧固件 套 规格：M20*130 M20*130螺丝 M20*130			candidate	needs_review	clarify_specs_before_use	purchase_2024_candidate_rows=746；purchase_2024_source_rows=747；draft_sku_id=SKU-DRAFT-000741	缺失规格：材质；强度等级；整理依据：材质/强度等级缺失，影响紧固件SKU区分；导入口径：do_not_import_missing_specs；重分类：五金备件/紧固件 -> 紧固件与连接件/螺丝；分类置信度：high；样例均为各规格螺丝，五金备件旧口径过宽。	2026-07-03
SPARE-000076	螺丝	规格：M20*35		紧固件与连接件/螺丝	套			M20*35螺丝	SPARE-000076 螺丝 五金备件/紧固件 套 规格：M20*35 M20*35螺丝 M20*35			candidate	needs_review	clarify_specs_before_use	purchase_2024_candidate_rows=747；purchase_2024_source_rows=748；draft_sku_id=SKU-DRAFT-000742	缺失规格：材质；强度等级；整理依据：材质/强度等级缺失，影响紧固件SKU区分；导入口径：do_not_import_missing_specs；重分类：五金备件/紧固件 -> 紧固件与连接件/螺丝；分类置信度：high；样例均为各规格螺丝，五金备件旧口径过宽。	2026-07-03
SPARE-000077	螺丝	规格：M20*40		紧固件与连接件/螺丝	套			M20*40螺丝	SPARE-000077 螺丝 五金备件/紧固件 套 规格：M20*40 M20*40螺丝 M20*40			candidate	needs_review	clarify_specs_before_use	purchase_2024_candidate_rows=748；purchase_2024_source_rows=749；draft_sku_id=SKU-DRAFT-000743	缺失规格：材质；强度等级；整理依据：材质/强度等级缺失，影响紧固件SKU区分；导入口径：do_not_import_missing_specs；重分类：五金备件/紧固件 -> 紧固件与连接件/螺丝；分类置信度：high；样例均为各规格螺丝，五金备件旧口径过宽。	2026-07-03
TOOL-000124	伸缩铝梯	长度：12米；材质：铝；特征：加厚伸缩		工具量具/登高工具	台			12米加厚伸缩铝梯	TOOL-000124 伸缩铝梯 工具器具/登高工具 台 长度：12米 材质：铝 特征：加厚伸缩 12米加厚伸缩铝梯 12米 铝 加厚伸缩			candidate	usable	confirm_before_use	purchase_2024_candidate_rows=749；purchase_2024_source_rows=750；draft_sku_id=SKU-DRAFT-000744	缺失规格：品牌；型号；整理依据：承重等级缺失；导入口径：confirm_then_import；重分类：工具器具/登高工具 -> 工具量具/登高工具；分类置信度：medium；伸缩铝梯为登高工具；推荐二级无登高工具，新增二级。	2026-07-03
PIPE-000121	铁圈卡扣	加工：是；规格：168；类型：铁圈卡扣		定制加工件/管路接头	个			加工168铁圈卡扣	PIPE-000121 铁圈卡扣 定制件/管路接头 个 加工：是 规格：168 类型：铁圈卡扣 加工168铁圈卡扣 是 168			candidate	needs_review	clarify_specs_before_use	purchase_2024_candidate_rows=750；purchase_2024_source_rows=751；draft_sku_id=SKU-DRAFT-000745	缺失规格：材质；整理依据：定制加工件图纸/材质缺失，需确认后唯一建档；导入口径：do_not_import_missing_specs；重分类：定制件/管路接头 -> 定制加工件/管路接头；分类置信度：high；加工铁圈卡扣用于管路连接，归定制管路接头。	2026-07-03
PIPE-000122	带牙铁管加工件	加工：是；规格：80*150；工序：带牙		定制加工件/管路接头	根			加工80*150铁管带牙	PIPE-000122 带牙铁管加工件 定制件/钢管加工件 根 加工：是 规格：80*150 工序：带牙 加工80*150铁管带牙 是 80*150 带牙			candidate	needs_review	clarify_specs_before_use	purchase_2024_candidate_rows=751；purchase_2024_source_rows=752；draft_sku_id=SKU-DRAFT-000746	缺失规格：材质；口径；压力等级；连接方式；壁厚；整理依据：牙型/图纸缺失，定制加工件需复核加工要求；导入口径：do_not_import_missing_specs；重分类：定制件/钢管加工件 -> 定制加工件/管路接头；分类置信度：high；带牙铁管加工件用于管路连接。	2026-07-03
FAST-000011	膨胀螺丝	规格：8*60		紧固件与连接件/膨胀锚栓	个			8*60膨胀螺丝	FAST-000011 膨胀螺丝 五金备件/紧固件 个 规格：8*60 8*60膨胀螺丝 8*60			candidate	needs_review	clarify_specs_before_use	purchase_2024_candidate_rows=752；purchase_2024_source_rows=753；draft_sku_id=SKU-DRAFT-000747	缺失规格：材质；表面处理；整理依据：原始规格未明确是否为M8，材质/表面处理缺失；导入口径：do_not_import_missing_specs；重分类：五金备件/紧固件 -> 紧固件与连接件/膨胀锚栓；分类置信度：high；样例均为膨胀螺丝，五金备件旧口径过宽。	2026-07-03
PIPE-000123	无缝管	规格：325*12		金属材料/钢管	米			325*12无缝管	PIPE-000123 无缝管 原材料/钢管 米 规格：325*12 325*12无缝管 325*12			candidate	usable	confirm_before_use	purchase_2024_candidate_rows=753；purchase_2024_source_rows=754；draft_sku_id=SKU-DRAFT-000748	缺失规格：材质；执行标准；壁厚；整理依据：材质/执行标准缺失，按规格和壁厚候选；导入口径：confirm_then_import；重分类：原材料/钢管 -> 金属材料/钢管；分类置信度：high；无缝管按钢管原材料归类。	2026-07-03
PIPE-000124	焊接弯头	规格：325；特征：加厚；连接：焊接		管材管件阀门/弯头	个			325加厚焊接弯头	PIPE-000124 焊接弯头 工程材料/管件 个 规格：325 特征：加厚 连接：焊接 325加厚焊接弯头 325 加厚 焊接			candidate	needs_review	clarify_specs_before_use	purchase_2024_candidate_rows=754；purchase_2024_source_rows=755；draft_sku_id=SKU-DRAFT-000749	缺失规格：材质；壁厚；整理依据：角度/材质/壁厚缺失，可能影响管件SKU区分；导入口径：do_not_import_missing_specs；重分类：工程材料/管件 -> 管材管件阀门/弯头；分类置信度：high；样例均为焊接弯头，工程材料旧类目过宽。	2026-07-03
PIPE-000125	法兰盘	规格：325；类型：法兰盘		管材管件阀门/法兰	个			325法兰盘	PIPE-000125 法兰盘 工程材料/管件 个 规格：325 类型：法兰盘 325法兰盘 325			candidate	needs_review	clarify_specs_before_use	purchase_2024_candidate_rows=755；purchase_2024_source_rows=756；draft_sku_id=SKU-DRAFT-000750	缺失规格：材质；压力等级；整理依据：压力等级/材质/孔距缺失，可能影响法兰SKU区分；导入口径：do_not_import_missing_specs；重分类：工程材料/管件 -> 管材管件阀门/法兰；分类置信度：high；法兰盘属于法兰管件，旧工程材料过宽。	2026-07-03
SPARE-000078	法兰胶垫	规格：325；材质：胶		管材管件阀门/法兰	个			325胶垫	SPARE-000078 法兰胶垫 工程材料/密封垫 个 规格：325 材质：胶 325胶垫 325 胶			candidate	needs_review	clarify_specs_before_use	purchase_2024_candidate_rows=756；purchase_2024_source_rows=757；draft_sku_id=SKU-DRAFT-000751	缺失规格：压力等级；厚度；整理依据：厚度/压力等级/材质等级缺失，可能影响密封垫SKU区分；导入口径：do_not_import_missing_specs；重分类：工程材料/密封垫 -> 管材管件阀门/法兰；分类置信度：medium；法兰胶垫是法兰连接密封配件。	2026-07-03
SPARE-000079	螺丝	规格：22*100		紧固件与连接件/螺丝	个			22*100螺丝	SPARE-000079 螺丝 五金备件/紧固件 个 规格：22*100 22*100螺丝 22*100			candidate	needs_review	clarify_specs_before_use	purchase_2024_candidate_rows=757；purchase_2024_source_rows=758；draft_sku_id=SKU-DRAFT-000752	缺失规格：材质；强度等级；整理依据：原始规格未明确是否为M22，材质/强度等级缺失；导入口径：do_not_import_missing_specs；重分类：五金备件/紧固件 -> 紧固件与连接件/螺丝；分类置信度：high；样例均为各规格螺丝，五金备件旧口径过宽。	2026-07-03
SPARE-000080	螺母	规格：22		紧固件与连接件/螺母	个			22螺母	SPARE-000080 螺母 五金备件/紧固件 个 规格：22 22螺母 22			candidate	needs_review	clarify_specs_before_use	purchase_2024_candidate_rows=758；purchase_2024_source_rows=759；draft_sku_id=SKU-DRAFT-000753	缺失规格：材质；强度等级；整理依据：原始规格未明确是否为M22，材质/强度等级缺失；导入口径：do_not_import_missing_specs；重分类：五金备件/紧固件 -> 紧固件与连接件/螺母；分类置信度：high；样例均为各规格螺母。	2026-07-03
METAL-000054	不锈钢球阀	品牌：埃美柯；规格：80；材质：不锈钢；特征：厚		管材管件阀门/阀门	个			埃美柯80不锈钢厚球阀	METAL-000054 不锈钢球阀 工程材料/阀门 个 品牌：埃美柯 规格：80 材质：不锈钢 特征：厚 埃美柯80不锈钢厚球阀 埃美柯 80 不锈钢 厚	埃美柯		candidate	usable	confirm_before_use	purchase_2024_candidate_rows=759；purchase_2024_source_rows=760；draft_sku_id=SKU-DRAFT-000754	缺失规格：压力等级；整理依据：压力等级缺失，按品牌/规格/材质/特征先建候选；导入口径：confirm_then_import；重分类：工程材料/阀门 -> 管材管件阀门/阀门；分类置信度：high；样例均为不锈钢球阀，口径/品牌为规格差异。	2026-07-03
MAT-000072	鸭嘴吊具	额定载荷：20T；类型：鸭嘴吊具		吊装索具/吊具	个			20T鸭嘴吊具	MAT-000072 鸭嘴吊具 吊装索具/吊具 个 额定载荷：20T 类型：鸭嘴吊具 20T鸭嘴吊具 20T			candidate	usable	confirm_before_use	purchase_2024_candidate_rows=760；purchase_2024_source_rows=761；draft_sku_id=SKU-DRAFT-000755	缺失规格：执行标准；尺寸；整理依据：执行标准/开口尺寸缺失；导入口径：confirm_then_import	2026-07-03
SAFE-000051	油布	类型：油布		包装覆盖周转/覆盖材料	平方			油布	SAFE-000051 油布 建筑材料/防护覆盖 平方 类型：油布			candidate	needs_review	clarify_specs_before_use	purchase_2024_candidate_rows=761；purchase_2024_source_rows=762；draft_sku_id=SKU-DRAFT-000756	缺失规格：材质；厚度；整理依据：厚度/材质缺失，无法稳定区分油布SKU；导入口径：do_not_import_missing_specs；重分类：建筑材料/防护覆盖 -> 包装覆盖周转/覆盖材料；分类置信度：high；油布用于覆盖防护，旧劳保耗材不应作为分类。	2026-07-03
SAFE-000052	鞋垫	类型：鞋垫		劳保防护/足部防护	双			鞋垫	SAFE-000052 鞋垫 劳保耗材/足部防护 双 类型：鞋垫			candidate	needs_review	clarify_specs_before_use	purchase_2024_candidate_rows=762；purchase_2024_source_rows=763；draft_sku_id=SKU-DRAFT-000757	缺失规格：材质；整理依据：尺码/材质缺失，无法稳定区分鞋垫SKU；导入口径：do_not_import_missing_specs；重分类：劳保耗材/足部防护 -> 劳保防护/足部防护；分类置信度：high；鞋垫归足部防护配套用品。	2026-07-03
PIPE-000126	无缝管加工件	加工：是；规格：325*12；长度：12米		定制加工件/金属加工件	根			加工325*12无缝管加工12米	PIPE-000126 无缝管加工件 定制件/钢管加工件 根 加工：是 规格：325*12 长度：12米 加工325*12无缝管加工12米 是 325*12 12米			candidate	needs_review	clarify_specs_before_use	purchase_2024_candidate_rows=763；purchase_2024_source_rows=764；draft_sku_id=SKU-DRAFT-000758	缺失规格：材质；整理依据：材质/图纸/端部处理缺失，定制加工件需复核加工要求；导入口径：do_not_import_missing_specs；重分类：定制件/钢管加工件 -> 定制加工件/金属加工件；分类置信度：high；定尺加工无缝管属于金属加工件。	2026-07-03
SPARE-000081	卡簧	规格：40；类型：卡簧		紧固件与连接件/卡扣	个			40卡簧	SPARE-000081 卡簧 五金备件/紧固件 个 规格：40 类型：卡簧 40卡簧 40			candidate	needs_review	clarify_specs_before_use	purchase_2024_candidate_rows=764；purchase_2024_source_rows=765；draft_sku_id=SKU-DRAFT-000759	缺失规格：型号；图号；适用设备；材质；关键尺寸；整理依据：内卡簧/外卡簧类型缺失，可能影响SKU区分；导入口径：do_not_import_missing_specs；重分类：五金备件/紧固件 -> 紧固件与连接件/卡扣；分类置信度：high；卡簧是限位固定件，旧五金备件过宽。	2026-07-03
SPARE-000082	螺丝	规格：16*160		紧固件与连接件/螺丝	个			16*160螺丝	SPARE-000082 螺丝 五金备件/紧固件 个 规格：16*160 16*160螺丝 16*160			candidate	needs_review	clarify_specs_before_use	purchase_2024_candidate_rows=765；purchase_2024_source_rows=766；draft_sku_id=SKU-DRAFT-000760	缺失规格：材质；强度等级；整理依据：原始规格未明确是否为M16，材质/强度等级缺失；导入口径：do_not_import_missing_specs；重分类：五金备件/紧固件 -> 紧固件与连接件/螺丝；分类置信度：high；样例均为各规格螺丝，五金备件旧口径过宽。	2026-07-03
METAL-000055	不锈钢骑马卡	规格：40；材质：不锈钢		紧固件与连接件/管卡	个			40不锈钢骑马卡	METAL-000055 不锈钢骑马卡 五金备件/管道紧固 个 规格：40 材质：不锈钢 40不锈钢骑马卡 40 不锈钢			candidate	usable	confirm_before_use	purchase_2024_candidate_rows=766；purchase_2024_source_rows=767；draft_sku_id=SKU-DRAFT-000761	缺失规格：厚度；整理依据：规格40的适配管径/厚度需确认；导入口径：confirm_then_import；重分类：五金备件/管道紧固 -> 紧固件与连接件/管卡；分类置信度：high；骑马卡用于管线固定，归管卡类连接件。	2026-07-03
FAST-000012	膨胀螺丝	规格：6厘		紧固件与连接件/膨胀锚栓	个			6厘膨胀螺丝	FAST-000012 膨胀螺丝 五金备件/紧固件 个 规格：6厘 6厘膨胀螺丝 6厘			candidate	needs_review	clarify_specs_before_use	purchase_2024_candidate_rows=767；purchase_2024_source_rows=768；draft_sku_id=SKU-DRAFT-000762	缺失规格：材质；长度；整理依据：长度/材质缺失，6厘不足以唯一确定膨胀螺丝SKU；导入口径：do_not_import_missing_specs；重分类：五金备件/紧固件 -> 紧固件与连接件/膨胀锚栓；分类置信度：high；样例均为膨胀螺丝，五金备件旧口径过宽。	2026-07-03
PIPE-000127	卡槽弯头	定制：是；规格：168；特征：加长、带卡槽		定制加工件/管路接头	个			定做加长168弯头带卡槽	PIPE-000127 卡槽弯头 定制件/管路接头 个 定制：是 规格：168 特征：加长、带卡槽 定做加长168弯头带卡槽 是 168 加长、带卡槽			candidate	needs_review	clarify_specs_before_use	purchase_2024_candidate_rows=768；purchase_2024_source_rows=769；draft_sku_id=SKU-DRAFT-000763	缺失规格：材质；整理依据：图纸/角度/材质缺失，定制管路接头需复核加工要求；导入口径：do_not_import_missing_specs；重分类：定制件/管路接头 -> 定制加工件/管路接头；分类置信度：high；带卡槽定制弯头属非标管路接头。	2026-07-03
PIPE-000128	卡槽弯头	定制：是；规格：219；特征：加长、带卡槽		定制加工件/管路接头	个			定做加长219弯头带卡槽	PIPE-000128 卡槽弯头 定制件/管路接头 个 定制：是 规格：219 特征：加长、带卡槽 定做加长219弯头带卡槽 是 219 加长、带卡槽			candidate	needs_review	clarify_specs_before_use	purchase_2024_candidate_rows=769；purchase_2024_source_rows=770；draft_sku_id=SKU-DRAFT-000764	缺失规格：材质；整理依据：图纸/角度/材质缺失，定制管路接头需复核加工要求；导入口径：do_not_import_missing_specs；重分类：定制件/管路接头 -> 定制加工件/管路接头；分类置信度：high；带卡槽定制弯头属非标管路接头。	2026-07-03
MAT-000073	扁平吊装带	执行标准：国标；额定载荷：3T；长度：3米	颜色:彩色	吊装索具/吊带	付			国标彩色3T*3米吊带	MAT-000073 扁平吊装带 吊装索具/吊带 付 执行标准：国标 额定载荷：3T 长度：3米 颜色:彩色 国标彩色3T*3米吊带 国标 3T 3米 彩色			candidate	usable	confirm_before_use	purchase_2024_candidate_rows=770；purchase_2024_source_rows=771；draft_sku_id=SKU-DRAFT-000765	缺失规格：材质；宽度；安全系数；整理依据：宽度/材质/安全系数缺失；导入口径：confirm_then_import	2026-07-03
MAT-000074	扁平吊装带	执行标准：国标；额定载荷：5T；长度：6米	颜色:彩色	吊装索具/吊带	付			国标彩色5T*6米吊带	MAT-000074 扁平吊装带 吊装索具/吊带 付 执行标准：国标 额定载荷：5T 长度：6米 颜色:彩色 国标彩色5T*6米吊带 国标 5T 6米 彩色			candidate	usable	confirm_before_use	purchase_2024_candidate_rows=771；purchase_2024_source_rows=772；draft_sku_id=SKU-DRAFT-000766	缺失规格：材质；宽度；安全系数；整理依据：宽度/材质/安全系数缺失；导入口径：confirm_then_import	2026-07-03
MAT-000075	弓形卸扣	额定载荷：6.5T；型式：弓形		吊装索具/卸扣	个			6.5T弓形卸扣	MAT-000075 弓形卸扣 吊装索具/卸扣 个 额定载荷：6.5T 型式：弓形 6.5T弓形卸扣 6.5T 弓形			candidate	usable	confirm_before_use	purchase_2024_candidate_rows=772；purchase_2024_source_rows=773；draft_sku_id=SKU-DRAFT-000767	缺失规格：执行标准；整理依据：销轴形式/执行标准缺失；导入口径：confirm_then_import	2026-07-03
MAT-000076	弓形卸扣	额定载荷：4.75T；型式：弓形		吊装索具/卸扣	个			4.75T弓形卸扣	MAT-000076 弓形卸扣 吊装索具/卸扣 个 额定载荷：4.75T 型式：弓形 4.75T弓形卸扣 4.75T 弓形			candidate	usable	confirm_before_use	purchase_2024_candidate_rows=773；purchase_2024_source_rows=774；draft_sku_id=SKU-DRAFT-000768	缺失规格：执行标准；整理依据：销轴形式/执行标准缺失；导入口径：confirm_then_import	2026-07-03
MAT-000077	集装袋	载重：1.5T		包装覆盖周转/包装袋	个			1.5T吨袋；吨袋	MAT-000077 集装袋 包装材料/集装袋 个 载重：1.5T 1.5T吨袋 吨袋 1.5T			candidate	needs_review	clarify_specs_before_use	purchase_2024_candidate_rows=774；purchase_2024_source_rows=775；draft_sku_id=SKU-DRAFT-000769	缺失规格：尺寸；整理依据：尺寸/吊带形式/是否覆膜缺失，可能影响集装袋SKU区分；导入口径：do_not_import_missing_specs；重分类：包装材料/集装袋 -> 包装覆盖周转/包装袋；分类置信度：high；集装袋即吨袋，属包装袋。	2026-07-03
PIPE-000129	无缝钢管	外径：48mm；壁厚：4.0mm		金属材料/钢管	米			48*4.0无缝管；48*4厚无缝管	PIPE-000129 无缝钢管 钢材/钢管 米 外径：48mm 壁厚：4.0mm 48*4.0无缝管 48*4厚无缝管 48mm 4.0mm			candidate	needs_review	clarify_specs_before_use	purchase_2024_candidate_rows=775;1144；purchase_2024_source_rows=776;1145；draft_sku_id=SKU-DRAFT-000770	缺失规格：材质；执行标准；整理依据：材质/执行标准缺失，按外径和壁厚先建候选；材质/执行标准缺失，可能影响无缝钢管SKU区分；导入口径：do_not_import_missing_specs；重分类：钢材/钢管 -> 金属材料/钢管；分类置信度：high；无缝钢管属于金属钢管原材料。	2026-07-03
CHEM-000054	防锈润滑剂	品牌/型号：WD-40		化工胶粘涂料/润滑剂	瓶			WD40润滑剂	CHEM-000054 防锈润滑剂 化工耗材/润滑剂 瓶 品牌/型号：WD-40 WD40润滑剂 WD-40			candidate	needs_review	clarify_specs_before_use	purchase_2024_candidate_rows=776；purchase_2024_source_rows=777；draft_sku_id=SKU-DRAFT-000771	缺失规格：规格；容量；整理依据：容量规格缺失，WD-40不足以唯一确定瓶装SKU；导入口径：do_not_import_missing_specs；重分类：化工耗材/润滑剂 -> 化工胶粘涂料/润滑剂；分类置信度：high；防锈润滑剂属润滑防护化工材料。	2026-07-03
MAT-000078	弓形卸扣	额定载荷：9.5T；型式：弓形		吊装索具/卸扣	个			9.5T弓形卸扣	MAT-000078 弓形卸扣 吊装索具/卸扣 个 额定载荷：9.5T 型式：弓形 9.5T弓形卸扣 9.5T 弓形			candidate	usable	confirm_before_use	purchase_2024_candidate_rows=777；purchase_2024_source_rows=778；draft_sku_id=SKU-DRAFT-000772	缺失规格：执行标准；整理依据：销轴形式/执行标准缺失；导入口径：confirm_then_import	2026-07-03
TOOL-000125	敲击螺丝刀	长度：400mm		工具量具/手动工具	个			400敲击螺丝刀	TOOL-000125 敲击螺丝刀 工具/手动工具 个 长度：400mm 400敲击螺丝刀 400mm			candidate	needs_review	clarify_specs_before_use	purchase_2024_candidate_rows=778；purchase_2024_source_rows=779；draft_sku_id=SKU-DRAFT-000773	缺失规格：规格；整理依据：一字/十字类型和刀杆规格缺失，长度不足以唯一确定SKU；导入口径：do_not_import_missing_specs；重分类：工具/手动工具 -> 工具量具/手动工具；分类置信度：high；敲击螺丝刀为手动工具。	2026-07-03
ELEC-000113	接地线	品牌：起帆；截面积：16mm2；用途：接地		电气电料/电线电缆	米			起帆16平方地线	ELEC-000113 接地线 电气材料/电线电缆 米 品牌：起帆 截面积：16mm2 用途：接地 起帆16平方地线 起帆 16mm2 接地	起帆		candidate	needs_review	clarify_specs_before_use	purchase_2024_candidate_rows=779；purchase_2024_source_rows=780；draft_sku_id=SKU-DRAFT-000774	缺失规格：材质；颜色；整理依据：导体材质/芯数/颜色缺失，可能影响电线SKU区分；导入口径：do_not_import_missing_specs；重分类：电气材料/电线电缆 -> 电气电料/电线电缆；分类置信度：high；16平方双色接地线本质是电线电缆。	2026-07-03
ELEC-000114	DT铜鼻子	型号：DT；适配线径：150mm2；材质：铜		电气电料/接线端子	个			DT150平方铜鼻子	ELEC-000114 DT铜鼻子 电气材料/电缆附件 个 型号：DT 适配线径：150mm2 材质：铜 DT150平方铜鼻子 DT 150mm2 铜		DT	candidate	usable	confirm_before_use	purchase_2024_candidate_rows=780；purchase_2024_source_rows=781；draft_sku_id=SKU-DRAFT-000775	缺失规格：品牌；整理依据：孔径/是否镀锡缺失；导入口径：confirm_then_import；重分类：电气材料/电缆附件 -> 电气电料/接线端子；分类置信度：high；铜鼻子用于电缆端接，按接线端子归类。	2026-07-03
ELEC-000115	DT铜鼻子	型号：DT；适配线径：120mm2；材质：铜		电气电料/接线端子	个			DT120平方铜鼻子	ELEC-000115 DT铜鼻子 电气材料/电缆附件 个 型号：DT 适配线径：120mm2 材质：铜 DT120平方铜鼻子 DT 120mm2 铜		DT	candidate	usable	confirm_before_use	purchase_2024_candidate_rows=781；purchase_2024_source_rows=782；draft_sku_id=SKU-DRAFT-000776	缺失规格：品牌；整理依据：孔径/是否镀锡缺失；导入口径：confirm_then_import；重分类：电气材料/电缆附件 -> 电气电料/接线端子；分类置信度：high；铜鼻子用于电缆端接，按接线端子归类。	2026-07-03
ELEC-000116	DT铜鼻子	型号：DT；适配线径：95mm2；材质：铜		电气电料/接线端子	个			DT95平方铜鼻子	ELEC-000116 DT铜鼻子 电气材料/电缆附件 个 型号：DT 适配线径：95mm2 材质：铜 DT95平方铜鼻子 DT 95mm2 铜		DT	candidate	usable	confirm_before_use	purchase_2024_candidate_rows=782；purchase_2024_source_rows=783；draft_sku_id=SKU-DRAFT-000777	缺失规格：品牌；整理依据：孔径/是否镀锡缺失；导入口径：confirm_then_import；重分类：电气材料/电缆附件 -> 电气电料/接线端子；分类置信度：high；铜鼻子用于电缆端接，按接线端子归类。	2026-07-03
ELEC-000117	DT铜鼻子	型号：DT；适配线径：70mm2；材质：铜		电气电料/接线端子	个			DT70平方铜鼻子	ELEC-000117 DT铜鼻子 电气材料/电缆附件 个 型号：DT 适配线径：70mm2 材质：铜 DT70平方铜鼻子 DT 70mm2 铜		DT	candidate	usable	confirm_before_use	purchase_2024_candidate_rows=783；purchase_2024_source_rows=784；draft_sku_id=SKU-DRAFT-000778	缺失规格：品牌；整理依据：孔径/是否镀锡缺失；导入口径：confirm_then_import；重分类：电气材料/电缆附件 -> 电气电料/接线端子；分类置信度：high；铜鼻子用于电缆端接，按接线端子归类。	2026-07-03
ELEC-000118	OT铜端子	型号：OT25-8；线径规格：25mm2；孔径：8mm；材质：铜		电气电料/接线端子	个			OT25-8铜端子	ELEC-000118 OT铜端子 电气材料/电缆附件 个 型号：OT25-8 线径规格：25mm2 孔径：8mm 材质：铜 OT25-8铜端子 OT25-8 25mm2 8mm 铜		OT25-8	candidate	usable	confirm_before_use	purchase_2024_candidate_rows=784；purchase_2024_source_rows=785；draft_sku_id=SKU-DRAFT-000779	缺失规格：品牌；整理依据：是否镀锡需确认；导入口径：confirm_then_import；重分类：电气材料/电缆附件 -> 电气电料/接线端子；分类置信度：high；OT铜端子用于导线端接，按接线端子归类。	2026-07-03
ELEC-000119	OT铜端子	型号：OT6-6；线径规格：6mm2；孔径：6mm；材质：铜		电气电料/接线端子	个			OT6-6铜端子	ELEC-000119 OT铜端子 电气材料/电缆附件 个 型号：OT6-6 线径规格：6mm2 孔径：6mm 材质：铜 OT6-6铜端子 OT6-6 6mm2 6mm 铜		OT6-6	candidate	usable	confirm_before_use	purchase_2024_candidate_rows=785；purchase_2024_source_rows=786；draft_sku_id=SKU-DRAFT-000780	缺失规格：品牌；整理依据：是否镀锡需确认；导入口径：confirm_then_import；重分类：电气材料/电缆附件 -> 电气电料/接线端子；分类置信度：high；OT铜端子用于导线端接，按接线端子归类。	2026-07-03
SAFE-000053	消防蝶阀	公称直径：DN150；特征：加长；用途：消防		安全消防/消防管件	个			150消防加长蝶阀	SAFE-000053 消防蝶阀 阀门/消防阀门 个 公称直径：DN150 特征：加长 用途：消防 150消防加长蝶阀 DN150 加长 消防			candidate	needs_review	clarify_specs_before_use	purchase_2024_candidate_rows=786；purchase_2024_source_rows=787；draft_sku_id=SKU-DRAFT-000781	缺失规格：材质；压力等级；连接方式；整理依据：连接方式/压力等级/阀体材质缺失，可能影响阀门SKU区分；导入口径：do_not_import_missing_specs；重分类：阀门/消防阀门 -> 安全消防/消防管件；分类置信度：high；消防蝶阀是消防系统管道阀件。	2026-07-03
PIPE-000130	国标法兰	规格：DN325；压力等级：16kg；执行标准：国标		管材管件阀门/法兰	个			325*16KG国标法兰	PIPE-000130 国标法兰 管件/法兰 个 规格：DN325 压力等级：16kg 执行标准：国标 325*16KG国标法兰 DN325 16kg 国标			candidate	usable	confirm_before_use	purchase_2024_candidate_rows=787；purchase_2024_source_rows=788；draft_sku_id=SKU-DRAFT-000782	缺失规格：材质；整理依据：材质/密封面形式缺失；导入口径：confirm_then_import；重分类：管件/法兰 -> 管材管件阀门/法兰；分类置信度：high；法兰属管件法兰类。	2026-07-03
PIPE-000131	法兰垫片	规格：DN325；材质：胶		管材管件阀门/法兰	个			325胶垫	PIPE-000131 法兰垫片 管件/密封垫片 个 规格：DN325 材质：胶 325胶垫 DN325 胶			candidate	needs_review	clarify_specs_before_use	purchase_2024_candidate_rows=788；purchase_2024_source_rows=789；draft_sku_id=SKU-DRAFT-000783	缺失规格：压力等级；厚度；整理依据：压力等级/厚度/材质细分缺失，可能影响垫片SKU区分；导入口径：do_not_import_missing_specs；重分类：管件/密封垫片 -> 管材管件阀门/法兰；分类置信度：medium；法兰垫片是法兰连接配套密封件。	2026-07-03
FAST-000013	六角螺栓组件	规格：M22*100；成套：是；类型：六角		紧固件与连接件/螺丝	套			22*100螺丝	FAST-000013 六角螺栓组件 紧固件/螺栓 套 规格：M22*100 成套：是 类型：六角 22*100螺丝 M22*100 是 六角			candidate	needs_review	clarify_specs_before_use	purchase_2024_candidate_rows=789；purchase_2024_source_rows=790；draft_sku_id=SKU-DRAFT-000784	缺失规格：材质；整理依据：强度等级/材质/是否含螺母垫片需确认；导入口径：do_not_import_missing_specs；重分类：紧固件/螺栓 -> 紧固件与连接件/螺丝；分类置信度：high；螺栓组件按螺丝类紧固件承接，成套为采购属性。	2026-07-03
PIPE-000132	双联重型管卡	适配管径：40；用途：注浆管；型式：重型卡槽两联		紧固件与连接件/管卡	个			40注浆管重型卡槽两联	PIPE-000132 双联重型管卡 管道紧固/管卡 个 适配管径：40 用途：注浆管 型式：重型卡槽两联 40注浆管重型卡槽两联 40 注浆管 重型卡槽两联			candidate	usable	confirm_before_use	purchase_2024_candidate_rows=790；purchase_2024_source_rows=791；draft_sku_id=SKU-DRAFT-000785	缺失规格：材质；表面处理；整理依据：材质/表面处理缺失；导入口径：confirm_then_import；重分类：管道紧固/管卡 -> 紧固件与连接件/管卡；分类置信度：high；管卡用于管道固定，型式差异不拆分。	2026-07-03
PIPE-000133	卡槽导轨	适配管径：40；用途：注浆管		紧固件与连接件/管卡	条			40注浆管卡槽导轨	PIPE-000133 卡槽导轨 管道紧固/导轨 条 适配管径：40 用途：注浆管 40注浆管卡槽导轨 40 注浆管			candidate	needs_review	clarify_specs_before_use	purchase_2024_candidate_rows=791；purchase_2024_source_rows=792；draft_sku_id=SKU-DRAFT-000786	缺失规格：材质；长度；整理依据：长度/材质/孔距缺失，可能影响导轨SKU区分；导入口径：do_not_import_missing_specs；重分类：管道紧固/导轨 -> 紧固件与连接件/管卡；分类置信度：medium；注浆管卡槽导轨用于管道固定，归管卡类连接件。	2026-07-03
ADMIN-000022	多功能打印机	品牌：惠普；类型：多功能		清洁办公后勤/办公用品	台			惠普多功能打印机	ADMIN-000022 多功能打印机 行政后勤/办公设备 台 品牌：惠普 类型：多功能 惠普多功能打印机 惠普 多功能	惠普		candidate	needs_review	clarify_specs_before_use	purchase_2024_candidate_rows=792；purchase_2024_source_rows=793；draft_sku_id=SKU-DRAFT-000787	缺失规格：型号；整理依据：型号/功能配置缺失，品牌不足以唯一确定办公设备SKU；导入口径：do_not_import_missing_specs；重分类：行政后勤/办公设备 -> 清洁办公后勤/办公用品；分类置信度：medium；打印机为办公后勤设备，按办公用品归口。	2026-07-03
ADMIN-000023	办公桌	品类：办公桌		清洁办公后勤/办公家具	个			办公桌	ADMIN-000023 办公桌 行政后勤/办公家具 个 品类：办公桌			candidate	needs_review	clarify_specs_before_use	purchase_2024_candidate_rows=793；purchase_2024_source_rows=794；draft_sku_id=SKU-DRAFT-000788	缺失规格：材质；尺寸；整理依据：尺寸/材质/款式缺失，无法稳定区分办公桌SKU；导入口径：do_not_import_missing_specs；重分类：行政后勤/办公家具 -> 清洁办公后勤/办公家具；分类置信度：medium；办公桌为后勤办公家具；推荐二级无办公家具，新增二级。	2026-07-03
ADMIN-000024	办公椅	品牌：得力；类型：多功能椅		清洁办公后勤/办公家具	个			得力多功能椅子	ADMIN-000024 办公椅 行政后勤/办公家具 个 品牌：得力 类型：多功能椅 得力多功能椅子 得力 多功能椅	得力		candidate	needs_review	clarify_specs_before_use	purchase_2024_candidate_rows=794；purchase_2024_source_rows=795；draft_sku_id=SKU-DRAFT-000789	缺失规格：型号；材质；整理依据：型号/材质/款式缺失，无法稳定区分办公椅SKU；导入口径：do_not_import_missing_specs；重分类：行政后勤/办公家具 -> 清洁办公后勤/办公家具；分类置信度：medium；办公椅为后勤办公家具；推荐二级无办公家具，新增二级。	2026-07-03
CHEM-000055	胶枪	适用材料：聚氨酯胶		工具量具/手动工具	个			聚氨酯胶枪	CHEM-000055 胶枪 工具/施胶工具 个 适用材料：聚氨酯胶 聚氨酯胶枪 聚氨酯胶			candidate	needs_review	clarify_specs_before_use	purchase_2024_candidate_rows=795；purchase_2024_source_rows=796；draft_sku_id=SKU-DRAFT-000790	缺失规格：容量；整理依据：容量/结构类型缺失，无法稳定区分胶枪SKU；导入口径：do_not_import_missing_specs；重分类：工具/施胶工具 -> 工具量具/手动工具；分类置信度：high；胶枪为手动施胶工具。	2026-07-03
METAL-000056	定制钢板	定制：是；尺寸：400*1000*30mm；材质：钢板		定制加工件/金属加工件	块			定做加工400*1000*30钢板	METAL-000056 定制钢板 定制件/金属加工件 块 定制：是 尺寸：400*1000*30mm 材质：钢板 定做加工400*1000*30钢板 是 400*1000*30mm 钢板			candidate	needs_review	clarify_specs_before_use	purchase_2024_candidate_rows=796；purchase_2024_source_rows=797；draft_sku_id=SKU-DRAFT-000791	缺失规格：规格；厚度；长度；执行标准；整理依据：材质牌号/图纸/加工要求缺失，定制加工件需复核；导入口径：do_not_import_missing_specs；重分类：定制件/金属加工件 -> 定制加工件/金属加工件；分类置信度：high；按尺寸加工的钢板属金属加工件。	2026-07-03
MAT-000079	U型卸扣	额定载荷：10T；型式：U型		吊装索具/卸扣	个			10吨U型卸扣	MAT-000079 U型卸扣 吊装索具/卸扣 个 额定载荷：10T 型式：U型 10吨U型卸扣 10T U型			candidate	usable	confirm_before_use	purchase_2024_candidate_rows=797；purchase_2024_source_rows=798；draft_sku_id=SKU-DRAFT-000792	缺失规格：执行标准；整理依据：销轴形式/执行标准缺失；导入口径：confirm_then_import	2026-07-03
WELD-000021	二氧化碳减压表	适用气体：二氧化碳		焊接切割/气瓶附件	个			二氧化碳表	WELD-000021 二氧化碳减压表 焊割耗材/气体表具 个 适用气体：二氧化碳 二氧化碳表 二氧化碳			candidate	needs_review	clarify_specs_before_use	purchase_2024_candidate_rows=798；purchase_2024_source_rows=799；draft_sku_id=SKU-DRAFT-000793	缺失规格：规格；整理依据：压力范围/接口规格缺失，无法稳定区分减压表SKU；导入口径：do_not_import_missing_specs；重分类：焊割耗材/气体表具 -> 焊接切割/气瓶附件；分类置信度：high；二氧化碳减压表用于焊接气体系统，归气瓶附件。	2026-07-03
WELD-000022	氧气减压表	适用气体：氧气		焊接切割/气瓶附件	个			氧气表	WELD-000022 氧气减压表 焊割耗材/气体表具 个 适用气体：氧气 氧气表 氧气			candidate	needs_review	clarify_specs_before_use	purchase_2024_candidate_rows=799；purchase_2024_source_rows=800；draft_sku_id=SKU-DRAFT-000794	缺失规格：规格；整理依据：压力范围/接口规格缺失，无法稳定区分减压表SKU；导入口径：do_not_import_missing_specs；重分类：焊割耗材/气体表具 -> 焊接切割/气瓶附件；分类置信度：high；氧气减压表用于焊割气瓶减压。	2026-07-03
TOOL-000126	石笔	品类：石笔		工具耗材/划线耗材	个			石笔	TOOL-000126 石笔 工具耗材/划线耗材 个 品类：石笔			candidate	usable	confirm_before_use	purchase_2024_candidate_rows=800；purchase_2024_source_rows=801；draft_sku_id=SKU-DRAFT-000795	缺失规格：规格；包装规格；整理依据：包装规格需确认；导入口径：confirm_then_import	2026-07-03
ADMIN-000025	记号笔	品类：记号笔		清洁办公后勤/办公用品	个			记号笔	ADMIN-000025 记号笔 办公耗材/书写用品 个 品类：记号笔			candidate	needs_review	clarify_specs_before_use	purchase_2024_candidate_rows=801；purchase_2024_source_rows=802；draft_sku_id=SKU-DRAFT-000796	缺失规格：颜色；整理依据：颜色/粗细缺失，无法稳定区分记号笔SKU；单位支/个需统一；导入口径：do_not_import_missing_specs；重分类：办公耗材/书写用品 -> 清洁办公后勤/办公用品；分类置信度：high；记号笔为办公书写用品，耗材低耗不作分类。	2026-07-03
CHEM-000056	油漆笔	品类：油漆笔		清洁办公后勤/办公用品	个			油漆笔	CHEM-000056 油漆笔 工具耗材/标记用品 个 品类：油漆笔			candidate	needs_review	clarify_specs_before_use	purchase_2024_candidate_rows=802；purchase_2024_source_rows=803；draft_sku_id=SKU-DRAFT-000797	缺失规格：规格；颜色；整理依据：颜色/规格缺失，无法稳定区分油漆笔SKU；导入口径：do_not_import_missing_specs；重分类：工具耗材/标记用品 -> 清洁办公后勤/办公用品；分类置信度：medium；油漆笔用于标记书写，归办公用品比工具耗材更稳。	2026-07-03
PIPE-000134	透明钢丝软管	公称直径：50；特征：加厚、透明、钢丝增强		管材管件阀门/管材	米			50加厚透明钢丝管	PIPE-000134 透明钢丝软管 管材/软管 米 公称直径：50 特征：加厚、透明、钢丝增强 50加厚透明钢丝管 50 加厚、透明、钢丝增强			candidate	usable	confirm_before_use	purchase_2024_candidate_rows=803；purchase_2024_source_rows=804；draft_sku_id=SKU-DRAFT-000798	缺失规格：材质；压力等级；直径；整理依据：材质/压力等级缺失，按直径和特征先建候选；导入口径：confirm_then_import；重分类：管材/软管 -> 管材管件阀门/管材；分类置信度：high；钢丝增强透明软管属管材，旧软管口径可归标准管材。	2026-07-03
SAFE-000054	焊工手套	用途：焊工；特征：加长		劳保防护/手套	双			加长焊工手套	SAFE-000054 焊工手套 劳保耗材/手套 双 用途：焊工 特征：加长 加长焊工手套 焊工 加长			candidate	needs_review	clarify_specs_before_use	purchase_2024_candidate_rows=804；purchase_2024_source_rows=805；draft_sku_id=SKU-DRAFT-000799	缺失规格：材质；长度；整理依据：材质/长度缺失，可能影响焊工手套SKU区分；导入口径：do_not_import_missing_specs；重分类：劳保耗材/手套 -> 劳保防护/手套；分类置信度：high；焊工手套属于劳保手部防护。	2026-07-03
SAFE-000055	全胶手套	类型：全胶		劳保防护/手套	双			全胶手套	SAFE-000055 全胶手套 劳保耗材/手套 双 类型：全胶 全胶			candidate	needs_review	clarify_specs_before_use	purchase_2024_candidate_rows=805；purchase_2024_source_rows=806；draft_sku_id=SKU-DRAFT-000800	缺失规格：材质；整理依据：材质/尺码缺失，无法稳定区分手套SKU；导入口径：do_not_import_missing_specs；重分类：劳保耗材/手套 -> 劳保防护/手套；分类置信度：high；全胶手套是手部防护用品，旧劳保耗材不保留。	2026-07-03
SAFE-000056	油布	特征：加厚		包装覆盖周转/覆盖材料	平方			加厚油布；油布加厚	SAFE-000056 油布 劳保耗材/覆盖防护 平方 特征：加厚 加厚油布 油布加厚 加厚			candidate	needs_review	clarify_specs_before_use	purchase_2024_candidate_rows=806；purchase_2024_source_rows=807；draft_sku_id=SKU-DRAFT-000801	缺失规格：材质；颜色；整理依据：材质/克重/颜色缺失，无法稳定区分油布SKU；导入口径：do_not_import_missing_specs；重分类：劳保耗材/覆盖防护 -> 包装覆盖周转/覆盖材料；分类置信度：high；油布用于覆盖防护，旧劳保耗材不应作为分类。	2026-07-03
METAL-000057	花纹钢板	厚度：3.0mm；表面：花纹		金属材料/钢板	平方			3.0花纹钢板	METAL-000057 花纹钢板 钢材/板材 平方 厚度：3.0mm 表面：花纹 3.0花纹钢板 3.0mm 花纹			candidate	usable	confirm_before_use	purchase_2024_candidate_rows=807；purchase_2024_source_rows=808；draft_sku_id=SKU-DRAFT-000802	缺失规格：材质；规格；整理依据：材质/宽长/理论重量单位需确认，按厚度和表面先建候选；导入口径：confirm_then_import；重分类：钢材/板材 -> 金属材料/钢板；分类置信度：high；花纹钢板属于钢板原材。	2026-07-03
METAL-000058	冲孔不锈钢板	尺寸：250*250*3mm；材质：不锈钢；加工：冲孔		定制加工件/金属加工件	块			250*250*3不锈钢加工冲孔	METAL-000058 冲孔不锈钢板 定制件/金属加工件 块 尺寸：250*250*3mm 材质：不锈钢 加工：冲孔 250*250*3不锈钢加工冲孔 250*250*3mm 不锈钢 冲孔			candidate	needs_review	clarify_specs_before_use	purchase_2024_candidate_rows=808；purchase_2024_source_rows=809；draft_sku_id=SKU-DRAFT-000803	缺失规格：规格；厚度；长度；执行标准；整理依据：孔径/孔距/材质牌号/图纸缺失，定制加工件需复核；导入口径：do_not_import_missing_specs；重分类：定制件/金属加工件 -> 定制加工件/金属加工件；分类置信度：high；样例标注不锈钢板冲孔加工，归定制金属加工件。	2026-07-03
SPARE-000083	木方垫板	尺寸：200*200*1500mm；加工：是；用途：垫板		定制加工件/木制加工件	根			加工200*200*1500木方垫板	SPARE-000083 木方垫板 定制件/木制加工件 根 尺寸：200*200*1500mm 加工：是 用途：垫板 加工200*200*1500木方垫板 200*200*1500mm 是 垫板			candidate	needs_review	clarify_specs_before_use	purchase_2024_candidate_rows=809；purchase_2024_source_rows=810；draft_sku_id=SKU-DRAFT-000804	缺失规格：型号；图号；适用设备；材质；关键尺寸；整理依据：木材种类/防腐要求缺失，定制木制加工件需复核；导入口径：do_not_import_missing_specs；重分类：定制件/木制加工件 -> 定制加工件/木制加工件；分类置信度：high；按尺寸加工的木方垫板，归定制木制加工件。	2026-07-03
MAT-000080	麻袋	尺寸：70*100		包装覆盖周转/包装袋	个			70*100麻袋	MAT-000080 麻袋 包装材料/袋类 个 尺寸：70*100 70*100麻袋 70*100			candidate	needs_review	clarify_specs_before_use	purchase_2024_candidate_rows=810；purchase_2024_source_rows=811；draft_sku_id=SKU-DRAFT-000805	缺失规格：材质；整理依据：材质/克重缺失，可能影响麻袋SKU区分；导入口径：do_not_import_missing_specs；重分类：包装材料/袋类 -> 包装覆盖周转/包装袋；分类置信度：high；麻袋为包装袋类材料。	2026-07-03
ADMIN-000026	棉布	形态：大块		清洁办公后勤/清洁耗材	kg			大块棉布	ADMIN-000026 棉布 清洁耗材/擦拭材料 kg 形态：大块 大块棉布 大块			candidate	needs_review	clarify_specs_before_use	purchase_2024_candidate_rows=811；purchase_2024_source_rows=812；draft_sku_id=SKU-DRAFT-000806	缺失规格：规格；材质；包装规格；整理依据：材质含量/包装规格缺失，无法稳定区分棉布SKU；导入口径：do_not_import_missing_specs；重分类：清洁耗材/擦拭材料 -> 清洁办公后勤/清洁耗材；分类置信度：high；大块棉布用于擦拭清洁，旧劳保耗材口径不准。	2026-07-03
ADMIN-000027	吸油棉	尺寸：40*50*5；用途：吸油		清洁办公后勤/清洁耗材	个			40*50*5吸油棉	ADMIN-000027 吸油棉 清洁耗材/吸附材料 个 尺寸：40*50*5 用途：吸油 40*50*5吸油棉 40*50*5 吸油			candidate	needs_review	clarify_specs_before_use	purchase_2024_candidate_rows=812；purchase_2024_source_rows=813；draft_sku_id=SKU-DRAFT-000807	缺失规格：材质；整理依据：尺寸单位、材质和包装数量缺失；标准单位是否应为片需确认；导入口径：do_not_import_missing_specs；重分类：清洁耗材/吸附材料 -> 清洁办公后勤/清洁耗材；分类置信度：high；吸油棉用于清洁吸附，旧环保耗材按实物归类。	2026-07-03
SAFE-000057	一次性雨衣	类型：一次性；特征：加厚		劳保防护/雨具	件			一次性加厚雨衣	SAFE-000057 一次性雨衣 劳保耗材/雨具 件 类型：一次性 特征：加厚 一次性加厚雨衣 一次性 加厚			candidate	needs_review	clarify_specs_before_use	purchase_2024_candidate_rows=813;1138；purchase_2024_source_rows=814;1139；draft_sku_id=SKU-DRAFT-000808	缺失规格：材质；整理依据：尺码/材质缺失，无法稳定区分雨衣SKU；单位件/套/个需统一，按一次性加厚雨衣先建候选；导入口径：do_not_import_missing_specs；重分类：劳保耗材/雨具 -> 劳保防护/雨具；分类置信度：high；一次性雨衣属于劳保雨具。	2026-07-03
MAT-CEM-000007	快硬水泥	类型：快速/快硬		建筑材料/水泥砂石	包			快速水泥	MAT-CEM-000007 快硬水泥 建筑材料/水泥砂石 包 类型：快速/快硬 快速水泥 快速/快硬			candidate	needs_review	clarify_specs_before_use	purchase_2024_candidate_rows=814；purchase_2024_source_rows=815；draft_sku_id=SKU-DRAFT-000809	缺失规格：强度等级；包装重量；整理依据：强度等级/包装重量缺失，无法稳定区分水泥SKU；导入口径：do_not_import_missing_specs	2026-07-03
SAFE-000058	雨衣套装	套装：是；特征：加厚		劳保防护/雨具	套			加厚雨衣套装	SAFE-000058 雨衣套装 劳保耗材/雨具 套 套装：是 特征：加厚 加厚雨衣套装 是 加厚			candidate	needs_review	clarify_specs_before_use	purchase_2024_candidate_rows=815；purchase_2024_source_rows=816；draft_sku_id=SKU-DRAFT-000810	缺失规格：材质；整理依据：尺码/材质缺失，无法稳定区分雨衣套装SKU；导入口径：do_not_import_missing_specs；重分类：劳保耗材/雨具 -> 劳保防护/雨具；分类置信度：high；雨衣套装为劳保雨具。	2026-07-03
PIPE-000135	高压油管	公称直径：50		液压气动/高压管路	米			50高压油管；50高压管	PIPE-000135 高压油管 液压/高压管路 米 公称直径：50 50高压油管 50高压管 50			candidate	needs_review	clarify_specs_before_use	purchase_2024_candidate_rows=816；purchase_2024_source_rows=817；draft_sku_id=SKU-DRAFT-000811	缺失规格：压力等级；接头形式；整理依据：压力等级/接头形式/层数缺失，无法稳定区分高压油管SKU；导入口径：do_not_import_missing_specs；重分类：液压/高压管路 -> 液压气动/高压管路；分类置信度：high；高压油管为液压高压管路，定制只影响长度和接头。	2026-07-03
PIPE-000136	高压油管接头	公称直径：50；类型：接头		液压气动/液压接头	个			50高压接头	PIPE-000136 高压油管接头 液压/高压管路 个 公称直径：50 类型：接头 50高压接头 50 接头			candidate	needs_review	clarify_specs_before_use	purchase_2024_candidate_rows=817；purchase_2024_source_rows=818；draft_sku_id=SKU-DRAFT-000812	缺失规格：压力等级；整理依据：螺纹/连接形式/压力等级缺失，无法稳定区分高压油管接头SKU；导入口径：do_not_import_missing_specs；重分类：液压/高压管路 -> 液压气动/液压接头；分类置信度：high；油管接头属于液压接头。	2026-07-03
PIPE-000137	高压外接头	公称直径：50；连接类型：外接		液压气动/液压接头	个			50高压外接	PIPE-000137 高压外接头 液压/高压管路 个 公称直径：50 连接类型：外接 50高压外接 50 外接			candidate	needs_review	clarify_specs_before_use	purchase_2024_candidate_rows=818；purchase_2024_source_rows=819；draft_sku_id=SKU-DRAFT-000813	缺失规格：规格；压力等级；整理依据：螺纹规格/压力等级缺失，无法稳定区分高压外接头SKU；导入口径：do_not_import_missing_specs；重分类：液压/高压管路 -> 液压气动/液压接头；分类置信度：high；高压外接头用于液压高压管路连接。	2026-07-03
MAT-000081	明矾	化学品：明矾		化工胶粘涂料/化工原料	kg			明矾	MAT-000081 明矾 化工原料/无机盐 kg 化学品：明矾			candidate	needs_review	clarify_specs_before_use	purchase_2024_candidate_rows=819；purchase_2024_source_rows=820；draft_sku_id=SKU-DRAFT-000814	缺失规格：规格；型号；材质；品牌；整理依据：纯度/包装/用途缺失，无法稳定区分化工原料SKU；导入口径：do_not_import_missing_specs；重分类：化工原料/无机盐 -> 化工胶粘涂料/化工原料；分类置信度：medium；明矾为基础化工品；新建二级化工原料。	2026-07-03
CHEM-000057	橡胶垫块	尺寸：260*330*5mm；加工：是		定制加工件/橡胶加工件	块			加工260*330*5橡胶垫块	CHEM-000057 橡胶垫块 定制件/橡胶加工件 块 尺寸：260*330*5mm 加工：是 加工260*330*5橡胶垫块 260*330*5mm 是			candidate	needs_review	clarify_specs_before_use	purchase_2024_candidate_rows=820；purchase_2024_source_rows=821；draft_sku_id=SKU-DRAFT-000815	缺失规格：材质；整理依据：橡胶材质/硬度/图纸缺失，定制橡胶加工件需复核；导入口径：do_not_import_missing_specs；重分类：定制件/橡胶加工件 -> 定制加工件/橡胶加工件；分类置信度：high；按尺寸加工的橡胶垫块，归定制橡胶加工件。	2026-07-03
PIPE-000138	气源分配器	定制：是；材质：不锈钢；接口：2寸		定制加工件/管路接头	套			定做不锈钢2寸气源分配器	PIPE-000138 气源分配器 定制件/气动管路件 套 定制：是 材质：不锈钢 接口：2寸 定做不锈钢2寸气源分配器 是 不锈钢 2寸			candidate	needs_review	clarify_specs_before_use	purchase_2024_candidate_rows=821；purchase_2024_source_rows=822；draft_sku_id=SKU-DRAFT-000816	缺失规格：规格；压力等级；整理依据：出口数量/接口规格/压力等级/图纸缺失，定制气动管路件需复核；导入口径：do_not_import_missing_specs；重分类：定制件/气动管路件 -> 定制加工件/管路接头；分类置信度：high；定制不锈钢气源分配器属于非标管路件。	2026-07-03
PIPE-000139	镀锌三通	公称直径：50；材质/表面：镀锌		管材管件阀门/三通	个			50镀锌三通	PIPE-000139 镀锌三通 管件/镀锌管件 个 公称直径：50 材质/表面：镀锌 50镀锌三通 50 镀锌			candidate	needs_review	clarify_specs_before_use	purchase_2024_candidate_rows=822；purchase_2024_source_rows=823；draft_sku_id=SKU-DRAFT-000817	缺失规格：材质；口径；压力等级；连接方式；壁厚；整理依据：连接形式缺失，无法稳定区分镀锌三通SKU；导入口径：do_not_import_missing_specs；重分类：管件/镀锌管件 -> 管材管件阀门/三通；分类置信度：high；三通为标准管件，镀锌只是材质表面处理。	2026-07-03
PIPE-000140	镀锌外丝接头	规格：50*40；连接：外丝；表面：镀锌		管材管件阀门/直接	个			50*40镀锌外丝	PIPE-000140 镀锌外丝接头 管件/镀锌管件 个 规格：50*40 连接：外丝 表面：镀锌 50*40镀锌外丝 50*40 外丝 镀锌			candidate	usable	confirm_before_use	purchase_2024_candidate_rows=823；purchase_2024_source_rows=824；draft_sku_id=SKU-DRAFT-000818	缺失规格：材质；口径；整理依据：变径形式/螺纹标准缺失，按规格和外丝连接先建候选；导入口径：confirm_then_import；重分类：管件/镀锌管件 -> 管材管件阀门/直接；分类置信度：high；外丝接头为管路直通连接件。	2026-07-03
PIPE-000141	镀锌直通	公称直径：50；表面：镀锌		管材管件阀门/直接	个			50镀锌直通	PIPE-000141 镀锌直通 管件/镀锌管件 个 公称直径：50 表面：镀锌 50镀锌直通 50 镀锌			candidate	needs_review	clarify_specs_before_use	purchase_2024_candidate_rows=824；purchase_2024_source_rows=825；draft_sku_id=SKU-DRAFT-000819	缺失规格：材质；口径；压力等级；连接方式；壁厚；整理依据：连接形式/螺纹标准缺失，无法稳定区分镀锌直通SKU；导入口径：do_not_import_missing_specs；重分类：管件/镀锌管件 -> 管材管件阀门/直接；分类置信度：high；直通为直接类管件。	2026-07-03
PIPE-000142	镀锌外接头	公称直径：50；连接：外接；表面：镀锌		管材管件阀门/直接	个			50镀锌外接	PIPE-000142 镀锌外接头 管件/镀锌管件 个 公称直径：50 连接：外接 表面：镀锌 50镀锌外接 50 外接 镀锌			candidate	usable	confirm_before_use	purchase_2024_candidate_rows=825；purchase_2024_source_rows=826；draft_sku_id=SKU-DRAFT-000820	缺失规格：规格；整理依据：螺纹标准缺失，按规格和外接类型先建候选；导入口径：confirm_then_import；重分类：管件/镀锌管件 -> 管材管件阀门/直接；分类置信度：high；外接头为直通连接管件。	2026-07-03
PIPE-000143	堵头	定制：是；规格：300		管材管件阀门/堵头	套			定做300堵头	PIPE-000143 堵头 定制件/管路接头 套 定制：是 规格：300 定做300堵头 是 300			candidate	needs_review	clarify_specs_before_use	purchase_2024_candidate_rows=826；purchase_2024_source_rows=827；draft_sku_id=SKU-DRAFT-000821	缺失规格：压力等级；连接方式；整理依据：材质/连接方式/压力等级/图纸缺失，定制管路接头需复核；导入口径：do_not_import_missing_specs；重分类：定制件/管路接头 -> 管材管件阀门/堵头；分类置信度：medium；堵头属管件封堵件；推荐无对应二级，按堵头新建。	2026-07-03
PIPE-000144	无缝钢管	外径：89mm；壁厚：6mm		金属材料/钢管	米			89*6无缝管	PIPE-000144 无缝钢管 钢材/钢管 米 外径：89mm 壁厚：6mm 89*6无缝管 89mm 6mm			candidate	usable	confirm_before_use	purchase_2024_candidate_rows=827；purchase_2024_source_rows=828；draft_sku_id=SKU-DRAFT-000822	缺失规格：材质；执行标准；整理依据：材质/执行标准缺失，按外径和壁厚先建候选；导入口径：confirm_then_import；重分类：钢材/钢管 -> 金属材料/钢管；分类置信度：high；无缝钢管属于金属钢管原材料。	2026-07-03
PIPE-000145	消防卡箍	规格：89；用途：消防		安全消防/消防管件	个			89消防卡箍	PIPE-000145 消防卡箍 管道紧固/卡箍 个 规格：89 用途：消防 89消防卡箍 89 消防			candidate	needs_review	clarify_specs_before_use	purchase_2024_candidate_rows=828；purchase_2024_source_rows=829；draft_sku_id=SKU-DRAFT-000823	缺失规格：材质；压力等级；整理依据：沟槽标准/压力等级/材质缺失，无法稳定区分消防卡箍SKU；导入口径：do_not_import_missing_specs；重分类：管道紧固/卡箍 -> 安全消防/消防管件；分类置信度：high；消防管道卡箍属于消防系统管件。	2026-07-03
PIPE-000146	加厚卡槽	加工：是；规格：89；特征：加厚卡槽		定制加工件/管路接头	个			加工89加厚卡槽	PIPE-000146 加厚卡槽 定制件/管路接头 个 加工：是 规格：89 特征：加厚卡槽 加工89加厚卡槽 是 89			candidate	needs_review	clarify_specs_before_use	purchase_2024_candidate_rows=829；purchase_2024_source_rows=830；draft_sku_id=SKU-DRAFT-000824	缺失规格：材质；尺寸；整理依据：材质/图纸/沟槽尺寸缺失，定制管路接头需复核；导入口径：do_not_import_missing_specs；重分类：定制件/管路接头 -> 定制加工件/管路接头；分类置信度：high；样例标注加工加厚卡槽，归定制管路接头。	2026-07-03
PIPE-000147	无缝钢管	外径：325mm；壁厚：14mm		金属材料/钢管	米			325*14无缝管	PIPE-000147 无缝钢管 钢材/钢管 米 外径：325mm 壁厚：14mm 325*14无缝管 325mm 14mm			candidate	usable	confirm_before_use	purchase_2024_candidate_rows=830；purchase_2024_source_rows=831；draft_sku_id=SKU-DRAFT-000825	缺失规格：材质；执行标准；整理依据：材质/执行标准缺失，按外径和壁厚先建候选；导入口径：confirm_then_import；重分类：钢材/钢管 -> 金属材料/钢管；分类置信度：high；无缝钢管属于金属钢管原材料。	2026-07-03
MAT-CEM-000008	水泥	品类：水泥		建筑材料/水泥砂石	包			水泥	MAT-CEM-000008 水泥 建筑材料/水泥砂石 包 品类：水泥			candidate	needs_review	clarify_specs_before_use	purchase_2024_candidate_rows=831；purchase_2024_source_rows=832；draft_sku_id=SKU-DRAFT-000826	缺失规格：强度等级；包装重量；整理依据：强度等级/包装重量缺失，无法稳定区分水泥SKU；导入口径：do_not_import_missing_specs	2026-07-03
FAST-000014	膨胀螺丝	规格：6厘		紧固件与连接件/膨胀锚栓	个			6厘膨胀螺丝	FAST-000014 膨胀螺丝 紧固件/膨胀件 个 规格：6厘 6厘膨胀螺丝 6厘			candidate	needs_review	clarify_specs_before_use	purchase_2024_candidate_rows=832；purchase_2024_source_rows=833；draft_sku_id=SKU-DRAFT-000827	缺失规格：材质；长度；整理依据：长度/材质缺失，6厘不足以唯一确定膨胀螺丝SKU；导入口径：do_not_import_missing_specs；重分类：紧固件/膨胀件 -> 紧固件与连接件/膨胀锚栓；分类置信度：high；样例均为膨胀螺丝，五金备件旧口径过宽。	2026-07-03
METAL-000059	扁钢	规格：80*6mm		金属材料/型钢	米			80*6扁铁	METAL-000059 扁钢 钢材/型材 米 规格：80*6mm 80*6扁铁 80*6mm			candidate	usable	confirm_before_use	purchase_2024_candidate_rows=833；purchase_2024_source_rows=834；draft_sku_id=SKU-DRAFT-000828	缺失规格：材质；执行标准；整理依据：材质/执行标准缺失，按截面规格先建候选；导入口径：confirm_then_import；重分类：钢材/型材 -> 金属材料/型钢；分类置信度：high；扁钢/扁铁属型钢材料。	2026-07-03
PIPE-000148	焊接弯头	规格：325；连接：焊接		管材管件阀门/弯头	个			325焊接弯头	PIPE-000148 焊接弯头 管件/弯头 个 规格：325 连接：焊接 325焊接弯头 325 焊接			candidate	needs_review	clarify_specs_before_use	purchase_2024_candidate_rows=834；purchase_2024_source_rows=835；draft_sku_id=SKU-DRAFT-000829	缺失规格：材质；壁厚；整理依据：角度/壁厚/材质缺失，无法稳定区分焊接弯头SKU；导入口径：do_not_import_missing_specs；重分类：管件/弯头 -> 管材管件阀门/弯头；分类置信度：high；样例均为焊接弯头，工程材料旧类目过宽。	2026-07-03
PIPE-000149	焊接弯头	规格：325；角度：45度；连接：焊接		管材管件阀门/弯头	个			325*45焊接弯头	PIPE-000149 焊接弯头 管件/弯头 个 规格：325 角度：45度 连接：焊接 325*45焊接弯头 325 45度 焊接			candidate	needs_review	clarify_specs_before_use	purchase_2024_candidate_rows=835；purchase_2024_source_rows=836；draft_sku_id=SKU-DRAFT-000830	缺失规格：材质；壁厚；整理依据：壁厚/材质缺失，可能影响焊接弯头SKU区分；导入口径：do_not_import_missing_specs；重分类：管件/弯头 -> 管材管件阀门/弯头；分类置信度：high；样例均为焊接弯头，工程材料旧类目过宽。	2026-07-03
PIPE-000150	焊接弯头	规格：89；连接：焊接		管材管件阀门/弯头	个			89焊接弯头	PIPE-000150 焊接弯头 管件/弯头 个 规格：89 连接：焊接 89焊接弯头 89 焊接			candidate	needs_review	clarify_specs_before_use	purchase_2024_candidate_rows=836；purchase_2024_source_rows=837；draft_sku_id=SKU-DRAFT-000831	缺失规格：材质；壁厚；整理依据：角度/壁厚/材质缺失，无法稳定区分焊接弯头SKU；导入口径：do_not_import_missing_specs；重分类：管件/弯头 -> 管材管件阀门/弯头；分类置信度：high；样例均为焊接弯头，工程材料旧类目过宽。	2026-07-03
PIPE-000151	法兰	规格：325		管材管件阀门/法兰	个			325法兰	PIPE-000151 法兰 管件/法兰 个 规格：325 325法兰 325			candidate	needs_review	clarify_specs_before_use	purchase_2024_candidate_rows=837；purchase_2024_source_rows=838；draft_sku_id=SKU-DRAFT-000832	缺失规格：材质；压力等级；整理依据：压力等级/材质/标准缺失，无法稳定区分法兰SKU；导入口径：do_not_import_missing_specs；重分类：管件/法兰 -> 管材管件阀门/法兰；分类置信度：high；法兰属于管件法兰类。	2026-07-03
METAL-000060	槽钢	规格：10#；执行标准：国标		金属材料/型钢	米			10#国标槽钢	METAL-000060 槽钢 钢材/型材 米 规格：10# 执行标准：国标 10#国标槽钢 10# 国标			candidate	usable	confirm_before_use	purchase_2024_candidate_rows=838；purchase_2024_source_rows=839；draft_sku_id=SKU-DRAFT-000833	缺失规格：材质；整理依据：材质缺失，按规格和国标先建候选；导入口径：confirm_then_import；重分类：钢材/型材 -> 金属材料/型钢；分类置信度：high；槽钢是标准型钢。	2026-07-03
METAL-000061	工字钢	规格：20#		金属材料/型钢	米			20工字钢	METAL-000061 工字钢 钢材/型材 米 规格：20# 20工字钢 20#			candidate	usable	confirm_before_use	purchase_2024_candidate_rows=839；purchase_2024_source_rows=840；draft_sku_id=SKU-DRAFT-000834	缺失规格：材质；执行标准；整理依据：材质/执行标准缺失，按规格先建候选；导入口径：confirm_then_import；重分类：钢材/型材 -> 金属材料/型钢；分类置信度：high；工字钢属型钢。	2026-07-03
ELEC-000120	明装插座	安装方式：明装		电气电料/插头插座	个			明装插座	ELEC-000120 明装插座 电气材料/插头插座 个 安装方式：明装 明装			candidate	needs_review	clarify_specs_before_use	purchase_2024_candidate_rows=840；purchase_2024_source_rows=841；draft_sku_id=SKU-DRAFT-000835	缺失规格：品牌；电流；整理依据：位数/电流/品牌缺失，无法稳定区分插座SKU；导入口径：do_not_import_missing_specs；重分类：电气材料/插头插座 -> 电气电料/插头插座；分类置信度：high；明装插座属于插头插座类。	2026-07-03
ELEC-000121	电箱门锁	规格/型号：325；用途：电箱门		电气电料/电气辅材	个			325电箱门锁	ELEC-000121 电箱门锁 电气材料/配电箱附件 个 规格/型号：325 用途：电箱门 325电箱门锁 325 电箱门			candidate	needs_review	clarify_specs_before_use	purchase_2024_candidate_rows=841；purchase_2024_source_rows=842；draft_sku_id=SKU-DRAFT-000836	缺失规格：型号；尺寸；开孔尺寸；整理依据：锁芯型号/开孔尺寸缺失，无法稳定区分电箱门锁SKU；导入口径：do_not_import_missing_specs；重分类：电气材料/配电箱附件 -> 电气电料/电气辅材；分类置信度：high；电箱门锁用于配电箱，归电气辅材。	2026-07-03
SAFE-000059	电焊手套	用途：电焊；特征：双层、加厚		劳保防护/手套	双			双层电焊手套厚	SAFE-000059 电焊手套 劳保耗材/手套 双 用途：电焊 特征：双层、加厚 双层电焊手套厚 电焊 双层、加厚			candidate	needs_review	clarify_specs_before_use	purchase_2024_candidate_rows=842；purchase_2024_source_rows=843；draft_sku_id=SKU-DRAFT-000837	缺失规格：材质；长度；整理依据：材质/长度缺失，可能影响电焊手套SKU区分；导入口径：do_not_import_missing_specs；重分类：劳保耗材/手套 -> 劳保防护/手套；分类置信度：high；电焊手套为焊接防护手套。	2026-07-03
TOOL-000127	伸缩梯	定制：是；长度：8米；厚度：5.2mm		工具量具/登高工具	台			定做8米*5.2mm厚伸缩梯	TOOL-000127 伸缩梯 定制件/工具治具 台 定制：是 长度：8米 厚度：5.2mm 定做8米*5.2mm厚伸缩梯 是 8米 5.2mm			candidate	needs_review	clarify_specs_before_use	purchase_2024_candidate_rows=843；purchase_2024_source_rows=844；draft_sku_id=SKU-DRAFT-000838	缺失规格：材质；整理依据：材质/承重/节数/图纸缺失，定制工具治具需复核；导入口径：do_not_import_missing_specs；重分类：定制件/工具治具 -> 工具量具/登高工具；分类置信度：medium；伸缩梯本质为登高工具；推荐二级无登高工具，新增二级。	2026-07-03
MAT-000082	尼龙绳	材质：尼龙		吊装索具/牵引捆绑	米			尼龙绳	MAT-000082 尼龙绳 吊装索具/绳索 米 材质：尼龙 尼龙			candidate	needs_review	clarify_specs_before_use	purchase_2024_candidate_rows=844；purchase_2024_source_rows=845；draft_sku_id=SKU-DRAFT-000839	缺失规格：直径；整理依据：直径/编织结构/承载缺失，无法稳定区分尼龙绳SKU；导入口径：do_not_import_missing_specs；重分类：吊装索具/绳索 -> 吊装索具/牵引捆绑；分类置信度：high；尼龙绳用于牵引捆绑，直径差异不拆分。	2026-07-03
FAST-000015	螺丝组件	规格：M8*25；成套：是		紧固件与连接件/螺丝	套			8*25螺丝；M8*25螺丝	FAST-000015 螺丝组件 紧固件/螺丝 套 规格：M8*25 成套：是 8*25螺丝 M8*25螺丝 M8*25 是			candidate	needs_review	clarify_specs_before_use	purchase_2024_candidate_rows=845；purchase_2024_source_rows=846；draft_sku_id=SKU-DRAFT-000840	缺失规格：材质；强度等级；头型；整理依据：材质/强度等级/头型缺失，无法稳定区分螺丝组件SKU；导入口径：do_not_import_missing_specs；重分类：紧固件/螺丝 -> 紧固件与连接件/螺丝；分类置信度：high；成套螺丝组件仍属螺丝类紧固件。	2026-07-03
PIPE-000152	双联重型管卡	规格：40*2；型式：双联重型		紧固件与连接件/管卡	套			双联重型管卡40*2	PIPE-000152 双联重型管卡 管道紧固/管卡 套 规格：40*2 型式：双联重型 双联重型管卡40*2 40*2 双联重型			candidate	usable	confirm_before_use	purchase_2024_candidate_rows=846；purchase_2024_source_rows=847；draft_sku_id=SKU-DRAFT-000841	缺失规格：材质；表面处理；整理依据：材质/表面处理缺失，按规格和型式先建候选；导入口径：confirm_then_import；重分类：管道紧固/管卡 -> 紧固件与连接件/管卡；分类置信度：high；管卡用于管道固定，型式差异不拆分。	2026-07-03
METAL-000062	不锈钢卡槽	材质：不锈钢		紧固件与连接件/管卡	米			不锈钢卡槽	METAL-000062 不锈钢卡槽 管道紧固/卡槽导轨 米 材质：不锈钢 不锈钢			candidate	needs_review	clarify_specs_before_use	purchase_2024_candidate_rows=847；purchase_2024_source_rows=848；draft_sku_id=SKU-DRAFT-000842	缺失规格：规格；厚度；整理依据：截面规格/厚度/孔距缺失，无法稳定区分不锈钢卡槽SKU；导入口径：do_not_import_missing_specs；重分类：管道紧固/卡槽导轨 -> 紧固件与连接件/管卡；分类置信度：medium；卡槽导轨用于管道固定支承，按连接固定件承接。	2026-07-03
CHEM-000058	润滑油	品牌：摩力克；型号：D321R		化工胶粘涂料/润滑剂	支			D321R摩力克润滑油	CHEM-000058 润滑油 化工耗材/润滑剂 支 品牌：摩力克 型号：D321R D321R摩力克润滑油 摩力克 D321R	摩力克	D321R	candidate	needs_review	clarify_specs_before_use	purchase_2024_candidate_rows=848；purchase_2024_source_rows=849；draft_sku_id=SKU-DRAFT-000843	缺失规格：规格；包装规格；容量；整理依据：容量/包装规格缺失，品牌型号不足以唯一确定包装SKU；导入口径：do_not_import_missing_specs；重分类：化工耗材/润滑剂 -> 化工胶粘涂料/润滑剂；分类置信度：high；润滑油归润滑剂。	2026-07-03
PIPE-000153	镀锌异径接头	规格：100*50；表面：镀锌；类型：大小头		管材管件阀门/变径接头	个			100*50镀锌大小头	PIPE-000153 镀锌异径接头 管件/镀锌管件 个 规格：100*50 表面：镀锌 类型：大小头 100*50镀锌大小头 100*50 镀锌 大小头			candidate	needs_review	clarify_specs_before_use	purchase_2024_candidate_rows=849；purchase_2024_source_rows=850；draft_sku_id=SKU-DRAFT-000844	缺失规格：材质；口径；压力等级；连接方式；壁厚；整理依据：连接形式/螺纹标准缺失，无法稳定区分镀锌异径接头SKU；导入口径：do_not_import_missing_specs；重分类：管件/镀锌管件 -> 管材管件阀门/变径接头；分类置信度：high；新建二级变径接头；异径大小头属于变径管件。	2026-07-03
SAFE-000060	安全防护网	特征：加厚		安全消防/防护网	平方			厚安全防护网	SAFE-000060 安全防护网 安全防护/防护网 平方 特征：加厚 厚安全防护网 加厚			candidate	needs_review	clarify_specs_before_use	purchase_2024_candidate_rows=850；purchase_2024_source_rows=851；draft_sku_id=SKU-DRAFT-000845	缺失规格：材质；颜色；整理依据：材质/网孔/颜色/克重缺失，无法稳定区分安全防护网SKU；导入口径：do_not_import_missing_specs；重分类：安全防护/防护网 -> 安全消防/防护网；分类置信度：high；安全防护网归现场防护网。	2026-07-03
PIPE-000154	定制接头	加工：是；规格：50*150		定制加工件/管路接头	个			加工50*150接头	PIPE-000154 定制接头 定制件/管路接头 个 加工：是 规格：50*150 加工50*150接头 是 50*150			candidate	needs_review	clarify_specs_before_use	purchase_2024_candidate_rows=851；purchase_2024_source_rows=852；draft_sku_id=SKU-DRAFT-000846	缺失规格：材质；连接方式；整理依据：材质/连接方式/图纸缺失，定制接头需复核加工要求；导入口径：do_not_import_missing_specs；重分类：定制件/管路接头 -> 定制加工件/管路接头；分类置信度：high；按尺寸加工的管路接头。	2026-07-03
PIPE-000155	液压快速接头	型号：GR6-25S；类型：快速接头		液压气动/液压接头	套			GR6-25S液压快速接头	PIPE-000155 液压快速接头 液压/高压管路 套 型号：GR6-25S 类型：快速接头 GR6-25S液压快速接头 GR6-25S 快速接头		GR6-25S	candidate	usable	confirm_before_use	purchase_2024_candidate_rows=852；purchase_2024_source_rows=853；draft_sku_id=SKU-DRAFT-000847	缺失规格：压力等级；整理依据：压力等级/螺纹接口缺失，按型号先建候选；导入口径：confirm_then_import；重分类：液压/高压管路 -> 液压气动/液压接头；分类置信度：high；液压快速接头属于液压接头。	2026-07-03
SAFE-000061	减速带	尺寸：60cm*55；款式：大二线		安全消防/交通设施	根			60cm*55减速带大二线	SAFE-000061 减速带 安全防护/交通设施 根 尺寸：60cm*55 款式：大二线 60cm*55减速带大二线 60cm*55 大二线			candidate	needs_review	clarify_specs_before_use	purchase_2024_candidate_rows=853；purchase_2024_source_rows=854；draft_sku_id=SKU-DRAFT-000848	缺失规格：材质；厚度；整理依据：尺寸中55未标单位，材质/厚度缺失，可能影响减速带SKU区分；导入口径：do_not_import_missing_specs；重分类：安全防护/交通设施 -> 安全消防/交通设施；分类置信度：medium；减速带是现场交通安全设施；推荐二级无交通设施，新增二级。	2026-07-03
PIPE-000156	高压接头	型号/规格：36/25S		液压气动/液压接头	个			36/25s高压接头	PIPE-000156 高压接头 液压/高压管路 个 型号/规格：36/25S 36/25s高压接头 36/25S			candidate	needs_review	clarify_specs_before_use	purchase_2024_candidate_rows=854；purchase_2024_source_rows=855；draft_sku_id=SKU-DRAFT-000849	缺失规格：压力等级；整理依据：螺纹/压力等级/连接形式缺失，可能影响液压接头SKU区分；导入口径：do_not_import_missing_specs；重分类：液压/高压管路 -> 液压气动/液压接头；分类置信度：high；高压接头为液压管路接头。	2026-07-03
PIPE-000157	高压接头	型号/规格：33/25S		液压气动/液压接头	个			33/25s高压接头	PIPE-000157 高压接头 液压/高压管路 个 型号/规格：33/25S 33/25s高压接头 33/25S			candidate	needs_review	clarify_specs_before_use	purchase_2024_candidate_rows=855；purchase_2024_source_rows=856；draft_sku_id=SKU-DRAFT-000850	缺失规格：压力等级；整理依据：螺纹/压力等级/连接形式缺失，可能影响液压接头SKU区分；导入口径：do_not_import_missing_specs；重分类：液压/高压管路 -> 液压气动/液压接头；分类置信度：high；高压接头为液压管路接头。	2026-07-03
PIPE-000158	高压接头	型号/规格：36/28S		液压气动/液压接头	个			36/28s高压接头	PIPE-000158 高压接头 液压/高压管路 个 型号/规格：36/28S 36/28s高压接头 36/28S			candidate	needs_review	clarify_specs_before_use	purchase_2024_candidate_rows=856；purchase_2024_source_rows=857；draft_sku_id=SKU-DRAFT-000851	缺失规格：压力等级；整理依据：螺纹/压力等级/连接形式缺失，可能影响液压接头SKU区分；导入口径：do_not_import_missing_specs；重分类：液压/高压管路 -> 液压气动/液压接头；分类置信度：high；高压接头为液压管路接头。	2026-07-03
PIPE-000159	高压弯头	型号/规格：36*2S；类型：弯头		定制加工件/管路接头	个			36*2s高压弯头	PIPE-000159 高压弯头 液压/高压管路 个 型号/规格：36*2S 类型：弯头 36*2s高压弯头 36*2S 弯头			candidate	needs_review	clarify_specs_before_use	purchase_2024_candidate_rows=857；purchase_2024_source_rows=858；draft_sku_id=SKU-DRAFT-000852	缺失规格：压力等级；整理依据：角度/螺纹/压力等级缺失，可能影响液压弯头SKU区分；导入口径：do_not_import_missing_specs；重分类：液压/高压管路 -> 定制加工件/管路接头；分类置信度：medium；样例多为定做高压弯头，本质为非标管路接头。	2026-07-03
PIPE-000160	法兰电动蝶阀	公称直径：DN50；连接：法兰；驱动：电动		管材管件阀门/阀门	个			50法兰电动蝶阀	PIPE-000160 法兰电动蝶阀 阀门/电动阀门 个 公称直径：DN50 连接：法兰 驱动：电动 50法兰电动蝶阀 DN50 法兰 电动			candidate	needs_review	clarify_specs_before_use	purchase_2024_candidate_rows=858；purchase_2024_source_rows=859；draft_sku_id=SKU-DRAFT-000853	缺失规格：材质；压力等级；电压；整理依据：电压/压力等级/材质缺失，可能影响电动蝶阀SKU区分；导入口径：do_not_import_missing_specs；重分类：阀门/电动阀门 -> 管材管件阀门/阀门；分类置信度：high；法兰电动蝶阀本质是管道阀门。	2026-07-03
PIPE-000161	法兰电动蝶阀	公称直径：DN80；连接：法兰；驱动：电动		管材管件阀门/阀门	个			80法兰电动蝶阀	PIPE-000161 法兰电动蝶阀 阀门/电动阀门 个 公称直径：DN80 连接：法兰 驱动：电动 80法兰电动蝶阀 DN80 法兰 电动			candidate	needs_review	clarify_specs_before_use	purchase_2024_candidate_rows=859；purchase_2024_source_rows=860；draft_sku_id=SKU-DRAFT-000854	缺失规格：材质；压力等级；电压；整理依据：电压/压力等级/材质缺失，可能影响电动蝶阀SKU区分；导入口径：do_not_import_missing_specs；重分类：阀门/电动阀门 -> 管材管件阀门/阀门；分类置信度：high；法兰电动蝶阀本质是管道阀门。	2026-07-03
PIPE-000162	波纹管	公称直径：20		管材管件阀门/管材	米			20波纹管	PIPE-000162 波纹管 管材/波纹管 米 公称直径：20 20波纹管 20			candidate	needs_review	clarify_specs_before_use	purchase_2024_candidate_rows=860；purchase_2024_source_rows=861；draft_sku_id=SKU-DRAFT-000855	缺失规格：材质；整理依据：材质/用途/耐压缺失，可能影响波纹管SKU区分；导入口径：do_not_import_missing_specs；重分类：管材/波纹管 -> 管材管件阀门/管材；分类置信度：high；波纹管属于管材。	2026-07-03
CHEM-000059	防锈润滑剂	品牌/型号：WD-40；功能：除锈润滑		化工胶粘涂料/润滑剂	支			WD40除锈润滑剂	CHEM-000059 防锈润滑剂 化工耗材/润滑剂 支 品牌/型号：WD-40 功能：除锈润滑 WD40除锈润滑剂 WD-40 除锈润滑			candidate	needs_review	clarify_specs_before_use	purchase_2024_candidate_rows=861；purchase_2024_source_rows=862；draft_sku_id=SKU-DRAFT-000856	缺失规格：规格；容量；整理依据：容量规格缺失，WD-40不足以唯一确定支装SKU；导入口径：do_not_import_missing_specs；重分类：化工耗材/润滑剂 -> 化工胶粘涂料/润滑剂；分类置信度：high；防锈润滑剂属润滑防护化工材料。	2026-07-03
TOOL-000128	管钳	长度：300mm		工具量具/手动工具	个			300管钳	TOOL-000128 管钳 工具/手动工具 个 长度：300mm 300管钳 300mm			candidate	usable	confirm_before_use	purchase_2024_candidate_rows=862；purchase_2024_source_rows=863；draft_sku_id=SKU-DRAFT-000857	缺失规格：品牌；材质；整理依据：品牌/材质缺失，按长度先建候选；导入口径：confirm_then_import；重分类：工具/手动工具 -> 工具量具/手动工具；分类置信度：high；管钳为管道作业手动工具。	2026-07-03
TOOL-000129	管钳	长度：350mm		工具量具/手动工具	个			350管钳	TOOL-000129 管钳 工具/手动工具 个 长度：350mm 350管钳 350mm			candidate	usable	confirm_before_use	purchase_2024_candidate_rows=863；purchase_2024_source_rows=864；draft_sku_id=SKU-DRAFT-000858	缺失规格：品牌；材质；整理依据：品牌/材质缺失，按长度先建候选；导入口径：confirm_then_import；重分类：工具/手动工具 -> 工具量具/手动工具；分类置信度：high；管钳为管道作业手动工具。	2026-07-03
TOOL-000130	管钳	长度：400mm		工具量具/手动工具	个			400管钳	TOOL-000130 管钳 工具/手动工具 个 长度：400mm 400管钳 400mm			candidate	usable	confirm_before_use	purchase_2024_candidate_rows=864；purchase_2024_source_rows=865；draft_sku_id=SKU-DRAFT-000859	缺失规格：品牌；材质；整理依据：品牌/材质缺失，按长度先建候选；导入口径：confirm_then_import；重分类：工具/手动工具 -> 工具量具/手动工具；分类置信度：high；管钳为管道作业手动工具。	2026-07-03
TOOL-000131	内六角扳手套装	品牌：世达；类型：六角扳手套装		工具量具/手动工具	套			世达六角扳手	TOOL-000131 内六角扳手套装 工具/手动工具 套 品牌：世达 类型：六角扳手套装 世达六角扳手 世达 六角扳手套装	世达		candidate	needs_review	clarify_specs_before_use	purchase_2024_candidate_rows=865；purchase_2024_source_rows=866；draft_sku_id=SKU-DRAFT-000860	缺失规格：型号；规格；整理依据：规格范围/型号缺失，无法唯一确定扳手套装SKU；导入口径：do_not_import_missing_specs；重分类：工具/手动工具 -> 工具量具/手动工具；分类置信度：high；内六角扳手套装属于手动工具。	2026-07-03
PIPE-000163	气动电磁阀	类型：电磁阀；用途：气动		液压气动/气动阀件	个			气动电磁阀	PIPE-000163 气动电磁阀 气动元件/阀 个 类型：电磁阀 用途：气动 电磁阀 气动			candidate	needs_review	clarify_specs_before_use	purchase_2024_candidate_rows=866；purchase_2024_source_rows=867；draft_sku_id=SKU-DRAFT-000861	缺失规格：型号；口径；电压；整理依据：电压/口径/位通数/型号缺失，无法唯一确定气动电磁阀SKU；导入口径：do_not_import_missing_specs；重分类：气动元件/阀 -> 液压气动/气动阀件；分类置信度：high；气动电磁阀是气动系统阀件；新建二级气动阀件。	2026-07-03
MAT-000083	气源处理双联件	型号系列：AFC；类型：双联件		液压气动/气源处理元件	个			AFC双联件	MAT-000083 气源处理双联件 气动元件/气源处理 个 型号系列：AFC 类型：双联件 AFC双联件 AFC 双联件			candidate	needs_review	clarify_specs_before_use	purchase_2024_candidate_rows=867；purchase_2024_source_rows=868；draft_sku_id=SKU-DRAFT-000862	缺失规格：型号；规格；口径；整理依据：口径/完整规格型号缺失，无法唯一确定双联件SKU；导入口径：do_not_import_missing_specs；重分类：气动元件/气源处理 -> 液压气动/气源处理元件；分类置信度：high；AFC双联件是气源处理元件；新建二级气源处理元件。	2026-07-03
ELEC-000122	电线	品牌：起帆；截面积：16mm2		电气电料/电线电缆	米			16m2起帆电线；起帆16平方电线	ELEC-000122 电线 电气材料/电线电缆 米 品牌：起帆 截面积：16mm2 16m2起帆电线 起帆16平方电线 起帆 16mm2	起帆		candidate	needs_review	clarify_specs_before_use	purchase_2024_candidate_rows=868；purchase_2024_source_rows=869；draft_sku_id=SKU-DRAFT-000863	缺失规格：材质；颜色；整理依据：芯数/颜色/导体材质缺失，可能影响电线SKU区分；导入口径：do_not_import_missing_specs；重分类：电气材料/电线电缆 -> 电气电料/电线电缆；分类置信度：high；样例均为起帆不同截面积电线。	2026-07-03
METAL-000063	花纹钢板	厚度：5mm；表面：花纹		金属材料/钢板	平方			5mm花纹钢板	METAL-000063 花纹钢板 钢材/板材 平方 厚度：5mm 表面：花纹 5mm花纹钢板 5mm 花纹			candidate	needs_review	clarify_specs_before_use	purchase_2024_candidate_rows=869；purchase_2024_source_rows=870；draft_sku_id=SKU-DRAFT-000864	缺失规格：规格；材质；整理依据：材质/宽长规格缺失，可能影响花纹钢板SKU区分；导入口径：do_not_import_missing_specs；重分类：钢材/板材 -> 金属材料/钢板；分类置信度：high；花纹钢板属于钢板原材。	2026-07-03
FAST-000016	高强度螺丝	规格：M5*95；强度等级：12.9		紧固件与连接件/螺丝	套			M5*95 12.9螺丝	FAST-000016 高强度螺丝 紧固件/螺丝 套 规格：M5*95 强度等级：12.9 M5*95 12.9螺丝 M5*95 12.9			candidate	needs_review	clarify_specs_before_use	purchase_2024_candidate_rows=870；purchase_2024_source_rows=871；draft_sku_id=SKU-DRAFT-000865	缺失规格：材质；整理依据：头型/材质/是否含螺母垫片需确认；导入口径：do_not_import_missing_specs；重分类：紧固件/螺丝 -> 紧固件与连接件/螺丝；分类置信度：high；高强度螺丝为标准紧固件，旧五金备件过泛。	2026-07-03
TOOL-000132	开口/梅花扳手	规格：42号		工具量具/手动工具	支			42号扳手	TOOL-000132 开口/梅花扳手 工具/手动工具 支 规格：42号 42号扳手 42号			candidate	needs_review	clarify_specs_before_use	purchase_2024_candidate_rows=871；purchase_2024_source_rows=872；draft_sku_id=SKU-DRAFT-000866	缺失规格：品牌；型号；尺寸；适用设备；整理依据：扳手类型为开口、梅花或两用不明确；导入口径：do_not_import_missing_specs；重分类：工具/手动工具 -> 工具量具/手动工具；分类置信度：high；开口梅花扳手属手动工具。	2026-07-03
TOOL-000133	开口/梅花扳手	规格：12号		工具量具/手动工具	支			12号扳手	TOOL-000133 开口/梅花扳手 工具/手动工具 支 规格：12号 12号扳手 12号			candidate	needs_review	clarify_specs_before_use	purchase_2024_candidate_rows=872；purchase_2024_source_rows=873；draft_sku_id=SKU-DRAFT-000867	缺失规格：品牌；型号；尺寸；适用设备；整理依据：扳手类型为开口、梅花或两用不明确；导入口径：do_not_import_missing_specs；重分类：工具/手动工具 -> 工具量具/手动工具；分类置信度：high；开口梅花扳手属手动工具。	2026-07-03
TOOL-000134	开口/梅花扳手	规格：19号		工具量具/手动工具	支			19号扳手	TOOL-000134 开口/梅花扳手 工具/手动工具 支 规格：19号 19号扳手 19号			candidate	needs_review	clarify_specs_before_use	purchase_2024_candidate_rows=873；purchase_2024_source_rows=874；draft_sku_id=SKU-DRAFT-000868	缺失规格：品牌；型号；尺寸；适用设备；整理依据：扳手类型为开口、梅花或两用不明确；导入口径：do_not_import_missing_specs；重分类：工具/手动工具 -> 工具量具/手动工具；分类置信度：high；开口梅花扳手属手动工具。	2026-07-03
TOOL-000135	电动扳手套筒	规格：12号；适用：电动扳手		工具量具/手动工具	支			12号电动扳手套筒	TOOL-000135 电动扳手套筒 工具/套筒 支 规格：12号 适用：电动扳手 12号电动扳手套筒 12号 电动扳手			candidate	usable	confirm_before_use	purchase_2024_candidate_rows=874；purchase_2024_source_rows=875；draft_sku_id=SKU-DRAFT-000869	缺失规格：长度；整理依据：方榫规格/长度缺失；导入口径：confirm_then_import；重分类：工具/套筒 -> 工具量具/手动工具；分类置信度：high；套筒为扳手配套手动工具附件。	2026-07-03
TOOL-000136	电动扳手套筒	规格：42号；适用：电动扳手		工具量具/手动工具	个			42号电动扳手套筒	TOOL-000136 电动扳手套筒 工具/套筒 个 规格：42号 适用：电动扳手 42号电动扳手套筒 42号 电动扳手			candidate	usable	confirm_before_use	purchase_2024_candidate_rows=875；purchase_2024_source_rows=876；draft_sku_id=SKU-DRAFT-000870	缺失规格：长度；整理依据：方榫规格/长度缺失；导入口径：confirm_then_import；重分类：工具/套筒 -> 工具量具/手动工具；分类置信度：high；套筒为扳手配套手动工具附件。	2026-07-03
MAT-000084	扁平吊装带	额定载荷：5T；长度：8米；颜色：彩色		吊装索具/吊带	根			5T*8米彩色吊带	MAT-000084 扁平吊装带 吊装索具/吊带 根 额定载荷：5T 长度：8米 颜色：彩色 5T*8米彩色吊带 5T 8米 彩色			candidate	usable	confirm_before_use	purchase_2024_candidate_rows=876；purchase_2024_source_rows=877；draft_sku_id=SKU-DRAFT-000871	缺失规格：材质；安全系数；整理依据：材质/安全系数缺失；导入口径：confirm_then_import	2026-07-03
METAL-000064	螺纹钢筋	直径：22mm		金属材料/钢筋	条			22钢筋	METAL-000064 螺纹钢筋 钢材/钢筋 条 直径：22mm 22钢筋 22mm			candidate	needs_review	clarify_specs_before_use	purchase_2024_candidate_rows=877；purchase_2024_source_rows=878；draft_sku_id=SKU-DRAFT-000872	缺失规格：材质；执行标准；长度；整理依据：材质/长度/执行标准缺失，可能影响钢筋SKU区分；导入口径：do_not_import_missing_specs；重分类：钢材/钢筋 -> 金属材料/钢筋；分类置信度：high；螺纹钢筋属于钢筋。	2026-07-03
MAT-000085	卸扣	额定载荷：2T		吊装索具/卸扣	个			2T卸扣；卸扣2T	MAT-000085 卸扣 吊装索具/卸扣 个 额定载荷：2T 2T卸扣 卸扣2T 2T			candidate	needs_review	clarify_specs_before_use	purchase_2024_candidate_rows=878;1798；purchase_2024_source_rows=879;1799；draft_sku_id=SKU-DRAFT-000873	缺失规格：材质；型式；安全系数；整理依据：型式/销轴形式缺失；型式/材质/安全系数/标准缺失，会影响卸扣SKU区分；导入口径：do_not_import_missing_specs	2026-07-03
MAT-000086	卸扣	额定载荷：4T		吊装索具/卸扣	个			4T卸扣	MAT-000086 卸扣 吊装索具/卸扣 个 额定载荷：4T 4T卸扣 4T			candidate	usable	confirm_before_use	purchase_2024_candidate_rows=879；purchase_2024_source_rows=880；draft_sku_id=SKU-DRAFT-000874	缺失规格：型式；整理依据：型式/销轴形式缺失；导入口径：confirm_then_import	2026-07-03
MAT-000087	卸扣	额定载荷：6T		吊装索具/卸扣	个			6T卸扣	MAT-000087 卸扣 吊装索具/卸扣 个 额定载荷：6T 6T卸扣 6T			candidate	usable	confirm_before_use	purchase_2024_candidate_rows=880；purchase_2024_source_rows=881；draft_sku_id=SKU-DRAFT-000875	缺失规格：型式；整理依据：型式/销轴形式缺失；导入口径：confirm_then_import	2026-07-03
SPARE-000084	木方垫	加工：是；规格：100*100		定制加工件/木制加工件	米			加工100*100木方垫	SPARE-000084 木方垫 定制件/木制加工件 米 加工：是 规格：100*100 加工100*100木方垫 是 100*100			candidate	needs_review	clarify_specs_before_use	purchase_2024_candidate_rows=881；purchase_2024_source_rows=882；draft_sku_id=SKU-DRAFT-000876	缺失规格：长度；整理依据：长度/木材种类/用途缺失，定制木制加工件需复核；导入口径：do_not_import_missing_specs；重分类：定制件/木制加工件 -> 定制加工件/木制加工件；分类置信度：high；加工木方垫为非标木制件；新建二级木制加工件。	2026-07-03
CHEM-000060	润滑脂	俗称：黄油		化工胶粘涂料/润滑剂	桶			黄油	CHEM-000060 润滑脂 化工耗材/润滑脂 桶 俗称：黄油 黄油			candidate	needs_review	clarify_specs_before_use	purchase_2024_candidate_rows=882；purchase_2024_source_rows=883；draft_sku_id=SKU-DRAFT-000877	缺失规格：型号；包装重量；整理依据：型号/稠度/包装重量缺失，无法唯一确定润滑脂SKU；导入口径：do_not_import_missing_specs；重分类：化工耗材/润滑脂 -> 化工胶粘涂料/润滑剂；分类置信度：high；黄油和油脂均为润滑剂。	2026-07-03
CHEM-000061	防锈润滑剂	品牌/型号：WD-40；功能：除锈		化工胶粘涂料/润滑剂	支			WD-40除锈剂	CHEM-000061 防锈润滑剂 化工耗材/润滑剂 支 品牌/型号：WD-40 功能：除锈 WD-40除锈剂 WD-40 除锈			candidate	needs_review	clarify_specs_before_use	purchase_2024_candidate_rows=883；purchase_2024_source_rows=884；draft_sku_id=SKU-DRAFT-000878	缺失规格：规格；容量；整理依据：容量规格缺失，WD-40不足以唯一确定支装SKU；导入口径：do_not_import_missing_specs；重分类：化工耗材/润滑剂 -> 化工胶粘涂料/润滑剂；分类置信度：high；防锈润滑剂属润滑防护化工材料。	2026-07-03
ELEC-000123	电缆线	芯数：3；截面积：1.5mm2		电气电料/电线电缆	米			3*1.5电缆线	ELEC-000123 电缆线 电气材料/电线电缆 米 芯数：3 截面积：1.5mm2 3*1.5电缆线 3 1.5mm2			candidate	needs_review	clarify_specs_before_use	purchase_2024_candidate_rows=884；purchase_2024_source_rows=885；draft_sku_id=SKU-DRAFT-000879	缺失规格：材质；电压；整理依据：护套类型/导体材质/电压等级缺失，可能影响电缆SKU区分；导入口径：do_not_import_missing_specs；重分类：电气材料/电线电缆 -> 电气电料/电线电缆；分类置信度：high；样例均为电缆线规格。	2026-07-03
TOOL-000137	活动扳手	长度：450mm		工具量具/手动工具	支			450活动扳手	TOOL-000137 活动扳手 工具/手动工具 支 长度：450mm 450活动扳手 450mm			candidate	usable	confirm_before_use	purchase_2024_candidate_rows=885；purchase_2024_source_rows=886；draft_sku_id=SKU-DRAFT-000880	缺失规格：品牌；材质；整理依据：品牌/材质缺失，按长度先建候选；导入口径：confirm_then_import；重分类：工具/手动工具 -> 工具量具/手动工具；分类置信度：high；活动扳手属于手动工具。	2026-07-03
PIPE-000164	高压外丝接头	螺纹：M36*2A；类型：外丝		液压气动/液压接头	个			M36*2A高压外丝	PIPE-000164 高压外丝接头 液压/高压管路 个 螺纹：M36*2A 类型：外丝 M36*2A高压外丝 M36*2A 外丝			candidate	needs_review	clarify_specs_before_use	purchase_2024_candidate_rows=886；purchase_2024_source_rows=887；draft_sku_id=SKU-DRAFT-000881	缺失规格：压力等级；整理依据：压力等级/适配管径缺失，可能影响液压接头SKU区分；导入口径：do_not_import_missing_specs；重分类：液压/高压管路 -> 液压气动/液压接头；分类置信度：high；高压外丝接头为液压接头。	2026-07-03
ADMIN-000028	吸油棉	用途：吸油		清洁办公后勤/清洁耗材	张			吸油棉	ADMIN-000028 吸油棉 清洁耗材/吸附材料 张 用途：吸油 吸油			candidate	needs_review	clarify_specs_before_use	purchase_2024_candidate_rows=887；purchase_2024_source_rows=888；draft_sku_id=SKU-DRAFT-000882	缺失规格：尺寸；整理依据：尺寸/克重缺失，无法唯一确定吸油棉SKU；导入口径：do_not_import_missing_specs；重分类：清洁耗材/吸附材料 -> 清洁办公后勤/清洁耗材；分类置信度：high；吸油棉用于清洁吸附，旧环保耗材按实物归类。	2026-07-03
TOOL-000138	螺丝取出器	类型：螺丝取出器		工具量具/手动工具	套			螺丝取出器	TOOL-000138 螺丝取出器 工具/拆卸工具 套 类型：螺丝取出器			candidate	needs_review	clarify_specs_before_use	purchase_2024_candidate_rows=888；purchase_2024_source_rows=889；draft_sku_id=SKU-DRAFT-000883	缺失规格：规格；整理依据：规格范围/件数缺失，无法唯一确定套装SKU；导入口径：do_not_import_missing_specs；重分类：工具/拆卸工具 -> 工具量具/手动工具；分类置信度：high；螺丝取出器为拆卸手动工具。	2026-07-03
FAST-000017	螺杆	规格：M20*70		紧固件与连接件/螺杆	套			20*70螺杆	FAST-000017 螺杆 紧固件/螺杆 套 规格：M20*70 20*70螺杆 M20*70			candidate	needs_review	clarify_specs_before_use	purchase_2024_candidate_rows=889；purchase_2024_source_rows=890；draft_sku_id=SKU-DRAFT-000884	缺失规格：强度等级；整理依据：材质/强度等级/是否含配件需确认；导入口径：do_not_import_missing_specs；重分类：紧固件/螺杆 -> 紧固件与连接件/螺杆；分类置信度：high；样例均为各规格螺杆。	2026-07-03
FAST-000018	螺杆	规格：M20*50		紧固件与连接件/螺杆	套			20*50螺杆	FAST-000018 螺杆 紧固件/螺杆 套 规格：M20*50 20*50螺杆 M20*50			candidate	needs_review	clarify_specs_before_use	purchase_2024_candidate_rows=890；purchase_2024_source_rows=891；draft_sku_id=SKU-DRAFT-000885	缺失规格：强度等级；整理依据：材质/强度等级/是否含配件需确认；导入口径：do_not_import_missing_specs；重分类：紧固件/螺杆 -> 紧固件与连接件/螺杆；分类置信度：high；样例均为各规格螺杆。	2026-07-03
FAST-000019	螺母	规格：M20		紧固件与连接件/螺母	个			20螺母；M20螺母	FAST-000019 螺母 紧固件/螺母 个 规格：M20 20螺母 M20螺母 M20			candidate	needs_review	clarify_specs_before_use	purchase_2024_candidate_rows=891；purchase_2024_source_rows=892；draft_sku_id=SKU-DRAFT-000886	缺失规格：材质；强度等级；整理依据：材质/强度等级缺失，可能影响螺母SKU区分；导入口径：do_not_import_missing_specs；重分类：紧固件/螺母 -> 紧固件与连接件/螺母；分类置信度：high；样例均为各规格螺母。	2026-07-03
FAST-000020	螺杆	规格：M16*60		紧固件与连接件/螺杆	个			16*60螺杆	FAST-000020 螺杆 紧固件/螺杆 个 规格：M16*60 16*60螺杆 M16*60			candidate	needs_review	clarify_specs_before_use	purchase_2024_candidate_rows=892；purchase_2024_source_rows=893；draft_sku_id=SKU-DRAFT-000887	缺失规格：材质；强度等级；整理依据：材质/强度等级缺失，可能影响螺杆SKU区分；导入口径：do_not_import_missing_specs；重分类：紧固件/螺杆 -> 紧固件与连接件/螺杆；分类置信度：high；样例均为各规格螺杆。	2026-07-03
FAST-000021	螺母	规格：M16		紧固件与连接件/螺母	个			16螺母	FAST-000021 螺母 紧固件/螺母 个 规格：M16 16螺母 M16			candidate	needs_review	clarify_specs_before_use	purchase_2024_candidate_rows=893；purchase_2024_source_rows=894；draft_sku_id=SKU-DRAFT-000888	缺失规格：材质；强度等级；整理依据：材质/强度等级缺失，可能影响螺母SKU区分；导入口径：do_not_import_missing_specs；重分类：紧固件/螺母 -> 紧固件与连接件/螺母；分类置信度：high；样例均为各规格螺母。	2026-07-03
PIPE-000165	焊接异径接头	规格：273*168；类型：大小头；连接：焊接		管材管件阀门/异径接头	个			273*168焊接大小头	PIPE-000165 焊接异径接头 管件/焊接管件 个 规格：273*168 类型：大小头 连接：焊接 273*168焊接大小头 273*168 大小头 焊接			candidate	needs_review	clarify_specs_before_use	purchase_2024_candidate_rows=894；purchase_2024_source_rows=895；draft_sku_id=SKU-DRAFT-000889	缺失规格：材质；壁厚；整理依据：材质/壁厚/标准缺失，可能影响焊接异径接头SKU区分；导入口径：do_not_import_missing_specs；重分类：管件/焊接管件 -> 管材管件阀门/异径接头；分类置信度：high；样例均为焊接大小头，工程材料旧类目过宽；新增异径接头二级。	2026-07-03
PIPE-000166	法兰	规格：DN273		管材管件阀门/法兰	个			273法兰盘	PIPE-000166 法兰 管件/法兰 个 规格：DN273 273法兰盘 DN273			candidate	needs_review	clarify_specs_before_use	purchase_2024_candidate_rows=895；purchase_2024_source_rows=896；draft_sku_id=SKU-DRAFT-000890	缺失规格：材质；压力等级；整理依据：压力等级/材质/标准缺失，可能影响法兰SKU区分；导入口径：do_not_import_missing_specs；重分类：管件/法兰 -> 管材管件阀门/法兰；分类置信度：high；法兰属于管件法兰类。	2026-07-03
PIPE-000167	焊接弯头	规格：168；连接：焊接		管材管件阀门/弯头	个			168焊接弯头	PIPE-000167 焊接弯头 管件/弯头 个 规格：168 连接：焊接 168焊接弯头 168 焊接			candidate	needs_review	clarify_specs_before_use	purchase_2024_candidate_rows=896；purchase_2024_source_rows=897；draft_sku_id=SKU-DRAFT-000891	缺失规格：材质；壁厚；整理依据：角度/壁厚/材质缺失，可能影响焊接弯头SKU区分；导入口径：do_not_import_missing_specs；重分类：管件/弯头 -> 管材管件阀门/弯头；分类置信度：high；样例均为焊接弯头，工程材料旧类目过宽。	2026-07-03
SPARE-000085	传动皮带	型号：BLI1753		设备备件/电机传动备件	条			Bli1753皮带	SPARE-000085 传动皮带 备品备件/传动件 条 型号：BLI1753 Bli1753皮带 BLI1753		BLI1753	candidate	usable	confirm_before_use	purchase_2024_candidate_rows=897；purchase_2024_source_rows=898；draft_sku_id=SKU-DRAFT-000892	缺失规格：图号；整理依据：型号大小写/皮带类型需确认；导入口径：confirm_then_import；重分类：备品备件/传动件 -> 设备备件/电机传动备件；分类置信度：high；传动皮带属于设备传动备件。	2026-07-03
PIPE-000168	焊接接头	加工：是；规格：168；连接：焊接		定制加工件/管路接头	个			加工168焊接接头	PIPE-000168 焊接接头 定制件/管路接头 个 加工：是 规格：168 连接：焊接 加工168焊接接头 是 168 焊接			candidate	needs_review	clarify_specs_before_use	purchase_2024_candidate_rows=898；purchase_2024_source_rows=899；draft_sku_id=SKU-DRAFT-000893	缺失规格：材质；壁厚；整理依据：材质/图纸/壁厚缺失，定制焊接接头需复核；导入口径：do_not_import_missing_specs；重分类：定制件/管路接头 -> 定制加工件/管路接头；分类置信度：high；样例标明加工焊接接头，按非标管路接头归类。	2026-07-03
METAL-000065	不锈钢控制箱	定制：是；材质：不锈钢		定制加工件/图纸件	套			定做不锈钢控制箱	METAL-000065 不锈钢控制箱 定制件/电气箱柜 套 定制：是 材质：不锈钢 定做不锈钢控制箱 是 不锈钢			candidate	needs_review	clarify_specs_before_use	purchase_2024_candidate_rows=899；purchase_2024_source_rows=900；draft_sku_id=SKU-DRAFT-000894	缺失规格：尺寸；厚度；整理依据：尺寸/厚度/IP等级/图纸缺失，定制控制箱需复核；导入口径：do_not_import_missing_specs；重分类：定制件/电气箱柜 -> 定制加工件/图纸件；分类置信度：medium；样例标注定制不锈钢控制箱，按非标图纸件；若标准箱柜可转电气辅材。	2026-07-03
PIPE-000169	镀锌活接	公称直径：50；表面：镀锌；类型：活接		管材管件阀门/水暖五金	个			50镀锌活接	PIPE-000169 镀锌活接 管件/镀锌管件 个 公称直径：50 表面：镀锌 类型：活接 50镀锌活接 50 镀锌 活接			candidate	needs_review	clarify_specs_before_use	purchase_2024_candidate_rows=900；purchase_2024_source_rows=901；draft_sku_id=SKU-DRAFT-000895	缺失规格：材质；整理依据：螺纹标准/材质缺失，可能影响镀锌活接SKU区分；导入口径：do_not_import_missing_specs；重分类：管件/镀锌管件 -> 管材管件阀门/水暖五金；分类置信度：high；活接是水暖管路可拆连接件。	2026-07-03
FAST-000022	螺丝组件	规格：M6*25；成套：是		紧固件与连接件/螺丝	套			M6*25螺丝	FAST-000022 螺丝组件 紧固件/螺丝 套 规格：M6*25 成套：是 M6*25螺丝 M6*25 是			candidate	needs_review	clarify_specs_before_use	purchase_2024_candidate_rows=901；purchase_2024_source_rows=902；draft_sku_id=SKU-DRAFT-000896	缺失规格：材质；强度等级；头型；整理依据：头型/强度等级/材质缺失，可能影响螺丝组件SKU区分；导入口径：do_not_import_missing_specs；重分类：紧固件/螺丝 -> 紧固件与连接件/螺丝；分类置信度：high；成套螺丝组件仍属螺丝类紧固件。	2026-07-03
SAFE-000062	胶手套	类型：胶手套		劳保防护/手套	双			胶手套	SAFE-000062 胶手套 劳保耗材/手套 双 类型：胶手套			candidate	needs_review	clarify_specs_before_use	purchase_2024_candidate_rows=902；purchase_2024_source_rows=903；draft_sku_id=SKU-DRAFT-000897	缺失规格：材质；整理依据：材质/尺码缺失，无法唯一确定手套SKU；导入口径：do_not_import_missing_specs；重分类：劳保耗材/手套 -> 劳保防护/手套；分类置信度：high；胶手套为手部防护用品。	2026-07-03
TOOL-000139	砂纸	粒度：细		工具耗材/磨具	张			细砂纸	TOOL-000139 砂纸 工具耗材/磨料磨具 张 粒度：细 细砂纸 细			candidate	needs_review	clarify_specs_before_use	purchase_2024_candidate_rows=903；purchase_2024_source_rows=904；draft_sku_id=SKU-DRAFT-000898	缺失规格：尺寸；整理依据：具体目数/尺寸缺失，无法唯一确定砂纸SKU；导入口径：do_not_import_missing_specs；重分类：工具耗材/磨料磨具 -> 工具耗材/磨具；分类置信度：high；砂纸为打磨耗材。	2026-07-03
PIPE-000170	焊接卡扣	规格：168；连接：焊接；加工：是		定制加工件/管路接头	个			加工168焊接卡扣	PIPE-000170 焊接卡扣 定制件/管路接头 个 规格：168 连接：焊接 加工：是 加工168焊接卡扣 168 焊接 是			candidate	needs_review	clarify_specs_before_use	purchase_2024_candidate_rows=904；purchase_2024_source_rows=905；draft_sku_id=SKU-DRAFT-000899	缺失规格：材质；整理依据：定制件材质/图纸/用途缺失，无法唯一确定焊接卡扣SKU；导入口径：do_not_import_missing_specs；重分类：定制件/管路接头 -> 定制加工件/管路接头；分类置信度：high；样例为加工焊接管路卡扣，旧定制管路口径合理。	2026-07-03
FAST-000023	膨胀螺丝	规格：M14*100		紧固件与连接件/膨胀锚栓	套			14*100膨胀螺丝	FAST-000023 膨胀螺丝 紧固件/膨胀件 套 规格：M14*100 14*100膨胀螺丝 M14*100			candidate	usable	confirm_before_use	purchase_2024_candidate_rows=905；purchase_2024_source_rows=906；draft_sku_id=SKU-DRAFT-000900	缺失规格：材质；表面处理；整理依据：材质/表面处理缺失，按规格先建候选；导入口径：confirm_then_import；重分类：紧固件/膨胀件 -> 紧固件与连接件/膨胀锚栓；分类置信度：high；样例均为膨胀螺丝，五金备件旧口径过宽。	2026-07-03
PIPE-000171	异径接头	规格：80*50；类型：大小头		管材管件阀门/直接	个			80*50大小头	PIPE-000171 异径接头 管件/管接头 个 规格：80*50 类型：大小头 80*50大小头 80*50 大小头			candidate	needs_review	clarify_specs_before_use	purchase_2024_candidate_rows=906；purchase_2024_source_rows=907；draft_sku_id=SKU-DRAFT-000901	缺失规格：材质；连接方式；整理依据：材质/连接方式缺失，可能影响异径接头SKU区分；导入口径：do_not_import_missing_specs；重分类：管件/管接头 -> 管材管件阀门/直接；分类置信度：high；异径接头/大小头为管路直连变径管件。	2026-07-03
FAST-000024	膨胀螺丝	规格：M10*80		紧固件与连接件/膨胀锚栓	套			10*80膨胀螺丝	FAST-000024 膨胀螺丝 紧固件/膨胀件 套 规格：M10*80 10*80膨胀螺丝 M10*80			candidate	usable	confirm_before_use	purchase_2024_candidate_rows=907；purchase_2024_source_rows=908；draft_sku_id=SKU-DRAFT-000902	缺失规格：材质；表面处理；整理依据：材质/表面处理缺失，按规格先建候选；导入口径：confirm_then_import；重分类：紧固件/膨胀件 -> 紧固件与连接件/膨胀锚栓；分类置信度：high；样例均为膨胀螺丝，五金备件旧口径过宽。	2026-07-03
ELEC-000124	电箱罩	定制：是；尺寸：2.3*1.3*0.7；特征：加厚		定制加工件/金属加工件	套			2.3*1.3*0.7定做加厚电箱罩	ELEC-000124 电箱罩 定制件/电气箱柜 套 定制：是 尺寸：2.3*1.3*0.7 特征：加厚 2.3*1.3*0.7定做加厚电箱罩 是 2.3*1.3*0.7 加厚			candidate	needs_review	clarify_specs_before_use	purchase_2024_candidate_rows=908；purchase_2024_source_rows=909；draft_sku_id=SKU-DRAFT-000903	缺失规格：材质；厚度；整理依据：定制件材质/厚度/IP等级/图纸缺失，尺寸单位需确认；导入口径：do_not_import_missing_specs；重分类：定制件/电气箱柜 -> 定制加工件/金属加工件；分类置信度：high；样例为定做加厚电箱罩，属非标加工防护件。	2026-07-03
ELEC-000125	电箱罩	定制：是；尺寸：1.8*1.6*0.6；特征：加厚		定制加工件/金属加工件	套			1.8*1.6*0.6定做加厚电箱罩	ELEC-000125 电箱罩 定制件/电气箱柜 套 定制：是 尺寸：1.8*1.6*0.6 特征：加厚 1.8*1.6*0.6定做加厚电箱罩 是 1.8*1.6*0.6 加厚			candidate	needs_review	clarify_specs_before_use	purchase_2024_candidate_rows=909；purchase_2024_source_rows=910；draft_sku_id=SKU-DRAFT-000904	缺失规格：材质；厚度；整理依据：定制件材质/厚度/IP等级/图纸缺失，尺寸单位需确认；导入口径：do_not_import_missing_specs；重分类：定制件/电气箱柜 -> 定制加工件/金属加工件；分类置信度：high；样例为定做加厚电箱罩，属非标加工防护件。	2026-07-03
SPARE-000086	不锈钢增压泵	功率：3kW；材质：不锈钢；类型：增压泵		施工机具设备/泵类设备	台			3千瓦不锈钢增压泵	SPARE-000086 不锈钢增压泵 设备备件/泵 台 功率：3kW 材质：不锈钢 类型：增压泵 3千瓦不锈钢增压泵 3kW 不锈钢 增压泵			candidate	needs_review	clarify_specs_before_use	purchase_2024_candidate_rows=910；purchase_2024_source_rows=911；draft_sku_id=SKU-DRAFT-000905	缺失规格：电压；流量；扬程；整理依据：流量/扬程/电压/接口缺失，无法唯一确定泵SKU；导入口径：do_not_import_missing_specs；重分类：设备备件/泵 -> 施工机具设备/泵类设备；分类置信度：high；增压泵是泵类设备整机，旧设备备件口径偏错。	2026-07-03
PIPE-000172	氧气管接头	规格：8厘；适用气体：氧气		焊接切割/气瓶附件	个			8厘氧气管接头	PIPE-000172 氧气管接头 焊割耗材/气管接头 个 规格：8厘 适用气体：氧气 8厘氧气管接头 8厘 氧气			candidate	needs_review	clarify_specs_before_use	purchase_2024_candidate_rows=911；purchase_2024_source_rows=912；draft_sku_id=SKU-DRAFT-000906	缺失规格：材质；整理依据：材质/连接形式缺失，可能影响气管接头SKU区分；导入口径：do_not_import_missing_specs；重分类：焊割耗材/气管接头 -> 焊接切割/气瓶附件；分类置信度：high；氧气管接头为焊割气体管路附件。	2026-07-03
PIPE-000173	高压堵头	规格：1/2英寸；类型：堵头		液压气动/液压接头	个			1/2高压堵头	PIPE-000173 高压堵头 液压/高压管路 个 规格：1/2英寸 类型：堵头 1/2高压堵头 1/2英寸 堵头			candidate	needs_review	clarify_specs_before_use	purchase_2024_candidate_rows=912；purchase_2024_source_rows=913；draft_sku_id=SKU-DRAFT-000907	缺失规格：压力等级；整理依据：螺纹标准/压力等级缺失，无法唯一确定高压堵头SKU；导入口径：do_not_import_missing_specs；重分类：液压/高压管路 -> 液压气动/液压接头；分类置信度：high；高压堵头用于液压高压管路封堵，归液压接头。	2026-07-03
PIPE-000174	高压堵头	规格：3/4英寸；类型：堵头		液压气动/液压接头	个			3/4高压堵头	PIPE-000174 高压堵头 液压/高压管路 个 规格：3/4英寸 类型：堵头 3/4高压堵头 3/4英寸 堵头			candidate	needs_review	clarify_specs_before_use	purchase_2024_candidate_rows=913；purchase_2024_source_rows=914；draft_sku_id=SKU-DRAFT-000908	缺失规格：压力等级；整理依据：螺纹标准/压力等级缺失，无法唯一确定高压堵头SKU；导入口径：do_not_import_missing_specs；重分类：液压/高压管路 -> 液压气动/液压接头；分类置信度：high；高压堵头用于液压高压管路封堵，归液压接头。	2026-07-03
PIPE-000175	高压堵头	规格：1英寸；类型：堵头		液压气动/液压接头	个			1高压堵头	PIPE-000175 高压堵头 液压/高压管路 个 规格：1英寸 类型：堵头 1高压堵头 1英寸 堵头			candidate	needs_review	clarify_specs_before_use	purchase_2024_candidate_rows=914；purchase_2024_source_rows=915；draft_sku_id=SKU-DRAFT-000909	缺失规格：压力等级；整理依据：螺纹标准/压力等级缺失，无法唯一确定高压堵头SKU；导入口径：do_not_import_missing_specs；重分类：液压/高压管路 -> 液压气动/液压接头；分类置信度：high；高压堵头用于液压高压管路封堵，归液压接头。	2026-07-03
PIPE-000176	高压堵头	规格：1.5寸；类型：堵头		液压气动/液压接头	个			1.5寸高压堵头	PIPE-000176 高压堵头 液压/高压管路 个 规格：1.5寸 类型：堵头 1.5寸高压堵头 1.5寸 堵头			candidate	needs_review	clarify_specs_before_use	purchase_2024_candidate_rows=915；purchase_2024_source_rows=916；draft_sku_id=SKU-DRAFT-000910	缺失规格：压力等级；整理依据：螺纹标准/压力等级缺失，无法唯一确定高压堵头SKU；导入口径：do_not_import_missing_specs；重分类：液压/高压管路 -> 液压气动/液压接头；分类置信度：high；高压堵头用于液压高压管路封堵，归液压接头。	2026-07-03
PIPE-000177	高压堵头	规格：2寸；类型：堵头		液压气动/液压接头	个			2寸高压堵头	PIPE-000177 高压堵头 液压/高压管路 个 规格：2寸 类型：堵头 2寸高压堵头 2寸 堵头			candidate	needs_review	clarify_specs_before_use	purchase_2024_candidate_rows=916；purchase_2024_source_rows=917；draft_sku_id=SKU-DRAFT-000911	缺失规格：压力等级；整理依据：螺纹标准/压力等级缺失，无法唯一确定高压堵头SKU；导入口径：do_not_import_missing_specs；重分类：液压/高压管路 -> 液压气动/液压接头；分类置信度：high；高压堵头用于液压高压管路封堵，归液压接头。	2026-07-03
METAL-000066	不锈钢球阀	品牌：埃美柯；公称直径：DN50；材质：不锈钢		管材管件阀门/阀门	个			50埃美柯不锈钢球阀	METAL-000066 不锈钢球阀 阀门/球阀 个 品牌：埃美柯 公称直径：DN50 材质：不锈钢 50埃美柯不锈钢球阀 埃美柯 DN50 不锈钢	埃美柯		candidate	usable	confirm_before_use	purchase_2024_candidate_rows=917；purchase_2024_source_rows=918；draft_sku_id=SKU-DRAFT-000912	缺失规格：压力等级；连接方式；口径；整理依据：连接方式/压力等级缺失，按品牌/口径/材质先建候选；导入口径：confirm_then_import；重分类：阀门/球阀 -> 管材管件阀门/阀门；分类置信度：high；样例均为不锈钢球阀，口径/品牌为规格差异。	2026-07-03
SPARE-000087	电动油脂泵	驱动：电动；功能：自动供脂		施工机具设备/泵类设备	套			自动电动油脂泵	SPARE-000087 电动油脂泵 设备备件/润滑设备 套 驱动：电动 功能：自动供脂 自动电动油脂泵 电动 自动供脂			candidate	needs_review	clarify_specs_before_use	purchase_2024_candidate_rows=918；purchase_2024_source_rows=919；draft_sku_id=SKU-DRAFT-000913	缺失规格：型号；容量；电压；整理依据：电压/容量/压力/型号缺失，无法唯一确定油脂泵SKU；导入口径：do_not_import_missing_specs；重分类：设备备件/润滑设备 -> 施工机具设备/泵类设备；分类置信度：medium；电动油脂泵为供脂泵装置，按泵类设备归入。	2026-07-03
ADMIN-000029	拖把	品类：拖把		清洁办公后勤/清洁工具	个			拖把	ADMIN-000029 拖把 行政后勤/清洁用品 个 品类：拖把			candidate	usable	confirm_before_use	purchase_2024_candidate_rows=919；purchase_2024_source_rows=920；draft_sku_id=SKU-DRAFT-000914	缺失规格：规格；材质；整理依据：材质/规格缺失，按通用拖把先建候选；导入口径：confirm_then_import；重分类：行政后勤/清洁用品 -> 清洁办公后勤/清洁工具；分类置信度：high；拖把是清洁工具，旧劳保耗材错误。	2026-07-03
ADMIN-000030	抹布	品类：抹布		清洁办公后勤/清洁耗材	条			抹布	ADMIN-000030 抹布 行政后勤/清洁用品 条 品类：抹布			candidate	usable	confirm_before_use	purchase_2024_candidate_rows=920；purchase_2024_source_rows=921；draft_sku_id=SKU-DRAFT-000915	缺失规格：材质；尺寸；整理依据：材质/尺寸缺失，按通用抹布先建候选；导入口径：confirm_then_import；重分类：行政后勤/清洁用品 -> 清洁办公后勤/清洁耗材；分类置信度：high；抹布为清洁擦拭耗材。	2026-07-03
CHEM-000062	油污清洗剂	功能：去油污		化工胶粘涂料/清洗剂	瓶			油污净	CHEM-000062 油污清洗剂 清洁耗材/清洗剂 瓶 功能：去油污 油污净 去油污			candidate	usable	confirm_before_use	purchase_2024_candidate_rows=921；purchase_2024_source_rows=922；draft_sku_id=SKU-DRAFT-000916	缺失规格：品牌；容量；整理依据：容量/品牌/浓度缺失，按去油污功能先建候选；导入口径：confirm_then_import；重分类：清洁耗材/清洗剂 -> 化工胶粘涂料/清洗剂；分类置信度：high；油污净是化学清洗剂。	2026-07-03
ELEC-000126	漏电断路器	品牌：施耐德；极数：2P；额定电流：40A		电气电料/低压电器	个			2P40A施耐德漏电保护	ELEC-000126 漏电断路器 电气材料/低压电器 个 品牌：施耐德 极数：2P 额定电流：40A 2P40A施耐德漏电保护 施耐德 2P 40A	施耐德		candidate	usable	confirm_before_use	purchase_2024_candidate_rows=922；purchase_2024_source_rows=923；draft_sku_id=SKU-DRAFT-000917	缺失规格：型号；电流；整理依据：型号/漏电动作电流缺失，按品牌/极数/电流先建候选；导入口径：confirm_then_import；重分类：电气材料/低压电器 -> 电气电料/低压电器；分类置信度：high；漏电断路器属于低压电器。	2026-07-03
ELEC-000127	时控开关	类型：时控开关		电气电料/低压电器	个			时控开关	ELEC-000127 时控开关 电气材料/低压电器 个 类型：时控开关			candidate	needs_review	clarify_specs_before_use	purchase_2024_candidate_rows=923；purchase_2024_source_rows=924；draft_sku_id=SKU-DRAFT-000918	缺失规格：型号；电压；整理依据：电压/型号/通道数缺失，无法唯一确定时控开关SKU；导入口径：do_not_import_missing_specs；重分类：电气材料/低压电器 -> 电气电料/低压电器；分类置信度：high；时控开关是低压控制电器。	2026-07-03
METAL-000067	铁丝	材质：铁		金属材料/金属丝材	kg			铁丝	METAL-000067 铁丝 五金耗材/金属丝 kg 材质：铁 铁			candidate	needs_review	clarify_specs_before_use	purchase_2024_candidate_rows=924;1401；purchase_2024_source_rows=925;1402；draft_sku_id=SKU-DRAFT-000919	缺失规格：表面处理；整理依据：线径/表面处理缺失，无法唯一确定铁丝SKU；导入口径：do_not_import_missing_specs；重分类：五金耗材/金属丝 -> 金属材料/金属丝材；分类置信度：high；新建二级金属丝材；铁丝是金属线材，旧五金耗材不宜保留。	2026-07-03
PIPE-000178	弹簧减压阀	公称直径：DN25；结构：弹簧式		管材管件阀门/阀门	个			DN25弹簧减压阀	PIPE-000178 弹簧减压阀 阀门/减压阀 个 公称直径：DN25 结构：弹簧式 DN25弹簧减压阀 DN25 弹簧式			candidate	needs_review	clarify_specs_before_use	purchase_2024_candidate_rows=925；purchase_2024_source_rows=926；draft_sku_id=SKU-DRAFT-000920	缺失规格：材质；连接方式；整理依据：压力范围/材质/连接方式缺失，无法唯一确定减压阀SKU；导入口径：do_not_import_missing_specs；重分类：阀门/减压阀 -> 管材管件阀门/阀门；分类置信度：high；减压阀属阀门。	2026-07-03
PIPE-000179	透明软管	公称直径：25；特征：透明		管材管件阀门/管材	米			25透明管	PIPE-000179 透明软管 管材/软管 米 公称直径：25 特征：透明 25透明管 25 透明			candidate	needs_review	clarify_specs_before_use	purchase_2024_candidate_rows=926；purchase_2024_source_rows=927；draft_sku_id=SKU-DRAFT-000921	缺失规格：材质；压力等级；整理依据：材质/压力等级缺失，可能影响软管SKU区分；导入口径：do_not_import_missing_specs；重分类：管材/软管 -> 管材管件阀门/管材；分类置信度：high；透明软管属于管材。	2026-07-03
PIPE-000180	外丝接头	定制：是；规格：1寸；连接：外丝		定制加工件/管路接头	个			定做1寸外丝	PIPE-000180 外丝接头 定制件/管路接头 个 定制：是 规格：1寸 连接：外丝 定做1寸外丝 是 1寸 外丝			candidate	needs_review	clarify_specs_before_use	purchase_2024_candidate_rows=927；purchase_2024_source_rows=928；draft_sku_id=SKU-DRAFT-000922	缺失规格：材质；整理依据：定制件材质/螺纹标准/图纸缺失，无法唯一确定外丝接头SKU；导入口径：do_not_import_missing_specs；重分类：定制件/管路接头 -> 定制加工件/管路接头；分类置信度：high；外丝接头均为加工/定做管路接头。	2026-07-03
SPARE-000088	钢焊接件	定制：是；尺寸：80*200；材质：钢；工艺：焊接		定制加工件/金属加工件	个			定做80*200钢焊接	SPARE-000088 钢焊接件 定制件/金属加工件 个 定制：是 尺寸：80*200 材质：钢 工艺：焊接 定做80*200钢焊接 是 80*200 钢 焊接			candidate	needs_review	clarify_specs_before_use	purchase_2024_candidate_rows=928；purchase_2024_source_rows=929；draft_sku_id=SKU-DRAFT-000923	缺失规格：厚度；整理依据：定制件图纸/厚度/用途缺失，无法唯一确定钢焊接件SKU；导入口径：do_not_import_missing_specs；重分类：定制件/金属加工件 -> 定制加工件/金属加工件；分类置信度：high；定做焊接件是非标金属加工件。	2026-07-03
PIPE-000181	电磁阀	型号：4M210L-8		液压气动/气动阀件	个			4M210L-8电磁阀	PIPE-000181 电磁阀 气动元件/阀 个 型号：4M210L-8 4M210L-8电磁阀 4M210L-8		4M210L-8	candidate	usable	confirm_before_use	purchase_2024_candidate_rows=929；purchase_2024_source_rows=930；draft_sku_id=SKU-DRAFT-000924	缺失规格：电压；整理依据：电压需确认，按型号先建候选；导入口径：confirm_then_import；重分类：气动元件/阀 -> 液压气动/气动阀件；分类置信度：medium；样例含4M系列气动电磁阀，标准表无气动阀件二级，新增二级。	2026-07-03
PIPE-000182	高压油管	公称直径：80		液压气动/高压管路	米			80高压管；80高压油管	PIPE-000182 高压油管 液压/高压管路 米 公称直径：80 80高压管 80高压油管 80			candidate	needs_review	clarify_specs_before_use	purchase_2024_candidate_rows=930；purchase_2024_source_rows=931；draft_sku_id=SKU-DRAFT-000925	缺失规格：压力等级；接头形式；整理依据：压力等级/层数/接头形式缺失，无法唯一确定高压油管SKU；导入口径：do_not_import_missing_specs；重分类：液压/高压管路 -> 液压气动/高压管路；分类置信度：high；高压油管为液压高压管路，定制只影响长度和接头。	2026-07-03
PIPE-000183	加厚铜接头	规格：80；材质：铜；特征：加厚		液压气动/液压接头	个			80加厚铜头	PIPE-000183 加厚铜接头 液压/高压管路 个 规格：80 材质：铜 特征：加厚 80加厚铜头 80 铜 加厚			candidate	needs_review	clarify_specs_before_use	purchase_2024_candidate_rows=931；purchase_2024_source_rows=932；draft_sku_id=SKU-DRAFT-000926	缺失规格：口径；压力等级；连接方式；壁厚；整理依据：连接形式缺失，无法唯一确定铜接头SKU；导入口径：do_not_import_missing_specs；重分类：液压/高压管路 -> 液压气动/液压接头；分类置信度：high；铜头用于高压管路连接，归液压接头。	2026-07-03
PIPE-000184	铜头铝套组件	规格：80；组成：铜头、铝扣；特征：加厚		液压气动/液压接头	个			80加厚铜头铝扣	PIPE-000184 铜头铝套组件 液压/高压管路 个 规格：80 组成：铜头、铝扣 特征：加厚 80加厚铜头铝扣 80 铜头、铝扣 加厚			candidate	needs_review	clarify_specs_before_use	purchase_2024_candidate_rows=932；purchase_2024_source_rows=933；draft_sku_id=SKU-DRAFT-000927	缺失规格：材质；口径；压力等级；连接方式；壁厚；整理依据：连接形式缺失，无法唯一确定铜头铝套组件SKU；导入口径：do_not_import_missing_specs；重分类：液压/高压管路 -> 液压气动/液压接头；分类置信度：medium；铜头铝套组件是高压管路端部连接组件。	2026-07-03
PIPE-000185	法兰	规格：DN89；压力等级：16kg		管材管件阀门/法兰	个			89*16KG法兰盘	PIPE-000185 法兰 管件/法兰 个 规格：DN89 压力等级：16kg 89*16KG法兰盘 DN89 16kg			candidate	needs_review	clarify_specs_before_use	purchase_2024_candidate_rows=933；purchase_2024_source_rows=934；draft_sku_id=SKU-DRAFT-000928	缺失规格：材质；整理依据：材质/标准/密封面缺失，可能影响法兰SKU区分；导入口径：do_not_import_missing_specs；重分类：管件/法兰 -> 管材管件阀门/法兰；分类置信度：high；法兰属于管件法兰类。	2026-07-03
METAL-000068	不锈钢球阀	品牌：埃美柯；公称直径：DN80；材质：不锈钢		管材管件阀门/阀门	个			80埃美柯不锈钢球阀	METAL-000068 不锈钢球阀 阀门/球阀 个 品牌：埃美柯 公称直径：DN80 材质：不锈钢 80埃美柯不锈钢球阀 埃美柯 DN80 不锈钢	埃美柯		candidate	usable	confirm_before_use	purchase_2024_candidate_rows=934；purchase_2024_source_rows=935；draft_sku_id=SKU-DRAFT-000929	缺失规格：压力等级；连接方式；口径；整理依据：连接方式/压力等级缺失，按品牌/口径/材质先建候选；导入口径：confirm_then_import；重分类：阀门/球阀 -> 管材管件阀门/阀门；分类置信度：high；样例均为不锈钢球阀，口径/品牌为规格差异。	2026-07-03
METAL-000069	不锈钢单向阀	品牌：埃美柯；公称直径：DN80；材质：不锈钢		管材管件阀门/阀门	个			80埃美柯不锈钢单向阀	METAL-000069 不锈钢单向阀 阀门/单向阀 个 品牌：埃美柯 公称直径：DN80 材质：不锈钢 80埃美柯不锈钢单向阀 埃美柯 DN80 不锈钢	埃美柯		candidate	usable	confirm_before_use	purchase_2024_candidate_rows=935；purchase_2024_source_rows=936；draft_sku_id=SKU-DRAFT-000930	缺失规格：压力等级；连接方式；口径；整理依据：连接方式/压力等级缺失，按品牌/口径/材质先建候选；导入口径：confirm_then_import；重分类：阀门/单向阀 -> 管材管件阀门/阀门；分类置信度：high；单向阀属于管路阀门，材质/口径是规格。	2026-07-03
PIPE-000186	Y型法兰过滤器	公称直径：DN80；结构：Y型；连接：法兰		管材管件阀门/阀门	个			80Y型法兰过滤器	PIPE-000186 Y型法兰过滤器 阀门/过滤器 个 公称直径：DN80 结构：Y型 连接：法兰 80Y型法兰过滤器 DN80 Y型 法兰			candidate	needs_review	clarify_specs_before_use	purchase_2024_candidate_rows=936；purchase_2024_source_rows=937；draft_sku_id=SKU-DRAFT-000931	缺失规格：材质；压力等级；整理依据：材质/压力等级/滤网目数缺失，无法唯一确定过滤器SKU；导入口径：do_not_import_missing_specs；重分类：阀门/过滤器 -> 管材管件阀门/阀门；分类置信度：medium；Y型过滤器是管路阀件/过滤阀，按阀门承接。	2026-07-03
PIPE-000187	气源分配器	定制：是；材质：不锈钢；路数：6路		定制加工件/管路接头	个			定做6路不锈钢气源分配器	PIPE-000187 气源分配器 定制件/气动管路件 个 定制：是 材质：不锈钢 路数：6路 定做6路不锈钢气源分配器 是 不锈钢 6路			candidate	needs_review	clarify_specs_before_use	purchase_2024_candidate_rows=937；purchase_2024_source_rows=938；draft_sku_id=SKU-DRAFT-000932	缺失规格：规格；压力等级；整理依据：定制件接口规格/压力等级/图纸缺失，无法唯一确定气源分配器SKU；导入口径：do_not_import_missing_specs；重分类：定制件/气动管路件 -> 定制加工件/管路接头；分类置信度：high；定制不锈钢气源分配器属于非标管路件。	2026-07-03
SPARE-000089	水泵防护罩	定制：是；材质：不锈钢；尺寸：60*90		定制加工件/金属加工件	个			定做不锈钢水泵防护罩60*90	SPARE-000089 水泵防护罩 定制件/金属加工件 个 定制：是 材质：不锈钢 尺寸：60*90 定做不锈钢水泵防护罩60*90 是 不锈钢 60*90			candidate	needs_review	clarify_specs_before_use	purchase_2024_candidate_rows=938；purchase_2024_source_rows=939；draft_sku_id=SKU-DRAFT-000933	缺失规格：厚度；整理依据：定制件高度/厚度/图纸缺失，无法唯一确定防护罩SKU；导入口径：do_not_import_missing_specs；重分类：定制件/金属加工件 -> 定制加工件/金属加工件；分类置信度：high；定做不锈钢防护罩为金属加工件。	2026-07-03
PIPE-000188	双卡管道连接器	规格：325；型式：双卡		管材管件阀门/直接	个			双卡325管道连接器	PIPE-000188 双卡管道连接器 管道紧固/管道连接器 个 规格：325 型式：双卡 双卡325管道连接器 325 双卡			candidate	needs_review	clarify_specs_before_use	purchase_2024_candidate_rows=939；purchase_2024_source_rows=940；draft_sku_id=SKU-DRAFT-000934	缺失规格：材质；压力等级；整理依据：材质/压力等级/密封件缺失，无法唯一确定管道连接器SKU；导入口径：do_not_import_missing_specs；重分类：管道紧固/管道连接器 -> 管材管件阀门/直接；分类置信度：medium；管道连接器用于管路直连，旧管道紧固口径偏窄。	2026-07-03
WELD-000023	喷火枪	功能：多功能		焊接切割/焊割工具	个			多功能喷火枪	WELD-000023 喷火枪 工具/焊割工具 个 功能：多功能 多功能喷火枪 多功能			candidate	usable	confirm_before_use	purchase_2024_candidate_rows=940；purchase_2024_source_rows=941；draft_sku_id=SKU-DRAFT-000935	缺失规格：型号；整理依据：燃气类型/型号缺失，按多功能喷火枪先建候选；导入口径：confirm_then_import；重分类：工具/焊割工具 -> 焊接切割/焊割工具；分类置信度：high；喷火枪用于火焰加热/焊割，旧工具口径需归焊割。	2026-07-03
TOOL-000140	热风机	功率：2000W		电动气动工具/电动工具	个			2000W热风机	TOOL-000140 热风机 工具/电动工具 个 功率：2000W 2000W热风机 2000W			candidate	usable	confirm_before_use	purchase_2024_candidate_rows=941；purchase_2024_source_rows=942；draft_sku_id=SKU-DRAFT-000936	缺失规格：品牌；型号；整理依据：品牌/温度范围/型号缺失，按功率先建候选；导入口径：confirm_then_import；重分类：工具/电动工具 -> 电动气动工具/电动工具；分类置信度：high；热风机为电动工具。	2026-07-03
TOOL-000141	固定扳手	品牌：世达；规格：24号		工具量具/手动工具	个			24世达固定扳手	TOOL-000141 固定扳手 工具/手动工具 个 品牌：世达 规格：24号 24世达固定扳手 世达 24号	世达		candidate	usable	confirm_before_use	purchase_2024_candidate_rows=942；purchase_2024_source_rows=943；draft_sku_id=SKU-DRAFT-000937	缺失规格：型号；整理依据：开口/梅花/两用形式需确认；导入口径：confirm_then_import；重分类：工具/手动工具 -> 工具量具/手动工具；分类置信度：high；扳手属手动工具。	2026-07-03
ELEC-000128	室外照明灯	功率：200W；用途：室外		电气电料/照明灯具	个			200W室外照明灯	ELEC-000128 室外照明灯 电气材料/照明 个 功率：200W 用途：室外 200W室外照明灯 200W 室外			candidate	needs_review	clarify_specs_before_use	purchase_2024_candidate_rows=943；purchase_2024_source_rows=944；draft_sku_id=SKU-DRAFT-000938	缺失规格：电压；整理依据：防护等级/色温/电压缺失，可能影响照明灯SKU区分；导入口径：do_not_import_missing_specs；重分类：电气材料/照明 -> 电气电料/照明灯具；分类置信度：high；室外照明灯属照明灯具。	2026-07-03
FAST-000025	内六角螺丝	规格：M8*45；头型：内六角		紧固件与连接件/螺丝	个			M8*45内六角螺丝	FAST-000025 内六角螺丝 紧固件/螺丝 个 规格：M8*45 头型：内六角 M8*45内六角螺丝 M8*45 内六角			candidate	usable	confirm_before_use	purchase_2024_candidate_rows=944；purchase_2024_source_rows=945；draft_sku_id=SKU-DRAFT-000939	缺失规格：材质；强度等级；整理依据：材质/强度等级缺失，按规格和头型先建候选；导入口径：confirm_then_import；重分类：紧固件/螺丝 -> 紧固件与连接件/螺丝；分类置信度：high；样例均为内六角螺丝，旧五金备件需归紧固件。	2026-07-03
ELEC-000129	双开门电箱	定制：是；结构：双开门；适配功率：11kW		电气电料/电气箱柜	个			定做双开门11千瓦电箱	ELEC-000129 双开门电箱 定制件/电气箱柜 个 定制：是 结构：双开门 适配功率：11kW 定做双开门11千瓦电箱 是 双开门 11kW			candidate	needs_review	clarify_specs_before_use	purchase_2024_candidate_rows=945；purchase_2024_source_rows=946；draft_sku_id=SKU-DRAFT-000940	缺失规格：品牌；型号；电压；电流；安装方式；整理依据：定制件尺寸/IP等级/图纸/元件配置缺失，无法唯一确定电箱SKU；导入口径：do_not_import_missing_specs；重分类：定制件/电气箱柜 -> 电气电料/电气箱柜；分类置信度：medium；本质为电气箱柜；推荐无对应二级，按电气箱柜新建。	2026-07-03
WELD-000024	二保焊绝缘套	用途：二保焊；类型：绝缘套		焊接切割/焊割工具	个			二保焊绝缘套	WELD-000024 二保焊绝缘套 焊割耗材/焊机配件 个 用途：二保焊 类型：绝缘套 二保焊 绝缘套			candidate	needs_review	clarify_specs_before_use	purchase_2024_candidate_rows=946；purchase_2024_source_rows=947；draft_sku_id=SKU-DRAFT-000941	缺失规格：型号；整理依据：适配焊枪型号缺失，无法唯一确定绝缘套SKU；导入口径：do_not_import_missing_specs；重分类：焊割耗材/焊机配件 -> 焊接切割/焊割工具；分类置信度：medium；绝缘套是二保焊枪配件，按焊割工具配件承接。	2026-07-03
FAST-000026	膨胀螺丝	规格：M14*100		紧固件与连接件/膨胀锚栓	个			14*100膨胀螺丝	FAST-000026 膨胀螺丝 紧固件/膨胀件 个 规格：M14*100 14*100膨胀螺丝 M14*100			candidate	usable	confirm_before_use	purchase_2024_candidate_rows=947；purchase_2024_source_rows=948；draft_sku_id=SKU-DRAFT-000942	缺失规格：材质；整理依据：与同规格膨胀螺丝存在单位套/个差异，需统一单位；导入口径：confirm_then_import；重分类：紧固件/膨胀件 -> 紧固件与连接件/膨胀锚栓；分类置信度：high；样例均为膨胀螺丝，五金备件旧口径过宽。	2026-07-03
ELEC-000130	LED灯泡	功率：40W；类型：LED		电气电料/照明灯具	个			LED40W灯泡	ELEC-000130 LED灯泡 电气材料/照明 个 功率：40W 类型：LED LED40W灯泡 40W LED			candidate	needs_review	clarify_specs_before_use	purchase_2024_candidate_rows=948；purchase_2024_source_rows=949；draft_sku_id=SKU-DRAFT-000943	缺失规格：规格；电压；整理依据：灯头规格/色温/电压缺失，可能影响LED灯泡SKU区分；导入口径：do_not_import_missing_specs；重分类：电气材料/照明 -> 电气电料/照明灯具；分类置信度：high；样例均为LED灯泡，功率/品牌为规格差异。	2026-07-03
ELEC-000131	吊灯头	类型：吊灯头		电气电料/照明灯具	个			吊灯头	ELEC-000131 吊灯头 电气材料/照明附件 个 类型：吊灯头			candidate	needs_review	clarify_specs_before_use	purchase_2024_candidate_rows=949；purchase_2024_source_rows=950；draft_sku_id=SKU-DRAFT-000944	缺失规格：规格；材质；整理依据：灯头规格/材质缺失，无法唯一确定吊灯头SKU；导入口径：do_not_import_missing_specs；重分类：电气材料/照明附件 -> 电气电料/照明灯具；分类置信度：high；吊灯头是照明配件，归照明灯具类。	2026-07-03
PIPE-000189	加厚铜接头	规格：50；材质：铜；特征：加厚		液压气动/液压接头	个			50加厚铜头	PIPE-000189 加厚铜接头 液压/高压管路 个 规格：50 材质：铜 特征：加厚 50加厚铜头 50 铜 加厚			candidate	needs_review	clarify_specs_before_use	purchase_2024_candidate_rows=950；purchase_2024_source_rows=951；draft_sku_id=SKU-DRAFT-000945	缺失规格：口径；压力等级；连接方式；壁厚；整理依据：连接形式缺失，无法唯一确定铜接头SKU；导入口径：do_not_import_missing_specs；重分类：液压/高压管路 -> 液压气动/液压接头；分类置信度：high；铜头用于高压管路连接，归液压接头。	2026-07-03
TOOL-000142	卷尺	品牌：得力；长度：5米		工具量具/测量工具	个			5米得力卷尺	TOOL-000142 卷尺 工具/测量工具 个 品牌：得力 长度：5米 5米得力卷尺 得力 5米	得力		candidate	usable	confirm_before_use	purchase_2024_candidate_rows=951；purchase_2024_source_rows=952；draft_sku_id=SKU-DRAFT-000946	缺失规格：型号；宽度；整理依据：型号/尺带宽度缺失，按品牌和长度先建候选；导入口径：confirm_then_import；重分类：工具/测量工具 -> 工具量具/测量工具；分类置信度：high；卷尺是测量工具，长度差异不拆分。	2026-07-03
TOOL-000143	卷尺	品牌：得力；长度：10米		工具量具/测量工具	个			10米得力卷尺	TOOL-000143 卷尺 工具/测量工具 个 品牌：得力 长度：10米 10米得力卷尺 得力 10米	得力		candidate	usable	confirm_before_use	purchase_2024_candidate_rows=952；purchase_2024_source_rows=953；draft_sku_id=SKU-DRAFT-000947	缺失规格：型号；宽度；整理依据：型号/尺带宽度缺失，按品牌和长度先建候选；导入口径：confirm_then_import；重分类：工具/测量工具 -> 工具量具/测量工具；分类置信度：high；卷尺是测量工具，长度差异不拆分。	2026-07-03
ELEC-TIE-000004	尼龙扎带	规格：10*500；包装：大包		电气电料/电气辅材	包			10*500大包扎带	ELEC-TIE-000004 尼龙扎带 电气材料/扎带 包 规格：10*500 包装：大包 10*500大包扎带 10*500 大包			candidate	needs_review	clarify_specs_before_use	purchase_2024_candidate_rows=953；purchase_2024_source_rows=954；draft_sku_id=SKU-DRAFT-000948	缺失规格：每包数量；颜色；整理依据：颜色/每包数量缺失，“大包”包装描述不够精确；导入口径：do_not_import_missing_specs；重分类：电气材料/扎带 -> 电气电料/电气辅材；分类置信度：high；尼龙扎带常作线缆绑扎辅材，规格差异不拆分。	2026-07-03
PIPE-000190	气动阀	型号：APL-210V		液压气动/气动阀件	个			APL-210V气动阀	PIPE-000190 气动阀 气动元件/阀 个 型号：APL-210V APL-210V气动阀 APL-210V		APL-210V	candidate	usable	confirm_before_use	purchase_2024_candidate_rows=954；purchase_2024_source_rows=955；draft_sku_id=SKU-DRAFT-000949	缺失规格：电压；整理依据：阀门类型/电压或限位开关属性需确认，按型号先建候选；导入口径：confirm_then_import；重分类：气动元件/阀 -> 液压气动/气动阀件；分类置信度：high；气动阀属于气动系统阀件；新建二级气动阀件。	2026-07-03
PIPE-000191	双外丝无缝管加工件	加工：是；材质/形态：无缝管；连接：两头外丝		定制加工件/管路接头	个			加工两头外丝无缝管	PIPE-000191 双外丝无缝管加工件 定制件/钢管加工件 个 加工：是 材质/形态：无缝管 连接：两头外丝 加工两头外丝无缝管 是 无缝管 两头外丝			candidate	needs_review	clarify_specs_before_use	purchase_2024_candidate_rows=955；purchase_2024_source_rows=956；draft_sku_id=SKU-DRAFT-000950	缺失规格：长度；整理依据：管径/长度/螺纹标准缺失，定制加工件需复核加工要求；导入口径：do_not_import_missing_specs；重分类：定制件/钢管加工件 -> 定制加工件/管路接头；分类置信度：high；两头外丝无缝管加工后作为管路接头使用。	2026-07-03
PIPE-000192	消防卡箍	规格：50；用途：消防		安全消防/消防管件	个			50消防卡箍	PIPE-000192 消防卡箍 管道紧固/卡箍 个 规格：50 用途：消防 50消防卡箍 50 消防			candidate	usable	confirm_before_use	purchase_2024_candidate_rows=956；purchase_2024_source_rows=957；draft_sku_id=SKU-DRAFT-000951	缺失规格：压力等级；整理依据：沟槽标准/压力等级缺失；导入口径：confirm_then_import；重分类：管道紧固/卡箍 -> 安全消防/消防管件；分类置信度：high；消防管道卡箍属于消防系统管件。	2026-07-03
PIPE-000193	消防卡箍	规格：65；用途：消防		安全消防/消防管件	个			65消防卡箍	PIPE-000193 消防卡箍 管道紧固/卡箍 个 规格：65 用途：消防 65消防卡箍 65 消防			candidate	usable	confirm_before_use	purchase_2024_candidate_rows=957；purchase_2024_source_rows=958；draft_sku_id=SKU-DRAFT-000952	缺失规格：压力等级；整理依据：沟槽标准/压力等级缺失；导入口径：confirm_then_import；重分类：管道紧固/卡箍 -> 安全消防/消防管件；分类置信度：high；消防管道卡箍属于消防系统管件。	2026-07-03
PIPE-000194	消防卡箍	规格：80；用途：消防		安全消防/消防管件	个			80消防卡箍	PIPE-000194 消防卡箍 管道紧固/卡箍 个 规格：80 用途：消防 80消防卡箍 80 消防			candidate	usable	confirm_before_use	purchase_2024_candidate_rows=958；purchase_2024_source_rows=959；draft_sku_id=SKU-DRAFT-000953	缺失规格：压力等级；整理依据：沟槽标准/压力等级缺失；导入口径：confirm_then_import；重分类：管道紧固/卡箍 -> 安全消防/消防管件；分类置信度：high；消防管道卡箍属于消防系统管件。	2026-07-03
FAST-000027	内六角螺丝	规格：M8*40；头型：内六角		紧固件与连接件/螺丝	套			8*40内六角螺丝；M8*40内六角螺丝	FAST-000027 内六角螺丝 紧固件/螺丝 套 规格：M8*40 头型：内六角 8*40内六角螺丝 M8*40内六角螺丝 M8*40 内六角			candidate	needs_review	clarify_specs_before_use	purchase_2024_candidate_rows=959；purchase_2024_source_rows=960；draft_sku_id=SKU-DRAFT-000954	缺失规格：材质；强度等级；整理依据：材质/强度等级/套包含内容缺失，可能影响紧固件SKU区分；导入口径：do_not_import_missing_specs；重分类：紧固件/螺丝 -> 紧固件与连接件/螺丝；分类置信度：high；样例均为内六角螺丝，旧五金备件需归紧固件。	2026-07-03
CHEM-000063	定制橡胶垫	定制：是；尺寸：300*350*5mm；材质：橡胶		定制加工件/图纸件	个			定做300*350*5胶垫	CHEM-000063 定制橡胶垫 定制件/橡胶加工件 个 定制：是 尺寸：300*350*5mm 材质：橡胶 定做300*350*5胶垫 是 300*350*5mm 橡胶			candidate	needs_review	clarify_specs_before_use	purchase_2024_candidate_rows=960；purchase_2024_source_rows=961；draft_sku_id=SKU-DRAFT-000955	缺失规格：品牌；型号；类型；容量；颜色；整理依据：橡胶材质细分/硬度/图纸缺失，定制加工件需复核加工要求；导入口径：do_not_import_missing_specs；重分类：定制件/橡胶加工件 -> 定制加工件/图纸件；分类置信度：medium；定做橡胶垫属非标加工件，按图纸件归口。	2026-07-03
TOOL-000144	电动扳手套筒	品牌：世达；规格：23号；适用：电动扳手		工具量具/手动工具	个			23号世达电动扳手套筒	TOOL-000144 电动扳手套筒 工具/套筒 个 品牌：世达 规格：23号 适用：电动扳手 23号世达电动扳手套筒 世达 23号 电动扳手	世达		candidate	usable	confirm_before_use	purchase_2024_candidate_rows=961；purchase_2024_source_rows=962；draft_sku_id=SKU-DRAFT-000956	缺失规格：长度；整理依据：方榫规格/长度缺失；导入口径：confirm_then_import；重分类：工具/套筒 -> 工具量具/手动工具；分类置信度：high；套筒为扳手配套手动工具附件。	2026-07-03
TOOL-000145	电动扳手套筒	品牌：世达；规格：24号；适用：电动扳手		工具量具/手动工具	个			24号世达电动扳手套筒	TOOL-000145 电动扳手套筒 工具/套筒 个 品牌：世达 规格：24号 适用：电动扳手 24号世达电动扳手套筒 世达 24号 电动扳手	世达		candidate	usable	confirm_before_use	purchase_2024_candidate_rows=962；purchase_2024_source_rows=963；draft_sku_id=SKU-DRAFT-000957	缺失规格：长度；整理依据：方榫规格/长度缺失；导入口径：confirm_then_import；重分类：工具/套筒 -> 工具量具/手动工具；分类置信度：high；套筒为扳手配套手动工具附件。	2026-07-03
TOOL-000146	扳手	品牌：世达；规格：13号		工具量具/手动工具	个			13号世达扳手	TOOL-000146 扳手 工具/手动工具 个 品牌：世达 规格：13号 13号世达扳手 世达 13号	世达		candidate	needs_review	clarify_specs_before_use	purchase_2024_candidate_rows=963；purchase_2024_source_rows=964；draft_sku_id=SKU-DRAFT-000958	缺失规格：型号；尺寸；适用设备；整理依据：扳手类型（开口/梅花/两用等）需确认，可能影响工具SKU区分；导入口径：do_not_import_missing_specs；重分类：工具/手动工具 -> 工具量具/手动工具；分类置信度：high；扳手属手动工具。	2026-07-03
CHEM-000064	自喷漆	颜色：白色；类型：自喷漆		化工胶粘涂料/涂料	个			白色喷漆	CHEM-000064 自喷漆 化工耗材/涂料 个 颜色：白色 类型：自喷漆 白色喷漆 白色			candidate	needs_review	clarify_specs_before_use	purchase_2024_candidate_rows=964；purchase_2024_source_rows=965；draft_sku_id=SKU-DRAFT-000959	缺失规格：品牌；容量；整理依据：容量/品牌缺失，可能影响涂料SKU区分；导入口径：do_not_import_missing_specs；重分类：化工耗材/涂料 -> 化工胶粘涂料/涂料；分类置信度：high；自喷漆为涂料类化工材料。	2026-07-03
ELEC-000132	压力开关	接口：4分；类型：压力开关		电气电料/低压电器	个			4分压力开关	ELEC-000132 压力开关 仪表/压力控制 个 接口：4分 类型：压力开关 4分压力开关 4分			candidate	needs_review	clarify_specs_before_use	purchase_2024_candidate_rows=965；purchase_2024_source_rows=966；draft_sku_id=SKU-DRAFT-000960	缺失规格：电压；整理依据：压力范围/电压/触点形式缺失，可能影响压力开关SKU区分；导入口径：do_not_import_missing_specs；重分类：仪表/压力控制 -> 电气电料/低压电器；分类置信度：medium；压力开关是电气控制元件，旧仪表口径需标准化。	2026-07-03
MAT-000088	扎丝	类型：扎丝		金属材料/金属丝网	卷			扎丝	MAT-000088 扎丝 建筑材料/绑扎材料 卷 类型：扎丝			candidate	needs_review	clarify_specs_before_use	purchase_2024_candidate_rows=966；purchase_2024_source_rows=967；draft_sku_id=SKU-DRAFT-000961	缺失规格：规格；型号；材质；品牌；整理依据：线径/每卷重量缺失，无法稳定区分扎丝SKU；导入口径：do_not_import_missing_specs；重分类：建筑材料/绑扎材料 -> 金属材料/金属丝网；分类置信度：high；扎丝是金属丝材，旧建筑绑扎材料按实物归类。	2026-07-03
SPARE-000090	电动抽油泵	驱动：电动；用途：抽油		施工机具设备/泵类设备	个			电动抽油泵	SPARE-000090 电动抽油泵 设备备件/泵 个 驱动：电动 用途：抽油 电动 抽油			candidate	needs_review	clarify_specs_before_use	purchase_2024_candidate_rows=967；purchase_2024_source_rows=968；draft_sku_id=SKU-DRAFT-000962	缺失规格：型号；电压；流量；扬程；整理依据：流量/扬程/电压/型号缺失，无法稳定区分泵类SKU；导入口径：do_not_import_missing_specs；重分类：设备备件/泵 -> 施工机具设备/泵类设备；分类置信度：high；抽油泵为泵类整机，旧设备备件口径偏维修。	2026-07-03
PIPE-000195	钢丝软管	公称直径：25；结构：钢丝增强		管材管件阀门/管材	米			25钢丝管	PIPE-000195 钢丝软管 管材/软管 米 公称直径：25 结构：钢丝增强 25钢丝管 25 钢丝增强			candidate	usable	confirm_before_use	purchase_2024_candidate_rows=968；purchase_2024_source_rows=969；draft_sku_id=SKU-DRAFT-000963	缺失规格：材质；压力等级；整理依据：材质/压力等级缺失；导入口径：confirm_then_import；重分类：管材/软管 -> 管材管件阀门/管材；分类置信度：medium；同名可能混普通钢丝增强软管和液压高压管路，需按用途拆分确认。；分类拆分待复核：按介质/压力/旧分组拆分；同名可能混普通钢丝增强软管和液压高压管路，需按用途拆分确认。	2026-07-03
MAT-000089	卸扣	宽度：6cm；额定载荷：12T；执行标准：国标		吊装索具/卸扣	个			宽度6cm12吨国标卸扣	MAT-000089 卸扣 吊装索具/卸扣 个 宽度：6cm 额定载荷：12T 执行标准：国标 宽度6cm12吨国标卸扣 6cm 12T 国标			candidate	usable	confirm_before_use	purchase_2024_candidate_rows=969；purchase_2024_source_rows=970；draft_sku_id=SKU-DRAFT-000964	缺失规格：型式；整理依据：型式/销轴形式缺失；导入口径：confirm_then_import	2026-07-03
PIPE-000196	液压堵头	规格：42L；类型：堵头		液压气动/液压接头	个			42L液压堵头	PIPE-000196 液压堵头 液压/高压管路 个 规格：42L 类型：堵头 42L液压堵头 42L 堵头			candidate	usable	confirm_before_use	purchase_2024_candidate_rows=970；purchase_2024_source_rows=971；draft_sku_id=SKU-DRAFT-000965	缺失规格：压力等级；整理依据：螺纹/压力等级缺失，按42L规格先建候选；导入口径：confirm_then_import；重分类：液压/高压管路 -> 液压气动/液压接头；分类置信度：high；液压堵头属于液压接头。	2026-07-03
FAST-000028	膨胀螺丝	规格：M14*150		紧固件与连接件/膨胀锚栓	个			14*150膨胀螺丝	FAST-000028 膨胀螺丝 紧固件/膨胀件 个 规格：M14*150 14*150膨胀螺丝 M14*150			candidate	needs_review	clarify_specs_before_use	purchase_2024_candidate_rows=971；purchase_2024_source_rows=972；draft_sku_id=SKU-DRAFT-000966	缺失规格：材质；整理依据：材质/类型缺失，可能影响膨胀螺丝SKU区分；导入口径：do_not_import_missing_specs；重分类：紧固件/膨胀件 -> 紧固件与连接件/膨胀锚栓；分类置信度：high；样例均为膨胀螺丝，五金备件旧口径过宽。	2026-07-03
FAST-000029	螺杆	规格：M10*50		紧固件与连接件/螺杆	个			螺杆10*50	FAST-000029 螺杆 紧固件/螺杆 个 规格：M10*50 螺杆10*50 M10*50			candidate	needs_review	clarify_specs_before_use	purchase_2024_candidate_rows=972；purchase_2024_source_rows=973；draft_sku_id=SKU-DRAFT-000967	缺失规格：材质；强度等级；整理依据：材质/强度等级缺失，可能影响紧固件SKU区分；导入口径：do_not_import_missing_specs；重分类：紧固件/螺杆 -> 紧固件与连接件/螺杆；分类置信度：high；样例均为各规格螺杆。	2026-07-03
FAST-000030	垫片	规格：M10		紧固件与连接件/垫圈	个			M10垫片	FAST-000030 垫片 紧固件/垫圈 个 规格：M10 M10垫片 M10			candidate	needs_review	clarify_specs_before_use	purchase_2024_candidate_rows=973；purchase_2024_source_rows=974；draft_sku_id=SKU-DRAFT-000968	缺失规格：材质；整理依据：平垫/弹垫/材质需确认，无法稳定区分垫片SKU；导入口径：do_not_import_missing_specs；重分类：紧固件/垫圈 -> 紧固件与连接件/垫圈；分类置信度：medium；标准螺栓垫圈与加工金属垫片混在一起。；分类拆分待复核：按是否定制/用途拆分；标准螺栓垫圈与加工金属垫片混在一起。	2026-07-03
FAST-000031	螺母	规格：M10		紧固件与连接件/螺母	个			M10螺母	FAST-000031 螺母 紧固件/螺母 个 规格：M10 M10螺母 M10			candidate	needs_review	clarify_specs_before_use	purchase_2024_candidate_rows=974；purchase_2024_source_rows=975；draft_sku_id=SKU-DRAFT-000969	缺失规格：材质；强度等级；整理依据：材质/强度等级缺失，可能影响紧固件SKU区分；导入口径：do_not_import_missing_specs；重分类：紧固件/螺母 -> 紧固件与连接件/螺母；分类置信度：high；样例均为各规格螺母。	2026-07-03
METAL-000070	不锈钢螺丝	规格：M5.5*32；材质：不锈钢		紧固件与连接件/螺丝	个			M5.5*32不锈钢螺丝	METAL-000070 不锈钢螺丝 紧固件/螺丝 个 规格：M5.5*32 材质：不锈钢 M5.5*32不锈钢螺丝 M5.5*32 不锈钢			candidate	needs_review	clarify_specs_before_use	purchase_2024_candidate_rows=975；purchase_2024_source_rows=976；draft_sku_id=SKU-DRAFT-000970	缺失规格：头型；整理依据：M5.5规格需确认，头型缺失，可能影响螺丝SKU区分；导入口径：do_not_import_missing_specs；重分类：紧固件/螺丝 -> 紧固件与连接件/螺丝；分类置信度：high；不锈钢螺丝属于螺丝类紧固件。	2026-07-03
FAST-000032	螺丝组件	规格：M20*35；成套：是		紧固件与连接件/螺丝	套			M20*35螺丝	FAST-000032 螺丝组件 紧固件/螺丝 套 规格：M20*35 成套：是 M20*35螺丝 M20*35 是			candidate	needs_review	clarify_specs_before_use	purchase_2024_candidate_rows=976；purchase_2024_source_rows=977；draft_sku_id=SKU-DRAFT-000971	缺失规格：材质；强度等级；整理依据：头型/强度等级/材质/套包含内容缺失，可能影响紧固件SKU区分；导入口径：do_not_import_missing_specs；重分类：紧固件/螺丝 -> 紧固件与连接件/螺丝；分类置信度：high；成套螺丝组件仍属螺丝类紧固件。	2026-07-03
FAST-000033	螺丝组件	规格：M20*40；成套：是		紧固件与连接件/螺丝	套			M20*40螺丝	FAST-000033 螺丝组件 紧固件/螺丝 套 规格：M20*40 成套：是 M20*40螺丝 M20*40 是			candidate	needs_review	clarify_specs_before_use	purchase_2024_candidate_rows=977；purchase_2024_source_rows=978；draft_sku_id=SKU-DRAFT-000972	缺失规格：材质；强度等级；整理依据：头型/强度等级/材质/套包含内容缺失，可能影响紧固件SKU区分；导入口径：do_not_import_missing_specs；重分类：紧固件/螺丝 -> 紧固件与连接件/螺丝；分类置信度：high；成套螺丝组件仍属螺丝类紧固件。	2026-07-03
PIPE-000197	高压树脂管	规格：8厘；材质：树脂；类型：高压管		液压气动/高压管路	米			8厘高压树脂管	PIPE-000197 高压树脂管 液压/高压管路 米 规格：8厘 材质：树脂 类型：高压管 8厘高压树脂管 8厘 树脂 高压管			candidate	needs_review	clarify_specs_before_use	purchase_2024_candidate_rows=978；purchase_2024_source_rows=979；draft_sku_id=SKU-DRAFT-000973	缺失规格：压力等级；整理依据：压力等级/层数缺失，可能影响高压管SKU区分；导入口径：do_not_import_missing_specs；重分类：液压/高压管路 -> 液压气动/高压管路；分类置信度：high；高压树脂管属于液压高压管路。	2026-07-03
METAL-000071	不锈钢刀阀	公称直径：DN150；材质：不锈钢		管材管件阀门/阀门	个			150不锈钢刀阀	METAL-000071 不锈钢刀阀 阀门/刀阀 个 公称直径：DN150 材质：不锈钢 150不锈钢刀阀 DN150 不锈钢			candidate	needs_review	clarify_specs_before_use	purchase_2024_candidate_rows=979；purchase_2024_source_rows=980；draft_sku_id=SKU-DRAFT-000974	缺失规格：压力等级；连接方式；整理依据：连接方式/压力等级缺失，可能影响阀门SKU区分；导入口径：do_not_import_missing_specs；重分类：阀门/刀阀 -> 管材管件阀门/阀门；分类置信度：high；刀阀属于管路阀门。	2026-07-03
SAFE-000063	防滑橡胶垫	功能：防滑；材质：橡胶		安全消防/地面防护	平方			防滑胶垫	SAFE-000063 防滑橡胶垫 劳保耗材/地面防护 平方 功能：防滑 材质：橡胶 防滑胶垫 防滑 橡胶			candidate	needs_review	clarify_specs_before_use	purchase_2024_candidate_rows=980；purchase_2024_source_rows=981；draft_sku_id=SKU-DRAFT-000975	缺失规格：厚度；整理依据：厚度/花纹/橡胶材质细分缺失，无法稳定区分橡胶垫SKU；导入口径：do_not_import_missing_specs；重分类：劳保耗材/地面防护 -> 安全消防/地面防护；分类置信度：high；新建二级地面防护；防滑胶垫是现场防滑安全设施。	2026-07-03
TOOL-000147	高压枪头	特征：加长；类型：高压枪头		设备备件/通用机械备件	个			加长高压枪头	TOOL-000147 高压枪头 工具备件/喷枪配件 个 特征：加长 类型：高压枪头 加长高压枪头 加长			candidate	needs_review	clarify_specs_before_use	purchase_2024_candidate_rows=981；purchase_2024_source_rows=982；draft_sku_id=SKU-DRAFT-000976	缺失规格：长度；整理依据：接口/长度/适配设备缺失，无法稳定区分高压枪头SKU；导入口径：do_not_import_missing_specs；重分类：工具备件/喷枪配件 -> 设备备件/通用机械备件；分类置信度：medium；高压枪头为喷枪或清洗设备配件，归通用机械备件。	2026-07-03
SAFE-000064	安全网	类型：安全网		安全消防/防护网	张			安全网	SAFE-000064 安全网 安全防护/防护网 张 类型：安全网			candidate	needs_review	clarify_specs_before_use	purchase_2024_candidate_rows=982；purchase_2024_source_rows=983；draft_sku_id=SKU-DRAFT-000977	缺失规格：材质；尺寸；整理依据：尺寸/材质缺失，无法稳定区分安全网SKU；导入口径：do_not_import_missing_specs；重分类：安全防护/防护网 -> 安全消防/防护网；分类置信度：high；安全网为现场防护设施。	2026-07-03
PIPE-000198	气管直通接头	规格：8厘；类型：直通		液压气动/气动接头	个			8厘气管直通	PIPE-000198 气管直通接头 气动元件/气管接头 个 规格：8厘 类型：直通 8厘气管直通 8厘 直通			candidate	usable	confirm_before_use	purchase_2024_candidate_rows=983；purchase_2024_source_rows=984；draft_sku_id=SKU-DRAFT-000978	缺失规格：材质；整理依据：材质/螺纹或快插形式缺失；导入口径：confirm_then_import；重分类：气动元件/气管接头 -> 液压气动/气动接头；分类置信度：high；气管直通为气动接头。	2026-07-03
PIPE-000199	气管直通接头	规格：10厘；类型：直通		液压气动/气动接头	个			10厘气管直通	PIPE-000199 气管直通接头 气动元件/气管接头 个 规格：10厘 类型：直通 10厘气管直通 10厘 直通			candidate	usable	confirm_before_use	purchase_2024_candidate_rows=984；purchase_2024_source_rows=985；draft_sku_id=SKU-DRAFT-000979	缺失规格：材质；整理依据：材质/螺纹或快插形式缺失；导入口径：confirm_then_import；重分类：气动元件/气管接头 -> 液压气动/气动接头；分类置信度：high；气管直通为气动接头。	2026-07-03
PIPE-000200	气管直通接头	规格：16厘；类型：直通		液压气动/气动接头	个			16厘气管直通	PIPE-000200 气管直通接头 气动元件/气管接头 个 规格：16厘 类型：直通 16厘气管直通 16厘 直通			candidate	usable	confirm_before_use	purchase_2024_candidate_rows=985；purchase_2024_source_rows=986；draft_sku_id=SKU-DRAFT-000980	缺失规格：材质；整理依据：材质/螺纹或快插形式缺失；导入口径：confirm_then_import；重分类：气动元件/气管接头 -> 液压气动/气动接头；分类置信度：high；气管直通为气动接头。	2026-07-03
PIPE-000201	气管弯头接头	规格：8厘；类型：弯头		液压气动/气动接头	个			8厘气管弯头	PIPE-000201 气管弯头接头 气动元件/气管接头 个 规格：8厘 类型：弯头 8厘气管弯头 8厘 弯头			candidate	usable	confirm_before_use	purchase_2024_candidate_rows=986；purchase_2024_source_rows=987；draft_sku_id=SKU-DRAFT-000981	缺失规格：材质；整理依据：材质/螺纹或快插形式缺失；导入口径：confirm_then_import；重分类：气动元件/气管接头 -> 液压气动/气动接头；分类置信度：high；气管弯头为气动接头。	2026-07-03
PIPE-000202	气管弯头接头	规格：10厘；类型：弯头		液压气动/气动接头	个			10厘气管弯头	PIPE-000202 气管弯头接头 气动元件/气管接头 个 规格：10厘 类型：弯头 10厘气管弯头 10厘 弯头			candidate	usable	confirm_before_use	purchase_2024_candidate_rows=987；purchase_2024_source_rows=988；draft_sku_id=SKU-DRAFT-000982	缺失规格：材质；整理依据：材质/螺纹或快插形式缺失；导入口径：confirm_then_import；重分类：气动元件/气管接头 -> 液压气动/气动接头；分类置信度：high；气管弯头为气动接头。	2026-07-03
PIPE-000203	气管弯头接头	规格：16厘；类型：弯头		液压气动/气动接头	个			16厘气管弯头	PIPE-000203 气管弯头接头 气动元件/气管接头 个 规格：16厘 类型：弯头 16厘气管弯头 16厘 弯头			candidate	usable	confirm_before_use	purchase_2024_candidate_rows=988；purchase_2024_source_rows=989；draft_sku_id=SKU-DRAFT-000983	缺失规格：材质；整理依据：材质/螺纹或快插形式缺失；导入口径：confirm_then_import；重分类：气动元件/气管接头 -> 液压气动/气动接头；分类置信度：high；气管弯头为气动接头。	2026-07-03
PIPE-000204	气管三通接头	规格：8厘；类型：三通		液压气动/气动接头	个			8厘气管三通	PIPE-000204 气管三通接头 气动元件/气管接头 个 规格：8厘 类型：三通 8厘气管三通 8厘 三通			candidate	usable	confirm_before_use	purchase_2024_candidate_rows=989；purchase_2024_source_rows=990；draft_sku_id=SKU-DRAFT-000984	缺失规格：材质；整理依据：材质/快插形式缺失；导入口径：confirm_then_import；重分类：气动元件/气管接头 -> 液压气动/气动接头；分类置信度：high；气管三通为气动接头。	2026-07-03
PIPE-000205	气管三通接头	规格：10厘；类型：三通		液压气动/气动接头	个			10厘气管三通	PIPE-000205 气管三通接头 气动元件/气管接头 个 规格：10厘 类型：三通 10厘气管三通 10厘 三通			candidate	usable	confirm_before_use	purchase_2024_candidate_rows=990；purchase_2024_source_rows=991；draft_sku_id=SKU-DRAFT-000985	缺失规格：材质；整理依据：材质/快插形式缺失；导入口径：confirm_then_import；重分类：气动元件/气管接头 -> 液压气动/气动接头；分类置信度：high；气管三通为气动接头。	2026-07-03
PIPE-000206	气管三通接头	规格：16厘；类型：三通		液压气动/气动接头	个			16厘气管三通	PIPE-000206 气管三通接头 气动元件/气管接头 个 规格：16厘 类型：三通 16厘气管三通 16厘 三通			candidate	usable	confirm_before_use	purchase_2024_candidate_rows=991；purchase_2024_source_rows=992；draft_sku_id=SKU-DRAFT-000986	缺失规格：材质；整理依据：材质/快插形式缺失；导入口径：confirm_then_import；重分类：气动元件/气管接头 -> 液压气动/气动接头；分类置信度：high；气管三通为气动接头。	2026-07-03
CHEM-000065	油雾器专用油	用途：油雾器		化工胶粘涂料/润滑剂	瓶			油雾专用油	CHEM-000065 油雾器专用油 化工耗材/润滑剂 瓶 用途：油雾器 油雾专用油 油雾器			candidate	needs_review	clarify_specs_before_use	purchase_2024_candidate_rows=992；purchase_2024_source_rows=993；draft_sku_id=SKU-DRAFT-000987	缺失规格：品牌；容量；整理依据：粘度/容量/品牌缺失，无法稳定区分润滑剂SKU；导入口径：do_not_import_missing_specs；重分类：化工耗材/润滑剂 -> 化工胶粘涂料/润滑剂；分类置信度：high；油雾器专用油是润滑剂。	2026-07-03
WELD-000025	塑料焊枪	适用材料：塑料		焊接切割/焊割工具	套			塑料焊枪	WELD-000025 塑料焊枪 工具/焊接工具 套 适用材料：塑料 塑料			candidate	needs_review	clarify_specs_before_use	purchase_2024_candidate_rows=993；purchase_2024_source_rows=994；draft_sku_id=SKU-DRAFT-000988	缺失规格：功率；整理依据：功率/温度范围/配置缺失，无法稳定区分焊枪SKU；导入口径：do_not_import_missing_specs；重分类：工具/焊接工具 -> 焊接切割/焊割工具；分类置信度：high；塑料焊枪属焊接工具。	2026-07-03
METAL-000072	不锈钢数字牌	材质：不锈钢；类型：数字牌		定制加工件/标识铭牌	个			不锈钢数字牌	METAL-000072 不锈钢数字牌 标识耗材/标牌 个 材质：不锈钢 类型：数字牌 不锈钢 数字牌			candidate	needs_review	clarify_specs_before_use	purchase_2024_candidate_rows=994；purchase_2024_source_rows=995；draft_sku_id=SKU-DRAFT-000989	缺失规格：尺寸；整理依据：尺寸/数字范围/安装方式缺失，无法稳定区分标牌SKU；导入口径：do_not_import_missing_specs；重分类：标识耗材/标牌 -> 定制加工件/标识铭牌；分类置信度：high；数字牌用于标识，含定制铭牌口径，归标识铭牌。	2026-07-03
CHEM-000066	502瞬干胶	型号/俗称：502		化工胶粘涂料/胶粘剂	个			502胶水	CHEM-000066 502瞬干胶 化工耗材/胶粘剂 个 型号/俗称：502 502胶水 502			candidate	needs_review	clarify_specs_before_use	purchase_2024_candidate_rows=995；purchase_2024_source_rows=996；draft_sku_id=SKU-DRAFT-000990	缺失规格：品牌；容量；整理依据：容量/品牌缺失，可能影响胶粘剂SKU区分；导入口径：do_not_import_missing_specs；重分类：化工耗材/胶粘剂 -> 化工胶粘涂料/胶粘剂；分类置信度：high；502瞬干胶为胶粘剂；旧类目“化工耗材”按标准归并。	2026-07-03
SPARE-000091	滤芯	型号：06/08-25		设备备件/通用机械备件	个			06/08-25滤芯	SPARE-000091 滤芯 备品备件/过滤件 个 型号：06/08-25 06/08-25滤芯 06/08-25		06/08-25	candidate	usable	confirm_before_use	purchase_2024_candidate_rows=996；purchase_2024_source_rows=997；draft_sku_id=SKU-DRAFT-000991	缺失规格：精度；整理依据：适配设备/过滤精度缺失，按型号先建候选；导入口径：confirm_then_import；重分类：备品备件/过滤件 -> 设备备件/通用机械备件；分类置信度：high；滤芯是设备过滤器更换备件。	2026-07-03
SPARE-000092	油封	品牌：SKF；型号：37327；进口：是		设备备件/通用机械备件	个			进口SKF-37327油封	SPARE-000092 油封 备品备件/密封件 个 品牌：SKF 型号：37327 进口：是 进口SKF-37327油封 SKF 37327 是	SKF	37327	candidate	usable	confirm_before_use	purchase_2024_candidate_rows=997；purchase_2024_source_rows=998；draft_sku_id=SKU-DRAFT-000992	缺失规格：材质；尺寸；整理依据：尺寸/材质缺失，按品牌型号先建候选；导入口径：confirm_then_import；重分类：备品备件/密封件 -> 设备备件/通用机械备件；分类置信度：high；SKF油封是通用机械密封备件。	2026-07-03
PIPE-000207	铜头铝合金夹	规格：80；组成：铜头、铝合金夹		液压气动/液压接头	个			80铜头铝合金夹	PIPE-000207 铜头铝合金夹 液压/高压管路 个 规格：80 组成：铜头、铝合金夹 80铜头铝合金夹 80 铜头、铝合金夹			candidate	usable	confirm_before_use	purchase_2024_candidate_rows=998；purchase_2024_source_rows=999；draft_sku_id=SKU-DRAFT-000993	缺失规格：材质；口径；整理依据：连接形式需确认；导入口径：confirm_then_import；重分类：液压/高压管路 -> 液压气动/液压接头；分类置信度：medium；铜头铝合金夹用于高压管路扣压连接，归液压接头。	2026-07-03
CHEM-000067	齿轮油	类型：齿轮油；包装：20L		化工胶粘涂料/润滑剂	桶			20L齿轮油	CHEM-000067 齿轮油 化工耗材/润滑油 桶 类型：齿轮油 包装：20L 20L齿轮油 20L			candidate	needs_review	clarify_specs_before_use	purchase_2024_candidate_rows=999；purchase_2024_source_rows=1000；draft_sku_id=SKU-DRAFT-000994	缺失规格：品牌；整理依据：粘度等级/品牌缺失；原单位为个，20L包装建议按桶管理；导入口径：do_not_import_missing_specs；重分类：化工耗材/润滑油 -> 化工胶粘涂料/润滑剂；分类置信度：high；齿轮油为润滑油，旧化工耗材口径过泛。	2026-07-03
PIPE-000208	镀锌弯头	规格：80；表面：镀锌；类型：弯头		管材管件阀门/弯头	个			80镀锌弯头	PIPE-000208 镀锌弯头 管件/镀锌管件 个 规格：80 表面：镀锌 类型：弯头 80镀锌弯头 80 镀锌 弯头			candidate	needs_review	clarify_specs_before_use	purchase_2024_candidate_rows=1000；purchase_2024_source_rows=1001；draft_sku_id=SKU-DRAFT-000995	缺失规格：材质；口径；压力等级；连接方式；壁厚；整理依据：角度/连接形式/螺纹标准缺失，可能影响管件SKU区分；导入口径：do_not_import_missing_specs；重分类：管件/镀锌管件 -> 管材管件阀门/弯头；分类置信度：high；弯头为标准管件。	2026-07-03
PIPE-000209	内丝直通	规格：80；连接：内丝；类型：直通		管材管件阀门/直接	个			80内丝直通	PIPE-000209 内丝直通 管件/管接头 个 规格：80 连接：内丝 类型：直通 80内丝直通 80 内丝 直通			candidate	needs_review	clarify_specs_before_use	purchase_2024_candidate_rows=1001；purchase_2024_source_rows=1002；draft_sku_id=SKU-DRAFT-000996	缺失规格：材质；整理依据：材质/螺纹标准缺失，可能影响管接头SKU区分；导入口径：do_not_import_missing_specs；重分类：管件/管接头 -> 管材管件阀门/直接；分类置信度：high；内丝直通与直接同属直连管件。	2026-07-03
PIPE-000210	单头外丝无缝管加工件	加工：是；形态：无缝管；连接：单头外丝		定制加工件/管路接头	个			加工单头外丝无缝管	PIPE-000210 单头外丝无缝管加工件 定制件/钢管加工件 个 加工：是 形态：无缝管 连接：单头外丝 加工单头外丝无缝管 是 无缝管 单头外丝			candidate	needs_review	clarify_specs_before_use	purchase_2024_candidate_rows=1002；purchase_2024_source_rows=1003；draft_sku_id=SKU-DRAFT-000997	缺失规格：材质；长度；整理依据：管径/长度/螺纹标准/材质缺失，定制加工件需复核加工要求；导入口径：do_not_import_missing_specs；重分类：定制件/钢管加工件 -> 定制加工件/管路接头；分类置信度：high；无缝管单头外丝加工后用于管路连接。	2026-07-03
FAST-000034	内六角螺丝	规格：M6*40；头型：内六角		紧固件与连接件/螺丝	套			6*40内六角螺丝；M6*40内六角螺丝	FAST-000034 内六角螺丝 紧固件/螺丝 套 规格：M6*40 头型：内六角 6*40内六角螺丝 M6*40内六角螺丝 M6*40 内六角			candidate	needs_review	clarify_specs_before_use	purchase_2024_candidate_rows=1003；purchase_2024_source_rows=1004；draft_sku_id=SKU-DRAFT-000998	缺失规格：材质；强度等级；整理依据：材质/强度等级缺失，可能影响紧固件SKU区分；导入口径：do_not_import_missing_specs；重分类：紧固件/螺丝 -> 紧固件与连接件/螺丝；分类置信度：high；样例均为内六角螺丝，旧五金备件需归紧固件。	2026-07-03
SPARE-000093	长销加工件	加工：是；规格：20*340		定制加工件/金属加工件	件			加工长销20*340	SPARE-000093 长销加工件 定制件/金属加工件 件 加工：是 规格：20*340 加工长销20*340 是 20*340			candidate	needs_review	clarify_specs_before_use	purchase_2024_candidate_rows=1004；purchase_2024_source_rows=1005；draft_sku_id=SKU-DRAFT-000999	缺失规格：材质；整理依据：材质/热处理/图纸缺失，定制加工件需复核加工要求；导入口径：do_not_import_missing_specs；重分类：定制件/金属加工件 -> 定制加工件/金属加工件；分类置信度：high；加工长销为非标金属加工件。	2026-07-03
FAST-000035	螺丝组件	规格：M4*15；成套：是		紧固件与连接件/螺丝	套			M4*15螺丝	FAST-000035 螺丝组件 紧固件/螺丝 套 规格：M4*15 成套：是 M4*15螺丝 M4*15 是			candidate	needs_review	clarify_specs_before_use	purchase_2024_candidate_rows=1005；purchase_2024_source_rows=1006；draft_sku_id=SKU-DRAFT-001000	缺失规格：材质；强度等级；整理依据：头型/材质/强度等级/套包含内容缺失，可能影响紧固件SKU区分；导入口径：do_not_import_missing_specs；重分类：紧固件/螺丝 -> 紧固件与连接件/螺丝；分类置信度：high；成套螺丝组件仍属螺丝类紧固件。	2026-07-03
FAST-000036	螺丝组件	规格：M5*15；成套：是		紧固件与连接件/螺丝	套			M5*15螺丝	FAST-000036 螺丝组件 紧固件/螺丝 套 规格：M5*15 成套：是 M5*15螺丝 M5*15 是			candidate	needs_review	clarify_specs_before_use	purchase_2024_candidate_rows=1006；purchase_2024_source_rows=1007；draft_sku_id=SKU-DRAFT-001001	缺失规格：材质；强度等级；整理依据：头型/材质/强度等级/套包含内容缺失，可能影响紧固件SKU区分；导入口径：do_not_import_missing_specs；重分类：紧固件/螺丝 -> 紧固件与连接件/螺丝；分类置信度：high；成套螺丝组件仍属螺丝类紧固件。	2026-07-03
FAST-000037	螺丝组件	规格：M6*15；成套：是		紧固件与连接件/螺丝	套			M6*15螺丝	FAST-000037 螺丝组件 紧固件/螺丝 套 规格：M6*15 成套：是 M6*15螺丝 M6*15 是			candidate	needs_review	clarify_specs_before_use	purchase_2024_candidate_rows=1007；purchase_2024_source_rows=1008；draft_sku_id=SKU-DRAFT-001002	缺失规格：材质；强度等级；整理依据：头型/材质/强度等级/套包含内容缺失，可能影响紧固件SKU区分；导入口径：do_not_import_missing_specs；重分类：紧固件/螺丝 -> 紧固件与连接件/螺丝；分类置信度：high；成套螺丝组件仍属螺丝类紧固件。	2026-07-03
FAST-000038	螺丝组件	规格：M8*15；成套：是		紧固件与连接件/螺丝	套			M8*15螺丝	FAST-000038 螺丝组件 紧固件/螺丝 套 规格：M8*15 成套：是 M8*15螺丝 M8*15 是			candidate	needs_review	clarify_specs_before_use	purchase_2024_candidate_rows=1008；purchase_2024_source_rows=1009；draft_sku_id=SKU-DRAFT-001003	缺失规格：材质；强度等级；整理依据：头型/材质/强度等级/套包含内容缺失，可能影响紧固件SKU区分；导入口径：do_not_import_missing_specs；重分类：紧固件/螺丝 -> 紧固件与连接件/螺丝；分类置信度：high；成套螺丝组件仍属螺丝类紧固件。	2026-07-03
FAST-000039	螺丝组件	规格：M10*15；成套：是		紧固件与连接件/螺丝	套			M10*15螺丝	FAST-000039 螺丝组件 紧固件/螺丝 套 规格：M10*15 成套：是 M10*15螺丝 M10*15 是			candidate	needs_review	clarify_specs_before_use	purchase_2024_candidate_rows=1009；purchase_2024_source_rows=1010；draft_sku_id=SKU-DRAFT-001004	缺失规格：材质；强度等级；整理依据：头型/材质/强度等级/套包含内容缺失，可能影响紧固件SKU区分；导入口径：do_not_import_missing_specs；重分类：紧固件/螺丝 -> 紧固件与连接件/螺丝；分类置信度：high；成套螺丝组件仍属螺丝类紧固件。	2026-07-03
CHEM-000068	自喷漆	颜色：红色；类型：自喷漆		化工胶粘涂料/涂料	支			红色自喷漆	CHEM-000068 自喷漆 化工耗材/涂料 支 颜色：红色 类型：自喷漆 红色自喷漆 红色			candidate	needs_review	clarify_specs_before_use	purchase_2024_candidate_rows=1010；purchase_2024_source_rows=1011；draft_sku_id=SKU-DRAFT-001005	缺失规格：品牌；容量；整理依据：容量/品牌缺失，可能影响涂料SKU区分；导入口径：do_not_import_missing_specs；重分类：化工耗材/涂料 -> 化工胶粘涂料/涂料；分类置信度：high；自喷漆为涂料类化工材料。	2026-07-03
SAFE-000065	反光警示带	宽度：10cm；颜色：黄黑；功能：反光		安全消防/警示标识	卷			10cm反光警示带黄黑	SAFE-000065 反光警示带 安全防护/警示用品 卷 宽度：10cm 颜色：黄黑 功能：反光 10cm反光警示带黄黑 10cm 黄黑 反光			candidate	needs_review	clarify_specs_before_use	purchase_2024_candidate_rows=1011；purchase_2024_source_rows=1012；draft_sku_id=SKU-DRAFT-001006	缺失规格：材质；长度；整理依据：长度/材质缺失，无法稳定区分警示带SKU；导入口径：do_not_import_missing_specs；重分类：安全防护/警示用品 -> 安全消防/警示标识；分类置信度：high；反光警示带用于现场警示。	2026-07-03
SPARE-000094	传动皮带	型号：XPL2800		设备备件/电机传动备件	个			XPL2800皮带	SPARE-000094 传动皮带 备品备件/传动件 个 型号：XPL2800 XPL2800皮带 XPL2800		XPL2800	candidate	usable	confirm_before_use	purchase_2024_candidate_rows=1012；purchase_2024_source_rows=1013；draft_sku_id=SKU-DRAFT-001007	缺失规格：图号；整理依据：皮带类型需确认；单位建议条，按原单位先保留；导入口径：confirm_then_import；重分类：备品备件/传动件 -> 设备备件/电机传动备件；分类置信度：high；传动皮带属于设备传动备件。	2026-07-03
SPARE-000095	传动皮带	型号：XPL2650		设备备件/电机传动备件	个			XPL2650皮带	SPARE-000095 传动皮带 备品备件/传动件 个 型号：XPL2650 XPL2650皮带 XPL2650		XPL2650	candidate	usable	confirm_before_use	purchase_2024_candidate_rows=1013；purchase_2024_source_rows=1014；draft_sku_id=SKU-DRAFT-001008	缺失规格：图号；整理依据：皮带类型需确认；单位建议条，按原单位先保留；导入口径：confirm_then_import；重分类：备品备件/传动件 -> 设备备件/电机传动备件；分类置信度：high；传动皮带属于设备传动备件。	2026-07-03
METAL-000073	不锈钢双卡抱箍	规格：325；材质：不锈钢；型式：双卡		紧固件与连接件/管卡	个			325双卡抱箍 不锈钢；325不锈钢双卡抱箍	METAL-000073 不锈钢双卡抱箍 管道紧固/抱箍 个 规格：325 材质：不锈钢 型式：双卡 325双卡抱箍 不锈钢 325不锈钢双卡抱箍 325 不锈钢 双卡			candidate	usable	confirm_before_use	purchase_2024_candidate_rows=1014；purchase_2024_source_rows=1015；draft_sku_id=SKU-DRAFT-001009	缺失规格：压力等级；厚度；整理依据：厚度/密封件/压力等级缺失，按规格材质型式先建候选；导入口径：confirm_then_import；重分类：管道紧固/抱箍 -> 紧固件与连接件/管卡；分类置信度：high；抱箍用于管道固定，归管卡类连接件。	2026-07-03
SPARE-000096	合成纤维垫块	尺寸：86*65；材质：合成纤维		设备备件/通用机械备件	个			86*65合成纤维垫块	SPARE-000096 合成纤维垫块 密封材料/非金属垫块 个 尺寸：86*65 材质：合成纤维 86*65合成纤维垫块 86*65 合成纤维			candidate	needs_review	clarify_specs_before_use	purchase_2024_candidate_rows=1015；purchase_2024_source_rows=1016；draft_sku_id=SKU-DRAFT-001010	缺失规格：厚度；整理依据：厚度/耐温等级缺失，可能影响垫块SKU区分；导入口径：do_not_import_missing_specs；重分类：密封材料/非金属垫块 -> 设备备件/通用机械备件；分类置信度：medium；合成纤维垫块更像设备用非金属垫块，不属胶粘涂料。	2026-07-03
FAST-000040	螺杆	规格：M48*120		紧固件与连接件/螺杆	支			48*120螺杆；M48*120螺杆	FAST-000040 螺杆 紧固件/螺杆 支 规格：M48*120 48*120螺杆 M48*120螺杆 M48*120			candidate	needs_review	clarify_specs_before_use	purchase_2024_candidate_rows=1016；purchase_2024_source_rows=1017；draft_sku_id=SKU-DRAFT-001011	缺失规格：材质；强度等级；整理依据：材质/强度等级缺失，可能影响紧固件SKU区分；导入口径：do_not_import_missing_specs；重分类：紧固件/螺杆 -> 紧固件与连接件/螺杆；分类置信度：high；样例均为各规格螺杆。	2026-07-03
FAST-000041	螺母	规格：M48		紧固件与连接件/螺母	个			48螺母；M48螺母	FAST-000041 螺母 紧固件/螺母 个 规格：M48 48螺母 M48螺母 M48			candidate	needs_review	clarify_specs_before_use	purchase_2024_candidate_rows=1017；purchase_2024_source_rows=1018；draft_sku_id=SKU-DRAFT-001012	缺失规格：材质；强度等级；整理依据：原单位为支，螺母建议按个管理；材质/强度等级缺失，可能影响紧固件SKU区分；导入口径：do_not_import_missing_specs；重分类：紧固件/螺母 -> 紧固件与连接件/螺母；分类置信度：high；样例均为各规格螺母。	2026-07-03
CHEM-000069	胶粘剂	品牌：东泰；型号：S1-5910；进口：是		化工胶粘涂料/胶粘剂	支			进口东泰s1-5910胶；东泰S1-5910胶粘剂	CHEM-000069 胶粘剂 化工耗材/胶粘剂 支 品牌：东泰 型号：S1-5910 进口：是 进口东泰s1-5910胶 东泰S1-5910胶粘剂 东泰 S1-5910 是	东泰	S1-5910	candidate	usable	confirm_before_use	purchase_2024_candidate_rows=1018；purchase_2024_source_rows=1019；draft_sku_id=SKU-DRAFT-001013	缺失规格：容量；整理依据：胶种/容量缺失，按品牌型号先建候选；导入口径：confirm_then_import；重分类：化工耗材/胶粘剂 -> 化工胶粘涂料/胶粘剂；分类置信度：high；胶粘剂本体归化工胶粘剂。	2026-07-03
PIPE-000211	PPR直通	材质：PPR；规格：63；类型：直通		管材管件阀门/直接	个			63PPR直通	PIPE-000211 PPR直通 PPR管件/直通 个 材质：PPR 规格：63 类型：直通 63PPR直通 PPR 63 直通			candidate	usable	confirm_before_use	purchase_2024_candidate_rows=1019；purchase_2024_source_rows=1020；draft_sku_id=SKU-DRAFT-001014	缺失规格：压力等级；整理依据：压力等级缺失，按材质规格类型先建候选；导入口径：confirm_then_import；重分类：PPR管件/直通 -> 管材管件阀门/直接；分类置信度：high；PPR直通与直接同属直连管件。	2026-07-03
PIPE-000212	PPR管	材质：PPR；规格：63		管材管件阀门/管材	米			63PPR管	PIPE-000212 PPR管 PPR管材/管 米 材质：PPR 规格：63 63PPR管 PPR 63			candidate	needs_review	clarify_specs_before_use	purchase_2024_candidate_rows=1020；purchase_2024_source_rows=1021；draft_sku_id=SKU-DRAFT-001015	缺失规格：压力等级；壁厚；整理依据：压力等级/壁厚缺失，可能影响PPR管SKU区分；导入口径：do_not_import_missing_specs；重分类：PPR管材/管 -> 管材管件阀门/管材；分类置信度：high；样例均为PPR管材，旧工程材料/PPR管件有误。	2026-07-03
PIPE-000213	PPR弯头	材质：PPR；规格：63；类型：弯头		管材管件阀门/弯头	个			63PPR弯头	PIPE-000213 PPR弯头 PPR管件/弯头 个 材质：PPR 规格：63 类型：弯头 63PPR弯头 PPR 63 弯头			candidate	needs_review	clarify_specs_before_use	purchase_2024_candidate_rows=1021；purchase_2024_source_rows=1022；draft_sku_id=SKU-DRAFT-001016	缺失规格：压力等级；整理依据：角度/压力等级缺失，可能影响PPR弯头SKU区分；导入口径：do_not_import_missing_specs；重分类：PPR管件/弯头 -> 管材管件阀门/弯头；分类置信度：high；样例均为PPR弯头，口径/品牌是规格差异。	2026-07-03
PIPE-000214	PPR截止阀	材质：PPR；规格：63；类型：截止阀		管材管件阀门/阀门	个			63PPR截止阀	PIPE-000214 PPR截止阀 PPR管件/阀门 个 材质：PPR 规格：63 类型：截止阀 63PPR截止阀 PPR 63 截止阀			candidate	needs_review	clarify_specs_before_use	purchase_2024_candidate_rows=1022；purchase_2024_source_rows=1023；draft_sku_id=SKU-DRAFT-001017	缺失规格：压力等级；连接方式；整理依据：压力等级/连接方式缺失，可能影响阀门SKU区分；导入口径：do_not_import_missing_specs；重分类：PPR管件/阀门 -> 管材管件阀门/阀门；分类置信度：high；截止阀属于管路阀门，PPR为材质属性。	2026-07-03
PIPE-000215	PPR外接直通	材质：PPR；规格：63；连接：外接；类型：直通		管材管件阀门/直接	个			63PPR外接直通	PIPE-000215 PPR外接直通 PPR管件/直通 个 材质：PPR 规格：63 连接：外接 类型：直通 63PPR外接直通 PPR 63 外接 直通			candidate	needs_review	clarify_specs_before_use	purchase_2024_candidate_rows=1023；purchase_2024_source_rows=1024；draft_sku_id=SKU-DRAFT-001018	缺失规格：压力等级；整理依据：螺纹/压力等级缺失，可能影响PPR外接直通SKU区分；导入口径：do_not_import_missing_specs；重分类：PPR管件/直通 -> 管材管件阀门/直接；分类置信度：high；外接直通为PPR直接类管件。	2026-07-03
MAT-000090	手扳葫芦	额定载荷：2T；链长：6米		吊装索具/葫芦	台			2T*6米手扳葫芦	MAT-000090 手扳葫芦 吊装索具/葫芦 台 额定载荷：2T 链长：6米 2T*6米手扳葫芦 2T 6米			candidate	usable	confirm_before_use	purchase_2024_candidate_rows=1024；purchase_2024_source_rows=1025；draft_sku_id=SKU-DRAFT-001019	缺失规格：品牌；执行标准；整理依据：品牌/执行标准缺失，按载荷和链长先建候选；导入口径：confirm_then_import	2026-07-03
TOOL-000148	重型梅花敲击扳手	规格：36；类型：梅花敲击；特征：重型		工具量具/手动工具	支			36重型梅花敲击扳手	TOOL-000148 重型梅花敲击扳手 工具/手动工具 支 规格：36 类型：梅花敲击 特征：重型 36重型梅花敲击扳手 36 梅花敲击 重型			candidate	usable	confirm_before_use	purchase_2024_candidate_rows=1025；purchase_2024_source_rows=1026；draft_sku_id=SKU-DRAFT-001020	缺失规格：品牌；材质；整理依据：材质/品牌缺失，按规格和类型先建候选；导入口径：confirm_then_import；重分类：工具/手动工具 -> 工具量具/手动工具；分类置信度：high；梅花敲击扳手为手动工具，规格差异不拆类。	2026-07-03
TOOL-000149	重型梅花敲击扳手	规格：46；类型：梅花敲击；特征：重型		工具量具/手动工具	支			46重型梅花敲击扳手	TOOL-000149 重型梅花敲击扳手 工具/手动工具 支 规格：46 类型：梅花敲击 特征：重型 46重型梅花敲击扳手 46 梅花敲击 重型			candidate	usable	confirm_before_use	purchase_2024_candidate_rows=1026；purchase_2024_source_rows=1027；draft_sku_id=SKU-DRAFT-001021	缺失规格：品牌；材质；整理依据：材质/品牌缺失，按规格和类型先建候选；导入口径：confirm_then_import；重分类：工具/手动工具 -> 工具量具/手动工具；分类置信度：high；梅花敲击扳手为手动工具，规格差异不拆类。	2026-07-03
TOOL-000150	重型梅花敲击扳手	规格：55；类型：梅花敲击；特征：重型		工具量具/手动工具	支			55重型梅花敲击扳手	TOOL-000150 重型梅花敲击扳手 工具/手动工具 支 规格：55 类型：梅花敲击 特征：重型 55重型梅花敲击扳手 55 梅花敲击 重型			candidate	usable	confirm_before_use	purchase_2024_candidate_rows=1027；purchase_2024_source_rows=1028；draft_sku_id=SKU-DRAFT-001022	缺失规格：品牌；材质；整理依据：材质/品牌缺失，按规格和类型先建候选；导入口径：confirm_then_import；重分类：工具/手动工具 -> 工具量具/手动工具；分类置信度：high；梅花敲击扳手为手动工具，规格差异不拆类。	2026-07-03
SAFE-000066	帆布手套	材质：帆布；结构：双层		劳保防护/手套	双			帆布双层手套；双层帆布手套	SAFE-000066 帆布手套 劳保耗材/手套 双 材质：帆布 结构：双层 帆布双层手套 双层帆布手套 帆布 双层			candidate	usable	confirm_before_use	purchase_2024_candidate_rows=1028；purchase_2024_source_rows=1029；draft_sku_id=SKU-DRAFT-001023	缺失规格：类型；整理依据：尺码缺失；与同类帆布手套可合并复核；导入口径：confirm_then_import；重分类：劳保耗材/手套 -> 劳保防护/手套；分类置信度：high；帆布手套为劳保手套，旧劳保耗材不作分类。	2026-07-03
TOOL-000151	万向套筒	规格：1寸；结构：万向转向		工具量具/手动工具	个			1寸万向转向套筒	TOOL-000151 万向套筒 工具/套筒 个 规格：1寸 结构：万向转向 1寸万向转向套筒 1寸 万向转向			candidate	needs_review	clarify_specs_before_use	purchase_2024_candidate_rows=1029；purchase_2024_source_rows=1030；draft_sku_id=SKU-DRAFT-001024	缺失规格：品牌；型号；尺寸；适用设备；整理依据：方榫/适配规格缺失，可能影响套筒SKU区分；导入口径：do_not_import_missing_specs；重分类：工具/套筒 -> 工具量具/手动工具；分类置信度：high；套筒类扳手附件按手动工具归类。	2026-07-03
FAST-000042	膨胀螺丝	规格：M24*150		紧固件与连接件/膨胀锚栓	个			24*150膨胀螺丝；M24*150膨胀螺丝	FAST-000042 膨胀螺丝 紧固件/膨胀件 个 规格：M24*150 24*150膨胀螺丝 M24*150膨胀螺丝 M24*150			candidate	needs_review	clarify_specs_before_use	purchase_2024_candidate_rows=1030；purchase_2024_source_rows=1031；draft_sku_id=SKU-DRAFT-001025	缺失规格：材质；整理依据：材质/类型缺失，可能影响膨胀螺丝SKU区分；导入口径：do_not_import_missing_specs；重分类：紧固件/膨胀件 -> 紧固件与连接件/膨胀锚栓；分类置信度：high；样例均为膨胀螺丝，五金备件旧口径过宽。	2026-07-03
SAFE-000067	雨鞋	品牌：回力；类型：雨鞋		劳保防护/足部防护	双			回力雨鞋	SAFE-000067 雨鞋 劳保耗材/足部防护 双 品牌：回力 类型：雨鞋 回力雨鞋 回力	回力		candidate	needs_review	clarify_specs_before_use	purchase_2024_candidate_rows=1031；purchase_2024_source_rows=1032；draft_sku_id=SKU-DRAFT-001026	缺失规格：材质；整理依据：尺码/材质缺失，无法稳定区分雨鞋SKU；导入口径：do_not_import_missing_specs；重分类：劳保耗材/足部防护 -> 劳保防护/足部防护；分类置信度：high；雨鞋属于足部防护，雨具属性不单独分类。	2026-07-03
SAFE-000068	平光防护眼镜	颜色：白色；镜片：平光		劳保防护/眼面防护	个			白色平光眼镜	SAFE-000068 平光防护眼镜 劳保耗材/眼面防护 个 颜色：白色 镜片：平光 白色平光眼镜 白色 平光			candidate	usable	confirm_before_use	purchase_2024_candidate_rows=1032；purchase_2024_source_rows=1033；draft_sku_id=SKU-DRAFT-001027	缺失规格：执行标准；整理依据：是否防冲击/执行标准缺失，按颜色和镜片类型先建候选；导入口径：confirm_then_import；重分类：劳保耗材/眼面防护 -> 劳保防护/眼面防护；分类置信度：high；防护眼镜为眼面防护用品。	2026-07-03
MAT-000091	尼龙绳	规格/直径：18；材质：尼龙		吊装索具/牵引捆绑	米			18尼龙绳；18尼龙绳子	MAT-000091 尼龙绳 吊装索具/绳索 米 规格/直径：18 材质：尼龙 18尼龙绳 18尼龙绳子 18 尼龙			candidate	needs_review	clarify_specs_before_use	purchase_2024_candidate_rows=1033；purchase_2024_source_rows=1034；draft_sku_id=SKU-DRAFT-001028	缺失规格：直径；整理依据：直径单位/承载缺失，可能影响绳索SKU区分；导入口径：do_not_import_missing_specs；重分类：吊装索具/绳索 -> 吊装索具/牵引捆绑；分类置信度：high；尼龙绳用于牵引捆绑，直径差异不拆分。	2026-07-03
CHEM-000070	玻璃胶	颜色：白色；类型：玻璃胶		化工胶粘涂料/密封材料	支			白色玻璃胶	CHEM-000070 玻璃胶 化工耗材/胶粘剂 支 颜色：白色 类型：玻璃胶 白色玻璃胶 白色			candidate	needs_review	clarify_specs_before_use	purchase_2024_candidate_rows=1034；purchase_2024_source_rows=1035；draft_sku_id=SKU-DRAFT-001029	缺失规格：品牌；容量；整理依据：容量/品牌/酸性中性缺失，可能影响玻璃胶SKU区分；导入口径：do_not_import_missing_specs；重分类：化工耗材/胶粘剂 -> 化工胶粘涂料/密封材料；分类置信度：high；玻璃胶主要用于接缝密封，化工耗材旧口径并入标准类目。	2026-07-03
CHEM-000071	电子清洗剂	用途：电子元件清洗		化工胶粘涂料/清洗剂	支			电子清洗剂	CHEM-000071 电子清洗剂 清洁耗材/清洗剂 支 用途：电子元件清洗 电子元件清洗			candidate	needs_review	clarify_specs_before_use	purchase_2024_candidate_rows=1035；purchase_2024_source_rows=1036；draft_sku_id=SKU-DRAFT-001030	缺失规格：品牌；容量；整理依据：容量/品牌/是否带电清洗缺失，无法稳定区分清洗剂SKU；导入口径：do_not_import_missing_specs；重分类：清洁耗材/清洗剂 -> 化工胶粘涂料/清洗剂；分类置信度：high；电子元件清洗剂属于化工清洗剂，旧清洁耗材不作分类。	2026-07-03
SAFE-000069	油布	特征：加厚		包装覆盖周转/覆盖材料	m2			加厚油布	SAFE-000069 油布 劳保耗材/覆盖防护 m2 特征：加厚 加厚油布 加厚			candidate	usable	confirm_before_use	purchase_2024_candidate_rows=1036；purchase_2024_source_rows=1037；draft_sku_id=SKU-DRAFT-001031	缺失规格：材质；厚度；整理依据：材质/厚度缺失；单位m2/平方米需统一；导入口径：confirm_then_import；重分类：劳保耗材/覆盖防护 -> 包装覆盖周转/覆盖材料；分类置信度：high；油布用于覆盖防护，旧劳保耗材不应作为分类。	2026-07-03
CHEM-000072	黄油嘴	螺纹：M10*1.5		设备备件/通用机械备件	个			10*1.5黄油嘴	CHEM-000072 黄油嘴 润滑配件/黄油嘴 个 螺纹：M10*1.5 10*1.5黄油嘴 M10*1.5			candidate	needs_review	clarify_specs_before_use	purchase_2024_candidate_rows=1037；purchase_2024_source_rows=1038；draft_sku_id=SKU-DRAFT-001032	缺失规格：型式；整理依据：直/弯型式缺失，可能影响黄油嘴SKU区分；导入口径：do_not_import_missing_specs；重分类：润滑配件/黄油嘴 -> 设备备件/通用机械备件；分类置信度：high；黄油嘴是设备润滑系统小备件，不是化工油品。	2026-07-03
CHEM-000073	黄油嘴	螺纹：M12*1.5		设备备件/通用机械备件	个			12*1.5黄油嘴	CHEM-000073 黄油嘴 润滑配件/黄油嘴 个 螺纹：M12*1.5 12*1.5黄油嘴 M12*1.5			candidate	needs_review	clarify_specs_before_use	purchase_2024_candidate_rows=1038；purchase_2024_source_rows=1039；draft_sku_id=SKU-DRAFT-001033	缺失规格：型式；整理依据：直/弯型式缺失，可能影响黄油嘴SKU区分；导入口径：do_not_import_missing_specs；重分类：润滑配件/黄油嘴 -> 设备备件/通用机械备件；分类置信度：high；黄油嘴是设备润滑系统小备件，不是化工油品。	2026-07-03
CHEM-000074	黄油嘴	螺纹：M14*1.5		设备备件/通用机械备件	个			14*1.5黄油嘴	CHEM-000074 黄油嘴 润滑配件/黄油嘴 个 螺纹：M14*1.5 14*1.5黄油嘴 M14*1.5			candidate	needs_review	clarify_specs_before_use	purchase_2024_candidate_rows=1039；purchase_2024_source_rows=1040；draft_sku_id=SKU-DRAFT-001034	缺失规格：型式；整理依据：直/弯型式缺失，可能影响黄油嘴SKU区分；导入口径：do_not_import_missing_specs；重分类：润滑配件/黄油嘴 -> 设备备件/通用机械备件；分类置信度：high；黄油嘴是设备润滑系统小备件，不是化工油品。	2026-07-03
CHEM-000075	黄油嘴	螺纹：M16*1.5		设备备件/通用机械备件	个			16*1.5黄油嘴	CHEM-000075 黄油嘴 润滑配件/黄油嘴 个 螺纹：M16*1.5 16*1.5黄油嘴 M16*1.5			candidate	needs_review	clarify_specs_before_use	purchase_2024_candidate_rows=1040；purchase_2024_source_rows=1041；draft_sku_id=SKU-DRAFT-001035	缺失规格：型式；整理依据：直/弯型式缺失，可能影响黄油嘴SKU区分；导入口径：do_not_import_missing_specs；重分类：润滑配件/黄油嘴 -> 设备备件/通用机械备件；分类置信度：high；黄油嘴是设备润滑系统小备件，不是化工油品。	2026-07-03
CHEM-000076	黄油嘴	螺纹：M18*1.5		设备备件/通用机械备件	个			18*1.5黄油嘴	CHEM-000076 黄油嘴 润滑配件/黄油嘴 个 螺纹：M18*1.5 18*1.5黄油嘴 M18*1.5			candidate	needs_review	clarify_specs_before_use	purchase_2024_candidate_rows=1041；purchase_2024_source_rows=1042；draft_sku_id=SKU-DRAFT-001036	缺失规格：型式；整理依据：直/弯型式缺失，可能影响黄油嘴SKU区分；导入口径：do_not_import_missing_specs；重分类：润滑配件/黄油嘴 -> 设备备件/通用机械备件；分类置信度：high；黄油嘴是设备润滑系统小备件，不是化工油品。	2026-07-03
CHEM-000077	黄油嘴	螺纹：M20*1.5		设备备件/通用机械备件	个			20*1.5黄油嘴	CHEM-000077 黄油嘴 润滑配件/黄油嘴 个 螺纹：M20*1.5 20*1.5黄油嘴 M20*1.5			candidate	needs_review	clarify_specs_before_use	purchase_2024_candidate_rows=1042；purchase_2024_source_rows=1043；draft_sku_id=SKU-DRAFT-001037	缺失规格：型式；整理依据：直/弯型式缺失，可能影响黄油嘴SKU区分；导入口径：do_not_import_missing_specs；重分类：润滑配件/黄油嘴 -> 设备备件/通用机械备件；分类置信度：high；黄油嘴是设备润滑系统小备件，不是化工油品。	2026-07-03
METAL-000074	角钢	规格：3*3*0.4；执行标准：国标		金属材料/型钢	米			3*3*0.4国标角铁；角铁	METAL-000074 角钢 钢材/型材 米 规格：3*3*0.4 执行标准：国标 3*3*0.4国标角铁 角铁 3*3*0.4 国标			candidate	needs_review	clarify_specs_before_use	purchase_2024_candidate_rows=1043；purchase_2024_source_rows=1044；draft_sku_id=SKU-DRAFT-001038	缺失规格：材质；整理依据：规格单位需统一，材质缺失，可能影响型材SKU区分；导入口径：do_not_import_missing_specs；重分类：钢材/型材 -> 金属材料/型钢；分类置信度：high；角钢/角铁属于型钢。	2026-07-03
PIPE-000216	液压内外牙弯头	螺纹/型号：M52*28H；连接：内外牙；类型：弯头		液压气动/液压接头	个			液压M52*28H内外牙弯头	PIPE-000216 液压内外牙弯头 液压/高压管路 个 螺纹/型号：M52*28H 连接：内外牙 类型：弯头 液压M52*28H内外牙弯头 M52*28H 内外牙 弯头			candidate	needs_review	clarify_specs_before_use	purchase_2024_candidate_rows=1044；purchase_2024_source_rows=1045；draft_sku_id=SKU-DRAFT-001039	缺失规格：压力等级；整理依据：压力等级/角度缺失，可能影响液压弯头SKU区分；导入口径：do_not_import_missing_specs；重分类：液压/高压管路 -> 液压气动/液压接头；分类置信度：high；液压内外牙弯头属于液压接头。	2026-07-03
PIPE-000217	高压钢丝管	公称直径：50；结构：钢丝增强		液压气动/高压管路	米			50高压钢丝管	PIPE-000217 高压钢丝管 液压/高压管路 米 公称直径：50 结构：钢丝增强 50高压钢丝管 50 钢丝增强			candidate	needs_review	clarify_specs_before_use	purchase_2024_candidate_rows=1045；purchase_2024_source_rows=1046；draft_sku_id=SKU-DRAFT-001040	缺失规格：压力等级；整理依据：压力等级/层数缺失，可能影响高压钢丝管SKU区分；导入口径：do_not_import_missing_specs；重分类：液压/高压管路 -> 液压气动/高压管路；分类置信度：high；高压钢丝增强管归液压高压管路。	2026-07-03
PIPE-000218	铜头铝合金夹	规格：50；组成：铜头、铝扣		液压气动/液压接头	个			铜头铝套组件；50铜头铝扣	PIPE-000218 铜头铝合金夹 液压/高压管路 个 规格：50 组成：铜头、铝扣 铜头铝套组件 50铜头铝扣 50 铜头、铝扣			candidate	usable	confirm_before_use	purchase_2024_candidate_rows=1046；purchase_2024_source_rows=1047；draft_sku_id=SKU-DRAFT-001041	缺失规格：材质；口径；整理依据：按同类物料统一名称；连接形式需确认；导入口径：confirm_then_import；重分类：液压/高压管路 -> 液压气动/液压接头；分类置信度：medium；铜头铝合金夹用于高压管路扣压连接，归液压接头。	2026-07-03
TOOL-000152	铁锤	规格：大号；材质：铁		工具量具/手动工具	个			大铁锤	TOOL-000152 铁锤 工具/手动工具 个 规格：大号 材质：铁 大铁锤 大号 铁			candidate	needs_review	clarify_specs_before_use	purchase_2024_candidate_rows=1047；purchase_2024_source_rows=1048；draft_sku_id=SKU-DRAFT-001042	缺失规格：品牌；型号；尺寸；适用设备；整理依据：重量/柄材质缺失，“大号”不够精确，无法稳定区分铁锤SKU；导入口径：do_not_import_missing_specs；重分类：工具/手动工具 -> 工具量具/手动工具；分类置信度：high；铁锤为敲击类手动工具。	2026-07-03
PIPE-000219	橡胶水带	规格：50；材质：橡胶；特征：加厚		管材管件阀门/管材	米			50加厚橡胶水带	PIPE-000219 橡胶水带 管材/水带 米 规格：50 材质：橡胶 特征：加厚 50加厚橡胶水带 50 橡胶 加厚			candidate	needs_review	clarify_specs_before_use	purchase_2024_candidate_rows=1048；purchase_2024_source_rows=1049；draft_sku_id=SKU-DRAFT-001043	缺失规格：压力等级；接口形式；整理依据：压力等级/接口形式缺失，可能影响水带SKU区分；导入口径：do_not_import_missing_specs；重分类：管材/水带 -> 管材管件阀门/管材；分类置信度：high；橡胶水带属于柔性管材。	2026-07-03
MAT-000092	收纳箱	尺寸：85*65；规格：大		包装覆盖周转/周转容器	个			85*65大收纳箱	MAT-000092 收纳箱 行政后勤/收纳用品 个 尺寸：85*65 规格：大 85*65大收纳箱 85*65 大			candidate	needs_review	clarify_specs_before_use	purchase_2024_candidate_rows=1049；purchase_2024_source_rows=1050；draft_sku_id=SKU-DRAFT-001044	缺失规格：材质；整理依据：高度/材质缺失，可能影响收纳箱SKU区分；导入口径：do_not_import_missing_specs；重分类：行政后勤/收纳用品 -> 包装覆盖周转/周转容器；分类置信度：high；收纳箱本质是周转收纳容器，旧行政后勤是使用口径。	2026-07-03
MAT-000093	塑料方凳	材质：塑料；类型：方凳		清洁办公后勤/生活用品	个			塑料方凳	MAT-000093 塑料方凳 行政后勤/生活用品 个 材质：塑料 类型：方凳 塑料 方凳			candidate	needs_review	clarify_specs_before_use	purchase_2024_candidate_rows=1050；purchase_2024_source_rows=1051；draft_sku_id=SKU-DRAFT-001045	缺失规格：尺寸；颜色；整理依据：尺寸/颜色缺失，无法稳定区分方凳SKU；导入口径：do_not_import_missing_specs；重分类：行政后勤/生活用品 -> 清洁办公后勤/生活用品；分类置信度：high；塑料方凳为后勤生活用品。	2026-07-03
TOOL-000153	铝合金梯子	长度：4米；型式：B型；材质：铝合金		工具量具/登高工具	个			4米B型铝合金梯子	TOOL-000153 铝合金梯子 工具/登高工具 个 长度：4米 型式：B型 材质：铝合金 4米B型铝合金梯子 4米 B型 铝合金			candidate	needs_review	clarify_specs_before_use	purchase_2024_candidate_rows=1051；purchase_2024_source_rows=1052；draft_sku_id=SKU-DRAFT-001046	缺失规格：品牌；型号；规格；尺寸；适用设备；整理依据：承重/节数缺失，可能影响梯子SKU区分；导入口径：do_not_import_missing_specs；重分类：工具/登高工具 -> 工具量具/登高工具；分类置信度：high；新建二级登高工具；定制仅影响尺寸，物料仍为梯子。	2026-07-03
SAFE-000070	帆布手套	材质：帆布；结构：双层；特征：加厚		劳保防护/手套	双			加厚双层帆布手套	SAFE-000070 帆布手套 劳保耗材/手套 双 材质：帆布 结构：双层 特征：加厚 加厚双层帆布手套 帆布 双层 加厚			candidate	usable	confirm_before_use	purchase_2024_candidate_rows=1052；purchase_2024_source_rows=1053；draft_sku_id=SKU-DRAFT-001047	缺失规格：类型；整理依据：与同类帆布手套可合并复核；尺码缺失；导入口径：confirm_then_import；重分类：劳保耗材/手套 -> 劳保防护/手套；分类置信度：high；帆布手套为劳保手套，旧劳保耗材不作分类。	2026-07-03
CHEM-000078	洗洁精	包装：4kg		清洁办公后勤/清洁耗材	桶			洗洁精4KG	CHEM-000078 洗洁精 清洁耗材/清洗剂 桶 包装：4kg 洗洁精4KG 4kg			candidate	needs_review	clarify_specs_before_use	purchase_2024_candidate_rows=1053；purchase_2024_source_rows=1054；draft_sku_id=SKU-DRAFT-001048	缺失规格：品牌；整理依据：品牌/浓度缺失，可能影响采购和SKU区分；导入口径：do_not_import_missing_specs；重分类：清洁耗材/清洗剂 -> 清洁办公后勤/清洁耗材；分类置信度：high；洗洁精是日常清洁耗材，旧劳保耗材不准。	2026-07-03
SAFE-000071	太阳能爆闪灯	供电：太阳能；类型：爆闪灯		安全消防/警示标识	个			太阳能爆闪灯	SAFE-000071 太阳能爆闪灯 安全防护/警示灯 个 供电：太阳能 类型：爆闪灯 太阳能 爆闪灯			candidate	needs_review	clarify_specs_before_use	purchase_2024_candidate_rows=1054；purchase_2024_source_rows=1055；draft_sku_id=SKU-DRAFT-001049	缺失规格：颜色；功率；整理依据：功率/颜色/安装方式缺失；导入口径：do_not_import_missing_specs；重分类：安全防护/警示灯 -> 安全消防/警示标识；分类置信度：high；爆闪灯用于现场安全警示。	2026-07-03
MAT-000094	扁平吊装带	额定载荷：2T；长度：2米		吊装索具/吊带	条			2T*2米吊带	MAT-000094 扁平吊装带 吊装索具/吊带 条 额定载荷：2T 长度：2米 2T*2米吊带 2T 2米			candidate	usable	confirm_before_use	purchase_2024_candidate_rows=1055；purchase_2024_source_rows=1056；draft_sku_id=SKU-DRAFT-001050	缺失规格：材质；安全系数；整理依据：材质/安全系数缺失；导入口径：confirm_then_import	2026-07-03
TOOL-000154	断丝取出器	规格范围：待补		工具量具/手动工具	盒			断丝取出器	TOOL-000154 断丝取出器 工具/拆卸工具 盒 规格范围：待补 待补			candidate	needs_review	clarify_specs_before_use	purchase_2024_candidate_rows=1056；purchase_2024_source_rows=1057；draft_sku_id=SKU-DRAFT-001051	缺失规格：规格；整理依据：原单位“合”疑似错字，按盒整理；规格范围缺失；导入口径：do_not_import_missing_specs；重分类：工具/拆卸工具 -> 工具量具/手动工具；分类置信度：high；断丝取出器为拆卸类手动工具。	2026-07-03
ADMIN-000031	垃圾桶	规格：大		清洁办公后勤/清洁工具	个			大垃圾桶	ADMIN-000031 垃圾桶 行政后勤/清洁用品 个 规格：大 大垃圾桶 大			candidate	needs_review	clarify_specs_before_use	purchase_2024_candidate_rows=1057；purchase_2024_source_rows=1058；draft_sku_id=SKU-DRAFT-001052	缺失规格：材质；容量；整理依据：容量/材质缺失；导入口径：do_not_import_missing_specs；重分类：行政后勤/清洁用品 -> 清洁办公后勤/清洁工具；分类置信度：high；垃圾桶用于现场清洁收集，容量配置为规格。	2026-07-03
ADMIN-000032	垃圾袋	规格：待补；每包数量：待补		清洁办公后勤/清洁耗材	个			垃圾袋子	ADMIN-000032 垃圾袋 行政后勤/清洁用品 个 规格：待补 每包数量：待补 垃圾袋子 待补			candidate	needs_review	clarify_specs_before_use	purchase_2024_candidate_rows=1058；purchase_2024_source_rows=1059；draft_sku_id=SKU-DRAFT-001053	缺失规格：品牌；包装规格；材质；整理依据：规格/每包数量缺失；导入口径：do_not_import_missing_specs；重分类：行政后勤/清洁用品 -> 清洁办公后勤/清洁耗材；分类置信度：high；垃圾袋是清洁消耗品，旧劳保耗材错误。	2026-07-03
MAT-000095	扁平吊装带	额定载荷：5T；长度：6米；颜色：彩色		吊装索具/吊带	付			彩色吊带5*6米	MAT-000095 扁平吊装带 吊装索具/吊带 付 额定载荷：5T 长度：6米 颜色：彩色 彩色吊带5*6米 5T 6米 彩色			candidate	usable	confirm_before_use	purchase_2024_candidate_rows=1059；purchase_2024_source_rows=1060；draft_sku_id=SKU-DRAFT-001054	缺失规格：材质；安全系数；整理依据：与同类吊装带可合并复核；材质/安全系数缺失，单位需统一；导入口径：confirm_then_import	2026-07-03
METAL-000075	槽钢	规格：10#		金属材料/型钢	米			10号槽钢	METAL-000075 槽钢 钢材/型材 米 规格：10# 10号槽钢 10#			candidate	usable	confirm_before_use	purchase_2024_candidate_rows=1060；purchase_2024_source_rows=1061；draft_sku_id=SKU-DRAFT-001055	缺失规格：材质；执行标准；整理依据：与同类槽钢可合并复核；材质/执行标准缺失；导入口径：confirm_then_import；重分类：钢材/型材 -> 金属材料/型钢；分类置信度：high；槽钢是标准型钢。	2026-07-03
TOOL-000155	液压扳手套装	品牌：恩耐克；类型：液压扳手套装		工具量具/液压工具	套			恩耐克液压扳手套装	TOOL-000155 液压扳手套装 工具/液压工具 套 品牌：恩耐克 类型：液压扳手套装 恩耐克液压扳手套装 恩耐克	恩耐克		candidate	needs_review	clarify_specs_before_use	purchase_2024_candidate_rows=1061；purchase_2024_source_rows=1062；draft_sku_id=SKU-DRAFT-001056	缺失规格：型号；整理依据：型号/扭矩范围/配置缺失；导入口径：do_not_import_missing_specs；重分类：工具/液压工具 -> 工具量具/液压工具；分类置信度：medium；液压扳手是专用工具；新建二级液压工具。	2026-07-03
PIPE-000220	油管快速接头	规格：52；类型：快速接头		液压气动/液压接头	套			52油管快速接头	PIPE-000220 油管快速接头 液压/高压管路 套 规格：52 类型：快速接头 52油管快速接头 52 快速接头			candidate	needs_review	clarify_specs_before_use	purchase_2024_candidate_rows=1062；purchase_2024_source_rows=1063；draft_sku_id=SKU-DRAFT-001057	缺失规格：压力等级；接口形式；整理依据：压力等级/接口形式缺失；导入口径：do_not_import_missing_specs；重分类：液压/高压管路 -> 液压气动/液压接头；分类置信度：high；油管快速接头属于液压接头。	2026-07-03
PIPE-000221	油管快速接头	规格：45；类型：快速接头		液压气动/液压接头	套			45油管快速接头	PIPE-000221 油管快速接头 液压/高压管路 套 规格：45 类型：快速接头 45油管快速接头 45 快速接头			candidate	needs_review	clarify_specs_before_use	purchase_2024_candidate_rows=1063；purchase_2024_source_rows=1064；draft_sku_id=SKU-DRAFT-001058	缺失规格：压力等级；接口形式；整理依据：压力等级/接口形式缺失；导入口径：do_not_import_missing_specs；重分类：液压/高压管路 -> 液压气动/液压接头；分类置信度：high；油管快速接头属于液压接头。	2026-07-03
PIPE-000222	油管快速接头	规格：36；类型：快速接头		液压气动/液压接头	套			36油管快速接头	PIPE-000222 油管快速接头 液压/高压管路 套 规格：36 类型：快速接头 36油管快速接头 36 快速接头			candidate	needs_review	clarify_specs_before_use	purchase_2024_candidate_rows=1064；purchase_2024_source_rows=1065；draft_sku_id=SKU-DRAFT-001059	缺失规格：压力等级；接口形式；整理依据：压力等级/接口形式缺失；导入口径：do_not_import_missing_specs；重分类：液压/高压管路 -> 液压气动/液压接头；分类置信度：high；油管快速接头属于液压接头。	2026-07-03
PIPE-000223	油管快速接头	规格：30；类型：快速接头		液压气动/液压接头	套			30油管快速接头	PIPE-000223 油管快速接头 液压/高压管路 套 规格：30 类型：快速接头 30油管快速接头 30 快速接头			candidate	needs_review	clarify_specs_before_use	purchase_2024_candidate_rows=1065；purchase_2024_source_rows=1066；draft_sku_id=SKU-DRAFT-001060	缺失规格：压力等级；接口形式；整理依据：压力等级/接口形式缺失；导入口径：do_not_import_missing_specs；重分类：液压/高压管路 -> 液压气动/液压接头；分类置信度：high；油管快速接头属于液压接头。	2026-07-03
MAT-000096	卸扣	额定载荷：3.25T		吊装索具/卸扣	个			3.25T卸扣	MAT-000096 卸扣 吊装索具/卸扣 个 额定载荷：3.25T 3.25T卸扣 3.25T			candidate	needs_review	clarify_specs_before_use	purchase_2024_candidate_rows=1066；purchase_2024_source_rows=1067；draft_sku_id=SKU-DRAFT-001061	缺失规格：型式；整理依据：型式/销轴形式/标准缺失；导入口径：do_not_import_missing_specs	2026-07-03
MAT-000097	U型卸扣	额定载荷：9.5T；型式：U型		吊装索具/卸扣	个			9.5TU型卸扣	MAT-000097 U型卸扣 吊装索具/卸扣 个 额定载荷：9.5T 型式：U型 9.5TU型卸扣 9.5T U型			candidate	usable	confirm_before_use	purchase_2024_candidate_rows=1067；purchase_2024_source_rows=1068；draft_sku_id=SKU-DRAFT-001062	缺失规格：规格；型号；整理依据：销轴形式/标准缺失；导入口径：confirm_then_import	2026-07-03
METAL-000076	钢板起重钳	额定载荷：2T		吊装索具/吊具	个			2T钢板夹	METAL-000076 钢板起重钳 吊装索具/钢板夹 个 额定载荷：2T 2T钢板夹 2T			candidate	needs_review	clarify_specs_before_use	purchase_2024_candidate_rows=1068；purchase_2024_source_rows=1069；draft_sku_id=SKU-DRAFT-001063	缺失规格：材质；规格；厚度；长度；执行标准；整理依据：横吊/竖吊类型、开口范围缺失；导入口径：do_not_import_missing_specs；重分类：吊装索具/钢板夹 -> 吊装索具/吊具；分类置信度：high；新建二级吊具；钢板起重钳是起重夹具，不是普通工具。	2026-07-03
METAL-000077	钢板起重钳	额定载荷：3.2T		吊装索具/吊具	个			3.2T钢板夹	METAL-000077 钢板起重钳 吊装索具/钢板夹 个 额定载荷：3.2T 3.2T钢板夹 3.2T			candidate	needs_review	clarify_specs_before_use	purchase_2024_candidate_rows=1069；purchase_2024_source_rows=1070；draft_sku_id=SKU-DRAFT-001064	缺失规格：材质；规格；厚度；长度；执行标准；整理依据：横吊/竖吊类型、开口范围缺失；导入口径：do_not_import_missing_specs；重分类：吊装索具/钢板夹 -> 吊装索具/吊具；分类置信度：high；新建二级吊具；钢板起重钳是起重夹具，不是普通工具。	2026-07-03
MAT-000098	定制集装袋	定制：是；尺寸：4*4米；载重：4T；结构：双层		包装覆盖周转/包装袋	个			定做4*4米*4吨双层吨袋	MAT-000098 定制集装袋 定制件/包装袋 个 定制：是 尺寸：4*4米 载重：4T 结构：双层 定做4*4米*4吨双层吨袋 是 4*4米 4T 双层			candidate	needs_review	clarify_specs_before_use	purchase_2024_candidate_rows=1070；purchase_2024_source_rows=1071；draft_sku_id=SKU-DRAFT-001065	缺失规格：材质；整理依据：可建档为定制件；高度/吊带形式/材质克重缺失；导入口径：do_not_import_missing_specs；重分类：定制件/包装袋 -> 包装覆盖周转/包装袋；分类置信度：high；定制吨袋/集装袋本质仍是包装袋。	2026-07-03
FAST-000043	螺丝	规格：M48*120		紧固件与连接件/螺丝	个			M48*120螺丝	FAST-000043 螺丝 紧固件/螺丝 个 规格：M48*120 M48*120螺丝 M48*120			candidate	needs_review	clarify_specs_before_use	purchase_2024_candidate_rows=1071；purchase_2024_source_rows=1072；draft_sku_id=SKU-DRAFT-001066	缺失规格：材质；强度等级；头型；整理依据：头型/强度等级/材质缺失；导入口径：do_not_import_missing_specs；重分类：紧固件/螺丝 -> 紧固件与连接件/螺丝；分类置信度：high；样例均为各规格螺丝，五金备件旧口径过宽。	2026-07-03
METAL-000078	镀锌角钢	规格：4*4；表面：镀锌		金属材料/型钢	根			4*4镀锌角钢	METAL-000078 镀锌角钢 钢材/型材 根 规格：4*4 表面：镀锌 4*4镀锌角钢 4*4 镀锌			candidate	needs_review	clarify_specs_before_use	purchase_2024_candidate_rows=1072；purchase_2024_source_rows=1073；draft_sku_id=SKU-DRAFT-001067	缺失规格：材质；长度；厚度；整理依据：厚度/长度/材质缺失；导入口径：do_not_import_missing_specs；重分类：钢材/型材 -> 金属材料/型钢；分类置信度：high；角钢属于型钢，镀锌仅为表面处理。	2026-07-03
METAL-000079	定制钢板	加工：是；尺寸：400*400*40mm；材质：钢板		定制加工件/金属加工件	块			加工钢板400*400*40	METAL-000079 定制钢板 定制件/金属加工件 块 加工：是 尺寸：400*400*40mm 材质：钢板 加工钢板400*400*40 是 400*400*40mm 钢板			candidate	needs_review	clarify_specs_before_use	purchase_2024_candidate_rows=1073；purchase_2024_source_rows=1074；draft_sku_id=SKU-DRAFT-001068	缺失规格：规格；厚度；长度；执行标准；整理依据：可建档为定制件；材质牌号/图纸/孔位缺失；导入口径：do_not_import_missing_specs；重分类：定制件/金属加工件 -> 定制加工件/金属加工件；分类置信度：high；按尺寸加工的钢板属金属加工件。	2026-07-03
SAFE-000072	电箱围栏	定制：是；用途：二级电箱		安全消防/围挡护栏	套			定做二级电箱围栏	SAFE-000072 电箱围栏 定制件/安全围栏 套 定制：是 用途：二级电箱 定做二级电箱围栏 是 二级电箱			candidate	needs_review	clarify_specs_before_use	purchase_2024_candidate_rows=1074；purchase_2024_source_rows=1075；draft_sku_id=SKU-DRAFT-001069	缺失规格：材质；尺寸；颜色；整理依据：可建档为定制件；尺寸/材质/颜色/图纸缺失；导入口径：do_not_import_missing_specs；重分类：定制件/安全围栏 -> 安全消防/围挡护栏；分类置信度：high；二级电箱围栏用于现场隔离防护，旧定制件口径不如安全设施准确。	2026-07-03
PIPE-000224	加长弯头	定制：是；规格：168；特征：加长		定制加工件/管路接头	个			定做加长168弯头	PIPE-000224 加长弯头 定制件/管路接头 个 定制：是 规格：168 特征：加长 定做加长168弯头 是 168 加长			candidate	needs_review	clarify_specs_before_use	purchase_2024_candidate_rows=1075；purchase_2024_source_rows=1076；draft_sku_id=SKU-DRAFT-001070	缺失规格：材质；整理依据：与同类加长弯头可合并复核；无卡槽信息，角度/材质缺失；导入口径：do_not_import_missing_specs；重分类：定制件/管路接头 -> 定制加工件/管路接头；分类置信度：high；定做加长弯头为非标管路接头。	2026-07-03
PIPE-000225	加长弯头	定制：是；规格：219；特征：加长		定制加工件/管路接头	个			定做加长219弯头	PIPE-000225 加长弯头 定制件/管路接头 个 定制：是 规格：219 特征：加长 定做加长219弯头 是 219 加长			candidate	needs_review	clarify_specs_before_use	purchase_2024_candidate_rows=1076；purchase_2024_source_rows=1077；draft_sku_id=SKU-DRAFT-001071	缺失规格：材质；整理依据：与同类加长弯头可合并复核；无卡槽信息，角度/材质缺失；导入口径：do_not_import_missing_specs；重分类：定制件/管路接头 -> 定制加工件/管路接头；分类置信度：high；定做加长弯头为非标管路接头。	2026-07-03
PIPE-000226	加长弯头	定制：是；规格：60.5；特征：加长		定制加工件/管路接头	个			定做60.5加长弯头	PIPE-000226 加长弯头 定制件/管路接头 个 定制：是 规格：60.5 特征：加长 定做60.5加长弯头 是 60.5 加长			candidate	needs_review	clarify_specs_before_use	purchase_2024_candidate_rows=1077；purchase_2024_source_rows=1078；draft_sku_id=SKU-DRAFT-001072	缺失规格：材质；整理依据：可建档为定制件；角度/材质/图纸缺失；导入口径：do_not_import_missing_specs；重分类：定制件/管路接头 -> 定制加工件/管路接头；分类置信度：high；定做加长弯头为非标管路接头。	2026-07-03
PIPE-000227	PE管卡箍组件	定制：是；长度：1.5m；材质：PE；带卡箍：是		定制加工件/管路接头	套			定做1.5mPE管带卡箍	PIPE-000227 PE管卡箍组件 定制件/管路组件 套 定制：是 长度：1.5m 材质：PE 带卡箍：是 定做1.5mPE管带卡箍 是 1.5m PE			candidate	needs_review	clarify_specs_before_use	purchase_2024_candidate_rows=1078；purchase_2024_source_rows=1079；draft_sku_id=SKU-DRAFT-001073	缺失规格：口径；压力等级；连接方式；壁厚；整理依据：可建档为定制件；管径/卡箍材质/图纸缺失；导入口径：do_not_import_missing_specs；重分类：定制件/管路组件 -> 定制加工件/管路接头；分类置信度：high；样例标注定制带卡箍管路组件，归定制管路件。	2026-07-03
SAFE-000073	一次性雨衣	类型：一次性；特征：加厚		劳保防护/雨具	套			一次性加厚雨衣	SAFE-000073 一次性雨衣 劳保耗材/雨具 套 类型：一次性 特征：加厚 一次性加厚雨衣 一次性 加厚			candidate	usable	confirm_before_use	purchase_2024_candidate_rows=1079；purchase_2024_source_rows=1080；draft_sku_id=SKU-DRAFT-001074	缺失规格：材质；整理依据：与同类雨衣可合并复核；件/套单位需统一；导入口径：confirm_then_import；重分类：劳保耗材/雨具 -> 劳保防护/雨具；分类置信度：high；一次性雨衣属于劳保雨具。	2026-07-03
METAL-000080	不锈钢管箍	规格：38；材质：不锈钢		紧固件与连接件/管卡	个			38不锈钢管箍	METAL-000080 不锈钢管箍 管道紧固/管箍 个 规格：38 材质：不锈钢 38不锈钢管箍 38 不锈钢			candidate	usable	confirm_before_use	purchase_2024_candidate_rows=1080；purchase_2024_source_rows=1081；draft_sku_id=SKU-DRAFT-001075	缺失规格：厚度；整理依据：厚度/适配管径缺失；导入口径：confirm_then_import；重分类：管道紧固/管箍 -> 紧固件与连接件/管卡；分类置信度：high；管箍用于管道固定，归管卡类连接件。	2026-07-03
PIPE-000228	高压弯头	规格：52；类型：弯头		定制加工件/管路接头	个			52高压弯头	PIPE-000228 高压弯头 液压/高压管路 个 规格：52 类型：弯头 52高压弯头 52 弯头			candidate	needs_review	clarify_specs_before_use	purchase_2024_candidate_rows=1081；purchase_2024_source_rows=1082；draft_sku_id=SKU-DRAFT-001076	缺失规格：压力等级；整理依据：角度/螺纹/压力等级缺失；导入口径：do_not_import_missing_specs；重分类：液压/高压管路 -> 定制加工件/管路接头；分类置信度：medium；样例多为定做高压弯头，本质为非标管路接头。	2026-07-03
ADMIN-000033	电视支架	适配尺寸：待补；承重：待补	安装方式:待补	清洁办公后勤/办公用品	套			电视支架	ADMIN-000033 电视支架 行政后勤/办公设备配件 套 适配尺寸：待补 承重：待补 安装方式:待补 待补			candidate	needs_review	clarify_specs_before_use	purchase_2024_candidate_rows=1082；purchase_2024_source_rows=1083；draft_sku_id=SKU-DRAFT-001077	缺失规格：尺寸；整理依据：适配尺寸/承重/安装方式缺失；导入口径：do_not_import_missing_specs；重分类：行政后勤/办公设备配件 -> 清洁办公后勤/办公用品；分类置信度：medium；电视支架服务办公后勤设备安装，归办公用品。	2026-07-03
PIPE-000229	自锁气管接头公头	类型：自锁；部件：公头		液压气动/气动接头	个			自锁气管接头公头	PIPE-000229 自锁气管接头公头 气动元件/气管接头 个 类型：自锁 部件：公头 自锁 公头			candidate	needs_review	clarify_specs_before_use	purchase_2024_candidate_rows=1083；purchase_2024_source_rows=1084；draft_sku_id=SKU-DRAFT-001078	缺失规格：规格；口径；整理依据：口径/螺纹规格缺失；导入口径：do_not_import_missing_specs；重分类：气动元件/气管接头 -> 液压气动/气动接头；分类置信度：high；气管接头公头属于气动接头。	2026-07-03
PIPE-000230	自锁气管接头螺母	类型：自锁；部件：螺母		液压气动/气动接头	个			自锁气管接头螺母	PIPE-000230 自锁气管接头螺母 气动元件/气管接头 个 类型：自锁 部件：螺母 自锁 螺母			candidate	needs_review	clarify_specs_before_use	purchase_2024_candidate_rows=1084；purchase_2024_source_rows=1085；draft_sku_id=SKU-DRAFT-001079	缺失规格：规格；口径；整理依据：口径/螺纹规格缺失；导入口径：do_not_import_missing_specs；重分类：气动元件/气管接头 -> 液压气动/气动接头；分类置信度：high；气管接头螺母属于气动接头配件。	2026-07-03
SPARE-000097	拉杆销子	定制：是；部件：拉杆销子		定制加工件/金属加工件	套			定做拉杆销子	SPARE-000097 拉杆销子 定制件/金属加工件 套 定制：是 部件：拉杆销子 定做拉杆销子 是			candidate	needs_review	clarify_specs_before_use	purchase_2024_candidate_rows=1085；purchase_2024_source_rows=1086；draft_sku_id=SKU-DRAFT-001080	缺失规格：材质；尺寸；整理依据：可建档为定制件；尺寸/材质/图纸缺失；导入口径：do_not_import_missing_specs；重分类：定制件/金属加工件 -> 定制加工件/金属加工件；分类置信度：high；拉杆销子为定制金属加工件。	2026-07-03
SPARE-000098	四氟垫片	规格：55；材质：四氟/PTFE		化工胶粘涂料/密封材料	个			55四氟垫片	SPARE-000098 四氟垫片 密封材料/四氟制品 个 规格：55 材质：四氟/PTFE 55四氟垫片 55 四氟/PTFE			candidate	needs_review	clarify_specs_before_use	purchase_2024_candidate_rows=1086；purchase_2024_source_rows=1087；draft_sku_id=SKU-DRAFT-001081	缺失规格：厚度；整理依据：厚度/内外径缺失；导入口径：do_not_import_missing_specs；重分类：密封材料/四氟制品 -> 化工胶粘涂料/密封材料；分类置信度：medium；四氟垫片用于密封，定制尺寸不改变密封材料属性。	2026-07-03
SAFE-000074	防坠器	承重：300kg；长度：30米；锁具：双锁		劳保防护/高处防护	个			300KG30米防坠器双锁	SAFE-000074 防坠器 安全防护/高处防护 个 承重：300kg 长度：30米 锁具：双锁 300KG30米防坠器双锁 300kg 30米 双锁			candidate	usable	confirm_before_use	purchase_2024_candidate_rows=1087；purchase_2024_source_rows=1088；draft_sku_id=SKU-DRAFT-001082	缺失规格：品牌；整理依据：认证标准/品牌缺失；导入口径：confirm_then_import；重分类：安全防护/高处防护 -> 劳保防护/高处防护；分类置信度：high；防坠器是人员高处作业防护用品。	2026-07-03
MAT-000099	扁平吊装带	额定载荷：5T；长度：6米；颜色：彩色		吊装索具/吊带	根			彩色吊带5*6米	MAT-000099 扁平吊装带 吊装索具/吊带 根 额定载荷：5T 长度：6米 颜色：彩色 彩色吊带5*6米 5T 6米 彩色			candidate	usable	confirm_before_use	purchase_2024_candidate_rows=1088；purchase_2024_source_rows=1089；draft_sku_id=SKU-DRAFT-001083	缺失规格：规格；型号；整理依据：与同类吊装带可合并复核；单位需统一；导入口径：confirm_then_import	2026-07-03
CONST-000016	草皮	厚度/规格：3.0；特征：加厚		建筑材料/装饰材料	平方			3.0加厚草皮	CONST-000016 草皮 行政后勤/绿化用品 平方 厚度/规格：3.0 特征：加厚 3.0加厚草皮 3.0 加厚			candidate	needs_review	clarify_specs_before_use	purchase_2024_candidate_rows=1089；purchase_2024_source_rows=1090；draft_sku_id=SKU-DRAFT-001084	缺失规格：规格；厚度；整理依据：人造/天然、是否背胶缺失；厚度/规格单位不明确；导入口径：do_not_import_missing_specs；重分类：行政后勤/绿化用品 -> 建筑材料/装饰材料；分类置信度：medium；草皮用于铺装绿化装饰，旧行政后勤偏用途。	2026-07-03
MAT-000100	高压油压表	介质：油；类型：高压表		工具量具/检测仪器	个			高压油表	MAT-000100 高压油压表 仪表/压力仪表 个 介质：油 类型：高压表 高压油表 油 高压表			candidate	needs_review	clarify_specs_before_use	purchase_2024_candidate_rows=1090；purchase_2024_source_rows=1091；draft_sku_id=SKU-DRAFT-001085	缺失规格：量程；精度；整理依据：量程/接口/精度缺失；与同类高压油压表可合并复核；导入口径：do_not_import_missing_specs；重分类：仪表/压力仪表 -> 工具量具/检测仪器；分类置信度：high；油压表用于压力检测，归检测仪器。	2026-07-03
SPARE-000099	自动自吸泵	功率：1.5kW；功能：自动；类型：自吸泵		施工机具设备/泵类设备	套			1.5千瓦自动自吸泵	SPARE-000099 自动自吸泵 设备备件/泵 套 功率：1.5kW 功能：自动 类型：自吸泵 1.5千瓦自动自吸泵 1.5kW 自动 自吸泵			candidate	needs_review	clarify_specs_before_use	purchase_2024_candidate_rows=1091；purchase_2024_source_rows=1092；draft_sku_id=SKU-DRAFT-001086	缺失规格：材质；电压；流量；扬程；整理依据：流量/扬程/电压/材质缺失；导入口径：do_not_import_missing_specs；重分类：设备备件/泵 -> 施工机具设备/泵类设备；分类置信度：high；自动自吸泵为泵类设备整机。	2026-07-03
PIPE-000231	钢丝软管	规格：38；结构：钢丝增强		管材管件阀门/管材	米			38钢丝管	PIPE-000231 钢丝软管 管材/软管 米 规格：38 结构：钢丝增强 38钢丝管 38 钢丝增强			candidate	needs_review	clarify_specs_before_use	purchase_2024_candidate_rows=1092；purchase_2024_source_rows=1093；draft_sku_id=SKU-DRAFT-001087	缺失规格：材质；压力等级；整理依据：材质/压力等级缺失；导入口径：do_not_import_missing_specs；重分类：管材/软管 -> 管材管件阀门/管材；分类置信度：medium；同名可能混普通钢丝增强软管和液压高压管路，需按用途拆分确认。；分类拆分待复核：按介质/压力/旧分组拆分；同名可能混普通钢丝增强软管和液压高压管路，需按用途拆分确认。	2026-07-03
CHEM-000079	背胶草皮	厚度/规格：3.0；背胶：是		建筑材料/装饰材料	平方			3.0背胶草皮	CHEM-000079 背胶草皮 行政后勤/绿化用品 平方 厚度/规格：3.0 背胶：是 3.0背胶草皮 3.0 是			candidate	needs_review	clarify_specs_before_use	purchase_2024_candidate_rows=1093；purchase_2024_source_rows=1094；draft_sku_id=SKU-DRAFT-001088	缺失规格：规格；宽度；厚度；整理依据：人造/天然、宽度缺失；厚度/规格单位不明确；导入口径：do_not_import_missing_specs；重分类：行政后勤/绿化用品 -> 建筑材料/装饰材料；分类置信度：medium；背胶草皮为铺装装饰材料，旧行政后勤口径偏用途。	2026-07-03
METAL-000081	镀锌方钢	规格：6*6*5；表面：镀锌		金属材料/型钢	米			6*6*5镀锌方钢	METAL-000081 镀锌方钢 钢材/型材 米 规格：6*6*5 表面：镀锌 6*6*5镀锌方钢 6*6*5 镀锌			candidate	needs_review	clarify_specs_before_use	purchase_2024_candidate_rows=1094；purchase_2024_source_rows=1095；draft_sku_id=SKU-DRAFT-001089	缺失规格：材质；整理依据：规格单位/材质缺失；导入口径：do_not_import_missing_specs；重分类：钢材/型材 -> 金属材料/型钢；分类置信度：high；方钢属于型钢，镀锌为表面处理。	2026-07-03
TOOL-000156	定制铝合金梯子	定制：是；长度：4米；规格：3.5；材质：铝合金；特征：加厚		工具量具/手动工具	个			定做4米*3.5加厚铝合金梯子	TOOL-000156 定制铝合金梯子 定制件/工具治具 个 定制：是 长度：4米 规格：3.5 材质：铝合金 特征：加厚 定做4米*3.5加厚铝合金梯子 是 4米 3.5 铝合金 加厚			candidate	needs_review	clarify_specs_before_use	purchase_2024_candidate_rows=1095；purchase_2024_source_rows=1096；draft_sku_id=SKU-DRAFT-001090	缺失规格：品牌；型号；尺寸；适用设备；整理依据：可建档为定制件；承重/节数/图纸缺失；导入口径：do_not_import_missing_specs；重分类：定制件/工具治具 -> 工具量具/手动工具；分类置信度：medium；梯子是现场作业工具，定制不改变工具属性。	2026-07-03
TOOL-000157	电子秤	精度：高精度		工具量具/测量工具	台			高精度电子称	TOOL-000157 电子秤 工具/测量工具 台 精度：高精度 高精度电子称 高精度			candidate	needs_review	clarify_specs_before_use	purchase_2024_candidate_rows=1096；purchase_2024_source_rows=1097；draft_sku_id=SKU-DRAFT-001091	缺失规格：品牌；量程；整理依据：量程/精度值/品牌缺失；导入口径：do_not_import_missing_specs；重分类：工具/测量工具 -> 工具量具/测量工具；分类置信度：high；电子秤用于称量测量。	2026-07-03
TOOL-000158	刻度勺	容量范围：待补	材质:待补	工具量具/测量工具	个			刻度勺	TOOL-000158 刻度勺 工具耗材/计量工具 个 容量范围：待补 材质:待补 待补			candidate	needs_review	clarify_specs_before_use	purchase_2024_candidate_rows=1097；purchase_2024_source_rows=1098；draft_sku_id=SKU-DRAFT-001092	缺失规格：容量；整理依据：容量范围/材质缺失；导入口径：do_not_import_missing_specs；重分类：工具耗材/计量工具 -> 工具量具/测量工具；分类置信度：medium；刻度勺用于计量取样，归测量工具；旧工具耗材不准确。	2026-07-03
TOOL-000159	大开口活动扳手	品牌：世达；长度：200mm；特征：大开口		工具量具/手动工具	个			200世达大开口活动扳手	TOOL-000159 大开口活动扳手 工具/手动工具 个 品牌：世达 长度：200mm 特征：大开口 200世达大开口活动扳手 世达 200mm 大开口	世达		candidate	usable	confirm_before_use	purchase_2024_candidate_rows=1098；purchase_2024_source_rows=1099；draft_sku_id=SKU-DRAFT-001093	缺失规格：尺寸；整理依据：最大开口尺寸缺失；导入口径：confirm_then_import；重分类：工具/手动工具 -> 工具量具/手动工具；分类置信度：high；活动扳手属手动工具。	2026-07-03
TOOL-000160	万用表	型号：UT39C		工具量具/检测仪器	个			UT39C万能表	TOOL-000160 万用表 工具/电工仪表 个 型号：UT39C UT39C万能表 UT39C		UT39C	candidate	usable	confirm_before_use	purchase_2024_candidate_rows=1099；purchase_2024_source_rows=1100；draft_sku_id=SKU-DRAFT-001094	缺失规格：品牌；整理依据：品牌/校准要求缺失；导入口径：confirm_then_import；重分类：工具/电工仪表 -> 工具量具/检测仪器；分类置信度：high；万用表是电工检测仪器。	2026-07-03
TOOL-000161	钳形表	量程：2000A		工具量具/检测仪器	个			2000A钳形表	TOOL-000161 钳形表 工具/电工仪表 个 量程：2000A 2000A钳形表 2000A			candidate	needs_review	clarify_specs_before_use	purchase_2024_candidate_rows=1100；purchase_2024_source_rows=1101；draft_sku_id=SKU-DRAFT-001095	缺失规格：型号；整理依据：型号/交直流类型缺失；导入口径：do_not_import_missing_specs；重分类：工具/电工仪表 -> 工具量具/检测仪器；分类置信度：high；钳形表用于电流检测，归检测仪器。	2026-07-03
FAST-000044	内六角螺丝	规格：M14*120；头型：内六角		紧固件与连接件/螺丝	个			14*120内六角螺丝	FAST-000044 内六角螺丝 紧固件/螺丝 个 规格：M14*120 头型：内六角 14*120内六角螺丝 M14*120 内六角			candidate	needs_review	clarify_specs_before_use	purchase_2024_candidate_rows=1101；purchase_2024_source_rows=1102；draft_sku_id=SKU-DRAFT-001096	缺失规格：材质；强度等级；整理依据：材质/强度等级缺失，可能影响螺丝SKU区分；导入口径：do_not_import_missing_specs；重分类：紧固件/螺丝 -> 紧固件与连接件/螺丝；分类置信度：high；样例均为内六角螺丝，旧五金备件需归紧固件。	2026-07-03
MAT-000101	桶装水电动抽水器	用途：桶装水；驱动：电动		清洁办公后勤/生活用品	个			桶装水电动抽水	MAT-000101 桶装水电动抽水器 行政后勤/生活用品 个 用途：桶装水 驱动：电动 桶装水电动抽水 桶装水 电动			candidate	usable	confirm_before_use	purchase_2024_candidate_rows=1102；purchase_2024_source_rows=1103；draft_sku_id=SKU-DRAFT-001097	缺失规格：型号；整理依据：电源方式/型号缺失，按用途和驱动方式先建候选；导入口径：confirm_then_import；重分类：行政后勤/生活用品 -> 清洁办公后勤/生活用品；分类置信度：high；电动抽水器用于桶装水，归生活用品。	2026-07-03
TOOL-000162	手锤	重量：6磅		工具量具/手动工具	支			6磅手锤	TOOL-000162 手锤 工具/手动工具 支 重量：6磅 6磅手锤 6磅			candidate	usable	confirm_before_use	purchase_2024_candidate_rows=1103；purchase_2024_source_rows=1104；draft_sku_id=SKU-DRAFT-001098	缺失规格：材质；整理依据：柄材质缺失，按重量先建候选；导入口径：confirm_then_import；重分类：工具/手动工具 -> 工具量具/手动工具；分类置信度：high；手锤属手动工具。	2026-07-03
TOOL-000163	手锤	重量：8磅		工具量具/手动工具	支			8磅手锤	TOOL-000163 手锤 工具/手动工具 支 重量：8磅 8磅手锤 8磅			candidate	usable	confirm_before_use	purchase_2024_candidate_rows=1104；purchase_2024_source_rows=1105；draft_sku_id=SKU-DRAFT-001099	缺失规格：材质；整理依据：柄材质缺失，按重量先建候选；导入口径：confirm_then_import；重分类：工具/手动工具 -> 工具量具/手动工具；分类置信度：high；手锤属手动工具。	2026-07-03
TOOL-000164	钉锤	规格：大号		工具量具/手动工具	支			大钉锤	TOOL-000164 钉锤 工具/手动工具 支 规格：大号 大钉锤 大号			candidate	needs_review	clarify_specs_before_use	purchase_2024_candidate_rows=1105；purchase_2024_source_rows=1106；draft_sku_id=SKU-DRAFT-001100	缺失规格：材质；整理依据：重量/柄材质缺失，“大号”不足以稳定区分钉锤SKU；导入口径：do_not_import_missing_specs；重分类：工具/手动工具 -> 工具量具/手动工具；分类置信度：high；钉锤是敲击类手动工具。	2026-07-03
TOOL-000165	撬棍	长度：1.3m；规格：30		工具量具/手动工具	支			1.3m-30撬棍	TOOL-000165 撬棍 工具/手动工具 支 长度：1.3m 规格：30 1.3m-30撬棍 1.3m 30			candidate	usable	confirm_before_use	purchase_2024_candidate_rows=1106；purchase_2024_source_rows=1107；draft_sku_id=SKU-DRAFT-001101	缺失规格：材质；整理依据：“30”规格含义未明，材质缺失，按原规格保留；导入口径：confirm_then_import；重分类：工具/手动工具 -> 工具量具/手动工具；分类置信度：high；撬棍属于手动工具，规格差异不拆类。	2026-07-03
TOOL-000166	撬棍	长度：60cm		工具量具/手动工具	支			60cm撬棍	TOOL-000166 撬棍 工具/手动工具 支 长度：60cm 60cm撬棍 60cm			candidate	needs_review	clarify_specs_before_use	purchase_2024_candidate_rows=1107；purchase_2024_source_rows=1108；draft_sku_id=SKU-DRAFT-001102	缺失规格：材质；直径；整理依据：直径/材质缺失，仅长度不足以稳定区分撬棍SKU；导入口径：do_not_import_missing_specs；重分类：工具/手动工具 -> 工具量具/手动工具；分类置信度：high；撬棍属于手动工具，规格差异不拆类。	2026-07-03
TOOL-000167	电动扳手套筒	规格：36；适用：电动扳手		工具量具/手动工具	个			36套筒电动	TOOL-000167 电动扳手套筒 工具/套筒 个 规格：36 适用：电动扳手 36套筒电动 36 电动扳手			candidate	usable	confirm_before_use	purchase_2024_candidate_rows=1108；purchase_2024_source_rows=1109；draft_sku_id=SKU-DRAFT-001103	缺失规格：长度；整理依据：方榫规格/长度缺失，按套筒规格先建候选；导入口径：confirm_then_import；重分类：工具/套筒 -> 工具量具/手动工具；分类置信度：high；套筒为扳手配套手动工具附件。	2026-07-03
FAST-000045	螺丝组件	规格：M16*70；成套：是		紧固件与连接件/螺丝	套			M16*70螺丝	FAST-000045 螺丝组件 紧固件/螺丝 套 规格：M16*70 成套：是 M16*70螺丝 M16*70 是			candidate	needs_review	clarify_specs_before_use	purchase_2024_candidate_rows=1109；purchase_2024_source_rows=1110；draft_sku_id=SKU-DRAFT-001104	缺失规格：材质；强度等级；整理依据：头型/强度等级/材质/套包含内容缺失，可能影响螺丝组件SKU区分；导入口径：do_not_import_missing_specs；重分类：紧固件/螺丝 -> 紧固件与连接件/螺丝；分类置信度：high；成套螺丝组件仍属螺丝类紧固件。	2026-07-03
MAT-000102	卸扣	额定载荷：3T		吊装索具/卸扣	个			3T卸扣	MAT-000102 卸扣 吊装索具/卸扣 个 额定载荷：3T 3T卸扣 3T			candidate	needs_review	clarify_specs_before_use	purchase_2024_candidate_rows=1110；purchase_2024_source_rows=1111；draft_sku_id=SKU-DRAFT-001105	缺失规格：型式；整理依据：型式/销轴形式缺失，可能影响卸扣SKU区分；导入口径：do_not_import_missing_specs	2026-07-03
MAT-000103	扁平吊装带	额定载荷：2T；长度：1.5m		吊装索具/吊带	个			2T*1.5m吊带	MAT-000103 扁平吊装带 吊装索具/吊带 个 额定载荷：2T 长度：1.5m 2T*1.5m吊带 2T 1.5m			candidate	usable	confirm_before_use	purchase_2024_candidate_rows=1111；purchase_2024_source_rows=1112；draft_sku_id=SKU-DRAFT-001106	缺失规格：材质；宽度；整理依据：材质/宽度缺失，单位建议复核为条或根；导入口径：confirm_then_import	2026-07-03
MAT-000104	扁平吊装带	额定载荷：1T；长度：1.5m		吊装索具/吊带	个			1T*1.5m吊带	MAT-000104 扁平吊装带 吊装索具/吊带 个 额定载荷：1T 长度：1.5m 1T*1.5m吊带 1T 1.5m			candidate	usable	confirm_before_use	purchase_2024_candidate_rows=1112；purchase_2024_source_rows=1113；draft_sku_id=SKU-DRAFT-001107	缺失规格：材质；宽度；整理依据：材质/宽度缺失，单位建议复核为条或根；导入口径：confirm_then_import	2026-07-03
MAT-000105	手扳葫芦	额定载荷：1.6T；链长：6米		吊装索具/葫芦	个			1.6T*6米手扳葫芦	MAT-000105 手扳葫芦 吊装索具/葫芦 个 额定载荷：1.6T 链长：6米 1.6T*6米手扳葫芦 1.6T 6米			candidate	usable	confirm_before_use	purchase_2024_candidate_rows=1113；purchase_2024_source_rows=1114；draft_sku_id=SKU-DRAFT-001108	缺失规格：品牌；整理依据：品牌/标准缺失，单位建议复核为台；导入口径：confirm_then_import	2026-07-03
PIPE-000232	气管	外径：10mm		液压气动/气管	米			10mm气管	PIPE-000232 气管 气动元件/气管 米 外径：10mm 10mm气管 10mm			candidate	needs_review	clarify_specs_before_use	purchase_2024_candidate_rows=1114；purchase_2024_source_rows=1115；draft_sku_id=SKU-DRAFT-001109	缺失规格：材质；颜色；整理依据：材质/颜色/耐压缺失，可能影响气管SKU区分；导入口径：do_not_import_missing_specs；重分类：气动元件/气管 -> 液压气动/气管；分类置信度：high；10mm和16mm气管属于气动管路。	2026-07-03
SAFE-000075	灭火器	规格：2kg		安全消防/消防器材	个			灭火器2KG	SAFE-000075 灭火器 消防材料/灭火器 个 规格：2kg 灭火器2KG 2kg			candidate	needs_review	clarify_specs_before_use	purchase_2024_candidate_rows=1115；purchase_2024_source_rows=1116；draft_sku_id=SKU-DRAFT-001110	缺失规格：类型；材质；安全等级；认证标准；整理依据：灭火剂类型/有效期缺失，无法稳定区分灭火器SKU；导入口径：do_not_import_missing_specs；重分类：消防材料/灭火器 -> 安全消防/消防器材；分类置信度：high；灭火器属于消防器材。	2026-07-03
SAFE-000076	灭火器箱	类型：灭火器箱		安全消防/消防器材	个			灭火器箱子	SAFE-000076 灭火器箱 消防材料/灭火器箱 个 类型：灭火器箱 灭火器箱子			candidate	needs_review	clarify_specs_before_use	purchase_2024_candidate_rows=1116；purchase_2024_source_rows=1117；draft_sku_id=SKU-DRAFT-001111	缺失规格：材质；尺寸；整理依据：容纳数量/材质/尺寸缺失，无法稳定区分灭火器箱SKU；导入口径：do_not_import_missing_specs；重分类：消防材料/灭火器箱 -> 安全消防/消防器材；分类置信度：high；灭火器箱属于消防器材配套箱。	2026-07-03
PIPE-000233	气管	外径：16mm		液压气动/气管	米			16mm气管	PIPE-000233 气管 气动元件/气管 米 外径：16mm 16mm气管 16mm			candidate	needs_review	clarify_specs_before_use	purchase_2024_candidate_rows=1117；purchase_2024_source_rows=1118；draft_sku_id=SKU-DRAFT-001112	缺失规格：材质；颜色；整理依据：材质/颜色/耐压缺失，可能影响气管SKU区分；导入口径：do_not_import_missing_specs；重分类：气动元件/气管 -> 液压气动/气管；分类置信度：high；10mm和16mm气管属于气动管路。	2026-07-03
TOOL-000168	钢丝钳	品牌：世达		工具量具/手动工具	个			世达老虎钳；老虎钳	TOOL-000168 钢丝钳 工具/手动工具 个 品牌：世达 世达老虎钳 老虎钳 世达	世达		candidate	needs_review	clarify_specs_before_use	purchase_2024_candidate_rows=1118；purchase_2024_source_rows=1119；draft_sku_id=SKU-DRAFT-001113	缺失规格：规格；长度；整理依据：规格长度缺失，无法稳定区分钢丝钳SKU；导入口径：do_not_import_missing_specs；重分类：工具/手动工具 -> 工具量具/手动工具；分类置信度：high；钢丝钳即老虎钳，为手动工具。	2026-07-03
TOOL-000169	十字螺丝刀	规格：6*250；类型：十字		工具量具/手动工具	个			6*250十字螺丝刀	TOOL-000169 十字螺丝刀 工具/手动工具 个 规格：6*250 类型：十字 6*250十字螺丝刀 6*250 十字			candidate	usable	confirm_before_use	purchase_2024_candidate_rows=1119；purchase_2024_source_rows=1120；draft_sku_id=SKU-DRAFT-001114	缺失规格：品牌；材质；整理依据：材质/品牌缺失，按规格和刀头类型先建候选；导入口径：confirm_then_import；重分类：工具/手动工具 -> 工具量具/手动工具；分类置信度：high；螺丝刀为手动工具。	2026-07-03
TOOL-000170	一字螺丝刀	规格：6*250；类型：一字		工具量具/手动工具	个			6*250一字螺丝刀	TOOL-000170 一字螺丝刀 工具/手动工具 个 规格：6*250 类型：一字 6*250一字螺丝刀 6*250 一字			candidate	usable	confirm_before_use	purchase_2024_candidate_rows=1120；purchase_2024_source_rows=1121；draft_sku_id=SKU-DRAFT-001115	缺失规格：品牌；材质；整理依据：材质/品牌缺失，按规格和刀头类型先建候选；导入口径：confirm_then_import；重分类：工具/手动工具 -> 工具量具/手动工具；分类置信度：high；一字螺丝刀属于手动工具。	2026-07-03
ELEC-000133	电工胶布	品牌：3M；类型：电工胶布		电气电料/绝缘材料	卷			3m电胶布	ELEC-000133 电工胶布 电气材料/绝缘材料 卷 品牌：3M 类型：电工胶布 3m电胶布 3M	3M		candidate	needs_review	clarify_specs_before_use	purchase_2024_candidate_rows=1121；purchase_2024_source_rows=1122；draft_sku_id=SKU-DRAFT-001116	缺失规格：长度；宽度；颜色；整理依据：宽度/长度/颜色缺失，可能影响电工胶布SKU区分；导入口径：do_not_import_missing_specs；重分类：电气材料/绝缘材料 -> 电气电料/绝缘材料；分类置信度：high；电工胶布是电气绝缘材料。	2026-07-03
ELEC-000134	防水电工胶布	宽度：25mm；功能：防水		电气电料/绝缘材料	卷			25mm电工防水胶布	ELEC-000134 防水电工胶布 电气材料/绝缘材料 卷 宽度：25mm 功能：防水 25mm电工防水胶布 25mm 防水			candidate	needs_review	clarify_specs_before_use	purchase_2024_candidate_rows=1122；purchase_2024_source_rows=1123；draft_sku_id=SKU-DRAFT-001117	缺失规格：品牌；长度；颜色；整理依据：长度/品牌/颜色缺失，可能影响防水电工胶布SKU区分；导入口径：do_not_import_missing_specs；重分类：电气材料/绝缘材料 -> 电气电料/绝缘材料；分类置信度：high；电工防水胶布用于电气绝缘防水。	2026-07-03
TOOL-000171	游标卡尺	品牌：得力；量程：300mm；精度：高精度		工具量具/测量工具	个			300mm得力高精度卡尺	TOOL-000171 游标卡尺 工具/测量工具 个 品牌：得力 量程：300mm 精度：高精度 300mm得力高精度卡尺 得力 300mm 高精度	得力		candidate	usable	confirm_before_use	purchase_2024_candidate_rows=1123；purchase_2024_source_rows=1124；draft_sku_id=SKU-DRAFT-001118	缺失规格：型号；整理依据：精度值需确认，按品牌/量程/高精度描述先建候选；导入口径：confirm_then_import；重分类：工具/测量工具 -> 工具量具/测量工具；分类置信度：high；游标卡尺是测量工具。	2026-07-03
ELEC-000135	工业插头	电流：25A；电压：380V		电气电料/插头插座	个			25A380V插头	ELEC-000135 工业插头 电气材料/插头插座 个 电流：25A 电压：380V 25A380V插头 25A 380V			candidate	needs_review	clarify_specs_before_use	purchase_2024_candidate_rows=1124；purchase_2024_source_rows=1125；draft_sku_id=SKU-DRAFT-001119	缺失规格：品牌；型号；安装方式；整理依据：极数/防护等级缺失，可能影响工业插头SKU区分；导入口径：do_not_import_missing_specs；重分类：电气材料/插头插座 -> 电气电料/插头插座；分类置信度：high；工业插头属插头插座类电料。	2026-07-03
TOOL-000172	铝合金梯子	定制：是；长度：4米；规格：5.2；材质：铝合金；特征：加厚		工具量具/登高工具	个			定做4米*5.2加厚铝合金梯子	TOOL-000172 铝合金梯子 定制件/工具治具 个 定制：是 长度：4米 规格：5.2 材质：铝合金 特征：加厚 定做4米*5.2加厚铝合金梯子 是 4米 5.2 铝合金 加厚			candidate	needs_review	clarify_specs_before_use	purchase_2024_candidate_rows=1125；purchase_2024_source_rows=1126；draft_sku_id=SKU-DRAFT-001120	缺失规格：品牌；型号；尺寸；适用设备；整理依据：定制件承重/节数/图纸缺失，规格5.2含义需确认；导入口径：do_not_import_missing_specs；重分类：定制件/工具治具 -> 工具量具/登高工具；分类置信度：high；新建二级登高工具；定制仅影响尺寸，物料仍为梯子。	2026-07-03
PIPE-000234	高压内接头	定制：是；型号/规格：52H42；类型：内接高压		定制加工件/管路接头	个			定做52H42内接高压	PIPE-000234 高压内接头 定制件/液压接头 个 定制：是 型号/规格：52H42 类型：内接高压 定做52H42内接高压 是 52H42 内接高压			candidate	needs_review	clarify_specs_before_use	purchase_2024_candidate_rows=1126；purchase_2024_source_rows=1127；draft_sku_id=SKU-DRAFT-001121	缺失规格：压力等级；整理依据：定制件螺纹/压力等级/图纸缺失，无法稳定区分高压内接头SKU；导入口径：do_not_import_missing_specs；重分类：定制件/液压接头 -> 定制加工件/管路接头；分类置信度：high；样例均为定做高压内接头，归定制管路接头。	2026-07-03
PIPE-000235	高压内接头	定制：是；型号/规格：36H28；类型：内接高压		定制加工件/管路接头	个			定做36H28内接高压	PIPE-000235 高压内接头 定制件/液压接头 个 定制：是 型号/规格：36H28 类型：内接高压 定做36H28内接高压 是 36H28 内接高压			candidate	needs_review	clarify_specs_before_use	purchase_2024_candidate_rows=1127；purchase_2024_source_rows=1128；draft_sku_id=SKU-DRAFT-001122	缺失规格：压力等级；整理依据：定制件螺纹/压力等级/图纸缺失，无法稳定区分高压内接头SKU；导入口径：do_not_import_missing_specs；重分类：定制件/液压接头 -> 定制加工件/管路接头；分类置信度：high；样例均为定做高压内接头，归定制管路接头。	2026-07-03
PIPE-000236	高压内接头	定制：是；型号/规格：30H20；类型：内接高压		定制加工件/管路接头	个			定做30H20内接高压	PIPE-000236 高压内接头 定制件/液压接头 个 定制：是 型号/规格：30H20 类型：内接高压 定做30H20内接高压 是 30H20 内接高压			candidate	needs_review	clarify_specs_before_use	purchase_2024_candidate_rows=1128；purchase_2024_source_rows=1129；draft_sku_id=SKU-DRAFT-001123	缺失规格：压力等级；整理依据：定制件螺纹/压力等级/图纸缺失，无法稳定区分高压内接头SKU；导入口径：do_not_import_missing_specs；重分类：定制件/液压接头 -> 定制加工件/管路接头；分类置信度：high；样例均为定做高压内接头，归定制管路接头。	2026-07-03
PIPE-000237	高压内接头	定制：是；型号/规格：26H20；类型：内接高压		定制加工件/管路接头	个			定做26H20内接高压	PIPE-000237 高压内接头 定制件/液压接头 个 定制：是 型号/规格：26H20 类型：内接高压 定做26H20内接高压 是 26H20 内接高压			candidate	needs_review	clarify_specs_before_use	purchase_2024_candidate_rows=1129；purchase_2024_source_rows=1130；draft_sku_id=SKU-DRAFT-001124	缺失规格：压力等级；整理依据：定制件螺纹/压力等级/图纸缺失，无法稳定区分高压内接头SKU；导入口径：do_not_import_missing_specs；重分类：定制件/液压接头 -> 定制加工件/管路接头；分类置信度：high；样例均为定做高压内接头，归定制管路接头。	2026-07-03
SAFE-000077	雨鞋	品牌：回力；特征：加厚		劳保防护/足部防护	双			回力加厚雨鞋	SAFE-000077 雨鞋 劳保耗材/足部防护 双 品牌：回力 特征：加厚 回力加厚雨鞋 回力 加厚	回力		candidate	needs_review	clarify_specs_before_use	purchase_2024_candidate_rows=1130；purchase_2024_source_rows=1131；draft_sku_id=SKU-DRAFT-001125	缺失规格：类型；材质；规格；安全等级；认证标准；整理依据：尺码缺失，无法稳定区分雨鞋SKU；导入口径：do_not_import_missing_specs；重分类：劳保耗材/足部防护 -> 劳保防护/足部防护；分类置信度：high；雨鞋属于足部防护，雨具属性不单独分类。	2026-07-03
ADMIN-000034	垃圾袋	规格：100*120		清洁办公后勤/清洁耗材	个			100*120垃圾袋	ADMIN-000034 垃圾袋 行政后勤/清洁用品 个 规格：100*120 100*120垃圾袋 100*120			candidate	needs_review	clarify_specs_before_use	purchase_2024_candidate_rows=1131；purchase_2024_source_rows=1132；draft_sku_id=SKU-DRAFT-001126	缺失规格：厚度；每包数量；整理依据：厚度/每包数量缺失，可能影响垃圾袋SKU区分；导入口径：do_not_import_missing_specs；重分类：行政后勤/清洁用品 -> 清洁办公后勤/清洁耗材；分类置信度：high；垃圾袋是清洁消耗品，旧劳保耗材错误。	2026-07-03
CHEM-000080	硅胶枪	适用材料：玻璃胶/硅胶		工具量具/手动工具	个			玻璃硅胶枪	CHEM-000080 硅胶枪 工具/施胶工具 个 适用材料：玻璃胶/硅胶 玻璃硅胶枪 玻璃胶/硅胶			candidate	needs_review	clarify_specs_before_use	purchase_2024_candidate_rows=1132；purchase_2024_source_rows=1133；draft_sku_id=SKU-DRAFT-001127	缺失规格：规格；整理依据：结构类型/规格缺失，无法稳定区分硅胶枪SKU；导入口径：do_not_import_missing_specs；重分类：工具/施胶工具 -> 工具量具/手动工具；分类置信度：high；硅胶枪为手动施胶工具。	2026-07-03
PIPE-000238	高压内外牙弯头	定制：是；规格：52；连接：内外牙；类型：弯头		定制加工件/管路接头	个			定做52高压内外牙弯头	PIPE-000238 高压内外牙弯头 定制件/液压接头 个 定制：是 规格：52 连接：内外牙 类型：弯头 定做52高压内外牙弯头 是 52 内外牙 弯头			candidate	needs_review	clarify_specs_before_use	purchase_2024_candidate_rows=1133；purchase_2024_source_rows=1134；draft_sku_id=SKU-DRAFT-001128	缺失规格：压力等级；整理依据：定制件螺纹/角度/压力等级/图纸缺失，无法稳定区分弯头SKU；导入口径：do_not_import_missing_specs；重分类：定制件/液压接头 -> 定制加工件/管路接头；分类置信度：high；定做高压内外牙弯头为非标管路接头。	2026-07-03
SAFE-000078	创可贴	品类：创可贴		劳保防护/急救用品	个			创可贴	SAFE-000078 创可贴 劳保耗材/急救用品 个 品类：创可贴			candidate	usable	confirm_before_use	purchase_2024_candidate_rows=1134；purchase_2024_source_rows=1135；draft_sku_id=SKU-DRAFT-001129	缺失规格：规格；包装规格；整理依据：包装规格需确认，按通用品类先建候选；导入口径：confirm_then_import；重分类：劳保耗材/急救用品 -> 劳保防护/急救用品；分类置信度：medium；创可贴为现场急救劳保用品；推荐二级无急救用品，新增二级。	2026-07-03
SAFE-000079	立式灭火标志	类型：立式；用途：灭火标志		安全消防/警示标识	套			立式灭火标志	SAFE-000079 立式灭火标志 消防材料/消防标识 套 类型：立式 用途：灭火标志 立式 灭火标志			candidate	needs_review	clarify_specs_before_use	purchase_2024_candidate_rows=1135；purchase_2024_source_rows=1136；draft_sku_id=SKU-DRAFT-001130	缺失规格：材质；尺寸；整理依据：尺寸/材质缺失，无法稳定区分消防标识SKU；导入口径：do_not_import_missing_specs；重分类：消防材料/消防标识 -> 安全消防/警示标识；分类置信度：high；灭火标志属于消防警示标识。	2026-07-03
SPARE-000100	鼓风机	功率：2.2kW		施工机具设备/风机设备	个			2.2千瓦鼓风机	SPARE-000100 鼓风机 设备备件/风机 个 功率：2.2kW 2.2千瓦鼓风机 2.2kW			candidate	needs_review	clarify_specs_before_use	purchase_2024_candidate_rows=1136；purchase_2024_source_rows=1137；draft_sku_id=SKU-DRAFT-001131	缺失规格：型号；电压；整理依据：风量/风压/电压/型号缺失，无法稳定区分鼓风机SKU；导入口径：do_not_import_missing_specs；重分类：设备备件/风机 -> 施工机具设备/风机设备；分类置信度：medium；新建二级风机设备；鼓风机为小型设备整机，旧备件需确认。	2026-07-03
WELD-000026	电焊机套装	配置：含焊线		焊接切割/焊接设备	套			电焊机含线	WELD-000026 电焊机套装 焊割设备/焊机 套 配置：含焊线 电焊机含线 含焊线			candidate	needs_review	clarify_specs_before_use	purchase_2024_candidate_rows=1137；purchase_2024_source_rows=1138；draft_sku_id=SKU-DRAFT-001132	缺失规格：型号；功率；电压；整理依据：型号/功率/电压/焊机类型缺失，无法稳定区分电焊机套装SKU；导入口径：do_not_import_missing_specs；重分类：焊割设备/焊机 -> 焊接切割/焊接设备；分类置信度：medium；电焊机为焊接设备，标准表无焊接设备二级，新增二级。	2026-07-03
MAT-000106	高压清洗机	品牌：黑马；电压：380V；功率：5.5kW		施工机具设备/清洗设备	套			黑马380V*5.5千瓦高压清洗机	MAT-000106 高压清洗机 清洗设备/高压清洗机 套 品牌：黑马 电压：380V 功率：5.5kW 黑马380V*5.5千瓦高压清洗机 黑马 380V 5.5kW	黑马		candidate	needs_review	clarify_specs_before_use	purchase_2024_candidate_rows=1139；purchase_2024_source_rows=1140；draft_sku_id=SKU-DRAFT-001133	缺失规格：型号；流量；整理依据：压力/流量/型号缺失，无法稳定区分高压清洗机SKU；导入口径：do_not_import_missing_specs；重分类：清洗设备/高压清洗机 -> 施工机具设备/清洗设备；分类置信度：high；新建二级清洗设备；高压清洗机为现场清洗机具。	2026-07-03
SAFE-000080	五点式安全带	型式：五点式；缓冲：是		劳保防护/高处防护	个			五点式缓冲安全带	SAFE-000080 五点式安全带 安全防护/高处防护 个 型式：五点式 缓冲：是 五点式缓冲安全带 五点式 是			candidate	needs_review	clarify_specs_before_use	purchase_2024_candidate_rows=1140；purchase_2024_source_rows=1141；draft_sku_id=SKU-DRAFT-001134	缺失规格：类型；材质；规格；安全等级；认证标准；整理依据：认证标准/挂钩类型缺失，可能影响安全带SKU区分；导入口径：do_not_import_missing_specs；重分类：安全防护/高处防护 -> 劳保防护/高处防护；分类置信度：high；五点式安全带是人员高处防坠防护用品。	2026-07-03
WELD-000027	氧气瓶手推车	适用气体：氧气；类型：手推车		施工机具设备/搬运设备	个			氧气手推车	WELD-000027 氧气瓶手推车 焊割设备/气瓶搬运 个 适用气体：氧气 类型：手推车 氧气手推车 氧气 手推车			candidate	usable	confirm_before_use	purchase_2024_candidate_rows=1141；purchase_2024_source_rows=1142；draft_sku_id=SKU-DRAFT-001135	缺失规格：规格；整理依据：适配瓶规格/承重缺失，按适用气体和手推车类型先建候选；导入口径：confirm_then_import；重分类：焊割设备/气瓶搬运 -> 施工机具设备/搬运设备；分类置信度：high；氧气瓶手推车是现场气瓶搬运设备。	2026-07-03
WELD-000028	乙炔瓶手推车	适用气体：乙炔；类型：手推车		施工机具设备/搬运设备	个			乙炔手推车	WELD-000028 乙炔瓶手推车 焊割设备/气瓶搬运 个 适用气体：乙炔 类型：手推车 乙炔手推车 乙炔 手推车			candidate	usable	confirm_before_use	purchase_2024_candidate_rows=1142；purchase_2024_source_rows=1143；draft_sku_id=SKU-DRAFT-001136	缺失规格：规格；整理依据：适配瓶规格/承重缺失，按适用气体和手推车类型先建候选；导入口径：confirm_then_import；重分类：焊割设备/气瓶搬运 -> 施工机具设备/搬运设备；分类置信度：high；乙炔瓶手推车是气瓶搬运设备，旧焊割设备需转施工机具设备。	2026-07-03
METAL-000082	角钢	规格：40*5		金属材料/型钢	米			40*5角铁	METAL-000082 角钢 钢材/型材 米 规格：40*5 40*5角铁 40*5			candidate	needs_review	clarify_specs_before_use	purchase_2024_candidate_rows=1143；purchase_2024_source_rows=1144；draft_sku_id=SKU-DRAFT-001137	缺失规格：材质；执行标准；整理依据：材质/执行标准缺失，可能影响角钢SKU区分；导入口径：do_not_import_missing_specs；重分类：钢材/型材 -> 金属材料/型钢；分类置信度：high；角钢/角铁属于型钢。	2026-07-03
ADMIN-000035	竹扫把	规格：大号；材质：竹		清洁办公后勤/清洁工具	个			大号竹扫把	ADMIN-000035 竹扫把 行政后勤/清洁用品 个 规格：大号 材质：竹 大号竹扫把 大号 竹			candidate	usable	confirm_before_use	purchase_2024_candidate_rows=1145；purchase_2024_source_rows=1146；draft_sku_id=SKU-DRAFT-001138	缺失规格：长度；整理依据：长度缺失，按大号竹扫把先建候选；导入口径：confirm_then_import；重分类：行政后勤/清洁用品 -> 清洁办公后勤/清洁工具；分类置信度：high；竹扫把是清洁工具。	2026-07-03
TOOL-000173	铁锹柄	部件：柄；适用：铁锹		工具量具/工具配件	个			铁锹柄	TOOL-000173 铁锹柄 工具备件/手动工具配件 个 部件：柄 适用：铁锹 柄 铁锹			candidate	needs_review	clarify_specs_before_use	purchase_2024_candidate_rows=1146；purchase_2024_source_rows=1147；draft_sku_id=SKU-DRAFT-001139	缺失规格：材质；长度；整理依据：材质/长度缺失，无法稳定区分铁锹柄SKU；导入口径：do_not_import_missing_specs；重分类：工具备件/手动工具配件 -> 工具量具/工具配件；分类置信度：high；新建二级工具配件；铁锹柄是手动工具配件。	2026-07-03
PIPE-000239	生料带	特征：加厚		管材管件阀门/水暖五金	个			加厚生料带	PIPE-000239 生料带 管道耗材/密封材料 个 特征：加厚 加厚生料带 加厚			candidate	needs_review	clarify_specs_before_use	purchase_2024_candidate_rows=1147；purchase_2024_source_rows=1148；draft_sku_id=SKU-DRAFT-001140	缺失规格：长度；宽度；整理依据：宽度/长度/密度缺失，无法稳定区分生料带SKU；导入口径：do_not_import_missing_specs；重分类：管道耗材/密封材料 -> 管材管件阀门/水暖五金；分类置信度：high；生料带用于管螺纹密封，归水暖五金；工程材料旧类目过宽。	2026-07-03
PIPE-000240	焊接异径接头	规格：168*89；类型：大小头；连接：焊接		管材管件阀门/异径接头	个			168*89焊接大小头	PIPE-000240 焊接异径接头 管件/焊接管件 个 规格：168*89 类型：大小头 连接：焊接 168*89焊接大小头 168*89 大小头 焊接			candidate	needs_review	clarify_specs_before_use	purchase_2024_candidate_rows=1148；purchase_2024_source_rows=1149；draft_sku_id=SKU-DRAFT-001141	缺失规格：材质；壁厚；整理依据：材质/壁厚/标准缺失，可能影响焊接异径接头SKU区分；导入口径：do_not_import_missing_specs；重分类：管件/焊接管件 -> 管材管件阀门/异径接头；分类置信度：high；样例均为焊接大小头，工程材料旧类目过宽；新增异径接头二级。	2026-07-03
PIPE-000241	焊接异径接头	规格：168*60；类型：大小头；连接：焊接		管材管件阀门/异径接头	个			168*60焊接大小头	PIPE-000241 焊接异径接头 管件/焊接管件 个 规格：168*60 类型：大小头 连接：焊接 168*60焊接大小头 168*60 大小头 焊接			candidate	needs_review	clarify_specs_before_use	purchase_2024_candidate_rows=1149；purchase_2024_source_rows=1150；draft_sku_id=SKU-DRAFT-001142	缺失规格：材质；壁厚；整理依据：材质/壁厚/标准缺失，可能影响焊接异径接头SKU区分；导入口径：do_not_import_missing_specs；重分类：管件/焊接管件 -> 管材管件阀门/异径接头；分类置信度：high；样例均为焊接大小头，工程材料旧类目过宽；新增异径接头二级。	2026-07-03
PIPE-000242	镀锌三通	公称直径：DN80；表面：镀锌；类型：三通		管材管件阀门/三通	个			DN80镀锌三通	PIPE-000242 镀锌三通 管件/镀锌管件 个 公称直径：DN80 表面：镀锌 类型：三通 DN80镀锌三通 DN80 镀锌 三通			candidate	needs_review	clarify_specs_before_use	purchase_2024_candidate_rows=1150；purchase_2024_source_rows=1151；draft_sku_id=SKU-DRAFT-001143	缺失规格：连接方式；整理依据：螺纹/沟槽/焊接连接方式需确认，可能影响镀锌三通SKU区分；导入口径：do_not_import_missing_specs；重分类：管件/镀锌管件 -> 管材管件阀门/三通；分类置信度：high；三通为标准管件，镀锌只是材质表面处理。	2026-07-03
PIPE-000243	镀锌外丝接头	公称直径：DN80；连接：外丝；表面处理：镀锌		管材管件阀门/直接	个			DN80镀锌外丝	PIPE-000243 镀锌外丝接头 管件/镀锌管件 个 公称直径：DN80 连接：外丝 表面处理：镀锌 DN80镀锌外丝 DN80 外丝 镀锌			candidate	usable	confirm_before_use	purchase_2024_candidate_rows=1151；purchase_2024_source_rows=1152；draft_sku_id=SKU-DRAFT-001144	缺失规格：直径；整理依据：螺纹标准缺失，按公称直径和外丝连接先建候选；导入口径：confirm_then_import；重分类：管件/镀锌管件 -> 管材管件阀门/直接；分类置信度：high；外丝接头为管路直通连接件。	2026-07-03
PIPE-000244	球阀	品牌：埃美柯；公称直径：DN80		管材管件阀门/阀门	个			DN80埃美柯球阀	PIPE-000244 球阀 阀门/球阀 个 品牌：埃美柯 公称直径：DN80 DN80埃美柯球阀 埃美柯 DN80	埃美柯		candidate	needs_review	clarify_specs_before_use	purchase_2024_candidate_rows=1152；purchase_2024_source_rows=1153；draft_sku_id=SKU-DRAFT-001145	缺失规格：材质；压力等级；连接方式；整理依据：材质/压力等级/连接方式缺失，可能影响球阀SKU区分；导入口径：do_not_import_missing_specs；重分类：阀门/球阀 -> 管材管件阀门/阀门；分类置信度：high；样例均为DN规格球阀。	2026-07-03
PIPE-000245	球阀	品牌：埃美柯；公称直径：DN50		管材管件阀门/阀门	个			DN50埃美柯球阀	PIPE-000245 球阀 阀门/球阀 个 品牌：埃美柯 公称直径：DN50 DN50埃美柯球阀 埃美柯 DN50	埃美柯		candidate	needs_review	clarify_specs_before_use	purchase_2024_candidate_rows=1153；purchase_2024_source_rows=1154；draft_sku_id=SKU-DRAFT-001146	缺失规格：材质；压力等级；连接方式；整理依据：材质/压力等级/连接方式缺失，可能影响球阀SKU区分；导入口径：do_not_import_missing_specs；重分类：阀门/球阀 -> 管材管件阀门/阀门；分类置信度：high；样例均为DN规格球阀。	2026-07-03
PIPE-000246	铜接头	规格：DN80；材质：铜；特征：加厚		电气电料/接线端子	个			DN80厚铜头；加厚铜接头	PIPE-000246 铜接头 液压/高压管路 个 规格：DN80 材质：铜 特征：加厚 DN80厚铜头 加厚铜接头 DN80 铜 加厚			candidate	usable	confirm_before_use	purchase_2024_candidate_rows=1154；purchase_2024_source_rows=1155；draft_sku_id=SKU-DRAFT-001147	缺失规格：口径；整理依据：连接形式缺失，按规格/材质/加厚特征先建候选；导入口径：confirm_then_import；重分类：液压/高压管路 -> 电气电料/接线端子；分类置信度：high；同名同时含DN管路铜头和电缆铜接头，应拆水暖接头与接线端子。；分类拆分待复核：按用途/旧分组拆分；同名同时含DN管路铜头和电缆铜接头，应拆水暖接头与接线端子。	2026-07-03
PIPE-000247	铜接头	规格：DN50；材质：铜；特征：加厚		电气电料/接线端子	个			DN50厚铜头；加厚铜接头	PIPE-000247 铜接头 液压/高压管路 个 规格：DN50 材质：铜 特征：加厚 DN50厚铜头 加厚铜接头 DN50 铜 加厚			candidate	usable	confirm_before_use	purchase_2024_candidate_rows=1155；purchase_2024_source_rows=1156；draft_sku_id=SKU-DRAFT-001148	缺失规格：口径；整理依据：连接形式缺失，按规格/材质/加厚特征先建候选；导入口径：confirm_then_import；重分类：液压/高压管路 -> 电气电料/接线端子；分类置信度：high；同名同时含DN管路铜头和电缆铜接头，应拆水暖接头与接线端子。；分类拆分待复核：按用途/旧分组拆分；同名同时含DN管路铜头和电缆铜接头，应拆水暖接头与接线端子。	2026-07-03
PIPE-000248	外丝接头	加工：是；规格：89；连接：外丝		定制加工件/管路接头	个			加工89外丝接头	PIPE-000248 外丝接头 定制件/管路接头 个 加工：是 规格：89 连接：外丝 加工89外丝接头 是 89 外丝			candidate	needs_review	clarify_specs_before_use	purchase_2024_candidate_rows=1156；purchase_2024_source_rows=1157；draft_sku_id=SKU-DRAFT-001149	缺失规格：材质；整理依据：定制件材质/螺纹标准/图纸缺失，无法唯一确定加工接头SKU；导入口径：do_not_import_missing_specs；重分类：定制件/管路接头 -> 定制加工件/管路接头；分类置信度：high；外丝接头均为加工/定做管路接头。	2026-07-03
PIPE-000249	外丝接头	加工：是；规格：60；连接：外丝		定制加工件/管路接头	个			加工60外丝接头	PIPE-000249 外丝接头 定制件/管路接头 个 加工：是 规格：60 连接：外丝 加工60外丝接头 是 60 外丝			candidate	needs_review	clarify_specs_before_use	purchase_2024_candidate_rows=1157；purchase_2024_source_rows=1158；draft_sku_id=SKU-DRAFT-001150	缺失规格：材质；整理依据：定制件材质/螺纹标准/图纸缺失，无法唯一确定加工接头SKU；导入口径：do_not_import_missing_specs；重分类：定制件/管路接头 -> 定制加工件/管路接头；分类置信度：high；外丝接头均为加工/定做管路接头。	2026-07-03
FAST-000046	螺丝组件	规格：M10*40；成套：是		紧固件与连接件/螺丝	套			M10*40螺丝	FAST-000046 螺丝组件 紧固件/螺丝 套 规格：M10*40 成套：是 M10*40螺丝 M10*40 是			candidate	needs_review	clarify_specs_before_use	purchase_2024_candidate_rows=1158；purchase_2024_source_rows=1159；draft_sku_id=SKU-DRAFT-001151	缺失规格：材质；强度等级；头型；整理依据：头型/强度等级/材质缺失，无法稳定区分螺丝组件SKU；导入口径：do_not_import_missing_specs；重分类：紧固件/螺丝 -> 紧固件与连接件/螺丝；分类置信度：high；成套螺丝组件仍属螺丝类紧固件。	2026-07-03
FAST-000047	螺丝组件	规格：M12*40；成套：是		紧固件与连接件/螺丝	套			M12*40螺丝	FAST-000047 螺丝组件 紧固件/螺丝 套 规格：M12*40 成套：是 M12*40螺丝 M12*40 是			candidate	needs_review	clarify_specs_before_use	purchase_2024_candidate_rows=1159；purchase_2024_source_rows=1160；draft_sku_id=SKU-DRAFT-001152	缺失规格：材质；强度等级；头型；整理依据：头型/强度等级/材质缺失，无法稳定区分螺丝组件SKU；导入口径：do_not_import_missing_specs；重分类：紧固件/螺丝 -> 紧固件与连接件/螺丝；分类置信度：high；成套螺丝组件仍属螺丝类紧固件。	2026-07-03
TOOL-000174	加长六角套筒	规格：5；特征：加长；类型：六角		工具量具/手动工具	个			5加长六角套筒	TOOL-000174 加长六角套筒 工具/套筒 个 规格：5 特征：加长 类型：六角 5加长六角套筒 5 加长 六角			candidate	usable	confirm_before_use	purchase_2024_candidate_rows=1160；purchase_2024_source_rows=1161；draft_sku_id=SKU-DRAFT-001153	缺失规格：长度；整理依据：方榫规格/长度缺失；导入口径：confirm_then_import；重分类：工具/套筒 -> 工具量具/手动工具；分类置信度：high；套筒是手动工具，规格差异不拆分。	2026-07-03
TOOL-000175	加长六角套筒	规格：6；特征：加长；类型：六角		工具量具/手动工具	个			6加长六角套筒	TOOL-000175 加长六角套筒 工具/套筒 个 规格：6 特征：加长 类型：六角 6加长六角套筒 6 加长 六角			candidate	usable	confirm_before_use	purchase_2024_candidate_rows=1161；purchase_2024_source_rows=1162；draft_sku_id=SKU-DRAFT-001154	缺失规格：长度；整理依据：方榫规格/长度缺失；导入口径：confirm_then_import；重分类：工具/套筒 -> 工具量具/手动工具；分类置信度：high；套筒是手动工具，规格差异不拆分。	2026-07-03
TOOL-000176	加长六角套筒	规格：7；特征：加长；类型：六角		工具量具/手动工具	个			7加长六角套筒	TOOL-000176 加长六角套筒 工具/套筒 个 规格：7 特征：加长 类型：六角 7加长六角套筒 7 加长 六角			candidate	usable	confirm_before_use	purchase_2024_candidate_rows=1162；purchase_2024_source_rows=1163；draft_sku_id=SKU-DRAFT-001155	缺失规格：长度；整理依据：方榫规格/长度缺失；导入口径：confirm_then_import；重分类：工具/套筒 -> 工具量具/手动工具；分类置信度：high；套筒是手动工具，规格差异不拆分。	2026-07-03
TOOL-000177	加长六角套筒	规格：8；特征：加长；类型：六角		工具量具/手动工具	个			8加长六角套筒	TOOL-000177 加长六角套筒 工具/套筒 个 规格：8 特征：加长 类型：六角 8加长六角套筒 8 加长 六角			candidate	usable	confirm_before_use	purchase_2024_candidate_rows=1163；purchase_2024_source_rows=1164；draft_sku_id=SKU-DRAFT-001156	缺失规格：长度；整理依据：方榫规格/长度缺失；导入口径：confirm_then_import；重分类：工具/套筒 -> 工具量具/手动工具；分类置信度：high；套筒是手动工具，规格差异不拆分。	2026-07-03
TOOL-000178	加长六角套筒	规格：10；特征：加长；类型：六角		工具量具/手动工具	个			10加长六角套筒	TOOL-000178 加长六角套筒 工具/套筒 个 规格：10 特征：加长 类型：六角 10加长六角套筒 10 加长 六角			candidate	usable	confirm_before_use	purchase_2024_candidate_rows=1164；purchase_2024_source_rows=1165；draft_sku_id=SKU-DRAFT-001157	缺失规格：长度；整理依据：方榫规格/长度缺失；导入口径：confirm_then_import；重分类：工具/套筒 -> 工具量具/手动工具；分类置信度：high；套筒是手动工具，规格差异不拆分。	2026-07-03
TOOL-000179	加长六角套筒	规格：12；特征：加长；类型：六角		工具量具/手动工具	个			12加长六角套筒	TOOL-000179 加长六角套筒 工具/套筒 个 规格：12 特征：加长 类型：六角 12加长六角套筒 12 加长 六角			candidate	usable	confirm_before_use	purchase_2024_candidate_rows=1165；purchase_2024_source_rows=1166；draft_sku_id=SKU-DRAFT-001158	缺失规格：长度；整理依据：方榫规格/长度缺失；导入口径：confirm_then_import；重分类：工具/套筒 -> 工具量具/手动工具；分类置信度：high；套筒是手动工具，规格差异不拆分。	2026-07-03
TOOL-000180	加长六角套筒	规格：14；特征：加长；类型：六角		工具量具/手动工具	个			14加长六角套筒	TOOL-000180 加长六角套筒 工具/套筒 个 规格：14 特征：加长 类型：六角 14加长六角套筒 14 加长 六角			candidate	usable	confirm_before_use	purchase_2024_candidate_rows=1166；purchase_2024_source_rows=1167；draft_sku_id=SKU-DRAFT-001159	缺失规格：长度；整理依据：方榫规格/长度缺失；导入口径：confirm_then_import；重分类：工具/套筒 -> 工具量具/手动工具；分类置信度：high；套筒是手动工具，规格差异不拆分。	2026-07-03
TOOL-000181	混凝土试模	尺寸：150*150*150		工具量具/检测仪器	个			150*150*150混凝土模具	TOOL-000181 混凝土试模 工具/检测模具 个 尺寸：150*150*150 150*150*150混凝土模具 150*150*150			candidate	usable	confirm_before_use	purchase_2024_candidate_rows=1167；purchase_2024_source_rows=1168；draft_sku_id=SKU-DRAFT-001160	缺失规格：材质；执行标准；整理依据：材质/执行标准缺失，按尺寸先建候选；导入口径：confirm_then_import；重分类：工具/检测模具 -> 工具量具/检测仪器；分类置信度：high；混凝土试模用于试验检测，归检测仪器。	2026-07-03
PIPE-000250	卡箍接头	加工：是；规格：168；类型：卡箍接头		定制加工件/管路接头	个			加工168卡箍接头	PIPE-000250 卡箍接头 定制件/管路接头 个 加工：是 规格：168 类型：卡箍接头 加工168卡箍接头 是 168			candidate	needs_review	clarify_specs_before_use	purchase_2024_candidate_rows=1168；purchase_2024_source_rows=1169；draft_sku_id=SKU-DRAFT-001161	缺失规格：材质；尺寸；整理依据：定制件材质/图纸/沟槽尺寸缺失，无法唯一确定卡箍接头SKU；导入口径：do_not_import_missing_specs；重分类：定制件/管路接头 -> 定制加工件/管路接头；分类置信度：high；加工卡箍接头属非标管路接头，规格差异不拆分。	2026-07-03
PIPE-000251	卡箍接头	加工：是；规格：89；类型：卡箍接头		定制加工件/管路接头	个			加工89卡箍接头	PIPE-000251 卡箍接头 定制件/管路接头 个 加工：是 规格：89 类型：卡箍接头 加工89卡箍接头 是 89			candidate	needs_review	clarify_specs_before_use	purchase_2024_candidate_rows=1169；purchase_2024_source_rows=1170；draft_sku_id=SKU-DRAFT-001162	缺失规格：材质；尺寸；整理依据：定制件材质/图纸/沟槽尺寸缺失，无法唯一确定卡箍接头SKU；导入口径：do_not_import_missing_specs；重分类：定制件/管路接头 -> 定制加工件/管路接头；分类置信度：high；加工卡箍接头属非标管路接头，规格差异不拆分。	2026-07-03
PIPE-000252	焊接弯头	规格：89；壁厚：10；连接：焊接		管材管件阀门/弯头	个			89*10焊接弯头	PIPE-000252 焊接弯头 管件/弯头 个 规格：89 壁厚：10 连接：焊接 89*10焊接弯头 89 10 焊接			candidate	needs_review	clarify_specs_before_use	purchase_2024_candidate_rows=1170；purchase_2024_source_rows=1171；draft_sku_id=SKU-DRAFT-001163	缺失规格：材质；整理依据：角度/材质缺失，可能影响焊接弯头SKU区分；导入口径：do_not_import_missing_specs；重分类：管件/弯头 -> 管材管件阀门/弯头；分类置信度：high；样例均为焊接弯头，工程材料旧类目过宽。	2026-07-03
PIPE-000253	焊接弯头	规格：168；壁厚：10；连接：焊接		管材管件阀门/弯头	个			168*10焊接弯头	PIPE-000253 焊接弯头 管件/弯头 个 规格：168 壁厚：10 连接：焊接 168*10焊接弯头 168 10 焊接			candidate	needs_review	clarify_specs_before_use	purchase_2024_candidate_rows=1171；purchase_2024_source_rows=1172；draft_sku_id=SKU-DRAFT-001164	缺失规格：材质；整理依据：角度/材质缺失，可能影响焊接弯头SKU区分；导入口径：do_not_import_missing_specs；重分类：管件/弯头 -> 管材管件阀门/弯头；分类置信度：high；样例均为焊接弯头，工程材料旧类目过宽。	2026-07-03
METAL-000083	扁钢	规格：50*5		金属材料/型钢	米			50*5扁铁	METAL-000083 扁钢 钢材/型材 米 规格：50*5 50*5扁铁 50*5			candidate	usable	confirm_before_use	purchase_2024_candidate_rows=1172；purchase_2024_source_rows=1173；draft_sku_id=SKU-DRAFT-001165	缺失规格：材质；执行标准；整理依据：材质/执行标准缺失，按截面规格先建候选；导入口径：confirm_then_import；重分类：钢材/型材 -> 金属材料/型钢；分类置信度：high；扁钢/扁铁属型钢材料。	2026-07-03
SPARE-000101	机械密封	型号：6205		设备备件/通用机械备件	个			6205机械密封	SPARE-000101 机械密封 备品备件/密封件 个 型号：6205 6205机械密封 6205		6205	candidate	needs_review	clarify_specs_before_use	purchase_2024_candidate_rows=1173；purchase_2024_source_rows=1174；draft_sku_id=SKU-DRAFT-001166	缺失规格：材质；整理依据：材质/适配设备缺失，型号6205不足以稳定区分机械密封SKU；导入口径：do_not_import_missing_specs；重分类：备品备件/密封件 -> 设备备件/通用机械备件；分类置信度：high；机械密封是设备通用维修备件。	2026-07-03
FAST-000048	螺丝	规格：M24*230		紧固件与连接件/螺丝	个			24*230螺丝；M24*230螺丝	FAST-000048 螺丝 紧固件/螺丝 个 规格：M24*230 24*230螺丝 M24*230螺丝 M24*230			candidate	needs_review	clarify_specs_before_use	purchase_2024_candidate_rows=1174；purchase_2024_source_rows=1175；draft_sku_id=SKU-DRAFT-001167	缺失规格：材质；强度等级；头型；整理依据：头型/强度等级/材质缺失，无法稳定区分螺丝SKU；导入口径：do_not_import_missing_specs；重分类：紧固件/螺丝 -> 紧固件与连接件/螺丝；分类置信度：high；样例均为各规格螺丝，五金备件旧口径过宽。	2026-07-03
FAST-000049	垫片	规格：M24；特征：加厚		紧固件与连接件/垫圈	个			24加厚垫片	FAST-000049 垫片 紧固件/垫圈 个 规格：M24 特征：加厚 24加厚垫片 M24 加厚			candidate	needs_review	clarify_specs_before_use	purchase_2024_candidate_rows=1175；purchase_2024_source_rows=1176；draft_sku_id=SKU-DRAFT-001168	缺失规格：材质；厚度；整理依据：材质/厚度缺失，无法稳定区分加厚垫片SKU；导入口径：do_not_import_missing_specs；重分类：紧固件/垫圈 -> 紧固件与连接件/垫圈；分类置信度：medium；标准螺栓垫圈与加工金属垫片混在一起。；分类拆分待复核：按是否定制/用途拆分；标准螺栓垫圈与加工金属垫片混在一起。	2026-07-03
FAST-000050	防松螺母	规格：M24；类型：防松		紧固件与连接件/螺母	个			24防松螺母	FAST-000050 防松螺母 紧固件/螺母 个 规格：M24 类型：防松 24防松螺母 M24 防松			candidate	needs_review	clarify_specs_before_use	purchase_2024_candidate_rows=1176；purchase_2024_source_rows=1177；draft_sku_id=SKU-DRAFT-001169	缺失规格：材质；强度等级；整理依据：材质/强度等级缺失，可能影响防松螺母SKU区分；导入口径：do_not_import_missing_specs；重分类：紧固件/螺母 -> 紧固件与连接件/螺母；分类置信度：high；防松螺母为螺母类紧固件。	2026-07-03
CHEM-000081	机油	品牌：道达尔；牌号：46#；包装：20L		化工胶粘涂料/润滑剂	桶			道达尔46#机油20升	CHEM-000081 机油 化工耗材/润滑油 桶 品牌：道达尔 牌号：46# 包装：20L 道达尔46#机油20升 道达尔 46# 20L	道达尔		candidate	usable	confirm_before_use	purchase_2024_candidate_rows=1177；purchase_2024_source_rows=1178；draft_sku_id=SKU-DRAFT-001170	缺失规格：型号；整理依据：系列型号/油品类型需确认，按品牌/牌号/包装先建候选；导入口径：confirm_then_import；重分类：化工耗材/润滑油 -> 化工胶粘涂料/润滑剂；分类置信度：high；机油属于润滑剂，旧化工耗材可归并。	2026-07-03
TOOL-000182	橡胶锤	材质：橡胶		工具量具/手动工具	个			橡皮锤	TOOL-000182 橡胶锤 工具/手动工具 个 材质：橡胶 橡皮锤 橡胶			candidate	needs_review	clarify_specs_before_use	purchase_2024_candidate_rows=1178；purchase_2024_source_rows=1179；draft_sku_id=SKU-DRAFT-001171	缺失规格：品牌；型号；规格；尺寸；适用设备；整理依据：重量/柄材质缺失，无法稳定区分橡胶锤SKU；导入口径：do_not_import_missing_specs；重分类：工具/手动工具 -> 工具量具/手动工具；分类置信度：high；橡胶锤是手动工具。	2026-07-03
PIPE-000254	焊接卡箍	加工：是；规格：219；连接：焊接		定制加工件/管路接头	个			加工219焊接卡箍	PIPE-000254 焊接卡箍 定制件/管路接头 个 加工：是 规格：219 连接：焊接 加工219焊接卡箍 是 219 焊接			candidate	needs_review	clarify_specs_before_use	purchase_2024_candidate_rows=1179；purchase_2024_source_rows=1180；draft_sku_id=SKU-DRAFT-001172	缺失规格：材质；整理依据：定制件材质/图纸/用途缺失，无法唯一确定焊接卡箍SKU；导入口径：do_not_import_missing_specs；重分类：定制件/管路接头 -> 定制加工件/管路接头；分类置信度：high；样例为加工焊接卡箍，属于非标管路接头。	2026-07-03
PIPE-000255	高压油管	规格：76*4		液压气动/高压管路	米			76*4高压油管	PIPE-000255 高压油管 液压/高压管路 米 规格：76*4 76*4高压油管 76*4			candidate	needs_review	clarify_specs_before_use	purchase_2024_candidate_rows=1180；purchase_2024_source_rows=1181；draft_sku_id=SKU-DRAFT-001173	缺失规格：材质；口径；压力等级；连接方式；壁厚；整理依据：76和4的规格含义未明，无法确认管径、层数或壁厚；导入口径：do_not_import_missing_specs；重分类：液压/高压管路 -> 液压气动/高压管路；分类置信度：high；高压油管为液压高压管路，定制只影响长度和接头。	2026-07-03
TOOL-000183	美工刀	品牌：得力；颜色：黑色		工具量具/手动工具	个			得力黑美工刀	TOOL-000183 美工刀 工具/刀具 个 品牌：得力 颜色：黑色 得力黑美工刀 得力 黑色	得力		candidate	usable	confirm_before_use	purchase_2024_candidate_rows=1181；purchase_2024_source_rows=1182；draft_sku_id=SKU-DRAFT-001174	缺失规格：宽度；整理依据：刀片宽度缺失，按品牌和颜色先建候选；导入口径：confirm_then_import；重分类：工具/刀具 -> 工具量具/手动工具；分类置信度：high；美工刀为手动切割工具。	2026-07-03
TOOL-000184	美工刀片	类型：美工刀片		工具耗材/刀片	盒			美工刀片	TOOL-000184 美工刀片 工具耗材/刀片 盒 类型：美工刀片			candidate	needs_review	clarify_specs_before_use	purchase_2024_candidate_rows=1182；purchase_2024_source_rows=1183；draft_sku_id=SKU-DRAFT-001175	缺失规格：规格；整理依据：输入单位“合”疑似“盒”；规格/片数缺失，无法稳定区分刀片SKU；导入口径：do_not_import_missing_specs	2026-07-03
MAT-000107	塑料箱	规格：大；型号/规格：75		包装覆盖周转/周转容器	个			大塑料箱75	MAT-000107 塑料箱 行政后勤/收纳用品 个 规格：大 型号/规格：75 大塑料箱75 大 75			candidate	needs_review	clarify_specs_before_use	purchase_2024_candidate_rows=1183；purchase_2024_source_rows=1184；draft_sku_id=SKU-DRAFT-001176	缺失规格：型号；尺寸；容量；整理依据：尺寸/容量缺失，型号/规格75语义需确认；导入口径：do_not_import_missing_specs；重分类：行政后勤/收纳用品 -> 包装覆盖周转/周转容器；分类置信度：medium；塑料箱本质为收纳周转容器，旧行政后勤按实物归类。	2026-07-03
PIPE-000256	法兰异径接头	加工：是；规格：34*60；连接：法兰；类型：大小头		定制加工件/管路接头	套			加工34*60法兰大小头	PIPE-000256 法兰异径接头 定制件/管路接头 套 加工：是 规格：34*60 连接：法兰 类型：大小头 加工34*60法兰大小头 是 34*60 法兰 大小头			candidate	needs_review	clarify_specs_before_use	purchase_2024_candidate_rows=1184；purchase_2024_source_rows=1185；draft_sku_id=SKU-DRAFT-001177	缺失规格：材质；压力等级；整理依据：定制件材质/压力等级/图纸缺失，无法唯一确定法兰异径接头SKU；导入口径：do_not_import_missing_specs；重分类：定制件/管路接头 -> 定制加工件/管路接头；分类置信度：high；加工法兰大小头是定制管路接头。	2026-07-03
TOOL-000185	钢丝刷	类型：钢丝刷		工具耗材/刷具	个			钢丝刷	TOOL-000185 钢丝刷 工具/清理工具 个 类型：钢丝刷			candidate	needs_review	clarify_specs_before_use	purchase_2024_candidate_rows=1185；purchase_2024_source_rows=1186；draft_sku_id=SKU-DRAFT-001178	缺失规格：尺寸；整理依据：尺寸/柄型缺失，无法稳定区分钢丝刷SKU；导入口径：do_not_import_missing_specs；重分类：工具/清理工具 -> 工具耗材/刷具；分类置信度：high；钢丝刷用于清理打磨，属刷具类工具耗材。	2026-07-03
TOOL-000186	台钳	开口：400；规格：16寸；特征：加重		工具量具/手动工具	台			加重400开口16寸台钳	TOOL-000186 台钳 工具/夹持工具 台 开口：400 规格：16寸 特征：加重 加重400开口16寸台钳 400 16寸 加重			candidate	usable	confirm_before_use	purchase_2024_candidate_rows=1186；purchase_2024_source_rows=1187；draft_sku_id=SKU-DRAFT-001179	缺失规格：品牌；型号；整理依据：品牌/型号缺失，按开口和规格先建候选；导入口径：confirm_then_import；重分类：工具/夹持工具 -> 工具量具/手动工具；分类置信度：high；台钳为夹持类手动工具。	2026-07-03
FAST-000051	螺丝	规格：M20*30		紧固件与连接件/螺丝	个			M20*30螺丝	FAST-000051 螺丝 紧固件/螺丝 个 规格：M20*30 M20*30螺丝 M20*30			candidate	needs_review	clarify_specs_before_use	purchase_2024_candidate_rows=1187；purchase_2024_source_rows=1188；draft_sku_id=SKU-DRAFT-001180	缺失规格：材质；强度等级；头型；整理依据：头型/强度等级/材质缺失，无法稳定区分螺丝SKU；导入口径：do_not_import_missing_specs；重分类：紧固件/螺丝 -> 紧固件与连接件/螺丝；分类置信度：high；样例均为各规格螺丝，五金备件旧口径过宽。	2026-07-03
FAST-000052	螺丝	规格：M20*35		紧固件与连接件/螺丝	个			M20*35螺丝	FAST-000052 螺丝 紧固件/螺丝 个 规格：M20*35 M20*35螺丝 M20*35			candidate	needs_review	clarify_specs_before_use	purchase_2024_candidate_rows=1188；purchase_2024_source_rows=1189；draft_sku_id=SKU-DRAFT-001181	缺失规格：材质；强度等级；头型；整理依据：头型/强度等级/材质缺失；同类记录存在套/个单位差异需统一；导入口径：do_not_import_missing_specs；重分类：紧固件/螺丝 -> 紧固件与连接件/螺丝；分类置信度：high；样例均为各规格螺丝，五金备件旧口径过宽。	2026-07-03
FAST-000053	螺丝	规格：M20*130		紧固件与连接件/螺丝	个			M20*130螺丝	FAST-000053 螺丝 紧固件/螺丝 个 规格：M20*130 M20*130螺丝 M20*130			candidate	needs_review	clarify_specs_before_use	purchase_2024_candidate_rows=1189；purchase_2024_source_rows=1190；draft_sku_id=SKU-DRAFT-001182	缺失规格：材质；强度等级；头型；整理依据：头型/强度等级/材质缺失，无法稳定区分螺丝SKU；导入口径：do_not_import_missing_specs；重分类：紧固件/螺丝 -> 紧固件与连接件/螺丝；分类置信度：high；样例均为各规格螺丝，五金备件旧口径过宽。	2026-07-03
TOOL-000187	内六角扳手套装	品牌：世达；规格范围：1.5-10		工具量具/手动工具	套			1.5-10世达内六角扳手	TOOL-000187 内六角扳手套装 工具/手动工具 套 品牌：世达 规格范围：1.5-10 1.5-10世达内六角扳手 世达 1.5-10	世达		candidate	usable	confirm_before_use	purchase_2024_candidate_rows=1190；purchase_2024_source_rows=1191；draft_sku_id=SKU-DRAFT-001183	缺失规格：型号；规格；整理依据：件数/型号缺失，按品牌和规格范围先建候选；导入口径：confirm_then_import；重分类：工具/手动工具 -> 工具量具/手动工具；分类置信度：high；内六角扳手套装属于手动工具。	2026-07-03
TOOL-000188	开口梅花扳手套装	品牌：世达；规格范围：8-24		工具量具/工具套装	套			8-24世达开口梅花扳手	TOOL-000188 开口梅花扳手套装 工具/手动工具 套 品牌：世达 规格范围：8-24 8-24世达开口梅花扳手 世达 8-24	世达		candidate	usable	confirm_before_use	purchase_2024_candidate_rows=1191；purchase_2024_source_rows=1192；draft_sku_id=SKU-DRAFT-001184	缺失规格：型号；规格；整理依据：件数/型号缺失，按品牌和规格范围先建候选；导入口径：confirm_then_import；重分类：工具/手动工具 -> 工具量具/工具套装；分类置信度：high；成套开口梅花扳手按工具套装归类。	2026-07-03
MAT-000108	鸭嘴吊具	额定载荷：20T；型式：鸭嘴；功能：万能		吊装索具/吊具	个			20T鸭嘴万能吊具	MAT-000108 鸭嘴吊具 吊装索具/吊具 个 额定载荷：20T 型式：鸭嘴 功能：万能 20T鸭嘴万能吊具 20T 鸭嘴 万能			candidate	usable	confirm_before_use	purchase_2024_candidate_rows=1192；purchase_2024_source_rows=1193；draft_sku_id=SKU-DRAFT-001185	缺失规格：规格；型号；整理依据：认证标准/开口范围缺失，按额定载荷和型式先建候选；导入口径：confirm_then_import	2026-07-03
SPARE-000102	轴承	品牌：TIMKEN；型号：J90354；进口：是		设备备件/通用机械备件	个			进口TIMKEN-J90354轴承	SPARE-000102 轴承 备品备件/轴承 个 品牌：TIMKEN 型号：J90354 进口：是 进口TIMKEN-J90354轴承 TIMKEN J90354 是	TIMKEN	J90354	candidate	usable	confirm_before_use	purchase_2024_candidate_rows=1193；purchase_2024_source_rows=1194；draft_sku_id=SKU-DRAFT-001186	缺失规格：图号；整理依据：轴承类型/尺寸未列，按品牌和型号先建候选；导入口径：confirm_then_import；重分类：备品备件/轴承 -> 设备备件/通用机械备件；分类置信度：high；轴承属于通用设备备件。	2026-07-03
SPARE-000103	轴套	加工：是；部件：轴套		定制加工件/金属加工件	个			加工轴套	SPARE-000103 轴套 定制件/机械加工件 个 加工：是 部件：轴套 加工轴套 是			candidate	needs_review	clarify_specs_before_use	purchase_2024_candidate_rows=1194；purchase_2024_source_rows=1195；draft_sku_id=SKU-DRAFT-001187	缺失规格：材质；尺寸；整理依据：定制件图纸/材质/尺寸缺失，无法唯一确定轴套SKU；导入口径：do_not_import_missing_specs；重分类：定制件/机械加工件 -> 定制加工件/金属加工件；分类置信度：high；加工轴套为非标金属机械加工件。	2026-07-03
SPARE-000104	管道增压泵	电压：380V；功率：3kW；类型：管道增压泵		施工机具设备/泵类设备	个			380V*3千瓦管道增压泵	SPARE-000104 管道增压泵 设备备件/泵 个 电压：380V 功率：3kW 类型：管道增压泵 380V*3千瓦管道增压泵 380V 3kW			candidate	needs_review	clarify_specs_before_use	purchase_2024_candidate_rows=1195；purchase_2024_source_rows=1196；draft_sku_id=SKU-DRAFT-001188	缺失规格：型号；口径；流量；扬程；整理依据：流量/扬程/口径/型号缺失，无法稳定区分泵类SKU；导入口径：do_not_import_missing_specs；重分类：设备备件/泵 -> 施工机具设备/泵类设备；分类置信度：high；管道增压泵为泵类整机，旧设备备件口径偏维修。	2026-07-03
SPARE-000105	管道增压泵	电压：380V；功率：1.5kW；类型：管道增压泵		施工机具设备/泵类设备	个			380V*1.5千瓦管道增压泵	SPARE-000105 管道增压泵 设备备件/泵 个 电压：380V 功率：1.5kW 类型：管道增压泵 380V*1.5千瓦管道增压泵 380V 1.5kW			candidate	needs_review	clarify_specs_before_use	purchase_2024_candidate_rows=1196；purchase_2024_source_rows=1197；draft_sku_id=SKU-DRAFT-001189	缺失规格：型号；口径；流量；扬程；整理依据：流量/扬程/口径/型号缺失，无法稳定区分泵类SKU；导入口径：do_not_import_missing_specs；重分类：设备备件/泵 -> 施工机具设备/泵类设备；分类置信度：high；管道增压泵为泵类整机，旧设备备件口径偏维修。	2026-07-03
SPARE-000106	变频自吸泵	功率：1.5kW；控制：全自动变频；类型：自吸泵		施工机具设备/泵类设备	个			全自动变频自吸泵1.5千瓦	SPARE-000106 变频自吸泵 设备备件/泵 个 功率：1.5kW 控制：全自动变频 类型：自吸泵 全自动变频自吸泵1.5千瓦 1.5kW 全自动变频 自吸泵			candidate	needs_review	clarify_specs_before_use	purchase_2024_candidate_rows=1197；purchase_2024_source_rows=1198；draft_sku_id=SKU-DRAFT-001190	缺失规格：型号；电压；流量；扬程；整理依据：电压/流量/扬程/型号缺失，无法稳定区分泵类SKU；导入口径：do_not_import_missing_specs；重分类：设备备件/泵 -> 施工机具设备/泵类设备；分类置信度：high；自吸泵是泵类设备，旧设备备件错误。	2026-07-03
TOOL-000189	电镐碳刷	适用设备：电镐；部件：碳刷		电动气动工具/工具附件	付			电镐碳刷	TOOL-000189 电镐碳刷 工具备件/电动工具配件 付 适用设备：电镐 部件：碳刷 电镐 碳刷			candidate	needs_review	clarify_specs_before_use	purchase_2024_candidate_rows=1198；purchase_2024_source_rows=1199；draft_sku_id=SKU-DRAFT-001191	缺失规格：型号；尺寸；整理依据：尺寸/适配型号缺失，无法稳定区分电镐碳刷SKU；导入口径：do_not_import_missing_specs；重分类：工具备件/电动工具配件 -> 电动气动工具/工具附件；分类置信度：high；碳刷为电镐电动工具附件。	2026-07-03
ADMIN-000036	记号笔	品类：记号笔		清洁办公后勤/办公用品	支			记号笔	ADMIN-000036 记号笔 办公耗材/书写用品 支 品类：记号笔			candidate	needs_review	clarify_specs_before_use	purchase_2024_candidate_rows=1199；purchase_2024_source_rows=1200；draft_sku_id=SKU-DRAFT-001192	缺失规格：颜色；整理依据：颜色/粗细缺失，无法稳定区分记号笔SKU；导入口径：do_not_import_missing_specs；重分类：办公耗材/书写用品 -> 清洁办公后勤/办公用品；分类置信度：high；记号笔为办公书写用品，耗材低耗不作分类。	2026-07-03
CONST-000017	建筑模板	尺寸：2.44*1.22*15		建筑材料/模板木方	张			2.44*1.22*15模板	CONST-000017 建筑模板 建筑材料/模板木方 张 尺寸：2.44*1.22*15 2.44*1.22*15模板 2.44*1.22*15			candidate	usable	confirm_before_use	purchase_2024_candidate_rows=1200；purchase_2024_source_rows=1201；draft_sku_id=SKU-DRAFT-001193	缺失规格：材质；厚度；整理依据：材质/厚度单位缺失，按原尺寸先建候选；导入口径：confirm_then_import	2026-07-03
CHEM-000082	管片密封胶	用途：管片密封		化工胶粘涂料/密封材料	桶			管片密封胶水	CHEM-000082 管片密封胶 化工耗材/胶粘剂 桶 用途：管片密封 管片密封胶水 管片密封			candidate	needs_review	clarify_specs_before_use	purchase_2024_candidate_rows=1201；purchase_2024_source_rows=1202；draft_sku_id=SKU-DRAFT-001194	缺失规格：品牌；容量；整理依据：胶种/容量/品牌缺失，无法稳定区分管片密封胶SKU；导入口径：do_not_import_missing_specs；重分类：化工耗材/胶粘剂 -> 化工胶粘涂料/密封材料；分类置信度：high；管片密封胶用于接缝密封，旧胶粘剂偏宽。	2026-07-03
CHEM-000083	泡沫双面胶	基材：泡沫；特征：厚		包装覆盖周转/胶带	卷			厚泡沫双面胶	CHEM-000083 泡沫双面胶 化工耗材/胶带 卷 基材：泡沫 特征：厚 厚泡沫双面胶 泡沫 厚			candidate	needs_review	clarify_specs_before_use	purchase_2024_candidate_rows=1202；purchase_2024_source_rows=1203；draft_sku_id=SKU-DRAFT-001195	缺失规格：长度；宽度；厚度；整理依据：宽度/长度/厚度缺失，无法区分泡沫双面胶SKU；导入口径：do_not_import_missing_specs；重分类：化工耗材/胶带 -> 包装覆盖周转/胶带；分类置信度：high；泡沫双面胶为胶带类实物，旧化工耗材偏泛。	2026-07-03
PIPE-000257	减压阀	公称直径：DN50；执行标准：国标		管材管件阀门/阀门	个			DN50国标减压阀	PIPE-000257 减压阀 阀门/减压阀 个 公称直径：DN50 执行标准：国标 DN50国标减压阀 DN50 国标			candidate	needs_review	clarify_specs_before_use	purchase_2024_candidate_rows=1203；purchase_2024_source_rows=1204；draft_sku_id=SKU-DRAFT-001196	缺失规格：材质；连接方式；整理依据：压力范围/材质/连接方式缺失，无法唯一确定减压阀SKU；导入口径：do_not_import_missing_specs；重分类：阀门/减压阀 -> 管材管件阀门/阀门；分类置信度：high；减压阀属于管路阀门。	2026-07-03
ADMIN-000037	扫把	规格：待补		清洁办公后勤/清洁工具	个			扫把	ADMIN-000037 扫把 行政后勤/清洁用品 个 规格：待补 待补			candidate	needs_review	clarify_specs_before_use	purchase_2024_candidate_rows=1204；purchase_2024_source_rows=1205；draft_sku_id=SKU-DRAFT-001197	缺失规格：材质；整理依据：材质/规格缺失，无法区分扫把SKU；导入口径：do_not_import_missing_specs；重分类：行政后勤/清洁用品 -> 清洁办公后勤/清洁工具；分类置信度：high；扫把是清洁工具，材质规格不拆分。	2026-07-03
ADMIN-000038	扫斗	规格：待补		清洁办公后勤/清洁工具	个			扫斗	ADMIN-000038 扫斗 行政后勤/清洁用品 个 规格：待补 待补			candidate	needs_review	clarify_specs_before_use	purchase_2024_candidate_rows=1205；purchase_2024_source_rows=1206；draft_sku_id=SKU-DRAFT-001198	缺失规格：材质；整理依据：材质/规格缺失，无法区分扫斗SKU；导入口径：do_not_import_missing_specs；重分类：行政后勤/清洁用品 -> 清洁办公后勤/清洁工具；分类置信度：high；扫斗为清洁工具。	2026-07-03
METAL-000084	不锈钢抹刀	材质：不锈钢；类型：抹刀		工具量具/手动工具	个			不锈钢抹刀	METAL-000084 不锈钢抹刀 工具/泥瓦工具 个 材质：不锈钢 类型：抹刀 不锈钢 抹刀			candidate	needs_review	clarify_specs_before_use	purchase_2024_candidate_rows=1206；purchase_2024_source_rows=1207；draft_sku_id=SKU-DRAFT-001199	缺失规格：尺寸；整理依据：尺寸/柄材质缺失，无法稳定区分抹刀SKU；导入口径：do_not_import_missing_specs；重分类：工具/泥瓦工具 -> 工具量具/手动工具；分类置信度：high；抹刀是泥瓦施工手动工具。	2026-07-03
WELD-000029	氧气瓶手推车	适用气体：氧气；特征：加厚		施工机具设备/搬运设备	个			加厚氧气车	WELD-000029 氧气瓶手推车 焊割设备/气瓶搬运 个 适用气体：氧气 特征：加厚 加厚氧气车 氧气 加厚			candidate	usable	confirm_before_use	purchase_2024_candidate_rows=1207；purchase_2024_source_rows=1208；draft_sku_id=SKU-DRAFT-001200	缺失规格：规格；整理依据：适配瓶规格/承重缺失，按适用气体和加厚特征先建候选；导入口径：confirm_then_import；重分类：焊割设备/气瓶搬运 -> 施工机具设备/搬运设备；分类置信度：high；氧气瓶手推车是现场气瓶搬运设备。	2026-07-03
WELD-000030	乙炔瓶手推车	适用气体：乙炔；特征：加厚		施工机具设备/搬运设备	个			加厚乙炔车	WELD-000030 乙炔瓶手推车 焊割设备/气瓶搬运 个 适用气体：乙炔 特征：加厚 加厚乙炔车 乙炔 加厚			candidate	usable	confirm_before_use	purchase_2024_candidate_rows=1208；purchase_2024_source_rows=1209；draft_sku_id=SKU-DRAFT-001201	缺失规格：规格；整理依据：适配瓶规格/承重缺失，按适用气体和加厚特征先建候选；导入口径：confirm_then_import；重分类：焊割设备/气瓶搬运 -> 施工机具设备/搬运设备；分类置信度：high；乙炔瓶手推车是气瓶搬运设备，旧焊割设备需转施工机具设备。	2026-07-03
ADMIN-000039	记号笔	颜色：白色		清洁办公后勤/办公用品	支			白色记号笔	ADMIN-000039 记号笔 办公耗材/书写用品 支 颜色：白色 白色记号笔 白色			candidate	usable	confirm_before_use	purchase_2024_candidate_rows=1209；purchase_2024_source_rows=1210；draft_sku_id=SKU-DRAFT-001202	缺失规格：品牌；规格；整理依据：粗细缺失；原单位为个，书写用品建议统一为支；导入口径：confirm_then_import；重分类：办公耗材/书写用品 -> 清洁办公后勤/办公用品；分类置信度：high；记号笔为办公书写用品，耗材低耗不作分类。	2026-07-03
HW-LOCK-000010	铜挂锁	材质：铜		清洁办公后勤/门窗五金	把			铜锁	HW-LOCK-000010 铜挂锁 五金建材/锁具 把 材质：铜 铜锁 铜			candidate	needs_review	clarify_specs_before_use	purchase_2024_candidate_rows=1210；purchase_2024_source_rows=1211；draft_sku_id=SKU-DRAFT-001203	缺失规格：规格；尺寸；整理依据：规格尺寸缺失，无法区分铜挂锁SKU；导入口径：do_not_import_missing_specs；重分类：五金建材/锁具 -> 清洁办公后勤/门窗五金；分类置信度：high；挂锁归门窗锁具五金。	2026-07-03
CHEM-000084	流量计	公称直径：DN150；材质/衬里：橡胶；类型：自动		工具量具/检测仪器	台			DN150橡胶自动流量计	CHEM-000084 流量计 仪表/流量仪表 台 公称直径：DN150 材质/衬里：橡胶 类型：自动 DN150橡胶自动流量计 DN150 橡胶 自动			candidate	needs_review	clarify_specs_before_use	purchase_2024_candidate_rows=1211；purchase_2024_source_rows=1212；draft_sku_id=SKU-DRAFT-001204	缺失规格：量程；精度；流量；整理依据：原理/量程/精度/输出信号缺失，无法唯一确定流量计SKU；导入口径：do_not_import_missing_specs；重分类：仪表/流量仪表 -> 工具量具/检测仪器；分类置信度：medium；流量计为现场检测计量仪表，归检测仪器。	2026-07-03
TOOL-000190	梅花双用扳手	规格：14		工具量具/手动工具	个			14梅花双用扳手	TOOL-000190 梅花双用扳手 工具/手动工具 个 规格：14 14梅花双用扳手 14			candidate	usable	confirm_before_use	purchase_2024_candidate_rows=1212；purchase_2024_source_rows=1213；draft_sku_id=SKU-DRAFT-001205	缺失规格：品牌；长度；整理依据：品牌/长度缺失，按规格和类型先建候选；导入口径：confirm_then_import；重分类：工具/手动工具 -> 工具量具/手动工具；分类置信度：high；梅花双用扳手为手动工具。	2026-07-03
TOOL-000191	铝合金梯子	长度：2.5米；材质：铝合金；特征：加厚		工具量具/登高工具	台			加厚2.5米铝合金梯子	TOOL-000191 铝合金梯子 工具/登高工具 台 长度：2.5米 材质：铝合金 特征：加厚 加厚2.5米铝合金梯子 2.5米 铝合金 加厚			candidate	needs_review	clarify_specs_before_use	purchase_2024_candidate_rows=1213；purchase_2024_source_rows=1214；draft_sku_id=SKU-DRAFT-001206	缺失规格：品牌；型号；规格；尺寸；适用设备；整理依据：承重/节数缺失，可能影响梯子SKU区分；导入口径：do_not_import_missing_specs；重分类：工具/登高工具 -> 工具量具/登高工具；分类置信度：high；新建二级登高工具；定制仅影响尺寸，物料仍为梯子。	2026-07-03
FAST-000054	螺丝组件	规格：M10*55；表面处理：镀锌；成套：是		紧固件与连接件/螺丝	套			M10*55镀锌螺丝	FAST-000054 螺丝组件 紧固件/螺丝 套 规格：M10*55 表面处理：镀锌 成套：是 M10*55镀锌螺丝 M10*55 镀锌 是			candidate	needs_review	clarify_specs_before_use	purchase_2024_candidate_rows=1214；purchase_2024_source_rows=1215；draft_sku_id=SKU-DRAFT-001207	缺失规格：强度等级；头型；整理依据：头型/强度等级缺失，无法稳定区分螺丝组件SKU；导入口径：do_not_import_missing_specs；重分类：紧固件/螺丝 -> 紧固件与连接件/螺丝；分类置信度：high；成套螺丝组件仍属螺丝类紧固件。	2026-07-03
METAL-000085	角码	材质：不锈钢；形状：L型		紧固件与连接件/连接件	个			L不锈钢角码	METAL-000085 角码 五金建材/连接件 个 材质：不锈钢 形状：L型 L不锈钢角码 不锈钢 L型			candidate	needs_review	clarify_specs_before_use	purchase_2024_candidate_rows=1215；purchase_2024_source_rows=1216；draft_sku_id=SKU-DRAFT-001208	缺失规格：尺寸；厚度；整理依据：尺寸/厚度/孔位缺失，无法稳定区分角码SKU；导入口径：do_not_import_missing_specs；重分类：五金建材/连接件 -> 紧固件与连接件/连接件；分类置信度：medium；角码为L形连接固定件，标准表无连接件二级，新增二级。	2026-07-03
MAT-000109	窗户	定制：是；品类：窗户		建筑材料/装饰材料	个			定做窗户	MAT-000109 窗户 定制件/门窗制品 个 定制：是 品类：窗户 定做窗户 是			candidate	needs_review	clarify_specs_before_use	purchase_2024_candidate_rows=1216；purchase_2024_source_rows=1217；draft_sku_id=SKU-DRAFT-001209	缺失规格：材质；尺寸；整理依据：定制件尺寸/材质/开启方式/图纸缺失，无法唯一确定窗户SKU；导入口径：do_not_import_missing_specs；重分类：定制件/门窗制品 -> 建筑材料/装饰材料；分类置信度：medium；定做窗户属于建筑门窗装饰材料，旧定制件口径偏加工属性。	2026-07-03
ADMIN-000040	垃圾袋	规格：待补		清洁办公后勤/清洁耗材	个			垃圾袋	ADMIN-000040 垃圾袋 行政后勤/清洁用品 个 规格：待补 待补			candidate	needs_review	clarify_specs_before_use	purchase_2024_candidate_rows=1217；purchase_2024_source_rows=1218；draft_sku_id=SKU-DRAFT-001210	缺失规格：厚度；整理依据：规格/厚度/包装数量缺失，无法区分垃圾袋SKU；导入口径：do_not_import_missing_specs；重分类：行政后勤/清洁用品 -> 清洁办公后勤/清洁耗材；分类置信度：high；垃圾袋是清洁消耗品，旧劳保耗材错误。	2026-07-03
CONST-000018	建筑模板	尺寸：2.44*1.22*1.5；颜色：黑色		建筑材料/模板木方	块			2.44*1.22*1.5黑模板	CONST-000018 建筑模板 建筑材料/模板木方 块 尺寸：2.44*1.22*1.5 颜色：黑色 2.44*1.22*1.5黑模板 2.44*1.22*1.5 黑色			candidate	usable	confirm_before_use	purchase_2024_candidate_rows=1218；purchase_2024_source_rows=1219；draft_sku_id=SKU-DRAFT-001211	缺失规格：厚度；整理依据：厚度单位需确认，按原尺寸和颜色先建候选；导入口径：confirm_then_import	2026-07-03
PIPE-000258	PPR管	品牌：公元；公称直径：DN200；材质：PPR		管材管件阀门/管材	米			DN200公元PPR管	PIPE-000258 PPR管 PPR管材/管 米 品牌：公元 公称直径：DN200 材质：PPR DN200公元PPR管 公元 DN200 PPR	公元		candidate	needs_review	clarify_specs_before_use	purchase_2024_candidate_rows=1219；purchase_2024_source_rows=1220；draft_sku_id=SKU-DRAFT-001212	缺失规格：压力等级；壁厚；整理依据：压力等级/壁厚缺失，可能影响PPR管SKU区分；导入口径：do_not_import_missing_specs；重分类：PPR管材/管 -> 管材管件阀门/管材；分类置信度：high；样例均为PPR管材，旧工程材料/PPR管件有误。	2026-07-03
TOOL-000192	混凝土试模	规格：待补		工具量具/检测仪器	个			混凝土试模	TOOL-000192 混凝土试模 工具/检测模具 个 规格：待补 待补			candidate	needs_review	clarify_specs_before_use	purchase_2024_candidate_rows=1220；purchase_2024_source_rows=1221；draft_sku_id=SKU-DRAFT-001213	缺失规格：执行标准；尺寸；整理依据：尺寸/执行标准缺失，无法稳定区分混凝土试模SKU；导入口径：do_not_import_missing_specs；重分类：工具/检测模具 -> 工具量具/检测仪器；分类置信度：high；混凝土试模用于试验检测，归检测仪器。	2026-07-03
SAFE-000081	救生衣	规格：待补		劳保防护/身体防护	件			救生衣	SAFE-000081 救生衣 安全防护/水域防护 件 规格：待补 待补			candidate	needs_review	clarify_specs_before_use	purchase_2024_candidate_rows=1221；purchase_2024_source_rows=1222；draft_sku_id=SKU-DRAFT-001214	缺失规格：执行标准；整理依据：浮力等级/尺码/执行标准缺失，无法稳定区分救生衣SKU；导入口径：do_not_import_missing_specs；重分类：安全防护/水域防护 -> 劳保防护/身体防护；分类置信度：high；救生衣是人员身体防护用品。	2026-07-03
SPARE-000107	机械密封	规格：50		设备备件/通用机械备件	套			50机械密封	SPARE-000107 机械密封 备品备件/密封件 套 规格：50 50机械密封 50			candidate	needs_review	clarify_specs_before_use	purchase_2024_candidate_rows=1222；purchase_2024_source_rows=1223；draft_sku_id=SKU-DRAFT-001215	缺失规格：型号；材质；整理依据：材质/适配泵型号缺失，规格50不足以稳定区分机械密封SKU；导入口径：do_not_import_missing_specs；重分类：备品备件/密封件 -> 设备备件/通用机械备件；分类置信度：high；机械密封是设备通用维修备件。	2026-07-03
TOOL-000193	美工刀	类型：美工刀		工具量具/手动工具	个			美工刀	TOOL-000193 美工刀 工具/刀具 个 类型：美工刀			candidate	needs_review	clarify_specs_before_use	purchase_2024_candidate_rows=1223；purchase_2024_source_rows=1224；draft_sku_id=SKU-DRAFT-001216	缺失规格：品牌；宽度；整理依据：刀片宽度/品牌缺失，无法稳定区分美工刀SKU；导入口径：do_not_import_missing_specs；重分类：工具/刀具 -> 工具量具/手动工具；分类置信度：high；美工刀为手动切割工具。	2026-07-03
CHEM-000085	防锈润滑剂	型号：DM40；功能：防锈润滑		化工胶粘涂料/润滑剂	支			DM40防锈润滑剂	CHEM-000085 防锈润滑剂 化工耗材/润滑剂 支 型号：DM40 功能：防锈润滑 DM40防锈润滑剂 DM40 防锈润滑		DM40	candidate	needs_review	clarify_specs_before_use	purchase_2024_candidate_rows=1224；purchase_2024_source_rows=1225；draft_sku_id=SKU-DRAFT-001217	缺失规格：品牌；容量；整理依据：品牌/容量缺失，无法稳定区分防锈润滑剂SKU；导入口径：do_not_import_missing_specs；重分类：化工耗材/润滑剂 -> 化工胶粘涂料/润滑剂；分类置信度：high；防锈润滑剂属润滑防护化工材料。	2026-07-03
TOOL-000194	铝合金梯子	定制：是；长度：4米；材质：铝合金；特征：加厚		工具量具/登高工具	个			定做4米加厚铝合金梯子	TOOL-000194 铝合金梯子 定制件/工具治具 个 定制：是 长度：4米 材质：铝合金 特征：加厚 定做4米加厚铝合金梯子 是 4米 铝合金 加厚			candidate	needs_review	clarify_specs_before_use	purchase_2024_candidate_rows=1225；purchase_2024_source_rows=1226；draft_sku_id=SKU-DRAFT-001218	缺失规格：品牌；型号；规格；尺寸；适用设备；整理依据：定制件承重/节数/图纸缺失，无法唯一确定梯子SKU；导入口径：do_not_import_missing_specs；重分类：定制件/工具治具 -> 工具量具/登高工具；分类置信度：high；新建二级登高工具；定制仅影响尺寸，物料仍为梯子。	2026-07-03
SAFE-000082	焊接面罩	用途：焊接		劳保防护/眼面防护	个			焊接面罩	SAFE-000082 焊接面罩 劳保耗材/眼面防护 个 用途：焊接 焊接			candidate	needs_review	clarify_specs_before_use	purchase_2024_candidate_rows=1226；purchase_2024_source_rows=1227；draft_sku_id=SKU-DRAFT-001219	缺失规格：类型；材质；规格；安全等级；认证标准；整理依据：手持/头戴/滤光等级缺失，无法稳定区分焊接面罩SKU；导入口径：do_not_import_missing_specs；重分类：劳保耗材/眼面防护 -> 劳保防护/眼面防护；分类置信度：high；焊接面罩是人员眼面防护用品，劳保耗材旧口径不保留。	2026-07-03
METAL-000086	离心机钢板	加工：是；适用设备：离心机；材质：钢板		定制加工件/金属加工件	个			加工离心机钢板	METAL-000086 离心机钢板 定制件/设备加工件 个 加工：是 适用设备：离心机 材质：钢板 加工离心机钢板 是 离心机 钢板			candidate	needs_review	clarify_specs_before_use	purchase_2024_candidate_rows=1227；purchase_2024_source_rows=1228；draft_sku_id=SKU-DRAFT-001220	缺失规格：尺寸；整理依据：定制加工件尺寸/材质牌号/图纸缺失，无法唯一确定SKU；导入口径：do_not_import_missing_specs；重分类：定制件/设备加工件 -> 定制加工件/金属加工件；分类置信度：high；加工离心机钢板为非标金属加工件。	2026-07-03
FAST-000055	螺丝	规格：M27*100		紧固件与连接件/螺丝	个			M27*100螺丝	FAST-000055 螺丝 紧固件/螺丝 个 规格：M27*100 M27*100螺丝 M27*100			candidate	needs_review	clarify_specs_before_use	purchase_2024_candidate_rows=1228；purchase_2024_source_rows=1229；draft_sku_id=SKU-DRAFT-001221	缺失规格：材质；强度等级；头型；整理依据：头型/强度等级/材质缺失，无法稳定区分螺丝SKU；导入口径：do_not_import_missing_specs；重分类：紧固件/螺丝 -> 紧固件与连接件/螺丝；分类置信度：high；样例均为各规格螺丝，五金备件旧口径过宽。	2026-07-03
FAST-000056	螺母	规格：M27		紧固件与连接件/螺母	个			m27螺母	FAST-000056 螺母 紧固件/螺母 个 规格：M27 m27螺母 M27			candidate	needs_review	clarify_specs_before_use	purchase_2024_candidate_rows=1229；purchase_2024_source_rows=1230；draft_sku_id=SKU-DRAFT-001222	缺失规格：材质；强度等级；整理依据：材质/强度等级缺失，可能影响螺母SKU区分；导入口径：do_not_import_missing_specs；重分类：紧固件/螺母 -> 紧固件与连接件/螺母；分类置信度：high；样例均为各规格螺母。	2026-07-03
CONST-000019	建筑模板	尺寸：2.44*1.22*1.5；特征：厚		建筑材料/模板木方	张			2.44*1.22*1.5厚模板	CONST-000019 建筑模板 建筑材料/模板木方 张 尺寸：2.44*1.22*1.5 特征：厚 2.44*1.22*1.5厚模板 2.44*1.22*1.5 厚			candidate	usable	confirm_before_use	purchase_2024_candidate_rows=1230；purchase_2024_source_rows=1231；draft_sku_id=SKU-DRAFT-001223	缺失规格：厚度；整理依据：厚度单位需确认，按原尺寸和厚模板描述先建候选；导入口径：confirm_then_import	2026-07-03
METAL-000087	钢筋接驳器	适配钢筋直径：22		紧固件与连接件/钢筋连接件	个			22钢筋接驳器	METAL-000087 钢筋接驳器 建筑材料/钢筋连接件 个 适配钢筋直径：22 22钢筋接驳器 22			candidate	needs_review	clarify_specs_before_use	purchase_2024_candidate_rows=1231；purchase_2024_source_rows=1232；draft_sku_id=SKU-DRAFT-001224	缺失规格：执行标准；整理依据：螺纹形式/执行标准缺失，无法稳定区分钢筋接驳器SKU；导入口径：do_not_import_missing_specs；重分类：建筑材料/钢筋连接件 -> 紧固件与连接件/钢筋连接件；分类置信度：high；新建二级钢筋连接件；接驳器本质为钢筋机械连接件。	2026-07-03
TOOL-000195	气动扳手	规格：1寸		电动气动工具/气动工具	个			1寸气动扳手	TOOL-000195 气动扳手 工具/气动工具 个 规格：1寸 1寸气动扳手 1寸			candidate	needs_review	clarify_specs_before_use	purchase_2024_candidate_rows=1232；purchase_2024_source_rows=1233；draft_sku_id=SKU-DRAFT-001225	缺失规格：品牌；型号；整理依据：扭矩/品牌/型号缺失，无法稳定区分气动扳手SKU；导入口径：do_not_import_missing_specs；重分类：工具/气动工具 -> 电动气动工具/气动工具；分类置信度：high；气动扳手是气动工具整机。	2026-07-03
ELEC-000136	一体式触摸屏	型号：TPC1570；结构：一体式		电气电料/低压电器	台			TPC1570一体式触摸屏	ELEC-000136 一体式触摸屏 电气材料/工控配件 台 型号：TPC1570 结构：一体式 TPC1570一体式触摸屏 TPC1570 一体式		TPC1570	candidate	usable	confirm_before_use	purchase_2024_candidate_rows=1233；purchase_2024_source_rows=1234；draft_sku_id=SKU-DRAFT-001226	缺失规格：品牌；整理依据：品牌/接口/系统配置缺失，按型号先建候选；导入口径：confirm_then_import；重分类：电气材料/工控配件 -> 电气电料/低压电器；分类置信度：medium；工控触摸屏属电气控制元件；标准无工控屏二级，用低压电器承接。	2026-07-03
ELEC-TIE-000005	尼龙扎带	规格：10*50cm；材质：尼龙		电气电料/电气辅材	包			10*50cm尼龙扎带	ELEC-TIE-000005 尼龙扎带 电气材料/扎带 包 规格：10*50cm 材质：尼龙 10*50cm尼龙扎带 10*50cm 尼龙			candidate	usable	confirm_before_use	purchase_2024_candidate_rows=1234；purchase_2024_source_rows=1235；draft_sku_id=SKU-DRAFT-001227	缺失规格：每包数量；颜色；整理依据：颜色/每包数量缺失，按规格和材质先建候选；导入口径：confirm_then_import；重分类：电气材料/扎带 -> 电气电料/电气辅材；分类置信度：high；尼龙扎带常作线缆绑扎辅材，规格差异不拆分。	2026-07-03
ELEC-TIE-000006	尼龙扎带	规格：10*40cm；材质：尼龙		电气电料/电气辅材	包			10*40cm尼龙扎带	ELEC-TIE-000006 尼龙扎带 电气材料/扎带 包 规格：10*40cm 材质：尼龙 10*40cm尼龙扎带 10*40cm 尼龙			candidate	usable	confirm_before_use	purchase_2024_candidate_rows=1235；purchase_2024_source_rows=1236；draft_sku_id=SKU-DRAFT-001228	缺失规格：每包数量；颜色；整理依据：颜色/每包数量缺失，按规格和材质先建候选；导入口径：confirm_then_import；重分类：电气材料/扎带 -> 电气电料/电气辅材；分类置信度：high；尼龙扎带常作线缆绑扎辅材，规格差异不拆分。	2026-07-03
ELEC-TIE-000007	尼龙扎带	规格：10*30cm；材质：尼龙		电气电料/电气辅材	包			10*30cm尼龙扎带	ELEC-TIE-000007 尼龙扎带 电气材料/扎带 包 规格：10*30cm 材质：尼龙 10*30cm尼龙扎带 10*30cm 尼龙			candidate	usable	confirm_before_use	purchase_2024_candidate_rows=1236；purchase_2024_source_rows=1237；draft_sku_id=SKU-DRAFT-001229	缺失规格：每包数量；颜色；整理依据：颜色/每包数量缺失，按规格和材质先建候选；导入口径：confirm_then_import；重分类：电气材料/扎带 -> 电气电料/电气辅材；分类置信度：high；尼龙扎带常作线缆绑扎辅材，规格差异不拆分。	2026-07-03
SAFE-000083	雨鞋	品牌：回力		劳保防护/足部防护	双			回力雨鞋	SAFE-000083 雨鞋 劳保耗材/足部防护 双 品牌：回力 回力雨鞋 回力	回力		candidate	needs_review	clarify_specs_before_use	purchase_2024_candidate_rows=1237；purchase_2024_source_rows=1238；draft_sku_id=SKU-DRAFT-001230	缺失规格：类型；材质；规格；安全等级；认证标准；整理依据：尺码缺失，无法稳定区分雨鞋SKU；导入口径：do_not_import_missing_specs；重分类：劳保耗材/足部防护 -> 劳保防护/足部防护；分类置信度：high；雨鞋属于足部防护，雨具属性不单独分类。	2026-07-03
MAT-000110	编织袋	规格：待补		包装覆盖周转/包装袋	个			编织袋	MAT-000110 编织袋 包装材料/袋类 个 规格：待补 待补			candidate	needs_review	clarify_specs_before_use	purchase_2024_candidate_rows=1238；purchase_2024_source_rows=1239；draft_sku_id=SKU-DRAFT-001231	缺失规格：尺寸；整理依据：尺寸/克重/承重缺失，无法稳定区分编织袋SKU；导入口径：do_not_import_missing_specs；重分类：包装材料/袋类 -> 包装覆盖周转/包装袋；分类置信度：high；编织袋属于包装袋。	2026-07-03
TOOL-000196	铁锹柄	部件：柄；适用：铁锹		工具量具/工具配件	支			铁锹柄	TOOL-000196 铁锹柄 工具备件/手动工具配件 支 部件：柄 适用：铁锹 柄 铁锹			candidate	needs_review	clarify_specs_before_use	purchase_2024_candidate_rows=1239；purchase_2024_source_rows=1240；draft_sku_id=SKU-DRAFT-001232	缺失规格：材质；长度；整理依据：材质/长度缺失，无法稳定区分铁锹柄SKU；导入口径：do_not_import_missing_specs；重分类：工具备件/手动工具配件 -> 工具量具/工具配件；分类置信度：high；新建二级工具配件；铁锹柄是手动工具配件。	2026-07-03
TOOL-000197	铁锹	规格：待补		工具量具/手动工具	支			铁锹	TOOL-000197 铁锹 工具/手动工具 支 规格：待补 待补			candidate	needs_review	clarify_specs_before_use	purchase_2024_candidate_rows=1240；purchase_2024_source_rows=1241；draft_sku_id=SKU-DRAFT-001233	缺失规格：材质；整理依据：规格/柄材质缺失，无法稳定区分铁锹SKU；导入口径：do_not_import_missing_specs；重分类：工具/手动工具 -> 工具量具/手动工具；分类置信度：high；铁锹为土方清理手动工具。	2026-07-03
METAL-000088	铁合页	规格：6；材质：铁；工艺：焊接		清洁办公后勤/门窗五金	付			6焊接铁合页	METAL-000088 铁合页 五金建材/门窗五金 付 规格：6 材质：铁 工艺：焊接 6焊接铁合页 6 铁 焊接			candidate	usable	confirm_before_use	purchase_2024_candidate_rows=1241；purchase_2024_source_rows=1242；draft_sku_id=SKU-DRAFT-001234	缺失规格：尺寸；厚度；整理依据：规格6的尺寸单位/厚度缺失，按原规格先建候选；导入口径：confirm_then_import；重分类：五金建材/门窗五金 -> 清洁办公后勤/门窗五金；分类置信度：high；合页属于门窗五金。	2026-07-03
CHEM-000086	自喷漆	颜色：白色；类型：自喷漆		化工胶粘涂料/涂料	支			白色喷漆	CHEM-000086 自喷漆 化工耗材/涂料 支 颜色：白色 类型：自喷漆 白色喷漆 白色			candidate	needs_review	clarify_specs_before_use	purchase_2024_candidate_rows=1242；purchase_2024_source_rows=1243；draft_sku_id=SKU-DRAFT-001235	缺失规格：品牌；容量；整理依据：品牌/容量缺失，可能影响自喷漆SKU区分；导入口径：do_not_import_missing_specs；重分类：化工耗材/涂料 -> 化工胶粘涂料/涂料；分类置信度：high；自喷漆为涂料类化工材料。	2026-07-03
SPARE-000108	传动皮带	型号：1041		设备备件/电机传动备件	支			皮带1041	SPARE-000108 传动皮带 备品备件/传动件 支 型号：1041 皮带1041 1041		1041	candidate	usable	confirm_before_use	purchase_2024_candidate_rows=1243；purchase_2024_source_rows=1244；draft_sku_id=SKU-DRAFT-001236	缺失规格：图号；整理依据：皮带类型需确认；单位建议条，按原单位先保留；导入口径：confirm_then_import；重分类：备品备件/传动件 -> 设备备件/电机传动备件；分类置信度：high；传动皮带属于设备传动备件。	2026-07-03
MAT-000111	S型挂钩	规格：大号；形状：S型；承重：20kg		紧固件与连接件/卡扣	支			大S挂钩20kg	MAT-000111 S型挂钩 五金耗材/挂钩 支 规格：大号 形状：S型 承重：20kg 大S挂钩20kg 大号 S型 20kg			candidate	usable	confirm_before_use	purchase_2024_candidate_rows=1244；purchase_2024_source_rows=1245；draft_sku_id=SKU-DRAFT-001237	缺失规格：材质；表面处理；整理依据：材质/表面处理缺失，按规格和承重先建候选；导入口径：confirm_then_import；重分类：五金耗材/挂钩 -> 紧固件与连接件/卡扣；分类置信度：medium；挂钩用于悬挂连接，非吊装索具；旧五金耗材过宽。	2026-07-03
ELEC-000137	接地跨接线	用途：电柜接地跨接		电气电料/电线电缆	支			电柜接地跨线	ELEC-000137 接地跨接线 电气材料/接地材料 支 用途：电柜接地跨接 电柜接地跨线 电柜接地跨接			candidate	needs_review	clarify_specs_before_use	purchase_2024_candidate_rows=1245；purchase_2024_source_rows=1246；draft_sku_id=SKU-DRAFT-001238	缺失规格：规格；长度；整理依据：长度/截面积/端子规格缺失，无法稳定区分接地跨接线SKU；导入口径：do_not_import_missing_specs；重分类：电气材料/接地材料 -> 电气电料/电线电缆；分类置信度：high；电柜接地跨接线属于接地连接导线。	2026-07-03
WELD-000031	乙炔割嘴	适用气体：乙炔；类型：割嘴		焊接切割/切割耗材	个			乙炔割嘴	WELD-000031 乙炔割嘴 焊割耗材/割炬配件 个 适用气体：乙炔 类型：割嘴 乙炔 割嘴			candidate	needs_review	clarify_specs_before_use	purchase_2024_candidate_rows=1246；purchase_2024_source_rows=1247；draft_sku_id=SKU-DRAFT-001239	缺失规格：规格；整理依据：规格号/适配割炬缺失，无法稳定区分割嘴SKU；导入口径：do_not_import_missing_specs；重分类：焊割耗材/割炬配件 -> 焊接切割/切割耗材；分类置信度：high；乙炔割嘴是气割耗材。	2026-07-03
WELD-000032	焊机快速接头	用途：焊机；类型：快速接头		焊接切割/焊割工具	个			焊机快连接头	WELD-000032 焊机快速接头 焊割耗材/焊机配件 个 用途：焊机 类型：快速接头 焊机快连接头 焊机 快速接头			candidate	needs_review	clarify_specs_before_use	purchase_2024_candidate_rows=1247；purchase_2024_source_rows=1248；draft_sku_id=SKU-DRAFT-001240	缺失规格：规格；电流；整理依据：规格/电流等级缺失，无法稳定区分焊机快速接头SKU；导入口径：do_not_import_missing_specs；重分类：焊割耗材/焊机配件 -> 焊接切割/焊割工具；分类置信度：high；焊机快速接头用于焊机连接，旧耗材口径不准确。	2026-07-03
TOOL-000198	重型平口钳	规格：5寸；特征：重型		工具量具/手动工具	台			5寸重型平口钳	TOOL-000198 重型平口钳 工具/夹持工具 台 规格：5寸 特征：重型 5寸重型平口钳 5寸 重型			candidate	usable	confirm_before_use	purchase_2024_candidate_rows=1248；purchase_2024_source_rows=1249；draft_sku_id=SKU-DRAFT-001241	缺失规格：品牌；宽度；整理依据：开口宽度/品牌缺失，按规格和重型特征先建候选；导入口径：confirm_then_import；重分类：工具/夹持工具 -> 工具量具/手动工具；分类置信度：high；平口钳为夹持类手动工具。	2026-07-03
TOOL-000199	管钳	长度：600mm；特征：防锈型		工具量具/手动工具	支			防锈型管钳600	TOOL-000199 管钳 工具/手动工具 支 长度：600mm 特征：防锈型 防锈型管钳600 600mm 防锈型			candidate	usable	confirm_before_use	purchase_2024_candidate_rows=1249；purchase_2024_source_rows=1250；draft_sku_id=SKU-DRAFT-001242	缺失规格：品牌；材质；整理依据：品牌/材质缺失，按长度和防锈型先建候选；导入口径：confirm_then_import；重分类：工具/手动工具 -> 工具量具/手动工具；分类置信度：high；管钳为管道作业手动工具。	2026-07-03
ELEC-000138	LED灯泡	功率：50W；类型：LED		电气电料/照明灯具	个			50WLED灯泡	ELEC-000138 LED灯泡 电气材料/照明 个 功率：50W 类型：LED 50WLED灯泡 50W LED			candidate	needs_review	clarify_specs_before_use	purchase_2024_candidate_rows=1250；purchase_2024_source_rows=1251；draft_sku_id=SKU-DRAFT-001243	缺失规格：规格；整理依据：灯头规格/色温缺失，可能影响LED灯泡SKU区分；导入口径：do_not_import_missing_specs；重分类：电气材料/照明 -> 电气电料/照明灯具；分类置信度：high；样例均为LED灯泡，功率/品牌为规格差异。	2026-07-03
PIPE-000259	气管自锁接头	类型：自锁接头		液压气动/气动接头	套			气管自锁接头	PIPE-000259 气管自锁接头 气动元件/气管接头 套 类型：自锁接头 自锁接头			candidate	needs_review	clarify_specs_before_use	purchase_2024_candidate_rows=1251；purchase_2024_source_rows=1252；draft_sku_id=SKU-DRAFT-001244	缺失规格：口径；整理依据：口径/公母头/螺纹缺失，无法区分气管接头SKU；导入口径：do_not_import_missing_specs；重分类：气动元件/气管接头 -> 液压气动/气动接头；分类置信度：high；自锁接头属于气动管路接头。	2026-07-03
METAL-000089	镀锌方管	规格：3*3*3；表面：镀锌		金属材料/钢管	米			镀锌方管3*3*3	METAL-000089 镀锌方管 钢材/型材 米 规格：3*3*3 表面：镀锌 镀锌方管3*3*3 3*3*3 镀锌			candidate	usable	confirm_before_use	purchase_2024_candidate_rows=1252；purchase_2024_source_rows=1253；draft_sku_id=SKU-DRAFT-001245	缺失规格：材质；整理依据：规格单位/材质未明确，按原规格保留；导入口径：confirm_then_import；重分类：钢材/型材 -> 金属材料/钢管；分类置信度：high；镀锌方管是钢管类金属原材料。	2026-07-03
METAL-000090	镀锌角钢	规格：4*4*0.5；表面：镀锌		金属材料/型钢	米			4*4*0.5镀锌角铁	METAL-000090 镀锌角钢 钢材/型材 米 规格：4*4*0.5 表面：镀锌 4*4*0.5镀锌角铁 4*4*0.5 镀锌			candidate	usable	confirm_before_use	purchase_2024_candidate_rows=1253；purchase_2024_source_rows=1254；draft_sku_id=SKU-DRAFT-001246	缺失规格：材质；整理依据：规格单位未明确；角铁按角钢归一；导入口径：confirm_then_import；重分类：钢材/型材 -> 金属材料/型钢；分类置信度：high；角钢属于型钢，镀锌仅为表面处理。	2026-07-03
SPARE-000109	后备套夹子	定制：是；部件：后备套夹子		定制加工件/金属加工件	个			加工后备套夹子	SPARE-000109 后备套夹子 定制件/金属加工件 个 定制：是 部件：后备套夹子 加工后备套夹子 是			candidate	needs_review	clarify_specs_before_use	purchase_2024_candidate_rows=1254；purchase_2024_source_rows=1255；draft_sku_id=SKU-DRAFT-001247	缺失规格：精度；整理依据：名称含义/图纸缺失，定制件低精度候选；导入口径：do_not_import_missing_specs；重分类：定制件/金属加工件 -> 定制加工件/金属加工件；分类置信度：high；按部件加工的非标金属夹子。	2026-07-03
SPARE-000110	螺杆泵电机套装	功率：2.2kW；材质：不锈钢；组成：螺杆泵+电机		施工机具设备/泵类设备	套			2.2千瓦不锈钢螺杆泵和电机	SPARE-000110 螺杆泵电机套装 设备备件/泵 套 功率：2.2kW 材质：不锈钢 组成：螺杆泵+电机 2.2千瓦不锈钢螺杆泵和电机 2.2kW 不锈钢 螺杆泵+电机			candidate	needs_review	clarify_specs_before_use	purchase_2024_candidate_rows=1255；purchase_2024_source_rows=1256；draft_sku_id=SKU-DRAFT-001248	缺失规格：品牌；电压；流量；扬程；整理依据：品牌/流量/扬程/电压缺失，无法区分泵组SKU；导入口径：do_not_import_missing_specs；重分类：设备备件/泵 -> 施工机具设备/泵类设备；分类置信度：medium；螺杆泵加电机为泵类设备套装，旧设备备件偏维修。	2026-07-03
SPARE-000111	螺杆泵水封	品牌：耐驰；原装：是；适用设备：螺杆泵		设备备件/泵类备件	个			原装耐驰螺杆泵水封	SPARE-000111 螺杆泵水封 备品备件/密封件 个 品牌：耐驰 原装：是 适用设备：螺杆泵 原装耐驰螺杆泵水封 耐驰 是 螺杆泵	耐驰		candidate	needs_review	clarify_specs_before_use	purchase_2024_candidate_rows=1256；purchase_2024_source_rows=1257；draft_sku_id=SKU-DRAFT-001249	缺失规格：型号；材质；尺寸；整理依据：型号/尺寸/材质缺失，无法区分水封SKU；导入口径：do_not_import_missing_specs；重分类：备品备件/密封件 -> 设备备件/泵类备件；分类置信度：high；螺杆泵水封为泵类维修密封备件。	2026-07-03
PIPE-000260	焊接三通	规格：168；壁厚：10；连接：焊接	类型:三通	管材管件阀门/三通	个			168*10焊接三通	PIPE-000260 焊接三通 管件/焊接管件 个 规格：168 壁厚：10 连接：焊接 类型:三通 168*10焊接三通 168 10 焊接 三通			candidate	needs_review	clarify_specs_before_use	purchase_2024_candidate_rows=1257；purchase_2024_source_rows=1258；draft_sku_id=SKU-DRAFT-001250	缺失规格：材质；执行标准；整理依据：材质/执行标准缺失，无法区分管件SKU；导入口径：do_not_import_missing_specs；重分类：管件/焊接管件 -> 管材管件阀门/三通；分类置信度：high；焊接三通属于管道三通管件。	2026-07-03
PIPE-000261	管片螺丝	定制：是；用途：管片		定制加工件/金属加工件	根			加工管片螺丝	PIPE-000261 管片螺丝 定制件/紧固件 根 定制：是 用途：管片 加工管片螺丝 是 管片			candidate	needs_review	clarify_specs_before_use	purchase_2024_candidate_rows=1258；purchase_2024_source_rows=1259；draft_sku_id=SKU-DRAFT-001251	缺失规格：规格；材质；整理依据：规格/材质/图纸缺失，无法区分定制螺丝SKU；导入口径：do_not_import_missing_specs；重分类：定制件/紧固件 -> 定制加工件/金属加工件；分类置信度：medium；样例为加工管片螺丝，非标紧固金属加工件。	2026-07-03
WELD-000033	氧气瓶手推车	适用气体：氧气；轮型：大充气轮		施工机具设备/搬运设备	台			大充气轮氧气车	WELD-000033 氧气瓶手推车 焊割设备/气瓶搬运 台 适用气体：氧气 轮型：大充气轮 大充气轮氧气车 氧气 大充气轮			candidate	usable	confirm_before_use	purchase_2024_candidate_rows=1259；purchase_2024_source_rows=1260；draft_sku_id=SKU-DRAFT-001252	缺失规格：规格；精度；整理依据：承重/适配气瓶规格缺失，低精度候选；导入口径：confirm_then_import；重分类：焊割设备/气瓶搬运 -> 施工机具设备/搬运设备；分类置信度：high；氧气瓶手推车是现场气瓶搬运设备。	2026-07-03
WELD-000034	乙炔瓶手推车	适用气体：乙炔；轮型：大充气轮		施工机具设备/搬运设备	台			大充气轮乙炔车	WELD-000034 乙炔瓶手推车 焊割设备/气瓶搬运 台 适用气体：乙炔 轮型：大充气轮 大充气轮乙炔车 乙炔 大充气轮			candidate	usable	confirm_before_use	purchase_2024_candidate_rows=1260；purchase_2024_source_rows=1261；draft_sku_id=SKU-DRAFT-001253	缺失规格：规格；精度；整理依据：承重/适配气瓶规格缺失，低精度候选；导入口径：confirm_then_import；重分类：焊割设备/气瓶搬运 -> 施工机具设备/搬运设备；分类置信度：high；乙炔瓶手推车是气瓶搬运设备，旧焊割设备需转施工机具设备。	2026-07-03
FAST-000057	垫片	规格：M27		紧固件与连接件/垫圈	个			M27垫片	FAST-000057 垫片 紧固件/垫圈 个 规格：M27 M27垫片 M27			candidate	needs_review	clarify_specs_before_use	purchase_2024_candidate_rows=1261；purchase_2024_source_rows=1262；draft_sku_id=SKU-DRAFT-001254	缺失规格：材质；整理依据：平垫/弹垫/材质缺失，无法区分垫片SKU；导入口径：do_not_import_missing_specs；重分类：紧固件/垫圈 -> 紧固件与连接件/垫圈；分类置信度：medium；标准螺栓垫圈与加工金属垫片混在一起。；分类拆分待复核：按是否定制/用途拆分；标准螺栓垫圈与加工金属垫片混在一起。	2026-07-03
WELD-000035	氧气瓶手推车	适用气体：氧气；轮胎：43cm		施工机具设备/搬运设备	台			43cm轮胎氧气车	WELD-000035 氧气瓶手推车 焊割设备/气瓶搬运 台 适用气体：氧气 轮胎：43cm 43cm轮胎氧气车 氧气 43cm			candidate	usable	confirm_before_use	purchase_2024_candidate_rows=1262；purchase_2024_source_rows=1263；draft_sku_id=SKU-DRAFT-001255	缺失规格：规格；整理依据：承重/适配气瓶规格缺失；43cm轮胎是否等同大充气轮需确认；导入口径：confirm_then_import；重分类：焊割设备/气瓶搬运 -> 施工机具设备/搬运设备；分类置信度：high；氧气瓶手推车是现场气瓶搬运设备。	2026-07-03
WELD-000036	乙炔瓶手推车	适用气体：乙炔；轮胎：43cm		施工机具设备/搬运设备	台			43cm轮胎乙炔车	WELD-000036 乙炔瓶手推车 焊割设备/气瓶搬运 台 适用气体：乙炔 轮胎：43cm 43cm轮胎乙炔车 乙炔 43cm			candidate	usable	confirm_before_use	purchase_2024_candidate_rows=1263；purchase_2024_source_rows=1264；draft_sku_id=SKU-DRAFT-001256	缺失规格：规格；整理依据：承重/适配气瓶规格缺失；43cm轮胎是否等同大充气轮需确认；导入口径：confirm_then_import；重分类：焊割设备/气瓶搬运 -> 施工机具设备/搬运设备；分类置信度：high；乙炔瓶手推车是气瓶搬运设备，旧焊割设备需转施工机具设备。	2026-07-03
TOOL-000200	气动扳手	规格：大号		电动气动工具/气动工具	台			大气动扳手	TOOL-000200 气动扳手 工具/气动工具 台 规格：大号 大气动扳手 大号			candidate	needs_review	clarify_specs_before_use	purchase_2024_candidate_rows=1264；purchase_2024_source_rows=1265；draft_sku_id=SKU-DRAFT-001257	缺失规格：品牌；整理依据：接口规格/扭矩/品牌缺失，无法区分气动扳手SKU；导入口径：do_not_import_missing_specs；重分类：工具/气动工具 -> 电动气动工具/气动工具；分类置信度：high；气动扳手是气动工具整机。	2026-07-03
FAST-000058	加长六角螺丝	定制：是；规格：M27*100；头型：六角；特征：加长		紧固件与连接件/螺丝	个			加工M27*100加长六角螺丝	FAST-000058 加长六角螺丝 定制件/紧固件 个 定制：是 规格：M27*100 头型：六角 特征：加长 加工M27*100加长六角螺丝 是 M27*100 六角 加长			candidate	needs_review	clarify_specs_before_use	purchase_2024_candidate_rows=1265；purchase_2024_source_rows=1266；draft_sku_id=SKU-DRAFT-001258	缺失规格：材质；强度等级；整理依据：材质/强度等级/图纸缺失，无法区分定制螺丝SKU；导入口径：do_not_import_missing_specs；重分类：定制件/紧固件 -> 紧固件与连接件/螺丝；分类置信度：high；本质是六角螺丝，加长加工不改变紧固件属性。	2026-07-03
MAT-000112	雨棚	尺寸：3*4.5m；规格：大		建筑材料/覆盖防护材料	套			3*4.5m大雨棚	MAT-000112 雨棚 行政后勤/临时设施 套 尺寸：3*4.5m 规格：大 3*4.5m大雨棚 3*4.5m 大			candidate	needs_review	clarify_specs_before_use	purchase_2024_candidate_rows=1266；purchase_2024_source_rows=1267；draft_sku_id=SKU-DRAFT-001259	缺失规格：材质；整理依据：材质/支架配置缺失，无法区分雨棚SKU；导入口径：do_not_import_missing_specs；重分类：行政后勤/临时设施 -> 建筑材料/覆盖防护材料；分类置信度：medium；雨棚用于遮雨覆盖防护，定制只影响尺寸。	2026-07-03
FAST-000059	膨胀螺丝	规格：M20*150		紧固件与连接件/膨胀锚栓	个			M20*150膨胀螺丝	FAST-000059 膨胀螺丝 紧固件/膨胀件 个 规格：M20*150 M20*150膨胀螺丝 M20*150			candidate	needs_review	clarify_specs_before_use	purchase_2024_candidate_rows=1267；purchase_2024_source_rows=1268；draft_sku_id=SKU-DRAFT-001260	缺失规格：材质；整理依据：材质/类型缺失，无法区分膨胀螺丝SKU；导入口径：do_not_import_missing_specs；重分类：紧固件/膨胀件 -> 紧固件与连接件/膨胀锚栓；分类置信度：high；样例均为膨胀螺丝，五金备件旧口径过宽。	2026-07-03
WELD-000037	焊条	直径：2.5mm；包装重量：20kg		焊接切割/焊接耗材	件			2.5焊条20公斤	WELD-000037 焊条 焊割耗材/焊材 件 直径：2.5mm 包装重量：20kg 2.5焊条20公斤 2.5mm 20kg			candidate	needs_review	clarify_specs_before_use	purchase_2024_candidate_rows=1268；purchase_2024_source_rows=1269；draft_sku_id=SKU-DRAFT-001261	缺失规格：材质；整理依据：焊条牌号/材质缺失，无法区分焊条SKU；导入口径：do_not_import_missing_specs；重分类：焊割耗材/焊材 -> 焊接切割/焊接耗材；分类置信度：high；样例均为电焊条，归焊接耗材。	2026-07-03
WELD-000038	焊条	直径：3.2mm；包装重量：20kg		焊接切割/焊接耗材	件			3.2焊条20公斤	WELD-000038 焊条 焊割耗材/焊材 件 直径：3.2mm 包装重量：20kg 3.2焊条20公斤 3.2mm 20kg			candidate	needs_review	clarify_specs_before_use	purchase_2024_candidate_rows=1269；purchase_2024_source_rows=1270；draft_sku_id=SKU-DRAFT-001262	缺失规格：材质；整理依据：焊条牌号/材质缺失，无法区分焊条SKU；导入口径：do_not_import_missing_specs；重分类：焊割耗材/焊材 -> 焊接切割/焊接耗材；分类置信度：high；样例均为电焊条，归焊接耗材。	2026-07-03
PIPE-000262	卡箍接头	定制：是；规格：168；类型：卡箍接头		定制加工件/管路接头	件			加工168卡箍接头	PIPE-000262 卡箍接头 定制件/管路接头 件 定制：是 规格：168 类型：卡箍接头 加工168卡箍接头 是 168			candidate	needs_review	clarify_specs_before_use	purchase_2024_candidate_rows=1270；purchase_2024_source_rows=1271；draft_sku_id=SKU-DRAFT-001263	缺失规格：材质；整理依据：材质/图纸未明确；单位需与同类物料统一；导入口径：do_not_import_missing_specs；重分类：定制件/管路接头 -> 定制加工件/管路接头；分类置信度：high；加工卡箍接头属非标管路接头，规格差异不拆分。	2026-07-03
PIPE-000263	消防水带	规格：65；特征：加厚		安全消防/消防器材	米			65加厚消防水带	PIPE-000263 消防水带 消防材料/消防水带 米 规格：65 特征：加厚 65加厚消防水带 65 加厚			candidate	needs_review	clarify_specs_before_use	purchase_2024_candidate_rows=1271；purchase_2024_source_rows=1272；draft_sku_id=SKU-DRAFT-001264	缺失规格：压力等级；接口形式；整理依据：压力等级/接口形式缺失，无法区分消防水带SKU；导入口径：do_not_import_missing_specs；重分类：消防材料/消防水带 -> 安全消防/消防器材；分类置信度：high；消防水带属于消防器材。	2026-07-03
PIPE-000264	常闭气动阀	公称直径：DN50；状态：常闭；驱动：气动		液压气动/气动阀件	套			DN50常闭气动阀	PIPE-000264 常闭气动阀 气动元件/阀 套 公称直径：DN50 状态：常闭 驱动：气动 DN50常闭气动阀 DN50 常闭 气动			candidate	needs_review	clarify_specs_before_use	purchase_2024_candidate_rows=1272；purchase_2024_source_rows=1273；draft_sku_id=SKU-DRAFT-001265	缺失规格：压力等级；整理依据：电磁阀配置/压力等级缺失，无法区分气动阀SKU；导入口径：do_not_import_missing_specs；重分类：气动元件/阀 -> 液压气动/气动阀件；分类置信度：medium；常闭气动阀属气动系统阀件；推荐无对应二级，按气动阀件新建。	2026-07-03
MAT-000113	手拉葫芦	品牌/标识：三角；额定载荷：1T；链长：6米		吊装索具/葫芦	台			三角手拉葫芦1T*6米	MAT-000113 手拉葫芦 吊装索具/葫芦 台 品牌/标识：三角 额定载荷：1T 链长：6米 三角手拉葫芦1T*6米 三角 1T 6米			candidate	usable	confirm_before_use	purchase_2024_candidate_rows=1273；purchase_2024_source_rows=1274；draft_sku_id=SKU-DRAFT-001266	缺失规格：规格；型号；整理依据：认证标准未提供，按品牌/标识、载荷和链长候选；导入口径：confirm_then_import	2026-07-03
MAT-000114	手拉葫芦	品牌/标识：三角；额定载荷：2T；链长：6米		吊装索具/葫芦	台			三角手拉葫芦2T*6米	MAT-000114 手拉葫芦 吊装索具/葫芦 台 品牌/标识：三角 额定载荷：2T 链长：6米 三角手拉葫芦2T*6米 三角 2T 6米			candidate	usable	confirm_before_use	purchase_2024_candidate_rows=1274；purchase_2024_source_rows=1275；draft_sku_id=SKU-DRAFT-001267	缺失规格：规格；型号；整理依据：认证标准未提供，按品牌/标识、载荷和链长候选；导入口径：confirm_then_import	2026-07-03
WELD-000039	药芯焊丝	直径：1.2mm；类型：药芯焊丝		焊接切割/焊接耗材	件			1.2药芯焊丝	WELD-000039 药芯焊丝 焊割耗材/焊材 件 直径：1.2mm 类型：药芯焊丝 1.2药芯焊丝 1.2mm			candidate	needs_review	clarify_specs_before_use	purchase_2024_candidate_rows=1275；purchase_2024_source_rows=1276；draft_sku_id=SKU-DRAFT-001268	缺失规格：包装重量；整理依据：牌号/包装重量缺失，无法区分焊丝SKU；导入口径：do_not_import_missing_specs；重分类：焊割耗材/焊材 -> 焊接切割/焊接耗材；分类置信度：high；药芯焊丝为焊接耗材。	2026-07-03
PIPE-000265	无缝钢管	外径：60mm；壁厚：4mm		金属材料/钢管	根			60*4无缝管	PIPE-000265 无缝钢管 钢材/钢管 根 外径：60mm 壁厚：4mm 60*4无缝管 60mm 4mm			candidate	needs_review	clarify_specs_before_use	purchase_2024_candidate_rows=1276；purchase_2024_source_rows=1277；draft_sku_id=SKU-DRAFT-001269	缺失规格：材质；执行标准；长度；整理依据：长度/材质/执行标准缺失，无法区分钢管SKU；导入口径：do_not_import_missing_specs；重分类：钢材/钢管 -> 金属材料/钢管；分类置信度：high；无缝钢管属于金属钢管原材料。	2026-07-03
TOOL-000201	麻花钻头	规格：9厘；类型：麻花钻		工具耗材/钻头	支			9厘麻花钻头	TOOL-000201 麻花钻头 工具耗材/钻头 支 规格：9厘 类型：麻花钻 9厘麻花钻头 9厘 麻花钻			candidate	needs_review	clarify_specs_before_use	purchase_2024_candidate_rows=1277；purchase_2024_source_rows=1278；draft_sku_id=SKU-DRAFT-001270	缺失规格：材质；整理依据：材质/柄型缺失，无法区分钻头SKU；导入口径：do_not_import_missing_specs	2026-07-03
PIPE-000266	水管加工件	定制：是；规格：6分；用途：水管		定制加工件/管路接头	根			加工6分水管	PIPE-000266 水管加工件 定制件/管路接头 根 定制：是 规格：6分 用途：水管 加工6分水管 是 6分 水管			candidate	needs_review	clarify_specs_before_use	purchase_2024_candidate_rows=1278；purchase_2024_source_rows=1279；draft_sku_id=SKU-DRAFT-001271	缺失规格：材质；长度；整理依据：材质/长度/螺纹缺失，无法区分定制水管件SKU；导入口径：do_not_import_missing_specs；重分类：定制件/管路接头 -> 定制加工件/管路接头；分类置信度：high；加工6分水管属于定制管路件。	2026-07-03
PIPE-000267	PPR球阀	品牌：公元；公称直径：DN50；材质：PPR；类型：球阀		管材管件阀门/阀门	个			公元DN50PPR球阀	PIPE-000267 PPR球阀 PPR管件/阀门 个 品牌：公元 公称直径：DN50 材质：PPR 类型：球阀 公元DN50PPR球阀 公元 DN50 PPR 球阀	公元		candidate	usable	confirm_before_use	purchase_2024_candidate_rows=1279；purchase_2024_source_rows=1280；draft_sku_id=SKU-DRAFT-001272	缺失规格：压力等级；精度；整理依据：压力等级缺失，低精度候选；导入口径：confirm_then_import；重分类：PPR管件/阀门 -> 管材管件阀门/阀门；分类置信度：high；球阀属于管路阀门，PPR为材质属性。	2026-07-03
ELEC-000139	一体式触摸屏	型号：TPC1570；结构：一体式		电气电料/低压电器	套			TPC1570一体式触摸屏	ELEC-000139 一体式触摸屏 电气材料/工控配件 套 型号：TPC1570 结构：一体式 TPC1570一体式触摸屏 TPC1570 一体式		TPC1570	candidate	usable	confirm_before_use	purchase_2024_candidate_rows=1280；purchase_2024_source_rows=1281；draft_sku_id=SKU-DRAFT-001273	缺失规格：品牌；整理依据：同型号触摸屏台/套单位需统一；导入口径：confirm_then_import；重分类：电气材料/工控配件 -> 电气电料/低压电器；分类置信度：medium；工控触摸屏属电气控制元件；标准无工控屏二级，用低压电器承接。	2026-07-03
PIPE-000268	加厚卡箍	定制：是；规格：89；特征：加厚		定制加工件/管路接头	个			加工89加厚卡箍	PIPE-000268 加厚卡箍 定制件/管路接头 个 定制：是 规格：89 特征：加厚 加工89加厚卡箍 是 89 加厚			candidate	needs_review	clarify_specs_before_use	purchase_2024_candidate_rows=1281；purchase_2024_source_rows=1282；draft_sku_id=SKU-DRAFT-001274	缺失规格：材质；整理依据：材质/图纸缺失，无法区分定制卡箍SKU；导入口径：do_not_import_missing_specs；重分类：定制件/管路接头 -> 定制加工件/管路接头；分类置信度：high；按规格加工的加厚管路卡箍，属非标管路接头。	2026-07-03
PIPE-000269	加厚卡箍	定制：是；规格：219；特征：加厚		定制加工件/管路接头	个			加工219加厚卡箍	PIPE-000269 加厚卡箍 定制件/管路接头 个 定制：是 规格：219 特征：加厚 加工219加厚卡箍 是 219 加厚			candidate	needs_review	clarify_specs_before_use	purchase_2024_candidate_rows=1282；purchase_2024_source_rows=1283；draft_sku_id=SKU-DRAFT-001275	缺失规格：材质；整理依据：材质/图纸/用途缺失，无法区分定制卡箍SKU；导入口径：do_not_import_missing_specs；重分类：定制件/管路接头 -> 定制加工件/管路接头；分类置信度：high；按规格加工的加厚管路卡箍，属非标管路接头。	2026-07-03
PIPE-000270	法兰软连接	规格：65*40；连接：法兰		管材管件阀门/软连接	个			65*40法兰软连接	PIPE-000270 法兰软连接 管件/软连接 个 规格：65*40 连接：法兰 65*40法兰软连接 65*40 法兰			candidate	needs_review	clarify_specs_before_use	purchase_2024_candidate_rows=1283；purchase_2024_source_rows=1284；draft_sku_id=SKU-DRAFT-001276	缺失规格：材质；压力等级；长度；整理依据：材质/压力等级/长度缺失，无法区分软连接SKU；导入口径：do_not_import_missing_specs；重分类：管件/软连接 -> 管材管件阀门/软连接；分类置信度：high；法兰软连接是管路柔性连接件；新建二级软连接。	2026-07-03
PIPE-000271	法兰软连接	规格：65*50；连接：法兰		管材管件阀门/软连接	个			65*50法兰软连接	PIPE-000271 法兰软连接 管件/软连接 个 规格：65*50 连接：法兰 65*50法兰软连接 65*50 法兰			candidate	needs_review	clarify_specs_before_use	purchase_2024_candidate_rows=1284；purchase_2024_source_rows=1285；draft_sku_id=SKU-DRAFT-001277	缺失规格：材质；压力等级；长度；整理依据：材质/压力等级/长度缺失，无法区分软连接SKU；导入口径：do_not_import_missing_specs；重分类：管件/软连接 -> 管材管件阀门/软连接；分类置信度：high；法兰软连接是管路柔性连接件；新建二级软连接。	2026-07-03
PIPE-000272	PPR三通	品牌：公元；规格：63；材质：PPR；类型：三通		管材管件阀门/三通	个			公元63 PPR三通	PIPE-000272 PPR三通 PPR管件/三通 个 品牌：公元 规格：63 材质：PPR 类型：三通 公元63 PPR三通 公元 63 PPR 三通	公元		candidate	usable	confirm_before_use	purchase_2024_candidate_rows=1285；purchase_2024_source_rows=1286；draft_sku_id=SKU-DRAFT-001278	缺失规格：压力等级；精度；整理依据：压力等级缺失，低精度候选；导入口径：confirm_then_import；重分类：PPR管件/三通 -> 管材管件阀门/三通；分类置信度：high；PPR三通是标准管件；旧工程材料过宽。	2026-07-03
PIPE-000273	PPR直通	品牌：公元；规格：63；材质：PPR；类型：直通		管材管件阀门/直接	个			公元63 PPR直通	PIPE-000273 PPR直通 PPR管件/直通 个 品牌：公元 规格：63 材质：PPR 类型：直通 公元63 PPR直通 公元 63 PPR 直通	公元		candidate	usable	confirm_before_use	purchase_2024_candidate_rows=1286；purchase_2024_source_rows=1287；draft_sku_id=SKU-DRAFT-001279	缺失规格：压力等级；精度；整理依据：压力等级缺失，低精度候选；导入口径：confirm_then_import；重分类：PPR管件/直通 -> 管材管件阀门/直接；分类置信度：high；PPR直通与直接同属直连管件。	2026-07-03
PIPE-000274	PPR弯头	品牌：公元；规格：63；材质：PPR；类型：弯头		管材管件阀门/弯头	个			公元63 PPR弯头	PIPE-000274 PPR弯头 PPR管件/弯头 个 品牌：公元 规格：63 材质：PPR 类型：弯头 公元63 PPR弯头 公元 63 PPR 弯头	公元		candidate	needs_review	clarify_specs_before_use	purchase_2024_candidate_rows=1287；purchase_2024_source_rows=1288；draft_sku_id=SKU-DRAFT-001280	缺失规格：压力等级；整理依据：角度/压力等级缺失，无法区分PPR弯头SKU；导入口径：do_not_import_missing_specs；重分类：PPR管件/弯头 -> 管材管件阀门/弯头；分类置信度：high；样例均为PPR弯头，口径/品牌是规格差异。	2026-07-03
PIPE-000275	PPR管	品牌：公元；规格：63；材质：PPR		管材管件阀门/管材	米			公元63 PPR管	PIPE-000275 PPR管 PPR管材/管 米 品牌：公元 规格：63 材质：PPR 公元63 PPR管 公元 63 PPR	公元		candidate	needs_review	clarify_specs_before_use	purchase_2024_candidate_rows=1288；purchase_2024_source_rows=1289；draft_sku_id=SKU-DRAFT-001281	缺失规格：压力等级；壁厚；整理依据：压力等级/壁厚缺失，无法区分PPR管SKU；导入口径：do_not_import_missing_specs；重分类：PPR管材/管 -> 管材管件阀门/管材；分类置信度：high；样例均为PPR管材，旧工程材料/PPR管件有误。	2026-07-03
CHEM-000087	快速接头胶垫	规格：63；适用：快速接头		化工胶粘涂料/密封材料	个			63快速接头胶垫	CHEM-000087 快速接头胶垫 密封材料/胶垫 个 规格：63 适用：快速接头 63快速接头胶垫 63 快速接头			candidate	needs_review	clarify_specs_before_use	purchase_2024_candidate_rows=1289；purchase_2024_source_rows=1290；draft_sku_id=SKU-DRAFT-001282	缺失规格：材质；厚度；整理依据：材质/厚度缺失，无法区分胶垫SKU；导入口径：do_not_import_missing_specs；重分类：密封材料/胶垫 -> 化工胶粘涂料/密封材料；分类置信度：high；接头胶垫用于密封，归密封材料。	2026-07-03
PIPE-000276	PPR球阀	品牌：公元；规格：63；材质：PPR；类型：球阀		管材管件阀门/阀门	个			公元63PPR球阀	PIPE-000276 PPR球阀 PPR管件/阀门 个 品牌：公元 规格：63 材质：PPR 类型：球阀 公元63PPR球阀 公元 63 PPR 球阀	公元		candidate	usable	confirm_before_use	purchase_2024_candidate_rows=1290；purchase_2024_source_rows=1291；draft_sku_id=SKU-DRAFT-001283	缺失规格：压力等级；精度；整理依据：压力等级缺失，低精度候选；导入口径：confirm_then_import；重分类：PPR管件/阀门 -> 管材管件阀门/阀门；分类置信度：high；球阀属于管路阀门，PPR为材质属性。	2026-07-03
SAFE-000084	油布	品类：油布		包装覆盖周转/覆盖材料	平方			油布	SAFE-000084 油布 劳保耗材/覆盖防护 平方 品类：油布			candidate	needs_review	clarify_specs_before_use	purchase_2024_candidate_rows=1291；purchase_2024_source_rows=1292；draft_sku_id=SKU-DRAFT-001284	缺失规格：材质；整理依据：材质/克重/幅宽缺失，无法区分油布SKU；导入口径：do_not_import_missing_specs；重分类：劳保耗材/覆盖防护 -> 包装覆盖周转/覆盖材料；分类置信度：high；油布用于覆盖防护，旧劳保耗材不应作为分类。	2026-07-03
CHEM-000088	胶垫	规格：50		化工胶粘涂料/密封材料	个			50胶垫	CHEM-000088 胶垫 密封材料/胶垫 个 规格：50 50胶垫 50			candidate	needs_review	clarify_specs_before_use	purchase_2024_candidate_rows=1292；purchase_2024_source_rows=1293；draft_sku_id=SKU-DRAFT-001285	缺失规格：材质；厚度；整理依据：材质/厚度/用途缺失，无法区分胶垫SKU；导入口径：do_not_import_missing_specs；重分类：密封材料/胶垫 -> 化工胶粘涂料/密封材料；分类置信度：high；胶垫用于密封垫片。	2026-07-03
PIPE-000277	球阀	品牌：埃美柯；公称直径：DN15		管材管件阀门/阀门	个			DN15埃美柯球阀	PIPE-000277 球阀 阀门/球阀 个 品牌：埃美柯 公称直径：DN15 DN15埃美柯球阀 埃美柯 DN15	埃美柯		candidate	needs_review	clarify_specs_before_use	purchase_2024_candidate_rows=1293；purchase_2024_source_rows=1294；draft_sku_id=SKU-DRAFT-001286	缺失规格：材质；压力等级；连接方式；整理依据：材质/压力等级/连接方式缺失，无法区分球阀SKU；导入口径：do_not_import_missing_specs；重分类：阀门/球阀 -> 管材管件阀门/阀门；分类置信度：high；样例均为DN规格球阀。	2026-07-03
SAFE-000085	布手套	材质：布；结构：双层；特征：加厚		劳保防护/手套	双			布加厚双层手套	SAFE-000085 布手套 劳保耗材/手套 双 材质：布 结构：双层 特征：加厚 布加厚双层手套 布 双层 加厚			candidate	usable	confirm_before_use	purchase_2024_candidate_rows=1294；purchase_2024_source_rows=1295；draft_sku_id=SKU-DRAFT-001287	缺失规格：类型；整理依据：布与帆布是否同材质需确认；导入口径：confirm_then_import；重分类：劳保耗材/手套 -> 劳保防护/手套；分类置信度：high；布手套为劳保手部防护用品。	2026-07-03
WELD-000040	电焊钳	额定电流：500A		焊接切割/焊割工具	把			500A电焊钳	WELD-000040 电焊钳 焊割耗材/焊钳 把 额定电流：500A 500A电焊钳 500A			candidate	needs_review	clarify_specs_before_use	purchase_2024_candidate_rows=1295；purchase_2024_source_rows=1296；draft_sku_id=SKU-DRAFT-001288	缺失规格：品牌；整理依据：品牌/结构缺失，无法区分电焊钳SKU；导入口径：do_not_import_missing_specs；重分类：焊割耗材/焊钳 -> 焊接切割/焊割工具；分类置信度：high；电焊钳是焊接夹持工具，旧耗材口径不准确。	2026-07-03
WELD-000041	电焊钳	额定电流：800A		焊接切割/焊割工具	把			800A电焊钳	WELD-000041 电焊钳 焊割耗材/焊钳 把 额定电流：800A 800A电焊钳 800A			candidate	needs_review	clarify_specs_before_use	purchase_2024_candidate_rows=1296；purchase_2024_source_rows=1297；draft_sku_id=SKU-DRAFT-001289	缺失规格：品牌；整理依据：品牌/结构缺失，无法区分电焊钳SKU；导入口径：do_not_import_missing_specs；重分类：焊割耗材/焊钳 -> 焊接切割/焊割工具；分类置信度：high；电焊钳是焊接夹持工具，旧耗材口径不准确。	2026-07-03
WELD-000042	乙炔减压表	适用气体：乙炔		焊接切割/气瓶附件	个			乙炔表	WELD-000042 乙炔减压表 焊割耗材/气体表具 个 适用气体：乙炔 乙炔表 乙炔			candidate	needs_review	clarify_specs_before_use	purchase_2024_candidate_rows=1297；purchase_2024_source_rows=1298；draft_sku_id=SKU-DRAFT-001290	缺失规格：规格；整理依据：压力范围/接口规格缺失，无法区分减压表SKU；导入口径：do_not_import_missing_specs；重分类：焊割耗材/气体表具 -> 焊接切割/气瓶附件；分类置信度：high；乙炔减压表用于气瓶减压计量，归焊接切割气瓶附件。	2026-07-03
WELD-000043	氧气胶管	长度：30米；颜色：红色；执行标准：国标；适用气体：氧气		焊接切割/气瓶附件	卷			30米国标红色氧气管	WELD-000043 氧气胶管 焊割耗材/气管 卷 长度：30米 颜色：红色 执行标准：国标 适用气体：氧气 30米国标红色氧气管 30米 红色 国标 氧气			candidate	needs_review	clarify_specs_before_use	purchase_2024_candidate_rows=1298；purchase_2024_source_rows=1299；draft_sku_id=SKU-DRAFT-001291	缺失规格：压力等级；整理依据：内径/压力等级缺失，无法区分氧气胶管SKU；导入口径：do_not_import_missing_specs；重分类：焊割耗材/气管 -> 焊接切割/气瓶附件；分类置信度：high；氧气胶管用于焊割供气管路。	2026-07-03
ELEC-000140	端子排	规格：50mm		电气电料/接线端子	个			50mm端子排	ELEC-000140 端子排 电气材料/接线端子 个 规格：50mm 50mm端子排 50mm			candidate	needs_review	clarify_specs_before_use	purchase_2024_candidate_rows=1299；purchase_2024_source_rows=1300；draft_sku_id=SKU-DRAFT-001292	缺失规格：电流；整理依据：位数/电流等级缺失，无法区分端子排SKU；导入口径：do_not_import_missing_specs；重分类：电气材料/接线端子 -> 电气电料/接线端子；分类置信度：high；端子排属于接线端子。	2026-07-03
PIPE-000278	电浮球阀	线长：10m；类型：电浮球阀		管材管件阀门/阀门	个			10m长电浮球阀	PIPE-000278 电浮球阀 仪表/液位控制 个 线长：10m 类型：电浮球阀 10m长电浮球阀 10m			candidate	needs_review	clarify_specs_before_use	purchase_2024_candidate_rows=1300；purchase_2024_source_rows=1301；draft_sku_id=SKU-DRAFT-001293	缺失规格：材质；电压；整理依据：电压/触点形式/材质缺失，无法区分电浮球阀SKU；导入口径：do_not_import_missing_specs；重分类：仪表/液位控制 -> 管材管件阀门/阀门；分类置信度：medium；名称和样例为电浮球阀，按带液位控制的阀门处理。	2026-07-03
MAT-000115	闭门器	品类：闭门器		清洁办公后勤/门窗五金	个			闭门器	MAT-000115 闭门器 五金建材/门窗五金 个 品类：闭门器			candidate	needs_review	clarify_specs_before_use	purchase_2024_candidate_rows=1301；purchase_2024_source_rows=1302；draft_sku_id=SKU-DRAFT-001294	缺失规格：型号；整理依据：型号、适用门重范围缺失，无法区分闭门器SKU；导入口径：do_not_import_missing_specs；重分类：五金建材/门窗五金 -> 清洁办公后勤/门窗五金；分类置信度：high；闭门器属于门窗五金。	2026-07-03
ELEC-000141	开关	位数：二位		电气电料/开关按钮	个			二位开关	ELEC-000141 开关 电气材料/开关 个 位数：二位 二位开关 二位			candidate	needs_review	clarify_specs_before_use	purchase_2024_candidate_rows=1302；purchase_2024_source_rows=1303；draft_sku_id=SKU-DRAFT-001295	缺失规格：品牌；电流；整理依据：明装/暗装、电流、品牌缺失，无法区分开关SKU；导入口径：do_not_import_missing_specs；重分类：电气材料/开关 -> 电气电料/开关按钮；分类置信度：high；二位开关属开关按钮类电料。	2026-07-03
FAST-000060	花篮螺栓	规格：14*200		吊装索具/牵引捆绑	个			14*200花篮	FAST-000060 花篮螺栓 吊装索具/紧固调节 个 规格：14*200 14*200花篮 14*200			candidate	needs_review	clarify_specs_before_use	purchase_2024_candidate_rows=1303；purchase_2024_source_rows=1304；draft_sku_id=SKU-DRAFT-001296	缺失规格：材质；整理依据：开体/闭体形式、材质缺失；导入口径：do_not_import_missing_specs；重分类：吊装索具/紧固调节 -> 吊装索具/牵引捆绑；分类置信度：high；花篮螺栓用于索具拉紧调节。	2026-07-03
METAL-000091	钢丝绳	直径：10厘		吊装索具/钢丝绳	米			10厘钢丝绳	METAL-000091 钢丝绳 吊装索具/钢丝绳 米 直径：10厘 10厘钢丝绳 10厘			candidate	needs_review	clarify_specs_before_use	purchase_2024_candidate_rows=1304；purchase_2024_source_rows=1305；draft_sku_id=SKU-DRAFT-001297	缺失规格：强度等级；整理依据：结构、强度等级缺失，无法区分钢丝绳SKU；导入口径：do_not_import_missing_specs	2026-07-03
METAL-000092	钢丝绳夹	规格：10厘		吊装索具/钢丝绳	个			10厘卡扣；钢丝绳卡扣	METAL-000092 钢丝绳夹 吊装索具/钢丝绳夹 个 规格：10厘 10厘卡扣 钢丝绳卡扣 10厘			candidate	needs_review	clarify_specs_before_use	purchase_2024_candidate_rows=1305；purchase_2024_source_rows=1306；draft_sku_id=SKU-DRAFT-001298	缺失规格：材质；整理依据：由卡扣归一为钢丝绳夹；材质、标准缺失；导入口径：do_not_import_missing_specs；重分类：吊装索具/钢丝绳夹 -> 吊装索具/钢丝绳；分类置信度：high；钢丝绳夹用于固定钢丝绳端头。	2026-07-03
FAST-000061	花篮螺栓	规格：10厘		吊装索具/牵引捆绑	套			10厘花篮	FAST-000061 花篮螺栓 吊装索具/紧固调节 套 规格：10厘 10厘花篮 10厘			candidate	needs_review	clarify_specs_before_use	purchase_2024_candidate_rows=1306；purchase_2024_source_rows=1307；draft_sku_id=SKU-DRAFT-001299	缺失规格：材质；长度；整理依据：长度、材质、开体/闭体形式缺失；导入口径：do_not_import_missing_specs；重分类：吊装索具/紧固调节 -> 吊装索具/牵引捆绑；分类置信度：high；花篮螺栓用于索具拉紧调节。	2026-07-03
MAT-000116	扁平吊装带	额定载荷：5T；长度：6m；执行标准：国标；颜色：彩色		吊装索具/吊带	根			5T*6m国标彩色吊带	MAT-000116 扁平吊装带 吊装索具/吊带 根 额定载荷：5T 长度：6m 执行标准：国标 颜色：彩色 5T*6m国标彩色吊带 5T 6m 国标 彩色			candidate	usable	confirm_before_use	purchase_2024_candidate_rows=1307；purchase_2024_source_rows=1308；draft_sku_id=SKU-DRAFT-001300	缺失规格：材质；安全系数；整理依据：材质、安全系数缺失；导入口径：confirm_then_import	2026-07-03
SPARE-000112	水泵	功率：7500W；扬程：50米		施工机具设备/泵类设备	台			7500w50米扬程水泵	SPARE-000112 水泵 设备备件/泵 台 功率：7500W 扬程：50米 7500w50米扬程水泵 7500W 50米			candidate	needs_review	clarify_specs_before_use	purchase_2024_candidate_rows=1308；purchase_2024_source_rows=1309；draft_sku_id=SKU-DRAFT-001301	缺失规格：口径；电压；流量；整理依据：流量、电压、口径、泵类型缺失；导入口径：do_not_import_missing_specs；重分类：设备备件/泵 -> 施工机具设备/泵类设备；分类置信度：high；整台水泵是施工现场泵类设备，旧设备备件错误。	2026-07-03
PIPE-000279	耐磨水管	规格：50；特征：加厚、耐磨		管材管件阀门/管材	米			50加厚耐磨水管	PIPE-000279 耐磨水管 管材/水管 米 规格：50 特征：加厚、耐磨 50加厚耐磨水管 50 加厚、耐磨			candidate	needs_review	clarify_specs_before_use	purchase_2024_candidate_rows=1309；purchase_2024_source_rows=1310；draft_sku_id=SKU-DRAFT-001302	缺失规格：材质；压力等级；整理依据：材质、压力等级缺失，无法区分水管SKU；导入口径：do_not_import_missing_specs；重分类：管材/水管 -> 管材管件阀门/管材；分类置信度：high；耐磨水管属于管材。	2026-07-03
ELEC-000142	接线端子	适配线径：50mm2		电气电料/接线端子	个			50平方接线端子	ELEC-000142 接线端子 电气材料/接线端子 个 适配线径：50mm2 50平方接线端子 50mm2			candidate	needs_review	clarify_specs_before_use	purchase_2024_candidate_rows=1310；purchase_2024_source_rows=1311；draft_sku_id=SKU-DRAFT-001303	缺失规格：型号；材质；整理依据：型号、孔径、材质缺失；导入口径：do_not_import_missing_specs；重分类：电气材料/接线端子 -> 电气电料/接线端子；分类置信度：high；UK端子和线鼻子均为接线端子类。	2026-07-03
PIPE-000280	铝合金抱箍	规格：50；材质：铝合金		紧固件与连接件/管卡	个			50铝合金抱箍	PIPE-000280 铝合金抱箍 管道紧固/抱箍 个 规格：50 材质：铝合金 50铝合金抱箍 50 铝合金			candidate	usable	confirm_before_use	purchase_2024_candidate_rows=1311；purchase_2024_source_rows=1312；draft_sku_id=SKU-DRAFT-001304	缺失规格：宽度；整理依据：宽度、适配管径缺失；导入口径：confirm_then_import；重分类：管道紧固/抱箍 -> 紧固件与连接件/管卡；分类置信度：high；抱箍用于管道固定夹紧，归管卡。	2026-07-03
PIPE-000281	铝合金抱箍	规格：80；材质：铝合金		紧固件与连接件/管卡	个			80铝合金抱箍	PIPE-000281 铝合金抱箍 管道紧固/抱箍 个 规格：80 材质：铝合金 80铝合金抱箍 80 铝合金			candidate	usable	confirm_before_use	purchase_2024_candidate_rows=1312；purchase_2024_source_rows=1313；draft_sku_id=SKU-DRAFT-001305	缺失规格：宽度；整理依据：宽度、适配管径缺失；导入口径：confirm_then_import；重分类：管道紧固/抱箍 -> 紧固件与连接件/管卡；分类置信度：high；抱箍用于管道固定夹紧，归管卡。	2026-07-03
TOOL-000202	管钳	规格：18寸		工具量具/手动工具	支			18寸管钳	TOOL-000202 管钳 工具/手动工具 支 规格：18寸 18寸管钳 18寸			candidate	usable	confirm_before_use	purchase_2024_candidate_rows=1313；purchase_2024_source_rows=1314；draft_sku_id=SKU-DRAFT-001306	缺失规格：品牌；材质；整理依据：品牌、材质缺失；导入口径：confirm_then_import；重分类：工具/手动工具 -> 工具量具/手动工具；分类置信度：high；管钳为管道作业手动工具。	2026-07-03
TOOL-000203	管钳	规格：24寸		工具量具/手动工具	支			24寸管钳	TOOL-000203 管钳 工具/手动工具 支 规格：24寸 24寸管钳 24寸			candidate	usable	confirm_before_use	purchase_2024_candidate_rows=1314；purchase_2024_source_rows=1315；draft_sku_id=SKU-DRAFT-001307	缺失规格：品牌；材质；整理依据：品牌、材质缺失；导入口径：confirm_then_import；重分类：工具/手动工具 -> 工具量具/手动工具；分类置信度：high；管钳为管道作业手动工具。	2026-07-03
SPARE-000113	污水泵	功率：5.5kW；类型：污水泵		施工机具设备/泵类设备	台			5.5千w污水泵	SPARE-000113 污水泵 设备备件/泵 台 功率：5.5kW 类型：污水泵 5.5千w污水泵 5.5kW			candidate	needs_review	clarify_specs_before_use	purchase_2024_candidate_rows=1315；purchase_2024_source_rows=1316；draft_sku_id=SKU-DRAFT-001308	缺失规格：口径；电压；流量；扬程；整理依据：流量、扬程、电压、口径缺失；导入口径：do_not_import_missing_specs；重分类：设备备件/泵 -> 施工机具设备/泵类设备；分类置信度：high；污水泵为整台泵类设备，不是备件。	2026-07-03
PIPE-000282	管卡	规格：100		紧固件与连接件/管卡	个			100管卡	PIPE-000282 管卡 管道紧固/管卡 个 规格：100 100管卡 100			candidate	needs_review	clarify_specs_before_use	purchase_2024_candidate_rows=1316；purchase_2024_source_rows=1317；draft_sku_id=SKU-DRAFT-001309	缺失规格：材质；表面处理；整理依据：材质、表面处理缺失，无法区分管卡SKU；导入口径：do_not_import_missing_specs；重分类：管道紧固/管卡 -> 紧固件与连接件/管卡；分类置信度：high；管卡用于管道固定，工程材料旧类目过宽。	2026-07-03
PIPE-000283	消防接头	规格：100		安全消防/消防管件	个			100连接头；连接头	PIPE-000283 消防接头 消防材料/消防接头 个 规格：100 100连接头 连接头 100			candidate	needs_review	clarify_specs_before_use	purchase_2024_candidate_rows=1317；purchase_2024_source_rows=1318；draft_sku_id=SKU-DRAFT-001310	缺失规格：材质；整理依据：由连接头按消防接头归一；材质、接口标准缺失；导入口径：do_not_import_missing_specs；重分类：消防材料/消防接头 -> 安全消防/消防管件；分类置信度：high；消防接头是消防管件。	2026-07-03
SAFE-000086	消防水带	规格：65；用途：消防		安全消防/消防器材	米			65消防水管；消防水带/水管	SAFE-000086 消防水带 消防材料/消防水带 米 规格：65 用途：消防 65消防水管 消防水带/水管 65 消防			candidate	needs_review	clarify_specs_before_use	purchase_2024_candidate_rows=1318；purchase_2024_source_rows=1319；draft_sku_id=SKU-DRAFT-001311	缺失规格：压力等级；接口形式；整理依据：原名称含水管，按消防水带归一；压力等级、接口形式缺失；导入口径：do_not_import_missing_specs；重分类：消防材料/消防水带 -> 安全消防/消防器材；分类置信度：high；消防水带属于消防器材。	2026-07-03
SAFE-000087	消防水带	规格：80；用途：消防		安全消防/消防器材	米			80消防水带	SAFE-000087 消防水带 消防材料/消防水带 米 规格：80 用途：消防 80消防水带 80 消防			candidate	needs_review	clarify_specs_before_use	purchase_2024_candidate_rows=1319；purchase_2024_source_rows=1320；draft_sku_id=SKU-DRAFT-001312	缺失规格：压力等级；接口形式；整理依据：压力等级、接口形式缺失；导入口径：do_not_import_missing_specs；重分类：消防材料/消防水带 -> 安全消防/消防器材；分类置信度：high；消防水带属于消防器材。	2026-07-03
PIPE-000284	消防接头	规格：65		安全消防/消防管件	个			65连接头；连接头	PIPE-000284 消防接头 消防材料/消防接头 个 规格：65 65连接头 连接头 65			candidate	needs_review	clarify_specs_before_use	purchase_2024_candidate_rows=1320；purchase_2024_source_rows=1321；draft_sku_id=SKU-DRAFT-001313	缺失规格：材质；整理依据：由连接头按消防接头归一；材质、接口标准缺失；导入口径：do_not_import_missing_specs；重分类：消防材料/消防接头 -> 安全消防/消防管件；分类置信度：high；消防接头是消防管件。	2026-07-03
PIPE-000285	消防接头	规格：80		安全消防/消防管件	个			80连接头；连接头	PIPE-000285 消防接头 消防材料/消防接头 个 规格：80 80连接头 连接头 80			candidate	needs_review	clarify_specs_before_use	purchase_2024_candidate_rows=1321；purchase_2024_source_rows=1322；draft_sku_id=SKU-DRAFT-001314	缺失规格：材质；整理依据：由连接头按消防接头归一；材质、接口标准缺失；导入口径：do_not_import_missing_specs；重分类：消防材料/消防接头 -> 安全消防/消防管件；分类置信度：high；消防接头是消防管件。	2026-07-03
PIPE-000286	管卡	规格：65		紧固件与连接件/管卡	个			65管卡	PIPE-000286 管卡 管道紧固/管卡 个 规格：65 65管卡 65			candidate	needs_review	clarify_specs_before_use	purchase_2024_candidate_rows=1322；purchase_2024_source_rows=1323；draft_sku_id=SKU-DRAFT-001315	缺失规格：材质；表面处理；整理依据：材质、表面处理缺失，无法区分管卡SKU；导入口径：do_not_import_missing_specs；重分类：管道紧固/管卡 -> 紧固件与连接件/管卡；分类置信度：high；管卡用于管道固定，工程材料旧类目过宽。	2026-07-03
PIPE-000287	管卡	规格：80		紧固件与连接件/管卡	个			80管卡	PIPE-000287 管卡 管道紧固/管卡 个 规格：80 80管卡 80			candidate	needs_review	clarify_specs_before_use	purchase_2024_candidate_rows=1323；purchase_2024_source_rows=1324；draft_sku_id=SKU-DRAFT-001316	缺失规格：材质；表面处理；整理依据：材质、表面处理缺失，无法区分管卡SKU；导入口径：do_not_import_missing_specs；重分类：管道紧固/管卡 -> 紧固件与连接件/管卡；分类置信度：high；管卡用于管道固定，工程材料旧类目过宽。	2026-07-03
ADMIN-000041	吸油棉	厚度：5mm；用途：吸油		清洁办公后勤/清洁耗材	张			5MM厚吸油棉	ADMIN-000041 吸油棉 清洁耗材/吸附材料 张 厚度：5mm 用途：吸油 5MM厚吸油棉 5mm 吸油			candidate	needs_review	clarify_specs_before_use	purchase_2024_candidate_rows=1324；purchase_2024_source_rows=1325；draft_sku_id=SKU-DRAFT-001317	缺失规格：尺寸；整理依据：尺寸缺失，无法区分吸油棉SKU；导入口径：do_not_import_missing_specs；重分类：清洁耗材/吸附材料 -> 清洁办公后勤/清洁耗材；分类置信度：high；吸油棉用于清洁吸附，旧环保耗材按实物归类。	2026-07-03
SPARE-000114	电机	功率：7.5kW		设备备件/电机传动备件	台			7.5千w电机	SPARE-000114 电机 设备备件/电机 台 功率：7.5kW 7.5千w电机 7.5kW			candidate	needs_review	clarify_specs_before_use	purchase_2024_candidate_rows=1325；purchase_2024_source_rows=1326；draft_sku_id=SKU-DRAFT-001318	缺失规格：电压；整理依据：电压、转速、安装方式缺失；导入口径：do_not_import_missing_specs；重分类：设备备件/电机 -> 设备备件/电机传动备件；分类置信度：high；电机为设备传动备件。	2026-07-03
METAL-000093	钢丝绳	规格：50；长度：6米		吊装索具/钢丝绳	根			50*6米钢丝绳	METAL-000093 钢丝绳 吊装索具/钢丝绳 根 规格：50 长度：6米 50*6米钢丝绳 50 6米			candidate	needs_review	clarify_specs_before_use	purchase_2024_candidate_rows=1326；purchase_2024_source_rows=1327；draft_sku_id=SKU-DRAFT-001319	缺失规格：强度等级；整理依据：规格50未说明单位，结构、强度等级缺失；导入口径：do_not_import_missing_specs	2026-07-03
SAFE-000088	安全网	尺寸：1.8米*6米		安全消防/防护网	张			1.8米*6米安全网	SAFE-000088 安全网 安全防护/防护网 张 尺寸：1.8米*6米 1.8米*6米安全网 1.8米*6米			candidate	needs_review	clarify_specs_before_use	purchase_2024_candidate_rows=1327；purchase_2024_source_rows=1328；draft_sku_id=SKU-DRAFT-001320	缺失规格：材质；执行标准；整理依据：材质、网孔、执行标准缺失；导入口径：do_not_import_missing_specs；重分类：安全防护/防护网 -> 安全消防/防护网；分类置信度：high；安全网为现场防护设施。	2026-07-03
CHEM-000089	橡胶加工件	定制：是；规格：200*5；材质：橡胶	形态:橡胶条/板未定	定制加工件/橡胶加工件	米			定做橡胶200*5；定制橡胶条/板	CHEM-000089 橡胶加工件 定制件/橡胶加工件 米 定制：是 规格：200*5 材质：橡胶 形态:橡胶条/板未定 定做橡胶200*5 定制橡胶条/板 是 200*5 橡胶 橡胶条/板未定			candidate	needs_review	clarify_specs_before_use	purchase_2024_candidate_rows=1328；purchase_2024_source_rows=1329；draft_sku_id=SKU-DRAFT-001321	缺失规格：品牌；型号；类型；容量；颜色；整理依据：原名称条/板形态不唯一；宽厚含义、硬度、图纸缺失；导入口径：do_not_import_missing_specs；重分类：定制件/橡胶加工件 -> 定制加工件/橡胶加工件；分类置信度：medium；定做橡胶条或板属于非标橡胶件；新建二级橡胶加工件。	2026-07-03
MAT-CEM-000009	水泥钉	类型：水泥钉		紧固件与连接件/钉类	盒			水泥钉	MAT-CEM-000009 水泥钉 紧固件/钉 盒 类型：水泥钉			candidate	needs_review	clarify_specs_before_use	purchase_2024_candidate_rows=1329；purchase_2024_source_rows=1330；draft_sku_id=SKU-DRAFT-001322	缺失规格：规格；整理依据：规格、每盒数量缺失；导入口径：do_not_import_missing_specs；重分类：紧固件/钉 -> 紧固件与连接件/钉类；分类置信度：high；水泥钉是紧固钉类；新建二级钉类。	2026-07-03
ELEC-000143	电线	品牌：起帆；截面积：25mm2		电气电料/电线电缆	米			25平方起帆电线	ELEC-000143 电线 电气材料/电线电缆 米 品牌：起帆 截面积：25mm2 25平方起帆电线 起帆 25mm2	起帆		candidate	needs_review	clarify_specs_before_use	purchase_2024_candidate_rows=1330；purchase_2024_source_rows=1331；draft_sku_id=SKU-DRAFT-001323	缺失规格：材质；颜色；整理依据：品牌影响采购识别；芯数、颜色、导体材质缺失；导入口径：do_not_import_missing_specs；重分类：电气材料/电线电缆 -> 电气电料/电线电缆；分类置信度：high；样例均为起帆不同截面积电线。	2026-07-03
PIPE-000288	胶接头	规格：4寸；材质：胶		管材管件阀门/直接	套			4寸胶接头	PIPE-000288 胶接头 管件/软管接头 套 规格：4寸 材质：胶 4寸胶接头 4寸 胶			candidate	needs_review	clarify_specs_before_use	purchase_2024_candidate_rows=1331；purchase_2024_source_rows=1332；draft_sku_id=SKU-DRAFT-001324	缺失规格：压力等级；接口形式；整理依据：接口形式、压力等级缺失；导入口径：do_not_import_missing_specs；重分类：管件/软管接头 -> 管材管件阀门/直接；分类置信度：medium；胶接头为管路软接连接件，按直接类管件处理。	2026-07-03
ADMIN-000042	竹扫把	规格：大；材质：竹		清洁办公后勤/清洁工具	个			大竹扫把	ADMIN-000042 竹扫把 行政后勤/清洁用品 个 规格：大 材质：竹 大竹扫把 大 竹			candidate	usable	confirm_before_use	purchase_2024_candidate_rows=1332；purchase_2024_source_rows=1333；draft_sku_id=SKU-DRAFT-001325	缺失规格：长度；整理依据：长度缺失；导入口径：confirm_then_import；重分类：行政后勤/清洁用品 -> 清洁办公后勤/清洁工具；分类置信度：high；竹扫把是清洁工具。	2026-07-03
SAFE-000089	连体工作服	结构：连体；特征：加厚		劳保防护/身体防护	套			加厚连体裤	SAFE-000089 连体工作服 劳保耗材/防护服 套 结构：连体 特征：加厚 加厚连体裤 连体 加厚			candidate	needs_review	clarify_specs_before_use	purchase_2024_candidate_rows=1333；purchase_2024_source_rows=1334；draft_sku_id=SKU-DRAFT-001326	缺失规格：材质；整理依据：材质、尺码、防护等级缺失；导入口径：do_not_import_missing_specs；重分类：劳保耗材/防护服 -> 劳保防护/身体防护；分类置信度：high；连体工作服为身体防护用品。	2026-07-03
WELD-000044	焊条	直径：3.2mm		焊接切割/焊接耗材	件			3.2焊条	WELD-000044 焊条 焊割耗材/焊材 件 直径：3.2mm 3.2焊条 3.2mm			candidate	needs_review	clarify_specs_before_use	purchase_2024_candidate_rows=1334；purchase_2024_source_rows=1335；draft_sku_id=SKU-DRAFT-001327	缺失规格：包装重量；整理依据：牌号、包装重量缺失；导入口径：do_not_import_missing_specs；重分类：焊割耗材/焊材 -> 焊接切割/焊接耗材；分类置信度：high；样例均为电焊条，归焊接耗材。	2026-07-03
TOOL-000204	水泵钳	规格：8寸		工具量具/手动工具	支			8寸水泵钳	TOOL-000204 水泵钳 工具/手动工具 支 规格：8寸 8寸水泵钳 8寸			candidate	usable	confirm_before_use	purchase_2024_candidate_rows=1335；purchase_2024_source_rows=1336；draft_sku_id=SKU-DRAFT-001328	缺失规格：品牌；材质；整理依据：品牌、材质缺失；导入口径：confirm_then_import；重分类：工具/手动工具 -> 工具量具/手动工具；分类置信度：high；水泵钳是手动工具。	2026-07-03
TOOL-000205	水泵钳	规格：10寸		工具量具/手动工具	支			10寸水泵钳	TOOL-000205 水泵钳 工具/手动工具 支 规格：10寸 10寸水泵钳 10寸			candidate	usable	confirm_before_use	purchase_2024_candidate_rows=1336；purchase_2024_source_rows=1337；draft_sku_id=SKU-DRAFT-001329	缺失规格：品牌；材质；整理依据：品牌、材质缺失；导入口径：confirm_then_import；重分类：工具/手动工具 -> 工具量具/手动工具；分类置信度：high；水泵钳是手动工具。	2026-07-03
SAFE-000090	消防阀门	规格：150；连接方式：沟槽/卡式；用途：消防		安全消防/消防管件	个			沟槽阀150卡式消防阀；沟槽消防阀	SAFE-000090 消防阀门 阀门/消防阀门 个 规格：150 连接方式：沟槽/卡式 用途：消防 沟槽阀150卡式消防阀 沟槽消防阀 150 沟槽/卡式 消防			candidate	needs_review	clarify_specs_before_use	purchase_2024_candidate_rows=1337；purchase_2024_source_rows=1338；draft_sku_id=SKU-DRAFT-001330	缺失规格：材质；压力等级；整理依据：阀门类型、压力等级、材质缺失，无法区分消防阀SKU；导入口径：do_not_import_missing_specs；重分类：阀门/消防阀门 -> 安全消防/消防管件；分类置信度：high；沟槽消防阀属于消防系统管件。	2026-07-03
TOOL-000206	切割机防护罩	适配设备：400切割机；部件：防护罩		电动气动工具/工具附件	个			400切割机防护罩	TOOL-000206 切割机防护罩 工具备件/电动工具配件 个 适配设备：400切割机 部件：防护罩 400切割机防护罩 400切割机 防护罩			candidate	usable	confirm_before_use	purchase_2024_candidate_rows=1338；purchase_2024_source_rows=1339；draft_sku_id=SKU-DRAFT-001331	缺失规格：型号；材质；整理依据：适配型号、材质缺失；导入口径：confirm_then_import；重分类：工具备件/电动工具配件 -> 电动气动工具/工具附件；分类置信度：high；切割机防护罩是电动工具附件/配件。	2026-07-03
ADMIN-000043	抹布	形态：大块；颜色：白色		清洁办公后勤/清洁耗材	kg			大块白抹布	ADMIN-000043 抹布 清洁耗材/擦拭材料 kg 形态：大块 颜色：白色 大块白抹布 大块 白色			candidate	usable	confirm_before_use	purchase_2024_candidate_rows=1339;1365；purchase_2024_source_rows=1340;1366；draft_sku_id=SKU-DRAFT-001332	缺失规格：材质；整理依据：材质、包装缺失；材质成分缺失，按大块白色抹布先建候选；导入口径：confirm_then_import；重分类：清洁耗材/擦拭材料 -> 清洁办公后勤/清洁耗材；分类置信度：high；抹布为清洁擦拭耗材。	2026-07-03
PIPE-000289	抱箍加工件	加工：是；规格：3寸；类型：抱箍		定制加工件/金属加工件	个			3寸抱箍加工	PIPE-000289 抱箍加工件 定制件/管道紧固 个 加工：是 规格：3寸 类型：抱箍 3寸抱箍加工 是 3寸 抱箍			candidate	needs_review	clarify_specs_before_use	purchase_2024_candidate_rows=1340；purchase_2024_source_rows=1341；draft_sku_id=SKU-DRAFT-001333	缺失规格：材质；表面处理；整理依据：定制件材质、图纸、表面处理缺失；导入口径：do_not_import_missing_specs；重分类：定制件/管道紧固 -> 定制加工件/金属加工件；分类置信度：medium；按尺寸加工的非标抱箍，归金属加工件。	2026-07-03
PIPE-000290	抱箍加工件	加工：是；规格：2寸；类型：抱箍		定制加工件/金属加工件	个			2寸抱箍加工	PIPE-000290 抱箍加工件 定制件/管道紧固 个 加工：是 规格：2寸 类型：抱箍 2寸抱箍加工 是 2寸 抱箍			candidate	needs_review	clarify_specs_before_use	purchase_2024_candidate_rows=1341；purchase_2024_source_rows=1342；draft_sku_id=SKU-DRAFT-001334	缺失规格：材质；表面处理；整理依据：定制件材质、图纸、表面处理缺失；导入口径：do_not_import_missing_specs；重分类：定制件/管道紧固 -> 定制加工件/金属加工件；分类置信度：medium；按尺寸加工的非标抱箍，归金属加工件。	2026-07-03
MAT-000117	卸扣	额定载荷：8T		吊装索具/卸扣	个			8T卸扣；卸扣8T	MAT-000117 卸扣 吊装索具/卸扣 个 额定载荷：8T 8T卸扣 卸扣8T 8T			candidate	needs_review	clarify_specs_before_use	purchase_2024_candidate_rows=1342;1797；purchase_2024_source_rows=1343;1798；draft_sku_id=SKU-DRAFT-001335	缺失规格：材质；型式；安全系数；整理依据：型式、销轴形式、标准缺失；型式/材质/安全系数/标准缺失，会影响卸扣SKU区分；导入口径：do_not_import_missing_specs	2026-07-03
MAT-000118	卸扣	额定载荷：10T		吊装索具/卸扣	个			10T卸扣；卸扣10T	MAT-000118 卸扣 吊装索具/卸扣 个 额定载荷：10T 10T卸扣 卸扣10T 10T			candidate	needs_review	clarify_specs_before_use	purchase_2024_candidate_rows=1343;1796；purchase_2024_source_rows=1344;1797；draft_sku_id=SKU-DRAFT-001336	缺失规格：材质；型式；整理依据：型式、销轴形式、标准缺失；型式/材质/安全认证缺失，会影响卸扣SKU区分；导入口径：do_not_import_missing_specs	2026-07-03
MAT-000119	卸扣	额定载荷：12T		吊装索具/卸扣	个			12T卸扣	MAT-000119 卸扣 吊装索具/卸扣 个 额定载荷：12T 12T卸扣 12T			candidate	needs_review	clarify_specs_before_use	purchase_2024_candidate_rows=1344；purchase_2024_source_rows=1345；draft_sku_id=SKU-DRAFT-001337	缺失规格：型式；整理依据：型式、销轴形式、标准缺失；导入口径：do_not_import_missing_specs	2026-07-03
MAT-000120	木屑	品类：木屑		清洁办公后勤/清洁耗材	斤			木屑	MAT-000120 木屑 辅料耗材/吸附填充材料 斤 品类：木屑			candidate	usable	confirm_before_use	purchase_2024_candidate_rows=1345；purchase_2024_source_rows=1346；draft_sku_id=SKU-DRAFT-001338	缺失规格：规格；型号；整理依据：用途、含水率缺失；单位是否改kg需确认；导入口径：confirm_then_import；重分类：辅料耗材/吸附填充材料 -> 清洁办公后勤/清洁耗材；分类置信度：medium；样例为吸附填充用途，更接近清理耗材而非主体建材。	2026-07-03
ELEC-000144	插头	类型：三相四线；电流：25A		电气电料/插头插座	个			25A三相四插头；三相四线插头	ELEC-000144 插头 电气材料/插头插座 个 类型：三相四线 电流：25A 25A三相四插头 三相四线插头 三相四线 25A			candidate	usable	confirm_before_use	purchase_2024_candidate_rows=1346；purchase_2024_source_rows=1347；draft_sku_id=SKU-DRAFT-001339	缺失规格：电压；整理依据：电压、防护等级缺失；导入口径：confirm_then_import；重分类：电气材料/插头插座 -> 电气电料/插头插座；分类置信度：high；10A、16A和三相插头均为插头插座类。	2026-07-03
TOOL-000207	尖凿	规格：大；接口：五坑；类型：尖凿		工具耗材/凿具	支			大五坑尖凿；五坑尖凿	TOOL-000207 尖凿 工具耗材/凿具 支 规格：大 接口：五坑 类型：尖凿 大五坑尖凿 五坑尖凿 大 五坑			candidate	usable	confirm_before_use	purchase_2024_candidate_rows=1347；purchase_2024_source_rows=1348；draft_sku_id=SKU-DRAFT-001340	缺失规格：长度；整理依据：长度、适配电镐缺失；导入口径：confirm_then_import	2026-07-03
TOOL-000208	钻头	规格：3.5；材质：钨钢		工具耗材/钻头	支			3.5钨钢钻头	TOOL-000208 钻头 工具耗材/钻头 支 规格：3.5 材质：钨钢 3.5钨钢钻头 3.5 钨钢			candidate	usable	confirm_before_use	purchase_2024_candidate_rows=1348；purchase_2024_source_rows=1349；draft_sku_id=SKU-DRAFT-001341	缺失规格：直径；整理依据：规格未说明直径等类型；柄型、刃长缺失；导入口径：confirm_then_import	2026-07-03
TOOL-000209	钻头	规格：3.0；材质：钨钢		工具耗材/钻头	支			3.0钨钢钻头	TOOL-000209 钻头 工具耗材/钻头 支 规格：3.0 材质：钨钢 3.0钨钢钻头 3.0 钨钢			candidate	usable	confirm_before_use	purchase_2024_candidate_rows=1349；purchase_2024_source_rows=1350；draft_sku_id=SKU-DRAFT-001342	缺失规格：直径；整理依据：规格未说明直径等类型；柄型、刃长缺失；导入口径：confirm_then_import	2026-07-03
SPARE-000115	鼓风机滤芯	规格：2寸；适用设备：鼓风机		设备备件/通用机械备件	个			2寸鼓风机滤芯	SPARE-000115 鼓风机滤芯 备品备件/过滤件 个 规格：2寸 适用设备：鼓风机 2寸鼓风机滤芯 2寸 鼓风机			candidate	needs_review	clarify_specs_before_use	purchase_2024_candidate_rows=1350；purchase_2024_source_rows=1351；draft_sku_id=SKU-DRAFT-001343	缺失规格：型号；精度；整理依据：过滤精度、适配型号缺失；导入口径：do_not_import_missing_specs；重分类：备品备件/过滤件 -> 设备备件/通用机械备件；分类置信度：high；滤芯是鼓风机配套备件。	2026-07-03
PIPE-000291	法兰	公称直径：DN50；压力等级：16kg		管材管件阀门/法兰	个			DN50*16KG法兰	PIPE-000291 法兰 管件/法兰 个 公称直径：DN50 压力等级：16kg DN50*16KG法兰 DN50 16kg			candidate	needs_review	clarify_specs_before_use	purchase_2024_candidate_rows=1351；purchase_2024_source_rows=1352；draft_sku_id=SKU-DRAFT-001344	缺失规格：材质；执行标准；整理依据：材质/执行标准/密封面缺失，可能影响法兰SKU区分；导入口径：do_not_import_missing_specs；重分类：管件/法兰 -> 管材管件阀门/法兰；分类置信度：high；法兰属于管件法兰类。	2026-07-03
PIPE-000292	法兰	公称直径：DN65；压力等级：16kg		管材管件阀门/法兰	个			DN65*16KG法兰	PIPE-000292 法兰 管件/法兰 个 公称直径：DN65 压力等级：16kg DN65*16KG法兰 DN65 16kg			candidate	needs_review	clarify_specs_before_use	purchase_2024_candidate_rows=1352；purchase_2024_source_rows=1353；draft_sku_id=SKU-DRAFT-001345	缺失规格：材质；执行标准；整理依据：材质/执行标准/密封面缺失，可能影响法兰SKU区分；导入口径：do_not_import_missing_specs；重分类：管件/法兰 -> 管材管件阀门/法兰；分类置信度：high；法兰属于管件法兰类。	2026-07-03
TOOL-000210	伸缩杆	长度：2米；结构：伸缩		安全消防/围挡护栏	个			2米伸缩杆	TOOL-000210 伸缩杆 工具/辅助工具 个 长度：2米 结构：伸缩 2米伸缩杆 2米 伸缩			candidate	needs_review	clarify_specs_before_use	purchase_2024_candidate_rows=1353；purchase_2024_source_rows=1354；draft_sku_id=SKU-DRAFT-001346	缺失规格：材质；整理依据：材质/用途缺失，可能影响伸缩杆SKU区分；导入口径：do_not_import_missing_specs；重分类：工具/辅助工具 -> 安全消防/围挡护栏；分类置信度：low；样例同时有红色隔离伸缩杆和2米工具杆，旧分组分歧，需拆分后分别归类。；分类拆分待复核：按用途拆分为隔离伸缩杆/工具加长杆；样例同时有红色隔离伸缩杆和2米工具杆，旧分组分歧，需拆分后分别归类。	2026-07-03
METAL-000094	合页	规格：3寸；材质：不锈钢		清洁办公后勤/门窗五金	付			3寸不锈钢合页	METAL-000094 合页 五金建材/门窗五金 付 规格：3寸 材质：不锈钢 3寸不锈钢合页 3寸 不锈钢			candidate	needs_review	clarify_specs_before_use	purchase_2024_candidate_rows=1354；purchase_2024_source_rows=1355；draft_sku_id=SKU-DRAFT-001347	缺失规格：厚度；整理依据：厚度/孔位缺失，可能影响合页SKU区分；导入口径：do_not_import_missing_specs；重分类：五金建材/门窗五金 -> 清洁办公后勤/门窗五金；分类置信度：high；合页属门窗五金，旧五金口径需归并。	2026-07-03
PIPE-000293	高压油管	定制：是；规格：19；压力：420公斤		液压气动/高压管路	根			定做19*420公斤高压油管	PIPE-000293 高压油管 定制件/液压管路 根 定制：是 规格：19 压力：420公斤 定做19*420公斤高压油管 是 19 420公斤			candidate	needs_review	clarify_specs_before_use	purchase_2024_candidate_rows=1355；purchase_2024_source_rows=1356；draft_sku_id=SKU-DRAFT-001348	缺失规格：接头形式；长度；整理依据：定制件长度/接头形式/图纸缺失，无法唯一确定高压油管SKU；导入口径：do_not_import_missing_specs；重分类：定制件/液压管路 -> 液压气动/高压管路；分类置信度：high；高压油管为液压高压管路，定制只影响长度和接头。	2026-07-03
HW-LOCK-000011	挂锁	材质：铜；钥匙类型：通开		清洁办公后勤/门窗五金	个			通开铜挂锁	HW-LOCK-000011 挂锁 五金建材/锁具 个 材质：铜 钥匙类型：通开 通开铜挂锁 铜 通开			candidate	needs_review	clarify_specs_before_use	purchase_2024_candidate_rows=1356；purchase_2024_source_rows=1357；draft_sku_id=SKU-DRAFT-001349	缺失规格：规格；整理依据：规格/钥匙数量缺失，无法稳定区分挂锁SKU；导入口径：do_not_import_missing_specs；重分类：五金建材/锁具 -> 清洁办公后勤/门窗五金；分类置信度：high；挂锁属门窗锁具五金，旧五金口径需归并。	2026-07-03
TOOL-000211	量杯	容量：5L		工具量具/测量工具	个			5L量杯	TOOL-000211 量杯 工具耗材/计量工具 个 容量：5L 5L量杯 5L			candidate	needs_review	clarify_specs_before_use	purchase_2024_candidate_rows=1357；purchase_2024_source_rows=1358；draft_sku_id=SKU-DRAFT-001350	缺失规格：材质；精度；整理依据：材质/刻度精度缺失，可能影响量杯SKU区分；导入口径：do_not_import_missing_specs；重分类：工具耗材/计量工具 -> 工具量具/测量工具；分类置信度：high；量杯用于容量计量，归测量工具而非工具耗材。	2026-07-03
METAL-000095	钢丝绳	定制：是；规格：50；长度：4米		吊装索具/钢丝绳	根			定做50*4米钢丝绳	METAL-000095 钢丝绳 定制件/吊装索具 根 定制：是 规格：50 长度：4米 定做50*4米钢丝绳 是 50 4米			candidate	needs_review	clarify_specs_before_use	purchase_2024_candidate_rows=1358；purchase_2024_source_rows=1359；draft_sku_id=SKU-DRAFT-001351	缺失规格：直径；整理依据：定制件直径单位/结构/强度/证书缺失，无法唯一确定钢丝绳SKU；导入口径：do_not_import_missing_specs；重分类：定制件/吊装索具 -> 吊装索具/钢丝绳；分类置信度：high；样例均为吊装用钢丝绳或扣压长度，定制只影响规格。	2026-07-03
METAL-000096	钢丝绳专用剂	进口：是；包装：5kg；用途：钢丝绳		化工胶粘涂料/润滑剂	桶			进口5KG钢丝绳专用剂	METAL-000096 钢丝绳专用剂 化工耗材/润滑防护剂 桶 进口：是 包装：5kg 用途：钢丝绳 进口5KG钢丝绳专用剂 是 5kg 钢丝绳			candidate	needs_review	clarify_specs_before_use	purchase_2024_candidate_rows=1359；purchase_2024_source_rows=1360；draft_sku_id=SKU-DRAFT-001352	缺失规格：品牌；整理依据：品牌/油脂类型缺失，无法稳定区分钢丝绳专用剂SKU；导入口径：do_not_import_missing_specs；重分类：化工耗材/润滑防护剂 -> 化工胶粘涂料/润滑剂；分类置信度：medium；钢丝绳专用剂通常为润滑防护材料，需按具体型号确认。	2026-07-03
ADMIN-000044	喷壶	品类：喷壶		清洁办公后勤/清洁工具	个			喷壶	ADMIN-000044 喷壶 行政后勤/清洁用品 个 品类：喷壶			candidate	needs_review	clarify_specs_before_use	purchase_2024_candidate_rows=1360；purchase_2024_source_rows=1361；draft_sku_id=SKU-DRAFT-001353	缺失规格：材质；容量；整理依据：容量/材质缺失，无法稳定区分喷壶SKU；导入口径：do_not_import_missing_specs；重分类：行政后勤/清洁用品 -> 清洁办公后勤/清洁工具；分类置信度：high；喷壶常用于清洁喷洒，容量差异不拆分。	2026-07-03
MAT-000121	U型卸扣	额定载荷：17T；型式：U型；执行标准：国标		吊装索具/卸扣	个			17TU型国标卸扣	MAT-000121 U型卸扣 吊装索具/卸扣 个 额定载荷：17T 型式：U型 执行标准：国标 17TU型国标卸扣 17T U型 国标			candidate	usable	confirm_before_use	purchase_2024_candidate_rows=1361；purchase_2024_source_rows=1362；draft_sku_id=SKU-DRAFT-001354	缺失规格：规格；型号；整理依据：销轴形式/证书缺失，按载荷、型式和标准先建候选；导入口径：confirm_then_import	2026-07-03
MAT-000122	蝴蝶扣	额定载荷：15T；类型：蝴蝶扣		吊装索具/卸扣	个			15T蝴蝶扣	MAT-000122 蝴蝶扣 吊装索具/连接件 个 额定载荷：15T 类型：蝴蝶扣 15T蝴蝶扣 15T			candidate	usable	confirm_before_use	purchase_2024_candidate_rows=1362；purchase_2024_source_rows=1363；draft_sku_id=SKU-DRAFT-001355	缺失规格：材质；整理依据：材质/标准/证书缺失，按额定载荷和类型先建候选；导入口径：confirm_then_import；重分类：吊装索具/连接件 -> 吊装索具/卸扣；分类置信度：medium；蝴蝶扣为吊装链具连接扣，按卸扣连接件处理。	2026-07-03
PIPE-000294	骑马卡	公称直径：DN200；材质：不锈钢		紧固件与连接件/管卡	个			DN200不锈钢骑马卡	PIPE-000294 骑马卡 管道紧固/骑马卡 个 公称直径：DN200 材质：不锈钢 DN200不锈钢骑马卡 DN200 不锈钢			candidate	needs_review	clarify_specs_before_use	purchase_2024_candidate_rows=1363；purchase_2024_source_rows=1364；draft_sku_id=SKU-DRAFT-001356	缺失规格：厚度；整理依据：厚度/孔距缺失，可能影响骑马卡SKU区分；导入口径：do_not_import_missing_specs；重分类：管道紧固/骑马卡 -> 紧固件与连接件/管卡；分类置信度：high；骑马卡用于管路固定，定制只影响规格材质。	2026-07-03
FAST-000062	膨胀螺丝	规格：M10*60		紧固件与连接件/膨胀锚栓	个			10*60膨胀螺丝	FAST-000062 膨胀螺丝 紧固件/膨胀件 个 规格：M10*60 10*60膨胀螺丝 M10*60			candidate	needs_review	clarify_specs_before_use	purchase_2024_candidate_rows=1364；purchase_2024_source_rows=1365；draft_sku_id=SKU-DRAFT-001357	缺失规格：材质；整理依据：材质/类型缺失，可能影响膨胀螺丝SKU区分；导入口径：do_not_import_missing_specs；重分类：紧固件/膨胀件 -> 紧固件与连接件/膨胀锚栓；分类置信度：high；样例均为膨胀螺丝，五金备件旧口径过宽。	2026-07-03
TOOL-000212	美工刀	品牌：得力		工具量具/手动工具	个			得力美工刀	TOOL-000212 美工刀 工具/刀具 个 品牌：得力 得力美工刀 得力	得力		candidate	needs_review	clarify_specs_before_use	purchase_2024_candidate_rows=1366；purchase_2024_source_rows=1367；draft_sku_id=SKU-DRAFT-001358	缺失规格：宽度；整理依据：刀片宽度缺失，无法稳定区分美工刀SKU；导入口径：do_not_import_missing_specs；重分类：工具/刀具 -> 工具量具/手动工具；分类置信度：high；美工刀为手动切割工具。	2026-07-03
TOOL-000213	美工刀片	品牌：得力		工具耗材/刀片	盒			得力刀片	TOOL-000213 美工刀片 工具耗材/刀片 盒 品牌：得力 得力刀片 得力	得力		candidate	needs_review	clarify_specs_before_use	purchase_2024_candidate_rows=1367；purchase_2024_source_rows=1368；draft_sku_id=SKU-DRAFT-001359	缺失规格：规格；整理依据：输入单位“合”按明显错字修正为“盒”；规格/片数缺失；导入口径：do_not_import_missing_specs	2026-07-03
MAT-000123	注浆针头	类型：注浆针头		建筑材料/防水材料	个			注浆针头	MAT-000123 注浆针头 堵漏注浆/注浆耗材 个 类型：注浆针头			candidate	needs_review	clarify_specs_before_use	purchase_2024_candidate_rows=1368；purchase_2024_source_rows=1369；draft_sku_id=SKU-DRAFT-001360	缺失规格：规格；材质；长度；整理依据：规格/长度/材质缺失，无法稳定区分注浆针头SKU；导入口径：do_not_import_missing_specs；重分类：堵漏注浆/注浆耗材 -> 建筑材料/防水材料；分类置信度：high；注浆针头用于堵漏注浆，归防水材料。	2026-07-03
MAT-000124	水性聚氨酯	类型：水性；材料：聚氨酯		建筑材料/防水材料	公斤			水性聚氨酯	MAT-000124 水性聚氨酯 化工耗材/堵漏材料 公斤 类型：水性 材料：聚氨酯 水性 聚氨酯			candidate	needs_review	clarify_specs_before_use	purchase_2024_candidate_rows=1369；purchase_2024_source_rows=1370；draft_sku_id=SKU-DRAFT-001361	缺失规格：品牌；整理依据：品牌/包装/固含量缺失，可能影响聚氨酯材料SKU区分；导入口径：do_not_import_missing_specs；重分类：化工耗材/堵漏材料 -> 建筑材料/防水材料；分类置信度：high；水性聚氨酯用于堵漏防水，归防水材料。	2026-07-03
MAT-000125	油性聚氨酯	类型：油性；材料：聚氨酯		建筑材料/防水材料	公斤			油性聚氨酯	MAT-000125 油性聚氨酯 化工耗材/堵漏材料 公斤 类型：油性 材料：聚氨酯 油性 聚氨酯			candidate	needs_review	clarify_specs_before_use	purchase_2024_candidate_rows=1370；purchase_2024_source_rows=1371；draft_sku_id=SKU-DRAFT-001362	缺失规格：品牌；整理依据：品牌/包装/固含量缺失，可能影响聚氨酯材料SKU区分；导入口径：do_not_import_missing_specs；重分类：化工耗材/堵漏材料 -> 建筑材料/防水材料；分类置信度：high；油性聚氨酯为堵漏防水材料。	2026-07-03
MAT-CEM-000010	双快水泥	类型：双快水泥		建筑材料/水泥砂石	包			双快水泥	MAT-CEM-000010 双快水泥 建筑材料/水泥砂石 包 类型：双快水泥			candidate	needs_review	clarify_specs_before_use	purchase_2024_candidate_rows=1371；purchase_2024_source_rows=1372；draft_sku_id=SKU-DRAFT-001363	缺失规格：强度等级；包装重量；整理依据：强度等级/包装重量缺失，无法稳定区分双快水泥SKU；导入口径：do_not_import_missing_specs	2026-07-03
MAT-000126	发泡剂	品类：发泡剂		化工胶粘涂料/密封材料	个			发泡剂	MAT-000126 发泡剂 化工耗材/填缝材料 个 品类：发泡剂			candidate	needs_review	clarify_specs_before_use	purchase_2024_candidate_rows=1372；purchase_2024_source_rows=1373；draft_sku_id=SKU-DRAFT-001364	缺失规格：品牌；容量；整理依据：容量/品牌缺失，无法稳定区分发泡剂SKU；导入口径：do_not_import_missing_specs；重分类：化工耗材/填缝材料 -> 化工胶粘涂料/密封材料；分类置信度：high；发泡剂用于填缝密封。	2026-07-03
TOOL-000214	发泡剂枪	适用材料：发泡剂		工具量具/手动工具	个			发泡剂枪	TOOL-000214 发泡剂枪 工具/施胶工具 个 适用材料：发泡剂 发泡剂			candidate	needs_review	clarify_specs_before_use	purchase_2024_candidate_rows=1373；purchase_2024_source_rows=1374；draft_sku_id=SKU-DRAFT-001365	缺失规格：规格；整理依据：规格/结构缺失，无法稳定区分发泡剂枪SKU；导入口径：do_not_import_missing_specs；重分类：工具/施胶工具 -> 工具量具/手动工具；分类置信度：high；发泡剂枪是施胶手动工具。	2026-07-03
MAT-000127	注浆枪头	类型：注浆枪头		设备备件/通用机械备件	个			注浆枪头	MAT-000127 注浆枪头 堵漏注浆/注浆配件 个 类型：注浆枪头			candidate	needs_review	clarify_specs_before_use	purchase_2024_candidate_rows=1374；purchase_2024_source_rows=1375；draft_sku_id=SKU-DRAFT-001366	缺失规格：规格；型号；材质；品牌；整理依据：接口/适配注浆枪缺失，无法稳定区分注浆枪头SKU；导入口径：do_not_import_missing_specs；重分类：堵漏注浆/注浆配件 -> 设备备件/通用机械备件；分类置信度：medium；注浆枪头是注浆设备配件，旧堵漏注浆口径过宽。	2026-07-03
CHEM-000090	清洗机专用油	用途：清洗机		化工胶粘涂料/润滑剂	个			清洗机专用油	CHEM-000090 清洗机专用油 化工耗材/润滑油 个 用途：清洗机 清洗机			candidate	needs_review	clarify_specs_before_use	purchase_2024_candidate_rows=1375；purchase_2024_source_rows=1376；draft_sku_id=SKU-DRAFT-001367	缺失规格：品牌；型号；整理依据：包装/品牌/油品型号缺失，单位“个”需复核；导入口径：do_not_import_missing_specs；重分类：化工耗材/润滑油 -> 化工胶粘涂料/润滑剂；分类置信度：high；清洗机专用油是润滑剂。	2026-07-03
MAT-000128	塑料凳	材质：塑料；特征：加厚		清洁办公后勤/生活用品	个			加厚塑料凳；加厚塑料凳子	MAT-000128 塑料凳 行政后勤/生活用品 个 材质：塑料 特征：加厚 加厚塑料凳 加厚塑料凳子 塑料 加厚			candidate	usable	confirm_before_use	purchase_2024_candidate_rows=1376；purchase_2024_source_rows=1377；draft_sku_id=SKU-DRAFT-001368	缺失规格：尺寸；整理依据：尺寸/承重缺失，按加厚塑料凳先建候选；导入口径：confirm_then_import；重分类：行政后勤/生活用品 -> 清洁办公后勤/生活用品；分类置信度：high；塑料凳为后勤生活用品。	2026-07-03
TOOL-000215	一体梯凳	承重：600kg；结构：一体		工具量具/登高工具	个			600KG一体梯凳	TOOL-000215 一体梯凳 工具/登高工具 个 承重：600kg 结构：一体 600KG一体梯凳 600kg 一体			candidate	needs_review	clarify_specs_before_use	purchase_2024_candidate_rows=1377；purchase_2024_source_rows=1378；draft_sku_id=SKU-DRAFT-001369	缺失规格：材质；整理依据：高度/材质/标准缺失，无法稳定区分梯凳SKU；导入口径：do_not_import_missing_specs；重分类：工具/登高工具 -> 工具量具/登高工具；分类置信度：medium；梯凳为登高工具；推荐二级无登高工具，新增二级。	2026-07-03
MAT-CEM-000011	水泥	标号/型号：PC425		建筑材料/水泥砂石	包			PC425水泥	MAT-CEM-000011 水泥 建筑材料/水泥砂石 包 标号/型号：PC425 PC425水泥 PC425			candidate	needs_review	clarify_specs_before_use	purchase_2024_candidate_rows=1378；purchase_2024_source_rows=1379；draft_sku_id=SKU-DRAFT-001370	缺失规格：执行标准；包装重量；整理依据：包装重量/执行标准缺失，无法稳定区分水泥SKU；导入口径：do_not_import_missing_specs	2026-07-03
CHEM-000091	高压清洗机滤网	规格：25mm；部件：滤网		设备备件/通用机械备件	个			25MM高压清洗剂滤网	CHEM-000091 高压清洗机滤网 清洗设备/高压清洗机配件 个 规格：25mm 部件：滤网 25MM高压清洗剂滤网 25mm 滤网			candidate	needs_review	clarify_specs_before_use	purchase_2024_candidate_rows=1379；purchase_2024_source_rows=1380；draft_sku_id=SKU-DRAFT-001371	缺失规格：型号；精度；整理依据：适配型号/过滤精度缺失，无法稳定区分滤网SKU；导入口径：do_not_import_missing_specs；重分类：清洗设备/高压清洗机配件 -> 设备备件/通用机械备件；分类置信度：high；滤网为高压清洗机配件，旧化工编码明显错误。	2026-07-03
METAL-000097	滑槽	形状：C型；材质：不锈钢		金属材料/型钢	米			C型不锈钢滑槽	METAL-000097 滑槽 五金建材/导轨滑槽 米 形状：C型 材质：不锈钢 C型不锈钢滑槽 C型 不锈钢			candidate	needs_review	clarify_specs_before_use	purchase_2024_candidate_rows=1380；purchase_2024_source_rows=1381；draft_sku_id=SKU-DRAFT-001372	缺失规格：尺寸；厚度；整理依据：截面尺寸/厚度缺失，无法稳定区分滑槽SKU；导入口径：do_not_import_missing_specs；重分类：五金建材/导轨滑槽 -> 金属材料/型钢；分类置信度：medium；C型不锈钢滑槽是金属型材，旧五金建材偏泛。	2026-07-03
CHEM-000092	润滑脂	品牌：克虏伯；型号：NB52		化工胶粘涂料/润滑剂	公斤			克虏伯油脂NB52	CHEM-000092 润滑脂 化工耗材/润滑脂 公斤 品牌：克虏伯 型号：NB52 克虏伯油脂NB52 克虏伯 NB52	克虏伯	NB52	candidate	usable	confirm_before_use	purchase_2024_candidate_rows=1381；purchase_2024_source_rows=1382；draft_sku_id=SKU-DRAFT-001373	缺失规格：规格；包装规格；整理依据：包装规格/用途缺失，按品牌和型号先建候选；导入口径：confirm_then_import；重分类：化工耗材/润滑脂 -> 化工胶粘涂料/润滑剂；分类置信度：high；黄油和油脂均为润滑剂。	2026-07-03
MAT-000129	PAC污水处理剂	类型：PAC；含量：28%		化工胶粘涂料/水处理剂	吨			28%PAC污水处理剂	MAT-000129 PAC污水处理剂 化工原料/水处理剂 吨 类型：PAC 含量：28% 28%PAC污水处理剂 PAC 28%			candidate	usable	confirm_before_use	purchase_2024_candidate_rows=1382；purchase_2024_source_rows=1383；draft_sku_id=SKU-DRAFT-001374	缺失规格：执行标准；整理依据：包装/执行标准缺失，按PAC类型和含量先建候选；导入口径：confirm_then_import；重分类：化工原料/水处理剂 -> 化工胶粘涂料/水处理剂；分类置信度：high；PAC是污水处理药剂；推荐二级无水处理剂，新增二级。	2026-07-03
SPARE-000116	轴承	品牌：SKF；型号：2315；进口：是		设备备件/通用机械备件	个			进口SKF-2315轴承	SPARE-000116 轴承 备品备件/轴承 个 品牌：SKF 型号：2315 进口：是 进口SKF-2315轴承 SKF 2315 是	SKF	2315	candidate	usable	confirm_before_use	purchase_2024_candidate_rows=1383；purchase_2024_source_rows=1384；draft_sku_id=SKU-DRAFT-001375	缺失规格：图号；整理依据：轴承类型/尺寸未列，按品牌和型号先建候选；导入口径：confirm_then_import；重分类：备品备件/轴承 -> 设备备件/通用机械备件；分类置信度：high；轴承属于通用设备备件。	2026-07-03
SAFE-000091	布手套	材质：布；特征：加厚		劳保防护/手套	双			加厚布手套	SAFE-000091 布手套 劳保耗材/手套 双 材质：布 特征：加厚 加厚布手套 布 加厚			candidate	needs_review	clarify_specs_before_use	purchase_2024_candidate_rows=1384；purchase_2024_source_rows=1385；draft_sku_id=SKU-DRAFT-001376	缺失规格：类型；规格；安全等级；认证标准；整理依据：尺码缺失，无法稳定区分布手套SKU；导入口径：do_not_import_missing_specs；重分类：劳保耗材/手套 -> 劳保防护/手套；分类置信度：high；布手套为劳保手部防护用品。	2026-07-03
PIPE-000295	刀阀	公称直径：DN150		管材管件阀门/阀门	个			DN150刀阀	PIPE-000295 刀阀 阀门/刀阀 个 公称直径：DN150 DN150刀阀 DN150			candidate	needs_review	clarify_specs_before_use	purchase_2024_candidate_rows=1385；purchase_2024_source_rows=1386；draft_sku_id=SKU-DRAFT-001377	缺失规格：材质；压力等级；整理依据：材质/压力等级缺失，可能影响刀阀SKU区分；导入口径：do_not_import_missing_specs；重分类：阀门/刀阀 -> 管材管件阀门/阀门；分类置信度：high；刀阀属于管路阀门。	2026-07-03
FAST-000063	膨胀螺丝	规格：M14*70		紧固件与连接件/膨胀锚栓	个			14*70膨胀螺丝	FAST-000063 膨胀螺丝 紧固件/膨胀件 个 规格：M14*70 14*70膨胀螺丝 M14*70			candidate	needs_review	clarify_specs_before_use	purchase_2024_candidate_rows=1386；purchase_2024_source_rows=1387；draft_sku_id=SKU-DRAFT-001378	缺失规格：材质；整理依据：材质/类型缺失，可能影响膨胀螺丝SKU区分；导入口径：do_not_import_missing_specs；重分类：紧固件/膨胀件 -> 紧固件与连接件/膨胀锚栓；分类置信度：high；样例均为膨胀螺丝，五金备件旧口径过宽。	2026-07-03
TOOL-000216	套筒	规格：17		工具量具/手动工具	个			17套筒	TOOL-000216 套筒 工具/套筒 个 规格：17 17套筒 17			candidate	needs_review	clarify_specs_before_use	purchase_2024_candidate_rows=1387；purchase_2024_source_rows=1388；draft_sku_id=SKU-DRAFT-001379	缺失规格：长度；整理依据：方榫规格/长度缺失，无法稳定区分套筒SKU；导入口径：do_not_import_missing_specs；重分类：工具/套筒 -> 工具量具/手动工具；分类置信度：high；套筒属手动工具。	2026-07-03
ELEC-000145	电缆线	品牌：起帆；规格：3*6+2*4		电气电料/电线电缆	米			3*6+2*4起帆电缆	ELEC-000145 电缆线 电气材料/电线电缆 米 品牌：起帆 规格：3*6+2*4 3*6+2*4起帆电缆 起帆 3*6+2*4	起帆		candidate	needs_review	clarify_specs_before_use	purchase_2024_candidate_rows=1388；purchase_2024_source_rows=1389；draft_sku_id=SKU-DRAFT-001380	缺失规格：材质；电压；整理依据：导体材质/护套/电压等级缺失，无法稳定区分电缆SKU；导入口径：do_not_import_missing_specs；重分类：电气材料/电线电缆 -> 电气电料/电线电缆；分类置信度：high；样例均为电缆线规格。	2026-07-03
TOOL-000217	量杯	容量：2000ml		工具量具/测量工具	个			2000毫升量杯	TOOL-000217 量杯 工具耗材/计量工具 个 容量：2000ml 2000毫升量杯 2000ml			candidate	needs_review	clarify_specs_before_use	purchase_2024_candidate_rows=1389；purchase_2024_source_rows=1390；draft_sku_id=SKU-DRAFT-001381	缺失规格：材质；精度；整理依据：材质/刻度精度缺失，可能影响量杯SKU区分；导入口径：do_not_import_missing_specs；重分类：工具耗材/计量工具 -> 工具量具/测量工具；分类置信度：high；量杯用于容量计量，归测量工具而非工具耗材。	2026-07-03
ELEC-000146	热水器开关	用途：热水器		电气电料/开关按钮	个			热水器开关	ELEC-000146 热水器开关 电气材料/开关 个 用途：热水器 热水器			candidate	needs_review	clarify_specs_before_use	purchase_2024_candidate_rows=1390；purchase_2024_source_rows=1391；draft_sku_id=SKU-DRAFT-001382	缺失规格：型号；电流；整理依据：电流/安装方式/型号缺失，无法稳定区分热水器开关SKU；导入口径：do_not_import_missing_specs；重分类：电气材料/开关 -> 电气电料/开关按钮；分类置信度：high；热水器开关属于电气开关。	2026-07-03
MAT-000130	小便器感应器	适用：小便器；类型：感应器		管材管件阀门/水暖五金	套			小便器感应器	MAT-000130 小便器感应器 行政后勤/卫浴配件 套 适用：小便器 类型：感应器 小便器 感应器			candidate	needs_review	clarify_specs_before_use	purchase_2024_candidate_rows=1391；purchase_2024_source_rows=1392；draft_sku_id=SKU-DRAFT-001383	缺失规格：型号；整理依据：电源/接口/型号缺失，无法稳定区分小便器感应器SKU；导入口径：do_not_import_missing_specs；重分类：行政后勤/卫浴配件 -> 管材管件阀门/水暖五金；分类置信度：high；小便器感应器属卫浴水暖配件。	2026-07-03
ELEC-000147	启动按钮指示灯	功能：启动按钮、指示灯		电气电料/开关按钮	套			启动按钮指示灯	ELEC-000147 启动按钮指示灯 电气材料/按钮指示 套 功能：启动按钮、指示灯 启动按钮、指示灯			candidate	needs_review	clarify_specs_before_use	purchase_2024_candidate_rows=1392；purchase_2024_source_rows=1393；draft_sku_id=SKU-DRAFT-001384	缺失规格：尺寸；颜色；电压；开孔尺寸；整理依据：电压/颜色/开孔尺寸缺失，按功能组合保留为套；导入口径：do_not_import_missing_specs；重分类：电气材料/按钮指示 -> 电气电料/开关按钮；分类置信度：high；启动按钮和指示灯属按钮指示元件。	2026-07-03
ELEC-000148	急停按钮	功能：急停		电气电料/开关按钮	套			急停按钮	ELEC-000148 急停按钮 电气材料/按钮指示 套 功能：急停 急停			candidate	needs_review	clarify_specs_before_use	purchase_2024_candidate_rows=1393；purchase_2024_source_rows=1394；draft_sku_id=SKU-DRAFT-001385	缺失规格：品牌；尺寸；开孔尺寸；整理依据：触点/开孔尺寸/品牌缺失，无法稳定区分急停按钮SKU；导入口径：do_not_import_missing_specs；重分类：电气材料/按钮指示 -> 电气电料/开关按钮；分类置信度：high；急停按钮属开关按钮类电料。	2026-07-03
ELEC-000149	闪光蜂鸣器	功能：闪光、蜂鸣		弱电安防/报警设备	套			闪光蜂鸣器	ELEC-000149 闪光蜂鸣器 电气材料/报警器 套 功能：闪光、蜂鸣 闪光、蜂鸣			candidate	needs_review	clarify_specs_before_use	purchase_2024_candidate_rows=1394；purchase_2024_source_rows=1395；draft_sku_id=SKU-DRAFT-001386	缺失规格：电压；整理依据：电压/声光等级缺失，无法稳定区分闪光蜂鸣器SKU；导入口径：do_not_import_missing_specs；重分类：电气材料/报警器 -> 弱电安防/报警设备；分类置信度：high；闪光蜂鸣器用于声光报警，归报警设备。	2026-07-03
PIPE-000296	铝合金扣	规格：50；材质：铝合金；特征：加厚		液压气动/液压接头	个			50加厚铝合金扣	PIPE-000296 铝合金扣 液压/高压管路 个 规格：50 材质：铝合金 特征：加厚 50加厚铝合金扣 50 铝合金 加厚			candidate	usable	confirm_before_use	purchase_2024_candidate_rows=1395；purchase_2024_source_rows=1396；draft_sku_id=SKU-DRAFT-001387	缺失规格：口径；整理依据：连接形式缺失，按规格、材质和加厚特征先建候选；导入口径：confirm_then_import；重分类：液压/高压管路 -> 液压气动/液压接头；分类置信度：medium；铝合金扣用于高压软管端部扣压连接。	2026-07-03
PIPE-000297	铝合金扣	规格：80；材质：铝合金；特征：加厚		液压气动/液压接头	个			80加厚铝合金扣	PIPE-000297 铝合金扣 液压/高压管路 个 规格：80 材质：铝合金 特征：加厚 80加厚铝合金扣 80 铝合金 加厚			candidate	usable	confirm_before_use	purchase_2024_candidate_rows=1396；purchase_2024_source_rows=1397；draft_sku_id=SKU-DRAFT-001388	缺失规格：口径；整理依据：连接形式缺失，按规格、材质和加厚特征先建候选；导入口径：confirm_then_import；重分类：液压/高压管路 -> 液压气动/液压接头；分类置信度：medium；铝合金扣用于高压软管端部扣压连接。	2026-07-03
CONST-000020	水泥砖	规格：95；材质：水泥		建筑材料/砖砌材料	个			95水泥砖	CONST-000020 水泥砖 建筑材料/砌块砖 个 规格：95 材质：水泥 95水泥砖 95 水泥			candidate	needs_review	clarify_specs_before_use	purchase_2024_candidate_rows=1397；purchase_2024_source_rows=1398；draft_sku_id=SKU-DRAFT-001389	缺失规格：强度等级；尺寸；整理依据：尺寸完整性/强度等级缺失，规格95语义不足；导入口径：do_not_import_missing_specs；重分类：建筑材料/砌块砖 -> 建筑材料/砖砌材料；分类置信度：high；水泥砖属于砖砌材料。	2026-07-03
ELEC-TIE-000008	扎带	规格：8*300		电气电料/电气辅材	个			8*300扎带	ELEC-TIE-000008 扎带 电气材料/扎带 个 规格：8*300 8*300扎带 8*300			candidate	needs_review	clarify_specs_before_use	purchase_2024_candidate_rows=1398；purchase_2024_source_rows=1399；draft_sku_id=SKU-DRAFT-001390	缺失规格：材质；颜色；整理依据：材质/颜色/包装数量缺失，可能影响扎带SKU区分；导入口径：do_not_import_missing_specs；重分类：电气材料/扎带 -> 电气电料/电气辅材；分类置信度：high；扎带常作线缆固定辅材，规格差异不拆分。	2026-07-03
ADMIN-000045	喷壶	容量：2L		清洁办公后勤/清洁工具	个			2升喷壶	ADMIN-000045 喷壶 行政后勤/清洁用品 个 容量：2L 2升喷壶 2L			candidate	usable	confirm_before_use	purchase_2024_candidate_rows=1399；purchase_2024_source_rows=1400；draft_sku_id=SKU-DRAFT-001391	缺失规格：材质；整理依据：材质/喷头类型缺失，按容量先建候选；导入口径：confirm_then_import；重分类：行政后勤/清洁用品 -> 清洁办公后勤/清洁工具；分类置信度：high；喷壶常用于清洁喷洒，容量差异不拆分。	2026-07-03
METAL-000098	铁扎丝	规格原文：500；材质：铁		金属材料/金属丝材	卷			500铁扎丝	METAL-000098 铁扎丝 建筑材料/绑扎材料 卷 规格原文：500 材质：铁 500铁扎丝 500 铁			candidate	needs_review	clarify_specs_before_use	purchase_2024_candidate_rows=1400；purchase_2024_source_rows=1401；draft_sku_id=SKU-DRAFT-001392	缺失规格：规格；整理依据：线径/每卷重量缺失，规格500语义需确认；导入口径：do_not_import_missing_specs；重分类：建筑材料/绑扎材料 -> 金属材料/金属丝材；分类置信度：high；新建二级金属丝材；扎丝本质为铁丝线材，旧建筑材料过粗。	2026-07-03
MAT-000131	高压清洗喷枪	用途：高压清洗；类型：喷枪		设备备件/通用机械备件	把			高压清洗喷枪	MAT-000131 高压清洗喷枪 清洗设备/高压清洗机配件 把 用途：高压清洗 类型：喷枪 高压清洗 喷枪			candidate	needs_review	clarify_specs_before_use	purchase_2024_candidate_rows=1402；purchase_2024_source_rows=1403；draft_sku_id=SKU-DRAFT-001393	缺失规格：型号；压力等级；整理依据：压力等级/接口/适配型号缺失，无法稳定区分高压清洗喷枪SKU；导入口径：do_not_import_missing_specs；重分类：清洗设备/高压清洗机配件 -> 设备备件/通用机械备件；分类置信度：high；喷枪为高压清洗机配件，归设备备件。	2026-07-03
PIPE-000298	镀锌补心	规格：80*65；表面处理：镀锌；类型：补心		管材管件阀门/变径接头	个			80*65镀锌补心	PIPE-000298 镀锌补心 管件/镀锌管件 个 规格：80*65 表面处理：镀锌 类型：补心 80*65镀锌补心 80*65 镀锌 补心			candidate	needs_review	clarify_specs_before_use	purchase_2024_candidate_rows=1403；purchase_2024_source_rows=1404；draft_sku_id=SKU-DRAFT-001394	缺失规格：材质；整理依据：螺纹标准/材质缺失，无法稳定区分镀锌补心SKU；导入口径：do_not_import_missing_specs；重分类：管件/镀锌管件 -> 管材管件阀门/变径接头；分类置信度：high；新建二级变径接头；补心用于异径转换。	2026-07-03
SPARE-000117	振动电机套装	进口：是；类型：振动电机；配置：整套		设备备件/电机传动备件	套			进口振动电机整套	SPARE-000117 振动电机套装 设备备件/电机 套 进口：是 类型：振动电机 配置：整套 进口振动电机整套 是 振动电机 整套			candidate	needs_review	clarify_specs_before_use	purchase_2024_candidate_rows=1404；purchase_2024_source_rows=1405；draft_sku_id=SKU-DRAFT-001395	缺失规格：品牌；型号；功率；整理依据：品牌/功率/型号缺失，无法唯一确定振动电机套装SKU；导入口径：do_not_import_missing_specs；重分类：设备备件/电机 -> 设备备件/电机传动备件；分类置信度：high；振动电机是设备驱动备件，旧分组基本合理。	2026-07-03
TOOL-000218	泥浆比重计	用途：泥浆比重测量		工具量具/测量工具	套			泥浆比重计	TOOL-000218 泥浆比重计 工具/测量工具 套 用途：泥浆比重测量 泥浆比重测量			candidate	needs_review	clarify_specs_before_use	purchase_2024_candidate_rows=1405；purchase_2024_source_rows=1406；draft_sku_id=SKU-DRAFT-001396	缺失规格：量程；精度；整理依据：量程/精度缺失，无法稳定区分泥浆比重计SKU；导入口径：do_not_import_missing_specs；重分类：工具/测量工具 -> 工具量具/测量工具；分类置信度：high；泥浆比重计为测量工具。	2026-07-03
PIPE-000299	高压胶管	规格：100；形态：胶管		液压气动/高压管路	米			100高压胶管	PIPE-000299 高压胶管 液压/高压管路 米 规格：100 形态：胶管 100高压胶管 100 胶管			candidate	needs_review	clarify_specs_before_use	purchase_2024_candidate_rows=1406；purchase_2024_source_rows=1407；draft_sku_id=SKU-DRAFT-001397	缺失规格：压力等级；整理依据：压力等级/层数缺失，无法稳定区分高压胶管SKU；导入口径：do_not_import_missing_specs；重分类：液压/高压管路 -> 液压气动/高压管路；分类置信度：high；4SH等规格指向液压高压胶管。	2026-07-03
PIPE-000300	高压接头	规格：100；类型：接头		液压气动/液压接头	个			100高压接头	PIPE-000300 高压接头 液压/高压管路 个 规格：100 类型：接头 100高压接头 100 接头			candidate	needs_review	clarify_specs_before_use	purchase_2024_candidate_rows=1407；purchase_2024_source_rows=1408；draft_sku_id=SKU-DRAFT-001398	缺失规格：压力等级；整理依据：螺纹/连接形式/压力等级缺失，无法稳定区分高压接头SKU；导入口径：do_not_import_missing_specs；重分类：液压/高压管路 -> 液压气动/液压接头；分类置信度：high；高压接头为液压管路接头。	2026-07-03
PIPE-000301	加厚铝合金扣	规格：100；材质：铝合金；特征：加厚		液压气动/液压接头	个			100加厚铝合金扣	PIPE-000301 加厚铝合金扣 液压/高压管路 个 规格：100 材质：铝合金 特征：加厚 100加厚铝合金扣 100 铝合金 加厚			candidate	needs_review	clarify_specs_before_use	purchase_2024_candidate_rows=1408；purchase_2024_source_rows=1409；draft_sku_id=SKU-DRAFT-001399	缺失规格：口径；压力等级；连接方式；壁厚；整理依据：连接形式/适配对象缺失，无法稳定区分铝合金扣SKU；导入口径：do_not_import_missing_specs；重分类：液压/高压管路 -> 液压气动/液压接头；分类置信度：medium；旧分组为高压管路，铝合金扣按液压管路连接件处理。	2026-07-03
PIPE-000302	加厚铜接头	规格：100；材质：铜；特征：加厚		液压气动/液压接头	个			100加厚铜头	PIPE-000302 加厚铜接头 液压/高压管路 个 规格：100 材质：铜 特征：加厚 100加厚铜头 100 铜 加厚			candidate	needs_review	clarify_specs_before_use	purchase_2024_candidate_rows=1409；purchase_2024_source_rows=1410；draft_sku_id=SKU-DRAFT-001400	缺失规格：口径；压力等级；连接方式；壁厚；整理依据：连接形式/螺纹或接口缺失，无法稳定区分铜接头SKU；导入口径：do_not_import_missing_specs；重分类：液压/高压管路 -> 液压气动/液压接头；分类置信度：high；铜头用于高压管路连接，归液压接头。	2026-07-03
FAST-000064	高强度螺丝	规格：M30*100；强度等级：12.9		紧固件与连接件/螺丝	个			M30*100/12.9级螺丝	FAST-000064 高强度螺丝 紧固件/螺丝 个 规格：M30*100 强度等级：12.9 M30*100/12.9级螺丝 M30*100 12.9			candidate	needs_review	clarify_specs_before_use	purchase_2024_candidate_rows=1410；purchase_2024_source_rows=1411；draft_sku_id=SKU-DRAFT-001401	缺失规格：材质；表面处理；头型；整理依据：头型/材质/表面处理缺失，无法稳定区分高强度螺丝SKU；导入口径：do_not_import_missing_specs；重分类：紧固件/螺丝 -> 紧固件与连接件/螺丝；分类置信度：high；高强度螺丝为标准紧固件，旧五金备件过泛。	2026-07-03
FAST-000065	螺母	规格：M30		紧固件与连接件/螺母	个			30螺母	FAST-000065 螺母 紧固件/螺母 个 规格：M30 30螺母 M30			candidate	needs_review	clarify_specs_before_use	purchase_2024_candidate_rows=1411；purchase_2024_source_rows=1412；draft_sku_id=SKU-DRAFT-001402	缺失规格：材质；强度等级；整理依据：材质/强度等级缺失，无法稳定区分螺母SKU；导入口径：do_not_import_missing_specs；重分类：紧固件/螺母 -> 紧固件与连接件/螺母；分类置信度：high；样例均为各规格螺母。	2026-07-03
FAST-000066	垫片	规格：M30		紧固件与连接件/垫圈	个			30垫片	FAST-000066 垫片 紧固件/垫圈 个 规格：M30 30垫片 M30			candidate	needs_review	clarify_specs_before_use	purchase_2024_candidate_rows=1412；purchase_2024_source_rows=1413；draft_sku_id=SKU-DRAFT-001403	缺失规格：材质；整理依据：平垫/弹垫/材质缺失，无法稳定区分垫片SKU；导入口径：do_not_import_missing_specs；重分类：紧固件/垫圈 -> 紧固件与连接件/垫圈；分类置信度：medium；标准螺栓垫圈与加工金属垫片混在一起。；分类拆分待复核：按是否定制/用途拆分；标准螺栓垫圈与加工金属垫片混在一起。	2026-07-03
SPARE-000118	隔环加工件	加工：是；型号/规格：2350；部件：隔环		定制加工件/金属加工件	个			加工隔环2350	SPARE-000118 隔环加工件 定制件/机械加工件 个 加工：是 型号/规格：2350 部件：隔环 加工隔环2350 是 2350 隔环			candidate	needs_review	clarify_specs_before_use	purchase_2024_candidate_rows=1413；purchase_2024_source_rows=1414；draft_sku_id=SKU-DRAFT-001404	缺失规格：材质；尺寸；整理依据：图纸/材质/完整尺寸缺失，定制件无法唯一确定SKU；导入口径：do_not_import_missing_specs；重分类：定制件/机械加工件 -> 定制加工件/金属加工件；分类置信度：high；加工隔环为非标金属加工件。	2026-07-03
PIPE-000303	无缝钢管	外径：76mm；壁厚：8mm		金属材料/钢管	米			76*8MM无缝管	PIPE-000303 无缝钢管 钢材/钢管 米 外径：76mm 壁厚：8mm 76*8MM无缝管 76mm 8mm			candidate	usable	confirm_before_use	purchase_2024_candidate_rows=1414；purchase_2024_source_rows=1415；draft_sku_id=SKU-DRAFT-001405	缺失规格：材质；执行标准；整理依据：材质/执行标准缺失，按外径和壁厚先建候选；导入口径：confirm_then_import；重分类：钢材/钢管 -> 金属材料/钢管；分类置信度：high；无缝钢管属于金属钢管原材料。	2026-07-03
FAST-000067	高强度螺丝	规格：M30*80；强度等级：10.8		紧固件与连接件/螺丝	个			M30*80/10.8级螺丝	FAST-000067 高强度螺丝 紧固件/螺丝 个 规格：M30*80 强度等级：10.8 M30*80/10.8级螺丝 M30*80 10.8			candidate	needs_review	clarify_specs_before_use	purchase_2024_candidate_rows=1415；purchase_2024_source_rows=1416；draft_sku_id=SKU-DRAFT-001406	缺失规格：材质；表面处理；头型；整理依据：头型/材质/表面处理缺失，无法稳定区分高强度螺丝SKU；导入口径：do_not_import_missing_specs；重分类：紧固件/螺丝 -> 紧固件与连接件/螺丝；分类置信度：high；高强度螺丝为标准紧固件，旧五金备件过泛。	2026-07-03
MAT-000132	扁平吊装带	额定载荷：2T；长度：2米；颜色：彩色		吊装索具/吊带	条			彩色吊带2T*2米	MAT-000132 扁平吊装带 吊装索具/吊带 条 额定载荷：2T 长度：2米 颜色：彩色 彩色吊带2T*2米 2T 2米 彩色			candidate	usable	confirm_before_use	purchase_2024_candidate_rows=1416；purchase_2024_source_rows=1417；draft_sku_id=SKU-DRAFT-001407	缺失规格：材质；安全系数；整理依据：材质/安全系数缺失，按载荷和长度先建候选；导入口径：confirm_then_import	2026-07-03
MAT-000133	手拉葫芦	额定载荷：2T；链长：3米		吊装索具/葫芦	台			2T*3米手拉葫芦	MAT-000133 手拉葫芦 吊装索具/葫芦 台 额定载荷：2T 链长：3米 2T*3米手拉葫芦 2T 3米			candidate	usable	confirm_before_use	purchase_2024_candidate_rows=1417；purchase_2024_source_rows=1418；draft_sku_id=SKU-DRAFT-001408	缺失规格：品牌；整理依据：品牌/认证标准缺失，按载荷和链长先建候选；导入口径：confirm_then_import	2026-07-03
ADMIN-000046	垃圾袋	规格：120		清洁办公后勤/清洁耗材	个			120垃圾袋	ADMIN-000046 垃圾袋 行政后勤/清洁用品 个 规格：120 120垃圾袋 120			candidate	needs_review	clarify_specs_before_use	purchase_2024_candidate_rows=1418；purchase_2024_source_rows=1419；draft_sku_id=SKU-DRAFT-001409	缺失规格：尺寸；厚度；整理依据：完整尺寸/厚度/包装数量缺失，无法稳定区分垃圾袋SKU；导入口径：do_not_import_missing_specs；重分类：行政后勤/清洁用品 -> 清洁办公后勤/清洁耗材；分类置信度：high；垃圾袋是清洁消耗品，旧劳保耗材错误。	2026-07-03
TOOL-000219	金属测绳	材质：金属；类型：测绳		工具量具/测量工具	米			金属测绳	TOOL-000219 金属测绳 工具/测量工具 米 材质：金属 类型：测绳 金属 测绳			candidate	needs_review	clarify_specs_before_use	purchase_2024_candidate_rows=1419；purchase_2024_source_rows=1420；draft_sku_id=SKU-DRAFT-001410	缺失规格：量程；精度；整理依据：量程/刻度精度缺失，单位按原表米保留需复核；导入口径：do_not_import_missing_specs；重分类：工具/测量工具 -> 工具量具/测量工具；分类置信度：high；测绳用于长度测量。	2026-07-03
MAT-000134	扁平吊装带	执行标准：国标；额定载荷：5T；长度：8米；颜色：彩色		吊装索具/吊带	条			国标彩色吊带5T*8米	MAT-000134 扁平吊装带 吊装索具/吊带 条 执行标准：国标 额定载荷：5T 长度：8米 颜色：彩色 国标彩色吊带5T*8米 国标 5T 8米 彩色			candidate	usable	confirm_before_use	purchase_2024_candidate_rows=1420；purchase_2024_source_rows=1421；draft_sku_id=SKU-DRAFT-001411	缺失规格：材质；安全系数；整理依据：材质/安全系数缺失，按载荷、长度和国标描述先建候选；导入口径：confirm_then_import	2026-07-03
SAFE-000092	安全网	尺寸：6*1.8米；特征：加厚		安全消防/防护网	张			6*1.8米加厚安全网	SAFE-000092 安全网 安全防护/防护网 张 尺寸：6*1.8米 特征：加厚 6*1.8米加厚安全网 6*1.8米 加厚			candidate	needs_review	clarify_specs_before_use	purchase_2024_candidate_rows=1421；purchase_2024_source_rows=1422；draft_sku_id=SKU-DRAFT-001412	缺失规格：材质；执行标准；整理依据：材质/网孔/执行标准缺失，无法稳定区分安全网SKU；导入口径：do_not_import_missing_specs；重分类：安全防护/防护网 -> 安全消防/防护网；分类置信度：high；安全网为现场防护设施。	2026-07-03
CHEM-000093	清洗剂泵头	品牌：黑猫；用途：清洗剂；部件：泵头		设备备件/泵类备件	个			黑猫清洗剂泵头	CHEM-000093 清洗剂泵头 清洗设备/配件 个 品牌：黑猫 用途：清洗剂 部件：泵头 黑猫清洗剂泵头 黑猫 清洗剂 泵头	黑猫		candidate	needs_review	clarify_specs_before_use	purchase_2024_candidate_rows=1422；purchase_2024_source_rows=1423；draft_sku_id=SKU-DRAFT-001413	缺失规格：型号；整理依据：适配型号/接口缺失，无法稳定区分泵头SKU；导入口径：do_not_import_missing_specs；重分类：清洗设备/配件 -> 设备备件/泵类备件；分类置信度：medium；清洗机泵头属于泵类设备备件。	2026-07-03
TOOL-000220	游标卡尺	品牌：得力；量程：300mm；精度等级：高精度		工具量具/测量工具	支			300mm得力高精度卡尺	TOOL-000220 游标卡尺 工具/测量工具 支 品牌：得力 量程：300mm 精度等级：高精度 300mm得力高精度卡尺 得力 300mm 高精度	得力		candidate	usable	confirm_before_use	purchase_2024_candidate_rows=1423；purchase_2024_source_rows=1424；draft_sku_id=SKU-DRAFT-001414	缺失规格：型号；精度；整理依据：具体精度/型号缺失，按品牌、量程和高精度描述先建候选；导入口径：confirm_then_import；重分类：工具/测量工具 -> 工具量具/测量工具；分类置信度：high；游标卡尺是测量工具。	2026-07-03
MAT-000135	尼龙绳	规格：16；材质：尼龙		吊装索具/牵引捆绑	米			16尼龙绳	MAT-000135 尼龙绳 绳索/尼龙绳 米 规格：16 材质：尼龙 16尼龙绳 16 尼龙			candidate	needs_review	clarify_specs_before_use	purchase_2024_candidate_rows=1424；purchase_2024_source_rows=1425；draft_sku_id=SKU-DRAFT-001415	缺失规格：直径；整理依据：规格16未说明直径/单位，承载/编织结构缺失；导入口径：do_not_import_missing_specs；重分类：绳索/尼龙绳 -> 吊装索具/牵引捆绑；分类置信度：high；尼龙绳用于牵引捆绑，直径差异不拆分。	2026-07-03
PIPE-000304	高压胶水带	规格：65；颜色：蓝色；特征：加厚		管材管件阀门/管材	米			65加厚蓝色胶水带	PIPE-000304 高压胶水带 液压/高压管路 米 规格：65 颜色：蓝色 特征：加厚 65加厚蓝色胶水带 65 蓝色 加厚			candidate	needs_review	clarify_specs_before_use	purchase_2024_candidate_rows=1425；purchase_2024_source_rows=1426；draft_sku_id=SKU-DRAFT-001416	缺失规格：压力等级；整理依据：“胶水带”是否为胶水管/胶管需确认，压力等级缺失；导入口径：do_not_import_missing_specs；重分类：液压/高压管路 -> 管材管件阀门/管材；分类置信度：medium；样例为加厚蓝色胶水带，更像输水管材，旧液压需确认。	2026-07-03
PIPE-000305	高压外丝堵头	规格：25；连接：外丝；类型：堵头		液压气动/液压接头	个			25高压外丝堵头	PIPE-000305 高压外丝堵头 液压/高压管路 个 规格：25 连接：外丝 类型：堵头 25高压外丝堵头 25 外丝 堵头			candidate	needs_review	clarify_specs_before_use	purchase_2024_candidate_rows=1426；purchase_2024_source_rows=1427；draft_sku_id=SKU-DRAFT-001417	缺失规格：压力等级；整理依据：螺纹标准/压力等级缺失，无法稳定区分高压堵头SKU；导入口径：do_not_import_missing_specs；重分类：液压/高压管路 -> 液压气动/液压接头；分类置信度：high；高压外丝堵头是液压管路封堵接头。	2026-07-03
PIPE-000306	高压球阀	品牌：埃美柯；规格：20；类型：高压球阀		管材管件阀门/阀门	个			20埃美柯高压球阀	PIPE-000306 高压球阀 阀门/球阀 个 品牌：埃美柯 规格：20 类型：高压球阀 20埃美柯高压球阀 埃美柯 20	埃美柯		candidate	needs_review	clarify_specs_before_use	purchase_2024_candidate_rows=1427；purchase_2024_source_rows=1428；draft_sku_id=SKU-DRAFT-001418	缺失规格：材质；压力等级；整理依据：材质/压力等级/连接形式缺失，无法稳定区分高压球阀SKU；导入口径：do_not_import_missing_specs；重分类：阀门/球阀 -> 管材管件阀门/阀门；分类置信度：high；球阀本质为阀门，液压高压用途不改变阀门物料族。	2026-07-03
PIPE-000307	高压对丝	规格：20；类型：对丝		液压气动/液压接头	个			20高压对丝	PIPE-000307 高压对丝 液压/高压管路 个 规格：20 类型：对丝 20高压对丝 20 对丝			candidate	needs_review	clarify_specs_before_use	purchase_2024_candidate_rows=1428；purchase_2024_source_rows=1429；draft_sku_id=SKU-DRAFT-001419	缺失规格：压力等级；整理依据：螺纹标准/压力等级缺失，无法稳定区分高压对丝SKU；导入口径：do_not_import_missing_specs；重分类：液压/高压管路 -> 液压气动/液压接头；分类置信度：high；高压对丝为液压管路对接接头。	2026-07-03
MAT-000136	聚氨酯堵漏主剂	材料：聚氨酯；用途：堵漏；组分：主剂		化工胶粘涂料/密封材料	斤			堵漏聚氨酯主剂	MAT-000136 聚氨酯堵漏主剂 化工原料/堵漏材料 斤 材料：聚氨酯 用途：堵漏 组分：主剂 堵漏聚氨酯主剂 聚氨酯 堵漏 主剂			candidate	needs_review	clarify_specs_before_use	purchase_2024_candidate_rows=1429；purchase_2024_source_rows=1430；draft_sku_id=SKU-DRAFT-001420	缺失规格：品牌；规格；包装规格；整理依据：包装规格/配比/品牌缺失，无法稳定区分聚氨酯堵漏主剂SKU；导入口径：do_not_import_missing_specs；重分类：化工原料/堵漏材料 -> 化工胶粘涂料/密封材料；分类置信度：medium；聚氨酯堵漏主剂用于堵漏密封，归化工密封材料。	2026-07-03
MAT-000137	聚氨酯堵漏副剂	材料：聚氨酯；用途：堵漏；组分：副剂		化工胶粘涂料/密封材料	斤			堵漏聚氨酯副剂	MAT-000137 聚氨酯堵漏副剂 化工原料/堵漏材料 斤 材料：聚氨酯 用途：堵漏 组分：副剂 堵漏聚氨酯副剂 聚氨酯 堵漏 副剂			candidate	needs_review	clarify_specs_before_use	purchase_2024_candidate_rows=1430；purchase_2024_source_rows=1431；draft_sku_id=SKU-DRAFT-001421	缺失规格：品牌；规格；包装规格；整理依据：包装规格/配比/品牌缺失，无法稳定区分聚氨酯堵漏副剂SKU；导入口径：do_not_import_missing_specs；重分类：化工原料/堵漏材料 -> 化工胶粘涂料/密封材料；分类置信度：medium；聚氨酯堵漏副剂为堵漏密封配套材料。	2026-07-03
MAT-CEM-000012	双快水泥	类型：双快水泥		建筑材料/水泥砂石	包			双快水泥	MAT-CEM-000012 双快水泥 建材/水泥砂浆 包 类型：双快水泥			candidate	needs_review	clarify_specs_before_use	purchase_2024_candidate_rows=1431；purchase_2024_source_rows=1432；draft_sku_id=SKU-DRAFT-001422	缺失规格：强度等级；包装重量；整理依据：强度等级/包装重量缺失，无法稳定区分双快水泥SKU；导入口径：do_not_import_missing_specs；重分类：建材/水泥砂浆 -> 建筑材料/水泥砂石；分类置信度：high；双快水泥属水泥类建筑材料。	2026-07-03
METAL-000099	铝合金枪头	规格：65；材质：铝合金；部件：枪头		设备备件/通用机械备件	套			65铝合金枪头	METAL-000099 铝合金枪头 注浆设备/配件 套 规格：65 材质：铝合金 部件：枪头 65铝合金枪头 65 铝合金 枪头			candidate	needs_review	clarify_specs_before_use	purchase_2024_candidate_rows=1432；purchase_2024_source_rows=1433；draft_sku_id=SKU-DRAFT-001423	缺失规格：厚度；长度；执行标准；整理依据：适配设备/接口缺失，无法稳定区分枪头SKU；导入口径：do_not_import_missing_specs；重分类：注浆设备/配件 -> 设备备件/通用机械备件；分类置信度：medium；枪头是注浆设备配件，旧注浆设备口径需归备件。	2026-07-03
MAT-000138	聚氨酯枪头	用途：聚氨酯注浆；部件：枪头		设备备件/通用机械备件	个			聚氨酯枪头	MAT-000138 聚氨酯枪头 注浆设备/配件 个 用途：聚氨酯注浆 部件：枪头 聚氨酯注浆 枪头			candidate	needs_review	clarify_specs_before_use	purchase_2024_candidate_rows=1433；purchase_2024_source_rows=1434；draft_sku_id=SKU-DRAFT-001424	缺失规格：规格；整理依据：规格/接口/适配设备缺失，无法稳定区分聚氨酯枪头SKU；导入口径：do_not_import_missing_specs；重分类：注浆设备/配件 -> 设备备件/通用机械备件；分类置信度：medium；聚氨酯注浆枪头是注浆设备配件。	2026-07-03
SPARE-000119	齿轮泵	功率：2.2kW；类型：齿轮泵		施工机具设备/泵类设备	台			2.2千瓦齿轮泵	SPARE-000119 齿轮泵 设备备件/泵 台 功率：2.2kW 类型：齿轮泵 2.2千瓦齿轮泵 2.2kW			candidate	needs_review	clarify_specs_before_use	purchase_2024_candidate_rows=1434；purchase_2024_source_rows=1435；draft_sku_id=SKU-DRAFT-001425	缺失规格：型号；流量；整理依据：流量/压力/接口/型号缺失，无法唯一确定齿轮泵SKU；导入口径：do_not_import_missing_specs；重分类：设备备件/泵 -> 施工机具设备/泵类设备；分类置信度：medium；齿轮泵为泵类设备整机，若作维修替换再按备件管理。	2026-07-03
PIPE-000308	高压水管	规格：100；用途：高压水		管材管件阀门/管材	米			100高压水管	PIPE-000308 高压水管 液压/高压管路 米 规格：100 用途：高压水 100高压水管 100 高压水			candidate	needs_review	clarify_specs_before_use	purchase_2024_candidate_rows=1435；purchase_2024_source_rows=1436；draft_sku_id=SKU-DRAFT-001426	缺失规格：材质；压力等级；整理依据：压力等级/材质/层数缺失，无法稳定区分高压水管SKU；导入口径：do_not_import_missing_specs；重分类：液压/高压管路 -> 管材管件阀门/管材；分类置信度：medium；名称和用途为高压水管，旧液压分类需按介质确认。	2026-07-03
TOOL-000221	钻头	直径：10mm；长度：200mm		工具耗材/钻头	个			10*200钻头	TOOL-000221 钻头 工具/钻头 个 直径：10mm 长度：200mm 10*200钻头 10mm 200mm			candidate	needs_review	clarify_specs_before_use	purchase_2024_candidate_rows=1436；purchase_2024_source_rows=1437；draft_sku_id=SKU-DRAFT-001427	缺失规格：材质；整理依据：钻头类型/柄型/材质缺失，无法稳定区分钻头SKU；导入口径：do_not_import_missing_specs；重分类：工具/钻头 -> 工具耗材/钻头；分类置信度：high；样例均为钻头类耗材，规格材质不拆物料族。	2026-07-03
TOOL-000222	钻头	直径：12mm；长度：200mm		工具耗材/钻头	个			12*200钻头	TOOL-000222 钻头 工具/钻头 个 直径：12mm 长度：200mm 12*200钻头 12mm 200mm			candidate	needs_review	clarify_specs_before_use	purchase_2024_candidate_rows=1437；purchase_2024_source_rows=1438；draft_sku_id=SKU-DRAFT-001428	缺失规格：材质；整理依据：钻头类型/柄型/材质缺失，无法稳定区分钻头SKU；导入口径：do_not_import_missing_specs；重分类：工具/钻头 -> 工具耗材/钻头；分类置信度：high；样例均为钻头类耗材，规格材质不拆物料族。	2026-07-03
TOOL-000223	钻头	直径：14mm；长度：200mm		工具耗材/钻头	个			14*200钻头	TOOL-000223 钻头 工具/钻头 个 直径：14mm 长度：200mm 14*200钻头 14mm 200mm			candidate	needs_review	clarify_specs_before_use	purchase_2024_candidate_rows=1438；purchase_2024_source_rows=1439；draft_sku_id=SKU-DRAFT-001429	缺失规格：材质；整理依据：钻头类型/柄型/材质缺失，无法稳定区分钻头SKU；导入口径：do_not_import_missing_specs；重分类：工具/钻头 -> 工具耗材/钻头；分类置信度：high；样例均为钻头类耗材，规格材质不拆物料族。	2026-07-03
TOOL-000224	钻头	直径：16mm；长度：200mm		工具耗材/钻头	个			16*200钻头	TOOL-000224 钻头 工具/钻头 个 直径：16mm 长度：200mm 16*200钻头 16mm 200mm			candidate	needs_review	clarify_specs_before_use	purchase_2024_candidate_rows=1439；purchase_2024_source_rows=1440；draft_sku_id=SKU-DRAFT-001430	缺失规格：材质；整理依据：钻头类型/柄型/材质缺失，无法稳定区分钻头SKU；导入口径：do_not_import_missing_specs；重分类：工具/钻头 -> 工具耗材/钻头；分类置信度：high；样例均为钻头类耗材，规格材质不拆物料族。	2026-07-03
PIPE-000309	注浆管接头	用途：注浆；部件：管头/接头		管材管件阀门/直接	个			注浆管头子	PIPE-000309 注浆管接头 注浆设备/配件 个 用途：注浆 部件：管头/接头 注浆管头子 注浆 管头/接头			candidate	needs_review	clarify_specs_before_use	purchase_2024_candidate_rows=1440；purchase_2024_source_rows=1441；draft_sku_id=SKU-DRAFT-001431	缺失规格：规格；材质；整理依据：规格/接口/材质缺失，无法稳定区分注浆管接头SKU；导入口径：do_not_import_missing_specs；重分类：注浆设备/配件 -> 管材管件阀门/直接；分类置信度：medium；注浆管头子为管路接头，按直接类管件管理。	2026-07-03
TOOL-000225	胶钳	品牌：世达；规格：200mm；类型：胶钳		工具量具/手动工具	个			200世达胶钳	TOOL-000225 胶钳 工具/手动工具 个 品牌：世达 规格：200mm 类型：胶钳 200世达胶钳 世达 200mm	世达		candidate	needs_review	clarify_specs_before_use	purchase_2024_candidate_rows=1441；purchase_2024_source_rows=1442；draft_sku_id=SKU-DRAFT-001432	缺失规格：型号；尺寸；适用设备；整理依据：准确品类是否钢丝钳/胶柄钳需确认，影响SKU归一；导入口径：do_not_import_missing_specs；重分类：工具/手动工具 -> 工具量具/手动工具；分类置信度：medium；胶钳按钳类手动工具处理。	2026-07-03
MAT-000139	注浆枪头	用途：注浆；部件：枪头		设备备件/通用机械备件	个			注浆枪头	MAT-000139 注浆枪头 注浆设备/配件 个 用途：注浆 部件：枪头 注浆 枪头			candidate	needs_review	clarify_specs_before_use	purchase_2024_candidate_rows=1442；purchase_2024_source_rows=1443；draft_sku_id=SKU-DRAFT-001433	缺失规格：规格；整理依据：规格/接口/适配设备缺失，无法稳定区分注浆枪头SKU；导入口径：do_not_import_missing_specs；重分类：注浆设备/配件 -> 设备备件/通用机械备件；分类置信度：medium；注浆枪头是注浆设备配件，旧堵漏注浆口径过宽。	2026-07-03
TOOL-000226	尖嘴钳	品牌：世达；类型：尖嘴钳		工具量具/手动工具	个			世达尖嘴钳	TOOL-000226 尖嘴钳 工具/手动工具 个 品牌：世达 类型：尖嘴钳 世达尖嘴钳 世达	世达		candidate	needs_review	clarify_specs_before_use	purchase_2024_candidate_rows=1443；purchase_2024_source_rows=1444；draft_sku_id=SKU-DRAFT-001434	缺失规格：型号；长度；整理依据：长度/型号缺失，无法稳定区分尖嘴钳SKU；导入口径：do_not_import_missing_specs；重分类：工具/手动工具 -> 工具量具/手动工具；分类置信度：high；尖嘴钳属手动工具。	2026-07-03
PIPE-000310	高压球阀	品牌：埃美柯；规格：25；类型：高压球阀		管材管件阀门/阀门	个			25埃美柯高压球阀	PIPE-000310 高压球阀 阀门/球阀 个 品牌：埃美柯 规格：25 类型：高压球阀 25埃美柯高压球阀 埃美柯 25	埃美柯		candidate	needs_review	clarify_specs_before_use	purchase_2024_candidate_rows=1444；purchase_2024_source_rows=1445；draft_sku_id=SKU-DRAFT-001435	缺失规格：材质；压力等级；整理依据：材质/压力等级/连接形式缺失，无法稳定区分高压球阀SKU；导入口径：do_not_import_missing_specs；重分类：阀门/球阀 -> 管材管件阀门/阀门；分类置信度：high；球阀本质为阀门，液压高压用途不改变阀门物料族。	2026-07-03
PIPE-000311	钢丝软管	规格：25；结构：钢丝增强		管材管件阀门/管材	米			25钢丝管	PIPE-000311 钢丝软管 液压/高压管路 米 规格：25 结构：钢丝增强 25钢丝管 25 钢丝增强			candidate	needs_review	clarify_specs_before_use	purchase_2024_candidate_rows=1445；purchase_2024_source_rows=1446；draft_sku_id=SKU-DRAFT-001436	缺失规格：材质；压力等级；整理依据：压力等级/层数/材质缺失，无法稳定区分钢丝软管SKU；导入口径：do_not_import_missing_specs；重分类：液压/高压管路 -> 管材管件阀门/管材；分类置信度：medium；同名可能混普通钢丝增强软管和液压高压管路，需按用途拆分确认。；分类拆分待复核：按介质/压力/旧分组拆分；同名可能混普通钢丝增强软管和液压高压管路，需按用途拆分确认。	2026-07-03
PIPE-000312	转换宝塔接头	类型：宝塔头；用途：转换接头		液压气动/液压接头	套			转换宝塔头	PIPE-000312 转换宝塔接头 液压/高压管路 套 类型：宝塔头 用途：转换接头 转换宝塔头 宝塔头 转换接头			candidate	needs_review	clarify_specs_before_use	purchase_2024_candidate_rows=1446；purchase_2024_source_rows=1447；draft_sku_id=SKU-DRAFT-001437	缺失规格：规格；材质；压力等级；整理依据：两端规格/材质/压力等级缺失，无法稳定区分转换宝塔接头SKU；导入口径：do_not_import_missing_specs；重分类：液压/高压管路 -> 液压气动/液压接头；分类置信度：high；转换宝塔接头用于高压胶管管路连接。	2026-07-03
PIPE-000313	高压胶管	规格：50；结构等级：4SH		液压气动/高压管路	米			50*4SH高压胶管	PIPE-000313 高压胶管 液压/高压管路 米 规格：50 结构等级：4SH 50*4SH高压胶管 50 4SH			candidate	usable	confirm_before_use	purchase_2024_candidate_rows=1447；purchase_2024_source_rows=1448；draft_sku_id=SKU-DRAFT-001438	缺失规格：执行标准；压力等级；整理依据：压力等级/执行标准缺失，按规格和4SH结构先建候选；单位为米时接头形式需复核；导入口径：confirm_then_import；重分类：液压/高压管路 -> 液压气动/高压管路；分类置信度：high；4SH等规格指向液压高压胶管。	2026-07-03
PIPE-000314	胶管接头	规格：100；类型：胶管接头		液压气动/液压接头	套			100胶管接头	PIPE-000314 胶管接头 液压/高压管路 套 规格：100 类型：胶管接头 100胶管接头 100			candidate	needs_review	clarify_specs_before_use	purchase_2024_candidate_rows=1448；purchase_2024_source_rows=1449；draft_sku_id=SKU-DRAFT-001439	缺失规格：材质；压力等级；整理依据：连接形式/材质/压力等级缺失，无法稳定区分胶管接头SKU；导入口径：do_not_import_missing_specs；重分类：液压/高压管路 -> 液压气动/液压接头；分类置信度：high；胶管接头用于高压液压管路连接。	2026-07-03
TOOL-000227	钻头	直径：20mm；长度：800mm		工具耗材/钻头	个			20*800钻头	TOOL-000227 钻头 工具/钻头 个 直径：20mm 长度：800mm 20*800钻头 20mm 800mm			candidate	needs_review	clarify_specs_before_use	purchase_2024_candidate_rows=1449；purchase_2024_source_rows=1450；draft_sku_id=SKU-DRAFT-001440	缺失规格：材质；整理依据：钻头类型/柄型/材质缺失，无法稳定区分钻头SKU；导入口径：do_not_import_missing_specs；重分类：工具/钻头 -> 工具耗材/钻头；分类置信度：high；样例均为钻头类耗材，规格材质不拆物料族。	2026-07-03
MAT-000140	棉被	类型：棉被		清洁办公后勤/生活用品	个			棉被	MAT-000140 棉被 行政后勤/生活用品 个 类型：棉被			candidate	needs_review	clarify_specs_before_use	purchase_2024_candidate_rows=1450；purchase_2024_source_rows=1451；draft_sku_id=SKU-DRAFT-001441	缺失规格：尺寸；整理依据：尺寸/重量/用途缺失，无法稳定区分棉被SKU；导入口径：do_not_import_missing_specs；重分类：行政后勤/生活用品 -> 清洁办公后勤/生活用品；分类置信度：high；棉被是后勤生活用品。	2026-07-03
SAFE-000093	防护服	特征：加厚；款式：连体		劳保防护/身体防护	套			加厚连体裤	SAFE-000093 防护服 劳保耗材/防护服 套 特征：加厚 款式：连体 加厚连体裤 加厚 连体			candidate	needs_review	clarify_specs_before_use	purchase_2024_candidate_rows=1451；purchase_2024_source_rows=1452；draft_sku_id=SKU-DRAFT-001442	缺失规格：材质；整理依据：材质/尺码/防护等级缺失，无法稳定区分防护服SKU；导入口径：do_not_import_missing_specs；重分类：劳保耗材/防护服 -> 劳保防护/身体防护；分类置信度：high；防护服是身体防护用品。	2026-07-03
PIPE-000315	高压堵头	螺纹：M36*2；连接：内丝		液压气动/液压接头	个			M36*2高压内丝堵头	PIPE-000315 高压堵头 液压/高压管路 个 螺纹：M36*2 连接：内丝 M36*2高压内丝堵头 M36*2 内丝			candidate	needs_review	clarify_specs_before_use	purchase_2024_candidate_rows=1452；purchase_2024_source_rows=1453；draft_sku_id=SKU-DRAFT-001443	缺失规格：材质；压力等级；整理依据：压力等级/材质缺失，可能影响高压堵头SKU区分；导入口径：do_not_import_missing_specs；重分类：液压/高压管路 -> 液压气动/液压接头；分类置信度：high；高压堵头用于液压高压管路封堵，归液压接头。	2026-07-03
PIPE-000316	高压堵头	螺纹：M36*2；连接：外丝		液压气动/液压接头	个			M36*2高压外丝堵头	PIPE-000316 高压堵头 液压/高压管路 个 螺纹：M36*2 连接：外丝 M36*2高压外丝堵头 M36*2 外丝			candidate	needs_review	clarify_specs_before_use	purchase_2024_candidate_rows=1453；purchase_2024_source_rows=1454；draft_sku_id=SKU-DRAFT-001444	缺失规格：材质；压力等级；整理依据：压力等级/材质缺失，可能影响高压堵头SKU区分；导入口径：do_not_import_missing_specs；重分类：液压/高压管路 -> 液压气动/液压接头；分类置信度：high；高压堵头用于液压高压管路封堵，归液压接头。	2026-07-03
MAT-000141	压力表	量程/压力：60公斤		工具量具/检测仪器	个			60公斤压力表	MAT-000141 压力表 仪表/压力仪表 个 量程/压力：60公斤 60公斤压力表 60公斤			candidate	needs_review	clarify_specs_before_use	purchase_2024_candidate_rows=1454；purchase_2024_source_rows=1455；draft_sku_id=SKU-DRAFT-001445	缺失规格：精度；整理依据：量程标准单位、接口、表径、精度缺失，无法稳定区分压力表SKU；导入口径：do_not_import_missing_specs；重分类：仪表/压力仪表 -> 工具量具/检测仪器；分类置信度：high；压力表用于压力检测，归检测仪器。	2026-07-03
PIPE-000317	螺纹接头	螺纹：M20*1.5		液压气动/液压接头	个			M20*1.5接头	PIPE-000317 螺纹接头 液压/高压管路 个 螺纹：M20*1.5 M20*1.5接头 M20*1.5			candidate	needs_review	clarify_specs_before_use	purchase_2024_candidate_rows=1455；purchase_2024_source_rows=1456；draft_sku_id=SKU-DRAFT-001446	缺失规格：材质；压力等级；整理依据：连接形式/材质/压力等级缺失，可能影响螺纹接头SKU区分；导入口径：do_not_import_missing_specs；重分类：液压/高压管路 -> 液压气动/液压接头；分类置信度：high；螺纹接头用于高压液压管路连接。	2026-07-03
METAL-000100	三通	规格：25；材质：不锈钢		管材管件阀门/三通	个			25三通不锈钢	METAL-000100 三通 管件/不锈钢管件 个 规格：25 材质：不锈钢 25三通不锈钢 25 不锈钢			candidate	needs_review	clarify_specs_before_use	purchase_2024_candidate_rows=1456；purchase_2024_source_rows=1457；draft_sku_id=SKU-DRAFT-001447	缺失规格：连接方式；整理依据：不锈钢牌号及连接方式缺失，可能影响三通SKU区分；导入口径：do_not_import_missing_specs；重分类：管件/不锈钢管件 -> 管材管件阀门/三通；分类置信度：high；样例均为管路三通，材质/口径是规格差异。	2026-07-03
PIPE-000318	胶管总成	螺纹/规格：36*2；层数：2层；长度：12米		液压气动/高压管路	根			胶管36*2-2层-12米	PIPE-000318 胶管总成 液压/高压管路 根 螺纹/规格：36*2 层数：2层 长度：12米 胶管36*2-2层-12米 36*2 2层 12米			candidate	needs_review	clarify_specs_before_use	purchase_2024_candidate_rows=1457；purchase_2024_source_rows=1458；draft_sku_id=SKU-DRAFT-001448	缺失规格：材质；压力等级；接头形式；整理依据：压力等级/接头形式/材质缺失，无法稳定区分胶管总成SKU；导入口径：do_not_import_missing_specs；重分类：液压/高压管路 -> 液压气动/高压管路；分类置信度：high；样例均为带规格长度的高压胶管总成。	2026-07-03
PIPE-000319	胶管总成	螺纹/规格：36*2；层数：2层；长度：17.7米		液压气动/高压管路	根			胶管36*2-2层-17.7米	PIPE-000319 胶管总成 液压/高压管路 根 螺纹/规格：36*2 层数：2层 长度：17.7米 胶管36*2-2层-17.7米 36*2 2层 17.7米			candidate	needs_review	clarify_specs_before_use	purchase_2024_candidate_rows=1458；purchase_2024_source_rows=1459；draft_sku_id=SKU-DRAFT-001449	缺失规格：材质；压力等级；接头形式；整理依据：压力等级/接头形式/材质缺失，无法稳定区分胶管总成SKU；导入口径：do_not_import_missing_specs；重分类：液压/高压管路 -> 液压气动/高压管路；分类置信度：high；样例均为带规格长度的高压胶管总成。	2026-07-03
PIPE-000320	胶管总成	螺纹/规格：36*2；层数：2层；长度：5.2米		液压气动/高压管路	根			胶管36*2-2层-5.2米	PIPE-000320 胶管总成 液压/高压管路 根 螺纹/规格：36*2 层数：2层 长度：5.2米 胶管36*2-2层-5.2米 36*2 2层 5.2米			candidate	needs_review	clarify_specs_before_use	purchase_2024_candidate_rows=1459；purchase_2024_source_rows=1460；draft_sku_id=SKU-DRAFT-001450	缺失规格：材质；压力等级；接头形式；整理依据：压力等级/接头形式/材质缺失，无法稳定区分胶管总成SKU；导入口径：do_not_import_missing_specs；重分类：液压/高压管路 -> 液压气动/高压管路；分类置信度：high；样例均为带规格长度的高压胶管总成。	2026-07-03
PIPE-000321	胶管总成	螺纹/规格：36*2；层数：2层；长度：7.9米		液压气动/高压管路	根			胶管36*2-2层-7.9米	PIPE-000321 胶管总成 液压/高压管路 根 螺纹/规格：36*2 层数：2层 长度：7.9米 胶管36*2-2层-7.9米 36*2 2层 7.9米			candidate	needs_review	clarify_specs_before_use	purchase_2024_candidate_rows=1460；purchase_2024_source_rows=1461；draft_sku_id=SKU-DRAFT-001451	缺失规格：材质；压力等级；接头形式；整理依据：压力等级/接头形式/材质缺失，无法稳定区分胶管总成SKU；导入口径：do_not_import_missing_specs；重分类：液压/高压管路 -> 液压气动/高压管路；分类置信度：high；样例均为带规格长度的高压胶管总成。	2026-07-03
PIPE-000322	胶管总成	螺纹/规格：36*2；层数：2层；长度：15.9米		液压气动/高压管路	根			胶管36*2-2层-15.9米	PIPE-000322 胶管总成 液压/高压管路 根 螺纹/规格：36*2 层数：2层 长度：15.9米 胶管36*2-2层-15.9米 36*2 2层 15.9米			candidate	needs_review	clarify_specs_before_use	purchase_2024_candidate_rows=1461；purchase_2024_source_rows=1462；draft_sku_id=SKU-DRAFT-001452	缺失规格：材质；压力等级；接头形式；整理依据：压力等级/接头形式/材质缺失，无法稳定区分胶管总成SKU；导入口径：do_not_import_missing_specs；重分类：液压/高压管路 -> 液压气动/高压管路；分类置信度：high；样例均为带规格长度的高压胶管总成。	2026-07-03
PIPE-000323	胶管总成	螺纹/规格：36*2；层数：2层；长度：2.3米		液压气动/高压管路	根			胶管36*2-2层-2.3米	PIPE-000323 胶管总成 液压/高压管路 根 螺纹/规格：36*2 层数：2层 长度：2.3米 胶管36*2-2层-2.3米 36*2 2层 2.3米			candidate	needs_review	clarify_specs_before_use	purchase_2024_candidate_rows=1462；purchase_2024_source_rows=1463；draft_sku_id=SKU-DRAFT-001453	缺失规格：材质；压力等级；接头形式；整理依据：压力等级/接头形式/材质缺失，无法稳定区分胶管总成SKU；导入口径：do_not_import_missing_specs；重分类：液压/高压管路 -> 液压气动/高压管路；分类置信度：high；样例均为带规格长度的高压胶管总成。	2026-07-03
PIPE-000324	胶管总成	螺纹/规格：36*2；层数：2层；长度：3.4米		液压气动/高压管路	根			胶管36*2-2层-3.4米	PIPE-000324 胶管总成 液压/高压管路 根 螺纹/规格：36*2 层数：2层 长度：3.4米 胶管36*2-2层-3.4米 36*2 2层 3.4米			candidate	needs_review	clarify_specs_before_use	purchase_2024_candidate_rows=1463；purchase_2024_source_rows=1464；draft_sku_id=SKU-DRAFT-001454	缺失规格：材质；压力等级；接头形式；整理依据：压力等级/接头形式/材质缺失，无法稳定区分胶管总成SKU；导入口径：do_not_import_missing_specs；重分类：液压/高压管路 -> 液压气动/高压管路；分类置信度：high；样例均为带规格长度的高压胶管总成。	2026-07-03
PIPE-000325	胶管总成	螺纹/规格：36*2；层数：2层；长度：3.9米		液压气动/高压管路	根			胶管36*2-2层-3.9米	PIPE-000325 胶管总成 液压/高压管路 根 螺纹/规格：36*2 层数：2层 长度：3.9米 胶管36*2-2层-3.9米 36*2 2层 3.9米			candidate	needs_review	clarify_specs_before_use	purchase_2024_candidate_rows=1464；purchase_2024_source_rows=1465；draft_sku_id=SKU-DRAFT-001455	缺失规格：材质；压力等级；接头形式；整理依据：压力等级/接头形式/材质缺失，无法稳定区分胶管总成SKU；导入口径：do_not_import_missing_specs；重分类：液压/高压管路 -> 液压气动/高压管路；分类置信度：high；样例均为带规格长度的高压胶管总成。	2026-07-03
PIPE-000326	胶管总成	螺纹/规格：36*2；层数：2层；长度：1.1米		液压气动/高压管路	根			胶管36*2-2层-1.1米	PIPE-000326 胶管总成 液压/高压管路 根 螺纹/规格：36*2 层数：2层 长度：1.1米 胶管36*2-2层-1.1米 36*2 2层 1.1米			candidate	needs_review	clarify_specs_before_use	purchase_2024_candidate_rows=1465；purchase_2024_source_rows=1466；draft_sku_id=SKU-DRAFT-001456	缺失规格：材质；压力等级；接头形式；整理依据：压力等级/接头形式/材质缺失，无法稳定区分胶管总成SKU；导入口径：do_not_import_missing_specs；重分类：液压/高压管路 -> 液压气动/高压管路；分类置信度：high；样例均为带规格长度的高压胶管总成。	2026-07-03
PIPE-000327	胶管总成	螺纹/规格：36*2；层数：2层；长度：7.5米		液压气动/高压管路	根			胶管36*2-2层-7.5米	PIPE-000327 胶管总成 液压/高压管路 根 螺纹/规格：36*2 层数：2层 长度：7.5米 胶管36*2-2层-7.5米 36*2 2层 7.5米			candidate	needs_review	clarify_specs_before_use	purchase_2024_candidate_rows=1466；purchase_2024_source_rows=1467；draft_sku_id=SKU-DRAFT-001457	缺失规格：材质；压力等级；接头形式；整理依据：压力等级/接头形式/材质缺失，无法稳定区分胶管总成SKU；导入口径：do_not_import_missing_specs；重分类：液压/高压管路 -> 液压气动/高压管路；分类置信度：high；样例均为带规格长度的高压胶管总成。	2026-07-03
PIPE-000328	胶管总成	螺纹/规格：36*2；层数：2层；长度：1米		液压气动/高压管路	根			胶管36*2-2层-1米	PIPE-000328 胶管总成 液压/高压管路 根 螺纹/规格：36*2 层数：2层 长度：1米 胶管36*2-2层-1米 36*2 2层 1米			candidate	needs_review	clarify_specs_before_use	purchase_2024_candidate_rows=1467；purchase_2024_source_rows=1468；draft_sku_id=SKU-DRAFT-001458	缺失规格：材质；压力等级；接头形式；整理依据：压力等级/接头形式/材质缺失，无法稳定区分胶管总成SKU；导入口径：do_not_import_missing_specs；重分类：液压/高压管路 -> 液压气动/高压管路；分类置信度：high；样例均为带规格长度的高压胶管总成。	2026-07-03
PIPE-000329	胶管总成	螺纹/规格：36*2；层数：2层；长度：1.3米		液压气动/高压管路	根			胶管36*2-2层-1.3米	PIPE-000329 胶管总成 液压/高压管路 根 螺纹/规格：36*2 层数：2层 长度：1.3米 胶管36*2-2层-1.3米 36*2 2层 1.3米			candidate	needs_review	clarify_specs_before_use	purchase_2024_candidate_rows=1468；purchase_2024_source_rows=1469；draft_sku_id=SKU-DRAFT-001459	缺失规格：材质；压力等级；接头形式；整理依据：压力等级/接头形式/材质缺失，无法稳定区分胶管总成SKU；导入口径：do_not_import_missing_specs；重分类：液压/高压管路 -> 液压气动/高压管路；分类置信度：high；样例均为带规格长度的高压胶管总成。	2026-07-03
PIPE-000330	胶管总成	螺纹/规格：36*2；层数：2层；长度：5.9米		液压气动/高压管路	根			胶管36*2-2层-5.9米	PIPE-000330 胶管总成 液压/高压管路 根 螺纹/规格：36*2 层数：2层 长度：5.9米 胶管36*2-2层-5.9米 36*2 2层 5.9米			candidate	needs_review	clarify_specs_before_use	purchase_2024_candidate_rows=1469；purchase_2024_source_rows=1470；draft_sku_id=SKU-DRAFT-001460	缺失规格：材质；压力等级；接头形式；整理依据：压力等级/接头形式/材质缺失，无法稳定区分胶管总成SKU；导入口径：do_not_import_missing_specs；重分类：液压/高压管路 -> 液压气动/高压管路；分类置信度：high；样例均为带规格长度的高压胶管总成。	2026-07-03
PIPE-000331	胶管总成	螺纹/规格：36*2；层数：2层；长度：3.3米		液压气动/高压管路	根			胶管36*2-2层-3.3米	PIPE-000331 胶管总成 液压/高压管路 根 螺纹/规格：36*2 层数：2层 长度：3.3米 胶管36*2-2层-3.3米 36*2 2层 3.3米			candidate	needs_review	clarify_specs_before_use	purchase_2024_candidate_rows=1470；purchase_2024_source_rows=1471；draft_sku_id=SKU-DRAFT-001461	缺失规格：材质；压力等级；接头形式；整理依据：压力等级/接头形式/材质缺失，无法稳定区分胶管总成SKU；导入口径：do_not_import_missing_specs；重分类：液压/高压管路 -> 液压气动/高压管路；分类置信度：high；样例均为带规格长度的高压胶管总成。	2026-07-03
PIPE-000332	骑马卡	定制：是；规格：36；材质：不锈钢；厚度/螺纹：36*2.0		紧固件与连接件/管卡	件			订制36不锈钢骑马卡36*2.0	PIPE-000332 骑马卡 定制件/管夹卡箍 件 定制：是 规格：36 材质：不锈钢 厚度/螺纹：36*2.0 订制36不锈钢骑马卡36*2.0 是 36 不锈钢 36*2.0			candidate	needs_review	clarify_specs_before_use	purchase_2024_candidate_rows=1471；purchase_2024_source_rows=1472；draft_sku_id=SKU-DRAFT-001462	缺失规格：口径；尺寸；整理依据：由不锈钢骑马卡归一为骑马卡；图纸/用途/尺寸口径缺失；导入口径：do_not_import_missing_specs；重分类：定制件/管夹卡箍 -> 紧固件与连接件/管卡；分类置信度：high；骑马卡用于管路固定，定制只影响规格材质。	2026-07-03
PIPE-000333	直角接头	加工：是；规格：36*3/36*2		定制加工件/管路接头	件			加工36*3/36*2直角接头	PIPE-000333 直角接头 定制件/管路接头 件 加工：是 规格：36*3/36*2 加工36*3/36*2直角接头 是 36*3/36*2			candidate	needs_review	clarify_specs_before_use	purchase_2024_candidate_rows=1472；purchase_2024_source_rows=1473；draft_sku_id=SKU-DRAFT-001463	缺失规格：材质；压力等级；整理依据：由加工件归一为直角接头；图纸/材质/压力等级缺失；导入口径：do_not_import_missing_specs；重分类：定制件/管路接头 -> 定制加工件/管路接头；分类置信度：high；样例标明加工直角管路接头。	2026-07-03
PIPE-000334	变径接头	规格：25*2/36*2		液压气动/液压接头	只			25*2/36*2大小头	PIPE-000334 变径接头 液压/高压管路 只 规格：25*2/36*2 25*2/36*2大小头 25*2/36*2			candidate	needs_review	clarify_specs_before_use	purchase_2024_candidate_rows=1473；purchase_2024_source_rows=1474；draft_sku_id=SKU-DRAFT-001464	缺失规格：材质；压力等级；整理依据：材质/压力等级/螺纹标准缺失，可能影响变径接头SKU区分；导入口径：do_not_import_missing_specs；重分类：液压/高压管路 -> 液压气动/液压接头；分类置信度：medium；高压螺纹接头与不锈钢定制变径件混在一起。；分类拆分待复核：按用途/是否定制拆分；高压螺纹接头与不锈钢定制变径件混在一起。	2026-07-03
PIPE-000335	管夹	联数：六联；规格：36		紧固件与连接件/管卡	组			六联管夹36	PIPE-000335 管夹 管夹/管路固定件 组 联数：六联 规格：36 六联管夹36 六联 36			candidate	needs_review	clarify_specs_before_use	purchase_2024_candidate_rows=1474；purchase_2024_source_rows=1475；draft_sku_id=SKU-DRAFT-001465	缺失规格：型号；材质；整理依据：材质/安装孔距/型号缺失，可能影响管夹SKU区分；导入口径：do_not_import_missing_specs；重分类：管夹/管路固定件 -> 紧固件与连接件/管卡；分类置信度：high；管夹用于管路固定，按管卡类连接固定件处理。	2026-07-03
PIPE-000336	管夹	联数：单管；规格：36		紧固件与连接件/管卡	只			单管夹36	PIPE-000336 管夹 管夹/管路固定件 只 联数：单管 规格：36 单管夹36 单管 36			candidate	needs_review	clarify_specs_before_use	purchase_2024_candidate_rows=1475；purchase_2024_source_rows=1476；draft_sku_id=SKU-DRAFT-001466	缺失规格：型号；材质；整理依据：材质/安装孔距/型号缺失，可能影响管夹SKU区分；导入口径：do_not_import_missing_specs；重分类：管夹/管路固定件 -> 紧固件与连接件/管卡；分类置信度：high；管夹用于管路固定，按管卡类连接固定件处理。	2026-07-03
PIPE-000337	三通接头	螺纹/规格：36*2		液压气动/液压接头	只			36*2三通	PIPE-000337 三通接头 液压/高压管路 只 螺纹/规格：36*2 36*2三通 36*2			candidate	needs_review	clarify_specs_before_use	purchase_2024_candidate_rows=1476；purchase_2024_source_rows=1477；draft_sku_id=SKU-DRAFT-001467	缺失规格：材质；压力等级；整理依据：材质/压力等级/连接形式缺失，可能影响三通接头SKU区分；导入口径：do_not_import_missing_specs；重分类：液压/高压管路 -> 液压气动/液压接头；分类置信度：high；样例为高压螺纹三通接头，属液压接头。	2026-07-03
PIPE-000338	对丝接头	螺纹/规格：36*2		液压气动/液压接头	只			36*2对丝	PIPE-000338 对丝接头 液压/高压管路 只 螺纹/规格：36*2 36*2对丝 36*2			candidate	needs_review	clarify_specs_before_use	purchase_2024_candidate_rows=1477；purchase_2024_source_rows=1478；draft_sku_id=SKU-DRAFT-001468	缺失规格：材质；压力等级；整理依据：材质/压力等级缺失，可能影响对丝接头SKU区分；导入口径：do_not_import_missing_specs；重分类：液压/高压管路 -> 液压气动/液压接头；分类置信度：high；对丝接头用于高压液压管路连接。	2026-07-03
PIPE-000339	泥浆管接头	加工：是；管径：Φ219		定制加工件/管路接头	件			加工泥浆管接头Φ219	PIPE-000339 泥浆管接头 定制件/管路接头 件 加工：是 管径：Φ219 加工泥浆管接头Φ219 是 Φ219			candidate	needs_review	clarify_specs_before_use	purchase_2024_candidate_rows=1478；purchase_2024_source_rows=1479；draft_sku_id=SKU-DRAFT-001469	缺失规格：材质；连接方式；壁厚；整理依据：图纸/材质/壁厚/连接方式缺失，无法稳定区分泥浆管接头SKU；导入口径：do_not_import_missing_specs；重分类：定制件/管路接头 -> 定制加工件/管路接头；分类置信度：high；加工泥浆管接头属于定制管路接头。	2026-07-03
METAL-000101	钢丝绳	加工：扣压；直径/规格：50；长度：3.6米		吊装索具/钢丝绳	根			扣压钢丝绳50*3.6米	METAL-000101 钢丝绳 吊装索具/钢丝绳 根 加工：扣压 直径/规格：50 长度：3.6米 扣压钢丝绳50*3.6米 扣压 50 3.6米			candidate	needs_review	clarify_specs_before_use	purchase_2024_candidate_rows=1479；purchase_2024_source_rows=1480；draft_sku_id=SKU-DRAFT-001470	缺失规格：材质；规格；厚度；执行标准；整理依据：扣压端头已保留；钢丝绳结构/吊具端头/安全载荷缺失；导入口径：do_not_import_missing_specs	2026-07-03
METAL-000102	钢丝绳	加工：扣压；直径/规格：47.5；长度：9米		吊装索具/钢丝绳	根			扣压钢丝绳47.5*9米	METAL-000102 钢丝绳 吊装索具/钢丝绳 根 加工：扣压 直径/规格：47.5 长度：9米 扣压钢丝绳47.5*9米 扣压 47.5 9米			candidate	needs_review	clarify_specs_before_use	purchase_2024_candidate_rows=1480；purchase_2024_source_rows=1481；draft_sku_id=SKU-DRAFT-001471	缺失规格：材质；规格；厚度；执行标准；整理依据：扣压端头已保留；钢丝绳结构/吊具端头/安全载荷缺失；导入口径：do_not_import_missing_specs	2026-07-03
PIPE-000340	八字扣头	规格：M52；材质：铝合金		液压气动/液压接头	只			M52铝合金八字扣头	PIPE-000340 八字扣头 液压/高压管路 只 规格：M52 材质：铝合金 M52铝合金八字扣头 M52 铝合金			candidate	needs_review	clarify_specs_before_use	purchase_2024_candidate_rows=1481；purchase_2024_source_rows=1482；draft_sku_id=SKU-DRAFT-001472	缺失规格：口径；压力等级；连接方式；壁厚；整理依据：适配胶管规格/连接形式缺失，可能影响八字扣头SKU区分；导入口径：do_not_import_missing_specs；重分类：液压/高压管路 -> 液压气动/液压接头；分类置信度：medium；八字扣头用于高压管路扣接，按液压接头承接。	2026-07-03
CHEM-000094	聚氨酯密封胶	品牌：普赛达；容量：600mL		化工胶粘涂料/密封材料	支			普赛达聚氨酯密封胶600mL	CHEM-000094 聚氨酯密封胶 化工耗材/密封胶 支 品牌：普赛达 容量：600mL 普赛达聚氨酯密封胶600mL 普赛达 600mL	普赛达		candidate	needs_review	clarify_specs_before_use	purchase_2024_candidate_rows=1482；purchase_2024_source_rows=1483；draft_sku_id=SKU-DRAFT-001473	缺失规格：型号；颜色；整理依据：型号/颜色/固化特性缺失，可能影响密封胶SKU区分；导入口径：do_not_import_missing_specs；重分类：化工耗材/密封胶 -> 化工胶粘涂料/密封材料；分类置信度：high；聚氨酯密封胶属于密封材料。	2026-07-03
TOOL-000228	胶枪	品牌：世达		工具量具/手动工具	把			世达胶枪	TOOL-000228 胶枪 工具/手动工具 把 品牌：世达 世达胶枪 世达	世达		candidate	needs_review	clarify_specs_before_use	purchase_2024_candidate_rows=1483；purchase_2024_source_rows=1484；draft_sku_id=SKU-DRAFT-001474	缺失规格：型号；容量；整理依据：适配胶筒容量/型号缺失，可能影响胶枪SKU区分；导入口径：do_not_import_missing_specs；重分类：工具/手动工具 -> 工具量具/手动工具；分类置信度：high；胶枪为手动施胶工具。	2026-07-03
PIPE-000341	止回阀	材质：304；公称通径：DN25		管材管件阀门/阀门	只			304止回阀DN25	PIPE-000341 止回阀 阀门/止回阀 只 材质：304 公称通径：DN25 304止回阀DN25 304 DN25			candidate	needs_review	clarify_specs_before_use	purchase_2024_candidate_rows=1484；purchase_2024_source_rows=1485；draft_sku_id=SKU-DRAFT-001475	缺失规格：压力等级；整理依据：压力等级/连接形式缺失，可能影响止回阀SKU区分；导入口径：do_not_import_missing_specs；重分类：阀门/止回阀 -> 管材管件阀门/阀门；分类置信度：high；止回阀属于阀门。	2026-07-03
PIPE-000342	胶管总成	螺纹/规格：36*2；层数：2层；长度：8.3米		液压气动/高压管路	根			胶管36*2-2层-8.3米	PIPE-000342 胶管总成 液压/高压管路 根 螺纹/规格：36*2 层数：2层 长度：8.3米 胶管36*2-2层-8.3米 36*2 2层 8.3米			candidate	needs_review	clarify_specs_before_use	purchase_2024_candidate_rows=1485；purchase_2024_source_rows=1486；draft_sku_id=SKU-DRAFT-001476	缺失规格：材质；压力等级；接头形式；整理依据：压力等级/接头形式/材质缺失，无法稳定区分胶管总成SKU；导入口径：do_not_import_missing_specs；重分类：液压/高压管路 -> 液压气动/高压管路；分类置信度：high；样例均为带规格长度的高压胶管总成。	2026-07-03
PIPE-000343	胶管总成	螺纹/规格：36*2；层数：2层；长度：4.2米		液压气动/高压管路	根			胶管36*2-2层-4.2米	PIPE-000343 胶管总成 液压/高压管路 根 螺纹/规格：36*2 层数：2层 长度：4.2米 胶管36*2-2层-4.2米 36*2 2层 4.2米			candidate	needs_review	clarify_specs_before_use	purchase_2024_candidate_rows=1486；purchase_2024_source_rows=1487；draft_sku_id=SKU-DRAFT-001477	缺失规格：材质；压力等级；接头形式；整理依据：压力等级/接头形式/材质缺失，无法稳定区分胶管总成SKU；导入口径：do_not_import_missing_specs；重分类：液压/高压管路 -> 液压气动/高压管路；分类置信度：high；样例均为带规格长度的高压胶管总成。	2026-07-03
PIPE-000344	胶管总成	螺纹/规格：36*2；层数：2层；长度：1.2米		液压气动/高压管路	根			胶管36*2-2层-1.2米	PIPE-000344 胶管总成 液压/高压管路 根 螺纹/规格：36*2 层数：2层 长度：1.2米 胶管36*2-2层-1.2米 36*2 2层 1.2米			candidate	needs_review	clarify_specs_before_use	purchase_2024_candidate_rows=1487；purchase_2024_source_rows=1488；draft_sku_id=SKU-DRAFT-001478	缺失规格：材质；压力等级；接头形式；整理依据：压力等级/接头形式/材质缺失，无法稳定区分胶管总成SKU；导入口径：do_not_import_missing_specs；重分类：液压/高压管路 -> 液压气动/高压管路；分类置信度：high；样例均为带规格长度的高压胶管总成。	2026-07-03
PIPE-000345	胶管总成	螺纹/规格：36*2；层数：2层；长度：7.3米		液压气动/高压管路	根			胶管36*2-2层-7.3米	PIPE-000345 胶管总成 液压/高压管路 根 螺纹/规格：36*2 层数：2层 长度：7.3米 胶管36*2-2层-7.3米 36*2 2层 7.3米			candidate	needs_review	clarify_specs_before_use	purchase_2024_candidate_rows=1488；purchase_2024_source_rows=1489；draft_sku_id=SKU-DRAFT-001479	缺失规格：材质；压力等级；接头形式；整理依据：压力等级/接头形式/材质缺失，无法稳定区分胶管总成SKU；导入口径：do_not_import_missing_specs；重分类：液压/高压管路 -> 液压气动/高压管路；分类置信度：high；样例均为带规格长度的高压胶管总成。	2026-07-03
CHEM-000095	齿轮油	品牌：长城；包装：18L		化工胶粘涂料/润滑剂	桶			长城齿轮油18L	CHEM-000095 齿轮油 油品/润滑油 桶 品牌：长城 包装：18L 长城齿轮油18L 长城 18L	长城		candidate	needs_review	clarify_specs_before_use	purchase_2024_candidate_rows=1489；purchase_2024_source_rows=1490；draft_sku_id=SKU-DRAFT-001480	缺失规格：型号；整理依据：粘度等级/型号缺失，无法稳定区分齿轮油SKU；导入口径：do_not_import_missing_specs；重分类：油品/润滑油 -> 化工胶粘涂料/润滑剂；分类置信度：high；齿轮油为润滑油，旧化工耗材口径过泛。	2026-07-03
PIPE-000346	对丝接头	规格：1/2		液压气动/液压接头	只			接头1/2对丝	PIPE-000346 对丝接头 液压/高压管路 只 规格：1/2 接头1/2对丝 1/2			candidate	needs_review	clarify_specs_before_use	purchase_2024_candidate_rows=1490；purchase_2024_source_rows=1491；draft_sku_id=SKU-DRAFT-001481	缺失规格：材质；压力等级；整理依据：螺纹制式/材质/压力等级缺失，可能影响对丝接头SKU区分；导入口径：do_not_import_missing_specs；重分类：液压/高压管路 -> 液压气动/液压接头；分类置信度：high；对丝接头用于高压液压管路连接。	2026-07-03
PIPE-000347	变径接头	规格：1/2-3/4		液压气动/液压接头	只			变径接头1/2-3/4	PIPE-000347 变径接头 液压/高压管路 只 规格：1/2-3/4 变径接头1/2-3/4 1/2-3/4			candidate	needs_review	clarify_specs_before_use	purchase_2024_candidate_rows=1491；purchase_2024_source_rows=1492；draft_sku_id=SKU-DRAFT-001482	缺失规格：材质；压力等级；整理依据：螺纹制式/材质/压力等级缺失，可能影响变径接头SKU区分；导入口径：do_not_import_missing_specs；重分类：液压/高压管路 -> 液压气动/液压接头；分类置信度：medium；高压螺纹接头与不锈钢定制变径件混在一起。；分类拆分待复核：按用途/是否定制拆分；高压螺纹接头与不锈钢定制变径件混在一起。	2026-07-03
ELEC-000150	断路器	品牌：施耐德；额定电流：250A；极数：3P		电气电料/低压电器	套			施耐德断路器250A-3P	ELEC-000150 断路器 电气/低压电器 套 品牌：施耐德 额定电流：250A 极数：3P 施耐德断路器250A-3P 施耐德 250A 3P	施耐德		candidate	needs_review	clarify_specs_before_use	purchase_2024_candidate_rows=1492；purchase_2024_source_rows=1493；draft_sku_id=SKU-DRAFT-001483	缺失规格：型号；整理依据：系列/分断能力/型号缺失，无法稳定区分断路器SKU；导入口径：do_not_import_missing_specs；重分类：电气/低压电器 -> 电气电料/低压电器；分类置信度：high；断路器是典型低压电器。	2026-07-03
METAL-000103	钢丝绳润滑脂	品牌：伍尔特；用途：钢丝绳；容量：500mL		化工胶粘涂料/润滑剂	瓶			伍尔特钢丝绳黄油500mL	METAL-000103 钢丝绳润滑脂 油品/润滑脂 瓶 品牌：伍尔特 用途：钢丝绳 容量：500mL 伍尔特钢丝绳黄油500mL 伍尔特 钢丝绳 500mL	伍尔特		candidate	needs_review	clarify_specs_before_use	purchase_2024_candidate_rows=1493；purchase_2024_source_rows=1494；draft_sku_id=SKU-DRAFT-001484	缺失规格：型号；整理依据：别名黄油归一为润滑脂；型号/温度范围缺失；导入口径：do_not_import_missing_specs；重分类：油品/润滑脂 -> 化工胶粘涂料/润滑剂；分类置信度：high；润滑脂属化工润滑材料。	2026-07-03
PIPE-000348	高压直接	螺纹：M32*2；连接：内丝		液压气动/液压接头	只			m32*2高压内丝直接	PIPE-000348 高压直接 液压/高压管路 只 螺纹：M32*2 连接：内丝 m32*2高压内丝直接 M32*2 内丝			candidate	needs_review	clarify_specs_before_use	purchase_2024_candidate_rows=1494；purchase_2024_source_rows=1495；draft_sku_id=SKU-DRAFT-001485	缺失规格：材质；压力等级；整理依据：原始小写m规范为M；材质/压力等级缺失；导入口径：do_not_import_missing_specs；重分类：液压/高压管路 -> 液压气动/液压接头；分类置信度：high；高压直接为液压管路直通接头。	2026-07-03
MAT-000142	吊装袋	材质：丙纶纤维；尺寸：3米*3米；载荷：大吨位		吊装索具/吊包	只			大吨位丙纶纤吊包3米*3米	MAT-000142 吊装袋 吊装索具/吊包 只 材质：丙纶纤维 尺寸：3米*3米 载荷：大吨位 大吨位丙纶纤吊包3米*3米 丙纶纤维 3米*3米 大吨位			candidate	needs_review	clarify_specs_before_use	purchase_2024_candidate_rows=1495；purchase_2024_source_rows=1496；draft_sku_id=SKU-DRAFT-001486	缺失规格：安全系数；整理依据：载荷仅为大吨位，额定载荷/安全系数/吊点形式缺失；导入口径：do_not_import_missing_specs	2026-07-03
PIPE-000349	高压转换接头	螺纹：36*2；形式：外丝转内丝		液压气动/液压接头	套			高压接头36*2外丝转内丝	PIPE-000349 高压转换接头 液压/高压管路 套 螺纹：36*2 形式：外丝转内丝 高压接头36*2外丝转内丝 36*2 外丝转内丝			candidate	needs_review	clarify_specs_before_use	purchase_2024_candidate_rows=1496；purchase_2024_source_rows=1497；draft_sku_id=SKU-DRAFT-001487	缺失规格：材质；压力等级；整理依据：材质/压力等级缺失，可能影响高压转换接头SKU区分；导入口径：do_not_import_missing_specs；重分类：液压/高压管路 -> 液压气动/液压接头；分类置信度：high；转换接头为高压液压接头。	2026-07-03
PIPE-000350	高压转换接头	螺纹：52*2；形式：外丝转内丝		液压气动/液压接头	套			高压接头52*2外丝转内丝	PIPE-000350 高压转换接头 液压/高压管路 套 螺纹：52*2 形式：外丝转内丝 高压接头52*2外丝转内丝 52*2 外丝转内丝			candidate	needs_review	clarify_specs_before_use	purchase_2024_candidate_rows=1497；purchase_2024_source_rows=1498；draft_sku_id=SKU-DRAFT-001488	缺失规格：材质；压力等级；整理依据：材质/压力等级缺失，可能影响高压转换接头SKU区分；导入口径：do_not_import_missing_specs；重分类：液压/高压管路 -> 液压气动/液压接头；分类置信度：high；转换接头为高压液压接头。	2026-07-03
PIPE-000351	高压转换接头	螺纹：24*1.5/36*2		液压气动/液压接头	套			高压接头24*1.5/36*2	PIPE-000351 高压转换接头 液压/高压管路 套 螺纹：24*1.5/36*2 高压接头24*1.5/36*2 24*1.5/36*2			candidate	needs_review	clarify_specs_before_use	purchase_2024_candidate_rows=1498；purchase_2024_source_rows=1499；draft_sku_id=SKU-DRAFT-001489	缺失规格：材质；压力等级；整理依据：内外丝方向/材质/压力等级缺失，可能影响高压转换接头SKU区分；导入口径：do_not_import_missing_specs；重分类：液压/高压管路 -> 液压气动/液压接头；分类置信度：high；转换接头为高压液压接头。	2026-07-03
PIPE-000352	高压对丝接头	螺纹：20*1.5		液压气动/液压接头	只			高压接头20*1.5对丝	PIPE-000352 高压对丝接头 液压/高压管路 只 螺纹：20*1.5 高压接头20*1.5对丝 20*1.5			candidate	needs_review	clarify_specs_before_use	purchase_2024_candidate_rows=1499；purchase_2024_source_rows=1500；draft_sku_id=SKU-DRAFT-001490	缺失规格：材质；压力等级；整理依据：材质/压力等级缺失，可能影响高压对丝接头SKU区分；导入口径：do_not_import_missing_specs；重分类：液压/高压管路 -> 液压气动/液压接头；分类置信度：high；对丝接头用于高压液压管路连接。	2026-07-03
PIPE-000353	高压对丝接头	螺纹：24*1.5		液压气动/液压接头	只			高压接头24*1.5对丝	PIPE-000353 高压对丝接头 液压/高压管路 只 螺纹：24*1.5 高压接头24*1.5对丝 24*1.5			candidate	needs_review	clarify_specs_before_use	purchase_2024_candidate_rows=1500；purchase_2024_source_rows=1501；draft_sku_id=SKU-DRAFT-001491	缺失规格：材质；压力等级；整理依据：材质/压力等级缺失，可能影响高压对丝接头SKU区分；导入口径：do_not_import_missing_specs；重分类：液压/高压管路 -> 液压气动/液压接头；分类置信度：high；对丝接头用于高压液压管路连接。	2026-07-03
PIPE-000354	高压对丝接头	螺纹：30*2；连接形式：对丝		液压气动/液压接头	只			高压接头30*2对丝	PIPE-000354 高压对丝接头 液压/高压管路 只 螺纹：30*2 连接形式：对丝 高压接头30*2对丝 30*2 对丝			candidate	needs_review	clarify_specs_before_use	purchase_2024_candidate_rows=1501；purchase_2024_source_rows=1502；draft_sku_id=SKU-DRAFT-001492	缺失规格：材质；压力等级；整理依据：材质/压力等级缺失，可能影响高压接头SKU区分；导入口径：do_not_import_missing_specs；重分类：液压/高压管路 -> 液压气动/液压接头；分类置信度：high；对丝接头用于高压液压管路连接。	2026-07-03
PIPE-000355	高压对丝接头	螺纹：36*2；连接形式：对丝		液压气动/液压接头	只			高压接头36*2对丝	PIPE-000355 高压对丝接头 液压/高压管路 只 螺纹：36*2 连接形式：对丝 高压接头36*2对丝 36*2 对丝			candidate	needs_review	clarify_specs_before_use	purchase_2024_candidate_rows=1502；purchase_2024_source_rows=1503；draft_sku_id=SKU-DRAFT-001493	缺失规格：材质；压力等级；整理依据：材质/压力等级缺失，可能影响高压接头SKU区分；导入口径：do_not_import_missing_specs；重分类：液压/高压管路 -> 液压气动/液压接头；分类置信度：high；对丝接头用于高压液压管路连接。	2026-07-03
PIPE-000356	高压对丝接头	螺纹：52*2；连接形式：对丝		液压气动/液压接头	只			高压接头52*2对丝	PIPE-000356 高压对丝接头 液压/高压管路 只 螺纹：52*2 连接形式：对丝 高压接头52*2对丝 52*2 对丝			candidate	needs_review	clarify_specs_before_use	purchase_2024_candidate_rows=1503；purchase_2024_source_rows=1504；draft_sku_id=SKU-DRAFT-001494	缺失规格：材质；压力等级；整理依据：材质/压力等级缺失，可能影响高压接头SKU区分；导入口径：do_not_import_missing_specs；重分类：液压/高压管路 -> 液压气动/液压接头；分类置信度：high；对丝接头用于高压液压管路连接。	2026-07-03
SPARE-000120	O型圈套装	品牌：派克；套装：ABC		设备备件/通用机械备件	盒			派克O型圈套装ABC	SPARE-000120 O型圈套装 密封件/O型圈 盒 品牌：派克 套装：ABC 派克O型圈套装ABC 派克 ABC	派克		candidate	needs_review	clarify_specs_before_use	purchase_2024_candidate_rows=1504；purchase_2024_source_rows=1505；draft_sku_id=SKU-DRAFT-001495	缺失规格：规格；材质；整理依据：材质/规格明细/系列缺失，无法唯一确定套装内容；导入口径：do_not_import_missing_specs；重分类：密封件/O型圈 -> 设备备件/通用机械备件；分类置信度：medium；O型圈套装是维修密封备件；标准无密封件二级，用通用机械备件承接。	2026-07-03
MAT-000143	弹性销	规格：M4*28		紧固件与连接件/销	只			弹性销M4*28	MAT-000143 弹性销 紧固件/销 只 规格：M4*28 弹性销M4*28 M4*28			candidate	needs_review	clarify_specs_before_use	purchase_2024_candidate_rows=1505；purchase_2024_source_rows=1506；draft_sku_id=SKU-DRAFT-001496	缺失规格：材质；执行标准；整理依据：材质/执行标准缺失，可能影响弹性销SKU区分；导入口径：do_not_import_missing_specs；重分类：紧固件/销 -> 紧固件与连接件/销；分类置信度：medium；弹性销属销类紧固件；推荐无对应二级，按销新建。	2026-07-03
MAT-000144	弹性销	规格：M6*28		紧固件与连接件/销	只			弹性销M6*28	MAT-000144 弹性销 紧固件/销 只 规格：M6*28 弹性销M6*28 M6*28			candidate	needs_review	clarify_specs_before_use	purchase_2024_candidate_rows=1506；purchase_2024_source_rows=1507；draft_sku_id=SKU-DRAFT-001497	缺失规格：材质；执行标准；整理依据：材质/执行标准缺失，可能影响弹性销SKU区分；导入口径：do_not_import_missing_specs；重分类：紧固件/销 -> 紧固件与连接件/销；分类置信度：medium；弹性销属销类紧固件；推荐无对应二级，按销新建。	2026-07-03
FAST-000068	T型螺丝套件	螺丝规格：M16*50；套件组成：平垫+弹垫+螺母		紧固件与连接件/螺丝	套			T型螺丝M16*50平弹帽	FAST-000068 T型螺丝套件 紧固件/螺丝套件 套 螺丝规格：M16*50 套件组成：平垫+弹垫+螺母 T型螺丝M16*50平弹帽 M16*50 平垫+弹垫+螺母			candidate	needs_review	clarify_specs_before_use	purchase_2024_candidate_rows=1507;1523；purchase_2024_source_rows=1508;1524；draft_sku_id=SKU-DRAFT-001498	缺失规格：材质；强度等级；整理依据：材质/强度等级缺失，可能影响套件SKU区分；同规格套件可合并；材质/强度等级缺失；导入口径：do_not_import_missing_specs；重分类：紧固件/螺丝套件 -> 紧固件与连接件/螺丝；分类置信度：high；T型螺丝套件由螺丝/垫圈/螺母组成，按螺丝类紧固件归类。	2026-07-03
SPARE-000121	注浆泵连杆压力表	适配设备：注浆泵；部件：连杆压力表；量程：16MPa		设备备件/泵类备件	件			注浆泵连杆压力表16MPa	SPARE-000121 注浆泵连杆压力表 注浆设备/配件 件 适配设备：注浆泵 部件：连杆压力表 量程：16MPa 注浆泵连杆压力表16MPa 注浆泵 连杆压力表 16MPa			candidate	needs_review	clarify_specs_before_use	purchase_2024_candidate_rows=1508；purchase_2024_source_rows=1509；draft_sku_id=SKU-DRAFT-001499	缺失规格：型号；精度；整理依据：适配型号/接口/精度缺失，可能影响压力表SKU区分；导入口径：do_not_import_missing_specs；重分类：注浆设备/配件 -> 设备备件/泵类备件；分类置信度：medium；注浆泵连杆压力表为泵设备配套备件。	2026-07-03
MAT-000145	离心机滤网	定制：是；适配设备：离心机；尺寸：1.4米*0.31米*0.72米		定制加工件/图纸件	个			订做离心机滤网1.4米*0.31米*0.72米；定做离心机滤网1.4米*0.31米*0.72米	MAT-000145 离心机滤网 定制件/设备滤网 个 定制：是 适配设备：离心机 尺寸：1.4米*0.31米*0.72米 订做离心机滤网1.4米*0.31米*0.72米 定做离心机滤网1.4米*0.31米*0.72米 是 离心机 1.4米*0.31米*0.72米			candidate	needs_review	clarify_specs_before_use	purchase_2024_candidate_rows=1509；purchase_2024_source_rows=1510；draft_sku_id=SKU-DRAFT-001500	缺失规格：材质；整理依据：定制件材质/目数/图纸缺失，无法唯一确定滤网SKU；导入口径：do_not_import_missing_specs；重分类：定制件/设备滤网 -> 定制加工件/图纸件；分类置信度：medium；样例为订做离心机滤网，非标设备配套件按图纸件。	2026-07-03
MAT-000146	抗盐膨润土	类型：抗盐膨润土		化工胶粘涂料/膨润土	吨			抗盐膨润土	MAT-000146 抗盐膨润土 化工原料/膨润土 吨 类型：抗盐膨润土			candidate	needs_review	clarify_specs_before_use	purchase_2024_candidate_rows=1510;1522；purchase_2024_source_rows=1511;1523；draft_sku_id=SKU-DRAFT-001501	缺失规格：规格；型号；材质；品牌；整理依据：单位T按吨归一；指标/厂家/包装缺失，可能影响SKU区分；同名同规格可合并；指标/厂家/包装缺失，可能影响SKU区分；导入口径：do_not_import_missing_specs；重分类：化工原料/膨润土 -> 化工胶粘涂料/膨润土；分类置信度：medium；膨润土为施工化工材料；推荐无对应二级，按膨润土新建。	2026-07-03
FAST-000069	T型螺丝套件	螺丝规格：M16*100；套件组成：平垫+弹垫+螺母		紧固件与连接件/螺丝	套			T型螺丝M16*100平弹帽	FAST-000069 T型螺丝套件 紧固件/螺丝套件 套 螺丝规格：M16*100 套件组成：平垫+弹垫+螺母 T型螺丝M16*100平弹帽 M16*100 平垫+弹垫+螺母			candidate	needs_review	clarify_specs_before_use	purchase_2024_candidate_rows=1511；purchase_2024_source_rows=1512；draft_sku_id=SKU-DRAFT-001502	缺失规格：材质；强度等级；整理依据：材质/强度等级缺失，可能影响套件SKU区分；导入口径：do_not_import_missing_specs；重分类：紧固件/螺丝套件 -> 紧固件与连接件/螺丝；分类置信度：high；T型螺丝套件由螺丝/垫圈/螺母组成，按螺丝类紧固件归类。	2026-07-03
PIPE-000357	重型高压接头	规格：36*2；类型：重型		液压气动/液压接头	只			重型高压接头36*2	PIPE-000357 重型高压接头 液压/高压管路 只 规格：36*2 类型：重型 重型高压接头36*2 36*2 重型			candidate	needs_review	clarify_specs_before_use	purchase_2024_candidate_rows=1512；purchase_2024_source_rows=1513；draft_sku_id=SKU-DRAFT-001503	缺失规格：材质；压力等级；整理依据：材质/压力等级/连接形式缺失，可能影响接头SKU区分；导入口径：do_not_import_missing_specs；重分类：液压/高压管路 -> 液压气动/液压接头；分类置信度：high；高压接头用于液压高压管路连接。	2026-07-03
PIPE-000358	电磁阀	进口：是；型号：2622200		液压气动/气动阀件	只			进口电磁阀2622200	PIPE-000358 电磁阀 阀门/电磁阀 只 进口：是 型号：2622200 进口电磁阀2622200 是 2622200		2622200	candidate	usable	confirm_before_use	purchase_2024_candidate_rows=1513；purchase_2024_source_rows=1514；draft_sku_id=SKU-DRAFT-001504	缺失规格：品牌；电压；整理依据：品牌/电压/接口/介质缺失，按型号先建候选；导入口径：confirm_then_import；重分类：阀门/电磁阀 -> 液压气动/气动阀件；分类置信度：medium；样例含4M系列气动电磁阀，标准表无气动阀件二级，新增二级。	2026-07-03
PIPE-000359	重型管夹加工件	加工：是；类型：重型管夹；规格：60		定制加工件/金属加工件	只			加工重型管夹60	PIPE-000359 重型管夹加工件 定制件/管夹卡箍 只 加工：是 类型：重型管夹 规格：60 加工重型管夹60 是 重型管夹 60			candidate	needs_review	clarify_specs_before_use	purchase_2024_candidate_rows=1514；purchase_2024_source_rows=1515；draft_sku_id=SKU-DRAFT-001505	缺失规格：材质；整理依据：定制件材质/图纸/安装孔距缺失，无法唯一确定SKU；导入口径：do_not_import_missing_specs；重分类：定制件/管夹卡箍 -> 定制加工件/金属加工件；分类置信度：high；明确为加工管夹，按非标金属加工件处理。	2026-07-03
CHEM-000096	聚氨酯密封胶	品牌：普赛达；材料：聚氨酯		化工胶粘涂料/密封材料	支			普赛达聚氨酯密封胶	CHEM-000096 聚氨酯密封胶 化工耗材/密封胶 支 品牌：普赛达 材料：聚氨酯 普赛达聚氨酯密封胶 普赛达 聚氨酯	普赛达		candidate	needs_review	clarify_specs_before_use	purchase_2024_candidate_rows=1515；purchase_2024_source_rows=1516；draft_sku_id=SKU-DRAFT-001506	缺失规格：型号；容量；整理依据：容量/型号缺失，可能影响密封胶SKU区分；导入口径：do_not_import_missing_specs；重分类：化工耗材/密封胶 -> 化工胶粘涂料/密封材料；分类置信度：high；聚氨酯密封胶属于密封材料。	2026-07-03
PIPE-000360	超高压接头	品牌：日东；系列/规格：38S；等级：超高压		液压气动/液压接头	套			日东超高压接头38S	PIPE-000360 超高压接头 液压/超高压管路 套 品牌：日东 系列/规格：38S 等级：超高压 日东超高压接头38S 日东 38S 超高压	日东		candidate	needs_review	clarify_specs_before_use	purchase_2024_candidate_rows=1516；purchase_2024_source_rows=1517；draft_sku_id=SKU-DRAFT-001507	缺失规格：材质；压力等级；接头形式；整理依据：接头形式/压力等级/材质缺失，可能影响接头SKU区分；导入口径：do_not_import_missing_specs；重分类：液压/超高压管路 -> 液压气动/液压接头；分类置信度：high；超高压接头属于液压管路接头。	2026-07-03
PIPE-000361	超高压接头	品牌：日东；系列/规格：42L；等级：超高压		液压气动/液压接头	套			日东超高压接头42L	PIPE-000361 超高压接头 液压/超高压管路 套 品牌：日东 系列/规格：42L 等级：超高压 日东超高压接头42L 日东 42L 超高压	日东		candidate	needs_review	clarify_specs_before_use	purchase_2024_candidate_rows=1517；purchase_2024_source_rows=1518；draft_sku_id=SKU-DRAFT-001508	缺失规格：材质；压力等级；接头形式；整理依据：接头形式/压力等级/材质缺失，可能影响接头SKU区分；导入口径：do_not_import_missing_specs；重分类：液压/超高压管路 -> 液压气动/液压接头；分类置信度：high；超高压接头属于液压管路接头。	2026-07-03
PIPE-000362	超高压液压接头	品牌：派克；系列/规格：24S；等级：超高压		液压气动/液压接头	套			派克超高压液压接头24S	PIPE-000362 超高压液压接头 液压/超高压管路 套 品牌：派克 系列/规格：24S 等级：超高压 派克超高压液压接头24S 派克 24S 超高压	派克		candidate	needs_review	clarify_specs_before_use	purchase_2024_candidate_rows=1518；purchase_2024_source_rows=1519；draft_sku_id=SKU-DRAFT-001509	缺失规格：材质；压力等级；接头形式；整理依据：接头形式/压力等级/材质缺失，可能影响接头SKU区分；导入口径：do_not_import_missing_specs；重分类：液压/超高压管路 -> 液压气动/液压接头；分类置信度：high；名称明确为超高压液压接头。	2026-07-03
PIPE-000363	胶管总成	规格：36*2H；层数：2层；长度：3米		液压气动/高压管路	条			胶管36*2H-2层-3米	PIPE-000363 胶管总成 液压/高压管路 条 规格：36*2H 层数：2层 长度：3米 胶管36*2H-2层-3米 36*2H 2层 3米			candidate	needs_review	clarify_specs_before_use	purchase_2024_candidate_rows=1519；purchase_2024_source_rows=1520；draft_sku_id=SKU-DRAFT-001510	缺失规格：压力等级；接头形式；整理依据：H含义/压力等级/接头形式缺失，可能影响胶管总成SKU区分；导入口径：do_not_import_missing_specs；重分类：液压/高压管路 -> 液压气动/高压管路；分类置信度：high；样例均为带规格长度的高压胶管总成。	2026-07-03
PIPE-000364	胶管总成	规格：36*2H；层数：2层；长度：2米		液压气动/高压管路	条			胶管36*2H-2层-2米	PIPE-000364 胶管总成 液压/高压管路 条 规格：36*2H 层数：2层 长度：2米 胶管36*2H-2层-2米 36*2H 2层 2米			candidate	needs_review	clarify_specs_before_use	purchase_2024_candidate_rows=1520；purchase_2024_source_rows=1521；draft_sku_id=SKU-DRAFT-001511	缺失规格：压力等级；接头形式；整理依据：H含义/压力等级/接头形式缺失，可能影响胶管总成SKU区分；导入口径：do_not_import_missing_specs；重分类：液压/高压管路 -> 液压气动/高压管路；分类置信度：high；样例均为带规格长度的高压胶管总成。	2026-07-03
PIPE-000365	高压内丝接头	规格：36*2H；连接形式：内丝		液压气动/液压接头	只			高压内丝接头36*2H	PIPE-000365 高压内丝接头 液压/高压管路 只 规格：36*2H 连接形式：内丝 高压内丝接头36*2H 36*2H 内丝			candidate	needs_review	clarify_specs_before_use	purchase_2024_candidate_rows=1521；purchase_2024_source_rows=1522；draft_sku_id=SKU-DRAFT-001512	缺失规格：材质；压力等级；整理依据：H含义/材质/压力等级缺失，可能影响接头SKU区分；导入口径：do_not_import_missing_specs；重分类：液压/高压管路 -> 液压气动/液压接头；分类置信度：high；高压内丝接头为液压管路接头。	2026-07-03
FAST-000070	加厚垫片	规格：M18*50*60mm；特征：加厚		紧固件与连接件/垫圈	只			加厚垫片M18*50*60mm	FAST-000070 加厚垫片 紧固件/垫圈 只 规格：M18*50*60mm 特征：加厚 加厚垫片M18*50*60mm M18*50*60mm 加厚			candidate	needs_review	clarify_specs_before_use	purchase_2024_candidate_rows=1524；purchase_2024_source_rows=1525；draft_sku_id=SKU-DRAFT-001513	缺失规格：材质；厚度；整理依据：内径/外径/厚度字段未明确，材质缺失；导入口径：do_not_import_missing_specs；重分类：紧固件/垫圈 -> 紧固件与连接件/垫圈；分类置信度：high；M规格垫片属垫圈类紧固件。	2026-07-03
PIPE-000366	六联管夹加工件	加工：是；联数：六联；规格：35		定制加工件/金属加工件	件			加工六联管夹35	PIPE-000366 六联管夹加工件 定制件/管夹卡箍 件 加工：是 联数：六联 规格：35 加工六联管夹35 是 六联 35			candidate	needs_review	clarify_specs_before_use	purchase_2024_candidate_rows=1525；purchase_2024_source_rows=1526；draft_sku_id=SKU-DRAFT-001514	缺失规格：材质；整理依据：定制件材质/图纸/安装孔距缺失，无法唯一确定SKU；导入口径：do_not_import_missing_specs；重分类：定制件/管夹卡箍 -> 定制加工件/金属加工件；分类置信度：high；样例标注加工六联管夹，归定制金属加工件。	2026-07-03
MAT-000147	加厚风筒	加工：是；直径：600；长度：20米；特征：加厚		定制加工件/通风风筒	条			加工加厚风筒600*20米	MAT-000147 加厚风筒 定制件/通风风筒 条 加工：是 直径：600 长度：20米 特征：加厚 加工加厚风筒600*20米 是 600 20米 加厚			candidate	needs_review	clarify_specs_before_use	purchase_2024_candidate_rows=1526；purchase_2024_source_rows=1527；draft_sku_id=SKU-DRAFT-001515	缺失规格：材质；连接方式；整理依据：定制件材质/连接方式/阻燃等级缺失，无法唯一确定SKU；导入口径：do_not_import_missing_specs；重分类：定制件/通风风筒 -> 定制加工件/通风风筒；分类置信度：medium；按直径长度加工的通风风筒；推荐无对应二级，按通风风筒新建。	2026-07-03
MAT-000148	加厚风筒	加工：是；直径：600；长度：10米；特征：加厚		定制加工件/通风风筒	条			加工加厚风筒600*10米	MAT-000148 加厚风筒 定制件/通风风筒 条 加工：是 直径：600 长度：10米 特征：加厚 加工加厚风筒600*10米 是 600 10米 加厚			candidate	needs_review	clarify_specs_before_use	purchase_2024_candidate_rows=1527；purchase_2024_source_rows=1528；draft_sku_id=SKU-DRAFT-001516	缺失规格：材质；连接方式；整理依据：定制件材质/连接方式/阻燃等级缺失，无法唯一确定SKU；导入口径：do_not_import_missing_specs；重分类：定制件/通风风筒 -> 定制加工件/通风风筒；分类置信度：medium；按直径长度加工的通风风筒；推荐无对应二级，按通风风筒新建。	2026-07-03
CHEM-000097	密封胶	品牌：普赛达		化工胶粘涂料/密封材料	支			普赛达密封胶	CHEM-000097 密封胶 化工耗材/密封胶 支 品牌：普赛达 普赛达密封胶 普赛达	普赛达		candidate	needs_review	clarify_specs_before_use	purchase_2024_candidate_rows=1528；purchase_2024_source_rows=1529；draft_sku_id=SKU-DRAFT-001517	缺失规格：型号；容量；整理依据：类型/容量/型号缺失；是否聚氨酯密封胶需确认；导入口径：do_not_import_missing_specs；重分类：化工耗材/密封胶 -> 化工胶粘涂料/密封材料；分类置信度：high；密封胶属密封材料。	2026-07-03
METAL-000104	螺纹钢	规格：20E；长度：12米		金属材料/钢筋	吨			螺纹钢20E*12米	METAL-000104 螺纹钢 钢材/螺纹钢 吨 规格：20E 长度：12米 螺纹钢20E*12米 20E 12米			candidate	needs_review	clarify_specs_before_use	purchase_2024_candidate_rows=1529；purchase_2024_source_rows=1530；draft_sku_id=SKU-DRAFT-001518	缺失规格：材质；执行标准；整理依据：单位T按吨归一；20E含义/材质牌号/执行标准缺失；导入口径：do_not_import_missing_specs；重分类：钢材/螺纹钢 -> 金属材料/钢筋；分类置信度：high；螺纹钢按钢筋类金属材料归类。	2026-07-03
METAL-000105	工字钢	规格：14#		金属材料/型钢	米			工字钢14#	METAL-000105 工字钢 钢材/型钢 米 规格：14# 工字钢14# 14#			candidate	needs_review	clarify_specs_before_use	purchase_2024_candidate_rows=1530；purchase_2024_source_rows=1531；draft_sku_id=SKU-DRAFT-001519	缺失规格：材质；执行标准；整理依据：材质/执行标准缺失，可能影响型钢SKU区分；导入口径：do_not_import_missing_specs；重分类：钢材/型钢 -> 金属材料/型钢；分类置信度：high；工字钢属型钢。	2026-07-03
MAT-000149	液压油	进口：是；包装：10L		化工胶粘涂料/润滑剂	桶			进口液压油10L	MAT-000149 液压油 油品/液压油 桶 进口：是 包装：10L 进口液压油10L 是 10L			candidate	needs_review	clarify_specs_before_use	purchase_2024_candidate_rows=1531；purchase_2024_source_rows=1532；draft_sku_id=SKU-DRAFT-001520	缺失规格：品牌；型号；整理依据：粘度等级/品牌/型号缺失，无法唯一确定液压油SKU；导入口径：do_not_import_missing_specs；重分类：油品/液压油 -> 化工胶粘涂料/润滑剂；分类置信度：high；液压油按润滑油品归润滑剂。	2026-07-03
SPARE-000122	电机	功率：5.5kW		设备备件/电机传动备件	台			电机5.5KW	SPARE-000122 电机 设备备件/电机 台 功率：5.5kW 电机5.5KW 5.5kW			candidate	needs_review	clarify_specs_before_use	purchase_2024_candidate_rows=1532；purchase_2024_source_rows=1533；draft_sku_id=SKU-DRAFT-001521	缺失规格：型号；图号；适用设备；材质；关键尺寸；整理依据：电压/转速/安装方式/防护等级缺失，无法唯一确定电机SKU；导入口径：do_not_import_missing_specs；重分类：设备备件/电机 -> 设备备件/电机传动备件；分类置信度：high；电机为设备传动备件。	2026-07-03
SPARE-000123	管道泵	功率：5.5kW；口径/规格：50		施工机具设备/泵类设备	台			管道泵5.5KW-50	SPARE-000123 管道泵 设备备件/泵 台 功率：5.5kW 口径/规格：50 管道泵5.5KW-50 5.5kW 50			candidate	needs_review	clarify_specs_before_use	purchase_2024_candidate_rows=1533；purchase_2024_source_rows=1534；draft_sku_id=SKU-DRAFT-001522	缺失规格：型号；流量；扬程；整理依据：流量/扬程/型号缺失，无法唯一确定管道泵SKU；导入口径：do_not_import_missing_specs；重分类：设备备件/泵 -> 施工机具设备/泵类设备；分类置信度：high；管道泵为泵类设备整机。	2026-07-03
PIPE-000367	高压球阀	材质：不锈钢；用途：液压高压；规格：1寸		管材管件阀门/阀门	只			不锈钢液压高压球阀1寸	PIPE-000367 高压球阀 阀门/球阀 只 材质：不锈钢 用途：液压高压 规格：1寸 不锈钢液压高压球阀1寸 不锈钢 液压高压 1寸			candidate	needs_review	clarify_specs_before_use	purchase_2024_candidate_rows=1534；purchase_2024_source_rows=1535；draft_sku_id=SKU-DRAFT-001523	缺失规格：压力等级；整理依据：压力等级/连接形式/材质牌号缺失，可能影响球阀SKU区分；导入口径：do_not_import_missing_specs；重分类：阀门/球阀 -> 管材管件阀门/阀门；分类置信度：high；球阀本质为阀门，液压高压用途不改变阀门物料族。	2026-07-03
PIPE-000368	液压高压外丝接头	规格：1寸；连接形式：外丝；用途：液压高压		液压气动/液压接头	只			液压高压外丝接头1寸	PIPE-000368 液压高压外丝接头 液压/高压管路 只 规格：1寸 连接形式：外丝 用途：液压高压 液压高压外丝接头1寸 1寸 外丝 液压高压			candidate	needs_review	clarify_specs_before_use	purchase_2024_candidate_rows=1535；purchase_2024_source_rows=1536；draft_sku_id=SKU-DRAFT-001524	缺失规格：材质；压力等级；整理依据：材质/压力等级/螺纹制式缺失，可能影响接头SKU区分；导入口径：do_not_import_missing_specs；重分类：液压/高压管路 -> 液压气动/液压接头；分类置信度：high；液压高压外丝接头属于液压接头。	2026-07-03
PIPE-000369	弹簧式安全阀	型号：A28H-64；公称通径：DN32；结构：弹簧式		管材管件阀门/阀门	只			弹簧式安全阀A28H-64-DN32	PIPE-000369 弹簧式安全阀 阀门/安全阀 只 型号：A28H-64 公称通径：DN32 结构：弹簧式 弹簧式安全阀A28H-64-DN32 A28H-64 DN32 弹簧式		A28H-64	candidate	needs_review	clarify_specs_before_use	purchase_2024_candidate_rows=1536；purchase_2024_source_rows=1537；draft_sku_id=SKU-DRAFT-001525	缺失规格：材质；整理依据：整定压力/介质/材质缺失，可能影响安全阀SKU区分；导入口径：do_not_import_missing_specs；重分类：阀门/安全阀 -> 管材管件阀门/阀门；分类置信度：high；安全阀属阀门。	2026-07-03
FAST-000071	通丝螺杆	规格：14*700；类型：通丝		紧固件与连接件/螺杆	只			通丝14*700	FAST-000071 通丝螺杆 建筑施工耗材/紧固件 只 规格：14*700 类型：通丝 通丝14*700 14*700 通丝			candidate	needs_review	clarify_specs_before_use	purchase_2024_candidate_rows=1537；purchase_2024_source_rows=1538；draft_sku_id=SKU-DRAFT-001526	缺失规格：材质；表面处理；整理依据：材质/表面处理/牙距缺失，可能影响通丝螺杆SKU区分；导入口径：do_not_import_missing_specs；重分类：建筑施工耗材/紧固件 -> 紧固件与连接件/螺杆；分类置信度：high；通丝全螺纹杆是标准紧固连接件，旧建筑施工耗材过粗。	2026-07-03
CONST-000021	山型卡	类型：山型卡		紧固件与连接件/卡扣	只			山型卡	CONST-000021 山型卡 建筑施工耗材/模板配件 只 类型：山型卡			candidate	needs_review	clarify_specs_before_use	purchase_2024_candidate_rows=1538；purchase_2024_source_rows=1539；draft_sku_id=SKU-DRAFT-001527	缺失规格：规格；材质；整理依据：规格/材质/适配通丝缺失，无法唯一确定山型卡SKU；导入口径：do_not_import_missing_specs；重分类：建筑施工耗材/模板配件 -> 紧固件与连接件/卡扣；分类置信度：high；山型卡用于模板加固连接，旧建筑施工耗材过宽。	2026-07-03
MAT-000150	木方	长度：4米；截面：40*90		建筑材料/模板木方	根			木方4米*40*90	MAT-000150 木方 建筑材料/木材 根 长度：4米 截面：40*90 木方4米*40*90 4米 40*90			candidate	needs_review	clarify_specs_before_use	purchase_2024_candidate_rows=1539；purchase_2024_source_rows=1540；draft_sku_id=SKU-DRAFT-001528	缺失规格：材质；整理依据：木材材质/等级缺失，可能影响木方SKU区分；导入口径：do_not_import_missing_specs；重分类：建筑材料/木材 -> 建筑材料/模板木方；分类置信度：high；木方用于模板支撑，属于模板木方。	2026-07-03
CONST-000022	建筑模板	颜色：黑；尺寸：1830*915*14		建筑材料/模板木方	张			黑模板1830*915*14	CONST-000022 建筑模板 建筑材料/模板 张 颜色：黑 尺寸：1830*915*14 黑模板1830*915*14 黑 1830*915*14			candidate	needs_review	clarify_specs_before_use	purchase_2024_candidate_rows=1540；purchase_2024_source_rows=1541；draft_sku_id=SKU-DRAFT-001529	缺失规格：材质；整理依据：材质/覆膜/周转次数缺失，可能影响模板SKU区分；导入口径：do_not_import_missing_specs；重分类：建筑材料/模板 -> 建筑材料/模板木方；分类置信度：high；建筑模板属模板木方类，颜色尺寸为规格。	2026-07-03
CONST-000023	建筑模板	颜色：红；尺寸：1830*915*14		建筑材料/模板木方	张			红模板1830*915*14	CONST-000023 建筑模板 建筑材料/模板 张 颜色：红 尺寸：1830*915*14 红模板1830*915*14 红 1830*915*14			candidate	needs_review	clarify_specs_before_use	purchase_2024_candidate_rows=1541；purchase_2024_source_rows=1542；draft_sku_id=SKU-DRAFT-001530	缺失规格：材质；整理依据：材质/覆膜/周转次数缺失，可能影响模板SKU区分；导入口径：do_not_import_missing_specs；重分类：建筑材料/模板 -> 建筑材料/模板木方；分类置信度：high；建筑模板属模板木方类，颜色尺寸为规格。	2026-07-03
MAT-000151	油性聚氨酯	类型：油性；材料：聚氨酯；包装：10kg		建筑材料/防水材料	桶			油性聚氨酯10KG	MAT-000151 油性聚氨酯 化工原料/堵漏材料 桶 类型：油性 材料：聚氨酯 包装：10kg 油性聚氨酯10KG 油性 聚氨酯 10kg			candidate	needs_review	clarify_specs_before_use	purchase_2024_candidate_rows=1542；purchase_2024_source_rows=1543；draft_sku_id=SKU-DRAFT-001531	缺失规格：品牌；整理依据：品牌/用途/SDS缺失，可能影响采购和验收；导入口径：do_not_import_missing_specs；重分类：化工原料/堵漏材料 -> 建筑材料/防水材料；分类置信度：high；油性聚氨酯为堵漏防水材料。	2026-07-03
MAT-000152	丙酮	包装：10kg		化工胶粘涂料/清洗剂	桶			丙酮10KG	MAT-000152 丙酮 化工原料/溶剂 桶 包装：10kg 丙酮10KG 10kg			candidate	needs_review	clarify_specs_before_use	purchase_2024_candidate_rows=1543；purchase_2024_source_rows=1544；draft_sku_id=SKU-DRAFT-001532	缺失规格：规格；型号；材质；品牌；整理依据：纯度/危化品资料/SDS缺失，可能影响采购和验收；导入口径：do_not_import_missing_specs；重分类：化工原料/溶剂 -> 化工胶粘涂料/清洗剂；分类置信度：medium；丙酮为常用溶剂/清洗脱脂材料，旧化工原料需归化工胶粘涂料。	2026-07-03
TOOL-000229	钻头	品牌：博世；柄型：五坑三槽；直径：Φ12；长度：200		工具耗材/钻头	支			博世五坑三槽钻头Φ12*200	TOOL-000229 钻头 工具/钻头 支 品牌：博世 柄型：五坑三槽 直径：Φ12 长度：200 博世五坑三槽钻头Φ12*200 博世 五坑三槽 Φ12 200	博世		candidate	usable	confirm_before_use	purchase_2024_candidate_rows=1544；purchase_2024_source_rows=1545；draft_sku_id=SKU-DRAFT-001533	缺失规格：型号；材质；整理依据：材质/适配电锤型号缺失，按品牌、柄型和尺寸先建候选；导入口径：confirm_then_import；重分类：工具/钻头 -> 工具耗材/钻头；分类置信度：high；样例均为钻头类耗材，规格材质不拆物料族。	2026-07-03
MAT-000153	注浆止水针头	用途：注浆止水；长度：150mm		建筑材料/防水材料	支			注浆止水针头150mm	MAT-000153 注浆止水针头 注浆设备/耗材 支 用途：注浆止水 长度：150mm 注浆止水针头150mm 注浆止水 150mm			candidate	needs_review	clarify_specs_before_use	purchase_2024_candidate_rows=1545；purchase_2024_source_rows=1546；draft_sku_id=SKU-DRAFT-001534	缺失规格：材质；直径；整理依据：直径/接口/材质缺失，无法唯一确定针头SKU；导入口径：do_not_import_missing_specs；重分类：注浆设备/耗材 -> 建筑材料/防水材料；分类置信度：high；高压注浆止水针头是堵漏防水耗材。	2026-07-03
MAT-000154	注浆止水针头	用途：注浆止水；长度：100mm		建筑材料/防水材料	支			注浆止水针头100mm	MAT-000154 注浆止水针头 注浆设备/耗材 支 用途：注浆止水 长度：100mm 注浆止水针头100mm 注浆止水 100mm			candidate	needs_review	clarify_specs_before_use	purchase_2024_candidate_rows=1546；purchase_2024_source_rows=1547；draft_sku_id=SKU-DRAFT-001535	缺失规格：材质；直径；整理依据：直径/接口/材质缺失，无法唯一确定针头SKU；导入口径：do_not_import_missing_specs；重分类：注浆设备/耗材 -> 建筑材料/防水材料；分类置信度：high；高压注浆止水针头是堵漏防水耗材。	2026-07-03
MAT-000155	高压注浆机	类型：高压注浆机		施工机具设备/注浆设备	台			高压注浆机	MAT-000155 高压注浆机 设备/注浆设备 台 类型：高压注浆机			candidate	needs_review	clarify_specs_before_use	purchase_2024_candidate_rows=1547；purchase_2024_source_rows=1548；draft_sku_id=SKU-DRAFT-001536	缺失规格：品牌；型号；功率；整理依据：品牌/型号/压力/功率缺失，无法唯一确定设备SKU；导入口径：do_not_import_missing_specs；重分类：设备/注浆设备 -> 施工机具设备/注浆设备；分类置信度：high；高压注浆机是施工注浆设备整机。	2026-07-03
PIPE-000370	注浆管套装	长度：5米；套装：含配件		管材管件阀门/管材	套			注浆管5米带配件	PIPE-000370 注浆管套装 注浆设备/配件 套 长度：5米 套装：含配件 注浆管5米带配件 5米 含配件			candidate	needs_review	clarify_specs_before_use	purchase_2024_candidate_rows=1548；purchase_2024_source_rows=1549；draft_sku_id=SKU-DRAFT-001537	缺失规格：压力等级；整理依据：管径/压力等级/配件清单缺失，无法唯一确定套装SKU；导入口径：do_not_import_missing_specs；重分类：注浆设备/配件 -> 管材管件阀门/管材；分类置信度：medium；注浆管带配件仍以管材为主。	2026-07-03
PIPE-000371	PVC直接	品牌：公元；材质：PVC；规格：315；类型：直接		管材管件阀门/直接	只			公元PVC315直接	PIPE-000371 PVC直接 管件/PVC管件 只 品牌：公元 材质：PVC 规格：315 类型：直接 公元PVC315直接 公元 PVC 315 直接	公元		candidate	needs_review	clarify_specs_before_use	purchase_2024_candidate_rows=1549；purchase_2024_source_rows=1550；draft_sku_id=SKU-DRAFT-001538	缺失规格：压力等级；连接方式；整理依据：压力等级/连接方式缺失，可能影响PVC管件SKU区分；导入口径：do_not_import_missing_specs；重分类：管件/PVC管件 -> 管材管件阀门/直接；分类置信度：high；PVC直接是标准直连管件。	2026-07-03
PIPE-000372	PVC弯头	品牌：公元；材质：PVC；规格：315；角度：45度		管材管件阀门/弯头	只			公元PVC315/45度弯头	PIPE-000372 PVC弯头 管件/PVC管件 只 品牌：公元 材质：PVC 规格：315 角度：45度 公元PVC315/45度弯头 公元 PVC 315 45度	公元		candidate	needs_review	clarify_specs_before_use	purchase_2024_candidate_rows=1550；purchase_2024_source_rows=1551；draft_sku_id=SKU-DRAFT-001539	缺失规格：压力等级；连接方式；整理依据：压力等级/连接方式缺失，可能影响PVC管件SKU区分；导入口径：do_not_import_missing_specs；重分类：管件/PVC管件 -> 管材管件阀门/弯头；分类置信度：high；样例均为PVC弯头，角度/口径为规格差异。	2026-07-03
PIPE-000373	PVC弯头	品牌：公元；材质：PVC；规格：315；角度：90度		管材管件阀门/弯头	只			公元PVC315/90度弯头	PIPE-000373 PVC弯头 管件/PVC管件 只 品牌：公元 材质：PVC 规格：315 角度：90度 公元PVC315/90度弯头 公元 PVC 315 90度	公元		candidate	needs_review	clarify_specs_before_use	purchase_2024_candidate_rows=1551；purchase_2024_source_rows=1552；draft_sku_id=SKU-DRAFT-001540	缺失规格：压力等级；连接方式；整理依据：压力等级/连接方式缺失，会影响PVC弯头SKU区分；导入口径：do_not_import_missing_specs；重分类：管件/PVC管件 -> 管材管件阀门/弯头；分类置信度：high；样例均为PVC弯头，角度/口径为规格差异。	2026-07-03
CHEM-000098	PVC胶水	品牌：公元；包装：1KG；用途：PVC粘接		化工胶粘涂料/胶粘剂	瓶			公元胶水1KG	CHEM-000098 PVC胶水 胶粘剂/PVC胶水 瓶 品牌：公元 包装：1KG 用途：PVC粘接 公元胶水1KG 公元 1KG PVC粘接	公元		candidate	usable	confirm_before_use	purchase_2024_candidate_rows=1552；purchase_2024_source_rows=1553；draft_sku_id=SKU-DRAFT-001541	缺失规格：型号；整理依据：型号缺失，按品牌/包装建候选；导入口径：confirm_then_import；重分类：胶粘剂/PVC胶水 -> 化工胶粘涂料/胶粘剂；分类置信度：high；PVC胶水用于管材粘接，属于胶粘剂。	2026-07-03
TOOL-000230	钻头	品牌：博世；规格：M14*260		工具耗材/钻头	支			博世钻头m14*260	TOOL-000230 钻头 工具/钻头 支 品牌：博世 规格：M14*260 博世钻头m14*260 博世 M14*260	博世		candidate	needs_review	clarify_specs_before_use	purchase_2024_candidate_rows=1553；purchase_2024_source_rows=1554；draft_sku_id=SKU-DRAFT-001542	缺失规格：材质；整理依据：M14语义及柄型/材质缺失，会影响钻头SKU区分；导入口径：do_not_import_missing_specs；重分类：工具/钻头 -> 工具耗材/钻头；分类置信度：high；样例均为钻头类耗材，规格材质不拆物料族。	2026-07-03
TOOL-000231	冲孔冲头	直径：Φ14；长度：150		工具耗材/刀具	支			冲孔冲Φ14*150	TOOL-000231 冲孔冲头 工具/冲头 支 直径：Φ14 长度：150 冲孔冲Φ14*150 Φ14 150			candidate	usable	confirm_before_use	purchase_2024_candidate_rows=1554；purchase_2024_source_rows=1555；draft_sku_id=SKU-DRAFT-001543	缺失规格：材质；整理依据：材质/适配冲孔机缺失，需后续确认；导入口径：confirm_then_import；重分类：工具/冲头 -> 工具耗材/刀具；分类置信度：medium；冲头为冲孔刀具/模具耗材；推荐二级无刀具，新增二级。	2026-07-03
TOOL-000232	冲孔冲头	直径：Φ16；长度：150		工具耗材/刀具	支			冲孔冲Φ16*150	TOOL-000232 冲孔冲头 工具/冲头 支 直径：Φ16 长度：150 冲孔冲Φ16*150 Φ16 150			candidate	usable	confirm_before_use	purchase_2024_candidate_rows=1555；purchase_2024_source_rows=1556；draft_sku_id=SKU-DRAFT-001544	缺失规格：材质；整理依据：材质/适配冲孔机缺失，需后续确认；导入口径：confirm_then_import；重分类：工具/冲头 -> 工具耗材/刀具；分类置信度：medium；冲头为冲孔刀具/模具耗材；推荐二级无刀具，新增二级。	2026-07-03
SAFE-000094	灭火器	灭火剂重量：2KG		安全消防/消防器材	瓶			灭火器2KG	SAFE-000094 灭火器 安全消防/灭火器 瓶 灭火剂重量：2KG 灭火器2KG 2KG			candidate	needs_review	clarify_specs_before_use	purchase_2024_candidate_rows=1556；purchase_2024_source_rows=1557；draft_sku_id=SKU-DRAFT-001545	缺失规格：类型；材质；规格；安全等级；认证标准；整理依据：灭火剂类型/年检信息缺失，无法区分灭火器SKU；导入口径：do_not_import_missing_specs；重分类：安全消防/灭火器 -> 安全消防/消防器材；分类置信度：high；灭火器属于消防器材。	2026-07-03
PIPE-000374	三通	公称通径：DN50		管材管件阀门/三通	只			DN50三通	PIPE-000374 三通 管件/金属管件 只 公称通径：DN50 DN50三通 DN50			candidate	needs_review	clarify_specs_before_use	purchase_2024_candidate_rows=1557；purchase_2024_source_rows=1558；draft_sku_id=SKU-DRAFT-001546	缺失规格：材质；压力等级；连接方式；整理依据：材质/连接方式/压力等级缺失，会影响三通SKU区分；导入口径：do_not_import_missing_specs；重分类：管件/金属管件 -> 管材管件阀门/三通；分类置信度：high；样例均为管路三通，材质/口径是规格差异。	2026-07-03
PIPE-000375	三通	公称通径：DN65		管材管件阀门/三通	只			DN65三通	PIPE-000375 三通 管件/金属管件 只 公称通径：DN65 DN65三通 DN65			candidate	needs_review	clarify_specs_before_use	purchase_2024_candidate_rows=1558；purchase_2024_source_rows=1559；draft_sku_id=SKU-DRAFT-001547	缺失规格：材质；压力等级；连接方式；整理依据：材质/连接方式/压力等级缺失，会影响三通SKU区分；导入口径：do_not_import_missing_specs；重分类：管件/金属管件 -> 管材管件阀门/三通；分类置信度：high；样例均为管路三通，材质/口径是规格差异。	2026-07-03
ELEC-000151	带灯按钮开关	品牌：施耐德；类型：带灯按钮开关		电气电料/开关按钮	只			施耐德灯带按钮开关	ELEC-000151 带灯按钮开关 电气/按钮开关 只 品牌：施耐德 类型：带灯按钮开关 施耐德灯带按钮开关 施耐德	施耐德		candidate	needs_review	clarify_specs_before_use	purchase_2024_candidate_rows=1559；purchase_2024_source_rows=1560；draft_sku_id=SKU-DRAFT-001548	缺失规格：型号；颜色；电压；整理依据：电压/颜色/触点形式/型号缺失，会影响按钮开关SKU区分；导入口径：do_not_import_missing_specs；重分类：电气/按钮开关 -> 电气电料/开关按钮；分类置信度：high；带灯按钮开关属开关按钮类电料。	2026-07-03
ELEC-000152	电流表	变比：600/5A		工具量具/检测仪器	只			电流表600/5A	ELEC-000152 电流表 仪表/电气仪表 只 变比：600/5A 电流表600/5A 600/5A			candidate	needs_review	clarify_specs_before_use	purchase_2024_candidate_rows=1560；purchase_2024_source_rows=1561；draft_sku_id=SKU-DRAFT-001549	缺失规格：电流；精度；整理依据：表径/精度/安装方式缺失，会影响电流表SKU区分；导入口径：do_not_import_missing_specs；重分类：仪表/电气仪表 -> 工具量具/检测仪器；分类置信度：medium；电流表用于电气测量，标准无仪表一级，归检测仪器。	2026-07-03
PIPE-000376	重型矿井卡箍	品牌：迈克；规格：DN150；类型：重型矿井卡箍		紧固件与连接件/管卡	只			迈克重型矿井卡箍DN150	PIPE-000376 重型矿井卡箍 管夹/卡箍 只 品牌：迈克 规格：DN150 类型：重型矿井卡箍 迈克重型矿井卡箍DN150 迈克 DN150	迈克		candidate	needs_review	clarify_specs_before_use	purchase_2024_candidate_rows=1561；purchase_2024_source_rows=1562；draft_sku_id=SKU-DRAFT-001550	缺失规格：材质；压力等级；整理依据：材质/压力等级/密封圈规格缺失，会影响卡箍SKU区分；导入口径：do_not_import_missing_specs；重分类：管夹/卡箍 -> 紧固件与连接件/管卡；分类置信度：high；卡箍用于管路夹紧固定，归管卡。	2026-07-03
FAST-000072	膨胀螺丝	规格：M12*100		紧固件与连接件/膨胀锚栓	支			膨胀螺丝M12*100	FAST-000072 膨胀螺丝 紧固件/膨胀螺丝 支 规格：M12*100 膨胀螺丝M12*100 M12*100			active	standard	auto_select_allowed	purchase_2024_candidate_rows=1562；purchase_2024_source_rows=1563；draft_sku_id=SKU-DRAFT-001551	导入口径：import_ready；重分类：紧固件/膨胀螺丝 -> 紧固件与连接件/膨胀锚栓；分类置信度：high；样例均为膨胀螺丝，五金备件旧口径过宽。	2026-07-03
PIPE-000377	液压对丝接头	螺纹：M20*1.5；类型：对丝		液压气动/液压接头	只			液压接头m20*1.5对丝	PIPE-000377 液压对丝接头 液压/高压管路 只 螺纹：M20*1.5 类型：对丝 液压接头m20*1.5对丝 M20*1.5 对丝			candidate	needs_review	clarify_specs_before_use	purchase_2024_candidate_rows=1563；purchase_2024_source_rows=1564；draft_sku_id=SKU-DRAFT-001552	缺失规格：材质；压力等级；整理依据：材质/压力等级缺失，会影响液压接头SKU区分；导入口径：do_not_import_missing_specs；重分类：液压/高压管路 -> 液压气动/液压接头；分类置信度：high；液压对丝是液压接头。	2026-07-03
CHEM-000099	自喷漆	颜色：绿色		化工胶粘涂料/涂料	瓶			绿色自喷漆	CHEM-000099 自喷漆 油漆涂料/自喷漆 瓶 颜色：绿色 绿色自喷漆 绿色			candidate	needs_review	clarify_specs_before_use	purchase_2024_candidate_rows=1564；purchase_2024_source_rows=1565；draft_sku_id=SKU-DRAFT-001553	缺失规格：品牌；容量；色号；整理依据：品牌/容量/色号缺失，会影响自喷漆SKU区分；导入口径：do_not_import_missing_specs；重分类：油漆涂料/自喷漆 -> 化工胶粘涂料/涂料；分类置信度：high；自喷漆为涂料类化工材料。	2026-07-03
PIPE-000378	三通	公称通径：DN40		管材管件阀门/三通	只			DN40三通	PIPE-000378 三通 管件/金属管件 只 公称通径：DN40 DN40三通 DN40			candidate	needs_review	clarify_specs_before_use	purchase_2024_candidate_rows=1565；purchase_2024_source_rows=1566；draft_sku_id=SKU-DRAFT-001554	缺失规格：材质；压力等级；连接方式；整理依据：材质/连接方式/压力等级缺失，会影响三通SKU区分；导入口径：do_not_import_missing_specs；重分类：管件/金属管件 -> 管材管件阀门/三通；分类置信度：high；样例均为管路三通，材质/口径是规格差异。	2026-07-03
MAT-000156	空调	品牌：美的；匹数：大1.5匹；功能：冷暖		清洁办公后勤/生活用品	台			美的大1.5匹冷暖空调	MAT-000156 空调 行政后勤/空调设备 台 品牌：美的 匹数：大1.5匹 功能：冷暖 美的大1.5匹冷暖空调 美的 大1.5匹 冷暖	美的		candidate	usable	confirm_before_use	purchase_2024_candidate_rows=1566；purchase_2024_source_rows=1567；draft_sku_id=SKU-DRAFT-001555	缺失规格：型号；整理依据：型号/能效等级缺失，需后续确认；导入口径：confirm_then_import；重分类：行政后勤/空调设备 -> 清洁办公后勤/生活用品；分类置信度：medium；空调为后勤生活电器，归生活用品。	2026-07-03
CHEM-000100	自喷漆	颜色：中黄		化工胶粘涂料/涂料	瓶			中黄自喷漆	CHEM-000100 自喷漆 油漆涂料/自喷漆 瓶 颜色：中黄 中黄自喷漆 中黄			candidate	needs_review	clarify_specs_before_use	purchase_2024_candidate_rows=1567；purchase_2024_source_rows=1568；draft_sku_id=SKU-DRAFT-001556	缺失规格：品牌；容量；色号；整理依据：品牌/容量/色号缺失，会影响自喷漆SKU区分；导入口径：do_not_import_missing_specs；重分类：油漆涂料/自喷漆 -> 化工胶粘涂料/涂料；分类置信度：high；自喷漆为涂料类化工材料。	2026-07-03
CONST-000024	PC板	材质：PC；颜色：透明；尺寸：1m*1.5m；厚度：3mm		建筑材料/装饰材料	块			透明PC板1m*1.5m*3mm	CONST-000024 PC板 塑料板材/PC板 块 材质：PC 颜色：透明 尺寸：1m*1.5m 厚度：3mm 透明PC板1m*1.5m*3mm PC 透明 1m*1.5m 3mm			active	standard	auto_select_allowed	purchase_2024_candidate_rows=1568；purchase_2024_source_rows=1569；draft_sku_id=SKU-DRAFT-001557	导入口径：import_ready；重分类：塑料板材/PC板 -> 建筑材料/装饰材料；分类置信度：medium；透明PC板属施工用塑料板材，可按装饰板材管理；旧塑料板材非标准一级。	2026-07-03
CHEM-000101	封箱胶带	类型：封箱带		包装覆盖周转/胶带	卷			封箱带	CHEM-000101 封箱胶带 包装材料/胶带 卷 类型：封箱带 封箱带			candidate	needs_review	clarify_specs_before_use	purchase_2024_candidate_rows=1569；purchase_2024_source_rows=1570；draft_sku_id=SKU-DRAFT-001558	缺失规格：长度；宽度；颜色；整理依据：宽度/长度/颜色缺失，无法区分封箱胶带SKU；导入口径：do_not_import_missing_specs；重分类：包装材料/胶带 -> 包装覆盖周转/胶带；分类置信度：high；封箱胶带用于包装封箱。	2026-07-03
ADMIN-000047	记号笔	品牌：得力；颜色：黑色		清洁办公后勤/办公用品	支			得力黑色记号笔	ADMIN-000047 记号笔 办公用品/书写工具 支 品牌：得力 颜色：黑色 得力黑色记号笔 得力 黑色	得力		candidate	usable	confirm_before_use	purchase_2024_candidate_rows=1570；purchase_2024_source_rows=1571；draft_sku_id=SKU-DRAFT-001559	缺失规格：型号；整理依据：型号/粗细缺失，按品牌/颜色建候选；导入口径：confirm_then_import；重分类：办公用品/书写工具 -> 清洁办公后勤/办公用品；分类置信度：high；记号笔为办公书写用品，耗材低耗不作分类。	2026-07-03
CHEM-000102	防锈漆	品牌：立邦；颜色：白色；包装：18KG		化工胶粘涂料/涂料	桶			立邦白色防锈漆18KG	CHEM-000102 防锈漆 油漆涂料/防锈漆 桶 品牌：立邦 颜色：白色 包装：18KG 立邦白色防锈漆18KG 立邦 白色 18KG	立邦		candidate	usable	confirm_before_use	purchase_2024_candidate_rows=1571；purchase_2024_source_rows=1572；draft_sku_id=SKU-DRAFT-001560	缺失规格：型号；整理依据：型号/适用底材缺失，需后续确认；导入口径：confirm_then_import；重分类：油漆涂料/防锈漆 -> 化工胶粘涂料/涂料；分类置信度：high；防锈漆为防腐涂料，旧化工耗材口径过泛。	2026-07-03
CHEM-000103	稀释剂	品牌：立邦；包装：12KG		化工胶粘涂料/涂料	桶			立邦稀释剂12KG	CHEM-000103 稀释剂 油漆涂料/稀释剂 桶 品牌：立邦 包装：12KG 立邦稀释剂12KG 立邦 12KG	立邦		candidate	needs_review	clarify_specs_before_use	purchase_2024_candidate_rows=1572；purchase_2024_source_rows=1573；draft_sku_id=SKU-DRAFT-001561	缺失规格：型号；整理依据：适配漆种/型号缺失，会影响稀释剂SKU区分；导入口径：do_not_import_missing_specs；重分类：油漆涂料/稀释剂 -> 化工胶粘涂料/涂料；分类置信度：medium；稀释剂为油漆涂料配套溶剂，归化工涂料类。	2026-07-03
MAT-000157	整理箱	尺寸：800*800*600；配置：带盖		包装覆盖周转/周转容器	只			整理箱带盖800*800*600	MAT-000157 整理箱 行政后勤/收纳用品 只 尺寸：800*800*600 配置：带盖 整理箱带盖800*800*600 800*800*600 带盖			candidate	usable	confirm_before_use	purchase_2024_candidate_rows=1573；purchase_2024_source_rows=1574；draft_sku_id=SKU-DRAFT-001562	缺失规格：材质；容量；整理依据：材质/容量缺失，需后续确认；导入口径：confirm_then_import；重分类：行政后勤/收纳用品 -> 包装覆盖周转/周转容器；分类置信度：high；带盖整理箱本质是周转容器。	2026-07-03
TOOL-000233	钻头	品牌：博世；规格：M12*200		工具耗材/钻头	支			博世钻头m12*200	TOOL-000233 钻头 工具/钻头 支 品牌：博世 规格：M12*200 博世钻头m12*200 博世 M12*200	博世		candidate	needs_review	clarify_specs_before_use	purchase_2024_candidate_rows=1574；purchase_2024_source_rows=1575；draft_sku_id=SKU-DRAFT-001563	缺失规格：材质；整理依据：M12语义及柄型/材质缺失，会影响钻头SKU区分；导入口径：do_not_import_missing_specs；重分类：工具/钻头 -> 工具耗材/钻头；分类置信度：high；样例均为钻头类耗材，规格材质不拆物料族。	2026-07-03
TOOL-000234	钻头	品牌：博世；规格：M14*200		工具耗材/钻头	支			博世钻头m14*200	TOOL-000234 钻头 工具/钻头 支 品牌：博世 规格：M14*200 博世钻头m14*200 博世 M14*200	博世		candidate	needs_review	clarify_specs_before_use	purchase_2024_candidate_rows=1575；purchase_2024_source_rows=1576；draft_sku_id=SKU-DRAFT-001564	缺失规格：材质；整理依据：M14语义及柄型/材质缺失，会影响钻头SKU区分；导入口径：do_not_import_missing_specs；重分类：工具/钻头 -> 工具耗材/钻头；分类置信度：high；样例均为钻头类耗材，规格材质不拆物料族。	2026-07-03
METAL-000106	角钢	规格：40*40		金属材料/型钢	根			角铁40*40	METAL-000106 角钢 钢材/型钢 根 规格：40*40 角铁40*40 40*40			candidate	needs_review	clarify_specs_before_use	purchase_2024_candidate_rows=1576；purchase_2024_source_rows=1577；draft_sku_id=SKU-DRAFT-001565	缺失规格：材质；长度；厚度；整理依据：厚度/长度/材质缺失，无法区分角钢SKU；导入口径：do_not_import_missing_specs；重分类：钢材/型钢 -> 金属材料/型钢；分类置信度：high；角钢/角铁属于型钢。	2026-07-03
PIPE-000379	胶管总成	螺纹/规格：36*2；层数：2层；长度：2.5米		液压气动/高压管路	根			胶管36*2-2层-2.5米	PIPE-000379 胶管总成 液压/高压管路 根 螺纹/规格：36*2 层数：2层 长度：2.5米 胶管36*2-2层-2.5米 36*2 2层 2.5米			candidate	needs_review	clarify_specs_before_use	purchase_2024_candidate_rows=1577；purchase_2024_source_rows=1578；draft_sku_id=SKU-DRAFT-001566	缺失规格：压力等级；接头形式；整理依据：长度不同需分SKU；压力等级/接头形式缺失；导入口径：do_not_import_missing_specs；重分类：液压/高压管路 -> 液压气动/高压管路；分类置信度：high；样例均为带规格长度的高压胶管总成。	2026-07-03
PIPE-000380	胶管总成	螺纹/规格：36*2；层数：2层；长度：10米		液压气动/高压管路	根			胶管36*2-2层-10米	PIPE-000380 胶管总成 液压/高压管路 根 螺纹/规格：36*2 层数：2层 长度：10米 胶管36*2-2层-10米 36*2 2层 10米			candidate	needs_review	clarify_specs_before_use	purchase_2024_candidate_rows=1578；purchase_2024_source_rows=1579；draft_sku_id=SKU-DRAFT-001567	缺失规格：压力等级；接头形式；整理依据：长度不同需分SKU；压力等级/接头形式缺失；导入口径：do_not_import_missing_specs；重分类：液压/高压管路 -> 液压气动/高压管路；分类置信度：high；样例均为带规格长度的高压胶管总成。	2026-07-03
PIPE-000381	胶管总成	螺纹/规格：36*2；层数：2层；长度：11米		液压气动/高压管路	根			胶管36*2-2层-11米	PIPE-000381 胶管总成 液压/高压管路 根 螺纹/规格：36*2 层数：2层 长度：11米 胶管36*2-2层-11米 36*2 2层 11米			candidate	needs_review	clarify_specs_before_use	purchase_2024_candidate_rows=1579；purchase_2024_source_rows=1580；draft_sku_id=SKU-DRAFT-001568	缺失规格：压力等级；接头形式；整理依据：长度不同需分SKU；压力等级/接头形式缺失；导入口径：do_not_import_missing_specs；重分类：液压/高压管路 -> 液压气动/高压管路；分类置信度：high；样例均为带规格长度的高压胶管总成。	2026-07-03
PIPE-000382	胶管总成	螺纹/规格：36*2；层数：2层；长度：15米		液压气动/高压管路	根			胶管36*2-2层-15米	PIPE-000382 胶管总成 液压/高压管路 根 螺纹/规格：36*2 层数：2层 长度：15米 胶管36*2-2层-15米 36*2 2层 15米			candidate	needs_review	clarify_specs_before_use	purchase_2024_candidate_rows=1580；purchase_2024_source_rows=1581；draft_sku_id=SKU-DRAFT-001569	缺失规格：压力等级；接头形式；整理依据：长度不同需分SKU；压力等级/接头形式缺失；导入口径：do_not_import_missing_specs；重分类：液压/高压管路 -> 液压气动/高压管路；分类置信度：high；样例均为带规格长度的高压胶管总成。	2026-07-03
PIPE-000383	重型管夹	规格：36；类型：重型管夹		紧固件与连接件/管卡	只			重型管夹36	PIPE-000383 重型管夹 管夹/管路固定件 只 规格：36 类型：重型管夹 重型管夹36 36			candidate	needs_review	clarify_specs_before_use	purchase_2024_candidate_rows=1581；purchase_2024_source_rows=1582；draft_sku_id=SKU-DRAFT-001570	缺失规格：材质；整理依据：材质/安装孔距缺失，会影响管夹SKU区分；导入口径：do_not_import_missing_specs；重分类：管夹/管路固定件 -> 紧固件与连接件/管卡；分类置信度：high；管夹用于固定管路，归管卡。	2026-07-03
PIPE-000384	重型六联管夹	联数：6联；类型：重型		紧固件与连接件/管卡	组			重型6联管夹	PIPE-000384 重型六联管夹 管夹/管路固定件 组 联数：6联 类型：重型 重型6联管夹 6联 重型			candidate	needs_review	clarify_specs_before_use	purchase_2024_candidate_rows=1582；purchase_2024_source_rows=1583；draft_sku_id=SKU-DRAFT-001571	缺失规格：规格；材质；整理依据：规格/材质/安装孔距缺失，无法区分管夹SKU；导入口径：do_not_import_missing_specs；重分类：管夹/管路固定件 -> 紧固件与连接件/管卡；分类置信度：high；六联管夹用于管路固定，归管卡类连接件。	2026-07-03
PIPE-000385	直角接头加工件	加工：是；规格：36*3/36*2；类型：直角接头		定制加工件/管路接头	只			加工直角接头36*3/36*2	PIPE-000385 直角接头加工件 定制件/管路接头 只 加工：是 规格：36*3/36*2 类型：直角接头 加工直角接头36*3/36*2 是 36*3/36*2 直角接头			candidate	needs_review	clarify_specs_before_use	purchase_2024_candidate_rows=1583；purchase_2024_source_rows=1584；draft_sku_id=SKU-DRAFT-001572	缺失规格：材质；压力等级；整理依据：图纸/材质/压力等级缺失，定制件需复核；导入口径：do_not_import_missing_specs；重分类：定制件/管路接头 -> 定制加工件/管路接头；分类置信度：high；名称和样例均为加工直角接头。	2026-07-03
PIPE-000386	变径对丝接头	规格：25*2/36*2；类型：变径对丝		液压气动/液压接头	只			变径对丝25*2/36*2	PIPE-000386 变径对丝接头 液压/高压管路 只 规格：25*2/36*2 类型：变径对丝 变径对丝25*2/36*2 25*2/36*2 变径对丝			candidate	needs_review	clarify_specs_before_use	purchase_2024_candidate_rows=1584；purchase_2024_source_rows=1585；draft_sku_id=SKU-DRAFT-001573	缺失规格：材质；压力等级；整理依据：材质/压力等级/螺纹标准缺失，会影响液压接头SKU区分；导入口径：do_not_import_missing_specs；重分类：液压/高压管路 -> 液压气动/液压接头；分类置信度：high；变径对丝用于高压液压管路连接。	2026-07-03
PIPE-000387	胶管总成	螺纹：M20*1.5；层数：2层；长度：1米		液压气动/高压管路	根			胶管M20*1.5-2层-1米	PIPE-000387 胶管总成 液压/高压管路 根 螺纹：M20*1.5 层数：2层 长度：1米 胶管M20*1.5-2层-1米 M20*1.5 2层 1米			candidate	needs_review	clarify_specs_before_use	purchase_2024_candidate_rows=1585；purchase_2024_source_rows=1586；draft_sku_id=SKU-DRAFT-001574	缺失规格：压力等级；接头形式；整理依据：长度不同需分SKU；压力等级/接头形式缺失；导入口径：do_not_import_missing_specs；重分类：液压/高压管路 -> 液压气动/高压管路；分类置信度：high；样例均为带规格长度的高压胶管总成。	2026-07-03
PIPE-000388	胶管总成	螺纹：M20*1.5；层数：2层；长度：0.5米		液压气动/高压管路	根			胶管M20*1.5-2层-0.5米	PIPE-000388 胶管总成 液压/高压管路 根 螺纹：M20*1.5 层数：2层 长度：0.5米 胶管M20*1.5-2层-0.5米 M20*1.5 2层 0.5米			candidate	needs_review	clarify_specs_before_use	purchase_2024_candidate_rows=1586；purchase_2024_source_rows=1587；draft_sku_id=SKU-DRAFT-001575	缺失规格：压力等级；接头形式；整理依据：长度不同需分SKU；压力等级/接头形式缺失；导入口径：do_not_import_missing_specs；重分类：液压/高压管路 -> 液压气动/高压管路；分类置信度：high；样例均为带规格长度的高压胶管总成。	2026-07-03
PIPE-000389	三通接头	螺纹：20*1.5；类型：三通		液压气动/液压接头	只			20*1.5三通	PIPE-000389 三通接头 液压/高压管路 只 螺纹：20*1.5 类型：三通 20*1.5三通 20*1.5 三通			candidate	needs_review	clarify_specs_before_use	purchase_2024_candidate_rows=1587；purchase_2024_source_rows=1588；draft_sku_id=SKU-DRAFT-001576	缺失规格：材质；压力等级；整理依据：材质/压力等级缺失，会影响液压接头SKU区分；导入口径：do_not_import_missing_specs；重分类：液压/高压管路 -> 液压气动/液压接头；分类置信度：high；样例为高压螺纹三通接头，属液压接头。	2026-07-03
PIPE-000390	对丝接头	螺纹：20*1.5；类型：对丝		液压气动/液压接头	只			20*1.5对丝	PIPE-000390 对丝接头 液压/高压管路 只 螺纹：20*1.5 类型：对丝 20*1.5对丝 20*1.5 对丝			candidate	needs_review	clarify_specs_before_use	purchase_2024_candidate_rows=1588；purchase_2024_source_rows=1589；draft_sku_id=SKU-DRAFT-001577	缺失规格：规格；材质；压力等级；整理依据：材质/压力等级缺失；与同规格对丝是否合并需确认；导入口径：do_not_import_missing_specs；重分类：液压/高压管路 -> 液压气动/液压接头；分类置信度：high；对丝接头用于高压液压管路连接。	2026-07-03
ELEC-000153	配电箱壳体	材质：不锈钢；安装环境：室外；尺寸：500*600*300		电气电料/电气辅材	只			不锈钢室外箱500*600*300	ELEC-000153 配电箱壳体 电气/配电箱壳体 只 材质：不锈钢 安装环境：室外 尺寸：500*600*300 不锈钢室外箱500*600*300 不锈钢 室外 500*600*300			candidate	needs_review	clarify_specs_before_use	purchase_2024_candidate_rows=1589；purchase_2024_source_rows=1590；draft_sku_id=SKU-DRAFT-001578	缺失规格：品牌；型号；电压；电流；安装方式；整理依据：防护等级/板厚缺失，会影响室外箱SKU区分；导入口径：do_not_import_missing_specs；重分类：电气/配电箱壳体 -> 电气电料/电气辅材；分类置信度：high；配电箱壳体是电气箱柜辅材。	2026-07-03
SPARE-000124	滤芯	进口：是；尺寸：Φ160*505		设备备件/通用机械备件	只			进口滤芯Φ160*505	SPARE-000124 滤芯 设备备件/过滤器滤芯 只 进口：是 尺寸：Φ160*505 进口滤芯Φ160*505 是 Φ160*505			candidate	needs_review	clarify_specs_before_use	purchase_2024_candidate_rows=1590；purchase_2024_source_rows=1591；draft_sku_id=SKU-DRAFT-001579	缺失规格：型号；材质；精度；整理依据：过滤精度/材质/适配型号缺失，无法区分滤芯SKU；导入口径：do_not_import_missing_specs；重分类：设备备件/过滤器滤芯 -> 设备备件/通用机械备件；分类置信度：high；滤芯是设备过滤器更换备件。	2026-07-03
SPARE-000125	搅拌机叶轮	材质：不锈钢；适配型号：QJB-960S		设备备件/搅拌机备件	只			不锈钢搅拌机叶轮QJB-960S	SPARE-000125 搅拌机叶轮 设备备件/搅拌机配件 只 材质：不锈钢 适配型号：QJB-960S 不锈钢搅拌机叶轮QJB-960S 不锈钢 QJB-960S			candidate	needs_review	clarify_specs_before_use	purchase_2024_candidate_rows=1591；purchase_2024_source_rows=1592；draft_sku_id=SKU-DRAFT-001580	缺失规格：直径；整理依据：叶轮直径/厂家缺失，会影响搅拌机叶轮SKU区分；导入口径：do_not_import_missing_specs；重分类：设备备件/搅拌机配件 -> 设备备件/搅拌机备件；分类置信度：high；适配搅拌机的叶轮属于搅拌机备件。	2026-07-03
CHEM-000104	AB胶	品牌：三和；类型：AB胶		化工胶粘涂料/胶粘剂	支			三和AB胶	CHEM-000104 AB胶 胶粘剂/结构胶 支 品牌：三和 类型：AB胶 三和AB胶 三和	三和		candidate	needs_review	clarify_specs_before_use	purchase_2024_candidate_rows=1592；purchase_2024_source_rows=1593；draft_sku_id=SKU-DRAFT-001581	缺失规格：型号；容量；颜色；整理依据：容量/型号/颜色缺失，会影响AB胶SKU区分；导入口径：do_not_import_missing_specs；重分类：胶粘剂/结构胶 -> 化工胶粘涂料/胶粘剂；分类置信度：high；AB胶属于结构胶粘剂；旧“化工耗材”不作为标准分类。	2026-07-03
ELEC-000154	五孔插座	品牌：德力西；类型：五孔插座		电气电料/插头插座	只			德力西五孔插座	ELEC-000154 五孔插座 电气/插座 只 品牌：德力西 类型：五孔插座 德力西五孔插座 德力西	德力西		candidate	needs_review	clarify_specs_before_use	purchase_2024_candidate_rows=1593；purchase_2024_source_rows=1594；draft_sku_id=SKU-DRAFT-001582	缺失规格：电流；整理依据：额定电流/安装方式缺失，会影响插座SKU区分；导入口径：do_not_import_missing_specs；重分类：电气/插座 -> 电气电料/插头插座；分类置信度：high；五孔插座属于插头插座类电气材料。	2026-07-03
FAST-000073	自攻螺丝	规格：M4*10		紧固件与连接件/螺丝	盒			M4*10自攻丝	FAST-000073 自攻螺丝 紧固件/自攻螺丝 盒 规格：M4*10 M4*10自攻丝 M4*10			candidate	needs_review	clarify_specs_before_use	purchase_2024_candidate_rows=1594；purchase_2024_source_rows=1595；draft_sku_id=SKU-DRAFT-001583	缺失规格：材质；头型；整理依据：每盒数量/材质/头型缺失，会影响自攻螺丝SKU区分；导入口径：do_not_import_missing_specs；重分类：紧固件/自攻螺丝 -> 紧固件与连接件/螺丝；分类置信度：high；自攻螺丝属于螺丝类紧固件。	2026-07-03
FAST-000074	螺丝套件	规格：M8*20；类型：螺丝		紧固件与连接件/螺丝	套			M8*20螺丝	FAST-000074 螺丝套件 紧固件/螺丝套件 套 规格：M8*20 类型：螺丝 M8*20螺丝 M8*20 螺丝			candidate	needs_review	clarify_specs_before_use	purchase_2024_candidate_rows=1595；purchase_2024_source_rows=1596；draft_sku_id=SKU-DRAFT-001584	缺失规格：材质；强度等级；整理依据：套包含内容/材质/强度等级缺失，无法区分套件SKU；导入口径：do_not_import_missing_specs；重分类：紧固件/螺丝套件 -> 紧固件与连接件/螺丝；分类置信度：high；螺丝带平垫弹垫仍属螺丝紧固件。	2026-07-03
ELEC-000155	五孔插座	品牌：德力西；安装：导轨式；类型：五孔插座		电气电料/插头插座	只			德力西带导轨五孔插座	ELEC-000155 五孔插座 电气/插座 只 品牌：德力西 安装：导轨式 类型：五孔插座 德力西带导轨五孔插座 德力西 导轨式	德力西		candidate	needs_review	clarify_specs_before_use	purchase_2024_candidate_rows=1596；purchase_2024_source_rows=1597；draft_sku_id=SKU-DRAFT-001585	缺失规格：型号；电流；整理依据：额定电流/型号缺失，会影响导轨式插座SKU区分；导入口径：do_not_import_missing_specs；重分类：电气/插座 -> 电气电料/插头插座；分类置信度：high；五孔插座属于插头插座类电气材料。	2026-07-03
MAT-000158	水桶	材质：304；配置：支架；容量：1T		包装覆盖周转/周转容器	只			304支架水桶1T	MAT-000158 水桶 容器/水桶水箱 只 材质：304 配置：支架 容量：1T 304支架水桶1T 304 支架 1T			candidate	needs_review	clarify_specs_before_use	purchase_2024_candidate_rows=1597；purchase_2024_source_rows=1598；draft_sku_id=SKU-DRAFT-001586	缺失规格：尺寸；厚度；整理依据：尺寸/厚度/接口缺失，会影响水桶SKU区分；导入口径：do_not_import_missing_specs；重分类：容器/水桶水箱 -> 包装覆盖周转/周转容器；分类置信度：medium；小水桶与1T不锈钢支架水桶差异大，应拆分容器规格用途。；分类拆分待复核：按容量/材质/用途拆分；小水桶与1T不锈钢支架水桶差异大，应拆分容器规格用途。	2026-07-03
MAT-000159	井盖	用途：污水；规格：580		管材管件阀门/井盖	个			污水井盖580	MAT-000159 井盖 建筑材料/井盖 个 用途：污水 规格：580 污水井盖580 污水 580			candidate	needs_review	clarify_specs_before_use	purchase_2024_candidate_rows=1598；purchase_2024_source_rows=1599；draft_sku_id=SKU-DRAFT-001587	缺失规格：材质；整理依据：材质/承重等级/外径内径缺失，无法区分井盖SKU；导入口径：do_not_import_missing_specs；重分类：建筑材料/井盖 -> 管材管件阀门/井盖；分类置信度：high；井盖是管网/井类配套件；旧建筑材料需归管材管件阀门。	2026-07-03
MAT-000160	监控摄像头	通信：4G；供电：太阳能；清晰度：4K；存储：30天循环		弱电安防/监控设备	套			4G太阳能探头4K30天循环	MAT-000160 监控摄像头 弱电安防/监控设备 套 通信：4G 供电：太阳能 清晰度：4K 存储：30天循环 4G太阳能探头4K30天循环 4G 太阳能 4K 30天循环			candidate	needs_review	clarify_specs_before_use	purchase_2024_candidate_rows=1599；purchase_2024_source_rows=1600；draft_sku_id=SKU-DRAFT-001588	缺失规格：容量；流量；整理依据：品牌/存储容量/是否含流量卡缺失，会影响监控设备SKU区分；导入口径：do_not_import_missing_specs	2026-07-03
CHEM-000105	自喷漆	品牌：三和；颜色：灰色		化工胶粘涂料/涂料	瓶			三和灰色自喷漆	CHEM-000105 自喷漆 油漆涂料/自喷漆 瓶 品牌：三和 颜色：灰色 三和灰色自喷漆 三和 灰色	三和		candidate	needs_review	clarify_specs_before_use	purchase_2024_candidate_rows=1600；purchase_2024_source_rows=1601；draft_sku_id=SKU-DRAFT-001589	缺失规格：容量；色号；整理依据：容量/色号缺失，会影响自喷漆SKU区分；导入口径：do_not_import_missing_specs；重分类：油漆涂料/自喷漆 -> 化工胶粘涂料/涂料；分类置信度：high；自喷漆为涂料类化工材料。	2026-07-03
MAT-000161	桶装水抽水器套装	品牌：子路；包含：抽水器+充电器		清洁办公后勤/生活用品	套			子路桶装水抽水器+充电器	MAT-000161 桶装水抽水器套装 行政后勤/饮水设备 套 品牌：子路 包含：抽水器+充电器 子路桶装水抽水器+充电器 子路 抽水器+充电器	子路		candidate	needs_review	clarify_specs_before_use	purchase_2024_candidate_rows=1601；purchase_2024_source_rows=1602；draft_sku_id=SKU-DRAFT-001590	缺失规格：型号；容量；整理依据：型号/电池容量缺失，会影响抽水器套装SKU区分；导入口径：do_not_import_missing_specs；重分类：行政后勤/饮水设备 -> 清洁办公后勤/生活用品；分类置信度：high；桶装水抽水器属饮水生活用品套装。	2026-07-03
MAT-000162	工业防潮剂	用途：工业；包装：1KG		化工胶粘涂料/防潮材料	包			工业防潮剂1KG	MAT-000162 工业防潮剂 化工耗材/防潮剂 包 用途：工业 包装：1KG 工业防潮剂1KG 工业 1KG			candidate	needs_review	clarify_specs_before_use	purchase_2024_candidate_rows=1602；purchase_2024_source_rows=1603；draft_sku_id=SKU-DRAFT-001591	缺失规格：规格；型号；材质；品牌；整理依据：成分/适用范围缺失，可能影响防潮剂SKU区分；导入口径：do_not_import_missing_specs；重分类：化工耗材/防潮剂 -> 化工胶粘涂料/防潮材料；分类置信度：medium；防潮剂为化工防潮材料；推荐无对应二级，按防潮材料新建。	2026-07-03
MAT-000163	太阳能4G监控套装	供电：太阳能；通信：4G；套装：三件套		弱电安防/监控设备	套			太阳能4G监控三件套	MAT-000163 太阳能4G监控套装 弱电安防/监控设备 套 供电：太阳能 通信：4G 套装：三件套 太阳能4G监控三件套 太阳能 4G 三件套			candidate	needs_review	clarify_specs_before_use	purchase_2024_candidate_rows=1603；purchase_2024_source_rows=1604；draft_sku_id=SKU-DRAFT-001592	缺失规格：品牌；整理依据：三件套明细/品牌/存储缺失，无法唯一确定监控套装SKU；导入口径：do_not_import_missing_specs	2026-07-03
CONST-000025	变频器操作面板	适配设备：变频器；部件：操作面板		电气电料/低压电器	只			变频器操作面板	CONST-000025 变频器操作面板 自动化/变频器配件 只 适配设备：变频器 部件：操作面板 变频器 操作面板			candidate	needs_review	clarify_specs_before_use	purchase_2024_candidate_rows=1604；purchase_2024_source_rows=1605；draft_sku_id=SKU-DRAFT-001593	缺失规格：品牌；型号；整理依据：适配品牌/型号缺失，无法唯一确定操作面板SKU；导入口径：do_not_import_missing_specs；重分类：自动化/变频器配件 -> 电气电料/低压电器；分类置信度：medium；变频器面板是电气控制配件，旧自动化分类不在标准表。	2026-07-03
PIPE-000391	胶管总成	规格：36*2H；层数：2层；长度：2.5米		液压气动/高压管路	根			胶管36*2H-2层-2.5米	PIPE-000391 胶管总成 液压/高压管路 根 规格：36*2H 层数：2层 长度：2.5米 胶管36*2H-2层-2.5米 36*2H 2层 2.5米			candidate	needs_review	clarify_specs_before_use	purchase_2024_candidate_rows=1605；purchase_2024_source_rows=1606；draft_sku_id=SKU-DRAFT-001594	缺失规格：压力等级；接头形式；整理依据：长度不同需分SKU；H含义/压力等级/接头形式缺失；导入口径：do_not_import_missing_specs；重分类：液压/高压管路 -> 液压气动/高压管路；分类置信度：high；样例均为带规格长度的高压胶管总成。	2026-07-03
PIPE-000392	胶管总成	规格：36*2H；层数：2层；长度：1米		液压气动/高压管路	根			胶管36*2H-2层-1米	PIPE-000392 胶管总成 液压/高压管路 根 规格：36*2H 层数：2层 长度：1米 胶管36*2H-2层-1米 36*2H 2层 1米			candidate	needs_review	clarify_specs_before_use	purchase_2024_candidate_rows=1606；purchase_2024_source_rows=1607；draft_sku_id=SKU-DRAFT-001595	缺失规格：压力等级；接头形式；整理依据：长度不同需分SKU；H含义/压力等级/接头形式缺失；导入口径：do_not_import_missing_specs；重分类：液压/高压管路 -> 液压气动/高压管路；分类置信度：high；样例均为带规格长度的高压胶管总成。	2026-07-03
PIPE-000393	胶管总成	规格：36*2H；层数：2层；长度：3.4米		液压气动/高压管路	根			胶管36*2H-2层-3.4米	PIPE-000393 胶管总成 液压/高压管路 根 规格：36*2H 层数：2层 长度：3.4米 胶管36*2H-2层-3.4米 36*2H 2层 3.4米			candidate	needs_review	clarify_specs_before_use	purchase_2024_candidate_rows=1607；purchase_2024_source_rows=1608；draft_sku_id=SKU-DRAFT-001596	缺失规格：压力等级；接头形式；整理依据：长度不同需分SKU；H含义/压力等级/接头形式缺失；导入口径：do_not_import_missing_specs；重分类：液压/高压管路 -> 液压气动/高压管路；分类置信度：high；样例均为带规格长度的高压胶管总成。	2026-07-03
PIPE-000394	胶管总成	规格：36*2H；层数：2层；长度：12米		液压气动/高压管路	根			胶管36*2H-2层-12米	PIPE-000394 胶管总成 液压/高压管路 根 规格：36*2H 层数：2层 长度：12米 胶管36*2H-2层-12米 36*2H 2层 12米			candidate	needs_review	clarify_specs_before_use	purchase_2024_candidate_rows=1608；purchase_2024_source_rows=1609；draft_sku_id=SKU-DRAFT-001597	缺失规格：压力等级；接头形式；整理依据：长度不同需分SKU；H含义/压力等级/接头形式缺失；导入口径：do_not_import_missing_specs；重分类：液压/高压管路 -> 液压气动/高压管路；分类置信度：high；样例均为带规格长度的高压胶管总成。	2026-07-03
PIPE-000395	胶管总成	规格：36*2H；层数：2层；长度：10米		液压气动/高压管路	根			胶管36*2H-2层-10米	PIPE-000395 胶管总成 液压/高压管路 根 规格：36*2H 层数：2层 长度：10米 胶管36*2H-2层-10米 36*2H 2层 10米			candidate	needs_review	clarify_specs_before_use	purchase_2024_candidate_rows=1609；purchase_2024_source_rows=1610；draft_sku_id=SKU-DRAFT-001598	缺失规格：压力等级；接头形式；整理依据：长度不同需分SKU；H含义/压力等级/接头形式缺失；导入口径：do_not_import_missing_specs；重分类：液压/高压管路 -> 液压气动/高压管路；分类置信度：high；样例均为带规格长度的高压胶管总成。	2026-07-03
PIPE-000396	胶管总成	规格：36*2H；层数：2层；长度：11米		液压气动/高压管路	根			胶管36*2H-2层-11米	PIPE-000396 胶管总成 液压/高压管路 根 规格：36*2H 层数：2层 长度：11米 胶管36*2H-2层-11米 36*2H 2层 11米			candidate	needs_review	clarify_specs_before_use	purchase_2024_candidate_rows=1610；purchase_2024_source_rows=1611；draft_sku_id=SKU-DRAFT-001599	缺失规格：压力等级；接头形式；整理依据：长度不同需分SKU；H含义/压力等级/接头形式缺失；导入口径：do_not_import_missing_specs；重分类：液压/高压管路 -> 液压气动/高压管路；分类置信度：high；样例均为带规格长度的高压胶管总成。	2026-07-03
PIPE-000397	胶管总成	规格：36*2H；层数：2层；长度：14米		液压气动/高压管路	根			胶管36*2H-2层-14米	PIPE-000397 胶管总成 液压/高压管路 根 规格：36*2H 层数：2层 长度：14米 胶管36*2H-2层-14米 36*2H 2层 14米			candidate	needs_review	clarify_specs_before_use	purchase_2024_candidate_rows=1611；purchase_2024_source_rows=1612；draft_sku_id=SKU-DRAFT-001600	缺失规格：压力等级；接头形式；整理依据：长度不同需分SKU；H含义/压力等级/接头形式缺失；导入口径：do_not_import_missing_specs；重分类：液压/高压管路 -> 液压气动/高压管路；分类置信度：high；样例均为带规格长度的高压胶管总成。	2026-07-03
CHEM-000106	螺纹锁固胶	品牌：乐泰；型号：243		化工胶粘涂料/胶粘剂	只			乐泰243胶水	CHEM-000106 螺纹锁固胶 胶粘剂/螺纹锁固胶 只 品牌：乐泰 型号：243 乐泰243胶水 乐泰 243	乐泰	243	candidate	usable	confirm_before_use	purchase_2024_candidate_rows=1612；purchase_2024_source_rows=1613；draft_sku_id=SKU-DRAFT-001601	缺失规格：容量；整理依据：容量/包装单位需确认，按品牌和型号先建候选；导入口径：confirm_then_import；重分类：胶粘剂/螺纹锁固胶 -> 化工胶粘涂料/胶粘剂；分类置信度：high；螺纹锁固胶属于胶粘剂。	2026-07-03
MAT-000164	百兆交换机	品牌：海康威视；端口：5口；速率：百兆		弱电安防/网络材料	台			海康威视5口百兆交换机	MAT-000164 百兆交换机 弱电安防/网络设备 台 品牌：海康威视 端口：5口 速率：百兆 海康威视5口百兆交换机 海康威视 5口 百兆	海康威视		candidate	needs_review	clarify_specs_before_use	purchase_2024_candidate_rows=1613；purchase_2024_source_rows=1614；draft_sku_id=SKU-DRAFT-001602	缺失规格：型号；整理依据：是否PoE/型号缺失，会影响交换机SKU区分；导入口径：do_not_import_missing_specs；重分类：弱电安防/网络设备 -> 弱电安防/网络材料；分类置信度：high；交换机属于弱电网络设备，按网络材料归入。	2026-07-03
ELEC-000156	刀开关手柄	型号：HD13；额定电流：1000A；部件：手柄		电气电料/低压电器	套			HD13刀开关手柄1000A	ELEC-000156 刀开关手柄 电气/开关配件 套 型号：HD13 额定电流：1000A 部件：手柄 HD13刀开关手柄1000A HD13 1000A 手柄		HD13	candidate	needs_review	clarify_specs_before_use	purchase_2024_candidate_rows=1614；purchase_2024_source_rows=1615；draft_sku_id=SKU-DRAFT-001603	缺失规格：规格；整理依据：适配刀开关规格/厂家缺失，可能影响配件匹配；导入口径：do_not_import_missing_specs；重分类：电气/开关配件 -> 电气电料/低压电器；分类置信度：medium；刀开关手柄是低压开关配件，按低压电器承接。	2026-07-03
MAT-000165	带盖方桶	材质：牛筋；容量：6L；配置：带盖	地点备注:蕰川路	包装覆盖周转/周转容器	只			牛筋带盖方桶6L(蕰川路)；牛筋带盖方桶6L	MAT-000165 带盖方桶 容器/塑料桶 只 材质：牛筋 容量：6L 配置：带盖 地点备注:蕰川路 牛筋带盖方桶6L(蕰川路) 牛筋带盖方桶6L 牛筋 6L 带盖 蕰川路			candidate	usable	confirm_before_use	purchase_2024_candidate_rows=1615;1893；purchase_2024_source_rows=1616;1894；draft_sku_id=SKU-DRAFT-001604	缺失规格：尺寸；颜色；整理依据：地点备注不进标准名；尺寸/颜色缺失需确认；尺寸/颜色缺失，按材质/容量/配置先建候选；与既有同类可合并需复核；导入口径：confirm_then_import；重分类：容器/塑料桶 -> 包装覆盖周转/周转容器；分类置信度：high；塑料方桶为周转容器，容量为规格。	2026-07-03
MAT-000166	加厚油布	尺寸：12米*12米；特征：加厚		包装覆盖周转/覆盖材料	㎡			加厚油布12米*12米	MAT-000166 加厚油布 覆盖材料/油布 ㎡ 尺寸：12米*12米 特征：加厚 加厚油布12米*12米 12米*12米 加厚			candidate	needs_review	clarify_specs_before_use	purchase_2024_candidate_rows=1616；purchase_2024_source_rows=1617；draft_sku_id=SKU-DRAFT-001605	缺失规格：材质；整理依据：材质/克重/防水等级缺失，无法稳定区分油布SKU；导入口径：do_not_import_missing_specs；重分类：覆盖材料/油布 -> 包装覆盖周转/覆盖材料；分类置信度：high；油布用于覆盖防护，旧覆盖材料可标准归并。	2026-07-03
MAT-000167	加厚油布	尺寸：10米*8米；特征：加厚		包装覆盖周转/覆盖材料	㎡			加厚油布10米*8米	MAT-000167 加厚油布 覆盖材料/油布 ㎡ 尺寸：10米*8米 特征：加厚 加厚油布10米*8米 10米*8米 加厚			candidate	needs_review	clarify_specs_before_use	purchase_2024_candidate_rows=1617；purchase_2024_source_rows=1618；draft_sku_id=SKU-DRAFT-001606	缺失规格：材质；整理依据：材质/克重/防水等级缺失，无法稳定区分油布SKU；导入口径：do_not_import_missing_specs；重分类：覆盖材料/油布 -> 包装覆盖周转/覆盖材料；分类置信度：high；油布用于覆盖防护，旧覆盖材料可标准归并。	2026-07-03
CHEM-000107	油漆滚筒	规格：大号；用途：油漆		工具耗材/刷具	只			大油漆滚筒；油漆滚筒大号；滚筒大号；大号滚筒；大滚筒	CHEM-000107 油漆滚筒 涂装工具/滚筒 只 规格：大号 用途：油漆 大油漆滚筒 油漆滚筒大号 滚筒大号 大号滚筒 大滚筒 大号 油漆			candidate	needs_review	clarify_specs_before_use	purchase_2024_candidate_rows=1618;1671;1925；purchase_2024_source_rows=1619;1672;1926；draft_sku_id=SKU-DRAFT-001607	缺失规格：尺寸；整理依据：尺寸/毛长缺失，仅大号无法稳定区分滚筒SKU；大号未给出具体尺寸，会影响油漆滚筒SKU区分；大号未给出具体尺寸/毛长，会影响油漆滚筒SKU区分；导入口径：do_not_import_missing_specs；重分类：涂装工具/滚筒 -> 工具耗材/刷具；分类置信度：high；油漆滚筒是涂装刷具耗材。	2026-07-03
MAT-000168	彩条布	颜色：三色；尺寸：4m*30m		包装覆盖周转/覆盖材料	㎡			三色彩条布4m*30m	MAT-000168 彩条布 覆盖材料/彩条布 ㎡ 颜色：三色 尺寸：4m*30m 三色彩条布4m*30m 三色 4m*30m			candidate	needs_review	clarify_specs_before_use	purchase_2024_candidate_rows=1619；purchase_2024_source_rows=1620；draft_sku_id=SKU-DRAFT-001608	缺失规格：材质；整理依据：克重/材质缺失，可能影响彩条布SKU区分；导入口径：do_not_import_missing_specs；重分类：覆盖材料/彩条布 -> 包装覆盖周转/覆盖材料；分类置信度：high；彩条布用于覆盖防护，旧工程材料过宽。	2026-07-03
TOOL-000235	泥桶	用途：泥浆/砂浆		工具量具/手动工具	只			泥桶	TOOL-000235 泥桶 施工工具/桶具 只 用途：泥浆/砂浆 泥浆/砂浆			candidate	needs_review	clarify_specs_before_use	purchase_2024_candidate_rows=1620;1988；purchase_2024_source_rows=1621;1989；draft_sku_id=SKU-DRAFT-001609	缺失规格：材质；容量；整理依据：容量/材质缺失，无法稳定区分泥桶SKU；导入口径：do_not_import_missing_specs；重分类：施工工具/桶具 -> 工具量具/手动工具；分类置信度：medium；泥桶是施工手持桶具，归手动工具。	2026-07-03
TOOL-000236	羊毛刷	规格：3寸；材质：羊毛		工具耗材/刷具	把			羊毛刷3寸	TOOL-000236 羊毛刷 涂装工具/刷子 把 规格：3寸 材质：羊毛 羊毛刷3寸 3寸 羊毛			active	standard	auto_select_allowed	purchase_2024_candidate_rows=1621；purchase_2024_source_rows=1622；draft_sku_id=SKU-DRAFT-001610	导入口径：import_ready；重分类：涂装工具/刷子 -> 工具耗材/刷具；分类置信度：high；羊毛刷为涂装刷具耗材。	2026-07-03
CHEM-000108	防锈漆	品牌：立邦；颜色：桔黄色；包装：18kg		化工胶粘涂料/涂料	桶			立邦桔黄色防锈漆18kg	CHEM-000108 防锈漆 油漆涂料/防锈漆 桶 品牌：立邦 颜色：桔黄色 包装：18kg 立邦桔黄色防锈漆18kg 立邦 桔黄色 18kg	立邦		candidate	usable	confirm_before_use	purchase_2024_candidate_rows=1622；purchase_2024_source_rows=1623；draft_sku_id=SKU-DRAFT-001611	缺失规格：型号；整理依据：型号/适用底材/SDS缺失，需后续确认；导入口径：confirm_then_import；重分类：油漆涂料/防锈漆 -> 化工胶粘涂料/涂料；分类置信度：high；防锈漆为防腐涂料，旧化工耗材口径过泛。	2026-07-03
CHEM-000109	松香水	包装：12KG；类型：松香水		化工胶粘涂料/清洗剂	桶			松香水12KG	CHEM-000109 松香水 油漆涂料/稀释清洗剂 桶 包装：12KG 类型：松香水 松香水12KG 12KG			candidate	needs_review	clarify_specs_before_use	purchase_2024_candidate_rows=1623；purchase_2024_source_rows=1624；draft_sku_id=SKU-DRAFT-001612	缺失规格：品牌；整理依据：品牌/用途/SDS缺失，可能影响采购和验收；导入口径：do_not_import_missing_specs；重分类：油漆涂料/稀释清洗剂 -> 化工胶粘涂料/清洗剂；分类置信度：high；松香水作稀释清洗剂，归化工清洗剂。	2026-07-03
CHEM-000110	防锈漆	品牌：立邦；颜色：深黄；包装：18KG		化工胶粘涂料/涂料	桶			立邦深黄防锈漆18KG	CHEM-000110 防锈漆 油漆涂料/防锈漆 桶 品牌：立邦 颜色：深黄 包装：18KG 立邦深黄防锈漆18KG 立邦 深黄 18KG	立邦		candidate	usable	confirm_before_use	purchase_2024_candidate_rows=1624；purchase_2024_source_rows=1625；draft_sku_id=SKU-DRAFT-001613	缺失规格：型号；整理依据：型号/适用底材/SDS缺失，需后续确认；导入口径：confirm_then_import；重分类：油漆涂料/防锈漆 -> 化工胶粘涂料/涂料；分类置信度：high；防锈漆为防腐涂料，旧化工耗材口径过泛。	2026-07-03
CHEM-000111	防锈漆	品牌：立邦；颜色：黑色；包装：18KG		化工胶粘涂料/涂料	桶			立邦黑色防锈漆18KG	CHEM-000111 防锈漆 油漆涂料/防锈漆 桶 品牌：立邦 颜色：黑色 包装：18KG 立邦黑色防锈漆18KG 立邦 黑色 18KG	立邦		candidate	usable	confirm_before_use	purchase_2024_candidate_rows=1625；purchase_2024_source_rows=1626；draft_sku_id=SKU-DRAFT-001614	缺失规格：型号；整理依据：型号/适用底材/SDS缺失，需后续确认；导入口径：confirm_then_import；重分类：油漆涂料/防锈漆 -> 化工胶粘涂料/涂料；分类置信度：high；防锈漆为防腐涂料，旧化工耗材口径过泛。	2026-07-03
CHEM-000112	防锈漆	品牌：立邦；颜色：大红；包装：18KG		化工胶粘涂料/涂料	桶			立邦大红防锈漆18KG	CHEM-000112 防锈漆 油漆涂料/防锈漆 桶 品牌：立邦 颜色：大红 包装：18KG 立邦大红防锈漆18KG 立邦 大红 18KG	立邦		candidate	usable	confirm_before_use	purchase_2024_candidate_rows=1626；purchase_2024_source_rows=1627；draft_sku_id=SKU-DRAFT-001615	缺失规格：型号；整理依据：型号/适用底材/SDS缺失，需后续确认；导入口径：confirm_then_import；重分类：油漆涂料/防锈漆 -> 化工胶粘涂料/涂料；分类置信度：high；防锈漆为防腐涂料，旧化工耗材口径过泛。	2026-07-03
CHEM-000113	防锈漆	品牌：立邦；颜色：淡黄灰；包装：18KG		化工胶粘涂料/涂料	桶			立邦淡黄灰防锈漆18KG	CHEM-000113 防锈漆 油漆涂料/防锈漆 桶 品牌：立邦 颜色：淡黄灰 包装：18KG 立邦淡黄灰防锈漆18KG 立邦 淡黄灰 18KG	立邦		candidate	usable	confirm_before_use	purchase_2024_candidate_rows=1627；purchase_2024_source_rows=1628；draft_sku_id=SKU-DRAFT-001616	缺失规格：型号；整理依据：型号/适用底材/SDS缺失，需后续确认；导入口径：confirm_then_import；重分类：油漆涂料/防锈漆 -> 化工胶粘涂料/涂料；分类置信度：high；防锈漆为防腐涂料，旧化工耗材口径过泛。	2026-07-03
CHEM-000114	防锈漆	品牌：立邦；颜色：桔红；包装：18KG		化工胶粘涂料/涂料	桶			立邦桔红防锈漆18KG	CHEM-000114 防锈漆 油漆涂料/防锈漆 桶 品牌：立邦 颜色：桔红 包装：18KG 立邦桔红防锈漆18KG 立邦 桔红 18KG	立邦		candidate	usable	confirm_before_use	purchase_2024_candidate_rows=1628；purchase_2024_source_rows=1629；draft_sku_id=SKU-DRAFT-001617	缺失规格：型号；整理依据：型号/适用底材/SDS缺失，需后续确认；导入口径：confirm_then_import；重分类：油漆涂料/防锈漆 -> 化工胶粘涂料/涂料；分类置信度：high；防锈漆为防腐涂料，旧化工耗材口径过泛。	2026-07-03
CHEM-000115	防锈漆	品牌：立邦；颜色：铁红；包装：18KG		化工胶粘涂料/涂料	桶			立邦铁红防锈漆18KG	CHEM-000115 防锈漆 油漆涂料/防锈漆 桶 品牌：立邦 颜色：铁红 包装：18KG 立邦铁红防锈漆18KG 立邦 铁红 18KG	立邦		candidate	usable	confirm_before_use	purchase_2024_candidate_rows=1629；purchase_2024_source_rows=1630；draft_sku_id=SKU-DRAFT-001618	缺失规格：型号；整理依据：型号/适用底材/SDS缺失，需后续确认；导入口径：confirm_then_import；重分类：油漆涂料/防锈漆 -> 化工胶粘涂料/涂料；分类置信度：high；防锈漆为防腐涂料，旧化工耗材口径过泛。	2026-07-03
CHEM-000116	稀释剂	包装：12KG		化工胶粘涂料/涂料	桶			稀释剂12kg	CHEM-000116 稀释剂 油漆涂料/稀释剂 桶 包装：12KG 稀释剂12kg 12KG			candidate	needs_review	clarify_specs_before_use	purchase_2024_candidate_rows=1630；purchase_2024_source_rows=1631；draft_sku_id=SKU-DRAFT-001619	缺失规格：品牌；整理依据：品牌/适配漆种/SDS缺失，会影响稀释剂SKU区分；导入口径：do_not_import_missing_specs；重分类：油漆涂料/稀释剂 -> 化工胶粘涂料/涂料；分类置信度：medium；稀释剂为油漆涂料配套溶剂，归化工涂料类。	2026-07-03
CHEM-000117	油漆滚筒	规格：小号；用途：油漆		工具耗材/刷具	只			小油漆滚筒；油漆滚筒小号；滚筒小号	CHEM-000117 油漆滚筒 涂装工具/滚筒 只 规格：小号 用途：油漆 小油漆滚筒 油漆滚筒小号 滚筒小号 小号 油漆			candidate	needs_review	clarify_specs_before_use	purchase_2024_candidate_rows=1631;1672;1696；purchase_2024_source_rows=1632;1673;1697；draft_sku_id=SKU-DRAFT-001620	缺失规格：尺寸；整理依据：尺寸/毛长缺失，仅小号无法稳定区分滚筒SKU；小号未给出具体尺寸，会影响油漆滚筒SKU区分；与同规格油漆滚筒可合并；单位按同类统一为只；具体尺寸缺失；导入口径：do_not_import_missing_specs；重分类：涂装工具/滚筒 -> 工具耗材/刷具；分类置信度：high；油漆滚筒是涂装刷具耗材。	2026-07-03
TOOL-000237	羊毛刷	规格：2寸；材质：羊毛		工具耗材/刷具	把			羊毛刷2寸	TOOL-000237 羊毛刷 涂装工具/刷子 把 规格：2寸 材质：羊毛 羊毛刷2寸 2寸 羊毛			active	standard	auto_select_allowed	purchase_2024_candidate_rows=1632；purchase_2024_source_rows=1633；draft_sku_id=SKU-DRAFT-001621	导入口径：import_ready；重分类：涂装工具/刷子 -> 工具耗材/刷具；分类置信度：high；羊毛刷为涂装刷具耗材。	2026-07-03
ADMIN-000048	烟灰桶	材质：不锈钢；类型：烟灰桶		清洁办公后勤/清洁工具	只			不锈钢烟灰桶	ADMIN-000048 烟灰桶 行政后勤/清洁用品 只 材质：不锈钢 类型：烟灰桶 不锈钢烟灰桶 不锈钢			candidate	needs_review	clarify_specs_before_use	purchase_2024_candidate_rows=1633；purchase_2024_source_rows=1634；draft_sku_id=SKU-DRAFT-001622	缺失规格：尺寸；容量；整理依据：容量/尺寸缺失，无法稳定区分烟灰桶SKU；导入口径：do_not_import_missing_specs；重分类：行政后勤/清洁用品 -> 清洁办公后勤/清洁工具；分类置信度：high；烟灰桶属于现场清洁收集用品。	2026-07-03
METAL-000107	钢丝轮	用途：打磨；类型：钢丝轮		工具耗材/磨具	只			打磨钢丝轮	METAL-000107 钢丝轮 磨具磨料/钢丝轮 只 用途：打磨 类型：钢丝轮 打磨钢丝轮 打磨			candidate	needs_review	clarify_specs_before_use	purchase_2024_candidate_rows=1634；purchase_2024_source_rows=1635；draft_sku_id=SKU-DRAFT-001623	缺失规格：材质；规格；厚度；长度；执行标准；整理依据：外径/孔径/丝径缺失，无法稳定区分钢丝轮SKU；导入口径：do_not_import_missing_specs；重分类：磨具磨料/钢丝轮 -> 工具耗材/磨具；分类置信度：high；钢丝轮为打磨消耗件。	2026-07-03
SAFE-000095	护目镜	类型：多功能护目眼镜		劳保防护/眼面防护	付			多功能护目眼镜	SAFE-000095 护目镜 劳保耗材/眼面防护 付 类型：多功能护目眼镜 多功能护目眼镜			candidate	needs_review	clarify_specs_before_use	purchase_2024_candidate_rows=1635；purchase_2024_source_rows=1636；draft_sku_id=SKU-DRAFT-001624	缺失规格：材质；整理依据：防护等级/材质缺失，可能影响护目镜SKU区分；导入口径：do_not_import_missing_specs；重分类：劳保耗材/眼面防护 -> 劳保防护/眼面防护；分类置信度：high；护目镜为眼面防护用品。	2026-07-03
SAFE-000096	帆布手套	材质：帆布		劳保防护/手套	付			帆布手套	SAFE-000096 帆布手套 劳保耗材/手套 付 材质：帆布 帆布			candidate	needs_review	clarify_specs_before_use	purchase_2024_candidate_rows=1636；purchase_2024_source_rows=1637；draft_sku_id=SKU-DRAFT-001625	缺失规格：类型；规格；安全等级；认证标准；整理依据：尺码缺失，可能影响手套SKU区分；导入口径：do_not_import_missing_specs；重分类：劳保耗材/手套 -> 劳保防护/手套；分类置信度：high；帆布手套为劳保手套，旧劳保耗材不作分类。	2026-07-03
SAFE-000097	橡胶手套	材质：橡胶		劳保防护/手套	付			橡胶手套	SAFE-000097 橡胶手套 劳保耗材/手套 付 材质：橡胶 橡胶			candidate	needs_review	clarify_specs_before_use	purchase_2024_candidate_rows=1637；purchase_2024_source_rows=1638；draft_sku_id=SKU-DRAFT-001626	缺失规格：长度；整理依据：尺码/长度/耐化学等级缺失，可能影响手套SKU区分；导入口径：do_not_import_missing_specs；重分类：劳保耗材/手套 -> 劳保防护/手套；分类置信度：high；橡胶手套属于劳保手套。	2026-07-03
TOOL-000238	角磨机	品牌：东城；类型：角磨机		电动气动工具/电动工具	台			东城角磨机	TOOL-000238 角磨机 电动工具/角磨机 台 品牌：东城 类型：角磨机 东城角磨机 东城	东城		candidate	needs_review	clarify_specs_before_use	purchase_2024_candidate_rows=1638；purchase_2024_source_rows=1639；draft_sku_id=SKU-DRAFT-001627	缺失规格：型号；规格；功率；整理依据：功率/砂轮片规格/型号缺失，无法唯一确定角磨机SKU；导入口径：do_not_import_missing_specs；重分类：电动工具/角磨机 -> 电动气动工具/电动工具；分类置信度：high；角磨机为电动工具整机。	2026-07-03
SAFE-000098	防尘面罩	品牌：3M；类型：防尘面罩		劳保防护/呼吸防护	只			3M防尘面罩	SAFE-000098 防尘面罩 劳保耗材/呼吸防护 只 品牌：3M 类型：防尘面罩 3M防尘面罩 3M	3M		candidate	needs_review	clarify_specs_before_use	purchase_2024_candidate_rows=1639；purchase_2024_source_rows=1640；draft_sku_id=SKU-DRAFT-001628	缺失规格：型号；整理依据：型号/防护等级缺失，会影响防尘面罩SKU区分；导入口径：do_not_import_missing_specs；重分类：劳保耗材/呼吸防护 -> 劳保防护/呼吸防护；分类置信度：high；防尘面罩是呼吸防护用品。	2026-07-03
SAFE-000099	防尘面罩过滤芯	品牌：3M；适配：防尘面罩；部件：过滤芯		劳保防护/呼吸防护	只			3M防尘面罩过滤芯	SAFE-000099 防尘面罩过滤芯 劳保耗材/呼吸防护 只 品牌：3M 适配：防尘面罩 部件：过滤芯 3M防尘面罩过滤芯 3M 防尘面罩 过滤芯	3M		candidate	needs_review	clarify_specs_before_use	purchase_2024_candidate_rows=1640；purchase_2024_source_rows=1641；draft_sku_id=SKU-DRAFT-001629	缺失规格：型号；整理依据：适配型号/过滤等级缺失，会影响过滤芯SKU区分；导入口径：do_not_import_missing_specs；重分类：劳保耗材/呼吸防护 -> 劳保防护/呼吸防护；分类置信度：high；过滤芯为防尘面罩配套呼吸防护件。	2026-07-03
METAL-000108	钢制铭牌	定制：是；材质：钢制		定制加工件/标识铭牌	件			定制铭牌钢制	METAL-000108 钢制铭牌 定制件/标识铭牌 件 定制：是 材质：钢制 定制铭牌钢制 是 钢制			candidate	needs_review	clarify_specs_before_use	purchase_2024_candidate_rows=1641；purchase_2024_source_rows=1642；draft_sku_id=SKU-DRAFT-001630	缺失规格：尺寸；整理依据：尺寸/文字内容/图纸缺失，无法唯一确定定制铭牌SKU；导入口径：do_not_import_missing_specs；重分类：定制件/标识铭牌 -> 定制加工件/标识铭牌；分类置信度：high；定制钢制铭牌归标识铭牌加工件。	2026-07-03
METAL-000109	槽钢	规格：10#		金属材料/型钢	米			10#槽钢；10#型槽钢；槽钢10#	METAL-000109 槽钢 钢材/型钢 米 规格：10# 10#槽钢 10#型槽钢 槽钢10# 10#			candidate	usable	confirm_before_use	purchase_2024_candidate_rows=1642；purchase_2024_source_rows=1643；draft_sku_id=SKU-DRAFT-001631	缺失规格：材质；执行标准；整理依据：材质/执行标准缺失，需后续确认；导入口径：confirm_then_import；重分类：钢材/型钢 -> 金属材料/型钢；分类置信度：high；槽钢是标准型钢。	2026-07-03
METAL-000110	槽钢	规格：8#		金属材料/型钢	米			8#槽钢	METAL-000110 槽钢 钢材/型钢 米 规格：8# 8#槽钢 8#			candidate	usable	confirm_before_use	purchase_2024_candidate_rows=1643；purchase_2024_source_rows=1644；draft_sku_id=SKU-DRAFT-001632	缺失规格：材质；执行标准；整理依据：材质/执行标准缺失，需后续确认；导入口径：confirm_then_import；重分类：钢材/型钢 -> 金属材料/型钢；分类置信度：high；槽钢是标准型钢。	2026-07-03
ELEC-000157	拖线板	品牌：公牛；线长：3m；插位：6位		电气电料/插头插座	只			公牛拖线板3m6位	ELEC-000157 拖线板 电气/插排 只 品牌：公牛 线长：3m 插位：6位 公牛拖线板3m6位 公牛 3m 6位	公牛		candidate	needs_review	clarify_specs_before_use	purchase_2024_candidate_rows=1644；purchase_2024_source_rows=1645；draft_sku_id=SKU-DRAFT-001633	缺失规格：型号；电流；整理依据：额定电流/型号缺失，会影响拖线板SKU区分；导入口径：do_not_import_missing_specs；重分类：电气/插排 -> 电气电料/插头插座；分类置信度：high；拖线板/插排属插头插座类电料。	2026-07-03
SAFE-000100	牛筋手套	材质/俗称：牛筋		劳保防护/手套	付			牛筋手套	SAFE-000100 牛筋手套 劳保耗材/手套 付 材质/俗称：牛筋 牛筋			candidate	needs_review	clarify_specs_before_use	purchase_2024_candidate_rows=1645；purchase_2024_source_rows=1646；draft_sku_id=SKU-DRAFT-001634	缺失规格：类型；材质；规格；安全等级；认证标准；整理依据：牛筋可能为乳胶/橡胶俗称；尺码缺失；导入口径：do_not_import_missing_specs；重分类：劳保耗材/手套 -> 劳保防护/手套；分类置信度：high；样例均为牛筋手套，劳保耗材旧口径不保留。	2026-07-03
ADMIN-000049	抹布	类型：抹布		清洁办公后勤/清洁耗材	KG			抹布	ADMIN-000049 抹布 清洁耗材/抹布 KG 类型：抹布			candidate	needs_review	clarify_specs_before_use	purchase_2024_candidate_rows=1646；purchase_2024_source_rows=1647；draft_sku_id=SKU-DRAFT-001635	缺失规格：材质；整理依据：材质/包装缺失，无法稳定区分抹布SKU；导入口径：do_not_import_missing_specs；重分类：清洁耗材/抹布 -> 清洁办公后勤/清洁耗材；分类置信度：high；抹布为清洁擦拭耗材。	2026-07-03
MAT-000169	蛇皮袋	类型：蛇皮袋		包装覆盖周转/包装袋	条			蛇皮袋	MAT-000169 蛇皮袋 包装材料/编织袋 条 类型：蛇皮袋			candidate	needs_review	clarify_specs_before_use	purchase_2024_candidate_rows=1647；purchase_2024_source_rows=1648；draft_sku_id=SKU-DRAFT-001636	缺失规格：材质；尺寸；整理依据：尺寸/承重/材质缺失，无法稳定区分编织袋SKU；导入口径：do_not_import_missing_specs；重分类：包装材料/编织袋 -> 包装覆盖周转/包装袋；分类置信度：high；蛇皮袋即编织包装袋。	2026-07-03
MAT-000170	马夹袋	类型：马夹袋		包装覆盖周转/包装袋	条			马夹袋	MAT-000170 马夹袋 包装材料/塑料袋 条 类型：马夹袋			candidate	needs_review	clarify_specs_before_use	purchase_2024_candidate_rows=1648；purchase_2024_source_rows=1649；draft_sku_id=SKU-DRAFT-001637	缺失规格：尺寸；厚度；整理依据：尺寸/厚度缺失，无法稳定区分塑料袋SKU；导入口径：do_not_import_missing_specs；重分类：包装材料/塑料袋 -> 包装覆盖周转/包装袋；分类置信度：high；马夹袋为包装塑料袋。	2026-07-03
ELEC-000158	三脚插头	品牌：公牛；类型：三插头		电气电料/插头插座	只			公牛三插头	ELEC-000158 三脚插头 电气/插头插座 只 品牌：公牛 类型：三插头 公牛三插头 公牛 三插头	公牛		candidate	needs_review	clarify_specs_before_use	purchase_2024_candidate_rows=1649；purchase_2024_source_rows=1650；draft_sku_id=SKU-DRAFT-001638	缺失规格：型号；电流；整理依据：额定电流/型号缺失，会影响插头SKU区分；导入口径：do_not_import_missing_specs；重分类：电气/插头插座 -> 电气电料/插头插座；分类置信度：high；三脚插头属于插头插座类电气材料。	2026-07-03
ELEC-000159	插线板	品牌：公牛；插位：6位；线长：3米		电气电料/插头插座	只			公牛6位对插线板3米	ELEC-000159 插线板 电气/插排 只 品牌：公牛 插位：6位 线长：3米 公牛6位对插线板3米 公牛 6位 3米	公牛		candidate	needs_review	clarify_specs_before_use	purchase_2024_candidate_rows=1650；purchase_2024_source_rows=1651；draft_sku_id=SKU-DRAFT-001639	缺失规格：型号；电流；整理依据：“对插线板”是否为拖线板需确认；额定电流/型号缺失；导入口径：do_not_import_missing_specs；重分类：电气/插排 -> 电气电料/插头插座；分类置信度：high；插线板是移动插座，归插头插座。	2026-07-03
ELEC-000160	拖线板	品牌：公牛；线长：6米		电气电料/插头插座	只			公牛拖线板6米	ELEC-000160 拖线板 电气/插排 只 品牌：公牛 线长：6米 公牛拖线板6米 公牛 6米	公牛		candidate	needs_review	clarify_specs_before_use	purchase_2024_candidate_rows=1651；purchase_2024_source_rows=1652；draft_sku_id=SKU-DRAFT-001640	缺失规格：电流；整理依据：插位数/额定电流缺失，会影响拖线板SKU区分；导入口径：do_not_import_missing_specs；重分类：电气/插排 -> 电气电料/插头插座；分类置信度：high；拖线板/插排属插头插座类电料。	2026-07-03
ELEC-000161	螺纹灯座	类型：螺纹灯座		电气电料/照明灯具	只			螺纹灯座	ELEC-000161 螺纹灯座 电气/照明配件 只 类型：螺纹灯座			candidate	needs_review	clarify_specs_before_use	purchase_2024_candidate_rows=1652；purchase_2024_source_rows=1653；draft_sku_id=SKU-DRAFT-001641	缺失规格：规格；整理依据：螺口规格如E27/E40缺失，无法区分灯座SKU；导入口径：do_not_import_missing_specs；重分类：电气/照明配件 -> 电气电料/照明灯具；分类置信度：high；螺纹灯座为照明灯具配件。	2026-07-03
MAT-000171	百叶轮	类型：百叶轮		工具耗材/磨具	片			百叶轮	MAT-000171 百叶轮 磨具磨料/百叶轮 片 类型：百叶轮			candidate	needs_review	clarify_specs_before_use	purchase_2024_candidate_rows=1653；purchase_2024_source_rows=1654；draft_sku_id=SKU-DRAFT-001642	缺失规格：规格；型号；材质；品牌；整理依据：外径/孔径/粒度缺失，无法区分百叶轮SKU；导入口径：do_not_import_missing_specs；重分类：磨具磨料/百叶轮 -> 工具耗材/磨具；分类置信度：high；百叶轮属于打磨磨具耗材。	2026-07-03
MAT-000172	彩条布	宽度：4米		包装覆盖周转/覆盖材料	㎡			彩条布4米	MAT-000172 彩条布 覆盖材料/彩条布 ㎡ 宽度：4米 彩条布4米 4米			candidate	needs_review	clarify_specs_before_use	purchase_2024_candidate_rows=1654；purchase_2024_source_rows=1655；draft_sku_id=SKU-DRAFT-001643	缺失规格：材质；长度；整理依据：长度/克重/材质缺失，会影响彩条布SKU区分；导入口径：do_not_import_missing_specs；重分类：覆盖材料/彩条布 -> 包装覆盖周转/覆盖材料；分类置信度：high；彩条布用于覆盖防护，旧工程材料过宽。	2026-07-03
MAT-000173	油布	尺寸：4米*6米		包装覆盖周转/覆盖材料	㎡			油布4米*6米	MAT-000173 油布 覆盖材料/油布 ㎡ 尺寸：4米*6米 油布4米*6米 4米*6米			candidate	needs_review	clarify_specs_before_use	purchase_2024_candidate_rows=1655；purchase_2024_source_rows=1656；draft_sku_id=SKU-DRAFT-001644	缺失规格：材质；整理依据：材质/克重/防水等级缺失，会影响油布SKU区分；导入口径：do_not_import_missing_specs；重分类：覆盖材料/油布 -> 包装覆盖周转/覆盖材料；分类置信度：high；油布用于覆盖防护，旧劳保耗材不应作为分类。	2026-07-03
TOOL-000239	十字螺丝刀	品牌：世达；类型：十字		工具量具/手动工具	把			世达螺丝刀十字	TOOL-000239 十字螺丝刀 工具/手动工具 把 品牌：世达 类型：十字 世达螺丝刀十字 世达 十字	世达		candidate	needs_review	clarify_specs_before_use	purchase_2024_candidate_rows=1656；purchase_2024_source_rows=1657；draft_sku_id=SKU-DRAFT-001645	缺失规格：规格；整理依据：规格/杆长缺失，会影响螺丝刀SKU区分；导入口径：do_not_import_missing_specs；重分类：工具/手动工具 -> 工具量具/手动工具；分类置信度：high；螺丝刀为手动工具。	2026-07-03
METAL-000111	铁丝	规格：14#；材质：铁		金属材料/金属丝材	KG			铁丝14#	METAL-000111 铁丝 五金耗材/金属丝 KG 规格：14# 材质：铁 铁丝14# 14# 铁			candidate	needs_review	clarify_specs_before_use	purchase_2024_candidate_rows=1657；purchase_2024_source_rows=1658；draft_sku_id=SKU-DRAFT-001646	缺失规格：表面处理；整理依据：表面处理/线径换算缺失，会影响铁丝SKU区分；导入口径：do_not_import_missing_specs；重分类：五金耗材/金属丝 -> 金属材料/金属丝材；分类置信度：high；新建二级金属丝材；铁丝是金属线材，旧五金耗材不宜保留。	2026-07-03
ADMIN-000050	除污剂	用途：重油污；包装：30KG		化工胶粘涂料/清洗剂	桶			重油污除污剂30KG；重油污除污剂	ADMIN-000050 除污剂 清洁化学品/除污剂 桶 用途：重油污 包装：30KG 重油污除污剂30KG 重油污除污剂 重油污 30KG			candidate	needs_review	clarify_specs_before_use	purchase_2024_candidate_rows=1658；purchase_2024_source_rows=1659；draft_sku_id=SKU-DRAFT-001647	缺失规格：品牌；材质；整理依据：品牌/SDS/适用材质缺失，会影响除污剂SKU区分；导入口径：do_not_import_missing_specs；重分类：清洁化学品/除污剂 -> 化工胶粘涂料/清洗剂；分类置信度：high；除污剂用于油污清洗，归清洗剂。	2026-07-03
MAT-000174	耦合剂	容量：100mL		化工胶粘涂料/检测耗材	支			耦合剂100mL	MAT-000174 耦合剂 检测耗材/耦合剂 支 容量：100mL 耦合剂100mL 100mL			candidate	needs_review	clarify_specs_before_use	purchase_2024_candidate_rows=1659；purchase_2024_source_rows=1660；draft_sku_id=SKU-DRAFT-001648	缺失规格：品牌；型号；整理依据：用途/品牌/型号缺失，会影响耦合剂SKU区分；导入口径：do_not_import_missing_specs；重分类：检测耗材/耦合剂 -> 化工胶粘涂料/检测耗材；分类置信度：low；耦合剂为检测用化学介质，标准表无检测耗材二级，新增二级。	2026-07-03
SAFE-000101	安全绳	直径：Φ14		劳保防护/高处防护	米			安全绳Φ14	SAFE-000101 安全绳 安全防护/安全绳 米 直径：Φ14 安全绳Φ14 Φ14			candidate	needs_review	clarify_specs_before_use	purchase_2024_candidate_rows=1660；purchase_2024_source_rows=1661；draft_sku_id=SKU-DRAFT-001649	缺失规格：材质；整理依据：材质/认证/破断拉力缺失，会影响安全绳SKU区分；导入口径：do_not_import_missing_specs；重分类：安全防护/安全绳 -> 劳保防护/高处防护；分类置信度：medium；样例含五点式双钩和安全绳，按人员坠落防护归口。	2026-07-03
WELD-000045	药芯焊丝	品牌：大西洋；类型：药芯；直径：1.2		焊接切割/焊接耗材	盘			大西洋药芯焊丝1.2	WELD-000045 药芯焊丝 焊接材料/焊丝 盘 品牌：大西洋 类型：药芯 直径：1.2 大西洋药芯焊丝1.2 大西洋 药芯 1.2	大西洋		candidate	needs_review	clarify_specs_before_use	purchase_2024_candidate_rows=1661；purchase_2024_source_rows=1662；draft_sku_id=SKU-DRAFT-001650	缺失规格：材质；整理依据：牌号/重量/适用材质缺失，会影响焊丝SKU区分；导入口径：do_not_import_missing_specs；重分类：焊接材料/焊丝 -> 焊接切割/焊接耗材；分类置信度：high；药芯焊丝为焊接耗材。	2026-07-03
TOOL-000240	吹尘枪	品牌：世达；类型：吹尘枪		电动气动工具/气动工具	把			世达吹尘枪	TOOL-000240 吹尘枪 工具/气动工具 把 品牌：世达 类型：吹尘枪 世达吹尘枪 世达	世达		candidate	needs_review	clarify_specs_before_use	purchase_2024_candidate_rows=1662；purchase_2024_source_rows=1663；draft_sku_id=SKU-DRAFT-001651	缺失规格：型号；规格；整理依据：接口规格/型号缺失，会影响吹尘枪SKU区分；导入口径：do_not_import_missing_specs；重分类：工具/气动工具 -> 电动气动工具/气动工具；分类置信度：high；吹尘枪是气动工具。	2026-07-03
FAST-000075	内六角螺栓	强度等级：10.9；规格：M12*100；头型：内六角		紧固件与连接件/螺丝	只			10.9级M12*100内六角螺栓	FAST-000075 内六角螺栓 紧固件/螺栓 只 强度等级：10.9 规格：M12*100 头型：内六角 10.9级M12*100内六角螺栓 10.9 M12*100 内六角			candidate	needs_review	clarify_specs_before_use	purchase_2024_candidate_rows=1663；purchase_2024_source_rows=1664；draft_sku_id=SKU-DRAFT-001652	缺失规格：材质；表面处理；整理依据：材质/表面处理缺失，会影响螺栓SKU区分；导入口径：do_not_import_missing_specs；重分类：紧固件/螺栓 -> 紧固件与连接件/螺丝；分类置信度：high；内六角螺栓按螺丝类紧固件承接。	2026-07-03
MAT-000175	劳动车	特征：加厚；类型：劳动车		施工机具设备/搬运设备	辆			加厚劳动车	MAT-000175 劳动车 物流搬运/手推车 辆 特征：加厚 类型：劳动车 加厚劳动车 加厚			candidate	needs_review	clarify_specs_before_use	purchase_2024_candidate_rows=1664；purchase_2024_source_rows=1665；draft_sku_id=SKU-DRAFT-001653	缺失规格：尺寸；整理依据：载重/轮型/尺寸缺失，无法区分劳动车SKU；导入口径：do_not_import_missing_specs；重分类：物流搬运/手推车 -> 施工机具设备/搬运设备；分类置信度：high；劳动车用于现场搬运，归搬运设备。	2026-07-03
TOOL-000241	老虎钳	品牌：世达；类型：老虎钳		工具量具/手动工具	把			世达老虎钳	TOOL-000241 老虎钳 工具/手动工具 把 品牌：世达 类型：老虎钳 世达老虎钳 世达	世达		candidate	needs_review	clarify_specs_before_use	purchase_2024_candidate_rows=1665；purchase_2024_source_rows=1666；draft_sku_id=SKU-DRAFT-001654	缺失规格：型号；规格；整理依据：规格/型号缺失，会影响老虎钳SKU区分；导入口径：do_not_import_missing_specs；重分类：工具/手动工具 -> 工具量具/手动工具；分类置信度：high；老虎钳为常用手动工具。	2026-07-03
TOOL-000242	两用扳手	品牌：世达；规格：M16；类型：梅花开口两用		工具量具/手动工具	把			世达M16梅花开口两用扳手	TOOL-000242 两用扳手 工具/手动工具 把 品牌：世达 规格：M16 类型：梅花开口两用 世达M16梅花开口两用扳手 世达 M16 梅花开口两用	世达		candidate	usable	confirm_before_use	purchase_2024_candidate_rows=1666；purchase_2024_source_rows=1667；draft_sku_id=SKU-DRAFT-001655	缺失规格：型号；长度；整理依据：长度/型号缺失，按品牌/规格/类型先建候选；导入口径：confirm_then_import；重分类：工具/手动工具 -> 工具量具/手动工具；分类置信度：high；两用扳手属于手动工具。	2026-07-03
FAST-000076	不锈钢螺母	材质：304不锈钢；规格：M6		紧固件与连接件/螺母	只			304螺帽M6	FAST-000076 不锈钢螺母 紧固件/螺母 只 材质：304不锈钢 规格：M6 304螺帽M6 304不锈钢 M6			candidate	needs_review	clarify_specs_before_use	purchase_2024_candidate_rows=1667；purchase_2024_source_rows=1668；draft_sku_id=SKU-DRAFT-001656	缺失规格：强度等级；头型；表面处理；整理依据：标准/牙距缺失，会影响螺母SKU区分；导入口径：do_not_import_missing_specs；重分类：紧固件/螺母 -> 紧固件与连接件/螺母；分类置信度：high；不锈钢螺母属于螺母类紧固件。	2026-07-03
FAST-000077	加厚垫片	材质：304不锈钢；规格：M6；特征：加厚		紧固件与连接件/垫圈	只			304加厚垫片M6	FAST-000077 加厚垫片 紧固件/垫圈 只 材质：304不锈钢 规格：M6 特征：加厚 304加厚垫片M6 304不锈钢 M6 加厚			candidate	needs_review	clarify_specs_before_use	purchase_2024_candidate_rows=1668；purchase_2024_source_rows=1669；draft_sku_id=SKU-DRAFT-001657	缺失规格：厚度；整理依据：外径/厚度/标准缺失，无法区分加厚垫片SKU；导入口径：do_not_import_missing_specs；重分类：紧固件/垫圈 -> 紧固件与连接件/垫圈；分类置信度：high；M规格垫片属垫圈类紧固件。	2026-07-03
METAL-000112	角钢	规格：50*50		金属材料/型钢	米			角钢50*50；角铁50*50	METAL-000112 角钢 钢材/型钢 米 规格：50*50 角钢50*50 角铁50*50 50*50			candidate	needs_review	clarify_specs_before_use	purchase_2024_candidate_rows=1669；purchase_2024_source_rows=1670；draft_sku_id=SKU-DRAFT-001658	缺失规格：材质；厚度；整理依据：厚度/材质/标准缺失，无法区分角钢SKU；导入口径：do_not_import_missing_specs；重分类：钢材/型钢 -> 金属材料/型钢；分类置信度：high；角钢/角铁属于型钢。	2026-07-03
ADMIN-000051	洗洁精	包装：3KG		清洁办公后勤/清洁耗材	桶			洗洁精3KG	ADMIN-000051 洗洁精 清洁耗材/清洁剂 桶 包装：3KG 洗洁精3KG 3KG			candidate	needs_review	clarify_specs_before_use	purchase_2024_candidate_rows=1670；purchase_2024_source_rows=1671；draft_sku_id=SKU-DRAFT-001659	缺失规格：品牌；整理依据：品牌/浓度缺失，会影响洗洁精SKU区分；导入口径：do_not_import_missing_specs；重分类：清洁耗材/清洁剂 -> 清洁办公后勤/清洁耗材；分类置信度：high；洗洁精是日常清洁耗材，旧劳保耗材不准。	2026-07-03
TOOL-000243	羊毛刷	规格：4寸；材质：羊毛		工具耗材/刷具	只			羊毛刷4寸	TOOL-000243 羊毛刷 涂装工具/刷子 只 规格：4寸 材质：羊毛 羊毛刷4寸 4寸 羊毛			candidate	usable	confirm_before_use	purchase_2024_candidate_rows=1673；purchase_2024_source_rows=1674；draft_sku_id=SKU-DRAFT-001660	缺失规格：品牌；型号；整理依据：单位可按把复核；柄型/等级缺失；导入口径：confirm_then_import；重分类：涂装工具/刷子 -> 工具耗材/刷具；分类置信度：high；羊毛刷为涂装刷具耗材。	2026-07-03
TOOL-000244	羊毛刷	规格：2.5寸；材质：羊毛		工具耗材/刷具	只			羊毛刷2.5寸	TOOL-000244 羊毛刷 涂装工具/刷子 只 规格：2.5寸 材质：羊毛 羊毛刷2.5寸 2.5寸 羊毛			candidate	usable	confirm_before_use	purchase_2024_candidate_rows=1674；purchase_2024_source_rows=1675；draft_sku_id=SKU-DRAFT-001661	缺失规格：品牌；型号；整理依据：单位可按把复核；柄型/等级缺失；导入口径：confirm_then_import；重分类：涂装工具/刷子 -> 工具耗材/刷具；分类置信度：high；羊毛刷为涂装刷具耗材。	2026-07-03
TOOL-000245	钢刷	材质：钢丝；类型：钢刷		工具耗材/刷具	只			钢刷	TOOL-000245 钢刷 涂装工具/刷子 只 材质：钢丝 类型：钢刷 钢丝			candidate	needs_review	clarify_specs_before_use	purchase_2024_candidate_rows=1675；purchase_2024_source_rows=1676；draft_sku_id=SKU-DRAFT-001662	缺失规格：尺寸；整理依据：尺寸/形制缺失，无法区分钢刷SKU；导入口径：do_not_import_missing_specs；重分类：涂装工具/刷子 -> 工具耗材/刷具；分类置信度：high；钢刷为清理打磨刷具。	2026-07-03
MAT-000176	床上四件套	材质：全棉；套件：四件套		清洁办公后勤/生活用品	套			全棉四件套	MAT-000176 床上四件套 行政后勤/生活用品 套 材质：全棉 套件：四件套 全棉四件套 全棉 四件套			candidate	needs_review	clarify_specs_before_use	purchase_2024_candidate_rows=1676；purchase_2024_source_rows=1677；draft_sku_id=SKU-DRAFT-001663	缺失规格：尺寸；整理依据：尺寸/用途缺失，无法区分床上四件套SKU；导入口径：do_not_import_missing_specs；重分类：行政后勤/生活用品 -> 清洁办公后勤/生活用品；分类置信度：high；床上四件套为后勤生活用品。	2026-07-03
MAT-000177	蚕丝被	材质：蚕丝；类型：被子		清洁办公后勤/生活用品	件			蚕丝被	MAT-000177 蚕丝被 行政后勤/生活用品 件 材质：蚕丝 类型：被子 蚕丝 被子			candidate	needs_review	clarify_specs_before_use	purchase_2024_candidate_rows=1677；purchase_2024_source_rows=1678；draft_sku_id=SKU-DRAFT-001664	缺失规格：尺寸；整理依据：尺寸/重量缺失，无法区分蚕丝被SKU；导入口径：do_not_import_missing_specs；重分类：行政后勤/生活用品 -> 清洁办公后勤/生活用品；分类置信度：high；蚕丝被为生活后勤用品。	2026-07-03
ADMIN-000052	床垫	类型：床垫		清洁办公后勤/生活用品	床			床垫	ADMIN-000052 床垫 行政后勤/生活用品 床 类型：床垫			candidate	needs_review	clarify_specs_before_use	purchase_2024_candidate_rows=1678；purchase_2024_source_rows=1679；draft_sku_id=SKU-DRAFT-001665	缺失规格：材质；尺寸；整理依据：尺寸/材质缺失，无法区分床垫SKU；导入口径：do_not_import_missing_specs；重分类：行政后勤/生活用品 -> 清洁办公后勤/生活用品；分类置信度：high；床垫为后勤生活用品。	2026-07-03
TOOL-000246	氩气减压表	介质：氩气；类型：减压表		焊接切割/气瓶附件	只			氩气表	TOOL-000246 氩气减压表 焊接工具/气体仪表 只 介质：氩气 类型：减压表 氩气表 氩气 减压表			candidate	needs_review	clarify_specs_before_use	purchase_2024_candidate_rows=1680；purchase_2024_source_rows=1681；draft_sku_id=SKU-DRAFT-001666	缺失规格：量程；整理依据：量程/接口缺失，会影响氩气减压表SKU区分；导入口径：do_not_import_missing_specs；重分类：焊接工具/气体仪表 -> 焊接切割/气瓶附件；分类置信度：high；氩气减压表用于焊接保护气瓶。	2026-07-03
CHEM-000118	自喷漆	颜色：天蓝色		化工胶粘涂料/涂料	瓶			天蓝色自喷漆	CHEM-000118 自喷漆 油漆涂料/自喷漆 瓶 颜色：天蓝色 天蓝色自喷漆 天蓝色			candidate	needs_review	clarify_specs_before_use	purchase_2024_candidate_rows=1681；purchase_2024_source_rows=1682；draft_sku_id=SKU-DRAFT-001667	缺失规格：品牌；容量；色号；整理依据：品牌/容量/色号缺失，会影响自喷漆SKU区分；导入口径：do_not_import_missing_specs；重分类：油漆涂料/自喷漆 -> 化工胶粘涂料/涂料；分类置信度：high；自喷漆为涂料类化工材料。	2026-07-03
CHEM-000119	自喷漆	颜色：黑色		化工胶粘涂料/涂料	瓶			黑色自喷漆	CHEM-000119 自喷漆 油漆涂料/自喷漆 瓶 颜色：黑色 黑色自喷漆 黑色			candidate	needs_review	clarify_specs_before_use	purchase_2024_candidate_rows=1682；purchase_2024_source_rows=1683；draft_sku_id=SKU-DRAFT-001668	缺失规格：品牌；容量；色号；整理依据：品牌/容量/色号缺失，会影响自喷漆SKU区分；导入口径：do_not_import_missing_specs；重分类：油漆涂料/自喷漆 -> 化工胶粘涂料/涂料；分类置信度：high；自喷漆为涂料类化工材料。	2026-07-03
TOOL-000247	竹扫把	材质：竹；类型：扫把		清洁办公后勤/清洁工具	把			竹扫把	TOOL-000247 竹扫把 清洁工具/扫把 把 材质：竹 类型：扫把 竹 扫把			candidate	usable	confirm_before_use	purchase_2024_candidate_rows=1683；purchase_2024_source_rows=1684；draft_sku_id=SKU-DRAFT-001669	缺失规格：规格；整理依据：规格缺失，按材质/类型先建候选；导入口径：confirm_then_import；重分类：清洁工具/扫把 -> 清洁办公后勤/清洁工具；分类置信度：high；竹扫把是清洁工具。	2026-07-03
TOOL-000248	螺纹规	类型：牙规/螺纹规		工具量具/测量工具	套			牙规	TOOL-000248 螺纹规 工具/测量工具 套 类型：牙规/螺纹规 牙规 牙规/螺纹规			candidate	needs_review	clarify_specs_before_use	purchase_2024_candidate_rows=1684；purchase_2024_source_rows=1685；draft_sku_id=SKU-DRAFT-001670	缺失规格：规格；整理依据：公制/英制/规格范围缺失，无法区分螺纹规SKU；导入口径：do_not_import_missing_specs；重分类：工具/测量工具 -> 工具量具/测量工具；分类置信度：high；螺纹规用于螺纹测量。	2026-07-03
METAL-000113	不锈钢漏斗	材质：316不锈钢；口径：18cm		清洁办公后勤/生活用品	只			316漏斗18cm	METAL-000113 不锈钢漏斗 容器/漏斗 只 材质：316不锈钢 口径：18cm 316漏斗18cm 316不锈钢 18cm			candidate	usable	confirm_before_use	purchase_2024_candidate_rows=1685；purchase_2024_source_rows=1686；draft_sku_id=SKU-DRAFT-001671	缺失规格：直径；容量；整理依据：容量/出口直径缺失，需后续确认；导入口径：confirm_then_import；重分类：容器/漏斗 -> 清洁办公后勤/生活用品；分类置信度：medium；漏斗为现场通用生活/后勤容器，标准无容器类目，用生活用品承接。	2026-07-03
PIPE-000398	油管护套	螺纹/规格：M20*1.5		液压气动/高压管路	只			油管护套M20*1.5	PIPE-000398 油管护套 液压/油管护套 只 螺纹/规格：M20*1.5 油管护套M20*1.5 M20*1.5			candidate	needs_review	clarify_specs_before_use	purchase_2024_candidate_rows=1686；purchase_2024_source_rows=1687；draft_sku_id=SKU-DRAFT-001672	缺失规格：材质；整理依据：材质/适配油管缺失，会影响油管护套SKU区分；导入口径：do_not_import_missing_specs；重分类：液压/油管护套 -> 液压气动/高压管路；分类置信度：high；油管护套为液压高压管路保护件。	2026-07-03
PIPE-000399	油管护套	螺纹/规格：M48*2		液压气动/高压管路	只			油管护套M48*2	PIPE-000399 油管护套 液压/油管护套 只 螺纹/规格：M48*2 油管护套M48*2 M48*2			candidate	needs_review	clarify_specs_before_use	purchase_2024_candidate_rows=1687；purchase_2024_source_rows=1688；draft_sku_id=SKU-DRAFT-001673	缺失规格：材质；整理依据：材质/适配油管缺失，会影响油管护套SKU区分；导入口径：do_not_import_missing_specs；重分类：液压/油管护套 -> 液压气动/高压管路；分类置信度：high；油管护套为液压高压管路保护件。	2026-07-03
PIPE-000400	油管护套	螺纹/规格：M36*2		液压气动/高压管路	只			油管护套M36*2	PIPE-000400 油管护套 液压/油管护套 只 螺纹/规格：M36*2 油管护套M36*2 M36*2			candidate	needs_review	clarify_specs_before_use	purchase_2024_candidate_rows=1688；purchase_2024_source_rows=1689；draft_sku_id=SKU-DRAFT-001674	缺失规格：材质；整理依据：材质/适配油管缺失，会影响油管护套SKU区分；导入口径：do_not_import_missing_specs；重分类：液压/油管护套 -> 液压气动/高压管路；分类置信度：high；油管护套为液压高压管路保护件。	2026-07-03
PIPE-000401	油管护套	螺纹/规格：M42*4		液压气动/高压管路	只			油管护套M42*4	PIPE-000401 油管护套 液压/油管护套 只 螺纹/规格：M42*4 油管护套M42*4 M42*4			candidate	needs_review	clarify_specs_before_use	purchase_2024_candidate_rows=1689；purchase_2024_source_rows=1690；draft_sku_id=SKU-DRAFT-001675	缺失规格：材质；整理依据：材质/适配油管缺失，会影响油管护套SKU区分；导入口径：do_not_import_missing_specs；重分类：液压/油管护套 -> 液压气动/高压管路；分类置信度：high；油管护套为液压高压管路保护件。	2026-07-03
PIPE-000402	油管护套	螺纹/规格：M52*2		液压气动/高压管路	只			油管护套M52*2	PIPE-000402 油管护套 液压/油管护套 只 螺纹/规格：M52*2 油管护套M52*2 M52*2			candidate	needs_review	clarify_specs_before_use	purchase_2024_candidate_rows=1690；purchase_2024_source_rows=1691；draft_sku_id=SKU-DRAFT-001676	缺失规格：材质；整理依据：材质/适配油管缺失，会影响油管护套SKU区分；导入口径：do_not_import_missing_specs；重分类：液压/油管护套 -> 液压气动/高压管路；分类置信度：high；油管护套为液压高压管路保护件。	2026-07-03
PIPE-000403	油管护套	螺纹/规格：M16*1		液压气动/高压管路	只			油管护套M16*1	PIPE-000403 油管护套 液压/油管护套 只 螺纹/规格：M16*1 油管护套M16*1 M16*1			candidate	needs_review	clarify_specs_before_use	purchase_2024_candidate_rows=1691；purchase_2024_source_rows=1692；draft_sku_id=SKU-DRAFT-001677	缺失规格：材质；整理依据：材质/适配油管缺失，会影响油管护套SKU区分；导入口径：do_not_import_missing_specs；重分类：液压/油管护套 -> 液压气动/高压管路；分类置信度：high；油管护套为液压高压管路保护件。	2026-07-03
MAT-000178	铭牌	定制：是；尺寸：70*40		定制加工件/标识铭牌	只			订制铭牌70*40；定制铭牌70*40	MAT-000178 铭牌 定制件/标识铭牌 只 定制：是 尺寸：70*40 订制铭牌70*40 定制铭牌70*40 是 70*40			candidate	needs_review	clarify_specs_before_use	purchase_2024_candidate_rows=1692；purchase_2024_source_rows=1693；draft_sku_id=SKU-DRAFT-001678	缺失规格：材质；整理依据：定制件材质/内容/图纸缺失，无法唯一确定铭牌SKU；导入口径：do_not_import_missing_specs；重分类：定制件/标识铭牌 -> 定制加工件/标识铭牌；分类置信度：high；订制铭牌归标识铭牌加工件。	2026-07-03
TOOL-000249	高粱扫把	材质：高粱；类型：扫把		清洁办公后勤/清洁工具	把			高粱扫把	TOOL-000249 高粱扫把 清洁工具/扫把 把 材质：高粱 类型：扫把 高粱 扫把			candidate	usable	confirm_before_use	purchase_2024_candidate_rows=1693；purchase_2024_source_rows=1694；draft_sku_id=SKU-DRAFT-001679	缺失规格：规格；整理依据：规格缺失，按材质/类型先建候选；导入口径：confirm_then_import；重分类：清洁工具/扫把 -> 清洁办公后勤/清洁工具；分类置信度：high；扫把为清洁工具，旧劳保耗材错误。	2026-07-03
TOOL-000250	钢丝球	类型：钢丝球		清洁办公后勤/清洁耗材	个			钢丝球	TOOL-000250 钢丝球 清洁耗材/清洁工具 个 类型：钢丝球			candidate	usable	confirm_before_use	purchase_2024_candidate_rows=1694；purchase_2024_source_rows=1695；draft_sku_id=SKU-DRAFT-001680	缺失规格：材质；整理依据：材质/包装数量缺失，按单个钢丝球先建候选；导入口径：confirm_then_import；重分类：清洁耗材/清洁工具 -> 清洁办公后勤/清洁耗材；分类置信度：high；钢丝球用于清洁去污，旧劳保耗材不准确。	2026-07-03
CHEM-000120	油漆	品牌：立邦；颜色：蓝色；包装：18kg		化工胶粘涂料/涂料	桶			立邦蓝色油漆18kg	CHEM-000120 油漆 油漆涂料/油漆 桶 品牌：立邦 颜色：蓝色 包装：18kg 立邦蓝色油漆18kg 立邦 蓝色 18kg	立邦		candidate	needs_review	clarify_specs_before_use	purchase_2024_candidate_rows=1695；purchase_2024_source_rows=1696；draft_sku_id=SKU-DRAFT-001681	缺失规格：型号；整理依据：油漆类型/型号/SDS缺失，会影响油漆SKU区分；导入口径：do_not_import_missing_specs；重分类：油漆涂料/油漆 -> 化工胶粘涂料/涂料；分类置信度：high；油漆归涂料类。	2026-07-03
TOOL-000251	钢刷	材质：钢丝；类型：钢刷		工具耗材/刷具	把			钢刷	TOOL-000251 钢刷 涂装工具/刷子 把 材质：钢丝 类型：钢刷 钢丝			candidate	needs_review	clarify_specs_before_use	purchase_2024_candidate_rows=1697；purchase_2024_source_rows=1698；draft_sku_id=SKU-DRAFT-001682	缺失规格：尺寸；整理依据：与同名钢刷可合并；尺寸/形制缺失，单位需统一；导入口径：do_not_import_missing_specs；重分类：涂装工具/刷子 -> 工具耗材/刷具；分类置信度：high；钢刷为清理打磨刷具。	2026-07-03
CHEM-000121	自喷漆	颜色：葱绿色		化工胶粘涂料/涂料	瓶			葱绿色自喷漆	CHEM-000121 自喷漆 油漆涂料/自喷漆 瓶 颜色：葱绿色 葱绿色自喷漆 葱绿色			candidate	needs_review	clarify_specs_before_use	purchase_2024_candidate_rows=1698；purchase_2024_source_rows=1699；draft_sku_id=SKU-DRAFT-001683	缺失规格：品牌；容量；色号；整理依据：品牌/容量/色号缺失，会影响自喷漆SKU区分；导入口径：do_not_import_missing_specs；重分类：油漆涂料/自喷漆 -> 化工胶粘涂料/涂料；分类置信度：high；自喷漆为涂料类化工材料。	2026-07-03
FAST-000078	橡胶垫片	材质：橡胶；规格：200		紧固件与连接件/垫圈	只			橡胶垫片200	FAST-000078 橡胶垫片 密封件/垫片 只 材质：橡胶 规格：200 橡胶垫片200 橡胶 200			candidate	needs_review	clarify_specs_before_use	purchase_2024_candidate_rows=1699；purchase_2024_source_rows=1700；draft_sku_id=SKU-DRAFT-001684	缺失规格：厚度；整理依据：内径/外径/厚度缺失，无法区分橡胶垫片SKU；导入口径：do_not_import_missing_specs；重分类：密封件/垫片 -> 紧固件与连接件/垫圈；分类置信度：medium；橡胶垫片按垫片/垫圈连接密封件归类。	2026-07-03
ELEC-000162	电缆	品牌：起帆；规格：3*1.5+1		电气电料/电线电缆	米			起帆电缆3*1.5+1；起帆电缆线3*1.5+1	ELEC-000162 电缆 电气/电线电缆 米 品牌：起帆 规格：3*1.5+1 起帆电缆3*1.5+1 起帆电缆线3*1.5+1 起帆 3*1.5+1	起帆		candidate	needs_review	clarify_specs_before_use	purchase_2024_candidate_rows=1700；purchase_2024_source_rows=1701；draft_sku_id=SKU-DRAFT-001685	缺失规格：型号；材质；电压；整理依据：电缆型号/护套材质/电压等级缺失，会影响电缆SKU区分；导入口径：do_not_import_missing_specs；重分类：电气/电线电缆 -> 电气电料/电线电缆；分类置信度：high；样例均为多芯电缆。	2026-07-03
CHEM-000122	橡胶平板输送带	材质：橡胶；宽度：1m；厚度：10mm		设备备件/通用机械备件	件			橡胶平板输送带1m*10mm	CHEM-000122 橡胶平板输送带 输送设备/输送带 件 材质：橡胶 宽度：1m 厚度：10mm 橡胶平板输送带1m*10mm 橡胶 1m 10mm			candidate	needs_review	clarify_specs_before_use	purchase_2024_candidate_rows=1701；purchase_2024_source_rows=1702；draft_sku_id=SKU-DRAFT-001686	缺失规格：强度等级；长度；整理依据：长度/层数/强度等级缺失，会影响输送带SKU区分；导入口径：do_not_import_missing_specs；重分类：输送设备/输送带 -> 设备备件/通用机械备件；分类置信度：high；输送带是输送设备更换备件。	2026-07-03
TOOL-000252	铲刀	类型：铲刀		工具量具/手动工具	把			铲刀	TOOL-000252 铲刀 工具/手动工具 把 类型：铲刀			candidate	needs_review	clarify_specs_before_use	purchase_2024_candidate_rows=1702；purchase_2024_source_rows=1703；draft_sku_id=SKU-DRAFT-001687	缺失规格：材质；宽度；整理依据：宽度/材质缺失，无法区分铲刀SKU；导入口径：do_not_import_missing_specs；重分类：工具/手动工具 -> 工具量具/手动工具；分类置信度：high；铲刀为手动工具。	2026-07-03
TOOL-000253	漆刷	规格：3寸	用途:涂漆	工具耗材/刷具	把			漆刷3寸	TOOL-000253 漆刷 涂装工具/刷子 把 规格：3寸 用途:涂漆 漆刷3寸 3寸 涂漆			candidate	usable	confirm_before_use	purchase_2024_candidate_rows=1703；purchase_2024_source_rows=1704；draft_sku_id=SKU-DRAFT-001688	缺失规格：材质；整理依据：刷毛材质未明确，可能与羊毛刷等同类需确认；导入口径：confirm_then_import；重分类：涂装工具/刷子 -> 工具耗材/刷具；分类置信度：high；漆刷是涂装刷具耗材。	2026-07-03
CHEM-000123	油漆	品牌：立邦；颜色：中黄；包装：18KG		化工胶粘涂料/涂料	桶			立邦中黄油漆18KG	CHEM-000123 油漆 油漆涂料/油漆 桶 品牌：立邦 颜色：中黄 包装：18KG 立邦中黄油漆18KG 立邦 中黄 18KG	立邦		candidate	needs_review	clarify_specs_before_use	purchase_2024_candidate_rows=1704；purchase_2024_source_rows=1705；draft_sku_id=SKU-DRAFT-001689	缺失规格：型号；整理依据：油漆类型/型号/SDS缺失，会影响油漆SKU区分；导入口径：do_not_import_missing_specs；重分类：油漆涂料/油漆 -> 化工胶粘涂料/涂料；分类置信度：high；油漆归涂料类。	2026-07-03
HW-LOCK-000012	不锈钢挂锁	规格：40；材质：不锈钢；类型：通用挂锁		清洁办公后勤/门窗五金	把			40不锈钢通用挂锁	HW-LOCK-000012 不锈钢挂锁 五金/锁具 把 规格：40 材质：不锈钢 类型：通用挂锁 40不锈钢通用挂锁 40 不锈钢 通用挂锁			candidate	usable	confirm_before_use	purchase_2024_candidate_rows=1705；purchase_2024_source_rows=1706；draft_sku_id=SKU-DRAFT-001690	缺失规格：用途；锁体型号；整理依据：锁梁规格/钥匙通开情况缺失，需后续确认；导入口径：confirm_then_import；重分类：五金/锁具 -> 清洁办公后勤/门窗五金；分类置信度：high；挂锁属于门窗五金/锁具，旧五金按标准归并。	2026-07-03
CHEM-000124	自喷漆	颜色：白色		化工胶粘涂料/涂料	瓶			白色自喷漆	CHEM-000124 自喷漆 油漆涂料/自喷漆 瓶 颜色：白色 白色自喷漆 白色			candidate	needs_review	clarify_specs_before_use	purchase_2024_candidate_rows=1706；purchase_2024_source_rows=1707；draft_sku_id=SKU-DRAFT-001691	缺失规格：品牌；容量；色号；整理依据：品牌/容量/色号缺失，会影响自喷漆SKU区分；导入口径：do_not_import_missing_specs；重分类：油漆涂料/自喷漆 -> 化工胶粘涂料/涂料；分类置信度：high；自喷漆为涂料类化工材料。	2026-07-03
CHEM-000125	自喷漆	颜色：中灰色		化工胶粘涂料/涂料	瓶			中灰色自喷漆	CHEM-000125 自喷漆 油漆涂料/自喷漆 瓶 颜色：中灰色 中灰色自喷漆 中灰色			candidate	needs_review	clarify_specs_before_use	purchase_2024_candidate_rows=1707；purchase_2024_source_rows=1708；draft_sku_id=SKU-DRAFT-001692	缺失规格：品牌；容量；色号；整理依据：品牌/容量/色号缺失，会影响自喷漆SKU区分；导入口径：do_not_import_missing_specs；重分类：油漆涂料/自喷漆 -> 化工胶粘涂料/涂料；分类置信度：high；自喷漆为涂料类化工材料。	2026-07-03
MAT-000179	彩条布	类型：彩条布		包装覆盖周转/覆盖材料	㎡			彩条布	MAT-000179 彩条布 覆盖材料/彩条布 ㎡ 类型：彩条布			candidate	needs_review	clarify_specs_before_use	purchase_2024_candidate_rows=1708；purchase_2024_source_rows=1709；draft_sku_id=SKU-DRAFT-001693	缺失规格：宽度；整理依据：宽度/克重缺失，会影响彩条布SKU区分；导入口径：do_not_import_missing_specs；重分类：覆盖材料/彩条布 -> 包装覆盖周转/覆盖材料；分类置信度：high；彩条布用于覆盖防护，旧工程材料过宽。	2026-07-03
TOOL-000254	锂电角磨机套装	品牌：东成；供电：锂电；配置：二电一充		电动气动工具/电动工具	台			东成锂电角磨机二电一充	TOOL-000254 锂电角磨机套装 电动工具/角磨机 台 品牌：东成 供电：锂电 配置：二电一充 东成锂电角磨机二电一充 东成 锂电 二电一充	东成		candidate	needs_review	clarify_specs_before_use	purchase_2024_candidate_rows=1709；purchase_2024_source_rows=1710；draft_sku_id=SKU-DRAFT-001694	缺失规格：型号；规格；电压；整理依据：电池电压/砂轮规格/型号缺失，会影响角磨机SKU区分；导入口径：do_not_import_missing_specs；重分类：电动工具/角磨机 -> 电动气动工具/电动工具；分类置信度：high；角磨机套装仍属电动工具。	2026-07-03
PIPE-000404	PPR堵头	材质：PPR；规格：4分；类型：堵头		管材管件阀门/堵头	只			PPR4分堵头	PIPE-000404 PPR堵头 管件/PPR管件 只 材质：PPR 规格：4分 类型：堵头 PPR4分堵头 PPR 4分 堵头			candidate	needs_review	clarify_specs_before_use	purchase_2024_candidate_rows=1710；purchase_2024_source_rows=1711；draft_sku_id=SKU-DRAFT-001695	缺失规格：品牌；压力等级；整理依据：压力等级/品牌缺失，会影响PPR管件SKU区分；导入口径：do_not_import_missing_specs；重分类：管件/PPR管件 -> 管材管件阀门/堵头；分类置信度：high；PPR堵头/闷头是管端封堵件；推荐二级无堵头，新增二级。	2026-07-03
PIPE-000405	PPR堵头	材质：PPR；规格：6分；类型：堵头		管材管件阀门/堵头	只			PPR6分堵头	PIPE-000405 PPR堵头 管件/PPR管件 只 材质：PPR 规格：6分 类型：堵头 PPR6分堵头 PPR 6分 堵头			candidate	needs_review	clarify_specs_before_use	purchase_2024_candidate_rows=1711；purchase_2024_source_rows=1712；draft_sku_id=SKU-DRAFT-001696	缺失规格：品牌；压力等级；整理依据：压力等级/品牌缺失，会影响PPR管件SKU区分；导入口径：do_not_import_missing_specs；重分类：管件/PPR管件 -> 管材管件阀门/堵头；分类置信度：high；PPR堵头/闷头是管端封堵件；推荐二级无堵头，新增二级。	2026-07-03
PIPE-000406	PPR堵头	材质：PPR；规格：20mm；类型：闷头/堵头		管材管件阀门/堵头	只			PPR20mm闷头	PIPE-000406 PPR堵头 管件/PPR管件 只 材质：PPR 规格：20mm 类型：闷头/堵头 PPR20mm闷头 PPR 20mm 闷头/堵头			candidate	needs_review	clarify_specs_before_use	purchase_2024_candidate_rows=1712；purchase_2024_source_rows=1713；draft_sku_id=SKU-DRAFT-001697	缺失规格：品牌；压力等级；整理依据：闷头按堵头归一；压力等级/品牌缺失，会影响PPR管件SKU区分；导入口径：do_not_import_missing_specs；重分类：管件/PPR管件 -> 管材管件阀门/堵头；分类置信度：high；PPR堵头/闷头是管端封堵件；推荐二级无堵头，新增二级。	2026-07-03
PIPE-000407	PPR堵头	材质：PPR；规格：25mm；类型：闷头/堵头		管材管件阀门/堵头	只			PPR25mm闷头	PIPE-000407 PPR堵头 管件/PPR管件 只 材质：PPR 规格：25mm 类型：闷头/堵头 PPR25mm闷头 PPR 25mm 闷头/堵头			candidate	needs_review	clarify_specs_before_use	purchase_2024_candidate_rows=1713；purchase_2024_source_rows=1714；draft_sku_id=SKU-DRAFT-001698	缺失规格：品牌；压力等级；整理依据：闷头按堵头归一；压力等级/品牌缺失，会影响PPR管件SKU区分；导入口径：do_not_import_missing_specs；重分类：管件/PPR管件 -> 管材管件阀门/堵头；分类置信度：high；PPR堵头/闷头是管端封堵件；推荐二级无堵头，新增二级。	2026-07-03
PIPE-000408	PPR管剪	用途：PPR管剪切		工具量具/手动工具	把			PPR剪刀	PIPE-000408 PPR管剪 工具/管道工具 把 用途：PPR管剪切 PPR剪刀 PPR管剪切			candidate	needs_review	clarify_specs_before_use	purchase_2024_candidate_rows=1714；purchase_2024_source_rows=1715；draft_sku_id=SKU-DRAFT-001699	缺失规格：品牌；整理依据：剪切范围/品牌缺失，会影响管剪SKU区分；导入口径：do_not_import_missing_specs；重分类：工具/管道工具 -> 工具量具/手动工具；分类置信度：high；PPR管剪为手动剪切工具。	2026-07-03
METAL-000114	花纹钢板	尺寸：6m*1.26m；厚度：6mm；表面：花纹		金属材料/钢板	张			花纹钢板6m*1.26m*6mm	METAL-000114 花纹钢板 钢材/钢板 张 尺寸：6m*1.26m 厚度：6mm 表面：花纹 花纹钢板6m*1.26m*6mm 6m*1.26m 6mm 花纹			candidate	needs_review	clarify_specs_before_use	purchase_2024_candidate_rows=1715；purchase_2024_source_rows=1716；draft_sku_id=SKU-DRAFT-001700	缺失规格：材质；执行标准；整理依据：材质/执行标准缺失，会影响钢板SKU区分；导入口径：do_not_import_missing_specs；重分类：钢材/钢板 -> 金属材料/钢板；分类置信度：high；花纹钢板属于钢板原材。	2026-07-03
CONST-000026	镂空数字喷涂模板	字符：0-9；类型：镂空数字模板		工具量具/涂装工具	套			镂空数字漆模0-9	CONST-000026 镂空数字喷涂模板 涂装工具/喷涂模板 套 字符：0-9 类型：镂空数字模板 镂空数字漆模0-9 0-9 镂空数字模板			candidate	needs_review	clarify_specs_before_use	purchase_2024_candidate_rows=1716；purchase_2024_source_rows=1717；draft_sku_id=SKU-DRAFT-001701	缺失规格：材质；尺寸；整理依据：材质/尺寸缺失，会影响喷涂模板SKU区分；导入口径：do_not_import_missing_specs；重分类：涂装工具/喷涂模板 -> 工具量具/涂装工具；分类置信度：high；新建二级涂装工具；喷涂模板是喷漆标记用工具。	2026-07-03
METAL-000115	钢销	直径：14mm；长度：1m；材质：钢		紧固件与连接件/销	根			钢销14mm*1m	METAL-000115 钢销 紧固件/销 根 直径：14mm 长度：1m 材质：钢 钢销14mm*1m 14mm 1m 钢			candidate	needs_review	clarify_specs_before_use	purchase_2024_candidate_rows=1717；purchase_2024_source_rows=1718；draft_sku_id=SKU-DRAFT-001702	缺失规格：执行标准；整理依据：材质牌号/执行标准缺失，会影响钢销SKU区分；导入口径：do_not_import_missing_specs；重分类：紧固件/销 -> 紧固件与连接件/销；分类置信度：high；新建二级销；钢销为定位连接件。	2026-07-03
ELEC-000163	PVC线槽	品牌：公牛；材质：PVC；规格：25mm		电气电料/电气辅材	米			公牛PVC线槽25mm	ELEC-000163 PVC线槽 电气/线槽桥架 米 品牌：公牛 材质：PVC 规格：25mm 公牛PVC线槽25mm 公牛 PVC 25mm	公牛		candidate	needs_review	clarify_specs_before_use	purchase_2024_candidate_rows=1718；purchase_2024_source_rows=1719；draft_sku_id=SKU-DRAFT-001703	缺失规格：型号；电压；电流；安装方式；整理依据：宽高规格未明确，会影响PVC线槽SKU区分；导入口径：do_not_import_missing_specs；重分类：电气/线槽桥架 -> 电气电料/电气辅材；分类置信度：high；PVC线槽用于电线敷设保护，按电气辅材归类。	2026-07-03
ELEC-000164	五孔插座	品牌：公牛；安装：明装；类型：五孔		电气电料/插头插座	套			公牛明装五孔插座	ELEC-000164 五孔插座 电气/插座 套 品牌：公牛 安装：明装 类型：五孔 公牛明装五孔插座 公牛 明装 五孔	公牛		candidate	usable	confirm_before_use	purchase_2024_candidate_rows=1719；purchase_2024_source_rows=1720；draft_sku_id=SKU-DRAFT-001704	缺失规格：型号；电流；整理依据：额定电流/型号缺失，需后续确认；导入口径：confirm_then_import；重分类：电气/插座 -> 电气电料/插头插座；分类置信度：high；五孔插座属于插头插座类电气材料。	2026-07-03
METAL-000116	钢钉	长度：25mm；材质：钢		紧固件与连接件/钉	盒			钢钉25mm	METAL-000116 钢钉 紧固件/钉 盒 长度：25mm 材质：钢 钢钉25mm 25mm 钢			candidate	needs_review	clarify_specs_before_use	purchase_2024_candidate_rows=1720；purchase_2024_source_rows=1721；draft_sku_id=SKU-DRAFT-001705	缺失规格：直径；整理依据：直径/每盒数量缺失，会影响钢钉SKU区分；导入口径：do_not_import_missing_specs；重分类：紧固件/钉 -> 紧固件与连接件/钉；分类置信度：high；新建二级钉；钢钉是钉类紧固件。	2026-07-03
MAT-000180	吊包	额定载荷：1吨		吊装索具/吊包	只			吊包1吨	MAT-000180 吊包 吊装索具/吊包 只 额定载荷：1吨 吊包1吨 1吨			candidate	needs_review	clarify_specs_before_use	purchase_2024_candidate_rows=1721；purchase_2024_source_rows=1722；draft_sku_id=SKU-DRAFT-001706	缺失规格：材质；尺寸；安全系数；整理依据：材质/尺寸/安全系数缺失，会影响吊包SKU区分；导入口径：do_not_import_missing_specs	2026-07-03
SAFE-000102	棉纱口罩	材质：棉纱；类型：口罩		劳保防护/呼吸防护	只			棉纱口罩	SAFE-000102 棉纱口罩 劳保耗材/呼吸防护 只 材质：棉纱 类型：口罩 棉纱 口罩			candidate	needs_review	clarify_specs_before_use	purchase_2024_candidate_rows=1722；purchase_2024_source_rows=1723；draft_sku_id=SKU-DRAFT-001707	缺失规格：规格；安全等级；认证标准；整理依据：层数/防护等级缺失，会影响口罩SKU区分；导入口径：do_not_import_missing_specs；重分类：劳保耗材/呼吸防护 -> 劳保防护/呼吸防护；分类置信度：high；棉纱口罩属于呼吸防护。	2026-07-03
SAFE-000103	一次性口罩	类型：一次性口罩		劳保防护/呼吸防护	只			一次性口罩	SAFE-000103 一次性口罩 劳保耗材/呼吸防护 只 类型：一次性口罩			candidate	needs_review	clarify_specs_before_use	purchase_2024_candidate_rows=1723；purchase_2024_source_rows=1724；draft_sku_id=SKU-DRAFT-001708	缺失规格：材质；规格；安全等级；认证标准；整理依据：防护级别/包装数量缺失，会影响口罩SKU区分；导入口径：do_not_import_missing_specs；重分类：劳保耗材/呼吸防护 -> 劳保防护/呼吸防护；分类置信度：high；一次性口罩用于人员呼吸防护，旧劳保耗材不保留为分类。	2026-07-03
CHEM-000126	自喷漆	颜色：红色		化工胶粘涂料/涂料	瓶			红色自喷漆	CHEM-000126 自喷漆 油漆涂料/自喷漆 瓶 颜色：红色 红色自喷漆 红色			candidate	needs_review	clarify_specs_before_use	purchase_2024_candidate_rows=1724；purchase_2024_source_rows=1725；draft_sku_id=SKU-DRAFT-001709	缺失规格：品牌；容量；色号；整理依据：品牌/容量/色号缺失，会影响自喷漆SKU区分；导入口径：do_not_import_missing_specs；重分类：油漆涂料/自喷漆 -> 化工胶粘涂料/涂料；分类置信度：high；自喷漆为涂料类化工材料。	2026-07-03
TOOL-000255	棉拖把	材质：棉；类型：拖把		清洁办公后勤/清洁工具	只			棉拖把	TOOL-000255 棉拖把 清洁工具/拖把 只 材质：棉 类型：拖把 棉 拖把			candidate	needs_review	clarify_specs_before_use	purchase_2024_candidate_rows=1725；purchase_2024_source_rows=1726；draft_sku_id=SKU-DRAFT-001710	缺失规格：规格；整理依据：规格缺失，无法区分棉拖把SKU；导入口径：do_not_import_missing_specs；重分类：清洁工具/拖把 -> 清洁办公后勤/清洁工具；分类置信度：high；棉拖把属于清洁工具。	2026-07-03
ELEC-000165	电箱锁	适用对象：电箱；类型：锁		电气电料/电气辅材	套			电箱锁	ELEC-000165 电箱锁 电气/配电箱配件 套 适用对象：电箱 类型：锁 电箱 锁			candidate	needs_review	clarify_specs_before_use	purchase_2024_candidate_rows=1726；purchase_2024_source_rows=1727；draft_sku_id=SKU-DRAFT-001711	缺失规格：尺寸；整理依据：锁型/尺寸/钥匙通开情况缺失，会影响电箱锁SKU区分；导入口径：do_not_import_missing_specs；重分类：电气/配电箱配件 -> 电气电料/电气辅材；分类置信度：high；电箱锁为配电箱附件，不按普通门锁归类。	2026-07-03
METAL-000117	不锈钢水龙头	材质：不锈钢；类型：水龙头		管材管件阀门/水暖五金	只			不锈钢水龙头	METAL-000117 不锈钢水龙头 水暖五金/水龙头 只 材质：不锈钢 类型：水龙头 不锈钢 水龙头			candidate	needs_review	clarify_specs_before_use	purchase_2024_candidate_rows=1727；purchase_2024_source_rows=1728；draft_sku_id=SKU-DRAFT-001712	缺失规格：规格；口径；整理依据：规格/连接口径缺失，会影响水龙头SKU区分；导入口径：do_not_import_missing_specs；重分类：水暖五金/水龙头 -> 管材管件阀门/水暖五金；分类置信度：high；水龙头属于水暖五金，旧工程材料过宽。	2026-07-03
SAFE-000104	创可贴	类型：创可贴		劳保防护/急救用品	盒			创可贴	SAFE-000104 创可贴 劳保/急救用品 盒 类型：创可贴			candidate	needs_review	clarify_specs_before_use	purchase_2024_candidate_rows=1728；purchase_2024_source_rows=1729；draft_sku_id=SKU-DRAFT-001713	缺失规格：规格；整理依据：规格/片数缺失，会影响创可贴SKU区分；导入口径：do_not_import_missing_specs；重分类：劳保/急救用品 -> 劳保防护/急救用品；分类置信度：medium；创可贴为现场急救劳保用品；推荐二级无急救用品，新增二级。	2026-07-03
CHEM-000127	透明胶带	品牌：3M；颜色：透明		包装覆盖周转/胶带	卷			3M透明胶带	CHEM-000127 透明胶带 胶带/办公工业胶带 卷 品牌：3M 颜色：透明 3M透明胶带 3M 透明	3M		candidate	needs_review	clarify_specs_before_use	purchase_2024_candidate_rows=1729；purchase_2024_source_rows=1730；draft_sku_id=SKU-DRAFT-001714	缺失规格：长度；宽度；整理依据：宽度/长度缺失，会影响胶带SKU区分；导入口径：do_not_import_missing_specs；重分类：胶带/办公工业胶带 -> 包装覆盖周转/胶带；分类置信度：high；透明胶带属于包装胶带。	2026-07-03
MAT-000181	万向脚轮	类型：万向轮		设备备件/通用机械备件	只			万向轮	MAT-000181 万向脚轮 物流搬运/脚轮 只 类型：万向轮 万向轮			candidate	needs_review	clarify_specs_before_use	purchase_2024_candidate_rows=1730；purchase_2024_source_rows=1731；draft_sku_id=SKU-DRAFT-001715	缺失规格：尺寸；整理依据：尺寸/载重/是否带刹车缺失，会影响脚轮SKU区分；导入口径：do_not_import_missing_specs；重分类：物流搬运/脚轮 -> 设备备件/通用机械备件；分类置信度：high；脚轮为设备/周转车通用备件；旧物流搬运不是标准类目。	2026-07-03
TOOL-000256	钢卷尺	品牌：雄狮；长度：100m；材质：钢		工具量具/测量工具	只			雄狮钢卷尺100m	TOOL-000256 钢卷尺 工具/测量工具 只 品牌：雄狮 长度：100m 材质：钢 雄狮钢卷尺100m 雄狮 100m 钢	雄狮		candidate	usable	confirm_before_use	purchase_2024_candidate_rows=1731；purchase_2024_source_rows=1732；draft_sku_id=SKU-DRAFT-001716	缺失规格：宽度；精度；整理依据：精度等级/尺带宽度缺失，需后续确认；导入口径：confirm_then_import；重分类：工具/测量工具 -> 工具量具/测量工具；分类置信度：high；卷尺用于长度测量。	2026-07-03
TOOL-000257	墨斗	类型：墨斗		工具量具/测量工具	个			墨斗	TOOL-000257 墨斗 工具/测量放线工具 个 类型：墨斗			candidate	usable	confirm_before_use	purchase_2024_candidate_rows=1732；purchase_2024_source_rows=1733；draft_sku_id=SKU-DRAFT-001717	缺失规格：品牌；规格；整理依据：规格/品牌缺失，按通用墨斗先建候选；导入口径：confirm_then_import；重分类：工具/测量放线工具 -> 工具量具/测量工具；分类置信度：high；墨斗用于施工放线测量。	2026-07-03
MAT-000182	蚕丝被	材质：蚕丝；类型：被子		清洁办公后勤/生活用品	套			蚕丝被	MAT-000182 蚕丝被 行政后勤/生活用品 套 材质：蚕丝 类型：被子 蚕丝 被子			candidate	needs_review	clarify_specs_before_use	purchase_2024_candidate_rows=1733；purchase_2024_source_rows=1734；draft_sku_id=SKU-DRAFT-001718	缺失规格：尺寸；整理依据：尺寸/填充重量缺失；单位与既有同类可能需统一；导入口径：do_not_import_missing_specs；重分类：行政后勤/生活用品 -> 清洁办公后勤/生活用品；分类置信度：high；蚕丝被为生活后勤用品。	2026-07-03
TOOL-000258	牙刷	类型：牙刷		清洁办公后勤/生活用品	支			牙刷	TOOL-000258 牙刷 行政后勤/生活用品 支 类型：牙刷			candidate	needs_review	clarify_specs_before_use	purchase_2024_candidate_rows=1735；purchase_2024_source_rows=1736；draft_sku_id=SKU-DRAFT-001719	缺失规格：品牌；规格；整理依据：品牌/规格缺失，会影响牙刷SKU区分；导入口径：do_not_import_missing_specs；重分类：行政后勤/生活用品 -> 清洁办公后勤/生活用品；分类置信度：high；牙刷为生活后勤用品。	2026-07-03
ADMIN-000053	牙膏	类型：牙膏		清洁办公后勤/生活用品	支			牙膏	ADMIN-000053 牙膏 行政后勤/生活用品 支 类型：牙膏			candidate	needs_review	clarify_specs_before_use	purchase_2024_candidate_rows=1736；purchase_2024_source_rows=1737；draft_sku_id=SKU-DRAFT-001720	缺失规格：品牌；容量；整理依据：品牌/容量缺失，会影响牙膏SKU区分；导入口径：do_not_import_missing_specs；重分类：行政后勤/生活用品 -> 清洁办公后勤/生活用品；分类置信度：high；牙膏为生活后勤用品。	2026-07-03
MAT-000183	漱口杯	类型：漱口杯		清洁办公后勤/生活用品	只			漱口杯	MAT-000183 漱口杯 行政后勤/生活用品 只 类型：漱口杯			candidate	needs_review	clarify_specs_before_use	purchase_2024_candidate_rows=1737；purchase_2024_source_rows=1738；draft_sku_id=SKU-DRAFT-001721	缺失规格：材质；容量；整理依据：材质/容量缺失，会影响漱口杯SKU区分；导入口径：do_not_import_missing_specs；重分类：行政后勤/生活用品 -> 清洁办公后勤/生活用品；分类置信度：high；漱口杯为后勤生活用品。	2026-07-03
MAT-000184	洗发露	品牌：海飞丝；类型：洗发露		清洁办公后勤/生活用品	瓶			海飞丝洗发露	MAT-000184 洗发露 行政后勤/生活用品 瓶 品牌：海飞丝 类型：洗发露 海飞丝洗发露 海飞丝	海飞丝		candidate	needs_review	clarify_specs_before_use	purchase_2024_candidate_rows=1738；purchase_2024_source_rows=1739；draft_sku_id=SKU-DRAFT-001722	缺失规格：容量；整理依据：容量缺失，会影响洗发露SKU区分；导入口径：do_not_import_missing_specs；重分类：行政后勤/生活用品 -> 清洁办公后勤/生活用品；分类置信度：high；洗发露是后勤生活用品。	2026-07-03
MAT-000185	沐浴露	类型：沐浴露		清洁办公后勤/生活用品	瓶			沐浴露	MAT-000185 沐浴露 行政后勤/生活用品 瓶 类型：沐浴露			candidate	needs_review	clarify_specs_before_use	purchase_2024_candidate_rows=1739；purchase_2024_source_rows=1740；draft_sku_id=SKU-DRAFT-001723	缺失规格：品牌；容量；整理依据：品牌/容量缺失，会影响沐浴露SKU区分；导入口径：do_not_import_missing_specs；重分类：行政后勤/生活用品 -> 清洁办公后勤/生活用品；分类置信度：high；沐浴露是生活用品。	2026-07-03
ADMIN-000054	拖鞋	类型：拖鞋		清洁办公后勤/生活用品	双			拖鞋	ADMIN-000054 拖鞋 行政后勤/生活用品 双 类型：拖鞋			candidate	needs_review	clarify_specs_before_use	purchase_2024_candidate_rows=1740；purchase_2024_source_rows=1741；draft_sku_id=SKU-DRAFT-001724	缺失规格：材质；整理依据：尺码/材质缺失，会影响拖鞋SKU区分；导入口径：do_not_import_missing_specs；重分类：行政后勤/生活用品 -> 清洁办公后勤/生活用品；分类置信度：high；拖鞋为后勤生活用品。	2026-07-03
MAT-000186	洗脸盆	类型：洗脸盆		管材管件阀门/水暖五金	只			洗脸盆	MAT-000186 洗脸盆 行政后勤/生活用品 只 类型：洗脸盆			candidate	needs_review	clarify_specs_before_use	purchase_2024_candidate_rows=1741；purchase_2024_source_rows=1742；draft_sku_id=SKU-DRAFT-001725	缺失规格：材质；尺寸；整理依据：材质/尺寸缺失，会影响洗脸盆SKU区分；导入口径：do_not_import_missing_specs；重分类：行政后勤/生活用品 -> 管材管件阀门/水暖五金；分类置信度：medium；2米不锈钢洗脸盆与生活洗脸盆用途差异明显。；分类拆分待复核：按工程洁具/生活用品拆分；2米不锈钢洗脸盆与生活洗脸盆用途差异明显。	2026-07-03
PIPE-000409	管箍	规格：4寸；类型：管箍		管材管件阀门/直接	只			4寸管箍	PIPE-000409 管箍 管件/管箍 只 规格：4寸 类型：管箍 4寸管箍 4寸			candidate	needs_review	clarify_specs_before_use	purchase_2024_candidate_rows=1742；purchase_2024_source_rows=1743；draft_sku_id=SKU-DRAFT-001726	缺失规格：材质；连接方式；整理依据：材质/连接方式缺失，会影响管箍SKU区分；导入口径：do_not_import_missing_specs；重分类：管件/管箍 -> 管材管件阀门/直接；分类置信度：medium；管箍用于管路直连套接，按直接类管件处理。	2026-07-03
PIPE-000410	合金两半扣	材质：合金；规格：DN100；类型：两半扣		液压气动/液压接头	套			合金两半扣DN100	PIPE-000410 合金两半扣 液压/管路扣件 套 材质：合金 规格：DN100 类型：两半扣 合金两半扣DN100 合金 DN100 两半扣			candidate	needs_review	clarify_specs_before_use	purchase_2024_candidate_rows=1743；purchase_2024_source_rows=1744；draft_sku_id=SKU-DRAFT-001727	缺失规格：压力等级；整理依据：适配管件/压力等级缺失，会影响两半扣SKU区分；导入口径：do_not_import_missing_specs；重分类：液压/管路扣件 -> 液压气动/液压接头；分类置信度：high；两半扣用于液压管路连接固定。	2026-07-03
CHEM-000128	PET条码不干胶标签	材质：哑银PET；尺寸：40mm*25mm；每卷：1200张		包装覆盖周转/标签耗材	卷			哑银pet条码不干胶贴纸40mm*25mm*1200张	CHEM-000128 PET条码不干胶标签 标签耗材/不干胶标签 卷 材质：哑银PET 尺寸：40mm*25mm 每卷：1200张 哑银pet条码不干胶贴纸40mm*25mm*1200张 哑银PET 40mm*25mm 1200张			candidate	usable	confirm_before_use	purchase_2024_candidate_rows=1744；purchase_2024_source_rows=1745；draft_sku_id=SKU-DRAFT-001728	缺失规格：规格；整理依据：胶性/卷芯规格缺失，需后续确认；导入口径：confirm_then_import；重分类：标签耗材/不干胶标签 -> 包装覆盖周转/标签耗材；分类置信度：medium；条码不干胶用于标识包装；推荐二级无标签耗材，新增二级。	2026-07-03
CHEM-000129	PET条码不干胶标签	材质：哑银PET；尺寸：30mm*10mm；每卷：5000张		包装覆盖周转/标签耗材	卷			哑银pet条码不干胶贴纸30mm*10mm*5000张	CHEM-000129 PET条码不干胶标签 标签耗材/不干胶标签 卷 材质：哑银PET 尺寸：30mm*10mm 每卷：5000张 哑银pet条码不干胶贴纸30mm*10mm*5000张 哑银PET 30mm*10mm 5000张			candidate	usable	confirm_before_use	purchase_2024_candidate_rows=1745；purchase_2024_source_rows=1746；draft_sku_id=SKU-DRAFT-001729	缺失规格：规格；整理依据：胶性/卷芯规格缺失，需后续确认；导入口径：confirm_then_import；重分类：标签耗材/不干胶标签 -> 包装覆盖周转/标签耗材；分类置信度：medium；条码不干胶用于标识包装；推荐二级无标签耗材，新增二级。	2026-07-03
MAT-000187	全树脂基碳带	进口：是；类型：全树脂基；宽度：90mm；长度：300米		包装覆盖周转/标签耗材	卷			进口全树脂基碳带90mm*300米	MAT-000187 全树脂基碳带 标签耗材/碳带 卷 进口：是 类型：全树脂基 宽度：90mm 长度：300米 进口全树脂基碳带90mm*300米 是 全树脂基 90mm 300米			candidate	usable	confirm_before_use	purchase_2024_candidate_rows=1746；purchase_2024_source_rows=1747；draft_sku_id=SKU-DRAFT-001730	缺失规格：品牌；材质；整理依据：品牌/适配标签材质缺失，需后续确认；导入口径：confirm_then_import；重分类：标签耗材/碳带 -> 包装覆盖周转/标签耗材；分类置信度：medium；碳带用于标签打印识别；推荐二级无标签耗材，新增二级。	2026-07-03
ELEC-000166	五孔插座面板	品牌：公牛；类型：五孔插座面板		电气电料/插头插座	只			公牛五孔插座面板	ELEC-000166 五孔插座面板 电气/插座 只 品牌：公牛 类型：五孔插座面板 公牛五孔插座面板 公牛	公牛		candidate	usable	confirm_before_use	purchase_2024_candidate_rows=1747；purchase_2024_source_rows=1748；draft_sku_id=SKU-DRAFT-001731	缺失规格：电流；整理依据：安装方式/额定电流缺失，需后续确认；导入口径：confirm_then_import；重分类：电气/插座 -> 电气电料/插头插座；分类置信度：high；五孔插座面板属于插头插座类电气材料。	2026-07-03
ELEC-000167	电缆	品牌：起帆；规格：4*2.5		电气电料/电线电缆	米			起帆电缆4*2.5	ELEC-000167 电缆 电气/电线电缆 米 品牌：起帆 规格：4*2.5 起帆电缆4*2.5 起帆 4*2.5	起帆		candidate	needs_review	clarify_specs_before_use	purchase_2024_candidate_rows=1748；purchase_2024_source_rows=1749；draft_sku_id=SKU-DRAFT-001732	缺失规格：型号；材质；电压；整理依据：电缆型号/护套材质/电压等级缺失，会影响电缆SKU区分；导入口径：do_not_import_missing_specs；重分类：电气/电线电缆 -> 电气电料/电线电缆；分类置信度：high；样例均为多芯电缆。	2026-07-03
TOOL-000259	卷尺	品牌：得力；长度：10m		工具量具/测量工具	把			得力卷尺10m	TOOL-000259 卷尺 工具/测量工具 把 品牌：得力 长度：10m 得力卷尺10m 得力 10m	得力		candidate	usable	confirm_before_use	purchase_2024_candidate_rows=1749；purchase_2024_source_rows=1750；draft_sku_id=SKU-DRAFT-001733	缺失规格：宽度；精度；整理依据：尺带宽度/精度缺失，需后续确认；导入口径：confirm_then_import；重分类：工具/测量工具 -> 工具量具/测量工具；分类置信度：high；卷尺是测量工具，长度差异不拆分。	2026-07-03
TOOL-000260	卷尺	品牌：得力；长度：5m		工具量具/测量工具	把			得力卷尺5m	TOOL-000260 卷尺 工具/测量工具 把 品牌：得力 长度：5m 得力卷尺5m 得力 5m	得力		candidate	usable	confirm_before_use	purchase_2024_candidate_rows=1750；purchase_2024_source_rows=1751；draft_sku_id=SKU-DRAFT-001734	缺失规格：宽度；精度；整理依据：尺带宽度/精度缺失，需后续确认；导入口径：confirm_then_import；重分类：工具/测量工具 -> 工具量具/测量工具；分类置信度：high；卷尺是测量工具，长度差异不拆分。	2026-07-03
ELEC-000168	LED灯泡	品牌：飞利浦；功率：40W		电气电料/照明灯具	只			飞利浦led灯泡40W	ELEC-000168 LED灯泡 电气/照明灯具 只 品牌：飞利浦 功率：40W 飞利浦led灯泡40W 飞利浦 40W	飞利浦		candidate	needs_review	clarify_specs_before_use	purchase_2024_candidate_rows=1751；purchase_2024_source_rows=1752；draft_sku_id=SKU-DRAFT-001735	缺失规格：规格；整理依据：色温/灯头规格缺失，会影响LED灯泡SKU区分；导入口径：do_not_import_missing_specs；重分类：电气/照明灯具 -> 电气电料/照明灯具；分类置信度：high；样例均为LED灯泡，功率/品牌为规格差异。	2026-07-03
ELEC-000169	LED灯泡	品牌：飞利浦；功率：50W		电气电料/照明灯具	只			飞利浦led灯泡50W	ELEC-000169 LED灯泡 电气/照明灯具 只 品牌：飞利浦 功率：50W 飞利浦led灯泡50W 飞利浦 50W	飞利浦		candidate	needs_review	clarify_specs_before_use	purchase_2024_candidate_rows=1752；purchase_2024_source_rows=1753；draft_sku_id=SKU-DRAFT-001736	缺失规格：规格；整理依据：色温/灯头规格缺失，会影响LED灯泡SKU区分；导入口径：do_not_import_missing_specs；重分类：电气/照明灯具 -> 电气电料/照明灯具；分类置信度：high；样例均为LED灯泡，功率/品牌为规格差异。	2026-07-03
ELEC-000170	灯座	类型：灯座		电气电料/照明灯具	只			灯座	ELEC-000170 灯座 电气/照明配件 只 类型：灯座			candidate	needs_review	clarify_specs_before_use	purchase_2024_candidate_rows=1753；purchase_2024_source_rows=1754；draft_sku_id=SKU-DRAFT-001737	缺失规格：规格；整理依据：螺口规格缺失，无法区分不同灯座SKU；导入口径：do_not_import_missing_specs；重分类：电气/照明配件 -> 电气电料/照明灯具；分类置信度：high；灯座属于照明灯具配件。	2026-07-03
ELEC-TIE-000009	尼龙扎带	材质：尼龙；规格：10*500		电气电料/电气辅材	包			扎带10*500	ELEC-TIE-000009 尼龙扎带 电气耗材/扎带 包 材质：尼龙 规格：10*500 扎带10*500 尼龙 10*500			candidate	needs_review	clarify_specs_before_use	purchase_2024_candidate_rows=1754；purchase_2024_source_rows=1755；draft_sku_id=SKU-DRAFT-001738	缺失规格：每包数量；整理依据：每包数量缺失，会影响扎带按包采购的SKU区分；导入口径：do_not_import_missing_specs；重分类：电气耗材/扎带 -> 电气电料/电气辅材；分类置信度：high；尼龙扎带常作线缆绑扎辅材，规格差异不拆分。	2026-07-03
SAFE-000105	焊工眼镜	用途：焊工防护		劳保防护/眼面防护	付			焊工眼镜	SAFE-000105 焊工眼镜 劳保耗材/眼面防护 付 用途：焊工防护 焊工防护			candidate	needs_review	clarify_specs_before_use	purchase_2024_candidate_rows=1755；purchase_2024_source_rows=1756；draft_sku_id=SKU-DRAFT-001739	缺失规格：执行标准；整理依据：遮光号/执行标准缺失，无法稳定区分焊工眼镜SKU；导入口径：do_not_import_missing_specs；重分类：劳保耗材/眼面防护 -> 劳保防护/眼面防护；分类置信度：high；焊工眼镜属于眼面防护。	2026-07-03
METAL-000118	组合枪头	材质：铝合金；规格：Φ100变65；类型：组合枪头		设备备件/通用机械备件	套			铝合金Φ100变65组合枪头	METAL-000118 组合枪头 注浆设备/配件 套 材质：铝合金 规格：Φ100变65 类型：组合枪头 铝合金Φ100变65组合枪头 铝合金 Φ100变65			candidate	needs_review	clarify_specs_before_use	purchase_2024_candidate_rows=1756；purchase_2024_source_rows=1757；draft_sku_id=SKU-DRAFT-001740	缺失规格：厚度；长度；执行标准；整理依据：适配设备/接口缺失，会影响组合枪头SKU区分；导入口径：do_not_import_missing_specs；重分类：注浆设备/配件 -> 设备备件/通用机械备件；分类置信度：medium；组合枪头为注浆设备配件，归设备备件而非整机。	2026-07-03
ELEC-000171	LED塔灯	品牌：欧普；类型：LED塔灯；电压：380V；功率：1KW		电气电料/照明灯具	台			欧普LED380V-1KW塔灯	ELEC-000171 LED塔灯 电气/照明灯具 台 品牌：欧普 类型：LED塔灯 电压：380V 功率：1KW 欧普LED380V-1KW塔灯 欧普 380V 1KW	欧普		candidate	needs_review	clarify_specs_before_use	purchase_2024_candidate_rows=1757；purchase_2024_source_rows=1758；draft_sku_id=SKU-DRAFT-001741	缺失规格：型号；电流；安装方式；整理依据：防护等级/安装方式/信号层数缺失，会影响LED塔灯SKU区分；导入口径：do_not_import_missing_specs；重分类：电气/照明灯具 -> 电气电料/照明灯具；分类置信度：high；LED塔灯是现场照明灯具；旧电气照明归并到电气电料。	2026-07-03
METAL-000119	花纹钢板	尺寸：6m*1.51m；厚度：5.25mm；表面：花纹		金属材料/钢板	张			花纹钢板6m*1.51m*5.25mm	METAL-000119 花纹钢板 钢材/钢板 张 尺寸：6m*1.51m 厚度：5.25mm 表面：花纹 花纹钢板6m*1.51m*5.25mm 6m*1.51m 5.25mm 花纹			candidate	needs_review	clarify_specs_before_use	purchase_2024_candidate_rows=1758；purchase_2024_source_rows=1759；draft_sku_id=SKU-DRAFT-001742	缺失规格：材质；执行标准；整理依据：材质/执行标准缺失，会影响花纹钢板SKU区分；导入口径：do_not_import_missing_specs；重分类：钢材/钢板 -> 金属材料/钢板；分类置信度：high；花纹钢板属于钢板原材。	2026-07-03
CONST-000027	钢板镂空字体	定制：是；材质：钢板；工艺：线切割；字符：01-50	原始:漏空	定制加工件/标识铭牌	套			线切割钢板漏空字体01-50	CONST-000027 钢板镂空字体 定制件/标识模板 套 定制：是 材质：钢板 工艺：线切割 字符：01-50 原始:漏空 线切割钢板漏空字体01-50 是 钢板 线切割 01-50 漏空			candidate	needs_review	clarify_specs_before_use	purchase_2024_candidate_rows=1759；purchase_2024_source_rows=1760；draft_sku_id=SKU-DRAFT-001743	缺失规格：尺寸；整理依据：漏空疑似镂空，按镂空归一；尺寸/图纸缺失；导入口径：do_not_import_missing_specs；重分类：定制件/标识模板 -> 定制加工件/标识铭牌；分类置信度：high；定制钢板镂空字模用于标识喷涂，归标识铭牌类加工件。	2026-07-03
METAL-000120	镂空标识字牌	定制：是；材质：不锈钢；类型：标识字牌	原始:漏空	定制加工件/标识铭牌	件			订制不锈钢漏空标识字牌	METAL-000120 镂空标识字牌 定制件/标识铭牌 件 定制：是 材质：不锈钢 类型：标识字牌 原始:漏空 订制不锈钢漏空标识字牌 是 不锈钢 标识字牌 漏空			candidate	needs_review	clarify_specs_before_use	purchase_2024_candidate_rows=1760；purchase_2024_source_rows=1761；draft_sku_id=SKU-DRAFT-001744	缺失规格：尺寸；整理依据：漏空疑似镂空，按镂空归一；尺寸/内容/图纸缺失；导入口径：do_not_import_missing_specs；重分类：定制件/标识铭牌 -> 定制加工件/标识铭牌；分类置信度：high；定制镂空标识字牌归标识铭牌加工件。	2026-07-03
CONST-000028	阻燃地板革	特性：阻燃；尺寸：6m*2.5m		建筑材料/装饰材料	㎡			阻燃地板革6m*2.5m	CONST-000028 阻燃地板革 建筑装饰材料/地板革 ㎡ 特性：阻燃 尺寸：6m*2.5m 阻燃地板革6m*2.5m 阻燃 6m*2.5m			candidate	needs_review	clarify_specs_before_use	purchase_2024_candidate_rows=1761；purchase_2024_source_rows=1762；draft_sku_id=SKU-DRAFT-001745	缺失规格：材质；厚度；整理依据：厚度/材质/阻燃等级缺失，会影响地板革SKU区分；导入口径：do_not_import_missing_specs；重分类：建筑装饰材料/地板革 -> 建筑材料/装饰材料；分类置信度：high；地板革为建筑装饰材料。	2026-07-03
CHEM-000130	双面胶带	品牌：3M；宽度：35mm		化工胶粘涂料/胶粘剂	卷			3M双面胶35mm宽	CHEM-000130 双面胶带 胶带/工业胶带 卷 品牌：3M 宽度：35mm 3M双面胶35mm宽 3M 35mm	3M		candidate	needs_review	clarify_specs_before_use	purchase_2024_candidate_rows=1762；purchase_2024_source_rows=1763；draft_sku_id=SKU-DRAFT-001746	缺失规格：型号；长度；整理依据：长度/型号缺失，会影响双面胶带SKU区分；导入口径：do_not_import_missing_specs；重分类：胶带/工业胶带 -> 化工胶粘涂料/胶粘剂；分类置信度：high；3M双面胶带按胶粘材料归类。	2026-07-03
ADMIN-000055	垃圾袋	尺寸：1.2m*1.4m		清洁办公后勤/清洁耗材	条			垃圾袋1.2m*1.4m	ADMIN-000055 垃圾袋 行政后勤/清洁用品 条 尺寸：1.2m*1.4m 垃圾袋1.2m*1.4m 1.2m*1.4m			candidate	needs_review	clarify_specs_before_use	purchase_2024_candidate_rows=1763；purchase_2024_source_rows=1764；draft_sku_id=SKU-DRAFT-001747	缺失规格：厚度；每包数量；整理依据：厚度/每包数量缺失，会影响垃圾袋SKU区分；导入口径：do_not_import_missing_specs；重分类：行政后勤/清洁用品 -> 清洁办公后勤/清洁耗材；分类置信度：high；垃圾袋是清洁消耗品，旧劳保耗材错误。	2026-07-03
WELD-000046	乙炔减压表	介质：乙炔；类型：减压表		焊接切割/气瓶附件	只			乙炔表；乙炔减压表	WELD-000046 乙炔减压表 焊接工具/气体仪表 只 介质：乙炔 类型：减压表 乙炔表 乙炔 减压表			candidate	needs_review	clarify_specs_before_use	purchase_2024_candidate_rows=1764;1966；purchase_2024_source_rows=1765;1967；draft_sku_id=SKU-DRAFT-001748	缺失规格：量程；整理依据：原名为乙炔减压表但别名为乙炔表，按减压表候选；量程/接口缺失；量程/接口缺失，会影响乙炔减压表SKU区分；导入口径：do_not_import_missing_specs；重分类：焊接工具/气体仪表 -> 焊接切割/气瓶附件；分类置信度：high；乙炔减压表用于气瓶减压计量，归焊接切割气瓶附件。	2026-07-03
PIPE-000411	无缝钢管	外径：325；壁厚：12mm；长度：6米		金属材料/钢管	根			无缝管325*12mm*6米	PIPE-000411 无缝钢管 钢材/钢管 根 外径：325 壁厚：12mm 长度：6米 无缝管325*12mm*6米 325 12mm 6米			candidate	needs_review	clarify_specs_before_use	purchase_2024_candidate_rows=1765；purchase_2024_source_rows=1766；draft_sku_id=SKU-DRAFT-001749	缺失规格：材质；执行标准；整理依据：材质/执行标准缺失，会影响无缝钢管SKU区分；导入口径：do_not_import_missing_specs；重分类：钢材/钢管 -> 金属材料/钢管；分类置信度：high；无缝钢管属于金属钢管原材料。	2026-07-03
MAT-000188	油布	尺寸：10m*8.5m		包装覆盖周转/覆盖材料	㎡			油布10m*8.5m	MAT-000188 油布 覆盖材料/油布 ㎡ 尺寸：10m*8.5m 油布10m*8.5m 10m*8.5m			candidate	needs_review	clarify_specs_before_use	purchase_2024_candidate_rows=1766；purchase_2024_source_rows=1767；draft_sku_id=SKU-DRAFT-001750	缺失规格：材质；整理依据：材质/克重/防水等级缺失，会影响油布SKU区分；导入口径：do_not_import_missing_specs；重分类：覆盖材料/油布 -> 包装覆盖周转/覆盖材料；分类置信度：high；油布用于覆盖防护，旧劳保耗材不应作为分类。	2026-07-03
MAT-000189	货号牌	定制：是；用途：货号标识		定制加工件/标识铭牌	件			订制货号牌	MAT-000189 货号牌 定制件/标识铭牌 件 定制：是 用途：货号标识 订制货号牌 是 货号标识			candidate	needs_review	clarify_specs_before_use	purchase_2024_candidate_rows=1767；purchase_2024_source_rows=1768；draft_sku_id=SKU-DRAFT-001751	缺失规格：材质；尺寸；整理依据：材质/尺寸/内容缺失，定制货号牌需复核；导入口径：do_not_import_missing_specs；重分类：定制件/标识铭牌 -> 定制加工件/标识铭牌；分类置信度：high；订制货号牌属于定制标识铭牌。	2026-07-03
MAT-000190	吊车垫块	用途：吊车；载荷：大吨位；尺寸：500*500*60mm		吊装索具/支垫件	块			吊车用大吨位垫块500*500*60mm	MAT-000190 吊车垫块 吊装索具/支垫件 块 用途：吊车 载荷：大吨位 尺寸：500*500*60mm 吊车用大吨位垫块500*500*60mm 吊车 大吨位 500*500*60mm			candidate	needs_review	clarify_specs_before_use	purchase_2024_candidate_rows=1768；purchase_2024_source_rows=1769；draft_sku_id=SKU-DRAFT-001752	缺失规格：材质；整理依据：载荷仅为大吨位，材质/承载等级缺失；导入口径：do_not_import_missing_specs	2026-07-03
CHEM-000131	聚氨酯堵漏剂	材料：聚氨酯；用途：堵漏；包装：20KG		化工胶粘涂料/密封材料	桶			聚氨酯堵漏剂20KG	CHEM-000131 聚氨酯堵漏剂 化工原料/堵漏材料 桶 材料：聚氨酯 用途：堵漏 包装：20KG 聚氨酯堵漏剂20KG 聚氨酯 堵漏 20KG			candidate	needs_review	clarify_specs_before_use	purchase_2024_candidate_rows=1769；purchase_2024_source_rows=1770；draft_sku_id=SKU-DRAFT-001753	缺失规格：品牌；整理依据：油性/水性/品牌/SDS缺失，会影响堵漏剂SKU区分；导入口径：do_not_import_missing_specs；重分类：化工原料/堵漏材料 -> 化工胶粘涂料/密封材料；分类置信度：high；聚氨酯堵漏剂用于防水堵漏密封，化工耗材旧口径不保留。	2026-07-03
MAT-000191	注浆止水针头	用途：高压注浆止水；长度：150mm		建筑材料/防水材料	支			高压注浆止水针头150mm	MAT-000191 注浆止水针头 注浆设备/耗材 支 用途：高压注浆止水 长度：150mm 高压注浆止水针头150mm 高压注浆止水 150mm			candidate	needs_review	clarify_specs_before_use	purchase_2024_candidate_rows=1770；purchase_2024_source_rows=1771；draft_sku_id=SKU-DRAFT-001754	缺失规格：直径；整理依据：直径/接口缺失，会影响注浆止水针头SKU区分；导入口径：do_not_import_missing_specs；重分类：注浆设备/耗材 -> 建筑材料/防水材料；分类置信度：high；高压注浆止水针头是堵漏防水耗材。	2026-07-03
MAT-000192	注浆止水针头	用途：高压注浆止水；长度：100mm		建筑材料/防水材料	支			高压注浆止水针头100mm	MAT-000192 注浆止水针头 注浆设备/耗材 支 用途：高压注浆止水 长度：100mm 高压注浆止水针头100mm 高压注浆止水 100mm			candidate	needs_review	clarify_specs_before_use	purchase_2024_candidate_rows=1771；purchase_2024_source_rows=1772；draft_sku_id=SKU-DRAFT-001755	缺失规格：直径；整理依据：直径/接口缺失，会影响注浆止水针头SKU区分；导入口径：do_not_import_missing_specs；重分类：注浆设备/耗材 -> 建筑材料/防水材料；分类置信度：high；高压注浆止水针头是堵漏防水耗材。	2026-07-03
ELEC-000172	户外电箱	定制：是；材质：不锈钢；安装环境：户外；适配功率：7.5KW		电气电料/电气箱柜	台			订制不锈钢户外电箱7.5KW	ELEC-000172 户外电箱 定制件/配电箱 台 定制：是 材质：不锈钢 安装环境：户外 适配功率：7.5KW 订制不锈钢户外电箱7.5KW 是 不锈钢 户外 7.5KW			candidate	needs_review	clarify_specs_before_use	purchase_2024_candidate_rows=1772；purchase_2024_source_rows=1773；draft_sku_id=SKU-DRAFT-001756	缺失规格：尺寸；整理依据：尺寸/图纸/电气配置缺失，定制电箱需复核；导入口径：do_not_import_missing_specs；重分类：定制件/配电箱 -> 电气电料/电气箱柜；分类置信度：medium；户外电箱本质为电气箱柜；推荐无对应二级，按电气箱柜新建。	2026-07-03
TOOL-000261	数显电笔	品牌：世达；类型：数显电笔		工具量具/电工工具	支			世达数显电笔	TOOL-000261 数显电笔 工具/电工工具 支 品牌：世达 类型：数显电笔 世达数显电笔 世达	世达		candidate	needs_review	clarify_specs_before_use	purchase_2024_candidate_rows=1773；purchase_2024_source_rows=1774；draft_sku_id=SKU-DRAFT-001757	缺失规格：型号；整理依据：测量范围/型号缺失，会影响数显电笔SKU区分；导入口径：do_not_import_missing_specs；重分类：工具/电工工具 -> 工具量具/电工工具；分类置信度：high；数显电笔属于电工手持检测工具。	2026-07-03
TOOL-000262	钢直尺	长度：200mm；材质：钢		工具量具/测量工具	把			200mm钢直尺	TOOL-000262 钢直尺 工具/测量工具 把 长度：200mm 材质：钢 200mm钢直尺 200mm 钢			candidate	usable	confirm_before_use	purchase_2024_candidate_rows=1774；purchase_2024_source_rows=1775；draft_sku_id=SKU-DRAFT-001758	缺失规格：宽度；精度；整理依据：精度/宽度缺失，按长度和材质先建候选；导入口径：confirm_then_import；重分类：工具/测量工具 -> 工具量具/测量工具；分类置信度：high；钢直尺用于尺寸测量。	2026-07-03
PIPE-000412	镀锌内丝直接	规格：4寸；表面：镀锌；连接：内丝；类型：直接		管材管件阀门/直接	只			4寸镀锌内丝直接	PIPE-000412 镀锌内丝直接 管件/镀锌管件 只 规格：4寸 表面：镀锌 连接：内丝 类型：直接 4寸镀锌内丝直接 4寸 镀锌 内丝 直接			candidate	needs_review	clarify_specs_before_use	purchase_2024_candidate_rows=1775；purchase_2024_source_rows=1776；draft_sku_id=SKU-DRAFT-001759	缺失规格：材质；压力等级；整理依据：材质/压力等级缺失，会影响镀锌内丝直接SKU区分；导入口径：do_not_import_missing_specs；重分类：管件/镀锌管件 -> 管材管件阀门/直接；分类置信度：high；内丝直接为直通连接管件。	2026-07-03
PIPE-000413	镀锌内丝直接	规格：3寸；表面：镀锌；连接：内丝；类型：直接		管材管件阀门/直接	只			3寸镀锌内丝直接；镀锌内丝直接头3寸	PIPE-000413 镀锌内丝直接 管件/镀锌管件 只 规格：3寸 表面：镀锌 连接：内丝 类型：直接 3寸镀锌内丝直接 镀锌内丝直接头3寸 3寸 镀锌 内丝 直接			candidate	needs_review	clarify_specs_before_use	purchase_2024_candidate_rows=1776;1971；purchase_2024_source_rows=1777;1972；draft_sku_id=SKU-DRAFT-001760	缺失规格：材质；压力等级；整理依据：材质/压力等级缺失，会影响镀锌内丝直接SKU区分；导入口径：do_not_import_missing_specs；重分类：管件/镀锌管件 -> 管材管件阀门/直接；分类置信度：high；内丝直接为直通连接管件。	2026-07-03
TOOL-000263	抹子	类型：抹子		工具量具/手动工具	把			抹子	TOOL-000263 抹子 施工工具/抹灰工具 把 类型：抹子			candidate	needs_review	clarify_specs_before_use	purchase_2024_candidate_rows=1777；purchase_2024_source_rows=1778；draft_sku_id=SKU-DRAFT-001761	缺失规格：材质；尺寸；整理依据：尺寸/材质缺失，无法区分不同抹子SKU；导入口径：do_not_import_missing_specs；重分类：施工工具/抹灰工具 -> 工具量具/手动工具；分类置信度：high；抹子为抹灰手动工具。	2026-07-03
ADMIN-000056	垃圾桶	类型：垃圾桶		清洁办公后勤/清洁工具	只			垃圾桶	ADMIN-000056 垃圾桶 行政后勤/清洁用品 只 类型：垃圾桶			candidate	needs_review	clarify_specs_before_use	purchase_2024_candidate_rows=1778；purchase_2024_source_rows=1779；draft_sku_id=SKU-DRAFT-001762	缺失规格：材质；容量；整理依据：容量/材质缺失，无法区分不同垃圾桶SKU；导入口径：do_not_import_missing_specs；重分类：行政后勤/清洁用品 -> 清洁办公后勤/清洁工具；分类置信度：high；垃圾桶用于现场清洁收集，容量配置为规格。	2026-07-03
CHEM-000132	防锈漆	品牌：立邦；颜色：中灰；包装：18KG		化工胶粘涂料/涂料	桶			立邦中灰防锈漆18KG	CHEM-000132 防锈漆 油漆涂料/防锈漆 桶 品牌：立邦 颜色：中灰 包装：18KG 立邦中灰防锈漆18KG 立邦 中灰 18KG	立邦		candidate	usable	confirm_before_use	purchase_2024_candidate_rows=1779；purchase_2024_source_rows=1780；draft_sku_id=SKU-DRAFT-001763	缺失规格：型号；整理依据：型号/SDS缺失，按品牌/颜色/包装先建候选；导入口径：confirm_then_import；重分类：油漆涂料/防锈漆 -> 化工胶粘涂料/涂料；分类置信度：high；防锈漆为防腐涂料，旧化工耗材口径过泛。	2026-07-03
ELEC-000173	电箱提手	用途：电箱；部件：提手		电气电料/电气辅材	个			电箱提手	ELEC-000173 电箱提手 电气/配电箱配件 个 用途：电箱 部件：提手 电箱 提手			candidate	needs_review	clarify_specs_before_use	purchase_2024_candidate_rows=1780；purchase_2024_source_rows=1781；draft_sku_id=SKU-DRAFT-001764	缺失规格：材质；尺寸；整理依据：材质/孔距/尺寸缺失，无法区分电箱提手SKU；导入口径：do_not_import_missing_specs；重分类：电气/配电箱配件 -> 电气电料/电气辅材；分类置信度：high；电箱提手是配电箱附件。	2026-07-03
CHEM-000133	油漆	品牌：立邦；颜色：桔黄色；包装：18kg		化工胶粘涂料/涂料	桶			立邦桔黄色油漆18kg	CHEM-000133 油漆 油漆涂料/油漆 桶 品牌：立邦 颜色：桔黄色 包装：18kg 立邦桔黄色油漆18kg 立邦 桔黄色 18kg	立邦		candidate	needs_review	clarify_specs_before_use	purchase_2024_candidate_rows=1781；purchase_2024_source_rows=1782；draft_sku_id=SKU-DRAFT-001765	缺失规格：型号；整理依据：是否防锈漆及型号缺失，会影响油漆SKU区分；导入口径：do_not_import_missing_specs；重分类：油漆涂料/油漆 -> 化工胶粘涂料/涂料；分类置信度：high；油漆归涂料类。	2026-07-03
TOOL-000264	电焊钳	额定电流：600A		焊接切割/焊割工具	把			电焊钳600A	TOOL-000264 电焊钳 焊接工具/焊钳 把 额定电流：600A 电焊钳600A 600A			candidate	usable	confirm_before_use	purchase_2024_candidate_rows=1782；purchase_2024_source_rows=1783；draft_sku_id=SKU-DRAFT-001766	缺失规格：品牌；型号；电流；整理依据：品牌/型号缺失，按额定电流先建候选；导入口径：confirm_then_import；重分类：焊接工具/焊钳 -> 焊接切割/焊割工具；分类置信度：high；电焊钳是焊接夹持工具，旧耗材口径不准确。	2026-07-03
SPARE-000126	O型圈	规格：63*5		设备备件/通用机械备件	只			O型圈63*5	SPARE-000126 O型圈 密封件/O型圈 只 规格：63*5 O型圈63*5 63*5			candidate	needs_review	clarify_specs_before_use	purchase_2024_candidate_rows=1783；purchase_2024_source_rows=1784；draft_sku_id=SKU-DRAFT-001767	缺失规格：材质；执行标准；整理依据：材质/执行标准缺失，会影响O型圈SKU区分；导入口径：do_not_import_missing_specs；重分类：密封件/O型圈 -> 设备备件/通用机械备件；分类置信度：medium；O型圈是设备密封备件；标准无密封件二级，用通用机械备件承接。	2026-07-03
MAT-000193	卸扣	额定载荷：6.5T		吊装索具/卸扣	只			卸扣6.5T	MAT-000193 卸扣 吊装索具/卸扣 只 额定载荷：6.5T 卸扣6.5T 6.5T			candidate	needs_review	clarify_specs_before_use	purchase_2024_candidate_rows=1784；purchase_2024_source_rows=1785；draft_sku_id=SKU-DRAFT-001768	缺失规格：材质；型式；安全系数；整理依据：型式/材质/安全系数/标准缺失，会影响卸扣SKU区分；导入口径：do_not_import_missing_specs	2026-07-03
MAT-CEM-000013	黄砂	类型：黄砂		建筑材料/水泥砂石	吨			黄砂	MAT-CEM-000013 黄砂 建材/砂石料 吨 类型：黄砂			candidate	needs_review	clarify_specs_before_use	purchase_2024_candidate_rows=1785；purchase_2024_source_rows=1786；draft_sku_id=SKU-DRAFT-001769	缺失规格：强度等级；包装重量；品牌；整理依据：细度/含泥量缺失，会影响砂石料验收和SKU区分；导入口径：do_not_import_missing_specs；重分类：建材/砂石料 -> 建筑材料/水泥砂石；分类置信度：high；黄砂属于砂石建材。	2026-07-03
MAT-CEM-000014	普通硅酸盐水泥	品牌：海螺；强度等级：42.5；类型：普通硅酸盐		建筑材料/水泥砂石	包			海螺42.5水泥	MAT-CEM-000014 普通硅酸盐水泥 建材/水泥 包 品牌：海螺 强度等级：42.5 类型：普通硅酸盐 海螺42.5水泥 海螺 42.5 普通硅酸盐	海螺		candidate	needs_review	clarify_specs_before_use	purchase_2024_candidate_rows=1786；purchase_2024_source_rows=1787；draft_sku_id=SKU-DRAFT-001770	缺失规格：包装重量；整理依据：包装重量缺失，按包采购时无法稳定区分SKU；导入口径：do_not_import_missing_specs；重分类：建材/水泥 -> 建筑材料/水泥砂石；分类置信度：high；普通硅酸盐水泥归水泥砂石。	2026-07-03
TOOL-000265	斜口钳	品牌：世达；类型：斜口钳		工具量具/手动工具	把			世达斜口钳	TOOL-000265 斜口钳 工具/手动工具 把 品牌：世达 类型：斜口钳 世达斜口钳 世达	世达		candidate	needs_review	clarify_specs_before_use	purchase_2024_candidate_rows=1787；purchase_2024_source_rows=1788；draft_sku_id=SKU-DRAFT-001771	缺失规格：型号；规格；整理依据：规格/型号缺失，会影响斜口钳SKU区分；导入口径：do_not_import_missing_specs；重分类：工具/手动工具 -> 工具量具/手动工具；分类置信度：high；斜口钳属于手动钳类工具。	2026-07-03
MAT-000194	砂纸	粒度：240#		工具耗材/磨具	张			240#砂纸	MAT-000194 砂纸 磨具磨料/砂纸 张 粒度：240# 240#砂纸 240#			candidate	needs_review	clarify_specs_before_use	purchase_2024_candidate_rows=1788；purchase_2024_source_rows=1789；draft_sku_id=SKU-DRAFT-001772	缺失规格：材质；尺寸；整理依据：尺寸/背基材质缺失，会影响砂纸SKU区分；导入口径：do_not_import_missing_specs；重分类：磨具磨料/砂纸 -> 工具耗材/磨具；分类置信度：high；砂纸为打磨耗材。	2026-07-03
MAT-000195	砂纸	粒度：80#		工具耗材/磨具	张			80#砂纸	MAT-000195 砂纸 磨具磨料/砂纸 张 粒度：80# 80#砂纸 80#			candidate	needs_review	clarify_specs_before_use	purchase_2024_candidate_rows=1789；purchase_2024_source_rows=1790；draft_sku_id=SKU-DRAFT-001773	缺失规格：材质；尺寸；整理依据：尺寸/背基材质缺失，会影响砂纸SKU区分；导入口径：do_not_import_missing_specs；重分类：磨具磨料/砂纸 -> 工具耗材/磨具；分类置信度：high；砂纸为打磨耗材。	2026-07-03
TOOL-000266	十字批头套装	品牌：世达；类型：十字批头；配置：套装		电动气动工具/工具附件	套			世达十字批头套装	TOOL-000266 十字批头套装 工具/手动工具 套 品牌：世达 类型：十字批头 配置：套装 世达十字批头套装 世达 十字批头 套装	世达		candidate	needs_review	clarify_specs_before_use	purchase_2024_candidate_rows=1790；purchase_2024_source_rows=1791；draft_sku_id=SKU-DRAFT-001774	缺失规格：规格；整理依据：规格组合/件数缺失，无法区分套装SKU；导入口径：do_not_import_missing_specs；重分类：工具/手动工具 -> 电动气动工具/工具附件；分类置信度：medium；批头是螺丝刀/电批可换附件，套装不改变物料族。	2026-07-03
MAT-000196	吊装带	额定载荷：5T；长度：6m		吊装索具/吊带	根			吊带5T*6m	MAT-000196 吊装带 吊装索具/吊带 根 额定载荷：5T 长度：6m 吊带5T*6m 5T 6m			candidate	needs_review	clarify_specs_before_use	purchase_2024_candidate_rows=1791；purchase_2024_source_rows=1792；draft_sku_id=SKU-DRAFT-001775	缺失规格：材质；颜色；安全系数；整理依据：材质/安全系数/颜色缺失，会影响吊装带SKU区分；导入口径：do_not_import_missing_specs	2026-07-03
MAT-000197	吊装带	额定载荷：5T；长度：3m		吊装索具/吊带	根			吊带5T*3m	MAT-000197 吊装带 吊装索具/吊带 根 额定载荷：5T 长度：3m 吊带5T*3m 5T 3m			candidate	needs_review	clarify_specs_before_use	purchase_2024_candidate_rows=1792；purchase_2024_source_rows=1793；draft_sku_id=SKU-DRAFT-001776	缺失规格：材质；颜色；安全系数；整理依据：材质/安全系数/颜色缺失，会影响吊装带SKU区分；导入口径：do_not_import_missing_specs	2026-07-03
ELEC-TIE-000010	尼龙扎带	材质：尼龙；规格：10*400		电气电料/电气辅材	包			扎带10*400	ELEC-TIE-000010 尼龙扎带 电气耗材/扎带 包 材质：尼龙 规格：10*400 扎带10*400 尼龙 10*400			candidate	needs_review	clarify_specs_before_use	purchase_2024_candidate_rows=1793；purchase_2024_source_rows=1794；draft_sku_id=SKU-DRAFT-001777	缺失规格：每包数量；整理依据：每包数量缺失，会影响扎带按包采购的SKU区分；导入口径：do_not_import_missing_specs；重分类：电气耗材/扎带 -> 电气电料/电气辅材；分类置信度：high；尼龙扎带常作线缆绑扎辅材，规格差异不拆分。	2026-07-03
WELD-000047	焊枪线缆套装	型号：500型；线长：5米；包含：焊枪		焊接切割/焊割工具	套			500型5米线带焊枪	WELD-000047 焊枪线缆套装 焊接工具/焊枪配件 套 型号：500型 线长：5米 包含：焊枪 500型5米线带焊枪 500型 5米 焊枪		500型	candidate	needs_review	clarify_specs_before_use	purchase_2024_candidate_rows=1794；purchase_2024_source_rows=1795；draft_sku_id=SKU-DRAFT-001778	缺失规格：规格；材质；包装重量；适用工艺；整理依据：适配焊机/接口缺失，会影响焊枪线缆套装SKU区分；导入口径：do_not_import_missing_specs；重分类：焊接工具/焊枪配件 -> 焊接切割/焊割工具；分类置信度：high；包含焊枪和线缆，是焊接作业工具套装。	2026-07-03
MAT-000198	卸扣	额定载荷：25T		吊装索具/卸扣	只			卸扣25T	MAT-000198 卸扣 吊装索具/卸扣 只 额定载荷：25T 卸扣25T 25T			candidate	needs_review	clarify_specs_before_use	purchase_2024_candidate_rows=1795；purchase_2024_source_rows=1796；draft_sku_id=SKU-DRAFT-001779	缺失规格：材质；型式；安全系数；整理依据：型式/材质/安全系数/标准缺失，会影响卸扣SKU区分；导入口径：do_not_import_missing_specs	2026-07-03
MAT-000199	卸扣	额定载荷：17T		吊装索具/卸扣	只			卸扣17T	MAT-000199 卸扣 吊装索具/卸扣 只 额定载荷：17T 卸扣17T 17T			candidate	needs_review	clarify_specs_before_use	purchase_2024_candidate_rows=1799；purchase_2024_source_rows=1800；draft_sku_id=SKU-DRAFT-001780	缺失规格：材质；型式；安全系数；整理依据：型式/材质/安全系数/标准缺失，会影响卸扣SKU区分；导入口径：do_not_import_missing_specs	2026-07-03
PIPE-000414	PVC管	品牌：公元；材质：PVC；直径：Φ75		管材管件阀门/管材	米			公元PVCΦ75管	PIPE-000414 PVC管 管材/PVC管 米 品牌：公元 材质：PVC 直径：Φ75 公元PVCΦ75管 公元 PVC Φ75	公元		candidate	needs_review	clarify_specs_before_use	purchase_2024_candidate_rows=1800；purchase_2024_source_rows=1801；draft_sku_id=SKU-DRAFT-001781	缺失规格：压力等级；壁厚；整理依据：压力等级/壁厚缺失，会影响PVC管SKU区分；导入口径：do_not_import_missing_specs；重分类：管材/PVC管 -> 管材管件阀门/管材；分类置信度：high；样例均为PVC管材，口径是规格差异。	2026-07-03
PIPE-000415	PVC管	品牌：公元；材质：PVC；直径：Φ110		管材管件阀门/管材	米			公元PVCΦ110管	PIPE-000415 PVC管 管材/PVC管 米 品牌：公元 材质：PVC 直径：Φ110 公元PVCΦ110管 公元 PVC Φ110	公元		candidate	needs_review	clarify_specs_before_use	purchase_2024_candidate_rows=1801；purchase_2024_source_rows=1802；draft_sku_id=SKU-DRAFT-001782	缺失规格：压力等级；壁厚；整理依据：压力等级/壁厚缺失，会影响PVC管SKU区分；导入口径：do_not_import_missing_specs；重分类：管材/PVC管 -> 管材管件阀门/管材；分类置信度：high；样例均为PVC管材，口径是规格差异。	2026-07-03
PIPE-000416	PVC直接	品牌：公元；材质：PVC；直径：Φ110；类型：直接		管材管件阀门/直接	只			公元PVCΦ110直接	PIPE-000416 PVC直接 管件/PVC管件 只 品牌：公元 材质：PVC 直径：Φ110 类型：直接 公元PVCΦ110直接 公元 PVC Φ110 直接	公元		candidate	needs_review	clarify_specs_before_use	purchase_2024_candidate_rows=1802；purchase_2024_source_rows=1803；draft_sku_id=SKU-DRAFT-001783	缺失规格：压力等级；连接方式；整理依据：压力等级/连接方式缺失，会影响PVC直接SKU区分；导入口径：do_not_import_missing_specs；重分类：管件/PVC管件 -> 管材管件阀门/直接；分类置信度：high；PVC直接是标准直连管件。	2026-07-03
PIPE-000417	PVC直接	品牌：公元；材质：PVC；直径：Φ75；类型：直接		管材管件阀门/直接	只			公元PVCΦ75直接	PIPE-000417 PVC直接 管件/PVC管件 只 品牌：公元 材质：PVC 直径：Φ75 类型：直接 公元PVCΦ75直接 公元 PVC Φ75 直接	公元		candidate	needs_review	clarify_specs_before_use	purchase_2024_candidate_rows=1803；purchase_2024_source_rows=1804；draft_sku_id=SKU-DRAFT-001784	缺失规格：压力等级；连接方式；整理依据：压力等级/连接方式缺失，会影响PVC直接SKU区分；导入口径：do_not_import_missing_specs；重分类：管件/PVC管件 -> 管材管件阀门/直接；分类置信度：high；PVC直接是标准直连管件。	2026-07-03
PIPE-000418	网线对接头	类型：网线对接头		弱电安防/网络材料	只			网线对接头	PIPE-000418 网线对接头 弱电安防/网络配件 只 类型：网线对接头			candidate	needs_review	clarify_specs_before_use	purchase_2024_candidate_rows=1804；purchase_2024_source_rows=1805；draft_sku_id=SKU-DRAFT-001785	缺失规格：材质；口径；压力等级；连接方式；壁厚；整理依据：网线类别/屏蔽类型缺失，会影响网线对接头SKU区分；导入口径：do_not_import_missing_specs；重分类：弱电安防/网络配件 -> 弱电安防/网络材料；分类置信度：high；网线对接头为弱电网络连接材料。	2026-07-03
MAT-000200	成品网线	长度：30米；配置：两端插头		弱电安防/网络材料	根			30米网线带两端插头；网线成品线	MAT-000200 成品网线 弱电安防/网络线缆 根 长度：30米 配置：两端插头 30米网线带两端插头 网线成品线 30米 两端插头			candidate	needs_review	clarify_specs_before_use	purchase_2024_candidate_rows=1805；purchase_2024_source_rows=1806；draft_sku_id=SKU-DRAFT-001786	缺失规格：规格；型号；材质；品牌；整理依据：网线类别/屏蔽类型缺失，会影响成品网线SKU区分；导入口径：do_not_import_missing_specs；重分类：弱电安防/网络线缆 -> 弱电安防/网络材料；分类置信度：high；成品网线属网络材料。	2026-07-03
ELEC-000174	铜接线端子	材质：铜；额定电流：100A	俗称:铜鼻子	电气电料/接线端子	只			100A铜鼻子	ELEC-000174 铜接线端子 电气/接线端子 只 材质：铜 额定电流：100A 俗称:铜鼻子 100A铜鼻子 铜 100A 铜鼻子			candidate	needs_review	clarify_specs_before_use	purchase_2024_candidate_rows=1806；purchase_2024_source_rows=1807；draft_sku_id=SKU-DRAFT-001787	缺失规格：品牌；型号；电压；电流；安装方式；整理依据：线径/孔径缺失，会影响铜接线端子SKU区分；导入口径：do_not_import_missing_specs；重分类：电气/接线端子 -> 电气电料/接线端子；分类置信度：high；铜接线端子即铜鼻子类电气端子。	2026-07-03
METAL-000121	不锈钢挂锁	规格：40；材质：不锈钢		清洁办公后勤/门窗五金	把			40不锈钢挂锁；不锈钢挂锁40	METAL-000121 不锈钢挂锁 五金/锁具 把 规格：40 材质：不锈钢 40不锈钢挂锁 不锈钢挂锁40 40 不锈钢			candidate	usable	confirm_before_use	purchase_2024_candidate_rows=1807;2009；purchase_2024_source_rows=1808;2010；draft_sku_id=SKU-DRAFT-001788	整理依据：锁梁规格/钥匙通开情况缺失，需后续确认；导入口径：confirm_then_import；重分类：五金/锁具 -> 清洁办公后勤/门窗五金；分类置信度：high；挂锁属于门窗五金/锁具，旧五金按标准归并。	2026-07-03
MAT-000201	万向脚轮	类型：万向脚轮		设备备件/通用机械备件	只			万向车轮	MAT-000201 万向脚轮 物流搬运/脚轮 只 类型：万向脚轮 万向车轮			candidate	needs_review	clarify_specs_before_use	purchase_2024_candidate_rows=1808；purchase_2024_source_rows=1809；draft_sku_id=SKU-DRAFT-001789	缺失规格：尺寸；整理依据：尺寸/载重缺失，无法区分不同万向脚轮SKU；导入口径：do_not_import_missing_specs；重分类：物流搬运/脚轮 -> 设备备件/通用机械备件；分类置信度：high；脚轮为设备/周转车通用备件；旧物流搬运不是标准类目。	2026-07-03
MAT-000202	插销	规格：300；类型：插销		清洁办公后勤/门窗五金	套			插销300	MAT-000202 插销 五金/门窗五金 套 规格：300 类型：插销 插销300 300			candidate	needs_review	clarify_specs_before_use	purchase_2024_candidate_rows=1809；purchase_2024_source_rows=1810；draft_sku_id=SKU-DRAFT-001790	缺失规格：材质；整理依据：规格300单位未明确，材质缺失，会影响插销SKU区分；导入口径：do_not_import_missing_specs；重分类：五金/门窗五金 -> 清洁办公后勤/门窗五金；分类置信度：high；不锈钢插销是门窗五金，旧五金备件过宽。	2026-07-03
TOOL-000267	五坑钻头	品牌：博世；柄型：五坑；直径：Φ40；长度：1米		工具耗材/钻头	根			博世五坑钻头Φ40*1米	TOOL-000267 五坑钻头 工具/钻头 根 品牌：博世 柄型：五坑 直径：Φ40 长度：1米 博世五坑钻头Φ40*1米 博世 五坑 Φ40 1米	博世		candidate	usable	confirm_before_use	purchase_2024_candidate_rows=1810；purchase_2024_source_rows=1811；draft_sku_id=SKU-DRAFT-001791	缺失规格：材质；整理依据：材质/适配设备未明确，需后续确认；导入口径：confirm_then_import；重分类：工具/钻头 -> 工具耗材/钻头；分类置信度：high；样例均为五坑钻头，规格/品牌为差异。	2026-07-03
MAT-000203	空调	品牌：格力；能效等级：1级		清洁办公后勤/生活用品	台			格力1级能效空调	MAT-000203 空调 行政后勤/空调设备 台 品牌：格力 能效等级：1级 格力1级能效空调 格力 1级	格力		candidate	needs_review	clarify_specs_before_use	purchase_2024_candidate_rows=1811；purchase_2024_source_rows=1812；draft_sku_id=SKU-DRAFT-001792	缺失规格：型号；整理依据：匹数/型号/冷暖类型缺失，无法区分不同空调SKU；导入口径：do_not_import_missing_specs；重分类：行政后勤/空调设备 -> 清洁办公后勤/生活用品；分类置信度：medium；空调为后勤生活电器，归生活用品。	2026-07-03
MAT-000204	加厚货架	特征：加厚；尺寸：2m*2m*0.6m		清洁办公后勤/仓储用品	套			加厚货架2m*2m*0.6m	MAT-000204 加厚货架 仓储设备/货架 套 特征：加厚 尺寸：2m*2m*0.6m 加厚货架2m*2m*0.6m 加厚 2m*2m*0.6m			candidate	needs_review	clarify_specs_before_use	purchase_2024_candidate_rows=1812；purchase_2024_source_rows=1813；draft_sku_id=SKU-DRAFT-001793	缺失规格：材质；整理依据：层数/承重/材质缺失，会影响货架SKU区分；导入口径：do_not_import_missing_specs；重分类：仓储设备/货架 -> 清洁办公后勤/仓储用品；分类置信度：medium；货架是现场仓储用品；推荐无对应二级，按仓储用品新建。	2026-07-03
PIPE-000419	内丝变径直接	规格：25变20；连接形式：内丝；类型：直接		管材管件阀门/直接	只			25变20内丝直接	PIPE-000419 内丝变径直接 管件/管路接头 只 规格：25变20 连接形式：内丝 类型：直接 25变20内丝直接 25变20 内丝 直接			candidate	needs_review	clarify_specs_before_use	purchase_2024_candidate_rows=1813；purchase_2024_source_rows=1814；draft_sku_id=SKU-DRAFT-001794	缺失规格：材质；压力等级；整理依据：材质/压力等级缺失，会影响管路接头SKU区分；导入口径：do_not_import_missing_specs；重分类：管件/管路接头 -> 管材管件阀门/直接；分类置信度：high；内丝变径直接是管路直连接头。	2026-07-03
FAST-000079	不锈钢防松螺母	规格：M20；材质：不锈钢；类型：防松螺母		紧固件与连接件/螺母	只			M20不锈钢防松螺帽	FAST-000079 不锈钢防松螺母 紧固件/螺母 只 规格：M20 材质：不锈钢 类型：防松螺母 M20不锈钢防松螺帽 M20 不锈钢 防松螺母			candidate	needs_review	clarify_specs_before_use	purchase_2024_candidate_rows=1814；purchase_2024_source_rows=1815；draft_sku_id=SKU-DRAFT-001795	缺失规格：强度等级；头型；表面处理；整理依据：不锈钢牌号/牙距缺失，会影响螺母SKU区分；导入口径：do_not_import_missing_specs；重分类：紧固件/螺母 -> 紧固件与连接件/螺母；分类置信度：high；防松螺母属于螺母类紧固件。	2026-07-03
ELEC-000175	不锈钢户外箱	材质：不锈钢；适用环境：户外；尺寸：500*600*200		电气电料/电气辅材	个			不锈钢户外箱500*600*200	ELEC-000175 不锈钢户外箱 电气/配电箱壳体 个 材质：不锈钢 适用环境：户外 尺寸：500*600*200 不锈钢户外箱500*600*200 不锈钢 户外 500*600*200			candidate	needs_review	clarify_specs_before_use	purchase_2024_candidate_rows=1815；purchase_2024_source_rows=1816；draft_sku_id=SKU-DRAFT-001796	缺失规格：品牌；型号；电压；电流；安装方式；整理依据：防护等级/板厚缺失，会影响户外箱SKU区分；导入口径：do_not_import_missing_specs；重分类：电气/配电箱壳体 -> 电气电料/电气辅材；分类置信度：medium；户外配电箱壳体属电气箱柜辅材，材质不决定一级分类。	2026-07-03
ELEC-000176	漏电保护器	品牌：德力西；极数：4P；额定电流：63A		电气电料/低压电器	只			德力西漏保4P/63A	ELEC-000176 漏电保护器 电气/低压电器 只 品牌：德力西 极数：4P 额定电流：63A 德力西漏保4P/63A 德力西 4P 63A	德力西		candidate	needs_review	clarify_specs_before_use	purchase_2024_candidate_rows=1816；purchase_2024_source_rows=1817；draft_sku_id=SKU-DRAFT-001797	缺失规格：电流；整理依据：分断能力/漏电动作电流缺失，会影响漏电保护器SKU区分；导入口径：do_not_import_missing_specs；重分类：电气/低压电器 -> 电气电料/低压电器；分类置信度：high；漏电保护器属于低压电器。	2026-07-03
ELEC-000177	漏电保护器	品牌：德力西；极数：2P；额定电流：16A		电气电料/低压电器	只			德力西漏保2P/16A	ELEC-000177 漏电保护器 电气/低压电器 只 品牌：德力西 极数：2P 额定电流：16A 德力西漏保2P/16A 德力西 2P 16A	德力西		candidate	needs_review	clarify_specs_before_use	purchase_2024_candidate_rows=1817；purchase_2024_source_rows=1818；draft_sku_id=SKU-DRAFT-001798	缺失规格：电流；整理依据：分断能力/漏电动作电流缺失，会影响漏电保护器SKU区分；导入口径：do_not_import_missing_specs；重分类：电气/低压电器 -> 电气电料/低压电器；分类置信度：high；漏电保护器属于低压电器。	2026-07-03
ELEC-000178	时控开关	品牌：德力西；类型：时控开关		电气电料/低压电器	只			德力西时控开关	ELEC-000178 时控开关 电气/低压电器 只 品牌：德力西 类型：时控开关 德力西时控开关 德力西	德力西		candidate	needs_review	clarify_specs_before_use	purchase_2024_candidate_rows=1818；purchase_2024_source_rows=1819；draft_sku_id=SKU-DRAFT-001799	缺失规格：型号；电压；整理依据：电压/型号缺失，会影响时控开关SKU区分；导入口径：do_not_import_missing_specs；重分类：电气/低压电器 -> 电气电料/低压电器；分类置信度：high；时控开关是低压控制电器。	2026-07-03
ELEC-000179	交流接触器	品牌：施耐德；系列：CJX2；线圈电压：220V		电气电料/低压电器	只			施耐德cjx2-220V接触器	ELEC-000179 交流接触器 电气/低压电器 只 品牌：施耐德 系列：CJX2 线圈电压：220V 施耐德cjx2-220V接触器 施耐德 CJX2 220V	施耐德		candidate	needs_review	clarify_specs_before_use	purchase_2024_candidate_rows=1819；purchase_2024_source_rows=1820；draft_sku_id=SKU-DRAFT-001800	缺失规格：型号；电流；整理依据：额定电流/型号完整值缺失，会影响交流接触器SKU区分；导入口径：do_not_import_missing_specs；重分类：电气/低压电器 -> 电气电料/低压电器；分类置信度：high；交流接触器属于低压电器元件。	2026-07-03
ELEC-000180	接线端子	型号：UK5N		电气电料/接线端子	只			接线端子UK5N	ELEC-000180 接线端子 电气/接线端子 只 型号：UK5N 接线端子UK5N UK5N		UK5N	candidate	usable	confirm_before_use	purchase_2024_candidate_rows=1820；purchase_2024_source_rows=1821；draft_sku_id=SKU-DRAFT-001801	缺失规格：品牌；整理依据：额定电流/线径范围未在原表列明，按型号保留；导入口径：confirm_then_import；重分类：电气/接线端子 -> 电气电料/接线端子；分类置信度：high；UK端子和线鼻子均为接线端子类。	2026-07-03
TOOL-000268	喷火枪	类型：喷火枪		焊接切割/焊割工具	把			喷火枪	TOOL-000268 喷火枪 工具/燃气工具 把 类型：喷火枪			candidate	needs_review	clarify_specs_before_use	purchase_2024_candidate_rows=1821；purchase_2024_source_rows=1822；draft_sku_id=SKU-DRAFT-001802	缺失规格：品牌；整理依据：气源/接口/品牌缺失，无法区分不同喷火枪SKU；导入口径：do_not_import_missing_specs；重分类：工具/燃气工具 -> 焊接切割/焊割工具；分类置信度：high；喷火枪用于火焰加热/焊割，旧工具口径需归焊割。	2026-07-03
HW-LOCK-000013	不锈钢锁扣	材质：不锈钢；类型：锁扣		清洁办公后勤/门窗五金	套			不锈钢锁扣	HW-LOCK-000013 不锈钢锁扣 五金/锁具配件 套 材质：不锈钢 类型：锁扣 不锈钢 锁扣			candidate	needs_review	clarify_specs_before_use	purchase_2024_candidate_rows=1822；purchase_2024_source_rows=1823；draft_sku_id=SKU-DRAFT-001803	缺失规格：尺寸；整理依据：尺寸/孔距缺失，会影响锁扣SKU区分；导入口径：do_not_import_missing_specs；重分类：五金/锁具配件 -> 清洁办公后勤/门窗五金；分类置信度：high；锁扣属于门窗五金/锁具配件，旧五金备件归并。	2026-07-03
HW-LOCK-000014	不锈钢挂锁	材质：不锈钢；类型：挂锁		清洁办公后勤/门窗五金	把			不锈钢挂锁	HW-LOCK-000014 不锈钢挂锁 五金/锁具 把 材质：不锈钢 类型：挂锁 不锈钢 挂锁			candidate	needs_review	clarify_specs_before_use	purchase_2024_candidate_rows=1823；purchase_2024_source_rows=1824；draft_sku_id=SKU-DRAFT-001804	缺失规格：规格；整理依据：规格缺失，无法区分不同不锈钢挂锁SKU；导入口径：do_not_import_missing_specs；重分类：五金/锁具 -> 清洁办公后勤/门窗五金；分类置信度：high；挂锁属于门窗五金/锁具，旧五金按标准归并。	2026-07-03
METAL-000122	槽钢	规格：6#		金属材料/型钢	米			槽钢6#	METAL-000122 槽钢 钢材/型钢 米 规格：6# 槽钢6# 6#			candidate	needs_review	clarify_specs_before_use	purchase_2024_candidate_rows=1824；purchase_2024_source_rows=1825；draft_sku_id=SKU-DRAFT-001805	缺失规格：材质；执行标准；整理依据：材质/执行标准缺失，会影响槽钢SKU区分；导入口径：do_not_import_missing_specs；重分类：钢材/型钢 -> 金属材料/型钢；分类置信度：high；槽钢是标准型钢。	2026-07-03
SPARE-000127	方柱加工件	定制：是；截面：70mm*70mm；长度：1m	加工:是	定制加工件/金属加工件	根			加工方柱70mm*70mm*1m	SPARE-000127 方柱加工件 定制件/金属加工件 根 定制：是 截面：70mm*70mm 长度：1m 加工:是 加工方柱70mm*70mm*1m 是 70mm*70mm 1m			candidate	needs_review	clarify_specs_before_use	purchase_2024_candidate_rows=1825；purchase_2024_source_rows=1826；draft_sku_id=SKU-DRAFT-001806	缺失规格：材质；整理依据：材质/图纸/用途缺失，定制加工件需复核；导入口径：do_not_import_missing_specs；重分类：定制件/金属加工件 -> 定制加工件/金属加工件；分类置信度：high；按尺寸加工的方柱属于非标金属加工件。	2026-07-03
SPARE-000128	方柱加工件	定制：是；截面：70mm*70mm；长度：0.3m	加工:是	定制加工件/金属加工件	根			加工方柱70mm*70mm*0.3m	SPARE-000128 方柱加工件 定制件/金属加工件 根 定制：是 截面：70mm*70mm 长度：0.3m 加工:是 加工方柱70mm*70mm*0.3m 是 70mm*70mm 0.3m			candidate	needs_review	clarify_specs_before_use	purchase_2024_candidate_rows=1826；purchase_2024_source_rows=1827；draft_sku_id=SKU-DRAFT-001807	缺失规格：材质；整理依据：材质/图纸/用途缺失，定制加工件需复核；导入口径：do_not_import_missing_specs；重分类：定制件/金属加工件 -> 定制加工件/金属加工件；分类置信度：high；按尺寸加工的方柱属于非标金属加工件。	2026-07-03
ELEC-000181	航空插头插座套装	安装方式：明装；芯数：3芯；额定电流：16A		电气电料/插头插座	套			明装航空插头插座3芯/16A	ELEC-000181 航空插头插座套装 电气/插头插座 套 安装方式：明装 芯数：3芯 额定电流：16A 明装航空插头插座3芯/16A 明装 3芯 16A			candidate	needs_review	clarify_specs_before_use	purchase_2024_candidate_rows=1827；purchase_2024_source_rows=1828；draft_sku_id=SKU-DRAFT-001808	缺失规格：型号；电压；整理依据：电压/防护等级/型号缺失，会影响航空插头插座SKU区分；导入口径：do_not_import_missing_specs；重分类：电气/插头插座 -> 电气电料/插头插座；分类置信度：high；航空插头插座套装属于插头插座。	2026-07-03
ELEC-000182	漏电保护器	品牌：德力西；极数：2P；额定电流：25A		电气电料/低压电器	只			德力西漏保开关2P/25A	ELEC-000182 漏电保护器 电气/低压电器 只 品牌：德力西 极数：2P 额定电流：25A 德力西漏保开关2P/25A 德力西 2P 25A	德力西		candidate	needs_review	clarify_specs_before_use	purchase_2024_candidate_rows=1828；purchase_2024_source_rows=1829；draft_sku_id=SKU-DRAFT-001809	缺失规格：电流；整理依据：分断能力/漏电动作电流缺失，会影响漏电保护器SKU区分；导入口径：do_not_import_missing_specs；重分类：电气/低压电器 -> 电气电料/低压电器；分类置信度：high；漏电保护器属于低压电器。	2026-07-03
ELEC-000183	断路器	品牌：德力西；极数：2P；额定电流：10A		电气电料/低压电器	只			德力西断路器2P/10A	ELEC-000183 断路器 电气/低压电器 只 品牌：德力西 极数：2P 额定电流：10A 德力西断路器2P/10A 德力西 2P 10A	德力西		candidate	needs_review	clarify_specs_before_use	purchase_2024_candidate_rows=1829；purchase_2024_source_rows=1830；draft_sku_id=SKU-DRAFT-001810	缺失规格：型号；电压；电流；安装方式；整理依据：分断能力/脱扣曲线缺失，会影响断路器SKU区分；导入口径：do_not_import_missing_specs；重分类：电气/低压电器 -> 电气电料/低压电器；分类置信度：high；断路器是典型低压电器。	2026-07-03
ELEC-000184	电柜风扇防雨罩组合	用途：电柜；包含：风扇+防雨罩；电压：380V		电气电料/电气辅材	个			电柜风扇防雨罩组合380V	ELEC-000184 电柜风扇防雨罩组合 电气/配电柜散热 个 用途：电柜 包含：风扇+防雨罩 电压：380V 电柜风扇防雨罩组合380V 电柜 风扇+防雨罩 380V			candidate	needs_review	clarify_specs_before_use	purchase_2024_candidate_rows=1830；purchase_2024_source_rows=1831；draft_sku_id=SKU-DRAFT-001811	缺失规格：尺寸；功率；整理依据：风扇尺寸/功率/防护等级缺失，会影响组合件SKU区分；导入口径：do_not_import_missing_specs；重分类：电气/配电柜散热 -> 电气电料/电气辅材；分类置信度：high；用于电柜风扇防护散热，归电气辅材。	2026-07-03
ELEC-000185	温控开关	用途：电柜风扇；颜色：蓝色；类型：温控开关		电气电料/低压电器	只			电柜风扇温控开关蓝色	ELEC-000185 温控开关 电气/温控元件 只 用途：电柜风扇 颜色：蓝色 类型：温控开关 电柜风扇温控开关蓝色 电柜风扇 蓝色			candidate	needs_review	clarify_specs_before_use	purchase_2024_candidate_rows=1831；purchase_2024_source_rows=1832；draft_sku_id=SKU-DRAFT-001812	缺失规格：型号；整理依据：温控范围/型号缺失，会影响温控开关SKU区分；导入口径：do_not_import_missing_specs；重分类：电气/温控元件 -> 电气电料/低压电器；分类置信度：high；温控开关是电柜低压控制元件。	2026-07-03
ELEC-000186	设备按钮标识贴	用途：设备按钮；类型：标识贴		定制加工件/标识铭牌	件			设备按钮标示贴	ELEC-000186 设备按钮标识贴 标签耗材/设备标识 件 用途：设备按钮 类型：标识贴 设备按钮标示贴 设备按钮 标识贴			candidate	needs_review	clarify_specs_before_use	purchase_2024_candidate_rows=1832；purchase_2024_source_rows=1833；draft_sku_id=SKU-DRAFT-001813	缺失规格：材质；尺寸；整理依据：标示贴按标识贴归一；材质/尺寸/内容缺失，无法区分标识贴SKU；导入口径：do_not_import_missing_specs；重分类：标签耗材/设备标识 -> 定制加工件/标识铭牌；分类置信度：medium；设备按钮标识贴用于设备标识，按标识铭牌类处理。	2026-07-03
SPARE-000129	导流罩	适配型号：QJB-4/6；部件：导流罩		设备备件/搅拌机备件	只			导流罩QJB-4/6	SPARE-000129 导流罩 设备备件/搅拌机配件 只 适配型号：QJB-4/6 部件：导流罩 导流罩QJB-4/6 QJB-4/6			candidate	needs_review	clarify_specs_before_use	purchase_2024_candidate_rows=1833；purchase_2024_source_rows=1834；draft_sku_id=SKU-DRAFT-001814	缺失规格：材质；整理依据：材质/厂家缺失，会影响导流罩备件SKU区分；导入口径：do_not_import_missing_specs；重分类：设备备件/搅拌机配件 -> 设备备件/搅拌机备件；分类置信度：high；导流罩为搅拌机适配备件。	2026-07-03
SPARE-000130	叶轮	适配型号：QJB-4/6；部件：叶轮		设备备件/搅拌机备件	个			叶轮QJB-4/6	SPARE-000130 叶轮 设备备件/搅拌机配件 个 适配型号：QJB-4/6 部件：叶轮 叶轮QJB-4/6 QJB-4/6			candidate	needs_review	clarify_specs_before_use	purchase_2024_candidate_rows=1834；purchase_2024_source_rows=1835；draft_sku_id=SKU-DRAFT-001815	缺失规格：材质；直径；整理依据：材质/直径/厂家缺失，会影响叶轮备件SKU区分；导入口径：do_not_import_missing_specs；重分类：设备备件/搅拌机配件 -> 设备备件/搅拌机备件；分类置信度：high；叶轮为搅拌机适配备件。	2026-07-03
SPARE-000131	叶轮	适配型号：QJB-2/8；部件：叶轮		设备备件/搅拌机备件	个			叶轮QJB-2/8	SPARE-000131 叶轮 设备备件/搅拌机配件 个 适配型号：QJB-2/8 部件：叶轮 叶轮QJB-2/8 QJB-2/8			candidate	needs_review	clarify_specs_before_use	purchase_2024_candidate_rows=1835；purchase_2024_source_rows=1836；draft_sku_id=SKU-DRAFT-001816	缺失规格：材质；直径；整理依据：材质/直径/厂家缺失，会影响叶轮备件SKU区分；导入口径：do_not_import_missing_specs；重分类：设备备件/搅拌机配件 -> 设备备件/搅拌机备件；分类置信度：high；叶轮为搅拌机适配备件。	2026-07-03
FAST-000080	高强度全牙螺杆	强度等级：12.9；规格：M30*1m；螺纹形式：全牙	原始:全芽	紧固件与连接件/螺杆	根			12.9级全芽螺杆m30*1m	FAST-000080 高强度全牙螺杆 紧固件/螺杆 根 强度等级：12.9 规格：M30*1m 螺纹形式：全牙 原始:全芽 12.9级全芽螺杆m30*1m 12.9 M30*1m 全牙 全芽			candidate	usable	confirm_before_use	purchase_2024_candidate_rows=1836；purchase_2024_source_rows=1837；draft_sku_id=SKU-DRAFT-001817	缺失规格：材质；表面处理；整理依据：全芽疑似全牙，按全牙归一；材质/表面处理未明确；导入口径：confirm_then_import；重分类：紧固件/螺杆 -> 紧固件与连接件/螺杆；分类置信度：high；全牙螺杆为螺杆类紧固件。	2026-07-03
FAST-000081	高强度螺母	强度等级：12.9；规格：M30		紧固件与连接件/螺母	只			12.9级螺母M30	FAST-000081 高强度螺母 紧固件/螺母 只 强度等级：12.9 规格：M30 12.9级螺母M30 12.9 M30			candidate	needs_review	clarify_specs_before_use	purchase_2024_candidate_rows=1837；purchase_2024_source_rows=1838；draft_sku_id=SKU-DRAFT-001818	缺失规格：材质；整理依据：材质/牙距缺失，会影响高强度螺母SKU区分；导入口径：do_not_import_missing_specs；重分类：紧固件/螺母 -> 紧固件与连接件/螺母；分类置信度：high；高强度螺母归螺母。	2026-07-03
METAL-000123	B型槽钢	规格：20#B		金属材料/型钢	米			20#B型槽钢	METAL-000123 B型槽钢 钢材/型钢 米 规格：20#B 20#B型槽钢 20#B			candidate	needs_review	clarify_specs_before_use	purchase_2024_candidate_rows=1838；purchase_2024_source_rows=1839；draft_sku_id=SKU-DRAFT-001819	缺失规格：材质；执行标准；整理依据：材质/执行标准缺失，会影响槽钢SKU区分；导入口径：do_not_import_missing_specs；重分类：钢材/型钢 -> 金属材料/型钢；分类置信度：high；槽钢是型钢，旧钢材/型材口径与标准一致。	2026-07-03
METAL-000124	B型槽钢	规格：16#B		金属材料/型钢	米			16#B型槽钢	METAL-000124 B型槽钢 钢材/型钢 米 规格：16#B 16#B型槽钢 16#B			candidate	needs_review	clarify_specs_before_use	purchase_2024_candidate_rows=1839；purchase_2024_source_rows=1840；draft_sku_id=SKU-DRAFT-001820	缺失规格：材质；执行标准；整理依据：材质/执行标准缺失，会影响槽钢SKU区分；导入口径：do_not_import_missing_specs；重分类：钢材/型钢 -> 金属材料/型钢；分类置信度：high；槽钢是型钢，旧钢材/型材口径与标准一致。	2026-07-03
METAL-000125	双层床	材质：方钢；结构：卡扣式；类型：双层床		清洁办公后勤/生活用品	套			方钢卡扣式双层床；方钢卡扣双层床	METAL-000125 双层床 行政后勤/生活用品 套 材质：方钢 结构：卡扣式 类型：双层床 方钢卡扣式双层床 方钢卡扣双层床 方钢 卡扣式			candidate	needs_review	clarify_specs_before_use	purchase_2024_candidate_rows=1840；purchase_2024_source_rows=1841；draft_sku_id=SKU-DRAFT-001821	缺失规格：尺寸；整理依据：尺寸/承重缺失，会影响双层床SKU区分；导入口径：do_not_import_missing_specs；重分类：行政后勤/生活用品 -> 清洁办公后勤/生活用品；分类置信度：high；双层床为宿舍生活用品。	2026-07-03
SPARE-000132	叶轮	适配型号：QJB-5/8；部件：叶轮		设备备件/搅拌机备件	个			叶轮QJB-5/8	SPARE-000132 叶轮 设备备件/搅拌机配件 个 适配型号：QJB-5/8 部件：叶轮 叶轮QJB-5/8 QJB-5/8			candidate	needs_review	clarify_specs_before_use	purchase_2024_candidate_rows=1841；purchase_2024_source_rows=1842；draft_sku_id=SKU-DRAFT-001822	缺失规格：材质；直径；整理依据：材质/直径/厂家缺失，会影响叶轮备件SKU区分；导入口径：do_not_import_missing_specs；重分类：设备备件/搅拌机配件 -> 设备备件/搅拌机备件；分类置信度：high；叶轮为搅拌机适配备件。	2026-07-03
SPARE-000133	角钢加工件	定制：是；规格：40角铁；长度：1.5米	加工:是	定制加工件/金属加工件	根			加工40角铁1.5米长	SPARE-000133 角钢加工件 定制件/金属加工件 根 定制：是 规格：40角铁 长度：1.5米 加工:是 加工40角铁1.5米长 是 40角铁 1.5米			candidate	needs_review	clarify_specs_before_use	purchase_2024_candidate_rows=1842；purchase_2024_source_rows=1843；draft_sku_id=SKU-DRAFT-001823	缺失规格：材质；整理依据：40角铁具体边宽/厚度语义未完全明确，材质/图纸缺失；导入口径：do_not_import_missing_specs；重分类：定制件/金属加工件 -> 定制加工件/金属加工件；分类置信度：high；加工角钢为非标金属加工件。	2026-07-03
ELEC-000187	接线端子	型号：UK5N；颜色：黄绿色		电气电料/接线端子	只			黄绿色接线端子UK5N	ELEC-000187 接线端子 电气/接线端子 只 型号：UK5N 颜色：黄绿色 黄绿色接线端子UK5N UK5N 黄绿色		UK5N	candidate	usable	confirm_before_use	purchase_2024_candidate_rows=1843；purchase_2024_source_rows=1844；draft_sku_id=SKU-DRAFT-001824	缺失规格：电流；整理依据：是否接地端子需确认，额定电流未在原表列明；导入口径：confirm_then_import；重分类：电气/接线端子 -> 电气电料/接线端子；分类置信度：high；UK端子和线鼻子均为接线端子类。	2026-07-03
ELEC-000188	5号电池	品牌：南孚；规格：5号		电气电料/电气辅材	节			南孚电池5号	ELEC-000188 5号电池 电气/电池 节 品牌：南孚 规格：5号 南孚电池5号 南孚 5号	南孚		candidate	usable	confirm_before_use	purchase_2024_candidate_rows=1844；purchase_2024_source_rows=1845；draft_sku_id=SKU-DRAFT-001825	缺失规格：型号；整理依据：碱性/容量未列明，需后续确认；导入口径：confirm_then_import；重分类：电气/电池 -> 电气电料/电气辅材；分类置信度：medium；电池为电气供电辅材；标准无电池二级，用电气辅材承接。	2026-07-03
TOOL-000269	强光手电筒	类型：强光手电筒		工具量具/手动工具	只			强光手电筒	TOOL-000269 强光手电筒 工具/照明工具 只 类型：强光手电筒			candidate	needs_review	clarify_specs_before_use	purchase_2024_candidate_rows=1845；purchase_2024_source_rows=1846；draft_sku_id=SKU-DRAFT-001826	缺失规格：品牌；型号；规格；尺寸；适用设备；整理依据：电池类型/亮度/防水等级缺失，会影响手电筒SKU区分；导入口径：do_not_import_missing_specs；重分类：工具/照明工具 -> 工具量具/手动工具；分类置信度：medium；手电筒是手持作业照明工具，不是固定照明灯具。	2026-07-03
SPARE-000134	机械密封	材质：合金钢；型号：109-35	原始:机密封	设备备件/通用机械备件	套			合金钢机密封109-35	SPARE-000134 机械密封 密封件/机械密封 套 材质：合金钢 型号：109-35 原始:机密封 合金钢机密封109-35 合金钢 109-35 机密封		109-35	candidate	usable	confirm_before_use	purchase_2024_candidate_rows=1846；purchase_2024_source_rows=1847；draft_sku_id=SKU-DRAFT-001827	缺失规格：图号；整理依据：机密封按机械密封归一；适配设备/介质未明确；导入口径：confirm_then_import；重分类：密封件/机械密封 -> 设备备件/通用机械备件；分类置信度：high；机械密封是设备通用维修备件。	2026-07-03
FAST-000082	高强度全牙螺丝	强度等级：12.9；规格：M30*250；螺纹形式：全牙	原始:全芽	紧固件与连接件/螺丝	套			12.9级m30*250全芽螺丝	FAST-000082 高强度全牙螺丝 紧固件/螺丝 套 强度等级：12.9 规格：M30*250 螺纹形式：全牙 原始:全芽 12.9级m30*250全芽螺丝 12.9 M30*250 全牙 全芽			candidate	needs_review	clarify_specs_before_use	purchase_2024_candidate_rows=1847；purchase_2024_source_rows=1848；draft_sku_id=SKU-DRAFT-001828	缺失规格：材质；套件内容；整理依据：全芽疑似全牙，按全牙归一；套件内容/材质缺失；导入口径：do_not_import_missing_specs；重分类：紧固件/螺丝 -> 紧固件与连接件/螺丝；分类置信度：high；全牙高强螺丝为螺丝类紧固件。	2026-07-03
PIPE-000420	防水网线连接器	适用环境：户外；特性：防水；类型：网线接头连接器		弱电安防/网络材料	套			户外防水网线接头连接器	PIPE-000420 防水网线连接器 弱电安防/网络配件 套 适用环境：户外 特性：防水 类型：网线接头连接器 户外防水网线接头连接器 户外 防水 网线接头连接器			candidate	needs_review	clarify_specs_before_use	purchase_2024_candidate_rows=1848；purchase_2024_source_rows=1849；draft_sku_id=SKU-DRAFT-001829	缺失规格：材质；口径；压力等级；连接方式；壁厚；整理依据：网线类别/防护等级缺失，会影响网线连接器SKU区分；导入口径：do_not_import_missing_specs；重分类：弱电安防/网络配件 -> 弱电安防/网络材料；分类置信度：high；户外网线连接器为网络材料。	2026-07-03
TOOL-000270	激光水平仪	品牌：莱赛；类型：激光红外水平仪		工具量具/测量工具	套			莱赛激光红外水平仪	TOOL-000270 激光水平仪 工具/测量工具 套 品牌：莱赛 类型：激光红外水平仪 莱赛激光红外水平仪 莱赛 激光红外水平仪	莱赛		candidate	needs_review	clarify_specs_before_use	purchase_2024_candidate_rows=1849；purchase_2024_source_rows=1850；draft_sku_id=SKU-DRAFT-001830	缺失规格：型号；精度；整理依据：线数/精度/型号缺失，会影响激光水平仪SKU区分；导入口径：do_not_import_missing_specs；重分类：工具/测量工具 -> 工具量具/测量工具；分类置信度：high；激光水平仪是测量工具。	2026-07-03
WELD-000048	电焊机接线夹	适配设备：电焊机；部件：接线夹		焊接切割/焊割工具	个			电焊机接线夹	WELD-000048 电焊机接线夹 焊接工具/焊机配件 个 适配设备：电焊机 部件：接线夹 电焊机 接线夹			candidate	needs_review	clarify_specs_before_use	purchase_2024_candidate_rows=1850；purchase_2024_source_rows=1851；draft_sku_id=SKU-DRAFT-001831	缺失规格：电流；整理依据：电流等级/接口缺失，会影响电焊机接线夹SKU区分；导入口径：do_not_import_missing_specs；重分类：焊接工具/焊机配件 -> 焊接切割/焊割工具；分类置信度：high；接线夹为电焊机作业连接工具。	2026-07-03
SPARE-000135	电动油脂泵	容量：6L；出口数：3出口；配置：带时控器		施工机具设备/泵类设备	台			电动油脂泵6L-3出口带时控器	SPARE-000135 电动油脂泵 润滑设备/油脂泵 台 容量：6L 出口数：3出口 配置：带时控器 电动油脂泵6L-3出口带时控器 6L 3出口 带时控器			candidate	needs_review	clarify_specs_before_use	purchase_2024_candidate_rows=1851；purchase_2024_source_rows=1852；draft_sku_id=SKU-DRAFT-001832	缺失规格：品牌；电压；整理依据：电压/压力/品牌缺失，会影响电动油脂泵SKU区分；导入口径：do_not_import_missing_specs；重分类：润滑设备/油脂泵 -> 施工机具设备/泵类设备；分类置信度：medium；电动油脂泵为供脂泵装置，按泵类设备归入。	2026-07-03
SPARE-000136	泥浆泵活塞	适配型号：BW-250；部件：活塞		设备备件/泵类备件	只			泥浆泵活塞BW-250	SPARE-000136 泥浆泵活塞 设备备件/泥浆泵配件 只 适配型号：BW-250 部件：活塞 泥浆泵活塞BW-250 BW-250 活塞			candidate	usable	confirm_before_use	purchase_2024_candidate_rows=1852；purchase_2024_source_rows=1853；draft_sku_id=SKU-DRAFT-001833	缺失规格：型号；材质；整理依据：材质/厂家缺失，按适配型号先建候选；导入口径：confirm_then_import；重分类：设备备件/泥浆泵配件 -> 设备备件/泵类备件；分类置信度：high；泥浆泵活塞属于泵类备件。	2026-07-03
SPARE-000137	泥浆泵活塞	适配型号：BW-150；部件：活塞		设备备件/泵类备件	只			泥浆泵活塞BW-150	SPARE-000137 泥浆泵活塞 设备备件/泥浆泵配件 只 适配型号：BW-150 部件：活塞 泥浆泵活塞BW-150 BW-150 活塞			candidate	usable	confirm_before_use	purchase_2024_candidate_rows=1853；purchase_2024_source_rows=1854；draft_sku_id=SKU-DRAFT-001834	缺失规格：型号；材质；整理依据：材质/厂家缺失，按适配型号先建候选；导入口径：confirm_then_import；重分类：设备备件/泥浆泵配件 -> 设备备件/泵类备件；分类置信度：high；泥浆泵活塞属于泵类备件。	2026-07-03
ELEC-000189	电柜散热风机	用途：电柜散热；类型：风机		电气电料/电气辅材	只			电柜散热风机	ELEC-000189 电柜散热风机 电气/配电柜散热 只 用途：电柜散热 类型：风机 电柜散热 风机			candidate	needs_review	clarify_specs_before_use	purchase_2024_candidate_rows=1854；purchase_2024_source_rows=1855；draft_sku_id=SKU-DRAFT-001835	缺失规格：尺寸；电压；整理依据：电压/尺寸/风量缺失，会影响电柜散热风机SKU区分；导入口径：do_not_import_missing_specs；重分类：电气/配电柜散热 -> 电气电料/电气辅材；分类置信度：high；电柜散热风机是配电柜通风散热辅件。	2026-07-03
ELEC-000190	水下连接器	环境：水下；结构：四电二光		电气电料/电气连接器	套			水下连接器四电二光	ELEC-000190 水下连接器 电气/水下连接器 套 环境：水下 结构：四电二光 水下连接器四电二光 水下 四电二光			candidate	needs_review	clarify_specs_before_use	purchase_2024_candidate_rows=1855；purchase_2024_source_rows=1856；draft_sku_id=SKU-DRAFT-001836	缺失规格：品牌；型号；电压；电流；安装方式；整理依据：防水等级/接口/耐压深度缺失，会影响水下连接器SKU区分；导入口径：do_not_import_missing_specs；重分类：电气/水下连接器 -> 电气电料/电气连接器；分类置信度：high；水下电光连接器属于电气连接件；新建二级电气连接器。	2026-07-03
ELEC-000191	水下连接器堵头	适配：水下连接器；类型：堵头		电气电料/电气连接器	套			水下连接器堵头	ELEC-000191 水下连接器堵头 电气/水下连接器 套 适配：水下连接器 类型：堵头 水下连接器 堵头			candidate	needs_review	clarify_specs_before_use	purchase_2024_candidate_rows=1856；purchase_2024_source_rows=1857；draft_sku_id=SKU-DRAFT-001837	缺失规格：型号；整理依据：适配型号/防水等级缺失，会影响堵头SKU区分；导入口径：do_not_import_missing_specs；重分类：电气/水下连接器 -> 电气电料/电气连接器；分类置信度：high；连接器堵头为水下电气连接器配件；新建二级电气连接器。	2026-07-03
ELEC-000192	双电源转换器	电压：220V；极数：2P；电流：20A		电气电料/低压电器	只			双电源转换器220V-2P-20A	ELEC-000192 双电源转换器 电气/低压电器 只 电压：220V 极数：2P 电流：20A 双电源转换器220V-2P-20A 220V 2P 20A			candidate	usable	confirm_before_use	purchase_2024_candidate_rows=1857；purchase_2024_source_rows=1858；draft_sku_id=SKU-DRAFT-001838	缺失规格：型号；整理依据：切换方式/型号缺失，按电压/极数/电流先建候选；导入口径：confirm_then_import；重分类：电气/低压电器 -> 电气电料/低压电器；分类置信度：high；双电源转换器属低压电器。	2026-07-03
MAT-000205	光纤交换机	端口：二光四电		弱电安防/网络材料	台			光纤交换机二光四电	MAT-000205 光纤交换机 弱电安防/网络设备 台 端口：二光四电 光纤交换机二光四电 二光四电			candidate	needs_review	clarify_specs_before_use	purchase_2024_candidate_rows=1858；purchase_2024_source_rows=1859；draft_sku_id=SKU-DRAFT-001839	缺失规格：品牌；整理依据：速率/品牌/供电方式缺失，会影响光纤交换机SKU区分；导入口径：do_not_import_missing_specs；重分类：弱电安防/网络设备 -> 弱电安防/网络材料；分类置信度：high；光纤交换机属于网络弱电设备。	2026-07-03
MAT-000206	变焦摄像头	功能：变焦		弱电安防/监控设备	个			变焦摄像头	MAT-000206 变焦摄像头 弱电安防/监控设备 个 功能：变焦 变焦			candidate	needs_review	clarify_specs_before_use	purchase_2024_candidate_rows=1859；purchase_2024_source_rows=1860；draft_sku_id=SKU-DRAFT-001840	缺失规格：品牌；整理依据：品牌/分辨率/焦距缺失，无法稳定区分摄像头SKU；导入口径：do_not_import_missing_specs	2026-07-03
ELEC-000193	双电源转换器	电压：24V		电气电料/低压电器	只			双电源转换器24V	ELEC-000193 双电源转换器 电气/低压电器 只 电压：24V 双电源转换器24V 24V			candidate	needs_review	clarify_specs_before_use	purchase_2024_candidate_rows=1860；purchase_2024_source_rows=1861；draft_sku_id=SKU-DRAFT-001841	缺失规格：型号；电流；整理依据：极数/电流/型号缺失，无法稳定区分双电源转换器SKU；导入口径：do_not_import_missing_specs；重分类：电气/低压电器 -> 电气电料/低压电器；分类置信度：high；双电源转换器属低压电器。	2026-07-03
ELEC-000194	漏电保护器	品牌：德力西；极数：2P；额定电流：20A		电气电料/低压电器	只			德力西漏保开关2P/20A	ELEC-000194 漏电保护器 电气/低压电器 只 品牌：德力西 极数：2P 额定电流：20A 德力西漏保开关2P/20A 德力西 2P 20A	德力西		candidate	needs_review	clarify_specs_before_use	purchase_2024_candidate_rows=1861；purchase_2024_source_rows=1862；draft_sku_id=SKU-DRAFT-001842	缺失规格：电流；整理依据：漏电动作电流/分断能力缺失，会影响漏电保护器SKU区分；导入口径：do_not_import_missing_specs；重分类：电气/低压电器 -> 电气电料/低压电器；分类置信度：high；漏电保护器属于低压电器。	2026-07-03
SAFE-000106	棉口罩	材质：棉；类型：口罩		劳保防护/呼吸防护	只			棉口罩	SAFE-000106 棉口罩 劳保耗材/呼吸防护 只 材质：棉 类型：口罩 棉 口罩			candidate	needs_review	clarify_specs_before_use	purchase_2024_candidate_rows=1862；purchase_2024_source_rows=1863；draft_sku_id=SKU-DRAFT-001843	缺失规格：规格；安全等级；认证标准；整理依据：层数/防护等级缺失，会影响口罩SKU区分；与既有同类可合并需复核；导入口径：do_not_import_missing_specs；重分类：劳保耗材/呼吸防护 -> 劳保防护/呼吸防护；分类置信度：high；棉口罩是人员呼吸防护用品。	2026-07-03
SAFE-000107	护目镜	类型：护目眼镜		劳保防护/眼面防护	付			护目眼镜	SAFE-000107 护目镜 劳保耗材/眼面防护 付 类型：护目眼镜 护目眼镜			candidate	needs_review	clarify_specs_before_use	purchase_2024_candidate_rows=1863；purchase_2024_source_rows=1864；draft_sku_id=SKU-DRAFT-001844	缺失规格：材质；规格；安全等级；认证标准；整理依据：防护等级缺失，会影响护目镜SKU区分；与既有同类可合并需复核；导入口径：do_not_import_missing_specs；重分类：劳保耗材/眼面防护 -> 劳保防护/眼面防护；分类置信度：high；护目镜为眼面防护用品。	2026-07-03
SAFE-000108	焊工手套	用途：焊工防护		劳保防护/手套	付			焊工手套	SAFE-000108 焊工手套 劳保耗材/手套 付 用途：焊工防护 焊工防护			candidate	needs_review	clarify_specs_before_use	purchase_2024_candidate_rows=1864；purchase_2024_source_rows=1865；draft_sku_id=SKU-DRAFT-001845	缺失规格：材质；长度；整理依据：材质/长度/耐温等级缺失，会影响焊工手套SKU区分；导入口径：do_not_import_missing_specs；重分类：劳保耗材/手套 -> 劳保防护/手套；分类置信度：high；焊工手套属于劳保手部防护。	2026-07-03
ELEC-000195	金属电缆防水接头	材质：金属；螺纹：M50*1.5；特性：防水		电气电料/电气辅材	只			金属电缆防水接头M50*1.5	ELEC-000195 金属电缆防水接头 电气/电缆接头 只 材质：金属 螺纹：M50*1.5 特性：防水 金属电缆防水接头M50*1.5 金属 M50*1.5 防水			candidate	needs_review	clarify_specs_before_use	purchase_2024_candidate_rows=1865；purchase_2024_source_rows=1866；draft_sku_id=SKU-DRAFT-001846	缺失规格：品牌；型号；电压；电流；安装方式；整理依据：防护等级/适配电缆外径缺失，会影响电缆防水接头SKU区分；导入口径：do_not_import_missing_specs；重分类：电气/电缆接头 -> 电气电料/电气辅材；分类置信度：high；电缆防水接头是电缆进出线辅材。	2026-07-03
TOOL-000271	宝塔钻头开孔器	类型：宝塔钻头/开孔器；规格范围：4-52		工具耗材/钻头	套			宝塔钻头开孔器4-52	TOOL-000271 宝塔钻头开孔器 工具/钻头 套 类型：宝塔钻头/开孔器 规格范围：4-52 宝塔钻头开孔器4-52 宝塔钻头/开孔器 4-52			candidate	needs_review	clarify_specs_before_use	purchase_2024_candidate_rows=1866；purchase_2024_source_rows=1867；draft_sku_id=SKU-DRAFT-001847	缺失规格：规格；材质；整理依据：材质/柄型缺失；规格范围单位未明；导入口径：do_not_import_missing_specs；重分类：工具/钻头 -> 工具耗材/钻头；分类置信度：high；宝塔钻头和开孔器为钻削耗材。	2026-07-03
CHEM-000134	除锈剂	品牌：WD40；容量：500mL		化工胶粘涂料/清洗剂	瓶			WD40除锈剂500ML	CHEM-000134 除锈剂 化工耗材/除锈润滑剂 瓶 品牌：WD40 容量：500mL WD40除锈剂500ML WD40 500mL	WD40		candidate	usable	confirm_before_use	purchase_2024_candidate_rows=1867；purchase_2024_source_rows=1868；draft_sku_id=SKU-DRAFT-001848	缺失规格：型号；整理依据：具体型号/SDS缺失，按品牌/容量先建候选；导入口径：confirm_then_import；重分类：化工耗材/除锈润滑剂 -> 化工胶粘涂料/清洗剂；分类置信度：medium；除锈剂用于锈蚀清理，WD40类需与润滑剂口径区分。	2026-07-03
TOOL-000272	碳弧气刨枪套装	类型：碳弧气刨枪；线长：2米		焊接切割/焊割工具	套			碳弧气刨枪带2米线	TOOL-000272 碳弧气刨枪套装 焊接工具/气刨工具 套 类型：碳弧气刨枪 线长：2米 碳弧气刨枪带2米线 碳弧气刨枪 2米			candidate	needs_review	clarify_specs_before_use	purchase_2024_candidate_rows=1868；purchase_2024_source_rows=1869；draft_sku_id=SKU-DRAFT-001849	缺失规格：电流；整理依据：电流等级/接口缺失，会影响气刨枪套装SKU区分；导入口径：do_not_import_missing_specs；重分类：焊接工具/气刨工具 -> 焊接切割/焊割工具；分类置信度：high；碳弧气刨枪为焊割作业工具。	2026-07-03
WELD-000049	碳棒	直径：8mm		焊接切割/切割耗材	盒			碳棒8mm	WELD-000049 碳棒 焊接材料/气刨耗材 盒 直径：8mm 碳棒8mm 8mm			candidate	needs_review	clarify_specs_before_use	purchase_2024_candidate_rows=1869；purchase_2024_source_rows=1870；draft_sku_id=SKU-DRAFT-001850	缺失规格：长度；整理依据：长度/每盒数量缺失，会影响碳棒SKU区分；导入口径：do_not_import_missing_specs；重分类：焊接材料/气刨耗材 -> 焊接切割/切割耗材；分类置信度：high；气刨碳棒为焊割切割耗材。	2026-07-03
SAFE-000109	一次性雨衣	类型：一次性雨衣		劳保防护/雨具	套			一次性雨衣	SAFE-000109 一次性雨衣 劳保耗材/雨具 套 类型：一次性雨衣			candidate	needs_review	clarify_specs_before_use	purchase_2024_candidate_rows=1870；purchase_2024_source_rows=1871；draft_sku_id=SKU-DRAFT-001851	缺失规格：厚度；整理依据：尺码/厚度缺失，会影响雨衣SKU区分；导入口径：do_not_import_missing_specs；重分类：劳保耗材/雨具 -> 劳保防护/雨具；分类置信度：high；一次性雨衣属于劳保雨具。	2026-07-03
CHEM-000135	金属漆	品牌：立邦；包装：18KG；用途：金属		化工胶粘涂料/涂料	桶			立邦金属漆18KG	CHEM-000135 金属漆 油漆涂料/金属漆 桶 品牌：立邦 包装：18KG 用途：金属 立邦金属漆18KG 立邦 18KG 金属	立邦		candidate	needs_review	clarify_specs_before_use	purchase_2024_candidate_rows=1871；purchase_2024_source_rows=1872；draft_sku_id=SKU-DRAFT-001852	缺失规格：型号；颜色；整理依据：颜色/型号/SDS缺失，会影响金属漆SKU区分；导入口径：do_not_import_missing_specs；重分类：油漆涂料/金属漆 -> 化工胶粘涂料/涂料；分类置信度：high；金属漆为涂料类化工材料。	2026-07-03
TOOL-000273	羊毛漆刷	材质：羊毛；规格：大号；用途：涂漆		工具耗材/刷具	支			羊毛漆刷大号	TOOL-000273 羊毛漆刷 涂装工具/刷子 支 材质：羊毛 规格：大号 用途：涂漆 羊毛漆刷大号 羊毛 大号 涂漆			candidate	needs_review	clarify_specs_before_use	purchase_2024_candidate_rows=1872；purchase_2024_source_rows=1873；draft_sku_id=SKU-DRAFT-001853	缺失规格：尺寸；整理依据：尺寸未明确/等级缺失，会影响漆刷SKU区分；导入口径：do_not_import_missing_specs；重分类：涂装工具/刷子 -> 工具耗材/刷具；分类置信度：high；羊毛漆刷属于涂装刷具耗材。	2026-07-03
TOOL-000274	滚筒刷	用途：涂装	原始:滚桶刷	工具耗材/刷具	只			滚桶刷	TOOL-000274 滚筒刷 涂装工具/滚筒 只 用途：涂装 原始:滚桶刷 滚桶刷 涂装			candidate	needs_review	clarify_specs_before_use	purchase_2024_candidate_rows=1873；purchase_2024_source_rows=1874；draft_sku_id=SKU-DRAFT-001854	缺失规格：尺寸；整理依据：滚桶刷按滚筒刷归一；尺寸缺失，会影响滚筒刷SKU区分；导入口径：do_not_import_missing_specs；重分类：涂装工具/滚筒 -> 工具耗材/刷具；分类置信度：high；滚筒刷是涂装刷具耗材。	2026-07-03
SPARE-000138	水封	型号：VS-75		设备备件/通用机械备件	只			水封VS-75	SPARE-000138 水封 密封件/水封 只 型号：VS-75 水封VS-75 VS-75		VS-75	candidate	usable	confirm_before_use	purchase_2024_candidate_rows=1874；purchase_2024_source_rows=1875；draft_sku_id=SKU-DRAFT-001855	缺失规格：材质；整理依据：适配设备/材质缺失，按型号先建候选；导入口径：confirm_then_import；重分类：密封件/水封 -> 设备备件/通用机械备件；分类置信度：medium；水封为机械设备密封备件。	2026-07-03
CHEM-000136	高温润滑脂	类型：高温黄油；包装：16KG		化工胶粘涂料/润滑剂	桶			高温黄油16KG	CHEM-000136 高温润滑脂 油品/润滑脂 桶 类型：高温黄油 包装：16KG 高温黄油16KG 高温黄油 16KG			candidate	needs_review	clarify_specs_before_use	purchase_2024_candidate_rows=1875；purchase_2024_source_rows=1876；draft_sku_id=SKU-DRAFT-001856	缺失规格：品牌；型号；整理依据：品牌/温度范围/型号缺失，会影响润滑脂SKU区分；导入口径：do_not_import_missing_specs；重分类：油品/润滑脂 -> 化工胶粘涂料/润滑剂；分类置信度：high；高温黄油为润滑脂。	2026-07-03
ELEC-000196	定制电箱	定制：是；尺寸：700*300*220		电气电料/电气箱柜	只			定制电箱700*300*220	ELEC-000196 定制电箱 定制件/配电箱 只 定制：是 尺寸：700*300*220 定制电箱700*300*220 是 700*300*220			candidate	needs_review	clarify_specs_before_use	purchase_2024_candidate_rows=1876；purchase_2024_source_rows=1877；draft_sku_id=SKU-DRAFT-001857	缺失规格：材质；整理依据：材质/配置/图纸缺失，定制件需复核；导入口径：do_not_import_missing_specs；重分类：定制件/配电箱 -> 电气电料/电气箱柜；分类置信度：medium；定制电箱本质为电气箱柜；推荐无对应二级，按电气箱柜新建。	2026-07-03
ELEC-000197	不锈钢户外箱	材质：不锈钢；环境：户外；尺寸：400*400*250		电气电料/电气辅材	只			不锈钢户外箱400*400*250	ELEC-000197 不锈钢户外箱 电气/配电箱壳体 只 材质：不锈钢 环境：户外 尺寸：400*400*250 不锈钢户外箱400*400*250 不锈钢 户外 400*400*250			candidate	needs_review	clarify_specs_before_use	purchase_2024_candidate_rows=1877；purchase_2024_source_rows=1878；draft_sku_id=SKU-DRAFT-001858	缺失规格：品牌；型号；电压；电流；安装方式；整理依据：防护等级/板厚缺失，会影响配电箱壳体SKU区分；导入口径：do_not_import_missing_specs；重分类：电气/配电箱壳体 -> 电气电料/电气辅材；分类置信度：medium；户外配电箱壳体属电气箱柜辅材，材质不决定一级分类。	2026-07-03
METAL-000126	不锈钢内外门电柜	材质：不锈钢；结构：内外门；尺寸：1000*650*450		电气电料/电气辅材	只			不锈钢内外门电柜1000*650*450	METAL-000126 不锈钢内外门电柜 电气/配电柜壳体 只 材质：不锈钢 结构：内外门 尺寸：1000*650*450 不锈钢内外门电柜1000*650*450 不锈钢 内外门 1000*650*450			candidate	needs_review	clarify_specs_before_use	purchase_2024_candidate_rows=1878；purchase_2024_source_rows=1879；draft_sku_id=SKU-DRAFT-001859	缺失规格：规格；厚度；长度；执行标准；整理依据：防护等级/板厚/配置缺失，会影响配电柜壳体SKU区分；导入口径：do_not_import_missing_specs；重分类：电气/配电柜壳体 -> 电气电料/电气辅材；分类置信度：medium；配电柜壳体属电气箱柜辅材；旧金属壳体口径需转电气。	2026-07-03
ELEC-000198	不锈钢内外门电箱	材质：不锈钢；结构：内外门；尺寸：350*250*200		电气电料/电气辅材	只			不锈钢内外门电箱350*250*200	ELEC-000198 不锈钢内外门电箱 电气/配电箱壳体 只 材质：不锈钢 结构：内外门 尺寸：350*250*200 不锈钢内外门电箱350*250*200 不锈钢 内外门 350*250*200			candidate	needs_review	clarify_specs_before_use	purchase_2024_candidate_rows=1879；purchase_2024_source_rows=1880；draft_sku_id=SKU-DRAFT-001860	缺失规格：品牌；型号；电压；电流；安装方式；整理依据：防护等级/板厚/配置缺失，会影响配电箱壳体SKU区分；导入口径：do_not_import_missing_specs；重分类：电气/配电箱壳体 -> 电气电料/电气辅材；分类置信度：medium；配电箱壳体属电气箱柜辅材；材质不决定一级分类。	2026-07-03
CHEM-000137	除锈剂	品牌：陶喜；容量：450mL		化工胶粘涂料/清洗剂	瓶			陶喜除锈剂450mL	CHEM-000137 除锈剂 化工耗材/除锈润滑剂 瓶 品牌：陶喜 容量：450mL 陶喜除锈剂450mL 陶喜 450mL	陶喜		candidate	usable	confirm_before_use	purchase_2024_candidate_rows=1880；purchase_2024_source_rows=1881；draft_sku_id=SKU-DRAFT-001861	缺失规格：型号；整理依据：型号/SDS缺失，按品牌/容量先建候选；导入口径：confirm_then_import；重分类：化工耗材/除锈润滑剂 -> 化工胶粘涂料/清洗剂；分类置信度：medium；除锈剂用于锈蚀清理，WD40类需与润滑剂口径区分。	2026-07-03
SAFE-000110	头盔式面罩	类型：头盔式面罩		劳保防护/眼面防护	只			头盔式面罩	SAFE-000110 头盔式面罩 劳保耗材/眼面防护 只 类型：头盔式面罩			candidate	needs_review	clarify_specs_before_use	purchase_2024_candidate_rows=1881；purchase_2024_source_rows=1882；draft_sku_id=SKU-DRAFT-001862	缺失规格：材质；规格；安全等级；认证标准；整理依据：防护等级/用途缺失，会影响面罩SKU区分；导入口径：do_not_import_missing_specs；重分类：劳保耗材/眼面防护 -> 劳保防护/眼面防护；分类置信度：high；头盔式面罩是眼面防护用品。	2026-07-03
ADMIN-000057	油性记号笔	颜色：红色；类型：油性		清洁办公后勤/办公用品	支			红色油性记号笔	ADMIN-000057 油性记号笔 办公用品/书写工具 支 颜色：红色 类型：油性 红色油性记号笔 红色 油性			candidate	usable	confirm_before_use	purchase_2024_candidate_rows=1882；purchase_2024_source_rows=1883；draft_sku_id=SKU-DRAFT-001863	缺失规格：品牌；整理依据：品牌/笔头粗细缺失，按颜色/类型先建候选；导入口径：confirm_then_import；重分类：办公用品/书写工具 -> 清洁办公后勤/办公用品；分类置信度：high；油性记号笔属于办公书写用品。	2026-07-03
TOOL-000275	管钳	品牌：世达；规格：14寸		工具量具/手动工具	把			世达管钳14寸	TOOL-000275 管钳 工具/手动工具 把 品牌：世达 规格：14寸 世达管钳14寸 世达 14寸	世达		candidate	usable	confirm_before_use	purchase_2024_candidate_rows=1883；purchase_2024_source_rows=1884；draft_sku_id=SKU-DRAFT-001864	缺失规格：型号；整理依据：型号缺失，按品牌/规格先建候选；导入口径：confirm_then_import；重分类：工具/手动工具 -> 工具量具/手动工具；分类置信度：high；管钳为管道作业手动工具。	2026-07-03
SAFE-000111	消防铲	类型：消防铲		安全消防/消防器材	把			消防铲	SAFE-000111 消防铲 安全消防/消防工具 把 类型：消防铲			candidate	needs_review	clarify_specs_before_use	purchase_2024_candidate_rows=1884；purchase_2024_source_rows=1885；draft_sku_id=SKU-DRAFT-001865	缺失规格：材质；长度；整理依据：材质/长度缺失，会影响消防铲SKU区分；导入口径：do_not_import_missing_specs；重分类：安全消防/消防工具 -> 安全消防/消防器材；分类置信度：high；消防铲为消防器材工具。	2026-07-03
ELEC-000199	指示灯	安装孔径：M22；颜色：红+绿		电气电料/开关按钮	只			指示灯M22 红+绿	ELEC-000199 指示灯 电气/按钮指示元件 只 安装孔径：M22 颜色：红+绿 指示灯M22 红+绿 M22 红+绿			candidate	needs_review	clarify_specs_before_use	purchase_2024_candidate_rows=1885；purchase_2024_source_rows=1886；draft_sku_id=SKU-DRAFT-001866	缺失规格：电压；整理依据：电压/触点形式缺失，会影响指示灯SKU区分；导入口径：do_not_import_missing_specs；重分类：电气/按钮指示元件 -> 电气电料/开关按钮；分类置信度：high；指示灯属按钮指示类电料。	2026-07-03
ELEC-000200	调速电位器	品牌：施耐德；阻值：5K；用途：调速		电气电料/低压电器	只			施耐德调速电位器5K	ELEC-000200 调速电位器 电气/按钮指示元件 只 品牌：施耐德 阻值：5K 用途：调速 施耐德调速电位器5K 施耐德 5K 调速	施耐德		candidate	needs_review	clarify_specs_before_use	purchase_2024_candidate_rows=1886；purchase_2024_source_rows=1887；draft_sku_id=SKU-DRAFT-001867	缺失规格：型号；整理依据：安装孔径/型号缺失，会影响调速电位器SKU区分；导入口径：do_not_import_missing_specs；重分类：电气/按钮指示元件 -> 电气电料/低压电器；分类置信度：high；调速电位器为低压控制元件。	2026-07-03
ELEC-000201	按钮开关	颜色：红+绿；类型：按钮开关		电气电料/开关按钮	只			按钮开关红+绿	ELEC-000201 按钮开关 电气/按钮指示元件 只 颜色：红+绿 类型：按钮开关 按钮开关红+绿 红+绿			candidate	needs_review	clarify_specs_before_use	purchase_2024_candidate_rows=1887；purchase_2024_source_rows=1888；draft_sku_id=SKU-DRAFT-001868	缺失规格：电压；整理依据：安装孔径/触点形式/电压缺失，会影响按钮开关SKU区分；导入口径：do_not_import_missing_specs；重分类：电气/按钮指示元件 -> 电气电料/开关按钮；分类置信度：high；按钮开关属开关按钮类电料。	2026-07-03
ELEC-000202	转换开关	类型：按钮转换开关		电气电料/开关按钮	只			按钮转换开关	ELEC-000202 转换开关 电气/按钮指示元件 只 类型：按钮转换开关 按钮转换开关			candidate	needs_review	clarify_specs_before_use	purchase_2024_candidate_rows=1888；purchase_2024_source_rows=1889；draft_sku_id=SKU-DRAFT-001869	缺失规格：品牌；型号；电压；电流；安装方式；整理依据：档位/触点形式/孔径缺失，无法稳定区分转换开关SKU；导入口径：do_not_import_missing_specs；重分类：电气/按钮指示元件 -> 电气电料/开关按钮；分类置信度：high；转换开关属于开关按钮类电气元件。	2026-07-03
ELEC-000203	继电器套装	品牌：施耐德；电压：220V；电流：5A；配置：带底座		电气电料/低压电器	套			施耐德继电器带底座220V/5A	ELEC-000203 继电器套装 电气/继电器 套 品牌：施耐德 电压：220V 电流：5A 配置：带底座 施耐德继电器带底座220V/5A 施耐德 220V 5A 带底座	施耐德		candidate	needs_review	clarify_specs_before_use	purchase_2024_candidate_rows=1889；purchase_2024_source_rows=1890；draft_sku_id=SKU-DRAFT-001870	缺失规格：型号；整理依据：触点组数/型号缺失，会影响继电器套装SKU区分；导入口径：do_not_import_missing_specs；重分类：电气/继电器 -> 电气电料/低压电器；分类置信度：high；继电器带底座为低压控制电器。	2026-07-03
CHEM-000138	黄油嘴	材质：纯铜；规格：M10		设备备件/通用机械备件	只			纯铜黄油咀M10	CHEM-000138 黄油嘴 设备润滑/黄油嘴 只 材质：纯铜 规格：M10 纯铜黄油咀M10 纯铜 M10			candidate	needs_review	clarify_specs_before_use	purchase_2024_candidate_rows=1890；purchase_2024_source_rows=1891；draft_sku_id=SKU-DRAFT-001871	缺失规格：品牌；型号；类型；容量；颜色；整理依据：角度/螺纹牙距缺失，会影响黄油嘴SKU区分；导入口径：do_not_import_missing_specs；重分类：设备润滑/黄油嘴 -> 设备备件/通用机械备件；分类置信度：high；黄油嘴是设备润滑系统小备件，不是化工油品。	2026-07-03
TOOL-000276	刀片	品牌：锐锋；类型：刀片		工具耗材/刀具	盒			锐锋刀片	TOOL-000276 刀片 工具/刀片 盒 品牌：锐锋 类型：刀片 锐锋刀片 锐锋	锐锋		candidate	needs_review	clarify_specs_before_use	purchase_2024_candidate_rows=1891；purchase_2024_source_rows=1892；draft_sku_id=SKU-DRAFT-001872	缺失规格：规格；整理依据：规格/每盒数量缺失，会影响刀片按盒采购的SKU区分；导入口径：do_not_import_missing_specs；重分类：工具/刀片 -> 工具耗材/刀具；分类置信度：medium；刀片是工具消耗刀具；推荐二级无刀具，新增二级。	2026-07-03
CHEM-000139	液态密封胶	品牌：三和；类型：液态密封胶		化工胶粘涂料/密封材料	支			三和液态密封胶	CHEM-000139 液态密封胶 胶粘剂/密封胶 支 品牌：三和 类型：液态密封胶 三和液态密封胶 三和	三和		candidate	needs_review	clarify_specs_before_use	purchase_2024_candidate_rows=1892；purchase_2024_source_rows=1893；draft_sku_id=SKU-DRAFT-001873	缺失规格：型号；容量；整理依据：容量/型号/耐温缺失，会影响密封胶SKU区分；导入口径：do_not_import_missing_specs；重分类：胶粘剂/密封胶 -> 化工胶粘涂料/密封材料；分类置信度：high；液态密封胶属于密封材料。	2026-07-03
ELEC-000204	电位器	品牌：天逸；型号：LA42D；阻值：5K		电气电料/低压电器	只			天逸电位器LA42D-5K	ELEC-000204 电位器 电气/按钮指示元件 只 品牌：天逸 型号：LA42D 阻值：5K 天逸电位器LA42D-5K 天逸 LA42D 5K	天逸	LA42D	candidate	usable	confirm_before_use	purchase_2024_candidate_rows=1894；purchase_2024_source_rows=1895；draft_sku_id=SKU-DRAFT-001874	整理依据：安装孔径/用途缺失，按品牌/型号/阻值先建候选；导入口径：confirm_then_import；重分类：电气/按钮指示元件 -> 电气电料/低压电器；分类置信度：high；电位器为低压电气控制元件。	2026-07-03
TOOL-000277	老虎钳	品牌：得力；类型：老虎钳		工具量具/手动工具	把			得力老虎钳	TOOL-000277 老虎钳 工具/手动工具 把 品牌：得力 类型：老虎钳 得力老虎钳 得力	得力		candidate	needs_review	clarify_specs_before_use	purchase_2024_candidate_rows=1895；purchase_2024_source_rows=1896；draft_sku_id=SKU-DRAFT-001875	缺失规格：型号；规格；整理依据：规格/型号缺失，会影响老虎钳SKU区分；导入口径：do_not_import_missing_specs；重分类：工具/手动工具 -> 工具量具/手动工具；分类置信度：high；老虎钳为常用手动工具。	2026-07-03
TOOL-000278	尖嘴钳	品牌：得力；类型：尖嘴钳		工具量具/手动工具	把			得力尖嘴钳	TOOL-000278 尖嘴钳 工具/手动工具 把 品牌：得力 类型：尖嘴钳 得力尖嘴钳 得力	得力		candidate	needs_review	clarify_specs_before_use	purchase_2024_candidate_rows=1896；purchase_2024_source_rows=1897；draft_sku_id=SKU-DRAFT-001876	缺失规格：型号；规格；整理依据：规格/型号缺失，会影响尖嘴钳SKU区分；导入口径：do_not_import_missing_specs；重分类：工具/手动工具 -> 工具量具/手动工具；分类置信度：high；尖嘴钳属手动工具。	2026-07-03
TOOL-000279	一字螺丝刀	类型：一字		工具量具/手动工具	把			一字螺丝刀	TOOL-000279 一字螺丝刀 工具/手动工具 把 类型：一字 一字			candidate	needs_review	clarify_specs_before_use	purchase_2024_candidate_rows=1897；purchase_2024_source_rows=1898；draft_sku_id=SKU-DRAFT-001877	缺失规格：品牌；规格；整理依据：规格/杆长/品牌缺失，会影响螺丝刀SKU区分；导入口径：do_not_import_missing_specs；重分类：工具/手动工具 -> 工具量具/手动工具；分类置信度：high；一字螺丝刀属于手动工具。	2026-07-03
TOOL-000280	十字螺丝刀	类型：十字		工具量具/手动工具	把			十字螺丝刀	TOOL-000280 十字螺丝刀 工具/手动工具 把 类型：十字 十字			candidate	needs_review	clarify_specs_before_use	purchase_2024_candidate_rows=1898；purchase_2024_source_rows=1899；draft_sku_id=SKU-DRAFT-001878	缺失规格：品牌；规格；整理依据：规格/杆长/品牌缺失，会影响螺丝刀SKU区分；导入口径：do_not_import_missing_specs；重分类：工具/手动工具 -> 工具量具/手动工具；分类置信度：high；螺丝刀为手动工具。	2026-07-03
ELEC-000205	管型接线端子	类型：管型；适配线径：2.5平方		电气电料/接线端子	包			管型接线端子2.5平方	ELEC-000205 管型接线端子 电气/接线端子 包 类型：管型 适配线径：2.5平方 管型接线端子2.5平方 管型 2.5平方			candidate	needs_review	clarify_specs_before_use	purchase_2024_candidate_rows=1899；purchase_2024_source_rows=1900；draft_sku_id=SKU-DRAFT-001879	缺失规格：每包数量；颜色；整理依据：每包数量/颜色/端头形式缺失，会影响管型接线端子SKU区分；导入口径：do_not_import_missing_specs；重分类：电气/接线端子 -> 电气电料/接线端子；分类置信度：high；管型端子属于接线端子。	2026-07-03
ADMIN-000058	垃圾袋	颜色：黑色；尺寸：1.2米*1.4米		清洁办公后勤/清洁耗材	条			黑色垃圾袋1.2米*1.4米	ADMIN-000058 垃圾袋 行政后勤/清洁用品 条 颜色：黑色 尺寸：1.2米*1.4米 黑色垃圾袋1.2米*1.4米 黑色 1.2米*1.4米			candidate	needs_review	clarify_specs_before_use	purchase_2024_candidate_rows=1900；purchase_2024_source_rows=1901；draft_sku_id=SKU-DRAFT-001880	缺失规格：厚度；每包数量；整理依据：厚度/每包数量缺失，会影响垃圾袋SKU区分；导入口径：do_not_import_missing_specs；重分类：行政后勤/清洁用品 -> 清洁办公后勤/清洁耗材；分类置信度：high；垃圾袋是清洁消耗品，旧劳保耗材错误。	2026-07-03
MAT-000207	吊钩保险扣	适配：行车吊钩；额定载荷：20T；部件：保险扣		吊装索具/吊钩	个			行车吊钩保险扣20T	MAT-000207 吊钩保险扣 吊装索具/吊钩配件 个 适配：行车吊钩 额定载荷：20T 部件：保险扣 行车吊钩保险扣20T 行车吊钩 20T 保险扣			candidate	needs_review	clarify_specs_before_use	purchase_2024_candidate_rows=1901；purchase_2024_source_rows=1902；draft_sku_id=SKU-DRAFT-001881	缺失规格：型号；材质；整理依据：适配吊钩型号/材质缺失，会影响吊钩保险扣SKU区分；导入口径：do_not_import_missing_specs；重分类：吊装索具/吊钩配件 -> 吊装索具/吊钩；分类置信度：high；吊钩保险扣是吊钩配件，载荷差异不拆分。	2026-07-03
MAT-000208	吊钩保险扣	适配：行车吊钩；额定载荷：16T；部件：保险扣		吊装索具/吊钩	个			行车吊钩保险扣16T	MAT-000208 吊钩保险扣 吊装索具/吊钩配件 个 适配：行车吊钩 额定载荷：16T 部件：保险扣 行车吊钩保险扣16T 行车吊钩 16T 保险扣			candidate	needs_review	clarify_specs_before_use	purchase_2024_candidate_rows=1902；purchase_2024_source_rows=1903；draft_sku_id=SKU-DRAFT-001882	缺失规格：型号；材质；整理依据：适配吊钩型号/材质缺失，会影响吊钩保险扣SKU区分；导入口径：do_not_import_missing_specs；重分类：吊装索具/吊钩配件 -> 吊装索具/吊钩；分类置信度：high；吊钩保险扣是吊钩配件，载荷差异不拆分。	2026-07-03
PIPE-000421	不锈钢单向阀	材质：不锈钢；规格：1寸；类型：单向阀		管材管件阀门/阀门	只			不锈钢单向阀1寸	PIPE-000421 不锈钢单向阀 阀门/单向阀 只 材质：不锈钢 规格：1寸 类型：单向阀 不锈钢单向阀1寸 不锈钢 1寸 单向阀			candidate	needs_review	clarify_specs_before_use	purchase_2024_candidate_rows=1903；purchase_2024_source_rows=1904；draft_sku_id=SKU-DRAFT-001883	缺失规格：压力等级；整理依据：压力等级/连接形式缺失，会影响单向阀SKU区分；导入口径：do_not_import_missing_specs；重分类：阀门/单向阀 -> 管材管件阀门/阀门；分类置信度：high；单向阀属于管路阀门，材质/口径是规格。	2026-07-03
CONST-000029	阻燃挤塑板	特性：阻燃；尺寸：2.2m*0.6m*0.1m	数量描述:116块	建筑材料/保温材料	平方			阻燃挤塑板2.2m*0.6m*0.1m*116块	CONST-000029 阻燃挤塑板 保温材料/挤塑板 平方 特性：阻燃 尺寸：2.2m*0.6m*0.1m 数量描述:116块 阻燃挤塑板2.2m*0.6m*0.1m*116块 阻燃 2.2m*0.6m*0.1m 116块			candidate	needs_review	clarify_specs_before_use	purchase_2024_candidate_rows=1904；purchase_2024_source_rows=1905；draft_sku_id=SKU-DRAFT-001884	缺失规格：材质；厚度；强度等级；包装规格；整理依据：阻燃等级/密度缺失，会影响挤塑板SKU区分；导入口径：do_not_import_missing_specs；重分类：保温材料/挤塑板 -> 建筑材料/保温材料；分类置信度：high；挤塑板为保温材料，阻燃是性能。	2026-07-03
CONST-000030	阻燃挤塑板	特性：阻燃；尺寸：2.2m*0.6m*0.05m	数量描述:64块	建筑材料/保温材料	平方			阻燃挤塑板2.2m*0.6m*0.05m*64块	CONST-000030 阻燃挤塑板 保温材料/挤塑板 平方 特性：阻燃 尺寸：2.2m*0.6m*0.05m 数量描述:64块 阻燃挤塑板2.2m*0.6m*0.05m*64块 阻燃 2.2m*0.6m*0.05m 64块			candidate	needs_review	clarify_specs_before_use	purchase_2024_candidate_rows=1905；purchase_2024_source_rows=1906；draft_sku_id=SKU-DRAFT-001885	缺失规格：材质；厚度；强度等级；包装规格；整理依据：阻燃等级/密度缺失，会影响挤塑板SKU区分；导入口径：do_not_import_missing_specs；重分类：保温材料/挤塑板 -> 建筑材料/保温材料；分类置信度：high；挤塑板为保温材料，阻燃是性能。	2026-07-03
ELEC-000206	开关底盒	品牌：公牛；安装方式：明装；部件：底盒底座		电气电料/电气辅材	套			公牛明装开关底盒底座	ELEC-000206 开关底盒 电气/开关插座辅材 套 品牌：公牛 安装方式：明装 部件：底盒底座 公牛明装开关底盒底座 公牛 明装 底盒底座	公牛		candidate	needs_review	clarify_specs_before_use	purchase_2024_candidate_rows=1906；purchase_2024_source_rows=1907；draft_sku_id=SKU-DRAFT-001886	缺失规格：规格；整理依据：规格/孔位缺失，会影响开关底盒SKU区分；导入口径：do_not_import_missing_specs；重分类：电气/开关插座辅材 -> 电气电料/电气辅材；分类置信度：high；开关底盒是开关插座安装辅材。	2026-07-03
CONST-000031	硅晶板	颜色：透明；尺寸：0.8m*0.45m*0.05m		建筑材料/装饰材料	块			透明硅晶板0.8m*0.45m*0.05m	CONST-000031 硅晶板 板材/硅晶板 块 颜色：透明 尺寸：0.8m*0.45m*0.05m 透明硅晶板0.8m*0.45m*0.05m 透明 0.8m*0.45m*0.05m			candidate	needs_review	clarify_specs_before_use	purchase_2024_candidate_rows=1907；purchase_2024_source_rows=1908；draft_sku_id=SKU-DRAFT-001887	缺失规格：材质；整理依据：材质等级/用途缺失，会影响硅晶板SKU区分；导入口径：do_not_import_missing_specs；重分类：板材/硅晶板 -> 建筑材料/装饰材料；分类置信度：medium；硅晶板为建筑板材，按装饰板材归类。	2026-07-03
MAT-000209	墙纸	颜色：白色；尺寸：3m*0.325m		建筑材料/装饰材料	块			白色墙纸3m*0.325m	MAT-000209 墙纸 建筑装饰材料/墙纸 块 颜色：白色 尺寸：3m*0.325m 白色墙纸3m*0.325m 白色 3m*0.325m			candidate	needs_review	clarify_specs_before_use	purchase_2024_candidate_rows=1908；purchase_2024_source_rows=1909；draft_sku_id=SKU-DRAFT-001888	缺失规格：材质；整理依据：材质/胶面缺失且单位是否按块采购需确认；导入口径：do_not_import_missing_specs；重分类：建筑装饰材料/墙纸 -> 建筑材料/装饰材料；分类置信度：high；墙纸为墙面装饰材料。	2026-07-03
CONST-000032	多层实木板	材质：多层实木；尺寸：2.44m*1.22m*0.018m		建筑材料/模板木方	张			多层实木板2.44m*1.22m*0.018m	CONST-000032 多层实木板 木材板材/实木板 张 材质：多层实木 尺寸：2.44m*1.22m*0.018m 多层实木板2.44m*1.22m*0.018m 多层实木 2.44m*1.22m*0.018m			candidate	needs_review	clarify_specs_before_use	purchase_2024_candidate_rows=1909；purchase_2024_source_rows=1910；draft_sku_id=SKU-DRAFT-001889	缺失规格：厚度；强度等级；包装规格；整理依据：等级/环保等级缺失，会影响实木板SKU区分；导入口径：do_not_import_missing_specs；重分类：木材板材/实木板 -> 建筑材料/模板木方；分类置信度：high；多层实木板属施工木板材。	2026-07-03
CHEM-000140	油漆滚筒	用途：油漆		工具耗材/刷具	包			油漆滚筒	CHEM-000140 油漆滚筒 涂装工具/滚筒 包 用途：油漆 油漆			candidate	needs_review	clarify_specs_before_use	purchase_2024_candidate_rows=1910；purchase_2024_source_rows=1911；draft_sku_id=SKU-DRAFT-001890	缺失规格：尺寸；每包数量；整理依据：每包数量/尺寸缺失，会影响油漆滚筒按包采购的SKU区分；导入口径：do_not_import_missing_specs；重分类：涂装工具/滚筒 -> 工具耗材/刷具；分类置信度：high；油漆滚筒是涂装刷具耗材。	2026-07-03
TOOL-000281	滚筒柄	部件：滚筒柄		工具耗材/刷具	把			滚筒柄	TOOL-000281 滚筒柄 涂装工具/滚筒配件 把 部件：滚筒柄			candidate	needs_review	clarify_specs_before_use	purchase_2024_candidate_rows=1911；purchase_2024_source_rows=1912；draft_sku_id=SKU-DRAFT-001891	缺失规格：宽度；整理依据：适配滚筒宽度/柄长缺失，会影响滚筒柄SKU区分；导入口径：do_not_import_missing_specs；重分类：涂装工具/滚筒配件 -> 工具耗材/刷具；分类置信度：medium；滚筒柄为滚筒刷配件，随刷具族管理。	2026-07-03
TOOL-000282	钻头	适用材质：不锈钢；直径：3.2mm		工具耗材/钻头	支			不锈钢钻头3.2mm	TOOL-000282 钻头 工具/钻头 支 适用材质：不锈钢 直径：3.2mm 不锈钢钻头3.2mm 不锈钢 3.2mm			candidate	needs_review	clarify_specs_before_use	purchase_2024_candidate_rows=1912；purchase_2024_source_rows=1913；draft_sku_id=SKU-DRAFT-001892	缺失规格：材质；整理依据：钻头材质/柄型缺失，会影响钻头SKU区分；导入口径：do_not_import_missing_specs；重分类：工具/钻头 -> 工具耗材/钻头；分类置信度：high；样例均为钻头类耗材，规格材质不拆物料族。	2026-07-03
TOOL-000283	镀锌板剪刀	材质：合金钢；用途：镀锌板；规格：20寸		工具量具/手动工具	把			合金钢镀锌板剪刀20寸	TOOL-000283 镀锌板剪刀 工具/剪切工具 把 材质：合金钢 用途：镀锌板 规格：20寸 合金钢镀锌板剪刀20寸 合金钢 镀锌板 20寸			candidate	needs_review	clarify_specs_before_use	purchase_2024_candidate_rows=1913；purchase_2024_source_rows=1914；draft_sku_id=SKU-DRAFT-001893	缺失规格：品牌；厚度；整理依据：剪切厚度/品牌缺失，会影响镀锌板剪刀SKU区分；导入口径：do_not_import_missing_specs；重分类：工具/剪切工具 -> 工具量具/手动工具；分类置信度：high；镀锌板剪刀为剪切类手动工具。	2026-07-03
TOOL-000284	铣刀钻头	适用材质：不锈钢；直径：4mm		工具耗材/钻头	支			不锈钢铣刀钻头4mm	TOOL-000284 铣刀钻头 工具/钻铣刀具 支 适用材质：不锈钢 直径：4mm 不锈钢铣刀钻头4mm 不锈钢 4mm			candidate	needs_review	clarify_specs_before_use	purchase_2024_candidate_rows=1914；purchase_2024_source_rows=1915；draft_sku_id=SKU-DRAFT-001894	缺失规格：品牌；型号；规格；尺寸；适用设备；整理依据：刀具类型/柄径缺失，会影响钻铣刀具SKU区分；导入口径：do_not_import_missing_specs；重分类：工具/钻铣刀具 -> 工具耗材/钻头；分类置信度：high；铣刀钻头是钻铣刀具耗材。	2026-07-03
TOOL-000285	铣刀钻头	适用材质：不锈钢；直径：10mm		工具耗材/钻头	支			不锈钢铣刀钻头10mm	TOOL-000285 铣刀钻头 工具/钻铣刀具 支 适用材质：不锈钢 直径：10mm 不锈钢铣刀钻头10mm 不锈钢 10mm			candidate	needs_review	clarify_specs_before_use	purchase_2024_candidate_rows=1915；purchase_2024_source_rows=1916；draft_sku_id=SKU-DRAFT-001895	缺失规格：品牌；型号；规格；尺寸；适用设备；整理依据：刀具类型/柄径缺失，会影响钻铣刀具SKU区分；导入口径：do_not_import_missing_specs；重分类：工具/钻铣刀具 -> 工具耗材/钻头；分类置信度：high；铣刀钻头是钻铣刀具耗材。	2026-07-03
ELEC-000207	管型接线端子	类型：管型；适配线径：4平方		电气电料/接线端子	包			管型接线端子4平方	ELEC-000207 管型接线端子 电气/接线端子 包 类型：管型 适配线径：4平方 管型接线端子4平方 管型 4平方			candidate	needs_review	clarify_specs_before_use	purchase_2024_candidate_rows=1916；purchase_2024_source_rows=1917；draft_sku_id=SKU-DRAFT-001896	缺失规格：每包数量；颜色；整理依据：每包数量/颜色/端头形式缺失，会影响接线端子SKU区分；导入口径：do_not_import_missing_specs；重分类：电气/接线端子 -> 电气电料/接线端子；分类置信度：high；管型端子属于接线端子。	2026-07-03
WELD-000050	切割片	直径：Φ355		工具耗材/切割片	片			切割片Φ355	WELD-000050 切割片 磨具磨料/切割片 片 直径：Φ355 切割片Φ355 Φ355			candidate	needs_review	clarify_specs_before_use	purchase_2024_candidate_rows=1917；purchase_2024_source_rows=1918；draft_sku_id=SKU-DRAFT-001897	缺失规格：材质；厚度；整理依据：厚度/孔径/材质缺失，会影响切割片SKU区分；导入口径：do_not_import_missing_specs；重分类：磨具磨料/切割片 -> 工具耗材/切割片；分类置信度：high；切割片属于磨切类工具耗材。	2026-07-03
TOOL-000286	钢丝刷	柄材质：铁柄；类型：钢丝刷		工具耗材/刷具	个			铁柄钢丝刷	TOOL-000286 钢丝刷 涂装工具/刷子 个 柄材质：铁柄 类型：钢丝刷 铁柄钢丝刷 铁柄			candidate	needs_review	clarify_specs_before_use	purchase_2024_candidate_rows=1918；purchase_2024_source_rows=1919；draft_sku_id=SKU-DRAFT-001898	缺失规格：尺寸；整理依据：尺寸/形制缺失，会影响钢丝刷SKU区分；导入口径：do_not_import_missing_specs；重分类：涂装工具/刷子 -> 工具耗材/刷具；分类置信度：high；钢丝刷用于清理打磨，属刷具类工具耗材。	2026-07-03
TOOL-000287	钻头	适用材质：不锈钢；直径：6mm		工具耗材/钻头	支			不锈钢钻头6mm	TOOL-000287 钻头 工具/钻头 支 适用材质：不锈钢 直径：6mm 不锈钢钻头6mm 不锈钢 6mm			candidate	needs_review	clarify_specs_before_use	purchase_2024_candidate_rows=1919；purchase_2024_source_rows=1920；draft_sku_id=SKU-DRAFT-001899	缺失规格：材质；整理依据：钻头材质/柄型缺失，会影响钻头SKU区分；导入口径：do_not_import_missing_specs；重分类：工具/钻头 -> 工具耗材/钻头；分类置信度：high；样例均为钻头类耗材，规格材质不拆物料族。	2026-07-03
TOOL-000288	钻头	适用材质：不锈钢；直径：4mm		工具耗材/钻头	支			不锈钢钻头4mm	TOOL-000288 钻头 工具/钻头 支 适用材质：不锈钢 直径：4mm 不锈钢钻头4mm 不锈钢 4mm			candidate	needs_review	clarify_specs_before_use	purchase_2024_candidate_rows=1920；purchase_2024_source_rows=1921；draft_sku_id=SKU-DRAFT-001900	缺失规格：材质；整理依据：钻头材质/柄型缺失，会影响钻头SKU区分；导入口径：do_not_import_missing_specs；重分类：工具/钻头 -> 工具耗材/钻头；分类置信度：high；样例均为钻头类耗材，规格材质不拆物料族。	2026-07-03
TOOL-000289	电钻夹头钥匙	适配：电钻夹头；部件：钥匙		电动气动工具/工具附件	把			电钻夹头钥匙	TOOL-000289 电钻夹头钥匙 电动工具/电钻配件 把 适配：电钻夹头 部件：钥匙 电钻夹头 钥匙			candidate	needs_review	clarify_specs_before_use	purchase_2024_candidate_rows=1921；purchase_2024_source_rows=1922；draft_sku_id=SKU-DRAFT-001901	缺失规格：规格；整理依据：适配夹头规格缺失，会影响电钻夹头钥匙SKU区分；导入口径：do_not_import_missing_specs；重分类：电动工具/电钻配件 -> 电动气动工具/工具附件；分类置信度：high；电钻夹头钥匙为电钻附件。	2026-07-03
CHEM-000141	防水乳胶漆	品牌：立邦；特性：防水；包装：18KG		化工胶粘涂料/涂料	桶			立邦防水乳胶漆18KG	CHEM-000141 防水乳胶漆 油漆涂料/乳胶漆 桶 品牌：立邦 特性：防水 包装：18KG 立邦防水乳胶漆18KG 立邦 防水 18KG	立邦		candidate	needs_review	clarify_specs_before_use	purchase_2024_candidate_rows=1922；purchase_2024_source_rows=1923；draft_sku_id=SKU-DRAFT-001902	缺失规格：型号；颜色；整理依据：颜色/型号缺失，会影响乳胶漆SKU区分；导入口径：do_not_import_missing_specs；重分类：油漆涂料/乳胶漆 -> 化工胶粘涂料/涂料；分类置信度：high；防水乳胶漆属于涂料。	2026-07-03
FAST-000083	四氟垫片	定制：是；材质：四氟；规格：Φ450*440*2	加工:是	化工胶粘涂料/密封材料	件			加工四氟垫片Φ450*440*2	FAST-000083 四氟垫片 定制件/密封垫片 件 定制：是 材质：四氟 规格：Φ450*440*2 加工:是 加工四氟垫片Φ450*440*2 是 四氟 Φ450*440*2			candidate	needs_review	clarify_specs_before_use	purchase_2024_candidate_rows=1923；purchase_2024_source_rows=1924；draft_sku_id=SKU-DRAFT-001903	缺失规格：强度等级；头型；表面处理；整理依据：内外径含义/图纸缺失，按定制密封垫片候选；导入口径：do_not_import_missing_specs；重分类：定制件/密封垫片 -> 化工胶粘涂料/密封材料；分类置信度：medium；四氟垫片用于密封，定制尺寸不改变密封材料属性。	2026-07-03
CHEM-000142	防水乳胶漆	品牌：立邦；颜色：白色；特性：防水；包装：18KG		化工胶粘涂料/涂料	桶			立邦白色防水乳胶漆18KG	CHEM-000142 防水乳胶漆 油漆涂料/乳胶漆 桶 品牌：立邦 颜色：白色 特性：防水 包装：18KG 立邦白色防水乳胶漆18KG 立邦 白色 防水 18KG	立邦		candidate	needs_review	clarify_specs_before_use	purchase_2024_candidate_rows=1924；purchase_2024_source_rows=1925；draft_sku_id=SKU-DRAFT-001904	缺失规格：型号；整理依据：型号缺失，会影响乳胶漆SKU区分；导入口径：do_not_import_missing_specs；重分类：油漆涂料/乳胶漆 -> 化工胶粘涂料/涂料；分类置信度：high；防水乳胶漆属于涂料。	2026-07-03
CHEM-000143	油漆滚筒	规格：中号；用途：油漆		工具耗材/刷具	个			中号滚筒	CHEM-000143 油漆滚筒 涂装工具/滚筒 个 规格：中号 用途：油漆 中号滚筒 中号 油漆			candidate	needs_review	clarify_specs_before_use	purchase_2024_candidate_rows=1926；purchase_2024_source_rows=1927；draft_sku_id=SKU-DRAFT-001905	缺失规格：品牌；型号；类型；容量；颜色；整理依据：中号未给出具体尺寸/毛长，会影响油漆滚筒SKU区分；导入口径：do_not_import_missing_specs；重分类：涂装工具/滚筒 -> 工具耗材/刷具；分类置信度：high；油漆滚筒是涂装刷具耗材。	2026-07-03
TOOL-000290	一字螺丝刀	品牌：得力；类型：一字		工具量具/手动工具	把			得力一字螺丝刀	TOOL-000290 一字螺丝刀 工具/手动工具 把 品牌：得力 类型：一字 得力一字螺丝刀 得力 一字	得力		candidate	needs_review	clarify_specs_before_use	purchase_2024_candidate_rows=1927；purchase_2024_source_rows=1928；draft_sku_id=SKU-DRAFT-001906	缺失规格：规格；整理依据：规格/杆长缺失，会影响一字螺丝刀SKU区分；导入口径：do_not_import_missing_specs；重分类：工具/手动工具 -> 工具量具/手动工具；分类置信度：high；一字螺丝刀属于手动工具。	2026-07-03
PIPE-000422	UPVC饮水管	品牌：公元；材质：UPVC；用途：饮水；直径：Φ25		管材管件阀门/管材	米			公元UPVCΦ25饮水管	PIPE-000422 UPVC饮水管 管材/UPVC给水管 米 品牌：公元 材质：UPVC 用途：饮水 直径：Φ25 公元UPVCΦ25饮水管 公元 UPVC 饮水 Φ25	公元		candidate	needs_review	clarify_specs_before_use	purchase_2024_candidate_rows=1928；purchase_2024_source_rows=1929；draft_sku_id=SKU-DRAFT-001907	缺失规格：压力等级；壁厚；整理依据：给水标准/压力等级/壁厚缺失，会影响UPVC饮水管SKU区分；导入口径：do_not_import_missing_specs；重分类：管材/UPVC给水管 -> 管材管件阀门/管材；分类置信度：high；饮水管属于UPVC管材，用途不改变分类。	2026-07-03
PIPE-000423	UPVC Y型三通	品牌：公元；材质：UPVC；直径：Φ25；类型：Y型三通		管材管件阀门/三通	只			公元UPVCΦ25Y型三通	PIPE-000423 UPVC Y型三通 管件/UPVC给水管件 只 品牌：公元 材质：UPVC 直径：Φ25 类型：Y型三通 公元UPVCΦ25Y型三通 公元 UPVC Φ25 Y型三通	公元		candidate	needs_review	clarify_specs_before_use	purchase_2024_candidate_rows=1929；purchase_2024_source_rows=1930；draft_sku_id=SKU-DRAFT-001908	缺失规格：压力等级；整理依据：给水标准/压力等级缺失，会影响UPVC管件SKU区分；导入口径：do_not_import_missing_specs；重分类：管件/UPVC给水管件 -> 管材管件阀门/三通；分类置信度：high；Y型三通属于UPVC三通类管件。	2026-07-03
PIPE-000424	UPVC三通	品牌：公元；材质：UPVC；直径：Φ25；类型：三通		管材管件阀门/三通	只			公元UPVCΦ25三通	PIPE-000424 UPVC三通 管件/UPVC给水管件 只 品牌：公元 材质：UPVC 直径：Φ25 类型：三通 公元UPVCΦ25三通 公元 UPVC Φ25 三通	公元		candidate	needs_review	clarify_specs_before_use	purchase_2024_candidate_rows=1930；purchase_2024_source_rows=1931；draft_sku_id=SKU-DRAFT-001909	缺失规格：压力等级；整理依据：给水标准/压力等级缺失，会影响UPVC管件SKU区分；导入口径：do_not_import_missing_specs；重分类：管件/UPVC给水管件 -> 管材管件阀门/三通；分类置信度：high；UPVC三通是标准管件，旧工程材料过宽。	2026-07-03
PIPE-000425	UPVC弯头	品牌：公元；材质：UPVC；直径：Φ25；角度：90度		管材管件阀门/弯头	只			公元UPVCΦ25弯头90度	PIPE-000425 UPVC弯头 管件/UPVC给水管件 只 品牌：公元 材质：UPVC 直径：Φ25 角度：90度 公元UPVCΦ25弯头90度 公元 UPVC Φ25 90度	公元		candidate	needs_review	clarify_specs_before_use	purchase_2024_candidate_rows=1931；purchase_2024_source_rows=1932；draft_sku_id=SKU-DRAFT-001910	缺失规格：压力等级；整理依据：给水标准/压力等级缺失，会影响UPVC管件SKU区分；导入口径：do_not_import_missing_specs；重分类：管件/UPVC给水管件 -> 管材管件阀门/弯头；分类置信度：high；样例均为UPVC弯头，角度/口径为规格差异。	2026-07-03
PIPE-000426	UPVC弯头	品牌：公元；材质：UPVC；直径：Φ25；角度：45度		管材管件阀门/弯头	只			公元UPVCΦ25弯头45度	PIPE-000426 UPVC弯头 管件/UPVC给水管件 只 品牌：公元 材质：UPVC 直径：Φ25 角度：45度 公元UPVCΦ25弯头45度 公元 UPVC Φ25 45度	公元		candidate	needs_review	clarify_specs_before_use	purchase_2024_candidate_rows=1932；purchase_2024_source_rows=1933；draft_sku_id=SKU-DRAFT-001911	缺失规格：压力等级；整理依据：给水标准/压力等级缺失，会影响UPVC管件SKU区分；导入口径：do_not_import_missing_specs；重分类：管件/UPVC给水管件 -> 管材管件阀门/弯头；分类置信度：high；样例均为UPVC弯头，角度/口径为规格差异。	2026-07-03
PIPE-000427	UPVC直接	品牌：公元；材质：UPVC；直径：Φ25；类型：直接		管材管件阀门/直接	只			公元UPVCΦ25直接头	PIPE-000427 UPVC直接 管件/UPVC给水管件 只 品牌：公元 材质：UPVC 直径：Φ25 类型：直接 公元UPVCΦ25直接头 公元 UPVC Φ25 直接	公元		candidate	needs_review	clarify_specs_before_use	purchase_2024_candidate_rows=1933；purchase_2024_source_rows=1934；draft_sku_id=SKU-DRAFT-001912	缺失规格：压力等级；整理依据：给水标准/压力等级缺失，会影响UPVC管件SKU区分；导入口径：do_not_import_missing_specs；重分类：管件/UPVC给水管件 -> 管材管件阀门/直接；分类置信度：high；UPVC直接是标准直连管件。	2026-07-03
METAL-000127	不锈钢合页	材质：不锈钢；类型：合页		清洁办公后勤/门窗五金	付			不锈钢合页	METAL-000127 不锈钢合页 五金/门窗五金 付 材质：不锈钢 类型：合页 不锈钢 合页			candidate	needs_review	clarify_specs_before_use	purchase_2024_candidate_rows=1934；purchase_2024_source_rows=1935；draft_sku_id=SKU-DRAFT-001913	缺失规格：尺寸；厚度；整理依据：尺寸/厚度缺失，会影响合页SKU区分；导入口径：do_not_import_missing_specs；重分类：五金/门窗五金 -> 清洁办公后勤/门窗五金；分类置信度：high；合页属于门窗五金，旧五金备件按标准归并。	2026-07-03
MAT-000210	万向脚轮	类型：万向轮；配置：带刹车		设备备件/通用机械备件	只			万向轮带刹车	MAT-000210 万向脚轮 物流搬运/脚轮 只 类型：万向轮 配置：带刹车 万向轮带刹车 万向轮 带刹车			candidate	needs_review	clarify_specs_before_use	purchase_2024_candidate_rows=1935；purchase_2024_source_rows=1936；draft_sku_id=SKU-DRAFT-001914	缺失规格：尺寸；整理依据：尺寸/载重缺失，会影响脚轮SKU区分；导入口径：do_not_import_missing_specs；重分类：物流搬运/脚轮 -> 设备备件/通用机械备件；分类置信度：high；脚轮为设备/周转车通用备件；旧物流搬运不是标准类目。	2026-07-03
METAL-000128	门插销	材质：不锈钢；用途：门；类型：插销		清洁办公后勤/门窗五金	套			不锈钢门插销	METAL-000128 门插销 五金/门窗五金 套 材质：不锈钢 用途：门 类型：插销 不锈钢门插销 不锈钢 门 插销			candidate	needs_review	clarify_specs_before_use	purchase_2024_candidate_rows=1936；purchase_2024_source_rows=1937；draft_sku_id=SKU-DRAFT-001915	缺失规格：尺寸；整理依据：尺寸/孔距缺失，会影响门插销SKU区分；导入口径：do_not_import_missing_specs；重分类：五金/门窗五金 -> 清洁办公后勤/门窗五金；分类置信度：high；门插销属于门窗五金。	2026-07-03
HW-LOCK-000015	锁扣	材质：不锈钢；用途：外门；类型：锁扣		清洁办公后勤/门窗五金	套			不锈钢外门锁扣	HW-LOCK-000015 锁扣 五金/锁具配件 套 材质：不锈钢 用途：外门 类型：锁扣 不锈钢外门锁扣 不锈钢 外门			candidate	needs_review	clarify_specs_before_use	purchase_2024_candidate_rows=1937；purchase_2024_source_rows=1938；draft_sku_id=SKU-DRAFT-001916	缺失规格：尺寸；整理依据：尺寸/孔距缺失，会影响锁扣SKU区分；导入口径：do_not_import_missing_specs；重分类：五金/锁具配件 -> 清洁办公后勤/门窗五金；分类置信度：high；锁扣属于门窗锁具五金。	2026-07-03
WELD-000051	焊条	品牌：大西洋；牌号：422；直径：2.5		焊接切割/焊接耗材	箱			大西洋422型2.5焊条	WELD-000051 焊条 焊接材料/焊条 箱 品牌：大西洋 牌号：422 直径：2.5 大西洋422型2.5焊条 大西洋 422 2.5	大西洋		candidate	needs_review	clarify_specs_before_use	purchase_2024_candidate_rows=1938；purchase_2024_source_rows=1939；draft_sku_id=SKU-DRAFT-001917	缺失规格：执行标准；整理依据：每箱重量/执行标准缺失，会影响焊条按箱采购的SKU区分；导入口径：do_not_import_missing_specs；重分类：焊接材料/焊条 -> 焊接切割/焊接耗材；分类置信度：high；样例均为电焊条，归焊接耗材。	2026-07-03
WELD-000052	焊条	品牌：大西洋；牌号：422；直径：3.2		焊接切割/焊接耗材	箱			大西洋422型3.2焊条	WELD-000052 焊条 焊接材料/焊条 箱 品牌：大西洋 牌号：422 直径：3.2 大西洋422型3.2焊条 大西洋 422 3.2	大西洋		candidate	needs_review	clarify_specs_before_use	purchase_2024_candidate_rows=1939；purchase_2024_source_rows=1940；draft_sku_id=SKU-DRAFT-001918	缺失规格：执行标准；整理依据：每箱重量/执行标准缺失，会影响焊条按箱采购的SKU区分；导入口径：do_not_import_missing_specs；重分类：焊接材料/焊条 -> 焊接切割/焊接耗材；分类置信度：high；样例均为电焊条，归焊接耗材。	2026-07-03
ELEC-000208	时间继电器	品牌：施耐德；类型：多功能时间继电器		电气电料/低压电器	只			施耐德多功能时间继电器	ELEC-000208 时间继电器 电气/继电器 只 品牌：施耐德 类型：多功能时间继电器 施耐德多功能时间继电器 施耐德 多功能时间继电器	施耐德		candidate	needs_review	clarify_specs_before_use	purchase_2024_candidate_rows=1940；purchase_2024_source_rows=1941；draft_sku_id=SKU-DRAFT-001919	缺失规格：型号；电压；整理依据：电压/型号/时间范围缺失，会影响时间继电器SKU区分；导入口径：do_not_import_missing_specs；重分类：电气/继电器 -> 电气电料/低压电器；分类置信度：high；时间继电器属于低压电器。	2026-07-03
SAFE-000112	一次性雨衣	特征：加厚；类型：一次性雨衣		劳保防护/雨具	套			加厚一次性雨衣	SAFE-000112 一次性雨衣 劳保耗材/雨具 套 特征：加厚 类型：一次性雨衣 加厚一次性雨衣 加厚			candidate	needs_review	clarify_specs_before_use	purchase_2024_candidate_rows=1941；purchase_2024_source_rows=1942；draft_sku_id=SKU-DRAFT-001920	缺失规格：厚度；整理依据：尺码/厚度缺失，会影响一次性雨衣SKU区分；导入口径：do_not_import_missing_specs；重分类：劳保耗材/雨具 -> 劳保防护/雨具；分类置信度：high；一次性雨衣属于劳保雨具。	2026-07-03
ELEC-000209	电箱刀闸推拉杆	适配：1级电箱刀闸；部件：推拉杆		电气电料/电气辅材	只			1级电箱刀闸推拉杆	ELEC-000209 电箱刀闸推拉杆 电气/配电箱配件 只 适配：1级电箱刀闸 部件：推拉杆 1级电箱刀闸推拉杆 1级电箱刀闸 推拉杆			candidate	needs_review	clarify_specs_before_use	purchase_2024_candidate_rows=1942；purchase_2024_source_rows=1943；draft_sku_id=SKU-DRAFT-001921	缺失规格：型号；尺寸；整理依据：尺寸/适配刀闸型号缺失，会影响推拉杆SKU区分；导入口径：do_not_import_missing_specs；重分类：电气/配电箱配件 -> 电气电料/电气辅材；分类置信度：high；刀闸推拉杆为配电箱操作辅件。	2026-07-03
CHEM-000144	内墙乳胶漆	品牌：立邦；系列：云净；特性：抗甲醛；用途：内墙；包装：5L		化工胶粘涂料/涂料	桶			立邦云净抗甲醛内墙乳胶漆5L	CHEM-000144 内墙乳胶漆 油漆涂料/乳胶漆 桶 品牌：立邦 系列：云净 特性：抗甲醛 用途：内墙 包装：5L 立邦云净抗甲醛内墙乳胶漆5L 立邦 云净 抗甲醛 内墙 5L	立邦		candidate	needs_review	clarify_specs_before_use	purchase_2024_candidate_rows=1943；purchase_2024_source_rows=1944；draft_sku_id=SKU-DRAFT-001922	缺失规格：型号；颜色；整理依据：颜色/型号缺失，会影响乳胶漆SKU区分；导入口径：do_not_import_missing_specs；重分类：油漆涂料/乳胶漆 -> 化工胶粘涂料/涂料；分类置信度：high；内墙乳胶漆属于涂料。	2026-07-03
CONST-000033	刮板	类型：刮板		工具量具/手动工具	个			刮板	CONST-000033 刮板 涂装工具/刮板 个 类型：刮板			candidate	needs_review	clarify_specs_before_use	purchase_2024_candidate_rows=1944；purchase_2024_source_rows=1945；draft_sku_id=SKU-DRAFT-001923	缺失规格：材质；尺寸；整理依据：材质/尺寸缺失，会影响刮板SKU区分；导入口径：do_not_import_missing_specs；重分类：涂装工具/刮板 -> 工具量具/手动工具；分类置信度：high；刮板是涂装/修整手动工具。	2026-07-03
METAL-000129	门吸	材质：304不锈钢；类型：门柱吸/门吸		清洁办公后勤/门窗五金	付			304不锈钢门柱吸	METAL-000129 门吸 五金/门窗五金 付 材质：304不锈钢 类型：门柱吸/门吸 304不锈钢门柱吸 304不锈钢 门柱吸/门吸			candidate	needs_review	clarify_specs_before_use	purchase_2024_candidate_rows=1945；purchase_2024_source_rows=1946；draft_sku_id=SKU-DRAFT-001924	缺失规格：尺寸；整理依据：安装方式/尺寸缺失，会影响门吸SKU区分；导入口径：do_not_import_missing_specs；重分类：五金/门窗五金 -> 清洁办公后勤/门窗五金；分类置信度：high；门吸属于门窗五金。	2026-07-03
HW-LOCK-000016	门锁	材质：铝合金；适配对象：断桥铝门；类型：门锁		清洁办公后勤/门窗五金	套			铝合金断桥铝门锁	HW-LOCK-000016 门锁 五金/锁具 套 材质：铝合金 适配对象：断桥铝门 类型：门锁 铝合金断桥铝门锁 铝合金 断桥铝门			candidate	needs_review	clarify_specs_before_use	purchase_2024_candidate_rows=1946；purchase_2024_source_rows=1947；draft_sku_id=SKU-DRAFT-001925	缺失规格：规格；整理依据：锁体规格/执手方向缺失，会影响门锁SKU区分；导入口径：do_not_import_missing_specs；重分类：五金/锁具 -> 清洁办公后勤/门窗五金；分类置信度：high；门锁为门窗锁具五金，旧五金备件过泛。	2026-07-03
TOOL-000291	羊毛刷	规格：4寸；材质：羊毛		工具耗材/刷具	把			羊毛刷4寸	TOOL-000291 羊毛刷 涂装工具/刷子 把 规格：4寸 材质：羊毛 羊毛刷4寸 4寸 羊毛			active	standard	auto_select_allowed	purchase_2024_candidate_rows=1947；purchase_2024_source_rows=1948；draft_sku_id=SKU-DRAFT-001926	导入口径：import_ready；重分类：涂装工具/刷子 -> 工具耗材/刷具；分类置信度：high；羊毛刷为涂装刷具耗材。	2026-07-03
METAL-000130	锰钢链条	材质：锰钢；规格：22mm		吊装索具/牵引捆绑	米			锰钢链条22mm	METAL-000130 锰钢链条 吊装索具/链条 米 材质：锰钢 规格：22mm 锰钢链条22mm 锰钢 22mm			candidate	needs_review	clarify_specs_before_use	purchase_2024_candidate_rows=1948；purchase_2024_source_rows=1949；draft_sku_id=SKU-DRAFT-001927	缺失规格：厚度；长度；执行标准；整理依据：等级/破断拉力缺失，会影响起重链条SKU区分；导入口径：do_not_import_missing_specs；重分类：吊装索具/链条 -> 吊装索具/牵引捆绑；分类置信度：high；锰钢链条用于吊装牵引捆绑。	2026-07-03
MAT-000211	起重链条调节器	额定载荷：15T；类型：调节器		吊装索具/牵引捆绑	个			起重链条调节器15T	MAT-000211 起重链条调节器 吊装索具/链条配件 个 额定载荷：15T 类型：调节器 起重链条调节器15T 15T 调节器			candidate	needs_review	clarify_specs_before_use	purchase_2024_candidate_rows=1949；purchase_2024_source_rows=1950；draft_sku_id=SKU-DRAFT-001928	缺失规格：规格；材质；整理依据：材质/适配链条规格缺失，会影响链条调节器SKU区分；导入口径：do_not_import_missing_specs；重分类：吊装索具/链条配件 -> 吊装索具/牵引捆绑；分类置信度：high；链条调节器用于起重链条拉紧调节。	2026-07-03
MAT-000212	蝴蝶扣子母环	额定载荷：15T；类型：蝴蝶扣子母环		吊装索具/卸扣	个			蝴蝶扣子母环15T	MAT-000212 蝴蝶扣子母环 吊装索具/链条配件 个 额定载荷：15T 类型：蝴蝶扣子母环 蝴蝶扣子母环15T 15T			candidate	needs_review	clarify_specs_before_use	purchase_2024_candidate_rows=1950；purchase_2024_source_rows=1951；draft_sku_id=SKU-DRAFT-001929	缺失规格：材质；整理依据：材质/标准缺失，会影响蝴蝶扣子母环SKU区分；导入口径：do_not_import_missing_specs；重分类：吊装索具/链条配件 -> 吊装索具/卸扣；分类置信度：medium；蝴蝶扣子母环为吊装链条连接配件。	2026-07-03
METAL-000131	环形钢丝绳	定制：是；结构：环形；直径：40mm；长度：1.5m		吊装索具/钢丝绳	个			订做环形钢丝绳40mm*1.5m	METAL-000131 环形钢丝绳 定制件/吊装索具 个 定制：是 结构：环形 直径：40mm 长度：1.5m 订做环形钢丝绳40mm*1.5m 是 环形 40mm 1.5m			candidate	needs_review	clarify_specs_before_use	purchase_2024_candidate_rows=1951；purchase_2024_source_rows=1952；draft_sku_id=SKU-DRAFT-001930	缺失规格：材质；规格；厚度；执行标准；整理依据：定制吊装件；安全载荷/压制方式缺失，会影响钢丝绳成品SKU区分；导入口径：do_not_import_missing_specs；重分类：定制件/吊装索具 -> 吊装索具/钢丝绳；分类置信度：high；虽为订做环形件，本质仍是吊装钢丝绳。	2026-07-03
MAT-000213	弓形卸扣	结构：美式弓形；强度：高强度；额定载荷：17T		吊装索具/卸扣	只			美式高强度弓形卸扣17T	MAT-000213 弓形卸扣 吊装索具/卸扣 只 结构：美式弓形 强度：高强度 额定载荷：17T 美式高强度弓形卸扣17T 美式弓形 高强度 17T			candidate	needs_review	clarify_specs_before_use	purchase_2024_candidate_rows=1952；purchase_2024_source_rows=1953；draft_sku_id=SKU-DRAFT-001931	缺失规格：材质；执行标准；整理依据：材质/执行标准/销轴形式缺失，会影响卸扣SKU区分；导入口径：do_not_import_missing_specs	2026-07-03
MAT-000214	手动液压叉车	品牌：诺力；类型：手动液压；额定载荷：2T		施工机具设备/搬运设备	台			诺力手动液压叉车2T	MAT-000214 手动液压叉车 物流搬运/叉车 台 品牌：诺力 类型：手动液压 额定载荷：2T 诺力手动液压叉车2T 诺力 手动液压 2T	诺力		candidate	needs_review	clarify_specs_before_use	purchase_2024_candidate_rows=1953；purchase_2024_source_rows=1954；draft_sku_id=SKU-DRAFT-001932	缺失规格：长度；整理依据：货叉长度/升高高度缺失，会影响手动液压叉车SKU区分；导入口径：do_not_import_missing_specs；重分类：物流搬运/叉车 -> 施工机具设备/搬运设备；分类置信度：high；手动液压叉车为现场搬运设备。	2026-07-03
ADMIN-000059	垃圾桶	容量：120L		清洁办公后勤/清洁工具	个			垃圾桶120L	ADMIN-000059 垃圾桶 行政后勤/清洁用品 个 容量：120L 垃圾桶120L 120L			candidate	needs_review	clarify_specs_before_use	purchase_2024_candidate_rows=1954；purchase_2024_source_rows=1955；draft_sku_id=SKU-DRAFT-001933	缺失规格：材质；颜色；整理依据：材质/颜色缺失，会影响垃圾桶SKU区分；导入口径：do_not_import_missing_specs；重分类：行政后勤/清洁用品 -> 清洁办公后勤/清洁工具；分类置信度：high；垃圾桶用于现场清洁收集，容量配置为规格。	2026-07-03
ELEC-000210	电流表	品牌：人民；型号：6L2；变比：600/5A		工具量具/检测仪器	只			人民电流表6L2-600/5A	ELEC-000210 电流表 仪表/电气仪表 只 品牌：人民 型号：6L2 变比：600/5A 人民电流表6L2-600/5A 人民 6L2 600/5A	人民	6L2	candidate	needs_review	clarify_specs_before_use	purchase_2024_candidate_rows=1955；purchase_2024_source_rows=1956；draft_sku_id=SKU-DRAFT-001934	缺失规格：尺寸；电流；精度；整理依据：精度/安装尺寸缺失，会影响电流表SKU区分；导入口径：do_not_import_missing_specs；重分类：仪表/电气仪表 -> 工具量具/检测仪器；分类置信度：medium；电流表用于电气测量，标准无仪表一级，归检测仪器。	2026-07-03
ELEC-000211	电缆	品牌：起帆；规格：3*2.5		电气电料/电线电缆	米			起帆电缆3*2.5	ELEC-000211 电缆 电气/电线电缆 米 品牌：起帆 规格：3*2.5 起帆电缆3*2.5 起帆 3*2.5	起帆		candidate	needs_review	clarify_specs_before_use	purchase_2024_candidate_rows=1956；purchase_2024_source_rows=1957；draft_sku_id=SKU-DRAFT-001935	缺失规格：型号；电压；整理依据：电缆型号/电压等级缺失，会影响电缆SKU区分；导入口径：do_not_import_missing_specs；重分类：电气/电线电缆 -> 电气电料/电线电缆；分类置信度：high；样例均为多芯电缆。	2026-07-03
ELEC-000212	电缆	品牌：起帆；规格：3*6+2*2.5		电气电料/电线电缆	米			起帆电缆3*6+2*2.5	ELEC-000212 电缆 电气/电线电缆 米 品牌：起帆 规格：3*6+2*2.5 起帆电缆3*6+2*2.5 起帆 3*6+2*2.5	起帆		candidate	needs_review	clarify_specs_before_use	purchase_2024_candidate_rows=1957；purchase_2024_source_rows=1958；draft_sku_id=SKU-DRAFT-001936	缺失规格：型号；材质；整理依据：电缆型号/护套材质缺失，会影响电缆SKU区分；导入口径：do_not_import_missing_specs；重分类：电气/电线电缆 -> 电气电料/电线电缆；分类置信度：high；样例均为多芯电缆。	2026-07-03
SAFE-000113	浸胶手套	类型：浸胶手套		劳保防护/手套	付			浸胶手套	SAFE-000113 浸胶手套 劳保耗材/手套 付 类型：浸胶手套			candidate	needs_review	clarify_specs_before_use	purchase_2024_candidate_rows=1958；purchase_2024_source_rows=1959；draft_sku_id=SKU-DRAFT-001937	缺失规格：材质；整理依据：材质/尺码/涂层类型缺失，无法稳定区分浸胶手套SKU；导入口径：do_not_import_missing_specs；重分类：劳保耗材/手套 -> 劳保防护/手套；分类置信度：high；浸胶手套属于劳保手套。	2026-07-03
FAST-000084	螺丝套件	强度等级：8.8；规格：M10*80；套件组成：平垫+弹垫		紧固件与连接件/螺丝	套			8.8级M10*80螺丝带平 弹垫	FAST-000084 螺丝套件 紧固件/螺丝套件 套 强度等级：8.8 规格：M10*80 套件组成：平垫+弹垫 8.8级M10*80螺丝带平 弹垫 8.8 M10*80 平垫+弹垫			candidate	needs_review	clarify_specs_before_use	purchase_2024_candidate_rows=1959；purchase_2024_source_rows=1960；draft_sku_id=SKU-DRAFT-001938	缺失规格：材质；头型；整理依据：材质/头型/是否含螺母缺失，会影响螺丝套件SKU区分；导入口径：do_not_import_missing_specs；重分类：紧固件/螺丝套件 -> 紧固件与连接件/螺丝；分类置信度：high；螺丝带平垫弹垫仍属螺丝紧固件。	2026-07-03
ELEC-000213	电线扎丝	用途：电线绑扎		电气电料/电气辅材	卷			电线扎丝	ELEC-000213 电线扎丝 电气耗材/绑扎耗材 卷 用途：电线绑扎 电线绑扎			candidate	needs_review	clarify_specs_before_use	purchase_2024_candidate_rows=1960；purchase_2024_source_rows=1961；draft_sku_id=SKU-DRAFT-001939	缺失规格：材质；长度；整理依据：材质/长度缺失，无法稳定区分电线扎丝SKU；导入口径：do_not_import_missing_specs；重分类：电气耗材/绑扎耗材 -> 电气电料/电气辅材；分类置信度：high；用于电线绑扎，归电气辅材；耗材不作为分类。	2026-07-03
CHEM-000145	泡沫棉双面胶	品牌：3M；宽度：10mm；基材：泡沫棉		包装覆盖周转/胶带	卷			10mm宽泡沫棉双面胶3M	CHEM-000145 泡沫棉双面胶 胶带/工业胶带 卷 品牌：3M 宽度：10mm 基材：泡沫棉 10mm宽泡沫棉双面胶3M 3M 10mm 泡沫棉	3M		candidate	needs_review	clarify_specs_before_use	purchase_2024_candidate_rows=1961；purchase_2024_source_rows=1962；draft_sku_id=SKU-DRAFT-001940	缺失规格：型号；长度；整理依据：长度/型号缺失，会影响泡沫棉双面胶SKU区分；导入口径：do_not_import_missing_specs；重分类：胶带/工业胶带 -> 包装覆盖周转/胶带；分类置信度：high；3M泡沫棉双面胶属于胶带。	2026-07-03
WELD-000053	氧气乙炔管	介质：氧气+乙炔；类型：软管		焊接切割/气瓶附件	卷			氧气 乙炔管	WELD-000053 氧气乙炔管 焊接工具/气体软管 卷 介质：氧气+乙炔 类型：软管 氧气+乙炔 软管			candidate	needs_review	clarify_specs_before_use	purchase_2024_candidate_rows=1962；purchase_2024_source_rows=1963；draft_sku_id=SKU-DRAFT-001941	缺失规格：压力等级；长度；整理依据：内径/长度/压力等级缺失，会影响氧气乙炔管SKU区分；导入口径：do_not_import_missing_specs；重分类：焊接工具/气体软管 -> 焊接切割/气瓶附件；分类置信度：high；氧气乙炔软管是焊割气体附件。	2026-07-03
WELD-000054	割枪	型号：100型；长度：长款		焊接切割/焊割工具	把			割枪100型长款	WELD-000054 割枪 焊接工具/气割工具 把 型号：100型 长度：长款 割枪100型长款 100型 长款		100型	candidate	needs_review	clarify_specs_before_use	purchase_2024_candidate_rows=1963；purchase_2024_source_rows=1964；draft_sku_id=SKU-DRAFT-001942	缺失规格：品牌；整理依据：适用气体/品牌缺失，会影响割枪SKU区分；导入口径：do_not_import_missing_specs；重分类：焊接工具/气割工具 -> 焊接切割/焊割工具；分类置信度：high；割枪是气割作业工具，旧耗材口径不准。	2026-07-03
ELEC-000214	三脚插头	品牌：公牛；极数：三脚；电压：220V；额定电流：10A		电气电料/插头插座	只			公牛三脚插头220V/10A	ELEC-000214 三脚插头 电气/插头插座 只 品牌：公牛 极数：三脚 电压：220V 额定电流：10A 公牛三脚插头220V/10A 公牛 三脚 220V 10A	公牛		active	standard	auto_select_allowed	purchase_2024_candidate_rows=1964；purchase_2024_source_rows=1965；draft_sku_id=SKU-DRAFT-001943	导入口径：import_ready；重分类：电气/插头插座 -> 电气电料/插头插座；分类置信度：high；三脚插头属于插头插座类电气材料。	2026-07-03
WELD-000055	氧气减压表	介质：氧气；类型：减压表		焊接切割/气瓶附件	只			氧气减压表	WELD-000055 氧气减压表 焊接工具/气体仪表 只 介质：氧气 类型：减压表 氧气 减压表			candidate	needs_review	clarify_specs_before_use	purchase_2024_candidate_rows=1965；purchase_2024_source_rows=1966；draft_sku_id=SKU-DRAFT-001944	缺失规格：量程；整理依据：量程/接口缺失，会影响氧气减压表SKU区分；导入口径：do_not_import_missing_specs；重分类：焊接工具/气体仪表 -> 焊接切割/气瓶附件；分类置信度：high；氧气减压表用于焊割气瓶减压。	2026-07-03
CHEM-000146	除锈剂	品牌：WD40；容量：350mL		化工胶粘涂料/清洗剂	瓶			WD40除锈剂350ML	CHEM-000146 除锈剂 化工耗材/除锈润滑剂 瓶 品牌：WD40 容量：350mL WD40除锈剂350ML WD40 350mL	WD40		candidate	usable	confirm_before_use	purchase_2024_candidate_rows=1967；purchase_2024_source_rows=1968；draft_sku_id=SKU-DRAFT-001945	缺失规格：型号；整理依据：型号/SDS未明，按品牌和容量先建候选；导入口径：confirm_then_import；重分类：化工耗材/除锈润滑剂 -> 化工胶粘涂料/清洗剂；分类置信度：medium；除锈剂用于锈蚀清理，WD40类需与润滑剂口径区分。	2026-07-03
MAT-000215	堵漏王	类型：堵漏王		建筑材料/防水材料	袋			堵漏王	MAT-000215 堵漏王 建材/堵漏材料 袋 类型：堵漏王			candidate	needs_review	clarify_specs_before_use	purchase_2024_candidate_rows=1968；purchase_2024_source_rows=1969；draft_sku_id=SKU-DRAFT-001946	缺失规格：品牌；包装重量；整理依据：品牌/包装重量/性能缺失，无法稳定区分堵漏王SKU；导入口径：do_not_import_missing_specs；重分类：建材/堵漏材料 -> 建筑材料/防水材料；分类置信度：high；堵漏王用于堵漏防水，旧建材口径过宽。	2026-07-03
PIPE-000428	镀锌外丝直接	表面：镀锌；连接：外丝；规格：3寸；类型：直接		管材管件阀门/直接	只			镀锌外丝直接头3寸	PIPE-000428 镀锌外丝直接 管件/镀锌管件 只 表面：镀锌 连接：外丝 规格：3寸 类型：直接 镀锌外丝直接头3寸 镀锌 外丝 3寸 直接			candidate	needs_review	clarify_specs_before_use	purchase_2024_candidate_rows=1969；purchase_2024_source_rows=1970；draft_sku_id=SKU-DRAFT-001947	缺失规格：材质；压力等级；整理依据：材质/压力等级缺失，会影响镀锌外丝直接SKU区分；导入口径：do_not_import_missing_specs；重分类：管件/镀锌管件 -> 管材管件阀门/直接；分类置信度：high；外丝直接属于直接管件。	2026-07-03
PIPE-000429	镀锌外丝直接	表面：镀锌；连接：外丝；规格：2寸；类型：直接		管材管件阀门/直接	只			镀锌外丝直接头2寸；镀锌外丝直接2寸	PIPE-000429 镀锌外丝直接 管件/镀锌管件 只 表面：镀锌 连接：外丝 规格：2寸 类型：直接 镀锌外丝直接头2寸 镀锌外丝直接2寸 镀锌 外丝 2寸 直接			candidate	needs_review	clarify_specs_before_use	purchase_2024_candidate_rows=1970；purchase_2024_source_rows=1971；draft_sku_id=SKU-DRAFT-001948	缺失规格：材质；压力等级；整理依据：材质/压力等级缺失，会影响镀锌外丝直接SKU区分；导入口径：do_not_import_missing_specs；重分类：管件/镀锌管件 -> 管材管件阀门/直接；分类置信度：high；外丝直接属于直接管件。	2026-07-03
PIPE-000430	镀锌内丝直接	表面：镀锌；连接：内丝；规格：2寸；类型：直接		管材管件阀门/直接	只			镀锌内丝直接头2寸；镀锌内丝直接2寸	PIPE-000430 镀锌内丝直接 管件/镀锌管件 只 表面：镀锌 连接：内丝 规格：2寸 类型：直接 镀锌内丝直接头2寸 镀锌内丝直接2寸 镀锌 内丝 2寸 直接			candidate	needs_review	clarify_specs_before_use	purchase_2024_candidate_rows=1972；purchase_2024_source_rows=1973；draft_sku_id=SKU-DRAFT-001949	缺失规格：材质；压力等级；整理依据：材质/压力等级缺失，会影响镀锌内丝直接SKU区分；导入口径：do_not_import_missing_specs；重分类：管件/镀锌管件 -> 管材管件阀门/直接；分类置信度：high；内丝直接为直通连接管件。	2026-07-03
PIPE-000431	不锈钢法兰蝶阀	材质：304；连接：法兰式；公称通径：DN150		管材管件阀门/阀门	只			304法兰式蝶阀DN150	PIPE-000431 不锈钢法兰蝶阀 阀门/蝶阀 只 材质：304 连接：法兰式 公称通径：DN150 304法兰式蝶阀DN150 304 法兰式 DN150			candidate	needs_review	clarify_specs_before_use	purchase_2024_candidate_rows=1973；purchase_2024_source_rows=1974；draft_sku_id=SKU-DRAFT-001950	缺失规格：压力等级；整理依据：压力等级/密封材质缺失，会影响蝶阀SKU区分；导入口径：do_not_import_missing_specs；重分类：阀门/蝶阀 -> 管材管件阀门/阀门；分类置信度：high；法兰蝶阀属于管路阀门。	2026-07-03
MAT-000216	方木	截面：30*30；长度：3.6m		建筑材料/模板木方	根			方木30*30*3.6m	MAT-000216 方木 建筑材料/木材 根 截面：30*30 长度：3.6m 方木30*30*3.6m 30*30 3.6m			candidate	needs_review	clarify_specs_before_use	purchase_2024_candidate_rows=1974；purchase_2024_source_rows=1975；draft_sku_id=SKU-DRAFT-001951	缺失规格：材质；整理依据：截面单位未明；木材材质/等级缺失，会影响方木SKU区分；导入口径：do_not_import_missing_specs；重分类：建筑材料/木材 -> 建筑材料/模板木方；分类置信度：high；方木用于模板木方，规格差异不拆类。	2026-07-03
TOOL-000292	锂电手电钻套装	品牌：东成；供电：锂电；配置：二电一充		电动气动工具/电动工具	台			东成锂电手电钻二电一充	TOOL-000292 锂电手电钻套装 电动工具/手电钻 台 品牌：东成 供电：锂电 配置：二电一充 东成锂电手电钻二电一充 东成 锂电 二电一充	东成		candidate	needs_review	clarify_specs_before_use	purchase_2024_candidate_rows=1975；purchase_2024_source_rows=1976；draft_sku_id=SKU-DRAFT-001952	缺失规格：型号；规格；电压；整理依据：电压/夹头规格/型号缺失，会影响手电钻套装SKU区分；导入口径：do_not_import_missing_specs；重分类：电动工具/手电钻 -> 电动气动工具/电动工具；分类置信度：high；锂电手电钻套装为电动工具整机套装。	2026-07-03
SAFE-000114	焊工眼镜	用途：电焊防护		劳保防护/眼面防护	付			电焊眼镜	SAFE-000114 焊工眼镜 劳保耗材/眼面防护 付 用途：电焊防护 电焊眼镜 电焊防护			candidate	needs_review	clarify_specs_before_use	purchase_2024_candidate_rows=1976；purchase_2024_source_rows=1977；draft_sku_id=SKU-DRAFT-001953	缺失规格：类型；材质；规格；安全等级；认证标准；整理依据：遮光号缺失，无法稳定区分焊工眼镜SKU；导入口径：do_not_import_missing_specs；重分类：劳保耗材/眼面防护 -> 劳保防护/眼面防护；分类置信度：high；焊工眼镜属于眼面防护。	2026-07-03
FAST-000085	镀锌平垫	表面：镀锌；规格：M8；类型：平垫		紧固件与连接件/垫圈	只			镀锌平垫m8	FAST-000085 镀锌平垫 紧固件/垫圈 只 表面：镀锌 规格：M8 类型：平垫 镀锌平垫m8 镀锌 M8 平垫			candidate	usable	confirm_before_use	purchase_2024_candidate_rows=1977；purchase_2024_source_rows=1978；draft_sku_id=SKU-DRAFT-001954	缺失规格：执行标准；厚度；整理依据：外径/厚度/执行标准缺失，按M8镀锌平垫先建候选；导入口径：confirm_then_import；重分类：紧固件/垫圈 -> 紧固件与连接件/垫圈；分类置信度：high；平垫是垫圈类紧固件。	2026-07-03
MAT-000217	开口销	规格：M3*60；类型：开口销		紧固件与连接件/销	只			开口销m3*60	MAT-000217 开口销 紧固件/销 只 规格：M3*60 类型：开口销 开口销m3*60 M3*60			candidate	usable	confirm_before_use	purchase_2024_candidate_rows=1978；purchase_2024_source_rows=1979；draft_sku_id=SKU-DRAFT-001955	缺失规格：材质；执行标准；整理依据：材质/执行标准缺失，按规格先建候选；导入口径：confirm_then_import；重分类：紧固件/销 -> 紧固件与连接件/销；分类置信度：medium；开口销属销类紧固件；推荐无对应二级，按销新建。	2026-07-03
MAT-000218	加厚周转箱	特征：加厚；尺寸：570*420*155		包装覆盖周转/周转容器	个			加厚周转箱570*420*155	MAT-000218 加厚周转箱 容器/周转箱 个 特征：加厚 尺寸：570*420*155 加厚周转箱570*420*155 加厚 570*420*155			candidate	needs_review	clarify_specs_before_use	purchase_2024_candidate_rows=1979；purchase_2024_source_rows=1980；draft_sku_id=SKU-DRAFT-001956	缺失规格：材质；颜色；整理依据：材质/颜色缺失，会影响周转箱SKU区分；导入口径：do_not_import_missing_specs；重分类：容器/周转箱 -> 包装覆盖周转/周转容器；分类置信度：high；周转箱按尺寸区分，归周转容器。	2026-07-03
MAT-000219	对讲机	品牌：小米；代际：二代		弱电安防/通讯设备	部			小米二代对讲机	MAT-000219 对讲机 通信设备/对讲机 部 品牌：小米 代际：二代 小米二代对讲机 小米 二代	小米		candidate	usable	confirm_before_use	purchase_2024_candidate_rows=1980；purchase_2024_source_rows=1981；draft_sku_id=SKU-DRAFT-001957	缺失规格：型号；整理依据：频段/型号缺失，按品牌和代际先建候选；导入口径：confirm_then_import；重分类：通信设备/对讲机 -> 弱电安防/通讯设备；分类置信度：medium；对讲机属弱电通信设备；推荐无对应二级，按通讯设备新建。	2026-07-03
PIPE-000432	沟槽式蝶阀	连接：沟槽式；公称通径：DN150		管材管件阀门/阀门	只			沟槽式蝶阀DN150	PIPE-000432 沟槽式蝶阀 阀门/蝶阀 只 连接：沟槽式 公称通径：DN150 沟槽式蝶阀DN150 沟槽式 DN150			candidate	needs_review	clarify_specs_before_use	purchase_2024_candidate_rows=1981；purchase_2024_source_rows=1982；draft_sku_id=SKU-DRAFT-001958	缺失规格：材质；压力等级；整理依据：材质/压力等级缺失，会影响沟槽式蝶阀SKU区分；导入口径：do_not_import_missing_specs；重分类：阀门/蝶阀 -> 管材管件阀门/阀门；分类置信度：high；沟槽式蝶阀属于管道阀门。	2026-07-03
PIPE-000433	镀锌三通	表面：镀锌；规格：2寸；类型：三通		管材管件阀门/三通	只			镀锌三通2寸	PIPE-000433 镀锌三通 管件/镀锌管件 只 表面：镀锌 规格：2寸 类型：三通 镀锌三通2寸 镀锌 2寸 三通			candidate	needs_review	clarify_specs_before_use	purchase_2024_candidate_rows=1982；purchase_2024_source_rows=1983；draft_sku_id=SKU-DRAFT-001959	缺失规格：材质；连接方式；整理依据：连接方式/材质缺失，会影响镀锌三通SKU区分；导入口径：do_not_import_missing_specs；重分类：管件/镀锌管件 -> 管材管件阀门/三通；分类置信度：high；三通为标准管件，镀锌只是材质表面处理。	2026-07-03
PIPE-000434	镀锌内丝弯头	表面：镀锌；连接：内丝；规格：2寸；类型：弯头		管材管件阀门/弯头	只			镀锌内丝弯头2寸	PIPE-000434 镀锌内丝弯头 管件/镀锌管件 只 表面：镀锌 连接：内丝 规格：2寸 类型：弯头 镀锌内丝弯头2寸 镀锌 内丝 2寸 弯头			candidate	needs_review	clarify_specs_before_use	purchase_2024_candidate_rows=1983；purchase_2024_source_rows=1984；draft_sku_id=SKU-DRAFT-001960	缺失规格：压力等级；整理依据：角度/压力等级缺失，会影响镀锌内丝弯头SKU区分；导入口径：do_not_import_missing_specs；重分类：管件/镀锌管件 -> 管材管件阀门/弯头；分类置信度：high；内丝弯头为弯头管件。	2026-07-03
PIPE-000435	镀锌内丝弯头	表面：镀锌；连接：内丝；规格：3寸；类型：弯头		管材管件阀门/弯头	只			镀锌内丝弯头3寸	PIPE-000435 镀锌内丝弯头 管件/镀锌管件 只 表面：镀锌 连接：内丝 规格：3寸 类型：弯头 镀锌内丝弯头3寸 镀锌 内丝 3寸 弯头			candidate	needs_review	clarify_specs_before_use	purchase_2024_candidate_rows=1984；purchase_2024_source_rows=1985；draft_sku_id=SKU-DRAFT-001961	缺失规格：压力等级；整理依据：角度/压力等级缺失，会影响镀锌内丝弯头SKU区分；导入口径：do_not_import_missing_specs；重分类：管件/镀锌管件 -> 管材管件阀门/弯头；分类置信度：high；内丝弯头为弯头管件。	2026-07-03
PIPE-000436	焊接变径接头	连接：焊接；规格：150/2寸；类型：变径接头		管材管件阀门/异径接头	只			焊接变径接头150/2寸	PIPE-000436 焊接变径接头 管件/焊接管件 只 连接：焊接 规格：150/2寸 类型：变径接头 焊接变径接头150/2寸 焊接 150/2寸 变径接头			candidate	needs_review	clarify_specs_before_use	purchase_2024_candidate_rows=1985；purchase_2024_source_rows=1986；draft_sku_id=SKU-DRAFT-001962	缺失规格：材质；压力等级；口径；整理依据：规格150的口径单位需确认；材质/压力等级缺失；导入口径：do_not_import_missing_specs；重分类：管件/焊接管件 -> 管材管件阀门/异径接头；分类置信度：high；焊接大小口变径管件，标准二级无大小头，新增异径接头。	2026-07-03
PIPE-000437	焊接变径接头	连接：焊接；规格：150/3寸；类型：变径接头		管材管件阀门/异径接头	只			焊接变径接头150/3寸	PIPE-000437 焊接变径接头 管件/焊接管件 只 连接：焊接 规格：150/3寸 类型：变径接头 焊接变径接头150/3寸 焊接 150/3寸 变径接头			candidate	needs_review	clarify_specs_before_use	purchase_2024_candidate_rows=1986；purchase_2024_source_rows=1987；draft_sku_id=SKU-DRAFT-001963	缺失规格：材质；压力等级；口径；整理依据：规格150的口径单位需确认；材质/压力等级缺失；导入口径：do_not_import_missing_specs；重分类：管件/焊接管件 -> 管材管件阀门/异径接头；分类置信度：high；焊接大小口变径管件，标准二级无大小头，新增异径接头。	2026-07-03
TOOL-000293	石笔	类型：石笔		工具耗材/划线耗材	盒			石笔	TOOL-000293 石笔 焊接耗材/划线工具 盒 类型：石笔			candidate	usable	confirm_before_use	purchase_2024_candidate_rows=1987；purchase_2024_source_rows=1988；draft_sku_id=SKU-DRAFT-001964	缺失规格：规格；整理依据：每盒数量/规格缺失，按盒装石笔先建候选；导入口径：confirm_then_import；重分类：焊接耗材/划线工具 -> 工具耗材/划线耗材；分类置信度：medium；石笔用于现场划线标记，标准表无划线耗材二级，新增二级。	2026-07-03
TOOL-000294	地线夹	额定电流：500A；类型：地线夹		焊接切割/焊割工具	把			500A地线夹	TOOL-000294 地线夹 焊接工具/焊机配件 把 额定电流：500A 类型：地线夹 500A地线夹 500A			candidate	usable	confirm_before_use	purchase_2024_candidate_rows=1989；purchase_2024_source_rows=1990；draft_sku_id=SKU-DRAFT-001965	缺失规格：材质；电流；整理依据：接线范围/材质缺失，按额定电流先建候选；导入口径：confirm_then_import；重分类：焊接工具/焊机配件 -> 焊接切割/焊割工具；分类置信度：high；焊机地线夹属焊接工具配件。	2026-07-03
SAFE-000115	密目安全网	类型：密目；尺寸：6m*1.2m		安全消防/防护网	张			密目安全网6m*1.2m	SAFE-000115 密目安全网 安全防护/防护网 张 类型：密目 尺寸：6m*1.2m 密目安全网6m*1.2m 密目 6m*1.2m			candidate	needs_review	clarify_specs_before_use	purchase_2024_candidate_rows=1990；purchase_2024_source_rows=1991；draft_sku_id=SKU-DRAFT-001966	缺失规格：材质；整理依据：材质/阻燃等级/目数缺失，会影响密目安全网SKU区分；导入口径：do_not_import_missing_specs；重分类：安全防护/防护网 -> 安全消防/防护网；分类置信度：high；密目安全网为现场防护网。	2026-07-03
PIPE-000438	高压管总成	直径：Φ13；长度：50m；配置：两端接头		液压气动/高压管路	根			高压管带两端接头Φ13-50m	PIPE-000438 高压管总成 液压/高压管路 根 直径：Φ13 长度：50m 配置：两端接头 高压管带两端接头Φ13-50m Φ13 50m 两端接头			candidate	needs_review	clarify_specs_before_use	purchase_2024_candidate_rows=1991；purchase_2024_source_rows=1992；draft_sku_id=SKU-DRAFT-001967	缺失规格：压力等级；接头形式；整理依据：压力等级/接头形式缺失，会影响高压管总成SKU区分；导入口径：do_not_import_missing_specs；重分类：液压/高压管路 -> 液压气动/高压管路；分类置信度：high；高压管总成含两端接头，归高压管路。	2026-07-03
CHEM-000147	透明胶带	颜色：透明		包装覆盖周转/胶带	卷			透明胶带	CHEM-000147 透明胶带 胶带/办公工业胶带 卷 颜色：透明 透明			candidate	needs_review	clarify_specs_before_use	purchase_2024_candidate_rows=1992；purchase_2024_source_rows=1993；draft_sku_id=SKU-DRAFT-001968	缺失规格：品牌；长度；宽度；整理依据：宽度/长度/品牌缺失，无法稳定区分透明胶带SKU；导入口径：do_not_import_missing_specs；重分类：胶带/办公工业胶带 -> 包装覆盖周转/胶带；分类置信度：high；透明胶带属于包装胶带。	2026-07-03
MAT-000220	带盖周转箱	特征：加厚；配置：带盖；尺寸：830*580*500		包装覆盖周转/周转容器	个			加厚周转箱带盖830*580*500	MAT-000220 带盖周转箱 容器/周转箱 个 特征：加厚 配置：带盖 尺寸：830*580*500 加厚周转箱带盖830*580*500 加厚 带盖 830*580*500			candidate	needs_review	clarify_specs_before_use	purchase_2024_candidate_rows=1993；purchase_2024_source_rows=1994；draft_sku_id=SKU-DRAFT-001969	缺失规格：材质；颜色；整理依据：材质/颜色缺失，会影响周转箱SKU区分；导入口径：do_not_import_missing_specs；重分类：容器/周转箱 -> 包装覆盖周转/周转容器；分类置信度：high；带盖周转箱属周转容器。	2026-07-03
CONST-000034	建筑模板	颜色：红；尺寸：2.4m*1.22m；厚度：15mm		建筑材料/模板木方	张			红模板2.4m*1.22m*15mm	CONST-000034 建筑模板 建筑材料/模板 张 颜色：红 尺寸：2.4m*1.22m 厚度：15mm 红模板2.4m*1.22m*15mm 红 2.4m*1.22m 15mm			candidate	needs_review	clarify_specs_before_use	purchase_2024_candidate_rows=1994;2006；purchase_2024_source_rows=1995;2007；draft_sku_id=SKU-DRAFT-001970	缺失规格：材质；整理依据：材质/周转次数缺失，会影响建筑模板SKU区分；原单位为块；同类模板建议统一为张，材质/周转次数缺失；导入口径：do_not_import_missing_specs；重分类：建筑材料/模板 -> 建筑材料/模板木方；分类置信度：high；建筑模板属模板木方类，颜色尺寸为规格。	2026-07-03
METAL-000132	彩钢板	尺寸：2.3m*1m		建筑材料/装饰材料	块			彩钢板2.3m*1m	METAL-000132 彩钢板 建筑材料/彩钢板 块 尺寸：2.3m*1m 彩钢板2.3m*1m 2.3m*1m			candidate	needs_review	clarify_specs_before_use	purchase_2024_candidate_rows=1995；purchase_2024_source_rows=1996；draft_sku_id=SKU-DRAFT-001971	缺失规格：厚度；颜色；整理依据：厚度/颜色/镀层缺失，无法稳定区分彩钢板SKU；导入口径：do_not_import_missing_specs；重分类：建筑材料/彩钢板 -> 建筑材料/装饰材料；分类置信度：medium；彩钢板为建筑围护/装饰板材，不按原料金属板归类。	2026-07-03
CONST-000035	万向扣件	类型：万向扣件		紧固件与连接件/卡扣	只			万向扣件	CONST-000035 万向扣件 建筑施工耗材/脚手架扣件 只 类型：万向扣件			candidate	needs_review	clarify_specs_before_use	purchase_2024_candidate_rows=1996；purchase_2024_source_rows=1997；draft_sku_id=SKU-DRAFT-001972	缺失规格：材质；整理依据：适配管径/材质缺失，无法稳定区分万向扣件SKU；导入口径：do_not_import_missing_specs；重分类：建筑施工耗材/脚手架扣件 -> 紧固件与连接件/卡扣；分类置信度：high；脚手架扣件本质为连接固定件；旧建筑施工耗材过宽。	2026-07-03
CONST-000036	十字扣件	类型：十字扣件		紧固件与连接件/卡扣	只			十字扣件	CONST-000036 十字扣件 建筑施工耗材/脚手架扣件 只 类型：十字扣件			candidate	needs_review	clarify_specs_before_use	purchase_2024_candidate_rows=1997；purchase_2024_source_rows=1998；draft_sku_id=SKU-DRAFT-001973	缺失规格：材质；整理依据：适配管径/材质缺失，无法稳定区分十字扣件SKU；导入口径：do_not_import_missing_specs；重分类：建筑施工耗材/脚手架扣件 -> 紧固件与连接件/卡扣；分类置信度：high；脚手架扣件本质是连接固定件，旧建筑施工耗材过宽。	2026-07-03
CONST-000037	直接扣件	类型：直接扣件		紧固件与连接件/卡扣	只			直接扣件	CONST-000037 直接扣件 建筑施工耗材/脚手架扣件 只 类型：直接扣件			candidate	needs_review	clarify_specs_before_use	purchase_2024_candidate_rows=1998；purchase_2024_source_rows=1999；draft_sku_id=SKU-DRAFT-001974	缺失规格：材质；整理依据：适配管径/材质缺失，无法稳定区分直接扣件SKU；导入口径：do_not_import_missing_specs；重分类：建筑施工耗材/脚手架扣件 -> 紧固件与连接件/卡扣；分类置信度：medium；脚手架直接扣件用于连接固定，旧建筑施工耗材口径过宽。	2026-07-03
TOOL-000295	软胶枪	品牌：世达；类型：软胶枪		工具量具/手动工具	把			世达软胶枪	TOOL-000295 软胶枪 工具/手动工具 把 品牌：世达 类型：软胶枪 世达软胶枪 世达	世达		candidate	needs_review	clarify_specs_before_use	purchase_2024_candidate_rows=1999；purchase_2024_source_rows=2000；draft_sku_id=SKU-DRAFT-001975	缺失规格：型号；容量；整理依据：适配胶筒容量/型号缺失，会影响软胶枪SKU区分；导入口径：do_not_import_missing_specs；重分类：工具/手动工具 -> 工具量具/手动工具；分类置信度：high；软胶枪为手动施胶工具。	2026-07-03
METAL-000133	螺纹钢筋加工件	加工：是；直径：Φ20；长度：40cm		定制加工件/钢筋加工件	根			加工螺纹钢筋Φ20*40cm	METAL-000133 螺纹钢筋加工件 定制件/钢筋加工件 根 加工：是 直径：Φ20 长度：40cm 加工螺纹钢筋Φ20*40cm 是 Φ20 40cm			candidate	needs_review	clarify_specs_before_use	purchase_2024_candidate_rows=2000；purchase_2024_source_rows=2001；draft_sku_id=SKU-DRAFT-001976	缺失规格：材质；整理依据：定制加工件；材质/用途/图纸缺失；导入口径：do_not_import_missing_specs；重分类：定制件/钢筋加工件 -> 定制加工件/钢筋加工件；分类置信度：high；样例为加工指定长度螺纹钢筋。	2026-07-03
METAL-000134	不锈钢外螺纹对接头	材质：不锈钢；连接：外螺纹；规格：4分		管材管件阀门/直接	只			不锈钢外螺纹对接头4分	METAL-000134 不锈钢外螺纹对接头 管件/不锈钢管件 只 材质：不锈钢 连接：外螺纹 规格：4分 不锈钢外螺纹对接头4分 不锈钢 外螺纹 4分			candidate	needs_review	clarify_specs_before_use	purchase_2024_candidate_rows=2001；purchase_2024_source_rows=2002；draft_sku_id=SKU-DRAFT-001977	缺失规格：压力等级；整理依据：材质牌号/压力等级缺失，会影响不锈钢管件SKU区分；导入口径：do_not_import_missing_specs；重分类：管件/不锈钢管件 -> 管材管件阀门/直接；分类置信度：high；外螺纹对接头是管路直连接头。	2026-07-03
METAL-000135	不锈钢变径对丝	材质：不锈钢；连接：外螺纹；规格：6分变4分		管材管件阀门/直接	只			不锈钢外螺纹对丝变径6分变4分	METAL-000135 不锈钢变径对丝 管件/不锈钢管件 只 材质：不锈钢 连接：外螺纹 规格：6分变4分 不锈钢外螺纹对丝变径6分变4分 不锈钢 外螺纹 6分变4分			candidate	needs_review	clarify_specs_before_use	purchase_2024_candidate_rows=2002；purchase_2024_source_rows=2003；draft_sku_id=SKU-DRAFT-001978	缺失规格：压力等级；整理依据：材质牌号/压力等级缺失，会影响不锈钢管件SKU区分；导入口径：do_not_import_missing_specs；重分类：管件/不锈钢管件 -> 管材管件阀门/直接；分类置信度：high；变径对丝是螺纹直连管件，归直接。	2026-07-03
METAL-000136	不锈钢外螺纹对接头	材质：不锈钢；连接：外螺纹；规格：6分		管材管件阀门/直接	只			不锈钢外螺纹对接头6分	METAL-000136 不锈钢外螺纹对接头 管件/不锈钢管件 只 材质：不锈钢 连接：外螺纹 规格：6分 不锈钢外螺纹对接头6分 不锈钢 外螺纹 6分			candidate	needs_review	clarify_specs_before_use	purchase_2024_candidate_rows=2003；purchase_2024_source_rows=2004；draft_sku_id=SKU-DRAFT-001979	缺失规格：压力等级；整理依据：材质牌号/压力等级缺失，会影响不锈钢管件SKU区分；导入口径：do_not_import_missing_specs；重分类：管件/不锈钢管件 -> 管材管件阀门/直接；分类置信度：high；外螺纹对接头是管路直连接头。	2026-07-03
CONST-000038	建筑模板	颜色：黑；尺寸：2.4m*1.22m；厚度：15mm		建筑材料/模板木方	张			黑模板2.4m*1.22m*15mm	CONST-000038 建筑模板 建筑材料/模板 张 颜色：黑 尺寸：2.4m*1.22m 厚度：15mm 黑模板2.4m*1.22m*15mm 黑 2.4m*1.22m 15mm			candidate	needs_review	clarify_specs_before_use	purchase_2024_candidate_rows=2004；purchase_2024_source_rows=2005；draft_sku_id=SKU-DRAFT-001980	缺失规格：材质；整理依据：材质/周转次数缺失，会影响建筑模板SKU区分；导入口径：do_not_import_missing_specs；重分类：建筑材料/模板 -> 建筑材料/模板木方；分类置信度：high；建筑模板属模板木方类，颜色尺寸为规格。	2026-07-03
METAL-000137	螺纹钢筋加工件	加工：是；直径：Φ20；长度：60cm		定制加工件/钢筋加工件	根			加工螺纹钢筋Φ20*60cm	METAL-000137 螺纹钢筋加工件 定制件/钢筋加工件 根 加工：是 直径：Φ20 长度：60cm 加工螺纹钢筋Φ20*60cm 是 Φ20 60cm			candidate	needs_review	clarify_specs_before_use	purchase_2024_candidate_rows=2005；purchase_2024_source_rows=2006；draft_sku_id=SKU-DRAFT-001981	缺失规格：材质；整理依据：定制加工件；材质/用途/图纸缺失；导入口径：do_not_import_missing_specs；重分类：定制件/钢筋加工件 -> 定制加工件/钢筋加工件；分类置信度：high；样例为加工指定长度螺纹钢筋。	2026-07-03
TOOL-000296	活动扳手	品牌：世达；规格：12寸		工具量具/手动工具	把			世达活动扳手12寸	TOOL-000296 活动扳手 工具/手动工具 把 品牌：世达 规格：12寸 世达活动扳手12寸 世达 12寸	世达		candidate	usable	confirm_before_use	purchase_2024_candidate_rows=2007；purchase_2024_source_rows=2008；draft_sku_id=SKU-DRAFT-001982	缺失规格：型号；尺寸；整理依据：型号缺失，按品牌和尺寸先建候选；导入口径：confirm_then_import；重分类：工具/手动工具 -> 工具量具/手动工具；分类置信度：high；活动扳手属于手动工具。	2026-07-03
TOOL-000297	活动扳手	品牌：世达；规格：10寸		工具量具/手动工具	把			世达活动扳手10寸	TOOL-000297 活动扳手 工具/手动工具 把 品牌：世达 规格：10寸 世达活动扳手10寸 世达 10寸	世达		candidate	usable	confirm_before_use	purchase_2024_candidate_rows=2008；purchase_2024_source_rows=2009；draft_sku_id=SKU-DRAFT-001983	缺失规格：型号；尺寸；整理依据：型号缺失，按品牌和尺寸先建候选；导入口径：confirm_then_import；重分类：工具/手动工具 -> 工具量具/手动工具；分类置信度：high；活动扳手属于手动工具。	2026-07-03
SAFE-000116	焊工眼镜	用途：电焊防护；颜色：白色/灰色		劳保防护/眼面防护	付			电焊眼镜白色 灰色	SAFE-000116 焊工眼镜 劳保耗材/眼面防护 付 用途：电焊防护 颜色：白色/灰色 电焊眼镜白色 灰色 电焊防护 白色/灰色			candidate	needs_review	clarify_specs_before_use	purchase_2024_candidate_rows=2010；purchase_2024_source_rows=2011；draft_sku_id=SKU-DRAFT-001984	缺失规格：类型；材质；规格；安全等级；认证标准；整理依据：颜色白色/灰色按原描述保留；遮光号/款式缺失；导入口径：do_not_import_missing_specs；重分类：劳保耗材/眼面防护 -> 劳保防护/眼面防护；分类置信度：high；焊工眼镜属于眼面防护。	2026-07-03
TOOL-000298	钢卷尺	品牌：得力；长度：3m		工具量具/测量工具	把			得力钢卷尺3m	TOOL-000298 钢卷尺 工具/测量工具 把 品牌：得力 长度：3m 得力钢卷尺3m 得力 3m	得力		candidate	usable	confirm_before_use	purchase_2024_candidate_rows=2011；purchase_2024_source_rows=2012；draft_sku_id=SKU-DRAFT-001985	缺失规格：宽度；精度；整理依据：尺带宽度/精度缺失，按品牌和长度先建候选；导入口径：confirm_then_import；重分类：工具/测量工具 -> 工具量具/测量工具；分类置信度：high；卷尺用于长度测量。	2026-07-03
TOOL-000299	钢卷尺	品牌：得力；长度：5m		工具量具/测量工具	把			得力钢卷尺5m	TOOL-000299 钢卷尺 工具/测量工具 把 品牌：得力 长度：5m 得力钢卷尺5m 得力 5m	得力		candidate	usable	confirm_before_use	purchase_2024_candidate_rows=2012；purchase_2024_source_rows=2013；draft_sku_id=SKU-DRAFT-001986	缺失规格：宽度；精度；整理依据：尺带宽度/精度缺失，按品牌和长度先建候选；导入口径：confirm_then_import；重分类：工具/测量工具 -> 工具量具/测量工具；分类置信度：high；卷尺用于长度测量。	2026-07-03
TOOL-000300	钢卷尺	品牌：得力；长度：7.5m		工具量具/测量工具	把			得力钢卷尺7.5m	TOOL-000300 钢卷尺 工具/测量工具 把 品牌：得力 长度：7.5m 得力钢卷尺7.5m 得力 7.5m	得力		candidate	usable	confirm_before_use	purchase_2024_candidate_rows=2013；purchase_2024_source_rows=2014；draft_sku_id=SKU-DRAFT-001987	缺失规格：宽度；精度；整理依据：尺带宽度/精度缺失，按品牌和长度先建候选；导入口径：confirm_then_import；重分类：工具/测量工具 -> 工具量具/测量工具；分类置信度：high；卷尺用于长度测量。	2026-07-03
TOOL-000301	钢卷尺	品牌：得力；长度：10m		工具量具/测量工具	把			得力钢卷尺10m	TOOL-000301 钢卷尺 工具/测量工具 把 品牌：得力 长度：10m 得力钢卷尺10m 得力 10m	得力		candidate	usable	confirm_before_use	purchase_2024_candidate_rows=2014；purchase_2024_source_rows=2015；draft_sku_id=SKU-DRAFT-001988	缺失规格：宽度；精度；整理依据：尺带宽度/精度缺失，按品牌和长度先建候选；导入口径：confirm_then_import；重分类：工具/测量工具 -> 工具量具/测量工具；分类置信度：high；卷尺用于长度测量。	2026-07-03
SAFE-000117	焊罩镜片	适配：焊罩；颜色：白/黑		劳保防护/眼面防护	盒			焊罩镜片 白 黑	SAFE-000117 焊罩镜片 劳保耗材/眼面防护 盒 适配：焊罩 颜色：白/黑 焊罩镜片 白 黑 焊罩 白/黑			candidate	needs_review	clarify_specs_before_use	purchase_2024_candidate_rows=2015；purchase_2024_source_rows=2016；draft_sku_id=SKU-DRAFT-001989	缺失规格：类型；材质；规格；安全等级；认证标准；整理依据：颜色白/黑按原描述保留；遮光号/每盒数量缺失；导入口径：do_not_import_missing_specs；重分类：劳保耗材/眼面防护 -> 劳保防护/眼面防护；分类置信度：high；焊罩镜片服务于焊接眼面防护，焊接防护旧类目并入劳保防护。	2026-07-03
MAT-000221	加厚周转箱	特征：加厚；尺寸：600*400*150		包装覆盖周转/周转容器	个			加厚周转箱600*400*150	MAT-000221 加厚周转箱 容器/周转箱 个 特征：加厚 尺寸：600*400*150 加厚周转箱600*400*150 加厚 600*400*150			candidate	needs_review	clarify_specs_before_use	purchase_2024_candidate_rows=2016；purchase_2024_source_rows=2017；draft_sku_id=SKU-DRAFT-001990	缺失规格：材质；颜色；整理依据：材质/颜色缺失，会影响周转箱SKU区分；导入口径：do_not_import_missing_specs；重分类：容器/周转箱 -> 包装覆盖周转/周转容器；分类置信度：high；周转箱按尺寸区分，归周转容器。	2026-07-03
TOOL-000302	钻头	品牌：博世；柄型：二坑三槽；直径：Φ20；长度：280		工具耗材/钻头	支			博世二坑三槽钻头Φ20*280	TOOL-000302 钻头 工具/钻头 支 品牌：博世 柄型：二坑三槽 直径：Φ20 长度：280 博世二坑三槽钻头Φ20*280 博世 二坑三槽 Φ20 280	博世		candidate	needs_review	clarify_specs_before_use	purchase_2024_candidate_rows=2017；purchase_2024_source_rows=2018；draft_sku_id=SKU-DRAFT-001991	缺失规格：材质；整理依据：钻头材质/适配设备缺失，会影响钻头SKU区分；导入口径：do_not_import_missing_specs；重分类：工具/钻头 -> 工具耗材/钻头；分类置信度：high；样例均为钻头类耗材，规格材质不拆物料族。	2026-07-03
TOOL-000303	钻头	品牌：博世；柄型：二坑三槽；直径：Φ22；长度：280		工具耗材/钻头	支			博世二坑三槽钻头Φ22*280	TOOL-000303 钻头 工具/钻头 支 品牌：博世 柄型：二坑三槽 直径：Φ22 长度：280 博世二坑三槽钻头Φ22*280 博世 二坑三槽 Φ22 280	博世		candidate	needs_review	clarify_specs_before_use	purchase_2024_candidate_rows=2018；purchase_2024_source_rows=2019；draft_sku_id=SKU-DRAFT-001992	缺失规格：材质；整理依据：钻头材质/适配设备缺失，会影响钻头SKU区分；导入口径：do_not_import_missing_specs；重分类：工具/钻头 -> 工具耗材/钻头；分类置信度：high；样例均为钻头类耗材，规格材质不拆物料族。	2026-07-03
TOOL-000304	碳刷	规格：900#		电动气动工具/工具附件	副			碳刷900#	TOOL-000304 碳刷 电动工具/电机配件 副 规格：900# 碳刷900# 900#			candidate	needs_review	clarify_specs_before_use	purchase_2024_candidate_rows=2019；purchase_2024_source_rows=2020；draft_sku_id=SKU-DRAFT-001993	缺失规格：尺寸；整理依据：尺寸/适配电机缺失，无法稳定区分碳刷SKU；导入口径：do_not_import_missing_specs；重分类：电动工具/电机配件 -> 电动气动工具/工具附件；分类置信度：high；样例为电动工具碳刷配件。	2026-07-03
TOOL-000305	碳刷	规格：43#		电动气动工具/工具附件	副			碳刷43#	TOOL-000305 碳刷 电动工具/电机配件 副 规格：43# 碳刷43# 43#			candidate	needs_review	clarify_specs_before_use	purchase_2024_candidate_rows=2020；purchase_2024_source_rows=2021；draft_sku_id=SKU-DRAFT-001994	缺失规格：尺寸；整理依据：尺寸/适配电机缺失，无法稳定区分碳刷SKU；导入口径：do_not_import_missing_specs；重分类：电动工具/电机配件 -> 电动气动工具/工具附件；分类置信度：high；样例为电动工具碳刷配件。	2026-07-03
FAST-000086	膨胀止水条	类型：膨胀止水条；规格：5mm*30mm		建筑材料/防水材料	米			膨胀止水条5mm*30mm	FAST-000086 膨胀止水条 建材/防水材料 米 类型：膨胀止水条 规格：5mm*30mm 膨胀止水条5mm*30mm 5mm*30mm			candidate	needs_review	clarify_specs_before_use	purchase_2024_candidate_rows=2021；purchase_2024_source_rows=2022；draft_sku_id=SKU-DRAFT-001995	缺失规格：材质；整理依据：材质/膨胀率缺失，会影响膨胀止水条SKU区分；导入口径：do_not_import_missing_specs；重分类：建材/防水材料 -> 建筑材料/防水材料；分类置信度：high；膨胀止水条属于防水止水材料。	2026-07-03
ELEC-TIE-000011	尼龙扎带	材质：尼龙；规格：8*300		电气电料/电气辅材	包			扎带8*300	ELEC-TIE-000011 尼龙扎带 电气耗材/扎带 包 材质：尼龙 规格：8*300 扎带8*300 尼龙 8*300			candidate	needs_review	clarify_specs_before_use	purchase_2024_candidate_rows=2022；purchase_2024_source_rows=2023；draft_sku_id=SKU-DRAFT-001996	缺失规格：每包数量；整理依据：每包数量缺失，会影响扎带按包采购的SKU区分；导入口径：do_not_import_missing_specs；重分类：电气耗材/扎带 -> 电气电料/电气辅材；分类置信度：high；尼龙扎带常作线缆绑扎辅材，规格差异不拆分。	2026-07-03
METAL-000138	不锈钢烟灰桶	材质：304不锈钢；类型：烟灰桶		清洁办公后勤/生活用品	个			304不锈钢烟灰桶	METAL-000138 不锈钢烟灰桶 行政后勤/清洁用品 个 材质：304不锈钢 类型：烟灰桶 304不锈钢烟灰桶 304不锈钢 烟灰桶			candidate	needs_review	clarify_specs_before_use	purchase_2024_candidate_rows=2023；purchase_2024_source_rows=2024；draft_sku_id=SKU-DRAFT-001997	缺失规格：尺寸；容量；整理依据：容量/尺寸缺失，会影响烟灰桶SKU区分；导入口径：do_not_import_missing_specs；重分类：行政后勤/清洁用品 -> 清洁办公后勤/生活用品；分类置信度：high；烟灰桶为后勤生活用品，旧行政后勤归并到清洁办公后勤。	2026-07-03
ELEC-000215	插线板	品牌：公牛；结构：双排；线长：3m		电气电料/插头插座	只			公牛双排插板3m	ELEC-000215 插线板 电气/插排 只 品牌：公牛 结构：双排 线长：3m 公牛双排插板3m 公牛 双排 3m	公牛		candidate	needs_review	clarify_specs_before_use	purchase_2024_candidate_rows=2024；purchase_2024_source_rows=2025；draft_sku_id=SKU-DRAFT-001998	缺失规格：电流；整理依据：插位数/额定电流缺失，会影响插线板SKU区分；导入口径：do_not_import_missing_specs；重分类：电气/插排 -> 电气电料/插头插座；分类置信度：high；插线板是移动插座，归插头插座。	2026-07-03
TOOL-000306	火钳	类型：火钳		工具量具/手动工具	把			火钳	TOOL-000306 火钳 工具/夹持工具 把 类型：火钳			candidate	needs_review	clarify_specs_before_use	purchase_2024_candidate_rows=2025；purchase_2024_source_rows=2026；draft_sku_id=SKU-DRAFT-001999	缺失规格：材质；长度；整理依据：长度/材质缺失，无法稳定区分火钳SKU；导入口径：do_not_import_missing_specs；重分类：工具/夹持工具 -> 工具量具/手动工具；分类置信度：high；火钳是夹持类手动工具。	2026-07-03
ELEC-000216	铜接线端子	材质：铜；适配线径：185平方		电气电料/接线端子	只			铜接头185平方	ELEC-000216 铜接线端子 电气/接线端子 只 材质：铜 适配线径：185平方 铜接头185平方 铜 185平方			candidate	needs_review	clarify_specs_before_use	purchase_2024_candidate_rows=2026；purchase_2024_source_rows=2027；draft_sku_id=SKU-DRAFT-002000	缺失规格：品牌；型号；电压；电流；安装方式；整理依据：孔径/端子类型缺失，会影响铜接线端子SKU区分；导入口径：do_not_import_missing_specs；重分类：电气/接线端子 -> 电气电料/接线端子；分类置信度：high；铜接线端子即铜鼻子类电气端子。	2026-07-03
ELEC-000217	高压防水自粘带	品牌：3M；特性：高压防水；类型：自粘带		电气电料/绝缘材料	卷			3M高压防水自粘带	ELEC-000217 高压防水自粘带 电气耗材/绝缘胶带 卷 品牌：3M 特性：高压防水 类型：自粘带 3M高压防水自粘带 3M 高压防水 自粘带	3M		candidate	needs_review	clarify_specs_before_use	purchase_2024_candidate_rows=2027；purchase_2024_source_rows=2028；draft_sku_id=SKU-DRAFT-002001	缺失规格：型号；长度；宽度；整理依据：宽度/长度/型号缺失，会影响自粘带SKU区分；导入口径：do_not_import_missing_specs；重分类：电气耗材/绝缘胶带 -> 电气电料/绝缘材料；分类置信度：high；高压防水自粘带用于电气绝缘防水。	2026-07-03
ELEC-000218	接地桩	用途：接地；规格：M16*1m		电气电料/电气辅材	根			接地桩M16*1m	ELEC-000218 接地桩 电气/接地材料 根 用途：接地 规格：M16*1m 接地桩M16*1m 接地 M16*1m			candidate	needs_review	clarify_specs_before_use	purchase_2024_candidate_rows=2028；purchase_2024_source_rows=2029；draft_sku_id=SKU-DRAFT-002002	缺失规格：材质；整理依据：材质/镀层缺失，会影响接地桩SKU区分；导入口径：do_not_import_missing_specs；重分类：电气/接地材料 -> 电气电料/电气辅材；分类置信度：high；接地桩用于接地系统，归电气辅材。	2026-07-03
FAST-000087	镀锌螺丝套件	表面：镀锌；规格：M12*30		紧固件与连接件/螺丝	套			镀锌螺丝M12*30	FAST-000087 镀锌螺丝套件 紧固件/螺丝套件 套 表面：镀锌 规格：M12*30 镀锌螺丝M12*30 镀锌 M12*30			candidate	needs_review	clarify_specs_before_use	purchase_2024_candidate_rows=2029；purchase_2024_source_rows=2030；draft_sku_id=SKU-DRAFT-002003	缺失规格：强度等级；套件内容；整理依据：套件内容/强度等级缺失，会影响螺丝套件SKU区分；导入口径：do_not_import_missing_specs；重分类：紧固件/螺丝套件 -> 紧固件与连接件/螺丝；分类置信度：high；螺丝套件归螺丝类紧固件。	2026-07-03
ELEC-000219	接地线	品牌：起帆；用途：接地；截面积：16平方；颜色：双色		电气电料/电线电缆	米			起帆双色接地线16平方	ELEC-000219 接地线 电气/电线电缆 米 品牌：起帆 用途：接地 截面积：16平方 颜色：双色 起帆双色接地线16平方 起帆 接地 16平方 双色	起帆		candidate	needs_review	clarify_specs_before_use	purchase_2024_candidate_rows=2030；purchase_2024_source_rows=2031；draft_sku_id=SKU-DRAFT-002004	缺失规格：型号；整理依据：电线型号/具体颜色缺失，会影响接地线SKU区分；导入口径：do_not_import_missing_specs；重分类：电气/电线电缆 -> 电气电料/电线电缆；分类置信度：high；16平方双色接地线本质是电线电缆。	2026-07-03
ELEC-000220	绝缘电阻表	品牌：人民；测试电压：500V；量程：500兆欧		工具量具/检测仪器	只			人民摇表500V-500兆欧	ELEC-000220 绝缘电阻表 仪表/电气仪表 只 品牌：人民 测试电压：500V 量程：500兆欧 人民摇表500V-500兆欧 人民 500V 500兆欧	人民		candidate	needs_review	clarify_specs_before_use	purchase_2024_candidate_rows=2031；purchase_2024_source_rows=2032；draft_sku_id=SKU-DRAFT-002005	缺失规格：型号；精度；整理依据：精度/型号缺失，会影响绝缘电阻表SKU区分；导入口径：do_not_import_missing_specs；重分类：仪表/电气仪表 -> 工具量具/检测仪器；分类置信度：high；绝缘电阻表用于绝缘测量，归检测仪器。	2026-07-03
ADMIN-000060	洗洁精	包装：2KG		清洁办公后勤/清洁耗材	桶			洗洁精2KG	ADMIN-000060 洗洁精 清洁耗材/清洁剂 桶 包装：2KG 洗洁精2KG 2KG			candidate	needs_review	clarify_specs_before_use	purchase_2024_candidate_rows=2032；purchase_2024_source_rows=2033；draft_sku_id=SKU-DRAFT-002006	缺失规格：品牌；整理依据：品牌/用途缺失，会影响洗洁精SKU区分；导入口径：do_not_import_missing_specs；重分类：清洁耗材/清洁剂 -> 清洁办公后勤/清洁耗材；分类置信度：high；洗洁精是日常清洁耗材，旧劳保耗材不准。	2026-07-03
CHEM-000148	气动油	品牌：卡仕顿；等级：特级；容量：250mL		化工胶粘涂料/润滑剂	瓶			卡仕顿特级气动油250mL	CHEM-000148 气动油 油品/润滑油 瓶 品牌：卡仕顿 等级：特级 容量：250mL 卡仕顿特级气动油250mL 卡仕顿 特级 250mL	卡仕顿		candidate	needs_review	clarify_specs_before_use	purchase_2024_candidate_rows=2033；purchase_2024_source_rows=2034；draft_sku_id=SKU-DRAFT-002007	缺失规格：型号；整理依据：粘度等级/型号缺失，会影响气动油SKU区分；导入口径：do_not_import_missing_specs；重分类：油品/润滑油 -> 化工胶粘涂料/润滑剂；分类置信度：high；气动油属于设备润滑剂。	2026-07-03
ELEC-000221	时控开关	品牌：施耐德；电压：220V；额定电流：10A		电气电料/低压电器	只			施耐德时控开关220V/10A	ELEC-000221 时控开关 电气/低压电器 只 品牌：施耐德 电压：220V 额定电流：10A 施耐德时控开关220V/10A 施耐德 220V 10A	施耐德		candidate	needs_review	clarify_specs_before_use	purchase_2024_candidate_rows=2034；purchase_2024_source_rows=2035；draft_sku_id=SKU-DRAFT-002008	缺失规格：型号；整理依据：型号/程序功能缺失，会影响时控开关SKU区分；导入口径：do_not_import_missing_specs；重分类：电气/低压电器 -> 电气电料/低压电器；分类置信度：high；时控开关是低压控制电器。	2026-07-03
CONST-000039	绝缘橡胶板	特性：绝缘；厚度：3mm		电气电料/绝缘材料	KG			绝缘橡胶板3mm	CONST-000039 绝缘橡胶板 绝缘材料/橡胶板 KG 特性：绝缘 厚度：3mm 绝缘橡胶板3mm 绝缘 3mm			candidate	needs_review	clarify_specs_before_use	purchase_2024_candidate_rows=2035；purchase_2024_source_rows=2036；draft_sku_id=SKU-DRAFT-002009	缺失规格：长度；整理依据：耐压等级/幅宽长度缺失；按KG采购需确认；导入口径：do_not_import_missing_specs；重分类：绝缘材料/橡胶板 -> 电气电料/绝缘材料；分类置信度：high；绝缘橡胶板用于电气绝缘防护。	2026-07-03
ELEC-000222	插座	型号：DKJ35-50；颜色：黑色		电气电料/插头插座	只			DKJ35-50黑色插座	ELEC-000222 插座 电气/插头插座 只 型号：DKJ35-50 颜色：黑色 DKJ35-50黑色插座 DKJ35-50 黑色		DKJ35-50	candidate	usable	confirm_before_use	purchase_2024_candidate_rows=2036；purchase_2024_source_rows=2037；draft_sku_id=SKU-DRAFT-002010	缺失规格：品牌；整理依据：额定电流/接口类型未明，按型号和颜色先建候选；导入口径：confirm_then_import；重分类：电气/插头插座 -> 电气电料/插头插座；分类置信度：high；墙插和工业插座均属插头插座类。	2026-07-03
METAL-000139	工字钢	规格：16#		金属材料/型钢	米			工字钢16#	METAL-000139 工字钢 钢材/型钢 米 规格：16# 工字钢16# 16#			candidate	needs_review	clarify_specs_before_use	purchase_2024_candidate_rows=2037；purchase_2024_source_rows=2038；draft_sku_id=SKU-DRAFT-002011	缺失规格：材质；执行标准；整理依据：材质/执行标准缺失，会影响工字钢SKU区分；导入口径：do_not_import_missing_specs；重分类：钢材/型钢 -> 金属材料/型钢；分类置信度：high；工字钢属型钢。	2026-07-03
ELEC-000223	交流接触器	品牌：人民；系列/型号：CJX2-1810		电气电料/低压电器	只			人民交流接触器CJX2-1810	ELEC-000223 交流接触器 电气/低压电器 只 品牌：人民 系列/型号：CJX2-1810 人民交流接触器CJX2-1810 人民 CJX2-1810	人民		candidate	needs_review	clarify_specs_before_use	purchase_2024_candidate_rows=2038；purchase_2024_source_rows=2039；draft_sku_id=SKU-DRAFT-002012	缺失规格：电压；整理依据：线圈电压缺失，会影响交流接触器SKU区分；导入口径：do_not_import_missing_specs；重分类：电气/低压电器 -> 电气电料/低压电器；分类置信度：high；交流接触器属于低压电器元件。	2026-07-03
ELEC-000224	冷压线鼻端子	类型：OT；规格：2.5-4		电气电料/接线端子	包			冷压线鼻端子OT2.5-4	ELEC-000224 冷压线鼻端子 电气/接线端子 包 类型：OT 规格：2.5-4 冷压线鼻端子OT2.5-4 OT 2.5-4			candidate	needs_review	clarify_specs_before_use	purchase_2024_candidate_rows=2039；purchase_2024_source_rows=2040；draft_sku_id=SKU-DRAFT-002013	缺失规格：材质；每包数量；整理依据：材质/每包数量缺失，会影响冷压端子按包采购的SKU区分；导入口径：do_not_import_missing_specs；重分类：电气/接线端子 -> 电气电料/接线端子；分类置信度：high；冷压线鼻端子用于导线端接，归接线端子。	2026-07-03
ELEC-000225	冷压线鼻端子	类型：OT；规格：4-6		电气电料/接线端子	包			冷压线鼻端子OT4-6	ELEC-000225 冷压线鼻端子 电气/接线端子 包 类型：OT 规格：4-6 冷压线鼻端子OT4-6 OT 4-6			candidate	needs_review	clarify_specs_before_use	purchase_2024_candidate_rows=2040；purchase_2024_source_rows=2041；draft_sku_id=SKU-DRAFT-002014	缺失规格：材质；每包数量；整理依据：材质/每包数量缺失，会影响冷压端子按包采购的SKU区分；导入口径：do_not_import_missing_specs；重分类：电气/接线端子 -> 电气电料/接线端子；分类置信度：high；冷压线鼻端子用于导线端接，归接线端子。	2026-07-03
ELEC-000226	冷压线鼻端子	类型：OT；规格：6-8		电气电料/接线端子	包			冷压线鼻端子OT6-8	ELEC-000226 冷压线鼻端子 电气/接线端子 包 类型：OT 规格：6-8 冷压线鼻端子OT6-8 OT 6-8			candidate	needs_review	clarify_specs_before_use	purchase_2024_candidate_rows=2041；purchase_2024_source_rows=2042；draft_sku_id=SKU-DRAFT-002015	缺失规格：材质；每包数量；整理依据：材质/每包数量缺失，会影响冷压端子按包采购的SKU区分；导入口径：do_not_import_missing_specs；重分类：电气/接线端子 -> 电气电料/接线端子；分类置信度：high；冷压线鼻端子用于导线端接，归接线端子。	2026-07-03
TOOL-000307	剥线钳	类型：多功能剥线钳		工具量具/电工工具	把			多功能剥线钳	TOOL-000307 剥线钳 工具/电工工具 把 类型：多功能剥线钳 多功能剥线钳			candidate	needs_review	clarify_specs_before_use	purchase_2024_candidate_rows=2042；purchase_2024_source_rows=2043；draft_sku_id=SKU-DRAFT-002016	缺失规格：品牌；整理依据：剥线范围/品牌缺失，会影响剥线钳SKU区分；导入口径：do_not_import_missing_specs；重分类：工具/电工工具 -> 工具量具/电工工具；分类置信度：high；剥线钳是电工手动工具。	2026-07-03
TOOL-000308	感应电笔	类型：感应电笔		工具量具/电工工具	支			感应电笔	TOOL-000308 感应电笔 工具/电工工具 支 类型：感应电笔			candidate	needs_review	clarify_specs_before_use	purchase_2024_candidate_rows=2043；purchase_2024_source_rows=2044；draft_sku_id=SKU-DRAFT-002017	缺失规格：品牌；整理依据：测量范围/品牌缺失，会影响感应电笔SKU区分；导入口径：do_not_import_missing_specs；重分类：工具/电工工具 -> 工具量具/电工工具；分类置信度：high；感应电笔为电工工具。	2026-07-03
ELEC-000227	钳形电流表	精度描述：高精度；量程：1000A		工具量具/检测仪器	个			高精度钳流表1000A	ELEC-000227 钳形电流表 仪表/电气仪表 个 精度描述：高精度 量程：1000A 高精度钳流表1000A 高精度 1000A			candidate	needs_review	clarify_specs_before_use	purchase_2024_candidate_rows=2044；purchase_2024_source_rows=2045；draft_sku_id=SKU-DRAFT-002018	缺失规格：品牌；电流；精度；整理依据：品牌/精度等级/交直流类型缺失，会影响钳形电流表SKU区分；导入口径：do_not_import_missing_specs；重分类：仪表/电气仪表 -> 工具量具/检测仪器；分类置信度：high；钳形电流表为电气测量检测仪器。	2026-07-03
TOOL-000309	电工包	材质：帆布；用途：电工		工具量具/工具套装	个			帆布电工包	TOOL-000309 电工包 工具/工具包 个 材质：帆布 用途：电工 帆布电工包 帆布 电工			candidate	needs_review	clarify_specs_before_use	purchase_2024_candidate_rows=2045；purchase_2024_source_rows=2046；draft_sku_id=SKU-DRAFT-002019	缺失规格：尺寸；整理依据：尺寸/格数缺失，会影响电工包SKU区分；导入口径：do_not_import_missing_specs；重分类：工具/工具包 -> 工具量具/工具套装；分类置信度：high；电工包用于收纳携带工具，归工具套装类。	2026-07-03
TOOL-000310	三叉套筒扳手	类型：三叉套筒；规格：14-17-19		工具量具/手动工具	把			三叉套筒扳手14-17-19	TOOL-000310 三叉套筒扳手 工具/手动工具 把 类型：三叉套筒 规格：14-17-19 三叉套筒扳手14-17-19 三叉套筒 14-17-19			candidate	usable	confirm_before_use	purchase_2024_candidate_rows=2046；purchase_2024_source_rows=2047；draft_sku_id=SKU-DRAFT-002020	缺失规格：品牌；材质；整理依据：材质/品牌缺失，按三叉规格先建候选；导入口径：confirm_then_import；重分类：工具/手动工具 -> 工具量具/手动工具；分类置信度：high；三叉套筒扳手属于手动工具。	2026-07-03
TOOL-000311	三叉套筒扳手	类型：三叉套筒；规格：13-16-18		工具量具/手动工具	把			三叉套筒扳手13-16-18	TOOL-000311 三叉套筒扳手 工具/手动工具 把 类型：三叉套筒 规格：13-16-18 三叉套筒扳手13-16-18 三叉套筒 13-16-18			candidate	usable	confirm_before_use	purchase_2024_candidate_rows=2047；purchase_2024_source_rows=2048；draft_sku_id=SKU-DRAFT-002021	缺失规格：品牌；材质；整理依据：材质/品牌缺失，按三叉规格先建候选；导入口径：confirm_then_import；重分类：工具/手动工具 -> 工具量具/手动工具；分类置信度：high；三叉套筒扳手属于手动工具。	2026-07-03
TOOL-000312	三叉套筒扳手	类型：三叉套筒；规格：10-12-14		工具量具/手动工具	把			三叉套筒扳手10-12-14	TOOL-000312 三叉套筒扳手 工具/手动工具 把 类型：三叉套筒 规格：10-12-14 三叉套筒扳手10-12-14 三叉套筒 10-12-14			candidate	usable	confirm_before_use	purchase_2024_candidate_rows=2048；purchase_2024_source_rows=2049；draft_sku_id=SKU-DRAFT-002022	缺失规格：品牌；材质；整理依据：材质/品牌缺失，按三叉规格先建候选；导入口径：confirm_then_import；重分类：工具/手动工具 -> 工具量具/手动工具；分类置信度：high；三叉套筒扳手属于手动工具。	2026-07-03
TOOL-000313	T型套筒扳手套装	类型：T型套筒；规格范围：8-19；件数：6件		工具量具/手动工具	套			T型套筒扳手8-19/6件套装	TOOL-000313 T型套筒扳手套装 工具/手动工具 套 类型：T型套筒 规格范围：8-19 件数：6件 T型套筒扳手8-19/6件套装 T型套筒 8-19 6件			candidate	usable	confirm_before_use	purchase_2024_candidate_rows=2049；purchase_2024_source_rows=2050；draft_sku_id=SKU-DRAFT-002023	缺失规格：品牌；规格；材质；整理依据：材质/品牌缺失，按规格范围和件数先建候选；导入口径：confirm_then_import；重分类：工具/手动工具 -> 工具量具/手动工具；分类置信度：high；套筒扳手套装属于手动工具。	2026-07-03
TOOL-000314	绝缘十字螺丝刀	头型：十字；规格：4*100；特性：绝缘		工具量具/电工工具	把			绝缘十字螺丝刀4*100	TOOL-000314 绝缘十字螺丝刀 工具/电工工具 把 头型：十字 规格：4*100 特性：绝缘 绝缘十字螺丝刀4*100 十字 4*100 绝缘			candidate	needs_review	clarify_specs_before_use	purchase_2024_candidate_rows=2050；purchase_2024_source_rows=2051；draft_sku_id=SKU-DRAFT-002024	缺失规格：品牌；整理依据：绝缘耐压等级/品牌缺失，会影响绝缘螺丝刀SKU区分；导入口径：do_not_import_missing_specs；重分类：工具/电工工具 -> 工具量具/电工工具；分类置信度：high；绝缘十字螺丝刀为电工手动工具。	2026-07-03
TOOL-000315	绝缘十字螺丝刀	头型：十字；规格：5*125；特性：绝缘		工具量具/电工工具	把			绝缘十字螺丝刀5*125	TOOL-000315 绝缘十字螺丝刀 工具/电工工具 把 头型：十字 规格：5*125 特性：绝缘 绝缘十字螺丝刀5*125 十字 5*125 绝缘			candidate	needs_review	clarify_specs_before_use	purchase_2024_candidate_rows=2051；purchase_2024_source_rows=2052；draft_sku_id=SKU-DRAFT-002025	缺失规格：品牌；整理依据：绝缘耐压等级/品牌缺失，会影响绝缘螺丝刀SKU区分；导入口径：do_not_import_missing_specs；重分类：工具/电工工具 -> 工具量具/电工工具；分类置信度：high；绝缘十字螺丝刀为电工手动工具。	2026-07-03
TOOL-000316	绝缘一字螺丝刀	头型：一字；规格：3*75；特性：绝缘		工具量具/电工工具	把			绝缘一字螺丝刀3*75	TOOL-000316 绝缘一字螺丝刀 工具/电工工具 把 头型：一字 规格：3*75 特性：绝缘 绝缘一字螺丝刀3*75 一字 3*75 绝缘			candidate	needs_review	clarify_specs_before_use	purchase_2024_candidate_rows=2052；purchase_2024_source_rows=2053；draft_sku_id=SKU-DRAFT-002026	缺失规格：品牌；整理依据：绝缘耐压等级/品牌缺失，会影响绝缘螺丝刀SKU区分；导入口径：do_not_import_missing_specs；重分类：工具/电工工具 -> 工具量具/电工工具；分类置信度：high；绝缘螺丝刀为电工手动工具。	2026-07-03
ELEC-000228	插座	型号：DKJ35-50；颜色：红色		电气电料/插头插座	只			DKJ35-50红色插座	ELEC-000228 插座 电气/插头插座 只 型号：DKJ35-50 颜色：红色 DKJ35-50红色插座 DKJ35-50 红色		DKJ35-50	candidate	needs_review	clarify_specs_before_use	purchase_2024_candidate_rows=2053；purchase_2024_source_rows=2054；draft_sku_id=SKU-DRAFT-002027	缺失规格：电流；整理依据：额定电流/接口类型缺失，会影响插座SKU区分；导入口径：do_not_import_missing_specs；重分类：电气/插头插座 -> 电气电料/插头插座；分类置信度：high；墙插和工业插座均属插头插座类。	2026-07-03
ELEC-000229	开口铜鼻子	材质：铜；规格：300A；类型：开口铜鼻子		电气电料/接线端子	只			开口铜鼻子300A	ELEC-000229 开口铜鼻子 电气/接线端子 只 材质：铜 规格：300A 类型：开口铜鼻子 开口铜鼻子300A 铜 300A			candidate	needs_review	clarify_specs_before_use	purchase_2024_candidate_rows=2054；purchase_2024_source_rows=2055；draft_sku_id=SKU-DRAFT-002028	缺失规格：品牌；型号；电压；电流；安装方式；整理依据：适配线径/孔径缺失，会影响铜鼻子SKU区分；导入口径：do_not_import_missing_specs；重分类：电气/接线端子 -> 电气电料/接线端子；分类置信度：high；开口铜鼻子属接线端子。	2026-07-03
FAST-000088	花兰螺丝	规格：M14*200；类型：花兰螺丝		吊装索具/牵引捆绑	只			花兰螺丝M14*200	FAST-000088 花兰螺丝 紧固件/拉紧件 只 规格：M14*200 类型：花兰螺丝 花兰螺丝M14*200 M14*200			candidate	needs_review	clarify_specs_before_use	purchase_2024_candidate_rows=2055；purchase_2024_source_rows=2056；draft_sku_id=SKU-DRAFT-002029	缺失规格：材质；表面处理；整理依据：材质/表面处理缺失，会影响花兰螺丝SKU区分；导入口径：do_not_import_missing_specs；重分类：紧固件/拉紧件 -> 吊装索具/牵引捆绑；分类置信度：medium；花兰螺丝用于拉紧调节，按索具牵引捆绑件处理。	2026-07-03
FAST-000089	膨胀钩	表面：镀锌；规格：M12*125；类型：膨胀钩		紧固件与连接件/膨胀锚栓	只			镀锌膨胀钩M12*125	FAST-000089 膨胀钩 紧固件/膨胀件 只 表面：镀锌 规格：M12*125 类型：膨胀钩 镀锌膨胀钩M12*125 镀锌 M12*125			candidate	needs_review	clarify_specs_before_use	purchase_2024_candidate_rows=2056；purchase_2024_source_rows=2057；draft_sku_id=SKU-DRAFT-002030	缺失规格：材质；整理依据：材质/承载能力缺失，会影响膨胀钩SKU区分；导入口径：do_not_import_missing_specs；重分类：紧固件/膨胀件 -> 紧固件与连接件/膨胀锚栓；分类置信度：high；膨胀钩属于膨胀锚固件。	2026-07-03
FAST-000090	螺丝套件	强度等级：8.8；规格：M16*70；表面：镀锌；套件组成：平垫+弹垫		紧固件与连接件/螺丝	套			8.8级M16*70镀锌螺丝带平 弹垫	FAST-000090 螺丝套件 紧固件/螺丝套件 套 强度等级：8.8 规格：M16*70 表面：镀锌 套件组成：平垫+弹垫 8.8级M16*70镀锌螺丝带平 弹垫 8.8 M16*70 镀锌 平垫+弹垫			candidate	needs_review	clarify_specs_before_use	purchase_2024_candidate_rows=2057；purchase_2024_source_rows=2058；draft_sku_id=SKU-DRAFT-002031	缺失规格：材质；头型；整理依据：头型/材质/是否含螺母缺失，会影响螺丝套件SKU区分；导入口径：do_not_import_missing_specs；重分类：紧固件/螺丝套件 -> 紧固件与连接件/螺丝；分类置信度：high；螺丝带平垫弹垫仍属螺丝紧固件。	2026-07-03
ELEC-000230	浮球液位开关	类型：浮球开关；线长：10m		电气电料/开关按钮	只			浮球阀开关带10m线	ELEC-000230 浮球液位开关 电气/液位控制 只 类型：浮球开关 线长：10m 浮球阀开关带10m线 浮球开关 10m			candidate	needs_review	clarify_specs_before_use	purchase_2024_candidate_rows=2058；purchase_2024_source_rows=2059；draft_sku_id=SKU-DRAFT-002032	缺失规格：容量；电压；整理依据：浮球阀开关按浮球液位开关归一；电压/触点容量/介质缺失；导入口径：do_not_import_missing_specs；重分类：电气/液位控制 -> 电气电料/开关按钮；分类置信度：high；浮球液位开关属于电气开关控制件。	2026-07-03
METAL-000140	不锈钢C式自锁接头套装	材质：不锈钢；类型：C式自锁；型号组合：SM40+PM40		液压气动/气动接头	套			不锈钢C式自锁接头SM40+PM40	METAL-000140 不锈钢C式自锁接头套装 气动液压/快换接头 套 材质：不锈钢 类型：C式自锁 型号组合：SM40+PM40 不锈钢C式自锁接头SM40+PM40 不锈钢 C式自锁 SM40+PM40			candidate	needs_review	clarify_specs_before_use	purchase_2024_candidate_rows=2059；purchase_2024_source_rows=2060；draft_sku_id=SKU-DRAFT-002033	缺失规格：口径；整理依据：口径/密封材质缺失，会影响快换接头套装SKU区分；导入口径：do_not_import_missing_specs；重分类：气动液压/快换接头 -> 液压气动/气动接头；分类置信度：medium；C式自锁快换接头多用于气动快接，归气动接头。	2026-07-03
METAL-000141	不锈钢快接公头	材质：不锈钢；类型：快接公头；型号：PP20		液压气动/气动接头	只			不锈钢快接公头PP20	METAL-000141 不锈钢快接公头 气动液压/快换接头 只 材质：不锈钢 类型：快接公头 型号：PP20 不锈钢快接公头PP20 不锈钢 快接公头 PP20		PP20	candidate	needs_review	clarify_specs_before_use	purchase_2024_candidate_rows=2060；purchase_2024_source_rows=2061；draft_sku_id=SKU-DRAFT-002034	缺失规格：口径；整理依据：口径/系列标准缺失，会影响快接公头SKU区分；导入口径：do_not_import_missing_specs；重分类：气动液压/快换接头 -> 液压气动/气动接头；分类置信度：high；快接公头属于气动快换接头，规格为型号差异。	2026-07-03
METAL-000142	不锈钢快接公头	材质：不锈钢；类型：快接公头；型号：PP30		液压气动/气动接头	只			不锈钢快接公头PP30	METAL-000142 不锈钢快接公头 气动液压/快换接头 只 材质：不锈钢 类型：快接公头 型号：PP30 不锈钢快接公头PP30 不锈钢 快接公头 PP30		PP30	candidate	needs_review	clarify_specs_before_use	purchase_2024_candidate_rows=2061；purchase_2024_source_rows=2062；draft_sku_id=SKU-DRAFT-002035	缺失规格：口径；整理依据：口径/系列标准缺失，会影响快接公头SKU区分；导入口径：do_not_import_missing_specs；重分类：气动液压/快换接头 -> 液压气动/气动接头；分类置信度：high；快接公头属于气动快换接头，规格为型号差异。	2026-07-03
METAL-000143	不锈钢快接公头	材质：不锈钢；类型：快接公头；型号：PP60		液压气动/气动接头	只			不锈钢快接公头PP60	METAL-000143 不锈钢快接公头 气动液压/快换接头 只 材质：不锈钢 类型：快接公头 型号：PP60 不锈钢快接公头PP60 不锈钢 快接公头 PP60		PP60	candidate	needs_review	clarify_specs_before_use	purchase_2024_candidate_rows=2062；purchase_2024_source_rows=2063；draft_sku_id=SKU-DRAFT-002036	缺失规格：口径；整理依据：口径/系列标准缺失，会影响快接公头SKU区分；导入口径：do_not_import_missing_specs；重分类：气动液压/快换接头 -> 液压气动/气动接头；分类置信度：high；快接公头属于气动快换接头，规格为型号差异。	2026-07-03
METAL-000144	不锈钢快拧外丝直接	材质：不锈钢；类型：快拧外丝直接；型号：PC16-04		液压气动/气动接头	只			不锈钢快拧外丝直接PC16-04	METAL-000144 不锈钢快拧外丝直接 气动液压/快拧接头 只 材质：不锈钢 类型：快拧外丝直接 型号：PC16-04 不锈钢快拧外丝直接PC16-04 不锈钢 快拧外丝直接 PC16-04		PC16-04	candidate	needs_review	clarify_specs_before_use	purchase_2024_candidate_rows=2063；purchase_2024_source_rows=2064；draft_sku_id=SKU-DRAFT-002037	缺失规格：规格；厚度；长度；执行标准；整理依据：螺纹制式/管径含义缺失，会影响快拧接头SKU区分；导入口径：do_not_import_missing_specs；重分类：气动液压/快拧接头 -> 液压气动/气动接头；分类置信度：high；快拧外丝直接为气动快拧接头。	2026-07-03
FAST-000091	螺丝套件	强度等级：8.8；规格：M16*130；套件组成：平垫+弹垫		紧固件与连接件/螺丝	套			8.8级M16*130螺丝带平 弹垫	FAST-000091 螺丝套件 紧固件/螺丝套件 套 强度等级：8.8 规格：M16*130 套件组成：平垫+弹垫 8.8级M16*130螺丝带平 弹垫 8.8 M16*130 平垫+弹垫			candidate	needs_review	clarify_specs_before_use	purchase_2024_candidate_rows=2064；purchase_2024_source_rows=2065；draft_sku_id=SKU-DRAFT-002038	缺失规格：材质；头型；整理依据：表面处理/材质/头型/是否含螺母缺失，会影响螺丝套件SKU区分；导入口径：do_not_import_missing_specs；重分类：紧固件/螺丝套件 -> 紧固件与连接件/螺丝；分类置信度：high；螺丝带平垫弹垫仍属螺丝紧固件。	2026-07-03
MAT-000222	编织袋	规格：大号；类型：编织袋		包装覆盖周转/包装袋	条			大编织袋	MAT-000222 编织袋 包装材料/编织袋 条 规格：大号 类型：编织袋 大编织袋 大号			candidate	needs_review	clarify_specs_before_use	purchase_2024_candidate_rows=2065；purchase_2024_source_rows=2066；draft_sku_id=SKU-DRAFT-002039	缺失规格：尺寸；整理依据：尺寸/承重缺失，无法稳定区分编织袋SKU；导入口径：do_not_import_missing_specs；重分类：包装材料/编织袋 -> 包装覆盖周转/包装袋；分类置信度：high；编织袋属于包装袋。	2026-07-03
MAT-000223	麻袋	规格：大号；类型：麻袋		包装覆盖周转/包装袋	条			大麻袋	MAT-000223 麻袋 包装材料/麻袋 条 规格：大号 类型：麻袋 大麻袋 大号			candidate	needs_review	clarify_specs_before_use	purchase_2024_candidate_rows=2066；purchase_2024_source_rows=2067；draft_sku_id=SKU-DRAFT-002040	缺失规格：材质；尺寸；整理依据：尺寸/材质缺失，无法稳定区分麻袋SKU；导入口径：do_not_import_missing_specs；重分类：包装材料/麻袋 -> 包装覆盖周转/包装袋；分类置信度：high；麻袋为包装袋类材料。	2026-07-03
PIPE-000439	镀锌外丝直接	表面：镀锌；连接：外丝；规格：4分；类型：直接		管材管件阀门/直接	只			镀锌外丝直接4分	PIPE-000439 镀锌外丝直接 管件/镀锌管件 只 表面：镀锌 连接：外丝 规格：4分 类型：直接 镀锌外丝直接4分 镀锌 外丝 4分 直接			candidate	needs_review	clarify_specs_before_use	purchase_2024_candidate_rows=2067；purchase_2024_source_rows=2068；draft_sku_id=SKU-DRAFT-002041	缺失规格：材质；压力等级；整理依据：材质/压力等级缺失，会影响镀锌外丝直接SKU区分；导入口径：do_not_import_missing_specs；重分类：管件/镀锌管件 -> 管材管件阀门/直接；分类置信度：high；外丝直接属于直接管件。	2026-07-03
PIPE-000440	镀锌内丝弯头	表面：镀锌；连接：内丝；规格：4分；类型：弯头		管材管件阀门/弯头	只			镀锌内丝弯头4分	PIPE-000440 镀锌内丝弯头 管件/镀锌管件 只 表面：镀锌 连接：内丝 规格：4分 类型：弯头 镀锌内丝弯头4分 镀锌 内丝 4分 弯头			candidate	needs_review	clarify_specs_before_use	purchase_2024_candidate_rows=2068；purchase_2024_source_rows=2069；draft_sku_id=SKU-DRAFT-002042	缺失规格：压力等级；整理依据：角度/压力等级缺失，会影响镀锌内丝弯头SKU区分；导入口径：do_not_import_missing_specs；重分类：管件/镀锌管件 -> 管材管件阀门/弯头；分类置信度：high；内丝弯头为弯头管件。	2026-07-03
FAST-000092	异形垫片	定制：是；尺寸：330*260*5	原始写法:异性	定制加工件/图纸件	个			订做异性垫片330*260*5	FAST-000092 异形垫片 定制件/密封垫片 个 定制：是 尺寸：330*260*5 原始写法:异性 订做异性垫片330*260*5 是 330*260*5 异性			candidate	needs_review	clarify_specs_before_use	purchase_2024_candidate_rows=2069；purchase_2024_source_rows=2070；draft_sku_id=SKU-DRAFT-002043	缺失规格：材质；整理依据：原始“异性”按异形垫片归一；材质/图纸缺失；导入口径：do_not_import_missing_specs；重分类：定制件/密封垫片 -> 定制加工件/图纸件；分类置信度：medium；异形垫片按尺寸定做，属非标图纸件。	2026-07-03
PIPE-000441	不锈钢高压球阀	材质：304不锈钢；规格：2寸；类型：高压球阀		管材管件阀门/阀门	只			304不锈钢高压球阀2寸	PIPE-000441 不锈钢高压球阀 阀门/球阀 只 材质：304不锈钢 规格：2寸 类型：高压球阀 304不锈钢高压球阀2寸 304不锈钢 2寸 高压球阀			candidate	needs_review	clarify_specs_before_use	purchase_2024_candidate_rows=2070；purchase_2024_source_rows=2071；draft_sku_id=SKU-DRAFT-002044	缺失规格：压力等级；整理依据：压力等级/连接形式缺失，会影响高压球阀SKU区分；导入口径：do_not_import_missing_specs；重分类：阀门/球阀 -> 管材管件阀门/阀门；分类置信度：high；高压球阀属于管路阀门，压力等级为属性。	2026-07-03
PIPE-000442	镀锌外丝直接	表面：镀锌；连接：外丝；规格：2寸；长度：150mm；类型：直接		管材管件阀门/直接	只			镀锌外丝直接2寸/150mm	PIPE-000442 镀锌外丝直接 管件/镀锌管件 只 表面：镀锌 连接：外丝 规格：2寸 长度：150mm 类型：直接 镀锌外丝直接2寸/150mm 镀锌 外丝 2寸 150mm 直接			candidate	needs_review	clarify_specs_before_use	purchase_2024_candidate_rows=2071；purchase_2024_source_rows=2072；draft_sku_id=SKU-DRAFT-002045	缺失规格：材质；压力等级；整理依据：材质/压力等级缺失，会影响镀锌外丝直接SKU区分；导入口径：do_not_import_missing_specs；重分类：管件/镀锌管件 -> 管材管件阀门/直接；分类置信度：high；外丝直接属于直接管件。	2026-07-03
TOOL-000317	中性笔	类型：中性笔		清洁办公后勤/办公用品	支			中性笔	TOOL-000317 中性笔 办公用品/书写工具 支 类型：中性笔			candidate	needs_review	clarify_specs_before_use	purchase_2024_candidate_rows=2072；purchase_2024_source_rows=2073；draft_sku_id=SKU-DRAFT-002046	缺失规格：规格；颜色；整理依据：颜色/笔芯规格缺失，无法稳定区分中性笔SKU；导入口径：do_not_import_missing_specs；重分类：办公用品/书写工具 -> 清洁办公后勤/办公用品；分类置信度：high；中性笔属于办公用品。	2026-07-03
PIPE-000443	对丝接头	螺纹/规格：36*2H；类型：对丝接头		液压气动/液压接头	只			36*2H对丝接头	PIPE-000443 对丝接头 液压/高压管路 只 螺纹/规格：36*2H 类型：对丝接头 36*2H对丝接头 36*2H			candidate	needs_review	clarify_specs_before_use	purchase_2024_candidate_rows=2073；purchase_2024_source_rows=2074；draft_sku_id=SKU-DRAFT-002047	缺失规格：材质；压力等级；整理依据：H含义/材质/压力等级缺失，会影响对丝接头SKU区分；导入口径：do_not_import_missing_specs；重分类：液压/高压管路 -> 液压气动/液压接头；分类置信度：high；对丝接头用于高压液压管路连接。	2026-07-03
PIPE-000444	高压弯头	螺纹/规格：36*2；结构：双H；类型：弯头		定制加工件/管路接头	只			36*2双H弯头	PIPE-000444 高压弯头 液压/高压管路 只 螺纹/规格：36*2 结构：双H 类型：弯头 36*2双H弯头 36*2 双H 弯头			candidate	needs_review	clarify_specs_before_use	purchase_2024_candidate_rows=2074；purchase_2024_source_rows=2075；draft_sku_id=SKU-DRAFT-002048	缺失规格：材质；压力等级；整理依据：双H含义/材质/压力等级缺失，会影响高压弯头SKU区分；导入口径：do_not_import_missing_specs；重分类：液压/高压管路 -> 定制加工件/管路接头；分类置信度：medium；样例多为定做高压弯头，本质为非标管路接头。	2026-07-03
PIPE-000445	变径对丝接头	规格：1寸/36*2H；类型：变径对丝		液压气动/液压接头	只			1寸/36*2H变径对丝接头	PIPE-000445 变径对丝接头 液压/高压管路 只 规格：1寸/36*2H 类型：变径对丝 1寸/36*2H变径对丝接头 1寸/36*2H 变径对丝			candidate	needs_review	clarify_specs_before_use	purchase_2024_candidate_rows=2075；purchase_2024_source_rows=2076；draft_sku_id=SKU-DRAFT-002049	缺失规格：材质；压力等级；整理依据：材质/压力等级缺失，会影响变径对丝接头SKU区分；导入口径：do_not_import_missing_specs；重分类：液压/高压管路 -> 液压气动/液压接头；分类置信度：high；变径对丝用于高压液压管路连接。	2026-07-03
PIPE-000446	架子管	长度：6m；类型：架子管		金属材料/钢管	根			架子管6m	PIPE-000446 架子管 建筑施工耗材/脚手架管 根 长度：6m 类型：架子管 架子管6m 6m			candidate	needs_review	clarify_specs_before_use	purchase_2024_candidate_rows=2076；purchase_2024_source_rows=2077；draft_sku_id=SKU-DRAFT-002050	缺失规格：材质；壁厚；整理依据：管径/壁厚/材质缺失，无法稳定区分架子管SKU；导入口径：do_not_import_missing_specs；重分类：建筑施工耗材/脚手架管 -> 金属材料/钢管；分类置信度：high；架子管本质为脚手架钢管，旧施工耗材偏用途。	2026-07-03
TOOL-000318	冲凿套装	品牌：上匠；件数：12件		工具量具/手动工具	套			上匠冲凿12件套	TOOL-000318 冲凿套装 工具/冲凿工具 套 品牌：上匠 件数：12件 上匠冲凿12件套 上匠 12件	上匠		candidate	needs_review	clarify_specs_before_use	purchase_2024_candidate_rows=2077；purchase_2024_source_rows=2078；draft_sku_id=SKU-DRAFT-002051	缺失规格：规格；整理依据：套装规格明细缺失，会影响冲凿套装SKU区分；导入口径：do_not_import_missing_specs；重分类：工具/冲凿工具 -> 工具量具/手动工具；分类置信度：high；冲凿套装为手动冲凿工具。	2026-07-03
METAL-000145	不锈钢内外丝球阀	材质：304不锈钢；规格：4分；连接：内外丝		管材管件阀门/阀门	个			304不锈钢4分内外丝球阀	METAL-000145 不锈钢内外丝球阀 阀门/球阀 个 材质：304不锈钢 规格：4分 连接：内外丝 304不锈钢4分内外丝球阀 304不锈钢 4分 内外丝			candidate	needs_review	clarify_specs_before_use	purchase_2024_candidate_rows=2078；purchase_2024_source_rows=2079；draft_sku_id=SKU-DRAFT-002052	缺失规格：压力等级；整理依据：压力等级缺失，会影响球阀SKU区分；导入口径：do_not_import_missing_specs；重分类：阀门/球阀 -> 管材管件阀门/阀门；分类置信度：high；内外丝球阀属于管路阀门，连接形式不另分族。	2026-07-03
METAL-000146	不锈钢内外丝球阀	材质：304不锈钢；规格：3分；连接：内外丝		管材管件阀门/阀门	个			304不锈钢3分内外丝球阀	METAL-000146 不锈钢内外丝球阀 阀门/球阀 个 材质：304不锈钢 规格：3分 连接：内外丝 304不锈钢3分内外丝球阀 304不锈钢 3分 内外丝			candidate	needs_review	clarify_specs_before_use	purchase_2024_candidate_rows=2079；purchase_2024_source_rows=2080；draft_sku_id=SKU-DRAFT-002053	缺失规格：压力等级；整理依据：压力等级缺失，会影响球阀SKU区分；导入口径：do_not_import_missing_specs；重分类：阀门/球阀 -> 管材管件阀门/阀门；分类置信度：high；内外丝球阀属于管路阀门，连接形式不另分族。	2026-07-03
METAL-000147	不锈钢内丝球阀	材质：304不锈钢；规格：4分；连接：内丝		管材管件阀门/阀门	个			304不锈钢4分内丝球阀	METAL-000147 不锈钢内丝球阀 阀门/球阀 个 材质：304不锈钢 规格：4分 连接：内丝 304不锈钢4分内丝球阀 304不锈钢 4分 内丝			candidate	needs_review	clarify_specs_before_use	purchase_2024_candidate_rows=2080；purchase_2024_source_rows=2081；draft_sku_id=SKU-DRAFT-002054	缺失规格：压力等级；整理依据：压力等级缺失，会影响球阀SKU区分；导入口径：do_not_import_missing_specs；重分类：阀门/球阀 -> 管材管件阀门/阀门；分类置信度：high；内丝球阀属于管路阀门，材质/连接为规格属性。	2026-07-03
METAL-000148	不锈钢内丝球阀	材质：304不锈钢；规格：3分；连接：内丝		管材管件阀门/阀门	个			304不锈钢3分内丝球阀	METAL-000148 不锈钢内丝球阀 阀门/球阀 个 材质：304不锈钢 规格：3分 连接：内丝 304不锈钢3分内丝球阀 304不锈钢 3分 内丝			candidate	needs_review	clarify_specs_before_use	purchase_2024_candidate_rows=2081；purchase_2024_source_rows=2082；draft_sku_id=SKU-DRAFT-002055	缺失规格：压力等级；整理依据：压力等级缺失，会影响球阀SKU区分；导入口径：do_not_import_missing_specs；重分类：阀门/球阀 -> 管材管件阀门/阀门；分类置信度：high；内丝球阀属于管路阀门，材质/连接为规格属性。	2026-07-03
METAL-000149	不锈钢宝塔球阀	材质：304不锈钢；规格：2分-12mm；连接：宝塔		管材管件阀门/阀门	个			304不锈钢2分-12mm宝塔球阀	METAL-000149 不锈钢宝塔球阀 阀门/球阀 个 材质：304不锈钢 规格：2分-12mm 连接：宝塔 304不锈钢2分-12mm宝塔球阀 304不锈钢 2分-12mm 宝塔			candidate	needs_review	clarify_specs_before_use	purchase_2024_candidate_rows=2082；purchase_2024_source_rows=2083；draft_sku_id=SKU-DRAFT-002056	缺失规格：压力等级；整理依据：压力等级缺失，会影响宝塔球阀SKU区分；导入口径：do_not_import_missing_specs；重分类：阀门/球阀 -> 管材管件阀门/阀门；分类置信度：high；宝塔球阀属于管路阀门，宝塔为连接形式。	2026-07-03
METAL-000150	不锈钢直通快插接头	材质：304不锈钢；型号：QS-1/4-12；类型：直通快插		液压气动/气动接头	个			304不锈钢直通快插接头QS-1/4-12	METAL-000150 不锈钢直通快插接头 气动液压/快插接头 个 材质：304不锈钢 型号：QS-1/4-12 类型：直通快插 304不锈钢直通快插接头QS-1/4-12 304不锈钢 QS-1/4-12 直通快插		QS-1/4-12	candidate	needs_review	clarify_specs_before_use	purchase_2024_candidate_rows=2083；purchase_2024_source_rows=2084；draft_sku_id=SKU-DRAFT-002057	缺失规格：规格；厚度；长度；执行标准；整理依据：螺纹/管径含义缺失，会影响快插接头SKU区分；导入口径：do_not_import_missing_specs；重分类：气动液压/快插接头 -> 液压气动/气动接头；分类置信度：high；直通快插接头属于气动接头，型号为规格差异。	2026-07-03
METAL-000151	不锈钢直通快插接头	材质：304不锈钢；型号：QS-1/4-10；类型：直通快插		液压气动/气动接头	个			304不锈钢直通快插接头QS-1/4-10	METAL-000151 不锈钢直通快插接头 气动液压/快插接头 个 材质：304不锈钢 型号：QS-1/4-10 类型：直通快插 304不锈钢直通快插接头QS-1/4-10 304不锈钢 QS-1/4-10 直通快插		QS-1/4-10	candidate	needs_review	clarify_specs_before_use	purchase_2024_candidate_rows=2084；purchase_2024_source_rows=2085；draft_sku_id=SKU-DRAFT-002058	缺失规格：规格；厚度；长度；执行标准；整理依据：螺纹/管径含义缺失，会影响快插接头SKU区分；导入口径：do_not_import_missing_specs；重分类：气动液压/快插接头 -> 液压气动/气动接头；分类置信度：high；直通快插接头属于气动接头，型号为规格差异。	2026-07-03
METAL-000152	不锈钢直通快插接头	材质：304不锈钢；型号：QS-1/4-8；类型：直通快插		液压气动/气动接头	个			304不锈钢直通快插接头QS-1/4-8	METAL-000152 不锈钢直通快插接头 气动液压/快插接头 个 材质：304不锈钢 型号：QS-1/4-8 类型：直通快插 304不锈钢直通快插接头QS-1/4-8 304不锈钢 QS-1/4-8 直通快插		QS-1/4-8	candidate	needs_review	clarify_specs_before_use	purchase_2024_candidate_rows=2085；purchase_2024_source_rows=2086；draft_sku_id=SKU-DRAFT-002059	缺失规格：规格；厚度；长度；执行标准；整理依据：螺纹/管径含义缺失，会影响快插接头SKU区分；导入口径：do_not_import_missing_specs；重分类：气动液压/快插接头 -> 液压气动/气动接头；分类置信度：high；直通快插接头属于气动接头，型号为规格差异。	2026-07-03
TOOL-000319	自紧钻夹头	品牌：马牌；夹持范围：0.3-16；接口：B18		电动气动工具/工具附件	个			马牌自紧钻夹头0.3-16B18	TOOL-000319 自紧钻夹头 电动工具/电钻配件 个 品牌：马牌 夹持范围：0.3-16 接口：B18 马牌自紧钻夹头0.3-16B18 马牌 0.3-16 B18	马牌		candidate	usable	confirm_before_use	purchase_2024_candidate_rows=2086；purchase_2024_source_rows=2087；draft_sku_id=SKU-DRAFT-002060	缺失规格：型号；整理依据：适配设备未明，按品牌/夹持范围/接口先建候选；导入口径：confirm_then_import；重分类：电动工具/电钻配件 -> 电动气动工具/工具附件；分类置信度：high；自紧钻夹头为电钻工具附件。	2026-07-03
ADMIN-000061	铅笔	规格：2B		清洁办公后勤/办公用品	支			2B铅笔	ADMIN-000061 铅笔 办公用品/书写工具 支 规格：2B 2B铅笔 2B			candidate	usable	confirm_before_use	purchase_2024_candidate_rows=2087；purchase_2024_source_rows=2088；draft_sku_id=SKU-DRAFT-002061	缺失规格：品牌；整理依据：品牌缺失，按2B规格先建候选；导入口径：confirm_then_import；重分类：办公用品/书写工具 -> 清洁办公后勤/办公用品；分类置信度：high；铅笔为办公书写用品。	2026-07-03
CHEM-000149	速凝型堵漏剂	品牌：牛元；特性：速凝型		化工胶粘涂料/密封材料	箱			牛元速凝型堵漏剂	CHEM-000149 速凝型堵漏剂 建材/堵漏材料 箱 品牌：牛元 特性：速凝型 牛元速凝型堵漏剂 牛元 速凝型	牛元		candidate	needs_review	clarify_specs_before_use	purchase_2024_candidate_rows=2088；purchase_2024_source_rows=2089；draft_sku_id=SKU-DRAFT-002062	缺失规格：包装重量；整理依据：每箱数量/包装重量缺失，会影响堵漏剂按箱采购的SKU区分；导入口径：do_not_import_missing_specs；重分类：建材/堵漏材料 -> 化工胶粘涂料/密封材料；分类置信度：high；堵漏剂靠化学材料快速封堵，旧建材分类过粗。	2026-07-03
WELD-000056	不锈钢焊条	材质：不锈钢；直径：Φ2.5		焊接切割/焊接耗材	包			不锈钢焊条Φ2.5	WELD-000056 不锈钢焊条 焊接材料/焊条 包 材质：不锈钢 直径：Φ2.5 不锈钢焊条Φ2.5 不锈钢 Φ2.5			candidate	needs_review	clarify_specs_before_use	purchase_2024_candidate_rows=2089；purchase_2024_source_rows=2090；draft_sku_id=SKU-DRAFT-002063	缺失规格：型号；规格；包装重量；适用工艺；整理依据：牌号/每包重量缺失，会影响焊条SKU区分；导入口径：do_not_import_missing_specs；重分类：焊接材料/焊条 -> 焊接切割/焊接耗材；分类置信度：high；不锈钢焊条属于焊接耗材。	2026-07-03
ELEC-000231	7号电池	品牌：南孚；规格：7号		电气电料/电气辅材	节			南孚电池7号	ELEC-000231 7号电池 电气/电池 节 品牌：南孚 规格：7号 南孚电池7号 南孚 7号	南孚		candidate	needs_review	clarify_specs_before_use	purchase_2024_candidate_rows=2090；purchase_2024_source_rows=2091；draft_sku_id=SKU-DRAFT-002064	缺失规格：容量；整理依据：电池类型/容量缺失，会影响电池SKU区分；导入口径：do_not_import_missing_specs；重分类：电气/电池 -> 电气电料/电气辅材；分类置信度：medium；电池为电气供电辅材；标准无电池二级，用电气辅材承接。	2026-07-03
ELEC-000232	RVVP屏蔽线	型号：RVVP；规格：3*1.5；特性：屏蔽		电气电料/电线电缆	米			RVVP屏蔽线3*1.5	ELEC-000232 RVVP屏蔽线 电气/电线电缆 米 型号：RVVP 规格：3*1.5 特性：屏蔽 RVVP屏蔽线3*1.5 RVVP 3*1.5 屏蔽		RVVP	candidate	needs_review	clarify_specs_before_use	purchase_2024_candidate_rows=2091；purchase_2024_source_rows=2092；draft_sku_id=SKU-DRAFT-002065	缺失规格：品牌；电压；整理依据：品牌/电压等级缺失，会影响屏蔽线SKU区分；导入口径：do_not_import_missing_specs；重分类：电气/电线电缆 -> 电气电料/电线电缆；分类置信度：high；RVVP屏蔽线属于电线电缆，屏蔽为型号特性。	2026-07-03
PIPE-000447	弹簧式安全阀	结构：弹簧式；公称通径：DN20		管材管件阀门/阀门	只			弹簧式安全阀DN20	PIPE-000447 弹簧式安全阀 阀门/安全阀 只 结构：弹簧式 公称通径：DN20 弹簧式安全阀DN20 弹簧式 DN20			candidate	needs_review	clarify_specs_before_use	purchase_2024_candidate_rows=2092；purchase_2024_source_rows=2093；draft_sku_id=SKU-DRAFT-002066	缺失规格：型号；材质；整理依据：整定压力/型号/材质缺失，会影响安全阀SKU区分；导入口径：do_not_import_missing_specs；重分类：阀门/安全阀 -> 管材管件阀门/阀门；分类置信度：high；安全阀属阀门。	2026-07-03
PIPE-000448	铜内丝管接	材质：铜；连接：内丝；规格：20		管材管件阀门/直接	只			铜内丝管接20	PIPE-000448 铜内丝管接 管件/铜管件 只 材质：铜 连接：内丝 规格：20 铜内丝管接20 铜 内丝 20			candidate	needs_review	clarify_specs_before_use	purchase_2024_candidate_rows=2093；purchase_2024_source_rows=2094；draft_sku_id=SKU-DRAFT-002067	缺失规格：压力等级；口径；整理依据：规格20的口径单位/压力等级缺失；导入口径：do_not_import_missing_specs；重分类：管件/铜管件 -> 管材管件阀门/直接；分类置信度：high；内丝管接为铜制直通连接管件。	2026-07-03
PIPE-000449	焊接弯头	连接：焊接；角度：90度；规格：159		管材管件阀门/弯头	只			焊接90度弯头159	PIPE-000449 焊接弯头 管件/焊接管件 只 连接：焊接 角度：90度 规格：159 焊接90度弯头159 焊接 90度 159			candidate	needs_review	clarify_specs_before_use	purchase_2024_candidate_rows=2094；purchase_2024_source_rows=2095；draft_sku_id=SKU-DRAFT-002068	缺失规格：材质；压力等级；壁厚；整理依据：材质/壁厚/压力等级缺失，会影响焊接弯头SKU区分；导入口径：do_not_import_missing_specs；重分类：管件/焊接管件 -> 管材管件阀门/弯头；分类置信度：high；样例均为焊接弯头，工程材料旧类目过宽。	2026-07-03
ELEC-000233	灯座	规格：E27		电气电料/照明灯具	个			E27灯座	ELEC-000233 灯座 电气/照明配件 个 规格：E27 E27灯座 E27			candidate	needs_review	clarify_specs_before_use	purchase_2024_candidate_rows=2095；purchase_2024_source_rows=2096；draft_sku_id=SKU-DRAFT-002069	缺失规格：材质；电流；整理依据：材质/额定电流缺失，会影响灯座SKU区分；导入口径：do_not_import_missing_specs；重分类：电气/照明配件 -> 电气电料/照明灯具；分类置信度：high；灯座属于照明灯具配件。	2026-07-03
PIPE-000450	焊管	规格：2寸；长度：3m；类型：焊管		金属材料/钢管	根			焊管2寸*3m	PIPE-000450 焊管 钢材/钢管 根 规格：2寸 长度：3m 类型：焊管 焊管2寸*3m 2寸 3m			candidate	needs_review	clarify_specs_before_use	purchase_2024_candidate_rows=2096；purchase_2024_source_rows=2097；draft_sku_id=SKU-DRAFT-002070	缺失规格：材质；执行标准；壁厚；整理依据：壁厚/材质/执行标准缺失，会影响焊管SKU区分；导入口径：do_not_import_missing_specs；重分类：钢材/钢管 -> 金属材料/钢管；分类置信度：high；焊管本质为钢管原材。	2026-07-03
FAST-000093	螺丝套件	强度等级：8.8；规格：M16*60；套件组成：平垫+弹垫		紧固件与连接件/螺丝	套			8.8级M16*60螺丝带平 弹垫	FAST-000093 螺丝套件 紧固件/螺丝套件 套 强度等级：8.8 规格：M16*60 套件组成：平垫+弹垫 8.8级M16*60螺丝带平 弹垫 8.8 M16*60 平垫+弹垫			candidate	needs_review	clarify_specs_before_use	purchase_2024_candidate_rows=2097；purchase_2024_source_rows=2098；draft_sku_id=SKU-DRAFT-002071	缺失规格：材质；头型；整理依据：别名写法合并；材质/头型/是否含螺母缺失；导入口径：do_not_import_missing_specs；重分类：紧固件/螺丝套件 -> 紧固件与连接件/螺丝；分类置信度：high；螺丝带平垫弹垫仍属螺丝紧固件。	2026-07-03
FAST-000094	螺丝套件	强度等级：8.8；规格：M20*60；套件组成：平垫+弹垫		紧固件与连接件/螺丝	套			8.8级M20*60螺丝带平 弹垫	FAST-000094 螺丝套件 紧固件/螺丝套件 套 强度等级：8.8 规格：M20*60 套件组成：平垫+弹垫 8.8级M20*60螺丝带平 弹垫 8.8 M20*60 平垫+弹垫			candidate	needs_review	clarify_specs_before_use	purchase_2024_candidate_rows=2098；purchase_2024_source_rows=2099；draft_sku_id=SKU-DRAFT-002072	缺失规格：材质；头型；整理依据：材质/头型/是否含螺母缺失，会影响螺丝套件SKU区分；导入口径：do_not_import_missing_specs；重分类：紧固件/螺丝套件 -> 紧固件与连接件/螺丝；分类置信度：high；螺丝带平垫弹垫仍属螺丝紧固件。	2026-07-03
SPARE-000139	潜水泵	电压：220V；功率：370W；出口：1寸		施工机具设备/泵类设备	台			潜水泵220V/370W-1寸出口	SPARE-000139 潜水泵 设备/泵 台 电压：220V 功率：370W 出口：1寸 潜水泵220V/370W-1寸出口 220V 370W 1寸			candidate	needs_review	clarify_specs_before_use	purchase_2024_candidate_rows=2099；purchase_2024_source_rows=2100；draft_sku_id=SKU-DRAFT-002073	缺失规格：品牌；流量；扬程；整理依据：扬程/流量/品牌缺失，会影响潜水泵SKU区分；导入口径：do_not_import_missing_specs；重分类：设备/泵 -> 施工机具设备/泵类设备；分类置信度：high；潜水泵是整台泵类设备。	2026-07-03
METAL-000153	不锈钢单向阀	材质：304不锈钢；公称通径：DN50		管材管件阀门/阀门	只			304不锈钢单向阀DN50	METAL-000153 不锈钢单向阀 阀门/单向阀 只 材质：304不锈钢 公称通径：DN50 304不锈钢单向阀DN50 304不锈钢 DN50			candidate	needs_review	clarify_specs_before_use	purchase_2024_candidate_rows=2100；purchase_2024_source_rows=2101；draft_sku_id=SKU-DRAFT-002074	缺失规格：压力等级；整理依据：压力等级/连接形式缺失，会影响单向阀SKU区分；导入口径：do_not_import_missing_specs；重分类：阀门/单向阀 -> 管材管件阀门/阀门；分类置信度：high；单向阀属于管路阀门，材质/口径是规格。	2026-07-03
FAST-000095	内六角螺丝套件	材质：不锈钢；头型：内六角；规格：M5*30；套件组成：平垫+弹垫		紧固件与连接件/螺丝	套			不锈钢内六角螺丝M5*30带平弹垫	FAST-000095 内六角螺丝套件 紧固件/螺丝套件 套 材质：不锈钢 头型：内六角 规格：M5*30 套件组成：平垫+弹垫 不锈钢内六角螺丝M5*30带平弹垫 不锈钢 内六角 M5*30 平垫+弹垫			candidate	needs_review	clarify_specs_before_use	purchase_2024_candidate_rows=2101；purchase_2024_source_rows=2102；draft_sku_id=SKU-DRAFT-002075	缺失规格：强度等级；表面处理；整理依据：不锈钢牌号/是否含螺母缺失，会影响螺丝套件SKU区分；导入口径：do_not_import_missing_specs；重分类：紧固件/螺丝套件 -> 紧固件与连接件/螺丝；分类置信度：high；内六角螺丝套件仍按螺丝类紧固件管理。	2026-07-03
FAST-000096	内六角螺丝套件	材质：不锈钢；头型：内六角；规格：M5*10；套件组成：平垫+弹垫		紧固件与连接件/螺丝	套			不锈钢内六角螺丝M5*10带平弹垫	FAST-000096 内六角螺丝套件 紧固件/螺丝套件 套 材质：不锈钢 头型：内六角 规格：M5*10 套件组成：平垫+弹垫 不锈钢内六角螺丝M5*10带平弹垫 不锈钢 内六角 M5*10 平垫+弹垫			candidate	needs_review	clarify_specs_before_use	purchase_2024_candidate_rows=2102；purchase_2024_source_rows=2103；draft_sku_id=SKU-DRAFT-002076	缺失规格：强度等级；表面处理；整理依据：不锈钢牌号/是否含螺母缺失，会影响螺丝套件SKU区分；导入口径：do_not_import_missing_specs；重分类：紧固件/螺丝套件 -> 紧固件与连接件/螺丝；分类置信度：high；内六角螺丝套件仍按螺丝类紧固件管理。	2026-07-03
FAST-000097	内六角螺丝套件	材质：不锈钢；头型：内六角；规格：M5*16；套件组成：平垫+弹垫		紧固件与连接件/螺丝	套			不锈钢内六角螺丝M5*16带平弹垫	FAST-000097 内六角螺丝套件 紧固件/螺丝套件 套 材质：不锈钢 头型：内六角 规格：M5*16 套件组成：平垫+弹垫 不锈钢内六角螺丝M5*16带平弹垫 不锈钢 内六角 M5*16 平垫+弹垫			candidate	needs_review	clarify_specs_before_use	purchase_2024_candidate_rows=2103；purchase_2024_source_rows=2104；draft_sku_id=SKU-DRAFT-002077	缺失规格：强度等级；表面处理；整理依据：不锈钢牌号/是否含螺母缺失，会影响螺丝套件SKU区分；导入口径：do_not_import_missing_specs；重分类：紧固件/螺丝套件 -> 紧固件与连接件/螺丝；分类置信度：high；内六角螺丝套件仍按螺丝类紧固件管理。	2026-07-03
METAL-000154	不锈钢螺母	材质：不锈钢；规格：M5		紧固件与连接件/螺母	只			不锈钢M5螺母	METAL-000154 不锈钢螺母 紧固件/螺母 只 材质：不锈钢 规格：M5 不锈钢M5螺母 不锈钢 M5			candidate	needs_review	clarify_specs_before_use	purchase_2024_candidate_rows=2104；purchase_2024_source_rows=2105；draft_sku_id=SKU-DRAFT-002078	缺失规格：厚度；长度；执行标准；整理依据：不锈钢牌号/牙距缺失，会影响螺母SKU区分；导入口径：do_not_import_missing_specs；重分类：紧固件/螺母 -> 紧固件与连接件/螺母；分类置信度：high；不锈钢螺母属于螺母类紧固件。	2026-07-03
FAST-000098	不锈钢螺丝套件	材质：不锈钢；规格：M6*20；套件组成：平垫+弹垫		紧固件与连接件/螺丝	套			不锈钢M6*20螺丝带平弹垫	FAST-000098 不锈钢螺丝套件 紧固件/螺丝套件 套 材质：不锈钢 规格：M6*20 套件组成：平垫+弹垫 不锈钢M6*20螺丝带平弹垫 不锈钢 M6*20 平垫+弹垫			candidate	needs_review	clarify_specs_before_use	purchase_2024_candidate_rows=2105；purchase_2024_source_rows=2106；draft_sku_id=SKU-DRAFT-002079	缺失规格：强度等级；头型；表面处理；整理依据：头型/不锈钢牌号/是否含螺母缺失，会影响螺丝套件SKU区分；导入口径：do_not_import_missing_specs；重分类：紧固件/螺丝套件 -> 紧固件与连接件/螺丝；分类置信度：high；螺丝套件仍按螺丝类紧固件管理。	2026-07-03
CHEM-000150	脱漆剂	类型：脱漆剂		化工胶粘涂料/清洗剂	瓶			脱漆剂	CHEM-000150 脱漆剂 化工耗材/脱漆剂 瓶 类型：脱漆剂			candidate	needs_review	clarify_specs_before_use	purchase_2024_candidate_rows=2106；purchase_2024_source_rows=2107；draft_sku_id=SKU-DRAFT-002080	缺失规格：品牌；容量；整理依据：品牌/容量缺失，无法稳定区分脱漆剂SKU；SDS需补充用于化学品管理；导入口径：do_not_import_missing_specs；重分类：化工耗材/脱漆剂 -> 化工胶粘涂料/清洗剂；分类置信度：high；脱漆剂用于漆膜清除，按化工清洗剂处理。	2026-07-03
MAT-000224	油布	特征：加厚；尺寸：6m*6m		包装覆盖周转/覆盖材料	块			加厚油布6m*6m	MAT-000224 油布 覆盖材料/油布 块 特征：加厚 尺寸：6m*6m 加厚油布6m*6m 加厚 6m*6m			candidate	needs_review	clarify_specs_before_use	purchase_2024_candidate_rows=2107；purchase_2024_source_rows=2108；draft_sku_id=SKU-DRAFT-002081	缺失规格：材质；整理依据：材质/克重/防水等级缺失，会影响油布SKU区分；导入口径：do_not_import_missing_specs；重分类：覆盖材料/油布 -> 包装覆盖周转/覆盖材料；分类置信度：high；油布用于覆盖防护，旧劳保耗材不应作为分类。	2026-07-03
FAST-000099	全螺纹丝杆	强度等级：10.9；规格：M12*1m；螺纹形式：全牙		紧固件与连接件/螺杆	根			10.9级M12*1m全芽丝杆	FAST-000099 全螺纹丝杆 紧固件/螺杆 根 强度等级：10.9 规格：M12*1m 螺纹形式：全牙 10.9级M12*1m全芽丝杆 10.9 M12*1m 全牙			candidate	needs_review	clarify_specs_before_use	purchase_2024_candidate_rows=2108；purchase_2024_source_rows=2109；draft_sku_id=SKU-DRAFT-002082	缺失规格：材质；表面处理；整理依据：原称“全芽”按全牙归一；材质/表面处理缺失，会影响丝杆SKU区分；导入口径：do_not_import_missing_specs；重分类：紧固件/螺杆 -> 紧固件与连接件/螺杆；分类置信度：high；全螺纹丝杆属于螺杆类紧固连接件。	2026-07-03
SAFE-000118	五点式安全带	类型：五点式		劳保防护/高处防护	副			五点式安全带	SAFE-000118 五点式安全带 安全防护/安全带 副 类型：五点式 五点式			candidate	needs_review	clarify_specs_before_use	purchase_2024_candidate_rows=2109；purchase_2024_source_rows=2110；draft_sku_id=SKU-DRAFT-002083	缺失规格：执行标准；整理依据：执行标准/承载等级缺失，会影响安全带SKU区分；导入口径：do_not_import_missing_specs；重分类：安全防护/安全带 -> 劳保防护/高处防护；分类置信度：high；五点式安全带是人员高处防坠防护用品。	2026-07-03
FAST-000100	螺丝套件	强度等级：8.8；规格：M20*200；套件组成：平垫+弹垫		紧固件与连接件/螺丝	套			8.8级M20*200螺丝带平 弹垫	FAST-000100 螺丝套件 紧固件/螺丝套件 套 强度等级：8.8 规格：M20*200 套件组成：平垫+弹垫 8.8级M20*200螺丝带平 弹垫 8.8 M20*200 平垫+弹垫			candidate	needs_review	clarify_specs_before_use	purchase_2024_candidate_rows=2110；purchase_2024_source_rows=2111；draft_sku_id=SKU-DRAFT-002084	缺失规格：材质；头型；整理依据：材质/头型/是否含螺母缺失，会影响螺丝套件SKU区分；导入口径：do_not_import_missing_specs；重分类：紧固件/螺丝套件 -> 紧固件与连接件/螺丝；分类置信度：high；螺丝带平垫弹垫仍属螺丝紧固件。	2026-07-03
PIPE-000451	镀锌外丝直接	表面：镀锌；连接：外丝；规格：6分；长度：100mm		管材管件阀门/直接	只			镀锌外丝直接6分*100mm	PIPE-000451 镀锌外丝直接 管件/镀锌管件 只 表面：镀锌 连接：外丝 规格：6分 长度：100mm 镀锌外丝直接6分*100mm 镀锌 外丝 6分 100mm			candidate	needs_review	clarify_specs_before_use	purchase_2024_candidate_rows=2111；purchase_2024_source_rows=2112；draft_sku_id=SKU-DRAFT-002085	缺失规格：材质；压力等级；整理依据：材质/压力等级缺失，会影响镀锌外丝直接SKU区分；导入口径：do_not_import_missing_specs；重分类：管件/镀锌管件 -> 管材管件阀门/直接；分类置信度：high；外丝直接属于直接管件。	2026-07-03
METAL-000155	不锈钢双外丝变径接头	材质：304不锈钢；连接：双外丝；规格：2寸/1.5寸		管材管件阀门/直接	只			304不锈钢双外丝变径2寸/1.5寸	METAL-000155 不锈钢双外丝变径接头 管件/不锈钢管件 只 材质：304不锈钢 连接：双外丝 规格：2寸/1.5寸 304不锈钢双外丝变径2寸/1.5寸 304不锈钢 双外丝 2寸/1.5寸			candidate	needs_review	clarify_specs_before_use	purchase_2024_candidate_rows=2112；purchase_2024_source_rows=2113；draft_sku_id=SKU-DRAFT-002086	缺失规格：压力等级；整理依据：压力等级缺失，会影响变径接头SKU区分；导入口径：do_not_import_missing_specs；重分类：管件/不锈钢管件 -> 管材管件阀门/直接；分类置信度：high；双外丝变径接头是管路直连接头，规格变径不另拆。	2026-07-03
METAL-000156	不锈钢双外丝变径接头	材质：304不锈钢；连接：双外丝；规格：1.5寸/1.2寸		管材管件阀门/直接	只			304不锈钢双外丝变径1.5寸/1.2寸	METAL-000156 不锈钢双外丝变径接头 管件/不锈钢管件 只 材质：304不锈钢 连接：双外丝 规格：1.5寸/1.2寸 304不锈钢双外丝变径1.5寸/1.2寸 304不锈钢 双外丝 1.5寸/1.2寸			candidate	needs_review	clarify_specs_before_use	purchase_2024_candidate_rows=2113；purchase_2024_source_rows=2114；draft_sku_id=SKU-DRAFT-002087	缺失规格：压力等级；整理依据：压力等级缺失，会影响变径接头SKU区分；导入口径：do_not_import_missing_specs；重分类：管件/不锈钢管件 -> 管材管件阀门/直接；分类置信度：high；双外丝变径接头是管路直连接头，规格变径不另拆。	2026-07-03
PIPE-000452	泥浆管接头加工件	定制：是；用途：泥浆管；连接：焊接；管径：Φ168		定制加工件/管路接头	个			加工焊接泥浆管接头Φ168	PIPE-000452 泥浆管接头加工件 定制件/管路接头 个 定制：是 用途：泥浆管 连接：焊接 管径：Φ168 加工焊接泥浆管接头Φ168 是 泥浆管 焊接 Φ168			candidate	needs_review	clarify_specs_before_use	purchase_2024_candidate_rows=2114；purchase_2024_source_rows=2115；draft_sku_id=SKU-DRAFT-002088	缺失规格：材质；壁厚；整理依据：定制管路接头；材质/壁厚/图纸缺失，会影响加工件SKU区分；导入口径：do_not_import_missing_specs；重分类：定制件/管路接头 -> 定制加工件/管路接头；分类置信度：high；焊接泥浆管接头为定制管路接头。	2026-07-03
MAT-000225	轴向压力表	类型：轴向；仪表类型：压力表		工具量具/检测仪器	只			轴向压力表	MAT-000225 轴向压力表 仪表/压力仪表 只 类型：轴向 仪表类型：压力表 轴向 压力表			candidate	needs_review	clarify_specs_before_use	purchase_2024_candidate_rows=2115；purchase_2024_source_rows=2116；draft_sku_id=SKU-DRAFT-002089	缺失规格：量程；整理依据：量程/接口/表径缺失，无法稳定区分压力表SKU；导入口径：do_not_import_missing_specs；重分类：仪表/压力仪表 -> 工具量具/检测仪器；分类置信度：medium；压力表用于压力检测，标准无仪表一级，归检测仪器。	2026-07-03
PIPE-000453	PVC钢丝软管	材质：PVC；结构：钢丝增强；规格：1寸		管材管件阀门/管材	米			PVC钢丝软管1寸	PIPE-000453 PVC钢丝软管 管材/塑料软管 米 材质：PVC 结构：钢丝增强 规格：1寸 PVC钢丝软管1寸 PVC 钢丝增强 1寸			candidate	needs_review	clarify_specs_before_use	purchase_2024_candidate_rows=2116；purchase_2024_source_rows=2117；draft_sku_id=SKU-DRAFT-002090	缺失规格：压力等级；壁厚；整理依据：压力等级/壁厚缺失，会影响PVC钢丝软管SKU区分；导入口径：do_not_import_missing_specs；重分类：管材/塑料软管 -> 管材管件阀门/管材；分类置信度：high；PVC钢丝软管属于软管管材。	2026-07-03
PIPE-000454	卡箍	规格：50；类型：卡箍		紧固件与连接件/管卡	只			卡箍50	PIPE-000454 卡箍 管夹/卡箍 只 规格：50 类型：卡箍 卡箍50 50			candidate	needs_review	clarify_specs_before_use	purchase_2024_candidate_rows=2117；purchase_2024_source_rows=2118；draft_sku_id=SKU-DRAFT-002091	缺失规格：材质；整理依据：材质/适配管径缺失；规格50含义需确认；导入口径：do_not_import_missing_specs；重分类：管夹/卡箍 -> 紧固件与连接件/管卡；分类置信度：high；卡箍用于管道夹持固定，归管卡。	2026-07-03
PIPE-000455	镀锌外丝直接	表面：镀锌；连接：外丝；规格：1寸；长度：100mm		管材管件阀门/直接	只			镀锌外丝直接1寸*100mm	PIPE-000455 镀锌外丝直接 管件/镀锌管件 只 表面：镀锌 连接：外丝 规格：1寸 长度：100mm 镀锌外丝直接1寸*100mm 镀锌 外丝 1寸 100mm			candidate	needs_review	clarify_specs_before_use	purchase_2024_candidate_rows=2118；purchase_2024_source_rows=2119；draft_sku_id=SKU-DRAFT-002092	缺失规格：材质；压力等级；整理依据：材质/压力等级缺失，会影响镀锌外丝直接SKU区分；导入口径：do_not_import_missing_specs；重分类：管件/镀锌管件 -> 管材管件阀门/直接；分类置信度：high；外丝直接属于直接管件。	2026-07-03
PIPE-000456	镀锌变径接头	表面：镀锌；规格：1寸/6分；类型：大小头/变径		管材管件阀门/变径接头	只			镀锌大小头1寸/6分	PIPE-000456 镀锌变径接头 管件/镀锌管件 只 表面：镀锌 规格：1寸/6分 类型：大小头/变径 镀锌大小头1寸/6分 镀锌 1寸/6分 大小头/变径			candidate	needs_review	clarify_specs_before_use	purchase_2024_candidate_rows=2119；purchase_2024_source_rows=2120；draft_sku_id=SKU-DRAFT-002093	缺失规格：压力等级；整理依据：连接形式/压力等级缺失，会影响镀锌变径接头SKU区分；导入口径：do_not_import_missing_specs；重分类：管件/镀锌管件 -> 管材管件阀门/变径接头；分类置信度：high；新建二级变径接头；大小头属于变径连接管件。	2026-07-03
METAL-000157	不锈钢外丝变径接头	材质：304不锈钢；连接：外丝；规格：6分/4分		管材管件阀门/直接	只			304不锈钢外丝变径6分/4分	METAL-000157 不锈钢外丝变径接头 管件/不锈钢管件 只 材质：304不锈钢 连接：外丝 规格：6分/4分 304不锈钢外丝变径6分/4分 304不锈钢 外丝 6分/4分			candidate	needs_review	clarify_specs_before_use	purchase_2024_candidate_rows=2120；purchase_2024_source_rows=2121；draft_sku_id=SKU-DRAFT-002094	缺失规格：压力等级；整理依据：压力等级缺失，会影响变径接头SKU区分；导入口径：do_not_import_missing_specs；重分类：管件/不锈钢管件 -> 管材管件阀门/直接；分类置信度：high；外丝变径接头是管路直连接头，规格变径不另拆。	2026-07-03
SAFE-000119	防护罩加工件	定制：是；尺寸：1.2m*2.7m*0.8m		定制加工件/图纸件	件			加工防护罩1.2米*2.7米*0.8米	SAFE-000119 防护罩加工件 定制件/防护罩 件 定制：是 尺寸：1.2m*2.7m*0.8m 加工防护罩1.2米*2.7米*0.8米 是 1.2m*2.7m*0.8m			candidate	needs_review	clarify_specs_before_use	purchase_2024_candidate_rows=2121；purchase_2024_source_rows=2122；draft_sku_id=SKU-DRAFT-002095	缺失规格：材质；整理依据：定制防护罩；材质/图纸/用途缺失，会影响加工件SKU区分；导入口径：do_not_import_missing_specs；重分类：定制件/防护罩 -> 定制加工件/图纸件；分类置信度：medium；定制防护罩按图纸加工件处理，材质未明。	2026-07-03
FAST-000101	橡胶垫片	材质：橡胶；规格：50		紧固件与连接件/垫圈	个			橡胶垫片50	FAST-000101 橡胶垫片 密封件/垫片 个 材质：橡胶 规格：50 橡胶垫片50 橡胶 50			candidate	needs_review	clarify_specs_before_use	purchase_2024_candidate_rows=2122；purchase_2024_source_rows=2123；draft_sku_id=SKU-DRAFT-002096	缺失规格：厚度；整理依据：内径/外径/厚度缺失；规格50含义需确认；导入口径：do_not_import_missing_specs；重分类：密封件/垫片 -> 紧固件与连接件/垫圈；分类置信度：medium；橡胶垫片按垫片/垫圈连接密封件归类。	2026-07-03
CHEM-000151	螺纹锁固胶	品牌：乐泰；型号：243		化工胶粘涂料/胶粘剂	瓶			乐泰243胶水	CHEM-000151 螺纹锁固胶 胶粘剂/螺纹锁固胶 瓶 品牌：乐泰 型号：243 乐泰243胶水 乐泰 243	乐泰	243	candidate	usable	confirm_before_use	purchase_2024_candidate_rows=2123；purchase_2024_source_rows=2124；draft_sku_id=SKU-DRAFT-002097	缺失规格：容量；整理依据：容量/包装单位需确认，按品牌型号先建候选；导入口径：confirm_then_import；重分类：胶粘剂/螺纹锁固胶 -> 化工胶粘涂料/胶粘剂；分类置信度：high；螺纹锁固胶属于胶粘剂。	2026-07-03
CHEM-000152	发泡胶	类型：发泡胶		化工胶粘涂料/密封材料	瓶			发泡胶	CHEM-000152 发泡胶 胶粘剂/发泡胶 瓶 类型：发泡胶			candidate	needs_review	clarify_specs_before_use	purchase_2024_candidate_rows=2124；purchase_2024_source_rows=2125；draft_sku_id=SKU-DRAFT-002098	缺失规格：品牌；容量；整理依据：品牌/容量/阻燃等级缺失，无法稳定区分发泡胶SKU；导入口径：do_not_import_missing_specs；重分类：胶粘剂/发泡胶 -> 化工胶粘涂料/密封材料；分类置信度：high；发泡胶用于填缝密封，品牌规格不拆分。	2026-07-03
ADMIN-000062	复合吸油棉	材质/类型：复合；尺寸：400*500*5		清洁办公后勤/清洁耗材	张			复合吸油棉400*500*5	ADMIN-000062 复合吸油棉 清洁耗材/吸油棉 张 材质/类型：复合 尺寸：400*500*5 复合吸油棉400*500*5 复合 400*500*5			candidate	needs_review	clarify_specs_before_use	purchase_2024_candidate_rows=2125；purchase_2024_source_rows=2126；draft_sku_id=SKU-DRAFT-002099	缺失规格：材质；整理依据：尺寸单位未明；吸油量/材质等级缺失，会影响吸油棉SKU区分；导入口径：do_not_import_missing_specs；重分类：清洁耗材/吸油棉 -> 清洁办公后勤/清洁耗材；分类置信度：high；复合吸油棉用于吸油清洁。	2026-07-03
PIPE-000457	PVC管加工件	定制：是；材质：PVC；直径：Φ200；长度：1.5m		定制加工件/管路接头	根			加工PVC管Φ200*1.5m	PIPE-000457 PVC管加工件 定制件/塑料管加工件 根 定制：是 材质：PVC 直径：Φ200 长度：1.5m 加工PVC管Φ200*1.5m 是 PVC Φ200 1.5m			candidate	needs_review	clarify_specs_before_use	purchase_2024_candidate_rows=2126；purchase_2024_source_rows=2127；draft_sku_id=SKU-DRAFT-002100	缺失规格：壁厚；整理依据：定制PVC管；壁厚/用途/图纸缺失，会影响加工件SKU区分；导入口径：do_not_import_missing_specs；重分类：定制件/塑料管加工件 -> 定制加工件/管路接头；分类置信度：high；样例标注加工PVC管，按定制管路件。	2026-07-03
PIPE-000458	PVC直接	材质：PVC；直径：Φ200；类型：直接		管材管件阀门/直接	只			PVC管Φ200直接	PIPE-000458 PVC直接 管件/PVC管件 只 材质：PVC 直径：Φ200 类型：直接 PVC管Φ200直接 PVC Φ200 直接			candidate	needs_review	clarify_specs_before_use	purchase_2024_candidate_rows=2127；purchase_2024_source_rows=2128；draft_sku_id=SKU-DRAFT-002101	缺失规格：压力等级；连接方式；整理依据：压力等级/连接方式缺失，会影响PVC直接SKU区分；导入口径：do_not_import_missing_specs；重分类：管件/PVC管件 -> 管材管件阀门/直接；分类置信度：high；PVC直接是标准直连管件。	2026-07-03
CHEM-000153	PVC胶水	用途：PVC粘接		化工胶粘涂料/胶粘剂	瓶			PVC胶水	CHEM-000153 PVC胶水 胶粘剂/PVC胶水 瓶 用途：PVC粘接 PVC粘接			candidate	needs_review	clarify_specs_before_use	purchase_2024_candidate_rows=2128；purchase_2024_source_rows=2129；draft_sku_id=SKU-DRAFT-002102	缺失规格：品牌；容量；整理依据：与同类PVC胶水可合并；品牌/容量缺失，无法稳定区分SKU；导入口径：do_not_import_missing_specs；重分类：胶粘剂/PVC胶水 -> 化工胶粘涂料/胶粘剂；分类置信度：high；PVC胶水用于管材粘接，属于胶粘剂。	2026-07-03
FAST-000102	膨胀螺丝	规格：Φ10		紧固件与连接件/膨胀锚栓	支			膨胀螺丝Φ10	FAST-000102 膨胀螺丝 紧固件/膨胀螺丝 支 规格：Φ10 膨胀螺丝Φ10 Φ10			candidate	needs_review	clarify_specs_before_use	purchase_2024_candidate_rows=2129；purchase_2024_source_rows=2130；draft_sku_id=SKU-DRAFT-002103	缺失规格：材质；长度；整理依据：长度/材质缺失，会影响膨胀螺丝SKU区分；导入口径：do_not_import_missing_specs；重分类：紧固件/膨胀螺丝 -> 紧固件与连接件/膨胀锚栓；分类置信度：high；样例均为膨胀螺丝，五金备件旧口径过宽。	2026-07-03
PIPE-000459	镀锌骑马卡	表面：镀锌；规格：Φ200；类型：骑马卡		紧固件与连接件/管卡	个			镀锌骑马卡Φ200	PIPE-000459 镀锌骑马卡 管夹/管路固定件 个 表面：镀锌 规格：Φ200 类型：骑马卡 镀锌骑马卡Φ200 镀锌 Φ200 骑马卡			candidate	needs_review	clarify_specs_before_use	purchase_2024_candidate_rows=2130；purchase_2024_source_rows=2131；draft_sku_id=SKU-DRAFT-002104	缺失规格：材质；整理依据：材质/孔距缺失，会影响骑马卡SKU区分；导入口径：do_not_import_missing_specs；重分类：管夹/管路固定件 -> 紧固件与连接件/管卡；分类置信度：high；骑马卡用于管路固定，归管卡。	2026-07-03
METAL-000158	不锈钢排气阀	材质：不锈钢；特征：大帽		管材管件阀门/阀门	只			不锈钢大帽排气阀	METAL-000158 不锈钢排气阀 阀门/排气阀 只 材质：不锈钢 特征：大帽 不锈钢大帽排气阀 不锈钢 大帽			candidate	needs_review	clarify_specs_before_use	purchase_2024_candidate_rows=2131；purchase_2024_source_rows=2132；draft_sku_id=SKU-DRAFT-002105	缺失规格：规格；压力等级；整理依据：规格/压力等级缺失，无法稳定区分排气阀SKU；导入口径：do_not_import_missing_specs；重分类：阀门/排气阀 -> 管材管件阀门/阀门；分类置信度：high；排气阀属于管路阀门。	2026-07-03
FAST-000103	自攻螺丝	规格：M4		紧固件与连接件/螺丝	只			自攻螺丝M4	FAST-000103 自攻螺丝 紧固件/自攻螺丝 只 规格：M4 自攻螺丝M4 M4			candidate	needs_review	clarify_specs_before_use	purchase_2024_candidate_rows=2132；purchase_2024_source_rows=2133；draft_sku_id=SKU-DRAFT-002106	缺失规格：材质；长度；头型；整理依据：长度/头型/材质缺失，无法稳定区分自攻螺丝SKU；导入口径：do_not_import_missing_specs；重分类：紧固件/自攻螺丝 -> 紧固件与连接件/螺丝；分类置信度：high；自攻螺丝属于螺丝类紧固件。	2026-07-03
MAT-000226	遮阳伞	类型：大遮阳伞；规格：2.2m		清洁办公后勤/生活用品	把			大遮阳伞2.2m	MAT-000226 遮阳伞 行政后勤/生活用品 把 类型：大遮阳伞 规格：2.2m 大遮阳伞2.2m 大遮阳伞 2.2m			candidate	needs_review	clarify_specs_before_use	purchase_2024_candidate_rows=2133；purchase_2024_source_rows=2134；draft_sku_id=SKU-DRAFT-002107	缺失规格：材质；整理依据：材质/底座是否包含缺失，会影响遮阳伞SKU区分；导入口径：do_not_import_missing_specs；重分类：行政后勤/生活用品 -> 清洁办公后勤/生活用品；分类置信度：high；遮阳伞为现场后勤生活用品。	2026-07-03
TOOL-000320	尖嘴钳	品牌：世达；类型：尖嘴钳；规格：6寸		工具量具/手动工具	把			世达尖嘴钳6寸	TOOL-000320 尖嘴钳 工具/手动工具 把 品牌：世达 类型：尖嘴钳 规格：6寸 世达尖嘴钳6寸 世达 6寸	世达		candidate	usable	confirm_before_use	purchase_2024_candidate_rows=2134；purchase_2024_source_rows=2135；draft_sku_id=SKU-DRAFT-002108	缺失规格：型号；整理依据：型号缺失，按品牌/类型/尺寸先建候选；导入口径：confirm_then_import；重分类：工具/手动工具 -> 工具量具/手动工具；分类置信度：high；尖嘴钳属手动工具。	2026-07-03
FAST-000104	钻尾螺丝	规格：M5.5*80；包装：大盒		紧固件与连接件/螺丝	盒			钻尾螺丝M5.5*80大盒	FAST-000104 钻尾螺丝 紧固件/钻尾螺丝 盒 规格：M5.5*80 包装：大盒 钻尾螺丝M5.5*80大盒 M5.5*80 大盒			candidate	needs_review	clarify_specs_before_use	purchase_2024_candidate_rows=2135；purchase_2024_source_rows=2136；draft_sku_id=SKU-DRAFT-002109	缺失规格：材质；整理依据：每盒数量/材质缺失，会影响按盒采购的钻尾螺丝SKU区分；导入口径：do_not_import_missing_specs；重分类：紧固件/钻尾螺丝 -> 紧固件与连接件/螺丝；分类置信度：high；钻尾螺丝是螺丝类紧固件。	2026-07-03
ADMIN-000063	垃圾袋	尺寸：1m*1.2m		清洁办公后勤/清洁耗材	条			垃圾袋1m*1.2m	ADMIN-000063 垃圾袋 行政后勤/清洁用品 条 尺寸：1m*1.2m 垃圾袋1m*1.2m 1m*1.2m			candidate	needs_review	clarify_specs_before_use	purchase_2024_candidate_rows=2136；purchase_2024_source_rows=2137；draft_sku_id=SKU-DRAFT-002110	缺失规格：厚度；每包数量；整理依据：厚度/每包数量缺失，会影响垃圾袋SKU区分；导入口径：do_not_import_missing_specs；重分类：行政后勤/清洁用品 -> 清洁办公后勤/清洁耗材；分类置信度：high；垃圾袋是清洁消耗品，旧劳保耗材错误。	2026-07-03
TOOL-000321	钻头	直径：Φ14；长度：150		工具耗材/钻头	支			钻头Φ14*150	TOOL-000321 钻头 工具/钻头 支 直径：Φ14 长度：150 钻头Φ14*150 Φ14 150			candidate	needs_review	clarify_specs_before_use	purchase_2024_candidate_rows=2137；purchase_2024_source_rows=2138；draft_sku_id=SKU-DRAFT-002111	缺失规格：材质；整理依据：长度单位未明；柄型/材质缺失，会影响钻头SKU区分；导入口径：do_not_import_missing_specs；重分类：工具/钻头 -> 工具耗材/钻头；分类置信度：high；样例均为钻头类耗材，规格材质不拆物料族。	2026-07-03
MAT-000227	编织袋	尺寸：0.8m*1.2m		包装覆盖周转/包装袋	条			编织袋0.8m*1.2m	MAT-000227 编织袋 包装材料/编织袋 条 尺寸：0.8m*1.2m 编织袋0.8m*1.2m 0.8m*1.2m			candidate	needs_review	clarify_specs_before_use	purchase_2024_candidate_rows=2138；purchase_2024_source_rows=2139；draft_sku_id=SKU-DRAFT-002112	缺失规格：材质；整理依据：承重/材质缺失，会影响编织袋SKU区分；导入口径：do_not_import_missing_specs；重分类：包装材料/编织袋 -> 包装覆盖周转/包装袋；分类置信度：high；编织袋属于包装袋。	2026-07-03
FAST-000105	内六角螺丝套件	强度等级：8.8；头型：内六角；规格：M10*50；套件组成：螺母		紧固件与连接件/螺丝	套			8.8级内六角螺丝M10*50带螺母	FAST-000105 内六角螺丝套件 紧固件/螺丝套件 套 强度等级：8.8 头型：内六角 规格：M10*50 套件组成：螺母 8.8级内六角螺丝M10*50带螺母 8.8 内六角 M10*50 螺母			candidate	needs_review	clarify_specs_before_use	purchase_2024_candidate_rows=2139；purchase_2024_source_rows=2140；draft_sku_id=SKU-DRAFT-002113	缺失规格：材质；整理依据：材质/平垫和弹垫是否包含缺失，会影响螺丝套件SKU区分；导入口径：do_not_import_missing_specs；重分类：紧固件/螺丝套件 -> 紧固件与连接件/螺丝；分类置信度：high；内六角螺丝套件仍按螺丝类紧固件管理。	2026-07-03
SPARE-000140	供水增压泵	用途：供水增压		施工机具设备/泵类设备	台			供水增压泵	SPARE-000140 供水增压泵 设备/泵 台 用途：供水增压 供水增压			candidate	needs_review	clarify_specs_before_use	purchase_2024_candidate_rows=2140；purchase_2024_source_rows=2141；draft_sku_id=SKU-DRAFT-002114	缺失规格：功率；流量；扬程；整理依据：流量/扬程/功率缺失，无法稳定区分增压泵SKU；导入口径：do_not_import_missing_specs；重分类：设备/泵 -> 施工机具设备/泵类设备；分类置信度：high；供水增压泵是泵类设备整机。	2026-07-03
SPARE-000141	水泵自动控制开关	用途：水泵自动控制		电气电料/低压电器	台			水泵自动控制开关	SPARE-000141 水泵自动控制开关 电气/泵控制 台 用途：水泵自动控制 水泵自动控制			candidate	needs_review	clarify_specs_before_use	purchase_2024_candidate_rows=2141；purchase_2024_source_rows=2142；draft_sku_id=SKU-DRAFT-002115	缺失规格：电压；电流；整理依据：电压/电流/控制方式缺失，无法稳定区分控制开关SKU；导入口径：do_not_import_missing_specs；重分类：电气/泵控制 -> 电气电料/低压电器；分类置信度：high；水泵自动控制开关属于低压控制电器。	2026-07-03
METAL-000159	不锈钢保温水箱	容量：5T；材质：不锈钢；形状：圆形；特性：保温		施工机具设备/水箱容器	个			5T不锈钢圆形保温水箱	METAL-000159 不锈钢保温水箱 容器/水箱 个 容量：5T 材质：不锈钢 形状：圆形 特性：保温 5T不锈钢圆形保温水箱 5T 不锈钢 圆形 保温			candidate	needs_review	clarify_specs_before_use	purchase_2024_candidate_rows=2142；purchase_2024_source_rows=2143；draft_sku_id=SKU-DRAFT-002116	缺失规格：尺寸；整理依据：尺寸/板厚/保温层缺失，会影响水箱SKU区分；导入口径：do_not_import_missing_specs；重分类：容器/水箱 -> 施工机具设备/水箱容器；分类置信度：medium；5T保温水箱是现场供水容器设备；推荐二级无水箱容器，新增二级。	2026-07-03
METAL-000160	不锈钢补水球阀	材质：不锈钢；用途：补水；规格：4寸		管材管件阀门/阀门	只			4寸不锈钢补水球阀	METAL-000160 不锈钢补水球阀 阀门/球阀 只 材质：不锈钢 用途：补水 规格：4寸 4寸不锈钢补水球阀 不锈钢 补水 4寸			candidate	needs_review	clarify_specs_before_use	purchase_2024_candidate_rows=2143；purchase_2024_source_rows=2144；draft_sku_id=SKU-DRAFT-002117	缺失规格：压力等级；连接方式；整理依据：压力等级/连接方式缺失，会影响球阀SKU区分；导入口径：do_not_import_missing_specs；重分类：阀门/球阀 -> 管材管件阀门/阀门；分类置信度：high；补水球阀属于管路阀门，用途不改变分类。	2026-07-03
PIPE-000460	PPR截止阀	品牌：公元；材质：PPR；规格：32；类型：截止阀		管材管件阀门/阀门	只			公元PPR32截止阀	PIPE-000460 PPR截止阀 管件/PPR管件 只 品牌：公元 材质：PPR 规格：32 类型：截止阀 公元PPR32截止阀 公元 PPR 32 截止阀	公元		candidate	needs_review	clarify_specs_before_use	purchase_2024_candidate_rows=2144；purchase_2024_source_rows=2145；draft_sku_id=SKU-DRAFT-002118	缺失规格：压力等级；整理依据：压力等级缺失，会影响PPR截止阀SKU区分；导入口径：do_not_import_missing_specs；重分类：管件/PPR管件 -> 管材管件阀门/阀门；分类置信度：high；截止阀属于管路阀门，PPR为材质属性。	2026-07-03
METAL-000161	不锈钢球阀	材质：不锈钢；规格：32		管材管件阀门/阀门	只			不锈钢球阀32	METAL-000161 不锈钢球阀 阀门/球阀 只 材质：不锈钢 规格：32 不锈钢球阀32 不锈钢 32			candidate	needs_review	clarify_specs_before_use	purchase_2024_candidate_rows=2145；purchase_2024_source_rows=2146；draft_sku_id=SKU-DRAFT-002119	缺失规格：压力等级；口径；整理依据：口径单位/压力等级缺失，会影响球阀SKU区分；导入口径：do_not_import_missing_specs；重分类：阀门/球阀 -> 管材管件阀门/阀门；分类置信度：high；样例均为不锈钢球阀，口径/品牌为规格差异。	2026-07-03
PIPE-000461	PPR管	品牌：公元；材质：PPR；规格：32		管材管件阀门/管材	米			公元PPR32管	PIPE-000461 PPR管 管材/PPR管 米 品牌：公元 材质：PPR 规格：32 公元PPR32管 公元 PPR 32	公元		candidate	needs_review	clarify_specs_before_use	purchase_2024_candidate_rows=2146；purchase_2024_source_rows=2147；draft_sku_id=SKU-DRAFT-002120	缺失规格：压力等级；壁厚；整理依据：压力等级/壁厚缺失，会影响PPR管SKU区分；导入口径：do_not_import_missing_specs；重分类：管材/PPR管 -> 管材管件阀门/管材；分类置信度：high；样例均为PPR管材，旧工程材料/PPR管件有误。	2026-07-03
PIPE-000462	PPR三通	品牌：公元；材质：PPR；规格：32；类型：三通		管材管件阀门/三通	只			公元PPR32三通	PIPE-000462 PPR三通 管件/PPR管件 只 品牌：公元 材质：PPR 规格：32 类型：三通 公元PPR32三通 公元 PPR 32 三通	公元		candidate	needs_review	clarify_specs_before_use	purchase_2024_candidate_rows=2147；purchase_2024_source_rows=2148；draft_sku_id=SKU-DRAFT-002121	缺失规格：压力等级；整理依据：压力等级缺失，会影响PPR三通SKU区分；导入口径：do_not_import_missing_specs；重分类：管件/PPR管件 -> 管材管件阀门/三通；分类置信度：high；PPR三通是标准管件；旧工程材料过宽。	2026-07-03
PIPE-000463	PPR弯头	品牌：公元；材质：PPR；规格：32；类型：弯头		管材管件阀门/弯头	只			公元PPR32弯头	PIPE-000463 PPR弯头 管件/PPR管件 只 品牌：公元 材质：PPR 规格：32 类型：弯头 公元PPR32弯头 公元 PPR 32 弯头	公元		candidate	needs_review	clarify_specs_before_use	purchase_2024_candidate_rows=2148；purchase_2024_source_rows=2149；draft_sku_id=SKU-DRAFT-002122	缺失规格：压力等级；整理依据：角度/压力等级缺失，会影响PPR弯头SKU区分；导入口径：do_not_import_missing_specs；重分类：管件/PPR管件 -> 管材管件阀门/弯头；分类置信度：high；样例均为PPR弯头，口径/品牌是规格差异。	2026-07-03
PIPE-000464	PPR直接	品牌：公元；材质：PPR；规格：32；类型：直接		管材管件阀门/直接	只			公元PPR32直接	PIPE-000464 PPR直接 管件/PPR管件 只 品牌：公元 材质：PPR 规格：32 类型：直接 公元PPR32直接 公元 PPR 32 直接	公元		candidate	needs_review	clarify_specs_before_use	purchase_2024_candidate_rows=2149；purchase_2024_source_rows=2150；draft_sku_id=SKU-DRAFT-002123	缺失规格：压力等级；整理依据：压力等级缺失，会影响PPR直接SKU区分；导入口径：do_not_import_missing_specs；重分类：管件/PPR管件 -> 管材管件阀门/直接；分类置信度：high；PPR直接是标准管件。	2026-07-03
ELEC-000234	电缆	规格：4*4平方		电气电料/电线电缆	米			电缆线4*4平方	ELEC-000234 电缆 电气/电线电缆 米 规格：4*4平方 电缆线4*4平方 4*4平方			candidate	needs_review	clarify_specs_before_use	purchase_2024_candidate_rows=2150；purchase_2024_source_rows=2151；draft_sku_id=SKU-DRAFT-002124	缺失规格：品牌；型号；电压；整理依据：型号/品牌/电压等级缺失，无法稳定区分电缆SKU；导入口径：do_not_import_missing_specs；重分类：电气/电线电缆 -> 电气电料/电线电缆；分类置信度：high；样例均为多芯电缆。	2026-07-03
CHEM-000154	除胶剂	类型：除胶剂		化工胶粘涂料/清洗剂	瓶			除胶剂	CHEM-000154 除胶剂 清洁化学品/除胶剂 瓶 类型：除胶剂			candidate	needs_review	clarify_specs_before_use	purchase_2024_candidate_rows=2151；purchase_2024_source_rows=2152；draft_sku_id=SKU-DRAFT-002125	缺失规格：品牌；容量；整理依据：品牌/容量缺失，无法区分包装SKU；SDS需验收复核；导入口径：do_not_import_missing_specs；重分类：清洁化学品/除胶剂 -> 化工胶粘涂料/清洗剂；分类置信度：high；除胶剂为化学清洗剂。	2026-07-03
CHEM-000155	泡沫清洗剂	类型：泡沫清洗剂		化工胶粘涂料/清洗剂	瓶			泡沫清洗剂	CHEM-000155 泡沫清洗剂 清洁化学品/清洗剂 瓶 类型：泡沫清洗剂			candidate	needs_review	clarify_specs_before_use	purchase_2024_candidate_rows=2152；purchase_2024_source_rows=2153；draft_sku_id=SKU-DRAFT-002126	缺失规格：品牌；容量；整理依据：品牌/容量缺失，无法区分包装SKU；SDS需验收复核；导入口径：do_not_import_missing_specs；重分类：清洁化学品/清洗剂 -> 化工胶粘涂料/清洗剂；分类置信度：high；泡沫清洗剂属于化学清洗剂。	2026-07-03
ELEC-000235	接地桩套件	表面处理：镀锌；规格：18*1m；配置：带螺丝		电气电料/电气辅材	根			镀锌接地桩18*1m带螺丝	ELEC-000235 接地桩套件 电气/接地材料 根 表面处理：镀锌 规格：18*1m 配置：带螺丝 镀锌接地桩18*1m带螺丝 镀锌 18*1m 带螺丝			candidate	usable	confirm_before_use	purchase_2024_candidate_rows=2153；purchase_2024_source_rows=2154；draft_sku_id=SKU-DRAFT-002127	缺失规格：材质；厚度；整理依据：输入为套件但单位为根，材质/镀层厚度缺失；导入口径：confirm_then_import；重分类：电气/接地材料 -> 电气电料/电气辅材；分类置信度：high；镀锌接地桩带螺丝是接地辅材套件。	2026-07-03
TOOL-000322	地毯刷	用途：地毯清洁		清洁办公后勤/清洁工具	个			地毯刷	TOOL-000322 地毯刷 清洁工具/刷子 个 用途：地毯清洁 地毯清洁			candidate	needs_review	clarify_specs_before_use	purchase_2024_candidate_rows=2154；purchase_2024_source_rows=2155；draft_sku_id=SKU-DRAFT-002128	缺失规格：材质；尺寸；整理依据：尺寸/材质缺失，无法区分地毯刷SKU；导入口径：do_not_import_missing_specs；重分类：清洁工具/刷子 -> 清洁办公后勤/清洁工具；分类置信度：high；地毯刷用于清洁作业。	2026-07-03
MAT-000228	毛巾	材质：棉；类型：毛巾		清洁办公后勤/生活用品	条			棉毛巾	MAT-000228 毛巾 行政后勤/生活用品 条 材质：棉 类型：毛巾 棉毛巾 棉			candidate	needs_review	clarify_specs_before_use	purchase_2024_candidate_rows=2155；purchase_2024_source_rows=2156；draft_sku_id=SKU-DRAFT-002129	缺失规格：尺寸；整理依据：尺寸/克重缺失，无法区分毛巾SKU；导入口径：do_not_import_missing_specs；重分类：行政后勤/生活用品 -> 清洁办公后勤/生活用品；分类置信度：high；毛巾属于后勤生活用品。	2026-07-03
TOOL-000323	竹梯	材质：竹；长度：6米		工具量具/手动工具	部			6米竹梯	TOOL-000323 竹梯 工具/登高工具 部 材质：竹 长度：6米 6米竹梯 竹 6米			candidate	needs_review	clarify_specs_before_use	purchase_2024_candidate_rows=2156；purchase_2024_source_rows=2157；draft_sku_id=SKU-DRAFT-002130	缺失规格：品牌；型号；规格；尺寸；适用设备；整理依据：承载/节数缺失，登高工具关键规格不足；导入口径：do_not_import_missing_specs；重分类：工具/登高工具 -> 工具量具/手动工具；分类置信度：medium；竹梯为现场登高手动工具。	2026-07-03
SAFE-000120	安全带	类型：全身式；挂钩：大钩		劳保防护/高处防护	条			全身大钩安全带	SAFE-000120 安全带 安全防护/安全带 条 类型：全身式 挂钩：大钩 全身大钩安全带 全身式 大钩			candidate	needs_review	clarify_specs_before_use	purchase_2024_candidate_rows=2157；purchase_2024_source_rows=2158；draft_sku_id=SKU-DRAFT-002131	缺失规格：执行标准；整理依据：执行标准/承载等级缺失，坠落防护用品关键规格不足；导入口径：do_not_import_missing_specs；重分类：安全防护/安全带 -> 劳保防护/高处防护；分类置信度：high；全身式安全带为人员高处防护用品。	2026-07-03
ADMIN-000064	折叠圆桌	直径：1.5米；结构：折叠；形状：圆形		清洁办公后勤/生活用品	张			1.5米折叠圆桌	ADMIN-000064 折叠圆桌 行政后勤/办公家具 张 直径：1.5米 结构：折叠 形状：圆形 1.5米折叠圆桌 1.5米 折叠 圆形			candidate	usable	confirm_before_use	purchase_2024_candidate_rows=2158；purchase_2024_source_rows=2159；draft_sku_id=SKU-DRAFT-002132	缺失规格：材质；整理依据：材质缺失；导入口径：confirm_then_import；重分类：行政后勤/办公家具 -> 清洁办公后勤/生活用品；分类置信度：high；折叠圆桌为后勤家具生活用品。	2026-07-03
ADMIN-000065	办公桌	材质：实木；尺寸：1.4米*0.6米		清洁办公后勤/办公家具	张			实木办公桌1.4米*0.6米	ADMIN-000065 办公桌 行政后勤/办公家具 张 材质：实木 尺寸：1.4米*0.6米 实木办公桌1.4米*0.6米 实木 1.4米*0.6米			candidate	usable	confirm_before_use	purchase_2024_candidate_rows=2159；purchase_2024_source_rows=2160；draft_sku_id=SKU-DRAFT-002133	缺失规格：品牌；规格；整理依据：高度/款式缺失；导入口径：confirm_then_import；重分类：行政后勤/办公家具 -> 清洁办公后勤/办公家具；分类置信度：medium；办公桌为后勤办公家具；推荐二级无办公家具，新增二级。	2026-07-03
CHEM-000156	玻璃胶	品牌：道康宁		化工胶粘涂料/密封材料	支			道康宁玻璃胶	CHEM-000156 玻璃胶 胶粘剂/玻璃胶 支 品牌：道康宁 道康宁玻璃胶 道康宁	道康宁		candidate	needs_review	clarify_specs_before_use	purchase_2024_candidate_rows=2160；purchase_2024_source_rows=2161；draft_sku_id=SKU-DRAFT-002134	缺失规格：型号；容量；颜色；整理依据：型号/颜色/容量缺失，无法区分玻璃胶SKU；导入口径：do_not_import_missing_specs；重分类：胶粘剂/玻璃胶 -> 化工胶粘涂料/密封材料；分类置信度：high；玻璃胶主要用于接缝密封，化工耗材旧口径并入标准类目。	2026-07-03
TOOL-000324	钻头	品牌：博世；柄型：方柄；直径：Φ14；长度：280		工具耗材/钻头	支			博世方柄钻头Φ14*280	TOOL-000324 钻头 工具/钻头 支 品牌：博世 柄型：方柄 直径：Φ14 长度：280 博世方柄钻头Φ14*280 博世 方柄 Φ14 280	博世		candidate	usable	confirm_before_use	purchase_2024_candidate_rows=2161；purchase_2024_source_rows=2162；draft_sku_id=SKU-DRAFT-002135	缺失规格：材质；整理依据：材质/适配设备缺失；导入口径：confirm_then_import；重分类：工具/钻头 -> 工具耗材/钻头；分类置信度：high；样例均为钻头类耗材，规格材质不拆物料族。	2026-07-03
TOOL-000325	钻头	品牌：博世；柄型：方柄；直径：Φ12；长度：260		工具耗材/钻头	支			博世方柄钻头Φ12*260	TOOL-000325 钻头 工具/钻头 支 品牌：博世 柄型：方柄 直径：Φ12 长度：260 博世方柄钻头Φ12*260 博世 方柄 Φ12 260	博世		candidate	usable	confirm_before_use	purchase_2024_candidate_rows=2162；purchase_2024_source_rows=2163；draft_sku_id=SKU-DRAFT-002136	缺失规格：材质；整理依据：材质/适配设备缺失；导入口径：confirm_then_import；重分类：工具/钻头 -> 工具耗材/钻头；分类置信度：high；样例均为钻头类耗材，规格材质不拆物料族。	2026-07-03
SAFE-000121	灭火器	灭火剂重量：2kg		安全消防/消防器材	只			2KG灭火器	SAFE-000121 灭火器 安全消防/灭火器 只 灭火剂重量：2kg 2KG灭火器 2kg			candidate	needs_review	clarify_specs_before_use	purchase_2024_candidate_rows=2163；purchase_2024_source_rows=2164；draft_sku_id=SKU-DRAFT-002137	缺失规格：类型；材质；规格；安全等级；认证标准；整理依据：灭火剂类型/年检状态缺失，无法稳定区分灭火器SKU；导入口径：do_not_import_missing_specs；重分类：安全消防/灭火器 -> 安全消防/消防器材；分类置信度：high；灭火器属于消防器材。	2026-07-03
SAFE-000122	灭火器箱	用途：灭火器存放		安全消防/消防器材	个			灭火器箱子	SAFE-000122 灭火器箱 安全消防/灭火器配件 个 用途：灭火器存放 灭火器箱子 灭火器存放			candidate	needs_review	clarify_specs_before_use	purchase_2024_candidate_rows=2164；purchase_2024_source_rows=2165；draft_sku_id=SKU-DRAFT-002138	缺失规格：规格；材质；整理依据：“灭火器箱子”按灭火器箱归一；适配灭火器规格/材质缺失；导入口径：do_not_import_missing_specs；重分类：安全消防/灭火器配件 -> 安全消防/消防器材；分类置信度：high；灭火器箱属于消防器材配套箱。	2026-07-03
PIPE-000465	PVC管	品牌：公元；材质：PVC；直径：Φ100		管材管件阀门/管材	米			公元PVCΦ100管	PIPE-000465 PVC管 管材/PVC管 米 品牌：公元 材质：PVC 直径：Φ100 公元PVCΦ100管 公元 PVC Φ100	公元		candidate	needs_review	clarify_specs_before_use	purchase_2024_candidate_rows=2165；purchase_2024_source_rows=2166；draft_sku_id=SKU-DRAFT-002139	缺失规格：压力等级；壁厚；整理依据：压力等级/壁厚缺失，无法区分PVC管SKU；导入口径：do_not_import_missing_specs；重分类：管材/PVC管 -> 管材管件阀门/管材；分类置信度：high；样例均为PVC管材，口径是规格差异。	2026-07-03
PIPE-000466	PVC弯头	品牌：公元；材质：PVC；直径：Φ100；类型：弯头		管材管件阀门/弯头	只			公元PVCΦ100弯头	PIPE-000466 PVC弯头 管件/PVC管件 只 品牌：公元 材质：PVC 直径：Φ100 类型：弯头 公元PVCΦ100弯头 公元 PVC Φ100 弯头	公元		candidate	needs_review	clarify_specs_before_use	purchase_2024_candidate_rows=2166；purchase_2024_source_rows=2167；draft_sku_id=SKU-DRAFT-002140	缺失规格：压力等级；整理依据：角度/压力等级缺失，无法区分PVC弯头SKU；导入口径：do_not_import_missing_specs；重分类：管件/PVC管件 -> 管材管件阀门/弯头；分类置信度：high；样例均为PVC弯头，角度/口径为规格差异。	2026-07-03
PIPE-000467	PVC止回阀	品牌：公元；材质：PVC；直径：Φ100；类型：止回阀		管材管件阀门/阀门	个			公元PVCΦ100止回阀	PIPE-000467 PVC止回阀 阀门/PVC阀门 个 品牌：公元 材质：PVC 直径：Φ100 类型：止回阀 公元PVCΦ100止回阀 公元 PVC Φ100 止回阀	公元		candidate	needs_review	clarify_specs_before_use	purchase_2024_candidate_rows=2167；purchase_2024_source_rows=2168；draft_sku_id=SKU-DRAFT-002141	缺失规格：压力等级；连接方式；整理依据：压力等级/连接方式缺失，无法区分PVC阀门SKU；导入口径：do_not_import_missing_specs；重分类：阀门/PVC阀门 -> 管材管件阀门/阀门；分类置信度：high；止回阀属于阀门，PVC为材质属性。	2026-07-03
PIPE-000468	PVC三通	品牌：公元；材质：PVC；直径：Φ100；类型：三通		管材管件阀门/三通	只			公元PVCΦ100三通	PIPE-000468 PVC三通 管件/PVC管件 只 品牌：公元 材质：PVC 直径：Φ100 类型：三通 公元PVCΦ100三通 公元 PVC Φ100 三通	公元		candidate	needs_review	clarify_specs_before_use	purchase_2024_candidate_rows=2168；purchase_2024_source_rows=2169；draft_sku_id=SKU-DRAFT-002142	缺失规格：压力等级；口径；整理依据：压力等级/等径或异径口径缺失，无法区分PVC三通SKU；导入口径：do_not_import_missing_specs；重分类：管件/PVC管件 -> 管材管件阀门/三通；分类置信度：high；PVC三通是标准管件。	2026-07-03
PIPE-000469	镀锌水管加工件	加工：是；表面处理：镀锌；规格：4分；连接：两端丝；长度：3米		定制加工件/管路接头	根			加工4分镀锌两端丝水管3米	PIPE-000469 镀锌水管加工件 定制件/管路加工件 根 加工：是 表面处理：镀锌 规格：4分 连接：两端丝 长度：3米 加工4分镀锌两端丝水管3米 是 镀锌 4分 两端丝 3米			candidate	needs_review	clarify_specs_before_use	purchase_2024_candidate_rows=2169；purchase_2024_source_rows=2170；draft_sku_id=SKU-DRAFT-002143	缺失规格：材质；压力等级；整理依据：定制加工件，材质/压力等级缺失；导入口径：do_not_import_missing_specs；重分类：定制件/管路加工件 -> 定制加工件/管路接头；分类置信度：high；加工两端丝水管为定制管路连接件。	2026-07-03
PIPE-000470	内丝直接	表面处理：镀锌；规格：4分；连接：内丝；类型：直接		管材管件阀门/直接	只			镀锌4分内丝直接头	PIPE-000470 内丝直接 管件/镀锌管件 只 表面处理：镀锌 规格：4分 连接：内丝 类型：直接 镀锌4分内丝直接头 镀锌 4分 内丝 直接			candidate	usable	confirm_before_use	purchase_2024_candidate_rows=2170；purchase_2024_source_rows=2171；draft_sku_id=SKU-DRAFT-002144	缺失规格：材质；压力等级；整理依据：材质/压力等级缺失；导入口径：confirm_then_import；重分类：管件/镀锌管件 -> 管材管件阀门/直接；分类置信度：high；内丝直接是镀锌管直连管件。	2026-07-03
ADMIN-000066	手持吸尘器	品牌：小米；类型：手持	特征:大功率	清洁办公后勤/清洁工具	台			小米大功率手持吸尘器	ADMIN-000066 手持吸尘器 行政后勤/清洁设备 台 品牌：小米 类型：手持 特征:大功率 小米大功率手持吸尘器 小米 手持 大功率	小米		candidate	needs_review	clarify_specs_before_use	purchase_2024_candidate_rows=2171；purchase_2024_source_rows=2172；draft_sku_id=SKU-DRAFT-002145	缺失规格：型号；功率；整理依据：型号/功率缺失，无法区分吸尘器SKU；导入口径：do_not_import_missing_specs；重分类：行政后勤/清洁设备 -> 清洁办公后勤/清洁工具；分类置信度：medium；手持吸尘器用于清洁后勤，归清洁工具。	2026-07-03
METAL-000162	排烟罩	定制：是；材质：不锈钢；尺寸：500*600		定制加工件/金属加工件	个			订做不锈钢排烟罩500*600	METAL-000162 排烟罩 定制件/排烟罩 个 定制：是 材质：不锈钢 尺寸：500*600 订做不锈钢排烟罩500*600 是 不锈钢 500*600			candidate	needs_review	clarify_specs_before_use	purchase_2024_candidate_rows=2172；purchase_2024_source_rows=2173；draft_sku_id=SKU-DRAFT-002146	缺失规格：规格；厚度；长度；执行标准；整理依据：定制件图纸/板厚/接口缺失；导入口径：do_not_import_missing_specs；重分类：定制件/排烟罩 -> 定制加工件/金属加工件；分类置信度：high；订做不锈钢排烟罩是非标金属加工件。	2026-07-03
PIPE-000471	变径接头	定制：是；材质：不锈钢；规格：450*450；类型：变径接头		液压气动/液压接头	个			订做不锈钢变径接头450*450	PIPE-000471 变径接头 定制件/管路接头 个 定制：是 材质：不锈钢 规格：450*450 类型：变径接头 订做不锈钢变径接头450*450 是 不锈钢 450*450			candidate	needs_review	clarify_specs_before_use	purchase_2024_candidate_rows=2173；purchase_2024_source_rows=2174；draft_sku_id=SKU-DRAFT-002147	缺失规格：口径；压力等级；连接方式；壁厚；整理依据：变径两端规格/图纸缺失，450*450口径需复核；导入口径：do_not_import_missing_specs；重分类：定制件/管路接头 -> 液压气动/液压接头；分类置信度：medium；高压螺纹接头与不锈钢定制变径件混在一起。；分类拆分待复核：按用途/是否定制拆分；高压螺纹接头与不锈钢定制变径件混在一起。	2026-07-03
MAT-000229	空气净化器	品牌：小米；类型：空气净化器		清洁办公后勤/生活用品	台			小米空气净化机	MAT-000229 空气净化器 行政后勤/空气净化设备 台 品牌：小米 类型：空气净化器 小米空气净化机 小米	小米		candidate	needs_review	clarify_specs_before_use	purchase_2024_candidate_rows=2174；purchase_2024_source_rows=2175；draft_sku_id=SKU-DRAFT-002148	缺失规格：型号；整理依据：原名空气净化机按空气净化器归一；型号/适用面积缺失；导入口径：do_not_import_missing_specs；重分类：行政后勤/空气净化设备 -> 清洁办公后勤/生活用品；分类置信度：medium；空气净化器为后勤生活设备，归生活用品。	2026-07-03
MAT-000230	木方	截面：50*100；长度：4m		建筑材料/模板木方	根			木方50*100*4m	MAT-000230 木方 建筑材料/木材 根 截面：50*100 长度：4m 木方50*100*4m 50*100 4m			candidate	usable	confirm_before_use	purchase_2024_candidate_rows=2175；purchase_2024_source_rows=2176；draft_sku_id=SKU-DRAFT-002149	缺失规格：材质；整理依据：木材材质/等级缺失；导入口径：confirm_then_import；重分类：建筑材料/木材 -> 建筑材料/模板木方；分类置信度：high；木方用于模板支撑，属于模板木方。	2026-07-03
FAST-000106	自攻螺丝	长度：60mm		紧固件与连接件/螺丝	盒			自攻螺丝60mm	FAST-000106 自攻螺丝 紧固件/自攻螺丝 盒 长度：60mm 自攻螺丝60mm 60mm			candidate	needs_review	clarify_specs_before_use	purchase_2024_candidate_rows=2176；purchase_2024_source_rows=2177；draft_sku_id=SKU-DRAFT-002150	缺失规格：直径；整理依据：直径/每盒数量缺失，无法区分自攻螺丝SKU；导入口径：do_not_import_missing_specs；重分类：紧固件/自攻螺丝 -> 紧固件与连接件/螺丝；分类置信度：high；自攻螺丝属于螺丝类紧固件。	2026-07-03
FAST-000107	钻尾螺丝	长度：60mm		紧固件与连接件/螺丝	盒			钻尾螺丝60mm	FAST-000107 钻尾螺丝 紧固件/钻尾螺丝 盒 长度：60mm 钻尾螺丝60mm 60mm			candidate	needs_review	clarify_specs_before_use	purchase_2024_candidate_rows=2177；purchase_2024_source_rows=2178；draft_sku_id=SKU-DRAFT-002151	缺失规格：直径；整理依据：直径/每盒数量缺失，无法区分钻尾螺丝SKU；导入口径：do_not_import_missing_specs；重分类：紧固件/钻尾螺丝 -> 紧固件与连接件/螺丝；分类置信度：high；钻尾螺丝是螺丝类紧固件。	2026-07-03
TOOL-000326	电工包	品牌：得力；用途：电工		工具量具/工具套装	个			得力电工包	TOOL-000326 电工包 工具/工具包 个 品牌：得力 用途：电工 得力电工包 得力 电工	得力		candidate	needs_review	clarify_specs_before_use	purchase_2024_candidate_rows=2178；purchase_2024_source_rows=2179；draft_sku_id=SKU-DRAFT-002152	缺失规格：型号；尺寸；整理依据：型号/尺寸/格数缺失，无法区分工具包SKU；导入口径：do_not_import_missing_specs；重分类：工具/工具包 -> 工具量具/工具套装；分类置信度：high；电工包用于收纳携带工具，归工具套装类。	2026-07-03
TOOL-000327	钻头	品牌：博世；柄型：圆柄；直径：Φ10；长度：350		工具耗材/钻头	只			博世圆柄钻头Φ10*350	TOOL-000327 钻头 工具/钻头 只 品牌：博世 柄型：圆柄 直径：Φ10 长度：350 博世圆柄钻头Φ10*350 博世 圆柄 Φ10 350	博世		candidate	usable	confirm_before_use	purchase_2024_candidate_rows=2179；purchase_2024_source_rows=2180；draft_sku_id=SKU-DRAFT-002153	缺失规格：材质；整理依据：材质/适配设备缺失；导入口径：confirm_then_import；重分类：工具/钻头 -> 工具耗材/钻头；分类置信度：high；样例均为钻头类耗材，规格材质不拆物料族。	2026-07-03
TOOL-000328	钻头	品牌：博世；柄型：二坑二槽；直径：Φ12；长度：350		工具耗材/钻头	只			博世二坑二槽钻头Φ12*350	TOOL-000328 钻头 工具/钻头 只 品牌：博世 柄型：二坑二槽 直径：Φ12 长度：350 博世二坑二槽钻头Φ12*350 博世 二坑二槽 Φ12 350	博世		candidate	usable	confirm_before_use	purchase_2024_candidate_rows=2180；purchase_2024_source_rows=2181；draft_sku_id=SKU-DRAFT-002154	缺失规格：材质；整理依据：材质/适配设备缺失；导入口径：confirm_then_import；重分类：工具/钻头 -> 工具耗材/钻头；分类置信度：high；样例均为钻头类耗材，规格材质不拆物料族。	2026-07-03
TOOL-000329	钻头	品牌：博世；柄型：二坑二槽；直径：Φ14；长度：350		工具耗材/钻头	只			博世二坑二槽钻头Φ14*350	TOOL-000329 钻头 工具/钻头 只 品牌：博世 柄型：二坑二槽 直径：Φ14 长度：350 博世二坑二槽钻头Φ14*350 博世 二坑二槽 Φ14 350	博世		candidate	usable	confirm_before_use	purchase_2024_candidate_rows=2181；purchase_2024_source_rows=2182；draft_sku_id=SKU-DRAFT-002155	缺失规格：材质；整理依据：材质/适配设备缺失；导入口径：confirm_then_import；重分类：工具/钻头 -> 工具耗材/钻头；分类置信度：high；样例均为钻头类耗材，规格材质不拆物料族。	2026-07-03
TOOL-000330	钻头	品牌：博世；柄型：二坑二槽；直径：Φ16；长度：350		工具耗材/钻头	只			博世二坑二槽钻头Φ16*350	TOOL-000330 钻头 工具/钻头 只 品牌：博世 柄型：二坑二槽 直径：Φ16 长度：350 博世二坑二槽钻头Φ16*350 博世 二坑二槽 Φ16 350	博世		candidate	usable	confirm_before_use	purchase_2024_candidate_rows=2182；purchase_2024_source_rows=2183；draft_sku_id=SKU-DRAFT-002156	缺失规格：材质；整理依据：材质/适配设备缺失；导入口径：confirm_then_import；重分类：工具/钻头 -> 工具耗材/钻头；分类置信度：high；样例均为钻头类耗材，规格材质不拆物料族。	2026-07-03
WELD-000057	二保焊机分流器	适配：500型二保焊机；部件：分流器；材质/类型：陶瓷型		焊接切割/焊割工具	只			500型二保焊机分流器陶瓷型	WELD-000057 二保焊机分流器 焊接耗材/焊枪配件 只 适配：500型二保焊机 部件：分流器 材质/类型：陶瓷型 500型二保焊机分流器陶瓷型 500型二保焊机 分流器 陶瓷型			candidate	usable	confirm_before_use	purchase_2024_candidate_rows=2183；purchase_2024_source_rows=2184；draft_sku_id=SKU-DRAFT-002157	缺失规格：型号；整理依据：适配焊枪型号缺失；导入口径：confirm_then_import；重分类：焊接耗材/焊枪配件 -> 焊接切割/焊割工具；分类置信度：medium；分流器是二保焊枪/焊机配件，按焊割工具配件承接。	2026-07-03
WELD-000058	二保焊机分流器	适配：350型二保焊机；部件：分流器；材质/类型：陶瓷型		焊接切割/焊割工具	只			350型二保焊机分流器陶瓷型	WELD-000058 二保焊机分流器 焊接耗材/焊枪配件 只 适配：350型二保焊机 部件：分流器 材质/类型：陶瓷型 350型二保焊机分流器陶瓷型 350型二保焊机 分流器 陶瓷型			candidate	usable	confirm_before_use	purchase_2024_candidate_rows=2184；purchase_2024_source_rows=2185；draft_sku_id=SKU-DRAFT-002158	缺失规格：型号；整理依据：适配焊枪型号缺失；导入口径：confirm_then_import；重分类：焊接耗材/焊枪配件 -> 焊接切割/焊割工具；分类置信度：medium；分流器是二保焊枪/焊机配件，按焊割工具配件承接。	2026-07-03
TOOL-000331	水平尺	长度：1m		工具量具/测量工具	根			水平尺1m	TOOL-000331 水平尺 工具/测量工具 根 长度：1m 水平尺1m 1m			candidate	usable	confirm_before_use	purchase_2024_candidate_rows=2185；purchase_2024_source_rows=2186；draft_sku_id=SKU-DRAFT-002159	缺失规格：材质；精度；整理依据：精度/材质缺失；导入口径：confirm_then_import；重分类：工具/测量工具 -> 工具量具/测量工具；分类置信度：high；水平尺是测量工具。	2026-07-03
TOOL-000332	水平尺	长度：0.6m		工具量具/测量工具	根			水平尺0.6m	TOOL-000332 水平尺 工具/测量工具 根 长度：0.6m 水平尺0.6m 0.6m			candidate	usable	confirm_before_use	purchase_2024_candidate_rows=2186；purchase_2024_source_rows=2187；draft_sku_id=SKU-DRAFT-002160	缺失规格：材质；精度；整理依据：精度/材质缺失；导入口径：confirm_then_import；重分类：工具/测量工具 -> 工具量具/测量工具；分类置信度：high；水平尺是测量工具。	2026-07-03
ELEC-000236	LED灯泡	类型：LED；功率：30W；接口：螺口		电气电料/照明灯具	只			LED30W螺口灯泡	ELEC-000236 LED灯泡 电气/照明灯具 只 类型：LED 功率：30W 接口：螺口 LED30W螺口灯泡 LED 30W 螺口			candidate	needs_review	clarify_specs_before_use	purchase_2024_candidate_rows=2187；purchase_2024_source_rows=2188；draft_sku_id=SKU-DRAFT-002161	缺失规格：规格；整理依据：螺口规格/色温缺失，无法区分LED灯泡SKU；导入口径：do_not_import_missing_specs；重分类：电气/照明灯具 -> 电气电料/照明灯具；分类置信度：high；样例均为LED灯泡，功率/品牌为规格差异。	2026-07-03
FAST-000108	高强度全牙螺丝	强度等级：12.9级；规格：M27*100；螺纹：全牙		紧固件与连接件/螺丝	套			12.9级M27*100全芽螺丝	FAST-000108 高强度全牙螺丝 紧固件/螺丝 套 强度等级：12.9级 规格：M27*100 螺纹：全牙 12.9级M27*100全芽螺丝 12.9级 M27*100 全牙			candidate	needs_review	clarify_specs_before_use	purchase_2024_candidate_rows=2188；purchase_2024_source_rows=2189；draft_sku_id=SKU-DRAFT-002162	缺失规格：套件内容；整理依据：原表“全芽”疑似全牙并已归一；套件内容缺失；导入口径：do_not_import_missing_specs；重分类：紧固件/螺丝 -> 紧固件与连接件/螺丝；分类置信度：high；全牙高强螺丝为螺丝类紧固件。	2026-07-03
PIPE-000472	氧气软管	介质：氧气；类型：软管		焊接切割/气瓶附件	卷			氧气管	PIPE-000472 氧气软管 焊接工具/气体软管 卷 介质：氧气 类型：软管 氧气管 氧气 软管			candidate	needs_review	clarify_specs_before_use	purchase_2024_candidate_rows=2189；purchase_2024_source_rows=2190；draft_sku_id=SKU-DRAFT-002163	缺失规格：压力等级；长度；整理依据：内径/长度/压力等级缺失，无法区分气体软管SKU；导入口径：do_not_import_missing_specs；重分类：焊接工具/气体软管 -> 焊接切割/气瓶附件；分类置信度：high；氧气软管属于焊割气体附件。	2026-07-03
PIPE-000473	乙炔软管	介质：乙炔；类型：软管		焊接切割/气瓶附件	卷			乙炔管	PIPE-000473 乙炔软管 焊接工具/气体软管 卷 介质：乙炔 类型：软管 乙炔管 乙炔 软管			candidate	needs_review	clarify_specs_before_use	purchase_2024_candidate_rows=2190；purchase_2024_source_rows=2191；draft_sku_id=SKU-DRAFT-002164	缺失规格：压力等级；长度；整理依据：内径/长度/压力等级缺失，无法区分气体软管SKU；导入口径：do_not_import_missing_specs；重分类：焊接工具/气体软管 -> 焊接切割/气瓶附件；分类置信度：high；乙炔软管用于焊割气体连接，归气瓶附件。	2026-07-03
ADMIN-000067	垃圾桶	容量：240L；配置：带盖、带轮		清洁办公后勤/清洁工具	个			240L垃圾桶带盖轮	ADMIN-000067 垃圾桶 行政后勤/清洁用品 个 容量：240L 配置：带盖、带轮 240L垃圾桶带盖轮 240L 带盖、带轮			candidate	usable	confirm_before_use	purchase_2024_candidate_rows=2191；purchase_2024_source_rows=2192；draft_sku_id=SKU-DRAFT-002165	缺失规格：材质；颜色；整理依据：材质/颜色缺失；导入口径：confirm_then_import；重分类：行政后勤/清洁用品 -> 清洁办公后勤/清洁工具；分类置信度：high；垃圾桶用于现场清洁收集，容量配置为规格。	2026-07-03
MAT-000231	吊装带	额定载荷：3T；长度：2m		吊装索具/吊带	根			吊带3T*2m	MAT-000231 吊装带 吊装索具/吊带 根 额定载荷：3T 长度：2m 吊带3T*2m 3T 2m			candidate	usable	confirm_before_use	purchase_2024_candidate_rows=2192；purchase_2024_source_rows=2193；draft_sku_id=SKU-DRAFT-002166	缺失规格：材质；安全系数；整理依据：材质/安全系数缺失；导入口径：confirm_then_import	2026-07-03
MAT-000232	吊装带	额定载荷：2T；长度：2m		吊装索具/吊带	根			吊带2T*2m	MAT-000232 吊装带 吊装索具/吊带 根 额定载荷：2T 长度：2m 吊带2T*2m 2T 2m			candidate	usable	confirm_before_use	purchase_2024_candidate_rows=2193；purchase_2024_source_rows=2194；draft_sku_id=SKU-DRAFT-002167	缺失规格：材质；安全系数；整理依据：与同类可合并为同一标准名称；材质/安全系数缺失；导入口径：confirm_then_import	2026-07-03
ELEC-000237	电缆	品牌：起帆；规格：3*2.5+1*1.5		电气电料/电线电缆	米			起帆电缆线3*2.5+1*1.5	ELEC-000237 电缆 电气/电线电缆 米 品牌：起帆 规格：3*2.5+1*1.5 起帆电缆线3*2.5+1*1.5 起帆 3*2.5+1*1.5	起帆		candidate	needs_review	clarify_specs_before_use	purchase_2024_candidate_rows=2194；purchase_2024_source_rows=2195；draft_sku_id=SKU-DRAFT-002168	缺失规格：型号；电压；整理依据：电缆型号/电压等级缺失，无法区分电缆SKU；导入口径：do_not_import_missing_specs；重分类：电气/电线电缆 -> 电气电料/电线电缆；分类置信度：high；样例均为多芯电缆。	2026-07-03
SAFE-000123	消防水带	特性：防爆；直径：Φ80		安全消防/消防器材	米			防爆消防水带Φ80	SAFE-000123 消防水带 安全消防/消防水带 米 特性：防爆 直径：Φ80 防爆消防水带Φ80 防爆 Φ80			candidate	needs_review	clarify_specs_before_use	purchase_2024_candidate_rows=2195；purchase_2024_source_rows=2196；draft_sku_id=SKU-DRAFT-002169	缺失规格：压力等级；整理依据：压力等级/接口标准缺失，无法区分消防水带SKU；导入口径：do_not_import_missing_specs；重分类：安全消防/消防水带 -> 安全消防/消防器材；分类置信度：high；消防水带属于消防器材。	2026-07-03
SAFE-000124	消防接头	材质：铝合金；直径：Φ80		安全消防/消防管件	套			铝合金消防接头Φ80	SAFE-000124 消防接头 安全消防/消防接头 套 材质：铝合金 直径：Φ80 铝合金消防接头Φ80 铝合金 Φ80			candidate	needs_review	clarify_specs_before_use	purchase_2024_candidate_rows=2196；purchase_2024_source_rows=2197；draft_sku_id=SKU-DRAFT-002170	缺失规格：类型；规格；安全等级；认证标准；整理依据：接口标准/密封件缺失，无法区分消防接头SKU；导入口径：do_not_import_missing_specs；重分类：安全消防/消防接头 -> 安全消防/消防管件；分类置信度：high；消防接头是消防管件。	2026-07-03
PIPE-000474	抱箍	规格：80；类型：抱箍		紧固件与连接件/管卡	只			抱箍80	PIPE-000474 抱箍 管夹/卡箍 只 规格：80 类型：抱箍 抱箍80 80			candidate	needs_review	clarify_specs_before_use	purchase_2024_candidate_rows=2197；purchase_2024_source_rows=2198；draft_sku_id=SKU-DRAFT-002171	缺失规格：材质；口径；整理依据：材质/适配管径缺失，规格80口径需复核；导入口径：do_not_import_missing_specs；重分类：管夹/卡箍 -> 紧固件与连接件/管卡；分类置信度：high；抱箍用于管道夹持固定，归管卡。	2026-07-03
PIPE-000475	高压水带	直径：Φ80；类型：高压水带		管材管件阀门/管材	米			高压水带Φ80	PIPE-000475 高压水带 管材/高压水带 米 直径：Φ80 类型：高压水带 高压水带Φ80 Φ80			candidate	needs_review	clarify_specs_before_use	purchase_2024_candidate_rows=2198；purchase_2024_source_rows=2199；draft_sku_id=SKU-DRAFT-002172	缺失规格：材质；压力等级；整理依据：压力等级/材质缺失，无法区分高压水带SKU；导入口径：do_not_import_missing_specs；重分类：管材/高压水带 -> 管材管件阀门/管材；分类置信度：high；高压水带为输水管材，不是液压油管。	2026-07-03
MAT-000233	软玻璃门帘	结构：磁吸式；颜色：透明；尺寸：2.55m*1.46m；厚度：3mm		清洁办公后勤/生活用品	付			磁吸式透明软玻璃门帘2.55m*1.46m*3mm	MAT-000233 软玻璃门帘 行政后勤/门帘 付 结构：磁吸式 颜色：透明 尺寸：2.55m*1.46m 厚度：3mm 磁吸式透明软玻璃门帘2.55m*1.46m*3mm 磁吸式 透明 2.55m*1.46m 3mm			candidate	usable	confirm_before_use	purchase_2024_candidate_rows=2199；purchase_2024_source_rows=2200；draft_sku_id=SKU-DRAFT-002173	缺失规格：材质；整理依据：材质等级缺失；导入口径：confirm_then_import；重分类：行政后勤/门帘 -> 清洁办公后勤/生活用品；分类置信度：medium；软玻璃门帘为后勤门帘用品。	2026-07-03
METAL-000163	铁丝	材质：铁；规格：12#		金属材料/金属丝材	KG			铁丝12#	METAL-000163 铁丝 五金耗材/金属丝 KG 材质：铁 规格：12# 铁丝12# 铁 12#			candidate	usable	confirm_before_use	purchase_2024_candidate_rows=2200；purchase_2024_source_rows=2201；draft_sku_id=SKU-DRAFT-002174	缺失规格：表面处理；整理依据：表面处理/线径换算缺失；导入口径：confirm_then_import；重分类：五金耗材/金属丝 -> 金属材料/金属丝材；分类置信度：high；新建二级金属丝材；铁丝是金属线材，旧五金耗材不宜保留。	2026-07-03
PIPE-000476	气体软管卡箍	适配对象：氧气/乙炔管；类型：卡箍		焊接切割/气瓶附件	只			氧气 乙炔管卡箍	PIPE-000476 气体软管卡箍 焊接工具/气体软管配件 只 适配对象：氧气/乙炔管 类型：卡箍 氧气 乙炔管卡箍 氧气/乙炔管 卡箍			candidate	needs_review	clarify_specs_before_use	purchase_2024_candidate_rows=2201；purchase_2024_source_rows=2202；draft_sku_id=SKU-DRAFT-002175	缺失规格：材质；整理依据：适配管径/材质缺失，无法区分卡箍SKU；导入口径：do_not_import_missing_specs；重分类：焊接工具/气体软管配件 -> 焊接切割/气瓶附件；分类置信度：medium；氧气乙炔管卡箍为焊割气体管路附件。	2026-07-03
WELD-000059	氧气减压阀	介质：氧气；类型：减压阀		焊接切割/气瓶附件	只			氧气减压阀	WELD-000059 氧气减压阀 焊接工具/气体仪表 只 介质：氧气 类型：减压阀 氧气 减压阀			candidate	needs_review	clarify_specs_before_use	purchase_2024_candidate_rows=2202；purchase_2024_source_rows=2203；draft_sku_id=SKU-DRAFT-002176	缺失规格：量程；整理依据：量程/接口缺失，无法区分减压阀SKU；导入口径：do_not_import_missing_specs；重分类：焊接工具/气体仪表 -> 焊接切割/气瓶附件；分类置信度：high；氧气减压阀为焊割气瓶附件。	2026-07-03
TOOL-000333	二氧化碳减压阀总成	介质：二氧化碳；类型：减压阀总成		焊接切割/气瓶附件	套			二氧化碳减压阀总成	TOOL-000333 二氧化碳减压阀总成 焊接工具/气体仪表 套 介质：二氧化碳 类型：减压阀总成 二氧化碳 减压阀总成			candidate	needs_review	clarify_specs_before_use	purchase_2024_candidate_rows=2203；purchase_2024_source_rows=2204；draft_sku_id=SKU-DRAFT-002177	缺失规格：量程；整理依据：量程/接口/适配气瓶缺失，无法区分减压阀总成SKU；导入口径：do_not_import_missing_specs；重分类：焊接工具/气体仪表 -> 焊接切割/气瓶附件；分类置信度：high；二氧化碳减压阀总成属于焊接气瓶附件。	2026-07-03
ADMIN-000068	记号笔	颜色：黑色		清洁办公后勤/办公用品	支			黑色记号笔	ADMIN-000068 记号笔 办公用品/书写工具 支 颜色：黑色 黑色记号笔 黑色			candidate	needs_review	clarify_specs_before_use	purchase_2024_candidate_rows=2204；purchase_2024_source_rows=2205；draft_sku_id=SKU-DRAFT-002178	缺失规格：品牌；整理依据：品牌/粗细缺失，无法区分记号笔SKU；导入口径：do_not_import_missing_specs；重分类：办公用品/书写工具 -> 清洁办公后勤/办公用品；分类置信度：high；记号笔为办公书写用品，耗材低耗不作分类。	2026-07-03
CHEM-000157	油漆	品牌：立邦；颜色：白色；包装：18KG		化工胶粘涂料/涂料	桶			立邦白色油漆18KG	CHEM-000157 油漆 油漆涂料/油漆 桶 品牌：立邦 颜色：白色 包装：18KG 立邦白色油漆18KG 立邦 白色 18KG	立邦		candidate	needs_review	clarify_specs_before_use	purchase_2024_candidate_rows=2205；purchase_2024_source_rows=2206；draft_sku_id=SKU-DRAFT-002179	缺失规格：型号；整理依据：油漆类型/型号缺失，无法区分油漆SKU；导入口径：do_not_import_missing_specs；重分类：油漆涂料/油漆 -> 化工胶粘涂料/涂料；分类置信度：high；油漆归涂料类。	2026-07-03
TOOL-000334	滚筒伸缩杆	适配工具：滚筒；部件：伸缩杆		工具耗材/刷具	根			滚筒伸缩杆	TOOL-000334 滚筒伸缩杆 涂装工具/滚筒配件 根 适配工具：滚筒 部件：伸缩杆 滚筒 伸缩杆			candidate	needs_review	clarify_specs_before_use	purchase_2024_candidate_rows=2206；purchase_2024_source_rows=2207；draft_sku_id=SKU-DRAFT-002180	缺失规格：长度；整理依据：长度范围/接口缺失，无法区分伸缩杆SKU；导入口径：do_not_import_missing_specs；重分类：涂装工具/滚筒配件 -> 工具耗材/刷具；分类置信度：medium；滚筒伸缩杆为涂装滚筒配件，随刷具族管理。	2026-07-03
TOOL-000335	边角刷伸缩杆	适配工具：边角刷；部件：伸缩杆		工具耗材/刷具	根			边角刷伸缩杆	TOOL-000335 边角刷伸缩杆 涂装工具/刷子配件 根 适配工具：边角刷 部件：伸缩杆 边角刷 伸缩杆			candidate	needs_review	clarify_specs_before_use	purchase_2024_candidate_rows=2207；purchase_2024_source_rows=2208；draft_sku_id=SKU-DRAFT-002181	缺失规格：长度；整理依据：长度范围/接口缺失，无法区分伸缩杆SKU；导入口径：do_not_import_missing_specs；重分类：涂装工具/刷子配件 -> 工具耗材/刷具；分类置信度：medium；边角刷伸缩杆为刷具配套件，按刷具类处理。	2026-07-03
WELD-000060	不锈钢割枪	品牌：华凌；型号：100#；特征：加长型；材质：不锈钢		焊接切割/焊割工具	把			华凌加长型100#不锈钢割枪	WELD-000060 不锈钢割枪 焊接工具/气割工具 把 品牌：华凌 型号：100# 特征：加长型 材质：不锈钢 华凌加长型100#不锈钢割枪 华凌 100# 加长型 不锈钢	华凌	100#	candidate	usable	confirm_before_use	purchase_2024_candidate_rows=2208；purchase_2024_source_rows=2209；draft_sku_id=SKU-DRAFT-002182	缺失规格：长度；整理依据：适用气体/长度缺失；导入口径：confirm_then_import；重分类：焊接工具/气割工具 -> 焊接切割/焊割工具；分类置信度：high；割枪是气割作业工具，归焊割工具。	2026-07-03
TOOL-000336	灰斗	材质：铁；类型：灰斗		工具量具/手动工具	个			铁灰斗	TOOL-000336 灰斗 施工工具/灰斗 个 材质：铁 类型：灰斗 铁灰斗 铁			candidate	needs_review	clarify_specs_before_use	purchase_2024_candidate_rows=2209；purchase_2024_source_rows=2210；draft_sku_id=SKU-DRAFT-002183	缺失规格：尺寸；容量；整理依据：容量/尺寸缺失，无法区分灰斗SKU；导入口径：do_not_import_missing_specs；重分类：施工工具/灰斗 -> 工具量具/手动工具；分类置信度：medium；铁灰斗为施工手持工具器具。	2026-07-03
SAFE-000125	警示反光胶带	品牌：3M；用途：警示；长度：50m		安全消防/警示标识	卷			3M警示反光胶带50m	SAFE-000125 警示反光胶带 安全标识/反光材料 卷 品牌：3M 用途：警示 长度：50m 3M警示反光胶带50m 3M 警示 50m	3M		candidate	needs_review	clarify_specs_before_use	purchase_2024_candidate_rows=2210；purchase_2024_source_rows=2211；draft_sku_id=SKU-DRAFT-002184	缺失规格：宽度；颜色；整理依据：宽度/颜色缺失，无法区分反光胶带SKU；导入口径：do_not_import_missing_specs；重分类：安全标识/反光材料 -> 安全消防/警示标识；分类置信度：high；警示反光胶带用于现场警示标识。	2026-07-03
SAFE-000126	警示反光踢脚板	用途：警示反光；规格：30cm		安全消防/警示标识	米			警示反光踢脚板30cm	SAFE-000126 警示反光踢脚板 安全标识/反光材料 米 用途：警示反光 规格：30cm 警示反光踢脚板30cm 警示反光 30cm			candidate	needs_review	clarify_specs_before_use	purchase_2024_candidate_rows=2211；purchase_2024_source_rows=2212；draft_sku_id=SKU-DRAFT-002185	缺失规格：材质；口径；颜色；整理依据：30cm维度口径不清，材质/颜色缺失；导入口径：do_not_import_missing_specs；重分类：安全标识/反光材料 -> 安全消防/警示标识；分类置信度：high；反光踢脚板用于现场警示防护。	2026-07-03
CONST-000040	建筑模板	表面/颜色：黑膜；尺寸：1.22m*2.44m；厚度：15mm		建筑材料/模板木方	块			黑膜板1.22m*2.44m*15mm	CONST-000040 建筑模板 建筑材料/模板 块 表面/颜色：黑膜 尺寸：1.22m*2.44m 厚度：15mm 黑膜板1.22m*2.44m*15mm 黑膜 1.22m*2.44m 15mm			candidate	usable	confirm_before_use	purchase_2024_candidate_rows=2212；purchase_2024_source_rows=2213；draft_sku_id=SKU-DRAFT-002186	缺失规格：材质；整理依据：黑膜板按建筑模板归一；材质/周转次数缺失；导入口径：confirm_then_import；重分类：建筑材料/模板 -> 建筑材料/模板木方；分类置信度：high；建筑模板属模板木方类，颜色尺寸为规格。	2026-07-03
MAT-000234	方木	截面：30*30；长度：3m		建筑材料/模板木方	根			方木30*30*3m	MAT-000234 方木 建筑材料/木材 根 截面：30*30 长度：3m 方木30*30*3m 30*30 3m			candidate	usable	confirm_before_use	purchase_2024_candidate_rows=2213；purchase_2024_source_rows=2214；draft_sku_id=SKU-DRAFT-002187	缺失规格：材质；整理依据：木材等级/材质缺失；导入口径：confirm_then_import；重分类：建筑材料/木材 -> 建筑材料/模板木方；分类置信度：high；方木用于模板木方，规格差异不拆类。	2026-07-03
MAT-000235	加气块	尺寸：200*300*600		建筑材料/砖砌材料	块			加气块200*300*600	MAT-000235 加气块 建材/砌块 块 尺寸：200*300*600 加气块200*300*600 200*300*600			candidate	needs_review	clarify_specs_before_use	purchase_2024_candidate_rows=2214；purchase_2024_source_rows=2215；draft_sku_id=SKU-DRAFT-002188	缺失规格：强度等级；整理依据：强度等级/容重缺失，无法区分加气块SKU；导入口径：do_not_import_missing_specs；重分类：建材/砌块 -> 建筑材料/砖砌材料；分类置信度：high；加气块是砌体材料，旧建材口径过宽。	2026-07-03
CHEM-000158	自喷漆	品牌：威粤；颜色：白色；类型：自喷漆		化工胶粘涂料/涂料	瓶			威粤白色自动喷漆	CHEM-000158 自喷漆 油漆涂料/自喷漆 瓶 品牌：威粤 颜色：白色 类型：自喷漆 威粤白色自动喷漆 威粤 白色	威粤		candidate	needs_review	clarify_specs_before_use	purchase_2024_candidate_rows=2215；purchase_2024_source_rows=2216；draft_sku_id=SKU-DRAFT-002189	缺失规格：容量；色号；整理依据：自动喷漆按自喷漆归一；容量/色号缺失；导入口径：do_not_import_missing_specs；重分类：油漆涂料/自喷漆 -> 化工胶粘涂料/涂料；分类置信度：high；自喷漆为涂料类化工材料。	2026-07-03
HW-LOCK-000017	挂锁	材质：不锈钢；特性：防水；类型：通用挂锁		清洁办公后勤/门窗五金	把			不锈钢通用防水挂锁	HW-LOCK-000017 挂锁 五金/锁具 把 材质：不锈钢 特性：防水 类型：通用挂锁 不锈钢通用防水挂锁 不锈钢 防水 通用挂锁			candidate	needs_review	clarify_specs_before_use	purchase_2024_candidate_rows=2216；purchase_2024_source_rows=2217；draft_sku_id=SKU-DRAFT-002190	缺失规格：规格；尺寸；整理依据：规格/锁梁尺寸缺失，无法区分挂锁SKU；导入口径：do_not_import_missing_specs；重分类：五金/锁具 -> 清洁办公后勤/门窗五金；分类置信度：high；挂锁属门窗锁具五金，旧五金口径需归并。	2026-07-03
SAFE-000127	红花油	类型：红花油		劳保防护/急救用品	瓶			红花油	SAFE-000127 红花油 劳保/急救用品 瓶 类型：红花油			candidate	needs_review	clarify_specs_before_use	purchase_2024_candidate_rows=2217；purchase_2024_source_rows=2218；draft_sku_id=SKU-DRAFT-002191	缺失规格：品牌；容量；整理依据：品牌/容量缺失，无法区分红花油SKU；导入口径：do_not_import_missing_specs；重分类：劳保/急救用品 -> 劳保防护/急救用品；分类置信度：medium；红花油为现场急救药品，标准表无急救二级，新增二级。	2026-07-03
FAST-000109	膨胀螺丝	规格：Φ10*80		紧固件与连接件/膨胀锚栓	支			膨胀螺丝Φ10*80	FAST-000109 膨胀螺丝 紧固件/膨胀螺丝 支 规格：Φ10*80 膨胀螺丝Φ10*80 Φ10*80			candidate	usable	confirm_before_use	purchase_2024_candidate_rows=2218；purchase_2024_source_rows=2219；draft_sku_id=SKU-DRAFT-002192	缺失规格：材质；表面处理；整理依据：材质/表面处理缺失；导入口径：confirm_then_import；重分类：紧固件/膨胀螺丝 -> 紧固件与连接件/膨胀锚栓；分类置信度：high；样例均为膨胀螺丝，五金备件旧口径过宽。	2026-07-03
FAST-000110	膨胀螺丝	规格：Φ10*110		紧固件与连接件/膨胀锚栓	支			膨胀螺丝Φ10*110	FAST-000110 膨胀螺丝 紧固件/膨胀螺丝 支 规格：Φ10*110 膨胀螺丝Φ10*110 Φ10*110			candidate	usable	confirm_before_use	purchase_2024_candidate_rows=2219；purchase_2024_source_rows=2220；draft_sku_id=SKU-DRAFT-002193	缺失规格：材质；表面处理；整理依据：材质/表面处理缺失；导入口径：confirm_then_import；重分类：紧固件/膨胀螺丝 -> 紧固件与连接件/膨胀锚栓；分类置信度：high；样例均为膨胀螺丝，五金备件旧口径过宽。	2026-07-03
FAST-000111	膨胀螺丝	规格：Φ12*80		紧固件与连接件/膨胀锚栓	支			膨胀螺丝Φ12*80	FAST-000111 膨胀螺丝 紧固件/膨胀螺丝 支 规格：Φ12*80 膨胀螺丝Φ12*80 Φ12*80			candidate	usable	confirm_before_use	purchase_2024_candidate_rows=2220；purchase_2024_source_rows=2221；draft_sku_id=SKU-DRAFT-002194	缺失规格：材质；表面处理；整理依据：材质/表面处理缺失；导入口径：confirm_then_import；重分类：紧固件/膨胀螺丝 -> 紧固件与连接件/膨胀锚栓；分类置信度：high；样例均为膨胀螺丝，五金备件旧口径过宽。	2026-07-03
FAST-000112	膨胀螺丝	规格：Φ8*70		紧固件与连接件/膨胀锚栓	支			膨胀螺丝Φ8*70	FAST-000112 膨胀螺丝 紧固件/膨胀螺丝 支 规格：Φ8*70 膨胀螺丝Φ8*70 Φ8*70			candidate	usable	confirm_before_use	purchase_2024_candidate_rows=2221；purchase_2024_source_rows=2222；draft_sku_id=SKU-DRAFT-002195	缺失规格：材质；表面处理；整理依据：材质/表面处理缺失；导入口径：confirm_then_import；重分类：紧固件/膨胀螺丝 -> 紧固件与连接件/膨胀锚栓；分类置信度：high；样例均为膨胀螺丝，五金备件旧口径过宽。	2026-07-03
FAST-000113	膨胀螺丝	规格：Φ8*90		紧固件与连接件/膨胀锚栓	支			膨胀螺丝Φ8*90	FAST-000113 膨胀螺丝 紧固件/膨胀螺丝 支 规格：Φ8*90 膨胀螺丝Φ8*90 Φ8*90			candidate	usable	confirm_before_use	purchase_2024_candidate_rows=2222；purchase_2024_source_rows=2223；draft_sku_id=SKU-DRAFT-002196	缺失规格：材质；表面处理；整理依据：材质/表面处理缺失；导入口径：confirm_then_import；重分类：紧固件/膨胀螺丝 -> 紧固件与连接件/膨胀锚栓；分类置信度：high；样例均为膨胀螺丝，五金备件旧口径过宽。	2026-07-03
FAST-000114	膨胀螺丝	规格：Φ12*110		紧固件与连接件/膨胀锚栓	支			膨胀螺丝Φ12*110	FAST-000114 膨胀螺丝 紧固件/膨胀螺丝 支 规格：Φ12*110 膨胀螺丝Φ12*110 Φ12*110			candidate	usable	confirm_before_use	purchase_2024_candidate_rows=2223；purchase_2024_source_rows=2224；draft_sku_id=SKU-DRAFT-002197	缺失规格：材质；表面处理；整理依据：材质/表面处理缺失；导入口径：confirm_then_import；重分类：紧固件/膨胀螺丝 -> 紧固件与连接件/膨胀锚栓；分类置信度：high；样例均为膨胀螺丝，五金备件旧口径过宽。	2026-07-03
CONST-000041	门板插销	材质：不锈钢；用途：门板；类型：插销		清洁办公后勤/门窗五金	付			不锈钢门板插销	CONST-000041 门板插销 五金/门窗五金 付 材质：不锈钢 用途：门板 类型：插销 不锈钢门板插销 不锈钢 门板 插销			candidate	needs_review	clarify_specs_before_use	purchase_2024_candidate_rows=2224；purchase_2024_source_rows=2225；draft_sku_id=SKU-DRAFT-002198	缺失规格：尺寸；整理依据：尺寸/孔距缺失，无法区分插销SKU；导入口径：do_not_import_missing_specs；重分类：五金/门窗五金 -> 清洁办公后勤/门窗五金；分类置信度：high；门板插销属于门窗五金。	2026-07-03
FAST-000115	十字螺丝	头型：十字；规格：Φ5*60		紧固件与连接件/螺丝	套			十字螺丝Φ5*60	FAST-000115 十字螺丝 紧固件/螺丝 套 头型：十字 规格：Φ5*60 十字螺丝Φ5*60 十字 Φ5*60			candidate	needs_review	clarify_specs_before_use	purchase_2024_candidate_rows=2225；purchase_2024_source_rows=2226；draft_sku_id=SKU-DRAFT-002199	缺失规格：材质；套件内容；整理依据：单位为套但套件内容缺失，材质缺失；导入口径：do_not_import_missing_specs；重分类：紧固件/螺丝 -> 紧固件与连接件/螺丝；分类置信度：high；十字头螺丝属标准紧固件。	2026-07-03
FAST-000116	螺丝套件	强度等级：8.8；规格：M16*50；包含：平垫+弹垫		紧固件与连接件/螺丝	套			8.8级M16*50螺丝带平弹垫	FAST-000116 螺丝套件 紧固件/螺丝套件 套 强度等级：8.8 规格：M16*50 包含：平垫+弹垫 8.8级M16*50螺丝带平弹垫 8.8 M16*50 平垫+弹垫			candidate	needs_review	clarify_specs_before_use	purchase_2024_candidate_rows=2226；purchase_2024_source_rows=2227；draft_sku_id=SKU-DRAFT-002200	缺失规格：材质；整理依据：螺母是否包含缺失，材质缺失；导入口径：do_not_import_missing_specs；重分类：紧固件/螺丝套件 -> 紧固件与连接件/螺丝；分类置信度：high；螺丝带平垫弹垫仍属螺丝紧固件。	2026-07-03
FAST-000117	螺丝套件	强度等级：8.8；规格：M16*120；包含：平垫+弹垫		紧固件与连接件/螺丝	套			8.8级M16*120螺丝带平弹垫	FAST-000117 螺丝套件 紧固件/螺丝套件 套 强度等级：8.8 规格：M16*120 包含：平垫+弹垫 8.8级M16*120螺丝带平弹垫 8.8 M16*120 平垫+弹垫			candidate	needs_review	clarify_specs_before_use	purchase_2024_candidate_rows=2227；purchase_2024_source_rows=2228；draft_sku_id=SKU-DRAFT-002201	缺失规格：材质；整理依据：螺母是否包含缺失，材质缺失；导入口径：do_not_import_missing_specs；重分类：紧固件/螺丝套件 -> 紧固件与连接件/螺丝；分类置信度：high；螺丝带平垫弹垫仍属螺丝紧固件。	2026-07-03
FAST-000118	螺丝杆	强度等级：8.8；规格：M10*30		紧固件与连接件/螺杆	套			8.8级M10*30螺丝杆	FAST-000118 螺丝杆 紧固件/螺杆 套 强度等级：8.8 规格：M10*30 8.8级M10*30螺丝杆 8.8 M10*30			candidate	needs_review	clarify_specs_before_use	purchase_2024_candidate_rows=2228；purchase_2024_source_rows=2229；draft_sku_id=SKU-DRAFT-002202	缺失规格：材质；套件内容；整理依据：单位为套但套件内容不明，材质缺失；导入口径：do_not_import_missing_specs；重分类：紧固件/螺杆 -> 紧固件与连接件/螺杆；分类置信度：high；螺丝杆按螺杆类紧固件处理。	2026-07-03
MAT-000236	防冻保温棉	特性：防冻；规格：Φ50		建筑材料/保温材料	根			防冻保温棉Φ50	MAT-000236 防冻保温棉 保温材料/保温棉 根 特性：防冻 规格：Φ50 防冻保温棉Φ50 防冻 Φ50			candidate	needs_review	clarify_specs_before_use	purchase_2024_candidate_rows=2229；purchase_2024_source_rows=2230；draft_sku_id=SKU-DRAFT-002203	缺失规格：材质；长度；厚度；整理依据：厚度/材质/长度缺失，无法区分保温棉SKU；导入口径：do_not_import_missing_specs；重分类：保温材料/保温棉 -> 建筑材料/保温材料；分类置信度：high；保温棉属于建筑保温材料。	2026-07-03
ELEC-000238	电缆三角支架	用途：电缆；结构：三角支架；高度：0.45m		电气电料/电气辅材	只			电缆三角支架高0.45m	ELEC-000238 电缆三角支架 电气/电缆支架 只 用途：电缆 结构：三角支架 高度：0.45m 电缆三角支架高0.45m 电缆 三角支架 0.45m			candidate	needs_review	clarify_specs_before_use	purchase_2024_candidate_rows=2230；purchase_2024_source_rows=2231；draft_sku_id=SKU-DRAFT-002204	缺失规格：材质；整理依据：材质/承载缺失，无法区分电缆支架SKU；导入口径：do_not_import_missing_specs；重分类：电气/电缆支架 -> 电气电料/电气辅材；分类置信度：high；电缆支架用于电缆敷设固定。	2026-07-03
SAFE-000128	雨鞋	品牌：回力；尺码：41码；配置：带衬里		劳保防护/足部防护	双			41码回力雨鞋带衬里	SAFE-000128 雨鞋 劳保耗材/雨具 双 品牌：回力 尺码：41码 配置：带衬里 41码回力雨鞋带衬里 回力 41码 带衬里	回力		candidate	usable	confirm_before_use	purchase_2024_candidate_rows=2231；purchase_2024_source_rows=2232；draft_sku_id=SKU-DRAFT-002205	缺失规格：材质；整理依据：材质/筒高缺失；导入口径：confirm_then_import；重分类：劳保耗材/雨具 -> 劳保防护/足部防护；分类置信度：high；雨鞋属于足部防护，雨具属性不单独分类。	2026-07-03
MAT-000237	油布	特征：加厚；尺寸：4m*4m		包装覆盖周转/覆盖材料	块			加厚油布4m*4m	MAT-000237 油布 覆盖材料/油布 块 特征：加厚 尺寸：4m*4m 加厚油布4m*4m 加厚 4m*4m			candidate	needs_review	clarify_specs_before_use	purchase_2024_candidate_rows=2232；purchase_2024_source_rows=2233；draft_sku_id=SKU-DRAFT-002206	缺失规格：材质；整理依据：材质/克重/防水等级缺失，无法区分油布SKU；导入口径：do_not_import_missing_specs；重分类：覆盖材料/油布 -> 包装覆盖周转/覆盖材料；分类置信度：high；油布用于覆盖防护，旧劳保耗材不应作为分类。	2026-07-03
MAT-000238	油布	特征：加厚；尺寸：4m*8m		包装覆盖周转/覆盖材料	块			加厚油布4m*8m	MAT-000238 油布 覆盖材料/油布 块 特征：加厚 尺寸：4m*8m 加厚油布4m*8m 加厚 4m*8m			candidate	needs_review	clarify_specs_before_use	purchase_2024_candidate_rows=2233；purchase_2024_source_rows=2234；draft_sku_id=SKU-DRAFT-002207	缺失规格：材质；整理依据：材质/克重/防水等级缺失，无法区分油布SKU；导入口径：do_not_import_missing_specs；重分类：覆盖材料/油布 -> 包装覆盖周转/覆盖材料；分类置信度：high；油布用于覆盖防护，旧劳保耗材不应作为分类。	2026-07-03
MAT-000239	混凝土振动棒	型号/规格：35型		施工机具设备/振捣设备	根			35型振动棒	MAT-000239 混凝土振动棒 施工设备/振动棒 根 型号/规格：35型 35型振动棒 35型			candidate	needs_review	clarify_specs_before_use	purchase_2024_candidate_rows=2234；purchase_2024_source_rows=2235；draft_sku_id=SKU-DRAFT-002208	缺失规格：长度；电压；整理依据：电压/长度/接口缺失，无法区分振动棒SKU；导入口径：do_not_import_missing_specs；重分类：施工设备/振动棒 -> 施工机具设备/振捣设备；分类置信度：high；混凝土振动棒为施工振捣设备；新建二级振捣设备。	2026-07-03
TOOL-000337	锂电电钻套装	品牌：东成；供电：锂电；配置：带螺丝刀套装		电动气动工具/电动工具	台			东成锂电电钻带螺丝刀套装	TOOL-000337 锂电电钻套装 电动工具/手电钻 台 品牌：东成 供电：锂电 配置：带螺丝刀套装 东成锂电电钻带螺丝刀套装 东成 锂电 带螺丝刀套装	东成		candidate	needs_review	clarify_specs_before_use	purchase_2024_candidate_rows=2235；purchase_2024_source_rows=2236；draft_sku_id=SKU-DRAFT-002209	缺失规格：电压；整理依据：电压/电池配置缺失，无法区分电钻套装SKU；导入口径：do_not_import_missing_specs；重分类：电动工具/手电钻 -> 电动气动工具/电动工具；分类置信度：high；锂电电钻套装为电动工具。	2026-07-03
WELD-000061	氧气检测表	介质：氧气；类型：检测表		工具量具/检测仪器	只			氧气检测表	WELD-000061 氧气检测表 仪表/气体检测仪表 只 介质：氧气 类型：检测表 氧气 检测表			candidate	needs_review	clarify_specs_before_use	purchase_2024_candidate_rows=2236；purchase_2024_source_rows=2237；draft_sku_id=SKU-DRAFT-002210	缺失规格：量程；精度；整理依据：量程/精度缺失，无法区分检测表SKU；导入口径：do_not_import_missing_specs；重分类：仪表/气体检测仪表 -> 工具量具/检测仪器；分类置信度：medium；氧气检测表本质是检测仪表，旧仪表类可归检测仪器。	2026-07-03
WELD-000062	乙炔检测表	介质：乙炔；类型：检测表		焊接切割/气瓶附件	只			乙炔检测表	WELD-000062 乙炔检测表 仪表/气体检测仪表 只 介质：乙炔 类型：检测表 乙炔 检测表			candidate	needs_review	clarify_specs_before_use	purchase_2024_candidate_rows=2237；purchase_2024_source_rows=2238；draft_sku_id=SKU-DRAFT-002211	缺失规格：量程；精度；整理依据：量程/精度缺失，无法区分检测表SKU；导入口径：do_not_import_missing_specs；重分类：仪表/气体检测仪表 -> 焊接切割/气瓶附件；分类置信度：medium；乙炔检测表用于焊割气体检测，按气瓶附件/气体表具承接。	2026-07-03
MAT-000240	吊装带	额定载荷：1T；长度：1.5m		吊装索具/吊带	根			吊带1T*1.5m	MAT-000240 吊装带 吊装索具/吊带 根 额定载荷：1T 长度：1.5m 吊带1T*1.5m 1T 1.5m			candidate	needs_review	clarify_specs_before_use	purchase_2024_candidate_rows=2238；purchase_2024_source_rows=2239；draft_sku_id=SKU-DRAFT-002212	缺失规格：材质；安全系数；整理依据：材质/安全系数缺失，吊装用品关键规格不足；导入口径：do_not_import_missing_specs	2026-07-03
MAT-000241	吊装带	额定载荷：1T；长度：1m		吊装索具/吊带	根			吊带1T*1m	MAT-000241 吊装带 吊装索具/吊带 根 额定载荷：1T 长度：1m 吊带1T*1m 1T 1m			candidate	needs_review	clarify_specs_before_use	purchase_2024_candidate_rows=2239；purchase_2024_source_rows=2240；draft_sku_id=SKU-DRAFT-002213	缺失规格：材质；安全系数；整理依据：材质/安全系数缺失，吊装用品关键规格不足；导入口径：do_not_import_missing_specs	2026-07-03
FAST-000119	高强度全螺纹螺丝套件	强度等级：12.9；规格：M24*60；螺纹：全螺纹；包含：平垫+弹垫		紧固件与连接件/螺丝	套			12.9级M24*60全芽螺丝带平弹垫	FAST-000119 高强度全螺纹螺丝套件 紧固件/螺丝套件 套 强度等级：12.9 规格：M24*60 螺纹：全螺纹 包含：平垫+弹垫 12.9级M24*60全芽螺丝带平弹垫 12.9 M24*60 全螺纹 平垫+弹垫			candidate	needs_review	clarify_specs_before_use	purchase_2024_candidate_rows=2240；purchase_2024_source_rows=2241；draft_sku_id=SKU-DRAFT-002214	缺失规格：材质；头型；表面处理；整理依据：“全芽”按全牙/全螺纹理解；螺母是否包含缺失；导入口径：do_not_import_missing_specs；重分类：紧固件/螺丝套件 -> 紧固件与连接件/螺丝；分类置信度：high；螺丝套件归螺丝类紧固件，垫圈为随套件配置。	2026-07-03
MAT-000242	抗振储气式压力表	特性：抗振；结构：储气式；类型：压力表		工具量具/检测仪器	只			抗振储气式压力表	MAT-000242 抗振储气式压力表 仪表/压力仪表 只 特性：抗振 结构：储气式 类型：压力表 抗振 储气式 压力表			candidate	needs_review	clarify_specs_before_use	purchase_2024_candidate_rows=2241；purchase_2024_source_rows=2242；draft_sku_id=SKU-DRAFT-002215	缺失规格：量程；整理依据：量程/接口/表径缺失，无法区分压力表SKU；导入口径：do_not_import_missing_specs；重分类：仪表/压力仪表 -> 工具量具/检测仪器；分类置信度：high；压力表用于压力检测，归检测仪器。	2026-07-03
PIPE-000477	镀锌三通	表面处理：镀锌；规格：3寸；类型：三通		管材管件阀门/三通	只			镀锌三通3寸	PIPE-000477 镀锌三通 管件/镀锌管件 只 表面处理：镀锌 规格：3寸 类型：三通 镀锌三通3寸 镀锌 3寸 三通			candidate	needs_review	clarify_specs_before_use	purchase_2024_candidate_rows=2242；purchase_2024_source_rows=2243；draft_sku_id=SKU-DRAFT-002216	缺失规格：材质；压力等级；整理依据：材质/压力等级缺失，无法区分三通SKU；导入口径：do_not_import_missing_specs；重分类：管件/镀锌管件 -> 管材管件阀门/三通；分类置信度：high；三通为标准管件，镀锌只是材质表面处理。	2026-07-03
PIPE-000478	镀锌弯头	表面处理：镀锌；规格：2寸；类型：弯头		管材管件阀门/弯头	只			镀锌弯头2寸	PIPE-000478 镀锌弯头 管件/镀锌管件 只 表面处理：镀锌 规格：2寸 类型：弯头 镀锌弯头2寸 镀锌 2寸 弯头			candidate	needs_review	clarify_specs_before_use	purchase_2024_candidate_rows=2243；purchase_2024_source_rows=2244；draft_sku_id=SKU-DRAFT-002217	缺失规格：压力等级；整理依据：角度/压力等级缺失，无法区分弯头SKU；导入口径：do_not_import_missing_specs；重分类：管件/镀锌管件 -> 管材管件阀门/弯头；分类置信度：high；弯头为标准管件。	2026-07-03
TOOL-000338	圆珠笔	类型：圆珠笔		清洁办公后勤/办公用品	支			圆珠笔	TOOL-000338 圆珠笔 办公用品/书写工具 支 类型：圆珠笔			candidate	needs_review	clarify_specs_before_use	purchase_2024_candidate_rows=2244；purchase_2024_source_rows=2245；draft_sku_id=SKU-DRAFT-002218	缺失规格：品牌；颜色；整理依据：颜色/品牌缺失，无法区分圆珠笔SKU；导入口径：do_not_import_missing_specs；重分类：办公用品/书写工具 -> 清洁办公后勤/办公用品；分类置信度：high；圆珠笔为办公用品。	2026-07-03
ADMIN-000069	记号笔	颜色：白色		清洁办公后勤/办公用品	支			白色记号笔	ADMIN-000069 记号笔 办公用品/书写工具 支 颜色：白色 白色记号笔 白色			candidate	needs_review	clarify_specs_before_use	purchase_2024_candidate_rows=2245；purchase_2024_source_rows=2246；draft_sku_id=SKU-DRAFT-002219	缺失规格：品牌；整理依据：品牌/粗细缺失，无法区分记号笔SKU；导入口径：do_not_import_missing_specs；重分类：办公用品/书写工具 -> 清洁办公后勤/办公用品；分类置信度：high；记号笔为办公书写用品，耗材低耗不作分类。	2026-07-03
WELD-000063	焊机地线夹	适配设备：焊机；类型：地线夹		焊接切割/焊割工具	把			焊机地线夹	WELD-000063 焊机地线夹 焊接工具/焊机配件 把 适配设备：焊机 类型：地线夹 焊机 地线夹			candidate	needs_review	clarify_specs_before_use	purchase_2024_candidate_rows=2246；purchase_2024_source_rows=2247；draft_sku_id=SKU-DRAFT-002220	缺失规格：电流；整理依据：电流等级缺失，无法区分地线夹SKU；导入口径：do_not_import_missing_specs；重分类：焊接工具/焊机配件 -> 焊接切割/焊割工具；分类置信度：high；焊机地线夹为焊接作业夹具配件，归焊割工具。	2026-07-03
ELEC-000239	电缆	品牌：起帆；规格：3*4+1*2.5		电气电料/电线电缆	米			起帆电缆线3*4+1*2.5	ELEC-000239 电缆 电气/电线电缆 米 品牌：起帆 规格：3*4+1*2.5 起帆电缆线3*4+1*2.5 起帆 3*4+1*2.5	起帆		candidate	needs_review	clarify_specs_before_use	purchase_2024_candidate_rows=2247；purchase_2024_source_rows=2248；draft_sku_id=SKU-DRAFT-002221	缺失规格：型号；电压；整理依据：型号/电压等级缺失，无法区分电缆SKU；导入口径：do_not_import_missing_specs；重分类：电气/电线电缆 -> 电气电料/电线电缆；分类置信度：high；样例均为多芯电缆。	2026-07-03
PIPE-000479	不锈钢两片式球阀	品牌：埃美柯；材质：304；结构：两片式；公称通径：DN50		管材管件阀门/阀门	只			埃美柯304两片式球阀DN50	PIPE-000479 不锈钢两片式球阀 阀门/球阀 只 品牌：埃美柯 材质：304 结构：两片式 公称通径：DN50 埃美柯304两片式球阀DN50 埃美柯 304 两片式 DN50	埃美柯		candidate	needs_review	clarify_specs_before_use	purchase_2024_candidate_rows=2248；purchase_2024_source_rows=2249；draft_sku_id=SKU-DRAFT-002222	缺失规格：压力等级；连接方式；整理依据：压力等级/连接方式缺失，无法区分球阀SKU；导入口径：do_not_import_missing_specs；重分类：阀门/球阀 -> 管材管件阀门/阀门；分类置信度：high；球阀属于管路阀门，两片式为结构属性。	2026-07-03
PIPE-000480	焊接变径接头	连接方式：焊接；规格：325/159；类型：变径接头		管材管件阀门/异径接头	只			焊接变径接头325/159	PIPE-000480 焊接变径接头 管件/焊接管件 只 连接方式：焊接 规格：325/159 类型：变径接头 焊接变径接头325/159 焊接 325/159 变径接头			candidate	needs_review	clarify_specs_before_use	purchase_2024_candidate_rows=2249；purchase_2024_source_rows=2250；draft_sku_id=SKU-DRAFT-002223	缺失规格：材质；压力等级；壁厚；整理依据：材质/壁厚/压力等级缺失，无法区分变径接头SKU；导入口径：do_not_import_missing_specs；重分类：管件/焊接管件 -> 管材管件阀门/异径接头；分类置信度：high；焊接大小口变径管件，标准二级无大小头，新增异径接头。	2026-07-03
PIPE-000481	合金两半扣	材质：合金；规格：DN50；类型：两半扣		液压气动/液压接头	套			合金两半扣DN50	PIPE-000481 合金两半扣 液压/管路扣件 套 材质：合金 规格：DN50 类型：两半扣 合金两半扣DN50 合金 DN50 两半扣			candidate	needs_review	clarify_specs_before_use	purchase_2024_candidate_rows=2250；purchase_2024_source_rows=2251；draft_sku_id=SKU-DRAFT-002224	缺失规格：压力等级；整理依据：适配管件/压力等级缺失，无法区分两半扣SKU；导入口径：do_not_import_missing_specs；重分类：液压/管路扣件 -> 液压气动/液压接头；分类置信度：high；两半扣用于液压管路连接固定。	2026-07-03
PIPE-000482	两半扣	材质：合金；规格：DN80；类型：两半扣		液压气动/液压接头	套			合金两半扣DN80	PIPE-000482 两半扣 液压/管路扣件 套 材质：合金 规格：DN80 类型：两半扣 合金两半扣DN80 合金 DN80			candidate	usable	confirm_before_use	purchase_2024_candidate_rows=2251；purchase_2024_source_rows=2252；draft_sku_id=SKU-DRAFT-002225	缺失规格：压力等级；整理依据：适配管件/压力等级缺失；导入口径：confirm_then_import；重分类：液压/管路扣件 -> 液压气动/液压接头；分类置信度：medium；两半扣用于液压/高压管路扣接，按液压接头承接。	2026-07-03
ELEC-000240	钳形万用表	品牌：世达；类型：钳形万用表		工具量具/检测仪器	只			世达钳型万用表	ELEC-000240 钳形万用表 仪表/电气仪表 只 品牌：世达 类型：钳形万用表 世达钳型万用表 世达	世达		candidate	usable	confirm_before_use	purchase_2024_candidate_rows=2252；purchase_2024_source_rows=2253；draft_sku_id=SKU-DRAFT-002226	缺失规格：量程；精度；整理依据：量程/精度缺失；导入口径：confirm_then_import；重分类：仪表/电气仪表 -> 工具量具/检测仪器；分类置信度：high；钳形万用表用于电气检测。	2026-07-03
PIPE-000483	镀锌外丝六角直接	表面处理：镀锌；连接：外丝；结构：六角；规格：2寸		管材管件阀门/直接	只			镀锌外丝六角直接2寸	PIPE-000483 镀锌外丝六角直接 管件/镀锌管件 只 表面处理：镀锌 连接：外丝 结构：六角 规格：2寸 镀锌外丝六角直接2寸 镀锌 外丝 六角 2寸			candidate	usable	confirm_before_use	purchase_2024_candidate_rows=2253；purchase_2024_source_rows=2254；draft_sku_id=SKU-DRAFT-002227	缺失规格：材质；压力等级；整理依据：材质/压力等级缺失；导入口径：confirm_then_import；重分类：管件/镀锌管件 -> 管材管件阀门/直接；分类置信度：high；外丝六角直接是直通连接管件。	2026-07-03
MAT-000243	混凝土振动棒	电压：380V；直径：Φ50；长度：6m		施工机具设备/振捣设备	根			振动棒380V-Φ50-6m	MAT-000243 混凝土振动棒 施工设备/振动棒 根 电压：380V 直径：Φ50 长度：6m 振动棒380V-Φ50-6m 380V Φ50 6m			candidate	usable	confirm_before_use	purchase_2024_candidate_rows=2254；purchase_2024_source_rows=2255；draft_sku_id=SKU-DRAFT-002228	缺失规格：功率；整理依据：功率/接口缺失；导入口径：confirm_then_import；重分类：施工设备/振动棒 -> 施工机具设备/振捣设备；分类置信度：high；混凝土振动棒为施工振捣设备；新建二级振捣设备。	2026-07-03
METAL-000164	镀锌钢丝绳	表面处理：镀锌；直径：Φ12		吊装索具/钢丝绳	米			镀锌钢丝绳Φ12	METAL-000164 镀锌钢丝绳 吊装索具/钢丝绳 米 表面处理：镀锌 直径：Φ12 镀锌钢丝绳Φ12 镀锌 Φ12			candidate	needs_review	clarify_specs_before_use	purchase_2024_candidate_rows=2255；purchase_2024_source_rows=2256；draft_sku_id=SKU-DRAFT-002229	缺失规格：材质；规格；厚度；长度；执行标准；整理依据：结构/破断拉力缺失，会影响钢丝绳SKU区分；导入口径：do_not_import_missing_specs	2026-07-03
FAST-000120	镀锌膨胀钩	表面处理：镀锌；规格：M16*130		紧固件与连接件/膨胀锚栓	只			镀锌膨胀钩M16*130	FAST-000120 镀锌膨胀钩 紧固件/膨胀件 只 表面处理：镀锌 规格：M16*130 镀锌膨胀钩M16*130 镀锌 M16*130			candidate	usable	confirm_before_use	purchase_2024_candidate_rows=2256；purchase_2024_source_rows=2257；draft_sku_id=SKU-DRAFT-002230	缺失规格：材质；整理依据：承载/材质缺失；导入口径：confirm_then_import；重分类：紧固件/膨胀件 -> 紧固件与连接件/膨胀锚栓；分类置信度：high；膨胀钩为膨胀锚固件。	2026-07-03
FAST-000121	镀锌花兰螺丝	表面处理：镀锌；规格：M14*350		吊装索具/牵引捆绑	只			镀锌花兰螺丝m14*350	FAST-000121 镀锌花兰螺丝 紧固件/拉紧件 只 表面处理：镀锌 规格：M14*350 镀锌花兰螺丝m14*350 镀锌 M14*350			candidate	usable	confirm_before_use	purchase_2024_candidate_rows=2257；purchase_2024_source_rows=2258；draft_sku_id=SKU-DRAFT-002231	缺失规格：材质；整理依据：材质/结构形式缺失；导入口径：confirm_then_import；重分类：紧固件/拉紧件 -> 吊装索具/牵引捆绑；分类置信度：medium；花兰螺丝用于索具拉紧调节，旧紧固件偏窄。	2026-07-03
MAT-000244	镀锌花兰扣	表面处理：镀锌；规格：M14		吊装索具/牵引捆绑	只			镀锌花兰扣m14	MAT-000244 镀锌花兰扣 紧固件/拉紧件 只 表面处理：镀锌 规格：M14 镀锌花兰扣m14 镀锌 M14			candidate	needs_review	clarify_specs_before_use	purchase_2024_candidate_rows=2258；purchase_2024_source_rows=2259；draft_sku_id=SKU-DRAFT-002232	缺失规格：长度；整理依据：长度/结构形式缺失，会影响花兰扣SKU区分；导入口径：do_not_import_missing_specs；重分类：紧固件/拉紧件 -> 吊装索具/牵引捆绑；分类置信度：medium；花兰扣用于拉紧牵引，较适合吊装索具牵引捆绑。	2026-07-03
PIPE-000484	镀锌内丝直接	表面处理：镀锌；连接：内丝；规格：2寸		管材管件阀门/直接	只			镀锌内丝直接2寸	PIPE-000484 镀锌内丝直接 管件/镀锌管件 只 表面处理：镀锌 连接：内丝 规格：2寸 镀锌内丝直接2寸 镀锌 内丝 2寸			candidate	usable	confirm_before_use	purchase_2024_candidate_rows=2259；purchase_2024_source_rows=2260；draft_sku_id=SKU-DRAFT-002233	缺失规格：材质；压力等级；整理依据：材质/压力等级缺失；提示与同类候选可合并；导入口径：confirm_then_import；重分类：管件/镀锌管件 -> 管材管件阀门/直接；分类置信度：high；内丝直接为直通连接管件。	2026-07-03
ELEC-000241	电缆	品牌：起帆；规格：3*16+1*10		电气电料/电线电缆	米			起帆电缆线3*16+1*10	ELEC-000241 电缆 电气/电线电缆 米 品牌：起帆 规格：3*16+1*10 起帆电缆线3*16+1*10 起帆 3*16+1*10	起帆		candidate	needs_review	clarify_specs_before_use	purchase_2024_candidate_rows=2260；purchase_2024_source_rows=2261；draft_sku_id=SKU-DRAFT-002234	缺失规格：型号；材质；电压；整理依据：型号/电压等级/护套材质缺失，无法稳定区分电缆SKU；导入口径：do_not_import_missing_specs；重分类：电气/电线电缆 -> 电气电料/电线电缆；分类置信度：high；样例均为多芯电缆。	2026-07-03
FAST-000122	圆头螺丝套件	头型：圆头；规格：M5*70；套件组成：平垫+弹垫		紧固件与连接件/螺丝	套			圆头螺丝m5*70带平 弹垫	FAST-000122 圆头螺丝套件 紧固件/螺丝套件 套 头型：圆头 规格：M5*70 套件组成：平垫+弹垫 圆头螺丝m5*70带平 弹垫 圆头 M5*70 平垫+弹垫			candidate	needs_review	clarify_specs_before_use	purchase_2024_candidate_rows=2261；purchase_2024_source_rows=2262；draft_sku_id=SKU-DRAFT-002235	缺失规格：材质；强度等级；整理依据：材质/强度等级/是否含螺母缺失，会影响螺丝套件SKU区分；导入口径：do_not_import_missing_specs；重分类：紧固件/螺丝套件 -> 紧固件与连接件/螺丝；分类置信度：high；圆头螺丝及垫片套装按主体螺丝归类。	2026-07-03
METAL-000165	不锈钢潜水搅拌机	材质：304不锈钢；电压：380V；功率：4kW		施工机具设备/搅拌设备	台			304不锈钢潜水搅拌机380V-4KW	METAL-000165 不锈钢潜水搅拌机 环保设备/搅拌设备 台 材质：304不锈钢 电压：380V 功率：4kW 304不锈钢潜水搅拌机380V-4KW 304不锈钢 380V 4kW			candidate	needs_review	clarify_specs_before_use	purchase_2024_candidate_rows=2262；purchase_2024_source_rows=2263；draft_sku_id=SKU-DRAFT-002236	缺失规格：品牌；整理依据：品牌/叶轮形式/安装方式缺失，会影响设备选型；导入口径：do_not_import_missing_specs；重分类：环保设备/搅拌设备 -> 施工机具设备/搅拌设备；分类置信度：high；潜水搅拌机是搅拌设备整机，旧环保设备不是标准一级。	2026-07-03
TOOL-000339	LED强光手电筒	供电方式：充电式；光源：LED；类型：强光		电气电料/照明灯具	只			充电式LED强光手电筒	TOOL-000339 LED强光手电筒 工具/照明工具 只 供电方式：充电式 光源：LED 类型：强光 充电式LED强光手电筒 充电式 LED 强光			candidate	needs_review	clarify_specs_before_use	purchase_2024_candidate_rows=2263；purchase_2024_source_rows=2264；draft_sku_id=SKU-DRAFT-002237	缺失规格：品牌；整理依据：品牌/亮度/续航缺失，会影响手电筒SKU区分；导入口径：do_not_import_missing_specs；重分类：工具/照明工具 -> 电气电料/照明灯具；分类置信度：medium；强光手电是便携照明器具，旧“工具”按实物转照明灯具。	2026-07-03
MAT-000245	塑料凳	材质：塑料；特征：加厚		清洁办公后勤/生活用品	个			加厚塑料凳子	MAT-000245 塑料凳 行政后勤/家具用品 个 材质：塑料 特征：加厚 加厚塑料凳子 塑料 加厚			candidate	usable	confirm_before_use	purchase_2024_candidate_rows=2264；purchase_2024_source_rows=2265；draft_sku_id=SKU-DRAFT-002238	缺失规格：尺寸；整理依据：尺寸/承重缺失，按加厚塑料凳先建候选；导入口径：confirm_then_import；重分类：行政后勤/家具用品 -> 清洁办公后勤/生活用品；分类置信度：high；塑料凳为后勤生活用品。	2026-07-03
MAT-CEM-000015	硅酸盐水泥	品牌：海螺；强度等级：42.5		建筑材料/水泥砂石	包			海螺42.5水泥	MAT-CEM-000015 硅酸盐水泥 建材/水泥 包 品牌：海螺 强度等级：42.5 海螺42.5水泥 海螺 42.5	海螺		candidate	needs_review	clarify_specs_before_use	purchase_2024_candidate_rows=2265；purchase_2024_source_rows=2266；draft_sku_id=SKU-DRAFT-002239	缺失规格：类型；包装重量；整理依据：类型/每包重量缺失，按包采购无法稳定区分水泥SKU；导入口径：do_not_import_missing_specs；重分类：建材/水泥 -> 建筑材料/水泥砂石；分类置信度：high；硅酸盐水泥属于水泥材料。	2026-07-03
METAL-000166	铁丝	材质：铁；规格：14#		金属材料/金属丝材	KG			铁丝14#	METAL-000166 铁丝 金属材料/铁丝 KG 材质：铁 规格：14# 铁丝14# 铁 14#			candidate	usable	confirm_before_use	purchase_2024_candidate_rows=2266；purchase_2024_source_rows=2267；draft_sku_id=SKU-DRAFT-002240	缺失规格：表面处理；整理依据：表面处理/线径换算缺失；提示与同类候选可合并；导入口径：confirm_then_import；重分类：金属材料/铁丝 -> 金属材料/金属丝材；分类置信度：high；新建二级金属丝材；铁丝是金属线材，旧五金耗材不宜保留。	2026-07-03
METAL-000167	钢丝绳	直径：Φ20；长度：6m		吊装索具/钢丝绳	根			钢丝绳Φ20*6m	METAL-000167 钢丝绳 吊装索具/钢丝绳 根 直径：Φ20 长度：6m 钢丝绳Φ20*6m Φ20 6m			candidate	needs_review	clarify_specs_before_use	purchase_2024_candidate_rows=2267；purchase_2024_source_rows=2268；draft_sku_id=SKU-DRAFT-002241	缺失规格：材质；规格；厚度；执行标准；整理依据：结构/破断拉力/安全标准缺失，会影响钢丝绳SKU区分；导入口径：do_not_import_missing_specs	2026-07-03
ELEC-000242	插线板	品牌：公牛；线长：3m；结构：双排		电气电料/插头插座	只			公牛3m双排插线板	ELEC-000242 插线板 电气/插座插排 只 品牌：公牛 线长：3m 结构：双排 公牛3m双排插线板 公牛 3m 双排	公牛		candidate	needs_review	clarify_specs_before_use	purchase_2024_candidate_rows=2268；purchase_2024_source_rows=2269；draft_sku_id=SKU-DRAFT-002242	缺失规格：电流；整理依据：原单位“根”疑似按线计，建议按只；孔位数/额定电流缺失；导入口径：do_not_import_missing_specs；重分类：电气/插座插排 -> 电气电料/插头插座；分类置信度：high；插线板是移动插座，归插头插座。	2026-07-03
MAT-CEM-000016	黄砂	类型：黄砂		建筑材料/水泥砂石	吨			黄砂	MAT-CEM-000016 黄砂 建材/砂石 吨 类型：黄砂			candidate	needs_review	clarify_specs_before_use	purchase_2024_candidate_rows=2269；purchase_2024_source_rows=2270；draft_sku_id=SKU-DRAFT-002243	缺失规格：强度等级；包装重量；品牌；整理依据：粒径/含泥量/用途缺失，会影响砂石验收和SKU区分；导入口径：do_not_import_missing_specs；重分类：建材/砂石 -> 建筑材料/水泥砂石；分类置信度：high；黄砂属于砂石建材。	2026-07-03
MAT-000246	加气混凝土砌块	尺寸：200*300*600		建筑材料/砖砌材料	块			加气块200*300*600	MAT-000246 加气混凝土砌块 建材/砌块 块 尺寸：200*300*600 加气块200*300*600 200*300*600			candidate	needs_review	clarify_specs_before_use	purchase_2024_candidate_rows=2270；purchase_2024_source_rows=2271；draft_sku_id=SKU-DRAFT-002244	缺失规格：强度等级；整理依据：强度等级/密度等级缺失，会影响砌块SKU区分；导入口径：do_not_import_missing_specs；重分类：建材/砌块 -> 建筑材料/砖砌材料；分类置信度：high；加气混凝土砌块是砌体材料。	2026-07-03
ELEC-000243	欧标转换插头	标准：欧标；孔位：5孔；功能：带USB		电气电料/插头插座	只			5孔带USB欧标转换插头	ELEC-000243 欧标转换插头 电气/插头插座 只 标准：欧标 孔位：5孔 功能：带USB 5孔带USB欧标转换插头 欧标 5孔 带USB			candidate	usable	confirm_before_use	purchase_2024_candidate_rows=2271；purchase_2024_source_rows=2272；draft_sku_id=SKU-DRAFT-002245	缺失规格：电流；整理依据：额定电流/USB输出参数缺失；导入口径：confirm_then_import；重分类：电气/插头插座 -> 电气电料/插头插座；分类置信度：high；转换插头属于插头插座类。	2026-07-03
TOOL-000340	劳动车轮胎套件	适配对象：劳动车；套件组成：车轮+实心车胎		设备备件/通用机械备件	套			劳动车轮+实心车胎	TOOL-000340 劳动车轮胎套件 搬运工具/手推车配件 套 适配对象：劳动车 套件组成：车轮+实心车胎 劳动车轮+实心车胎 劳动车 车轮+实心车胎			candidate	needs_review	clarify_specs_before_use	purchase_2024_candidate_rows=2272；purchase_2024_source_rows=2273；draft_sku_id=SKU-DRAFT-002246	缺失规格：尺寸；整理依据：轮径/轴孔尺寸缺失，无法稳定区分轮胎套件SKU；导入口径：do_not_import_missing_specs；重分类：搬运工具/手推车配件 -> 设备备件/通用机械备件；分类置信度：high；车轮和实心胎是劳动车维修替换件。	2026-07-03
MAT-000247	实木方桌	材质：实木；类型：方桌		清洁办公后勤/生活用品	张			实木方桌	MAT-000247 实木方桌 行政后勤/家具用品 张 材质：实木 类型：方桌 实木 方桌			candidate	needs_review	clarify_specs_before_use	purchase_2024_candidate_rows=2273；purchase_2024_source_rows=2274；draft_sku_id=SKU-DRAFT-002247	缺失规格：表面处理；尺寸；整理依据：尺寸/表面处理缺失，无法稳定区分方桌SKU；导入口径：do_not_import_missing_specs；重分类：行政后勤/家具用品 -> 清洁办公后勤/生活用品；分类置信度：high；方桌为后勤生活/办公家具用品。	2026-07-03
METAL-000168	B型槽钢	型号：B型；规格：10#		金属材料/型钢	米			10#B型槽钢	METAL-000168 B型槽钢 金属材料/型材 米 型号：B型 规格：10# 10#B型槽钢 B型 10#		B型	candidate	usable	confirm_before_use	purchase_2024_candidate_rows=2274；purchase_2024_source_rows=2275；draft_sku_id=SKU-DRAFT-002248	缺失规格：材质；执行标准；整理依据：材质/执行标准缺失；导入口径：confirm_then_import；重分类：金属材料/型材 -> 金属材料/型钢；分类置信度：high；槽钢是型钢，旧钢材/型材口径与标准一致。	2026-07-03
PIPE-000485	镀锌弯头	表面处理：镀锌；规格：6分；类型：弯头		管材管件阀门/弯头	只			镀锌弯头6分	PIPE-000485 镀锌弯头 管件/镀锌管件 只 表面处理：镀锌 规格：6分 类型：弯头 镀锌弯头6分 镀锌 6分 弯头			candidate	needs_review	clarify_specs_before_use	purchase_2024_candidate_rows=2275；purchase_2024_source_rows=2276；draft_sku_id=SKU-DRAFT-002249	缺失规格：压力等级；整理依据：角度/压力等级缺失，会影响弯头SKU区分；导入口径：do_not_import_missing_specs；重分类：管件/镀锌管件 -> 管材管件阀门/弯头；分类置信度：high；弯头为标准管件。	2026-07-03
PIPE-000486	镀锌内丝直接	表面处理：镀锌；连接：内丝；规格：6分		管材管件阀门/直接	只			镀锌内丝直接6分	PIPE-000486 镀锌内丝直接 管件/镀锌管件 只 表面处理：镀锌 连接：内丝 规格：6分 镀锌内丝直接6分 镀锌 内丝 6分			candidate	usable	confirm_before_use	purchase_2024_candidate_rows=2276；purchase_2024_source_rows=2277；draft_sku_id=SKU-DRAFT-002250	缺失规格：材质；压力等级；整理依据：材质/压力等级缺失；导入口径：confirm_then_import；重分类：管件/镀锌管件 -> 管材管件阀门/直接；分类置信度：high；内丝直接为直通连接管件。	2026-07-03
PIPE-000487	镀锌三通	表面处理：镀锌；规格：6分；类型：三通		管材管件阀门/三通	只			镀锌三通6分	PIPE-000487 镀锌三通 管件/镀锌管件 只 表面处理：镀锌 规格：6分 类型：三通 镀锌三通6分 镀锌 6分 三通			candidate	usable	confirm_before_use	purchase_2024_candidate_rows=2277；purchase_2024_source_rows=2278；draft_sku_id=SKU-DRAFT-002251	缺失规格：材质；压力等级；整理依据：材质/压力等级缺失；导入口径：confirm_then_import；重分类：管件/镀锌管件 -> 管材管件阀门/三通；分类置信度：high；三通为标准管件，镀锌只是材质表面处理。	2026-07-03
METAL-000169	镀锌角钢	表面处理：镀锌；规格：40*40		金属材料/型钢	米			镀锌角铁40*40	METAL-000169 镀锌角钢 金属材料/型材 米 表面处理：镀锌 规格：40*40 镀锌角铁40*40 镀锌 40*40			candidate	needs_review	clarify_specs_before_use	purchase_2024_candidate_rows=2278；purchase_2024_source_rows=2279；draft_sku_id=SKU-DRAFT-002252	缺失规格：材质；执行标准；厚度；整理依据：厚度/材质/执行标准缺失，会影响角钢SKU区分；导入口径：do_not_import_missing_specs；重分类：金属材料/型材 -> 金属材料/型钢；分类置信度：high；角钢属于型钢，镀锌仅为表面处理。	2026-07-03
WELD-000064	碳钢焊条	品牌：大西洋；型号：422；直径：3.2		焊接切割/焊接耗材	箱			大西洋422型3.2焊条	WELD-000064 碳钢焊条 焊接材料/焊条 箱 品牌：大西洋 型号：422 直径：3.2 大西洋422型3.2焊条 大西洋 422 3.2	大西洋	422	candidate	usable	confirm_before_use	purchase_2024_candidate_rows=2279；purchase_2024_source_rows=2280；draft_sku_id=SKU-DRAFT-002253	缺失规格：执行标准；整理依据：每箱重量/执行标准缺失；导入口径：confirm_then_import；重分类：焊接材料/焊条 -> 焊接切割/焊接耗材；分类置信度：high；碳钢焊条为焊接耗材。	2026-07-03
SAFE-000129	安全绳	直径：Φ16		劳保防护/高处防护	米			安全绳Φ16	SAFE-000129 安全绳 安全防护/安全绳 米 直径：Φ16 安全绳Φ16 Φ16			candidate	needs_review	clarify_specs_before_use	purchase_2024_candidate_rows=2280；purchase_2024_source_rows=2281；draft_sku_id=SKU-DRAFT-002254	缺失规格：材质；整理依据：材质/承载/认证标准缺失，安全防护用品关键规格不足；导入口径：do_not_import_missing_specs；重分类：安全防护/安全绳 -> 劳保防护/高处防护；分类置信度：medium；样例含五点式双钩和安全绳，按人员坠落防护归口。	2026-07-03
FAST-000123	高强度螺丝套件	强度等级：8.8；规格：M16*70；套件组成：平垫+弹垫		紧固件与连接件/螺丝	套			8.8级m16*70螺丝带平 弹垫	FAST-000123 高强度螺丝套件 紧固件/螺丝套件 套 强度等级：8.8 规格：M16*70 套件组成：平垫+弹垫 8.8级m16*70螺丝带平 弹垫 8.8 M16*70 平垫+弹垫			candidate	needs_review	clarify_specs_before_use	purchase_2024_candidate_rows=2281；purchase_2024_source_rows=2282；draft_sku_id=SKU-DRAFT-002255	缺失规格：表面处理；头型；整理依据：头型/是否含螺母/表面处理缺失，会影响螺丝套件SKU区分；导入口径：do_not_import_missing_specs；重分类：紧固件/螺丝套件 -> 紧固件与连接件/螺丝；分类置信度：high；螺丝套件按主件螺丝分类。	2026-07-03
ELEC-000244	开口铜鼻子	类型：开口；材质：铜；电流：300A		电气电料/接线端子	只			开口铜鼻子300A	ELEC-000244 开口铜鼻子 电气/接线端子 只 类型：开口 材质：铜 电流：300A 开口铜鼻子300A 开口 铜 300A			candidate	usable	confirm_before_use	purchase_2024_candidate_rows=2282；purchase_2024_source_rows=2283；draft_sku_id=SKU-DRAFT-002256	缺失规格：品牌；型号；整理依据：适配线径/镀层缺失；导入口径：confirm_then_import；重分类：电气/接线端子 -> 电气电料/接线端子；分类置信度：high；开口铜鼻子属接线端子。	2026-07-03
ELEC-000245	开口铜鼻子	类型：开口；材质：铜；电流：200A		电气电料/接线端子	只			开口铜鼻子200A	ELEC-000245 开口铜鼻子 电气/接线端子 只 类型：开口 材质：铜 电流：200A 开口铜鼻子200A 开口 铜 200A			candidate	usable	confirm_before_use	purchase_2024_candidate_rows=2283；purchase_2024_source_rows=2284；draft_sku_id=SKU-DRAFT-002257	缺失规格：品牌；型号；整理依据：适配线径/镀层缺失；导入口径：confirm_then_import；重分类：电气/接线端子 -> 电气电料/接线端子；分类置信度：high；开口铜鼻子属接线端子。	2026-07-03
ELEC-000246	开口铜鼻子	类型：开口；材质：铜；电流：100A		电气电料/接线端子	只			开口铜鼻子100A	ELEC-000246 开口铜鼻子 电气/接线端子 只 类型：开口 材质：铜 电流：100A 开口铜鼻子100A 开口 铜 100A			candidate	usable	confirm_before_use	purchase_2024_candidate_rows=2284；purchase_2024_source_rows=2285；draft_sku_id=SKU-DRAFT-002258	缺失规格：品牌；型号；整理依据：适配线径/镀层缺失；导入口径：confirm_then_import；重分类：电气/接线端子 -> 电气电料/接线端子；分类置信度：high；开口铜鼻子属接线端子。	2026-07-03
ELEC-000247	铜接头	材质：铜；适配线径：150平方		电气电料/接线端子	只			铜接头150平方	ELEC-000247 铜接头 电气/接线端子 只 材质：铜 适配线径：150平方 铜接头150平方 铜 150平方			candidate	needs_review	clarify_specs_before_use	purchase_2024_candidate_rows=2285；purchase_2024_source_rows=2286；draft_sku_id=SKU-DRAFT-002259	缺失规格：品牌；型号；电压；电流；安装方式；整理依据：类型/孔径/镀层缺失，无法稳定区分铜接头SKU；导入口径：do_not_import_missing_specs；重分类：电气/接线端子 -> 电气电料/接线端子；分类置信度：high；同名同时含DN管路铜头和电缆铜接头，应拆水暖接头与接线端子。；分类拆分待复核：按用途/旧分组拆分；同名同时含DN管路铜头和电缆铜接头，应拆水暖接头与接线端子。	2026-07-03
ELEC-000248	铜接头	材质：铜；适配线径：120平方		电气电料/接线端子	只			铜接头120平方	ELEC-000248 铜接头 电气/接线端子 只 材质：铜 适配线径：120平方 铜接头120平方 铜 120平方			candidate	needs_review	clarify_specs_before_use	purchase_2024_candidate_rows=2286；purchase_2024_source_rows=2287；draft_sku_id=SKU-DRAFT-002260	缺失规格：品牌；型号；电压；电流；安装方式；整理依据：类型/孔径/镀层缺失，无法稳定区分铜接头SKU；导入口径：do_not_import_missing_specs；重分类：电气/接线端子 -> 电气电料/接线端子；分类置信度：high；同名同时含DN管路铜头和电缆铜接头，应拆水暖接头与接线端子。；分类拆分待复核：按用途/旧分组拆分；同名同时含DN管路铜头和电缆铜接头，应拆水暖接头与接线端子。	2026-07-03
ELEC-000249	铜接头	材质：铜；适配线径：95平方		电气电料/接线端子	只			铜接头95平方	ELEC-000249 铜接头 电气/接线端子 只 材质：铜 适配线径：95平方 铜接头95平方 铜 95平方			candidate	needs_review	clarify_specs_before_use	purchase_2024_candidate_rows=2287；purchase_2024_source_rows=2288；draft_sku_id=SKU-DRAFT-002261	缺失规格：品牌；型号；电压；电流；安装方式；整理依据：类型/孔径/镀层缺失，无法稳定区分铜接头SKU；导入口径：do_not_import_missing_specs；重分类：电气/接线端子 -> 电气电料/接线端子；分类置信度：high；同名同时含DN管路铜头和电缆铜接头，应拆水暖接头与接线端子。；分类拆分待复核：按用途/旧分组拆分；同名同时含DN管路铜头和电缆铜接头，应拆水暖接头与接线端子。	2026-07-03
ELEC-000250	铜接头	材质：铜；适配线径：70平方		电气电料/接线端子	只			铜接头70平方	ELEC-000250 铜接头 电气/接线端子 只 材质：铜 适配线径：70平方 铜接头70平方 铜 70平方			candidate	needs_review	clarify_specs_before_use	purchase_2024_candidate_rows=2288；purchase_2024_source_rows=2289；draft_sku_id=SKU-DRAFT-002262	缺失规格：品牌；型号；电压；电流；安装方式；整理依据：类型/孔径/镀层缺失，无法稳定区分铜接头SKU；导入口径：do_not_import_missing_specs；重分类：电气/接线端子 -> 电气电料/接线端子；分类置信度：high；同名同时含DN管路铜头和电缆铜接头，应拆水暖接头与接线端子。；分类拆分待复核：按用途/旧分组拆分；同名同时含DN管路铜头和电缆铜接头，应拆水暖接头与接线端子。	2026-07-03
MAT-000248	对讲机	品牌：小米；型号：二代		弱电安防/通讯设备	部			小米二代对讲机	MAT-000248 对讲机 通讯设备/对讲机 部 品牌：小米 型号：二代 小米二代对讲机 小米 二代	小米	二代	candidate	usable	confirm_before_use	purchase_2024_candidate_rows=2289；purchase_2024_source_rows=2290；draft_sku_id=SKU-DRAFT-002263	缺失规格：功率；整理依据：频段/功率缺失；提示与同类候选可合并；导入口径：confirm_then_import；重分类：通讯设备/对讲机 -> 弱电安防/通讯设备；分类置信度：medium；对讲机属弱电通信设备；推荐无对应二级，按通讯设备新建。	2026-07-03
MAT-CEM-000017	水泥钉	长度：40mm		紧固件与连接件/钉类	盒			水泥钉40mm	MAT-CEM-000017 水泥钉 紧固件/钉类 盒 长度：40mm 水泥钉40mm 40mm			candidate	needs_review	clarify_specs_before_use	purchase_2024_candidate_rows=2290；purchase_2024_source_rows=2291；draft_sku_id=SKU-DRAFT-002264	缺失规格：直径；整理依据：直径/每盒数量缺失，无法稳定区分水泥钉SKU；导入口径：do_not_import_missing_specs；重分类：紧固件/钉类 -> 紧固件与连接件/钉类；分类置信度：high；水泥钉是紧固钉类；新建二级钉类。	2026-07-03
MAT-000249	起重滑轮钩	品牌：沪工；额定载荷：1T		吊装索具/吊钩	只			沪工起重滑轮钩1T	MAT-000249 起重滑轮钩 吊装索具/滑轮钩 只 品牌：沪工 额定载荷：1T 沪工起重滑轮钩1T 沪工 1T	沪工		candidate	needs_review	clarify_specs_before_use	purchase_2024_candidate_rows=2291；purchase_2024_source_rows=2292；draft_sku_id=SKU-DRAFT-002265	缺失规格：规格；型号；材质；整理依据：轮数/安全认证缺失，吊装用品关键规格不足；导入口径：do_not_import_missing_specs；重分类：吊装索具/滑轮钩 -> 吊装索具/吊钩；分类置信度：high；起重滑轮钩属于吊装吊钩类索具。	2026-07-03
PIPE-000488	浮球阀	配线长度：10m		管材管件阀门/阀门	套			浮球阀带10m线	PIPE-000488 浮球阀 阀门/液位控制阀 套 配线长度：10m 浮球阀带10m线 10m			candidate	needs_review	clarify_specs_before_use	purchase_2024_candidate_rows=2292；purchase_2024_source_rows=2293；draft_sku_id=SKU-DRAFT-002266	缺失规格：材质；口径；电压；整理依据：名称与带线规格存在阀/液位开关歧义；口径/电压/材质缺失；导入口径：do_not_import_missing_specs；重分类：阀门/液位控制阀 -> 管材管件阀门/阀门；分类置信度：high；浮球阀是液位控制阀门。	2026-07-03
SAFE-000130	下水裤	尺码：44码		劳保防护/身体防护	套			下水裤44码	SAFE-000130 下水裤 劳保用品/防水服 套 尺码：44码 下水裤44码 44码			candidate	needs_review	clarify_specs_before_use	purchase_2024_candidate_rows=2293；purchase_2024_source_rows=2294；draft_sku_id=SKU-DRAFT-002267	缺失规格：材质；整理依据：材质/筒高缺失，无法稳定区分下水裤SKU；导入口径：do_not_import_missing_specs；重分类：劳保用品/防水服 -> 劳保防护/身体防护；分类置信度：high；下水裤为人员防水防护服，归身体防护。	2026-07-03
PIPE-000489	铝合金快速接头	材质：铝合金；公称通径：DN50		管材管件阀门/快速接头	套			铝合金快速接头DN50	PIPE-000489 铝合金快速接头 管件/快速接头 套 材质：铝合金 公称通径：DN50 铝合金快速接头DN50 铝合金 DN50			candidate	needs_review	clarify_specs_before_use	purchase_2024_candidate_rows=2294；purchase_2024_source_rows=2295；draft_sku_id=SKU-DRAFT-002268	缺失规格：压力等级；接口形式；整理依据：接口形式/压力等级缺失，会影响快速接头SKU区分；导入口径：do_not_import_missing_specs；重分类：管件/快速接头 -> 管材管件阀门/快速接头；分类置信度：high；新建二级快速接头；该物料为管路快速连接件。	2026-07-03
SAFE-000131	防爆耐磨水带	特性：防爆耐磨；公称通径：DN50		安全消防/消防器材	米			防爆耐磨水带DN50	SAFE-000131 防爆耐磨水带 安全消防/水带 米 特性：防爆耐磨 公称通径：DN50 防爆耐磨水带DN50 防爆耐磨 DN50			candidate	needs_review	clarify_specs_before_use	purchase_2024_candidate_rows=2295；purchase_2024_source_rows=2296；draft_sku_id=SKU-DRAFT-002269	缺失规格：材质；压力等级；整理依据：压力等级/材质/接口缺失，会影响水带SKU区分；导入口径：do_not_import_missing_specs；重分类：安全消防/水带 -> 安全消防/消防器材；分类置信度：high；水带按消防安全器材管理。	2026-07-03
ELEC-000251	塑壳断路器	品牌：常熟；型号：CM3E-630-3300		电气电料/低压电器	只			常熟断路器CM3E-630-3300	ELEC-000251 塑壳断路器 电气/断路器 只 品牌：常熟 型号：CM3E-630-3300 常熟断路器CM3E-630-3300 常熟 CM3E-630-3300	常熟	CM3E-630-3300	candidate	usable	confirm_before_use	purchase_2024_candidate_rows=2296；purchase_2024_source_rows=2297；draft_sku_id=SKU-DRAFT-002270	缺失规格：电流；整理依据：极数/额定电流脱扣参数需确认；导入口径：confirm_then_import；重分类：电气/断路器 -> 电气电料/低压电器；分类置信度：high；塑壳断路器属低压电器。	2026-07-03
ELEC-000252	LED声光报警器	光源：LED；电压：24V		弱电安防/报警设备	只			LED声光报警器24V	ELEC-000252 LED声光报警器 电气/报警器 只 光源：LED 电压：24V LED声光报警器24V LED 24V			candidate	needs_review	clarify_specs_before_use	purchase_2024_candidate_rows=2297；purchase_2024_source_rows=2298；draft_sku_id=SKU-DRAFT-002271	缺失规格：品牌；型号；电流；安装方式；整理依据：声级/安装方式/防护等级缺失，会影响报警器SKU区分；导入口径：do_not_import_missing_specs；重分类：电气/报警器 -> 弱电安防/报警设备；分类置信度：high；声光报警器属于报警设备；旧电气报警器需转弱电安防。	2026-07-03
ELEC-000253	电源转换器	输入：24V；输出：12V；电流：2A		电气电料/低压电器	只			电源转换器24V转12V2A	ELEC-000253 电源转换器 电气/电源模块 只 输入：24V 输出：12V 电流：2A 电源转换器24V转12V2A 24V 12V 2A			candidate	usable	confirm_before_use	purchase_2024_candidate_rows=2298；purchase_2024_source_rows=2299；draft_sku_id=SKU-DRAFT-002272	缺失规格：功率；整理依据：功率/接口/防护等级缺失；导入口径：confirm_then_import；重分类：电气/电源模块 -> 电气电料/低压电器；分类置信度：high；24V转12V电源转换器为低压电源元件。	2026-07-03
MAT-000250	透明收纳箱	颜色/透明度：透明；容量：80L		包装覆盖周转/周转容器	个			透明收纳箱80L	MAT-000250 透明收纳箱 行政后勤/收纳用品 个 颜色/透明度：透明 容量：80L 透明收纳箱80L 透明 80L			candidate	needs_review	clarify_specs_before_use	purchase_2024_candidate_rows=2299；purchase_2024_source_rows=2300；draft_sku_id=SKU-DRAFT-002273	缺失规格：材质；尺寸；整理依据：尺寸/材质缺失，无法稳定区分收纳箱SKU；导入口径：do_not_import_missing_specs；重分类：行政后勤/收纳用品 -> 包装覆盖周转/周转容器；分类置信度：medium；透明收纳箱本质为周转收纳容器。	2026-07-03
ADMIN-000070	设备维修保养记录本	用途：设备维修保养记录		清洁办公后勤/办公用品	本			设备维修保养记录本	ADMIN-000070 设备维修保养记录本 办公用品/记录本 本 用途：设备维修保养记录 设备维修保养记录			candidate	needs_review	clarify_specs_before_use	purchase_2024_candidate_rows=2300；purchase_2024_source_rows=2301；draft_sku_id=SKU-DRAFT-002274	缺失规格：规格；整理依据：页数/规格缺失，无法稳定区分记录本SKU；导入口径：do_not_import_missing_specs；重分类：办公用品/记录本 -> 清洁办公后勤/办公用品；分类置信度：high；维修保养记录本属于办公记录用品。	2026-07-03
CHEM-000159	黄油嘴	螺纹：M6		设备备件/通用机械备件	只			黄油嘴M6	CHEM-000159 黄油嘴 润滑系统/黄油嘴 只 螺纹：M6 黄油嘴M6 M6			candidate	needs_review	clarify_specs_before_use	purchase_2024_candidate_rows=2301；purchase_2024_source_rows=2302；draft_sku_id=SKU-DRAFT-002275	缺失规格：品牌；型号；类型；容量；颜色；整理依据：角度/螺距缺失，会影响黄油嘴SKU区分；导入口径：do_not_import_missing_specs；重分类：润滑系统/黄油嘴 -> 设备备件/通用机械备件；分类置信度：high；黄油嘴是设备润滑系统小备件，不是化工油品。	2026-07-03
CHEM-000160	黄油嘴	螺纹：M8		设备备件/通用机械备件	只			黄油嘴M8	CHEM-000160 黄油嘴 润滑系统/黄油嘴 只 螺纹：M8 黄油嘴M8 M8			candidate	needs_review	clarify_specs_before_use	purchase_2024_candidate_rows=2302；purchase_2024_source_rows=2303；draft_sku_id=SKU-DRAFT-002276	缺失规格：品牌；型号；类型；容量；颜色；整理依据：角度/螺距缺失，会影响黄油嘴SKU区分；导入口径：do_not_import_missing_specs；重分类：润滑系统/黄油嘴 -> 设备备件/通用机械备件；分类置信度：high；黄油嘴是设备润滑系统小备件，不是化工油品。	2026-07-03
CHEM-000161	黄油嘴	角度：45度；螺纹：M8		设备备件/通用机械备件	只			黄油嘴45度M8	CHEM-000161 黄油嘴 润滑系统/黄油嘴 只 角度：45度 螺纹：M8 黄油嘴45度M8 45度 M8			candidate	needs_review	clarify_specs_before_use	purchase_2024_candidate_rows=2303；purchase_2024_source_rows=2304；draft_sku_id=SKU-DRAFT-002277	缺失规格：材质；整理依据：螺距/材质缺失，会影响黄油嘴SKU区分；导入口径：do_not_import_missing_specs；重分类：润滑系统/黄油嘴 -> 设备备件/通用机械备件；分类置信度：high；黄油嘴是设备润滑系统小备件，不是化工油品。	2026-07-03
CHEM-000162	黄油嘴	角度：45度；螺纹：M12		设备备件/通用机械备件	只			黄油嘴45度M12	CHEM-000162 黄油嘴 润滑系统/黄油嘴 只 角度：45度 螺纹：M12 黄油嘴45度M12 45度 M12			candidate	needs_review	clarify_specs_before_use	purchase_2024_candidate_rows=2304；purchase_2024_source_rows=2305；draft_sku_id=SKU-DRAFT-002278	缺失规格：材质；整理依据：螺距/材质缺失，会影响黄油嘴SKU区分；导入口径：do_not_import_missing_specs；重分类：润滑系统/黄油嘴 -> 设备备件/通用机械备件；分类置信度：high；黄油嘴是设备润滑系统小备件，不是化工油品。	2026-07-03
PIPE-000490	高压钢丝软管	直径：Φ25；结构：钢丝增强		液压气动/高压管路	米			高压钢丝管Φ25	PIPE-000490 高压钢丝软管 液压气动/高压软管 米 直径：Φ25 结构：钢丝增强 高压钢丝管Φ25 Φ25 钢丝增强			candidate	needs_review	clarify_specs_before_use	purchase_2024_candidate_rows=2305；purchase_2024_source_rows=2306；draft_sku_id=SKU-DRAFT-002279	缺失规格：压力等级；接口形式；整理依据：压力等级/接口形式缺失，无法稳定区分高压软管SKU；导入口径：do_not_import_missing_specs；重分类：液压气动/高压软管 -> 液压气动/高压管路；分类置信度：high；高压钢丝软管为液压高压软管。	2026-07-03
TOOL-000341	梅花开口两用扳手	品牌：世达；规格：41#		工具量具/手动工具	把			世达梅开两用扳手41#	TOOL-000341 梅花开口两用扳手 手动工具/扳手 把 品牌：世达 规格：41# 世达梅开两用扳手41# 世达 41#	世达		active	standard	auto_select_allowed	purchase_2024_candidate_rows=2306；purchase_2024_source_rows=2307；draft_sku_id=SKU-DRAFT-002280	导入口径：import_ready；重分类：手动工具/扳手 -> 工具量具/手动工具；分类置信度：high；梅开两用扳手属于手动工具。	2026-07-03
PIPE-000491	不锈钢球阀	材质：304；公称通径：DN20		管材管件阀门/阀门	只			304不锈钢球阀DN20	PIPE-000491 不锈钢球阀 阀门/球阀 只 材质：304 公称通径：DN20 304不锈钢球阀DN20 304 DN20			candidate	needs_review	clarify_specs_before_use	purchase_2024_candidate_rows=2307；purchase_2024_source_rows=2308；draft_sku_id=SKU-DRAFT-002281	缺失规格：压力等级；连接方式；整理依据：连接方式/压力等级缺失，会影响球阀SKU区分；导入口径：do_not_import_missing_specs；重分类：阀门/球阀 -> 管材管件阀门/阀门；分类置信度：high；样例均为不锈钢球阀，口径/品牌为规格差异。	2026-07-03
PIPE-000492	不锈钢球阀	材质：304；公称通径：DN15		管材管件阀门/阀门	只			304不锈钢球阀DN15	PIPE-000492 不锈钢球阀 阀门/球阀 只 材质：304 公称通径：DN15 304不锈钢球阀DN15 304 DN15			candidate	needs_review	clarify_specs_before_use	purchase_2024_candidate_rows=2308；purchase_2024_source_rows=2309；draft_sku_id=SKU-DRAFT-002282	缺失规格：压力等级；连接方式；整理依据：连接方式/压力等级缺失，会影响球阀SKU区分；导入口径：do_not_import_missing_specs；重分类：阀门/球阀 -> 管材管件阀门/阀门；分类置信度：high；样例均为不锈钢球阀，口径/品牌为规格差异。	2026-07-03
CHEM-000163	黄油嘴	螺纹：M10		设备备件/通用机械备件	只			黄油嘴M10	CHEM-000163 黄油嘴 润滑系统/黄油嘴 只 螺纹：M10 黄油嘴M10 M10			candidate	needs_review	clarify_specs_before_use	purchase_2024_candidate_rows=2309；purchase_2024_source_rows=2310；draft_sku_id=SKU-DRAFT-002283	缺失规格：品牌；型号；类型；容量；颜色；整理依据：角度/螺距缺失，会影响黄油嘴SKU区分；导入口径：do_not_import_missing_specs；重分类：润滑系统/黄油嘴 -> 设备备件/通用机械备件；分类置信度：high；黄油嘴是设备润滑系统小备件，不是化工油品。	2026-07-03
CHEM-000164	黄油嘴	螺纹：M12		设备备件/通用机械备件	只			黄油嘴M12	CHEM-000164 黄油嘴 润滑系统/黄油嘴 只 螺纹：M12 黄油嘴M12 M12			candidate	needs_review	clarify_specs_before_use	purchase_2024_candidate_rows=2310；purchase_2024_source_rows=2311；draft_sku_id=SKU-DRAFT-002284	缺失规格：品牌；型号；类型；容量；颜色；整理依据：角度/螺距缺失，会影响黄油嘴SKU区分；导入口径：do_not_import_missing_specs；重分类：润滑系统/黄油嘴 -> 设备备件/通用机械备件；分类置信度：high；黄油嘴是设备润滑系统小备件，不是化工油品。	2026-07-03
CHEM-000165	黄油嘴	角度：45度；螺纹：M6		设备备件/通用机械备件	只			黄油嘴45度M6	CHEM-000165 黄油嘴 润滑系统/黄油嘴 只 角度：45度 螺纹：M6 黄油嘴45度M6 45度 M6			candidate	needs_review	clarify_specs_before_use	purchase_2024_candidate_rows=2311；purchase_2024_source_rows=2312；draft_sku_id=SKU-DRAFT-002285	缺失规格：材质；整理依据：螺距/材质缺失，会影响黄油嘴SKU区分；导入口径：do_not_import_missing_specs；重分类：润滑系统/黄油嘴 -> 设备备件/通用机械备件；分类置信度：high；黄油嘴是设备润滑系统小备件，不是化工油品。	2026-07-03
CHEM-000166	黄油嘴	角度：45度；螺纹：M10		设备备件/通用机械备件	只			黄油嘴45度M10	CHEM-000166 黄油嘴 润滑系统/黄油嘴 只 角度：45度 螺纹：M10 黄油嘴45度M10 45度 M10			candidate	needs_review	clarify_specs_before_use	purchase_2024_candidate_rows=2312；purchase_2024_source_rows=2313；draft_sku_id=SKU-DRAFT-002286	缺失规格：材质；整理依据：螺距/材质缺失，会影响黄油嘴SKU区分；导入口径：do_not_import_missing_specs；重分类：润滑系统/黄油嘴 -> 设备备件/通用机械备件；分类置信度：high；黄油嘴是设备润滑系统小备件，不是化工油品。	2026-07-03
PIPE-000493	不锈钢球阀	材质：304；公称通径：DN10		管材管件阀门/阀门	只			304不锈钢球阀DN10	PIPE-000493 不锈钢球阀 阀门/球阀 只 材质：304 公称通径：DN10 304不锈钢球阀DN10 304 DN10			candidate	needs_review	clarify_specs_before_use	purchase_2024_candidate_rows=2313；purchase_2024_source_rows=2314；draft_sku_id=SKU-DRAFT-002287	缺失规格：压力等级；连接方式；整理依据：连接方式/压力等级缺失，会影响球阀SKU区分；导入口径：do_not_import_missing_specs；重分类：阀门/球阀 -> 管材管件阀门/阀门；分类置信度：high；样例均为不锈钢球阀，口径/品牌为规格差异。	2026-07-03
PIPE-000494	不锈钢球阀	材质：304；公称通径：DN8		管材管件阀门/阀门	只			304不锈钢球阀DN8	PIPE-000494 不锈钢球阀 阀门/球阀 只 材质：304 公称通径：DN8 304不锈钢球阀DN8 304 DN8			candidate	needs_review	clarify_specs_before_use	purchase_2024_candidate_rows=2314；purchase_2024_source_rows=2315；draft_sku_id=SKU-DRAFT-002288	缺失规格：压力等级；连接方式；整理依据：连接方式/压力等级缺失，会影响球阀SKU区分；导入口径：do_not_import_missing_specs；重分类：阀门/球阀 -> 管材管件阀门/阀门；分类置信度：high；样例均为不锈钢球阀，口径/品牌为规格差异。	2026-07-03
SPARE-000142	电动油脂泵	电压：380V；容量：8L；出口数：4出口		施工机具设备/泵类设备	台			电动油脂泵380V-8L-4出口	SPARE-000142 电动油脂泵 润滑系统/油脂泵 台 电压：380V 容量：8L 出口数：4出口 电动油脂泵380V-8L-4出口 380V 8L 4出口			candidate	needs_review	clarify_specs_before_use	purchase_2024_candidate_rows=2315；purchase_2024_source_rows=2316；draft_sku_id=SKU-DRAFT-002289	缺失规格：品牌；流量；整理依据：品牌/压力/流量缺失，会影响油脂泵SKU区分；导入口径：do_not_import_missing_specs；重分类：润滑系统/油脂泵 -> 施工机具设备/泵类设备；分类置信度：medium；电动油脂泵为供脂泵装置，按泵类设备归入。	2026-07-03
SAFE-000132	铝合金梯	材质：铝合金；特征：加厚；高度：4m		工具量具/登高工具	部			加厚铝合金梯子4m	SAFE-000132 铝合金梯 安全防护/登高工具 部 材质：铝合金 特征：加厚 高度：4m 加厚铝合金梯子4m 铝合金 加厚 4m			candidate	needs_review	clarify_specs_before_use	purchase_2024_candidate_rows=2316；purchase_2024_source_rows=2317；draft_sku_id=SKU-DRAFT-002290	缺失规格：类型；规格；安全等级；认证标准；整理依据：承重/结构形式/安全认证缺失，会影响登高工具SKU区分；导入口径：do_not_import_missing_specs；重分类：安全防护/登高工具 -> 工具量具/登高工具；分类置信度：high；新建二级登高工具；梯子是登高作业工具，不是人员防护用品。	2026-07-03
TOOL-000342	LED探照灯	结构：手提式；光源：LED		电气电料/照明灯具	个			手提式探照灯LED	TOOL-000342 LED探照灯 工具/照明工具 个 结构：手提式 光源：LED 手提式探照灯LED 手提式 LED			candidate	needs_review	clarify_specs_before_use	purchase_2024_candidate_rows=2317；purchase_2024_source_rows=2318；draft_sku_id=SKU-DRAFT-002291	缺失规格：功率；整理依据：功率/亮度/续航缺失，无法稳定区分探照灯SKU；导入口径：do_not_import_missing_specs；重分类：工具/照明工具 -> 电气电料/照明灯具；分类置信度：medium；探照灯本质为照明器具，旧“工具”口径不作为分类。	2026-07-03
SPARE-000143	聚氨酯泡沫填缝剂	材质：聚氨酯泡沫；用途：填缝		化工胶粘涂料/密封材料	瓶			聚氨酯泡沫填缝剂	SPARE-000143 聚氨酯泡沫填缝剂 化工辅料/密封填缝材料 瓶 材质：聚氨酯泡沫 用途：填缝 聚氨酯泡沫 填缝			candidate	needs_review	clarify_specs_before_use	purchase_2024_candidate_rows=2318；purchase_2024_source_rows=2319；draft_sku_id=SKU-DRAFT-002292	缺失规格：品牌；容量；整理依据：品牌/容量缺失，无法区分填缝剂SKU；导入口径：do_not_import_missing_specs；重分类：化工辅料/密封填缝材料 -> 化工胶粘涂料/密封材料；分类置信度：high；泡沫填缝剂用于填缝密封。	2026-07-03
ADMIN-000071	竹扫把	材质：竹；规格：大		清洁办公后勤/清洁工具	把			大竹扫把	ADMIN-000071 竹扫把 清洁用品/扫把 把 材质：竹 规格：大 大竹扫把 竹 大			candidate	usable	confirm_before_use	purchase_2024_candidate_rows=2319；purchase_2024_source_rows=2320；draft_sku_id=SKU-DRAFT-002293	缺失规格：长度；宽度；整理依据：长度/宽度缺失，按“大”规格先建候选；导入口径：confirm_then_import；重分类：清洁用品/扫把 -> 清洁办公后勤/清洁工具；分类置信度：high；竹扫把是清洁工具。	2026-07-03
ADMIN-000072	塑料扫把	材质：塑料		清洁办公后勤/清洁工具	把			塑料扫把	ADMIN-000072 塑料扫把 清洁用品/扫把 把 材质：塑料 塑料			candidate	needs_review	clarify_specs_before_use	purchase_2024_candidate_rows=2320；purchase_2024_source_rows=2321；draft_sku_id=SKU-DRAFT-002294	缺失规格：规格；整理依据：规格/款式缺失，无法稳定区分扫把SKU；导入口径：do_not_import_missing_specs；重分类：清洁用品/扫把 -> 清洁办公后勤/清洁工具；分类置信度：high；扫把为清洁工具。	2026-07-03
SAFE-000133	帆布手套	材质：帆布		劳保防护/手套	付			帆布手套	SAFE-000133 帆布手套 劳保用品/手套 付 材质：帆布 帆布			candidate	needs_review	clarify_specs_before_use	purchase_2024_candidate_rows=2321；purchase_2024_source_rows=2322；draft_sku_id=SKU-DRAFT-002295	缺失规格：规格；整理依据：规格/克重缺失，会影响手套SKU区分；导入口径：do_not_import_missing_specs；重分类：劳保用品/手套 -> 劳保防护/手套；分类置信度：high；帆布手套为劳保手套，旧劳保耗材不作分类。	2026-07-03
PIPE-000495	不锈钢电动法兰蝶阀	材质：304；结构：重体；驱动：电动；连接：法兰；公称通径：DN80		管材管件阀门/阀门	只			304不锈钢重体电动法兰蝶阀DN80	PIPE-000495 不锈钢电动法兰蝶阀 阀门/蝶阀 只 材质：304 结构：重体 驱动：电动 连接：法兰 公称通径：DN80 304不锈钢重体电动法兰蝶阀DN80 304 重体 电动 法兰 DN80			candidate	needs_review	clarify_specs_before_use	purchase_2024_candidate_rows=2322；purchase_2024_source_rows=2323；draft_sku_id=SKU-DRAFT-002296	缺失规格：压力等级；电压；整理依据：电压/压力等级/密封材质缺失，会影响蝶阀SKU区分；导入口径：do_not_import_missing_specs；重分类：阀门/蝶阀 -> 管材管件阀门/阀门；分类置信度：high；电动法兰蝶阀属于管路阀门，驱动方式为属性。	2026-07-03
TOOL-000343	二坑二槽钻头	品牌：博世；柄型：二坑二槽；规格：Φ10*160		工具耗材/钻头	支			博世二坑二槽钻头Φ10*160	TOOL-000343 二坑二槽钻头 工具耗材/钻头 支 品牌：博世 柄型：二坑二槽 规格：Φ10*160 博世二坑二槽钻头Φ10*160 博世 二坑二槽 Φ10*160	博世		candidate	usable	confirm_before_use	purchase_2024_candidate_rows=2323；purchase_2024_source_rows=2324；draft_sku_id=SKU-DRAFT-002297	缺失规格：型号；整理依据：材质/适用对象未明，按品牌/柄型/规格先建候选；导入口径：confirm_then_import	2026-07-03
TOOL-000344	二坑二槽钻头	品牌：博世；柄型：二坑二槽；规格：Φ14*160		工具耗材/钻头	支			博世二坑二槽钻头Φ14*160	TOOL-000344 二坑二槽钻头 工具耗材/钻头 支 品牌：博世 柄型：二坑二槽 规格：Φ14*160 博世二坑二槽钻头Φ14*160 博世 二坑二槽 Φ14*160	博世		candidate	usable	confirm_before_use	purchase_2024_candidate_rows=2324；purchase_2024_source_rows=2325；draft_sku_id=SKU-DRAFT-002298	缺失规格：型号；整理依据：材质/适用对象未明，按品牌/柄型/规格先建候选；导入口径：confirm_then_import	2026-07-03
TOOL-000345	二坑二槽钻头	品牌：博世；柄型：二坑二槽；规格：Φ16*200		工具耗材/钻头	支			博世二坑二槽钻头Φ16*200	TOOL-000345 二坑二槽钻头 工具耗材/钻头 支 品牌：博世 柄型：二坑二槽 规格：Φ16*200 博世二坑二槽钻头Φ16*200 博世 二坑二槽 Φ16*200	博世		candidate	usable	confirm_before_use	purchase_2024_candidate_rows=2325；purchase_2024_source_rows=2326；draft_sku_id=SKU-DRAFT-002299	缺失规格：型号；整理依据：材质/适用对象未明，按品牌/柄型/规格先建候选；导入口径：confirm_then_import	2026-07-03
CHEM-000167	黄油枪	结构：双柱		工具量具/手动工具	把			双柱黄油枪	CHEM-000167 黄油枪 润滑工具/黄油枪 把 结构：双柱 双柱黄油枪 双柱			candidate	needs_review	clarify_specs_before_use	purchase_2024_candidate_rows=2326；purchase_2024_source_rows=2327；draft_sku_id=SKU-DRAFT-002300	缺失规格：容量；整理依据：容量/压力/接口缺失，无法稳定区分黄油枪SKU；导入口径：do_not_import_missing_specs；重分类：润滑工具/黄油枪 -> 工具量具/手动工具；分类置信度：high；黄油枪为手动加注润滑工具。	2026-07-03
MAT-000251	抗盐膨润土	特性：抗盐		化工胶粘涂料/膨润土	吨			抗盐膨润土	MAT-000251 抗盐膨润土 化工材料/膨润土 吨 特性：抗盐 抗盐			candidate	needs_review	clarify_specs_before_use	purchase_2024_candidate_rows=2327；purchase_2024_source_rows=2328；draft_sku_id=SKU-DRAFT-002301	缺失规格：型号；整理依据：型号/指标/用途缺失，会影响膨润土SKU区分；导入口径：do_not_import_missing_specs；重分类：化工材料/膨润土 -> 化工胶粘涂料/膨润土；分类置信度：medium；膨润土为施工化工材料；推荐无对应二级，按膨润土新建。	2026-07-03
ELEC-TIE-000012	尼龙扎带	材质：尼龙；规格：10*500		电气电料/电气辅材	包			扎带10*500；尼龙扎带10*500	ELEC-TIE-000012 尼龙扎带 辅料耗材/扎带 包 材质：尼龙 规格：10*500 扎带10*500 尼龙扎带10*500 尼龙 10*500			candidate	needs_review	clarify_specs_before_use	purchase_2024_candidate_rows=2328;2345；purchase_2024_source_rows=2329;2346；draft_sku_id=SKU-DRAFT-002302	缺失规格：每包数量；颜色；整理依据：颜色/每包数量缺失，会影响扎带按包采购的SKU区分；与同规格扎带可合并复核；颜色/每包数量缺失；导入口径：do_not_import_missing_specs；重分类：辅料耗材/扎带 -> 电气电料/电气辅材；分类置信度：high；尼龙扎带常作线缆绑扎辅材，规格差异不拆分。	2026-07-03
ELEC-TIE-000013	尼龙扎带	材质：尼龙；规格：10*400		电气电料/电气辅材	包			扎带10*400	ELEC-TIE-000013 尼龙扎带 辅料耗材/扎带 包 材质：尼龙 规格：10*400 扎带10*400 尼龙 10*400			candidate	needs_review	clarify_specs_before_use	purchase_2024_candidate_rows=2329；purchase_2024_source_rows=2330；draft_sku_id=SKU-DRAFT-002303	缺失规格：每包数量；颜色；整理依据：颜色/每包数量缺失，会影响扎带按包采购的SKU区分；导入口径：do_not_import_missing_specs；重分类：辅料耗材/扎带 -> 电气电料/电气辅材；分类置信度：high；尼龙扎带常作线缆绑扎辅材，规格差异不拆分。	2026-07-03
SAFE-000134	消防枪头管接头套件	材质：铝合金；规格：80型；包含：消防枪头+管接头		安全消防/消防管件	套			80型铝合金消防枪头+管接头	SAFE-000134 消防枪头管接头套件 安全消防/消防接头 套 材质：铝合金 规格：80型 包含：消防枪头+管接头 80型铝合金消防枪头+管接头 铝合金 80型 消防枪头+管接头			candidate	needs_review	clarify_specs_before_use	purchase_2024_candidate_rows=2330；purchase_2024_source_rows=2331；draft_sku_id=SKU-DRAFT-002304	缺失规格：压力等级；整理依据：接口标准/压力等级缺失，会影响消防接头套件SKU区分；导入口径：do_not_import_missing_specs；重分类：安全消防/消防接头 -> 安全消防/消防管件；分类置信度：high；消防枪头和管接头套件归消防管件。	2026-07-03
SAFE-000135	消防枪头管接头套件	材质：铝合金；规格：65型；包含：消防枪头+管接头		安全消防/消防管件	套			65型铝合金消防枪头+管接头	SAFE-000135 消防枪头管接头套件 安全消防/消防接头 套 材质：铝合金 规格：65型 包含：消防枪头+管接头 65型铝合金消防枪头+管接头 铝合金 65型 消防枪头+管接头			candidate	needs_review	clarify_specs_before_use	purchase_2024_candidate_rows=2331；purchase_2024_source_rows=2332；draft_sku_id=SKU-DRAFT-002305	缺失规格：压力等级；整理依据：接口标准/压力等级缺失，会影响消防接头套件SKU区分；导入口径：do_not_import_missing_specs；重分类：安全消防/消防接头 -> 安全消防/消防管件；分类置信度：high；消防枪头和管接头套件归消防管件。	2026-07-03
TOOL-000346	梅花开口两用扳手	规格：13		工具量具/手动工具	把			梅花开口扳手13	TOOL-000346 梅花开口两用扳手 手动工具/扳手 把 规格：13 梅花开口扳手13 13			candidate	usable	confirm_before_use	purchase_2024_candidate_rows=2332；purchase_2024_source_rows=2333；draft_sku_id=SKU-DRAFT-002306	缺失规格：品牌；型号；整理依据：品牌/材质未指定，按通用两用扳手先建候选；导入口径：confirm_then_import；重分类：手动工具/扳手 -> 工具量具/手动工具；分类置信度：high；梅开两用扳手属于手动工具。	2026-07-03
TOOL-000347	梅花开口两用扳手	规格：14		工具量具/手动工具	把			梅花开口扳手14	TOOL-000347 梅花开口两用扳手 手动工具/扳手 把 规格：14 梅花开口扳手14 14			candidate	usable	confirm_before_use	purchase_2024_candidate_rows=2333；purchase_2024_source_rows=2334；draft_sku_id=SKU-DRAFT-002307	缺失规格：品牌；型号；整理依据：品牌/材质未指定，按通用两用扳手先建候选；导入口径：confirm_then_import；重分类：手动工具/扳手 -> 工具量具/手动工具；分类置信度：high；梅开两用扳手属于手动工具。	2026-07-03
SAFE-000136	消防枪头	规格：50		安全消防/消防管件	只			消防枪头50	SAFE-000136 消防枪头 安全消防/消防接头 只 规格：50 消防枪头50 50			candidate	needs_review	clarify_specs_before_use	purchase_2024_candidate_rows=2334；purchase_2024_source_rows=2335；draft_sku_id=SKU-DRAFT-002308	缺失规格：材质；压力等级；整理依据：材质/接口标准/压力等级缺失，无法稳定区分消防枪头SKU；导入口径：do_not_import_missing_specs；重分类：安全消防/消防接头 -> 安全消防/消防管件；分类置信度：high；消防枪头属于消防水带配套管件。	2026-07-03
SAFE-000137	消防管快速接头	规格：65；类型：快接		安全消防/消防管件	只			消防管快接65	SAFE-000137 消防管快速接头 安全消防/消防接头 只 规格：65 类型：快接 消防管快接65 65 快接			candidate	needs_review	clarify_specs_before_use	purchase_2024_candidate_rows=2335；purchase_2024_source_rows=2336；draft_sku_id=SKU-DRAFT-002309	缺失规格：材质；压力等级；整理依据：材质/接口标准/压力等级缺失，会影响消防快速接头SKU区分；导入口径：do_not_import_missing_specs；重分类：安全消防/消防接头 -> 安全消防/消防管件；分类置信度：high；消防管快接属于消防管件。	2026-07-03
MAT-000252	吸油棉	尺寸：40cm*50cm*5mm		清洁办公后勤/清洁耗材	张			吸油棉40cm*50cm*5mm	MAT-000252 吸油棉 环保耗材/吸附材料 张 尺寸：40cm*50cm*5mm 吸油棉40cm*50cm*5mm 40cm*50cm*5mm			candidate	needs_review	clarify_specs_before_use	purchase_2024_candidate_rows=2336；purchase_2024_source_rows=2337；draft_sku_id=SKU-DRAFT-002310	缺失规格：材质；容量；整理依据：吸附容量/材质缺失，会影响吸油棉SKU区分；导入口径：do_not_import_missing_specs；重分类：环保耗材/吸附材料 -> 清洁办公后勤/清洁耗材；分类置信度：high；吸油棉用于清洁吸附，旧环保耗材按实物归类。	2026-07-03
MAT-000253	高压清洗机喷嘴	角度：0度		设备备件/通用机械备件	只			高压清洗机喷咀0度；喷咀	MAT-000253 高压清洗机喷嘴 清洗设备/清洗机配件 只 角度：0度 高压清洗机喷咀0度 喷咀 0度			candidate	needs_review	clarify_specs_before_use	purchase_2024_candidate_rows=2337；purchase_2024_source_rows=2338；draft_sku_id=SKU-DRAFT-002311	缺失规格：规格；压力等级；整理依据：接口规格/压力等级缺失，会影响喷嘴SKU区分；导入口径：do_not_import_missing_specs；重分类：清洗设备/清洗机配件 -> 设备备件/通用机械备件；分类置信度：high；喷嘴为高压清洗机配件。	2026-07-03
WELD-000065	割嘴	型号：G01-100；规格：2号		焊接切割/切割耗材	只			割咀G01-100型2号	WELD-000065 割嘴 焊割工具/割嘴 只 型号：G01-100 规格：2号 割咀G01-100型2号 G01-100 2号		G01-100	candidate	usable	confirm_before_use	purchase_2024_candidate_rows=2338；purchase_2024_source_rows=2339；draft_sku_id=SKU-DRAFT-002312	整理依据：割咀按割嘴归一；适用气体/品牌未明，按型号和规格先建候选；导入口径：confirm_then_import；重分类：焊割工具/割嘴 -> 焊接切割/切割耗材；分类置信度：high；割嘴是气割切割耗材。	2026-07-03
SAFE-000138	安全绳	直径：Φ8		劳保防护/高处防护	米			安全绳Φ8	SAFE-000138 安全绳 安全防护/安全绳 米 直径：Φ8 安全绳Φ8 Φ8			candidate	needs_review	clarify_specs_before_use	purchase_2024_candidate_rows=2339；purchase_2024_source_rows=2340；draft_sku_id=SKU-DRAFT-002313	缺失规格：材质；整理依据：材质/承载/认证标准缺失，会影响安全绳SKU区分；导入口径：do_not_import_missing_specs；重分类：安全防护/安全绳 -> 劳保防护/高处防护；分类置信度：medium；样例含五点式双钩和安全绳，按人员坠落防护归口。	2026-07-03
SAFE-000139	安全绳	直径：Φ10		劳保防护/高处防护	米			安全绳Φ10	SAFE-000139 安全绳 安全防护/安全绳 米 直径：Φ10 安全绳Φ10 Φ10			candidate	needs_review	clarify_specs_before_use	purchase_2024_candidate_rows=2340；purchase_2024_source_rows=2341；draft_sku_id=SKU-DRAFT-002314	缺失规格：材质；整理依据：材质/承载/认证标准缺失，会影响安全绳SKU区分；导入口径：do_not_import_missing_specs；重分类：安全防护/安全绳 -> 劳保防护/高处防护；分类置信度：medium；样例含五点式双钩和安全绳，按人员坠落防护归口。	2026-07-03
SAFE-000140	安全绳	直径：Φ12		劳保防护/高处防护	米			安全绳Φ12	SAFE-000140 安全绳 安全防护/安全绳 米 直径：Φ12 安全绳Φ12 Φ12			candidate	needs_review	clarify_specs_before_use	purchase_2024_candidate_rows=2341；purchase_2024_source_rows=2342；draft_sku_id=SKU-DRAFT-002315	缺失规格：材质；整理依据：材质/承载/认证标准缺失，会影响安全绳SKU区分；导入口径：do_not_import_missing_specs；重分类：安全防护/安全绳 -> 劳保防护/高处防护；分类置信度：medium；样例含五点式双钩和安全绳，按人员坠落防护归口。	2026-07-03
TOOL-000348	钢丝钳	规格：7寸		工具量具/手动工具	把			老虎钳7寸；老虎钳	TOOL-000348 钢丝钳 手动工具/钳类 把 规格：7寸 老虎钳7寸 老虎钳 7寸			candidate	usable	confirm_before_use	purchase_2024_candidate_rows=2342；purchase_2024_source_rows=2343；draft_sku_id=SKU-DRAFT-002316	缺失规格：品牌；型号；整理依据：老虎钳按钢丝钳归一；品牌/材质未指定，按7寸通用钢丝钳先建候选；导入口径：confirm_then_import；重分类：手动工具/钳类 -> 工具量具/手动工具；分类置信度：high；钢丝钳即老虎钳，为手动工具。	2026-07-03
SAFE-000141	浸塑手套	工艺：浸塑		劳保防护/手套	付			浸塑手套	SAFE-000141 浸塑手套 劳保用品/手套 付 工艺：浸塑 浸塑			candidate	needs_review	clarify_specs_before_use	purchase_2024_candidate_rows=2343；purchase_2024_source_rows=2344；draft_sku_id=SKU-DRAFT-002317	缺失规格：材质；整理依据：材质/尺码/防护等级缺失，会影响手套SKU区分；导入口径：do_not_import_missing_specs；重分类：劳保用品/手套 -> 劳保防护/手套；分类置信度：high；浸塑手套属于劳保手套。	2026-07-03
SAFE-000142	橡胶手套	材质：橡胶		劳保防护/手套	付			橡胶手套	SAFE-000142 橡胶手套 劳保用品/手套 付 材质：橡胶 橡胶			candidate	needs_review	clarify_specs_before_use	purchase_2024_candidate_rows=2344；purchase_2024_source_rows=2345；draft_sku_id=SKU-DRAFT-002318	缺失规格：厚度；整理依据：尺码/厚度/防护等级缺失，会影响手套SKU区分；导入口径：do_not_import_missing_specs；重分类：劳保用品/手套 -> 劳保防护/手套；分类置信度：high；橡胶手套属于劳保手套。	2026-07-03
MAT-000254	吊装带	额定载荷：1T；长度：1米		吊装索具/吊带	根			吊带1T*1米	MAT-000254 吊装带 吊装索具/吊带 根 额定载荷：1T 长度：1米 吊带1T*1米 1T 1米			candidate	usable	confirm_before_use	purchase_2024_candidate_rows=2346；purchase_2024_source_rows=2347；draft_sku_id=SKU-DRAFT-002319	缺失规格：材质；安全系数；整理依据：材质/安全系数缺失，按载荷和长度先建候选；导入口径：confirm_then_import	2026-07-03
MAT-000255	吊装带	额定载荷：1T；长度：1.5米		吊装索具/吊带	根			吊带1T*1.5米	MAT-000255 吊装带 吊装索具/吊带 根 额定载荷：1T 长度：1.5米 吊带1T*1.5米 1T 1.5米			candidate	usable	confirm_before_use	purchase_2024_candidate_rows=2347；purchase_2024_source_rows=2348；draft_sku_id=SKU-DRAFT-002320	缺失规格：材质；安全系数；整理依据：材质/安全系数缺失，按载荷和长度先建候选；导入口径：confirm_then_import	2026-07-03
MAT-000256	吊装带	额定载荷：5T；长度：3米		吊装索具/吊带	根			吊带5T*3米	MAT-000256 吊装带 吊装索具/吊带 根 额定载荷：5T 长度：3米 吊带5T*3米 5T 3米			candidate	usable	confirm_before_use	purchase_2024_candidate_rows=2348；purchase_2024_source_rows=2349；draft_sku_id=SKU-DRAFT-002321	缺失规格：材质；安全系数；整理依据：材质/安全系数缺失，按载荷和长度先建候选；导入口径：confirm_then_import	2026-07-03
WELD-000066	乙炔压力表	介质：乙炔；类型：压力表		焊接切割/气瓶附件	只			乙炔表	WELD-000066 乙炔压力表 仪表/气体压力表 只 介质：乙炔 类型：压力表 乙炔表 乙炔 压力表			candidate	needs_review	clarify_specs_before_use	purchase_2024_candidate_rows=2349；purchase_2024_source_rows=2350；draft_sku_id=SKU-DRAFT-002322	缺失规格：量程；整理依据：量程/接口缺失，无法稳定区分气体压力表SKU；导入口径：do_not_import_missing_specs；重分类：仪表/气体压力表 -> 焊接切割/气瓶附件；分类置信度：high；乙炔压力表用于焊割气体系统，归气瓶附件。	2026-07-03
WELD-000067	焊罩镜片	颜色：黑色		劳保防护/眼面防护	盒			焊罩镜片黑色	WELD-000067 焊罩镜片 焊接防护/焊罩配件 盒 颜色：黑色 焊罩镜片黑色 黑色			candidate	needs_review	clarify_specs_before_use	purchase_2024_candidate_rows=2350；purchase_2024_source_rows=2351；draft_sku_id=SKU-DRAFT-002323	缺失规格：尺寸；整理依据：遮光号/尺寸/每盒数量缺失，会影响焊罩镜片SKU区分；导入口径：do_not_import_missing_specs；重分类：焊接防护/焊罩配件 -> 劳保防护/眼面防护；分类置信度：high；焊罩镜片服务于焊接眼面防护，焊接防护旧类目并入劳保防护。	2026-07-03
TOOL-000349	卷尺	长度：3m		工具量具/测量工具	把			卷尺3m	TOOL-000349 卷尺 量具/卷尺 把 长度：3m 卷尺3m 3m			candidate	usable	confirm_before_use	purchase_2024_candidate_rows=2351；purchase_2024_source_rows=2352；draft_sku_id=SKU-DRAFT-002324	缺失规格：宽度；精度；整理依据：尺带宽度/精度等级缺失，按长度先建候选；导入口径：confirm_then_import；重分类：量具/卷尺 -> 工具量具/测量工具；分类置信度：high；卷尺是测量工具，长度差异不拆分。	2026-07-03
TOOL-000350	卷尺	长度：5m		工具量具/测量工具	把			卷尺5m	TOOL-000350 卷尺 量具/卷尺 把 长度：5m 卷尺5m 5m			candidate	usable	confirm_before_use	purchase_2024_candidate_rows=2352；purchase_2024_source_rows=2353；draft_sku_id=SKU-DRAFT-002325	缺失规格：宽度；精度；整理依据：尺带宽度/精度等级缺失，按长度先建候选；导入口径：confirm_then_import；重分类：量具/卷尺 -> 工具量具/测量工具；分类置信度：high；卷尺是测量工具，长度差异不拆分。	2026-07-03
ADMIN-000073	垃圾袋	尺寸：1m*1.2m		清洁办公后勤/清洁耗材	条			垃圾袋1m*1.2m	ADMIN-000073 垃圾袋 清洁用品/垃圾袋 条 尺寸：1m*1.2m 垃圾袋1m*1.2m 1m*1.2m			candidate	needs_review	clarify_specs_before_use	purchase_2024_candidate_rows=2353；purchase_2024_source_rows=2354；draft_sku_id=SKU-DRAFT-002326	缺失规格：材质；厚度；颜色；整理依据：材质/厚度/颜色缺失，会影响垃圾袋SKU区分；导入口径：do_not_import_missing_specs；重分类：清洁用品/垃圾袋 -> 清洁办公后勤/清洁耗材；分类置信度：high；垃圾袋是清洁消耗品，旧劳保耗材错误。	2026-07-03
CONST-000042	脚手架钢管	长度：6m		金属材料/钢管	根			架子管6m；架子管	CONST-000042 脚手架钢管 建筑周转材料/脚手架 根 长度：6m 架子管6m 架子管 6m			candidate	needs_review	clarify_specs_before_use	purchase_2024_candidate_rows=2354；purchase_2024_source_rows=2355；draft_sku_id=SKU-DRAFT-002327	缺失规格：材质；壁厚；整理依据：架子管为土名；管径/壁厚/材质缺失，无法稳定区分SKU；导入口径：do_not_import_missing_specs；重分类：建筑周转材料/脚手架 -> 金属材料/钢管；分类置信度：high；架子管本质为脚手架用钢管，旧周转材料不是标准分类。	2026-07-03
MAT-CEM-000018	水泥	包装：散装；强度等级：42.5		建筑材料/水泥砂石	吨			散装42.5水泥	MAT-CEM-000018 水泥 建材/水泥 吨 包装：散装 强度等级：42.5 散装42.5水泥 散装 42.5			candidate	needs_review	clarify_specs_before_use	purchase_2024_candidate_rows=2355；purchase_2024_source_rows=2356；draft_sku_id=SKU-DRAFT-002328	缺失规格：品牌；规格；整理依据：原名称“散装水泥”已将包装归入规格；水泥类型/品牌缺失，仍不足以区分水泥SKU；导入口径：do_not_import_missing_specs；重分类：建材/水泥 -> 建筑材料/水泥砂石；分类置信度：high；水泥按水泥砂石归类。	2026-07-03
