code	source_name	normalized_name	parent_code	parent_name	chapter_code	chapter_context	page	suggested_top_group	suggested_material_family	candidate_families	matching_rule	confidence	review_status
01012100	马： 改良种用	马： 改良种用	010121	马： / 改良种用	01	HS第01章	17				none	0.0	unmapped
01012900	其他	其他	010129	马： / 其他	01	HS第01章	17				none	0.0	unmapped
01013010	驴： 改良种用	驴： 改良种用	010130	驴	01	HS第01章	17				none	0.0	unmapped
01013090	其他	其他	010130	驴	01	HS第01章	17				none	0.0	unmapped
01019000	其他	其他	010190	其他	01	HS第01章	18				none	0.0	unmapped
01022100	家牛： 改良种用	家牛： 改良种用	010221	家牛： / 改良种用	01	HS第01章	18				none	0.0	unmapped
01022900	其他	其他	010229	家牛： / 其他	01	HS第01章	18				none	0.0	unmapped
01023100	水牛： 改良种用	水牛： 改良种用	010231	水牛： / 改良种用	01	HS第01章	18				none	0.0	unmapped
01023900	其他	其他	010239	水牛： / 其他	01	HS第01章	18				none	0.0	unmapped
01029010	其他： 改良种用	其他： 改良种用	010290	其他	01	HS第01章	18				none	0.0	unmapped
01029090	其他	其他	010290	其他	01	HS第01章	19				none	0.0	unmapped
01031000	改良种用	改良种用	010310	改良种用	01	HS第01章	19				none	0.0	unmapped
01039110	其他： --重量在50千克以下： 重量在10千克以下	其他： --重量在50千克以下： 重量在10千克以下	010391	其他： / 重量在50千克以下	01	HS第01章	19				none	0.0	unmapped
01039120	重量在10千克及以上，但在50 千克以下	重量在10千克及以上，但在50 千克以下	010391	其他： / 重量在50千克以下	01	HS第01章	19				none	0.0	unmapped
01039200	重量在50千克及以上	重量在50千克及以上	010392	其他： / 重量在50千克及以上	01	HS第01章	19				none	0.0	unmapped
01041010	绵羊： 改良种用	绵羊： 改良种用	010410	绵羊	01	HS第01章	19				none	0.0	unmapped
01041090	其他	其他	010410	绵羊	01	HS第01章	20				none	0.0	unmapped
01042010	山羊： 改良种用	山羊： 改良种用	010420	山羊	01	HS第01章	20				none	0.0	unmapped
01042090	其他	其他	010420	山羊	01	HS第01章	20				none	0.0	unmapped
01051110	重量不超过185克： --鸡： 改良种用	重量不超过185克： --鸡： 改良种用	010511	重量不超过185克： / 鸡	01	HS第01章	20				none	0.0	unmapped
01051190	其他	其他	010511	重量不超过185克： / 鸡	01	HS第01章	20				none	0.0	unmapped
01051210	火鸡： 改良种用	火鸡： 改良种用	010512	重量不超过185克： / 火鸡	01	HS第01章	20				none	0.0	unmapped
01051290	其他	其他	010512	重量不超过185克： / 火鸡	01	HS第01章	21				none	0.0	unmapped
01051310	鸭： 改良种用	鸭： 改良种用	010513	重量不超过185克： / 鸭	01	HS第01章	21				none	0.0	unmapped
01051390	其他	其他	010513	重量不超过185克： / 鸭	01	HS第01章	21				none	0.0	unmapped
01051410	鹅： 改良种用	鹅： 改良种用	010514	重量不超过185克： / 鹅	01	HS第01章	21				none	0.0	unmapped
01051490	其他	其他	010514	重量不超过185克： / 鹅	01	HS第01章	21				none	0.0	unmapped
01051510	珍珠鸡： 改良种用	珍珠鸡： 改良种用	010515	重量不超过185克： / 珍珠鸡	01	HS第01章	21				none	0.0	unmapped
01051590	其他	其他	010515	重量不超过185克： / 珍珠鸡	01	HS第01章	22				none	0.0	unmapped
01059410	其他： --鸡： 改良种用	其他： --鸡： 改良种用	010594	其他： / 鸡	01	HS第01章	22				none	0.0	unmapped
01059490	其他	其他	010594	其他： / 鸡	01	HS第01章	22				none	0.0	unmapped
01059910	其他： 改良种用	其他： 改良种用	010599	其他	01	HS第01章	22				none	0.0	unmapped
01059991	其他： 鸭	其他： 鸭	010599	其他	01	HS第01章	22				none	0.0	unmapped
01059992	其他： 鹅	其他： 鹅	010599	其他	01	HS第01章	22				none	0.0	unmapped
01059993	其他： 珍珠鸡	其他： 珍珠鸡	010599	其他	01	HS第01章	23				none	0.0	unmapped
01059994	其他： 火鸡	其他： 火鸡	010599	其他	01	HS第01章	23				none	0.0	unmapped
01061110	哺乳动物： --灵长目： 改良种用	哺乳动物： --灵长目： 改良种用	010611	哺乳动物： / 灵长目	01	HS第01章	23				none	0.0	unmapped
01061190	其他	其他	010611	哺乳动物： / 灵长目	01	HS第01章	23				none	0.0	unmapped
01061211	鲸、海豚及鼠海豚（鲸目哺乳动 物）；海牛及儒艮（海牛目哺乳动 物）；海豹、海狮及海象（鳍足亚 目哺乳动物）： ---鲸、海豚及鼠海豚（鲸目哺乳 动物）；海牛及儒艮（海牛目哺乳 动物）： 改良种用	鲸、海豚及鼠海豚（鲸目哺乳动 物）；海牛及儒艮（海牛目哺乳动 物）；海豹、海狮及海象（鳍足亚 目哺乳动物）： ---鲸、海豚及鼠海豚（鲸目哺乳 动物）；海牛及儒艮（海牛目哺乳 动物）： 改良种用	010612	哺乳动物： / 鲸、海豚及鼠海豚（鲸目哺乳动 物）；海牛及儒艮（海牛目哺乳动 物）；海豹、海狮及海象（鳍足亚 目哺乳动物）	01	HS第01章	23				none	0.0	unmapped
01061219	鲸、海豚及鼠海豚（鲸目哺乳 动物）；海牛及儒艮（海牛目哺乳 动物）： 其他	鲸、海豚及鼠海豚（鲸目哺乳 动物）；海牛及儒艮（海牛目哺乳 动物）： 其他	010612	哺乳动物： / 鲸、海豚及鼠海豚（鲸目哺乳动 物）；海牛及儒艮（海牛目哺乳动 物）；海豹、海狮及海象（鳍足亚 目哺乳动物）	01	HS第01章	24				none	0.0	unmapped
01061221	海豹、海狮及海象（鳍足亚目 哺乳动物）： 改良种用	海豹、海狮及海象（鳍足亚目 哺乳动物）： 改良种用	010612	哺乳动物： / 鲸、海豚及鼠海豚（鲸目哺乳动 物）；海牛及儒艮（海牛目哺乳动 物）；海豹、海狮及海象（鳍足亚 目哺乳动物）	01	HS第01章	24				none	0.0	unmapped
01061229	海豹、海狮及海象（鳍足亚目 哺乳动物）： 其他	海豹、海狮及海象（鳍足亚目 哺乳动物）： 其他	010612	哺乳动物： / 鲸、海豚及鼠海豚（鲸目哺乳动 物）；海牛及儒艮（海牛目哺乳动 物）；海豹、海狮及海象（鳍足亚 目哺乳动物）	01	HS第01章	24				none	0.0	unmapped
01061310	骆驼及其他骆驼科动物： 改良种用	骆驼及其他骆驼科动物： 改良种用	010613	哺乳动物： / 骆驼及其他骆驼科动物	01	HS第01章	24				none	0.0	unmapped
01061390	其他	其他	010613	哺乳动物： / 骆驼及其他骆驼科动物	01	HS第01章	24				none	0.0	unmapped
01061410	家兔及野兔： 改良种用	家兔及野兔： 改良种用	010614	哺乳动物： / 家兔及野兔	01	HS第01章	24				none	0.0	unmapped
01061490	其他	其他	010614	哺乳动物： / 家兔及野兔	01	HS第01章	25				none	0.0	unmapped
01061910	其他： 改良种用	其他： 改良种用	010619	哺乳动物： / 其他	01	HS第01章	25				none	0.0	unmapped
01061990	其他	其他	010619	哺乳动物： / 其他	01	HS第01章	25				none	0.0	unmapped
01062011	爬行动物（包括蛇及龟鳖）： ---改良种用： 鳄鱼苗	爬行动物（包括蛇及龟鳖）： ---改良种用： 鳄鱼苗	010620	爬行动物（包括蛇及龟鳖）	01	HS第01章	25				none	0.0	unmapped
01062019	改良种用： 其他	改良种用： 其他	010620	爬行动物（包括蛇及龟鳖）	01	HS第01章	25				none	0.0	unmapped
01062020	食用	食用	010620	爬行动物（包括蛇及龟鳖）	01	HS第01章	25				none	0.0	unmapped
01062090	其他	其他	010620	爬行动物（包括蛇及龟鳖）	01	HS第01章	26				none	0.0	unmapped
01063110	鸟： --猛禽： 改良种用	鸟： --猛禽： 改良种用	010631	鸟： / 猛禽	01	HS第01章	26				none	0.0	unmapped
01063190	其他	其他	010631	鸟： / 猛禽	01	HS第01章	26				none	0.0	unmapped
01063210	鹦形目（包括普通鹦鹉、长尾鹦 鹉、金刚鹦鹉及美冠鹦鹉）： 改良种用	鹦形目（包括普通鹦鹉、长尾鹦 鹉、金刚鹦鹉及美冠鹦鹉）： 改良种用	010632	鸟： / 鹦形目（包括普通鹦鹉、长尾鹦 鹉、金刚鹦鹉及美冠鹦鹉）	01	HS第01章	26				none	0.0	unmapped
01063290	其他	其他	010632	鸟： / 鹦形目（包括普通鹦鹉、长尾鹦 鹉、金刚鹦鹉及美冠鹦鹉）	01	HS第01章	26				none	0.0	unmapped
01063310	鸵鸟；鸸鹋： 改良种用	鸵鸟；鸸鹋： 改良种用	010633	鸟： / 鸵鸟；鸸鹋	01	HS第01章	26				none	0.0	unmapped
01063390	其他	其他	010633	鸟： / 鸵鸟；鸸鹋	01	HS第01章	27				none	0.0	unmapped
01063910	其他： 改良种用	其他： 改良种用	010639	鸟： / 其他	01	HS第01章	27				none	0.0	unmapped
01063921	食用： 乳鸽	食用： 乳鸽	010639	鸟： / 其他	01	HS第01章	27				none	0.0	unmapped
01063923	食用： 野鸭	食用： 野鸭	010639	鸟： / 其他	01	HS第01章	27				none	0.0	unmapped
01063929	食用： 其他	食用： 其他	010639	鸟： / 其他	01	HS第01章	27				none	0.0	unmapped
01063990	其他	其他	010639	鸟： / 其他	01	HS第01章	28				none	0.0	unmapped
01064110	昆虫： --蜂： 改良种用	昆虫： --蜂： 改良种用	010641	昆虫： / 蜂	01	HS第01章	28				none	0.0	unmapped
01064190	其他	其他	010641	昆虫： / 蜂	01	HS第01章	28				none	0.0	unmapped
01064910	其他： 改良种用	其他： 改良种用	010649	昆虫： / 其他	01	HS第01章	28				none	0.0	unmapped
01064990	其他	其他	010649	昆虫： / 其他	01	HS第01章	28				none	0.0	unmapped
01069011	其他： ---改良种用： 蛙苗	其他： ---改良种用： 蛙苗	010690	其他	01	HS第01章	28				none	0.0	unmapped
01069019	改良种用： 其他	改良种用： 其他	010690	其他	01	HS第01章	28				none	0.0	unmapped
01069090	其他	其他	010690	其他	01	HS第01章	29				none	0.0	unmapped
02011000	整头及半头	整头及半头	020110	整头及半头	02	HS第02章	30				none	0.0	unmapped
02012000	带骨肉	带骨肉	020120	带骨肉	02	HS第02章	30				none	0.0	unmapped
02013000	去骨肉	去骨肉	020130	去骨肉	02	HS第02章	30				none	0.0	unmapped
02021000	整头及半头	整头及半头	020210	整头及半头	02	HS第02章	30				none	0.0	unmapped
02022000	带骨肉	带骨肉	020220	带骨肉	02	HS第02章	31				none	0.0	unmapped
02023000	去骨肉	去骨肉	020230	去骨肉	02	HS第02章	31				none	0.0	unmapped
02031110	鲜或冷的： --整头及半头： 乳猪	鲜或冷的： --整头及半头： 乳猪	020311	鲜或冷的： / 整头及半头	02	HS第02章	31				none	0.0	unmapped
02031190	其他	其他	020311	鲜或冷的： / 整头及半头	02	HS第02章	31				none	0.0	unmapped
02031200	带骨的前腿、后腿及其肉块	带骨的前腿、后腿及其肉块	020312	鲜或冷的： / 带骨的前腿、后腿及其肉块	02	HS第02章	31				none	0.0	unmapped
02031900	其他	其他	020319	鲜或冷的： / 其他	02	HS第02章	31				none	0.0	unmapped
02032110	乳猪	乳猪	020321	冻的： / 整头及半头	02	HS第02章	32				none	0.0	unmapped
02032190	其他	其他	020321	冻的： / 整头及半头	02	HS第02章	32				none	0.0	unmapped
02032200	带骨的前腿、后腿及其肉块	带骨的前腿、后腿及其肉块	020322	冻的： / 带骨的前腿、后腿及其肉块	02	HS第02章	32				none	0.0	unmapped
02032900	其他	其他	020329	冻的： / 其他	02	HS第02章	32				none	0.0	unmapped
02041000	鲜或冷的整头及半头羔羊	鲜或冷的整头及半头羔羊	020410	鲜或冷的整头及半头羔羊	02	HS第02章	32				none	0.0	unmapped
02042100	其他鲜或冷的绵羊肉： 整头及半头	其他鲜或冷的绵羊肉： 整头及半头	020421	其他鲜或冷的绵羊肉： / 整头及半头	02	HS第02章	32				none	0.0	unmapped
02042200	带骨肉	带骨肉	020422	其他鲜或冷的绵羊肉： / 带骨肉	02	HS第02章	33				none	0.0	unmapped
02042300	去骨肉	去骨肉	020423	其他鲜或冷的绵羊肉： / 去骨肉	02	HS第02章	33				none	0.0	unmapped
02043000	冻的整头及半头羔羊	冻的整头及半头羔羊	020430	冻的整头及半头羔羊	02	HS第02章	33				none	0.0	unmapped
02044100	其他冻的绵羊肉： 整头及半头	其他冻的绵羊肉： 整头及半头	020441	其他冻的绵羊肉： / 整头及半头	02	HS第02章	33				none	0.0	unmapped
02044200	带骨肉	带骨肉	020442	其他冻的绵羊肉： / 带骨肉	02	HS第02章	33				none	0.0	unmapped
02044300	去骨肉	去骨肉	020443	其他冻的绵羊肉： / 去骨肉	02	HS第02章	33				none	0.0	unmapped
02045000	山羊肉	山羊肉	020450	山羊肉	02	HS第02章	33				none	0.0	unmapped
02050000	鲜、冷、冻马、驴、骡肉	鲜、冷、冻马、驴、骡肉	020500	鲜、冷、冻马、驴、骡肉	02	HS第02章	34				none	0.0	unmapped
02061000	鲜、冷牛杂碎	鲜、冷牛杂碎	020610	鲜、冷牛杂碎	02	HS第02章	34				none	0.0	unmapped
02062100	冻牛杂碎： 舌	冻牛杂碎： 舌	020621	冻牛杂碎： / 舌	02	HS第02章	34				none	0.0	unmapped
02062200	肝	肝	020622	冻牛杂碎： / 肝	02	HS第02章	34				none	0.0	unmapped
02062900	其他	其他	020629	冻牛杂碎： / 其他	02	HS第02章	34				none	0.0	unmapped
02063000	鲜、冷猪杂碎	鲜、冷猪杂碎	020630	鲜、冷猪杂碎	02	HS第02章	34				none	0.0	unmapped
02064100	肝	肝	020641	鲜、冷猪杂碎 / 肝	02	HS第02章	35				none	0.0	unmapped
02064900	其他	其他	020649	鲜、冷猪杂碎 / 其他	02	HS第02章	35				none	0.0	unmapped
02068000	其他鲜或冷杂碎	其他鲜或冷杂碎	020680	其他鲜或冷杂碎	02	HS第02章	35				none	0.0	unmapped
02069000	其他冻杂碎	其他冻杂碎	020690	其他冻杂碎	02	HS第02章	35				none	0.0	unmapped
02071100	鸡： 整只，鲜或冷的	鸡： 整只，鲜或冷的	020711	鸡： / 整只，鲜或冷的	02	HS第02章	35				none	0.0	unmapped
02071200	整只，冻的	整只，冻的	020712	鸡： / 整只，冻的	02	HS第02章	36				none	0.0	unmapped
02071311	块及杂碎，鲜或冷的： ---块： 带骨的	块及杂碎，鲜或冷的： ---块： 带骨的	020713	鸡： / 块及杂碎，鲜或冷的	02	HS第02章	36				none	0.0	unmapped
02071319	块： 其他	块： 其他	020713	鸡： / 块及杂碎，鲜或冷的	02	HS第02章	36				none	0.0	unmapped
02071321	杂碎： 翼（不包括翼尖）	杂碎： 翼（不包括翼尖）	020713	鸡： / 块及杂碎，鲜或冷的	02	HS第02章	36				none	0.0	unmapped
02071329	杂碎： 其他	杂碎： 其他	020713	鸡： / 块及杂碎，鲜或冷的	02	HS第02章	36				none	0.0	unmapped
02071411	块： 带骨的	块： 带骨的	020714	鸡： / 块及杂碎，冻的	02	HS第02章	37				none	0.0	unmapped
02071419	块： 其他	块： 其他	020714	鸡： / 块及杂碎，冻的	02	HS第02章	37				none	0.0	unmapped
02071421	杂碎： 翼（不包括翼尖）	杂碎： 翼（不包括翼尖）	020714	鸡： / 块及杂碎，冻的	02	HS第02章	37				none	0.0	unmapped
02071422	杂碎： 鸡爪	杂碎： 鸡爪	020714	鸡： / 块及杂碎，冻的	02	HS第02章	37				none	0.0	unmapped
02071429	杂碎： 其他	杂碎： 其他	020714	鸡： / 块及杂碎，冻的	02	HS第02章	38				none	0.0	unmapped
02072400	火鸡： 整只，鲜或冷的	火鸡： 整只，鲜或冷的	020724	火鸡： / 整只，鲜或冷的	02	HS第02章	38				none	0.0	unmapped
02072500	整只，冻的	整只，冻的	020725	火鸡： / 整只，冻的	02	HS第02章	38				none	0.0	unmapped
02072600	块及杂碎，鲜或冷的	块及杂碎，鲜或冷的	020726	火鸡： / 块及杂碎，鲜或冷的	02	HS第02章	38				none	0.0	unmapped
02072700	块及杂碎，冻的	块及杂碎，冻的	020727	火鸡： / 块及杂碎，冻的	02	HS第02章	38				none	0.0	unmapped
02074100	整只，鲜或冷的	整只，鲜或冷的	020741	鸭： / 整只，鲜或冷的	02	HS第02章	39				none	0.0	unmapped
02074200	整只，冻的	整只，冻的	020742	鸭： / 整只，冻的	02	HS第02章	39				none	0.0	unmapped
02074300	肥肝，鲜或冷的	肥肝，鲜或冷的	020743	鸭： / 肥肝，鲜或冷的	02	HS第02章	39				none	0.0	unmapped
02074400	其他，鲜或冷的	其他，鲜或冷的	020744	鸭： / 其他，鲜或冷的	02	HS第02章	39				none	0.0	unmapped
02074500	其他，冻的	其他，冻的	020745	鸭： / 其他，冻的	02	HS第02章	39				none	0.0	unmapped
02075100	鹅： 整只，鲜或冷的	鹅： 整只，鲜或冷的	020751	鹅： / 整只，鲜或冷的	02	HS第02章	39				none	0.0	unmapped
02075200	整只，冻的	整只，冻的	020752	鹅： / 整只，冻的	02	HS第02章	40				none	0.0	unmapped
02075300	肥肝，鲜或冷的	肥肝，鲜或冷的	020753	鹅： / 肥肝，鲜或冷的	02	HS第02章	40				none	0.0	unmapped
02075400	其他，鲜或冷的	其他，鲜或冷的	020754	鹅： / 其他，鲜或冷的	02	HS第02章	40				none	0.0	unmapped
02075500	其他，冻的	其他，冻的	020755	鹅： / 其他，冻的	02	HS第02章	40				none	0.0	unmapped
02076000	珍珠鸡	珍珠鸡	020760	珍珠鸡	02	HS第02章	40				none	0.0	unmapped
02081010	家兔或野兔的： 鲜、冷兔肉，兔头除外	家兔或野兔的： 鲜、冷兔肉，兔头除外	020810	家兔或野兔的	02	HS第02章	40				none	0.0	unmapped
02081020	冻兔肉，兔头除外	冻兔肉，兔头除外	020810	家兔或野兔的	02	HS第02章	41				none	0.0	unmapped
02081090	其他	其他	020810	家兔或野兔的	02	HS第02章	41				none	0.0	unmapped
02083000	灵长目的	灵长目的	020830	灵长目的	02	HS第02章	41				none	0.0	unmapped
02084000	鲸、海豚及鼠海豚（鲸目哺乳动 物）的；海牛及儒艮（海牛目哺 乳动物）的；海豹、海狮及海象 （鳍足亚目哺乳动物）的	鲸、海豚及鼠海豚（鲸目哺乳动 物）的；海牛及儒艮（海牛目哺 乳动物）的；海豹、海狮及海象 （鳍足亚目哺乳动物）的	020840	鲸、海豚及鼠海豚（鲸目哺乳动	02	HS第02章	41				none	0.0	unmapped
02085000	爬行动物（包括蛇及龟鳖）的	爬行动物（包括蛇及龟鳖）的	020850	爬行动物（包括蛇及龟鳖）的	02	HS第02章	41				none	0.0	unmapped
02086000	骆驼及其他骆驼科动物的	骆驼及其他骆驼科动物的	020860	骆驼及其他骆驼科动物的	02	HS第02章	41				none	0.0	unmapped
02089010	其他： 乳鸽的	其他： 乳鸽的	020890	其他	02	HS第02章	41				none	0.0	unmapped
02089090	其他	其他	020890	其他	02	HS第02章	42				none	0.0	unmapped
02091000	猪的	猪的	020910	猪的	02	HS第02章	42				none	0.0	unmapped
02099000	其他	其他	020990	其他	02	HS第02章	42				none	0.0	unmapped
02101110	猪肉： --带骨的前腿、后腿及其肉块： 带骨的腿	猪肉： --带骨的前腿、后腿及其肉块： 带骨的腿	021011	猪肉： / 带骨的前腿、后腿及其肉块	02	HS第02章	42				none	0.0	unmapped
02101190	其他	其他	021011	猪肉： / 带骨的前腿、后腿及其肉块	02	HS第02章	42				none	0.0	unmapped
02101200	腹肉（五花肉）	腹肉（五花肉）	021012	猪肉： / 腹肉（五花肉）	02	HS第02章	43				none	0.0	unmapped
02101900	其他	其他	021019	猪肉： / 其他	02	HS第02章	43				none	0.0	unmapped
02102000	牛肉	牛肉	021020	牛肉	02	HS第02章	43				none	0.0	unmapped
02109100	其他，包括可供食用的肉或杂碎 的细粉、粗粉： 灵长目的	其他，包括可供食用的肉或杂碎 的细粉、粗粉： 灵长目的	021091	其他，包括可供食用的肉或杂碎 的细粉、粗粉： / 灵长目的	02	HS第02章	43				none	0.0	unmapped
02109200	鲸、海豚及鼠海豚（鲸目哺乳动 物）的；海牛及儒艮（海牛目哺 乳动物）的；海豹、海狮及海象 （鳍足亚目哺乳动物）的	鲸、海豚及鼠海豚（鲸目哺乳动 物）的；海牛及儒艮（海牛目哺 乳动物）的；海豹、海狮及海象 （鳍足亚目哺乳动物）的	021092	其他，包括可供食用的肉或杂碎 的细粉、粗粉： / 鲸、海豚及鼠海豚（鲸目哺乳动	02	HS第02章	43				none	0.0	unmapped
02109300	爬行动物（包括蛇及龟鳖）的	爬行动物（包括蛇及龟鳖）的	021093	其他，包括可供食用的肉或杂碎 的细粉、粗粉： / 爬行动物（包括蛇及龟鳖）的	02	HS第02章	43				none	0.0	unmapped
02109900	其他	其他	021099	其他，包括可供食用的肉或杂碎 的细粉、粗粉： / 其他	02	HS第02章	43				none	0.0	unmapped
03011100	观赏鱼： 淡水鱼	观赏鱼： 淡水鱼	030111	观赏鱼： / 淡水鱼	03	HS第03章	44				none	0.0	unmapped
03011900	其他	其他	030119	观赏鱼： / 其他	03	HS第03章	44				none	0.0	unmapped
03019110	其他活鱼： --鳟鱼（河鳟、虹鳟、克拉克大麻 哈鱼、阿瓜大麻哈鱼、吉雨大麻 哈鱼、亚利桑那大麻哈鱼、金腹 大麻哈鱼）： 鱼苗	其他活鱼： --鳟鱼（河鳟、虹鳟、克拉克大麻 哈鱼、阿瓜大麻哈鱼、吉雨大麻 哈鱼、亚利桑那大麻哈鱼、金腹 大麻哈鱼）： 鱼苗	030191	其他活鱼： / 鳟鱼（河鳟、虹鳟、克拉克大麻 哈鱼、阿瓜大麻哈鱼、吉雨大麻 哈鱼、亚利桑那大麻哈鱼、金腹 大麻哈鱼）	03	HS第03章	44				none	0.0	unmapped
03019190	其他	其他	030191	其他活鱼： / 鳟鱼（河鳟、虹鳟、克拉克大麻 哈鱼、阿瓜大麻哈鱼、吉雨大麻 哈鱼、亚利桑那大麻哈鱼、金腹 大麻哈鱼）	03	HS第03章	44				none	0.0	unmapped
03019210	鱼苗	鱼苗	030192	其他活鱼： / 鳗鱼（鳗鲡属）	03	HS第03章	45				none	0.0	unmapped
03019290	其他	其他	030192	其他活鱼： / 鳗鱼（鳗鲡属）	03	HS第03章	45				none	0.0	unmapped
03019310	鲤科鱼（鲤属、鲫属、草鱼、鲢 属、鲮属、青鱼、卡特拉鲃、野 鲮属、哈氏纹唇鱼、何氏细须鲃、 鲂属）： 鱼苗	鲤科鱼（鲤属、鲫属、草鱼、鲢 属、鲮属、青鱼、卡特拉鲃、野 鲮属、哈氏纹唇鱼、何氏细须鲃、 鲂属）： 鱼苗	030193	其他活鱼： / 鲤科鱼（鲤属、鲫属、草鱼、鲢 属、鲮属、青鱼、卡特拉鲃、野 鲮属、哈氏纹唇鱼、何氏细须鲃、 鲂属）	03	HS第03章	45				none	0.0	unmapped
03019390	其他	其他	030193	其他活鱼： / 鲤科鱼（鲤属、鲫属、草鱼、鲢 属、鲮属、青鱼、卡特拉鲃、野 鲮属、哈氏纹唇鱼、何氏细须鲃、 鲂属）	03	HS第03章	45				none	0.0	unmapped
03019410	大西洋及太平洋蓝鳍金枪鱼： 鱼苗	大西洋及太平洋蓝鳍金枪鱼： 鱼苗	030194	其他活鱼： / 大西洋及太平洋蓝鳍金枪鱼	03	HS第03章	45				none	0.0	unmapped
03019491	其他： 大西洋蓝鳍金枪鱼	其他： 大西洋蓝鳍金枪鱼	030194	其他活鱼： / 大西洋及太平洋蓝鳍金枪鱼	03	HS第03章	45				none	0.0	unmapped
03019492	其他： 太平洋蓝鳍金枪鱼	其他： 太平洋蓝鳍金枪鱼	030194	其他活鱼： / 大西洋及太平洋蓝鳍金枪鱼	03	HS第03章	45				none	0.0	unmapped
03019510	鱼苗	鱼苗	030195	其他活鱼： / 南方蓝鳍金枪鱼	03	HS第03章	46				none	0.0	unmapped
03019590	其他	其他	030195	其他活鱼： / 南方蓝鳍金枪鱼	03	HS第03章	46				none	0.0	unmapped
03019911	其他： ---鱼苗： 鲈鱼	其他： ---鱼苗： 鲈鱼	030199	其他活鱼： / 其他	03	HS第03章	46				none	0.0	unmapped
03019912	鱼苗： 鲟鱼	鱼苗： 鲟鱼	030199	其他活鱼： / 其他	03	HS第03章	46				none	0.0	unmapped
03019919	鱼苗： 其他	鱼苗： 其他	030199	其他活鱼： / 其他	03	HS第03章	46				none	0.0	unmapped
03019991	其他： 罗非鱼	其他： 罗非鱼	030199	其他活鱼： / 其他	03	HS第03章	46				none	0.0	unmapped
03019992	其他： 鲀	其他： 鲀	030199	其他活鱼： / 其他	03	HS第03章	46				none	0.0	unmapped
03019993	其他： 其他鲤科鱼	其他： 其他鲤科鱼	030199	其他活鱼： / 其他	03	HS第03章	47				none	0.0	unmapped
03019999	其他： 其他	其他： 其他	030199	其他活鱼： / 其他	03	HS第03章	47				none	0.0	unmapped
03021100	鲑科鱼，但子目0302.91至 0302.99的可食用鱼杂碎除外： 鳟鱼（河鳟、虹鳟、克拉克大麻 哈鱼、阿瓜大麻哈鱼、吉雨大麻 哈鱼、亚利桑那大麻哈鱼、金腹 大麻哈鱼）	鲑科鱼，但子目0302.91至 0302.99的可食用鱼杂碎除外： 鳟鱼（河鳟、虹鳟、克拉克大麻 哈鱼、阿瓜大麻哈鱼、吉雨大麻 哈鱼、亚利桑那大麻哈鱼、金腹 大麻哈鱼）	030211	鲑科鱼，但子目0302.91至 0302.99的可食用鱼杂碎除外： / 鳟鱼（河鳟、虹鳟、克拉克大麻	03	HS第03章	47				none	0.0	unmapped
03021300	大麻哈鱼［红大麻哈鱼、细鳞大 麻哈鱼、大麻哈鱼（种）、大鳞大 麻哈鱼、银大麻哈鱼、马苏大麻 哈鱼、玫瑰大麻哈鱼］	大麻哈鱼［红大麻哈鱼、细鳞大 麻哈鱼、大麻哈鱼（种）、大鳞大 麻哈鱼、银大麻哈鱼、马苏大麻 哈鱼、玫瑰大麻哈鱼］	030213	鲑科鱼，但子目0302.91至 0302.99的可食用鱼杂碎除外： / 大麻哈鱼［红大麻哈鱼、细鳞大	03	HS第03章	47				none	0.0	unmapped
03021410	大西洋鲑鱼及多瑙哲罗鱼： 大西洋鲑鱼	大西洋鲑鱼及多瑙哲罗鱼： 大西洋鲑鱼	030214	鲑科鱼，但子目0302.91至 0302.99的可食用鱼杂碎除外： / 大西洋鲑鱼及多瑙哲罗鱼	03	HS第03章	47				none	0.0	unmapped
03021420	多瑙哲罗鱼	多瑙哲罗鱼	030214	鲑科鱼，但子目0302.91至 0302.99的可食用鱼杂碎除外： / 大西洋鲑鱼及多瑙哲罗鱼	03	HS第03章	47				none	0.0	unmapped
03021900	其他	其他	030219	鲑科鱼，但子目0302.91至 0302.99的可食用鱼杂碎除外： / 其他	03	HS第03章	48				none	0.0	unmapped
03022100	比目鱼（鲽科、鲆科、舌鳎科、 鳎科、菱鲆科、刺鲆科），但子目 0302.91至0302.99的可食用鱼杂 碎除外： 庸鲽鱼（马舌鲽、庸鲽、狭鳞庸 鲽）	比目鱼（鲽科、鲆科、舌鳎科、 鳎科、菱鲆科、刺鲆科），但子目 0302.91至0302.99的可食用鱼杂 碎除外： 庸鲽鱼（马舌鲽、庸鲽、狭鳞庸 鲽）	030221	比目鱼（鲽科、鲆科、舌鳎科、 鳎科、菱鲆科、刺鲆科），但子目 0302.91至0302.99的可食用鱼杂 碎除外： / 庸鲽鱼（马舌鲽、庸鲽、狭鳞庸	03	HS第03章	48				none	0.0	unmapped
03022200	鲽鱼（鲽）	鲽鱼（鲽）	030222	比目鱼（鲽科、鲆科、舌鳎科、 鳎科、菱鲆科、刺鲆科），但子目 0302.91至0302.99的可食用鱼杂 碎除外： / 鲽鱼（鲽）	03	HS第03章	48				none	0.0	unmapped
03022300	鳎鱼（鳎属）	鳎鱼（鳎属）	030223	比目鱼（鲽科、鲆科、舌鳎科、 鳎科、菱鲆科、刺鲆科），但子目 0302.91至0302.99的可食用鱼杂 碎除外： / 鳎鱼（鳎属）	03	HS第03章	48				none	0.0	unmapped
03022400	大菱鲆（瘤棘鲆）	大菱鲆（瘤棘鲆）	030224	比目鱼（鲽科、鲆科、舌鳎科、 鳎科、菱鲆科、刺鲆科），但子目 0302.91至0302.99的可食用鱼杂 碎除外： / 大菱鲆（瘤棘鲆）	03	HS第03章	48				none	0.0	unmapped
03022900	其他	其他	030229	比目鱼（鲽科、鲆科、舌鳎科、 鳎科、菱鲆科、刺鲆科），但子目 0302.91至0302.99的可食用鱼杂 碎除外： / 其他	03	HS第03章	49				none	0.0	unmapped
03023100	金枪鱼（金枪鱼属）、鲣，但子 目0302.91至0302.99的可食用鱼 杂碎除外： 长鳍金枪鱼	金枪鱼（金枪鱼属）、鲣，但子 目0302.91至0302.99的可食用鱼 杂碎除外： 长鳍金枪鱼	030231	金枪鱼（金枪鱼属）、鲣，但子 目0302.91至0302.99的可食用鱼 杂碎除外： / 长鳍金枪鱼	03	HS第03章	49				none	0.0	unmapped
03023200	黄鳍金枪鱼	黄鳍金枪鱼	030232	金枪鱼（金枪鱼属）、鲣，但子 目0302.91至0302.99的可食用鱼 杂碎除外： / 黄鳍金枪鱼	03	HS第03章	49				none	0.0	unmapped
03023300	鲣	鲣	030233	金枪鱼（金枪鱼属）、鲣，但子 目0302.91至0302.99的可食用鱼 杂碎除外： / 鲣	03	HS第03章	49				none	0.0	unmapped
03023400	大眼金枪鱼	大眼金枪鱼	030234	金枪鱼（金枪鱼属）、鲣，但子 目0302.91至0302.99的可食用鱼 杂碎除外： / 大眼金枪鱼	03	HS第03章	49				none	0.0	unmapped
03023510	大西洋蓝鳍金枪鱼	大西洋蓝鳍金枪鱼	030235	金枪鱼（金枪鱼属）、鲣，但子 目0302.91至0302.99的可食用鱼 杂碎除外： / 大西洋及太平洋蓝鳍金枪鱼	03	HS第03章	50				none	0.0	unmapped
03023520	太平洋蓝鳍金枪鱼	太平洋蓝鳍金枪鱼	030235	金枪鱼（金枪鱼属）、鲣，但子 目0302.91至0302.99的可食用鱼 杂碎除外： / 大西洋及太平洋蓝鳍金枪鱼	03	HS第03章	50				none	0.0	unmapped
03023600	南方蓝鳍金枪鱼	南方蓝鳍金枪鱼	030236	金枪鱼（金枪鱼属）、鲣，但子 目0302.91至0302.99的可食用鱼 杂碎除外： / 南方蓝鳍金枪鱼	03	HS第03章	50				none	0.0	unmapped
03023900	其他	其他	030239	金枪鱼（金枪鱼属）、鲣，但子 目0302.91至0302.99的可食用鱼 杂碎除外： / 其他	03	HS第03章	50				none	0.0	unmapped
03024100	鲱鱼（大西洋鲱鱼、太平洋鲱鱼）	鲱鱼（大西洋鲱鱼、太平洋鲱鱼）	030241	鲱鱼（大西洋鲱鱼、太平洋鲱 鱼）、鳀鱼（鳀属）、沙丁鱼（沙 丁鱼、沙瑙鱼属）、小沙丁鱼属、 黍鲱或西鲱、鲭鱼［大西洋鲭、 澳洲鲭（鲐）、日本鲭（鲐）］、印 度鲭（羽鳃鲐属）、马鲛鱼（马鲛 属）、对称竹荚鱼、新西兰竹荚鱼 及竹荚鱼（竹荚鱼属）、鲹鱼（鲹 属）、军曹鱼、银鲳（鲳属）、秋 刀鱼、圆鲹（圆鲹属）、多春鱼（毛 鳞鱼）、剑鱼、鲔鱼、狐鲣（狐鲣 属）、枪鱼、旗鱼、四鳍旗鱼（旗 鱼科），但子目0302.91至0302.99 的可食用鱼杂碎除外： / 鲱鱼（大西洋鲱鱼、太平洋鲱鱼）	03	HS第03章	51				none	0.0	unmapped
03024200	鳀鱼（鳀属）	鳀鱼（鳀属）	030242	鲱鱼（大西洋鲱鱼、太平洋鲱 鱼）、鳀鱼（鳀属）、沙丁鱼（沙 丁鱼、沙瑙鱼属）、小沙丁鱼属、 黍鲱或西鲱、鲭鱼［大西洋鲭、 澳洲鲭（鲐）、日本鲭（鲐）］、印 度鲭（羽鳃鲐属）、马鲛鱼（马鲛 属）、对称竹荚鱼、新西兰竹荚鱼 及竹荚鱼（竹荚鱼属）、鲹鱼（鲹 属）、军曹鱼、银鲳（鲳属）、秋 刀鱼、圆鲹（圆鲹属）、多春鱼（毛 鳞鱼）、剑鱼、鲔鱼、狐鲣（狐鲣 属）、枪鱼、旗鱼、四鳍旗鱼（旗 鱼科），但子目0302.91至0302.99 的可食用鱼杂碎除外： / 鳀鱼（鳀属）	03	HS第03章	51				none	0.0	unmapped
03024300	沙丁鱼（沙丁鱼、沙瑙鱼属）、 小沙丁鱼属、黍鲱或西鲱	沙丁鱼（沙丁鱼、沙瑙鱼属）、 小沙丁鱼属、黍鲱或西鲱	030243	鲱鱼（大西洋鲱鱼、太平洋鲱 鱼）、鳀鱼（鳀属）、沙丁鱼（沙 丁鱼、沙瑙鱼属）、小沙丁鱼属、 黍鲱或西鲱、鲭鱼［大西洋鲭、 澳洲鲭（鲐）、日本鲭（鲐）］、印 度鲭（羽鳃鲐属）、马鲛鱼（马鲛 属）、对称竹荚鱼、新西兰竹荚鱼 及竹荚鱼（竹荚鱼属）、鲹鱼（鲹 属）、军曹鱼、银鲳（鲳属）、秋 刀鱼、圆鲹（圆鲹属）、多春鱼（毛 鳞鱼）、剑鱼、鲔鱼、狐鲣（狐鲣 属）、枪鱼、旗鱼、四鳍旗鱼（旗 鱼科），但子目0302.91至0302.99 的可食用鱼杂碎除外： / 沙丁鱼（沙丁鱼、沙瑙鱼属）、	03	HS第03章	51				none	0.0	unmapped
03024400	鲭鱼［大西洋鲭、澳洲鲭（鲐）、 日本鲭（鲐）］	鲭鱼［大西洋鲭、澳洲鲭（鲐）、 日本鲭（鲐）］	030244	鲱鱼（大西洋鲱鱼、太平洋鲱 鱼）、鳀鱼（鳀属）、沙丁鱼（沙 丁鱼、沙瑙鱼属）、小沙丁鱼属、 黍鲱或西鲱、鲭鱼［大西洋鲭、 澳洲鲭（鲐）、日本鲭（鲐）］、印 度鲭（羽鳃鲐属）、马鲛鱼（马鲛 属）、对称竹荚鱼、新西兰竹荚鱼 及竹荚鱼（竹荚鱼属）、鲹鱼（鲹 属）、军曹鱼、银鲳（鲳属）、秋 刀鱼、圆鲹（圆鲹属）、多春鱼（毛 鳞鱼）、剑鱼、鲔鱼、狐鲣（狐鲣 属）、枪鱼、旗鱼、四鳍旗鱼（旗 鱼科），但子目0302.91至0302.99 的可食用鱼杂碎除外： / 鲭鱼［大西洋鲭、澳洲鲭（鲐）、	03	HS第03章	51				none	0.0	unmapped
03024500	对称竹荚鱼、新西兰竹荚鱼及竹 荚鱼（竹荚鱼属）	对称竹荚鱼、新西兰竹荚鱼及竹 荚鱼（竹荚鱼属）	030245	鲱鱼（大西洋鲱鱼、太平洋鲱 鱼）、鳀鱼（鳀属）、沙丁鱼（沙 丁鱼、沙瑙鱼属）、小沙丁鱼属、 黍鲱或西鲱、鲭鱼［大西洋鲭、 澳洲鲭（鲐）、日本鲭（鲐）］、印 度鲭（羽鳃鲐属）、马鲛鱼（马鲛 属）、对称竹荚鱼、新西兰竹荚鱼 及竹荚鱼（竹荚鱼属）、鲹鱼（鲹 属）、军曹鱼、银鲳（鲳属）、秋 刀鱼、圆鲹（圆鲹属）、多春鱼（毛 鳞鱼）、剑鱼、鲔鱼、狐鲣（狐鲣 属）、枪鱼、旗鱼、四鳍旗鱼（旗 鱼科），但子目0302.91至0302.99 的可食用鱼杂碎除外： / 对称竹荚鱼、新西兰竹荚鱼及竹	03	HS第03章	51				none	0.0	unmapped
03024600	军曹鱼	军曹鱼	030246	鲱鱼（大西洋鲱鱼、太平洋鲱 鱼）、鳀鱼（鳀属）、沙丁鱼（沙 丁鱼、沙瑙鱼属）、小沙丁鱼属、 黍鲱或西鲱、鲭鱼［大西洋鲭、 澳洲鲭（鲐）、日本鲭（鲐）］、印 度鲭（羽鳃鲐属）、马鲛鱼（马鲛 属）、对称竹荚鱼、新西兰竹荚鱼 及竹荚鱼（竹荚鱼属）、鲹鱼（鲹 属）、军曹鱼、银鲳（鲳属）、秋 刀鱼、圆鲹（圆鲹属）、多春鱼（毛 鳞鱼）、剑鱼、鲔鱼、狐鲣（狐鲣 属）、枪鱼、旗鱼、四鳍旗鱼（旗 鱼科），但子目0302.91至0302.99 的可食用鱼杂碎除外： / 军曹鱼	03	HS第03章	51				none	0.0	unmapped
03024700	剑鱼	剑鱼	030247	鲱鱼（大西洋鲱鱼、太平洋鲱 鱼）、鳀鱼（鳀属）、沙丁鱼（沙 丁鱼、沙瑙鱼属）、小沙丁鱼属、 黍鲱或西鲱、鲭鱼［大西洋鲭、 澳洲鲭（鲐）、日本鲭（鲐）］、印 度鲭（羽鳃鲐属）、马鲛鱼（马鲛 属）、对称竹荚鱼、新西兰竹荚鱼 及竹荚鱼（竹荚鱼属）、鲹鱼（鲹 属）、军曹鱼、银鲳（鲳属）、秋 刀鱼、圆鲹（圆鲹属）、多春鱼（毛 鳞鱼）、剑鱼、鲔鱼、狐鲣（狐鲣 属）、枪鱼、旗鱼、四鳍旗鱼（旗 鱼科），但子目0302.91至0302.99 的可食用鱼杂碎除外： / 剑鱼	03	HS第03章	52				none	0.0	unmapped
03024910	其他： 银鲳（鲳属）	其他： 银鲳（鲳属）	030249	鲱鱼（大西洋鲱鱼、太平洋鲱 鱼）、鳀鱼（鳀属）、沙丁鱼（沙 丁鱼、沙瑙鱼属）、小沙丁鱼属、 黍鲱或西鲱、鲭鱼［大西洋鲭、 澳洲鲭（鲐）、日本鲭（鲐）］、印 度鲭（羽鳃鲐属）、马鲛鱼（马鲛 属）、对称竹荚鱼、新西兰竹荚鱼 及竹荚鱼（竹荚鱼属）、鲹鱼（鲹 属）、军曹鱼、银鲳（鲳属）、秋 刀鱼、圆鲹（圆鲹属）、多春鱼（毛 鳞鱼）、剑鱼、鲔鱼、狐鲣（狐鲣 属）、枪鱼、旗鱼、四鳍旗鱼（旗 鱼科），但子目0302.91至0302.99 的可食用鱼杂碎除外： / 其他	03	HS第03章	52				none	0.0	unmapped
03024990	其他	其他	030249	鲱鱼（大西洋鲱鱼、太平洋鲱 鱼）、鳀鱼（鳀属）、沙丁鱼（沙 丁鱼、沙瑙鱼属）、小沙丁鱼属、 黍鲱或西鲱、鲭鱼［大西洋鲭、 澳洲鲭（鲐）、日本鲭（鲐）］、印 度鲭（羽鳃鲐属）、马鲛鱼（马鲛 属）、对称竹荚鱼、新西兰竹荚鱼 及竹荚鱼（竹荚鱼属）、鲹鱼（鲹 属）、军曹鱼、银鲳（鲳属）、秋 刀鱼、圆鲹（圆鲹属）、多春鱼（毛 鳞鱼）、剑鱼、鲔鱼、狐鲣（狐鲣 属）、枪鱼、旗鱼、四鳍旗鱼（旗 鱼科），但子目0302.91至0302.99 的可食用鱼杂碎除外： / 其他	03	HS第03章	52				none	0.0	unmapped
03025100	犀鳕科、多丝真鳕科、鳕科、长 尾鳕科、黑鳕科、无须鳕科、深 海鳕科及南极鳕科鱼，但子目 0302.91至0302.99的可食用鱼杂 碎除外： 鳕鱼（大西洋鳕鱼、格陵兰鳕鱼、 太平洋鳕鱼）	犀鳕科、多丝真鳕科、鳕科、长 尾鳕科、黑鳕科、无须鳕科、深 海鳕科及南极鳕科鱼，但子目 0302.91至0302.99的可食用鱼杂 碎除外： 鳕鱼（大西洋鳕鱼、格陵兰鳕鱼、 太平洋鳕鱼）	030251	犀鳕科、多丝真鳕科、鳕科、长 尾鳕科、黑鳕科、无须鳕科、深 海鳕科及南极鳕科鱼，但子目 0302.91至0302.99的可食用鱼杂 碎除外： / 鳕鱼（大西洋鳕鱼、格陵兰鳕鱼、	03	HS第03章	52				none	0.0	unmapped
03025200	黑线鳕鱼（黑线鳕）	黑线鳕鱼（黑线鳕）	030252	犀鳕科、多丝真鳕科、鳕科、长 尾鳕科、黑鳕科、无须鳕科、深 海鳕科及南极鳕科鱼，但子目 0302.91至0302.99的可食用鱼杂 碎除外： / 黑线鳕鱼（黑线鳕）	03	HS第03章	52				none	0.0	unmapped
03025300	绿青鳕鱼	绿青鳕鱼	030253	犀鳕科、多丝真鳕科、鳕科、长 尾鳕科、黑鳕科、无须鳕科、深 海鳕科及南极鳕科鱼，但子目 0302.91至0302.99的可食用鱼杂 碎除外： / 绿青鳕鱼	03	HS第03章	53				none	0.0	unmapped
03025400	狗鳕鱼（无须鳕属、长鳍鳕属）	狗鳕鱼（无须鳕属、长鳍鳕属）	030254	犀鳕科、多丝真鳕科、鳕科、长 尾鳕科、黑鳕科、无须鳕科、深 海鳕科及南极鳕科鱼，但子目 0302.91至0302.99的可食用鱼杂 碎除外： / 狗鳕鱼（无须鳕属、长鳍鳕属）	03	HS第03章	53				none	0.0	unmapped
03025500	阿拉斯加狭鳕鱼	阿拉斯加狭鳕鱼	030255	犀鳕科、多丝真鳕科、鳕科、长 尾鳕科、黑鳕科、无须鳕科、深 海鳕科及南极鳕科鱼，但子目 0302.91至0302.99的可食用鱼杂 碎除外： / 阿拉斯加狭鳕鱼	03	HS第03章	53				none	0.0	unmapped
03025600	蓝鳕鱼（小鳍鳕、南蓝鳕）	蓝鳕鱼（小鳍鳕、南蓝鳕）	030256	犀鳕科、多丝真鳕科、鳕科、长 尾鳕科、黑鳕科、无须鳕科、深 海鳕科及南极鳕科鱼，但子目 0302.91至0302.99的可食用鱼杂 碎除外： / 蓝鳕鱼（小鳍鳕、南蓝鳕）	03	HS第03章	53				none	0.0	unmapped
03025900	其他	其他	030259	犀鳕科、多丝真鳕科、鳕科、长 尾鳕科、黑鳕科、无须鳕科、深 海鳕科及南极鳕科鱼，但子目 0302.91至0302.99的可食用鱼杂 碎除外： / 其他	03	HS第03章	53				none	0.0	unmapped
03027100	罗非鱼（口孵非鲫属）	罗非鱼（口孵非鲫属）	030271	罗非鱼（口孵非鲫属）、鲶鱼[（鱼 芒）鲶属、鲶属、胡鲶属、真鮰 属]、鲤科鱼（鲤属、鲫属、草鱼、 鲢属、鲮属、青鱼、卡特拉鲃、 野鲮属、哈氏纹唇鱼、何氏细须 鲃、鲂属）、鳗鱼（鳗鲡属）、尼 罗河鲈鱼（尼罗尖吻鲈）及黑鱼 （鳢属），但子目0302.91至 0302.99的可食用鱼杂碎除外： / 罗非鱼（口孵非鲫属）	03	HS第03章	54				none	0.0	unmapped
03027200	鲶鱼[（鱼芒）鲶属、鲶属、胡 鲶属、真鮰属]	鲶鱼[（鱼芒）鲶属、鲶属、胡 鲶属、真鮰属]	030272	罗非鱼（口孵非鲫属）、鲶鱼[（鱼 芒）鲶属、鲶属、胡鲶属、真鮰 属]、鲤科鱼（鲤属、鲫属、草鱼、 鲢属、鲮属、青鱼、卡特拉鲃、 野鲮属、哈氏纹唇鱼、何氏细须 鲃、鲂属）、鳗鱼（鳗鲡属）、尼 罗河鲈鱼（尼罗尖吻鲈）及黑鱼 （鳢属），但子目0302.91至 0302.99的可食用鱼杂碎除外： / 鲶鱼[（鱼芒）鲶属、鲶属、胡	03	HS第03章	54				none	0.0	unmapped
03027300	鲤科鱼（鲤属、鲫属、草鱼、鲢 属、鲮属、青鱼、卡特拉鲃、野 鲮属、哈氏纹唇鱼、何氏细须鲃、 鲂属）	鲤科鱼（鲤属、鲫属、草鱼、鲢 属、鲮属、青鱼、卡特拉鲃、野 鲮属、哈氏纹唇鱼、何氏细须鲃、 鲂属）	030273	罗非鱼（口孵非鲫属）、鲶鱼[（鱼 芒）鲶属、鲶属、胡鲶属、真鮰 属]、鲤科鱼（鲤属、鲫属、草鱼、 鲢属、鲮属、青鱼、卡特拉鲃、 野鲮属、哈氏纹唇鱼、何氏细须 鲃、鲂属）、鳗鱼（鳗鲡属）、尼 罗河鲈鱼（尼罗尖吻鲈）及黑鱼 （鳢属），但子目0302.91至 0302.99的可食用鱼杂碎除外： / 鲤科鱼（鲤属、鲫属、草鱼、鲢	03	HS第03章	54				none	0.0	unmapped
03027400	鳗鱼（鳗鲡属）	鳗鱼（鳗鲡属）	030274	罗非鱼（口孵非鲫属）、鲶鱼[（鱼 芒）鲶属、鲶属、胡鲶属、真鮰 属]、鲤科鱼（鲤属、鲫属、草鱼、 鲢属、鲮属、青鱼、卡特拉鲃、 野鲮属、哈氏纹唇鱼、何氏细须 鲃、鲂属）、鳗鱼（鳗鲡属）、尼 罗河鲈鱼（尼罗尖吻鲈）及黑鱼 （鳢属），但子目0302.91至 0302.99的可食用鱼杂碎除外： / 鳗鱼（鳗鲡属）	03	HS第03章	54				none	0.0	unmapped
03027900	其他	其他	030279	罗非鱼（口孵非鲫属）、鲶鱼[（鱼 芒）鲶属、鲶属、胡鲶属、真鮰 属]、鲤科鱼（鲤属、鲫属、草鱼、 鲢属、鲮属、青鱼、卡特拉鲃、 野鲮属、哈氏纹唇鱼、何氏细须 鲃、鲂属）、鳗鱼（鳗鲡属）、尼 罗河鲈鱼（尼罗尖吻鲈）及黑鱼 （鳢属），但子目0302.91至 0302.99的可食用鱼杂碎除外： / 其他	03	HS第03章	54				none	0.0	unmapped
03028100	其他鱼，但子目0302.91至 0302.99的可食用鱼杂碎除外： 角鲨及其他鲨鱼	其他鱼，但子目0302.91至 0302.99的可食用鱼杂碎除外： 角鲨及其他鲨鱼	030281	其他鱼，但子目0302.91至 0302.99的可食用鱼杂碎除外： / 角鲨及其他鲨鱼	03	HS第03章	54				none	0.0	unmapped
03028200	魟鱼及鳐鱼（鳐科）	魟鱼及鳐鱼（鳐科）	030282	其他鱼，但子目0302.91至 0302.99的可食用鱼杂碎除外： / 魟鱼及鳐鱼（鳐科）	03	HS第03章	55				none	0.0	unmapped
03028300	南极犬牙鱼（南极犬牙鱼属）	南极犬牙鱼（南极犬牙鱼属）	030283	其他鱼，但子目0302.91至 0302.99的可食用鱼杂碎除外： / 南极犬牙鱼（南极犬牙鱼属）	03	HS第03章	55				none	0.0	unmapped
03028400	尖吻鲈鱼（舌齿鲈属）	尖吻鲈鱼（舌齿鲈属）	030284	其他鱼，但子目0302.91至 0302.99的可食用鱼杂碎除外： / 尖吻鲈鱼（舌齿鲈属）	03	HS第03章	55				none	0.0	unmapped
03028500	菱羊鲷（鲷科）	菱羊鲷（鲷科）	030285	其他鱼，但子目0302.91至 0302.99的可食用鱼杂碎除外： / 菱羊鲷（鲷科）	03	HS第03章	55				none	0.0	unmapped
03028910	其他： 带鱼	其他： 带鱼	030289	其他鱼，但子目0302.91至 0302.99的可食用鱼杂碎除外： / 其他	03	HS第03章	55				none	0.0	unmapped
03028920	黄鱼	黄鱼	030289	其他鱼，但子目0302.91至 0302.99的可食用鱼杂碎除外： / 其他	03	HS第03章	55				none	0.0	unmapped
03028930	鲳鱼（银鲳除外）	鲳鱼（银鲳除外）	030289	其他鱼，但子目0302.91至 0302.99的可食用鱼杂碎除外： / 其他	03	HS第03章	56				none	0.0	unmapped
03028940	鲀	鲀	030289	其他鱼，但子目0302.91至 0302.99的可食用鱼杂碎除外： / 其他	03	HS第03章	56				none	0.0	unmapped
03028990	其他	其他	030289	其他鱼，但子目0302.91至 0302.99的可食用鱼杂碎除外： / 其他	03	HS第03章	56				none	0.0	unmapped
03029100	鱼肝、鱼卵、鱼精、鱼鳍、鱼头、 鱼尾、鱼鳔及其他可食用鱼杂碎： 鱼肝、鱼卵及鱼精	鱼肝、鱼卵、鱼精、鱼鳍、鱼头、 鱼尾、鱼鳔及其他可食用鱼杂碎： 鱼肝、鱼卵及鱼精	030291	鱼肝、鱼卵、鱼精、鱼鳍、鱼头、 鱼尾、鱼鳔及其他可食用鱼杂碎： / 鱼肝、鱼卵及鱼精	03	HS第03章	56				none	0.0	unmapped
03029200	鲨鱼翅	鲨鱼翅	030292	鱼肝、鱼卵、鱼精、鱼鳍、鱼头、 鱼尾、鱼鳔及其他可食用鱼杂碎： / 鲨鱼翅	03	HS第03章	56				none	0.0	unmapped
03029900	其他	其他	030299	鱼肝、鱼卵、鱼精、鱼鳍、鱼头、 鱼尾、鱼鳔及其他可食用鱼杂碎： / 其他	03	HS第03章	56				none	0.0	unmapped
03031100	红大麻哈鱼	红大麻哈鱼	030311	红大麻哈鱼	03	HS第03章	57				none	0.0	unmapped
03031200	其他大麻哈鱼［细鳞大麻哈鱼、 大麻哈鱼（种）、大鳞大麻哈鱼、 银大麻哈鱼、马苏大麻哈鱼、玫 瑰大麻哈鱼］	其他大麻哈鱼［细鳞大麻哈鱼、 大麻哈鱼（种）、大鳞大麻哈鱼、 银大麻哈鱼、马苏大麻哈鱼、玫 瑰大麻哈鱼］	030312	其他大麻哈鱼［细鳞大麻哈鱼、	03	HS第03章	57				none	0.0	unmapped
03031310	大西洋鲑鱼及多瑙哲罗鱼： 大西洋鲑鱼	大西洋鲑鱼及多瑙哲罗鱼： 大西洋鲑鱼	030313	大西洋鲑鱼及多瑙哲罗鱼	03	HS第03章	57				none	0.0	unmapped
03031320	多瑙哲罗鱼	多瑙哲罗鱼	030313	大西洋鲑鱼及多瑙哲罗鱼	03	HS第03章	57				none	0.0	unmapped
03031400	鳟鱼（河鳟、虹鳟、克拉克大麻 哈鱼、阿瓜大麻哈鱼、吉雨大麻 哈鱼、亚利桑那大麻哈鱼、金腹 大麻哈鱼）	鳟鱼（河鳟、虹鳟、克拉克大麻 哈鱼、阿瓜大麻哈鱼、吉雨大麻 哈鱼、亚利桑那大麻哈鱼、金腹 大麻哈鱼）	030314	鳟鱼（河鳟、虹鳟、克拉克大麻	03	HS第03章	57				none	0.0	unmapped
03031900	其他	其他	030319	其他	03	HS第03章	58				none	0.0	unmapped
03032300	罗非鱼（口孵非鲫属）、鲶鱼[（鱼 芒）鲶属、鲶属、胡鲶属、真鮰 属]、鲤科鱼（鲤属、鲫属、草鱼、 鲢属、鲮属、青鱼、卡特拉鲃、 野鲮属、哈氏纹唇鱼、何氏细须 鲃、鲂属）、鳗鱼（鳗鲡属）、尼 罗河鲈鱼（尼罗尖吻鲈）及黑鱼 （鳢属），但子目0303.91至 0303.99的可食用鱼杂碎除外： 罗非鱼（口孵非鲫属）	罗非鱼（口孵非鲫属）、鲶鱼[（鱼 芒）鲶属、鲶属、胡鲶属、真鮰 属]、鲤科鱼（鲤属、鲫属、草鱼、 鲢属、鲮属、青鱼、卡特拉鲃、 野鲮属、哈氏纹唇鱼、何氏细须 鲃、鲂属）、鳗鱼（鳗鲡属）、尼 罗河鲈鱼（尼罗尖吻鲈）及黑鱼 （鳢属），但子目0303.91至 0303.99的可食用鱼杂碎除外： 罗非鱼（口孵非鲫属）	030323	罗非鱼（口孵非鲫属）、鲶鱼[（鱼 芒）鲶属、鲶属、胡鲶属、真鮰 属]、鲤科鱼（鲤属、鲫属、草鱼、 鲢属、鲮属、青鱼、卡特拉鲃、 野鲮属、哈氏纹唇鱼、何氏细须 鲃、鲂属）、鳗鱼（鳗鲡属）、尼 罗河鲈鱼（尼罗尖吻鲈）及黑鱼 （鳢属），但子目0303.91至 0303.99的可食用鱼杂碎除外： / 罗非鱼（口孵非鲫属）	03	HS第03章	58				none	0.0	unmapped
03032400	鲶鱼[（鱼芒）鲶属、鲶属、胡 鲶属、真鮰属]	鲶鱼[（鱼芒）鲶属、鲶属、胡 鲶属、真鮰属]	030324	罗非鱼（口孵非鲫属）、鲶鱼[（鱼 芒）鲶属、鲶属、胡鲶属、真鮰 属]、鲤科鱼（鲤属、鲫属、草鱼、 鲢属、鲮属、青鱼、卡特拉鲃、 野鲮属、哈氏纹唇鱼、何氏细须 鲃、鲂属）、鳗鱼（鳗鲡属）、尼 罗河鲈鱼（尼罗尖吻鲈）及黑鱼 （鳢属），但子目0303.91至 0303.99的可食用鱼杂碎除外： / 鲶鱼[（鱼芒）鲶属、鲶属、胡	03	HS第03章	58				none	0.0	unmapped
03032500	鲤科鱼（鲤属、鲫属、草鱼、鲢 属、鲮属、青鱼、卡特拉鲃、野 鲮属、哈氏纹唇鱼、何氏细须鲃、 鲂属）	鲤科鱼（鲤属、鲫属、草鱼、鲢 属、鲮属、青鱼、卡特拉鲃、野 鲮属、哈氏纹唇鱼、何氏细须鲃、 鲂属）	030325	罗非鱼（口孵非鲫属）、鲶鱼[（鱼 芒）鲶属、鲶属、胡鲶属、真鮰 属]、鲤科鱼（鲤属、鲫属、草鱼、 鲢属、鲮属、青鱼、卡特拉鲃、 野鲮属、哈氏纹唇鱼、何氏细须 鲃、鲂属）、鳗鱼（鳗鲡属）、尼 罗河鲈鱼（尼罗尖吻鲈）及黑鱼 （鳢属），但子目0303.91至 0303.99的可食用鱼杂碎除外： / 鲤科鱼（鲤属、鲫属、草鱼、鲢	03	HS第03章	58				none	0.0	unmapped
03032600	鳗鱼（鳗鲡属）	鳗鱼（鳗鲡属）	030326	罗非鱼（口孵非鲫属）、鲶鱼[（鱼 芒）鲶属、鲶属、胡鲶属、真鮰 属]、鲤科鱼（鲤属、鲫属、草鱼、 鲢属、鲮属、青鱼、卡特拉鲃、 野鲮属、哈氏纹唇鱼、何氏细须 鲃、鲂属）、鳗鱼（鳗鲡属）、尼 罗河鲈鱼（尼罗尖吻鲈）及黑鱼 （鳢属），但子目0303.91至 0303.99的可食用鱼杂碎除外： / 鳗鱼（鳗鲡属）	03	HS第03章	58				none	0.0	unmapped
03032900	其他	其他	030329	罗非鱼（口孵非鲫属）、鲶鱼[（鱼 芒）鲶属、鲶属、胡鲶属、真鮰 属]、鲤科鱼（鲤属、鲫属、草鱼、 鲢属、鲮属、青鱼、卡特拉鲃、 野鲮属、哈氏纹唇鱼、何氏细须 鲃、鲂属）、鳗鱼（鳗鲡属）、尼 罗河鲈鱼（尼罗尖吻鲈）及黑鱼 （鳢属），但子目0303.91至 0303.99的可食用鱼杂碎除外： / 其他	03	HS第03章	59				none	0.0	unmapped
03033110	比目鱼（鲽科、鲆科、舌鳎科、 鳎科、菱鲆科、刺鲆科），但子目 0303.91至0303.99的可食用鱼杂 碎除外： --庸鲽鱼（马舌鲽、庸鲽、狭鳞庸 鲽）： 马舌鲽（格陵兰庸鲽鱼）	比目鱼（鲽科、鲆科、舌鳎科、 鳎科、菱鲆科、刺鲆科），但子目 0303.91至0303.99的可食用鱼杂 碎除外： --庸鲽鱼（马舌鲽、庸鲽、狭鳞庸 鲽）： 马舌鲽（格陵兰庸鲽鱼）	030331	比目鱼（鲽科、鲆科、舌鳎科、 鳎科、菱鲆科、刺鲆科），但子目 0303.91至0303.99的可食用鱼杂 碎除外： / 庸鲽鱼（马舌鲽、庸鲽、狭鳞庸 鲽）	03	HS第03章	59				none	0.0	unmapped
03033190	其他	其他	030331	比目鱼（鲽科、鲆科、舌鳎科、 鳎科、菱鲆科、刺鲆科），但子目 0303.91至0303.99的可食用鱼杂 碎除外： / 庸鲽鱼（马舌鲽、庸鲽、狭鳞庸 鲽）	03	HS第03章	59				none	0.0	unmapped
03033200	鲽鱼（鲽）	鲽鱼（鲽）	030332	比目鱼（鲽科、鲆科、舌鳎科、 鳎科、菱鲆科、刺鲆科），但子目 0303.91至0303.99的可食用鱼杂 碎除外： / 鲽鱼（鲽）	03	HS第03章	59				none	0.0	unmapped
03033300	鳎鱼（鳎属）	鳎鱼（鳎属）	030333	比目鱼（鲽科、鲆科、舌鳎科、 鳎科、菱鲆科、刺鲆科），但子目 0303.91至0303.99的可食用鱼杂 碎除外： / 鳎鱼（鳎属）	03	HS第03章	59				none	0.0	unmapped
03033400	大菱鲆（瘤棘鲆）	大菱鲆（瘤棘鲆）	030334	比目鱼（鲽科、鲆科、舌鳎科、 鳎科、菱鲆科、刺鲆科），但子目 0303.91至0303.99的可食用鱼杂 碎除外： / 大菱鲆（瘤棘鲆）	03	HS第03章	60				none	0.0	unmapped
03033900	其他	其他	030339	比目鱼（鲽科、鲆科、舌鳎科、 鳎科、菱鲆科、刺鲆科），但子目 0303.91至0303.99的可食用鱼杂 碎除外： / 其他	03	HS第03章	60				none	0.0	unmapped
03034100	金枪鱼（金枪鱼属）、鲣，但子 目0303.91至0303.99的可食用鱼 杂碎除外： 长鳍金枪鱼	金枪鱼（金枪鱼属）、鲣，但子 目0303.91至0303.99的可食用鱼 杂碎除外： 长鳍金枪鱼	030341	金枪鱼（金枪鱼属）、鲣，但子 目0303.91至0303.99的可食用鱼 杂碎除外： / 长鳍金枪鱼	03	HS第03章	60				none	0.0	unmapped
03034200	黄鳍金枪鱼	黄鳍金枪鱼	030342	金枪鱼（金枪鱼属）、鲣，但子 目0303.91至0303.99的可食用鱼 杂碎除外： / 黄鳍金枪鱼	03	HS第03章	60				none	0.0	unmapped
03034300	鲣	鲣	030343	金枪鱼（金枪鱼属）、鲣，但子 目0303.91至0303.99的可食用鱼 杂碎除外： / 鲣	03	HS第03章	60				none	0.0	unmapped
03034400	大眼金枪鱼	大眼金枪鱼	030344	金枪鱼（金枪鱼属）、鲣，但子 目0303.91至0303.99的可食用鱼 杂碎除外： / 大眼金枪鱼	03	HS第03章	60				none	0.0	unmapped
03034510	大西洋蓝鳍金枪鱼	大西洋蓝鳍金枪鱼	030345	金枪鱼（金枪鱼属）、鲣，但子 目0303.91至0303.99的可食用鱼 杂碎除外： / 大西洋及太平洋蓝鳍金枪鱼	03	HS第03章	61				none	0.0	unmapped
03034520	太平洋蓝鳍金枪鱼	太平洋蓝鳍金枪鱼	030345	金枪鱼（金枪鱼属）、鲣，但子 目0303.91至0303.99的可食用鱼 杂碎除外： / 大西洋及太平洋蓝鳍金枪鱼	03	HS第03章	61				none	0.0	unmapped
03034600	南方蓝鳍金枪鱼	南方蓝鳍金枪鱼	030346	金枪鱼（金枪鱼属）、鲣，但子 目0303.91至0303.99的可食用鱼 杂碎除外： / 南方蓝鳍金枪鱼	03	HS第03章	61				none	0.0	unmapped
03034900	其他	其他	030349	金枪鱼（金枪鱼属）、鲣，但子 目0303.91至0303.99的可食用鱼 杂碎除外： / 其他	03	HS第03章	61				none	0.0	unmapped
03035100	鲱鱼（大西洋鲱鱼、太平洋鲱鱼）	鲱鱼（大西洋鲱鱼、太平洋鲱鱼）	030351	鲱鱼（大西洋鲱鱼、太平洋鲱 鱼）、鳀鱼（鳀属）、沙丁鱼（沙 丁鱼、沙瑙鱼属）、小沙丁鱼属、 黍鲱或西鲱、鲭鱼［大西洋鲭、 澳洲鲭（鲐）、日本鲭（鲐）］、印 度鲭（羽鳃鲐属）、马鲛鱼（马鲛 属）、对称竹荚鱼、新西兰竹荚鱼 及竹荚鱼（竹荚鱼属）、鲹鱼（鲹 属）、军曹鱼、银鲳（鲳属）、秋 刀鱼、圆鲹（圆鲹属）、多春鱼（毛 鳞鱼）、剑鱼、鲔鱼、狐鲣（狐鲣 属）、枪鱼、旗鱼、四鳍旗鱼（旗 鱼科），但子目0303.91至0303.99 的可食用鱼杂碎除外： / 鲱鱼（大西洋鲱鱼、太平洋鲱鱼）	03	HS第03章	62				none	0.0	unmapped
03035300	沙丁鱼（沙丁鱼、沙瑙鱼属）、 小沙丁鱼属、黍鲱或西鲱	沙丁鱼（沙丁鱼、沙瑙鱼属）、 小沙丁鱼属、黍鲱或西鲱	030353	鲱鱼（大西洋鲱鱼、太平洋鲱 鱼）、鳀鱼（鳀属）、沙丁鱼（沙 丁鱼、沙瑙鱼属）、小沙丁鱼属、 黍鲱或西鲱、鲭鱼［大西洋鲭、 澳洲鲭（鲐）、日本鲭（鲐）］、印 度鲭（羽鳃鲐属）、马鲛鱼（马鲛 属）、对称竹荚鱼、新西兰竹荚鱼 及竹荚鱼（竹荚鱼属）、鲹鱼（鲹 属）、军曹鱼、银鲳（鲳属）、秋 刀鱼、圆鲹（圆鲹属）、多春鱼（毛 鳞鱼）、剑鱼、鲔鱼、狐鲣（狐鲣 属）、枪鱼、旗鱼、四鳍旗鱼（旗 鱼科），但子目0303.91至0303.99 的可食用鱼杂碎除外： / 沙丁鱼（沙丁鱼、沙瑙鱼属）、	03	HS第03章	62				none	0.0	unmapped
03035400	鲭鱼［大西洋鲭、澳洲鲭（鲐）、 日本鲭（鲐）］	鲭鱼［大西洋鲭、澳洲鲭（鲐）、 日本鲭（鲐）］	030354	鲱鱼（大西洋鲱鱼、太平洋鲱 鱼）、鳀鱼（鳀属）、沙丁鱼（沙 丁鱼、沙瑙鱼属）、小沙丁鱼属、 黍鲱或西鲱、鲭鱼［大西洋鲭、 澳洲鲭（鲐）、日本鲭（鲐）］、印 度鲭（羽鳃鲐属）、马鲛鱼（马鲛 属）、对称竹荚鱼、新西兰竹荚鱼 及竹荚鱼（竹荚鱼属）、鲹鱼（鲹 属）、军曹鱼、银鲳（鲳属）、秋 刀鱼、圆鲹（圆鲹属）、多春鱼（毛 鳞鱼）、剑鱼、鲔鱼、狐鲣（狐鲣 属）、枪鱼、旗鱼、四鳍旗鱼（旗 鱼科），但子目0303.91至0303.99 的可食用鱼杂碎除外： / 鲭鱼［大西洋鲭、澳洲鲭（鲐）、	03	HS第03章	62				none	0.0	unmapped
03035500	对称竹荚鱼、新西兰竹荚鱼及竹 荚鱼（竹荚鱼属）	对称竹荚鱼、新西兰竹荚鱼及竹 荚鱼（竹荚鱼属）	030355	鲱鱼（大西洋鲱鱼、太平洋鲱 鱼）、鳀鱼（鳀属）、沙丁鱼（沙 丁鱼、沙瑙鱼属）、小沙丁鱼属、 黍鲱或西鲱、鲭鱼［大西洋鲭、 澳洲鲭（鲐）、日本鲭（鲐）］、印 度鲭（羽鳃鲐属）、马鲛鱼（马鲛 属）、对称竹荚鱼、新西兰竹荚鱼 及竹荚鱼（竹荚鱼属）、鲹鱼（鲹 属）、军曹鱼、银鲳（鲳属）、秋 刀鱼、圆鲹（圆鲹属）、多春鱼（毛 鳞鱼）、剑鱼、鲔鱼、狐鲣（狐鲣 属）、枪鱼、旗鱼、四鳍旗鱼（旗 鱼科），但子目0303.91至0303.99 的可食用鱼杂碎除外： / 对称竹荚鱼、新西兰竹荚鱼及竹	03	HS第03章	62				none	0.0	unmapped
03035600	军曹鱼	军曹鱼	030356	鲱鱼（大西洋鲱鱼、太平洋鲱 鱼）、鳀鱼（鳀属）、沙丁鱼（沙 丁鱼、沙瑙鱼属）、小沙丁鱼属、 黍鲱或西鲱、鲭鱼［大西洋鲭、 澳洲鲭（鲐）、日本鲭（鲐）］、印 度鲭（羽鳃鲐属）、马鲛鱼（马鲛 属）、对称竹荚鱼、新西兰竹荚鱼 及竹荚鱼（竹荚鱼属）、鲹鱼（鲹 属）、军曹鱼、银鲳（鲳属）、秋 刀鱼、圆鲹（圆鲹属）、多春鱼（毛 鳞鱼）、剑鱼、鲔鱼、狐鲣（狐鲣 属）、枪鱼、旗鱼、四鳍旗鱼（旗 鱼科），但子目0303.91至0303.99 的可食用鱼杂碎除外： / 军曹鱼	03	HS第03章	62				none	0.0	unmapped
03035700	剑鱼	剑鱼	030357	鲱鱼（大西洋鲱鱼、太平洋鲱 鱼）、鳀鱼（鳀属）、沙丁鱼（沙 丁鱼、沙瑙鱼属）、小沙丁鱼属、 黍鲱或西鲱、鲭鱼［大西洋鲭、 澳洲鲭（鲐）、日本鲭（鲐）］、印 度鲭（羽鳃鲐属）、马鲛鱼（马鲛 属）、对称竹荚鱼、新西兰竹荚鱼 及竹荚鱼（竹荚鱼属）、鲹鱼（鲹 属）、军曹鱼、银鲳（鲳属）、秋 刀鱼、圆鲹（圆鲹属）、多春鱼（毛 鳞鱼）、剑鱼、鲔鱼、狐鲣（狐鲣 属）、枪鱼、旗鱼、四鳍旗鱼（旗 鱼科），但子目0303.91至0303.99 的可食用鱼杂碎除外： / 剑鱼	03	HS第03章	62				none	0.0	unmapped
03035910	银鲳（鲳属）	银鲳（鲳属）	030359	鲱鱼（大西洋鲱鱼、太平洋鲱 鱼）、鳀鱼（鳀属）、沙丁鱼（沙 丁鱼、沙瑙鱼属）、小沙丁鱼属、 黍鲱或西鲱、鲭鱼［大西洋鲭、 澳洲鲭（鲐）、日本鲭（鲐）］、印 度鲭（羽鳃鲐属）、马鲛鱼（马鲛 属）、对称竹荚鱼、新西兰竹荚鱼 及竹荚鱼（竹荚鱼属）、鲹鱼（鲹 属）、军曹鱼、银鲳（鲳属）、秋 刀鱼、圆鲹（圆鲹属）、多春鱼（毛 鳞鱼）、剑鱼、鲔鱼、狐鲣（狐鲣 属）、枪鱼、旗鱼、四鳍旗鱼（旗 鱼科），但子目0303.91至0303.99 的可食用鱼杂碎除外： / 其他	03	HS第03章	63				none	0.0	unmapped
03035990	其他 冻毛鳞鱼，但食用杂碎除外	其他 冻毛鳞鱼，但食用杂碎除外	030359	鲱鱼（大西洋鲱鱼、太平洋鲱 鱼）、鳀鱼（鳀属）、沙丁鱼（沙 丁鱼、沙瑙鱼属）、小沙丁鱼属、 黍鲱或西鲱、鲭鱼［大西洋鲭、 澳洲鲭（鲐）、日本鲭（鲐）］、印 度鲭（羽鳃鲐属）、马鲛鱼（马鲛 属）、对称竹荚鱼、新西兰竹荚鱼 及竹荚鱼（竹荚鱼属）、鲹鱼（鲹 属）、军曹鱼、银鲳（鲳属）、秋 刀鱼、圆鲹（圆鲹属）、多春鱼（毛 鳞鱼）、剑鱼、鲔鱼、狐鲣（狐鲣 属）、枪鱼、旗鱼、四鳍旗鱼（旗 鱼科），但子目0303.91至0303.99 的可食用鱼杂碎除外： / 其他	03	HS第03章	63				none	0.0	unmapped
03036300	犀鳕科、多丝真鳕科、鳕科、长 尾鳕科、黑鳕科、无须鳕科、深 海鳕科及南极鳕科鱼，但子目 0303.91至0303.99的可食用鱼杂 碎除外： 鳕鱼（大西洋鳕鱼、格陵兰鳕鱼、 太平洋鳕鱼）	犀鳕科、多丝真鳕科、鳕科、长 尾鳕科、黑鳕科、无须鳕科、深 海鳕科及南极鳕科鱼，但子目 0303.91至0303.99的可食用鱼杂 碎除外： 鳕鱼（大西洋鳕鱼、格陵兰鳕鱼、 太平洋鳕鱼）	030363	犀鳕科、多丝真鳕科、鳕科、长 尾鳕科、黑鳕科、无须鳕科、深 海鳕科及南极鳕科鱼，但子目 0303.91至0303.99的可食用鱼杂 碎除外： / 鳕鱼（大西洋鳕鱼、格陵兰鳕鱼、	03	HS第03章	63				none	0.0	unmapped
03036400	黑线鳕鱼（黑线鳕）	黑线鳕鱼（黑线鳕）	030364	犀鳕科、多丝真鳕科、鳕科、长 尾鳕科、黑鳕科、无须鳕科、深 海鳕科及南极鳕科鱼，但子目 0303.91至0303.99的可食用鱼杂 碎除外： / 黑线鳕鱼（黑线鳕）	03	HS第03章	63				none	0.0	unmapped
03036500	绿青鳕鱼	绿青鳕鱼	030365	犀鳕科、多丝真鳕科、鳕科、长 尾鳕科、黑鳕科、无须鳕科、深 海鳕科及南极鳕科鱼，但子目 0303.91至0303.99的可食用鱼杂 碎除外： / 绿青鳕鱼	03	HS第03章	64				none	0.0	unmapped
03036600	狗鳕鱼（无须鳕属、长鳍鳕属）	狗鳕鱼（无须鳕属、长鳍鳕属）	030366	犀鳕科、多丝真鳕科、鳕科、长 尾鳕科、黑鳕科、无须鳕科、深 海鳕科及南极鳕科鱼，但子目 0303.91至0303.99的可食用鱼杂 碎除外： / 狗鳕鱼（无须鳕属、长鳍鳕属）	03	HS第03章	64				none	0.0	unmapped
03036700	阿拉斯加狭鳕鱼	阿拉斯加狭鳕鱼	030367	犀鳕科、多丝真鳕科、鳕科、长 尾鳕科、黑鳕科、无须鳕科、深 海鳕科及南极鳕科鱼，但子目 0303.91至0303.99的可食用鱼杂 碎除外： / 阿拉斯加狭鳕鱼	03	HS第03章	64				none	0.0	unmapped
03036800	蓝鳕鱼（小鳍鳕、南蓝鳕）	蓝鳕鱼（小鳍鳕、南蓝鳕）	030368	犀鳕科、多丝真鳕科、鳕科、长 尾鳕科、黑鳕科、无须鳕科、深 海鳕科及南极鳕科鱼，但子目 0303.91至0303.99的可食用鱼杂 碎除外： / 蓝鳕鱼（小鳍鳕、南蓝鳕）	03	HS第03章	64				none	0.0	unmapped
03036900	其他	其他	030369	犀鳕科、多丝真鳕科、鳕科、长 尾鳕科、黑鳕科、无须鳕科、深 海鳕科及南极鳕科鱼，但子目 0303.91至0303.99的可食用鱼杂 碎除外： / 其他	03	HS第03章	64				none	0.0	unmapped
03038100	角鲨及其他鲨鱼	角鲨及其他鲨鱼	030381	其他鱼，但子目0303.91至 0303.99的可食用鱼杂碎除外： / 角鲨及其他鲨鱼	03	HS第03章	65				none	0.0	unmapped
03038200	魟鱼及鳐鱼（鳐科）	魟鱼及鳐鱼（鳐科）	030382	其他鱼，但子目0303.91至 0303.99的可食用鱼杂碎除外： / 魟鱼及鳐鱼（鳐科）	03	HS第03章	65				none	0.0	unmapped
03038300	南极犬牙鱼（南极犬牙鱼属）	南极犬牙鱼（南极犬牙鱼属）	030383	其他鱼，但子目0303.91至 0303.99的可食用鱼杂碎除外： / 南极犬牙鱼（南极犬牙鱼属）	03	HS第03章	65				none	0.0	unmapped
03038400	尖吻鲈鱼（舌齿鲈属）	尖吻鲈鱼（舌齿鲈属）	030384	其他鱼，但子目0303.91至 0303.99的可食用鱼杂碎除外： / 尖吻鲈鱼（舌齿鲈属）	03	HS第03章	65				none	0.0	unmapped
03038910	其他： 带鱼	其他： 带鱼	030389	其他鱼，但子目0303.91至 0303.99的可食用鱼杂碎除外： / 其他	03	HS第03章	65				none	0.0	unmapped
03038920	黄鱼	黄鱼	030389	其他鱼，但子目0303.91至 0303.99的可食用鱼杂碎除外： / 其他	03	HS第03章	65				none	0.0	unmapped
03038930	鲳鱼（银鲳除外）	鲳鱼（银鲳除外）	030389	其他鱼，但子目0303.91至 0303.99的可食用鱼杂碎除外： / 其他	03	HS第03章	66				none	0.0	unmapped
03038990	其他 冻平鲉属鱼	其他 冻平鲉属鱼	030389	其他鱼，但子目0303.91至 0303.99的可食用鱼杂碎除外： / 其他	03	HS第03章	66				none	0.0	unmapped
03039100	鱼肝、鱼卵、鱼精、鱼鳍、鱼头、 鱼尾、鱼鳔及其他可食用杂碎： 鱼肝、鱼卵及鱼精	鱼肝、鱼卵、鱼精、鱼鳍、鱼头、 鱼尾、鱼鳔及其他可食用杂碎： 鱼肝、鱼卵及鱼精	030391	鱼肝、鱼卵、鱼精、鱼鳍、鱼头、 鱼尾、鱼鳔及其他可食用杂碎： / 鱼肝、鱼卵及鱼精	03	HS第03章	66				none	0.0	unmapped
03039200	鲨鱼翅	鲨鱼翅	030392	鱼肝、鱼卵、鱼精、鱼鳍、鱼头、 鱼尾、鱼鳔及其他可食用杂碎： / 鲨鱼翅	03	HS第03章	66				none	0.0	unmapped
03039900	其他	其他	030399	鱼肝、鱼卵、鱼精、鱼鳍、鱼头、 鱼尾、鱼鳔及其他可食用杂碎： / 其他	03	HS第03章	66				none	0.0	unmapped
03043100	罗非鱼（口孵非鲫属）	罗非鱼（口孵非鲫属）	030431	罗非鱼（口孵非鲫属）	03	HS第03章	67				none	0.0	unmapped
03043200	鲶鱼[（鱼芒）鲶属、鲶属、胡 鲶属、真鮰属]	鲶鱼[（鱼芒）鲶属、鲶属、胡 鲶属、真鮰属]	030432	鲶鱼[（鱼芒）鲶属、鲶属、胡	03	HS第03章	67				none	0.0	unmapped
03043300	尼罗河鲈鱼（尼罗尖吻鲈）	尼罗河鲈鱼（尼罗尖吻鲈）	030433	尼罗河鲈鱼（尼罗尖吻鲈）	03	HS第03章	67				none	0.0	unmapped
03043900	其他	其他	030439	其他	03	HS第03章	67				none	0.0	unmapped
03044100	鲜或冷的其他鱼片： 大麻哈鱼［红大麻哈鱼、细鳞大 麻哈鱼、大麻哈鱼（种）、大鳞大 麻哈鱼、银大麻哈鱼、马苏大麻 哈鱼、玫瑰大麻哈鱼］、大西洋鲑 鱼及多瑙哲罗鱼	鲜或冷的其他鱼片： 大麻哈鱼［红大麻哈鱼、细鳞大 麻哈鱼、大麻哈鱼（种）、大鳞大 麻哈鱼、银大麻哈鱼、马苏大麻 哈鱼、玫瑰大麻哈鱼］、大西洋鲑 鱼及多瑙哲罗鱼	030441	鲜或冷的其他鱼片： / 大麻哈鱼［红大麻哈鱼、细鳞大	03	HS第03章	67				none	0.0	unmapped
03044200	鳟鱼（河鳟、虹鳟、克拉克大麻 哈鱼、阿瓜大麻哈鱼、吉雨大麻 哈鱼、亚利桑那大麻哈鱼、金腹 大麻哈鱼）	鳟鱼（河鳟、虹鳟、克拉克大麻 哈鱼、阿瓜大麻哈鱼、吉雨大麻 哈鱼、亚利桑那大麻哈鱼、金腹 大麻哈鱼）	030442	鲜或冷的其他鱼片： / 鳟鱼（河鳟、虹鳟、克拉克大麻	03	HS第03章	68				none	0.0	unmapped
03044300	比目鱼（鲽科、鲆科、舌鳎科、 鳎科、菱鲆科、刺鲆科）	比目鱼（鲽科、鲆科、舌鳎科、 鳎科、菱鲆科、刺鲆科）	030443	鲜或冷的其他鱼片： / 比目鱼（鲽科、鲆科、舌鳎科、	03	HS第03章	68				none	0.0	unmapped
03044400	犀鳕科、多丝真鳕科、鳕科、长 尾鳕科、黑鳕科、无须鳕科、深 海鳕科及南极鳕科鱼	犀鳕科、多丝真鳕科、鳕科、长 尾鳕科、黑鳕科、无须鳕科、深 海鳕科及南极鳕科鱼	030444	鲜或冷的其他鱼片： / 犀鳕科、多丝真鳕科、鳕科、长	03	HS第03章	68				none	0.0	unmapped
03044500	剑鱼	剑鱼	030445	鲜或冷的其他鱼片： / 剑鱼	03	HS第03章	68				none	0.0	unmapped
03044600	南极犬牙鱼（南极犬牙鱼属）	南极犬牙鱼（南极犬牙鱼属）	030446	鲜或冷的其他鱼片： / 南极犬牙鱼（南极犬牙鱼属）	03	HS第03章	68				none	0.0	unmapped
03044700	角鲨及其他鲨鱼	角鲨及其他鲨鱼	030447	鲜或冷的其他鱼片： / 角鲨及其他鲨鱼	03	HS第03章	69				none	0.0	unmapped
03044800	魟鱼及鳐鱼（鳐科）	魟鱼及鳐鱼（鳐科）	030448	鲜或冷的其他鱼片： / 魟鱼及鳐鱼（鳐科）	03	HS第03章	69				none	0.0	unmapped
03044900	其他	其他	030449	鲜或冷的其他鱼片： / 其他	03	HS第03章	69				none	0.0	unmapped
03045100	其他，鲜或冷的： 罗非鱼（口孵非鲫属）、鲶鱼[（鱼 芒）鲶属、鲶属、胡鲶属、真鮰 属]、鲤科鱼（鲤属、鲫属、草鱼、 鲢属、鲮属、青鱼、卡特拉鲃、 野鲮属、哈氏纹唇鱼、何氏细须 鲃、鲂属）、鳗鱼（鳗鲡属）、尼 罗河鲈鱼（尼罗尖吻鲈）及黑鱼 （鳢属）	其他，鲜或冷的： 罗非鱼（口孵非鲫属）、鲶鱼[（鱼 芒）鲶属、鲶属、胡鲶属、真鮰 属]、鲤科鱼（鲤属、鲫属、草鱼、 鲢属、鲮属、青鱼、卡特拉鲃、 野鲮属、哈氏纹唇鱼、何氏细须 鲃、鲂属）、鳗鱼（鳗鲡属）、尼 罗河鲈鱼（尼罗尖吻鲈）及黑鱼 （鳢属）	030451	其他，鲜或冷的： / 罗非鱼（口孵非鲫属）、鲶鱼[（鱼	03	HS第03章	69				none	0.0	unmapped
03045200	鲑科鱼	鲑科鱼	030452	其他，鲜或冷的： / 鲑科鱼	03	HS第03章	69				none	0.0	unmapped
03045300	犀鳕科、多丝真鳕科、鳕科、长 尾鳕科、黑鳕科、无须鳕科、深 海鳕科及南极鳕科鱼	犀鳕科、多丝真鳕科、鳕科、长 尾鳕科、黑鳕科、无须鳕科、深 海鳕科及南极鳕科鱼	030453	其他，鲜或冷的： / 犀鳕科、多丝真鳕科、鳕科、长	03	HS第03章	70				none	0.0	unmapped
03045400	剑鱼	剑鱼	030454	其他，鲜或冷的： / 剑鱼	03	HS第03章	70				none	0.0	unmapped
03045500	南极犬牙鱼（南极犬牙鱼属）	南极犬牙鱼（南极犬牙鱼属）	030455	其他，鲜或冷的： / 南极犬牙鱼（南极犬牙鱼属）	03	HS第03章	70				none	0.0	unmapped
03045600	角鲨及其他鲨鱼	角鲨及其他鲨鱼	030456	其他，鲜或冷的： / 角鲨及其他鲨鱼	03	HS第03章	70				none	0.0	unmapped
03045700	魟鱼及鳐鱼（鳐科）	魟鱼及鳐鱼（鳐科）	030457	其他，鲜或冷的： / 魟鱼及鳐鱼（鳐科）	03	HS第03章	70				none	0.0	unmapped
03045900	其他	其他	030459	其他，鲜或冷的： / 其他	03	HS第03章	70				none	0.0	unmapped
03046100	罗非鱼（口孵非鲫属）	罗非鱼（口孵非鲫属）	030461	其他，鲜或冷的： / 罗非鱼（口孵非鲫属）	03	HS第03章	71				none	0.0	unmapped
03046211	鲶鱼[（鱼芒）鲶属、鲶属、胡 鲶属、真鮰属]： ---叉尾鮰鱼（真鮰属）： 斑点叉尾鮰鱼	鲶鱼[（鱼芒）鲶属、鲶属、胡 鲶属、真鮰属]： ---叉尾鮰鱼（真鮰属）： 斑点叉尾鮰鱼	030462	其他，鲜或冷的： / 鲶鱼[（鱼芒）鲶属、鲶属、胡 鲶属、真鮰属]	03	HS第03章	71				none	0.0	unmapped
03046219	叉尾鮰鱼（真鮰属）： 其他	叉尾鮰鱼（真鮰属）： 其他	030462	其他，鲜或冷的： / 鲶鱼[（鱼芒）鲶属、鲶属、胡 鲶属、真鮰属]	03	HS第03章	71				none	0.0	unmapped
03046290	其他	其他	030462	其他，鲜或冷的： / 鲶鱼[（鱼芒）鲶属、鲶属、胡 鲶属、真鮰属]	03	HS第03章	71				none	0.0	unmapped
03046300	尼罗河鲈鱼（尼罗尖吻鲈）	尼罗河鲈鱼（尼罗尖吻鲈）	030463	其他，鲜或冷的： / 尼罗河鲈鱼（尼罗尖吻鲈）	03	HS第03章	71				none	0.0	unmapped
03046900	其他	其他	030469	其他，鲜或冷的： / 其他	03	HS第03章	72				none	0.0	unmapped
03047100	冻的犀鳕科、多丝真鳕科、鳕科、 长尾鳕科、黑鳕科、无须鳕科、 深海鳕科及南极鳕科鱼的鱼片： 鳕鱼（大西洋鳕鱼、格陵兰鳕鱼、 太平洋鳕鱼）	冻的犀鳕科、多丝真鳕科、鳕科、 长尾鳕科、黑鳕科、无须鳕科、 深海鳕科及南极鳕科鱼的鱼片： 鳕鱼（大西洋鳕鱼、格陵兰鳕鱼、 太平洋鳕鱼）	030471	冻的犀鳕科、多丝真鳕科、鳕科、 长尾鳕科、黑鳕科、无须鳕科、 深海鳕科及南极鳕科鱼的鱼片： / 鳕鱼（大西洋鳕鱼、格陵兰鳕鱼、	03	HS第03章	72				none	0.0	unmapped
03047200	黑线鳕鱼（黑线鳕）	黑线鳕鱼（黑线鳕）	030472	冻的犀鳕科、多丝真鳕科、鳕科、 长尾鳕科、黑鳕科、无须鳕科、 深海鳕科及南极鳕科鱼的鱼片： / 黑线鳕鱼（黑线鳕）	03	HS第03章	72				none	0.0	unmapped
03047300	绿青鳕鱼	绿青鳕鱼	030473	冻的犀鳕科、多丝真鳕科、鳕科、 长尾鳕科、黑鳕科、无须鳕科、 深海鳕科及南极鳕科鱼的鱼片： / 绿青鳕鱼	03	HS第03章	72				none	0.0	unmapped
03047400	狗鳕鱼（无须鳕属、长鳍鳕属）	狗鳕鱼（无须鳕属、长鳍鳕属）	030474	冻的犀鳕科、多丝真鳕科、鳕科、 长尾鳕科、黑鳕科、无须鳕科、 深海鳕科及南极鳕科鱼的鱼片： / 狗鳕鱼（无须鳕属、长鳍鳕属）	03	HS第03章	72				none	0.0	unmapped
03047500	阿拉斯加狭鳕鱼	阿拉斯加狭鳕鱼	030475	冻的犀鳕科、多丝真鳕科、鳕科、 长尾鳕科、黑鳕科、无须鳕科、 深海鳕科及南极鳕科鱼的鱼片： / 阿拉斯加狭鳕鱼	03	HS第03章	72				none	0.0	unmapped
03047900	其他	其他	030479	冻的犀鳕科、多丝真鳕科、鳕科、 长尾鳕科、黑鳕科、无须鳕科、 深海鳕科及南极鳕科鱼的鱼片： / 其他	03	HS第03章	72				none	0.0	unmapped
03048100	大麻哈鱼［红大麻哈鱼、细鳞大 麻哈鱼、大麻哈鱼（种）、大鳞大 麻哈鱼、银大麻哈鱼、马苏大麻 哈鱼、玫瑰大麻哈鱼］、大西洋鲑 鱼及多瑙哲罗鱼	大麻哈鱼［红大麻哈鱼、细鳞大 麻哈鱼、大麻哈鱼（种）、大鳞大 麻哈鱼、银大麻哈鱼、马苏大麻 哈鱼、玫瑰大麻哈鱼］、大西洋鲑 鱼及多瑙哲罗鱼	030481	其他冻鱼片： / 大麻哈鱼［红大麻哈鱼、细鳞大	03	HS第03章	73				none	0.0	unmapped
03048200	鳟鱼（河鳟、虹鳟、克拉克大麻 哈鱼、阿瓜大麻哈鱼、吉雨大麻 哈鱼、亚利桑那大麻哈鱼、金腹 大麻哈鱼）	鳟鱼（河鳟、虹鳟、克拉克大麻 哈鱼、阿瓜大麻哈鱼、吉雨大麻 哈鱼、亚利桑那大麻哈鱼、金腹 大麻哈鱼）	030482	其他冻鱼片： / 鳟鱼（河鳟、虹鳟、克拉克大麻	03	HS第03章	73				none	0.0	unmapped
03048300	比目鱼（鲽科、鲆科、舌鳎科、 鳎科、菱鲆科、刺鲆科）	比目鱼（鲽科、鲆科、舌鳎科、 鳎科、菱鲆科、刺鲆科）	030483	其他冻鱼片： / 比目鱼（鲽科、鲆科、舌鳎科、	03	HS第03章	73				none	0.0	unmapped
03048400	剑鱼	剑鱼	030484	其他冻鱼片： / 剑鱼	03	HS第03章	73				none	0.0	unmapped
03048500	南极犬牙鱼（南极犬牙鱼属）	南极犬牙鱼（南极犬牙鱼属）	030485	其他冻鱼片： / 南极犬牙鱼（南极犬牙鱼属）	03	HS第03章	73				none	0.0	unmapped
03048600	鲱鱼（大西洋鲱鱼、太平洋鲱鱼）	鲱鱼（大西洋鲱鱼、太平洋鲱鱼）	030486	其他冻鱼片： / 鲱鱼（大西洋鲱鱼、太平洋鲱鱼）	03	HS第03章	73				none	0.0	unmapped
03048700	金枪鱼（金枪鱼属）、鲣	金枪鱼（金枪鱼属）、鲣	030487	其他冻鱼片： / 金枪鱼（金枪鱼属）、鲣	03	HS第03章	73				none	0.0	unmapped
03048800	角鲨、其他鲨鱼、魟鱼及鳐鱼（鳐 科）	角鲨、其他鲨鱼、魟鱼及鳐鱼（鳐 科）	030488	其他冻鱼片： / 角鲨、其他鲨鱼、魟鱼及鳐鱼（鳐	03	HS第03章	74				none	0.0	unmapped
03048900	其他	其他	030489	其他冻鱼片： / 其他	03	HS第03章	74				none	0.0	unmapped
03049100	其他，冻的： 剑鱼	其他，冻的： 剑鱼	030491	其他，冻的： / 剑鱼	03	HS第03章	74				none	0.0	unmapped
03049200	南极犬牙鱼（南极犬牙鱼属）	南极犬牙鱼（南极犬牙鱼属）	030492	其他，冻的： / 南极犬牙鱼（南极犬牙鱼属）	03	HS第03章	74				none	0.0	unmapped
03049300	罗非鱼（口孵非鲫属）、鲶鱼[（鱼 芒）鲶属、鲶属、胡鲶属、真鮰 属]、鲤科鱼（鲤属、鲫属、草鱼、 鲢属、鲮属、青鱼、卡特拉鲃、 野鲮属、哈氏纹唇鱼、何氏细须 鲃、鲂属）、鳗鱼（鳗鲡属）、尼 罗河鲈鱼（尼罗尖吻鲈）及黑鱼 （鳢属）	罗非鱼（口孵非鲫属）、鲶鱼[（鱼 芒）鲶属、鲶属、胡鲶属、真鮰 属]、鲤科鱼（鲤属、鲫属、草鱼、 鲢属、鲮属、青鱼、卡特拉鲃、 野鲮属、哈氏纹唇鱼、何氏细须 鲃、鲂属）、鳗鱼（鳗鲡属）、尼 罗河鲈鱼（尼罗尖吻鲈）及黑鱼 （鳢属）	030493	其他，冻的： / 罗非鱼（口孵非鲫属）、鲶鱼[（鱼	03	HS第03章	74				none	0.0	unmapped
03049400	阿拉斯加狭鳕鱼	阿拉斯加狭鳕鱼	030494	其他，冻的： / 阿拉斯加狭鳕鱼	03	HS第03章	74				none	0.0	unmapped
03049500	犀鳕科、多丝真鳕科、鳕科、长 尾鳕科、黑鳕科、无须鳕科、深 海鳕科及南极鳕科鱼，阿拉斯加 狭鳕鱼除外	犀鳕科、多丝真鳕科、鳕科、长 尾鳕科、黑鳕科、无须鳕科、深 海鳕科及南极鳕科鱼，阿拉斯加 狭鳕鱼除外	030495	其他，冻的： / 犀鳕科、多丝真鳕科、鳕科、长	03	HS第03章	75				none	0.0	unmapped
03049600	角鲨及其他鲨鱼	角鲨及其他鲨鱼	030496	其他，冻的： / 角鲨及其他鲨鱼	03	HS第03章	75				none	0.0	unmapped
03049700	魟鱼及鳐鱼（鳐科）	魟鱼及鳐鱼（鳐科）	030497	其他，冻的： / 魟鱼及鳐鱼（鳐科）	03	HS第03章	75				none	0.0	unmapped
03049900	其他	其他	030499	其他，冻的： / 其他	03	HS第03章	75				none	0.0	unmapped
03052000	干、熏、盐腌或盐渍的鱼肝、鱼 卵及鱼精	干、熏、盐腌或盐渍的鱼肝、鱼 卵及鱼精	030520	干、熏、盐腌或盐渍的鱼肝、鱼	03	HS第03章	75				none	0.0	unmapped
03053100	干、盐腌或盐渍的鱼片，但熏制 的除外： 罗非鱼（口孵非鲫属）、鲶鱼[（鱼 芒）鲶属、鲶属、胡鲶属、真鮰 属]、鲤科鱼（鲤属、鲫属、草鱼、 鲢属、鲮属、青鱼、卡特拉鲃、 野鲮属、哈氏纹唇鱼、何氏细须 鲃、鲂属）、鳗鱼（鳗鲡属）、尼 罗河鲈鱼（尼罗尖吻鲈）及黑鱼 （鳢属）	干、盐腌或盐渍的鱼片，但熏制 的除外： 罗非鱼（口孵非鲫属）、鲶鱼[（鱼 芒）鲶属、鲶属、胡鲶属、真鮰 属]、鲤科鱼（鲤属、鲫属、草鱼、 鲢属、鲮属、青鱼、卡特拉鲃、 野鲮属、哈氏纹唇鱼、何氏细须 鲃、鲂属）、鳗鱼（鳗鲡属）、尼 罗河鲈鱼（尼罗尖吻鲈）及黑鱼 （鳢属）	030531	干、盐腌或盐渍的鱼片，但熏制 的除外： / 罗非鱼（口孵非鲫属）、鲶鱼[（鱼	03	HS第03章	75				none	0.0	unmapped
03053200	犀鳕科、多丝真鳕科、鳕科、长 尾鳕科、黑鳕科、无须鳕科、深 海鳕科及南极鳕科鱼	犀鳕科、多丝真鳕科、鳕科、长 尾鳕科、黑鳕科、无须鳕科、深 海鳕科及南极鳕科鱼	030532	干、盐腌或盐渍的鱼片，但熏制 的除外： / 犀鳕科、多丝真鳕科、鳕科、长	03	HS第03章	76				none	0.0	unmapped
03053900	其他	其他	030539	干、盐腌或盐渍的鱼片，但熏制 的除外： / 其他	03	HS第03章	76				none	0.0	unmapped
03054110	熏鱼，包括鱼片，但食用杂碎除 外： --大麻哈鱼［红大麻哈鱼、细鳞大 麻哈鱼、大麻哈鱼（种）、大鳞大 麻哈鱼、银大麻哈鱼、马苏大麻 哈鱼、玫瑰大麻哈鱼］、大西洋鲑 鱼及多瑙哲罗鱼： 大西洋鲑鱼	熏鱼，包括鱼片，但食用杂碎除 外： --大麻哈鱼［红大麻哈鱼、细鳞大 麻哈鱼、大麻哈鱼（种）、大鳞大 麻哈鱼、银大麻哈鱼、马苏大麻 哈鱼、玫瑰大麻哈鱼］、大西洋鲑 鱼及多瑙哲罗鱼： 大西洋鲑鱼	030541	熏鱼，包括鱼片，但食用杂碎除 外： / 大麻哈鱼［红大麻哈鱼、细鳞大 麻哈鱼、大麻哈鱼（种）、大鳞大 麻哈鱼、银大麻哈鱼、马苏大麻 哈鱼、玫瑰大麻哈鱼］、大西洋鲑 鱼及多瑙哲罗鱼	03	HS第03章	76				none	0.0	unmapped
03054120	大麻哈鱼及多瑙哲罗鱼	大麻哈鱼及多瑙哲罗鱼	030541	熏鱼，包括鱼片，但食用杂碎除 外： / 大麻哈鱼［红大麻哈鱼、细鳞大 麻哈鱼、大麻哈鱼（种）、大鳞大 麻哈鱼、银大麻哈鱼、马苏大麻 哈鱼、玫瑰大麻哈鱼］、大西洋鲑 鱼及多瑙哲罗鱼	03	HS第03章	76				none	0.0	unmapped
03054200	鲱鱼（大西洋鲱鱼、太平洋鲱鱼）	鲱鱼（大西洋鲱鱼、太平洋鲱鱼）	030542	熏鱼，包括鱼片，但食用杂碎除 外： / 鲱鱼（大西洋鲱鱼、太平洋鲱鱼）	03	HS第03章	76				none	0.0	unmapped
03054300	鳟鱼（河鳟、虹鳟、克拉克大麻 哈鱼、阿瓜大麻哈鱼、吉雨大麻 哈鱼、亚利桑那大麻哈鱼、金腹 大麻哈鱼）	鳟鱼（河鳟、虹鳟、克拉克大麻 哈鱼、阿瓜大麻哈鱼、吉雨大麻 哈鱼、亚利桑那大麻哈鱼、金腹 大麻哈鱼）	030543	熏鱼，包括鱼片，但食用杂碎除 外： / 鳟鱼（河鳟、虹鳟、克拉克大麻	03	HS第03章	77				none	0.0	unmapped
03054400	罗非鱼（口孵非鲫属）、鲶鱼[（鱼 芒）鲶属、鲶属、胡鲶属、真鮰 属]、鲤科鱼（鲤属、鲫属、草鱼、 鲢属、鲮属、青鱼、卡特拉鲃、 野鲮属、哈氏纹唇鱼、何氏细须 鲃、鲂属）、鳗鱼（鳗鲡属）、尼 罗河鲈鱼（尼罗尖吻鲈）及黑鱼 （鳢属）	罗非鱼（口孵非鲫属）、鲶鱼[（鱼 芒）鲶属、鲶属、胡鲶属、真鮰 属]、鲤科鱼（鲤属、鲫属、草鱼、 鲢属、鲮属、青鱼、卡特拉鲃、 野鲮属、哈氏纹唇鱼、何氏细须 鲃、鲂属）、鳗鱼（鳗鲡属）、尼 罗河鲈鱼（尼罗尖吻鲈）及黑鱼 （鳢属）	030544	熏鱼，包括鱼片，但食用杂碎除 外： / 罗非鱼（口孵非鲫属）、鲶鱼[（鱼	03	HS第03章	77				none	0.0	unmapped
03054900	其他	其他	030549	熏鱼，包括鱼片，但食用杂碎除 外： / 其他	03	HS第03章	77				none	0.0	unmapped
03055100	干鱼（不包括食用杂碎），不论 是否盐腌，但熏制的除外： 鳕鱼（大西洋鳕鱼、格陵兰鳕鱼、 太平洋鳕鱼）	干鱼（不包括食用杂碎），不论 是否盐腌，但熏制的除外： 鳕鱼（大西洋鳕鱼、格陵兰鳕鱼、 太平洋鳕鱼）	030551	干鱼（不包括食用杂碎），不论 是否盐腌，但熏制的除外： / 鳕鱼（大西洋鳕鱼、格陵兰鳕鱼、	03	HS第03章	77				none	0.0	unmapped
03055200	罗非鱼（口孵非鲫属）、鲶鱼[（鱼 芒）鲶属、鲶属、胡鲶属、真鮰 属]、鲤科鱼（鲤属、鲫属、草鱼、 鲢属、鲮属、青鱼、卡特拉鲃、 野鲮属、哈氏纹唇鱼、何氏细须 鲃、鲂属）、鳗鱼（鳗鲡属）、尼 罗河鲈鱼（尼罗尖吻鲈）及黑鱼 （鳢属）	罗非鱼（口孵非鲫属）、鲶鱼[（鱼 芒）鲶属、鲶属、胡鲶属、真鮰 属]、鲤科鱼（鲤属、鲫属、草鱼、 鲢属、鲮属、青鱼、卡特拉鲃、 野鲮属、哈氏纹唇鱼、何氏细须 鲃、鲂属）、鳗鱼（鳗鲡属）、尼 罗河鲈鱼（尼罗尖吻鲈）及黑鱼 （鳢属）	030552	干鱼（不包括食用杂碎），不论 是否盐腌，但熏制的除外： / 罗非鱼（口孵非鲫属）、鲶鱼[（鱼	03	HS第03章	77				none	0.0	unmapped
03055300	犀鳕科、多丝真鳕科、鳕科、长 尾鳕科、黑鳕科、无须鳕科、深 海鳕科及南极鳕科鱼，鳕鱼（大 西洋鳕鱼、格陵兰鳕鱼、太平洋 鳕鱼）除外	犀鳕科、多丝真鳕科、鳕科、长 尾鳕科、黑鳕科、无须鳕科、深 海鳕科及南极鳕科鱼，鳕鱼（大 西洋鳕鱼、格陵兰鳕鱼、太平洋 鳕鱼）除外	030553	干鱼（不包括食用杂碎），不论 是否盐腌，但熏制的除外： / 犀鳕科、多丝真鳕科、鳕科、长	03	HS第03章	77				none	0.0	unmapped
03055410	银鲳（鲳属）	银鲳（鲳属）	030554	干鱼（不包括食用杂碎），不论 是否盐腌，但熏制的除外： / 犀鳕科、多丝真鳕科、鳕科、长	03	HS第03章	78				none	0.0	unmapped
03055490	其他	其他	030554	干鱼（不包括食用杂碎），不论 是否盐腌，但熏制的除外： / 犀鳕科、多丝真鳕科、鳕科、长	03	HS第03章	78				none	0.0	unmapped
03055910	其他： 海龙、海马	其他： 海龙、海马	030559	干鱼（不包括食用杂碎），不论 是否盐腌，但熏制的除外： / 其他	03	HS第03章	78				none	0.0	unmapped
03055990	其他	其他	030559	干鱼（不包括食用杂碎），不论 是否盐腌，但熏制的除外： / 其他	03	HS第03章	78				none	0.0	unmapped
03056100	盐腌及盐渍的鱼（不包括食用杂 碎），但干或熏制的除外： 鲱鱼（大西洋鲱鱼、太平洋鲱鱼）	盐腌及盐渍的鱼（不包括食用杂 碎），但干或熏制的除外： 鲱鱼（大西洋鲱鱼、太平洋鲱鱼）	030561	盐腌及盐渍的鱼（不包括食用杂 碎），但干或熏制的除外： / 鲱鱼（大西洋鲱鱼、太平洋鲱鱼）	03	HS第03章	78				none	0.0	unmapped
03056200	鳕鱼（大西洋鳕鱼、格陵兰鳕鱼、 太平洋鳕鱼）	鳕鱼（大西洋鳕鱼、格陵兰鳕鱼、 太平洋鳕鱼）	030562	盐腌及盐渍的鱼（不包括食用杂 碎），但干或熏制的除外： / 鳕鱼（大西洋鳕鱼、格陵兰鳕鱼、	03	HS第03章	79				none	0.0	unmapped
03056300	鳀鱼（鳀属）	鳀鱼（鳀属）	030563	盐腌及盐渍的鱼（不包括食用杂 碎），但干或熏制的除外： / 鳀鱼（鳀属）	03	HS第03章	79				none	0.0	unmapped
03056400	罗非鱼（口孵非鲫属）、鲶鱼[（鱼 芒）鲶属、鲶属、胡鲶属、真鮰 属]、鲤科鱼（鲤属、鲫属、草鱼、 鲢属、鲮属、青鱼、卡特拉鲃、 野鲮属、哈氏纹唇鱼、何氏细须 鲃、鲂属）、鳗鱼（鳗鲡属）、尼 罗河鲈鱼（尼罗尖吻鲈）及黑鱼 （鳢属）	罗非鱼（口孵非鲫属）、鲶鱼[（鱼 芒）鲶属、鲶属、胡鲶属、真鮰 属]、鲤科鱼（鲤属、鲫属、草鱼、 鲢属、鲮属、青鱼、卡特拉鲃、 野鲮属、哈氏纹唇鱼、何氏细须 鲃、鲂属）、鳗鱼（鳗鲡属）、尼 罗河鲈鱼（尼罗尖吻鲈）及黑鱼 （鳢属）	030564	盐腌及盐渍的鱼（不包括食用杂 碎），但干或熏制的除外： / 罗非鱼（口孵非鲫属）、鲶鱼[（鱼	03	HS第03章	79				none	0.0	unmapped
03056910	其他： 带鱼	其他： 带鱼	030569	盐腌及盐渍的鱼（不包括食用杂 碎），但干或熏制的除外： / 其他	03	HS第03章	79				none	0.0	unmapped
03056920	黄鱼	黄鱼	030569	盐腌及盐渍的鱼（不包括食用杂 碎），但干或熏制的除外： / 其他	03	HS第03章	79				none	0.0	unmapped
03056930	鲳鱼（银鲳除外）	鲳鱼（银鲳除外）	030569	盐腌及盐渍的鱼（不包括食用杂 碎），但干或熏制的除外： / 其他	03	HS第03章	80				none	0.0	unmapped
03056990	其他	其他	030569	盐腌及盐渍的鱼（不包括食用杂 碎），但干或熏制的除外： / 其他	03	HS第03章	80				none	0.0	unmapped
03057100	鱼鳍、鱼头、鱼尾、鱼鳔及其他 可食用杂碎： 鲨鱼翅	鱼鳍、鱼头、鱼尾、鱼鳔及其他 可食用杂碎： 鲨鱼翅	030571	鱼鳍、鱼头、鱼尾、鱼鳔及其他 可食用杂碎： / 鲨鱼翅	03	HS第03章	80				none	0.0	unmapped
03057200	鱼头、鱼尾、鱼鳔	鱼头、鱼尾、鱼鳔	030572	鱼鳍、鱼头、鱼尾、鱼鳔及其他 可食用杂碎： / 鱼头、鱼尾、鱼鳔	03	HS第03章	80				none	0.0	unmapped
03057900	其他	其他	030579	鱼鳍、鱼头、鱼尾、鱼鳔及其他 可食用杂碎： / 其他	03	HS第03章	80				none	0.0	unmapped
03061100	岩礁虾和其他龙虾（真龙虾属、 龙虾属、岩龙虾属）	岩礁虾和其他龙虾（真龙虾属、 龙虾属、岩龙虾属）	030611	冻的： / 岩礁虾和其他龙虾（真龙虾属、	03	HS第03章	81				none	0.0	unmapped
03061200	螯龙虾(螯龙虾属)	螯龙虾(螯龙虾属)	030612	冻的： / 螯龙虾(螯龙虾属)	03	HS第03章	81				none	0.0	unmapped
03061410	蟹： 梭子蟹	蟹： 梭子蟹	030614	冻的： / 蟹	03	HS第03章	81				none	0.0	unmapped
03061490	其他	其他	030614	冻的： / 蟹	03	HS第03章	81				none	0.0	unmapped
03061500	挪威海螯虾	挪威海螯虾	030615	冻的： / 挪威海螯虾	03	HS第03章	81				none	0.0	unmapped
03061630	冷水小虾及对虾（长额虾属、褐 虾）： 虾仁	冷水小虾及对虾（长额虾属、褐 虾）： 虾仁	030616	冻的： / 冷水小虾及对虾（长额虾属、褐 虾）	03	HS第03章	81				none	0.0	unmapped
03061640	其他，北方长额虾	其他，北方长额虾	030616	冻的： / 冷水小虾及对虾（长额虾属、褐 虾）	03	HS第03章	82				none	0.0	unmapped
03061690	其他	其他	030616	冻的： / 冷水小虾及对虾（长额虾属、褐 虾）	03	HS第03章	82				none	0.0	unmapped
03061730	其他小虾及对虾： 虾仁	其他小虾及对虾： 虾仁	030617	冻的： / 其他小虾及对虾	03	HS第03章	82				none	0.0	unmapped
03061790	其他	其他	030617	冻的： / 其他小虾及对虾	03	HS第03章	82				none	0.0	unmapped
03061911	其他： ---淡水小龙虾： 虾仁	其他： ---淡水小龙虾： 虾仁	030619	冻的： / 其他	03	HS第03章	82				none	0.0	unmapped
03061919	淡水小龙虾： 其他	淡水小龙虾： 其他	030619	冻的： / 其他	03	HS第03章	82				none	0.0	unmapped
03061990	其他	其他	030619	冻的： / 其他	03	HS第03章	82				none	0.0	unmapped
03063110	种苗	种苗	030631	活、鲜或冷的	03	HS第03章	83				none	0.0	unmapped
03063190	其他	其他	030631	活、鲜或冷的	03	HS第03章	83				none	0.0	unmapped
03063210	螯龙虾（螯龙虾属）： 种苗	螯龙虾（螯龙虾属）： 种苗	030632	活、鲜或冷的： / 螯龙虾（螯龙虾属）	03	HS第03章	83				none	0.0	unmapped
03063290	其他	其他	030632	活、鲜或冷的： / 螯龙虾（螯龙虾属）	03	HS第03章	83				none	0.0	unmapped
03063310	蟹： 种苗	蟹： 种苗	030633	活、鲜或冷的： / 蟹	03	HS第03章	83				none	0.0	unmapped
03063391	其他： 中华绒螯蟹	其他： 中华绒螯蟹	030633	活、鲜或冷的： / 蟹	03	HS第03章	83				none	0.0	unmapped
03063392	其他： 梭子蟹	其他： 梭子蟹	030633	活、鲜或冷的： / 蟹	03	HS第03章	83				none	0.0	unmapped
03063399	其他： 其他	其他： 其他	030633	活、鲜或冷的： / 蟹	03	HS第03章	83				none	0.0	unmapped
03063410	种苗	种苗	030634	活、鲜或冷的： / 蟹	03	HS第03章	84				none	0.0	unmapped
03063490	其他	其他	030634	活、鲜或冷的： / 蟹	03	HS第03章	84				none	0.0	unmapped
03063510	冷水小虾及对虾（长额虾属、褐 虾）： 种苗	冷水小虾及对虾（长额虾属、褐 虾）： 种苗	030635	活、鲜或冷的： / 冷水小虾及对虾（长额虾属、褐 虾）	03	HS第03章	84				none	0.0	unmapped
03063590	其他	其他	030635	活、鲜或冷的： / 冷水小虾及对虾（长额虾属、褐 虾）	03	HS第03章	84				none	0.0	unmapped
03063610	其他小虾及对虾： 种苗	其他小虾及对虾： 种苗	030636	活、鲜或冷的： / 其他小虾及对虾	03	HS第03章	84				none	0.0	unmapped
03063690	其他	其他	030636	活、鲜或冷的： / 其他小虾及对虾	03	HS第03章	84				none	0.0	unmapped
03063910	其他： 种苗	其他： 种苗	030639	活、鲜或冷的： / 其他	03	HS第03章	84				none	0.0	unmapped
03063990	其他	其他	030639	活、鲜或冷的： / 其他	03	HS第03章	84				none	0.0	unmapped
03069100	岩礁虾及其他龙虾（真龙虾属、 龙虾属、岩龙虾属）	岩礁虾及其他龙虾（真龙虾属、 龙虾属、岩龙虾属）	030691	活、鲜或冷的： / 岩礁虾及其他龙虾（真龙虾属、	03	HS第03章	85				none	0.0	unmapped
03069200	螯龙虾（螯龙虾属）	螯龙虾（螯龙虾属）	030692	活、鲜或冷的： / 螯龙虾（螯龙虾属）	03	HS第03章	85				none	0.0	unmapped
03069310	蟹： 中华绒螯蟹	蟹： 中华绒螯蟹	030693	活、鲜或冷的： / 蟹	03	HS第03章	85				none	0.0	unmapped
03069320	梭子蟹	梭子蟹	030693	活、鲜或冷的： / 蟹	03	HS第03章	85				none	0.0	unmapped
03069390	其他	其他	030693	活、鲜或冷的： / 蟹	03	HS第03章	85				none	0.0	unmapped
03069400	挪威海螯虾	挪威海螯虾	030694	活、鲜或冷的： / 挪威海螯虾	03	HS第03章	85				none	0.0	unmapped
03069510	小虾及对虾： 冷水小虾及对虾（长额虾属、 褐虾）	小虾及对虾： 冷水小虾及对虾（长额虾属、 褐虾）	030695	活、鲜或冷的： / 小虾及对虾	03	HS第03章	85				none	0.0	unmapped
03069590	其他小虾及对虾	其他小虾及对虾	030695	活、鲜或冷的： / 小虾及对虾	03	HS第03章	86				none	0.0	unmapped
03069900	其他	其他	030699	活、鲜或冷的： / 其他	03	HS第03章	86				none	0.0	unmapped
03071110	牡蛎（蚝）： --活、鲜或冷的： 种苗	牡蛎（蚝）： --活、鲜或冷的： 种苗	030711	牡蛎（蚝）： / 活、鲜或冷的	03	HS第03章	86				none	0.0	unmapped
03071190	其他	其他	030711	牡蛎（蚝）： / 活、鲜或冷的	03	HS第03章	86				none	0.0	unmapped
03071200	冻的	冻的	030712	牡蛎（蚝）： / 冻的	03	HS第03章	86				none	0.0	unmapped
03071900	其他	其他	030719	牡蛎（蚝）： / 其他	03	HS第03章	86				none	0.0	unmapped
03072110	扇贝及其他扇贝科的软体动物： --活、鲜或冷的： 种苗	扇贝及其他扇贝科的软体动物： --活、鲜或冷的： 种苗	030721	扇贝及其他扇贝科的软体动物： / 活、鲜或冷的	03	HS第03章	86				none	0.0	unmapped
03072191	种苗 扇贝(扇贝属、栉孔扇贝属、巨 扇贝属）	种苗 扇贝(扇贝属、栉孔扇贝属、巨 扇贝属）	030721	扇贝及其他扇贝科的软体动物： / 活、鲜或冷的	03	HS第03章	87				none	0.0	unmapped
03072199	种苗 其他	种苗 其他	030721	扇贝及其他扇贝科的软体动物： / 活、鲜或冷的	03	HS第03章	87				none	0.0	unmapped
03072210	冻的： 扇贝(扇贝属、栉孔扇贝属、巨 扇贝属）	冻的： 扇贝(扇贝属、栉孔扇贝属、巨 扇贝属）	030722	扇贝及其他扇贝科的软体动物： / 冻的	03	HS第03章	87				none	0.0	unmapped
03072290	其他	其他	030722	扇贝及其他扇贝科的软体动物： / 冻的	03	HS第03章	87				none	0.0	unmapped
03072910	其他： 扇贝(扇贝属、栉孔扇贝属、巨 扇贝属）	其他： 扇贝(扇贝属、栉孔扇贝属、巨 扇贝属）	030729	扇贝及其他扇贝科的软体动物： / 其他	03	HS第03章	87				none	0.0	unmapped
03072990	其他	其他	030729	扇贝及其他扇贝科的软体动物： / 其他	03	HS第03章	87				none	0.0	unmapped
03073110	种苗	种苗	030731	贻贝	03	HS第03章	88				none	0.0	unmapped
03073190	其他	其他	030731	贻贝	03	HS第03章	88				none	0.0	unmapped
03073200	冻的	冻的	030732	贻贝： / 冻的	03	HS第03章	88				none	0.0	unmapped
03073900	其他	其他	030739	贻贝： / 其他	03	HS第03章	88				none	0.0	unmapped
03074210	墨鱼及鱿鱼： --活、鲜或冷的： 种苗	墨鱼及鱿鱼： --活、鲜或冷的： 种苗	030742	墨鱼及鱿鱼： / 活、鲜或冷的	03	HS第03章	88				none	0.0	unmapped
03074291	其他： 墨鱼（乌贼属、巨粒僧头乌贼、 耳乌贼属）及鱿鱼（柔鱼属、枪 乌贼属、双柔鱼属、拟乌贼属）	其他： 墨鱼（乌贼属、巨粒僧头乌贼、 耳乌贼属）及鱿鱼（柔鱼属、枪 乌贼属、双柔鱼属、拟乌贼属）	030742	墨鱼及鱿鱼： / 活、鲜或冷的	03	HS第03章	88				none	0.0	unmapped
03074299	其他： 其他	其他： 其他	030742	墨鱼及鱿鱼： / 活、鲜或冷的	03	HS第03章	88				none	0.0	unmapped
03074310	墨鱼（乌贼属、巨粒僧头乌贼、 耳乌贼属）及鱿鱼（柔鱼属、枪 乌贼属、双柔鱼属、拟乌贼属）	墨鱼（乌贼属、巨粒僧头乌贼、 耳乌贼属）及鱿鱼（柔鱼属、枪 乌贼属、双柔鱼属、拟乌贼属）	030743	墨鱼及鱿鱼： / 冻的	03	HS第03章	89				none	0.0	unmapped
03074390	其他	其他	030743	墨鱼及鱿鱼： / 冻的	03	HS第03章	89				none	0.0	unmapped
03074910	其他： 墨鱼（乌贼属、巨粒僧头乌贼、 耳乌贼属）及鱿鱼（柔鱼属、枪 乌贼属、双柔鱼属、拟乌贼属）	其他： 墨鱼（乌贼属、巨粒僧头乌贼、 耳乌贼属）及鱿鱼（柔鱼属、枪 乌贼属、双柔鱼属、拟乌贼属）	030749	墨鱼及鱿鱼： / 其他	03	HS第03章	89				none	0.0	unmapped
03074990	其他	其他	030749	墨鱼及鱿鱼： / 其他	03	HS第03章	89				none	0.0	unmapped
03075100	章鱼： 活、鲜或冷的	章鱼： 活、鲜或冷的	030751	章鱼： / 活、鲜或冷的	03	HS第03章	89				none	0.0	unmapped
03075200	冻的	冻的	030752	章鱼： / 冻的	03	HS第03章	89				none	0.0	unmapped
03075900	其他	其他	030759	章鱼： / 其他	03	HS第03章	89				none	0.0	unmapped
03076010	种苗	种苗	030760	蜗牛及螺，海螺除外	03	HS第03章	90				none	0.0	unmapped
03076090	其他	其他	030760	蜗牛及螺，海螺除外	03	HS第03章	90				none	0.0	unmapped
03077110	蛤、鸟蛤及舟贝（蚶科、北极蛤 科、鸟蛤科、斧蛤科、缝栖蛤科、 蛤蜊科、中带蛤科、海螂科、双 带蛤科、截蛏科、竹蛏科、砗磲 科、帘蛤科）： --活、鲜或冷的： 种苗	蛤、鸟蛤及舟贝（蚶科、北极蛤 科、鸟蛤科、斧蛤科、缝栖蛤科、 蛤蜊科、中带蛤科、海螂科、双 带蛤科、截蛏科、竹蛏科、砗磲 科、帘蛤科）： --活、鲜或冷的： 种苗	030771	蛤、鸟蛤及舟贝（蚶科、北极蛤 科、鸟蛤科、斧蛤科、缝栖蛤科、 蛤蜊科、中带蛤科、海螂科、双 带蛤科、截蛏科、竹蛏科、砗磲 科、帘蛤科）： / 活、鲜或冷的	03	HS第03章	90				none	0.0	unmapped
03077191	其他： 蛤	其他： 蛤	030771	蛤、鸟蛤及舟贝（蚶科、北极蛤 科、鸟蛤科、斧蛤科、缝栖蛤科、 蛤蜊科、中带蛤科、海螂科、双 带蛤科、截蛏科、竹蛏科、砗磲 科、帘蛤科）： / 活、鲜或冷的	03	HS第03章	90				none	0.0	unmapped
03077199	其他： 其他	其他： 其他	030771	蛤、鸟蛤及舟贝（蚶科、北极蛤 科、鸟蛤科、斧蛤科、缝栖蛤科、 蛤蜊科、中带蛤科、海螂科、双 带蛤科、截蛏科、竹蛏科、砗磲 科、帘蛤科）： / 活、鲜或冷的	03	HS第03章	90				none	0.0	unmapped
03077200	冻的	冻的	030772	蛤、鸟蛤及舟贝（蚶科、北极蛤 科、鸟蛤科、斧蛤科、缝栖蛤科、 蛤蜊科、中带蛤科、海螂科、双 带蛤科、截蛏科、竹蛏科、砗磲 科、帘蛤科）： / 冻的	03	HS第03章	90				none	0.0	unmapped
03077900	其他	其他	030779	蛤、鸟蛤及舟贝（蚶科、北极蛤 科、鸟蛤科、斧蛤科、缝栖蛤科、 蛤蜊科、中带蛤科、海螂科、双 带蛤科、截蛏科、竹蛏科、砗磲 科、帘蛤科）： / 其他	03	HS第03章	90				none	0.0	unmapped
03078110	种苗	种苗	030781	蛤、鸟蛤及舟贝（蚶科、北极蛤 科、鸟蛤科、斧蛤科、缝栖蛤科、 蛤蜊科、中带蛤科、海螂科、双 带蛤科、截蛏科、竹蛏科、砗磲 科、帘蛤科）： / 其他	03	HS第03章	91				none	0.0	unmapped
03078190	其他	其他	030781	蛤、鸟蛤及舟贝（蚶科、北极蛤 科、鸟蛤科、斧蛤科、缝栖蛤科、 蛤蜊科、中带蛤科、海螂科、双 带蛤科、截蛏科、竹蛏科、砗磲 科、帘蛤科）： / 其他	03	HS第03章	91				none	0.0	unmapped
03078210	活、鲜或冷的凤螺（凤螺属）： 种苗	活、鲜或冷的凤螺（凤螺属）： 种苗	030782	蛤、鸟蛤及舟贝（蚶科、北极蛤 科、鸟蛤科、斧蛤科、缝栖蛤科、 蛤蜊科、中带蛤科、海螂科、双 带蛤科、截蛏科、竹蛏科、砗磲 科、帘蛤科）： / 活、鲜或冷的凤螺（凤螺属）	03	HS第03章	91				none	0.0	unmapped
03078290	其他	其他	030782	蛤、鸟蛤及舟贝（蚶科、北极蛤 科、鸟蛤科、斧蛤科、缝栖蛤科、 蛤蜊科、中带蛤科、海螂科、双 带蛤科、截蛏科、竹蛏科、砗磲 科、帘蛤科）： / 活、鲜或冷的凤螺（凤螺属）	03	HS第03章	91				none	0.0	unmapped
03078300	冻的鲍鱼（鲍属）	冻的鲍鱼（鲍属）	030783	蛤、鸟蛤及舟贝（蚶科、北极蛤 科、鸟蛤科、斧蛤科、缝栖蛤科、 蛤蜊科、中带蛤科、海螂科、双 带蛤科、截蛏科、竹蛏科、砗磲 科、帘蛤科）： / 冻的鲍鱼（鲍属）	03	HS第03章	91				none	0.0	unmapped
03078400	冻的凤螺（凤螺属）	冻的凤螺（凤螺属）	030784	蛤、鸟蛤及舟贝（蚶科、北极蛤 科、鸟蛤科、斧蛤科、缝栖蛤科、 蛤蜊科、中带蛤科、海螂科、双 带蛤科、截蛏科、竹蛏科、砗磲 科、帘蛤科）： / 冻的凤螺（凤螺属）	03	HS第03章	91				none	0.0	unmapped
03078700	其他鲍鱼（鲍属）	其他鲍鱼（鲍属）	030787	蛤、鸟蛤及舟贝（蚶科、北极蛤 科、鸟蛤科、斧蛤科、缝栖蛤科、 蛤蜊科、中带蛤科、海螂科、双 带蛤科、截蛏科、竹蛏科、砗磲 科、帘蛤科）： / 其他鲍鱼（鲍属）	03	HS第03章	92				none	0.0	unmapped
03078800	其他凤螺（凤螺属）	其他凤螺（凤螺属）	030788	蛤、鸟蛤及舟贝（蚶科、北极蛤 科、鸟蛤科、斧蛤科、缝栖蛤科、 蛤蜊科、中带蛤科、海螂科、双 带蛤科、截蛏科、竹蛏科、砗磲 科、帘蛤科）： / 其他凤螺（凤螺属）	03	HS第03章	92				none	0.0	unmapped
03079110	其他： --活、鲜或冷的： 种苗	其他： --活、鲜或冷的： 种苗	030791	其他： / 活、鲜或冷的	03	HS第03章	92				none	0.0	unmapped
03079190	其他	其他	030791	其他： / 活、鲜或冷的	03	HS第03章	92				none	0.0	unmapped
03079200	冻的	冻的	030792	其他： / 冻的	03	HS第03章	92				none	0.0	unmapped
03079900	其他	其他	030799	其他： / 其他	03	HS第03章	92				none	0.0	unmapped
03081110	种苗	种苗	030811	海参（仿刺参、海参纲）： / 活、鲜或冷的	03	HS第03章	93				none	0.0	unmapped
03081190	其他	其他	030811	海参（仿刺参、海参纲）： / 活、鲜或冷的	03	HS第03章	93				none	0.0	unmapped
03081200	冻的	冻的	030812	海参（仿刺参、海参纲）： / 冻的	03	HS第03章	93				none	0.0	unmapped
03081900	其他	其他	030819	海参（仿刺参、海参纲）： / 其他	03	HS第03章	93				none	0.0	unmapped
03082110	海胆（球海胆属、拟球海胆、智 利海胆、食用正海胆）： --活、鲜或冷的： 种苗	海胆（球海胆属、拟球海胆、智 利海胆、食用正海胆）： --活、鲜或冷的： 种苗	030821	海胆（球海胆属、拟球海胆、智 利海胆、食用正海胆）： / 活、鲜或冷的	03	HS第03章	93				none	0.0	unmapped
03082190	其他	其他	030821	海胆（球海胆属、拟球海胆、智 利海胆、食用正海胆）： / 活、鲜或冷的	03	HS第03章	93				none	0.0	unmapped
03082200	冻的	冻的	030822	海胆（球海胆属、拟球海胆、智 利海胆、食用正海胆）： / 冻的	03	HS第03章	93				none	0.0	unmapped
03082900	其他	其他	030829	海胆（球海胆属、拟球海胆、智 利海胆、食用正海胆）： / 其他	03	HS第03章	94				none	0.0	unmapped
03083011	海蜇（海蜇属）： ---活、鲜或冷的： 种苗	海蜇（海蜇属）： ---活、鲜或冷的： 种苗	030830	海蜇（海蜇属）	03	HS第03章	94				none	0.0	unmapped
03083019	活、鲜或冷的： 其他	活、鲜或冷的： 其他	030830	海蜇（海蜇属）	03	HS第03章	94				none	0.0	unmapped
03083090	其他	其他	030830	海蜇（海蜇属）	03	HS第03章	94				none	0.0	unmapped
03089011	其他： ---活、鲜或冷的： 种苗	其他： ---活、鲜或冷的： 种苗	030890	其他	03	HS第03章	94				none	0.0	unmapped
03089012	活、鲜或冷的： 沙蚕，种苗除外	活、鲜或冷的： 沙蚕，种苗除外	030890	其他	03	HS第03章	94				none	0.0	unmapped
03089019	活、鲜或冷的： 其他	活、鲜或冷的： 其他	030890	其他	03	HS第03章	94				none	0.0	unmapped
03089090	其他	其他	030890	其他	03	HS第03章	95				none	0.0	unmapped
03091000	鱼的	鱼的	030910	鱼的	03	HS第03章	95				none	0.0	unmapped
03099000	其他	其他	030990	其他	03	HS第03章	95				none	0.0	unmapped
04011000	按重量计脂肪含量不超过1％	按重量计脂肪含量不超过1％	040110	按重量计脂肪含量不超过1％	04	HS第04章	96				none	0.0	unmapped
04012000	按重量计脂肪含量超过1％，但 不超过6％	按重量计脂肪含量超过1％，但 不超过6％	040120	按重量计脂肪含量超过1％，但	04	HS第04章	96				none	0.0	unmapped
04014000	按重量计脂肪含量超过6％，但 不超过10％	按重量计脂肪含量超过6％，但 不超过10％	040140	按重量计脂肪含量超过6％，但	04	HS第04章	96				none	0.0	unmapped
04015000	按重量计脂肪含量超过10％	按重量计脂肪含量超过10％	040150	按重量计脂肪含量超过10％	04	HS第04章	97				none	0.0	unmapped
04021000	粉状、粒状或其他固体形状，按 重量计脂肪含量不超过1.5％	粉状、粒状或其他固体形状，按 重量计脂肪含量不超过1.5％	040210	粉状、粒状或其他固体形状，按	04	HS第04章	97				none	0.0	unmapped
04022100	粉状、粒状或其他固体形状，按 重量计脂肪含量超过1.5％： 未加糖或其他甜物质	粉状、粒状或其他固体形状，按 重量计脂肪含量超过1.5％： 未加糖或其他甜物质	040221	粉状、粒状或其他固体形状，按 重量计脂肪含量超过1.5％： / 未加糖或其他甜物质	04	HS第04章	97				none	0.0	unmapped
04022900	其他	其他	040229	粉状、粒状或其他固体形状，按 重量计脂肪含量超过1.5％： / 其他	04	HS第04章	97				none	0.0	unmapped
04029100	其他： 未加糖或其他甜物质	其他： 未加糖或其他甜物质	040291	其他： / 未加糖或其他甜物质	04	HS第04章	97				none	0.0	unmapped
04029900	其他	其他	040299	其他： / 其他	04	HS第04章	97				none	0.0	unmapped
04032010	不论是否浓缩，除允许添加的 添加剂外，仅可含糖或其他甜味 物质、香料、水果、坚果、可可	不论是否浓缩，除允许添加的 添加剂外，仅可含糖或其他甜味 物质、香料、水果、坚果、可可	040320	酸乳	04	HS第04章	98				none	0.0	unmapped
04032090	其他	其他	040320	酸乳	04	HS第04章	98				none	0.0	unmapped
04039000	其他	其他	040390	其他	04	HS第04章	98				none	0.0	unmapped
04041000	乳清及改性乳清，不论是否浓 缩、加糖或其他甜物质	乳清及改性乳清，不论是否浓 缩、加糖或其他甜物质	040410	乳清及改性乳清，不论是否浓	04	HS第04章	98				none	0.0	unmapped
04049000	其他	其他	040490	其他	04	HS第04章	98				none	0.0	unmapped
04051000	黄油	黄油	040510	黄油	04	HS第04章	99				none	0.0	unmapped
04052000	乳酱	乳酱	040520	乳酱	04	HS第04章	99				none	0.0	unmapped
04059000	其他	其他	040590	其他	04	HS第04章	99				none	0.0	unmapped
04061000	鲜乳酪（未熟化或未固化的）， 包括乳清乳酪；凝乳	鲜乳酪（未熟化或未固化的）， 包括乳清乳酪；凝乳	040610	鲜乳酪（未熟化或未固化的），	04	HS第04章	99				none	0.0	unmapped
04062000	各种磨碎或粉化的乳酪	各种磨碎或粉化的乳酪	040620	各种磨碎或粉化的乳酪	04	HS第04章	100				none	0.0	unmapped
04063000	经加工的乳酪，但磨碎或粉化的 除外	经加工的乳酪，但磨碎或粉化的 除外	040630	经加工的乳酪，但磨碎或粉化的	04	HS第04章	100				none	0.0	unmapped
04064000	蓝纹乳酪和娄地青霉生产的带 有纹理的其他乳酪	蓝纹乳酪和娄地青霉生产的带 有纹理的其他乳酪	040640	蓝纹乳酪和娄地青霉生产的带	04	HS第04章	100				none	0.0	unmapped
04069000	其他酪	其他酪	040690	其他酪	04	HS第04章	100				none	0.0	unmapped
04071100	孵化用受精禽蛋： 鸡的	孵化用受精禽蛋： 鸡的	040711	孵化用受精禽蛋： / 鸡的	04	HS第04章	100				none	0.0	unmapped
04071900	其他	其他	040719	孵化用受精禽蛋： / 其他	04	HS第04章	100				none	0.0	unmapped
04072100	鸡的	鸡的	040721	其他鲜蛋： / 鸡的	04	HS第04章	101				none	0.0	unmapped
04072900	其他	其他	040729	其他鲜蛋： / 其他	04	HS第04章	101				none	0.0	unmapped
04079010	其他： 咸蛋	其他： 咸蛋	040790	其他	04	HS第04章	101				none	0.0	unmapped
04079020	皮蛋	皮蛋	040790	其他	04	HS第04章	101				none	0.0	unmapped
04079090	其他	其他	040790	其他	04	HS第04章	101				none	0.0	unmapped
04081100	蛋黄： 干的	蛋黄： 干的	040811	蛋黄： / 干的	04	HS第04章	101				none	0.0	unmapped
04081900	其他	其他	040819	蛋黄： / 其他	04	HS第04章	102				none	0.0	unmapped
04089100	其他： 干的	其他： 干的	040891	其他： / 干的	04	HS第04章	102				none	0.0	unmapped
04089900	其他	其他	040899	其他： / 其他	04	HS第04章	102				none	0.0	unmapped
04090000	天然蜂蜜	天然蜂蜜	040900	天然蜂蜜	04	HS第04章	102				none	0.0	unmapped
04101000	昆虫	昆虫	041010	昆虫	04	HS第04章	102				none	0.0	unmapped
04109010	燕窝	燕窝	041090	其他	04	HS第04章	103				none	0.0	unmapped
04109021	蜂产品： 鲜蜂王浆	蜂产品： 鲜蜂王浆	041090	其他	04	HS第04章	103				none	0.0	unmapped
04109022	蜂产品： 鲜蜂王浆粉	蜂产品： 鲜蜂王浆粉	041090	其他	04	HS第04章	103				none	0.0	unmapped
04109023	蜂产品： 蜂花粉	蜂产品： 蜂花粉	041090	其他	04	HS第04章	103				none	0.0	unmapped
04109029	蜂产品： 其他	蜂产品： 其他	041090	其他	04	HS第04章	103				none	0.0	unmapped
04109090	其他	其他	041090	其他	04	HS第04章	103				none	0.0	unmapped
05010000	未经加工的人发，不论是否洗涤； 废人发	未经加工的人发，不论是否洗涤； 废人发	050100	未经加工的人发，不论是否洗涤； 废人发	05	HS第05章	104				none	0.0	unmapped
05021010	猪鬃、猪毛及其废料： 猪鬃	猪鬃、猪毛及其废料： 猪鬃	050210	猪鬃、猪毛及其废料	05	HS第05章	104				none	0.0	unmapped
05021020	猪毛	猪毛	050210	猪鬃、猪毛及其废料	05	HS第05章	104				none	0.0	unmapped
05021030	废料	废料	050210	猪鬃、猪毛及其废料	05	HS第05章	105				none	0.0	unmapped
05029011	其他： ---獾毛及其他制刷用兽毛： 山羊毛	其他： ---獾毛及其他制刷用兽毛： 山羊毛	050290	其他	05	HS第05章	105				none	0.0	unmapped
05029012	獾毛及其他制刷用兽毛： 黄鼠狼尾毛	獾毛及其他制刷用兽毛： 黄鼠狼尾毛	050290	其他	05	HS第05章	105				none	0.0	unmapped
05029019	獾毛及其他制刷用兽毛： 其他	獾毛及其他制刷用兽毛： 其他	050290	其他	05	HS第05章	105				none	0.0	unmapped
05029020	废料	废料	050290	其他	05	HS第05章	105				none	0.0	unmapped
05040011	肠衣： 盐渍猪肠衣（猪大肠头除外）	肠衣： 盐渍猪肠衣（猪大肠头除外）	050400	整个或切块的动物（鱼除外）的 肠、膀胱及胃，鲜、冷、冻、干、 熏、盐腌或盐渍的	05	HS第05章	106				none	0.0	unmapped
05040012	肠衣： 盐渍绵羊肠衣	肠衣： 盐渍绵羊肠衣	050400	整个或切块的动物（鱼除外）的 肠、膀胱及胃，鲜、冷、冻、干、 熏、盐腌或盐渍的	05	HS第05章	106				none	0.0	unmapped
05040013	肠衣： 盐渍山羊肠衣	肠衣： 盐渍山羊肠衣	050400	整个或切块的动物（鱼除外）的 肠、膀胱及胃，鲜、冷、冻、干、 熏、盐腌或盐渍的	05	HS第05章	106				none	0.0	unmapped
05040014	肠衣： 盐渍猪大肠头	肠衣： 盐渍猪大肠头	050400	整个或切块的动物（鱼除外）的 肠、膀胱及胃，鲜、冷、冻、干、 熏、盐腌或盐渍的	05	HS第05章	106				none	0.0	unmapped
05040019	肠衣： 其他	肠衣： 其他	050400	整个或切块的动物（鱼除外）的 肠、膀胱及胃，鲜、冷、冻、干、 熏、盐腌或盐渍的	05	HS第05章	106				none	0.0	unmapped
05040021	胃： 冷、冻的鸡胗	胃： 冷、冻的鸡胗	050400	整个或切块的动物（鱼除外）的 肠、膀胱及胃，鲜、冷、冻、干、 熏、盐腌或盐渍的	05	HS第05章	107				none	0.0	unmapped
05040029	胃： 其他	胃： 其他	050400	整个或切块的动物（鱼除外）的 肠、膀胱及胃，鲜、冷、冻、干、 熏、盐腌或盐渍的	05	HS第05章	107				none	0.0	unmapped
05040090	其他	其他	050400	整个或切块的动物（鱼除外）的 肠、膀胱及胃，鲜、冷、冻、干、 熏、盐腌或盐渍的	05	HS第05章	107				none	0.0	unmapped
05051000	填充用羽毛；羽绒	填充用羽毛；羽绒	050510	填充用羽毛；羽绒	05	HS第05章	107				none	0.0	unmapped
05059010	其他： 羽毛或不完整羽毛的粉末及废 料	其他： 羽毛或不完整羽毛的粉末及废 料	050590	其他	05	HS第05章	107				none	0.0	unmapped
05059090	其他	其他	050590	其他	05	HS第05章	108				none	0.0	unmapped
05061000	经酸处理的骨胶原及骨	经酸处理的骨胶原及骨	050610	经酸处理的骨胶原及骨	05	HS第05章	108				none	0.0	unmapped
05069011	其他： ---骨粉、骨废料： 含牛羊成分的	其他： ---骨粉、骨废料： 含牛羊成分的	050690	其他	05	HS第05章	108				none	0.0	unmapped
05069019	骨粉、骨废料： 其他	骨粉、骨废料： 其他	050690	其他	05	HS第05章	108				none	0.0	unmapped
05069090	其他	其他	050690	其他	05	HS第05章	108				none	0.0	unmapped
05071000	兽牙；兽牙粉末及废料	兽牙；兽牙粉末及废料	050710	兽牙；兽牙粉末及废料	05	HS第05章	109				none	0.0	unmapped
05079010	其他： 羚羊角及其粉末和废料	其他： 羚羊角及其粉末和废料	050790	其他	05	HS第05章	109				none	0.0	unmapped
05079020	鹿茸及其粉末	鹿茸及其粉末	050790	其他	05	HS第05章	109				none	0.0	unmapped
05079090	其他	其他	050790	其他	05	HS第05章	109				none	0.0	unmapped
05080010	粉末及废料	粉末及废料	050800	珊瑚及类似品，未经加工或仅简 单整理但未经进一步加工；软体 动物壳、甲壳动物壳、棘皮动物 壳、墨鱼骨，未经加工或仅简单 整理但未切割成形，上述壳、骨 的粉末及废料	05	HS第05章	109				none	0.0	unmapped
05080090	其他	其他	050800	珊瑚及类似品，未经加工或仅简 单整理但未经进一步加工；软体 动物壳、甲壳动物壳、棘皮动物 壳、墨鱼骨，未经加工或仅简单 整理但未切割成形，上述壳、骨 的粉末及废料	05	HS第05章	110				none	0.0	unmapped
05100010	黄药	黄药	051000	龙涎香、海狸香、灵猫香及麝香； 斑蝥；胆汁，不论是否干制；供 配制药用的腺体及其他动物产 品，鲜、冷、冻或用其他方法暂 时保藏的	05	HS第05章	110				none	0.0	unmapped
05100020	龙涎香、海狸香、灵猫香	龙涎香、海狸香、灵猫香	051000	龙涎香、海狸香、灵猫香及麝香； 斑蝥；胆汁，不论是否干制；供 配制药用的腺体及其他动物产 品，鲜、冷、冻或用其他方法暂 时保藏的	05	HS第05章	110				none	0.0	unmapped
05100030	麝香	麝香	051000	龙涎香、海狸香、灵猫香及麝香； 斑蝥；胆汁，不论是否干制；供 配制药用的腺体及其他动物产 品，鲜、冷、冻或用其他方法暂 时保藏的	05	HS第05章	110				none	0.0	unmapped
05100040	斑蝥	斑蝥	051000	龙涎香、海狸香、灵猫香及麝香； 斑蝥；胆汁，不论是否干制；供 配制药用的腺体及其他动物产 品，鲜、冷、冻或用其他方法暂 时保藏的	05	HS第05章	110				none	0.0	unmapped
05100090	其他	其他	051000	龙涎香、海狸香、灵猫香及麝香； 斑蝥；胆汁，不论是否干制；供 配制药用的腺体及其他动物产 品，鲜、冷、冻或用其他方法暂 时保藏的	05	HS第05章	110				none	0.0	unmapped
05111000	牛的精液	牛的精液	051110	牛的精液	05	HS第05章	110				none	0.0	unmapped
05119111	鱼的： 受精鱼卵	鱼的： 受精鱼卵	051191	其他： / 鱼、甲壳动物、软体动物、其他 水生无脊椎动物的产品；第三章 的死动物	05	HS第05章	111				none	0.0	unmapped
05119119	鱼的： 其他	鱼的： 其他	051191	其他： / 鱼、甲壳动物、软体动物、其他 水生无脊椎动物的产品；第三章 的死动物	05	HS第05章	111				none	0.0	unmapped
05119190	其他 丰年虫卵（丰年虾卵）	其他 丰年虫卵（丰年虾卵）	051191	其他： / 鱼、甲壳动物、软体动物、其他 水生无脊椎动物的产品；第三章 的死动物	05	HS第05章	111				none	0.0	unmapped
05119910	其他： 动物精液（牛的精液除外）	其他： 动物精液（牛的精液除外）	051199	其他	05	HS第05章	111				none	0.0	unmapped
05119920	动物胚胎	动物胚胎	051199	其他	05	HS第05章	111				none	0.0	unmapped
05119930	蚕种	蚕种	051199	其他	05	HS第05章	111				none	0.0	unmapped
05119940	马毛及废马毛，不论是否制成 有或无衬垫的毛片	马毛及废马毛，不论是否制成 有或无衬垫的毛片	051199	其他	05	HS第05章	111				none	0.0	unmapped
05119990	其他	其他	051199	其他	05	HS第05章	112				none	0.0	unmapped
06011010	休眠的鳞茎、块茎、块根、球茎、 根颈及根茎： 番红花球茎	休眠的鳞茎、块茎、块根、球茎、 根颈及根茎： 番红花球茎	060110	休眠的鳞茎、块茎、块根、球茎、 根颈及根茎	06	HS第06章	113				none	0.0	unmapped
06011021	百合球茎： 种用	百合球茎： 种用	060110	休眠的鳞茎、块茎、块根、球茎、 根颈及根茎	06	HS第06章	113				none	0.0	unmapped
06011029	百合球茎： 其他	百合球茎： 其他	060110	休眠的鳞茎、块茎、块根、球茎、 根颈及根茎	06	HS第06章	113				none	0.0	unmapped
06011091	其他： 种用	其他： 种用	060110	休眠的鳞茎、块茎、块根、球茎、 根颈及根茎	06	HS第06章	113				none	0.0	unmapped
06011099	其他： 其他	其他： 其他	060110	休眠的鳞茎、块茎、块根、球茎、 根颈及根茎	06	HS第06章	113				none	0.0	unmapped
06012000	生长或开花的鳞茎、块茎、块根、 球茎、根颈及根茎；菊苣植物及 其根	生长或开花的鳞茎、块茎、块根、 球茎、根颈及根茎；菊苣植物及 其根	060120	生长或开花的鳞茎、块茎、块根、	06	HS第06章	114				none	0.0	unmapped
06021000	无根插枝及接穗	无根插枝及接穗	060210	无根插枝及接穗	06	HS第06章	114				none	0.0	unmapped
06022010	食用水果或食用坚果的树、灌 木，不论是否嫁接： 种用苗木	食用水果或食用坚果的树、灌 木，不论是否嫁接： 种用苗木	060220	食用水果或食用坚果的树、灌 木，不论是否嫁接	06	HS第06章	114				none	0.0	unmapped
06022090	其他	其他	060220	食用水果或食用坚果的树、灌 木，不论是否嫁接	06	HS第06章	114				none	0.0	unmapped
06023010	杜鹃，不论是否嫁接： 种用	杜鹃，不论是否嫁接： 种用	060230	杜鹃，不论是否嫁接	06	HS第06章	114				none	0.0	unmapped
06023090	其他	其他	060230	杜鹃，不论是否嫁接	06	HS第06章	114				none	0.0	unmapped
06024010	玫瑰，不论是否嫁接： 种用	玫瑰，不论是否嫁接： 种用	060240	玫瑰，不论是否嫁接	06	HS第06章	114				none	0.0	unmapped
06024090	其他	其他	060240	玫瑰，不论是否嫁接	06	HS第06章	115				none	0.0	unmapped
06029010	其他： 蘑菇菌丝	其他： 蘑菇菌丝	060290	其他	06	HS第06章	115				none	0.0	unmapped
06029091	其他： 种用苗木	其他： 种用苗木	060290	其他	06	HS第06章	115				none	0.0	unmapped
06029092	其他： 兰花	其他： 兰花	060290	其他	06	HS第06章	115				none	0.0	unmapped
06029093	其他： 菊花	其他： 菊花	060290	其他	06	HS第06章	115				none	0.0	unmapped
06029094	其他： 百合	其他： 百合	060290	其他	06	HS第06章	115				none	0.0	unmapped
06029095	其他： 康乃馨	其他： 康乃馨	060290	其他	06	HS第06章	116				none	0.0	unmapped
06029099	其他： 其他	其他： 其他	060290	其他	06	HS第06章	116				none	0.0	unmapped
06031100	鲜的： 玫瑰	鲜的： 玫瑰	060311	鲜的： / 玫瑰	06	HS第06章	116				none	0.0	unmapped
06031200	康乃馨	康乃馨	060312	鲜的： / 康乃馨	06	HS第06章	116				none	0.0	unmapped
06031300	兰花	兰花	060313	鲜的： / 兰花	06	HS第06章	116				none	0.0	unmapped
06031400	菊花	菊花	060314	鲜的： / 菊花	06	HS第06章	116				none	0.0	unmapped
06031500	百合花（百合属）	百合花（百合属）	060315	鲜的： / 百合花（百合属）	06	HS第06章	117				none	0.0	unmapped
06031900	其他	其他	060319	鲜的： / 其他	06	HS第06章	117				none	0.0	unmapped
06039000	其他	其他	060390	其他	06	HS第06章	117				none	0.0	unmapped
06042010	鲜的： 苔藓及地衣	鲜的： 苔藓及地衣	060420	鲜的	06	HS第06章	117				none	0.0	unmapped
06042090	其他	其他	060420	鲜的	06	HS第06章	117				none	0.0	unmapped
06049010	苔藓及地衣	苔藓及地衣	060490	其他	06	HS第06章	118				none	0.0	unmapped
06049090	其他	其他	060490	其他	06	HS第06章	118				none	0.0	unmapped
07011000	种用	种用	070110	种用	07	HS第07章	119				none	0.0	unmapped
07019000	其他	其他	070190	其他	07	HS第07章	119				none	0.0	unmapped
07020000	鲜或冷藏的番茄	鲜或冷藏的番茄	070200	鲜或冷藏的番茄	07	HS第07章	119				none	0.0	unmapped
07031010	洋葱	洋葱	070310	洋葱	07	HS第07章	120				none	0.0	unmapped
07031020	青葱	青葱	070310	洋葱	07	HS第07章	120				none	0.0	unmapped
07032010	大蒜： 蒜头	大蒜： 蒜头	070320	大蒜	07	HS第07章	120				none	0.0	unmapped
07032020	蒜苔及蒜苗（青蒜）	蒜苔及蒜苗（青蒜）	070320	大蒜	07	HS第07章	120				none	0.0	unmapped
07032090	其他	其他	070320	大蒜	07	HS第07章	120				none	0.0	unmapped
07039010	韭葱及其他葱属蔬菜： 韭葱	韭葱及其他葱属蔬菜： 韭葱	070390	韭葱及其他葱属蔬菜	07	HS第07章	120				none	0.0	unmapped
07039020	大葱	大葱	070390	韭葱及其他葱属蔬菜	07	HS第07章	121				none	0.0	unmapped
07039090	其他	其他	070390	韭葱及其他葱属蔬菜	07	HS第07章	121				none	0.0	unmapped
07041010	菜花及西兰花： 菜花	菜花及西兰花： 菜花	070410	菜花及西兰花	07	HS第07章	121				none	0.0	unmapped
07041090	其他	其他	070410	菜花及西兰花	07	HS第07章	121				none	0.0	unmapped
07042000	抱子甘蓝	抱子甘蓝	070420	抱子甘蓝	07	HS第07章	121				none	0.0	unmapped
07049010	卷心菜	卷心菜	070490	其他	07	HS第07章	122				none	0.0	unmapped
07049090	其他	其他	070490	其他	07	HS第07章	122				none	0.0	unmapped
07051100	莴苣： 结球莴苣（包心生菜）	莴苣： 结球莴苣（包心生菜）	070511	莴苣： / 结球莴苣（包心生菜）	07	HS第07章	122				none	0.0	unmapped
07051900	其他	其他	070519	莴苣： / 其他	07	HS第07章	122				none	0.0	unmapped
07052100	菊苣： 维特罗夫菊苣	菊苣： 维特罗夫菊苣	070521	菊苣： / 维特罗夫菊苣	07	HS第07章	122				none	0.0	unmapped
07052900	其他	其他	070529	菊苣： / 其他	07	HS第07章	122				none	0.0	unmapped
07061000	胡萝卜及芜菁	胡萝卜及芜菁	070610	胡萝卜及芜菁	07	HS第07章	123				none	0.0	unmapped
07069000	其他	其他	070690	其他	07	HS第07章	123				none	0.0	unmapped
07070000	鲜或冷藏的黄瓜及小黄瓜	鲜或冷藏的黄瓜及小黄瓜	070700	鲜或冷藏的黄瓜及小黄瓜	07	HS第07章	123				none	0.0	unmapped
07081000	豌豆	豌豆	070810	豌豆	07	HS第07章	123				none	0.0	unmapped
07082000	豇豆及菜豆	豇豆及菜豆	070820	豇豆及菜豆	07	HS第07章	123				none	0.0	unmapped
07089000	其他豆类蔬菜	其他豆类蔬菜	070890	其他豆类蔬菜	07	HS第07章	124				none	0.0	unmapped
07092000	芦笋	芦笋	070920	芦笋	07	HS第07章	124				none	0.0	unmapped
07093000	茄子	茄子	070930	茄子	07	HS第07章	124				none	0.0	unmapped
07094000	芹菜，但块根芹除外	芹菜，但块根芹除外	070940	芹菜，但块根芹除外	07	HS第07章	124				none	0.0	unmapped
07095100	蘑菇及块菌： 伞菌属蘑菇	蘑菇及块菌： 伞菌属蘑菇	070951	蘑菇及块菌： / 伞菌属蘑菇	07	HS第07章	124				none	0.0	unmapped
07095200	牛肝菌属蘑菇	牛肝菌属蘑菇	070952	蘑菇及块菌： / 牛肝菌属蘑菇	07	HS第07章	124				none	0.0	unmapped
07095300	鸡油菌属蘑菇	鸡油菌属蘑菇	070953	蘑菇及块菌： / 鸡油菌属蘑菇	07	HS第07章	125				none	0.0	unmapped
07095400	香菇	香菇	070954	蘑菇及块菌： / 香菇	07	HS第07章	125				none	0.0	unmapped
07095500	松茸（松口蘑、美洲松口蘑、雪 松口蘑、甜味松口蘑、欧洲松口 蘑）	松茸（松口蘑、美洲松口蘑、雪 松口蘑、甜味松口蘑、欧洲松口 蘑）	070955	蘑菇及块菌： / 松茸（松口蘑、美洲松口蘑、雪	07	HS第07章	125				none	0.0	unmapped
07095600	块菌（松露属）	块菌（松露属）	070956	蘑菇及块菌： / 块菌（松露属）	07	HS第07章	125				none	0.0	unmapped
07095910	其他： 其他松茸	其他： 其他松茸	070959	蘑菇及块菌： / 其他	07	HS第07章	125				none	0.0	unmapped
07095930	金针菇	金针菇	070959	蘑菇及块菌： / 其他	07	HS第07章	125				none	0.0	unmapped
07095940	草菇	草菇	070959	蘑菇及块菌： / 其他	07	HS第07章	126				none	0.0	unmapped
07095950	口蘑	口蘑	070959	蘑菇及块菌： / 其他	07	HS第07章	126				none	0.0	unmapped
07095960	其他块菌	其他块菌	070959	蘑菇及块菌： / 其他	07	HS第07章	126				none	0.0	unmapped
07095990	其他	其他	070959	蘑菇及块菌： / 其他	07	HS第07章	126				none	0.0	unmapped
07096000	辣椒属及多香果属的果实	辣椒属及多香果属的果实	070960	辣椒属及多香果属的果实	07	HS第07章	126				none	0.0	unmapped
07097000	菠菜	菠菜	070970	菠菜	07	HS第07章	126				none	0.0	unmapped
07099100	洋蓟	洋蓟	070991	其他： / 洋蓟	07	HS第07章	127				none	0.0	unmapped
07099200	油橄榄	油橄榄	070992	其他： / 油橄榄	07	HS第07章	127				none	0.0	unmapped
07099300	南瓜、笋瓜及瓠瓜（南瓜属）	南瓜、笋瓜及瓠瓜（南瓜属）	070993	其他： / 南瓜、笋瓜及瓠瓜（南瓜属）	07	HS第07章	127				none	0.0	unmapped
07099910	其他： 竹笋	其他： 竹笋	070999	其他	07	HS第07章	127				none	0.0	unmapped
07099990	其他	其他	070999	其他	07	HS第07章	127				none	0.0	unmapped
07101000	马铃薯	马铃薯	071010	马铃薯	07	HS第07章	127				none	0.0	unmapped
07102100	豌豆	豌豆	071021	豆类蔬菜，不论是否脱荚： / 豌豆	07	HS第07章	128				none	0.0	unmapped
07102210	豇豆及菜豆： 红小豆（赤豆）	豇豆及菜豆： 红小豆（赤豆）	071022	豆类蔬菜，不论是否脱荚： / 豇豆及菜豆	07	HS第07章	128				none	0.0	unmapped
07102290	其他	其他	071022	豆类蔬菜，不论是否脱荚： / 豇豆及菜豆	07	HS第07章	128				none	0.0	unmapped
07102900	其他	其他	071029	豆类蔬菜，不论是否脱荚： / 其他	07	HS第07章	128				none	0.0	unmapped
07103000	菠菜	菠菜	071030	菠菜	07	HS第07章	128				none	0.0	unmapped
07104000	甜玉米	甜玉米	071040	甜玉米	07	HS第07章	129				none	0.0	unmapped
07108010	其他蔬菜： 松茸	其他蔬菜： 松茸	071080	其他蔬菜	07	HS第07章	129				none	0.0	unmapped
07108020	蒜苔及蒜苗（青蒜）	蒜苔及蒜苗（青蒜）	071080	其他蔬菜	07	HS第07章	129				none	0.0	unmapped
07108030	蒜头	蒜头	071080	其他蔬菜	07	HS第07章	129				none	0.0	unmapped
07108040	牛肝菌	牛肝菌	071080	其他蔬菜	07	HS第07章	129				none	0.0	unmapped
07108090	其他	其他	071080	其他蔬菜	07	HS第07章	130				none	0.0	unmapped
07109000	什锦蔬菜	什锦蔬菜	071090	什锦蔬菜	07	HS第07章	130				none	0.0	unmapped
07112000	油橄榄	油橄榄	071120	油橄榄	07	HS第07章	130				none	0.0	unmapped
07114000	黄瓜及小黄瓜	黄瓜及小黄瓜	071140	黄瓜及小黄瓜	07	HS第07章	130				none	0.0	unmapped
07115112	蘑菇及块菌： --伞菌属蘑菇： ---盐水的： 白蘑菇	蘑菇及块菌： --伞菌属蘑菇： ---盐水的： 白蘑菇	071151	蘑菇及块菌： / 伞菌属蘑菇	07	HS第07章	130				none	0.0	unmapped
07115119	盐水的： 其他	盐水的： 其他	071151	蘑菇及块菌： / 伞菌属蘑菇	07	HS第07章	131				none	0.0	unmapped
07115190	其他	其他	071151	蘑菇及块菌： / 伞菌属蘑菇	07	HS第07章	131				none	0.0	unmapped
07115911	其他： ---盐水的： 松茸	其他： ---盐水的： 松茸	071159	蘑菇及块菌： / 其他	07	HS第07章	131				none	0.0	unmapped
07115919	盐水的： 其他	盐水的： 其他	071159	蘑菇及块菌： / 其他	07	HS第07章	131				none	0.0	unmapped
07115990	其他	其他	071159	蘑菇及块菌： / 其他	07	HS第07章	131				none	0.0	unmapped
07119031	盐水的： 竹笋	盐水的： 竹笋	071190	其他蔬菜；什锦蔬菜	07	HS第07章	132				none	0.0	unmapped
07119034	盐水的： 大蒜	盐水的： 大蒜	071190	其他蔬菜；什锦蔬菜	07	HS第07章	132				none	0.0	unmapped
07119039	盐水的： 其他	盐水的： 其他	071190	其他蔬菜；什锦蔬菜	07	HS第07章	132				none	0.0	unmapped
07119090	其他	其他	071190	其他蔬菜；什锦蔬菜	07	HS第07章	132				none	0.0	unmapped
07122000	洋葱	洋葱	071220	洋葱	07	HS第07章	132				none	0.0	unmapped
07123100	伞菌属蘑菇	伞菌属蘑菇	071231	蘑菇、木耳、银耳及块菌： / 伞菌属蘑菇	07	HS第07章	133				none	0.0	unmapped
07123200	木耳	木耳	071232	蘑菇、木耳、银耳及块菌： / 木耳	07	HS第07章	133				none	0.0	unmapped
07123300	银耳	银耳	071233	蘑菇、木耳、银耳及块菌： / 银耳	07	HS第07章	133				none	0.0	unmapped
07123400	香菇	香菇	071234	蘑菇、木耳、银耳及块菌： / 香菇	07	HS第07章	133				none	0.0	unmapped
07123920	其他： 金针菇	其他： 金针菇	071239	蘑菇、木耳、银耳及块菌： / 其他	07	HS第07章	133				none	0.0	unmapped
07123950	牛肝菌	牛肝菌	071239	蘑菇、木耳、银耳及块菌： / 其他	07	HS第07章	134				none	0.0	unmapped
07123991	其他： 羊肚菌	其他： 羊肚菌	071239	蘑菇、木耳、银耳及块菌： / 其他	07	HS第07章	134				none	0.0	unmapped
07123999	其他： 其他	其他： 其他	071239	蘑菇、木耳、银耳及块菌： / 其他	07	HS第07章	134				none	0.0	unmapped
07129010	其他蔬菜；什锦蔬菜： 笋干丝	其他蔬菜；什锦蔬菜： 笋干丝	071290	其他蔬菜；什锦蔬菜	07	HS第07章	134				none	0.0	unmapped
07129020	紫萁（薇菜干）	紫萁（薇菜干）	071290	其他蔬菜；什锦蔬菜	07	HS第07章	134				none	0.0	unmapped
07129030	金针菜（黄花菜）	金针菜（黄花菜）	071290	其他蔬菜；什锦蔬菜	07	HS第07章	135				none	0.0	unmapped
07129040	蕨菜	蕨菜	071290	其他蔬菜；什锦蔬菜	07	HS第07章	135				none	0.0	unmapped
07129050	大蒜	大蒜	071290	其他蔬菜；什锦蔬菜	07	HS第07章	135				none	0.0	unmapped
07129091	其他： 辣根	其他： 辣根	071290	其他蔬菜；什锦蔬菜	07	HS第07章	135				none	0.0	unmapped
07129099	其他： 其他 种用甜玉米	其他： 其他 种用甜玉米	071290	其他蔬菜；什锦蔬菜	07	HS第07章	135				none	0.0	unmapped
07131010	种用	种用	071310	豌豆	07	HS第07章	136				none	0.0	unmapped
07131090	其他	其他	071310	豌豆	07	HS第07章	136				none	0.0	unmapped
07132010	鹰嘴豆： 种用	鹰嘴豆： 种用	071320	鹰嘴豆	07	HS第07章	136				none	0.0	unmapped
07132090	其他	其他	071320	鹰嘴豆	07	HS第07章	136				none	0.0	unmapped
07133110	豇豆属及菜豆属： --绿豆： 种用	豇豆属及菜豆属： --绿豆： 种用	071331	豇豆属及菜豆属： / 绿豆	07	HS第07章	136				none	0.0	unmapped
07133190	其他	其他	071331	豇豆属及菜豆属： / 绿豆	07	HS第07章	136				none	0.0	unmapped
07133210	红小豆（赤豆）： 种用	红小豆（赤豆）： 种用	071332	豇豆属及菜豆属： / 红小豆（赤豆）	07	HS第07章	136				none	0.0	unmapped
07133290	其他	其他	071332	豇豆属及菜豆属： / 红小豆（赤豆）	07	HS第07章	136				none	0.0	unmapped
07133310	芸豆： 种用	芸豆： 种用	071333	豇豆属及菜豆属： / 芸豆	07	HS第07章	136				none	0.0	unmapped
07133390	其他	其他	071333	豇豆属及菜豆属： / 芸豆	07	HS第07章	136				none	0.0	unmapped
07133400	巴姆巴拉豆	巴姆巴拉豆	071334	豇豆属及菜豆属： / 巴姆巴拉豆	07	HS第07章	137				none	0.0	unmapped
07133500	牛豆（豇豆）	牛豆（豇豆）	071335	豇豆属及菜豆属： / 牛豆（豇豆）	07	HS第07章	137				none	0.0	unmapped
07133900	其他	其他	071339	豇豆属及菜豆属： / 其他	07	HS第07章	137				none	0.0	unmapped
07134010	扁豆： 种用	扁豆： 种用	071340	扁豆	07	HS第07章	137				none	0.0	unmapped
07134090	其他	其他	071340	扁豆	07	HS第07章	137				none	0.0	unmapped
07135010	蚕豆： 种用	蚕豆： 种用	071350	蚕豆	07	HS第07章	137				none	0.0	unmapped
07135090	其他	其他	071350	蚕豆	07	HS第07章	137				none	0.0	unmapped
07136010	木豆（木豆属）： 种用	木豆（木豆属）： 种用	071360	木豆（木豆属）	07	HS第07章	137				none	0.0	unmapped
07136090	其他	其他	071360	木豆（木豆属）	07	HS第07章	137				none	0.0	unmapped
07139010	种用干豆	种用干豆	071390	其他	07	HS第07章	138				none	0.0	unmapped
07139090	其他	其他	071390	其他	07	HS第07章	138				none	0.0	unmapped
07141010	木薯： 鲜的	木薯： 鲜的	071410	木薯	07	HS第07章	138				none	0.0	unmapped
07141020	干的	干的	071410	木薯	07	HS第07章	138				none	0.0	unmapped
07141030	冷或冻的	冷或冻的	071410	木薯	07	HS第07章	138				none	0.0	unmapped
07142011	甘薯： ---鲜的： 种用	甘薯： ---鲜的： 种用	071420	甘薯	07	HS第07章	138				none	0.0	unmapped
07142019	鲜的： 其他	鲜的： 其他	071420	甘薯	07	HS第07章	138				none	0.0	unmapped
07142020	干的	干的	071420	甘薯	07	HS第07章	139				none	0.0	unmapped
07142030	冷或冻的	冷或冻的	071420	甘薯	07	HS第07章	139				none	0.0	unmapped
07143000	山药	山药	071430	山药	07	HS第07章	139				none	0.0	unmapped
07144000	芋头（芋属）	芋头（芋属）	071440	芋头（芋属）	07	HS第07章	139				none	0.0	unmapped
07145000	箭叶黄体芋（黄肉芋属）	箭叶黄体芋（黄肉芋属）	071450	箭叶黄体芋（黄肉芋属）	07	HS第07章	139				none	0.0	unmapped
07149010	荸荠	荸荠	071490	其他	07	HS第07章	140				none	0.0	unmapped
07149021	藕： 种用	藕： 种用	071490	其他	07	HS第07章	140				none	0.0	unmapped
07149029	藕： 其他	藕： 其他	071490	其他	07	HS第07章	140				none	0.0	unmapped
07149090	其他	其他	071490	其他	07	HS第07章	140				none	0.0	unmapped
08011100	椰子： 干的	椰子： 干的	080111	椰子： / 干的	08	HS第08章	141				none	0.0	unmapped
08011200	未去内壳（内果皮）	未去内壳（内果皮）	080112	椰子： / 未去内壳（内果皮）	08	HS第08章	141				none	0.0	unmapped
08011910	其他： 种用	其他： 种用	080119	椰子： / 其他	08	HS第08章	141				none	0.0	unmapped
08011990	其他	其他	080119	椰子： / 其他	08	HS第08章	141				none	0.0	unmapped
08012100	未去壳	未去壳	080121	巴西果： / 未去壳	08	HS第08章	142				none	0.0	unmapped
08012200	去壳	去壳	080122	巴西果： / 去壳	08	HS第08章	142				none	0.0	unmapped
08013100	腰果： 未去壳	腰果： 未去壳	080131	腰果： / 未去壳	08	HS第08章	142				none	0.0	unmapped
08013200	去壳	去壳	080132	腰果： / 去壳	08	HS第08章	142				none	0.0	unmapped
08021100	扁桃核及仁： 未去壳 24∆10	扁桃核及仁： 未去壳 24∆10	080211	扁桃核及仁： / 未去壳 24∆10	08	HS第08章	142				none	0.0	unmapped
08021200	去壳	去壳	080212	扁桃核及仁： / 去壳	08	HS第08章	142				none	0.0	unmapped
08022100	未去壳	未去壳	080221	榛子： / 未去壳	08	HS第08章	143				none	0.0	unmapped
08022200	去壳	去壳	080222	榛子： / 去壳	08	HS第08章	143				none	0.0	unmapped
08023100	核桃： 未去壳	核桃： 未去壳	080231	核桃： / 未去壳	08	HS第08章	143				none	0.0	unmapped
08023200	去壳	去壳	080232	核桃： / 去壳	08	HS第08章	143				none	0.0	unmapped
08024110	栗子： --未去壳： 板栗	栗子： --未去壳： 板栗	080241	栗子： / 未去壳	08	HS第08章	143				none	0.0	unmapped
08024190	其他	其他	080241	栗子： / 未去壳	08	HS第08章	143				none	0.0	unmapped
08024210	去壳： 板栗	去壳： 板栗	080242	栗子： / 去壳	08	HS第08章	143				none	0.0	unmapped
08024290	其他	其他	080242	栗子： / 去壳	08	HS第08章	144				none	0.0	unmapped
08025100	阿月浑子果（开心果）： 未去壳	阿月浑子果（开心果）： 未去壳	080251	阿月浑子果（开心果）： / 未去壳	08	HS第08章	144				none	0.0	unmapped
08025200	去壳	去壳	080252	阿月浑子果（开心果）： / 去壳	08	HS第08章	144				none	0.0	unmapped
08026110	马卡达姆坚果（夏威夷果）： --未去壳： 种用	马卡达姆坚果（夏威夷果）： --未去壳： 种用	080261	马卡达姆坚果（夏威夷果）： / 未去壳	08	HS第08章	144				none	0.0	unmapped
08026190	其他 24∆12	其他 24∆12	080261	马卡达姆坚果（夏威夷果）： / 未去壳	08	HS第08章	144				none	0.0	unmapped
08026200	去壳 24∆12	去壳 24∆12	080262	马卡达姆坚果（夏威夷果）： / 去壳 24∆12	08	HS第08章	144				none	0.0	unmapped
08027000	可乐果（可乐果属）	可乐果（可乐果属）	080270	可乐果（可乐果属）	08	HS第08章	144				none	0.0	unmapped
08028000	槟榔果	槟榔果	080280	槟榔果	08	HS第08章	145				none	0.0	unmapped
08029100	其他： 未去壳松子 24∆10	其他： 未去壳松子 24∆10	080291	其他： / 未去壳松子 24∆10	08	HS第08章	145				none	0.0	unmapped
08029200	去壳松子 25∆10	去壳松子 25∆10	080292	其他： / 去壳松子 25∆10	08	HS第08章	145				none	0.0	unmapped
08029910	其他： 白果	其他： 白果	080299	其他	08	HS第08章	145				none	0.0	unmapped
08029990	其他 鲜或干的碧根果	其他 鲜或干的碧根果	080299	其他	08	HS第08章	145				none	0.0	unmapped
08031000	芭蕉	芭蕉	080310	芭蕉	08	HS第08章	145				none	0.0	unmapped
08039000	其他	其他	080390	其他	08	HS第08章	146				none	0.0	unmapped
08041000	椰枣	椰枣	080410	椰枣	08	HS第08章	146				none	0.0	unmapped
08042000	无花果	无花果	080420	无花果	08	HS第08章	146				none	0.0	unmapped
08043000	菠萝	菠萝	080430	菠萝	08	HS第08章	146				none	0.0	unmapped
08044000	鳄梨	鳄梨	080440	鳄梨	08	HS第08章	146				none	0.0	unmapped
08045010	番石榴	番石榴	080450	番石榴、芒果及山竹果	08	HS第08章	147				none	0.0	unmapped
08045020	芒果	芒果	080450	番石榴、芒果及山竹果	08	HS第08章	147				none	0.0	unmapped
08045030	山竹果	山竹果	080450	番石榴、芒果及山竹果	08	HS第08章	147				none	0.0	unmapped
08051000	橙	橙	080510	橙	08	HS第08章	147				none	0.0	unmapped
08052110	柑橘（包括小蜜橘及萨摩蜜柑 橘）；克里曼丁橘、韦尔金橘及类 似的杂交柑橘： --柑橘（包括小蜜橘及萨摩蜜柑 橘）： 蕉柑	柑橘（包括小蜜橘及萨摩蜜柑 橘）；克里曼丁橘、韦尔金橘及类 似的杂交柑橘： --柑橘（包括小蜜橘及萨摩蜜柑 橘）： 蕉柑	080521	柑橘（包括小蜜橘及萨摩蜜柑 橘）；克里曼丁橘、韦尔金橘及类 似的杂交柑橘： / 柑橘（包括小蜜橘及萨摩蜜柑 橘）	08	HS第08章	147				none	0.0	unmapped
08052190	其他	其他	080521	柑橘（包括小蜜橘及萨摩蜜柑 橘）；克里曼丁橘、韦尔金橘及类 似的杂交柑橘： / 柑橘（包括小蜜橘及萨摩蜜柑 橘）	08	HS第08章	148				none	0.0	unmapped
08052200	克里曼丁橘	克里曼丁橘	080522	柑橘（包括小蜜橘及萨摩蜜柑 橘）；克里曼丁橘、韦尔金橘及类 似的杂交柑橘： / 克里曼丁橘	08	HS第08章	148				none	0.0	unmapped
08052900	其他	其他	080529	柑橘（包括小蜜橘及萨摩蜜柑 橘）；克里曼丁橘、韦尔金橘及类 似的杂交柑橘： / 其他	08	HS第08章	148				none	0.0	unmapped
08054000	葡萄柚及柚	葡萄柚及柚	080540	葡萄柚及柚	08	HS第08章	148				none	0.0	unmapped
08055000	柠檬及酸橙	柠檬及酸橙	080550	柠檬及酸橙	08	HS第08章	148				none	0.0	unmapped
08059000	其他	其他	080590	其他	08	HS第08章	148				none	0.0	unmapped
08061000	鲜的	鲜的	080610	鲜的	08	HS第08章	149				none	0.0	unmapped
08062000	干的	干的	080620	干的	08	HS第08章	149				none	0.0	unmapped
08071100	甜瓜，包括西瓜： 西瓜	甜瓜，包括西瓜： 西瓜	080711	甜瓜，包括西瓜： / 西瓜	08	HS第08章	149				none	0.0	unmapped
08071910	其他： 哈密瓜	其他： 哈密瓜	080719	甜瓜，包括西瓜： / 其他	08	HS第08章	149				none	0.0	unmapped
08071920	罗马甜瓜及加勒比甜瓜	罗马甜瓜及加勒比甜瓜	080719	甜瓜，包括西瓜： / 其他	08	HS第08章	149				none	0.0	unmapped
08071990	其他	其他	080719	甜瓜，包括西瓜： / 其他	08	HS第08章	150				none	0.0	unmapped
08072000	番木瓜	番木瓜	080720	番木瓜	08	HS第08章	150				none	0.0	unmapped
08081000	苹果	苹果	080810	苹果	08	HS第08章	150				none	0.0	unmapped
08083010	梨： 鸭梨及雪梨	梨： 鸭梨及雪梨	080830	梨	08	HS第08章	150				none	0.0	unmapped
08083020	香梨	香梨	080830	梨	08	HS第08章	150				none	0.0	unmapped
08083090	其他	其他	080830	梨	08	HS第08章	151				none	0.0	unmapped
08084000	榅桲	榅桲	080840	榅桲	08	HS第08章	151				none	0.0	unmapped
08091000	杏	杏	080910	杏	08	HS第08章	151				none	0.0	unmapped
08092100	樱桃： 欧洲酸樱桃	樱桃： 欧洲酸樱桃	080921	樱桃： / 欧洲酸樱桃	08	HS第08章	151				none	0.0	unmapped
08092900	其他	其他	080929	樱桃： / 其他	08	HS第08章	151				none	0.0	unmapped
08093000	桃，包括油桃	桃，包括油桃	080930	桃，包括油桃	08	HS第08章	151				none	0.0	unmapped
08094000	李及黑刺李	李及黑刺李	080940	李及黑刺李	08	HS第08章	152				none	0.0	unmapped
08101000	草莓	草莓	081010	草莓	08	HS第08章	152				none	0.0	unmapped
08102000	木莓、黑莓、桑椹及罗甘莓	木莓、黑莓、桑椹及罗甘莓	081020	木莓、黑莓、桑椹及罗甘莓	08	HS第08章	152				none	0.0	unmapped
08103000	黑、白或红的穗醋栗（加仑子） 及醋栗	黑、白或红的穗醋栗（加仑子） 及醋栗	081030	黑、白或红的穗醋栗（加仑子）	08	HS第08章	152				none	0.0	unmapped
08104000	蔓越橘、越橘及其他越橘属植物 果实	蔓越橘、越橘及其他越橘属植物 果实	081040	蔓越橘、越橘及其他越橘属植物	08	HS第08章	152				none	0.0	unmapped
08105000	猕猴桃	猕猴桃	081050	猕猴桃	08	HS第08章	152				none	0.0	unmapped
08106000	榴莲	榴莲	081060	榴莲	08	HS第08章	153				none	0.0	unmapped
08107000	柿子	柿子	081070	柿子	08	HS第08章	153				none	0.0	unmapped
08109010	其他： 荔枝	其他： 荔枝	081090	其他	08	HS第08章	153				none	0.0	unmapped
08109030	龙眼	龙眼	081090	其他	08	HS第08章	153				none	0.0	unmapped
08109040	红毛丹	红毛丹	081090	其他	08	HS第08章	153				none	0.0	unmapped
08109050	番荔枝	番荔枝	081090	其他	08	HS第08章	154				none	0.0	unmapped
08109060	杨桃	杨桃	081090	其他	08	HS第08章	154				none	0.0	unmapped
08109070	莲雾	莲雾	081090	其他	08	HS第08章	154				none	0.0	unmapped
08109080	火龙果	火龙果	081090	其他	08	HS第08章	154				none	0.0	unmapped
08109090	其他	其他	081090	其他	08	HS第08章	154				none	0.0	unmapped
08111000	草莓	草莓	081110	草莓	08	HS第08章	155				none	0.0	unmapped
08112000	木莓、黑莓、桑椹、罗甘莓，黑、 白或红的穗醋栗（加仑子）及醋 栗	木莓、黑莓、桑椹、罗甘莓，黑、 白或红的穗醋栗（加仑子）及醋 栗	081120	木莓、黑莓、桑椹、罗甘莓，黑、	08	HS第08章	155				none	0.0	unmapped
08119010	其他： 栗子，未去壳	其他： 栗子，未去壳	081190	其他	08	HS第08章	155				none	0.0	unmapped
08119090	其他 冷冻鳄梨	其他 冷冻鳄梨	081190	其他	08	HS第08章	155				none	0.0	unmapped
08121000	樱桃	樱桃	081210	樱桃	08	HS第08章	155				none	0.0	unmapped
08129000	其他	其他	081290	其他	08	HS第08章	155				none	0.0	unmapped
08131000	杏	杏	081310	杏	08	HS第08章	156				none	0.0	unmapped
08132000	梅及李	梅及李	081320	梅及李	08	HS第08章	156				none	0.0	unmapped
08133000	苹果	苹果	081330	苹果	08	HS第08章	156				none	0.0	unmapped
08134010	其他干果： 龙眼干、肉	其他干果： 龙眼干、肉	081340	其他干果	08	HS第08章	156				none	0.0	unmapped
08134020	柿饼	柿饼	081340	其他干果	08	HS第08章	156				none	0.0	unmapped
08134030	红枣	红枣	081340	其他干果	08	HS第08章	156				none	0.0	unmapped
08134040	荔枝干	荔枝干	081340	其他干果	08	HS第08章	156				none	0.0	unmapped
08134090	其他	其他	081340	其他干果	08	HS第08章	156				none	0.0	unmapped
08135000	本章的什锦坚果或干果	本章的什锦坚果或干果	081350	本章的什锦坚果或干果	08	HS第08章	157				none	0.0	unmapped
08140000	柑橘属水果或甜瓜（包括西瓜） 的果皮，鲜、冻、干或用盐水、 亚硫酸水或其他防腐液暂时保藏 的	柑橘属水果或甜瓜（包括西瓜） 的果皮，鲜、冻、干或用盐水、 亚硫酸水或其他防腐液暂时保藏 的	081400	柑橘属水果或甜瓜（包括西瓜） 的果皮，鲜、冻、干或用盐水、 亚硫酸水或其他防腐液暂时保藏 的	08	HS第08章	157				none	0.0	unmapped
09011100	未焙炒的咖啡： 未浸除咖啡碱	未焙炒的咖啡： 未浸除咖啡碱	090111	未焙炒的咖啡： / 未浸除咖啡碱	09	HS第09章	158				none	0.0	unmapped
09011200	已浸除咖啡碱	已浸除咖啡碱	090112	未焙炒的咖啡： / 已浸除咖啡碱	09	HS第09章	158				none	0.0	unmapped
09012100	已焙炒的咖啡： 未浸除咖啡碱	已焙炒的咖啡： 未浸除咖啡碱	090121	已焙炒的咖啡： / 未浸除咖啡碱	09	HS第09章	158				none	0.0	unmapped
09012200	已浸除咖啡碱	已浸除咖啡碱	090122	已焙炒的咖啡： / 已浸除咖啡碱	09	HS第09章	158				none	0.0	unmapped
09019010	咖啡豆荚及咖啡豆皮	咖啡豆荚及咖啡豆皮	090190	其他	09	HS第09章	159				none	0.0	unmapped
09019020	含咖啡的咖啡代用品	含咖啡的咖啡代用品	090190	其他	09	HS第09章	159				none	0.0	unmapped
09021011	绿茶（未发酵），内包装每件净 重不超过3千克： ---花茶： 茉莉花茶	绿茶（未发酵），内包装每件净 重不超过3千克： ---花茶： 茉莉花茶	090210	绿茶（未发酵），内包装每件净 重不超过3千克	09	HS第09章	159				none	0.0	unmapped
09021019	花茶： 其他	花茶： 其他	090210	绿茶（未发酵），内包装每件净 重不超过3千克	09	HS第09章	159				none	0.0	unmapped
09021020	白茶	白茶	090210	绿茶（未发酵），内包装每件净 重不超过3千克	09	HS第09章	159				none	0.0	unmapped
09021090	其他	其他	090210	绿茶（未发酵），内包装每件净 重不超过3千克	09	HS第09章	159				none	0.0	unmapped
09022011	茉莉花茶	茉莉花茶	090220	其他绿茶（未发酵）	09	HS第09章	160				none	0.0	unmapped
09022019	其他	其他	090220	其他绿茶（未发酵）	09	HS第09章	160				none	0.0	unmapped
09022020	白茶	白茶	090220	其他绿茶（未发酵）	09	HS第09章	160				none	0.0	unmapped
09022090	其他	其他	090220	其他绿茶（未发酵）	09	HS第09章	160				none	0.0	unmapped
09023010	红茶（已发酵）及部分发酵茶， 内包装每件净重不超过3千克： 乌龙茶	红茶（已发酵）及部分发酵茶， 内包装每件净重不超过3千克： 乌龙茶	090230	红茶（已发酵）及部分发酵茶， 内包装每件净重不超过3千克	09	HS第09章	160				none	0.0	unmapped
09023031	黑茶： 普洱茶（熟茶）	黑茶： 普洱茶（熟茶）	090230	红茶（已发酵）及部分发酵茶， 内包装每件净重不超过3千克	09	HS第09章	160				none	0.0	unmapped
09023039	黑茶： 其他	黑茶： 其他	090230	红茶（已发酵）及部分发酵茶， 内包装每件净重不超过3千克	09	HS第09章	161				none	0.0	unmapped
09023090	其他	其他	090230	红茶（已发酵）及部分发酵茶， 内包装每件净重不超过3千克	09	HS第09章	161				none	0.0	unmapped
09024010	其他红茶（已发酵）及部分发酵 茶： 乌龙茶	其他红茶（已发酵）及部分发酵 茶： 乌龙茶	090240	其他红茶（已发酵）及部分发酵 茶	09	HS第09章	161				none	0.0	unmapped
09024031	黑茶： 普洱茶（熟茶）	黑茶： 普洱茶（熟茶）	090240	其他红茶（已发酵）及部分发酵 茶	09	HS第09章	161				none	0.0	unmapped
09024039	黑茶： 其他	黑茶： 其他	090240	其他红茶（已发酵）及部分发酵 茶	09	HS第09章	161				none	0.0	unmapped
09024090	其他	其他	090240	其他红茶（已发酵）及部分发酵 茶	09	HS第09章	162				none	0.0	unmapped
09030000	马黛茶	马黛茶	090300	马黛茶	09	HS第09章	162				none	0.0	unmapped
09041100	胡椒： 未磨	胡椒： 未磨	090411	胡椒： / 未磨	09	HS第09章	162				none	0.0	unmapped
09041200	已磨	已磨	090412	胡椒： / 已磨	09	HS第09章	162				none	0.0	unmapped
09042100	辣椒： 干，未磨	辣椒： 干，未磨	090421	辣椒： / 干，未磨	09	HS第09章	162				none	0.0	unmapped
09042200	已磨	已磨	090422	辣椒： / 已磨	09	HS第09章	163				none	0.0	unmapped
09051000	未磨	未磨	090510	未磨	09	HS第09章	163				none	0.0	unmapped
09052000	已磨	已磨	090520	已磨	09	HS第09章	163				none	0.0	unmapped
09061100	未磨： 锡兰肉桂	未磨： 锡兰肉桂	090611	未磨： / 锡兰肉桂	09	HS第09章	163				none	0.0	unmapped
09061900	其他	其他	090619	未磨： / 其他	09	HS第09章	163				none	0.0	unmapped
09062000	已磨	已磨	090620	已磨	09	HS第09章	163				none	0.0	unmapped
09071000	未磨	未磨	090710	未磨	09	HS第09章	163				none	0.0	unmapped
09072000	已磨	已磨	090720	已磨	09	HS第09章	164				none	0.0	unmapped
09081100	肉豆蔻： 未磨	肉豆蔻： 未磨	090811	肉豆蔻： / 未磨	09	HS第09章	164				none	0.0	unmapped
09081200	已磨	已磨	090812	肉豆蔻： / 已磨	09	HS第09章	164				none	0.0	unmapped
09082100	肉豆蔻衣： 未磨	肉豆蔻衣： 未磨	090821	肉豆蔻衣： / 未磨	09	HS第09章	164				none	0.0	unmapped
09082200	已磨	已磨	090822	肉豆蔻衣： / 已磨	09	HS第09章	164				none	0.0	unmapped
09083100	豆蔻： 未磨	豆蔻： 未磨	090831	豆蔻： / 未磨	09	HS第09章	164				none	0.0	unmapped
09083200	已磨	已磨	090832	豆蔻： / 已磨	09	HS第09章	164				none	0.0	unmapped
09092100	芫荽子： 未磨 种用芫荽	芫荽子： 未磨 种用芫荽	090921	芫荽子： / 未磨	09	HS第09章	164				none	0.0	unmapped
09092200	已磨	已磨	090922	芫荽子： / 已磨	09	HS第09章	165				none	0.0	unmapped
09093100	枯茗子： 未磨	枯茗子： 未磨	090931	枯茗子： / 未磨	09	HS第09章	165				none	0.0	unmapped
09093200	已磨	已磨	090932	枯茗子： / 已磨	09	HS第09章	165				none	0.0	unmapped
09096110	茴芹子或八角茴香、黄蒿子或小 茴香子；杜松果： --未磨： 八角茴香	茴芹子或八角茴香、黄蒿子或小 茴香子；杜松果： --未磨： 八角茴香	090961	茴芹子或八角茴香、黄蒿子或小 茴香子；杜松果： / 未磨	09	HS第09章	165				none	0.0	unmapped
09096190	其他	其他	090961	茴芹子或八角茴香、黄蒿子或小 茴香子；杜松果： / 未磨	09	HS第09章	165				none	0.0	unmapped
09096210	八角茴香	八角茴香	090962	茴芹子或八角茴香、黄蒿子或小 茴香子；杜松果： / 已磨	09	HS第09章	166				none	0.0	unmapped
09096290	其他	其他	090962	茴芹子或八角茴香、黄蒿子或小 茴香子；杜松果： / 已磨	09	HS第09章	166				none	0.0	unmapped
09101100	姜： 未磨	姜： 未磨	091011	姜： / 未磨	09	HS第09章	166				none	0.0	unmapped
09101200	已磨	已磨	091012	姜： / 已磨	09	HS第09章	166				none	0.0	unmapped
09102000	番红花	番红花	091020	番红花	09	HS第09章	166				none	0.0	unmapped
09103000	姜黄	姜黄	091030	姜黄	09	HS第09章	166				none	0.0	unmapped
09109100	本章注释一（二）所述的混合物	本章注释一（二）所述的混合物	091091	其他调味香料： / 本章注释一（二）所述的混合物	09	HS第09章	167				none	0.0	unmapped
09109910	其他： 花椒、竹叶花椒和青花椒	其他： 花椒、竹叶花椒和青花椒	091099	其他调味香料： / 其他	09	HS第09章	167				none	0.0	unmapped
09109990	其他	其他	091099	其他调味香料： / 其他	09	HS第09章	167				none	0.0	unmapped
10011100	硬粒小麦： 种用	硬粒小麦： 种用	100111	硬粒小麦： / 种用	10	HS第10章	168				none	0.0	unmapped
10011900	其他	其他	100119	硬粒小麦： / 其他	10	HS第10章	168				none	0.0	unmapped
10019100	其他： 种用	其他： 种用	100191	其他： / 种用	10	HS第10章	168				none	0.0	unmapped
10019900	其他	其他	100199	其他： / 其他	10	HS第10章	168				none	0.0	unmapped
10021000	种用	种用	100210	种用	10	HS第10章	168				none	0.0	unmapped
10029000	其他	其他	100290	其他	10	HS第10章	168				none	0.0	unmapped
10031000	种用	种用	100310	种用	10	HS第10章	168				none	0.0	unmapped
10039000	其他	其他	100390	其他	10	HS第10章	169				none	0.0	unmapped
10041000	种用	种用	100410	种用	10	HS第10章	169				none	0.0	unmapped
10049000	其他	其他	100490	其他	10	HS第10章	169				none	0.0	unmapped
10051000	种用	种用	100510	种用	10	HS第10章	169				none	0.0	unmapped
10059000	其他	其他	100590	其他	10	HS第10章	169				none	0.0	unmapped
10061021	稻谷： ---种用： 长粒米	稻谷： ---种用： 长粒米	100610	稻谷	10	HS第10章	169				none	0.0	unmapped
10061029	种用： 其他	种用： 其他	100610	稻谷	10	HS第10章	169				none	0.0	unmapped
10061081	其他： 长粒米	其他： 长粒米	100610	稻谷	10	HS第10章	169				none	0.0	unmapped
10061089	其他： 其他	其他： 其他	100610	稻谷	10	HS第10章	169				none	0.0	unmapped
10062020	糙米： 长粒米	糙米： 长粒米	100620	糙米	10	HS第10章	169				none	0.0	unmapped
10062080	其他	其他	100620	糙米	10	HS第10章	169				none	0.0	unmapped
10063020	长粒米	长粒米	100630	糙米	10	HS第10章	170				none	0.0	unmapped
10063080	其他	其他	100630	糙米	10	HS第10章	170				none	0.0	unmapped
10064020	碎米： 长粒米	碎米： 长粒米	100640	碎米	10	HS第10章	170				none	0.0	unmapped
10064080	其他	其他	100640	碎米	10	HS第10章	170				none	0.0	unmapped
10071000	种用	种用	100710	种用	10	HS第10章	170				none	0.0	unmapped
10079000	其他	其他	100790	其他	10	HS第10章	170				none	0.0	unmapped
10081000	荞麦	荞麦	100810	荞麦	10	HS第10章	170				none	0.0	unmapped
10082100	谷子： 种用	谷子： 种用	100821	谷子： / 种用	10	HS第10章	170				none	0.0	unmapped
10082900	其他	其他	100829	谷子： / 其他	10	HS第10章	170				none	0.0	unmapped
10083000	加那利草子	加那利草子	100830	加那利草子	10	HS第10章	170				none	0.0	unmapped
10084010	种用	种用	100840	直长马唐（马唐属）	10	HS第10章	171				none	0.0	unmapped
10084090	其他	其他	100840	直长马唐（马唐属）	10	HS第10章	171				none	0.0	unmapped
10085010	昆诺阿藜： 种用	昆诺阿藜： 种用	100850	昆诺阿藜	10	HS第10章	171				none	0.0	unmapped
10085090	其他	其他	100850	昆诺阿藜	10	HS第10章	171				none	0.0	unmapped
10086010	黑小麦： 种用	黑小麦： 种用	100860	黑小麦	10	HS第10章	171				none	0.0	unmapped
10086090	其他	其他	100860	黑小麦	10	HS第10章	171				none	0.0	unmapped
10089010	其他谷物： 种用	其他谷物： 种用	100890	其他谷物	10	HS第10章	171				none	0.0	unmapped
10089090	其他	其他	100890	其他谷物	10	HS第10章	171				none	0.0	unmapped
11010000	小麦或混合麦的细粉	小麦或混合麦的细粉	110100	小麦或混合麦的细粉	11	HS第11章	172				none	0.0	unmapped
11022000	玉米细粉	玉米细粉	110220	玉米细粉	11	HS第11章	172				none	0.0	unmapped
11029021	其他： ---大米细粉： 长粒米的	其他： ---大米细粉： 长粒米的	110290	其他	11	HS第11章	172				none	0.0	unmapped
11029029	大米细粉： 其他	大米细粉： 其他	110290	其他	11	HS第11章	173				none	0.0	unmapped
11029090	其他	其他	110290	其他	11	HS第11章	173				none	0.0	unmapped
11031100	粗粒及粗粉： 小麦的	粗粒及粗粉： 小麦的	110311	粗粒及粗粉： / 小麦的	11	HS第11章	173				none	0.0	unmapped
11031300	玉米的	玉米的	110313	粗粒及粗粉： / 玉米的	11	HS第11章	173				none	0.0	unmapped
11031910	其他： 燕麦的	其他： 燕麦的	110319	粗粒及粗粉： / 其他	11	HS第11章	173				none	0.0	unmapped
11031931	大米的： 长粒米的	大米的： 长粒米的	110319	粗粒及粗粉： / 其他	11	HS第11章	173				none	0.0	unmapped
11031939	大米的： 其他	大米的： 其他	110319	粗粒及粗粉： / 其他	11	HS第11章	173				none	0.0	unmapped
11031990	其他	其他	110319	粗粒及粗粉： / 其他	11	HS第11章	173				none	0.0	unmapped
11032010	团粒： 小麦的	团粒： 小麦的	110320	团粒	11	HS第11章	173				none	0.0	unmapped
11032090	其他	其他	110320	团粒	11	HS第11章	174				none	0.0	unmapped
11041200	滚压或制片的谷物： 燕麦的	滚压或制片的谷物： 燕麦的	110412	滚压或制片的谷物： / 燕麦的	11	HS第11章	174				none	0.0	unmapped
11041910	其他： 大麦的	其他： 大麦的	110419	滚压或制片的谷物： / 其他	11	HS第11章	174				none	0.0	unmapped
11041990	其他	其他	110419	滚压或制片的谷物： / 其他	11	HS第11章	174				none	0.0	unmapped
11042200	经其他加工的谷物（例如，去壳、 制成粒状、切片或粗磨）： 燕麦的	经其他加工的谷物（例如，去壳、 制成粒状、切片或粗磨）： 燕麦的	110422	经其他加工的谷物（例如，去壳、 制成粒状、切片或粗磨）： / 燕麦的	11	HS第11章	174				none	0.0	unmapped
11042300	玉米的	玉米的	110423	经其他加工的谷物（例如，去壳、 制成粒状、切片或粗磨）： / 玉米的	11	HS第11章	174				none	0.0	unmapped
11042910	大麦的	大麦的	110429	经其他加工的谷物（例如，去壳、 制成粒状、切片或粗磨）： / 其他	11	HS第11章	175				none	0.0	unmapped
11042990	其他	其他	110429	经其他加工的谷物（例如，去壳、 制成粒状、切片或粗磨）： / 其他	11	HS第11章	175				none	0.0	unmapped
11043000	谷物胚芽，整粒、滚压、制片或 磨碎的	谷物胚芽，整粒、滚压、制片或 磨碎的	110430	谷物胚芽，整粒、滚压、制片或	11	HS第11章	175				none	0.0	unmapped
11051000	细粉、粗粉及粉末	细粉、粗粉及粉末	110510	细粉、粗粉及粉末	11	HS第11章	175				none	0.0	unmapped
11052000	粉片、颗粒及团粒	粉片、颗粒及团粒	110520	粉片、颗粒及团粒	11	HS第11章	175				none	0.0	unmapped
11061000	用税目07.13的干豆制成的	用税目07.13的干豆制成的	110610	用税目07.13的干豆制成的	11	HS第11章	175				none	0.0	unmapped
11062000	用税目07.14的西谷茎髓及植物 根茎、块茎制成的	用税目07.14的西谷茎髓及植物 根茎、块茎制成的	110620	用税目07.14的西谷茎髓及植物	11	HS第11章	176				none	0.0	unmapped
11063000	用第八章的产品制成的	用第八章的产品制成的	110630	用第八章的产品制成的	11	HS第11章	176				none	0.0	unmapped
11071000	未焙制	未焙制	110710	未焙制	11	HS第11章	176				none	0.0	unmapped
11072000	已焙制	已焙制	110720	已焙制	11	HS第11章	176				none	0.0	unmapped
11081100	淀粉： 小麦淀粉	淀粉： 小麦淀粉	110811	淀粉： / 小麦淀粉	11	HS第11章	176				none	0.0	unmapped
11081200	玉米淀粉	玉米淀粉	110812	淀粉： / 玉米淀粉	11	HS第11章	176				none	0.0	unmapped
11081300	马铃薯淀粉	马铃薯淀粉	110813	淀粉： / 马铃薯淀粉	11	HS第11章	177				none	0.0	unmapped
11081400	木薯淀粉	木薯淀粉	110814	淀粉： / 木薯淀粉	11	HS第11章	177				none	0.0	unmapped
11081900	其他	其他	110819	淀粉： / 其他	11	HS第11章	177				none	0.0	unmapped
11082000	菊粉	菊粉	110820	菊粉	11	HS第11章	177				none	0.0	unmapped
11090000	面筋，不论是否干制	面筋，不论是否干制	110900	面筋，不论是否干制	11	HS第11章	177				none	0.0	unmapped
12011000	种用	种用	120110	种用	12	HS第12章	178				none	0.0	unmapped
12019011	黄大豆： 非转基因	黄大豆： 非转基因	120190	其他	12	HS第12章	179				none	0.0	unmapped
12019019	黄大豆： 其他	黄大豆： 其他	120190	其他	12	HS第12章	179				none	0.0	unmapped
12019020	黑大豆	黑大豆	120190	其他	12	HS第12章	179				none	0.0	unmapped
12019030	青大豆	青大豆	120190	其他	12	HS第12章	179				none	0.0	unmapped
12019090	其他	其他	120190	其他	12	HS第12章	179				none	0.0	unmapped
12023000	种用	种用	120230	种用	12	HS第12章	179				none	0.0	unmapped
12024100	其他： 未去壳	其他： 未去壳	120241	其他： / 未去壳	12	HS第12章	179				none	0.0	unmapped
12024200	去壳，不论是否破碎	去壳，不论是否破碎	120242	其他： / 去壳，不论是否破碎	12	HS第12章	179				none	0.0	unmapped
12030000	干椰子肉	干椰子肉	120300	干椰子肉	12	HS第12章	179				none	0.0	unmapped
12040000	亚麻子，不论是否破碎	亚麻子，不论是否破碎	120400	亚麻子，不论是否破碎	12	HS第12章	179				none	0.0	unmapped
12051010	低芥子酸油菜子： 种用	低芥子酸油菜子： 种用	120510	低芥子酸油菜子	12	HS第12章	180				none	0.0	unmapped
12051090	其他	其他	120510	低芥子酸油菜子	12	HS第12章	180				none	0.0	unmapped
12059010	其他： 种用	其他： 种用	120590	其他	12	HS第12章	180				none	0.0	unmapped
12059090	其他	其他	120590	其他	12	HS第12章	180				none	0.0	unmapped
12060010	种用	种用	120600	葵花子，不论是否破碎	12	HS第12章	180				none	0.0	unmapped
12060090	其他	其他	120600	葵花子，不论是否破碎	12	HS第12章	180				none	0.0	unmapped
12071010	棕榈果及棕榈仁： 种用	棕榈果及棕榈仁： 种用	120710	棕榈果及棕榈仁	12	HS第12章	180				none	0.0	unmapped
12071090	其他	其他	120710	棕榈果及棕榈仁	12	HS第12章	180				none	0.0	unmapped
12072100	棉子： 种用	棉子： 种用	120721	棉子： / 种用	12	HS第12章	180				none	0.0	unmapped
12072900	其他	其他	120729	棉子： / 其他	12	HS第12章	181				none	0.0	unmapped
12073010	蓖麻子： 种用	蓖麻子： 种用	120730	蓖麻子	12	HS第12章	181				none	0.0	unmapped
12073090	其他	其他	120730	蓖麻子	12	HS第12章	181				none	0.0	unmapped
12074010	芝麻： 种用	芝麻： 种用	120740	芝麻	12	HS第12章	181				none	0.0	unmapped
12074090	其他	其他	120740	芝麻	12	HS第12章	181				none	0.0	unmapped
12075010	芥子： 种用	芥子： 种用	120750	芥子	12	HS第12章	181				none	0.0	unmapped
12075090	其他	其他	120750	芥子	12	HS第12章	181				none	0.0	unmapped
12076010	种用	种用	120760	红花子	12	HS第12章	182				none	0.0	unmapped
12076090	其他	其他	120760	红花子	12	HS第12章	182				none	0.0	unmapped
12077010	甜瓜的子： 种用	甜瓜的子： 种用	120770	甜瓜的子	12	HS第12章	182				none	0.0	unmapped
12077091	其他： 黑瓜子	其他： 黑瓜子	120770	甜瓜的子	12	HS第12章	182				none	0.0	unmapped
12077092	其他： 红瓜子	其他： 红瓜子	120770	甜瓜的子	12	HS第12章	182				none	0.0	unmapped
12077099	其他： 其他	其他： 其他	120770	甜瓜的子	12	HS第12章	182				none	0.0	unmapped
12079100	其他： 罂粟子	其他： 罂粟子	120791	其他： / 罂粟子	12	HS第12章	182				none	0.0	unmapped
12079910	种用	种用	120799	其他	12	HS第12章	183				none	0.0	unmapped
12079991	其他： 牛油树果	其他： 牛油树果	120799	其他	12	HS第12章	183				none	0.0	unmapped
12079999	其他： 其他	其他： 其他	120799	其他	12	HS第12章	183				none	0.0	unmapped
12081000	大豆粉	大豆粉	120810	大豆粉	12	HS第12章	183				none	0.0	unmapped
12089000	其他	其他	120890	其他	12	HS第12章	183				none	0.0	unmapped
12091000	糖甜菜子	糖甜菜子	120910	糖甜菜子	12	HS第12章	183				none	0.0	unmapped
12092100	饲料植物种子： 紫苜蓿子	饲料植物种子： 紫苜蓿子	120921	饲料植物种子： / 紫苜蓿子	12	HS第12章	183				none	0.0	unmapped
12092200	三叶草子	三叶草子	120922	饲料植物种子： / 三叶草子	12	HS第12章	183				none	0.0	unmapped
12092300	羊茅子	羊茅子	120923	饲料植物种子： / 羊茅子	12	HS第12章	184				none	0.0	unmapped
12092400	草地早熟禾子	草地早熟禾子	120924	饲料植物种子： / 草地早熟禾子	12	HS第12章	184				none	0.0	unmapped
12092500	黑麦草种子	黑麦草种子	120925	饲料植物种子： / 黑麦草种子	12	HS第12章	184				none	0.0	unmapped
12092910	其他： 甜菜子，糖甜菜子除外	其他： 甜菜子，糖甜菜子除外	120929	饲料植物种子： / 其他	12	HS第12章	184				none	0.0	unmapped
12092990	其他	其他	120929	饲料植物种子： / 其他	12	HS第12章	184				none	0.0	unmapped
12093000	草本花卉植物种子	草本花卉植物种子	120930	草本花卉植物种子	12	HS第12章	184				none	0.0	unmapped
12099110	其他： --蔬菜种子： 胡萝卜种子	其他： --蔬菜种子： 胡萝卜种子	120991	其他： / 蔬菜种子	12	HS第12章	184				none	0.0	unmapped
12099120	西兰花种子	西兰花种子	120991	其他： / 蔬菜种子	12	HS第12章	184				none	0.0	unmapped
12099130	番茄种子	番茄种子	120991	其他： / 蔬菜种子	12	HS第12章	184				none	0.0	unmapped
12099140	洋葱种子	洋葱种子	120991	其他： / 蔬菜种子	12	HS第12章	184				none	0.0	unmapped
12099150	菠菜种子	菠菜种子	120991	其他： / 蔬菜种子	12	HS第12章	185				none	0.0	unmapped
12099190	其他	其他	120991	其他： / 蔬菜种子	12	HS第12章	185				none	0.0	unmapped
12099900	其他	其他	120999	其他： / 其他	12	HS第12章	185				none	0.0	unmapped
12101000	啤酒花，未经研磨也未制成团粒	啤酒花，未经研磨也未制成团粒	121010	啤酒花，未经研磨也未制成团粒	12	HS第12章	185				none	0.0	unmapped
12102000	啤酒花，经研磨或制成团粒；蛇 麻腺	啤酒花，经研磨或制成团粒；蛇 麻腺	121020	啤酒花，经研磨或制成团粒；蛇	12	HS第12章	185				none	0.0	unmapped
12112011	人参： ---西洋参： 鲜的或干的	人参： ---西洋参： 鲜的或干的	121120	人参	12	HS第12章	185				none	0.0	unmapped
12112019	西洋参： 其他	西洋参： 其他	121120	人参	12	HS第12章	185				none	0.0	unmapped
12112021	野生人参（西洋参除外）： 鲜的或干的	野生人参（西洋参除外）： 鲜的或干的	121120	人参	12	HS第12章	186				none	0.0	unmapped
12112029	野生人参（西洋参除外）： 其他	野生人参（西洋参除外）： 其他	121120	人参	12	HS第12章	186				none	0.0	unmapped
12112031	林下山参（西洋参除外）： 鲜的	林下山参（西洋参除外）： 鲜的	121120	人参	12	HS第12章	186				none	0.0	unmapped
12112032	林下山参（西洋参除外）： 干的	林下山参（西洋参除外）： 干的	121120	人参	12	HS第12章	186				none	0.0	unmapped
12112039	林下山参（西洋参除外）： 其他	林下山参（西洋参除外）： 其他	121120	人参	12	HS第12章	186				none	0.0	unmapped
12112091	其他： 鲜的	其他： 鲜的	121120	人参	12	HS第12章	186				none	0.0	unmapped
12112092	其他： 干的	其他： 干的	121120	人参	12	HS第12章	187				none	0.0	unmapped
12112099	其他： 其他	其他： 其他	121120	人参	12	HS第12章	187				none	0.0	unmapped
12113000	古柯叶	古柯叶	121130	古柯叶	12	HS第12章	187				none	0.0	unmapped
12114000	罂粟秆	罂粟秆	121140	罂粟秆	12	HS第12章	187				none	0.0	unmapped
12115000	麻黄	麻黄	121150	麻黄	12	HS第12章	187				none	0.0	unmapped
12116000	非洲李的树皮	非洲李的树皮	121160	非洲李的树皮	12	HS第12章	187				none	0.0	unmapped
12119011	其他： ---主要用作药料的植物及其某部 分： 当归	其他： ---主要用作药料的植物及其某部 分： 当归	121190	其他	12	HS第12章	187				none	0.0	unmapped
12119012	主要用作药料的植物及其某部 分： 三七（田七）	主要用作药料的植物及其某部 分： 三七（田七）	121190	其他	12	HS第12章	188				none	0.0	unmapped
12119013	主要用作药料的植物及其某部 分： 党参	主要用作药料的植物及其某部 分： 党参	121190	其他	12	HS第12章	188				none	0.0	unmapped
12119014	主要用作药料的植物及其某部 分： 黄连	主要用作药料的植物及其某部 分： 黄连	121190	其他	12	HS第12章	188				none	0.0	unmapped
12119015	主要用作药料的植物及其某部 分： 菊花	主要用作药料的植物及其某部 分： 菊花	121190	其他	12	HS第12章	188				none	0.0	unmapped
12119016	主要用作药料的植物及其某部 分： 冬虫夏草	主要用作药料的植物及其某部 分： 冬虫夏草	121190	其他	12	HS第12章	188				none	0.0	unmapped
12119017	主要用作药料的植物及其某部 分： 贝母	主要用作药料的植物及其某部 分： 贝母	121190	其他	12	HS第12章	188				none	0.0	unmapped
12119018	主要用作药料的植物及其某部 分： 川芎	主要用作药料的植物及其某部 分： 川芎	121190	其他	12	HS第12章	188				none	0.0	unmapped
12119019	主要用作药料的植物及其某部 分： 半夏	主要用作药料的植物及其某部 分： 半夏	121190	其他	12	HS第12章	188				none	0.0	unmapped
12119021	主要用作药料的植物及其某部 分： 白芍	主要用作药料的植物及其某部 分： 白芍	121190	其他	12	HS第12章	188				none	0.0	unmapped
12119022	主要用作药料的植物及其某部 分： 天麻	主要用作药料的植物及其某部 分： 天麻	121190	其他	12	HS第12章	189				none	0.0	unmapped
12119023	主要用作药料的植物及其某部 分： 黄芪	主要用作药料的植物及其某部 分： 黄芪	121190	其他	12	HS第12章	189				none	0.0	unmapped
12119024	主要用作药料的植物及其某部 分： 大黄、籽黄	主要用作药料的植物及其某部 分： 大黄、籽黄	121190	其他	12	HS第12章	189				none	0.0	unmapped
12119025	主要用作药料的植物及其某部 分： 白术	主要用作药料的植物及其某部 分： 白术	121190	其他	12	HS第12章	189				none	0.0	unmapped
12119026	主要用作药料的植物及其某部 分： 地黄	主要用作药料的植物及其某部 分： 地黄	121190	其他	12	HS第12章	189				none	0.0	unmapped
12119027	主要用作药料的植物及其某部 分： 槐米	主要用作药料的植物及其某部 分： 槐米	121190	其他	12	HS第12章	189				none	0.0	unmapped
12119028	主要用作药料的植物及其某部 分： 杜仲	主要用作药料的植物及其某部 分： 杜仲	121190	其他	12	HS第12章	189				none	0.0	unmapped
12119029	主要用作药料的植物及其某部 分： 茯苓	主要用作药料的植物及其某部 分： 茯苓	121190	其他	12	HS第12章	189				none	0.0	unmapped
12119031	主要用作药料的植物及其某部 分： 枸杞	主要用作药料的植物及其某部 分： 枸杞	121190	其他	12	HS第12章	189				none	0.0	unmapped
12119032	主要用作药料的植物及其某部 分： 胖大海	主要用作药料的植物及其某部 分： 胖大海	121190	其他	12	HS第12章	190				none	0.0	unmapped
12119033	主要用作药料的植物及其某部 分： 沉香	主要用作药料的植物及其某部 分： 沉香	121190	其他	12	HS第12章	190				none	0.0	unmapped
12119034	主要用作药料的植物及其某部 分： 沙参	主要用作药料的植物及其某部 分： 沙参	121190	其他	12	HS第12章	190				none	0.0	unmapped
12119035	主要用作药料的植物及其某部 分： 青蒿	主要用作药料的植物及其某部 分： 青蒿	121190	其他	12	HS第12章	190				none	0.0	unmapped
12119036	主要用作药料的植物及其某部 分： 甘草	主要用作药料的植物及其某部 分： 甘草	121190	其他	12	HS第12章	190				none	0.0	unmapped
12119037	主要用作药料的植物及其某部 分： 黄芩	主要用作药料的植物及其某部 分： 黄芩	121190	其他	12	HS第12章	190				none	0.0	unmapped
12119038	主要用作药料的植物及其某部 分： 椴树（欧椴）花及叶	主要用作药料的植物及其某部 分： 椴树（欧椴）花及叶	121190	其他	12	HS第12章	190				none	0.0	unmapped
12119039	主要用作药料的植物及其某部 分： 其他 种用牛蒡	主要用作药料的植物及其某部 分： 其他 种用牛蒡	121190	其他	12	HS第12章	190				none	0.0	unmapped
12119050	主要用作香料的植物及其某部 分	主要用作香料的植物及其某部 分	121190	其他	12	HS第12章	190				none	0.0	unmapped
12119091	其他： 鱼藤根、除虫菊	其他： 鱼藤根、除虫菊	121190	其他	12	HS第12章	191				none	0.0	unmapped
12119099	其他： 其他	其他： 其他	121190	其他	12	HS第12章	191				none	0.0	unmapped
12122110	海草及其他藻类： --适合供人食用的： 海带	海草及其他藻类： --适合供人食用的： 海带	121221	海草及其他藻类： / 适合供人食用的	12	HS第12章	191				none	0.0	unmapped
12122120	发菜	发菜	121221	海草及其他藻类： / 适合供人食用的	12	HS第12章	191				none	0.0	unmapped
12122131	裙带菜： 干的	裙带菜： 干的	121221	海草及其他藻类： / 适合供人食用的	12	HS第12章	191				none	0.0	unmapped
12122132	裙带菜： 鲜的	裙带菜： 鲜的	121221	海草及其他藻类： / 适合供人食用的	12	HS第12章	192				none	0.0	unmapped
12122139	裙带菜： 其他	裙带菜： 其他	121221	海草及其他藻类： / 适合供人食用的	12	HS第12章	192				none	0.0	unmapped
12122141	紫菜： 干的	紫菜： 干的	121221	海草及其他藻类： / 适合供人食用的	12	HS第12章	192				none	0.0	unmapped
12122142	紫菜： 鲜的	紫菜： 鲜的	121221	海草及其他藻类： / 适合供人食用的	12	HS第12章	192				none	0.0	unmapped
12122149	紫菜： 其他	紫菜： 其他	121221	海草及其他藻类： / 适合供人食用的	12	HS第12章	192				none	0.0	unmapped
12122161	麒麟菜： 干的	麒麟菜： 干的	121221	海草及其他藻类： / 适合供人食用的	12	HS第12章	193				none	0.0	unmapped
12122169	麒麟菜： 其他	麒麟菜： 其他	121221	海草及其他藻类： / 适合供人食用的	12	HS第12章	193				none	0.0	unmapped
12122171	江蓠： 干的	江蓠： 干的	121221	海草及其他藻类： / 适合供人食用的	12	HS第12章	193				none	0.0	unmapped
12122179	江蓠： 其他	江蓠： 其他	121221	海草及其他藻类： / 适合供人食用的	12	HS第12章	193				none	0.0	unmapped
12122190	其他	其他	121221	海草及其他藻类： / 适合供人食用的	12	HS第12章	193				none	0.0	unmapped
12122910	马尾藻	马尾藻	121229	海草及其他藻类： / 其他	12	HS第12章	194				none	0.0	unmapped
12122990	其他	其他	121229	海草及其他藻类： / 其他	12	HS第12章	194				none	0.0	unmapped
12129100	其他： 甜菜	其他： 甜菜	121291	其他： / 甜菜	12	HS第12章	194				none	0.0	unmapped
12129200	刺槐豆	刺槐豆	121292	其他： / 刺槐豆	12	HS第12章	194				none	0.0	unmapped
12129300	甘蔗	甘蔗	121293	其他： / 甘蔗	12	HS第12章	194				none	0.0	unmapped
12129400	菊苣根	菊苣根	121294	其他： / 菊苣根	12	HS第12章	194				none	0.0	unmapped
12129911	杏、桃（包括油桃）、梅或李的 核及核仁： 苦杏仁	杏、桃（包括油桃）、梅或李的 核及核仁： 苦杏仁	121299	其他	12	HS第12章	195				none	0.0	unmapped
12129912	杏、桃（包括油桃）、梅或李的 核及核仁： 甜杏仁	杏、桃（包括油桃）、梅或李的 核及核仁： 甜杏仁	121299	其他	12	HS第12章	195				none	0.0	unmapped
12129919	杏、桃（包括油桃）、梅或李的 核及核仁： 其他	杏、桃（包括油桃）、梅或李的 核及核仁： 其他	121299	其他	12	HS第12章	195				none	0.0	unmapped
12129993	其他： 白瓜子	其他： 白瓜子	121299	其他	12	HS第12章	195				none	0.0	unmapped
12129994	其他： 莲子	其他： 莲子	121299	其他	12	HS第12章	195				none	0.0	unmapped
12129996	其他： 甜叶菊叶	其他： 甜叶菊叶	121299	其他	12	HS第12章	195				none	0.0	unmapped
12129999	其他： 其他	其他： 其他	121299	其他	12	HS第12章	196				none	0.0	unmapped
12130000	未经处理的谷类植物的茎、秆及 谷壳，不论是否切碎、碾磨、挤 压或制成团粒	未经处理的谷类植物的茎、秆及 谷壳，不论是否切碎、碾磨、挤 压或制成团粒	121300	未经处理的谷类植物的茎、秆及 谷壳，不论是否切碎、碾磨、挤 压或制成团粒	12	HS第12章	196				none	0.0	unmapped
12141000	紫苜蓿粗粉及团粒	紫苜蓿粗粉及团粒	121410	紫苜蓿粗粉及团粒	12	HS第12章	196				none	0.0	unmapped
12149000	其他 其他紫苜蓿（粗粉及团粒除外） 以除紫苜蓿外的禾本科和豆科为 主的多种混合天然饲草	其他 其他紫苜蓿（粗粉及团粒除外） 以除紫苜蓿外的禾本科和豆科为 主的多种混合天然饲草	121490	其他	12	HS第12章	196				none	0.0	unmapped
13012000	阿拉伯胶	阿拉伯胶	130120	阿拉伯胶	13	HS第13章	197				none	0.0	unmapped
13019010	其他： 胶黄耆树胶（卡喇杆胶）	其他： 胶黄耆树胶（卡喇杆胶）	130190	其他	13	HS第13章	197				none	0.0	unmapped
13019020	乳香、没药及血竭	乳香、没药及血竭	130190	其他	13	HS第13章	197				none	0.0	unmapped
13019030	阿魏	阿魏	130190	其他	13	HS第13章	197				none	0.0	unmapped
13019040	松脂	松脂	130190	其他	13	HS第13章	198				none	0.0	unmapped
13019090	其他	其他	130190	其他	13	HS第13章	198				none	0.0	unmapped
13021100	植物液汁及浸膏： 鸦片	植物液汁及浸膏： 鸦片	130211	植物液汁及浸膏： / 鸦片	13	HS第13章	198				none	0.0	unmapped
13021200	甘草的	甘草的	130212	植物液汁及浸膏： / 甘草的	13	HS第13章	198				none	0.0	unmapped
13021300	啤酒花的	啤酒花的	130213	植物液汁及浸膏： / 啤酒花的	13	HS第13章	198				none	0.0	unmapped
13021400	麻黄的	麻黄的	130214	植物液汁及浸膏： / 麻黄的	13	HS第13章	198				none	0.0	unmapped
13021910	生漆	生漆	130219	植物液汁及浸膏： / 其他	13	HS第13章	199				none	0.0	unmapped
13021920	印楝素	印楝素	130219	植物液汁及浸膏： / 其他	13	HS第13章	199				none	0.0	unmapped
13021930	除虫菊的或含鱼藤酮植物根茎 的	除虫菊的或含鱼藤酮植物根茎 的	130219	植物液汁及浸膏： / 其他	13	HS第13章	199				none	0.0	unmapped
13021940	银杏的	银杏的	130219	植物液汁及浸膏： / 其他	13	HS第13章	199				none	0.0	unmapped
13021990	其他	其他	130219	植物液汁及浸膏： / 其他	13	HS第13章	199				none	0.0	unmapped
13022000	果胶、果胶酸盐及果胶酸酯	果胶、果胶酸盐及果胶酸酯	130220	果胶、果胶酸盐及果胶酸酯	13	HS第13章	199				none	0.0	unmapped
13023100	琼脂	琼脂	130231	从植物产品制得的胶液及增稠 剂，不论是否改性： / 琼脂	13	HS第13章	200				none	0.0	unmapped
13023200	从刺槐豆、刺槐豆子或瓜尔豆制 得的胶液及增稠剂，不论是否改 性	从刺槐豆、刺槐豆子或瓜尔豆制 得的胶液及增稠剂，不论是否改 性	130232	从植物产品制得的胶液及增稠 剂，不论是否改性： / 从刺槐豆、刺槐豆子或瓜尔豆制	13	HS第13章	200				none	0.0	unmapped
13023911	其他： ---海草及其他藻类制品： 卡拉胶	其他： ---海草及其他藻类制品： 卡拉胶	130239	从植物产品制得的胶液及增稠 剂，不论是否改性： / 其他	13	HS第13章	200				none	0.0	unmapped
13023912	海草及其他藻类制品： 褐藻胶	海草及其他藻类制品： 褐藻胶	130239	从植物产品制得的胶液及增稠 剂，不论是否改性： / 其他	13	HS第13章	200				none	0.0	unmapped
13023919	海草及其他藻类制品： 其他	海草及其他藻类制品： 其他	130239	从植物产品制得的胶液及增稠 剂，不论是否改性： / 其他	13	HS第13章	200				none	0.0	unmapped
13023990	其他	其他	130239	从植物产品制得的胶液及增稠 剂，不论是否改性： / 其他	13	HS第13章	200				none	0.0	unmapped
14011000	竹	竹	140110	竹	14	HS第14章	201				none	0.0	unmapped
14012000	藤	藤	140120	藤	14	HS第14章	201				none	0.0	unmapped
14019010	其他： 谷类植物的茎秆（麦秸除外）	其他： 谷类植物的茎秆（麦秸除外）	140190	其他	14	HS第14章	201				none	0.0	unmapped
14019020	芦苇	芦苇	140190	其他	14	HS第14章	201				none	0.0	unmapped
14019031	灯芯草属： 蔺草	灯芯草属： 蔺草	140190	其他	14	HS第14章	202				none	0.0	unmapped
14019039	灯芯草属： 其他	灯芯草属： 其他	140190	其他	14	HS第14章	202				none	0.0	unmapped
14019090	其他	其他	140190	其他	14	HS第14章	202				none	0.0	unmapped
14042000	棉短绒	棉短绒	140420	棉短绒	14	HS第14章	202				none	0.0	unmapped
14049010	其他： 主要供染料、鞣料用的植物原 料	其他： 主要供染料、鞣料用的植物原 料	140490	其他	14	HS第14章	202				none	0.0	unmapped
14049090	其他 椰糠（条/块）	其他 椰糠（条/块）	140490	其他	14	HS第14章	202				none	0.0	unmapped
15011000	猪油	猪油	150110	猪油	15	HS第15章	203				none	0.0	unmapped
15012000	其他猪脂肪	其他猪脂肪	150120	其他猪脂肪	15	HS第15章	203				none	0.0	unmapped
15019000	其他	其他	150190	其他	15	HS第15章	204				none	0.0	unmapped
15021000	牛、羊油脂	牛、羊油脂	150210	牛、羊油脂	15	HS第15章	204				none	0.0	unmapped
15029000	其他	其他	150290	其他	15	HS第15章	204				none	0.0	unmapped
15030000	猪油硬脂、液体猪油、油硬脂、 食用或非食用脂油，未经乳化、 混合或其他方法制作	猪油硬脂、液体猪油、油硬脂、 食用或非食用脂油，未经乳化、 混合或其他方法制作	150300	猪油硬脂、液体猪油、油硬脂、 食用或非食用脂油，未经乳化、 混合或其他方法制作	15	HS第15章	204				none	0.0	unmapped
15041000	鱼肝油及其分离品	鱼肝油及其分离品	150410	鱼肝油及其分离品	15	HS第15章	204				none	0.0	unmapped
15042000	除鱼肝油以外的鱼油、脂及其分 离品 鱼油软胶囊	除鱼肝油以外的鱼油、脂及其分 离品 鱼油软胶囊	150420	除鱼肝油以外的鱼油、脂及其分	15	HS第15章	204				none	0.0	unmapped
15043000	海生哺乳动物的油、脂及其分离 品	海生哺乳动物的油、脂及其分离 品	150430	海生哺乳动物的油、脂及其分离	15	HS第15章	205				none	0.0	unmapped
15050000	羊毛脂及从羊毛脂制得的脂肪物 质（包括纯净的羊毛脂）	羊毛脂及从羊毛脂制得的脂肪物 质（包括纯净的羊毛脂）	150500	羊毛脂及从羊毛脂制得的脂肪物 质（包括纯净的羊毛脂）	15	HS第15章	205				none	0.0	unmapped
15060000	其他动物油、脂及其分离品，不 论是否精制，但未经化学改性	其他动物油、脂及其分离品，不 论是否精制，但未经化学改性	150600	其他动物油、脂及其分离品，不 论是否精制，但未经化学改性	15	HS第15章	205				none	0.0	unmapped
15071000	初榨的，不论是否脱胶	初榨的，不论是否脱胶	150710	初榨的，不论是否脱胶	15	HS第15章	205				none	0.0	unmapped
15079000	其他	其他	150790	其他	15	HS第15章	205				none	0.0	unmapped
15081000	初榨的	初榨的	150810	初榨的	15	HS第15章	205				none	0.0	unmapped
15089000	其他	其他	150890	其他	15	HS第15章	205				none	0.0	unmapped
15092000	特级初榨油橄榄油	特级初榨油橄榄油	150920	特级初榨油橄榄油	15	HS第15章	205				none	0.0	unmapped
15093000	初榨油橄榄油	初榨油橄榄油	150930	初榨油橄榄油	15	HS第15章	205				none	0.0	unmapped
15094000	其他初榨油橄榄油	其他初榨油橄榄油	150940	其他初榨油橄榄油	15	HS第15章	205				none	0.0	unmapped
15099000	其他	其他	150990	其他	15	HS第15章	205				none	0.0	unmapped
15101000	粗提油橄榄果渣油	粗提油橄榄果渣油	151010	粗提油橄榄果渣油	15	HS第15章	206				none	0.0	unmapped
15109000	其他	其他	151090	其他	15	HS第15章	206				none	0.0	unmapped
15111000	初榨的	初榨的	151110	初榨的	15	HS第15章	206				none	0.0	unmapped
15119010	其他： 棕榈液油（熔点19摄氏度—24 摄氏度）	其他： 棕榈液油（熔点19摄氏度—24 摄氏度）	151190	其他	15	HS第15章	206				none	0.0	unmapped
15119020	棕榈硬脂（熔点44摄氏度—56 摄氏度） 固态棕榈硬脂（50摄氏度≤熔点 ≤56摄氏度）	棕榈硬脂（熔点44摄氏度—56 摄氏度） 固态棕榈硬脂（50摄氏度≤熔点 ≤56摄氏度）	151190	其他	15	HS第15章	206				none	0.0	unmapped
15119090	其他	其他	151190	其他	15	HS第15章	206				none	0.0	unmapped
15121100	葵花油或红花油及其分离品： 初榨的	葵花油或红花油及其分离品： 初榨的	151211	葵花油或红花油及其分离品： / 初榨的	15	HS第15章	206				none	0.0	unmapped
15121900	其他	其他	151219	葵花油或红花油及其分离品： / 其他	15	HS第15章	206				none	0.0	unmapped
15122100	棉子油及其分离品： 初榨的，不论是否去除棉子酚	棉子油及其分离品： 初榨的，不论是否去除棉子酚	151221	棉子油及其分离品： / 初榨的，不论是否去除棉子酚	15	HS第15章	206				none	0.0	unmapped
15122900	其他	其他	151229	棉子油及其分离品： / 其他	15	HS第15章	206				none	0.0	unmapped
15131100	椰子油及其分离品： 初榨的	椰子油及其分离品： 初榨的	151311	椰子油及其分离品： / 初榨的	15	HS第15章	206				none	0.0	unmapped
15131900	其他	其他	151319	椰子油及其分离品： / 其他	15	HS第15章	206				none	0.0	unmapped
15132100	棕榈仁油或巴巴苏棕榈果油及 其分离品： 初榨的	棕榈仁油或巴巴苏棕榈果油及 其分离品： 初榨的	151321	棕榈仁油或巴巴苏棕榈果油及 其分离品： / 初榨的	15	HS第15章	206				none	0.0	unmapped
15132900	其他	其他	151329	棕榈仁油或巴巴苏棕榈果油及 其分离品： / 其他	15	HS第15章	206				none	0.0	unmapped
15141100	低芥子酸菜子油及其分离品： 初榨的	低芥子酸菜子油及其分离品： 初榨的	151411	低芥子酸菜子油及其分离品： / 初榨的	15	HS第15章	207				none	0.0	unmapped
15141900	其他	其他	151419	低芥子酸菜子油及其分离品： / 其他	15	HS第15章	207				none	0.0	unmapped
15149110	其他： --初榨的： 菜子油	其他： --初榨的： 菜子油	151491	其他： / 初榨的	15	HS第15章	207				none	0.0	unmapped
15149190	芥子油	芥子油	151491	其他： / 初榨的	15	HS第15章	207				none	0.0	unmapped
15149900	其他	其他	151499	其他： / 其他	15	HS第15章	207				none	0.0	unmapped
15151100	亚麻子油及其分离品： 初榨的	亚麻子油及其分离品： 初榨的	151511	亚麻子油及其分离品： / 初榨的	15	HS第15章	207				none	0.0	unmapped
15151900	其他	其他	151519	亚麻子油及其分离品： / 其他	15	HS第15章	207				none	0.0	unmapped
15152100	玉米油及其分离品： 初榨的	玉米油及其分离品： 初榨的	151521	玉米油及其分离品： / 初榨的	15	HS第15章	207				none	0.0	unmapped
15152900	其他	其他	151529	玉米油及其分离品： / 其他	15	HS第15章	207				none	0.0	unmapped
15153000	蓖麻油及其分离品	蓖麻油及其分离品	151530	蓖麻油及其分离品	15	HS第15章	207				none	0.0	unmapped
15155000	芝麻油及其分离品	芝麻油及其分离品	151550	芝麻油及其分离品	15	HS第15章	207				none	0.0	unmapped
15156000	微生物油、脂及其分离品	微生物油、脂及其分离品	151560	微生物油、脂及其分离品	15	HS第15章	207				none	0.0	unmapped
15159010	希蒙得木油及其分离品	希蒙得木油及其分离品	151590	其他	15	HS第15章	208				none	0.0	unmapped
15159020	印楝油及其分离品	印楝油及其分离品	151590	其他	15	HS第15章	208				none	0.0	unmapped
15159030	桐油及其分离品	桐油及其分离品	151590	其他	15	HS第15章	208				none	0.0	unmapped
15159040	茶籽油及其分离品	茶籽油及其分离品	151590	其他	15	HS第15章	208				none	0.0	unmapped
15159090	其他	其他	151590	其他	15	HS第15章	208				none	0.0	unmapped
15161000	动物油、脂及其分离品	动物油、脂及其分离品	151610	动物油、脂及其分离品	15	HS第15章	208				none	0.0	unmapped
15162000	植物油、脂及其分离品	植物油、脂及其分离品	151620	植物油、脂及其分离品	15	HS第15章	208				none	0.0	unmapped
15163000	微生物油、脂及其分离品	微生物油、脂及其分离品	151630	微生物油、脂及其分离品	15	HS第15章	209				none	0.0	unmapped
15171000	人造黄油，但不包括液态的	人造黄油，但不包括液态的	151710	人造黄油，但不包括液态的	15	HS第15章	209				none	0.0	unmapped
15179010	其他： 起酥油	其他： 起酥油	151790	其他	15	HS第15章	209				none	0.0	unmapped
15179090	其他	其他	151790	其他	15	HS第15章	209				none	0.0	unmapped
15180000	动、植物或微生物油、脂及其分 离品，经过熟炼、氧化、脱水、 硫化、吹制或在真空、惰性气体 中加热聚合及用其他化学方法改 性的，但税目15.16的产品除外； 本章各种油、脂及其分离品混合 制成的其他税号未列名的非食用 油、脂或制品	动、植物或微生物油、脂及其分 离品，经过熟炼、氧化、脱水、 硫化、吹制或在真空、惰性气体 中加热聚合及用其他化学方法改 性的，但税目15.16的产品除外； 本章各种油、脂及其分离品混合 制成的其他税号未列名的非食用 油、脂或制品	151800	动、植物或微生物油、脂及其分 离品，经过熟练、氧化、脱水、 硫化、吹制或在真空、惰性气体 中加热聚合及用其他化学方法改 性的，但税目15.16的产品除外； 本章各种油、脂及其分离品混合 制成的其他税目未列名的非食用 油、脂或制品	15	HS第15章	209				none	0.0	unmapped
15200000	粗甘油；甘油水及甘油碱液	粗甘油；甘油水及甘油碱液	152000	粗甘油；甘油水及甘油碱液	15	HS第15章	210				none	0.0	unmapped
15211000	植物蜡	植物蜡	152110	植物蜡	15	HS第15章	210				none	0.0	unmapped
15219010	其他： 蜂蜡	其他： 蜂蜡	152190	其他	15	HS第15章	210				none	0.0	unmapped
15219090	其他	其他	152190	其他	15	HS第15章	210				none	0.0	unmapped
15220000	油鞣回收脂；加工处理油脂物质 及动、植物蜡所剩的残渣	油鞣回收脂；加工处理油脂物质 及动、植物蜡所剩的残渣	152200	油鞣回收脂；加工处理油脂物质 及动、植物蜡所剩的残渣	15	HS第15章	210				none	0.0	unmapped
16010010	用天然肠衣做外包装的香肠及 类似产品	用天然肠衣做外包装的香肠及 类似产品	160100	肉、食用杂碎、动物血或昆虫制 成的香肠及类似产品；用香肠制 成的食品	16	HS第16章	211				none	0.0	unmapped
16010020	其他香肠及类似产品	其他香肠及类似产品	160100	肉、食用杂碎、动物血或昆虫制 成的香肠及类似产品；用香肠制 成的食品	16	HS第16章	211				none	0.0	unmapped
16010030	用香肠制成的食品	用香肠制成的食品	160100	肉、食用杂碎、动物血或昆虫制 成的香肠及类似产品；用香肠制 成的食品	16	HS第16章	211				none	0.0	unmapped
16021000	均化食品	均化食品	160210	均化食品	16	HS第16章	212				none	0.0	unmapped
16022000	动物肝	动物肝	160220	动物肝	16	HS第16章	212				none	0.0	unmapped
16023100	税目01.05的家禽的： 火鸡的	税目01.05的家禽的： 火鸡的	160231	税目01.05的家禽的： / 火鸡的	16	HS第16章	212				none	0.0	unmapped
16023210	鸡的： 罐头	鸡的： 罐头	160232	税目01.05的家禽的： / 鸡的	16	HS第16章	212				none	0.0	unmapped
16023291	其他： 鸡胸肉	其他： 鸡胸肉	160232	税目01.05的家禽的： / 鸡的	16	HS第16章	212				none	0.0	unmapped
16023292	其他： 鸡腿肉	其他： 鸡腿肉	160232	税目01.05的家禽的： / 鸡的	16	HS第16章	212				none	0.0	unmapped
16023299	其他： 其他	其他： 其他	160232	税目01.05的家禽的： / 鸡的	16	HS第16章	212				none	0.0	unmapped
16023910	罐头	罐头	160239	税目01.05的家禽的： / 其他	16	HS第16章	213				none	0.0	unmapped
16023991	其他： 鸭的	其他： 鸭的	160239	税目01.05的家禽的： / 其他	16	HS第16章	213				none	0.0	unmapped
16023999	其他： 其他	其他： 其他	160239	税目01.05的家禽的： / 其他	16	HS第16章	213				none	0.0	unmapped
16024100	猪的： 后腿及其肉块	猪的： 后腿及其肉块	160241	猪的： / 后腿及其肉块	16	HS第16章	213				none	0.0	unmapped
16024200	前腿及其肉块	前腿及其肉块	160242	猪的： / 前腿及其肉块	16	HS第16章	213				none	0.0	unmapped
16024910	其他，包括混合的肉： 罐头	其他，包括混合的肉： 罐头	160249	猪的： / 其他，包括混合的肉	16	HS第16章	213				none	0.0	unmapped
16024990	其他	其他	160249	猪的： / 其他，包括混合的肉	16	HS第16章	213				none	0.0	unmapped
16025010	罐头	罐头	160250	牛的	16	HS第16章	214				none	0.0	unmapped
16025090	其他	其他	160250	牛的	16	HS第16章	214				none	0.0	unmapped
16029010	其他，包括动物血的食品： 罐头	其他，包括动物血的食品： 罐头	160290	其他，包括动物血的食品	16	HS第16章	214				none	0.0	unmapped
16029090	其他	其他	160290	其他，包括动物血的食品	16	HS第16章	214				none	0.0	unmapped
16030000	肉、鱼、甲壳动物、软体动物或 其他水生无脊椎动物的精及汁	肉、鱼、甲壳动物、软体动物或 其他水生无脊椎动物的精及汁	160300	肉、鱼、甲壳动物、软体动物或 其他水生无脊椎动物的精及汁	16	HS第16章	214				none	0.0	unmapped
16041110	鱼，整条或切块，但未绞碎： --鲑鱼： 大西洋鲑鱼	鱼，整条或切块，但未绞碎： --鲑鱼： 大西洋鲑鱼	160411	鱼，整条或切块，但未绞碎： / 鲑鱼	16	HS第16章	214				none	0.0	unmapped
16041190	其他	其他	160411	鱼，整条或切块，但未绞碎： / 鲑鱼	16	HS第16章	215				none	0.0	unmapped
16041200	鲱鱼	鲱鱼	160412	鱼，整条或切块，但未绞碎： / 鲱鱼	16	HS第16章	215				none	0.0	unmapped
16041300	沙丁鱼、小沙丁鱼属、黍鲱或西 鲱	沙丁鱼、小沙丁鱼属、黍鲱或西 鲱	160413	鱼，整条或切块，但未绞碎： / 沙丁鱼、小沙丁鱼属、黍鲱或西	16	HS第16章	215				none	0.0	unmapped
16041400	金枪鱼、鲣及狐鲣（狐鲣属）	金枪鱼、鲣及狐鲣（狐鲣属）	160414	鱼，整条或切块，但未绞碎： / 金枪鱼、鲣及狐鲣（狐鲣属）	16	HS第16章	215				none	0.0	unmapped
16041500	鲭鱼	鲭鱼	160415	鱼，整条或切块，但未绞碎： / 鲭鱼	16	HS第16章	215				none	0.0	unmapped
16041600	鳀鱼	鳀鱼	160416	鱼，整条或切块，但未绞碎： / 鳀鱼	16	HS第16章	215				none	0.0	unmapped
16041700	鳗鱼	鳗鱼	160417	鱼，整条或切块，但未绞碎： / 鳗鱼	16	HS第16章	215				none	0.0	unmapped
16041800	鲨鱼翅	鲨鱼翅	160418	鱼，整条或切块，但未绞碎： / 鲨鱼翅	16	HS第16章	216				none	0.0	unmapped
16041920	其他： 罗非鱼	其他： 罗非鱼	160419	鱼，整条或切块，但未绞碎： / 其他	16	HS第16章	216				none	0.0	unmapped
16041931	叉尾鮰鱼： 斑点叉尾鮰鱼	叉尾鮰鱼： 斑点叉尾鮰鱼	160419	鱼，整条或切块，但未绞碎： / 其他	16	HS第16章	216				none	0.0	unmapped
16041939	叉尾鮰鱼： 其他	叉尾鮰鱼： 其他	160419	鱼，整条或切块，但未绞碎： / 其他	16	HS第16章	216				none	0.0	unmapped
16041990	其他	其他	160419	鱼，整条或切块，但未绞碎： / 其他	16	HS第16章	216				none	0.0	unmapped
16042011	罐头： 鱼翅	罐头： 鱼翅	160420	其他制作或保藏的鱼	16	HS第16章	217				none	0.0	unmapped
16042019	罐头： 其他	罐头： 其他	160420	其他制作或保藏的鱼	16	HS第16章	217				none	0.0	unmapped
16042091	其他： 鱼翅	其他： 鱼翅	160420	其他制作或保藏的鱼	16	HS第16章	217				none	0.0	unmapped
16042099	其他： 其他	其他： 其他	160420	其他制作或保藏的鱼	16	HS第16章	217				none	0.0	unmapped
16043100	鲟鱼子酱及鲟鱼子酱代用品： 鲟鱼子酱	鲟鱼子酱及鲟鱼子酱代用品： 鲟鱼子酱	160431	鲟鱼子酱及鲟鱼子酱代用品： / 鲟鱼子酱	16	HS第16章	217				none	0.0	unmapped
16043200	鲟鱼子酱代用品	鲟鱼子酱代用品	160432	鲟鱼子酱及鲟鱼子酱代用品： / 鲟鱼子酱代用品	16	HS第16章	218				none	0.0	unmapped
16051000	蟹	蟹	160510	蟹	16	HS第16章	218				none	0.0	unmapped
16052100	小虾及对虾： 非密封包装	小虾及对虾： 非密封包装	160521	小虾及对虾： / 非密封包装	16	HS第16章	218				none	0.0	unmapped
16052900	其他	其他	160529	小虾及对虾： / 其他	16	HS第16章	218				none	0.0	unmapped
16053000	龙虾	龙虾	160530	龙虾	16	HS第16章	218				none	0.0	unmapped
16054011	其他甲壳动物： ---淡水小龙虾： 虾仁	其他甲壳动物： ---淡水小龙虾： 虾仁	160540	其他甲壳动物	16	HS第16章	218				none	0.0	unmapped
16054019	淡水小龙虾： 其他	淡水小龙虾： 其他	160540	其他甲壳动物	16	HS第16章	218				none	0.0	unmapped
16054090	其他	其他	160540	其他甲壳动物	16	HS第16章	218				none	0.0	unmapped
16055100	软体动物： 牡蛎（蚝）	软体动物： 牡蛎（蚝）	160551	软体动物： / 牡蛎（蚝）	16	HS第16章	218				none	0.0	unmapped
16055200	扇贝，包括海扇	扇贝，包括海扇	160552	软体动物： / 扇贝，包括海扇	16	HS第16章	219				none	0.0	unmapped
16055300	贻贝	贻贝	160553	软体动物： / 贻贝	16	HS第16章	219				none	0.0	unmapped
16055400	墨鱼及鱿鱼	墨鱼及鱿鱼	160554	软体动物： / 墨鱼及鱿鱼	16	HS第16章	219				none	0.0	unmapped
16055500	章鱼	章鱼	160555	软体动物： / 章鱼	16	HS第16章	219				none	0.0	unmapped
16055610	蛤、鸟蛤及舟贝： 蛤	蛤、鸟蛤及舟贝： 蛤	160556	软体动物： / 蛤、鸟蛤及舟贝	16	HS第16章	219				none	0.0	unmapped
16055620	鸟蛤及舟贝	鸟蛤及舟贝	160556	软体动物： / 蛤、鸟蛤及舟贝	16	HS第16章	219				none	0.0	unmapped
16055700	鲍鱼	鲍鱼	160557	软体动物： / 鲍鱼	16	HS第16章	219				none	0.0	unmapped
16055800	蜗牛及螺，海螺除外	蜗牛及螺，海螺除外	160558	软体动物： / 蜗牛及螺，海螺除外	16	HS第16章	219				none	0.0	unmapped
16055900	其他	其他	160559	软体动物： / 其他	16	HS第16章	219				none	0.0	unmapped
16056100	海参	海参	160561	软体动物： / 海参	16	HS第16章	220				none	0.0	unmapped
16056200	海胆	海胆	160562	软体动物： / 海胆	16	HS第16章	220				none	0.0	unmapped
16056300	海蜇	海蜇	160563	软体动物： / 海蜇	16	HS第16章	220				none	0.0	unmapped
16056900	其他	其他	160569	软体动物： / 其他	16	HS第16章	220				none	0.0	unmapped
17011200	未加香料或着色剂的原糖： 甜菜糖	未加香料或着色剂的原糖： 甜菜糖	170112	未加香料或着色剂的原糖： / 甜菜糖	17	HS第17章	221				none	0.0	unmapped
17011300	本章子目注释二所述的甘蔗糖	本章子目注释二所述的甘蔗糖	170113	未加香料或着色剂的原糖： / 本章子目注释二所述的甘蔗糖	17	HS第17章	221				none	0.0	unmapped
17011400	其他甘蔗糖	其他甘蔗糖	170114	未加香料或着色剂的原糖： / 其他甘蔗糖	17	HS第17章	221				none	0.0	unmapped
17019100	其他： 加有香料或着色剂	其他： 加有香料或着色剂	170191	其他： / 加有香料或着色剂	17	HS第17章	221				none	0.0	unmapped
17019910	其他： 砂糖	其他： 砂糖	170199	其他	17	HS第17章	221				none	0.0	unmapped
17019920	绵白糖	绵白糖	170199	其他	17	HS第17章	222				none	0.0	unmapped
17019990	其他	其他	170199	其他	17	HS第17章	222				none	0.0	unmapped
17021100	乳糖及乳糖浆： 按重量计干燥无水乳糖含量在 99％及以上	乳糖及乳糖浆： 按重量计干燥无水乳糖含量在 99％及以上	170211	乳糖及乳糖浆： / 按重量计干燥无水乳糖含量在	17	HS第17章	222				none	0.0	unmapped
17021900	其他	其他	170219	乳糖及乳糖浆： / 其他	17	HS第17章	222				none	0.0	unmapped
17022000	槭糖及槭糖浆	槭糖及槭糖浆	170220	槭糖及槭糖浆	17	HS第17章	222				none	0.0	unmapped
17023000	葡萄糖及葡萄糖浆，不含果糖或 按重量计干燥状态的果糖含量在 20％以下	葡萄糖及葡萄糖浆，不含果糖或 按重量计干燥状态的果糖含量在 20％以下	170230	葡萄糖及葡萄糖浆，不含果糖或	17	HS第17章	222				none	0.0	unmapped
17024000	葡萄糖及葡萄糖浆，按重量计干 燥状态的果糖含量在20％及以 上，但在50％以下，不包括转化 糖	葡萄糖及葡萄糖浆，按重量计干 燥状态的果糖含量在20％及以 上，但在50％以下，不包括转化 糖	170240	葡萄糖及葡萄糖浆，按重量计干	17	HS第17章	222				none	0.0	unmapped
17025000	化学纯果糖	化学纯果糖	170250	化学纯果糖	17	HS第17章	222				none	0.0	unmapped
17026000	其他果糖及果糖浆，按重量计干 燥状态的果糖含量在50％以上， 不包括转化糖	其他果糖及果糖浆，按重量计干 燥状态的果糖含量在50％以上， 不包括转化糖	170260	其他果糖及果糖浆，按重量计干	17	HS第17章	222				none	0.0	unmapped
17029011	甘蔗糖或甜菜糖水溶液；蔗糖 含量超过50%的甘蔗糖、甜菜糖 与其他糖的简单固体混合物： 甘蔗糖或甜菜糖水溶液	甘蔗糖或甜菜糖水溶液；蔗糖 含量超过50%的甘蔗糖、甜菜糖 与其他糖的简单固体混合物： 甘蔗糖或甜菜糖水溶液	170290	其他，包括转化糖及其他按重量 计干燥状态的果糖含量为50%的 糖及糖浆混合物	17	HS第17章	223				none	0.0	unmapped
17029012	甘蔗糖或甜菜糖水溶液；蔗糖 含量超过50%的甘蔗糖、甜菜糖 与其他糖的简单固体混合物： 蔗糖含量超过50%的甘蔗糖、 甜菜糖与其他糖的简单固体混合 物	甘蔗糖或甜菜糖水溶液；蔗糖 含量超过50%的甘蔗糖、甜菜糖 与其他糖的简单固体混合物： 蔗糖含量超过50%的甘蔗糖、 甜菜糖与其他糖的简单固体混合 物	170290	其他，包括转化糖及其他按重量 计干燥状态的果糖含量为50%的 糖及糖浆混合物	17	HS第17章	223				none	0.0	unmapped
17029090	其他	其他	170290	其他，包括转化糖及其他按重量 计干燥状态的果糖含量为50%的 糖及糖浆混合物	17	HS第17章	223				none	0.0	unmapped
17031000	甘蔗糖蜜	甘蔗糖蜜	170310	甘蔗糖蜜	17	HS第17章	223				none	0.0	unmapped
17039000	其他	其他	170390	其他	17	HS第17章	223				none	0.0	unmapped
17041000	口香糖，不论是否裹糖	口香糖，不论是否裹糖	170410	口香糖，不论是否裹糖	17	HS第17章	223				none	0.0	unmapped
17049000	其他	其他	170490	其他	17	HS第17章	223				none	0.0	unmapped
18010000	整颗或破碎的可可豆，生的或焙 炒的	整颗或破碎的可可豆，生的或焙 炒的	180100	整颗或破碎的可可豆，生的或焙 炒的	18	HS第18章	224				none	0.0	unmapped
18020000	可可荚、壳、皮及废料	可可荚、壳、皮及废料	180200	可可荚、壳、皮及废料	18	HS第18章	224				none	0.0	unmapped
18031000	未脱脂	未脱脂	180310	未脱脂	18	HS第18章	224				none	0.0	unmapped
18032000	全脱脂或部分脱脂	全脱脂或部分脱脂	180320	全脱脂或部分脱脂	18	HS第18章	224				none	0.0	unmapped
18040000	22∆10 可可脂、可可油	22∆10 可可脂、可可油	180400	可可脂、可可油	18	HS第18章	225				none	0.0	unmapped
18050000	未加糖或其他甜物质的可可粉	未加糖或其他甜物质的可可粉	180500	未加糖或其他甜物质的可可粉	18	HS第18章	225				none	0.0	unmapped
18061000	加糖或其他甜物质的可可粉	加糖或其他甜物质的可可粉	180610	加糖或其他甜物质的可可粉	18	HS第18章	225				none	0.0	unmapped
18062000	其他重量超过2千克的块状或条 状含可可食品，或液状、膏状、 粉状、粒状或其他散装形状的含 可可食品，容器包装或内包装每 件净重超过2千克的	其他重量超过2千克的块状或条 状含可可食品，或液状、膏状、 粉状、粒状或其他散装形状的含 可可食品，容器包装或内包装每 件净重超过2千克的	180620	其他重量超过2千克的块状或条	18	HS第18章	225				none	0.0	unmapped
18063100	其他块状或条状的含可可食品： 夹心	其他块状或条状的含可可食品： 夹心	180631	其他块状或条状的含可可食品： / 夹心	18	HS第18章	225				none	0.0	unmapped
18063200	不夹心	不夹心	180632	其他块状或条状的含可可食品： / 不夹心	18	HS第18章	226				none	0.0	unmapped
18069000	其他	其他	180690	其他	18	HS第18章	226				none	0.0	unmapped
19011010	供婴幼儿食用的零售包装食品： 配方奶粉 供婴幼儿食用的零售包装配方奶 粉（乳基特殊医学用途婴幼儿配 方食品除外） 乳基特殊医学用途婴幼儿配方食 品	供婴幼儿食用的零售包装食品： 配方奶粉 供婴幼儿食用的零售包装配方奶 粉（乳基特殊医学用途婴幼儿配 方食品除外） 乳基特殊医学用途婴幼儿配方食 品	190110	供婴幼儿食用的零售包装食品	19	HS第19章	227				none	0.0	unmapped
19011090	其他	其他	190110	供婴幼儿食用的零售包装食品	19	HS第19章	227				none	0.0	unmapped
19012000	供烘焙税目19.05所列面包糕饼 用的调制品及面团	供烘焙税目19.05所列面包糕饼 用的调制品及面团	190120	供烘焙税目19.05所列面包糕饼	19	HS第19章	228				none	0.0	unmapped
19019000	其他 乳基特殊医学用途配方食品	其他 乳基特殊医学用途配方食品	190190	其他	19	HS第19章	228				none	0.0	unmapped
19021100	生的面食，未包馅或未经其他方 法制作： 含蛋	生的面食，未包馅或未经其他方 法制作： 含蛋	190211	生的面食，未包馅或未经其他方 法制作： / 含蛋	19	HS第19章	228				none	0.0	unmapped
19021900	其他	其他	190219	生的面食，未包馅或未经其他方 法制作： / 其他	19	HS第19章	228				none	0.0	unmapped
19022000	包馅面食，不论是否烹煮或经其 他方法制作	包馅面食，不论是否烹煮或经其 他方法制作	190220	包馅面食，不论是否烹煮或经其	19	HS第19章	228				none	0.0	unmapped
19023010	米粉干	米粉干	190230	其他面食	19	HS第19章	229				none	0.0	unmapped
19023020	粉丝	粉丝	190230	其他面食	19	HS第19章	229				none	0.0	unmapped
19023030	即食或快熟面条	即食或快熟面条	190230	其他面食	19	HS第19章	229				none	0.0	unmapped
19023090	其他	其他	190230	其他面食	19	HS第19章	229				none	0.0	unmapped
19024000	古斯古斯面食	古斯古斯面食	190240	古斯古斯面食	19	HS第19章	229				none	0.0	unmapped
19030000	珍粉及淀粉制成的珍粉代用品， 片、粒、珠、粉或类似形状的	珍粉及淀粉制成的珍粉代用品， 片、粒、珠、粉或类似形状的	190300	珍粉及淀粉制成的珍粉代用品， 片、粒、珠、粉或类似形状的	19	HS第19章	230				none	0.0	unmapped
19041000	谷物或谷物产品经膨化或烘炒 制成的食品	谷物或谷物产品经膨化或烘炒 制成的食品	190410	谷物或谷物产品经膨化或烘炒	19	HS第19章	230				none	0.0	unmapped
19042000	未烘炒谷物片制成的食品及未 烘炒的谷物片与烘炒的谷物片或 膨化的谷物混合制成的食品	未烘炒谷物片制成的食品及未 烘炒的谷物片与烘炒的谷物片或 膨化的谷物混合制成的食品	190420	未烘炒谷物片制成的食品及未	19	HS第19章	230				none	0.0	unmapped
19043000	碾碎的干小麦	碾碎的干小麦	190430	碾碎的干小麦	19	HS第19章	230				none	0.0	unmapped
19049000	其他	其他	190490	其他	19	HS第19章	230				none	0.0	unmapped
19051000	黑麦脆面包片	黑麦脆面包片	190510	黑麦脆面包片	19	HS第19章	231				none	0.0	unmapped
19052000	姜饼及类似品	姜饼及类似品	190520	姜饼及类似品	19	HS第19章	231				none	0.0	unmapped
19053100	甜饼干；华夫饼干及圣餐饼： 甜饼干	甜饼干；华夫饼干及圣餐饼： 甜饼干	190531	甜饼干；华夫饼干及圣餐饼： / 甜饼干	19	HS第19章	231				none	0.0	unmapped
19053200	华夫饼干及圣餐饼	华夫饼干及圣餐饼	190532	甜饼干；华夫饼干及圣餐饼： / 华夫饼干及圣餐饼	19	HS第19章	231				none	0.0	unmapped
19054000	面包干、吐司及类似的烤面包	面包干、吐司及类似的烤面包	190540	面包干、吐司及类似的烤面包	19	HS第19章	231				none	0.0	unmapped
19059000	其他	其他	190590	其他	19	HS第19章	232				none	0.0	unmapped
20011000	黄瓜及小黄瓜	黄瓜及小黄瓜	200110	黄瓜及小黄瓜	20	HS第20章	233				none	0.0	unmapped
20019010	大蒜	大蒜	200190	其他	20	HS第20章	234				none	0.0	unmapped
20019090	其他	其他	200190	其他	20	HS第20章	234				none	0.0	unmapped
20021010	番茄，整个或切片： 罐头	番茄，整个或切片： 罐头	200210	番茄，整个或切片	20	HS第20章	234				none	0.0	unmapped
20021090	其他	其他	200210	番茄，整个或切片	20	HS第20章	234				none	0.0	unmapped
20029011	其他： ---番茄酱罐头： 重量不超过5千克的	其他： ---番茄酱罐头： 重量不超过5千克的	200290	其他	20	HS第20章	234				none	0.0	unmapped
20029019	番茄酱罐头： 重量超过5千克的	番茄酱罐头： 重量超过5千克的	200290	其他	20	HS第20章	234				none	0.0	unmapped
20029090	其他	其他	200290	其他	20	HS第20章	235				none	0.0	unmapped
20031011	伞菌属蘑菇： ---罐头： 小白蘑菇	伞菌属蘑菇： ---罐头： 小白蘑菇	200310	伞菌属蘑菇	20	HS第20章	235				none	0.0	unmapped
20031019	罐头： 其他	罐头： 其他	200310	伞菌属蘑菇	20	HS第20章	235				none	0.0	unmapped
20031090	其他	其他	200310	伞菌属蘑菇	20	HS第20章	235				none	0.0	unmapped
20039011	其他： ---罐头： 杏鲍菇	其他： ---罐头： 杏鲍菇	200390	其他	20	HS第20章	235				none	0.0	unmapped
20039019	罐头： 其他	罐头： 其他	200390	其他	20	HS第20章	235				none	0.0	unmapped
20039090	其他	其他	200390	其他	20	HS第20章	235				none	0.0	unmapped
20041000	马铃薯	马铃薯	200410	马铃薯	20	HS第20章	236				none	0.0	unmapped
20049000	其他蔬菜及什锦蔬菜	其他蔬菜及什锦蔬菜	200490	其他蔬菜及什锦蔬菜	20	HS第20章	236				none	0.0	unmapped
20051000	均化蔬菜	均化蔬菜	200510	均化蔬菜	20	HS第20章	236				none	0.0	unmapped
20052000	马铃薯	马铃薯	200520	马铃薯	20	HS第20章	236				none	0.0	unmapped
20054000	豌豆	豌豆	200540	豌豆	20	HS第20章	236				none	0.0	unmapped
20055111	豇豆及菜豆： --脱荚的： ---罐头： 赤豆馅	豇豆及菜豆： --脱荚的： ---罐头： 赤豆馅	200551	豇豆及菜豆： / 脱荚的	20	HS第20章	236				none	0.0	unmapped
20055119	罐头： 其他	罐头： 其他	200551	豇豆及菜豆： / 脱荚的	20	HS第20章	236				none	0.0	unmapped
20055191	其他： 赤豆馅	其他： 赤豆馅	200551	豇豆及菜豆： / 脱荚的	20	HS第20章	237				none	0.0	unmapped
20055199	其他： 其他	其他： 其他	200551	豇豆及菜豆： / 脱荚的	20	HS第20章	237				none	0.0	unmapped
20055910	其他： 罐头	其他： 罐头	200559	豇豆及菜豆： / 其他	20	HS第20章	237				none	0.0	unmapped
20055990	其他	其他	200559	豇豆及菜豆： / 其他	20	HS第20章	237				none	0.0	unmapped
20056010	芦笋： 罐头	芦笋： 罐头	200560	芦笋	20	HS第20章	237				none	0.0	unmapped
20056090	其他	其他	200560	芦笋	20	HS第20章	237				none	0.0	unmapped
20057000	油橄榄	油橄榄	200570	油橄榄	20	HS第20章	237				none	0.0	unmapped
20058000	甜玉米	甜玉米	200580	甜玉米	20	HS第20章	237				none	0.0	unmapped
20059110	竹笋罐头	竹笋罐头	200591	其他蔬菜及什锦蔬菜： / 竹笋	20	HS第20章	238				none	0.0	unmapped
20059190	其他	其他	200591	其他蔬菜及什锦蔬菜： / 竹笋	20	HS第20章	238				none	0.0	unmapped
20059920	其他： 蚕豆罐头	其他： 蚕豆罐头	200599	其他蔬菜及什锦蔬菜： / 其他	20	HS第20章	238				none	0.0	unmapped
20059940	榨菜	榨菜	200599	其他蔬菜及什锦蔬菜： / 其他	20	HS第20章	238				none	0.0	unmapped
20059950	咸蕨菜	咸蕨菜	200599	其他蔬菜及什锦蔬菜： / 其他	20	HS第20章	238				none	0.0	unmapped
20059960	咸藠头	咸藠头	200599	其他蔬菜及什锦蔬菜： / 其他	20	HS第20章	238				none	0.0	unmapped
20059970	蒜制品	蒜制品	200599	其他蔬菜及什锦蔬菜： / 其他	20	HS第20章	238				none	0.0	unmapped
20059991	其他： 罐头	其他： 罐头	200599	其他蔬菜及什锦蔬菜： / 其他	20	HS第20章	239				none	0.0	unmapped
20059999	其他： 其他	其他： 其他	200599	其他蔬菜及什锦蔬菜： / 其他	20	HS第20章	239				none	0.0	unmapped
20060010	蜜枣	蜜枣	200600	糖渍蔬菜、水果、坚果、果皮及 植物的其他部分（沥干、糖渍或 裹糖的）	20	HS第20章	239				none	0.0	unmapped
20060020	橄榄	橄榄	200600	糖渍蔬菜、水果、坚果、果皮及 植物的其他部分（沥干、糖渍或 裹糖的）	20	HS第20章	239				none	0.0	unmapped
20060090	其他	其他	200600	糖渍蔬菜、水果、坚果、果皮及 植物的其他部分（沥干、糖渍或 裹糖的）	20	HS第20章	239				none	0.0	unmapped
20071000	均化食品	均化食品	200710	均化食品	20	HS第20章	239				none	0.0	unmapped
20079100	柑橘属水果的	柑橘属水果的	200791	其他： / 柑橘属水果的	20	HS第20章	240				none	0.0	unmapped
20079910	其他： 罐头	其他： 罐头	200799	其他	20	HS第20章	240				none	0.0	unmapped
20079990	其他	其他	200799	其他	20	HS第20章	240				none	0.0	unmapped
20081110	坚果、花生及其他子仁，不论是 否混合： --花生： 花生米罐头	坚果、花生及其他子仁，不论是 否混合： --花生： 花生米罐头	200811	坚果、花生及其他子仁，不论是 否混合： / 花生	20	HS第20章	240				none	0.0	unmapped
20081120	烘焙花生	烘焙花生	200811	坚果、花生及其他子仁，不论是 否混合： / 花生	20	HS第20章	240				none	0.0	unmapped
20081130	花生酱	花生酱	200811	坚果、花生及其他子仁，不论是 否混合： / 花生	20	HS第20章	241				none	0.0	unmapped
20081190	其他	其他	200811	坚果、花生及其他子仁，不论是 否混合： / 花生	20	HS第20章	241				none	0.0	unmapped
20081910	其他，包括什锦坚果及其他子 仁： 核桃仁罐头	其他，包括什锦坚果及其他子 仁： 核桃仁罐头	200819	坚果、花生及其他子仁，不论是 否混合： / 其他，包括什锦坚果及其他子 仁	20	HS第20章	241				none	0.0	unmapped
20081920	其他果仁罐头	其他果仁罐头	200819	坚果、花生及其他子仁，不论是 否混合： / 其他，包括什锦坚果及其他子 仁	20	HS第20章	241				none	0.0	unmapped
20081991	其他： 栗仁	其他： 栗仁	200819	坚果、花生及其他子仁，不论是 否混合： / 其他，包括什锦坚果及其他子 仁	20	HS第20章	241				none	0.0	unmapped
20081992	其他： 芝麻	其他： 芝麻	200819	坚果、花生及其他子仁，不论是 否混合： / 其他，包括什锦坚果及其他子 仁	20	HS第20章	241				none	0.0	unmapped
20081999	其他： 其他	其他： 其他	200819	坚果、花生及其他子仁，不论是 否混合： / 其他，包括什锦坚果及其他子 仁	20	HS第20章	242				none	0.0	unmapped
20082010	菠萝： 罐头	菠萝： 罐头	200820	菠萝	20	HS第20章	242				none	0.0	unmapped
20082090	其他	其他	200820	菠萝	20	HS第20章	242				none	0.0	unmapped
20083010	柑橘属水果： 罐头	柑橘属水果： 罐头	200830	柑橘属水果	20	HS第20章	242				none	0.0	unmapped
20083090	其他	其他	200830	柑橘属水果	20	HS第20章	242				none	0.0	unmapped
20084010	梨： 罐头	梨： 罐头	200840	梨	20	HS第20章	242				none	0.0	unmapped
20084090	其他	其他	200840	梨	20	HS第20章	243				none	0.0	unmapped
20085000	杏	杏	200850	杏	20	HS第20章	243				none	0.0	unmapped
20086010	樱桃： 罐头	樱桃： 罐头	200860	樱桃	20	HS第20章	243				none	0.0	unmapped
20086090	其他	其他	200860	樱桃	20	HS第20章	243				none	0.0	unmapped
20087010	桃，包括油桃： 罐头	桃，包括油桃： 罐头	200870	桃，包括油桃	20	HS第20章	243				none	0.0	unmapped
20087090	其他	其他	200870	桃，包括油桃	20	HS第20章	243				none	0.0	unmapped
20088000	草莓	草莓	200880	草莓	20	HS第20章	243				none	0.0	unmapped
20089100	棕榈芯	棕榈芯	200891	其他，包括子目2008.19以外的什 锦果实： / 棕榈芯	20	HS第20章	244				none	0.0	unmapped
20089300	蔓越橘（大果蔓越橘、小果蔓越 橘）、越橘	蔓越橘（大果蔓越橘、小果蔓越 橘）、越橘	200893	其他，包括子目2008.19以外的什 锦果实： / 蔓越橘（大果蔓越橘、小果蔓越	20	HS第20章	244				none	0.0	unmapped
20089700	什锦果实	什锦果实	200897	其他，包括子目2008.19以外的什 锦果实： / 什锦果实	20	HS第20章	244				none	0.0	unmapped
20089910	其他： 荔枝罐头	其他： 荔枝罐头	200899	其他，包括子目2008.19以外的什 锦果实： / 其他	20	HS第20章	244				none	0.0	unmapped
20089920	龙眼罐头	龙眼罐头	200899	其他，包括子目2008.19以外的什 锦果实： / 其他	20	HS第20章	244				none	0.0	unmapped
20089931	海草及其他藻类制品： 调味紫菜	海草及其他藻类制品： 调味紫菜	200899	其他，包括子目2008.19以外的什 锦果实： / 其他	20	HS第20章	244				none	0.0	unmapped
20089932	海草及其他藻类制品： 盐腌海带	海草及其他藻类制品： 盐腌海带	200899	其他，包括子目2008.19以外的什 锦果实： / 其他	20	HS第20章	244				none	0.0	unmapped
20089933	海草及其他藻类制品： 盐腌裙带菜	海草及其他藻类制品： 盐腌裙带菜	200899	其他，包括子目2008.19以外的什 锦果实： / 其他	20	HS第20章	245				none	0.0	unmapped
20089934	海草及其他藻类制品： 烤紫菜	海草及其他藻类制品： 烤紫菜	200899	其他，包括子目2008.19以外的什 锦果实： / 其他	20	HS第20章	245				none	0.0	unmapped
20089939	海草及其他藻类制品： 其他	海草及其他藻类制品： 其他	200899	其他，包括子目2008.19以外的什 锦果实： / 其他	20	HS第20章	245				none	0.0	unmapped
20089940	清水荸荠（马蹄）罐头	清水荸荠（马蹄）罐头	200899	其他，包括子目2008.19以外的什 锦果实： / 其他	20	HS第20章	245				none	0.0	unmapped
20089950	姜制品	姜制品	200899	其他，包括子目2008.19以外的什 锦果实： / 其他	20	HS第20章	245				none	0.0	unmapped
20089990	其他	其他	200899	其他，包括子目2008.19以外的什 锦果实： / 其他	20	HS第20章	245				none	0.0	unmapped
20091100	冷冻的	冷冻的	200911	橙汁： / 冷冻的	20	HS第20章	246				none	0.0	unmapped
20091200	非冷冻的，白利糖度值不超过20 的	非冷冻的，白利糖度值不超过20 的	200912	橙汁： / 非冷冻的，白利糖度值不超过20	20	HS第20章	246				none	0.0	unmapped
20091900	其他	其他	200919	橙汁： / 其他	20	HS第20章	246				none	0.0	unmapped
20092100	葡萄柚汁；柚汁： 白利糖度值不超过20的	葡萄柚汁；柚汁： 白利糖度值不超过20的	200921	葡萄柚汁；柚汁： / 白利糖度值不超过20的	20	HS第20章	246				none	0.0	unmapped
20092900	其他	其他	200929	葡萄柚汁；柚汁： / 其他	20	HS第20章	246				none	0.0	unmapped
20093110	其他未混合的柑橘属水果汁： --白利糖度值不超过20的： 柠檬汁	其他未混合的柑橘属水果汁： --白利糖度值不超过20的： 柠檬汁	200931	其他未混合的柑橘属水果汁： / 白利糖度值不超过20的	20	HS第20章	246				none	0.0	unmapped
20093190	其他	其他	200931	其他未混合的柑橘属水果汁： / 白利糖度值不超过20的	20	HS第20章	247				none	0.0	unmapped
20093910	其他： 柠檬汁	其他： 柠檬汁	200939	其他未混合的柑橘属水果汁： / 其他	20	HS第20章	247				none	0.0	unmapped
20093990	其他	其他	200939	其他未混合的柑橘属水果汁： / 其他	20	HS第20章	247				none	0.0	unmapped
20094100	菠萝汁： 白利糖度值不超过20的	菠萝汁： 白利糖度值不超过20的	200941	菠萝汁： / 白利糖度值不超过20的	20	HS第20章	247				none	0.0	unmapped
20094900	其他	其他	200949	菠萝汁： / 其他	20	HS第20章	247				none	0.0	unmapped
20095000	番茄汁	番茄汁	200950	番茄汁	20	HS第20章	248				none	0.0	unmapped
20096100	葡萄汁，包括酿酒葡萄汁： 白利糖度值不超过30的	葡萄汁，包括酿酒葡萄汁： 白利糖度值不超过30的	200961	葡萄汁，包括酿酒葡萄汁： / 白利糖度值不超过30的	20	HS第20章	248				none	0.0	unmapped
20096900	其他	其他	200969	葡萄汁，包括酿酒葡萄汁： / 其他	20	HS第20章	248				none	0.0	unmapped
20097100	苹果汁： 白利糖度值不超过20的	苹果汁： 白利糖度值不超过20的	200971	苹果汁： / 白利糖度值不超过20的	20	HS第20章	248				none	0.0	unmapped
20097900	其他	其他	200979	苹果汁： / 其他	20	HS第20章	248				none	0.0	unmapped
20098100	蔓越橘汁（大果蔓越橘、小果蔓 越橘）、越橘汁	蔓越橘汁（大果蔓越橘、小果蔓 越橘）、越橘汁	200981	其他未混合的水果汁、坚果汁或 蔬菜汁： / 蔓越橘汁（大果蔓越橘、小果蔓	20	HS第20章	249				none	0.0	unmapped
20098912	其他： ---水果汁或坚果汁： 芒果汁	其他： ---水果汁或坚果汁： 芒果汁	200989	其他未混合的水果汁、坚果汁或 蔬菜汁： / 其他	20	HS第20章	249				none	0.0	unmapped
20098913	水果汁或坚果汁： 西番莲果汁	水果汁或坚果汁： 西番莲果汁	200989	其他未混合的水果汁、坚果汁或 蔬菜汁： / 其他	20	HS第20章	249				none	0.0	unmapped
20098914	水果汁或坚果汁： 番石榴果汁	水果汁或坚果汁： 番石榴果汁	200989	其他未混合的水果汁、坚果汁或 蔬菜汁： / 其他	20	HS第20章	249				none	0.0	unmapped
20098915	水果汁或坚果汁： 梨汁	水果汁或坚果汁： 梨汁	200989	其他未混合的水果汁、坚果汁或 蔬菜汁： / 其他	20	HS第20章	249				none	0.0	unmapped
20098916	水果汁或坚果汁： 沙棘汁	水果汁或坚果汁： 沙棘汁	200989	其他未混合的水果汁、坚果汁或 蔬菜汁： / 其他	20	HS第20章	250				none	0.0	unmapped
20098919	水果汁或坚果汁： 其他	水果汁或坚果汁： 其他	200989	其他未混合的水果汁、坚果汁或 蔬菜汁： / 其他	20	HS第20章	250				none	0.0	unmapped
20098920	蔬菜汁	蔬菜汁	200989	其他未混合的水果汁、坚果汁或 蔬菜汁： / 其他	20	HS第20章	250				none	0.0	unmapped
20099010	混合汁： 水果汁	混合汁： 水果汁	200990	混合汁	20	HS第20章	250				none	0.0	unmapped
20099090	其他	其他	200990	混合汁	20	HS第20章	250				none	0.0	unmapped
21011100	咖啡浓缩精汁及以其为基本成 分或以咖啡为基本成分的制品： 浓缩精汁	咖啡浓缩精汁及以其为基本成 分或以咖啡为基本成分的制品： 浓缩精汁	210111	咖啡浓缩精汁及以其为基本成 分或以咖啡为基本成分的制品： / 浓缩精汁	21	HS第21章	251				none	0.0	unmapped
21011200	以浓缩精汁或咖啡为基本成分 的制品	以浓缩精汁或咖啡为基本成分 的制品	210112	咖啡浓缩精汁及以其为基本成 分或以咖啡为基本成分的制品： / 以浓缩精汁或咖啡为基本成分	21	HS第21章	252				none	0.0	unmapped
21012000	茶、马黛茶浓缩精汁及以其为基 本成分或以茶、马黛茶为基本成 分的制品	茶、马黛茶浓缩精汁及以其为基 本成分或以茶、马黛茶为基本成 分的制品	210120	茶、马黛茶浓缩精汁及以其为基	21	HS第21章	252				none	0.0	unmapped
21013000	烘焙菊苣和其他烘焙咖啡代用 品及其浓缩精汁	烘焙菊苣和其他烘焙咖啡代用 品及其浓缩精汁	210130	烘焙菊苣和其他烘焙咖啡代用	21	HS第21章	252				none	0.0	unmapped
21021000	活性酵母	活性酵母	210210	活性酵母	21	HS第21章	252				none	0.0	unmapped
21022000	非活性酵母；已死的其他单细胞 微生物	非活性酵母；已死的其他单细胞 微生物	210220	非活性酵母；已死的其他单细胞	21	HS第21章	252				none	0.0	unmapped
21023000	发酵粉	发酵粉	210230	发酵粉	21	HS第21章	252				none	0.0	unmapped
21031000	酱油	酱油	210310	酱油	21	HS第21章	253				none	0.0	unmapped
21032000	番茄沙司及其他番茄调味汁	番茄沙司及其他番茄调味汁	210320	番茄沙司及其他番茄调味汁	21	HS第21章	253				none	0.0	unmapped
21033000	芥子粉及其调制品	芥子粉及其调制品	210330	芥子粉及其调制品	21	HS第21章	253				none	0.0	unmapped
21039010	其他： 味精	其他： 味精	210390	其他	21	HS第21章	253				none	0.0	unmapped
21039020	别特酒（Aromaticbitters），按体 积计酒精含量44.2％—49.2％，按 重量计含1.5％—6％的香料、各种 配料以及4％—10％的糖	别特酒（Aromaticbitters），按体 积计酒精含量44.2％—49.2％，按 重量计含1.5％—6％的香料、各种 配料以及4％—10％的糖	210390	其他	21	HS第21章	253				none	0.0	unmapped
21039090	其他	其他	210390	其他	21	HS第21章	254				none	0.0	unmapped
21041000	汤料及其制品	汤料及其制品	210410	汤料及其制品	21	HS第21章	254				none	0.0	unmapped
21042000	均化混合食品	均化混合食品	210420	均化混合食品	21	HS第21章	254				none	0.0	unmapped
21050000	冰淇淋及其他冰制食品，不论是 否含可可	冰淇淋及其他冰制食品，不论是 否含可可	210500	冰淇淋及其他冰制食品，不论是 否含可可	21	HS第21章	254				none	0.0	unmapped
21061000	浓缩蛋白质及人造蛋白物质	浓缩蛋白质及人造蛋白物质	210610	浓缩蛋白质及人造蛋白物质	21	HS第21章	254				none	0.0	unmapped
21069010	制造碳酸饮料的浓缩物	制造碳酸饮料的浓缩物	210690	其他	21	HS第21章	255				none	0.0	unmapped
21069020	制造饮料用的复合酒精制品	制造饮料用的复合酒精制品	210690	其他	21	HS第21章	255				none	0.0	unmapped
21069030	蜂王浆制剂	蜂王浆制剂	210690	其他	21	HS第21章	255				none	0.0	unmapped
21069040	椰浆	椰浆	210690	其他	21	HS第21章	255				none	0.0	unmapped
21069050	海豹油胶囊	海豹油胶囊	210690	其他	21	HS第21章	255				none	0.0	unmapped
21069061	含香料或着色剂的甘蔗糖或甜 菜糖水溶液；蔗糖含量超过50% 的甘蔗糖、甜菜糖与其他食品原 料的简单固体混合物： 含香料或着色剂的甘蔗糖或 甜菜糖水溶液	含香料或着色剂的甘蔗糖或甜 菜糖水溶液；蔗糖含量超过50% 的甘蔗糖、甜菜糖与其他食品原 料的简单固体混合物： 含香料或着色剂的甘蔗糖或 甜菜糖水溶液	210690	其他	21	HS第21章	255				none	0.0	unmapped
21069062	含香料或着色剂的甘蔗糖或甜 菜糖水溶液；蔗糖含量超过50% 的甘蔗糖、甜菜糖与其他食品原 料的简单固体混合物： 蔗糖含量超过50%的甘蔗糖、 甜菜糖与其他食品原料的简单固 体混合物	含香料或着色剂的甘蔗糖或甜 菜糖水溶液；蔗糖含量超过50% 的甘蔗糖、甜菜糖与其他食品原 料的简单固体混合物： 蔗糖含量超过50%的甘蔗糖、 甜菜糖与其他食品原料的简单固 体混合物	210690	其他	21	HS第21章	256				none	0.0	unmapped
21069090	其他 非乳基特殊医学用途婴儿配方食 品、非乳基特殊医学用途配方食 品	其他 非乳基特殊医学用途婴儿配方食 品、非乳基特殊医学用途配方食 品	210690	其他	21	HS第21章	256				none	0.0	unmapped
22011010	矿泉水及汽水： 矿泉水	矿泉水及汽水： 矿泉水	220110	矿泉水及汽水	22	HS第22章	257				none	0.0	unmapped
22011020	汽水	汽水	220110	矿泉水及汽水	22	HS第22章	257				none	0.0	unmapped
22019011	其他： ---天然水： 已包装	其他： ---天然水： 已包装	220190	其他	22	HS第22章	257				none	0.0	unmapped
22019019	天然水： 其他	天然水： 其他	220190	其他	22	HS第22章	258				none	0.0	unmapped
22019090	其他	其他	220190	其他	22	HS第22章	258				none	0.0	unmapped
22021000	加味、加糖或其他甜物质的水， 包括矿泉水及汽水	加味、加糖或其他甜物质的水， 包括矿泉水及汽水	220210	加味、加糖或其他甜物质的水，	22	HS第22章	258				none	0.0	unmapped
22029100	其他： 无醇啤酒	其他： 无醇啤酒	220291	其他： / 无醇啤酒	22	HS第22章	258				none	0.0	unmapped
22029900	其他	其他	220299	其他： / 其他	22	HS第22章	258				none	0.0	unmapped
22030000	麦芽酿造的啤酒	麦芽酿造的啤酒	220300	麦芽酿造的啤酒	22	HS第22章	258				none	0.0	unmapped
22041000	汽酒	汽酒	220410	汽酒	22	HS第22章	259				none	0.0	unmapped
22042100	其他酒；加酒精抑制发酵的酿酒 葡萄汁： 装入2升及以下容器的	其他酒；加酒精抑制发酵的酿酒 葡萄汁： 装入2升及以下容器的	220421	其他酒；加酒精抑制发酵的酿酒 葡萄汁： / 装入2升及以下容器的	22	HS第22章	259				none	0.0	unmapped
22042200	装入2升以上但不超过10升容器 的	装入2升以上但不超过10升容器 的	220422	其他酒；加酒精抑制发酵的酿酒 葡萄汁： / 装入2升以上但不超过10升容器	22	HS第22章	259				none	0.0	unmapped
22042900	其他	其他	220429	其他酒；加酒精抑制发酵的酿酒 葡萄汁： / 其他	22	HS第22章	259				none	0.0	unmapped
22043000	其他酿酒葡萄汁	其他酿酒葡萄汁	220430	其他酿酒葡萄汁	22	HS第22章	259				none	0.0	unmapped
22051000	装入2升及以下容器的 65∆30	装入2升及以下容器的 65∆30	220510	装入2升及以下容器的 65∆30	22	HS第22章	259				none	0.0	unmapped
22059000	其他	其他	220590	其他	22	HS第22章	260				none	0.0	unmapped
22060010	黄酒	黄酒	220600	其他发酵饮料（例如，苹果酒、 梨酒、蜂蜜酒、清酒）；其他税目 未列名的发酵饮料的混合物及发 酵饮料与无酒精饮料的混合物	22	HS第22章	260				none	0.0	unmapped
22060090	其他	其他	220600	其他发酵饮料（例如，苹果酒、 梨酒、蜂蜜酒、清酒）；其他税目 未列名的发酵饮料的混合物及发 酵饮料与无酒精饮料的混合物	22	HS第22章	260				none	0.0	unmapped
22071000	未改性乙醇，按容量计酒精浓度 在80％及以上	未改性乙醇，按容量计酒精浓度 在80％及以上	220710	未改性乙醇，按容量计酒精浓度	22	HS第22章	260				none	0.0	unmapped
22072000	任何浓度的改性乙醇及其他酒 精	任何浓度的改性乙醇及其他酒 精	220720	任何浓度的改性乙醇及其他酒	22	HS第22章	260				none	0.0	unmapped
22082000	蒸馏葡萄酒制得的烈性酒	蒸馏葡萄酒制得的烈性酒	220820	蒸馏葡萄酒制得的烈性酒	22	HS第22章	260				none	0.0	unmapped
22083000	威士忌酒	威士忌酒	220830	威士忌酒	22	HS第22章	261				none	0.0	unmapped
22084000	朗姆酒及蒸馏已发酵甘蔗产品 制得的其他烈性酒	朗姆酒及蒸馏已发酵甘蔗产品 制得的其他烈性酒	220840	朗姆酒及蒸馏已发酵甘蔗产品	22	HS第22章	261				none	0.0	unmapped
22085000	杜松子酒	杜松子酒	220850	杜松子酒	22	HS第22章	261				none	0.0	unmapped
22086000	伏特加酒	伏特加酒	220860	伏特加酒	22	HS第22章	261				none	0.0	unmapped
22087000	利口酒及柯迪尔酒	利口酒及柯迪尔酒	220870	利口酒及柯迪尔酒	22	HS第22章	261				none	0.0	unmapped
22089010	龙舌兰酒	龙舌兰酒	220890	其他	22	HS第22章	262				none	0.0	unmapped
22089020	白酒	白酒	220890	其他	22	HS第22章	262				none	0.0	unmapped
22089090	其他	其他	220890	其他	22	HS第22章	262				none	0.0	unmapped
22090000	醋及用醋酸制得的醋代用品	醋及用醋酸制得的醋代用品	220900	醋及用醋酸制得的醋代用品	22	HS第22章	262				none	0.0	unmapped
23011011	肉、杂碎的渣粉及团粒；油渣： ---肉骨粉： 含牛羊成分的	肉、杂碎的渣粉及团粒；油渣： ---肉骨粉： 含牛羊成分的	230110	肉、杂碎的渣粉及团粒；油渣	23	HS第23章	263				none	0.0	unmapped
23011019	肉骨粉： 其他	肉骨粉： 其他	230110	肉、杂碎的渣粉及团粒；油渣	23	HS第23章	263				none	0.0	unmapped
23011020	油渣	油渣	230110	肉、杂碎的渣粉及团粒；油渣	23	HS第23章	263				none	0.0	unmapped
23011090	其他	其他	230110	肉、杂碎的渣粉及团粒；油渣	23	HS第23章	263				none	0.0	unmapped
23012010	鱼、甲壳动物、软体动物或其他 水生无脊椎动物的渣粉及团粒： 饲料用鱼粉	鱼、甲壳动物、软体动物或其他 水生无脊椎动物的渣粉及团粒： 饲料用鱼粉	230120	鱼、甲壳动物、软体动物或其他 水生无脊椎动物的渣粉及团粒	23	HS第23章	263				none	0.0	unmapped
23012090	其他	其他	230120	鱼、甲壳动物、软体动物或其他 水生无脊椎动物的渣粉及团粒	23	HS第23章	264				none	0.0	unmapped
23021000	玉米的	玉米的	230210	玉米的	23	HS第23章	264				none	0.0	unmapped
23023000	小麦的	小麦的	230230	小麦的	23	HS第23章	264				none	0.0	unmapped
23024000	其他谷物的	其他谷物的	230240	其他谷物的	23	HS第23章	264				none	0.0	unmapped
23025000	豆类植物的	豆类植物的	230250	豆类植物的	23	HS第23章	264				none	0.0	unmapped
23031000	制造淀粉过程中的残渣及类似 的残渣	制造淀粉过程中的残渣及类似 的残渣	230310	制造淀粉过程中的残渣及类似	23	HS第23章	264				none	0.0	unmapped
23032000	甜菜渣、甘蔗渣及制糖过程中的 其他残渣	甜菜渣、甘蔗渣及制糖过程中的 其他残渣	230320	甜菜渣、甘蔗渣及制糖过程中的	23	HS第23章	264				none	0.0	unmapped
23033000	酿造及蒸馏过程中的糟粕及残 渣	酿造及蒸馏过程中的糟粕及残 渣	230330	酿造及蒸馏过程中的糟粕及残	23	HS第23章	265				none	0.0	unmapped
23040010	油渣饼	油渣饼	230400	提炼豆油所得的油渣饼及其他固 体残渣，不论是否碾磨或制成团 粒	23	HS第23章	265				none	0.0	unmapped
23040090	其他	其他	230400	提炼豆油所得的油渣饼及其他固 体残渣，不论是否碾磨或制成团 粒	23	HS第23章	265				none	0.0	unmapped
23050000	提炼花生油所得的油渣饼及其他 固体残渣，不论是否碾磨或制成 团粒	提炼花生油所得的油渣饼及其他 固体残渣，不论是否碾磨或制成 团粒	230500	提炼花生油所得的油渣饼及其他 固体残渣，不论是否碾磨或制成 团粒	23	HS第23章	265				none	0.0	unmapped
23061000	棉子的	棉子的	230610	棉子的	23	HS第23章	265				none	0.0	unmapped
23062000	亚麻子的	亚麻子的	230620	亚麻子的	23	HS第23章	265				none	0.0	unmapped
23063000	葵花子的	葵花子的	230630	葵花子的	23	HS第23章	265				none	0.0	unmapped
23064100	油菜子的： 低芥子酸的	油菜子的： 低芥子酸的	230641	油菜子的： / 低芥子酸的	23	HS第23章	265				none	0.0	unmapped
23064900	其他	其他	230649	油菜子的： / 其他	23	HS第23章	266				none	0.0	unmapped
23065000	椰子或干椰肉的	椰子或干椰肉的	230650	椰子或干椰肉的	23	HS第23章	266				none	0.0	unmapped
23066000	棕榈果或棕榈仁的	棕榈果或棕榈仁的	230660	棕榈果或棕榈仁的	23	HS第23章	266				none	0.0	unmapped
23069000	其他	其他	230690	其他	23	HS第23章	266				none	0.0	unmapped
23070000	葡萄酒渣；粗酒石	葡萄酒渣；粗酒石	230700	葡萄酒渣；粗酒石	23	HS第23章	266				none	0.0	unmapped
23080000	动物饲料用的其他税目未列名的 植物原料、废料、残渣及副产品， 不论是否制成团粒	动物饲料用的其他税目未列名的 植物原料、废料、残渣及副产品， 不论是否制成团粒	230800	动物饲料用的其他税目未列名的 植物原料、废料、残渣及副产品， 不论是否制成团粒	23	HS第23章	266				none	0.0	unmapped
23091010	零售包装的狗食或猫食： 罐头 15∆10	零售包装的狗食或猫食： 罐头 15∆10	230910	零售包装的狗食或猫食	23	HS第23章	266				none	0.0	unmapped
23091090	其他 15∆10	其他 15∆10	230910	零售包装的狗食或猫食	23	HS第23章	266				none	0.0	unmapped
23099010	添加剂预混合饲料	添加剂预混合饲料	230990	其他	23	HS第23章	267				none	0.0	unmapped
23099090	其他 6.5∆4	其他 6.5∆4	230990	其他	23	HS第23章	267				none	0.0	unmapped
24011010	未去梗的烟草： 烤烟	未去梗的烟草： 烤烟	240110	未去梗的烟草	24	HS第24章	268				none	0.0	unmapped
24011090	其他	其他	240110	未去梗的烟草	24	HS第24章	268				none	0.0	unmapped
24012010	部分或全部去梗的烟草： 烤烟	部分或全部去梗的烟草： 烤烟	240120	部分或全部去梗的烟草	24	HS第24章	268				none	0.0	unmapped
24012090	其他	其他	240120	部分或全部去梗的烟草	24	HS第24章	268				none	0.0	unmapped
24013000	烟草废料	烟草废料	240130	烟草废料	24	HS第24章	268				none	0.0	unmapped
24021000	烟草制的雪茄烟	烟草制的雪茄烟	240210	烟草制的雪茄烟	24	HS第24章	268				none	0.0	unmapped
24022000	烟草制的卷烟	烟草制的卷烟	240220	烟草制的卷烟	24	HS第24章	268				none	0.0	unmapped
24029000	其他	其他	240290	其他	24	HS第24章	268				none	0.0	unmapped
24031100	供吸用的烟草，不论是否含有任 何比例的烟草代用品： 本章子目注释所述的水烟料	供吸用的烟草，不论是否含有任 何比例的烟草代用品： 本章子目注释所述的水烟料	240311	供吸用的烟草，不论是否含有任 何比例的烟草代用品： / 本章子目注释所述的水烟料	24	HS第24章	268				none	0.0	unmapped
24031900	其他	其他	240319	供吸用的烟草，不论是否含有任 何比例的烟草代用品： / 其他	24	HS第24章	268				none	0.0	unmapped
24039100	其他： “均化”或“再造”烟草	其他： “均化”或“再造”烟草	240391	其他： / “均化”或“再造”烟草	24	HS第24章	268				none	0.0	unmapped
24039900	其他	其他	240399	其他： / 其他	24	HS第24章	268				none	0.0	unmapped
24041100	含烟草或再造烟草的	含烟草或再造烟草的	240411	含烟草或再造烟草的	24	HS第24章	269				none	0.0	unmapped
24041200	其他，含尼古丁的	其他，含尼古丁的	240412	其他，含尼古丁的	24	HS第24章	269				none	0.0	unmapped
24041910	其他： 其他，含烟草代用品的	其他： 其他，含烟草代用品的	240419	其他	24	HS第24章	269				none	0.0	unmapped
24041990	其他	其他	240419	其他	24	HS第24章	269				none	0.0	unmapped
24049100	其他： 经口腔摄入的	其他： 经口腔摄入的	240491	其他： / 经口腔摄入的	24	HS第24章	269				none	0.0	unmapped
24049200	经皮肤摄入的	经皮肤摄入的	240492	其他： / 经皮肤摄入的	24	HS第24章	269				none	0.0	unmapped
24049900	其他	其他	240499	其他： / 其他	24	HS第24章	269				none	0.0	unmapped
25010011	盐： 食用盐	盐： 食用盐	250100	盐（包括精制盐及变性盐）及纯 氯化钠，不论是否为水溶液，也 不论是否添加抗结块剂或松散 剂；海水	25	HS第25章	270				none	0.0	unmapped
25010019	盐： 其他	盐： 其他	250100	盐（包括精制盐及变性盐）及纯 氯化钠，不论是否为水溶液，也 不论是否添加抗结块剂或松散 剂；海水	25	HS第25章	271				none	0.0	unmapped
25010020	纯氯化钠	纯氯化钠	250100	盐（包括精制盐及变性盐）及纯 氯化钠，不论是否为水溶液，也 不论是否添加抗结块剂或松散 剂；海水	25	HS第25章	271				none	0.0	unmapped
25010030	海水	海水	250100	盐（包括精制盐及变性盐）及纯 氯化钠，不论是否为水溶液，也 不论是否添加抗结块剂或松散 剂；海水	25	HS第25章	271				none	0.0	unmapped
25020000	未焙烧的黄铁矿	未焙烧的黄铁矿	250200	未焙烧的黄铁矿	25	HS第25章	271				none	0.0	unmapped
25030000	各种硫磺，但升华硫磺、沉淀硫 磺及胶态硫磺除外	各种硫磺，但升华硫磺、沉淀硫 磺及胶态硫磺除外	250300	各种硫磺，但升华硫磺、沉淀硫 磺及胶态硫磺除外	25	HS第25章	271				none	0.0	unmapped
25041010	粉末或粉片： 鳞片	粉末或粉片： 鳞片	250410	粉末或粉片	25	HS第25章	271				none	0.0	unmapped
25041091	其他： 球化石墨	其他： 球化石墨	250410	粉末或粉片	25	HS第25章	271				none	0.0	unmapped
25041099	其他： 其他	其他： 其他	250410	粉末或粉片	25	HS第25章	271				none	0.0	unmapped
25049000	其他	其他	250490	其他	25	HS第25章	272				none	0.0	unmapped
25051000	硅砂及石英砂	硅砂及石英砂	250510	硅砂及石英砂	25	HS第25章	272				none	0.0	unmapped
25059000	其他	其他	250590	其他	25	HS第25章	272				none	0.0	unmapped
25061000	石英	石英	250610	石英	25	HS第25章	272				none	0.0	unmapped
25062000	石英岩	石英岩	250620	石英岩	25	HS第25章	272				none	0.0	unmapped
25070010	高岭土	高岭土	250700	高岭土及类似土，不论是否煅烧	25	HS第25章	272				none	0.0	unmapped
25070090	其他	其他	250700	高岭土及类似土，不论是否煅烧	25	HS第25章	272				none	0.0	unmapped
25081000	膨润土	膨润土	250810	膨润土	25	HS第25章	272				none	0.0	unmapped
25083000	耐火粘土	耐火粘土	250830	耐火粘土	25	HS第25章	273				none	0.0	unmapped
25084000	其他粘土	其他粘土	250840	其他粘土	25	HS第25章	273				none	0.0	unmapped
25085000	红柱石、蓝晶石及硅线石	红柱石、蓝晶石及硅线石	250850	红柱石、蓝晶石及硅线石	25	HS第25章	273				none	0.0	unmapped
25086000	富铝红柱石	富铝红柱石	250860	富铝红柱石	25	HS第25章	273				none	0.0	unmapped
25087000	火泥及第纳斯土	火泥及第纳斯土	250870	火泥及第纳斯土	25	HS第25章	273				none	0.0	unmapped
25090000	白垩	白垩	250900	白垩	25	HS第25章	273				none	0.0	unmapped
25101010	未碾磨： 磷灰石	未碾磨： 磷灰石	251010	未碾磨	25	HS第25章	273				none	0.0	unmapped
25101090	其他	其他	251010	未碾磨	25	HS第25章	273				none	0.0	unmapped
25102010	已碾磨： 磷灰石	已碾磨： 磷灰石	251020	已碾磨	25	HS第25章	273				none	0.0	unmapped
25102090	其他	其他	251020	已碾磨	25	HS第25章	274				none	0.0	unmapped
25111000	天然硫酸钡（重晶石）	天然硫酸钡（重晶石）	251110	天然硫酸钡（重晶石）	25	HS第25章	274				none	0.0	unmapped
25112000	天然碳酸钡（毒重石）	天然碳酸钡（毒重石）	251120	天然碳酸钡（毒重石）	25	HS第25章	274				none	0.0	unmapped
25120010	硅藻土	硅藻土	251200	硅质化石粗粉（例如各种硅藻土） 及类似的硅质土，不论是否煅烧， 其表观比重不超过1	25	HS第25章	274				none	0.0	unmapped
25120090	其他	其他	251200	硅质化石粗粉（例如各种硅藻土） 及类似的硅质土，不论是否煅烧， 其表观比重不超过1	25	HS第25章	274				none	0.0	unmapped
25131000	浮石	浮石	251310	浮石	25	HS第25章	274				none	0.0	unmapped
25132000	刚玉岩、天然刚玉砂、天然石榴 石及其他天然磨料	刚玉岩、天然刚玉砂、天然石榴 石及其他天然磨料	251320	刚玉岩、天然刚玉砂、天然石榴	25	HS第25章	274				none	0.0	unmapped
25140000	板岩，不论是否粗加修整或仅用 锯或其他方法切割成矩形（包括 正方形）的板、块	板岩，不论是否粗加修整或仅用 锯或其他方法切割成矩形（包括 正方形）的板、块	251400	板岩，不论是否粗加修整或仅用 锯或其他方法切割成矩形（包括 正方形）的板、块	25	HS第25章	275				none	0.0	unmapped
25151100	大理石及石灰华： 原状或粗加修整	大理石及石灰华： 原状或粗加修整	251511	大理石及石灰华： / 原状或粗加修整	25	HS第25章	275				none	0.0	unmapped
25151200	用锯或其他方法切割成矩形（包 括正方形）的板、块	用锯或其他方法切割成矩形（包 括正方形）的板、块	251512	大理石及石灰华： / 用锯或其他方法切割成矩形（包	25	HS第25章	275				none	0.0	unmapped
25152000	其他石灰质碑用或建筑用石蜡 石	其他石灰质碑用或建筑用石蜡 石	251520	其他石灰质碑用或建筑用石蜡	25	HS第25章	275				none	0.0	unmapped
25161100	花岗岩： 原状或粗加修整	花岗岩： 原状或粗加修整	251611	花岗岩： / 原状或粗加修整	25	HS第25章	275				none	0.0	unmapped
25161200	仅用锯或其他方法切割成矩形 （包括正方形）的板、块	仅用锯或其他方法切割成矩形 （包括正方形）的板、块	251612	花岗岩： / 仅用锯或其他方法切割成矩形	25	HS第25章	275				none	0.0	unmapped
25162000	砂岩	砂岩	251620	砂岩	25	HS第25章	275				none	0.0	unmapped
25169000	其他碑用或建筑用石	其他碑用或建筑用石	251690	其他碑用或建筑用石	25	HS第25章	276				none	0.0	unmapped
25171000	通常作混凝土粒料、铺路、铁道 路基或其他路基用的卵石、砾石 及碎石，圆石子及燧石，不论是 否热处理	通常作混凝土粒料、铺路、铁道 路基或其他路基用的卵石、砾石 及碎石，圆石子及燧石，不论是 否热处理	251710	通常作混凝土粒料、铺路、铁道	25	HS第25章	276				none	0.0	unmapped
25172000	矿渣、浮渣及类似的工业残渣， 不论是否混有子目2517.10所列的 材料	矿渣、浮渣及类似的工业残渣， 不论是否混有子目2517.10所列的 材料	251720	矿渣、浮渣及类似的工业残渣，	25	HS第25章	276				none	0.0	unmapped
25173000	沥青碎石	沥青碎石	251730	沥青碎石	25	HS第25章	276				none	0.0	unmapped
25174100	税目25.15及25.16所列各种石料 的碎粒、碎屑及粉末，不论是否 热处理： 大理石的	税目25.15及25.16所列各种石料 的碎粒、碎屑及粉末，不论是否 热处理： 大理石的	251741	税目25.15及25.16所列各种石料 的碎粒、碎屑及粉末，不论是否 热处理： / 大理石的	25	HS第25章	276				none	0.0	unmapped
25174900	其他	其他	251749	税目25.15及25.16所列各种石料 的碎粒、碎屑及粉末，不论是否 热处理： / 其他	25	HS第25章	276				none	0.0	unmapped
25181000	未煅烧或烧结的白云石	未煅烧或烧结的白云石	251810	未煅烧或烧结的白云石	25	HS第25章	276				none	0.0	unmapped
25182000	已煅烧或烧结的白云石	已煅烧或烧结的白云石	251820	已煅烧或烧结的白云石	25	HS第25章	277				none	0.0	unmapped
25191000	天然碳酸镁（菱镁矿）	天然碳酸镁（菱镁矿）	251910	天然碳酸镁（菱镁矿）	25	HS第25章	277				none	0.0	unmapped
25199010	其他： 熔凝镁氧矿	其他： 熔凝镁氧矿	251990	其他	25	HS第25章	277				none	0.0	unmapped
25199020	烧结镁氧矿（重烧镁）	烧结镁氧矿（重烧镁）	251990	其他	25	HS第25章	277				none	0.0	unmapped
25199030	碱烧镁（轻烧镁）	碱烧镁（轻烧镁）	251990	其他	25	HS第25章	277				none	0.0	unmapped
25199091	其他： 化学纯氧化镁	其他： 化学纯氧化镁	251990	其他	25	HS第25章	277				none	0.0	unmapped
25199099	其他： 其他 其它氧化镁含量在70%（含70%） 以上的矿产品	其他： 其他 其它氧化镁含量在70%（含70%） 以上的矿产品	251990	其他	25	HS第25章	277				none	0.0	unmapped
25201000	生石膏；硬石膏	生石膏；硬石膏	252010	生石膏；硬石膏	25	HS第25章	277				none	0.0	unmapped
25202010	牙科用	牙科用	252020	熟石膏	25	HS第25章	278				none	0.0	unmapped
25202090	其他	其他	252020	熟石膏	25	HS第25章	278				none	0.0	unmapped
25210000	石灰石助熔剂；通常用于制造石 灰或水泥的石灰石及其他钙质石	石灰石助熔剂；通常用于制造石 灰或水泥的石灰石及其他钙质石	252100	石灰石助熔剂；通常用于制造石 灰或水泥的石灰石及其他钙质 石	25	HS第25章	278				none	0.0	unmapped
25221000	生石灰	生石灰	252210	生石灰	25	HS第25章	278				none	0.0	unmapped
25222000	熟石灰	熟石灰	252220	熟石灰	25	HS第25章	278				none	0.0	unmapped
25223000	水硬石灰	水硬石灰	252230	水硬石灰	25	HS第25章	278				none	0.0	unmapped
25231000	水泥熟料	水泥熟料	252310	水泥熟料	25	HS第25章	278				none	0.0	unmapped
25232100	白水泥，不论是否人工着色	白水泥，不论是否人工着色	252321	硅酸盐水泥： / 白水泥，不论是否人工着色	25	HS第25章	279				none	0.0	unmapped
25232900	其他	其他	252329	硅酸盐水泥： / 其他	25	HS第25章	279				none	0.0	unmapped
25233000	矾土水泥	矾土水泥	252330	矾土水泥	25	HS第25章	279				none	0.0	unmapped
25239000	其他水凝水泥	其他水凝水泥	252390	其他水凝水泥	25	HS第25章	279				none	0.0	unmapped
25241000	青石棉	青石棉	252410	青石棉	25	HS第25章	279				none	0.0	unmapped
25249010	其他： 长纤维石棉	其他： 长纤维石棉	252490	其他	25	HS第25章	279				none	0.0	unmapped
25249090	其他	其他	252490	其他	25	HS第25章	279				none	0.0	unmapped
25251000	原状云母及劈开的云母片	原状云母及劈开的云母片	252510	原状云母及劈开的云母片	25	HS第25章	279				none	0.0	unmapped
25252000	云母粉	云母粉	252520	云母粉	25	HS第25章	279				none	0.0	unmapped
25253000	云母废料	云母废料	252530	云母废料	25	HS第25章	280				none	0.0	unmapped
25261010	未破碎及未研粉： 天然冻石	未破碎及未研粉： 天然冻石	252610	未破碎及未研粉	25	HS第25章	280				none	0.0	unmapped
25261020	滑石	滑石	252610	未破碎及未研粉	25	HS第25章	280				none	0.0	unmapped
25262010	已破碎或已研粉： 天然冻石	已破碎或已研粉： 天然冻石	252620	已破碎或已研粉	25	HS第25章	280				none	0.0	unmapped
25262020	滑石	滑石	252620	已破碎或已研粉	25	HS第25章	280				none	0.0	unmapped
25280010	天然硼砂及其精矿（不论是否 煅烧）	天然硼砂及其精矿（不论是否 煅烧）	252800	天然硼酸盐及其精矿（不论是否 煅烧），但不包括从天然盐水析离 的硼酸盐；天然粗硼酸，含硼酸 干重不超过85％	25	HS第25章	280				none	0.0	unmapped
25280090	其他	其他	252800	天然硼酸盐及其精矿（不论是否 煅烧），但不包括从天然盐水析离 的硼酸盐；天然粗硼酸，含硼酸 干重不超过85％	25	HS第25章	280				none	0.0	unmapped
25291000	长石	长石	252910	长石	25	HS第25章	280				none	0.0	unmapped
25292100	按重量计氟化钙含量在97％及 以下 按重量计氟化钙含量≤97%、砷 含量≤0.0005%的萤石	按重量计氟化钙含量在97％及 以下 按重量计氟化钙含量≤97%、砷 含量≤0.0005%的萤石	252921	萤石： / 按重量计氟化钙含量在97％及	25	HS第25章	281				none	0.0	unmapped
25292200	按重量计氟化钙含量在97％以 上 按重量计氟化钙含量＞97%、砷 含量≤0.0005%的萤石	按重量计氟化钙含量在97％以 上 按重量计氟化钙含量＞97%、砷 含量≤0.0005%的萤石	252922	萤石： / 按重量计氟化钙含量在97％以	25	HS第25章	281				none	0.0	unmapped
25293000	白榴石；霞石及霞石正长岩	白榴石；霞石及霞石正长岩	252930	白榴石；霞石及霞石正长岩	25	HS第25章	281				none	0.0	unmapped
25301010	未膨胀的蛭石、珍珠岩及绿泥 石： 绿泥石	未膨胀的蛭石、珍珠岩及绿泥 石： 绿泥石	253010	未膨胀的蛭石、珍珠岩及绿泥 石	25	HS第25章	281				none	0.0	unmapped
25301020	未膨胀的蛭石和珍珠岩	未膨胀的蛭石和珍珠岩	253010	未膨胀的蛭石、珍珠岩及绿泥 石	25	HS第25章	281				none	0.0	unmapped
25302000	硫镁矾矿及泻盐矿（天然硫酸 镁）	硫镁矾矿及泻盐矿（天然硫酸 镁）	253020	硫镁矾矿及泻盐矿（天然硫酸	25	HS第25章	281				none	0.0	unmapped
25309010	其他： 矿物性药材	其他： 矿物性药材	253090	其他	25	HS第25章	281				none	0.0	unmapped
25309020	稀土金属矿	稀土金属矿	253090	其他	25	HS第25章	281				none	0.0	unmapped
25309091	其他： 硅灰石	其他： 硅灰石	253090	其他	25	HS第25章	282				none	0.0	unmapped
25309092	其他： 锂辉石	其他： 锂辉石	253090	其他	25	HS第25章	282				none	0.0	unmapped
25309099	其他： 其他	其他： 其他	253090	其他	25	HS第25章	282				none	0.0	unmapped
26011110	铁矿砂及其精矿，但焙烧黄铁矿 除外： --未烧结： 平均粒度小于0.8毫米的	铁矿砂及其精矿，但焙烧黄铁矿 除外： --未烧结： 平均粒度小于0.8毫米的	260111	铁矿砂及其精矿，但焙烧黄铁矿 除外： / 未烧结	26	HS第26章	283				none	0.0	unmapped
26011120	平均粒度不小于0.8毫米，但不 大于6.3毫米的	平均粒度不小于0.8毫米，但不 大于6.3毫米的	260111	铁矿砂及其精矿，但焙烧黄铁矿 除外： / 未烧结	26	HS第26章	283				none	0.0	unmapped
26011190	其他	其他	260111	铁矿砂及其精矿，但焙烧黄铁矿 除外： / 未烧结	26	HS第26章	283				none	0.0	unmapped
26011200	已烧结	已烧结	260112	铁矿砂及其精矿，但焙烧黄铁矿 除外： / 已烧结	26	HS第26章	283				none	0.0	unmapped
26012000	焙烧黄铁矿	焙烧黄铁矿	260120	焙烧黄铁矿	26	HS第26章	284				none	0.0	unmapped
26020000	锰矿砂及其精矿，包括以干重计 含锰量在20％及以上的锰铁矿及 其精矿	锰矿砂及其精矿，包括以干重计 含锰量在20％及以上的锰铁矿及 其精矿	260200	锰矿砂及其精矿，包括以干重计 含锰量在20％及以上的锰铁矿及 其精矿	26	HS第26章	284				none	0.0	unmapped
26030000	铜矿砂及其精矿	铜矿砂及其精矿	260300	铜矿砂及其精矿	26	HS第26章	284				none	0.0	unmapped
26040000	镍矿砂及其精矿	镍矿砂及其精矿	260400	镍矿砂及其精矿	26	HS第26章	284				none	0.0	unmapped
26050000	钴矿砂及其精矿	钴矿砂及其精矿	260500	钴矿砂及其精矿	26	HS第26章	284				none	0.0	unmapped
26060000	铝矿砂及其精矿	铝矿砂及其精矿	260600	铝矿砂及其精矿	26	HS第26章	284				none	0.0	unmapped
26070000	铅矿砂及其精矿	铅矿砂及其精矿	260700	铅矿砂及其精矿	26	HS第26章	284				none	0.0	unmapped
26080000	锌矿砂及其精矿	锌矿砂及其精矿	260800	锌矿砂及其精矿	26	HS第26章	284				none	0.0	unmapped
26090000	锡矿砂及其精矿	锡矿砂及其精矿	260900	锡矿砂及其精矿	26	HS第26章	284				none	0.0	unmapped
26100000	铬矿砂及其精矿	铬矿砂及其精矿	261000	铬矿砂及其精矿	26	HS第26章	285				none	0.0	unmapped
26110000	钨矿砂及其精矿	钨矿砂及其精矿	261100	钨矿砂及其精矿	26	HS第26章	285				none	0.0	unmapped
26121000	铀矿砂及其精矿	铀矿砂及其精矿	261210	铀矿砂及其精矿	26	HS第26章	285				none	0.0	unmapped
26122000	钍矿砂及其精矿	钍矿砂及其精矿	261220	钍矿砂及其精矿	26	HS第26章	285				none	0.0	unmapped
26131000	已焙烧	已焙烧	261310	已焙烧	26	HS第26章	285				none	0.0	unmapped
26139000	其他	其他	261390	其他	26	HS第26章	285				none	0.0	unmapped
26140000	钛矿砂及其精矿	钛矿砂及其精矿	261400	钛矿砂及其精矿	26	HS第26章	285				none	0.0	unmapped
26151000	锆矿砂及其精矿	锆矿砂及其精矿	261510	锆矿砂及其精矿	26	HS第26章	285				none	0.0	unmapped
26159010	其他： 水合钽铌原料（钽铌矿富集物）	其他： 水合钽铌原料（钽铌矿富集物）	261590	其他	26	HS第26章	285				none	0.0	unmapped
26159090	其他	其他	261590	其他	26	HS第26章	285				none	0.0	unmapped
26161000	银矿砂及其精矿	银矿砂及其精矿	261610	银矿砂及其精矿	26	HS第26章	286				none	0.0	unmapped
26169000	其他	其他	261690	其他	26	HS第26章	286				none	0.0	unmapped
26171010	锑矿砂及其精矿： 生锑（锑精矿，选矿产品）	锑矿砂及其精矿： 生锑（锑精矿，选矿产品）	261710	锑矿砂及其精矿	26	HS第26章	286				none	0.0	unmapped
26171090	其他	其他	261710	锑矿砂及其精矿	26	HS第26章	286				none	0.0	unmapped
26179010	其他： 朱砂（辰砂）	其他： 朱砂（辰砂）	261790	其他	26	HS第26章	286				none	0.0	unmapped
26179090	其他	其他	261790	其他	26	HS第26章	286				none	0.0	unmapped
26180010	主要含锰	主要含锰	261800	冶炼钢铁所产生的粒状熔渣（熔 渣砂）	26	HS第26章	286				none	0.0	unmapped
26180090	其他	其他	261800	冶炼钢铁所产生的粒状熔渣（熔 渣砂）	26	HS第26章	286				none	0.0	unmapped
26190000	冶炼钢铁所产生的熔渣、浮渣（粒 状熔渣除外）、氧化皮及其他废料	冶炼钢铁所产生的熔渣、浮渣（粒 状熔渣除外）、氧化皮及其他废料	261900	冶炼钢铁所产生的熔渣、浮渣（粒 状熔渣除外）、氧化皮及其他废 料	26	HS第26章	286				none	0.0	unmapped
26201100	主要含锌： 含硬锌	主要含锌： 含硬锌	262011	主要含锌： / 含硬锌	26	HS第26章	287				none	0.0	unmapped
26201900	其他	其他	262019	主要含锌： / 其他	26	HS第26章	287				none	0.0	unmapped
26202100	主要含铅： 含铅汽油的淤渣及含铅抗震化 合物的淤渣	主要含铅： 含铅汽油的淤渣及含铅抗震化 合物的淤渣	262021	主要含铅： / 含铅汽油的淤渣及含铅抗震化	26	HS第26章	287				none	0.0	unmapped
26202900	其他	其他	262029	主要含铅： / 其他	26	HS第26章	287				none	0.0	unmapped
26203000	主要含铜	主要含铜	262030	主要含铜	26	HS第26章	287				none	0.0	unmapped
26204000	主要含铝	主要含铝	262040	主要含铝	26	HS第26章	287				none	0.0	unmapped
26206000	含砷、汞、铊及其混合物，用于 提取或生产砷、汞、铊及其化合 物	含砷、汞、铊及其混合物，用于 提取或生产砷、汞、铊及其化合 物	262060	含砷、汞、铊及其混合物，用于	26	HS第26章	287				none	0.0	unmapped
26209100	其他： 含锑、铍、镉、铬及其混合物	其他： 含锑、铍、镉、铬及其混合物	262091	其他： / 含锑、铍、镉、铬及其混合物	26	HS第26章	287				none	0.0	unmapped
26209910	其他： 主要含钨	其他： 主要含钨	262099	其他	26	HS第26章	287				none	0.0	unmapped
26209990	其他	其他	262099	其他	26	HS第26章	288				none	0.0	unmapped
26211000	焚化城市垃圾所产生的灰、渣	焚化城市垃圾所产生的灰、渣	262110	焚化城市垃圾所产生的灰、渣	26	HS第26章	288				none	0.0	unmapped
26219000	其他	其他	262190	其他	26	HS第26章	288				none	0.0	unmapped
27011100	煤，不论是否粉化，但未制成型： 无烟煤	煤，不论是否粉化，但未制成型： 无烟煤	270111	煤，不论是否粉化，但未制成型： / 无烟煤	27	HS第27章	289				none	0.0	unmapped
27011210	炼焦煤	炼焦煤	270112	煤，不论是否粉化，但未制成型： / 烟煤	27	HS第27章	290				none	0.0	unmapped
27011290	其他	其他	270112	煤，不论是否粉化，但未制成型： / 烟煤	27	HS第27章	290				none	0.0	unmapped
27011900	其他煤	其他煤	270119	煤，不论是否粉化，但未制成型： / 其他煤	27	HS第27章	290				none	0.0	unmapped
27012000	煤砖、煤球及用煤制成的类似固 体燃料	煤砖、煤球及用煤制成的类似固 体燃料	270120	煤砖、煤球及用煤制成的类似固	27	HS第27章	290				none	0.0	unmapped
27021000	褐煤，不论是否粉化，但未制成 型	褐煤，不论是否粉化，但未制成 型	270210	褐煤，不论是否粉化，但未制成	27	HS第27章	290				none	0.0	unmapped
27022000	制成型的褐煤	制成型的褐煤	270220	制成型的褐煤	27	HS第27章	290				none	0.0	unmapped
27030000	泥煤（包括肥料用泥煤），不论是 否制成型	泥煤（包括肥料用泥煤），不论是 否制成型	270300	泥煤（包括肥料用泥煤），不论是 否制成型	27	HS第27章	290				none	0.0	unmapped
27040010	焦炭及半焦炭	焦炭及半焦炭	270400	煤、褐煤或泥煤制成的焦炭及半 焦炭，不论是否制成型；甑炭	27	HS第27章	290				none	0.0	unmapped
27040090	其他	其他	270400	煤、褐煤或泥煤制成的焦炭及半 焦炭，不论是否制成型；甑炭	27	HS第27章	290				none	0.0	unmapped
27050000	煤气、水煤气、炉煤气及类似气 体，但石油气及其他烃类气除外	煤气、水煤气、炉煤气及类似气 体，但石油气及其他烃类气除外	270500	煤气、水煤气、炉煤气及类似气 体，但石油气及其他烃类气除外	27	HS第27章	291				none	0.0	unmapped
27060000	从煤、褐煤或泥煤蒸馏所得的焦 油及其他矿物焦油，不论是否脱 水或部分蒸馏，包括再造焦油	从煤、褐煤或泥煤蒸馏所得的焦 油及其他矿物焦油，不论是否脱 水或部分蒸馏，包括再造焦油	270600	从煤、褐煤或泥煤蒸馏所得的焦 油及其他矿物焦油，不论是否脱 水或部分蒸馏，包括再造焦油	27	HS第27章	291				none	0.0	unmapped
27071000	粗苯	粗苯	270710	粗苯	27	HS第27章	291				none	0.0	unmapped
27072000	粗甲苯	粗甲苯	270720	粗甲苯	27	HS第27章	291				none	0.0	unmapped
27073000	粗二甲苯	粗二甲苯	270730	粗二甲苯	27	HS第27章	291				none	0.0	unmapped
27074000	萘	萘	270740	萘	27	HS第27章	291				none	0.0	unmapped
27075000	其他芳烃混合物，根据ISO 3405 方法（等同于ASTM D 86方法）， 温度在250摄氏度时的馏出量以 体积计（包括损耗）在65％及以 上	其他芳烃混合物，根据ISO 3405 方法（等同于ASTM D 86方法）， 温度在250摄氏度时的馏出量以 体积计（包括损耗）在65％及以 上	270750	其他芳烃混合物，根据ISO 3405	27	HS第27章	291				none	0.0	unmapped
27079100	杂酚油	杂酚油	270791	其他芳烃混合物，根据ISO 3405 / 杂酚油	27	HS第27章	292				none	0.0	unmapped
27079910	其他： 酚	其他： 酚	270799	其他芳烃混合物，根据ISO 3405 / 其他	27	HS第27章	292				none	0.0	unmapped
27079990	其他	其他	270799	其他芳烃混合物，根据ISO 3405 / 其他	27	HS第27章	292				none	0.0	unmapped
27081000	沥青	沥青	270810	沥青	27	HS第27章	292				none	0.0	unmapped
27082000	沥青焦 针状沥青焦	沥青焦 针状沥青焦	270820	沥青焦	27	HS第27章	292				none	0.0	unmapped
27090000	石油原油及从沥青矿物提取的原 油	石油原油及从沥青矿物提取的原 油	270900	石油原油及从沥青矿物提取的原 油	27	HS第27章	292				none	0.0	unmapped
27101210	车用汽油及航空汽油	车用汽油及航空汽油	271012	橡胶溶剂油，油漆溶剂油、抽	27	HS第27章	293				none	0.0	unmapped
27101220	石脑油	石脑油	271012	橡胶溶剂油，油漆溶剂油、抽	27	HS第27章	293				none	0.0	unmapped
27101230	橡胶溶剂油，油漆溶剂油、抽 提溶剂油	橡胶溶剂油，油漆溶剂油、抽 提溶剂油	271012	橡胶溶剂油，油漆溶剂油、抽	27	HS第27章	293	化工胶粘涂料	橡胶材料	化工胶粘涂料/橡胶材料	chemical-rubber	0.75	candidate
27101291	其他： 壬烯 壬烯(碳九混合异构体含量高于 90%)	其他： 壬烯 壬烯(碳九混合异构体含量高于 90%)	271012	橡胶溶剂油，油漆溶剂油、抽	27	HS第27章	293				none	0.0	unmapped
27101299	其他： 其他 异戊烯同分异构体混合物	其他： 其他 异戊烯同分异构体混合物	271012	橡胶溶剂油，油漆溶剂油、抽	27	HS第27章	294				none	0.0	unmapped
27101912	其他： ---煤油馏分： 灯用煤油	其他： ---煤油馏分： 灯用煤油	271019	其他	27	HS第27章	294				none	0.0	unmapped
27101913	煤油馏分： 生物航空煤油	煤油馏分： 生物航空煤油	271019	其他	27	HS第27章	294				none	0.0	unmapped
27101914	煤油馏分： 其他航空煤油，包括石油及从 沥青矿物提取的航空煤油	煤油馏分： 其他航空煤油，包括石油及从 沥青矿物提取的航空煤油	271019	其他	27	HS第27章	294				none	0.0	unmapped
27101919	煤油馏分： 其他	煤油馏分： 其他	271019	其他	27	HS第27章	294				none	0.0	unmapped
27101924	柴油及燃料油： 燃料油	柴油及燃料油： 燃料油	271019	其他	27	HS第27章	294				none	0.0	unmapped
27101925	柴油及燃料油： 烃基生物柴油	柴油及燃料油： 烃基生物柴油	271019	其他	27	HS第27章	295				none	0.0	unmapped
27101926	柴油及燃料油： 其他柴油	柴油及燃料油： 其他柴油	271019	其他	27	HS第27章	295				none	0.0	unmapped
27101991	其他： 润滑油	其他： 润滑油	271019	其他	27	HS第27章	295				none	0.0	unmapped
27101992	其他： 润滑脂	其他： 润滑脂	271019	其他	27	HS第27章	295				none	0.0	unmapped
27101993	其他： 润滑油基础油	其他： 润滑油基础油	271019	其他	27	HS第27章	295				none	0.0	unmapped
27101994	其他： 液体石蜡和重质液体石蜡	其他： 液体石蜡和重质液体石蜡	271019	其他	27	HS第27章	295				none	0.0	unmapped
27101999	其他： 其他 350度以下馏出物体积百分比小 于20%，550度以下馏出物体积百 分比大于80%的蜡油	其他： 其他 350度以下馏出物体积百分比小 于20%，550度以下馏出物体积百 分比大于80%的蜡油	271019	其他	27	HS第27章	296				none	0.0	unmapped
27102000	石油及从沥青矿物提取的油类 （但原油除外）以及以上述油为 基本成分（按重量计不低于70％） 的其他税目未列名制品，含有生 物柴油，但废油除外	石油及从沥青矿物提取的油类 （但原油除外）以及以上述油为 基本成分（按重量计不低于70％） 的其他税目未列名制品，含有生 物柴油，但废油除外	271020	石油及从沥青矿物提取的油类	27	HS第27章	296				none	0.0	unmapped
27109100	废油： 含多氯联苯（PCBs）、多氯三联 （PCTs）或多溴联苯（PBBs）的	废油： 含多氯联苯（PCBs）、多氯三联 （PCTs）或多溴联苯（PBBs）的	271091	废油： / 含多氯联苯（PCBs）、多氯三联	27	HS第27章	296				none	0.0	unmapped
27109900	其他	其他	271099	废油： / 其他	27	HS第27章	296				none	0.0	unmapped
27111100	液化的： 天然气	液化的： 天然气	271111	液化的： / 天然气	27	HS第27章	296				none	0.0	unmapped
27111200	丙烷	丙烷	271112	液化的： / 丙烷	27	HS第27章	296				none	0.0	unmapped
27111310	丁烷： 直接灌注香烟打火机及类似打 火器用，其包装容器的容积超过 300立方厘米	丁烷： 直接灌注香烟打火机及类似打 火器用，其包装容器的容积超过 300立方厘米	271113	液化的： / 丁烷	27	HS第27章	296				none	0.0	unmapped
27111390	其他	其他	271113	液化的： / 丁烷	27	HS第27章	296				none	0.0	unmapped
27111400	乙烯、丙烯、丁烯及丁二烯	乙烯、丙烯、丁烯及丁二烯	271114	液化的： / 乙烯、丙烯、丁烯及丁二烯	27	HS第27章	297				none	0.0	unmapped
27111910	其他： 直接灌注香烟打火机及类似打 火器用的燃料，其包装容器的容 积超过300立方厘米	其他： 直接灌注香烟打火机及类似打 火器用的燃料，其包装容器的容 积超过300立方厘米	271119	液化的： / 其他	27	HS第27章	297				none	0.0	unmapped
27111990	其他	其他	271119	液化的： / 其他	27	HS第27章	297				none	0.0	unmapped
27112100	气态的： 天然气	气态的： 天然气	271121	气态的： / 天然气	27	HS第27章	297				none	0.0	unmapped
27112900	其他	其他	271129	气态的： / 其他	27	HS第27章	297				none	0.0	unmapped
27121000	凡士林	凡士林	271210	凡士林	27	HS第27章	297				none	0.0	unmapped
27122000	石蜡，按重量计含油量小于 0.75％	石蜡，按重量计含油量小于 0.75％	271220	石蜡，按重量计含油量小于	27	HS第27章	297				none	0.0	unmapped
27129010	微晶石蜡	微晶石蜡	271290	其他	27	HS第27章	298				none	0.0	unmapped
27129090	其他	其他	271290	其他	27	HS第27章	298				none	0.0	unmapped
27131110	石油焦： --未煅烧： 硫的重量百分比小于3％的	石油焦： --未煅烧： 硫的重量百分比小于3％的	271311	石油焦： / 未煅烧	27	HS第27章	298				none	0.0	unmapped
27131190	其他	其他	271311	石油焦： / 未煅烧	27	HS第27章	298				none	0.0	unmapped
27131210	已煅烧： 硫的重量百分比小于0.8％的	已煅烧： 硫的重量百分比小于0.8％的	271312	石油焦： / 已煅烧	27	HS第27章	298				none	0.0	unmapped
27131290	其他	其他	271312	石油焦： / 已煅烧	27	HS第27章	298				none	0.0	unmapped
27132000	石油沥青	石油沥青	271320	石油沥青	27	HS第27章	298				none	0.0	unmapped
27139000	其他石油或从沥青矿物提取的 油类的残渣	其他石油或从沥青矿物提取的 油类的残渣	271390	其他石油或从沥青矿物提取的	27	HS第27章	299				none	0.0	unmapped
27141000	沥青页岩、油页岩及焦油砂	沥青页岩、油页岩及焦油砂	271410	沥青页岩、油页岩及焦油砂	27	HS第27章	299				none	0.0	unmapped
27149010	其他： 天然沥青（地沥青）	其他： 天然沥青（地沥青）	271490	其他	27	HS第27章	299				none	0.0	unmapped
27149020	乳化沥青	乳化沥青	271490	其他	27	HS第27章	299				none	0.0	unmapped
27149090	其他	其他	271490	其他	27	HS第27章	299				none	0.0	unmapped
27150000	以天然沥青（地沥青）、石油沥青、 矿物焦油或矿物焦油沥青为基本 成分的沥青混合物（例如，沥青 胶粘剂、稀释沥青）	以天然沥青（地沥青）、石油沥青、 矿物焦油或矿物焦油沥青为基本 成分的沥青混合物（例如，沥青 胶粘剂、稀释沥青）	271500	以天然沥青（地沥青）、石油沥青、 矿物焦油或矿物焦油沥青为基本 成分的沥青混合物（例如，沥青 胶粘剂、稀释沥青）	27	HS第27章	299				none	0.0	unmapped
27160000	电力	电力	271600	电力	27	HS第27章	299				none	0.0	unmapped
28011000	氯	氯	280110	氯	28	HS第28章	301				none	0.0	unmapped
28012000	碘	碘	280120	碘	28	HS第28章	301				none	0.0	unmapped
28013010	氟	氟	280130	氟；溴	28	HS第28章	302				none	0.0	unmapped
28013020	溴	溴	280130	氟；溴	28	HS第28章	302				none	0.0	unmapped
28020000	升华硫磺、沉淀硫磺；胶态硫磺	升华硫磺、沉淀硫磺；胶态硫磺	280200	升华硫磺、沉淀硫磺；胶态硫磺	28	HS第28章	302				none	0.0	unmapped
28030000	碳（碳黑及其他税目未列名的其 他形态的碳）	碳（碳黑及其他税目未列名的其 他形态的碳）	280300	碳（碳黑及其他税目未列名的其 他形态的碳）	28	HS第28章	302				none	0.0	unmapped
28041000	氢	氢	280410	氢	28	HS第28章	302				none	0.0	unmapped
28042100	稀有气体： 氩	稀有气体： 氩	280421	稀有气体： / 氩	28	HS第28章	302				none	0.0	unmapped
28042900	其他 氦	其他 氦	280429	稀有气体： / 其他	28	HS第28章	302				none	0.0	unmapped
28043000	氮	氮	280430	氮	28	HS第28章	302				none	0.0	unmapped
28044000	氧	氧	280440	氧	28	HS第28章	302				none	0.0	unmapped
28045000	硼；碲 碲	硼；碲 碲	280450	硼；碲	28	HS第28章	303				none	0.0	unmapped
28046117	硅： --按重量计含硅量不少于 99.99％： ---经掺杂用于电子工业的直径在 7.5厘米及以上的单晶硅棒： 直径在30厘米及以上的	硅： --按重量计含硅量不少于 99.99％： ---经掺杂用于电子工业的直径在 7.5厘米及以上的单晶硅棒： 直径在30厘米及以上的	280461	硅： / 按重量计含硅量不少于 99.99％	28	HS第28章	303				none	0.0	unmapped
28046119	经掺杂用于电子工业的直径在 7.5厘米及以上的单晶硅棒： 其他	经掺杂用于电子工业的直径在 7.5厘米及以上的单晶硅棒： 其他	280461	硅： / 按重量计含硅量不少于 99.99％	28	HS第28章	303				none	0.0	unmapped
28046120	经掺杂用于电子工业的其他单 晶硅棒	经掺杂用于电子工业的其他单 晶硅棒	280461	硅： / 按重量计含硅量不少于 99.99％	28	HS第28章	303				none	0.0	unmapped
28046190	其他	其他	280461	硅： / 按重量计含硅量不少于 99.99％	28	HS第28章	303				none	0.0	unmapped
28046900	其他	其他	280469	硅： / 其他	28	HS第28章	303				none	0.0	unmapped
28047010	磷： 黄磷（白磷）	磷： 黄磷（白磷）	280470	磷	28	HS第28章	303				none	0.0	unmapped
28047090	其他	其他	280470	磷	28	HS第28章	303				none	0.0	unmapped
28048000	砷	砷	280480	砷	28	HS第28章	303				none	0.0	unmapped
28049010	经掺杂用于电子工业的晶体棒	经掺杂用于电子工业的晶体棒	280490	砷	28	HS第28章	304				none	0.0	unmapped
28049090	其他	其他	280490	砷	28	HS第28章	304				none	0.0	unmapped
28051100	碱金属及碱土金属： 钠	碱金属及碱土金属： 钠	280511	碱金属及碱土金属： / 钠	28	HS第28章	304				none	0.0	unmapped
28051200	钙	钙	280512	碱金属及碱土金属： / 钙	28	HS第28章	304				none	0.0	unmapped
28051910	其他： 锂	其他： 锂	280519	碱金属及碱土金属： / 其他	28	HS第28章	304				none	0.0	unmapped
28051990	其他	其他	280519	碱金属及碱土金属： / 其他	28	HS第28章	304				none	0.0	unmapped
28053011	稀土金属、钪及钇，不论是否相 互混合或相互熔合： ---稀土金属、钪及钇，未相互混 合或相互熔合： 钕	稀土金属、钪及钇，不论是否相 互混合或相互熔合： ---稀土金属、钪及钇，未相互混 合或相互熔合： 钕	280530	稀土金属、钪及钇，不论是否相 互混合或相互熔合	28	HS第28章	304				none	0.0	unmapped
28053012	稀土金属、钪及钇，未相互混 合或相互熔合： 镝	稀土金属、钪及钇，未相互混 合或相互熔合： 镝	280530	稀土金属、钪及钇，不论是否相 互混合或相互熔合	28	HS第28章	304				none	0.0	unmapped
28053013	稀土金属、钪及钇，未相互混 合或相互熔合： 铽	稀土金属、钪及钇，未相互混 合或相互熔合： 铽	280530	稀土金属、钪及钇，不论是否相 互混合或相互熔合	28	HS第28章	305				none	0.0	unmapped
28053014	稀土金属、钪及钇，未相互混 合或相互熔合： 镧	稀土金属、钪及钇，未相互混 合或相互熔合： 镧	280530	稀土金属、钪及钇，不论是否相 互混合或相互熔合	28	HS第28章	305				none	0.0	unmapped
28053015	稀土金属、钪及钇，未相互混 合或相互熔合： 铈	稀土金属、钪及钇，未相互混 合或相互熔合： 铈	280530	稀土金属、钪及钇，不论是否相 互混合或相互熔合	28	HS第28章	305				none	0.0	unmapped
28053016	稀土金属、钪及钇，未相互混 合或相互熔合： 镨	稀土金属、钪及钇，未相互混 合或相互熔合： 镨	280530	稀土金属、钪及钇，不论是否相 互混合或相互熔合	28	HS第28章	305				none	0.0	unmapped
28053017	稀土金属、钪及钇，未相互混 合或相互熔合： 钇	稀土金属、钪及钇，未相互混 合或相互熔合： 钇	280530	稀土金属、钪及钇，不论是否相 互混合或相互熔合	28	HS第28章	305				none	0.0	unmapped
28053018	稀土金属、钪及钇，未相互混 合或相互熔合： 钪	稀土金属、钪及钇，未相互混 合或相互熔合： 钪	280530	稀土金属、钪及钇，不论是否相 互混合或相互熔合	28	HS第28章	305				none	0.0	unmapped
28053019	稀土金属、钪及钇，未相互混 合或相互熔合： 其他	稀土金属、钪及钇，未相互混 合或相互熔合： 其他	280530	稀土金属、钪及钇，不论是否相 互混合或相互熔合	28	HS第28章	305				none	0.0	unmapped
28053021	稀土金属、钪及钇，相互混合 或相互熔合： 电池级	稀土金属、钪及钇，相互混合 或相互熔合： 电池级	280530	稀土金属、钪及钇，不论是否相 互混合或相互熔合	28	HS第28章	305				none	0.0	unmapped
28053029	稀土金属、钪及钇，相互混合 或相互熔合： 其他	稀土金属、钪及钇，相互混合 或相互熔合： 其他	280530	稀土金属、钪及钇，不论是否相 互混合或相互熔合	28	HS第28章	305				none	0.0	unmapped
28054000	汞 第二分章 无机酸及非金属无机 氧化物	汞 第二分章 无机酸及非金属无机 氧化物	280540	汞	28	HS第28章	305				none	0.0	unmapped
28061000	氯化氢（盐酸）	氯化氢（盐酸）	280610	氯化氢（盐酸）	28	HS第28章	306				none	0.0	unmapped
28062000	氯磺酸	氯磺酸	280620	氯磺酸	28	HS第28章	306				none	0.0	unmapped
28070000	硫酸；发烟硫酸	硫酸；发烟硫酸	280700	硫酸；发烟硫酸	28	HS第28章	306				none	0.0	unmapped
28080000	硝酸；磺硝酸	硝酸；磺硝酸	280800	硝酸；磺硝酸	28	HS第28章	306				none	0.0	unmapped
28091000	五氧化二磷	五氧化二磷	280910	五氧化二磷	28	HS第28章	306				none	0.0	unmapped
28092011	磷酸及多磷酸： ---磷酸及偏磷酸、焦磷酸： 食品级磷酸	磷酸及多磷酸： ---磷酸及偏磷酸、焦磷酸： 食品级磷酸	280920	磷酸及多磷酸	28	HS第28章	306				none	0.0	unmapped
28092019	磷酸及偏磷酸、焦磷酸： 其他	磷酸及偏磷酸、焦磷酸： 其他	280920	磷酸及多磷酸	28	HS第28章	306				none	0.0	unmapped
28092090	其他	其他	280920	磷酸及多磷酸	28	HS第28章	306				none	0.0	unmapped
28100010	硼的氧化物	硼的氧化物	281000	硼的氧化物；硼酸	28	HS第28章	306				none	0.0	unmapped
28100020	硼酸	硼酸	281000	硼的氧化物；硼酸	28	HS第28章	307				none	0.0	unmapped
28111110	其他无机酸： --氟化氢（氢氟酸）： 电子级氢氟酸	其他无机酸： --氟化氢（氢氟酸）： 电子级氢氟酸	281111	其他无机酸： / 氟化氢（氢氟酸）	28	HS第28章	307				none	0.0	unmapped
28111190	其他	其他	281111	其他无机酸： / 氟化氢（氢氟酸）	28	HS第28章	307				none	0.0	unmapped
28111200	氰化氢（氢氰酸）	氰化氢（氢氰酸）	281112	其他无机酸： / 氰化氢（氢氰酸）	28	HS第28章	307				none	0.0	unmapped
28111920	其他： 硒化氢	其他： 硒化氢	281119	其他无机酸： / 其他	28	HS第28章	307				none	0.0	unmapped
28111990	其他	其他	281119	其他无机酸： / 其他	28	HS第28章	307				none	0.0	unmapped
28112100	其他非金属无机氧化物： 二氧化碳	其他非金属无机氧化物： 二氧化碳	281121	其他非金属无机氧化物： / 二氧化碳	28	HS第28章	307				none	0.0	unmapped
28112210	二氧化硅： 硅胶	二氧化硅： 硅胶	281122	其他非金属无机氧化物： / 二氧化硅	28	HS第28章	307				none	0.0	unmapped
28112290	其他	其他	281122	其他非金属无机氧化物： / 二氧化硅	28	HS第28章	308				none	0.0	unmapped
28112900	其他 第三分章 非金属卤化物及硫化 物	其他 第三分章 非金属卤化物及硫化 物	281129	其他非金属无机氧化物： / 其他	28	HS第28章	308				none	0.0	unmapped
28121100	氯化物及氯氧化物： 碳酰二氯（光气）	氯化物及氯氧化物： 碳酰二氯（光气）	281211	氯化物及氯氧化物： / 碳酰二氯（光气）	28	HS第28章	308				none	0.0	unmapped
28121200	氧氯化磷	氧氯化磷	281212	氯化物及氯氧化物： / 氧氯化磷	28	HS第28章	308				none	0.0	unmapped
28121300	三氯化磷	三氯化磷	281213	氯化物及氯氧化物： / 三氯化磷	28	HS第28章	308				none	0.0	unmapped
28121400	五氯化磷	五氯化磷	281214	氯化物及氯氧化物： / 五氯化磷	28	HS第28章	308				none	0.0	unmapped
28121500	一氯化硫	一氯化硫	281215	氯化物及氯氧化物： / 一氯化硫	28	HS第28章	308				none	0.0	unmapped
28121600	二氯化硫	二氯化硫	281216	氯化物及氯氧化物： / 二氯化硫	28	HS第28章	308				none	0.0	unmapped
28121700	亚硫酰氯	亚硫酰氯	281217	氯化物及氯氧化物： / 亚硫酰氯	28	HS第28章	308				none	0.0	unmapped
28121910	其他： 氯化物	其他： 氯化物	281219	氯化物及氯氧化物： / 其他	28	HS第28章	308				none	0.0	unmapped
28121990	其他	其他	281219	氯化物及氯氧化物： / 其他	28	HS第28章	309				none	0.0	unmapped
28129011	其他： ---氟化物及氟氧化物： 三氟化氮	其他： ---氟化物及氟氧化物： 三氟化氮	281290	其他	28	HS第28章	309				none	0.0	unmapped
28129012	氟化物及氟氧化物： 六氟化硫	氟化物及氟氧化物： 六氟化硫	281290	其他	28	HS第28章	309				none	0.0	unmapped
28129019	氟化物及氟氧化物： 其他 三氟化磷 三氟化硼	氟化物及氟氧化物： 其他 三氟化磷 三氟化硼	281290	其他	28	HS第28章	309				none	0.0	unmapped
28129090	其他	其他	281290	其他	28	HS第28章	309				none	0.0	unmapped
28131000	二硫化碳	二硫化碳	281310	二硫化碳	28	HS第28章	309				none	0.0	unmapped
28139000	其他 第四分章 无机碱和金属氧化 物、氢氧化物及过氧化物	其他 第四分章 无机碱和金属氧化 物、氢氧化物及过氧化物	281390	其他	28	HS第28章	309				none	0.0	unmapped
28141000	氨	氨	281410	氨	28	HS第28章	309				none	0.0	unmapped
28142000	氨水	氨水	281420	氨水	28	HS第28章	309				none	0.0	unmapped
28151100	氢氧化钠（烧碱）： 固体	氢氧化钠（烧碱）： 固体	281511	氢氧化钠（烧碱）： / 固体	28	HS第28章	310				none	0.0	unmapped
28151200	水溶液（氢氧化钠浓溶液及液体 烧碱）	水溶液（氢氧化钠浓溶液及液体 烧碱）	281512	氢氧化钠（烧碱）： / 水溶液（氢氧化钠浓溶液及液体	28	HS第28章	310				none	0.0	unmapped
28152000	氢氧化钾（苛性钾）	氢氧化钾（苛性钾）	281520	氢氧化钾（苛性钾）	28	HS第28章	310				none	0.0	unmapped
28153000	过氧化钠及过氧化钾	过氧化钠及过氧化钾	281530	过氧化钠及过氧化钾	28	HS第28章	310				none	0.0	unmapped
28161000	氢氧化镁及过氧化镁	氢氧化镁及过氧化镁	281610	氢氧化镁及过氧化镁	28	HS第28章	310				none	0.0	unmapped
28164000	锶或钡的氧化物、氢氧化物及过 氧化物	锶或钡的氧化物、氢氧化物及过 氧化物	281640	锶或钡的氧化物、氢氧化物及过	28	HS第28章	310				none	0.0	unmapped
28170010	氧化锌	氧化锌	281700	氧化锌及过氧化锌	28	HS第28章	310				none	0.0	unmapped
28170090	过氧化锌	过氧化锌	281700	氧化锌及过氧化锌	28	HS第28章	310				none	0.0	unmapped
28181010	棕刚玉	棕刚玉	281810	人造刚玉，不论是否已有化学定 义	28	HS第28章	311				none	0.0	unmapped
28181090	其他	其他	281810	人造刚玉，不论是否已有化学定 义	28	HS第28章	311				none	0.0	unmapped
28182000	氧化铝，但人造刚玉除外	氧化铝，但人造刚玉除外	281820	氧化铝，但人造刚玉除外	28	HS第28章	311				none	0.0	unmapped
28183000	氢氧化铝	氢氧化铝	281830	氢氧化铝	28	HS第28章	311				none	0.0	unmapped
28191000	三氧化铬	三氧化铬	281910	三氧化铬	28	HS第28章	311				none	0.0	unmapped
28199000	其他	其他	281990	其他	28	HS第28章	311				none	0.0	unmapped
28201000	二氧化锰	二氧化锰	282010	二氧化锰	28	HS第28章	311				none	0.0	unmapped
28209000	其他	其他	282090	其他	28	HS第28章	311				none	0.0	unmapped
28211000	铁的氧化物及氢氧化物	铁的氧化物及氢氧化物	282110	铁的氧化物及氢氧化物	28	HS第28章	311				none	0.0	unmapped
28212000	土色料	土色料	282120	土色料	28	HS第28章	312				none	0.0	unmapped
28220010	四氧化三钴	四氧化三钴	282200	钴的氧化物及氢氧化物；商品氧 化钴	28	HS第28章	312				none	0.0	unmapped
28220090	其他	其他	282200	钴的氧化物及氢氧化物；商品氧 化钴	28	HS第28章	312				none	0.0	unmapped
28230000	钛的氧化物	钛的氧化物	282300	钛的氧化物	28	HS第28章	312				none	0.0	unmapped
28241000	一氧化铅（铅黄、黄丹）	一氧化铅（铅黄、黄丹）	282410	一氧化铅（铅黄、黄丹）	28	HS第28章	312				none	0.0	unmapped
28249010	其他： 铅丹及铅橙	其他： 铅丹及铅橙	282490	其他	28	HS第28章	312				none	0.0	unmapped
28249090	其他	其他	282490	其他	28	HS第28章	312				none	0.0	unmapped
28251010	肼（联氨）、胲（羟胺）及其无 机盐： 水合肼	肼（联氨）、胲（羟胺）及其无 机盐： 水合肼	282510	肼（联氨）、胲（羟胺）及其无 机盐	28	HS第28章	312				none	0.0	unmapped
28251020	硫酸羟胺	硫酸羟胺	282510	肼（联氨）、胲（羟胺）及其无 机盐	28	HS第28章	313				none	0.0	unmapped
28251090	其他	其他	282510	肼（联氨）、胲（羟胺）及其无 机盐	28	HS第28章	313				none	0.0	unmapped
28252010	锂的氧化物及氢氧化物： 氢氧化锂	锂的氧化物及氢氧化物： 氢氧化锂	282520	锂的氧化物及氢氧化物	28	HS第28章	313				none	0.0	unmapped
28252090	其他	其他	282520	锂的氧化物及氢氧化物	28	HS第28章	313				none	0.0	unmapped
28253010	钒的氧化物及氢氧化物： 五氧化二钒	钒的氧化物及氢氧化物： 五氧化二钒	282530	钒的氧化物及氢氧化物	28	HS第28章	313				none	0.0	unmapped
28253090	其他	其他	282530	钒的氧化物及氢氧化物	28	HS第28章	313				none	0.0	unmapped
28254000	镍的氧化物及氢氧化物	镍的氧化物及氢氧化物	282540	镍的氧化物及氢氧化物	28	HS第28章	313				none	0.0	unmapped
28255000	铜的氧化物及氢氧化物	铜的氧化物及氢氧化物	282550	铜的氧化物及氢氧化物	28	HS第28章	313				none	0.0	unmapped
28256000	锗的氧化物及二氧化锆	锗的氧化物及二氧化锆	282560	锗的氧化物及二氧化锆	28	HS第28章	313				none	0.0	unmapped
28257000	钼的氧化物及氢氧化物	钼的氧化物及氢氧化物	282570	钼的氧化物及氢氧化物	28	HS第28章	313				none	0.0	unmapped
28258000	锑的氧化物	锑的氧化物	282580	锑的氧化物	28	HS第28章	314				none	0.0	unmapped
28259011	其他： ---钨的氧化物及氢氧化物： 钨酸	其他： ---钨的氧化物及氢氧化物： 钨酸	282590	其他	28	HS第28章	314				none	0.0	unmapped
28259012	钨的氧化物及氢氧化物： 三氧化钨	钨的氧化物及氢氧化物： 三氧化钨	282590	其他	28	HS第28章	314				none	0.0	unmapped
28259019	钨的氧化物及氢氧化物： 其他	钨的氧化物及氢氧化物： 其他	282590	其他	28	HS第28章	314				none	0.0	unmapped
28259021	铋的氧化物及氢氧化物： 三氧化二铋	铋的氧化物及氢氧化物： 三氧化二铋	282590	其他	28	HS第28章	314				none	0.0	unmapped
28259029	铋的氧化物及氢氧化物： 其他	铋的氧化物及氢氧化物： 其他	282590	其他	28	HS第28章	314				none	0.0	unmapped
28259031	锡的氧化物及氢氧化物： 二氧化锡	锡的氧化物及氢氧化物： 二氧化锡	282590	其他	28	HS第28章	314				none	0.0	unmapped
28259039	锡的氧化物及氢氧化物： 其他	锡的氧化物及氢氧化物： 其他	282590	其他	28	HS第28章	314				none	0.0	unmapped
28259041	铌的氧化物及氢氧化物： 一氧化铌	铌的氧化物及氢氧化物： 一氧化铌	282590	其他	28	HS第28章	314				none	0.0	unmapped
28259049	铌的氧化物及氢氧化物： 其他 五氧化二铌	铌的氧化物及氢氧化物： 其他 五氧化二铌	282590	其他	28	HS第28章	314				none	0.0	unmapped
28259090	其他 第五分章 无机酸盐、无机过氧 酸盐及金属酸盐、金属过氧酸盐	其他 第五分章 无机酸盐、无机过氧 酸盐及金属酸盐、金属过氧酸盐	282590	其他	28	HS第28章	315				none	0.0	unmapped
28261210	氟化物： --氟化铝： 无水氟化铝	氟化物： --氟化铝： 无水氟化铝	282612	氟化物： / 氟化铝	28	HS第28章	315				none	0.0	unmapped
28261290	其他	其他	282612	氟化物： / 氟化铝	28	HS第28章	315				none	0.0	unmapped
28261910	其他： 铵的氟化物	其他： 铵的氟化物	282619	氟化物： / 其他	28	HS第28章	315				none	0.0	unmapped
28261920	钠的氟化物	钠的氟化物	282619	氟化物： / 其他	28	HS第28章	315				none	0.0	unmapped
28261930	六氟化钨	六氟化钨	282619	氟化物： / 其他	28	HS第28章	315				none	0.0	unmapped
28261990	其他	其他	282619	氟化物： / 其他	28	HS第28章	315				none	0.0	unmapped
28263000	六氟铝酸钠（人造冰晶石）	六氟铝酸钠（人造冰晶石）	282630	六氟铝酸钠（人造冰晶石）	28	HS第28章	315				none	0.0	unmapped
28269010	其他： 氟硅酸盐	其他： 氟硅酸盐	282690	其他	28	HS第28章	315				none	0.0	unmapped
28269020	六氟磷酸锂	六氟磷酸锂	282690	其他	28	HS第28章	316				none	0.0	unmapped
28269090	其他 氟钽酸钾	其他 氟钽酸钾	282690	其他	28	HS第28章	316				none	0.0	unmapped
28271010	氯化铵： 肥料用	氯化铵： 肥料用	282710	氯化铵	28	HS第28章	316				none	0.0	unmapped
28271090	其他	其他	282710	氯化铵	28	HS第28章	316				none	0.0	unmapped
28272000	氯化钙	氯化钙	282720	氯化钙	28	HS第28章	316				none	0.0	unmapped
28273100	其他氯化物： 氯化镁	其他氯化物： 氯化镁	282731	其他氯化物： / 氯化镁	28	HS第28章	316				none	0.0	unmapped
28273200	氯化铝	氯化铝	282732	其他氯化物： / 氯化铝	28	HS第28章	316				none	0.0	unmapped
28273500	氯化镍	氯化镍	282735	其他氯化物： / 氯化镍	28	HS第28章	316				none	0.0	unmapped
28273910	氯化锂	氯化锂	282739	其他氯化物： / 其他	28	HS第28章	317				none	0.0	unmapped
28273920	氯化钡	氯化钡	282739	其他氯化物： / 其他	28	HS第28章	317				none	0.0	unmapped
28273930	氯化钴	氯化钴	282739	其他氯化物： / 其他	28	HS第28章	317				none	0.0	unmapped
28273990	其他	其他	282739	其他氯化物： / 其他	28	HS第28章	317				none	0.0	unmapped
28274100	氯氧化物及氢氧基氯化物： 铜的氯氧化物及氢氧基氯化物	氯氧化物及氢氧基氯化物： 铜的氯氧化物及氢氧基氯化物	282741	氯氧化物及氢氧基氯化物： / 铜的氯氧化物及氢氧基氯化物	28	HS第28章	317				none	0.0	unmapped
28274910	其他： 锆的氯氧化物及氢氧基氯化物	其他： 锆的氯氧化物及氢氧基氯化物	282749	氯氧化物及氢氧基氯化物： / 其他	28	HS第28章	317				none	0.0	unmapped
28274990	其他	其他	282749	氯氧化物及氢氧基氯化物： / 其他	28	HS第28章	317				none	0.0	unmapped
28275100	溴化物及溴氧化物： 溴化钠及溴化钾	溴化物及溴氧化物： 溴化钠及溴化钾	282751	溴化物及溴氧化物： / 溴化钠及溴化钾	28	HS第28章	317				none	0.0	unmapped
28275900	其他	其他	282759	溴化物及溴氧化物： / 其他	28	HS第28章	317				none	0.0	unmapped
28276000	碘化物及碘氧化物	碘化物及碘氧化物	282760	碘化物及碘氧化物	28	HS第28章	318				none	0.0	unmapped
28281000	商品次氯酸钙及其他钙的次氯 酸盐	商品次氯酸钙及其他钙的次氯 酸盐	282810	商品次氯酸钙及其他钙的次氯	28	HS第28章	318				none	0.0	unmapped
28289000	其他	其他	282890	其他	28	HS第28章	318				none	0.0	unmapped
28291100	氯酸盐： 氯酸钠	氯酸盐： 氯酸钠	282911	氯酸盐： / 氯酸钠	28	HS第28章	318				none	0.0	unmapped
28291910	其他： 氯酸钾（洋硝）	其他： 氯酸钾（洋硝）	282919	氯酸盐： / 其他	28	HS第28章	318				none	0.0	unmapped
28291990	其他	其他	282919	氯酸盐： / 其他	28	HS第28章	318				none	0.0	unmapped
28299000	其他	其他	282990	其他	28	HS第28章	318				none	0.0	unmapped
28301010	钠的硫化物： 硫化钠	钠的硫化物： 硫化钠	283010	钠的硫化物	28	HS第28章	318				none	0.0	unmapped
28301090	其他	其他	283010	钠的硫化物	28	HS第28章	319				none	0.0	unmapped
28309020	其他： 硫化锑	其他： 硫化锑	283090	其他	28	HS第28章	319				none	0.0	unmapped
28309030	硫化钴	硫化钴	283090	其他	28	HS第28章	319				none	0.0	unmapped
28309090	其他	其他	283090	其他	28	HS第28章	319				none	0.0	unmapped
28311010	钠的连二亚硫酸盐及次硫酸盐： 钠的连二亚硫酸盐	钠的连二亚硫酸盐及次硫酸盐： 钠的连二亚硫酸盐	283110	钠的连二亚硫酸盐及次硫酸盐	28	HS第28章	319				none	0.0	unmapped
28311020	钠的次硫酸盐	钠的次硫酸盐	283110	钠的连二亚硫酸盐及次硫酸盐	28	HS第28章	319				none	0.0	unmapped
28319000	其他	其他	283190	其他	28	HS第28章	319				none	0.0	unmapped
28321000	钠的亚硫酸盐	钠的亚硫酸盐	283210	钠的亚硫酸盐	28	HS第28章	319				none	0.0	unmapped
28322000	其他亚硫酸盐	其他亚硫酸盐	283220	其他亚硫酸盐	28	HS第28章	319				none	0.0	unmapped
28323000	硫代硫酸盐	硫代硫酸盐	283230	硫代硫酸盐	28	HS第28章	319				none	0.0	unmapped
28331100	硫酸钠	硫酸钠	283311	硫酸钠	28	HS第28章	320				none	0.0	unmapped
28331900	其他	其他	283319	其他	28	HS第28章	320				none	0.0	unmapped
28332100	其他硫酸盐： 硫酸镁	其他硫酸盐： 硫酸镁	283321	其他硫酸盐： / 硫酸镁	28	HS第28章	320				none	0.0	unmapped
28332200	硫酸铝	硫酸铝	283322	其他硫酸盐： / 硫酸铝	28	HS第28章	320				none	0.0	unmapped
28332400	镍的硫酸盐	镍的硫酸盐	283324	其他硫酸盐： / 镍的硫酸盐	28	HS第28章	320				none	0.0	unmapped
28332500	铜的硫酸盐	铜的硫酸盐	283325	其他硫酸盐： / 铜的硫酸盐	28	HS第28章	320				none	0.0	unmapped
28332700	硫酸钡	硫酸钡	283327	其他硫酸盐： / 硫酸钡	28	HS第28章	320				none	0.0	unmapped
28332910	其他： 硫酸亚铁	其他： 硫酸亚铁	283329	其他硫酸盐： / 其他	28	HS第28章	320				none	0.0	unmapped
28332920	铬的硫酸盐	铬的硫酸盐	283329	其他硫酸盐： / 其他	28	HS第28章	320				none	0.0	unmapped
28332930	硫酸锌	硫酸锌	283329	其他硫酸盐： / 其他	28	HS第28章	320				none	0.0	unmapped
28332990	其他 钴的硫酸盐	其他 钴的硫酸盐	283329	其他硫酸盐： / 其他	28	HS第28章	321				none	0.0	unmapped
28333010	矾： 钾铝矾	矾： 钾铝矾	283330	矾	28	HS第28章	321				none	0.0	unmapped
28333090	其他	其他	283330	矾	28	HS第28章	321				none	0.0	unmapped
28334000	过硫酸盐	过硫酸盐	283340	过硫酸盐	28	HS第28章	321				none	0.0	unmapped
28341000	亚硝酸盐	亚硝酸盐	283410	亚硝酸盐	28	HS第28章	321				none	0.0	unmapped
28342110	硝酸盐： --硝酸钾： 肥料用	硝酸盐： --硝酸钾： 肥料用	283421	硝酸盐： / 硝酸钾	28	HS第28章	321				none	0.0	unmapped
28342190	其他	其他	283421	硝酸盐： / 硝酸钾	28	HS第28章	321				none	0.0	unmapped
28342910	其他： 硝酸钴	其他： 硝酸钴	283429	硝酸盐： / 其他	28	HS第28章	321				none	0.0	unmapped
28342990	其他 硝酸钡	其他 硝酸钡	283429	硝酸盐： / 其他	28	HS第28章	321				none	0.0	unmapped
28351000	次磷酸盐及亚磷酸盐	次磷酸盐及亚磷酸盐	283510	次磷酸盐及亚磷酸盐	28	HS第28章	322				none	0.0	unmapped
28352200	磷酸盐： 磷酸一钠及磷酸二钠	磷酸盐： 磷酸一钠及磷酸二钠	283522	磷酸盐： / 磷酸一钠及磷酸二钠	28	HS第28章	322				none	0.0	unmapped
28352400	钾的磷酸盐	钾的磷酸盐	283524	磷酸盐： / 钾的磷酸盐	28	HS第28章	322				none	0.0	unmapped
28352510	正磷酸氢钙（磷酸二钙）： 饲料级的	正磷酸氢钙（磷酸二钙）： 饲料级的	283525	磷酸盐： / 正磷酸氢钙（磷酸二钙）	28	HS第28章	322				none	0.0	unmapped
28352520	食品级的	食品级的	283525	磷酸盐： / 正磷酸氢钙（磷酸二钙）	28	HS第28章	322				none	0.0	unmapped
28352590	其他	其他	283525	磷酸盐： / 正磷酸氢钙（磷酸二钙）	28	HS第28章	322				none	0.0	unmapped
28352600	其他磷酸钙	其他磷酸钙	283526	磷酸盐： / 其他磷酸钙	28	HS第28章	322				none	0.0	unmapped
28352910	其他： 磷酸三钠	其他： 磷酸三钠	283529	磷酸盐： / 其他	28	HS第28章	322				none	0.0	unmapped
28352990	其他	其他	283529	磷酸盐： / 其他	28	HS第28章	322				none	0.0	unmapped
28353110	食品级的	食品级的	283531	多磷酸盐	28	HS第28章	323				none	0.0	unmapped
28353190	其他	其他	283531	多磷酸盐	28	HS第28章	323				none	0.0	unmapped
28353911	其他： ---六偏磷酸钠： 食品级的	其他： ---六偏磷酸钠： 食品级的	283539	多磷酸盐： / 其他	28	HS第28章	323				none	0.0	unmapped
28353919	六偏磷酸钠： 其他	六偏磷酸钠： 其他	283539	多磷酸盐： / 其他	28	HS第28章	323				none	0.0	unmapped
28353990	其他	其他	283539	多磷酸盐： / 其他	28	HS第28章	323				none	0.0	unmapped
28362000	碳酸钠（纯碱）	碳酸钠（纯碱）	283620	碳酸钠（纯碱）	28	HS第28章	323				none	0.0	unmapped
28363000	碳酸氢钠（小苏打）	碳酸氢钠（小苏打）	283630	碳酸氢钠（小苏打）	28	HS第28章	323				none	0.0	unmapped
28364000	钾的碳酸盐	钾的碳酸盐	283640	钾的碳酸盐	28	HS第28章	323				none	0.0	unmapped
28365000	碳酸钙	碳酸钙	283650	碳酸钙	28	HS第28章	323				none	0.0	unmapped
28366000	碳酸钡	碳酸钡	283660	碳酸钡	28	HS第28章	324				none	0.0	unmapped
28369100	其他： 锂的碳酸盐	其他： 锂的碳酸盐	283691	其他： / 锂的碳酸盐	28	HS第28章	324				none	0.0	unmapped
28369200	锶的碳酸盐	锶的碳酸盐	283692	其他： / 锶的碳酸盐	28	HS第28章	324				none	0.0	unmapped
28369910	其他： 碳酸镁	其他： 碳酸镁	283699	其他	28	HS第28章	324				none	0.0	unmapped
28369930	碳酸钴	碳酸钴	283699	其他	28	HS第28章	324				none	0.0	unmapped
28369940	商品碳酸铵及其他铵的碳酸盐	商品碳酸铵及其他铵的碳酸盐	283699	其他	28	HS第28章	324				none	0.0	unmapped
28369950	碳酸锆	碳酸锆	283699	其他	28	HS第28章	324				none	0.0	unmapped
28369990	其他	其他	283699	其他	28	HS第28章	324				none	0.0	unmapped
28371110	氰化物及氧氰化物： --氰化钠及氧氰化钠： 氰化钠	氰化物及氧氰化物： --氰化钠及氧氰化钠： 氰化钠	283711	氰化物及氧氰化物： / 氰化钠及氧氰化钠	28	HS第28章	324				none	0.0	unmapped
28371120	氧氰化钠	氧氰化钠	283711	氰化物及氧氰化物： / 氰化钠及氧氰化钠	28	HS第28章	325				none	0.0	unmapped
28371910	其他： 氰化钾	其他： 氰化钾	283719	氰化物及氧氰化物： / 其他	28	HS第28章	325				none	0.0	unmapped
28371990	其他	其他	283719	氰化物及氧氰化物： / 其他	28	HS第28章	325				none	0.0	unmapped
28372000	氰络合物	氰络合物	283720	氰络合物	28	HS第28章	325				none	0.0	unmapped
28391100	钠盐： 偏硅酸钠	钠盐： 偏硅酸钠	283911	钠盐： / 偏硅酸钠	28	HS第28章	325				none	0.0	unmapped
28391910	其他： 硅酸钠	其他： 硅酸钠	283919	钠盐： / 其他	28	HS第28章	325				none	0.0	unmapped
28391990	其他	其他	283919	钠盐： / 其他	28	HS第28章	325				none	0.0	unmapped
28399000	其他 锆的硅酸盐	其他 锆的硅酸盐	283990	其他	28	HS第28章	325				none	0.0	unmapped
28401100	无水四硼酸钠	无水四硼酸钠	284011	四硼酸钠（精炼硼砂）： / 无水四硼酸钠	28	HS第28章	326				none	0.0	unmapped
28401900	其他	其他	284019	四硼酸钠（精炼硼砂）： / 其他	28	HS第28章	326				none	0.0	unmapped
28402000	其他硼酸盐	其他硼酸盐	284020	其他硼酸盐	28	HS第28章	326				none	0.0	unmapped
28403000	过硼酸盐	过硼酸盐	284030	过硼酸盐	28	HS第28章	326				none	0.0	unmapped
28413000	重铬酸钠	重铬酸钠	284130	重铬酸钠	28	HS第28章	326				none	0.0	unmapped
28415000	其他铬酸盐及重铬酸盐；过铬酸 盐	其他铬酸盐及重铬酸盐；过铬酸 盐	284150	其他铬酸盐及重铬酸盐；过铬酸	28	HS第28章	326				none	0.0	unmapped
28416100	亚锰酸盐、锰酸盐及高锰酸盐： 高锰酸钾	亚锰酸盐、锰酸盐及高锰酸盐： 高锰酸钾	284161	亚锰酸盐、锰酸盐及高锰酸盐： / 高锰酸钾	28	HS第28章	326				none	0.0	unmapped
28416910	其他： 锰酸锂	其他： 锰酸锂	284169	亚锰酸盐、锰酸盐及高锰酸盐： / 其他	28	HS第28章	326				none	0.0	unmapped
28416990	其他	其他	284169	亚锰酸盐、锰酸盐及高锰酸盐： / 其他	28	HS第28章	326				none	0.0	unmapped
28417010	钼酸盐： 钼酸铵	钼酸盐： 钼酸铵	284170	钼酸盐	28	HS第28章	326				none	0.0	unmapped
28417090	其他	其他	284170	钼酸盐	28	HS第28章	327				none	0.0	unmapped
28418010	钨酸盐： 仲钨酸铵	钨酸盐： 仲钨酸铵	284180	钨酸盐	28	HS第28章	327				none	0.0	unmapped
28418020	钨酸钠	钨酸钠	284180	钨酸盐	28	HS第28章	327				none	0.0	unmapped
28418030	钨酸钙	钨酸钙	284180	钨酸盐	28	HS第28章	327				none	0.0	unmapped
28418040	偏钨酸铵	偏钨酸铵	284180	钨酸盐	28	HS第28章	327				none	0.0	unmapped
28418090	其他	其他	284180	钨酸盐	28	HS第28章	327				none	0.0	unmapped
28419000	其他 铼酸盐及高铼酸盐 铌酸锂	其他 铼酸盐及高铼酸盐 铌酸锂	284190	其他	28	HS第28章	327				none	0.0	unmapped
28421000	硅酸复盐及硅酸络盐，（包括不 论是否已有化学定义的硅铝酸 盐） 环硅酸锆钠	硅酸复盐及硅酸络盐，（包括不 论是否已有化学定义的硅铝酸 盐） 环硅酸锆钠	284210	硅酸复盐及硅酸络盐，（包括不	28	HS第28章	327				none	0.0	unmapped
28429011	雷酸盐、氰酸盐及硫氰酸盐： 硫氰酸钠	雷酸盐、氰酸盐及硫氰酸盐： 硫氰酸钠	284290	其他	28	HS第28章	328				none	0.0	unmapped
28429019	雷酸盐、氰酸盐及硫氰酸盐： 其他	雷酸盐、氰酸盐及硫氰酸盐： 其他	284290	其他	28	HS第28章	328				none	0.0	unmapped
28429020	碲化镉	碲化镉	284290	其他	28	HS第28章	328				none	0.0	unmapped
28429030	锂镍钴锰氧化物	锂镍钴锰氧化物	284290	其他	28	HS第28章	328				none	0.0	unmapped
28429040	磷酸铁锂	磷酸铁锂	284290	其他	28	HS第28章	328				none	0.0	unmapped
28429050	硒酸盐及亚硒酸盐	硒酸盐及亚硒酸盐	284290	其他	28	HS第28章	328				none	0.0	unmapped
28429060	锂镍钴铝氧化物	锂镍钴铝氧化物	284290	其他	28	HS第28章	328				none	0.0	unmapped
28429090	其他 第六分章 杂项产品	其他 第六分章 杂项产品	284290	其他	28	HS第28章	328				none	0.0	unmapped
28431000	胶态贵金属	胶态贵金属	284310	胶态贵金属	28	HS第28章	328				none	0.0	unmapped
28432100	银化合物： 硝酸银	银化合物： 硝酸银	284321	银化合物： / 硝酸银	28	HS第28章	328				none	0.0	unmapped
28432900	其他	其他	284329	银化合物： / 其他	28	HS第28章	329				none	0.0	unmapped
28433000	金化合物	金化合物	284330	金化合物	28	HS第28章	329				none	0.0	unmapped
28439000	其他贵金属化合物；贵金属汞齐 抗癌药原料（奥沙利铂、卡铂、 奈达铂、顺铂） 燃料电池用氧化铱（铱含量75% 及以上，粒径40-100纳米，金属 杂质总量小于500ppm）	其他贵金属化合物；贵金属汞齐 抗癌药原料（奥沙利铂、卡铂、 奈达铂、顺铂） 燃料电池用氧化铱（铱含量75% 及以上，粒径40-100纳米，金属 杂质总量小于500ppm）	284390	其他贵金属化合物；贵金属汞齐	28	HS第28章	329				none	0.0	unmapped
28441000	天然铀及其化合物；含天然铀或 天然铀化合物的合金、分散体（包 括金属陶瓷）、陶瓷产品及混合物 天然铀及其化合物	天然铀及其化合物；含天然铀或 天然铀化合物的合金、分散体（包 括金属陶瓷）、陶瓷产品及混合物 天然铀及其化合物	284410	天然铀及其化合物；含天然铀或	28	HS第28章	329				none	0.0	unmapped
28442000	铀235浓缩铀及其化合物；钚及 其化合物；含铀235浓缩铀、钚或 它们的化合物的合金、分散体（包 括金属陶瓷）、陶瓷产品及混合物 含铀235浓度低于5％的低浓铀及 其化合物	铀235浓缩铀及其化合物；钚及 其化合物；含铀235浓缩铀、钚或 它们的化合物的合金、分散体（包 括金属陶瓷）、陶瓷产品及混合物 含铀235浓度低于5％的低浓铀及 其化合物	284420	铀235浓缩铀及其化合物；钚及	28	HS第28章	329				none	0.0	unmapped
28443000	铀235贫化铀及其化合物；钍及 其化合物；含铀235贫化铀、钍或 它们的化合物的合金、分散体（包 括金属陶瓷）、陶瓷产品及混合物	铀235贫化铀及其化合物；钍及 其化合物；含铀235贫化铀、钍或 它们的化合物的合金、分散体（包 括金属陶瓷）、陶瓷产品及混合物	284430	铀235贫化铀及其化合物；钍及	28	HS第28章	329				none	0.0	unmapped
28444100	除子目2844.10、2844.20及 2844.30以外的放射性元素、同位 素及其化合物；含这些元素、同 位素及其化合物的合金、分散体 （包括金属陶瓷）、陶瓷产品及混 合物；放射性残渣： 氚及其化合物；含氚及其化合物 的合金、分散体（包括金属陶瓷）、 陶瓷产品及混合物	除子目2844.10、2844.20及 2844.30以外的放射性元素、同位 素及其化合物；含这些元素、同 位素及其化合物的合金、分散体 （包括金属陶瓷）、陶瓷产品及混 合物；放射性残渣： 氚及其化合物；含氚及其化合物 的合金、分散体（包括金属陶瓷）、 陶瓷产品及混合物	284441	除子目2844.10、2844.20及 2844.30以外的放射性元素、同位 素及其化合物；含这些元素、同 位素及其化合物的合金、分散体 （包括金属陶瓷）、陶瓷产品及混 合物；放射性残渣： / 氚及其化合物；含氚及其化合物	28	HS第28章	329				none	0.0	unmapped
28444210	镭-223及镭-223盐 氯化镭[223Ra]注射液	镭-223及镭-223盐 氯化镭[223Ra]注射液	284442	除子目2844.10、2844.20及 2844.30以外的放射性元素、同位 素及其化合物；含这些元素、同 位素及其化合物的合金、分散体 （包括金属陶瓷）、陶瓷产品及混 合物；放射性残渣： / 氚及其化合物；含氚及其化合物	28	HS第28章	330				none	0.0	unmapped
28444290	其他	其他	284442	除子目2844.10、2844.20及 2844.30以外的放射性元素、同位 素及其化合物；含这些元素、同 位素及其化合物的合金、分散体 （包括金属陶瓷）、陶瓷产品及混 合物；放射性残渣： / 氚及其化合物；含氚及其化合物	28	HS第28章	330				none	0.0	unmapped
28444310	其他放射性元素、同位素及其化 合物；其他含这些元素、同位素 及其化合物的合金、分散体（包 括金属陶瓷）、陶瓷产品及混合 物： 除镭-223及镭-223盐外的镭及 镭盐	其他放射性元素、同位素及其化 合物；其他含这些元素、同位素 及其化合物的合金、分散体（包 括金属陶瓷）、陶瓷产品及混合 物： 除镭-223及镭-223盐外的镭及 镭盐	284443	除子目2844.10、2844.20及 2844.30以外的放射性元素、同位 素及其化合物；含这些元素、同 位素及其化合物的合金、分散体 （包括金属陶瓷）、陶瓷产品及混 合物；放射性残渣： / 其他放射性元素、同位素及其化 合物；其他含这些元素、同位素 及其化合物的合金、分散体（包 括金属陶瓷）、陶瓷产品及混合 物	28	HS第28章	330				none	0.0	unmapped
28444320	钴及钴盐	钴及钴盐	284443	除子目2844.10、2844.20及 2844.30以外的放射性元素、同位 素及其化合物；含这些元素、同 位素及其化合物的合金、分散体 （包括金属陶瓷）、陶瓷产品及混 合物；放射性残渣： / 其他放射性元素、同位素及其化 合物；其他含这些元素、同位素 及其化合物的合金、分散体（包 括金属陶瓷）、陶瓷产品及混合 物	28	HS第28章	330				none	0.0	unmapped
28444390	其他 钇[90]微球注射液	其他 钇[90]微球注射液	284443	除子目2844.10、2844.20及 2844.30以外的放射性元素、同位 素及其化合物；含这些元素、同 位素及其化合物的合金、分散体 （包括金属陶瓷）、陶瓷产品及混 合物；放射性残渣： / 其他放射性元素、同位素及其化 合物；其他含这些元素、同位素 及其化合物的合金、分散体（包 括金属陶瓷）、陶瓷产品及混合 物	28	HS第28章	330				none	0.0	unmapped
28444400	放射性残渣	放射性残渣	284444	除子目2844.10、2844.20及 2844.30以外的放射性元素、同位 素及其化合物；含这些元素、同 位素及其化合物的合金、分散体 （包括金属陶瓷）、陶瓷产品及混 合物；放射性残渣： / 放射性残渣	28	HS第28章	330				none	0.0	unmapped
28445000	核反应堆已耗尽（已辐照）的燃 料元件（释热元件）	核反应堆已耗尽（已辐照）的燃 料元件（释热元件）	284450	核反应堆已耗尽（已辐照）的燃	28	HS第28章	330				none	0.0	unmapped
28451000	重水（氧化氘）	重水（氧化氘）	284510	重水（氧化氘）	28	HS第28章	331				none	0.0	unmapped
28452000	硼-10浓缩硼及其化合物	硼-10浓缩硼及其化合物	284520	硼-10浓缩硼及其化合物	28	HS第28章	331				none	0.0	unmapped
28453000	锂-6浓缩锂及其化合物	锂-6浓缩锂及其化合物	284530	锂-6浓缩锂及其化合物	28	HS第28章	331				none	0.0	unmapped
28454000	氦-3	氦-3	284540	氦-3	28	HS第28章	331				none	0.0	unmapped
28459000	其他 氘丁苯那嗪 抗癌药原料（甲苯磺酸多纳非尼）	其他 氘丁苯那嗪 抗癌药原料（甲苯磺酸多纳非尼）	284590	其他	28	HS第28章	331				none	0.0	unmapped
28461010	铈的化合物： 氧化铈	铈的化合物： 氧化铈	284610	铈的化合物	28	HS第28章	331				none	0.0	unmapped
28461020	氢氧化铈	氢氧化铈	284610	铈的化合物	28	HS第28章	331				none	0.0	unmapped
28461030	碳酸铈	碳酸铈	284610	铈的化合物	28	HS第28章	331				none	0.0	unmapped
28461090	其他	其他	284610	铈的化合物	28	HS第28章	331				none	0.0	unmapped
28469011	氧化稀土（氧化铈除外）： 氧化钇	氧化稀土（氧化铈除外）： 氧化钇	284690	其他	28	HS第28章	332				none	0.0	unmapped
28469012	氧化稀土（氧化铈除外）： 氧化镧	氧化稀土（氧化铈除外）： 氧化镧	284690	其他	28	HS第28章	332				none	0.0	unmapped
28469013	氧化稀土（氧化铈除外）： 氧化钕	氧化稀土（氧化铈除外）： 氧化钕	284690	其他	28	HS第28章	332				none	0.0	unmapped
28469014	氧化稀土（氧化铈除外）： 氧化铕	氧化稀土（氧化铈除外）： 氧化铕	284690	其他	28	HS第28章	332				none	0.0	unmapped
28469015	氧化稀土（氧化铈除外）： 氧化镝	氧化稀土（氧化铈除外）： 氧化镝	284690	其他	28	HS第28章	332				none	0.0	unmapped
28469016	氧化稀土（氧化铈除外）： 氧化铽	氧化稀土（氧化铈除外）： 氧化铽	284690	其他	28	HS第28章	332				none	0.0	unmapped
28469017	氧化稀土（氧化铈除外）： 氧化镨	氧化稀土（氧化铈除外）： 氧化镨	284690	其他	28	HS第28章	332				none	0.0	unmapped
28469018	氧化稀土（氧化铈除外）： 氧化镥	氧化稀土（氧化铈除外）： 氧化镥	284690	其他	28	HS第28章	332				none	0.0	unmapped
28469019	氧化稀土（氧化铈除外）： 其他	氧化稀土（氧化铈除外）： 其他	284690	其他	28	HS第28章	332				none	0.0	unmapped
28469021	氯化稀土： 氯化铽	氯化稀土： 氯化铽	284690	其他	28	HS第28章	332				none	0.0	unmapped
28469022	氯化稀土： 氯化镝	氯化稀土： 氯化镝	284690	其他	28	HS第28章	332				none	0.0	unmapped
28469023	氯化稀土： 氯化镧	氯化稀土： 氯化镧	284690	其他	28	HS第28章	333				none	0.0	unmapped
28469024	氯化稀土： 氯化钕	氯化稀土： 氯化钕	284690	其他	28	HS第28章	333				none	0.0	unmapped
28469025	氯化稀土： 氯化镨	氯化稀土： 氯化镨	284690	其他	28	HS第28章	333				none	0.0	unmapped
28469026	氯化稀土： 氯化钇	氯化稀土： 氯化钇	284690	其他	28	HS第28章	333				none	0.0	unmapped
28469028	氯化稀土： 混合氯化稀土	氯化稀土： 混合氯化稀土	284690	其他	28	HS第28章	333				none	0.0	unmapped
28469029	氯化稀土： 其他	氯化稀土： 其他	284690	其他	28	HS第28章	333				none	0.0	unmapped
28469031	氟化稀土： 氟化铽	氟化稀土： 氟化铽	284690	其他	28	HS第28章	333				none	0.0	unmapped
28469032	氟化稀土： 氟化镝	氟化稀土： 氟化镝	284690	其他	28	HS第28章	333				none	0.0	unmapped
28469033	氟化稀土： 氟化镧	氟化稀土： 氟化镧	284690	其他	28	HS第28章	333				none	0.0	unmapped
28469034	氟化稀土： 氟化钕	氟化稀土： 氟化钕	284690	其他	28	HS第28章	333				none	0.0	unmapped
28469035	氟化稀土： 氟化镨	氟化稀土： 氟化镨	284690	其他	28	HS第28章	333				none	0.0	unmapped
28469036	氟化稀土： 氟化钇	氟化稀土： 氟化钇	284690	其他	28	HS第28章	334				none	0.0	unmapped
28469039	氟化稀土： 其他	氟化稀土： 其他	284690	其他	28	HS第28章	334				none	0.0	unmapped
28469041	碳酸稀土： 碳酸镧	碳酸稀土： 碳酸镧	284690	其他	28	HS第28章	334				none	0.0	unmapped
28469042	碳酸稀土： 碳酸铽	碳酸稀土： 碳酸铽	284690	其他	28	HS第28章	334				none	0.0	unmapped
28469043	碳酸稀土： 碳酸镝	碳酸稀土： 碳酸镝	284690	其他	28	HS第28章	334				none	0.0	unmapped
28469044	碳酸稀土： 碳酸钕	碳酸稀土： 碳酸钕	284690	其他	28	HS第28章	334				none	0.0	unmapped
28469045	碳酸稀土： 碳酸镨	碳酸稀土： 碳酸镨	284690	其他	28	HS第28章	334				none	0.0	unmapped
28469046	碳酸稀土： 碳酸钇	碳酸稀土： 碳酸钇	284690	其他	28	HS第28章	334				none	0.0	unmapped
28469048	碳酸稀土： 混合碳酸稀土	碳酸稀土： 混合碳酸稀土	284690	其他	28	HS第28章	334				none	0.0	unmapped
28469049	碳酸稀土： 其他	碳酸稀土： 其他	284690	其他	28	HS第28章	334				none	0.0	unmapped
28469091	其他： 镧的其他化合物	其他： 镧的其他化合物	284690	其他	28	HS第28章	335				none	0.0	unmapped
28469092	其他： 钕的其他化合物	其他： 钕的其他化合物	284690	其他	28	HS第28章	335				none	0.0	unmapped
28469093	其他： 铽的其他化合物	其他： 铽的其他化合物	284690	其他	28	HS第28章	335				none	0.0	unmapped
28469094	其他： 镝的其他化合物	其他： 镝的其他化合物	284690	其他	28	HS第28章	335				none	0.0	unmapped
28469095	其他： 镨的其他化合物	其他： 镨的其他化合物	284690	其他	28	HS第28章	335				none	0.0	unmapped
28469096	其他： 钇的其他化合物	其他： 钇的其他化合物	284690	其他	28	HS第28章	335				none	0.0	unmapped
28469099	其他： 其他	其他： 其他	284690	其他	28	HS第28章	335				none	0.0	unmapped
28470000	过氧化氢，不论是否用尿素固化	过氧化氢，不论是否用尿素固化	284700	过氧化氢，不论是否用尿素固化	28	HS第28章	335				none	0.0	unmapped
28491000	碳化钙	碳化钙	284910	碳化钙	28	HS第28章	335				none	0.0	unmapped
28492000	碳化硅	碳化硅	284920	碳化硅	28	HS第28章	335				none	0.0	unmapped
28499010	碳化硼	碳化硼	284990	其他	28	HS第28章	336				none	0.0	unmapped
28499020	碳化钨	碳化钨	284990	其他	28	HS第28章	336				none	0.0	unmapped
28499090	其他	其他	284990	其他	28	HS第28章	336				none	0.0	unmapped
28500011	氮化物： 氮化锰	氮化物： 氮化锰	285000	氢化物、氮化物、迭氮化物、硅 化物及硼化物，不论是否已有化 学定义，但可归入税目28.49的碳 化物除外	28	HS第28章	336				none	0.0	unmapped
28500012	氮化物： 氮化硼	氮化物： 氮化硼	285000	氢化物、氮化物、迭氮化物、硅 化物及硼化物，不论是否已有化 学定义，但可归入税目28.49的碳 化物除外	28	HS第28章	336				none	0.0	unmapped
28500019	氮化物： 其他	氮化物： 其他	285000	氢化物、氮化物、迭氮化物、硅 化物及硼化物，不论是否已有化 学定义，但可归入税目28.49的碳 化物除外	28	HS第28章	336				none	0.0	unmapped
28500090	其他 乙硅烷 砷烷	其他 乙硅烷 砷烷	285000	氢化物、氮化物、迭氮化物、硅 化物及硼化物，不论是否已有化 学定义，但可归入税目28.49的碳 化物除外	28	HS第28章	336				none	0.0	unmapped
28521000	已有化学定义的	已有化学定义的	285210	已有化学定义的	28	HS第28章	336				none	0.0	unmapped
28529000	其他	其他	285290	其他	28	HS第28章	337				none	0.0	unmapped
28531000	氯化氰	氯化氰	285310	氯化氰	28	HS第28章	337				none	0.0	unmapped
28539010	其他： 饮用蒸馏水	其他： 饮用蒸馏水	285390	其他	28	HS第28章	337				none	0.0	unmapped
28539030	镍钴锰氢氧化物	镍钴锰氢氧化物	285390	其他	28	HS第28章	337				none	0.0	unmapped
28539040	磷化物，不论是否已有化学定 义，但不包括磷铁 磷烷	磷化物，不论是否已有化学定 义，但不包括磷铁 磷烷	285390	其他	28	HS第28章	337				none	0.0	unmapped
28539050	镍钴铝氢氧化物	镍钴铝氢氧化物	285390	其他	28	HS第28章	337				none	0.0	unmapped
28539090	其他	其他	285390	其他	28	HS第28章	337				none	0.0	unmapped
29011010	饱和： 乙烷	饱和： 乙烷	290110	饱和	29	HS第29章	339				none	0.0	unmapped
29011090	其他	其他	290110	饱和	29	HS第29章	339				none	0.0	unmapped
29012100	不饱和： 乙烯	不饱和： 乙烯	290121	不饱和： / 乙烯	29	HS第29章	339				none	0.0	unmapped
29012200	丙烯	丙烯	290122	不饱和： / 丙烯	29	HS第29章	340				none	0.0	unmapped
29012310	丁烯及其异构体： 1-丁烯	丁烯及其异构体： 1-丁烯	290123	不饱和： / 丁烯及其异构体	29	HS第29章	340				none	0.0	unmapped
29012320	2-丁烯	2-丁烯	290123	不饱和： / 丁烯及其异构体	29	HS第29章	340				none	0.0	unmapped
29012330	2-甲基丙烯	2-甲基丙烯	290123	不饱和： / 丁烯及其异构体	29	HS第29章	340				none	0.0	unmapped
29012410	1，3-丁二烯及异戊二烯： 1，3-丁二烯	1，3-丁二烯及异戊二烯： 1，3-丁二烯	290124	不饱和： / 1，3-丁二烯及异戊二烯	29	HS第29章	340				none	0.0	unmapped
29012420	异戊二烯	异戊二烯	290124	不饱和： / 1，3-丁二烯及异戊二烯	29	HS第29章	340				none	0.0	unmapped
29012910	其他： 异戊烯	其他： 异戊烯	290129	不饱和： / 其他	29	HS第29章	340				none	0.0	unmapped
29012920	乙炔	乙炔	290129	不饱和： / 其他	29	HS第29章	340				none	0.0	unmapped
29012990	其他	其他	290129	不饱和： / 其他	29	HS第29章	341				none	0.0	unmapped
29021100	环烷烃、环烯及环萜烯： 环己烷	环烷烃、环烯及环萜烯： 环己烷	290211	环烷烃、环烯及环萜烯： / 环己烷	29	HS第29章	341				none	0.0	unmapped
29021910	其他： 蒎烯	其他： 蒎烯	290219	环烷烃、环烯及环萜烯： / 其他	29	HS第29章	341				none	0.0	unmapped
29021920	4-烷基-4'-烷基双环己烷	4-烷基-4'-烷基双环己烷	290219	环烷烃、环烯及环萜烯： / 其他	29	HS第29章	341				none	0.0	unmapped
29021990	其他	其他	290219	环烷烃、环烯及环萜烯： / 其他	29	HS第29章	341				none	0.0	unmapped
29022000	苯	苯	290220	苯	29	HS第29章	341				none	0.0	unmapped
29023000	甲苯	甲苯	290230	甲苯	29	HS第29章	341				none	0.0	unmapped
29024100	二甲苯： 邻二甲苯	二甲苯： 邻二甲苯	290241	二甲苯： / 邻二甲苯	29	HS第29章	341				none	0.0	unmapped
29024200	间二甲苯	间二甲苯	290242	二甲苯： / 间二甲苯	29	HS第29章	341				none	0.0	unmapped
29024300	对二甲苯	对二甲苯	290243	二甲苯： / 对二甲苯	29	HS第29章	342				none	0.0	unmapped
29024400	混合二甲苯异构体	混合二甲苯异构体	290244	二甲苯： / 混合二甲苯异构体	29	HS第29章	342				none	0.0	unmapped
29025000	苯乙烯	苯乙烯	290250	苯乙烯	29	HS第29章	342				none	0.0	unmapped
29026000	乙苯	乙苯	290260	乙苯	29	HS第29章	342				none	0.0	unmapped
29027000	异丙基苯	异丙基苯	290270	异丙基苯	29	HS第29章	342				none	0.0	unmapped
29029010	其他： 四氢萘	其他： 四氢萘	290290	其他	29	HS第29章	342				none	0.0	unmapped
29029020	精萘	精萘	290290	其他	29	HS第29章	342				none	0.0	unmapped
29029030	十二烷基苯	十二烷基苯	290290	其他	29	HS第29章	342				none	0.0	unmapped
29029040	4-（4'-烷基环己基）环己基乙 烯	4-（4'-烷基环己基）环己基乙 烯	290290	其他	29	HS第29章	342				none	0.0	unmapped
29029050	1-烷基-4-（4-烷烯基-1，1'-双环 己基）苯	1-烷基-4-（4-烷烯基-1，1'-双环 己基）苯	290290	其他	29	HS第29章	343				none	0.0	unmapped
29029090	其他	其他	290290	其他	29	HS第29章	343				none	0.0	unmapped
29031100	无环烃的饱和氯化衍生物： 一氯甲烷及氯乙烷	无环烃的饱和氯化衍生物： 一氯甲烷及氯乙烷	290311	无环烃的饱和氯化衍生物： / 一氯甲烷及氯乙烷	29	HS第29章	343				none	0.0	unmapped
29031200	二氯甲烷	二氯甲烷	290312	无环烃的饱和氯化衍生物： / 二氯甲烷	29	HS第29章	343				none	0.0	unmapped
29031300	氯仿（三氯甲烷）	氯仿（三氯甲烷）	290313	无环烃的饱和氯化衍生物： / 氯仿（三氯甲烷）	29	HS第29章	343				none	0.0	unmapped
29031400	四氯化碳	四氯化碳	290314	无环烃的饱和氯化衍生物： / 四氯化碳	29	HS第29章	343				none	0.0	unmapped
29031500	1，2-二氯乙烷（ISO） 5.5∆1	1，2-二氯乙烷（ISO） 5.5∆1	290315	无环烃的饱和氯化衍生物： / 1，2-二氯乙烷（ISO） 5.5∆1	29	HS第29章	343				none	0.0	unmapped
29031910	1，1，1-三氯乙烷（甲基氯仿）	1，1，1-三氯乙烷（甲基氯仿）	290319	无环烃的饱和氯化衍生物： / 其他	29	HS第29章	344				none	0.0	unmapped
29031990	其他	其他	290319	无环烃的饱和氯化衍生物： / 其他	29	HS第29章	344				none	0.0	unmapped
29032100	无环烃的不饱和氯化衍生物： 氯乙烯	无环烃的不饱和氯化衍生物： 氯乙烯	290321	无环烃的不饱和氯化衍生物： / 氯乙烯	29	HS第29章	344				none	0.0	unmapped
29032200	三氯乙烯	三氯乙烯	290322	无环烃的不饱和氯化衍生物： / 三氯乙烯	29	HS第29章	344				none	0.0	unmapped
29032300	四氯乙烯（全氯乙烯）	四氯乙烯（全氯乙烯）	290323	无环烃的不饱和氯化衍生物： / 四氯乙烯（全氯乙烯）	29	HS第29章	344				none	0.0	unmapped
29032910	其他： 3-氯-1-丙烯（氯丙烯）	其他： 3-氯-1-丙烯（氯丙烯）	290329	无环烃的不饱和氯化衍生物： / 其他	29	HS第29章	344				none	0.0	unmapped
29032990	其他	其他	290329	无环烃的不饱和氯化衍生物： / 其他	29	HS第29章	344				none	0.0	unmapped
29034100	无环烃的饱和氟化衍生物： 三氟甲烷（HFC-23）	无环烃的饱和氟化衍生物： 三氟甲烷（HFC-23）	290341	无环烃的饱和氟化衍生物： / 三氟甲烷（HFC-23）	29	HS第29章	344				none	0.0	unmapped
29034200	二氟甲烷（HFC-32）	二氟甲烷（HFC-32）	290342	无环烃的饱和氟化衍生物： / 二氟甲烷（HFC-32）	29	HS第29章	345				none	0.0	unmapped
29034300	一氟甲烷（HFC-41）、1，2-二 氟乙烷（HFC-152）及1，1 -二氟 乙烷（HFC-152a）	一氟甲烷（HFC-41）、1，2-二 氟乙烷（HFC-152）及1，1 -二氟 乙烷（HFC-152a）	290343	无环烃的饱和氟化衍生物： / 一氟甲烷（HFC-41）、1，2-二	29	HS第29章	345				none	0.0	unmapped
29034400	五氟乙烷（HFC-125）、1，1， 1-三氟乙烷（HFC-143a）及1，1， 2-三氟乙烷（HFC-143）	五氟乙烷（HFC-125）、1，1， 1-三氟乙烷（HFC-143a）及1，1， 2-三氟乙烷（HFC-143）	290344	无环烃的饱和氟化衍生物： / 五氟乙烷（HFC-125）、1，1，	29	HS第29章	345				none	0.0	unmapped
29034500	1，1，1，2-四氟乙烷（HFC-134a） 及1，1，2，2-四氟乙烷（HFC-134）	1，1，1，2-四氟乙烷（HFC-134a） 及1，1，2，2-四氟乙烷（HFC-134）	290345	无环烃的饱和氟化衍生物： / 1，1，1，2-四氟乙烷（HFC-134a）	29	HS第29章	345				none	0.0	unmapped
29034600	1，1，1，2，3，3，3-七氟丙烷 （HFC-227ea）、1，1，1，2，2， 3-六氟丙烷（HFC-236cb）、1，1， 1，2，3，3-六氟丙烷（HFC-236ea）、 1，1，1，3，3，3-六氟丙烷 （HFC-236fa）	1，1，1，2，3，3，3-七氟丙烷 （HFC-227ea）、1，1，1，2，2， 3-六氟丙烷（HFC-236cb）、1，1， 1，2，3，3-六氟丙烷（HFC-236ea）、 1，1，1，3，3，3-六氟丙烷 （HFC-236fa）	290346	无环烃的饱和氟化衍生物： / 1，1，1，2，3，3，3-七氟丙烷	29	HS第29章	345				none	0.0	unmapped
29034700	1，1，1，3，3-五氟丙烷 （HFC-245fa）及1，1，2，2，3- 五氟丙烷（HFC-245ca）	1，1，1，3，3-五氟丙烷 （HFC-245fa）及1，1，2，2，3- 五氟丙烷（HFC-245ca）	290347	无环烃的饱和氟化衍生物： / 1，1，1，3，3-五氟丙烷	29	HS第29章	345				none	0.0	unmapped
29034800	1，1，1，3，3-五氟丁烷 （HFC-365mfc）及1，1，1，2， 2，3，4，5，5，5-十氟戊烷 （HFC-43-10mee）	1，1，1，3，3-五氟丁烷 （HFC-365mfc）及1，1，1，2， 2，3，4，5，5，5-十氟戊烷 （HFC-43-10mee）	290348	无环烃的饱和氟化衍生物： / 1，1，1，3，3-五氟丁烷	29	HS第29章	345				none	0.0	unmapped
29034900	其他	其他	290349	无环烃的饱和氟化衍生物： / 其他	29	HS第29章	346				none	0.0	unmapped
29035100	无环烃的不饱和氟化衍生物： 2，3，3，3-四氟丙烯 （HFO-1234yf）、1，3，3，3-四 氟丙烯（HFO-1234ze）及（Z）-1， 1，1，4，4，4-六氟-2-丁烯 （HFO-1336mzz）	无环烃的不饱和氟化衍生物： 2，3，3，3-四氟丙烯 （HFO-1234yf）、1，3，3，3-四 氟丙烯（HFO-1234ze）及（Z）-1， 1，1，4，4，4-六氟-2-丁烯 （HFO-1336mzz）	290351	无环烃的不饱和氟化衍生物： / 2，3，3，3-四氟丙烯	29	HS第29章	346				none	0.0	unmapped
29035910	其他： 1，1，3，3，3-五氟-2三氟甲基	其他： 1，1，3，3，3-五氟-2三氟甲基	290359	1-丙烯（全氟异丁烯；八氟异丁 烯） / 其他	29	HS第29章	346				none	0.0	unmapped
29035990	1-丙烯（全氟异丁烯；八氟异丁 烯） 其他	1-丙烯（全氟异丁烯；八氟异丁 烯） 其他	290359	1-丙烯（全氟异丁烯；八氟异丁 烯） / 其他	29	HS第29章	346				none	0.0	unmapped
29036100	无环烃的溴化或碘化衍生物： 甲基溴（溴甲烷）	无环烃的溴化或碘化衍生物： 甲基溴（溴甲烷）	290361	无环烃的溴化或碘化衍生物： / 甲基溴（溴甲烷）	29	HS第29章	346				none	0.0	unmapped
29036200	二溴乙烷（ISO）（1，2-二溴乙 烷）	二溴乙烷（ISO）（1，2-二溴乙 烷）	290362	无环烃的溴化或碘化衍生物： / 二溴乙烷（ISO）（1，2-二溴乙	29	HS第29章	346				none	0.0	unmapped
29036900	其他	其他	290369	无环烃的溴化或碘化衍生物： / 其他	29	HS第29章	346				none	0.0	unmapped
29037100	含有两种或两种以上不同卤素 的无环烃卤化衍生物： 一氯二氟甲烷（HCFC-22）	含有两种或两种以上不同卤素 的无环烃卤化衍生物： 一氯二氟甲烷（HCFC-22）	290371	含有两种或两种以上不同卤素 的无环烃卤化衍生物： / 一氯二氟甲烷（HCFC-22）	29	HS第29章	346				none	0.0	unmapped
29037200	二氯三氟乙烷（HCFC-123）	二氯三氟乙烷（HCFC-123）	290372	含有两种或两种以上不同卤素 的无环烃卤化衍生物： / 二氯三氟乙烷（HCFC-123）	29	HS第29章	347				none	0.0	unmapped
29037300	二氯一氟乙烷（HCFC-141， 141b）	二氯一氟乙烷（HCFC-141， 141b）	290373	含有两种或两种以上不同卤素 的无环烃卤化衍生物： / 二氯一氟乙烷（HCFC-141，	29	HS第29章	347				none	0.0	unmapped
29037400	一氯二氟乙烷（HCFC-142， 142b）	一氯二氟乙烷（HCFC-142， 142b）	290374	含有两种或两种以上不同卤素 的无环烃卤化衍生物： / 一氯二氟乙烷（HCFC-142，	29	HS第29章	347				none	0.0	unmapped
29037500	二氯五氟丙烷（HCFC-225， 225ca，225cb）	二氯五氟丙烷（HCFC-225， 225ca，225cb）	290375	含有两种或两种以上不同卤素 的无环烃卤化衍生物： / 二氯五氟丙烷（HCFC-225，	29	HS第29章	347				none	0.0	unmapped
29037600	溴氯二氟甲烷（Halon-1211）、 一溴三氟甲烷（Halon-1301）及 二溴四氟乙烷（Halon-2402）	溴氯二氟甲烷（Halon-1211）、 一溴三氟甲烷（Halon-1301）及 二溴四氟乙烷（Halon-2402）	290376	含有两种或两种以上不同卤素 的无环烃卤化衍生物： / 溴氯二氟甲烷（Halon-1211）、	29	HS第29章	347				none	0.0	unmapped
29037710	其他，仅含氟和氯的全卤化物： 三氯氟甲烷	其他，仅含氟和氯的全卤化物： 三氯氟甲烷	290377	含有两种或两种以上不同卤素 的无环烃卤化衍生物： / 其他，仅含氟和氯的全卤化物	29	HS第29章	347				none	0.0	unmapped
29037720	其他仅含氟和氯的甲烷、乙烷 及丙烷的全卤化物	其他仅含氟和氯的甲烷、乙烷 及丙烷的全卤化物	290377	含有两种或两种以上不同卤素 的无环烃卤化衍生物： / 其他，仅含氟和氯的全卤化物	29	HS第29章	347				none	0.0	unmapped
29037790	其他	其他	290377	含有两种或两种以上不同卤素 的无环烃卤化衍生物： / 其他，仅含氟和氯的全卤化物	29	HS第29章	347				none	0.0	unmapped
29037800	其他全卤化衍生物	其他全卤化衍生物	290378	含有两种或两种以上不同卤素 的无环烃卤化衍生物： / 其他全卤化衍生物	29	HS第29章	347				none	0.0	unmapped
29037910	其他： 其他仅含氟和氯的甲烷、乙烷 及丙烷的卤化衍生物	其他： 其他仅含氟和氯的甲烷、乙烷 及丙烷的卤化衍生物	290379	含有两种或两种以上不同卤素 的无环烃卤化衍生物： / 其他	29	HS第29章	347				none	0.0	unmapped
29037990	其他	其他	290379	含有两种或两种以上不同卤素 的无环烃卤化衍生物： / 其他	29	HS第29章	348				none	0.0	unmapped
29038100	环烷烃、环烯烃或环萜烯烃的卤 化衍生物： 1，2，3，4，5，6-六氯环己烷 ［六六六（ISO）］，包括林丹（ISO， INN）	环烷烃、环烯烃或环萜烯烃的卤 化衍生物： 1，2，3，4，5，6-六氯环己烷 ［六六六（ISO）］，包括林丹（ISO， INN）	290381	环烷烃、环烯烃或环萜烯烃的卤 化衍生物： / 1，2，3，4，5，6-六氯环己烷	29	HS第29章	348				none	0.0	unmapped
29038200	艾氏剂（ISO）、氯丹（ISO）及 七氯（ISO）	艾氏剂（ISO）、氯丹（ISO）及 七氯（ISO）	290382	环烷烃、环烯烃或环萜烯烃的卤 化衍生物： / 艾氏剂（ISO）、氯丹（ISO）及	29	HS第29章	348				none	0.0	unmapped
29038300	灭蚁灵（ISO）	灭蚁灵（ISO）	290383	环烷烃、环烯烃或环萜烯烃的卤 化衍生物： / 灭蚁灵（ISO）	29	HS第29章	348				none	0.0	unmapped
29038900	其他	其他	290389	环烷烃、环烯烃或环萜烯烃的卤 化衍生物： / 其他	29	HS第29章	348				none	0.0	unmapped
29039110	芳烃卤化衍生物： --氯苯、邻二氯苯及对二氯苯： 邻二氯苯	芳烃卤化衍生物： --氯苯、邻二氯苯及对二氯苯： 邻二氯苯	290391	芳烃卤化衍生物： / 氯苯、邻二氯苯及对二氯苯	29	HS第29章	348				none	0.0	unmapped
29039190	其他	其他	290391	芳烃卤化衍生物： / 氯苯、邻二氯苯及对二氯苯	29	HS第29章	348				none	0.0	unmapped
29039200	六氯苯（ISO）及滴滴涕（ISO， INN）［1，1，1-三氯-2，2-双（4- 氯苯基）乙烷］	六氯苯（ISO）及滴滴涕（ISO， INN）［1，1，1-三氯-2，2-双（4- 氯苯基）乙烷］	290392	芳烃卤化衍生物： / 六氯苯（ISO）及滴滴涕（ISO，	29	HS第29章	348				none	0.0	unmapped
29039300	五氯苯（ISO）	五氯苯（ISO）	290393	芳烃卤化衍生物： / 五氯苯（ISO）	29	HS第29章	348				none	0.0	unmapped
29039400	六溴联苯	六溴联苯	290394	芳烃卤化衍生物： / 六溴联苯	29	HS第29章	348				none	0.0	unmapped
29039910	对氯甲苯	对氯甲苯	290399	芳烃卤化衍生物： / 其他	29	HS第29章	349				none	0.0	unmapped
29039920	3，4-二氯三氟甲苯	3，4-二氯三氟甲苯	290399	芳烃卤化衍生物： / 其他	29	HS第29章	349				none	0.0	unmapped
29039930	4-（4'-烷基苯基）-1- （4'-烷基 苯基）-2-氟苯	4-（4'-烷基苯基）-1- （4'-烷基 苯基）-2-氟苯	290399	芳烃卤化衍生物： / 其他	29	HS第29章	349				none	0.0	unmapped
29039990	其他	其他	290399	芳烃卤化衍生物： / 其他	29	HS第29章	349				none	0.0	unmapped
29041000	仅含磺基的衍生物及其盐和乙 酯	仅含磺基的衍生物及其盐和乙 酯	290410	仅含磺基的衍生物及其盐和乙	29	HS第29章	349				none	0.0	unmapped
29042010	仅含硝基或亚硝基的衍生物： 硝基苯	仅含硝基或亚硝基的衍生物： 硝基苯	290420	仅含硝基或亚硝基的衍生物	29	HS第29章	349				none	0.0	unmapped
29042020	硝基甲苯	硝基甲苯	290420	仅含硝基或亚硝基的衍生物	29	HS第29章	349				none	0.0	unmapped
29042030	二硝基甲苯	二硝基甲苯	290420	仅含硝基或亚硝基的衍生物	29	HS第29章	349				none	0.0	unmapped
29042040	三硝基甲苯（TNT）	三硝基甲苯（TNT）	290420	仅含硝基或亚硝基的衍生物	29	HS第29章	349				none	0.0	unmapped
29042090	其他	其他	290420	仅含硝基或亚硝基的衍生物	29	HS第29章	350				none	0.0	unmapped
29043100	全氟辛基磺酸及其盐和全氟辛 基磺酰氟： 全氟辛基磺酸	全氟辛基磺酸及其盐和全氟辛 基磺酰氟： 全氟辛基磺酸	290431	全氟辛基磺酸及其盐和全氟辛 基磺酰氟： / 全氟辛基磺酸	29	HS第29章	350				none	0.0	unmapped
29043200	全氟辛基磺酸铵	全氟辛基磺酸铵	290432	全氟辛基磺酸及其盐和全氟辛 基磺酰氟： / 全氟辛基磺酸铵	29	HS第29章	350				none	0.0	unmapped
29043300	全氟辛基磺酸锂	全氟辛基磺酸锂	290433	全氟辛基磺酸及其盐和全氟辛 基磺酰氟： / 全氟辛基磺酸锂	29	HS第29章	350				none	0.0	unmapped
29043400	全氟辛基磺酸钾	全氟辛基磺酸钾	290434	全氟辛基磺酸及其盐和全氟辛 基磺酰氟： / 全氟辛基磺酸钾	29	HS第29章	350				none	0.0	unmapped
29043500	其他全氟辛基磺酸盐	其他全氟辛基磺酸盐	290435	全氟辛基磺酸及其盐和全氟辛 基磺酰氟： / 其他全氟辛基磺酸盐	29	HS第29章	350				none	0.0	unmapped
29043600	全氟辛基磺酰氟	全氟辛基磺酰氟	290436	全氟辛基磺酸及其盐和全氟辛 基磺酰氟： / 全氟辛基磺酰氟	29	HS第29章	350				none	0.0	unmapped
29049100	其他： 三氯硝基甲烷（氯化苦）	其他： 三氯硝基甲烷（氯化苦）	290491	其他： / 三氯硝基甲烷（氯化苦）	29	HS第29章	350				none	0.0	unmapped
29049900	其他 第二分章 醇类及其卤化、磺化、 硝化或亚硝化衍生物	其他 第二分章 醇类及其卤化、磺化、 硝化或亚硝化衍生物	290499	其他： / 其他	29	HS第29章	350				none	0.0	unmapped
29051100	甲醇	甲醇	290511	饱和一元醇： / 甲醇	29	HS第29章	351				none	0.0	unmapped
29051210	丙醇及异丙醇： 丙醇	丙醇及异丙醇： 丙醇	290512	饱和一元醇： / 丙醇及异丙醇	29	HS第29章	351				none	0.0	unmapped
29051220	异丙醇	异丙醇	290512	饱和一元醇： / 丙醇及异丙醇	29	HS第29章	351				none	0.0	unmapped
29051300	正丁醇	正丁醇	290513	饱和一元醇： / 正丁醇	29	HS第29章	351				none	0.0	unmapped
29051410	其他丁醇： 异丁醇	其他丁醇： 异丁醇	290514	饱和一元醇： / 其他丁醇	29	HS第29章	351				none	0.0	unmapped
29051420	仲丁醇	仲丁醇	290514	饱和一元醇： / 其他丁醇	29	HS第29章	351				none	0.0	unmapped
29051430	叔丁醇	叔丁醇	290514	饱和一元醇： / 其他丁醇	29	HS第29章	351				none	0.0	unmapped
29051610	正辛醇	正辛醇	290516	饱和一元醇： / 辛醇及其异构体	29	HS第29章	352				none	0.0	unmapped
29051690	其他	其他	290516	饱和一元醇： / 辛醇及其异构体	29	HS第29章	352				none	0.0	unmapped
29051700	十二醇、十六醇及十八醇	十二醇、十六醇及十八醇	290517	饱和一元醇： / 十二醇、十六醇及十八醇	29	HS第29章	352				none	0.0	unmapped
29051910	其他： 3，3-二甲基丁-2-醇（频哪基醇）	其他： 3，3-二甲基丁-2-醇（频哪基醇）	290519	饱和一元醇： / 其他	29	HS第29章	352				none	0.0	unmapped
29051990	其他	其他	290519	饱和一元醇： / 其他	29	HS第29章	352				none	0.0	unmapped
29052210	不饱和一元醇： --无环萜烯醇： 香叶醇、橙花醇（3，7-二甲基	不饱和一元醇： --无环萜烯醇： 香叶醇、橙花醇（3，7-二甲基	290522	2，6-辛二烯- 1-醇） / 香茅醇（3，7-二甲基-6-辛烯-1	29	HS第29章	352				none	0.0	unmapped
29052220	2，6-辛二烯- 1-醇） 香茅醇（3，7-二甲基-6-辛烯-1 醇）	2，6-辛二烯- 1-醇） 香茅醇（3，7-二甲基-6-辛烯-1 醇）	290522	2，6-辛二烯- 1-醇） / 香茅醇（3，7-二甲基-6-辛烯-1	29	HS第29章	352				none	0.0	unmapped
29052230	芳樟醇	芳樟醇	290522	2，6-辛二烯- 1-醇） / 香茅醇（3，7-二甲基-6-辛烯-1	29	HS第29章	352				none	0.0	unmapped
29052290	其他	其他	290522	2，6-辛二烯- 1-醇） / 香茅醇（3，7-二甲基-6-辛烯-1	29	HS第29章	352				none	0.0	unmapped
29052900	其他	其他	290529	2，6-辛二烯- 1-醇） / 其他	29	HS第29章	353				none	0.0	unmapped
29053100	二元醇： 1，2-乙二醇	二元醇： 1，2-乙二醇	290531	二元醇： / 1，2-乙二醇	29	HS第29章	353				none	0.0	unmapped
29053200	1，2-丙二醇	1，2-丙二醇	290532	二元醇： / 1，2-丙二醇	29	HS第29章	353				none	0.0	unmapped
29053910	其他： 2，5-二甲基已二醇	其他： 2，5-二甲基已二醇	290539	二元醇： / 其他	29	HS第29章	353				none	0.0	unmapped
29053990	其他 抗癌药原料（白消安） 1,3-丙二醇	其他 抗癌药原料（白消安） 1,3-丙二醇	290539	二元醇： / 其他	29	HS第29章	353				none	0.0	unmapped
29054100	其他多元醇： 2-乙基-2-（羟甲基）丙烷-1，3 二醇（三羟甲基丙烷）	其他多元醇： 2-乙基-2-（羟甲基）丙烷-1，3 二醇（三羟甲基丙烷）	290541	其他多元醇： / 2-乙基-2-（羟甲基）丙烷-1，3	29	HS第29章	353				none	0.0	unmapped
29054200	季戊四醇	季戊四醇	290542	其他多元醇： / 季戊四醇	29	HS第29章	353				none	0.0	unmapped
29054300	甘露糖醇	甘露糖醇	290543	其他多元醇： / 甘露糖醇	29	HS第29章	353				none	0.0	unmapped
29054400	山梨醇	山梨醇	290544	其他多元醇： / 山梨醇	29	HS第29章	354				none	0.0	unmapped
29054500	丙三醇（甘油）	丙三醇（甘油）	290545	其他多元醇： / 丙三醇（甘油）	29	HS第29章	354				none	0.0	unmapped
29054910	其他： 木糖醇	其他： 木糖醇	290549	其他多元醇： / 其他	29	HS第29章	354				none	0.0	unmapped
29054990	其他	其他	290549	其他多元醇： / 其他	29	HS第29章	354				none	0.0	unmapped
29055100	无环醇的卤化、磺化、硝化或亚 硝化衍生物： 乙氯维诺（INN）	无环醇的卤化、磺化、硝化或亚 硝化衍生物： 乙氯维诺（INN）	290551	无环醇的卤化、磺化、硝化或亚 硝化衍生物： / 乙氯维诺（INN）	29	HS第29章	354				none	0.0	unmapped
29055900	其他	其他	290559	无环醇的卤化、磺化、硝化或亚 硝化衍生物： / 其他	29	HS第29章	354				none	0.0	unmapped
29061100	环烷醇、环烯醇及环萜烯醇： 薄荷醇	环烷醇、环烯醇及环萜烯醇： 薄荷醇	290611	环烷醇、环烯醇及环萜烯醇： / 薄荷醇	29	HS第29章	354				none	0.0	unmapped
29061200	环己醇、甲基环己醇及二甲基环 己醇	环己醇、甲基环己醇及二甲基环 己醇	290612	环烷醇、环烯醇及环萜烯醇： / 环己醇、甲基环己醇及二甲基环	29	HS第29章	354				none	0.0	unmapped
29061310	固醇 5.5∆3	固醇 5.5∆3	290613	环烷醇、环烯醇及环萜烯醇： / 固醇及肌醇	29	HS第29章	355				none	0.0	unmapped
29061320	肌醇	肌醇	290613	环烷醇、环烯醇及环萜烯醇： / 固醇及肌醇	29	HS第29章	355				none	0.0	unmapped
29061910	其他： 萜品醇	其他： 萜品醇	290619	环烷醇、环烯醇及环萜烯醇： / 其他	29	HS第29章	355				none	0.0	unmapped
29061990	其他	其他	290619	环烷醇、环烯醇及环萜烯醇： / 其他	29	HS第29章	355				none	0.0	unmapped
29062100	芳香醇： 苄醇	芳香醇： 苄醇	290621	芳香醇： / 苄醇	29	HS第29章	355				none	0.0	unmapped
29062910	其他： 2-苯基乙醇	其他： 2-苯基乙醇	290629	芳香醇： / 其他	29	HS第29章	355				none	0.0	unmapped
29062990	其他 第三分章 酚、酚醇及其卤化、 磺化、硝化或亚硝化衍生物	其他 第三分章 酚、酚醇及其卤化、 磺化、硝化或亚硝化衍生物	290629	芳香醇： / 其他	29	HS第29章	355				none	0.0	unmapped
29071110	一元酚： --苯酚及其盐： 苯酚	一元酚： --苯酚及其盐： 苯酚	290711	一元酚： / 苯酚及其盐	29	HS第29章	355				none	0.0	unmapped
29071190	其他	其他	290711	一元酚： / 苯酚及其盐	29	HS第29章	355				none	0.0	unmapped
29071211	其他 间甲酚	其他 间甲酚	290712	一元酚： / 苯酚及其盐	29	HS第29章	356				none	0.0	unmapped
29071212	其他 邻甲酚	其他 邻甲酚	290712	一元酚： / 苯酚及其盐	29	HS第29章	356				none	0.0	unmapped
29071219	其他 其他	其他 其他	290712	一元酚： / 苯酚及其盐	29	HS第29章	356				none	0.0	unmapped
29071290	其他	其他	290712	一元酚： / 苯酚及其盐	29	HS第29章	356				none	0.0	unmapped
29071310	辛基酚、壬基酚及其异构体以及 它们的盐： 壬基酚	辛基酚、壬基酚及其异构体以及 它们的盐： 壬基酚	290713	一元酚： / 辛基酚、壬基酚及其异构体以及 它们的盐	29	HS第29章	356				none	0.0	unmapped
29071390	其他	其他	290713	一元酚： / 辛基酚、壬基酚及其异构体以及 它们的盐	29	HS第29章	356				none	0.0	unmapped
29071510	萘酚及其盐： 2-萘酚（β-萘酚）	萘酚及其盐： 2-萘酚（β-萘酚）	290715	一元酚： / 萘酚及其盐	29	HS第29章	356				none	0.0	unmapped
29071590	其他	其他	290715	一元酚： / 萘酚及其盐	29	HS第29章	356				none	0.0	unmapped
29071910	其他： 邻仲丁基酚、邻异丙基酚	其他： 邻仲丁基酚、邻异丙基酚	290719	一元酚： / 其他	29	HS第29章	356				none	0.0	unmapped
29071990	其他	其他	290719	一元酚： / 其他	29	HS第29章	357				none	0.0	unmapped
29072100	多元酚；酚醇： 间苯二酚及其盐	多元酚；酚醇： 间苯二酚及其盐	290721	多元酚；酚醇： / 间苯二酚及其盐	29	HS第29章	357				none	0.0	unmapped
29072210	对苯二酚及其盐： 对苯二酚	对苯二酚及其盐： 对苯二酚	290722	多元酚；酚醇： / 对苯二酚及其盐	29	HS第29章	357				none	0.0	unmapped
29072290	其他	其他	290722	多元酚；酚醇： / 对苯二酚及其盐	29	HS第29章	357				none	0.0	unmapped
29072300	4，4′-异亚丙基联苯酚（双酚A， 二苯基酚丙烷）及其盐	4，4′-异亚丙基联苯酚（双酚A， 二苯基酚丙烷）及其盐	290723	多元酚；酚醇： / 4，4′-异亚丙基联苯酚（双酚A，	29	HS第29章	357				none	0.0	unmapped
29072910	其他： 邻苯二酚	其他： 邻苯二酚	290729	多元酚；酚醇： / 其他	29	HS第29章	357				none	0.0	unmapped
29072990	其他	其他	290729	多元酚；酚醇： / 其他	29	HS第29章	357				none	0.0	unmapped
29081100	仅含卤素取代基的衍生物及其 盐： 五氯苯酚（ISO）	仅含卤素取代基的衍生物及其 盐： 五氯苯酚（ISO）	290811	仅含卤素取代基的衍生物及其 盐： / 五氯苯酚（ISO）	29	HS第29章	357				none	0.0	unmapped
29081910	对氯苯酚	对氯苯酚	290819	仅含卤素取代基的衍生物及其 盐： / 其他	29	HS第29章	358				none	0.0	unmapped
29081990	其他	其他	290819	仅含卤素取代基的衍生物及其 盐： / 其他	29	HS第29章	358				none	0.0	unmapped
29089100	其他： 地乐酚（ISO）及其盐	其他： 地乐酚（ISO）及其盐	290891	其他： / 地乐酚（ISO）及其盐	29	HS第29章	358				none	0.0	unmapped
29089200	4，6-二硝基邻甲酚［二硝酚 （ISO）］及其盐	4，6-二硝基邻甲酚［二硝酚 （ISO）］及其盐	290892	其他： / 4，6-二硝基邻甲酚［二硝酚	29	HS第29章	358				none	0.0	unmapped
29089910	其他： 对硝基酚、对硝基酚钠	其他： 对硝基酚、对硝基酚钠	290899	其他	29	HS第29章	358				none	0.0	unmapped
29089990	其他 第四分章 醚、过氧化醇、过氧 化醚、缩醛及半缩醛过氧化物、 过氧化酮、三节环环氧化物、缩 醛及半缩醛及其卤化、磺化、硝 化或亚硝化衍生物	其他 第四分章 醚、过氧化醇、过氧 化醚、缩醛及半缩醛过氧化物、 过氧化酮、三节环环氧化物、缩 醛及半缩醛及其卤化、磺化、硝 化或亚硝化衍生物	290899	其他	29	HS第29章	358				none	0.0	unmapped
29091100	无环醚及其卤化、磺化、硝化或 亚硝化衍生物： 乙醚	无环醚及其卤化、磺化、硝化或 亚硝化衍生物： 乙醚	290911	无环醚及其卤化、磺化、硝化或 亚硝化衍生物： / 乙醚	29	HS第29章	358				none	0.0	unmapped
29091910	甲醚	甲醚	290919	无环醚及其卤化、磺化、硝化或 亚硝化衍生物： / 其他	29	HS第29章	359				none	0.0	unmapped
29091990	其他	其他	290919	无环醚及其卤化、磺化、硝化或 亚硝化衍生物： / 其他	29	HS第29章	359				none	0.0	unmapped
29092000	环烷醚、环烯醚或环萜烯醚及其 卤化、磺化、硝化或亚硝化衍生 物	环烷醚、环烯醚或环萜烯醚及其 卤化、磺化、硝化或亚硝化衍生 物	290920	环烷醚、环烯醚或环萜烯醚及其	29	HS第29章	359				none	0.0	unmapped
29093010	芳香醚及其卤化、磺化、硝化或 亚硝化衍生物： 1-烷氧基-4-（4-乙烯基环己基）	芳香醚及其卤化、磺化、硝化或 亚硝化衍生物： 1-烷氧基-4-（4-乙烯基环己基）	290930	芳香醚及其卤化、磺化、硝化或 亚硝化衍生物： / 1-烷氧基-4-（4-乙烯基环己基）	29	HS第29章	359				none	0.0	unmapped
29093020	2，3-二氟苯 4-（4-烷氧基苯基）-4'-烷烯基	2，3-二氟苯 4-（4-烷氧基苯基）-4'-烷烯基	290930	芳香醚及其卤化、磺化、硝化或 亚硝化衍生物： / 1-烷氧基-4-（4-乙烯基环己基）	29	HS第29章	359				none	0.0	unmapped
29093090	1，1'-双环己烷及其氟代衍生物 其他	1，1'-双环己烷及其氟代衍生物 其他	290930	芳香醚及其卤化、磺化、硝化或 亚硝化衍生物： / 1-烷氧基-4-（4-乙烯基环己基）	29	HS第29章	359				none	0.0	unmapped
29094100	醚醇及其卤化、磺化、硝化或亚 硝化衍生物： 2，2’-氧联二乙醇（二甘醇） 5.5∆3	醚醇及其卤化、磺化、硝化或亚 硝化衍生物： 2，2’-氧联二乙醇（二甘醇） 5.5∆3	290941	醚醇及其卤化、磺化、硝化或亚 硝化衍生物： / 2，2’-氧联二乙醇（二甘醇） 5.5∆3	29	HS第29章	359				none	0.0	unmapped
29094300	乙二醇或二甘醇的单丁醚	乙二醇或二甘醇的单丁醚	290943	醚醇及其卤化、磺化、硝化或亚 硝化衍生物： / 乙二醇或二甘醇的单丁醚	29	HS第29章	359				none	0.0	unmapped
29094400	乙二醇或二甘醇的其他单烷基 醚	乙二醇或二甘醇的其他单烷基 醚	290944	醚醇及其卤化、磺化、硝化或亚 硝化衍生物： / 乙二醇或二甘醇的其他单烷基	29	HS第29章	360				none	0.0	unmapped
29094910	其他： 间苯氧基苄醇	其他： 间苯氧基苄醇	290949	醚醇及其卤化、磺化、硝化或亚 硝化衍生物： / 其他	29	HS第29章	360				none	0.0	unmapped
29094990	其他	其他	290949	醚醇及其卤化、磺化、硝化或亚 硝化衍生物： / 其他	29	HS第29章	360				none	0.0	unmapped
29095000	醚酚、醚醇酚及其卤化、磺化、 硝化或亚硝化衍生物	醚酚、醚醇酚及其卤化、磺化、 硝化或亚硝化衍生物	290950	醚酚、醚醇酚及其卤化、磺化、	29	HS第29章	360				none	0.0	unmapped
29096010	过氧化醇、过氧化醚、缩醛及半 缩醛过氧化物、过氧化酮及其卤 化、磺化、硝化或亚硝化衍生物： 缩醛及半缩醛过氧化物，及其 卤化、磺化、硝化或亚硝化衍生 物	过氧化醇、过氧化醚、缩醛及半 缩醛过氧化物、过氧化酮及其卤 化、磺化、硝化或亚硝化衍生物： 缩醛及半缩醛过氧化物，及其 卤化、磺化、硝化或亚硝化衍生 物	290960	过氧化醇、过氧化醚、缩醛及半 缩醛过氧化物、过氧化酮及其卤 化、磺化、硝化或亚硝化衍生物	29	HS第29章	360				none	0.0	unmapped
29096090	其他	其他	290960	过氧化醇、过氧化醚、缩醛及半 缩醛过氧化物、过氧化酮及其卤 化、磺化、硝化或亚硝化衍生物	29	HS第29章	360				none	0.0	unmapped
29101000	环氧乙烷（氧化乙烯）	环氧乙烷（氧化乙烯）	291010	环氧乙烷（氧化乙烯）	29	HS第29章	360				none	0.0	unmapped
29102000	甲基环氧乙烷（氧化丙烯）	甲基环氧乙烷（氧化丙烯）	291020	甲基环氧乙烷（氧化丙烯）	29	HS第29章	361				none	0.0	unmapped
29103000	1-氯-2，3-环氧丙烷（表氯醇）	1-氯-2，3-环氧丙烷（表氯醇）	291030	1-氯-2，3-环氧丙烷（表氯醇）	29	HS第29章	361				none	0.0	unmapped
29104000	狄氏剂（ISO，INN）	狄氏剂（ISO，INN）	291040	狄氏剂（ISO，INN）	29	HS第29章	361				none	0.0	unmapped
29105000	异狄氏剂（ISO）	异狄氏剂（ISO）	291050	异狄氏剂（ISO）	29	HS第29章	361				none	0.0	unmapped
29109000	其他	其他	291090	其他	29	HS第29章	361				none	0.0	unmapped
29110000	缩醛及半缩醛，不论是否含有其 他含氧基，及其卤化、磺化、硝 化或亚硝化衍生物 第五分章 醛基化合物	缩醛及半缩醛，不论是否含有其 他含氧基，及其卤化、磺化、硝 化或亚硝化衍生物 第五分章 醛基化合物	291100	缩醛及半缩醛，不论是否含有其 他含氧基，及其卤化、磺化、硝 化或亚硝化衍生物	29	HS第29章	361				none	0.0	unmapped
29121100	不含其他含氧基的无环醛： 甲醛	不含其他含氧基的无环醛： 甲醛	291211	不含其他含氧基的无环醛： / 甲醛	29	HS第29章	361				none	0.0	unmapped
29121200	乙醛	乙醛	291212	不含其他含氧基的无环醛： / 乙醛	29	HS第29章	361				none	0.0	unmapped
29121900	其他	其他	291219	不含其他含氧基的无环醛： / 其他	29	HS第29章	362				none	0.0	unmapped
29122100	不含其他含氧基的环醛： 苯甲醛	不含其他含氧基的环醛： 苯甲醛	291221	不含其他含氧基的环醛： / 苯甲醛	29	HS第29章	362				none	0.0	unmapped
29122910	其他： 铃兰醛（对叔丁基-α-甲基-氧 化肉桂醛）	其他： 铃兰醛（对叔丁基-α-甲基-氧 化肉桂醛）	291229	不含其他含氧基的环醛： / 其他	29	HS第29章	362				none	0.0	unmapped
29122990	其他	其他	291229	不含其他含氧基的环醛： / 其他	29	HS第29章	362				none	0.0	unmapped
29124100	醛醇、醛醚、醛酚及含其他含氧 基的醛： 香草醛（3-甲氧基-4-羟基苯甲 醛）	醛醇、醛醚、醛酚及含其他含氧 基的醛： 香草醛（3-甲氧基-4-羟基苯甲 醛）	291241	醛醇、醛醚、醛酚及含其他含氧 基的醛： / 香草醛（3-甲氧基-4-羟基苯甲	29	HS第29章	362				none	0.0	unmapped
29124200	乙基香草醛（3-乙氧基-4-羟基苯 甲醛）	乙基香草醛（3-乙氧基-4-羟基苯 甲醛）	291242	醛醇、醛醚、醛酚及含其他含氧 基的醛： / 乙基香草醛（3-乙氧基-4-羟基苯	29	HS第29章	362				none	0.0	unmapped
29124910	其他： 醛醇	其他： 醛醇	291249	醛醇、醛醚、醛酚及含其他含氧 基的醛： / 其他	29	HS第29章	362				none	0.0	unmapped
29124990	其他	其他	291249	醛醇、醛醚、醛酚及含其他含氧 基的醛： / 其他	29	HS第29章	362				none	0.0	unmapped
29125000	环聚醛	环聚醛	291250	环聚醛	29	HS第29章	362				none	0.0	unmapped
29126000	多聚甲醛	多聚甲醛	291260	多聚甲醛	29	HS第29章	363				none	0.0	unmapped
29130000	税目29.12所列产品的卤化、磺化、 硝化或亚硝化衍生物 第六分章 酮基化合物及醌基化 合物	税目29.12所列产品的卤化、磺化、 硝化或亚硝化衍生物 第六分章 酮基化合物及醌基化 合物	291300	税目29.12所列产品的卤化、磺 化、硝化或亚硝化衍生物	29	HS第29章	363				none	0.0	unmapped
29141100	不含其他含氧基的无环酮： 丙酮	不含其他含氧基的无环酮： 丙酮	291411	不含其他含氧基的无环酮： / 丙酮	29	HS第29章	363				none	0.0	unmapped
29141200	丁酮［甲基乙基（甲）酮］	丁酮［甲基乙基（甲）酮］	291412	不含其他含氧基的无环酮： / 丁酮［甲基乙基（甲）酮］	29	HS第29章	363				none	0.0	unmapped
29141300	4-甲基-2-戊酮［甲基异丁基（甲） 酮］	4-甲基-2-戊酮［甲基异丁基（甲） 酮］	291413	不含其他含氧基的无环酮： / 4-甲基-2-戊酮［甲基异丁基（甲）	29	HS第29章	363				none	0.0	unmapped
29141900	其他	其他	291419	不含其他含氧基的无环酮： / 其他	29	HS第29章	363				none	0.0	unmapped
29142200	不含其他含氧基的环烷酮、环烯 酮或环萜烯酮： 环己酮及甲基环己酮	不含其他含氧基的环烷酮、环烯 酮或环萜烯酮： 环己酮及甲基环己酮	291422	不含其他含氧基的环烷酮、环烯 酮或环萜烯酮： / 环己酮及甲基环己酮	29	HS第29章	363				none	0.0	unmapped
29142300	芷香酮及甲基芷香酮	芷香酮及甲基芷香酮	291423	不含其他含氧基的环烷酮、环烯 酮或环萜烯酮： / 芷香酮及甲基芷香酮	29	HS第29章	364				none	0.0	unmapped
29142910	其他： 樟脑	其他： 樟脑	291429	不含其他含氧基的环烷酮、环烯 酮或环萜烯酮： / 其他	29	HS第29章	364				none	0.0	unmapped
29142990	其他	其他	291429	不含其他含氧基的环烷酮、环烯 酮或环萜烯酮： / 其他	29	HS第29章	364				none	0.0	unmapped
29143100	不含其他含氧基的芳香酮： 苯丙酮（苯基丙-2-酮）	不含其他含氧基的芳香酮： 苯丙酮（苯基丙-2-酮）	291431	不含其他含氧基的芳香酮： / 苯丙酮（苯基丙-2-酮）	29	HS第29章	364				none	0.0	unmapped
29143910	其他： 苯乙酮	其他： 苯乙酮	291439	不含其他含氧基的芳香酮： / 其他	29	HS第29章	364				none	0.0	unmapped
29143990	其他	其他	291439	不含其他含氧基的芳香酮： / 其他	29	HS第29章	364				none	0.0	unmapped
29144000	酮醇及酮醛	酮醇及酮醛	291440	酮醇及酮醛	29	HS第29章	364				none	0.0	unmapped
29145011	酮酚及含有其他含氧基的酮： ---酮酚： 覆盆子酮	酮酚及含有其他含氧基的酮： ---酮酚： 覆盆子酮	291450	酮酚及含有其他含氧基的酮	29	HS第29章	364				none	0.0	unmapped
29145019	酮酚： 其他	酮酚： 其他	291450	酮酚及含有其他含氧基的酮	29	HS第29章	364				none	0.0	unmapped
29145020	2-羟基-4-甲氧基二苯甲酮	2-羟基-4-甲氧基二苯甲酮	291450	酮酚及含有其他含氧基的酮	29	HS第29章	365				none	0.0	unmapped
29145090	其他	其他	291450	酮酚及含有其他含氧基的酮	29	HS第29章	365				none	0.0	unmapped
29146100	醌： 蒽醌	醌： 蒽醌	291461	醌： / 蒽醌	29	HS第29章	365				none	0.0	unmapped
29146200	辅酶Q10 [癸烯醌（INN）]	辅酶Q10 [癸烯醌（INN）]	291462	醌： / 辅酶Q10 [癸烯醌（INN）]	29	HS第29章	365				none	0.0	unmapped
29146900	其他	其他	291469	醌： / 其他	29	HS第29章	365				none	0.0	unmapped
29147100	卤化、磺化、硝化或亚硝化衍生 物： 十氯酮（ISO）	卤化、磺化、硝化或亚硝化衍生 物： 十氯酮（ISO）	291471	卤化、磺化、硝化或亚硝化衍生 物： / 十氯酮（ISO）	29	HS第29章	365				none	0.0	unmapped
29147900	其他 第七分章 羧酸及其酸酐、酰卤 化物、过氧化物和过氧酸以及它 们的卤化、磺化、硝化或亚硝化 衍生物	其他 第七分章 羧酸及其酸酐、酰卤 化物、过氧化物和过氧酸以及它 们的卤化、磺化、硝化或亚硝化 衍生物	291479	卤化、磺化、硝化或亚硝化衍生 物： / 其他	29	HS第29章	365				none	0.0	unmapped
29151100	甲酸	甲酸	291511	甲酸及其盐和酯： / 甲酸	29	HS第29章	366				none	0.0	unmapped
29151200	甲酸盐	甲酸盐	291512	甲酸及其盐和酯： / 甲酸盐	29	HS第29章	366				none	0.0	unmapped
29151300	甲酸酯	甲酸酯	291513	甲酸及其盐和酯： / 甲酸酯	29	HS第29章	366				none	0.0	unmapped
29152111	乙酸及其盐；乙酸酐： --乙酸： ---冰乙酸： 食品级的	乙酸及其盐；乙酸酐： --乙酸： ---冰乙酸： 食品级的	291521	乙酸及其盐；乙酸酐： / 乙酸	29	HS第29章	366				none	0.0	unmapped
29152119	冰乙酸： 其他	冰乙酸： 其他	291521	乙酸及其盐；乙酸酐： / 乙酸	29	HS第29章	366				none	0.0	unmapped
29152190	其他	其他	291521	乙酸及其盐；乙酸酐： / 乙酸	29	HS第29章	366				none	0.0	unmapped
29152400	乙酸酐	乙酸酐	291524	乙酸及其盐；乙酸酐： / 乙酸酐	29	HS第29章	366				none	0.0	unmapped
29152910	其他： 乙酸钠	其他： 乙酸钠	291529	乙酸及其盐；乙酸酐： / 其他	29	HS第29章	366				none	0.0	unmapped
29152990	其他	其他	291529	乙酸及其盐；乙酸酐： / 其他	29	HS第29章	367				none	0.0	unmapped
29153100	乙酸酯： 乙酸乙酯	乙酸酯： 乙酸乙酯	291531	乙酸酯： / 乙酸乙酯	29	HS第29章	367				none	0.0	unmapped
29153200	乙酸乙烯酯	乙酸乙烯酯	291532	乙酸酯： / 乙酸乙烯酯	29	HS第29章	367				none	0.0	unmapped
29153300	乙酸（正）丁酯	乙酸（正）丁酯	291533	乙酸酯： / 乙酸（正）丁酯	29	HS第29章	367				none	0.0	unmapped
29153600	地乐酚（ISO）乙酸酯	地乐酚（ISO）乙酸酯	291536	乙酸酯： / 地乐酚（ISO）乙酸酯	29	HS第29章	367				none	0.0	unmapped
29153900	其他	其他	291539	乙酸酯： / 其他	29	HS第29章	367				none	0.0	unmapped
29154000	一氯代乙酸、二氯乙酸或三氯乙 酸及其盐和酯	一氯代乙酸、二氯乙酸或三氯乙 酸及其盐和酯	291540	一氯代乙酸、二氯乙酸或三氯乙	29	HS第29章	367				none	0.0	unmapped
29155010	丙酸及其盐和酯： 丙酸	丙酸及其盐和酯： 丙酸	291550	丙酸及其盐和酯	29	HS第29章	367				none	0.0	unmapped
29155090	其他	其他	291550	丙酸及其盐和酯	29	HS第29章	368				none	0.0	unmapped
29156000	丁酸、戊酸及其盐和酯	丁酸、戊酸及其盐和酯	291560	丁酸、戊酸及其盐和酯	29	HS第29章	368				none	0.0	unmapped
29157010	棕榈酸、硬脂酸及其盐和酯： 硬脂酸	棕榈酸、硬脂酸及其盐和酯： 硬脂酸	291570	棕榈酸、硬脂酸及其盐和酯	29	HS第29章	368				none	0.0	unmapped
29157090	其他	其他	291570	棕榈酸、硬脂酸及其盐和酯	29	HS第29章	368				none	0.0	unmapped
29159000	其他	其他	291590	其他	29	HS第29章	368				none	0.0	unmapped
29161100	不饱和无环一元羧酸及其酸酐、 酰卤化物、过氧化物和过氧酸以 及它们的衍生物： 丙烯酸及其盐	不饱和无环一元羧酸及其酸酐、 酰卤化物、过氧化物和过氧酸以 及它们的衍生物： 丙烯酸及其盐	291611	不饱和无环一元羧酸及其酸酐、 酰卤化物、过氧化物和过氧酸以 及它们的衍生物： / 丙烯酸及其盐	29	HS第29章	368				none	0.0	unmapped
29161210	丙烯酸甲酯	丙烯酸甲酯	291612	不饱和无环一元羧酸及其酸酐、 酰卤化物、过氧化物和过氧酸以 及它们的衍生物： / 丙烯酸酯	29	HS第29章	369				none	0.0	unmapped
29161220	丙烯酸乙酯	丙烯酸乙酯	291612	不饱和无环一元羧酸及其酸酐、 酰卤化物、过氧化物和过氧酸以 及它们的衍生物： / 丙烯酸酯	29	HS第29章	369				none	0.0	unmapped
29161230	丙烯酸丁酯	丙烯酸丁酯	291612	不饱和无环一元羧酸及其酸酐、 酰卤化物、过氧化物和过氧酸以 及它们的衍生物： / 丙烯酸酯	29	HS第29章	369				none	0.0	unmapped
29161240	丙烯酸异辛酯	丙烯酸异辛酯	291612	不饱和无环一元羧酸及其酸酐、 酰卤化物、过氧化物和过氧酸以 及它们的衍生物： / 丙烯酸酯	29	HS第29章	369				none	0.0	unmapped
29161290	其他	其他	291612	不饱和无环一元羧酸及其酸酐、 酰卤化物、过氧化物和过氧酸以 及它们的衍生物： / 丙烯酸酯	29	HS第29章	369				none	0.0	unmapped
29161300	甲基丙烯酸及其盐	甲基丙烯酸及其盐	291613	不饱和无环一元羧酸及其酸酐、 酰卤化物、过氧化物和过氧酸以 及它们的衍生物： / 甲基丙烯酸及其盐	29	HS第29章	369				none	0.0	unmapped
29161400	甲基丙烯酸酯	甲基丙烯酸酯	291614	不饱和无环一元羧酸及其酸酐、 酰卤化物、过氧化物和过氧酸以 及它们的衍生物： / 甲基丙烯酸酯	29	HS第29章	369				none	0.0	unmapped
29161500	油酸、亚油酸或亚麻酸及其盐和 酯	油酸、亚油酸或亚麻酸及其盐和 酯	291615	不饱和无环一元羧酸及其酸酐、 酰卤化物、过氧化物和过氧酸以 及它们的衍生物： / 油酸、亚油酸或亚麻酸及其盐和	29	HS第29章	370				none	0.0	unmapped
29161600	乐杀螨（ISO）	乐杀螨（ISO）	291616	不饱和无环一元羧酸及其酸酐、 酰卤化物、过氧化物和过氧酸以 及它们的衍生物： / 乐杀螨（ISO）	29	HS第29章	370				none	0.0	unmapped
29161900	其他	其他	291619	不饱和无环一元羧酸及其酸酐、 酰卤化物、过氧化物和过氧酸以 及它们的衍生物： / 其他	29	HS第29章	370				none	0.0	unmapped
29162010	环烷一元羧酸、环烯一元羧酸或 环萜烯一元羧酸及其酸酐、酰卤 化物、过氧化物和过氧酸以及它 们的衍生物： 二溴菊酸、DV菊酸甲酯	环烷一元羧酸、环烯一元羧酸或 环萜烯一元羧酸及其酸酐、酰卤 化物、过氧化物和过氧酸以及它 们的衍生物： 二溴菊酸、DV菊酸甲酯	291620	环烷一元羧酸、环烯一元羧酸或 环萜烯一元羧酸及其酸酐、酰卤 化物、过氧化物和过氧酸以及它 们的衍生物	29	HS第29章	370				none	0.0	unmapped
29162090	其他	其他	291620	环烷一元羧酸、环烯一元羧酸或 环萜烯一元羧酸及其酸酐、酰卤 化物、过氧化物和过氧酸以及它 们的衍生物	29	HS第29章	370				none	0.0	unmapped
29163100	芳香一元羧酸及其酸酐、酰卤化 物、过氧化物和过氧酸以及它们 的衍生物： 苯甲酸及其盐和酯	芳香一元羧酸及其酸酐、酰卤化 物、过氧化物和过氧酸以及它们 的衍生物： 苯甲酸及其盐和酯	291631	芳香一元羧酸及其酸酐、酰卤化 物、过氧化物和过氧酸以及它们 的衍生物： / 苯甲酸及其盐和酯	29	HS第29章	370				none	0.0	unmapped
29163200	过氧化苯甲酰及苯甲酰氯	过氧化苯甲酰及苯甲酰氯	291632	芳香一元羧酸及其酸酐、酰卤化 物、过氧化物和过氧酸以及它们 的衍生物： / 过氧化苯甲酰及苯甲酰氯	29	HS第29章	371				none	0.0	unmapped
29163400	苯乙酸及其盐	苯乙酸及其盐	291634	芳香一元羧酸及其酸酐、酰卤化 物、过氧化物和过氧酸以及它们 的衍生物： / 苯乙酸及其盐	29	HS第29章	371				none	0.0	unmapped
29163910	其他： 邻甲基苯甲酸	其他： 邻甲基苯甲酸	291639	芳香一元羧酸及其酸酐、酰卤化 物、过氧化物和过氧酸以及它们 的衍生物： / 其他	29	HS第29章	371				none	0.0	unmapped
29163920	布洛芬	布洛芬	291639	芳香一元羧酸及其酸酐、酰卤化 物、过氧化物和过氧酸以及它们 的衍生物： / 其他	29	HS第29章	371				none	0.0	unmapped
29163930	2-（3-碘-4-乙基苯基）-2-甲基 丙酸	2-（3-碘-4-乙基苯基）-2-甲基 丙酸	291639	芳香一元羧酸及其酸酐、酰卤化 物、过氧化物和过氧酸以及它们 的衍生物： / 其他	29	HS第29章	371				none	0.0	unmapped
29163990	其他	其他	291639	芳香一元羧酸及其酸酐、酰卤化 物、过氧化物和过氧酸以及它们 的衍生物： / 其他	29	HS第29章	371				none	0.0	unmapped
29171110	草酸	草酸	291711	无环多元羧酸及其酸酐、酰卤化 物、过氧化物和过氧酸以及它们 的衍生物： / 草酸及其盐和酯	29	HS第29章	372				none	0.0	unmapped
29171120	草酸钴	草酸钴	291711	无环多元羧酸及其酸酐、酰卤化 物、过氧化物和过氧酸以及它们 的衍生物： / 草酸及其盐和酯	29	HS第29章	372				none	0.0	unmapped
29171190	其他	其他	291711	无环多元羧酸及其酸酐、酰卤化 物、过氧化物和过氧酸以及它们 的衍生物： / 草酸及其盐和酯	29	HS第29章	372				none	0.0	unmapped
29171200	己二酸及其盐和酯	己二酸及其盐和酯	291712	无环多元羧酸及其酸酐、酰卤化 物、过氧化物和过氧酸以及它们 的衍生物： / 己二酸及其盐和酯	29	HS第29章	372				none	0.0	unmapped
29171310	壬二酸、癸二酸及其盐和酯： 癸二酸及其盐和酯	壬二酸、癸二酸及其盐和酯： 癸二酸及其盐和酯	291713	无环多元羧酸及其酸酐、酰卤化 物、过氧化物和过氧酸以及它们 的衍生物： / 壬二酸、癸二酸及其盐和酯	29	HS第29章	372				none	0.0	unmapped
29171390	其他	其他	291713	无环多元羧酸及其酸酐、酰卤化 物、过氧化物和过氧酸以及它们 的衍生物： / 壬二酸、癸二酸及其盐和酯	29	HS第29章	372				none	0.0	unmapped
29171400	马来酐	马来酐	291714	无环多元羧酸及其酸酐、酰卤化 物、过氧化物和过氧酸以及它们 的衍生物： / 马来酐	29	HS第29章	372				none	0.0	unmapped
29171900	其他	其他	291719	无环多元羧酸及其酸酐、酰卤化 物、过氧化物和过氧酸以及它们 的衍生物： / 其他	29	HS第29章	373				none	0.0	unmapped
29172010	环烷多元羧酸、环烯多元羧酸、 环萜烯多元羧酸及其酸酐、酰卤 化物、过氧化物和过氧酸以及它 们的衍生物： 四氢苯酐	环烷多元羧酸、环烯多元羧酸、 环萜烯多元羧酸及其酸酐、酰卤 化物、过氧化物和过氧酸以及它 们的衍生物： 四氢苯酐	291720	环烷多元羧酸、环烯多元羧酸、 环萜烯多元羧酸及其酸酐、酰卤 化物、过氧化物和过氧酸以及它 们的衍生物	29	HS第29章	373				none	0.0	unmapped
29172090	其他	其他	291720	环烷多元羧酸、环烯多元羧酸、 环萜烯多元羧酸及其酸酐、酰卤 化物、过氧化物和过氧酸以及它 们的衍生物	29	HS第29章	373				none	0.0	unmapped
29173200	芳香多元羧酸及其酸酐、酰卤化 物、过氧化物和过氧酸以及它们 的衍生物： 邻苯二甲酸二辛酯	芳香多元羧酸及其酸酐、酰卤化 物、过氧化物和过氧酸以及它们 的衍生物： 邻苯二甲酸二辛酯	291732	芳香多元羧酸及其酸酐、酰卤化 物、过氧化物和过氧酸以及它们 的衍生物： / 邻苯二甲酸二辛酯	29	HS第29章	373				none	0.0	unmapped
29173300	邻苯二甲酸二壬酯及邻苯二甲 酸二癸酯	邻苯二甲酸二壬酯及邻苯二甲 酸二癸酯	291733	芳香多元羧酸及其酸酐、酰卤化 物、过氧化物和过氧酸以及它们 的衍生物： / 邻苯二甲酸二壬酯及邻苯二甲	29	HS第29章	373				none	0.0	unmapped
29173410	其他邻苯二甲酸酯： 邻苯二甲酸二丁酯	其他邻苯二甲酸酯： 邻苯二甲酸二丁酯	291734	芳香多元羧酸及其酸酐、酰卤化 物、过氧化物和过氧酸以及它们 的衍生物： / 其他邻苯二甲酸酯	29	HS第29章	373				none	0.0	unmapped
29173490	其他	其他	291734	芳香多元羧酸及其酸酐、酰卤化 物、过氧化物和过氧酸以及它们 的衍生物： / 其他邻苯二甲酸酯	29	HS第29章	373				none	0.0	unmapped
29173500	邻苯二甲酸酐	邻苯二甲酸酐	291735	芳香多元羧酸及其酸酐、酰卤化 物、过氧化物和过氧酸以及它们 的衍生物： / 邻苯二甲酸酐	29	HS第29章	374				none	0.0	unmapped
29173611	对苯二甲酸及其盐： ---对苯二甲酸： 精对苯二甲酸	对苯二甲酸及其盐： ---对苯二甲酸： 精对苯二甲酸	291736	芳香多元羧酸及其酸酐、酰卤化 物、过氧化物和过氧酸以及它们 的衍生物： / 对苯二甲酸及其盐	29	HS第29章	374				none	0.0	unmapped
29173619	对苯二甲酸： 其他	对苯二甲酸： 其他	291736	芳香多元羧酸及其酸酐、酰卤化 物、过氧化物和过氧酸以及它们 的衍生物： / 对苯二甲酸及其盐	29	HS第29章	374				none	0.0	unmapped
29173690	其他	其他	291736	芳香多元羧酸及其酸酐、酰卤化 物、过氧化物和过氧酸以及它们 的衍生物： / 对苯二甲酸及其盐	29	HS第29章	374				none	0.0	unmapped
29173700	对苯二甲酸二甲酯	对苯二甲酸二甲酯	291737	芳香多元羧酸及其酸酐、酰卤化 物、过氧化物和过氧酸以及它们 的衍生物： / 对苯二甲酸二甲酯	29	HS第29章	374				none	0.0	unmapped
29173910	其他： 间苯二甲酸	其他： 间苯二甲酸	291739	芳香多元羧酸及其酸酐、酰卤化 物、过氧化物和过氧酸以及它们 的衍生物： / 其他	29	HS第29章	374				none	0.0	unmapped
29173990	其他	其他	291739	芳香多元羧酸及其酸酐、酰卤化 物、过氧化物和过氧酸以及它们 的衍生物： / 其他	29	HS第29章	374				none	0.0	unmapped
29181100	乳酸及其盐和酯	乳酸及其盐和酯	291811	含醇基但不含其他含氧基的羧 酸及其酸酐、酰卤化物、过氧化 物和过氧酸以及它们的衍生物： / 乳酸及其盐和酯	29	HS第29章	375				none	0.0	unmapped
29181200	酒石酸	酒石酸	291812	含醇基但不含其他含氧基的羧 酸及其酸酐、酰卤化物、过氧化 物和过氧酸以及它们的衍生物： / 酒石酸	29	HS第29章	375				none	0.0	unmapped
29181300	酒石酸盐及酒石酸酯	酒石酸盐及酒石酸酯	291813	含醇基但不含其他含氧基的羧 酸及其酸酐、酰卤化物、过氧化 物和过氧酸以及它们的衍生物： / 酒石酸盐及酒石酸酯	29	HS第29章	375				none	0.0	unmapped
29181400	柠檬酸	柠檬酸	291814	含醇基但不含其他含氧基的羧 酸及其酸酐、酰卤化物、过氧化 物和过氧酸以及它们的衍生物： / 柠檬酸	29	HS第29章	375				none	0.0	unmapped
29181500	柠檬酸盐及柠檬酸酯	柠檬酸盐及柠檬酸酯	291815	含醇基但不含其他含氧基的羧 酸及其酸酐、酰卤化物、过氧化 物和过氧酸以及它们的衍生物： / 柠檬酸盐及柠檬酸酯	29	HS第29章	375				none	0.0	unmapped
29181600	葡糖酸及其盐和酯	葡糖酸及其盐和酯	291816	含醇基但不含其他含氧基的羧 酸及其酸酐、酰卤化物、过氧化 物和过氧酸以及它们的衍生物： / 葡糖酸及其盐和酯	29	HS第29章	375				none	0.0	unmapped
29181700	2，2-二苯基-2-羟基乙酸（二苯 基乙醇酸）	2，2-二苯基-2-羟基乙酸（二苯 基乙醇酸）	291817	含醇基但不含其他含氧基的羧 酸及其酸酐、酰卤化物、过氧化 物和过氧酸以及它们的衍生物： / 2，2-二苯基-2-羟基乙酸（二苯	29	HS第29章	375				none	0.0	unmapped
29181800	乙酯杀螨醇（ISO）	乙酯杀螨醇（ISO）	291818	含醇基但不含其他含氧基的羧 酸及其酸酐、酰卤化物、过氧化 物和过氧酸以及它们的衍生物： / 乙酯杀螨醇（ISO）	29	HS第29章	375				none	0.0	unmapped
29181900	其他	其他	291819	含醇基但不含其他含氧基的羧 酸及其酸酐、酰卤化物、过氧化 物和过氧酸以及它们的衍生物： / 其他	29	HS第29章	376				none	0.0	unmapped
29182110	含酚基但不含其他含氧基的羧 酸及其酸酐、酰卤化物、过氧化 物和过氧酸以及它们的衍生物： --水杨酸及其盐： 水杨酸、水杨酸钠	含酚基但不含其他含氧基的羧 酸及其酸酐、酰卤化物、过氧化 物和过氧酸以及它们的衍生物： --水杨酸及其盐： 水杨酸、水杨酸钠	291821	含酚基但不含其他含氧基的羧 酸及其酸酐、酰卤化物、过氧化 物和过氧酸以及它们的衍生物： / 水杨酸及其盐	29	HS第29章	376				none	0.0	unmapped
29182190	其他	其他	291821	含酚基但不含其他含氧基的羧 酸及其酸酐、酰卤化物、过氧化 物和过氧酸以及它们的衍生物： / 水杨酸及其盐	29	HS第29章	376				none	0.0	unmapped
29182210	邻乙酰水杨酸及其盐和酯： 邻乙酰水杨酸（阿司匹林）	邻乙酰水杨酸及其盐和酯： 邻乙酰水杨酸（阿司匹林）	291822	含酚基但不含其他含氧基的羧 酸及其酸酐、酰卤化物、过氧化 物和过氧酸以及它们的衍生物： / 邻乙酰水杨酸及其盐和酯	29	HS第29章	376				none	0.0	unmapped
29182290	其他	其他	291822	含酚基但不含其他含氧基的羧 酸及其酸酐、酰卤化物、过氧化 物和过氧酸以及它们的衍生物： / 邻乙酰水杨酸及其盐和酯	29	HS第29章	376				none	0.0	unmapped
29182300	水杨酸的其他酯及其盐	水杨酸的其他酯及其盐	291823	含酚基但不含其他含氧基的羧 酸及其酸酐、酰卤化物、过氧化 物和过氧酸以及它们的衍生物： / 水杨酸的其他酯及其盐	29	HS第29章	376				none	0.0	unmapped
29182900	其他	其他	291829	含酚基但不含其他含氧基的羧 酸及其酸酐、酰卤化物、过氧化 物和过氧酸以及它们的衍生物： / 其他	29	HS第29章	376				none	0.0	unmapped
29183000	含醛基或酮基但不含其他含氧 基的羧酸及其酸酐、酰卤化物、 过氧化物和过氧酸以及它们的衍 生物	含醛基或酮基但不含其他含氧 基的羧酸及其酸酐、酰卤化物、 过氧化物和过氧酸以及它们的衍 生物	291830	含醛基或酮基但不含其他含氧	29	HS第29章	377				none	0.0	unmapped
29189100	其他： 2，4，5-涕（ISO）（2，4，5 三氯苯氧基乙酸）及其盐和酯	其他： 2，4，5-涕（ISO）（2，4，5 三氯苯氧基乙酸）及其盐和酯	291891	其他： / 2，4，5-涕（ISO）（2，4，5	29	HS第29章	377				none	0.0	unmapped
29189900	其他 第八分章 非金属无机酸酯及其 盐以及它们的卤化、磺化、硝化 或亚硝化衍生物	其他 第八分章 非金属无机酸酯及其 盐以及它们的卤化、磺化、硝化 或亚硝化衍生物	291899	其他： / 其他	29	HS第29章	377				none	0.0	unmapped
29191000	三（2，3-二溴丙基）磷酸酯	三（2，3-二溴丙基）磷酸酯	291910	三（2，3-二溴丙基）磷酸酯	29	HS第29章	377				none	0.0	unmapped
29199000	其他	其他	291990	其他	29	HS第29章	377				none	0.0	unmapped
29201100	硫代磷酸酯及其盐以及它们的 卤化、磺化、硝化或亚硝化衍生 物： 对硫磷（ISO）及甲基对硫磷 （ISO）	硫代磷酸酯及其盐以及它们的 卤化、磺化、硝化或亚硝化衍生 物： 对硫磷（ISO）及甲基对硫磷 （ISO）	292011	硫代磷酸酯及其盐以及它们的 卤化、磺化、硝化或亚硝化衍生 物： / 对硫磷（ISO）及甲基对硫磷	29	HS第29章	377				none	0.0	unmapped
29201900	其他	其他	292019	硫代磷酸酯及其盐以及它们的 卤化、磺化、硝化或亚硝化衍生 物： / 其他	29	HS第29章	378				none	0.0	unmapped
29202100	亚磷酸酯及其盐以及它们的卤 化、磺化、硝化或亚硝化衍生物： 亚磷酸二甲酯	亚磷酸酯及其盐以及它们的卤 化、磺化、硝化或亚硝化衍生物： 亚磷酸二甲酯	292021	亚磷酸酯及其盐以及它们的卤 化、磺化、硝化或亚硝化衍生物： / 亚磷酸二甲酯	29	HS第29章	378				none	0.0	unmapped
29202200	亚磷酸二乙酯	亚磷酸二乙酯	292022	亚磷酸酯及其盐以及它们的卤 化、磺化、硝化或亚硝化衍生物： / 亚磷酸二乙酯	29	HS第29章	378				none	0.0	unmapped
29202300	亚磷酸三甲酯	亚磷酸三甲酯	292023	亚磷酸酯及其盐以及它们的卤 化、磺化、硝化或亚硝化衍生物： / 亚磷酸三甲酯	29	HS第29章	378				none	0.0	unmapped
29202400	亚磷酸三乙酯	亚磷酸三乙酯	292024	亚磷酸酯及其盐以及它们的卤 化、磺化、硝化或亚硝化衍生物： / 亚磷酸三乙酯	29	HS第29章	378				none	0.0	unmapped
29202910	其他： 其他亚磷酸酯	其他： 其他亚磷酸酯	292029	亚磷酸酯及其盐以及它们的卤 化、磺化、硝化或亚硝化衍生物： / 其他	29	HS第29章	378				none	0.0	unmapped
29202990	其他	其他	292029	亚磷酸酯及其盐以及它们的卤 化、磺化、硝化或亚硝化衍生物： / 其他	29	HS第29章	379				none	0.0	unmapped
29203000	硫丹（ISO）	硫丹（ISO）	292030	硫丹（ISO）	29	HS第29章	379				none	0.0	unmapped
29209000	其他 碳酸二苯酯 第九分章 含氮基化合物	其他 碳酸二苯酯 第九分章 含氮基化合物	292090	其他	29	HS第29章	379				none	0.0	unmapped
29211100	无环单胺及其衍生物以及它们 的盐： 甲胺、二甲胺或三甲胺及其盐	无环单胺及其衍生物以及它们 的盐： 甲胺、二甲胺或三甲胺及其盐	292111	无环单胺及其衍生物以及它们 的盐： / 甲胺、二甲胺或三甲胺及其盐	29	HS第29章	379				none	0.0	unmapped
29211200	2-（N，N-二甲基氨基）氯乙烷 盐酸盐	2-（N，N-二甲基氨基）氯乙烷 盐酸盐	292112	无环单胺及其衍生物以及它们 的盐： / 2-（N，N-二甲基氨基）氯乙烷	29	HS第29章	379				none	0.0	unmapped
29211300	2-（N，N-二乙基氨基）氯乙烷 盐酸盐	2-（N，N-二乙基氨基）氯乙烷 盐酸盐	292113	无环单胺及其衍生物以及它们 的盐： / 2-（N，N-二乙基氨基）氯乙烷	29	HS第29章	379				none	0.0	unmapped
29211400	2-（N，N-二异丙基氨基）氯乙 烷盐酸盐	2-（N，N-二异丙基氨基）氯乙 烷盐酸盐	292114	无环单胺及其衍生物以及它们 的盐： / 2-（N，N-二异丙基氨基）氯乙	29	HS第29章	380				none	0.0	unmapped
29211910	其他： 二正丙胺	其他： 二正丙胺	292119	无环单胺及其衍生物以及它们 的盐： / 其他	29	HS第29章	380				none	0.0	unmapped
29211920	异丙胺	异丙胺	292119	无环单胺及其衍生物以及它们 的盐： / 其他	29	HS第29章	380				none	0.0	unmapped
29211930	N，N-二（2-氯乙基）乙胺	N，N-二（2-氯乙基）乙胺	292119	无环单胺及其衍生物以及它们 的盐： / 其他	29	HS第29章	380				none	0.0	unmapped
29211940	N，N-二（2-氯乙基）甲胺	N，N-二（2-氯乙基）甲胺	292119	无环单胺及其衍生物以及它们 的盐： / 其他	29	HS第29章	380				none	0.0	unmapped
29211950	三（2-氯乙基）胺	三（2-氯乙基）胺	292119	无环单胺及其衍生物以及它们 的盐： / 其他	29	HS第29章	380				none	0.0	unmapped
29211960	二烷（甲、乙、正丙或异丙） 氨基乙基-2-氯及其质子化盐	二烷（甲、乙、正丙或异丙） 氨基乙基-2-氯及其质子化盐	292119	无环单胺及其衍生物以及它们 的盐： / 其他	29	HS第29章	380				none	0.0	unmapped
29211990	其他	其他	292119	无环单胺及其衍生物以及它们 的盐： / 其他	29	HS第29章	381				none	0.0	unmapped
29212110	无环多胺及其衍生物以及它们 的盐： --乙二胺及其盐： 乙二胺	无环多胺及其衍生物以及它们 的盐： --乙二胺及其盐： 乙二胺	292121	无环多胺及其衍生物以及它们 的盐： / 乙二胺及其盐	29	HS第29章	381				none	0.0	unmapped
29212190	其他	其他	292121	无环多胺及其衍生物以及它们 的盐： / 乙二胺及其盐	29	HS第29章	381				none	0.0	unmapped
29212210	六亚甲基二胺及其盐： 己二酸己二胺盐（尼龙-66盐）	六亚甲基二胺及其盐： 己二酸己二胺盐（尼龙-66盐）	292122	无环多胺及其衍生物以及它们 的盐： / 六亚甲基二胺及其盐	29	HS第29章	381				none	0.0	unmapped
29212290	其他	其他	292122	无环多胺及其衍生物以及它们 的盐： / 六亚甲基二胺及其盐	29	HS第29章	381				none	0.0	unmapped
29212900	其他	其他	292129	无环多胺及其衍生物以及它们 的盐： / 其他	29	HS第29章	381				none	0.0	unmapped
29213000	环烷单胺或多胺、环烯单胺或多 胺、环萜烯单胺或多胺及其衍生 物以及它们的盐	环烷单胺或多胺、环烯单胺或多 胺、环萜烯单胺或多胺及其衍生 物以及它们的盐	292130	环烷单胺或多胺、环烯单胺或多	29	HS第29章	381				none	0.0	unmapped
29214110	苯胺	苯胺	292141	环烷单胺或多胺、环烯单胺或多	29	HS第29章	382				none	0.0	unmapped
29214190	其他	其他	292141	环烷单胺或多胺、环烯单胺或多	29	HS第29章	382				none	0.0	unmapped
29214200	苯胺衍生物及其盐	苯胺衍生物及其盐	292142	环烷单胺或多胺、环烯单胺或多 / 苯胺衍生物及其盐	29	HS第29章	382				none	0.0	unmapped
29214300	甲苯胺及其衍生物以及它们的 盐	甲苯胺及其衍生物以及它们的 盐	292143	环烷单胺或多胺、环烯单胺或多 / 甲苯胺及其衍生物以及它们的	29	HS第29章	382				none	0.0	unmapped
29214400	二苯胺及其衍生物以及它们的 盐	二苯胺及其衍生物以及它们的 盐	292144	环烷单胺或多胺、环烯单胺或多 / 二苯胺及其衍生物以及它们的	29	HS第29章	382				none	0.0	unmapped
29214500	1-萘胺（α-萘胺）、2-萘胺（β 萘胺）及其衍生物以及它们的盐	1-萘胺（α-萘胺）、2-萘胺（β 萘胺）及其衍生物以及它们的盐	292145	环烷单胺或多胺、环烯单胺或多 / 1-萘胺（α-萘胺）、2-萘胺（β	29	HS第29章	382				none	0.0	unmapped
29214600	安非他明（INN）、苄非他明 （INN）、右苯丙胺（INN）、乙非 他明（INN）、芬坎法明（INN）、 利非他明（INN）、左苯丙胺 （INN）、美芬雷司（INN）、苯丁 胺（INN）以及它们的盐	安非他明（INN）、苄非他明 （INN）、右苯丙胺（INN）、乙非 他明（INN）、芬坎法明（INN）、 利非他明（INN）、左苯丙胺 （INN）、美芬雷司（INN）、苯丁 胺（INN）以及它们的盐	292146	环烷单胺或多胺、环烯单胺或多 / 安非他明（INN）、苄非他明	29	HS第29章	382				none	0.0	unmapped
29214910	对异丙基苯胺	对异丙基苯胺	292149	环烷单胺或多胺、环烯单胺或多 / 其他	29	HS第29章	383				none	0.0	unmapped
29214920	二甲基苯胺	二甲基苯胺	292149	环烷单胺或多胺、环烯单胺或多 / 其他	29	HS第29章	383				none	0.0	unmapped
29214930	2，6-甲基乙基苯胺	2，6-甲基乙基苯胺	292149	环烷单胺或多胺、环烯单胺或多 / 其他	29	HS第29章	383				none	0.0	unmapped
29214940	2，6-二乙基苯胺	2，6-二乙基苯胺	292149	环烷单胺或多胺、环烯单胺或多 / 其他	29	HS第29章	383				none	0.0	unmapped
29214990	其他 盐酸舍曲林	其他 盐酸舍曲林	292149	环烷单胺或多胺、环烯单胺或多 / 其他	29	HS第29章	383				none	0.0	unmapped
29215110	芳香多胺及其衍生物以及它们 的盐： --邻-、间-、对-苯二胺、二氨基甲 苯及其衍生物以及它们的盐： 邻苯二胺	芳香多胺及其衍生物以及它们 的盐： --邻-、间-、对-苯二胺、二氨基甲 苯及其衍生物以及它们的盐： 邻苯二胺	292151	芳香多胺及其衍生物以及它们 的盐： / 邻-、间-、对-苯二胺、二氨基甲 苯及其衍生物以及它们的盐	29	HS第29章	383				none	0.0	unmapped
29215190	其他	其他	292151	芳香多胺及其衍生物以及它们 的盐： / 邻-、间-、对-苯二胺、二氨基甲 苯及其衍生物以及它们的盐	29	HS第29章	383				none	0.0	unmapped
29215900	其他	其他	292159	芳香多胺及其衍生物以及它们 的盐： / 其他	29	HS第29章	383				none	0.0	unmapped
29221100	单乙醇胺及其盐	单乙醇胺及其盐	292211	单乙醇胺及其盐	29	HS第29章	384				none	0.0	unmapped
29221200	二乙醇胺及其盐	二乙醇胺及其盐	292212	二乙醇胺及其盐	29	HS第29章	384				none	0.0	unmapped
29221400	右丙氧吩（INN）及其盐	右丙氧吩（INN）及其盐	292214	右丙氧吩（INN）及其盐	29	HS第29章	384				none	0.0	unmapped
29221500	三乙醇胺	三乙醇胺	292215	三乙醇胺	29	HS第29章	384				none	0.0	unmapped
29221600	全氟辛基磺酸二乙醇铵	全氟辛基磺酸二乙醇铵	292216	全氟辛基磺酸二乙醇铵	29	HS第29章	384				none	0.0	unmapped
29221700	甲基二乙醇胺和乙基二乙醇胺	甲基二乙醇胺和乙基二乙醇胺	292217	甲基二乙醇胺和乙基二乙醇胺	29	HS第29章	384				none	0.0	unmapped
29221800	2-（N，N-二异丙基氨基）乙醇	2-（N，N-二异丙基氨基）乙醇	292218	2-（N，N-二异丙基氨基）乙醇	29	HS第29章	384				none	0.0	unmapped
29221910	其他： 乙胺丁醇	其他： 乙胺丁醇	292219	其他	29	HS第29章	384				none	0.0	unmapped
29221921	乙胺丁醇 二甲氨基乙醇及其质子化盐	乙胺丁醇 二甲氨基乙醇及其质子化盐	292219	其他	29	HS第29章	385				none	0.0	unmapped
29221922	乙胺丁醇 二乙氨基乙醇及其质子化盐	乙胺丁醇 二乙氨基乙醇及其质子化盐	292219	其他	29	HS第29章	385				none	0.0	unmapped
29221929	乙胺丁醇 其他	乙胺丁醇 其他	292219	其他	29	HS第29章	385				none	0.0	unmapped
29221930	乙基二乙醇胺的盐	乙基二乙醇胺的盐	292219	其他	29	HS第29章	385				none	0.0	unmapped
29221940	甲基二乙醇胺的盐	甲基二乙醇胺的盐	292219	其他	29	HS第29章	385				none	0.0	unmapped
29221950	本芴醇	本芴醇	292219	其他	29	HS第29章	385				none	0.0	unmapped
29221990	其他	其他	292219	其他	29	HS第29章	385				none	0.0	unmapped
29222100	氨基羟基萘磺酸及其盐	氨基羟基萘磺酸及其盐	292221	氨基萘酚和其他氨基酚（但含有 一种以上含氧基的除外）及其醚 和酯，以及它们的盐： / 氨基羟基萘磺酸及其盐	29	HS第29章	386				none	0.0	unmapped
29222910	其他： 茴香胺、二茴香胺、氨基苯乙 醚及其盐	其他： 茴香胺、二茴香胺、氨基苯乙 醚及其盐	292229	氨基萘酚和其他氨基酚（但含有 一种以上含氧基的除外）及其醚 和酯，以及它们的盐： / 其他	29	HS第29章	386				none	0.0	unmapped
29222990	其他	其他	292229	氨基萘酚和其他氨基酚（但含有 一种以上含氧基的除外）及其醚 和酯，以及它们的盐： / 其他	29	HS第29章	386				none	0.0	unmapped
29223100	氨基醛、氨基酮和氨基醌，但含 有一种以上含氧基的除外，以及 它们的盐： 安非拉酮（INN）、美沙酮（INN） 和去甲美沙酮（INN）以及它们 的盐	氨基醛、氨基酮和氨基醌，但含 有一种以上含氧基的除外，以及 它们的盐： 安非拉酮（INN）、美沙酮（INN） 和去甲美沙酮（INN）以及它们 的盐	292231	氨基醛、氨基酮和氨基醌，但含 有一种以上含氧基的除外，以及 它们的盐： / 安非拉酮（INN）、美沙酮（INN）	29	HS第29章	386				none	0.0	unmapped
29223910	其他： 4-甲基甲卡西酮	其他： 4-甲基甲卡西酮	292239	氨基醛、氨基酮和氨基醌，但含 有一种以上含氧基的除外，以及 它们的盐： / 其他	29	HS第29章	386				none	0.0	unmapped
29223920	安非他酮及其盐	安非他酮及其盐	292239	氨基醛、氨基酮和氨基醌，但含 有一种以上含氧基的除外，以及 它们的盐： / 其他	29	HS第29章	386				none	0.0	unmapped
29223990	其他	其他	292239	氨基醛、氨基酮和氨基醌，但含 有一种以上含氧基的除外，以及 它们的盐： / 其他	29	HS第29章	386				none	0.0	unmapped
29224110	赖氨酸	赖氨酸	292241	氨基醛、氨基酮和氨基醌，但含 有一种以上含氧基的除外，以及 它们的盐： / 其他	29	HS第29章	387				none	0.0	unmapped
29224190	其他	其他	292241	氨基醛、氨基酮和氨基醌，但含 有一种以上含氧基的除外，以及 它们的盐： / 其他	29	HS第29章	387				none	0.0	unmapped
29224210	谷氨酸及其盐： 谷氨酸	谷氨酸及其盐： 谷氨酸	292242	氨基醛、氨基酮和氨基醌，但含 有一种以上含氧基的除外，以及 它们的盐： / 谷氨酸及其盐	29	HS第29章	387				none	0.0	unmapped
29224220	谷氨酸钠	谷氨酸钠	292242	氨基醛、氨基酮和氨基醌，但含 有一种以上含氧基的除外，以及 它们的盐： / 谷氨酸及其盐	29	HS第29章	387				none	0.0	unmapped
29224290	其他	其他	292242	氨基醛、氨基酮和氨基醌，但含 有一种以上含氧基的除外，以及 它们的盐： / 谷氨酸及其盐	29	HS第29章	387				none	0.0	unmapped
29224310	邻氨基苯甲酸（氨茴酸）及其盐： 邻氨基苯甲酸（氨茴酸）	邻氨基苯甲酸（氨茴酸）及其盐： 邻氨基苯甲酸（氨茴酸）	292243	氨基醛、氨基酮和氨基醌，但含 有一种以上含氧基的除外，以及 它们的盐： / 邻氨基苯甲酸（氨茴酸）及其盐	29	HS第29章	387				none	0.0	unmapped
29224390	其他	其他	292243	氨基醛、氨基酮和氨基醌，但含 有一种以上含氧基的除外，以及 它们的盐： / 邻氨基苯甲酸（氨茴酸）及其盐	29	HS第29章	387				none	0.0	unmapped
29224400	替利定（INN）及其盐	替利定（INN）及其盐	292244	氨基醛、氨基酮和氨基醌，但含 有一种以上含氧基的除外，以及 它们的盐： / 替利定（INN）及其盐	29	HS第29章	388				none	0.0	unmapped
29224911	其他： ---其他氨基酸： 氨甲环酸	其他： ---其他氨基酸： 氨甲环酸	292249	氨基醛、氨基酮和氨基醌，但含 有一种以上含氧基的除外，以及 它们的盐： / 其他	29	HS第29章	388				none	0.0	unmapped
29224919	其他氨基酸： 其他	其他氨基酸： 其他	292249	氨基醛、氨基酮和氨基醌，但含 有一种以上含氧基的除外，以及 它们的盐： / 其他	29	HS第29章	388				none	0.0	unmapped
29224991	其他： 普鲁卡因及其盐	其他： 普鲁卡因及其盐	292249	氨基醛、氨基酮和氨基醌，但含 有一种以上含氧基的除外，以及 它们的盐： / 其他	29	HS第29章	388				none	0.0	unmapped
29224999	其他： 其他	其他： 其他	292249	氨基醛、氨基酮和氨基醌，但含 有一种以上含氧基的除外，以及 它们的盐： / 其他	29	HS第29章	388				none	0.0	unmapped
29225010	氨基醇酚、氨基酸酚及其他含氧 基氨基化合物： 对羟基苯甘氨酸及其邓钾盐	氨基醇酚、氨基酸酚及其他含氧 基氨基化合物： 对羟基苯甘氨酸及其邓钾盐	292250	氨基醇酚、氨基酸酚及其他含氧 基氨基化合物	29	HS第29章	388				none	0.0	unmapped
29225020	莱克多巴胺和盐酸莱克多巴胺	莱克多巴胺和盐酸莱克多巴胺	292250	氨基醇酚、氨基酸酚及其他含氧 基氨基化合物	29	HS第29章	389				none	0.0	unmapped
29225090	其他 抗癌药原料（盐酸米托蒽醌）	其他 抗癌药原料（盐酸米托蒽醌）	292250	氨基醇酚、氨基酸酚及其他含氧 基氨基化合物	29	HS第29章	389				none	0.0	unmapped
29231000	胆碱及其盐	胆碱及其盐	292310	胆碱及其盐	29	HS第29章	389				none	0.0	unmapped
29232000	卵磷脂及其他磷氨基类脂	卵磷脂及其他磷氨基类脂	292320	卵磷脂及其他磷氨基类脂	29	HS第29章	389				none	0.0	unmapped
29233000	全氟辛基磺酸四乙基铵	全氟辛基磺酸四乙基铵	292330	全氟辛基磺酸四乙基铵	29	HS第29章	389				none	0.0	unmapped
29234000	全氟辛基磺酸二癸基二甲基铵	全氟辛基磺酸二癸基二甲基铵	292340	全氟辛基磺酸二癸基二甲基铵	29	HS第29章	389				none	0.0	unmapped
29239000	其他	其他	292390	其他	29	HS第29章	390				none	0.0	unmapped
29241100	无环酰胺（包括无环氨基甲酸 酯）及其衍生物以及它们的盐： 甲丙氨酯（INN）	无环酰胺（包括无环氨基甲酸 酯）及其衍生物以及它们的盐： 甲丙氨酯（INN）	292411	无环酰胺（包括无环氨基甲酸 酯）及其衍生物以及它们的盐： / 甲丙氨酯（INN）	29	HS第29章	390				none	0.0	unmapped
29241200	氟乙酰胺（ISO）、久效磷（ISO） 及磷胺（ISO）	氟乙酰胺（ISO）、久效磷（ISO） 及磷胺（ISO）	292412	无环酰胺（包括无环氨基甲酸 酯）及其衍生物以及它们的盐： / 氟乙酰胺（ISO）、久效磷（ISO）	29	HS第29章	390				none	0.0	unmapped
29241910	其他： 二甲基甲酰胺	其他： 二甲基甲酰胺	292419	无环酰胺（包括无环氨基甲酸 酯）及其衍生物以及它们的盐： / 其他	29	HS第29章	390				none	0.0	unmapped
29241990	其他	其他	292419	无环酰胺（包括无环氨基甲酸 酯）及其衍生物以及它们的盐： / 其他	29	HS第29章	390				none	0.0	unmapped
29242100	环酰胺（包括环氨基甲酸酯）及 其衍生物以及它们的盐： 烷基脲及其衍生物以及它们的 盐	环酰胺（包括环氨基甲酸酯）及 其衍生物以及它们的盐： 烷基脲及其衍生物以及它们的 盐	292421	环酰胺（包括环氨基甲酸酯）及 其衍生物以及它们的盐： / 烷基脲及其衍生物以及它们的	29	HS第29章	390				none	0.0	unmapped
29242300	2-乙酰氨基苯甲酸（N-乙酰邻氨 基苯甲酸）及其盐	2-乙酰氨基苯甲酸（N-乙酰邻氨 基苯甲酸）及其盐	292423	环酰胺（包括环氨基甲酸酯）及 其衍生物以及它们的盐： / 2-乙酰氨基苯甲酸（N-乙酰邻氨	29	HS第29章	390				none	0.0	unmapped
29242400	炔己蚁胺（INN）	炔己蚁胺（INN）	292424	环酰胺（包括环氨基甲酸酯）及 其衍生物以及它们的盐： / 炔己蚁胺（INN）	29	HS第29章	391				none	0.0	unmapped
29242500	甲草胺（ISO）	甲草胺（ISO）	292425	环酰胺（包括环氨基甲酸酯）及 其衍生物以及它们的盐： / 甲草胺（ISO）	29	HS第29章	391				none	0.0	unmapped
29242910	其他： 对乙酰氨基苯乙醚（非那西丁）	其他： 对乙酰氨基苯乙醚（非那西丁）	292429	环酰胺（包括环氨基甲酸酯）及 其衍生物以及它们的盐： / 其他	29	HS第29章	391				none	0.0	unmapped
29242920	对乙酰氨基酚（扑热息痛）	对乙酰氨基酚（扑热息痛）	292429	环酰胺（包括环氨基甲酸酯）及 其衍生物以及它们的盐： / 其他	29	HS第29章	391				none	0.0	unmapped
29242930	阿斯巴甜	阿斯巴甜	292429	环酰胺（包括环氨基甲酸酯）及 其衍生物以及它们的盐： / 其他	29	HS第29章	391				none	0.0	unmapped
29242990	其他 抗癌药原料（氟他胺）	其他 抗癌药原料（氟他胺）	292429	环酰胺（包括环氨基甲酸酯）及 其衍生物以及它们的盐： / 其他	29	HS第29章	391				none	0.0	unmapped
29251100	酰亚胺及其衍生物以及它们的 盐： 糖精及其盐	酰亚胺及其衍生物以及它们的 盐： 糖精及其盐	292511	酰亚胺及其衍生物以及它们的 盐： / 糖精及其盐	29	HS第29章	391				none	0.0	unmapped
29251200	格鲁米特（INN）	格鲁米特（INN）	292512	酰亚胺及其衍生物以及它们的 盐： / 格鲁米特（INN）	29	HS第29章	392				none	0.0	unmapped
29251900	其他	其他	292519	酰亚胺及其衍生物以及它们的 盐： / 其他	29	HS第29章	392				none	0.0	unmapped
29252100	亚胺及其衍生物以及它们的盐： 杀虫脒（ISO）	亚胺及其衍生物以及它们的盐： 杀虫脒（ISO）	292521	亚胺及其衍生物以及它们的盐： / 杀虫脒（ISO）	29	HS第29章	392				none	0.0	unmapped
29252900	其他	其他	292529	亚胺及其衍生物以及它们的盐： / 其他	29	HS第29章	392				none	0.0	unmapped
29261000	丙烯腈	丙烯腈	292610	丙烯腈	29	HS第29章	392				none	0.0	unmapped
29262000	1-氰基胍（双氰胺）	1-氰基胍（双氰胺）	292620	1-氰基胍（双氰胺）	29	HS第29章	392				none	0.0	unmapped
29263000	芬普雷司（INN）及其盐；美沙 酮（INN）中间体（4-氰基-2-二 甲氨基-4，4-二苯基丁烷）	芬普雷司（INN）及其盐；美沙 酮（INN）中间体（4-氰基-2-二 甲氨基-4，4-二苯基丁烷）	292630	芬普雷司（INN）及其盐；美沙	29	HS第29章	392				none	0.0	unmapped
29264000	α-苯基乙酰基乙腈	α-苯基乙酰基乙腈	292640	α-苯基乙酰基乙腈	29	HS第29章	392				none	0.0	unmapped
29269010	对氯氰苄	对氯氰苄	292690	α-苯基乙酰基乙腈	29	HS第29章	393				none	0.0	unmapped
29269020	间苯二甲腈	间苯二甲腈	292690	α-苯基乙酰基乙腈	29	HS第29章	393				none	0.0	unmapped
29269090	其他 己二腈	其他 己二腈	292690	α-苯基乙酰基乙腈	29	HS第29章	393				none	0.0	unmapped
29270000	重氮化合物、偶氮化合物及氧化 偶氮化合物	重氮化合物、偶氮化合物及氧化 偶氮化合物	292700	重氮化合物、偶氮化合物及氧化 偶氮化合物	29	HS第29章	393				none	0.0	unmapped
29280000	肼（联氨）及胲（羟胺）的有机 衍生物	肼（联氨）及胲（羟胺）的有机 衍生物	292800	肼（联氨）及胲（羟胺）的有机 衍生物	29	HS第29章	393				none	0.0	unmapped
29291010	异氰酸酯： 2，4-和2，6-甲苯二异氰酸酯混 合物（甲苯二异氰酸酯TDI）	异氰酸酯： 2，4-和2，6-甲苯二异氰酸酯混 合物（甲苯二异氰酸酯TDI）	292910	异氰酸酯	29	HS第29章	393				none	0.0	unmapped
29291020	二甲苯二异氰酸酯（TODI）	二甲苯二异氰酸酯（TODI）	292910	异氰酸酯	29	HS第29章	393				none	0.0	unmapped
29291030	二苯基甲烷二异氰酸酯（纯 MDI）	二苯基甲烷二异氰酸酯（纯 MDI）	292910	异氰酸酯	29	HS第29章	394				none	0.0	unmapped
29291040	六亚甲基二异氰酸酯	六亚甲基二异氰酸酯	292910	异氰酸酯	29	HS第29章	394				none	0.0	unmapped
29291090	其他	其他	292910	异氰酸酯	29	HS第29章	394				none	0.0	unmapped
29299010	其他： 环已基氨基磺酸钠（甜蜜素）	其他： 环已基氨基磺酸钠（甜蜜素）	292990	其他	29	HS第29章	394				none	0.0	unmapped
29299020	二烷（甲、乙、正丙或异丙） 氨基膦酰二卤	二烷（甲、乙、正丙或异丙） 氨基膦酰二卤	292990	其他	29	HS第29章	394				none	0.0	unmapped
29299030	二烷（甲、乙、正丙或异丙） 氨基膦酸二烷（甲、乙、正丙或 异丙）酯	二烷（甲、乙、正丙或异丙） 氨基膦酸二烷（甲、乙、正丙或 异丙）酯	292990	其他	29	HS第29章	394				none	0.0	unmapped
29299090	其他 第十分章 有机—无机化合物、 杂环化合物、核酸及其盐以及磺 （酰）胺	其他 第十分章 有机—无机化合物、 杂环化合物、核酸及其盐以及磺 （酰）胺	292990	其他	29	HS第29章	394				none	0.0	unmapped
29301000	2-（N，N-二甲基氨基）乙硫醇	2-（N，N-二甲基氨基）乙硫醇	293010	2-（N，N-二甲基氨基）乙硫醇	29	HS第29章	395				none	0.0	unmapped
29302000	硫代氨基甲酸盐（或酯）及二硫 代氨基甲酸盐	硫代氨基甲酸盐（或酯）及二硫 代氨基甲酸盐	293020	硫代氨基甲酸盐（或酯）及二硫	29	HS第29章	395				none	0.0	unmapped
29303000	一硫化二烃氨基硫羰、二硫化二 烃氨基硫羰及四硫化二烃氨基硫 羰	一硫化二烃氨基硫羰、二硫化二 烃氨基硫羰及四硫化二烃氨基硫 羰	293030	一硫化二烃氨基硫羰、二硫化二	29	HS第29章	395				none	0.0	unmapped
29304000	甲硫氨酸（蛋氨酸）	甲硫氨酸（蛋氨酸）	293040	甲硫氨酸（蛋氨酸）	29	HS第29章	395				none	0.0	unmapped
29306000	2-（N，N-二乙基氨基）乙硫醇	2-（N，N-二乙基氨基）乙硫醇	293060	2-（N，N-二乙基氨基）乙硫醇	29	HS第29章	395				none	0.0	unmapped
29307000	二（2-羟乙基）硫醚［硫二甘醇 （INN）］	二（2-羟乙基）硫醚［硫二甘醇 （INN）］	293070	二（2-羟乙基）硫醚［硫二甘醇	29	HS第29章	395				none	0.0	unmapped
29308000	涕灭威（ISO）、敌菌丹（ISO） 及甲胺磷（ISO）	涕灭威（ISO）、敌菌丹（ISO） 及甲胺磷（ISO）	293080	涕灭威（ISO）、敌菌丹（ISO）	29	HS第29章	395				none	0.0	unmapped
29309010	其他： 双巯丙氨酸（胱氨酸）	其他： 双巯丙氨酸（胱氨酸）	293090	其他	29	HS第29章	395				none	0.0	unmapped
29309020	二硫代碳酸酯（或盐）［黄原酸 酯（或盐）］	二硫代碳酸酯（或盐）［黄原酸 酯（或盐）］	293090	其他	29	HS第29章	396				none	0.0	unmapped
29309030	乙酰甲胺磷	乙酰甲胺磷	293090	其他	29	HS第29章	396				none	0.0	unmapped
29309090	其他 抗癌药原料（比卡鲁胺） 罕见病药原料（青霉胺）	其他 抗癌药原料（比卡鲁胺） 罕见病药原料（青霉胺）	293090	其他	29	HS第29章	396				none	0.0	unmapped
29311000	四甲基铅及四乙基铅	四甲基铅及四乙基铅	293110	四甲基铅及四乙基铅	29	HS第29章	396				none	0.0	unmapped
29312000	三丁基锡化合物	三丁基锡化合物	293120	三丁基锡化合物	29	HS第29章	396				none	0.0	unmapped
29314100	非卤化有机磷衍生物： 甲基膦酸二甲酯	非卤化有机磷衍生物： 甲基膦酸二甲酯	293141	非卤化有机磷衍生物： / 甲基膦酸二甲酯	29	HS第29章	396				none	0.0	unmapped
29314200	丙基膦酸二甲酯	丙基膦酸二甲酯	293142	非卤化有机磷衍生物： / 丙基膦酸二甲酯	29	HS第29章	396				none	0.0	unmapped
29314300	乙基膦酸二乙酯	乙基膦酸二乙酯	293143	非卤化有机磷衍生物： / 乙基膦酸二乙酯	29	HS第29章	397				none	0.0	unmapped
29314400	甲基膦酸	甲基膦酸	293144	非卤化有机磷衍生物： / 甲基膦酸	29	HS第29章	397				none	0.0	unmapped
29314500	甲基膦酸和脒基尿素（1:1）生 成的盐	甲基膦酸和脒基尿素（1:1）生 成的盐	293145	非卤化有机磷衍生物： / 甲基膦酸和脒基尿素（1:1）生	29	HS第29章	397				none	0.0	unmapped
29314600	1-丙基磷酸环酐	1-丙基磷酸环酐	293146	非卤化有机磷衍生物： / 1-丙基磷酸环酐	29	HS第29章	397				none	0.0	unmapped
29314700	（5-乙基-2-甲基-2-氧代-1，3， 2-二氧磷杂环己-5-基）甲基膦酸 二甲酯	（5-乙基-2-甲基-2-氧代-1，3， 2-二氧磷杂环己-5-基）甲基膦酸 二甲酯	293147	非卤化有机磷衍生物： / （5-乙基-2-甲基-2-氧代-1，3，	29	HS第29章	397				none	0.0	unmapped
29314800	3，9-二甲基-2，4，8，10-四氧 杂-3，9-二磷杂螺[5，5]十一烷-3， 9二氧化物	3，9-二甲基-2，4，8，10-四氧 杂-3，9-二磷杂螺[5，5]十一烷-3， 9二氧化物	293148	非卤化有机磷衍生物： / 3，9-二甲基-2，4，8，10-四氧	29	HS第29章	397				none	0.0	unmapped
29314910	其他： 双甘膦	其他： 双甘膦	293149	非卤化有机磷衍生物： / 其他	29	HS第29章	397				none	0.0	unmapped
29314990	其他	其他	293149	非卤化有机磷衍生物： / 其他	29	HS第29章	397				none	0.0	unmapped
29315100	甲基膦酰二氯	甲基膦酰二氯	293151	非卤化有机磷衍生物： / 甲基膦酰二氯	29	HS第29章	398				none	0.0	unmapped
29315200	丙基膦酰二氯	丙基膦酰二氯	293152	非卤化有机磷衍生物： / 丙基膦酰二氯	29	HS第29章	398				none	0.0	unmapped
29315300	O-（3-氯丙基）O-[4-硝基-3-（三 氟甲基）苯基]甲基硫代膦酸酯	O-（3-氯丙基）O-[4-硝基-3-（三 氟甲基）苯基]甲基硫代膦酸酯	293153	非卤化有机磷衍生物： / O-（3-氯丙基）O-[4-硝基-3-（三	29	HS第29章	398				none	0.0	unmapped
29315400	敌百虫（ISO）	敌百虫（ISO）	293154	非卤化有机磷衍生物： / 敌百虫（ISO）	29	HS第29章	398				none	0.0	unmapped
29315900	其他	其他	293159	非卤化有机磷衍生物： / 其他	29	HS第29章	398				none	0.0	unmapped
29319000	其他	其他	293190	其他	29	HS第29章	398				none	0.0	unmapped
29321100	结构上含有一个非稠合呋喃环 （不论是否氢化）的化合物： 四氢呋喃	结构上含有一个非稠合呋喃环 （不论是否氢化）的化合物： 四氢呋喃	293211	结构上含有一个非稠合呋喃环 （不论是否氢化）的化合物： / 四氢呋喃	29	HS第29章	398				none	0.0	unmapped
29321200	2-糠醛	2-糠醛	293212	结构上含有一个非稠合呋喃环 （不论是否氢化）的化合物： / 2-糠醛	29	HS第29章	398				none	0.0	unmapped
29321300	糠醇及四氢糠醇	糠醇及四氢糠醇	293213	结构上含有一个非稠合呋喃环 （不论是否氢化）的化合物： / 糠醇及四氢糠醇	29	HS第29章	399				none	0.0	unmapped
29321400	三氯蔗糖	三氯蔗糖	293214	结构上含有一个非稠合呋喃环 （不论是否氢化）的化合物： / 三氯蔗糖	29	HS第29章	399				none	0.0	unmapped
29321900	其他 恩格列净	其他 恩格列净	293219	结构上含有一个非稠合呋喃环 （不论是否氢化）的化合物： / 其他	29	HS第29章	399				none	0.0	unmapped
29322010	内酯： 香豆素、甲基香豆素及乙基香 豆素	内酯： 香豆素、甲基香豆素及乙基香 豆素	293220	内酯	29	HS第29章	399				none	0.0	unmapped
29322090	其他内酯	其他内酯	293220	内酯	29	HS第29章	399				none	0.0	unmapped
29329100	其他： 4-丙烯基-1，2-亚甲二氧基苯（异 黄樟脑）	其他： 4-丙烯基-1，2-亚甲二氧基苯（异 黄樟脑）	293291	其他： / 4-丙烯基-1，2-亚甲二氧基苯（异	29	HS第29章	399				none	0.0	unmapped
29329200	1-（1，3-苯并二噁茂-5-基）丙 烷-2-酮	1-（1，3-苯并二噁茂-5-基）丙 烷-2-酮	293292	其他： / 1-（1，3-苯并二噁茂-5-基）丙	29	HS第29章	399				none	0.0	unmapped
29329300	3，4-亚甲二氧基苯甲醛（胡椒 醛）	3，4-亚甲二氧基苯甲醛（胡椒 醛）	293293	其他： / 3，4-亚甲二氧基苯甲醛（胡椒	29	HS第29章	399				none	0.0	unmapped
29329400	4-烯丙基-1，2-亚甲二氧基苯（黄 樟脑）	4-烯丙基-1，2-亚甲二氧基苯（黄 樟脑）	293294	其他： / 4-烯丙基-1，2-亚甲二氧基苯（黄	29	HS第29章	400				none	0.0	unmapped
29329500	四氢大麻酚（所有的异构体）	四氢大麻酚（所有的异构体）	293295	其他： / 四氢大麻酚（所有的异构体）	29	HS第29章	400				none	0.0	unmapped
29329600	克百威（ISO）	克百威（ISO）	293296	其他： / 克百威（ISO）	29	HS第29章	400				none	0.0	unmapped
29329910	其他： 7-羟基苯并呋喃（呋喃酚）	其他： 7-羟基苯并呋喃（呋喃酚）	293299	其他	29	HS第29章	400				none	0.0	unmapped
29329920	2，2'-双甲氧羰基-4，4'-双甲氧 基-5，5'，6，6'-双亚甲二氧基联 苯（联苯双酯）	2，2'-双甲氧羰基-4，4'-双甲氧 基-5，5'，6，6'-双亚甲二氧基联 苯（联苯双酯）	293299	其他	29	HS第29章	400				none	0.0	unmapped
29329930	蒿甲醚	蒿甲醚	293299	其他	29	HS第29章	400				none	0.0	unmapped
29329990	其他 贝前列素钠 抗癌药原料（多西他赛、紫杉醇） 阿卡波糖水合物 抗癌药原料(淫羊藿素)	其他 贝前列素钠 抗癌药原料（多西他赛、紫杉醇） 阿卡波糖水合物 抗癌药原料(淫羊藿素)	293299	其他	29	HS第29章	400				none	0.0	unmapped
29331100	二甲基苯基吡唑酮（安替比林） 及其衍生物	二甲基苯基吡唑酮（安替比林） 及其衍生物	293311	二甲基苯基吡唑酮（安替比林）	29	HS第29章	401				none	0.0	unmapped
29331920	其他： 安乃近	其他： 安乃近	293319	其他	29	HS第29章	401				none	0.0	unmapped
29331990	其他 抗癌药原料（赛沃替尼）	其他 抗癌药原料（赛沃替尼）	293319	其他	29	HS第29章	401				none	0.0	unmapped
29332100	结构上含有一个非稠合咪唑环 （不论是否氢化）的化合物： 乙内酰脲及其衍生物	结构上含有一个非稠合咪唑环 （不论是否氢化）的化合物： 乙内酰脲及其衍生物	293321	结构上含有一个非稠合咪唑环 （不论是否氢化）的化合物： / 乙内酰脲及其衍生物	29	HS第29章	401				none	0.0	unmapped
29332900	其他	其他	293329	结构上含有一个非稠合咪唑环 （不论是否氢化）的化合物： / 其他	29	HS第29章	401				none	0.0	unmapped
29333100	结构上含有一个非稠合吡啶环 （不论是否氢化）的化合物： 吡啶及其盐	结构上含有一个非稠合吡啶环 （不论是否氢化）的化合物： 吡啶及其盐	293331	结构上含有一个非稠合吡啶环 （不论是否氢化）的化合物： / 吡啶及其盐	29	HS第29章	401				none	0.0	unmapped
29333210	六氢吡啶（哌啶）及其盐： 六氢吡啶（哌啶）	六氢吡啶（哌啶）及其盐： 六氢吡啶（哌啶）	293332	结构上含有一个非稠合吡啶环 （不论是否氢化）的化合物： / 六氢吡啶（哌啶）及其盐	29	HS第29章	401				none	0.0	unmapped
29333220	六氢吡啶（哌啶）盐	六氢吡啶（哌啶）盐	293332	结构上含有一个非稠合吡啶环 （不论是否氢化）的化合物： / 六氢吡啶（哌啶）及其盐	29	HS第29章	402				none	0.0	unmapped
29333300	阿芬太尼（INN）、阿尼利定 （INN）、苯氰米特（INN）、溴西 泮（INN）、卡芬太尼（INN）、地 芬诺新（INN）、地芬诺酯（INN）、 地匹哌酮（INN）、芬太尼（INN）、 凯托米酮（INN）、哌醋甲酯 （INN）、喷他左辛（INN）、哌替 啶（INN）、哌替啶中间体A （INN）、苯环利定（INN）、苯哌 利定（INN）、哌苯甲醇（INN）、 哌氰米特（INN）、哌丙吡胺 （INN）、瑞芬太尼（INN）和三 甲利定（INN）以及它们的盐	阿芬太尼（INN）、阿尼利定 （INN）、苯氰米特（INN）、溴西 泮（INN）、卡芬太尼（INN）、地 芬诺新（INN）、地芬诺酯（INN）、 地匹哌酮（INN）、芬太尼（INN）、 凯托米酮（INN）、哌醋甲酯 （INN）、喷他左辛（INN）、哌替 啶（INN）、哌替啶中间体A （INN）、苯环利定（INN）、苯哌 利定（INN）、哌苯甲醇（INN）、 哌氰米特（INN）、哌丙吡胺 （INN）、瑞芬太尼（INN）和三 甲利定（INN）以及它们的盐	293333	结构上含有一个非稠合吡啶环 （不论是否氢化）的化合物： / 阿芬太尼（INN）、阿尼利定	29	HS第29章	402				none	0.0	unmapped
29333400	其他芬太尼及它们的衍生物	其他芬太尼及它们的衍生物	293334	结构上含有一个非稠合吡啶环 （不论是否氢化）的化合物： / 其他芬太尼及它们的衍生物	29	HS第29章	402				none	0.0	unmapped
29333500	奎宁环-3-醇（3-奎宁醇）	奎宁环-3-醇（3-奎宁醇）	293335	结构上含有一个非稠合吡啶环 （不论是否氢化）的化合物： / 奎宁环-3-醇（3-奎宁醇）	29	HS第29章	402				none	0.0	unmapped
29333600	4-苯氨基-N-苯乙基哌啶 （ANPP）	4-苯氨基-N-苯乙基哌啶 （ANPP）	293336	结构上含有一个非稠合吡啶环 （不论是否氢化）的化合物： / 4-苯氨基-N-苯乙基哌啶	29	HS第29章	402				none	0.0	unmapped
29333700	N-苯乙基-4-哌啶酮（NPP）	N-苯乙基-4-哌啶酮（NPP）	293337	结构上含有一个非稠合吡啶环 （不论是否氢化）的化合物： / N-苯乙基-4-哌啶酮（NPP）	29	HS第29章	402				none	0.0	unmapped
29333910	其他： 二苯乙醇酸-3-奎宁环脂	其他： 二苯乙醇酸-3-奎宁环脂	293339	结构上含有一个非稠合吡啶环 （不论是否氢化）的化合物： / 其他	29	HS第29章	402				none	0.0	unmapped
29333990	其他 抗癌药原料（吉美嘧啶、甲磺酸 阿帕替尼、西达本胺、甲苯磺酸 尼拉帕利）	其他 抗癌药原料（吉美嘧啶、甲磺酸 阿帕替尼、西达本胺、甲苯磺酸 尼拉帕利）	293339	结构上含有一个非稠合吡啶环 （不论是否氢化）的化合物： / 其他	29	HS第29章	403				none	0.0	unmapped
29334100	结构上含有-个喹啉或异喹啉环 系（不论是否氢化）的化合物， 但未经进一步稠合的： 左非诺（INN）及其盐	结构上含有-个喹啉或异喹啉环 系（不论是否氢化）的化合物， 但未经进一步稠合的： 左非诺（INN）及其盐	293341	结构上含有-个喹啉或异喹啉环 系（不论是否氢化）的化合物， 但未经进一步稠合的： / 左非诺（INN）及其盐	29	HS第29章	403				none	0.0	unmapped
29334900	其他 抗癌药原料（马来酸吡咯替尼）	其他 抗癌药原料（马来酸吡咯替尼）	293349	结构上含有-个喹啉或异喹啉环 系（不论是否氢化）的化合物， 但未经进一步稠合的： / 其他	29	HS第29章	403				none	0.0	unmapped
29335200	结构上含有一个嘧啶环（不论是 否氢化）或哌嗪环的化合物： 丙二酰脲（巴比土酸）及其盐	结构上含有一个嘧啶环（不论是 否氢化）或哌嗪环的化合物： 丙二酰脲（巴比土酸）及其盐	293352	结构上含有一个嘧啶环（不论是 否氢化）或哌嗪环的化合物： / 丙二酰脲（巴比土酸）及其盐	29	HS第29章	403				none	0.0	unmapped
29335300	阿洛巴比妥（INN）、异戊巴比 妥（INN）、巴比妥（INN）、布他 比妥（INN）、正丁巴比妥（INN）、 环己巴比妥（INN）、甲苯巴比妥 （INN）、戊巴比妥（INN）、苯巴 比妥（INN）、仲丁巴比妥（INN）、 司可巴比妥（INN）和乙烯比妥 （INN）以及它们的盐	阿洛巴比妥（INN）、异戊巴比 妥（INN）、巴比妥（INN）、布他 比妥（INN）、正丁巴比妥（INN）、 环己巴比妥（INN）、甲苯巴比妥 （INN）、戊巴比妥（INN）、苯巴 比妥（INN）、仲丁巴比妥（INN）、 司可巴比妥（INN）和乙烯比妥 （INN）以及它们的盐	293353	结构上含有一个嘧啶环（不论是 否氢化）或哌嗪环的化合物： / 阿洛巴比妥（INN）、异戊巴比	29	HS第29章	403				none	0.0	unmapped
29335400	其他丙二酰脲（巴比土酸）的衍 生物，以及它们的盐	其他丙二酰脲（巴比土酸）的衍 生物，以及它们的盐	293354	结构上含有一个嘧啶环（不论是 否氢化）或哌嗪环的化合物： / 其他丙二酰脲（巴比土酸）的衍	29	HS第29章	403				none	0.0	unmapped
29335500	氯普唑仑（INN），甲氯喹酮 （INN），甲喹酮（INN）和齐培 丙醇（INN），以及它们的盐	氯普唑仑（INN），甲氯喹酮 （INN），甲喹酮（INN）和齐培 丙醇（INN），以及它们的盐	293355	结构上含有一个嘧啶环（不论是 否氢化）或哌嗪环的化合物： / 氯普唑仑（INN），甲氯喹酮	29	HS第29章	404				none	0.0	unmapped
29335910	其他： 胞嘧啶	其他： 胞嘧啶	293359	结构上含有一个嘧啶环（不论是 否氢化）或哌嗪环的化合物： / 其他	29	HS第29章	404				none	0.0	unmapped
29335920	环丙氟哌酸	环丙氟哌酸	293359	结构上含有一个嘧啶环（不论是 否氢化）或哌嗪环的化合物： / 其他	29	HS第29章	404				none	0.0	unmapped
29335990	其他 恩替卡韦 利格列汀 抗癌药原料（甲磺酸伊马替尼、 硫唑嘌呤、培美曲塞二钠、左亚 叶酸钙、甲磺酸氟马替尼、甲磺 酸阿美替尼、泽布替尼、奥雷巴 替尼）	其他 恩替卡韦 利格列汀 抗癌药原料（甲磺酸伊马替尼、 硫唑嘌呤、培美曲塞二钠、左亚 叶酸钙、甲磺酸氟马替尼、甲磺 酸阿美替尼、泽布替尼、奥雷巴 替尼）	293359	结构上含有一个嘧啶环（不论是 否氢化）或哌嗪环的化合物： / 其他	29	HS第29章	404				none	0.0	unmapped
29336100	结构上含有一个非稠合三嗪环 （不论是否氢化）的化合物： 三聚氰胺（蜜胺）	结构上含有一个非稠合三嗪环 （不论是否氢化）的化合物： 三聚氰胺（蜜胺）	293361	结构上含有一个非稠合三嗪环 （不论是否氢化）的化合物： / 三聚氰胺（蜜胺）	29	HS第29章	404				none	0.0	unmapped
29336910	其他： 三聚氰氯	其他： 三聚氰氯	293369	结构上含有一个非稠合三嗪环 （不论是否氢化）的化合物： / 其他	29	HS第29章	404				none	0.0	unmapped
29336921	异氰脲酸氯化衍生物： 二氯异氰脲酸	异氰脲酸氯化衍生物： 二氯异氰脲酸	293369	结构上含有一个非稠合三嗪环 （不论是否氢化）的化合物： / 其他	29	HS第29章	405				none	0.0	unmapped
29336922	异氰脲酸氯化衍生物： 三氯异氰脲酸	异氰脲酸氯化衍生物： 三氯异氰脲酸	293369	结构上含有一个非稠合三嗪环 （不论是否氢化）的化合物： / 其他	29	HS第29章	405				none	0.0	unmapped
29336929	异氰脲酸氯化衍生物： 其他	异氰脲酸氯化衍生物： 其他	293369	结构上含有一个非稠合三嗪环 （不论是否氢化）的化合物： / 其他	29	HS第29章	405				none	0.0	unmapped
29336990	其他 抗癌药原料（奥替拉西钾）	其他 抗癌药原料（奥替拉西钾）	293369	结构上含有一个非稠合三嗪环 （不论是否氢化）的化合物： / 其他	29	HS第29章	405				none	0.0	unmapped
29337100	内酰胺： 6-己内酰胺	内酰胺： 6-己内酰胺	293371	内酰胺： / 6-己内酰胺	29	HS第29章	405				none	0.0	unmapped
29337200	氯巴占（INN）和甲乙哌酮（INN）	氯巴占（INN）和甲乙哌酮（INN）	293372	内酰胺： / 氯巴占（INN）和甲乙哌酮（INN）	29	HS第29章	405				none	0.0	unmapped
29337900	其他内酰胺 抗癌药原料（来那度胺） 罕见病药原料（吡非尼酮）	其他内酰胺 抗癌药原料（来那度胺） 罕见病药原料（吡非尼酮）	293379	内酰胺： / 其他内酰胺	29	HS第29章	405				none	0.0	unmapped
29339100	阿普唑仑（INN）、卡马西泮 （INN）、氯氮卓（INN）、氯硝西 泮（INN）、氯拉卓酸、地洛西泮 （INN）、地西泮（INN）、艾司唑 仑（INN）、氯氟卓乙酯（INN）、 氟地西泮（INN）、氟硝西泮 （INN）、氟西泮（INN）、哈拉西 泮（INN）、劳拉西泮（INN）、氯 甲西泮（INN）、马吲哚（INN）、 美达西泮（INN）、咪达唑仑 （INN）、硝甲西泮（INN）、硝西 泮（INN）、去甲西泮（INN）、奥 沙西泮（INN）、匹那西泮（INN）、 普拉西泮（INN）、吡咯戊酮 （INN）、替马西泮（INN）、四氢 西泮（INN）和三唑仑（INN）， 以及它们的盐	阿普唑仑（INN）、卡马西泮 （INN）、氯氮卓（INN）、氯硝西 泮（INN）、氯拉卓酸、地洛西泮 （INN）、地西泮（INN）、艾司唑 仑（INN）、氯氟卓乙酯（INN）、 氟地西泮（INN）、氟硝西泮 （INN）、氟西泮（INN）、哈拉西 泮（INN）、劳拉西泮（INN）、氯 甲西泮（INN）、马吲哚（INN）、 美达西泮（INN）、咪达唑仑 （INN）、硝甲西泮（INN）、硝西 泮（INN）、去甲西泮（INN）、奥 沙西泮（INN）、匹那西泮（INN）、 普拉西泮（INN）、吡咯戊酮 （INN）、替马西泮（INN）、四氢 西泮（INN）和三唑仑（INN）， 以及它们的盐	293391	其他： / 阿普唑仑（INN）、卡马西泮	29	HS第29章	406				none	0.0	unmapped
29339200	甲基谷硫磷（ISO）	甲基谷硫磷（ISO）	293392	其他： / 甲基谷硫磷（ISO）	29	HS第29章	406				none	0.0	unmapped
29339900	其他 抗癌药原料（阿那曲唑、来曲唑、 硼替佐米、替莫唑胺、帕米帕利） 阿托伐他汀钙 维格列汀	其他 抗癌药原料（阿那曲唑、来曲唑、 硼替佐米、替莫唑胺、帕米帕利） 阿托伐他汀钙 维格列汀	293399	其他： / 其他	29	HS第29章	406				none	0.0	unmapped
29341010	结构上含有一个非稠合噻唑环 （不论是否氢化）的化合物： 三苯甲基氨噻肟酸	结构上含有一个非稠合噻唑环 （不论是否氢化）的化合物： 三苯甲基氨噻肟酸	293410	结构上含有一个非稠合噻唑环 （不论是否氢化）的化合物	29	HS第29章	406				none	0.0	unmapped
29341090	其他	其他	293410	结构上含有一个非稠合噻唑环 （不论是否氢化）的化合物	29	HS第29章	406				none	0.0	unmapped
29342000	结构上含有一个苯并噻唑环系 （不论是否氢化）的化合物，但 未经进一步稠合的 罕见病药原料（利鲁唑）	结构上含有一个苯并噻唑环系 （不论是否氢化）的化合物，但 未经进一步稠合的 罕见病药原料（利鲁唑）	293420	结构上含有一个苯并噻唑环系	29	HS第29章	407				none	0.0	unmapped
29343000	结构上含有一个吩噻嗪环系（不 论是否氢化）的化合物，但未经 进一步稠合的	结构上含有一个吩噻嗪环系（不 论是否氢化）的化合物，但未经 进一步稠合的	293430	结构上含有一个吩噻嗪环系（不	29	HS第29章	407				none	0.0	unmapped
29349100	其他： 阿米雷司（INN），溴替唑仑 （INN），氯噻西泮（INN），氯恶 唑仑（INN），右吗拉胺（INN）， 卤恶唑仑（INN），凯他唑仑 （INN），美索卡（INN），恶唑仑 （INN），匹莫林（INN），苯巴曲 嗪（INN），芬美曲嗪（INN）和 舒芬太尼（INN），以及它们的盐	其他： 阿米雷司（INN），溴替唑仑 （INN），氯噻西泮（INN），氯恶 唑仑（INN），右吗拉胺（INN）， 卤恶唑仑（INN），凯他唑仑 （INN），美索卡（INN），恶唑仑 （INN），匹莫林（INN），苯巴曲 嗪（INN），芬美曲嗪（INN）和 舒芬太尼（INN），以及它们的盐	293491	其他： / 阿米雷司（INN），溴替唑仑	29	HS第29章	407				none	0.0	unmapped
29349200	其他芬太尼以及它们的衍生物	其他芬太尼以及它们的衍生物	293492	其他： / 其他芬太尼以及它们的衍生物	29	HS第29章	407				none	0.0	unmapped
29349910	其他： 磺内酯及磺内酰胺	其他： 磺内酯及磺内酰胺	293499	其他	29	HS第29章	407				none	0.0	unmapped
29349920	呋喃唑酮	呋喃唑酮	293499	其他	29	HS第29章	407				none	0.0	unmapped
29349930	核酸及其盐	核酸及其盐	293499	其他	29	HS第29章	408				none	0.0	unmapped
29349940	奈韦拉平、依发韦仑、利托那 韦及它们的盐	奈韦拉平、依发韦仑、利托那 韦及它们的盐	293499	其他	29	HS第29章	408				none	0.0	unmapped
29349950	克拉维酸及其盐	克拉维酸及其盐	293499	其他	29	HS第29章	408				none	0.0	unmapped
29349960	7-苯乙酰氨基-3-氯甲基-4-头孢 烷酸对甲氧基苄酯、7-氨基头孢 烷酸、7-氨基脱乙酰氧基头孢烷 酸	7-苯乙酰氨基-3-氯甲基-4-头孢 烷酸对甲氧基苄酯、7-氨基头孢 烷酸、7-氨基脱乙酰氧基头孢烷 酸	293499	其他	29	HS第29章	408				none	0.0	unmapped
29349970	6-氨基青霉烷酸(6-APA)	6-氨基青霉烷酸(6-APA)	293499	其他	29	HS第29章	408				none	0.0	unmapped
29349990	其他 抗癌药原料（地西他滨、氟脲苷、 环磷酰胺、吉非替尼、卡培他滨、 雷替曲塞、磷酸氟达拉滨、替加 氟、阿糖胞苷、盐酸阿糖胞苷、 盐酸埃克替尼、盐酸吉西他滨、 异环磷酰胺、呋喹替尼）	其他 抗癌药原料（地西他滨、氟脲苷、 环磷酰胺、吉非替尼、卡培他滨、 雷替曲塞、磷酸氟达拉滨、替加 氟、阿糖胞苷、盐酸阿糖胞苷、 盐酸埃克替尼、盐酸吉西他滨、 异环磷酰胺、呋喹替尼）	293499	其他	29	HS第29章	408				none	0.0	unmapped
29351000	N-甲基全氟辛基磺酰胺	N-甲基全氟辛基磺酰胺	293510	N-甲基全氟辛基磺酰胺	29	HS第29章	408				none	0.0	unmapped
29352000	N-乙基全氟辛基磺酰胺	N-乙基全氟辛基磺酰胺	293520	N-乙基全氟辛基磺酰胺	29	HS第29章	409				none	0.0	unmapped
29353000	N-乙基-N-（2-羟乙基）全氟辛基 磺酰胺	N-乙基-N-（2-羟乙基）全氟辛基 磺酰胺	293530	N-乙基-N-（2-羟乙基）全氟辛基	29	HS第29章	409				none	0.0	unmapped
29354000	N-（2-羟乙基）-N-甲基全氟辛基 磺酰胺	N-（2-羟乙基）-N-甲基全氟辛基 磺酰胺	293540	N-（2-羟乙基）-N-甲基全氟辛基	29	HS第29章	409				none	0.0	unmapped
29355000	其他全氟辛基磺酰胺	其他全氟辛基磺酰胺	293550	其他全氟辛基磺酰胺	29	HS第29章	409				none	0.0	unmapped
29359000	其他 罕见病药原料（波生坦） 第十一分章 维生素原、维生素 及激素	其他 罕见病药原料（波生坦） 第十一分章 维生素原、维生素 及激素	293590	其他	29	HS第29章	409				none	0.0	unmapped
29362100	未混合的维生素及其衍生物： 维生素A及其衍生物	未混合的维生素及其衍生物： 维生素A及其衍生物	293621	未混合的维生素及其衍生物： / 维生素A及其衍生物	29	HS第29章	409				none	0.0	unmapped
29362200	维生素B1及其衍生物	维生素B1及其衍生物	293622	未混合的维生素及其衍生物： / 维生素B1及其衍生物	29	HS第29章	409				none	0.0	unmapped
29362300	维生素B2及其衍生物	维生素B2及其衍生物	293623	未混合的维生素及其衍生物： / 维生素B2及其衍生物	29	HS第29章	409				none	0.0	unmapped
29362400	D或DL-泛酸（维生素B5）及其 衍生物	D或DL-泛酸（维生素B5）及其 衍生物	293624	未混合的维生素及其衍生物： / D或DL-泛酸（维生素B5）及其	29	HS第29章	410				none	0.0	unmapped
29362500	维生素B6及其衍生物	维生素B6及其衍生物	293625	未混合的维生素及其衍生物： / 维生素B6及其衍生物	29	HS第29章	410				none	0.0	unmapped
29362600	维生素B12及其衍生物	维生素B12及其衍生物	293626	未混合的维生素及其衍生物： / 维生素B12及其衍生物	29	HS第29章	410				none	0.0	unmapped
29362700	维生素C及其衍生物	维生素C及其衍生物	293627	未混合的维生素及其衍生物： / 维生素C及其衍生物	29	HS第29章	410				none	0.0	unmapped
29362800	维生素E及其衍生物	维生素E及其衍生物	293628	未混合的维生素及其衍生物： / 维生素E及其衍生物	29	HS第29章	410				none	0.0	unmapped
29362900	其他维生素及其衍生物	其他维生素及其衍生物	293629	未混合的维生素及其衍生物： / 其他维生素及其衍生物	29	HS第29章	410				none	0.0	unmapped
29369010	其他，包括天然浓缩物： 维生素AD3	其他，包括天然浓缩物： 维生素AD3	293690	其他，包括天然浓缩物	29	HS第29章	410				none	0.0	unmapped
29369090	其他	其他	293690	其他，包括天然浓缩物	29	HS第29章	410				none	0.0	unmapped
29371100	多肽激素、蛋白激素、糖蛋白激 素及其衍生物和结构类似物： 生长激素及其衍生物和结构类 似物	多肽激素、蛋白激素、糖蛋白激 素及其衍生物和结构类似物： 生长激素及其衍生物和结构类 似物	293711	多肽激素、蛋白激素、糖蛋白激 素及其衍生物和结构类似物： / 生长激素及其衍生物和结构类	29	HS第29章	410				none	0.0	unmapped
29371210	重组人胰岛素及其盐	重组人胰岛素及其盐	293712	多肽激素、蛋白激素、糖蛋白激 素及其衍生物和结构类似物： / 胰岛素及其盐	29	HS第29章	411				none	0.0	unmapped
29371290	其他	其他	293712	多肽激素、蛋白激素、糖蛋白激 素及其衍生物和结构类似物： / 胰岛素及其盐	29	HS第29章	411				none	0.0	unmapped
29371900	其他 抗癌药原料（醋酸曲普瑞林） 德谷胰岛素、地特胰岛素	其他 抗癌药原料（醋酸曲普瑞林） 德谷胰岛素、地特胰岛素	293719	多肽激素、蛋白激素、糖蛋白激 素及其衍生物和结构类似物： / 其他	29	HS第29章	411				none	0.0	unmapped
29372100	甾族激素及其衍生物和结构类 似物： 可的松、氢化可的松、脱氢可的 松及脱氢皮质醇	甾族激素及其衍生物和结构类 似物： 可的松、氢化可的松、脱氢可的 松及脱氢皮质醇	293721	甾族激素及其衍生物和结构类 似物： / 可的松、氢化可的松、脱氢可的	29	HS第29章	411				none	0.0	unmapped
29372210	皮质甾类激素的卤化衍生物： 地塞米松	皮质甾类激素的卤化衍生物： 地塞米松	293722	甾族激素及其衍生物和结构类 似物： / 皮质甾类激素的卤化衍生物	29	HS第29章	411				none	0.0	unmapped
29372290	其他	其他	293722	甾族激素及其衍生物和结构类 似物： / 皮质甾类激素的卤化衍生物	29	HS第29章	411				none	0.0	unmapped
29372311	雌（甾）激素和孕激素： ---动物源的： 孕马结合雌激素	雌（甾）激素和孕激素： ---动物源的： 孕马结合雌激素	293723	甾族激素及其衍生物和结构类 似物： / 雌（甾）激素和孕激素	29	HS第29章	411				none	0.0	unmapped
29372319	动物源的： 其他 抗癌药原料（福美坦）	动物源的： 其他 抗癌药原料（福美坦）	293723	甾族激素及其衍生物和结构类 似物： / 雌（甾）激素和孕激素	29	HS第29章	411				none	0.0	unmapped
29372390	其他	其他	293723	甾族激素及其衍生物和结构类 似物： / 雌（甾）激素和孕激素	29	HS第29章	411				none	0.0	unmapped
29372900	其他 抗癌药原料（依西美坦）	其他 抗癌药原料（依西美坦）	293729	甾族激素及其衍生物和结构类 似物： / 其他	29	HS第29章	412				none	0.0	unmapped
29375000	前列腺素、血栓烷和白细胞三烯 及其衍生物和结构类似物 罕见病药原料（曲前列尼尔）	前列腺素、血栓烷和白细胞三烯 及其衍生物和结构类似物 罕见病药原料（曲前列尼尔）	293750	前列腺素、血栓烷和白细胞三烯	29	HS第29章	412				none	0.0	unmapped
29379000	其他 第十二分章 天然或合成再制的 苷（配糖物）、植物碱及其盐、醚、 酯和其他衍生物	其他 第十二分章 天然或合成再制的 苷（配糖物）、植物碱及其盐、醚、 酯和其他衍生物	293790	其他	29	HS第29章	412				none	0.0	unmapped
29381000	芸香苷（芦丁）及其衍生物	芸香苷（芦丁）及其衍生物	293810	芸香苷（芦丁）及其衍生物	29	HS第29章	412				none	0.0	unmapped
29389010	其他： 齐多夫定、拉米夫定、司他夫 定、地达诺新及它们的盐	其他： 齐多夫定、拉米夫定、司他夫 定、地达诺新及它们的盐	293890	其他	29	HS第29章	412				none	0.0	unmapped
29389090	其他 甘草酸	其他 甘草酸	293890	其他	29	HS第29章	412				none	0.0	unmapped
29391100	罂粟秆浓缩物、丁丙诺啡 （INN）、可待因、双氢可待因 （INN）、乙基吗啡、埃托啡 （INN）、海洛因、氢可酮（INN）、 氢吗啡酮（INN）、吗啡、尼可吗 啡（INN）、羟考酮（INN）、羟吗 啡酮（INN）、福尔可定（INN）、 醋氢可酮（INN）和蒂巴因，以 及它们的盐	罂粟秆浓缩物、丁丙诺啡 （INN）、可待因、双氢可待因 （INN）、乙基吗啡、埃托啡 （INN）、海洛因、氢可酮（INN）、 氢吗啡酮（INN）、吗啡、尼可吗 啡（INN）、羟考酮（INN）、羟吗 啡酮（INN）、福尔可定（INN）、 醋氢可酮（INN）和蒂巴因，以 及它们的盐	293911	鸦片碱及其衍生物，以及它们的 盐： / 罂粟秆浓缩物、丁丙诺啡	29	HS第29章	413				none	0.0	unmapped
29391900	其他	其他	293919	鸦片碱及其衍生物，以及它们的 盐： / 其他	29	HS第29章	413				none	0.0	unmapped
29392000	金鸡纳生物碱及其衍生物，以及 它们的盐	金鸡纳生物碱及其衍生物，以及 它们的盐	293920	金鸡纳生物碱及其衍生物，以及	29	HS第29章	413				none	0.0	unmapped
29393000	咖啡因及其盐	咖啡因及其盐	293930	咖啡因及其盐	29	HS第29章	413				none	0.0	unmapped
29394100	麻黄生物碱及其衍生物，以及它 们的盐： 麻黄碱及其盐	麻黄生物碱及其衍生物，以及它 们的盐： 麻黄碱及其盐	293941	麻黄生物碱及其衍生物，以及它 们的盐： / 麻黄碱及其盐	29	HS第29章	413				none	0.0	unmapped
29394200	假麻黄碱（INN）及其盐	假麻黄碱（INN）及其盐	293942	麻黄生物碱及其衍生物，以及它 们的盐： / 假麻黄碱（INN）及其盐	29	HS第29章	413				none	0.0	unmapped
29394300	d-去甲假麻黄碱（INN）及其盐	d-去甲假麻黄碱（INN）及其盐	293943	麻黄生物碱及其衍生物，以及它 们的盐： / d-去甲假麻黄碱（INN）及其盐	29	HS第29章	413				none	0.0	unmapped
29394400	去甲麻黄碱及其盐	去甲麻黄碱及其盐	293944	麻黄生物碱及其衍生物，以及它 们的盐： / 去甲麻黄碱及其盐	29	HS第29章	413				none	0.0	unmapped
29394500	左甲苯丙胺、去氧麻黄碱 （INN）、去氧麻黄碱外消旋体以 及它们的盐	左甲苯丙胺、去氧麻黄碱 （INN）、去氧麻黄碱外消旋体以 及它们的盐	293945	麻黄生物碱及其衍生物，以及它 们的盐： / 左甲苯丙胺、去氧麻黄碱	29	HS第29章	413				none	0.0	unmapped
29394900	其他	其他	293949	麻黄生物碱及其衍生物，以及它 们的盐： / 其他	29	HS第29章	413				none	0.0	unmapped
29395100	芬乙茶碱（INN）及其盐	芬乙茶碱（INN）及其盐	293951	麻黄生物碱及其衍生物，以及它 们的盐： / 芬乙茶碱（INN）及其盐	29	HS第29章	414				none	0.0	unmapped
29395900	其他	其他	293959	麻黄生物碱及其衍生物，以及它 们的盐： / 其他	29	HS第29章	414				none	0.0	unmapped
29396100	麦角生物碱及其衍生物，以及它 们的盐： 麦角新碱（INN）及其盐	麦角生物碱及其衍生物，以及它 们的盐： 麦角新碱（INN）及其盐	293961	麦角生物碱及其衍生物，以及它 们的盐： / 麦角新碱（INN）及其盐	29	HS第29章	414				none	0.0	unmapped
29396200	麦角胺（INN）及其盐	麦角胺（INN）及其盐	293962	麦角生物碱及其衍生物，以及它 们的盐： / 麦角胺（INN）及其盐	29	HS第29章	414				none	0.0	unmapped
29396300	麦角酸及其盐	麦角酸及其盐	293963	麦角生物碱及其衍生物，以及它 们的盐： / 麦角酸及其盐	29	HS第29章	414				none	0.0	unmapped
29396900	其他	其他	293969	麦角生物碱及其衍生物，以及它 们的盐： / 其他	29	HS第29章	414				none	0.0	unmapped
29397210	其他，植物来源的： --可卡因、芽子碱，它们的盐、酯 及其他衍生物： 可卡因及其盐	其他，植物来源的： --可卡因、芽子碱，它们的盐、酯 及其他衍生物： 可卡因及其盐	293972	其他，植物来源的： / 可卡因、芽子碱，它们的盐、酯 及其他衍生物	29	HS第29章	414				none	0.0	unmapped
29397290	其他	其他	293972	其他，植物来源的： / 可卡因、芽子碱，它们的盐、酯 及其他衍生物	29	HS第29章	414				none	0.0	unmapped
29397910	其他： 烟碱及其盐	其他： 烟碱及其盐	293979	其他，植物来源的： / 其他	29	HS第29章	414				none	0.0	unmapped
29397920	番木鳖碱（士的年）及其盐	番木鳖碱（士的年）及其盐	293979	其他，植物来源的： / 其他	29	HS第29章	415				none	0.0	unmapped
29397990	其他 抗癌药原料（酒石酸长春瑞滨、 硫酸长春新碱、盐酸托泊替康、 盐酸伊立替康）	其他 抗癌药原料（酒石酸长春瑞滨、 硫酸长春新碱、盐酸托泊替康、 盐酸伊立替康）	293979	其他，植物来源的： / 其他	29	HS第29章	415				none	0.0	unmapped
29398010	其他： 石房蛤毒素	其他： 石房蛤毒素	293980	其他	29	HS第29章	415				none	0.0	unmapped
29398090	其他 第十三分章 其他有机化合物	其他 第十三分章 其他有机化合物	293980	其他	29	HS第29章	415				none	0.0	unmapped
29400010	木糖	木糖	294000	化学纯糖，但蔗糖、乳糖、麦芽 糖、葡萄糖及果糖除外；糖醚、 糖缩醛、糖酯及其盐，但不包括 税目29.37、29.38及29.39的产品	29	HS第29章	415				none	0.0	unmapped
29400090	其他	其他	294000	化学纯糖，但蔗糖、乳糖、麦芽 糖、葡萄糖及果糖除外；糖醚、 糖缩醛、糖酯及其盐，但不包括 税目29.37、29.38及29.39的产品	29	HS第29章	415				none	0.0	unmapped
29411011	青霉素和具有青霉烷酸结构的 青霉素衍生物及其盐： ---氨苄青霉素及其盐： 氨苄青霉素	青霉素和具有青霉烷酸结构的 青霉素衍生物及其盐： ---氨苄青霉素及其盐： 氨苄青霉素	294110	青霉素和具有青霉烷酸结构的 青霉素衍生物及其盐	29	HS第29章	415				none	0.0	unmapped
29411012	氨苄青霉素及其盐： 氨苄青霉素三水酸	氨苄青霉素及其盐： 氨苄青霉素三水酸	294110	青霉素和具有青霉烷酸结构的 青霉素衍生物及其盐	29	HS第29章	416				none	0.0	unmapped
29411019	氨苄青霉素及其盐： 其他	氨苄青霉素及其盐： 其他	294110	青霉素和具有青霉烷酸结构的 青霉素衍生物及其盐	29	HS第29章	416				none	0.0	unmapped
29411091	其他： 羟氨苄青霉素	其他： 羟氨苄青霉素	294110	青霉素和具有青霉烷酸结构的 青霉素衍生物及其盐	29	HS第29章	416				none	0.0	unmapped
29411092	其他： 羟氨苄青霉素三水酸	其他： 羟氨苄青霉素三水酸	294110	青霉素和具有青霉烷酸结构的 青霉素衍生物及其盐	29	HS第29章	416				none	0.0	unmapped
29411094	其他： 青霉素V	其他： 青霉素V	294110	青霉素和具有青霉烷酸结构的 青霉素衍生物及其盐	29	HS第29章	416				none	0.0	unmapped
29411095	其他： 磺苄青霉素	其他： 磺苄青霉素	294110	青霉素和具有青霉烷酸结构的 青霉素衍生物及其盐	29	HS第29章	416				none	0.0	unmapped
29411096	其他： 邻氯青霉素	其他： 邻氯青霉素	294110	青霉素和具有青霉烷酸结构的 青霉素衍生物及其盐	29	HS第29章	416				none	0.0	unmapped
29411099	其他： 其他	其他： 其他	294110	青霉素和具有青霉烷酸结构的 青霉素衍生物及其盐	29	HS第29章	416				none	0.0	unmapped
29412000	链霉素及其衍生物以及它们的 盐	链霉素及其衍生物以及它们的 盐	294120	链霉素及其衍生物以及它们的	29	HS第29章	416				none	0.0	unmapped
29413011	四环素及其盐： 四环素	四环素及其盐： 四环素	294130	四环素及其衍生物以及它们的 盐	29	HS第29章	417				none	0.0	unmapped
29413012	四环素及其盐： 四环素盐	四环素及其盐： 四环素盐	294130	四环素及其衍生物以及它们的 盐	29	HS第29章	417				none	0.0	unmapped
29413020	四环素衍生物及其盐	四环素衍生物及其盐	294130	四环素及其衍生物以及它们的 盐	29	HS第29章	417				none	0.0	unmapped
29414000	氯霉素及其衍生物以及它们的 盐	氯霉素及其衍生物以及它们的 盐	294140	氯霉素及其衍生物以及它们的	29	HS第29章	417				none	0.0	unmapped
29415000	红霉素及其衍生物以及它们的 盐	红霉素及其衍生物以及它们的 盐	294150	红霉素及其衍生物以及它们的	29	HS第29章	417				none	0.0	unmapped
29419010	其他： 庆大霉素及其衍生物以及它们 的盐	其他： 庆大霉素及其衍生物以及它们 的盐	294190	其他	29	HS第29章	417				none	0.0	unmapped
29419020	卡那霉素及其衍生物以及它们 的盐	卡那霉素及其衍生物以及它们 的盐	294190	其他	29	HS第29章	417				none	0.0	unmapped
29419030	利福平及其衍生物以及它们的 盐	利福平及其衍生物以及它们的 盐	294190	其他	29	HS第29章	417				none	0.0	unmapped
29419040	林可霉素及其衍生物以及它们 的盐	林可霉素及其衍生物以及它们 的盐	294190	其他	29	HS第29章	417				none	0.0	unmapped
29419052	头孢菌素及其衍生物以及它们 的盐： 头孢氨苄及其盐	头孢菌素及其衍生物以及它们 的盐： 头孢氨苄及其盐	294190	其他	29	HS第29章	417				none	0.0	unmapped
29419053	头孢菌素及其衍生物以及它们 的盐： 头孢唑啉及其盐	头孢菌素及其衍生物以及它们 的盐： 头孢唑啉及其盐	294190	其他	29	HS第29章	418				none	0.0	unmapped
29419054	头孢菌素及其衍生物以及它们 的盐： 头孢拉啶及其盐	头孢菌素及其衍生物以及它们 的盐： 头孢拉啶及其盐	294190	其他	29	HS第29章	418				none	0.0	unmapped
29419055	头孢菌素及其衍生物以及它们 的盐： 头孢三嗪（头孢曲松）及其盐	头孢菌素及其衍生物以及它们 的盐： 头孢三嗪（头孢曲松）及其盐	294190	其他	29	HS第29章	418				none	0.0	unmapped
29419056	头孢菌素及其衍生物以及它们 的盐： 头孢哌酮及其盐	头孢菌素及其衍生物以及它们 的盐： 头孢哌酮及其盐	294190	其他	29	HS第29章	418				none	0.0	unmapped
29419057	头孢菌素及其衍生物以及它们 的盐： 头孢噻肟及其盐	头孢菌素及其衍生物以及它们 的盐： 头孢噻肟及其盐	294190	其他	29	HS第29章	418				none	0.0	unmapped
29419058	头孢菌素及其衍生物以及它们 的盐： 头孢克罗及其盐	头孢菌素及其衍生物以及它们 的盐： 头孢克罗及其盐	294190	其他	29	HS第29章	418				none	0.0	unmapped
29419059	头孢菌素及其衍生物以及它们 的盐： 其他	头孢菌素及其衍生物以及它们 的盐： 其他	294190	其他	29	HS第29章	418				none	0.0	unmapped
29419060	麦迪霉素及其衍生物以及它们 的盐	麦迪霉素及其衍生物以及它们 的盐	294190	其他	29	HS第29章	418				none	0.0	unmapped
29419070	乙酰螺旋霉素及其衍生物以及 它们的盐	乙酰螺旋霉素及其衍生物以及 它们的盐	294190	其他	29	HS第29章	418				none	0.0	unmapped
29419090	其他 抗癌药原料（吡柔比星、丝裂霉 素、盐酸表柔比星、盐酸多柔比 星、盐酸平阳霉素、盐酸柔红霉 素、盐酸伊达比星） 吗替麦考酚酯 盐酸阿柔比星	其他 抗癌药原料（吡柔比星、丝裂霉 素、盐酸表柔比星、盐酸多柔比 星、盐酸平阳霉素、盐酸柔红霉 素、盐酸伊达比星） 吗替麦考酚酯 盐酸阿柔比星	294190	其他	29	HS第29章	419				none	0.0	unmapped
29420000	其他有机化合物	其他有机化合物	294200	其他有机化合物	29	HS第29章	419				none	0.0	unmapped
30012000	腺体、其他器官及其分泌物的提 取物	腺体、其他器官及其分泌物的提 取物	300120	腺体、其他器官及其分泌物的提	30	HS第30章	421				none	0.0	unmapped
30019010	其他： 肝素及其盐	其他： 肝素及其盐	300190	其他	30	HS第30章	421				none	0.0	unmapped
30019090	其他	其他	300190	其他	30	HS第30章	421				none	0.0	unmapped
30021200	抗血清、其他血份及免疫制品， 不论是否修饰或通过生物工艺加 工制得： 抗血清及其他血份	抗血清、其他血份及免疫制品， 不论是否修饰或通过生物工艺加 工制得： 抗血清及其他血份	300212	抗血清、其他血份及免疫制品， 不论是否修饰或通过生物工艺加 工制得： / 抗血清及其他血份	30	HS第30章	421				none	0.0	unmapped
30021300	非混合的免疫制品，未配定剂量 或制成零售包装	非混合的免疫制品，未配定剂量 或制成零售包装	300213	抗血清、其他血份及免疫制品， 不论是否修饰或通过生物工艺加 工制得： / 非混合的免疫制品，未配定剂量	30	HS第30章	422				none	0.0	unmapped
30021400	混合的免疫制品，未配定剂量或 制成零售包装	混合的免疫制品，未配定剂量或 制成零售包装	300214	抗血清、其他血份及免疫制品， 不论是否修饰或通过生物工艺加 工制得： / 混合的免疫制品，未配定剂量或	30	HS第30章	422				none	0.0	unmapped
30021500	免疫制品，已配定剂量或制成零 售包装	免疫制品，已配定剂量或制成零 售包装	300215	抗血清、其他血份及免疫制品， 不论是否修饰或通过生物工艺加 工制得： / 免疫制品，已配定剂量或制成零	30	HS第30章	422				none	0.0	unmapped
30024100	疫苗、毒素、培养微生物（不包 括酵母）及类似产品： 人用疫苗	疫苗、毒素、培养微生物（不包 括酵母）及类似产品： 人用疫苗	300241	疫苗、毒素、培养微生物（不包 括酵母）及类似产品： / 人用疫苗	30	HS第30章	422				none	0.0	unmapped
30024200	兽用疫苗	兽用疫苗	300242	疫苗、毒素、培养微生物（不包 括酵母）及类似产品： / 兽用疫苗	30	HS第30章	422				none	0.0	unmapped
30024920	其他： 蓖麻毒素	其他： 蓖麻毒素	300249	疫苗、毒素、培养微生物（不包 括酵母）及类似产品： / 其他	30	HS第30章	422				none	0.0	unmapped
30024930	细菌及病毒 CAR-T细胞治疗药品生产用病毒 载体（包括慢病毒载体、逆转录 病毒载体）	细菌及病毒 CAR-T细胞治疗药品生产用病毒 载体（包括慢病毒载体、逆转录 病毒载体）	300249	疫苗、毒素、培养微生物（不包 括酵母）及类似产品： / 其他	30	HS第30章	422				none	0.0	unmapped
30024990	其他	其他	300249	疫苗、毒素、培养微生物（不包 括酵母）及类似产品： / 其他	30	HS第30章	422				none	0.0	unmapped
30025100	细胞培养物，不论是否修饰： 细胞治疗产品	细胞培养物，不论是否修饰： 细胞治疗产品	300251	细胞培养物，不论是否修饰： / 细胞治疗产品	30	HS第30章	422				none	0.0	unmapped
30025900	其他	其他	300259	细胞培养物，不论是否修饰： / 其他	30	HS第30章	423				none	0.0	unmapped
30029040	其他： 遗传物质和基因修饰生物体	其他： 遗传物质和基因修饰生物体	300290	其他	30	HS第30章	423				none	0.0	unmapped
30029090	其他	其他	300290	其他	30	HS第30章	423				none	0.0	unmapped
30031011	含有青霉素及具有青霉烷酸结 构的青霉素衍生物或链霉素及其 衍生物： ---青霉素： 氨苄青霉素	含有青霉素及具有青霉烷酸结 构的青霉素衍生物或链霉素及其 衍生物： ---青霉素： 氨苄青霉素	300310	含有青霉素及具有青霉烷酸结 构的青霉素衍生物或链霉素及其 衍生物	30	HS第30章	423				none	0.0	unmapped
30031012	青霉素： 羟氨苄青霉素	青霉素： 羟氨苄青霉素	300310	含有青霉素及具有青霉烷酸结 构的青霉素衍生物或链霉素及其 衍生物	30	HS第30章	423				none	0.0	unmapped
30031013	青霉素： 青霉素V	青霉素： 青霉素V	300310	含有青霉素及具有青霉烷酸结 构的青霉素衍生物或链霉素及其 衍生物	30	HS第30章	423				none	0.0	unmapped
30031019	青霉素： 其他	青霉素： 其他	300310	含有青霉素及具有青霉烷酸结 构的青霉素衍生物或链霉素及其 衍生物	30	HS第30章	423				none	0.0	unmapped
30031090	其他	其他	300310	含有青霉素及具有青霉烷酸结 构的青霉素衍生物或链霉素及其 衍生物	30	HS第30章	423				none	0.0	unmapped
30032011	头孢菌素： 头孢噻肟	头孢菌素： 头孢噻肟	300320	其他，含有抗菌素	30	HS第30章	424				none	0.0	unmapped
30032012	头孢菌素： 头孢他啶	头孢菌素： 头孢他啶	300320	其他，含有抗菌素	30	HS第30章	424				none	0.0	unmapped
30032013	头孢菌素： 头孢西丁	头孢菌素： 头孢西丁	300320	其他，含有抗菌素	30	HS第30章	424				none	0.0	unmapped
30032014	头孢菌素： 头孢替唑	头孢菌素： 头孢替唑	300320	其他，含有抗菌素	30	HS第30章	424				none	0.0	unmapped
30032015	头孢菌素： 头孢克罗	头孢菌素： 头孢克罗	300320	其他，含有抗菌素	30	HS第30章	424				none	0.0	unmapped
30032016	头孢菌素： 头孢呋辛	头孢菌素： 头孢呋辛	300320	其他，含有抗菌素	30	HS第30章	424				none	0.0	unmapped
30032017	头孢菌素： 头孢三嗪（头孢曲松）	头孢菌素： 头孢三嗪（头孢曲松）	300320	其他，含有抗菌素	30	HS第30章	424				none	0.0	unmapped
30032018	头孢菌素： 头孢哌酮	头孢菌素： 头孢哌酮	300320	其他，含有抗菌素	30	HS第30章	424				none	0.0	unmapped
30032019	头孢菌素： 其他	头孢菌素： 其他	300320	其他，含有抗菌素	30	HS第30章	424				none	0.0	unmapped
30032090	其他	其他	300320	其他，含有抗菌素	30	HS第30章	425				none	0.0	unmapped
30033100	其他，含有激素或税目29.37的其 他产品： 含有胰岛素	其他，含有激素或税目29.37的其 他产品： 含有胰岛素	300331	其他，含有激素或税目29.37的其 他产品： / 含有胰岛素	30	HS第30章	425				none	0.0	unmapped
30033900	其他	其他	300339	其他，含有激素或税目29.37的其 他产品： / 其他	30	HS第30章	425				none	0.0	unmapped
30034100	其他，含有生物碱及其衍生物： 含有麻黄碱及其盐	其他，含有生物碱及其衍生物： 含有麻黄碱及其盐	300341	其他，含有生物碱及其衍生物： / 含有麻黄碱及其盐	30	HS第30章	425				none	0.0	unmapped
30034200	含有伪麻黄碱（INN）及其盐	含有伪麻黄碱（INN）及其盐	300342	其他，含有生物碱及其衍生物： / 含有伪麻黄碱（INN）及其盐	30	HS第30章	425				none	0.0	unmapped
30034300	含有去甲麻黄碱及其盐	含有去甲麻黄碱及其盐	300343	其他，含有生物碱及其衍生物： / 含有去甲麻黄碱及其盐	30	HS第30章	425				none	0.0	unmapped
30034900	其他	其他	300349	其他，含有生物碱及其衍生物： / 其他	30	HS第30章	425				none	0.0	unmapped
30036010	其他，含有本章子目注释二所列 抗疟疾活性成分的： 含有青蒿素及其衍生物	其他，含有本章子目注释二所列 抗疟疾活性成分的： 含有青蒿素及其衍生物	300360	其他，含有本章子目注释二所列 抗疟疾活性成分的	30	HS第30章	425				none	0.0	unmapped
30036090	其他	其他	300360	其他，含有本章子目注释二所列 抗疟疾活性成分的	30	HS第30章	425				none	0.0	unmapped
30039000	其他	其他	300390	其他	30	HS第30章	426				none	0.0	unmapped
30041011	含有青霉素及具有青霉烷酸结 构的青霉素衍生物或链霉素及其 衍生物： ---青霉素： 氨苄青霉素制剂	含有青霉素及具有青霉烷酸结 构的青霉素衍生物或链霉素及其 衍生物： ---青霉素： 氨苄青霉素制剂	300410	含有青霉素及具有青霉烷酸结 构的青霉素衍生物或链霉素及其 衍生物	30	HS第30章	426				none	0.0	unmapped
30041012	青霉素： 羟氨苄青霉素制剂	青霉素： 羟氨苄青霉素制剂	300410	含有青霉素及具有青霉烷酸结 构的青霉素衍生物或链霉素及其 衍生物	30	HS第30章	426				none	0.0	unmapped
30041013	青霉素： 青霉素V制剂	青霉素： 青霉素V制剂	300410	含有青霉素及具有青霉烷酸结 构的青霉素衍生物或链霉素及其 衍生物	30	HS第30章	426				none	0.0	unmapped
30041019	青霉素： 其他	青霉素： 其他	300410	含有青霉素及具有青霉烷酸结 构的青霉素衍生物或链霉素及其 衍生物	30	HS第30章	426				none	0.0	unmapped
30041090	其他	其他	300410	含有青霉素及具有青霉烷酸结 构的青霉素衍生物或链霉素及其 衍生物	30	HS第30章	426				none	0.0	unmapped
30042011	其他，含有抗菌素： ---头孢菌素： 头孢噻肟制剂	其他，含有抗菌素： ---头孢菌素： 头孢噻肟制剂	300420	其他，含有抗菌素	30	HS第30章	426				none	0.0	unmapped
30042012	头孢菌素： 头孢他啶制剂	头孢菌素： 头孢他啶制剂	300420	其他，含有抗菌素	30	HS第30章	427				none	0.0	unmapped
30042013	头孢菌素： 头孢西丁制剂	头孢菌素： 头孢西丁制剂	300420	其他，含有抗菌素	30	HS第30章	427				none	0.0	unmapped
30042014	头孢菌素： 头孢替唑制剂	头孢菌素： 头孢替唑制剂	300420	其他，含有抗菌素	30	HS第30章	427				none	0.0	unmapped
30042015	头孢菌素： 头孢克罗制剂	头孢菌素： 头孢克罗制剂	300420	其他，含有抗菌素	30	HS第30章	427				none	0.0	unmapped
30042016	头孢菌素： 头孢呋辛制剂	头孢菌素： 头孢呋辛制剂	300420	其他，含有抗菌素	30	HS第30章	427				none	0.0	unmapped
30042017	头孢菌素： 头孢三嗪（头孢曲松）制剂	头孢菌素： 头孢三嗪（头孢曲松）制剂	300420	其他，含有抗菌素	30	HS第30章	427				none	0.0	unmapped
30042018	头孢菌素： 头孢哌酮制剂	头孢菌素： 头孢哌酮制剂	300420	其他，含有抗菌素	30	HS第30章	427				none	0.0	unmapped
30042019	头孢菌素： 其他	头孢菌素： 其他	300420	其他，含有抗菌素	30	HS第30章	427				none	0.0	unmapped
30042090	其他	其他	300420	其他，含有抗菌素	30	HS第30章	427				none	0.0	unmapped
30043110	含有重组人胰岛素的	含有重组人胰岛素的	300431	其他，含有抗菌素	30	HS第30章	428				none	0.0	unmapped
30043190	其他	其他	300431	其他，含有抗菌素	30	HS第30章	428				none	0.0	unmapped
30043200	含有皮质甾类激素及其衍生物 或结构类似物	含有皮质甾类激素及其衍生物 或结构类似物	300432	其他，含有抗菌素： / 含有皮质甾类激素及其衍生物	30	HS第30章	428				none	0.0	unmapped
30043900	其他	其他	300439	其他，含有抗菌素： / 其他	30	HS第30章	428				none	0.0	unmapped
30044100	其他，含有生物碱及其衍生物： 含有麻黄碱及其盐	其他，含有生物碱及其衍生物： 含有麻黄碱及其盐	300441	其他，含有生物碱及其衍生物： / 含有麻黄碱及其盐	30	HS第30章	428				none	0.0	unmapped
30044200	含有伪麻黄碱（INN）及其盐	含有伪麻黄碱（INN）及其盐	300442	其他，含有生物碱及其衍生物： / 含有伪麻黄碱（INN）及其盐	30	HS第30章	428				none	0.0	unmapped
30044300	含有去甲麻黄碱及其盐	含有去甲麻黄碱及其盐	300443	其他，含有生物碱及其衍生物： / 含有去甲麻黄碱及其盐	30	HS第30章	428				none	0.0	unmapped
30044900	其他 具有抗癌作用的含有生物碱及其 衍生物的药品（混合或非混合， 治病或防病用已配定剂量或零售 包装）	其他 具有抗癌作用的含有生物碱及其 衍生物的药品（混合或非混合， 治病或防病用已配定剂量或零售 包装）	300449	其他，含有生物碱及其衍生物： / 其他	30	HS第30章	428				none	0.0	unmapped
30045000	其他，含有维生素或税目29.36 所列产品	其他，含有维生素或税目29.36 所列产品	300450	其他，含有维生素或税目29.36	30	HS第30章	429				none	0.0	unmapped
30046010	其他，含有本章子目注释二所列 抗疟疾活性成分的： 含有青蒿素及其衍生物	其他，含有本章子目注释二所列 抗疟疾活性成分的： 含有青蒿素及其衍生物	300460	其他，含有本章子目注释二所列 抗疟疾活性成分的	30	HS第30章	429				none	0.0	unmapped
30046090	其他	其他	300460	其他，含有本章子目注释二所列 抗疟疾活性成分的	30	HS第30章	429				none	0.0	unmapped
30049010	其他： 含有磺胺类	其他： 含有磺胺类	300490	其他	30	HS第30章	429				none	0.0	unmapped
30049020	含有联苯双酯	含有联苯双酯	300490	其他	30	HS第30章	429				none	0.0	unmapped
30049051	中式成药： 中药酒	中式成药： 中药酒	300490	其他	30	HS第30章	429				none	0.0	unmapped
30049052	中式成药： 片仔癀	中式成药： 片仔癀	300490	其他	30	HS第30章	429				none	0.0	unmapped
30049053	中式成药： 白药	中式成药： 白药	300490	其他	30	HS第30章	429				none	0.0	unmapped
30049054	中式成药： 清凉油	中式成药： 清凉油	300490	其他	30	HS第30章	430				none	0.0	unmapped
30049055	中式成药： 安宫牛黄丸	中式成药： 安宫牛黄丸	300490	其他	30	HS第30章	430				none	0.0	unmapped
30049059	中式成药： 其他	中式成药： 其他	300490	其他	30	HS第30章	430				none	0.0	unmapped
30049090	其他	其他	300490	其他	30	HS第30章	430				none	0.0	unmapped
30051010	胶粘敷料及有胶粘涂层的其他 物品： 橡皮膏	胶粘敷料及有胶粘涂层的其他 物品： 橡皮膏	300510	胶粘敷料及有胶粘涂层的其他 物品	30	HS第30章	430				none	0.0	unmapped
30051090	其他	其他	300510	胶粘敷料及有胶粘涂层的其他 物品	30	HS第30章	430				none	0.0	unmapped
30059010	其他： 药棉、纱布、绷带	其他： 药棉、纱布、绷带	300590	其他	30	HS第30章	430				none	0.0	unmapped
30059090	其他	其他	300590	其他	30	HS第30章	430				none	0.0	unmapped
30061000	无菌外科肠线、类似的无菌缝合 材料（包括外科或牙科用无菌可 吸收缝线）及外伤创口闭合用的 无菌黏合胶布；无菌昆布及无菌 昆布塞条；外科或牙科用无菌吸 收性止血材料；外科或牙科用无 菌抗粘连阻隔材料，不论是否可 吸收	无菌外科肠线、类似的无菌缝合 材料（包括外科或牙科用无菌可 吸收缝线）及外伤创口闭合用的 无菌黏合胶布；无菌昆布及无菌 昆布塞条；外科或牙科用无菌吸 收性止血材料；外科或牙科用无 菌抗粘连阻隔材料，不论是否可 吸收	300610	无菌外科肠线、类似的无菌缝合	30	HS第30章	431				none	0.0	unmapped
30063000	X光检查造影剂；用于病人的诊 断试剂 碘普罗胺注射液、钆布醇注射液	X光检查造影剂；用于病人的诊 断试剂 碘普罗胺注射液、钆布醇注射液	300630	X光检查造影剂；用于病人的诊	30	HS第30章	431				none	0.0	unmapped
30064000	牙科粘固剂及其他牙科填料；骨 骼粘固剂	牙科粘固剂及其他牙科填料；骨 骼粘固剂	300640	牙科粘固剂及其他牙科填料；骨	30	HS第30章	431				none	0.0	unmapped
30065000	急救药箱、药包	急救药箱、药包	300650	急救药箱、药包	30	HS第30章	431				none	0.0	unmapped
30066010	以激素、税目29.37的其他产品或 杀精子剂为基本成分的化学避孕 药物： 以激素为基本成分的避孕药	以激素、税目29.37的其他产品或 杀精子剂为基本成分的化学避孕 药物： 以激素为基本成分的避孕药	300660	以激素、税目29.37的其他产品或 杀精子剂为基本成分的化学避孕 药物	30	HS第30章	431				none	0.0	unmapped
30066090	其他	其他	300660	以激素、税目29.37的其他产品或 杀精子剂为基本成分的化学避孕 药物	30	HS第30章	431				none	0.0	unmapped
30067000	专用于人类或作兽药用的凝胶 制品，作为外科手术或体检时躯 体部位的润滑剂，或者作为躯体 和医疗器械之间的耦合剂	专用于人类或作兽药用的凝胶 制品，作为外科手术或体检时躯 体部位的润滑剂，或者作为躯体 和医疗器械之间的耦合剂	300670	专用于人类或作兽药用的凝胶	30	HS第30章	431				none	0.0	unmapped
30069100	其他： 可确定用于造口术的用具	其他： 可确定用于造口术的用具	300691	其他： / 可确定用于造口术的用具	30	HS第30章	431				none	0.0	unmapped
30069200	废药物	废药物	300692	其他： / 废药物	30	HS第30章	432				none	0.0	unmapped
30069300	安慰剂和盲法（或双盲法）临床 试验试剂盒，用于经许可的临床 试验，已配定剂量	安慰剂和盲法（或双盲法）临床 试验试剂盒，用于经许可的临床 试验，已配定剂量	300693	其他： / 安慰剂和盲法（或双盲法）临床	30	HS第30章	432				none	0.0	unmapped
31010011	未经化学处理： 鸟粪	未经化学处理： 鸟粪	310100	动物或植物肥料，不论是否相互 混合或经化学处理；动植物产品 经混合或化学处理制成的肥料	31	HS第31章	434				none	0.0	unmapped
31010019	未经化学处理： 其他	未经化学处理： 其他	310100	动物或植物肥料，不论是否相互 混合或经化学处理；动植物产品 经混合或化学处理制成的肥料	31	HS第31章	434				none	0.0	unmapped
31010090	其他	其他	310100	动物或植物肥料，不论是否相互 混合或经化学处理；动植物产品 经混合或化学处理制成的肥料	31	HS第31章	434				none	0.0	unmapped
31021000	尿素，不论是否水溶液	尿素，不论是否水溶液	310210	尿素，不论是否水溶液	31	HS第31章	434				none	0.0	unmapped
31022100	硫酸铵；硫酸铵和硝酸铵的复盐 及混合物： 硫酸铵	硫酸铵；硫酸铵和硝酸铵的复盐 及混合物： 硫酸铵	310221	硫酸铵；硫酸铵和硝酸铵的复盐 及混合物： / 硫酸铵	31	HS第31章	434				none	0.0	unmapped
31022900	其他	其他	310229	硫酸铵；硫酸铵和硝酸铵的复盐 及混合物： / 其他	31	HS第31章	434				none	0.0	unmapped
31023000	硝酸铵，不论是否水溶液	硝酸铵，不论是否水溶液	310230	硝酸铵，不论是否水溶液	31	HS第31章	434				none	0.0	unmapped
31024000	硝酸铵与碳酸钙或其他无肥效 无机物的混合物	硝酸铵与碳酸钙或其他无肥效 无机物的混合物	310240	硝酸铵与碳酸钙或其他无肥效	31	HS第31章	434				none	0.0	unmapped
31025000	硝酸钠	硝酸钠	310250	硝酸钠	31	HS第31章	434				none	0.0	unmapped
31026000	硝酸钙和硝酸铵的复盐及混合 物	硝酸钙和硝酸铵的复盐及混合 物	310260	硝酸钙和硝酸铵的复盐及混合	31	HS第31章	435				none	0.0	unmapped
31028000	尿素及硝酸铵混合物的水溶液 或氨水溶液	尿素及硝酸铵混合物的水溶液 或氨水溶液	310280	尿素及硝酸铵混合物的水溶液	31	HS第31章	435				none	0.0	unmapped
31029010	其他，包括上述子目未列名的混 合物： 氰氨化钙	其他，包括上述子目未列名的混 合物： 氰氨化钙	310290	其他，包括上述子目未列名的混 合物	31	HS第31章	435				none	0.0	unmapped
31029090	其他	其他	310290	其他，包括上述子目未列名的混 合物	31	HS第31章	435				none	0.0	unmapped
31031110	过磷酸钙： --按重量计五氧化二磷（P2O5） 含量在35％及以上： 重过磷酸钙	过磷酸钙： --按重量计五氧化二磷（P2O5） 含量在35％及以上： 重过磷酸钙	310311	过磷酸钙： / 按重量计五氧化二磷（P2O5） 含量在35％及以上	31	HS第31章	435				none	0.0	unmapped
31031190	其他	其他	310311	过磷酸钙： / 按重量计五氧化二磷（P2O5） 含量在35％及以上	31	HS第31章	435				none	0.0	unmapped
31031900	其他	其他	310319	过磷酸钙： / 其他	31	HS第31章	435				none	0.0	unmapped
31039000	其他	其他	310390	其他	31	HS第31章	435				none	0.0	unmapped
31042020	氯化钾： 纯氯化钾	氯化钾： 纯氯化钾	310420	氯化钾	31	HS第31章	435				none	0.0	unmapped
31042090	其他	其他	310420	氯化钾	31	HS第31章	436				none	0.0	unmapped
31043000	硫酸钾	硫酸钾	310430	硫酸钾	31	HS第31章	436				none	0.0	unmapped
31049010	其他： 光卤石、钾盐及其他天然粗钾 盐	其他： 光卤石、钾盐及其他天然粗钾 盐	310490	其他	31	HS第31章	436				none	0.0	unmapped
31049090	其他	其他	310490	其他	31	HS第31章	436				none	0.0	unmapped
31051000	制成片及类似形状或每件毛重 不超过10千克的本章各项货品	制成片及类似形状或每件毛重 不超过10千克的本章各项货品	310510	制成片及类似形状或每件毛重	31	HS第31章	436				none	0.0	unmapped
31052000	含氮、磷、钾三种肥效元素的矿 物肥料或化学肥料	含氮、磷、钾三种肥效元素的矿 物肥料或化学肥料	310520	含氮、磷、钾三种肥效元素的矿	31	HS第31章	436				none	0.0	unmapped
31053000	磷酸氢铵	磷酸氢铵	310530	磷酸氢铵	31	HS第31章	436				none	0.0	unmapped
31054000	磷酸二氢铵及磷酸二氢铵与磷 酸氢二铵的混合物	磷酸二氢铵及磷酸二氢铵与磷 酸氢二铵的混合物	310540	磷酸二氢铵及磷酸二氢铵与磷	31	HS第31章	436				none	0.0	unmapped
31055100	其他含氮、磷两种肥效元素的矿 物肥料或化学肥料： 含有硝酸盐及磷酸盐	其他含氮、磷两种肥效元素的矿 物肥料或化学肥料： 含有硝酸盐及磷酸盐	310551	其他含氮、磷两种肥效元素的矿 物肥料或化学肥料： / 含有硝酸盐及磷酸盐	31	HS第31章	436				none	0.0	unmapped
31055900	其他	其他	310559	其他含氮、磷两种肥效元素的矿 物肥料或化学肥料： / 其他	31	HS第31章	437				none	0.0	unmapped
31056000	含磷、钾两种肥效元素的矿物肥 料或化学肥料	含磷、钾两种肥效元素的矿物肥 料或化学肥料	310560	含磷、钾两种肥效元素的矿物肥	31	HS第31章	437				none	0.0	unmapped
31059010	其他： 有机—无机复混肥料	其他： 有机—无机复混肥料	310590	其他	31	HS第31章	437				none	0.0	unmapped
31059090	其他	其他	310590	其他	31	HS第31章	437				none	0.0	unmapped
32011000	坚木浸膏	坚木浸膏	320110	坚木浸膏	32	HS第32章	438				none	0.0	unmapped
32012000	荆树皮浸膏	荆树皮浸膏	320120	荆树皮浸膏	32	HS第32章	438				none	0.0	unmapped
32019010	其他： 其他鞣料浸膏	其他： 其他鞣料浸膏	320190	其他	32	HS第32章	438				none	0.0	unmapped
32019090	其他	其他	320190	其他	32	HS第32章	438				none	0.0	unmapped
32021000	有机合成鞣料	有机合成鞣料	320210	有机合成鞣料	32	HS第32章	439				none	0.0	unmapped
32029000	其他 无铬鞣剂	其他 无铬鞣剂	320290	其他	32	HS第32章	439				none	0.0	unmapped
32030011	植物质着色料及以其为基本成 分的制品： 天然靛蓝及以其为基本成分 的制品	植物质着色料及以其为基本成 分的制品： 天然靛蓝及以其为基本成分 的制品	320300	动植物质着色料（包括染料浸膏， 但动物炭黑除外），不论是否已有 化学定义；本章注释三所述的以 动植物质着色料为基本成分的制 品	32	HS第32章	439				none	0.0	unmapped
32030019	植物质着色料及以其为基本成 分的制品： 其他	植物质着色料及以其为基本成 分的制品： 其他	320300	动植物质着色料（包括染料浸膏， 但动物炭黑除外），不论是否已有 化学定义；本章注释三所述的以 动植物质着色料为基本成分的制 品	32	HS第32章	439				none	0.0	unmapped
32030020	动物质着色料及以其为基本成 分的制品	动物质着色料及以其为基本成 分的制品	320300	动植物质着色料（包括染料浸膏， 但动物炭黑除外），不论是否已有 化学定义；本章注释三所述的以 动植物质着色料为基本成分的制 品	32	HS第32章	439				none	0.0	unmapped
32041100	有机合成着色料及本章注释三 所述的以有机合成着色料为基本 成分的制品： 分散染料及以其为基本成分的 制品	有机合成着色料及本章注释三 所述的以有机合成着色料为基本 成分的制品： 分散染料及以其为基本成分的 制品	320411	有机合成着色料及本章注释三 所述的以有机合成着色料为基本 成分的制品： / 分散染料及以其为基本成分的	32	HS第32章	439				none	0.0	unmapped
32041200	酸性染料（不论是否预金属络 合）及以其为基本成分的制品； 媒染染料及以其为基本成分的制 品	酸性染料（不论是否预金属络 合）及以其为基本成分的制品； 媒染染料及以其为基本成分的制 品	320412	有机合成着色料及本章注释三 所述的以有机合成着色料为基本 成分的制品： / 酸性染料（不论是否预金属络	32	HS第32章	440				none	0.0	unmapped
32041300	碱性染料及以其为基本成分的 制品	碱性染料及以其为基本成分的 制品	320413	有机合成着色料及本章注释三 所述的以有机合成着色料为基本 成分的制品： / 碱性染料及以其为基本成分的	32	HS第32章	440				none	0.0	unmapped
32041400	直接染料及以其为基本成分的 制品	直接染料及以其为基本成分的 制品	320414	有机合成着色料及本章注释三 所述的以有机合成着色料为基本 成分的制品： / 直接染料及以其为基本成分的	32	HS第32章	440				none	0.0	unmapped
32041510	瓮染料（包括颜料用的）及以其 为基本成分的制品： 合成靛蓝（还原靛蓝）	瓮染料（包括颜料用的）及以其 为基本成分的制品： 合成靛蓝（还原靛蓝）	320415	有机合成着色料及本章注释三 所述的以有机合成着色料为基本 成分的制品： / 瓮染料（包括颜料用的）及以其 为基本成分的制品	32	HS第32章	440				none	0.0	unmapped
32041590	其他	其他	320415	有机合成着色料及本章注释三 所述的以有机合成着色料为基本 成分的制品： / 瓮染料（包括颜料用的）及以其 为基本成分的制品	32	HS第32章	440				none	0.0	unmapped
32041600	活性染料及以其为基本成分的 制品	活性染料及以其为基本成分的 制品	320416	有机合成着色料及本章注释三 所述的以有机合成着色料为基本 成分的制品： / 活性染料及以其为基本成分的	32	HS第32章	440				none	0.0	unmapped
32041700	颜料及以其为基本成分的制品 彩色光刻胶用光刻胶颜料分散液	颜料及以其为基本成分的制品 彩色光刻胶用光刻胶颜料分散液	320417	有机合成着色料及本章注释三 所述的以有机合成着色料为基本 成分的制品： / 颜料及以其为基本成分的制品	32	HS第32章	440				none	0.0	unmapped
32041810	类胡萝卜素（包括胡萝卜素）	类胡萝卜素（包括胡萝卜素）	320418	有机合成着色料及本章注释三 所述的以有机合成着色料为基本 成分的制品： / 类胡萝卜素着色料及以其为基 本成分的制品	32	HS第32章	441				none	0.0	unmapped
32041820	以类胡萝卜素（包括胡萝卜素） 为基本成分的制品	以类胡萝卜素（包括胡萝卜素） 为基本成分的制品	320418	有机合成着色料及本章注释三 所述的以有机合成着色料为基本 成分的制品： / 类胡萝卜素着色料及以其为基 本成分的制品	32	HS第32章	441				none	0.0	unmapped
32041911	其他，包括由子目3204.11至 3204.19中两个或多个子目所列着 色料组成的混合物： ---硫化染料及以其为基本成分的 制品： 硫化黑（硫化青）及以其为基 本成分的制品	其他，包括由子目3204.11至 3204.19中两个或多个子目所列着 色料组成的混合物： ---硫化染料及以其为基本成分的 制品： 硫化黑（硫化青）及以其为基 本成分的制品	320419	有机合成着色料及本章注释三 所述的以有机合成着色料为基本 成分的制品： / 其他，包括由子目3204.11至 3204.19中两个或多个子目所列着 色料组成的混合物	32	HS第32章	441				none	0.0	unmapped
32041919	硫化染料及以其为基本成分的 制品： 其他	硫化染料及以其为基本成分的 制品： 其他	320419	有机合成着色料及本章注释三 所述的以有机合成着色料为基本 成分的制品： / 其他，包括由子目3204.11至 3204.19中两个或多个子目所列着 色料组成的混合物	32	HS第32章	441				none	0.0	unmapped
32041990	其他	其他	320419	有机合成着色料及本章注释三 所述的以有机合成着色料为基本 成分的制品： / 其他，包括由子目3204.11至 3204.19中两个或多个子目所列着 色料组成的混合物	32	HS第32章	441				none	0.0	unmapped
32042000	用作荧光增白剂的有机合成产 品	用作荧光增白剂的有机合成产 品	320420	用作荧光增白剂的有机合成产	32	HS第32章	441				none	0.0	unmapped
32049010	其他： 生物染色剂及染料指示剂	其他： 生物染色剂及染料指示剂	320490	其他	32	HS第32章	441				none	0.0	unmapped
32049090	其他	其他	320490	其他	32	HS第32章	442				none	0.0	unmapped
32050000	色淀；本章注释三所述的以色淀 为基本成分的制品	色淀；本章注释三所述的以色淀 为基本成分的制品	320500	色淀；本章注释三所述的以色淀 为基本成分的制品	32	HS第32章	442				none	0.0	unmapped
32061111	以二氧化钛为基本成分的颜料 及制品： --以干物质计二氧化钛含量在 80％及以上的： ---钛白粉： 金红石型含量≥99.8%、明度 （干粉L*）≥99.0	以二氧化钛为基本成分的颜料 及制品： --以干物质计二氧化钛含量在 80％及以上的： ---钛白粉： 金红石型含量≥99.8%、明度 （干粉L*）≥99.0	320611	以二氧化钛为基本成分的颜料 及制品： / 以干物质计二氧化钛含量在 80％及以上的	32	HS第32章	442				none	0.0	unmapped
32061119	钛白粉： 其他	钛白粉： 其他	320611	以二氧化钛为基本成分的颜料 及制品： / 以干物质计二氧化钛含量在 80％及以上的	32	HS第32章	442				none	0.0	unmapped
32061190	其他	其他	320611	以二氧化钛为基本成分的颜料 及制品： / 以干物质计二氧化钛含量在 80％及以上的	32	HS第32章	442				none	0.0	unmapped
32061900	其他	其他	320619	以二氧化钛为基本成分的颜料 及制品： / 其他	32	HS第32章	442				none	0.0	unmapped
32062000	以铬化合物为基本成分的颜料 及制品	以铬化合物为基本成分的颜料 及制品	320620	以铬化合物为基本成分的颜料	32	HS第32章	442				none	0.0	unmapped
32064100	群青及以其为基本成分的制品	群青及以其为基本成分的制品	320641	其他着色料及其他制品： / 群青及以其为基本成分的制品	32	HS第32章	443				none	0.0	unmapped
32064210	锌钡白及以硫化锌为基本成分 的其他颜料和制品： 锌钡白	锌钡白及以硫化锌为基本成分 的其他颜料和制品： 锌钡白	320642	其他着色料及其他制品： / 锌钡白及以硫化锌为基本成分 的其他颜料和制品	32	HS第32章	443				none	0.0	unmapped
32064290	其他	其他	320642	其他着色料及其他制品： / 锌钡白及以硫化锌为基本成分 的其他颜料和制品	32	HS第32章	443				none	0.0	unmapped
32064911	其他： ---以铋化合物为基本成分的颜料 及制品： 以钒酸铋为基本成分的颜料 及制品	其他： ---以铋化合物为基本成分的颜料 及制品： 以钒酸铋为基本成分的颜料 及制品	320649	其他着色料及其他制品： / 其他	32	HS第32章	443				none	0.0	unmapped
32064919	以铋化合物为基本成分的颜料 及制品： 其他	以铋化合物为基本成分的颜料 及制品： 其他	320649	其他着色料及其他制品： / 其他	32	HS第32章	443				none	0.0	unmapped
32064990	其他	其他	320649	其他着色料及其他制品： / 其他	32	HS第32章	443				none	0.0	unmapped
32065000	用作发光体的无机产品	用作发光体的无机产品	320650	用作发光体的无机产品	32	HS第32章	443				none	0.0	unmapped
32071000	调制颜料、遮光剂、着色剂及类 似制品	调制颜料、遮光剂、着色剂及类 似制品	320710	调制颜料、遮光剂、着色剂及类	32	HS第32章	444				none	0.0	unmapped
32072000	珐琅和釉料、釉底料（泥釉）及 类似制品	珐琅和釉料、釉底料（泥釉）及 类似制品	320720	珐琅和釉料、釉底料（泥釉）及	32	HS第32章	444				none	0.0	unmapped
32073000	光瓷釉及类似制品	光瓷釉及类似制品	320730	光瓷釉及类似制品	32	HS第32章	444				none	0.0	unmapped
32074000	搪瓷玻璃料及其他玻璃，呈粉、 粒或粉片状的	搪瓷玻璃料及其他玻璃，呈粉、 粒或粉片状的	320740	搪瓷玻璃料及其他玻璃，呈粉、	32	HS第32章	444				none	0.0	unmapped
32081000	以聚酯为基本成分	以聚酯为基本成分	320810	以聚酯为基本成分	32	HS第32章	444				none	0.0	unmapped
32082010	以丙烯酸聚合物或乙烯基聚合 物为基本成分： 以丙烯酸聚合物为基本成分	以丙烯酸聚合物或乙烯基聚合 物为基本成分： 以丙烯酸聚合物为基本成分	320820	以丙烯酸聚合物或乙烯基聚合 物为基本成分	32	HS第32章	444				none	0.0	unmapped
32082020	以乙烯基聚合物为基本成分	以乙烯基聚合物为基本成分	320820	以丙烯酸聚合物或乙烯基聚合 物为基本成分	32	HS第32章	445				none	0.0	unmapped
32089010	其他： 以聚胺酯类化合物为基本成分	其他： 以聚胺酯类化合物为基本成分	320890	其他	32	HS第32章	445				none	0.0	unmapped
32089090	其他	其他	320890	其他	32	HS第32章	445				none	0.0	unmapped
32091000	以丙烯酸聚合物或乙烯基聚合 物为基本成分	以丙烯酸聚合物或乙烯基聚合 物为基本成分	320910	以丙烯酸聚合物或乙烯基聚合	32	HS第32章	445				none	0.0	unmapped
32099010	以环氧树脂为基本成分	以环氧树脂为基本成分	320990	其他	32	HS第32章	446				none	0.0	unmapped
32099020	以氟树脂为基本成分	以氟树脂为基本成分	320990	其他	32	HS第32章	446				none	0.0	unmapped
32099090	其他	其他	320990	其他	32	HS第32章	446				none	0.0	unmapped
32100000	其他油漆及清漆（包括瓷漆、大 漆及水浆涂料）；加工皮革用的水 性颜料	其他油漆及清漆（包括瓷漆、大 漆及水浆涂料）；加工皮革用的水 性颜料	321000	其他油漆及清漆（包括瓷漆、大 漆及水浆涂料）；加工皮革用的水 性颜料	32	HS第32章	446				none	0.0	unmapped
32110000	配制的催干剂	配制的催干剂	321100	配制的催干剂	32	HS第32章	446				none	0.0	unmapped
32121000	压印箔	压印箔	321210	压印箔	32	HS第32章	447				none	0.0	unmapped
32129000	其他	其他	321290	其他	32	HS第32章	447				none	0.0	unmapped
32131000	成套的颜料	成套的颜料	321310	成套的颜料	32	HS第32章	447				none	0.0	unmapped
32139000	其他	其他	321390	其他	32	HS第32章	447				none	0.0	unmapped
32141010	半导体器件封装材料	半导体器件封装材料	321410	安装玻璃用油灰、接缝用油灰、 树脂胶泥、嵌缝胶及其他类似胶 粘剂；漆工用填料	32	HS第32章	448				none	0.0	unmapped
32141090	其他	其他	321410	安装玻璃用油灰、接缝用油灰、 树脂胶泥、嵌缝胶及其他类似胶 粘剂；漆工用填料	32	HS第32章	448				none	0.0	unmapped
32149000	其他	其他	321490	其他	32	HS第32章	448				none	0.0	unmapped
32151100	印刷油墨： 黑色 黑色,用于装入税目8443.31、 8443.32或8443.39所列设备的工 程形态的固体油墨	印刷油墨： 黑色 黑色,用于装入税目8443.31、 8443.32或8443.39所列设备的工 程形态的固体油墨	321511	印刷油墨： / 黑色	32	HS第32章	448				none	0.0	unmapped
32151900	其他 其他，用于装入税目8443.31、 8443.32或8443.39所列设备的工 程形态的固体油墨	其他 其他，用于装入税目8443.31、 8443.32或8443.39所列设备的工 程形态的固体油墨	321519	印刷油墨： / 其他	32	HS第32章	448				none	0.0	unmapped
32159010	书写墨水	书写墨水	321590	其他	32	HS第32章	449				none	0.0	unmapped
32159020	水性喷墨墨水	水性喷墨墨水	321590	其他	32	HS第32章	449				none	0.0	unmapped
32159090	其他	其他	321590	其他	32	HS第32章	449				none	0.0	unmapped
33011200	柑桔属果实的精油： 橙油 20∆10	柑桔属果实的精油： 橙油 20∆10	330112	柑桔属果实的精油： / 橙油 20∆10	33	HS第33章	450				none	0.0	unmapped
33011300	柠檬油	柠檬油	330113	柑桔属果实的精油： / 柠檬油	33	HS第33章	450				none	0.0	unmapped
33011910	其他： 白柠檬油（酸橙油）	其他： 白柠檬油（酸橙油）	330119	柑桔属果实的精油： / 其他	33	HS第33章	450				none	0.0	unmapped
33011990	其他	其他	330119	柑桔属果实的精油： / 其他	33	HS第33章	451				none	0.0	unmapped
33012400	非柑桔属果实的精油： 胡椒薄荷油 20∆10	非柑桔属果实的精油： 胡椒薄荷油 20∆10	330124	非柑桔属果实的精油： / 胡椒薄荷油 20∆10	33	HS第33章	451				none	0.0	unmapped
33012500	其他薄荷油	其他薄荷油	330125	非柑桔属果实的精油： / 其他薄荷油	33	HS第33章	451				none	0.0	unmapped
33012910	其他： 樟脑油	其他： 樟脑油	330129	非柑桔属果实的精油： / 其他	33	HS第33章	451				none	0.0	unmapped
33012920	香茅油	香茅油	330129	非柑桔属果实的精油： / 其他	33	HS第33章	451				none	0.0	unmapped
33012930	茴香油	茴香油	330129	非柑桔属果实的精油： / 其他	33	HS第33章	451				none	0.0	unmapped
33012940	桂油	桂油	330129	非柑桔属果实的精油： / 其他	33	HS第33章	452				none	0.0	unmapped
33012950	山苍子油	山苍子油	330129	非柑桔属果实的精油： / 其他	33	HS第33章	452				none	0.0	unmapped
33012960	桉叶油	桉叶油	330129	非柑桔属果实的精油： / 其他	33	HS第33章	452				none	0.0	unmapped
33012991	其他： 老鹳草油（香叶油）	其他： 老鹳草油（香叶油）	330129	非柑桔属果实的精油： / 其他	33	HS第33章	452				none	0.0	unmapped
33012999	其他： 其他 黄樟油	其他： 其他 黄樟油	330129	非柑桔属果实的精油： / 其他	33	HS第33章	452				none	0.0	unmapped
33013010	香膏： 鸢尾凝脂 20∆10	香膏： 鸢尾凝脂 20∆10	330130	香膏	33	HS第33章	452				none	0.0	unmapped
33013090	其他	其他	330130	香膏	33	HS第33章	453				none	0.0	unmapped
33019010	其他： 提取的油树脂	其他： 提取的油树脂	330190	其他	33	HS第33章	453				none	0.0	unmapped
33019020	柑桔属果实的精油脱萜的萜烯 副产品	柑桔属果实的精油脱萜的萜烯 副产品	330190	其他	33	HS第33章	453				none	0.0	unmapped
33019090	其他	其他	330190	其他	33	HS第33章	453				none	0.0	unmapped
33021010	食品或饮料工业用： 生产饮料用的以香料为基本成 分的制品，按容量计酒精浓度不 超过0.5％的	食品或饮料工业用： 生产饮料用的以香料为基本成 分的制品，按容量计酒精浓度不 超过0.5％的	330210	食品或饮料工业用	33	HS第33章	453				none	0.0	unmapped
33021090	其他	其他	330210	食品或饮料工业用	33	HS第33章	454				none	0.0	unmapped
33029000	其他	其他	330290	其他	33	HS第33章	454				none	0.0	unmapped
33030000	香水及花露水	香水及花露水	330300	香水及花露水	33	HS第33章	454				none	0.0	unmapped
33041000	唇用化妆品	唇用化妆品	330410	唇用化妆品	33	HS第33章	454				none	0.0	unmapped
33042000	眼用化妆品	眼用化妆品	330420	眼用化妆品	33	HS第33章	454				none	0.0	unmapped
33043000	指（趾）甲化妆品	指（趾）甲化妆品	330430	指（趾）甲化妆品	33	HS第33章	454				none	0.0	unmapped
33049100	其他： 粉，不论是否压紧	其他： 粉，不论是否压紧	330491	其他： / 粉，不论是否压紧	33	HS第33章	454				none	0.0	unmapped
33049900	其他	其他	330499	其他： / 其他	33	HS第33章	454				none	0.0	unmapped
33051000	洗发剂（香波）	洗发剂（香波）	330510	洗发剂（香波）	33	HS第33章	455				none	0.0	unmapped
33052000	烫发剂	烫发剂	330520	烫发剂	33	HS第33章	455				none	0.0	unmapped
33053000	定型剂	定型剂	330530	定型剂	33	HS第33章	455				none	0.0	unmapped
33059000	其他	其他	330590	其他	33	HS第33章	455				none	0.0	unmapped
33061010	洁齿品： 牙膏	洁齿品： 牙膏	330610	洁齿品	33	HS第33章	455				none	0.0	unmapped
33061090	其他	其他	330610	洁齿品	33	HS第33章	455				none	0.0	unmapped
33062000	清洁牙缝用的纱线（牙线）	清洁牙缝用的纱线（牙线）	330620	清洁牙缝用的纱线（牙线）	33	HS第33章	455				none	0.0	unmapped
33069010	漱口剂	漱口剂	330690	其他	33	HS第33章	456				none	0.0	unmapped
33069090	其他	其他	330690	其他	33	HS第33章	456				none	0.0	unmapped
33071000	剃须用制剂	剃须用制剂	330710	剃须用制剂	33	HS第33章	456				none	0.0	unmapped
33072000	人体除臭剂及止汗剂	人体除臭剂及止汗剂	330720	人体除臭剂及止汗剂	33	HS第33章	456				none	0.0	unmapped
33073000	香浴盐及其他泡澡用制剂	香浴盐及其他泡澡用制剂	330730	香浴盐及其他泡澡用制剂	33	HS第33章	456				none	0.0	unmapped
33074100	室内散香或除臭制品，包括宗教 仪式用的香： 神香及其他通过燃烧散发香气 的制品	室内散香或除臭制品，包括宗教 仪式用的香： 神香及其他通过燃烧散发香气 的制品	330741	室内散香或除臭制品，包括宗教 仪式用的香： / 神香及其他通过燃烧散发香气	33	HS第33章	456				none	0.0	unmapped
33074900	其他	其他	330749	室内散香或除臭制品，包括宗教 仪式用的香： / 其他	33	HS第33章	456				none	0.0	unmapped
33079000	其他	其他	330790	其他	33	HS第33章	457				none	0.0	unmapped
34011100	肥皂及有机表面活性产品及制 品，条状、块状或模制形状的， 以及用肥皂或洗涤剂浸渍、涂面 或包覆的纸、絮胎、毡呢及无纺 织物： 盥洗用（包括含有药物的产品）	肥皂及有机表面活性产品及制 品，条状、块状或模制形状的， 以及用肥皂或洗涤剂浸渍、涂面 或包覆的纸、絮胎、毡呢及无纺 织物： 盥洗用（包括含有药物的产品）	340111	肥皂及有机表面活性产品及制 品，条状、块状或模制形状的， 以及用肥皂或洗涤剂浸渍、涂面 或包覆的纸、絮胎、毡呢及无纺 织物： / 盥洗用（包括含有药物的产品）	34	HS第34章	458				none	0.0	unmapped
34011910	洗衣皂	洗衣皂	340119	肥皂及有机表面活性产品及制 品，条状、块状或模制形状的， 以及用肥皂或洗涤剂浸渍、涂面 或包覆的纸、絮胎、毡呢及无纺 织物： / 其他	34	HS第34章	459				none	0.0	unmapped
34011990	其他	其他	340119	肥皂及有机表面活性产品及制 品，条状、块状或模制形状的， 以及用肥皂或洗涤剂浸渍、涂面 或包覆的纸、絮胎、毡呢及无纺 织物： / 其他	34	HS第34章	459				none	0.0	unmapped
34012000	其他形状的肥皂	其他形状的肥皂	340120	其他形状的肥皂	34	HS第34章	459				none	0.0	unmapped
34013000	洁肤用的有机表面活性产品及 制品，液状或膏状并制成零售包 装的，不论是否含有肥皂	洁肤用的有机表面活性产品及 制品，液状或膏状并制成零售包 装的，不论是否含有肥皂	340130	洁肤用的有机表面活性产品及	34	HS第34章	459				none	0.0	unmapped
34023100	阴离子型有机表面活性剂，不论 是否零售包装： 直链烷基苯磺酸及其盐	阴离子型有机表面活性剂，不论 是否零售包装： 直链烷基苯磺酸及其盐	340231	阴离子型有机表面活性剂，不论 是否零售包装： / 直链烷基苯磺酸及其盐	34	HS第34章	459				none	0.0	unmapped
34023900	其他	其他	340239	阴离子型有机表面活性剂，不论 是否零售包装： / 其他	34	HS第34章	459				none	0.0	unmapped
34024100	其他有机表面活性剂，不论是否 零售包装： 阳离子型	其他有机表面活性剂，不论是否 零售包装： 阳离子型	340241	其他有机表面活性剂，不论是否 零售包装： / 阳离子型	34	HS第34章	459				none	0.0	unmapped
34024200	非离子型	非离子型	340242	其他有机表面活性剂，不论是否 零售包装： / 非离子型	34	HS第34章	460				none	0.0	unmapped
34024900	其他	其他	340249	其他有机表面活性剂，不论是否 零售包装： / 其他	34	HS第34章	460				none	0.0	unmapped
34025010	零售包装的制品： 合成洗涤粉	零售包装的制品： 合成洗涤粉	340250	零售包装的制品	34	HS第34章	460				none	0.0	unmapped
34025090	其他	其他	340250	零售包装的制品	34	HS第34章	460				none	0.0	unmapped
34029000	其他	其他	340290	其他	34	HS第34章	460				none	0.0	unmapped
34031100	处理纺织材料、皮革、毛皮或其 他材料的制剂	处理纺织材料、皮革、毛皮或其 他材料的制剂	340311	含有石油或从沥青矿物提取的 油类： / 处理纺织材料、皮革、毛皮或其	34	HS第34章	461				none	0.0	unmapped
34031900	其他	其他	340319	含有石油或从沥青矿物提取的 油类： / 其他	34	HS第34章	461				none	0.0	unmapped
34039100	其他： 处理纺织材料、皮革、毛皮或其 他材料的制剂	其他： 处理纺织材料、皮革、毛皮或其 他材料的制剂	340391	其他： / 处理纺织材料、皮革、毛皮或其	34	HS第34章	461				none	0.0	unmapped
34039900	其他	其他	340399	其他： / 其他	34	HS第34章	461				none	0.0	unmapped
34042000	聚氧乙烯（聚乙二醇）蜡	聚氧乙烯（聚乙二醇）蜡	340420	聚氧乙烯（聚乙二醇）蜡	34	HS第34章	461				none	0.0	unmapped
34049000	其他	其他	340490	其他	34	HS第34章	461				none	0.0	unmapped
34051000	鞋靴或皮革用的上光剂及类似 制品	鞋靴或皮革用的上光剂及类似 制品	340510	鞋靴或皮革用的上光剂及类似	34	HS第34章	462				none	0.0	unmapped
34052000	保养木制家具、地板或其他木制 品用的上光剂及类似制品	保养木制家具、地板或其他木制 品用的上光剂及类似制品	340520	保养木制家具、地板或其他木制	34	HS第34章	462				none	0.0	unmapped
34053000	车身用的上光剂及类似制品，但 金属用的光洁剂除外	车身用的上光剂及类似制品，但 金属用的光洁剂除外	340530	车身用的上光剂及类似制品，但	34	HS第34章	462				none	0.0	unmapped
34054000	擦洗膏、去污粉及类似制品	擦洗膏、去污粉及类似制品	340540	擦洗膏、去污粉及类似制品	34	HS第34章	462				none	0.0	unmapped
34059000	其他	其他	340590	其他	34	HS第34章	462				none	0.0	unmapped
34060000	各种蜡烛及类似品	各种蜡烛及类似品	340600	各种蜡烛及类似品	34	HS第34章	462				none	0.0	unmapped
34070010	牙科用蜡及造型膏	牙科用蜡及造型膏	340700	塑型用膏，包括供儿童娱乐用的 在内；通称为“牙科用蜡”或“牙 科造型膏”的制品，成套、零售 包装或制成片状、马蹄形、条状 及类似形状的；以熟石膏（煅烧 石膏或硫酸钙）为基本成分的牙 科用其他制品	34	HS第34章	463				none	0.0	unmapped
34070020	以熟石膏为基本成分的牙科用 其他制品	以熟石膏为基本成分的牙科用 其他制品	340700	塑型用膏，包括供儿童娱乐用的 在内；通称为“牙科用蜡”或“牙 科造型膏”的制品，成套、零售 包装或制成片状、马蹄形、条状 及类似形状的；以熟石膏（煅烧 石膏或硫酸钙）为基本成分的牙 科用其他制品	34	HS第34章	463				none	0.0	unmapped
34070090	其他	其他	340700	塑型用膏，包括供儿童娱乐用的 在内；通称为“牙科用蜡”或“牙 科造型膏”的制品，成套、零售 包装或制成片状、马蹄形、条状 及类似形状的；以熟石膏（煅烧 石膏或硫酸钙）为基本成分的牙 科用其他制品	34	HS第34章	463				none	0.0	unmapped
35011000	酪蛋白	酪蛋白	350110	酪蛋白	35	HS第35章	464				none	0.0	unmapped
35019000	其他	其他	350190	其他	35	HS第35章	464				none	0.0	unmapped
35021100	卵清蛋白： 干的	卵清蛋白： 干的	350211	卵清蛋白： / 干的	35	HS第35章	464				none	0.0	unmapped
35021900	其他	其他	350219	卵清蛋白： / 其他	35	HS第35章	465				none	0.0	unmapped
35022000	乳白蛋白，包括两种或两种以上 的乳清蛋白浓缩物 乳清蛋白粉（按重量计干质成分 的乳清蛋白含量超过80%） 乳铁蛋白	乳白蛋白，包括两种或两种以上 的乳清蛋白浓缩物 乳清蛋白粉（按重量计干质成分 的乳清蛋白含量超过80%） 乳铁蛋白	350220	乳白蛋白，包括两种或两种以上	35	HS第35章	465				none	0.0	unmapped
35029000	其他	其他	350290	其他	35	HS第35章	465				none	0.0	unmapped
35030010	明胶及其衍生物	明胶及其衍生物	350300	明胶（包括长方形、正方形明胶 薄片，不论是否表面加工或着色） 及其衍生物；鱼鳔胶；其他动物 胶，但不包括税目35.01的酪蛋白 胶	35	HS第35章	465				none	0.0	unmapped
35030090	其他	其他	350300	明胶（包括长方形、正方形明胶 薄片，不论是否表面加工或着色） 及其衍生物；鱼鳔胶；其他动物 胶，但不包括税目35.01的酪蛋白 胶	35	HS第35章	465				none	0.0	unmapped
35040010	蛋白胨	蛋白胨	350400	蛋白胨及其衍生物；其他税目未 列名的蛋白质及其衍生物；皮粉， 不论是否加入铬矾	35	HS第35章	466				none	0.0	unmapped
35040020	植物蛋白，以干基计蛋白质含 量≥90%	植物蛋白，以干基计蛋白质含 量≥90%	350400	蛋白胨及其衍生物；其他税目未 列名的蛋白质及其衍生物；皮粉， 不论是否加入铬矾	35	HS第35章	466				none	0.0	unmapped
35040090	其他	其他	350400	蛋白胨及其衍生物；其他税目未 列名的蛋白质及其衍生物；皮粉， 不论是否加入铬矾	35	HS第35章	466				none	0.0	unmapped
35051000	糊精及其他改性淀粉	糊精及其他改性淀粉	350510	糊精及其他改性淀粉	35	HS第35章	466				none	0.0	unmapped
35052000	胶	胶	350520	胶	35	HS第35章	466				none	0.0	unmapped
35061000	适于作胶或粘合剂用的产品，零 售包装每件净重不超过1千克	适于作胶或粘合剂用的产品，零 售包装每件净重不超过1千克	350610	适于作胶或粘合剂用的产品，零	35	HS第35章	466				none	0.0	unmapped
35069110	以聚酰胺为基本成分的	以聚酰胺为基本成分的	350691	其他： / 以橡胶或税目39.01至39.13的聚 合物为基本成分的粘合剂	35	HS第35章	467				none	0.0	unmapped
35069120	以环氧树脂为基本成分的	以环氧树脂为基本成分的	350691	其他： / 以橡胶或税目39.01至39.13的聚 合物为基本成分的粘合剂	35	HS第35章	467				none	0.0	unmapped
35069190	其他 专门或主要用于显示屏或触摸屏 制造的光学透明膜黏合剂和光固 化液体黏合剂	其他 专门或主要用于显示屏或触摸屏 制造的光学透明膜黏合剂和光固 化液体黏合剂	350691	其他： / 以橡胶或税目39.01至39.13的聚 合物为基本成分的粘合剂	35	HS第35章	467				none	0.0	unmapped
35069900	其他	其他	350699	其他： / 其他	35	HS第35章	467				none	0.0	unmapped
35071000	粗制凝乳酶及其浓缩物	粗制凝乳酶及其浓缩物	350710	粗制凝乳酶及其浓缩物	35	HS第35章	467				none	0.0	unmapped
35079010	碱性蛋白酶	碱性蛋白酶	350790	其他	35	HS第35章	468				none	0.0	unmapped
35079020	碱性脂肪酶	碱性脂肪酶	350790	其他	35	HS第35章	468				none	0.0	unmapped
35079090	其他 抗癌药原料（门冬酰胺酶）	其他 抗癌药原料（门冬酰胺酶）	350790	其他	35	HS第35章	468				none	0.0	unmapped
36010000	发射药	发射药	360100	发射药	36	HS第36章	469				none	0.0	unmapped
36020010	硝铵炸药	硝铵炸药	360200	配制炸药，但发射药除外	36	HS第36章	469				none	0.0	unmapped
36020090	其他	其他	360200	配制炸药，但发射药除外	36	HS第36章	469				none	0.0	unmapped
36031000	安全导火索	安全导火索	360310	安全导火索	36	HS第36章	469				none	0.0	unmapped
36032000	导爆索	导爆索	360320	导爆索	36	HS第36章	469				none	0.0	unmapped
36033000	火帽	火帽	360330	火帽	36	HS第36章	470				none	0.0	unmapped
36034000	雷管	雷管	360340	雷管	36	HS第36章	470				none	0.0	unmapped
36035000	引爆器	引爆器	360350	引爆器	36	HS第36章	470				none	0.0	unmapped
36036000	电雷管	电雷管	360360	电雷管	36	HS第36章	470				none	0.0	unmapped
36041000	烟花、爆竹	烟花、爆竹	360410	烟花、爆竹	36	HS第36章	470				none	0.0	unmapped
36049000	其他	其他	360490	其他	36	HS第36章	470				none	0.0	unmapped
36050000	火柴，但税目36.04的烟火制品除 外	火柴，但税目36.04的烟火制品除 外	360500	火柴，但税目36.04的烟火制品除 外	36	HS第36章	470				none	0.0	unmapped
36061000	直接灌注香烟打火机及类似打 火器用的液体燃料或液化气体燃 料，其包装容器的容积不超过300 立方厘米	直接灌注香烟打火机及类似打 火器用的液体燃料或液化气体燃 料，其包装容器的容积不超过300 立方厘米	360610	直接灌注香烟打火机及类似打	36	HS第36章	471				none	0.0	unmapped
36069011	其他： ---铈铁及其他引火合金： 已切成形可直接使用	其他： ---铈铁及其他引火合金： 已切成形可直接使用	360690	其他	36	HS第36章	471				none	0.0	unmapped
36069019	铈铁及其他引火合金： 其他	铈铁及其他引火合金： 其他	360690	其他	36	HS第36章	471				none	0.0	unmapped
36069090	其他	其他	360690	其他	36	HS第36章	471				none	0.0	unmapped
37011000	X光用 20∆15	X光用 20∆15	370110	X光用 20∆15	37	HS第37章	472				none	0.0	unmapped
37012000	一次成像平片	一次成像平片	370120	一次成像平片	37	HS第37章	472				none	0.0	unmapped
37013021	其他硬片及软片，任何一边超过 255毫米： ---照相制版用： 激光照排片	其他硬片及软片，任何一边超过 255毫米： ---照相制版用： 激光照排片	370130	其他硬片及软片，任何一边超过 255毫米	37	HS第37章	472				none	0.0	unmapped
37013022	照相制版用： PS版	照相制版用： PS版	370130	其他硬片及软片，任何一边超过 255毫米	37	HS第37章	472				none	0.0	unmapped
37013024	照相制版用： CTP版	照相制版用： CTP版	370130	其他硬片及软片，任何一边超过 255毫米	37	HS第37章	472				none	0.0	unmapped
37013025	照相制版用： 柔性印刷版	照相制版用： 柔性印刷版	370130	其他硬片及软片，任何一边超过 255毫米	37	HS第37章	473				none	0.0	unmapped
37013029	照相制版用： 其他	照相制版用： 其他	370130	其他硬片及软片，任何一边超过 255毫米	37	HS第37章	473				none	0.0	unmapped
37013090	其他	其他	370130	其他硬片及软片，任何一边超过 255毫米	37	HS第37章	473				none	0.0	unmapped
37019100	其他： 彩色摄影用	其他： 彩色摄影用	370191	其他： / 彩色摄影用	37	HS第37章	473				none	0.0	unmapped
37019920	其他： 照相制版用	其他： 照相制版用	370199	其他	37	HS第37章	473				none	0.0	unmapped
37019990	其他	其他	370199	其他	37	HS第37章	473				none	0.0	unmapped
37021000	X光用	X光用	370210	X光用	37	HS第37章	474				none	0.0	unmapped
37023110	无齿孔的其他胶片，宽度不超过 105毫米： --彩色摄影用： 一次成像卷片	无齿孔的其他胶片，宽度不超过 105毫米： --彩色摄影用： 一次成像卷片	370231	无齿孔的其他胶片，宽度不超过 105毫米： / 彩色摄影用	37	HS第37章	474				none	0.0	unmapped
37023190	其他	其他	370231	无齿孔的其他胶片，宽度不超过 105毫米： / 彩色摄影用	37	HS第37章	474				none	0.0	unmapped
37023210	其他涂卤化银乳液的： 一次成像卷片	其他涂卤化银乳液的： 一次成像卷片	370232	无齿孔的其他胶片，宽度不超过 105毫米： / 其他涂卤化银乳液的	37	HS第37章	474				none	0.0	unmapped
37023220	照相制版用	照相制版用	370232	无齿孔的其他胶片，宽度不超过 105毫米： / 其他涂卤化银乳液的	37	HS第37章	474				none	0.0	unmapped
37023290	其他	其他	370232	无齿孔的其他胶片，宽度不超过 105毫米： / 其他涂卤化银乳液的	37	HS第37章	474				none	0.0	unmapped
37023920	照相制版用	照相制版用	370239	无齿孔的其他胶片，宽度不超过 105毫米： / 其他涂卤化银乳液的	37	HS第37章	475				none	0.0	unmapped
37023990	其他	其他	370239	无齿孔的其他胶片，宽度不超过 105毫米： / 其他涂卤化银乳液的	37	HS第37章	475				none	0.0	unmapped
37024100	无齿孔的其他胶片，宽度超过 105毫米： 彩色摄影用，宽度超过610毫米， 长度超过200米	无齿孔的其他胶片，宽度超过 105毫米： 彩色摄影用，宽度超过610毫米， 长度超过200米	370241	无齿孔的其他胶片，宽度超过 105毫米： / 彩色摄影用，宽度超过610毫米，	37	HS第37章	475				none	0.0	unmapped
37024221	非彩色摄影用，宽度超过610毫 米，长度超过200米： ---照相制版用： 印刷电路板制造用光致抗蚀 干膜	非彩色摄影用，宽度超过610毫 米，长度超过200米： ---照相制版用： 印刷电路板制造用光致抗蚀 干膜	370242	无齿孔的其他胶片，宽度超过 105毫米： / 非彩色摄影用，宽度超过610毫 米，长度超过200米	37	HS第37章	475				none	0.0	unmapped
37024229	照相制版用： 其他 ①∆②	照相制版用： 其他 ①∆②	370242	无齿孔的其他胶片，宽度超过 105毫米： / 非彩色摄影用，宽度超过610毫 米，长度超过200米	37	HS第37章	476				none	0.0	unmapped
37024292	其他： 红色或红外激光胶片 红色或红外激光胶片，宽度＞80 厘米，长度＞1000米	其他： 红色或红外激光胶片 红色或红外激光胶片，宽度＞80 厘米，长度＞1000米	370242	无齿孔的其他胶片，宽度超过 105毫米： / 非彩色摄影用，宽度超过610毫 米，长度超过200米	37	HS第37章	476				none	0.0	unmapped
37024299	其他： 其他	其他： 其他	370242	无齿孔的其他胶片，宽度超过 105毫米： / 非彩色摄影用，宽度超过610毫 米，长度超过200米	37	HS第37章	476				none	0.0	unmapped
37024321	照相制版用： 元/平方米。 元/平方米。 激光照排片	照相制版用： 元/平方米。 元/平方米。 激光照排片	370243	无齿孔的其他胶片，宽度超过 105毫米： / 宽度超过610毫米，长度不超过 200米	37	HS第37章	477				none	0.0	unmapped
37024329	照相制版用： 元/平方米。 元/平方米。 其他	照相制版用： 元/平方米。 元/平方米。 其他	370243	无齿孔的其他胶片，宽度超过 105毫米： / 宽度超过610毫米，长度不超过 200米	37	HS第37章	477				none	0.0	unmapped
37024390	其他	其他	370243	无齿孔的其他胶片，宽度超过 105毫米： / 宽度超过610毫米，长度不超过 200米	37	HS第37章	477				none	0.0	unmapped
37024421	宽度超过105毫米，但不超过610 毫米： ---照相制版用： 激光照排片	宽度超过105毫米，但不超过610 毫米： ---照相制版用： 激光照排片	370244	无齿孔的其他胶片，宽度超过 105毫米： / 宽度超过105毫米，但不超过610 毫米	37	HS第37章	477				none	0.0	unmapped
37024422	照相制版用： 印刷电路板制造用光致抗蚀 干膜	照相制版用： 印刷电路板制造用光致抗蚀 干膜	370244	无齿孔的其他胶片，宽度超过 105毫米： / 宽度超过105毫米，但不超过610 毫米	37	HS第37章	478				none	0.0	unmapped
37024429	照相制版用： 其他	照相制版用： 其他	370244	无齿孔的其他胶片，宽度超过 105毫米： / 宽度超过105毫米，但不超过610 毫米	37	HS第37章	478				none	0.0	unmapped
37024490	其他	其他	370244	无齿孔的其他胶片，宽度超过 105毫米： / 宽度超过105毫米，但不超过610 毫米	37	HS第37章	478				none	0.0	unmapped
37025200	彩色摄影用的其他胶片： 宽度不超过16毫米	彩色摄影用的其他胶片： 宽度不超过16毫米	370252	彩色摄影用的其他胶片： / 宽度不超过16毫米	37	HS第37章	478				none	0.0	unmapped
37025300	幻灯片用，宽度超过16毫米，但 不超过35毫米，长度不超过30米	幻灯片用，宽度超过16毫米，但 不超过35毫米，长度不超过30米	370253	彩色摄影用的其他胶片： / 幻灯片用，宽度超过16毫米，但	37	HS第37章	478				none	0.0	unmapped
37025410	宽度为35毫米，长度不超过2米	宽度为35毫米，长度不超过2米	370254	彩色摄影用的其他胶片： / 非幻灯片用，宽度超过16毫米， 但不超过35毫米，长度不超过30 米	37	HS第37章	479				none	0.0	unmapped
37025490	其他	其他	370254	彩色摄影用的其他胶片： / 非幻灯片用，宽度超过16毫米， 但不超过35毫米，长度不超过30 米	37	HS第37章	479				none	0.0	unmapped
37025520	宽度超过16毫米，但不超过35 毫米，长度超过30米： 电影胶片	宽度超过16毫米，但不超过35 毫米，长度超过30米： 电影胶片	370255	彩色摄影用的其他胶片： / 宽度超过16毫米，但不超过35 毫米，长度超过30米	37	HS第37章	479				none	0.0	unmapped
37025590	其他	其他	370255	彩色摄影用的其他胶片： / 宽度超过16毫米，但不超过35 毫米，长度超过30米	37	HS第37章	479				none	0.0	unmapped
37025620	宽度超过35毫米： 电影胶片	宽度超过35毫米： 电影胶片	370256	彩色摄影用的其他胶片： / 宽度超过35毫米	37	HS第37章	479				none	0.0	unmapped
37025690	其他	其他	370256	彩色摄影用的其他胶片： / 宽度超过35毫米	37	HS第37章	479				none	0.0	unmapped
37029600	宽度不超过35毫米，长度不超过 30米	宽度不超过35毫米，长度不超过 30米	370296	彩色摄影用的其他胶片： / 宽度不超过35毫米，长度不超过	37	HS第37章	480				none	0.0	unmapped
37029700	宽度不超过35毫米，长度超过30 米	宽度不超过35毫米，长度超过30 米	370297	彩色摄影用的其他胶片： / 宽度不超过35毫米，长度超过30	37	HS第37章	480				none	0.0	unmapped
37029800	宽度超过35毫米	宽度超过35毫米	370298	彩色摄影用的其他胶片： / 宽度超过35毫米	37	HS第37章	480				none	0.0	unmapped
37031010	成卷，宽度超过610毫米： 感光纸及纸板	成卷，宽度超过610毫米： 感光纸及纸板	370310	成卷，宽度超过610毫米	37	HS第37章	480				none	0.0	unmapped
37031090	其他	其他	370310	成卷，宽度超过610毫米	37	HS第37章	480				none	0.0	unmapped
37032010	其他，彩色摄影用： 感光纸及纸板	其他，彩色摄影用： 感光纸及纸板	370320	其他，彩色摄影用	37	HS第37章	480				none	0.0	unmapped
37032090	其他	其他	370320	其他，彩色摄影用	37	HS第37章	481				none	0.0	unmapped
37039010	其他： 感光纸及纸板	其他： 感光纸及纸板	370390	其他	37	HS第37章	481				none	0.0	unmapped
37039090	其他	其他	370390	其他	37	HS第37章	481				none	0.0	unmapped
37040010	电影胶片	电影胶片	370400	已曝光未冲洗的摄影硬片、软片、 纸、纸板及纺织物	37	HS第37章	481				none	0.0	unmapped
37040090	其他	其他	370400	已曝光未冲洗的摄影硬片、软片、 纸、纸板及纺织物	37	HS第37章	481				none	0.0	unmapped
37050010	教学专用幻灯片	教学专用幻灯片	370500	已曝光已冲洗的摄影硬片及软 片，但电影胶片除外	37	HS第37章	481				none	0.0	unmapped
37050021	缩微胶片： 书籍、报刊的	缩微胶片： 书籍、报刊的	370500	已曝光已冲洗的摄影硬片及软 片，但电影胶片除外	37	HS第37章	481				none	0.0	unmapped
37050029	缩微胶片： 其他	缩微胶片： 其他	370500	已曝光已冲洗的摄影硬片及软 片，但电影胶片除外	37	HS第37章	481				none	0.0	unmapped
37050090	其他	其他	370500	已曝光已冲洗的摄影硬片及软 片，但电影胶片除外	37	HS第37章	482				none	0.0	unmapped
37061010	宽度在35毫米及以上： 教学专用	宽度在35毫米及以上： 教学专用	370610	宽度在35毫米及以上	37	HS第37章	482				none	0.0	unmapped
37061090	其他	其他	370610	宽度在35毫米及以上	37	HS第37章	482				none	0.0	unmapped
37069010	其他： 教学专用	其他： 教学专用	370690	其他	37	HS第37章	482				none	0.0	unmapped
37069090	其他	其他	370690	其他	37	HS第37章	482				none	0.0	unmapped
37071000	感光乳液 感光乳剂（不含银的）	感光乳液 感光乳剂（不含银的）	370710	感光乳液	37	HS第37章	482				none	0.0	unmapped
37079010	其他： 冲洗照相胶卷及相片用	其他： 冲洗照相胶卷及相片用	370790	其他	37	HS第37章	482				none	0.0	unmapped
37079020	复印机用	复印机用	370790	其他	37	HS第37章	483				none	0.0	unmapped
37079090	其他	其他	370790	其他	37	HS第37章	483				none	0.0	unmapped
38011000	人造石墨	人造石墨	380110	人造石墨	38	HS第38章	485				none	0.0	unmapped
38012000	胶态或半胶态石墨	胶态或半胶态石墨	380120	胶态或半胶态石墨	38	HS第38章	485				none	0.0	unmapped
38013000	电极用碳糊及炉衬用的类似糊	电极用碳糊及炉衬用的类似糊	380130	电极用碳糊及炉衬用的类似糊	38	HS第38章	485				none	0.0	unmapped
38019010	其他： 表面处理的球化石墨	其他： 表面处理的球化石墨	380190	其他	38	HS第38章	485				none	0.0	unmapped
38019090	其他	其他	380190	其他	38	HS第38章	486				none	0.0	unmapped
38021010	活性炭： 木质的	活性炭： 木质的	380210	活性炭	38	HS第38章	486				none	0.0	unmapped
38021090	其他	其他	380210	活性炭	38	HS第38章	486				none	0.0	unmapped
38029000	其他	其他	380290	其他	38	HS第38章	486				none	0.0	unmapped
38030000	妥尔油，不论是否精炼	妥尔油，不论是否精炼	380300	妥尔油，不论是否精炼	38	HS第38章	486				none	0.0	unmapped
38040000	木浆残余碱液，不论是否浓缩、 脱糖或经化学处理，包括木素磺 酸盐，但不包括税目38.03的妥尔 油	木浆残余碱液，不论是否浓缩、 脱糖或经化学处理，包括木素磺 酸盐，但不包括税目38.03的妥尔 油	380400	木浆残余碱液，不论是否浓缩、 脱糖或经化学处理，包括木素磺 酸盐，但不包括税目38.03的妥尔 油	38	HS第38章	486				none	0.0	unmapped
38051000	脂松节油、木松节油和硫酸盐松 节油	脂松节油、木松节油和硫酸盐松 节油	380510	脂松节油、木松节油和硫酸盐松	38	HS第38章	487				none	0.0	unmapped
38059010	其他： 松油	其他： 松油	380590	其他	38	HS第38章	487				none	0.0	unmapped
38059090	其他	其他	380590	其他	38	HS第38章	487				none	0.0	unmapped
38061010	松香及树脂酸： 松香	松香及树脂酸： 松香	380610	松香及树脂酸	38	HS第38章	487				none	0.0	unmapped
38061020	树脂酸	树脂酸	380610	松香及树脂酸	38	HS第38章	487				none	0.0	unmapped
38062010	松香盐、树脂酸盐及松香或树脂 酸衍生物的盐，但松香加合物的 盐除外： 松香盐及树脂酸盐	松香盐、树脂酸盐及松香或树脂 酸衍生物的盐，但松香加合物的 盐除外： 松香盐及树脂酸盐	380620	松香盐、树脂酸盐及松香或树脂 酸衍生物的盐，但松香加合物的 盐除外	38	HS第38章	487				none	0.0	unmapped
38062090	其他	其他	380620	松香盐、树脂酸盐及松香或树脂 酸衍生物的盐，但松香加合物的 盐除外	38	HS第38章	487				none	0.0	unmapped
38063000	酯胶	酯胶	380630	酯胶	38	HS第38章	488				none	0.0	unmapped
38069000	其他	其他	380690	其他	38	HS第38章	488				none	0.0	unmapped
38070000	木焦油；精制木焦油；木杂酚油； 粗木精；植物沥青；以松香、树 脂酸或植物沥青为基本成分的啤 酒桶沥青及类似制品	木焦油；精制木焦油；木杂酚油； 粗木精；植物沥青；以松香、树 脂酸或植物沥青为基本成分的啤 酒桶沥青及类似制品	380700	木焦油；精制木焦油；木杂酚油； 粗木精；植物沥青；以松香、树 脂酸或植物沥青为基本成分的啤 酒桶沥青及类似制品	38	HS第38章	488				none	0.0	unmapped
38085200	本章子目注释一所列货品： DDT（ISO）［滴滴涕（INN）］， 每包净重不超过300克	本章子目注释一所列货品： DDT（ISO）［滴滴涕（INN）］， 每包净重不超过300克	380852	本章子目注释一所列货品： / DDT（ISO）［滴滴涕（INN）］，	38	HS第38章	488				none	0.0	unmapped
38085920	其他： 零售包装的	其他： 零售包装的	380859	本章子目注释一所列货品： / 其他	38	HS第38章	488				none	0.0	unmapped
38085990	其他	其他	380859	本章子目注释一所列货品： / 其他	38	HS第38章	488				none	0.0	unmapped
38086100	每包净重不超过300克	每包净重不超过300克	380861	本章子目注释二所列货品： / 每包净重不超过300克	38	HS第38章	489				none	0.0	unmapped
38086200	每包净重超过300克，但不超过 7.5千克	每包净重超过300克，但不超过 7.5千克	380862	本章子目注释二所列货品： / 每包净重超过300克，但不超过	38	HS第38章	489				none	0.0	unmapped
38086900	其他	其他	380869	本章子目注释二所列货品： / 其他	38	HS第38章	489				none	0.0	unmapped
38089111	其他： --杀虫剂： ---零售包装： 蚊香	其他： --杀虫剂： ---零售包装： 蚊香	380891	其他： / 杀虫剂	38	HS第38章	489				none	0.0	unmapped
38089112	零售包装： 生物杀虫剂	零售包装： 生物杀虫剂	380891	其他： / 杀虫剂	38	HS第38章	489				none	0.0	unmapped
38089119	零售包装： 其他	零售包装： 其他	380891	其他： / 杀虫剂	38	HS第38章	490				none	0.0	unmapped
38089190	其他	其他	380891	其他： / 杀虫剂	38	HS第38章	490				none	0.0	unmapped
38089210	杀菌剂： 零售包装	杀菌剂： 零售包装	380892	其他： / 杀菌剂	38	HS第38章	490				none	0.0	unmapped
38089290	其他	其他	380892	其他： / 杀菌剂	38	HS第38章	490				none	0.0	unmapped
38089311	除草剂、抗萌剂及植物生长调节 剂： ---除草剂： 零售包装	除草剂、抗萌剂及植物生长调节 剂： ---除草剂： 零售包装	380893	其他： / 除草剂、抗萌剂及植物生长调节 剂	38	HS第38章	490				none	0.0	unmapped
38089319	除草剂： 其他	除草剂： 其他	380893	其他： / 除草剂、抗萌剂及植物生长调节 剂	38	HS第38章	490				none	0.0	unmapped
38089391	其他： 零售包装	其他： 零售包装	380893	其他： / 除草剂、抗萌剂及植物生长调节 剂	38	HS第38章	491				none	0.0	unmapped
38089399	其他： 其他	其他： 其他	380893	其他： / 除草剂、抗萌剂及植物生长调节 剂	38	HS第38章	491				none	0.0	unmapped
38089400	消毒剂	消毒剂	380894	其他： / 消毒剂	38	HS第38章	491				none	0.0	unmapped
38089910	其他： 零售包装	其他： 零售包装	380899	其他	38	HS第38章	491				none	0.0	unmapped
38089990	其他	其他	380899	其他	38	HS第38章	491				none	0.0	unmapped
38091000	以淀粉物质为基本成分	以淀粉物质为基本成分	380910	以淀粉物质为基本成分	38	HS第38章	491				none	0.0	unmapped
38099100	纺织工业及类似工业用	纺织工业及类似工业用	380991	其他： / 纺织工业及类似工业用	38	HS第38章	492				none	0.0	unmapped
38099200	造纸工业及类似工业用	造纸工业及类似工业用	380992	其他： / 造纸工业及类似工业用	38	HS第38章	492				none	0.0	unmapped
38099300	制革工业及类似工业用	制革工业及类似工业用	380993	其他： / 制革工业及类似工业用	38	HS第38章	492				none	0.0	unmapped
38101000	金属表面酸洗剂；金属及其他材 料制成的焊粉或焊膏	金属表面酸洗剂；金属及其他材 料制成的焊粉或焊膏	381010	金属表面酸洗剂；金属及其他材	38	HS第38章	492				none	0.0	unmapped
38109000	其他	其他	381090	其他	38	HS第38章	492				none	0.0	unmapped
38111100	抗震剂： 以铅化合物为基本成分	抗震剂： 以铅化合物为基本成分	381111	抗震剂： / 以铅化合物为基本成分	38	HS第38章	492				none	0.0	unmapped
38111900	其他	其他	381119	抗震剂： / 其他	38	HS第38章	493				none	0.0	unmapped
38112100	润滑油添加剂： 含有石油或从沥青矿物提取的 油类	润滑油添加剂： 含有石油或从沥青矿物提取的 油类	381121	润滑油添加剂： / 含有石油或从沥青矿物提取的	38	HS第38章	493				none	0.0	unmapped
38112900	其他	其他	381129	润滑油添加剂： / 其他	38	HS第38章	493				none	0.0	unmapped
38119000	其他	其他	381190	其他	38	HS第38章	493				none	0.0	unmapped
38121000	配制的橡胶促进剂	配制的橡胶促进剂	381210	配制的橡胶促进剂	38	HS第38章	493	化工胶粘涂料	橡胶材料	化工胶粘涂料/橡胶材料	chemical-rubber	0.75	candidate
38122000	橡胶或塑料用复合增塑剂	橡胶或塑料用复合增塑剂	381220	橡胶或塑料用复合增塑剂	38	HS第38章	493	化工胶粘涂料	橡胶材料	化工胶粘涂料/橡胶材料	chemical-rubber	0.75	candidate
38123100	橡胶或塑料用抗氧制剂及其他 复合稳定剂： 2，2，4-三甲基-1，2-二氢化喹 啉（TMQ）低聚体混合物	橡胶或塑料用抗氧制剂及其他 复合稳定剂： 2，2，4-三甲基-1，2-二氢化喹 啉（TMQ）低聚体混合物	381231	橡胶或塑料用抗氧制剂及其他 复合稳定剂： / 2，2，4-三甲基-1，2-二氢化喹	38	HS第38章	493	化工胶粘涂料	橡胶材料	化工胶粘涂料/橡胶材料	chemical-rubber	0.75	candidate
38123910	其他橡胶防老剂	其他橡胶防老剂	381239	橡胶或塑料用抗氧制剂及其他 复合稳定剂： / 其他	38	HS第38章	494	化工胶粘涂料	橡胶材料	化工胶粘涂料/橡胶材料	chemical-rubber	0.75	candidate
38123990	其他	其他	381239	橡胶或塑料用抗氧制剂及其他 复合稳定剂： / 其他	38	HS第38章	494				none	0.0	unmapped
38130010	灭火器的装配药	灭火器的装配药	381300	灭火器的装配药；已装药的灭火 弹	38	HS第38章	494				none	0.0	unmapped
38130020	已装药的灭火弹	已装药的灭火弹	381300	灭火器的装配药；已装药的灭火 弹	38	HS第38章	494				none	0.0	unmapped
38140000	其他税目未列名的有机复合溶剂 及稀释剂；除漆剂	其他税目未列名的有机复合溶剂 及稀释剂；除漆剂	381400	其他税目未列名的有机复合溶剂 及稀释剂；除漆剂	38	HS第38章	494				none	0.0	unmapped
38151100	以镍及其化合物为活性物的	以镍及其化合物为活性物的	381511	载体催化剂： / 以镍及其化合物为活性物的	38	HS第38章	495				none	0.0	unmapped
38151200	以贵金属及其化合物为活性物 6.5∆5 的	以贵金属及其化合物为活性物 6.5∆5 的	381512	载体催化剂： / 以贵金属及其化合物为活性物 6.5∆5	38	HS第38章	495				none	0.0	unmapped
38151900	其他	其他	381519	载体催化剂： / 其他	38	HS第38章	495				none	0.0	unmapped
38159000	其他	其他	381590	其他	38	HS第38章	495				none	0.0	unmapped
38160010	夯混白云石	夯混白云石	381600	耐火的水泥、灰泥、混凝土及类 似耐火混合制品，包括夯混白云 石，但税目38.01的产品除外	38	HS第38章	495				none	0.0	unmapped
38160020	其他	其他	381600	耐火的水泥、灰泥、混凝土及类 似耐火混合制品，包括夯混白云 石，但税目38.01的产品除外	38	HS第38章	495				none	0.0	unmapped
38170000	混合烷基苯及混合烷基萘	混合烷基苯及混合烷基萘	381700	混合烷基苯及混合烷基萘，但税 目27.07及29.02的货品除外	38	HS第38章	495				none	0.0	unmapped
38180012	直径在7.5厘米及以上的单晶硅 切片： 直径在15.24厘米及以下，厚度 在220微米以上的	直径在7.5厘米及以上的单晶硅 切片： 直径在15.24厘米及以下，厚度 在220微米以上的	381800	经掺杂用于电子工业的化学元 素，已切成圆片、薄片或类似形 状；经掺杂用于电子工业的化合 物	38	HS第38章	496				none	0.0	unmapped
38180013	直径在7.5厘米及以上的单晶硅 切片： 直径在15.24厘米及以下，厚度 在220微米及以下的	直径在7.5厘米及以上的单晶硅 切片： 直径在15.24厘米及以下，厚度 在220微米及以下的	381800	经掺杂用于电子工业的化学元 素，已切成圆片、薄片或类似形 状；经掺杂用于电子工业的化合 物	38	HS第38章	496				none	0.0	unmapped
38180014	直径在7.5厘米及以上的单晶硅 切片： 直径在15.24厘米以上，厚度在 220微米以上的	直径在7.5厘米及以上的单晶硅 切片： 直径在15.24厘米以上，厚度在 220微米以上的	381800	经掺杂用于电子工业的化学元 素，已切成圆片、薄片或类似形 状；经掺杂用于电子工业的化合 物	38	HS第38章	496				none	0.0	unmapped
38180015	直径在7.5厘米及以上的单晶硅 切片： 直径在15.24厘米以上，厚度在 220微米及以下的	直径在7.5厘米及以上的单晶硅 切片： 直径在15.24厘米以上，厚度在 220微米及以下的	381800	经掺杂用于电子工业的化学元 素，已切成圆片、薄片或类似形 状；经掺杂用于电子工业的化合 物	38	HS第38章	496				none	0.0	unmapped
38180090	其他	其他	381800	经掺杂用于电子工业的化学元 素，已切成圆片、薄片或类似形 状；经掺杂用于电子工业的化合 物	38	HS第38章	496				none	0.0	unmapped
38190000	闸用液压油及其他液压传动用液 体，不含石油或从沥青矿物提取 的油类，或者按重量计石油或从 沥青矿物提取的油类含量低于 70％	闸用液压油及其他液压传动用液 体，不含石油或从沥青矿物提取 的油类，或者按重量计石油或从 沥青矿物提取的油类含量低于 70％	381900	闸用液压油及其他液压传动用液 体，不含石油或从沥青矿物提取 的油类，或者按重量计石油或从 沥青矿物提取的油类含量低于 70％	38	HS第38章	496				none	0.0	unmapped
38200000	防冻剂及解冻剂	防冻剂及解冻剂	382000	防冻剂及解冻剂	38	HS第38章	496				none	0.0	unmapped
38210000	制成的供微生物（包括病毒及类 似品）或植物、人体、动物细胞 生长或维持用的培养基	制成的供微生物（包括病毒及类 似品）或植物、人体、动物细胞 生长或维持用的培养基	382100	制成的供微生物（包括病毒及类 似品）或植物、人体、动物细胞 生长或维持用的培养基	38	HS第38章	496				none	0.0	unmapped
38221100	附于衬背上的诊断或实验用试 剂及不论是否附于衬背上的诊断 或实验用配制试剂，不论是否制 成试剂盒形式，但税目30.06的货 品除外： 疟疾用	附于衬背上的诊断或实验用试 剂及不论是否附于衬背上的诊断 或实验用配制试剂，不论是否制 成试剂盒形式，但税目30.06的货 品除外： 疟疾用	382211	附于衬背上的诊断或实验用试 剂及不论是否附于衬背上的诊断 或实验用配制试剂，不论是否制 成试剂盒形式，但税目30.06的货 品除外： / 疟疾用	38	HS第38章	497				none	0.0	unmapped
38221200	寨卡病毒及由伊蚊属蚊子传播 的其他疾病用	寨卡病毒及由伊蚊属蚊子传播 的其他疾病用	382212	附于衬背上的诊断或实验用试 剂及不论是否附于衬背上的诊断 或实验用配制试剂，不论是否制 成试剂盒形式，但税目30.06的货 品除外： / 寨卡病毒及由伊蚊属蚊子传播	38	HS第38章	497				none	0.0	unmapped
38221300	血型鉴定用	血型鉴定用	382213	附于衬背上的诊断或实验用试 剂及不论是否附于衬背上的诊断 或实验用配制试剂，不论是否制 成试剂盒形式，但税目30.06的货 品除外： / 血型鉴定用	38	HS第38章	497				none	0.0	unmapped
38221900	其他 已配制的用于甲型肝炎病毒、乙 型肝炎病毒、丙型肝炎病毒、人 类免疫缺陷病毒、梅毒螺旋体的 诊断试剂盒 鲎试剂	其他 已配制的用于甲型肝炎病毒、乙 型肝炎病毒、丙型肝炎病毒、人 类免疫缺陷病毒、梅毒螺旋体的 诊断试剂盒 鲎试剂	382219	附于衬背上的诊断或实验用试 剂及不论是否附于衬背上的诊断 或实验用配制试剂，不论是否制 成试剂盒形式，但税目30.06的货 品除外： / 其他	38	HS第38章	497				none	0.0	unmapped
38229000	其他	其他	382290	其他	38	HS第38章	497				none	0.0	unmapped
38231100	工业用单羧脂肪酸；精炼所得的 酸性油： 硬脂酸	工业用单羧脂肪酸；精炼所得的 酸性油： 硬脂酸	382311	工业用单羧脂肪酸；精炼所得的 酸性油： / 硬脂酸	38	HS第38章	497				none	0.0	unmapped
38231200	油酸	油酸	382312	工业用单羧脂肪酸；精炼所得的 酸性油： / 油酸	38	HS第38章	498				none	0.0	unmapped
38231300	妥尔油脂肪酸	妥尔油脂肪酸	382313	工业用单羧脂肪酸；精炼所得的 酸性油： / 妥尔油脂肪酸	38	HS第38章	498				none	0.0	unmapped
38231900	其他 植物油脱臭馏出物（DD油）	其他 植物油脱臭馏出物（DD油）	382319	工业用单羧脂肪酸；精炼所得的 酸性油： / 其他	38	HS第38章	498				none	0.0	unmapped
38237000	工业用脂肪醇	工业用脂肪醇	382370	工业用脂肪醇	38	HS第38章	498				none	0.0	unmapped
38241000	铸模及铸芯用粘合剂	铸模及铸芯用粘合剂	382410	铸模及铸芯用粘合剂	38	HS第38章	498				none	0.0	unmapped
38243000	自身混合或与金属粘合剂混合 的未烧结金属碳化物	自身混合或与金属粘合剂混合 的未烧结金属碳化物	382430	自身混合或与金属粘合剂混合	38	HS第38章	498				none	0.0	unmapped
38244010	高效减水剂	高效减水剂	382440	水泥、灰泥及混凝土用添加剂	38	HS第38章	499				none	0.0	unmapped
38244090	其他	其他	382440	水泥、灰泥及混凝土用添加剂	38	HS第38章	499				none	0.0	unmapped
38245000	非耐火的灰泥及混凝土	非耐火的灰泥及混凝土	382450	非耐火的灰泥及混凝土	38	HS第38章	499				none	0.0	unmapped
38246000	子目2905.44以外的山梨醇	子目2905.44以外的山梨醇	382460	子目2905.44以外的山梨醇	38	HS第38章	499				none	0.0	unmapped
38248100	本章子目注释三所列货品： 含环氧乙烷（氧化乙烯）的	本章子目注释三所列货品： 含环氧乙烷（氧化乙烯）的	382481	本章子目注释三所列货品： / 含环氧乙烷（氧化乙烯）的	38	HS第38章	499				none	0.0	unmapped
38248200	含多氯联苯（PCBs）、多氯三联 苯（PCTs）或多溴联苯（PBBs） 的	含多氯联苯（PCBs）、多氯三联 苯（PCTs）或多溴联苯（PBBs） 的	382482	本章子目注释三所列货品： / 含多氯联苯（PCBs）、多氯三联	38	HS第38章	499				none	0.0	unmapped
38248300	含三（2，3-二溴丙基）磷酸酯 的	含三（2，3-二溴丙基）磷酸酯 的	382483	本章子目注释三所列货品： / 含三（2，3-二溴丙基）磷酸酯	38	HS第38章	499				none	0.0	unmapped
38248400	含艾氏剂（ISO）、毒杀芬（ISO）、 氯丹（ISO）、十氯酮（ISO）、DDT （ISO）[滴滴涕（INN）、1，1， 1-三氯-2，2-双（4-氯苯基）乙烷]、 狄氏剂（ISO，INN）、硫丹（ISO）、 异狄氏剂（ISO）、七氯（ISO）或 灭蚁灵（ISO）的	含艾氏剂（ISO）、毒杀芬（ISO）、 氯丹（ISO）、十氯酮（ISO）、DDT （ISO）[滴滴涕（INN）、1，1， 1-三氯-2，2-双（4-氯苯基）乙烷]、 狄氏剂（ISO，INN）、硫丹（ISO）、 异狄氏剂（ISO）、七氯（ISO）或 灭蚁灵（ISO）的	382484	本章子目注释三所列货品： / 含艾氏剂（ISO）、毒杀芬（ISO）、	38	HS第38章	500				none	0.0	unmapped
38248500	含1，2，3，4，5，6-六氯环己 烷〔六六六（ISO）〕，包括林丹 （ISO，INN）的	含1，2，3，4，5，6-六氯环己 烷〔六六六（ISO）〕，包括林丹 （ISO，INN）的	382485	本章子目注释三所列货品： / 含1，2，3，4，5，6-六氯环己	38	HS第38章	500				none	0.0	unmapped
38248600	含五氯苯（ISO）或六氯苯（ISO） 的	含五氯苯（ISO）或六氯苯（ISO） 的	382486	本章子目注释三所列货品： / 含五氯苯（ISO）或六氯苯（ISO）	38	HS第38章	500				none	0.0	unmapped
38248700	含全氟辛基磺酸及其盐，全氟辛 基磺胺或全氟辛基磺酰氯的	含全氟辛基磺酸及其盐，全氟辛 基磺胺或全氟辛基磺酰氯的	382487	本章子目注释三所列货品： / 含全氟辛基磺酸及其盐，全氟辛	38	HS第38章	500				none	0.0	unmapped
38248800	含四、五、六、七或八溴联苯醚 的	含四、五、六、七或八溴联苯醚 的	382488	本章子目注释三所列货品： / 含四、五、六、七或八溴联苯醚	38	HS第38章	500				none	0.0	unmapped
38248900	含短链氯化石蜡的	含短链氯化石蜡的	382489	本章子目注释三所列货品： / 含短链氯化石蜡的	38	HS第38章	500				none	0.0	unmapped
38249100	主要由（5-乙基-2-甲基-2氧代	主要由（5-乙基-2-甲基-2氧代	382491	其他： / 主要由（5-乙基-2-甲基-2氧代	38	HS第38章	501				none	0.0	unmapped
38249200	1，3，2-二氧磷杂环己-5-基）甲 基膦酸二甲酯和双[（5-乙基-2-甲 基-2氧代-1，3，2-二氧磷杂环己 -5-基）甲基]甲基膦酸酯（阻燃剂 FRC-1）组成的混合物及制品 甲基膦酸聚乙二醇酯	1，3，2-二氧磷杂环己-5-基）甲 基膦酸二甲酯和双[（5-乙基-2-甲 基-2氧代-1，3，2-二氧磷杂环己 -5-基）甲基]甲基膦酸酯（阻燃剂 FRC-1）组成的混合物及制品 甲基膦酸聚乙二醇酯	382492	5-基）甲基]甲基膦酸酯（阻燃剂 FRC-1）组成的混合物及制品 / 甲基膦酸聚乙二醇酯	38	HS第38章	501				none	0.0	unmapped
38249910	其他： 杂醇油	其他： 杂醇油	382499	5-基）甲基]甲基膦酸酯（阻燃剂 FRC-1）组成的混合物及制品 / 其他	38	HS第38章	501				none	0.0	unmapped
38249920	除墨剂、蜡纸改正液及类似品	除墨剂、蜡纸改正液及类似品	382499	5-基）甲基]甲基膦酸酯（阻燃剂 FRC-1）组成的混合物及制品 / 其他	38	HS第38章	501				none	0.0	unmapped
38249930	增碳剂	增碳剂	382499	5-基）甲基]甲基膦酸酯（阻燃剂 FRC-1）组成的混合物及制品 / 其他	38	HS第38章	501				none	0.0	unmapped
38249991	其他： 按重量计含滑石50%以上的混 合物	其他： 按重量计含滑石50%以上的混 合物	382499	5-基）甲基]甲基膦酸酯（阻燃剂 FRC-1）组成的混合物及制品 / 其他	38	HS第38章	501				none	0.0	unmapped
38249992	其他： 按重量计含氧化镁70%以上的 混合物	其他： 按重量计含氧化镁70%以上的 混合物	382499	5-基）甲基]甲基膦酸酯（阻燃剂 FRC-1）组成的混合物及制品 / 其他	38	HS第38章	502				none	0.0	unmapped
38249993	其他： 表面包覆钴化物的氢氧化镍 （掺杂碳）	其他： 表面包覆钴化物的氢氧化镍 （掺杂碳）	382499	5-基）甲基]甲基膦酸酯（阻燃剂 FRC-1）组成的混合物及制品 / 其他	38	HS第38章	502				none	0.0	unmapped
38249999	其他： 其他 锂离子电池用再生黑粉 用于生产聚酰胺的发酵液（含氨 基酸、有机酸、有机胺、有机醇、 核苷酸、多糖等） 载金炭 高钛渣（二氧化钛质量百分含量 大于70％的） 按重量计氧化锌含量在50％及以 上的混合物 粗氢氧化镍钴	其他： 其他 锂离子电池用再生黑粉 用于生产聚酰胺的发酵液（含氨 基酸、有机酸、有机胺、有机醇、 核苷酸、多糖等） 载金炭 高钛渣（二氧化钛质量百分含量 大于70％的） 按重量计氧化锌含量在50％及以 上的混合物 粗氢氧化镍钴	382499	5-基）甲基]甲基膦酸酯（阻燃剂 FRC-1）组成的混合物及制品 / 其他	38	HS第38章	502				none	0.0	unmapped
38251000	城市垃圾	城市垃圾	382510	城市垃圾	38	HS第38章	502				none	0.0	unmapped
38252000	下水道淤泥	下水道淤泥	382520	下水道淤泥	38	HS第38章	502				none	0.0	unmapped
38253000	医疗废物	医疗废物	382530	医疗废物	38	HS第38章	503				none	0.0	unmapped
38254100	废有机溶剂： 卤化物的	废有机溶剂： 卤化物的	382541	废有机溶剂： / 卤化物的	38	HS第38章	503				none	0.0	unmapped
38254900	其他	其他	382549	废有机溶剂： / 其他	38	HS第38章	503				none	0.0	unmapped
38255000	废的金属酸液、液压油、制动油 及防冻液	废的金属酸液、液压油、制动油 及防冻液	382550	废的金属酸液、液压油、制动油	38	HS第38章	503				none	0.0	unmapped
38256100	其他化学工业及相关工业的废 物： 主要含有有机成分的	其他化学工业及相关工业的废 物： 主要含有有机成分的	382561	其他化学工业及相关工业的废 物： / 主要含有有机成分的	38	HS第38章	503				none	0.0	unmapped
38256900	其他	其他	382569	其他化学工业及相关工业的废 物： / 其他	38	HS第38章	503				none	0.0	unmapped
38259000	其他	其他	382590	其他	38	HS第38章	503				none	0.0	unmapped
38260000	生物柴油及其混合物，不含或含 有按重量计低于70％的石油或从 沥青矿物提取的油类	生物柴油及其混合物，不含或含 有按重量计低于70％的石油或从 沥青矿物提取的油类	382600	生物柴油及其混合物，不含或含 有按重量计低于70％的石油或从 沥青矿物提取的油类	38	HS第38章	503				none	0.0	unmapped
38271100	含全氯氟烃（CFCs）的，不论是 否含氢氯氟烃（HCFCs）、全氟烃 （PFCs）或氢氟烃（HFCs）；含 氢溴氟烃（HBFCs）的；含四氯 化碳的；含1，1，1-三氯乙烷（甲 基氯仿）的： 含全氯氟烃（CFCs）的，不论 是否含氢氯氟烃（HCFCs）、全氟 烃（PFCs）或氢氟烃（HFCs）	含全氯氟烃（CFCs）的，不论是 否含氢氯氟烃（HCFCs）、全氟烃 （PFCs）或氢氟烃（HFCs）；含 氢溴氟烃（HBFCs）的；含四氯 化碳的；含1，1，1-三氯乙烷（甲 基氯仿）的： 含全氯氟烃（CFCs）的，不论 是否含氢氯氟烃（HCFCs）、全氟 烃（PFCs）或氢氟烃（HFCs）	382711	含全氯氟烃（CFCs）的，不论是 否含氢氯氟烃（HCFCs）、全氟烃 （PFCs）或氢氟烃（HFCs）；含 氢溴氟烃（HBFCs）的；含四氯 化碳的；含1，1，1-三氯乙烷（甲 基氯仿）的： / 含全氯氟烃（CFCs）的，不论	38	HS第38章	504				none	0.0	unmapped
38271200	含氢溴氟烃（HBFCs）的	含氢溴氟烃（HBFCs）的	382712	含全氯氟烃（CFCs）的，不论是 否含氢氯氟烃（HCFCs）、全氟烃 （PFCs）或氢氟烃（HFCs）；含 氢溴氟烃（HBFCs）的；含四氯 化碳的；含1，1，1-三氯乙烷（甲 基氯仿）的： / 含氢溴氟烃（HBFCs）的	38	HS第38章	504				none	0.0	unmapped
38271300	含四氯化碳的	含四氯化碳的	382713	含全氯氟烃（CFCs）的，不论是 否含氢氯氟烃（HCFCs）、全氟烃 （PFCs）或氢氟烃（HFCs）；含 氢溴氟烃（HBFCs）的；含四氯 化碳的；含1，1，1-三氯乙烷（甲 基氯仿）的： / 含四氯化碳的	38	HS第38章	504				none	0.0	unmapped
38271400	含1，1，1-三氯乙烷（甲基氯仿） 的	含1，1，1-三氯乙烷（甲基氯仿） 的	382714	含全氯氟烃（CFCs）的，不论是 否含氢氯氟烃（HCFCs）、全氟烃 （PFCs）或氢氟烃（HFCs）；含 氢溴氟烃（HBFCs）的；含四氯 化碳的；含1，1，1-三氯乙烷（甲 基氯仿）的： / 含1，1，1-三氯乙烷（甲基氯仿）	38	HS第38章	504				none	0.0	unmapped
38272000	含溴氯二氟甲烷（Halon-1211）、 三氟溴甲烷（Halon-1301）或二 溴四氟乙烷（Halon-2402）的	含溴氯二氟甲烷（Halon-1211）、 三氟溴甲烷（Halon-1301）或二 溴四氟乙烷（Halon-2402）的	382720	含溴氯二氟甲烷（Halon-1211）、	38	HS第38章	504				none	0.0	unmapped
38273100	含氢氯氟烃（HCFCs）的，不论 是否含全氟烃（PFCs）或氢氟烃 （HFCs），但不含全氯氟烃 （CFCs）： 含子目2903.41至2903.48物质的	含氢氯氟烃（HCFCs）的，不论 是否含全氟烃（PFCs）或氢氟烃 （HFCs），但不含全氯氟烃 （CFCs）： 含子目2903.41至2903.48物质的	382731	含氢氯氟烃（HCFCs）的，不论 是否含全氟烃（PFCs）或氢氟烃 （HFCs），但不含全氯氟烃 （CFCs）： / 含子目2903.41至2903.48物质的	38	HS第38章	504				none	0.0	unmapped
38273200	其他，含子目2903.71至2903.75 物质的	其他，含子目2903.71至2903.75 物质的	382732	含氢氯氟烃（HCFCs）的，不论 是否含全氟烃（PFCs）或氢氟烃 （HFCs），但不含全氯氟烃 （CFCs）： / 其他，含子目2903.71至2903.75	38	HS第38章	505				none	0.0	unmapped
38273900	其他	其他	382739	含氢氯氟烃（HCFCs）的，不论 是否含全氟烃（PFCs）或氢氟烃 （HFCs），但不含全氯氟烃 （CFCs）： / 其他	38	HS第38章	505				none	0.0	unmapped
38274000	含溴化甲烷（甲基溴）或溴氯甲 烷的	含溴化甲烷（甲基溴）或溴氯甲 烷的	382740	含溴化甲烷（甲基溴）或溴氯甲	38	HS第38章	505				none	0.0	unmapped
38275100	含三氟甲烷（HFC-23）或全氟烃 （PFCs），但不含全氯氟烃 （CFCs）或氢氯氟烃（HCFCs） 的： 含三氟甲烷（HFC-23）的	含三氟甲烷（HFC-23）或全氟烃 （PFCs），但不含全氯氟烃 （CFCs）或氢氯氟烃（HCFCs） 的： 含三氟甲烷（HFC-23）的	382751	含三氟甲烷（HFC-23）或全氟烃 （PFCs），但不含全氯氟烃 （CFCs）或氢氯氟烃（HCFCs） 的： / 含三氟甲烷（HFC-23）的	38	HS第38章	505				none	0.0	unmapped
38275900	其他	其他	382759	含三氟甲烷（HFC-23）或全氟烃 （PFCs），但不含全氯氟烃 （CFCs）或氢氯氟烃（HCFCs） 的： / 其他	38	HS第38章	505				none	0.0	unmapped
38276100	含其他氢氟烃（HFCs），但不含 全氯氟烃（CFCs）或氢氯氟烃 （HCFCs）的： 按重量计含15%及以上1，1，1 三氟乙烷（HFC-143a）的	含其他氢氟烃（HFCs），但不含 全氯氟烃（CFCs）或氢氯氟烃 （HCFCs）的： 按重量计含15%及以上1，1，1 三氟乙烷（HFC-143a）的	382761	含其他氢氟烃（HFCs），但不含 全氯氟烃（CFCs）或氢氯氟烃 （HCFCs）的： / 按重量计含15%及以上1，1，1	38	HS第38章	505				none	0.0	unmapped
38276200	其他，不归入上述子目，按重量 计含55%及以上五氟乙烷 （HFC-125），但不含无环烃的不 饱和氟化衍生物（HFOs）的	其他，不归入上述子目，按重量 计含55%及以上五氟乙烷 （HFC-125），但不含无环烃的不 饱和氟化衍生物（HFOs）的	382762	含其他氢氟烃（HFCs），但不含 全氯氟烃（CFCs）或氢氯氟烃 （HCFCs）的： / 其他，不归入上述子目，按重量	38	HS第38章	505				none	0.0	unmapped
38276300	其他，不归入上述子目，按重量 计含40%及以上五氟乙烷 （HFC-125）的	其他，不归入上述子目，按重量 计含40%及以上五氟乙烷 （HFC-125）的	382763	含其他氢氟烃（HFCs），但不含 全氯氟烃（CFCs）或氢氯氟烃 （HCFCs）的： / 其他，不归入上述子目，按重量	38	HS第38章	506				none	0.0	unmapped
38276400	其他，不归入上述子目，按重量 计含30%及以上1，1，1，2-四氟 乙烷（HFC-134a）的，但不含无 环烃的不饱和氟化衍生物 （HFOs）	其他，不归入上述子目，按重量 计含30%及以上1，1，1，2-四氟 乙烷（HFC-134a）的，但不含无 环烃的不饱和氟化衍生物 （HFOs）	382764	含其他氢氟烃（HFCs），但不含 全氯氟烃（CFCs）或氢氯氟烃 （HCFCs）的： / 其他，不归入上述子目，按重量	38	HS第38章	506				none	0.0	unmapped
38276500	其他，不归入上述子目的，按重 量计含20%及以上二氟甲烷 （HFC-32）和20%及以上五氟乙 烷（HFC-125）的	其他，不归入上述子目的，按重 量计含20%及以上二氟甲烷 （HFC-32）和20%及以上五氟乙 烷（HFC-125）的	382765	含其他氢氟烃（HFCs），但不含 全氯氟烃（CFCs）或氢氯氟烃 （HCFCs）的： / 其他，不归入上述子目的，按重	38	HS第38章	506				none	0.0	unmapped
38276800	其他，不归入上述子目，含子目 2903.41至2903.48所列物质的	其他，不归入上述子目，含子目 2903.41至2903.48所列物质的	382768	含其他氢氟烃（HFCs），但不含 全氯氟烃（CFCs）或氢氯氟烃 （HCFCs）的： / 其他，不归入上述子目，含子目	38	HS第38章	506				none	0.0	unmapped
38276900	其他	其他	382769	含其他氢氟烃（HFCs），但不含 全氯氟烃（CFCs）或氢氯氟烃 （HCFCs）的： / 其他	38	HS第38章	506				none	0.0	unmapped
38279000	其他	其他	382790	其他	38	HS第38章	506				none	0.0	unmapped
39011000	聚乙烯，比重小于0.94 比重小于0.94的聚乙烯（进口CIF 价高于3800美元/吨）	聚乙烯，比重小于0.94 比重小于0.94的聚乙烯（进口CIF 价高于3800美元/吨）	390110	聚乙烯，比重小于0.94	39	HS第39章	509				none	0.0	unmapped
39012000	聚乙烯，比重在0.94及以上 比重在0.94及以上的聚乙烯（进口 CIF价高于3800美元/吨）	聚乙烯，比重在0.94及以上 比重在0.94及以上的聚乙烯（进口 CIF价高于3800美元/吨）	390120	聚乙烯，比重在0.94及以上	39	HS第39章	509				none	0.0	unmapped
39013000	乙烯-乙酸乙烯酯共聚物	乙烯-乙酸乙烯酯共聚物	390130	乙烯-乙酸乙烯酯共聚物	39	HS第39章	509				none	0.0	unmapped
39014010	乙烯-α-烯烃共聚物,比重小于 0.94： 乙烯-丙烯共聚物（乙丙橡胶）	乙烯-α-烯烃共聚物,比重小于 0.94： 乙烯-丙烯共聚物（乙丙橡胶）	390140	乙烯-α-烯烃共聚物,比重小于 0.94	39	HS第39章	509	化工胶粘涂料	橡胶材料	化工胶粘涂料/橡胶材料	chemical-rubber	0.75	candidate
39014020	线型低密度聚乙烯	线型低密度聚乙烯	390140	乙烯-α-烯烃共聚物,比重小于 0.94	39	HS第39章	509				none	0.0	unmapped
39014090	其他	其他	390140	乙烯-α-烯烃共聚物,比重小于 0.94	39	HS第39章	510				none	0.0	unmapped
39019010	其他： 乙烯-丙烯共聚物（乙丙橡胶）	其他： 乙烯-丙烯共聚物（乙丙橡胶）	390190	其他	39	HS第39章	510	化工胶粘涂料	橡胶材料	化工胶粘涂料/橡胶材料	chemical-rubber	0.75	candidate
39019090	其他	其他	390190	其他	39	HS第39章	510				none	0.0	unmapped
39021000	聚丙烯	聚丙烯	390210	聚丙烯	39	HS第39章	510				none	0.0	unmapped
39022000	聚异丁烯	聚异丁烯	390220	聚异丁烯	39	HS第39章	510				none	0.0	unmapped
39023010	丙烯共聚物： 乙烯-丙烯共聚物（乙丙橡胶）	丙烯共聚物： 乙烯-丙烯共聚物（乙丙橡胶）	390230	丙烯共聚物	39	HS第39章	510	化工胶粘涂料	橡胶材料	化工胶粘涂料/橡胶材料	chemical-rubber	0.75	candidate
39023090	其他	其他	390230	丙烯共聚物	39	HS第39章	510				none	0.0	unmapped
39029000	其他	其他	390290	其他	39	HS第39章	511				none	0.0	unmapped
39031100	聚苯乙烯： 可发性的	聚苯乙烯： 可发性的	390311	聚苯乙烯： / 可发性的	39	HS第39章	511				none	0.0	unmapped
39031910	其他： 改性的	其他： 改性的	390319	聚苯乙烯： / 其他	39	HS第39章	511				none	0.0	unmapped
39031990	其他	其他	390319	聚苯乙烯： / 其他	39	HS第39章	511				none	0.0	unmapped
39032000	苯乙烯-丙烯腈（SAN）共聚物	苯乙烯-丙烯腈（SAN）共聚物	390320	苯乙烯-丙烯腈（SAN）共聚物	39	HS第39章	511				none	0.0	unmapped
39033010	丙烯腈-丁二烯-苯乙烯（ABS） 共聚物： 改性的	丙烯腈-丁二烯-苯乙烯（ABS） 共聚物： 改性的	390330	丙烯腈-丁二烯-苯乙烯（ABS） 共聚物	39	HS第39章	511				none	0.0	unmapped
39033090	其他	其他	390330	丙烯腈-丁二烯-苯乙烯（ABS） 共聚物	39	HS第39章	512				none	0.0	unmapped
39039000	其他	其他	390390	其他	39	HS第39章	512				none	0.0	unmapped
39041010	聚氯乙烯，未掺其他物质： 糊树脂	聚氯乙烯，未掺其他物质： 糊树脂	390410	聚氯乙烯，未掺其他物质	39	HS第39章	512				none	0.0	unmapped
39041090	其他	其他	390410	聚氯乙烯，未掺其他物质	39	HS第39章	512				none	0.0	unmapped
39042100	其他聚氯乙烯： 未塑化	其他聚氯乙烯： 未塑化	390421	其他聚氯乙烯： / 未塑化	39	HS第39章	512				none	0.0	unmapped
39042200	已塑化	已塑化	390422	其他聚氯乙烯： / 已塑化	39	HS第39章	512				none	0.0	unmapped
39043000	氯乙烯-乙酸乙烯酯共聚物	氯乙烯-乙酸乙烯酯共聚物	390430	氯乙烯-乙酸乙烯酯共聚物	39	HS第39章	513				none	0.0	unmapped
39044000	其他氯乙烯共聚物	其他氯乙烯共聚物	390440	其他氯乙烯共聚物	39	HS第39章	513				none	0.0	unmapped
39045000	偏二氯乙烯聚合物	偏二氯乙烯聚合物	390450	偏二氯乙烯聚合物	39	HS第39章	513				none	0.0	unmapped
39046100	氟聚合物： 聚四氟乙烯	氟聚合物： 聚四氟乙烯	390461	氟聚合物： / 聚四氟乙烯	39	HS第39章	513				none	0.0	unmapped
39046900	其他	其他	390469	氟聚合物： / 其他	39	HS第39章	513				none	0.0	unmapped
39049000	其他	其他	390490	其他	39	HS第39章	514				none	0.0	unmapped
39051200	聚乙酸乙烯酯： 水分散体	聚乙酸乙烯酯： 水分散体	390512	聚乙酸乙烯酯： / 水分散体	39	HS第39章	514				none	0.0	unmapped
39051900	其他	其他	390519	聚乙酸乙烯酯： / 其他	39	HS第39章	514				none	0.0	unmapped
39052100	乙酸乙烯酯共聚物： 水分散体	乙酸乙烯酯共聚物： 水分散体	390521	乙酸乙烯酯共聚物： / 水分散体	39	HS第39章	514				none	0.0	unmapped
39052900	其他	其他	390529	乙酸乙烯酯共聚物： / 其他	39	HS第39章	515				none	0.0	unmapped
39053000	聚乙烯醇，不论是否含有未水解 的乙酸酯基	聚乙烯醇，不论是否含有未水解 的乙酸酯基	390530	聚乙烯醇，不论是否含有未水解	39	HS第39章	515				none	0.0	unmapped
39059100	其他： 共聚物 乙烯-乙烯醇共聚物	其他： 共聚物 乙烯-乙烯醇共聚物	390591	其他： / 共聚物	39	HS第39章	515				none	0.0	unmapped
39059900	其他	其他	390599	其他： / 其他	39	HS第39章	515				none	0.0	unmapped
39061000	聚甲基丙烯酸甲酯	聚甲基丙烯酸甲酯	390610	聚甲基丙烯酸甲酯	39	HS第39章	515				none	0.0	unmapped
39069010	聚丙烯酰胺	聚丙烯酰胺	390690	其他	39	HS第39章	516				none	0.0	unmapped
39069020	丙烯酸-丙烯酸钠交联共聚物	丙烯酸-丙烯酸钠交联共聚物	390690	其他	39	HS第39章	516				none	0.0	unmapped
39069090	其他	其他	390690	其他	39	HS第39章	516				none	0.0	unmapped
39071010	聚缩醛： 聚甲醛	聚缩醛： 聚甲醛	390710	聚缩醛	39	HS第39章	516				none	0.0	unmapped
39071090	其他	其他	390710	聚缩醛	39	HS第39章	516				none	0.0	unmapped
39072100	其他聚醚： 双（聚氧乙烯）甲基膦酸酯	其他聚醚： 双（聚氧乙烯）甲基膦酸酯	390721	其他聚醚： / 双（聚氧乙烯）甲基膦酸酯	39	HS第39章	516				none	0.0	unmapped
39072910	聚四亚甲基醚二醇 6.5∆3	聚四亚甲基醚二醇 6.5∆3	390729	其他聚醚： / 其他	39	HS第39章	517				none	0.0	unmapped
39072990	其他	其他	390729	其他聚醚： / 其他	39	HS第39章	517				none	0.0	unmapped
39073000	环氧树脂 溴的质量百分含量在18％及以上 或进口CIF价格高于3800美元/吨 的环氧树脂（如溶于溶剂，以纯 环氧树脂折算溴的百分含量）	环氧树脂 溴的质量百分含量在18％及以上 或进口CIF价格高于3800美元/吨 的环氧树脂（如溶于溶剂，以纯 环氧树脂折算溴的百分含量）	390730	环氧树脂	39	HS第39章	517				none	0.0	unmapped
39074000	聚碳酸酯	聚碳酸酯	390740	聚碳酸酯	39	HS第39章	517				none	0.0	unmapped
39075000	醇酸树脂	醇酸树脂	390750	醇酸树脂	39	HS第39章	517				none	0.0	unmapped
39076110	切片	切片	390761	聚对苯二甲酸乙二酯： / 粘数在78毫升 / 克或以上	39	HS第39章	518				none	0.0	unmapped
39076190	其他	其他	390761	聚对苯二甲酸乙二酯： / 粘数在78毫升 / 克或以上	39	HS第39章	518				none	0.0	unmapped
39076910	其他： 切片	其他： 切片	390769	聚对苯二甲酸乙二酯： / 其他	39	HS第39章	518				none	0.0	unmapped
39076990	其他	其他	390769	聚对苯二甲酸乙二酯： / 其他	39	HS第39章	518				none	0.0	unmapped
39077000	聚乳酸	聚乳酸	390770	聚乳酸	39	HS第39章	518				none	0.0	unmapped
39079100	其他聚酯： 不饱和	其他聚酯： 不饱和	390791	其他聚酯： / 不饱和	39	HS第39章	518				none	0.0	unmapped
39079910	聚对苯二甲酸丁二酯	聚对苯二甲酸丁二酯	390799	其他聚酯： / 其他	39	HS第39章	519				none	0.0	unmapped
39079991	其他： 聚对苯二甲酸-己二酸-丁二醇 酯 热塑性液晶芳香族聚酯共聚物	其他： 聚对苯二甲酸-己二酸-丁二醇 酯 热塑性液晶芳香族聚酯共聚物	390799	其他聚酯： / 其他	39	HS第39章	519				none	0.0	unmapped
39079999	其他： 其他 热塑性液晶芳香族聚酯共聚物	其他： 其他 热塑性液晶芳香族聚酯共聚物	390799	其他聚酯： / 其他	39	HS第39章	519				none	0.0	unmapped
39081011	聚酰胺-6、-11、-12、-6，6、-6， 9、-6，10或-6，12： ---切片： 聚酰胺-6，6切片	聚酰胺-6、-11、-12、-6，6、-6， 9、-6，10或-6，12： ---切片： 聚酰胺-6，6切片	390810	聚酰胺-6、-11、-12、-6，6、-6， 9、-6，10或-6，12	39	HS第39章	519				none	0.0	unmapped
39081012	切片： 聚酰胺-6切片	切片： 聚酰胺-6切片	390810	聚酰胺-6、-11、-12、-6，6、-6， 9、-6，10或-6，12	39	HS第39章	519				none	0.0	unmapped
39081019	切片： 其他	切片： 其他	390810	聚酰胺-6、-11、-12、-6，6、-6， 9、-6，10或-6，12	39	HS第39章	519				none	0.0	unmapped
39081090	其他	其他	390810	聚酰胺-6、-11、-12、-6，6、-6， 9、-6，10或-6，12	39	HS第39章	519				none	0.0	unmapped
39089010	芳香族聚酰胺及其共聚物	芳香族聚酰胺及其共聚物	390890	其他	39	HS第39章	520				none	0.0	unmapped
39089020	半芳香族聚酰胺及其共聚物	半芳香族聚酰胺及其共聚物	390890	其他	39	HS第39章	520				none	0.0	unmapped
39089090	其他	其他	390890	其他	39	HS第39章	520				none	0.0	unmapped
39091000	尿素树脂；硫脲树脂	尿素树脂；硫脲树脂	390910	尿素树脂；硫脲树脂	39	HS第39章	520				none	0.0	unmapped
39092000	蜜胺树脂	蜜胺树脂	390920	蜜胺树脂	39	HS第39章	520				none	0.0	unmapped
39093100	其他氨基树脂： 聚（亚甲基苯基异氰酸酯）（粗 MDI、聚合MDI）	其他氨基树脂： 聚（亚甲基苯基异氰酸酯）（粗 MDI、聚合MDI）	390931	其他氨基树脂： / 聚（亚甲基苯基异氰酸酯）（粗	39	HS第39章	520				none	0.0	unmapped
39093900	其他	其他	390939	其他氨基树脂： / 其他	39	HS第39章	520				none	0.0	unmapped
39094000	酚醛树脂	酚醛树脂	390940	酚醛树脂	39	HS第39章	520				none	0.0	unmapped
39095000	聚氨基甲酸酯	聚氨基甲酸酯	390950	聚氨基甲酸酯	39	HS第39章	521				none	0.0	unmapped
39100000	初级形状的聚硅氧烷	初级形状的聚硅氧烷	391000	初级形状的聚硅氧烷	39	HS第39章	521				none	0.0	unmapped
39111000	石油树脂、苯并呋喃树脂、茚树 脂、苯并呋喃-茚树脂及多萜树脂	石油树脂、苯并呋喃树脂、茚树 脂、苯并呋喃-茚树脂及多萜树脂	391110	石油树脂、苯并呋喃树脂、茚树	39	HS第39章	521				none	0.0	unmapped
39112000	聚（1，3-亚苯基甲基膦酸酯）	聚（1，3-亚苯基甲基膦酸酯）	391120	聚（1，3-亚苯基甲基膦酸酯）	39	HS第39章	521				none	0.0	unmapped
39119000	其他 偏苯三酸酐和异氰酸预缩聚物 芳基酸与芳基胺预缩聚物 改性三羟乙基脲酸酯类预缩聚物 环烯烃聚合物	其他 偏苯三酸酐和异氰酸预缩聚物 芳基酸与芳基胺预缩聚物 改性三羟乙基脲酸酯类预缩聚物 环烯烃聚合物	391190	其他	39	HS第39章	521				none	0.0	unmapped
39121100	乙酸纤维素： 未塑化	乙酸纤维素： 未塑化	391211	乙酸纤维素： / 未塑化	39	HS第39章	521				none	0.0	unmapped
39121200	已塑化	已塑化	391212	乙酸纤维素： / 已塑化	39	HS第39章	522				none	0.0	unmapped
39122000	硝酸纤维素（包括胶棉）	硝酸纤维素（包括胶棉）	391220	硝酸纤维素（包括胶棉）	39	HS第39章	522				none	0.0	unmapped
39123100	纤维素醚： 羧甲基纤维素及其盐	纤维素醚： 羧甲基纤维素及其盐	391231	纤维素醚： / 羧甲基纤维素及其盐	39	HS第39章	522				none	0.0	unmapped
39123900	其他	其他	391239	纤维素醚： / 其他	39	HS第39章	522				none	0.0	unmapped
39129000	其他	其他	391290	其他	39	HS第39章	522				none	0.0	unmapped
39131000	藻酸及其盐和酯	藻酸及其盐和酯	391310	藻酸及其盐和酯	39	HS第39章	522				none	0.0	unmapped
39139000	其他	其他	391390	其他	39	HS第39章	522				none	0.0	unmapped
39140000	初级形状的离子交换剂，以税目 39.01至39.13的聚合物为基本成 分的	初级形状的离子交换剂，以税目 39.01至39.13的聚合物为基本成 分的	391400	初级形状的离子交换剂，以税目 39.01至39.13的聚合物为基本成 分的	39	HS第39章	522				none	0.0	unmapped
39151000	乙烯聚合物的	乙烯聚合物的	391510	乙烯聚合物的	39	HS第39章	523				none	0.0	unmapped
39152000	苯乙烯聚合物的	苯乙烯聚合物的	391520	苯乙烯聚合物的	39	HS第39章	523				none	0.0	unmapped
39153000	氯乙烯聚合物的	氯乙烯聚合物的	391530	氯乙烯聚合物的	39	HS第39章	523				none	0.0	unmapped
39159010	其他塑料的： 聚对苯二甲酸乙二酯的	其他塑料的： 聚对苯二甲酸乙二酯的	391590	其他塑料的	39	HS第39章	523				none	0.0	unmapped
39159090	其他	其他	391590	其他塑料的	39	HS第39章	523				none	0.0	unmapped
39161000	乙烯聚合物制	乙烯聚合物制	391610	乙烯聚合物制	39	HS第39章	524				none	0.0	unmapped
39162010	氯乙烯聚合物制： 异型材	氯乙烯聚合物制： 异型材	391620	氯乙烯聚合物制	39	HS第39章	524				none	0.0	unmapped
39162090	其他	其他	391620	氯乙烯聚合物制	39	HS第39章	524				none	0.0	unmapped
39169010	其他塑料制： 聚酰胺制	其他塑料制： 聚酰胺制	391690	其他塑料制	39	HS第39章	524				none	0.0	unmapped
39169090	其他	其他	391690	其他塑料制	39	HS第39章	524				none	0.0	unmapped
39171000	硬化蛋白或纤维素材料制的人 造肠衣（香肠用肠衣）	硬化蛋白或纤维素材料制的人 造肠衣（香肠用肠衣）	391710	硬化蛋白或纤维素材料制的人	39	HS第39章	525				none	0.0	unmapped
39172100	硬管： 乙烯聚合物制	硬管： 乙烯聚合物制	391721	硬管： / 乙烯聚合物制	39	HS第39章	525				none	0.0	unmapped
39172200	丙烯聚合物制	丙烯聚合物制	391722	硬管： / 丙烯聚合物制	39	HS第39章	525				none	0.0	unmapped
39172300	氯乙烯聚合物制	氯乙烯聚合物制	391723	硬管： / 氯乙烯聚合物制	39	HS第39章	525				none	0.0	unmapped
39172900	其他塑料制	其他塑料制	391729	硬管： / 其他塑料制	39	HS第39章	525				none	0.0	unmapped
39173100	软管，最小爆破压力为27.6兆帕 斯卡	软管，最小爆破压力为27.6兆帕 斯卡	391731	其他管： / 软管，最小爆破压力为27.6兆帕	39	HS第39章	526				none	0.0	unmapped
39173200	其他未装有附件的管子，未经加 强也未与其他材料合制	其他未装有附件的管子，未经加 强也未与其他材料合制	391732	其他管： / 其他未装有附件的管子，未经加	39	HS第39章	526				none	0.0	unmapped
39173300	其他装有附件的管子，未经加强 也未与其他材料合制	其他装有附件的管子，未经加强 也未与其他材料合制	391733	其他管： / 其他装有附件的管子，未经加强	39	HS第39章	526				none	0.0	unmapped
39173900	其他	其他	391739	其他管： / 其他	39	HS第39章	526				none	0.0	unmapped
39174000	管子附件	管子附件	391740	管子附件	39	HS第39章	526				none	0.0	unmapped
39181010	氯乙烯聚合物制： 糊墙品	氯乙烯聚合物制： 糊墙品	391810	氯乙烯聚合物制	39	HS第39章	526				none	0.0	unmapped
39181090	其他	其他	391810	氯乙烯聚合物制	39	HS第39章	527				none	0.0	unmapped
39189010	其他塑料制： 糊墙品	其他塑料制： 糊墙品	391890	其他塑料制	39	HS第39章	527				none	0.0	unmapped
39189090	其他	其他	391890	其他塑料制	39	HS第39章	527				none	0.0	unmapped
39191010	成卷，宽度不超过20厘米： 丙烯酸树脂类为基本成分	成卷，宽度不超过20厘米： 丙烯酸树脂类为基本成分	391910	成卷，宽度不超过20厘米	39	HS第39章	527				none	0.0	unmapped
39191091	其他： 胶囊型反光膜	其他： 胶囊型反光膜	391910	成卷，宽度不超过20厘米	39	HS第39章	527				none	0.0	unmapped
39191099	其他： 其他	其他： 其他	391910	成卷，宽度不超过20厘米	39	HS第39章	527				none	0.0	unmapped
39199010	胶囊型反光膜	胶囊型反光膜	391990	其他	39	HS第39章	528				none	0.0	unmapped
39199090	其他 半导体晶圆制造用自粘式圆形抛 光垫	其他 半导体晶圆制造用自粘式圆形抛 光垫	391990	其他	39	HS第39章	528				none	0.0	unmapped
39201010	乙烯聚合物制： 乙烯聚合物制电池隔膜	乙烯聚合物制： 乙烯聚合物制电池隔膜	392010	乙烯聚合物制	39	HS第39章	528				none	0.0	unmapped
39201090	其他	其他	392010	乙烯聚合物制	39	HS第39章	528				none	0.0	unmapped
39202010	丙烯聚合物制： 丙烯聚合物制电池隔膜	丙烯聚合物制： 丙烯聚合物制电池隔膜	392020	丙烯聚合物制	39	HS第39章	528				none	0.0	unmapped
39202090	其他	其他	392020	丙烯聚合物制	39	HS第39章	528				none	0.0	unmapped
39203000	苯乙烯聚合物制	苯乙烯聚合物制	392030	苯乙烯聚合物制	39	HS第39章	529				none	0.0	unmapped
39204300	氯乙烯聚合物制： 按重量计增塑剂含量不小于6％	氯乙烯聚合物制： 按重量计增塑剂含量不小于6％	392043	氯乙烯聚合物制： / 按重量计增塑剂含量不小于6％	39	HS第39章	529				none	0.0	unmapped
39204900	其他	其他	392049	氯乙烯聚合物制： / 其他	39	HS第39章	529				none	0.0	unmapped
39205100	丙烯酸聚合物制： 聚甲基丙烯酸甲酯制	丙烯酸聚合物制： 聚甲基丙烯酸甲酯制	392051	丙烯酸聚合物制： / 聚甲基丙烯酸甲酯制	39	HS第39章	529				none	0.0	unmapped
39205900	其他	其他	392059	丙烯酸聚合物制： / 其他	39	HS第39章	529				none	0.0	unmapped
39206100	聚碳酸酯、醇酸树脂、聚烯丙酯 或其他聚酯制： 聚碳酸酯制	聚碳酸酯、醇酸树脂、聚烯丙酯 或其他聚酯制： 聚碳酸酯制	392061	聚碳酸酯、醇酸树脂、聚烯丙酯 或其他聚酯制： / 聚碳酸酯制	39	HS第39章	529				none	0.0	unmapped
39206200	聚对苯二甲酸乙二酯制	聚对苯二甲酸乙二酯制	392062	聚碳酸酯、醇酸树脂、聚烯丙酯 或其他聚酯制： / 聚对苯二甲酸乙二酯制	39	HS第39章	530				none	0.0	unmapped
39206300	不饱和聚酯制	不饱和聚酯制	392063	聚碳酸酯、醇酸树脂、聚烯丙酯 或其他聚酯制： / 不饱和聚酯制	39	HS第39章	530				none	0.0	unmapped
39206900	其他聚酯制	其他聚酯制	392069	聚碳酸酯、醇酸树脂、聚烯丙酯 或其他聚酯制： / 其他聚酯制	39	HS第39章	530				none	0.0	unmapped
39207100	纤维素及其化学衍生物制： 再生纤维素制	纤维素及其化学衍生物制： 再生纤维素制	392071	纤维素及其化学衍生物制： / 再生纤维素制	39	HS第39章	530				none	0.0	unmapped
39207300	乙酸纤维素制	乙酸纤维素制	392073	纤维素及其化学衍生物制： / 乙酸纤维素制	39	HS第39章	530				none	0.0	unmapped
39207900	其他纤维素衍生物制	其他纤维素衍生物制	392079	纤维素及其化学衍生物制： / 其他纤维素衍生物制	39	HS第39章	530				none	0.0	unmapped
39209100	聚乙烯醇缩丁醛制 聚乙烯醇缩丁醛膜（厚度不超过3 毫米）	聚乙烯醇缩丁醛制 聚乙烯醇缩丁醛膜（厚度不超过3 毫米）	392091	其他塑料制： / 聚乙烯醇缩丁醛制	39	HS第39章	531				none	0.0	unmapped
39209200	聚酰胺制	聚酰胺制	392092	其他塑料制： / 聚酰胺制	39	HS第39章	531				none	0.0	unmapped
39209300	氨基树脂制	氨基树脂制	392093	其他塑料制： / 氨基树脂制	39	HS第39章	531				none	0.0	unmapped
39209400	酚醛树脂制	酚醛树脂制	392094	其他塑料制： / 酚醛树脂制	39	HS第39章	531				none	0.0	unmapped
39209910	其他塑料制： 聚四氟乙烯制	其他塑料制： 聚四氟乙烯制	392099	其他塑料制	39	HS第39章	531				none	0.0	unmapped
39209990	其他塑料制 聚酰亚胺膜（厚度不超过0.03毫 米）	其他塑料制 聚酰亚胺膜（厚度不超过0.03毫 米）	392099	其他塑料制	39	HS第39章	531				none	0.0	unmapped
39211100	苯乙烯聚合物制	苯乙烯聚合物制	392111	泡沫塑料的： / 苯乙烯聚合物制	39	HS第39章	532				none	0.0	unmapped
39211210	氯乙烯聚合物制： 人造革及合成革	氯乙烯聚合物制： 人造革及合成革	392112	泡沫塑料的： / 氯乙烯聚合物制	39	HS第39章	532				none	0.0	unmapped
39211290	其他	其他	392112	泡沫塑料的： / 氯乙烯聚合物制	39	HS第39章	532				none	0.0	unmapped
39211310	氨酯聚合物制： 人造革及合成革	氨酯聚合物制： 人造革及合成革	392113	泡沫塑料的： / 氨酯聚合物制	39	HS第39章	532				none	0.0	unmapped
39211390	其他	其他	392113	泡沫塑料的： / 氨酯聚合物制	39	HS第39章	532				none	0.0	unmapped
39211400	再生纤维素制	再生纤维素制	392114	泡沫塑料的： / 再生纤维素制	39	HS第39章	533				none	0.0	unmapped
39211910	其他塑料制： 人造革及合成革	其他塑料制： 人造革及合成革	392119	泡沫塑料的： / 其他塑料制	39	HS第39章	533				none	0.0	unmapped
39211990	其他	其他	392119	泡沫塑料的： / 其他塑料制	39	HS第39章	533				none	0.0	unmapped
39219020	其他： 聚乙烯嵌有玻璃纤维的板、片	其他： 聚乙烯嵌有玻璃纤维的板、片	392190	其他	39	HS第39章	533				none	0.0	unmapped
39219030	聚异丁烯为基本成分的附有人 造毛毡的板、片、卷材	聚异丁烯为基本成分的附有人 造毛毡的板、片、卷材	392190	其他	39	HS第39章	533				none	0.0	unmapped
39219090	其他	其他	392190	其他	39	HS第39章	533				none	0.0	unmapped
39221000	浴缸、淋浴盘、洗涤槽及盥洗盆	浴缸、淋浴盘、洗涤槽及盥洗盆	392210	浴缸、淋浴盘、洗涤槽及盥洗盆	39	HS第39章	534				none	0.0	unmapped
39222000	马桶座圈及盖	马桶座圈及盖	392220	马桶座圈及盖	39	HS第39章	534				none	0.0	unmapped
39229000	其他	其他	392290	其他	39	HS第39章	534				none	0.0	unmapped
39231000	盒、箱（包括板条箱）及类似品 税目3923.10或8486.90的，具有特 定形状或装置,供运输或包装半导 体晶圆、掩模或光罩的塑料盒、 箱、板条箱及类似物品	盒、箱（包括板条箱）及类似品 税目3923.10或8486.90的，具有特 定形状或装置,供运输或包装半导 体晶圆、掩模或光罩的塑料盒、 箱、板条箱及类似物品	392310	盒、箱（包括板条箱）及类似品	39	HS第39章	534				none	0.0	unmapped
39232100	袋及包（包括锥形的）： 乙烯聚合物制	袋及包（包括锥形的）： 乙烯聚合物制	392321	袋及包（包括锥形的）： / 乙烯聚合物制	39	HS第39章	534				none	0.0	unmapped
39232900	其他塑料制	其他塑料制	392329	袋及包（包括锥形的）： / 其他塑料制	39	HS第39章	535				none	0.0	unmapped
39233000	坛、瓶及类似品	坛、瓶及类似品	392330	坛、瓶及类似品	39	HS第39章	535				none	0.0	unmapped
39234000	卷轴、纡子、筒管及类似品	卷轴、纡子、筒管及类似品	392340	卷轴、纡子、筒管及类似品	39	HS第39章	535				none	0.0	unmapped
39235000	塞子、盖子及类似品	塞子、盖子及类似品	392350	塞子、盖子及类似品	39	HS第39章	535				none	0.0	unmapped
39239000	其他	其他	392390	其他	39	HS第39章	535				none	0.0	unmapped
39241000	餐具及厨房用具	餐具及厨房用具	392410	餐具及厨房用具	39	HS第39章	536				none	0.0	unmapped
39249000	其他	其他	392490	其他	39	HS第39章	536				none	0.0	unmapped
39251000	囤、柜、罐、桶及类似容器，容 积超过300升	囤、柜、罐、桶及类似容器，容 积超过300升	392510	囤、柜、罐、桶及类似容器，容	39	HS第39章	536				none	0.0	unmapped
39252000	门、窗及其框架、门槛	门、窗及其框架、门槛	392520	门、窗及其框架、门槛	39	HS第39章	536				none	0.0	unmapped
39253000	窗板、百叶窗（包括威尼斯式百 叶窗）或类似制品及其零件	窗板、百叶窗（包括威尼斯式百 叶窗）或类似制品及其零件	392530	窗板、百叶窗（包括威尼斯式百	39	HS第39章	536				none	0.0	unmapped
39259000	其他	其他	392590	其他	39	HS第39章	536				none	0.0	unmapped
39261000	办公室或学校用品	办公室或学校用品	392610	办公室或学校用品	39	HS第39章	537				none	0.0	unmapped
39262011	衣服及衣着附件（包括分指手 套、连指手套及露指手套）： ---手套（包括分指手套、连指手 套及露指手套）： 聚氯乙烯制	衣服及衣着附件（包括分指手 套、连指手套及露指手套）： ---手套（包括分指手套、连指手 套及露指手套）： 聚氯乙烯制	392620	衣服及衣着附件（包括分指手 套、连指手套及露指手套）	39	HS第39章	537				none	0.0	unmapped
39262019	手套（包括分指手套、连指手 套及露指手套）： 其他	手套（包括分指手套、连指手 套及露指手套）： 其他	392620	衣服及衣着附件（包括分指手 套、连指手套及露指手套）	39	HS第39章	537				none	0.0	unmapped
39262090	其他	其他	392620	衣服及衣着附件（包括分指手 套、连指手套及露指手套）	39	HS第39章	537				none	0.0	unmapped
39263000	家具、车厢或类似品的附件	家具、车厢或类似品的附件	392630	家具、车厢或类似品的附件	39	HS第39章	537				none	0.0	unmapped
39264000	小雕塑品及其他装饰品	小雕塑品及其他装饰品	392640	小雕塑品及其他装饰品	39	HS第39章	537				none	0.0	unmapped
39269010	机器及仪器用零件	机器及仪器用零件	392690	其他	39	HS第39章	538				none	0.0	unmapped
39269090	其他	其他	392690	其他	39	HS第39章	538				none	0.0	unmapped
40011000	天然胶乳，不论是否预硫化 20∆①	天然胶乳，不论是否预硫化 20∆①	400110	天然胶乳，不论是否预硫化 20∆①	40	HS第40章	540				none	0.0	unmapped
40012100	其他形状的天然橡胶： 烟胶片 20∆②	其他形状的天然橡胶： 烟胶片 20∆②	400121	其他形状的天然橡胶： / 烟胶片 20∆②	40	HS第40章	540	化工胶粘涂料	橡胶材料	化工胶粘涂料/橡胶材料	chemical-rubber	0.75	candidate
40012200	技术分类天然橡胶（TSNR） 20∆③	技术分类天然橡胶（TSNR） 20∆③	400122	其他形状的天然橡胶： / 技术分类天然橡胶（TSNR） 20∆③	40	HS第40章	540	化工胶粘涂料	橡胶材料	化工胶粘涂料/橡胶材料	chemical-rubber	0.75	candidate
40012900	其他	其他	400129	其他形状的天然橡胶： / 其他	40	HS第40章	540				none	0.0	unmapped
40013000	巴拉塔胶、古塔波胶、银胶菊胶、 糖胶树胶及类似的天然树胶	巴拉塔胶、古塔波胶、银胶菊胶、 糖胶树胶及类似的天然树胶	400130	巴拉塔胶、古塔波胶、银胶菊胶、	40	HS第40章	540				none	0.0	unmapped
40021110	丁苯橡胶（SBR）；羧基丁苯橡胶 （XSBR）： --胶乳： 羧基丁苯橡胶	丁苯橡胶（SBR）；羧基丁苯橡胶 （XSBR）： --胶乳： 羧基丁苯橡胶	400211	丁苯橡胶（SBR）；羧基丁苯橡胶 （XSBR）： / 胶乳	40	HS第40章	540	化工胶粘涂料	橡胶材料	化工胶粘涂料/橡胶材料	chemical-rubber	0.75	candidate
40021190	其他	其他	400211	丁苯橡胶（SBR）；羧基丁苯橡胶 （XSBR）： / 胶乳	40	HS第40章	540				none	0.0	unmapped
40021911	其他： ---初级形状的： 未经任何加工的丁苯橡胶（溶 聚的除外） 元/吨，两者从低。 元/吨，两者从低。 元/吨，两者从低。	其他： ---初级形状的： 未经任何加工的丁苯橡胶（溶 聚的除外） 元/吨，两者从低。 元/吨，两者从低。 元/吨，两者从低。	400219	丁苯橡胶（SBR）；羧基丁苯橡胶 （XSBR）： / 其他	40	HS第40章	540	化工胶粘涂料	橡胶材料	化工胶粘涂料/橡胶材料	chemical-rubber	0.75	candidate
40021912	初级形状的： 充油丁苯橡胶（溶聚的除外）	初级形状的： 充油丁苯橡胶（溶聚的除外）	400219	丁苯橡胶（SBR）；羧基丁苯橡胶 （XSBR）： / 其他	40	HS第40章	541	化工胶粘涂料	橡胶材料	化工胶粘涂料/橡胶材料	chemical-rubber	0.75	candidate
40021913	初级形状的： 热塑丁苯橡胶	初级形状的： 热塑丁苯橡胶	400219	丁苯橡胶（SBR）；羧基丁苯橡胶 （XSBR）： / 其他	40	HS第40章	541	化工胶粘涂料	橡胶材料	化工胶粘涂料/橡胶材料	chemical-rubber	0.75	candidate
40021914	初级形状的： 充油热塑丁苯橡胶	初级形状的： 充油热塑丁苯橡胶	400219	丁苯橡胶（SBR）；羧基丁苯橡胶 （XSBR）： / 其他	40	HS第40章	541	化工胶粘涂料	橡胶材料	化工胶粘涂料/橡胶材料	chemical-rubber	0.75	candidate
40021915	初级形状的： 未经任何加工的溶聚丁苯橡 胶	初级形状的： 未经任何加工的溶聚丁苯橡 胶	400219	丁苯橡胶（SBR）；羧基丁苯橡胶 （XSBR）： / 其他	40	HS第40章	541				none	0.0	unmapped
40021916	初级形状的： 充油溶聚丁苯橡胶	初级形状的： 充油溶聚丁苯橡胶	400219	丁苯橡胶（SBR）；羧基丁苯橡胶 （XSBR）： / 其他	40	HS第40章	541	化工胶粘涂料	橡胶材料	化工胶粘涂料/橡胶材料	chemical-rubber	0.75	candidate
40021919	初级形状的： 其他	初级形状的： 其他	400219	丁苯橡胶（SBR）；羧基丁苯橡胶 （XSBR）： / 其他	40	HS第40章	541				none	0.0	unmapped
40021990	其他	其他	400219	丁苯橡胶（SBR）；羧基丁苯橡胶 （XSBR）： / 其他	40	HS第40章	541				none	0.0	unmapped
40022010	初级形状的	初级形状的	400220	丁二烯橡胶（BR）	40	HS第40章	542				none	0.0	unmapped
40022090	其他	其他	400220	丁二烯橡胶（BR）	40	HS第40章	542				none	0.0	unmapped
40023110	异丁烯-异戊二烯（丁基）橡胶 （IIR）；卤代丁基橡胶（CIIR或 BIIR）： --异丁烯-异戊二烯（丁基）橡胶 （IIR）： 初级形状的	异丁烯-异戊二烯（丁基）橡胶 （IIR）；卤代丁基橡胶（CIIR或 BIIR）： --异丁烯-异戊二烯（丁基）橡胶 （IIR）： 初级形状的	400231	异丁烯-异戊二烯（丁基）橡胶 （IIR）；卤代丁基橡胶（CIIR或 BIIR）： / 异丁烯-异戊二烯（丁基）橡胶 （IIR）	40	HS第40章	542	化工胶粘涂料	橡胶材料	化工胶粘涂料/橡胶材料	chemical-rubber	0.75	candidate
40023190	其他	其他	400231	异丁烯-异戊二烯（丁基）橡胶 （IIR）；卤代丁基橡胶（CIIR或 BIIR）： / 异丁烯-异戊二烯（丁基）橡胶 （IIR）	40	HS第40章	542				none	0.0	unmapped
40023910	其他： 初级形状的	其他： 初级形状的	400239	异丁烯-异戊二烯（丁基）橡胶 （IIR）；卤代丁基橡胶（CIIR或 BIIR）： / 其他	40	HS第40章	542				none	0.0	unmapped
40023990	其他	其他	400239	异丁烯-异戊二烯（丁基）橡胶 （IIR）；卤代丁基橡胶（CIIR或 BIIR）： / 其他	40	HS第40章	542				none	0.0	unmapped
40024100	胶乳	胶乳	400241	氯丁二烯（氯丁）橡胶（CR）： / 胶乳	40	HS第40章	543				none	0.0	unmapped
40024910	其他： 初级形状的	其他： 初级形状的	400249	氯丁二烯（氯丁）橡胶（CR）： / 其他	40	HS第40章	543				none	0.0	unmapped
40024990	其他	其他	400249	氯丁二烯（氯丁）橡胶（CR）： / 其他	40	HS第40章	543				none	0.0	unmapped
40025100	丁腈橡胶（NBR）： 胶乳	丁腈橡胶（NBR）： 胶乳	400251	丁腈橡胶（NBR）： / 胶乳	40	HS第40章	543	化工胶粘涂料	橡胶材料	化工胶粘涂料/橡胶材料	chemical-rubber	0.75	candidate
40025910	其他： 初级形状的	其他： 初级形状的	400259	丁腈橡胶（NBR）： / 其他	40	HS第40章	543				none	0.0	unmapped
40025990	其他	其他	400259	丁腈橡胶（NBR）： / 其他	40	HS第40章	543				none	0.0	unmapped
40026010	异戊二烯橡胶（IR）： 初级形状的	异戊二烯橡胶（IR）： 初级形状的	400260	异戊二烯橡胶（IR）	40	HS第40章	543	化工胶粘涂料	橡胶材料	化工胶粘涂料/橡胶材料	chemical-rubber	0.75	candidate
40026090	其他	其他	400260	异戊二烯橡胶（IR）	40	HS第40章	544				none	0.0	unmapped
40027010	乙丙非共轭二烯橡胶（EPDM）： 初级形状的	乙丙非共轭二烯橡胶（EPDM）： 初级形状的	400270	乙丙非共轭二烯橡胶（EPDM）	40	HS第40章	544	化工胶粘涂料	橡胶材料	化工胶粘涂料/橡胶材料	chemical-rubber	0.75	candidate
40027090	其他	其他	400270	乙丙非共轭二烯橡胶（EPDM）	40	HS第40章	544				none	0.0	unmapped
40028000	税目40.01所列产品与本税目所 列产品的混合物	税目40.01所列产品与本税目所 列产品的混合物	400280	税目40.01所列产品与本税目所	40	HS第40章	544				none	0.0	unmapped
40029100	其他： 胶乳	其他： 胶乳	400291	其他： / 胶乳	40	HS第40章	544				none	0.0	unmapped
40029911	其他： ---其他合成橡胶： 初级形状的	其他： ---其他合成橡胶： 初级形状的	400299	其他	40	HS第40章	544	化工胶粘涂料	橡胶材料	化工胶粘涂料/橡胶材料	chemical-rubber	0.75	candidate
40029919	其他合成橡胶： 其他	其他合成橡胶： 其他	400299	其他	40	HS第40章	545	化工胶粘涂料	橡胶材料	化工胶粘涂料/橡胶材料	chemical-rubber	0.75	candidate
40029990	其他	其他	400299	其他	40	HS第40章	545				none	0.0	unmapped
40030000	再生橡胶，初级形状或板、片、 带	再生橡胶，初级形状或板、片、 带	400300	再生橡胶，初级形状或板、片、 带	40	HS第40章	545	化工胶粘涂料	橡胶材料	化工胶粘涂料/橡胶材料	chemical-rubber	0.75	candidate
40040000	橡胶（硬质橡胶的除外）的废碎 料、下脚料及其粉、粒	橡胶（硬质橡胶的除外）的废碎 料、下脚料及其粉、粒	400400	橡胶（硬质橡胶的除外）的废碎 料、下脚料及其粉、粒	40	HS第40章	545	化工胶粘涂料	橡胶材料	化工胶粘涂料/橡胶材料	chemical-rubber	0.75	candidate
40051000	与碳黑或硅石混合	与碳黑或硅石混合	400510	与碳黑或硅石混合	40	HS第40章	545				none	0.0	unmapped
40052000	溶液；子目4005.10以外的分散体	溶液；子目4005.10以外的分散体	400520	溶液；子目4005.10以外的分散体	40	HS第40章	545				none	0.0	unmapped
40059100	板、片、带	板、片、带	400591	其他： / 板、片、带	40	HS第40章	546				none	0.0	unmapped
40059900	其他	其他	400599	其他： / 其他	40	HS第40章	546				none	0.0	unmapped
40061000	轮胎翻新用胎面补料胎条	轮胎翻新用胎面补料胎条	400610	轮胎翻新用胎面补料胎条	40	HS第40章	546				none	0.0	unmapped
40069010	其他： 其他形状的未硫化橡胶	其他： 其他形状的未硫化橡胶	400690	其他	40	HS第40章	546	化工胶粘涂料	橡胶材料	化工胶粘涂料/橡胶材料	chemical-rubber	0.75	candidate
40069020	未硫化橡胶制品	未硫化橡胶制品	400690	其他	40	HS第40章	546	化工胶粘涂料	橡胶材料	化工胶粘涂料/橡胶材料	chemical-rubber	0.75	candidate
40070000	硫化橡胶线及绳	硫化橡胶线及绳	400700	硫化橡胶线及绳	40	HS第40章	546	化工胶粘涂料	橡胶材料	化工胶粘涂料/橡胶材料	chemical-rubber	0.75	candidate
40081100	板、片、带	板、片、带	400811	海绵橡胶制： / 板、片、带	40	HS第40章	547				none	0.0	unmapped
40081900	其他	其他	400819	海绵橡胶制： / 其他	40	HS第40章	547				none	0.0	unmapped
40082100	非海绵橡胶制： 板、片、带	非海绵橡胶制： 板、片、带	400821	非海绵橡胶制： / 板、片、带	40	HS第40章	547	化工胶粘涂料	橡胶材料	化工胶粘涂料/橡胶材料	chemical-rubber	0.75	candidate
40082900	其他	其他	400829	非海绵橡胶制： / 其他	40	HS第40章	547				none	0.0	unmapped
40091100	未经加强或未与其他材料合制： 未装有附件	未经加强或未与其他材料合制： 未装有附件	400911	未经加强或未与其他材料合制： / 未装有附件	40	HS第40章	547				none	0.0	unmapped
40091200	装有附件	装有附件	400912	未经加强或未与其他材料合制： / 装有附件	40	HS第40章	547				none	0.0	unmapped
40092100	未装有附件	未装有附件	400921	用金属加强或只与金属合制： / 未装有附件	40	HS第40章	548				none	0.0	unmapped
40092200	装有附件	装有附件	400922	用金属加强或只与金属合制： / 装有附件	40	HS第40章	548				none	0.0	unmapped
40093100	用纺织材料加强或只与纺织材 料合制： 未装有附件	用纺织材料加强或只与纺织材 料合制： 未装有附件	400931	用纺织材料加强或只与纺织材 料合制： / 未装有附件	40	HS第40章	548				none	0.0	unmapped
40093200	装有附件	装有附件	400932	用纺织材料加强或只与纺织材 料合制： / 装有附件	40	HS第40章	548				none	0.0	unmapped
40094100	用其他材料加强或与其他材料 合制： 未装有附件	用其他材料加强或与其他材料 合制： 未装有附件	400941	用其他材料加强或与其他材料 合制： / 未装有附件	40	HS第40章	548				none	0.0	unmapped
40094200	装有附件	装有附件	400942	用其他材料加强或与其他材料 合制： / 装有附件	40	HS第40章	549				none	0.0	unmapped
40101100	输送带及带料： 仅用金属加强的	输送带及带料： 仅用金属加强的	401011	输送带及带料： / 仅用金属加强的	40	HS第40章	549				none	0.0	unmapped
40101200	仅用纺织材料加强的	仅用纺织材料加强的	401012	输送带及带料： / 仅用纺织材料加强的	40	HS第40章	549				none	0.0	unmapped
40101900	其他	其他	401019	输送带及带料： / 其他	40	HS第40章	549				none	0.0	unmapped
40103100	传动带及带料： 梯形截面的环形传动带（三角 带），V形肋状的，外周长超过60 厘米，但不超过180厘米	传动带及带料： 梯形截面的环形传动带（三角 带），V形肋状的，外周长超过60 厘米，但不超过180厘米	401031	传动带及带料： / 梯形截面的环形传动带（三角	40	HS第40章	549				none	0.0	unmapped
40103200	梯形截面的环形传动带（三角 带），外周长超过60厘米，但不超 过180厘米，V形肋状的除外	梯形截面的环形传动带（三角 带），外周长超过60厘米，但不超 过180厘米，V形肋状的除外	401032	传动带及带料： / 梯形截面的环形传动带（三角	40	HS第40章	549				none	0.0	unmapped
40103300	梯形截面的环形传动带（三角 带），V形肋状的，外周长超过180 厘米，但不超过240厘米	梯形截面的环形传动带（三角 带），V形肋状的，外周长超过180 厘米，但不超过240厘米	401033	传动带及带料： / 梯形截面的环形传动带（三角	40	HS第40章	550				none	0.0	unmapped
40103400	梯形截面的环形传动带（三角 带），外周长超过180厘米，但不 超过240厘米，V形肋状的除外	梯形截面的环形传动带（三角 带），外周长超过180厘米，但不 超过240厘米，V形肋状的除外	401034	传动带及带料： / 梯形截面的环形传动带（三角	40	HS第40章	550				none	0.0	unmapped
40103500	环形同步带，外周长超过60厘 米，但不超过150厘米	环形同步带，外周长超过60厘 米，但不超过150厘米	401035	传动带及带料： / 环形同步带，外周长超过60厘	40	HS第40章	550				none	0.0	unmapped
40103600	环形同步带，外周长超过150厘 米，但不超过198厘米	环形同步带，外周长超过150厘 米，但不超过198厘米	401036	传动带及带料： / 环形同步带，外周长超过150厘	40	HS第40章	550				none	0.0	unmapped
40103900	其他	其他	401039	传动带及带料： / 其他	40	HS第40章	550				none	0.0	unmapped
40111000	机动小客车（包括旅行小客车及 赛车）用	机动小客车（包括旅行小客车及 赛车）用	401110	机动小客车（包括旅行小客车及	40	HS第40章	550				none	0.0	unmapped
40112000	客运机动车辆或货运机动车辆 用	客运机动车辆或货运机动车辆 用	401120	客运机动车辆或货运机动车辆	40	HS第40章	551				none	0.0	unmapped
40113000	航空器用	航空器用	401130	航空器用	40	HS第40章	551				none	0.0	unmapped
40114000	摩托车用	摩托车用	401140	摩托车用	40	HS第40章	551				none	0.0	unmapped
40115000	自行车用	自行车用	401150	自行车用	40	HS第40章	551				none	0.0	unmapped
40117010	农业或林业车辆及机器用： 人字形胎面或类似胎面	农业或林业车辆及机器用： 人字形胎面或类似胎面	401170	农业或林业车辆及机器用	40	HS第40章	551				none	0.0	unmapped
40117090	其他	其他	401170	农业或林业车辆及机器用	40	HS第40章	551				none	0.0	unmapped
40118011	人字形胎面或类似胎面： 辋圈尺寸不超过61厘米	人字形胎面或类似胎面： 辋圈尺寸不超过61厘米	401180	建筑业、采矿业或工业搬运车辆 及机器用	40	HS第40章	552				none	0.0	unmapped
40118012	人字形胎面或类似胎面： 辋圈尺寸超过61厘米	人字形胎面或类似胎面： 辋圈尺寸超过61厘米	401180	建筑业、采矿业或工业搬运车辆 及机器用	40	HS第40章	552				none	0.0	unmapped
40118091	其他： 辋圈尺寸不超过61厘米	其他： 辋圈尺寸不超过61厘米	401180	建筑业、采矿业或工业搬运车辆 及机器用	40	HS第40章	552				none	0.0	unmapped
40118092	其他： 辋圈尺寸超过61厘米	其他： 辋圈尺寸超过61厘米	401180	建筑业、采矿业或工业搬运车辆 及机器用	40	HS第40章	552				none	0.0	unmapped
40119010	其他： 人字形胎面或类似胎面的	其他： 人字形胎面或类似胎面的	401190	其他	40	HS第40章	552				none	0.0	unmapped
40119090	其他	其他	401190	其他	40	HS第40章	552				none	0.0	unmapped
40121100	机动小客车（包括旅行小客车及 赛车）用	机动小客车（包括旅行小客车及 赛车）用	401211	翻新轮胎： / 机动小客车（包括旅行小客车及	40	HS第40章	553				none	0.0	unmapped
40121200	机动大客车或货运机动车辆用	机动大客车或货运机动车辆用	401212	翻新轮胎： / 机动大客车或货运机动车辆用	40	HS第40章	553				none	0.0	unmapped
40121300	航空器用	航空器用	401213	翻新轮胎： / 航空器用	40	HS第40章	553				none	0.0	unmapped
40121900	其他	其他	401219	翻新轮胎： / 其他	40	HS第40章	553				none	0.0	unmapped
40122010	旧的充气轮胎： 汽车用	旧的充气轮胎： 汽车用	401220	旧的充气轮胎	40	HS第40章	553				none	0.0	unmapped
40122090	其他	其他	401220	旧的充气轮胎	40	HS第40章	553				none	0.0	unmapped
40129010	其他： 航空器用	其他： 航空器用	401290	其他	40	HS第40章	553				none	0.0	unmapped
40129020	汽车用	汽车用	401290	其他	40	HS第40章	554				none	0.0	unmapped
40129090	其他	其他	401290	其他	40	HS第40章	554				none	0.0	unmapped
40131000	机动小客车（包括旅行小客车及 赛车）、客运机动车辆或货运机动 车辆用	机动小客车（包括旅行小客车及 赛车）、客运机动车辆或货运机动 车辆用	401310	机动小客车（包括旅行小客车及	40	HS第40章	554				none	0.0	unmapped
40132000	自行车用	自行车用	401320	自行车用	40	HS第40章	554				none	0.0	unmapped
40139010	其他： 航空器用	其他： 航空器用	401390	其他	40	HS第40章	554				none	0.0	unmapped
40139090	其他	其他	401390	其他	40	HS第40章	554				none	0.0	unmapped
40141000	避孕套	避孕套	401410	避孕套	40	HS第40章	554				none	0.0	unmapped
40149000	其他	其他	401490	其他	40	HS第40章	555				none	0.0	unmapped
40151200	分指手套、连指手套及露指手 套： 医疗、外科、牙科或兽医用	分指手套、连指手套及露指手 套： 医疗、外科、牙科或兽医用	401512	分指手套、连指手套及露指手 套： / 医疗、外科、牙科或兽医用	40	HS第40章	555				none	0.0	unmapped
40151900	其他	其他	401519	分指手套、连指手套及露指手 套： / 其他	40	HS第40章	555				none	0.0	unmapped
40159010	其他： 医疗、外科、牙科或兽医用	其他： 医疗、外科、牙科或兽医用	401590	其他	40	HS第40章	555				none	0.0	unmapped
40159090	其他	其他	401590	其他	40	HS第40章	555				none	0.0	unmapped
40161010	海绵橡胶制： 机器及仪器用零件	海绵橡胶制： 机器及仪器用零件	401610	海绵橡胶制	40	HS第40章	555	化工胶粘涂料	橡胶材料	化工胶粘涂料/橡胶材料	chemical-rubber	0.75	candidate
40161090	其他	其他	401610	海绵橡胶制	40	HS第40章	556				none	0.0	unmapped
40169100	其他： 铺地制品及门垫	其他： 铺地制品及门垫	401691	其他： / 铺地制品及门垫	40	HS第40章	556				none	0.0	unmapped
40169200	橡皮擦	橡皮擦	401692	其他： / 橡皮擦	40	HS第40章	556				none	0.0	unmapped
40169310	垫片、垫圈及其他密封垫： 机器及仪器用	垫片、垫圈及其他密封垫： 机器及仪器用	401693	其他： / 垫片、垫圈及其他密封垫	40	HS第40章	556	紧固件与连接件	垫圈/垫片	紧固件与连接件/垫圈/垫片	fastener-washer	0.95	candidate
40169390	其他	其他	401693	其他： / 垫片、垫圈及其他密封垫	40	HS第40章	556				none	0.0	unmapped
40169400	船舶或码头的碰垫，不论是否可 充气	船舶或码头的碰垫，不论是否可 充气	401694	其他： / 船舶或码头的碰垫，不论是否可	40	HS第40章	556				none	0.0	unmapped
40169500	其他可充气制品 轨道机车用气囊升弓装置	其他可充气制品 轨道机车用气囊升弓装置	401695	其他： / 其他可充气制品	40	HS第40章	556				none	0.0	unmapped
40169910	机器及仪器用零件 奶衬	机器及仪器用零件 奶衬	401699	其他	40	HS第40章	557				none	0.0	unmapped
40169990	其他	其他	401699	其他	40	HS第40章	557				none	0.0	unmapped
40170010	各种形状的硬质橡胶，包括废 碎料	各种形状的硬质橡胶，包括废 碎料	401700	各种形状的硬质橡胶（例如纯硬 质胶），包括废碎料；硬质橡胶制 品	40	HS第40章	557	化工胶粘涂料	橡胶材料	化工胶粘涂料/橡胶材料	chemical-rubber	0.75	candidate
40170020	硬质橡胶制品	硬质橡胶制品	401700	各种形状的硬质橡胶（例如纯硬 质胶），包括废碎料；硬质橡胶制 品	40	HS第40章	557	化工胶粘涂料	橡胶材料	化工胶粘涂料/橡胶材料	chemical-rubber	0.75	candidate
41012011	未剖层的整张皮，仅经过简单干 燥处理的每张重量不超过8千克， 干盐腌的不超过10千克，鲜的、 湿盐腌的或以其他方法保藏的不 超过16千克： ---牛皮： 经退鞣处理的	未剖层的整张皮，仅经过简单干 燥处理的每张重量不超过8千克， 干盐腌的不超过10千克，鲜的、 湿盐腌的或以其他方法保藏的不 超过16千克： ---牛皮： 经退鞣处理的	410120	未剖层的整张皮，仅经过简单干 燥处理的每张重量不超过8千克， 干盐腌的不超过10千克，鲜的、 湿盐腌的或以其他方法保藏的不 超过16千克	41	HS第41章	558				none	0.0	unmapped
41012019	牛皮： 其他	牛皮： 其他	410120	未剖层的整张皮，仅经过简单干 燥处理的每张重量不超过8千克， 干盐腌的不超过10千克，鲜的、 湿盐腌的或以其他方法保藏的不 超过16千克	41	HS第41章	558				none	0.0	unmapped
41012020	马科动物皮 生驴皮	马科动物皮 生驴皮	410120	未剖层的整张皮，仅经过简单干 燥处理的每张重量不超过8千克， 干盐腌的不超过10千克，鲜的、 湿盐腌的或以其他方法保藏的不 超过16千克	41	HS第41章	558				none	0.0	unmapped
41015011	牛皮： 经退鞣处理的	牛皮： 经退鞣处理的	410150	整张皮，重量超过16千克	41	HS第41章	559				none	0.0	unmapped
41015019	牛皮： 其他	牛皮： 其他	410150	整张皮，重量超过16千克	41	HS第41章	559				none	0.0	unmapped
41015020	马科动物皮	马科动物皮	410150	整张皮，重量超过16千克	41	HS第41章	559				none	0.0	unmapped
41019011	其他，包括臀皮、背皮及腹皮： ---牛皮： 经退鞣处理的	其他，包括臀皮、背皮及腹皮： ---牛皮： 经退鞣处理的	410190	其他，包括臀皮、背皮及腹皮	41	HS第41章	559				none	0.0	unmapped
41019019	牛皮： 其他	牛皮： 其他	410190	其他，包括臀皮、背皮及腹皮	41	HS第41章	559				none	0.0	unmapped
41019020	马科动物皮	马科动物皮	410190	其他，包括臀皮、背皮及腹皮	41	HS第41章	559				none	0.0	unmapped
41021000	带毛	带毛	410210	带毛	41	HS第41章	559				none	0.0	unmapped
41022110	经退鞣处理的	经退鞣处理的	410221	不带毛： / 浸酸的	41	HS第41章	560				none	0.0	unmapped
41022190	其他	其他	410221	不带毛： / 浸酸的	41	HS第41章	560				none	0.0	unmapped
41022910	其他： 经退鞣处理的	其他： 经退鞣处理的	410229	不带毛： / 其他	41	HS第41章	560				none	0.0	unmapped
41022990	其他	其他	410229	不带毛： / 其他	41	HS第41章	560				none	0.0	unmapped
41032000	爬行动物皮	爬行动物皮	410320	爬行动物皮	41	HS第41章	560				none	0.0	unmapped
41033000	猪皮	猪皮	410330	猪皮	41	HS第41章	561				none	0.0	unmapped
41039011	其他： ---山羊板皮： 经退鞣处理的	其他： ---山羊板皮： 经退鞣处理的	410390	其他	41	HS第41章	561				none	0.0	unmapped
41039019	山羊板皮： 其他	山羊板皮： 其他	410390	其他	41	HS第41章	561				none	0.0	unmapped
41039021	其他山羊或小山羊皮： 经退鞣处理的	其他山羊或小山羊皮： 经退鞣处理的	410390	其他	41	HS第41章	561				none	0.0	unmapped
41039029	其他山羊或小山羊皮： 其他	其他山羊或小山羊皮： 其他	410390	其他	41	HS第41章	561				none	0.0	unmapped
41039090	其他	其他	410390	其他	41	HS第41章	561				none	0.0	unmapped
41041111	牛皮： 蓝湿的	牛皮： 蓝湿的	410411	湿革（包括蓝湿皮）： / 全粒面未剖层革；粒面剖层革	41	HS第41章	562				none	0.0	unmapped
41041119	牛皮： 其他	牛皮： 其他	410411	湿革（包括蓝湿皮）： / 全粒面未剖层革；粒面剖层革	41	HS第41章	562				none	0.0	unmapped
41041120	马科动物皮	马科动物皮	410411	湿革（包括蓝湿皮）： / 全粒面未剖层革；粒面剖层革	41	HS第41章	562				none	0.0	unmapped
41041911	其他： ---牛皮： 蓝湿的	其他： ---牛皮： 蓝湿的	410419	湿革（包括蓝湿皮）： / 其他	41	HS第41章	562				none	0.0	unmapped
41041919	牛皮： 其他	牛皮： 其他	410419	湿革（包括蓝湿皮）： / 其他	41	HS第41章	562				none	0.0	unmapped
41041920	马科动物皮	马科动物皮	410419	湿革（包括蓝湿皮）： / 其他	41	HS第41章	562				none	0.0	unmapped
41044100	干革（坯革）： 全粒面未剖层革；粒面剖层革	干革（坯革）： 全粒面未剖层革；粒面剖层革	410441	干革（坯革）： / 全粒面未剖层革；粒面剖层革	41	HS第41章	562				none	0.0	unmapped
41044910	机器带用牛、马皮革	机器带用牛、马皮革	410449	干革（坯革）： / 其他	41	HS第41章	563				none	0.0	unmapped
41044990	其他	其他	410449	干革（坯革）： / 其他	41	HS第41章	563				none	0.0	unmapped
41051010	湿革（包括蓝湿皮）： 蓝湿的 14∆10	湿革（包括蓝湿皮）： 蓝湿的 14∆10	410510	湿革（包括蓝湿皮）	41	HS第41章	563				none	0.0	unmapped
41051090	其他	其他	410510	湿革（包括蓝湿皮）	41	HS第41章	563				none	0.0	unmapped
41053000	干革（坯革）	干革（坯革）	410530	干革（坯革）	41	HS第41章	563				none	0.0	unmapped
41062100	湿革（包括蓝湿皮） 蓝湿山羊皮	湿革（包括蓝湿皮） 蓝湿山羊皮	410621	山羊或小山羊的： / 湿革（包括蓝湿皮）	41	HS第41章	564				none	0.0	unmapped
41062200	干革（坯革）	干革（坯革）	410622	山羊或小山羊的： / 干革（坯革）	41	HS第41章	564				none	0.0	unmapped
41063110	猪的： --湿革（包括蓝湿皮）： 蓝湿的 14∆10	猪的： --湿革（包括蓝湿皮）： 蓝湿的 14∆10	410631	猪的： / 湿革（包括蓝湿皮）	41	HS第41章	564				none	0.0	unmapped
41063190	其他	其他	410631	猪的： / 湿革（包括蓝湿皮）	41	HS第41章	564				none	0.0	unmapped
41063200	干革（坯革）	干革（坯革）	410632	猪的： / 干革（坯革）	41	HS第41章	564				none	0.0	unmapped
41064000	爬行动物的	爬行动物的	410640	爬行动物的	41	HS第41章	565				none	0.0	unmapped
41069100	其他： 湿革（包括蓝湿皮）	其他： 湿革（包括蓝湿皮）	410691	其他： / 湿革（包括蓝湿皮）	41	HS第41章	565				none	0.0	unmapped
41069200	干革（坯革）	干革（坯革）	410692	其他： / 干革（坯革）	41	HS第41章	565				none	0.0	unmapped
41071110	整张的： --全粒面未剖层革： 牛皮	整张的： --全粒面未剖层革： 牛皮	410711	整张的： / 全粒面未剖层革	41	HS第41章	565				none	0.0	unmapped
41071120	马科动物皮	马科动物皮	410711	整张的： / 全粒面未剖层革	41	HS第41章	565				none	0.0	unmapped
41071210	粒面剖层革： 牛皮	粒面剖层革： 牛皮	410712	整张的： / 粒面剖层革	41	HS第41章	565				none	0.0	unmapped
41071220	马科动物皮	马科动物皮	410712	整张的： / 粒面剖层革	41	HS第41章	566				none	0.0	unmapped
41071910	其他： 机器带用	其他： 机器带用	410719	整张的： / 其他	41	HS第41章	566				none	0.0	unmapped
41071990	其他	其他	410719	整张的： / 其他	41	HS第41章	566				none	0.0	unmapped
41079100	其他，包括半张的： 全粒面未剖层革	其他，包括半张的： 全粒面未剖层革	410791	其他，包括半张的： / 全粒面未剖层革	41	HS第41章	566				none	0.0	unmapped
41079200	粒面剖层革	粒面剖层革	410792	其他，包括半张的： / 粒面剖层革	41	HS第41章	566				none	0.0	unmapped
41079910	其他： 机器带用	其他： 机器带用	410799	其他，包括半张的： / 其他	41	HS第41章	566				none	0.0	unmapped
41079990	其他	其他	410799	其他，包括半张的： / 其他	41	HS第41章	566				none	0.0	unmapped
41120000	经鞣制或半硝处理后进一步加工 的不带毛的绵羊或羔羊皮革，包 括羊皮纸化处理的，不论是否剖 层，但税目41.14的皮革除外	经鞣制或半硝处理后进一步加工 的不带毛的绵羊或羔羊皮革，包 括羊皮纸化处理的，不论是否剖 层，但税目41.14的皮革除外	411200	经鞣制或半硝处理后进一步加工 的不带毛的绵羊或羔羊皮革，包 括羊皮纸化处理的，不论是否剖 层，但税目41.14的皮革除外	41	HS第41章	567				none	0.0	unmapped
41131000	山羊或小山羊皮的	山羊或小山羊皮的	411310	山羊或小山羊皮的	41	HS第41章	567				none	0.0	unmapped
41132000	猪皮的	猪皮的	411320	猪皮的	41	HS第41章	567				none	0.0	unmapped
41133000	爬行动物皮的	爬行动物皮的	411330	爬行动物皮的	41	HS第41章	567				none	0.0	unmapped
41139000	其他	其他	411390	其他	41	HS第41章	567				none	0.0	unmapped
41141000	油鞣皮革（包括结合鞣制的油鞣 皮革）	油鞣皮革（包括结合鞣制的油鞣 皮革）	411410	油鞣皮革（包括结合鞣制的油鞣	41	HS第41章	568				none	0.0	unmapped
41142000	漆皮及层压漆皮；镀金属皮革	漆皮及层压漆皮；镀金属皮革	411420	漆皮及层压漆皮；镀金属皮革	41	HS第41章	568				none	0.0	unmapped
41151000	以皮革或皮革纤维为基本成分 的再生皮革，成块、成张或成条， 不论是否成卷	以皮革或皮革纤维为基本成分 的再生皮革，成块、成张或成条， 不论是否成卷	411510	以皮革或皮革纤维为基本成分	41	HS第41章	568				none	0.0	unmapped
41152000	皮革或再生皮革的边角废料，不 适宜作皮革制品用；皮革粉末	皮革或再生皮革的边角废料，不 适宜作皮革制品用；皮革粉末	411520	皮革或再生皮革的边角废料，不	41	HS第41章	568				none	0.0	unmapped
42010000	各种材料制成的鞍具及挽具（包 括缰绳、挽绳、护膝垫、口套、 鞍褥、马褡裢、狗外套及类似品）， 适合各种动物用	各种材料制成的鞍具及挽具（包 括缰绳、挽绳、护膝垫、口套、 鞍褥、马褡裢、狗外套及类似品）， 适合各种动物用	420100	各种材料制成的鞍具及挽具（包 括缰绳、挽绳、护膝垫、口套、 鞍褥、马褡裢、狗外套及类似品）， 适合各种动物用	42	HS第42章	569				none	0.0	unmapped
42021110	衣箱、提箱、小手袋、公文箱、 公文包、书包及类似容器： --以皮革或再生皮革作面： 衣箱	衣箱、提箱、小手袋、公文箱、 公文包、书包及类似容器： --以皮革或再生皮革作面： 衣箱	420211	衣箱、提箱、小手袋、公文箱、 公文包、书包及类似容器： / 以皮革或再生皮革作面	42	HS第42章	570				none	0.0	unmapped
42021190	其他	其他	420211	衣箱、提箱、小手袋、公文箱、 公文包、书包及类似容器： / 以皮革或再生皮革作面	42	HS第42章	570				none	0.0	unmapped
42021210	以塑料或纺织材料作面： 衣箱	以塑料或纺织材料作面： 衣箱	420212	衣箱、提箱、小手袋、公文箱、 公文包、书包及类似容器： / 以塑料或纺织材料作面	42	HS第42章	570				none	0.0	unmapped
42021290	其他	其他	420212	衣箱、提箱、小手袋、公文箱、 公文包、书包及类似容器： / 以塑料或纺织材料作面	42	HS第42章	571				none	0.0	unmapped
42021900	其他	其他	420219	衣箱、提箱、小手袋、公文箱、 公文包、书包及类似容器： / 其他	42	HS第42章	571				none	0.0	unmapped
42022100	手提包，不论是否有背带，包括 无把手的： 以皮革或再生皮革作面	手提包，不论是否有背带，包括 无把手的： 以皮革或再生皮革作面	420221	手提包，不论是否有背带，包括 无把手的： / 以皮革或再生皮革作面	42	HS第42章	571				none	0.0	unmapped
42022200	以塑料片或纺织材料作面	以塑料片或纺织材料作面	420222	手提包，不论是否有背带，包括 无把手的： / 以塑料片或纺织材料作面	42	HS第42章	571				none	0.0	unmapped
42022900	其他	其他	420229	手提包，不论是否有背带，包括 无把手的： / 其他	42	HS第42章	571				none	0.0	unmapped
42023100	以皮革或再生皮革作面	以皮革或再生皮革作面	420231	通常置于口袋或手提包内的物 品： / 以皮革或再生皮革作面	42	HS第42章	572				none	0.0	unmapped
42023200	以塑料片或纺织材料作面	以塑料片或纺织材料作面	420232	通常置于口袋或手提包内的物 品： / 以塑料片或纺织材料作面	42	HS第42章	572				none	0.0	unmapped
42023900	其他	其他	420239	通常置于口袋或手提包内的物 品： / 其他	42	HS第42章	572				none	0.0	unmapped
42029100	其他： 以皮革或再生皮革作面	其他： 以皮革或再生皮革作面	420291	其他： / 以皮革或再生皮革作面	42	HS第42章	572				none	0.0	unmapped
42029200	以塑料片或纺织材料作面	以塑料片或纺织材料作面	420292	其他： / 以塑料片或纺织材料作面	42	HS第42章	572				none	0.0	unmapped
42029900	其他	其他	420299	其他： / 其他	42	HS第42章	573				none	0.0	unmapped
42031000	衣服	衣服	420310	衣服	42	HS第42章	573				none	0.0	unmapped
42032100	手套，包括连指或露指的： 专供运动用	手套，包括连指或露指的： 专供运动用	420321	手套，包括连指或露指的： / 专供运动用	42	HS第42章	573				none	0.0	unmapped
42032910	其他： 劳保手套	其他： 劳保手套	420329	手套，包括连指或露指的： / 其他	42	HS第42章	573				none	0.0	unmapped
42032990	其他	其他	420329	手套，包括连指或露指的： / 其他	42	HS第42章	573				none	0.0	unmapped
42033010	腰带	腰带	420330	腰带及子弹带	42	HS第42章	574				none	0.0	unmapped
42033020	子弹带	子弹带	420330	腰带及子弹带	42	HS第42章	574				none	0.0	unmapped
42034000	其他衣着附件	其他衣着附件	420340	其他衣着附件	42	HS第42章	574				none	0.0	unmapped
42050010	座套	座套	420500	皮革或再生皮革的其他制品	42	HS第42章	574				none	0.0	unmapped
42050020	机器、机械器具或其他专门技 术用途的	机器、机械器具或其他专门技 术用途的	420500	皮革或再生皮革的其他制品	42	HS第42章	574				none	0.0	unmapped
42050090	其他	其他	420500	皮革或再生皮革的其他制品	42	HS第42章	574				none	0.0	unmapped
42060000	肠线（蚕胶丝除外）、肠膜、膀胱 或筋腱制品	肠线（蚕胶丝除外）、肠膜、膀胱 或筋腱制品	420600	肠线（蚕胶丝除外）、肠膜、膀胱 或筋腱制品	42	HS第42章	575				none	0.0	unmapped
43011000	整张水貂皮，不论是否带头、尾 15∆10 或爪	整张水貂皮，不论是否带头、尾 15∆10 或爪	430110	整张水貂皮，不论是否带头、尾 15∆10	43	HS第43章	576				none	0.0	unmapped
43013000	下列羔羊的整张毛皮，不论是否 带头、尾或爪：阿斯特拉罕羔羊、 大尾羔羊、卡拉库尔羔羊、波斯 羔羊及类似羔羊，印度、中国或 蒙古羔羊	下列羔羊的整张毛皮，不论是否 带头、尾或爪：阿斯特拉罕羔羊、 大尾羔羊、卡拉库尔羔羊、波斯 羔羊及类似羔羊，印度、中国或 蒙古羔羊	430130	下列羔羊的整张毛皮，不论是否	43	HS第43章	576				none	0.0	unmapped
43016000	整张狐皮，不论是否带头、尾或 20∆10 爪	整张狐皮，不论是否带头、尾或 20∆10 爪	430160	整张狐皮，不论是否带头、尾或 20∆10	43	HS第43章	576				none	0.0	unmapped
43018010	整张兔皮，不论是否带头、尾 或爪	整张兔皮，不论是否带头、尾 或爪	430180	整张的其他毛皮，不论是否带 头、尾或爪	43	HS第43章	577				none	0.0	unmapped
43018090	其他 20∆10	其他 20∆10	430180	整张的其他毛皮，不论是否带 头、尾或爪	43	HS第43章	577				none	0.0	unmapped
43019010	适合加工皮货用的头、尾、爪及 其他块、片： 黄鼠狼尾	适合加工皮货用的头、尾、爪及 其他块、片： 黄鼠狼尾	430190	适合加工皮货用的头、尾、爪及 其他块、片	43	HS第43章	577				none	0.0	unmapped
43019090	其他	其他	430190	适合加工皮货用的头、尾、爪及 其他块、片	43	HS第43章	577				none	0.0	unmapped
43021100	未缝制的整张毛皮，不论是否带 头、尾或爪： 水貂皮	未缝制的整张毛皮，不论是否带 头、尾或爪： 水貂皮	430211	未缝制的整张毛皮，不论是否带 头、尾或爪： / 水貂皮	43	HS第43章	577				none	0.0	unmapped
43021910	灰鼠皮、白鼬皮、其他貂皮、 狐皮、水獭皮、旱獭皮及猞猁皮	灰鼠皮、白鼬皮、其他貂皮、 狐皮、水獭皮、旱獭皮及猞猁皮	430219	未缝制的整张毛皮，不论是否带 头、尾或爪： / 其他	43	HS第43章	578				none	0.0	unmapped
43021920	兔皮	兔皮	430219	未缝制的整张毛皮，不论是否带 头、尾或爪： / 其他	43	HS第43章	578				none	0.0	unmapped
43021930	下列羔羊皮：阿斯特拉罕羔羊、 大尾羔羊、卡拉库尔羔羊、波斯 羔羊及类似羔羊，印度、中国或 蒙古羔羊	下列羔羊皮：阿斯特拉罕羔羊、 大尾羔羊、卡拉库尔羔羊、波斯 羔羊及类似羔羊，印度、中国或 蒙古羔羊	430219	未缝制的整张毛皮，不论是否带 头、尾或爪： / 其他	43	HS第43章	578				none	0.0	unmapped
43021990	其他	其他	430219	未缝制的整张毛皮，不论是否带 头、尾或爪： / 其他	43	HS第43章	578				none	0.0	unmapped
43022000	未缝制的头、尾、爪及其他块、 片	未缝制的头、尾、爪及其他块、 片	430220	未缝制的头、尾、爪及其他块、	43	HS第43章	578				none	0.0	unmapped
43023010	已缝制的整张毛皮及其块、片： 灰鼠、白鼬、貂、狐、水獭、 旱獭及猞猁的整张毛皮及其块、 片	已缝制的整张毛皮及其块、片： 灰鼠、白鼬、貂、狐、水獭、 旱獭及猞猁的整张毛皮及其块、 片	430230	已缝制的整张毛皮及其块、片	43	HS第43章	578				none	0.0	unmapped
43023090	其他	其他	430230	已缝制的整张毛皮及其块、片	43	HS第43章	579				none	0.0	unmapped
43031010	衣服及衣着附件： 毛皮衣服	衣服及衣着附件： 毛皮衣服	430310	衣服及衣着附件	43	HS第43章	579				none	0.0	unmapped
43031020	毛皮衣着附件	毛皮衣着附件	430310	衣服及衣着附件	43	HS第43章	579				none	0.0	unmapped
43039000	其他	其他	430390	其他	43	HS第43章	579				none	0.0	unmapped
43040010	人造毛皮	人造毛皮	430400	人造毛皮及其制品	43	HS第43章	579				none	0.0	unmapped
43040020	人造毛皮制品	人造毛皮制品	430400	人造毛皮及其制品	43	HS第43章	580				none	0.0	unmapped
44011100	薪柴（圆木段、块、枝、成捆或 类似形状）： 针叶木	薪柴（圆木段、块、枝、成捆或 类似形状）： 针叶木	440111	薪柴（圆木段、块、枝、成捆或 类似形状）： / 针叶木	44	HS第44章	582				none	0.0	unmapped
44011200	非针叶木	非针叶木	440112	薪柴（圆木段、块、枝、成捆或 类似形状）： / 非针叶木	44	HS第44章	582				none	0.0	unmapped
44012100	木片或木粒： 针叶木	木片或木粒： 针叶木	440121	木片或木粒： / 针叶木	44	HS第44章	582				none	0.0	unmapped
44012200	非针叶木	非针叶木	440122	木片或木粒： / 非针叶木	44	HS第44章	582				none	0.0	unmapped
44013100	锯末、木废料及碎片，粘结成圆 木段、块、片或类似形状： 木屑棒	锯末、木废料及碎片，粘结成圆 木段、块、片或类似形状： 木屑棒	440131	锯末、木废料及碎片，粘结成圆 木段、块、片或类似形状： / 木屑棒	44	HS第44章	582				none	0.0	unmapped
44013200	木屑块	木屑块	440132	锯末、木废料及碎片，粘结成圆 木段、块、片或类似形状： / 木屑块	44	HS第44章	582				none	0.0	unmapped
44013900	其他	其他	440139	锯末、木废料及碎片，粘结成圆 木段、块、片或类似形状： / 其他	44	HS第44章	583				none	0.0	unmapped
44014100	锯末、木废料及碎片，未粘结的： 锯末	锯末、木废料及碎片，未粘结的： 锯末	440141	锯末、木废料及碎片，未粘结的： / 锯末	44	HS第44章	583				none	0.0	unmapped
44014900	其他	其他	440149	锯末、木废料及碎片，未粘结的： / 其他	44	HS第44章	583				none	0.0	unmapped
44021000	竹的	竹的	440210	竹的	44	HS第44章	583				none	0.0	unmapped
44022000	果壳的或果核的	果壳的或果核的	440220	果壳的或果核的	44	HS第44章	583				none	0.0	unmapped
44029000	其他	其他	440290	其他	44	HS第44章	583				none	0.0	unmapped
44031100	用油漆、着色剂、杂酚油或其他 防腐剂处理： 针叶木	用油漆、着色剂、杂酚油或其他 防腐剂处理： 针叶木	440311	用油漆、着色剂、杂酚油或其他 防腐剂处理： / 针叶木	44	HS第44章	583				none	0.0	unmapped
44031200	非针叶木	非针叶木	440312	用油漆、着色剂、杂酚油或其他 防腐剂处理： / 非针叶木	44	HS第44章	583				none	0.0	unmapped
44032110	红松和樟子松	红松和樟子松	440321	其他，针叶木： / 松木（松属），最小截面尺寸在 15厘米及以上	44	HS第44章	584				none	0.0	unmapped
44032120	辐射松	辐射松	440321	其他，针叶木： / 松木（松属），最小截面尺寸在 15厘米及以上	44	HS第44章	584				none	0.0	unmapped
44032190	其他	其他	440321	其他，针叶木： / 松木（松属），最小截面尺寸在 15厘米及以上	44	HS第44章	584				none	0.0	unmapped
44032210	其他松木（松属）： 红松和樟子松	其他松木（松属）： 红松和樟子松	440322	其他，针叶木： / 其他松木（松属）	44	HS第44章	584				none	0.0	unmapped
44032220	辐射松	辐射松	440322	其他，针叶木： / 其他松木（松属）	44	HS第44章	584				none	0.0	unmapped
44032290	其他	其他	440322	其他，针叶木： / 其他松木（松属）	44	HS第44章	584				none	0.0	unmapped
44032300	冷杉和云杉，最小截面尺寸在15 厘米及以上	冷杉和云杉，最小截面尺寸在15 厘米及以上	440323	其他，针叶木： / 冷杉和云杉，最小截面尺寸在15	44	HS第44章	584				none	0.0	unmapped
44032400	其他冷杉和云杉	其他冷杉和云杉	440324	其他，针叶木： / 其他冷杉和云杉	44	HS第44章	584				none	0.0	unmapped
44032510	其他，最小截面尺寸在15厘米及 以上： 落叶松	其他，最小截面尺寸在15厘米及 以上： 落叶松	440325	其他，针叶木： / 其他，最小截面尺寸在15厘米及 以上	44	HS第44章	584				none	0.0	unmapped
44032520	花旗松	花旗松	440325	其他，针叶木： / 其他，最小截面尺寸在15厘米及 以上	44	HS第44章	584				none	0.0	unmapped
44032590	其他	其他	440325	其他，针叶木： / 其他，最小截面尺寸在15厘米及 以上	44	HS第44章	585				none	0.0	unmapped
44032610	其他： 落叶松	其他： 落叶松	440326	其他，针叶木： / 其他	44	HS第44章	585				none	0.0	unmapped
44032620	花旗松	花旗松	440326	其他，针叶木： / 其他	44	HS第44章	585				none	0.0	unmapped
44032690	其他	其他	440326	其他，针叶木： / 其他	44	HS第44章	585				none	0.0	unmapped
44034100	其他，热带木： 深红色红柳桉木、浅红色红柳桉 木及巴栲红柳桉木	其他，热带木： 深红色红柳桉木、浅红色红柳桉 木及巴栲红柳桉木	440341	其他，热带木： / 深红色红柳桉木、浅红色红柳桉	44	HS第44章	585				none	0.0	unmapped
44034200	柚木	柚木	440342	其他，热带木： / 柚木	44	HS第44章	585				none	0.0	unmapped
44034920	其他： 奥克曼（奥克榄）	其他： 奥克曼（奥克榄）	440349	其他，热带木： / 其他	44	HS第44章	585				none	0.0	unmapped
44034930	龙脑香木（克隆）	龙脑香木（克隆）	440349	其他，热带木： / 其他	44	HS第44章	585				none	0.0	unmapped
44034940	山樟（香木）	山樟（香木）	440349	其他，热带木： / 其他	44	HS第44章	585				none	0.0	unmapped
44034950	印加木（波罗格）	印加木（波罗格）	440349	其他，热带木： / 其他	44	HS第44章	585				none	0.0	unmapped
44034960	大干巴豆（门格里斯或康派斯）	大干巴豆（门格里斯或康派斯）	440349	其他，热带木： / 其他	44	HS第44章	586				none	0.0	unmapped
44034970	异翅香木	异翅香木	440349	其他，热带木： / 其他	44	HS第44章	586				none	0.0	unmapped
44034980	红木	红木	440349	其他，热带木： / 其他	44	HS第44章	586				none	0.0	unmapped
44034990	其他	其他	440349	其他，热带木： / 其他	44	HS第44章	586				none	0.0	unmapped
44039100	其他： 栎木（橡木）	其他： 栎木（橡木）	440391	其他： / 栎木（橡木）	44	HS第44章	586				none	0.0	unmapped
44039300	水青冈木（山毛榉木），最小截 面尺寸在15厘米及以上	水青冈木（山毛榉木），最小截 面尺寸在15厘米及以上	440393	其他： / 水青冈木（山毛榉木），最小截	44	HS第44章	586				none	0.0	unmapped
44039400	其他水青冈木（山毛榉木）	其他水青冈木（山毛榉木）	440394	其他： / 其他水青冈木（山毛榉木）	44	HS第44章	586				none	0.0	unmapped
44039500	桦木，最小截面尺寸在15厘米及 以上	桦木，最小截面尺寸在15厘米及 以上	440395	其他： / 桦木，最小截面尺寸在15厘米及	44	HS第44章	586				none	0.0	unmapped
44039600	其他桦木	其他桦木	440396	其他： / 其他桦木	44	HS第44章	586				none	0.0	unmapped
44039700	杨木	杨木	440397	其他： / 杨木	44	HS第44章	586				none	0.0	unmapped
44039800	桉木	桉木	440398	其他： / 桉木	44	HS第44章	586				none	0.0	unmapped
44039930	红木，但税号4403.4980所列热 带红木除外	红木，但税号4403.4980所列热 带红木除外	440399	其他： / 桉木	44	HS第44章	587				none	0.0	unmapped
44039940	泡桐木	泡桐木	440399	其他： / 桉木	44	HS第44章	587				none	0.0	unmapped
44039950	水曲柳	水曲柳	440399	其他： / 桉木	44	HS第44章	587				none	0.0	unmapped
44039960	北美硬阔叶木	北美硬阔叶木	440399	其他： / 桉木	44	HS第44章	587				none	0.0	unmapped
44039980	其他未列名的温带非针叶木	其他未列名的温带非针叶木	440399	其他： / 桉木	44	HS第44章	587				none	0.0	unmapped
44039990	其他	其他	440399	其他： / 桉木	44	HS第44章	587				none	0.0	unmapped
44041000	针叶木的	针叶木的	440410	针叶木的	44	HS第44章	587				none	0.0	unmapped
44042000	非针叶木的	非针叶木的	440420	非针叶木的	44	HS第44章	587				none	0.0	unmapped
44050000	木丝；木粉	木丝；木粉	440500	木丝；木粉	44	HS第44章	587				none	0.0	unmapped
44061100	针叶木	针叶木	440611	未浸渍： / 针叶木	44	HS第44章	588				none	0.0	unmapped
44061200	非针叶木	非针叶木	440612	未浸渍： / 非针叶木	44	HS第44章	588				none	0.0	unmapped
44069100	其他： 针叶木	其他： 针叶木	440691	其他： / 针叶木	44	HS第44章	588				none	0.0	unmapped
44069200	非针叶木	非针叶木	440692	其他： / 非针叶木	44	HS第44章	588				none	0.0	unmapped
44071110	针叶木： --松木（松属）： 红松和樟子松	针叶木： --松木（松属）： 红松和樟子松	440711	针叶木： / 松木（松属）	44	HS第44章	588				none	0.0	unmapped
44071120	辐射松	辐射松	440711	针叶木： / 松木（松属）	44	HS第44章	588				none	0.0	unmapped
44071190	其他	其他	440711	针叶木： / 松木（松属）	44	HS第44章	588				none	0.0	unmapped
44071200	冷杉及云杉	冷杉及云杉	440712	针叶木： / 冷杉及云杉	44	HS第44章	588				none	0.0	unmapped
44071300	云杉-松木-冷杉	云杉-松木-冷杉	440713	针叶木： / 云杉-松木-冷杉	44	HS第44章	588				none	0.0	unmapped
44071400	铁杉-冷杉	铁杉-冷杉	440714	针叶木： / 铁杉-冷杉	44	HS第44章	588				none	0.0	unmapped
44071910	花旗松	花旗松	440719	针叶木： / 铁杉-冷杉	44	HS第44章	589				none	0.0	unmapped
44071990	其他	其他	440719	针叶木： / 铁杉-冷杉	44	HS第44章	589				none	0.0	unmapped
44072100	热带木： 美洲桃花心木	热带木： 美洲桃花心木	440721	热带木： / 美洲桃花心木	44	HS第44章	589				none	0.0	unmapped
44072200	苏里南肉豆蔻木、细孔绿心樟及 美洲轻木	苏里南肉豆蔻木、细孔绿心樟及 美洲轻木	440722	热带木： / 苏里南肉豆蔻木、细孔绿心樟及	44	HS第44章	589				none	0.0	unmapped
44072300	柚木	柚木	440723	热带木： / 柚木	44	HS第44章	589				none	0.0	unmapped
44072500	深红色红柳桉木、浅红色红柳桉 木及巴栲红柳桉木	深红色红柳桉木、浅红色红柳桉 木及巴栲红柳桉木	440725	热带木： / 深红色红柳桉木、浅红色红柳桉	44	HS第44章	589				none	0.0	unmapped
44072600	白柳桉木、白色红柳桉木、白色 柳桉木、黄色红柳桉木及阿兰木	白柳桉木、白色红柳桉木、白色 柳桉木、黄色红柳桉木及阿兰木	440726	热带木： / 白柳桉木、白色红柳桉木、白色	44	HS第44章	589				none	0.0	unmapped
44072700	沙比利	沙比利	440727	热带木： / 沙比利	44	HS第44章	589				none	0.0	unmapped
44072800	伊罗科木	伊罗科木	440728	热带木： / 伊罗科木	44	HS第44章	589				none	0.0	unmapped
44072920	其他： 非洲桃花心木	其他： 非洲桃花心木	440729	热带木： / 其他	44	HS第44章	589				none	0.0	unmapped
44072930	波罗格	波罗格	440729	热带木： / 其他	44	HS第44章	590				none	0.0	unmapped
44072940	红木	红木	440729	热带木： / 其他	44	HS第44章	590				none	0.0	unmapped
44072990	其他	其他	440729	热带木： / 其他	44	HS第44章	590				none	0.0	unmapped
44079100	其他： 栎木（橡木）	其他： 栎木（橡木）	440791	其他： / 栎木（橡木）	44	HS第44章	590				none	0.0	unmapped
44079200	水青冈木（山毛榉木）	水青冈木（山毛榉木）	440792	其他： / 水青冈木（山毛榉木）	44	HS第44章	590				none	0.0	unmapped
44079300	槭木（枫木）	槭木（枫木）	440793	其他： / 槭木（枫木）	44	HS第44章	590				none	0.0	unmapped
44079400	樱桃木	樱桃木	440794	其他： / 樱桃木	44	HS第44章	590				none	0.0	unmapped
44079500	白蜡木	白蜡木	440795	其他： / 白蜡木	44	HS第44章	590				none	0.0	unmapped
44079600	桦木	桦木	440796	其他： / 桦木	44	HS第44章	590				none	0.0	unmapped
44079700	杨木	杨木	440797	其他： / 杨木	44	HS第44章	590				none	0.0	unmapped
44079910	其他： 红木，但税号4407.2940所列热 带红木除外	其他： 红木，但税号4407.2940所列热 带红木除外	440799	其他	44	HS第44章	590				none	0.0	unmapped
44079920	泡桐木	泡桐木	440799	其他	44	HS第44章	591				none	0.0	unmapped
44079930	北美硬阔叶木	北美硬阔叶木	440799	其他	44	HS第44章	591				none	0.0	unmapped
44079980	其他未列名的温带非针叶木	其他未列名的温带非针叶木	440799	其他	44	HS第44章	591				none	0.0	unmapped
44079990	其他	其他	440799	其他	44	HS第44章	591				none	0.0	unmapped
44081011	针叶木： ---饰面用单板： 用胶合板等多层板制的	针叶木： ---饰面用单板： 用胶合板等多层板制的	440810	针叶木	44	HS第44章	591				none	0.0	unmapped
44081019	饰面用单板： 其他	饰面用单板： 其他	440810	针叶木	44	HS第44章	591				none	0.0	unmapped
44081020	制胶合板用单板	制胶合板用单板	440810	针叶木	44	HS第44章	591				none	0.0	unmapped
44081090	其他	其他	440810	针叶木	44	HS第44章	591				none	0.0	unmapped
44083111	饰面用单板： 用胶合板等多层板制的	饰面用单板： 用胶合板等多层板制的	440831	热带木： / 深红色红柳桉木、浅红色红柳桉 木及巴栲红柳桉木	44	HS第44章	592				none	0.0	unmapped
44083119	饰面用单板： 其他	饰面用单板： 其他	440831	热带木： / 深红色红柳桉木、浅红色红柳桉 木及巴栲红柳桉木	44	HS第44章	592				none	0.0	unmapped
44083120	制胶合板用单板	制胶合板用单板	440831	热带木： / 深红色红柳桉木、浅红色红柳桉 木及巴栲红柳桉木	44	HS第44章	592				none	0.0	unmapped
44083190	其他	其他	440831	热带木： / 深红色红柳桉木、浅红色红柳桉 木及巴栲红柳桉木	44	HS第44章	592				none	0.0	unmapped
44083911	其他： ---饰面用单板： 用胶合板等多层板制的	其他： ---饰面用单板： 用胶合板等多层板制的	440839	热带木： / 其他	44	HS第44章	592				none	0.0	unmapped
44083919	饰面用单板： 其他	饰面用单板： 其他	440839	热带木： / 其他	44	HS第44章	592				none	0.0	unmapped
44083920	制胶合板用单板	制胶合板用单板	440839	热带木： / 其他	44	HS第44章	592				none	0.0	unmapped
44083990	其他	其他	440839	热带木： / 其他	44	HS第44章	592				none	0.0	unmapped
44089011	饰面用单板： 用胶合板等多层板制的	饰面用单板： 用胶合板等多层板制的	440890	其他	44	HS第44章	593				none	0.0	unmapped
44089012	饰面用单板： 温带非针叶木制	饰面用单板： 温带非针叶木制	440890	其他	44	HS第44章	593				none	0.0	unmapped
44089013	饰面用单板： 竹制	饰面用单板： 竹制	440890	其他	44	HS第44章	593				none	0.0	unmapped
44089019	饰面用单板： 其他	饰面用单板： 其他	440890	其他	44	HS第44章	593				none	0.0	unmapped
44089021	制胶合板用单板： 温带非针叶木制	制胶合板用单板： 温带非针叶木制	440890	其他	44	HS第44章	593				none	0.0	unmapped
44089029	制胶合板用单板： 其他	制胶合板用单板： 其他	440890	其他	44	HS第44章	593				none	0.0	unmapped
44089091	其他： 温带非针叶木制	其他： 温带非针叶木制	440890	其他	44	HS第44章	593				none	0.0	unmapped
44089099	其他： 其他	其他： 其他	440890	其他	44	HS第44章	593				none	0.0	unmapped
44091010	针叶木： 地板条（块）	针叶木： 地板条（块）	440910	针叶木	44	HS第44章	594				none	0.0	unmapped
44091090	其他	其他	440910	针叶木	44	HS第44章	594				none	0.0	unmapped
44092110	非针叶木： --竹的： 地板条（块）	非针叶木： --竹的： 地板条（块）	440921	非针叶木： / 竹的	44	HS第44章	594				none	0.0	unmapped
44092190	其他	其他	440921	非针叶木： / 竹的	44	HS第44章	594				none	0.0	unmapped
44092210	热带木的： 地板条（块）	热带木的： 地板条（块）	440922	非针叶木： / 热带木的	44	HS第44章	594				none	0.0	unmapped
44092290	其他	其他	440922	非针叶木： / 热带木的	44	HS第44章	594				none	0.0	unmapped
44092910	其他： 地板条（块）	其他： 地板条（块）	440929	非针叶木： / 其他	44	HS第44章	594				none	0.0	unmapped
44092990	其他	其他	440929	非针叶木： / 其他	44	HS第44章	595				none	0.0	unmapped
44101100	木制： 碎料板	木制： 碎料板	441011	木制： / 碎料板	44	HS第44章	595				none	0.0	unmapped
44101200	定向刨花板	定向刨花板	441012	木制： / 定向刨花板	44	HS第44章	595				none	0.0	unmapped
44101900	其他	其他	441019	木制： / 其他	44	HS第44章	595				none	0.0	unmapped
44109011	其他： ---碎料板： 麦稻秸秆制	其他： ---碎料板： 麦稻秸秆制	441090	其他	44	HS第44章	595				none	0.0	unmapped
44109019	碎料板： 其他	碎料板： 其他	441090	其他	44	HS第44章	595				none	0.0	unmapped
44109090	其他	其他	441090	其他	44	HS第44章	595				none	0.0	unmapped
44111211	中密度纤维板： --厚度不超过5毫米： ---密度超过每立方厘米0.8克： 未经机械加工或盖面的	中密度纤维板： --厚度不超过5毫米： ---密度超过每立方厘米0.8克： 未经机械加工或盖面的	441112	中密度纤维板： / 厚度不超过5毫米	44	HS第44章	595				none	0.0	unmapped
44111219	密度超过每立方厘米0.8克： 其他	密度超过每立方厘米0.8克： 其他	441112	中密度纤维板： / 厚度不超过5毫米	44	HS第44章	595				none	0.0	unmapped
44111221	密度超过每立方厘米0.5克，但 未超过每立方厘米0.8克： 辐射松制的	密度超过每立方厘米0.5克，但 未超过每立方厘米0.8克： 辐射松制的	441112	中密度纤维板： / 厚度不超过5毫米	44	HS第44章	595				none	0.0	unmapped
44111229	密度超过每立方厘米0.5克，但 未超过每立方厘米0.8克： 其他	密度超过每立方厘米0.5克，但 未超过每立方厘米0.8克： 其他	441112	中密度纤维板： / 厚度不超过5毫米	44	HS第44章	595				none	0.0	unmapped
44111291	其他： 未经机械加工或盖面的	其他： 未经机械加工或盖面的	441112	中密度纤维板： / 厚度不超过5毫米	44	HS第44章	596				none	0.0	unmapped
44111299	其他： 其他	其他： 其他	441112	中密度纤维板： / 厚度不超过5毫米	44	HS第44章	596				none	0.0	unmapped
44111311	厚度超过5毫米但未超过9毫米： ---密度超过每立方厘米0.8克： 未经机械加工或盖面的	厚度超过5毫米但未超过9毫米： ---密度超过每立方厘米0.8克： 未经机械加工或盖面的	441113	中密度纤维板： / 厚度超过5毫米但未超过9毫米	44	HS第44章	596				none	0.0	unmapped
44111319	密度超过每立方厘米0.8克： 其他	密度超过每立方厘米0.8克： 其他	441113	中密度纤维板： / 厚度超过5毫米但未超过9毫米	44	HS第44章	596				none	0.0	unmapped
44111321	密度超过每立方厘米0.5克，但 未超过每立方厘米0.8克： 辐射松制的	密度超过每立方厘米0.5克，但 未超过每立方厘米0.8克： 辐射松制的	441113	中密度纤维板： / 厚度超过5毫米但未超过9毫米	44	HS第44章	596				none	0.0	unmapped
44111329	密度超过每立方厘米0.5克，但 未超过每立方厘米0.8克： 其他	密度超过每立方厘米0.5克，但 未超过每立方厘米0.8克： 其他	441113	中密度纤维板： / 厚度超过5毫米但未超过9毫米	44	HS第44章	596				none	0.0	unmapped
44111391	其他： 未经机械加工或盖面的	其他： 未经机械加工或盖面的	441113	中密度纤维板： / 厚度超过5毫米但未超过9毫米	44	HS第44章	596				none	0.0	unmapped
44111399	其他： 其他	其他： 其他	441113	中密度纤维板： / 厚度超过5毫米但未超过9毫米	44	HS第44章	596				none	0.0	unmapped
44111411	厚度超过9毫米： ---密度超过每立方厘米0.8克： 未经机械加工或盖面的	厚度超过9毫米： ---密度超过每立方厘米0.8克： 未经机械加工或盖面的	441114	中密度纤维板： / 厚度超过9毫米	44	HS第44章	596				none	0.0	unmapped
44111419	密度超过每立方厘米0.8克： 其他	密度超过每立方厘米0.8克： 其他	441114	中密度纤维板： / 厚度超过9毫米	44	HS第44章	596				none	0.0	unmapped
44111421	密度超过每立方厘米0.5克，但 未超过每立方厘米0.8克： 辐射松制的	密度超过每立方厘米0.5克，但 未超过每立方厘米0.8克： 辐射松制的	441114	中密度纤维板： / 厚度超过9毫米	44	HS第44章	596				none	0.0	unmapped
44111429	密度超过每立方厘米0.5克，但 未超过每立方厘米0.8克： 其他	密度超过每立方厘米0.5克，但 未超过每立方厘米0.8克： 其他	441114	中密度纤维板： / 厚度超过9毫米	44	HS第44章	597				none	0.0	unmapped
44111491	其他： 未经机械加工或盖面的	其他： 未经机械加工或盖面的	441114	中密度纤维板： / 厚度超过9毫米	44	HS第44章	597				none	0.0	unmapped
44111499	其他： 其他	其他： 其他	441114	中密度纤维板： / 厚度超过9毫米	44	HS第44章	597				none	0.0	unmapped
44119210	其他： --密度超过每立方厘米0.8克： 未经机械加工或盖面的	其他： --密度超过每立方厘米0.8克： 未经机械加工或盖面的	441192	其他： / 密度超过每立方厘米0.8克	44	HS第44章	597				none	0.0	unmapped
44119290	其他	其他	441192	其他： / 密度超过每立方厘米0.8克	44	HS第44章	597				none	0.0	unmapped
44119310	密度超过每立方厘米0.5克，但 未超过每立方厘米0.8克： 辐射松制的	密度超过每立方厘米0.5克，但 未超过每立方厘米0.8克： 辐射松制的	441193	其他： / 密度超过每立方厘米0.5克，但 未超过每立方厘米0.8克	44	HS第44章	597				none	0.0	unmapped
44119390	其他	其他	441193	其他： / 密度超过每立方厘米0.5克，但 未超过每立方厘米0.8克	44	HS第44章	597				none	0.0	unmapped
44119410	密度未超过每立方厘米0.5克： 密度超过每立方厘米0.35克，但 未超过每立方厘米0.5克	密度未超过每立方厘米0.5克： 密度超过每立方厘米0.35克，但 未超过每立方厘米0.5克	441194	其他： / 密度未超过每立方厘米0.5克	44	HS第44章	597				none	0.0	unmapped
44119421	密度未超过每立方厘米0.35克： 未经机械加工或盖面的	密度未超过每立方厘米0.35克： 未经机械加工或盖面的	441194	其他： / 密度未超过每立方厘米0.5克	44	HS第44章	597				none	0.0	unmapped
44119429	密度未超过每立方厘米0.35克： 其他	密度未超过每立方厘米0.35克： 其他	441194	其他： / 密度未超过每立方厘米0.5克	44	HS第44章	597				none	0.0	unmapped
44121011	竹制的： ---仅由薄板制的胶合板，每层厚 度不超过6毫米： 至少有一表层是热带木	竹制的： ---仅由薄板制的胶合板，每层厚 度不超过6毫米： 至少有一表层是热带木	441210	竹制的	44	HS第44章	598				none	0.0	unmapped
44121019	仅由薄板制的胶合板，每层厚 度不超过6毫米： 其他	仅由薄板制的胶合板，每层厚 度不超过6毫米： 其他	441210	竹制的	44	HS第44章	598				none	0.0	unmapped
44121020	其他，至少有一表层是非针叶 木	其他，至少有一表层是非针叶 木	441210	竹制的	44	HS第44章	598				none	0.0	unmapped
44121093	其他： 中间至少有一层是本章本国 子目注释三所列的热带木	其他： 中间至少有一层是本章本国 子目注释三所列的热带木	441210	竹制的	44	HS第44章	598				none	0.0	unmapped
44121094	其他： 其他，中间至少有一层是其他 热带木	其他： 其他，中间至少有一层是其他 热带木	441210	竹制的	44	HS第44章	598				none	0.0	unmapped
44121095	其他： 其他，中间至少含有一层木碎 料板	其他： 其他，中间至少含有一层木碎 料板	441210	竹制的	44	HS第44章	598				none	0.0	unmapped
44121099	其他： 其他	其他： 其他	441210	竹制的	44	HS第44章	598				none	0.0	unmapped
44123100	仅由薄木板制的其他胶合板（竹 制除外），每层厚度不超过6毫米： 至少有一表层是热带木	仅由薄木板制的其他胶合板（竹 制除外），每层厚度不超过6毫米： 至少有一表层是热带木	441231	仅由薄木板制的其他胶合板（竹 制除外），每层厚度不超过6毫米： / 至少有一表层是热带木	44	HS第44章	598				none	0.0	unmapped
44123300	其他，至少有一表层是下列非针 叶木：桤木、白蜡木、水青冈木 （山毛榉木）、桦木、樱桃木、栗 木、榆木、桉木、山核桃、七叶 树、椴木、槭木、栎木（橡木）、 悬铃木、杨木、刺槐木、鹅掌楸 或核桃木	其他，至少有一表层是下列非针 叶木：桤木、白蜡木、水青冈木 （山毛榉木）、桦木、樱桃木、栗 木、榆木、桉木、山核桃、七叶 树、椴木、槭木、栎木（橡木）、 悬铃木、杨木、刺槐木、鹅掌楸 或核桃木	441233	仅由薄木板制的其他胶合板（竹 制除外），每层厚度不超过6毫米： / 其他，至少有一表层是下列非针	44	HS第44章	598				none	0.0	unmapped
44123410	其他，至少有一表层是温带非 针叶木（税号4412.3300的非针叶 木除外）	其他，至少有一表层是温带非 针叶木（税号4412.3300的非针叶 木除外）	441234	仅由薄木板制的其他胶合板（竹 制除外），每层厚度不超过6毫米： / 其他，至少有一表层为子目 4412.33未具体列名的非针叶木	44	HS第44章	599				none	0.0	unmapped
44123490	其他	其他	441234	仅由薄木板制的其他胶合板（竹 制除外），每层厚度不超过6毫米： / 其他，至少有一表层为子目 4412.33未具体列名的非针叶木	44	HS第44章	599				none	0.0	unmapped
44123900	其他，上下表层均为针叶木	其他，上下表层均为针叶木	441239	仅由薄木板制的其他胶合板（竹 制除外），每层厚度不超过6毫米： / 其他，上下表层均为针叶木	44	HS第44章	599				none	0.0	unmapped
44124100	单板层积材： 至少有一表层是热带木	单板层积材： 至少有一表层是热带木	441241	单板层积材： / 至少有一表层是热带木	44	HS第44章	599				none	0.0	unmapped
44124200	其他，至少有一表层是非针叶木	其他，至少有一表层是非针叶木	441242	单板层积材： / 其他，至少有一表层是非针叶木	44	HS第44章	599				none	0.0	unmapped
44124911	其他，上下表层均为针叶木： ---中间至少有一层是热带木： 中间至少有一层是本章本国 子目注释三所列的热带木	其他，上下表层均为针叶木： ---中间至少有一层是热带木： 中间至少有一层是本章本国 子目注释三所列的热带木	441249	单板层积材： / 其他，上下表层均为针叶木	44	HS第44章	599				none	0.0	unmapped
44124919	中间至少有一层是热带木： 其他，中间至少有一层是其他 热带木	中间至少有一层是热带木： 其他，中间至少有一层是其他 热带木	441249	单板层积材： / 其他，上下表层均为针叶木	44	HS第44章	599				none	0.0	unmapped
44124920	其他，中间至少含有一层木碎 料板	其他，中间至少含有一层木碎 料板	441249	单板层积材： / 其他，上下表层均为针叶木	44	HS第44章	599				none	0.0	unmapped
44124990	其他	其他	441249	单板层积材： / 其他，上下表层均为针叶木	44	HS第44章	599				none	0.0	unmapped
44125100	木块芯胶合板、侧板条芯胶合板 及板条芯胶合板： 至少有一表层是热带木	木块芯胶合板、侧板条芯胶合板 及板条芯胶合板： 至少有一表层是热带木	441251	木块芯胶合板、侧板条芯胶合板 及板条芯胶合板： / 至少有一表层是热带木	44	HS第44章	599				none	0.0	unmapped
44125200	其他，至少有一表层是非针叶木	其他，至少有一表层是非针叶木	441252	木块芯胶合板、侧板条芯胶合板 及板条芯胶合板： / 其他，至少有一表层是非针叶木	44	HS第44章	600				none	0.0	unmapped
44125911	其他，上下表层均为针叶木： ---中间至少有一层是热带木： 中间至少有一层是本章本国 子目注释三所列的热带木	其他，上下表层均为针叶木： ---中间至少有一层是热带木： 中间至少有一层是本章本国 子目注释三所列的热带木	441259	木块芯胶合板、侧板条芯胶合板 及板条芯胶合板： / 其他，上下表层均为针叶木	44	HS第44章	600				none	0.0	unmapped
44125919	中间至少有一层是热带木： 其他，中间至少有一层是其他 热带木	中间至少有一层是热带木： 其他，中间至少有一层是其他 热带木	441259	木块芯胶合板、侧板条芯胶合板 及板条芯胶合板： / 其他，上下表层均为针叶木	44	HS第44章	600				none	0.0	unmapped
44125920	其他，中间至少含有一层木碎 料板	其他，中间至少含有一层木碎 料板	441259	木块芯胶合板、侧板条芯胶合板 及板条芯胶合板： / 其他，上下表层均为针叶木	44	HS第44章	600				none	0.0	unmapped
44125990	其他	其他	441259	木块芯胶合板、侧板条芯胶合板 及板条芯胶合板： / 其他，上下表层均为针叶木	44	HS第44章	600				none	0.0	unmapped
44129100	其他： 至少有一表层是热带木	其他： 至少有一表层是热带木	441291	其他： / 至少有一表层是热带木	44	HS第44章	600				none	0.0	unmapped
44129200	其他，至少有一表层是非针叶木	其他，至少有一表层是非针叶木	441292	其他： / 其他，至少有一表层是非针叶木	44	HS第44章	600				none	0.0	unmapped
44129920	其他，上下表层均为针叶木： 中间至少有一层是本章本国子 目注释三所列的热带木	其他，上下表层均为针叶木： 中间至少有一层是本章本国子 目注释三所列的热带木	441299	其他： / 其他，上下表层均为针叶木	44	HS第44章	600				none	0.0	unmapped
44129930	其他，中间至少有一层是其他 热带木	其他，中间至少有一层是其他 热带木	441299	其他： / 其他，上下表层均为针叶木	44	HS第44章	600				none	0.0	unmapped
44129940	其他，中间至少含有一层木碎 料板	其他，中间至少含有一层木碎 料板	441299	其他： / 其他，上下表层均为针叶木	44	HS第44章	600				none	0.0	unmapped
44129990	其他	其他	441299	其他： / 其他，上下表层均为针叶木	44	HS第44章	601				none	0.0	unmapped
44130000	强化木，成块、板、条或异型的	强化木，成块、板、条或异型的	441300	强化木，成块、板、条或异型的	44	HS第44章	601				none	0.0	unmapped
44141000	热带木的	热带木的	441410	热带木的	44	HS第44章	601				none	0.0	unmapped
44149010	其他： 辐射松制的	其他： 辐射松制的	441490	其他	44	HS第44章	601				none	0.0	unmapped
44149090	其他	其他	441490	其他	44	HS第44章	601				none	0.0	unmapped
44151000	箱、盒、板条箱、圆桶及类似的 包装容器；电缆卷筒	箱、盒、板条箱、圆桶及类似的 包装容器；电缆卷筒	441510	箱、盒、板条箱、圆桶及类似的	44	HS第44章	601	电气电料	电线电缆	电气电料/电线电缆	electrical-cable	0.92	candidate
44152010	木托板、箱形托盘及其他装载用 木板；木制的托盘护框： 辐射松制的	木托板、箱形托盘及其他装载用 木板；木制的托盘护框： 辐射松制的	441520	木托板、箱形托盘及其他装载用 木板；木制的托盘护框	44	HS第44章	601				none	0.0	unmapped
44152090	其他	其他	441520	木托板、箱形托盘及其他装载用 木板；木制的托盘护框	44	HS第44章	601				none	0.0	unmapped
44160010	辐射松制的	辐射松制的	441600	木制大桶、琵琶桶、盆和其他木 制箍桶及其零件，包括桶板	44	HS第44章	601				none	0.0	unmapped
44160090	其他 橡木制大桶、琵琶桶、盆和其他 木制箍桶及其零件，包括桶板	其他 橡木制大桶、琵琶桶、盆和其他 木制箍桶及其零件，包括桶板	441600	木制大桶、琵琶桶、盆和其他木 制箍桶及其零件，包括桶板	44	HS第44章	601				none	0.0	unmapped
44170010	辐射松制的	辐射松制的	441700	木制的工具、工具支架、工具柄、 扫帚及刷子的身及柄；木制鞋靴 楦及楦头	44	HS第44章	601				none	0.0	unmapped
44170090	其他	其他	441700	木制的工具、工具支架、工具柄、 扫帚及刷子的身及柄；木制鞋靴 楦及楦头	44	HS第44章	601				none	0.0	unmapped
44181100	窗、法兰西式（落地）窗及其框 架： 热带木的	窗、法兰西式（落地）窗及其框 架： 热带木的	441811	窗、法兰西式（落地）窗及其框 架： / 热带木的	44	HS第44章	602	管材管件阀门	法兰	管材管件阀门/法兰	pipe-flange	0.9	candidate
44181910	其他： 辐射松制的	其他： 辐射松制的	441819	窗、法兰西式（落地）窗及其框 架： / 其他	44	HS第44章	602				none	0.0	unmapped
44181990	其他	其他	441819	窗、法兰西式（落地）窗及其框 架： / 其他	44	HS第44章	602				none	0.0	unmapped
44182100	门及其框架和门槛： 热带木的	门及其框架和门槛： 热带木的	441821	门及其框架和门槛： / 热带木的	44	HS第44章	602				none	0.0	unmapped
44182900	其他	其他	441829	门及其框架和门槛： / 其他	44	HS第44章	602				none	0.0	unmapped
44183000	柱及梁，子目4418.81至4418.89 的货品除外	柱及梁，子目4418.81至4418.89 的货品除外	441830	柱及梁，子目4418.81至4418.89	44	HS第44章	602				none	0.0	unmapped
44184000	水泥构件的模板	水泥构件的模板	441840	水泥构件的模板	44	HS第44章	602				none	0.0	unmapped
44185000	木瓦及盖屋板	木瓦及盖屋板	441850	木瓦及盖屋板	44	HS第44章	602				none	0.0	unmapped
44187310	已装拼的地板： --竹的或至少顶层（耐磨层）是竹 的： 马赛克地板用	已装拼的地板： --竹的或至少顶层（耐磨层）是竹 的： 马赛克地板用	441873	已装拼的地板： / 竹的或至少顶层（耐磨层）是竹 的	44	HS第44章	602				none	0.0	unmapped
44187320	其他，竹制多层的	其他，竹制多层的	441873	已装拼的地板： / 竹的或至少顶层（耐磨层）是竹 的	44	HS第44章	602				none	0.0	unmapped
44187390	其他	其他	441873	已装拼的地板： / 竹的或至少顶层（耐磨层）是竹 的	44	HS第44章	603				none	0.0	unmapped
44187400	其他，马赛克地板用	其他，马赛克地板用	441874	已装拼的地板： / 其他，马赛克地板用	44	HS第44章	603				none	0.0	unmapped
44187500	其他，多层的	其他，多层的	441875	已装拼的地板： / 其他，多层的	44	HS第44章	603				none	0.0	unmapped
44187900	其他	其他	441879	已装拼的地板： / 其他	44	HS第44章	603				none	0.0	unmapped
44188100	工程结构木制品： 集成材	工程结构木制品： 集成材	441881	工程结构木制品： / 集成材	44	HS第44章	603				none	0.0	unmapped
44188200	正交胶合木	正交胶合木	441882	工程结构木制品： / 正交胶合木	44	HS第44章	603				none	0.0	unmapped
44188300	工字梁	工字梁	441883	工程结构木制品： / 工字梁	44	HS第44章	603				none	0.0	unmapped
44188900	其他	其他	441889	工程结构木制品： / 其他	44	HS第44章	603				none	0.0	unmapped
44189100	其他： 竹的	其他： 竹的	441891	其他： / 竹的	44	HS第44章	603				none	0.0	unmapped
44189200	蜂窝结构木镶板	蜂窝结构木镶板	441892	其他： / 蜂窝结构木镶板	44	HS第44章	603				none	0.0	unmapped
44189900	其他	其他	441899	其他： / 其他	44	HS第44章	604				none	0.0	unmapped
44191100	竹的： 切面包板、砧板及类似板	竹的： 切面包板、砧板及类似板	441911	竹的： / 切面包板、砧板及类似板	44	HS第44章	604				none	0.0	unmapped
44191210	筷子： 一次性筷子	筷子： 一次性筷子	441912	竹的： / 筷子	44	HS第44章	604				none	0.0	unmapped
44191290	其他	其他	441912	竹的： / 筷子	44	HS第44章	604				none	0.0	unmapped
44191900	其他	其他	441919	竹的： / 其他	44	HS第44章	604				none	0.0	unmapped
44192000	热带木的	热带木的	441920	热带木的	44	HS第44章	604				none	0.0	unmapped
44199010	其他： 一次性筷子	其他： 一次性筷子	441990	其他	44	HS第44章	604				none	0.0	unmapped
44199090	其他	其他	441990	其他	44	HS第44章	604				none	0.0	unmapped
44201110	木制小雕像及其他装饰品： --热带木的： 木刻	木制小雕像及其他装饰品： --热带木的： 木刻	442011	木制小雕像及其他装饰品： / 热带木的	44	HS第44章	604				none	0.0	unmapped
44201120	木扇	木扇	442011	木制小雕像及其他装饰品： / 热带木的	44	HS第44章	605				none	0.0	unmapped
44201190	其他	其他	442011	木制小雕像及其他装饰品： / 热带木的	44	HS第44章	605				none	0.0	unmapped
44201911	其他： ---木刻及竹刻： 木刻	其他： ---木刻及竹刻： 木刻	442019	木制小雕像及其他装饰品： / 其他	44	HS第44章	605				none	0.0	unmapped
44201912	木刻及竹刻： 竹刻	木刻及竹刻： 竹刻	442019	木制小雕像及其他装饰品： / 其他	44	HS第44章	605				none	0.0	unmapped
44201920	木扇	木扇	442019	木制小雕像及其他装饰品： / 其他	44	HS第44章	605				none	0.0	unmapped
44201990	其他	其他	442019	木制小雕像及其他装饰品： / 其他	44	HS第44章	605				none	0.0	unmapped
44209010	其他： 镶嵌木	其他： 镶嵌木	442090	其他	44	HS第44章	605				none	0.0	unmapped
44209090	其他	其他	442090	其他	44	HS第44章	605				none	0.0	unmapped
44211000	衣架	衣架	442110	衣架	44	HS第44章	605				none	0.0	unmapped
44212000	棺材	棺材	442120	棺材	44	HS第44章	605				none	0.0	unmapped
44219110	圆签、圆棒、冰果棒、压舌片 及类似一次性制品	圆签、圆棒、冰果棒、压舌片 及类似一次性制品	442191	其他： / 竹的	44	HS第44章	606				none	0.0	unmapped
44219190	其他	其他	442191	其他： / 竹的	44	HS第44章	606				none	0.0	unmapped
44219910	其他： 木制圆签、圆棒、冰果棒、压 舌片及类似一次性制品	其他： 木制圆签、圆棒、冰果棒、压 舌片及类似一次性制品	442199	其他	44	HS第44章	606				none	0.0	unmapped
44219990	其他	其他	442199	其他	44	HS第44章	606				none	0.0	unmapped
45011000	未加工或简单加工的天然软木	未加工或简单加工的天然软木	450110	未加工或简单加工的天然软木	45	HS第45章	607				none	0.0	unmapped
45019010	其他： 软木废料	其他： 软木废料	450190	其他	45	HS第45章	607				none	0.0	unmapped
45019020	碎的、粉粒状的或粉状的软木 （软木碎、软木粒或软木粉）	碎的、粉粒状的或粉状的软木 （软木碎、软木粒或软木粉）	450190	其他	45	HS第45章	607				none	0.0	unmapped
45020000	天然软木，除去表皮或粗切成方 形，或成长方块、正方块、板、 片或条状（包括作塞子用的方块 坯料）	天然软木，除去表皮或粗切成方 形，或成长方块、正方块、板、 片或条状（包括作塞子用的方块 坯料）	450200	天然软木，除去表皮或粗切成方 形，或成长方块、正方块、板、 片或条状（包括作塞子用的方块 坯料）	45	HS第45章	607				none	0.0	unmapped
45031000	塞子	塞子	450310	塞子	45	HS第45章	607				none	0.0	unmapped
45039000	其他	其他	450390	其他	45	HS第45章	608				none	0.0	unmapped
45041000	块、板、片及条；任何形状的砖、 瓦；实心圆柱体，包括圆片	块、板、片及条；任何形状的砖、 瓦；实心圆柱体，包括圆片	450410	块、板、片及条；任何形状的砖、	45	HS第45章	608				none	0.0	unmapped
45049000	其他	其他	450490	其他	45	HS第45章	608				none	0.0	unmapped
46012100	植物材料制的席子、席料及帘 子： 竹制的	植物材料制的席子、席料及帘 子： 竹制的	460121	植物材料制的席子、席料及帘 子： / 竹制的	46	HS第46章	609				none	0.0	unmapped
46012200	藤制的	藤制的	460122	植物材料制的席子、席料及帘 子： / 藤制的	46	HS第46章	609				none	0.0	unmapped
46012911	其他： ---草制的： 灯心草属材料制的	其他： ---草制的： 灯心草属材料制的	460129	植物材料制的席子、席料及帘 子： / 其他	46	HS第46章	609				none	0.0	unmapped
46012919	草制的： 其他	草制的： 其他	460129	植物材料制的席子、席料及帘 子： / 其他	46	HS第46章	609				none	0.0	unmapped
46012921	芦苇制的： 苇帘	芦苇制的： 苇帘	460129	植物材料制的席子、席料及帘 子： / 其他	46	HS第46章	609				none	0.0	unmapped
46012929	芦苇制的： 其他	芦苇制的： 其他	460129	植物材料制的席子、席料及帘 子： / 其他	46	HS第46章	610				none	0.0	unmapped
46012990	其他	其他	460129	植物材料制的席子、席料及帘 子： / 其他	46	HS第46章	610				none	0.0	unmapped
46019210	其他： --竹制的： 缏条及类似产品，不论是否缝 合成宽条	其他： --竹制的： 缏条及类似产品，不论是否缝 合成宽条	460192	其他： / 竹制的	46	HS第46章	610				none	0.0	unmapped
46019290	其他	其他	460192	其他： / 竹制的	46	HS第46章	610				none	0.0	unmapped
46019310	藤制的： 缏条及类似产品，不论是否缝 合成宽条	藤制的： 缏条及类似产品，不论是否缝 合成宽条	460193	其他： / 藤制的	46	HS第46章	610				none	0.0	unmapped
46019390	其他	其他	460193	其他： / 藤制的	46	HS第46章	610				none	0.0	unmapped
46019411	其他植物材料制： ---稻草制的： 缏条（绳）	其他植物材料制： ---稻草制的： 缏条（绳）	460194	其他： / 其他植物材料制	46	HS第46章	610				none	0.0	unmapped
46019419	稻草制的： 其他	稻草制的： 其他	460194	其他： / 其他植物材料制	46	HS第46章	610				none	0.0	unmapped
46019491	其他： 缏条及类似产品，不论是否缝 合成宽条	其他： 缏条及类似产品，不论是否缝 合成宽条	460194	其他： / 其他植物材料制	46	HS第46章	611				none	0.0	unmapped
46019499	其他： 其他	其他： 其他	460194	其他： / 其他植物材料制	46	HS第46章	611				none	0.0	unmapped
46019910	其他： 缏条及类似产品，不论是否缝 合成宽条	其他： 缏条及类似产品，不论是否缝 合成宽条	460199	其他	46	HS第46章	611				none	0.0	unmapped
46019990	其他	其他	460199	其他	46	HS第46章	611				none	0.0	unmapped
46021100	植物材料制： 竹制的	植物材料制： 竹制的	460211	植物材料制： / 竹制的	46	HS第46章	611				none	0.0	unmapped
46021200	藤制的	藤制的	460212	植物材料制： / 藤制的	46	HS第46章	611				none	0.0	unmapped
46021910	其他： 草制的	其他： 草制的	460219	植物材料制： / 其他	46	HS第46章	611				none	0.0	unmapped
46021920	玉米皮制的	玉米皮制的	460219	植物材料制： / 其他	46	HS第46章	611				none	0.0	unmapped
46021930	柳条制的	柳条制的	460219	植物材料制： / 其他	46	HS第46章	612				none	0.0	unmapped
46021990	其他	其他	460219	植物材料制： / 其他	46	HS第46章	612				none	0.0	unmapped
46029000	其他	其他	460290	其他	46	HS第46章	612				none	0.0	unmapped
47010000	机械木浆	机械木浆	470100	机械木浆	47	HS第47章	613				none	0.0	unmapped
47020000	化学木浆，溶解级	化学木浆，溶解级	470200	化学木浆，溶解级	47	HS第47章	613				none	0.0	unmapped
47031100	未漂白： 针叶木的	未漂白： 针叶木的	470311	未漂白： / 针叶木的	47	HS第47章	613				none	0.0	unmapped
47031900	非针叶木的	非针叶木的	470319	未漂白： / 非针叶木的	47	HS第47章	613				none	0.0	unmapped
47032100	半漂白或漂白： 针叶木的	半漂白或漂白： 针叶木的	470321	半漂白或漂白： / 针叶木的	47	HS第47章	613				none	0.0	unmapped
47032900	非针叶木的	非针叶木的	470329	半漂白或漂白： / 非针叶木的	47	HS第47章	613				none	0.0	unmapped
47041100	针叶木的	针叶木的	470411	未漂白： / 针叶木的	47	HS第47章	614				none	0.0	unmapped
47041900	非针叶木的	非针叶木的	470419	未漂白： / 非针叶木的	47	HS第47章	614				none	0.0	unmapped
47042100	半漂白或漂白： 针叶木的	半漂白或漂白： 针叶木的	470421	半漂白或漂白： / 针叶木的	47	HS第47章	614				none	0.0	unmapped
47042900	非针叶木的	非针叶木的	470429	半漂白或漂白： / 非针叶木的	47	HS第47章	614				none	0.0	unmapped
47050000	用机械与化学联合制浆法制得的 木浆	用机械与化学联合制浆法制得的 木浆	470500	用机械与化学联合制浆法制得的 木浆	47	HS第47章	614				none	0.0	unmapped
47061000	棉短绒纸浆	棉短绒纸浆	470610	棉短绒纸浆	47	HS第47章	614				none	0.0	unmapped
47062000	从回收（废碎）纸或纸板提取的 纤维浆	从回收（废碎）纸或纸板提取的 纤维浆	470620	从回收（废碎）纸或纸板提取的	47	HS第47章	614				none	0.0	unmapped
47063000	其他，竹浆	其他，竹浆	470630	其他，竹浆	47	HS第47章	614				none	0.0	unmapped
47069100	其他： 机械浆	其他： 机械浆	470691	其他： / 机械浆	47	HS第47章	614				none	0.0	unmapped
47069200	化学浆	化学浆	470692	其他： / 化学浆	47	HS第47章	614				none	0.0	unmapped
47069300	用机械和化学联合法制得的浆	用机械和化学联合法制得的浆	470693	其他： / 用机械和化学联合法制得的浆	47	HS第47章	615				none	0.0	unmapped
47071000	未漂白的牛皮纸或纸板及瓦楞 纸或纸板	未漂白的牛皮纸或纸板及瓦楞 纸或纸板	470710	未漂白的牛皮纸或纸板及瓦楞	47	HS第47章	615				none	0.0	unmapped
47072000	主要由漂白化学木浆制成未经 本体染色的其他纸和纸板	主要由漂白化学木浆制成未经 本体染色的其他纸和纸板	470720	主要由漂白化学木浆制成未经	47	HS第47章	615				none	0.0	unmapped
47073000	主要由机械浆制成的纸或纸板 （例如，报纸、杂志及类似印刷 品）	主要由机械浆制成的纸或纸板 （例如，报纸、杂志及类似印刷 品）	470730	主要由机械浆制成的纸或纸板	47	HS第47章	615				none	0.0	unmapped
47079000	其他，包括未分选的废碎品	其他，包括未分选的废碎品	470790	其他，包括未分选的废碎品	47	HS第47章	615				none	0.0	unmapped
48010010	成卷的	成卷的	480100	成卷或成张的新闻纸	48	HS第48章	618				none	0.0	unmapped
48010090	其他	其他	480100	成卷或成张的新闻纸	48	HS第48章	618				none	0.0	unmapped
48021010	手工制纸及纸板： 宣纸	手工制纸及纸板： 宣纸	480210	手工制纸及纸板	48	HS第48章	618				none	0.0	unmapped
48021090	其他	其他	480210	手工制纸及纸板	48	HS第48章	618				none	0.0	unmapped
48022010	光敏、热敏、电敏纸及纸板的原 纸和原纸板： 照相原纸	光敏、热敏、电敏纸及纸板的原 纸和原纸板： 照相原纸	480220	光敏、热敏、电敏纸及纸板的原 纸和原纸板	48	HS第48章	618				none	0.0	unmapped
48022090	其他	其他	480220	光敏、热敏、电敏纸及纸板的原 纸和原纸板	48	HS第48章	618				none	0.0	unmapped
48024000	壁纸原纸	壁纸原纸	480240	壁纸原纸	48	HS第48章	618				none	0.0	unmapped
48025400	其他纸及纸板，不含用机械或化 学—机械方法制得的纤维或所含 前述纤维不超过全部纤维重量的 10％： 每平方米重量小于40克	其他纸及纸板，不含用机械或化 学—机械方法制得的纤维或所含 前述纤维不超过全部纤维重量的 10％： 每平方米重量小于40克	480254	其他纸及纸板，不含用机械或化 学—机械方法制得的纤维或所含 前述纤维不超过全部纤维重量的 10％： / 每平方米重量小于40克	48	HS第48章	618				none	0.0	unmapped
48025500	每平方米重量在40克及以上，但 不超过150克，成卷的	每平方米重量在40克及以上，但 不超过150克，成卷的	480255	其他纸及纸板，不含用机械或化 学—机械方法制得的纤维或所含 前述纤维不超过全部纤维重量的 10％： / 每平方米重量在40克及以上，但	48	HS第48章	618				none	0.0	unmapped
48025600	每平方米重量在40克及以上，但 不超过150克，成张的，以未折叠 计一边不超过435毫米，另一边不 超过297毫米	每平方米重量在40克及以上，但 不超过150克，成张的，以未折叠 计一边不超过435毫米，另一边不 超过297毫米	480256	其他纸及纸板，不含用机械或化 学—机械方法制得的纤维或所含 前述纤维不超过全部纤维重量的 10％： / 每平方米重量在40克及以上，但	48	HS第48章	618				none	0.0	unmapped
48025700	其他，每平方米重量在40克及以 上，但不超过150克	其他，每平方米重量在40克及以 上，但不超过150克	480257	其他纸及纸板，不含用机械或化 学—机械方法制得的纤维或所含 前述纤维不超过全部纤维重量的 10％： / 其他，每平方米重量在40克及以	48	HS第48章	618				none	0.0	unmapped
48025800	每平方米重量超过150克	每平方米重量超过150克	480258	其他纸及纸板，不含用机械或化 学—机械方法制得的纤维或所含 前述纤维不超过全部纤维重量的 10％： / 每平方米重量超过150克	48	HS第48章	618				none	0.0	unmapped
48026100	其他纸及纸板，所含用机械或化 学—机械方法制得的纤维超过全 部纤维重量的10％： 成卷的	其他纸及纸板，所含用机械或化 学—机械方法制得的纤维超过全 部纤维重量的10％： 成卷的	480261	其他纸及纸板，所含用机械或化 学—机械方法制得的纤维超过全 部纤维重量的10％： / 成卷的	48	HS第48章	618				none	0.0	unmapped
48026200	成张的，以未折叠计一边不超过 435毫米，另一边不超过297毫米	成张的，以未折叠计一边不超过 435毫米，另一边不超过297毫米	480262	其他纸及纸板，所含用机械或化 学—机械方法制得的纤维超过全 部纤维重量的10％： / 成张的，以未折叠计一边不超过	48	HS第48章	618				none	0.0	unmapped
48026900	其他	其他	480269	其他纸及纸板，所含用机械或化 学—机械方法制得的纤维超过全 部纤维重量的10％： / 其他	48	HS第48章	619				none	0.0	unmapped
48030000	卫生纸、面巾纸、餐巾纸以及家 庭或卫生用的类似纸、纤维素絮 纸和纤维素纤维网纸，不论是否 起纹、压花、打孔、染面、饰面 或印花，成卷或成张的	卫生纸、面巾纸、餐巾纸以及家 庭或卫生用的类似纸、纤维素絮 纸和纤维素纤维网纸，不论是否 起纹、压花、打孔、染面、饰面 或印花，成卷或成张的	480300	卫生纸、面巾纸、餐巾纸以及家 庭或卫生用的类似纸、纤维素絮 纸和纤维素纤维网纸，不论是否 起纹、压花、打孔、染面、饰面 或印花，成卷或成张的	48	HS第48章	619				none	0.0	unmapped
48041100	牛皮挂面纸： 未漂白	牛皮挂面纸： 未漂白	480411	牛皮挂面纸： / 未漂白	48	HS第48章	619				none	0.0	unmapped
48041900	其他	其他	480419	牛皮挂面纸： / 其他	48	HS第48章	619				none	0.0	unmapped
48042100	袋用牛皮纸： 未漂白	袋用牛皮纸： 未漂白	480421	袋用牛皮纸： / 未漂白	48	HS第48章	619				none	0.0	unmapped
48042900	其他	其他	480429	袋用牛皮纸： / 其他	48	HS第48章	619				none	0.0	unmapped
48043100	其他牛皮纸及纸板，每平方米重 量不超过150克： 未漂白	其他牛皮纸及纸板，每平方米重 量不超过150克： 未漂白	480431	其他牛皮纸及纸板，每平方米重 量不超过150克： / 未漂白	48	HS第48章	619				none	0.0	unmapped
48043900	其他	其他	480439	其他牛皮纸及纸板，每平方米重 量不超过150克： / 其他	48	HS第48章	619				none	0.0	unmapped
48044100	其他牛皮纸及纸板，每平方米重 量超过150克，但小于225克： 未漂白	其他牛皮纸及纸板，每平方米重 量超过150克，但小于225克： 未漂白	480441	其他牛皮纸及纸板，每平方米重 量超过150克，但小于225克： / 未漂白	48	HS第48章	619				none	0.0	unmapped
48044200	本体均匀漂白，所含用化学方法 制得的木纤维超过全部纤维重量 的95％	本体均匀漂白，所含用化学方法 制得的木纤维超过全部纤维重量 的95％	480442	其他牛皮纸及纸板，每平方米重 量超过150克，但小于225克： / 本体均匀漂白，所含用化学方法	48	HS第48章	619				none	0.0	unmapped
48044900	其他	其他	480449	其他牛皮纸及纸板，每平方米重 量超过150克，但小于225克： / 其他	48	HS第48章	619				none	0.0	unmapped
48045100	其他牛皮纸及纸板，每平方米重 量在225克及以上： 未漂白	其他牛皮纸及纸板，每平方米重 量在225克及以上： 未漂白	480451	其他牛皮纸及纸板，每平方米重 量在225克及以上： / 未漂白	48	HS第48章	619				none	0.0	unmapped
48045200	本体均匀漂白，所含用化学方法 制得的木纤维超过全部纤维重量 的95％	本体均匀漂白，所含用化学方法 制得的木纤维超过全部纤维重量 的95％	480452	其他牛皮纸及纸板，每平方米重 量在225克及以上： / 本体均匀漂白，所含用化学方法	48	HS第48章	619				none	0.0	unmapped
48045900	其他	其他	480459	其他牛皮纸及纸板，每平方米重 量在225克及以上： / 其他	48	HS第48章	619				none	0.0	unmapped
48051100	瓦楞原纸： 半化学的瓦楞原纸	瓦楞原纸： 半化学的瓦楞原纸	480511	瓦楞原纸： / 半化学的瓦楞原纸	48	HS第48章	619				none	0.0	unmapped
48051200	草浆瓦楞原纸	草浆瓦楞原纸	480512	瓦楞原纸： / 草浆瓦楞原纸	48	HS第48章	619				none	0.0	unmapped
48051900	其他	其他	480519	瓦楞原纸： / 其他	48	HS第48章	619				none	0.0	unmapped
48052400	强韧箱纸板（再生挂面纸板）： 每平方米重量在150克及以下	强韧箱纸板（再生挂面纸板）： 每平方米重量在150克及以下	480524	强韧箱纸板（再生挂面纸板）： / 每平方米重量在150克及以下	48	HS第48章	619				none	0.0	unmapped
48052500	每平方米重量超过150克	每平方米重量超过150克	480525	强韧箱纸板（再生挂面纸板）： / 每平方米重量超过150克	48	HS第48章	619				none	0.0	unmapped
48053000	亚硫酸盐包装纸	亚硫酸盐包装纸	480530	亚硫酸盐包装纸	48	HS第48章	619				none	0.0	unmapped
48054000	滤纸及纸板	滤纸及纸板	480540	滤纸及纸板	48	HS第48章	619				none	0.0	unmapped
48055000	毡纸及纸板	毡纸及纸板	480550	毡纸及纸板	48	HS第48章	619				none	0.0	unmapped
48059110	其他： --每平方米重量在150克及以下： 电解电容器原纸	其他： --每平方米重量在150克及以下： 电解电容器原纸	480591	其他： / 每平方米重量在150克及以下	48	HS第48章	619				none	0.0	unmapped
48059120	装饰原纸	装饰原纸	480591	其他： / 每平方米重量在150克及以下	48	HS第48章	620				none	0.0	unmapped
48059190	其他	其他	480591	其他： / 每平方米重量在150克及以下	48	HS第48章	620				none	0.0	unmapped
48059200	每平方米重量超过150克，但小 于225克	每平方米重量超过150克，但小 于225克	480592	其他： / 每平方米重量超过150克，但小	48	HS第48章	620				none	0.0	unmapped
48059300	每平方米重量在225克及以上	每平方米重量在225克及以上	480593	其他： / 每平方米重量在225克及以上	48	HS第48章	620				none	0.0	unmapped
48061000	植物羊皮纸	植物羊皮纸	480610	植物羊皮纸	48	HS第48章	620				none	0.0	unmapped
48062000	防油纸	防油纸	480620	防油纸	48	HS第48章	620				none	0.0	unmapped
48063000	描图纸	描图纸	480630	描图纸	48	HS第48章	620				none	0.0	unmapped
48064000	高光泽透明或半透明纸	高光泽透明或半透明纸	480640	高光泽透明或半透明纸	48	HS第48章	620				none	0.0	unmapped
48070000	成卷或成张的复合纸及纸板（用 粘合剂粘合各层纸或纸板制成）， 未经表面涂布或未浸渍，不论内 层是否有加强材料	成卷或成张的复合纸及纸板（用 粘合剂粘合各层纸或纸板制成）， 未经表面涂布或未浸渍，不论内 层是否有加强材料	480700	成卷或成张的复合纸及纸板（用 粘合剂粘合各层纸或纸板制成）， 未经表面涂布或未浸渍，不论内 层是否有加强材料	48	HS第48章	620				none	0.0	unmapped
48081000	瓦楞纸及纸板，不论是否穿孔	瓦楞纸及纸板，不论是否穿孔	480810	瓦楞纸及纸板，不论是否穿孔	48	HS第48章	620				none	0.0	unmapped
48084000	皱纹牛皮纸，不论是否压花或穿 孔	皱纹牛皮纸，不论是否压花或穿 孔	480840	皱纹牛皮纸，不论是否压花或穿	48	HS第48章	620				none	0.0	unmapped
48089000	其他	其他	480890	其他	48	HS第48章	620				none	0.0	unmapped
48092000	自印复写纸	自印复写纸	480920	自印复写纸	48	HS第48章	620				none	0.0	unmapped
48099000	其他	其他	480990	其他	48	HS第48章	620				none	0.0	unmapped
48101300	书写、印刷或类似用途的纸及纸 板，不含用机械或化学—机械方 法制得的纤维或所含前述纤维不 超过全部纤维重量的10％： 成卷的	书写、印刷或类似用途的纸及纸 板，不含用机械或化学—机械方 法制得的纤维或所含前述纤维不 超过全部纤维重量的10％： 成卷的	481013	书写、印刷或类似用途的纸及纸 板，不含用机械或化学—机械方 法制得的纤维或所含前述纤维不 超过全部纤维重量的10％： / 成卷的	48	HS第48章	620				none	0.0	unmapped
48101400	成张的，一边不超过435毫米， 另一边不超过297毫米（以未折叠 计）	成张的，一边不超过435毫米， 另一边不超过297毫米（以未折叠 计）	481014	书写、印刷或类似用途的纸及纸 板，不含用机械或化学—机械方 法制得的纤维或所含前述纤维不 超过全部纤维重量的10％： / 成张的，一边不超过435毫米，	48	HS第48章	620				none	0.0	unmapped
48101900	其他	其他	481019	书写、印刷或类似用途的纸及纸 板，不含用机械或化学—机械方 法制得的纤维或所含前述纤维不 超过全部纤维重量的10％： / 其他	48	HS第48章	620				none	0.0	unmapped
48102200	轻质涂布纸	轻质涂布纸	481022	书写、印刷或类似用途的纸及纸 板，不含用机械或化学—机械方 法制得的纤维或所含前述纤维不 超过全部纤维重量的10％： / 轻质涂布纸	48	HS第48章	621				none	0.0	unmapped
48102900	其他	其他	481029	书写、印刷或类似用途的纸及纸 板，不含用机械或化学—机械方 法制得的纤维或所含前述纤维不 超过全部纤维重量的10％： / 其他	48	HS第48章	621				none	0.0	unmapped
48103100	牛皮纸及纸板，但书写、印刷或 类似用途的除外： 本体均匀漂白，所含用化学方法 制得的木纤维超过全部纤维重量 的95％，每平方米重量不超过150 克	牛皮纸及纸板，但书写、印刷或 类似用途的除外： 本体均匀漂白，所含用化学方法 制得的木纤维超过全部纤维重量 的95％，每平方米重量不超过150 克	481031	牛皮纸及纸板，但书写、印刷或 类似用途的除外： / 本体均匀漂白，所含用化学方法	48	HS第48章	621				none	0.0	unmapped
48103200	本体均匀漂白，所含用化学方法 制得的木纤维超过全部纤维重量 的95％，每平方米重量超过150 克	本体均匀漂白，所含用化学方法 制得的木纤维超过全部纤维重量 的95％，每平方米重量超过150 克	481032	牛皮纸及纸板，但书写、印刷或 类似用途的除外： / 本体均匀漂白，所含用化学方法	48	HS第48章	621				none	0.0	unmapped
48103900	其他	其他	481039	牛皮纸及纸板，但书写、印刷或 类似用途的除外： / 其他	48	HS第48章	621				none	0.0	unmapped
48109200	其他纸及纸板： 多层的	其他纸及纸板： 多层的	481092	其他纸及纸板： / 多层的	48	HS第48章	621				none	0.0	unmapped
48109900	其他	其他	481099	其他纸及纸板： / 其他	48	HS第48章	621				none	0.0	unmapped
48111000	焦油纸及纸板、沥青纸及纸板	焦油纸及纸板、沥青纸及纸板	481110	焦油纸及纸板、沥青纸及纸板	48	HS第48章	621				none	0.0	unmapped
48114100	胶粘纸及纸板： 自粘的	胶粘纸及纸板： 自粘的	481141	胶粘纸及纸板： / 自粘的	48	HS第48章	621				none	0.0	unmapped
48114900	其他	其他	481149	胶粘纸及纸板： / 其他	48	HS第48章	621				none	0.0	unmapped
48115110	用塑料（不包括粘合剂）涂布、 浸渍或覆盖的纸及纸板： --漂白的，每平方米重量超过150 克： 彩色相纸用双面涂塑纸	用塑料（不包括粘合剂）涂布、 浸渍或覆盖的纸及纸板： --漂白的，每平方米重量超过150 克： 彩色相纸用双面涂塑纸	481151	用塑料（不包括粘合剂）涂布、 浸渍或覆盖的纸及纸板： / 漂白的，每平方米重量超过150 克	48	HS第48章	621				none	0.0	unmapped
48115191	其他： 纸塑铝复合材料	其他： 纸塑铝复合材料	481151	用塑料（不包括粘合剂）涂布、 浸渍或覆盖的纸及纸板： / 漂白的，每平方米重量超过150 克	48	HS第48章	621				none	0.0	unmapped
48115199	其他： 其他	其他： 其他	481151	用塑料（不包括粘合剂）涂布、 浸渍或覆盖的纸及纸板： / 漂白的，每平方米重量超过150 克	48	HS第48章	621				none	0.0	unmapped
48115910	其他： 绝缘纸及纸板	其他： 绝缘纸及纸板	481159	用塑料（不包括粘合剂）涂布、 浸渍或覆盖的纸及纸板： / 其他	48	HS第48章	621				none	0.0	unmapped
48115991	其他： 镀铝的	其他： 镀铝的	481159	用塑料（不包括粘合剂）涂布、 浸渍或覆盖的纸及纸板： / 其他	48	HS第48章	621				none	0.0	unmapped
48115999	其他： 其他	其他： 其他	481159	用塑料（不包括粘合剂）涂布、 浸渍或覆盖的纸及纸板： / 其他	48	HS第48章	621				none	0.0	unmapped
48116010	绝缘纸及纸板	绝缘纸及纸板	481160	用蜡、石蜡、硬脂精、油或甘油 涂布、浸渍、覆盖的纸及纸板	48	HS第48章	622				none	0.0	unmapped
48116090	其他	其他	481160	用蜡、石蜡、硬脂精、油或甘油 涂布、浸渍、覆盖的纸及纸板	48	HS第48章	622				none	0.0	unmapped
48119000	其他纸、纸板、纤维素絮纸及纤 维素纤维网纸	其他纸、纸板、纤维素絮纸及纤 维素纤维网纸	481190	其他纸、纸板、纤维素絮纸及纤	48	HS第48章	622				none	0.0	unmapped
48120000	纸浆制的滤块、滤板及滤片	纸浆制的滤块、滤板及滤片	481200	纸浆制的滤块、滤板及滤片	48	HS第48章	622				none	0.0	unmapped
48131000	成小本或管状	成小本或管状	481310	成小本或管状	48	HS第48章	622				none	0.0	unmapped
48132000	宽度不超过5厘米成卷的	宽度不超过5厘米成卷的	481320	宽度不超过5厘米成卷的	48	HS第48章	622				none	0.0	unmapped
48139000	其他	其他	481390	其他	48	HS第48章	622				none	0.0	unmapped
48142000	用塑料涂面或盖面的壁纸及类 似品，起纹、压花、着色、印刷 图案或经其他装饰	用塑料涂面或盖面的壁纸及类 似品，起纹、压花、着色、印刷 图案或经其他装饰	481420	用塑料涂面或盖面的壁纸及类	48	HS第48章	622				none	0.0	unmapped
48149000	其他	其他	481490	其他	48	HS第48章	622				none	0.0	unmapped
48162000	自印复写纸	自印复写纸	481620	自印复写纸	48	HS第48章	622				none	0.0	unmapped
48169010	其他： 热敏转印纸	其他： 热敏转印纸	481690	其他	48	HS第48章	622				none	0.0	unmapped
48169090	其他	其他	481690	其他	48	HS第48章	622				none	0.0	unmapped
48171000	信封	信封	481710	信封	48	HS第48章	622				none	0.0	unmapped
48172000	封缄信片、素色明信片及通信卡 片	封缄信片、素色明信片及通信卡 片	481720	封缄信片、素色明信片及通信卡	48	HS第48章	622				none	0.0	unmapped
48173000	纸或纸板制的盒子、袋子及夹 子，内装各种纸制文具	纸或纸板制的盒子、袋子及夹 子，内装各种纸制文具	481730	纸或纸板制的盒子、袋子及夹	48	HS第48章	622				none	0.0	unmapped
48181000	卫生纸	卫生纸	481810	卫生纸	48	HS第48章	622				none	0.0	unmapped
48182000	纸手帕及纸面巾	纸手帕及纸面巾	481820	纸手帕及纸面巾	48	HS第48章	622				none	0.0	unmapped
48183000	纸台布及纸餐巾	纸台布及纸餐巾	481830	纸台布及纸餐巾	48	HS第48章	622				none	0.0	unmapped
48185000	衣服及衣着附件	衣服及衣着附件	481850	衣服及衣着附件	48	HS第48章	622				none	0.0	unmapped
48189000	其他	其他	481890	其他	48	HS第48章	622				none	0.0	unmapped
48191000	瓦楞纸或纸板制的箱、盒、匣	瓦楞纸或纸板制的箱、盒、匣	481910	瓦楞纸或纸板制的箱、盒、匣	48	HS第48章	623				none	0.0	unmapped
48192000	非瓦楞纸或纸板制的可折叠箱、 盒、匣	非瓦楞纸或纸板制的可折叠箱、 盒、匣	481920	非瓦楞纸或纸板制的可折叠箱、	48	HS第48章	623				none	0.0	unmapped
48193000	底宽40厘米及以上的纸袋	底宽40厘米及以上的纸袋	481930	底宽40厘米及以上的纸袋	48	HS第48章	623				none	0.0	unmapped
48194000	其他纸袋，包括锥形袋	其他纸袋，包括锥形袋	481940	其他纸袋，包括锥形袋	48	HS第48章	623				none	0.0	unmapped
48195000	其他包装容器，包括唱片套	其他包装容器，包括唱片套	481950	其他包装容器，包括唱片套	48	HS第48章	623				none	0.0	unmapped
48196000	办公室、商店及类似场所使用的 卷宗盒、信件盘、存储盒及类似 品	办公室、商店及类似场所使用的 卷宗盒、信件盘、存储盒及类似 品	481960	办公室、商店及类似场所使用的	48	HS第48章	623				none	0.0	unmapped
48201000	登记本、账本、笔记本、订货本、 收据本、信笺本、记事本、日记 本及类似品	登记本、账本、笔记本、订货本、 收据本、信笺本、记事本、日记 本及类似品	482010	登记本、账本、笔记本、订货本、	48	HS第48章	623				none	0.0	unmapped
48202000	练习本	练习本	482020	练习本	48	HS第48章	623				none	0.0	unmapped
48203000	活动封面（书籍封面除外）、文 件夹及卷宗皮	活动封面（书籍封面除外）、文 件夹及卷宗皮	482030	活动封面（书籍封面除外）、文	48	HS第48章	623				none	0.0	unmapped
48204000	多联商业表格纸、页间夹有复写 纸的本	多联商业表格纸、页间夹有复写 纸的本	482040	多联商业表格纸、页间夹有复写	48	HS第48章	623				none	0.0	unmapped
48205000	样品簿及粘贴簿	样品簿及粘贴簿	482050	样品簿及粘贴簿	48	HS第48章	623				none	0.0	unmapped
48209000	其他	其他	482090	其他	48	HS第48章	623				none	0.0	unmapped
48211000	印制	印制	482110	印制	48	HS第48章	623				none	0.0	unmapped
48219000	其他	其他	482190	其他	48	HS第48章	623				none	0.0	unmapped
48221000	纺织纱线用	纺织纱线用	482210	纺织纱线用	48	HS第48章	623				none	0.0	unmapped
48229000	其他	其他	482290	其他	48	HS第48章	623				none	0.0	unmapped
48232000	滤纸及纸板	滤纸及纸板	482320	滤纸及纸板	48	HS第48章	624				none	0.0	unmapped
48234000	已印制的自动记录器用打印纸 卷、纸张及纸盘	已印制的自动记录器用打印纸 卷、纸张及纸盘	482340	已印制的自动记录器用打印纸	48	HS第48章	624				none	0.0	unmapped
48236100	纸或纸板制的盘、碟、盆、杯及 类似品： 竹浆纸制	纸或纸板制的盘、碟、盆、杯及 类似品： 竹浆纸制	482361	纸或纸板制的盘、碟、盆、杯及 类似品： / 竹浆纸制	48	HS第48章	624				none	0.0	unmapped
48236910	其他： 非木植物浆制	其他： 非木植物浆制	482369	纸或纸板制的盘、碟、盆、杯及 类似品： / 其他	48	HS第48章	624				none	0.0	unmapped
48236990	其他	其他	482369	纸或纸板制的盘、碟、盆、杯及 类似品： / 其他	48	HS第48章	624				none	0.0	unmapped
48237000	压制或模制纸浆制品	压制或模制纸浆制品	482370	压制或模制纸浆制品	48	HS第48章	624				none	0.0	unmapped
48239010	其他： 以纸或纸板为底制成的铺地制 品	其他： 以纸或纸板为底制成的铺地制 品	482390	其他	48	HS第48章	624				none	0.0	unmapped
48239020	神纸及类似用品	神纸及类似用品	482390	其他	48	HS第48章	624				none	0.0	unmapped
48239030	纸扇	纸扇	482390	其他	48	HS第48章	624				none	0.0	unmapped
48239090	其他	其他	482390	其他	48	HS第48章	624				none	0.0	unmapped
49011000	单张的，不论是否折叠	单张的，不论是否折叠	490110	单张的，不论是否折叠	49	HS第49章	625				none	0.0	unmapped
49019100	其他： 字典或百科全书及其连续出版 的分册	其他： 字典或百科全书及其连续出版 的分册	490191	其他： / 字典或百科全书及其连续出版	49	HS第49章	625				none	0.0	unmapped
49019900	其他	其他	490199	其他： / 其他	49	HS第49章	625				none	0.0	unmapped
49021000	每周至少出版四次	每周至少出版四次	490210	每周至少出版四次	49	HS第49章	626				none	0.0	unmapped
49029000	其他	其他	490290	其他	49	HS第49章	626				none	0.0	unmapped
49030000	儿童图画书、绘画或涂色书	儿童图画书、绘画或涂色书	490300	儿童图画书、绘画或涂色书	49	HS第49章	626				none	0.0	unmapped
49040000	乐谱原稿或印本，不论是否装订 或印有插图	乐谱原稿或印本，不论是否装订 或印有插图	490400	乐谱原稿或印本，不论是否装订 或印有插图	49	HS第49章	626				none	0.0	unmapped
49052000	成册的	成册的	490520	成册的	49	HS第49章	626				none	0.0	unmapped
49059000	其他	其他	490590	其他	49	HS第49章	626				none	0.0	unmapped
49060000	手绘的建筑、工程、工业、商业、 地形或类似用途的设计图纸原 稿；手稿；用感光纸照相复印或 用复写纸眷写的上述物品复制件	手绘的建筑、工程、工业、商业、 地形或类似用途的设计图纸原 稿；手稿；用感光纸照相复印或 用复写纸眷写的上述物品复制件	490600	手绘的建筑、工程、工业、商业、 地形或类似用途的设计图纸原 稿；手稿；用感光纸照相复印或 用复写纸眷写的上述物品复制 件	49	HS第49章	626				none	0.0	unmapped
49070010	邮票	邮票	490700	在承认或将承认其面值的国家流 通或新发行并且未经使用的邮 票、印花税票及类似票证；印有 邮票或印花税票的纸品；钞票； 空白支票；股票、债券及类似所 有权凭证	49	HS第49章	627				none	0.0	unmapped
49070020	钞票	钞票	490700	在承认或将承认其面值的国家流 通或新发行并且未经使用的邮 票、印花税票及类似票证；印有 邮票或印花税票的纸品；钞票； 空白支票；股票、债券及类似所 有权凭证	49	HS第49章	627				none	0.0	unmapped
49070030	证券凭证	证券凭证	490700	在承认或将承认其面值的国家流 通或新发行并且未经使用的邮 票、印花税票及类似票证；印有 邮票或印花税票的纸品；钞票； 空白支票；股票、债券及类似所 有权凭证	49	HS第49章	627				none	0.0	unmapped
49070090	其他 给予存取、安装、复制或使用软 件(含游戏)、数据、互联网内容物 (含游戏内或应用程序内内容物)、 服务或电信服务(含移动服务)权 利的印刷品①	其他 给予存取、安装、复制或使用软 件(含游戏)、数据、互联网内容物 (含游戏内或应用程序内内容物)、 服务或电信服务(含移动服务)权 利的印刷品①	490700	在承认或将承认其面值的国家流 通或新发行并且未经使用的邮 票、印花税票及类似票证；印有 邮票或印花税票的纸品；钞票； 空白支票；股票、债券及类似所 有权凭证	49	HS第49章	627				none	0.0	unmapped
49081000	釉转印贴花纸（移画印花法用图 案纸）	釉转印贴花纸（移画印花法用图 案纸）	490810	釉转印贴花纸（移画印花法用图	49	HS第49章	627				none	0.0	unmapped
49089000	其他	其他	490890	其他	49	HS第49章	627				none	0.0	unmapped
49090010	印刷或有图画的明信片	印刷或有图画的明信片	490900	印刷或有图画的明信片；印有个 人问候、祝贺、通告的卡片，不 论是否有图画、带信封或饰边	49	HS第49章	627				none	0.0	unmapped
49090090	其他	其他	490900	印刷或有图画的明信片；印有个 人问候、祝贺、通告的卡片，不 论是否有图画、带信封或饰边	49	HS第49章	627				none	0.0	unmapped
49100000	印刷的各种日历，包括日历芯	印刷的各种日历，包括日历芯	491000	印刷的各种日历，包括日历芯： 扩围协议不影响一成员有关服务贸易市场准入的权利和义务,也不妨碍其监管服务市场。	49	HS第49章	628				none	0.0	unmapped
49111010	商业广告品、商品目录及类似印 刷品： 无商业价值的	商业广告品、商品目录及类似印 刷品： 无商业价值的	491110	商业广告品、商品目录及类似印 刷品	49	HS第49章	628				none	0.0	unmapped
49111090	其他	其他	491110	商业广告品、商品目录及类似印 刷品	49	HS第49章	628				none	0.0	unmapped
49119100	其他： 图片、设计图样及照片	其他： 图片、设计图样及照片	491191	其他： / 图片、设计图样及照片	49	HS第49章	628				none	0.0	unmapped
49119910	其他： 纸质的 给予存取、安装、复制或使用软 件(含游戏)、数据、互联网内容物 (含游戏内或应用程序内内容物)、 服务或电信服务(含移动服务)权 利的印刷品①	其他： 纸质的 给予存取、安装、复制或使用软 件(含游戏)、数据、互联网内容物 (含游戏内或应用程序内内容物)、 服务或电信服务(含移动服务)权 利的印刷品①	491199	其他	49	HS第49章	628				none	0.0	unmapped
49119990	其他 给予存取、安装、复制或使用软 件(含游戏)、数据、互联网内容物 (含游戏内或应用程序内内容物)、 服务或电信服务(含移动服务)权 利的印刷品② 扩围协议不影响一成员有关服务贸易市场准入的权利和义务,也不妨碍其监管服务市场。 扩围协议不影响一成员有关服务贸易市场准入的权利和义务,也不妨碍其监管服务市场。	其他 给予存取、安装、复制或使用软 件(含游戏)、数据、互联网内容物 (含游戏内或应用程序内内容物)、 服务或电信服务(含移动服务)权 利的印刷品② 扩围协议不影响一成员有关服务贸易市场准入的权利和义务,也不妨碍其监管服务市场。 扩围协议不影响一成员有关服务贸易市场准入的权利和义务,也不妨碍其监管服务市场。	491199	其他	49	HS第49章	628				none	0.0	unmapped
50010010	适于缫丝的桑蚕茧	适于缫丝的桑蚕茧	500100	适于缫丝的蚕茧	50	HS第50章	632				none	0.0	unmapped
50010090	其他	其他	500100	适于缫丝的蚕茧	50	HS第50章	632				none	0.0	unmapped
50020011	桑蚕丝： 厂丝	桑蚕丝： 厂丝	500200	生丝（未加捻）	50	HS第50章	632				none	0.0	unmapped
50020012	桑蚕丝： 土丝	桑蚕丝： 土丝	500200	生丝（未加捻）	50	HS第50章	632				none	0.0	unmapped
50020013	桑蚕丝： 双宫丝	桑蚕丝： 双宫丝	500200	生丝（未加捻）	50	HS第50章	633				none	0.0	unmapped
50020019	桑蚕丝： 其他	桑蚕丝： 其他	500200	生丝（未加捻）	50	HS第50章	633				none	0.0	unmapped
50020020	柞蚕丝	柞蚕丝	500200	生丝（未加捻）	50	HS第50章	633				none	0.0	unmapped
50020090	其他	其他	500200	生丝（未加捻）	50	HS第50章	633				none	0.0	unmapped
50030011	未梳： 下茧、茧衣、长吐、滞头	未梳： 下茧、茧衣、长吐、滞头	500300	废丝（包括不适于缫丝的蚕茧、 废纱及回收纤维）	50	HS第50章	633				none	0.0	unmapped
50030012	未梳： 回收纤维	未梳： 回收纤维	500300	废丝（包括不适于缫丝的蚕茧、 废纱及回收纤维）	50	HS第50章	633				none	0.0	unmapped
50030019	未梳： 其他	未梳： 其他	500300	废丝（包括不适于缫丝的蚕茧、 废纱及回收纤维）	50	HS第50章	634				none	0.0	unmapped
50030091	其他： 绵球	其他： 绵球	500300	废丝（包括不适于缫丝的蚕茧、 废纱及回收纤维）	50	HS第50章	634				none	0.0	unmapped
50030099	其他： 其他	其他： 其他	500300	废丝（包括不适于缫丝的蚕茧、 废纱及回收纤维）	50	HS第50章	634				none	0.0	unmapped
50040000	丝纱线（绢纺纱线除外），非供零 售用	丝纱线（绢纺纱线除外），非供零 售用	500400	丝纱线（绢纺纱线除外），非供零 售用	50	HS第50章	634				none	0.0	unmapped
50050010	细丝纱线	细丝纱线	500500	绢纺纱线，非供零售用	50	HS第50章	634				none	0.0	unmapped
50050090	其他	其他	500500	绢纺纱线，非供零售用	50	HS第50章	634				none	0.0	unmapped
50060000	丝纱线及绢纺纱线，供零售用； 蚕胶丝	丝纱线及绢纺纱线，供零售用； 蚕胶丝	500600	丝纱线及绢纺纱线，供零售用； 蚕胶丝	50	HS第50章	634				none	0.0	unmapped
50071010	未漂白（包括未练白或练白） 或漂白	未漂白（包括未练白或练白） 或漂白	500710	细丝机织物	50	HS第50章	635				none	0.0	unmapped
50071090	其他	其他	500710	细丝机织物	50	HS第50章	635				none	0.0	unmapped
50072011	其他机织物，按重量计丝或绢丝 （细丝除外）含量在85％及以上： ---桑蚕丝机织物： 未漂白（包括未练白或练白） 或漂白	其他机织物，按重量计丝或绢丝 （细丝除外）含量在85％及以上： ---桑蚕丝机织物： 未漂白（包括未练白或练白） 或漂白	500720	其他机织物，按重量计丝或绢丝 （细丝除外）含量在85％及以上	50	HS第50章	635				none	0.0	unmapped
50072019	桑蚕丝机织物： 其他	桑蚕丝机织物： 其他	500720	其他机织物，按重量计丝或绢丝 （细丝除外）含量在85％及以上	50	HS第50章	635				none	0.0	unmapped
50072021	柞蚕丝机织物： 未漂白（包括未练白或练白） 或漂白	柞蚕丝机织物： 未漂白（包括未练白或练白） 或漂白	500720	其他机织物，按重量计丝或绢丝 （细丝除外）含量在85％及以上	50	HS第50章	635				none	0.0	unmapped
50072029	柞蚕丝机织物： 其他	柞蚕丝机织物： 其他	500720	其他机织物，按重量计丝或绢丝 （细丝除外）含量在85％及以上	50	HS第50章	635				none	0.0	unmapped
50072031	绢丝机织物： 未漂白（包括未练白或练白） 或漂白	绢丝机织物： 未漂白（包括未练白或练白） 或漂白	500720	其他机织物，按重量计丝或绢丝 （细丝除外）含量在85％及以上	50	HS第50章	636				none	0.0	unmapped
50072039	绢丝机织物： 其他	绢丝机织物： 其他	500720	其他机织物，按重量计丝或绢丝 （细丝除外）含量在85％及以上	50	HS第50章	636				none	0.0	unmapped
50072090	其他	其他	500720	其他机织物，按重量计丝或绢丝 （细丝除外）含量在85％及以上	50	HS第50章	636				none	0.0	unmapped
50079010	其他机织物： 未漂白（包括未练白或练白） 或漂白	其他机织物： 未漂白（包括未练白或练白） 或漂白	500790	其他机织物	50	HS第50章	636				none	0.0	unmapped
50079090	其他	其他	500790	其他机织物	50	HS第50章	636				none	0.0	unmapped
51011100	含脂羊毛，包括剪前水洗毛： 剪羊毛	含脂羊毛，包括剪前水洗毛： 剪羊毛	510111	含脂羊毛，包括剪前水洗毛： / 剪羊毛	51	HS第51章	637				none	0.0	unmapped
51011900	其他	其他	510119	含脂羊毛，包括剪前水洗毛： / 其他	51	HS第51章	637				none	0.0	unmapped
51012100	脱脂羊毛，未碳化： 剪羊毛	脱脂羊毛，未碳化： 剪羊毛	510121	脱脂羊毛，未碳化： / 剪羊毛	51	HS第51章	637				none	0.0	unmapped
51012900	其他	其他	510129	脱脂羊毛，未碳化： / 其他	51	HS第51章	637				none	0.0	unmapped
51013000	碳化羊毛	碳化羊毛	510130	碳化羊毛	51	HS第51章	637				none	0.0	unmapped
51021100	细毛： 喀什米尔山羊的	细毛： 喀什米尔山羊的	510211	细毛： / 喀什米尔山羊的	51	HS第51章	637				none	0.0	unmapped
51021910	兔毛	兔毛	510219	细毛： / 其他	51	HS第51章	638				none	0.0	unmapped
51021920	其他山羊绒	其他山羊绒	510219	细毛： / 其他	51	HS第51章	638				none	0.0	unmapped
51021930	骆驼毛、骆驼绒	骆驼毛、骆驼绒	510219	细毛： / 其他	51	HS第51章	638				none	0.0	unmapped
51021990	其他	其他	510219	细毛： / 其他	51	HS第51章	638				none	0.0	unmapped
51022000	粗毛	粗毛	510220	粗毛	51	HS第51章	638				none	0.0	unmapped
51031010	羊毛或动物细毛的落毛： 羊毛落毛	羊毛或动物细毛的落毛： 羊毛落毛	510310	羊毛或动物细毛的落毛	51	HS第51章	638				none	0.0	unmapped
51031090	其他	其他	510310	羊毛或动物细毛的落毛	51	HS第51章	639				none	0.0	unmapped
51032010	羊毛或动物细毛的其他废料： 羊毛废料	羊毛或动物细毛的其他废料： 羊毛废料	510320	羊毛或动物细毛的其他废料	51	HS第51章	639				none	0.0	unmapped
51032090	其他	其他	510320	羊毛或动物细毛的其他废料	51	HS第51章	639				none	0.0	unmapped
51033000	动物粗毛废料	动物粗毛废料	510330	动物粗毛废料	51	HS第51章	639				none	0.0	unmapped
51040010	羊毛的回收纤维	羊毛的回收纤维	510400	羊毛或动物细毛或粗毛的回收纤 维	51	HS第51章	639				none	0.0	unmapped
51040090	其他	其他	510400	羊毛或动物细毛或粗毛的回收纤 维	51	HS第51章	639				none	0.0	unmapped
51051000	粗梳羊毛	粗梳羊毛	510510	粗梳羊毛	51	HS第51章	639				none	0.0	unmapped
51052100	精梳片毛	精梳片毛	510521	粗梳羊毛 / 精梳片毛	51	HS第51章	640				none	0.0	unmapped
51052900	其他	其他	510529	粗梳羊毛 / 其他	51	HS第51章	640				none	0.0	unmapped
51053100	已梳动物细毛： 喀什米尔山羊的	已梳动物细毛： 喀什米尔山羊的	510531	已梳动物细毛： / 喀什米尔山羊的	51	HS第51章	640				none	0.0	unmapped
51053910	其他： 兔毛	其他： 兔毛	510539	已梳动物细毛： / 其他	51	HS第51章	640				none	0.0	unmapped
51053921	其他山羊绒： 无毛山羊绒	其他山羊绒： 无毛山羊绒	510539	已梳动物细毛： / 其他	51	HS第51章	640				none	0.0	unmapped
51053929	其他山羊绒： 其他	其他山羊绒： 其他	510539	已梳动物细毛： / 其他	51	HS第51章	640				none	0.0	unmapped
51053990	其他	其他	510539	已梳动物细毛： / 其他	51	HS第51章	640				none	0.0	unmapped
51054000	已梳动物粗毛	已梳动物粗毛	510540	已梳动物粗毛	51	HS第51章	640				none	0.0	unmapped
51061000	按重量计羊毛含量在85％及以 上	按重量计羊毛含量在85％及以 上	510610	按重量计羊毛含量在85％及以	51	HS第51章	641				none	0.0	unmapped
51062000	按重量计羊毛含量在85％以下	按重量计羊毛含量在85％以下	510620	按重量计羊毛含量在85％以下	51	HS第51章	641				none	0.0	unmapped
51071000	按重量计羊毛含量在85％及以 上	按重量计羊毛含量在85％及以 上	510710	按重量计羊毛含量在85％及以	51	HS第51章	641				none	0.0	unmapped
51072000	按重量计羊毛含量在85％以下	按重量计羊毛含量在85％以下	510720	按重量计羊毛含量在85％以下	51	HS第51章	641				none	0.0	unmapped
51081011	粗梳： ---按重量计动物细毛含量在85％ 及以上的： 山羊绒的	粗梳： ---按重量计动物细毛含量在85％ 及以上的： 山羊绒的	510810	粗梳	51	HS第51章	641				none	0.0	unmapped
51081019	按重量计动物细毛含量在85％ 及以上的： 其他	按重量计动物细毛含量在85％ 及以上的： 其他	510810	粗梳	51	HS第51章	641				none	0.0	unmapped
51081090	其他	其他	510810	粗梳	51	HS第51章	641				none	0.0	unmapped
51082011	精梳： ---按重量计动物细毛含量在85％ 及以上的： 山羊绒的	精梳： ---按重量计动物细毛含量在85％ 及以上的： 山羊绒的	510820	精梳	51	HS第51章	641				none	0.0	unmapped
51082019	按重量计动物细毛含量在85％ 及以上的： 其他	按重量计动物细毛含量在85％ 及以上的： 其他	510820	精梳	51	HS第51章	642				none	0.0	unmapped
51082090	其他	其他	510820	精梳	51	HS第51章	642				none	0.0	unmapped
51091011	按重量计羊毛或动物细毛含量 在85％及以上： ---动物细毛的： 山羊绒的	按重量计羊毛或动物细毛含量 在85％及以上： ---动物细毛的： 山羊绒的	510910	按重量计羊毛或动物细毛含量 在85％及以上	51	HS第51章	642				none	0.0	unmapped
51091019	动物细毛的： 其他	动物细毛的： 其他	510910	按重量计羊毛或动物细毛含量 在85％及以上	51	HS第51章	642				none	0.0	unmapped
51091090	其他	其他	510910	按重量计羊毛或动物细毛含量 在85％及以上	51	HS第51章	642				none	0.0	unmapped
51099011	其他： ---动物细毛的： 山羊绒的	其他： ---动物细毛的： 山羊绒的	510990	其他	51	HS第51章	642				none	0.0	unmapped
51099019	动物细毛的： 其他	动物细毛的： 其他	510990	其他	51	HS第51章	642				none	0.0	unmapped
51099090	其他	其他	510990	其他	51	HS第51章	642				none	0.0	unmapped
51100000	动物粗毛或马毛的纱线（包括马 毛粗松螺旋花线），不论是否供零 售用	动物粗毛或马毛的纱线（包括马 毛粗松螺旋花线），不论是否供零 售用	511000	动物粗毛或马毛的纱线（包括马 毛粗松螺旋花线），不论是否供零 售用	51	HS第51章	643				none	0.0	unmapped
51111111	按重量计羊毛或动物细毛含量 在85％及以上： --每平方米重量不超过300克： ---动物细毛的： 山羊绒的	按重量计羊毛或动物细毛含量 在85％及以上： --每平方米重量不超过300克： ---动物细毛的： 山羊绒的	511111	按重量计羊毛或动物细毛含量 在85％及以上： / 每平方米重量不超过300克	51	HS第51章	643				none	0.0	unmapped
51111119	动物细毛的： 其他	动物细毛的： 其他	511111	按重量计羊毛或动物细毛含量 在85％及以上： / 每平方米重量不超过300克	51	HS第51章	643				none	0.0	unmapped
51111190	其他	其他	511111	按重量计羊毛或动物细毛含量 在85％及以上： / 每平方米重量不超过300克	51	HS第51章	643				none	0.0	unmapped
51111911	动物细毛的： 山羊绒的	动物细毛的： 山羊绒的	511119	按重量计羊毛或动物细毛含量 在85％及以上： / 其他	51	HS第51章	644				none	0.0	unmapped
51111919	动物细毛的： 其他	动物细毛的： 其他	511119	按重量计羊毛或动物细毛含量 在85％及以上： / 其他	51	HS第51章	644				none	0.0	unmapped
51111990	其他	其他	511119	按重量计羊毛或动物细毛含量 在85％及以上： / 其他	51	HS第51章	644				none	0.0	unmapped
51112000	其他，主要或仅与化学纤维长丝 混纺	其他，主要或仅与化学纤维长丝 混纺	511120	其他，主要或仅与化学纤维长丝	51	HS第51章	644				none	0.0	unmapped
51113000	其他，主要或仅与化学纤维短纤 混纺	其他，主要或仅与化学纤维短纤 混纺	511130	其他，主要或仅与化学纤维短纤	51	HS第51章	644				none	0.0	unmapped
51119000	其他	其他	511190	其他	51	HS第51章	644				none	0.0	unmapped
51121100	每平方米重量不超过200克	每平方米重量不超过200克	511211	按重量计羊毛或动物细毛含量 在85％及以上： / 每平方米重量不超过200克	51	HS第51章	645				none	0.0	unmapped
51121900	其他	其他	511219	按重量计羊毛或动物细毛含量 在85％及以上： / 其他	51	HS第51章	645				none	0.0	unmapped
51122000	其他，主要或仅与化学纤维长丝 混纺	其他，主要或仅与化学纤维长丝 混纺	511220	其他，主要或仅与化学纤维长丝	51	HS第51章	645				none	0.0	unmapped
51123000	其他，主要或仅与化学纤维短纤 混纺	其他，主要或仅与化学纤维短纤 混纺	511230	其他，主要或仅与化学纤维短纤	51	HS第51章	645				none	0.0	unmapped
51129000	其他	其他	511290	其他	51	HS第51章	645				none	0.0	unmapped
51130000	动物粗毛或马毛的机织物	动物粗毛或马毛的机织物	511300	动物粗毛或马毛的机织物	51	HS第51章	645				none	0.0	unmapped
52010000	未梳的棉花	未梳的棉花	520100	未梳的棉花	52	HS第52章	646				none	0.0	unmapped
52021000	废棉纱线（包括废棉线）	废棉纱线（包括废棉线）	520210	废棉纱线（包括废棉线）	52	HS第52章	646				none	0.0	unmapped
52029100	其他： 回收纤维	其他： 回收纤维	520291	其他： / 回收纤维	52	HS第52章	646				none	0.0	unmapped
52029900	其他	其他	520299	其他： / 其他	52	HS第52章	646				none	0.0	unmapped
52030000	已梳的棉花	已梳的棉花	520300	已梳的棉花	52	HS第52章	646				none	0.0	unmapped
52041100	非供零售用： 按重量计含棉量在85％及以上	非供零售用： 按重量计含棉量在85％及以上	520411	非供零售用： / 按重量计含棉量在85％及以上	52	HS第52章	646				none	0.0	unmapped
52041900	其他	其他	520419	非供零售用： / 其他	52	HS第52章	647				none	0.0	unmapped
52042000	供零售用	供零售用	520420	供零售用	52	HS第52章	647				none	0.0	unmapped
52051100	未精梳纤维纺制的单纱： 细度在714.29分特及以上（不超 过14公支）	未精梳纤维纺制的单纱： 细度在714.29分特及以上（不超 过14公支）	520511	未精梳纤维纺制的单纱： / 细度在714.29分特及以上（不超	52	HS第52章	647				none	0.0	unmapped
52051200	细度在714.29分特以下，但不细 于232.56分特（超过14公支，但不 超过43公支）	细度在714.29分特以下，但不细 于232.56分特（超过14公支，但不 超过43公支）	520512	未精梳纤维纺制的单纱： / 细度在714.29分特以下，但不细	52	HS第52章	647				none	0.0	unmapped
52051300	细度在232.56分特以下，但不细 于192.31分特（超过43公支，但不 超过52公支）	细度在232.56分特以下，但不细 于192.31分特（超过43公支，但不 超过52公支）	520513	未精梳纤维纺制的单纱： / 细度在232.56分特以下，但不细	52	HS第52章	647				none	0.0	unmapped
52051400	细度在192.31分特以下，但不细 于125分特（超过52公支，但不超 过80公支）	细度在192.31分特以下，但不细 于125分特（超过52公支，但不超 过80公支）	520514	未精梳纤维纺制的单纱： / 细度在192.31分特以下，但不细	52	HS第52章	647				none	0.0	unmapped
52051500	细度在125分特以下（超过80公 支）	细度在125分特以下（超过80公 支）	520515	未精梳纤维纺制的单纱： / 细度在125分特以下（超过80公	52	HS第52章	647				none	0.0	unmapped
52052100	细度在714.29分特及以上（不超 过14公支）	细度在714.29分特及以上（不超 过14公支）	520521	精梳纤维纺制的单纱： / 细度在714.29分特及以上（不超	52	HS第52章	648				none	0.0	unmapped
52052200	细度在714.29分特以下，但不细 于232.56分特（超过14公支，但不 超过43公支）	细度在714.29分特以下，但不细 于232.56分特（超过14公支，但不 超过43公支）	520522	精梳纤维纺制的单纱： / 细度在714.29分特以下，但不细	52	HS第52章	648				none	0.0	unmapped
52052300	细度在232.56分特以下，但不细 于192.31分特（超过43公支，但不 超过52公支）	细度在232.56分特以下，但不细 于192.31分特（超过43公支，但不 超过52公支）	520523	精梳纤维纺制的单纱： / 细度在232.56分特以下，但不细	52	HS第52章	648				none	0.0	unmapped
52052400	细度在192.31分特以下，但不细 于125分特（超过52公支，但不超 过80公支）	细度在192.31分特以下，但不细 于125分特（超过52公支，但不超 过80公支）	520524	精梳纤维纺制的单纱： / 细度在192.31分特以下，但不细	52	HS第52章	648				none	0.0	unmapped
52052600	细度在125分特以下，但不细于 106.38分特（超过80公支，但不超 过94公支）	细度在125分特以下，但不细于 106.38分特（超过80公支，但不超 过94公支）	520526	精梳纤维纺制的单纱： / 细度在125分特以下，但不细于	52	HS第52章	648				none	0.0	unmapped
52052700	细度在106.38分特以下，但不细 于83.33分特（超过94公支，但不 超过120公支）	细度在106.38分特以下，但不细 于83.33分特（超过94公支，但不 超过120公支）	520527	精梳纤维纺制的单纱： / 细度在106.38分特以下，但不细	52	HS第52章	648				none	0.0	unmapped
52052800	细度在83.33分特以下（超过120 公支）	细度在83.33分特以下（超过120 公支）	520528	精梳纤维纺制的单纱： / 细度在83.33分特以下（超过120	52	HS第52章	648				none	0.0	unmapped
52053100	每根单纱细度在714.29分特及 以上（每根单纱不超过14公支）	每根单纱细度在714.29分特及 以上（每根单纱不超过14公支）	520531	未精梳纤维纺制的多股纱线或 缆线： / 每根单纱细度在714.29分特及	52	HS第52章	649				none	0.0	unmapped
52053200	每根单纱细度在714.29分特以 下，但不细于232.56分特（每根单 纱超过14公支，但不超过43公支）	每根单纱细度在714.29分特以 下，但不细于232.56分特（每根单 纱超过14公支，但不超过43公支）	520532	未精梳纤维纺制的多股纱线或 缆线： / 每根单纱细度在714.29分特以	52	HS第52章	649				none	0.0	unmapped
52053300	每根单纱细度在232.56分特以 下，但不细于192.31分特（每根单 纱超过43公支，但不超过52公支）	每根单纱细度在232.56分特以 下，但不细于192.31分特（每根单 纱超过43公支，但不超过52公支）	520533	未精梳纤维纺制的多股纱线或 缆线： / 每根单纱细度在232.56分特以	52	HS第52章	649				none	0.0	unmapped
52053400	每根单纱细度在192.31分特以 下，但不细于125分特（每根单纱 超过52公支，但不超过80公支）	每根单纱细度在192.31分特以 下，但不细于125分特（每根单纱 超过52公支，但不超过80公支）	520534	未精梳纤维纺制的多股纱线或 缆线： / 每根单纱细度在192.31分特以	52	HS第52章	649				none	0.0	unmapped
52053500	每根单纱细度在125分特以下 （每根单纱超过80公支）	每根单纱细度在125分特以下 （每根单纱超过80公支）	520535	未精梳纤维纺制的多股纱线或 缆线： / 每根单纱细度在125分特以下	52	HS第52章	649				none	0.0	unmapped
52054100	精梳纤维纺制的多股纱线或缆 线： 每根单纱细度在714.29分特及 以上（每根单纱不超过14公支）	精梳纤维纺制的多股纱线或缆 线： 每根单纱细度在714.29分特及 以上（每根单纱不超过14公支）	520541	精梳纤维纺制的多股纱线或缆 线： / 每根单纱细度在714.29分特及	52	HS第52章	649				none	0.0	unmapped
52054200	每根单纱细度在714.29分特以 下，但不细于232.56分特（每根单 纱超过14公支，但不超过43公支）	每根单纱细度在714.29分特以 下，但不细于232.56分特（每根单 纱超过14公支，但不超过43公支）	520542	精梳纤维纺制的多股纱线或缆 线： / 每根单纱细度在714.29分特以	52	HS第52章	649				none	0.0	unmapped
52054300	每根单纱细度在232.56分特以 下，但不细于192.31分特（每根单 纱超过43公支，但不超过52公支）	每根单纱细度在232.56分特以 下，但不细于192.31分特（每根单 纱超过43公支，但不超过52公支）	520543	精梳纤维纺制的多股纱线或缆 线： / 每根单纱细度在232.56分特以	52	HS第52章	650				none	0.0	unmapped
52054400	每根单纱细度在192.31分特以 下，但不细于125分特（每根单纱 超过52公支，但不超过80公支）	每根单纱细度在192.31分特以 下，但不细于125分特（每根单纱 超过52公支，但不超过80公支）	520544	精梳纤维纺制的多股纱线或缆 线： / 每根单纱细度在192.31分特以	52	HS第52章	650				none	0.0	unmapped
52054600	每根单纱细度在125分特以下， 但不细于106.38分特（每根单纱超 过80公支，但不超过94公支）	每根单纱细度在125分特以下， 但不细于106.38分特（每根单纱超 过80公支，但不超过94公支）	520546	精梳纤维纺制的多股纱线或缆 线： / 每根单纱细度在125分特以下，	52	HS第52章	650				none	0.0	unmapped
52054700	每根单纱细度在106.38分特以 下，但不细于83.33分特（每根单 纱超过94公支，但不超过120公 支）	每根单纱细度在106.38分特以 下，但不细于83.33分特（每根单 纱超过94公支，但不超过120公 支）	520547	精梳纤维纺制的多股纱线或缆 线： / 每根单纱细度在106.38分特以	52	HS第52章	650				none	0.0	unmapped
52054800	每根单纱细度在83.33分特以下 （每根单纱超过120公支）	每根单纱细度在83.33分特以下 （每根单纱超过120公支）	520548	精梳纤维纺制的多股纱线或缆 线： / 每根单纱细度在83.33分特以下	52	HS第52章	650				none	0.0	unmapped
52061100	未精梳纤维纺制的单纱： 细度在714.29分特及以上（不超 过14公支）	未精梳纤维纺制的单纱： 细度在714.29分特及以上（不超 过14公支）	520611	未精梳纤维纺制的单纱： / 细度在714.29分特及以上（不超	52	HS第52章	650				none	0.0	unmapped
52061200	细度在714.29分特以下，但不细 于232.56分特（超过14公支，但不 超过43公支）	细度在714.29分特以下，但不细 于232.56分特（超过14公支，但不 超过43公支）	520612	未精梳纤维纺制的单纱： / 细度在714.29分特以下，但不细	52	HS第52章	651				none	0.0	unmapped
52061300	细度在232.56分特以下，但不细 于192.31分特（超过43公支，但不 超过52公支）	细度在232.56分特以下，但不细 于192.31分特（超过43公支，但不 超过52公支）	520613	未精梳纤维纺制的单纱： / 细度在232.56分特以下，但不细	52	HS第52章	651				none	0.0	unmapped
52061400	细度在192.31分特以下，但不细 于125分特（超过52公支，但不超 过80公支）	细度在192.31分特以下，但不细 于125分特（超过52公支，但不超 过80公支）	520614	未精梳纤维纺制的单纱： / 细度在192.31分特以下，但不细	52	HS第52章	651				none	0.0	unmapped
52061500	细度在125分特以下（超过80公 支）	细度在125分特以下（超过80公 支）	520615	未精梳纤维纺制的单纱： / 细度在125分特以下（超过80公	52	HS第52章	651				none	0.0	unmapped
52062100	精梳纤维纺制的单纱： 细度在714.29分特及以上（不超 过14公支）	精梳纤维纺制的单纱： 细度在714.29分特及以上（不超 过14公支）	520621	精梳纤维纺制的单纱： / 细度在714.29分特及以上（不超	52	HS第52章	651				none	0.0	unmapped
52062200	细度在714.29分特以下，但不细 于232.56分特（超过14公支，但不 超过43公支）	细度在714.29分特以下，但不细 于232.56分特（超过14公支，但不 超过43公支）	520622	精梳纤维纺制的单纱： / 细度在714.29分特以下，但不细	52	HS第52章	651				none	0.0	unmapped
52062300	细度在232.56分特以下，但不细 于192.31分特（超过43公支，但不 超过52公支）	细度在232.56分特以下，但不细 于192.31分特（超过43公支，但不 超过52公支）	520623	精梳纤维纺制的单纱： / 细度在232.56分特以下，但不细	52	HS第52章	651				none	0.0	unmapped
52062400	细度在192.31分特以下，但不细 于125分特（超过52公支，但不超 过80公支）	细度在192.31分特以下，但不细 于125分特（超过52公支，但不超 过80公支）	520624	精梳纤维纺制的单纱： / 细度在192.31分特以下，但不细	52	HS第52章	652				none	0.0	unmapped
52062500	细度在125分特以下（超过80公 支）	细度在125分特以下（超过80公 支）	520625	精梳纤维纺制的单纱： / 细度在125分特以下（超过80公	52	HS第52章	652				none	0.0	unmapped
52063100	未精梳纤维纺制的多股纱线或 缆线： 每根单纱细度在714.29分特及 以上（每根单纱不超过14公支）	未精梳纤维纺制的多股纱线或 缆线： 每根单纱细度在714.29分特及 以上（每根单纱不超过14公支）	520631	未精梳纤维纺制的多股纱线或 缆线： / 每根单纱细度在714.29分特及	52	HS第52章	652				none	0.0	unmapped
52063200	每根单纱细度在714.29分特以 下，但不细于232.56分特（每根单 纱超过14公支，但不超过43公支）	每根单纱细度在714.29分特以 下，但不细于232.56分特（每根单 纱超过14公支，但不超过43公支）	520632	未精梳纤维纺制的多股纱线或 缆线： / 每根单纱细度在714.29分特以	52	HS第52章	652				none	0.0	unmapped
52063300	每根单纱细度在232.56分特以 下，但不细于192.31分特（每根单 纱超过43公支，但不超过52公支）	每根单纱细度在232.56分特以 下，但不细于192.31分特（每根单 纱超过43公支，但不超过52公支）	520633	未精梳纤维纺制的多股纱线或 缆线： / 每根单纱细度在232.56分特以	52	HS第52章	652				none	0.0	unmapped
52063400	每根单纱细度在192.31分特以 下，但不细于125分特（每根单纱 超过52公支，但不超过80公支）	每根单纱细度在192.31分特以 下，但不细于125分特（每根单纱 超过52公支，但不超过80公支）	520634	未精梳纤维纺制的多股纱线或 缆线： / 每根单纱细度在192.31分特以	52	HS第52章	652				none	0.0	unmapped
52063500	每根单纱细度在125分特以下 （每根单纱超过80公支）	每根单纱细度在125分特以下 （每根单纱超过80公支）	520635	未精梳纤维纺制的多股纱线或 缆线： / 每根单纱细度在125分特以下	52	HS第52章	652				none	0.0	unmapped
52064100	每根单纱细度在714.29分特及 以上（每根单纱不超过14公支）	每根单纱细度在714.29分特及 以上（每根单纱不超过14公支）	520641	精梳纤维纺制的多股纱线或缆 线： / 每根单纱细度在714.29分特及	52	HS第52章	653				none	0.0	unmapped
52064200	每根单纱细度在714.29分特以 下，但不细于232.56分特（每根单 纱超过14公支，但不超过43公支）	每根单纱细度在714.29分特以 下，但不细于232.56分特（每根单 纱超过14公支，但不超过43公支）	520642	精梳纤维纺制的多股纱线或缆 线： / 每根单纱细度在714.29分特以	52	HS第52章	653				none	0.0	unmapped
52064300	每根单纱细度在232.56分特以 下，但不细于192.31分特（每根单 纱超过43公支，但不超过52公支）	每根单纱细度在232.56分特以 下，但不细于192.31分特（每根单 纱超过43公支，但不超过52公支）	520643	精梳纤维纺制的多股纱线或缆 线： / 每根单纱细度在232.56分特以	52	HS第52章	653				none	0.0	unmapped
52064400	每根单纱细度在192.31分特以 下，但不细于125分特（每根单纱 超过52公支，但不超过80公支）	每根单纱细度在192.31分特以 下，但不细于125分特（每根单纱 超过52公支，但不超过80公支）	520644	精梳纤维纺制的多股纱线或缆 线： / 每根单纱细度在192.31分特以	52	HS第52章	653				none	0.0	unmapped
52064500	每根单纱细度在125分特以下 （每根单纱超过80公支）	每根单纱细度在125分特以下 （每根单纱超过80公支）	520645	精梳纤维纺制的多股纱线或缆 线： / 每根单纱细度在125分特以下	52	HS第52章	653				none	0.0	unmapped
52071000	按重量计含棉量在85％及以上	按重量计含棉量在85％及以上	520710	按重量计含棉量在85％及以上	52	HS第52章	653				none	0.0	unmapped
52079000	其他	其他	520790	其他	52	HS第52章	653				none	0.0	unmapped
52081100	平纹机织物，每平方米重量不超 过100克	平纹机织物，每平方米重量不超 过100克	520811	未漂白： / 平纹机织物，每平方米重量不超	52	HS第52章	654				none	0.0	unmapped
52081200	平纹机织物，每平方米重量超过 100克	平纹机织物，每平方米重量超过 100克	520812	未漂白： / 平纹机织物，每平方米重量超过	52	HS第52章	654				none	0.0	unmapped
52081300	三线或四线斜纹机织物，包括双 面斜纹机织物	三线或四线斜纹机织物，包括双 面斜纹机织物	520813	未漂白： / 三线或四线斜纹机织物，包括双	52	HS第52章	654				none	0.0	unmapped
52081900	其他机织物	其他机织物	520819	未漂白： / 其他机织物	52	HS第52章	654				none	0.0	unmapped
52082100	漂白： 平纹机织物，每平方米重量不超 过100克	漂白： 平纹机织物，每平方米重量不超 过100克	520821	漂白： / 平纹机织物，每平方米重量不超	52	HS第52章	654				none	0.0	unmapped
52082200	平纹机织物，每平方米重量超过 100克	平纹机织物，每平方米重量超过 100克	520822	漂白： / 平纹机织物，每平方米重量超过	52	HS第52章	654				none	0.0	unmapped
52082300	三线或四线斜纹机织物，包括双 面斜纹机织物	三线或四线斜纹机织物，包括双 面斜纹机织物	520823	漂白： / 三线或四线斜纹机织物，包括双	52	HS第52章	654				none	0.0	unmapped
52082900	其他机织物	其他机织物	520829	漂白： / 其他机织物	52	HS第52章	654				none	0.0	unmapped
52083100	平纹机织物，每平方米重量不超 过100克	平纹机织物，每平方米重量不超 过100克	520831	染色： / 平纹机织物，每平方米重量不超	52	HS第52章	655				none	0.0	unmapped
52083200	平纹机织物，每平方米重量超过 100克	平纹机织物，每平方米重量超过 100克	520832	染色： / 平纹机织物，每平方米重量超过	52	HS第52章	655				none	0.0	unmapped
52083300	三线或四线斜纹机织物，包括双 面斜纹机织物	三线或四线斜纹机织物，包括双 面斜纹机织物	520833	染色： / 三线或四线斜纹机织物，包括双	52	HS第52章	655				none	0.0	unmapped
52083900	其他机织物	其他机织物	520839	染色： / 其他机织物	52	HS第52章	655				none	0.0	unmapped
52084100	色织： 平纹机织物，每平方米重量不超 过100克	色织： 平纹机织物，每平方米重量不超 过100克	520841	色织： / 平纹机织物，每平方米重量不超	52	HS第52章	655				none	0.0	unmapped
52084200	平纹机织物，每平方米重量超过 100克	平纹机织物，每平方米重量超过 100克	520842	色织： / 平纹机织物，每平方米重量超过	52	HS第52章	655				none	0.0	unmapped
52084300	三线或四线斜纹机织物，包括双 面斜纹机织物	三线或四线斜纹机织物，包括双 面斜纹机织物	520843	色织： / 三线或四线斜纹机织物，包括双	52	HS第52章	655				none	0.0	unmapped
52084900	其他机织物	其他机织物	520849	色织： / 其他机织物	52	HS第52章	656				none	0.0	unmapped
52085100	印花： 平纹机织物，每平方米重量不超 过100克	印花： 平纹机织物，每平方米重量不超 过100克	520851	印花： / 平纹机织物，每平方米重量不超	52	HS第52章	656				none	0.0	unmapped
52085200	平纹机织物，每平方米重量超过 100克	平纹机织物，每平方米重量超过 100克	520852	印花： / 平纹机织物，每平方米重量超过	52	HS第52章	656				none	0.0	unmapped
52085910	其他机织物： 三线或四线斜纹机织物，包括 双面斜纹机织物	其他机织物： 三线或四线斜纹机织物，包括 双面斜纹机织物	520859	印花： / 其他机织物	52	HS第52章	656				none	0.0	unmapped
52085990	其他	其他	520859	印花： / 其他机织物	52	HS第52章	656				none	0.0	unmapped
52091100	未漂白： 平纹机织物	未漂白： 平纹机织物	520911	未漂白： / 平纹机织物	52	HS第52章	656				none	0.0	unmapped
52091200	三线或四线斜纹机织物，包括双 面斜纹机织物	三线或四线斜纹机织物，包括双 面斜纹机织物	520912	未漂白： / 三线或四线斜纹机织物，包括双	52	HS第52章	657				none	0.0	unmapped
52091900	其他机织物	其他机织物	520919	未漂白： / 其他机织物	52	HS第52章	657				none	0.0	unmapped
52092100	漂白： 平纹机织物	漂白： 平纹机织物	520921	漂白： / 平纹机织物	52	HS第52章	657				none	0.0	unmapped
52092200	三线或四线斜纹机织物，包括双 面斜纹机织物	三线或四线斜纹机织物，包括双 面斜纹机织物	520922	漂白： / 三线或四线斜纹机织物，包括双	52	HS第52章	657				none	0.0	unmapped
52092900	其他机织物	其他机织物	520929	漂白： / 其他机织物	52	HS第52章	657				none	0.0	unmapped
52093100	染色： 平纹机织物	染色： 平纹机织物	520931	染色： / 平纹机织物	52	HS第52章	657				none	0.0	unmapped
52093200	三线或四线斜纹机织物，包括双 面斜纹机织物	三线或四线斜纹机织物，包括双 面斜纹机织物	520932	染色： / 三线或四线斜纹机织物，包括双	52	HS第52章	657				none	0.0	unmapped
52093900	其他机织物	其他机织物	520939	染色： / 其他机织物	52	HS第52章	658				none	0.0	unmapped
52094100	色织： 平纹机织物	色织： 平纹机织物	520941	色织： / 平纹机织物	52	HS第52章	658				none	0.0	unmapped
52094200	粗斜纹布（劳动布）	粗斜纹布（劳动布）	520942	色织： / 粗斜纹布（劳动布）	52	HS第52章	658				none	0.0	unmapped
52094300	其他三线或四线斜纹机织物，包 括双面斜纹机织物	其他三线或四线斜纹机织物，包 括双面斜纹机织物	520943	色织： / 其他三线或四线斜纹机织物，包	52	HS第52章	658				none	0.0	unmapped
52094900	其他机织物	其他机织物	520949	色织： / 其他机织物	52	HS第52章	658				none	0.0	unmapped
52095100	印花： 平纹机织物	印花： 平纹机织物	520951	印花： / 平纹机织物	52	HS第52章	658				none	0.0	unmapped
52095200	三线或四线斜纹机织物，包括双 面斜纹机织物	三线或四线斜纹机织物，包括双 面斜纹机织物	520952	印花： / 三线或四线斜纹机织物，包括双	52	HS第52章	658				none	0.0	unmapped
52095900	其他机织物	其他机织物	520959	印花： / 其他机织物	52	HS第52章	659				none	0.0	unmapped
52101100	未漂白： 平纹机织物	未漂白： 平纹机织物	521011	未漂白： / 平纹机织物	52	HS第52章	659				none	0.0	unmapped
52101910	其他机织物： 三线或四线斜纹机织物，包括 双面斜纹机织物	其他机织物： 三线或四线斜纹机织物，包括 双面斜纹机织物	521019	未漂白： / 其他机织物	52	HS第52章	659				none	0.0	unmapped
52101990	其他	其他	521019	未漂白： / 其他机织物	52	HS第52章	659				none	0.0	unmapped
52102100	漂白： 平纹机织物	漂白： 平纹机织物	521021	漂白： / 平纹机织物	52	HS第52章	659				none	0.0	unmapped
52102910	其他机织物： 三线或四线斜纹机织物，包括 双面斜纹机织物	其他机织物： 三线或四线斜纹机织物，包括 双面斜纹机织物	521029	漂白： / 其他机织物	52	HS第52章	659				none	0.0	unmapped
52102990	其他	其他	521029	漂白： / 其他机织物	52	HS第52章	659				none	0.0	unmapped
52103100	平纹机织物	平纹机织物	521031	染色： / 平纹机织物	52	HS第52章	660				none	0.0	unmapped
52103200	三线或四线斜纹机织物，包括双 面斜纹机织物	三线或四线斜纹机织物，包括双 面斜纹机织物	521032	染色： / 三线或四线斜纹机织物，包括双	52	HS第52章	660				none	0.0	unmapped
52103900	其他机织物	其他机织物	521039	染色： / 其他机织物	52	HS第52章	660				none	0.0	unmapped
52104100	色织： 平纹机织物	色织： 平纹机织物	521041	色织： / 平纹机织物	52	HS第52章	660				none	0.0	unmapped
52104910	其他机织物： 三线或四线斜纹机织物，包括 双面斜纹机织物	其他机织物： 三线或四线斜纹机织物，包括 双面斜纹机织物	521049	色织： / 其他机织物	52	HS第52章	660				none	0.0	unmapped
52104990	其他	其他	521049	色织： / 其他机织物	52	HS第52章	660				none	0.0	unmapped
52105100	印花： 平纹机织物	印花： 平纹机织物	521051	印花： / 平纹机织物	52	HS第52章	660				none	0.0	unmapped
52105910	三线或四线斜纹机织物，包括 双面斜纹机织物	三线或四线斜纹机织物，包括 双面斜纹机织物	521059	印花： / 其他机织物	52	HS第52章	661				none	0.0	unmapped
52105990	其他机织物	其他机织物	521059	印花： / 其他机织物	52	HS第52章	661				none	0.0	unmapped
52111100	未漂白： 平纹机织物	未漂白： 平纹机织物	521111	未漂白： / 平纹机织物	52	HS第52章	661				none	0.0	unmapped
52111200	三线或四线斜纹机织物，包括双 面斜纹机织物	三线或四线斜纹机织物，包括双 面斜纹机织物	521112	未漂白： / 三线或四线斜纹机织物，包括双	52	HS第52章	661				none	0.0	unmapped
52111900	其他机织物	其他机织物	521119	未漂白： / 其他机织物	52	HS第52章	661				none	0.0	unmapped
52112000	漂白	漂白	521120	漂白	52	HS第52章	661				none	0.0	unmapped
52113100	染色： 平纹机织物	染色： 平纹机织物	521131	染色： / 平纹机织物	52	HS第52章	661				none	0.0	unmapped
52113200	三线或四线斜纹机织物，包括双 面斜纹机织物	三线或四线斜纹机织物，包括双 面斜纹机织物	521132	染色： / 三线或四线斜纹机织物，包括双	52	HS第52章	662				none	0.0	unmapped
52113900	其他机织物	其他机织物	521139	染色： / 其他机织物	52	HS第52章	662				none	0.0	unmapped
52114100	色织： 平纹机织物	色织： 平纹机织物	521141	色织： / 平纹机织物	52	HS第52章	662				none	0.0	unmapped
52114200	粗斜纹布（劳动布）	粗斜纹布（劳动布）	521142	色织： / 粗斜纹布（劳动布）	52	HS第52章	662				none	0.0	unmapped
52114300	其他三线或四线斜纹机织物，包 括双面斜纹机织物	其他三线或四线斜纹机织物，包 括双面斜纹机织物	521143	色织： / 其他三线或四线斜纹机织物，包	52	HS第52章	662				none	0.0	unmapped
52114900	其他机织物	其他机织物	521149	色织： / 其他机织物	52	HS第52章	662				none	0.0	unmapped
52115100	印花： 平纹机织物	印花： 平纹机织物	521151	印花： / 平纹机织物	52	HS第52章	662				none	0.0	unmapped
52115200	三线或四线斜纹机织物，包括双 面斜纹机织物	三线或四线斜纹机织物，包括双 面斜纹机织物	521152	印花： / 三线或四线斜纹机织物，包括双	52	HS第52章	663				none	0.0	unmapped
52115900	其他机织物	其他机织物	521159	印花： / 其他机织物	52	HS第52章	663				none	0.0	unmapped
52121100	每平方米重量不超过200克： 未漂白	每平方米重量不超过200克： 未漂白	521211	每平方米重量不超过200克： / 未漂白	52	HS第52章	663				none	0.0	unmapped
52121200	漂白	漂白	521212	每平方米重量不超过200克： / 漂白	52	HS第52章	663				none	0.0	unmapped
52121300	染色	染色	521213	每平方米重量不超过200克： / 染色	52	HS第52章	663				none	0.0	unmapped
52121400	色织	色织	521214	每平方米重量不超过200克： / 色织	52	HS第52章	663				none	0.0	unmapped
52121500	印花	印花	521215	每平方米重量不超过200克： / 印花	52	HS第52章	663				none	0.0	unmapped
52122100	每平方米重量超过200克： 未漂白	每平方米重量超过200克： 未漂白	521221	每平方米重量超过200克： / 未漂白	52	HS第52章	663				none	0.0	unmapped
52122200	漂白	漂白	521222	每平方米重量超过200克： / 漂白	52	HS第52章	664				none	0.0	unmapped
52122300	染色	染色	521223	每平方米重量超过200克： / 染色	52	HS第52章	664				none	0.0	unmapped
52122400	色织	色织	521224	每平方米重量超过200克： / 色织	52	HS第52章	664				none	0.0	unmapped
52122500	印花	印花	521225	每平方米重量超过200克： / 印花	52	HS第52章	664				none	0.0	unmapped
53011000	生的或经沤制的亚麻	生的或经沤制的亚麻	530110	生的或经沤制的亚麻	53	HS第53章	665				none	0.0	unmapped
53012100	破开、打成、栉梳或经其他加工 但未纺制的亚麻： 破开的或打成的	破开、打成、栉梳或经其他加工 但未纺制的亚麻： 破开的或打成的	530121	破开、打成、栉梳或经其他加工 但未纺制的亚麻： / 破开的或打成的	53	HS第53章	665				none	0.0	unmapped
53012900	其他	其他	530129	破开、打成、栉梳或经其他加工 但未纺制的亚麻： / 其他	53	HS第53章	665				none	0.0	unmapped
53013000	亚麻短纤及废麻	亚麻短纤及废麻	530130	亚麻短纤及废麻	53	HS第53章	665				none	0.0	unmapped
53021000	生的或经沤制的大麻	生的或经沤制的大麻	530210	生的或经沤制的大麻	53	HS第53章	665				none	0.0	unmapped
53029000	其他	其他	530290	其他	53	HS第53章	665				none	0.0	unmapped
53031000	生的或经沤制的黄麻及其他纺 织用韧皮纤维	生的或经沤制的黄麻及其他纺 织用韧皮纤维	530310	生的或经沤制的黄麻及其他纺	53	HS第53章	665				none	0.0	unmapped
53039000	其他	其他	530390	其他	53	HS第53章	666				none	0.0	unmapped
53050011	苎麻： 生的	苎麻： 生的	530500	椰壳纤维、蕉麻（马尼拉麻）、苎 麻及其他税目未列名的纺织用植 物纤维，生的或经加工但未纺制 的；上述纤维的短纤、落麻及废 料（包括废纱线及回收纤维）	53	HS第53章	666				none	0.0	unmapped
53050012	苎麻： 经加工但未纺制的	苎麻： 经加工但未纺制的	530500	椰壳纤维、蕉麻（马尼拉麻）、苎 麻及其他税目未列名的纺织用植 物纤维，生的或经加工但未纺制 的；上述纤维的短纤、落麻及废 料（包括废纱线及回收纤维）	53	HS第53章	666				none	0.0	unmapped
53050013	苎麻： 短纤及废料	苎麻： 短纤及废料	530500	椰壳纤维、蕉麻（马尼拉麻）、苎 麻及其他税目未列名的纺织用植 物纤维，生的或经加工但未纺制 的；上述纤维的短纤、落麻及废 料（包括废纱线及回收纤维）	53	HS第53章	666				none	0.0	unmapped
53050019	苎麻： 其他	苎麻： 其他	530500	椰壳纤维、蕉麻（马尼拉麻）、苎 麻及其他税目未列名的纺织用植 物纤维，生的或经加工但未纺制 的；上述纤维的短纤、落麻及废 料（包括废纱线及回收纤维）	53	HS第53章	666				none	0.0	unmapped
53050020	蕉麻	蕉麻	530500	椰壳纤维、蕉麻（马尼拉麻）、苎 麻及其他税目未列名的纺织用植 物纤维，生的或经加工但未纺制 的；上述纤维的短纤、落麻及废 料（包括废纱线及回收纤维）	53	HS第53章	666				none	0.0	unmapped
53050091	其他： 西沙尔麻及其他纺织用龙舌 兰类纤维	其他： 西沙尔麻及其他纺织用龙舌 兰类纤维	530500	椰壳纤维、蕉麻（马尼拉麻）、苎 麻及其他税目未列名的纺织用植 物纤维，生的或经加工但未纺制 的；上述纤维的短纤、落麻及废 料（包括废纱线及回收纤维）	53	HS第53章	666				none	0.0	unmapped
53050092	其他： 椰壳纤维	其他： 椰壳纤维	530500	椰壳纤维、蕉麻（马尼拉麻）、苎 麻及其他税目未列名的纺织用植 物纤维，生的或经加工但未纺制 的；上述纤维的短纤、落麻及废 料（包括废纱线及回收纤维）	53	HS第53章	666				none	0.0	unmapped
53050099	其他： 其他	其他： 其他	530500	椰壳纤维、蕉麻（马尼拉麻）、苎 麻及其他税目未列名的纺织用植 物纤维，生的或经加工但未纺制 的；上述纤维的短纤、落麻及废 料（包括废纱线及回收纤维）	53	HS第53章	667				none	0.0	unmapped
53061000	单纱	单纱	530610	单纱	53	HS第53章	667				none	0.0	unmapped
53062000	多股纱线或缆线	多股纱线或缆线	530620	多股纱线或缆线	53	HS第53章	667				none	0.0	unmapped
53071000	单纱	单纱	530710	单纱	53	HS第53章	667				none	0.0	unmapped
53072000	多股纱线或缆线	多股纱线或缆线	530720	多股纱线或缆线	53	HS第53章	667				none	0.0	unmapped
53081000	椰壳纤维纱线	椰壳纤维纱线	530810	椰壳纤维纱线	53	HS第53章	667				none	0.0	unmapped
53082000	大麻纱线	大麻纱线	530820	大麻纱线	53	HS第53章	667				none	0.0	unmapped
53089011	其他： ---苎麻纱线： 按重量计苎麻含量在85％及 以上的未漂白或漂白纱线	其他： ---苎麻纱线： 按重量计苎麻含量在85％及 以上的未漂白或漂白纱线	530890	其他	53	HS第53章	667				none	0.0	unmapped
53089012	苎麻纱线： 按重量计苎麻含量在85％及 以上的色纱线	苎麻纱线： 按重量计苎麻含量在85％及 以上的色纱线	530890	其他	53	HS第53章	668				none	0.0	unmapped
53089013	苎麻纱线： 按重量计苎麻含量在85％以 下的未漂白或漂白纱线	苎麻纱线： 按重量计苎麻含量在85％以 下的未漂白或漂白纱线	530890	其他	53	HS第53章	668				none	0.0	unmapped
53089014	苎麻纱线： 按重量计苎麻含量在85％以 下的色纱线	苎麻纱线： 按重量计苎麻含量在85％以 下的色纱线	530890	其他	53	HS第53章	668				none	0.0	unmapped
53089091	其他： 纸纱线	其他： 纸纱线	530890	其他	53	HS第53章	668				none	0.0	unmapped
53089099	其他： 其他	其他： 其他	530890	其他	53	HS第53章	668				none	0.0	unmapped
53091110	按重量计亚麻含量在85％及以 上： --未漂白或漂白： 未漂白	按重量计亚麻含量在85％及以 上： --未漂白或漂白： 未漂白	530911	按重量计亚麻含量在85％及以 上： / 未漂白或漂白	53	HS第53章	668				none	0.0	unmapped
53091120	漂白	漂白	530911	按重量计亚麻含量在85％及以 上： / 未漂白或漂白	53	HS第53章	668				none	0.0	unmapped
53091900	其他	其他	530919	按重量计亚麻含量在85％及以 上： / 其他	53	HS第53章	668				none	0.0	unmapped
53092110	未漂白	未漂白	530921	按重量计亚麻含量在85％以下	53	HS第53章	669				none	0.0	unmapped
53092120	漂白	漂白	530921	按重量计亚麻含量在85％以下	53	HS第53章	669				none	0.0	unmapped
53092900	其他	其他	530929	按重量计亚麻含量在85％以下： / 其他	53	HS第53章	669				none	0.0	unmapped
53101000	未漂白	未漂白	531010	未漂白	53	HS第53章	669				none	0.0	unmapped
53109000	其他	其他	531090	其他	53	HS第53章	669				none	0.0	unmapped
53110012	苎麻的： 按重量计苎麻含量在85％及 以上的未漂白机织物	苎麻的： 按重量计苎麻含量在85％及 以上的未漂白机织物	531100	其他纺织用植物纤维机织物；纸 纱线机织物	53	HS第53章	669				none	0.0	unmapped
53110013	苎麻的： 按重量计苎麻含量在85％及 以上的其他机织物	苎麻的： 按重量计苎麻含量在85％及 以上的其他机织物	531100	其他纺织用植物纤维机织物；纸 纱线机织物	53	HS第53章	670				none	0.0	unmapped
53110014	苎麻的： 按重量计苎麻含量在85％以 下的未漂白机织物	苎麻的： 按重量计苎麻含量在85％以 下的未漂白机织物	531100	其他纺织用植物纤维机织物；纸 纱线机织物	53	HS第53章	670				none	0.0	unmapped
53110015	苎麻的： 按重量计苎麻含量在85％以 下的其他机织物	苎麻的： 按重量计苎麻含量在85％以 下的其他机织物	531100	其他纺织用植物纤维机织物；纸 纱线机织物	53	HS第53章	670				none	0.0	unmapped
53110020	纸纱线的	纸纱线的	531100	其他纺织用植物纤维机织物；纸 纱线机织物	53	HS第53章	670				none	0.0	unmapped
53110030	大麻的	大麻的	531100	其他纺织用植物纤维机织物；纸 纱线机织物	53	HS第53章	670				none	0.0	unmapped
53110090	其他	其他	531100	其他纺织用植物纤维机织物；纸 纱线机织物	53	HS第53章	670				none	0.0	unmapped
54011010	合成纤维长丝纺制： 非供零售用	合成纤维长丝纺制： 非供零售用	540110	合成纤维长丝纺制	54	HS第54章	671				none	0.0	unmapped
54011020	供零售用	供零售用	540110	合成纤维长丝纺制	54	HS第54章	671				none	0.0	unmapped
54012010	人造纤维长丝纺制： 非供零售用	人造纤维长丝纺制： 非供零售用	540120	人造纤维长丝纺制	54	HS第54章	671				none	0.0	unmapped
54012020	供零售用	供零售用	540120	人造纤维长丝纺制	54	HS第54章	671				none	0.0	unmapped
54021110	聚间苯二甲酰间苯二胺纺制	聚间苯二甲酰间苯二胺纺制	540211	尼龙或其他聚酰胺纺制的高强 力纱，不论是否经变形加工： / 芳香族聚酰胺纺制	54	HS第54章	672				none	0.0	unmapped
54021120	聚对苯二甲酰对苯二胺纺制	聚对苯二甲酰对苯二胺纺制	540211	尼龙或其他聚酰胺纺制的高强 力纱，不论是否经变形加工： / 芳香族聚酰胺纺制	54	HS第54章	672				none	0.0	unmapped
54021190	其他	其他	540211	尼龙或其他聚酰胺纺制的高强 力纱，不论是否经变形加工： / 芳香族聚酰胺纺制	54	HS第54章	672				none	0.0	unmapped
54021910	其他： 聚酰胺-6（尼龙-6）纺制的	其他： 聚酰胺-6（尼龙-6）纺制的	540219	尼龙或其他聚酰胺纺制的高强 力纱，不论是否经变形加工： / 其他	54	HS第54章	672				none	0.0	unmapped
54021920	聚酰胺-6，6（尼龙-6，6）纺制 的	聚酰胺-6，6（尼龙-6，6）纺制 的	540219	尼龙或其他聚酰胺纺制的高强 力纱，不论是否经变形加工： / 其他	54	HS第54章	672				none	0.0	unmapped
54021990	其他	其他	540219	尼龙或其他聚酰胺纺制的高强 力纱，不论是否经变形加工： / 其他	54	HS第54章	672				none	0.0	unmapped
54022000	聚酯高强力纱，不论是否经变形 加工	聚酯高强力纱，不论是否经变形 加工	540220	聚酯高强力纱，不论是否经变形	54	HS第54章	672				none	0.0	unmapped
54023111	变形纱线： --尼龙或其他聚酰胺纺制，每根单 纱细度不超过50分特： ---弹力丝： 聚酰胺-6（尼龙-6）纺制的	变形纱线： --尼龙或其他聚酰胺纺制，每根单 纱细度不超过50分特： ---弹力丝： 聚酰胺-6（尼龙-6）纺制的	540231	变形纱线： / 尼龙或其他聚酰胺纺制，每根单 纱细度不超过50分特	54	HS第54章	672				none	0.0	unmapped
54023112	弹力丝： 聚酰胺-6，6（尼龙-6，6）纺 制的	弹力丝： 聚酰胺-6，6（尼龙-6，6）纺 制的	540231	变形纱线： / 尼龙或其他聚酰胺纺制，每根单 纱细度不超过50分特	54	HS第54章	673				none	0.0	unmapped
54023113	弹力丝： 芳香族聚酰胺纺制的	弹力丝： 芳香族聚酰胺纺制的	540231	变形纱线： / 尼龙或其他聚酰胺纺制，每根单 纱细度不超过50分特	54	HS第54章	673				none	0.0	unmapped
54023119	弹力丝： 其他	弹力丝： 其他	540231	变形纱线： / 尼龙或其他聚酰胺纺制，每根单 纱细度不超过50分特	54	HS第54章	673				none	0.0	unmapped
54023190	其他	其他	540231	变形纱线： / 尼龙或其他聚酰胺纺制，每根单 纱细度不超过50分特	54	HS第54章	673				none	0.0	unmapped
54023211	尼龙或其他聚酰胺纺制，每根单 纱细度超过50分特： ---弹力丝： 聚酰胺-6（尼龙-6）纺制的	尼龙或其他聚酰胺纺制，每根单 纱细度超过50分特： ---弹力丝： 聚酰胺-6（尼龙-6）纺制的	540232	变形纱线： / 尼龙或其他聚酰胺纺制，每根单 纱细度超过50分特	54	HS第54章	673				none	0.0	unmapped
54023212	弹力丝： 聚酰胺-6，6（尼龙-6，6）纺 制的	弹力丝： 聚酰胺-6，6（尼龙-6，6）纺 制的	540232	变形纱线： / 尼龙或其他聚酰胺纺制，每根单 纱细度超过50分特	54	HS第54章	673				none	0.0	unmapped
54023213	弹力丝： 芳香族聚酰胺纺制的	弹力丝： 芳香族聚酰胺纺制的	540232	变形纱线： / 尼龙或其他聚酰胺纺制，每根单 纱细度超过50分特	54	HS第54章	673				none	0.0	unmapped
54023219	弹力丝： 其他	弹力丝： 其他	540232	变形纱线： / 尼龙或其他聚酰胺纺制，每根单 纱细度超过50分特	54	HS第54章	673				none	0.0	unmapped
54023290	其他	其他	540232	变形纱线： / 尼龙或其他聚酰胺纺制，每根单 纱细度超过50分特	54	HS第54章	674				none	0.0	unmapped
54023310	聚酯纺制： 弹力丝	聚酯纺制： 弹力丝	540233	变形纱线： / 聚酯纺制	54	HS第54章	674				none	0.0	unmapped
54023390	其他	其他	540233	变形纱线： / 聚酯纺制	54	HS第54章	674				none	0.0	unmapped
54023400	聚丙烯纺制	聚丙烯纺制	540234	变形纱线： / 聚丙烯纺制	54	HS第54章	674				none	0.0	unmapped
54023900	其他	其他	540239	变形纱线： / 其他	54	HS第54章	674				none	0.0	unmapped
54024410	其他单纱，未加捻或捻度每米不 超过50转： --弹性纱线： 氨纶纱线	其他单纱，未加捻或捻度每米不 超过50转： --弹性纱线： 氨纶纱线	540244	其他单纱，未加捻或捻度每米不 超过50转： / 弹性纱线	54	HS第54章	674				none	0.0	unmapped
54024490	其他	其他	540244	其他单纱，未加捻或捻度每米不 超过50转： / 弹性纱线	54	HS第54章	674				none	0.0	unmapped
54024510	其他，尼龙或其他聚酰胺纱线： 聚酰胺-6（尼龙-6）纺制的	其他，尼龙或其他聚酰胺纱线： 聚酰胺-6（尼龙-6）纺制的	540245	其他单纱，未加捻或捻度每米不 超过50转： / 其他，尼龙或其他聚酰胺纱线	54	HS第54章	674				none	0.0	unmapped
54024520	聚酰胺-6，6（尼龙-6，6）纺制 的	聚酰胺-6，6（尼龙-6，6）纺制 的	540245	其他单纱，未加捻或捻度每米不 超过50转： / 其他，尼龙或其他聚酰胺纱线	54	HS第54章	675				none	0.0	unmapped
54024530	芳香族聚酰胺纺制的	芳香族聚酰胺纺制的	540245	其他单纱，未加捻或捻度每米不 超过50转： / 其他，尼龙或其他聚酰胺纱线	54	HS第54章	675				none	0.0	unmapped
54024590	其他	其他	540245	其他单纱，未加捻或捻度每米不 超过50转： / 其他，尼龙或其他聚酰胺纱线	54	HS第54章	675				none	0.0	unmapped
54024600	其他，部分定向聚酯纱线	其他，部分定向聚酯纱线	540246	其他单纱，未加捻或捻度每米不 超过50转： / 其他，部分定向聚酯纱线	54	HS第54章	675				none	0.0	unmapped
54024700	其他，聚酯纱线	其他，聚酯纱线	540247	其他单纱，未加捻或捻度每米不 超过50转： / 其他，聚酯纱线	54	HS第54章	675				none	0.0	unmapped
54024800	其他，聚丙烯纱线	其他，聚丙烯纱线	540248	其他单纱，未加捻或捻度每米不 超过50转： / 其他，聚丙烯纱线	54	HS第54章	675				none	0.0	unmapped
54024910	其他： 断裂强度大于等于22厘牛/分 特，且初始模量大于等于750厘牛 /分特的聚乙烯纱线	其他： 断裂强度大于等于22厘牛/分 特，且初始模量大于等于750厘牛 /分特的聚乙烯纱线	540249	其他单纱，未加捻或捻度每米不 超过50转： / 其他	54	HS第54章	675				none	0.0	unmapped
54024990	其他	其他	540249	其他单纱，未加捻或捻度每米不 超过50转： / 其他	54	HS第54章	675				none	0.0	unmapped
54025110	聚酰胺-6（尼龙-6）纺制的	聚酰胺-6（尼龙-6）纺制的	540251	其他单纱，捻度每米超过50转： / 尼龙或其他聚酰胺纱线	54	HS第54章	676				none	0.0	unmapped
54025120	聚酰胺-6，6（尼龙-6，6）纺制 的	聚酰胺-6，6（尼龙-6，6）纺制 的	540251	其他单纱，捻度每米超过50转： / 尼龙或其他聚酰胺纱线	54	HS第54章	676				none	0.0	unmapped
54025130	芳香族聚酰胺纺制的	芳香族聚酰胺纺制的	540251	其他单纱，捻度每米超过50转： / 尼龙或其他聚酰胺纱线	54	HS第54章	676				none	0.0	unmapped
54025190	其他	其他	540251	其他单纱，捻度每米超过50转： / 尼龙或其他聚酰胺纱线	54	HS第54章	676				none	0.0	unmapped
54025200	聚酯纱线	聚酯纱线	540252	其他单纱，捻度每米超过50转： / 聚酯纱线	54	HS第54章	676				none	0.0	unmapped
54025300	聚丙烯纱线	聚丙烯纱线	540253	其他单纱，捻度每米超过50转： / 聚丙烯纱线	54	HS第54章	676				none	0.0	unmapped
54025920	其他： 断裂强度大于等于22厘牛/分 特，且初始模量大于等于750厘牛 /分特的聚乙烯纱线	其他： 断裂强度大于等于22厘牛/分 特，且初始模量大于等于750厘牛 /分特的聚乙烯纱线	540259	其他单纱，捻度每米超过50转： / 其他	54	HS第54章	676				none	0.0	unmapped
54025990	其他	其他	540259	其他单纱，捻度每米超过50转： / 其他	54	HS第54章	676				none	0.0	unmapped
54026110	聚酰胺-6（尼龙-6）纺制的	聚酰胺-6（尼龙-6）纺制的	540261	其他纱线（多股纱线或缆线）： / 尼龙或其他聚酰胺纺制	54	HS第54章	677				none	0.0	unmapped
54026120	聚酰胺-6，6（尼龙-6，6）纺制 的	聚酰胺-6，6（尼龙-6，6）纺制 的	540261	其他纱线（多股纱线或缆线）： / 尼龙或其他聚酰胺纺制	54	HS第54章	677				none	0.0	unmapped
54026130	芳香族聚酰胺纺制的	芳香族聚酰胺纺制的	540261	其他纱线（多股纱线或缆线）： / 尼龙或其他聚酰胺纺制	54	HS第54章	677				none	0.0	unmapped
54026190	其他	其他	540261	其他纱线（多股纱线或缆线）： / 尼龙或其他聚酰胺纺制	54	HS第54章	677				none	0.0	unmapped
54026200	聚酯纺制	聚酯纺制	540262	其他纱线（多股纱线或缆线）： / 聚酯纺制	54	HS第54章	677				none	0.0	unmapped
54026300	聚丙烯纺制	聚丙烯纺制	540263	其他纱线（多股纱线或缆线）： / 聚丙烯纺制	54	HS第54章	677				none	0.0	unmapped
54026920	其他： 氨纶纱线	其他： 氨纶纱线	540269	其他纱线（多股纱线或缆线）： / 其他	54	HS第54章	677				none	0.0	unmapped
54026990	其他	其他	540269	其他纱线（多股纱线或缆线）： / 其他	54	HS第54章	677				none	0.0	unmapped
54031000	粘胶纤维纺制的高强力纱	粘胶纤维纺制的高强力纱	540310	粘胶纤维纺制的高强力纱	54	HS第54章	678				none	0.0	unmapped
54033110	其他单纱： --粘胶纤维纺制，未加捻或捻度每 米不超过120转： 竹制	其他单纱： --粘胶纤维纺制，未加捻或捻度每 米不超过120转： 竹制	540331	其他单纱： / 粘胶纤维纺制，未加捻或捻度每 米不超过120转	54	HS第54章	678				none	0.0	unmapped
54033190	其他	其他	540331	其他单纱： / 粘胶纤维纺制，未加捻或捻度每 米不超过120转	54	HS第54章	678				none	0.0	unmapped
54033210	粘胶纤维纺制，捻度每米超过 120转： 竹制	粘胶纤维纺制，捻度每米超过 120转： 竹制	540332	其他单纱： / 粘胶纤维纺制，捻度每米超过 120转	54	HS第54章	678				none	0.0	unmapped
54033290	其他	其他	540332	其他单纱： / 粘胶纤维纺制，捻度每米超过 120转	54	HS第54章	678				none	0.0	unmapped
54033310	醋酸纤维纺制： 二醋酸纤维纺制	醋酸纤维纺制： 二醋酸纤维纺制	540333	其他单纱： / 醋酸纤维纺制	54	HS第54章	678				none	0.0	unmapped
54033390	其他	其他	540333	其他单纱： / 醋酸纤维纺制	54	HS第54章	678				none	0.0	unmapped
54033900	其他	其他	540339	其他单纱： / 其他	54	HS第54章	678				none	0.0	unmapped
54034100	其他纱线（多股纱线或缆线）： 粘胶纤维纺制	其他纱线（多股纱线或缆线）： 粘胶纤维纺制	540341	其他纱线（多股纱线或缆线）： / 粘胶纤维纺制	54	HS第54章	678				none	0.0	unmapped
54034200	醋酸纤维纺制	醋酸纤维纺制	540342	其他纱线（多股纱线或缆线）： / 醋酸纤维纺制	54	HS第54章	679				none	0.0	unmapped
54034900	其他	其他	540349	其他纱线（多股纱线或缆线）： / 其他	54	HS第54章	679				none	0.0	unmapped
54041100	单丝： 弹性	单丝： 弹性	540411	单丝： / 弹性	54	HS第54章	679				none	0.0	unmapped
54041200	其他，聚丙烯制	其他，聚丙烯制	540412	单丝： / 其他，聚丙烯制	54	HS第54章	679				none	0.0	unmapped
54041900	其他	其他	540419	单丝： / 其他	54	HS第54章	679				none	0.0	unmapped
54049000	其他	其他	540490	其他	54	HS第54章	679				none	0.0	unmapped
54050000	截面尺寸不超过1毫米，细度在67 分特及以上的人造纤维单丝；表 观宽度不超过5毫米的人造纤维 纺织材料制扁条及类似品（例如 人造草）	截面尺寸不超过1毫米，细度在67 分特及以上的人造纤维单丝；表 观宽度不超过5毫米的人造纤维 纺织材料制扁条及类似品（例如 人造草）	540500	截面尺寸不超过1毫米，细度在67 分特及以上的人造纤维单丝；表 观宽度不超过5毫米的人造纤维 纺织材料制扁条及类似品（例如 人造草）	54	HS第54章	679				none	0.0	unmapped
54060010	合成纤维长丝纱线	合成纤维长丝纱线	540600	化学纤维长丝纱线（缝纫线除 外），供零售用	54	HS第54章	680				none	0.0	unmapped
54060020	人造纤维长丝纱线	人造纤维长丝纱线	540600	化学纤维长丝纱线（缝纫线除 外），供零售用	54	HS第54章	680				none	0.0	unmapped
54071010	尼龙或其他聚酰胺高强力纱、聚 酯高强力纱纺制的机织物： 尼龙或其他聚酰胺高强力纱纺 制	尼龙或其他聚酰胺高强力纱、聚 酯高强力纱纺制的机织物： 尼龙或其他聚酰胺高强力纱纺 制	540710	尼龙或其他聚酰胺高强力纱、聚 酯高强力纱纺制的机织物	54	HS第54章	680				none	0.0	unmapped
54071020	聚酯高强力纱纺制	聚酯高强力纱纺制	540710	尼龙或其他聚酰胺高强力纱、聚 酯高强力纱纺制的机织物	54	HS第54章	680				none	0.0	unmapped
54072000	扁条及类似品的机织物	扁条及类似品的机织物	540720	扁条及类似品的机织物	54	HS第54章	680				none	0.0	unmapped
54073000	第十一类注释九所列的机织物	第十一类注释九所列的机织物	540730	第十一类注释九所列的机织物	54	HS第54章	680				none	0.0	unmapped
54074100	其他机织物，按重量计尼龙或其 他聚酰胺长丝含量在85％及以 上： 未漂白或漂白	其他机织物，按重量计尼龙或其 他聚酰胺长丝含量在85％及以 上： 未漂白或漂白	540741	其他机织物，按重量计尼龙或其 他聚酰胺长丝含量在85％及以 上： / 未漂白或漂白	54	HS第54章	680				none	0.0	unmapped
54074200	染色	染色	540742	其他机织物，按重量计尼龙或其 他聚酰胺长丝含量在85％及以 上： / 染色	54	HS第54章	681				none	0.0	unmapped
54074300	色织	色织	540743	其他机织物，按重量计尼龙或其 他聚酰胺长丝含量在85％及以 上： / 色织	54	HS第54章	681				none	0.0	unmapped
54074400	印花	印花	540744	其他机织物，按重量计尼龙或其 他聚酰胺长丝含量在85％及以 上： / 印花	54	HS第54章	681				none	0.0	unmapped
54075100	其他机织物，按重量计聚酯变形 长丝含量在85％及以上： 未漂白或漂白	其他机织物，按重量计聚酯变形 长丝含量在85％及以上： 未漂白或漂白	540751	其他机织物，按重量计聚酯变形 长丝含量在85％及以上： / 未漂白或漂白	54	HS第54章	681				none	0.0	unmapped
54075200	染色	染色	540752	其他机织物，按重量计聚酯变形 长丝含量在85％及以上： / 染色	54	HS第54章	681				none	0.0	unmapped
54075300	色织	色织	540753	其他机织物，按重量计聚酯变形 长丝含量在85％及以上： / 色织	54	HS第54章	681				none	0.0	unmapped
54075400	印花	印花	540754	其他机织物，按重量计聚酯变形 长丝含量在85％及以上： / 印花	54	HS第54章	682				none	0.0	unmapped
54076100	其他机织物，按重量计聚酯长丝 含量在85％及以上： 按重量计聚酯非变形长丝含量 在85％及以上	其他机织物，按重量计聚酯长丝 含量在85％及以上： 按重量计聚酯非变形长丝含量 在85％及以上	540761	其他机织物，按重量计聚酯长丝 含量在85％及以上： / 按重量计聚酯非变形长丝含量	54	HS第54章	682				none	0.0	unmapped
54076900	其他	其他	540769	其他机织物，按重量计聚酯长丝 含量在85％及以上： / 其他	54	HS第54章	682				none	0.0	unmapped
54077100	其他机织物，按重量计其他合成 纤维长丝含量在85％及以上： 未漂白或漂白	其他机织物，按重量计其他合成 纤维长丝含量在85％及以上： 未漂白或漂白	540771	其他机织物，按重量计其他合成 纤维长丝含量在85％及以上： / 未漂白或漂白	54	HS第54章	682				none	0.0	unmapped
54077200	染色	染色	540772	其他机织物，按重量计其他合成 纤维长丝含量在85％及以上： / 染色	54	HS第54章	682				none	0.0	unmapped
54077300	色织	色织	540773	其他机织物，按重量计其他合成 纤维长丝含量在85％及以上： / 色织	54	HS第54章	682				none	0.0	unmapped
54077400	印花	印花	540774	其他机织物，按重量计其他合成 纤维长丝含量在85％及以上： / 印花	54	HS第54章	683				none	0.0	unmapped
54078100	其他机织物，按重量计其他合成 纤维长丝含量在85％以下，主要 或仅与棉混纺： 未漂白或漂白	其他机织物，按重量计其他合成 纤维长丝含量在85％以下，主要 或仅与棉混纺： 未漂白或漂白	540781	其他机织物，按重量计其他合成 纤维长丝含量在85％以下，主要 或仅与棉混纺： / 未漂白或漂白	54	HS第54章	683				none	0.0	unmapped
54078200	染色	染色	540782	其他机织物，按重量计其他合成 纤维长丝含量在85％以下，主要 或仅与棉混纺： / 染色	54	HS第54章	683				none	0.0	unmapped
54078300	色织	色织	540783	其他机织物，按重量计其他合成 纤维长丝含量在85％以下，主要 或仅与棉混纺： / 色织	54	HS第54章	683				none	0.0	unmapped
54078400	印花	印花	540784	其他机织物，按重量计其他合成 纤维长丝含量在85％以下，主要 或仅与棉混纺： / 印花	54	HS第54章	683				none	0.0	unmapped
54079100	其他机织物： 未漂白或漂白	其他机织物： 未漂白或漂白	540791	其他机织物： / 未漂白或漂白	54	HS第54章	683				none	0.0	unmapped
54079200	染色	染色	540792	其他机织物： / 染色	54	HS第54章	683				none	0.0	unmapped
54079300	色织	色织	540793	其他机织物： / 色织	54	HS第54章	684				none	0.0	unmapped
54079400	印花	印花	540794	其他机织物： / 印花	54	HS第54章	684				none	0.0	unmapped
54081000	粘胶纤维高强力纱的机织物	粘胶纤维高强力纱的机织物	540810	粘胶纤维高强力纱的机织物	54	HS第54章	684				none	0.0	unmapped
54082110	其他机织物，按重量计人造纤维 长丝、扁条或类似品含量在85％ 及以上： --未漂白或漂白： 粘胶纤维制	其他机织物，按重量计人造纤维 长丝、扁条或类似品含量在85％ 及以上： --未漂白或漂白： 粘胶纤维制	540821	其他机织物，按重量计人造纤维 长丝、扁条或类似品含量在85％ 及以上： / 未漂白或漂白	54	HS第54章	684				none	0.0	unmapped
54082120	醋纤纤维制	醋纤纤维制	540821	其他机织物，按重量计人造纤维 长丝、扁条或类似品含量在85％ 及以上： / 未漂白或漂白	54	HS第54章	684				none	0.0	unmapped
54082190	其他	其他	540821	其他机织物，按重量计人造纤维 长丝、扁条或类似品含量在85％ 及以上： / 未漂白或漂白	54	HS第54章	684				none	0.0	unmapped
54082210	染色： 粘胶纤维制	染色： 粘胶纤维制	540822	其他机织物，按重量计人造纤维 长丝、扁条或类似品含量在85％ 及以上： / 染色	54	HS第54章	684				none	0.0	unmapped
54082220	醋纤纤维制	醋纤纤维制	540822	其他机织物，按重量计人造纤维 长丝、扁条或类似品含量在85％ 及以上： / 染色	54	HS第54章	685				none	0.0	unmapped
54082290	其他	其他	540822	其他机织物，按重量计人造纤维 长丝、扁条或类似品含量在85％ 及以上： / 染色	54	HS第54章	685				none	0.0	unmapped
54082310	色织： 粘胶纤维制	色织： 粘胶纤维制	540823	其他机织物，按重量计人造纤维 长丝、扁条或类似品含量在85％ 及以上： / 色织	54	HS第54章	685				none	0.0	unmapped
54082320	醋纤纤维制	醋纤纤维制	540823	其他机织物，按重量计人造纤维 长丝、扁条或类似品含量在85％ 及以上： / 色织	54	HS第54章	685				none	0.0	unmapped
54082390	其他	其他	540823	其他机织物，按重量计人造纤维 长丝、扁条或类似品含量在85％ 及以上： / 色织	54	HS第54章	685				none	0.0	unmapped
54082410	印花： 粘胶纤维制	印花： 粘胶纤维制	540824	其他机织物，按重量计人造纤维 长丝、扁条或类似品含量在85％ 及以上： / 印花	54	HS第54章	685				none	0.0	unmapped
54082420	醋纤纤维制	醋纤纤维制	540824	其他机织物，按重量计人造纤维 长丝、扁条或类似品含量在85％ 及以上： / 印花	54	HS第54章	685				none	0.0	unmapped
54082490	其他	其他	540824	其他机织物，按重量计人造纤维 长丝、扁条或类似品含量在85％ 及以上： / 印花	54	HS第54章	686				none	0.0	unmapped
54083100	其他机织物： 未漂白或漂白	其他机织物： 未漂白或漂白	540831	其他机织物： / 未漂白或漂白	54	HS第54章	686				none	0.0	unmapped
54083200	染色	染色	540832	其他机织物： / 染色	54	HS第54章	686				none	0.0	unmapped
54083300	色织	色织	540833	其他机织物： / 色织	54	HS第54章	686				none	0.0	unmapped
54083400	印花	印花	540834	其他机织物： / 印花	54	HS第54章	686				none	0.0	unmapped
55011100	尼龙或其他聚酰胺制： 芳香族聚酰胺制	尼龙或其他聚酰胺制： 芳香族聚酰胺制	550111	尼龙或其他聚酰胺制： / 芳香族聚酰胺制	55	HS第55章	687				none	0.0	unmapped
55011900	其他	其他	550119	尼龙或其他聚酰胺制： / 其他	55	HS第55章	687				none	0.0	unmapped
55012000	聚酯制	聚酯制	550120	聚酯制	55	HS第55章	687				none	0.0	unmapped
55013000	聚丙烯腈或变性聚丙烯腈制	聚丙烯腈或变性聚丙烯腈制	550130	聚丙烯腈或变性聚丙烯腈制	55	HS第55章	687				none	0.0	unmapped
55014000	聚丙烯制	聚丙烯制	550140	聚丙烯制	55	HS第55章	687				none	0.0	unmapped
55019000	其他	其他	550190	其他	55	HS第55章	688				none	0.0	unmapped
55021010	醋酸纤维丝束： 二醋酸纤维丝束	醋酸纤维丝束： 二醋酸纤维丝束	550210	醋酸纤维丝束	55	HS第55章	688				none	0.0	unmapped
55021090	其他	其他	550210	醋酸纤维丝束	55	HS第55章	688				none	0.0	unmapped
55029000	其他	其他	550290	其他	55	HS第55章	688				none	0.0	unmapped
55031110	尼龙或其他聚酰胺制： --芳族聚酰胺纺制： 聚间苯二甲酰间苯二胺纺制	尼龙或其他聚酰胺制： --芳族聚酰胺纺制： 聚间苯二甲酰间苯二胺纺制	550311	尼龙或其他聚酰胺制： / 芳族聚酰胺纺制	55	HS第55章	688				none	0.0	unmapped
55031120	聚对苯二甲酰对苯二胺纺制	聚对苯二甲酰对苯二胺纺制	550311	尼龙或其他聚酰胺制： / 芳族聚酰胺纺制	55	HS第55章	688				none	0.0	unmapped
55031190	其他	其他	550311	尼龙或其他聚酰胺制： / 芳族聚酰胺纺制	55	HS第55章	688				none	0.0	unmapped
55031900	其他	其他	550319	尼龙或其他聚酰胺制： / 其他	55	HS第55章	689				none	0.0	unmapped
55032000	聚酯制	聚酯制	550320	聚酯制	55	HS第55章	689				none	0.0	unmapped
55033000	聚丙烯腈或变性聚丙烯腈制	聚丙烯腈或变性聚丙烯腈制	550330	聚丙烯腈或变性聚丙烯腈制	55	HS第55章	689				none	0.0	unmapped
55034000	聚丙烯制	聚丙烯制	550340	聚丙烯制	55	HS第55章	689				none	0.0	unmapped
55039010	其他： 聚苯硫醚制	其他： 聚苯硫醚制	550390	其他	55	HS第55章	689				none	0.0	unmapped
55039090	其他	其他	550390	其他	55	HS第55章	689				none	0.0	unmapped
55041010	粘胶纤维制： 竹制	粘胶纤维制： 竹制	550410	粘胶纤维制	55	HS第55章	689				none	0.0	unmapped
55041021	木制： 阻燃的	木制： 阻燃的	550410	粘胶纤维制	55	HS第55章	689				none	0.0	unmapped
55041029	木制： 其他	木制： 其他	550410	粘胶纤维制	55	HS第55章	690				none	0.0	unmapped
55041090	其他	其他	550410	粘胶纤维制	55	HS第55章	690				none	0.0	unmapped
55049000	其他	其他	550490	其他	55	HS第55章	690				none	0.0	unmapped
55051000	合成纤维的	合成纤维的	550510	合成纤维的	55	HS第55章	690				none	0.0	unmapped
55052000	人造纤维的	人造纤维的	550520	人造纤维的	55	HS第55章	690				none	0.0	unmapped
55061011	尼龙或其他聚酰胺制： ---芳族聚酰胺纺制： 聚间苯二甲酰间苯二胺纺制	尼龙或其他聚酰胺制： ---芳族聚酰胺纺制： 聚间苯二甲酰间苯二胺纺制	550610	尼龙或其他聚酰胺制	55	HS第55章	690				none	0.0	unmapped
55061012	芳族聚酰胺纺制： 聚对苯二甲酰对苯二胺纺制	芳族聚酰胺纺制： 聚对苯二甲酰对苯二胺纺制	550610	尼龙或其他聚酰胺制	55	HS第55章	690				none	0.0	unmapped
55061019	芳族聚酰胺纺制： 其他	芳族聚酰胺纺制： 其他	550610	尼龙或其他聚酰胺制	55	HS第55章	690				none	0.0	unmapped
55061090	其他	其他	550610	尼龙或其他聚酰胺制	55	HS第55章	691				none	0.0	unmapped
55062000	聚酯制	聚酯制	550620	聚酯制	55	HS第55章	691				none	0.0	unmapped
55063000	聚丙烯腈或变性聚丙烯腈制	聚丙烯腈或变性聚丙烯腈制	550630	聚丙烯腈或变性聚丙烯腈制	55	HS第55章	691				none	0.0	unmapped
55064000	聚丙烯制	聚丙烯制	550640	聚丙烯制	55	HS第55章	691				none	0.0	unmapped
55069010	其他： 聚苯硫醚制	其他： 聚苯硫醚制	550690	其他	55	HS第55章	691				none	0.0	unmapped
55069090	其他	其他	550690	其他	55	HS第55章	691				none	0.0	unmapped
55070000	人造纤维短纤，已梳或经其他纺 前加工	人造纤维短纤，已梳或经其他纺 前加工	550700	人造纤维短纤，已梳或经其他纺 前加工	55	HS第55章	691				none	0.0	unmapped
55081000	合成纤维短纤纺制	合成纤维短纤纺制	550810	合成纤维短纤纺制	55	HS第55章	691				none	0.0	unmapped
55082000	人造纤维短纤纺制	人造纤维短纤纺制	550820	人造纤维短纤纺制	55	HS第55章	691				none	0.0	unmapped
55091100	按重量计尼龙或其他聚酰胺短 纤含量在85％及以上： 单纱	按重量计尼龙或其他聚酰胺短 纤含量在85％及以上： 单纱	550911	按重量计尼龙或其他聚酰胺短 纤含量在85％及以上： / 单纱	55	HS第55章	692				none	0.0	unmapped
55091200	多股纱线或缆线	多股纱线或缆线	550912	按重量计尼龙或其他聚酰胺短 纤含量在85％及以上： / 多股纱线或缆线	55	HS第55章	692				none	0.0	unmapped
55092100	按重量计聚酯短纤含量在85％ 及以上： 单纱	按重量计聚酯短纤含量在85％ 及以上： 单纱	550921	按重量计聚酯短纤含量在85％ 及以上： / 单纱	55	HS第55章	692				none	0.0	unmapped
55092200	多股纱线或缆线	多股纱线或缆线	550922	按重量计聚酯短纤含量在85％ 及以上： / 多股纱线或缆线	55	HS第55章	692				none	0.0	unmapped
55093100	按重量计聚丙烯腈或变性聚丙 烯腈短纤含量在85％及以上： 单纱	按重量计聚丙烯腈或变性聚丙 烯腈短纤含量在85％及以上： 单纱	550931	按重量计聚丙烯腈或变性聚丙 烯腈短纤含量在85％及以上： / 单纱	55	HS第55章	692				none	0.0	unmapped
55093200	多股纱线或缆线	多股纱线或缆线	550932	按重量计聚丙烯腈或变性聚丙 烯腈短纤含量在85％及以上： / 多股纱线或缆线	55	HS第55章	692				none	0.0	unmapped
55094100	其他纱线，按重量计合成纤维短 纤含量在85％及以上： 单纱	其他纱线，按重量计合成纤维短 纤含量在85％及以上： 单纱	550941	其他纱线，按重量计合成纤维短 纤含量在85％及以上： / 单纱	55	HS第55章	692				none	0.0	unmapped
55094200	多股纱线或缆线	多股纱线或缆线	550942	其他纱线，按重量计合成纤维短 纤含量在85％及以上： / 多股纱线或缆线	55	HS第55章	692				none	0.0	unmapped
55095100	主要或仅与人造纤维短纤混纺	主要或仅与人造纤维短纤混纺	550951	其他聚酯短纤纺制的纱线： / 主要或仅与人造纤维短纤混纺	55	HS第55章	693				none	0.0	unmapped
55095200	主要或仅与羊毛或动物细毛混 纺	主要或仅与羊毛或动物细毛混 纺	550952	其他聚酯短纤纺制的纱线： / 主要或仅与羊毛或动物细毛混	55	HS第55章	693				none	0.0	unmapped
55095300	主要或仅与棉混纺	主要或仅与棉混纺	550953	其他聚酯短纤纺制的纱线： / 主要或仅与棉混纺	55	HS第55章	693				none	0.0	unmapped
55095900	其他	其他	550959	其他聚酯短纤纺制的纱线： / 其他	55	HS第55章	693				none	0.0	unmapped
55096100	其他聚丙烯腈或变性聚丙烯腈 短纤纺制的纱线： 主要或仅与羊毛或动物细毛混 纺	其他聚丙烯腈或变性聚丙烯腈 短纤纺制的纱线： 主要或仅与羊毛或动物细毛混 纺	550961	其他聚丙烯腈或变性聚丙烯腈 短纤纺制的纱线： / 主要或仅与羊毛或动物细毛混	55	HS第55章	693				none	0.0	unmapped
55096200	主要或仅与棉混纺	主要或仅与棉混纺	550962	其他聚丙烯腈或变性聚丙烯腈 短纤纺制的纱线： / 主要或仅与棉混纺	55	HS第55章	693				none	0.0	unmapped
55096900	其他	其他	550969	其他聚丙烯腈或变性聚丙烯腈 短纤纺制的纱线： / 其他	55	HS第55章	693				none	0.0	unmapped
55099100	其他纱线： 主要或仅与羊毛或动物细毛混 纺	其他纱线： 主要或仅与羊毛或动物细毛混 纺	550991	其他纱线： / 主要或仅与羊毛或动物细毛混	55	HS第55章	693				none	0.0	unmapped
55099200	主要或仅与棉混纺	主要或仅与棉混纺	550992	其他纱线： / 主要或仅与棉混纺	55	HS第55章	693				none	0.0	unmapped
55099900	其他	其他	550999	其他纱线： / 其他	55	HS第55章	694				none	0.0	unmapped
55101100	按重量计人造纤维短纤含量在 85％及以上： 单纱	按重量计人造纤维短纤含量在 85％及以上： 单纱	551011	按重量计人造纤维短纤含量在 85％及以上： / 单纱	55	HS第55章	694				none	0.0	unmapped
55101200	多股纱线或缆线	多股纱线或缆线	551012	按重量计人造纤维短纤含量在 85％及以上： / 多股纱线或缆线	55	HS第55章	694				none	0.0	unmapped
55102000	其他纱线，主要或仅与羊毛或动 物细毛混纺	其他纱线，主要或仅与羊毛或动 物细毛混纺	551020	其他纱线，主要或仅与羊毛或动	55	HS第55章	694				none	0.0	unmapped
55103000	其他纱线，主要或仅与棉混纺	其他纱线，主要或仅与棉混纺	551030	其他纱线，主要或仅与棉混纺	55	HS第55章	694				none	0.0	unmapped
55109000	其他	其他	551090	其他	55	HS第55章	694				none	0.0	unmapped
55111000	按重量计合成纤维短纤含量在 85％及以上	按重量计合成纤维短纤含量在 85％及以上	551110	按重量计合成纤维短纤含量在	55	HS第55章	694				none	0.0	unmapped
55112000	按重量计合成纤维短纤含量在 85％以下	按重量计合成纤维短纤含量在 85％以下	551120	按重量计合成纤维短纤含量在	55	HS第55章	694				none	0.0	unmapped
55113000	人造纤维短纤纺制	人造纤维短纤纺制	551130	人造纤维短纤纺制	55	HS第55章	695				none	0.0	unmapped
55121100	按重量计聚酯短纤含量在85％ 及以上： 未漂白或漂白	按重量计聚酯短纤含量在85％ 及以上： 未漂白或漂白	551211	按重量计聚酯短纤含量在85％ 及以上： / 未漂白或漂白	55	HS第55章	695				none	0.0	unmapped
55121900	其他	其他	551219	按重量计聚酯短纤含量在85％ 及以上： / 其他	55	HS第55章	695				none	0.0	unmapped
55122100	按重量计聚丙烯腈或变性聚丙 烯腈短纤含量在85％及以上： 未漂白或漂白	按重量计聚丙烯腈或变性聚丙 烯腈短纤含量在85％及以上： 未漂白或漂白	551221	按重量计聚丙烯腈或变性聚丙 烯腈短纤含量在85％及以上： / 未漂白或漂白	55	HS第55章	695				none	0.0	unmapped
55122900	其他	其他	551229	按重量计聚丙烯腈或变性聚丙 烯腈短纤含量在85％及以上： / 其他	55	HS第55章	695				none	0.0	unmapped
55129100	其他： 未漂白或漂白	其他： 未漂白或漂白	551291	其他： / 未漂白或漂白	55	HS第55章	695				none	0.0	unmapped
55129900	其他	其他	551299	其他： / 其他	55	HS第55章	696				none	0.0	unmapped
55131110	未漂白或漂白： --聚酯短纤纺制的平纹机织物： 未漂白	未漂白或漂白： --聚酯短纤纺制的平纹机织物： 未漂白	551311	未漂白或漂白： / 聚酯短纤纺制的平纹机织物	55	HS第55章	696				none	0.0	unmapped
55131120	漂白	漂白	551311	未漂白或漂白： / 聚酯短纤纺制的平纹机织物	55	HS第55章	696				none	0.0	unmapped
55131210	聚酯短纤纺制的三线或四线斜 纹机织物，包括双面斜纹机织物： 未漂白	聚酯短纤纺制的三线或四线斜 纹机织物，包括双面斜纹机织物： 未漂白	551312	未漂白或漂白： / 聚酯短纤纺制的三线或四线斜 纹机织物，包括双面斜纹机织物	55	HS第55章	696				none	0.0	unmapped
55131220	漂白	漂白	551312	未漂白或漂白： / 聚酯短纤纺制的三线或四线斜 纹机织物，包括双面斜纹机织物	55	HS第55章	696				none	0.0	unmapped
55131310	其他聚酯短纤纺制的机织物： 未漂白	其他聚酯短纤纺制的机织物： 未漂白	551313	未漂白或漂白： / 其他聚酯短纤纺制的机织物	55	HS第55章	696				none	0.0	unmapped
55131320	漂白	漂白	551313	未漂白或漂白： / 其他聚酯短纤纺制的机织物	55	HS第55章	697				none	0.0	unmapped
55131900	其他机织物	其他机织物	551319	未漂白或漂白： / 其他机织物	55	HS第55章	697				none	0.0	unmapped
55132100	染色： 聚酯短纤纺制的平纹机织物	染色： 聚酯短纤纺制的平纹机织物	551321	染色： / 聚酯短纤纺制的平纹机织物	55	HS第55章	697				none	0.0	unmapped
55132310	其他聚酯短纤纺制的机织物： 聚酯短纤纺制的三线或四线斜 纹机织物，包括双面斜纹机织物	其他聚酯短纤纺制的机织物： 聚酯短纤纺制的三线或四线斜 纹机织物，包括双面斜纹机织物	551323	染色： / 其他聚酯短纤纺制的机织物	55	HS第55章	697				none	0.0	unmapped
55132390	其他	其他	551323	染色： / 其他聚酯短纤纺制的机织物	55	HS第55章	697				none	0.0	unmapped
55132900	其他机织物	其他机织物	551329	染色： / 其他机织物	55	HS第55章	697				none	0.0	unmapped
55133100	色织： 聚酯短纤纺制的平纹机织物	色织： 聚酯短纤纺制的平纹机织物	551331	色织： / 聚酯短纤纺制的平纹机织物	55	HS第55章	697				none	0.0	unmapped
55133910	聚酯短纤纺制的三线或四线斜 纹机织物，包括双面斜纹机织物	聚酯短纤纺制的三线或四线斜 纹机织物，包括双面斜纹机织物	551339	色织： / 其他机织物	55	HS第55章	698				none	0.0	unmapped
55133920	其他聚酯短纤纺制的机织物	其他聚酯短纤纺制的机织物	551339	色织： / 其他机织物	55	HS第55章	698				none	0.0	unmapped
55133990	其他机织物	其他机织物	551339	色织： / 其他机织物	55	HS第55章	698				none	0.0	unmapped
55134100	印花： 聚酯短纤纺制的平纹机织物	印花： 聚酯短纤纺制的平纹机织物	551341	印花： / 聚酯短纤纺制的平纹机织物	55	HS第55章	698				none	0.0	unmapped
55134910	其他机织物： 聚酯短纤纺制的三线或四线斜 纹机织物，包括双面斜纹机织物	其他机织物： 聚酯短纤纺制的三线或四线斜 纹机织物，包括双面斜纹机织物	551349	印花： / 其他机织物	55	HS第55章	698				none	0.0	unmapped
55134920	其他聚酯短纤纺制的机织物	其他聚酯短纤纺制的机织物	551349	印花： / 其他机织物	55	HS第55章	698				none	0.0	unmapped
55134990	其他	其他	551349	印花： / 其他机织物	55	HS第55章	698				none	0.0	unmapped
55141110	未漂白	未漂白	551411	未漂白或漂白： / 聚酯短纤纺制的平纹机织物	55	HS第55章	699				none	0.0	unmapped
55141120	漂白	漂白	551411	未漂白或漂白： / 聚酯短纤纺制的平纹机织物	55	HS第55章	699				none	0.0	unmapped
55141210	聚酯短纤纺制的三线或四线斜 纹机织物，包括双面斜纹机织物： 未漂白	聚酯短纤纺制的三线或四线斜 纹机织物，包括双面斜纹机织物： 未漂白	551412	未漂白或漂白： / 聚酯短纤纺制的三线或四线斜 纹机织物，包括双面斜纹机织物	55	HS第55章	699				none	0.0	unmapped
55141220	漂白	漂白	551412	未漂白或漂白： / 聚酯短纤纺制的三线或四线斜 纹机织物，包括双面斜纹机织物	55	HS第55章	699				none	0.0	unmapped
55141911	其他机织物： ---聚酯短纤纺制的机织物： 未漂白	其他机织物： ---聚酯短纤纺制的机织物： 未漂白	551419	未漂白或漂白： / 其他机织物	55	HS第55章	699				none	0.0	unmapped
55141912	聚酯短纤纺制的机织物： 漂白	聚酯短纤纺制的机织物： 漂白	551419	未漂白或漂白： / 其他机织物	55	HS第55章	699				none	0.0	unmapped
55141990	其他	其他	551419	未漂白或漂白： / 其他机织物	55	HS第55章	700				none	0.0	unmapped
55142100	染色： 聚酯短纤纺制的平纹机织物	染色： 聚酯短纤纺制的平纹机织物	551421	染色： / 聚酯短纤纺制的平纹机织物	55	HS第55章	700				none	0.0	unmapped
55142200	聚酯短纤纺制的三线或四线斜 纹机织物，包括双面斜纹机织物	聚酯短纤纺制的三线或四线斜 纹机织物，包括双面斜纹机织物	551422	染色： / 聚酯短纤纺制的三线或四线斜	55	HS第55章	700				none	0.0	unmapped
55142300	其他聚酯短纤纺制的机织物	其他聚酯短纤纺制的机织物	551423	染色： / 其他聚酯短纤纺制的机织物	55	HS第55章	700				none	0.0	unmapped
55142900	其他机织物	其他机织物	551429	染色： / 其他机织物	55	HS第55章	700				none	0.0	unmapped
55143010	色织： 聚酯短纤纺制的平纹机织物	色织： 聚酯短纤纺制的平纹机织物	551430	色织	55	HS第55章	700				none	0.0	unmapped
55143020	聚酯短纤纺制的三线或四线斜 纹机织物，包括双面斜纹机织物	聚酯短纤纺制的三线或四线斜 纹机织物，包括双面斜纹机织物	551430	色织	55	HS第55章	700				none	0.0	unmapped
55143030	其他聚酯短纤纺制的机织物	其他聚酯短纤纺制的机织物	551430	色织	55	HS第55章	701				none	0.0	unmapped
55143090	其他机织物	其他机织物	551430	色织	55	HS第55章	701				none	0.0	unmapped
55144100	印花： 聚酯短纤纺制的平纹机织物	印花： 聚酯短纤纺制的平纹机织物	551441	印花： / 聚酯短纤纺制的平纹机织物	55	HS第55章	701				none	0.0	unmapped
55144200	聚酯短纤纺制的三线或四线斜 纹机织物，包括双面斜纹机织物	聚酯短纤纺制的三线或四线斜 纹机织物，包括双面斜纹机织物	551442	印花： / 聚酯短纤纺制的三线或四线斜	55	HS第55章	701				none	0.0	unmapped
55144300	其他聚酯短纤纺制的机织物	其他聚酯短纤纺制的机织物	551443	印花： / 其他聚酯短纤纺制的机织物	55	HS第55章	701				none	0.0	unmapped
55144900	其他机织物	其他机织物	551449	印花： / 其他机织物	55	HS第55章	701				none	0.0	unmapped
55151100	聚酯短纤纺制： 主要或仅与粘胶纤维短纤混纺	聚酯短纤纺制： 主要或仅与粘胶纤维短纤混纺	551511	聚酯短纤纺制： / 主要或仅与粘胶纤维短纤混纺	55	HS第55章	701				none	0.0	unmapped
55151200	主要或仅与化学纤维长丝混纺	主要或仅与化学纤维长丝混纺	551512	聚酯短纤纺制： / 主要或仅与化学纤维长丝混纺	55	HS第55章	702				none	0.0	unmapped
55151300	主要或仅与羊毛或动物细毛混 纺	主要或仅与羊毛或动物细毛混 纺	551513	聚酯短纤纺制： / 主要或仅与羊毛或动物细毛混	55	HS第55章	702				none	0.0	unmapped
55151900	其他	其他	551519	聚酯短纤纺制： / 其他	55	HS第55章	702				none	0.0	unmapped
55152100	聚丙烯腈或变性聚丙烯腈短纤 纺制： 主要或仅与化学纤维长丝混纺	聚丙烯腈或变性聚丙烯腈短纤 纺制： 主要或仅与化学纤维长丝混纺	551521	聚丙烯腈或变性聚丙烯腈短纤 纺制： / 主要或仅与化学纤维长丝混纺	55	HS第55章	702				none	0.0	unmapped
55152200	主要或仅与羊毛或动物细毛混 纺	主要或仅与羊毛或动物细毛混 纺	551522	聚丙烯腈或变性聚丙烯腈短纤 纺制： / 主要或仅与羊毛或动物细毛混	55	HS第55章	702				none	0.0	unmapped
55152900	其他	其他	551529	聚丙烯腈或变性聚丙烯腈短纤 纺制： / 其他	55	HS第55章	702				none	0.0	unmapped
55159100	其他机织物： 主要或仅与化学纤维长丝混纺	其他机织物： 主要或仅与化学纤维长丝混纺	551591	其他机织物： / 主要或仅与化学纤维长丝混纺	55	HS第55章	702				none	0.0	unmapped
55159900	其他	其他	551599	其他机织物： / 其他	55	HS第55章	703				none	0.0	unmapped
55161100	按重量计人造纤维短纤含量在 85％及以上： 未漂白或漂白	按重量计人造纤维短纤含量在 85％及以上： 未漂白或漂白	551611	按重量计人造纤维短纤含量在 85％及以上： / 未漂白或漂白	55	HS第55章	703				none	0.0	unmapped
55161200	染色	染色	551612	按重量计人造纤维短纤含量在 85％及以上： / 染色	55	HS第55章	703				none	0.0	unmapped
55161300	色织	色织	551613	按重量计人造纤维短纤含量在 85％及以上： / 色织	55	HS第55章	703				none	0.0	unmapped
55161400	印花	印花	551614	按重量计人造纤维短纤含量在 85％及以上： / 印花	55	HS第55章	703				none	0.0	unmapped
55162100	按重量计人造纤维短纤含量在 85％以下，主要或仅与化学纤维 长丝混纺： 未漂白或漂白	按重量计人造纤维短纤含量在 85％以下，主要或仅与化学纤维 长丝混纺： 未漂白或漂白	551621	按重量计人造纤维短纤含量在 85％以下，主要或仅与化学纤维 长丝混纺： / 未漂白或漂白	55	HS第55章	703				none	0.0	unmapped
55162200	染色	染色	551622	按重量计人造纤维短纤含量在 85％以下，主要或仅与化学纤维 长丝混纺： / 染色	55	HS第55章	703				none	0.0	unmapped
55162300	色织	色织	551623	按重量计人造纤维短纤含量在 85％以下，主要或仅与化学纤维 长丝混纺： / 色织	55	HS第55章	704				none	0.0	unmapped
55162400	印花	印花	551624	按重量计人造纤维短纤含量在 85％以下，主要或仅与化学纤维 长丝混纺： / 印花	55	HS第55章	704				none	0.0	unmapped
55163100	按重量计人造纤维短纤含量在 85％以下，主要或仅与羊毛或动 物细毛混纺： 未漂白或漂白	按重量计人造纤维短纤含量在 85％以下，主要或仅与羊毛或动 物细毛混纺： 未漂白或漂白	551631	按重量计人造纤维短纤含量在 85％以下，主要或仅与羊毛或动 物细毛混纺： / 未漂白或漂白	55	HS第55章	704				none	0.0	unmapped
55163200	染色	染色	551632	按重量计人造纤维短纤含量在 85％以下，主要或仅与羊毛或动 物细毛混纺： / 染色	55	HS第55章	704				none	0.0	unmapped
55163300	色织	色织	551633	按重量计人造纤维短纤含量在 85％以下，主要或仅与羊毛或动 物细毛混纺： / 色织	55	HS第55章	704				none	0.0	unmapped
55163400	印花	印花	551634	按重量计人造纤维短纤含量在 85％以下，主要或仅与羊毛或动 物细毛混纺： / 印花	55	HS第55章	704				none	0.0	unmapped
55164100	按重量计人造纤维短纤含量在 85％以下，主要或仅与棉混纺： 未漂白或漂白	按重量计人造纤维短纤含量在 85％以下，主要或仅与棉混纺： 未漂白或漂白	551641	按重量计人造纤维短纤含量在 85％以下，主要或仅与棉混纺： / 未漂白或漂白	55	HS第55章	704				none	0.0	unmapped
55164200	染色	染色	551642	按重量计人造纤维短纤含量在 85％以下，主要或仅与棉混纺： / 染色	55	HS第55章	705				none	0.0	unmapped
55164300	色织	色织	551643	按重量计人造纤维短纤含量在 85％以下，主要或仅与棉混纺： / 色织	55	HS第55章	705				none	0.0	unmapped
55164400	印花	印花	551644	按重量计人造纤维短纤含量在 85％以下，主要或仅与棉混纺： / 印花	55	HS第55章	705				none	0.0	unmapped
55169100	其他： 未漂白或漂白	其他： 未漂白或漂白	551691	其他： / 未漂白或漂白	55	HS第55章	705				none	0.0	unmapped
55169200	染色	染色	551692	其他： / 染色	55	HS第55章	705				none	0.0	unmapped
55169300	色织	色织	551693	其他： / 色织	55	HS第55章	705				none	0.0	unmapped
55169400	印花	印花	551694	其他： / 印花	55	HS第55章	705				none	0.0	unmapped
56012100	纺织材料制的絮胎及其制品： 棉制	纺织材料制的絮胎及其制品： 棉制	560121	纺织材料制的絮胎及其制品： / 棉制	56	HS第56章	706				none	0.0	unmapped
56012210	化学纤维制： 卷烟滤嘴	化学纤维制： 卷烟滤嘴	560122	纺织材料制的絮胎及其制品： / 化学纤维制	56	HS第56章	706				none	0.0	unmapped
56012290	其他	其他	560122	纺织材料制的絮胎及其制品： / 化学纤维制	56	HS第56章	706				none	0.0	unmapped
56012900	其他	其他	560129	纺织材料制的絮胎及其制品： / 其他	56	HS第56章	707				none	0.0	unmapped
56013000	纤维屑、纤维粉末及球结 由两种或两种以上有机聚合物纺 制的纤维（横截面为皮芯结构或 并列结构或海岛结构），长度不超 过5毫米	纤维屑、纤维粉末及球结 由两种或两种以上有机聚合物纺 制的纤维（横截面为皮芯结构或 并列结构或海岛结构），长度不超 过5毫米	560130	纤维屑、纤维粉末及球结	56	HS第56章	707				none	0.0	unmapped
56021000	针刺机制毡呢及纤维缝编织物	针刺机制毡呢及纤维缝编织物	560210	针刺机制毡呢及纤维缝编织物	56	HS第56章	707				none	0.0	unmapped
56022100	其他毡呢，未浸渍、涂布、包覆 或层压： 羊毛或动物细毛制	其他毡呢，未浸渍、涂布、包覆 或层压： 羊毛或动物细毛制	560221	其他毡呢，未浸渍、涂布、包覆 或层压： / 羊毛或动物细毛制	56	HS第56章	707				none	0.0	unmapped
56022900	其他纺织材料制	其他纺织材料制	560229	其他毡呢，未浸渍、涂布、包覆 或层压： / 其他纺织材料制	56	HS第56章	707				none	0.0	unmapped
56029000	其他	其他	560290	其他	56	HS第56章	707				none	0.0	unmapped
56031110	经浸渍、涂布、包覆或层压	经浸渍、涂布、包覆或层压	560311	化学纤维长丝制： / 每平方米重量不超过25克	56	HS第56章	708				none	0.0	unmapped
56031190	其他	其他	560311	化学纤维长丝制： / 每平方米重量不超过25克	56	HS第56章	708				none	0.0	unmapped
56031210	每平方米重量超过25克，但不超 过70克： 经浸渍、涂布、包覆或层压	每平方米重量超过25克，但不超 过70克： 经浸渍、涂布、包覆或层压	560312	化学纤维长丝制： / 每平方米重量超过25克，但不超 过70克	56	HS第56章	708				none	0.0	unmapped
56031290	其他	其他	560312	化学纤维长丝制： / 每平方米重量超过25克，但不超 过70克	56	HS第56章	708				none	0.0	unmapped
56031310	每平方米重量超过70克，但不超 过150克： 经浸渍、涂布、包覆或层压	每平方米重量超过70克，但不超 过150克： 经浸渍、涂布、包覆或层压	560313	化学纤维长丝制： / 每平方米重量超过70克，但不超 过150克	56	HS第56章	708				none	0.0	unmapped
56031390	其他	其他	560313	化学纤维长丝制： / 每平方米重量超过70克，但不超 过150克	56	HS第56章	708				none	0.0	unmapped
56031410	经浸渍、涂布、包覆或层压	经浸渍、涂布、包覆或层压	560314	化学纤维长丝制： / 每平方米重量超过150克	56	HS第56章	709				none	0.0	unmapped
56031490	其他	其他	560314	化学纤维长丝制： / 每平方米重量超过150克	56	HS第56章	709				none	0.0	unmapped
56039110	其他： --每平方米重量不超过25克： 经浸渍、涂布、包覆或层压	其他： --每平方米重量不超过25克： 经浸渍、涂布、包覆或层压	560391	其他： / 每平方米重量不超过25克	56	HS第56章	709				none	0.0	unmapped
56039190	其他	其他	560391	其他： / 每平方米重量不超过25克	56	HS第56章	709				none	0.0	unmapped
56039210	每平方米重量超过25克，但不超 过70克： 经浸渍、涂布、包覆或层压	每平方米重量超过25克，但不超 过70克： 经浸渍、涂布、包覆或层压	560392	其他： / 每平方米重量超过25克，但不超 过70克	56	HS第56章	709				none	0.0	unmapped
56039290	其他	其他	560392	其他： / 每平方米重量超过25克，但不超 过70克	56	HS第56章	710				none	0.0	unmapped
56039310	每平方米重量超过70克，但不超 过150克： 经浸渍、涂布、包覆或层压	每平方米重量超过70克，但不超 过150克： 经浸渍、涂布、包覆或层压	560393	其他： / 每平方米重量超过70克，但不超 过150克	56	HS第56章	710				none	0.0	unmapped
56039390	其他	其他	560393	其他： / 每平方米重量超过70克，但不超 过150克	56	HS第56章	710				none	0.0	unmapped
56039410	每平方米重量超过150克： 经浸渍、涂布、包覆或层压	每平方米重量超过150克： 经浸渍、涂布、包覆或层压	560394	其他： / 每平方米重量超过150克	56	HS第56章	710				none	0.0	unmapped
56039490	其他	其他	560394	其他： / 每平方米重量超过150克	56	HS第56章	710				none	0.0	unmapped
56041000	用纺织材料包覆的橡胶线及绳	用纺织材料包覆的橡胶线及绳	560410	用纺织材料包覆的橡胶线及绳	56	HS第56章	711	化工胶粘涂料	橡胶材料	化工胶粘涂料/橡胶材料	chemical-rubber	0.75	candidate
56049000	其他	其他	560490	其他	56	HS第56章	711				none	0.0	unmapped
56050000	含金属纱线，不论是否螺旋花线， 由纺织纱线或税目54.04或54.05 的扁条及类似品与金属线、扁条 或粉末混合制得或用金属包覆制 得	含金属纱线，不论是否螺旋花线， 由纺织纱线或税目54.04或54.05 的扁条及类似品与金属线、扁条 或粉末混合制得或用金属包覆制 得	560500	含金属纱线，不论是否螺旋花线， 由纺织纱线或税目54.04或54.05 的扁条及类似品与金属线、扁条 或粉末混合制得或用金属包覆制 得	56	HS第56章	711				none	0.0	unmapped
56060000	粗松螺旋花线，税目54.04或54.05 的扁条及类似品制的螺旋花线 （税目56.05的货品及马毛粗松螺 旋花线除外）；绳绒线（包括植绒 绳绒线）；纵行起圈纱线	粗松螺旋花线，税目54.04或54.05 的扁条及类似品制的螺旋花线 （税目56.05的货品及马毛粗松螺 旋花线除外）；绳绒线（包括植绒 绳绒线）；纵行起圈纱线	560600	粗松螺旋花线，税目54.04或54.05 的扁条及类似品制的螺旋花线 （税目56.05的货品及马毛粗松 螺旋花线除外）；绳绒线（包括植 绒绳绒线）；纵行起圈纱线	56	HS第56章	711				none	0.0	unmapped
56072100	西沙尔麻或其他纺织用龙舌兰 类纤维纺制： 包扎用绳	西沙尔麻或其他纺织用龙舌兰 类纤维纺制： 包扎用绳	560721	西沙尔麻或其他纺织用龙舌兰 类纤维纺制： / 包扎用绳	56	HS第56章	711				none	0.0	unmapped
56072900	其他	其他	560729	西沙尔麻或其他纺织用龙舌兰 类纤维纺制： / 其他	56	HS第56章	711				none	0.0	unmapped
56074100	聚乙烯或聚丙烯纺制： 包扎用绳	聚乙烯或聚丙烯纺制： 包扎用绳	560741	聚乙烯或聚丙烯纺制： / 包扎用绳	56	HS第56章	711				none	0.0	unmapped
56074900	其他	其他	560749	聚乙烯或聚丙烯纺制： / 其他	56	HS第56章	712				none	0.0	unmapped
56075000	其他合成纤维纺制	其他合成纤维纺制	560750	其他合成纤维纺制	56	HS第56章	712				none	0.0	unmapped
56079010	其他： 蕉麻（马尼拉麻）或其他硬质 （叶）纤维纺制	其他： 蕉麻（马尼拉麻）或其他硬质 （叶）纤维纺制	560790	其他	56	HS第56章	712				none	0.0	unmapped
56079090	其他	其他	560790	其他	56	HS第56章	712				none	0.0	unmapped
56081100	化学纤维材料制： 制成的渔网	化学纤维材料制： 制成的渔网	560811	化学纤维材料制： / 制成的渔网	56	HS第56章	712				none	0.0	unmapped
56081900	其他	其他	560819	化学纤维材料制： / 其他	56	HS第56章	712				none	0.0	unmapped
56089000	其他	其他	560890	其他	56	HS第56章	712				none	0.0	unmapped
56090000	用纱线、税目54.04或54.05的扁条 及类似品或线、绳、索、缆制成 的其他税目未列名物品	用纱线、税目54.04或54.05的扁条 及类似品或线、绳、索、缆制成 的其他税目未列名物品	560900	用纱线、税目54.04或54.05的扁条 及类似品或线、绳、索、缆制成 的其他税目未列名物品	56	HS第56章	712				none	0.0	unmapped
57011000	羊毛或动物细毛制	羊毛或动物细毛制	570110	羊毛或动物细毛制	57	HS第57章	713				none	0.0	unmapped
57019010	其他纺织材料制： 化学纤维制	其他纺织材料制： 化学纤维制	570190	其他纺织材料制	57	HS第57章	713				none	0.0	unmapped
57019020	丝制	丝制	570190	其他纺织材料制	57	HS第57章	713				none	0.0	unmapped
57019090	其他	其他	570190	其他纺织材料制	57	HS第57章	713				none	0.0	unmapped
57021000	“开来姆”“苏麦克” “卡拉 马尼”及类似的手织地毯	“开来姆”“苏麦克” “卡拉 马尼”及类似的手织地毯	570210	“开来姆”“苏麦克” “卡拉	57	HS第57章	713				none	0.0	unmapped
57022000	椰壳纤维制的铺地制品	椰壳纤维制的铺地制品	570220	椰壳纤维制的铺地制品	57	HS第57章	714				none	0.0	unmapped
57023100	其他起绒结构的铺地制品，未制 成的： 羊毛或动物细毛制	其他起绒结构的铺地制品，未制 成的： 羊毛或动物细毛制	570231	其他起绒结构的铺地制品，未制 成的： / 羊毛或动物细毛制	57	HS第57章	714				none	0.0	unmapped
57023200	化学纤维制	化学纤维制	570232	其他起绒结构的铺地制品，未制 成的： / 化学纤维制	57	HS第57章	714				none	0.0	unmapped
57023900	其他纺织材料制	其他纺织材料制	570239	其他起绒结构的铺地制品，未制 成的： / 其他纺织材料制	57	HS第57章	714				none	0.0	unmapped
57024100	其他起绒结构的铺地制品，制成 的： 羊毛或动物细毛制	其他起绒结构的铺地制品，制成 的： 羊毛或动物细毛制	570241	其他起绒结构的铺地制品，制成 的： / 羊毛或动物细毛制	57	HS第57章	714				none	0.0	unmapped
57024200	化学纤维制	化学纤维制	570242	其他起绒结构的铺地制品，制成 的： / 化学纤维制	57	HS第57章	714				none	0.0	unmapped
57024900	其他纺织材料制	其他纺织材料制	570249	其他起绒结构的铺地制品，制成 的： / 其他纺织材料制	57	HS第57章	714				none	0.0	unmapped
57025010	其他非起绒结构的铺地制品，未 制成的： 羊毛或动物细毛制	其他非起绒结构的铺地制品，未 制成的： 羊毛或动物细毛制	570250	其他非起绒结构的铺地制品，未 制成的	57	HS第57章	714				none	0.0	unmapped
57025020	化学纤维制	化学纤维制	570250	其他非起绒结构的铺地制品，未 制成的	57	HS第57章	715				none	0.0	unmapped
57025090	其他纺织材料制	其他纺织材料制	570250	其他非起绒结构的铺地制品，未 制成的	57	HS第57章	715				none	0.0	unmapped
57029100	其他非起绒结构的铺地制品，制 成的： 羊毛或动物细毛制	其他非起绒结构的铺地制品，制 成的： 羊毛或动物细毛制	570291	其他非起绒结构的铺地制品，制 成的： / 羊毛或动物细毛制	57	HS第57章	715				none	0.0	unmapped
57029200	化学纤维制	化学纤维制	570292	其他非起绒结构的铺地制品，制 成的： / 化学纤维制	57	HS第57章	715				none	0.0	unmapped
57029900	其他纺织材料制	其他纺织材料制	570299	其他非起绒结构的铺地制品，制 成的： / 其他纺织材料制	57	HS第57章	715				none	0.0	unmapped
57031000	羊毛或动物细毛制	羊毛或动物细毛制	570310	羊毛或动物细毛制	57	HS第57章	715				none	0.0	unmapped
57032100	尼龙或其他聚酰胺制： 人造草皮	尼龙或其他聚酰胺制： 人造草皮	570321	尼龙或其他聚酰胺制： / 人造草皮	57	HS第57章	715				none	0.0	unmapped
57032900	其他	其他	570329	尼龙或其他聚酰胺制： / 其他	57	HS第57章	716				none	0.0	unmapped
57033100	其他化学纤维制： 人造草皮	其他化学纤维制： 人造草皮	570331	其他化学纤维制： / 人造草皮	57	HS第57章	716				none	0.0	unmapped
57033900	其他	其他	570339	其他化学纤维制： / 其他	57	HS第57章	716				none	0.0	unmapped
57039000	其他纺织材料制	其他纺织材料制	570390	其他纺织材料制	57	HS第57章	716				none	0.0	unmapped
57041000	最大表面面积不超过0.3平方米	最大表面面积不超过0.3平方米	570410	最大表面面积不超过0.3平方米	57	HS第57章	716				none	0.0	unmapped
57042000	最大表面面积超过0.3平方米但 不超过1平方米	最大表面面积超过0.3平方米但 不超过1平方米	570420	最大表面面积超过0.3平方米但	57	HS第57章	716				none	0.0	unmapped
57049000	其他	其他	570490	其他	57	HS第57章	716				none	0.0	unmapped
57050010	羊毛或动物细毛制	羊毛或动物细毛制	570500	其他地毯及纺织材料的其他铺地 制品，不论是否制成的	57	HS第57章	716				none	0.0	unmapped
57050020	化学纤维制	化学纤维制	570500	其他地毯及纺织材料的其他铺地 制品，不论是否制成的	57	HS第57章	717				none	0.0	unmapped
57050090	其他纺织材料制	其他纺织材料制	570500	其他地毯及纺织材料的其他铺地 制品，不论是否制成的	57	HS第57章	717				none	0.0	unmapped
58011000	羊毛或动物细毛制	羊毛或动物细毛制	580110	羊毛或动物细毛制	58	HS第58章	718				none	0.0	unmapped
58012100	棉制： 不割绒的纬起绒织物	棉制： 不割绒的纬起绒织物	580121	棉制： / 不割绒的纬起绒织物	58	HS第58章	718				none	0.0	unmapped
58012200	割绒的灯芯绒	割绒的灯芯绒	580122	棉制： / 割绒的灯芯绒	58	HS第58章	718				none	0.0	unmapped
58012300	其他纬起绒织物	其他纬起绒织物	580123	棉制： / 其他纬起绒织物	58	HS第58章	718				none	0.0	unmapped
58012600	绳绒织物	绳绒织物	580126	棉制： / 绳绒织物	58	HS第58章	719				none	0.0	unmapped
58012710	经起绒织物： 不割绒的（棱纹绸）	经起绒织物： 不割绒的（棱纹绸）	580127	棉制： / 经起绒织物	58	HS第58章	719				none	0.0	unmapped
58012720	割绒的	割绒的	580127	棉制： / 经起绒织物	58	HS第58章	719				none	0.0	unmapped
58013100	化学纤维制： 不割绒的纬起绒织物	化学纤维制： 不割绒的纬起绒织物	580131	化学纤维制： / 不割绒的纬起绒织物	58	HS第58章	719				none	0.0	unmapped
58013200	割绒的灯芯绒	割绒的灯芯绒	580132	化学纤维制： / 割绒的灯芯绒	58	HS第58章	719				none	0.0	unmapped
58013300	其他纬起绒织物	其他纬起绒织物	580133	化学纤维制： / 其他纬起绒织物	58	HS第58章	719				none	0.0	unmapped
58013600	绳绒织物	绳绒织物	580136	化学纤维制： / 绳绒织物	58	HS第58章	719				none	0.0	unmapped
58013710	不割绒的（棱纹绸）	不割绒的（棱纹绸）	580137	化学纤维制： / 经起绒织物	58	HS第58章	720				none	0.0	unmapped
58013720	割绒的	割绒的	580137	化学纤维制： / 经起绒织物	58	HS第58章	720				none	0.0	unmapped
58019010	其他纺织材料制： 丝及绢丝制	其他纺织材料制： 丝及绢丝制	580190	其他纺织材料制	58	HS第58章	720				none	0.0	unmapped
58019090	其他	其他	580190	其他纺织材料制	58	HS第58章	720				none	0.0	unmapped
58021010	棉制毛巾织物及类似毛圈机织 物： 未漂白	棉制毛巾织物及类似毛圈机织 物： 未漂白	580210	棉制毛巾织物及类似毛圈机织 物	58	HS第58章	720				none	0.0	unmapped
58021090	其他	其他	580210	棉制毛巾织物及类似毛圈机织 物	58	HS第58章	720				none	0.0	unmapped
58022010	其他纺织材料制的毛巾织物及 类似的毛圈机织物： 丝及绢丝制	其他纺织材料制的毛巾织物及 类似的毛圈机织物： 丝及绢丝制	580220	其他纺织材料制的毛巾织物及 类似的毛圈机织物	58	HS第58章	720				none	0.0	unmapped
58022020	羊毛或动物细毛制	羊毛或动物细毛制	580220	其他纺织材料制的毛巾织物及 类似的毛圈机织物	58	HS第58章	721				none	0.0	unmapped
58022030	化学纤维制	化学纤维制	580220	其他纺织材料制的毛巾织物及 类似的毛圈机织物	58	HS第58章	721				none	0.0	unmapped
58022090	其他	其他	580220	其他纺织材料制的毛巾织物及 类似的毛圈机织物	58	HS第58章	721				none	0.0	unmapped
58023010	簇绒织物： 丝及绢丝制	簇绒织物： 丝及绢丝制	580230	簇绒织物	58	HS第58章	721				none	0.0	unmapped
58023020	羊毛或动物细毛制	羊毛或动物细毛制	580230	簇绒织物	58	HS第58章	721				none	0.0	unmapped
58023030	棉或麻制	棉或麻制	580230	簇绒织物	58	HS第58章	721				none	0.0	unmapped
58023040	化学纤维制	化学纤维制	580230	簇绒织物	58	HS第58章	721				none	0.0	unmapped
58023090	其他纺织材料制	其他纺织材料制	580230	簇绒织物	58	HS第58章	722				none	0.0	unmapped
58030010	棉制	棉制	580300	纱罗，但税目58.06的狭幅织物除 外	58	HS第58章	722				none	0.0	unmapped
58030020	丝及绢丝制	丝及绢丝制	580300	纱罗，但税目58.06的狭幅织物除 外	58	HS第58章	722				none	0.0	unmapped
58030030	化学纤维制	化学纤维制	580300	纱罗，但税目58.06的狭幅织物除 外	58	HS第58章	722				none	0.0	unmapped
58030090	其他纺织材料制	其他纺织材料制	580300	纱罗，但税目58.06的狭幅织物除 外	58	HS第58章	722				none	0.0	unmapped
58041010	网眼薄纱及其他网眼织物： 丝及绢丝制	网眼薄纱及其他网眼织物： 丝及绢丝制	580410	网眼薄纱及其他网眼织物	58	HS第58章	722				none	0.0	unmapped
58041020	棉制	棉制	580410	网眼薄纱及其他网眼织物	58	HS第58章	723				none	0.0	unmapped
58041030	化学纤维制	化学纤维制	580410	网眼薄纱及其他网眼织物	58	HS第58章	723				none	0.0	unmapped
58041090	其他纺织材料制	其他纺织材料制	580410	网眼薄纱及其他网眼织物	58	HS第58章	723				none	0.0	unmapped
58042100	机制花边： 化学纤维制	机制花边： 化学纤维制	580421	机制花边： / 化学纤维制	58	HS第58章	723				none	0.0	unmapped
58042910	其他纺织材料制： 丝及绢丝制	其他纺织材料制： 丝及绢丝制	580429	机制花边： / 其他纺织材料制	58	HS第58章	723				none	0.0	unmapped
58042920	棉制	棉制	580429	机制花边： / 其他纺织材料制	58	HS第58章	723				none	0.0	unmapped
58042990	其他	其他	580429	机制花边： / 其他纺织材料制	58	HS第58章	723				none	0.0	unmapped
58043000	手工制花边	手工制花边	580430	手工制花边	58	HS第58章	724				none	0.0	unmapped
58050010	手工针绣嵌花装饰毯	手工针绣嵌花装饰毯	580500	“哥白林”、 “弗朗德”、 “奥步生”、 “波威”及类似式样的手织装饰 毯，以及手工针绣嵌花装饰毯（例 如，小针脚或十字绣），不论是否 制成的	58	HS第58章	724				none	0.0	unmapped
58050090	其他	其他	580500	“哥白林”、 “弗朗德”、 “奥步生”、 “波威”及类似式样的手织装饰 毯，以及手工针绣嵌花装饰毯（例 如，小针脚或十字绣），不论是否 制成的	58	HS第58章	724				none	0.0	unmapped
58061010	起绒机织物（包括毛巾织物及类 似的毛圈织物）及绳绒织物： 棉或麻制	起绒机织物（包括毛巾织物及类 似的毛圈织物）及绳绒织物： 棉或麻制	580610	起绒机织物（包括毛巾织物及类 似的毛圈织物）及绳绒织物	58	HS第58章	724				none	0.0	unmapped
58061090	其他纺织材料制	其他纺织材料制	580610	起绒机织物（包括毛巾织物及类 似的毛圈织物）及绳绒织物	58	HS第58章	724				none	0.0	unmapped
58062000	按重量计弹性纱线或橡胶线含 量在5％及以上的其他机织物	按重量计弹性纱线或橡胶线含 量在5％及以上的其他机织物	580620	按重量计弹性纱线或橡胶线含	58	HS第58章	724	化工胶粘涂料	橡胶材料	化工胶粘涂料/橡胶材料	chemical-rubber	0.75	candidate
58063100	棉制	棉制	580631	其他机织物： / 棉制	58	HS第58章	725				none	0.0	unmapped
58063200	化学纤维制	化学纤维制	580632	其他机织物： / 化学纤维制	58	HS第58章	725				none	0.0	unmapped
58063910	其他纺织材料制： 丝及绢丝制	其他纺织材料制： 丝及绢丝制	580639	其他机织物： / 其他纺织材料制	58	HS第58章	725				none	0.0	unmapped
58063920	羊毛或动物细毛制	羊毛或动物细毛制	580639	其他机织物： / 其他纺织材料制	58	HS第58章	725				none	0.0	unmapped
58063990	其他	其他	580639	其他机织物： / 其他纺织材料制	58	HS第58章	725				none	0.0	unmapped
58064010	用粘合剂粘合制成的有经纱而 无纬纱的织物（包扎匹头用带）： 棉或麻制	用粘合剂粘合制成的有经纱而 无纬纱的织物（包扎匹头用带）： 棉或麻制	580640	用粘合剂粘合制成的有经纱而 无纬纱的织物（包扎匹头用带）	58	HS第58章	725				none	0.0	unmapped
58064090	其他纺织材料制	其他纺织材料制	580640	用粘合剂粘合制成的有经纱而 无纬纱的织物（包扎匹头用带）	58	HS第58章	725				none	0.0	unmapped
58071000	机织	机织	580710	机织	58	HS第58章	726				none	0.0	unmapped
58079000	其他	其他	580790	其他	58	HS第58章	726				none	0.0	unmapped
58081000	成匹的编带	成匹的编带	580810	成匹的编带	58	HS第58章	726				none	0.0	unmapped
58089000	其他	其他	580890	其他	58	HS第58章	726				none	0.0	unmapped
58090010	与棉混制	与棉混制	580900	其他税目未列名的金属线机织物 及税目56.05所列含金属纱线的 机织物，用于衣着、装饰及类似 用途	58	HS第58章	726				none	0.0	unmapped
58090020	与化学纤维混制	与化学纤维混制	580900	其他税目未列名的金属线机织物 及税目56.05所列含金属纱线的 机织物，用于衣着、装饰及类似 用途	58	HS第58章	726				none	0.0	unmapped
58090090	其他	其他	580900	其他税目未列名的金属线机织物 及税目56.05所列含金属纱线的 机织物，用于衣着、装饰及类似 用途	58	HS第58章	726				none	0.0	unmapped
58101000	不见底布的刺绣品	不见底布的刺绣品	581010	不见底布的刺绣品	58	HS第58章	727				none	0.0	unmapped
58109100	其他刺绣品： 棉制	其他刺绣品： 棉制	581091	其他刺绣品： / 棉制	58	HS第58章	727				none	0.0	unmapped
58109200	化学纤维制	化学纤维制	581092	其他刺绣品： / 化学纤维制	58	HS第58章	727				none	0.0	unmapped
58109900	其他纺织材料制	其他纺织材料制	581099	其他刺绣品： / 其他纺织材料制	58	HS第58章	727				none	0.0	unmapped
58110010	丝及绢丝制	丝及绢丝制	581100	用一层或几层纺织材料与胎料经 绗缝或其他方法组合制成的被褥 状纺织品，但税目58.10的刺绣品 除外	58	HS第58章	727				none	0.0	unmapped
58110020	羊毛或动物细毛制	羊毛或动物细毛制	581100	用一层或几层纺织材料与胎料经 绗缝或其他方法组合制成的被褥 状纺织品，但税目58.10的刺绣品 除外	58	HS第58章	727				none	0.0	unmapped
58110030	棉制	棉制	581100	用一层或几层纺织材料与胎料经 绗缝或其他方法组合制成的被褥 状纺织品，但税目58.10的刺绣品 除外	58	HS第58章	727				none	0.0	unmapped
58110040	化学纤维制	化学纤维制	581100	用一层或几层纺织材料与胎料经 绗缝或其他方法组合制成的被褥 状纺织品，但税目58.10的刺绣品 除外	58	HS第58章	728				none	0.0	unmapped
58110090	其他纺织材料制	其他纺织材料制	581100	用一层或几层纺织材料与胎料经 绗缝或其他方法组合制成的被褥 状纺织品，但税目58.10的刺绣品 除外	58	HS第58章	728				none	0.0	unmapped
59011010	用胶或淀粉物质涂布的纺织物， 作书籍封面及类似用途的： 棉或麻制	用胶或淀粉物质涂布的纺织物， 作书籍封面及类似用途的： 棉或麻制	590110	用胶或淀粉物质涂布的纺织物， 作书籍封面及类似用途的	59	HS第59章	730				none	0.0	unmapped
59011020	化学纤维制	化学纤维制	590110	用胶或淀粉物质涂布的纺织物， 作书籍封面及类似用途的	59	HS第59章	730				none	0.0	unmapped
59011090	其他	其他	590110	用胶或淀粉物质涂布的纺织物， 作书籍封面及类似用途的	59	HS第59章	730				none	0.0	unmapped
59019010	其他： 制成的油画布	其他： 制成的油画布	590190	其他	59	HS第59章	730				none	0.0	unmapped
59019091	其他： 棉或麻制	其他： 棉或麻制	590190	其他	59	HS第59章	730				none	0.0	unmapped
59019092	其他： 化学纤维制	其他： 化学纤维制	590190	其他	59	HS第59章	731				none	0.0	unmapped
59019099	其他： 其他	其他： 其他	590190	其他	59	HS第59章	731				none	0.0	unmapped
59021010	尼龙或其他聚酰胺制： 聚酰胺-6（尼龙-6）制	尼龙或其他聚酰胺制： 聚酰胺-6（尼龙-6）制	590210	尼龙或其他聚酰胺制	59	HS第59章	731				none	0.0	unmapped
59021020	聚酰胺-6，6（尼龙-6，6）制	聚酰胺-6，6（尼龙-6，6）制	590210	尼龙或其他聚酰胺制	59	HS第59章	731				none	0.0	unmapped
59021090	其他	其他	590210	尼龙或其他聚酰胺制	59	HS第59章	731				none	0.0	unmapped
59022000	聚酯制	聚酯制	590220	聚酯制	59	HS第59章	731				none	0.0	unmapped
59029000	其他	其他	590290	其他	59	HS第59章	731				none	0.0	unmapped
59031010	用聚氯乙烯浸渍、涂布、包覆或 层压的： 绝缘布或带	用聚氯乙烯浸渍、涂布、包覆或 层压的： 绝缘布或带	590310	用聚氯乙烯浸渍、涂布、包覆或 层压的	59	HS第59章	732				none	0.0	unmapped
59031020	人造革	人造革	590310	用聚氯乙烯浸渍、涂布、包覆或 层压的	59	HS第59章	732				none	0.0	unmapped
59031090	其他	其他	590310	用聚氯乙烯浸渍、涂布、包覆或 层压的	59	HS第59章	732				none	0.0	unmapped
59032010	用聚氨基甲酸酯浸渍、涂布、包 覆或层压的： 绝缘布或带	用聚氨基甲酸酯浸渍、涂布、包 覆或层压的： 绝缘布或带	590320	用聚氨基甲酸酯浸渍、涂布、包 覆或层压的	59	HS第59章	732				none	0.0	unmapped
59032020	人造革	人造革	590320	用聚氨基甲酸酯浸渍、涂布、包 覆或层压的	59	HS第59章	732				none	0.0	unmapped
59032090	其他	其他	590320	用聚氨基甲酸酯浸渍、涂布、包 覆或层压的	59	HS第59章	732				none	0.0	unmapped
59039010	绝缘布或带	绝缘布或带	590390	其他	59	HS第59章	733				none	0.0	unmapped
59039020	人造革	人造革	590390	其他	59	HS第59章	733				none	0.0	unmapped
59039090	其他	其他	590390	其他	59	HS第59章	733				none	0.0	unmapped
59041000	列诺伦（亚麻油地毡）	列诺伦（亚麻油地毡）	590410	列诺伦（亚麻油地毡）	59	HS第59章	733				none	0.0	unmapped
59049000	其他	其他	590490	其他	59	HS第59章	733				none	0.0	unmapped
59050000	糊墙织物	糊墙织物	590500	糊墙织物	59	HS第59章	733				none	0.0	unmapped
59061010	宽度不超过20厘米的胶粘带： 绝缘带	宽度不超过20厘米的胶粘带： 绝缘带	590610	宽度不超过20厘米的胶粘带	59	HS第59章	734				none	0.0	unmapped
59061090	其他	其他	590610	宽度不超过20厘米的胶粘带	59	HS第59章	734				none	0.0	unmapped
59069100	其他： 针织或钩编的	其他： 针织或钩编的	590691	其他： / 针织或钩编的	59	HS第59章	734				none	0.0	unmapped
59069910	其他： 绝缘布或带	其他： 绝缘布或带	590699	其他	59	HS第59章	734				none	0.0	unmapped
59069990	其他	其他	590699	其他	59	HS第59章	734				none	0.0	unmapped
59070010	绝缘布或带	绝缘布或带	590700	用其他材料浸渍、涂布或包覆的 纺织物；作舞台、摄影布景或类 似用途的已绘制画布	59	HS第59章	734				none	0.0	unmapped
59070020	已绘制画布	已绘制画布	590700	用其他材料浸渍、涂布或包覆的 纺织物；作舞台、摄影布景或类 似用途的已绘制画布	59	HS第59章	734				none	0.0	unmapped
59070090	其他	其他	590700	用其他材料浸渍、涂布或包覆的 纺织物；作舞台、摄影布景或类 似用途的已绘制画布	59	HS第59章	735				none	0.0	unmapped
59080000	用纺织材料机织、编结或针织而 成的灯芯、炉芯、打火机芯、烛 芯或类似品；煤气灯纱筒及纱罩， 不论是否浸渍	用纺织材料机织、编结或针织而 成的灯芯、炉芯、打火机芯、烛 芯或类似品；煤气灯纱筒及纱罩， 不论是否浸渍	590800	用纺织材料机织、编结或针织而 成的灯芯、炉芯、打火机芯、烛 芯或类似品；煤气灯纱筒及纱罩， 不论是否浸渍	59	HS第59章	735				none	0.0	unmapped
59090000	纺织材料制的水龙软管及类似的 管子，不论有无其他材料作衬里、 护套或附件	纺织材料制的水龙软管及类似的 管子，不论有无其他材料作衬里、 护套或附件	590900	纺织材料制的水龙软管及类似的 管子，不论有无其他材料作衬里、 护套或附件	59	HS第59章	735				none	0.0	unmapped
59100000	纺织材料制的传动带或输送带及 带料，不论是否用塑料浸渍、涂 布、包覆或压层，也不论是否用 金属或其他材料加强	纺织材料制的传动带或输送带及 带料，不论是否用塑料浸渍、涂 布、包覆或压层，也不论是否用 金属或其他材料加强	591000	纺织材料制的传动带或输送带及 带料，不论是否用塑料浸渍、涂 布、包覆或压层，也不论是否用 金属或其他材料加强	59	HS第59章	735				none	0.0	unmapped
59111010	用橡胶、皮革或其他材料涂布、 包覆或层压的作针布用的纺织 物、毡呢及毡呢衬里机织物，以 及作专门技术用途的类似织物， 包括用橡胶浸渍的、用于包覆纺 锤（织轴）的狭幅丝绒织物： 用橡胶浸渍的、用于包覆纺锤 （织轴）的狭幅丝绒织物	用橡胶、皮革或其他材料涂布、 包覆或层压的作针布用的纺织 物、毡呢及毡呢衬里机织物，以 及作专门技术用途的类似织物， 包括用橡胶浸渍的、用于包覆纺 锤（织轴）的狭幅丝绒织物： 用橡胶浸渍的、用于包覆纺锤 （织轴）的狭幅丝绒织物	591110	用橡胶、皮革或其他材料涂布、 包覆或层压的作针布用的纺织 物、毡呢及毡呢衬里机织物，以 及作专门技术用途的类似织物， 包括用橡胶浸渍的、用于包覆纺 锤（织轴）的狭幅丝绒织物	59	HS第59章	735	化工胶粘涂料	橡胶材料	化工胶粘涂料/橡胶材料	chemical-rubber	0.75	candidate
59111090	其他	其他	591110	用橡胶、皮革或其他材料涂布、 包覆或层压的作针布用的纺织 物、毡呢及毡呢衬里机织物，以 及作专门技术用途的类似织物， 包括用橡胶浸渍的、用于包覆纺 锤（织轴）的狭幅丝绒织物	59	HS第59章	736				none	0.0	unmapped
59112000	筛布，不论是否制成的	筛布，不论是否制成的	591120	筛布，不论是否制成的	59	HS第59章	736				none	0.0	unmapped
59113100	环状或装有连接装置的纺织物 及毡呢，用于造纸机器或类似机 器（例如，制浆机或制石棉水泥 的机器）： 每平方米重量在650克以下	环状或装有连接装置的纺织物 及毡呢，用于造纸机器或类似机 器（例如，制浆机或制石棉水泥 的机器）： 每平方米重量在650克以下	591131	环状或装有连接装置的纺织物 及毡呢，用于造纸机器或类似机 器（例如，制浆机或制石棉水泥 的机器）： / 每平方米重量在650克以下	59	HS第59章	736				none	0.0	unmapped
59113200	每平方米重量在650克及以上	每平方米重量在650克及以上	591132	环状或装有连接装置的纺织物 及毡呢，用于造纸机器或类似机 器（例如，制浆机或制石棉水泥 的机器）： / 每平方米重量在650克及以上	59	HS第59章	736				none	0.0	unmapped
59114000	用于榨油机器或类似机器的滤 布，包括人发制滤布	用于榨油机器或类似机器的滤 布，包括人发制滤布	591140	用于榨油机器或类似机器的滤	59	HS第59章	736				none	0.0	unmapped
59119000	其他 体外膜肺氧合机用聚甲基戊烯中 空纤维膜 半导体晶圆制造用自粘式圆形抛 光垫	其他 体外膜肺氧合机用聚甲基戊烯中 空纤维膜 半导体晶圆制造用自粘式圆形抛 光垫	591190	其他	59	HS第59章	736				none	0.0	unmapped
60011000	“长毛绒”织物	“长毛绒”织物	600110	“长毛绒”织物	60	HS第60章	737				none	0.0	unmapped
60012100	毛圈绒头织物： 棉制	毛圈绒头织物： 棉制	600121	毛圈绒头织物： / 棉制	60	HS第60章	737				none	0.0	unmapped
60012200	化学纤维制	化学纤维制	600122	毛圈绒头织物： / 化学纤维制	60	HS第60章	737				none	0.0	unmapped
60012900	其他纺织材料制	其他纺织材料制	600129	毛圈绒头织物： / 其他纺织材料制	60	HS第60章	738				none	0.0	unmapped
60019100	其他： 棉制	其他： 棉制	600191	其他： / 棉制	60	HS第60章	738				none	0.0	unmapped
60019200	化学纤维制	化学纤维制	600192	其他： / 化学纤维制	60	HS第60章	738				none	0.0	unmapped
60019900	其他纺织材料制	其他纺织材料制	600199	其他： / 其他纺织材料制	60	HS第60章	738				none	0.0	unmapped
60024010	按重量计弹性纱线含量在5％及 以上，但不含橡胶线： 棉制	按重量计弹性纱线含量在5％及 以上，但不含橡胶线： 棉制	600240	按重量计弹性纱线含量在5％及 以上，但不含橡胶线	60	HS第60章	738	化工胶粘涂料	橡胶材料	化工胶粘涂料/橡胶材料	chemical-rubber	0.75	candidate
60024020	丝及绢丝制	丝及绢丝制	600240	按重量计弹性纱线含量在5％及 以上，但不含橡胶线	60	HS第60章	738				none	0.0	unmapped
60024030	合成纤维制	合成纤维制	600240	按重量计弹性纱线含量在5％及 以上，但不含橡胶线	60	HS第60章	739				none	0.0	unmapped
60024040	人造纤维制	人造纤维制	600240	按重量计弹性纱线含量在5％及 以上，但不含橡胶线	60	HS第60章	739				none	0.0	unmapped
60024090	其他	其他	600240	按重量计弹性纱线含量在5％及 以上，但不含橡胶线	60	HS第60章	739				none	0.0	unmapped
60029010	其他： 棉制	其他： 棉制	600290	其他	60	HS第60章	739				none	0.0	unmapped
60029020	丝及绢丝制	丝及绢丝制	600290	其他	60	HS第60章	739				none	0.0	unmapped
60029030	合成纤维制	合成纤维制	600290	其他	60	HS第60章	739				none	0.0	unmapped
60029040	人造纤维制	人造纤维制	600290	其他	60	HS第60章	740				none	0.0	unmapped
60029090	其他	其他	600290	其他	60	HS第60章	740				none	0.0	unmapped
60031000	羊毛或动物细毛制	羊毛或动物细毛制	600310	羊毛或动物细毛制	60	HS第60章	740				none	0.0	unmapped
60032000	棉制	棉制	600320	棉制	60	HS第60章	740				none	0.0	unmapped
60033000	合成纤维制	合成纤维制	600330	合成纤维制	60	HS第60章	740				none	0.0	unmapped
60034000	人造纤维制	人造纤维制	600340	人造纤维制	60	HS第60章	740				none	0.0	unmapped
60039000	其他	其他	600390	其他	60	HS第60章	740				none	0.0	unmapped
60041010	按重量计弹性纱线含量在5％及 以上，但不含橡胶线： 棉制	按重量计弹性纱线含量在5％及 以上，但不含橡胶线： 棉制	600410	按重量计弹性纱线含量在5％及 以上，但不含橡胶线	60	HS第60章	741	化工胶粘涂料	橡胶材料	化工胶粘涂料/橡胶材料	chemical-rubber	0.75	candidate
60041020	丝及绢丝制	丝及绢丝制	600410	按重量计弹性纱线含量在5％及 以上，但不含橡胶线	60	HS第60章	741				none	0.0	unmapped
60041030	合成纤维制	合成纤维制	600410	按重量计弹性纱线含量在5％及 以上，但不含橡胶线	60	HS第60章	741				none	0.0	unmapped
60041040	人造纤维制	人造纤维制	600410	按重量计弹性纱线含量在5％及 以上，但不含橡胶线	60	HS第60章	741				none	0.0	unmapped
60041090	其他	其他	600410	按重量计弹性纱线含量在5％及 以上，但不含橡胶线	60	HS第60章	741				none	0.0	unmapped
60049010	其他： 棉制	其他： 棉制	600490	其他	60	HS第60章	741				none	0.0	unmapped
60049020	丝及绢丝制	丝及绢丝制	600490	其他	60	HS第60章	742				none	0.0	unmapped
60049030	合成纤维制	合成纤维制	600490	其他	60	HS第60章	742				none	0.0	unmapped
60049040	人造纤维制	人造纤维制	600490	其他	60	HS第60章	742				none	0.0	unmapped
60049090	其他	其他	600490	其他	60	HS第60章	742				none	0.0	unmapped
60052100	棉制： 未漂白或漂白	棉制： 未漂白或漂白	600521	棉制： / 未漂白或漂白	60	HS第60章	742				none	0.0	unmapped
60052200	染色	染色	600522	棉制： / 染色	60	HS第60章	742				none	0.0	unmapped
60052300	色织	色织	600523	棉制： / 色织	60	HS第60章	742				none	0.0	unmapped
60052400	印花	印花	600524	棉制： / 印花	60	HS第60章	743				none	0.0	unmapped
60053500	合成纤维制： 本章子目注释一所列织物	合成纤维制： 本章子目注释一所列织物	600535	合成纤维制： / 本章子目注释一所列织物	60	HS第60章	743				none	0.0	unmapped
60053600	其他，未漂白或漂白	其他，未漂白或漂白	600536	合成纤维制： / 其他，未漂白或漂白	60	HS第60章	743				none	0.0	unmapped
60053700	其他，染色	其他，染色	600537	合成纤维制： / 其他，染色	60	HS第60章	743				none	0.0	unmapped
60053800	其他，色织	其他，色织	600538	合成纤维制： / 其他，色织	60	HS第60章	743				none	0.0	unmapped
60053900	其他，印花	其他，印花	600539	合成纤维制： / 其他，印花	60	HS第60章	743				none	0.0	unmapped
60054100	未漂白或漂白	未漂白或漂白	600541	人造纤维制： / 未漂白或漂白	60	HS第60章	744				none	0.0	unmapped
60054200	染色	染色	600542	人造纤维制： / 染色	60	HS第60章	744				none	0.0	unmapped
60054300	色织	色织	600543	人造纤维制： / 色织	60	HS第60章	744				none	0.0	unmapped
60054400	印花	印花	600544	人造纤维制： / 印花	60	HS第60章	744				none	0.0	unmapped
60059010	其他： 羊毛或动物细毛制	其他： 羊毛或动物细毛制	600590	其他	60	HS第60章	744				none	0.0	unmapped
60059090	其他	其他	600590	其他	60	HS第60章	744				none	0.0	unmapped
60061000	羊毛或动物细毛制	羊毛或动物细毛制	600610	羊毛或动物细毛制	60	HS第60章	744				none	0.0	unmapped
60062100	未漂白或漂白	未漂白或漂白	600621	羊毛或动物细毛制 / 未漂白或漂白	60	HS第60章	745				none	0.0	unmapped
60062200	染色	染色	600622	羊毛或动物细毛制 / 染色	60	HS第60章	745				none	0.0	unmapped
60062300	色织	色织	600623	羊毛或动物细毛制 / 色织	60	HS第60章	745				none	0.0	unmapped
60062400	印花	印花	600624	羊毛或动物细毛制 / 印花	60	HS第60章	745				none	0.0	unmapped
60063100	合成纤维制： 未漂白或漂白	合成纤维制： 未漂白或漂白	600631	合成纤维制： / 未漂白或漂白	60	HS第60章	745				none	0.0	unmapped
60063200	染色	染色	600632	合成纤维制： / 染色	60	HS第60章	745				none	0.0	unmapped
60063300	色织	色织	600633	合成纤维制： / 色织	60	HS第60章	746				none	0.0	unmapped
60063400	印花	印花	600634	合成纤维制： / 印花	60	HS第60章	746				none	0.0	unmapped
60064100	人造纤维制： 未漂白或漂白	人造纤维制： 未漂白或漂白	600641	人造纤维制： / 未漂白或漂白	60	HS第60章	746				none	0.0	unmapped
60064200	染色	染色	600642	人造纤维制： / 染色	60	HS第60章	746				none	0.0	unmapped
60064300	色织	色织	600643	人造纤维制： / 色织	60	HS第60章	746				none	0.0	unmapped
60064400	印花	印花	600644	人造纤维制： / 印花	60	HS第60章	746				none	0.0	unmapped
60069000	其他	其他	600690	其他	60	HS第60章	747				none	0.0	unmapped
61012000	棉制	棉制	610120	棉制	61	HS第61章	749				none	0.0	unmapped
61013000	化学纤维制	化学纤维制	610130	化学纤维制	61	HS第61章	749				none	0.0	unmapped
61019010	其他纺织材料制： 羊毛或动物细毛制	其他纺织材料制： 羊毛或动物细毛制	610190	其他纺织材料制	61	HS第61章	749				none	0.0	unmapped
61019090	其他	其他	610190	其他纺织材料制	61	HS第61章	749				none	0.0	unmapped
61021000	羊毛或动物细毛制	羊毛或动物细毛制	610210	羊毛或动物细毛制	61	HS第61章	750				none	0.0	unmapped
61022000	棉制	棉制	610220	棉制	61	HS第61章	750				none	0.0	unmapped
61023000	化学纤维制	化学纤维制	610230	化学纤维制	61	HS第61章	750				none	0.0	unmapped
61029000	其他纺织材料制	其他纺织材料制	610290	其他纺织材料制	61	HS第61章	750				none	0.0	unmapped
61031010	西服套装： 羊毛或动物细毛制	西服套装： 羊毛或动物细毛制	610310	西服套装	61	HS第61章	750				none	0.0	unmapped
61031020	合成纤维制	合成纤维制	610310	西服套装	61	HS第61章	751				none	0.0	unmapped
61031090	其他纺织材料制	其他纺织材料制	610310	西服套装	61	HS第61章	751				none	0.0	unmapped
61032200	便服套装： 棉制	便服套装： 棉制	610322	便服套装： / 棉制	61	HS第61章	751				none	0.0	unmapped
61032300	合成纤维制	合成纤维制	610323	便服套装： / 合成纤维制	61	HS第61章	751				none	0.0	unmapped
61032910	其他纺织材料制： 羊毛或动物细毛制	其他纺织材料制： 羊毛或动物细毛制	610329	便服套装： / 其他纺织材料制	61	HS第61章	751				none	0.0	unmapped
61032990	其他	其他	610329	便服套装： / 其他纺织材料制	61	HS第61章	752				none	0.0	unmapped
61033100	上衣： 羊毛或动物细毛制	上衣： 羊毛或动物细毛制	610331	上衣： / 羊毛或动物细毛制	61	HS第61章	752				none	0.0	unmapped
61033200	棉制	棉制	610332	上衣： / 棉制	61	HS第61章	752				none	0.0	unmapped
61033300	合成纤维制	合成纤维制	610333	上衣： / 合成纤维制	61	HS第61章	752				none	0.0	unmapped
61033900	其他纺织材料制	其他纺织材料制	610339	上衣： / 其他纺织材料制	61	HS第61章	752				none	0.0	unmapped
61034100	长裤、护胸背带工装裤、马裤及 短裤： 羊毛或动物细毛制	长裤、护胸背带工装裤、马裤及 短裤： 羊毛或动物细毛制	610341	长裤、护胸背带工装裤、马裤及 短裤： / 羊毛或动物细毛制	61	HS第61章	752				none	0.0	unmapped
61034200	棉制	棉制	610342	长裤、护胸背带工装裤、马裤及 短裤： / 棉制	61	HS第61章	753				none	0.0	unmapped
61034300	合成纤维制	合成纤维制	610343	长裤、护胸背带工装裤、马裤及 短裤： / 合成纤维制	61	HS第61章	753				none	0.0	unmapped
61034900	其他纺织材料制	其他纺织材料制	610349	长裤、护胸背带工装裤、马裤及 短裤： / 其他纺织材料制	61	HS第61章	753				none	0.0	unmapped
61041300	西服套装： 合成纤维制	西服套装： 合成纤维制	610413	西服套装： / 合成纤维制	61	HS第61章	753				none	0.0	unmapped
61041910	其他纺织材料制： 羊毛或动物细毛制	其他纺织材料制： 羊毛或动物细毛制	610419	西服套装： / 其他纺织材料制	61	HS第61章	753				none	0.0	unmapped
61041920	棉制	棉制	610419	西服套装： / 其他纺织材料制	61	HS第61章	754				none	0.0	unmapped
61041990	其他	其他	610419	西服套装： / 其他纺织材料制	61	HS第61章	754				none	0.0	unmapped
61042200	便服套装： 棉制	便服套装： 棉制	610422	便服套装： / 棉制	61	HS第61章	754				none	0.0	unmapped
61042300	合成纤维制	合成纤维制	610423	便服套装： / 合成纤维制	61	HS第61章	754				none	0.0	unmapped
61042910	其他纺织材料制： 羊毛或动物细毛制	其他纺织材料制： 羊毛或动物细毛制	610429	便服套装： / 其他纺织材料制	61	HS第61章	754				none	0.0	unmapped
61042990	其他纺织材料制	其他纺织材料制	610429	便服套装： / 其他纺织材料制	61	HS第61章	755				none	0.0	unmapped
61043100	上衣： 羊毛或动物细毛制	上衣： 羊毛或动物细毛制	610431	上衣： / 羊毛或动物细毛制	61	HS第61章	755				none	0.0	unmapped
61043200	棉制	棉制	610432	上衣： / 棉制	61	HS第61章	755				none	0.0	unmapped
61043300	合成纤维制	合成纤维制	610433	上衣： / 合成纤维制	61	HS第61章	755				none	0.0	unmapped
61043900	其他纺织材料制	其他纺织材料制	610439	上衣： / 其他纺织材料制	61	HS第61章	755				none	0.0	unmapped
61044100	连衣裙： 羊毛或动物细毛制	连衣裙： 羊毛或动物细毛制	610441	连衣裙： / 羊毛或动物细毛制	61	HS第61章	755				none	0.0	unmapped
61044200	棉制	棉制	610442	连衣裙： / 棉制	61	HS第61章	756				none	0.0	unmapped
61044300	合成纤维制	合成纤维制	610443	连衣裙： / 合成纤维制	61	HS第61章	756				none	0.0	unmapped
61044400	人造纤维制	人造纤维制	610444	连衣裙： / 人造纤维制	61	HS第61章	756				none	0.0	unmapped
61044900	其他纺织材料制	其他纺织材料制	610449	连衣裙： / 其他纺织材料制	61	HS第61章	756				none	0.0	unmapped
61045100	裙子及裙裤： 羊毛或动物细毛制	裙子及裙裤： 羊毛或动物细毛制	610451	裙子及裙裤： / 羊毛或动物细毛制	61	HS第61章	756				none	0.0	unmapped
61045200	棉制	棉制	610452	裙子及裙裤： / 棉制	61	HS第61章	756				none	0.0	unmapped
61045300	合成纤维制	合成纤维制	610453	裙子及裙裤： / 合成纤维制	61	HS第61章	757				none	0.0	unmapped
61045900	其他纺织材料制	其他纺织材料制	610459	裙子及裙裤： / 其他纺织材料制	61	HS第61章	757				none	0.0	unmapped
61046100	长裤、护胸背带工装裤、马裤及 短裤： 羊毛或动物细毛制	长裤、护胸背带工装裤、马裤及 短裤： 羊毛或动物细毛制	610461	长裤、护胸背带工装裤、马裤及 短裤： / 羊毛或动物细毛制	61	HS第61章	757				none	0.0	unmapped
61046200	棉制	棉制	610462	长裤、护胸背带工装裤、马裤及 短裤： / 棉制	61	HS第61章	757				none	0.0	unmapped
61046300	合成纤维制	合成纤维制	610463	长裤、护胸背带工装裤、马裤及 短裤： / 合成纤维制	61	HS第61章	757				none	0.0	unmapped
61046900	其他纺织材料制	其他纺织材料制	610469	长裤、护胸背带工装裤、马裤及 短裤： / 其他纺织材料制	61	HS第61章	757				none	0.0	unmapped
61051000	棉制	棉制	610510	棉制	61	HS第61章	758				none	0.0	unmapped
61052000	化学纤维制	化学纤维制	610520	化学纤维制	61	HS第61章	758				none	0.0	unmapped
61059000	其他纺织材料制	其他纺织材料制	610590	其他纺织材料制	61	HS第61章	758				none	0.0	unmapped
61061000	棉制	棉制	610610	棉制	61	HS第61章	758				none	0.0	unmapped
61062000	化学纤维制	化学纤维制	610620	化学纤维制	61	HS第61章	758				none	0.0	unmapped
61069000	其他纺织材料制	其他纺织材料制	610690	其他纺织材料制	61	HS第61章	758				none	0.0	unmapped
61071100	内裤及三角裤： 棉制	内裤及三角裤： 棉制	610711	内裤及三角裤： / 棉制	61	HS第61章	759				none	0.0	unmapped
61071200	化学纤维制	化学纤维制	610712	内裤及三角裤： / 化学纤维制	61	HS第61章	759				none	0.0	unmapped
61071910	其他纺织材料制： 丝及绢丝制	其他纺织材料制： 丝及绢丝制	610719	内裤及三角裤： / 其他纺织材料制	61	HS第61章	759				none	0.0	unmapped
61071990	其他	其他	610719	内裤及三角裤： / 其他纺织材料制	61	HS第61章	759				none	0.0	unmapped
61072100	长睡衣及睡衣裤： 棉制	长睡衣及睡衣裤： 棉制	610721	长睡衣及睡衣裤： / 棉制	61	HS第61章	759				none	0.0	unmapped
61072200	化学纤维制	化学纤维制	610722	长睡衣及睡衣裤： / 化学纤维制	61	HS第61章	759				none	0.0	unmapped
61072910	丝及绢丝制	丝及绢丝制	610729	长睡衣及睡衣裤： / 其他纺织材料制	61	HS第61章	760				none	0.0	unmapped
61072990	其他	其他	610729	长睡衣及睡衣裤： / 其他纺织材料制	61	HS第61章	760				none	0.0	unmapped
61079100	其他： 棉制	其他： 棉制	610791	其他： / 棉制	61	HS第61章	760				none	0.0	unmapped
61079910	其他纺织材料制： 化学纤维制	其他纺织材料制： 化学纤维制	610799	其他： / 其他纺织材料制	61	HS第61章	760				none	0.0	unmapped
61079990	其他	其他	610799	其他： / 其他纺织材料制	61	HS第61章	760				none	0.0	unmapped
61081100	长衬裙及衬裙： 化学纤维制	长衬裙及衬裙： 化学纤维制	610811	长衬裙及衬裙： / 化学纤维制	61	HS第61章	760				none	0.0	unmapped
61081910	棉制	棉制	610819	长衬裙及衬裙： / 其他纺织材料制	61	HS第61章	761				none	0.0	unmapped
61081920	丝及绢丝制	丝及绢丝制	610819	长衬裙及衬裙： / 其他纺织材料制	61	HS第61章	761				none	0.0	unmapped
61081990	其他	其他	610819	长衬裙及衬裙： / 其他纺织材料制	61	HS第61章	761				none	0.0	unmapped
61082100	三角裤及短衬裤： 棉制	三角裤及短衬裤： 棉制	610821	三角裤及短衬裤： / 棉制	61	HS第61章	761				none	0.0	unmapped
61082200	化学纤维制	化学纤维制	610822	三角裤及短衬裤： / 化学纤维制	61	HS第61章	761				none	0.0	unmapped
61082910	其他纺织材料制： 丝及绢丝制	其他纺织材料制： 丝及绢丝制	610829	三角裤及短衬裤： / 其他纺织材料制	61	HS第61章	761				none	0.0	unmapped
61082990	其他	其他	610829	三角裤及短衬裤： / 其他纺织材料制	61	HS第61章	761				none	0.0	unmapped
61083100	棉制	棉制	610831	睡衣及睡衣裤： / 棉制	61	HS第61章	762				none	0.0	unmapped
61083200	化学纤维制	化学纤维制	610832	睡衣及睡衣裤： / 化学纤维制	61	HS第61章	762				none	0.0	unmapped
61083910	其他纺织材料制： 丝及绢丝制	其他纺织材料制： 丝及绢丝制	610839	睡衣及睡衣裤： / 其他纺织材料制	61	HS第61章	762				none	0.0	unmapped
61083990	其他	其他	610839	睡衣及睡衣裤： / 其他纺织材料制	61	HS第61章	762				none	0.0	unmapped
61089100	其他： 棉制	其他： 棉制	610891	其他： / 棉制	61	HS第61章	762				none	0.0	unmapped
61089200	化学纤维制	化学纤维制	610892	其他： / 化学纤维制	61	HS第61章	762				none	0.0	unmapped
61089900	其他纺织材料制	其他纺织材料制	610899	其他： / 其他纺织材料制	61	HS第61章	762				none	0.0	unmapped
61091000	棉制	棉制	610910	棉制	61	HS第61章	763				none	0.0	unmapped
61099010	其他纺织材料制： 丝及绢丝制	其他纺织材料制： 丝及绢丝制	610990	其他纺织材料制	61	HS第61章	763				none	0.0	unmapped
61099090	其他	其他	610990	其他纺织材料制	61	HS第61章	763				none	0.0	unmapped
61101100	羊毛或动物细毛制： 羊毛制	羊毛或动物细毛制： 羊毛制	611011	羊毛或动物细毛制： / 羊毛制	61	HS第61章	763				none	0.0	unmapped
61101200	喀什米尔山羊细毛制	喀什米尔山羊细毛制	611012	羊毛或动物细毛制： / 喀什米尔山羊细毛制	61	HS第61章	763				none	0.0	unmapped
61101910	其他山羊细毛制	其他山羊细毛制	611019	羊毛或动物细毛制： / 其他	61	HS第61章	764				none	0.0	unmapped
61101920	兔毛制	兔毛制	611019	羊毛或动物细毛制： / 其他	61	HS第61章	764				none	0.0	unmapped
61101990	其他	其他	611019	羊毛或动物细毛制： / 其他	61	HS第61章	764				none	0.0	unmapped
61102000	棉制	棉制	611020	棉制	61	HS第61章	764				none	0.0	unmapped
61103000	化学纤维制	化学纤维制	611030	化学纤维制	61	HS第61章	764				none	0.0	unmapped
61109010	其他纺织材料制： 丝及绢丝制	其他纺织材料制： 丝及绢丝制	611090	其他纺织材料制	61	HS第61章	764				none	0.0	unmapped
61109090	其他	其他	611090	其他纺织材料制	61	HS第61章	765				none	0.0	unmapped
61112000	棉制	棉制	611120	棉制	61	HS第61章	765				none	0.0	unmapped
61113000	合成纤维制	合成纤维制	611130	合成纤维制	61	HS第61章	765				none	0.0	unmapped
61119010	其他纺织材料制： 羊毛或动物细毛制	其他纺织材料制： 羊毛或动物细毛制	611190	其他纺织材料制	61	HS第61章	765				none	0.0	unmapped
61119090	其他	其他	611190	其他纺织材料制	61	HS第61章	765				none	0.0	unmapped
61121100	棉制	棉制	611211	运动服： / 棉制	61	HS第61章	766				none	0.0	unmapped
61121200	合成纤维制	合成纤维制	611212	运动服： / 合成纤维制	61	HS第61章	766				none	0.0	unmapped
61121900	其他纺织材料制	其他纺织材料制	611219	运动服： / 其他纺织材料制	61	HS第61章	766				none	0.0	unmapped
61122010	滑雪服： 棉制	滑雪服： 棉制	611220	滑雪服	61	HS第61章	766				none	0.0	unmapped
61122090	其他	其他	611220	滑雪服	61	HS第61章	766				none	0.0	unmapped
61123100	男式游泳服： 合成纤维制	男式游泳服： 合成纤维制	611231	男式游泳服： / 合成纤维制	61	HS第61章	766				none	0.0	unmapped
61123900	其他纺织材料制	其他纺织材料制	611239	男式游泳服： / 其他纺织材料制	61	HS第61章	767				none	0.0	unmapped
61124100	女式游泳服： 合成纤维制	女式游泳服： 合成纤维制	611241	女式游泳服： / 合成纤维制	61	HS第61章	767				none	0.0	unmapped
61124900	其他纺织材料制	其他纺织材料制	611249	女式游泳服： / 其他纺织材料制	61	HS第61章	767				none	0.0	unmapped
61130000	用税目59.03、59.06或59.07的针织 物或钩编织物制成的服装	用税目59.03、59.06或59.07的针织 物或钩编织物制成的服装	611300	用税目59.03、59.06或59.07的针 织物或钩编织物制成的服装	61	HS第61章	767				none	0.0	unmapped
61142000	棉制	棉制	611420	棉制	61	HS第61章	767				none	0.0	unmapped
61143000	化学纤维制	化学纤维制	611430	化学纤维制	61	HS第61章	767				none	0.0	unmapped
61149010	羊毛或动物细毛制	羊毛或动物细毛制	611490	其他纺织材料制	61	HS第61章	768				none	0.0	unmapped
61149090	其他	其他	611490	其他纺织材料制	61	HS第61章	768				none	0.0	unmapped
61151000	渐紧压袜类（例如，用以治疗静 脉曲张的长统袜）	渐紧压袜类（例如，用以治疗静 脉曲张的长统袜）	611510	渐紧压袜类（例如，用以治疗静	61	HS第61章	768				none	0.0	unmapped
61152100	其他连裤袜及紧身裤袜： 每根单丝细度在67分特以下的 合成纤维制	其他连裤袜及紧身裤袜： 每根单丝细度在67分特以下的 合成纤维制	611521	其他连裤袜及紧身裤袜： / 每根单丝细度在67分特以下的	61	HS第61章	768				none	0.0	unmapped
61152200	每根单丝细度在67分特及以上 的合成纤维制	每根单丝细度在67分特及以上 的合成纤维制	611522	其他连裤袜及紧身裤袜： / 每根单丝细度在67分特及以上	61	HS第61章	768				none	0.0	unmapped
61152910	其他纺织材料制： 棉制	其他纺织材料制： 棉制	611529	其他连裤袜及紧身裤袜： / 其他纺织材料制	61	HS第61章	768				none	0.0	unmapped
61152990	其他	其他	611529	其他连裤袜及紧身裤袜： / 其他纺织材料制	61	HS第61章	769				none	0.0	unmapped
61153000	女式长统袜及中统袜，每根单丝 细度在67分特以下	女式长统袜及中统袜，每根单丝 细度在67分特以下	611530	女式长统袜及中统袜，每根单丝	61	HS第61章	769				none	0.0	unmapped
61159400	其他： 羊毛或动物细毛制	其他： 羊毛或动物细毛制	611594	其他： / 羊毛或动物细毛制	61	HS第61章	769				none	0.0	unmapped
61159500	棉制	棉制	611595	其他： / 棉制	61	HS第61章	769				none	0.0	unmapped
61159600	合成纤维制	合成纤维制	611596	其他： / 合成纤维制	61	HS第61章	769				none	0.0	unmapped
61159900	其他纺织材料制	其他纺织材料制	611599	其他： / 其他纺织材料制	61	HS第61章	769				none	0.0	unmapped
61161000	用塑料或橡胶浸渍、涂布、包覆 或层压的	用塑料或橡胶浸渍、涂布、包覆 或层压的	611610	用塑料或橡胶浸渍、涂布、包覆	61	HS第61章	769	化工胶粘涂料	橡胶材料	化工胶粘涂料/橡胶材料	chemical-rubber	0.75	candidate
61169100	羊毛或动物细毛制	羊毛或动物细毛制	611691	用塑料或橡胶浸渍、涂布、包覆 / 羊毛或动物细毛制	61	HS第61章	770				none	0.0	unmapped
61169200	棉制	棉制	611692	用塑料或橡胶浸渍、涂布、包覆 / 棉制	61	HS第61章	770				none	0.0	unmapped
61169300	合成纤维制	合成纤维制	611693	用塑料或橡胶浸渍、涂布、包覆 / 合成纤维制	61	HS第61章	770				none	0.0	unmapped
61169900	其他纺织材料制	其他纺织材料制	611699	用塑料或橡胶浸渍、涂布、包覆 / 其他纺织材料制	61	HS第61章	770				none	0.0	unmapped
61171011	披巾、头巾、围巾、披纱、面纱 及类似品： ---动物细毛制： 山羊绒制	披巾、头巾、围巾、披纱、面纱 及类似品： ---动物细毛制： 山羊绒制	611710	披巾、头巾、围巾、披纱、面纱 及类似品	61	HS第61章	770				none	0.0	unmapped
61171019	动物细毛制： 其他	动物细毛制： 其他	611710	披巾、头巾、围巾、披纱、面纱 及类似品	61	HS第61章	770				none	0.0	unmapped
61171020	羊毛制	羊毛制	611710	披巾、头巾、围巾、披纱、面纱 及类似品	61	HS第61章	771				none	0.0	unmapped
61171090	其他	其他	611710	披巾、头巾、围巾、披纱、面纱 及类似品	61	HS第61章	771				none	0.0	unmapped
61178010	其他附件： 领带及领结	其他附件： 领带及领结	611780	其他附件	61	HS第61章	771				none	0.0	unmapped
61178090	其他	其他	611780	其他附件	61	HS第61章	771				none	0.0	unmapped
61179000	零件	零件	611790	零件	61	HS第61章	771				none	0.0	unmapped
62012000	羊毛或动物细毛制	羊毛或动物细毛制	620120	羊毛或动物细毛制	62	HS第62章	773				none	0.0	unmapped
62013010	棉制： 羽绒服	棉制： 羽绒服	620130	棉制	62	HS第62章	773				none	0.0	unmapped
62013090	其他	其他	620130	棉制	62	HS第62章	773				none	0.0	unmapped
62014010	化学纤维制： 羽绒服	化学纤维制： 羽绒服	620140	化学纤维制	62	HS第62章	773				none	0.0	unmapped
62014090	其他	其他	620140	化学纤维制	62	HS第62章	773				none	0.0	unmapped
62019000	其他纺织材料制	其他纺织材料制	620190	其他纺织材料制	62	HS第62章	774				none	0.0	unmapped
62022000	羊毛或动物细毛制	羊毛或动物细毛制	620220	羊毛或动物细毛制	62	HS第62章	774				none	0.0	unmapped
62023010	棉制： 羽绒服	棉制： 羽绒服	620230	棉制	62	HS第62章	774				none	0.0	unmapped
62023090	其他	其他	620230	棉制	62	HS第62章	774				none	0.0	unmapped
62024010	化学纤维制： 羽绒服	化学纤维制： 羽绒服	620240	化学纤维制	62	HS第62章	774				none	0.0	unmapped
62024090	其他	其他	620240	化学纤维制	62	HS第62章	775				none	0.0	unmapped
62029000	其他纺织材料制	其他纺织材料制	620290	其他纺织材料制	62	HS第62章	775				none	0.0	unmapped
62031100	西服套装： 羊毛或动物细毛制	西服套装： 羊毛或动物细毛制	620311	西服套装： / 羊毛或动物细毛制	62	HS第62章	775				none	0.0	unmapped
62031200	合成纤维制	合成纤维制	620312	西服套装： / 合成纤维制	62	HS第62章	775				none	0.0	unmapped
62031910	其他纺织材料制： 丝及绢丝制	其他纺织材料制： 丝及绢丝制	620319	西服套装： / 其他纺织材料制	62	HS第62章	775				none	0.0	unmapped
62031990	其他	其他	620319	西服套装： / 其他纺织材料制	62	HS第62章	776				none	0.0	unmapped
62032200	便服套装： 棉制	便服套装： 棉制	620322	便服套装： / 棉制	62	HS第62章	776				none	0.0	unmapped
62032300	合成纤维制	合成纤维制	620323	便服套装： / 合成纤维制	62	HS第62章	776				none	0.0	unmapped
62032910	其他纺织材料制： 丝及绢丝制	其他纺织材料制： 丝及绢丝制	620329	便服套装： / 其他纺织材料制	62	HS第62章	776				none	0.0	unmapped
62032920	羊毛或动物细毛制	羊毛或动物细毛制	620329	便服套装： / 其他纺织材料制	62	HS第62章	776				none	0.0	unmapped
62032990	其他	其他	620329	便服套装： / 其他纺织材料制	62	HS第62章	776				none	0.0	unmapped
62033100	羊毛或动物细毛制	羊毛或动物细毛制	620331	上衣： / 羊毛或动物细毛制	62	HS第62章	777				none	0.0	unmapped
62033200	棉制	棉制	620332	上衣： / 棉制	62	HS第62章	777				none	0.0	unmapped
62033300	合成纤维制	合成纤维制	620333	上衣： / 合成纤维制	62	HS第62章	777				none	0.0	unmapped
62033910	其他纺织材料制： 丝及绢丝制	其他纺织材料制： 丝及绢丝制	620339	上衣： / 其他纺织材料制	62	HS第62章	777				none	0.0	unmapped
62033990	其他	其他	620339	上衣： / 其他纺织材料制	62	HS第62章	777				none	0.0	unmapped
62034100	长裤、护胸背带工装裤、马裤及 短裤： 羊毛或动物细毛制	长裤、护胸背带工装裤、马裤及 短裤： 羊毛或动物细毛制	620341	长裤、护胸背带工装裤、马裤及 短裤： / 羊毛或动物细毛制	62	HS第62章	777				none	0.0	unmapped
62034210	阿拉伯裤	阿拉伯裤	620342	长裤、护胸背带工装裤、马裤及 短裤： / 羊毛或动物细毛制	62	HS第62章	778				none	0.0	unmapped
62034290	其他	其他	620342	长裤、护胸背带工装裤、马裤及 短裤： / 羊毛或动物细毛制	62	HS第62章	778				none	0.0	unmapped
62034310	合成纤维制： 阿拉伯裤	合成纤维制： 阿拉伯裤	620343	长裤、护胸背带工装裤、马裤及 短裤： / 合成纤维制	62	HS第62章	778				none	0.0	unmapped
62034390	其他	其他	620343	长裤、护胸背带工装裤、马裤及 短裤： / 合成纤维制	62	HS第62章	778				none	0.0	unmapped
62034910	其他纺织材料制： 阿拉伯裤	其他纺织材料制： 阿拉伯裤	620349	长裤、护胸背带工装裤、马裤及 短裤： / 其他纺织材料制	62	HS第62章	778				none	0.0	unmapped
62034990	其他	其他	620349	长裤、护胸背带工装裤、马裤及 短裤： / 其他纺织材料制	62	HS第62章	778				none	0.0	unmapped
62041100	西服套装： 羊毛或动物细毛制	西服套装： 羊毛或动物细毛制	620411	西服套装： / 羊毛或动物细毛制	62	HS第62章	779				none	0.0	unmapped
62041200	棉制	棉制	620412	西服套装： / 棉制	62	HS第62章	779				none	0.0	unmapped
62041300	合成纤维制	合成纤维制	620413	西服套装： / 合成纤维制	62	HS第62章	779				none	0.0	unmapped
62041910	其他纺织材料制： 丝及绢丝制	其他纺织材料制： 丝及绢丝制	620419	西服套装： / 其他纺织材料制	62	HS第62章	779				none	0.0	unmapped
62041990	其他	其他	620419	西服套装： / 其他纺织材料制	62	HS第62章	779				none	0.0	unmapped
62042100	羊毛或动物细毛制	羊毛或动物细毛制	620421	西服套装： / 羊毛或动物细毛制	62	HS第62章	780				none	0.0	unmapped
62042200	棉制	棉制	620422	西服套装： / 棉制	62	HS第62章	780				none	0.0	unmapped
62042300	合成纤维制	合成纤维制	620423	西服套装： / 合成纤维制	62	HS第62章	780				none	0.0	unmapped
62042910	其他纺织材料制： 丝及绢丝制	其他纺织材料制： 丝及绢丝制	620429	西服套装： / 其他纺织材料制	62	HS第62章	780				none	0.0	unmapped
62042990	其他	其他	620429	西服套装： / 其他纺织材料制	62	HS第62章	780				none	0.0	unmapped
62043100	羊毛或动物细毛制	羊毛或动物细毛制	620431	上衣： / 羊毛或动物细毛制	62	HS第62章	781				none	0.0	unmapped
62043200	棉制	棉制	620432	上衣： / 棉制	62	HS第62章	781				none	0.0	unmapped
62043300	合成纤维制	合成纤维制	620433	上衣： / 合成纤维制	62	HS第62章	781				none	0.0	unmapped
62043910	其他纺织材料制： 丝及绢丝制	其他纺织材料制： 丝及绢丝制	620439	上衣： / 其他纺织材料制	62	HS第62章	781				none	0.0	unmapped
62043990	其他	其他	620439	上衣： / 其他纺织材料制	62	HS第62章	781				none	0.0	unmapped
62044100	连衣裙： 羊毛或动物细毛制	连衣裙： 羊毛或动物细毛制	620441	连衣裙： / 羊毛或动物细毛制	62	HS第62章	781				none	0.0	unmapped
62044200	棉制	棉制	620442	连衣裙： / 棉制	62	HS第62章	782				none	0.0	unmapped
62044300	合成纤维制	合成纤维制	620443	连衣裙： / 合成纤维制	62	HS第62章	782				none	0.0	unmapped
62044400	人造纤维制	人造纤维制	620444	连衣裙： / 人造纤维制	62	HS第62章	782				none	0.0	unmapped
62044910	其他纺织材料制： 丝及绢丝制	其他纺织材料制： 丝及绢丝制	620449	连衣裙： / 其他纺织材料制	62	HS第62章	782				none	0.0	unmapped
62044990	其他	其他	620449	连衣裙： / 其他纺织材料制	62	HS第62章	782				none	0.0	unmapped
62045100	裙子及裙裤： 羊毛或动物细毛制	裙子及裙裤： 羊毛或动物细毛制	620451	裙子及裙裤： / 羊毛或动物细毛制	62	HS第62章	782				none	0.0	unmapped
62045200	棉制	棉制	620452	裙子及裙裤： / 棉制	62	HS第62章	783				none	0.0	unmapped
62045300	合成纤维制	合成纤维制	620453	裙子及裙裤： / 合成纤维制	62	HS第62章	783				none	0.0	unmapped
62045910	其他纺织材料制： 丝及绢丝制	其他纺织材料制： 丝及绢丝制	620459	裙子及裙裤： / 其他纺织材料制	62	HS第62章	783				none	0.0	unmapped
62045990	其他	其他	620459	裙子及裙裤： / 其他纺织材料制	62	HS第62章	783				none	0.0	unmapped
62046100	长裤、护胸背带工装裤、马裤及 短裤： 羊毛或动物细毛制	长裤、护胸背带工装裤、马裤及 短裤： 羊毛或动物细毛制	620461	长裤、护胸背带工装裤、马裤及 短裤： / 羊毛或动物细毛制	62	HS第62章	783				none	0.0	unmapped
62046200	棉制	棉制	620462	长裤、护胸背带工装裤、马裤及 短裤： / 棉制	62	HS第62章	783				none	0.0	unmapped
62046300	合成纤维制	合成纤维制	620463	长裤、护胸背带工装裤、马裤及 短裤： / 合成纤维制	62	HS第62章	784				none	0.0	unmapped
62046900	其他纺织材料制	其他纺织材料制	620469	长裤、护胸背带工装裤、马裤及 短裤： / 其他纺织材料制	62	HS第62章	784				none	0.0	unmapped
62052000	棉制	棉制	620520	棉制	62	HS第62章	784				none	0.0	unmapped
62053000	化学纤维制	化学纤维制	620530	化学纤维制	62	HS第62章	784				none	0.0	unmapped
62059010	其他： 丝及绢丝制	其他： 丝及绢丝制	620590	其他	62	HS第62章	784				none	0.0	unmapped
62059020	羊毛或动物细毛制	羊毛或动物细毛制	620590	其他	62	HS第62章	784				none	0.0	unmapped
62059090	其他	其他	620590	其他	62	HS第62章	785				none	0.0	unmapped
62061000	丝及绢丝制	丝及绢丝制	620610	丝及绢丝制	62	HS第62章	785				none	0.0	unmapped
62062000	羊毛或动物细毛制	羊毛或动物细毛制	620620	羊毛或动物细毛制	62	HS第62章	785				none	0.0	unmapped
62063000	棉制	棉制	620630	棉制	62	HS第62章	785				none	0.0	unmapped
62064000	化学纤维制	化学纤维制	620640	化学纤维制	62	HS第62章	785				none	0.0	unmapped
62069000	其他纺织材料制	其他纺织材料制	620690	其他纺织材料制	62	HS第62章	785				none	0.0	unmapped
62071100	棉制	棉制	620711	棉制	62	HS第62章	786				none	0.0	unmapped
62071910	其他纺织材料制： 丝及绢丝制	其他纺织材料制： 丝及绢丝制	620719	其他纺织材料制	62	HS第62章	786				none	0.0	unmapped
62071920	化学纤维制	化学纤维制	620719	其他纺织材料制	62	HS第62章	786				none	0.0	unmapped
62071990	其他	其他	620719	其他纺织材料制	62	HS第62章	786				none	0.0	unmapped
62072100	长睡衣及睡衣裤： 棉制	长睡衣及睡衣裤： 棉制	620721	长睡衣及睡衣裤： / 棉制	62	HS第62章	786				none	0.0	unmapped
62072200	化学纤维制	化学纤维制	620722	长睡衣及睡衣裤： / 化学纤维制	62	HS第62章	786				none	0.0	unmapped
62072910	其他纺织材料制： 丝及绢丝制	其他纺织材料制： 丝及绢丝制	620729	长睡衣及睡衣裤： / 其他纺织材料制	62	HS第62章	786				none	0.0	unmapped
62072990	其他	其他	620729	长睡衣及睡衣裤： / 其他纺织材料制	62	HS第62章	787				none	0.0	unmapped
62079100	其他： 棉制	其他： 棉制	620791	其他： / 棉制	62	HS第62章	787				none	0.0	unmapped
62079910	其他纺织材料制： 丝及绢丝制	其他纺织材料制： 丝及绢丝制	620799	其他： / 其他纺织材料制	62	HS第62章	787				none	0.0	unmapped
62079920	化学纤维制	化学纤维制	620799	其他： / 其他纺织材料制	62	HS第62章	787				none	0.0	unmapped
62079990	其他	其他	620799	其他： / 其他纺织材料制	62	HS第62章	787				none	0.0	unmapped
62081100	长衬裙及衬裙： 化学纤维制	长衬裙及衬裙： 化学纤维制	620811	长衬裙及衬裙： / 化学纤维制	62	HS第62章	787				none	0.0	unmapped
62081910	丝及绢丝制	丝及绢丝制	620819	长衬裙及衬裙： / 其他纺织材料制	62	HS第62章	788				none	0.0	unmapped
62081920	棉制	棉制	620819	长衬裙及衬裙： / 其他纺织材料制	62	HS第62章	788				none	0.0	unmapped
62081990	其他	其他	620819	长衬裙及衬裙： / 其他纺织材料制	62	HS第62章	788				none	0.0	unmapped
62082100	睡衣及睡衣裤： 棉制	睡衣及睡衣裤： 棉制	620821	睡衣及睡衣裤： / 棉制	62	HS第62章	788				none	0.0	unmapped
62082200	化学纤维制	化学纤维制	620822	睡衣及睡衣裤： / 化学纤维制	62	HS第62章	788				none	0.0	unmapped
62082910	其他纺织材料制： 丝及绢丝制	其他纺织材料制： 丝及绢丝制	620829	睡衣及睡衣裤： / 其他纺织材料制	62	HS第62章	788				none	0.0	unmapped
62082990	其他	其他	620829	睡衣及睡衣裤： / 其他纺织材料制	62	HS第62章	788				none	0.0	unmapped
62089100	棉制	棉制	620891	其他： / 棉制	62	HS第62章	789				none	0.0	unmapped
62089200	化学纤维制	化学纤维制	620892	其他： / 化学纤维制	62	HS第62章	789				none	0.0	unmapped
62089910	其他纺织材料制： 丝及绢丝制	其他纺织材料制： 丝及绢丝制	620899	其他： / 其他纺织材料制	62	HS第62章	789				none	0.0	unmapped
62089990	其他	其他	620899	其他： / 其他纺织材料制	62	HS第62章	789				none	0.0	unmapped
62092000	棉制	棉制	620920	棉制	62	HS第62章	789				none	0.0	unmapped
62093000	合成纤维制	合成纤维制	620930	合成纤维制	62	HS第62章	789				none	0.0	unmapped
62099010	羊毛或动物细毛制	羊毛或动物细毛制	620990	其他纺织材料制	62	HS第62章	790				none	0.0	unmapped
62099090	其他	其他	620990	其他纺织材料制	62	HS第62章	790				none	0.0	unmapped
62101010	用税目56.02或56.03的织物制成 的服装： 羊毛或动物细毛制	用税目56.02或56.03的织物制成 的服装： 羊毛或动物细毛制	621010	用税目56.02或56.03的织物制成 的服装	62	HS第62章	790				none	0.0	unmapped
62101020	棉或麻制	棉或麻制	621010	用税目56.02或56.03的织物制成 的服装	62	HS第62章	790				none	0.0	unmapped
62101030	化学纤维制	化学纤维制	621010	用税目56.02或56.03的织物制成 的服装	62	HS第62章	790				none	0.0	unmapped
62101090	其他纺织材料制	其他纺织材料制	621010	用税目56.02或56.03的织物制成 的服装	62	HS第62章	790				none	0.0	unmapped
62102000	税目62.01所列类型的其他服装	税目62.01所列类型的其他服装	621020	税目62.01所列类型的其他服装	62	HS第62章	791				none	0.0	unmapped
62103000	税目62.02所列类型的其他服装	税目62.02所列类型的其他服装	621030	税目62.02所列类型的其他服装	62	HS第62章	791				none	0.0	unmapped
62104000	其他男式服装	其他男式服装	621040	其他男式服装	62	HS第62章	791				none	0.0	unmapped
62105000	其他女式服装	其他女式服装	621050	其他女式服装	62	HS第62章	791				none	0.0	unmapped
62111100	游泳服： 男式	游泳服： 男式	621111	游泳服： / 男式	62	HS第62章	791				none	0.0	unmapped
62111200	女式	女式	621112	游泳服： / 女式	62	HS第62章	791				none	0.0	unmapped
62112010	棉制	棉制	621120	滑雪服	62	HS第62章	792				none	0.0	unmapped
62112090	其他纺织材料制	其他纺织材料制	621120	滑雪服	62	HS第62章	792				none	0.0	unmapped
62113210	其他男式服装： --棉制： 阿拉伯袍	其他男式服装： --棉制： 阿拉伯袍	621132	其他男式服装： / 棉制	62	HS第62章	792				none	0.0	unmapped
62113220	运动服	运动服	621132	其他男式服装： / 棉制	62	HS第62章	792				none	0.0	unmapped
62113290	其他	其他	621132	其他男式服装： / 棉制	62	HS第62章	792				none	0.0	unmapped
62113310	化学纤维制： 阿拉伯袍	化学纤维制： 阿拉伯袍	621133	其他男式服装： / 化学纤维制	62	HS第62章	792				none	0.0	unmapped
62113320	运动服	运动服	621133	其他男式服装： / 化学纤维制	62	HS第62章	793				none	0.0	unmapped
62113390	其他	其他	621133	其他男式服装： / 化学纤维制	62	HS第62章	793				none	0.0	unmapped
62113910	其他纺织材料制： 丝及绢丝制	其他纺织材料制： 丝及绢丝制	621139	其他男式服装： / 其他纺织材料制	62	HS第62章	793				none	0.0	unmapped
62113920	羊毛或动物细毛制	羊毛或动物细毛制	621139	其他男式服装： / 其他纺织材料制	62	HS第62章	793				none	0.0	unmapped
62113990	其他	其他	621139	其他男式服装： / 其他纺织材料制	62	HS第62章	793				none	0.0	unmapped
62114210	其他女式服装： --棉制： 运动服	其他女式服装： --棉制： 运动服	621142	其他女式服装： / 棉制	62	HS第62章	793				none	0.0	unmapped
62114290	其他	其他	621142	其他女式服装： / 棉制	62	HS第62章	794				none	0.0	unmapped
62114310	化学纤维制： 运动服	化学纤维制： 运动服	621143	其他女式服装： / 化学纤维制	62	HS第62章	794				none	0.0	unmapped
62114390	其他	其他	621143	其他女式服装： / 化学纤维制	62	HS第62章	794				none	0.0	unmapped
62114910	其他纺织材料制： 丝及绢丝制	其他纺织材料制： 丝及绢丝制	621149	其他女式服装： / 其他纺织材料制	62	HS第62章	794				none	0.0	unmapped
62114990	其他	其他	621149	其他女式服装： / 其他纺织材料制	62	HS第62章	794				none	0.0	unmapped
62121010	化学纤维制	化学纤维制	621210	胸罩	62	HS第62章	795				none	0.0	unmapped
62121090	其他纺织材料制	其他纺织材料制	621210	胸罩	62	HS第62章	795				none	0.0	unmapped
62122010	束腰带及腹带： 化学纤维制	束腰带及腹带： 化学纤维制	621220	束腰带及腹带	62	HS第62章	795				none	0.0	unmapped
62122090	其他纺织材料制	其他纺织材料制	621220	束腰带及腹带	62	HS第62章	795				none	0.0	unmapped
62123010	束腰胸衣： 化学纤维制	束腰胸衣： 化学纤维制	621230	束腰胸衣	62	HS第62章	795				none	0.0	unmapped
62123090	其他纺织材料制	其他纺织材料制	621230	束腰胸衣	62	HS第62章	795				none	0.0	unmapped
62129010	化学纤维制	化学纤维制	621290	其他	62	HS第62章	796				none	0.0	unmapped
62129090	其他纺织材料制	其他纺织材料制	621290	其他	62	HS第62章	796				none	0.0	unmapped
62132010	棉制： 刺绣的	棉制： 刺绣的	621320	棉制	62	HS第62章	796				none	0.0	unmapped
62132090	其他	其他	621320	棉制	62	HS第62章	796				none	0.0	unmapped
62139020	其他纺织材料制： 刺绣的	其他纺织材料制： 刺绣的	621390	其他纺织材料制	62	HS第62章	796				none	0.0	unmapped
62139090	其他	其他	621390	其他纺织材料制	62	HS第62章	796				none	0.0	unmapped
62141000	丝或绢丝制	丝或绢丝制	621410	丝或绢丝制	62	HS第62章	796				none	0.0	unmapped
62142010	羊毛制	羊毛制	621420	羊毛或动物细毛制	62	HS第62章	797				none	0.0	unmapped
62142020	山羊绒制	山羊绒制	621420	羊毛或动物细毛制	62	HS第62章	797				none	0.0	unmapped
62142090	其他	其他	621420	羊毛或动物细毛制	62	HS第62章	797				none	0.0	unmapped
62143000	合成纤维制	合成纤维制	621430	合成纤维制	62	HS第62章	797				none	0.0	unmapped
62144000	人造纤维制	人造纤维制	621440	人造纤维制	62	HS第62章	797				none	0.0	unmapped
62149000	其他纺织材料制	其他纺织材料制	621490	其他纺织材料制	62	HS第62章	797				none	0.0	unmapped
62151000	丝或绢丝制	丝或绢丝制	621510	丝或绢丝制	62	HS第62章	798				none	0.0	unmapped
62152000	化学纤维制	化学纤维制	621520	化学纤维制	62	HS第62章	798				none	0.0	unmapped
62159000	其他纺织材料制	其他纺织材料制	621590	其他纺织材料制	62	HS第62章	798				none	0.0	unmapped
62160000	分指手套、连指手套及露指手套	分指手套、连指手套及露指手套	621600	分指手套、连指手套及露指手套	62	HS第62章	798				none	0.0	unmapped
62171010	附件： 袜子及袜套	附件： 袜子及袜套	621710	附件	62	HS第62章	798				none	0.0	unmapped
62171020	和服腰带	和服腰带	621710	附件	62	HS第62章	798				none	0.0	unmapped
62171090	其他	其他	621710	附件	62	HS第62章	799				none	0.0	unmapped
62179000	零件	零件	621790	零件	62	HS第62章	799				none	0.0	unmapped
63011000	电暖毯	电暖毯	630110	电暖毯	63	HS第63章	800				none	0.0	unmapped
63012000	羊毛或动物细毛制的毯子（电暖 毯除外）及旅行毯	羊毛或动物细毛制的毯子（电暖 毯除外）及旅行毯	630120	羊毛或动物细毛制的毯子（电暖	63	HS第63章	800				none	0.0	unmapped
63013000	棉制的毯子（电暖毯除外）及旅 行毯	棉制的毯子（电暖毯除外）及旅 行毯	630130	棉制的毯子（电暖毯除外）及旅	63	HS第63章	801				none	0.0	unmapped
63014000	合成纤维制的毯子（电暖毯除 外）及旅行毯	合成纤维制的毯子（电暖毯除 外）及旅行毯	630140	合成纤维制的毯子（电暖毯除	63	HS第63章	801				none	0.0	unmapped
63019000	其他毯子及旅行毯	其他毯子及旅行毯	630190	其他毯子及旅行毯	63	HS第63章	801				none	0.0	unmapped
63021010	针织或钩编的床上用织物制品： 棉制	针织或钩编的床上用织物制品： 棉制	630210	针织或钩编的床上用织物制品	63	HS第63章	801				none	0.0	unmapped
63021090	其他纺织材料制	其他纺织材料制	630210	针织或钩编的床上用织物制品	63	HS第63章	801				none	0.0	unmapped
63022110	其他印花的床上用织物制品： --棉制： 床单	其他印花的床上用织物制品： --棉制： 床单	630221	其他印花的床上用织物制品： / 棉制	63	HS第63章	801				none	0.0	unmapped
63022190	其他	其他	630221	其他印花的床上用织物制品： / 棉制	63	HS第63章	802				none	0.0	unmapped
63022210	化学纤维制： 床单	化学纤维制： 床单	630222	其他印花的床上用织物制品： / 化学纤维制	63	HS第63章	802				none	0.0	unmapped
63022290	其他	其他	630222	其他印花的床上用织物制品： / 化学纤维制	63	HS第63章	802				none	0.0	unmapped
63022910	其他纺织材料制： 丝及绢丝制	其他纺织材料制： 丝及绢丝制	630229	其他印花的床上用织物制品： / 其他纺织材料制	63	HS第63章	802				none	0.0	unmapped
63022920	麻制	麻制	630229	其他印花的床上用织物制品： / 其他纺织材料制	63	HS第63章	802				none	0.0	unmapped
63022990	其他	其他	630229	其他印花的床上用织物制品： / 其他纺织材料制	63	HS第63章	802				none	0.0	unmapped
63023110	其他床上用织物制品： --棉制： 刺绣的	其他床上用织物制品： --棉制： 刺绣的	630231	其他床上用织物制品： / 棉制	63	HS第63章	802				none	0.0	unmapped
63023191	其他： 床单	其他： 床单	630231	其他床上用织物制品： / 棉制	63	HS第63章	803				none	0.0	unmapped
63023192	其他： 毛巾被	其他： 毛巾被	630231	其他床上用织物制品： / 棉制	63	HS第63章	803				none	0.0	unmapped
63023199	其他： 其他	其他： 其他	630231	其他床上用织物制品： / 棉制	63	HS第63章	803				none	0.0	unmapped
63023210	化学纤维制： 刺绣的	化学纤维制： 刺绣的	630232	其他床上用织物制品： / 化学纤维制	63	HS第63章	803				none	0.0	unmapped
63023290	其他	其他	630232	其他床上用织物制品： / 化学纤维制	63	HS第63章	803				none	0.0	unmapped
63023910	其他纺织材料制： 丝及绢丝制	其他纺织材料制： 丝及绢丝制	630239	其他床上用织物制品： / 其他纺织材料制	63	HS第63章	803				none	0.0	unmapped
63023921	麻制： 刺绣的	麻制： 刺绣的	630239	其他床上用织物制品： / 其他纺织材料制	63	HS第63章	803				none	0.0	unmapped
63023929	麻制： 其他	麻制： 其他	630239	其他床上用织物制品： / 其他纺织材料制	63	HS第63章	804				none	0.0	unmapped
63023991	其他： 刺绣的	其他： 刺绣的	630239	其他床上用织物制品： / 其他纺织材料制	63	HS第63章	804				none	0.0	unmapped
63023999	其他： 其他	其他： 其他	630239	其他床上用织物制品： / 其他纺织材料制	63	HS第63章	804				none	0.0	unmapped
63024010	针织或钩编的餐桌用织物制品： 手工制	针织或钩编的餐桌用织物制品： 手工制	630240	针织或钩编的餐桌用织物制品	63	HS第63章	804				none	0.0	unmapped
63024090	其他	其他	630240	针织或钩编的餐桌用织物制品	63	HS第63章	804				none	0.0	unmapped
63025110	其他餐桌用织物制品： --棉制： 刺绣的	其他餐桌用织物制品： --棉制： 刺绣的	630251	其他餐桌用织物制品： / 棉制	63	HS第63章	804				none	0.0	unmapped
63025190	其他	其他	630251	其他餐桌用织物制品： / 棉制	63	HS第63章	804				none	0.0	unmapped
63025310	刺绣的	刺绣的	630253	其他餐桌用织物制品： / 化学纤维制	63	HS第63章	805				none	0.0	unmapped
63025390	其他	其他	630253	其他餐桌用织物制品： / 化学纤维制	63	HS第63章	805				none	0.0	unmapped
63025911	其他纺织材料制： ---亚麻制： 刺绣的	其他纺织材料制： ---亚麻制： 刺绣的	630259	其他餐桌用织物制品： / 其他纺织材料制	63	HS第63章	805				none	0.0	unmapped
63025919	亚麻制： 其他	亚麻制： 其他	630259	其他餐桌用织物制品： / 其他纺织材料制	63	HS第63章	805				none	0.0	unmapped
63025990	其他	其他	630259	其他餐桌用织物制品： / 其他纺织材料制	63	HS第63章	805				none	0.0	unmapped
63026010	盥洗及厨房用棉制毛巾织物或 类似的毛圈织物的制品： 浴巾	盥洗及厨房用棉制毛巾织物或 类似的毛圈织物的制品： 浴巾	630260	盥洗及厨房用棉制毛巾织物或 类似的毛圈织物的制品	63	HS第63章	805				none	0.0	unmapped
63026090	其他	其他	630260	盥洗及厨房用棉制毛巾织物或 类似的毛圈织物的制品	63	HS第63章	805				none	0.0	unmapped
63029100	棉制	棉制	630291	其他： / 棉制	63	HS第63章	806				none	0.0	unmapped
63029300	化学纤维制	化学纤维制	630293	其他： / 化学纤维制	63	HS第63章	806				none	0.0	unmapped
63029910	其他纺织材料制： 亚麻制	其他纺织材料制： 亚麻制	630299	其他： / 其他纺织材料制	63	HS第63章	806				none	0.0	unmapped
63029990	其他	其他	630299	其他： / 其他纺织材料制	63	HS第63章	806				none	0.0	unmapped
63031210	针织或钩编的： --合成纤维制： 针织的	针织或钩编的： --合成纤维制： 针织的	630312	针织或钩编的： / 合成纤维制	63	HS第63章	806				none	0.0	unmapped
63031220	钩编的	钩编的	630312	针织或钩编的： / 合成纤维制	63	HS第63章	806				none	0.0	unmapped
63031931	棉制： 针织的	棉制： 针织的	630319	针织或钩编的： / 其他纺织材料制	63	HS第63章	807				none	0.0	unmapped
63031932	棉制： 钩编的	棉制： 钩编的	630319	针织或钩编的： / 其他纺织材料制	63	HS第63章	807				none	0.0	unmapped
63031991	其他： 针织的	其他： 针织的	630319	针织或钩编的： / 其他纺织材料制	63	HS第63章	807				none	0.0	unmapped
63031992	其他： 钩编的	其他： 钩编的	630319	针织或钩编的： / 其他纺织材料制	63	HS第63章	807				none	0.0	unmapped
63039100	其他： 棉制	其他： 棉制	630391	其他： / 棉制	63	HS第63章	807				none	0.0	unmapped
63039200	合成纤维制	合成纤维制	630392	其他： / 合成纤维制	63	HS第63章	807				none	0.0	unmapped
63039900	其他纺织材料制	其他纺织材料制	630399	其他： / 其他纺织材料制	63	HS第63章	807				none	0.0	unmapped
63041121	手工制	手工制	630411	床罩： / 针织或钩编的	63	HS第63章	808				none	0.0	unmapped
63041129	其他	其他	630411	床罩： / 针织或钩编的	63	HS第63章	808				none	0.0	unmapped
63041131	钩编的： 手工制	钩编的： 手工制	630411	床罩： / 针织或钩编的	63	HS第63章	808				none	0.0	unmapped
63041139	钩编的： 其他	钩编的： 其他	630411	床罩： / 针织或钩编的	63	HS第63章	808				none	0.0	unmapped
63041910	其他： 丝及绢丝制	其他： 丝及绢丝制	630419	床罩： / 其他	63	HS第63章	808				none	0.0	unmapped
63041921	棉或麻制： 刺绣的	棉或麻制： 刺绣的	630419	床罩： / 其他	63	HS第63章	808				none	0.0	unmapped
63041929	棉或麻制： 其他	棉或麻制： 其他	630419	床罩： / 其他	63	HS第63章	808				none	0.0	unmapped
63041931	化学纤维制： 刺绣的	化学纤维制： 刺绣的	630419	床罩： / 其他	63	HS第63章	809				none	0.0	unmapped
63041939	化学纤维制： 其他	化学纤维制： 其他	630419	床罩： / 其他	63	HS第63章	809				none	0.0	unmapped
63041991	其他纺织材料制： 刺绣的	其他纺织材料制： 刺绣的	630419	床罩： / 其他	63	HS第63章	809				none	0.0	unmapped
63041999	其他纺织材料制： 其他	其他纺织材料制： 其他	630419	床罩： / 其他	63	HS第63章	809				none	0.0	unmapped
63042010	本章子目注释一所列的蚊帐： 手工制	本章子目注释一所列的蚊帐： 手工制	630420	本章子目注释一所列的蚊帐	63	HS第63章	809				none	0.0	unmapped
63042090	其他	其他	630420	本章子目注释一所列的蚊帐	63	HS第63章	809				none	0.0	unmapped
63049121	针织的： 手工制	针织的： 手工制	630491	其他： / 针织或钩编的	63	HS第63章	810				none	0.0	unmapped
63049129	针织的： 其他	针织的： 其他	630491	其他： / 针织或钩编的	63	HS第63章	810				none	0.0	unmapped
63049131	钩编的： 手工制	钩编的： 手工制	630491	其他： / 针织或钩编的	63	HS第63章	810				none	0.0	unmapped
63049139	钩编的： 其他	钩编的： 其他	630491	其他： / 针织或钩编的	63	HS第63章	810				none	0.0	unmapped
63049210	非针织或非钩编的，棉制： 刺绣的	非针织或非钩编的，棉制： 刺绣的	630492	其他： / 非针织或非钩编的，棉制	63	HS第63章	810				none	0.0	unmapped
63049290	其他	其他	630492	其他： / 非针织或非钩编的，棉制	63	HS第63章	810				none	0.0	unmapped
63049310	刺绣的	刺绣的	630493	其他： / 非针织或非钩编的，合成纤维 制	63	HS第63章	811				none	0.0	unmapped
63049390	其他	其他	630493	其他： / 非针织或非钩编的，合成纤维 制	63	HS第63章	811				none	0.0	unmapped
63049910	非针织或非钩编的，其他纺织材 料制： 丝及绢丝制	非针织或非钩编的，其他纺织材 料制： 丝及绢丝制	630499	其他： / 非针织或非钩编的，其他纺织材 料制	63	HS第63章	811				none	0.0	unmapped
63049921	麻制： 刺绣的	麻制： 刺绣的	630499	其他： / 非针织或非钩编的，其他纺织材 料制	63	HS第63章	811				none	0.0	unmapped
63049929	麻制： 其他	麻制： 其他	630499	其他： / 非针织或非钩编的，其他纺织材 料制	63	HS第63章	811				none	0.0	unmapped
63049990	其他	其他	630499	其他： / 非针织或非钩编的，其他纺织材 料制	63	HS第63章	811				none	0.0	unmapped
63051000	黄麻或税目53.03的其他韧皮纺 织纤维制	黄麻或税目53.03的其他韧皮纺 织纤维制	630510	黄麻或税目53.03的其他韧皮纺	63	HS第63章	811				none	0.0	unmapped
63052000	棉制	棉制	630520	棉制	63	HS第63章	812				none	0.0	unmapped
63053200	化学纤维材料制： 散装货物储运软袋	化学纤维材料制： 散装货物储运软袋	630532	化学纤维材料制： / 散装货物储运软袋	63	HS第63章	812				none	0.0	unmapped
63053300	其他，聚乙烯、聚丙烯扁条或类 似材料制	其他，聚乙烯、聚丙烯扁条或类 似材料制	630533	化学纤维材料制： / 其他，聚乙烯、聚丙烯扁条或类	63	HS第63章	812				none	0.0	unmapped
63053900	其他	其他	630539	化学纤维材料制： / 其他	63	HS第63章	812				none	0.0	unmapped
63059000	其他纺织材料制	其他纺织材料制	630590	其他纺织材料制	63	HS第63章	812				none	0.0	unmapped
63061200	油苫布、天篷及遮阳篷： 合成纤维制	油苫布、天篷及遮阳篷： 合成纤维制	630612	油苫布、天篷及遮阳篷： / 合成纤维制	63	HS第63章	812				none	0.0	unmapped
63061910	麻制	麻制	630619	油苫布、天篷及遮阳篷： / 其他纺织材料制	63	HS第63章	813				none	0.0	unmapped
63061920	棉制	棉制	630619	油苫布、天篷及遮阳篷： / 其他纺织材料制	63	HS第63章	813				none	0.0	unmapped
63061990	其他	其他	630619	油苫布、天篷及遮阳篷： / 其他纺织材料制	63	HS第63章	813				none	0.0	unmapped
63062200	帐篷（包括临时顶篷及类似品）： 合成纤维制	帐篷（包括临时顶篷及类似品）： 合成纤维制	630622	帐篷（包括临时顶篷及类似品）： / 合成纤维制	63	HS第63章	813				none	0.0	unmapped
63062910	其他纺织材料制： 棉制	其他纺织材料制： 棉制	630629	帐篷（包括临时顶篷及类似品）： / 其他纺织材料制	63	HS第63章	813				none	0.0	unmapped
63062990	化学纤维制	化学纤维制	630629	帐篷（包括临时顶篷及类似品）： / 其他纺织材料制	63	HS第63章	813				none	0.0	unmapped
63063010	风帆： 合成纤维制	风帆： 合成纤维制	630630	风帆	63	HS第63章	813				none	0.0	unmapped
63063090	其他纺织材料制	其他纺织材料制	630630	风帆	63	HS第63章	814				none	0.0	unmapped
63064010	充气褥垫： 棉制	充气褥垫： 棉制	630640	充气褥垫	63	HS第63章	814				none	0.0	unmapped
63064020	化学纤维制	化学纤维制	630640	充气褥垫	63	HS第63章	814				none	0.0	unmapped
63064090	其他	其他	630640	充气褥垫	63	HS第63章	814				none	0.0	unmapped
63069010	其他： 棉制	其他： 棉制	630690	其他	63	HS第63章	814				none	0.0	unmapped
63069020	麻制	麻制	630690	其他	63	HS第63章	814				none	0.0	unmapped
63069030	化学纤维制	化学纤维制	630690	其他	63	HS第63章	814				none	0.0	unmapped
63069090	其他	其他	630690	其他	63	HS第63章	815				none	0.0	unmapped
63071000	擦地布、擦碗布、抹布及类似擦 拭用布	擦地布、擦碗布、抹布及类似擦 拭用布	630710	擦地布、擦碗布、抹布及类似擦	63	HS第63章	815				none	0.0	unmapped
63072000	救生衣及安全带	救生衣及安全带	630720	救生衣及安全带	63	HS第63章	815				none	0.0	unmapped
63079010	其他： 口罩	其他： 口罩	630790	其他	63	HS第63章	815				none	0.0	unmapped
63079090	其他 第二分章 成套物品	其他 第二分章 成套物品	630790	其他	63	HS第63章	815				none	0.0	unmapped
63080000	由机织物及纱线构成的零售包装 成套物品，不论是否带附件，用 以制作小地毯、装饰毯、绣花台 布、餐巾或类似的纺织物品 第三分章 旧衣着及旧纺织品； 碎织物	由机织物及纱线构成的零售包装 成套物品，不论是否带附件，用 以制作小地毯、装饰毯、绣花台 布、餐巾或类似的纺织物品 第三分章 旧衣着及旧纺织品； 碎织物	630800	由机织物及纱线构成的零售包装 成套物品，不论是否带附件，用 以制作小地毯、装饰毯、绣花台 布、餐巾或类似的纺织物品	63	HS第63章	816				none	0.0	unmapped
63090000	旧衣物	旧衣物	630900	旧衣物	63	HS第63章	816				none	0.0	unmapped
63101000	经分拣的	经分拣的	631010	经分拣的	63	HS第63章	816				none	0.0	unmapped
63109000	其他	其他	631090	其他	63	HS第63章	816				none	0.0	unmapped
64011010	装有金属防护鞋头的鞋靴： 橡胶制鞋面的	装有金属防护鞋头的鞋靴： 橡胶制鞋面的	640110	装有金属防护鞋头的鞋靴	64	HS第64章	817	化工胶粘涂料	橡胶材料	化工胶粘涂料/橡胶材料	chemical-rubber	0.75	candidate
64011090	塑料制鞋面的	塑料制鞋面的	640110	装有金属防护鞋头的鞋靴	64	HS第64章	818				none	0.0	unmapped
64019210	其他鞋靴： --鞋靴（过踝但未到膝）： 橡胶制鞋面的	其他鞋靴： --鞋靴（过踝但未到膝）： 橡胶制鞋面的	640192	其他鞋靴： / 鞋靴（过踝但未到膝）	64	HS第64章	818	化工胶粘涂料	橡胶材料	化工胶粘涂料/橡胶材料	chemical-rubber	0.75	candidate
64019290	塑料制鞋面的	塑料制鞋面的	640192	其他鞋靴： / 鞋靴（过踝但未到膝）	64	HS第64章	818				none	0.0	unmapped
64019900	其他	其他	640199	其他鞋靴： / 其他	64	HS第64章	818				none	0.0	unmapped
64021200	滑雪靴、越野滑雪鞋靴及滑雪板 靴	滑雪靴、越野滑雪鞋靴及滑雪板 靴	640212	运动鞋靴： / 滑雪靴、越野滑雪鞋靴及滑雪板	64	HS第64章	819				none	0.0	unmapped
64021900	其他	其他	640219	运动鞋靴： / 其他	64	HS第64章	819				none	0.0	unmapped
64022000	用栓塞方法将鞋面条带装配在 鞋底上的鞋	用栓塞方法将鞋面条带装配在 鞋底上的鞋	640220	用栓塞方法将鞋面条带装配在	64	HS第64章	819				none	0.0	unmapped
64029100	其他鞋靴： 鞋靴（过踝）	其他鞋靴： 鞋靴（过踝）	640291	其他鞋靴： / 鞋靴（过踝）	64	HS第64章	819				none	0.0	unmapped
64029910	其他： 橡胶制鞋面的	其他： 橡胶制鞋面的	640299	其他鞋靴： / 其他	64	HS第64章	819	化工胶粘涂料	橡胶材料	化工胶粘涂料/橡胶材料	chemical-rubber	0.75	candidate
64029921	塑料制鞋面的： 以机织物或其他纺织材料作 衬底的	塑料制鞋面的： 以机织物或其他纺织材料作 衬底的	640299	其他鞋靴： / 其他	64	HS第64章	820				none	0.0	unmapped
64029929	塑料制鞋面的： 其他	塑料制鞋面的： 其他	640299	其他鞋靴： / 其他	64	HS第64章	820				none	0.0	unmapped
64031200	运动鞋靴： 滑雪靴、越野滑雪鞋靴及滑雪板 靴	运动鞋靴： 滑雪靴、越野滑雪鞋靴及滑雪板 靴	640312	运动鞋靴： / 滑雪靴、越野滑雪鞋靴及滑雪板	64	HS第64章	820				none	0.0	unmapped
64031900	其他	其他	640319	运动鞋靴： / 其他	64	HS第64章	820				none	0.0	unmapped
64032000	皮革制外底，由交叉于脚背并绕 大脚趾的皮革条带构成鞋面的鞋	皮革制外底，由交叉于脚背并绕 大脚趾的皮革条带构成鞋面的鞋	640320	皮革制外底，由交叉于脚背并绕	64	HS第64章	820				none	0.0	unmapped
64034000	装有金属防护鞋头的其他鞋靴	装有金属防护鞋头的其他鞋靴	640340	装有金属防护鞋头的其他鞋靴	64	HS第64章	820				none	0.0	unmapped
64035111	小于24厘米的	小于24厘米的	640351	装有金属防护鞋头的其他鞋靴	64	HS第64章	821				none	0.0	unmapped
64035119	其他	其他	640351	装有金属防护鞋头的其他鞋靴	64	HS第64章	821				none	0.0	unmapped
64035191	其他，按内底长度分类： 小于24厘米的	其他，按内底长度分类： 小于24厘米的	640351	装有金属防护鞋头的其他鞋靴	64	HS第64章	821				none	0.0	unmapped
64035199	其他，按内底长度分类： 其他	其他，按内底长度分类： 其他	640351	装有金属防护鞋头的其他鞋靴	64	HS第64章	821				none	0.0	unmapped
64035900	其他	其他	640359	装有金属防护鞋头的其他鞋靴 / 其他	64	HS第64章	821				none	0.0	unmapped
64039111	过脚踝但低于小腿的鞋靴，按 内底长度分类： 小于24厘米的	过脚踝但低于小腿的鞋靴，按 内底长度分类： 小于24厘米的	640391	其他鞋靴： / 鞋靴（过踝）	64	HS第64章	822				none	0.0	unmapped
64039119	过脚踝但低于小腿的鞋靴，按 内底长度分类： 其他	过脚踝但低于小腿的鞋靴，按 内底长度分类： 其他	640391	其他鞋靴： / 鞋靴（过踝）	64	HS第64章	822				none	0.0	unmapped
64039191	其他，按内底长度分类： 小于24厘米的	其他，按内底长度分类： 小于24厘米的	640391	其他鞋靴： / 鞋靴（过踝）	64	HS第64章	822				none	0.0	unmapped
64039199	其他，按内底长度分类： 其他	其他，按内底长度分类： 其他	640391	其他鞋靴： / 鞋靴（过踝）	64	HS第64章	822				none	0.0	unmapped
64039900	其他	其他	640399	其他鞋靴： / 其他	64	HS第64章	822				none	0.0	unmapped
64041100	橡胶或塑料制外底的鞋靴： 运动鞋靴；网球鞋、篮球鞋、体 操鞋、训练鞋及类似鞋	橡胶或塑料制外底的鞋靴： 运动鞋靴；网球鞋、篮球鞋、体 操鞋、训练鞋及类似鞋	640411	橡胶或塑料制外底的鞋靴： / 运动鞋靴；网球鞋、篮球鞋、体	64	HS第64章	822	化工胶粘涂料	橡胶材料	化工胶粘涂料/橡胶材料	chemical-rubber	0.75	candidate
64041910	拖鞋	拖鞋	640419	橡胶或塑料制外底的鞋靴： / 其他	64	HS第64章	823				none	0.0	unmapped
64041990	其他	其他	640419	橡胶或塑料制外底的鞋靴： / 其他	64	HS第64章	823				none	0.0	unmapped
64042010	皮革或再生皮革制外底的鞋靴： 拖鞋	皮革或再生皮革制外底的鞋靴： 拖鞋	640420	皮革或再生皮革制外底的鞋靴	64	HS第64章	823				none	0.0	unmapped
64042090	其他	其他	640420	皮革或再生皮革制外底的鞋靴	64	HS第64章	823				none	0.0	unmapped
64051010	皮革或再生皮革制鞋面的： 橡胶、塑料、皮革及再生皮革 制外底的	皮革或再生皮革制鞋面的： 橡胶、塑料、皮革及再生皮革 制外底的	640510	皮革或再生皮革制鞋面的	64	HS第64章	823	化工胶粘涂料	橡胶材料	化工胶粘涂料/橡胶材料	chemical-rubber	0.75	candidate
64051090	其他材料制外底的	其他材料制外底的	640510	皮革或再生皮革制鞋面的	64	HS第64章	824				none	0.0	unmapped
64052000	纺织材料制鞋面的	纺织材料制鞋面的	640520	纺织材料制鞋面的	64	HS第64章	824				none	0.0	unmapped
64059010	其他： 橡胶、塑料、皮革及再生皮革 制外底的	其他： 橡胶、塑料、皮革及再生皮革 制外底的	640590	其他	64	HS第64章	824	化工胶粘涂料	橡胶材料	化工胶粘涂料/橡胶材料	chemical-rubber	0.75	candidate
64059090	其他材料制外底的	其他材料制外底的	640590	其他	64	HS第64章	824				none	0.0	unmapped
64061000	鞋面及其零件，但硬衬除外	鞋面及其零件，但硬衬除外	640610	鞋面及其零件，但硬衬除外	64	HS第64章	824				none	0.0	unmapped
64062010	橡胶制的	橡胶制的	640620	橡胶或塑料制的外底及鞋跟	64	HS第64章	825	化工胶粘涂料	橡胶材料	化工胶粘涂料/橡胶材料	chemical-rubber	0.75	candidate
64062020	塑料制的	塑料制的	640620	橡胶或塑料制的外底及鞋跟	64	HS第64章	825				none	0.0	unmapped
64069010	其他： 木制	其他： 木制	640690	其他	64	HS第64章	825				none	0.0	unmapped
64069091	其他材料制： 活动式鞋内底、跟垫及类似品	其他材料制： 活动式鞋内底、跟垫及类似品	640690	其他	64	HS第64章	825				none	0.0	unmapped
64069092	其他材料制： 护腿、裹腿和类似品及其零件	其他材料制： 护腿、裹腿和类似品及其零件	640690	其他	64	HS第64章	825				none	0.0	unmapped
64069099	其他材料制： 其他	其他材料制： 其他	640690	其他	64	HS第64章	825				none	0.0	unmapped
65010000	毡呢制的帽坯、帽身及帽兜，未 楦制成形，也未加帽边；毡呢制 的圆帽片及制帽用的毡呢筒（包 括裁开的毡呢筒）	毡呢制的帽坯、帽身及帽兜，未 楦制成形，也未加帽边；毡呢制 的圆帽片及制帽用的毡呢筒（包 括裁开的毡呢筒）	650100	毡呢制的帽坯、帽身及帽兜，未 楦制成形，也未加帽边；毡呢制 的圆帽片及制帽用的毡呢筒（包 括裁开的毡呢筒）	65	HS第65章	826				none	0.0	unmapped
65020000	编结的帽坯或用任何材料的条带 拼制而成的帽坯，未楦制成形， 也未加帽边、衬里或装饰物	编结的帽坯或用任何材料的条带 拼制而成的帽坯，未楦制成形， 也未加帽边、衬里或装饰物	650200	编结的帽坯或用任何材料的条带 拼制而成的帽坯，未楦制成形， 也未加帽边、衬里或装饰物	65	HS第65章	826				none	0.0	unmapped
65040000	编结帽或用任何材料的条带拼制 而成的帽类，不论有无衬里或装 饰物	编结帽或用任何材料的条带拼制 而成的帽类，不论有无衬里或装 饰物	650400	编结帽或用任何材料的条带拼制 而成的帽类，不论有无衬里或装 饰物	65	HS第65章	826				none	0.0	unmapped
65050010	发网	发网	650500	针织或钩编的帽类，用成匹的花 边、毡呢或其他纺织物（条带除 外）制成的帽类，不论有无衬里 或装饰物；任何材料制的发网， 不论有无衬里或装饰物	65	HS第65章	827				none	0.0	unmapped
65050020	钩编的帽类	钩编的帽类	650500	针织或钩编的帽类，用成匹的花 边、毡呢或其他纺织物（条带除 外）制成的帽类，不论有无衬里 或装饰物；任何材料制的发网， 不论有无衬里或装饰物	65	HS第65章	827				none	0.0	unmapped
65050091	其他： 用税目65.01的帽身、帽兜或圆 帽片制成的毡呢帽类，不论有无 衬里或装饰物	其他： 用税目65.01的帽身、帽兜或圆 帽片制成的毡呢帽类，不论有无 衬里或装饰物	650500	针织或钩编的帽类，用成匹的花 边、毡呢或其他纺织物（条带除 外）制成的帽类，不论有无衬里 或装饰物；任何材料制的发网， 不论有无衬里或装饰物	65	HS第65章	827				none	0.0	unmapped
65050099	其他： 其他	其他： 其他	650500	针织或钩编的帽类，用成匹的花 边、毡呢或其他纺织物（条带除 外）制成的帽类，不论有无衬里 或装饰物；任何材料制的发网， 不论有无衬里或装饰物	65	HS第65章	827				none	0.0	unmapped
65061000	安全帽	安全帽	650610	安全帽	65	HS第65章	827				none	0.0	unmapped
65069100	其他： 橡胶或塑料制	其他： 橡胶或塑料制	650691	其他： / 橡胶或塑料制	65	HS第65章	827	化工胶粘涂料	橡胶材料	化工胶粘涂料/橡胶材料	chemical-rubber	0.75	candidate
65069910	皮革制	皮革制	650699	其他： / 其他材料制	65	HS第65章	828				none	0.0	unmapped
65069920	毛皮制	毛皮制	650699	其他： / 其他材料制	65	HS第65章	828				none	0.0	unmapped
65069990	其他	其他	650699	其他： / 其他材料制	65	HS第65章	828				none	0.0	unmapped
65070000	帽圈、帽衬、帽套、帽帮、帽骨 架、帽舌及帽颏带	帽圈、帽衬、帽套、帽帮、帽骨 架、帽舌及帽颏带	650700	帽圈、帽衬、帽套、帽帮、帽骨 架、帽舌及帽颏带	65	HS第65章	828				none	0.0	unmapped
66011000	庭园用伞及类似伞	庭园用伞及类似伞	660110	庭园用伞及类似伞	66	HS第66章	829				none	0.0	unmapped
66019100	其他： 折叠伞	其他： 折叠伞	660191	其他： / 折叠伞	66	HS第66章	829				none	0.0	unmapped
66019900	其他	其他	660199	其他： / 其他	66	HS第66章	829				none	0.0	unmapped
66020000	手杖、带座手杖、鞭子、马鞭及 类似品	手杖、带座手杖、鞭子、马鞭及 类似品	660200	手杖、带座手杖、鞭子、马鞭及 类似品	66	HS第66章	829				none	0.0	unmapped
66032000	伞骨，包括装在伞柄上的伞骨	伞骨，包括装在伞柄上的伞骨	660320	伞骨，包括装在伞柄上的伞骨	66	HS第66章	829				none	0.0	unmapped
66039000	其他	其他	660390	其他	66	HS第66章	830				none	0.0	unmapped
67010000	带羽毛或羽绒的鸟皮及鸟体其他 部分、羽毛、部分羽毛、羽绒及 其制品（税目05.05的货品和经加 工的羽管及羽轴除外）	带羽毛或羽绒的鸟皮及鸟体其他 部分、羽毛、部分羽毛、羽绒及 其制品（税目05.05的货品和经加 工的羽管及羽轴除外）	670100	带羽毛或羽绒的鸟皮及鸟体其他 部分、羽毛、部分羽毛、羽绒及 其制品（税目05.05的货品和经加 工的羽管及羽轴除外）	67	HS第67章	831				none	0.0	unmapped
67021000	塑料制	塑料制	670210	塑料制	67	HS第67章	831				none	0.0	unmapped
67029010	羽毛制	羽毛制	670290	其他材料制	67	HS第67章	832				none	0.0	unmapped
67029020	丝及绢丝制	丝及绢丝制	670290	其他材料制	67	HS第67章	832				none	0.0	unmapped
67029030	化学纤维制	化学纤维制	670290	其他材料制	67	HS第67章	832				none	0.0	unmapped
67029090	其他	其他	670290	其他材料制	67	HS第67章	832				none	0.0	unmapped
67030000	经梳理、稀疏、脱色或其他方法 加工的人发；作假发及类似品用 的羊毛、其他动物毛或其他纺织 材料	经梳理、稀疏、脱色或其他方法 加工的人发；作假发及类似品用 的羊毛、其他动物毛或其他纺织 材料	670300	经梳理、稀疏、脱色或其他方法 加工的人发；作假发及类似品用 的羊毛、其他动物毛或其他纺织 材料	67	HS第67章	832				none	0.0	unmapped
67041100	合成纤维纺织材料制： 整头假发	合成纤维纺织材料制： 整头假发	670411	合成纤维纺织材料制： / 整头假发	67	HS第67章	833				none	0.0	unmapped
67041900	其他	其他	670419	合成纤维纺织材料制： / 其他	67	HS第67章	833				none	0.0	unmapped
67042000	人发制	人发制	670420	人发制	67	HS第67章	833				none	0.0	unmapped
67049000	其他材料制	其他材料制	670490	其他材料制	67	HS第67章	833				none	0.0	unmapped
68010000	天然石料（不包括板岩）制的长 方砌石、路缘石、扁平石	天然石料（不包括板岩）制的长 方砌石、路缘石、扁平石	680100	天然石料（不包括板岩）制的长 方砌石、路缘石、扁平石	68	HS第68章	834				none	0.0	unmapped
68021010	砖、瓦、方块及类似品，不论是 否为矩形（包括正方形），其最大 面以可置入边长小于7厘米的方 格为限；人工染色的石粒、石片 及石粉： 大理石	砖、瓦、方块及类似品，不论是 否为矩形（包括正方形），其最大 面以可置入边长小于7厘米的方 格为限；人工染色的石粒、石片 及石粉： 大理石	680210	砖、瓦、方块及类似品，不论是 否为矩形（包括正方形），其最大 面以可置入边长小于7厘米的方 格为限；人工染色的石粒、石片 及石粉	68	HS第68章	835				none	0.0	unmapped
68021090	其他	其他	680210	砖、瓦、方块及类似品，不论是 否为矩形（包括正方形），其最大 面以可置入边长小于7厘米的方 格为限；人工染色的石粒、石片 及石粉	68	HS第68章	835				none	0.0	unmapped
68022110	简单切削或锯开并具有一个平 面的其他碑石或建筑用石及其制 品： --大理石、石灰华及蜡石： 大理石	简单切削或锯开并具有一个平 面的其他碑石或建筑用石及其制 品： --大理石、石灰华及蜡石： 大理石	680221	简单切削或锯开并具有一个平 面的其他碑石或建筑用石及其制 品： / 大理石、石灰华及蜡石	68	HS第68章	835				none	0.0	unmapped
68022120	石灰华	石灰华	680221	简单切削或锯开并具有一个平 面的其他碑石或建筑用石及其制 品： / 大理石、石灰华及蜡石	68	HS第68章	835				none	0.0	unmapped
68022190	其他	其他	680221	简单切削或锯开并具有一个平 面的其他碑石或建筑用石及其制 品： / 大理石、石灰华及蜡石	68	HS第68章	836				none	0.0	unmapped
68022300	花岗岩	花岗岩	680223	简单切削或锯开并具有一个平 面的其他碑石或建筑用石及其制 品： / 花岗岩	68	HS第68章	836				none	0.0	unmapped
68022910	其他石： 其他石灰石	其他石： 其他石灰石	680229	简单切削或锯开并具有一个平 面的其他碑石或建筑用石及其制 品： / 其他石	68	HS第68章	836				none	0.0	unmapped
68022990	其他	其他	680229	简单切削或锯开并具有一个平 面的其他碑石或建筑用石及其制 品： / 其他石	68	HS第68章	836				none	0.0	unmapped
68029110	其他： --大理石、石灰华及蜡石： 石刻	其他： --大理石、石灰华及蜡石： 石刻	680291	其他： / 大理石、石灰华及蜡石	68	HS第68章	836				none	0.0	unmapped
68029190	其他	其他	680291	其他： / 大理石、石灰华及蜡石	68	HS第68章	837				none	0.0	unmapped
68029210	其他石灰石： 石刻	其他石灰石： 石刻	680292	其他： / 其他石灰石	68	HS第68章	837				none	0.0	unmapped
68029290	其他	其他	680292	其他： / 其他石灰石	68	HS第68章	837				none	0.0	unmapped
68029311	花岗岩： ---石刻： 墓碑石	花岗岩： ---石刻： 墓碑石	680293	其他： / 花岗岩	68	HS第68章	837				none	0.0	unmapped
68029319	石刻： 其他	石刻： 其他	680293	其他： / 花岗岩	68	HS第68章	837				none	0.0	unmapped
68029390	其他	其他	680293	其他： / 花岗岩	68	HS第68章	837				none	0.0	unmapped
68029910	石刻	石刻	680299	其他： / 花岗岩	68	HS第68章	838				none	0.0	unmapped
68029990	其他	其他	680299	其他： / 花岗岩	68	HS第68章	838				none	0.0	unmapped
68030010	板岩制	板岩制	680300	已加工的板岩及板岩或粘聚板岩 的制品	68	HS第68章	838				none	0.0	unmapped
68030090	其他	其他	680300	已加工的板岩及板岩或粘聚板岩 的制品	68	HS第68章	838				none	0.0	unmapped
68041000	碾磨或磨浆用石磨、石碾	碾磨或磨浆用石磨、石碾	680410	碾磨或磨浆用石磨、石碾	68	HS第68章	838				none	0.0	unmapped
68042110	砂轮	砂轮	680421	其他石磨、石碾、砂轮及类似品： / 粘聚合成或天然金刚石制	68	HS第68章	839				none	0.0	unmapped
68042190	其他	其他	680421	其他石磨、石碾、砂轮及类似品： / 粘聚合成或天然金刚石制	68	HS第68章	839				none	0.0	unmapped
68042210	其他粘聚磨料制或陶瓷制： 砂轮	其他粘聚磨料制或陶瓷制： 砂轮	680422	其他石磨、石碾、砂轮及类似品： / 其他粘聚磨料制或陶瓷制	68	HS第68章	839				none	0.0	unmapped
68042290	其他	其他	680422	其他石磨、石碾、砂轮及类似品： / 其他粘聚磨料制或陶瓷制	68	HS第68章	839				none	0.0	unmapped
68042310	天然石料制： 砂轮	天然石料制： 砂轮	680423	其他石磨、石碾、砂轮及类似品： / 天然石料制	68	HS第68章	839				none	0.0	unmapped
68042390	其他	其他	680423	其他石磨、石碾、砂轮及类似品： / 天然石料制	68	HS第68章	839				none	0.0	unmapped
68043010	琢磨油石	琢磨油石	680430	手用磨石及抛光石	68	HS第68章	840				none	0.0	unmapped
68043090	其他	其他	680430	手用磨石及抛光石	68	HS第68章	840				none	0.0	unmapped
68051000	砂布	砂布	680510	砂布	68	HS第68章	840				none	0.0	unmapped
68052000	砂纸	砂纸	680520	砂纸	68	HS第68章	840				none	0.0	unmapped
68053000	其他	其他	680530	其他	68	HS第68章	840				none	0.0	unmapped
68061010	硅酸铝纤维及其制品	硅酸铝纤维及其制品	680610	矿渣棉、岩石棉及类似的矿质棉 （包括其相互混合物），块状、成 片或成卷	68	HS第68章	841				none	0.0	unmapped
68061090	其他 矿物纤维，渣球含量小于5％	其他 矿物纤维，渣球含量小于5％	680610	矿渣棉、岩石棉及类似的矿质棉 （包括其相互混合物），块状、成 片或成卷	68	HS第68章	841				none	0.0	unmapped
68062000	页状蛭石、膨胀粘土、泡沫矿渣 及类似的膨胀矿物材料（包括其 相互混合物）	页状蛭石、膨胀粘土、泡沫矿渣 及类似的膨胀矿物材料（包括其 相互混合物）	680620	页状蛭石、膨胀粘土、泡沫矿渣	68	HS第68章	841				none	0.0	unmapped
68069000	其他	其他	680690	其他	68	HS第68章	841				none	0.0	unmapped
68071000	成卷	成卷	680710	成卷	68	HS第68章	841				none	0.0	unmapped
68079000	其他	其他	680790	其他	68	HS第68章	842				none	0.0	unmapped
68080000	镶板、平板、瓦、砖及类似品， 用水泥、石膏及其他矿物粘合材 料粘合植物纤维、稻草、刨花、 木片屑、木粉、锯末或木废料制 成	镶板、平板、瓦、砖及类似品， 用水泥、石膏及其他矿物粘合材 料粘合植物纤维、稻草、刨花、 木片屑、木粉、锯末或木废料制 成	680800	镶板、平板、瓦、砖及类似品， 用水泥、石膏及其他矿物粘合材 料粘合植物纤维、稻草、刨花、 木片屑、木粉、锯末或木废料制 成	68	HS第68章	842				none	0.0	unmapped
68091100	未经装饰的板、片、砖、瓦及类 似品： 仅用纸、纸板贴面或加强的	未经装饰的板、片、砖、瓦及类 似品： 仅用纸、纸板贴面或加强的	680911	未经装饰的板、片、砖、瓦及类 似品： / 仅用纸、纸板贴面或加强的	68	HS第68章	842				none	0.0	unmapped
68091900	其他	其他	680919	未经装饰的板、片、砖、瓦及类 似品： / 其他	68	HS第68章	842				none	0.0	unmapped
68099000	其他制品	其他制品	680990	其他制品	68	HS第68章	842				none	0.0	unmapped
68101100	建筑用砖及石砌块	建筑用砖及石砌块	681011	砖、瓦、扁平石及类似品： / 建筑用砖及石砌块	68	HS第68章	843				none	0.0	unmapped
68101910	其他： 人造石制	其他： 人造石制	681019	砖、瓦、扁平石及类似品： / 其他	68	HS第68章	843				none	0.0	unmapped
68101990	其他	其他	681019	砖、瓦、扁平石及类似品： / 其他	68	HS第68章	843				none	0.0	unmapped
68109110	其他制品： --建筑或土木工程用的预制结构 件： 钢筋混凝土和预应力混凝土 管、杆、板、桩等	其他制品： --建筑或土木工程用的预制结构 件： 钢筋混凝土和预应力混凝土 管、杆、板、桩等	681091	其他制品： / 建筑或土木工程用的预制结构 件	68	HS第68章	843	金属材料	钢筋/线材	金属材料/钢筋/线材	metal-rebar	0.88	candidate
68109190	其他	其他	681091	其他制品： / 建筑或土木工程用的预制结构 件	68	HS第68章	844				none	0.0	unmapped
68109910	其他： 铁道用水泥枕	其他： 铁道用水泥枕	681099	其他制品： / 其他	68	HS第68章	844				none	0.0	unmapped
68109990	其他	其他	681099	其他制品： / 其他	68	HS第68章	844				none	0.0	unmapped
68114010	含石棉的： 瓦楞板	含石棉的： 瓦楞板	681140	含石棉的	68	HS第68章	844				none	0.0	unmapped
68114020	其他片、板、砖、瓦及类似制 品	其他片、板、砖、瓦及类似制 品	681140	含石棉的	68	HS第68章	844				none	0.0	unmapped
68114030	管子及管子附件	管子及管子附件	681140	含石棉的	68	HS第68章	844				none	0.0	unmapped
68114090	其他制品	其他制品	681140	含石棉的	68	HS第68章	845				none	0.0	unmapped
68118100	不含石棉的： 瓦楞板	不含石棉的： 瓦楞板	681181	不含石棉的： / 瓦楞板	68	HS第68章	845				none	0.0	unmapped
68118200	其他片、板、砖、瓦及类似制品	其他片、板、砖、瓦及类似制品	681182	不含石棉的： / 其他片、板、砖、瓦及类似制品	68	HS第68章	845				none	0.0	unmapped
68118910	其他制品： 管子及管子附件	其他制品： 管子及管子附件	681189	不含石棉的： / 其他制品	68	HS第68章	845				none	0.0	unmapped
68118990	其他制品	其他制品	681189	不含石棉的： / 其他制品	68	HS第68章	845				none	0.0	unmapped
68128000	青石棉的	青石棉的	681280	青石棉的	68	HS第68章	846				none	0.0	unmapped
68129100	其他： 服装、衣着附件、帽类及鞋靴	其他： 服装、衣着附件、帽类及鞋靴	681291	其他： / 服装、衣着附件、帽类及鞋靴	68	HS第68章	846				none	0.0	unmapped
68129910	其他： 纸、麻丝板及毡子	其他： 纸、麻丝板及毡子	681299	其他	68	HS第68章	846				none	0.0	unmapped
68129920	成片或成卷的压缩石棉纤维接 合材料	成片或成卷的压缩石棉纤维接 合材料	681299	其他	68	HS第68章	846				none	0.0	unmapped
68129990	其他	其他	681299	其他	68	HS第68章	846				none	0.0	unmapped
68132010	闸衬、闸垫	闸衬、闸垫	681320	含石棉的	68	HS第68章	847				none	0.0	unmapped
68132090	其他	其他	681320	含石棉的	68	HS第68章	847				none	0.0	unmapped
68138100	不含石棉的： 闸衬、闸垫	不含石棉的： 闸衬、闸垫	681381	不含石棉的： / 闸衬、闸垫	68	HS第68章	847				none	0.0	unmapped
68138900	其他	其他	681389	不含石棉的： / 其他	68	HS第68章	847				none	0.0	unmapped
68141000	粘聚或复制云母制的板、片、带， 不论是否附于其他材料上	粘聚或复制云母制的板、片、带， 不论是否附于其他材料上	681410	粘聚或复制云母制的板、片、带，	68	HS第68章	847				none	0.0	unmapped
68149000	其他	其他	681490	其他	68	HS第68章	848				none	0.0	unmapped
68151100	碳纤维；非电气用的碳纤维制 品；其他非电气用的石墨或其他 碳精制品： 碳纤维	碳纤维；非电气用的碳纤维制 品；其他非电气用的石墨或其他 碳精制品： 碳纤维	681511	碳纤维；非电气用的碳纤维制 品；其他非电气用的石墨或其他 碳精制品： / 碳纤维	68	HS第68章	848				none	0.0	unmapped
68151200	碳纤维织物	碳纤维织物	681512	碳纤维；非电气用的碳纤维制 品；其他非电气用的石墨或其他 碳精制品： / 碳纤维织物	68	HS第68章	848				none	0.0	unmapped
68151310	其他碳纤维制品： 碳纤维预浸料 航空器用碳纤维预浸料（拉伸模 量≥50吉帕，径向拉伸强度≥500 兆帕）	其他碳纤维制品： 碳纤维预浸料 航空器用碳纤维预浸料（拉伸模 量≥50吉帕，径向拉伸强度≥500 兆帕）	681513	碳纤维；非电气用的碳纤维制 品；其他非电气用的石墨或其他 碳精制品： / 其他碳纤维制品	68	HS第68章	848				none	0.0	unmapped
68151390	其他 燃料电池用气体扩散层	其他 燃料电池用气体扩散层	681513	碳纤维；非电气用的碳纤维制 品；其他非电气用的石墨或其他 碳精制品： / 其他碳纤维制品	68	HS第68章	848				none	0.0	unmapped
68151900	其他 砷化镓、磷化铟、氮化镓、碳化 硅外延生产设备用石墨配件（金 属含量≤5ppm）	其他 砷化镓、磷化铟、氮化镓、碳化 硅外延生产设备用石墨配件（金 属含量≤5ppm）	681519	碳纤维；非电气用的碳纤维制 品；其他非电气用的石墨或其他 碳精制品： / 其他	68	HS第68章	848				none	0.0	unmapped
68152000	泥煤制品	泥煤制品	681520	泥煤制品	68	HS第68章	849				none	0.0	unmapped
68159100	其他制品： 含有菱镁矿、方镁石形态的氧化 镁、白云石（包括煅烧形态）或 铬铁矿的	其他制品： 含有菱镁矿、方镁石形态的氧化 镁、白云石（包括煅烧形态）或 铬铁矿的	681591	其他制品： / 含有菱镁矿、方镁石形态的氧化	68	HS第68章	849				none	0.0	unmapped
68159940	其他： 玄武岩纤维及其制品	其他： 玄武岩纤维及其制品	681599	其他制品： / 其他	68	HS第68章	849				none	0.0	unmapped
68159990	其他 电熔高锆质砖，氧化锆含量大于 87%	其他 电熔高锆质砖，氧化锆含量大于 87%	681599	其他制品： / 其他	68	HS第68章	849				none	0.0	unmapped
69010000	硅质化石粉（例如各种硅藻土） 或类似硅土制的砖、块、瓦及其 他陶瓷制品	硅质化石粉（例如各种硅藻土） 或类似硅土制的砖、块、瓦及其 他陶瓷制品	690100	硅质化石粉（例如各种硅藻土） 或类似硅土制的砖、块、瓦及其 他陶瓷制品	69	HS第69章	850				none	0.0	unmapped
69021000	单独或同时含有按重量计超过 50％的镁、钙或铬（分别以氧化 镁、氧化钙及三氧化二铬的含量 计）	单独或同时含有按重量计超过 50％的镁、钙或铬（分别以氧化 镁、氧化钙及三氧化二铬的含量 计）	690210	单独或同时含有按重量计超过	69	HS第69章	850				none	0.0	unmapped
69022000	含有按重量计超过50％的三氧 化二铝、二氧化硅或其混合物或 化合物	含有按重量计超过50％的三氧 化二铝、二氧化硅或其混合物或 化合物	690220	含有按重量计超过50％的三氧	69	HS第69章	851				none	0.0	unmapped
69029000	其他	其他	690290	其他	69	HS第69章	851				none	0.0	unmapped
69031000	含有按重量计超过50%的单体碳	含有按重量计超过50%的单体碳	690310	含有按重量计超过50%的单体碳	69	HS第69章	851				none	0.0	unmapped
69032000	含有按重量计超过50%的三氧化 二铝或三氧化二铝和二氧化硅的 混合物或化合物	含有按重量计超过50%的三氧化 二铝或三氧化二铝和二氧化硅的 混合物或化合物	690320	含有按重量计超过50%的三氧化	69	HS第69章	851				none	0.0	unmapped
69039000	其他 第二分章 其他陶瓷产品	其他 第二分章 其他陶瓷产品	690390	其他	69	HS第69章	851				none	0.0	unmapped
69041000	建筑用砖	建筑用砖	690410	建筑用砖	69	HS第69章	851				none	0.0	unmapped
69049000	其他	其他	690490	其他	69	HS第69章	852				none	0.0	unmapped
69051000	屋顶瓦	屋顶瓦	690510	屋顶瓦	69	HS第69章	852				none	0.0	unmapped
69059000	其他	其他	690590	其他	69	HS第69章	852				none	0.0	unmapped
69060000	陶瓷套管、导管、槽管及管子附 件	陶瓷套管、导管、槽管及管子附 件	690600	陶瓷套管、导管、槽管及管子附 件	69	HS第69章	852				none	0.0	unmapped
69072110	不论是否矩形，其最大表面积 以可置入边长小于7厘米的方格 为限	不论是否矩形，其最大表面积 以可置入边长小于7厘米的方格 为限	690721	贴面砖、铺面砖，包括炉面砖及 墙面砖，但子目6907.30和6907.40 所列商品除外： / 按重量计吸水率不超过0.5％	69	HS第69章	853				none	0.0	unmapped
69072190	其他	其他	690721	贴面砖、铺面砖，包括炉面砖及 墙面砖，但子目6907.30和6907.40 所列商品除外： / 按重量计吸水率不超过0.5％	69	HS第69章	853				none	0.0	unmapped
69072210	按重量计吸水率超过0.5％，但 不超过10％： 不论是否矩形，其最大表面积 以可置入边长小于7厘米的方格 为限	按重量计吸水率超过0.5％，但 不超过10％： 不论是否矩形，其最大表面积 以可置入边长小于7厘米的方格 为限	690722	贴面砖、铺面砖，包括炉面砖及 墙面砖，但子目6907.30和6907.40 所列商品除外： / 按重量计吸水率超过0.5％，但 不超过10％	69	HS第69章	853				none	0.0	unmapped
69072290	其他	其他	690722	贴面砖、铺面砖，包括炉面砖及 墙面砖，但子目6907.30和6907.40 所列商品除外： / 按重量计吸水率超过0.5％，但 不超过10％	69	HS第69章	853				none	0.0	unmapped
69072310	按重量计吸水率超过10％： 不论是否矩形，其最大表面积 以可置入边长小于7厘米的方格 为限	按重量计吸水率超过10％： 不论是否矩形，其最大表面积 以可置入边长小于7厘米的方格 为限	690723	贴面砖、铺面砖，包括炉面砖及 墙面砖，但子目6907.30和6907.40 所列商品除外： / 按重量计吸水率超过10％	69	HS第69章	853				none	0.0	unmapped
69072390	其他	其他	690723	贴面砖、铺面砖，包括炉面砖及 墙面砖，但子目6907.30和6907.40 所列商品除外： / 按重量计吸水率超过10％	69	HS第69章	853				none	0.0	unmapped
69073010	不论是否矩形，其最大表面积 以可置入边长小于7厘米的方格 为限	不论是否矩形，其最大表面积 以可置入边长小于7厘米的方格 为限	690730	镶嵌砖（马赛克）及其类似品， 但子目6907.40的货品除外	69	HS第69章	854				none	0.0	unmapped
69073090	其他	其他	690730	镶嵌砖（马赛克）及其类似品， 但子目6907.40的货品除外	69	HS第69章	854				none	0.0	unmapped
69074010	饰面陶瓷： 不论是否矩形，其最大表面积 以可置入边长小于7厘米的方格 为限	饰面陶瓷： 不论是否矩形，其最大表面积 以可置入边长小于7厘米的方格 为限	690740	饰面陶瓷	69	HS第69章	854				none	0.0	unmapped
69074090	其他	其他	690740	饰面陶瓷	69	HS第69章	854				none	0.0	unmapped
69091100	实验室、化学或其他专门技术用 途的陶瓷器： 瓷制	实验室、化学或其他专门技术用 途的陶瓷器： 瓷制	690911	实验室、化学或其他专门技术用 途的陶瓷器： / 瓷制	69	HS第69章	854				none	0.0	unmapped
69091200	莫氏硬度为9或以上的物品	莫氏硬度为9或以上的物品	690912	实验室、化学或其他专门技术用 途的陶瓷器： / 莫氏硬度为9或以上的物品	69	HS第69章	855				none	0.0	unmapped
69091900	其他	其他	690919	实验室、化学或其他专门技术用 途的陶瓷器： / 其他	69	HS第69章	855				none	0.0	unmapped
69099000	其他	其他	690990	其他	69	HS第69章	855				none	0.0	unmapped
69101000	瓷制	瓷制	691010	瓷制	69	HS第69章	855				none	0.0	unmapped
69109000	其他	其他	691090	其他	69	HS第69章	855				none	0.0	unmapped
69111011	餐具及厨房器具： ---餐具： 骨瓷	餐具及厨房器具： ---餐具： 骨瓷	691110	餐具及厨房器具	69	HS第69章	855				none	0.0	unmapped
69111019	餐具： 其他	餐具： 其他	691110	餐具及厨房器具	69	HS第69章	856				none	0.0	unmapped
69111021	厨房器具： 刀具	厨房器具： 刀具	691110	餐具及厨房器具	69	HS第69章	856				none	0.0	unmapped
69111029	厨房器具： 其他	厨房器具： 其他	691110	餐具及厨房器具	69	HS第69章	856				none	0.0	unmapped
69119000	其他	其他	691190	其他	69	HS第69章	856				none	0.0	unmapped
69120010	餐具	餐具	691200	陶餐具、厨房器具及其他家用或 盥洗用陶器	69	HS第69章	856				none	0.0	unmapped
69120090	其他	其他	691200	陶餐具、厨房器具及其他家用或 盥洗用陶器	69	HS第69章	856				none	0.0	unmapped
69131000	瓷制	瓷制	691310	瓷制	69	HS第69章	857				none	0.0	unmapped
69139000	其他	其他	691390	其他	69	HS第69章	857				none	0.0	unmapped
69141000	瓷制	瓷制	691410	瓷制	69	HS第69章	857				none	0.0	unmapped
69149000	其他	其他	691490	其他	69	HS第69章	857				none	0.0	unmapped
70010010	无色光学玻璃块料 无色光学玻璃块料[符合指标1 （三个参数均满足）：均匀性不高 于5ppm，气泡度不高于0.03平方 毫米，应力双折射不高于5纳米/ 厘米的；或符合指标2：羟基含量 低于300ppm的]	无色光学玻璃块料 无色光学玻璃块料[符合指标1 （三个参数均满足）：均匀性不高 于5ppm，气泡度不高于0.03平方 毫米，应力双折射不高于5纳米/ 厘米的；或符合指标2：羟基含量 低于300ppm的]	700100	碎玻璃及废玻璃，来源于阴极射 线管或税目85.49的其他活化玻 璃除外；玻璃块料	70	HS第70章	859				none	0.0	unmapped
70010090	其他	其他	700100	碎玻璃及废玻璃，来源于阴极射 线管或税目85.49的其他活化玻 璃除外；玻璃块料	70	HS第70章	859				none	0.0	unmapped
70021000	玻璃球	玻璃球	700210	玻璃球	70	HS第70章	859				none	0.0	unmapped
70022010	玻璃棒： 光导纤维预制棒	玻璃棒： 光导纤维预制棒	700220	玻璃棒	70	HS第70章	859				none	0.0	unmapped
70022090	其他	其他	700220	玻璃棒	70	HS第70章	859				none	0.0	unmapped
70023110	光导纤维用波导级石英玻璃管	光导纤维用波导级石英玻璃管	700231	玻璃管： / 熔融石英或其他熔融硅石制	70	HS第70章	860				none	0.0	unmapped
70023190	其他	其他	700231	玻璃管： / 熔融石英或其他熔融硅石制	70	HS第70章	860				none	0.0	unmapped
70023200	温度在0摄氏度至300摄氏度时 线膨胀系数不超过5×10-6/开尔 文的其他玻璃制	温度在0摄氏度至300摄氏度时 线膨胀系数不超过5×10-6/开尔 文的其他玻璃制	700232	玻璃管： / 温度在0摄氏度至300摄氏度时	70	HS第70章	860				none	0.0	unmapped
70023900	其他	其他	700239	玻璃管： / 其他	70	HS第70章	860				none	0.0	unmapped
70031200	非夹丝玻璃板、片： 整块着色、不透明、镶色或具有 吸收、反射或非反射层的	非夹丝玻璃板、片： 整块着色、不透明、镶色或具有 吸收、反射或非反射层的	700312	非夹丝玻璃板、片： / 整块着色、不透明、镶色或具有	70	HS第70章	860				none	0.0	unmapped
70031900	其他 液晶或有机发光二极管（OLED） 显示屏基板用原板玻璃	其他 液晶或有机发光二极管（OLED） 显示屏基板用原板玻璃	700319	非夹丝玻璃板、片： / 其他	70	HS第70章	860				none	0.0	unmapped
70032000	夹丝玻璃板、片	夹丝玻璃板、片	700320	夹丝玻璃板、片	70	HS第70章	861				none	0.0	unmapped
70033000	型材及异型材	型材及异型材	700330	型材及异型材	70	HS第70章	861				none	0.0	unmapped
70042000	整块着色、不透明、镶色或具有 吸收、反射或非反射层的	整块着色、不透明、镶色或具有 吸收、反射或非反射层的	700420	整块着色、不透明、镶色或具有	70	HS第70章	861				none	0.0	unmapped
70049000	其他玻璃 光学平板玻璃，厚度0.7毫米以下 液晶或有机发光二极管（OLED） 显示屏基板用原板玻璃 手机或平板电脑盖板（包括前盖、 后盖）用原板玻璃	其他玻璃 光学平板玻璃，厚度0.7毫米以下 液晶或有机发光二极管（OLED） 显示屏基板用原板玻璃 手机或平板电脑盖板（包括前盖、 后盖）用原板玻璃	700490	其他玻璃	70	HS第70章	861				none	0.0	unmapped
70051000	具有吸收、反射或非反射层的非 夹丝玻璃	具有吸收、反射或非反射层的非 夹丝玻璃	700510	具有吸收、反射或非反射层的非	70	HS第70章	861				none	0.0	unmapped
70052100	整块着色、不透明、镶色或仅表 面研磨的	整块着色、不透明、镶色或仅表 面研磨的	700521	具有吸收、反射或非反射层的非 / 整块着色、不透明、镶色或仅表	70	HS第70章	862				none	0.0	unmapped
70052900	其他 液晶或有机发光二极管（OLED） 显示屏基板用原板玻璃 手机或平板电脑盖板（包括前盖、 后盖）用原板玻璃	其他 液晶或有机发光二极管（OLED） 显示屏基板用原板玻璃 手机或平板电脑盖板（包括前盖、 后盖）用原板玻璃	700529	具有吸收、反射或非反射层的非 / 其他	70	HS第70章	862				none	0.0	unmapped
70053000	夹丝玻璃	夹丝玻璃	700530	夹丝玻璃	70	HS第70章	862				none	0.0	unmapped
70060000	经弯曲、磨边、镂刻、钻孔、涂 珐琅或其他加工的税目70.03、 70.04或70.05的玻璃，但未用其他 材料镶框或装配 液晶玻璃基板,6代(1850毫米 *1500毫米）以上，不含6代	经弯曲、磨边、镂刻、钻孔、涂 珐琅或其他加工的税目70.03、 70.04或70.05的玻璃，但未用其他 材料镶框或装配 液晶玻璃基板,6代(1850毫米 *1500毫米）以上，不含6代	700600	经弯曲、磨边、镂刻、钻孔、涂 珐琅或其他加工的税目70.03、 70.04或70.05的玻璃，但未用其他 材料镶框或装配	70	HS第70章	862				none	0.0	unmapped
70071110	钢化安全玻璃： --规格及形状适于安装在车辆、航 空器、航天器及船舶上： 航空器、航天器及船舶用	钢化安全玻璃： --规格及形状适于安装在车辆、航 空器、航天器及船舶上： 航空器、航天器及船舶用	700711	钢化安全玻璃： / 规格及形状适于安装在车辆、航 空器、航天器及船舶上	70	HS第70章	862				none	0.0	unmapped
70071190	其他	其他	700711	钢化安全玻璃： / 规格及形状适于安装在车辆、航 空器、航天器及船舶上	70	HS第70章	863				none	0.0	unmapped
70071900	其他	其他	700719	钢化安全玻璃： / 其他	70	HS第70章	863				none	0.0	unmapped
70072110	层压安全玻璃： --规格及形状适于安装在车辆、航 空器、航天器及船舶上： 航空器、航天器及船舶用	层压安全玻璃： --规格及形状适于安装在车辆、航 空器、航天器及船舶上： 航空器、航天器及船舶用	700721	层压安全玻璃： / 规格及形状适于安装在车辆、航 空器、航天器及船舶上	70	HS第70章	863				none	0.0	unmapped
70072190	其他	其他	700721	层压安全玻璃： / 规格及形状适于安装在车辆、航 空器、航天器及船舶上	70	HS第70章	863				none	0.0	unmapped
70072900	其他	其他	700729	层压安全玻璃： / 其他	70	HS第70章	863				none	0.0	unmapped
70080010	中空或真空隔温、隔音玻璃	中空或真空隔温、隔音玻璃	700800	多层隔温、隔音玻璃组件	70	HS第70章	864				none	0.0	unmapped
70080090	其他	其他	700800	多层隔温、隔音玻璃组件	70	HS第70章	864				none	0.0	unmapped
70091000	车辆后视镜	车辆后视镜	700910	车辆后视镜	70	HS第70章	864				none	0.0	unmapped
70099100	其他： 未镶框	其他： 未镶框	700991	其他： / 未镶框	70	HS第70章	864				none	0.0	unmapped
70099200	已镶框	已镶框	700992	其他： / 已镶框	70	HS第70章	864				none	0.0	unmapped
70101000	安瓿	安瓿	701010	安瓿	70	HS第70章	865				none	0.0	unmapped
70102000	塞、盖及类似的封口器	塞、盖及类似的封口器	701020	塞、盖及类似的封口器	70	HS第70章	865				none	0.0	unmapped
70109010	其他： 超过1升	其他： 超过1升	701090	其他	70	HS第70章	865				none	0.0	unmapped
70109020	超过0.33升，但不超过1升	超过0.33升，但不超过1升	701090	其他	70	HS第70章	865				none	0.0	unmapped
70109030	超过0.15升，但不超过0.33升	超过0.15升，但不超过0.33升	701090	其他	70	HS第70章	865				none	0.0	unmapped
70109090	不超过0.15升	不超过0.15升	701090	其他	70	HS第70章	866				none	0.0	unmapped
70111000	电灯用	电灯用	701110	电灯用	70	HS第70章	866				none	0.0	unmapped
70112010	阴极射线管用： 显像管玻壳及其零件	阴极射线管用： 显像管玻壳及其零件	701120	阴极射线管用	70	HS第70章	866				none	0.0	unmapped
70112090	其他	其他	701120	阴极射线管用	70	HS第70章	866				none	0.0	unmapped
70119010	其他： 电子管用（阴极射线管用的除 外）	其他： 电子管用（阴极射线管用的除 外）	701190	其他	70	HS第70章	866				none	0.0	unmapped
70119090	其他	其他	701190	其他	70	HS第70章	867				none	0.0	unmapped
70131000	玻璃陶瓷制	玻璃陶瓷制	701310	玻璃陶瓷制	70	HS第70章	867				none	0.0	unmapped
70132200	高脚杯，但玻璃陶瓷制的除外： 铅晶质玻璃制	高脚杯，但玻璃陶瓷制的除外： 铅晶质玻璃制	701322	高脚杯，但玻璃陶瓷制的除外： / 铅晶质玻璃制	70	HS第70章	867				none	0.0	unmapped
70132800	其他	其他	701328	高脚杯，但玻璃陶瓷制的除外： / 其他	70	HS第70章	867				none	0.0	unmapped
70133300	其他杯子，但玻璃陶瓷制的除 外： 铅晶质玻璃制	其他杯子，但玻璃陶瓷制的除 外： 铅晶质玻璃制	701333	其他杯子，但玻璃陶瓷制的除 外： / 铅晶质玻璃制	70	HS第70章	867				none	0.0	unmapped
70133700	其他	其他	701337	其他杯子，但玻璃陶瓷制的除 外： / 其他	70	HS第70章	867				none	0.0	unmapped
70134100	铅晶质玻璃制	铅晶质玻璃制	701341	餐桌或厨房用玻璃器皿（不包括 杯子），但玻璃陶瓷制的除外： / 铅晶质玻璃制	70	HS第70章	868				none	0.0	unmapped
70134200	温度在0摄氏度至300摄氏度时 线膨胀系数不超过5×10-6/开尔 文的其他玻璃制	温度在0摄氏度至300摄氏度时 线膨胀系数不超过5×10-6/开尔 文的其他玻璃制	701342	餐桌或厨房用玻璃器皿（不包括 杯子），但玻璃陶瓷制的除外： / 温度在0摄氏度至300摄氏度时	70	HS第70章	868				none	0.0	unmapped
70134900	其他	其他	701349	餐桌或厨房用玻璃器皿（不包括 杯子），但玻璃陶瓷制的除外： / 其他	70	HS第70章	868				none	0.0	unmapped
70139100	其他玻璃器： 铅晶质玻璃制	其他玻璃器： 铅晶质玻璃制	701391	其他玻璃器： / 铅晶质玻璃制	70	HS第70章	868				none	0.0	unmapped
70139900	其他	其他	701399	其他玻璃器： / 其他	70	HS第70章	868				none	0.0	unmapped
70140010	光学仪器用光学元件毛坯	光学仪器用光学元件毛坯	701400	未经光学加工的信号玻璃器及玻 璃制光学元件（税目70.15的货品 除外）	70	HS第70章	868				none	0.0	unmapped
70140090	其他	其他	701400	未经光学加工的信号玻璃器及玻 璃制光学元件（税目70.15的货品 除外）	70	HS第70章	869				none	0.0	unmapped
70151010	视力矫正眼镜用玻璃： 变色镜片坯件	视力矫正眼镜用玻璃： 变色镜片坯件	701510	视力矫正眼镜用玻璃	70	HS第70章	869				none	0.0	unmapped
70151090	其他	其他	701510	视力矫正眼镜用玻璃	70	HS第70章	869				none	0.0	unmapped
70159010	其他： 钟表玻璃	其他： 钟表玻璃	701590	其他	70	HS第70章	869				none	0.0	unmapped
70159020	平光变色镜片坯件	平光变色镜片坯件	701590	其他	70	HS第70章	869				none	0.0	unmapped
70159090	其他	其他	701590	其他	70	HS第70章	870				none	0.0	unmapped
70161000	供镶嵌或类似装饰用的玻璃马 赛克及其他小件玻璃品，不论是 否有衬背	供镶嵌或类似装饰用的玻璃马 赛克及其他小件玻璃品，不论是 否有衬背	701610	供镶嵌或类似装饰用的玻璃马	70	HS第70章	870				none	0.0	unmapped
70169010	其他： 花饰铅条窗玻璃及类似品	其他： 花饰铅条窗玻璃及类似品	701690	其他	70	HS第70章	870				none	0.0	unmapped
70169090	其他	其他	701690	其他	70	HS第70章	870				none	0.0	unmapped
70171000	熔融石英或其他熔融硅石制	熔融石英或其他熔融硅石制	701710	熔融石英或其他熔融硅石制	70	HS第70章	870				none	0.0	unmapped
70172000	温度在0摄氏度至300摄氏度时 线膨胀系数不超过5×10-6/开尔 文的其他玻璃制	温度在0摄氏度至300摄氏度时 线膨胀系数不超过5×10-6/开尔 文的其他玻璃制	701720	温度在0摄氏度至300摄氏度时	70	HS第70章	871				none	0.0	unmapped
70179000	其他	其他	701790	其他	70	HS第70章	871				none	0.0	unmapped
70181000	玻璃珠、仿珍珠、仿宝石或仿半 宝石及类似小件玻璃品	玻璃珠、仿珍珠、仿宝石或仿半 宝石及类似小件玻璃品	701810	玻璃珠、仿珍珠、仿宝石或仿半	70	HS第70章	871				none	0.0	unmapped
70182000	直径不超过1毫米的微型玻璃球 熔融球形二氧化硅微粉，直径小 于等于100微米	直径不超过1毫米的微型玻璃球 熔融球形二氧化硅微粉，直径小 于等于100微米	701820	直径不超过1毫米的微型玻璃球	70	HS第70章	871				none	0.0	unmapped
70189000	其他	其他	701890	其他	70	HS第70章	871				none	0.0	unmapped
70191100	长度不超过50毫米的短切原丝	长度不超过50毫米的短切原丝	701911	定长纤维纱条、无捻粗纱、纱线、 短切原丝及其毡： / 长度不超过50毫米的短切原丝	70	HS第70章	872				none	0.0	unmapped
70191200	无捻粗纱	无捻粗纱	701912	定长纤维纱条、无捻粗纱、纱线、 短切原丝及其毡： / 无捻粗纱	70	HS第70章	872				none	0.0	unmapped
70191300	其他纱线，定长纤维纱条	其他纱线，定长纤维纱条	701913	定长纤维纱条、无捻粗纱、纱线、 短切原丝及其毡： / 其他纱线，定长纤维纱条	70	HS第70章	872				none	0.0	unmapped
70191400	机械结合毡	机械结合毡	701914	定长纤维纱条、无捻粗纱、纱线、 短切原丝及其毡： / 机械结合毡	70	HS第70章	872				none	0.0	unmapped
70191500	化学粘合毡	化学粘合毡	701915	定长纤维纱条、无捻粗纱、纱线、 短切原丝及其毡： / 化学粘合毡	70	HS第70章	872				none	0.0	unmapped
70191900	其他	其他	701919	定长纤维纱条、无捻粗纱、纱线、 短切原丝及其毡： / 其他	70	HS第70章	872				none	0.0	unmapped
70196100	机械结合织物： 紧密粗纱机织物	机械结合织物： 紧密粗纱机织物	701961	机械结合织物： / 紧密粗纱机织物	70	HS第70章	872				none	0.0	unmapped
70196200	其他紧密粗纱织物	其他紧密粗纱织物	701962	机械结合织物： / 其他紧密粗纱织物	70	HS第70章	873				none	0.0	unmapped
70196310	纱线制紧密平纹机织物，未经涂 布或层压： 宽度不超过30厘米的	纱线制紧密平纹机织物，未经涂 布或层压： 宽度不超过30厘米的	701963	机械结合织物： / 纱线制紧密平纹机织物，未经涂 布或层压	70	HS第70章	873				none	0.0	unmapped
70196320	宽度超过30厘米的长丝平纹织 物，每平方米重量不超过110克， 单根纱线细度不超过22特克斯	宽度超过30厘米的长丝平纹织 物，每平方米重量不超过110克， 单根纱线细度不超过22特克斯	701963	机械结合织物： / 纱线制紧密平纹机织物，未经涂 布或层压	70	HS第70章	873				none	0.0	unmapped
70196390	其他	其他	701963	机械结合织物： / 纱线制紧密平纹机织物，未经涂 布或层压	70	HS第70章	873				none	0.0	unmapped
70196410	纱线制紧密平纹机织物，经涂布 或层压： 宽度不超过30厘米的	纱线制紧密平纹机织物，经涂布 或层压： 宽度不超过30厘米的	701964	机械结合织物： / 纱线制紧密平纹机织物，经涂布 或层压	70	HS第70章	873				none	0.0	unmapped
70196490	其他	其他	701964	机械结合织物： / 纱线制紧密平纹机织物，经涂布 或层压	70	HS第70章	873				none	0.0	unmapped
70196510	粗纱机织物	粗纱机织物	701965	机械结合织物： / 宽度不超过30厘米的网孔机织 物	70	HS第70章	874				none	0.0	unmapped
70196590	其他	其他	701965	机械结合织物： / 宽度不超过30厘米的网孔机织 物	70	HS第70章	874				none	0.0	unmapped
70196610	宽度超过30厘米的网孔机织物： 粗纱机织物	宽度超过30厘米的网孔机织物： 粗纱机织物	701966	机械结合织物： / 宽度超过30厘米的网孔机织物	70	HS第70章	874				none	0.0	unmapped
70196690	其他	其他	701966	机械结合织物： / 宽度超过30厘米的网孔机织物	70	HS第70章	874				none	0.0	unmapped
70196910	其他： 垫	其他： 垫	701969	机械结合织物： / 其他	70	HS第70章	874				none	0.0	unmapped
70196920	纤维网、板及类似无纺产品	纤维网、板及类似无纺产品	701969	机械结合织物： / 其他	70	HS第70章	874				none	0.0	unmapped
70196930	宽度不超过30厘米的机织物	宽度不超过30厘米的机织物	701969	机械结合织物： / 其他	70	HS第70章	875				none	0.0	unmapped
70196990	其他	其他	701969	机械结合织物： / 其他	70	HS第70章	875				none	0.0	unmapped
70197100	化学粘合的织物： 覆面毡（薄毡）	化学粘合的织物： 覆面毡（薄毡）	701971	化学粘合的织物： / 覆面毡（薄毡）	70	HS第70章	875				none	0.0	unmapped
70197210	其他紧密织物： 垫	其他紧密织物： 垫	701972	化学粘合的织物： / 其他紧密织物	70	HS第70章	875				none	0.0	unmapped
70197290	其他	其他	701972	化学粘合的织物： / 其他紧密织物	70	HS第70章	875				none	0.0	unmapped
70197310	垫	垫	701973	化学粘合的织物： / 其他网孔织物	70	HS第70章	876				none	0.0	unmapped
70197390	其他	其他	701973	化学粘合的织物： / 其他网孔织物	70	HS第70章	876				none	0.0	unmapped
70198010	玻璃棉及其制品： 垫	玻璃棉及其制品： 垫	701980	玻璃棉及其制品	70	HS第70章	876				none	0.0	unmapped
70198020	纤维网、板及类似无纺产品	纤维网、板及类似无纺产品	701980	玻璃棉及其制品	70	HS第70章	876				none	0.0	unmapped
70198090	其他	其他	701980	玻璃棉及其制品	70	HS第70章	876				none	0.0	unmapped
70199021	其他： ---玻璃纤维布浸胶制品： 每平方米重量小于450克	其他： ---玻璃纤维布浸胶制品： 每平方米重量小于450克	701990	其他	70	HS第70章	876				none	0.0	unmapped
70199029	玻璃纤维布浸胶制品： 其他	玻璃纤维布浸胶制品： 其他	701990	其他	70	HS第70章	877				none	0.0	unmapped
70199091	其他： 垫	其他： 垫	701990	其他	70	HS第70章	877				none	0.0	unmapped
70199092	其他： 其他纤维网、板及类似无纺织 产品	其他： 其他纤维网、板及类似无纺织 产品	701990	其他	70	HS第70章	877				none	0.0	unmapped
70199099	其他： 其他	其他： 其他	701990	其他	70	HS第70章	877				none	0.0	unmapped
70200011	工业用： 导电玻璃	工业用： 导电玻璃	702000	其他玻璃制品	70	HS第70章	877				none	0.0	unmapped
70200012	工业用： 绝缘子用玻璃伞盘	工业用： 绝缘子用玻璃伞盘	702000	其他玻璃制品	70	HS第70章	877				none	0.0	unmapped
70200013	工业用： 熔融石英或其他熔融硅石制 用于插入熔化和氧化炉内以制备 半导体晶片的石英反应管及夹持 器	工业用： 熔融石英或其他熔融硅石制 用于插入熔化和氧化炉内以制备 半导体晶片的石英反应管及夹持 器	702000	其他玻璃制品	70	HS第70章	878				none	0.0	unmapped
70200019	工业用： 其他 用于插入熔化和氧化炉内以制备 半导体晶片的石英反应管及夹持 器	工业用： 其他 用于插入熔化和氧化炉内以制备 半导体晶片的石英反应管及夹持 器	702000	其他玻璃制品	70	HS第70章	878				none	0.0	unmapped
70200091	其他： 保温瓶或其他保温容器用的 玻璃胆	其他： 保温瓶或其他保温容器用的 玻璃胆	702000	其他玻璃制品	70	HS第70章	878				none	0.0	unmapped
70200099	其他： 其他 石英玻璃，平整度小于等于1微米	其他： 其他 石英玻璃，平整度小于等于1微米	702000	其他玻璃制品	70	HS第70章	878				none	0.0	unmapped
71011011	天然珍珠： ---未分级： 黑珍珠	天然珍珠： ---未分级： 黑珍珠	710110	天然珍珠	71	HS第71章	880				none	0.0	unmapped
71011019	未分级： 其他	未分级： 其他	710110	天然珍珠	71	HS第71章	880				none	0.0	unmapped
71011091	未分级： 黑珍珠	未分级： 黑珍珠	710110	天然珍珠	71	HS第71章	881				none	0.0	unmapped
71011099	未分级： 其他	未分级： 其他	710110	天然珍珠	71	HS第71章	881				none	0.0	unmapped
71012110	养殖珍珠： --未加工： 未分级 养殖黑珍珠	养殖珍珠： --未加工： 未分级 养殖黑珍珠	710121	养殖珍珠： / 未加工	71	HS第71章	881				none	0.0	unmapped
71012190	其他 养殖黑珍珠	其他 养殖黑珍珠	710121	养殖珍珠： / 未加工	71	HS第71章	881				none	0.0	unmapped
71012210	已加工： 未分级 养殖黑珍珠	已加工： 未分级 养殖黑珍珠	710122	养殖珍珠： / 已加工	71	HS第71章	881				none	0.0	unmapped
71012290	其他 养殖黑珍珠	其他 养殖黑珍珠	710122	养殖珍珠： / 已加工	71	HS第71章	881				none	0.0	unmapped
71021000	未分级	未分级	710210	未分级	71	HS第71章	882				none	0.0	unmapped
71022100	工业用： 未加工或经简单锯开、劈开或粗 磨	工业用： 未加工或经简单锯开、劈开或粗 磨	710221	工业用： / 未加工或经简单锯开、劈开或粗	71	HS第71章	882				none	0.0	unmapped
71022900	其他	其他	710229	工业用： / 其他	71	HS第71章	882				none	0.0	unmapped
71023100	非工业用： 未加工或经简单锯开、劈开或粗 磨	非工业用： 未加工或经简单锯开、劈开或粗 磨	710231	非工业用： / 未加工或经简单锯开、劈开或粗	71	HS第71章	882				none	0.0	unmapped
71023900	其他	其他	710239	非工业用： / 其他	71	HS第71章	882				none	0.0	unmapped
71031000	未加工或经简单锯开或粗制成 形	未加工或经简单锯开或粗制成 形	710310	未加工或经简单锯开或粗制成	71	HS第71章	882				none	0.0	unmapped
71039100	经其他加工： 红宝石、蓝宝石、绿宝石	经其他加工： 红宝石、蓝宝石、绿宝石	710391	经其他加工： / 红宝石、蓝宝石、绿宝石	71	HS第71章	882				none	0.0	unmapped
71039910	其他： 翡翠	其他： 翡翠	710399	经其他加工： / 其他	71	HS第71章	882				none	0.0	unmapped
71039920	水晶	水晶	710399	经其他加工： / 其他	71	HS第71章	883				none	0.0	unmapped
71039930	碧玺	碧玺	710399	经其他加工： / 其他	71	HS第71章	883				none	0.0	unmapped
71039940	软玉	软玉	710399	经其他加工： / 其他	71	HS第71章	883				none	0.0	unmapped
71039990	其他	其他	710399	经其他加工： / 其他	71	HS第71章	883				none	0.0	unmapped
71041000	压电石英	压电石英	710410	压电石英	71	HS第71章	883				none	0.0	unmapped
71042100	其他，未加工或经简单锯开或粗 制成形： 钻石	其他，未加工或经简单锯开或粗 制成形： 钻石	710421	其他，未加工或经简单锯开或粗 制成形： / 钻石	71	HS第71章	883				none	0.0	unmapped
71042900	其他	其他	710429	其他，未加工或经简单锯开或粗 制成形： / 其他	71	HS第71章	883				none	0.0	unmapped
71049110	其他： --钻石： 工业用	其他： --钻石： 工业用	710491	其他： / 钻石	71	HS第71章	883				none	0.0	unmapped
71049190	其他	其他	710491	其他： / 钻石	71	HS第71章	884				none	0.0	unmapped
71049911	其他： ---工业用： 蓝宝石	其他： ---工业用： 蓝宝石	710499	其他	71	HS第71章	884				none	0.0	unmapped
71049919	工业用： 其他	工业用： 其他	710499	其他	71	HS第71章	884				none	0.0	unmapped
71049990	其他	其他	710499	其他	71	HS第71章	884				none	0.0	unmapped
71051010	钻石的： 天然的	钻石的： 天然的	710510	钻石的	71	HS第71章	884				none	0.0	unmapped
71051020	人工合成的	人工合成的	710510	钻石的	71	HS第71章	884				none	0.0	unmapped
71059000	其他 第二分章 贵金属及包贵金属	其他 第二分章 贵金属及包贵金属	710590	其他	71	HS第71章	884				none	0.0	unmapped
71061011	非片状粉末： 平均粒径小于3微米	非片状粉末： 平均粒径小于3微米	710610	银粉	71	HS第71章	885				none	0.0	unmapped
71061019	非片状粉末： 其他	非片状粉末： 其他	710610	银粉	71	HS第71章	885				none	0.0	unmapped
71061021	片状粉末： 平均粒径小于10微米	片状粉末： 平均粒径小于10微米	710610	银粉	71	HS第71章	885				none	0.0	unmapped
71061029	片状粉末： 其他	片状粉末： 其他	710610	银粉	71	HS第71章	885				none	0.0	unmapped
71069110	其他： --未锻造： 纯度达99.99％及以上	其他： --未锻造： 纯度达99.99％及以上	710691	其他： / 未锻造	71	HS第71章	885				none	0.0	unmapped
71069190	其他	其他	710691	其他： / 未锻造	71	HS第71章	885				none	0.0	unmapped
71069210	半制成： 纯度达99.99％及以上	半制成： 纯度达99.99％及以上	710692	其他： / 半制成	71	HS第71章	885				none	0.0	unmapped
71069290	其他	其他	710692	其他： / 半制成	71	HS第71章	885				none	0.0	unmapped
71070000	以贱金属为底的包银材料	以贱金属为底的包银材料	710700	以贱金属为底的包银材料	71	HS第71章	885				none	0.0	unmapped
71081100	非货币用： 金粉	非货币用： 金粉	710811	非货币用： / 金粉	71	HS第71章	886				none	0.0	unmapped
71081200	其他未锻造形状	其他未锻造形状	710812	非货币用： / 其他未锻造形状	71	HS第71章	886				none	0.0	unmapped
71081300	其他半制成形状	其他半制成形状	710813	非货币用： / 其他半制成形状	71	HS第71章	886				none	0.0	unmapped
71082000	货币用	货币用	710820	货币用	71	HS第71章	886				none	0.0	unmapped
71090000	以贱金属或银为底的包金材料， 加工程度未超过半制成	以贱金属或银为底的包金材料， 加工程度未超过半制成	710900	以贱金属或银为底的包金材料， 加工程度未超过半制成	71	HS第71章	886				none	0.0	unmapped
71101100	铂： 未锻造或粉末状	铂： 未锻造或粉末状	711011	铂： / 未锻造或粉末状	71	HS第71章	886				none	0.0	unmapped
71101910	其他： 板、片	其他： 板、片	711019	铂： / 其他	71	HS第71章	886				none	0.0	unmapped
71101990	其他	其他	711019	铂： / 其他	71	HS第71章	886				none	0.0	unmapped
71102100	未锻造或粉末状	未锻造或粉末状	711021	铂： / 未锻造或粉末状	71	HS第71章	887				none	0.0	unmapped
71102910	其他： 板、片	其他： 板、片	711029	铂： / 其他	71	HS第71章	887				none	0.0	unmapped
71102990	其他	其他	711029	铂： / 其他	71	HS第71章	887				none	0.0	unmapped
71103100	铑： 未锻造或粉末状	铑： 未锻造或粉末状	711031	铑： / 未锻造或粉末状	71	HS第71章	887				none	0.0	unmapped
71103910	其他： 板、片	其他： 板、片	711039	铑： / 其他	71	HS第71章	887				none	0.0	unmapped
71103990	其他	其他	711039	铑： / 其他	71	HS第71章	887				none	0.0	unmapped
71104100	铱、锇及钌： 未锻造或粉末状	铱、锇及钌： 未锻造或粉末状	711041	铱、锇及钌： / 未锻造或粉末状	71	HS第71章	887				none	0.0	unmapped
71104910	其他： 板、片	其他： 板、片	711049	铱、锇及钌： / 其他	71	HS第71章	887				none	0.0	unmapped
71104990	其他	其他	711049	铱、锇及钌： / 其他	71	HS第71章	887				none	0.0	unmapped
71110000	以贱金属、银或金为底的包铂材 料，加工程度未超过半制成	以贱金属、银或金为底的包铂材 料，加工程度未超过半制成	711100	以贱金属、银或金为底的包铂材 料，加工程度未超过半制成	71	HS第71章	888				none	0.0	unmapped
71123010	含有贵金属或贵金属化合物的 灰： 含有银或银化合物的	含有贵金属或贵金属化合物的 灰： 含有银或银化合物的	711230	含有贵金属或贵金属化合物的 灰	71	HS第71章	888				none	0.0	unmapped
71123090	其他	其他	711230	含有贵金属或贵金属化合物的 灰	71	HS第71章	888				none	0.0	unmapped
71129110	其他： --金及包金的废碎料，但含有其他 贵金属的地脚料除外： 金及包金的废碎料	其他： --金及包金的废碎料，但含有其他 贵金属的地脚料除外： 金及包金的废碎料	711291	其他： / 金及包金的废碎料，但含有其他 贵金属的地脚料除外	71	HS第71章	888				none	0.0	unmapped
71129120	含有金或金化合物的废碎料	含有金或金化合物的废碎料	711291	其他： / 金及包金的废碎料，但含有其他 贵金属的地脚料除外	71	HS第71章	888				none	0.0	unmapped
71129210	铂及包铂的废碎料，但含有其他 贵金属的地脚料除外： 铂及包铂的废碎料	铂及包铂的废碎料，但含有其他 贵金属的地脚料除外： 铂及包铂的废碎料	711292	其他： / 铂及包铂的废碎料，但含有其他 贵金属的地脚料除外	71	HS第71章	888				none	0.0	unmapped
71129220	含有铂或铂化合物的废碎料 铂含量在3%以上的其他含铂或 铂化合物的废碎料	含有铂或铂化合物的废碎料 铂含量在3%以上的其他含铂或 铂化合物的废碎料	711292	其他： / 铂及包铂的废碎料，但含有其他 贵金属的地脚料除外	71	HS第71章	888				none	0.0	unmapped
71129910	含有银或银化合物的废碎料	含有银或银化合物的废碎料	711299	其他	71	HS第71章	889				none	0.0	unmapped
71129920	含有其他贵金属或贵金属化合 物的废碎料	含有其他贵金属或贵金属化合 物的废碎料	711299	其他	71	HS第71章	889				none	0.0	unmapped
71129990	其他 第三分章 珠宝首饰、金银器及 其他制品	其他 第三分章 珠宝首饰、金银器及 其他制品	711299	其他	71	HS第71章	889				none	0.0	unmapped
71131110	贵金属制，不论是否包、镀贵金 属： --银制，不论是否包、镀其他贵金 属： 镶嵌钻石的	贵金属制，不论是否包、镀贵金 属： --银制，不论是否包、镀其他贵金 属： 镶嵌钻石的	711311	贵金属制，不论是否包、镀贵金 属： / 银制，不论是否包、镀其他贵金 属	71	HS第71章	889				none	0.0	unmapped
71131190	其他	其他	711311	贵金属制，不论是否包、镀贵金 属： / 银制，不论是否包、镀其他贵金 属	71	HS第71章	889				none	0.0	unmapped
71131911	黄金制： 镶嵌钻石的	黄金制： 镶嵌钻石的	711319	贵金属制，不论是否包、镀贵金 属： / 其他贵金属制，不论是否包、镀 贵金属	71	HS第71章	890				none	0.0	unmapped
71131919	黄金制： 其他	黄金制： 其他	711319	贵金属制，不论是否包、镀贵金 属： / 其他贵金属制，不论是否包、镀 贵金属	71	HS第71章	890				none	0.0	unmapped
71131921	铂制： 镶嵌钻石的	铂制： 镶嵌钻石的	711319	贵金属制，不论是否包、镀贵金 属： / 其他贵金属制，不论是否包、镀 贵金属	71	HS第71章	890				none	0.0	unmapped
71131929	铂制： 其他	铂制： 其他	711319	贵金属制，不论是否包、镀贵金 属： / 其他贵金属制，不论是否包、镀 贵金属	71	HS第71章	890				none	0.0	unmapped
71132010	以贱金属为底的包贵金属制： 镶嵌钻石的	以贱金属为底的包贵金属制： 镶嵌钻石的	711320	以贱金属为底的包贵金属制	71	HS第71章	890				none	0.0	unmapped
71132090	其他	其他	711320	以贱金属为底的包贵金属制	71	HS第71章	891				none	0.0	unmapped
71141100	贵金属制，不论是否包、镀贵金 属： 银制，不论是否包、镀其他贵金 属	贵金属制，不论是否包、镀贵金 属： 银制，不论是否包、镀其他贵金 属	711411	贵金属制，不论是否包、镀贵金 属： / 银制，不论是否包、镀其他贵金	71	HS第71章	891				none	0.0	unmapped
71141900	其他贵金属制，不论是否包、镀 贵金属	其他贵金属制，不论是否包、镀 贵金属	711419	贵金属制，不论是否包、镀贵金 属： / 其他贵金属制，不论是否包、镀	71	HS第71章	891				none	0.0	unmapped
71142000	以贱金属为底的包贵金属制	以贱金属为底的包贵金属制	711420	以贱金属为底的包贵金属制	71	HS第71章	891				none	0.0	unmapped
71151000	金属丝布或格栅形状的铂催化 剂	金属丝布或格栅形状的铂催化 剂	711510	金属丝布或格栅形状的铂催化	71	HS第71章	891				none	0.0	unmapped
71159010	其他： 工业或实验室用	其他： 工业或实验室用	711590	其他	71	HS第71章	891				none	0.0	unmapped
71159090	其他	其他	711590	其他	71	HS第71章	891				none	0.0	unmapped
71161000	天然或养殖珍珠制	天然或养殖珍珠制	711610	天然或养殖珍珠制	71	HS第71章	892				none	0.0	unmapped
71162000	宝石或半宝石（天然、合成或再 造）制	宝石或半宝石（天然、合成或再 造）制	711620	宝石或半宝石（天然、合成或再	71	HS第71章	892				none	0.0	unmapped
71171100	贱金属制，不论是否镀贵金属： 袖扣、饰扣	贱金属制，不论是否镀贵金属： 袖扣、饰扣	711711	贱金属制，不论是否镀贵金属： / 袖扣、饰扣	71	HS第71章	892				none	0.0	unmapped
71171900	其他	其他	711719	贱金属制，不论是否镀贵金属： / 其他	71	HS第71章	892				none	0.0	unmapped
71179000	其他	其他	711790	其他	71	HS第71章	892				none	0.0	unmapped
71181000	非法定货币的硬币（金币除外）	非法定货币的硬币（金币除外）	711810	非法定货币的硬币（金币除外）	71	HS第71章	892				none	0.0	unmapped
71189000	其他	其他	711890	其他	71	HS第71章	893				none	0.0	unmapped
72011000	非合金生铁，按重量计含磷量在 0.5％及以下	非合金生铁，按重量计含磷量在 0.5％及以下	720110	非合金生铁，按重量计含磷量在	72	HS第72章	898				none	0.0	unmapped
72012000	非合金生铁，按重量计含磷量在 0.5％以上	非合金生铁，按重量计含磷量在 0.5％以上	720120	非合金生铁，按重量计含磷量在	72	HS第72章	898				none	0.0	unmapped
72015000	合金生铁；镜铁	合金生铁；镜铁	720150	合金生铁；镜铁	72	HS第72章	898				none	0.0	unmapped
72021100	锰铁： 按重量计含碳量在2％以上	锰铁： 按重量计含碳量在2％以上	720211	锰铁： / 按重量计含碳量在2％以上	72	HS第72章	898				none	0.0	unmapped
72021900	其他	其他	720219	锰铁： / 其他	72	HS第72章	898				none	0.0	unmapped
72022100	硅铁： 按重量计含硅量55％以上	硅铁： 按重量计含硅量55％以上	720221	硅铁： / 按重量计含硅量55％以上	72	HS第72章	898				none	0.0	unmapped
72022900	其他	其他	720229	硅铁： / 其他	72	HS第72章	899				none	0.0	unmapped
72023000	硅锰铁	硅锰铁	720230	硅锰铁	72	HS第72章	899				none	0.0	unmapped
72024100	铬铁： 按重量计含碳量在4％以上	铬铁： 按重量计含碳量在4％以上	720241	铬铁： / 按重量计含碳量在4％以上	72	HS第72章	899				none	0.0	unmapped
72024900	其他	其他	720249	铬铁： / 其他	72	HS第72章	899				none	0.0	unmapped
72025000	硅铬铁	硅铬铁	720250	硅铬铁	72	HS第72章	899				none	0.0	unmapped
72026000	镍铁	镍铁	720260	镍铁	72	HS第72章	899				none	0.0	unmapped
72027000	钼铁	钼铁	720270	钼铁	72	HS第72章	899				none	0.0	unmapped
72028010	钨铁及硅钨铁： 钨铁	钨铁及硅钨铁： 钨铁	720280	钨铁及硅钨铁	72	HS第72章	899				none	0.0	unmapped
72028020	硅钨铁	硅钨铁	720280	钨铁及硅钨铁	72	HS第72章	899				none	0.0	unmapped
72029100	其他： 钛铁及硅钛铁	其他： 钛铁及硅钛铁	720291	其他： / 钛铁及硅钛铁	72	HS第72章	899				none	0.0	unmapped
72029210	按重量计含钒量在75％及以上	按重量计含钒量在75％及以上	720292	其他： / 钒铁	72	HS第72章	900				none	0.0	unmapped
72029290	其他	其他	720292	其他： / 钒铁	72	HS第72章	900				none	0.0	unmapped
72029300	铌铁	铌铁	720293	其他： / 铌铁	72	HS第72章	900				none	0.0	unmapped
72029911	其他： ---钕铁硼合金： 速凝永磁片	其他： ---钕铁硼合金： 速凝永磁片	720299	其他	72	HS第72章	900				none	0.0	unmapped
72029912	钕铁硼合金： 磁粉	钕铁硼合金： 磁粉	720299	其他	72	HS第72章	900				none	0.0	unmapped
72029919	钕铁硼合金： 其他	钕铁硼合金： 其他	720299	其他	72	HS第72章	900				none	0.0	unmapped
72029991	其他： 按重量计稀土元素总含量在 10％以上的	其他： 按重量计稀土元素总含量在 10％以上的	720299	其他	72	HS第72章	900				none	0.0	unmapped
72029999	其他： 其他	其他： 其他	720299	其他	72	HS第72章	900				none	0.0	unmapped
72031000	直接从铁矿还原所得的铁产品	直接从铁矿还原所得的铁产品	720310	直接从铁矿还原所得的铁产品	72	HS第72章	900				none	0.0	unmapped
72039000	其他	其他	720390	其他	72	HS第72章	901				none	0.0	unmapped
72041000	铸铁废碎料 再生钢铁原料	铸铁废碎料 再生钢铁原料	720410	铸铁废碎料	72	HS第72章	901				none	0.0	unmapped
72042100	合金钢废碎料： 不锈钢废碎料	合金钢废碎料： 不锈钢废碎料	720421	合金钢废碎料： / 不锈钢废碎料	72	HS第72章	901				none	0.0	unmapped
72042900	其他	其他	720429	合金钢废碎料： / 其他	72	HS第72章	901				none	0.0	unmapped
72043000	镀锡钢铁废碎料	镀锡钢铁废碎料	720430	镀锡钢铁废碎料	72	HS第72章	901				none	0.0	unmapped
72044100	其他废碎料： 车、刨、铣、磨、锯、锉、剪、 冲加工过程中产生的废料，不论 是否成捆 再生钢铁原料	其他废碎料： 车、刨、铣、磨、锯、锉、剪、 冲加工过程中产生的废料，不论 是否成捆 再生钢铁原料	720441	其他废碎料： / 车、刨、铣、磨、锯、锉、剪、	72	HS第72章	901				none	0.0	unmapped
72044900	其他	其他	720449	其他废碎料： / 其他	72	HS第72章	901				none	0.0	unmapped
72045000	供再熔的碎料钢铁锭	供再熔的碎料钢铁锭	720450	供再熔的碎料钢铁锭	72	HS第72章	901				none	0.0	unmapped
72051000	颗粒	颗粒	720510	颗粒	72	HS第72章	901				none	0.0	unmapped
72052100	合金钢的	合金钢的	720521	粉末： / 合金钢的	72	HS第72章	902				none	0.0	unmapped
72052910	其他： 铁粉，平均粒径小于10微米	其他： 铁粉，平均粒径小于10微米	720529	粉末： / 其他	72	HS第72章	902				none	0.0	unmapped
72052990	其他 第二分章 铁及非合金钢	其他 第二分章 铁及非合金钢	720529	粉末： / 其他	72	HS第72章	902				none	0.0	unmapped
72061000	锭状	锭状	720610	锭状	72	HS第72章	902				none	0.0	unmapped
72069000	其他	其他	720690	其他	72	HS第72章	902				none	0.0	unmapped
72071100	按重量计含碳量在0.25％以下： 矩形（包括正方形）截面，宽度 小于厚度的两倍	按重量计含碳量在0.25％以下： 矩形（包括正方形）截面，宽度 小于厚度的两倍	720711	按重量计含碳量在0.25％以下： / 矩形（包括正方形）截面，宽度	72	HS第72章	902				none	0.0	unmapped
72071200	其他矩形（正方形除外）截面的	其他矩形（正方形除外）截面的	720712	按重量计含碳量在0.25％以下： / 其他矩形（正方形除外）截面的	72	HS第72章	902				none	0.0	unmapped
72071900	其他	其他	720719	按重量计含碳量在0.25％以下： / 其他	72	HS第72章	902				none	0.0	unmapped
72072000	按重量计含碳量在0.25%及以上	按重量计含碳量在0.25%及以上	720720	按重量计含碳量在0.25%及以上	72	HS第72章	903				none	0.0	unmapped
72081000	除热轧外未经进一步加工的卷 材，已轧压花纹	除热轧外未经进一步加工的卷 材，已轧压花纹	720810	除热轧外未经进一步加工的卷	72	HS第72章	903				none	0.0	unmapped
72082500	其他经酸洗的卷材，除热轧外未 经进一步加工： 厚度在4.75毫米及以上	其他经酸洗的卷材，除热轧外未 经进一步加工： 厚度在4.75毫米及以上	720825	其他经酸洗的卷材，除热轧外未 经进一步加工： / 厚度在4.75毫米及以上	72	HS第72章	903				none	0.0	unmapped
72082610	厚度在3毫米及以上，但小于 4.75毫米： 屈服强度大于355牛顿/平方毫 米	厚度在3毫米及以上，但小于 4.75毫米： 屈服强度大于355牛顿/平方毫 米	720826	其他经酸洗的卷材，除热轧外未 经进一步加工： / 厚度在3毫米及以上，但小于 4.75毫米	72	HS第72章	903				none	0.0	unmapped
72082690	其他	其他	720826	其他经酸洗的卷材，除热轧外未 经进一步加工： / 厚度在3毫米及以上，但小于 4.75毫米	72	HS第72章	903				none	0.0	unmapped
72082710	厚度小于3毫米： 厚度小于1.5毫米	厚度小于3毫米： 厚度小于1.5毫米	720827	其他经酸洗的卷材，除热轧外未 经进一步加工： / 厚度小于3毫米	72	HS第72章	903				none	0.0	unmapped
72082790	其他	其他	720827	其他经酸洗的卷材，除热轧外未 经进一步加工： / 厚度小于3毫米	72	HS第72章	903				none	0.0	unmapped
72083600	厚度超过10毫米	厚度超过10毫米	720836	其他卷材，除热轧外未经进一步 加工： / 厚度超过10毫米	72	HS第72章	904				none	0.0	unmapped
72083700	厚度在4.75毫米及以上，但不超 过10毫米	厚度在4.75毫米及以上，但不超 过10毫米	720837	其他卷材，除热轧外未经进一步 加工： / 厚度在4.75毫米及以上，但不超	72	HS第72章	904				none	0.0	unmapped
72083810	厚度在3毫米及以上，但小于 4.75毫米： 屈服强度大于355牛顿/平方毫 米	厚度在3毫米及以上，但小于 4.75毫米： 屈服强度大于355牛顿/平方毫 米	720838	其他卷材，除热轧外未经进一步 加工： / 厚度在3毫米及以上，但小于 4.75毫米	72	HS第72章	904				none	0.0	unmapped
72083890	其他	其他	720838	其他卷材，除热轧外未经进一步 加工： / 厚度在3毫米及以上，但小于 4.75毫米	72	HS第72章	904				none	0.0	unmapped
72083910	厚度小于3毫米： 厚度小于1.5毫米	厚度小于3毫米： 厚度小于1.5毫米	720839	其他卷材，除热轧外未经进一步 加工： / 厚度小于3毫米	72	HS第72章	904				none	0.0	unmapped
72083990	其他	其他	720839	其他卷材，除热轧外未经进一步 加工： / 厚度小于3毫米	72	HS第72章	904				none	0.0	unmapped
72084000	已轧压花纹的非卷材，除热轧外 未经进一步加工	已轧压花纹的非卷材，除热轧外 未经进一步加工	720840	已轧压花纹的非卷材，除热轧外	72	HS第72章	904				none	0.0	unmapped
72085110	厚度超过50毫米	厚度超过50毫米	720851	其他非卷材，除热轧外未经进一 步加工： / 厚度超过10毫米	72	HS第72章	905				none	0.0	unmapped
72085121	厚度在20毫米以上，但不超过 50毫米： 屈服强度不小于500牛顿/平方 毫米	厚度在20毫米以上，但不超过 50毫米： 屈服强度不小于500牛顿/平方 毫米	720851	其他非卷材，除热轧外未经进一 步加工： / 厚度超过10毫米	72	HS第72章	905				none	0.0	unmapped
72085129	厚度在20毫米以上，但不超过 50毫米： 其他	厚度在20毫米以上，但不超过 50毫米： 其他	720851	其他非卷材，除热轧外未经进一 步加工： / 厚度超过10毫米	72	HS第72章	905				none	0.0	unmapped
72085191	其他： 屈服强度不小于500牛顿/平方 毫米	其他： 屈服强度不小于500牛顿/平方 毫米	720851	其他非卷材，除热轧外未经进一 步加工： / 厚度超过10毫米	72	HS第72章	905				none	0.0	unmapped
72085199	其他： 其他	其他： 其他	720851	其他非卷材，除热轧外未经进一 步加工： / 厚度超过10毫米	72	HS第72章	905				none	0.0	unmapped
72085200	厚度在4.75毫米及以上，但不超 过10毫米	厚度在4.75毫米及以上，但不超 过10毫米	720852	其他非卷材，除热轧外未经进一 步加工： / 厚度在4.75毫米及以上，但不超	72	HS第72章	905				none	0.0	unmapped
72085310	屈服强度大于355牛顿/平方毫 米	屈服强度大于355牛顿/平方毫 米	720853	其他非卷材，除热轧外未经进一 步加工： / 厚度在3毫米及以上，但小于 4.75毫米	72	HS第72章	906				none	0.0	unmapped
72085390	其他	其他	720853	其他非卷材，除热轧外未经进一 步加工： / 厚度在3毫米及以上，但小于 4.75毫米	72	HS第72章	906				none	0.0	unmapped
72085410	厚度小于3毫米： 厚度小于1.5毫米	厚度小于3毫米： 厚度小于1.5毫米	720854	其他非卷材，除热轧外未经进一 步加工： / 厚度小于3毫米	72	HS第72章	906				none	0.0	unmapped
72085490	其他	其他	720854	其他非卷材，除热轧外未经进一 步加工： / 厚度小于3毫米	72	HS第72章	906				none	0.0	unmapped
72089000	其他	其他	720890	其他	72	HS第72章	906				none	0.0	unmapped
72091510	卷材，除冷轧外未经进一步加 工： --厚度在3毫米及以上： 屈服强度大于355牛顿/平方毫 米	卷材，除冷轧外未经进一步加 工： --厚度在3毫米及以上： 屈服强度大于355牛顿/平方毫 米	720915	卷材，除冷轧外未经进一步加 工： / 厚度在3毫米及以上	72	HS第72章	906				none	0.0	unmapped
72091590	其他	其他	720915	卷材，除冷轧外未经进一步加 工： / 厚度在3毫米及以上	72	HS第72章	906				none	0.0	unmapped
72091610	屈服强度大于275牛顿/平方毫 米	屈服强度大于275牛顿/平方毫 米	720916	卷材，除冷轧外未经进一步加 工： / 厚度超过1毫米，但小于3毫米	72	HS第72章	907				none	0.0	unmapped
72091691	其他： 断后伸长率不小于40%	其他： 断后伸长率不小于40%	720916	卷材，除冷轧外未经进一步加 工： / 厚度超过1毫米，但小于3毫米	72	HS第72章	907				none	0.0	unmapped
72091699	其他： 其他	其他： 其他	720916	卷材，除冷轧外未经进一步加 工： / 厚度超过1毫米，但小于3毫米	72	HS第72章	907				none	0.0	unmapped
72091710	厚度在0.5毫米及以上，但不超 过1毫米： 屈服强度大于275牛顿/平方毫 米	厚度在0.5毫米及以上，但不超 过1毫米： 屈服强度大于275牛顿/平方毫 米	720917	卷材，除冷轧外未经进一步加 工： / 厚度在0.5毫米及以上，但不超 过1毫米	72	HS第72章	907				none	0.0	unmapped
72091791	其他： 断后伸长率不小于38%	其他： 断后伸长率不小于38%	720917	卷材，除冷轧外未经进一步加 工： / 厚度在0.5毫米及以上，但不超 过1毫米	72	HS第72章	907				none	0.0	unmapped
72091799	其他： 其他	其他： 其他	720917	卷材，除冷轧外未经进一步加 工： / 厚度在0.5毫米及以上，但不超 过1毫米	72	HS第72章	907				none	0.0	unmapped
72091810	厚度小于0.5毫米： 厚度小于0.3毫米	厚度小于0.5毫米： 厚度小于0.3毫米	720918	卷材，除冷轧外未经进一步加 工： / 厚度小于0.5毫米	72	HS第72章	907				none	0.0	unmapped
72091890	其他	其他	720918	卷材，除冷轧外未经进一步加 工： / 厚度小于0.5毫米	72	HS第72章	907				none	0.0	unmapped
72092500	厚度在3毫米及以上	厚度在3毫米及以上	720925	非卷材，除冷轧外未经进一步加 工： / 厚度在3毫米及以上	72	HS第72章	908				none	0.0	unmapped
72092600	厚度超过1毫米，但小于3毫米	厚度超过1毫米，但小于3毫米	720926	非卷材，除冷轧外未经进一步加 工： / 厚度超过1毫米，但小于3毫米	72	HS第72章	908				none	0.0	unmapped
72092700	厚度在0.5毫米及以上，但不超 过1毫米	厚度在0.5毫米及以上，但不超 过1毫米	720927	非卷材，除冷轧外未经进一步加 工： / 厚度在0.5毫米及以上，但不超	72	HS第72章	908				none	0.0	unmapped
72092800	厚度小于0.5毫米	厚度小于0.5毫米	720928	非卷材，除冷轧外未经进一步加 工： / 厚度小于0.5毫米	72	HS第72章	908				none	0.0	unmapped
72099000	其他	其他	720990	其他	72	HS第72章	908				none	0.0	unmapped
72101100	镀或涂锡的： 厚度在0.5毫米及以上	镀或涂锡的： 厚度在0.5毫米及以上	721011	镀或涂锡的： / 厚度在0.5毫米及以上	72	HS第72章	908				none	0.0	unmapped
72101200	厚度小于0.5毫米	厚度小于0.5毫米	721012	镀或涂锡的： / 厚度小于0.5毫米	72	HS第72章	908				none	0.0	unmapped
72102000	镀或涂铅的，包括镀铅锡钢板	镀或涂铅的，包括镀铅锡钢板	721020	镀或涂铅的，包括镀铅锡钢板	72	HS第72章	908	金属材料	钢板/板材	金属材料/钢板/板材	metal-steel-plate	0.92	candidate
72103000	电镀或涂锌的	电镀或涂锌的	721030	电镀或涂锌的	72	HS第72章	909				none	0.0	unmapped
72104100	用其他方法镀或涂锌的： 瓦楞形	用其他方法镀或涂锌的： 瓦楞形	721041	用其他方法镀或涂锌的： / 瓦楞形	72	HS第72章	909				none	0.0	unmapped
72104910	其他： 抗拉强度不小于440牛顿/平方 毫米	其他： 抗拉强度不小于440牛顿/平方 毫米	721049	用其他方法镀或涂锌的： / 其他	72	HS第72章	909				none	0.0	unmapped
72104990	其他	其他	721049	用其他方法镀或涂锌的： / 其他	72	HS第72章	909				none	0.0	unmapped
72105000	镀或涂氧化铬或铬及氧化铬的	镀或涂氧化铬或铬及氧化铬的	721050	镀或涂氧化铬或铬及氧化铬的	72	HS第72章	909				none	0.0	unmapped
72106100	镀或涂铝的： 镀或涂铝锌合金的	镀或涂铝的： 镀或涂铝锌合金的	721061	镀或涂铝的： / 镀或涂铝锌合金的	72	HS第72章	909				none	0.0	unmapped
72106900	其他	其他	721069	镀或涂铝的： / 其他	72	HS第72章	909				none	0.0	unmapped
72107010	厚度小于1.5毫米	厚度小于1.5毫米	721070	涂漆或涂塑的	72	HS第72章	910				none	0.0	unmapped
72107090	其他	其他	721070	涂漆或涂塑的	72	HS第72章	910				none	0.0	unmapped
72109000	其他	其他	721090	其他	72	HS第72章	910				none	0.0	unmapped
72111300	除热轧外未经进一步加工： 经四面轧制或在闭合匣内轧制 的非卷材，宽度超过150毫米，厚 度不小于4毫米，未轧压花纹	除热轧外未经进一步加工： 经四面轧制或在闭合匣内轧制 的非卷材，宽度超过150毫米，厚 度不小于4毫米，未轧压花纹	721113	除热轧外未经进一步加工： / 经四面轧制或在闭合匣内轧制	72	HS第72章	910				none	0.0	unmapped
72111400	其他，厚度在4.75毫米及以上	其他，厚度在4.75毫米及以上	721114	除热轧外未经进一步加工： / 其他，厚度在4.75毫米及以上	72	HS第72章	910				none	0.0	unmapped
72111900	其他	其他	721119	除热轧外未经进一步加工： / 其他	72	HS第72章	910				none	0.0	unmapped
72112300	除冷轧外未经进一步加工： 按重量计含碳量低于0.25％	除冷轧外未经进一步加工： 按重量计含碳量低于0.25％	721123	除冷轧外未经进一步加工： / 按重量计含碳量低于0.25％	72	HS第72章	910				none	0.0	unmapped
72112900	其他	其他	721129	除冷轧外未经进一步加工： / 其他	72	HS第72章	911				none	0.0	unmapped
72119000	其他	其他	721190	其他	72	HS第72章	911				none	0.0	unmapped
72121000	镀或涂锡的	镀或涂锡的	721210	镀或涂锡的	72	HS第72章	911				none	0.0	unmapped
72122000	电镀或涂锌的	电镀或涂锌的	721220	电镀或涂锌的	72	HS第72章	911				none	0.0	unmapped
72123000	用其他方法镀或涂锌的	用其他方法镀或涂锌的	721230	用其他方法镀或涂锌的	72	HS第72章	911				none	0.0	unmapped
72124000	涂漆或涂塑的	涂漆或涂塑的	721240	涂漆或涂塑的	72	HS第72章	911				none	0.0	unmapped
72125000	镀或涂其他材料的	镀或涂其他材料的	721250	镀或涂其他材料的	72	HS第72章	912				none	0.0	unmapped
72126000	经包覆的	经包覆的	721260	经包覆的	72	HS第72章	912				none	0.0	unmapped
72131000	带有轧制过程中产生的凹痕、凸 缘、槽沟及其他变形的	带有轧制过程中产生的凹痕、凸 缘、槽沟及其他变形的	721310	带有轧制过程中产生的凹痕、凸	72	HS第72章	912				none	0.0	unmapped
72132000	其他，易切削钢制	其他，易切削钢制	721320	其他，易切削钢制	72	HS第72章	912				none	0.0	unmapped
72139100	其他： 直径小于14毫米圆形截面的	其他： 直径小于14毫米圆形截面的	721391	其他： / 直径小于14毫米圆形截面的	72	HS第72章	912				none	0.0	unmapped
72139900	其他	其他	721399	其他： / 其他	72	HS第72章	912				none	0.0	unmapped
72141000	锻造的	锻造的	721410	锻造的	72	HS第72章	913				none	0.0	unmapped
72142000	带有轧制过程中产生的凹痕、凸 缘、槽沟或其他变形以及轧制后 扭曲的	带有轧制过程中产生的凹痕、凸 缘、槽沟或其他变形以及轧制后 扭曲的	721420	带有轧制过程中产生的凹痕、凸	72	HS第72章	913				none	0.0	unmapped
72143000	其他，易切削钢制	其他，易切削钢制	721430	其他，易切削钢制	72	HS第72章	913				none	0.0	unmapped
72149100	其他： 矩形（正方形除外）截面的	其他： 矩形（正方形除外）截面的	721491	其他： / 矩形（正方形除外）截面的	72	HS第72章	913				none	0.0	unmapped
72149900	其他	其他	721499	其他： / 其他	72	HS第72章	913				none	0.0	unmapped
72151000	易切削钢制，除冷成型或冷加工 外未经进一步加工	易切削钢制，除冷成型或冷加工 外未经进一步加工	721510	易切削钢制，除冷成型或冷加工	72	HS第72章	913				none	0.0	unmapped
72155000	其他，除冷成型或冷加工外未经 进一步加工	其他，除冷成型或冷加工外未经 进一步加工	721550	其他，除冷成型或冷加工外未经	72	HS第72章	913				none	0.0	unmapped
72159000	其他	其他	721590	其他	72	HS第72章	913				none	0.0	unmapped
72161010	H型钢	H型钢	721610	槽钢、工字钢及H型钢，除热轧、 热拉拔或热挤压外未经进一步加 工，截面高度低于80毫米	72	HS第72章	914	金属材料	型钢	金属材料/型钢	metal-section	0.92	candidate
72161020	工字钢	工字钢	721610	槽钢、工字钢及H型钢，除热轧、 热拉拔或热挤压外未经进一步加 工，截面高度低于80毫米	72	HS第72章	914				none	0.0	unmapped
72161090	其他	其他	721610	槽钢、工字钢及H型钢，除热轧、 热拉拔或热挤压外未经进一步加 工，截面高度低于80毫米	72	HS第72章	914				none	0.0	unmapped
72162100	角钢及丁字钢，除热轧、热拉拔 或热挤压外未经进一步加工，截 面高度低于80毫米： 角钢	角钢及丁字钢，除热轧、热拉拔 或热挤压外未经进一步加工，截 面高度低于80毫米： 角钢	721621	角钢及丁字钢，除热轧、热拉拔 或热挤压外未经进一步加工，截 面高度低于80毫米： / 角钢	72	HS第72章	914				none	0.0	unmapped
72162200	丁字钢	丁字钢	721622	角钢及丁字钢，除热轧、热拉拔 或热挤压外未经进一步加工，截 面高度低于80毫米： / 丁字钢	72	HS第72章	914				none	0.0	unmapped
72163100	槽钢、工字钢及H型钢，除热轧、 热拉拔或热挤压外未经进一步加 工，截面高度在80毫米及以上： 槽钢	槽钢、工字钢及H型钢，除热轧、 热拉拔或热挤压外未经进一步加 工，截面高度在80毫米及以上： 槽钢	721631	槽钢、工字钢及H型钢，除热轧、 热拉拔或热挤压外未经进一步加 工，截面高度在80毫米及以上： / 槽钢	72	HS第72章	914	金属材料	型钢	金属材料/型钢	metal-section	0.92	candidate
72163210	工字钢： 截面高度在200毫米以上	工字钢： 截面高度在200毫米以上	721632	槽钢、工字钢及H型钢，除热轧、 热拉拔或热挤压外未经进一步加 工，截面高度在80毫米及以上： / 工字钢	72	HS第72章	914				none	0.0	unmapped
72163290	其他	其他	721632	槽钢、工字钢及H型钢，除热轧、 热拉拔或热挤压外未经进一步加 工，截面高度在80毫米及以上： / 工字钢	72	HS第72章	914				none	0.0	unmapped
72163311	截面高度在200毫米以上： 截面高度在800毫米以上	截面高度在200毫米以上： 截面高度在800毫米以上	721633	槽钢、工字钢及H型钢，除热轧、 热拉拔或热挤压外未经进一步加 工，截面高度在80毫米及以上： / H型钢	72	HS第72章	915				none	0.0	unmapped
72163319	截面高度在200毫米以上： 其他	截面高度在200毫米以上： 其他	721633	槽钢、工字钢及H型钢，除热轧、 热拉拔或热挤压外未经进一步加 工，截面高度在80毫米及以上： / H型钢	72	HS第72章	915				none	0.0	unmapped
72163390	其他	其他	721633	槽钢、工字钢及H型钢，除热轧、 热拉拔或热挤压外未经进一步加 工，截面高度在80毫米及以上： / H型钢	72	HS第72章	915				none	0.0	unmapped
72164010	角钢及丁字钢，除热轧、热拉拔 或热挤压外未经进一步加工，截 面高度在80毫米及以上： 角钢	角钢及丁字钢，除热轧、热拉拔 或热挤压外未经进一步加工，截 面高度在80毫米及以上： 角钢	721640	角钢及丁字钢，除热轧、热拉拔 或热挤压外未经进一步加工，截 面高度在80毫米及以上	72	HS第72章	915				none	0.0	unmapped
72164020	丁字钢	丁字钢	721640	角钢及丁字钢，除热轧、热拉拔 或热挤压外未经进一步加工，截 面高度在80毫米及以上	72	HS第72章	915				none	0.0	unmapped
72165010	其他角材、型材及异型材，除热 轧、热拉拔或热挤压外未经进一 步加工： 乙字钢	其他角材、型材及异型材，除热 轧、热拉拔或热挤压外未经进一 步加工： 乙字钢	721650	其他角材、型材及异型材，除热 轧、热拉拔或热挤压外未经进一 步加工	72	HS第72章	915				none	0.0	unmapped
72165020	球扁钢	球扁钢	721650	其他角材、型材及异型材，除热 轧、热拉拔或热挤压外未经进一 步加工	72	HS第72章	915				none	0.0	unmapped
72165090	其他	其他	721650	其他角材、型材及异型材，除热 轧、热拉拔或热挤压外未经进一 步加工	72	HS第72章	915				none	0.0	unmapped
72166100	角材、型材及异型材，除冷成形 或冷加工外未经进一步加工： 平板轧材制的	角材、型材及异型材，除冷成形 或冷加工外未经进一步加工： 平板轧材制的	721661	角材、型材及异型材，除冷成形 或冷加工外未经进一步加工： / 平板轧材制的	72	HS第72章	915				none	0.0	unmapped
72166900	其他	其他	721669	角材、型材及异型材，除冷成形 或冷加工外未经进一步加工： / 其他	72	HS第72章	916				none	0.0	unmapped
72169100	其他： 平板轧材经冷成型或冷加工制 的	其他： 平板轧材经冷成型或冷加工制 的	721691	其他： / 平板轧材经冷成型或冷加工制	72	HS第72章	916				none	0.0	unmapped
72169900	其他	其他	721699	其他： / 其他	72	HS第72章	916				none	0.0	unmapped
72171000	未经镀或涂层，不论是否抛光	未经镀或涂层，不论是否抛光	721710	未经镀或涂层，不论是否抛光	72	HS第72章	916				none	0.0	unmapped
72172000	镀或涂锌的	镀或涂锌的	721720	镀或涂锌的	72	HS第72章	916				none	0.0	unmapped
72173010	镀或涂其他贱金属的： 镀或涂铜的	镀或涂其他贱金属的： 镀或涂铜的	721730	镀或涂其他贱金属的	72	HS第72章	916				none	0.0	unmapped
72173090	其他	其他	721730	镀或涂其他贱金属的	72	HS第72章	916				none	0.0	unmapped
72179000	其他 第三分章 不锈钢	其他 第三分章 不锈钢	721790	其他	72	HS第72章	916				none	0.0	unmapped
72181000	锭状及其他初级形状	锭状及其他初级形状	721810	锭状及其他初级形状	72	HS第72章	917				none	0.0	unmapped
72189100	其他： 矩形（正方形除外）截面的	其他： 矩形（正方形除外）截面的	721891	其他： / 矩形（正方形除外）截面的	72	HS第72章	917				none	0.0	unmapped
72189900	其他	其他	721899	其他： / 其他	72	HS第72章	917				none	0.0	unmapped
72191100	除热轧外未经进一步加工的卷 材： 厚度超过10毫米	除热轧外未经进一步加工的卷 材： 厚度超过10毫米	721911	除热轧外未经进一步加工的卷 材： / 厚度超过10毫米	72	HS第72章	917				none	0.0	unmapped
72191210	厚度在4.75毫米及以上，但不超 过10毫米： 宽度在600毫米及以上，但不超 过1800毫米	厚度在4.75毫米及以上，但不超 过10毫米： 宽度在600毫米及以上，但不超 过1800毫米	721912	除热轧外未经进一步加工的卷 材： / 厚度在4.75毫米及以上，但不超 过10毫米	72	HS第72章	917				none	0.0	unmapped
72191290	其他	其他	721912	除热轧外未经进一步加工的卷 材： / 厚度在4.75毫米及以上，但不超 过10毫米	72	HS第72章	917				none	0.0	unmapped
72191312	厚度在3毫米及以上，但小于 4.75毫米： ---未经酸洗的： 按重量计含锰量在5.5％及以 上的铬锰系不锈钢	厚度在3毫米及以上，但小于 4.75毫米： ---未经酸洗的： 按重量计含锰量在5.5％及以 上的铬锰系不锈钢	721913	除热轧外未经进一步加工的卷 材： / 厚度在3毫米及以上，但小于 4.75毫米	72	HS第72章	917				none	0.0	unmapped
72191319	未经酸洗的： 其他	未经酸洗的： 其他	721913	除热轧外未经进一步加工的卷 材： / 厚度在3毫米及以上，但小于 4.75毫米	72	HS第72章	917				none	0.0	unmapped
72191322	未经酸洗的： 按重量计含锰量在5.5％及以 上的铬锰系不锈钢	未经酸洗的： 按重量计含锰量在5.5％及以 上的铬锰系不锈钢	721913	除热轧外未经进一步加工的卷 材： / 厚度在3毫米及以上，但小于 4.75毫米	72	HS第72章	918				none	0.0	unmapped
72191329	未经酸洗的： 其他	未经酸洗的： 其他	721913	除热轧外未经进一步加工的卷 材： / 厚度在3毫米及以上，但小于 4.75毫米	72	HS第72章	918				none	0.0	unmapped
72191412	厚度小于3毫米： ---未经酸洗的： 按重量计含锰量在5.5％及以 上的铬锰系不锈钢	厚度小于3毫米： ---未经酸洗的： 按重量计含锰量在5.5％及以 上的铬锰系不锈钢	721914	除热轧外未经进一步加工的卷 材： / 厚度小于3毫米	72	HS第72章	918				none	0.0	unmapped
72191419	未经酸洗的： 其他	未经酸洗的： 其他	721914	除热轧外未经进一步加工的卷 材： / 厚度小于3毫米	72	HS第72章	918				none	0.0	unmapped
72191422	经酸洗的： 按重量计含锰量在5.5％及以 上的铬锰系不锈钢	经酸洗的： 按重量计含锰量在5.5％及以 上的铬锰系不锈钢	721914	除热轧外未经进一步加工的卷 材： / 厚度小于3毫米	72	HS第72章	918				none	0.0	unmapped
72191429	经酸洗的： 其他	经酸洗的： 其他	721914	除热轧外未经进一步加工的卷 材： / 厚度小于3毫米	72	HS第72章	918				none	0.0	unmapped
72192100	除热轧外未经进一步加工的非 卷材： 厚度超过10毫米	除热轧外未经进一步加工的非 卷材： 厚度超过10毫米	721921	除热轧外未经进一步加工的非 卷材： / 厚度超过10毫米	72	HS第72章	918				none	0.0	unmapped
72192200	厚度在4.75毫米及以上，但不超 过10毫米	厚度在4.75毫米及以上，但不超 过10毫米	721922	除热轧外未经进一步加工的非 卷材： / 厚度在4.75毫米及以上，但不超	72	HS第72章	918				none	0.0	unmapped
72192300	厚度在3毫米及以上，但小于 4.75毫米	厚度在3毫米及以上，但小于 4.75毫米	721923	除热轧外未经进一步加工的非 卷材： / 厚度在3毫米及以上，但小于	72	HS第72章	919				none	0.0	unmapped
72192410	厚度小于3毫米： 厚度超过1毫米但小于3毫米	厚度小于3毫米： 厚度超过1毫米但小于3毫米	721924	除热轧外未经进一步加工的非 卷材： / 厚度小于3毫米	72	HS第72章	919				none	0.0	unmapped
72192420	厚度在0.5毫米及以上，但不超 过1毫米	厚度在0.5毫米及以上，但不超 过1毫米	721924	除热轧外未经进一步加工的非 卷材： / 厚度小于3毫米	72	HS第72章	919				none	0.0	unmapped
72192430	厚度小于0.5毫米	厚度小于0.5毫米	721924	除热轧外未经进一步加工的非 卷材： / 厚度小于3毫米	72	HS第72章	919				none	0.0	unmapped
72193100	除冷轧外未经进一步加工： 厚度在4.75毫米及以上	除冷轧外未经进一步加工： 厚度在4.75毫米及以上	721931	除冷轧外未经进一步加工： / 厚度在4.75毫米及以上	72	HS第72章	919				none	0.0	unmapped
72193210	厚度在3毫米及以上，但小于 4.75毫米： 宽度在600毫米及以上，但不超 过1800毫米	厚度在3毫米及以上，但小于 4.75毫米： 宽度在600毫米及以上，但不超 过1800毫米	721932	除冷轧外未经进一步加工： / 厚度在3毫米及以上，但小于 4.75毫米	72	HS第72章	919				none	0.0	unmapped
72193290	其他	其他	721932	除冷轧外未经进一步加工： / 厚度在3毫米及以上，但小于 4.75毫米	72	HS第72章	920				none	0.0	unmapped
72193310	厚度超过1毫米，但小于3毫米： 按重量计含锰量在5.5％及以上 的铬锰系不锈钢	厚度超过1毫米，但小于3毫米： 按重量计含锰量在5.5％及以上 的铬锰系不锈钢	721933	除冷轧外未经进一步加工： / 厚度超过1毫米，但小于3毫米	72	HS第72章	920				none	0.0	unmapped
72193390	其他	其他	721933	除冷轧外未经进一步加工： / 厚度超过1毫米，但小于3毫米	72	HS第72章	920				none	0.0	unmapped
72193400	厚度在0.5毫米及以上，但不超 过1毫米	厚度在0.5毫米及以上，但不超 过1毫米	721934	除冷轧外未经进一步加工： / 厚度在0.5毫米及以上，但不超	72	HS第72章	920				none	0.0	unmapped
72193500	厚度小于0.5毫米	厚度小于0.5毫米	721935	除冷轧外未经进一步加工： / 厚度小于0.5毫米	72	HS第72章	920				none	0.0	unmapped
72199000	其他	其他	721990	其他	72	HS第72章	920				none	0.0	unmapped
72201100	除热轧外未经进一步加工： 厚度在4.75毫米及以上	除热轧外未经进一步加工： 厚度在4.75毫米及以上	722011	除热轧外未经进一步加工： / 厚度在4.75毫米及以上	72	HS第72章	920				none	0.0	unmapped
72201200	厚度小于4.75毫米	厚度小于4.75毫米	722012	除热轧外未经进一步加工： / 厚度小于4.75毫米	72	HS第72章	921				none	0.0	unmapped
72202020	除冷轧外未经进一步加工： 厚度在0.35毫米及以下	除冷轧外未经进一步加工： 厚度在0.35毫米及以下	722020	除冷轧外未经进一步加工	72	HS第72章	921				none	0.0	unmapped
72202030	厚度在0.35毫米以上但小于3毫 米	厚度在0.35毫米以上但小于3毫 米	722020	除冷轧外未经进一步加工	72	HS第72章	921				none	0.0	unmapped
72202040	厚度在3毫米及以上	厚度在3毫米及以上	722020	除冷轧外未经进一步加工	72	HS第72章	921				none	0.0	unmapped
72209000	其他	其他	722090	其他	72	HS第72章	921				none	0.0	unmapped
72210000	不规则盘卷的不锈钢热轧条、杆	不规则盘卷的不锈钢热轧条、杆	722100	不规则盘卷的不锈钢热轧条、杆	72	HS第72章	921				none	0.0	unmapped
72221100	圆形截面的	圆形截面的	722211	条、杆，除热轧、热拉拔或热挤 压外未经进一步加工： / 圆形截面的	72	HS第72章	922				none	0.0	unmapped
72221900	其他	其他	722219	条、杆，除热轧、热拉拔或热挤 压外未经进一步加工： / 其他	72	HS第72章	922				none	0.0	unmapped
72222000	条、杆，除冷成形或冷加工外未 经进一步加工	条、杆，除冷成形或冷加工外未 经进一步加工	722220	条、杆，除冷成形或冷加工外未	72	HS第72章	922				none	0.0	unmapped
72223000	其他条、杆	其他条、杆	722230	其他条、杆	72	HS第72章	922				none	0.0	unmapped
72224000	角材、型材及异型材	角材、型材及异型材	722240	角材、型材及异型材	72	HS第72章	922				none	0.0	unmapped
72230000	不锈钢丝 第四分章 其他合金钢；合金钢 或非合金钢制的空心钻钢	不锈钢丝 第四分章 其他合金钢；合金钢 或非合金钢制的空心钻钢	722300	不锈钢丝	72	HS第72章	922				none	0.0	unmapped
72241000	锭状及其他初级形状	锭状及其他初级形状	722410	锭状及其他初级形状	72	HS第72章	922				none	0.0	unmapped
72249010	单件重量在10吨及以上的粗铸 锻件坯	单件重量在10吨及以上的粗铸 锻件坯	722490	其他	72	HS第72章	923				none	0.0	unmapped
72249090	其他	其他	722490	其他	72	HS第72章	923				none	0.0	unmapped
72251100	硅电钢制： 取向性硅电钢	硅电钢制： 取向性硅电钢	722511	硅电钢制： / 取向性硅电钢	72	HS第72章	923				none	0.0	unmapped
72251900	其他	其他	722519	硅电钢制： / 其他	72	HS第72章	923				none	0.0	unmapped
72253010	其他卷材，除热轧外未经进一步 加工： 厚度在2毫米及以下	其他卷材，除热轧外未经进一步 加工： 厚度在2毫米及以下	722530	其他卷材，除热轧外未经进一步 加工	72	HS第72章	923				none	0.0	unmapped
72253090	其他	其他	722530	其他卷材，除热轧外未经进一步 加工	72	HS第72章	923				none	0.0	unmapped
72254010	其他非卷材，除热轧外未经进一 步加工： 工具钢	其他非卷材，除热轧外未经进一 步加工： 工具钢	722540	其他非卷材，除热轧外未经进一 步加工	72	HS第72章	923				none	0.0	unmapped
72254091	其他： 含硼合金钢	其他： 含硼合金钢	722540	其他非卷材，除热轧外未经进一 步加工	72	HS第72章	923				none	0.0	unmapped
72254099	其他： 其他	其他： 其他	722540	其他非卷材，除热轧外未经进一 步加工	72	HS第72章	924				none	0.0	unmapped
72255000	其他，除冷轧外未经进一步加工	其他，除冷轧外未经进一步加工	722550	其他，除冷轧外未经进一步加工	72	HS第72章	924				none	0.0	unmapped
72259100	其他： 电镀或涂锌的	其他： 电镀或涂锌的	722591	其他： / 电镀或涂锌的	72	HS第72章	924				none	0.0	unmapped
72259200	用其他方法镀或涂锌的	用其他方法镀或涂锌的	722592	其他： / 用其他方法镀或涂锌的	72	HS第72章	924				none	0.0	unmapped
72259910	其他： 高速钢制	其他： 高速钢制	722599	其他	72	HS第72章	924				none	0.0	unmapped
72259990	其他	其他	722599	其他	72	HS第72章	924				none	0.0	unmapped
72261100	硅电钢制： 取向性硅电钢	硅电钢制： 取向性硅电钢	722611	硅电钢制： / 取向性硅电钢	72	HS第72章	924				none	0.0	unmapped
72261900	其他	其他	722619	硅电钢制： / 其他	72	HS第72章	924				none	0.0	unmapped
72262000	高速钢制	高速钢制	722620	高速钢制	72	HS第72章	925				none	0.0	unmapped
72269110	其他： --除热轧外未经进一步加工： 工具钢	其他： --除热轧外未经进一步加工： 工具钢	722691	其他： / 除热轧外未经进一步加工	72	HS第72章	925				none	0.0	unmapped
72269191	其他： 含硼合金钢	其他： 含硼合金钢	722691	其他： / 除热轧外未经进一步加工	72	HS第72章	925				none	0.0	unmapped
72269199	其他： 其他	其他： 其他	722691	其他： / 除热轧外未经进一步加工	72	HS第72章	925				none	0.0	unmapped
72269200	除冷轧外未经进一步加工	除冷轧外未经进一步加工	722692	其他： / 除冷轧外未经进一步加工	72	HS第72章	925				none	0.0	unmapped
72269910	其他： 电镀或涂锌的	其他： 电镀或涂锌的	722699	其他	72	HS第72章	925				none	0.0	unmapped
72269920	用其他方法镀或涂锌的	用其他方法镀或涂锌的	722699	其他	72	HS第72章	925				none	0.0	unmapped
72269990	其他	其他	722699	其他	72	HS第72章	925				none	0.0	unmapped
72271000	高速钢制	高速钢制	722710	高速钢制	72	HS第72章	926				none	0.0	unmapped
72272000	硅锰钢制	硅锰钢制	722720	硅锰钢制	72	HS第72章	926				none	0.0	unmapped
72279010	其他： 含硼合金钢制	其他： 含硼合金钢制	722790	其他	72	HS第72章	926				none	0.0	unmapped
72279091	其他： 截面为圆形的	其他： 截面为圆形的	722790	其他	72	HS第72章	926				none	0.0	unmapped
72279099	其他： 其他	其他： 其他	722790	其他	72	HS第72章	926				none	0.0	unmapped
72281000	高速钢条、杆	高速钢条、杆	722810	高速钢条、杆	72	HS第72章	926				none	0.0	unmapped
72282000	硅锰钢条、杆	硅锰钢条、杆	722820	硅锰钢条、杆	72	HS第72章	926				none	0.0	unmapped
72283010	含硼合金钢制	含硼合金钢制	722830	其他条、杆，除热轧、热拉拔或 热挤压外未经进一步加工	72	HS第72章	927				none	0.0	unmapped
72283091	其他： 截面为圆形的	其他： 截面为圆形的	722830	其他条、杆，除热轧、热拉拔或 热挤压外未经进一步加工	72	HS第72章	927				none	0.0	unmapped
72283099	其他： 其他	其他： 其他	722830	其他条、杆，除热轧、热拉拔或 热挤压外未经进一步加工	72	HS第72章	927				none	0.0	unmapped
72284000	其他条、杆，除锻造外未经进一 步加工	其他条、杆，除锻造外未经进一 步加工	722840	其他条、杆，除锻造外未经进一	72	HS第72章	927				none	0.0	unmapped
72285000	其他条、杆，除冷成形或冷加工 外未经进一步加工	其他条、杆，除冷成形或冷加工 外未经进一步加工	722850	其他条、杆，除冷成形或冷加工	72	HS第72章	927				none	0.0	unmapped
72286000	其他条、杆	其他条、杆	722860	其他条、杆	72	HS第72章	927				none	0.0	unmapped
72287010	角材、型材及异型材： 履带板型钢	角材、型材及异型材： 履带板型钢	722870	角材、型材及异型材	72	HS第72章	927	金属材料	型钢	金属材料/型钢	metal-section	0.92	candidate
72287090	其他	其他	722870	角材、型材及异型材	72	HS第72章	927				none	0.0	unmapped
72288000	空心钻钢	空心钻钢	722880	空心钻钢	72	HS第72章	927				none	0.0	unmapped
72292000	硅锰钢制	硅锰钢制	722920	硅锰钢制	72	HS第72章	928				none	0.0	unmapped
72299010	其他： 高速钢制	其他： 高速钢制	722990	其他	72	HS第72章	928				none	0.0	unmapped
72299090	其他	其他	722990	其他	72	HS第72章	928				none	0.0	unmapped
73011000	钢铁板桩	钢铁板桩	730110	钢铁板桩	73	HS第73章	929				none	0.0	unmapped
73012000	角材、型材及异型材	角材、型材及异型材	730120	角材、型材及异型材	73	HS第73章	929				none	0.0	unmapped
73021000	钢轨	钢轨	730210	钢轨	73	HS第73章	929				none	0.0	unmapped
73023000	道岔尖轨、辙叉、尖轨拉杆及其 他叉道段体	道岔尖轨、辙叉、尖轨拉杆及其 他叉道段体	730230	道岔尖轨、辙叉、尖轨拉杆及其	73	HS第73章	930				none	0.0	unmapped
73024000	鱼尾板及钢轨垫板	鱼尾板及钢轨垫板	730240	鱼尾板及钢轨垫板	73	HS第73章	930				none	0.0	unmapped
73029010	其他： 轨枕	其他： 轨枕	730290	其他	73	HS第73章	930				none	0.0	unmapped
73029090	其他	其他	730290	其他	73	HS第73章	930				none	0.0	unmapped
73030010	内径在500毫米及以上的圆形 截面管	内径在500毫米及以上的圆形 截面管	730300	铸铁管及空心异型材	73	HS第73章	930				none	0.0	unmapped
73030090	其他	其他	730300	铸铁管及空心异型材	73	HS第73章	930				none	0.0	unmapped
73041110	石油或天然气管道管： --不锈钢制： 外径大于等于215.9毫米，但不 超过406.4毫米	石油或天然气管道管： --不锈钢制： 外径大于等于215.9毫米，但不 超过406.4毫米	730411	石油或天然气管道管： / 不锈钢制	73	HS第73章	930				none	0.0	unmapped
73041120	外径超过114.3毫米，但小于 215.9毫米	外径超过114.3毫米，但小于 215.9毫米	730411	石油或天然气管道管： / 不锈钢制	73	HS第73章	930				none	0.0	unmapped
73041130	外径不超过114.3毫米	外径不超过114.3毫米	730411	石油或天然气管道管： / 不锈钢制	73	HS第73章	931				none	0.0	unmapped
73041190	其他	其他	730411	石油或天然气管道管： / 不锈钢制	73	HS第73章	931				none	0.0	unmapped
73041910	其他： 外径大于等于215.9毫米，但不 超过406.4毫米	其他： 外径大于等于215.9毫米，但不 超过406.4毫米	730419	石油或天然气管道管： / 其他	73	HS第73章	931				none	0.0	unmapped
73041920	外径超过114.3毫米，但小于 215.9毫米	外径超过114.3毫米，但小于 215.9毫米	730419	石油或天然气管道管： / 其他	73	HS第73章	931				none	0.0	unmapped
73041930	外径不超过114.3毫米	外径不超过114.3毫米	730419	石油或天然气管道管： / 其他	73	HS第73章	931				none	0.0	unmapped
73041990	其他	其他	730419	石油或天然气管道管： / 其他	73	HS第73章	931				none	0.0	unmapped
73042210	钻探石油及天然气用的套管、导 管及钻管： --不锈钢制钻管： 外径不超过168.3毫米	钻探石油及天然气用的套管、导 管及钻管： --不锈钢制钻管： 外径不超过168.3毫米	730422	钻探石油及天然气用的套管、导 管及钻管： / 不锈钢制钻管	73	HS第73章	931				none	0.0	unmapped
73042290	其他	其他	730422	钻探石油及天然气用的套管、导 管及钻管： / 不锈钢制钻管	73	HS第73章	931				none	0.0	unmapped
73042310	其他钻管： 外径不超过168.3毫米	其他钻管： 外径不超过168.3毫米	730423	钻探石油及天然气用的套管、导 管及钻管： / 其他钻管	73	HS第73章	931				none	0.0	unmapped
73042390	其他	其他	730423	钻探石油及天然气用的套管、导 管及钻管： / 其他钻管	73	HS第73章	932				none	0.0	unmapped
73042400	其他不锈钢管	其他不锈钢管	730424	钻探石油及天然气用的套管、导 管及钻管： / 其他不锈钢管	73	HS第73章	932			管材管件阀门/管材 | 金属材料/钢管	ambiguous:pipe-material,metal-steel-pipe	0.92	ambiguous
73042910	其他： 屈服强度小于552兆帕斯卡的	其他： 屈服强度小于552兆帕斯卡的	730429	钻探石油及天然气用的套管、导 管及钻管： / 其他	73	HS第73章	932				none	0.0	unmapped
73042920	屈服强度大于等于552兆帕斯 卡，但小于758兆帕斯卡的	屈服强度大于等于552兆帕斯 卡，但小于758兆帕斯卡的	730429	钻探石油及天然气用的套管、导 管及钻管： / 其他	73	HS第73章	932				none	0.0	unmapped
73042930	屈服强度大于等于758兆帕斯 卡的	屈服强度大于等于758兆帕斯 卡的	730429	钻探石油及天然气用的套管、导 管及钻管： / 其他	73	HS第73章	932				none	0.0	unmapped
73043110	铁或非合金钢的其他圆形截面 管： --冷拔或冷轧的： 锅炉管	铁或非合金钢的其他圆形截面 管： --冷拔或冷轧的： 锅炉管	730431	铁或非合金钢的其他圆形截面 管： / 冷拔或冷轧的	73	HS第73章	932				none	0.0	unmapped
73043120	地质钻管、套管	地质钻管、套管	730431	铁或非合金钢的其他圆形截面 管： / 冷拔或冷轧的	73	HS第73章	932				none	0.0	unmapped
73043190	其他	其他	730431	铁或非合金钢的其他圆形截面 管： / 冷拔或冷轧的	73	HS第73章	932				none	0.0	unmapped
73043910	其他： 锅炉管	其他： 锅炉管	730439	铁或非合金钢的其他圆形截面 管： / 其他	73	HS第73章	932				none	0.0	unmapped
73043920	地质钻管、套管	地质钻管、套管	730439	铁或非合金钢的其他圆形截面 管： / 其他	73	HS第73章	933				none	0.0	unmapped
73043990	其他	其他	730439	铁或非合金钢的其他圆形截面 管： / 其他	73	HS第73章	933				none	0.0	unmapped
73044110	不锈钢的其他圆形截面管： --冷拔或冷轧的： 锅炉管	不锈钢的其他圆形截面管： --冷拔或冷轧的： 锅炉管	730441	不锈钢的其他圆形截面管： / 冷拔或冷轧的	73	HS第73章	933				none	0.0	unmapped
73044190	其他	其他	730441	不锈钢的其他圆形截面管： / 冷拔或冷轧的	73	HS第73章	933				none	0.0	unmapped
73044910	其他： 锅炉管	其他： 锅炉管	730449	不锈钢的其他圆形截面管： / 其他	73	HS第73章	933				none	0.0	unmapped
73044990	其他	其他	730449	不锈钢的其他圆形截面管： / 其他	73	HS第73章	933				none	0.0	unmapped
73045110	其他合金钢的其他圆形截面管： --冷拔或冷轧的： 锅炉管	其他合金钢的其他圆形截面管： --冷拔或冷轧的： 锅炉管	730451	其他合金钢的其他圆形截面管： / 冷拔或冷轧的	73	HS第73章	933				none	0.0	unmapped
73045120	地质钻管、套管	地质钻管、套管	730451	其他合金钢的其他圆形截面管： / 冷拔或冷轧的	73	HS第73章	934				none	0.0	unmapped
73045190	其他	其他	730451	其他合金钢的其他圆形截面管： / 冷拔或冷轧的	73	HS第73章	934				none	0.0	unmapped
73045910	其他： 锅炉管	其他： 锅炉管	730459	其他合金钢的其他圆形截面管： / 其他	73	HS第73章	934				none	0.0	unmapped
73045920	地质钻管、套管	地质钻管、套管	730459	其他合金钢的其他圆形截面管： / 其他	73	HS第73章	934				none	0.0	unmapped
73045990	其他	其他	730459	其他合金钢的其他圆形截面管： / 其他	73	HS第73章	934				none	0.0	unmapped
73049000	其他	其他	730490	其他	73	HS第73章	934				none	0.0	unmapped
73051100	石油或天然气管道管： 纵向埋弧焊接的	石油或天然气管道管： 纵向埋弧焊接的	730511	石油或天然气管道管： / 纵向埋弧焊接的	73	HS第73章	934				none	0.0	unmapped
73051200	其他纵向焊接的	其他纵向焊接的	730512	石油或天然气管道管： / 其他纵向焊接的	73	HS第73章	934				none	0.0	unmapped
73051900	其他	其他	730519	石油或天然气管道管： / 其他	73	HS第73章	934				none	0.0	unmapped
73052000	钻探石油或天然气用套管	钻探石油或天然气用套管	730520	钻探石油或天然气用套管	73	HS第73章	935				none	0.0	unmapped
73053100	其他焊接的： 纵向焊接的	其他焊接的： 纵向焊接的	730531	其他焊接的： / 纵向焊接的	73	HS第73章	935				none	0.0	unmapped
73053900	其他	其他	730539	其他焊接的： / 其他	73	HS第73章	935				none	0.0	unmapped
73059000	其他	其他	730590	其他	73	HS第73章	935				none	0.0	unmapped
73061100	石油及天然气管道管： 不锈钢焊缝管	石油及天然气管道管： 不锈钢焊缝管	730611	石油及天然气管道管： / 不锈钢焊缝管	73	HS第73章	935				none	0.0	unmapped
73061900	其他	其他	730619	石油及天然气管道管： / 其他	73	HS第73章	935				none	0.0	unmapped
73062100	钻探石油及天然气用的套管及 导管： 不锈钢焊缝管	钻探石油及天然气用的套管及 导管： 不锈钢焊缝管	730621	钻探石油及天然气用的套管及 导管： / 不锈钢焊缝管	73	HS第73章	935				none	0.0	unmapped
73062900	其他	其他	730629	钻探石油及天然气用的套管及 导管： / 其他	73	HS第73章	935				none	0.0	unmapped
73063011	壁厚在0.7毫米及以下	壁厚在0.7毫米及以下	730630	铁或非合金钢的其他圆形截面 焊缝管	73	HS第73章	936				none	0.0	unmapped
73063019	其他	其他	730630	铁或非合金钢的其他圆形截面 焊缝管	73	HS第73章	936				none	0.0	unmapped
73063090	其他	其他	730630	铁或非合金钢的其他圆形截面 焊缝管	73	HS第73章	936				none	0.0	unmapped
73064000	不锈钢的其他圆形截面焊缝管	不锈钢的其他圆形截面焊缝管	730640	不锈钢的其他圆形截面焊缝管	73	HS第73章	936				none	0.0	unmapped
73065000	其他合金钢的圆形截面焊缝管	其他合金钢的圆形截面焊缝管	730650	其他合金钢的圆形截面焊缝管	73	HS第73章	936				none	0.0	unmapped
73066100	非圆形截面的其他焊缝管： 矩形或正方形截面	非圆形截面的其他焊缝管： 矩形或正方形截面	730661	非圆形截面的其他焊缝管： / 矩形或正方形截面	73	HS第73章	936				none	0.0	unmapped
73066900	其他非圆形截面	其他非圆形截面	730669	非圆形截面的其他焊缝管： / 其他非圆形截面	73	HS第73章	936				none	0.0	unmapped
73069000	其他	其他	730690	其他	73	HS第73章	936				none	0.0	unmapped
73071100	无可锻性铸铁制	无可锻性铸铁制	730711	铸件： / 无可锻性铸铁制	73	HS第73章	937				none	0.0	unmapped
73071900	其他	其他	730719	铸件： / 其他	73	HS第73章	937				none	0.0	unmapped
73072100	其他，不锈钢制： 法兰	其他，不锈钢制： 法兰	730721	其他，不锈钢制： / 法兰	73	HS第73章	937	管材管件阀门	法兰	管材管件阀门/法兰	pipe-flange	0.9	candidate
73072200	螺纹肘管、弯管及管套	螺纹肘管、弯管及管套	730722	其他，不锈钢制： / 螺纹肘管、弯管及管套	73	HS第73章	937				none	0.0	unmapped
73072300	对焊件	对焊件	730723	其他，不锈钢制： / 对焊件	73	HS第73章	937				none	0.0	unmapped
73072900	其他	其他	730729	其他，不锈钢制： / 其他	73	HS第73章	937				none	0.0	unmapped
73079100	其他： 法兰	其他： 法兰	730791	其他： / 法兰	73	HS第73章	937	管材管件阀门	法兰	管材管件阀门/法兰	pipe-flange	0.9	candidate
73079200	螺纹肘管、弯管及管套	螺纹肘管、弯管及管套	730792	其他： / 螺纹肘管、弯管及管套	73	HS第73章	938				none	0.0	unmapped
73079300	对焊件	对焊件	730793	其他： / 对焊件	73	HS第73章	938				none	0.0	unmapped
73079900	其他	其他	730799	其他： / 其他	73	HS第73章	938				none	0.0	unmapped
73081000	桥梁及桥梁体段	桥梁及桥梁体段	730810	桥梁及桥梁体段	73	HS第73章	938				none	0.0	unmapped
73082000	塔楼及格构杆	塔楼及格构杆	730820	塔楼及格构杆	73	HS第73章	938				none	0.0	unmapped
73083000	门窗及其框架、门槛	门窗及其框架、门槛	730830	门窗及其框架、门槛	73	HS第73章	938				none	0.0	unmapped
73084000	脚手架、模板或坑道支撑用的支 柱及类似设备	脚手架、模板或坑道支撑用的支 柱及类似设备	730840	脚手架、模板或坑道支撑用的支	73	HS第73章	938				none	0.0	unmapped
73089000	其他	其他	730890	其他	73	HS第73章	939				none	0.0	unmapped
73090000	盛装物料用的钢铁囤、柜、罐、 桶及类似容器（装压缩气体或液 化气体的除外），容积超过300升， 不论是否衬里或隔热，但无机械 或热力装置	盛装物料用的钢铁囤、柜、罐、 桶及类似容器（装压缩气体或液 化气体的除外），容积超过300升， 不论是否衬里或隔热，但无机械 或热力装置	730900	盛装物料用的钢铁囤、柜、罐、 桶及类似容器（装压缩气体或液 化气体的除外），容积超过300升， 不论是否衬里或隔热，但无机械 或热力装置	73	HS第73章	939				none	0.0	unmapped
73101000	容积在50升及以上	容积在50升及以上	731010	容积在50升及以上	73	HS第73章	939				none	0.0	unmapped
73102110	容积在50升以下： --焊边或卷边接合的罐： 易拉罐及罐体	容积在50升以下： --焊边或卷边接合的罐： 易拉罐及罐体	731021	容积在50升以下： / 焊边或卷边接合的罐	73	HS第73章	939				none	0.0	unmapped
73102190	其他	其他	731021	容积在50升以下： / 焊边或卷边接合的罐	73	HS第73章	939				none	0.0	unmapped
73102910	易拉罐及罐体	易拉罐及罐体	731029	容积在50升以下： / 其他	73	HS第73章	940				none	0.0	unmapped
73102990	其他	其他	731029	容积在50升以下： / 其他	73	HS第73章	940				none	0.0	unmapped
73110010	零售包装用	零售包装用	731100	装压缩气体或液化气体用的钢铁 容器	73	HS第73章	940				none	0.0	unmapped
73110090	其他	其他	731100	装压缩气体或液化气体用的钢铁 容器	73	HS第73章	940				none	0.0	unmapped
73121000	绞股线、绳、缆	绞股线、绳、缆	731210	绞股线、绳、缆	73	HS第73章	940				none	0.0	unmapped
73129000	其他	其他	731290	其他	73	HS第73章	940				none	0.0	unmapped
73130000	带刺钢铁丝；围篱用的钢铁绞带 或单股扁丝（不论是否带刺）及 松绞的双股丝	带刺钢铁丝；围篱用的钢铁绞带 或单股扁丝（不论是否带刺）及 松绞的双股丝	731300	带刺钢铁丝；围篱用的钢铁绞带 或单股扁丝（不论是否带刺）及 松绞的双股丝	73	HS第73章	941				none	0.0	unmapped
73141200	机织品： 不锈钢制的机器用环形带	机织品： 不锈钢制的机器用环形带	731412	机织品： / 不锈钢制的机器用环形带	73	HS第73章	941				none	0.0	unmapped
73141400	不锈钢制的其他机织品	不锈钢制的其他机织品	731414	机织品： / 不锈钢制的其他机织品	73	HS第73章	941				none	0.0	unmapped
73141900	其他	其他	731419	机织品： / 其他	73	HS第73章	941				none	0.0	unmapped
73142000	交点焊接的网、篱及格栅，其丝 的最大截面尺寸在3毫米及以上， 网眼尺寸在100平方厘米及以上	交点焊接的网、篱及格栅，其丝 的最大截面尺寸在3毫米及以上， 网眼尺寸在100平方厘米及以上	731420	交点焊接的网、篱及格栅，其丝	73	HS第73章	941				none	0.0	unmapped
73143100	其他交点焊接的网、篱及格栅： 镀或涂锌的	其他交点焊接的网、篱及格栅： 镀或涂锌的	731431	其他交点焊接的网、篱及格栅： / 镀或涂锌的	73	HS第73章	941				none	0.0	unmapped
73143900	其他	其他	731439	其他交点焊接的网、篱及格栅： / 其他	73	HS第73章	942				none	0.0	unmapped
73144100	其他网、篱及格栅： 镀或涂锌的	其他网、篱及格栅： 镀或涂锌的	731441	其他网、篱及格栅： / 镀或涂锌的	73	HS第73章	942				none	0.0	unmapped
73144200	涂塑的	涂塑的	731442	其他网、篱及格栅： / 涂塑的	73	HS第73章	942				none	0.0	unmapped
73144900	其他	其他	731449	其他网、篱及格栅： / 其他	73	HS第73章	942				none	0.0	unmapped
73145000	网眼钢铁板	网眼钢铁板	731450	网眼钢铁板	73	HS第73章	942				none	0.0	unmapped
73151110	铰接链及其零件： --滚子链： 自行车用	铰接链及其零件： --滚子链： 自行车用	731511	铰接链及其零件： / 滚子链	73	HS第73章	942				none	0.0	unmapped
73151120	摩托车用	摩托车用	731511	铰接链及其零件： / 滚子链	73	HS第73章	943				none	0.0	unmapped
73151190	其他	其他	731511	铰接链及其零件： / 滚子链	73	HS第73章	943				none	0.0	unmapped
73151200	其他链	其他链	731512	铰接链及其零件： / 其他链	73	HS第73章	943				none	0.0	unmapped
73151900	零件	零件	731519	铰接链及其零件： / 零件	73	HS第73章	943				none	0.0	unmapped
73152000	防滑链	防滑链	731520	防滑链	73	HS第73章	943				none	0.0	unmapped
73158100	日字环节链	日字环节链	731581	其他链： / 日字环节链	73	HS第73章	944				none	0.0	unmapped
73158200	其他焊接链	其他焊接链	731582	其他链： / 其他焊接链	73	HS第73章	944				none	0.0	unmapped
73158900	其他	其他	731589	其他链： / 其他	73	HS第73章	944				none	0.0	unmapped
73159000	其他零件	其他零件	731590	其他零件	73	HS第73章	944				none	0.0	unmapped
73160000	钢铁锚、多爪锚及其零件	钢铁锚、多爪锚及其零件	731600	钢铁锚、多爪锚及其零件	73	HS第73章	944				none	0.0	unmapped
73170000	钢铁制的钉、平头钉、图钉、波 纹钉、U形钉（税目83.05的货品 除外）及类似品，不论钉头是否 用其他材料制成，但不包括铜头 钉	钢铁制的钉、平头钉、图钉、波 纹钉、U形钉（税目83.05的货品 除外）及类似品，不论钉头是否 用其他材料制成，但不包括铜头 钉	731700	钢铁制的钉、平头钉、图钉、波 纹钉、U形钉（税目83.05的货品 除外）及类似品，不论钉头是否 用其他材料制成，但不包括铜头 钉	73	HS第73章	945	紧固件与连接件	钉类	紧固件与连接件/钉类	hs7317-nail	0.95	candidate
73181100	螺纹制品： 方头螺钉	螺纹制品： 方头螺钉	731811	螺纹制品： / 方头螺钉	73	HS第73章	945	紧固件与连接件	螺丝/螺栓	紧固件与连接件/螺丝/螺栓	hs7318-fastener	0.96	candidate
73181200	其他木螺钉	其他木螺钉	731812	螺纹制品： / 其他木螺钉	73	HS第73章	945	紧固件与连接件	螺丝/螺栓	紧固件与连接件/螺丝/螺栓	hs7318-fastener	0.96	candidate
73181300	钩头螺钉及环头螺钉	钩头螺钉及环头螺钉	731813	螺纹制品： / 钩头螺钉及环头螺钉	73	HS第73章	945	紧固件与连接件	螺丝/螺栓	紧固件与连接件/螺丝/螺栓	hs7318-fastener	0.96	candidate
73181400	自攻螺钉	自攻螺钉	731814	螺纹制品： / 自攻螺钉	73	HS第73章	945	紧固件与连接件	螺丝/螺栓	紧固件与连接件/螺丝/螺栓	hs7318-fastener	0.96	candidate
73181510	其他螺钉及螺栓，不论是否带有 螺母或垫圈： 抗拉强度在800兆帕及以上的	其他螺钉及螺栓，不论是否带有 螺母或垫圈： 抗拉强度在800兆帕及以上的	731815	螺纹制品： / 其他螺钉及螺栓，不论是否带有 螺母或垫圈	73	HS第73章	945	紧固件与连接件	螺丝/螺栓	紧固件与连接件/螺丝/螺栓	hs7318-fastener	0.96	candidate
73181590	其他	其他	731815	螺纹制品： / 其他螺钉及螺栓，不论是否带有 螺母或垫圈	73	HS第73章	946	紧固件与连接件	螺丝/螺栓	紧固件与连接件/螺丝/螺栓	hs7318-fastener	0.96	candidate
73181600	螺母	螺母	731816	螺纹制品： / 螺母	73	HS第73章	946	紧固件与连接件	螺母	紧固件与连接件/螺母	hs731816-nut	0.99	candidate
73181900	其他	其他	731819	螺纹制品： / 其他	73	HS第73章	946				none	0.0	unmapped
73182100	无螺纹制品： 弹簧垫圈及其他防松垫圈	无螺纹制品： 弹簧垫圈及其他防松垫圈	731821	无螺纹制品： / 弹簧垫圈及其他防松垫圈	73	HS第73章	946	紧固件与连接件	垫圈/垫片	紧固件与连接件/垫圈/垫片	hs731821-washer	0.99	candidate
73182200	其他垫圈	其他垫圈	731822	无螺纹制品： / 其他垫圈	73	HS第73章	946	紧固件与连接件	垫圈/垫片	紧固件与连接件/垫圈/垫片	hs731821-washer	0.99	candidate
73182300	铆钉	铆钉	731823	无螺纹制品： / 铆钉	73	HS第73章	946	紧固件与连接件	扣件/连接件	紧固件与连接件/扣件/连接件	hs731823-rivet	0.88	candidate
73182400	销及开尾销	销及开尾销	731824	无螺纹制品： / 销及开尾销	73	HS第73章	946	紧固件与连接件	销/卡簧	紧固件与连接件/销/卡簧	hs731824-pin	0.96	candidate
73182900	其他	其他	731829	无螺纹制品： / 其他	73	HS第73章	947	紧固件与连接件	螺丝/螺栓	紧固件与连接件/螺丝/螺栓	hs7318-fastener	0.96	candidate
73194010	安全别针及其他别针： 安全别针	安全别针及其他别针： 安全别针	731940	安全别针及其他别针	73	HS第73章	947				none	0.0	unmapped
73194090	其他别针	其他别针	731940	安全别针及其他别针	73	HS第73章	947				none	0.0	unmapped
73199000	其他	其他	731990	其他	73	HS第73章	947				none	0.0	unmapped
73201010	片簧及簧片： 铁道车辆用	片簧及簧片： 铁道车辆用	732010	片簧及簧片	73	HS第73章	947				none	0.0	unmapped
73201020	汽车用	汽车用	732010	片簧及簧片	73	HS第73章	947				none	0.0	unmapped
73201090	其他	其他	732010	片簧及簧片	73	HS第73章	947				none	0.0	unmapped
73202010	铁道车辆用	铁道车辆用	732020	螺旋弹簧	73	HS第73章	948				none	0.0	unmapped
73202090	其他	其他	732020	螺旋弹簧	73	HS第73章	948				none	0.0	unmapped
73209010	其他： 铁道车辆用	其他： 铁道车辆用	732090	其他	73	HS第73章	948				none	0.0	unmapped
73209090	其他	其他	732090	其他	73	HS第73章	948				none	0.0	unmapped
73211100	炊事器具及加热板： 使用气体燃料或可使用气体燃 料及其他燃料的	炊事器具及加热板： 使用气体燃料或可使用气体燃 料及其他燃料的	732111	炊事器具及加热板： / 使用气体燃料或可使用气体燃	73	HS第73章	948				none	0.0	unmapped
73211210	使用液体燃料的： 煤油炉	使用液体燃料的： 煤油炉	732112	炊事器具及加热板： / 使用液体燃料的	73	HS第73章	948				none	0.0	unmapped
73211290	其他	其他	732112	炊事器具及加热板： / 使用液体燃料的	73	HS第73章	949				none	0.0	unmapped
73211900	其他，包括使用固体燃料的	其他，包括使用固体燃料的	732119	炊事器具及加热板： / 其他，包括使用固体燃料的	73	HS第73章	949				none	0.0	unmapped
73218100	其他器具： 使用气体燃料或可使用气体燃 料及其他燃料的	其他器具： 使用气体燃料或可使用气体燃 料及其他燃料的	732181	其他器具： / 使用气体燃料或可使用气体燃	73	HS第73章	949				none	0.0	unmapped
73218200	使用液体燃料的	使用液体燃料的	732182	其他器具： / 使用液体燃料的	73	HS第73章	949				none	0.0	unmapped
73218900	其他，包括使用固体燃料的	其他，包括使用固体燃料的	732189	其他器具： / 其他，包括使用固体燃料的	73	HS第73章	949				none	0.0	unmapped
73219000	零件	零件	732190	零件	73	HS第73章	949				none	0.0	unmapped
73221100	铸铁制	铸铁制	732211	散热器及其零件： / 铸铁制	73	HS第73章	950				none	0.0	unmapped
73221900	其他	其他	732219	散热器及其零件： / 其他	73	HS第73章	950				none	0.0	unmapped
73229000	其他	其他	732290	其他	73	HS第73章	950				none	0.0	unmapped
73231000	钢铁丝绒；擦锅器及洗刷擦光用 的块垫、手套及类似品	钢铁丝绒；擦锅器及洗刷擦光用 的块垫、手套及类似品	732310	钢铁丝绒；擦锅器及洗刷擦光用	73	HS第73章	950				none	0.0	unmapped
73239100	其他： 铸铁制，未搪瓷	其他： 铸铁制，未搪瓷	732391	其他： / 铸铁制，未搪瓷	73	HS第73章	950				none	0.0	unmapped
73239200	铸铁制，已搪瓷	铸铁制，已搪瓷	732392	其他： / 铸铁制，已搪瓷	73	HS第73章	951				none	0.0	unmapped
73239300	不锈钢制	不锈钢制	732393	其他： / 不锈钢制	73	HS第73章	951				none	0.0	unmapped
73239410	钢铁（铸铁除外）制，已搪瓷： 面盆	钢铁（铸铁除外）制，已搪瓷： 面盆	732394	其他： / 钢铁（铸铁除外）制，已搪瓷	73	HS第73章	951				none	0.0	unmapped
73239420	烧锅	烧锅	732394	其他： / 钢铁（铸铁除外）制，已搪瓷	73	HS第73章	951				none	0.0	unmapped
73239490	其他	其他	732394	其他： / 钢铁（铸铁除外）制，已搪瓷	73	HS第73章	951				none	0.0	unmapped
73239900	其他	其他	732399	其他： / 其他	73	HS第73章	951				none	0.0	unmapped
73241000	不锈钢制洗涤槽及脸盆	不锈钢制洗涤槽及脸盆	732410	不锈钢制洗涤槽及脸盆	73	HS第73章	952				none	0.0	unmapped
73242100	浴缸： 铸铁制，不论是否搪瓷	浴缸： 铸铁制，不论是否搪瓷	732421	浴缸： / 铸铁制，不论是否搪瓷	73	HS第73章	952				none	0.0	unmapped
73242900	其他	其他	732429	浴缸： / 其他	73	HS第73章	952				none	0.0	unmapped
73249000	其他，包括零件	其他，包括零件	732490	其他，包括零件	73	HS第73章	952				none	0.0	unmapped
73251010	无可锻性铸铁制： 工业用	无可锻性铸铁制： 工业用	732510	无可锻性铸铁制	73	HS第73章	952				none	0.0	unmapped
73251090	其他	其他	732510	无可锻性铸铁制	73	HS第73章	952				none	0.0	unmapped
73259100	研磨机用的研磨球及类似品	研磨机用的研磨球及类似品	732591	其他： / 研磨机用的研磨球及类似品	73	HS第73章	953				none	0.0	unmapped
73259910	其他： 工业用	其他： 工业用	732599	其他	73	HS第73章	953				none	0.0	unmapped
73259990	其他	其他	732599	其他	73	HS第73章	953				none	0.0	unmapped
73261100	经锻造或冲压，但未经进一步加 工： 研磨机用的研磨球及类似品	经锻造或冲压，但未经进一步加 工： 研磨机用的研磨球及类似品	732611	经锻造或冲压，但未经进一步加 工： / 研磨机用的研磨球及类似品	73	HS第73章	953				none	0.0	unmapped
73261910	其他： 工业用	其他： 工业用	732619	经锻造或冲压，但未经进一步加 工： / 其他	73	HS第73章	953				none	0.0	unmapped
73261990	其他	其他	732619	经锻造或冲压，但未经进一步加 工： / 其他	73	HS第73章	954				none	0.0	unmapped
73262010	钢铁丝制品： 工业用	钢铁丝制品： 工业用	732620	钢铁丝制品	73	HS第73章	954				none	0.0	unmapped
73262090	其他	其他	732620	钢铁丝制品	73	HS第73章	954				none	0.0	unmapped
73269011	其他： ---工业用： 钢铁纤维及其制品	其他： ---工业用： 钢铁纤维及其制品	732690	其他	73	HS第73章	954				none	0.0	unmapped
73269019	工业用： 其他	工业用： 其他	732690	其他	73	HS第73章	954				none	0.0	unmapped
73269090	其他	其他	732690	其他	73	HS第73章	954				none	0.0	unmapped
74010000	铜锍，沉积铜（泥铜） 铜锍	铜锍，沉积铜（泥铜） 铜锍	740100	铜锍；沉积铜（泥铜）	74	HS第74章	956				none	0.0	unmapped
74020000	未精炼铜；电解精炼用的铜阳极	未精炼铜；电解精炼用的铜阳极	740200	未精炼铜；电解精炼用的铜阳极	74	HS第74章	956				none	0.0	unmapped
74031111	精炼铜： --阴极及阴极型材： ---阴极： 按重量计铜含量超过 99.9935％的	精炼铜： --阴极及阴极型材： ---阴极： 按重量计铜含量超过 99.9935％的	740311	精炼铜： / 阴极及阴极型材	74	HS第74章	956				none	0.0	unmapped
74031119	阴极： 其他	阴极： 其他	740311	精炼铜： / 阴极及阴极型材	74	HS第74章	956				none	0.0	unmapped
74031190	阴极型材	阴极型材	740311	精炼铜： / 阴极及阴极型材	74	HS第74章	956				none	0.0	unmapped
74031200	线锭	线锭	740312	精炼铜： / 线锭	74	HS第74章	956				none	0.0	unmapped
74031300	坯段	坯段	740313	精炼铜： / 坯段	74	HS第74章	956				none	0.0	unmapped
74031900	其他	其他	740319	精炼铜： / 其他	74	HS第74章	957				none	0.0	unmapped
74032100	铜合金： 铜锌合金（黄铜）	铜合金： 铜锌合金（黄铜）	740321	铜合金： / 铜锌合金（黄铜）	74	HS第74章	957				none	0.0	unmapped
74032200	铜锡合金（青铜）	铜锡合金（青铜）	740322	铜合金： / 铜锡合金（青铜）	74	HS第74章	957				none	0.0	unmapped
74032900	其他铜合金（税目74.05的铜母 合金除外）	其他铜合金（税目74.05的铜母 合金除外）	740329	铜合金： / 其他铜合金（税目74.05的铜母	74	HS第74章	957				none	0.0	unmapped
74040000	铜废碎料 再生铜及铜合金原料	铜废碎料 再生铜及铜合金原料	740400	铜废碎料	74	HS第74章	957				none	0.0	unmapped
74050000	铜母合金	铜母合金	740500	铜母合金	74	HS第74章	957				none	0.0	unmapped
74061010	非片状粉末： 精炼铜制	非片状粉末： 精炼铜制	740610	非片状粉末	74	HS第74章	957				none	0.0	unmapped
74061020	铜镍合金（白铜）或铜镍锌合 金（德银）制	铜镍合金（白铜）或铜镍锌合 金（德银）制	740610	非片状粉末	74	HS第74章	957				none	0.0	unmapped
74061030	铜锌合金（黄铜）制	铜锌合金（黄铜）制	740610	非片状粉末	74	HS第74章	957				none	0.0	unmapped
74061040	铜锡合金（青铜）制	铜锡合金（青铜）制	740610	非片状粉末	74	HS第74章	958				none	0.0	unmapped
74061090	其他铜合金制	其他铜合金制	740610	非片状粉末	74	HS第74章	958				none	0.0	unmapped
74062010	片状粉末： 精炼铜制	片状粉末： 精炼铜制	740620	片状粉末	74	HS第74章	958				none	0.0	unmapped
74062020	铜镍合金（白铜）或铜镍锌合 金（德银）制	铜镍合金（白铜）或铜镍锌合 金（德银）制	740620	片状粉末	74	HS第74章	958				none	0.0	unmapped
74062090	其他铜合金制	其他铜合金制	740620	片状粉末	74	HS第74章	958				none	0.0	unmapped
74071010	精炼铜制： 铬锆铜制	精炼铜制： 铬锆铜制	740710	精炼铜制	74	HS第74章	958				none	0.0	unmapped
74071090	其他	其他	740710	精炼铜制	74	HS第74章	958				none	0.0	unmapped
74072111	铜合金制： --铜锌合金（黄铜）： ---铜条、杆： 直线度不大于0.5毫米/米	铜合金制： --铜锌合金（黄铜）： ---铜条、杆： 直线度不大于0.5毫米/米	740721	铜合金制： / 铜锌合金（黄铜）	74	HS第74章	958				none	0.0	unmapped
74072119	铜条、杆： 其他	铜条、杆： 其他	740721	铜合金制： / 铜锌合金（黄铜）	74	HS第74章	958				none	0.0	unmapped
74072190	其他	其他	740721	铜合金制： / 铜锌合金（黄铜）	74	HS第74章	958				none	0.0	unmapped
74072900	其他	其他	740729	铜合金制： / 其他	74	HS第74章	959				none	0.0	unmapped
74081100	精炼铜制： 最大截面尺寸超过6毫米	精炼铜制： 最大截面尺寸超过6毫米	740811	精炼铜制： / 最大截面尺寸超过6毫米	74	HS第74章	959				none	0.0	unmapped
74081900	其他 其他含氧量小于5ppm的精炼铜 丝	其他 其他含氧量小于5ppm的精炼铜 丝	740819	精炼铜制： / 其他	74	HS第74章	959				none	0.0	unmapped
74082100	铜合金制： 铜锌合金（黄铜）	铜合金制： 铜锌合金（黄铜）	740821	铜合金制： / 铜锌合金（黄铜）	74	HS第74章	959				none	0.0	unmapped
74082210	铜镍合金（白铜）或铜镍锌合金 （德银）： 铜镍锌铅合金（加铅德银）	铜镍合金（白铜）或铜镍锌合金 （德银）： 铜镍锌铅合金（加铅德银）	740822	铜合金制： / 铜镍合金（白铜）或铜镍锌合金 （德银）	74	HS第74章	959				none	0.0	unmapped
74082290	其他	其他	740822	铜合金制： / 铜镍合金（白铜）或铜镍锌合金 （德银）	74	HS第74章	959				none	0.0	unmapped
74082900	其他	其他	740829	铜合金制： / 其他	74	HS第74章	959				none	0.0	unmapped
74091110	氧含量不超过10ppm	氧含量不超过10ppm	740911	精炼铜制： / 盘卷的	74	HS第74章	960				none	0.0	unmapped
74091190	其他	其他	740911	精炼铜制： / 盘卷的	74	HS第74章	960				none	0.0	unmapped
74091900	其他	其他	740919	精炼铜制： / 其他	74	HS第74章	960				none	0.0	unmapped
74092100	铜锌合金（黄铜）制： 盘卷的	铜锌合金（黄铜）制： 盘卷的	740921	铜锌合金（黄铜）制： / 盘卷的	74	HS第74章	960				none	0.0	unmapped
74092900	其他	其他	740929	铜锌合金（黄铜）制： / 其他	74	HS第74章	960				none	0.0	unmapped
74093100	铜锡合金（青铜）制： 盘卷的	铜锡合金（青铜）制： 盘卷的	740931	铜锡合金（青铜）制： / 盘卷的	74	HS第74章	960				none	0.0	unmapped
74093900	其他	其他	740939	铜锡合金（青铜）制： / 其他	74	HS第74章	960				none	0.0	unmapped
74094000	铜镍合金（白铜）或铜镍锌合金 （德银）制	铜镍合金（白铜）或铜镍锌合金 （德银）制	740940	铜镍合金（白铜）或铜镍锌合金	74	HS第74章	960				none	0.0	unmapped
74099000	其他铜合金制	其他铜合金制	740990	其他铜合金制	74	HS第74章	960				none	0.0	unmapped
74101100	无衬背： 精炼铜制	无衬背： 精炼铜制	741011	无衬背： / 精炼铜制	74	HS第74章	961				none	0.0	unmapped
74101210	铜合金制： 铜镍合金（白铜）或铜镍锌合 金（德银）	铜合金制： 铜镍合金（白铜）或铜镍锌合 金（德银）	741012	无衬背： / 铜合金制	74	HS第74章	961				none	0.0	unmapped
74101290	其他	其他	741012	无衬背： / 铜合金制	74	HS第74章	961				none	0.0	unmapped
74102110	有衬背： --精炼铜制： 印制电路用覆铜板	有衬背： --精炼铜制： 印制电路用覆铜板	741021	有衬背： / 精炼铜制	74	HS第74章	961				none	0.0	unmapped
74102190	其他	其他	741021	有衬背： / 精炼铜制	74	HS第74章	961				none	0.0	unmapped
74102210	铜合金制： 铜镍合金（白铜）或铜镍锌合 金（德银）	铜合金制： 铜镍合金（白铜）或铜镍锌合 金（德银）	741022	有衬背： / 铜合金制	74	HS第74章	961				none	0.0	unmapped
74102290	其他	其他	741022	有衬背： / 铜合金制	74	HS第74章	961				none	0.0	unmapped
74111011	外径不超过25毫米的： 带有螺纹或翅片的	外径不超过25毫米的： 带有螺纹或翅片的	741110	精炼铜制	74	HS第74章	962				none	0.0	unmapped
74111019	外径不超过25毫米的： 其他 其他含氧量小于5ppm，外径不超 过25毫米的精炼铜管	外径不超过25毫米的： 其他 其他含氧量小于5ppm，外径不超 过25毫米的精炼铜管	741110	精炼铜制	74	HS第74章	962	管材管件阀门	管材	管材管件阀门/管材	pipe-material	0.72	candidate
74111020	外径超过70毫米的	外径超过70毫米的	741110	精炼铜制	74	HS第74章	962				none	0.0	unmapped
74111090	其他	其他	741110	精炼铜制	74	HS第74章	962				none	0.0	unmapped
74112110	铜合金制： --铜锌合金（黄铜）： 盘卷的	铜合金制： --铜锌合金（黄铜）： 盘卷的	741121	铜合金制： / 铜锌合金（黄铜）	74	HS第74章	962				none	0.0	unmapped
74112190	其他	其他	741121	铜合金制： / 铜锌合金（黄铜）	74	HS第74章	962				none	0.0	unmapped
74112200	铜镍合金（白铜）或铜镍锌合金 （德银）	铜镍合金（白铜）或铜镍锌合金 （德银）	741122	铜合金制： / 铜镍合金（白铜）或铜镍锌合金	74	HS第74章	962				none	0.0	unmapped
74112900	其他	其他	741129	铜合金制： / 其他	74	HS第74章	962				none	0.0	unmapped
74121000	精炼铜制	精炼铜制	741210	精炼铜制	74	HS第74章	963				none	0.0	unmapped
74122010	铜合金制： 铜镍合金（白铜）或铜镍锌合 金（德银）	铜合金制： 铜镍合金（白铜）或铜镍锌合 金（德银）	741220	铜合金制	74	HS第74章	963				none	0.0	unmapped
74122090	其他	其他	741220	铜合金制	74	HS第74章	963				none	0.0	unmapped
74130000	非绝缘的铜丝绞股线、缆、编带 及类似品	非绝缘的铜丝绞股线、缆、编带 及类似品	741300	非绝缘的铜丝绞股线、缆、编带 及类似品	74	HS第74章	963				none	0.0	unmapped
74151000	钉、平头钉、图钉、U形钉及类 似品	钉、平头钉、图钉、U形钉及类 似品	741510	钉、平头钉、图钉、U形钉及类	74	HS第74章	963	紧固件与连接件	钉类	紧固件与连接件/钉类	hs741510-nail	0.92	candidate
74152100	其他无螺纹制品： 垫圈（包括弹簧垫圈）	其他无螺纹制品： 垫圈（包括弹簧垫圈）	741521	其他无螺纹制品： / 垫圈（包括弹簧垫圈）	74	HS第74章	963	紧固件与连接件	垫圈/垫片	紧固件与连接件/垫圈/垫片	hs741521-washer	0.94	candidate
74152900	其他	其他	741529	其他无螺纹制品： / 其他	74	HS第74章	964				none	0.0	unmapped
74153310	其他螺纹制品： --螺钉；螺栓及螺母： 木螺钉	其他螺纹制品： --螺钉；螺栓及螺母： 木螺钉	741533	其他螺纹制品： / 螺钉；螺栓及螺母	74	HS第74章	964	紧固件与连接件	螺丝/螺栓	紧固件与连接件/螺丝/螺栓	hs74153310-screw	0.9	candidate
74153390	其他	其他	741533	其他螺纹制品： / 螺钉；螺栓及螺母	74	HS第74章	964				none	0.0	unmapped
74153900	其他	其他	741539	其他螺纹制品： / 其他	74	HS第74章	964				none	0.0	unmapped
74181010	餐桌、厨房或其他家用器具及其 零件；擦锅器及洗刷擦光用的块 垫、手套及类似品： 擦锅器及洗刷、擦光用的块垫、 手套及类似品	餐桌、厨房或其他家用器具及其 零件；擦锅器及洗刷擦光用的块 垫、手套及类似品： 擦锅器及洗刷、擦光用的块垫、 手套及类似品	741810	餐桌、厨房或其他家用器具及其 零件；擦锅器及洗刷擦光用的块 垫、手套及类似品	74	HS第74章	964				none	0.0	unmapped
74181020	非电热的铜制家用烹饪器具及 其零件	非电热的铜制家用烹饪器具及 其零件	741810	餐桌、厨房或其他家用器具及其 零件；擦锅器及洗刷擦光用的块 垫、手套及类似品	74	HS第74章	965				none	0.0	unmapped
74181090	其他	其他	741810	餐桌、厨房或其他家用器具及其 零件；擦锅器及洗刷擦光用的块 垫、手套及类似品	74	HS第74章	965				none	0.0	unmapped
74182000	卫生器具及其零件	卫生器具及其零件	741820	卫生器具及其零件	74	HS第74章	965				none	0.0	unmapped
74192010	铸造、模压、冲压或锻造，但未 经进一步加工的： 链条及其零件	铸造、模压、冲压或锻造，但未 经进一步加工的： 链条及其零件	741920	铸造、模压、冲压或锻造，但未 经进一步加工的	74	HS第74章	965				none	0.0	unmapped
74192020	其他，工业用	其他，工业用	741920	铸造、模压、冲压或锻造，但未 经进一步加工的	74	HS第74章	965				none	0.0	unmapped
74192090	其他	其他	741920	铸造、模压、冲压或锻造，但未 经进一步加工的	74	HS第74章	965				none	0.0	unmapped
74198010	链条及其零件	链条及其零件	741980	其他	74	HS第74章	966				none	0.0	unmapped
74198020	铜弹簧	铜弹簧	741980	其他	74	HS第74章	966				none	0.0	unmapped
74198030	铜丝制的布（包括环形带）	铜丝制的布（包括环形带）	741980	其他	74	HS第74章	966				none	0.0	unmapped
74198040	铜丝制的网、格栅，网眼铜板	铜丝制的网、格栅，网眼铜板	741980	其他	74	HS第74章	966				none	0.0	unmapped
74198050	非电热的铜制家用供暖器具及 其零件	非电热的铜制家用供暖器具及 其零件	741980	其他	74	HS第74章	966				none	0.0	unmapped
74198091	其他： 工业用	其他： 工业用	741980	其他	74	HS第74章	966				none	0.0	unmapped
74198099	其他： 其他	其他： 其他	741980	其他	74	HS第74章	967				none	0.0	unmapped
75011000	镍锍	镍锍	750110	镍锍	75	HS第75章	968				none	0.0	unmapped
75012010	氧化镍烧结物及镍冶炼的其他 中间产品： 镍湿法冶炼中间品	氧化镍烧结物及镍冶炼的其他 中间产品： 镍湿法冶炼中间品	750120	氧化镍烧结物及镍冶炼的其他 中间产品	75	HS第75章	968				none	0.0	unmapped
75012090	其他	其他	750120	氧化镍烧结物及镍冶炼的其他 中间产品	75	HS第75章	968				none	0.0	unmapped
75021010	非合金镍： 按重量计镍、钴总量在99.99％ 及以上的，但钴含量不超过 0.005％	非合金镍： 按重量计镍、钴总量在99.99％ 及以上的，但钴含量不超过 0.005％	750210	非合金镍	75	HS第75章	968				none	0.0	unmapped
75021090	其他	其他	750210	非合金镍	75	HS第75章	969				none	0.0	unmapped
75022000	镍合金	镍合金	750220	镍合金	75	HS第75章	969				none	0.0	unmapped
75030000	镍废碎料	镍废碎料	750300	镍废碎料	75	HS第75章	969				none	0.0	unmapped
75040010	非合金镍粉及片状粉末	非合金镍粉及片状粉末	750400	镍粉及片状粉末	75	HS第75章	969				none	0.0	unmapped
75040020	合金镍粉及片状粉末	合金镍粉及片状粉末	750400	镍粉及片状粉末	75	HS第75章	969				none	0.0	unmapped
75051100	条、杆、型材及异型材： 非合金镍制	条、杆、型材及异型材： 非合金镍制	750511	条、杆、型材及异型材： / 非合金镍制	75	HS第75章	969				none	0.0	unmapped
75051200	镍合金制	镍合金制	750512	条、杆、型材及异型材： / 镍合金制	75	HS第75章	969				none	0.0	unmapped
75052100	丝： 非合金镍制	丝： 非合金镍制	750521	丝： / 非合金镍制	75	HS第75章	969				none	0.0	unmapped
75052200	镍合金制 外科植入用镍钛合金丝（镍含量 54.5%-57.0%，钛含量 42.765%-45.5%）	镍合金制 外科植入用镍钛合金丝（镍含量 54.5%-57.0%，钛含量 42.765%-45.5%）	750522	丝： / 镍合金制	75	HS第75章	969				none	0.0	unmapped
75061000	非合金镍制	非合金镍制	750610	非合金镍制	75	HS第75章	970				none	0.0	unmapped
75062000	镍合金制	镍合金制	750620	镍合金制	75	HS第75章	970				none	0.0	unmapped
75071100	镍管： 非合金镍制	镍管： 非合金镍制	750711	镍管： / 非合金镍制	75	HS第75章	970				none	0.0	unmapped
75071200	镍合金制	镍合金制	750712	镍管： / 镍合金制	75	HS第75章	970				none	0.0	unmapped
75072000	管子附件	管子附件	750720	管子附件	75	HS第75章	970				none	0.0	unmapped
75081010	镍丝布、网及格栅： 镍丝布	镍丝布、网及格栅： 镍丝布	750810	镍丝布、网及格栅	75	HS第75章	970				none	0.0	unmapped
75081080	其他工业用镍制品	其他工业用镍制品	750810	镍丝布、网及格栅	75	HS第75章	970				none	0.0	unmapped
75081090	其他	其他	750810	镍丝布、网及格栅	75	HS第75章	970				none	0.0	unmapped
75089010	其他： 电镀用镍阳极	其他： 电镀用镍阳极	750890	其他	75	HS第75章	970				none	0.0	unmapped
75089080	其他工业用镍制品	其他工业用镍制品	750890	其他	75	HS第75章	971				none	0.0	unmapped
75089090	其他	其他	750890	其他	75	HS第75章	971				none	0.0	unmapped
76011010	非合金铝： 按重量计含铝量在99.95％及以 上	非合金铝： 按重量计含铝量在99.95％及以 上	760110	非合金铝	76	HS第76章	972				none	0.0	unmapped
76011090	其他	其他	760110	非合金铝	76	HS第76章	972				none	0.0	unmapped
76012000	铝合金	铝合金	760120	铝合金	76	HS第76章	972				none	0.0	unmapped
76020000	铝废碎料	铝废碎料	760200	铝废碎料	76	HS第76章	972				none	0.0	unmapped
76031000	非片状粉末	非片状粉末	760310	非片状粉末	76	HS第76章	973				none	0.0	unmapped
76032000	片状粉末	片状粉末	760320	片状粉末	76	HS第76章	973				none	0.0	unmapped
76041010	非合金铝制： 铝条、杆	非合金铝制： 铝条、杆	760410	非合金铝制	76	HS第76章	973				none	0.0	unmapped
76041090	其他	其他	760410	非合金铝制	76	HS第76章	973				none	0.0	unmapped
76042100	铝合金制： 空心型材及异型材	铝合金制： 空心型材及异型材	760421	铝合金制： / 空心型材及异型材	76	HS第76章	973				none	0.0	unmapped
76042910	其他： 铝合金条、杆	其他： 铝合金条、杆	760429	铝合金制： / 其他	76	HS第76章	973				none	0.0	unmapped
76042990	其他	其他	760429	铝合金制： / 其他	76	HS第76章	973				none	0.0	unmapped
76051100	最大截面尺寸超过7毫米	最大截面尺寸超过7毫米	760511	非合金铝制： / 最大截面尺寸超过7毫米	76	HS第76章	974				none	0.0	unmapped
76051900	其他	其他	760519	非合金铝制： / 其他	76	HS第76章	974				none	0.0	unmapped
76052100	铝合金制： 最大截面尺寸超过7毫米	铝合金制： 最大截面尺寸超过7毫米	760521	铝合金制： / 最大截面尺寸超过7毫米	76	HS第76章	974				none	0.0	unmapped
76052900	其他	其他	760529	铝合金制： / 其他	76	HS第76章	974				none	0.0	unmapped
76061121	矩形（包括正方形）： --非合金铝制： ---厚度在0.30毫米及以上，但不超 过0.36毫米： 铝塑复合的	矩形（包括正方形）： --非合金铝制： ---厚度在0.30毫米及以上，但不超 过0.36毫米： 铝塑复合的	760611	矩形（包括正方形）： / 非合金铝制	76	HS第76章	974				none	0.0	unmapped
76061129	厚度在0.30毫米及以上，但不超 过0.36毫米： 其他	厚度在0.30毫米及以上，但不超 过0.36毫米： 其他	760611	矩形（包括正方形）： / 非合金铝制	76	HS第76章	974				none	0.0	unmapped
76061191	其他： 铝塑复合的	其他： 铝塑复合的	760611	矩形（包括正方形）： / 非合金铝制	76	HS第76章	974				none	0.0	unmapped
76061199	其他： 其他	其他： 其他	760611	矩形（包括正方形）： / 非合金铝制	76	HS第76章	975				none	0.0	unmapped
76061220	铝合金制： 厚度小于0.28毫米	铝合金制： 厚度小于0.28毫米	760612	矩形（包括正方形）： / 铝合金制	76	HS第76章	975				none	0.0	unmapped
76061230	厚度在0.28毫米及以上，但不超 过0.35毫米	厚度在0.28毫米及以上，但不超 过0.35毫米	760612	矩形（包括正方形）： / 铝合金制	76	HS第76章	975				none	0.0	unmapped
76061251	厚度在0.35毫米以上，但不超过 4毫米： 铝塑复合的	厚度在0.35毫米以上，但不超过 4毫米： 铝塑复合的	760612	矩形（包括正方形）： / 铝合金制	76	HS第76章	975				none	0.0	unmapped
76061259	厚度在0.35毫米以上，但不超过 4毫米： 其他	厚度在0.35毫米以上，但不超过 4毫米： 其他	760612	矩形（包括正方形）： / 铝合金制	76	HS第76章	975				none	0.0	unmapped
76061290	其他	其他	760612	矩形（包括正方形）： / 铝合金制	76	HS第76章	975				none	0.0	unmapped
76069100	非合金铝制	非合金铝制	760691	其他： / 非合金铝制	76	HS第76章	976				none	0.0	unmapped
76069200	铝合金制	铝合金制	760692	其他： / 铝合金制	76	HS第76章	976				none	0.0	unmapped
76071110	无衬背： --轧制后未经进一步加工的： 厚度不超过0.007毫米	无衬背： --轧制后未经进一步加工的： 厚度不超过0.007毫米	760711	无衬背： / 轧制后未经进一步加工的	76	HS第76章	976				none	0.0	unmapped
76071120	厚度大于0.007毫米，但不超过 0.01毫米	厚度大于0.007毫米，但不超过 0.01毫米	760711	无衬背： / 轧制后未经进一步加工的	76	HS第76章	976				none	0.0	unmapped
76071190	其他	其他	760711	无衬背： / 轧制后未经进一步加工的	76	HS第76章	976				none	0.0	unmapped
76071900	其他	其他	760719	无衬背： / 其他	76	HS第76章	976				none	0.0	unmapped
76072000	有衬背	有衬背	760720	有衬背	76	HS第76章	977				none	0.0	unmapped
76081000	非合金铝制	非合金铝制	760810	非合金铝制	76	HS第76章	977				none	0.0	unmapped
76082010	铝合金制： 外径不超过10厘米的	铝合金制： 外径不超过10厘米的	760820	铝合金制	76	HS第76章	977				none	0.0	unmapped
76082091	其他： 壁厚不超过25毫米	其他： 壁厚不超过25毫米	760820	铝合金制	76	HS第76章	977				none	0.0	unmapped
76082099	其他： 其他	其他： 其他	760820	铝合金制	76	HS第76章	977				none	0.0	unmapped
76090000	铝制管子附件（例如，接头、肘 管、管套）	铝制管子附件（例如，接头、肘 管、管套）	760900	铝制管子附件（例如，接头、肘 管、管套）	76	HS第76章	977	管材管件阀门	直接/接头	管材管件阀门/直接/接头	pipe-fitting	0.72	candidate
76101000	门窗及其框架、门槛	门窗及其框架、门槛	761010	门窗及其框架、门槛	76	HS第76章	978				none	0.0	unmapped
76109000	其他	其他	761090	其他	76	HS第76章	978				none	0.0	unmapped
76110000	盛装物料用的铝制囤、柜、罐、 桶及类似容器（装压缩气体或液 化气体的除外），容积超过300升， 不论是否衬里或隔热，但无机械 或热力装置	盛装物料用的铝制囤、柜、罐、 桶及类似容器（装压缩气体或液 化气体的除外），容积超过300升， 不论是否衬里或隔热，但无机械 或热力装置	761100	盛装物料用的铝制囤、柜、罐、 桶及类似容器（装压缩气体或液 化气体的除外），容积超过300升， 不论是否衬里或隔热，但无机械 或热力装置	76	HS第76章	978				none	0.0	unmapped
76121000	软管容器	软管容器	761210	软管容器	76	HS第76章	978				none	0.0	unmapped
76129010	易拉罐及罐体	易拉罐及罐体	761290	其他	76	HS第76章	979				none	0.0	unmapped
76129090	其他	其他	761290	其他	76	HS第76章	979				none	0.0	unmapped
76130010	零售包装用	零售包装用	761300	装压缩气体或液化气体用的铝制 容器	76	HS第76章	979				none	0.0	unmapped
76130090	其他	其他	761300	装压缩气体或液化气体用的铝制 容器	76	HS第76章	979				none	0.0	unmapped
76141000	带钢芯的	带钢芯的	761410	带钢芯的	76	HS第76章	979				none	0.0	unmapped
76149000	其他	其他	761490	其他	76	HS第76章	979				none	0.0	unmapped
76151010	擦锅器、洗刷、擦光用的块垫、 手套及类似品	擦锅器、洗刷、擦光用的块垫、 手套及类似品	761510	擦锅器、洗刷、擦光用的块垫、	76	HS第76章	980				none	0.0	unmapped
76151090	其他	其他	761510	擦锅器、洗刷、擦光用的块垫、	76	HS第76章	980				none	0.0	unmapped
76152000	卫生器具及其零件	卫生器具及其零件	761520	卫生器具及其零件	76	HS第76章	980				none	0.0	unmapped
76161000	钉、平头钉、U形钉（税目83.05 的货品除外）、螺钉、螺栓、螺母、 钩头螺钉、铆钉、销、开尾销、 垫圈及类似品	钉、平头钉、U形钉（税目83.05 的货品除外）、螺钉、螺栓、螺母、 钩头螺钉、铆钉、销、开尾销、 垫圈及类似品	761610	钉、平头钉、U形钉（税目83.05	76	HS第76章	980			紧固件与连接件/螺母 | 紧固件与连接件/垫圈/垫片 | 紧固件与连接件/销/卡簧 | 紧固件与连接件/扣件/连接件 | 紧固件与连接件/螺丝/螺栓	ambiguous:fastener-nut,fastener-washer,fastener-pin,fastener-rivet,fastener-screw	0.95	ambiguous
76169100	其他： 铝丝制的布、网、篱及格栅	其他： 铝丝制的布、网、篱及格栅	761691	其他： / 铝丝制的布、网、篱及格栅	76	HS第76章	980				none	0.0	unmapped
76169910	工业用	工业用	761699	其他	76	HS第76章	981				none	0.0	unmapped
76169990	其他	其他	761699	其他	76	HS第76章	981				none	0.0	unmapped
78011000	精炼铅	精炼铅	780110	精炼铅	78	HS第78章	982				none	0.0	unmapped
78019100	其他： 按重量计所含其他元素是以锑 为主的	其他： 按重量计所含其他元素是以锑 为主的	780191	其他： / 按重量计所含其他元素是以锑	78	HS第78章	982				none	0.0	unmapped
78019900	其他	其他	780199	其他： / 其他	78	HS第78章	982				none	0.0	unmapped
78020000	铅废碎料	铅废碎料	780200	铅废碎料	78	HS第78章	982				none	0.0	unmapped
78041100	板、片、带、箔： 片、带及厚度（衬背除外）不超 过0.2毫米的箔	板、片、带、箔： 片、带及厚度（衬背除外）不超 过0.2毫米的箔	780411	板、片、带、箔： / 片、带及厚度（衬背除外）不超	78	HS第78章	982				none	0.0	unmapped
78041900	其他	其他	780419	板、片、带、箔： / 其他	78	HS第78章	983				none	0.0	unmapped
78042000	粉末及片状粉末	粉末及片状粉末	780420	粉末及片状粉末	78	HS第78章	983				none	0.0	unmapped
78060010	铅条、杆、型材及异型材或丝	铅条、杆、型材及异型材或丝	780600	其他铅制品	78	HS第78章	983				none	0.0	unmapped
78060090	其他	其他	780600	其他铅制品	78	HS第78章	983				none	0.0	unmapped
79011110	非合金锌： --按重量计含锌量在99.99％及以 上： 按重量计含锌量在99.995％及 以上	非合金锌： --按重量计含锌量在99.99％及以 上： 按重量计含锌量在99.995％及 以上	790111	非合金锌： / 按重量计含锌量在99.99％及以 上	79	HS第79章	984				none	0.0	unmapped
79011190	其他	其他	790111	非合金锌： / 按重量计含锌量在99.99％及以 上	79	HS第79章	984				none	0.0	unmapped
79011200	按重量计含锌量低于99.99％	按重量计含锌量低于99.99％	790112	非合金锌： / 按重量计含锌量低于99.99％	79	HS第79章	984				none	0.0	unmapped
79012000	锌合金	锌合金	790120	锌合金	79	HS第79章	984				none	0.0	unmapped
79020000	锌废碎料	锌废碎料	790200	锌废碎料	79	HS第79章	984				none	0.0	unmapped
79031000	锌末	锌末	790310	锌末	79	HS第79章	984				none	0.0	unmapped
79039000	其他	其他	790390	其他	79	HS第79章	985				none	0.0	unmapped
79040000	锌条、杆、型材及异型材或丝	锌条、杆、型材及异型材或丝	790400	锌条、杆、型材及异型材或丝	79	HS第79章	985				none	0.0	unmapped
79050000	锌板、片、带、箔	锌板、片、带、箔	790500	锌板、片、带、箔	79	HS第79章	985				none	0.0	unmapped
79070020	锌管及锌制管子附件（例如， 接头、肘管、管套）	锌管及锌制管子附件（例如， 接头、肘管、管套）	790700	其他锌制品	79	HS第79章	985	管材管件阀门	直接/接头	管材管件阀门/直接/接头	pipe-fitting	0.72	candidate
79070030	电池壳体坯料（锌饼）	电池壳体坯料（锌饼）	790700	其他锌制品	79	HS第79章	985				none	0.0	unmapped
79070090	其他	其他	790700	其他锌制品	79	HS第79章	985				none	0.0	unmapped
80011000	非合金锡	非合金锡	800110	非合金锡	80	HS第80章	986				none	0.0	unmapped
80012010	锡合金： 锡基巴毕脱合金	锡合金： 锡基巴毕脱合金	800120	锡合金	80	HS第80章	986				none	0.0	unmapped
80012021	焊锡： 按重量计含铅量在0.1％以下 的	焊锡： 按重量计含铅量在0.1％以下 的	800120	锡合金	80	HS第80章	986				none	0.0	unmapped
80012029	焊锡： 其他	焊锡： 其他	800120	锡合金	80	HS第80章	986				none	0.0	unmapped
80012090	其他	其他	800120	锡合金	80	HS第80章	986				none	0.0	unmapped
80020000	锡废碎料	锡废碎料	800200	锡废碎料	80	HS第80章	986				none	0.0	unmapped
80030000	锡条、杆、型材及异型材或丝	锡条、杆、型材及异型材或丝	800300	锡条、杆、型材及异型材或丝	80	HS第80章	987				none	0.0	unmapped
80070020	锡板、片及带，厚度超过0.2毫 米	锡板、片及带，厚度超过0.2毫 米	800700	其他锡制品	80	HS第80章	987				none	0.0	unmapped
80070030	锡箔（不论是否印花或用纸、 纸板、塑料或类似材料衬背），厚 度（衬背除外）不超过0.2毫米； 锡粉及片状粉末	锡箔（不论是否印花或用纸、 纸板、塑料或类似材料衬背），厚 度（衬背除外）不超过0.2毫米； 锡粉及片状粉末	800700	其他锡制品	80	HS第80章	987				none	0.0	unmapped
80070040	锡管及管子附件（例如，接头、 肘管、管套）	锡管及管子附件（例如，接头、 肘管、管套）	800700	其他锡制品	80	HS第80章	987	管材管件阀门	直接/接头	管材管件阀门/直接/接头	pipe-fitting	0.72	candidate
80070090	其他	其他	800700	其他锡制品	80	HS第80章	987				none	0.0	unmapped
81011000	粉末	粉末	810110	粉末	81	HS第81章	988				none	0.0	unmapped
81019400	其他： 未锻轧钨，包括简单烧结而成的 条、杆	其他： 未锻轧钨，包括简单烧结而成的 条、杆	810194	其他： / 未锻轧钨，包括简单烧结而成的	81	HS第81章	988				none	0.0	unmapped
81019600	丝	丝	810196	其他： / 丝	81	HS第81章	988				none	0.0	unmapped
81019700	废碎料	废碎料	810197	其他： / 废碎料	81	HS第81章	988				none	0.0	unmapped
81019910	其他： 条、杆，但简单烧结而成的除 外；型材及异型材、板、片、带、 箔	其他： 条、杆，但简单烧结而成的除 外；型材及异型材、板、片、带、 箔	810199	其他	81	HS第81章	988				none	0.0	unmapped
81019990	其他	其他	810199	其他	81	HS第81章	988				none	0.0	unmapped
81021000	粉末	粉末	810210	粉末	81	HS第81章	988				none	0.0	unmapped
81029400	其他： 未锻轧钼，包括简单烧结而成的 条、杆	其他： 未锻轧钼，包括简单烧结而成的 条、杆	810294	其他： / 未锻轧钼，包括简单烧结而成的	81	HS第81章	988				none	0.0	unmapped
81029500	条、杆，但简单烧结而成的除外； 型材及异型材、板、片、带、箔	条、杆，但简单烧结而成的除外； 型材及异型材、板、片、带、箔	810295	其他： / 条、杆，但简单烧结而成的除外	81	HS第81章	989				none	0.0	unmapped
81029600	丝	丝	810296	其他： / 丝	81	HS第81章	989				none	0.0	unmapped
81029700	废碎料	废碎料	810297	其他： / 废碎料	81	HS第81章	989				none	0.0	unmapped
81029900	其他	其他	810299	其他： / 其他	81	HS第81章	989				none	0.0	unmapped
81032011	未锻轧钽，包括简单烧结而成的 条、杆；粉末： ---钽粉： 松装密度小于2.2克/立方厘米 的	未锻轧钽，包括简单烧结而成的 条、杆；粉末： ---钽粉： 松装密度小于2.2克/立方厘米 的	810320	未锻轧钽，包括简单烧结而成的 条、杆；粉末	81	HS第81章	989				none	0.0	unmapped
81032019	钽粉： 其他	钽粉： 其他	810320	未锻轧钽，包括简单烧结而成的 条、杆；粉末	81	HS第81章	989				none	0.0	unmapped
81032090	其他	其他	810320	未锻轧钽，包括简单烧结而成的 条、杆；粉末	81	HS第81章	989				none	0.0	unmapped
81033000	废碎料	废碎料	810330	废碎料	81	HS第81章	989				none	0.0	unmapped
81039100	坩埚	坩埚	810391	其他： / 坩埚	81	HS第81章	990				none	0.0	unmapped
81039911	其他： ---钽丝： 直径小于0.5毫米	其他： ---钽丝： 直径小于0.5毫米	810399	其他	81	HS第81章	990				none	0.0	unmapped
81039919	钽丝： 其他	钽丝： 其他	810399	其他	81	HS第81章	990				none	0.0	unmapped
81039990	其他	其他	810399	其他	81	HS第81章	990				none	0.0	unmapped
81041100	未锻轧镁： 按重量计含镁量至少为99.8％	未锻轧镁： 按重量计含镁量至少为99.8％	810411	未锻轧镁： / 按重量计含镁量至少为99.8％	81	HS第81章	990				none	0.0	unmapped
81041900	其他	其他	810419	未锻轧镁： / 其他	81	HS第81章	990				none	0.0	unmapped
81042000	废碎料	废碎料	810420	废碎料	81	HS第81章	990				none	0.0	unmapped
81043000	锉屑、车屑及颗粒，已按规格分 级的；粉末	锉屑、车屑及颗粒，已按规格分 级的；粉末	810430	锉屑、车屑及颗粒，已按规格分	81	HS第81章	991				none	0.0	unmapped
81049010	其他： 锻轧镁	其他： 锻轧镁	810490	其他	81	HS第81章	991				none	0.0	unmapped
81049020	镁制品	镁制品	810490	其他	81	HS第81章	991				none	0.0	unmapped
81052010	钴锍及其他冶炼钴时所得的中 间产品；未锻轧钴；粉末： 钴湿法冶炼中间品	钴锍及其他冶炼钴时所得的中 间产品；未锻轧钴；粉末： 钴湿法冶炼中间品	810520	钴锍及其他冶炼钴时所得的中 间产品；未锻轧钴；粉末	81	HS第81章	991				none	0.0	unmapped
81052020	未锻轧钴	未锻轧钴	810520	钴锍及其他冶炼钴时所得的中 间产品；未锻轧钴；粉末	81	HS第81章	991				none	0.0	unmapped
81052090	其他 钴锍及其他冶炼钴时所得的中间 产品	其他 钴锍及其他冶炼钴时所得的中间 产品	810520	钴锍及其他冶炼钴时所得的中 间产品；未锻轧钴；粉末	81	HS第81章	991				none	0.0	unmapped
81053000	废碎料	废碎料	810530	废碎料	81	HS第81章	991				none	0.0	unmapped
81059000	其他 外科植入用钴铬钼合金棒（钴≥ 55%，铬26%-30%，钼5%-7%） 血管支架用钴铬合金管（钴含量 45%及以上，铬含量19%-21%， 钨含量14%-16%，镍含量 9%-11%）	其他 外科植入用钴铬钼合金棒（钴≥ 55%，铬26%-30%，钼5%-7%） 血管支架用钴铬合金管（钴含量 45%及以上，铬含量19%-21%， 钨含量14%-16%，镍含量 9%-11%）	810590	其他	81	HS第81章	992				none	0.0	unmapped
81061010	按重量计铋含量在99.99%以上： 未锻轧铋；废碎料；粉末 未锻轧铋	按重量计铋含量在99.99%以上： 未锻轧铋；废碎料；粉末 未锻轧铋	810610	按重量计铋含量在99.99%以上	81	HS第81章	992				none	0.0	unmapped
81061090	其他	其他	810610	按重量计铋含量在99.99%以上	81	HS第81章	992				none	0.0	unmapped
81069010	其他： 未锻轧铋；废碎料；粉末 未锻轧铋	其他： 未锻轧铋；废碎料；粉末 未锻轧铋	810690	其他	81	HS第81章	992				none	0.0	unmapped
81069090	其他	其他	810690	其他	81	HS第81章	992				none	0.0	unmapped
81082021	未锻轧钛；粉末： ---未锻轧钛： 海绵钛	未锻轧钛；粉末： ---未锻轧钛： 海绵钛	810820	未锻轧钛；粉末	81	HS第81章	992				none	0.0	unmapped
81082029	未锻轧钛： 其他	未锻轧钛： 其他	810820	未锻轧钛；粉末	81	HS第81章	993				none	0.0	unmapped
81082030	粉末	粉末	810820	未锻轧钛；粉末	81	HS第81章	993				none	0.0	unmapped
81083000	废碎料	废碎料	810830	废碎料	81	HS第81章	993				none	0.0	unmapped
81089010	其他： 条、杆、型材及异型材 外科植入用钛合金条、杆、型材 及异型材（钛≥88%，5.5%≤铝 ≤6.75%，3.5%≤钒≤4.5%），复 合材料除外	其他： 条、杆、型材及异型材 外科植入用钛合金条、杆、型材 及异型材（钛≥88%，5.5%≤铝 ≤6.75%，3.5%≤钒≤4.5%），复 合材料除外	810890	其他	81	HS第81章	993				none	0.0	unmapped
81089020	丝	丝	810890	其他	81	HS第81章	993				none	0.0	unmapped
81089031	板、片、带、箔： 厚度不超过0.8毫米	板、片、带、箔： 厚度不超过0.8毫米	810890	其他	81	HS第81章	993				none	0.0	unmapped
81089032	板、片、带、箔： 厚度超过0.8毫米	板、片、带、箔： 厚度超过0.8毫米	810890	其他	81	HS第81章	993				none	0.0	unmapped
81089040	管	管	810890	其他	81	HS第81章	994				none	0.0	unmapped
81089090	其他	其他	810890	其他	81	HS第81章	994				none	0.0	unmapped
81092100	未锻轧锆；粉末： 按重量计铪与锆之比低于1:500	未锻轧锆；粉末： 按重量计铪与锆之比低于1:500	810921	未锻轧锆；粉末： / 按重量计铪与锆之比低于1:500	81	HS第81章	994				none	0.0	unmapped
81092900	其他	其他	810929	未锻轧锆；粉末： / 其他	81	HS第81章	994				none	0.0	unmapped
81093100	废碎料： 按重量计铪与锆之比低于1:500	废碎料： 按重量计铪与锆之比低于1:500	810931	废碎料： / 按重量计铪与锆之比低于1:500	81	HS第81章	994				none	0.0	unmapped
81093900	其他	其他	810939	废碎料： / 其他	81	HS第81章	994				none	0.0	unmapped
81099100	其他： 按重量计铪与锆之比低于1:500	其他： 按重量计铪与锆之比低于1:500	810991	其他： / 按重量计铪与锆之比低于1:500	81	HS第81章	994				none	0.0	unmapped
81099900	其他	其他	810999	其他： / 其他	81	HS第81章	995				none	0.0	unmapped
81101010	未锻轧锑；粉末： 未锻轧锑	未锻轧锑；粉末： 未锻轧锑	811010	未锻轧锑；粉末	81	HS第81章	995				none	0.0	unmapped
81101020	粉末	粉末	811010	未锻轧锑；粉末	81	HS第81章	995				none	0.0	unmapped
81102000	废碎料	废碎料	811020	废碎料	81	HS第81章	995				none	0.0	unmapped
81109000	其他	其他	811090	其他	81	HS第81章	995				none	0.0	unmapped
81110010	未锻轧锰；废碎料；粉末	未锻轧锰；废碎料；粉末	811100	锰及其制品，包括废碎料	81	HS第81章	995				none	0.0	unmapped
81110090	其他	其他	811100	锰及其制品，包括废碎料	81	HS第81章	995				none	0.0	unmapped
81121200	铍： 未锻轧铍；粉末	铍： 未锻轧铍；粉末	811212	铍： / 未锻轧铍；粉末	81	HS第81章	995				none	0.0	unmapped
81121300	废碎料	废碎料	811213	铍： / 废碎料	81	HS第81章	996				none	0.0	unmapped
81121900	其他	其他	811219	铍： / 其他	81	HS第81章	996				none	0.0	unmapped
81122100	铬： 未锻轧铬；粉末	铬： 未锻轧铬；粉末	811221	铬： / 未锻轧铬；粉末	81	HS第81章	996				none	0.0	unmapped
81122200	废碎料	废碎料	811222	铬： / 废碎料	81	HS第81章	996				none	0.0	unmapped
81122900	其他	其他	811229	铬： / 其他	81	HS第81章	996				none	0.0	unmapped
81123100	铪： 未锻轧铪；废碎料；粉末	铪： 未锻轧铪；废碎料；粉末	811231	铪： / 未锻轧铪；废碎料；粉末	81	HS第81章	996				none	0.0	unmapped
81123900	其他	其他	811239	铪： / 其他	81	HS第81章	996				none	0.0	unmapped
81124100	铼： 未锻轧铼；废碎料；粉末	铼： 未锻轧铼；废碎料；粉末	811241	铼： / 未锻轧铼；废碎料；粉末	81	HS第81章	996				none	0.0	unmapped
81124900	其他	其他	811249	铼： / 其他	81	HS第81章	997				none	0.0	unmapped
81125100	铊： 未锻轧铊；粉末	铊： 未锻轧铊；粉末	811251	铊： / 未锻轧铊；粉末	81	HS第81章	997				none	0.0	unmapped
81125200	废碎料	废碎料	811252	铊： / 废碎料	81	HS第81章	997				none	0.0	unmapped
81125900	其他	其他	811259	铊： / 其他	81	HS第81章	997				none	0.0	unmapped
81126100	镉： 废碎料	镉： 废碎料	811261	镉： / 废碎料	81	HS第81章	997				none	0.0	unmapped
81126910	其他： 未锻轧镉；粉末	其他： 未锻轧镉；粉末	811269	镉： / 其他	81	HS第81章	997				none	0.0	unmapped
81126990	其他	其他	811269	镉： / 其他	81	HS第81章	997				none	0.0	unmapped
81129210	其他： --未锻轧；废碎料；粉末： 锗	其他： --未锻轧；废碎料；粉末： 锗	811292	其他： / 未锻轧；废碎料；粉末	81	HS第81章	997				none	0.0	unmapped
81129220	钒	钒	811292	其他： / 未锻轧；废碎料；粉末	81	HS第81章	998				none	0.0	unmapped
81129230	铟	铟	811292	其他： / 未锻轧；废碎料；粉末	81	HS第81章	998				none	0.0	unmapped
81129240	铌 未锻轧铌(铌废碎料除外)	铌 未锻轧铌(铌废碎料除外)	811292	其他： / 未锻轧；废碎料；粉末	81	HS第81章	998				none	0.0	unmapped
81129290	其他	其他	811292	其他： / 未锻轧；废碎料；粉末	81	HS第81章	998				none	0.0	unmapped
81129910	其他： 锗	其他： 锗	811299	其他	81	HS第81章	998				none	0.0	unmapped
81129920	钒 其他钒氮合金	钒 其他钒氮合金	811299	其他	81	HS第81章	998				none	0.0	unmapped
81129930	铟	铟	811299	其他	81	HS第81章	998				none	0.0	unmapped
81129940	铌	铌	811299	其他	81	HS第81章	998				none	0.0	unmapped
81129990	其他	其他	811299	其他	81	HS第81章	998				none	0.0	unmapped
81130010	颗粒；粉末	颗粒；粉末	811300	金属陶瓷及其制品，包括废碎料	81	HS第81章	999				none	0.0	unmapped
81130090	其他 铝碳化硅（AlSiC）基板	其他 铝碳化硅（AlSiC）基板	811300	金属陶瓷及其制品，包括废碎料	81	HS第81章	999				none	0.0	unmapped
82011000	锹及铲	锹及铲	820110	锹及铲	82	HS第82章	1000				none	0.0	unmapped
82013000	镐、锄及耙	镐、锄及耙	820130	镐、锄及耙	82	HS第82章	1000				none	0.0	unmapped
82014000	斧子、钩刀及类似砍伐工具	斧子、钩刀及类似砍伐工具	820140	斧子、钩刀及类似砍伐工具	82	HS第82章	1000				none	0.0	unmapped
82015000	修枝剪及类似的单手操作剪刀 （包括家禽剪）	修枝剪及类似的单手操作剪刀 （包括家禽剪）	820150	修枝剪及类似的单手操作剪刀	82	HS第82章	1000				none	0.0	unmapped
82016000	树篱剪、双手修枝剪及类似的双 手操作剪刀	树篱剪、双手修枝剪及类似的双 手操作剪刀	820160	树篱剪、双手修枝剪及类似的双	82	HS第82章	1001				none	0.0	unmapped
82019010	用于农业、园艺或林业的其他手 工工具： 叉	用于农业、园艺或林业的其他手 工工具： 叉	820190	用于农业、园艺或林业的其他手 工工具	82	HS第82章	1001				none	0.0	unmapped
82019090	其他	其他	820190	用于农业、园艺或林业的其他手 工工具	82	HS第82章	1001				none	0.0	unmapped
82021000	手工锯	手工锯	820210	手工锯	82	HS第82章	1001				none	0.0	unmapped
82022010	带锯片： 双金属带锯条	带锯片： 双金属带锯条	820220	带锯片	82	HS第82章	1001				none	0.0	unmapped
82022090	其他	其他	820220	带锯片	82	HS第82章	1001				none	0.0	unmapped
82023100	带有钢制工作部件	带有钢制工作部件	820231	圆锯片（包括切条或切槽锯片）： / 带有钢制工作部件	82	HS第82章	1002				none	0.0	unmapped
82023910	其他，包括部件： 带有天然或合成金刚石、立方 氮化硼制的工作部件	其他，包括部件： 带有天然或合成金刚石、立方 氮化硼制的工作部件	820239	圆锯片（包括切条或切槽锯片）： / 其他，包括部件	82	HS第82章	1002				none	0.0	unmapped
82023990	其他	其他	820239	圆锯片（包括切条或切槽锯片）： / 其他，包括部件	82	HS第82章	1002				none	0.0	unmapped
82024000	链锯片	链锯片	820240	链锯片	82	HS第82章	1002				none	0.0	unmapped
82029110	其他锯片： --直锯片，加工金属用： 机械锯用	其他锯片： --直锯片，加工金属用： 机械锯用	820291	其他锯片： / 直锯片，加工金属用	82	HS第82章	1002				none	0.0	unmapped
82029190	其他	其他	820291	其他锯片： / 直锯片，加工金属用	82	HS第82章	1002				none	0.0	unmapped
82029910	其他： 机械锯用	其他： 机械锯用	820299	其他锯片： / 其他	82	HS第82章	1002				none	0.0	unmapped
82029990	其他	其他	820299	其他锯片： / 其他	82	HS第82章	1003				none	0.0	unmapped
82031000	钢锉、木锉及类似工具	钢锉、木锉及类似工具	820310	钢锉、木锉及类似工具	82	HS第82章	1003				none	0.0	unmapped
82032000	钳子（包括剪钳）、镊子及类似 工具	钳子（包括剪钳）、镊子及类似 工具	820320	钳子（包括剪钳）、镊子及类似	82	HS第82章	1003				none	0.0	unmapped
82033000	白铁剪及类似工具	白铁剪及类似工具	820330	白铁剪及类似工具	82	HS第82章	1003				none	0.0	unmapped
82034000	切管器、螺栓切头器、打孔冲子 及类似工具	切管器、螺栓切头器、打孔冲子 及类似工具	820340	切管器、螺栓切头器、打孔冲子	82	HS第82章	1003	紧固件与连接件	螺丝/螺栓	紧固件与连接件/螺丝/螺栓	fastener-screw	0.9	candidate
82041100	手动扳手及扳钳： 固定的	手动扳手及扳钳： 固定的	820411	手动扳手及扳钳： / 固定的	82	HS第82章	1003				none	0.0	unmapped
82041200	可调的	可调的	820412	手动扳手及扳钳： / 可调的	82	HS第82章	1004				none	0.0	unmapped
82042000	可互换的扳手套筒，不论是否带 手柄	可互换的扳手套筒，不论是否带 手柄	820420	可互换的扳手套筒，不论是否带	82	HS第82章	1004				none	0.0	unmapped
82051000	钻孔或攻丝工具	钻孔或攻丝工具	820510	钻孔或攻丝工具	82	HS第82章	1004				none	0.0	unmapped
82052000	锤子	锤子	820520	锤子	82	HS第82章	1004				none	0.0	unmapped
82053000	木工用刨子、凿子及类似切削工 具	木工用刨子、凿子及类似切削工 具	820530	木工用刨子、凿子及类似切削工	82	HS第82章	1004				none	0.0	unmapped
82054000	螺丝刀	螺丝刀	820540	螺丝刀	82	HS第82章	1004	紧固件与连接件	螺丝/螺栓	紧固件与连接件/螺丝/螺栓	fastener-screw	0.9	candidate
82055100	家用工具	家用工具	820551	其他手工工具（包括玻璃刀）： / 家用工具	82	HS第82章	1005				none	0.0	unmapped
82055900	其他	其他	820559	其他手工工具（包括玻璃刀）： / 其他	82	HS第82章	1005				none	0.0	unmapped
82056000	喷灯	喷灯	820560	喷灯	82	HS第82章	1005				none	0.0	unmapped
82057000	台钳、夹钳及类似品	台钳、夹钳及类似品	820570	台钳、夹钳及类似品	82	HS第82章	1005				none	0.0	unmapped
82059000	其他，包括由本税目项下两个或 多个子目所列物品组成的成套货 品	其他，包括由本税目项下两个或 多个子目所列物品组成的成套货 品	820590	其他，包括由本税目项下两个或	82	HS第82章	1005				none	0.0	unmapped
82060000	由税目82.02至82.05中两个或多 个税目所列工具组成的零售包装 成套货品	由税目82.02至82.05中两个或多 个税目所列工具组成的零售包装 成套货品	820600	由税目82.02至82.05中两个或多 个税目所列工具组成的零售包装 成套货品	82	HS第82章	1005				none	0.0	unmapped
82071300	凿岩或钻探工具： 带有金属陶瓷制的工作部件	凿岩或钻探工具： 带有金属陶瓷制的工作部件	820713	凿岩或钻探工具： / 带有金属陶瓷制的工作部件	82	HS第82章	1006				none	0.0	unmapped
82071910	其他，包括部件： 带有天然或合成金刚石、立方 氮化硼制的工作部件	其他，包括部件： 带有天然或合成金刚石、立方 氮化硼制的工作部件	820719	凿岩或钻探工具： / 其他，包括部件	82	HS第82章	1006				none	0.0	unmapped
82071990	其他	其他	820719	凿岩或钻探工具： / 其他，包括部件	82	HS第82章	1006				none	0.0	unmapped
82072010	金属拉拔或挤压用模： 带有天然或合成金刚石、立方 氮化硼制的工作部件	金属拉拔或挤压用模： 带有天然或合成金刚石、立方 氮化硼制的工作部件	820720	金属拉拔或挤压用模	82	HS第82章	1006				none	0.0	unmapped
82072090	其他	其他	820720	金属拉拔或挤压用模	82	HS第82章	1006				none	0.0	unmapped
82073000	锻压或冲压工具	锻压或冲压工具	820730	锻压或冲压工具	82	HS第82章	1006				none	0.0	unmapped
82074000	攻丝工具	攻丝工具	820740	攻丝工具	82	HS第82章	1007				none	0.0	unmapped
82075010	钻孔工具，但凿岩及钻探用的除 外： 带有天然或合成金刚石、立方 氮化硼制的工作部件	钻孔工具，但凿岩及钻探用的除 外： 带有天然或合成金刚石、立方 氮化硼制的工作部件	820750	钻孔工具，但凿岩及钻探用的除 外	82	HS第82章	1007				none	0.0	unmapped
82075090	其他	其他	820750	钻孔工具，但凿岩及钻探用的除 外	82	HS第82章	1007				none	0.0	unmapped
82076010	镗孔或铰孔工具： 带有天然或合成金刚石、立方 氮化硼制的工作部件	镗孔或铰孔工具： 带有天然或合成金刚石、立方 氮化硼制的工作部件	820760	镗孔或铰孔工具	82	HS第82章	1007				none	0.0	unmapped
82076090	其他	其他	820760	镗孔或铰孔工具	82	HS第82章	1007				none	0.0	unmapped
82077010	铣削工具： 带有天然或合成金刚石、立方 氮化硼制的工作部件	铣削工具： 带有天然或合成金刚石、立方 氮化硼制的工作部件	820770	铣削工具	82	HS第82章	1007				none	0.0	unmapped
82077090	其他	其他	820770	铣削工具	82	HS第82章	1008				none	0.0	unmapped
82078010	车削工具： 带有天然或合成金刚石、立方 氮化硼制的工作部件	车削工具： 带有天然或合成金刚石、立方 氮化硼制的工作部件	820780	车削工具	82	HS第82章	1008				none	0.0	unmapped
82078090	其他	其他	820780	车削工具	82	HS第82章	1008				none	0.0	unmapped
82079010	其他可互换工具： 带有天然或合成金刚石、立方 氮化硼制的工作部件	其他可互换工具： 带有天然或合成金刚石、立方 氮化硼制的工作部件	820790	其他可互换工具	82	HS第82章	1008				none	0.0	unmapped
82079090	其他	其他	820790	其他可互换工具	82	HS第82章	1008				none	0.0	unmapped
82081011	金属加工用： ---硬质合金制的： 经镀或涂层的	金属加工用： ---硬质合金制的： 经镀或涂层的	820810	金属加工用	82	HS第82章	1008				none	0.0	unmapped
82081019	硬质合金制的： 其他	硬质合金制的： 其他	820810	金属加工用	82	HS第82章	1009				none	0.0	unmapped
82081090	其他	其他	820810	金属加工用	82	HS第82章	1009				none	0.0	unmapped
82082000	木器加工用	木器加工用	820820	木器加工用	82	HS第82章	1009				none	0.0	unmapped
82083000	厨房器具或食品工业机器用	厨房器具或食品工业机器用	820830	厨房器具或食品工业机器用	82	HS第82章	1009				none	0.0	unmapped
82084000	农业、园艺或林业机器用	农业、园艺或林业机器用	820840	农业、园艺或林业机器用	82	HS第82章	1009				none	0.0	unmapped
82089000	其他	其他	820890	其他	82	HS第82章	1009				none	0.0	unmapped
82090010	板	板	820900	未装配的工具用金属陶瓷板、杆、 刀头及类似品	82	HS第82章	1010				none	0.0	unmapped
82090021	条、杆： 晶粒度小于0.8微米的	条、杆： 晶粒度小于0.8微米的	820900	未装配的工具用金属陶瓷板、杆、 刀头及类似品	82	HS第82章	1010				none	0.0	unmapped
82090029	条、杆： 其他	条、杆： 其他	820900	未装配的工具用金属陶瓷板、杆、 刀头及类似品	82	HS第82章	1010				none	0.0	unmapped
82090030	刀头	刀头	820900	未装配的工具用金属陶瓷板、杆、 刀头及类似品	82	HS第82章	1010				none	0.0	unmapped
82090090	其他	其他	820900	未装配的工具用金属陶瓷板、杆、 刀头及类似品	82	HS第82章	1010				none	0.0	unmapped
82100000	用于加工或调制食品或饮料的手 动机械器具，重量不超过10千克	用于加工或调制食品或饮料的手 动机械器具，重量不超过10千克	821000	用于加工或调制食品或饮料的手 动机械器具，重量不超过10千克	82	HS第82章	1011				none	0.0	unmapped
82111000	成套货品	成套货品	821110	成套货品	82	HS第82章	1011				none	0.0	unmapped
82119100	其他： 刃面固定的餐刀	其他： 刃面固定的餐刀	821191	其他： / 刃面固定的餐刀	82	HS第82章	1011				none	0.0	unmapped
82119200	刃面固定的其他刀	刃面固定的其他刀	821192	其他： / 刃面固定的其他刀	82	HS第82章	1011				none	0.0	unmapped
82119300	刃面不固定的刀	刃面不固定的刀	821193	其他： / 刃面不固定的刀	82	HS第82章	1011				none	0.0	unmapped
82119400	刀片	刀片	821194	其他： / 刀片	82	HS第82章	1011				none	0.0	unmapped
82119500	贱金属制的刀柄	贱金属制的刀柄	821195	其他： / 贱金属制的刀柄	82	HS第82章	1012				none	0.0	unmapped
82121000	剃刀	剃刀	821210	剃刀	82	HS第82章	1012				none	0.0	unmapped
82122000	安全刀片，包括未分开的刀片条	安全刀片，包括未分开的刀片条	821220	安全刀片，包括未分开的刀片条	82	HS第82章	1012				none	0.0	unmapped
82129000	其他零件	其他零件	821290	其他零件	82	HS第82章	1012				none	0.0	unmapped
82130000	剪刀、裁缝剪刀及类似品、剪刀 片	剪刀、裁缝剪刀及类似品、剪刀 片	821300	剪刀、裁缝剪刀及类似品、剪刀 片	82	HS第82章	1012				none	0.0	unmapped
82141000	裁纸刀、开信刀、改错刀、铅笔 刀及其刀片	裁纸刀、开信刀、改错刀、铅笔 刀及其刀片	821410	裁纸刀、开信刀、改错刀、铅笔	82	HS第82章	1012				none	0.0	unmapped
82142000	修指甲及修脚用具（包括指甲 锉）	修指甲及修脚用具（包括指甲 锉）	821420	修指甲及修脚用具（包括指甲	82	HS第82章	1013				none	0.0	unmapped
82149000	其他	其他	821490	其他	82	HS第82章	1013				none	0.0	unmapped
82151000	成套货品，至少其中一件物品是 镀贵金属的	成套货品，至少其中一件物品是 镀贵金属的	821510	成套货品，至少其中一件物品是	82	HS第82章	1013				none	0.0	unmapped
82152000	其他成套货品	其他成套货品	821520	其他成套货品	82	HS第82章	1013				none	0.0	unmapped
82159100	其他： 镀贵金属的	其他： 镀贵金属的	821591	其他： / 镀贵金属的	82	HS第82章	1013				none	0.0	unmapped
82159900	其他	其他	821599	其他： / 其他	82	HS第82章	1013				none	0.0	unmapped
83011000	挂锁	挂锁	830110	挂锁	83	HS第83章	1014				none	0.0	unmapped
83012010	机动车用锁： 中央控制门锁	机动车用锁： 中央控制门锁	830120	机动车用锁	83	HS第83章	1014				none	0.0	unmapped
83012090	其他	其他	830120	机动车用锁	83	HS第83章	1014				none	0.0	unmapped
83013000	家具用锁	家具用锁	830130	家具用锁	83	HS第83章	1014				none	0.0	unmapped
83014000	其他锁	其他锁	830140	其他锁	83	HS第83章	1015				none	0.0	unmapped
83015000	带锁的扣环及扣环框架	带锁的扣环及扣环框架	830150	带锁的扣环及扣环框架	83	HS第83章	1015				none	0.0	unmapped
83016000	零件	零件	830160	零件	83	HS第83章	1015				none	0.0	unmapped
83017000	钥匙	钥匙	830170	钥匙	83	HS第83章	1015				none	0.0	unmapped
83021000	铰链（折叶）	铰链（折叶）	830210	铰链（折叶）	83	HS第83章	1015				none	0.0	unmapped
83022000	小脚轮	小脚轮	830220	小脚轮	83	HS第83章	1016				none	0.0	unmapped
83023000	机动车辆用的其他附件及架座	机动车辆用的其他附件及架座	830230	机动车辆用的其他附件及架座	83	HS第83章	1016				none	0.0	unmapped
83024100	其他附件及架座： 建筑用	其他附件及架座： 建筑用	830241	其他附件及架座： / 建筑用	83	HS第83章	1016				none	0.0	unmapped
83024200	其他，家具用	其他，家具用	830242	其他附件及架座： / 其他，家具用	83	HS第83章	1016				none	0.0	unmapped
83024900	其他	其他	830249	其他附件及架座： / 其他	83	HS第83章	1016				none	0.0	unmapped
83025000	帽架、帽钩、托架及类似品	帽架、帽钩、托架及类似品	830250	帽架、帽钩、托架及类似品	83	HS第83章	1017				none	0.0	unmapped
83026000	自动闭门器	自动闭门器	830260	自动闭门器	83	HS第83章	1017				none	0.0	unmapped
83030000	装甲或加强的贱金属制保险箱、 保险柜及保险库的门和带锁保险 储存橱、钱箱、契约箱及类似品	装甲或加强的贱金属制保险箱、 保险柜及保险库的门和带锁保险 储存橱、钱箱、契约箱及类似品	830300	装甲或加强的贱金属制保险箱、 保险柜及保险库的门和带锁保险 储存橱、钱箱、契约箱及类似品	83	HS第83章	1017				none	0.0	unmapped
83040000	贱金属制的档案柜、卡片索引柜、 文件盘、文件篮、笔盘、公章架 及类似的办公用具，但税目94.03 的办公室家具除外	贱金属制的档案柜、卡片索引柜、 文件盘、文件篮、笔盘、公章架 及类似的办公用具，但税目94.03 的办公室家具除外	830400	贱金属制的档案柜、卡片索引柜、 文件盘、文件篮、笔盘、公章架 及类似的办公用具，但税目94.03 的办公室家具除外	83	HS第83章	1017				none	0.0	unmapped
83051000	活页夹或卷宗夹的附件	活页夹或卷宗夹的附件	830510	活页夹或卷宗夹的附件	83	HS第83章	1017				none	0.0	unmapped
83052000	成条钉书钉	成条钉书钉	830520	成条钉书钉	83	HS第83章	1018				none	0.0	unmapped
83059000	其他，包括零件	其他，包括零件	830590	其他，包括零件	83	HS第83章	1018				none	0.0	unmapped
83061000	铃、钟、锣及类似品	铃、钟、锣及类似品	830610	铃、钟、锣及类似品	83	HS第83章	1018				none	0.0	unmapped
83062100	雕塑像及其他装饰品： 镀贵金属的	雕塑像及其他装饰品： 镀贵金属的	830621	雕塑像及其他装饰品： / 镀贵金属的	83	HS第83章	1018				none	0.0	unmapped
83062910	其他： 景泰蓝的	其他： 景泰蓝的	830629	雕塑像及其他装饰品： / 其他	83	HS第83章	1018				none	0.0	unmapped
83062990	其他	其他	830629	雕塑像及其他装饰品： / 其他	83	HS第83章	1018				none	0.0	unmapped
83063000	相框、画框及类似框架；镜子	相框、画框及类似框架；镜子	830630	相框、画框及类似框架；镜子	83	HS第83章	1018				none	0.0	unmapped
83071000	钢铁制	钢铁制	830710	钢铁制	83	HS第83章	1019				none	0.0	unmapped
83079000	其他贱金属制	其他贱金属制	830790	其他贱金属制	83	HS第83章	1019				none	0.0	unmapped
83081000	钩、环及眼	钩、环及眼	830810	钩、环及眼	83	HS第83章	1019				none	0.0	unmapped
83082000	管形铆钉及开口铆钉	管形铆钉及开口铆钉	830820	管形铆钉及开口铆钉	83	HS第83章	1019	紧固件与连接件	扣件/连接件	紧固件与连接件/扣件/连接件	fastener-rivet	0.88	candidate
83089000	其他，包括零件	其他，包括零件	830890	其他，包括零件	83	HS第83章	1019				none	0.0	unmapped
83091000	冠形瓶塞	冠形瓶塞	830910	冠形瓶塞	83	HS第83章	1020				none	0.0	unmapped
83099000	其他	其他	830990	其他	83	HS第83章	1020				none	0.0	unmapped
83100000	贱金属制的标志牌、铭牌、地名 牌及类似品、号码、字母及类似 标志，但税目94.05的货品除外	贱金属制的标志牌、铭牌、地名 牌及类似品、号码、字母及类似 标志，但税目94.05的货品除外	831000	贱金属制的标志牌、铭牌、地名 牌及类似品、号码、字母及类似 标志，但税目94.05的货品除外	83	HS第83章	1020				none	0.0	unmapped
83111000	以焊剂涂面的贱金属制电极，电 弧焊用	以焊剂涂面的贱金属制电极，电 弧焊用	831110	以焊剂涂面的贱金属制电极，电	83	HS第83章	1020				none	0.0	unmapped
83112000	以焊剂为芯的贱金属制焊丝，电 弧焊用	以焊剂为芯的贱金属制焊丝，电 弧焊用	831120	以焊剂为芯的贱金属制焊丝，电	83	HS第83章	1021				none	0.0	unmapped
83113000	以焊剂涂面的贱金属条和以焊 剂为芯的贱金属丝，钎焊或气焊 用	以焊剂涂面的贱金属条和以焊 剂为芯的贱金属丝，钎焊或气焊 用	831130	以焊剂涂面的贱金属条和以焊	83	HS第83章	1021				none	0.0	unmapped
83119000	其他	其他	831190	其他	83	HS第83章	1021				none	0.0	unmapped
84011000	核反应堆	核反应堆	840110	核反应堆	84	HS第84章	1029				none	0.0	unmapped
84012000	同位素分离机器、装置及其零件	同位素分离机器、装置及其零件	840120	同位素分离机器、装置及其零件	84	HS第84章	1029				none	0.0	unmapped
84013010	未辐照燃料元件（释热元件）： 未辐照燃料元件	未辐照燃料元件（释热元件）： 未辐照燃料元件	840130	未辐照燃料元件（释热元件）	84	HS第84章	1029				none	0.0	unmapped
84013090	未辐照燃料元件的零件	未辐照燃料元件的零件	840130	未辐照燃料元件（释热元件）	84	HS第84章	1029				none	0.0	unmapped
84014010	核反应堆零件： 未辐照相关组件	核反应堆零件： 未辐照相关组件	840140	核反应堆零件	84	HS第84章	1029				none	0.0	unmapped
84014020	堆内构件	堆内构件	840140	核反应堆零件	84	HS第84章	1029				none	0.0	unmapped
84014090	其他	其他	840140	核反应堆零件	84	HS第84章	1029				none	0.0	unmapped
84021110	蒸汽锅炉： --蒸发量超过45吨/时的水管锅 炉： 蒸发量在900吨/时及以上的发 电用锅炉	蒸汽锅炉： --蒸发量超过45吨/时的水管锅 炉： 蒸发量在900吨/时及以上的发 电用锅炉	840211	蒸汽锅炉： / 蒸发量超过45吨 / 时的水管锅 炉	84	HS第84章	1029				none	0.0	unmapped
84021190	其他	其他	840211	蒸汽锅炉： / 蒸发量超过45吨 / 时的水管锅 炉	84	HS第84章	1030				none	0.0	unmapped
84021200	蒸发量不超过45吨/时的水管锅 炉	蒸发量不超过45吨/时的水管锅 炉	840212	蒸汽锅炉： / 蒸发量不超过45吨/时的水管锅	84	HS第84章	1030				none	0.0	unmapped
84021900	其他蒸汽锅炉，包括混合式锅炉	其他蒸汽锅炉，包括混合式锅炉	840219	蒸汽锅炉： / 其他蒸汽锅炉，包括混合式锅炉	84	HS第84章	1030				none	0.0	unmapped
84022000	过热水锅炉	过热水锅炉	840220	过热水锅炉	84	HS第84章	1030				none	0.0	unmapped
84029000	零件	零件	840290	零件	84	HS第84章	1030				none	0.0	unmapped
84031010	锅炉： 家用型	锅炉： 家用型	840310	锅炉	84	HS第84章	1030				none	0.0	unmapped
84031090	其他	其他	840310	锅炉	84	HS第84章	1031				none	0.0	unmapped
84039000	零件	零件	840390	零件	84	HS第84章	1031				none	0.0	unmapped
84041010	税目84.02或84.03所列锅炉的辅 助设备： 税目84.02所列锅炉的辅助设备 使用（可再生）生物质燃料的非 水管蒸汽锅炉的辅助设备	税目84.02或84.03所列锅炉的辅 助设备： 税目84.02所列锅炉的辅助设备 使用（可再生）生物质燃料的非 水管蒸汽锅炉的辅助设备	840410	税目84.02或84.03所列锅炉的辅 助设备	84	HS第84章	1031				none	0.0	unmapped
84041020	税目84.03所列锅炉的辅助设备	税目84.03所列锅炉的辅助设备	840410	税目84.02或84.03所列锅炉的辅 助设备	84	HS第84章	1031				none	0.0	unmapped
84042000	水蒸汽或其他蒸汽动力装置的 冷凝器	水蒸汽或其他蒸汽动力装置的 冷凝器	840420	水蒸汽或其他蒸汽动力装置的	84	HS第84章	1031				none	0.0	unmapped
84049010	零件： 子目8404.1020所列设备的零件	零件： 子目8404.1020所列设备的零件	840490	零件	84	HS第84章	1031				none	0.0	unmapped
84049090	其他 使用（可再生）生物质燃料的非 水管蒸汽锅炉的辅助设备的零 件；水蒸汽或其他蒸汽动力装置 的冷凝器的零件	其他 使用（可再生）生物质燃料的非 水管蒸汽锅炉的辅助设备的零 件；水蒸汽或其他蒸汽动力装置 的冷凝器的零件	840490	零件	84	HS第84章	1032				none	0.0	unmapped
84051000	煤气发生器，不论有无净化器； 乙炔发生器及类似的水解气体发 生器，不论有无净化器	煤气发生器，不论有无净化器； 乙炔发生器及类似的水解气体发 生器，不论有无净化器	840510	煤气发生器，不论有无净化器	84	HS第84章	1032				none	0.0	unmapped
84059000	零件	零件	840590	零件	84	HS第84章	1032				none	0.0	unmapped
84061000	船舶动力用汽轮机	船舶动力用汽轮机	840610	船舶动力用汽轮机	84	HS第84章	1032				none	0.0	unmapped
84068110	其他汽轮机： --输出功率超过40兆瓦的： 输出功率不超过100兆瓦的	其他汽轮机： --输出功率超过40兆瓦的： 输出功率不超过100兆瓦的	840681	其他汽轮机： / 输出功率超过40兆瓦的	84	HS第84章	1032				none	0.0	unmapped
84068120	输出功率超过100兆瓦，但不超 过350兆瓦的	输出功率超过100兆瓦，但不超 过350兆瓦的	840681	其他汽轮机： / 输出功率超过40兆瓦的	84	HS第84章	1032				none	0.0	unmapped
84068130	输出功率超过350兆瓦的	输出功率超过350兆瓦的	840681	其他汽轮机： / 输出功率超过40兆瓦的	84	HS第84章	1032				none	0.0	unmapped
84068200	输出功率不超过40兆瓦的	输出功率不超过40兆瓦的	840682	其他汽轮机： / 输出功率不超过40兆瓦的	84	HS第84章	1033				none	0.0	unmapped
84069000	零件	零件	840690	零件	84	HS第84章	1033				none	0.0	unmapped
84071010	航空器发动机： 输出功率不超过298千瓦	航空器发动机： 输出功率不超过298千瓦	840710	航空器发动机	84	HS第84章	1033				none	0.0	unmapped
84071020	输出功率超过298千瓦	输出功率超过298千瓦	840710	航空器发动机	84	HS第84章	1033				none	0.0	unmapped
84072100	船舶发动机： 舷外发动机	船舶发动机： 舷外发动机	840721	船舶发动机： / 舷外发动机	84	HS第84章	1033				none	0.0	unmapped
84072900	其他	其他	840729	船舶发动机： / 其他	84	HS第84章	1033				none	0.0	unmapped
84073100	用于第八十七章所列车辆的往 复式活塞发动机： 气缸容量（排气量）不超过50 毫升	用于第八十七章所列车辆的往 复式活塞发动机： 气缸容量（排气量）不超过50 毫升	840731	用于第八十七章所列车辆的往 复式活塞发动机： / 气缸容量（排气量）不超过50	84	HS第84章	1033				none	0.0	unmapped
84073200	气缸容量（排气量）超过50毫升， 但不超过250毫升	气缸容量（排气量）超过50毫升， 但不超过250毫升	840732	用于第八十七章所列车辆的往 复式活塞发动机： / 气缸容量（排气量）超过50毫升，	84	HS第84章	1034				none	0.0	unmapped
84073300	气缸容量（排气量）超过250毫 升，但不超过1000毫升	气缸容量（排气量）超过250毫 升，但不超过1000毫升	840733	用于第八十七章所列车辆的往 复式活塞发动机： / 气缸容量（排气量）超过250毫	84	HS第84章	1034				none	0.0	unmapped
84073410	气缸容量（排气量）超过1000 毫升： 气缸容量（排气量）超过1000 毫升，但不超过3000毫升	气缸容量（排气量）超过1000 毫升： 气缸容量（排气量）超过1000 毫升，但不超过3000毫升	840734	用于第八十七章所列车辆的往 复式活塞发动机： / 气缸容量（排气量）超过1000 毫升	84	HS第84章	1034				none	0.0	unmapped
84073420	气缸容量（排气量）超过3000 毫升	气缸容量（排气量）超过3000 毫升	840734	用于第八十七章所列车辆的往 复式活塞发动机： / 气缸容量（排气量）超过1000 毫升	84	HS第84章	1034				none	0.0	unmapped
84079010	其他发动机： 沼气发动机	其他发动机： 沼气发动机	840790	其他发动机	84	HS第84章	1034				none	0.0	unmapped
84079090	其他 叉车用汽油发动机（800转/分钟 ≤转速≤3400转/分钟）	其他 叉车用汽油发动机（800转/分钟 ≤转速≤3400转/分钟）	840790	其他发动机	84	HS第84章	1035				none	0.0	unmapped
84081000	船舶发动机	船舶发动机	840810	船舶发动机	84	HS第84章	1035				none	0.0	unmapped
84082010	用于第八十七章所列车辆的发 动机： 输出功率在132.39千瓦（180马 力）及以上 输出功率在441千瓦（600马力） 及以上的柴油发动机	用于第八十七章所列车辆的发 动机： 输出功率在132.39千瓦（180马 力）及以上 输出功率在441千瓦（600马力） 及以上的柴油发动机	840820	用于第八十七章所列车辆的发 动机	84	HS第84章	1035				none	0.0	unmapped
84082090	其他	其他	840820	用于第八十七章所列车辆的发 动机	84	HS第84章	1035				none	0.0	unmapped
84089010	其他发动机： 机车发动机	其他发动机： 机车发动机	840890	其他发动机	84	HS第84章	1035				none	0.0	unmapped
84089091	其他： 输出功率不超过14千瓦	其他： 输出功率不超过14千瓦	840890	其他发动机	84	HS第84章	1036				none	0.0	unmapped
84089092	其他： 输出功率超过14千瓦，但小于 132.39千瓦（180马力）	其他： 输出功率超过14千瓦，但小于 132.39千瓦（180马力）	840890	其他发动机	84	HS第84章	1036				none	0.0	unmapped
84089093	其他： 输出功率在132.39千瓦（180 马力）及以上	其他： 输出功率在132.39千瓦（180 马力）及以上	840890	其他发动机	84	HS第84章	1036				none	0.0	unmapped
84091000	航空器发动机用	航空器发动机用	840910	航空器发动机用	84	HS第84章	1036				none	0.0	unmapped
84099110	其他： --专用于或主要用于点燃式活塞 内燃发动机的： 船舶发动机用	其他： --专用于或主要用于点燃式活塞 内燃发动机的： 船舶发动机用	840991	其他： / 专用于或主要用于点燃式活塞 内燃发动机的	84	HS第84章	1036				none	0.0	unmapped
84099191	其他： 电控燃油喷射装置	其他： 电控燃油喷射装置	840991	其他： / 专用于或主要用于点燃式活塞 内燃发动机的	84	HS第84章	1036				none	0.0	unmapped
84099199	其他： 其他 汽车用电子节气门	其他： 其他 汽车用电子节气门	840991	其他： / 专用于或主要用于点燃式活塞 内燃发动机的	84	HS第84章	1037				none	0.0	unmapped
84099910	其他： 船舶发动机用	其他： 船舶发动机用	840999	其他	84	HS第84章	1037				none	0.0	unmapped
84099920	机车发动机用	机车发动机用	840999	其他	84	HS第84章	1037				none	0.0	unmapped
84099991	其他： 输出功率在132.39千瓦（180 马力）及以上的发动机用	其他： 输出功率在132.39千瓦（180 马力）及以上的发动机用	840999	其他	84	HS第84章	1037				none	0.0	unmapped
84099999	其他： 其他 电控柴油喷射装置及其零件	其他： 其他 电控柴油喷射装置及其零件	840999	其他	84	HS第84章	1037				none	0.0	unmapped
84101100	水轮机及水轮： 功率不超过1000千瓦	水轮机及水轮： 功率不超过1000千瓦	841011	水轮机及水轮： / 功率不超过1000千瓦	84	HS第84章	1037				none	0.0	unmapped
84101200	功率超过1000千瓦，但不超过 10000千瓦	功率超过1000千瓦，但不超过 10000千瓦	841012	水轮机及水轮： / 功率超过1000千瓦，但不超过	84	HS第84章	1038				none	0.0	unmapped
84101310	功率超过10000千瓦： 功率超过30000千瓦的冲击式 水轮机及水轮	功率超过10000千瓦： 功率超过30000千瓦的冲击式 水轮机及水轮	841013	水轮机及水轮： / 功率超过10000千瓦	84	HS第84章	1038				none	0.0	unmapped
84101320	功率超过35000千瓦的贯流式 水轮机及水轮	功率超过35000千瓦的贯流式 水轮机及水轮	841013	水轮机及水轮： / 功率超过10000千瓦	84	HS第84章	1038				none	0.0	unmapped
84101330	功率超过200000千瓦的水泵水 轮机及水轮	功率超过200000千瓦的水泵水 轮机及水轮	841013	水轮机及水轮： / 功率超过10000千瓦	84	HS第84章	1038				none	0.0	unmapped
84101390	其他	其他	841013	水轮机及水轮： / 功率超过10000千瓦	84	HS第84章	1038				none	0.0	unmapped
84109010	零件，包括调节器： 调节器	零件，包括调节器： 调节器	841090	零件，包括调节器	84	HS第84章	1038				none	0.0	unmapped
84109090	其他	其他	841090	零件，包括调节器	84	HS第84章	1039				none	0.0	unmapped
84111110	涡轮喷气发动机： --推力不超过25千牛顿： 涡轮风扇发动机	涡轮喷气发动机： --推力不超过25千牛顿： 涡轮风扇发动机	841111	涡轮喷气发动机： / 推力不超过25千牛顿	84	HS第84章	1039				none	0.0	unmapped
84111190	其他	其他	841111	涡轮喷气发动机： / 推力不超过25千牛顿	84	HS第84章	1039				none	0.0	unmapped
84111210	推力超过25千牛顿： 涡轮风扇发动机	推力超过25千牛顿： 涡轮风扇发动机	841112	涡轮喷气发动机： / 推力超过25千牛顿	84	HS第84章	1039				none	0.0	unmapped
84111290	其他	其他	841112	涡轮喷气发动机： / 推力超过25千牛顿	84	HS第84章	1039				none	0.0	unmapped
84112100	涡轮螺桨发动机： 功率不超过1100千瓦	涡轮螺桨发动机： 功率不超过1100千瓦	841121	涡轮螺桨发动机： / 功率不超过1100千瓦	84	HS第84章	1039				none	0.0	unmapped
84112210	功率超过1100千瓦： 功率超过1100千瓦，但不超过 2238千瓦	功率超过1100千瓦： 功率超过1100千瓦，但不超过 2238千瓦	841122	涡轮螺桨发动机： / 功率超过1100千瓦	84	HS第84章	1039				none	0.0	unmapped
84112220	功率超过2238千瓦，但不超过 3730千瓦	功率超过2238千瓦，但不超过 3730千瓦	841122	涡轮螺桨发动机： / 功率超过1100千瓦	84	HS第84章	1039				none	0.0	unmapped
84112230	功率超过3730千瓦	功率超过3730千瓦	841122	涡轮螺桨发动机： / 功率超过1100千瓦	84	HS第84章	1040				none	0.0	unmapped
84118100	其他燃气轮机： 功率不超过5000千瓦 涡轮轴航空发动机 功率≥3500千瓦的涡轮轴发动机 （航空发动机除外）	其他燃气轮机： 功率不超过5000千瓦 涡轮轴航空发动机 功率≥3500千瓦的涡轮轴发动机 （航空发动机除外）	841181	其他燃气轮机： / 功率不超过5000千瓦	84	HS第84章	1040				none	0.0	unmapped
84118200	功率超过5000千瓦	功率超过5000千瓦	841182	其他燃气轮机： / 功率超过5000千瓦	84	HS第84章	1040				none	0.0	unmapped
84119100	零件： 涡轮喷气发动机或涡轮螺桨发 动机用	零件： 涡轮喷气发动机或涡轮螺桨发 动机用	841191	零件： / 涡轮喷气发动机或涡轮螺桨发	84	HS第84章	1040				none	0.0	unmapped
84119910	其他： 涡轮轴发动机用 涡轮轴航空发动机用零件	其他： 涡轮轴发动机用 涡轮轴航空发动机用零件	841199	零件： / 其他	84	HS第84章	1040				none	0.0	unmapped
84119990	其他	其他	841199	零件： / 其他	84	HS第84章	1040				none	0.0	unmapped
84121010	喷气发动机，但涡轮喷气发动机 除外： 航空器及航天器用	喷气发动机，但涡轮喷气发动机 除外： 航空器及航天器用	841210	喷气发动机，但涡轮喷气发动机 除外	84	HS第84章	1040				none	0.0	unmapped
84121090	其他	其他	841210	喷气发动机，但涡轮喷气发动机 除外	84	HS第84章	1041				none	0.0	unmapped
84122100	液压动力装置： 直线作用（液压缸）的 压力机用数控液压气垫 飞机发动机用液压直线作动筒	液压动力装置： 直线作用（液压缸）的 压力机用数控液压气垫 飞机发动机用液压直线作动筒	841221	液压动力装置： / 直线作用（液压缸）的	84	HS第84章	1041				none	0.0	unmapped
84122910	其他： 液压马达	其他： 液压马达	841229	液压动力装置： / 其他	84	HS第84章	1041				none	0.0	unmapped
84122990	其他 抓桩器（抱桩器） 飞机发动机用液压作动器	其他 抓桩器（抱桩器） 飞机发动机用液压作动器	841229	液压动力装置： / 其他	84	HS第84章	1041				none	0.0	unmapped
84123100	气压动力装置： 直线作用（气压缸）的 三坐标测量机用平衡气缸 飞机舱门气动作动筒	气压动力装置： 直线作用（气压缸）的 三坐标测量机用平衡气缸 飞机舱门气动作动筒	841231	气压动力装置： / 直线作用（气压缸）的	84	HS第84章	1041				none	0.0	unmapped
84123900	其他 飞机发动机用气压作动器	其他 飞机发动机用气压作动器	841239	气压动力装置： / 其他	84	HS第84章	1042				none	0.0	unmapped
84128000	其他	其他	841280	其他	84	HS第84章	1042				none	0.0	unmapped
84129010	零件： 子目8412.1010所列机器的零件	零件： 子目8412.1010所列机器的零件	841290	零件	84	HS第84章	1042				none	0.0	unmapped
84129090	其他 风力发动机零件 飞机发动机用作动筒壳体	其他 风力发动机零件 飞机发动机用作动筒壳体	841290	零件	84	HS第84章	1042				none	0.0	unmapped
84131100	装有或可装计量装置的泵： 分装燃料或润滑油的泵，用于加 油站或车库	装有或可装计量装置的泵： 分装燃料或润滑油的泵，用于加 油站或车库	841311	装有或可装计量装置的泵： / 分装燃料或润滑油的泵，用于加	84	HS第84章	1042				none	0.0	unmapped
84131900	其他	其他	841319	装有或可装计量装置的泵： / 其他	84	HS第84章	1043				none	0.0	unmapped
84132000	手泵，但子目8413.11或8413.19 的货品除外	手泵，但子目8413.11或8413.19 的货品除外	841320	手泵，但子目8413.11或8413.19	84	HS第84章	1043				none	0.0	unmapped
84133021	活塞式内燃发动机用的燃油泵、 润滑油泵或冷却剂泵： ---燃油泵： 输出功率在132.39千瓦（180 马力）及以上的发动机用燃油泵	活塞式内燃发动机用的燃油泵、 润滑油泵或冷却剂泵： ---燃油泵： 输出功率在132.39千瓦（180 马力）及以上的发动机用燃油泵	841330	活塞式内燃发动机用的燃油泵、 润滑油泵或冷却剂泵	84	HS第84章	1043				none	0.0	unmapped
84133029	燃油泵： 其他	燃油泵： 其他	841330	活塞式内燃发动机用的燃油泵、 润滑油泵或冷却剂泵	84	HS第84章	1043				none	0.0	unmapped
84133030	润滑油泵	润滑油泵	841330	活塞式内燃发动机用的燃油泵、 润滑油泵或冷却剂泵	84	HS第84章	1043				none	0.0	unmapped
84133090	其他	其他	841330	活塞式内燃发动机用的燃油泵、 润滑油泵或冷却剂泵	84	HS第84章	1043				none	0.0	unmapped
84134000	混凝土泵	混凝土泵	841340	混凝土泵	84	HS第84章	1044				none	0.0	unmapped
84135010	其他往复式排液泵： 气动式	其他往复式排液泵： 气动式	841350	其他往复式排液泵	84	HS第84章	1044				none	0.0	unmapped
84135020	电动式 电动吸奶器 集成电路制造用高精度光刻胶泵	电动式 电动吸奶器 集成电路制造用高精度光刻胶泵	841350	其他往复式排液泵	84	HS第84章	1044				none	0.0	unmapped
84135031	液压式： 柱塞泵 飞机用液压柱塞泵 其他往复式液压柱塞泵	液压式： 柱塞泵 飞机用液压柱塞泵 其他往复式液压柱塞泵	841350	其他往复式排液泵	84	HS第84章	1044				none	0.0	unmapped
84135039	液压式： 其他	液压式： 其他	841350	其他往复式排液泵	84	HS第84章	1045				none	0.0	unmapped
84135090	其他	其他	841350	其他往复式排液泵	84	HS第84章	1045				none	0.0	unmapped
84136021	其他回转式排液泵： ---齿轮泵： 电动式	其他回转式排液泵： ---齿轮泵： 电动式	841360	其他回转式排液泵	84	HS第84章	1045				none	0.0	unmapped
84136022	齿轮泵： 液压式 回转式液压油泵,输入转速＞2000 转/分钟,输入功率＞190千瓦,最 大流量＞2*280升/分钟 其他液压式齿轮回转泵	齿轮泵： 液压式 回转式液压油泵,输入转速＞2000 转/分钟,输入功率＞190千瓦,最 大流量＞2*280升/分钟 其他液压式齿轮回转泵	841360	其他回转式排液泵	84	HS第84章	1045				none	0.0	unmapped
84136029	齿轮泵： 其他	齿轮泵： 其他	841360	其他回转式排液泵	84	HS第84章	1046				none	0.0	unmapped
84136031	叶片泵： 电动式	叶片泵： 电动式	841360	其他回转式排液泵	84	HS第84章	1046				none	0.0	unmapped
84136032	叶片泵： 液压式	叶片泵： 液压式	841360	其他回转式排液泵	84	HS第84章	1046				none	0.0	unmapped
84136039	叶片泵： 其他	叶片泵： 其他	841360	其他回转式排液泵	84	HS第84章	1046				none	0.0	unmapped
84136040	螺杆泵	螺杆泵	841360	其他回转式排液泵	84	HS第84章	1046	紧固件与连接件	螺杆/丝杆	紧固件与连接件/螺杆/丝杆	fastener-rod	0.94	candidate
84136050	径向柱塞泵	径向柱塞泵	841360	其他回转式排液泵	84	HS第84章	1047				none	0.0	unmapped
84136060	轴向柱塞泵	轴向柱塞泵	841360	其他回转式排液泵	84	HS第84章	1047				none	0.0	unmapped
84136090	其他	其他	841360	其他回转式排液泵	84	HS第84章	1047				none	0.0	unmapped
84137010	其他离心泵： 转速在10000转/分及以上	其他离心泵： 转速在10000转/分及以上	841370	其他离心泵	84	HS第84章	1047				none	0.0	unmapped
84137091	其他： 电动潜油泵及潜水电泵	其他： 电动潜油泵及潜水电泵	841370	其他离心泵	84	HS第84章	1047				none	0.0	unmapped
84137099	其他： 其他 飞机发动机用燃油泵	其他： 其他 飞机发动机用燃油泵	841370	其他离心泵	84	HS第84章	1048				none	0.0	unmapped
84138100	其他泵；液体提升机： 泵	其他泵；液体提升机： 泵	841381	其他泵；液体提升机： / 泵	84	HS第84章	1048				none	0.0	unmapped
84138200	液体提升机	液体提升机	841382	其他泵；液体提升机： / 液体提升机	84	HS第84章	1048				none	0.0	unmapped
84139100	零件： 泵用	零件： 泵用	841391	零件： / 泵用	84	HS第84章	1048				none	0.0	unmapped
84139200	液体提升机用	液体提升机用	841392	零件： / 液体提升机用	84	HS第84章	1048				none	0.0	unmapped
84141000	真空泵 专门或主要用于半导体或平板显 示屏制造的真空泵	真空泵 专门或主要用于半导体或平板显 示屏制造的真空泵	841410	真空泵	84	HS第84章	1048				none	0.0	unmapped
84142000	手动或脚踏式空气泵	手动或脚踏式空气泵	841420	手动或脚踏式空气泵	84	HS第84章	1049				none	0.0	unmapped
84143011	用于制冷设备的压缩机： ---电动机驱动的压缩机： 冷藏箱或冷冻箱用，电动机额 定功率不超过0.4千瓦	用于制冷设备的压缩机： ---电动机驱动的压缩机： 冷藏箱或冷冻箱用，电动机额 定功率不超过0.4千瓦	841430	用于制冷设备的压缩机	84	HS第84章	1049				none	0.0	unmapped
84143012	电动机驱动的压缩机： 冷藏箱或冷冻箱用，电动机额 定功率超过0.4千瓦，但不超过5 千瓦	电动机驱动的压缩机： 冷藏箱或冷冻箱用，电动机额 定功率超过0.4千瓦，但不超过5 千瓦	841430	用于制冷设备的压缩机	84	HS第84章	1049				none	0.0	unmapped
84143013	电动机驱动的压缩机： 空气调节器用，电动机额定功 率超过0.4千瓦，但不超过5千瓦	电动机驱动的压缩机： 空气调节器用，电动机额定功 率超过0.4千瓦，但不超过5千瓦	841430	用于制冷设备的压缩机	84	HS第84章	1049				none	0.0	unmapped
84143014	电动机驱动的压缩机： 空气调节器用，电动机额定功 率超过5千瓦	电动机驱动的压缩机： 空气调节器用，电动机额定功 率超过5千瓦	841430	用于制冷设备的压缩机	84	HS第84章	1049				none	0.0	unmapped
84143015	电动机驱动的压缩机： 冷冻或冷藏设备用，电动机额 定功率超过5千瓦	电动机驱动的压缩机： 冷冻或冷藏设备用，电动机额 定功率超过5千瓦	841430	用于制冷设备的压缩机	84	HS第84章	1049				none	0.0	unmapped
84143019	电动机驱动的压缩机： 其他	电动机驱动的压缩机： 其他	841430	用于制冷设备的压缩机	84	HS第84章	1050				none	0.0	unmapped
84143090	非电动机驱动的压缩机	非电动机驱动的压缩机	841430	用于制冷设备的压缩机	84	HS第84章	1050				none	0.0	unmapped
84144000	装在拖车底盘上的空气压缩机	装在拖车底盘上的空气压缩机	841440	装在拖车底盘上的空气压缩机	84	HS第84章	1050				none	0.0	unmapped
84145110	风机、风扇： --台扇、落地扇、壁扇、换气扇或 吊扇，包括风机，本身装有一个 输出功率不超过125瓦的电动机： 吊扇	风机、风扇： --台扇、落地扇、壁扇、换气扇或 吊扇，包括风机，本身装有一个 输出功率不超过125瓦的电动机： 吊扇	841451	风机、风扇： / 台扇、落地扇、壁扇、换气扇或 吊扇，包括风机，本身装有一个 输出功率不超过125瓦的电动机	84	HS第84章	1050				none	0.0	unmapped
84145120	换气扇	换气扇	841451	风机、风扇： / 台扇、落地扇、壁扇、换气扇或 吊扇，包括风机，本身装有一个 输出功率不超过125瓦的电动机	84	HS第84章	1050				none	0.0	unmapped
84145130	具有旋转导风轮的风扇	具有旋转导风轮的风扇	841451	风机、风扇： / 台扇、落地扇、壁扇、换气扇或 吊扇，包括风机，本身装有一个 输出功率不超过125瓦的电动机	84	HS第84章	1051				none	0.0	unmapped
84145191	其他： 台扇	其他： 台扇	841451	风机、风扇： / 台扇、落地扇、壁扇、换气扇或 吊扇，包括风机，本身装有一个 输出功率不超过125瓦的电动机	84	HS第84章	1051				none	0.0	unmapped
84145192	其他： 落地扇	其他： 落地扇	841451	风机、风扇： / 台扇、落地扇、壁扇、换气扇或 吊扇，包括风机，本身装有一个 输出功率不超过125瓦的电动机	84	HS第84章	1051				none	0.0	unmapped
84145193	其他： 壁扇	其他： 壁扇	841451	风机、风扇： / 台扇、落地扇、壁扇、换气扇或 吊扇，包括风机，本身装有一个 输出功率不超过125瓦的电动机	84	HS第84章	1051				none	0.0	unmapped
84145199	其他： 其他	其他： 其他	841451	风机、风扇： / 台扇、落地扇、壁扇、换气扇或 吊扇，包括风机，本身装有一个 输出功率不超过125瓦的电动机	84	HS第84章	1051				none	0.0	unmapped
84145910	其他： 吊扇	其他： 吊扇	841459	风机、风扇： / 其他	84	HS第84章	1051				none	0.0	unmapped
84145920	换气扇	换气扇	841459	风机、风扇： / 其他	84	HS第84章	1051				none	0.0	unmapped
84145930	离心通风机	离心通风机	841459	风机、风扇： / 其他	84	HS第84章	1052				none	0.0	unmapped
84145990	其他 专门或主要用于微处理器、电信 设备、自动数据处理设备或装置 的散热扇	其他 专门或主要用于微处理器、电信 设备、自动数据处理设备或装置 的散热扇	841459	风机、风扇： / 其他	84	HS第84章	1052				none	0.0	unmapped
84146010	罩的平面最大边长不超过120厘 米的通风罩或循环气罩： 抽油烟机	罩的平面最大边长不超过120厘 米的通风罩或循环气罩： 抽油烟机	841460	罩的平面最大边长不超过120厘 米的通风罩或循环气罩	84	HS第84章	1052				none	0.0	unmapped
84146090	其他	其他	841460	罩的平面最大边长不超过120厘 米的通风罩或循环气罩	84	HS第84章	1052				none	0.0	unmapped
84147010	气密生物安全柜： 罩的平面最大边长不超过120 厘米的	气密生物安全柜： 罩的平面最大边长不超过120 厘米的	841470	气密生物安全柜	84	HS第84章	1052				none	0.0	unmapped
84147090	其他	其他	841470	气密生物安全柜	84	HS第84章	1052				none	0.0	unmapped
84148010	燃气轮机用的自由活塞式发生 器	燃气轮机用的自由活塞式发生 器	841480	其他	84	HS第84章	1053				none	0.0	unmapped
84148020	二氧化碳压缩机	二氧化碳压缩机	841480	其他	84	HS第84章	1053				none	0.0	unmapped
84148030	发动机用增压器	发动机用增压器	841480	其他	84	HS第84章	1053				none	0.0	unmapped
84148041	空气及其他气体压缩机： 螺杆空压机	空气及其他气体压缩机： 螺杆空压机	841480	其他	84	HS第84章	1053	紧固件与连接件	螺杆/丝杆	紧固件与连接件/螺杆/丝杆	fastener-rod	0.94	candidate
84148049	空气及其他气体压缩机： 其他 飞机用离心式氮气系统压缩机	空气及其他气体压缩机： 其他 飞机用离心式氮气系统压缩机	841480	其他	84	HS第84章	1053				none	0.0	unmapped
84148090	其他	其他	841480	其他	84	HS第84章	1053				none	0.0	unmapped
84149011	税号8414.3011至8414.3014及 8414.3090所列机器的零件： 压缩机进、排气阀片	税号8414.3011至8414.3014及 8414.3090所列机器的零件： 压缩机进、排气阀片	841490	零件	84	HS第84章	1054	管材管件阀门	阀门	管材管件阀门/阀门	pipe-valve	0.82	candidate
84149019	税号8414.3011至8414.3014及 8414.3090所列机器的零件： 其他	税号8414.3011至8414.3014及 8414.3090所列机器的零件： 其他	841490	零件	84	HS第84章	1054				none	0.0	unmapped
84149020	税号8414.5110至8414.5199及 子目8414.60所列机器的零件	税号8414.5110至8414.5199及 子目8414.60所列机器的零件	841490	零件	84	HS第84章	1054				none	0.0	unmapped
84149090	其他	其他	841490	零件	84	HS第84章	1054				none	0.0	unmapped
84151010	窗式、壁式、置于天花板或地板 上的，独立的或分体的： 独立式	窗式、壁式、置于天花板或地板 上的，独立的或分体的： 独立式	841510	窗式、壁式、置于天花板或地板 上的，独立的或分体的	84	HS第84章	1054				none	0.0	unmapped
84151021	分体式： 制冷量不超过4000大卡/时	分体式： 制冷量不超过4000大卡/时	841510	窗式、壁式、置于天花板或地板 上的，独立的或分体的	84	HS第84章	1054				none	0.0	unmapped
84151022	分体式： 制冷量超过4000大卡/时	分体式： 制冷量超过4000大卡/时	841510	窗式、壁式、置于天花板或地板 上的，独立的或分体的	84	HS第84章	1055				none	0.0	unmapped
84152000	机动车辆上供人使用	机动车辆上供人使用	841520	机动车辆上供人使用	84	HS第84章	1055				none	0.0	unmapped
84158110	其他： --装有制冷装置及冷热循环换向 阀（可逆式热泵）的： 制冷量不超过4000大卡/时	其他： --装有制冷装置及冷热循环换向 阀（可逆式热泵）的： 制冷量不超过4000大卡/时	841581	其他： / 装有制冷装置及冷热循环换向 阀（可逆式热泵）的	84	HS第84章	1055	管材管件阀门	阀门	管材管件阀门/阀门	pipe-valve	0.82	candidate
84158120	制冷量超过4000大卡/时	制冷量超过4000大卡/时	841581	其他： / 装有制冷装置及冷热循环换向 阀（可逆式热泵）的	84	HS第84章	1055				none	0.0	unmapped
84158210	其他，装有制冷装置的： 制冷量不超过4000大卡/时	其他，装有制冷装置的： 制冷量不超过4000大卡/时	841582	其他： / 其他，装有制冷装置的	84	HS第84章	1055				none	0.0	unmapped
84158220	制冷量超过4000大卡/时 涂胶显影机用恒温恒湿器	制冷量超过4000大卡/时 涂胶显影机用恒温恒湿器	841582	其他： / 其他，装有制冷装置的	84	HS第84章	1055				none	0.0	unmapped
84158300	未装有制冷装置的	未装有制冷装置的	841583	其他： / 未装有制冷装置的	84	HS第84章	1056				none	0.0	unmapped
84159010	零件： 税目8415.1010、8415.1021、 8415.8110及8415.8210所列设备 的零件	零件： 税目8415.1010、8415.1021、 8415.8110及8415.8210所列设备 的零件	841590	零件	84	HS第84章	1056				none	0.0	unmapped
84159090	其他	其他	841590	零件	84	HS第84章	1056				none	0.0	unmapped
84161000	使用液体燃料的炉用燃烧器	使用液体燃料的炉用燃烧器	841610	使用液体燃料的炉用燃烧器	84	HS第84章	1056				none	0.0	unmapped
84162011	其他炉用燃烧器，包括复式燃烧 器： ---气体的： 使用天然气的 溴化锂空调用天然气燃烧机	其他炉用燃烧器，包括复式燃烧 器： ---气体的： 使用天然气的 溴化锂空调用天然气燃烧机	841620	其他炉用燃烧器，包括复式燃烧 器	84	HS第84章	1056				none	0.0	unmapped
84162019	气体的： 其他	气体的： 其他	841620	其他炉用燃烧器，包括复式燃烧 器	84	HS第84章	1057				none	0.0	unmapped
84162090	其他	其他	841620	其他炉用燃烧器，包括复式燃烧 器	84	HS第84章	1057				none	0.0	unmapped
84163000	机械加煤机，包括其机械炉篦、 机械出灰器及类似装置	机械加煤机，包括其机械炉篦、 机械出灰器及类似装置	841630	机械加煤机，包括其机械炉篦、	84	HS第84章	1057				none	0.0	unmapped
84169000	零件	零件	841690	零件	84	HS第84章	1057				none	0.0	unmapped
84171000	矿砂、黄铁矿或金属的焙烧、熔 化或其他热处理用炉及烘箱	矿砂、黄铁矿或金属的焙烧、熔 化或其他热处理用炉及烘箱	841710	矿砂、黄铁矿或金属的焙烧、熔	84	HS第84章	1057				none	0.0	unmapped
84172000	面包房用烤炉及烘箱，包括做饼 干用的	面包房用烤炉及烘箱，包括做饼 干用的	841720	面包房用烤炉及烘箱，包括做饼	84	HS第84章	1057				none	0.0	unmapped
84178010	炼焦炉	炼焦炉	841780	其他	84	HS第84章	1058				none	0.0	unmapped
84178020	放射性废物焚烧炉	放射性废物焚烧炉	841780	其他	84	HS第84章	1058				none	0.0	unmapped
84178030	水泥回转窑	水泥回转窑	841780	其他	84	HS第84章	1058				none	0.0	unmapped
84178040	石灰石分解炉	石灰石分解炉	841780	其他	84	HS第84章	1058				none	0.0	unmapped
84178050	垃圾焚烧炉	垃圾焚烧炉	841780	其他	84	HS第84章	1058				none	0.0	unmapped
84178090	其他	其他	841780	其他	84	HS第84章	1058				none	0.0	unmapped
84179010	海绵铁回转窑用	海绵铁回转窑用	841790	零件	84	HS第84章	1059				none	0.0	unmapped
84179020	炼焦炉用	炼焦炉用	841790	零件	84	HS第84章	1059				none	0.0	unmapped
84179090	其他 垃圾焚烧炉和放射性废物焚烧炉 的零件	其他 垃圾焚烧炉和放射性废物焚烧炉 的零件	841790	零件	84	HS第84章	1059				none	0.0	unmapped
84181010	冷藏－冷冻组合机，各自装有单 独外门或抽屉，或其组合的： 容积超过500升	冷藏－冷冻组合机，各自装有单 独外门或抽屉，或其组合的： 容积超过500升	841810	冷藏－冷冻组合机，各自装有单 独外门或抽屉，或其组合的	84	HS第84章	1059				none	0.0	unmapped
84181020	容积超过200升，但不超过500 升	容积超过200升，但不超过500 升	841810	冷藏－冷冻组合机，各自装有单 独外门或抽屉，或其组合的	84	HS第84章	1059				none	0.0	unmapped
84181030	容积不超过200升	容积不超过200升	841810	冷藏－冷冻组合机，各自装有单 独外门或抽屉，或其组合的	84	HS第84章	1059				none	0.0	unmapped
84182110	容积超过150升	容积超过150升	841821	家用型冷藏箱： / 压缩式	84	HS第84章	1060				none	0.0	unmapped
84182120	容积超过50升，但不超过150升	容积超过50升，但不超过150升	841821	家用型冷藏箱： / 压缩式	84	HS第84章	1060				none	0.0	unmapped
84182130	容积不超过50升	容积不超过50升	841821	家用型冷藏箱： / 压缩式	84	HS第84章	1060				none	0.0	unmapped
84182910	其他： 半导体制冷式	其他： 半导体制冷式	841829	家用型冷藏箱： / 其他	84	HS第84章	1060				none	0.0	unmapped
84182920	电气吸收式	电气吸收式	841829	家用型冷藏箱： / 其他	84	HS第84章	1060				none	0.0	unmapped
84182990	其他	其他	841829	家用型冷藏箱： / 其他	84	HS第84章	1060				none	0.0	unmapped
84183010	柜式冷冻箱，容积不超过800升： 制冷温度在-40℃及以下	柜式冷冻箱，容积不超过800升： 制冷温度在-40℃及以下	841830	柜式冷冻箱，容积不超过800升	84	HS第84章	1060				none	0.0	unmapped
84183021	制冷温度在-40℃及以下 容积超过500升	制冷温度在-40℃及以下 容积超过500升	841830	柜式冷冻箱，容积不超过800升	84	HS第84章	1061				none	0.0	unmapped
84183029	制冷温度在-40℃及以下 其他	制冷温度在-40℃及以下 其他	841830	柜式冷冻箱，容积不超过800升	84	HS第84章	1061				none	0.0	unmapped
84184010	立式冷冻箱，容积不超过900升： 制冷温度在-40℃及以下	立式冷冻箱，容积不超过900升： 制冷温度在-40℃及以下	841840	立式冷冻箱，容积不超过900升	84	HS第84章	1061				none	0.0	unmapped
84184021	制冷温度在-40℃以上： 容积超过500升	制冷温度在-40℃以上： 容积超过500升	841840	立式冷冻箱，容积不超过900升	84	HS第84章	1061				none	0.0	unmapped
84184029	制冷温度在-40℃以上： 其他	制冷温度在-40℃以上： 其他	841840	立式冷冻箱，容积不超过900升	84	HS第84章	1061				none	0.0	unmapped
84185000	装有冷藏或冷冻装置的其他设 备（柜、箱、展示台、陈列箱及 类似品）用于存储及展示	装有冷藏或冷冻装置的其他设 备（柜、箱、展示台、陈列箱及 类似品）用于存储及展示	841850	装有冷藏或冷冻装置的其他设	84	HS第84章	1061				none	0.0	unmapped
84186120	压缩式	压缩式	841861	其他制冷设备；热泵： / 热泵，税目84.15的空气调节器 除外	84	HS第84章	1062				none	0.0	unmapped
84186190	其他	其他	841861	其他制冷设备；热泵： / 热泵，税目84.15的空气调节器 除外	84	HS第84章	1062				none	0.0	unmapped
84186920	其他： 制冷机组	其他： 制冷机组	841869	其他制冷设备；热泵： / 其他	84	HS第84章	1062				none	0.0	unmapped
84186990	其他	其他	841869	其他制冷设备；热泵： / 其他	84	HS第84章	1062				none	0.0	unmapped
84189100	零件： 冷藏或冷冻设备专用的特制家 具	零件： 冷藏或冷冻设备专用的特制家 具	841891	零件： / 冷藏或冷冻设备专用的特制家	84	HS第84章	1062				none	0.0	unmapped
84189910	制冷机组及热泵用	制冷机组及热泵用	841899	零件： / 其他	84	HS第84章	1063				none	0.0	unmapped
84189991	其他： 制冷温度在-40℃及以下的冷 冻设备用	其他： 制冷温度在-40℃及以下的冷 冻设备用	841899	零件： / 其他	84	HS第84章	1063				none	0.0	unmapped
84189992	其他： 制冷温度在-40℃以上，但容积 超过500升的冷藏或冷冻设备用	其他： 制冷温度在-40℃以上，但容积 超过500升的冷藏或冷冻设备用	841899	零件： / 其他	84	HS第84章	1063				none	0.0	unmapped
84189999	其他： 其他	其他： 其他	841899	零件： / 其他	84	HS第84章	1063				none	0.0	unmapped
84191100	非电热的快速热水器或贮备式 热水器： 燃气快速热水器	非电热的快速热水器或贮备式 热水器： 燃气快速热水器	841911	非电热的快速热水器或贮备式 热水器： / 燃气快速热水器	84	HS第84章	1063				none	0.0	unmapped
84191200	太阳能热水器	太阳能热水器	841912	非电热的快速热水器或贮备式 热水器： / 太阳能热水器	84	HS第84章	1064				none	0.0	unmapped
84191900	其他	其他	841919	非电热的快速热水器或贮备式 热水器： / 其他	84	HS第84章	1064				none	0.0	unmapped
84192000	医用或实验室用消毒器具	医用或实验室用消毒器具	841920	医用或实验室用消毒器具	84	HS第84章	1064				none	0.0	unmapped
84193310	干燥器： --冷冻干燥装置、冷冻干燥单元和 喷雾式干燥器： 农产品干燥用	干燥器： --冷冻干燥装置、冷冻干燥单元和 喷雾式干燥器： 农产品干燥用	841933	干燥器： / 冷冻干燥装置、冷冻干燥单元和 喷雾式干燥器	84	HS第84章	1064				none	0.0	unmapped
84193320	木材、纸浆、纸或纸板干燥用	木材、纸浆、纸或纸板干燥用	841933	干燥器： / 冷冻干燥装置、冷冻干燥单元和 喷雾式干燥器	84	HS第84章	1064				none	0.0	unmapped
84193390	其他 冷冻式或喷雾式污泥干燥机	其他 冷冻式或喷雾式污泥干燥机	841933	干燥器： / 冷冻干燥装置、冷冻干燥单元和 喷雾式干燥器	84	HS第84章	1064				none	0.0	unmapped
84193400	其他，农产品干燥用	其他，农产品干燥用	841934	干燥器： / 其他，农产品干燥用	84	HS第84章	1065				none	0.0	unmapped
84193500	其他，木材、纸浆、纸或纸板干 燥用	其他，木材、纸浆、纸或纸板干 燥用	841935	干燥器： / 其他，木材、纸浆、纸或纸板干	84	HS第84章	1065				none	0.0	unmapped
84193910	其他： 微空气流动陶瓷坯件干燥器	其他： 微空气流动陶瓷坯件干燥器	841939	干燥器： / 其他	84	HS第84章	1065				none	0.0	unmapped
84193990	其他 污泥干燥机（冷冻式、喷雾式除 外）	其他 污泥干燥机（冷冻式、喷雾式除 外）	841939	干燥器： / 其他	84	HS第84章	1065				none	0.0	unmapped
84194010	蒸馏或精馏设备： 提净塔	蒸馏或精馏设备： 提净塔	841940	蒸馏或精馏设备	84	HS第84章	1065				none	0.0	unmapped
84194020	精馏塔	精馏塔	841940	蒸馏或精馏设备	84	HS第84章	1065				none	0.0	unmapped
84194090	其他	其他	841940	蒸馏或精馏设备	84	HS第84章	1066				none	0.0	unmapped
84195000	热交换装置 用氟聚合物制造的、入口管和出 口管内径不超过3厘米的热交换 装置	热交换装置 用氟聚合物制造的、入口管和出 口管内径不超过3厘米的热交换 装置	841950	热交换装置	84	HS第84章	1066				none	0.0	unmapped
84196011	液化空气或其他气体的机器： ---制氧机： 制氧量在15000立方米/小时及 以上	液化空气或其他气体的机器： ---制氧机： 制氧量在15000立方米/小时及 以上	841960	液化空气或其他气体的机器	84	HS第84章	1066				none	0.0	unmapped
84196019	制氧机： 其他	制氧机： 其他	841960	液化空气或其他气体的机器	84	HS第84章	1066				none	0.0	unmapped
84196090	其他 通过冷凝分离和去除污染物的气 体液化设备	其他 通过冷凝分离和去除污染物的气 体液化设备	841960	液化空气或其他气体的机器	84	HS第84章	1066				none	0.0	unmapped
84198100	加工热饮料或烹调、加热食品用	加工热饮料或烹调、加热食品用	841981	其他机器设备： / 加工热饮料或烹调、加热食品用	84	HS第84章	1067				none	0.0	unmapped
84198910	其他： 加氢反应器	其他： 加氢反应器	841989	其他机器设备： / 其他	84	HS第84章	1067				none	0.0	unmapped
84198990	其他	其他	841989	其他机器设备： / 其他	84	HS第84章	1067				none	0.0	unmapped
84199010	零件： 热水器用	零件： 热水器用	841990	零件	84	HS第84章	1067				none	0.0	unmapped
84199090	其他	其他	841990	零件	84	HS第84章	1067				none	0.0	unmapped
84201000	砑光机或其他滚压机器 织物轧光机 专门或主要用于印刷电路板基板 或印刷电路制造的滚压机	砑光机或其他滚压机器 织物轧光机 专门或主要用于印刷电路板基板 或印刷电路制造的滚压机	842010	砑光机或其他滚压机器	84	HS第84章	1067				none	0.0	unmapped
84209100	零件： 滚筒	零件： 滚筒	842091	零件： / 滚筒	84	HS第84章	1067				none	0.0	unmapped
84209900	其他	其他	842099	零件： / 其他	84	HS第84章	1068				none	0.0	unmapped
84211100	离心机，包括离心干燥机： 奶油分离器	离心机，包括离心干燥机： 奶油分离器	842111	离心机，包括离心干燥机： / 奶油分离器	84	HS第84章	1068				none	0.0	unmapped
84211210	干衣机： 干衣量不超过10千克	干衣机： 干衣量不超过10千克	842112	离心机，包括离心干燥机： / 干衣机	84	HS第84章	1068				none	0.0	unmapped
84211290	其他	其他	842112	离心机，包括离心干燥机： / 干衣机	84	HS第84章	1068				none	0.0	unmapped
84211910	其他： 脱水机	其他： 脱水机	842119	离心机，包括离心干燥机： / 其他	84	HS第84章	1068				none	0.0	unmapped
84211920	固液分离机	固液分离机	842119	离心机，包括离心干燥机： / 其他	84	HS第84章	1068				none	0.0	unmapped
84211990	其他	其他	842119	离心机，包括离心干燥机： / 其他	84	HS第84章	1069				none	0.0	unmapped
84212110	液体的过滤、净化机器及装置： --过滤或净化水用： 家用型	液体的过滤、净化机器及装置： --过滤或净化水用： 家用型	842121	液体的过滤、净化机器及装置： / 过滤或净化水用	84	HS第84章	1069				none	0.0	unmapped
84212191	其他： 船舶压载水处理设备	其他： 船舶压载水处理设备	842121	液体的过滤、净化机器及装置： / 过滤或净化水用	84	HS第84章	1069				none	0.0	unmapped
84212199	其他： 其他 船舶压载水处理设备用过滤器 喷灌设备用叠式净水过滤器	其他： 其他 船舶压载水处理设备用过滤器 喷灌设备用叠式净水过滤器	842121	液体的过滤、净化机器及装置： / 过滤或净化水用	84	HS第84章	1069				none	0.0	unmapped
84212200	过滤或净化饮料（水除外）用	过滤或净化饮料（水除外）用	842122	液体的过滤、净化机器及装置： / 过滤或净化饮料（水除外）用	84	HS第84章	1069				none	0.0	unmapped
84212300	内燃发动机的滤油器	内燃发动机的滤油器	842123	液体的过滤、净化机器及装置： / 内燃发动机的滤油器	84	HS第84章	1070				none	0.0	unmapped
84212910	其他： 压滤机 用氟聚合物制造的厚度不超过 140微米的过滤膜或净化膜的液 体过滤或净化机器及装置	其他： 压滤机 用氟聚合物制造的厚度不超过 140微米的过滤膜或净化膜的液 体过滤或净化机器及装置	842129	液体的过滤、净化机器及装置： / 其他	84	HS第84章	1070				none	0.0	unmapped
84212990	其他 用氟聚合物制造的厚度不超过 140微米的过滤膜或净化膜的液 体过滤或净化机器及装置	其他 用氟聚合物制造的厚度不超过 140微米的过滤膜或净化膜的液 体过滤或净化机器及装置	842129	液体的过滤、净化机器及装置： / 其他	84	HS第84章	1070				none	0.0	unmapped
84213100	气体的过滤、净化机器及装置： 内燃发动机的进气过滤器	气体的过滤、净化机器及装置： 内燃发动机的进气过滤器	842131	气体的过滤、净化机器及装置： / 内燃发动机的进气过滤器	84	HS第84章	1070				none	0.0	unmapped
84213200	用于净化或过滤内燃机所排出 废气的催化转化器或微粒过滤 器，不论是否组合 柴油发动机排气过滤及净化装置 （装备不锈钢外壳、入口管和出 口管内径不超过1.3厘米的气体过 滤或净化机器及装置除外）	用于净化或过滤内燃机所排出 废气的催化转化器或微粒过滤 器，不论是否组合 柴油发动机排气过滤及净化装置 （装备不锈钢外壳、入口管和出 口管内径不超过1.3厘米的气体过 滤或净化机器及装置除外）	842132	气体的过滤、净化机器及装置： / 用于净化或过滤内燃机所排出	84	HS第84章	1070				none	0.0	unmapped
84213910	家用型	家用型	842139	气体的过滤、净化机器及装置： / 用于净化或过滤内燃机所排出	84	HS第84章	1071				none	0.0	unmapped
84213921	工业用除尘器： 静电除尘器 装备不锈钢外壳、入口管和出口 管内径不超过1.3厘米的气体过滤 或净化机器及装置	工业用除尘器： 静电除尘器 装备不锈钢外壳、入口管和出口 管内径不超过1.3厘米的气体过滤 或净化机器及装置	842139	气体的过滤、净化机器及装置： / 用于净化或过滤内燃机所排出	84	HS第84章	1071				none	0.0	unmapped
84213922	工业用除尘器： 袋式除尘器 装备不锈钢外壳、入口管和出口 管内径不超过1.3厘米的气体过滤 或净化机器及装置	工业用除尘器： 袋式除尘器 装备不锈钢外壳、入口管和出口 管内径不超过1.3厘米的气体过滤 或净化机器及装置	842139	气体的过滤、净化机器及装置： / 用于净化或过滤内燃机所排出	84	HS第84章	1071				none	0.0	unmapped
84213923	工业用除尘器： 旋风式除尘器 装备不锈钢外壳、入口管和出口 管内径不超过1.3厘米的气体过滤 或净化机器及装置	工业用除尘器： 旋风式除尘器 装备不锈钢外壳、入口管和出口 管内径不超过1.3厘米的气体过滤 或净化机器及装置	842139	气体的过滤、净化机器及装置： / 用于净化或过滤内燃机所排出	84	HS第84章	1071				none	0.0	unmapped
84213924	工业用除尘器： 电袋复合除尘器	工业用除尘器： 电袋复合除尘器	842139	气体的过滤、净化机器及装置： / 用于净化或过滤内燃机所排出	84	HS第84章	1071				none	0.0	unmapped
84213929	工业用除尘器： 其他 装备不锈钢外壳、入口管和出口 管内径不超过1.3厘米的气体过滤 或净化机器及装置	工业用除尘器： 其他 装备不锈钢外壳、入口管和出口 管内径不超过1.3厘米的气体过滤 或净化机器及装置	842139	气体的过滤、净化机器及装置： / 用于净化或过滤内燃机所排出	84	HS第84章	1072				none	0.0	unmapped
84213940	烟气脱硫装置 装备不锈钢外壳、入口管和出口 管内径不超过1.3厘米的气体过滤 或净化机器及装置	烟气脱硫装置 装备不锈钢外壳、入口管和出口 管内径不超过1.3厘米的气体过滤 或净化机器及装置	842139	气体的过滤、净化机器及装置： / 用于净化或过滤内燃机所排出	84	HS第84章	1072				none	0.0	unmapped
84213950	烟气脱硝装置 装备不锈钢外壳、入口管和出口 管内径不超过1.3厘米的气体过滤 或净化机器及装置	烟气脱硝装置 装备不锈钢外壳、入口管和出口 管内径不超过1.3厘米的气体过滤 或净化机器及装置	842139	气体的过滤、净化机器及装置： / 用于净化或过滤内燃机所排出	84	HS第84章	1072				none	0.0	unmapped
84213990	其他 气体纯化器（出口气体纯度≥ 99.999999%） 装备不锈钢外壳、入口管和出口 管内径不超过1.3厘米的气体过滤 或净化机器及装置	其他 气体纯化器（出口气体纯度≥ 99.999999%） 装备不锈钢外壳、入口管和出口 管内径不超过1.3厘米的气体过滤 或净化机器及装置	842139	气体的过滤、净化机器及装置： / 用于净化或过滤内燃机所排出	84	HS第84章	1072				none	0.0	unmapped
84219110	零件： --离心机用，包括离心干燥机用： 干衣量不超过10千克的干衣机 用	零件： --离心机用，包括离心干燥机用： 干衣量不超过10千克的干衣机 用	842191	零件： / 离心机用，包括离心干燥机用	84	HS第84章	1072				none	0.0	unmapped
84219190	其他	其他	842191	零件： / 离心机用，包括离心干燥机用	84	HS第84章	1073				none	0.0	unmapped
84219910	其他： 家用型过滤、净化装置用	其他： 家用型过滤、净化装置用	842199	零件： / 其他	84	HS第84章	1073				none	0.0	unmapped
84219990	其他 用厚度不超过140微米的氟聚合 物制造的液体过滤或净化机器及 装置的零件; 装备不锈钢外壳、 入口管和出口管内径不超过1.3厘 米的气体过滤或净化机器及装置 的零件	其他 用厚度不超过140微米的氟聚合 物制造的液体过滤或净化机器及 装置的零件; 装备不锈钢外壳、 入口管和出口管内径不超过1.3厘 米的气体过滤或净化机器及装置 的零件	842199	零件： / 其他	84	HS第84章	1073				none	0.0	unmapped
84221100	洗碟机： 家用型	洗碟机： 家用型	842211	洗碟机： / 家用型	84	HS第84章	1073				none	0.0	unmapped
84221900	其他	其他	842219	洗碟机： / 其他	84	HS第84章	1073				none	0.0	unmapped
84222000	瓶子或其他容器的洗涤或干燥 机器	瓶子或其他容器的洗涤或干燥 机器	842220	瓶子或其他容器的洗涤或干燥	84	HS第84章	1073				none	0.0	unmapped
84223010	饮料及液体食品灌装设备 乳品加工用自动化灌装设备	饮料及液体食品灌装设备 乳品加工用自动化灌装设备	842230	瓶子或其他容器的洗涤或干燥	84	HS第84章	1074				none	0.0	unmapped
84223021	水泥包装机： 全自动灌包机	水泥包装机： 全自动灌包机	842230	瓶子或其他容器的洗涤或干燥	84	HS第84章	1074				none	0.0	unmapped
84223029	水泥包装机： 其他	水泥包装机： 其他	842230	瓶子或其他容器的洗涤或干燥	84	HS第84章	1074				none	0.0	unmapped
84223030	其他包装机 全自动无菌灌装生产线用包装 机，加工速度≥20000只/小时	其他包装机 全自动无菌灌装生产线用包装 机，加工速度≥20000只/小时	842230	瓶子或其他容器的洗涤或干燥	84	HS第84章	1074				none	0.0	unmapped
84223090	其他 全自动无菌灌装生产线用贴吸管 机，加工速度≥22000只/小时	其他 全自动无菌灌装生产线用贴吸管 机，加工速度≥22000只/小时	842230	瓶子或其他容器的洗涤或干燥	84	HS第84章	1075				none	0.0	unmapped
84224000	其他包装或打包机器（包括热缩 包装机器） 半导体检测分选编带机	其他包装或打包机器（包括热缩 包装机器） 半导体检测分选编带机	842240	其他包装或打包机器（包括热缩	84	HS第84章	1075				none	0.0	unmapped
84229010	零件： 洗碟机用	零件： 洗碟机用	842290	零件	84	HS第84章	1075				none	0.0	unmapped
84229020	饮料及液体食品灌装设备用 乳品加工用自动化灌装设备用零 件	饮料及液体食品灌装设备用 乳品加工用自动化灌装设备用零 件	842290	零件	84	HS第84章	1075				none	0.0	unmapped
84229090	其他 全自动无菌灌装生产线用包装机 （加工速度≥20000只/小时）、贴 吸管机（加工速度≥22000只/小 时）用零件 半导体检测分选编带机专用零件	其他 全自动无菌灌装生产线用包装机 （加工速度≥20000只/小时）、贴 吸管机（加工速度≥22000只/小 时）用零件 半导体检测分选编带机专用零件	842290	零件	84	HS第84章	1075				none	0.0	unmapped
84231000	体重计，包括婴儿秤；家用秤	体重计，包括婴儿秤；家用秤	842310	体重计，包括婴儿秤；家用秤	84	HS第84章	1076				none	0.0	unmapped
84232010	输送带上连续称货的秤： 电子皮带秤	输送带上连续称货的秤： 电子皮带秤	842320	输送带上连续称货的秤	84	HS第84章	1076				none	0.0	unmapped
84232090	其他	其他	842320	输送带上连续称货的秤	84	HS第84章	1076				none	0.0	unmapped
84233010	恒定秤、物料定量装袋或装容器 用的秤，包括料斗秤： 定量包装秤 以电子方式称重的恒定秤、物料 定量装袋或装容器用的衡器，包 括库秤	恒定秤、物料定量装袋或装容器 用的秤，包括料斗秤： 定量包装秤 以电子方式称重的恒定秤、物料 定量装袋或装容器用的衡器，包 括库秤	842330	恒定秤、物料定量装袋或装容器 用的秤，包括料斗秤	84	HS第84章	1076				none	0.0	unmapped
84233020	定量分选秤	定量分选秤	842330	恒定秤、物料定量装袋或装容器 用的秤，包括料斗秤	84	HS第84章	1076				none	0.0	unmapped
84233030	配料秤 以电子方式称重的恒定秤、物料 定量装袋或装容器用的衡器，包 括库秤	配料秤 以电子方式称重的恒定秤、物料 定量装袋或装容器用的衡器，包 括库秤	842330	恒定秤、物料定量装袋或装容器 用的秤，包括料斗秤	84	HS第84章	1077				none	0.0	unmapped
84233090	其他 以电子方式称重的恒定秤、物料 定量装袋或装容器用的衡器，包 括库秤	其他 以电子方式称重的恒定秤、物料 定量装袋或装容器用的衡器，包 括库秤	842330	恒定秤、物料定量装袋或装容器 用的秤，包括料斗秤	84	HS第84章	1077				none	0.0	unmapped
84238110	其他衡器： --最大称量不超过30千克： 计价秤	其他衡器： --最大称量不超过30千克： 计价秤	842381	其他衡器： / 最大称量不超过30千克	84	HS第84章	1077				none	0.0	unmapped
84238120	弹簧秤	弹簧秤	842381	其他衡器： / 最大称量不超过30千克	84	HS第84章	1077				none	0.0	unmapped
84238190	其他	其他	842381	其他衡器： / 最大称量不超过30千克	84	HS第84章	1077				none	0.0	unmapped
84238210	地中衡 其他以电子方式称重的衡器，最 大称量大于30千克但不超过5000 千克，但对车辆称重的衡器除外	地中衡 其他以电子方式称重的衡器，最 大称量大于30千克但不超过5000 千克，但对车辆称重的衡器除外	842382	其他衡器： / 最大称量不超过30千克	84	HS第84章	1078				none	0.0	unmapped
84238290	其他 其他以电子方式称重的衡器，最 大称量大于30千克但不超过5000 千克，但对车辆称重的衡器除外	其他 其他以电子方式称重的衡器，最 大称量大于30千克但不超过5000 千克，但对车辆称重的衡器除外	842382	其他衡器： / 最大称量不超过30千克	84	HS第84章	1078				none	0.0	unmapped
84238910	其他： 地中衡 其他以电子方式称重的衡器，最 大称量超过5000千克，但对车辆 称重的衡器除外	其他： 地中衡 其他以电子方式称重的衡器，最 大称量超过5000千克，但对车辆 称重的衡器除外	842389	其他衡器： / 其他	84	HS第84章	1078				none	0.0	unmapped
84238920	轨道衡 其他以电子方式称重的衡器，最 大称量超过5000千克，但对车辆 称重的衡器除外	轨道衡 其他以电子方式称重的衡器，最 大称量超过5000千克，但对车辆 称重的衡器除外	842389	其他衡器： / 其他	84	HS第84章	1078				none	0.0	unmapped
84238930	吊秤 其他以电子方式称重的衡器，最 大称量超过5000千克，但对车辆 称重的衡器除外	吊秤 其他以电子方式称重的衡器，最 大称量超过5000千克，但对车辆 称重的衡器除外	842389	其他衡器： / 其他	84	HS第84章	1079				none	0.0	unmapped
84238990	其他 其他以电子方式称重的衡器，最 大称量超过5000千克，但对车辆 称重的衡器除外	其他 其他以电子方式称重的衡器，最 大称量超过5000千克，但对车辆 称重的衡器除外	842389	其他衡器： / 其他	84	HS第84章	1079				none	0.0	unmapped
84239000	衡器用的各种砝码、秤砣；衡器 的零件 以电子方式称重的衡器的零件， 但对车辆称重的衡器零件除外	衡器用的各种砝码、秤砣；衡器 的零件 以电子方式称重的衡器的零件， 但对车辆称重的衡器零件除外	842390	衡器用的各种砝码、秤砣；衡器	84	HS第84章	1079				none	0.0	unmapped
84241000	灭火器，不论是否装药 飞机用灭火器	灭火器，不论是否装药 飞机用灭火器	842410	灭火器，不论是否装药	84	HS第84章	1079				none	0.0	unmapped
84242000	喷枪及类似器具	喷枪及类似器具	842420	喷枪及类似器具	84	HS第84章	1080				none	0.0	unmapped
84243000	喷汽机、喷砂机及类似的喷射机 器	喷汽机、喷砂机及类似的喷射机 器	842430	喷汽机、喷砂机及类似的喷射机	84	HS第84章	1080				none	0.0	unmapped
84244100	农业或园艺用喷雾器： 便携式喷雾器	农业或园艺用喷雾器： 便携式喷雾器	842441	农业或园艺用喷雾器： / 便携式喷雾器	84	HS第84章	1080				none	0.0	unmapped
84244900	其他	其他	842449	农业或园艺用喷雾器： / 其他	84	HS第84章	1080				none	0.0	unmapped
84248200	其他器具： 农业或园艺用	其他器具： 农业或园艺用	842482	其他器具： / 农业或园艺用	84	HS第84章	1080				none	0.0	unmapped
84248910	其他： 家用型	其他： 家用型	842489	其他器具： / 其他	84	HS第84章	1080				none	0.0	unmapped
84248920	喷涂机器人	喷涂机器人	842489	其他器具： / 其他	84	HS第84章	1080				none	0.0	unmapped
84248991	喷涂机器人 船用洗舱机	喷涂机器人 船用洗舱机	842489	其他器具： / 其他	84	HS第84章	1081				none	0.0	unmapped
84248999	喷涂机器人 其他	喷涂机器人 其他	842489	其他器具： / 其他	84	HS第84章	1081				none	0.0	unmapped
84249010	零件： 税目8424.1000所列器具用的零 件	零件： 税目8424.1000所列器具用的零 件	842490	零件	84	HS第84章	1081				none	0.0	unmapped
84249020	税目8424.8910所列器具用的零 件	税目8424.8910所列器具用的零 件	842490	零件	84	HS第84章	1081				none	0.0	unmapped
84249090	其他	其他	842490	零件	84	HS第84章	1081				none	0.0	unmapped
84251100	滑车及提升机，但倒卸式提升机 及提升车辆用的提升机除外： 电动的	滑车及提升机，但倒卸式提升机 及提升车辆用的提升机除外： 电动的	842511	滑车及提升机，但倒卸式提升机 及提升车辆用的提升机除外： / 电动的	84	HS第84章	1081				none	0.0	unmapped
84251900	其他	其他	842519	滑车及提升机，但倒卸式提升机 及提升车辆用的提升机除外： / 其他	84	HS第84章	1081				none	0.0	unmapped
84253110	卷扬机；绞盘： --电动的： 矿井口卷扬装置；专为井下使 用设计的卷扬机	卷扬机；绞盘： --电动的： 矿井口卷扬装置；专为井下使 用设计的卷扬机	842531	卷扬机；绞盘： / 电动的	84	HS第84章	1081				none	0.0	unmapped
84253190	其他	其他	842531	卷扬机；绞盘： / 电动的	84	HS第84章	1082				none	0.0	unmapped
84253910	其他： 矿井口卷扬装置；专为井下使 用设计的卷扬机	其他： 矿井口卷扬装置；专为井下使 用设计的卷扬机	842539	卷扬机；绞盘： / 其他	84	HS第84章	1082				none	0.0	unmapped
84253990	其他	其他	842539	卷扬机；绞盘： / 其他	84	HS第84章	1082				none	0.0	unmapped
84254100	千斤顶；提升车辆用的提升机： 车库中使用的固定千斤顶系统	千斤顶；提升车辆用的提升机： 车库中使用的固定千斤顶系统	842541	千斤顶；提升车辆用的提升机： / 车库中使用的固定千斤顶系统	84	HS第84章	1082				none	0.0	unmapped
84254210	其他液压千斤顶及提升机： 液压千斤顶	其他液压千斤顶及提升机： 液压千斤顶	842542	千斤顶；提升车辆用的提升机： / 其他液压千斤顶及提升机	84	HS第84章	1082				none	0.0	unmapped
84254290	其他	其他	842542	千斤顶；提升车辆用的提升机： / 其他液压千斤顶及提升机	84	HS第84章	1082				none	0.0	unmapped
84254910	其他： 其他千斤顶	其他： 其他千斤顶	842549	千斤顶；提升车辆用的提升机： / 其他	84	HS第84章	1082				none	0.0	unmapped
84254990	其他	其他	842549	千斤顶；提升车辆用的提升机： / 其他	84	HS第84章	1083				none	0.0	unmapped
84261120	高架移动式起重机、桁架桥式起 重机、龙门起重机、桥式起重机、 移动式吊运架及跨运车： --固定支架的高架移动式起重机： 通用桥式起重机	高架移动式起重机、桁架桥式起 重机、龙门起重机、桥式起重机、 移动式吊运架及跨运车： --固定支架的高架移动式起重机： 通用桥式起重机	842611	高架移动式起重机、桁架桥式起 重机、龙门起重机、桥式起重机、 移动式吊运架及跨运车： / 固定支架的高架移动式起重机	84	HS第84章	1083				none	0.0	unmapped
84261190	其他	其他	842611	高架移动式起重机、桁架桥式起 重机、龙门起重机、桥式起重机、 移动式吊运架及跨运车： / 固定支架的高架移动式起重机	84	HS第84章	1083				none	0.0	unmapped
84261200	带胶轮的移动式吊运架及跨运 车	带胶轮的移动式吊运架及跨运 车	842612	高架移动式起重机、桁架桥式起 重机、龙门起重机、桥式起重机、 移动式吊运架及跨运车： / 带胶轮的移动式吊运架及跨运	84	HS第84章	1083				none	0.0	unmapped
84261910	其他： 装船机	其他： 装船机	842619	高架移动式起重机、桁架桥式起 重机、龙门起重机、桥式起重机、 移动式吊运架及跨运车： / 其他	84	HS第84章	1083				none	0.0	unmapped
84261921	卸船机： 抓斗式	卸船机： 抓斗式	842619	高架移动式起重机、桁架桥式起 重机、龙门起重机、桥式起重机、 移动式吊运架及跨运车： / 其他	84	HS第84章	1084				none	0.0	unmapped
84261929	卸船机： 其他	卸船机： 其他	842619	高架移动式起重机、桁架桥式起 重机、龙门起重机、桥式起重机、 移动式吊运架及跨运车： / 其他	84	HS第84章	1084				none	0.0	unmapped
84261930	龙门式起重机	龙门式起重机	842619	高架移动式起重机、桁架桥式起 重机、龙门起重机、桥式起重机、 移动式吊运架及跨运车： / 其他	84	HS第84章	1084				none	0.0	unmapped
84261941	装卸桥： 门式装卸桥	装卸桥： 门式装卸桥	842619	高架移动式起重机、桁架桥式起 重机、龙门起重机、桥式起重机、 移动式吊运架及跨运车： / 其他	84	HS第84章	1084				none	0.0	unmapped
84261942	装卸桥： 集装箱装卸桥	装卸桥： 集装箱装卸桥	842619	高架移动式起重机、桁架桥式起 重机、龙门起重机、桥式起重机、 移动式吊运架及跨运车： / 其他	84	HS第84章	1084				none	0.0	unmapped
84261943	装卸桥： 其他动臂式装卸桥	装卸桥： 其他动臂式装卸桥	842619	高架移动式起重机、桁架桥式起 重机、龙门起重机、桥式起重机、 移动式吊运架及跨运车： / 其他	84	HS第84章	1085				none	0.0	unmapped
84261949	装卸桥： 其他	装卸桥： 其他	842619	高架移动式起重机、桁架桥式起 重机、龙门起重机、桥式起重机、 移动式吊运架及跨运车： / 其他	84	HS第84章	1085				none	0.0	unmapped
84261990	其他	其他	842619	高架移动式起重机、桁架桥式起 重机、龙门起重机、桥式起重机、 移动式吊运架及跨运车： / 其他	84	HS第84章	1085				none	0.0	unmapped
84262000	塔式起重机	塔式起重机	842620	塔式起重机	84	HS第84章	1085				none	0.0	unmapped
84263000	门座式起重机及座式旋臂起重 机	门座式起重机及座式旋臂起重 机	842630	门座式起重机及座式旋臂起重	84	HS第84章	1085				none	0.0	unmapped
84264110	轮胎式起重机	轮胎式起重机	842641	其他自推进机械： / 带胶轮的	84	HS第84章	1086				none	0.0	unmapped
84264190	其他	其他	842641	其他自推进机械： / 带胶轮的	84	HS第84章	1086				none	0.0	unmapped
84264910	其他： 履带式起重机	其他： 履带式起重机	842649	其他自推进机械： / 其他	84	HS第84章	1086				none	0.0	unmapped
84264990	其他	其他	842649	其他自推进机械： / 其他	84	HS第84章	1086				none	0.0	unmapped
84269100	其他机械： 供装于公路车辆的	其他机械： 供装于公路车辆的	842691	其他机械： / 供装于公路车辆的	84	HS第84章	1086				none	0.0	unmapped
84269900	其他	其他	842699	其他机械： / 其他	84	HS第84章	1086				none	0.0	unmapped
84271010	电动机推进的机动车： 有轨巷道堆垛机	电动机推进的机动车： 有轨巷道堆垛机	842710	电动机推进的机动车	84	HS第84章	1087				none	0.0	unmapped
84271020	无轨巷道堆垛机	无轨巷道堆垛机	842710	电动机推进的机动车	84	HS第84章	1087				none	0.0	unmapped
84271090	其他	其他	842710	电动机推进的机动车	84	HS第84章	1087				none	0.0	unmapped
84272010	其他机动车： 集装箱叉车	其他机动车： 集装箱叉车	842720	其他机动车	84	HS第84章	1087				none	0.0	unmapped
84272090	其他	其他	842720	其他机动车	84	HS第84章	1087				none	0.0	unmapped
84279000	其他车	其他车	842790	其他车	84	HS第84章	1088				none	0.0	unmapped
84281010	升降机及倒卸式起重机： 载客电梯 无障碍升降机	升降机及倒卸式起重机： 载客电梯 无障碍升降机	842810	升降机及倒卸式起重机	84	HS第84章	1088				none	0.0	unmapped
84281090	其他	其他	842810	升降机及倒卸式起重机	84	HS第84章	1088				none	0.0	unmapped
84282000	气压升降机及输送机	气压升降机及输送机	842820	气压升降机及输送机	84	HS第84章	1088				none	0.0	unmapped
84283100	其他用于连续运送货物或材料 的升降机及输送机： 地下专用的	其他用于连续运送货物或材料 的升降机及输送机： 地下专用的	842831	其他用于连续运送货物或材料 的升降机及输送机： / 地下专用的	84	HS第84章	1088				none	0.0	unmapped
84283200	其他，斗式	其他，斗式	842832	其他用于连续运送货物或材料 的升降机及输送机： / 其他，斗式	84	HS第84章	1088				none	0.0	unmapped
84283300	其他，带式	其他，带式	842833	其他用于连续运送货物或材料 的升降机及输送机： / 其他，带式	84	HS第84章	1089				none	0.0	unmapped
84283910	其他： 链式	其他： 链式	842839	其他用于连续运送货物或材料 的升降机及输送机： / 其他	84	HS第84章	1089				none	0.0	unmapped
84283920	辊式	辊式	842839	其他用于连续运送货物或材料 的升降机及输送机： / 其他	84	HS第84章	1089				none	0.0	unmapped
84283990	其他 半导体级化学品填充机	其他 半导体级化学品填充机	842839	其他用于连续运送货物或材料 的升降机及输送机： / 其他	84	HS第84章	1089				none	0.0	unmapped
84284000	自动梯及自动人行道	自动梯及自动人行道	842840	自动梯及自动人行道	84	HS第84章	1089				none	0.0	unmapped
84286010	缆车、座式升降机、滑雪拉索； 索道用牵引装置： 货运架空索道	缆车、座式升降机、滑雪拉索； 索道用牵引装置： 货运架空索道	842860	缆车、座式升降机、滑雪拉索； 索道用牵引装置	84	HS第84章	1089				none	0.0	unmapped
84286021	客运架空索道： 单线循环式	客运架空索道： 单线循环式	842860	缆车、座式升降机、滑雪拉索； 索道用牵引装置	84	HS第84章	1090				none	0.0	unmapped
84286029	客运架空索道： 其他	客运架空索道： 其他	842860	缆车、座式升降机、滑雪拉索； 索道用牵引装置	84	HS第84章	1090				none	0.0	unmapped
84286090	其他	其他	842860	缆车、座式升降机、滑雪拉索； 索道用牵引装置	84	HS第84章	1090				none	0.0	unmapped
84287000	工业机器人	工业机器人	842870	工业机器人	84	HS第84章	1090				none	0.0	unmapped
84289010	其他机械： 矿车推动机、铁道机车或货车 的转车台、货车倾卸装置及类似 的铁道货车搬运装置	其他机械： 矿车推动机、铁道机车或货车 的转车台、货车倾卸装置及类似 的铁道货车搬运装置	842890	其他机械	84	HS第84章	1090				none	0.0	unmapped
84289020	机械式停车设备	机械式停车设备	842890	其他机械	84	HS第84章	1090				none	0.0	unmapped
84289031	其他装卸机械： 堆取料机械	其他装卸机械： 堆取料机械	842890	其他机械	84	HS第84章	1091				none	0.0	unmapped
84289039	其他装卸机械： 其他	其他装卸机械： 其他	842890	其他机械	84	HS第84章	1091				none	0.0	unmapped
84289090	其他	其他	842890	其他机械	84	HS第84章	1091				none	0.0	unmapped
84291110	推土机及侧铲推土机： --履带式： 发动机输出功率超过235.36千 瓦（320马力）的	推土机及侧铲推土机： --履带式： 发动机输出功率超过235.36千 瓦（320马力）的	842911	推土机及侧铲推土机： / 履带式	84	HS第84章	1091				none	0.0	unmapped
84291190	其他	其他	842911	推土机及侧铲推土机： / 履带式	84	HS第84章	1091				none	0.0	unmapped
84291910	其他： 发动机输出功率超过235.36千 瓦（320马力）的	其他： 发动机输出功率超过235.36千 瓦（320马力）的	842919	推土机及侧铲推土机： / 其他	84	HS第84章	1091				none	0.0	unmapped
84291990	其他	其他	842919	推土机及侧铲推土机： / 其他	84	HS第84章	1092				none	0.0	unmapped
84292010	筑路机及平地机： 发动机输出功率超过235.36千 瓦（320马力）的	筑路机及平地机： 发动机输出功率超过235.36千 瓦（320马力）的	842920	筑路机及平地机	84	HS第84章	1092				none	0.0	unmapped
84292090	其他	其他	842920	筑路机及平地机	84	HS第84章	1092				none	0.0	unmapped
84293010	铲运机： 斗容量超过10立方米的	铲运机： 斗容量超过10立方米的	842930	铲运机	84	HS第84章	1092				none	0.0	unmapped
84293090	其他	其他	842930	铲运机	84	HS第84章	1092				none	0.0	unmapped
84294011	捣固机械及压路机： ---机动压路机： 机重18吨及以上的振动压路 机	捣固机械及压路机： ---机动压路机： 机重18吨及以上的振动压路 机	842940	捣固机械及压路机	84	HS第84章	1092				none	0.0	unmapped
84294019	机动压路机： 其他	机动压路机： 其他	842940	捣固机械及压路机	84	HS第84章	1092				none	0.0	unmapped
84294090	其他	其他	842940	捣固机械及压路机	84	HS第84章	1092				none	0.0	unmapped
84295100	前铲装载机	前铲装载机	842951	捣固机械及压路机： / 前铲装载机	84	HS第84章	1093				none	0.0	unmapped
84295211	上部结构可旋转360度的机械： ---挖掘机： 轮胎式	上部结构可旋转360度的机械： ---挖掘机： 轮胎式	842952	捣固机械及压路机： / 上部结构可旋转360度的机械	84	HS第84章	1093				none	0.0	unmapped
84295212	挖掘机： 履带式	挖掘机： 履带式	842952	捣固机械及压路机： / 上部结构可旋转360度的机械	84	HS第84章	1093				none	0.0	unmapped
84295219	挖掘机： 其他	挖掘机： 其他	842952	捣固机械及压路机： / 上部结构可旋转360度的机械	84	HS第84章	1093				none	0.0	unmapped
84295290	其他	其他	842952	捣固机械及压路机： / 上部结构可旋转360度的机械	84	HS第84章	1093				none	0.0	unmapped
84295900	其他	其他	842959	捣固机械及压路机： / 其他	84	HS第84章	1093				none	0.0	unmapped
84301000	打桩机及拔桩机	打桩机及拔桩机	843010	打桩机及拔桩机	84	HS第84章	1094				none	0.0	unmapped
84302000	扫雪机及吹雪机	扫雪机及吹雪机	843020	扫雪机及吹雪机	84	HS第84章	1094				none	0.0	unmapped
84303110	采（截）煤机、凿岩机及隧道掘 进机： --自推进的： 采（截）煤机	采（截）煤机、凿岩机及隧道掘 进机： --自推进的： 采（截）煤机	843031	采（截）煤机、凿岩机及隧道掘 进机： / 自推进的	84	HS第84章	1094				none	0.0	unmapped
84303120	凿岩机	凿岩机	843031	采（截）煤机、凿岩机及隧道掘 进机： / 自推进的	84	HS第84章	1094				none	0.0	unmapped
84303130	隧道掘进机	隧道掘进机	843031	采（截）煤机、凿岩机及隧道掘 进机： / 自推进的	84	HS第84章	1094				none	0.0	unmapped
84303900	其他	其他	843039	采（截）煤机、凿岩机及隧道掘 进机： / 其他	84	HS第84章	1095				none	0.0	unmapped
84304111	其他钻探或凿井机械： --自推进的： ---石油及天然气钻探机： 钻探深度在6000米及以上的	其他钻探或凿井机械： --自推进的： ---石油及天然气钻探机： 钻探深度在6000米及以上的	843041	其他钻探或凿井机械： / 自推进的	84	HS第84章	1095				none	0.0	unmapped
84304119	石油及天然气钻探机： 其他	石油及天然气钻探机： 其他	843041	其他钻探或凿井机械： / 自推进的	84	HS第84章	1095				none	0.0	unmapped
84304121	其他钻探机： 钻探深度在6000米及以上的	其他钻探机： 钻探深度在6000米及以上的	843041	其他钻探或凿井机械： / 自推进的	84	HS第84章	1095				none	0.0	unmapped
84304122	其他钻探机： 钻探深度在6000米以下的履 带式自推进钻机	其他钻探机： 钻探深度在6000米以下的履 带式自推进钻机	843041	其他钻探或凿井机械： / 自推进的	84	HS第84章	1095				none	0.0	unmapped
84304129	其他钻探机： 钻探深度在6000米以下的其 他钻探机	其他钻探机： 钻探深度在6000米以下的其 他钻探机	843041	其他钻探或凿井机械： / 自推进的	84	HS第84章	1095				none	0.0	unmapped
84304190	其他	其他	843041	其他钻探或凿井机械： / 自推进的	84	HS第84章	1095				none	0.0	unmapped
84304900	其他	其他	843049	其他钻探或凿井机械： / 其他	84	HS第84章	1095				none	0.0	unmapped
84305010	其他采油机械	其他采油机械	843050	其他自推进机械	84	HS第84章	1096				none	0.0	unmapped
84305020	矿用电铲	矿用电铲	843050	其他自推进机械	84	HS第84章	1096				none	0.0	unmapped
84305031	采矿钻机： 牙轮直径380毫米及以上	采矿钻机： 牙轮直径380毫米及以上	843050	其他自推进机械	84	HS第84章	1096				none	0.0	unmapped
84305039	采矿钻机： 其他	采矿钻机： 其他	843050	其他自推进机械	84	HS第84章	1096				none	0.0	unmapped
84305090	其他	其他	843050	其他自推进机械	84	HS第84章	1096				none	0.0	unmapped
84306100	其他非自推进机械： 捣固或压实机械	其他非自推进机械： 捣固或压实机械	843061	其他非自推进机械： / 捣固或压实机械	84	HS第84章	1096				none	0.0	unmapped
84306911	其他： ---工程钻机： 钻筒直径3米及以上	其他： ---工程钻机： 钻筒直径3米及以上	843069	其他非自推进机械： / 其他	84	HS第84章	1096				none	0.0	unmapped
84306919	工程钻机： 其他	工程钻机： 其他	843069	其他非自推进机械： / 其他	84	HS第84章	1096				none	0.0	unmapped
84306920	铲运机	铲运机	843069	其他非自推进机械： / 其他	84	HS第84章	1097				none	0.0	unmapped
84306990	其他	其他	843069	其他非自推进机械： / 其他	84	HS第84章	1097				none	0.0	unmapped
84311000	税目84.25所列机械的零件	税目84.25所列机械的零件	843110	税目84.25所列机械的零件	84	HS第84章	1097				none	0.0	unmapped
84312010	税目84.27所列机械的零件： 装有差速器的驱动桥及其零 件，不论是否装有其他传动部件	税目84.27所列机械的零件： 装有差速器的驱动桥及其零 件，不论是否装有其他传动部件	843120	税目84.27所列机械的零件	84	HS第84章	1097				none	0.0	unmapped
84312090	其他	其他	843120	税目84.27所列机械的零件	84	HS第84章	1097				none	0.0	unmapped
84313100	税目84.28所列机械的零件： 升降机、倒卸式起重机或自动梯 的零件 无障碍升降机的零件	税目84.28所列机械的零件： 升降机、倒卸式起重机或自动梯 的零件 无障碍升降机的零件	843131	税目84.28所列机械的零件： / 升降机、倒卸式起重机或自动梯	84	HS第84章	1097				none	0.0	unmapped
84313900	其他	其他	843139	税目84.28所列机械的零件： / 其他	84	HS第84章	1097				none	0.0	unmapped
84314100	戽斗、铲斗、抓斗及夹斗	戽斗、铲斗、抓斗及夹斗	843141	税目84.26、84.29或84.30所列机 械的零件： / 戽斗、铲斗、抓斗及夹斗	84	HS第84章	1098				none	0.0	unmapped
84314200	推土机或侧铲推土机用铲	推土机或侧铲推土机用铲	843142	税目84.26、84.29或84.30所列机 械的零件： / 推土机或侧铲推土机用铲	84	HS第84章	1098				none	0.0	unmapped
84314310	子目8430.41或8430.49所列钻探 或凿井机械的零件： 石油或天然气钻探机用	子目8430.41或8430.49所列钻探 或凿井机械的零件： 石油或天然气钻探机用	843143	税目84.26、84.29或84.30所列机 械的零件： / 子目8430.41或8430.49所列钻探 或凿井机械的零件	84	HS第84章	1098				none	0.0	unmapped
84314320	其他钻探机用	其他钻探机用	843143	税目84.26、84.29或84.30所列机 械的零件： / 子目8430.41或8430.49所列钻探 或凿井机械的零件	84	HS第84章	1098				none	0.0	unmapped
84314390	其他	其他	843143	税目84.26、84.29或84.30所列机 械的零件： / 子目8430.41或8430.49所列钻探 或凿井机械的零件	84	HS第84章	1098				none	0.0	unmapped
84314920	其他： 装有差速器的驱动桥及其零 件，不论是否装有其他传动部件	其他： 装有差速器的驱动桥及其零 件，不论是否装有其他传动部件	843149	税目84.26、84.29或84.30所列机 械的零件： / 其他	84	HS第84章	1098				none	0.0	unmapped
84314991	其他： 矿用电铲用	其他： 矿用电铲用	843149	税目84.26、84.29或84.30所列机 械的零件： / 其他	84	HS第84章	1098				none	0.0	unmapped
84314999	其他： 其他	其他： 其他	843149	税目84.26、84.29或84.30所列机 械的零件： / 其他	84	HS第84章	1099				none	0.0	unmapped
84321000	犁	犁	843210	犁	84	HS第84章	1099				none	0.0	unmapped
84322100	耙、松土机、中耕机、除草机及 耕耘机： 圆盘耙	耙、松土机、中耕机、除草机及 耕耘机： 圆盘耙	843221	耙、松土机、中耕机、除草机及 耕耘机： / 圆盘耙	84	HS第84章	1099				none	0.0	unmapped
84322900	其他	其他	843229	耙、松土机、中耕机、除草机及 耕耘机： / 其他	84	HS第84章	1099				none	0.0	unmapped
84323111	播种机、种植机及移植机： --免耕直接播种机、种植机及移植 机： ---免耕直接播种机： 谷物播种机	播种机、种植机及移植机： --免耕直接播种机、种植机及移植 机： ---免耕直接播种机： 谷物播种机	843231	播种机、种植机及移植机： / 免耕直接播种机、种植机及移植 机	84	HS第84章	1099				none	0.0	unmapped
84323119	免耕直接播种机： 其他	免耕直接播种机： 其他	843231	播种机、种植机及移植机： / 免耕直接播种机、种植机及移植 机	84	HS第84章	1099				none	0.0	unmapped
84323121	免耕直接种植机： 马铃薯种植机	免耕直接种植机： 马铃薯种植机	843231	播种机、种植机及移植机： / 免耕直接播种机、种植机及移植 机	84	HS第84章	1099				none	0.0	unmapped
84323129	免耕直接种植机： 其他	免耕直接种植机： 其他	843231	播种机、种植机及移植机： / 免耕直接播种机、种植机及移植 机	84	HS第84章	1100				none	0.0	unmapped
84323131	免耕直接移植机（栽植机）： 水稻插秧机	免耕直接移植机（栽植机）： 水稻插秧机	843231	播种机、种植机及移植机： / 免耕直接播种机、种植机及移植 机	84	HS第84章	1100				none	0.0	unmapped
84323139	免耕直接移植机（栽植机）： 其他	免耕直接移植机（栽植机）： 其他	843231	播种机、种植机及移植机： / 免耕直接播种机、种植机及移植 机	84	HS第84章	1100				none	0.0	unmapped
84323911	其他： ---播种机： 谷物播种机	其他： ---播种机： 谷物播种机	843239	播种机、种植机及移植机： / 其他	84	HS第84章	1100				none	0.0	unmapped
84323919	播种机： 其他	播种机： 其他	843239	播种机、种植机及移植机： / 其他	84	HS第84章	1100				none	0.0	unmapped
84323921	种植机： 马铃薯种植机	种植机： 马铃薯种植机	843239	播种机、种植机及移植机： / 其他	84	HS第84章	1100				none	0.0	unmapped
84323929	种植机： 其他	种植机： 其他	843239	播种机、种植机及移植机： / 其他	84	HS第84章	1100				none	0.0	unmapped
84323931	移植机（栽植机）： 水稻插秧机	移植机（栽植机）： 水稻插秧机	843239	播种机、种植机及移植机： / 其他	84	HS第84章	1101				none	0.0	unmapped
84323939	移植机（栽植机）： 其他	移植机（栽植机）： 其他	843239	播种机、种植机及移植机： / 其他	84	HS第84章	1101				none	0.0	unmapped
84324100	施肥机： 粪肥施肥机	施肥机： 粪肥施肥机	843241	施肥机： / 粪肥施肥机	84	HS第84章	1101				none	0.0	unmapped
84324200	化肥施肥机	化肥施肥机	843242	施肥机： / 化肥施肥机	84	HS第84章	1101				none	0.0	unmapped
84328010	其他机械： 草坪及运动场地滚压机	其他机械： 草坪及运动场地滚压机	843280	其他机械	84	HS第84章	1101				none	0.0	unmapped
84328090	其他	其他	843280	其他机械	84	HS第84章	1101				none	0.0	unmapped
84329000	零件	零件	843290	零件	84	HS第84章	1101				none	0.0	unmapped
84331100	机动的，切割装置在同一水平面 上旋转的	机动的，切割装置在同一水平面 上旋转的	843311	草坪、公园或运动场地用的割草 机： / 机动的，切割装置在同一水平面	84	HS第84章	1102				none	0.0	unmapped
84331900	其他	其他	843319	草坪、公园或运动场地用的割草 机： / 其他	84	HS第84章	1102				none	0.0	unmapped
84332000	其他割草机，包括牵引装置用的 刀具杆	其他割草机，包括牵引装置用的 刀具杆	843320	其他割草机，包括牵引装置用的	84	HS第84章	1102				none	0.0	unmapped
84333000	其他干草切割、翻晒机器	其他干草切割、翻晒机器	843330	其他干草切割、翻晒机器	84	HS第84章	1102				none	0.0	unmapped
84334000	草料打包机，包括收集打包机	草料打包机，包括收集打包机	843340	草料打包机，包括收集打包机	84	HS第84章	1102				none	0.0	unmapped
84335100	其他收割机；脱粒机： 联合收割机 功率≥200马力的联合收割机	其他收割机；脱粒机： 联合收割机 功率≥200马力的联合收割机	843351	其他收割机；脱粒机： / 联合收割机	84	HS第84章	1102				none	0.0	unmapped
84335200	其他脱粒机	其他脱粒机	843352	其他收割机；脱粒机： / 其他脱粒机	84	HS第84章	1102				none	0.0	unmapped
84335300	根茎或块茎收获机	根茎或块茎收获机	843353	其他收割机；脱粒机： / 根茎或块茎收获机	84	HS第84章	1102				none	0.0	unmapped
84335910	甘蔗收获机	甘蔗收获机	843359	其他收割机；脱粒机： / 其他	84	HS第84章	1103				none	0.0	unmapped
84335920	棉花采摘机	棉花采摘机	843359	其他收割机；脱粒机： / 其他	84	HS第84章	1103				none	0.0	unmapped
84335990	其他 自走式青储饲料收获机	其他 自走式青储饲料收获机	843359	其他收割机；脱粒机： / 其他	84	HS第84章	1103				none	0.0	unmapped
84336010	蛋类、水果或其他农产品的清 洁、分选、分级机器： 蛋类清洁、分选、分级机器	蛋类、水果或其他农产品的清 洁、分选、分级机器： 蛋类清洁、分选、分级机器	843360	蛋类、水果或其他农产品的清 洁、分选、分级机器	84	HS第84章	1103				none	0.0	unmapped
84336090	其他	其他	843360	蛋类、水果或其他农产品的清 洁、分选、分级机器	84	HS第84章	1103				none	0.0	unmapped
84339010	零件： 联合收割机用	零件： 联合收割机用	843390	零件	84	HS第84章	1103				none	0.0	unmapped
84339090	其他	其他	843390	零件	84	HS第84章	1103				none	0.0	unmapped
84341000	挤奶机	挤奶机	843410	挤奶机	84	HS第84章	1104				none	0.0	unmapped
84342000	乳品加工机器	乳品加工机器	843420	乳品加工机器	84	HS第84章	1104				none	0.0	unmapped
84349000	零件	零件	843490	零件	84	HS第84章	1104				none	0.0	unmapped
84351000	机器	机器	843510	机器	84	HS第84章	1104				none	0.0	unmapped
84359000	零件	零件	843590	零件	84	HS第84章	1104				none	0.0	unmapped
84361000	动物饲料配制机	动物饲料配制机	843610	动物饲料配制机	84	HS第84章	1104				none	0.0	unmapped
84362100	家禽饲养用的机器；家禽孵卵器 及育雏器： 家禽孵卵器及育雏器	家禽饲养用的机器；家禽孵卵器 及育雏器： 家禽孵卵器及育雏器	843621	家禽饲养用的机器；家禽孵卵器 及育雏器： / 家禽孵卵器及育雏器	84	HS第84章	1104				none	0.0	unmapped
84362900	其他	其他	843629	家禽饲养用的机器；家禽孵卵器 及育雏器： / 其他	84	HS第84章	1105				none	0.0	unmapped
84368000	其他机器	其他机器	843680	其他机器	84	HS第84章	1105				none	0.0	unmapped
84369100	零件： 家禽饲养用机器的零件或家禽 孵卵器及育雏器的零件	零件： 家禽饲养用机器的零件或家禽 孵卵器及育雏器的零件	843691	零件： / 家禽饲养用机器的零件或家禽	84	HS第84章	1105				none	0.0	unmapped
84369900	其他	其他	843699	零件： / 其他	84	HS第84章	1105				none	0.0	unmapped
84371010	种子、谷物或干豆的清洁、分选 或分级机器： 光学色差颗粒选别机（色选机）	种子、谷物或干豆的清洁、分选 或分级机器： 光学色差颗粒选别机（色选机）	843710	种子、谷物或干豆的清洁、分选 或分级机器	84	HS第84章	1105				none	0.0	unmapped
84371090	其他	其他	843710	种子、谷物或干豆的清洁、分选 或分级机器	84	HS第84章	1106				none	0.0	unmapped
84378000	其他机器	其他机器	843780	其他机器	84	HS第84章	1106				none	0.0	unmapped
84379000	零件	零件	843790	零件	84	HS第84章	1106				none	0.0	unmapped
84381000	糕点加工机器及生产通心粉、面 条或类似产品的机器	糕点加工机器及生产通心粉、面 条或类似产品的机器	843810	糕点加工机器及生产通心粉、面	84	HS第84章	1106				none	0.0	unmapped
84382000	生产糖果、可可粉、巧克力的机 器	生产糖果、可可粉、巧克力的机 器	843820	生产糖果、可可粉、巧克力的机	84	HS第84章	1106				none	0.0	unmapped
84383000	制糖机器	制糖机器	843830	制糖机器	84	HS第84章	1106				none	0.0	unmapped
84384000	酿酒机器	酿酒机器	843840	酿酒机器	84	HS第84章	1107				none	0.0	unmapped
84385000	肉类或家禽加工机器	肉类或家禽加工机器	843850	肉类或家禽加工机器	84	HS第84章	1107				none	0.0	unmapped
84386000	水果、坚果或蔬菜加工机器	水果、坚果或蔬菜加工机器	843860	水果、坚果或蔬菜加工机器	84	HS第84章	1107				none	0.0	unmapped
84388000	其他机器	其他机器	843880	其他机器	84	HS第84章	1107				none	0.0	unmapped
84389000	零件	零件	843890	零件	84	HS第84章	1107				none	0.0	unmapped
84391000	制造纤维素纸浆的机器	制造纤维素纸浆的机器	843910	制造纤维素纸浆的机器	84	HS第84章	1107				none	0.0	unmapped
84392000	纸或纸板的抄造机器	纸或纸板的抄造机器	843920	纸或纸板的抄造机器	84	HS第84章	1107				none	0.0	unmapped
84393000	纸或纸板的整理机器	纸或纸板的整理机器	843930	纸或纸板的整理机器	84	HS第84章	1108				none	0.0	unmapped
84399100	零件： 制造纤维素纸浆的机器用	零件： 制造纤维素纸浆的机器用	843991	零件： / 制造纤维素纸浆的机器用	84	HS第84章	1108				none	0.0	unmapped
84399900	其他	其他	843999	零件： / 其他	84	HS第84章	1108				none	0.0	unmapped
84401010	机器： 锁线装订机	机器： 锁线装订机	844010	机器	84	HS第84章	1108				none	0.0	unmapped
84401020	胶订机	胶订机	844010	机器	84	HS第84章	1108				none	0.0	unmapped
84401090	其他	其他	844010	机器	84	HS第84章	1108				none	0.0	unmapped
84409000	零件	零件	844090	零件	84	HS第84章	1109				none	0.0	unmapped
84411000	切纸机	切纸机	844110	切纸机	84	HS第84章	1109				none	0.0	unmapped
84412000	制造包、袋或信封的机器	制造包、袋或信封的机器	844120	制造包、袋或信封的机器	84	HS第84章	1109				none	0.0	unmapped
84413010	制造箱、盒、管、桶或类似容器 的机器，但模制成型机器除外： 制造纸塑铝复合罐的生产设备	制造箱、盒、管、桶或类似容器 的机器，但模制成型机器除外： 制造纸塑铝复合罐的生产设备	844130	制造箱、盒、管、桶或类似容器 的机器，但模制成型机器除外	84	HS第84章	1109				none	0.0	unmapped
84413090	其他	其他	844130	制造箱、盒、管、桶或类似容器 的机器，但模制成型机器除外	84	HS第84章	1109				none	0.0	unmapped
84414000	纸浆、纸或纸板制品模制成型机 器	纸浆、纸或纸板制品模制成型机 器	844140	纸浆、纸或纸板制品模制成型机	84	HS第84章	1110				none	0.0	unmapped
84418010	其他机器： 制造纸塑铝软包装的生产设备	其他机器： 制造纸塑铝软包装的生产设备	844180	其他机器	84	HS第84章	1110				none	0.0	unmapped
84418090	其他	其他	844180	其他机器	84	HS第84章	1110				none	0.0	unmapped
84419010	零件： 切纸机用 切纸机用横切刀单元 切纸机用弧形辊	零件： 切纸机用 切纸机用横切刀单元 切纸机用弧形辊	844190	零件	84	HS第84章	1110				none	0.0	unmapped
84419090	其他	其他	844190	零件	84	HS第84章	1110				none	0.0	unmapped
84423010	机器、器具及设备： 铸字机	机器、器具及设备： 铸字机	844230	机器、器具及设备	84	HS第84章	1111				none	0.0	unmapped
84423021	制版机器、器具及设备： 计算机直接制版设备	制版机器、器具及设备： 计算机直接制版设备	844230	机器、器具及设备	84	HS第84章	1111				none	0.0	unmapped
84423029	制版机器、器具及设备： 其他	制版机器、器具及设备： 其他	844230	机器、器具及设备	84	HS第84章	1111				none	0.0	unmapped
84423090	其他	其他	844230	机器、器具及设备	84	HS第84章	1111				none	0.0	unmapped
84424000	上述机器、器具及设备的零件	上述机器、器具及设备的零件	844240	上述机器、器具及设备的零件	84	HS第84章	1111				none	0.0	unmapped
84425000	印刷用版（片）、滚筒及其他印 刷部件；制成供印刷用（例如， 刨平、压纹或抛光）的板（片）、 滚筒及石板	印刷用版（片）、滚筒及其他印 刷部件；制成供印刷用（例如， 刨平、压纹或抛光）的板（片）、 滚筒及石板	844250	印刷用版（片）、滚筒及其他印	84	HS第84章	1111				none	0.0	unmapped
84431100	卷取进料式胶印机	卷取进料式胶印机	844311	用税目84.42的印刷用版（片）、 滚筒及其他印刷部件进行印刷的 机器： / 卷取进料式胶印机	84	HS第84章	1112				none	0.0	unmapped
84431200	办公室用片取进料式胶印机（展 开片尺寸一边长不超过22厘米， 另一边长不超过36厘米）	办公室用片取进料式胶印机（展 开片尺寸一边长不超过22厘米， 另一边长不超过36厘米）	844312	用税目84.42的印刷用版（片）、 滚筒及其他印刷部件进行印刷的 机器： / 办公室用片取进料式胶印机（展	84	HS第84章	1112				none	0.0	unmapped
84431311	其他胶印机： ---平张纸进料式： 单色机	其他胶印机： ---平张纸进料式： 单色机	844313	用税目84.42的印刷用版（片）、 滚筒及其他印刷部件进行印刷的 机器： / 其他胶印机	84	HS第84章	1112				none	0.0	unmapped
84431312	平张纸进料式： 双色机	平张纸进料式： 双色机	844313	用税目84.42的印刷用版（片）、 滚筒及其他印刷部件进行印刷的 机器： / 其他胶印机	84	HS第84章	1112				none	0.0	unmapped
84431313	平张纸进料式： 四色机 四色平张纸胶印机，对开单张纸 单面印刷速度≥17000张/小时； 对开单张纸双面印刷速度 ≥13000张/小时；全张或超全张 单张纸单面印刷速度≥13000张/ 小时	平张纸进料式： 四色机 四色平张纸胶印机，对开单张纸 单面印刷速度≥17000张/小时； 对开单张纸双面印刷速度 ≥13000张/小时；全张或超全张 单张纸单面印刷速度≥13000张/ 小时	844313	用税目84.42的印刷用版（片）、 滚筒及其他印刷部件进行印刷的 机器： / 其他胶印机	84	HS第84章	1112				none	0.0	unmapped
84431319	平张纸进料式： 其他 五色及以上平张纸胶印机，对开 单张纸单面印刷速度≥17000张/ 小时；对开单张纸双面印刷速度 ≥13000张/小时；全张或超全张 单张纸单面印刷速度≥13000张/ 小时	平张纸进料式： 其他 五色及以上平张纸胶印机，对开 单张纸单面印刷速度≥17000张/ 小时；对开单张纸双面印刷速度 ≥13000张/小时；全张或超全张 单张纸单面印刷速度≥13000张/ 小时	844313	用税目84.42的印刷用版（片）、 滚筒及其他印刷部件进行印刷的 机器： / 其他胶印机	84	HS第84章	1113				none	0.0	unmapped
84431390	其他	其他	844313	用税目84.42的印刷用版（片）、 滚筒及其他印刷部件进行印刷的 机器： / 其他胶印机	84	HS第84章	1113				none	0.0	unmapped
84431400	卷取进料式凸版印刷机，但不包 括苯胺印刷机	卷取进料式凸版印刷机，但不包 括苯胺印刷机	844314	用税目84.42的印刷用版（片）、 滚筒及其他印刷部件进行印刷的 机器： / 卷取进料式凸版印刷机，但不包	84	HS第84章	1113				none	0.0	unmapped
84431500	其他凸版印刷机，但不包括苯胺 印刷机	其他凸版印刷机，但不包括苯胺 印刷机	844315	用税目84.42的印刷用版（片）、 滚筒及其他印刷部件进行印刷的 机器： / 其他凸版印刷机，但不包括苯胺	84	HS第84章	1113				none	0.0	unmapped
84431600	苯胺印刷机 苯胺印刷机（柔性版印刷机），线 速度≥350米/分钟，幅宽≥800毫 米 具有烫印或全息或丝网印刷功能 单元的机组式柔性版印刷机,线速 度≥160米/分钟，250毫米≤幅宽 ＜800毫米	苯胺印刷机 苯胺印刷机（柔性版印刷机），线 速度≥350米/分钟，幅宽≥800毫 米 具有烫印或全息或丝网印刷功能 单元的机组式柔性版印刷机,线速 度≥160米/分钟，250毫米≤幅宽 ＜800毫米	844316	用税目84.42的印刷用版（片）、 滚筒及其他印刷部件进行印刷的 机器： / 苯胺印刷机	84	HS第84章	1113				none	0.0	unmapped
84431700	凹版印刷机 凹版印刷机,印刷速度≥350米/分 钟	凹版印刷机 凹版印刷机,印刷速度≥350米/分 钟	844317	用税目84.42的印刷用版（片）、 滚筒及其他印刷部件进行印刷的 机器： / 凹版印刷机	84	HS第84章	1114				none	0.0	unmapped
84431921	其他： ---网式印刷机： 圆网印刷机	其他： ---网式印刷机： 圆网印刷机	844319	用税目84.42的印刷用版（片）、 滚筒及其他印刷部件进行印刷的 机器： / 其他	84	HS第84章	1114				none	0.0	unmapped
84431922	网式印刷机： 平网印刷机	网式印刷机： 平网印刷机	844319	用税目84.42的印刷用版（片）、 滚筒及其他印刷部件进行印刷的 机器： / 其他	84	HS第84章	1114				none	0.0	unmapped
84431929	网式印刷机： 其他	网式印刷机： 其他	844319	用税目84.42的印刷用版（片）、 滚筒及其他印刷部件进行印刷的 机器： / 其他	84	HS第84章	1114				none	0.0	unmapped
84431980	其他	其他	844319	用税目84.42的印刷用版（片）、 滚筒及其他印刷部件进行印刷的 机器： / 其他	84	HS第84章	1114				none	0.0	unmapped
84433110	静电感光式	静电感光式	844331	其他印刷（打印）机、复印机及 传真机，不论是否组合式	84	HS第84章	1115				none	0.0	unmapped
84433190	其他	其他	844331	其他印刷（打印）机、复印机及 传真机，不论是否组合式	84	HS第84章	1115				none	0.0	unmapped
84433211	其他，可与自动数据处理设备或 网络连接： ---专用于税目84.71所列设备的打 印机： 针式打印机	其他，可与自动数据处理设备或 网络连接： ---专用于税目84.71所列设备的打 印机： 针式打印机	844332	其他印刷（打印）机、复印机及 传真机，不论是否组合式： / 其他，可与自动数据处理设备或 网络连接	84	HS第84章	1115				none	0.0	unmapped
84433212	专用于税目84.71所列设备的打 印机： 激光打印机	专用于税目84.71所列设备的打 印机： 激光打印机	844332	其他印刷（打印）机、复印机及 传真机，不论是否组合式： / 其他，可与自动数据处理设备或 网络连接	84	HS第84章	1115				none	0.0	unmapped
84433213	专用于税目84.71所列设备的打 印机： 喷墨打印机	专用于税目84.71所列设备的打 印机： 喷墨打印机	844332	其他印刷（打印）机、复印机及 传真机，不论是否组合式： / 其他，可与自动数据处理设备或 网络连接	84	HS第84章	1115				none	0.0	unmapped
84433214	专用于税目84.71所列设备的打 印机： 热敏打印机	专用于税目84.71所列设备的打 印机： 热敏打印机	844332	其他印刷（打印）机、复印机及 传真机，不论是否组合式： / 其他，可与自动数据处理设备或 网络连接	84	HS第84章	1115				none	0.0	unmapped
84433219	专用于税目84.71所列设备的打 印机： 其他	专用于税目84.71所列设备的打 印机： 其他	844332	其他印刷（打印）机、复印机及 传真机，不论是否组合式： / 其他，可与自动数据处理设备或 网络连接	84	HS第84章	1115				none	0.0	unmapped
84433221	数字式印刷设备： 喷墨印刷机	数字式印刷设备： 喷墨印刷机	844332	其他印刷（打印）机、复印机及 传真机，不论是否组合式： / 其他，可与自动数据处理设备或 网络连接	84	HS第84章	1115				none	0.0	unmapped
84433222	数字式印刷设备： 静电照相印刷机（激光印刷 机）	数字式印刷设备： 静电照相印刷机（激光印刷 机）	844332	其他印刷（打印）机、复印机及 传真机，不论是否组合式： / 其他，可与自动数据处理设备或 网络连接	84	HS第84章	1116				none	0.0	unmapped
84433229	数字式印刷设备： 其他	数字式印刷设备： 其他	844332	其他印刷（打印）机、复印机及 传真机，不论是否组合式： / 其他，可与自动数据处理设备或 网络连接	84	HS第84章	1116				none	0.0	unmapped
84433290	其他	其他	844332	其他印刷（打印）机、复印机及 传真机，不论是否组合式： / 其他，可与自动数据处理设备或 网络连接	84	HS第84章	1116				none	0.0	unmapped
84433911	其他： ---静电感光复印设备： 将原件直接复印的（直接法）	其他： ---静电感光复印设备： 将原件直接复印的（直接法）	844339	其他印刷（打印）机、复印机及 传真机，不论是否组合式： / 其他	84	HS第84章	1116				none	0.0	unmapped
84433912	静电感光复印设备： 将原件通过中间体转印的（间 接法）	静电感光复印设备： 将原件通过中间体转印的（间 接法）	844339	其他印刷（打印）机、复印机及 传真机，不论是否组合式： / 其他	84	HS第84章	1116				none	0.0	unmapped
84433921	其他感光复印设备： 带有光学系统的	其他感光复印设备： 带有光学系统的	844339	其他印刷（打印）机、复印机及 传真机，不论是否组合式： / 其他	84	HS第84章	1116				none	0.0	unmapped
84433922	其他感光复印设备： 接触式的	其他感光复印设备： 接触式的	844339	其他印刷（打印）机、复印机及 传真机，不论是否组合式： / 其他	84	HS第84章	1116				none	0.0	unmapped
84433923	其他感光复印设备： 热敏复印设备	其他感光复印设备： 热敏复印设备	844339	其他印刷（打印）机、复印机及 传真机，不论是否组合式： / 其他	84	HS第84章	1116				none	0.0	unmapped
84433924	其他感光复印设备： 热升华复印设备	其他感光复印设备： 热升华复印设备	844339	其他印刷（打印）机、复印机及 传真机，不论是否组合式： / 其他	84	HS第84章	1117				none	0.0	unmapped
84433931	数字式印刷设备： 喷墨印刷机	数字式印刷设备： 喷墨印刷机	844339	其他印刷（打印）机、复印机及 传真机，不论是否组合式： / 其他	84	HS第84章	1117				none	0.0	unmapped
84433932	数字式印刷设备： 静电照相印刷机（激光印刷 机）	数字式印刷设备： 静电照相印刷机（激光印刷 机）	844339	其他印刷（打印）机、复印机及 传真机，不论是否组合式： / 其他	84	HS第84章	1117				none	0.0	unmapped
84433939	数字式印刷设备： 其他	数字式印刷设备： 其他	844339	其他印刷（打印）机、复印机及 传真机，不论是否组合式： / 其他	84	HS第84章	1117				none	0.0	unmapped
84433990	其他	其他	844339	其他印刷（打印）机、复印机及 传真机，不论是否组合式： / 其他	84	HS第84章	1117				none	0.0	unmapped
84439111	零件及附件： --用税目84.42的印刷用版、滚筒 及其他印刷部件进行印刷的机器 零件及附件： ---印刷用辅助机器： 卷筒料给料机	零件及附件： --用税目84.42的印刷用版、滚筒 及其他印刷部件进行印刷的机器 零件及附件： ---印刷用辅助机器： 卷筒料给料机	844391	零件及附件： / 用税目84.42的印刷用版、滚筒 及其他印刷部件进行印刷的机器 零件及附件	84	HS第84章	1117				none	0.0	unmapped
84439119	印刷用辅助机器： 其他	印刷用辅助机器： 其他	844391	零件及附件： / 用税目84.42的印刷用版、滚筒 及其他印刷部件进行印刷的机器 零件及附件	84	HS第84章	1117				none	0.0	unmapped
84439190	其他	其他	844391	零件及附件： / 用税目84.42的印刷用版、滚筒 及其他印刷部件进行印刷的机器 零件及附件	84	HS第84章	1118				none	0.0	unmapped
84439910	其他： 数字印刷设备用辅助机器	其他： 数字印刷设备用辅助机器	844399	零件及附件： / 其他	84	HS第84章	1118				none	0.0	unmapped
84439921	数字印刷设备的零件： 热敏打印头	数字印刷设备的零件： 热敏打印头	844399	零件及附件： / 其他	84	HS第84章	1118				none	0.0	unmapped
84439929	数字印刷设备的零件： 其他	数字印刷设备的零件： 其他	844399	零件及附件： / 其他	84	HS第84章	1118				none	0.0	unmapped
84439990	其他	其他	844399	零件及附件： / 其他	84	HS第84章	1118				none	0.0	unmapped
84440010	合成纤维长丝纺丝机	合成纤维长丝纺丝机	844400	化学纺织纤维挤压、拉伸、变形 或切割机器	84	HS第84章	1118				none	0.0	unmapped
84440020	合成纤维短纤纺丝机	合成纤维短纤纺丝机	844400	化学纺织纤维挤压、拉伸、变形 或切割机器	84	HS第84章	1118				none	0.0	unmapped
84440030	人造纤维纺丝机	人造纤维纺丝机	844400	化学纺织纤维挤压、拉伸、变形 或切割机器	84	HS第84章	1119				none	0.0	unmapped
84440040	化学纤维变形机	化学纤维变形机	844400	化学纺织纤维挤压、拉伸、变形 或切割机器	84	HS第84章	1119				none	0.0	unmapped
84440050	化学纤维切断机	化学纤维切断机	844400	化学纺织纤维挤压、拉伸、变形 或切割机器	84	HS第84章	1119				none	0.0	unmapped
84440090	其他	其他	844400	化学纺织纤维挤压、拉伸、变形 或切割机器	84	HS第84章	1119				none	0.0	unmapped
84451111	棉纤维型： 清梳联合机	棉纤维型： 清梳联合机	844511	纺织纤维的预处理机器： / 梳理机	84	HS第84章	1120				none	0.0	unmapped
84451112	棉纤维型： 自动抓棉机	棉纤维型： 自动抓棉机	844511	纺织纤维的预处理机器： / 梳理机	84	HS第84章	1120				none	0.0	unmapped
84451113	棉纤维型： 梳棉机	棉纤维型： 梳棉机	844511	纺织纤维的预处理机器： / 梳理机	84	HS第84章	1120				none	0.0	unmapped
84451119	棉纤维型： 其他	棉纤维型： 其他	844511	纺织纤维的预处理机器： / 梳理机	84	HS第84章	1120				none	0.0	unmapped
84451120	毛纤维型	毛纤维型	844511	纺织纤维的预处理机器： / 梳理机	84	HS第84章	1120				none	0.0	unmapped
84451190	其他	其他	844511	纺织纤维的预处理机器： / 梳理机	84	HS第84章	1120				none	0.0	unmapped
84451210	棉精梳机	棉精梳机	844512	纺织纤维的预处理机器： / 梳理机	84	HS第84章	1121				none	0.0	unmapped
84451220	毛精梳机	毛精梳机	844512	纺织纤维的预处理机器： / 梳理机	84	HS第84章	1121				none	0.0	unmapped
84451290	其他	其他	844512	纺织纤维的预处理机器： / 梳理机	84	HS第84章	1121				none	0.0	unmapped
84451310	拉伸机或粗纱机： 拉伸机	拉伸机或粗纱机： 拉伸机	844513	纺织纤维的预处理机器： / 拉伸机或粗纱机	84	HS第84章	1121				none	0.0	unmapped
84451321	粗纱机： 棉纺粗纱机	粗纱机： 棉纺粗纱机	844513	纺织纤维的预处理机器： / 拉伸机或粗纱机	84	HS第84章	1121				none	0.0	unmapped
84451322	粗纱机： 毛纺粗纱机	粗纱机： 毛纺粗纱机	844513	纺织纤维的预处理机器： / 拉伸机或粗纱机	84	HS第84章	1122				none	0.0	unmapped
84451329	粗纱机： 其他	粗纱机： 其他	844513	纺织纤维的预处理机器： / 拉伸机或粗纱机	84	HS第84章	1122				none	0.0	unmapped
84451900	其他	其他	844519	纺织纤维的预处理机器： / 其他	84	HS第84章	1122				none	0.0	unmapped
84452031	纺纱机： ---自由端纺纱机： 转杯纺纱机 全自动转杯纺纱机	纺纱机： ---自由端纺纱机： 转杯纺纱机 全自动转杯纺纱机	844520	纺纱机	84	HS第84章	1122				none	0.0	unmapped
84452032	自由端纺纱机： 喷气纺纱机	自由端纺纱机： 喷气纺纱机	844520	纺纱机	84	HS第84章	1122				none	0.0	unmapped
84452039	自由端纺纱机： 其他	自由端纺纱机： 其他	844520	纺纱机	84	HS第84章	1123				none	0.0	unmapped
84452041	环锭细纱机： 棉细纱机	环锭细纱机： 棉细纱机	844520	纺纱机	84	HS第84章	1123				none	0.0	unmapped
84452042	环锭细纱机： 毛细纱机	环锭细纱机： 毛细纱机	844520	纺纱机	84	HS第84章	1123				none	0.0	unmapped
84452049	环锭细纱机： 其他	环锭细纱机： 其他	844520	纺纱机	84	HS第84章	1123				none	0.0	unmapped
84452090	其他	其他	844520	纺纱机	84	HS第84章	1123				none	0.0	unmapped
84453000	并线机或加捻机	并线机或加捻机	844530	并线机或加捻机	84	HS第84章	1123				none	0.0	unmapped
84454010	自动络筒机	自动络筒机	844540	络纱机（包括卷纬机）或摇纱机	84	HS第84章	1124				none	0.0	unmapped
84454090	其他	其他	844540	络纱机（包括卷纬机）或摇纱机	84	HS第84章	1124				none	0.0	unmapped
84459010	其他： 整经机	其他： 整经机	844590	其他	84	HS第84章	1124				none	0.0	unmapped
84459020	浆纱机	浆纱机	844590	其他	84	HS第84章	1124				none	0.0	unmapped
84459090	其他	其他	844590	其他	84	HS第84章	1124				none	0.0	unmapped
84461000	所织织物宽度不超过30厘米的 织机	所织织物宽度不超过30厘米的 织机	844610	所织织物宽度不超过30厘米的	84	HS第84章	1124				none	0.0	unmapped
84462110	地毯织机	地毯织机	844621	所织织物宽度超过30厘米的梭 织机	84	HS第84章	1125				none	0.0	unmapped
84462190	其他	其他	844621	所织织物宽度超过30厘米的梭 织机	84	HS第84章	1125				none	0.0	unmapped
84462900	其他	其他	844629	所织织物宽度超过30厘米的梭 织机： / 其他	84	HS第84章	1125				none	0.0	unmapped
84463020	所织织物宽度超过30厘米的无 梭织机： 剑杆织机	所织织物宽度超过30厘米的无 梭织机： 剑杆织机	844630	所织织物宽度超过30厘米的无 梭织机	84	HS第84章	1125				none	0.0	unmapped
84463030	片梭织机	片梭织机	844630	所织织物宽度超过30厘米的无 梭织机	84	HS第84章	1125				none	0.0	unmapped
84463040	喷水织机	喷水织机	844630	所织织物宽度超过30厘米的无 梭织机	84	HS第84章	1126				none	0.0	unmapped
84463050	喷气织机	喷气织机	844630	所织织物宽度超过30厘米的无 梭织机	84	HS第84章	1126				none	0.0	unmapped
84463090	其他	其他	844630	所织织物宽度超过30厘米的无 梭织机	84	HS第84章	1126				none	0.0	unmapped
84471100	圆型针织机： 圆筒直径不超过165毫米	圆型针织机： 圆筒直径不超过165毫米	844711	圆型针织机： / 圆筒直径不超过165毫米	84	HS第84章	1126				none	0.0	unmapped
84471200	圆筒直径超过165毫米	圆筒直径超过165毫米	844712	圆型针织机： / 圆筒直径超过165毫米	84	HS第84章	1126				none	0.0	unmapped
84472011	经编机： 特里科经编机	经编机： 特里科经编机	844720	平型针织机；缝编机	84	HS第84章	1127				none	0.0	unmapped
84472012	经编机： 拉舍尔经编机	经编机： 拉舍尔经编机	844720	平型针织机；缝编机	84	HS第84章	1127				none	0.0	unmapped
84472019	经编机： 其他	经编机： 其他	844720	平型针织机；缝编机	84	HS第84章	1127				none	0.0	unmapped
84472020	平型纬编机	平型纬编机	844720	平型针织机；缝编机	84	HS第84章	1127				none	0.0	unmapped
84472030	缝编机	缝编机	844720	平型针织机；缝编机	84	HS第84章	1127				none	0.0	unmapped
84479011	其他： ---簇绒机： 地毯织机	其他： ---簇绒机： 地毯织机	844790	其他	84	HS第84章	1127				none	0.0	unmapped
84479019	簇绒机： 其他	簇绒机： 其他	844790	其他	84	HS第84章	1128				none	0.0	unmapped
84479020	绣花机	绣花机	844790	其他	84	HS第84章	1128				none	0.0	unmapped
84479090	其他	其他	844790	其他	84	HS第84章	1128				none	0.0	unmapped
84481100	税目84.44、84.45、84.46或84.47 所列机器的辅助机器： 多臂机或提花机及其所用的卡 片缩小、复制、穿孔或汇编机器 多臂机或提花机,转速指标：500 转/分以上	税目84.44、84.45、84.46或84.47 所列机器的辅助机器： 多臂机或提花机及其所用的卡 片缩小、复制、穿孔或汇编机器 多臂机或提花机,转速指标：500 转/分以上	844811	税目84.44、84.45、84.46或84.47 所列机器的辅助机器： / 多臂机或提花机及其所用的卡	84	HS第84章	1128				none	0.0	unmapped
84481900	其他	其他	844819	税目84.44、84.45、84.46或84.47 所列机器的辅助机器： / 其他	84	HS第84章	1128				none	0.0	unmapped
84482020	喷丝头或喷丝板	喷丝头或喷丝板	844820	税目84.44所列机器及其辅助机 器的零件、附件	84	HS第84章	1129				none	0.0	unmapped
84482090	其他	其他	844820	税目84.44所列机器及其辅助机 器的零件、附件	84	HS第84章	1129				none	0.0	unmapped
84483100	税目84.45所列机器及其辅助机 器的零件、附件： 钢丝针布	税目84.45所列机器及其辅助机 器的零件、附件： 钢丝针布	844831	税目84.45所列机器及其辅助机 器的零件、附件： / 钢丝针布	84	HS第84章	1129				none	0.0	unmapped
84483200	纺织纤维预处理机器的零件、附 件，但钢丝针布除外	纺织纤维预处理机器的零件、附 件，但钢丝针布除外	844832	税目84.45所列机器及其辅助机 器的零件、附件： / 纺织纤维预处理机器的零件、附	84	HS第84章	1129				none	0.0	unmapped
84483310	锭子、锭壳、纺丝环、钢丝圈： 络筒锭	锭子、锭壳、纺丝环、钢丝圈： 络筒锭	844833	税目84.45所列机器及其辅助机 器的零件、附件： / 锭子、锭壳、纺丝环、钢丝圈	84	HS第84章	1129				none	0.0	unmapped
84483390	其他	其他	844833	税目84.45所列机器及其辅助机 器的零件、附件： / 锭子、锭壳、纺丝环、钢丝圈	84	HS第84章	1129				none	0.0	unmapped
84483910	其他： 气流杯	其他： 气流杯	844839	税目84.45所列机器及其辅助机 器的零件、附件： / 其他	84	HS第84章	1129				none	0.0	unmapped
84483920	电子清纱器	电子清纱器	844839	税目84.45所列机器及其辅助机 器的零件、附件： / 其他	84	HS第84章	1129				none	0.0	unmapped
84483930	空气捻接器	空气捻接器	844839	税目84.45所列机器及其辅助机 器的零件、附件： / 其他	84	HS第84章	1130				none	0.0	unmapped
84483940	环锭细纱机紧密纺装置	环锭细纱机紧密纺装置	844839	税目84.45所列机器及其辅助机 器的零件、附件： / 其他	84	HS第84章	1130				none	0.0	unmapped
84483990	其他	其他	844839	税目84.45所列机器及其辅助机 器的零件、附件： / 其他	84	HS第84章	1130				none	0.0	unmapped
84484200	织机及其辅助机器的零件、附 件： 织机用筘、综丝及综框	织机及其辅助机器的零件、附 件： 织机用筘、综丝及综框	844842	织机及其辅助机器的零件、附 件： / 织机用筘、综丝及综框	84	HS第84章	1130				none	0.0	unmapped
84484910	其他： 接、投梭箱	其他： 接、投梭箱	844849	织机及其辅助机器的零件、附 件： / 其他	84	HS第84章	1130				none	0.0	unmapped
84484920	引纬、送经装置	引纬、送经装置	844849	织机及其辅助机器的零件、附 件： / 其他	84	HS第84章	1130				none	0.0	unmapped
84484930	梭子	梭子	844849	织机及其辅助机器的零件、附 件： / 其他	84	HS第84章	1130				none	0.0	unmapped
84484990	其他	其他	844849	织机及其辅助机器的零件、附 件： / 其他	84	HS第84章	1130				none	0.0	unmapped
84485120	针织机用28号以下的弹簧针、 钩针及复合针	针织机用28号以下的弹簧针、 钩针及复合针	844851	织机及其辅助机器的零件、附 件： / 其他	84	HS第84章	1131				none	0.0	unmapped
84485190	其他	其他	844851	织机及其辅助机器的零件、附 件： / 其他	84	HS第84章	1131				none	0.0	unmapped
84485900	其他	其他	844859	织机及其辅助机器的零件、附 件： / 其他	84	HS第84章	1131				none	0.0	unmapped
84490010	针刺机 高速针刺机，针刺频率＞2000次/ 分钟	针刺机 高速针刺机，针刺频率＞2000次/ 分钟	844900	成匹、成形的毡呢或无纺织物制 造或整理机器，包括制毡呢帽机 器；帽模	84	HS第84章	1131				none	0.0	unmapped
84490020	水刺设备	水刺设备	844900	成匹、成形的毡呢或无纺织物制 造或整理机器，包括制毡呢帽机 器；帽模	84	HS第84章	1131				none	0.0	unmapped
84490090	其他	其他	844900	成匹、成形的毡呢或无纺织物制 造或整理机器，包括制毡呢帽机 器；帽模	84	HS第84章	1131				none	0.0	unmapped
84501110	波轮式	波轮式	845011	干衣量不超过10千克的洗衣机	84	HS第84章	1132				none	0.0	unmapped
84501120	滚筒式	滚筒式	845011	干衣量不超过10千克的洗衣机	84	HS第84章	1132				none	0.0	unmapped
84501190	其他	其他	845011	干衣量不超过10千克的洗衣机	84	HS第84章	1132				none	0.0	unmapped
84501200	其他机器，装有离心甩干机	其他机器，装有离心甩干机	845012	干衣量不超过10千克的洗衣机： / 其他机器，装有离心甩干机	84	HS第84章	1132				none	0.0	unmapped
84501900	其他	其他	845019	干衣量不超过10千克的洗衣机： / 其他	84	HS第84章	1132				none	0.0	unmapped
84502011	干衣量超过10千克的洗衣机： ---全自动的： 波轮式	干衣量超过10千克的洗衣机： ---全自动的： 波轮式	845020	干衣量超过10千克的洗衣机	84	HS第84章	1132				none	0.0	unmapped
84502012	全自动的： 滚筒式	全自动的： 滚筒式	845020	干衣量超过10千克的洗衣机	84	HS第84章	1132				none	0.0	unmapped
84502019	全自动的： 其他	全自动的： 其他	845020	干衣量超过10千克的洗衣机	84	HS第84章	1132				none	0.0	unmapped
84502090	其他	其他	845020	干衣量超过10千克的洗衣机	84	HS第84章	1133				none	0.0	unmapped
84509010	零件： 干衣量不超过10千克的洗衣机 用	零件： 干衣量不超过10千克的洗衣机 用	845090	零件	84	HS第84章	1133				none	0.0	unmapped
84509090	其他	其他	845090	零件	84	HS第84章	1133				none	0.0	unmapped
84511000	干洗机	干洗机	845110	干洗机	84	HS第84章	1133				none	0.0	unmapped
84512100	干衣量不超过10千克	干衣量不超过10千克	845121	干燥机： / 干衣量不超过10千克	84	HS第84章	1134				none	0.0	unmapped
84512900	其他	其他	845129	干燥机： / 其他	84	HS第84章	1134				none	0.0	unmapped
84513000	熨烫机及挤压机（包括熔压机）	熨烫机及挤压机（包括熔压机）	845130	熨烫机及挤压机（包括熔压机）	84	HS第84章	1134				none	0.0	unmapped
84514000	洗涤、漂白或染色机器	洗涤、漂白或染色机器	845140	洗涤、漂白或染色机器	84	HS第84章	1134				none	0.0	unmapped
84515000	纺织物的卷绕、退绕、折叠、剪 切或剪齿边机器	纺织物的卷绕、退绕、折叠、剪 切或剪齿边机器	845150	纺织物的卷绕、退绕、折叠、剪	84	HS第84章	1134				none	0.0	unmapped
84518000	其他机器	其他机器	845180	其他机器	84	HS第84章	1134				none	0.0	unmapped
84519000	零件	零件	845190	零件	84	HS第84章	1135				none	0.0	unmapped
84521010	家用型缝纫机： 多功能型	家用型缝纫机： 多功能型	845210	家用型缝纫机	84	HS第84章	1135				none	0.0	unmapped
84521091	其他： 手动式	其他： 手动式	845210	家用型缝纫机	84	HS第84章	1135				none	0.0	unmapped
84521099	其他： 其他	其他： 其他	845210	家用型缝纫机	84	HS第84章	1135				none	0.0	unmapped
84522110	平缝机	平缝机	845221	其他缝纫机： / 自动的	84	HS第84章	1136				none	0.0	unmapped
84522120	包缝机	包缝机	845221	其他缝纫机： / 自动的	84	HS第84章	1136				none	0.0	unmapped
84522130	绷缝机	绷缝机	845221	其他缝纫机： / 自动的	84	HS第84章	1136				none	0.0	unmapped
84522190	其他	其他	845221	其他缝纫机： / 自动的	84	HS第84章	1136				none	0.0	unmapped
84522900	其他	其他	845229	其他缝纫机： / 其他	84	HS第84章	1136				none	0.0	unmapped
84523000	缝纫机针	缝纫机针	845230	缝纫机针	84	HS第84章	1137				none	0.0	unmapped
84529011	缝纫机专用的特制家具、底座和 罩盖及其零件；缝纫机的其他零 件： ---家用型缝纫机用： 旋梭	缝纫机专用的特制家具、底座和 罩盖及其零件；缝纫机的其他零 件： ---家用型缝纫机用： 旋梭	845290	缝纫机专用的特制家具、底座和 罩盖及其零件；缝纫机的其他零 件	84	HS第84章	1137				none	0.0	unmapped
84529019	家用型缝纫机用： 其他	家用型缝纫机用： 其他	845290	缝纫机专用的特制家具、底座和 罩盖及其零件；缝纫机的其他零 件	84	HS第84章	1137				none	0.0	unmapped
84529091	其他： 旋梭	其他： 旋梭	845290	缝纫机专用的特制家具、底座和 罩盖及其零件；缝纫机的其他零 件	84	HS第84章	1137				none	0.0	unmapped
84529092	其他： 缝纫机专用的特制家具、底座 和罩盖及其零件	其他： 缝纫机专用的特制家具、底座 和罩盖及其零件	845290	缝纫机专用的特制家具、底座和 罩盖及其零件；缝纫机的其他零 件	84	HS第84章	1137				none	0.0	unmapped
84529099	其他： 其他	其他： 其他	845290	缝纫机专用的特制家具、底座和 罩盖及其零件；缝纫机的其他零 件	84	HS第84章	1138				none	0.0	unmapped
84531000	生皮、皮革的处理、鞣制或加工 机器	生皮、皮革的处理、鞣制或加工 机器	845310	生皮、皮革的处理、鞣制或加工	84	HS第84章	1138				none	0.0	unmapped
84532000	鞋靴制作或修理机器	鞋靴制作或修理机器	845320	鞋靴制作或修理机器	84	HS第84章	1138				none	0.0	unmapped
84538000	其他机器	其他机器	845380	其他机器	84	HS第84章	1138				none	0.0	unmapped
84539000	零件	零件	845390	零件	84	HS第84章	1138				none	0.0	unmapped
84541000	转炉	转炉	845410	转炉	84	HS第84章	1139				none	0.0	unmapped
84542010	锭模及浇包： 炉外精炼设备	锭模及浇包： 炉外精炼设备	845420	锭模及浇包	84	HS第84章	1139				none	0.0	unmapped
84542090	其他	其他	845420	锭模及浇包	84	HS第84章	1139				none	0.0	unmapped
84543010	铸造机： 冷室压铸机	铸造机： 冷室压铸机	845430	铸造机	84	HS第84章	1139				none	0.0	unmapped
84543021	钢坯连铸机： 方坯连铸机	钢坯连铸机： 方坯连铸机	845430	铸造机	84	HS第84章	1139				none	0.0	unmapped
84543022	钢坯连铸机： 板坯连铸机	钢坯连铸机： 板坯连铸机	845430	铸造机	84	HS第84章	1139				none	0.0	unmapped
84543029	钢坯连铸机： 其他	钢坯连铸机： 其他	845430	铸造机	84	HS第84章	1140				none	0.0	unmapped
84543090	其他	其他	845430	铸造机	84	HS第84章	1140				none	0.0	unmapped
84549010	零件： 炉外精炼设备用	零件： 炉外精炼设备用	845490	零件	84	HS第84章	1140				none	0.0	unmapped
84549021	钢坯连铸机用： 结晶器	钢坯连铸机用： 结晶器	845490	零件	84	HS第84章	1140				none	0.0	unmapped
84549022	钢坯连铸机用： 振动装置	钢坯连铸机用： 振动装置	845490	零件	84	HS第84章	1140				none	0.0	unmapped
84549029	钢坯连铸机用： 其他	钢坯连铸机用： 其他	845490	零件	84	HS第84章	1140				none	0.0	unmapped
84549090	其他	其他	845490	零件	84	HS第84章	1141				none	0.0	unmapped
84551010	轧管机： 热轧管机	轧管机： 热轧管机	845510	轧管机	84	HS第84章	1141				none	0.0	unmapped
84551020	冷轧管机	冷轧管机	845510	轧管机	84	HS第84章	1141				none	0.0	unmapped
84551030	定减径轧管机	定减径轧管机	845510	轧管机	84	HS第84章	1141				none	0.0	unmapped
84551090	其他	其他	845510	轧管机	84	HS第84章	1141				none	0.0	unmapped
84552110	板材热轧机	板材热轧机	845521	其他轧机： / 热轧机或冷热联合轧机	84	HS第84章	1142	金属材料	钢板/板材	金属材料/钢板/板材	metal-steel-plate	0.92	candidate
84552120	型钢轧机	型钢轧机	845521	其他轧机： / 热轧机或冷热联合轧机	84	HS第84章	1142	金属材料	型钢	金属材料/型钢	metal-section	0.92	candidate
84552130	线材轧机	线材轧机	845521	其他轧机： / 热轧机或冷热联合轧机	84	HS第84章	1142	金属材料	钢筋/线材	金属材料/钢筋/线材	metal-rebar	0.88	candidate
84552190	其他	其他	845521	其他轧机： / 热轧机或冷热联合轧机	84	HS第84章	1142				none	0.0	unmapped
84552210	冷轧机： 板材冷轧机	冷轧机： 板材冷轧机	845522	其他轧机： / 冷轧机	84	HS第84章	1142	金属材料	钢板/板材	金属材料/钢板/板材	metal-steel-plate	0.92	candidate
84552290	其他	其他	845522	其他轧机： / 冷轧机	84	HS第84章	1143				none	0.0	unmapped
84553000	轧机用轧辊	轧机用轧辊	845530	轧机用轧辊	84	HS第84章	1143				none	0.0	unmapped
84559000	其他零件	其他零件	845590	其他零件	84	HS第84章	1143				none	0.0	unmapped
84561100	用激光、其他光或光子束处理 的： 用激光处理的	用激光、其他光或光子束处理 的： 用激光处理的	845611	用激光、其他光或光子束处理 的： / 用激光处理的	84	HS第84章	1143				none	0.0	unmapped
84561200	用其他光或光子束处理的	用其他光或光子束处理的	845612	用激光、其他光或光子束处理 的： / 用其他光或光子束处理的	84	HS第84章	1143				none	0.0	unmapped
84562000	用超声波处理的	用超声波处理的	845620	用超声波处理的	84	HS第84章	1143				none	0.0	unmapped
84563010	用放电处理的： 数控的	用放电处理的： 数控的	845630	用放电处理的	84	HS第84章	1143				none	0.0	unmapped
84563090	其他	其他	845630	用放电处理的	84	HS第84章	1144				none	0.0	unmapped
84564010	用等离子弧处理的： 等离子切割机	用等离子弧处理的： 等离子切割机	845640	用等离子弧处理的	84	HS第84章	1144				none	0.0	unmapped
84564090	其他	其他	845640	用等离子弧处理的	84	HS第84章	1144				none	0.0	unmapped
84565000	水射流切割机	水射流切割机	845650	水射流切割机	84	HS第84章	1144				none	0.0	unmapped
84569000	其他	其他	845690	其他	84	HS第84章	1144				none	0.0	unmapped
84571010	加工中心： 立式	加工中心： 立式	845710	加工中心	84	HS第84章	1144				none	0.0	unmapped
84571020	卧式	卧式	845710	加工中心	84	HS第84章	1144				none	0.0	unmapped
84571030	龙门式	龙门式	845710	加工中心	84	HS第84章	1144				none	0.0	unmapped
84571091	其他： 铣车复合	其他： 铣车复合	845710	加工中心	84	HS第84章	1145				none	0.0	unmapped
84571099	其他： 其他	其他： 其他	845710	加工中心	84	HS第84章	1145				none	0.0	unmapped
84572000	单工位组合机床	单工位组合机床	845720	单工位组合机床	84	HS第84章	1145				none	0.0	unmapped
84573000	多工位组合机床	多工位组合机床	845730	多工位组合机床	84	HS第84章	1145				none	0.0	unmapped
84581100	卧式车床： 数控的	卧式车床： 数控的	845811	卧式车床： / 数控的	84	HS第84章	1145				none	0.0	unmapped
84581900	其他	其他	845819	卧式车床： / 其他	84	HS第84章	1145				none	0.0	unmapped
84589110	其他车床： --数控的： 立式	其他车床： --数控的： 立式	845891	其他车床： / 数控的	84	HS第84章	1145				none	0.0	unmapped
84589120	其他	其他	845891	其他车床： / 数控的	84	HS第84章	1146				none	0.0	unmapped
84589900	其他	其他	845899	其他车床： / 其他	84	HS第84章	1146				none	0.0	unmapped
84591000	直线移动式动力头机床	直线移动式动力头机床	845910	直线移动式动力头机床	84	HS第84章	1146				none	0.0	unmapped
84592100	其他钻床： 数控的	其他钻床： 数控的	845921	其他钻床： / 数控的	84	HS第84章	1146				none	0.0	unmapped
84592900	其他	其他	845929	其他钻床： / 其他	84	HS第84章	1146				none	0.0	unmapped
84593100	其他镗铣机床： 数控的	其他镗铣机床： 数控的	845931	其他镗铣机床： / 数控的	84	HS第84章	1146				none	0.0	unmapped
84593900	其他	其他	845939	其他镗铣机床： / 其他	84	HS第84章	1147				none	0.0	unmapped
84594100	其他镗床： 数控的	其他镗床： 数控的	845941	其他镗床： / 数控的	84	HS第84章	1147				none	0.0	unmapped
84594900	其他	其他	845949	其他镗床： / 其他	84	HS第84章	1147				none	0.0	unmapped
84595100	升降台式铣床： 数控的	升降台式铣床： 数控的	845951	升降台式铣床： / 数控的	84	HS第84章	1147				none	0.0	unmapped
84595900	其他	其他	845959	升降台式铣床： / 其他	84	HS第84章	1147				none	0.0	unmapped
84596110	其他铣床： --数控的： 龙门铣床	其他铣床： --数控的： 龙门铣床	845961	其他铣床： / 数控的	84	HS第84章	1147				none	0.0	unmapped
84596190	其他	其他	845961	其他铣床： / 数控的	84	HS第84章	1147				none	0.0	unmapped
84596910	龙门铣床	龙门铣床	845969	其他铣床： / 其他	84	HS第84章	1148				none	0.0	unmapped
84596990	其他	其他	845969	其他铣床： / 其他	84	HS第84章	1148				none	0.0	unmapped
84597000	其他加工螺纹的机床	其他加工螺纹的机床	845970	其他加工螺纹的机床	84	HS第84章	1148				none	0.0	unmapped
84601210	平面磨床： --数控的： 在任一坐标的定位精度至少是 0.01毫米	平面磨床： --数控的： 在任一坐标的定位精度至少是 0.01毫米	846012	平面磨床： / 数控的	84	HS第84章	1148				none	0.0	unmapped
84601290	其他	其他	846012	平面磨床： / 数控的	84	HS第84章	1148				none	0.0	unmapped
84601910	在任一坐标的定位精度至少是 0.01毫米	在任一坐标的定位精度至少是 0.01毫米	846019	平面磨床： / 其他	84	HS第84章	1149				none	0.0	unmapped
84601990	其他	其他	846019	平面磨床： / 其他	84	HS第84章	1149				none	0.0	unmapped
84602210	其他磨床： --数控无心磨床： 在任一坐标的定位精度至少是 0.01毫米	其他磨床： --数控无心磨床： 在任一坐标的定位精度至少是 0.01毫米	846022	其他磨床： / 数控无心磨床	84	HS第84章	1149				none	0.0	unmapped
84602290	其他	其他	846022	其他磨床： / 数控无心磨床	84	HS第84章	1149				none	0.0	unmapped
84602311	数控外圆磨床： ---在任一坐标的定位精度至少是 0.01毫米： 曲轴磨床	数控外圆磨床： ---在任一坐标的定位精度至少是 0.01毫米： 曲轴磨床	846023	其他磨床： / 数控外圆磨床	84	HS第84章	1149				none	0.0	unmapped
84602319	在任一坐标的定位精度至少是 0.01毫米： 其他	在任一坐标的定位精度至少是 0.01毫米： 其他	846023	其他磨床： / 数控外圆磨床	84	HS第84章	1149				none	0.0	unmapped
84602390	其他	其他	846023	其他磨床： / 数控外圆磨床	84	HS第84章	1150				none	0.0	unmapped
84602411	其他，数控的： ---在任一坐标的定位精度至少是 0.01毫米： 内圆磨床	其他，数控的： ---在任一坐标的定位精度至少是 0.01毫米： 内圆磨床	846024	其他磨床： / 其他，数控的	84	HS第84章	1150				none	0.0	unmapped
84602419	在任一坐标的定位精度至少是 0.01毫米： 其他	在任一坐标的定位精度至少是 0.01毫米： 其他	846024	其他磨床： / 其他，数控的	84	HS第84章	1150				none	0.0	unmapped
84602490	其他	其他	846024	其他磨床： / 其他，数控的	84	HS第84章	1150				none	0.0	unmapped
84602911	其他： ---在任一坐标的定位精度至少是 0.01毫米： 外圆磨床	其他： ---在任一坐标的定位精度至少是 0.01毫米： 外圆磨床	846029	其他磨床： / 其他	84	HS第84章	1150				none	0.0	unmapped
84602912	在任一坐标的定位精度至少是 0.01毫米： 内圆磨床	在任一坐标的定位精度至少是 0.01毫米： 内圆磨床	846029	其他磨床： / 其他	84	HS第84章	1150				none	0.0	unmapped
84602913	在任一坐标的定位精度至少是 0.01毫米： 轧辊磨床	在任一坐标的定位精度至少是 0.01毫米： 轧辊磨床	846029	其他磨床： / 其他	84	HS第84章	1150				none	0.0	unmapped
84602919	在任一坐标的定位精度至少是 0.01毫米： 其他	在任一坐标的定位精度至少是 0.01毫米： 其他	846029	其他磨床： / 其他	84	HS第84章	1151				none	0.0	unmapped
84602990	其他	其他	846029	其他磨床： / 其他	84	HS第84章	1151				none	0.0	unmapped
84603100	刃磨（工具或刀具）机床： 数控的	刃磨（工具或刀具）机床： 数控的	846031	刃磨（工具或刀具）机床： / 数控的	84	HS第84章	1151				none	0.0	unmapped
84603900	其他	其他	846039	刃磨（工具或刀具）机床： / 其他	84	HS第84章	1151				none	0.0	unmapped
84604010	珩磨或研磨机床： 珩磨	珩磨或研磨机床： 珩磨	846040	珩磨或研磨机床	84	HS第84章	1151				none	0.0	unmapped
84604020	研磨	研磨	846040	珩磨或研磨机床	84	HS第84章	1151				none	0.0	unmapped
84609010	其他： 砂轮机	其他： 砂轮机	846090	其他	84	HS第84章	1151				none	0.0	unmapped
84609020	抛光机床	抛光机床	846090	其他	84	HS第84章	1152				none	0.0	unmapped
84609090	其他	其他	846090	其他	84	HS第84章	1152				none	0.0	unmapped
84612010	牛头刨床或插床： 牛头刨床	牛头刨床或插床： 牛头刨床	846120	牛头刨床或插床	84	HS第84章	1152				none	0.0	unmapped
84612020	插床	插床	846120	牛头刨床或插床	84	HS第84章	1152				none	0.0	unmapped
84613000	拉床	拉床	846130	拉床	84	HS第84章	1153				none	0.0	unmapped
84614011	切齿机、齿轮磨床或齿轮精加工 机床： ---数控的： 齿轮磨床	切齿机、齿轮磨床或齿轮精加工 机床： ---数控的： 齿轮磨床	846140	切齿机、齿轮磨床或齿轮精加工 机床	84	HS第84章	1153				none	0.0	unmapped
84614019	数控的： 其他	数控的： 其他	846140	切齿机、齿轮磨床或齿轮精加工 机床	84	HS第84章	1153				none	0.0	unmapped
84614090	其他	其他	846140	切齿机、齿轮磨床或齿轮精加工 机床	84	HS第84章	1153				none	0.0	unmapped
84615000	锯床或切断机	锯床或切断机	846150	锯床或切断机	84	HS第84章	1153				none	0.0	unmapped
84619011	其他： ---刨床： 龙门刨床	其他： ---刨床： 龙门刨床	846190	其他	84	HS第84章	1153				none	0.0	unmapped
84619019	刨床： 其他	刨床： 其他	846190	其他	84	HS第84章	1154				none	0.0	unmapped
84619090	其他	其他	846190	其他	84	HS第84章	1154				none	0.0	unmapped
84621110	热锻设备，热模锻设备（包括压 力机）及热锻锻锤： --闭式锻造机（模锻机）： 数控的	热锻设备，热模锻设备（包括压 力机）及热锻锻锤： --闭式锻造机（模锻机）： 数控的	846211	热锻设备，热模锻设备（包括压 力机）及热锻锻锤： / 闭式锻造机（模锻机）	84	HS第84章	1154				none	0.0	unmapped
84621190	其他	其他	846211	热锻设备，热模锻设备（包括压 力机）及热锻锻锤： / 闭式锻造机（模锻机）	84	HS第84章	1154				none	0.0	unmapped
84621910	其他： 数控的	其他： 数控的	846219	热锻设备，热模锻设备（包括压 力机）及热锻锻锤： / 其他	84	HS第84章	1154				none	0.0	unmapped
84621990	其他	其他	846219	热锻设备，热模锻设备（包括压 力机）及热锻锻锤： / 其他	84	HS第84章	1155				none	0.0	unmapped
84622210	用于板材的弯曲、折叠、矫直或 矫平机床（包括折弯机）： --型材成型机： 数控的	用于板材的弯曲、折叠、矫直或 矫平机床（包括折弯机）： --型材成型机： 数控的	846222	用于板材的弯曲、折叠、矫直或 矫平机床（包括折弯机）： / 型材成型机	84	HS第84章	1155	金属材料	钢板/板材	金属材料/钢板/板材	metal-steel-plate	0.92	candidate
84622290	其他	其他	846222	用于板材的弯曲、折叠、矫直或 矫平机床（包括折弯机）： / 型材成型机	84	HS第84章	1155				none	0.0	unmapped
84622300	数控折弯机	数控折弯机	846223	用于板材的弯曲、折叠、矫直或 矫平机床（包括折弯机）： / 数控折弯机	84	HS第84章	1155				none	0.0	unmapped
84622400	数控多边折弯机	数控多边折弯机	846224	用于板材的弯曲、折叠、矫直或 矫平机床（包括折弯机）： / 数控多边折弯机	84	HS第84章	1155				none	0.0	unmapped
84622500	数控卷板机	数控卷板机	846225	用于板材的弯曲、折叠、矫直或 矫平机床（包括折弯机）： / 数控卷板机	84	HS第84章	1155				none	0.0	unmapped
84622610	其他数控弯曲、折叠、矫直或矫 平机床： 矫直机	其他数控弯曲、折叠、矫直或矫 平机床： 矫直机	846226	用于板材的弯曲、折叠、矫直或 矫平机床（包括折弯机）： / 其他数控弯曲、折叠、矫直或矫 平机床	84	HS第84章	1155				none	0.0	unmapped
84622690	其他	其他	846226	用于板材的弯曲、折叠、矫直或 矫平机床（包括折弯机）： / 其他数控弯曲、折叠、矫直或矫 平机床	84	HS第84章	1156				none	0.0	unmapped
84622910	其他： 矫直机	其他： 矫直机	846229	用于板材的弯曲、折叠、矫直或 矫平机床（包括折弯机）： / 其他	84	HS第84章	1156				none	0.0	unmapped
84622990	其他	其他	846229	用于板材的弯曲、折叠、矫直或 矫平机床（包括折弯机）： / 其他	84	HS第84章	1156				none	0.0	unmapped
84623210	板材用纵剪线、定尺剪切线和其 他剪切机床（不包括压力机），但 冲剪两用机除外： --纵剪线和定尺剪切线： 数控的	板材用纵剪线、定尺剪切线和其 他剪切机床（不包括压力机），但 冲剪两用机除外： --纵剪线和定尺剪切线： 数控的	846232	板材用纵剪线、定尺剪切线和其 他剪切机床（不包括压力机），但 冲剪两用机除外： / 纵剪线和定尺剪切线	84	HS第84章	1156	金属材料	钢板/板材	金属材料/钢板/板材	metal-steel-plate	0.92	candidate
84623290	其他	其他	846232	板材用纵剪线、定尺剪切线和其 他剪切机床（不包括压力机），但 冲剪两用机除外： / 纵剪线和定尺剪切线	84	HS第84章	1156				none	0.0	unmapped
84623300	数控剪切机床	数控剪切机床	846233	板材用纵剪线、定尺剪切线和其 他剪切机床（不包括压力机），但 冲剪两用机除外： / 数控剪切机床	84	HS第84章	1156				none	0.0	unmapped
84623900	其他	其他	846239	板材用纵剪线、定尺剪切线和其 他剪切机床（不包括压力机），但 冲剪两用机除外： / 其他	84	HS第84章	1156				none	0.0	unmapped
84624211	自动模式数控步冲压力机	自动模式数控步冲压力机	846242	板材用纵剪线、定尺剪切线和其 他剪切机床（不包括压力机），但 冲剪两用机除外： / 其他	84	HS第84章	1157				none	0.0	unmapped
84624212	其他	其他	846242	板材用纵剪线、定尺剪切线和其 他剪切机床（不包括压力机），但 冲剪两用机除外： / 其他	84	HS第84章	1157				none	0.0	unmapped
84624290	其他	其他	846242	板材用纵剪线、定尺剪切线和其 他剪切机床（不包括压力机），但 冲剪两用机除外： / 其他	84	HS第84章	1157				none	0.0	unmapped
84624900	其他	其他	846249	板材用纵剪线、定尺剪切线和其 他剪切机床（不包括压力机），但 冲剪两用机除外： / 其他	84	HS第84章	1157				none	0.0	unmapped
84625100	金属管道、管材、型材、空心型 材和棒材的加工机床（非压力 机）： 数控的	金属管道、管材、型材、空心型 材和棒材的加工机床（非压力 机）： 数控的	846251	金属管道、管材、型材、空心型 材和棒材的加工机床（非压力 机）： / 数控的	84	HS第84章	1157	管材管件阀门	管材	管材管件阀门/管材	pipe-material	0.72	candidate
84625900	其他	其他	846259	金属管道、管材、型材、空心型 材和棒材的加工机床（非压力 机）： / 其他	84	HS第84章	1157				none	0.0	unmapped
84626110	数控的	数控的	846261	金属冷加工压力机： / 液压压力机	84	HS第84章	1158				none	0.0	unmapped
84626190	其他	其他	846261	金属冷加工压力机： / 液压压力机	84	HS第84章	1158				none	0.0	unmapped
84626210	机械压力机： 数控的	机械压力机： 数控的	846262	金属冷加工压力机： / 机械压力机	84	HS第84章	1158				none	0.0	unmapped
84626290	其他	其他	846262	金属冷加工压力机： / 机械压力机	84	HS第84章	1158				none	0.0	unmapped
84626300	伺服压力机	伺服压力机	846263	金属冷加工压力机： / 伺服压力机	84	HS第84章	1158				none	0.0	unmapped
84626910	数控的	数控的	846269	金属冷加工压力机： / 其他	84	HS第84章	1159				none	0.0	unmapped
84626990	其他	其他	846269	金属冷加工压力机： / 其他	84	HS第84章	1159				none	0.0	unmapped
84629010	其他： 数控的	其他： 数控的	846290	其他	84	HS第84章	1159				none	0.0	unmapped
84629090	其他	其他	846290	其他	84	HS第84章	1159				none	0.0	unmapped
84631011	杆、管、型材、异型材、丝及类 似品的拉拔机： ---冷拔管机： 拉拔力为300吨及以下	杆、管、型材、异型材、丝及类 似品的拉拔机： ---冷拔管机： 拉拔力为300吨及以下	846310	杆、管、型材、异型材、丝及类 似品的拉拔机	84	HS第84章	1159				none	0.0	unmapped
84631019	冷拔管机： 其他	冷拔管机： 其他	846310	杆、管、型材、异型材、丝及类 似品的拉拔机	84	HS第84章	1160				none	0.0	unmapped
84631020	拔丝机	拔丝机	846310	杆、管、型材、异型材、丝及类 似品的拉拔机	84	HS第84章	1160				none	0.0	unmapped
84631090	其他	其他	846310	杆、管、型材、异型材、丝及类 似品的拉拔机	84	HS第84章	1160				none	0.0	unmapped
84632000	螺纹滚轧机	螺纹滚轧机	846320	螺纹滚轧机	84	HS第84章	1160				none	0.0	unmapped
84633000	金属丝加工机	金属丝加工机	846330	金属丝加工机	84	HS第84章	1160				none	0.0	unmapped
84639000	其他	其他	846390	其他	84	HS第84章	1160				none	0.0	unmapped
84641010	锯床： 圆盘锯	锯床： 圆盘锯	846410	锯床	84	HS第84章	1160				none	0.0	unmapped
84641020	钢丝锯	钢丝锯	846410	锯床	84	HS第84章	1160				none	0.0	unmapped
84641090	其他	其他	846410	锯床	84	HS第84章	1161				none	0.0	unmapped
84642010	研磨或抛光机床： 玻璃研磨或抛光机床	研磨或抛光机床： 玻璃研磨或抛光机床	846420	研磨或抛光机床	84	HS第84章	1161				none	0.0	unmapped
84642090	其他	其他	846420	研磨或抛光机床	84	HS第84章	1161				none	0.0	unmapped
84649011	其他： ---玻璃的其他冷加工机床： 切割机	其他： ---玻璃的其他冷加工机床： 切割机	846490	其他	84	HS第84章	1161				none	0.0	unmapped
84649012	玻璃的其他冷加工机床： 刻花机	玻璃的其他冷加工机床： 刻花机	846490	其他	84	HS第84章	1161				none	0.0	unmapped
84649019	玻璃的其他冷加工机床： 其他	玻璃的其他冷加工机床： 其他	846490	其他	84	HS第84章	1161				none	0.0	unmapped
84649090	其他	其他	846490	其他	84	HS第84章	1161				none	0.0	unmapped
84651000	不需更换工具即可进行不同机 械加工的机器	不需更换工具即可进行不同机 械加工的机器	846510	不需更换工具即可进行不同机	84	HS第84章	1161				none	0.0	unmapped
84652010	以刨、铣、钻孔、研磨、抛光、 凿榫及其他切削为主的加工中 心，加工木材及类似硬质材料的	以刨、铣、钻孔、研磨、抛光、 凿榫及其他切削为主的加工中 心，加工木材及类似硬质材料的	846520	加工中心	84	HS第84章	1162				none	0.0	unmapped
84652090	其他	其他	846520	加工中心	84	HS第84章	1162				none	0.0	unmapped
84659100	其他： 锯床	其他： 锯床	846591	其他： / 锯床	84	HS第84章	1162				none	0.0	unmapped
84659200	刨、铣或切削成形机器	刨、铣或切削成形机器	846592	其他： / 刨、铣或切削成形机器	84	HS第84章	1162				none	0.0	unmapped
84659300	研磨、砂磨或抛光机器	研磨、砂磨或抛光机器	846593	其他： / 研磨、砂磨或抛光机器	84	HS第84章	1163				none	0.0	unmapped
84659400	弯曲或装配机器	弯曲或装配机器	846594	其他： / 弯曲或装配机器	84	HS第84章	1163				none	0.0	unmapped
84659500	钻孔或凿榫机器	钻孔或凿榫机器	846595	其他： / 钻孔或凿榫机器	84	HS第84章	1163				none	0.0	unmapped
84659600	剖开、切片或刮削机器	剖开、切片或刮削机器	846596	其他： / 剖开、切片或刮削机器	84	HS第84章	1163				none	0.0	unmapped
84659900	其他	其他	846599	其他： / 其他	84	HS第84章	1164				none	0.0	unmapped
84661000	工具夹具及自启板牙切头	工具夹具及自启板牙切头	846610	工具夹具及自启板牙切头	84	HS第84章	1164				none	0.0	unmapped
84662000	工件夹具	工件夹具	846620	工件夹具	84	HS第84章	1164				none	0.0	unmapped
84663000	分度头及其他专用于机器的附 件	分度头及其他专用于机器的附 件	846630	分度头及其他专用于机器的附	84	HS第84章	1164				none	0.0	unmapped
84669100	其他： 税目84.64所列机器用	其他： 税目84.64所列机器用	846691	其他： / 税目84.64所列机器用	84	HS第84章	1164				none	0.0	unmapped
84669200	税目84.65所列机器用	税目84.65所列机器用	846692	其他： / 税目84.65所列机器用	84	HS第84章	1164				none	0.0	unmapped
84669310	刀库及自动换刀装置	刀库及自动换刀装置	846693	其他： / 税目84.56至84.61所列机器用	84	HS第84章	1165				none	0.0	unmapped
84669390	其他	其他	846693	其他： / 税目84.56至84.61所列机器用	84	HS第84章	1165				none	0.0	unmapped
84669400	税目84.62或84.63所列机器用	税目84.62或84.63所列机器用	846694	其他： / 税目84.62或84.63所列机器用	84	HS第84章	1165				none	0.0	unmapped
84671100	风动的： 旋转式（包括旋转冲击式的）	风动的： 旋转式（包括旋转冲击式的）	846711	风动的： / 旋转式（包括旋转冲击式的）	84	HS第84章	1165				none	0.0	unmapped
84671900	其他	其他	846719	风动的： / 其他	84	HS第84章	1165				none	0.0	unmapped
84672100	本身装有电动动力装置的： 各种钻	本身装有电动动力装置的： 各种钻	846721	本身装有电动动力装置的： / 各种钻	84	HS第84章	1165				none	0.0	unmapped
84672210	锯： 链锯	锯： 链锯	846722	本身装有电动动力装置的： / 锯	84	HS第84章	1165				none	0.0	unmapped
84672290	其他	其他	846722	本身装有电动动力装置的： / 锯	84	HS第84章	1166				none	0.0	unmapped
84672910	其他： 砂磨工具（包括磨光机、砂光 机、砂轮机等）	其他： 砂磨工具（包括磨光机、砂光 机、砂轮机等）	846729	本身装有电动动力装置的： / 其他	84	HS第84章	1166				none	0.0	unmapped
84672920	电刨	电刨	846729	本身装有电动动力装置的： / 其他	84	HS第84章	1166				none	0.0	unmapped
84672990	其他	其他	846729	本身装有电动动力装置的： / 其他	84	HS第84章	1166				none	0.0	unmapped
84678100	其他工具： 链锯	其他工具： 链锯	846781	其他工具： / 链锯	84	HS第84章	1166				none	0.0	unmapped
84678900	其他	其他	846789	其他工具： / 其他	84	HS第84章	1166				none	0.0	unmapped
84679110	电动的	电动的	846791	零件： / 链锯用	84	HS第84章	1167				none	0.0	unmapped
84679190	其他	其他	846791	零件： / 链锯用	84	HS第84章	1167				none	0.0	unmapped
84679200	风动工具用	风动工具用	846792	零件： / 风动工具用	84	HS第84章	1167				none	0.0	unmapped
84679910	其他： 电动工具用	其他： 电动工具用	846799	零件： / 其他	84	HS第84章	1167				none	0.0	unmapped
84679990	其他	其他	846799	零件： / 其他	84	HS第84章	1167				none	0.0	unmapped
84681000	手提喷焊器	手提喷焊器	846810	手提喷焊器	84	HS第84章	1167				none	0.0	unmapped
84682000	其他气体焊接或表面回火机器 及装置	其他气体焊接或表面回火机器 及装置	846820	其他气体焊接或表面回火机器	84	HS第84章	1168				none	0.0	unmapped
84688000	其他机器及装置	其他机器及装置	846880	其他机器及装置	84	HS第84章	1168				none	0.0	unmapped
84689000	零件	零件	846890	零件	84	HS第84章	1168				none	0.0	unmapped
84701000	不需外接电源的电子计算器及 具有计算功能的袖珍式数据记 录、重现及显示机器	不需外接电源的电子计算器及 具有计算功能的袖珍式数据记 录、重现及显示机器	847010	不需外接电源的电子计算器及	84	HS第84章	1168				none	0.0	unmapped
84702100	其他电子计算器： 装有打印装置的	其他电子计算器： 装有打印装置的	847021	其他电子计算器： / 装有打印装置的	84	HS第84章	1168				none	0.0	unmapped
84702900	其他	其他	847029	其他电子计算器： / 其他	84	HS第84章	1168				none	0.0	unmapped
84703000	其他计算机器	其他计算机器	847030	其他计算机器	84	HS第84章	1168				none	0.0	unmapped
84705010	现金出纳机： 销售点终端出纳机	现金出纳机： 销售点终端出纳机	847050	现金出纳机	84	HS第84章	1168	紧固件与连接件	销/卡簧	紧固件与连接件/销/卡簧	fastener-pin	0.88	candidate
84705090	其他	其他	847050	现金出纳机	84	HS第84章	1169				none	0.0	unmapped
84709000	其他	其他	847090	其他	84	HS第84章	1169				none	0.0	unmapped
84713010	重量不超过10千克的便携自动 数据处理设备，至少由一个中央 处理部件、一个键盘及一个显示 器组成： 平板电脑	重量不超过10千克的便携自动 数据处理设备，至少由一个中央 处理部件、一个键盘及一个显示 器组成： 平板电脑	847130	重量不超过10千克的便携自动 数据处理设备，至少由一个中央 处理部件、一个键盘及一个显示 器组成	84	HS第84章	1169				none	0.0	unmapped
84713090	其他	其他	847130	重量不超过10千克的便携自动 数据处理设备，至少由一个中央 处理部件、一个键盘及一个显示 器组成	84	HS第84章	1169				none	0.0	unmapped
84714110	其他自动数据处理设备： --同一机壳内至少有一个中央处 理部件及一个输入和输出部件， 不论是否组合式： 巨型机、大型机及中型机	其他自动数据处理设备： --同一机壳内至少有一个中央处 理部件及一个输入和输出部件， 不论是否组合式： 巨型机、大型机及中型机	847141	其他自动数据处理设备： / 同一机壳内至少有一个中央处 理部件及一个输入和输出部件， 不论是否组合式	84	HS第84章	1169				none	0.0	unmapped
84714120	小型机	小型机	847141	其他自动数据处理设备： / 同一机壳内至少有一个中央处 理部件及一个输入和输出部件， 不论是否组合式	84	HS第84章	1169				none	0.0	unmapped
84714140	微型机	微型机	847141	其他自动数据处理设备： / 同一机壳内至少有一个中央处 理部件及一个输入和输出部件， 不论是否组合式	84	HS第84章	1169				none	0.0	unmapped
84714190	其他	其他	847141	其他自动数据处理设备： / 同一机壳内至少有一个中央处 理部件及一个输入和输出部件， 不论是否组合式	84	HS第84章	1169				none	0.0	unmapped
84714910	巨型机、大型机及中型机	巨型机、大型机及中型机	847149	其他自动数据处理设备： / 其他，以系统形式进口或出口 的	84	HS第84章	1170				none	0.0	unmapped
84714920	小型机	小型机	847149	其他自动数据处理设备： / 其他，以系统形式进口或出口 的	84	HS第84章	1170				none	0.0	unmapped
84714940	微型机	微型机	847149	其他自动数据处理设备： / 其他，以系统形式进口或出口 的	84	HS第84章	1170				none	0.0	unmapped
84714991	其他： 分散型工业过程控制设备	其他： 分散型工业过程控制设备	847149	其他自动数据处理设备： / 其他，以系统形式进口或出口 的	84	HS第84章	1170				none	0.0	unmapped
84714999	其他： 其他	其他： 其他	847149	其他自动数据处理设备： / 其他，以系统形式进口或出口 的	84	HS第84章	1170				none	0.0	unmapped
84715010	子目8471.41或8471.49所列以外 的处理部件，不论是否在同一机 壳内有一个或两个下列部件：存 储部件、输入部件、输出部件： 巨型机、大型机及中型机的	子目8471.41或8471.49所列以外 的处理部件，不论是否在同一机 壳内有一个或两个下列部件：存 储部件、输入部件、输出部件： 巨型机、大型机及中型机的	847150	子目8471.41或8471.49所列以外 的处理部件，不论是否在同一机 壳内有一个或两个下列部件：存 储部件、输入部件、输出部件	84	HS第84章	1170				none	0.0	unmapped
84715020	小型机的	小型机的	847150	子目8471.41或8471.49所列以外 的处理部件，不论是否在同一机 壳内有一个或两个下列部件：存 储部件、输入部件、输出部件	84	HS第84章	1170				none	0.0	unmapped
84715040	微型机的	微型机的	847150	子目8471.41或8471.49所列以外 的处理部件，不论是否在同一机 壳内有一个或两个下列部件：存 储部件、输入部件、输出部件	84	HS第84章	1170				none	0.0	unmapped
84715090	其他	其他	847150	子目8471.41或8471.49所列以外 的处理部件，不论是否在同一机 壳内有一个或两个下列部件：存 储部件、输入部件、输出部件	84	HS第84章	1170				none	0.0	unmapped
84716040	巨型机、大型机、中型机及小 型机用终端	巨型机、大型机、中型机及小 型机用终端	847160	输入或输出部件，不论是否在同 一机壳内有存储部件	84	HS第84章	1171				none	0.0	unmapped
84716050	扫描仪	扫描仪	847160	输入或输出部件，不论是否在同 一机壳内有存储部件	84	HS第84章	1171				none	0.0	unmapped
84716060	数字化仪	数字化仪	847160	输入或输出部件，不论是否在同 一机壳内有存储部件	84	HS第84章	1171				none	0.0	unmapped
84716071	键盘、鼠标器： 键盘	键盘、鼠标器： 键盘	847160	输入或输出部件，不论是否在同 一机壳内有存储部件	84	HS第84章	1171				none	0.0	unmapped
84716072	键盘、鼠标器： 鼠标器	键盘、鼠标器： 鼠标器	847160	输入或输出部件，不论是否在同 一机壳内有存储部件	84	HS第84章	1171				none	0.0	unmapped
84716090	其他	其他	847160	输入或输出部件，不论是否在同 一机壳内有存储部件	84	HS第84章	1171				none	0.0	unmapped
84717011	存储部件： ---硬盘驱动器： 固态硬盘（SSD）	存储部件： ---硬盘驱动器： 固态硬盘（SSD）	847170	存储部件	84	HS第84章	1171				none	0.0	unmapped
84717019	硬盘驱动器： 其他	硬盘驱动器： 其他	847170	存储部件	84	HS第84章	1171				none	0.0	unmapped
84717020	软盘驱动器	软盘驱动器	847170	存储部件	84	HS第84章	1171				none	0.0	unmapped
84717030	光盘驱动器	光盘驱动器	847170	存储部件	84	HS第84章	1171				none	0.0	unmapped
84717090	其他	其他	847170	存储部件	84	HS第84章	1172				none	0.0	unmapped
84718000	自动数据处理设备的其他部件	自动数据处理设备的其他部件	847180	自动数据处理设备的其他部件	84	HS第84章	1172				none	0.0	unmapped
84719000	其他	其他	847190	其他	84	HS第84章	1172				none	0.0	unmapped
84721000	胶版复印机、油印机	胶版复印机、油印机	847210	胶版复印机、油印机	84	HS第84章	1172				none	0.0	unmapped
84723010	信件分类或折叠机或信件装封 机、信件开封或闭封机、粘贴或 盖销邮票机： 邮政信件分拣及封装设备	信件分类或折叠机或信件装封 机、信件开封或闭封机、粘贴或 盖销邮票机： 邮政信件分拣及封装设备	847230	信件分类或折叠机或信件装封 机、信件开封或闭封机、粘贴或 盖销邮票机	84	HS第84章	1172	紧固件与连接件	销/卡簧	紧固件与连接件/销/卡簧	fastener-pin	0.88	candidate
84723090	其他	其他	847230	信件分类或折叠机或信件装封 机、信件开封或闭封机、粘贴或 盖销邮票机	84	HS第84章	1172				none	0.0	unmapped
84729010	其他： 自动柜员机	其他： 自动柜员机	847290	其他	84	HS第84章	1172				none	0.0	unmapped
84729021	装订用机器： 打洞机	装订用机器： 打洞机	847290	其他	84	HS第84章	1173				none	0.0	unmapped
84729022	装订用机器： 订书机	装订用机器： 订书机	847290	其他	84	HS第84章	1173				none	0.0	unmapped
84729029	装订用机器： 其他	装订用机器： 其他	847290	其他	84	HS第84章	1173				none	0.0	unmapped
84729030	碎纸机	碎纸机	847290	其他	84	HS第84章	1173				none	0.0	unmapped
84729040	地址印写机及地址铭牌压印机	地址印写机及地址铭牌压印机	847290	其他	84	HS第84章	1173				none	0.0	unmapped
84729050	文字处理机	文字处理机	847290	其他	84	HS第84章	1173				none	0.0	unmapped
84729060	打字机，但税目84.43的打印机 除外	打字机，但税目84.43的打印机 除外	847290	其他	84	HS第84章	1173				none	0.0	unmapped
84729090	其他	其他	847290	其他	84	HS第84章	1173				none	0.0	unmapped
84732100	税目84.70所列机器的零件、附 件： 子目8470.10、8470.21或8470.29 所列电子计算器的零件、附件	税目84.70所列机器的零件、附 件： 子目8470.10、8470.21或8470.29 所列电子计算器的零件、附件	847321	税目84.70所列机器的零件、附 件： / 子目8470.10、8470.21或8470.29	84	HS第84章	1173				none	0.0	unmapped
84732900	其他	其他	847329	税目84.70所列机器的零件、附 件： / 其他	84	HS第84章	1174				none	0.0	unmapped
84733010	税目84.71所列机器的零件、附 件： 子目8471.4110、8471.4120、 8471.4910、8471.4920、8471.5010、 8471.5020、8471.6090、8471.7011、 8471.7019、8471.7020、8471.7030 及8471.7090所列机器及装置的零 件、附件	税目84.71所列机器的零件、附 件： 子目8471.4110、8471.4120、 8471.4910、8471.4920、8471.5010、 8471.5020、8471.6090、8471.7011、 8471.7019、8471.7020、8471.7030 及8471.7090所列机器及装置的零 件、附件	847330	税目84.71所列机器的零件、附 件	84	HS第84章	1174				none	0.0	unmapped
84733090	其他	其他	847330	税目84.71所列机器的零件、附 件	84	HS第84章	1174				none	0.0	unmapped
84734010	税目84.72所列机器的零件、附 件： 自动柜员机用出钞器和循环出 钞器	税目84.72所列机器的零件、附 件： 自动柜员机用出钞器和循环出 钞器	847340	税目84.72所列机器的零件、附 件	84	HS第84章	1174				none	0.0	unmapped
84734020	子目8472.9050、8472.9060所列 机器的零件、附件	子目8472.9050、8472.9060所列 机器的零件、附件	847340	税目84.72所列机器的零件、附 件	84	HS第84章	1174				none	0.0	unmapped
84734090	其他	其他	847340	税目84.72所列机器的零件、附 件	84	HS第84章	1174				none	0.0	unmapped
84735000	同样适用于税目84.70至84.72中 两个或两个以上税目所列机器的 零件、附件	同样适用于税目84.70至84.72中 两个或两个以上税目所列机器的 零件、附件	847350	同样适用于税目84.70至84.72中	84	HS第84章	1174				none	0.0	unmapped
84741000	分类、筛选、分离或洗涤机器	分类、筛选、分离或洗涤机器	847410	分类、筛选、分离或洗涤机器	84	HS第84章	1175				none	0.0	unmapped
84742010	破碎或磨粉机器： 齿辊式	破碎或磨粉机器： 齿辊式	847420	破碎或磨粉机器	84	HS第84章	1175				none	0.0	unmapped
84742020	球磨式	球磨式	847420	破碎或磨粉机器	84	HS第84章	1175				none	0.0	unmapped
84742090	其他	其他	847420	破碎或磨粉机器	84	HS第84章	1175				none	0.0	unmapped
84743100	混合或搅拌机器： 混凝土或砂浆混合机器	混合或搅拌机器： 混凝土或砂浆混合机器	847431	混合或搅拌机器： / 混凝土或砂浆混合机器	84	HS第84章	1175				none	0.0	unmapped
84743200	矿物与沥青的混合机器	矿物与沥青的混合机器	847432	混合或搅拌机器： / 矿物与沥青的混合机器	84	HS第84章	1175				none	0.0	unmapped
84743900	其他	其他	847439	混合或搅拌机器： / 其他	84	HS第84章	1175				none	0.0	unmapped
84748010	其他机器： 辊压成型机	其他机器： 辊压成型机	847480	其他机器	84	HS第84章	1175				none	0.0	unmapped
84748020	模压成型机	模压成型机	847480	其他机器	84	HS第84章	1176				none	0.0	unmapped
84748090	其他	其他	847480	其他机器	84	HS第84章	1176				none	0.0	unmapped
84749000	零件	零件	847490	零件	84	HS第84章	1176				none	0.0	unmapped
84751000	白炽灯泡、灯管、放电灯管、电 子管、闪光灯泡及类似品的封装 机器	白炽灯泡、灯管、放电灯管、电 子管、闪光灯泡及类似品的封装 机器	847510	白炽灯泡、灯管、放电灯管、电	84	HS第84章	1176				none	0.0	unmapped
84752100	玻璃或玻璃制品的制造或热加 工机器： 制造光导纤维及其预制棒的机 器	玻璃或玻璃制品的制造或热加 工机器： 制造光导纤维及其预制棒的机 器	847521	玻璃或玻璃制品的制造或热加 工机器： / 制造光导纤维及其预制棒的机	84	HS第84章	1176				none	0.0	unmapped
84752911	其他： ---玻璃的热加工设备： 连续式玻璃热弯炉	其他： ---玻璃的热加工设备： 连续式玻璃热弯炉	847529	玻璃或玻璃制品的制造或热加 工机器： / 其他	84	HS第84章	1176				none	0.0	unmapped
84752912	玻璃的热加工设备： 玻璃纤维拉丝机（光纤拉丝机 除外）	玻璃的热加工设备： 玻璃纤维拉丝机（光纤拉丝机 除外）	847529	玻璃或玻璃制品的制造或热加 工机器： / 其他	84	HS第84章	1177				none	0.0	unmapped
84752919	玻璃的热加工设备： 其他	玻璃的热加工设备： 其他	847529	玻璃或玻璃制品的制造或热加 工机器： / 其他	84	HS第84章	1177				none	0.0	unmapped
84752990	其他	其他	847529	玻璃或玻璃制品的制造或热加 工机器： / 其他	84	HS第84章	1177				none	0.0	unmapped
84759000	零件 税目8475.21所列机器的零件	零件 税目8475.21所列机器的零件	847590	零件	84	HS第84章	1177				none	0.0	unmapped
84762100	饮料自动销售机： 装有加热或制冷装置的	饮料自动销售机： 装有加热或制冷装置的	847621	饮料自动销售机： / 装有加热或制冷装置的	84	HS第84章	1177	紧固件与连接件	销/卡簧	紧固件与连接件/销/卡簧	fastener-pin	0.88	candidate
84762900	其他	其他	847629	饮料自动销售机： / 其他	84	HS第84章	1178				none	0.0	unmapped
84768100	其他机器： 装有加热或制冷装置的	其他机器： 装有加热或制冷装置的	847681	其他机器： / 装有加热或制冷装置的	84	HS第84章	1178				none	0.0	unmapped
84768900	其他 钱币兑换机	其他 钱币兑换机	847689	其他机器： / 其他	84	HS第84章	1178				none	0.0	unmapped
84769000	零件 钱币兑换机的零件	零件 钱币兑换机的零件	847690	零件	84	HS第84章	1178				none	0.0	unmapped
84771010	注射机： 注塑机	注射机： 注塑机	847710	注射机	84	HS第84章	1178				none	0.0	unmapped
84771090	其他	其他	847710	注射机	84	HS第84章	1178				none	0.0	unmapped
84772010	塑料造粒机	塑料造粒机	847720	挤出机	84	HS第84章	1179				none	0.0	unmapped
84772090	其他	其他	847720	挤出机	84	HS第84章	1179				none	0.0	unmapped
84773010	吹塑机： 挤出吹塑机	吹塑机： 挤出吹塑机	847730	吹塑机	84	HS第84章	1179				none	0.0	unmapped
84773020	注射吹塑机	注射吹塑机	847730	吹塑机	84	HS第84章	1179				none	0.0	unmapped
84773090	其他	其他	847730	吹塑机	84	HS第84章	1179				none	0.0	unmapped
84774010	真空模塑机器及其他热成型机 器： 塑料中空成型机	真空模塑机器及其他热成型机 器： 塑料中空成型机	847740	真空模塑机器及其他热成型机 器	84	HS第84章	1179				none	0.0	unmapped
84774020	塑料压延成型机	塑料压延成型机	847740	真空模塑机器及其他热成型机 器	84	HS第84章	1179				none	0.0	unmapped
84774090	其他	其他	847740	真空模塑机器及其他热成型机 器	84	HS第84章	1179				none	0.0	unmapped
84775100	用于充气轮胎模塑或翻新的机 器及内胎模塑或用其他方法成型 的机器	用于充气轮胎模塑或翻新的机 器及内胎模塑或用其他方法成型 的机器	847751	其他模塑或成型机器： / 用于充气轮胎模塑或翻新的机	84	HS第84章	1180				none	0.0	unmapped
84775900	其他	其他	847759	其他模塑或成型机器： / 其他	84	HS第84章	1180				none	0.0	unmapped
84778000	其他机器	其他机器	847780	其他机器	84	HS第84章	1180				none	0.0	unmapped
84779000	零件	零件	847790	零件	84	HS第84章	1180				none	0.0	unmapped
84781000	机器	机器	847810	机器	84	HS第84章	1180				none	0.0	unmapped
84789000	零件	零件	847890	零件	84	HS第84章	1180				none	0.0	unmapped
84791021	公共工程用机器： ---摊铺机： 沥青混凝土摊铺机	公共工程用机器： ---摊铺机： 沥青混凝土摊铺机	847910	公共工程用机器	84	HS第84章	1180				none	0.0	unmapped
84791022	摊铺机： 稳定土摊铺机	摊铺机： 稳定土摊铺机	847910	公共工程用机器	84	HS第84章	1180				none	0.0	unmapped
84791029	摊铺机： 其他	摊铺机： 其他	847910	公共工程用机器	84	HS第84章	1181				none	0.0	unmapped
84791090	其他	其他	847910	公共工程用机器	84	HS第84章	1181				none	0.0	unmapped
84792000	提取、加工动物油脂、植物固定 油脂或微生物油脂的机器	提取、加工动物油脂、植物固定 油脂或微生物油脂的机器	847920	提取、加工动物油脂、植物固定	84	HS第84章	1181				none	0.0	unmapped
84793000	木碎料板或木纤维板的挤压机 及其他木材或软木处理机	木碎料板或木纤维板的挤压机 及其他木材或软木处理机	847930	木碎料板或木纤维板的挤压机	84	HS第84章	1181				none	0.0	unmapped
84794000	绳或缆的制造机器	绳或缆的制造机器	847940	绳或缆的制造机器	84	HS第84章	1181				none	0.0	unmapped
84795011	未列名的工业机器人： ---多功能工业机器人： 协作机器人	未列名的工业机器人： ---多功能工业机器人： 协作机器人	847950	未列名的工业机器人	84	HS第84章	1181				none	0.0	unmapped
84795019	多功能工业机器人： 其他	多功能工业机器人： 其他	847950	未列名的工业机器人	84	HS第84章	1181				none	0.0	unmapped
84795090	其他	其他	847950	未列名的工业机器人	84	HS第84章	1181				none	0.0	unmapped
84796000	蒸发式空气冷却器	蒸发式空气冷却器	847960	蒸发式空气冷却器	84	HS第84章	1182				none	0.0	unmapped
84797100	旅客登机（船）桥： 用于机场的	旅客登机（船）桥： 用于机场的	847971	旅客登机（船）桥： / 用于机场的	84	HS第84章	1182				none	0.0	unmapped
84797900	其他	其他	847979	旅客登机（船）桥： / 其他	84	HS第84章	1182				none	0.0	unmapped
84798110	其他机器及机械器具： --处理金属的机械，包括线圈绕线 机： 绕线机	其他机器及机械器具： --处理金属的机械，包括线圈绕线 机： 绕线机	847981	其他机器及机械器具： / 处理金属的机械，包括线圈绕线 机	84	HS第84章	1182				none	0.0	unmapped
84798190	其他	其他	847981	其他机器及机械器具： / 处理金属的机械，包括线圈绕线 机	84	HS第84章	1182				none	0.0	unmapped
84798200	混合、搅拌、轧碎、研磨、筛选、 均化或乳化机器 用于废物和废水处理的混合、搅 拌、轧碎、研磨、筛选、均化或 乳化机器	混合、搅拌、轧碎、研磨、筛选、 均化或乳化机器 用于废物和废水处理的混合、搅 拌、轧碎、研磨、筛选、均化或 乳化机器	847982	其他机器及机械器具： / 混合、搅拌、轧碎、研磨、筛选、	84	HS第84章	1182				none	0.0	unmapped
84798310	处理金属的	处理金属的	847983	其他机器及机械器具： / 冷等静压机	84	HS第84章	1183				none	0.0	unmapped
84798390	其他	其他	847983	其他机器及机械器具： / 冷等静压机	84	HS第84章	1183				none	0.0	unmapped
84798910	其他： 船舶用舵机及陀螺稳定器	其他： 船舶用舵机及陀螺稳定器	847989	其他机器及机械器具： / 其他	84	HS第84章	1183				none	0.0	unmapped
84798920	空气增湿器及减湿器	空气增湿器及减湿器	847989	其他机器及机械器具： / 其他	84	HS第84章	1183				none	0.0	unmapped
84798940	邮政用包裹、印刷品分拣设备	邮政用包裹、印刷品分拣设备	847989	其他机器及机械器具： / 其他	84	HS第84章	1183				none	0.0	unmapped
84798950	放射性废物压实机	放射性废物压实机	847989	其他机器及机械器具： / 其他	84	HS第84章	1183				none	0.0	unmapped
84798961	在印刷电路板上装配元器件的 机器： 自动插件机	在印刷电路板上装配元器件的 机器： 自动插件机	847989	其他机器及机械器具： / 其他	84	HS第84章	1183				none	0.0	unmapped
84798962	在印刷电路板上装配元器件的 机器： 自动贴片机	在印刷电路板上装配元器件的 机器： 自动贴片机	847989	其他机器及机械器具： / 其他	84	HS第84章	1183				none	0.0	unmapped
84798969	在印刷电路板上装配元器件的 机器： 其他	在印刷电路板上装配元器件的 机器： 其他	847989	其他机器及机械器具： / 其他	84	HS第84章	1183				none	0.0	unmapped
84798970	智能仿生机器人	智能仿生机器人	847989	其他机器及机械器具： / 其他	84	HS第84章	1183				none	0.0	unmapped
84798992	智能仿生机器人 自动化立体仓储设备	智能仿生机器人 自动化立体仓储设备	847989	其他机器及机械器具： / 其他	84	HS第84章	1184				none	0.0	unmapped
84798999	智能仿生机器人 其他	智能仿生机器人 其他	847989	其他机器及机械器具： / 其他	84	HS第84章	1184				none	0.0	unmapped
84799010	零件： 船舶用舵机及陀螺稳定器用	零件： 船舶用舵机及陀螺稳定器用	847990	零件	84	HS第84章	1184				none	0.0	unmapped
84799020	空气增湿器及减湿器用	空气增湿器及减湿器用	847990	零件	84	HS第84章	1184				none	0.0	unmapped
84799090	其他	其他	847990	零件	84	HS第84章	1184				none	0.0	unmapped
84801000	金属铸造用型箱	金属铸造用型箱	848010	金属铸造用型箱	84	HS第84章	1184				none	0.0	unmapped
84802000	型模底板	型模底板	848020	型模底板	84	HS第84章	1184				none	0.0	unmapped
84803000	阳模	阳模	848030	阳模	84	HS第84章	1184				none	0.0	unmapped
84804110	压铸模	压铸模	848041	阳模	84	HS第84章	1185				none	0.0	unmapped
84804120	粉末冶金用压模	粉末冶金用压模	848041	阳模	84	HS第84章	1185				none	0.0	unmapped
84804190	其他	其他	848041	阳模	84	HS第84章	1185				none	0.0	unmapped
84804900	其他	其他	848049	阳模 / 其他	84	HS第84章	1185				none	0.0	unmapped
84805000	玻璃用型模	玻璃用型模	848050	玻璃用型模	84	HS第84章	1185				none	0.0	unmapped
84806000	矿物材料用型模	矿物材料用型模	848060	矿物材料用型模	84	HS第84章	1186				none	0.0	unmapped
84807110	塑料或橡胶用型模： --注模或压模： 硫化轮胎用囊式型模	塑料或橡胶用型模： --注模或压模： 硫化轮胎用囊式型模	848071	塑料或橡胶用型模： / 注模或压模	84	HS第84章	1186	化工胶粘涂料	橡胶材料	化工胶粘涂料/橡胶材料	chemical-rubber	0.75	candidate
84807190	其他	其他	848071	塑料或橡胶用型模： / 注模或压模	84	HS第84章	1186				none	0.0	unmapped
84807900	其他	其他	848079	塑料或橡胶用型模： / 其他	84	HS第84章	1186				none	0.0	unmapped
84811000	减压阀 喷灌设备用减压阀	减压阀 喷灌设备用减压阀	848110	减压阀	84	HS第84章	1186	管材管件阀门	阀门	管材管件阀门/阀门	pipe-valve	0.82	candidate
84812010	油压或气压传动阀： 油压的 飞机发动机用液压传动阀	油压或气压传动阀： 油压的 飞机发动机用液压传动阀	848120	油压或气压传动阀	84	HS第84章	1186	管材管件阀门	阀门	管材管件阀门/阀门	pipe-valve	0.82	candidate
84812020	气压的 飞机发动机用气压传动阀	气压的 飞机发动机用气压传动阀	848120	油压或气压传动阀	84	HS第84章	1187	管材管件阀门	阀门	管材管件阀门/阀门	pipe-valve	0.82	candidate
84813000	止回阀	止回阀	848130	止回阀	84	HS第84章	1187	管材管件阀门	阀门	管材管件阀门/阀门	pipe-valve	0.82	candidate
84814000	安全阀或溢流阀	安全阀或溢流阀	848140	安全阀或溢流阀	84	HS第84章	1187	管材管件阀门	阀门	管材管件阀门/阀门	pipe-valve	0.82	candidate
84818021	其他器具： ---换向阀： 电磁式	其他器具： ---换向阀： 电磁式	848180	其他器具	84	HS第84章	1187	管材管件阀门	阀门	管材管件阀门/阀门	pipe-valve	0.82	candidate
84818029	换向阀： 其他	换向阀： 其他	848180	其他器具	84	HS第84章	1187	管材管件阀门	阀门	管材管件阀门/阀门	pipe-valve	0.82	candidate
84818031	流量阀： 电子膨胀阀	流量阀： 电子膨胀阀	848180	其他器具	84	HS第84章	1187	管材管件阀门	阀门	管材管件阀门/阀门	pipe-valve	0.82	candidate
84818039	流量阀： 其他 飞机发动机用流量阀 专用或主要用于半导体器件、集 成电路或平板显示器制造设备用 的气体流量阀(流量控制范围：满 量程的2%-100%)	流量阀： 其他 飞机发动机用流量阀 专用或主要用于半导体器件、集 成电路或平板显示器制造设备用 的气体流量阀(流量控制范围：满 量程的2%-100%)	848180	其他器具	84	HS第84章	1188	管材管件阀门	阀门	管材管件阀门/阀门	pipe-valve	0.82	candidate
84818040	其他阀门 废气再循环阀 高压涡轮间隙控制阀门 飞机发动机用预冷控制阀门 其他阀门	其他阀门 废气再循环阀 高压涡轮间隙控制阀门 飞机发动机用预冷控制阀门 其他阀门	848180	其他器具	84	HS第84章	1188	管材管件阀门	阀门	管材管件阀门/阀门	pipe-valve	0.82	candidate
84818090	其他	其他	848180	其他器具	84	HS第84章	1188				none	0.0	unmapped
84819010	零件： 阀门用	零件： 阀门用	848190	零件	84	HS第84章	1188	管材管件阀门	阀门	管材管件阀门/阀门	pipe-valve	0.82	candidate
84819090	其他	其他	848190	零件	84	HS第84章	1188				none	0.0	unmapped
84821010	调心球轴承 绝缘调心球轴承（高铁电机用， 绝缘电阻＞1吉欧姆，直流耐压 ≥3000伏，额定动载荷≥210000 牛顿）	调心球轴承 绝缘调心球轴承（高铁电机用， 绝缘电阻＞1吉欧姆，直流耐压 ≥3000伏，额定动载荷≥210000 牛顿）	848210	滚珠轴承	84	HS第84章	1189	设备备件	传动件	设备备件/传动件	equipment-bearing	0.86	candidate
84821020	深沟球轴承	深沟球轴承	848210	滚珠轴承	84	HS第84章	1189	设备备件	传动件	设备备件/传动件	equipment-bearing	0.86	candidate
84821030	角接触球轴承 医疗设备用角接触球轴承（内圈 直径≥790毫米，额定载荷≥850 千克，转速≥200转每分钟）	角接触球轴承 医疗设备用角接触球轴承（内圈 直径≥790毫米，额定载荷≥850 千克，转速≥200转每分钟）	848210	滚珠轴承	84	HS第84章	1189	设备备件	传动件	设备备件/传动件	equipment-bearing	0.86	candidate
84821040	推力球轴承 飞机发动机用推力球轴承（滚珠 轴承）	推力球轴承 飞机发动机用推力球轴承（滚珠 轴承）	848210	滚珠轴承	84	HS第84章	1189	设备备件	传动件	设备备件/传动件	equipment-bearing	0.86	candidate
84821090	其他	其他	848210	滚珠轴承	84	HS第84章	1189				none	0.0	unmapped
84822000	锥形滚子轴承，包括锥形滚子组 件 6兆瓦及以上风力发电机用锥形 滚子轴承	锥形滚子轴承，包括锥形滚子组 件 6兆瓦及以上风力发电机用锥形 滚子轴承	848220	锥形滚子轴承，包括锥形滚子组	84	HS第84章	1190	设备备件	传动件	设备备件/传动件	equipment-bearing	0.86	candidate
84823000	鼓形滚子轴承	鼓形滚子轴承	848230	鼓形滚子轴承	84	HS第84章	1190	设备备件	传动件	设备备件/传动件	equipment-bearing	0.86	candidate
84824000	滚针轴承，包括保持架和滚针组 件 飞机发动机用滚针轴承 其他滚针轴承	滚针轴承，包括保持架和滚针组 件 飞机发动机用滚针轴承 其他滚针轴承	848240	滚针轴承，包括保持架和滚针组	84	HS第84章	1190	设备备件	传动件	设备备件/传动件	equipment-bearing	0.86	candidate
84825000	其他圆柱形滚子轴承，包括保持 架和滚子组件 飞机发动机主推进轴用滚子轴承 二环、三环偏心滚动轴承，飞机 发动机主推进轴用滚子轴承除外	其他圆柱形滚子轴承，包括保持 架和滚子组件 飞机发动机主推进轴用滚子轴承 二环、三环偏心滚动轴承，飞机 发动机主推进轴用滚子轴承除外	848250	其他圆柱形滚子轴承，包括保持	84	HS第84章	1190	设备备件	传动件	设备备件/传动件	equipment-bearing	0.86	candidate
84828000	其他，包括球、柱混合轴承	其他，包括球、柱混合轴承	848280	其他，包括球、柱混合轴承	84	HS第84章	1190	设备备件	传动件	设备备件/传动件	equipment-bearing	0.86	candidate
84829100	滚珠、滚针及滚柱	滚珠、滚针及滚柱	848291	零件： / 滚珠、滚针及滚柱	84	HS第84章	1191				none	0.0	unmapped
84829900	其他	其他	848299	零件： / 其他	84	HS第84章	1191				none	0.0	unmapped
84831011	传动轴（包括凸轮轴及曲柄轴） 及曲柄： ---船舶用传动轴： 柴油机曲轴	传动轴（包括凸轮轴及曲柄轴） 及曲柄： ---船舶用传动轴： 柴油机曲轴	848310	传动轴（包括凸轮轴及曲柄轴） 及曲柄	84	HS第84章	1191				none	0.0	unmapped
84831019	船舶用传动轴： 其他	船舶用传动轴： 其他	848310	传动轴（包括凸轮轴及曲柄轴） 及曲柄	84	HS第84章	1191				none	0.0	unmapped
84831090	其他 飞机发动机用传动轴	其他 飞机发动机用传动轴	848310	传动轴（包括凸轮轴及曲柄轴） 及曲柄	84	HS第84章	1191				none	0.0	unmapped
84832000	装有滚珠或滚子轴承的轴承座	装有滚珠或滚子轴承的轴承座	848320	装有滚珠或滚子轴承的轴承座	84	HS第84章	1191	设备备件	传动件	设备备件/传动件	equipment-bearing	0.86	candidate
84833000	未装有滚珠或滚子轴承的轴承 座；滑动轴承	未装有滚珠或滚子轴承的轴承 座；滑动轴承	848330	未装有滚珠或滚子轴承的轴承	84	HS第84章	1192	设备备件	传动件	设备备件/传动件	equipment-bearing	0.86	candidate
84834010	齿轮及齿轮传动装置，但单独进 口或出口的带齿的轮、链轮及其 他传动元件除外；滚珠或滚子螺 杆传动装置；齿轮箱及其他变速 装置，包括扭矩变换器： 滚子螺杆传动装置 飞机水平尾翼螺旋杆	齿轮及齿轮传动装置，但单独进 口或出口的带齿的轮、链轮及其 他传动元件除外；滚珠或滚子螺 杆传动装置；齿轮箱及其他变速 装置，包括扭矩变换器： 滚子螺杆传动装置 飞机水平尾翼螺旋杆	848340	齿轮及齿轮传动装置，但单独进 口或出口的带齿的轮、链轮及其 他传动元件除外；滚珠或滚子螺 杆传动装置；齿轮箱及其他变速 装置，包括扭矩变换器	84	HS第84章	1192	紧固件与连接件	螺杆/丝杆	紧固件与连接件/螺杆/丝杆	fastener-rod	0.94	candidate
84834020	行星齿轮减速器	行星齿轮减速器	848340	齿轮及齿轮传动装置，但单独进 口或出口的带齿的轮、链轮及其 他传动元件除外；滚珠或滚子螺 杆传动装置；齿轮箱及其他变速 装置，包括扭矩变换器	84	HS第84章	1192				none	0.0	unmapped
84834090	其他 飞机发动机用齿轮传动装置（齿 轮箱）	其他 飞机发动机用齿轮传动装置（齿 轮箱）	848340	齿轮及齿轮传动装置，但单独进 口或出口的带齿的轮、链轮及其 他传动元件除外；滚珠或滚子螺 杆传动装置；齿轮箱及其他变速 装置，包括扭矩变换器	84	HS第84章	1192				none	0.0	unmapped
84835000	飞轮及滑轮，包括滑轮组	飞轮及滑轮，包括滑轮组	848350	飞轮及滑轮，包括滑轮组	84	HS第84章	1192				none	0.0	unmapped
84836000	离合器及联轴器（包括万向节） 压力机用组合式湿式离合/制动 器,离合扭距为60千牛米-300千牛 米,制动扭距为30千牛米-100千牛 米	离合器及联轴器（包括万向节） 压力机用组合式湿式离合/制动 器,离合扭距为60千牛米-300千牛 米,制动扭距为30千牛米-100千牛 米	848360	离合器及联轴器（包括万向节）	84	HS第84章	1193				none	0.0	unmapped
84839000	单独报验的带齿的轮、链轮及其 他传动元件；零件 车用凸轮轴相位调节器 飞机发动机用齿轮箱用单个齿轮	单独报验的带齿的轮、链轮及其 他传动元件；零件 车用凸轮轴相位调节器 飞机发动机用齿轮箱用单个齿轮	848390	单独报验的带齿的轮、链轮及其	84	HS第84章	1193				none	0.0	unmapped
84841000	密封垫或类似接合衬垫，用金属 片与其他材料制成或用双层或多 层金属片制成	密封垫或类似接合衬垫，用金属 片与其他材料制成或用双层或多 层金属片制成	848410	密封垫或类似接合衬垫，用金属	84	HS第84章	1193				none	0.0	unmapped
84842000	机械密封件	机械密封件	848420	机械密封件	84	HS第84章	1193				none	0.0	unmapped
84849000	其他	其他	848490	其他	84	HS第84章	1194				none	0.0	unmapped
84851000	用金属材料的	用金属材料的	848510	用金属材料的	84	HS第84章	1194				none	0.0	unmapped
84852000	用塑料或橡胶材料的	用塑料或橡胶材料的	848520	用塑料或橡胶材料的	84	HS第84章	1194	化工胶粘涂料	橡胶材料	化工胶粘涂料/橡胶材料	chemical-rubber	0.75	candidate
84853010	用石膏、水泥、陶瓷或玻璃材料 的： 用玻璃材料的	用石膏、水泥、陶瓷或玻璃材料 的： 用玻璃材料的	848530	用石膏、水泥、陶瓷或玻璃材料 的	84	HS第84章	1194				none	0.0	unmapped
84853020	用石膏、水泥、陶瓷材料的	用石膏、水泥、陶瓷材料的	848530	用石膏、水泥、陶瓷或玻璃材料 的	84	HS第84章	1194				none	0.0	unmapped
84858010	其他： 用纸或纸浆的	其他： 用纸或纸浆的	848580	其他	84	HS第84章	1194				none	0.0	unmapped
84858020	用木材、软木的	用木材、软木的	848580	其他	84	HS第84章	1195				none	0.0	unmapped
84858090	其他	其他	848580	其他	84	HS第84章	1195				none	0.0	unmapped
84859010	零件： 用金属材料的	零件： 用金属材料的	848590	零件	84	HS第84章	1195				none	0.0	unmapped
84859020	用玻璃材料的	用玻璃材料的	848590	零件	84	HS第84章	1195				none	0.0	unmapped
84859030	用橡胶或塑料材料的	用橡胶或塑料材料的	848590	零件	84	HS第84章	1195	化工胶粘涂料	橡胶材料	化工胶粘涂料/橡胶材料	chemical-rubber	0.75	candidate
84859040	用石膏、水泥、陶瓷材料的	用石膏、水泥、陶瓷材料的	848590	零件	84	HS第84章	1195				none	0.0	unmapped
84859050	用纸或纸浆的	用纸或纸浆的	848590	零件	84	HS第84章	1195				none	0.0	unmapped
84859060	用木材、软木的	用木材、软木的	848590	零件	84	HS第84章	1196				none	0.0	unmapped
84859090	其他	其他	848590	零件	84	HS第84章	1196				none	0.0	unmapped
84861010	制造单晶柱或晶圆用的机器及 装置： 利用温度变化处理单晶硅的机 器及装置	制造单晶柱或晶圆用的机器及 装置： 利用温度变化处理单晶硅的机 器及装置	848610	制造单晶柱或晶圆用的机器及 装置	84	HS第84章	1196				none	0.0	unmapped
84861020	研磨设备	研磨设备	848610	制造单晶柱或晶圆用的机器及 装置	84	HS第84章	1196				none	0.0	unmapped
84861030	切割设备	切割设备	848610	制造单晶柱或晶圆用的机器及 装置	84	HS第84章	1196				none	0.0	unmapped
84861040	化学机械抛光设备（CMP）	化学机械抛光设备（CMP）	848610	制造单晶柱或晶圆用的机器及 装置	84	HS第84章	1196				none	0.0	unmapped
84861090	其他	其他	848610	制造单晶柱或晶圆用的机器及 装置	84	HS第84章	1196				none	0.0	unmapped
84862010	制造半导体器件或集成电路用 的机器及装置： 氧化、扩散、退火及其他热处 理设备	制造半导体器件或集成电路用 的机器及装置： 氧化、扩散、退火及其他热处 理设备	848620	制造半导体器件或集成电路用 的机器及装置	84	HS第84章	1196				none	0.0	unmapped
84862021	薄膜沉积设备： 化学气相沉积装置（CVD）	薄膜沉积设备： 化学气相沉积装置（CVD）	848620	制造半导体器件或集成电路用 的机器及装置	84	HS第84章	1197				none	0.0	unmapped
84862022	薄膜沉积设备： 物理气相沉积装置（PVD）	薄膜沉积设备： 物理气相沉积装置（PVD）	848620	制造半导体器件或集成电路用 的机器及装置	84	HS第84章	1197				none	0.0	unmapped
84862029	薄膜沉积设备： 其他	薄膜沉积设备： 其他	848620	制造半导体器件或集成电路用 的机器及装置	84	HS第84章	1197				none	0.0	unmapped
84862031	将电路图投影或绘制到感光半 导体材料上的装置： 分步重复光刻机（步进光刻 机）	将电路图投影或绘制到感光半 导体材料上的装置： 分步重复光刻机（步进光刻 机）	848620	制造半导体器件或集成电路用 的机器及装置	84	HS第84章	1197				none	0.0	unmapped
84862039	将电路图投影或绘制到感光半 导体材料上的装置： 其他	将电路图投影或绘制到感光半 导体材料上的装置： 其他	848620	制造半导体器件或集成电路用 的机器及装置	84	HS第84章	1197				none	0.0	unmapped
84862041	刻蚀及剥离设备： 等离子体干法刻蚀机	刻蚀及剥离设备： 等离子体干法刻蚀机	848620	制造半导体器件或集成电路用 的机器及装置	84	HS第84章	1197				none	0.0	unmapped
84862049	刻蚀及剥离设备： 其他	刻蚀及剥离设备： 其他	848620	制造半导体器件或集成电路用 的机器及装置	84	HS第84章	1197				none	0.0	unmapped
84862050	离子注入机	离子注入机	848620	制造半导体器件或集成电路用 的机器及装置	84	HS第84章	1197				none	0.0	unmapped
84862090	其他	其他	848620	制造半导体器件或集成电路用 的机器及装置	84	HS第84章	1197				none	0.0	unmapped
84863010	制造平板显示器用的机器及装 置： 扩散、氧化、退火及其他热处 理设备	制造平板显示器用的机器及装 置： 扩散、氧化、退火及其他热处 理设备	848630	制造平板显示器用的机器及装 置	84	HS第84章	1197				none	0.0	unmapped
84863021	薄膜沉积设备： 化学气相沉积设备（CVD）	薄膜沉积设备： 化学气相沉积设备（CVD）	848630	制造平板显示器用的机器及装 置	84	HS第84章	1198				none	0.0	unmapped
84863022	薄膜沉积设备： 物理气相沉积设备（PVD）	薄膜沉积设备： 物理气相沉积设备（PVD）	848630	制造平板显示器用的机器及装 置	84	HS第84章	1198				none	0.0	unmapped
84863029	薄膜沉积设备： 其他	薄膜沉积设备： 其他	848630	制造平板显示器用的机器及装 置	84	HS第84章	1198				none	0.0	unmapped
84863031	将电路图投影或绘制到感光半 导体材料上的装置： 分步重复光刻机	将电路图投影或绘制到感光半 导体材料上的装置： 分步重复光刻机	848630	制造平板显示器用的机器及装 置	84	HS第84章	1198				none	0.0	unmapped
84863039	将电路图投影或绘制到感光半 导体材料上的装置： 其他	将电路图投影或绘制到感光半 导体材料上的装置： 其他	848630	制造平板显示器用的机器及装 置	84	HS第84章	1198				none	0.0	unmapped
84863041	湿法蚀刻、显影、剥离、清洗 装置： 超声波清洗装置	湿法蚀刻、显影、剥离、清洗 装置： 超声波清洗装置	848630	制造平板显示器用的机器及装 置	84	HS第84章	1198				none	0.0	unmapped
84863049	湿法蚀刻、显影、剥离、清洗 装置： 其他	湿法蚀刻、显影、剥离、清洗 装置： 其他	848630	制造平板显示器用的机器及装 置	84	HS第84章	1198				none	0.0	unmapped
84863090	其他	其他	848630	制造平板显示器用的机器及装 置	84	HS第84章	1198				none	0.0	unmapped
84864010	本章注释十一（三）规定的机器 及装置： 主要用于或专用于制作和修复 掩膜版或投影掩膜版的装置	本章注释十一（三）规定的机器 及装置： 主要用于或专用于制作和修复 掩膜版或投影掩膜版的装置	848640	本章注释十一（三）规定的机器 及装置	84	HS第84章	1198				none	0.0	unmapped
84864021	主要用于或专用于装配与封装 半导体器件或集成电路的设备： 塑封机	主要用于或专用于装配与封装 半导体器件或集成电路的设备： 塑封机	848640	本章注释十一（三）规定的机器 及装置	84	HS第84章	1199				none	0.0	unmapped
84864022	主要用于或专用于装配与封装 半导体器件或集成电路的设备： 引线键合装置	主要用于或专用于装配与封装 半导体器件或集成电路的设备： 引线键合装置	848640	本章注释十一（三）规定的机器 及装置	84	HS第84章	1199				none	0.0	unmapped
84864029	主要用于或专用于装配与封装 半导体器件或集成电路的设备： 其他	主要用于或专用于装配与封装 半导体器件或集成电路的设备： 其他	848640	本章注释十一（三）规定的机器 及装置	84	HS第84章	1199				none	0.0	unmapped
84864031	主要用于或专用于升降、装卸、 搬运单晶柱、晶圆、半导体器件、 集成电路或平板显示器的装置： 集成电路工厂专用的自动搬 运机器人	主要用于或专用于升降、装卸、 搬运单晶柱、晶圆、半导体器件、 集成电路或平板显示器的装置： 集成电路工厂专用的自动搬 运机器人	848640	本章注释十一（三）规定的机器 及装置	84	HS第84章	1199				none	0.0	unmapped
84864039	主要用于或专用于升降、装卸、 搬运单晶柱、晶圆、半导体器件、 集成电路或平板显示器的装置： 其他	主要用于或专用于升降、装卸、 搬运单晶柱、晶圆、半导体器件、 集成电路或平板显示器的装置： 其他	848640	本章注释十一（三）规定的机器 及装置	84	HS第84章	1199				none	0.0	unmapped
84869010	零件及附件： 升降、搬运、装卸机器用（自 动搬运设备用除外）	零件及附件： 升降、搬运、装卸机器用（自 动搬运设备用除外）	848690	零件及附件	84	HS第84章	1199				none	0.0	unmapped
84869020	引线键合装置用	引线键合装置用	848690	零件及附件	84	HS第84章	1199				none	0.0	unmapped
84869091	其他： 带背板的溅射靶材组件	其他： 带背板的溅射靶材组件	848690	零件及附件	84	HS第84章	1199				none	0.0	unmapped
84869099	其他： 其他	其他： 其他	848690	零件及附件	84	HS第84章	1200				none	0.0	unmapped
84871000	船用推进器及桨叶	船用推进器及桨叶	848710	船用推进器及桨叶	84	HS第84章	1200				none	0.0	unmapped
84879000	其他	其他	848790	其他	84	HS第84章	1200				none	0.0	unmapped
85011010	输出功率不超过37.5瓦的电动 机： 玩具用	输出功率不超过37.5瓦的电动 机： 玩具用	850110	输出功率不超过37.5瓦的电动 机	85	HS第85章	1205				none	0.0	unmapped
85011091	其他： 微电机，机座尺寸在20毫米及 以上，但不超过39毫米 摄像机、摄录一体机用精密微型 电机(0.5瓦≤功率≤10瓦，20毫米 ≤直径≤39毫米）	其他： 微电机，机座尺寸在20毫米及 以上，但不超过39毫米 摄像机、摄录一体机用精密微型 电机(0.5瓦≤功率≤10瓦，20毫米 ≤直径≤39毫米）	850110	输出功率不超过37.5瓦的电动 机	85	HS第85章	1205				none	0.0	unmapped
85011099	其他： 其他 摄像机、摄录一体机用精密微型 电机(0.5瓦≤功率≤10瓦，5毫米 ≤直径＜20毫米或39毫米＜直径 ≤40毫米）	其他： 其他 摄像机、摄录一体机用精密微型 电机(0.5瓦≤功率≤10瓦，5毫米 ≤直径＜20毫米或39毫米＜直径 ≤40毫米）	850110	输出功率不超过37.5瓦的电动 机	85	HS第85章	1205				none	0.0	unmapped
85012000	交直流两用电动机，输出功率超 过37.5瓦	交直流两用电动机，输出功率超 过37.5瓦	850120	交直流两用电动机，输出功率超	85	HS第85章	1206				none	0.0	unmapped
85013100	其他直流电动机；直流发电机， 不包括光伏发电机： 输出功率不超过750瓦	其他直流电动机；直流发电机， 不包括光伏发电机： 输出功率不超过750瓦	850131	其他直流电动机；直流发电机， 不包括光伏发电机： / 输出功率不超过750瓦	85	HS第85章	1206				none	0.0	unmapped
85013200	输出功率超过750瓦，但不超过 75千瓦	输出功率超过750瓦，但不超过 75千瓦	850132	其他直流电动机；直流发电机， 不包括光伏发电机： / 输出功率超过750瓦，但不超过	85	HS第85章	1206				none	0.0	unmapped
85013300	输出功率超过75千瓦，但不超过 375千瓦	输出功率超过75千瓦，但不超过 375千瓦	850133	其他直流电动机；直流发电机， 不包括光伏发电机： / 输出功率超过75千瓦，但不超过	85	HS第85章	1206				none	0.0	unmapped
85013400	输出功率超过375千瓦	输出功率超过375千瓦	850134	其他直流电动机；直流发电机， 不包括光伏发电机： / 输出功率超过375千瓦	85	HS第85章	1206				none	0.0	unmapped
85014000	其他单相交流电动机	其他单相交流电动机	850140	其他单相交流电动机	85	HS第85章	1206				none	0.0	unmapped
85015100	输出功率不超过750瓦	输出功率不超过750瓦	850151	其他单相交流电动机 / 输出功率不超过750瓦	85	HS第85章	1207				none	0.0	unmapped
85015200	输出功率超过750瓦，但不超过 75千瓦	输出功率超过750瓦，但不超过 75千瓦	850152	其他单相交流电动机 / 输出功率超过750瓦，但不超过	85	HS第85章	1207				none	0.0	unmapped
85015300	输出功率超过75千瓦	输出功率超过75千瓦	850153	其他单相交流电动机 / 输出功率超过75千瓦	85	HS第85章	1207				none	0.0	unmapped
85016100	交流发电机，不包括光伏发电 机： 输出功率不超过75千伏安	交流发电机，不包括光伏发电 机： 输出功率不超过75千伏安	850161	交流发电机，不包括光伏发电 机： / 输出功率不超过75千伏安	85	HS第85章	1207				none	0.0	unmapped
85016200	输出功率超过75千伏安，但不超 过375千伏安	输出功率超过75千伏安，但不超 过375千伏安	850162	交流发电机，不包括光伏发电 机： / 输出功率超过75千伏安，但不超	85	HS第85章	1207				none	0.0	unmapped
85016300	输出功率超过375千伏安，但不 超过750千伏安	输出功率超过375千伏安，但不 超过750千伏安	850163	交流发电机，不包括光伏发电 机： / 输出功率超过375千伏安，但不	85	HS第85章	1208				none	0.0	unmapped
85016410	输出功率超过750千伏安： 输出功率超过750千伏安，但不 超过350兆伏安 由使用可再生燃料锅炉和涡轮机 组驱动的交流发电机，750千伏安 ＜输出功率≤350兆伏安	输出功率超过750千伏安： 输出功率超过750千伏安，但不 超过350兆伏安 由使用可再生燃料锅炉和涡轮机 组驱动的交流发电机，750千伏安 ＜输出功率≤350兆伏安	850164	交流发电机，不包括光伏发电 机： / 输出功率超过750千伏安	85	HS第85章	1208				none	0.0	unmapped
85016420	输出功率超过350兆伏安，但不 超过665兆伏安 由使用可再生燃料锅炉和涡轮机 组驱动的交流发电机，350兆伏安 ＜输出功率≤665兆伏安	输出功率超过350兆伏安，但不 超过665兆伏安 由使用可再生燃料锅炉和涡轮机 组驱动的交流发电机，350兆伏安 ＜输出功率≤665兆伏安	850164	交流发电机，不包括光伏发电 机： / 输出功率超过750千伏安	85	HS第85章	1208				none	0.0	unmapped
85016430	输出功率超过665兆伏安 由使用可再生燃料锅炉和涡轮机 组驱动的交流发电机，输出功率 ＞665兆伏安	输出功率超过665兆伏安 由使用可再生燃料锅炉和涡轮机 组驱动的交流发电机，输出功率 ＞665兆伏安	850164	交流发电机，不包括光伏发电 机： / 输出功率超过750千伏安	85	HS第85章	1208				none	0.0	unmapped
85017100	光伏直流发电机： 输出功率不超过50瓦	光伏直流发电机： 输出功率不超过50瓦	850171	光伏直流发电机： / 输出功率不超过50瓦	85	HS第85章	1208				none	0.0	unmapped
85017210	输出功率超过50瓦，但不超过 750瓦	输出功率超过50瓦，但不超过 750瓦	850172	光伏直流发电机： / 输出功率超过50瓦	85	HS第85章	1209				none	0.0	unmapped
85017220	输出功率超过750瓦，但不超过 75千瓦	输出功率超过750瓦，但不超过 75千瓦	850172	光伏直流发电机： / 输出功率超过50瓦	85	HS第85章	1209				none	0.0	unmapped
85017230	输出功率超过75千瓦，但不超 过375千瓦	输出功率超过75千瓦，但不超 过375千瓦	850172	光伏直流发电机： / 输出功率超过50瓦	85	HS第85章	1209				none	0.0	unmapped
85017240	输出功率超过375千瓦	输出功率超过375千瓦	850172	光伏直流发电机： / 输出功率超过50瓦	85	HS第85章	1209				none	0.0	unmapped
85018010	光伏交流发电机： 输出功率不超过75千伏安	光伏交流发电机： 输出功率不超过75千伏安	850180	光伏交流发电机	85	HS第85章	1209				none	0.0	unmapped
85018020	输出功率超过75千伏安，但不 超过375千伏安	输出功率超过75千伏安，但不 超过375千伏安	850180	光伏交流发电机	85	HS第85章	1209				none	0.0	unmapped
85018030	输出功率超过375千伏安，但不 超过750千伏安	输出功率超过375千伏安，但不 超过750千伏安	850180	光伏交流发电机	85	HS第85章	1210				none	0.0	unmapped
85018041	输出功率超过750千伏安： 输出功率超过750千伏安，但 不超过350兆伏安	输出功率超过750千伏安： 输出功率超过750千伏安，但 不超过350兆伏安	850180	光伏交流发电机	85	HS第85章	1210				none	0.0	unmapped
85018042	输出功率超过750千伏安： 输出功率超过350兆伏安，但 不超过665兆伏安	输出功率超过750千伏安： 输出功率超过350兆伏安，但 不超过665兆伏安	850180	光伏交流发电机	85	HS第85章	1210				none	0.0	unmapped
85018043	输出功率超过750千伏安： 输出功率超过665兆伏安	输出功率超过750千伏安： 输出功率超过665兆伏安	850180	光伏交流发电机	85	HS第85章	1210				none	0.0	unmapped
85021100	装有压燃式活塞内燃发动机（柴 油或半柴油发动机）的发电机组： 输出功率不超过75千伏安	装有压燃式活塞内燃发动机（柴 油或半柴油发动机）的发电机组： 输出功率不超过75千伏安	850211	装有压燃式活塞内燃发动机（柴 油或半柴油发动机）的发电机组： / 输出功率不超过75千伏安	85	HS第85章	1210				none	0.0	unmapped
85021200	输出功率超过75千伏安，但不超 过375千伏安	输出功率超过75千伏安，但不超 过375千伏安	850212	装有压燃式活塞内燃发动机（柴 油或半柴油发动机）的发电机组： / 输出功率超过75千伏安，但不超	85	HS第85章	1211				none	0.0	unmapped
85021310	输出功率超过375千伏安： 输出功率超过375千伏安，但不 超过2兆伏安	输出功率超过375千伏安： 输出功率超过375千伏安，但不 超过2兆伏安	850213	装有压燃式活塞内燃发动机（柴 油或半柴油发动机）的发电机组： / 输出功率超过375千伏安	85	HS第85章	1211				none	0.0	unmapped
85021320	输出功率超过2兆伏安	输出功率超过2兆伏安	850213	装有压燃式活塞内燃发动机（柴 油或半柴油发动机）的发电机组： / 输出功率超过375千伏安	85	HS第85章	1211				none	0.0	unmapped
85022000	装有点燃式活塞内燃发动机的 发电机组 以沼气为燃料的装有点燃式活塞 内燃发动机的发电机组（功率≥ 1000千瓦，发电效率≥40%）	装有点燃式活塞内燃发动机的 发电机组 以沼气为燃料的装有点燃式活塞 内燃发动机的发电机组（功率≥ 1000千瓦，发电效率≥40%）	850220	装有点燃式活塞内燃发动机的	85	HS第85章	1211				none	0.0	unmapped
85023100	其他发电机组： 风力驱动的	其他发电机组： 风力驱动的	850231	其他发电机组： / 风力驱动的	85	HS第85章	1211				none	0.0	unmapped
85023900	其他 依靠可再生能源（太阳能、小水 电、潮汐、沼气、地热能、生物 质/余热驱动的汽轮机）生产电力 的发电机组	其他 依靠可再生能源（太阳能、小水 电、潮汐、沼气、地热能、生物 质/余热驱动的汽轮机）生产电力 的发电机组	850239	其他发电机组： / 其他	85	HS第85章	1212				none	0.0	unmapped
85024000	旋转式变流机	旋转式变流机	850240	旋转式变流机	85	HS第85章	1212				none	0.0	unmapped
85030010	子目8501.1010及8501.1091所 列电动机用	子目8501.1010及8501.1091所 列电动机用	850300	专用于或主要用于税目85.01或 85.02所列机器的零件	85	HS第85章	1212				none	0.0	unmapped
85030020	子目8501.6420及8501.6430所 列发电机用	子目8501.6420及8501.6430所 列发电机用	850300	专用于或主要用于税目85.01或 85.02所列机器的零件	85	HS第85章	1212				none	0.0	unmapped
85030030	子目8502.3100所列发电机组用	子目8502.3100所列发电机组用	850300	专用于或主要用于税目85.01或 85.02所列机器的零件	85	HS第85章	1212				none	0.0	unmapped
85030090	其他	其他	850300	专用于或主要用于税目85.01或 85.02所列机器的零件	85	HS第85章	1212				none	0.0	unmapped
85041010	放电灯或放电管用镇流器： 电子镇流器	放电灯或放电管用镇流器： 电子镇流器	850410	放电灯或放电管用镇流器	85	HS第85章	1213				none	0.0	unmapped
85041090	其他	其他	850410	放电灯或放电管用镇流器	85	HS第85章	1213				none	0.0	unmapped
85042100	液体介质变压器： 额定容量不超过650千伏安	液体介质变压器： 额定容量不超过650千伏安	850421	液体介质变压器： / 额定容量不超过650千伏安	85	HS第85章	1213				none	0.0	unmapped
85042200	额定容量超过650千伏安，但不 超过10兆伏安	额定容量超过650千伏安，但不 超过10兆伏安	850422	液体介质变压器： / 额定容量超过650千伏安，但不	85	HS第85章	1213				none	0.0	unmapped
85042311	额定容量超过10兆伏安，但小 于220兆伏安	额定容量超过10兆伏安，但小 于220兆伏安	850423	液体介质变压器： / 额定容量超过10兆伏安	85	HS第85章	1214				none	0.0	unmapped
85042312	额定容量在220兆伏安及以 上，但小于330兆伏安	额定容量在220兆伏安及以 上，但小于330兆伏安	850423	液体介质变压器： / 额定容量超过10兆伏安	85	HS第85章	1214				none	0.0	unmapped
85042313	额定容量在330兆伏安及以 上，但小于400兆伏安	额定容量在330兆伏安及以 上，但小于400兆伏安	850423	液体介质变压器： / 额定容量超过10兆伏安	85	HS第85章	1214				none	0.0	unmapped
85042321	额定容量在400兆伏安及以上： 额定容量在400兆伏安及以 上，但小于500兆伏安	额定容量在400兆伏安及以上： 额定容量在400兆伏安及以 上，但小于500兆伏安	850423	液体介质变压器： / 额定容量超过10兆伏安	85	HS第85章	1214				none	0.0	unmapped
85042329	额定容量在400兆伏安及以上： 其他	额定容量在400兆伏安及以上： 其他	850423	液体介质变压器： / 额定容量超过10兆伏安	85	HS第85章	1214				none	0.0	unmapped
85043110	其他变压器： --额定容量不超过1千伏安： 互感器	其他变压器： --额定容量不超过1千伏安： 互感器	850431	其他变压器： / 额定容量不超过1千伏安	85	HS第85章	1214				none	0.0	unmapped
85043190	其他	其他	850431	其他变压器： / 额定容量不超过1千伏安	85	HS第85章	1215				none	0.0	unmapped
85043210	额定容量超过1千伏安，但不超 过16千伏安： 互感器	额定容量超过1千伏安，但不超 过16千伏安： 互感器	850432	其他变压器： / 额定容量超过1千伏安，但不超 过16千伏安	85	HS第85章	1215				none	0.0	unmapped
85043290	其他	其他	850432	其他变压器： / 额定容量超过1千伏安，但不超 过16千伏安	85	HS第85章	1215				none	0.0	unmapped
85043310	额定容量超过16千伏安，但不超 过500千伏安： 互感器	额定容量超过16千伏安，但不超 过500千伏安： 互感器	850433	其他变压器： / 额定容量超过16千伏安，但不超 过500千伏安	85	HS第85章	1215				none	0.0	unmapped
85043390	其他	其他	850433	其他变压器： / 额定容量超过16千伏安，但不超 过500千伏安	85	HS第85章	1215				none	0.0	unmapped
85043410	额定容量超过500千伏安： 互感器	额定容量超过500千伏安： 互感器	850434	其他变压器： / 额定容量超过500千伏安	85	HS第85章	1215				none	0.0	unmapped
85043490	其他	其他	850434	其他变压器： / 额定容量超过500千伏安	85	HS第85章	1216				none	0.0	unmapped
85044013	静止式变流器： ---稳压电源： 税目84.71所列机器用	静止式变流器： ---稳压电源： 税目84.71所列机器用	850440	静止式变流器	85	HS第85章	1216				none	0.0	unmapped
85044014	稳压电源： 其他直流稳压电源，功率小于 1千瓦，精度低于万分之一	稳压电源： 其他直流稳压电源，功率小于 1千瓦，精度低于万分之一	850440	静止式变流器	85	HS第85章	1216				none	0.0	unmapped
85044015	稳压电源： 其他交流稳压电源，功率小于 10千瓦，精度低于千分之一	稳压电源： 其他交流稳压电源，功率小于 10千瓦，精度低于千分之一	850440	静止式变流器	85	HS第85章	1216				none	0.0	unmapped
85044019	稳压电源： 其他	稳压电源： 其他	850440	静止式变流器	85	HS第85章	1216				none	0.0	unmapped
85044020	不间断供电电源	不间断供电电源	850440	静止式变流器	85	HS第85章	1216				none	0.0	unmapped
85044030	逆变器	逆变器	850440	静止式变流器	85	HS第85章	1216				none	0.0	unmapped
85044091	其他： 具有变流功能的半导体模块	其他： 具有变流功能的半导体模块	850440	静止式变流器	85	HS第85章	1217				none	0.0	unmapped
85044099	其他： 其他	其他： 其他	850440	静止式变流器	85	HS第85章	1217				none	0.0	unmapped
85045000	其他电感器	其他电感器	850450	其他电感器	85	HS第85章	1217				none	0.0	unmapped
85049011	零件： ---变压器用： 子目8504.2321、8504.2329所 列变压器用	零件： ---变压器用： 子目8504.2321、8504.2329所 列变压器用	850490	零件	85	HS第85章	1217				none	0.0	unmapped
85049019	变压器用： 其他	变压器用： 其他	850490	零件	85	HS第85章	1217				none	0.0	unmapped
85049020	稳压电源及不间断供电电源用	稳压电源及不间断供电电源用	850490	零件	85	HS第85章	1217				none	0.0	unmapped
85049090	其他	其他	850490	零件	85	HS第85章	1217				none	0.0	unmapped
85051110	永磁铁及磁化后准备制永磁铁 的物品： --金属的： 稀土永磁体	永磁铁及磁化后准备制永磁铁 的物品： --金属的： 稀土永磁体	850511	永磁铁及磁化后准备制永磁铁 的物品： / 金属的	85	HS第85章	1218				none	0.0	unmapped
85051190	其他	其他	850511	永磁铁及磁化后准备制永磁铁 的物品： / 金属的	85	HS第85章	1218				none	0.0	unmapped
85051900	其他	其他	850519	永磁铁及磁化后准备制永磁铁 的物品： / 其他	85	HS第85章	1218				none	0.0	unmapped
85052000	电磁联轴节、离合器及制动器	电磁联轴节、离合器及制动器	850520	电磁联轴节、离合器及制动器	85	HS第85章	1218				none	0.0	unmapped
85059010	其他，包括零件： 电磁起重吸盘	其他，包括零件： 电磁起重吸盘	850590	其他，包括零件	85	HS第85章	1218				none	0.0	unmapped
85059090	其他 税目84.86项下晶体生长设备及拉 晶机用超导磁体 专门或主要用于核磁共振成像装 置的电磁体，但税目90.18所列电 磁铁除外	其他 税目84.86项下晶体生长设备及拉 晶机用超导磁体 专门或主要用于核磁共振成像装 置的电磁体，但税目90.18所列电 磁铁除外	850590	其他，包括零件	85	HS第85章	1218				none	0.0	unmapped
85061011	二氧化锰的： ---碱性锌锰的： 扣式	二氧化锰的： ---碱性锌锰的： 扣式	850610	二氧化锰的	85	HS第85章	1219				none	0.0	unmapped
85061012	碱性锌锰的： 圆柱式	碱性锌锰的： 圆柱式	850610	二氧化锰的	85	HS第85章	1219				none	0.0	unmapped
85061019	碱性锌锰的： 其他	碱性锌锰的： 其他	850610	二氧化锰的	85	HS第85章	1219				none	0.0	unmapped
85061090	其他	其他	850610	二氧化锰的	85	HS第85章	1219				none	0.0	unmapped
85063000	氧化汞的	氧化汞的	850630	氧化汞的	85	HS第85章	1219				none	0.0	unmapped
85064000	氧化银的	氧化银的	850640	氧化银的	85	HS第85章	1220				none	0.0	unmapped
85065000	锂的	锂的	850650	锂的	85	HS第85章	1220				none	0.0	unmapped
85066000	锌空气的	锌空气的	850660	锌空气的	85	HS第85章	1220				none	0.0	unmapped
85068000	其他原电池及原电池组	其他原电池及原电池组	850680	其他原电池及原电池组	85	HS第85章	1220				none	0.0	unmapped
85069010	零件： 子目8506.1000所列电池用	零件： 子目8506.1000所列电池用	850690	零件	85	HS第85章	1220				none	0.0	unmapped
85069090	其他	其他	850690	零件	85	HS第85章	1220				none	0.0	unmapped
85071000	铅酸蓄电池，用于启动活塞式发 动机	铅酸蓄电池，用于启动活塞式发 动机	850710	铅酸蓄电池，用于启动活塞式发	85	HS第85章	1221				none	0.0	unmapped
85072000	其他铅酸蓄电池	其他铅酸蓄电池	850720	其他铅酸蓄电池	85	HS第85章	1221				none	0.0	unmapped
85073000	镍镉蓄电池 飞机用镍镉蓄电池	镍镉蓄电池 飞机用镍镉蓄电池	850730	镍镉蓄电池	85	HS第85章	1221				none	0.0	unmapped
85075000	镍氢蓄电池	镍氢蓄电池	850750	镍氢蓄电池	85	HS第85章	1221				none	0.0	unmapped
85076000	锂离子蓄电池 飞机用锂离子蓄电池	锂离子蓄电池 飞机用锂离子蓄电池	850760	锂离子蓄电池	85	HS第85章	1221				none	0.0	unmapped
85078030	全钒液流电池	全钒液流电池	850780	其他蓄电池	85	HS第85章	1222				none	0.0	unmapped
85078090	其他	其他	850780	其他蓄电池	85	HS第85章	1222				none	0.0	unmapped
85079010	零件： 铅酸蓄电池用	零件： 铅酸蓄电池用	850790	零件	85	HS第85章	1222				none	0.0	unmapped
85079090	其他	其他	850790	零件	85	HS第85章	1222				none	0.0	unmapped
85081110	电动的： --功率不超过1500瓦，且带有容积 不超过20升的集尘袋或其他集尘 容器： 清洁机器人	电动的： --功率不超过1500瓦，且带有容积 不超过20升的集尘袋或其他集尘 容器： 清洁机器人	850811	电动的： / 功率不超过1500瓦，且带有容积 不超过20升的集尘袋或其他集尘 容器	85	HS第85章	1222				none	0.0	unmapped
85081190	其他	其他	850811	电动的： / 功率不超过1500瓦，且带有容积 不超过20升的集尘袋或其他集尘 容器	85	HS第85章	1223				none	0.0	unmapped
85081910	其他： 清洁机器人	其他： 清洁机器人	850819	电动的： / 其他	85	HS第85章	1223				none	0.0	unmapped
85081990	其他	其他	850819	电动的： / 其他	85	HS第85章	1223				none	0.0	unmapped
85086000	其他真空吸尘器	其他真空吸尘器	850860	其他真空吸尘器	85	HS第85章	1223				none	0.0	unmapped
85087010	零件： 子目8508.1110、8508.1190所列 吸尘器用	零件： 子目8508.1110、8508.1190所列 吸尘器用	850870	零件	85	HS第85章	1223				none	0.0	unmapped
85087090	其他	其他	850870	零件	85	HS第85章	1223				none	0.0	unmapped
85094010	食品研磨机及搅拌器；水果或蔬 菜的榨汁机： 水果或蔬菜的榨汁机	食品研磨机及搅拌器；水果或蔬 菜的榨汁机： 水果或蔬菜的榨汁机	850940	食品研磨机及搅拌器；水果或蔬 菜的榨汁机	85	HS第85章	1223				none	0.0	unmapped
85094090	其他	其他	850940	食品研磨机及搅拌器；水果或蔬 菜的榨汁机	85	HS第85章	1223				none	0.0	unmapped
85098010	地板打蜡机	地板打蜡机	850980	其他器具	85	HS第85章	1224				none	0.0	unmapped
85098020	厨房废物处理器	厨房废物处理器	850980	其他器具	85	HS第85章	1224				none	0.0	unmapped
85098030	电动牙刷	电动牙刷	850980	其他器具	85	HS第85章	1224				none	0.0	unmapped
85098090	其他	其他	850980	其他器具	85	HS第85章	1224				none	0.0	unmapped
85099000	零件	零件	850990	零件	85	HS第85章	1224				none	0.0	unmapped
85101000	剃须刀	剃须刀	851010	剃须刀	85	HS第85章	1224				none	0.0	unmapped
85102000	毛发推剪	毛发推剪	851020	毛发推剪	85	HS第85章	1224				none	0.0	unmapped
85103000	脱毛器	脱毛器	851030	脱毛器	85	HS第85章	1225				none	0.0	unmapped
85109000	零件	零件	851090	零件	85	HS第85章	1225				none	0.0	unmapped
85111000	火花塞	火花塞	851110	火花塞	85	HS第85章	1225				none	0.0	unmapped
85112010	点火磁电机；永磁直流发电机； 磁飞轮： 机车、航空器及船舶用	点火磁电机；永磁直流发电机； 磁飞轮： 机车、航空器及船舶用	851120	点火磁电机；永磁直流发电机； 磁飞轮	85	HS第85章	1225				none	0.0	unmapped
85112090	其他	其他	851120	点火磁电机；永磁直流发电机； 磁飞轮	85	HS第85章	1225				none	0.0	unmapped
85113010	分电器；点火线圈： 机车、航空器及船舶用	分电器；点火线圈： 机车、航空器及船舶用	851130	分电器；点火线圈	85	HS第85章	1225				none	0.0	unmapped
85113090	其他	其他	851130	分电器；点火线圈	85	HS第85章	1226				none	0.0	unmapped
85114010	启动电机及两用启动发电机： 机车、航空器及船舶用 飞机辅助动力装置电源启动马达	启动电机及两用启动发电机： 机车、航空器及船舶用 飞机辅助动力装置电源启动马达	851140	启动电机及两用启动发电机	85	HS第85章	1226				none	0.0	unmapped
85114091	其他： 输出功率在132.39千瓦（180 马力）及以上的发动机用启动电 机	其他： 输出功率在132.39千瓦（180 马力）及以上的发动机用启动电 机	851140	启动电机及两用启动发电机	85	HS第85章	1226				none	0.0	unmapped
85114099	其他： 其他	其他： 其他	851140	启动电机及两用启动发电机	85	HS第85章	1226				none	0.0	unmapped
85115010	其他发电机： 机车、航空器及船舶用	其他发电机： 机车、航空器及船舶用	851150	其他发电机	85	HS第85章	1226				none	0.0	unmapped
85115090	其他	其他	851150	其他发电机	85	HS第85章	1226				none	0.0	unmapped
85118000	其他装置	其他装置	851180	其他装置	85	HS第85章	1227				none	0.0	unmapped
85119010	零件： 本税目所列供机车、航空器及 船舶用的各种装置的零件 飞机发动机用三相交流发电机用 壳体	零件： 本税目所列供机车、航空器及 船舶用的各种装置的零件 飞机发动机用三相交流发电机用 壳体	851190	零件	85	HS第85章	1227				none	0.0	unmapped
85119090	其他	其他	851190	零件	85	HS第85章	1227				none	0.0	unmapped
85121000	自行车用照明或视觉信号装置	自行车用照明或视觉信号装置	851210	自行车用照明或视觉信号装置	85	HS第85章	1227				none	0.0	unmapped
85122010	其他照明或视觉信号装置： 机动车辆用照明装置	其他照明或视觉信号装置： 机动车辆用照明装置	851220	其他照明或视觉信号装置	85	HS第85章	1227				none	0.0	unmapped
85122090	其他	其他	851220	其他照明或视觉信号装置	85	HS第85章	1228				none	0.0	unmapped
85123011	音响信号装置： ---机动车辆用： 喇叭、蜂鸣器	音响信号装置： ---机动车辆用： 喇叭、蜂鸣器	851230	音响信号装置	85	HS第85章	1228				none	0.0	unmapped
85123012	机动车辆用： 防盗报警器	机动车辆用： 防盗报警器	851230	音响信号装置	85	HS第85章	1228				none	0.0	unmapped
85123019	机动车辆用： 其他	机动车辆用： 其他	851230	音响信号装置	85	HS第85章	1228				none	0.0	unmapped
85123090	其他	其他	851230	音响信号装置	85	HS第85章	1229				none	0.0	unmapped
85124000	风挡刮水器、除霜器及去雾器	风挡刮水器、除霜器及去雾器	851240	风挡刮水器、除霜器及去雾器	85	HS第85章	1229				none	0.0	unmapped
85129000	零件	零件	851290	零件	85	HS第85章	1229				none	0.0	unmapped
85131010	灯： 手电筒	灯： 手电筒	851310	灯	85	HS第85章	1229				none	0.0	unmapped
85131090	其他	其他	851310	灯	85	HS第85章	1229				none	0.0	unmapped
85139010	零件： 手电筒用	零件： 手电筒用	851390	零件	85	HS第85章	1229				none	0.0	unmapped
85139090	其他	其他	851390	零件	85	HS第85章	1230				none	0.0	unmapped
85141100	电阻加热的炉及烘箱： 热等静压机	电阻加热的炉及烘箱： 热等静压机	851411	电阻加热的炉及烘箱： / 热等静压机	85	HS第85章	1230				none	0.0	unmapped
85141910	其他： 可控气氛热处理炉	其他： 可控气氛热处理炉	851419	电阻加热的炉及烘箱： / 其他	85	HS第85章	1230				none	0.0	unmapped
85141990	其他	其他	851419	电阻加热的炉及烘箱： / 其他	85	HS第85章	1230				none	0.0	unmapped
85142000	通过感应或介质损耗工作的炉 及烘箱	通过感应或介质损耗工作的炉 及烘箱	851420	通过感应或介质损耗工作的炉	85	HS第85章	1230				none	0.0	unmapped
85143100	其他炉及烘箱： 电子束炉	其他炉及烘箱： 电子束炉	851431	其他炉及烘箱： / 电子束炉	85	HS第85章	1230				none	0.0	unmapped
85143200	等离子及真空电弧炉	等离子及真空电弧炉	851432	其他炉及烘箱： / 等离子及真空电弧炉	85	HS第85章	1230				none	0.0	unmapped
85143900	其他	其他	851439	其他炉及烘箱： / 其他	85	HS第85章	1230				none	0.0	unmapped
85144000	其他通过感应或介质损耗对材 料进行热处理的设备	其他通过感应或介质损耗对材 料进行热处理的设备	851440	其他通过感应或介质损耗对材	85	HS第85章	1231				none	0.0	unmapped
85149010	零件： 炼钢电炉用	零件： 炼钢电炉用	851490	零件	85	HS第85章	1231				none	0.0	unmapped
85149090	其他	其他	851490	零件	85	HS第85章	1231				none	0.0	unmapped
85151100	钎焊机器及装置： 烙铁及焊枪	钎焊机器及装置： 烙铁及焊枪	851511	钎焊机器及装置： / 烙铁及焊枪	85	HS第85章	1231				none	0.0	unmapped
85151900	其他 专门或主要用于印刷电路组件制 造的其他波峰焊接机器	其他 专门或主要用于印刷电路组件制 造的其他波峰焊接机器	851519	钎焊机器及装置： / 其他	85	HS第85章	1231				none	0.0	unmapped
85152120	机器人	机器人	851521	电阻焊接机器及装置： / 全自动或半自动的	85	HS第85章	1232				none	0.0	unmapped
85152191	其他： 直缝焊管机	其他： 直缝焊管机	851521	电阻焊接机器及装置： / 全自动或半自动的	85	HS第85章	1232	管材管件阀门	管材	管材管件阀门/管材	pipe-material	0.72	candidate
85152199	其他： 其他	其他： 其他	851521	电阻焊接机器及装置： / 全自动或半自动的	85	HS第85章	1232				none	0.0	unmapped
85152900	其他	其他	851529	电阻焊接机器及装置： / 其他	85	HS第85章	1232				none	0.0	unmapped
85153120	用于金属加工的电弧（包括等离 子弧）焊接机器及装置： --全自动或半自动的： 机器人	用于金属加工的电弧（包括等离 子弧）焊接机器及装置： --全自动或半自动的： 机器人	851531	用于金属加工的电弧（包括等离 子弧）焊接机器及装置： / 全自动或半自动的	85	HS第85章	1232				none	0.0	unmapped
85153191	其他： 螺旋焊管机	其他： 螺旋焊管机	851531	用于金属加工的电弧（包括等离 子弧）焊接机器及装置： / 全自动或半自动的	85	HS第85章	1233	管材管件阀门	管材	管材管件阀门/管材	pipe-material	0.72	candidate
85153199	其他： 其他	其他： 其他	851531	用于金属加工的电弧（包括等离 子弧）焊接机器及装置： / 全自动或半自动的	85	HS第85章	1233				none	0.0	unmapped
85153900	其他	其他	851539	用于金属加工的电弧（包括等离 子弧）焊接机器及装置： / 其他	85	HS第85章	1233				none	0.0	unmapped
85158010	其他机器及装置： 激光焊接机器人	其他机器及装置： 激光焊接机器人	851580	其他机器及装置	85	HS第85章	1233				none	0.0	unmapped
85158090	其他	其他	851580	其他机器及装置	85	HS第85章	1233				none	0.0	unmapped
85159000	零件 税目85.15所列货品的零件（专门 或主要用于印刷电路组件制造的 其他波峰焊接机器的零件除外）	零件 税目85.15所列货品的零件（专门 或主要用于印刷电路组件制造的 其他波峰焊接机器的零件除外）	851590	零件	85	HS第85章	1233				none	0.0	unmapped
85161010	电热的快速热水器、储存式热水 器、浸入式液体加热器： 储存式电热水器	电热的快速热水器、储存式热水 器、浸入式液体加热器： 储存式电热水器	851610	电热的快速热水器、储存式热水 器、浸入式液体加热器	85	HS第85章	1234				none	0.0	unmapped
85161020	即热式电热水器	即热式电热水器	851610	电热的快速热水器、储存式热水 器、浸入式液体加热器	85	HS第85章	1234				none	0.0	unmapped
85161090	其他	其他	851610	电热的快速热水器、储存式热水 器、浸入式液体加热器	85	HS第85章	1234				none	0.0	unmapped
85162100	电气空间加热器及土壤加热器： 储存式散热器	电气空间加热器及土壤加热器： 储存式散热器	851621	电气空间加热器及土壤加热器： / 储存式散热器	85	HS第85章	1234				none	0.0	unmapped
85162910	其他： 土壤加热器	其他： 土壤加热器	851629	电气空间加热器及土壤加热器： / 其他	85	HS第85章	1234				none	0.0	unmapped
85162920	辐射式空间加热器	辐射式空间加热器	851629	电气空间加热器及土壤加热器： / 其他	85	HS第85章	1234				none	0.0	unmapped
85162931	对流式空间加热器： 风扇式	对流式空间加热器： 风扇式	851629	电气空间加热器及土壤加热器： / 其他	85	HS第85章	1235				none	0.0	unmapped
85162932	对流式空间加热器： 充液式	对流式空间加热器： 充液式	851629	电气空间加热器及土壤加热器： / 其他	85	HS第85章	1235				none	0.0	unmapped
85162939	对流式空间加热器： 其他	对流式空间加热器： 其他	851629	电气空间加热器及土壤加热器： / 其他	85	HS第85章	1235				none	0.0	unmapped
85162990	其他	其他	851629	电气空间加热器及土壤加热器： / 其他	85	HS第85章	1235				none	0.0	unmapped
85163100	电热的理发器具及干手器： 吹风机	电热的理发器具及干手器： 吹风机	851631	电热的理发器具及干手器： / 吹风机	85	HS第85章	1235				none	0.0	unmapped
85163200	其他理发器具	其他理发器具	851632	电热的理发器具及干手器： / 其他理发器具	85	HS第85章	1235				none	0.0	unmapped
85163300	干手器	干手器	851633	电热的理发器具及干手器： / 干手器	85	HS第85章	1235				none	0.0	unmapped
85164000	电熨斗	电熨斗	851640	电熨斗	85	HS第85章	1235				none	0.0	unmapped
85165000	微波炉	微波炉	851650	微波炉	85	HS第85章	1236				none	0.0	unmapped
85166010	其他炉；电锅、电热板、加热环、 烧烤炉及烘烤器： 电磁炉	其他炉；电锅、电热板、加热环、 烧烤炉及烘烤器： 电磁炉	851660	其他炉；电锅、电热板、加热环、 烧烤炉及烘烤器	85	HS第85章	1236				none	0.0	unmapped
85166030	电饭锅	电饭锅	851660	其他炉；电锅、电热板、加热环、 烧烤炉及烘烤器	85	HS第85章	1236				none	0.0	unmapped
85166040	电炒锅	电炒锅	851660	其他炉；电锅、电热板、加热环、 烧烤炉及烘烤器	85	HS第85章	1236				none	0.0	unmapped
85166050	电烤箱	电烤箱	851660	其他炉；电锅、电热板、加热环、 烧烤炉及烘烤器	85	HS第85章	1236				none	0.0	unmapped
85166090	其他	其他	851660	其他炉；电锅、电热板、加热环、 烧烤炉及烘烤器	85	HS第85章	1236				none	0.0	unmapped
85167110	滴液式咖啡机	滴液式咖啡机	851671	其他电热器具： / 咖啡壶或茶壶	85	HS第85章	1237				none	0.0	unmapped
85167120	蒸馏渗滤式咖啡机	蒸馏渗滤式咖啡机	851671	其他电热器具： / 咖啡壶或茶壶	85	HS第85章	1237				none	0.0	unmapped
85167130	泵压式咖啡机	泵压式咖啡机	851671	其他电热器具： / 咖啡壶或茶壶	85	HS第85章	1237				none	0.0	unmapped
85167190	其他	其他	851671	其他电热器具： / 咖啡壶或茶壶	85	HS第85章	1237				none	0.0	unmapped
85167210	烤面包器： 家用自动面包机	烤面包器： 家用自动面包机	851672	其他电热器具： / 烤面包器	85	HS第85章	1237				none	0.0	unmapped
85167220	片式烤面包机（多士炉）	片式烤面包机（多士炉）	851672	其他电热器具： / 烤面包器	85	HS第85章	1237				none	0.0	unmapped
85167290	其他	其他	851672	其他电热器具： / 烤面包器	85	HS第85章	1237				none	0.0	unmapped
85167910	其他： 电热饮水机	其他： 电热饮水机	851679	其他电热器具： / 其他	85	HS第85章	1237				none	0.0	unmapped
85167990	其他	其他	851679	其他电热器具： / 其他	85	HS第85章	1237				none	0.0	unmapped
85168000	加热电阻器	加热电阻器	851680	加热电阻器	85	HS第85章	1238				none	0.0	unmapped
85169010	零件： 土壤加热器及加热电阻器用	零件： 土壤加热器及加热电阻器用	851690	零件	85	HS第85章	1238				none	0.0	unmapped
85169090	其他	其他	851690	零件	85	HS第85章	1238				none	0.0	unmapped
85171100	电话机，包括蜂窝网络或其他无 线网络用智能手机及其他电话 机： 无绳电话机	电话机，包括蜂窝网络或其他无 线网络用智能手机及其他电话 机： 无绳电话机	851711	电话机，包括蜂窝网络或其他无 线网络用智能手机及其他电话 机： / 无绳电话机	85	HS第85章	1238				none	0.0	unmapped
85171300	智能手机	智能手机	851713	电话机，包括蜂窝网络或其他无 线网络用智能手机及其他电话 机： / 智能手机	85	HS第85章	1238				none	0.0	unmapped
85171410	其他用于蜂窝网络或其他无线 网络的电话机： 手持（包括车载）式无线电话 机	其他用于蜂窝网络或其他无线 网络的电话机： 手持（包括车载）式无线电话 机	851714	电话机，包括蜂窝网络或其他无 线网络用智能手机及其他电话 机： / 其他用于蜂窝网络或其他无线 网络的电话机	85	HS第85章	1238				none	0.0	unmapped
85171420	对讲机	对讲机	851714	电话机，包括蜂窝网络或其他无 线网络用智能手机及其他电话 机： / 其他用于蜂窝网络或其他无线 网络的电话机	85	HS第85章	1238				none	0.0	unmapped
85171490	其他	其他	851714	电话机，包括蜂窝网络或其他无 线网络用智能手机及其他电话 机： / 其他用于蜂窝网络或其他无线 网络的电话机	85	HS第85章	1239				none	0.0	unmapped
85171800	其他	其他	851718	电话机，包括蜂窝网络或其他无 线网络用智能手机及其他电话 机： / 其他	85	HS第85章	1239				none	0.0	unmapped
85176110	其他发送或接收声音、图像或其 他数据用的设备，包括有线或无 线网络（例如，局域网或广域网） 的通信设备： --基站： 移动通信基站	其他发送或接收声音、图像或其 他数据用的设备，包括有线或无 线网络（例如，局域网或广域网） 的通信设备： --基站： 移动通信基站	851761	其他发送或接收声音、图像或其 他数据用的设备，包括有线或无 线网络（例如，局域网或广域网） 的通信设备： / 基站	85	HS第85章	1239				none	0.0	unmapped
85176190	其他	其他	851761	其他发送或接收声音、图像或其 他数据用的设备，包括有线或无 线网络（例如，局域网或广域网） 的通信设备： / 基站	85	HS第85章	1239				none	0.0	unmapped
85176211	接收、转换并且发送或再生声 音、图像或其他数据用的设备， 包括交换及路由设备： ---数字式程控电话或电报交换 机： 局用电话交换机；长途电话交 换机；电报交换机	接收、转换并且发送或再生声 音、图像或其他数据用的设备， 包括交换及路由设备： ---数字式程控电话或电报交换 机： 局用电话交换机；长途电话交 换机；电报交换机	851762	其他发送或接收声音、图像或其 他数据用的设备，包括有线或无 线网络（例如，局域网或广域网） 的通信设备： / 接收、转换并且发送或再生声 音、图像或其他数据用的设备， 包括交换及路由设备	85	HS第85章	1239				none	0.0	unmapped
85176212	数字式程控电话或电报交换 机： 移动通信交换机	数字式程控电话或电报交换 机： 移动通信交换机	851762	其他发送或接收声音、图像或其 他数据用的设备，包括有线或无 线网络（例如，局域网或广域网） 的通信设备： / 接收、转换并且发送或再生声 音、图像或其他数据用的设备， 包括交换及路由设备	85	HS第85章	1239				none	0.0	unmapped
85176219	数字式程控电话或电报交换 机： 其他电话交换机	数字式程控电话或电报交换 机： 其他电话交换机	851762	其他发送或接收声音、图像或其 他数据用的设备，包括有线或无 线网络（例如，局域网或广域网） 的通信设备： / 接收、转换并且发送或再生声 音、图像或其他数据用的设备， 包括交换及路由设备	85	HS第85章	1239				none	0.0	unmapped
85176221	光通讯设备： 光端机及脉冲编码调制设备 （PCM）	光通讯设备： 光端机及脉冲编码调制设备 （PCM）	851762	其他发送或接收声音、图像或其 他数据用的设备，包括有线或无 线网络（例如，局域网或广域网） 的通信设备： / 接收、转换并且发送或再生声 音、图像或其他数据用的设备， 包括交换及路由设备	85	HS第85章	1239				none	0.0	unmapped
85176222	光通讯设备： 波分复用光传输设备	光通讯设备： 波分复用光传输设备	851762	其他发送或接收声音、图像或其 他数据用的设备，包括有线或无 线网络（例如，局域网或广域网） 的通信设备： / 接收、转换并且发送或再生声 音、图像或其他数据用的设备， 包括交换及路由设备	85	HS第85章	1239				none	0.0	unmapped
85176229	光通讯设备： 其他	光通讯设备： 其他	851762	其他发送或接收声音、图像或其 他数据用的设备，包括有线或无 线网络（例如，局域网或广域网） 的通信设备： / 接收、转换并且发送或再生声 音、图像或其他数据用的设备， 包括交换及路由设备	85	HS第85章	1240				none	0.0	unmapped
85176231	其他有线数字通信设备： 通信网络时钟同步设备	其他有线数字通信设备： 通信网络时钟同步设备	851762	其他发送或接收声音、图像或其 他数据用的设备，包括有线或无 线网络（例如，局域网或广域网） 的通信设备： / 接收、转换并且发送或再生声 音、图像或其他数据用的设备， 包括交换及路由设备	85	HS第85章	1240				none	0.0	unmapped
85176232	其他有线数字通信设备： 以太网络交换机	其他有线数字通信设备： 以太网络交换机	851762	其他发送或接收声音、图像或其 他数据用的设备，包括有线或无 线网络（例如，局域网或广域网） 的通信设备： / 接收、转换并且发送或再生声 音、图像或其他数据用的设备， 包括交换及路由设备	85	HS第85章	1240				none	0.0	unmapped
85176233	其他有线数字通信设备： IP电话信号转换设备	其他有线数字通信设备： IP电话信号转换设备	851762	其他发送或接收声音、图像或其 他数据用的设备，包括有线或无 线网络（例如，局域网或广域网） 的通信设备： / 接收、转换并且发送或再生声 音、图像或其他数据用的设备， 包括交换及路由设备	85	HS第85章	1240				none	0.0	unmapped
85176234	其他有线数字通信设备： 调制解调器	其他有线数字通信设备： 调制解调器	851762	其他发送或接收声音、图像或其 他数据用的设备，包括有线或无 线网络（例如，局域网或广域网） 的通信设备： / 接收、转换并且发送或再生声 音、图像或其他数据用的设备， 包括交换及路由设备	85	HS第85章	1240				none	0.0	unmapped
85176235	其他有线数字通信设备： 集线器	其他有线数字通信设备： 集线器	851762	其他发送或接收声音、图像或其 他数据用的设备，包括有线或无 线网络（例如，局域网或广域网） 的通信设备： / 接收、转换并且发送或再生声 音、图像或其他数据用的设备， 包括交换及路由设备	85	HS第85章	1240				none	0.0	unmapped
85176236	其他有线数字通信设备： 路由器	其他有线数字通信设备： 路由器	851762	其他发送或接收声音、图像或其 他数据用的设备，包括有线或无 线网络（例如，局域网或广域网） 的通信设备： / 接收、转换并且发送或再生声 音、图像或其他数据用的设备， 包括交换及路由设备	85	HS第85章	1240				none	0.0	unmapped
85176237	其他有线数字通信设备： 有线网络接口卡	其他有线数字通信设备： 有线网络接口卡	851762	其他发送或接收声音、图像或其 他数据用的设备，包括有线或无 线网络（例如，局域网或广域网） 的通信设备： / 接收、转换并且发送或再生声 音、图像或其他数据用的设备， 包括交换及路由设备	85	HS第85章	1240				none	0.0	unmapped
85176239	其他有线数字通信设备： 其他	其他有线数字通信设备： 其他	851762	其他发送或接收声音、图像或其 他数据用的设备，包括有线或无 线网络（例如，局域网或广域网） 的通信设备： / 接收、转换并且发送或再生声 音、图像或其他数据用的设备， 包括交换及路由设备	85	HS第85章	1240				none	0.0	unmapped
85176292	其他： 无线网络接口卡	其他： 无线网络接口卡	851762	其他发送或接收声音、图像或其 他数据用的设备，包括有线或无 线网络（例如，局域网或广域网） 的通信设备： / 接收、转换并且发送或再生声 音、图像或其他数据用的设备， 包括交换及路由设备	85	HS第85章	1240				none	0.0	unmapped
85176293	其他： 无线接入固定台	其他： 无线接入固定台	851762	其他发送或接收声音、图像或其 他数据用的设备，包括有线或无 线网络（例如，局域网或广域网） 的通信设备： / 接收、转换并且发送或再生声 音、图像或其他数据用的设备， 包括交换及路由设备	85	HS第85章	1241				none	0.0	unmapped
85176294	其他： 无线耳机	其他： 无线耳机	851762	其他发送或接收声音、图像或其 他数据用的设备，包括有线或无 线网络（例如，局域网或广域网） 的通信设备： / 接收、转换并且发送或再生声 音、图像或其他数据用的设备， 包括交换及路由设备	85	HS第85章	1241				none	0.0	unmapped
85176295	其他： 无线路由器	其他： 无线路由器	851762	其他发送或接收声音、图像或其 他数据用的设备，包括有线或无 线网络（例如，局域网或广域网） 的通信设备： / 接收、转换并且发送或再生声 音、图像或其他数据用的设备， 包括交换及路由设备	85	HS第85章	1241				none	0.0	unmapped
85176299	其他： 其他	其他： 其他	851762	其他发送或接收声音、图像或其 他数据用的设备，包括有线或无 线网络（例如，局域网或广域网） 的通信设备： / 接收、转换并且发送或再生声 音、图像或其他数据用的设备， 包括交换及路由设备	85	HS第85章	1241				none	0.0	unmapped
85176910	其他： 其他无线设备	其他： 其他无线设备	851769	其他发送或接收声音、图像或其 他数据用的设备，包括有线或无 线网络（例如，局域网或广域网） 的通信设备： / 其他	85	HS第85章	1241				none	0.0	unmapped
85176990	其他有线设备	其他有线设备	851769	其他发送或接收声音、图像或其 他数据用的设备，包括有线或无 线网络（例如，局域网或广域网） 的通信设备： / 其他	85	HS第85章	1241				none	0.0	unmapped
85177100	零件： 各种天线和天线反射器及其零 件	零件： 各种天线和天线反射器及其零 件	851771	零件： / 各种天线和天线反射器及其零	85	HS第85章	1241				none	0.0	unmapped
85177910	其他： 数字式程控电话或电报交换机 用	其他： 数字式程控电话或电报交换机 用	851779	零件： / 其他	85	HS第85章	1241				none	0.0	unmapped
85177920	光端机及脉冲编码调制设备 （PCM）用	光端机及脉冲编码调制设备 （PCM）用	851779	零件： / 其他	85	HS第85章	1241				none	0.0	unmapped
85177930	智能手机及其他手持（包括车 载）式无线电话机用（天线除外）	智能手机及其他手持（包括车 载）式无线电话机用（天线除外）	851779	零件： / 其他	85	HS第85章	1241				none	0.0	unmapped
85177940	对讲机用（天线除外）	对讲机用（天线除外）	851779	零件： / 其他	85	HS第85章	1242				none	0.0	unmapped
85177950	光通信设备的激光收发模块	光通信设备的激光收发模块	851779	零件： / 其他	85	HS第85章	1242				none	0.0	unmapped
85177990	其他	其他	851779	零件： / 其他	85	HS第85章	1242				none	0.0	unmapped
85181000	传声器（麦克风）及其座架	传声器（麦克风）及其座架	851810	传声器（麦克风）及其座架	85	HS第85章	1242				none	0.0	unmapped
85182100	扬声器，不论是否装成音箱： 单喇叭音箱	扬声器，不论是否装成音箱： 单喇叭音箱	851821	扬声器，不论是否装成音箱： / 单喇叭音箱	85	HS第85章	1242				none	0.0	unmapped
85182200	多喇叭音箱	多喇叭音箱	851822	扬声器，不论是否装成音箱： / 多喇叭音箱	85	HS第85章	1242				none	0.0	unmapped
85182900	其他	其他	851829	扬声器，不论是否装成音箱： / 其他	85	HS第85章	1242				none	0.0	unmapped
85183000	耳机、耳塞机，不论是否装有传 声器，由传声器及一个或多个扬 声器组成的组合机	耳机、耳塞机，不论是否装有传 声器，由传声器及一个或多个扬 声器组成的组合机	851830	耳机、耳塞机，不论是否装有传	85	HS第85章	1242				none	0.0	unmapped
85184000	音频扩大器	音频扩大器	851840	音频扩大器	85	HS第85章	1243				none	0.0	unmapped
85185000	电气扩音机组	电气扩音机组	851850	电气扩音机组	85	HS第85章	1243				none	0.0	unmapped
85189000	零件	零件	851890	零件	85	HS第85章	1243				none	0.0	unmapped
85192000	用硬币、钞票、银行卡、代币或 其他支付方式使其工作的设备	用硬币、钞票、银行卡、代币或 其他支付方式使其工作的设备	851920	用硬币、钞票、银行卡、代币或	85	HS第85章	1243				none	0.0	unmapped
85193000	转盘（唱机唱盘）	转盘（唱机唱盘）	851930	转盘（唱机唱盘）	85	HS第85章	1243				none	0.0	unmapped
85198111	其他设备： --使用磁性、光学或半导体媒体 的： ---使用磁性媒体的： 未装有声音录制装置的盒式 磁带型声音重放装置，编辑节目 用放声机除外	其他设备： --使用磁性、光学或半导体媒体 的： ---使用磁性媒体的： 未装有声音录制装置的盒式 磁带型声音重放装置，编辑节目 用放声机除外	851981	其他设备： / 使用磁性、光学或半导体媒体 的	85	HS第85章	1243				none	0.0	unmapped
85198112	使用磁性媒体的： 装有声音重放装置的盒式磁 带型录音机	使用磁性媒体的： 装有声音重放装置的盒式磁 带型录音机	851981	其他设备： / 使用磁性、光学或半导体媒体 的	85	HS第85章	1244				none	0.0	unmapped
85198119	使用磁性媒体的： 其他	使用磁性媒体的： 其他	851981	其他设备： / 使用磁性、光学或半导体媒体 的	85	HS第85章	1244				none	0.0	unmapped
85198121	使用光学媒体的： 激光唱机，未装有声音录制装 置	使用光学媒体的： 激光唱机，未装有声音录制装 置	851981	其他设备： / 使用磁性、光学或半导体媒体 的	85	HS第85章	1244				none	0.0	unmapped
85198129	使用光学媒体的： 其他	使用光学媒体的： 其他	851981	其他设备： / 使用磁性、光学或半导体媒体 的	85	HS第85章	1244				none	0.0	unmapped
85198131	使用半导体媒体的： 装有声音重放装置的闪速存 储器型声音录制设备	使用半导体媒体的： 装有声音重放装置的闪速存 储器型声音录制设备	851981	其他设备： / 使用磁性、光学或半导体媒体 的	85	HS第85章	1244				none	0.0	unmapped
85198139	使用半导体媒体的： 其他	使用半导体媒体的： 其他	851981	其他设备： / 使用磁性、光学或半导体媒体 的	85	HS第85章	1244				none	0.0	unmapped
85198910	不带录制装置的其他唱机，不 论是否带有扬声器	不带录制装置的其他唱机，不 论是否带有扬声器	851989	其他设备： / 其他	85	HS第85章	1245				none	0.0	unmapped
85198990	其他声音录制或重放设备	其他声音录制或重放设备	851989	其他设备： / 其他	85	HS第85章	1245				none	0.0	unmapped
85211011	磁带型： ---录像机： 广播级	磁带型： ---录像机： 广播级	852110	磁带型	85	HS第85章	1245				none	0.0	unmapped
85211019	录像机： 其他	录像机： 其他	852110	磁带型	85	HS第85章	1245				none	0.0	unmapped
85211020	放像机	放像机	852110	磁带型	85	HS第85章	1245				none	0.0	unmapped
85219011	激光视盘机： 视频高密光盘（VCD）播放机	激光视盘机： 视频高密光盘（VCD）播放机	852190	其他	85	HS第85章	1246				none	0.0	unmapped
85219012	激光视盘机： 数字化视频光盘（DVD）播放 机	激光视盘机： 数字化视频光盘（DVD）播放 机	852190	其他	85	HS第85章	1246				none	0.0	unmapped
85219019	激光视盘机： 其他	激光视盘机： 其他	852190	其他	85	HS第85章	1246				none	0.0	unmapped
85219090	其他	其他	852190	其他	85	HS第85章	1246				none	0.0	unmapped
85221000	拾音头	拾音头	852210	拾音头	85	HS第85章	1246				none	0.0	unmapped
85229010	转盘或唱机用	转盘或唱机用	852290	其他	85	HS第85章	1247				none	0.0	unmapped
85229021	盒式磁带录音机或放声机用： 走带机构（机芯），不论是否 装有磁头	盒式磁带录音机或放声机用： 走带机构（机芯），不论是否 装有磁头	852290	其他	85	HS第85章	1247				none	0.0	unmapped
85229022	盒式磁带录音机或放声机用： 磁头	盒式磁带录音机或放声机用： 磁头	852290	其他	85	HS第85章	1247				none	0.0	unmapped
85229023	盒式磁带录音机或放声机用： 磁头零件	盒式磁带录音机或放声机用： 磁头零件	852290	其他	85	HS第85章	1247				none	0.0	unmapped
85229029	盒式磁带录音机或放声机用： 其他	盒式磁带录音机或放声机用： 其他	852290	其他	85	HS第85章	1248				none	0.0	unmapped
85229031	视频信号录制或重放设备用： 激光视盘机的机芯	视频信号录制或重放设备用： 激光视盘机的机芯	852290	其他	85	HS第85章	1248				none	0.0	unmapped
85229039	视频信号录制或重放设备用： 其他	视频信号录制或重放设备用： 其他	852290	其他	85	HS第85章	1248				none	0.0	unmapped
85229091	其他： 车载音频转播器或发射器	其他： 车载音频转播器或发射器	852290	其他	85	HS第85章	1248				none	0.0	unmapped
85229099	其他： 其他	其他： 其他	852290	其他	85	HS第85章	1248				none	0.0	unmapped
85232110	磁性媒体： --磁条卡： 未录制	磁性媒体： --磁条卡： 未录制	852321	磁性媒体： / 磁条卡	85	HS第85章	1249				none	0.0	unmapped
85232120	已录制	已录制	852321	磁性媒体： / 磁条卡	85	HS第85章	1249				none	0.0	unmapped
85232911	其他： ---磁盘： 未录制	其他： ---磁盘： 未录制	852329	磁性媒体： / 其他	85	HS第85章	1249				none	0.0	unmapped
85232919	磁盘： 其他	磁盘： 其他	852329	磁性媒体： / 其他	85	HS第85章	1249				none	0.0	unmapped
85232921	磁带： 未录制的宽度不超过4毫米的 磁带	磁带： 未录制的宽度不超过4毫米的 磁带	852329	磁性媒体： / 其他	85	HS第85章	1249				none	0.0	unmapped
85232922	磁带： 未录制的宽度超过4毫米，但 不超过6.5毫米的磁带	磁带： 未录制的宽度超过4毫米，但 不超过6.5毫米的磁带	852329	磁性媒体： / 其他	85	HS第85章	1249				none	0.0	unmapped
85232923	磁带： 未录制的宽度超过6.5毫米的 磁带	磁带： 未录制的宽度超过6.5毫米的 磁带	852329	磁性媒体： / 其他	85	HS第85章	1249				none	0.0	unmapped
85232928	磁带： 重放声音或图像信息的磁带	磁带： 重放声音或图像信息的磁带	852329	磁性媒体： / 其他	85	HS第85章	1249				none	0.0	unmapped
85232929	磁带： 已录制的其他磁带	磁带： 已录制的其他磁带	852329	磁性媒体： / 其他	85	HS第85章	1250				none	0.0	unmapped
85232990	其他	其他	852329	磁性媒体： / 其他	85	HS第85章	1250				none	0.0	unmapped
85234100	光学媒体： 未录制	光学媒体： 未录制	852341	光学媒体： / 未录制	85	HS第85章	1250				none	0.0	unmapped
85234910	其他： 仅用于重放声音信息的已录制 光盘	其他： 仅用于重放声音信息的已录制 光盘	852349	光学媒体： / 其他	85	HS第85章	1250				none	0.0	unmapped
85234920	用于重放声音、图像以外信息 的，税目84.71所列机器用	用于重放声音、图像以外信息 的，税目84.71所列机器用	852349	光学媒体： / 其他	85	HS第85章	1250				none	0.0	unmapped
85234990	其他	其他	852349	光学媒体： / 其他	85	HS第85章	1250				none	0.0	unmapped
85235110	半导体媒体： --固态非易失性存储器件（闪速存 储器）： 未录制	半导体媒体： --固态非易失性存储器件（闪速存 储器）： 未录制	852351	半导体媒体： / 固态非易失性存储器件（闪速存 储器）	85	HS第85章	1250				none	0.0	unmapped
85235120	已录制	已录制	852351	半导体媒体： / 固态非易失性存储器件（闪速存 储器）	85	HS第85章	1250				none	0.0	unmapped
85235210	“智能卡”： 未录制	“智能卡”： 未录制	852352	半导体媒体： / “智能卡”	85	HS第85章	1250				none	0.0	unmapped
85235290	其他	其他	852352	半导体媒体： / “智能卡”	85	HS第85章	1251				none	0.0	unmapped
85235910	其他： 未录制	其他： 未录制	852359	半导体媒体： / 其他	85	HS第85章	1251				none	0.0	unmapped
85235920	已录制	已录制	852359	半导体媒体： / 其他	85	HS第85章	1251				none	0.0	unmapped
85238011	其他： ---唱片： 已录制	其他： ---唱片： 已录制	852380	其他	85	HS第85章	1251				none	0.0	unmapped
85238019	唱片： 其他	唱片： 其他	852380	其他	85	HS第85章	1251				none	0.0	unmapped
85238021	税目84.71所列机器用： 未录制	税目84.71所列机器用： 未录制	852380	其他	85	HS第85章	1251				none	0.0	unmapped
85238029	税目84.71所列机器用： 其他	税目84.71所列机器用： 其他	852380	其他	85	HS第85章	1251				none	0.0	unmapped
85238091	其他： 未录制	其他： 未录制	852380	其他	85	HS第85章	1251				none	0.0	unmapped
85238099	其他： 其他	其他： 其他	852380	其他	85	HS第85章	1251				none	0.0	unmapped
85241100	液晶的	液晶的	852411	不含驱动器或控制电路： / 液晶的	85	HS第85章	1252				none	0.0	unmapped
85241200	有机发光二极管的（OLED）	有机发光二极管的（OLED）	852412	不含驱动器或控制电路： / 有机发光二极管的（OLED）	85	HS第85章	1252				none	0.0	unmapped
85241910	其他： 电视机用等离子显像组件	其他： 电视机用等离子显像组件	852419	不含驱动器或控制电路： / 其他	85	HS第85章	1252				none	0.0	unmapped
85241921	发光二极管的： 电视机用	发光二极管的： 电视机用	852419	不含驱动器或控制电路： / 其他	85	HS第85章	1252				none	0.0	unmapped
85241929	发光二极管的： 其他	发光二极管的： 其他	852419	不含驱动器或控制电路： / 其他	85	HS第85章	1252				none	0.0	unmapped
85241990	其他 未切割的电子墨水屏	其他 未切割的电子墨水屏	852419	不含驱动器或控制电路： / 其他	85	HS第85章	1252				none	0.0	unmapped
85249110	专用于或主要用于税目85.17所 列装置的	专用于或主要用于税目85.17所 列装置的	852491	其他： / 液晶的	85	HS第85章	1253				none	0.0	unmapped
85249120	专用于或主要用于税目85.19、 85.21、85.25、85.26或85.27所列 设备的	专用于或主要用于税目85.19、 85.21、85.25、85.26或85.27所列 设备的	852491	其他： / 液晶的	85	HS第85章	1253				none	0.0	unmapped
85249130	专用于或主要用于税目85.35、 85.36或85.37所列装置的	专用于或主要用于税目85.35、 85.36或85.37所列装置的	852491	其他： / 液晶的	85	HS第85章	1253				none	0.0	unmapped
85249140	专用于或主要用于税目87.01至 87.05所列车辆的	专用于或主要用于税目87.01至 87.05所列车辆的	852491	其他： / 液晶的	85	HS第85章	1253				none	0.0	unmapped
85249190	其他 专用于平板电脑和笔记本电脑的 带触摸屏的液晶模组	其他 专用于平板电脑和笔记本电脑的 带触摸屏的液晶模组	852491	其他： / 液晶的	85	HS第85章	1253				none	0.0	unmapped
85249210	有机发光二极管的（OLED）： 专用于或主要用于税目85.17所 列装置的	有机发光二极管的（OLED）： 专用于或主要用于税目85.17所 列装置的	852492	其他： / 有机发光二极管的（OLED）	85	HS第85章	1253				none	0.0	unmapped
85249220	专用于或主要用于税目85.19、 85.21、85.25、85.26或85.27所列 设备的	专用于或主要用于税目85.19、 85.21、85.25、85.26或85.27所列 设备的	852492	其他： / 有机发光二极管的（OLED）	85	HS第85章	1253				none	0.0	unmapped
85249230	专用于或主要用于税目85.35、 85.36或85.37所列装置的	专用于或主要用于税目85.35、 85.36或85.37所列装置的	852492	其他： / 有机发光二极管的（OLED）	85	HS第85章	1254				none	0.0	unmapped
85249240	专用于或主要用于税目87.01至 87.05所列车辆的	专用于或主要用于税目87.01至 87.05所列车辆的	852492	其他： / 有机发光二极管的（OLED）	85	HS第85章	1254				none	0.0	unmapped
85249250	电视接收机用	电视接收机用	852492	其他： / 有机发光二极管的（OLED）	85	HS第85章	1254				none	0.0	unmapped
85249260	专用于或主要用于税目85.28所 列其他监视器的	专用于或主要用于税目85.28所 列其他监视器的	852492	其他： / 有机发光二极管的（OLED）	85	HS第85章	1254				none	0.0	unmapped
85249290	其他 专用或主要用于扩展现实（XR） 设备的有机发光二极管平板显示 模组（尺寸＜1.5英寸，设计亮度 ＞3000坎德拉每平方米，像素密 度（PPI）＞3000）	其他 专用或主要用于扩展现实（XR） 设备的有机发光二极管平板显示 模组（尺寸＜1.5英寸，设计亮度 ＞3000坎德拉每平方米，像素密 度（PPI）＞3000）	852492	其他： / 有机发光二极管的（OLED）	85	HS第85章	1254				none	0.0	unmapped
85249910	其他： 电视机用等离子显像组件	其他： 电视机用等离子显像组件	852499	其他	85	HS第85章	1254				none	0.0	unmapped
85249921	发光二极管的： 电视机用	发光二极管的： 电视机用	852499	其他	85	HS第85章	1255				none	0.0	unmapped
85249929	发光二极管的： 其他	发光二极管的： 其他	852499	其他	85	HS第85章	1255				none	0.0	unmapped
85249990	其他 专用于或主要用于税目85.31、 85.43所列装置用电子墨水屏	其他 专用于或主要用于税目85.31、 85.43所列装置用电子墨水屏	852499	其他	85	HS第85章	1255				none	0.0	unmapped
85255000	发送设备	发送设备	852550	发送设备	85	HS第85章	1255				none	0.0	unmapped
85256010	装有接收装置的发送设备： 卫星地面站设备	装有接收装置的发送设备： 卫星地面站设备	852560	装有接收装置的发送设备	85	HS第85章	1255				none	0.0	unmapped
85256090	其他	其他	852560	装有接收装置的发送设备	85	HS第85章	1255				none	0.0	unmapped
85258110	电视摄像机、数字照相机及视频 摄录一体机： --本章子目注释一所列高速设备： 电视摄像机	电视摄像机、数字照相机及视频 摄录一体机： --本章子目注释一所列高速设备： 电视摄像机	852581	电视摄像机、数字照相机及视频 摄录一体机： / 本章子目注释一所列高速设备	85	HS第85章	1255				none	0.0	unmapped
85258120	数字照相机	数字照相机	852581	电视摄像机、数字照相机及视频 摄录一体机： / 本章子目注释一所列高速设备	85	HS第85章	1256				none	0.0	unmapped
85258130	视频摄录一体机	视频摄录一体机	852581	电视摄像机、数字照相机及视频 摄录一体机： / 本章子目注释一所列高速设备	85	HS第85章	1256				none	0.0	unmapped
85258210	其他，本章子目注释二所列抗辐 射或耐辐射设备： 电视摄像机	其他，本章子目注释二所列抗辐 射或耐辐射设备： 电视摄像机	852582	电视摄像机、数字照相机及视频 摄录一体机： / 其他，本章子目注释二所列抗辐 射或耐辐射设备	85	HS第85章	1256				none	0.0	unmapped
85258220	数字照相机	数字照相机	852582	电视摄像机、数字照相机及视频 摄录一体机： / 其他，本章子目注释二所列抗辐 射或耐辐射设备	85	HS第85章	1256				none	0.0	unmapped
85258230	视频摄录一体机	视频摄录一体机	852582	电视摄像机、数字照相机及视频 摄录一体机： / 其他，本章子目注释二所列抗辐 射或耐辐射设备	85	HS第85章	1256				none	0.0	unmapped
85258310	其他，本章子目注释三所列夜视 设备： 电视摄像机	其他，本章子目注释三所列夜视 设备： 电视摄像机	852583	电视摄像机、数字照相机及视频 摄录一体机： / 其他，本章子目注释三所列夜视 设备	85	HS第85章	1256				none	0.0	unmapped
85258320	数字照相机	数字照相机	852583	电视摄像机、数字照相机及视频 摄录一体机： / 其他，本章子目注释三所列夜视 设备	85	HS第85章	1256				none	0.0	unmapped
85258330	视频摄录一体机	视频摄录一体机	852583	电视摄像机、数字照相机及视频 摄录一体机： / 其他，本章子目注释三所列夜视 设备	85	HS第85章	1256				none	0.0	unmapped
85258911	其他： ---电视摄像机： 其他，特种用途的	其他： ---电视摄像机： 其他，特种用途的	852589	电视摄像机、数字照相机及视频 摄录一体机： / 其他	85	HS第85章	1256				none	0.0	unmapped
85258912	电视摄像机： 非特种用途的广播级	电视摄像机： 非特种用途的广播级	852589	电视摄像机、数字照相机及视频 摄录一体机： / 其他	85	HS第85章	1257				none	0.0	unmapped
85258919	电视摄像机： 非特种用途的其他类型	电视摄像机： 非特种用途的其他类型	852589	电视摄像机、数字照相机及视频 摄录一体机： / 其他	85	HS第85章	1257				none	0.0	unmapped
85258921	数字照相机： 其他，特种用途的	数字照相机： 其他，特种用途的	852589	电视摄像机、数字照相机及视频 摄录一体机： / 其他	85	HS第85章	1257				none	0.0	unmapped
85258922	数字照相机： 非特种用途的单镜头反光型	数字照相机： 非特种用途的单镜头反光型	852589	电视摄像机、数字照相机及视频 摄录一体机： / 其他	85	HS第85章	1257				none	0.0	unmapped
85258923	数字照相机： 非特种用途的，其他可换镜头 的	数字照相机： 非特种用途的，其他可换镜头 的	852589	电视摄像机、数字照相机及视频 摄录一体机： / 其他	85	HS第85章	1257				none	0.0	unmapped
85258929	数字照相机： 非特种用途的其他类型	数字照相机： 非特种用途的其他类型	852589	电视摄像机、数字照相机及视频 摄录一体机： / 其他	85	HS第85章	1257				none	0.0	unmapped
85258931	视频摄录一体机： 其他，特种用途的	视频摄录一体机： 其他，特种用途的	852589	电视摄像机、数字照相机及视频 摄录一体机： / 其他	85	HS第85章	1257				none	0.0	unmapped
85258932	视频摄录一体机： 非特种用途的广播级	视频摄录一体机： 非特种用途的广播级	852589	电视摄像机、数字照相机及视频 摄录一体机： / 其他	85	HS第85章	1258				none	0.0	unmapped
85258933	视频摄录一体机： 非特种用途的家用型	视频摄录一体机： 非特种用途的家用型	852589	电视摄像机、数字照相机及视频 摄录一体机： / 其他	85	HS第85章	1258				none	0.0	unmapped
85258939	视频摄录一体机： 非特种用途的其他类型	视频摄录一体机： 非特种用途的其他类型	852589	电视摄像机、数字照相机及视频 摄录一体机： / 其他	85	HS第85章	1258				none	0.0	unmapped
85261010	雷达设备： 导航用	雷达设备： 导航用	852610	雷达设备	85	HS第85章	1258				none	0.0	unmapped
85261090	其他	其他	852610	雷达设备	85	HS第85章	1258				none	0.0	unmapped
85269110	其他： --无线电导航设备： 机动车辆用	其他： --无线电导航设备： 机动车辆用	852691	其他： / 无线电导航设备	85	HS第85章	1258				none	0.0	unmapped
85269190	其他	其他	852691	其他： / 无线电导航设备	85	HS第85章	1258				none	0.0	unmapped
85269200	无线电遥控设备	无线电遥控设备	852692	其他： / 无线电遥控设备	85	HS第85章	1258				none	0.0	unmapped
85271200	袖珍盒式磁带收放机	袖珍盒式磁带收放机	852712	袖珍盒式磁带收放机	85	HS第85章	1259				none	0.0	unmapped
85271300	其他收录（放）音组合机	其他收录（放）音组合机	852713	其他收录（放）音组合机	85	HS第85章	1259				none	0.0	unmapped
85271900	其他	其他	852719	其他	85	HS第85章	1259				none	0.0	unmapped
85272100	需外接电源的汽车用无线电收 音机： 收录（放）音组合机 具备接收和转换数字广播数据系 统信号功能需外接电源的汽车用 收录(放)音组合机	需外接电源的汽车用无线电收 音机： 收录（放）音组合机 具备接收和转换数字广播数据系 统信号功能需外接电源的汽车用 收录(放)音组合机	852721	需外接电源的汽车用无线电收 音机： / 收录（放）音组合机	85	HS第85章	1259				none	0.0	unmapped
85272900	其他	其他	852729	需外接电源的汽车用无线电收 音机： / 其他	85	HS第85章	1259				none	0.0	unmapped
85279100	其他： 收录（放）音组合机	其他： 收录（放）音组合机	852791	其他： / 收录（放）音组合机	85	HS第85章	1259				none	0.0	unmapped
85279200	带时钟的收音机	带时钟的收音机	852792	其他： / 带时钟的收音机	85	HS第85章	1260				none	0.0	unmapped
85279900	其他	其他	852799	其他： / 其他	85	HS第85章	1260				none	0.0	unmapped
85284200	阴极射线管监视器： 可直接连接且设计用于税目 84.71的自动数据处理设备的	阴极射线管监视器： 可直接连接且设计用于税目 84.71的自动数据处理设备的	852842	阴极射线管监视器： / 可直接连接且设计用于税目	85	HS第85章	1260				none	0.0	unmapped
85284910	其他： 彩色的	其他： 彩色的	852849	阴极射线管监视器： / 其他	85	HS第85章	1260				none	0.0	unmapped
85284990	单色的	单色的	852849	阴极射线管监视器： / 其他	85	HS第85章	1260				none	0.0	unmapped
85285211	其他监视器： --可直接连接且设计用于税目 84.71的自动数据处理设备的： ---液晶的： 专用于或主要用于税目84.71 的自动数据处理设备的	其他监视器： --可直接连接且设计用于税目 84.71的自动数据处理设备的： ---液晶的： 专用于或主要用于税目84.71 的自动数据处理设备的	852852	其他监视器： / 可直接连接且设计用于税目 84.71的自动数据处理设备的	85	HS第85章	1260				none	0.0	unmapped
85285212	液晶的： 其他，彩色的	液晶的： 其他，彩色的	852852	其他监视器： / 可直接连接且设计用于税目 84.71的自动数据处理设备的	85	HS第85章	1260				none	0.0	unmapped
85285219	液晶的： 其他，单色的	液晶的： 其他，单色的	852852	其他监视器： / 可直接连接且设计用于税目 84.71的自动数据处理设备的	85	HS第85章	1261				none	0.0	unmapped
85285291	其他： 专用于或主要用于税目84.71 的自动数据处理设备的，彩色的	其他： 专用于或主要用于税目84.71 的自动数据处理设备的，彩色的	852852	其他监视器： / 可直接连接且设计用于税目 84.71的自动数据处理设备的	85	HS第85章	1261				none	0.0	unmapped
85285292	其他： 其他，彩色的	其他： 其他，彩色的	852852	其他监视器： / 可直接连接且设计用于税目 84.71的自动数据处理设备的	85	HS第85章	1261				none	0.0	unmapped
85285299	其他： 其他，单色的	其他： 其他，单色的	852852	其他监视器： / 可直接连接且设计用于税目 84.71的自动数据处理设备的	85	HS第85章	1261				none	0.0	unmapped
85285910	其他： 彩色的 航空器用显示器	其他： 彩色的 航空器用显示器	852859	其他监视器： / 其他	85	HS第85章	1261				none	0.0	unmapped
85285990	单色的	单色的	852859	其他监视器： / 其他	85	HS第85章	1261				none	0.0	unmapped
85286210	专用于或主要用于税目84.71的 自动数据处理设备的	专用于或主要用于税目84.71的 自动数据处理设备的	852862	投影机： / 可直接连接且设计用于税目 84.71的自动数据处理设备的	85	HS第85章	1262				none	0.0	unmapped
85286220	其他，彩色的	其他，彩色的	852862	投影机： / 可直接连接且设计用于税目 84.71的自动数据处理设备的	85	HS第85章	1262				none	0.0	unmapped
85286290	其他，单色的	其他，单色的	852862	投影机： / 可直接连接且设计用于税目 84.71的自动数据处理设备的	85	HS第85章	1262				none	0.0	unmapped
85286910	其他： 彩色的	其他： 彩色的	852869	投影机： / 其他	85	HS第85章	1262				none	0.0	unmapped
85286990	单色的	单色的	852869	投影机： / 其他	85	HS第85章	1262				none	0.0	unmapped
85287110	彩色卫星电视接收机	彩色卫星电视接收机	852871	电视接收装置，不论是否装有无 线电收音装置或声音、图像的录 制或重放装置： / 在设计上不带有视频显示器或 屏幕的	85	HS第85章	1263				none	0.0	unmapped
85287180	其他彩色的	其他彩色的	852871	电视接收装置，不论是否装有无 线电收音装置或声音、图像的录 制或重放装置： / 在设计上不带有视频显示器或 屏幕的	85	HS第85章	1263				none	0.0	unmapped
85287190	单色的	单色的	852871	电视接收装置，不论是否装有无 线电收音装置或声音、图像的录 制或重放装置： / 在设计上不带有视频显示器或 屏幕的	85	HS第85章	1263				none	0.0	unmapped
85287211	其他，彩色的： ---阴极射线显像管的： 模拟电视接收机	其他，彩色的： ---阴极射线显像管的： 模拟电视接收机	852872	电视接收装置，不论是否装有无 线电收音装置或声音、图像的录 制或重放装置： / 其他，彩色的	85	HS第85章	1263				none	0.0	unmapped
85287212	阴极射线显像管的： 数字电视接收机	阴极射线显像管的： 数字电视接收机	852872	电视接收装置，不论是否装有无 线电收音装置或声音、图像的录 制或重放装置： / 其他，彩色的	85	HS第85章	1263				none	0.0	unmapped
85287219	阴极射线显像管的： 其他	阴极射线显像管的： 其他	852872	电视接收装置，不论是否装有无 线电收音装置或声音、图像的录 制或重放装置： / 其他，彩色的	85	HS第85章	1263				none	0.0	unmapped
85287221	液晶显示器的： 模拟电视接收机	液晶显示器的： 模拟电视接收机	852872	电视接收装置，不论是否装有无 线电收音装置或声音、图像的录 制或重放装置： / 其他，彩色的	85	HS第85章	1263				none	0.0	unmapped
85287222	液晶显示器的： 数字电视接收机	液晶显示器的： 数字电视接收机	852872	电视接收装置，不论是否装有无 线电收音装置或声音、图像的录 制或重放装置： / 其他，彩色的	85	HS第85章	1264				none	0.0	unmapped
85287229	液晶显示器的： 其他	液晶显示器的： 其他	852872	电视接收装置，不论是否装有无 线电收音装置或声音、图像的录 制或重放装置： / 其他，彩色的	85	HS第85章	1264				none	0.0	unmapped
85287231	等离子显示器的： 模拟电视接收机	等离子显示器的： 模拟电视接收机	852872	电视接收装置，不论是否装有无 线电收音装置或声音、图像的录 制或重放装置： / 其他，彩色的	85	HS第85章	1264				none	0.0	unmapped
85287232	等离子显示器的： 数字电视接收机	等离子显示器的： 数字电视接收机	852872	电视接收装置，不论是否装有无 线电收音装置或声音、图像的录 制或重放装置： / 其他，彩色的	85	HS第85章	1264				none	0.0	unmapped
85287239	等离子显示器的： 其他	等离子显示器的： 其他	852872	电视接收装置，不论是否装有无 线电收音装置或声音、图像的录 制或重放装置： / 其他，彩色的	85	HS第85章	1264				none	0.0	unmapped
85287291	其他： 模拟电视接收机	其他： 模拟电视接收机	852872	电视接收装置，不论是否装有无 线电收音装置或声音、图像的录 制或重放装置： / 其他，彩色的	85	HS第85章	1264				none	0.0	unmapped
85287292	其他： 数字电视接收机	其他： 数字电视接收机	852872	电视接收装置，不论是否装有无 线电收音装置或声音、图像的录 制或重放装置： / 其他，彩色的	85	HS第85章	1264				none	0.0	unmapped
85287299	其他： 其他	其他： 其他	852872	电视接收装置，不论是否装有无 线电收音装置或声音、图像的录 制或重放装置： / 其他，彩色的	85	HS第85章	1264				none	0.0	unmapped
85287300	其他，单色的	其他，单色的	852873	电视接收装置，不论是否装有无 线电收音装置或声音、图像的录 制或重放装置： / 其他，单色的	85	HS第85章	1265				none	0.0	unmapped
85291010	各种天线或天线反射器及其零 件： 雷达设备及无线电导航设备用	各种天线或天线反射器及其零 件： 雷达设备及无线电导航设备用	852910	各种天线或天线反射器及其零 件	85	HS第85章	1265				none	0.0	unmapped
85291020	无线电收音机及其组合机、电 视接收机用	无线电收音机及其组合机、电 视接收机用	852910	各种天线或天线反射器及其零 件	85	HS第85章	1265				none	0.0	unmapped
85291090	其他	其他	852910	各种天线或天线反射器及其零 件	85	HS第85章	1265				none	0.0	unmapped
85299010	其他： 电视发送、差转设备及卫星电 视地面接收转播设备用	其他： 电视发送、差转设备及卫星电 视地面接收转播设备用	852990	其他	85	HS第85章	1265				none	0.0	unmapped
85299020	税目85.24所列设备用	税目85.24所列设备用	852990	其他	85	HS第85章	1265				none	0.0	unmapped
85299041	电视摄像机、视频摄录一体机 及数字照相机用： 特种用途的	电视摄像机、视频摄录一体机 及数字照相机用： 特种用途的	852990	其他	85	HS第85章	1265				none	0.0	unmapped
85299042	电视摄像机、视频摄录一体机 及数字照相机用： 非特种用途的取像模块	电视摄像机、视频摄录一体机 及数字照相机用： 非特种用途的取像模块	852990	其他	85	HS第85章	1266				none	0.0	unmapped
85299049	电视摄像机、视频摄录一体机 及数字照相机用： 其他	电视摄像机、视频摄录一体机 及数字照相机用： 其他	852990	其他	85	HS第85章	1266				none	0.0	unmapped
85299050	雷达设备及无线电导航设备用	雷达设备及无线电导航设备用	852990	其他	85	HS第85章	1266				none	0.0	unmapped
85299060	无线电收音机及其组合机用	无线电收音机及其组合机用	852990	其他	85	HS第85章	1266				none	0.0	unmapped
85299081	电视接收机用（高频调谐器除 外）： 彩色电视接收机用	电视接收机用（高频调谐器除 外）： 彩色电视接收机用	852990	其他	85	HS第85章	1266				none	0.0	unmapped
85299089	电视接收机用（高频调谐器除 外）： 其他	电视接收机用（高频调谐器除 外）： 其他	852990	其他	85	HS第85章	1266				none	0.0	unmapped
85299090	其他	其他	852990	其他	85	HS第85章	1266				none	0.0	unmapped
85301000	铁道或电车道用的设备	铁道或电车道用的设备	853010	铁道或电车道用的设备	85	HS第85章	1267				none	0.0	unmapped
85308000	其他设备	其他设备	853080	其他设备	85	HS第85章	1267				none	0.0	unmapped
85309000	零件	零件	853090	零件	85	HS第85章	1267				none	0.0	unmapped
85311000	防盗或防火报警器及类似装置	防盗或防火报警器及类似装置	853110	防盗或防火报警器及类似装置	85	HS第85章	1267				none	0.0	unmapped
85312000	装有液晶装置（LCD）或发光二 极管（LED）的显示板	装有液晶装置（LCD）或发光二 极管（LED）的显示板	853120	装有液晶装置（LCD）或发光二	85	HS第85章	1267				none	0.0	unmapped
85318010	其他装置： 蜂鸣器	其他装置： 蜂鸣器	853180	其他装置	85	HS第85章	1267				none	0.0	unmapped
85318090	其他	其他	853180	其他装置	85	HS第85章	1267				none	0.0	unmapped
85319010	防盗或防火报警器及类似装置 用	防盗或防火报警器及类似装置 用	853190	其他装置	85	HS第85章	1268				none	0.0	unmapped
85319090	其他	其他	853190	其他装置	85	HS第85章	1268				none	0.0	unmapped
85321000	固定电容器，用于50/60赫兹电 路，其额定无功功率不低于0.5千 乏（电力电容器）	固定电容器，用于50/60赫兹电 路，其额定无功功率不低于0.5千 乏（电力电容器）	853210	固定电容器，用于50/60赫兹电	85	HS第85章	1268				none	0.0	unmapped
85322110	其他固定电容器： --钽电容器： 片式	其他固定电容器： --钽电容器： 片式	853221	其他固定电容器： / 钽电容器	85	HS第85章	1268				none	0.0	unmapped
85322190	其他	其他	853221	其他固定电容器： / 钽电容器	85	HS第85章	1268				none	0.0	unmapped
85322210	铝电解电容器： 片式	铝电解电容器： 片式	853222	其他固定电容器： / 铝电解电容器	85	HS第85章	1268				none	0.0	unmapped
85322290	其他	其他	853222	其他固定电容器： / 铝电解电容器	85	HS第85章	1268				none	0.0	unmapped
85322300	单层瓷介电容器	单层瓷介电容器	853223	其他固定电容器： / 单层瓷介电容器	85	HS第85章	1268				none	0.0	unmapped
85322410	多层瓷介电容器： 片式	多层瓷介电容器： 片式	853224	其他固定电容器： / 多层瓷介电容器	85	HS第85章	1268				none	0.0	unmapped
85322490	其他	其他	853224	其他固定电容器： / 多层瓷介电容器	85	HS第85章	1269				none	0.0	unmapped
85322510	纸介质或塑料介质电容器： 片式	纸介质或塑料介质电容器： 片式	853225	其他固定电容器： / 纸介质或塑料介质电容器	85	HS第85章	1269				none	0.0	unmapped
85322590	其他	其他	853225	其他固定电容器： / 纸介质或塑料介质电容器	85	HS第85章	1269				none	0.0	unmapped
85322900	其他	其他	853229	其他固定电容器： / 其他	85	HS第85章	1269				none	0.0	unmapped
85323000	可变或可调（微调）电容器	可变或可调（微调）电容器	853230	可变或可调（微调）电容器	85	HS第85章	1269				none	0.0	unmapped
85329010	零件： 子目8532.1000所列电容器用	零件： 子目8532.1000所列电容器用	853290	零件	85	HS第85章	1269				none	0.0	unmapped
85329090	其他	其他	853290	零件	85	HS第85章	1269				none	0.0	unmapped
85331000	固定碳质电阻器，合成或薄膜式	固定碳质电阻器，合成或薄膜式	853310	固定碳质电阻器，合成或薄膜式	85	HS第85章	1269				none	0.0	unmapped
85332110	其他固定电阻器： --额定功率不超过20瓦： 片式	其他固定电阻器： --额定功率不超过20瓦： 片式	853321	其他固定电阻器： / 额定功率不超过20瓦	85	HS第85章	1269				none	0.0	unmapped
85332190	其他	其他	853321	其他固定电阻器： / 额定功率不超过20瓦	85	HS第85章	1269				none	0.0	unmapped
85332900	其他	其他	853329	其他固定电阻器： / 其他	85	HS第85章	1270				none	0.0	unmapped
85333100	线绕可变电阻器，包括变阻器及 电位器： 额定功率不超过20瓦	线绕可变电阻器，包括变阻器及 电位器： 额定功率不超过20瓦	853331	线绕可变电阻器，包括变阻器及 电位器： / 额定功率不超过20瓦	85	HS第85章	1270				none	0.0	unmapped
85333900	其他	其他	853339	线绕可变电阻器，包括变阻器及 电位器： / 其他	85	HS第85章	1270				none	0.0	unmapped
85334000	其他可变电阻器，包括变阻器及 电位器	其他可变电阻器，包括变阻器及 电位器	853340	其他可变电阻器，包括变阻器及	85	HS第85章	1270				none	0.0	unmapped
85339000	零件	零件	853390	零件	85	HS第85章	1270				none	0.0	unmapped
85340010	4层以上的	4层以上的	853400	印刷电路	85	HS第85章	1270				none	0.0	unmapped
85340090	其他	其他	853400	印刷电路	85	HS第85章	1270				none	0.0	unmapped
85351000	熔断器	熔断器	853510	熔断器	85	HS第85章	1270				none	0.0	unmapped
85352100	用于电压低于72.5千伏的线路	用于电压低于72.5千伏的线路	853521	自动断路器： / 用于电压低于72.5千伏的线路	85	HS第85章	1271				none	0.0	unmapped
85352910	其他： 用于电压在72.5千伏及以上，但 不高于220千伏的线路	其他： 用于电压在72.5千伏及以上，但 不高于220千伏的线路	853529	自动断路器： / 其他	85	HS第85章	1271				none	0.0	unmapped
85352920	用于电压高于220千伏，但不高 于750千伏的线路	用于电压高于220千伏，但不高 于750千伏的线路	853529	自动断路器： / 其他	85	HS第85章	1271				none	0.0	unmapped
85352990	其他	其他	853529	自动断路器： / 其他	85	HS第85章	1271				none	0.0	unmapped
85353010	隔离开关及断续开关： 用于电压在72.5千伏及以上，但 不高于220千伏的线路	隔离开关及断续开关： 用于电压在72.5千伏及以上，但 不高于220千伏的线路	853530	隔离开关及断续开关	85	HS第85章	1271	电气电料	低压电器	电气电料/低压电器	electrical-switch	0.84	candidate
85353020	用于电压高于220千伏，但不高 于750千伏的线路	用于电压高于220千伏，但不高 于750千伏的线路	853530	隔离开关及断续开关	85	HS第85章	1271				none	0.0	unmapped
85353090	其他	其他	853530	隔离开关及断续开关	85	HS第85章	1272				none	0.0	unmapped
85354000	避雷器、电压限幅器及电涌抑制 器	避雷器、电压限幅器及电涌抑制 器	853540	避雷器、电压限幅器及电涌抑制	85	HS第85章	1272				none	0.0	unmapped
85359000	其他 受电弓 250千米/小时及以上高速动车组 用高压电缆接头	其他 受电弓 250千米/小时及以上高速动车组 用高压电缆接头	853590	其他	85	HS第85章	1272			管材管件阀门/直接/接头 | 电气电料/电线电缆	ambiguous:pipe-fitting,electrical-cable	0.92	ambiguous
85361000	熔断器	熔断器	853610	熔断器	85	HS第85章	1272				none	0.0	unmapped
85362000	自动断路器	自动断路器	853620	自动断路器	85	HS第85章	1272	电气电料	低压电器	电气电料/低压电器	electrical-switch	0.84	candidate
85363000	其他电路保护装置	其他电路保护装置	853630	其他电路保护装置	85	HS第85章	1273				none	0.0	unmapped
85364110	继电器： --用于电压不超过60伏的线路： 用于电压不超过36伏的线路	继电器： --用于电压不超过60伏的线路： 用于电压不超过36伏的线路	853641	继电器： / 用于电压不超过60伏的线路	85	HS第85章	1273	电气电料	低压电器	电气电料/低压电器	electrical-switch	0.84	candidate
85364190	其他	其他	853641	继电器： / 用于电压不超过60伏的线路	85	HS第85章	1273				none	0.0	unmapped
85364900	其他	其他	853649	继电器： / 其他	85	HS第85章	1273				none	0.0	unmapped
85365000	其他开关	其他开关	853650	其他开关	85	HS第85章	1273	电气电料	低压电器	电气电料/低压电器	electrical-switch	0.84	candidate
85366100	灯座	灯座	853661	灯座、插头及插座： / 灯座	85	HS第85章	1274				none	0.0	unmapped
85366900	其他	其他	853669	灯座、插头及插座： / 其他	85	HS第85章	1274				none	0.0	unmapped
85367000	光导纤维、光导纤维束或光缆用 连接器	光导纤维、光导纤维束或光缆用 连接器	853670	光导纤维、光导纤维束或光缆用	85	HS第85章	1274				none	0.0	unmapped
85369011	其他装置： ---接插件： 工作电压不超过36伏的	其他装置： ---接插件： 工作电压不超过36伏的	853690	其他装置	85	HS第85章	1274				none	0.0	unmapped
85369019	接插件： 其他	接插件： 其他	853690	其他装置	85	HS第85章	1274				none	0.0	unmapped
85369090	其他	其他	853690	其他装置	85	HS第85章	1274				none	0.0	unmapped
85371011	用于电压不超过1000伏的线路： ---数控装置： 可编程序控制器 机床用可编程序控制器（PLC）	用于电压不超过1000伏的线路： ---数控装置： 可编程序控制器 机床用可编程序控制器（PLC）	853710	用于电压不超过1000伏的线路	85	HS第85章	1274				none	0.0	unmapped
85371019	数控装置： 其他 机床用数控单元（包括单独进口 的CNC操作单元）	数控装置： 其他 机床用数控单元（包括单独进口 的CNC操作单元）	853710	用于电压不超过1000伏的线路	85	HS第85章	1275				none	0.0	unmapped
85371090	其他 电梯用控制柜及控制柜专用印刷 电路板 飞机用控制模块	其他 电梯用控制柜及控制柜专用印刷 电路板 飞机用控制模块	853710	用于电压不超过1000伏的线路	85	HS第85章	1275				none	0.0	unmapped
85372010	用于电压超过1000伏的线路： 全封闭组合式高压开关装置， 用于电压在500千伏及以上的线 路	用于电压超过1000伏的线路： 全封闭组合式高压开关装置， 用于电压在500千伏及以上的线 路	853720	用于电压超过1000伏的线路	85	HS第85章	1275	电气电料	低压电器	电气电料/低压电器	electrical-switch	0.84	candidate
85372090	其他	其他	853720	用于电压超过1000伏的线路	85	HS第85章	1275				none	0.0	unmapped
85381010	税目85.37所列货品用的盘、板、 台、柜及其他基座，但未装有关 装置： 子目8537.2010所列货品用	税目85.37所列货品用的盘、板、 台、柜及其他基座，但未装有关 装置： 子目8537.2010所列货品用	853810	税目85.37所列货品用的盘、板、 台、柜及其他基座，但未装有关 装置	85	HS第85章	1275				none	0.0	unmapped
85381090	其他	其他	853810	税目85.37所列货品用的盘、板、 台、柜及其他基座，但未装有关 装置	85	HS第85章	1276				none	0.0	unmapped
85389000	其他	其他	853890	其他	85	HS第85章	1276				none	0.0	unmapped
85391000	封闭式聚光灯	封闭式聚光灯	853910	封闭式聚光灯	85	HS第85章	1276				none	0.0	unmapped
85392110	其他白炽灯泡，但不包括紫外线 灯管或红外线灯泡： --卤钨灯： 科研、医疗专用	其他白炽灯泡，但不包括紫外线 灯管或红外线灯泡： --卤钨灯： 科研、医疗专用	853921	其他白炽灯泡，但不包括紫外线 灯管或红外线灯泡： / 卤钨灯	85	HS第85章	1276				none	0.0	unmapped
85392120	火车、航空器及船舶用	火车、航空器及船舶用	853921	其他白炽灯泡，但不包括紫外线 灯管或红外线灯泡： / 卤钨灯	85	HS第85章	1276				none	0.0	unmapped
85392130	机动车辆用	机动车辆用	853921	其他白炽灯泡，但不包括紫外线 灯管或红外线灯泡： / 卤钨灯	85	HS第85章	1276				none	0.0	unmapped
85392190	其他	其他	853921	其他白炽灯泡，但不包括紫外线 灯管或红外线灯泡： / 卤钨灯	85	HS第85章	1277				none	0.0	unmapped
85392210	其他灯，功率不超过200瓦，但 额定电压超过100伏： 科研、医疗专用	其他灯，功率不超过200瓦，但 额定电压超过100伏： 科研、医疗专用	853922	其他白炽灯泡，但不包括紫外线 灯管或红外线灯泡： / 其他灯，功率不超过200瓦，但 额定电压超过100伏	85	HS第85章	1277				none	0.0	unmapped
85392290	其他	其他	853922	其他白炽灯泡，但不包括紫外线 灯管或红外线灯泡： / 其他灯，功率不超过200瓦，但 额定电压超过100伏	85	HS第85章	1277				none	0.0	unmapped
85392910	其他： 科研、医疗专用	其他： 科研、医疗专用	853929	其他白炽灯泡，但不包括紫外线 灯管或红外线灯泡： / 其他	85	HS第85章	1277				none	0.0	unmapped
85392920	火车、航空器及船舶用	火车、航空器及船舶用	853929	其他白炽灯泡，但不包括紫外线 灯管或红外线灯泡： / 其他	85	HS第85章	1277				none	0.0	unmapped
85392930	机动车辆用	机动车辆用	853929	其他白炽灯泡，但不包括紫外线 灯管或红外线灯泡： / 其他	85	HS第85章	1277				none	0.0	unmapped
85392991	其他： 12伏及以下的	其他： 12伏及以下的	853929	其他白炽灯泡，但不包括紫外线 灯管或红外线灯泡： / 其他	85	HS第85章	1277				none	0.0	unmapped
85392999	其他： 其他	其他： 其他	853929	其他白炽灯泡，但不包括紫外线 灯管或红外线灯泡： / 其他	85	HS第85章	1277				none	0.0	unmapped
85393110	科研、医疗专用	科研、医疗专用	853931	放电灯管，但紫外线灯管除外	85	HS第85章	1278				none	0.0	unmapped
85393120	火车、航空器及船舶用	火车、航空器及船舶用	853931	放电灯管，但紫外线灯管除外	85	HS第85章	1278				none	0.0	unmapped
85393191	其他： 紧凑型	其他： 紧凑型	853931	放电灯管，但紫外线灯管除外	85	HS第85章	1278				none	0.0	unmapped
85393199	其他： 其他	其他： 其他	853931	放电灯管，但紫外线灯管除外	85	HS第85章	1278				none	0.0	unmapped
85393230	汞或钠蒸气灯；金属卤化物灯： 钠蒸气灯	汞或钠蒸气灯；金属卤化物灯： 钠蒸气灯	853932	放电灯管，但紫外线灯管除外： / 汞或钠蒸气灯；金属卤化物灯	85	HS第85章	1278				none	0.0	unmapped
85393240	汞蒸气灯 税目84.86项下光刻设备用超高压 汞灯	汞蒸气灯 税目84.86项下光刻设备用超高压 汞灯	853932	放电灯管，但紫外线灯管除外： / 汞或钠蒸气灯；金属卤化物灯	85	HS第85章	1278				none	0.0	unmapped
85393290	其他	其他	853932	放电灯管，但紫外线灯管除外： / 汞或钠蒸气灯；金属卤化物灯	85	HS第85章	1279				none	0.0	unmapped
85393910	其他： 科研、医疗专用	其他： 科研、医疗专用	853939	放电灯管，但紫外线灯管除外： / 其他	85	HS第85章	1279				none	0.0	unmapped
85393920	火车、航空器及船舶用	火车、航空器及船舶用	853939	放电灯管，但紫外线灯管除外： / 其他	85	HS第85章	1279				none	0.0	unmapped
85393990	其他 用于平板显示器背光源的冷阴极 管荧光灯	其他 用于平板显示器背光源的冷阴极 管荧光灯	853939	放电灯管，但紫外线灯管除外： / 其他	85	HS第85章	1279				none	0.0	unmapped
85394100	紫外线灯管或红外线灯泡；弧光 灯： 弧光灯	紫外线灯管或红外线灯泡；弧光 灯： 弧光灯	853941	紫外线灯管或红外线灯泡；弧光 灯： / 弧光灯	85	HS第85章	1279				none	0.0	unmapped
85394900	其他	其他	853949	紫外线灯管或红外线灯泡；弧光 灯： / 其他	85	HS第85章	1279				none	0.0	unmapped
85395100	发光二极管（LED）光源： 发光二极管（LED）模块	发光二极管（LED）光源： 发光二极管（LED）模块	853951	发光二极管（LED）光源： / 发光二极管（LED）模块	85	HS第85章	1279				none	0.0	unmapped
85395210	发光二极管（LED）灯泡	发光二极管（LED）灯泡	853952	发光二极管（LED）光源： / 发光二极管（LED）灯泡（管）	85	HS第85章	1280				none	0.0	unmapped
85395220	发光二极管（LED）灯管	发光二极管（LED）灯管	853952	发光二极管（LED）光源： / 发光二极管（LED）灯泡（管）	85	HS第85章	1280				none	0.0	unmapped
85399010	零件： 发光二极管（LED）模块的	零件： 发光二极管（LED）模块的	853990	零件	85	HS第85章	1280				none	0.0	unmapped
85399090	其他	其他	853990	零件	85	HS第85章	1280				none	0.0	unmapped
85401100	阴极射线电视显像管，包括视频 监视器用阴极射线管： 彩色的	阴极射线电视显像管，包括视频 监视器用阴极射线管： 彩色的	854011	阴极射线电视显像管，包括视频 监视器用阴极射线管： / 彩色的	85	HS第85章	1280				none	0.0	unmapped
85401200	单色的	单色的	854012	阴极射线电视显像管，包括视频 监视器用阴极射线管： / 单色的	85	HS第85章	1281				none	0.0	unmapped
85402010	电视摄像管；变像管及图像增强 管；其他光阴极管： 电视摄像管	电视摄像管；变像管及图像增强 管；其他光阴极管： 电视摄像管	854020	电视摄像管；变像管及图像增强 管；其他光阴极管	85	HS第85章	1281				none	0.0	unmapped
85402090	其他	其他	854020	电视摄像管；变像管及图像增强 管；其他光阴极管	85	HS第85章	1281				none	0.0	unmapped
85404010	单色的数据/图形显示管；彩色的 数据/图形显示管，屏幕荧光点间 距小于0.4毫米： 彩色的数据/图形显示管，屏幕 荧光点间距小于0.4毫米	单色的数据/图形显示管；彩色的 数据/图形显示管，屏幕荧光点间 距小于0.4毫米： 彩色的数据/图形显示管，屏幕 荧光点间距小于0.4毫米	854040	单色的数据 / 图形显示管；彩色的 数据 / 图形显示管，屏幕荧光点间 距小于0.4毫米	85	HS第85章	1281				none	0.0	unmapped
85404020	单色的数据/图形显示管	单色的数据/图形显示管	854040	单色的数据 / 图形显示管；彩色的 数据 / 图形显示管，屏幕荧光点间 距小于0.4毫米	85	HS第85章	1281				none	0.0	unmapped
85406010	其他阴极射线管： 雷达显示管	其他阴极射线管： 雷达显示管	854060	其他阴极射线管	85	HS第85章	1281				none	0.0	unmapped
85406090	其他	其他	854060	其他阴极射线管	85	HS第85章	1282				none	0.0	unmapped
85407100	微波管（例如，磁控管、速调管、 行波管、返波管），但不包括栅控 管： 磁控管 医用直线加速器用磁控管	微波管（例如，磁控管、速调管、 行波管、返波管），但不包括栅控 管： 磁控管 医用直线加速器用磁控管	854071	微波管（例如，磁控管、速调管、 行波管、返波管），但不包括栅控 管： / 磁控管	85	HS第85章	1282				none	0.0	unmapped
85407910	其他： 速调管	其他： 速调管	854079	微波管（例如，磁控管、速调管、 行波管、返波管），但不包括栅控 管： / 其他	85	HS第85章	1282				none	0.0	unmapped
85407990	其他	其他	854079	微波管（例如，磁控管、速调管、 行波管、返波管），但不包括栅控 管： / 其他	85	HS第85章	1282				none	0.0	unmapped
85408100	其他管： 接收管或放大管	其他管： 接收管或放大管	854081	其他管： / 接收管或放大管	85	HS第85章	1282				none	0.0	unmapped
85408900	其他	其他	854089	其他管： / 其他	85	HS第85章	1282				none	0.0	unmapped
85409110	电视显像管用	电视显像管用	854091	零件： / 阴极射线管用	85	HS第85章	1283				none	0.0	unmapped
85409120	雷达显示管用	雷达显示管用	854091	零件： / 阴极射线管用	85	HS第85章	1283				none	0.0	unmapped
85409190	其他	其他	854091	零件： / 阴极射线管用	85	HS第85章	1283				none	0.0	unmapped
85409910	其他： 电视摄像管用	其他： 电视摄像管用	854099	零件： / 其他	85	HS第85章	1283				none	0.0	unmapped
85409990	其他	其他	854099	零件： / 其他	85	HS第85章	1283				none	0.0	unmapped
85411000	二极管，但光敏二极管或发光二 极管除外	二极管，但光敏二极管或发光二 极管除外	854110	二极管，但光敏二极管或发光二	85	HS第85章	1283				none	0.0	unmapped
85412100	晶体管，但光敏晶体管除外： 耗散功率小于1瓦的	晶体管，但光敏晶体管除外： 耗散功率小于1瓦的	854121	晶体管，但光敏晶体管除外： / 耗散功率小于1瓦的	85	HS第85章	1283				none	0.0	unmapped
85412900	其他	其他	854129	晶体管，但光敏晶体管除外： / 其他	85	HS第85章	1283				none	0.0	unmapped
85413000	半导体开关元件、两端交流开关 元件及三端双向可控硅开关元 件，但光敏器件除外	半导体开关元件、两端交流开关 元件及三端双向可控硅开关元 件，但光敏器件除外	854130	半导体开关元件、两端交流开关	85	HS第85章	1284	电气电料	低压电器	电气电料/低压电器	electrical-switch	0.84	candidate
85414100	光敏半导体器件，包括不论是否 装在组件内或组装成块的光电 池；发光二极管： 发光二极管（LED）	光敏半导体器件，包括不论是否 装在组件内或组装成块的光电 池；发光二极管： 发光二极管（LED）	854141	光敏半导体器件，包括不论是否 装在组件内或组装成块的光电 池；发光二极管： / 发光二极管（LED）	85	HS第85章	1284				none	0.0	unmapped
85414200	未装在组件内或组装成块的光 电池	未装在组件内或组装成块的光 电池	854142	光敏半导体器件，包括不论是否 装在组件内或组装成块的光电 池；发光二极管： / 未装在组件内或组装成块的光	85	HS第85章	1284				none	0.0	unmapped
85414300	已装在组件内或组装成块的光 电池	已装在组件内或组装成块的光 电池	854143	光敏半导体器件，包括不论是否 装在组件内或组装成块的光电 池；发光二极管： / 已装在组件内或组装成块的光	85	HS第85章	1284				none	0.0	unmapped
85414900	其他	其他	854149	光敏半导体器件，包括不论是否 装在组件内或组装成块的光电 池；发光二极管： / 其他	85	HS第85章	1284				none	0.0	unmapped
85415111	其他半导体器件： --半导体基换能器： ---传感器： 检测湿度、气压及其组合指标 的	其他半导体器件： --半导体基换能器： ---传感器： 检测湿度、气压及其组合指标 的	854151	其他半导体器件： / 半导体基换能器	85	HS第85章	1284				none	0.0	unmapped
85415112	传感器： 用于检测温度、电量、理化指 标的；利用光学检测其他指标的	传感器： 用于检测温度、电量、理化指 标的；利用光学检测其他指标的	854151	其他半导体器件： / 半导体基换能器	85	HS第85章	1284				none	0.0	unmapped
85415113	传感器： 液体或气体的流量、液位、压 力或其他变化量的	传感器： 液体或气体的流量、液位、压 力或其他变化量的	854151	其他半导体器件： / 半导体基换能器	85	HS第85章	1284				none	0.0	unmapped
85415119	传感器： 其他	传感器： 其他	854151	其他半导体器件： / 半导体基换能器	85	HS第85章	1284				none	0.0	unmapped
85415121	传感器： 电动机	传感器： 电动机	854151	其他半导体器件： / 半导体基换能器	85	HS第85章	1285				none	0.0	unmapped
85415129	传感器： 其他	传感器： 其他	854151	其他半导体器件： / 半导体基换能器	85	HS第85章	1285				none	0.0	unmapped
85415130	振荡器	振荡器	854151	其他半导体器件： / 半导体基换能器	85	HS第85章	1285				none	0.0	unmapped
85415140	谐振器 半导体基滤波器	谐振器 半导体基滤波器	854151	其他半导体器件： / 半导体基换能器	85	HS第85章	1285				none	0.0	unmapped
85415900	其他	其他	854159	其他半导体器件： / 其他	85	HS第85章	1285				none	0.0	unmapped
85416000	已装配的压电晶体	已装配的压电晶体	854160	已装配的压电晶体	85	HS第85章	1285				none	0.0	unmapped
85419000	零件	零件	854190	零件	85	HS第85章	1285				none	0.0	unmapped
85423111	具有变流功能的半导体模块	具有变流功能的半导体模块	854231	集成电路	85	HS第85章	1286				none	0.0	unmapped
85423119	其他	其他	854231	集成电路	85	HS第85章	1286				none	0.0	unmapped
85423190	其他	其他	854231	集成电路	85	HS第85章	1286				none	0.0	unmapped
85423210	存储器： 多元件集成电路	存储器： 多元件集成电路	854232	集成电路： / 存储器	85	HS第85章	1286				none	0.0	unmapped
85423290	其他	其他	854232	集成电路： / 存储器	85	HS第85章	1286				none	0.0	unmapped
85423310	放大器： 多元件集成电路	放大器： 多元件集成电路	854233	集成电路： / 放大器	85	HS第85章	1286				none	0.0	unmapped
85423390	其他	其他	854233	集成电路： / 放大器	85	HS第85章	1286				none	0.0	unmapped
85423910	其他： 多元件集成电路	其他： 多元件集成电路	854239	集成电路： / 其他	85	HS第85章	1286				none	0.0	unmapped
85423990	其他	其他	854239	集成电路： / 其他	85	HS第85章	1286				none	0.0	unmapped
85429000	零件	零件	854290	零件	85	HS第85章	1287				none	0.0	unmapped
85431000	粒子加速器	粒子加速器	854310	粒子加速器	85	HS第85章	1287				none	0.0	unmapped
85432010	信号发生器： 输出信号频率在1500兆赫兹以 下的通用信号发生器	信号发生器： 输出信号频率在1500兆赫兹以 下的通用信号发生器	854320	信号发生器	85	HS第85章	1287				none	0.0	unmapped
85432090	其他	其他	854320	信号发生器	85	HS第85章	1287				none	0.0	unmapped
85433000	电镀、电解或电泳设备及装置	电镀、电解或电泳设备及装置	854330	电镀、电解或电泳设备及装置	85	HS第85章	1287				none	0.0	unmapped
85434000	电子烟及类似的个人电子雾化 设备	电子烟及类似的个人电子雾化 设备	854340	电子烟及类似的个人电子雾化	85	HS第85章	1287				none	0.0	unmapped
85437091	其他设备及装置： ---其他设备及装置： 金属、矿藏探测器	其他设备及装置： ---其他设备及装置： 金属、矿藏探测器	854370	其他设备及装置	85	HS第85章	1287				none	0.0	unmapped
85437092	其他设备及装置： 高、中频放大器	其他设备及装置： 高、中频放大器	854370	其他设备及装置	85	HS第85章	1287				none	0.0	unmapped
85437093	其他设备及装置： 电篱网激发器	其他设备及装置： 电篱网激发器	854370	其他设备及装置	85	HS第85章	1288				none	0.0	unmapped
85437099	其他设备及装置： 其他	其他设备及装置： 其他	854370	其他设备及装置	85	HS第85章	1288				none	0.0	unmapped
85439010	零件： 粒子加速器用	零件： 粒子加速器用	854390	零件	85	HS第85章	1288				none	0.0	unmapped
85439021	信号发生器用： 输出信号频率在1500兆赫兹 以下的通用信号发生器用	信号发生器用： 输出信号频率在1500兆赫兹 以下的通用信号发生器用	854390	零件	85	HS第85章	1288				none	0.0	unmapped
85439029	信号发生器用： 其他	信号发生器用： 其他	854390	零件	85	HS第85章	1288				none	0.0	unmapped
85439030	金属、矿藏探测器用	金属、矿藏探测器用	854390	零件	85	HS第85章	1288				none	0.0	unmapped
85439040	高、中频放大器用	高、中频放大器用	854390	零件	85	HS第85章	1288				none	0.0	unmapped
85439090	其他	其他	854390	零件	85	HS第85章	1288				none	0.0	unmapped
85441100	铜制	铜制	854411	绕组电线： / 铜制	85	HS第85章	1289				none	0.0	unmapped
85441900	其他	其他	854419	绕组电线： / 其他	85	HS第85章	1289				none	0.0	unmapped
85442000	同轴电缆及其他同轴电导体	同轴电缆及其他同轴电导体	854420	同轴电缆及其他同轴电导体	85	HS第85章	1289	电气电料	电线电缆	电气电料/电线电缆	electrical-cable	0.92	candidate
85443020	车辆、航空器、船舶用点火布线 组及其他布线组： 机动车辆用	车辆、航空器、船舶用点火布线 组及其他布线组： 机动车辆用	854430	车辆、航空器、船舶用点火布线 组及其他布线组	85	HS第85章	1289				none	0.0	unmapped
85443090	其他	其他	854430	车辆、航空器、船舶用点火布线 组及其他布线组	85	HS第85章	1289				none	0.0	unmapped
85444211	额定电压不超过80伏： 电缆	额定电压不超过80伏： 电缆	854442	其他电导体，额定电压不超过 1000伏： / 有接头	85	HS第85章	1290	电气电料	电线电缆	电气电料/电线电缆	electrical-cable	0.92	candidate
85444219	额定电压不超过80伏： 其他	额定电压不超过80伏： 其他	854442	其他电导体，额定电压不超过 1000伏： / 有接头	85	HS第85章	1290				none	0.0	unmapped
85444221	额定电压超过80伏，但不超过 1000伏： 电缆	额定电压超过80伏，但不超过 1000伏： 电缆	854442	其他电导体，额定电压不超过 1000伏： / 有接头	85	HS第85章	1290	电气电料	电线电缆	电气电料/电线电缆	electrical-cable	0.92	candidate
85444229	额定电压超过80伏，但不超过 1000伏： 其他	额定电压超过80伏，但不超过 1000伏： 其他	854442	其他电导体，额定电压不超过 1000伏： / 有接头	85	HS第85章	1290				none	0.0	unmapped
85444911	其他： ---额定电压不超过80伏： 电缆	其他： ---额定电压不超过80伏： 电缆	854449	其他电导体，额定电压不超过 1000伏： / 其他	85	HS第85章	1290	电气电料	电线电缆	电气电料/电线电缆	electrical-cable	0.92	candidate
85444919	额定电压不超过80伏： 其他	额定电压不超过80伏： 其他	854449	其他电导体，额定电压不超过 1000伏： / 其他	85	HS第85章	1290				none	0.0	unmapped
85444921	额定电压超过80伏，但不超过 1000伏： 电缆	额定电压超过80伏，但不超过 1000伏： 电缆	854449	其他电导体，额定电压不超过 1000伏： / 其他	85	HS第85章	1290	电气电料	电线电缆	电气电料/电线电缆	electrical-cable	0.92	candidate
85444929	额定电压超过80伏，但不超过 1000伏： 其他	额定电压超过80伏，但不超过 1000伏： 其他	854449	其他电导体，额定电压不超过 1000伏： / 其他	85	HS第85章	1290				none	0.0	unmapped
85446012	电缆： 额定电压不超过35千伏 250千米/小时及以上高速动车组 用高压电缆	电缆： 额定电压不超过35千伏 250千米/小时及以上高速动车组 用高压电缆	854460	其他电导体，额定电压超过1000 伏	85	HS第85章	1291	电气电料	电线电缆	电气电料/电线电缆	electrical-cable	0.92	candidate
85446013	电缆： 额定电压超过35千伏，但不超 过110千伏	电缆： 额定电压超过35千伏，但不超 过110千伏	854460	其他电导体，额定电压超过1000 伏	85	HS第85章	1291	电气电料	电线电缆	电气电料/电线电缆	electrical-cable	0.92	candidate
85446014	电缆： 额定电压超过110千伏，但不 超过220千伏	电缆： 额定电压超过110千伏，但不 超过220千伏	854460	其他电导体，额定电压超过1000 伏	85	HS第85章	1291	电气电料	电线电缆	电气电料/电线电缆	electrical-cable	0.92	candidate
85446019	电缆： 其他	电缆： 其他	854460	其他电导体，额定电压超过1000 伏	85	HS第85章	1291	电气电料	电线电缆	电气电料/电线电缆	electrical-cable	0.92	candidate
85446090	其他 额定电压为500千伏及以上的气 体绝缘金属封闭输电线	其他 额定电压为500千伏及以上的气 体绝缘金属封闭输电线	854460	其他电导体，额定电压超过1000 伏	85	HS第85章	1291	电气电料	电线电缆	电气电料/电线电缆	electrical-cable	0.92	candidate
85447000	光缆	光缆	854470	光缆	85	HS第85章	1291				none	0.0	unmapped
85451100	炉用	炉用	854511	碳电极： / 炉用	85	HS第85章	1292				none	0.0	unmapped
85451900	其他 燃料电池用碳电极片	其他 燃料电池用碳电极片	854519	碳电极： / 其他	85	HS第85章	1292				none	0.0	unmapped
85452000	碳刷	碳刷	854520	碳刷	85	HS第85章	1292				none	0.0	unmapped
85459000	其他	其他	854590	其他	85	HS第85章	1292				none	0.0	unmapped
85461000	玻璃制	玻璃制	854610	玻璃制	85	HS第85章	1292				none	0.0	unmapped
85462010	输变电线路绝缘瓷套管	输变电线路绝缘瓷套管	854620	陶瓷制	85	HS第85章	1293	电气电料	电线电缆	电气电料/电线电缆	electrical-cable	0.92	candidate
85462090	其他 输变电架空线路用长棒形瓷绝缘 子瓷件(单支长度为1-2米,实芯)	其他 输变电架空线路用长棒形瓷绝缘 子瓷件(单支长度为1-2米,实芯)	854620	陶瓷制	85	HS第85章	1293				none	0.0	unmapped
85469000	其他	其他	854690	其他	85	HS第85章	1293				none	0.0	unmapped
85471000	陶瓷制绝缘零件	陶瓷制绝缘零件	854710	陶瓷制绝缘零件	85	HS第85章	1293				none	0.0	unmapped
85472000	塑料制绝缘零件	塑料制绝缘零件	854720	塑料制绝缘零件	85	HS第85章	1293				none	0.0	unmapped
85479010	内衬绝缘材料的贱金属制线路 导管及其接头	内衬绝缘材料的贱金属制线路 导管及其接头	854790	其他	85	HS第85章	1294	管材管件阀门	直接/接头	管材管件阀门/直接/接头	pipe-fitting	0.72	candidate
85479090	其他	其他	854790	其他	85	HS第85章	1294				none	0.0	unmapped
85480000	机器或设备的本章其他税目未列 名的电气零件 电磁干扰滤波器 非电磁干扰滤波器 触摸感应数据输入装置(即触摸 屏)无显示的性能，安装于有显示 屏的设备中，通过检测显示区域 内触摸动作的发生及位置进行工 作。触摸感应可通过电阻、静电 电容、声学脉冲识别、红外光或 其他触摸感应技术来获得	机器或设备的本章其他税目未列 名的电气零件 电磁干扰滤波器 非电磁干扰滤波器 触摸感应数据输入装置(即触摸 屏)无显示的性能，安装于有显示 屏的设备中，通过检测显示区域 内触摸动作的发生及位置进行工 作。触摸感应可通过电阻、静电 电容、声学脉冲识别、红外光或 其他触摸感应技术来获得	854800	机器或设备的本章其他税目未列 名的电气零件	85	HS第85章	1294				none	0.0	unmapped
85491100	原电池、原电池组及蓄电池的废 物、废料；废原电池、废原电池 组及废蓄电池： 铅酸蓄电池的废物、废料；废铅 酸蓄电池	原电池、原电池组及蓄电池的废 物、废料；废原电池、废原电池 组及废蓄电池： 铅酸蓄电池的废物、废料；废铅 酸蓄电池	854911	原电池、原电池组及蓄电池的废 物、废料；废原电池、废原电池 组及废蓄电池： / 铅酸蓄电池的废物、废料；废铅	85	HS第85章	1294				none	0.0	unmapped
85491200	其他，含铅、镉或汞的	其他，含铅、镉或汞的	854912	原电池、原电池组及蓄电池的废 物、废料；废原电池、废原电池 组及废蓄电池： / 其他，含铅、镉或汞的	85	HS第85章	1294				none	0.0	unmapped
85491300	按化学类型分拣且不含铅、镉或 汞的	按化学类型分拣且不含铅、镉或 汞的	854913	原电池、原电池组及蓄电池的废 物、废料；废原电池、废原电池 组及废蓄电池： / 按化学类型分拣且不含铅、镉或	85	HS第85章	1295				none	0.0	unmapped
85491400	未分拣且不含铅、镉或汞的	未分拣且不含铅、镉或汞的	854914	原电池、原电池组及蓄电池的废 物、废料；废原电池、废原电池 组及废蓄电池： / 未分拣且不含铅、镉或汞的	85	HS第85章	1295				none	0.0	unmapped
85491900	其他	其他	854919	原电池、原电池组及蓄电池的废 物、废料；废原电池、废原电池 组及废蓄电池： / 其他	85	HS第85章	1295				none	0.0	unmapped
85492100	主要用于回收贵金属的： 含有原电池、原电池组、蓄电池、 汞开关、源于阴极射线管的玻璃 或其他活化玻璃，或含有镉、汞、 铅或多氯联苯（PCBs）的电气或 电子元件	主要用于回收贵金属的： 含有原电池、原电池组、蓄电池、 汞开关、源于阴极射线管的玻璃 或其他活化玻璃，或含有镉、汞、 铅或多氯联苯（PCBs）的电气或 电子元件	854921	主要用于回收贵金属的： / 含有原电池、原电池组、蓄电池、	85	HS第85章	1295	电气电料	低压电器	电气电料/低压电器	electrical-switch	0.84	candidate
85492900	其他	其他	854929	主要用于回收贵金属的： / 其他	85	HS第85章	1295				none	0.0	unmapped
85493100	其他电气、电子组件及印刷电路 板： 含有原电池、原电池组、蓄电池、 汞开关、源于阴极射线管的玻璃 或其他活化玻璃，或含有镉、汞、 铅或多氯联苯（PCBs）的电气或 电子元件	其他电气、电子组件及印刷电路 板： 含有原电池、原电池组、蓄电池、 汞开关、源于阴极射线管的玻璃 或其他活化玻璃，或含有镉、汞、 铅或多氯联苯（PCBs）的电气或 电子元件	854931	其他电气、电子组件及印刷电路 板： / 含有原电池、原电池组、蓄电池、	85	HS第85章	1295	电气电料	低压电器	电气电料/低压电器	electrical-switch	0.84	candidate
85493900	其他	其他	854939	其他电气、电子组件及印刷电路 板： / 其他	85	HS第85章	1296				none	0.0	unmapped
85499100	其他： 含有原电池、原电池组、蓄电池、 汞开关、源于阴极射线管的玻璃 或其他活化玻璃，或含有镉、汞、 铅或多氯联苯（PCBs）的电气或 电子元件	其他： 含有原电池、原电池组、蓄电池、 汞开关、源于阴极射线管的玻璃 或其他活化玻璃，或含有镉、汞、 铅或多氯联苯（PCBs）的电气或 电子元件	854991	其他： / 含有原电池、原电池组、蓄电池、	85	HS第85章	1296	电气电料	低压电器	电气电料/低压电器	electrical-switch	0.84	candidate
85499900	其他	其他	854999	其他： / 其他	85	HS第85章	1296				none	0.0	unmapped
86011011	由外部电力驱动： ---直流电机驱动的： 微型机控制的	由外部电力驱动： ---直流电机驱动的： 微型机控制的	860110	由外部电力驱动	86	HS第86章	1298				none	0.0	unmapped
86011019	直流电机驱动的： 其他	直流电机驱动的： 其他	860110	由外部电力驱动	86	HS第86章	1298				none	0.0	unmapped
86011020	交流电机驱动的	交流电机驱动的	860110	由外部电力驱动	86	HS第86章	1298				none	0.0	unmapped
86011090	其他	其他	860110	由外部电力驱动	86	HS第86章	1298				none	0.0	unmapped
86012000	由蓄电池驱动	由蓄电池驱动	860120	由蓄电池驱动	86	HS第86章	1298				none	0.0	unmapped
86021010	微型机控制的	微型机控制的	860210	柴油电力机车	86	HS第86章	1299				none	0.0	unmapped
86021090	其他	其他	860210	柴油电力机车	86	HS第86章	1299				none	0.0	unmapped
86029000	其他	其他	860290	其他	86	HS第86章	1299				none	0.0	unmapped
86031000	由外部电力驱动	由外部电力驱动	860310	由外部电力驱动	86	HS第86章	1299				none	0.0	unmapped
86039000	其他	其他	860390	其他	86	HS第86章	1299				none	0.0	unmapped
86040011	检验车及查道车： 隧道限界检查车	检验车及查道车： 隧道限界检查车	860400	铁道或电车道用的维修或服务 车，不论是否机动（例如，工场 车、起重机车、道碴捣固车、轨 道校正车、检验车及查道车）	86	HS第86章	1299				none	0.0	unmapped
86040012	检验车及查道车： 钢轨在线打磨列车	检验车及查道车： 钢轨在线打磨列车	860400	铁道或电车道用的维修或服务 车，不论是否机动（例如，工场 车、起重机车、道碴捣固车、轨 道校正车、检验车及查道车）	86	HS第86章	1299				none	0.0	unmapped
86040019	检验车及查道车： 其他	检验车及查道车： 其他	860400	铁道或电车道用的维修或服务 车，不论是否机动（例如，工场 车、起重机车、道碴捣固车、轨 道校正车、检验车及查道车）	86	HS第86章	1299				none	0.0	unmapped
86040091	其他： 电气化接触网架线机（轨行 式）	其他： 电气化接触网架线机（轨行 式）	860400	铁道或电车道用的维修或服务 车，不论是否机动（例如，工场 车、起重机车、道碴捣固车、轨 道校正车、检验车及查道车）	86	HS第86章	1300				none	0.0	unmapped
86040099	其他： 其他	其他： 其他	860400	铁道或电车道用的维修或服务 车，不论是否机动（例如，工场 车、起重机车、道碴捣固车、轨 道校正车、检验车及查道车）	86	HS第86章	1300				none	0.0	unmapped
86050010	铁道客车	铁道客车	860500	铁道或电车道用的非机动客车； 行李车、邮政车和其他铁道或电 车道用的非机动特殊用途车辆 （税目86.04的货品除外）	86	HS第86章	1300				none	0.0	unmapped
86050090	其他	其他	860500	铁道或电车道用的非机动客车； 行李车、邮政车和其他铁道或电 车道用的非机动特殊用途车辆 （税目86.04的货品除外）	86	HS第86章	1300				none	0.0	unmapped
86061000	油罐货车及类似车	油罐货车及类似车	860610	油罐货车及类似车	86	HS第86章	1300				none	0.0	unmapped
86063000	自卸货车，但子目8606.1000的货 品除外	自卸货车，但子目8606.1000的货 品除外	860630	自卸货车，但子目8606.1000的货	86	HS第86章	1300				none	0.0	unmapped
86069100	其他： 带篷及封闭的	其他： 带篷及封闭的	860691	其他： / 带篷及封闭的	86	HS第86章	1300				none	0.0	unmapped
86069200	敞篷的，厢壁固定且高度超过60 厘米	敞篷的，厢壁固定且高度超过60 厘米	860692	其他： / 敞篷的，厢壁固定且高度超过60	86	HS第86章	1300				none	0.0	unmapped
86069900	其他	其他	860699	其他： / 其他	86	HS第86章	1300				none	0.0	unmapped
86071100	驾驶转向架	驾驶转向架	860711	转向架、轴、轮及其零件： / 驾驶转向架	86	HS第86章	1301				none	0.0	unmapped
86071200	其他转向架	其他转向架	860712	转向架、轴、轮及其零件： / 其他转向架	86	HS第86章	1301				none	0.0	unmapped
86071910	其他，包括零件： 轴	其他，包括零件： 轴	860719	转向架、轴、轮及其零件： / 其他，包括零件	86	HS第86章	1301				none	0.0	unmapped
86071990	其他	其他	860719	转向架、轴、轮及其零件： / 其他，包括零件	86	HS第86章	1301				none	0.0	unmapped
86072100	制动装置及其零件： 空气制动器及其零件	制动装置及其零件： 空气制动器及其零件	860721	制动装置及其零件： / 空气制动器及其零件	86	HS第86章	1301				none	0.0	unmapped
86072900	其他	其他	860729	制动装置及其零件： / 其他	86	HS第86章	1301				none	0.0	unmapped
86073000	钩、其他联结器、缓冲器及其零 件	钩、其他联结器、缓冲器及其零 件	860730	钩、其他联结器、缓冲器及其零	86	HS第86章	1301				none	0.0	unmapped
86079100	其他： 机车用	其他： 机车用	860791	其他： / 机车用	86	HS第86章	1301				none	0.0	unmapped
86079910	其他： 铁道或电车道车辆用车体及端 墙、侧墙、底架、车顶、脚蹬、 翻板	其他： 铁道或电车道车辆用车体及端 墙、侧墙、底架、车顶、脚蹬、 翻板	860799	其他	86	HS第86章	1301				none	0.0	unmapped
86079990	其他	其他	860799	其他	86	HS第86章	1302				none	0.0	unmapped
86080010	轨道自动计轴设备	轨道自动计轴设备	860800	铁道或电车道轨道固定装置及附 件；供铁道、电车道、道路、内 河航道、停车设施、港口装置或 机场用的机械（包括电动机械） 信号、安全或交通管理设备；上 述货品的零件	86	HS第86章	1302				none	0.0	unmapped
86080090	其他	其他	860800	铁道或电车道轨道固定装置及附 件；供铁道、电车道、道路、内 河航道、停车设施、港口装置或 机场用的机械（包括电动机械） 信号、安全或交通管理设备；上 述货品的零件	86	HS第86章	1302				none	0.0	unmapped
86090011	20英尺的： 保温式	20英尺的： 保温式	860900	集装箱（包括运输液体的集装 箱），经特殊设计、装备适用于各 种运输方式	86	HS第86章	1302				none	0.0	unmapped
86090012	20英尺的： 罐式	20英尺的： 罐式	860900	集装箱（包括运输液体的集装 箱），经特殊设计、装备适用于各 种运输方式	86	HS第86章	1302				none	0.0	unmapped
86090019	20英尺的： 其他	20英尺的： 其他	860900	集装箱（包括运输液体的集装 箱），经特殊设计、装备适用于各 种运输方式	86	HS第86章	1303				none	0.0	unmapped
86090021	40英尺的： 保温式	40英尺的： 保温式	860900	集装箱（包括运输液体的集装 箱），经特殊设计、装备适用于各 种运输方式	86	HS第86章	1303				none	0.0	unmapped
86090022	40英尺的： 罐式	40英尺的： 罐式	860900	集装箱（包括运输液体的集装 箱），经特殊设计、装备适用于各 种运输方式	86	HS第86章	1303				none	0.0	unmapped
86090029	40英尺的： 其他	40英尺的： 其他	860900	集装箱（包括运输液体的集装 箱），经特殊设计、装备适用于各 种运输方式	86	HS第86章	1303				none	0.0	unmapped
86090030	45、48、53英尺的	45、48、53英尺的	860900	集装箱（包括运输液体的集装 箱），经特殊设计、装备适用于各 种运输方式	86	HS第86章	1303				none	0.0	unmapped
86090090	其他	其他	860900	集装箱（包括运输液体的集装 箱），经特殊设计、装备适用于各 种运输方式	86	HS第86章	1304				none	0.0	unmapped
87011000	单轴拖拉机	单轴拖拉机	870110	单轴拖拉机	87	HS第87章	1306				none	0.0	unmapped
87012100	半挂车用的公路牵引车： 仅装有压燃式活塞内燃发动机 （柴油或半柴油发动机）的车辆	半挂车用的公路牵引车： 仅装有压燃式活塞内燃发动机 （柴油或半柴油发动机）的车辆	870121	半挂车用的公路牵引车： / 仅装有压燃式活塞内燃发动机	87	HS第87章	1306				none	0.0	unmapped
87012200	同时装有压燃式活塞内燃发动 机（柴油或半柴油发动机）及驱 动电动机的车辆	同时装有压燃式活塞内燃发动 机（柴油或半柴油发动机）及驱 动电动机的车辆	870122	半挂车用的公路牵引车： / 同时装有压燃式活塞内燃发动	87	HS第87章	1306				none	0.0	unmapped
87012300	同时装有点燃式活塞内燃发动 机及驱动电动机的车辆	同时装有点燃式活塞内燃发动 机及驱动电动机的车辆	870123	半挂车用的公路牵引车： / 同时装有点燃式活塞内燃发动	87	HS第87章	1306				none	0.0	unmapped
87012400	仅装有驱动电动机的车辆	仅装有驱动电动机的车辆	870124	半挂车用的公路牵引车： / 仅装有驱动电动机的车辆	87	HS第87章	1306				none	0.0	unmapped
87012900	其他	其他	870129	半挂车用的公路牵引车： / 其他	87	HS第87章	1307				none	0.0	unmapped
87013000	履带式牵引车、拖拉机	履带式牵引车、拖拉机	870130	履带式牵引车、拖拉机	87	HS第87章	1307				none	0.0	unmapped
87019110	其他，其发动机功率： --不超过18千瓦： 拖拉机	其他，其发动机功率： --不超过18千瓦： 拖拉机	870191	其他，其发动机功率： / 不超过18千瓦	87	HS第87章	1307				none	0.0	unmapped
87019190	其他	其他	870191	其他，其发动机功率： / 不超过18千瓦	87	HS第87章	1307				none	0.0	unmapped
87019210	超过18千瓦，但不超过37千瓦： 拖拉机	超过18千瓦，但不超过37千瓦： 拖拉机	870192	其他，其发动机功率： / 超过18千瓦，但不超过37千瓦	87	HS第87章	1307				none	0.0	unmapped
87019290	其他	其他	870192	其他，其发动机功率： / 超过18千瓦，但不超过37千瓦	87	HS第87章	1307				none	0.0	unmapped
87019310	拖拉机	拖拉机	870193	其他，其发动机功率： / 超过37千瓦，但不超过75千瓦	87	HS第87章	1308				none	0.0	unmapped
87019390	其他	其他	870193	其他，其发动机功率： / 超过37千瓦，但不超过75千瓦	87	HS第87章	1308				none	0.0	unmapped
87019410	超过75千瓦，但不超过130千瓦： 拖拉机	超过75千瓦，但不超过130千瓦： 拖拉机	870194	其他，其发动机功率： / 超过75千瓦，但不超过130千瓦	87	HS第87章	1308				none	0.0	unmapped
87019490	其他	其他	870194	其他，其发动机功率： / 超过75千瓦，但不超过130千瓦	87	HS第87章	1308				none	0.0	unmapped
87019510	超过130千瓦： 拖拉机 功率超过190千瓦的轮式拖拉机	超过130千瓦： 拖拉机 功率超过190千瓦的轮式拖拉机	870195	其他，其发动机功率： / 超过130千瓦	87	HS第87章	1308				none	0.0	unmapped
87019590	其他	其他	870195	其他，其发动机功率： / 超过130千瓦	87	HS第87章	1309				none	0.0	unmapped
87021020	仅装有压燃式活塞内燃发动机 （柴油或半柴油发动机）的车辆： 机坪客车	仅装有压燃式活塞内燃发动机 （柴油或半柴油发动机）的车辆： 机坪客车	870210	仅装有压燃式活塞内燃发动机 （柴油或半柴油发动机）的车辆	87	HS第87章	1309				none	0.0	unmapped
87021091	其他： 30座及以上（大型客车）	其他： 30座及以上（大型客车）	870210	仅装有压燃式活塞内燃发动机 （柴油或半柴油发动机）的车辆	87	HS第87章	1309				none	0.0	unmapped
87021092	其他： 20座及以上，但不超过29座	其他： 20座及以上，但不超过29座	870210	仅装有压燃式活塞内燃发动机 （柴油或半柴油发动机）的车辆	87	HS第87章	1309				none	0.0	unmapped
87021093	其他： 10座及以上，但不超过19座	其他： 10座及以上，但不超过19座	870210	仅装有压燃式活塞内燃发动机 （柴油或半柴油发动机）的车辆	87	HS第87章	1309				none	0.0	unmapped
87022010	同时装有压燃式活塞内燃发动 机（柴油或半柴油发动机）及驱 动电动机的车辆： 机坪客车	同时装有压燃式活塞内燃发动 机（柴油或半柴油发动机）及驱 动电动机的车辆： 机坪客车	870220	同时装有压燃式活塞内燃发动 机（柴油或半柴油发动机）及驱 动电动机的车辆	87	HS第87章	1309				none	0.0	unmapped
87022091	其他： 30座及以上（大型客车）	其他： 30座及以上（大型客车）	870220	同时装有压燃式活塞内燃发动 机（柴油或半柴油发动机）及驱 动电动机的车辆	87	HS第87章	1309				none	0.0	unmapped
87022092	其他： 20座及以上，但不超过29座	其他： 20座及以上，但不超过29座	870220	同时装有压燃式活塞内燃发动 机（柴油或半柴油发动机）及驱 动电动机的车辆	87	HS第87章	1310				none	0.0	unmapped
87022093	其他： 10座及以上，但不超过19座	其他： 10座及以上，但不超过19座	870220	同时装有压燃式活塞内燃发动 机（柴油或半柴油发动机）及驱 动电动机的车辆	87	HS第87章	1310				none	0.0	unmapped
87023010	同时装有点燃式活塞内燃发动 机及驱动电动机的车辆： 30座及以上（大型客车）	同时装有点燃式活塞内燃发动 机及驱动电动机的车辆： 30座及以上（大型客车）	870230	同时装有点燃式活塞内燃发动 机及驱动电动机的车辆	87	HS第87章	1310				none	0.0	unmapped
87023020	20座及以上，但不超过29座	20座及以上，但不超过29座	870230	同时装有点燃式活塞内燃发动 机及驱动电动机的车辆	87	HS第87章	1310				none	0.0	unmapped
87023030	10座及以上，但不超过19座	10座及以上，但不超过19座	870230	同时装有点燃式活塞内燃发动 机及驱动电动机的车辆	87	HS第87章	1310				none	0.0	unmapped
87024010	仅装有驱动电动机的车辆： 30座及以上（大型客车）	仅装有驱动电动机的车辆： 30座及以上（大型客车）	870240	仅装有驱动电动机的车辆	87	HS第87章	1310				none	0.0	unmapped
87024020	20座及以上，但不超过29座	20座及以上，但不超过29座	870240	仅装有驱动电动机的车辆	87	HS第87章	1310				none	0.0	unmapped
87024030	10座及以上，但不超过19座	10座及以上，但不超过19座	870240	仅装有驱动电动机的车辆	87	HS第87章	1310				none	0.0	unmapped
87029010	30座及以上（大型客车）	30座及以上（大型客车）	870290	其他	87	HS第87章	1311				none	0.0	unmapped
87029020	20座及以上，但不超过29座	20座及以上，但不超过29座	870290	其他	87	HS第87章	1311				none	0.0	unmapped
87029030	10座及以上，但不超过19座	10座及以上，但不超过19座	870290	其他	87	HS第87章	1311				none	0.0	unmapped
87031011	雪地行走专用车；高尔夫球车及 类似车辆： ---高尔夫球车及类似车辆： 全地形车	雪地行走专用车；高尔夫球车及 类似车辆： ---高尔夫球车及类似车辆： 全地形车	870310	雪地行走专用车；高尔夫球车及 类似车辆	87	HS第87章	1311				none	0.0	unmapped
87031019	高尔夫球车及类似车辆： 其他	高尔夫球车及类似车辆： 其他	870310	雪地行走专用车；高尔夫球车及 类似车辆	87	HS第87章	1311				none	0.0	unmapped
87031090	其他	其他	870310	雪地行走专用车；高尔夫球车及 类似车辆	87	HS第87章	1311				none	0.0	unmapped
87032130	仅装有点燃式活塞内燃发动机 的其他车辆： --气缸容量（排气量）不超过1000 毫升： 小轿车	仅装有点燃式活塞内燃发动机 的其他车辆： --气缸容量（排气量）不超过1000 毫升： 小轿车	870321	仅装有点燃式活塞内燃发动机 的其他车辆： / 气缸容量（排气量）不超过1000 毫升	87	HS第87章	1311				none	0.0	unmapped
87032140	越野车（4轮驱动）	越野车（4轮驱动）	870321	仅装有点燃式活塞内燃发动机 的其他车辆： / 气缸容量（排气量）不超过1000 毫升	87	HS第87章	1312				none	0.0	unmapped
87032150	9座及以下的小客车	9座及以下的小客车	870321	仅装有点燃式活塞内燃发动机 的其他车辆： / 气缸容量（排气量）不超过1000 毫升	87	HS第87章	1312				none	0.0	unmapped
87032190	其他	其他	870321	仅装有点燃式活塞内燃发动机 的其他车辆： / 气缸容量（排气量）不超过1000 毫升	87	HS第87章	1312				none	0.0	unmapped
87032230	气缸容量（排气量）超过1000 毫升，但不超过1500毫升： 小轿车	气缸容量（排气量）超过1000 毫升，但不超过1500毫升： 小轿车	870322	仅装有点燃式活塞内燃发动机 的其他车辆： / 气缸容量（排气量）超过1000 毫升，但不超过1500毫升	87	HS第87章	1312				none	0.0	unmapped
87032240	越野车（4轮驱动）	越野车（4轮驱动）	870322	仅装有点燃式活塞内燃发动机 的其他车辆： / 气缸容量（排气量）超过1000 毫升，但不超过1500毫升	87	HS第87章	1312				none	0.0	unmapped
87032250	9座及以下的小客车	9座及以下的小客车	870322	仅装有点燃式活塞内燃发动机 的其他车辆： / 气缸容量（排气量）超过1000 毫升，但不超过1500毫升	87	HS第87章	1312				none	0.0	unmapped
87032290	其他	其他	870322	仅装有点燃式活塞内燃发动机 的其他车辆： / 气缸容量（排气量）超过1000 毫升，但不超过1500毫升	87	HS第87章	1312				none	0.0	unmapped
87032341	气缸容量（排气量）超过1500 毫升，但不超过2000毫升： 小轿车	气缸容量（排气量）超过1500 毫升，但不超过2000毫升： 小轿车	870323	仅装有点燃式活塞内燃发动机 的其他车辆： / 气缸容量（排气量）超过1500 毫升，但不超过3000毫升	87	HS第87章	1313				none	0.0	unmapped
87032342	气缸容量（排气量）超过1500 毫升，但不超过2000毫升： 越野车（4轮驱动）	气缸容量（排气量）超过1500 毫升，但不超过2000毫升： 越野车（4轮驱动）	870323	仅装有点燃式活塞内燃发动机 的其他车辆： / 气缸容量（排气量）超过1500 毫升，但不超过3000毫升	87	HS第87章	1313				none	0.0	unmapped
87032343	气缸容量（排气量）超过1500 毫升，但不超过2000毫升： 9座及以下的小客车	气缸容量（排气量）超过1500 毫升，但不超过2000毫升： 9座及以下的小客车	870323	仅装有点燃式活塞内燃发动机 的其他车辆： / 气缸容量（排气量）超过1500 毫升，但不超过3000毫升	87	HS第87章	1313				none	0.0	unmapped
87032349	气缸容量（排气量）超过1500 毫升，但不超过2000毫升： 其他	气缸容量（排气量）超过1500 毫升，但不超过2000毫升： 其他	870323	仅装有点燃式活塞内燃发动机 的其他车辆： / 气缸容量（排气量）超过1500 毫升，但不超过3000毫升	87	HS第87章	1313				none	0.0	unmapped
87032351	气缸容量（排气量）超过2000 毫升，但不超过2500毫升： 小轿车	气缸容量（排气量）超过2000 毫升，但不超过2500毫升： 小轿车	870323	仅装有点燃式活塞内燃发动机 的其他车辆： / 气缸容量（排气量）超过1500 毫升，但不超过3000毫升	87	HS第87章	1313				none	0.0	unmapped
87032352	气缸容量（排气量）超过2000 毫升，但不超过2500毫升： 越野车（4轮驱动）	气缸容量（排气量）超过2000 毫升，但不超过2500毫升： 越野车（4轮驱动）	870323	仅装有点燃式活塞内燃发动机 的其他车辆： / 气缸容量（排气量）超过1500 毫升，但不超过3000毫升	87	HS第87章	1313				none	0.0	unmapped
87032353	气缸容量（排气量）超过2000 毫升，但不超过2500毫升： 9座及以下的小客车	气缸容量（排气量）超过2000 毫升，但不超过2500毫升： 9座及以下的小客车	870323	仅装有点燃式活塞内燃发动机 的其他车辆： / 气缸容量（排气量）超过1500 毫升，但不超过3000毫升	87	HS第87章	1313				none	0.0	unmapped
87032359	气缸容量（排气量）超过2000 毫升，但不超过2500毫升： 其他	气缸容量（排气量）超过2000 毫升，但不超过2500毫升： 其他	870323	仅装有点燃式活塞内燃发动机 的其他车辆： / 气缸容量（排气量）超过1500 毫升，但不超过3000毫升	87	HS第87章	1313				none	0.0	unmapped
87032361	气缸容量（排气量）超过2500 毫升，但不超过3000毫升： 小轿车	气缸容量（排气量）超过2500 毫升，但不超过3000毫升： 小轿车	870323	仅装有点燃式活塞内燃发动机 的其他车辆： / 气缸容量（排气量）超过1500 毫升，但不超过3000毫升	87	HS第87章	1314				none	0.0	unmapped
87032362	气缸容量（排气量）超过2500 毫升，但不超过3000毫升： 越野车（4轮驱动）	气缸容量（排气量）超过2500 毫升，但不超过3000毫升： 越野车（4轮驱动）	870323	仅装有点燃式活塞内燃发动机 的其他车辆： / 气缸容量（排气量）超过1500 毫升，但不超过3000毫升	87	HS第87章	1314				none	0.0	unmapped
87032363	气缸容量（排气量）超过2500 毫升，但不超过3000毫升： 9座及以下的小客车	气缸容量（排气量）超过2500 毫升，但不超过3000毫升： 9座及以下的小客车	870323	仅装有点燃式活塞内燃发动机 的其他车辆： / 气缸容量（排气量）超过1500 毫升，但不超过3000毫升	87	HS第87章	1314				none	0.0	unmapped
87032369	气缸容量（排气量）超过2500 毫升，但不超过3000毫升： 其他	气缸容量（排气量）超过2500 毫升，但不超过3000毫升： 其他	870323	仅装有点燃式活塞内燃发动机 的其他车辆： / 气缸容量（排气量）超过1500 毫升，但不超过3000毫升	87	HS第87章	1314				none	0.0	unmapped
87032411	气缸容量（排气量）超过3000 毫升： ---气缸容量（排气量）超过3000 毫升，但不超过4000毫升： 小轿车	气缸容量（排气量）超过3000 毫升： ---气缸容量（排气量）超过3000 毫升，但不超过4000毫升： 小轿车	870324	仅装有点燃式活塞内燃发动机 的其他车辆： / 气缸容量（排气量）超过3000 毫升	87	HS第87章	1314				none	0.0	unmapped
87032412	气缸容量（排气量）超过3000 毫升，但不超过4000毫升： 越野车（4轮驱动）	气缸容量（排气量）超过3000 毫升，但不超过4000毫升： 越野车（4轮驱动）	870324	仅装有点燃式活塞内燃发动机 的其他车辆： / 气缸容量（排气量）超过3000 毫升	87	HS第87章	1314				none	0.0	unmapped
87032413	气缸容量（排气量）超过3000 毫升，但不超过4000毫升： 9座及以下的小客车	气缸容量（排气量）超过3000 毫升，但不超过4000毫升： 9座及以下的小客车	870324	仅装有点燃式活塞内燃发动机 的其他车辆： / 气缸容量（排气量）超过3000 毫升	87	HS第87章	1314				none	0.0	unmapped
87032419	气缸容量（排气量）超过3000 毫升，但不超过4000毫升： 其他	气缸容量（排气量）超过3000 毫升，但不超过4000毫升： 其他	870324	仅装有点燃式活塞内燃发动机 的其他车辆： / 气缸容量（排气量）超过3000 毫升	87	HS第87章	1315				none	0.0	unmapped
87032421	气缸容量（排气量）超过4000 毫升： 小轿车	气缸容量（排气量）超过4000 毫升： 小轿车	870324	仅装有点燃式活塞内燃发动机 的其他车辆： / 气缸容量（排气量）超过3000 毫升	87	HS第87章	1315				none	0.0	unmapped
87032422	气缸容量（排气量）超过4000 毫升： 越野车（4轮驱动）	气缸容量（排气量）超过4000 毫升： 越野车（4轮驱动）	870324	仅装有点燃式活塞内燃发动机 的其他车辆： / 气缸容量（排气量）超过3000 毫升	87	HS第87章	1315				none	0.0	unmapped
87032423	气缸容量（排气量）超过4000 毫升： 9座及以下的小客车	气缸容量（排气量）超过4000 毫升： 9座及以下的小客车	870324	仅装有点燃式活塞内燃发动机 的其他车辆： / 气缸容量（排气量）超过3000 毫升	87	HS第87章	1315				none	0.0	unmapped
87032429	气缸容量（排气量）超过4000 毫升： 其他	气缸容量（排气量）超过4000 毫升： 其他	870324	仅装有点燃式活塞内燃发动机 的其他车辆： / 气缸容量（排气量）超过3000 毫升	87	HS第87章	1315				none	0.0	unmapped
87033111	仅装有压燃式活塞内燃发动机 （柴油或半柴油发动机）的其他 车辆： --气缸容量（排气量）不超过1500 毫升： ---气缸容量（排气量）不超过1000 毫升： 小轿车	仅装有压燃式活塞内燃发动机 （柴油或半柴油发动机）的其他 车辆： --气缸容量（排气量）不超过1500 毫升： ---气缸容量（排气量）不超过1000 毫升： 小轿车	870331	仅装有压燃式活塞内燃发动机 （柴油或半柴油发动机）的其他 车辆： / 气缸容量（排气量）不超过1500 毫升	87	HS第87章	1315				none	0.0	unmapped
87033119	气缸容量（排气量）不超过1000 毫升： 其他	气缸容量（排气量）不超过1000 毫升： 其他	870331	仅装有压燃式活塞内燃发动机 （柴油或半柴油发动机）的其他 车辆： / 气缸容量（排气量）不超过1500 毫升	87	HS第87章	1315				none	0.0	unmapped
87033121	气缸容量（排气量）超过1000 毫升，但不超过1500毫升： 小轿车	气缸容量（排气量）超过1000 毫升，但不超过1500毫升： 小轿车	870331	仅装有压燃式活塞内燃发动机 （柴油或半柴油发动机）的其他 车辆： / 气缸容量（排气量）不超过1500 毫升	87	HS第87章	1316				none	0.0	unmapped
87033122	气缸容量（排气量）超过1000 毫升，但不超过1500毫升： 越野车（4轮驱动）	气缸容量（排气量）超过1000 毫升，但不超过1500毫升： 越野车（4轮驱动）	870331	仅装有压燃式活塞内燃发动机 （柴油或半柴油发动机）的其他 车辆： / 气缸容量（排气量）不超过1500 毫升	87	HS第87章	1316				none	0.0	unmapped
87033123	气缸容量（排气量）超过1000 毫升，但不超过1500毫升： 9座及以下的小客车	气缸容量（排气量）超过1000 毫升，但不超过1500毫升： 9座及以下的小客车	870331	仅装有压燃式活塞内燃发动机 （柴油或半柴油发动机）的其他 车辆： / 气缸容量（排气量）不超过1500 毫升	87	HS第87章	1316				none	0.0	unmapped
87033129	气缸容量（排气量）超过1000 毫升，但不超过1500毫升： 其他	气缸容量（排气量）超过1000 毫升，但不超过1500毫升： 其他	870331	仅装有压燃式活塞内燃发动机 （柴油或半柴油发动机）的其他 车辆： / 气缸容量（排气量）不超过1500 毫升	87	HS第87章	1316				none	0.0	unmapped
87033211	气缸容量（排气量）超过1500 毫升，但不超过2500毫升： ---气缸容量（排气量）超过1500 毫升，但不超过2000毫升： 小轿车	气缸容量（排气量）超过1500 毫升，但不超过2500毫升： ---气缸容量（排气量）超过1500 毫升，但不超过2000毫升： 小轿车	870332	仅装有压燃式活塞内燃发动机 （柴油或半柴油发动机）的其他 车辆： / 气缸容量（排气量）超过1500 毫升，但不超过2500毫升	87	HS第87章	1316				none	0.0	unmapped
87033212	气缸容量（排气量）超过1500 毫升，但不超过2000毫升： 越野车（4轮驱动）	气缸容量（排气量）超过1500 毫升，但不超过2000毫升： 越野车（4轮驱动）	870332	仅装有压燃式活塞内燃发动机 （柴油或半柴油发动机）的其他 车辆： / 气缸容量（排气量）超过1500 毫升，但不超过2500毫升	87	HS第87章	1316				none	0.0	unmapped
87033213	气缸容量（排气量）超过1500 毫升，但不超过2000毫升： 9座及以下的小客车	气缸容量（排气量）超过1500 毫升，但不超过2000毫升： 9座及以下的小客车	870332	仅装有压燃式活塞内燃发动机 （柴油或半柴油发动机）的其他 车辆： / 气缸容量（排气量）超过1500 毫升，但不超过2500毫升	87	HS第87章	1316				none	0.0	unmapped
87033219	气缸容量（排气量）超过1500 毫升，但不超过2000毫升： 其他	气缸容量（排气量）超过1500 毫升，但不超过2000毫升： 其他	870332	仅装有压燃式活塞内燃发动机 （柴油或半柴油发动机）的其他 车辆： / 气缸容量（排气量）超过1500 毫升，但不超过2500毫升	87	HS第87章	1316				none	0.0	unmapped
87033221	气缸容量（排气量）超过2000 毫升，但不超过2500毫升： 小轿车	气缸容量（排气量）超过2000 毫升，但不超过2500毫升： 小轿车	870332	仅装有压燃式活塞内燃发动机 （柴油或半柴油发动机）的其他 车辆： / 气缸容量（排气量）超过1500 毫升，但不超过2500毫升	87	HS第87章	1317				none	0.0	unmapped
87033222	气缸容量（排气量）超过2000 毫升，但不超过2500毫升： 越野车（4轮驱动）	气缸容量（排气量）超过2000 毫升，但不超过2500毫升： 越野车（4轮驱动）	870332	仅装有压燃式活塞内燃发动机 （柴油或半柴油发动机）的其他 车辆： / 气缸容量（排气量）超过1500 毫升，但不超过2500毫升	87	HS第87章	1317				none	0.0	unmapped
87033223	气缸容量（排气量）超过2000 毫升，但不超过2500毫升： 9座及以下的小客车	气缸容量（排气量）超过2000 毫升，但不超过2500毫升： 9座及以下的小客车	870332	仅装有压燃式活塞内燃发动机 （柴油或半柴油发动机）的其他 车辆： / 气缸容量（排气量）超过1500 毫升，但不超过2500毫升	87	HS第87章	1317				none	0.0	unmapped
87033229	气缸容量（排气量）超过2000 毫升，但不超过2500毫升： 其他	气缸容量（排气量）超过2000 毫升，但不超过2500毫升： 其他	870332	仅装有压燃式活塞内燃发动机 （柴油或半柴油发动机）的其他 车辆： / 气缸容量（排气量）超过1500 毫升，但不超过2500毫升	87	HS第87章	1317				none	0.0	unmapped
87033311	气缸容量（排气量）超过2500 毫升： ---气缸容量（排气量）超过2500 毫升，但不超过3000毫升： 小轿车	气缸容量（排气量）超过2500 毫升： ---气缸容量（排气量）超过2500 毫升，但不超过3000毫升： 小轿车	870333	仅装有压燃式活塞内燃发动机 （柴油或半柴油发动机）的其他 车辆： / 气缸容量（排气量）超过2500 毫升	87	HS第87章	1317				none	0.0	unmapped
87033312	气缸容量（排气量）超过2500 毫升，但不超过3000毫升： 越野车（4轮驱动）	气缸容量（排气量）超过2500 毫升，但不超过3000毫升： 越野车（4轮驱动）	870333	仅装有压燃式活塞内燃发动机 （柴油或半柴油发动机）的其他 车辆： / 气缸容量（排气量）超过2500 毫升	87	HS第87章	1317				none	0.0	unmapped
87033313	气缸容量（排气量）超过2500 毫升，但不超过3000毫升： 9座及以下的小客车	气缸容量（排气量）超过2500 毫升，但不超过3000毫升： 9座及以下的小客车	870333	仅装有压燃式活塞内燃发动机 （柴油或半柴油发动机）的其他 车辆： / 气缸容量（排气量）超过2500 毫升	87	HS第87章	1317				none	0.0	unmapped
87033319	气缸容量（排气量）超过2500 毫升，但不超过3000毫升： 其他	气缸容量（排气量）超过2500 毫升，但不超过3000毫升： 其他	870333	仅装有压燃式活塞内燃发动机 （柴油或半柴油发动机）的其他 车辆： / 气缸容量（排气量）超过2500 毫升	87	HS第87章	1318				none	0.0	unmapped
87033321	气缸容量（排气量）超过3000 毫升，但不超过4000毫升： 小轿车	气缸容量（排气量）超过3000 毫升，但不超过4000毫升： 小轿车	870333	仅装有压燃式活塞内燃发动机 （柴油或半柴油发动机）的其他 车辆： / 气缸容量（排气量）超过2500 毫升	87	HS第87章	1318				none	0.0	unmapped
87033322	气缸容量（排气量）超过3000 毫升，但不超过4000毫升： 越野车（4轮驱动）	气缸容量（排气量）超过3000 毫升，但不超过4000毫升： 越野车（4轮驱动）	870333	仅装有压燃式活塞内燃发动机 （柴油或半柴油发动机）的其他 车辆： / 气缸容量（排气量）超过2500 毫升	87	HS第87章	1318				none	0.0	unmapped
87033323	气缸容量（排气量）超过3000 毫升，但不超过4000毫升： 9座及以下的小客车	气缸容量（排气量）超过3000 毫升，但不超过4000毫升： 9座及以下的小客车	870333	仅装有压燃式活塞内燃发动机 （柴油或半柴油发动机）的其他 车辆： / 气缸容量（排气量）超过2500 毫升	87	HS第87章	1318				none	0.0	unmapped
87033329	气缸容量（排气量）超过3000 毫升，但不超过4000毫升： 其他	气缸容量（排气量）超过3000 毫升，但不超过4000毫升： 其他	870333	仅装有压燃式活塞内燃发动机 （柴油或半柴油发动机）的其他 车辆： / 气缸容量（排气量）超过2500 毫升	87	HS第87章	1318				none	0.0	unmapped
87033361	气缸容量（排气量）超过4000 毫升： 小轿车	气缸容量（排气量）超过4000 毫升： 小轿车	870333	仅装有压燃式活塞内燃发动机 （柴油或半柴油发动机）的其他 车辆： / 气缸容量（排气量）超过2500 毫升	87	HS第87章	1318				none	0.0	unmapped
87033362	气缸容量（排气量）超过4000 毫升： 越野车（4轮驱动）	气缸容量（排气量）超过4000 毫升： 越野车（4轮驱动）	870333	仅装有压燃式活塞内燃发动机 （柴油或半柴油发动机）的其他 车辆： / 气缸容量（排气量）超过2500 毫升	87	HS第87章	1318				none	0.0	unmapped
87033363	气缸容量（排气量）超过4000 毫升： 9座及以下的小客车	气缸容量（排气量）超过4000 毫升： 9座及以下的小客车	870333	仅装有压燃式活塞内燃发动机 （柴油或半柴油发动机）的其他 车辆： / 气缸容量（排气量）超过2500 毫升	87	HS第87章	1319				none	0.0	unmapped
87033369	气缸容量（排气量）超过4000 毫升： 其他	气缸容量（排气量）超过4000 毫升： 其他	870333	仅装有压燃式活塞内燃发动机 （柴油或半柴油发动机）的其他 车辆： / 气缸容量（排气量）超过2500 毫升	87	HS第87章	1319				none	0.0	unmapped
87034011	同时装有点燃式活塞内燃发动 机及驱动电动机的其他车辆，可 通过接插外部电源进行充电的除 外： ---气缸容量（排气量）不超过1000 毫升： 小轿车	同时装有点燃式活塞内燃发动 机及驱动电动机的其他车辆，可 通过接插外部电源进行充电的除 外： ---气缸容量（排气量）不超过1000 毫升： 小轿车	870340	同时装有点燃式活塞内燃发动 机及驱动电动机的其他车辆，可 通过接插外部电源进行充电的除 外	87	HS第87章	1319				none	0.0	unmapped
87034012	气缸容量（排气量）不超过1000 毫升： 越野车（4轮驱动）	气缸容量（排气量）不超过1000 毫升： 越野车（4轮驱动）	870340	同时装有点燃式活塞内燃发动 机及驱动电动机的其他车辆，可 通过接插外部电源进行充电的除 外	87	HS第87章	1319				none	0.0	unmapped
87034013	气缸容量（排气量）不超过1000 毫升： 9座及以下的小客车	气缸容量（排气量）不超过1000 毫升： 9座及以下的小客车	870340	同时装有点燃式活塞内燃发动 机及驱动电动机的其他车辆，可 通过接插外部电源进行充电的除 外	87	HS第87章	1319				none	0.0	unmapped
87034019	气缸容量（排气量）不超过1000 毫升： 其他	气缸容量（排气量）不超过1000 毫升： 其他	870340	同时装有点燃式活塞内燃发动 机及驱动电动机的其他车辆，可 通过接插外部电源进行充电的除 外	87	HS第87章	1319				none	0.0	unmapped
87034021	气缸容量（排气量）超过1000 毫升，但不超过1500毫升： 小轿车	气缸容量（排气量）超过1000 毫升，但不超过1500毫升： 小轿车	870340	同时装有点燃式活塞内燃发动 机及驱动电动机的其他车辆，可 通过接插外部电源进行充电的除 外	87	HS第87章	1319				none	0.0	unmapped
87034022	气缸容量（排气量）超过1000 毫升，但不超过1500毫升： 越野车（4轮驱动）	气缸容量（排气量）超过1000 毫升，但不超过1500毫升： 越野车（4轮驱动）	870340	同时装有点燃式活塞内燃发动 机及驱动电动机的其他车辆，可 通过接插外部电源进行充电的除 外	87	HS第87章	1320				none	0.0	unmapped
87034023	气缸容量（排气量）超过1000 毫升，但不超过1500毫升： 9座及以下的小客车	气缸容量（排气量）超过1000 毫升，但不超过1500毫升： 9座及以下的小客车	870340	同时装有点燃式活塞内燃发动 机及驱动电动机的其他车辆，可 通过接插外部电源进行充电的除 外	87	HS第87章	1320				none	0.0	unmapped
87034029	气缸容量（排气量）超过1000 毫升，但不超过1500毫升： 其他	气缸容量（排气量）超过1000 毫升，但不超过1500毫升： 其他	870340	同时装有点燃式活塞内燃发动 机及驱动电动机的其他车辆，可 通过接插外部电源进行充电的除 外	87	HS第87章	1320				none	0.0	unmapped
87034031	气缸容量（排气量）超过1500 毫升，但不超过2000毫升： 小轿车	气缸容量（排气量）超过1500 毫升，但不超过2000毫升： 小轿车	870340	同时装有点燃式活塞内燃发动 机及驱动电动机的其他车辆，可 通过接插外部电源进行充电的除 外	87	HS第87章	1320				none	0.0	unmapped
87034032	气缸容量（排气量）超过1500 毫升，但不超过2000毫升： 越野车（4轮驱动）	气缸容量（排气量）超过1500 毫升，但不超过2000毫升： 越野车（4轮驱动）	870340	同时装有点燃式活塞内燃发动 机及驱动电动机的其他车辆，可 通过接插外部电源进行充电的除 外	87	HS第87章	1320				none	0.0	unmapped
87034033	气缸容量（排气量）超过1500 毫升，但不超过2000毫升： 9座及以下的小客车	气缸容量（排气量）超过1500 毫升，但不超过2000毫升： 9座及以下的小客车	870340	同时装有点燃式活塞内燃发动 机及驱动电动机的其他车辆，可 通过接插外部电源进行充电的除 外	87	HS第87章	1320				none	0.0	unmapped
87034039	气缸容量（排气量）超过1500 毫升，但不超过2000毫升： 其他	气缸容量（排气量）超过1500 毫升，但不超过2000毫升： 其他	870340	同时装有点燃式活塞内燃发动 机及驱动电动机的其他车辆，可 通过接插外部电源进行充电的除 外	87	HS第87章	1320				none	0.0	unmapped
87034041	气缸容量（排气量）超过2000 毫升，但不超过2500毫升： 小轿车	气缸容量（排气量）超过2000 毫升，但不超过2500毫升： 小轿车	870340	同时装有点燃式活塞内燃发动 机及驱动电动机的其他车辆，可 通过接插外部电源进行充电的除 外	87	HS第87章	1320				none	0.0	unmapped
87034042	气缸容量（排气量）超过2000 毫升，但不超过2500毫升： 越野车（4轮驱动）	气缸容量（排气量）超过2000 毫升，但不超过2500毫升： 越野车（4轮驱动）	870340	同时装有点燃式活塞内燃发动 机及驱动电动机的其他车辆，可 通过接插外部电源进行充电的除 外	87	HS第87章	1321				none	0.0	unmapped
87034043	气缸容量（排气量）超过2000 毫升，但不超过2500毫升： 9座及以下的小客车	气缸容量（排气量）超过2000 毫升，但不超过2500毫升： 9座及以下的小客车	870340	同时装有点燃式活塞内燃发动 机及驱动电动机的其他车辆，可 通过接插外部电源进行充电的除 外	87	HS第87章	1321				none	0.0	unmapped
87034049	气缸容量（排气量）超过2000 毫升，但不超过2500毫升： 其他	气缸容量（排气量）超过2000 毫升，但不超过2500毫升： 其他	870340	同时装有点燃式活塞内燃发动 机及驱动电动机的其他车辆，可 通过接插外部电源进行充电的除 外	87	HS第87章	1321				none	0.0	unmapped
87034051	气缸容量（排气量）超过2500 毫升，但不超过3000毫升： 小轿车	气缸容量（排气量）超过2500 毫升，但不超过3000毫升： 小轿车	870340	同时装有点燃式活塞内燃发动 机及驱动电动机的其他车辆，可 通过接插外部电源进行充电的除 外	87	HS第87章	1321				none	0.0	unmapped
87034052	气缸容量（排气量）超过2500 毫升，但不超过3000毫升： 越野车（4轮驱动）	气缸容量（排气量）超过2500 毫升，但不超过3000毫升： 越野车（4轮驱动）	870340	同时装有点燃式活塞内燃发动 机及驱动电动机的其他车辆，可 通过接插外部电源进行充电的除 外	87	HS第87章	1321				none	0.0	unmapped
87034053	气缸容量（排气量）超过2500 毫升，但不超过3000毫升： 9座及以下的小客车	气缸容量（排气量）超过2500 毫升，但不超过3000毫升： 9座及以下的小客车	870340	同时装有点燃式活塞内燃发动 机及驱动电动机的其他车辆，可 通过接插外部电源进行充电的除 外	87	HS第87章	1321				none	0.0	unmapped
87034059	气缸容量（排气量）超过2500 毫升，但不超过3000毫升： 其他	气缸容量（排气量）超过2500 毫升，但不超过3000毫升： 其他	870340	同时装有点燃式活塞内燃发动 机及驱动电动机的其他车辆，可 通过接插外部电源进行充电的除 外	87	HS第87章	1321				none	0.0	unmapped
87034061	气缸容量（排气量）超过3000 毫升，但不超过4000毫升： 小轿车	气缸容量（排气量）超过3000 毫升，但不超过4000毫升： 小轿车	870340	同时装有点燃式活塞内燃发动 机及驱动电动机的其他车辆，可 通过接插外部电源进行充电的除 外	87	HS第87章	1322				none	0.0	unmapped
87034062	气缸容量（排气量）超过3000 毫升，但不超过4000毫升： 越野车（4轮驱动）	气缸容量（排气量）超过3000 毫升，但不超过4000毫升： 越野车（4轮驱动）	870340	同时装有点燃式活塞内燃发动 机及驱动电动机的其他车辆，可 通过接插外部电源进行充电的除 外	87	HS第87章	1322				none	0.0	unmapped
87034063	气缸容量（排气量）超过3000 毫升，但不超过4000毫升： 9座及以下的小客车	气缸容量（排气量）超过3000 毫升，但不超过4000毫升： 9座及以下的小客车	870340	同时装有点燃式活塞内燃发动 机及驱动电动机的其他车辆，可 通过接插外部电源进行充电的除 外	87	HS第87章	1322				none	0.0	unmapped
87034069	气缸容量（排气量）超过3000 毫升，但不超过4000毫升： 其他	气缸容量（排气量）超过3000 毫升，但不超过4000毫升： 其他	870340	同时装有点燃式活塞内燃发动 机及驱动电动机的其他车辆，可 通过接插外部电源进行充电的除 外	87	HS第87章	1322				none	0.0	unmapped
87034071	气缸容量（排气量）超过4000 毫升： 小轿车	气缸容量（排气量）超过4000 毫升： 小轿车	870340	同时装有点燃式活塞内燃发动 机及驱动电动机的其他车辆，可 通过接插外部电源进行充电的除 外	87	HS第87章	1322				none	0.0	unmapped
87034072	气缸容量（排气量）超过4000 毫升： 越野车（4轮驱动）	气缸容量（排气量）超过4000 毫升： 越野车（4轮驱动）	870340	同时装有点燃式活塞内燃发动 机及驱动电动机的其他车辆，可 通过接插外部电源进行充电的除 外	87	HS第87章	1322				none	0.0	unmapped
87034073	气缸容量（排气量）超过4000 毫升： 9座及以下的小客车	气缸容量（排气量）超过4000 毫升： 9座及以下的小客车	870340	同时装有点燃式活塞内燃发动 机及驱动电动机的其他车辆，可 通过接插外部电源进行充电的除 外	87	HS第87章	1322				none	0.0	unmapped
87034079	气缸容量（排气量）超过4000 毫升： 其他	气缸容量（排气量）超过4000 毫升： 其他	870340	同时装有点燃式活塞内燃发动 机及驱动电动机的其他车辆，可 通过接插外部电源进行充电的除 外	87	HS第87章	1322				none	0.0	unmapped
87035011	气缸容量（排气量）超过4000 毫升： 小轿车	气缸容量（排气量）超过4000 毫升： 小轿车	870350	同时装有点燃式活塞内燃发动 机及驱动电动机的其他车辆，可 通过接插外部电源进行充电的除 外	87	HS第87章	1323				none	0.0	unmapped
87035019	气缸容量（排气量）超过4000 毫升： 其他	气缸容量（排气量）超过4000 毫升： 其他	870350	同时装有点燃式活塞内燃发动 机及驱动电动机的其他车辆，可 通过接插外部电源进行充电的除 外	87	HS第87章	1323				none	0.0	unmapped
87035021	气缸容量（排气量）超过1000 毫升，但不超过1500毫升： 小轿车	气缸容量（排气量）超过1000 毫升，但不超过1500毫升： 小轿车	870350	同时装有点燃式活塞内燃发动 机及驱动电动机的其他车辆，可 通过接插外部电源进行充电的除 外	87	HS第87章	1323				none	0.0	unmapped
87035022	气缸容量（排气量）超过1000 毫升，但不超过1500毫升： 越野车（4轮驱动）	气缸容量（排气量）超过1000 毫升，但不超过1500毫升： 越野车（4轮驱动）	870350	同时装有点燃式活塞内燃发动 机及驱动电动机的其他车辆，可 通过接插外部电源进行充电的除 外	87	HS第87章	1323				none	0.0	unmapped
87035023	气缸容量（排气量）超过1000 毫升，但不超过1500毫升： 9座及以下的小客车	气缸容量（排气量）超过1000 毫升，但不超过1500毫升： 9座及以下的小客车	870350	同时装有点燃式活塞内燃发动 机及驱动电动机的其他车辆，可 通过接插外部电源进行充电的除 外	87	HS第87章	1323				none	0.0	unmapped
87035029	气缸容量（排气量）超过1000 毫升，但不超过1500毫升： 其他	气缸容量（排气量）超过1000 毫升，但不超过1500毫升： 其他	870350	同时装有点燃式活塞内燃发动 机及驱动电动机的其他车辆，可 通过接插外部电源进行充电的除 外	87	HS第87章	1323				none	0.0	unmapped
87035031	气缸容量（排气量）超过1500 毫升，但不超过2000毫升： 小轿车	气缸容量（排气量）超过1500 毫升，但不超过2000毫升： 小轿车	870350	同时装有点燃式活塞内燃发动 机及驱动电动机的其他车辆，可 通过接插外部电源进行充电的除 外	87	HS第87章	1323				none	0.0	unmapped
87035032	气缸容量（排气量）超过1500 毫升，但不超过2000毫升： 越野车（4轮驱动）	气缸容量（排气量）超过1500 毫升，但不超过2000毫升： 越野车（4轮驱动）	870350	同时装有点燃式活塞内燃发动 机及驱动电动机的其他车辆，可 通过接插外部电源进行充电的除 外	87	HS第87章	1323				none	0.0	unmapped
87035033	气缸容量（排气量）超过1500 毫升，但不超过2000毫升： 9座及以下的小客车	气缸容量（排气量）超过1500 毫升，但不超过2000毫升： 9座及以下的小客车	870350	同时装有点燃式活塞内燃发动 机及驱动电动机的其他车辆，可 通过接插外部电源进行充电的除 外	87	HS第87章	1323				none	0.0	unmapped
87035039	气缸容量（排气量）超过1500 毫升，但不超过2000毫升： 其他	气缸容量（排气量）超过1500 毫升，但不超过2000毫升： 其他	870350	同时装有点燃式活塞内燃发动 机及驱动电动机的其他车辆，可 通过接插外部电源进行充电的除 外	87	HS第87章	1324				none	0.0	unmapped
87035041	气缸容量（排气量）超过2000 毫升，但不超过2500毫升： 小轿车	气缸容量（排气量）超过2000 毫升，但不超过2500毫升： 小轿车	870350	同时装有点燃式活塞内燃发动 机及驱动电动机的其他车辆，可 通过接插外部电源进行充电的除 外	87	HS第87章	1324				none	0.0	unmapped
87035042	气缸容量（排气量）超过2000 毫升，但不超过2500毫升： 越野车（4轮驱动）	气缸容量（排气量）超过2000 毫升，但不超过2500毫升： 越野车（4轮驱动）	870350	同时装有点燃式活塞内燃发动 机及驱动电动机的其他车辆，可 通过接插外部电源进行充电的除 外	87	HS第87章	1324				none	0.0	unmapped
87035043	气缸容量（排气量）超过2000 毫升，但不超过2500毫升： 9座及以下的小客车	气缸容量（排气量）超过2000 毫升，但不超过2500毫升： 9座及以下的小客车	870350	同时装有点燃式活塞内燃发动 机及驱动电动机的其他车辆，可 通过接插外部电源进行充电的除 外	87	HS第87章	1324				none	0.0	unmapped
87035049	气缸容量（排气量）超过2000 毫升，但不超过2500毫升： 其他	气缸容量（排气量）超过2000 毫升，但不超过2500毫升： 其他	870350	同时装有点燃式活塞内燃发动 机及驱动电动机的其他车辆，可 通过接插外部电源进行充电的除 外	87	HS第87章	1324				none	0.0	unmapped
87035051	气缸容量（排气量）超过2500 毫升，但不超过3000毫升： 小轿车	气缸容量（排气量）超过2500 毫升，但不超过3000毫升： 小轿车	870350	同时装有点燃式活塞内燃发动 机及驱动电动机的其他车辆，可 通过接插外部电源进行充电的除 外	87	HS第87章	1324				none	0.0	unmapped
87035052	气缸容量（排气量）超过2500 毫升，但不超过3000毫升： 越野车（4轮驱动）	气缸容量（排气量）超过2500 毫升，但不超过3000毫升： 越野车（4轮驱动）	870350	同时装有点燃式活塞内燃发动 机及驱动电动机的其他车辆，可 通过接插外部电源进行充电的除 外	87	HS第87章	1324				none	0.0	unmapped
87035053	气缸容量（排气量）超过2500 毫升，但不超过3000毫升： 9座及以下的小客车	气缸容量（排气量）超过2500 毫升，但不超过3000毫升： 9座及以下的小客车	870350	同时装有点燃式活塞内燃发动 机及驱动电动机的其他车辆，可 通过接插外部电源进行充电的除 外	87	HS第87章	1324				none	0.0	unmapped
87035059	气缸容量（排气量）超过2500 毫升，但不超过3000毫升： 其他	气缸容量（排气量）超过2500 毫升，但不超过3000毫升： 其他	870350	同时装有点燃式活塞内燃发动 机及驱动电动机的其他车辆，可 通过接插外部电源进行充电的除 外	87	HS第87章	1325				none	0.0	unmapped
87035061	气缸容量（排气量）超过3000 毫升，但不超过4000毫升： 小轿车	气缸容量（排气量）超过3000 毫升，但不超过4000毫升： 小轿车	870350	同时装有点燃式活塞内燃发动 机及驱动电动机的其他车辆，可 通过接插外部电源进行充电的除 外	87	HS第87章	1325				none	0.0	unmapped
87035062	气缸容量（排气量）超过3000 毫升，但不超过4000毫升： 越野车（4轮驱动）	气缸容量（排气量）超过3000 毫升，但不超过4000毫升： 越野车（4轮驱动）	870350	同时装有点燃式活塞内燃发动 机及驱动电动机的其他车辆，可 通过接插外部电源进行充电的除 外	87	HS第87章	1325				none	0.0	unmapped
87035063	气缸容量（排气量）超过3000 毫升，但不超过4000毫升： 9座及以下的小客车	气缸容量（排气量）超过3000 毫升，但不超过4000毫升： 9座及以下的小客车	870350	同时装有点燃式活塞内燃发动 机及驱动电动机的其他车辆，可 通过接插外部电源进行充电的除 外	87	HS第87章	1325				none	0.0	unmapped
87035069	气缸容量（排气量）超过3000 毫升，但不超过4000毫升： 其他	气缸容量（排气量）超过3000 毫升，但不超过4000毫升： 其他	870350	同时装有点燃式活塞内燃发动 机及驱动电动机的其他车辆，可 通过接插外部电源进行充电的除 外	87	HS第87章	1325				none	0.0	unmapped
87035071	气缸容量（排气量）超过4000 毫升： 小轿车	气缸容量（排气量）超过4000 毫升： 小轿车	870350	同时装有点燃式活塞内燃发动 机及驱动电动机的其他车辆，可 通过接插外部电源进行充电的除 外	87	HS第87章	1325				none	0.0	unmapped
87035072	气缸容量（排气量）超过4000 毫升： 越野车（4轮驱动）	气缸容量（排气量）超过4000 毫升： 越野车（4轮驱动）	870350	同时装有点燃式活塞内燃发动 机及驱动电动机的其他车辆，可 通过接插外部电源进行充电的除 外	87	HS第87章	1325				none	0.0	unmapped
87035073	气缸容量（排气量）超过4000 毫升： 9座及以下的小客车	气缸容量（排气量）超过4000 毫升： 9座及以下的小客车	870350	同时装有点燃式活塞内燃发动 机及驱动电动机的其他车辆，可 通过接插外部电源进行充电的除 外	87	HS第87章	1326				none	0.0	unmapped
87035079	气缸容量（排气量）超过4000 毫升： 其他	气缸容量（排气量）超过4000 毫升： 其他	870350	同时装有点燃式活塞内燃发动 机及驱动电动机的其他车辆，可 通过接插外部电源进行充电的除 外	87	HS第87章	1326				none	0.0	unmapped
87036011	同时装有点燃式活塞内燃发动 机及驱动电动机、可通过接插外 部电源进行充电的其他车辆： ---气缸容量（排气量）不超过1000 毫升： 小轿车	同时装有点燃式活塞内燃发动 机及驱动电动机、可通过接插外 部电源进行充电的其他车辆： ---气缸容量（排气量）不超过1000 毫升： 小轿车	870360	同时装有点燃式活塞内燃发动 机及驱动电动机、可通过接插外 部电源进行充电的其他车辆	87	HS第87章	1326				none	0.0	unmapped
87036012	气缸容量（排气量）不超过1000 毫升： 越野车（4轮驱动）	气缸容量（排气量）不超过1000 毫升： 越野车（4轮驱动）	870360	同时装有点燃式活塞内燃发动 机及驱动电动机、可通过接插外 部电源进行充电的其他车辆	87	HS第87章	1326				none	0.0	unmapped
87036013	气缸容量（排气量）不超过1000 毫升： 9座及以下的小客车	气缸容量（排气量）不超过1000 毫升： 9座及以下的小客车	870360	同时装有点燃式活塞内燃发动 机及驱动电动机、可通过接插外 部电源进行充电的其他车辆	87	HS第87章	1326				none	0.0	unmapped
87036019	气缸容量（排气量）不超过1000 毫升： 其他	气缸容量（排气量）不超过1000 毫升： 其他	870360	同时装有点燃式活塞内燃发动 机及驱动电动机、可通过接插外 部电源进行充电的其他车辆	87	HS第87章	1326				none	0.0	unmapped
87036021	气缸容量（排气量）超过1000 毫升，但不超过1500毫升： 小轿车	气缸容量（排气量）超过1000 毫升，但不超过1500毫升： 小轿车	870360	同时装有点燃式活塞内燃发动 机及驱动电动机、可通过接插外 部电源进行充电的其他车辆	87	HS第87章	1326				none	0.0	unmapped
87036022	气缸容量（排气量）超过1000 毫升，但不超过1500毫升： 越野车（4轮驱动）	气缸容量（排气量）超过1000 毫升，但不超过1500毫升： 越野车（4轮驱动）	870360	同时装有点燃式活塞内燃发动 机及驱动电动机、可通过接插外 部电源进行充电的其他车辆	87	HS第87章	1327				none	0.0	unmapped
87036023	气缸容量（排气量）超过1000 毫升，但不超过1500毫升： 9座及以下的小客车	气缸容量（排气量）超过1000 毫升，但不超过1500毫升： 9座及以下的小客车	870360	同时装有点燃式活塞内燃发动 机及驱动电动机、可通过接插外 部电源进行充电的其他车辆	87	HS第87章	1327				none	0.0	unmapped
87036029	气缸容量（排气量）超过1000 毫升，但不超过1500毫升： 其他	气缸容量（排气量）超过1000 毫升，但不超过1500毫升： 其他	870360	同时装有点燃式活塞内燃发动 机及驱动电动机、可通过接插外 部电源进行充电的其他车辆	87	HS第87章	1327				none	0.0	unmapped
87036031	气缸容量（排气量）超过1500 毫升，但不超过2000毫升： 小轿车	气缸容量（排气量）超过1500 毫升，但不超过2000毫升： 小轿车	870360	同时装有点燃式活塞内燃发动 机及驱动电动机、可通过接插外 部电源进行充电的其他车辆	87	HS第87章	1327				none	0.0	unmapped
87036032	气缸容量（排气量）超过1500 毫升，但不超过2000毫升： 越野车（4轮驱动）	气缸容量（排气量）超过1500 毫升，但不超过2000毫升： 越野车（4轮驱动）	870360	同时装有点燃式活塞内燃发动 机及驱动电动机、可通过接插外 部电源进行充电的其他车辆	87	HS第87章	1327				none	0.0	unmapped
87036033	气缸容量（排气量）超过1500 毫升，但不超过2000毫升： 9座及以下的小客车	气缸容量（排气量）超过1500 毫升，但不超过2000毫升： 9座及以下的小客车	870360	同时装有点燃式活塞内燃发动 机及驱动电动机、可通过接插外 部电源进行充电的其他车辆	87	HS第87章	1327				none	0.0	unmapped
87036039	气缸容量（排气量）超过1500 毫升，但不超过2000毫升： 其他	气缸容量（排气量）超过1500 毫升，但不超过2000毫升： 其他	870360	同时装有点燃式活塞内燃发动 机及驱动电动机、可通过接插外 部电源进行充电的其他车辆	87	HS第87章	1327				none	0.0	unmapped
87036041	气缸容量（排气量）超过2000 毫升，但不超过2500毫升： 小轿车	气缸容量（排气量）超过2000 毫升，但不超过2500毫升： 小轿车	870360	同时装有点燃式活塞内燃发动 机及驱动电动机、可通过接插外 部电源进行充电的其他车辆	87	HS第87章	1327				none	0.0	unmapped
87036042	气缸容量（排气量）超过2000 毫升，但不超过2500毫升： 越野车（4轮驱动）	气缸容量（排气量）超过2000 毫升，但不超过2500毫升： 越野车（4轮驱动）	870360	同时装有点燃式活塞内燃发动 机及驱动电动机、可通过接插外 部电源进行充电的其他车辆	87	HS第87章	1328				none	0.0	unmapped
87036043	气缸容量（排气量）超过2000 毫升，但不超过2500毫升： 9座及以下的小客车	气缸容量（排气量）超过2000 毫升，但不超过2500毫升： 9座及以下的小客车	870360	同时装有点燃式活塞内燃发动 机及驱动电动机、可通过接插外 部电源进行充电的其他车辆	87	HS第87章	1328				none	0.0	unmapped
87036049	气缸容量（排气量）超过2000 毫升，但不超过2500毫升： 其他	气缸容量（排气量）超过2000 毫升，但不超过2500毫升： 其他	870360	同时装有点燃式活塞内燃发动 机及驱动电动机、可通过接插外 部电源进行充电的其他车辆	87	HS第87章	1328				none	0.0	unmapped
87036051	气缸容量（排气量）超过2500 毫升，但不超过3000毫升： 小轿车	气缸容量（排气量）超过2500 毫升，但不超过3000毫升： 小轿车	870360	同时装有点燃式活塞内燃发动 机及驱动电动机、可通过接插外 部电源进行充电的其他车辆	87	HS第87章	1328				none	0.0	unmapped
87036052	气缸容量（排气量）超过2500 毫升，但不超过3000毫升： 越野车（4轮驱动）	气缸容量（排气量）超过2500 毫升，但不超过3000毫升： 越野车（4轮驱动）	870360	同时装有点燃式活塞内燃发动 机及驱动电动机、可通过接插外 部电源进行充电的其他车辆	87	HS第87章	1328				none	0.0	unmapped
87036053	气缸容量（排气量）超过2500 毫升，但不超过3000毫升： 9座及以下的小客车	气缸容量（排气量）超过2500 毫升，但不超过3000毫升： 9座及以下的小客车	870360	同时装有点燃式活塞内燃发动 机及驱动电动机、可通过接插外 部电源进行充电的其他车辆	87	HS第87章	1328				none	0.0	unmapped
87036059	气缸容量（排气量）超过2500 毫升，但不超过3000毫升： 其他	气缸容量（排气量）超过2500 毫升，但不超过3000毫升： 其他	870360	同时装有点燃式活塞内燃发动 机及驱动电动机、可通过接插外 部电源进行充电的其他车辆	87	HS第87章	1328				none	0.0	unmapped
87036061	气缸容量（排气量）超过3000 毫升，但不超过4000毫升： 小轿车	气缸容量（排气量）超过3000 毫升，但不超过4000毫升： 小轿车	870360	同时装有点燃式活塞内燃发动 机及驱动电动机、可通过接插外 部电源进行充电的其他车辆	87	HS第87章	1329				none	0.0	unmapped
87036062	气缸容量（排气量）超过3000 毫升，但不超过4000毫升： 越野车（4轮驱动）	气缸容量（排气量）超过3000 毫升，但不超过4000毫升： 越野车（4轮驱动）	870360	同时装有点燃式活塞内燃发动 机及驱动电动机、可通过接插外 部电源进行充电的其他车辆	87	HS第87章	1329				none	0.0	unmapped
87036063	气缸容量（排气量）超过3000 毫升，但不超过4000毫升： 9座及以下的小客车	气缸容量（排气量）超过3000 毫升，但不超过4000毫升： 9座及以下的小客车	870360	同时装有点燃式活塞内燃发动 机及驱动电动机、可通过接插外 部电源进行充电的其他车辆	87	HS第87章	1329				none	0.0	unmapped
87036069	气缸容量（排气量）超过3000 毫升，但不超过4000毫升： 其他	气缸容量（排气量）超过3000 毫升，但不超过4000毫升： 其他	870360	同时装有点燃式活塞内燃发动 机及驱动电动机、可通过接插外 部电源进行充电的其他车辆	87	HS第87章	1329				none	0.0	unmapped
87036071	气缸容量（排气量）超过4000 毫升： 小轿车	气缸容量（排气量）超过4000 毫升： 小轿车	870360	同时装有点燃式活塞内燃发动 机及驱动电动机、可通过接插外 部电源进行充电的其他车辆	87	HS第87章	1329				none	0.0	unmapped
87036072	气缸容量（排气量）超过4000 毫升： 越野车（4轮驱动）	气缸容量（排气量）超过4000 毫升： 越野车（4轮驱动）	870360	同时装有点燃式活塞内燃发动 机及驱动电动机、可通过接插外 部电源进行充电的其他车辆	87	HS第87章	1329				none	0.0	unmapped
87036073	气缸容量（排气量）超过4000 毫升： 9座及以下的小客车	气缸容量（排气量）超过4000 毫升： 9座及以下的小客车	870360	同时装有点燃式活塞内燃发动 机及驱动电动机、可通过接插外 部电源进行充电的其他车辆	87	HS第87章	1329				none	0.0	unmapped
87036079	气缸容量（排气量）超过4000 毫升： 其他	气缸容量（排气量）超过4000 毫升： 其他	870360	同时装有点燃式活塞内燃发动 机及驱动电动机、可通过接插外 部电源进行充电的其他车辆	87	HS第87章	1329				none	0.0	unmapped
87037011	气缸容量（排气量）超过4000 毫升： 小轿车	气缸容量（排气量）超过4000 毫升： 小轿车	870370	同时装有点燃式活塞内燃发动 机及驱动电动机、可通过接插外 部电源进行充电的其他车辆	87	HS第87章	1330				none	0.0	unmapped
87037012	气缸容量（排气量）超过4000 毫升： 越野车（4轮驱动）	气缸容量（排气量）超过4000 毫升： 越野车（4轮驱动）	870370	同时装有点燃式活塞内燃发动 机及驱动电动机、可通过接插外 部电源进行充电的其他车辆	87	HS第87章	1330				none	0.0	unmapped
87037013	气缸容量（排气量）超过4000 毫升： 9座及以下的小客车	气缸容量（排气量）超过4000 毫升： 9座及以下的小客车	870370	同时装有点燃式活塞内燃发动 机及驱动电动机、可通过接插外 部电源进行充电的其他车辆	87	HS第87章	1330				none	0.0	unmapped
87037019	气缸容量（排气量）超过4000 毫升： 其他	气缸容量（排气量）超过4000 毫升： 其他	870370	同时装有点燃式活塞内燃发动 机及驱动电动机、可通过接插外 部电源进行充电的其他车辆	87	HS第87章	1330				none	0.0	unmapped
87037021	气缸容量（排气量）超过1000 毫升，但不超过1500毫升： 小轿车	气缸容量（排气量）超过1000 毫升，但不超过1500毫升： 小轿车	870370	同时装有点燃式活塞内燃发动 机及驱动电动机、可通过接插外 部电源进行充电的其他车辆	87	HS第87章	1330				none	0.0	unmapped
87037022	气缸容量（排气量）超过1000 毫升，但不超过1500毫升： 越野车（4轮驱动）	气缸容量（排气量）超过1000 毫升，但不超过1500毫升： 越野车（4轮驱动）	870370	同时装有点燃式活塞内燃发动 机及驱动电动机、可通过接插外 部电源进行充电的其他车辆	87	HS第87章	1330				none	0.0	unmapped
87037023	气缸容量（排气量）超过1000 毫升，但不超过1500毫升： 9座及以下的小客车	气缸容量（排气量）超过1000 毫升，但不超过1500毫升： 9座及以下的小客车	870370	同时装有点燃式活塞内燃发动 机及驱动电动机、可通过接插外 部电源进行充电的其他车辆	87	HS第87章	1330				none	0.0	unmapped
87037029	气缸容量（排气量）超过1000 毫升，但不超过1500毫升： 其他	气缸容量（排气量）超过1000 毫升，但不超过1500毫升： 其他	870370	同时装有点燃式活塞内燃发动 机及驱动电动机、可通过接插外 部电源进行充电的其他车辆	87	HS第87章	1331				none	0.0	unmapped
87037031	气缸容量（排气量）超过1500 毫升，但不超过2000毫升： 小轿车	气缸容量（排气量）超过1500 毫升，但不超过2000毫升： 小轿车	870370	同时装有点燃式活塞内燃发动 机及驱动电动机、可通过接插外 部电源进行充电的其他车辆	87	HS第87章	1331				none	0.0	unmapped
87037032	气缸容量（排气量）超过1500 毫升，但不超过2000毫升： 越野车（4轮驱动）	气缸容量（排气量）超过1500 毫升，但不超过2000毫升： 越野车（4轮驱动）	870370	同时装有点燃式活塞内燃发动 机及驱动电动机、可通过接插外 部电源进行充电的其他车辆	87	HS第87章	1331				none	0.0	unmapped
87037033	气缸容量（排气量）超过1500 毫升，但不超过2000毫升： 9座及以下的小客车	气缸容量（排气量）超过1500 毫升，但不超过2000毫升： 9座及以下的小客车	870370	同时装有点燃式活塞内燃发动 机及驱动电动机、可通过接插外 部电源进行充电的其他车辆	87	HS第87章	1331				none	0.0	unmapped
87037039	气缸容量（排气量）超过1500 毫升，但不超过2000毫升： 其他	气缸容量（排气量）超过1500 毫升，但不超过2000毫升： 其他	870370	同时装有点燃式活塞内燃发动 机及驱动电动机、可通过接插外 部电源进行充电的其他车辆	87	HS第87章	1331				none	0.0	unmapped
87037041	气缸容量（排气量）超过2000 毫升，但不超过2500毫升： 小轿车	气缸容量（排气量）超过2000 毫升，但不超过2500毫升： 小轿车	870370	同时装有点燃式活塞内燃发动 机及驱动电动机、可通过接插外 部电源进行充电的其他车辆	87	HS第87章	1331				none	0.0	unmapped
87037042	气缸容量（排气量）超过2000 毫升，但不超过2500毫升： 越野车（4轮驱动）	气缸容量（排气量）超过2000 毫升，但不超过2500毫升： 越野车（4轮驱动）	870370	同时装有点燃式活塞内燃发动 机及驱动电动机、可通过接插外 部电源进行充电的其他车辆	87	HS第87章	1331				none	0.0	unmapped
87037043	气缸容量（排气量）超过2000 毫升，但不超过2500毫升： 9座及以下的小客车	气缸容量（排气量）超过2000 毫升，但不超过2500毫升： 9座及以下的小客车	870370	同时装有点燃式活塞内燃发动 机及驱动电动机、可通过接插外 部电源进行充电的其他车辆	87	HS第87章	1331				none	0.0	unmapped
87037049	气缸容量（排气量）超过2000 毫升，但不超过2500毫升： 其他	气缸容量（排气量）超过2000 毫升，但不超过2500毫升： 其他	870370	同时装有点燃式活塞内燃发动 机及驱动电动机、可通过接插外 部电源进行充电的其他车辆	87	HS第87章	1332				none	0.0	unmapped
87037051	气缸容量（排气量）超过2500 毫升，但不超过3000毫升： 小轿车	气缸容量（排气量）超过2500 毫升，但不超过3000毫升： 小轿车	870370	同时装有点燃式活塞内燃发动 机及驱动电动机、可通过接插外 部电源进行充电的其他车辆	87	HS第87章	1332				none	0.0	unmapped
87037052	气缸容量（排气量）超过2500 毫升，但不超过3000毫升： 越野车（4轮驱动）	气缸容量（排气量）超过2500 毫升，但不超过3000毫升： 越野车（4轮驱动）	870370	同时装有点燃式活塞内燃发动 机及驱动电动机、可通过接插外 部电源进行充电的其他车辆	87	HS第87章	1332				none	0.0	unmapped
87037053	气缸容量（排气量）超过2500 毫升，但不超过3000毫升： 9座及以下的小客车	气缸容量（排气量）超过2500 毫升，但不超过3000毫升： 9座及以下的小客车	870370	同时装有点燃式活塞内燃发动 机及驱动电动机、可通过接插外 部电源进行充电的其他车辆	87	HS第87章	1332				none	0.0	unmapped
87037059	气缸容量（排气量）超过2500 毫升，但不超过3000毫升： 其他	气缸容量（排气量）超过2500 毫升，但不超过3000毫升： 其他	870370	同时装有点燃式活塞内燃发动 机及驱动电动机、可通过接插外 部电源进行充电的其他车辆	87	HS第87章	1332				none	0.0	unmapped
87037061	气缸容量（排气量）超过3000 毫升，但不超过4000毫升： 小轿车	气缸容量（排气量）超过3000 毫升，但不超过4000毫升： 小轿车	870370	同时装有点燃式活塞内燃发动 机及驱动电动机、可通过接插外 部电源进行充电的其他车辆	87	HS第87章	1332				none	0.0	unmapped
87037062	气缸容量（排气量）超过3000 毫升，但不超过4000毫升： 越野车（4轮驱动）	气缸容量（排气量）超过3000 毫升，但不超过4000毫升： 越野车（4轮驱动）	870370	同时装有点燃式活塞内燃发动 机及驱动电动机、可通过接插外 部电源进行充电的其他车辆	87	HS第87章	1332				none	0.0	unmapped
87037063	气缸容量（排气量）超过3000 毫升，但不超过4000毫升： 9座及以下的小客车	气缸容量（排气量）超过3000 毫升，但不超过4000毫升： 9座及以下的小客车	870370	同时装有点燃式活塞内燃发动 机及驱动电动机、可通过接插外 部电源进行充电的其他车辆	87	HS第87章	1333				none	0.0	unmapped
87037069	气缸容量（排气量）超过3000 毫升，但不超过4000毫升： 其他	气缸容量（排气量）超过3000 毫升，但不超过4000毫升： 其他	870370	同时装有点燃式活塞内燃发动 机及驱动电动机、可通过接插外 部电源进行充电的其他车辆	87	HS第87章	1333				none	0.0	unmapped
87037071	气缸容量（排气量）超过4000 毫升： 小轿车	气缸容量（排气量）超过4000 毫升： 小轿车	870370	同时装有点燃式活塞内燃发动 机及驱动电动机、可通过接插外 部电源进行充电的其他车辆	87	HS第87章	1333				none	0.0	unmapped
87037072	气缸容量（排气量）超过4000 毫升： 越野车（4轮驱动）	气缸容量（排气量）超过4000 毫升： 越野车（4轮驱动）	870370	同时装有点燃式活塞内燃发动 机及驱动电动机、可通过接插外 部电源进行充电的其他车辆	87	HS第87章	1333				none	0.0	unmapped
87037073	气缸容量（排气量）超过4000 毫升： 9座及以下的小客车	气缸容量（排气量）超过4000 毫升： 9座及以下的小客车	870370	同时装有点燃式活塞内燃发动 机及驱动电动机、可通过接插外 部电源进行充电的其他车辆	87	HS第87章	1333				none	0.0	unmapped
87037079	气缸容量（排气量）超过4000 毫升： 其他	气缸容量（排气量）超过4000 毫升： 其他	870370	同时装有点燃式活塞内燃发动 机及驱动电动机、可通过接插外 部电源进行充电的其他车辆	87	HS第87章	1333				none	0.0	unmapped
87038010	仅装有驱动电动机的其他车辆： 具有车辆识别代号（VIN码）	仅装有驱动电动机的其他车辆： 具有车辆识别代号（VIN码）	870380	仅装有驱动电动机的其他车辆	87	HS第87章	1333				none	0.0	unmapped
87038090	其他	其他	870380	仅装有驱动电动机的其他车辆	87	HS第87章	1334				none	0.0	unmapped
87039000	其他	其他	870390	其他	87	HS第87章	1334				none	0.0	unmapped
87041030	非公路用自卸车： 电动轮货运自卸车	非公路用自卸车： 电动轮货运自卸车	870410	非公路用自卸车	87	HS第87章	1334				none	0.0	unmapped
87041090	其他	其他	870410	非公路用自卸车	87	HS第87章	1334				none	0.0	unmapped
87042100	仅装有压燃式活塞内燃发动机 （柴油或半柴油发动机）的其他 货车： 车辆总重量不超过5吨	仅装有压燃式活塞内燃发动机 （柴油或半柴油发动机）的其他 货车： 车辆总重量不超过5吨	870421	仅装有压燃式活塞内燃发动机 （柴油或半柴油发动机）的其他 货车： / 车辆总重量不超过5吨	87	HS第87章	1334				none	0.0	unmapped
87042230	车辆总重量超过5吨，但不超过 20吨： 车辆总重量超过5吨，但小于14 吨	车辆总重量超过5吨，但不超过 20吨： 车辆总重量超过5吨，但小于14 吨	870422	仅装有压燃式活塞内燃发动机 （柴油或半柴油发动机）的其他 货车： / 车辆总重量超过5吨，但不超过 20吨	87	HS第87章	1334				none	0.0	unmapped
87042240	车辆总重量在14吨及以上，但 不超过20吨	车辆总重量在14吨及以上，但 不超过20吨	870422	仅装有压燃式活塞内燃发动机 （柴油或半柴油发动机）的其他 货车： / 车辆总重量超过5吨，但不超过 20吨	87	HS第87章	1335				none	0.0	unmapped
87042300	车辆总重量超过20吨 仅装柴油或半柴油发动机的车辆 总重量≥31吨清障车专用底盘 仅装柴油或半柴油发动机的固井 水泥车、压裂车、混砂车、连续 油管车、液氮泵车用底盘（车辆 总重量＞35吨，装驾驶室）	车辆总重量超过20吨 仅装柴油或半柴油发动机的车辆 总重量≥31吨清障车专用底盘 仅装柴油或半柴油发动机的固井 水泥车、压裂车、混砂车、连续 油管车、液氮泵车用底盘（车辆 总重量＞35吨，装驾驶室）	870423	仅装有压燃式活塞内燃发动机 （柴油或半柴油发动机）的其他 货车： / 车辆总重量超过20吨	87	HS第87章	1335				none	0.0	unmapped
87043100	仅装有点燃式活塞内燃发动机 的其他货车： 车辆总重量不超过5吨	仅装有点燃式活塞内燃发动机 的其他货车： 车辆总重量不超过5吨	870431	仅装有点燃式活塞内燃发动机 的其他货车： / 车辆总重量不超过5吨	87	HS第87章	1335				none	0.0	unmapped
87043230	车辆总重量超过5吨： 车辆总重量超过5吨，但不超过 8吨	车辆总重量超过5吨： 车辆总重量超过5吨，但不超过 8吨	870432	仅装有点燃式活塞内燃发动机 的其他货车： / 车辆总重量超过5吨	87	HS第87章	1335				none	0.0	unmapped
87043240	车辆总重量超过8吨	车辆总重量超过8吨	870432	仅装有点燃式活塞内燃发动机 的其他货车： / 车辆总重量超过5吨	87	HS第87章	1335				none	0.0	unmapped
87044100	同时装有压燃式活塞内燃发动 机（柴油或半柴油发动机）及驱 动电动机的其他货车： 车辆总重量不超过5吨	同时装有压燃式活塞内燃发动 机（柴油或半柴油发动机）及驱 动电动机的其他货车： 车辆总重量不超过5吨	870441	同时装有压燃式活塞内燃发动 机（柴油或半柴油发动机）及驱 动电动机的其他货车： / 车辆总重量不超过5吨	87	HS第87章	1335				none	0.0	unmapped
87044210	车辆总重量超过5吨，但小于14 吨	车辆总重量超过5吨，但小于14 吨	870442	同时装有压燃式活塞内燃发动 机（柴油或半柴油发动机）及驱 动电动机的其他货车： / 车辆总重量超过5吨，但不超过 20吨	87	HS第87章	1336				none	0.0	unmapped
87044220	车辆总重量在14吨及以上，但 不超过20吨	车辆总重量在14吨及以上，但 不超过20吨	870442	同时装有压燃式活塞内燃发动 机（柴油或半柴油发动机）及驱 动电动机的其他货车： / 车辆总重量超过5吨，但不超过 20吨	87	HS第87章	1336				none	0.0	unmapped
87044300	车辆总重量超过20吨	车辆总重量超过20吨	870443	同时装有压燃式活塞内燃发动 机（柴油或半柴油发动机）及驱 动电动机的其他货车： / 车辆总重量超过20吨	87	HS第87章	1336				none	0.0	unmapped
87045100	同时装有点燃式活塞内燃发动 机及驱动电动机的其他货车： 车辆总重量不超过5吨	同时装有点燃式活塞内燃发动 机及驱动电动机的其他货车： 车辆总重量不超过5吨	870451	同时装有点燃式活塞内燃发动 机及驱动电动机的其他货车： / 车辆总重量不超过5吨	87	HS第87章	1336				none	0.0	unmapped
87045210	车辆总重量超过5吨： 车辆总重量超过5吨，但不超过 8吨	车辆总重量超过5吨： 车辆总重量超过5吨，但不超过 8吨	870452	同时装有点燃式活塞内燃发动 机及驱动电动机的其他货车： / 车辆总重量超过5吨	87	HS第87章	1336				none	0.0	unmapped
87045220	车辆总重量超过8吨	车辆总重量超过8吨	870452	同时装有点燃式活塞内燃发动 机及驱动电动机的其他货车： / 车辆总重量超过5吨	87	HS第87章	1336				none	0.0	unmapped
87046000	仅装有驱动电动机的其他货车	仅装有驱动电动机的其他货车	870460	仅装有驱动电动机的其他货车	87	HS第87章	1336				none	0.0	unmapped
87049000	其他	其他	870490	其他	87	HS第87章	1337				none	0.0	unmapped
87051021	起重车： ---全路面起重车： 最大起重重量不超过50吨	起重车： ---全路面起重车： 最大起重重量不超过50吨	870510	起重车	87	HS第87章	1337				none	0.0	unmapped
87051022	全路面起重车： 最大起重重量超过50吨，但不 超过100吨	全路面起重车： 最大起重重量超过50吨，但不 超过100吨	870510	起重车	87	HS第87章	1337				none	0.0	unmapped
87051023	全路面起重车： 最大起重重量超过100吨	全路面起重车： 最大起重重量超过100吨	870510	起重车	87	HS第87章	1337				none	0.0	unmapped
87051091	其他： 最大起重重量不超过50吨	其他： 最大起重重量不超过50吨	870510	起重车	87	HS第87章	1338				none	0.0	unmapped
87051092	其他： 最大起重重量超过50吨，但不 超过100吨	其他： 最大起重重量超过50吨，但不 超过100吨	870510	起重车	87	HS第87章	1338				none	0.0	unmapped
87051093	其他： 最大起重重量超过100吨	其他： 最大起重重量超过100吨	870510	起重车	87	HS第87章	1338				none	0.0	unmapped
87052000	钻探车	钻探车	870520	钻探车	87	HS第87章	1338				none	0.0	unmapped
87053010	救火车： 装有云梯的救火车	救火车： 装有云梯的救火车	870530	救火车	87	HS第87章	1338				none	0.0	unmapped
87053090	其他	其他	870530	救火车	87	HS第87章	1339				none	0.0	unmapped
87054000	混凝土搅拌车	混凝土搅拌车	870540	混凝土搅拌车	87	HS第87章	1339				none	0.0	unmapped
87059010	其他： 无线电通信车	其他： 无线电通信车	870590	其他	87	HS第87章	1339				none	0.0	unmapped
87059020	放射线检查车	放射线检查车	870590	其他	87	HS第87章	1339				none	0.0	unmapped
87059030	环境监测车	环境监测车	870590	其他	87	HS第87章	1339				none	0.0	unmapped
87059040	医疗车	医疗车	870590	其他	87	HS第87章	1340				none	0.0	unmapped
87059051	电源车： 航空电源车（频率为400赫兹）	电源车： 航空电源车（频率为400赫兹）	870590	其他	87	HS第87章	1340				none	0.0	unmapped
87059059	电源车： 其他	电源车： 其他	870590	其他	87	HS第87章	1340				none	0.0	unmapped
87059060	飞机加油车、调温车、除冰车	飞机加油车、调温车、除冰车	870590	其他	87	HS第87章	1340				none	0.0	unmapped
87059070	道路（包括跑道）扫雪车	道路（包括跑道）扫雪车	870590	其他	87	HS第87章	1341				none	0.0	unmapped
87059080	石油测井车、压裂车、混砂车	石油测井车、压裂车、混砂车	870590	其他	87	HS第87章	1341				none	0.0	unmapped
87059091	其他： 混凝土泵车	其他： 混凝土泵车	870590	其他	87	HS第87章	1341				none	0.0	unmapped
87059099	其他： 其他	其他： 其他	870590	其他	87	HS第87章	1341				none	0.0	unmapped
87060010	非公路用自卸车底盘	非公路用自卸车底盘	870600	装有发动机的机动车辆底盘，税 目87.01至87.05所列车辆用	87	HS第87章	1342				none	0.0	unmapped
87060021	货车底盘： 车辆总重量在14吨及以上的	货车底盘： 车辆总重量在14吨及以上的	870600	装有发动机的机动车辆底盘，税 目87.01至87.05所列车辆用	87	HS第87章	1342				none	0.0	unmapped
87060022	货车底盘： 车辆总重量在14吨以下的	货车底盘： 车辆总重量在14吨以下的	870600	装有发动机的机动车辆底盘，税 目87.01至87.05所列车辆用	87	HS第87章	1342				none	0.0	unmapped
87060030	大型客车底盘	大型客车底盘	870600	装有发动机的机动车辆底盘，税 目87.01至87.05所列车辆用	87	HS第87章	1342				none	0.0	unmapped
87060040	汽车起重机底盘	汽车起重机底盘	870600	装有发动机的机动车辆底盘，税 目87.01至87.05所列车辆用	87	HS第87章	1342				none	0.0	unmapped
87060090	其他	其他	870600	装有发动机的机动车辆底盘，税 目87.01至87.05所列车辆用	87	HS第87章	1342				none	0.0	unmapped
87071000	税目87.03所列车辆用	税目87.03所列车辆用	870710	税目87.03所列车辆用	87	HS第87章	1343				none	0.0	unmapped
87079010	其他： 子目8702.1092、8702.1093、 8702.9020及8702.9030所列车辆 用	其他： 子目8702.1092、8702.1093、 8702.9020及8702.9030所列车辆 用	870790	其他	87	HS第87章	1343				none	0.0	unmapped
87079090	其他	其他	870790	其他	87	HS第87章	1343				none	0.0	unmapped
87081000	缓冲器（保险杠）及其零件	缓冲器（保险杠）及其零件	870810	缓冲器（保险杠）及其零件	87	HS第87章	1343				none	0.0	unmapped
87082100	座椅安全带	座椅安全带	870821	车身（包括驾驶室）的其他零件、 附件： / 座椅安全带	87	HS第87章	1344				none	0.0	unmapped
87082211	本章子目注释一所列的前挡风 玻璃、后窗及其他车窗： ---天窗： 电动的	本章子目注释一所列的前挡风 玻璃、后窗及其他车窗： ---天窗： 电动的	870822	车身（包括驾驶室）的其他零件、 附件： / 本章子目注释一所列的前挡风 玻璃、后窗及其他车窗	87	HS第87章	1344				none	0.0	unmapped
87082212	天窗： 手动的	天窗： 手动的	870822	车身（包括驾驶室）的其他零件、 附件： / 本章子目注释一所列的前挡风 玻璃、后窗及其他车窗	87	HS第87章	1344				none	0.0	unmapped
87082290	其他	其他	870822	车身（包括驾驶室）的其他零件、 附件： / 本章子目注释一所列的前挡风 玻璃、后窗及其他车窗	87	HS第87章	1344				none	0.0	unmapped
87082930	其他： 车窗玻璃升降器	其他： 车窗玻璃升降器	870829	车身（包括驾驶室）的其他零件、 附件： / 其他	87	HS第87章	1344				none	0.0	unmapped
87082951	其他车身覆盖件： 侧围	其他车身覆盖件： 侧围	870829	车身（包括驾驶室）的其他零件、 附件： / 其他	87	HS第87章	1345				none	0.0	unmapped
87082952	其他车身覆盖件： 车门	其他车身覆盖件： 车门	870829	车身（包括驾驶室）的其他零件、 附件： / 其他	87	HS第87章	1345				none	0.0	unmapped
87082953	其他车身覆盖件： 发动机罩盖	其他车身覆盖件： 发动机罩盖	870829	车身（包括驾驶室）的其他零件、 附件： / 其他	87	HS第87章	1345				none	0.0	unmapped
87082954	其他车身覆盖件： 前围	其他车身覆盖件： 前围	870829	车身（包括驾驶室）的其他零件、 附件： / 其他	87	HS第87章	1345				none	0.0	unmapped
87082955	其他车身覆盖件： 行李箱盖（或背门）	其他车身覆盖件： 行李箱盖（或背门）	870829	车身（包括驾驶室）的其他零件、 附件： / 其他	87	HS第87章	1345				none	0.0	unmapped
87082956	其他车身覆盖件： 后围	其他车身覆盖件： 后围	870829	车身（包括驾驶室）的其他零件、 附件： / 其他	87	HS第87章	1346				none	0.0	unmapped
87082957	其他车身覆盖件： 翼子板（或叶子板）	其他车身覆盖件： 翼子板（或叶子板）	870829	车身（包括驾驶室）的其他零件、 附件： / 其他	87	HS第87章	1346				none	0.0	unmapped
87082959	其他车身覆盖件： 其他	其他车身覆盖件： 其他	870829	车身（包括驾驶室）的其他零件、 附件： / 其他	87	HS第87章	1346				none	0.0	unmapped
87082990	其他	其他	870829	车身（包括驾驶室）的其他零件、 附件： / 其他	87	HS第87章	1346				none	0.0	unmapped
87083010	制动器、助力制动器及其零件： 装在蹄片上的制动摩擦片	制动器、助力制动器及其零件： 装在蹄片上的制动摩擦片	870830	制动器、助力制动器及其零件	87	HS第87章	1346				none	0.0	unmapped
87083021	防抱死制动系统： 税目87.01、税号8704.1030及 8704.1090所列车辆用	防抱死制动系统： 税目87.01、税号8704.1030及 8704.1090所列车辆用	870830	制动器、助力制动器及其零件	87	HS第87章	1347				none	0.0	unmapped
87083029	防抱死制动系统： 其他	防抱死制动系统： 其他	870830	制动器、助力制动器及其零件	87	HS第87章	1347				none	0.0	unmapped
87083091	其他： 税目87.01所列车辆用	其他： 税目87.01所列车辆用	870830	制动器、助力制动器及其零件	87	HS第87章	1347				none	0.0	unmapped
87083092	其他： 税号8702.1091及8702.9010所 列车辆用	其他： 税号8702.1091及8702.9010所 列车辆用	870830	制动器、助力制动器及其零件	87	HS第87章	1347				none	0.0	unmapped
87083093	其他： 税号8704.1030及8704.1090所 列车辆用	其他： 税号8704.1030及8704.1090所 列车辆用	870830	制动器、助力制动器及其零件	87	HS第87章	1347				none	0.0	unmapped
87083094	其他： 税号8704.2100、8704.2230、 8704.3100及8704.3230所列车辆 用	其他： 税号8704.2100、8704.2230、 8704.3100及8704.3230所列车辆 用	870830	制动器、助力制动器及其零件	87	HS第87章	1348				none	0.0	unmapped
87083095	其他： 税号8704.2240、8704.2300及 8704.3240所列车辆用	其他： 税号8704.2240、8704.2300及 8704.3240所列车辆用	870830	制动器、助力制动器及其零件	87	HS第87章	1348				none	0.0	unmapped
87083096	其他： 税目87.05所列车辆用	其他： 税目87.05所列车辆用	870830	制动器、助力制动器及其零件	87	HS第87章	1348				none	0.0	unmapped
87083099	其他： 其他 纯电动或混合动力汽车用电动制 动器（由制动器电子控制单元、 踏板行程模拟器、制动执行器等 组成）	其他： 其他 纯电动或混合动力汽车用电动制 动器（由制动器电子控制单元、 踏板行程模拟器、制动执行器等 组成）	870830	制动器、助力制动器及其零件	87	HS第87章	1348				none	0.0	unmapped
87084010	变速箱及其零件： 税目87.01所列车辆用 发动机功率65千瓦及以上的动力 换挡拖拉机用变速箱	变速箱及其零件： 税目87.01所列车辆用 发动机功率65千瓦及以上的动力 换挡拖拉机用变速箱	870840	变速箱及其零件	87	HS第87章	1348				none	0.0	unmapped
87084020	税号8702.1091及8702.9010所 列车辆用	税号8702.1091及8702.9010所 列车辆用	870840	变速箱及其零件	87	HS第87章	1349				none	0.0	unmapped
87084030	税号8704.1030及8704.1090所 列车辆用 扭矩＞1500牛米的非公路自卸车 用变速箱	税号8704.1030及8704.1090所 列车辆用 扭矩＞1500牛米的非公路自卸车 用变速箱	870840	变速箱及其零件	87	HS第87章	1349				none	0.0	unmapped
87084040	税号8704.2100、8704.2230、 8704.3100及8704.3230所列车辆 用	税号8704.2100、8704.2230、 8704.3100及8704.3230所列车辆 用	870840	变速箱及其零件	87	HS第87章	1349				none	0.0	unmapped
87084050	税号8704.2240、8704.2300及 8704.3240所列车辆用	税号8704.2240、8704.2300及 8704.3240所列车辆用	870840	变速箱及其零件	87	HS第87章	1349				none	0.0	unmapped
87084060	税目87.05所列车辆用 特殊用途的机动车辆用自动变速 箱及其零件	税目87.05所列车辆用 特殊用途的机动车辆用自动变速 箱及其零件	870840	变速箱及其零件	87	HS第87章	1349				none	0.0	unmapped
87084091	其他： 税目87.03所列车辆用自动换 挡变速箱及其零件 税目87.03所列车辆用自动变速箱 用液力变矩器 税目87.03所列车辆用自动变速箱 用铝阀芯 税目87.03所列车辆用无级变速箱 用钢带	其他： 税目87.03所列车辆用自动换 挡变速箱及其零件 税目87.03所列车辆用自动变速箱 用液力变矩器 税目87.03所列车辆用自动变速箱 用铝阀芯 税目87.03所列车辆用无级变速箱 用钢带	870840	变速箱及其零件	87	HS第87章	1349	管材管件阀门	阀门	管材管件阀门/阀门	pipe-valve	0.82	candidate
87084099	其他： 其他	其他： 其他	870840	变速箱及其零件	87	HS第87章	1350				none	0.0	unmapped
87085071	装有差速器的驱动桥及其零件， 不论是否装有其他传动部件；非 驱动桥及其零件： ---装有差速器的驱动桥及其零 件，不论是否装有其他传动部件： 税目87.01所列车辆用 发动机功率65千瓦及以上的动力 换挡拖拉机用驱动桥	装有差速器的驱动桥及其零件， 不论是否装有其他传动部件；非 驱动桥及其零件： ---装有差速器的驱动桥及其零 件，不论是否装有其他传动部件： 税目87.01所列车辆用 发动机功率65千瓦及以上的动力 换挡拖拉机用驱动桥	870850	装有差速器的驱动桥及其零件， 不论是否装有其他传动部件；非 驱动桥及其零件	87	HS第87章	1350				none	0.0	unmapped
87085072	装有差速器的驱动桥及其零 件，不论是否装有其他传动部件： 税号8702.1091及8702.9010所 列车辆用	装有差速器的驱动桥及其零 件，不论是否装有其他传动部件： 税号8702.1091及8702.9010所 列车辆用	870850	装有差速器的驱动桥及其零件， 不论是否装有其他传动部件；非 驱动桥及其零件	87	HS第87章	1350				none	0.0	unmapped
87085073	装有差速器的驱动桥及其零 件，不论是否装有其他传动部件： 税号8704.1030及8704.1090所 列车辆用	装有差速器的驱动桥及其零 件，不论是否装有其他传动部件： 税号8704.1030及8704.1090所 列车辆用	870850	装有差速器的驱动桥及其零件， 不论是否装有其他传动部件；非 驱动桥及其零件	87	HS第87章	1350				none	0.0	unmapped
87085074	装有差速器的驱动桥及其零 件，不论是否装有其他传动部件： 税号8704.2100、8704.2230、 8704.3100及8704.3230所列车辆 用	装有差速器的驱动桥及其零 件，不论是否装有其他传动部件： 税号8704.2100、8704.2230、 8704.3100及8704.3230所列车辆 用	870850	装有差速器的驱动桥及其零件， 不论是否装有其他传动部件；非 驱动桥及其零件	87	HS第87章	1350				none	0.0	unmapped
87085075	装有差速器的驱动桥及其零 件，不论是否装有其他传动部件： 税号8704.2240、8704.2300及 8704.3240所列车辆用	装有差速器的驱动桥及其零 件，不论是否装有其他传动部件： 税号8704.2240、8704.2300及 8704.3240所列车辆用	870850	装有差速器的驱动桥及其零件， 不论是否装有其他传动部件；非 驱动桥及其零件	87	HS第87章	1351				none	0.0	unmapped
87085076	装有差速器的驱动桥及其零 件，不论是否装有其他传动部件： 税目87.05所列车辆用	装有差速器的驱动桥及其零 件，不论是否装有其他传动部件： 税目87.05所列车辆用	870850	装有差速器的驱动桥及其零件， 不论是否装有其他传动部件；非 驱动桥及其零件	87	HS第87章	1351				none	0.0	unmapped
87085079	装有差速器的驱动桥及其零 件，不论是否装有其他传动部件： 其他	装有差速器的驱动桥及其零 件，不论是否装有其他传动部件： 其他	870850	装有差速器的驱动桥及其零件， 不论是否装有其他传动部件；非 驱动桥及其零件	87	HS第87章	1351				none	0.0	unmapped
87085081	非驱动桥及其零件： 税目87.01所列车辆用	非驱动桥及其零件： 税目87.01所列车辆用	870850	装有差速器的驱动桥及其零件， 不论是否装有其他传动部件；非 驱动桥及其零件	87	HS第87章	1351				none	0.0	unmapped
87085082	非驱动桥及其零件： 税号8702.1091及8702.9010所 列车辆用	非驱动桥及其零件： 税号8702.1091及8702.9010所 列车辆用	870850	装有差速器的驱动桥及其零件， 不论是否装有其他传动部件；非 驱动桥及其零件	87	HS第87章	1351				none	0.0	unmapped
87085083	非驱动桥及其零件： 税号8704.1030及8704.1090所 列车辆用	非驱动桥及其零件： 税号8704.1030及8704.1090所 列车辆用	870850	装有差速器的驱动桥及其零件， 不论是否装有其他传动部件；非 驱动桥及其零件	87	HS第87章	1351				none	0.0	unmapped
87085084	非驱动桥及其零件： 税号8704.2100、8704.2230、 8704.3100及8704.3230所列车辆 用	非驱动桥及其零件： 税号8704.2100、8704.2230、 8704.3100及8704.3230所列车辆 用	870850	装有差速器的驱动桥及其零件， 不论是否装有其他传动部件；非 驱动桥及其零件	87	HS第87章	1352				none	0.0	unmapped
87085085	非驱动桥及其零件： 税号8704.2240、8704.2300及 8704.3240所列车辆用	非驱动桥及其零件： 税号8704.2240、8704.2300及 8704.3240所列车辆用	870850	装有差速器的驱动桥及其零件， 不论是否装有其他传动部件；非 驱动桥及其零件	87	HS第87章	1352				none	0.0	unmapped
87085086	非驱动桥及其零件： 税目87.05所列车辆用	非驱动桥及其零件： 税目87.05所列车辆用	870850	装有差速器的驱动桥及其零件， 不论是否装有其他传动部件；非 驱动桥及其零件	87	HS第87章	1352				none	0.0	unmapped
87085089	非驱动桥及其零件： 其他	非驱动桥及其零件： 其他	870850	装有差速器的驱动桥及其零件， 不论是否装有其他传动部件；非 驱动桥及其零件	87	HS第87章	1352				none	0.0	unmapped
87087010	车轮及其零件、附件： 税目87.01所列车辆用	车轮及其零件、附件： 税目87.01所列车辆用	870870	车轮及其零件、附件	87	HS第87章	1352				none	0.0	unmapped
87087020	税号8702.1091及8702.9010所 列车辆用	税号8702.1091及8702.9010所 列车辆用	870870	车轮及其零件、附件	87	HS第87章	1352				none	0.0	unmapped
87087030	税号8704.1030及8704.1090所 列车辆用	税号8704.1030及8704.1090所 列车辆用	870870	车轮及其零件、附件	87	HS第87章	1353				none	0.0	unmapped
87087040	税号8704.2100、8704.2230、 8704.3100及8704.3230所列车辆 用	税号8704.2100、8704.2230、 8704.3100及8704.3230所列车辆 用	870870	车轮及其零件、附件	87	HS第87章	1353				none	0.0	unmapped
87087050	税号8704.2240、8704.2300及 8704.3240所列车辆用	税号8704.2240、8704.2300及 8704.3240所列车辆用	870870	车轮及其零件、附件	87	HS第87章	1353				none	0.0	unmapped
87087060	税目87.05所列车辆用	税目87.05所列车辆用	870870	车轮及其零件、附件	87	HS第87章	1353				none	0.0	unmapped
87087091	其他： 铝合金制的	其他： 铝合金制的	870870	车轮及其零件、附件	87	HS第87章	1353				none	0.0	unmapped
87087099	其他： 其他	其他： 其他	870870	车轮及其零件、附件	87	HS第87章	1353				none	0.0	unmapped
87088010	税目87.03所列车辆用	税目87.03所列车辆用	870880	悬挂系统及其零件（包括减震 器）	87	HS第87章	1354				none	0.0	unmapped
87088090	其他	其他	870880	悬挂系统及其零件（包括减震 器）	87	HS第87章	1354				none	0.0	unmapped
87089110	其他零件、附件： --散热器及其零件： 水箱散热器	其他零件、附件： --散热器及其零件： 水箱散热器	870891	其他零件、附件： / 散热器及其零件	87	HS第87章	1354				none	0.0	unmapped
87089120	机油冷却器	机油冷却器	870891	其他零件、附件： / 散热器及其零件	87	HS第87章	1354				none	0.0	unmapped
87089190	其他	其他	870891	其他零件、附件： / 散热器及其零件	87	HS第87章	1354				none	0.0	unmapped
87089200	消声器（消音器）、排气管及其 零件	消声器（消音器）、排气管及其 零件	870892	其他零件、附件： / 消声器（消音器）、排气管及其	87	HS第87章	1355				none	0.0	unmapped
87089310	离合器及其零件： 税目87.01所列车辆用 发动机功率65千瓦及以上的动力 换挡拖拉机用离合器	离合器及其零件： 税目87.01所列车辆用 发动机功率65千瓦及以上的动力 换挡拖拉机用离合器	870893	其他零件、附件： / 离合器及其零件	87	HS第87章	1355				none	0.0	unmapped
87089320	税号8702.1091及8702.9010所 列车辆用	税号8702.1091及8702.9010所 列车辆用	870893	其他零件、附件： / 离合器及其零件	87	HS第87章	1355				none	0.0	unmapped
87089330	税号8704.1030及8704.1090所 列车辆用	税号8704.1030及8704.1090所 列车辆用	870893	其他零件、附件： / 离合器及其零件	87	HS第87章	1355				none	0.0	unmapped
87089340	税号8704.2100、8704.2230、 8704.3100及8704.3230所列车辆 用	税号8704.2100、8704.2230、 8704.3100及8704.3230所列车辆 用	870893	其他零件、附件： / 离合器及其零件	87	HS第87章	1355				none	0.0	unmapped
87089350	税号8704.2240、8704.2300及 8704.3240所列车辆用	税号8704.2240、8704.2300及 8704.3240所列车辆用	870893	其他零件、附件： / 离合器及其零件	87	HS第87章	1355				none	0.0	unmapped
87089360	税目87.05所列车辆用	税目87.05所列车辆用	870893	其他零件、附件： / 离合器及其零件	87	HS第87章	1356				none	0.0	unmapped
87089390	其他	其他	870893	其他零件、附件： / 离合器及其零件	87	HS第87章	1356				none	0.0	unmapped
87089410	转向盘、转向柱、转向器及其零 件： 税目87.01所列车辆用	转向盘、转向柱、转向器及其零 件： 税目87.01所列车辆用	870894	其他零件、附件： / 转向盘、转向柱、转向器及其零 件	87	HS第87章	1356				none	0.0	unmapped
87089420	税号8702.1091及8702.9010所 列车辆用	税号8702.1091及8702.9010所 列车辆用	870894	其他零件、附件： / 转向盘、转向柱、转向器及其零 件	87	HS第87章	1356				none	0.0	unmapped
87089430	税号8704.1030及8704.1090所 列车辆用	税号8704.1030及8704.1090所 列车辆用	870894	其他零件、附件： / 转向盘、转向柱、转向器及其零 件	87	HS第87章	1356				none	0.0	unmapped
87089440	税号8704.2100、8704.2230、 8704.3100及8704.3230所列车辆 用	税号8704.2100、8704.2230、 8704.3100及8704.3230所列车辆 用	870894	其他零件、附件： / 转向盘、转向柱、转向器及其零 件	87	HS第87章	1356				none	0.0	unmapped
87089450	税号8704.2240、8704.2300及 8704.3240所列车辆用	税号8704.2240、8704.2300及 8704.3240所列车辆用	870894	其他零件、附件： / 转向盘、转向柱、转向器及其零 件	87	HS第87章	1357				none	0.0	unmapped
87089460	税目87.05所列车辆用转向器	税目87.05所列车辆用转向器	870894	其他零件、附件： / 转向盘、转向柱、转向器及其零 件	87	HS第87章	1357				none	0.0	unmapped
87089490	其他	其他	870894	其他零件、附件： / 转向盘、转向柱、转向器及其零 件	87	HS第87章	1357				none	0.0	unmapped
87089500	带充气系统的安全气囊及其零 件	带充气系统的安全气囊及其零 件	870895	其他零件、附件： / 带充气系统的安全气囊及其零	87	HS第87章	1357				none	0.0	unmapped
87089910	其他： 税目87.01所列车辆用	其他： 税目87.01所列车辆用	870899	其他零件、附件： / 其他	87	HS第87章	1357				none	0.0	unmapped
87089921	税号8702.1091及8702.9010所 列车辆用： 车架	税号8702.1091及8702.9010所 列车辆用： 车架	870899	其他零件、附件： / 其他	87	HS第87章	1358				none	0.0	unmapped
87089929	税号8702.1091及8702.9010所 列车辆用： 其他	税号8702.1091及8702.9010所 列车辆用： 其他	870899	其他零件、附件： / 其他	87	HS第87章	1358				none	0.0	unmapped
87089931	税号8704.1030及8704.1090所 列车辆用： 车架	税号8704.1030及8704.1090所 列车辆用： 车架	870899	其他零件、附件： / 其他	87	HS第87章	1358				none	0.0	unmapped
87089939	税号8704.1030及8704.1090所 列车辆用： 其他	税号8704.1030及8704.1090所 列车辆用： 其他	870899	其他零件、附件： / 其他	87	HS第87章	1358				none	0.0	unmapped
87089941	税号8704.2100、8704.2230、 8704.3100及8704.3230所列车辆 用： 车架	税号8704.2100、8704.2230、 8704.3100及8704.3230所列车辆 用： 车架	870899	其他零件、附件： / 其他	87	HS第87章	1358				none	0.0	unmapped
87089949	税号8704.2100、8704.2230、 8704.3100及8704.3230所列车辆 用： 其他	税号8704.2100、8704.2230、 8704.3100及8704.3230所列车辆 用： 其他	870899	其他零件、附件： / 其他	87	HS第87章	1359				none	0.0	unmapped
87089951	税号8704.2240、8704.2300及 8704.3240所列车辆用： 车架	税号8704.2240、8704.2300及 8704.3240所列车辆用： 车架	870899	其他零件、附件： / 其他	87	HS第87章	1359				none	0.0	unmapped
87089959	税号8704.2240、8704.2300及 8704.3240所列车辆用： 其他	税号8704.2240、8704.2300及 8704.3240所列车辆用： 其他	870899	其他零件、附件： / 其他	87	HS第87章	1359				none	0.0	unmapped
87089960	税目87.05所列车辆用	税目87.05所列车辆用	870899	其他零件、附件： / 其他	87	HS第87章	1359				none	0.0	unmapped
87089991	其他： 车架	其他： 车架	870899	其他零件、附件： / 其他	87	HS第87章	1359				none	0.0	unmapped
87089992	其他： 传动轴	其他： 传动轴	870899	其他零件、附件： / 其他	87	HS第87章	1360				none	0.0	unmapped
87089999	其他： 其他	其他： 其他	870899	其他零件、附件： / 其他	87	HS第87章	1360				none	0.0	unmapped
87091110	车辆： --电动的： 牵引车	车辆： --电动的： 牵引车	870911	车辆： / 电动的	87	HS第87章	1360				none	0.0	unmapped
87091190	其他	其他	870911	车辆： / 电动的	87	HS第87章	1360				none	0.0	unmapped
87091910	牵引车	牵引车	870919	车辆： / 其他	87	HS第87章	1361				none	0.0	unmapped
87091990	其他	其他	870919	车辆： / 其他	87	HS第87章	1361				none	0.0	unmapped
87099000	零件	零件	870990	零件	87	HS第87章	1361				none	0.0	unmapped
87100010	整车	整车	871000	坦克及其他机动装甲战斗车辆， 不论是否装有武器；上述车辆的 零件	87	HS第87章	1361				none	0.0	unmapped
87100090	零件	零件	871000	坦克及其他机动装甲战斗车辆， 不论是否装有武器；上述车辆的 零件	87	HS第87章	1361				none	0.0	unmapped
87111000	装有活塞内燃发动机，气缸容量 （排气量）不超过50毫升	装有活塞内燃发动机，气缸容量 （排气量）不超过50毫升	871110	装有活塞内燃发动机，气缸容量	87	HS第87章	1362				none	0.0	unmapped
87112010	装有活塞内燃发动机，气缸容量 （排气量）超过50毫升，但不超 过250毫升： 气缸容量超过50毫升，但不超 过100毫升	装有活塞内燃发动机，气缸容量 （排气量）超过50毫升，但不超 过250毫升： 气缸容量超过50毫升，但不超 过100毫升	871120	装有活塞内燃发动机，气缸容量 （排气量）超过50毫升，但不超 过250毫升	87	HS第87章	1362				none	0.0	unmapped
87112020	气缸容量超过100毫升，但不超 过125毫升	气缸容量超过100毫升，但不超 过125毫升	871120	装有活塞内燃发动机，气缸容量 （排气量）超过50毫升，但不超 过250毫升	87	HS第87章	1362				none	0.0	unmapped
87112030	气缸容量超过125毫升，但不超 过150毫升	气缸容量超过125毫升，但不超 过150毫升	871120	装有活塞内燃发动机，气缸容量 （排气量）超过50毫升，但不超 过250毫升	87	HS第87章	1362				none	0.0	unmapped
87112040	气缸容量超过150毫升，但不超 过200毫升	气缸容量超过150毫升，但不超 过200毫升	871120	装有活塞内燃发动机，气缸容量 （排气量）超过50毫升，但不超 过250毫升	87	HS第87章	1362				none	0.0	unmapped
87112050	气缸容量超过200毫升，但不超 过250毫升	气缸容量超过200毫升，但不超 过250毫升	871120	装有活塞内燃发动机，气缸容量 （排气量）超过50毫升，但不超 过250毫升	87	HS第87章	1362				none	0.0	unmapped
87113010	气缸容量超过250毫升，但不超 过400毫升	气缸容量超过250毫升，但不超 过400毫升	871130	装有活塞内燃发动机，气缸容量 （排气量）超过250毫升，但不超 过500毫升	87	HS第87章	1363				none	0.0	unmapped
87113020	气缸容量超过400毫升，但不超 过500毫升	气缸容量超过400毫升，但不超 过500毫升	871130	装有活塞内燃发动机，气缸容量 （排气量）超过250毫升，但不超 过500毫升	87	HS第87章	1363				none	0.0	unmapped
87114000	装有活塞内燃发动机，气缸容量 （排气量）超过500毫升，但不超 过800毫升	装有活塞内燃发动机，气缸容量 （排气量）超过500毫升，但不超 过800毫升	871140	装有活塞内燃发动机，气缸容量	87	HS第87章	1363				none	0.0	unmapped
87115000	装有活塞内燃发动机，气缸容量 （排气量）超过800毫升	装有活塞内燃发动机，气缸容量 （排气量）超过800毫升	871150	装有活塞内燃发动机，气缸容量	87	HS第87章	1363				none	0.0	unmapped
87116000	装有驱动电动机的	装有驱动电动机的	871160	装有驱动电动机的	87	HS第87章	1363				none	0.0	unmapped
87119000	其他	其他	871190	其他	87	HS第87章	1363				none	0.0	unmapped
87120020	竞赛型自行车	竞赛型自行车	871200	自行车及其他非机动脚踏车（包 括运货三轮脚踏车）	87	HS第87章	1363				none	0.0	unmapped
87120030	山地自行车	山地自行车	871200	自行车及其他非机动脚踏车（包 括运货三轮脚踏车）	87	HS第87章	1364				none	0.0	unmapped
87120041	越野自行车： 16、18及20英寸	越野自行车： 16、18及20英寸	871200	自行车及其他非机动脚踏车（包 括运货三轮脚踏车）	87	HS第87章	1364				none	0.0	unmapped
87120049	越野自行车： 其他	越野自行车： 其他	871200	自行车及其他非机动脚踏车（包 括运货三轮脚踏车）	87	HS第87章	1364				none	0.0	unmapped
87120081	其他自行车： 16英寸及以下	其他自行车： 16英寸及以下	871200	自行车及其他非机动脚踏车（包 括运货三轮脚踏车）	87	HS第87章	1364				none	0.0	unmapped
87120089	其他自行车： 其他	其他自行车： 其他	871200	自行车及其他非机动脚踏车（包 括运货三轮脚踏车）	87	HS第87章	1364				none	0.0	unmapped
87120090	其他	其他	871200	自行车及其他非机动脚踏车（包 括运货三轮脚踏车）	87	HS第87章	1364				none	0.0	unmapped
87131000	非机械驱动	非机械驱动	871310	非机械驱动	87	HS第87章	1364				none	0.0	unmapped
87139000	其他	其他	871390	其他	87	HS第87章	1365				none	0.0	unmapped
87141000	摩托车（包括机器脚踏两用车） 用	摩托车（包括机器脚踏两用车） 用	871410	摩托车（包括机器脚踏两用车）	87	HS第87章	1365				none	0.0	unmapped
87142000	残疾人车辆用	残疾人车辆用	871420	残疾人车辆用	87	HS第87章	1365				none	0.0	unmapped
87149100	其他： 车架、轮叉及其零件	其他： 车架、轮叉及其零件	871491	其他： / 车架、轮叉及其零件	87	HS第87章	1365				none	0.0	unmapped
87149210	轮圈及辐条： 轮圈	轮圈及辐条： 轮圈	871492	其他： / 轮圈及辐条	87	HS第87章	1365				none	0.0	unmapped
87149290	辐条	辐条	871492	其他： / 轮圈及辐条	87	HS第87章	1365				none	0.0	unmapped
87149310	轮毂（倒轮制动毂及毂闸除外）； 飞轮、链轮： 轮毂	轮毂（倒轮制动毂及毂闸除外）； 飞轮、链轮： 轮毂	871493	其他： / 轮毂（倒轮制动毂及毂闸除外）； 飞轮、链轮	87	HS第87章	1365				none	0.0	unmapped
87149320	飞轮	飞轮	871493	其他： / 轮毂（倒轮制动毂及毂闸除外）； 飞轮、链轮	87	HS第87章	1366				none	0.0	unmapped
87149390	其他	其他	871493	其他： / 轮毂（倒轮制动毂及毂闸除外）； 飞轮、链轮	87	HS第87章	1366				none	0.0	unmapped
87149400	制动器（包括倒轮制动毂及毂 闸）及其零件	制动器（包括倒轮制动毂及毂 闸）及其零件	871494	其他： / 制动器（包括倒轮制动毂及毂	87	HS第87章	1366				none	0.0	unmapped
87149500	鞍座	鞍座	871495	其他： / 鞍座	87	HS第87章	1366				none	0.0	unmapped
87149610	脚蹬、曲柄链轮及其零件： 脚蹬及其零件	脚蹬、曲柄链轮及其零件： 脚蹬及其零件	871496	其他： / 脚蹬、曲柄链轮及其零件	87	HS第87章	1366				none	0.0	unmapped
87149620	曲柄链轮及其零件	曲柄链轮及其零件	871496	其他： / 脚蹬、曲柄链轮及其零件	87	HS第87章	1366				none	0.0	unmapped
87149900	其他	其他	871499	其他： / 其他	87	HS第87章	1366				none	0.0	unmapped
87150000	婴孩车及其零件	婴孩车及其零件	871500	婴孩车及其零件	87	HS第87章	1367				none	0.0	unmapped
87161000	供居住或野营用厢式挂车及半 挂车	供居住或野营用厢式挂车及半 挂车	871610	供居住或野营用厢式挂车及半	87	HS第87章	1367				none	0.0	unmapped
87162000	农用自装或自卸式挂车及半挂 车	农用自装或自卸式挂车及半挂 车	871620	农用自装或自卸式挂车及半挂	87	HS第87章	1367				none	0.0	unmapped
87163110	其他货运挂车及半挂车： --罐式挂车及半挂车： 油罐挂车及半挂车	其他货运挂车及半挂车： --罐式挂车及半挂车： 油罐挂车及半挂车	871631	其他货运挂车及半挂车： / 罐式挂车及半挂车	87	HS第87章	1367				none	0.0	unmapped
87163190	其他	其他	871631	其他货运挂车及半挂车： / 罐式挂车及半挂车	87	HS第87章	1367				none	0.0	unmapped
87163910	货柜挂车及半挂车	货柜挂车及半挂车	871639	其他货运挂车及半挂车： / 其他	87	HS第87章	1368				none	0.0	unmapped
87163990	其他	其他	871639	其他货运挂车及半挂车： / 其他	87	HS第87章	1368				none	0.0	unmapped
87164000	其他挂车及半挂车	其他挂车及半挂车	871640	其他挂车及半挂车	87	HS第87章	1368				none	0.0	unmapped
87168000	其他车辆	其他车辆	871680	其他车辆	87	HS第87章	1368				none	0.0	unmapped
87169000	零件	零件	871690	零件	87	HS第87章	1368				none	0.0	unmapped
88010010	滑翔机及悬挂滑翔机	滑翔机及悬挂滑翔机	880100	气球及飞艇；滑翔机、悬挂滑翔 机及其他无动力航空器	88	HS第88章	1369				none	0.0	unmapped
88010090	其他	其他	880100	气球及飞艇；滑翔机、悬挂滑翔 机及其他无动力航空器	88	HS第88章	1369				none	0.0	unmapped
88021100	直升机： 空载重量不超过2000千克	直升机： 空载重量不超过2000千克	880211	直升机： / 空载重量不超过2000千克	88	HS第88章	1369				none	0.0	unmapped
88021210	空载重量超过2000千克： 空载重量超过2000千克，但不 超过7000千克	空载重量超过2000千克： 空载重量超过2000千克，但不 超过7000千克	880212	直升机： / 空载重量超过2000千克	88	HS第88章	1369				none	0.0	unmapped
88021220	空载重量超过7000千克	空载重量超过7000千克	880212	直升机： / 空载重量超过2000千克	88	HS第88章	1370				none	0.0	unmapped
88022000	飞机及其他航空器，空载重量不 超过2000千克	飞机及其他航空器，空载重量不 超过2000千克	880220	飞机及其他航空器，空载重量不	88	HS第88章	1370				none	0.0	unmapped
88023000	飞机及其他航空器，空载重量超 过2000千克，但不超过15000千克	飞机及其他航空器，空载重量超 过2000千克，但不超过15000千克	880230	飞机及其他航空器，空载重量超	88	HS第88章	1370				none	0.0	unmapped
88024010	飞机及其他航空器，空载重量超 过15000千克： 空载重量超过15000千克，但不 超过45000千克	飞机及其他航空器，空载重量超 过15000千克： 空载重量超过15000千克，但不 超过45000千克	880240	飞机及其他航空器，空载重量超 过15000千克	88	HS第88章	1370				none	0.0	unmapped
88024020	空载重量超过45000千克	空载重量超过45000千克	880240	飞机及其他航空器，空载重量超 过15000千克	88	HS第88章	1370				none	0.0	unmapped
88026000	航天器（包括卫星）及其运载工 具、亚轨道运载工具 通信卫星	航天器（包括卫星）及其运载工 具、亚轨道运载工具 通信卫星	880260	航天器（包括卫星）及其运载工	88	HS第88章	1370				none	0.0	unmapped
88040000	降落伞（包括可操纵降落伞及滑 翔伞）、旋翼降落伞及其零件、附 件	降落伞（包括可操纵降落伞及滑 翔伞）、旋翼降落伞及其零件、附 件	880400	降落伞（包括可操纵降落伞及滑 翔伞）、旋翼降落伞及其零件、附 件	88	HS第88章	1370				none	0.0	unmapped
88051000	航空器的发射装置及其零件；甲 板停机装置或类似装置及其零件	航空器的发射装置及其零件；甲 板停机装置或类似装置及其零件	880510	航空器的发射装置及其零件；甲	88	HS第88章	1370				none	0.0	unmapped
88052100	空战模拟器及其零件	空战模拟器及其零件	880521	地面飞行训练器及其零件： / 空战模拟器及其零件	88	HS第88章	1371				none	0.0	unmapped
88052900	其他	其他	880529	地面飞行训练器及其零件： / 其他	88	HS第88章	1371				none	0.0	unmapped
88061000	设计用于旅客运输的	设计用于旅客运输的	880610	设计用于旅客运输的	88	HS第88章	1371				none	0.0	unmapped
88062110	其他，仅使用遥控飞行的： --最大起飞重量不超过250克： 航拍无人机	其他，仅使用遥控飞行的： --最大起飞重量不超过250克： 航拍无人机	880621	其他，仅使用遥控飞行的： / 最大起飞重量不超过250克	88	HS第88章	1371				none	0.0	unmapped
88062190	其他	其他	880621	其他，仅使用遥控飞行的： / 最大起飞重量不超过250克	88	HS第88章	1371				none	0.0	unmapped
88062210	最大起飞重量超过250克，但不 超过7千克： 航拍无人机	最大起飞重量超过250克，但不 超过7千克： 航拍无人机	880622	其他，仅使用遥控飞行的： / 最大起飞重量超过250克，但不 超过7千克	88	HS第88章	1371				none	0.0	unmapped
88062290	其他	其他	880622	其他，仅使用遥控飞行的： / 最大起飞重量超过250克，但不 超过7千克	88	HS第88章	1371				none	0.0	unmapped
88062310	最大起飞重量超过7千克，但不 超过25千克： 航拍无人机	最大起飞重量超过7千克，但不 超过25千克： 航拍无人机	880623	其他，仅使用遥控飞行的： / 最大起飞重量超过7千克，但不 超过25千克	88	HS第88章	1371				none	0.0	unmapped
88062390	其他	其他	880623	其他，仅使用遥控飞行的： / 最大起飞重量超过7千克，但不 超过25千克	88	HS第88章	1371				none	0.0	unmapped
88062410	航拍无人机	航拍无人机	880624	其他，仅使用遥控飞行的： / 最大起飞重量超过7千克，但不 超过25千克	88	HS第88章	1372				none	0.0	unmapped
88062490	其他	其他	880624	其他，仅使用遥控飞行的： / 最大起飞重量超过7千克，但不 超过25千克	88	HS第88章	1372				none	0.0	unmapped
88062910	其他： 航拍无人机	其他： 航拍无人机	880629	其他，仅使用遥控飞行的： / 其他	88	HS第88章	1372				none	0.0	unmapped
88062990	其他	其他	880629	其他，仅使用遥控飞行的： / 其他	88	HS第88章	1372				none	0.0	unmapped
88069110	其他： --最大起飞重量不超过250克： 航拍无人机	其他： --最大起飞重量不超过250克： 航拍无人机	880691	其他： / 最大起飞重量不超过250克	88	HS第88章	1372				none	0.0	unmapped
88069190	其他	其他	880691	其他： / 最大起飞重量不超过250克	88	HS第88章	1372				none	0.0	unmapped
88069210	最大起飞重量超过250克，但不 超过7千克： 航拍无人机	最大起飞重量超过250克，但不 超过7千克： 航拍无人机	880692	其他： / 最大起飞重量超过250克，但不 超过7千克	88	HS第88章	1372				none	0.0	unmapped
88069290	其他	其他	880692	其他： / 最大起飞重量超过250克，但不 超过7千克	88	HS第88章	1372				none	0.0	unmapped
88069310	航拍无人机	航拍无人机	880693	其他： / 最大起飞重量超过7千克，但不 超过25千克	88	HS第88章	1373				none	0.0	unmapped
88069390	其他	其他	880693	其他： / 最大起飞重量超过7千克，但不 超过25千克	88	HS第88章	1373				none	0.0	unmapped
88069410	最大起飞重量超过25千克，但不 超过150千克： 航拍无人机	最大起飞重量超过25千克，但不 超过150千克： 航拍无人机	880694	其他： / 最大起飞重量超过25千克，但不 超过150千克	88	HS第88章	1373				none	0.0	unmapped
88069490	其他	其他	880694	其他： / 最大起飞重量超过25千克，但不 超过150千克	88	HS第88章	1373				none	0.0	unmapped
88069900	其他	其他	880699	其他： / 其他	88	HS第88章	1373				none	0.0	unmapped
88071000	推进器、水平旋翼及其零件	推进器、水平旋翼及其零件	880710	推进器、水平旋翼及其零件	88	HS第88章	1373				none	0.0	unmapped
88072000	起落架及其零件	起落架及其零件	880720	起落架及其零件	88	HS第88章	1373				none	0.0	unmapped
88073000	飞机、直升机及无人驾驶航空器 的其他零件	飞机、直升机及无人驾驶航空器 的其他零件	880730	飞机、直升机及无人驾驶航空器	88	HS第88章	1373				none	0.0	unmapped
88079000	其他	其他	880790	其他	88	HS第88章	1373				none	0.0	unmapped
89011010	巡航船、游览船及主要用于客运 的类似船舶；各式渡船： 机动船舶	巡航船、游览船及主要用于客运 的类似船舶；各式渡船： 机动船舶	890110	巡航船、游览船及主要用于客运 的类似船舶；各式渡船	89	HS第89章	1374				none	0.0	unmapped
89011090	非机动船舶	非机动船舶	890110	巡航船、游览船及主要用于客运 的类似船舶；各式渡船	89	HS第89章	1374				none	0.0	unmapped
89012011	液货船： ---成品油船： 载重量不超过10万吨	液货船： ---成品油船： 载重量不超过10万吨	890120	液货船	89	HS第89章	1374				none	0.0	unmapped
89012012	成品油船： 载重量超过10万吨，但不超过 30万吨	成品油船： 载重量超过10万吨，但不超过 30万吨	890120	液货船	89	HS第89章	1374				none	0.0	unmapped
89012013	成品油船： 载重量超过30万吨	成品油船： 载重量超过30万吨	890120	液货船	89	HS第89章	1374				none	0.0	unmapped
89012021	原油船： 载重量不超过15万吨	原油船： 载重量不超过15万吨	890120	液货船	89	HS第89章	1375				none	0.0	unmapped
89012022	原油船： 载重量超过15万吨，但不超过 30万吨	原油船： 载重量超过15万吨，但不超过 30万吨	890120	液货船	89	HS第89章	1375				none	0.0	unmapped
89012023	原油船： 载重量超过30万吨	原油船： 载重量超过30万吨	890120	液货船	89	HS第89章	1375				none	0.0	unmapped
89012031	液化石油气船： 容积在20000立方米及以下	液化石油气船： 容积在20000立方米及以下	890120	液货船	89	HS第89章	1375				none	0.0	unmapped
89012032	液化石油气船： 容积在20000立方米以上	液化石油气船： 容积在20000立方米以上	890120	液货船	89	HS第89章	1375				none	0.0	unmapped
89012041	液化天然气船： 容积在20000立方米及以下	液化天然气船： 容积在20000立方米及以下	890120	液货船	89	HS第89章	1375				none	0.0	unmapped
89012042	液化天然气船： 容积在20000立方米以上	液化天然气船： 容积在20000立方米以上	890120	液货船	89	HS第89章	1375				none	0.0	unmapped
89012090	其他	其他	890120	液货船	89	HS第89章	1376				none	0.0	unmapped
89013000	冷藏船，但子目8901.20的船舶除 外	冷藏船，但子目8901.20的船舶除 外	890130	冷藏船，但子目8901.20的船舶除	89	HS第89章	1376				none	0.0	unmapped
89019021	其他货运船舶及其他客货兼运 船舶： ---机动集装箱船： 可载标准集装箱在6000箱及 以下	其他货运船舶及其他客货兼运 船舶： ---机动集装箱船： 可载标准集装箱在6000箱及 以下	890190	其他货运船舶及其他客货兼运 船舶	89	HS第89章	1376				none	0.0	unmapped
89019022	机动集装箱船： 可载标准集装箱在6000箱以 上	机动集装箱船： 可载标准集装箱在6000箱以 上	890190	其他货运船舶及其他客货兼运 船舶	89	HS第89章	1376				none	0.0	unmapped
89019031	机动滚装船： 载重量在2万吨及以下	机动滚装船： 载重量在2万吨及以下	890190	其他货运船舶及其他客货兼运 船舶	89	HS第89章	1376				none	0.0	unmapped
89019032	机动滚装船： 载重量在2万吨以上	机动滚装船： 载重量在2万吨以上	890190	其他货运船舶及其他客货兼运 船舶	89	HS第89章	1376				none	0.0	unmapped
89019041	机动散货船： 载重量不超过15万吨	机动散货船： 载重量不超过15万吨	890190	其他货运船舶及其他客货兼运 船舶	89	HS第89章	1377				none	0.0	unmapped
89019042	机动散货船： 载重量超过15万吨，但不超过 30万吨	机动散货船： 载重量超过15万吨，但不超过 30万吨	890190	其他货运船舶及其他客货兼运 船舶	89	HS第89章	1377				none	0.0	unmapped
89019043	机动散货船： 载重量超过30万吨	机动散货船： 载重量超过30万吨	890190	其他货运船舶及其他客货兼运 船舶	89	HS第89章	1377				none	0.0	unmapped
89019050	机动多用途船	机动多用途船	890190	其他货运船舶及其他客货兼运 船舶	89	HS第89章	1377				none	0.0	unmapped
89019080	其他，机动的	其他，机动的	890190	其他货运船舶及其他客货兼运 船舶	89	HS第89章	1377				none	0.0	unmapped
89019090	非机动的	非机动的	890190	其他货运船舶及其他客货兼运 船舶	89	HS第89章	1377				none	0.0	unmapped
89020010	机动船舶	机动船舶	890200	捕鱼船；加工船及其他加工保藏 鱼类产品的船舶	89	HS第89章	1378				none	0.0	unmapped
89020090	非机动船舶	非机动船舶	890200	捕鱼船；加工船及其他加工保藏 鱼类产品的船舶	89	HS第89章	1378				none	0.0	unmapped
89031100	充气船（包括刚性外壳的）： 装有或设计装有发动机，空载 （净）重量（不包括发动机）不 超过100千克	充气船（包括刚性外壳的）： 装有或设计装有发动机，空载 （净）重量（不包括发动机）不 超过100千克	890311	充气船（包括刚性外壳的）： / 装有或设计装有发动机，空载	89	HS第89章	1378				none	0.0	unmapped
89031200	未设计装有发动机且空载（净） 重量不超过100千克	未设计装有发动机且空载（净） 重量不超过100千克	890312	充气船（包括刚性外壳的）： / 未设计装有发动机且空载（净）	89	HS第89章	1378				none	0.0	unmapped
89031900	其他	其他	890319	充气船（包括刚性外壳的）： / 其他	89	HS第89章	1378				none	0.0	unmapped
89032100	长度不超过7.5米	长度不超过7.5米	890321	帆船，充气船除外，不论是否装 有辅助发动机： / 长度不超过7.5米	89	HS第89章	1379				none	0.0	unmapped
89032200	长度超过7.5米但不超过24米	长度超过7.5米但不超过24米	890322	帆船，充气船除外，不论是否装 有辅助发动机： / 长度超过7.5米但不超过24米	89	HS第89章	1379				none	0.0	unmapped
89032300	长度超过24米	长度超过24米	890323	帆船，充气船除外，不论是否装 有辅助发动机： / 长度超过24米	89	HS第89章	1379				none	0.0	unmapped
89033100	汽艇，非充气的，但装有舷外发 动机的除外： 长度不超过7.5米	汽艇，非充气的，但装有舷外发 动机的除外： 长度不超过7.5米	890331	汽艇，非充气的，但装有舷外发 动机的除外： / 长度不超过7.5米	89	HS第89章	1379				none	0.0	unmapped
89033200	长度超过7.5米但不超过24米	长度超过7.5米但不超过24米	890332	汽艇，非充气的，但装有舷外发 动机的除外： / 长度超过7.5米但不超过24米	89	HS第89章	1379				none	0.0	unmapped
89033300	长度超过24米	长度超过24米	890333	汽艇，非充气的，但装有舷外发 动机的除外： / 长度超过24米	89	HS第89章	1380				none	0.0	unmapped
89039300	其他： 长度不超过7.5米	其他： 长度不超过7.5米	890393	其他： / 长度不超过7.5米	89	HS第89章	1380				none	0.0	unmapped
89039900	其他	其他	890399	其他： / 其他	89	HS第89章	1380				none	0.0	unmapped
89040000	拖轮及顶推船	拖轮及顶推船	890400	拖轮及顶推船	89	HS第89章	1380				none	0.0	unmapped
89051000	挖泥船	挖泥船	890510	挖泥船	89	HS第89章	1380				none	0.0	unmapped
89052000	浮动或潜水式钻探或生产平台	浮动或潜水式钻探或生产平台	890520	浮动或潜水式钻探或生产平台	89	HS第89章	1380				none	0.0	unmapped
89059010	浮船坞	浮船坞	890590	其他	89	HS第89章	1381				none	0.0	unmapped
89059090	其他	其他	890590	其他	89	HS第89章	1381				none	0.0	unmapped
89061000	军舰	军舰	890610	军舰	89	HS第89章	1381				none	0.0	unmapped
89069010	其他： 机动船舶	其他： 机动船舶	890690	其他	89	HS第89章	1381				none	0.0	unmapped
89069020	非机动船舶	非机动船舶	890690	其他	89	HS第89章	1381				none	0.0	unmapped
89069030	未制成或不完整的船舶，包括 船舶分段	未制成或不完整的船舶，包括 船舶分段	890690	其他	89	HS第89章	1381				none	0.0	unmapped
89071000	充气筏	充气筏	890710	充气筏	89	HS第89章	1382				none	0.0	unmapped
89079000	其他	其他	890790	其他	89	HS第89章	1382				none	0.0	unmapped
89080000	供拆卸的船舶及其他浮动结构体	供拆卸的船舶及其他浮动结构体	890800	供拆卸的船舶及其他浮动结构 体	89	HS第89章	1382				none	0.0	unmapped
90011000	光导纤维、光导纤维束及光缆	光导纤维、光导纤维束及光缆	900110	光导纤维、光导纤维束及光缆	90	HS第90章	1385				none	0.0	unmapped
90012000	偏振材料制的片及板	偏振材料制的片及板	900120	偏振材料制的片及板	90	HS第90章	1385				none	0.0	unmapped
90013000	隐形眼镜片	隐形眼镜片	900130	隐形眼镜片	90	HS第90章	1385				none	0.0	unmapped
90014010	玻璃制眼镜片： 变色镜片	玻璃制眼镜片： 变色镜片	900140	玻璃制眼镜片	90	HS第90章	1385				none	0.0	unmapped
90014091	其他： 太阳镜片	其他： 太阳镜片	900140	玻璃制眼镜片	90	HS第90章	1385				none	0.0	unmapped
90014099	其他： 其他	其他： 其他	900140	玻璃制眼镜片	90	HS第90章	1385				none	0.0	unmapped
90015010	变色镜片	变色镜片	900150	其他材料制眼镜片	90	HS第90章	1386				none	0.0	unmapped
90015091	其他： 太阳镜片	其他： 太阳镜片	900150	其他材料制眼镜片	90	HS第90章	1386				none	0.0	unmapped
90015099	其他： 其他	其他： 其他	900150	其他材料制眼镜片	90	HS第90章	1386				none	0.0	unmapped
90019010	其他： 彩色滤光片	其他： 彩色滤光片	900190	其他	90	HS第90章	1386				none	0.0	unmapped
90019090	其他	其他	900190	其他	90	HS第90章	1386				none	0.0	unmapped
90021110	物镜： --照相机、投影仪、照片放大机及 缩片机用： 子目9006.3000、9006.5921、 9006.5929所列照相机用	物镜： --照相机、投影仪、照片放大机及 缩片机用： 子目9006.3000、9006.5921、 9006.5929所列照相机用	900211	物镜： / 照相机、投影仪、照片放大机及 缩片机用	90	HS第90章	1386				none	0.0	unmapped
90021120	缩微阅读机用	缩微阅读机用	900211	物镜： / 照相机、投影仪、照片放大机及 缩片机用	90	HS第90章	1387				none	0.0	unmapped
90021131	其他照相机用： 单反相机镜头	其他照相机用： 单反相机镜头	900211	物镜： / 照相机、投影仪、照片放大机及 缩片机用	90	HS第90章	1387				none	0.0	unmapped
90021139	其他照相机用： 其他	其他照相机用： 其他	900211	物镜： / 照相机、投影仪、照片放大机及 缩片机用	90	HS第90章	1387				none	0.0	unmapped
90021190	其他 彩色投影机和数字光处理器的镜 头及镜头组件	其他 彩色投影机和数字光处理器的镜 头及镜头组件	900211	物镜： / 照相机、投影仪、照片放大机及 缩片机用	90	HS第90章	1387				none	0.0	unmapped
90021910	其他： 摄影机或放映机用	其他： 摄影机或放映机用	900219	物镜： / 其他	90	HS第90章	1387				none	0.0	unmapped
90021990	其他	其他	900219	物镜： / 其他	90	HS第90章	1387				none	0.0	unmapped
90022010	照相机用	照相机用	900220	滤光镜	90	HS第90章	1388				none	0.0	unmapped
90022090	其他	其他	900220	滤光镜	90	HS第90章	1388				none	0.0	unmapped
90029010	其他： 照相机用	其他： 照相机用	900290	其他	90	HS第90章	1388				none	0.0	unmapped
90029090	其他	其他	900290	其他	90	HS第90章	1388				none	0.0	unmapped
90031100	眼镜架： 塑料制	眼镜架： 塑料制	900311	眼镜架： / 塑料制	90	HS第90章	1388				none	0.0	unmapped
90031910	其他材料制： 金属材料制	其他材料制： 金属材料制	900319	眼镜架： / 其他材料制	90	HS第90章	1388				none	0.0	unmapped
90031920	天然材料制	天然材料制	900319	眼镜架： / 其他材料制	90	HS第90章	1389				none	0.0	unmapped
90031990	其他	其他	900319	眼镜架： / 其他材料制	90	HS第90章	1389				none	0.0	unmapped
90039000	零件	零件	900390	零件	90	HS第90章	1389				none	0.0	unmapped
90041000	太阳镜	太阳镜	900410	太阳镜	90	HS第90章	1389				none	0.0	unmapped
90049010	其他： 变色镜	其他： 变色镜	900490	其他	90	HS第90章	1389				none	0.0	unmapped
90049090	其他	其他	900490	其他	90	HS第90章	1389				none	0.0	unmapped
90051000	双筒望远镜	双筒望远镜	900510	双筒望远镜	90	HS第90章	1390				none	0.0	unmapped
90058010	其他仪器： 天文望远镜及其他天文仪器	其他仪器： 天文望远镜及其他天文仪器	900580	其他仪器	90	HS第90章	1390				none	0.0	unmapped
90058090	其他	其他	900580	其他仪器	90	HS第90章	1390				none	0.0	unmapped
90059010	零件、附件（包括座架）： 天文望远镜及其他天文仪器用	零件、附件（包括座架）： 天文望远镜及其他天文仪器用	900590	零件、附件（包括座架）	90	HS第90章	1390				none	0.0	unmapped
90059090	其他	其他	900590	零件、附件（包括座架）	90	HS第90章	1390				none	0.0	unmapped
90063000	水下、航空测量或体内器官检查 用的特种照相机；法庭或犯罪学 用的比较照相机	水下、航空测量或体内器官检查 用的特种照相机；法庭或犯罪学 用的比较照相机	900630	水下、航空测量或体内器官检查	90	HS第90章	1390				none	0.0	unmapped
90064000	一次成像照相机	一次成像照相机	900640	一次成像照相机	90	HS第90章	1390				none	0.0	unmapped
90065310	通过镜头取景［单镜头反光式 （SLR）］	通过镜头取景［单镜头反光式 （SLR）］	900653	其他照相机： / 使用胶片宽度为35毫米	90	HS第90章	1391				none	0.0	unmapped
90065390	其他	其他	900653	其他照相机： / 使用胶片宽度为35毫米	90	HS第90章	1391				none	0.0	unmapped
90065910	其他： 激光照相排版设备	其他： 激光照相排版设备	900659	其他照相机： / 其他	90	HS第90章	1391				none	0.0	unmapped
90065921	制版照相机： 电子分色机	制版照相机： 电子分色机	900659	其他照相机： / 其他	90	HS第90章	1391				none	0.0	unmapped
90065929	制版照相机： 其他	制版照相机： 其他	900659	其他照相机： / 其他	90	HS第90章	1391				none	0.0	unmapped
90065930	通过镜头取景［单镜头反光式 （SLR）］，使用胶片宽度小于35 毫米	通过镜头取景［单镜头反光式 （SLR）］，使用胶片宽度小于35 毫米	900659	其他照相机： / 其他	90	HS第90章	1392				none	0.0	unmapped
90065941	其他，使用胶片宽度小于35毫 米： 缩微照相机，使用缩微胶卷、 胶片或其他缩微品的	其他，使用胶片宽度小于35毫 米： 缩微照相机，使用缩微胶卷、 胶片或其他缩微品的	900659	其他照相机： / 其他	90	HS第90章	1392				none	0.0	unmapped
90065949	其他，使用胶片宽度小于35毫 米： 其他	其他，使用胶片宽度小于35毫 米： 其他	900659	其他照相机： / 其他	90	HS第90章	1392				none	0.0	unmapped
90065990	其他	其他	900659	其他照相机： / 其他	90	HS第90章	1392				none	0.0	unmapped
90066100	照相闪光灯装置及闪光灯泡： 放电式（电子式）闪光灯装置 照相手机用闪光灯组件	照相闪光灯装置及闪光灯泡： 放电式（电子式）闪光灯装置 照相手机用闪光灯组件	900661	照相闪光灯装置及闪光灯泡： / 放电式（电子式）闪光灯装置	90	HS第90章	1392				none	0.0	unmapped
90066910	闪光灯泡	闪光灯泡	900669	照相闪光灯装置及闪光灯泡： / 其他	90	HS第90章	1393				none	0.0	unmapped
90066990	其他	其他	900669	照相闪光灯装置及闪光灯泡： / 其他	90	HS第90章	1393				none	0.0	unmapped
90069110	零件、附件： --照相机用： 税号9006.3000、9006.5921、 9006.5929所列照相机用	零件、附件： --照相机用： 税号9006.3000、9006.5921、 9006.5929所列照相机用	900691	零件、附件： / 照相机用	90	HS第90章	1393				none	0.0	unmapped
90069120	一次成像照相机用	一次成像照相机用	900691	零件、附件： / 照相机用	90	HS第90章	1393				none	0.0	unmapped
90069191	其他： 自动调焦组件	其他： 自动调焦组件	900691	零件、附件： / 照相机用	90	HS第90章	1393				none	0.0	unmapped
90069192	其他： 快门组件	其他： 快门组件	900691	零件、附件： / 照相机用	90	HS第90章	1393				none	0.0	unmapped
90069199	其他： 其他	其他： 其他	900691	零件、附件： / 照相机用	90	HS第90章	1394				none	0.0	unmapped
90069900	其他	其他	900699	零件、附件： / 其他	90	HS第90章	1394				none	0.0	unmapped
90071010	摄影机： 高速摄影机	摄影机： 高速摄影机	900710	摄影机	90	HS第90章	1394				none	0.0	unmapped
90071090	其他	其他	900710	摄影机	90	HS第90章	1394				none	0.0	unmapped
90072010	放映机： 数字式	放映机： 数字式	900720	放映机	90	HS第90章	1394				none	0.0	unmapped
90072090	其他	其他	900720	放映机	90	HS第90章	1395				none	0.0	unmapped
90079100	零件、附件： 摄影机用	零件、附件： 摄影机用	900791	零件、附件： / 摄影机用	90	HS第90章	1395				none	0.0	unmapped
90079200	放映机用 2K及以上分辨率的硬盘式数字电 影放映机用零附件	放映机用 2K及以上分辨率的硬盘式数字电 影放映机用零附件	900792	零件、附件： / 放映机用	90	HS第90章	1395				none	0.0	unmapped
90085010	投影仪、放大机及缩片机： 幻灯机	投影仪、放大机及缩片机： 幻灯机	900850	投影仪、放大机及缩片机	90	HS第90章	1395				none	0.0	unmapped
90085020	缩微胶卷、缩微胶片或其他缩 微品的阅读机，不论是否可以进 行复制	缩微胶卷、缩微胶片或其他缩 微品的阅读机，不论是否可以进 行复制	900850	投影仪、放大机及缩片机	90	HS第90章	1395				none	0.0	unmapped
90085031	其他影像投影仪： 正射投影仪	其他影像投影仪： 正射投影仪	900850	投影仪、放大机及缩片机	90	HS第90章	1396				none	0.0	unmapped
90085039	其他影像投影仪： 其他	其他影像投影仪： 其他	900850	投影仪、放大机及缩片机	90	HS第90章	1396				none	0.0	unmapped
90085040	照片（电影片除外）放大机及 缩片机	照片（电影片除外）放大机及 缩片机	900850	投影仪、放大机及缩片机	90	HS第90章	1396				none	0.0	unmapped
90089010	零件、附件： 缩微阅读机用	零件、附件： 缩微阅读机用	900890	零件、附件	90	HS第90章	1396				none	0.0	unmapped
90089020	照片放大机及缩片机用	照片放大机及缩片机用	900890	零件、附件	90	HS第90章	1396				none	0.0	unmapped
90089090	其他	其他	900890	零件、附件	90	HS第90章	1396				none	0.0	unmapped
90101010	电影用	电影用	901010	特种照相用	90	HS第90章	1397				none	0.0	unmapped
90101020	特种照相用	特种照相用	901010	特种照相用	90	HS第90章	1397				none	0.0	unmapped
90101091	其他： 彩色胶卷用	其他： 彩色胶卷用	901010	特种照相用	90	HS第90章	1397				none	0.0	unmapped
90101099	其他： 其他	其他： 其他	901010	特种照相用	90	HS第90章	1397				none	0.0	unmapped
90105010	照相（包括电影）洗印用其他装 置及设备；负片显示器： 负片显示器	照相（包括电影）洗印用其他装 置及设备；负片显示器： 负片显示器	901050	照相（包括电影）洗印用其他装 置及设备；负片显示器	90	HS第90章	1397				none	0.0	unmapped
90105021	其他： 电影用	其他： 电影用	901050	照相（包括电影）洗印用其他装 置及设备；负片显示器	90	HS第90章	1398				none	0.0	unmapped
90105022	其他： 特种照相用	其他： 特种照相用	901050	照相（包括电影）洗印用其他装 置及设备；负片显示器	90	HS第90章	1398				none	0.0	unmapped
90105029	其他： 其他	其他： 其他	901050	照相（包括电影）洗印用其他装 置及设备；负片显示器	90	HS第90章	1398				none	0.0	unmapped
90106000	银幕及其他投影屏幕	银幕及其他投影屏幕	901060	银幕及其他投影屏幕	90	HS第90章	1398				none	0.0	unmapped
90109010	零件、附件： 电影用	零件、附件： 电影用	901090	零件、附件	90	HS第90章	1398				none	0.0	unmapped
90109020	特种照相用	特种照相用	901090	零件、附件	90	HS第90章	1398				none	0.0	unmapped
90109090	其他	其他	901090	零件、附件	90	HS第90章	1398				none	0.0	unmapped
90111000	立体显微镜	立体显微镜	901110	立体显微镜	90	HS第90章	1398				none	0.0	unmapped
90112000	显微照相、显微电影摄影及显微 投影用的其他显微镜	显微照相、显微电影摄影及显微 投影用的其他显微镜	901120	显微照相、显微电影摄影及显微	90	HS第90章	1398				none	0.0	unmapped
90118000	其他显微镜	其他显微镜	901180	其他显微镜	90	HS第90章	1399				none	0.0	unmapped
90119000	零件、附件	零件、附件	901190	零件、附件	90	HS第90章	1399				none	0.0	unmapped
90121000	显微镜，但光学显微镜除外；衍 射设备	显微镜，但光学显微镜除外；衍 射设备	901210	显微镜，但光学显微镜除外；衍	90	HS第90章	1399				none	0.0	unmapped
90129000	零件、附件	零件、附件	901290	零件、附件	90	HS第90章	1399				none	0.0	unmapped
90131000	武器用望远镜瞄准具；潜望镜式 望远镜；作为本章或第十六类的 机器、设备、仪器或器具部件的 望远镜 设计用为本章或第十六类的机 器、设备、仪器或器具部件的望 远镜	武器用望远镜瞄准具；潜望镜式 望远镜；作为本章或第十六类的 机器、设备、仪器或器具部件的 望远镜 设计用为本章或第十六类的机 器、设备、仪器或器具部件的望 远镜	901310	武器用望远镜瞄准具；潜望镜式	90	HS第90章	1399				none	0.0	unmapped
90132000	激光器，但激光二极管除外	激光器，但激光二极管除外	901320	激光器，但激光二极管除外	90	HS第90章	1399				none	0.0	unmapped
90138010	其他装置、仪器及器具： 放大镜	其他装置、仪器及器具： 放大镜	901380	其他装置、仪器及器具	90	HS第90章	1399				none	0.0	unmapped
90138020	光学门眼	光学门眼	901380	其他装置、仪器及器具	90	HS第90章	1400				none	0.0	unmapped
90138090	其他 光刻机用光斑调节装置	其他 光刻机用光斑调节装置	901380	其他装置、仪器及器具	90	HS第90章	1400				none	0.0	unmapped
90139010	零件、附件： 税号9013.1000及9013.2000所 列货品用 零件及附件，但武器用望远镜瞄 准器具或潜望镜式望远镜用零件 及附件除外	零件、附件： 税号9013.1000及9013.2000所 列货品用 零件及附件，但武器用望远镜瞄 准器具或潜望镜式望远镜用零件 及附件除外	901390	零件、附件	90	HS第90章	1400				none	0.0	unmapped
90139090	其他	其他	901390	零件、附件	90	HS第90章	1400				none	0.0	unmapped
90141000	定向罗盘	定向罗盘	901410	定向罗盘	90	HS第90章	1400				none	0.0	unmapped
90142010	航空或航天导航仪器及装置（罗 盘除外）： 自动驾驶仪	航空或航天导航仪器及装置（罗 盘除外）： 自动驾驶仪	901420	航空或航天导航仪器及装置（罗 盘除外）	90	HS第90章	1400				none	0.0	unmapped
90142090	其他	其他	901420	航空或航天导航仪器及装置（罗 盘除外）	90	HS第90章	1400				none	0.0	unmapped
90148000	其他仪器及装置	其他仪器及装置	901480	其他仪器及装置	90	HS第90章	1401				none	0.0	unmapped
90149010	零件、附件： 自动驾驶仪用	零件、附件： 自动驾驶仪用	901490	零件、附件	90	HS第90章	1401				none	0.0	unmapped
90149090	其他	其他	901490	零件、附件	90	HS第90章	1401				none	0.0	unmapped
90151010	测距仪： 激光雷达	测距仪： 激光雷达	901510	测距仪	90	HS第90章	1401				none	0.0	unmapped
90151090	其他	其他	901510	测距仪	90	HS第90章	1401				none	0.0	unmapped
90152000	经纬仪及视距仪	经纬仪及视距仪	901520	经纬仪及视距仪	90	HS第90章	1401				none	0.0	unmapped
90153000	水平仪	水平仪	901530	水平仪	90	HS第90章	1401				none	0.0	unmapped
90154000	摄影测量用仪器及装置	摄影测量用仪器及装置	901540	摄影测量用仪器及装置	90	HS第90章	1401				none	0.0	unmapped
90158000	其他仪器及装置	其他仪器及装置	901580	其他仪器及装置	90	HS第90章	1402				none	0.0	unmapped
90159000	零件、附件	零件、附件	901590	零件、附件	90	HS第90章	1402				none	0.0	unmapped
90160010	感量为0.1毫克或更精密的天平	感量为0.1毫克或更精密的天平	901600	感量为50毫克或更精密的天平， 不论是否带有砝码	90	HS第90章	1402				none	0.0	unmapped
90160090	其他	其他	901600	感量为50毫克或更精密的天平， 不论是否带有砝码	90	HS第90章	1402				none	0.0	unmapped
90171000	绘图台及绘图机，不论是否自动	绘图台及绘图机，不论是否自动	901710	绘图台及绘图机，不论是否自动	90	HS第90章	1402				none	0.0	unmapped
90172000	其他绘图、划线或数学计算器具	其他绘图、划线或数学计算器具	901720	其他绘图、划线或数学计算器具	90	HS第90章	1402				none	0.0	unmapped
90173000	千分尺、卡尺及量规	千分尺、卡尺及量规	901730	千分尺、卡尺及量规	90	HS第90章	1403				none	0.0	unmapped
90178000	其他仪器及器具	其他仪器及器具	901780	其他仪器及器具	90	HS第90章	1403				none	0.0	unmapped
90179000	零件、附件	零件、附件	901790	零件、附件	90	HS第90章	1403				none	0.0	unmapped
90181100	电气诊断装置（包括功能检查或 生理参数检查用装置）： 心电图记录仪	电气诊断装置（包括功能检查或 生理参数检查用装置）： 心电图记录仪	901811	电气诊断装置（包括功能检查或 生理参数检查用装置）： / 心电图记录仪	90	HS第90章	1403				none	0.0	unmapped
90181210	超声波扫描装置： Ｂ型超声波诊断仪	超声波扫描装置： Ｂ型超声波诊断仪	901812	电气诊断装置（包括功能检查或 生理参数检查用装置）： / 超声波扫描装置	90	HS第90章	1403				none	0.0	unmapped
90181291	其他： 彩色超声波诊断仪	其他： 彩色超声波诊断仪	901812	电气诊断装置（包括功能检查或 生理参数检查用装置）： / 超声波扫描装置	90	HS第90章	1403				none	0.0	unmapped
90181299	其他： 其他	其他： 其他	901812	电气诊断装置（包括功能检查或 生理参数检查用装置）： / 超声波扫描装置	90	HS第90章	1403				none	0.0	unmapped
90181310	成套装置	成套装置	901813	电气诊断装置（包括功能检查或 生理参数检查用装置）： / 核磁共振成像装置	90	HS第90章	1404				none	0.0	unmapped
90181390	零件	零件	901813	电气诊断装置（包括功能检查或 生理参数检查用装置）： / 核磁共振成像装置	90	HS第90章	1404				none	0.0	unmapped
90181400	闪烁摄影装置	闪烁摄影装置	901814	电气诊断装置（包括功能检查或 生理参数检查用装置）： / 闪烁摄影装置	90	HS第90章	1404				none	0.0	unmapped
90181930	其他： 病员监护仪	其他： 病员监护仪	901819	电气诊断装置（包括功能检查或 生理参数检查用装置）： / 其他	90	HS第90章	1404				none	0.0	unmapped
90181941	听力诊断装置： 听力计	听力诊断装置： 听力计	901819	电气诊断装置（包括功能检查或 生理参数检查用装置）： / 其他	90	HS第90章	1404				none	0.0	unmapped
90181949	听力诊断装置： 其他	听力诊断装置： 其他	901819	电气诊断装置（包括功能检查或 生理参数检查用装置）： / 其他	90	HS第90章	1404				none	0.0	unmapped
90181990	其他	其他	901819	电气诊断装置（包括功能检查或 生理参数检查用装置）： / 其他	90	HS第90章	1404				none	0.0	unmapped
90182000	紫外线及红外线装置	紫外线及红外线装置	901820	紫外线及红外线装置	90	HS第90章	1404				none	0.0	unmapped
90183100	注射器，不论是否装有针头	注射器，不论是否装有针头	901831	注射器、针、导管、插管及类似 品： / 注射器，不论是否装有针头	90	HS第90章	1405				none	0.0	unmapped
90183210	管状金属针头及缝合用针： 管状金属针头	管状金属针头及缝合用针： 管状金属针头	901832	注射器、针、导管、插管及类似 品： / 管状金属针头及缝合用针	90	HS第90章	1405				none	0.0	unmapped
90183220	缝合用针	缝合用针	901832	注射器、针、导管、插管及类似 品： / 管状金属针头及缝合用针	90	HS第90章	1405				none	0.0	unmapped
90183900	其他	其他	901839	注射器、针、导管、插管及类似 品： / 其他	90	HS第90章	1405				none	0.0	unmapped
90184100	牙科用其他仪器及器具： 牙钻机，不论是否与其他牙科设 备组装在同一底座上	牙科用其他仪器及器具： 牙钻机，不论是否与其他牙科设 备组装在同一底座上	901841	牙科用其他仪器及器具： / 牙钻机，不论是否与其他牙科设	90	HS第90章	1405				none	0.0	unmapped
90184910	其他： 装有牙科设备的牙科用椅	其他： 装有牙科设备的牙科用椅	901849	牙科用其他仪器及器具： / 其他	90	HS第90章	1405				none	0.0	unmapped
90184990	其他	其他	901849	牙科用其他仪器及器具： / 其他	90	HS第90章	1405				none	0.0	unmapped
90185000	眼科用其他仪器及器具	眼科用其他仪器及器具	901850	眼科用其他仪器及器具	90	HS第90章	1405				none	0.0	unmapped
90189010	听诊器	听诊器	901890	眼科用其他仪器及器具	90	HS第90章	1406				none	0.0	unmapped
90189020	血压测量仪器及器具 电血压测量仪器及器具	血压测量仪器及器具 电血压测量仪器及器具	901890	眼科用其他仪器及器具	90	HS第90章	1406				none	0.0	unmapped
90189030	内窥镜	内窥镜	901890	眼科用其他仪器及器具	90	HS第90章	1406				none	0.0	unmapped
90189040	肾脏透析设备（人工肾）	肾脏透析设备（人工肾）	901890	眼科用其他仪器及器具	90	HS第90章	1406				none	0.0	unmapped
90189050	透热疗法设备	透热疗法设备	901890	眼科用其他仪器及器具	90	HS第90章	1406				none	0.0	unmapped
90189060	输血设备	输血设备	901890	眼科用其他仪器及器具	90	HS第90章	1406				none	0.0	unmapped
90189070	麻醉设备 电麻醉设备	麻醉设备 电麻醉设备	901890	眼科用其他仪器及器具	90	HS第90章	1406				none	0.0	unmapped
90189080	手术机器人	手术机器人	901890	眼科用其他仪器及器具	90	HS第90章	1406				none	0.0	unmapped
90189091	其他： 宫内节育器	其他： 宫内节育器	901890	眼科用其他仪器及器具	90	HS第90章	1407				none	0.0	unmapped
90189099	其他： 其他 医用可解脱弹簧圈 颅内取栓支架 伞形下腔静脉滤器 电外科或电子医疗仪器及器具及 其零件及附件	其他： 其他 医用可解脱弹簧圈 颅内取栓支架 伞形下腔静脉滤器 电外科或电子医疗仪器及器具及 其零件及附件	901890	眼科用其他仪器及器具	90	HS第90章	1407				none	0.0	unmapped
90191010	机械疗法器具；按摩器具；心理 功能测验装置： 按摩器具	机械疗法器具；按摩器具；心理 功能测验装置： 按摩器具	901910	机械疗法器具；按摩器具；心理 功能测验装置	90	HS第90章	1407				none	0.0	unmapped
90191090	其他	其他	901910	机械疗法器具；按摩器具；心理 功能测验装置	90	HS第90章	1407				none	0.0	unmapped
90192010	臭氧治疗器、氧气治疗器、喷雾 治疗器、人工呼吸器及其他治疗 用呼吸器具： 有创呼吸机	臭氧治疗器、氧气治疗器、喷雾 治疗器、人工呼吸器及其他治疗 用呼吸器具： 有创呼吸机	901920	臭氧治疗器、氧气治疗器、喷雾 治疗器、人工呼吸器及其他治疗 用呼吸器具	90	HS第90章	1407				none	0.0	unmapped
90192020	无创呼吸机	无创呼吸机	901920	臭氧治疗器、氧气治疗器、喷雾 治疗器、人工呼吸器及其他治疗 用呼吸器具	90	HS第90章	1407				none	0.0	unmapped
90192090	其他	其他	901920	臭氧治疗器、氧气治疗器、喷雾 治疗器、人工呼吸器及其他治疗 用呼吸器具	90	HS第90章	1408				none	0.0	unmapped
90200000	其他呼吸器具及防毒面具，但不 包括既无机械零件又无可互换过 滤器的防护面具	其他呼吸器具及防毒面具，但不 包括既无机械零件又无可互换过 滤器的防护面具	902000	其他呼吸器具及防毒面具，但不 包括既无机械零件又无可互换过 滤器的防护面具	90	HS第90章	1408				none	0.0	unmapped
90211000	矫形或骨折用器具	矫形或骨折用器具	902110	矫形或骨折用器具	90	HS第90章	1408				none	0.0	unmapped
90212100	假牙及牙齿固定件： 假牙	假牙及牙齿固定件： 假牙	902121	假牙及牙齿固定件： / 假牙	90	HS第90章	1408				none	0.0	unmapped
90212900	其他	其他	902129	假牙及牙齿固定件： / 其他	90	HS第90章	1408				none	0.0	unmapped
90213100	其他人造的人体部分： 人造关节	其他人造的人体部分： 人造关节	902131	其他人造的人体部分： / 人造关节	90	HS第90章	1408				none	0.0	unmapped
90213900	其他 人造血管 人工心脏瓣膜	其他 人造血管 人工心脏瓣膜	902139	其他人造的人体部分： / 其他	90	HS第90章	1408				none	0.0	unmapped
90214000	助听器，不包括零件、附件	助听器，不包括零件、附件	902140	助听器，不包括零件、附件	90	HS第90章	1409				none	0.0	unmapped
90215000	心脏起搏器，不包括零件、附件	心脏起搏器，不包括零件、附件	902150	心脏起搏器，不包括零件、附件	90	HS第90章	1409				none	0.0	unmapped
90219011	其他： ---支架： 血管支架	其他： ---支架： 血管支架	902190	其他	90	HS第90章	1409				none	0.0	unmapped
90219019	支架： 其他	支架： 其他	902190	其他	90	HS第90章	1409				none	0.0	unmapped
90219090	其他	其他	902190	其他	90	HS第90章	1409				none	0.0	unmapped
90221200	X射线的应用设备，不论是否用 于医疗、外科、牙科或兽医，包 括射线照相或射线治疗设备： X射线断层检查仪	X射线的应用设备，不论是否用 于医疗、外科、牙科或兽医，包 括射线照相或射线治疗设备： X射线断层检查仪	902212	X射线的应用设备，不论是否用 于医疗、外科、牙科或兽医，包 括射线照相或射线治疗设备： / X射线断层检查仪	90	HS第90章	1409				none	0.0	unmapped
90221300	其他，牙科用	其他，牙科用	902213	X射线的应用设备，不论是否用 于医疗、外科、牙科或兽医，包 括射线照相或射线治疗设备： / 其他，牙科用	90	HS第90章	1409				none	0.0	unmapped
90221400	其他，医疗、外科或兽医用	其他，医疗、外科或兽医用	902214	X射线的应用设备，不论是否用 于医疗、外科、牙科或兽医，包 括射线照相或射线治疗设备： / 其他，医疗、外科或兽医用	90	HS第90章	1410				none	0.0	unmapped
90221910	其他： 低剂量X射线安全检查设备	其他： 低剂量X射线安全检查设备	902219	X射线的应用设备，不论是否用 于医疗、外科、牙科或兽医，包 括射线照相或射线治疗设备： / 其他	90	HS第90章	1410				none	0.0	unmapped
90221920	X射线无损探伤检测仪	X射线无损探伤检测仪	902219	X射线的应用设备，不论是否用 于医疗、外科、牙科或兽医，包 括射线照相或射线治疗设备： / 其他	90	HS第90章	1410				none	0.0	unmapped
90221990	其他	其他	902219	X射线的应用设备，不论是否用 于医疗、外科、牙科或兽医，包 括射线照相或射线治疗设备： / 其他	90	HS第90章	1410				none	0.0	unmapped
90222110	α射线、β射线、γ射线或其他 离子射线的应用设备，不论是否 用于医疗、外科、牙科或兽医， 包括射线照相或射线治疗设备： --医疗、外科、牙科或兽医用： 应用α射线、β射线、γ射线 的	α射线、β射线、γ射线或其他 离子射线的应用设备，不论是否 用于医疗、外科、牙科或兽医， 包括射线照相或射线治疗设备： --医疗、外科、牙科或兽医用： 应用α射线、β射线、γ射线 的	902221	α射线、β射线、γ射线或其他 离子射线的应用设备，不论是否 用于医疗、外科、牙科或兽医， 包括射线照相或射线治疗设备： / 医疗、外科、牙科或兽医用	90	HS第90章	1410				none	0.0	unmapped
90222190	其他 应用除α射线、β射线、γ射线 以外的离子射线的医疗、外科、 牙科或兽医用设备	其他 应用除α射线、β射线、γ射线 以外的离子射线的医疗、外科、 牙科或兽医用设备	902221	α射线、β射线、γ射线或其他 离子射线的应用设备，不论是否 用于医疗、外科、牙科或兽医， 包括射线照相或射线治疗设备： / 医疗、外科、牙科或兽医用	90	HS第90章	1410				none	0.0	unmapped
90222910	其他： γ射线无损探伤检测仪	其他： γ射线无损探伤检测仪	902229	α射线、β射线、γ射线或其他 离子射线的应用设备，不论是否 用于医疗、外科、牙科或兽医， 包括射线照相或射线治疗设备： / 其他	90	HS第90章	1410				none	0.0	unmapped
90222990	其他	其他	902229	α射线、β射线、γ射线或其他 离子射线的应用设备，不论是否 用于医疗、外科、牙科或兽医， 包括射线照相或射线治疗设备： / 其他	90	HS第90章	1410				none	0.0	unmapped
90223000	X射线管	X射线管	902230	X射线管	90	HS第90章	1411				none	0.0	unmapped
90229010	其他，包括零件、附件： X射线影像增强器	其他，包括零件、附件： X射线影像增强器	902290	其他，包括零件、附件	90	HS第90章	1411				none	0.0	unmapped
90229090	其他 医用直线加速器用高压固态调制 器系统、多叶光栅模块 射线发生器的零部件 数字化X射线摄影系统平板探测 器 X射线断层检查仪专用探测器 X射线断层检查仪专用闪烁体、光 电转换模块、准直器 X射线断层检查仪用高压发生器 （功率不低于100千瓦） 应用除α射线、β射线、γ射线 以外的离子射线的医疗、外科、 牙科或兽医用设备的零件及附件	其他 医用直线加速器用高压固态调制 器系统、多叶光栅模块 射线发生器的零部件 数字化X射线摄影系统平板探测 器 X射线断层检查仪专用探测器 X射线断层检查仪专用闪烁体、光 电转换模块、准直器 X射线断层检查仪用高压发生器 （功率不低于100千瓦） 应用除α射线、β射线、γ射线 以外的离子射线的医疗、外科、 牙科或兽医用设备的零件及附件	902290	其他，包括零件、附件	90	HS第90章	1411				none	0.0	unmapped
90230010	教习头	教习头	902300	专供示范（例如，教学或展览） 而无其他用途的仪器、装置及模 型	90	HS第90章	1411				none	0.0	unmapped
90230090	其他	其他	902300	专供示范（例如，教学或展览） 而无其他用途的仪器、装置及模 型	90	HS第90章	1411				none	0.0	unmapped
90241010	电子万能试验机	电子万能试验机	902410	金属材料的试验用机器及器具	90	HS第90章	1412				none	0.0	unmapped
90241020	硬度计	硬度计	902410	金属材料的试验用机器及器具	90	HS第90章	1412				none	0.0	unmapped
90241090	其他	其他	902410	金属材料的试验用机器及器具	90	HS第90章	1412				none	0.0	unmapped
90248000	其他机器及器具	其他机器及器具	902480	其他机器及器具	90	HS第90章	1412				none	0.0	unmapped
90249000	零件、附件	零件、附件	902490	零件、附件	90	HS第90章	1412				none	0.0	unmapped
90251100	温度计及高温计，未与其他仪器 组合： 液体温度计，可直接读数	温度计及高温计，未与其他仪器 组合： 液体温度计，可直接读数	902511	温度计及高温计，未与其他仪器 组合： / 液体温度计，可直接读数	90	HS第90章	1412				none	0.0	unmapped
90251910	其他： 工业用	其他： 工业用	902519	温度计及高温计，未与其他仪器 组合： / 其他	90	HS第90章	1412				none	0.0	unmapped
90251990	其他	其他	902519	温度计及高温计，未与其他仪器 组合： / 其他	90	HS第90章	1413				none	0.0	unmapped
90258000	其他仪器	其他仪器	902580	其他仪器	90	HS第90章	1413				none	0.0	unmapped
90259000	零件、附件	零件、附件	902590	零件、附件	90	HS第90章	1413				none	0.0	unmapped
90261000	测量、检验液体流量或液位的仪 器及装置	测量、检验液体流量或液位的仪 器及装置	902610	测量、检验液体流量或液位的仪	90	HS第90章	1413				none	0.0	unmapped
90262010	测量、检验压力的仪器及装置： 压力/差压变送器	测量、检验压力的仪器及装置： 压力/差压变送器	902620	测量、检验压力的仪器及装置	90	HS第90章	1413				none	0.0	unmapped
90262090	其他	其他	902620	测量、检验压力的仪器及装置	90	HS第90章	1413				none	0.0	unmapped
90268010	其他仪器及装置： 测量气体流量的仪器及装置	其他仪器及装置： 测量气体流量的仪器及装置	902680	其他仪器及装置	90	HS第90章	1413				none	0.0	unmapped
90268090	其他	其他	902680	其他仪器及装置	90	HS第90章	1413				none	0.0	unmapped
90269000	零件、附件	零件、附件	902690	零件、附件	90	HS第90章	1414				none	0.0	unmapped
90271000	气体或烟雾分析仪	气体或烟雾分析仪	902710	气体或烟雾分析仪	90	HS第90章	1414				none	0.0	unmapped
90272011	色谱仪和电泳仪： ---色谱仪： 气相色谱仪	色谱仪和电泳仪： ---色谱仪： 气相色谱仪	902720	色谱仪和电泳仪	90	HS第90章	1414				none	0.0	unmapped
90272012	色谱仪： 液相色谱仪	色谱仪： 液相色谱仪	902720	色谱仪和电泳仪	90	HS第90章	1414				none	0.0	unmapped
90272019	色谱仪： 其他	色谱仪： 其他	902720	色谱仪和电泳仪	90	HS第90章	1414				none	0.0	unmapped
90272020	电泳仪	电泳仪	902720	色谱仪和电泳仪	90	HS第90章	1414				none	0.0	unmapped
90273000	使用光学射线（紫外线、可见光、 红外线）的分光仪、分光光度计 及摄谱仪	使用光学射线（紫外线、可见光、 红外线）的分光仪、分光光度计 及摄谱仪	902730	使用光学射线（紫外线、可见光、	90	HS第90章	1414				none	0.0	unmapped
90275010	使用光学射线（紫外线、可见光、 红外线）的其他仪器及装置： 基因测序仪	使用光学射线（紫外线、可见光、 红外线）的其他仪器及装置： 基因测序仪	902750	使用光学射线（紫外线、可见光、 红外线）的其他仪器及装置	90	HS第90章	1414				none	0.0	unmapped
90275090	其他	其他	902750	使用光学射线（紫外线、可见光、 红外线）的其他仪器及装置	90	HS第90章	1415				none	0.0	unmapped
90278110	其他仪器及装置： --质谱仪： 集成电路生产用氦质谱检漏台	其他仪器及装置： --质谱仪： 集成电路生产用氦质谱检漏台	902781	其他仪器及装置： / 质谱仪	90	HS第90章	1415				none	0.0	unmapped
90278120	质谱联用仪	质谱联用仪	902781	其他仪器及装置： / 质谱仪	90	HS第90章	1415				none	0.0	unmapped
90278190	其他	其他	902781	其他仪器及装置： / 质谱仪	90	HS第90章	1415				none	0.0	unmapped
90278910	其他： 曝光表	其他： 曝光表	902789	其他仪器及装置： / 其他	90	HS第90章	1415				none	0.0	unmapped
90278990	其他	其他	902789	其他仪器及装置： / 其他	90	HS第90章	1415				none	0.0	unmapped
90279000	检镜切片机；零件、附件	检镜切片机；零件、附件	902790	检镜切片机；零件、附件	90	HS第90章	1415				none	0.0	unmapped
90281010	气量计： 煤气表	气量计： 煤气表	902810	气量计	90	HS第90章	1415				none	0.0	unmapped
90281090	其他	其他	902810	气量计	90	HS第90章	1416				none	0.0	unmapped
90282010	液量计： 水表	液量计： 水表	902820	液量计	90	HS第90章	1416				none	0.0	unmapped
90282090	其他	其他	902820	液量计	90	HS第90章	1416				none	0.0	unmapped
90283011	电量计： ---电度表： 单相感应式	电量计： ---电度表： 单相感应式	902830	电量计	90	HS第90章	1416				none	0.0	unmapped
90283012	电度表： 三相感应式	电度表： 三相感应式	902830	电量计	90	HS第90章	1416				none	0.0	unmapped
90283013	电度表： 单相电子式（静止式）	电度表： 单相电子式（静止式）	902830	电量计	90	HS第90章	1416				none	0.0	unmapped
90283014	电度表： 三相电子式（静止式）	电度表： 三相电子式（静止式）	902830	电量计	90	HS第90章	1416				none	0.0	unmapped
90283019	电度表： 其他	电度表： 其他	902830	电量计	90	HS第90章	1416				none	0.0	unmapped
90283090	其他	其他	902830	电量计	90	HS第90章	1417				none	0.0	unmapped
90289010	零件、附件： 工业用	零件、附件： 工业用	902890	零件、附件	90	HS第90章	1417				none	0.0	unmapped
90289090	其他	其他	902890	零件、附件	90	HS第90章	1417				none	0.0	unmapped
90291010	转数计、产量计数器、车费计、 里程计、步数计及类似仪表： 转数计	转数计、产量计数器、车费计、 里程计、步数计及类似仪表： 转数计	902910	转数计、产量计数器、车费计、 里程计、步数计及类似仪表	90	HS第90章	1417				none	0.0	unmapped
90291020	车费计、里程计	车费计、里程计	902910	转数计、产量计数器、车费计、 里程计、步数计及类似仪表	90	HS第90章	1417				none	0.0	unmapped
90291090	其他	其他	902910	转数计、产量计数器、车费计、 里程计、步数计及类似仪表	90	HS第90章	1417				none	0.0	unmapped
90292010	车辆用速度计	车辆用速度计	902920	速度计及转速表，频闪观测仪	90	HS第90章	1418				none	0.0	unmapped
90292090	其他	其他	902920	速度计及转速表，频闪观测仪	90	HS第90章	1418				none	0.0	unmapped
90299000	零件、附件	零件、附件	902990	零件、附件	90	HS第90章	1418				none	0.0	unmapped
90301000	离子射线的测量或检验仪器及 装置	离子射线的测量或检验仪器及 装置	903010	离子射线的测量或检验仪器及	90	HS第90章	1418				none	0.0	unmapped
90302010	示波器： 测试频率在300兆赫兹以下的 通用示波器	示波器： 测试频率在300兆赫兹以下的 通用示波器	903020	示波器	90	HS第90章	1418				none	0.0	unmapped
90302090	其他	其他	903020	示波器	90	HS第90章	1418				none	0.0	unmapped
90303110	量程在五位半及以下的数字万 用表	量程在五位半及以下的数字万 用表	903031	检测电压、电流、电阻或功率（用 于测试或检验半导体晶圆或器件 用的除外）的其他仪器及装置： / 万用表，不带记录装置	90	HS第90章	1419				none	0.0	unmapped
90303190	其他	其他	903031	检测电压、电流、电阻或功率（用 于测试或检验半导体晶圆或器件 用的除外）的其他仪器及装置： / 万用表，不带记录装置	90	HS第90章	1419				none	0.0	unmapped
90303200	万用表，带记录装置	万用表，带记录装置	903032	检测电压、电流、电阻或功率（用 于测试或检验半导体晶圆或器件 用的除外）的其他仪器及装置： / 万用表，带记录装置	90	HS第90章	1419				none	0.0	unmapped
90303310	其他，不带记录装置： 量程在五位半及以下的数字电 流表、电压表	其他，不带记录装置： 量程在五位半及以下的数字电 流表、电压表	903033	检测电压、电流、电阻或功率（用 于测试或检验半导体晶圆或器件 用的除外）的其他仪器及装置： / 其他，不带记录装置	90	HS第90章	1419				none	0.0	unmapped
90303320	电阻测试仪	电阻测试仪	903033	检测电压、电流、电阻或功率（用 于测试或检验半导体晶圆或器件 用的除外）的其他仪器及装置： / 其他，不带记录装置	90	HS第90章	1419				none	0.0	unmapped
90303390	其他	其他	903033	检测电压、电流、电阻或功率（用 于测试或检验半导体晶圆或器件 用的除外）的其他仪器及装置： / 其他，不带记录装置	90	HS第90章	1419				none	0.0	unmapped
90303900	其他，带记录装置	其他，带记录装置	903039	检测电压、电流、电阻或功率（用 于测试或检验半导体晶圆或器件 用的除外）的其他仪器及装置： / 其他，带记录装置	90	HS第90章	1419				none	0.0	unmapped
90304010	通讯专用的其他仪器及装置（例 如，串音测试器、增益测量仪、 失真度表、噪声计）： 测试频率在12.4千兆赫兹以下 的数字式频率计	通讯专用的其他仪器及装置（例 如，串音测试器、增益测量仪、 失真度表、噪声计）： 测试频率在12.4千兆赫兹以下 的数字式频率计	903040	通讯专用的其他仪器及装置（例 如，串音测试器、增益测量仪、 失真度表、噪声计）	90	HS第90章	1419				none	0.0	unmapped
90304090	其他	其他	903040	通讯专用的其他仪器及装置（例 如，串音测试器、增益测量仪、 失真度表、噪声计）	90	HS第90章	1420				none	0.0	unmapped
90308200	其他仪器及装置： 测试或检验半导体晶圆或器件 （包括集成电路）用	其他仪器及装置： 测试或检验半导体晶圆或器件 （包括集成电路）用	903082	其他仪器及装置： / 测试或检验半导体晶圆或器件	90	HS第90章	1420				none	0.0	unmapped
90308410	其他，带记录装置： 电感及电容测试仪	其他，带记录装置： 电感及电容测试仪	903084	其他仪器及装置： / 其他，带记录装置	90	HS第90章	1420				none	0.0	unmapped
90308490	其他	其他	903084	其他仪器及装置： / 其他，带记录装置	90	HS第90章	1420				none	0.0	unmapped
90308910	其他： 电感及电容测试仪	其他： 电感及电容测试仪	903089	其他仪器及装置： / 其他	90	HS第90章	1420				none	0.0	unmapped
90308990	其他	其他	903089	其他仪器及装置： / 其他	90	HS第90章	1420				none	0.0	unmapped
90309000	零件、附件	零件、附件	903090	零件、附件	90	HS第90章	1420				none	0.0	unmapped
90311000	机械零件平衡试验机	机械零件平衡试验机	903110	机械零件平衡试验机	90	HS第90章	1420				none	0.0	unmapped
90312000	试验台	试验台	903120	试验台	90	HS第90章	1421				none	0.0	unmapped
90314100	其他光学仪器及器具： 制造半导体器件（包括集成电 路）时检验半导体晶圆、器件（包 括集成电路）或检测光掩模或光 栅用	其他光学仪器及器具： 制造半导体器件（包括集成电 路）时检验半导体晶圆、器件（包 括集成电路）或检测光掩模或光 栅用	903141	其他光学仪器及器具： / 制造半导体器件（包括集成电	90	HS第90章	1421				none	0.0	unmapped
90314910	其他： 轮廓投影仪	其他： 轮廓投影仪	903149	其他光学仪器及器具： / 其他	90	HS第90章	1421				none	0.0	unmapped
90314920	光栅测量装置	光栅测量装置	903149	其他光学仪器及器具： / 其他	90	HS第90章	1421				none	0.0	unmapped
90314990	其他	其他	903149	其他光学仪器及器具： / 其他	90	HS第90章	1421				none	0.0	unmapped
90318010	其他仪器、器具及机器： 光纤通信及光纤性能测试仪	其他仪器、器具及机器： 光纤通信及光纤性能测试仪	903180	其他仪器、器具及机器	90	HS第90章	1421				none	0.0	unmapped
90318020	坐标测量仪	坐标测量仪	903180	其他仪器、器具及机器	90	HS第90章	1421				none	0.0	unmapped
90318031	无损探伤检测仪器（射线探伤 仪除外）： 超声波探伤检测仪	无损探伤检测仪器（射线探伤 仪除外）： 超声波探伤检测仪	903180	其他仪器、器具及机器	90	HS第90章	1421				none	0.0	unmapped
90318032	无损探伤检测仪器（射线探伤 仪除外）： 磁粉探伤检测仪	无损探伤检测仪器（射线探伤 仪除外）： 磁粉探伤检测仪	903180	其他仪器、器具及机器	90	HS第90章	1422				none	0.0	unmapped
90318033	无损探伤检测仪器（射线探伤 仪除外）： 涡流探伤检测仪	无损探伤检测仪器（射线探伤 仪除外）： 涡流探伤检测仪	903180	其他仪器、器具及机器	90	HS第90章	1422				none	0.0	unmapped
90318039	无损探伤检测仪器（射线探伤 仪除外）： 其他	无损探伤检测仪器（射线探伤 仪除外）： 其他	903180	其他仪器、器具及机器	90	HS第90章	1422				none	0.0	unmapped
90318090	其他	其他	903180	其他仪器、器具及机器	90	HS第90章	1422				none	0.0	unmapped
90319000	零件、附件	零件、附件	903190	零件、附件	90	HS第90章	1422				none	0.0	unmapped
90321000	恒温器	恒温器	903210	恒温器	90	HS第90章	1422				none	0.0	unmapped
90322000	恒压器	恒压器	903220	恒压器	90	HS第90章	1422				none	0.0	unmapped
90328100	液压或气压的	液压或气压的	903281	其他仪器及装置： / 液压或气压的	90	HS第90章	1423				none	0.0	unmapped
90328911	其他： ---列车自动控制系统（ATC）车 载设备： 列车自动防护系统（ATP）车 载设备	其他： ---列车自动控制系统（ATC）车 载设备： 列车自动防护系统（ATP）车 载设备	903289	其他仪器及装置： / 其他	90	HS第90章	1423				none	0.0	unmapped
90328912	列车自动控制系统（ATC）车 载设备： 列车自动运行系统（ATO）车 载设备	列车自动控制系统（ATC）车 载设备： 列车自动运行系统（ATO）车 载设备	903289	其他仪器及装置： / 其他	90	HS第90章	1423				none	0.0	unmapped
90328919	列车自动控制系统（ATC）车 载设备： 其他	列车自动控制系统（ATC）车 载设备： 其他	903289	其他仪器及装置： / 其他	90	HS第90章	1423				none	0.0	unmapped
90328990	其他 电喷点火程序控制单元 机床用成套数控伺服装置（包括 CNC操作单元，带有配套的伺服 放大器和伺服电机） 印刷机用成套数控伺服传动装置 （包括运动控制器或可编程序自 动控制器、人机界面单元，带有 配套的伺服驱动器和伺服电机） 三坐标测量机用自动控制柜	其他 电喷点火程序控制单元 机床用成套数控伺服装置（包括 CNC操作单元，带有配套的伺服 放大器和伺服电机） 印刷机用成套数控伺服传动装置 （包括运动控制器或可编程序自 动控制器、人机界面单元，带有 配套的伺服驱动器和伺服电机） 三坐标测量机用自动控制柜	903289	其他仪器及装置： / 其他	90	HS第90章	1423				none	0.0	unmapped
90329000	零件、附件 飞机自动驾驶系统（包括自动驾 驶、电子控制飞行、自动故障分 析、警告系统配平系统及推力监 控设备及其相关仪表）的零件 飞机发动机燃油控制器用电路板	零件、附件 飞机自动驾驶系统（包括自动驾 驶、电子控制飞行、自动故障分 析、警告系统配平系统及推力监 控设备及其相关仪表）的零件 飞机发动机燃油控制器用电路板	903290	零件、附件	90	HS第90章	1424				none	0.0	unmapped
90330000	第九十章所列机器、器具、仪器 或装置用的本章其他税目未列名 的零件、附件 用于90章下列环境产品，包括太 阳能定日镜、其他测量海洋、水 文、气象或地球物理用仪器及设 备，测量，检验液体流量或液位 的仪器，测量、检验压力的仪器 及装置，税目90.26中其他税目未 列名的液体或气体测量仪器及装 置，气体或烟雾分析仪，色谱仪 和电泳仪，使用光学射线（紫外 线，可见光，红外线）的分光仪、 分光光度计及摄谱仪以及其他理 化分析仪器及装置，用于测量、 记录、分析和评估环境样品或对 环境的影响的理化分析仪器及装 置，检镜切片机，轮廓投影仪， 光栅测量装置，其他光学测量或 检验仪器和器具，测振仪，手振 动仪，具有可再生能源和智能电 网应用的自动电压和电流调节 器，自动调控流量、液位和湿度 的仪器,且在其他税目未列名的零 附件	第九十章所列机器、器具、仪器 或装置用的本章其他税目未列名 的零件、附件 用于90章下列环境产品，包括太 阳能定日镜、其他测量海洋、水 文、气象或地球物理用仪器及设 备，测量，检验液体流量或液位 的仪器，测量、检验压力的仪器 及装置，税目90.26中其他税目未 列名的液体或气体测量仪器及装 置，气体或烟雾分析仪，色谱仪 和电泳仪，使用光学射线（紫外 线，可见光，红外线）的分光仪、 分光光度计及摄谱仪以及其他理 化分析仪器及装置，用于测量、 记录、分析和评估环境样品或对 环境的影响的理化分析仪器及装 置，检镜切片机，轮廓投影仪， 光栅测量装置，其他光学测量或 检验仪器和器具，测振仪，手振 动仪，具有可再生能源和智能电 网应用的自动电压和电流调节 器，自动调控流量、液位和湿度 的仪器,且在其他税目未列名的零 附件	903300	第九十章所列机器、器具、仪器 或装置用的本章其他税目未列名 的零件、附件	90	HS第90章	1424				none	0.0	unmapped
91011100	电力驱动的手表，不论是否附有 秒表装置： 仅有机械指示器的	电力驱动的手表，不论是否附有 秒表装置： 仅有机械指示器的	910111	电力驱动的手表，不论是否附有 秒表装置： / 仅有机械指示器的	91	HS第91章	1425				none	0.0	unmapped
91011910	其他： 仅有光电显示器的	其他： 仅有光电显示器的	910119	电力驱动的手表，不论是否附有 秒表装置： / 其他	91	HS第91章	1425				none	0.0	unmapped
91011990	其他	其他	910119	电力驱动的手表，不论是否附有 秒表装置： / 其他	91	HS第91章	1426				none	0.0	unmapped
91012100	其他手表，不论是否附有秒表装 置： 自动上弦的	其他手表，不论是否附有秒表装 置： 自动上弦的	910121	其他手表，不论是否附有秒表装 置： / 自动上弦的	91	HS第91章	1426				none	0.0	unmapped
91012900	其他	其他	910129	其他手表，不论是否附有秒表装 置： / 其他	91	HS第91章	1426				none	0.0	unmapped
91019100	其他： 电力驱动的	其他： 电力驱动的	910191	其他： / 电力驱动的	91	HS第91章	1426				none	0.0	unmapped
91019900	其他	其他	910199	其他： / 其他	91	HS第91章	1426				none	0.0	unmapped
91021100	仅有机械指示器的	仅有机械指示器的	910211	电力驱动的手表，不论是否附有 秒表装置： / 仅有机械指示器的	91	HS第91章	1427				none	0.0	unmapped
91021200	仅有光电显示器的	仅有光电显示器的	910212	电力驱动的手表，不论是否附有 秒表装置： / 仅有光电显示器的	91	HS第91章	1427				none	0.0	unmapped
91021900	其他	其他	910219	电力驱动的手表，不论是否附有 秒表装置： / 其他	91	HS第91章	1427				none	0.0	unmapped
91022100	其他手表，不论是否装有秒表装 置： 自动上弦的	其他手表，不论是否装有秒表装 置： 自动上弦的	910221	其他手表，不论是否装有秒表装 置： / 自动上弦的	91	HS第91章	1427				none	0.0	unmapped
91022900	其他	其他	910229	其他手表，不论是否装有秒表装 置： / 其他	91	HS第91章	1427				none	0.0	unmapped
91029100	电力驱动的	电力驱动的	910291	其他： / 电力驱动的	91	HS第91章	1428				none	0.0	unmapped
91029900	其他	其他	910299	其他： / 其他	91	HS第91章	1428				none	0.0	unmapped
91031000	电力驱动的	电力驱动的	910310	电力驱动的	91	HS第91章	1428				none	0.0	unmapped
91039000	其他	其他	910390	其他	91	HS第91章	1428				none	0.0	unmapped
91040000	仪表板钟及车辆、航空器、航天 器或船舶用的类似钟	仪表板钟及车辆、航空器、航天 器或船舶用的类似钟	910400	仪表板钟及车辆、航空器、航天 器或船舶用的类似钟	91	HS第91章	1428				none	0.0	unmapped
91051100	电力驱动的	电力驱动的	910511	闹钟： / 电力驱动的	91	HS第91章	1429				none	0.0	unmapped
91051900	其他	其他	910519	闹钟： / 其他	91	HS第91章	1429				none	0.0	unmapped
91052100	挂钟： 电力驱动的	挂钟： 电力驱动的	910521	挂钟： / 电力驱动的	91	HS第91章	1429				none	0.0	unmapped
91052900	其他	其他	910529	挂钟： / 其他	91	HS第91章	1429				none	0.0	unmapped
91059110	其他： --电力驱动的： 天文钟	其他： --电力驱动的： 天文钟	910591	其他： / 电力驱动的	91	HS第91章	1429				none	0.0	unmapped
91059190	其他	其他	910591	其他： / 电力驱动的	91	HS第91章	1430				none	0.0	unmapped
91059900	其他	其他	910599	其他： / 其他	91	HS第91章	1430				none	0.0	unmapped
91061000	考勤钟、时刻记录器	考勤钟、时刻记录器	910610	考勤钟、时刻记录器	91	HS第91章	1430				none	0.0	unmapped
91069000	其他	其他	910690	其他	91	HS第91章	1430				none	0.0	unmapped
91070000	装有钟、表机芯或同步电动机的 定时开关	装有钟、表机芯或同步电动机的 定时开关	910700	装有钟、表机芯或同步电动机的 定时开关	91	HS第91章	1430	电气电料	低压电器	电气电料/低压电器	electrical-switch	0.84	candidate
91081100	仅有机械指示器或有可装机械 16∆10 指示器的装置的	仅有机械指示器或有可装机械 16∆10 指示器的装置的	910811	仅有机械指示器或有可装机械 16∆10	91	HS第91章	1431				none	0.0	unmapped
91081200	仅有光电显示器的	仅有光电显示器的	910812	仅有光电显示器的	91	HS第91章	1431				none	0.0	unmapped
91081900	其他	其他	910819	其他	91	HS第91章	1431				none	0.0	unmapped
91082000	自动上弦的	自动上弦的	910820	自动上弦的	91	HS第91章	1431				none	0.0	unmapped
91089010	其他： 表面尺寸在33.8毫米及以下	其他： 表面尺寸在33.8毫米及以下	910890	其他	91	HS第91章	1431				none	0.0	unmapped
91089090	其他	其他	910890	其他	91	HS第91章	1432				none	0.0	unmapped
91091000	电力驱动的	电力驱动的	910910	电力驱动的	91	HS第91章	1432				none	0.0	unmapped
91099000	其他	其他	910990	其他	91	HS第91章	1432				none	0.0	unmapped
91101100	表的： 未组装或部分组装的完整机芯 （机芯套装件）	表的： 未组装或部分组装的完整机芯 （机芯套装件）	911011	表的： / 未组装或部分组装的完整机芯	91	HS第91章	1432				none	0.0	unmapped
91101200	已组装的不完整机芯	已组装的不完整机芯	911012	表的： / 已组装的不完整机芯	91	HS第91章	1432				none	0.0	unmapped
91101900	未组装的不完整机芯	未组装的不完整机芯	911019	表的： / 未组装的不完整机芯	91	HS第91章	1433				none	0.0	unmapped
91109010	其他： 未组装或部分组装的完整机芯	其他： 未组装或部分组装的完整机芯	911090	其他	91	HS第91章	1433				none	0.0	unmapped
91109090	其他	其他	911090	其他	91	HS第91章	1433				none	0.0	unmapped
91111000	贵金属表壳或包贵金属表壳	贵金属表壳或包贵金属表壳	911110	贵金属表壳或包贵金属表壳	91	HS第91章	1433				none	0.0	unmapped
91112000	贱金属表壳，不论是否镀金或镀 银	贱金属表壳，不论是否镀金或镀 银	911120	贱金属表壳，不论是否镀金或镀	91	HS第91章	1433				none	0.0	unmapped
91118000	其他表壳	其他表壳	911180	其他表壳	91	HS第91章	1434				none	0.0	unmapped
91119000	零件	零件	911190	零件	91	HS第91章	1434				none	0.0	unmapped
91122000	壳	壳	911220	壳	91	HS第91章	1434				none	0.0	unmapped
91129000	零件	零件	911290	零件	91	HS第91章	1434				none	0.0	unmapped
91131000	贵金属或包贵金属制	贵金属或包贵金属制	911310	贵金属或包贵金属制	91	HS第91章	1434				none	0.0	unmapped
91132000	贱金属制，不论是否镀金或镀银	贱金属制，不论是否镀金或镀银	911320	贱金属制，不论是否镀金或镀银	91	HS第91章	1435				none	0.0	unmapped
91139000	其他	其他	911390	其他	91	HS第91章	1435				none	0.0	unmapped
91143000	钟面或表面	钟面或表面	911430	钟面或表面	91	HS第91章	1435				none	0.0	unmapped
91144000	夹板及横担（过桥）	夹板及横担（过桥）	911440	夹板及横担（过桥）	91	HS第91章	1435				none	0.0	unmapped
91149010	宝石轴承	宝石轴承	911490	其他	91	HS第91章	1436	设备备件	传动件	设备备件/传动件	equipment-bearing	0.86	candidate
91149020	发条，包括游丝	发条，包括游丝	911490	其他	91	HS第91章	1436				none	0.0	unmapped
91149090	其他	其他	911490	其他	91	HS第91章	1436				none	0.0	unmapped
92011000	竖式钢琴	竖式钢琴	920110	竖式钢琴	92	HS第92章	1437				none	0.0	unmapped
92012000	大钢琴 计税价格50000美元及以上的大 钢琴	大钢琴 计税价格50000美元及以上的大 钢琴	920120	大钢琴	92	HS第92章	1437				none	0.0	unmapped
92019000	其他	其他	920190	其他	92	HS第92章	1437				none	0.0	unmapped
92021000	弓弦乐器 计税价格15000美元及以上的弓 弦乐器	弓弦乐器 计税价格15000美元及以上的弓 弦乐器	920210	弓弦乐器	92	HS第92章	1438				none	0.0	unmapped
92029000	其他	其他	920290	其他	92	HS第92章	1438				none	0.0	unmapped
92051000	铜管乐器 计税价格2000美元及以上的铜管 乐器	铜管乐器 计税价格2000美元及以上的铜管 乐器	920510	铜管乐器	92	HS第92章	1438	管材管件阀门	管材	管材管件阀门/管材	pipe-material	0.72	candidate
92059010	其他： 键盘管风琴；簧风琴及类似的 游离金属簧片键盘乐器	其他： 键盘管风琴；簧风琴及类似的 游离金属簧片键盘乐器	920590	其他	92	HS第92章	1438				none	0.0	unmapped
92059020	手风琴及类似乐器	手风琴及类似乐器	920590	其他	92	HS第92章	1438				none	0.0	unmapped
92059030	口琴	口琴	920590	其他	92	HS第92章	1439				none	0.0	unmapped
92059090	其他 计税价格10000美元及以上的其 他管乐器	其他 计税价格10000美元及以上的其 他管乐器	920590	其他	92	HS第92章	1439				none	0.0	unmapped
92060000	打击乐器（例如，鼓、木琴、铙、 钹、响板、响葫芦）	打击乐器（例如，鼓、木琴、铙、 钹、响板、响葫芦）	920600	打击乐器（例如，鼓、木琴、铙、 钹、响板、响葫芦）	92	HS第92章	1439				none	0.0	unmapped
92071000	键盘乐器，但手风琴除外	键盘乐器，但手风琴除外	920710	键盘乐器，但手风琴除外	92	HS第92章	1439				none	0.0	unmapped
92079000	其他	其他	920790	其他	92	HS第92章	1439				none	0.0	unmapped
92081000	百音盒	百音盒	920810	百音盒	92	HS第92章	1440				none	0.0	unmapped
92089000	其他	其他	920890	其他	92	HS第92章	1440				none	0.0	unmapped
92093000	乐器用的弦	乐器用的弦	920930	乐器用的弦	92	HS第92章	1440				none	0.0	unmapped
92099100	其他： 钢琴的零件、附件	其他： 钢琴的零件、附件	920991	其他： / 钢琴的零件、附件	92	HS第92章	1440				none	0.0	unmapped
92099200	税目92.02所列乐器的零件、附 件	税目92.02所列乐器的零件、附 件	920992	其他： / 税目92.02所列乐器的零件、附	92	HS第92章	1440				none	0.0	unmapped
92099400	税目92.07所列乐器的零件、附 件	税目92.07所列乐器的零件、附 件	920994	其他： / 税目92.07所列乐器的零件、附	92	HS第92章	1441				none	0.0	unmapped
92099910	其他： 节拍器、音叉及定音管	其他： 节拍器、音叉及定音管	920999	其他	92	HS第92章	1441				none	0.0	unmapped
92099920	百音盒的机械装置	百音盒的机械装置	920999	其他	92	HS第92章	1441				none	0.0	unmapped
92099990	其他	其他	920999	其他	92	HS第92章	1441				none	0.0	unmapped
93011010	火炮武器（例如，榴弹炮及迫击 炮）： 自推进的	火炮武器（例如，榴弹炮及迫击 炮）： 自推进的	930110	火炮武器（例如，榴弹炮及迫击 炮）	93	HS第93章	1442				none	0.0	unmapped
93011090	其他	其他	930110	火炮武器（例如，榴弹炮及迫击 炮）	93	HS第93章	1442				none	0.0	unmapped
93012000	火箭发射装置；火焰喷射器；手 榴弹发射器；鱼雷发射管及类似 发射装置	火箭发射装置；火焰喷射器；手 榴弹发射器；鱼雷发射管及类似 发射装置	930120	火箭发射装置；火焰喷射器；手	93	HS第93章	1443				none	0.0	unmapped
93019000	其他	其他	930190	其他	93	HS第93章	1443				none	0.0	unmapped
93020000	左轮手枪及其他手枪，但税目 93.03或93.04的货品除外	左轮手枪及其他手枪，但税目 93.03或93.04的货品除外	930200	左轮手枪及其他手枪，但税目 93.03或93.04的货品除外	93	HS第93章	1443				none	0.0	unmapped
93031000	前装枪	前装枪	930310	前装枪	93	HS第93章	1443				none	0.0	unmapped
93032000	其他运动、狩猎或打靶用猎枪， 包括组合式滑膛来复枪	其他运动、狩猎或打靶用猎枪， 包括组合式滑膛来复枪	930320	其他运动、狩猎或打靶用猎枪，	93	HS第93章	1444				none	0.0	unmapped
93033000	其他运动、狩猎或打靶用步枪	其他运动、狩猎或打靶用步枪	930330	其他运动、狩猎或打靶用步枪	93	HS第93章	1444				none	0.0	unmapped
93039000	其他	其他	930390	其他	93	HS第93章	1444				none	0.0	unmapped
93040000	其他武器（例如，弹簧枪、气枪、 气手枪、警棍），但不包括税目 93.07的货品	其他武器（例如，弹簧枪、气枪、 气手枪、警棍），但不包括税目 93.07的货品	930400	其他武器（例如，弹簧枪、气枪、 气手枪、警棍），但不包括税目 93.07的货品	93	HS第93章	1444				none	0.0	unmapped
93051000	左轮手枪或其他手枪用	左轮手枪或其他手枪用	930510	左轮手枪或其他手枪用	93	HS第93章	1444				none	0.0	unmapped
93052000	税目93.03的猎枪或步枪用	税目93.03的猎枪或步枪用	930520	税目93.03的猎枪或步枪用	93	HS第93章	1445				none	0.0	unmapped
93059100	其他： 税目93.01的军用武器用	其他： 税目93.01的军用武器用	930591	其他： / 税目93.01的军用武器用	93	HS第93章	1445				none	0.0	unmapped
93059900	其他	其他	930599	其他： / 其他	93	HS第93章	1445				none	0.0	unmapped
93062100	猎枪子弹及其零件；气枪弹丸： 猎枪子弹	猎枪子弹及其零件；气枪弹丸： 猎枪子弹	930621	猎枪子弹及其零件；气枪弹丸： / 猎枪子弹	93	HS第93章	1445				none	0.0	unmapped
93062900	其他	其他	930629	猎枪子弹及其零件；气枪弹丸： / 其他	93	HS第93章	1445				none	0.0	unmapped
93063080	铆接机或类似工具用或弩枪式 无痛捕杀器用子弹及其零件	铆接机或类似工具用或弩枪式 无痛捕杀器用子弹及其零件	930630	其他子弹及其零件	93	HS第93章	1446				none	0.0	unmapped
93063090	其他	其他	930630	其他子弹及其零件	93	HS第93章	1446				none	0.0	unmapped
93069000	其他	其他	930690	其他	93	HS第93章	1446				none	0.0	unmapped
93070010	军用	军用	930700	剑、短弯刀、刺刀、长矛和类似 的武器及其零件；刀鞘、剑鞘	93	HS第93章	1446				none	0.0	unmapped
93070090	其他	其他	930700	剑、短弯刀、刺刀、长矛和类似 的武器及其零件；刀鞘、剑鞘	93	HS第93章	1446				none	0.0	unmapped
94011000	飞机用坐具	飞机用坐具	940110	飞机用坐具	94	HS第94章	1447				none	0.0	unmapped
94012010	皮革或再生皮革面的	皮革或再生皮革面的	940120	机动车辆用坐具	94	HS第94章	1448				none	0.0	unmapped
94012090	其他	其他	940120	机动车辆用坐具	94	HS第94章	1448				none	0.0	unmapped
94013100	可调高度的转动坐具： 木制的	可调高度的转动坐具： 木制的	940131	可调高度的转动坐具： / 木制的	94	HS第94章	1448				none	0.0	unmapped
94013900	其他	其他	940139	可调高度的转动坐具： / 其他	94	HS第94章	1448				none	0.0	unmapped
94014110	能做床用的两用椅，但庭园坐具 或野营设备除外： --木制的： 皮革或再生皮革面的	能做床用的两用椅，但庭园坐具 或野营设备除外： --木制的： 皮革或再生皮革面的	940141	能做床用的两用椅，但庭园坐具 或野营设备除外： / 木制的	94	HS第94章	1448				none	0.0	unmapped
94014190	其他	其他	940141	能做床用的两用椅，但庭园坐具 或野营设备除外： / 木制的	94	HS第94章	1448				none	0.0	unmapped
94014910	其他： 皮革或再生皮革面的	其他： 皮革或再生皮革面的	940149	能做床用的两用椅，但庭园坐具 或野营设备除外： / 其他	94	HS第94章	1448				none	0.0	unmapped
94014990	其他	其他	940149	能做床用的两用椅，但庭园坐具 或野营设备除外： / 其他	94	HS第94章	1448				none	0.0	unmapped
94015200	竹制的	竹制的	940152	藤、柳条、竹及类似材料制的坐 具： / 竹制的	94	HS第94章	1449				none	0.0	unmapped
94015300	藤制的	藤制的	940153	藤、柳条、竹及类似材料制的坐 具： / 藤制的	94	HS第94章	1449				none	0.0	unmapped
94015900	其他	其他	940159	藤、柳条、竹及类似材料制的坐 具： / 其他	94	HS第94章	1449				none	0.0	unmapped
94016110	木框架的其他坐具： --装软垫的： 皮革或再生皮革面的	木框架的其他坐具： --装软垫的： 皮革或再生皮革面的	940161	木框架的其他坐具： / 装软垫的	94	HS第94章	1449				none	0.0	unmapped
94016190	其他	其他	940161	木框架的其他坐具： / 装软垫的	94	HS第94章	1449				none	0.0	unmapped
94016900	其他	其他	940169	木框架的其他坐具： / 其他	94	HS第94章	1449				none	0.0	unmapped
94017110	金属框架的其他坐具： --装软垫的： 皮革或再生皮革面的	金属框架的其他坐具： --装软垫的： 皮革或再生皮革面的	940171	金属框架的其他坐具： / 装软垫的	94	HS第94章	1449				none	0.0	unmapped
94017190	其他	其他	940171	金属框架的其他坐具： / 装软垫的	94	HS第94章	1449				none	0.0	unmapped
94017900	其他	其他	940179	金属框架的其他坐具： / 其他	94	HS第94章	1449				none	0.0	unmapped
94018010	其他坐具： 石制的	其他坐具： 石制的	940180	其他坐具	94	HS第94章	1449				none	0.0	unmapped
94018090	其他	其他	940180	其他坐具	94	HS第94章	1450				none	0.0	unmapped
94019100	零件： 木制的	零件： 木制的	940191	零件： / 木制的	94	HS第94章	1450				none	0.0	unmapped
94019910	其他： 机动车辆用座椅调角器	其他： 机动车辆用座椅调角器	940199	零件： / 其他	94	HS第94章	1450				none	0.0	unmapped
94019990	其他	其他	940199	零件： / 其他	94	HS第94章	1450				none	0.0	unmapped
94021010	牙科、理发及类似用途的椅及其 零件： 理发用椅及其零件	牙科、理发及类似用途的椅及其 零件： 理发用椅及其零件	940210	牙科、理发及类似用途的椅及其 零件	94	HS第94章	1450				none	0.0	unmapped
94021090	其他	其他	940210	牙科、理发及类似用途的椅及其 零件	94	HS第94章	1450				none	0.0	unmapped
94029000	其他	其他	940290	其他	94	HS第94章	1450				none	0.0	unmapped
94031000	办公室用金属家具	办公室用金属家具	940310	办公室用金属家具	94	HS第94章	1450				none	0.0	unmapped
94032000	其他金属家具	其他金属家具	940320	其他金属家具	94	HS第94章	1450				none	0.0	unmapped
94033000	办公室用木家具	办公室用木家具	940330	办公室用木家具	94	HS第94章	1451				none	0.0	unmapped
94034000	厨房用木家具	厨房用木家具	940340	厨房用木家具	94	HS第94章	1451				none	0.0	unmapped
94035010	卧室用木家具： 红木制	卧室用木家具： 红木制	940350	卧室用木家具	94	HS第94章	1451				none	0.0	unmapped
94035091	其他： 天然漆（大漆）漆木家具	其他： 天然漆（大漆）漆木家具	940350	卧室用木家具	94	HS第94章	1451				none	0.0	unmapped
94035099	其他： 其他	其他： 其他	940350	卧室用木家具	94	HS第94章	1451				none	0.0	unmapped
94036010	其他木家具： 红木制	其他木家具： 红木制	940360	其他木家具	94	HS第94章	1451				none	0.0	unmapped
94036091	其他： 天然漆（大漆）漆木家具	其他： 天然漆（大漆）漆木家具	940360	其他木家具	94	HS第94章	1451				none	0.0	unmapped
94036099	其他： 其他	其他： 其他	940360	其他木家具	94	HS第94章	1451				none	0.0	unmapped
94037000	塑料家具	塑料家具	940370	塑料家具	94	HS第94章	1451				none	0.0	unmapped
94038200	其他材料制的家具，包括藤、柳 条、竹或类似材料制的： 竹制的	其他材料制的家具，包括藤、柳 条、竹或类似材料制的： 竹制的	940382	其他材料制的家具，包括藤、柳 条、竹或类似材料制的： / 竹制的	94	HS第94章	1451				none	0.0	unmapped
94038300	藤制的	藤制的	940383	其他材料制的家具，包括藤、柳 条、竹或类似材料制的： / 藤制的	94	HS第94章	1452				none	0.0	unmapped
94038910	其他： 柳条及类似材料制的	其他： 柳条及类似材料制的	940389	其他材料制的家具，包括藤、柳 条、竹或类似材料制的： / 其他	94	HS第94章	1452				none	0.0	unmapped
94038920	石制的	石制的	940389	其他材料制的家具，包括藤、柳 条、竹或类似材料制的： / 其他	94	HS第94章	1452				none	0.0	unmapped
94038990	其他	其他	940389	其他材料制的家具，包括藤、柳 条、竹或类似材料制的： / 其他	94	HS第94章	1452				none	0.0	unmapped
94039100	零件： 木制的	零件： 木制的	940391	零件： / 木制的	94	HS第94章	1452				none	0.0	unmapped
94039900	其他	其他	940399	零件： / 其他	94	HS第94章	1452				none	0.0	unmapped
94041000	弹簧床垫	弹簧床垫	940410	弹簧床垫	94	HS第94章	1452				none	0.0	unmapped
94042100	海绵橡胶或泡沫塑料制，不论是 否包面	海绵橡胶或泡沫塑料制，不论是 否包面	940421	褥垫： / 海绵橡胶或泡沫塑料制，不论是	94	HS第94章	1453	化工胶粘涂料	橡胶材料	化工胶粘涂料/橡胶材料	chemical-rubber	0.75	candidate
94042900	其他材料制	其他材料制	940429	褥垫： / 其他材料制	94	HS第94章	1453				none	0.0	unmapped
94043010	睡袋： 羽毛或羽绒填充的	睡袋： 羽毛或羽绒填充的	940430	睡袋	94	HS第94章	1453				none	0.0	unmapped
94043090	其他	其他	940430	睡袋	94	HS第94章	1453				none	0.0	unmapped
94044010	被子（包括羽绒被）、床罩： 羽毛或羽绒填充的	被子（包括羽绒被）、床罩： 羽毛或羽绒填充的	940440	被子（包括羽绒被）、床罩	94	HS第94章	1453				none	0.0	unmapped
94044020	兽毛填充的	兽毛填充的	940440	被子（包括羽绒被）、床罩	94	HS第94章	1454				none	0.0	unmapped
94044030	丝棉填充的	丝棉填充的	940440	被子（包括羽绒被）、床罩	94	HS第94章	1454				none	0.0	unmapped
94044040	化纤棉填充的	化纤棉填充的	940440	被子（包括羽绒被）、床罩	94	HS第94章	1454				none	0.0	unmapped
94044090	其他	其他	940440	被子（包括羽绒被）、床罩	94	HS第94章	1454				none	0.0	unmapped
94049010	其他： 羽毛或羽绒填充的	其他： 羽毛或羽绒填充的	940490	其他	94	HS第94章	1454				none	0.0	unmapped
94049020	兽毛填充的	兽毛填充的	940490	其他	94	HS第94章	1455				none	0.0	unmapped
94049030	丝棉填充的	丝棉填充的	940490	其他	94	HS第94章	1455				none	0.0	unmapped
94049040	化纤棉填充的	化纤棉填充的	940490	其他	94	HS第94章	1455				none	0.0	unmapped
94049090	其他	其他	940490	其他	94	HS第94章	1455				none	0.0	unmapped
94051100	枝形吊灯及天花板或墙壁上的 其他电气照明装置，但不包括公 共露天场所或街道上的电气照明 装置： 设计为仅使用发光二极管 （LED）光源的	枝形吊灯及天花板或墙壁上的 其他电气照明装置，但不包括公 共露天场所或街道上的电气照明 装置： 设计为仅使用发光二极管 （LED）光源的	940511	枝形吊灯及天花板或墙壁上的 其他电气照明装置，但不包括公 共露天场所或街道上的电气照明 装置： / 设计为仅使用发光二极管	94	HS第94章	1455				none	0.0	unmapped
94051900	其他	其他	940519	枝形吊灯及天花板或墙壁上的 其他电气照明装置，但不包括公 共露天场所或街道上的电气照明 装置： / 其他	94	HS第94章	1456				none	0.0	unmapped
94052100	电气的台灯、床头灯或落地灯： 设计为仅使用发光二极管 （LED）光源的	电气的台灯、床头灯或落地灯： 设计为仅使用发光二极管 （LED）光源的	940521	电气的台灯、床头灯或落地灯： / 设计为仅使用发光二极管	94	HS第94章	1456				none	0.0	unmapped
94052900	其他	其他	940529	电气的台灯、床头灯或落地灯： / 其他	94	HS第94章	1456				none	0.0	unmapped
94053100	圣诞树用的灯串： 设计为仅使用发光二极管 （LED）光源的	圣诞树用的灯串： 设计为仅使用发光二极管 （LED）光源的	940531	圣诞树用的灯串： / 设计为仅使用发光二极管	94	HS第94章	1456				none	0.0	unmapped
94053900	其他	其他	940539	圣诞树用的灯串： / 其他	94	HS第94章	1456				none	0.0	unmapped
94054100	其他电气灯具及照明装置： 光伏的，且设计为仅使用发光二 极管（LED）光源的	其他电气灯具及照明装置： 光伏的，且设计为仅使用发光二 极管（LED）光源的	940541	其他电气灯具及照明装置： / 光伏的，且设计为仅使用发光二	94	HS第94章	1456				none	0.0	unmapped
94054210	探照灯和聚光灯	探照灯和聚光灯	940542	其他电气灯具及照明装置： / 其他，设计为仅使用发光二极管 （LED）光源的	94	HS第94章	1457				none	0.0	unmapped
94054290	其他	其他	940542	其他电气灯具及照明装置： / 其他，设计为仅使用发光二极管 （LED）光源的	94	HS第94章	1457				none	0.0	unmapped
94054910	其他： 探照灯和聚光灯	其他： 探照灯和聚光灯	940549	其他电气灯具及照明装置： / 其他	94	HS第94章	1457				none	0.0	unmapped
94054990	其他	其他	940549	其他电气灯具及照明装置： / 其他	94	HS第94章	1457				none	0.0	unmapped
94055000	非电气的灯具及照明装置	非电气的灯具及照明装置	940550	非电气的灯具及照明装置	94	HS第94章	1457				none	0.0	unmapped
94056100	发光标志、发光铭牌及类似品： 设计为仅使用发光二极管 （LED）光源的	发光标志、发光铭牌及类似品： 设计为仅使用发光二极管 （LED）光源的	940561	发光标志、发光铭牌及类似品： / 设计为仅使用发光二极管	94	HS第94章	1457				none	0.0	unmapped
94056900	其他	其他	940569	发光标志、发光铭牌及类似品： / 其他	94	HS第94章	1458				none	0.0	unmapped
94059100	零件： 玻璃制	零件： 玻璃制	940591	零件： / 玻璃制	94	HS第94章	1458				none	0.0	unmapped
94059200	塑料制	塑料制	940592	零件： / 塑料制	94	HS第94章	1458				none	0.0	unmapped
94059900	其他	其他	940599	零件： / 其他	94	HS第94章	1458				none	0.0	unmapped
94061000	木制的	木制的	940610	木制的	94	HS第94章	1458				none	0.0	unmapped
94062000	钢结构模块建筑单元	钢结构模块建筑单元	940620	钢结构模块建筑单元	94	HS第94章	1459				none	0.0	unmapped
94069000	其他	其他	940690	其他	94	HS第94章	1459				none	0.0	unmapped
95030010	供儿童乘骑的带轮玩具（例如， 三轮车、踏板车、踏板汽车）；玩 偶车	供儿童乘骑的带轮玩具（例如， 三轮车、踏板车、踏板汽车）；玩 偶车	950300	三轮车、踏板车、踏板汽车和类 似的带轮玩具；玩偶车；玩偶； 其他玩具；缩小（按比例缩小） 的模型及类似的娱乐用模型，不 论是否活动；各种智力玩具	95	HS第95章	1461				none	0.0	unmapped
95030021	玩偶，不论是否着装；玩具动 物： 动物	玩偶，不论是否着装；玩具动 物： 动物	950300	三轮车、踏板车、踏板汽车和类 似的带轮玩具；玩偶车；玩偶； 其他玩具；缩小（按比例缩小） 的模型及类似的娱乐用模型，不 论是否活动；各种智力玩具	95	HS第95章	1461				none	0.0	unmapped
95030029	玩偶，不论是否着装；玩具动 物： 其他	玩偶，不论是否着装；玩具动 物： 其他	950300	三轮车、踏板车、踏板汽车和类 似的带轮玩具；玩偶车；玩偶； 其他玩具；缩小（按比例缩小） 的模型及类似的娱乐用模型，不 论是否活动；各种智力玩具	95	HS第95章	1461				none	0.0	unmapped
95030060	智力玩具	智力玩具	950300	三轮车、踏板车、踏板汽车和类 似的带轮玩具；玩偶车；玩偶； 其他玩具；缩小（按比例缩小） 的模型及类似的娱乐用模型，不 论是否活动；各种智力玩具	95	HS第95章	1461				none	0.0	unmapped
95030083	其他玩具： 带动力装置的玩具及模型	其他玩具： 带动力装置的玩具及模型	950300	三轮车、踏板车、踏板汽车和类 似的带轮玩具；玩偶车；玩偶； 其他玩具；缩小（按比例缩小） 的模型及类似的娱乐用模型，不 论是否活动；各种智力玩具	95	HS第95章	1461				none	0.0	unmapped
95030089	其他玩具： 其他	其他玩具： 其他	950300	三轮车、踏板车、踏板汽车和类 似的带轮玩具；玩偶车；玩偶； 其他玩具；缩小（按比例缩小） 的模型及类似的娱乐用模型，不 论是否活动；各种智力玩具	95	HS第95章	1461				none	0.0	unmapped
95030090	零件、附件	零件、附件	950300	三轮车、踏板车、踏板汽车和类 似的带轮玩具；玩偶车；玩偶； 其他玩具；缩小（按比例缩小） 的模型及类似的娱乐用模型，不 论是否活动；各种智力玩具	95	HS第95章	1461				none	0.0	unmapped
95042000	台球用品及附件	台球用品及附件	950420	台球用品及附件	95	HS第95章	1462				none	0.0	unmapped
95043010	使用硬币、钞票、银行卡、代币 或任何其他支付方式使其工作的 其他游戏用品，但保龄球自动球 道设备除外： 电子游戏机	使用硬币、钞票、银行卡、代币 或任何其他支付方式使其工作的 其他游戏用品，但保龄球自动球 道设备除外： 电子游戏机	950430	使用硬币、钞票、银行卡、代币 或任何其他支付方式使其工作的 其他游戏用品，但保龄球自动球 道设备除外	95	HS第95章	1462				none	0.0	unmapped
95043090	其他	其他	950430	使用硬币、钞票、银行卡、代币 或任何其他支付方式使其工作的 其他游戏用品，但保龄球自动球 道设备除外	95	HS第95章	1462				none	0.0	unmapped
95044000	游戏纸牌	游戏纸牌	950440	游戏纸牌	95	HS第95章	1462				none	0.0	unmapped
95045020	视频游戏控制器及设备，但子目 9504.30的货品除外： 自带视频显示装置的视频游戏 控制器及设备	视频游戏控制器及设备，但子目 9504.30的货品除外： 自带视频显示装置的视频游戏 控制器及设备	950450	视频游戏控制器及设备，但子目 9504.30的货品除外	95	HS第95章	1462				none	0.0	unmapped
95045030	其他视频游戏控制器及设备	其他视频游戏控制器及设备	950450	视频游戏控制器及设备，但子目 9504.30的货品除外	95	HS第95章	1462				none	0.0	unmapped
95045080	零件及附件	零件及附件	950450	视频游戏控制器及设备，但子目 9504.30的货品除外	95	HS第95章	1462				none	0.0	unmapped
95049010	其他： 其他电子游戏机	其他： 其他电子游戏机	950490	其他	95	HS第95章	1462				none	0.0	unmapped
95049021	保龄球自动球道设备及器具： 保龄球自动分瓶机	保龄球自动球道设备及器具： 保龄球自动分瓶机	950490	其他	95	HS第95章	1463				none	0.0	unmapped
95049022	保龄球自动球道设备及器具： 保龄球	保龄球自动球道设备及器具： 保龄球	950490	其他	95	HS第95章	1463				none	0.0	unmapped
95049023	保龄球自动球道设备及器具： 保龄球瓶	保龄球自动球道设备及器具： 保龄球瓶	950490	其他	95	HS第95章	1463				none	0.0	unmapped
95049029	保龄球自动球道设备及器具： 其他	保龄球自动球道设备及器具： 其他	950490	其他	95	HS第95章	1463				none	0.0	unmapped
95049030	中国象棋、国际象棋、跳棋等 棋类用品	中国象棋、国际象棋、跳棋等 棋类用品	950490	其他	95	HS第95章	1463				none	0.0	unmapped
95049040	麻将及类似桌上游戏用品	麻将及类似桌上游戏用品	950490	其他	95	HS第95章	1463				none	0.0	unmapped
95049090	其他	其他	950490	其他	95	HS第95章	1463				none	0.0	unmapped
95051000	圣诞节用品	圣诞节用品	950510	圣诞节用品	95	HS第95章	1463				none	0.0	unmapped
95059000	其他	其他	950590	其他	95	HS第95章	1463				none	0.0	unmapped
95061100	滑雪屐	滑雪屐	950611	滑雪屐及其他滑雪用具： / 滑雪屐	95	HS第95章	1464				none	0.0	unmapped
95061200	滑雪屐扣件（滑雪屐带）	滑雪屐扣件（滑雪屐带）	950612	滑雪屐及其他滑雪用具： / 滑雪屐扣件（滑雪屐带）	95	HS第95章	1464				none	0.0	unmapped
95061900	其他	其他	950619	滑雪屐及其他滑雪用具： / 其他	95	HS第95章	1464				none	0.0	unmapped
95062100	滑水板、冲浪板、帆板及其他水 上运动用具： 帆板	滑水板、冲浪板、帆板及其他水 上运动用具： 帆板	950621	滑水板、冲浪板、帆板及其他水 上运动用具： / 帆板	95	HS第95章	1464				none	0.0	unmapped
95062900	其他	其他	950629	滑水板、冲浪板、帆板及其他水 上运动用具： / 其他	95	HS第95章	1464				none	0.0	unmapped
95063100	高尔夫球棍及其他高尔夫球用 具： 棍，全套	高尔夫球棍及其他高尔夫球用 具： 棍，全套	950631	高尔夫球棍及其他高尔夫球用 具： / 棍，全套	95	HS第95章	1464				none	0.0	unmapped
95063200	球	球	950632	高尔夫球棍及其他高尔夫球用 具： / 球	95	HS第95章	1464				none	0.0	unmapped
95063900	其他	其他	950639	高尔夫球棍及其他高尔夫球用 具： / 其他	95	HS第95章	1465				none	0.0	unmapped
95064010	乒乓球运动用品及器械： 乒乓球	乒乓球运动用品及器械： 乒乓球	950640	乒乓球运动用品及器械	95	HS第95章	1465				none	0.0	unmapped
95064090	其他	其他	950640	乒乓球运动用品及器械	95	HS第95章	1465				none	0.0	unmapped
95065100	网球拍、羽毛球拍或类似的球 拍，不论是否装弦： 草地网球拍，不论是否装弦	网球拍、羽毛球拍或类似的球 拍，不论是否装弦： 草地网球拍，不论是否装弦	950651	网球拍、羽毛球拍或类似的球 拍，不论是否装弦： / 草地网球拍，不论是否装弦	95	HS第95章	1465				none	0.0	unmapped
95065900	其他	其他	950659	网球拍、羽毛球拍或类似的球 拍，不论是否装弦： / 其他	95	HS第95章	1465				none	0.0	unmapped
95066100	球，但高尔夫球及乒乓球除外： 草地网球	球，但高尔夫球及乒乓球除外： 草地网球	950661	球，但高尔夫球及乒乓球除外： / 草地网球	95	HS第95章	1465				none	0.0	unmapped
95066210	可充气的球： 篮球、足球、排球	可充气的球： 篮球、足球、排球	950662	球，但高尔夫球及乒乓球除外： / 可充气的球	95	HS第95章	1465				none	0.0	unmapped
95066290	其他	其他	950662	球，但高尔夫球及乒乓球除外： / 可充气的球	95	HS第95章	1466				none	0.0	unmapped
95066900	其他	其他	950669	球，但高尔夫球及乒乓球除外： / 其他	95	HS第95章	1466				none	0.0	unmapped
95067010	溜冰鞋及旱冰鞋，包括装有冰刀 的溜冰靴： 溜冰鞋	溜冰鞋及旱冰鞋，包括装有冰刀 的溜冰靴： 溜冰鞋	950670	溜冰鞋及旱冰鞋，包括装有冰刀 的溜冰靴	95	HS第95章	1466				none	0.0	unmapped
95067020	旱冰鞋	旱冰鞋	950670	溜冰鞋及旱冰鞋，包括装有冰刀 的溜冰靴	95	HS第95章	1466				none	0.0	unmapped
95069111	其他： --一般的体育活动、体操或竞技用 品及设备： ---健身及康复器械： 跑步机	其他： --一般的体育活动、体操或竞技用 品及设备： ---健身及康复器械： 跑步机	950691	其他： / 一般的体育活动、体操或竞技用 品及设备	95	HS第95章	1466				none	0.0	unmapped
95069119	健身及康复器械： 其他	健身及康复器械： 其他	950691	其他： / 一般的体育活动、体操或竞技用 品及设备	95	HS第95章	1466				none	0.0	unmapped
95069190	其他	其他	950691	其他： / 一般的体育活动、体操或竞技用 品及设备	95	HS第95章	1466				none	0.0	unmapped
95069910	滑板	滑板	950699	其他	95	HS第95章	1467				none	0.0	unmapped
95069990	其他	其他	950699	其他	95	HS第95章	1467				none	0.0	unmapped
95071000	钓鱼竿	钓鱼竿	950710	钓鱼竿	95	HS第95章	1467				none	0.0	unmapped
95072000	钓鱼钩，不论有无系钩丝	钓鱼钩，不论有无系钩丝	950720	钓鱼钩，不论有无系钩丝	95	HS第95章	1467				none	0.0	unmapped
95073000	钓线轮	钓线轮	950730	钓线轮	95	HS第95章	1467				none	0.0	unmapped
95079000	其他	其他	950790	其他	95	HS第95章	1467				none	0.0	unmapped
95081000	流动马戏团及流动动物园	流动马戏团及流动动物园	950810	流动马戏团及流动动物园	95	HS第95章	1468				none	0.0	unmapped
95082100	游乐场乘骑游乐设施和水上乐 园娱乐设备： 过山车	游乐场乘骑游乐设施和水上乐 园娱乐设备： 过山车	950821	游乐场乘骑游乐设施和水上乐 园娱乐设备： / 过山车	95	HS第95章	1468				none	0.0	unmapped
95082200	旋转木马，秋千和旋转平台	旋转木马，秋千和旋转平台	950822	游乐场乘骑游乐设施和水上乐 园娱乐设备： / 旋转木马，秋千和旋转平台	95	HS第95章	1468				none	0.0	unmapped
95082300	碰碰车	碰碰车	950823	游乐场乘骑游乐设施和水上乐 园娱乐设备： / 碰碰车	95	HS第95章	1468				none	0.0	unmapped
95082400	运动模拟器和移动剧场	运动模拟器和移动剧场	950824	游乐场乘骑游乐设施和水上乐 园娱乐设备： / 运动模拟器和移动剧场	95	HS第95章	1468				none	0.0	unmapped
95082500	水上乘骑游乐设施	水上乘骑游乐设施	950825	游乐场乘骑游乐设施和水上乐 园娱乐设备： / 水上乘骑游乐设施	95	HS第95章	1468				none	0.0	unmapped
95082600	水上乐园娱乐设备	水上乐园娱乐设备	950826	游乐场乘骑游乐设施和水上乐 园娱乐设备： / 水上乐园娱乐设备	95	HS第95章	1468				none	0.0	unmapped
95082900	其他	其他	950829	游乐场乘骑游乐设施和水上乐 园娱乐设备： / 其他	95	HS第95章	1469				none	0.0	unmapped
95083000	游乐场娱乐设备	游乐场娱乐设备	950830	游乐场娱乐设备	95	HS第95章	1469				none	0.0	unmapped
95084000	流动剧团	流动剧团	950840	流动剧团	95	HS第95章	1469				none	0.0	unmapped
96011000	已加工的兽牙及其制品	已加工的兽牙及其制品	960110	已加工的兽牙及其制品	96	HS第96章	1470				none	0.0	unmapped
96019000	其他 牛角纽扣坯圆片（濒危动物制除 外）	其他 牛角纽扣坯圆片（濒危动物制除 外）	960190	其他	96	HS第96章	1471				none	0.0	unmapped
96020010	装药用胶囊	装药用胶囊	960200	已加工的植物质或矿物质雕刻材 料及其制品；蜡、硬脂、天然树 胶、天然树脂或塑型膏制成的模 塑或雕刻制品以及其他税目未列 名的模塑或雕刻制品；已加工的 未硬化明胶（税目35.03的明胶除 外）及未硬化明胶制品	96	HS第96章	1471				none	0.0	unmapped
96020090	其他	其他	960200	已加工的植物质或矿物质雕刻材 料及其制品；蜡、硬脂、天然树 胶、天然树脂或塑型膏制成的模 塑或雕刻制品以及其他税目未列 名的模塑或雕刻制品；已加工的 未硬化明胶（税目35.03的明胶除 外）及未硬化明胶制品	96	HS第96章	1471				none	0.0	unmapped
96031000	用枝条或其他植物材料捆扎而 成的帚及刷，不论是否有把	用枝条或其他植物材料捆扎而 成的帚及刷，不论是否有把	960310	用枝条或其他植物材料捆扎而	96	HS第96章	1471				none	0.0	unmapped
96032100	牙刷，包括齿板刷	牙刷，包括齿板刷	960321	牙刷、剃须刷、发刷、指甲刷、 睫毛刷及其他人体化妆用刷，包 括作为器具零件的上述刷： / 牙刷，包括齿板刷	96	HS第96章	1472				none	0.0	unmapped
96032900	其他	其他	960329	牙刷、剃须刷、发刷、指甲刷、 睫毛刷及其他人体化妆用刷，包 括作为器具零件的上述刷： / 其他	96	HS第96章	1472				none	0.0	unmapped
96033010	画笔、毛笔及化妆用的类似笔： 画笔	画笔、毛笔及化妆用的类似笔： 画笔	960330	画笔、毛笔及化妆用的类似笔	96	HS第96章	1472				none	0.0	unmapped
96033020	毛笔	毛笔	960330	画笔、毛笔及化妆用的类似笔	96	HS第96章	1472				none	0.0	unmapped
96033090	其他	其他	960330	画笔、毛笔及化妆用的类似笔	96	HS第96章	1472				none	0.0	unmapped
96034011	漆刷及类似刷： 猪鬃制	漆刷及类似刷： 猪鬃制	960340	油漆刷、涂料刷、清漆刷及类似 的刷（子目9603.30的货品除外）； 油漆块垫及滚筒	96	HS第96章	1473				none	0.0	unmapped
96034019	漆刷及类似刷： 其他	漆刷及类似刷： 其他	960340	油漆刷、涂料刷、清漆刷及类似 的刷（子目9603.30的货品除外）； 油漆块垫及滚筒	96	HS第96章	1473				none	0.0	unmapped
96034020	油漆块垫及滚筒	油漆块垫及滚筒	960340	油漆刷、涂料刷、清漆刷及类似 的刷（子目9603.30的货品除外）； 油漆块垫及滚筒	96	HS第96章	1473				none	0.0	unmapped
96035011	其他作为机器、器具、车辆零件 的刷： ---金属丝刷： 作为机器、器具零件的刷	其他作为机器、器具、车辆零件 的刷： ---金属丝刷： 作为机器、器具零件的刷	960350	其他作为机器、器具、车辆零件 的刷	96	HS第96章	1473				none	0.0	unmapped
96035019	金属丝刷： 其他	金属丝刷： 其他	960350	其他作为机器、器具、车辆零件 的刷	96	HS第96章	1473				none	0.0	unmapped
96035091	其他： 作为机器、器具零件的刷	其他： 作为机器、器具零件的刷	960350	其他作为机器、器具、车辆零件 的刷	96	HS第96章	1474				none	0.0	unmapped
96035099	其他： 其他	其他： 其他	960350	其他作为机器、器具、车辆零件 的刷	96	HS第96章	1474				none	0.0	unmapped
96039010	其他： 羽毛掸	其他： 羽毛掸	960390	其他	96	HS第96章	1474				none	0.0	unmapped
96039090	其他	其他	960390	其他	96	HS第96章	1474				none	0.0	unmapped
96040000	手用粗筛、细筛	手用粗筛、细筛	960400	手用粗筛、细筛	96	HS第96章	1474				none	0.0	unmapped
96050000	个人梳妆、缝纫或清洁鞋靴、衣 服用的成套旅行用具	个人梳妆、缝纫或清洁鞋靴、衣 服用的成套旅行用具	960500	个人梳妆、缝纫或清洁鞋靴、衣 服用的成套旅行用具	96	HS第96章	1475				none	0.0	unmapped
96061000	揿扣及其零件	揿扣及其零件	960610	揿扣及其零件	96	HS第96章	1475				none	0.0	unmapped
96062100	钮扣： 塑料制，未用纺织材料包裹	钮扣： 塑料制，未用纺织材料包裹	960621	钮扣： / 塑料制，未用纺织材料包裹	96	HS第96章	1475				none	0.0	unmapped
96062200	贱金属制，未用纺织材料包裹	贱金属制，未用纺织材料包裹	960622	钮扣： / 贱金属制，未用纺织材料包裹	96	HS第96章	1475				none	0.0	unmapped
96062900	其他	其他	960629	钮扣： / 其他	96	HS第96章	1475				none	0.0	unmapped
96063000	钮扣芯及钮扣的其他零件；钮扣 坯	钮扣芯及钮扣的其他零件；钮扣 坯	960630	钮扣芯及钮扣的其他零件；钮扣	96	HS第96章	1475				none	0.0	unmapped
96071100	装有贱金属制齿的	装有贱金属制齿的	960711	拉链： / 装有贱金属制齿的	96	HS第96章	1476				none	0.0	unmapped
96071900	其他	其他	960719	拉链： / 其他	96	HS第96章	1476				none	0.0	unmapped
96072000	零件	零件	960720	零件	96	HS第96章	1476				none	0.0	unmapped
96081000	圆珠笔	圆珠笔	960810	圆珠笔	96	HS第96章	1476				none	0.0	unmapped
96082000	毡尖和其他渗水式笔尖笔及唛 头笔	毡尖和其他渗水式笔尖笔及唛 头笔	960820	毡尖和其他渗水式笔尖笔及唛	96	HS第96章	1476				none	0.0	unmapped
96083010	墨汁画笔	墨汁画笔	960830	自来水笔、铁笔型自来水笔及其 他钢笔	96	HS第96章	1477				none	0.0	unmapped
96083020	自来水笔	自来水笔	960830	自来水笔、铁笔型自来水笔及其 他钢笔	96	HS第96章	1477				none	0.0	unmapped
96083090	其他	其他	960830	自来水笔、铁笔型自来水笔及其 他钢笔	96	HS第96章	1477				none	0.0	unmapped
96084000	活动铅笔	活动铅笔	960840	活动铅笔	96	HS第96章	1477				none	0.0	unmapped
96085000	由上述两个或多个子目所列物 品组成的成套货品	由上述两个或多个子目所列物 品组成的成套货品	960850	由上述两个或多个子目所列物	96	HS第96章	1477				none	0.0	unmapped
96086000	圆珠笔芯，由圆珠笔头和墨芯构 成	圆珠笔芯，由圆珠笔头和墨芯构 成	960860	圆珠笔芯，由圆珠笔头和墨芯构	96	HS第96章	1477				none	0.0	unmapped
96089100	钢笔头及笔尖粒	钢笔头及笔尖粒	960891	其他： / 钢笔头及笔尖粒	96	HS第96章	1478				none	0.0	unmapped
96089910	其他： 机器、仪器用笔	其他： 机器、仪器用笔	960899	其他	96	HS第96章	1478				none	0.0	unmapped
96089920	蜡纸铁笔；钢笔杆、铅笔杆及 类似的笔杆	蜡纸铁笔；钢笔杆、铅笔杆及 类似的笔杆	960899	其他	96	HS第96章	1478				none	0.0	unmapped
96089990	其他	其他	960899	其他	96	HS第96章	1478				none	0.0	unmapped
96091010	铅笔及颜色铅笔，笔芯包裹在外 壳中： 铅笔	铅笔及颜色铅笔，笔芯包裹在外 壳中： 铅笔	960910	铅笔及颜色铅笔，笔芯包裹在外 壳中	96	HS第96章	1478				none	0.0	unmapped
96091020	颜色铅笔	颜色铅笔	960910	铅笔及颜色铅笔，笔芯包裹在外 壳中	96	HS第96章	1478				none	0.0	unmapped
96092000	铅笔芯，黑的或其他颜色的	铅笔芯，黑的或其他颜色的	960920	铅笔芯，黑的或其他颜色的	96	HS第96章	1479				none	0.0	unmapped
96099000	其他	其他	960990	其他	96	HS第96章	1479				none	0.0	unmapped
96100000	具有书写或绘画面的石板、黑板 及类似板，不论是否镶框	具有书写或绘画面的石板、黑板 及类似板，不论是否镶框	961000	具有书写或绘画面的石板、黑板 及类似板，不论是否镶框	96	HS第96章	1479				none	0.0	unmapped
96110000	手用日期戳、封缄戳、编号戳及 类似印戳（包括标签压印器）；手 工操作的排字盘及带有排字盘的 手印器	手用日期戳、封缄戳、编号戳及 类似印戳（包括标签压印器）；手 工操作的排字盘及带有排字盘的 手印器	961100	手用日期戳、封缄戳、编号戳及 类似印戳（包括标签压印器）；手 工操作的排字盘及带有排字盘的 手印器	96	HS第96章	1479				none	0.0	unmapped
96121000	色带	色带	961210	色带	96	HS第96章	1479				none	0.0	unmapped
96122000	印台	印台	961220	印台	96	HS第96章	1480				none	0.0	unmapped
96131000	袖珍气体打火机，一次性的	袖珍气体打火机，一次性的	961310	袖珍气体打火机，一次性的	96	HS第96章	1480				none	0.0	unmapped
96132000	袖珍气体打火机，可充气的	袖珍气体打火机，可充气的	961320	袖珍气体打火机，可充气的	96	HS第96章	1480				none	0.0	unmapped
96138000	其他打火器	其他打火器	961380	其他打火器	96	HS第96章	1480				none	0.0	unmapped
96139000	零件	零件	961390	零件	96	HS第96章	1480				none	0.0	unmapped
96140010	烟斗及烟斗头	烟斗及烟斗头	961400	烟斗（包括烟斗头）和烟嘴及其 零件	96	HS第96章	1481				none	0.0	unmapped
96140090	其他	其他	961400	烟斗（包括烟斗头）和烟嘴及其 零件	96	HS第96章	1481				none	0.0	unmapped
96151100	梳子、发夹及类似品： 硬质橡胶或塑料制	梳子、发夹及类似品： 硬质橡胶或塑料制	961511	梳子、发夹及类似品： / 硬质橡胶或塑料制	96	HS第96章	1481	化工胶粘涂料	橡胶材料	化工胶粘涂料/橡胶材料	chemical-rubber	0.75	candidate
96151900	其他	其他	961519	梳子、发夹及类似品： / 其他	96	HS第96章	1481				none	0.0	unmapped
96159000	其他	其他	961590	其他	96	HS第96章	1481				none	0.0	unmapped
96161000	香水喷雾器或类似的化妆用喷 雾器及其座架、喷头	香水喷雾器或类似的化妆用喷 雾器及其座架、喷头	961610	香水喷雾器或类似的化妆用喷	96	HS第96章	1482				none	0.0	unmapped
96162000	粉扑及粉拍，施敷脂粉或化妆品 用	粉扑及粉拍，施敷脂粉或化妆品 用	961620	粉扑及粉拍，施敷脂粉或化妆品	96	HS第96章	1482				none	0.0	unmapped
96170011	保温瓶： 玻璃内胆制	保温瓶： 玻璃内胆制	961700	保温瓶和其他真空容器及其零 件，但玻璃瓶胆除外	96	HS第96章	1482				none	0.0	unmapped
96170019	保温瓶： 其他	保温瓶： 其他	961700	保温瓶和其他真空容器及其零 件，但玻璃瓶胆除外	96	HS第96章	1482				none	0.0	unmapped
96170090	其他	其他	961700	保温瓶和其他真空容器及其零 件，但玻璃瓶胆除外	96	HS第96章	1482				none	0.0	unmapped
96180000	裁缝用人体模型及其他人体活动 模型；橱窗装饰用的自动模型及 其他活动陈列品	裁缝用人体模型及其他人体活动 模型；橱窗装饰用的自动模型及 其他活动陈列品	961800	裁缝用人体模型及其他人体活动 模型；橱窗装饰用的自动模型及 其他活动陈列品	96	HS第96章	1483				none	0.0	unmapped
96190011	尿裤及尿布： 供婴儿使用的	尿裤及尿布： 供婴儿使用的	961900	任何材料制的卫生巾（护垫）及 卫生棉条、尿布及尿布衬里和类 似品	96	HS第96章	1483				none	0.0	unmapped
96190019	尿裤及尿布： 其他	尿裤及尿布： 其他	961900	任何材料制的卫生巾（护垫）及 卫生棉条、尿布及尿布衬里和类 似品	96	HS第96章	1483				none	0.0	unmapped
96190020	卫生巾（护垫）及卫生棉条	卫生巾（护垫）及卫生棉条	961900	任何材料制的卫生巾（护垫）及 卫生棉条、尿布及尿布衬里和类 似品	96	HS第96章	1483				none	0.0	unmapped
96190090	其他	其他	961900	任何材料制的卫生巾（护垫）及 卫生棉条、尿布及尿布衬里和类 似品	96	HS第96章	1483				none	0.0	unmapped
96200010	专用于税目85.19、85.21，子目 8525.8、9006.3、9006.5、9007.1 或9007.2所列设备的独脚架、双脚 架、三脚架及类似品	专用于税目85.19、85.21，子目 8525.8、9006.3、9006.5、9007.1 或9007.2所列设备的独脚架、双脚 架、三脚架及类似品	962000	独脚架、双脚架、三脚架及类似 品	96	HS第96章	1483				none	0.0	unmapped
96200090	其他	其他	962000	独脚架、双脚架、三脚架及类似 品	96	HS第96章	1483				none	0.0	unmapped
97012100	超过100年的： 油画、粉画及其他手绘画	超过100年的： 油画、粉画及其他手绘画	970121	超过100年的： / 油画、粉画及其他手绘画	97	HS第97章	1484				none	0.0	unmapped
97012200	镶嵌画	镶嵌画	970122	超过100年的： / 镶嵌画	97	HS第97章	1484				none	0.0	unmapped
97012900	其他	其他	970129	超过100年的： / 其他	97	HS第97章	1484				none	0.0	unmapped
97019111	唐卡	唐卡	970191	其他： / 油画、粉画及其他手绘画	97	HS第97章	1485				none	0.0	unmapped
97019119	其他	其他	970191	其他： / 油画、粉画及其他手绘画	97	HS第97章	1485				none	0.0	unmapped
97019120	复制品	复制品	970191	其他： / 油画、粉画及其他手绘画	97	HS第97章	1485				none	0.0	unmapped
97019200	镶嵌画	镶嵌画	970192	其他： / 镶嵌画	97	HS第97章	1485				none	0.0	unmapped
97019900	其他	其他	970199	其他： / 其他	97	HS第97章	1485				none	0.0	unmapped
97021000	超过100年的	超过100年的	970210	超过100年的	97	HS第97章	1485				none	0.0	unmapped
97029000	其他	其他	970290	其他	97	HS第97章	1485				none	0.0	unmapped
97031000	超过100年的	超过100年的	970310	超过100年的	97	HS第97章	1486				none	0.0	unmapped
97039000	其他	其他	970390	其他	97	HS第97章	1486				none	0.0	unmapped
97040010	邮票	邮票	970400	使用过或未使用过的邮票、印花 税票、邮戳印记、首日封、邮政 信笺（印有邮票的纸品）及类似 品，但税目49.07的货品除外	97	HS第97章	1486				none	0.0	unmapped
97040090	其他	其他	970400	使用过或未使用过的邮票、印花 税票、邮戳印记、首日封、邮政 信笺（印有邮票的纸品）及类似 品，但税目49.07的货品除外	97	HS第97章	1486				none	0.0	unmapped
97051000	具有考古学、人种学或历史学意 义的收集品及珍藏品	具有考古学、人种学或历史学意 义的收集品及珍藏品	970510	具有考古学、人种学或历史学意	97	HS第97章	1486				none	0.0	unmapped
97052100	具有动物学、植物学、矿物学、 解剖学或古生物学意义的收集品 及珍藏品： 人类标本及其部分	具有动物学、植物学、矿物学、 解剖学或古生物学意义的收集品 及珍藏品： 人类标本及其部分	970521	具有动物学、植物学、矿物学、 解剖学或古生物学意义的收集品 及珍藏品： / 人类标本及其部分	97	HS第97章	1486				none	0.0	unmapped
97052200	灭绝或濒危物种及其部分	灭绝或濒危物种及其部分	970522	具有动物学、植物学、矿物学、 解剖学或古生物学意义的收集品 及珍藏品： / 灭绝或濒危物种及其部分	97	HS第97章	1486				none	0.0	unmapped
97052900	其他	其他	970529	具有动物学、植物学、矿物学、 解剖学或古生物学意义的收集品 及珍藏品： / 其他	97	HS第97章	1487				none	0.0	unmapped
97053100	具有钱币学意义的收集品及珍 藏品： 超过100年的	具有钱币学意义的收集品及珍 藏品： 超过100年的	970531	具有钱币学意义的收集品及珍 藏品： / 超过100年的	97	HS第97章	1487				none	0.0	unmapped
97053900	其他	其他	970539	具有钱币学意义的收集品及珍 藏品： / 其他	97	HS第97章	1487				none	0.0	unmapped
97061000	超过250年的	超过250年的	970610	超过250年的	97	HS第97章	1487				none	0.0	unmapped
97069000	其他	其他	970690	其他	97	HS第97章	1487				none	0.0	unmapped
