issue_type	scope	item_code	type_id	classification_key	detail	severity
missing_required_specs	sku	ADMIN-000004	MT-6440E1A47D19	包装覆盖周转|容器周转箱|水桶	material,配置	high
missing_required_specs	sku	ADMIN-000005	MT-799E958401BE	清洁办公后勤|清洁用品|垃圾袋	thickness,color	high
missing_required_specs	sku	ADMIN-000006	MT-2498232B4D7E	清洁办公后勤|办公文具|记号笔	类型	high
missing_required_specs	sku	ADMIN-000007	MT-CA342C4A2A7B	化工胶粘涂料|清洗脱漆剂|油污清洗剂	specification	high
human_confirmation_required	sku	ADMIN-000007	MT-CA342C4A2A7B	化工胶粘涂料|清洗脱漆剂|油污清洗剂	高风险分类:化工胶粘涂料	medium
missing_required_specs	sku	ADMIN-000008	MT-799E958401BE	清洁办公后勤|清洁用品|垃圾袋	color	high
missing_required_specs	sku	ADMIN-000011	MT-2498232B4D7E	清洁办公后勤|办公文具|记号笔	brand,类型	high
missing_required_specs	sku	ADMIN-000030	MT-1429511649B0	清洁办公后勤|清洁工具|抹布	size,color	high
missing_required_specs	sku	ADMIN-000031	MT-2DE1EAF77847	清洁办公后勤|清洁工具|垃圾桶	配置	high
missing_required_specs	sku	ADMIN-000032	MT-799E958401BE	清洁办公后勤|清洁用品|垃圾袋	thickness,color	high
missing_required_specs	sku	ADMIN-000034	MT-799E958401BE	清洁办公后勤|清洁用品|垃圾袋	thickness,color	high
missing_required_specs	sku	ADMIN-000037	MT-89EA56C0DE30	清洁办公后勤|清洁工具|扫把	specification	high
missing_required_specs	sku	ADMIN-000048	MT-9DEEC1667DAA	清洁办公后勤|清洁工具|烟灰桶	size	high
missing_required_specs	sku	ADMIN-000050	MT-CA342C4A2A7B	化工胶粘涂料|清洗脱漆剂|油污清洗剂	specification,brand	high
human_confirmation_required	sku	ADMIN-000050	MT-CA342C4A2A7B	化工胶粘涂料|清洗脱漆剂|油污清洗剂	高风险分类:化工胶粘涂料	medium
missing_required_specs	sku	ADMIN-000051	MT-4B4A5277BC40	清洁办公后勤|清洁用品|洗洁精	specification	high
missing_required_specs	sku	ADMIN-000056	MT-2DE1EAF77847	清洁办公后勤|清洁工具|垃圾桶	配置	high
missing_required_specs	sku	ADMIN-000057	MT-2498232B4D7E	清洁办公后勤|办公文具|记号笔	brand,墨水类型	high
missing_required_specs	sku	ADMIN-000058	MT-799E958401BE	清洁办公后勤|清洁用品|垃圾袋	thickness	high
missing_required_specs	sku	ADMIN-000060	MT-4B4A5277BC40	清洁办公后勤|清洁用品|洗洁精	specification	high
missing_required_specs	sku	ADMIN-000072	MT-89EA56C0DE30	清洁办公后勤|清洁工具|扫把	specification	high
missing_required_specs	sku	CHEM-000001	MT-3F18DA60CBA2	化工胶粘涂料|胶粘密封|聚氨酯堵漏剂	类型,组分	high
human_confirmation_required	sku	CHEM-000001	MT-3F18DA60CBA2	化工胶粘涂料|胶粘密封|聚氨酯堵漏剂	高风险分类:化工胶粘涂料	medium
human_confirmation_required	sku	CHEM-000002	MT-40601EADD890	化工胶粘涂料|油漆涂料|涂料	高风险分类:化工胶粘涂料	medium
human_confirmation_required	sku	CHEM-000003	MT-D97959E459B9	化工胶粘涂料|胶粘密封|瞬干胶	高风险分类:化工胶粘涂料	medium
human_confirmation_required	sku	CHEM-000004	MT-CD420A84B7D5	化工胶粘涂料|清洗脱漆剂|除胶剂	高风险分类:化工胶粘涂料	medium
human_confirmation_required	sku	CHEM-000005	MT-DDCE3B9C93D8	化工胶粘涂料|胶粘密封|泡沫填缝剂	高风险分类:化工胶粘涂料	medium
human_confirmation_required	sku	CHEM-000006	MT-3130BAFDF7B6	化工胶粘涂料|防锈除锈|防锈润滑剂	高风险分类:化工胶粘涂料	medium
human_confirmation_required	sku	CHEM-000007	MT-5F1FF80BE457	化工胶粘涂料|油漆涂料|调和漆	高风险分类:化工胶粘涂料	medium
human_confirmation_required	sku	CHEM-000008	MT-5F1FF80BE457	化工胶粘涂料|油漆涂料|调和漆	高风险分类:化工胶粘涂料	medium
human_confirmation_required	sku	CHEM-000009	MT-299EA1DB79BF	化工胶粘涂料|油漆涂料|自喷漆	高风险分类:化工胶粘涂料	medium
human_confirmation_required	sku	CHEM-000010	MT-299EA1DB79BF	化工胶粘涂料|油漆涂料|自喷漆	高风险分类:化工胶粘涂料	medium
missing_required_specs	sku	CHEM-000011	MT-1CAA06A5C1A8	化工胶粘涂料|油漆涂料|防锈漆	brand	high
human_confirmation_required	sku	CHEM-000011	MT-1CAA06A5C1A8	化工胶粘涂料|油漆涂料|防锈漆	高风险分类:化工胶粘涂料	medium
human_confirmation_required	sku	CHEM-000012	MT-40C47E925CD6	化工胶粘涂料|清洗脱漆剂|松香水	高风险分类:化工胶粘涂料	medium
human_confirmation_required	sku	CHEM-000017	MT-299EA1DB79BF	化工胶粘涂料|油漆涂料|自喷漆	高风险分类:化工胶粘涂料	medium
human_confirmation_required	sku	CHEM-000018	MT-299EA1DB79BF	化工胶粘涂料|油漆涂料|自喷漆	高风险分类:化工胶粘涂料	medium
human_confirmation_required	sku	CHEM-000019	MT-0294C2FB0D73	化工胶粘涂料|清洗脱漆剂|脱漆剂	高风险分类:化工胶粘涂料	medium
human_confirmation_required	sku	CHEM-000020	MT-3ACF6994E361	化工胶粘涂料|清洗脱漆剂|电气清洗剂	高风险分类:化工胶粘涂料	medium
missing_required_specs	sku	CHEM-000021	MT-DB299B787652	施工机具设备|泵油润滑设备|黄油泵	配置	high
human_confirmation_required	sku	CHEM-000022	MT-58D25626C63E	化工胶粘涂料|胶粘密封|AB胶	高风险分类:化工胶粘涂料	medium
human_confirmation_required	sku	CHEM-000023	MT-5F1FF80BE457	化工胶粘涂料|油漆涂料|调和漆	高风险分类:化工胶粘涂料	medium
missing_required_specs	sku	CHEM-000025	MT-1BAA4AD8A641	化工胶粘涂料|胶粘密封|玻璃胶	brand	high
human_confirmation_required	sku	CHEM-000025	MT-1BAA4AD8A641	化工胶粘涂料|胶粘密封|玻璃胶	高风险分类:化工胶粘涂料	medium
missing_required_specs	sku	CHEM-000026	MT-04E0BE02A02D	化工胶粘涂料|胶粘密封|密封胶	material,package_specification,brand,材料/体系,类型	high
human_confirmation_required	sku	CHEM-000026	MT-04E0BE02A02D	化工胶粘涂料|胶粘密封|密封胶	高风险分类:化工胶粘涂料	medium
missing_required_specs	sku	CHEM-000027	MT-B03FC47E1E0F	化工胶粘涂料|胶粘密封|双面胶带	thickness,brand,特征	high
human_confirmation_required	sku	CHEM-000027	MT-B03FC47E1E0F	化工胶粘涂料|胶粘密封|双面胶带	高风险分类:化工胶粘涂料	medium
human_confirmation_required	sku	CHEM-000028	MT-BDB3309EEBBD	化工胶粘涂料|油漆涂料|固化剂	高风险分类:化工胶粘涂料	medium
human_confirmation_required	sku	CHEM-000029	MT-AD2B534416EB	化工胶粘涂料|油漆涂料|底漆	高风险分类:化工胶粘涂料	medium
human_confirmation_required	sku	CHEM-000030	MT-BDB3309EEBBD	化工胶粘涂料|油漆涂料|固化剂	高风险分类:化工胶粘涂料	medium
human_confirmation_required	sku	CHEM-000032	MT-C5C386FEBE51	化工胶粘涂料|油漆涂料|墙面漆	高风险分类:化工胶粘涂料	medium
human_confirmation_required	sku	CHEM-000034	MT-299EA1DB79BF	化工胶粘涂料|油漆涂料|自喷漆	高风险分类:化工胶粘涂料	medium
missing_required_specs	sku	CHEM-000035	MT-299EA1DB79BF	化工胶粘涂料|油漆涂料|自喷漆	brand	high
human_confirmation_required	sku	CHEM-000035	MT-299EA1DB79BF	化工胶粘涂料|油漆涂料|自喷漆	高风险分类:化工胶粘涂料	medium
human_confirmation_required	sku	CHEM-000036	MT-0EBA0B3D740F	化工胶粘涂料|胶粘密封|万能胶	高风险分类:化工胶粘涂料	medium
missing_required_specs	sku	CHEM-000037	MT-0B5ADF6838B6	化工胶粘涂料|润滑油|齿轮油	brand	high
human_confirmation_required	sku	CHEM-000037	MT-0B5ADF6838B6	化工胶粘涂料|润滑油|齿轮油	高风险分类:化工胶粘涂料	medium
human_confirmation_required	sku	CHEM-000038	MT-3EBC1D713EA7	化工胶粘涂料|胶粘密封|植筋胶	高风险分类:化工胶粘涂料	medium
missing_required_specs	sku	CHEM-000039	MT-AF3FB9BF0C16	包装覆盖周转|胶带标签|双面胶带	thickness,brand	high
human_confirmation_required	sku	CHEM-000040	MT-5F1FF80BE457	化工胶粘涂料|油漆涂料|调和漆	高风险分类:化工胶粘涂料	medium
missing_required_specs	sku	CHEM-000041	MT-3F18DA60CBA2	化工胶粘涂料|胶粘密封|聚氨酯堵漏剂	specification,组分	high
human_confirmation_required	sku	CHEM-000041	MT-3F18DA60CBA2	化工胶粘涂料|胶粘密封|聚氨酯堵漏剂	高风险分类:化工胶粘涂料	medium
missing_required_specs	sku	CHEM-000042	MT-3F18DA60CBA2	化工胶粘涂料|胶粘密封|聚氨酯堵漏剂	specification,组分	high
human_confirmation_required	sku	CHEM-000042	MT-3F18DA60CBA2	化工胶粘涂料|胶粘密封|聚氨酯堵漏剂	高风险分类:化工胶粘涂料	medium
candidate_family	sku	CHEM-000043	MT-63B368CD82FF	定制加工件|定制橡胶件|橡胶支座	定制橡胶件(候选)	high
missing_required_specs	sku	CHEM-000044	MT-AF3FB9BF0C16	包装覆盖周转|胶带标签|双面胶带	thickness,brand	high
missing_required_specs	sku	CHEM-000045	MT-F72BC9831090	化工胶粘涂料|胶粘密封|胶水	适用材料	high
human_confirmation_required	sku	CHEM-000045	MT-F72BC9831090	化工胶粘涂料|胶粘密封|胶水	高风险分类:化工胶粘涂料	medium
missing_required_specs	sku	CHEM-000046	MT-B03FC47E1E0F	化工胶粘涂料|胶粘密封|双面胶带	brand,类型	high
human_confirmation_required	sku	CHEM-000046	MT-B03FC47E1E0F	化工胶粘涂料|胶粘密封|双面胶带	高风险分类:化工胶粘涂料	medium
human_confirmation_required	sku	CHEM-000047	MT-5F1FF80BE457	化工胶粘涂料|油漆涂料|调和漆	高风险分类:化工胶粘涂料	medium
human_confirmation_required	sku	CHEM-000048	MT-5F1FF80BE457	化工胶粘涂料|油漆涂料|调和漆	高风险分类:化工胶粘涂料	medium
human_confirmation_required	sku	CHEM-000050	MT-5790859F3B32	化工胶粘涂料|橡胶材料|橡胶板	高风险分类:化工胶粘涂料	medium
human_confirmation_required	sku	CHEM-000051	MT-6225EE557EA9	化工胶粘涂料|胶粘密封|强力胶	高风险分类:化工胶粘涂料	medium
missing_required_specs	sku	CHEM-000052	MT-9794F808E59A	包装覆盖周转|胶带标签|封箱胶带	brand	high
human_confirmation_required	sku	CHEM-000053	MT-299EA1DB79BF	化工胶粘涂料|油漆涂料|自喷漆	高风险分类:化工胶粘涂料	medium
human_confirmation_required	sku	CHEM-000054	MT-3130BAFDF7B6	化工胶粘涂料|防锈除锈|防锈润滑剂	高风险分类:化工胶粘涂料	medium
missing_required_specs	sku	CHEM-000055	MT-8AFC5CA44BC5	工具量具|胶枪/施胶工具|胶枪	specification,brand,适用	high
candidate_family	sku	CHEM-000055	MT-8AFC5CA44BC5	工具量具|胶枪/施胶工具|胶枪	胶枪/施胶工具(候选新增)	high
candidate_family	sku	CHEM-000057	MT-B808D0AAB21B	定制加工件|定制橡胶件|橡胶垫块	定制橡胶件(候选)	high
human_confirmation_required	sku	CHEM-000058	MT-3AE825323765	化工胶粘涂料|干性润滑剂|干性润滑剂	高风险分类:化工胶粘涂料	medium
human_confirmation_required	sku	CHEM-000060	MT-74E98662F647	化工胶粘涂料|润滑脂|通用润滑脂	高风险分类:化工胶粘涂料	medium
missing_required_specs	sku	CHEM-000062	MT-CA342C4A2A7B	化工胶粘涂料|清洗脱漆剂|油污清洗剂	brand	high
human_confirmation_required	sku	CHEM-000062	MT-CA342C4A2A7B	化工胶粘涂料|清洗脱漆剂|油污清洗剂	高风险分类:化工胶粘涂料	medium
candidate_family	sku	CHEM-000063	MT-B808D0AAB21B	定制加工件|定制橡胶件|橡胶垫块	定制橡胶件(候选)	high
missing_required_specs	sku	CHEM-000065	MT-6BA085721775	化工胶粘涂料|润滑油|气动油	brand	high
human_confirmation_required	sku	CHEM-000065	MT-6BA085721775	化工胶粘涂料|润滑油|气动油	高风险分类:化工胶粘涂料	medium
missing_required_specs	sku	CHEM-000067	MT-0B5ADF6838B6	化工胶粘涂料|润滑油|齿轮油	brand,model	high
human_confirmation_required	sku	CHEM-000067	MT-0B5ADF6838B6	化工胶粘涂料|润滑油|齿轮油	高风险分类:化工胶粘涂料	medium
missing_required_specs	sku	CHEM-000068	MT-299EA1DB79BF	化工胶粘涂料|油漆涂料|自喷漆	brand	high
human_confirmation_required	sku	CHEM-000068	MT-299EA1DB79BF	化工胶粘涂料|油漆涂料|自喷漆	高风险分类:化工胶粘涂料	medium
human_confirmation_required	sku	CHEM-000069	MT-6B66ED2FD77C	化工胶粘涂料|胶粘密封|胶粘剂	高风险分类:化工胶粘涂料	medium
human_confirmation_required	sku	CHEM-000071	MT-5994AF2C129C	化工胶粘涂料|清洗脱漆剂|电子清洗剂	高风险分类:化工胶粘涂料	medium
missing_required_specs	sku	CHEM-000072	MT-192E2DA1E5EE	设备备件|润滑配件|黄油嘴	material	high
missing_required_specs	sku	CHEM-000073	MT-192E2DA1E5EE	设备备件|润滑配件|黄油嘴	material	high
missing_required_specs	sku	CHEM-000074	MT-192E2DA1E5EE	设备备件|润滑配件|黄油嘴	material	high
missing_required_specs	sku	CHEM-000075	MT-192E2DA1E5EE	设备备件|润滑配件|黄油嘴	material	high
missing_required_specs	sku	CHEM-000076	MT-192E2DA1E5EE	设备备件|润滑配件|黄油嘴	material	high
missing_required_specs	sku	CHEM-000077	MT-192E2DA1E5EE	设备备件|润滑配件|黄油嘴	material	high
missing_required_specs	sku	CHEM-000079	MT-AC19BC964F47	建筑材料|装饰装修材料|人工草皮	color,特征	high
missing_required_specs	sku	CHEM-000080	MT-8AFC5CA44BC5	工具量具|胶枪/施胶工具|胶枪	specification,brand,适用	high
candidate_family	sku	CHEM-000080	MT-8AFC5CA44BC5	工具量具|胶枪/施胶工具|胶枪	胶枪/施胶工具(候选新增)	high
human_confirmation_required	sku	CHEM-000081	MT-8715B3B240A7	化工胶粘涂料|润滑油|机油	高风险分类:化工胶粘涂料	medium
missing_required_specs	sku	CHEM-000082	MT-04E0BE02A02D	化工胶粘涂料|胶粘密封|密封胶	material,capacity,brand,model,材料/体系,类型	high
human_confirmation_required	sku	CHEM-000082	MT-04E0BE02A02D	化工胶粘涂料|胶粘密封|密封胶	高风险分类:化工胶粘涂料	medium
missing_required_specs	sku	CHEM-000083	MT-AF3FB9BF0C16	包装覆盖周转|胶带标签|双面胶带	brand	high
candidate_family	sku	CHEM-000084	MT-0E70A1131222	工具量具|检测仪器|流量计	检测仪器(候选新增)	high
missing_required_specs	sku	CHEM-000085	MT-3130BAFDF7B6	化工胶粘涂料|防锈除锈|防锈润滑剂	brand	high
human_confirmation_required	sku	CHEM-000085	MT-3130BAFDF7B6	化工胶粘涂料|防锈除锈|防锈润滑剂	高风险分类:化工胶粘涂料	medium
candidate_family	sku	CHEM-000089	MT-B63FEC174E4F	定制加工件|定制橡胶件|橡胶加工件	定制橡胶件(候选)	high
human_confirmation_required	sku	CHEM-000090	MT-B055FA54B2D4	化工胶粘涂料|润滑油|清洗机专用油	高风险分类:化工胶粘涂料	medium
human_confirmation_required	sku	CHEM-000092	MT-3430F3EB5498	化工胶粘涂料|润滑脂|润滑脂	高风险分类:化工胶粘涂料	medium
missing_required_specs	sku	CHEM-000094	MT-04E0BE02A02D	化工胶粘涂料|胶粘密封|密封胶	material,package_specification,model,类型	high
human_confirmation_required	sku	CHEM-000094	MT-04E0BE02A02D	化工胶粘涂料|胶粘密封|密封胶	高风险分类:化工胶粘涂料	medium
missing_required_specs	sku	CHEM-000095	MT-0B5ADF6838B6	化工胶粘涂料|润滑油|齿轮油	model	high
human_confirmation_required	sku	CHEM-000095	MT-0B5ADF6838B6	化工胶粘涂料|润滑油|齿轮油	高风险分类:化工胶粘涂料	medium
missing_required_specs	sku	CHEM-000096	MT-04E0BE02A02D	化工胶粘涂料|胶粘密封|密封胶	package_specification,model,材料/体系,类型	high
human_confirmation_required	sku	CHEM-000096	MT-04E0BE02A02D	化工胶粘涂料|胶粘密封|密封胶	高风险分类:化工胶粘涂料	medium
missing_required_specs	sku	CHEM-000097	MT-04E0BE02A02D	化工胶粘涂料|胶粘密封|密封胶	material,package_specification,model,材料/体系,类型	high
human_confirmation_required	sku	CHEM-000097	MT-04E0BE02A02D	化工胶粘涂料|胶粘密封|密封胶	高风险分类:化工胶粘涂料	medium
missing_required_specs	sku	CHEM-000098	MT-F72BC9831090	化工胶粘涂料|胶粘密封|胶水	model	high
human_confirmation_required	sku	CHEM-000098	MT-F72BC9831090	化工胶粘涂料|胶粘密封|胶水	高风险分类:化工胶粘涂料	medium
missing_required_specs	sku	CHEM-000099	MT-299EA1DB79BF	化工胶粘涂料|油漆涂料|自喷漆	brand	high
human_confirmation_required	sku	CHEM-000099	MT-299EA1DB79BF	化工胶粘涂料|油漆涂料|自喷漆	高风险分类:化工胶粘涂料	medium
missing_required_specs	sku	CHEM-000101	MT-9794F808E59A	包装覆盖周转|胶带标签|封箱胶带	color	high
human_confirmation_required	sku	CHEM-000102	MT-1CAA06A5C1A8	化工胶粘涂料|油漆涂料|防锈漆	高风险分类:化工胶粘涂料	medium
human_confirmation_required	sku	CHEM-000103	MT-F39543671B00	化工胶粘涂料|清洗脱漆剂|稀释剂	高风险分类:化工胶粘涂料	medium
human_confirmation_required	sku	CHEM-000106	MT-014EADA6155D	化工胶粘涂料|胶粘密封|螺纹锁固胶	高风险分类:化工胶粘涂料	medium
missing_required_specs	sku	CHEM-000107	MT-339EE2E959F2	工具耗材|刷涂耗材|滚筒刷	滚刷宽度,类型	high
human_confirmation_required	sku	CHEM-000108	MT-1CAA06A5C1A8	化工胶粘涂料|油漆涂料|防锈漆	高风险分类:化工胶粘涂料	medium
human_confirmation_required	sku	CHEM-000110	MT-1CAA06A5C1A8	化工胶粘涂料|油漆涂料|防锈漆	高风险分类:化工胶粘涂料	medium
human_confirmation_required	sku	CHEM-000111	MT-1CAA06A5C1A8	化工胶粘涂料|油漆涂料|防锈漆	高风险分类:化工胶粘涂料	medium
human_confirmation_required	sku	CHEM-000112	MT-1CAA06A5C1A8	化工胶粘涂料|油漆涂料|防锈漆	高风险分类:化工胶粘涂料	medium
human_confirmation_required	sku	CHEM-000113	MT-1CAA06A5C1A8	化工胶粘涂料|油漆涂料|防锈漆	高风险分类:化工胶粘涂料	medium
human_confirmation_required	sku	CHEM-000114	MT-1CAA06A5C1A8	化工胶粘涂料|油漆涂料|防锈漆	高风险分类:化工胶粘涂料	medium
human_confirmation_required	sku	CHEM-000115	MT-1CAA06A5C1A8	化工胶粘涂料|油漆涂料|防锈漆	高风险分类:化工胶粘涂料	medium
missing_required_specs	sku	CHEM-000117	MT-339EE2E959F2	工具耗材|刷涂耗材|滚筒刷	滚刷宽度,类型	high
missing_required_specs	sku	CHEM-000120	MT-00B736EFBAFE	化工胶粘涂料|油漆涂料|油漆	类型	high
human_confirmation_required	sku	CHEM-000120	MT-00B736EFBAFE	化工胶粘涂料|油漆涂料|油漆	高风险分类:化工胶粘涂料	medium
missing_required_specs	sku	CHEM-000121	MT-299EA1DB79BF	化工胶粘涂料|油漆涂料|自喷漆	brand	high
human_confirmation_required	sku	CHEM-000121	MT-299EA1DB79BF	化工胶粘涂料|油漆涂料|自喷漆	高风险分类:化工胶粘涂料	medium
missing_required_specs	sku	CHEM-000123	MT-00B736EFBAFE	化工胶粘涂料|油漆涂料|油漆	类型	high
human_confirmation_required	sku	CHEM-000123	MT-00B736EFBAFE	化工胶粘涂料|油漆涂料|油漆	高风险分类:化工胶粘涂料	medium
missing_required_specs	sku	CHEM-000125	MT-299EA1DB79BF	化工胶粘涂料|油漆涂料|自喷漆	brand	high
human_confirmation_required	sku	CHEM-000125	MT-299EA1DB79BF	化工胶粘涂料|油漆涂料|自喷漆	高风险分类:化工胶粘涂料	medium
missing_required_specs	sku	CHEM-000130	MT-B03FC47E1E0F	化工胶粘涂料|胶粘密封|双面胶带	thickness,特征,类型	high
human_confirmation_required	sku	CHEM-000130	MT-B03FC47E1E0F	化工胶粘涂料|胶粘密封|双面胶带	高风险分类:化工胶粘涂料	medium
human_confirmation_required	sku	CHEM-000132	MT-1CAA06A5C1A8	化工胶粘涂料|油漆涂料|防锈漆	高风险分类:化工胶粘涂料	medium
missing_required_specs	sku	CHEM-000133	MT-00B736EFBAFE	化工胶粘涂料|油漆涂料|油漆	类型	high
human_confirmation_required	sku	CHEM-000133	MT-00B736EFBAFE	化工胶粘涂料|油漆涂料|油漆	高风险分类:化工胶粘涂料	medium
human_confirmation_required	sku	CHEM-000134	MT-4081637AB122	化工胶粘涂料|防锈除锈|除锈剂	高风险分类:化工胶粘涂料	medium
missing_required_specs	sku	CHEM-000135	MT-00B736EFBAFE	化工胶粘涂料|油漆涂料|油漆	color	high
human_confirmation_required	sku	CHEM-000135	MT-00B736EFBAFE	化工胶粘涂料|油漆涂料|油漆	高风险分类:化工胶粘涂料	medium
human_confirmation_required	sku	CHEM-000136	MT-A4FACF4F3AA3	化工胶粘涂料|润滑脂|高温润滑脂	高风险分类:化工胶粘涂料	medium
human_confirmation_required	sku	CHEM-000137	MT-4081637AB122	化工胶粘涂料|防锈除锈|除锈剂	高风险分类:化工胶粘涂料	medium
missing_required_specs	sku	CHEM-000139	MT-04E0BE02A02D	化工胶粘涂料|胶粘密封|密封胶	material,package_specification,model,材料/体系	high
human_confirmation_required	sku	CHEM-000139	MT-04E0BE02A02D	化工胶粘涂料|胶粘密封|密封胶	高风险分类:化工胶粘涂料	medium
missing_required_specs	sku	CHEM-000140	MT-339EE2E959F2	工具耗材|刷涂耗材|滚筒刷	specification,类型	high
missing_required_specs	sku	CHEM-000141	MT-8385DC54351B	化工胶粘涂料|油漆涂料|乳胶漆	specification,color,系列	high
human_confirmation_required	sku	CHEM-000141	MT-8385DC54351B	化工胶粘涂料|油漆涂料|乳胶漆	高风险分类:化工胶粘涂料	medium
missing_required_specs	sku	CHEM-000142	MT-8385DC54351B	化工胶粘涂料|油漆涂料|乳胶漆	specification,系列	high
human_confirmation_required	sku	CHEM-000142	MT-8385DC54351B	化工胶粘涂料|油漆涂料|乳胶漆	高风险分类:化工胶粘涂料	medium
missing_required_specs	sku	CHEM-000143	MT-339EE2E959F2	工具耗材|刷涂耗材|滚筒刷	滚刷宽度,类型	high
missing_required_specs	sku	CHEM-000144	MT-8385DC54351B	化工胶粘涂料|油漆涂料|乳胶漆	color	high
human_confirmation_required	sku	CHEM-000144	MT-8385DC54351B	化工胶粘涂料|油漆涂料|乳胶漆	高风险分类:化工胶粘涂料	medium
missing_required_specs	sku	CHEM-000145	MT-AF3FB9BF0C16	包装覆盖周转|胶带标签|双面胶带	thickness	high
human_confirmation_required	sku	CHEM-000146	MT-4081637AB122	化工胶粘涂料|防锈除锈|除锈剂	高风险分类:化工胶粘涂料	medium
human_confirmation_required	sku	CHEM-000148	MT-6BA085721775	化工胶粘涂料|润滑油|气动油	高风险分类:化工胶粘涂料	medium
human_confirmation_required	sku	CHEM-000149	MT-87DD45216B66	化工胶粘涂料|胶粘密封|堵漏剂	高风险分类:化工胶粘涂料	medium
human_confirmation_required	sku	CHEM-000155	MT-B6257CC935CB	化工胶粘涂料|清洗脱漆剂|泡沫清洗剂	高风险分类:化工胶粘涂料	medium
human_confirmation_required	sku	CHEM-000156	MT-1BAA4AD8A641	化工胶粘涂料|胶粘密封|玻璃胶	高风险分类:化工胶粘涂料	medium
missing_required_specs	sku	CHEM-000157	MT-00B736EFBAFE	化工胶粘涂料|油漆涂料|油漆	类型	high
human_confirmation_required	sku	CHEM-000157	MT-00B736EFBAFE	化工胶粘涂料|油漆涂料|油漆	高风险分类:化工胶粘涂料	medium
missing_required_specs	sku	CHEM-000159	MT-192E2DA1E5EE	设备备件|润滑配件|黄油嘴	material	high
missing_required_specs	sku	CHEM-000160	MT-192E2DA1E5EE	设备备件|润滑配件|黄油嘴	material	high
missing_required_specs	sku	CHEM-000161	MT-192E2DA1E5EE	设备备件|润滑配件|黄油嘴	material	high
missing_required_specs	sku	CHEM-000162	MT-192E2DA1E5EE	设备备件|润滑配件|黄油嘴	material	high
missing_required_specs	sku	CHEM-000164	MT-192E2DA1E5EE	设备备件|润滑配件|黄油嘴	material	high
missing_required_specs	sku	CHEM-000165	MT-192E2DA1E5EE	设备备件|润滑配件|黄油嘴	material	high
missing_required_specs	sku	CHEM-000166	MT-192E2DA1E5EE	设备备件|润滑配件|黄油嘴	material	high
missing_required_specs	sku	CONST-000006	MT-DF2752611492	建筑材料|砖板模板|建筑模板	颜色/表面	high
missing_required_specs	sku	CONST-000010	MT-2F1273F2CD13	建筑材料|装饰装修材料|彩钢瓦	width	high
missing_required_specs	sku	CONST-000011	MT-2F1273F2CD13	建筑材料|装饰装修材料|彩钢瓦	width	high
missing_required_specs	sku	CONST-000012	MT-2F1273F2CD13	建筑材料|装饰装修材料|彩钢瓦	specification	high
missing_required_specs	sku	CONST-000013	MT-AC19BC964F47	建筑材料|装饰装修材料|人工草皮	特征,背胶	high
missing_required_specs	sku	CONST-000016	MT-AC19BC964F47	建筑材料|装饰装修材料|人工草皮	color,背胶	high
missing_required_specs	sku	CONST-000017	MT-DF2752611492	建筑材料|砖板模板|建筑模板	color,颜色/表面	high
missing_required_specs	sku	CONST-000018	MT-DF2752611492	建筑材料|砖板模板|建筑模板	颜色/表面	high
missing_required_specs	sku	CONST-000022	MT-DF2752611492	建筑材料|砖板模板|建筑模板	颜色/表面	high
missing_required_specs	sku	CONST-000023	MT-DF2752611492	建筑材料|砖板模板|建筑模板	颜色/表面	high
missing_required_specs	sku	CONST-000027	MT-C3E9520C6BD9	定制加工件|定制板牌件|标识字牌	字符	high
missing_required_specs	sku	CONST-000034	MT-DF2752611492	建筑材料|砖板模板|建筑模板	颜色/表面	high
missing_required_specs	sku	CONST-000038	MT-DF2752611492	建筑材料|砖板模板|建筑模板	颜色/表面	high
missing_required_specs	sku	CONST-000040	MT-DF2752611492	建筑材料|砖板模板|建筑模板	color	high
missing_required_specs	sku	CONST-000041	MT-43A0E2C77E2A	清洁办公后勤|门窗五金|插销	功能	high
missing_required_specs	sku	ELEC-000005	MT-2142BF6DCF1A	电气电料|电工辅材|绝缘胶带	specification,功能	high
missing_required_specs	sku	ELEC-000007-V1	MT-DA173FC5AB33	电气电料|开关插座|插座	color,model,usb输出,安装方式,类型,输入电压,输出电压	high
missing_required_specs	sku	ELEC-000009	MT-220CBD8BBDE4	电气电料|电气箱柜|配电箱	specification,size,rated_current,power,环境,适用环境	high
missing_required_specs	sku	ELEC-000010	MT-DA173FC5AB33	电气电料|开关插座|插座	color,model,usb电流,usb输出,安装方式,类型,输入电压,输出电压	high
missing_required_specs	sku	ELEC-000011	MT-F756B8B03DB0	电气电料|开关插座|开关	含底座	high
missing_required_specs	sku	ELEC-000012	MT-F756B8B03DB0	电气电料|开关插座|开关	含底座	high
missing_required_specs	sku	ELEC-000013	MT-F756B8B03DB0	电气电料|开关插座|开关	含底座	high
missing_required_specs	sku	ELEC-000019	MT-2142BF6DCF1A	电气电料|电工辅材|绝缘胶带	specification,功能	high
missing_required_specs	sku	ELEC-000020	MT-DA173FC5AB33	电气电料|开关插座|插座	color,model,usb电流,usb输出,安装方式,类型,输入电压,输出电压	high
missing_required_specs	sku	ELEC-000023	MT-DA173FC5AB33	电气电料|开关插座|插座	color,model,usb电流,usb输出,孔位,安装方式,类型,输入电压,输出电压	high
missing_required_specs	sku	ELEC-000024	MT-E60A965C1719	电气电料|开关插座|插线板	结构	high
missing_required_specs	sku	ELEC-000027	MT-FB5F2F7AE897	电气电料|通风设备|排风扇	model	high
missing_required_specs	sku	ELEC-000029	MT-5A5F89300A3E	电气电料|低压电器|断路器	model,结构	high
missing_required_specs	sku	ELEC-000031	MT-609DC7CDAB4E	电气电料|接线端子/线鼻子|线鼻子	model,适配线径	high
missing_required_specs	sku	ELEC-000032	MT-609DC7CDAB4E	电气电料|接线端子/线鼻子|线鼻子	model,适配线径	high
missing_required_specs	sku	ELEC-000033	MT-B7BD486841EB	电气电料|开关插座|插头	rated_voltage,极数,类型	high
missing_required_specs	sku	ELEC-000035	MT-220CBD8BBDE4	电气电料|电气箱柜|配电箱	size,power,model,型号/规格,环境,适用环境	high
missing_required_specs	sku	ELEC-000037	MT-8EA1938F421F	电气电料|电工辅材|线槽	brand	high
missing_required_specs	sku	ELEC-000038	MT-DA173FC5AB33	电气电料|开关插座|插座	rated_voltage,rated_current,color,model,usb电流,孔位,安装方式,类型	high
missing_required_specs	sku	ELEC-000039	MT-A75F5051F209	电气电料|电源/电池|电池	brand	high
missing_required_specs	sku	ELEC-000042	MT-A75F5051F209	电气电料|电源/电池|电池	rated_voltage	high
missing_required_specs	sku	ELEC-000047	MT-F0BC3C2E9813	弱电安防|监控安防|监控摄像头	分辨率,功能,存储	high
missing_required_specs	sku	ELEC-000048	MT-B7BD486841EB	电气电料|开关插座|插头	rated_voltage,极数,类型	high
missing_required_specs	sku	ELEC-000049	MT-B7BD486841EB	电气电料|开关插座|插头	rated_voltage,类型	high
missing_required_specs	sku	ELEC-000056	MT-A7BAFBCD407D	电气电料|开关插座|底盒	brand	high
missing_required_specs	sku	ELEC-000061	MT-DA173FC5AB33	电气电料|开关插座|插座	color,model,usb电流,usb输出,类型,输入电压,输出电压	high
missing_required_specs	sku	ELEC-000062	MT-F756B8B03DB0	电气电料|开关插座|开关	brand	high
missing_required_specs	sku	ELEC-000063	MT-B0A2FA27A437	电气电料|低压电器|漏电断路器	类型	high
missing_required_specs	sku	ELEC-000064	MT-8DF14BB36465	电气电料|低压电器|接触器	线圈电压	high
missing_required_specs	sku	ELEC-000068	MT-FB5F2F7AE897	电气电料|通风设备|排风扇	model	high
missing_required_specs	sku	ELEC-000069	MT-DA173FC5AB33	电气电料|开关插座|插座	color,model,usb电流,usb输出,安装方式,类型,输入电压,输出电压	high
missing_required_specs	sku	ELEC-000070	MT-A262F72D1A40	弱电安防|对讲通信|对讲机	频率	high
missing_required_specs	sku	ELEC-000075	MT-8515ED672AB5	电气电料|照明光源|照明灯	brand,供电	high
missing_required_specs	sku	ELEC-000080	MT-5A5F89300A3E	电气电料|低压电器|断路器	brand,model,结构	high
missing_required_specs	sku	ELEC-000081	MT-B60FBC3D976C	电气电料|低压电器|漏电保护器	brand	high
missing_required_specs	sku	ELEC-000082	MT-5A5F89300A3E	电气电料|低压电器|断路器	brand,model,结构	high
missing_required_specs	sku	ELEC-000088	MT-B0A2FA27A437	电气电料|低压电器|漏电断路器	类型	high
missing_required_specs	sku	ELEC-000091	MT-609DC7CDAB4E	电气电料|接线端子/线鼻子|线鼻子	model,适配线径	high
missing_required_specs	sku	ELEC-000095	MT-B7BD486841EB	电气电料|开关插座|插头	brand,极数	high
missing_required_specs	sku	ELEC-000096	MT-DA173FC5AB33	电气电料|开关插座|插座	color,brand,model,usb电流,usb输出,孔位,安装方式,输入电压,输出电压	high
missing_required_specs	sku	ELEC-000097	MT-B7BD486841EB	电气电料|开关插座|插头	brand,极数	high
missing_required_specs	sku	ELEC-000098	MT-DA173FC5AB33	电气电料|开关插座|插座	color,brand,model,usb电流,usb输出,孔位,安装方式,输入电压,输出电压	high
missing_required_specs	sku	ELEC-000099	MT-A75F5051F209	电气电料|电源/电池|电池	rated_voltage	high
missing_required_specs	sku	ELEC-000100	MT-B0A2FA27A437	电气电料|低压电器|漏电断路器	类型	high
missing_required_specs	sku	ELEC-000102	MT-C8819ABBF519	电气电料|接线端子/线鼻子|接线端子	color,model	high
missing_required_specs	sku	ELEC-000103	MT-C8819ABBF519	电气电料|接线端子/线鼻子|接线端子	color,model	high
missing_required_specs	sku	ELEC-000104	MT-138517C254A9	电气电料|电线电缆|信号电缆	model	high
missing_required_specs	sku	ELEC-000105	MT-FD27C4A257A0	电气电料|电线电缆|电缆	brand	high
missing_required_specs	sku	ELEC-000111	MT-B0A2FA27A437	电气电料|低压电器|漏电断路器	类型	high
missing_required_specs	sku	ELEC-000112	MT-FB5F2F7AE897	电气电料|通风设备|排风扇	规格/尺寸	high
missing_required_specs	sku	ELEC-000114	MT-609DC7CDAB4E	电气电料|接线端子/线鼻子|线鼻子	rated_current	high
missing_required_specs	sku	ELEC-000115	MT-609DC7CDAB4E	电气电料|接线端子/线鼻子|线鼻子	rated_current	high
missing_required_specs	sku	ELEC-000116	MT-609DC7CDAB4E	电气电料|接线端子/线鼻子|线鼻子	rated_current	high
missing_required_specs	sku	ELEC-000117	MT-609DC7CDAB4E	电气电料|接线端子/线鼻子|线鼻子	rated_current	high
missing_required_specs	sku	ELEC-000118	MT-FFBCC6291AC8	电气电料|接线端子/线鼻子|冷压端子	包装数量	high
missing_required_specs	sku	ELEC-000119	MT-FFBCC6291AC8	电气电料|接线端子/线鼻子|冷压端子	包装数量	high
missing_required_specs	sku	ELEC-000120	MT-DA173FC5AB33	电气电料|开关插座|插座	color,brand,model,usb电流,usb输出,类型,输入电压,输出电压	high
missing_required_specs	sku	ELEC-000128	MT-8515ED672AB5	电气电料|照明光源|照明灯	brand,供电,光源	high
missing_required_specs	sku	ELEC-000129	MT-220CBD8BBDE4	电气电料|电气箱柜|配电箱	size,rated_current,model,型号/规格,环境,适用环境	high
human_confirmation_required	sku	ELEC-000132	MT-A8E6922D1667	电气电料|低压电器|压力开关	安全/压力/化学相关物料	medium
missing_required_specs	sku	ELEC-000134	MT-2142BF6DCF1A	电气电料|电工辅材|绝缘胶带	brand	high
missing_required_specs	sku	ELEC-000142	MT-C8819ABBF519	电气电料|接线端子/线鼻子|接线端子	color,model	high
missing_required_specs	sku	ELEC-000144	MT-B7BD486841EB	电气电料|开关插座|插头	rated_voltage,brand,极数	high
missing_required_specs	sku	ELEC-000146	MT-F756B8B03DB0	电气电料|开关插座|开关	brand,位数,含底座	high
missing_required_specs	sku	ELEC-000149	MT-179F37722309	弱电安防|监控安防|声光报警器	光源	high
missing_required_specs	sku	ELEC-000150	MT-5A5F89300A3E	电气电料|低压电器|断路器	model,结构	high
missing_required_specs	sku	ELEC-000152	MT-ED9C238D33E6	工具量具|检测仪器|电流表	brand,model	high
candidate_family	sku	ELEC-000152	MT-ED9C238D33E6	工具量具|检测仪器|电流表	检测仪器(候选新增)	high
missing_required_specs	sku	ELEC-000157	MT-E60A965C1719	电气电料|开关插座|插线板	结构	high
missing_required_specs	sku	ELEC-000158	MT-B7BD486841EB	电气电料|开关插座|插头	类型	high
missing_required_specs	sku	ELEC-000160	MT-E60A965C1719	电气电料|开关插座|插线板	结构	high
missing_required_specs	sku	ELEC-000164	MT-DA173FC5AB33	电气电料|开关插座|插座	color,model,usb电流,usb输出,类型,输入电压,输出电压	high
missing_required_specs	sku	ELEC-000172	MT-220CBD8BBDE4	电气电料|电气箱柜|配电箱	size,rated_current,model,型号/规格,环境,结构,适用环境	high
missing_required_specs	sku	ELEC-000175	MT-220CBD8BBDE4	电气电料|电气箱柜|配电箱	specification,rated_current,power,model,型号/规格,安装环境,环境,结构	high
missing_required_specs	sku	ELEC-000179	MT-8DF14BB36465	电气电料|低压电器|接触器	rated_current	high
missing_required_specs	sku	ELEC-000180	MT-C8819ABBF519	电气电料|接线端子/线鼻子|接线端子	material,适配线径	high
missing_required_specs	sku	ELEC-000183	MT-5A5F89300A3E	电气电料|低压电器|断路器	model,结构	high
missing_required_specs	sku	ELEC-000185	MT-654C6B217C73	电气电料|低压电器|温控开关	specification	high
missing_required_specs	sku	ELEC-000187	MT-C8819ABBF519	电气电料|接线端子/线鼻子|接线端子	material,适配线径	high
missing_required_specs	sku	ELEC-000196	MT-220CBD8BBDE4	电气电料|电气箱柜|配电箱	specification,rated_current,power,model,型号/规格,环境,适用环境	high
missing_required_specs	sku	ELEC-000197	MT-220CBD8BBDE4	电气电料|电气箱柜|配电箱	specification,rated_current,power,model,型号/规格,安装环境,结构,适用环境	high
missing_required_specs	sku	ELEC-000198	MT-220CBD8BBDE4	电气电料|电气箱柜|配电箱	specification,rated_current,power,model,型号/规格,安装环境,适用环境	high
missing_required_specs	sku	ELEC-000200	MT-9ABBDCD93E89	电气电料|低压电器|电位器	model	high
missing_required_specs	sku	ELEC-000201	MT-31761718C5FF	电气电料|低压电器|按钮开关	brand,类型	high
candidate_family	sku	ELEC-000210	MT-ED9C238D33E6	工具量具|检测仪器|电流表	检测仪器(候选新增)	high
missing_required_specs	sku	ELEC-000214	MT-B7BD486841EB	电气电料|开关插座|插头	类型	high
missing_required_specs	sku	ELEC-000215	MT-E60A965C1719	电气电料|开关插座|插线板	孔位	high
missing_required_specs	sku	ELEC-000216	MT-C8819ABBF519	电气电料|接线端子/线鼻子|接线端子	color,model	high
missing_required_specs	sku	ELEC-000218	MT-BFD6C5B8FF2D	电气电料|电工辅材|接地桩	surface_treatment,配置	high
candidate_family	sku	ELEC-000220	MT-0A79D7F4EAAE	工具量具|检测仪器|绝缘电阻表	检测仪器(候选新增)	high
missing_required_specs	sku	ELEC-000222	MT-DA173FC5AB33	电气电料|开关插座|插座	specification,rated_voltage,brand,usb电流,usb输出,孔位,安装方式,类型,输入电压,输出电压	high
missing_required_specs	sku	ELEC-000223	MT-8DF14BB36465	电气电料|低压电器|接触器	specification,线圈电压	high
candidate_family	sku	ELEC-000227	MT-3C64EBBBAA73	工具量具|检测仪器|钳形电流表	检测仪器(候选新增)	high
missing_required_specs	sku	ELEC-000228	MT-DA173FC5AB33	电气电料|开关插座|插座	specification,rated_voltage,brand,usb电流,usb输出,孔位,安装方式,类型,输入电压,输出电压	high
missing_required_specs	sku	ELEC-000234	MT-FD27C4A257A0	电气电料|电线电缆|电缆	brand	high
missing_required_specs	sku	ELEC-000236	MT-AD7982E07B91	电气电料|照明光源|灯泡	brand	high
candidate_family	sku	ELEC-000240	MT-6BE8AACB59B9	工具量具|检测仪器|钳形万用表	检测仪器(候选新增)	high
missing_required_specs	sku	ELEC-TIE-000001	MT-0DA465190CBE	电气电料|电工辅材|扎带	包装数量	high
missing_required_specs	sku	ELEC-TIE-000002	MT-0DA465190CBE	电气电料|电工辅材|扎带	包装数量	high
missing_required_specs	sku	ELEC-TIE-000007	MT-0DA465190CBE	电气电料|电工辅材|扎带	包装数量	high
missing_required_specs	sku	ELEC-TIE-000008	MT-0DA465190CBE	电气电料|电工辅材|扎带	包装数量	high
missing_required_specs	sku	FAST-000003	MT-8076D1426448	紧固件与连接件|垫圈/垫片|平垫圈	surface_treatment	high
missing_required_specs	sku	FAST-000005	MT-ABA6144D7393	吊装索具|花篮螺丝/紧线器|花篮螺丝	length	high
candidate_family	sku	FAST-000005	MT-ABA6144D7393	吊装索具|花篮螺丝/紧线器|花篮螺丝	花篮螺丝/紧线器(候选)	high
human_confirmation_required	sku	FAST-000005	MT-ABA6144D7393	吊装索具|花篮螺丝/紧线器|花篮螺丝	高风险分类:吊装索具	medium
missing_required_specs	sku	FAST-000006	MT-8076D1426448	紧固件与连接件|垫圈/垫片|平垫圈	surface_treatment	high
missing_required_specs	sku	FAST-000007	MT-8076D1426448	紧固件与连接件|垫圈/垫片|平垫圈	surface_treatment	high
missing_required_specs	sku	FAST-000010	MT-ABA6144D7393	吊装索具|花篮螺丝/紧线器|花篮螺丝	length	high
candidate_family	sku	FAST-000010	MT-ABA6144D7393	吊装索具|花篮螺丝/紧线器|花篮螺丝	花篮螺丝/紧线器(候选)	high
human_confirmation_required	sku	FAST-000010	MT-ABA6144D7393	吊装索具|花篮螺丝/紧线器|花篮螺丝	高风险分类:吊装索具	medium
missing_required_specs	sku	FAST-000017	MT-D47D489C0E67	紧固件与连接件|螺杆/丝杆|螺杆	strength_grade	high
missing_required_specs	sku	FAST-000018	MT-D47D489C0E67	紧固件与连接件|螺杆/丝杆|螺杆	strength_grade	high
missing_required_specs	sku	FAST-000019	MT-80739C15B01A	紧固件与连接件|螺母|螺母	surface_treatment	high
missing_required_specs	sku	FAST-000020	MT-D47D489C0E67	紧固件与连接件|螺杆/丝杆|螺杆	strength_grade	high
missing_required_specs	sku	FAST-000021	MT-80739C15B01A	紧固件与连接件|螺母|螺母	surface_treatment	high
missing_required_specs	sku	FAST-000029	MT-D47D489C0E67	紧固件与连接件|螺杆/丝杆|螺杆	strength_grade	high
missing_required_specs	sku	FAST-000030	MT-0A0040E5C01B	紧固件与连接件|垫圈/垫片|垫片	outer_diameter,inner_diameter,length,width,thickness,加工件,定制件,特征	high
missing_required_specs	sku	FAST-000031	MT-80739C15B01A	紧固件与连接件|螺母|螺母	surface_treatment	high
missing_required_specs	sku	FAST-000040	MT-D47D489C0E67	紧固件与连接件|螺杆/丝杆|螺杆	strength_grade	high
missing_required_specs	sku	FAST-000041	MT-80739C15B01A	紧固件与连接件|螺母|螺母	surface_treatment	high
standard_name_normalized	sku	FAST-000043	MT-A751397AFB60	紧固件与连接件|螺丝/螺栓|螺栓	sku_level_token_removed_from_standard_name	info
standard_name_normalized	sku	FAST-000043-68	MT-A751397AFB60	紧固件与连接件|螺丝/螺栓|螺栓	sku_level_token_removed_from_standard_name	info
standard_name_normalized	sku	FAST-000048	MT-A751397AFB60	紧固件与连接件|螺丝/螺栓|螺栓	sku_level_token_removed_from_standard_name	info
standard_name_normalized	sku	FAST-000048-68	MT-A751397AFB60	紧固件与连接件|螺丝/螺栓|螺栓	sku_level_token_removed_from_standard_name	info
missing_required_specs	sku	FAST-000049	MT-0A0040E5C01B	紧固件与连接件|垫圈/垫片|垫片	outer_diameter,inner_diameter,length,width,thickness,加工件,定制件	high
standard_name_normalized	sku	FAST-000051	MT-A751397AFB60	紧固件与连接件|螺丝/螺栓|螺栓	sku_level_token_removed_from_standard_name	info
standard_name_normalized	sku	FAST-000051-68	MT-A751397AFB60	紧固件与连接件|螺丝/螺栓|螺栓	sku_level_token_removed_from_standard_name	info
standard_name_normalized	sku	FAST-000052	MT-A751397AFB60	紧固件与连接件|螺丝/螺栓|螺栓	sku_level_token_removed_from_standard_name	info
standard_name_normalized	sku	FAST-000052-68	MT-A751397AFB60	紧固件与连接件|螺丝/螺栓|螺栓	sku_level_token_removed_from_standard_name	info
standard_name_normalized	sku	FAST-000053	MT-A751397AFB60	紧固件与连接件|螺丝/螺栓|螺栓	sku_level_token_removed_from_standard_name	info
standard_name_normalized	sku	FAST-000053-68	MT-A751397AFB60	紧固件与连接件|螺丝/螺栓|螺栓	sku_level_token_removed_from_standard_name	info
standard_name_normalized	sku	FAST-000055	MT-A751397AFB60	紧固件与连接件|螺丝/螺栓|螺栓	sku_level_token_removed_from_standard_name	info
standard_name_normalized	sku	FAST-000055-68	MT-A751397AFB60	紧固件与连接件|螺丝/螺栓|螺栓	sku_level_token_removed_from_standard_name	info
missing_required_specs	sku	FAST-000056	MT-80739C15B01A	紧固件与连接件|螺母|螺母	surface_treatment	high
missing_required_specs	sku	FAST-000057	MT-0A0040E5C01B	紧固件与连接件|垫圈/垫片|垫片	outer_diameter,inner_diameter,length,width,thickness,加工件,定制件,特征	high
candidate_family	sku	FAST-000060	MT-ABA6144D7393	吊装索具|花篮螺丝/紧线器|花篮螺丝	花篮螺丝/紧线器(候选)	high
human_confirmation_required	sku	FAST-000060	MT-ABA6144D7393	吊装索具|花篮螺丝/紧线器|花篮螺丝	高风险分类:吊装索具	medium
missing_required_specs	sku	FAST-000065	MT-80739C15B01A	紧固件与连接件|螺母|螺母	surface_treatment	high
missing_required_specs	sku	FAST-000066	MT-0A0040E5C01B	紧固件与连接件|垫圈/垫片|垫片	outer_diameter,inner_diameter,length,width,thickness,加工件,定制件,特征	high
missing_required_specs	sku	FAST-000070	MT-0A0040E5C01B	紧固件与连接件|垫圈/垫片|垫片	specification,length,width,material,加工件,定制件	high
missing_required_specs	sku	FAST-000071	MT-42141E25BFB3	紧固件与连接件|螺杆/丝杆|全螺纹丝杆	strength_grade	high
missing_required_specs	sku	FAST-000076	MT-80739C15B01A	紧固件与连接件|螺母|螺母	strength_grade,surface_treatment	high
missing_required_specs	sku	FAST-000077	MT-0A0040E5C01B	紧固件与连接件|垫圈/垫片|垫片	outer_diameter,inner_diameter,length,width,thickness,加工件,定制件	high
missing_required_specs	sku	FAST-000078	MT-0A0040E5C01B	紧固件与连接件|垫圈/垫片|垫片	outer_diameter,inner_diameter,length,width,thickness,加工件,定制件,特征	high
missing_required_specs	sku	FAST-000079	MT-9C43ED55EFA0	紧固件与连接件|螺母|防松螺母	strength_grade	high
missing_required_specs	sku	FAST-000083	MT-1BA47C1E8F5D	设备备件|密封垫片|四氟垫片	specification	high
candidate_family	sku	FAST-000092	MT-D8E0610550CB	定制加工件|定制橡胶件|异形垫片	定制橡胶件(候选)	high
missing_required_specs	sku	FAST-000101	MT-0A0040E5C01B	紧固件与连接件|垫圈/垫片|垫片	outer_diameter,inner_diameter,length,width,thickness,加工件,定制件,特征	high
missing_required_specs	sku	FAST-000104	MT-BEBAEBE1118D	紧固件与连接件|螺丝/螺栓|钻尾螺丝	length	high
candidate_family	sku	FAST-000121	MT-ABA6144D7393	吊装索具|花篮螺丝/紧线器|花篮螺丝	花篮螺丝/紧线器(候选)	high
human_confirmation_required	sku	FAST-000121	MT-ABA6144D7393	吊装索具|花篮螺丝/紧线器|花篮螺丝	高风险分类:吊装索具	medium
missing_required_specs	sku	HW-LOCK-000001	MT-AF9E6B9BFD02	清洁办公后勤|门窗五金|门锁	material	high
missing_required_specs	sku	HW-LOCK-000002	MT-B72E81C661BF	清洁办公后勤|门窗五金|挂锁	特性,钥匙类型	high
missing_required_specs	sku	HW-LOCK-000004	MT-B72E81C661BF	清洁办公后勤|门窗五金|挂锁	特性,钥匙类型	high
missing_required_specs	sku	HW-LOCK-000005	MT-B72E81C661BF	清洁办公后勤|门窗五金|挂锁	特性,钥匙类型	high
missing_required_specs	sku	HW-LOCK-000008	MT-AF9E6B9BFD02	清洁办公后勤|门窗五金|门锁	material	high
missing_required_specs	sku	HW-LOCK-000011	MT-B72E81C661BF	清洁办公后勤|门窗五金|挂锁	特性	high
missing_required_specs	sku	HW-LOCK-000017	MT-B72E81C661BF	清洁办公后勤|门窗五金|挂锁	钥匙类型	high
missing_required_specs	sku	MAT-000001	MT-7177D408AB9B	建筑材料|装饰装修材料|墙纸	color	high
missing_required_specs	sku	MAT-000003	MT-54A5841B0214	管材管件阀门|水龙头/洁具配件|水龙头	安装孔数,形态,控制方式,类型	high
missing_required_specs	sku	MAT-000006	MT-54A5841B0214	管材管件阀门|水龙头/洁具配件|水龙头	安装孔数,形态,控制方式,类型	high
missing_required_specs	sku	MAT-000007	MT-54A5841B0214	管材管件阀门|水龙头/洁具配件|水龙头	安装孔数,控制方式,类型	high
missing_required_specs	sku	MAT-000008	MT-54A5841B0214	管材管件阀门|水龙头/洁具配件|水龙头	安装孔数,形态,控制方式,类型	high
missing_required_specs	sku	MAT-000012	MT-54A5841B0214	管材管件阀门|水龙头/洁具配件|水龙头	安装孔数,形态,控制	high
missing_required_specs	sku	MAT-000013	MT-54A5841B0214	管材管件阀门|水龙头/洁具配件|水龙头	形态,接口,控制方式,类型	high
human_confirmation_required	sku	MAT-000016	MT-18A615A4E699	吊装索具|吊带/吊装带|吊装带	高风险分类:吊装索具；安全/压力/化学相关物料	medium
missing_required_specs	sku	MAT-000017	MT-B785C118DEA9	吊装索具|卸扣/卡环|卸扣	specification,width	high
human_confirmation_required	sku	MAT-000017	MT-B785C118DEA9	吊装索具|卸扣/卡环|卸扣	高风险分类:吊装索具	medium
missing_required_specs	sku	MAT-000018	MT-B785C118DEA9	吊装索具|卸扣/卡环|卸扣	specification,width	high
human_confirmation_required	sku	MAT-000018	MT-B785C118DEA9	吊装索具|卸扣/卡环|卸扣	高风险分类:吊装索具	medium
missing_required_specs	sku	MAT-000019	MT-E328EF9676E7	吊装索具|卸扣/卡环|弓形卸扣	strength_grade	high
human_confirmation_required	sku	MAT-000019	MT-E328EF9676E7	吊装索具|卸扣/卡环|弓形卸扣	高风险分类:吊装索具	medium
missing_required_specs	sku	MAT-000021	MT-8461F4A2048C	包装覆盖周转|覆盖材料|彩条布	color	high
human_confirmation_required	sku	MAT-000023	MT-F2DD6F0F7F0D	吊装索具|吊钩/吊具|旋转吊环	高风险分类:吊装索具	medium
missing_required_specs	sku	MAT-000024	MT-FC585B40FE27	包装覆盖周转|包装袋/吨袋|吨袋	结构	high
missing_required_specs	sku	MAT-000030	MT-90343DF1701A	吊装索具|吊钩/吊具|吊钩保险扣	适配类型	high
human_confirmation_required	sku	MAT-000030	MT-90343DF1701A	吊装索具|吊钩/吊具|吊钩保险扣	高风险分类:吊装索具	medium
candidate_family	sku	MAT-000031	MT-391AA30ACD1C	吊装索具|牵引捆绑绳链|尼龙绳	牵引捆绑绳链(候选)	high
human_confirmation_required	sku	MAT-000031	MT-391AA30ACD1C	吊装索具|牵引捆绑绳链|尼龙绳	高风险分类:吊装索具	medium
human_confirmation_required	sku	MAT-000034	MT-18A615A4E699	吊装索具|吊带/吊装带|吊装带	高风险分类:吊装索具；安全/压力/化学相关物料	medium
human_confirmation_required	sku	MAT-000035	MT-18A615A4E699	吊装索具|吊带/吊装带|吊装带	高风险分类:吊装索具；安全/压力/化学相关物料	medium
human_confirmation_required	sku	MAT-000036	MT-18A615A4E699	吊装索具|吊带/吊装带|吊装带	高风险分类:吊装索具；安全/压力/化学相关物料	medium
candidate_family	sku	MAT-000037	MT-391AA30ACD1C	吊装索具|牵引捆绑绳链|尼龙绳	牵引捆绑绳链(候选)	high
human_confirmation_required	sku	MAT-000037	MT-391AA30ACD1C	吊装索具|牵引捆绑绳链|尼龙绳	高风险分类:吊装索具	medium
human_confirmation_required	sku	MAT-000042	MT-18A615A4E699	吊装索具|吊带/吊装带|吊装带	高风险分类:吊装索具；安全/压力/化学相关物料	medium
missing_required_specs	sku	MAT-000043	MT-EB764F2474EE	管材管件阀门|管道辅材|生料带	material	high
missing_required_specs	sku	MAT-000044	MT-FC585B40FE27	包装覆盖周转|包装袋/吨袋|吨袋	结构	high
human_confirmation_required	sku	MAT-000046	MT-37D1093701B7	吊装索具|葫芦/起重工具|卷扬机	高风险分类:吊装索具	medium
missing_required_specs	sku	MAT-000047	MT-B785C118DEA9	吊装索具|卸扣/卡环|卸扣	specification,width	high
human_confirmation_required	sku	MAT-000047	MT-B785C118DEA9	吊装索具|卸扣/卡环|卸扣	高风险分类:吊装索具	medium
missing_required_specs	sku	MAT-000048	MT-B785C118DEA9	吊装索具|卸扣/卡环|卸扣	specification,width	high
human_confirmation_required	sku	MAT-000048	MT-B785C118DEA9	吊装索具|卸扣/卡环|卸扣	高风险分类:吊装索具	medium
missing_required_specs	sku	MAT-000050	MT-E3BD97B7E30D	包装覆盖周转|包装袋/吨袋|编织袋	specification	high
missing_required_specs	sku	MAT-000053	MT-E3BD97B7E30D	包装覆盖周转|包装袋/吨袋|编织袋	specification	high
missing_required_specs	sku	MAT-000056	MT-4A011706C3C0	清洁办公后勤|生活后勤|空调	strength_grade,功能,能效等级	high
human_confirmation_required	sku	MAT-000067	MT-18A615A4E699	吊装索具|吊带/吊装带|吊装带	高风险分类:吊装索具；安全/压力/化学相关物料	medium
candidate_family	sku	MAT-000068	MT-198F479D8DE2	建筑材料|建筑附属件|雨棚	建筑附属件(候选新增)	high
missing_required_specs	sku	MAT-000070	MT-B785C118DEA9	吊装索具|卸扣/卡环|卸扣	width,载荷	high
human_confirmation_required	sku	MAT-000070	MT-B785C118DEA9	吊装索具|卸扣/卡环|卸扣	高风险分类:吊装索具	medium
human_confirmation_required	sku	MAT-000072	MT-5F935590A21F	吊装索具|吊钩/吊具|鸭嘴吊具	高风险分类:吊装索具	medium
missing_required_specs	sku	MAT-000076	MT-E328EF9676E7	吊装索具|卸扣/卡环|弓形卸扣	strength_grade	high
human_confirmation_required	sku	MAT-000076	MT-E328EF9676E7	吊装索具|卸扣/卡环|弓形卸扣	高风险分类:吊装索具	medium
missing_required_specs	sku	MAT-000078	MT-E328EF9676E7	吊装索具|卸扣/卡环|弓形卸扣	strength_grade	high
human_confirmation_required	sku	MAT-000078	MT-E328EF9676E7	吊装索具|卸扣/卡环|弓形卸扣	高风险分类:吊装索具	medium
human_confirmation_required	sku	MAT-000079	MT-BE30A4E500C6	吊装索具|卸扣/卡环|U型卸扣	高风险分类:吊装索具	medium
human_confirmation_required	sku	MAT-000081	MT-D87BA9382BAC	化工胶粘涂料|化工原料|明矾	高风险分类:化工胶粘涂料	medium
candidate_family	sku	MAT-000082	MT-391AA30ACD1C	吊装索具|牵引捆绑绳链|尼龙绳	牵引捆绑绳链(候选)	high
human_confirmation_required	sku	MAT-000082	MT-391AA30ACD1C	吊装索具|牵引捆绑绳链|尼龙绳	高风险分类:吊装索具	medium
human_confirmation_required	sku	MAT-000083	MT-F2E142341F11	液压气动|液压气动阀|气源处理双联件	高风险分类:液压气动	medium
missing_required_specs	sku	MAT-000087	MT-B785C118DEA9	吊装索具|卸扣/卡环|卸扣	specification,width	high
human_confirmation_required	sku	MAT-000087	MT-B785C118DEA9	吊装索具|卸扣/卡环|卸扣	高风险分类:吊装索具	medium
missing_required_specs	sku	MAT-000088	MT-25A290CB280E	金属材料|钢筋/线材|扎丝	length,color	high
human_confirmation_required	sku	MAT-000089	MT-B785C118DEA9	吊装索具|卸扣/卡环|卸扣	高风险分类:吊装索具	medium
human_confirmation_required	sku	MAT-000090	MT-E8263B54070B	吊装索具|葫芦/起重工具|手扳葫芦	高风险分类:吊装索具	medium
missing_required_specs	sku	MAT-000092	MT-88BBC19A8F0B	包装覆盖周转|容器周转箱|收纳箱	specification,capacity,带盖,颜色/透明度	high
human_confirmation_required	sku	MAT-000094	MT-18A615A4E699	吊装索具|吊带/吊装带|吊装带	高风险分类:吊装索具；安全/压力/化学相关物料	medium
missing_required_specs	sku	MAT-000096	MT-B785C118DEA9	吊装索具|卸扣/卡环|卸扣	specification,width	high
human_confirmation_required	sku	MAT-000096	MT-B785C118DEA9	吊装索具|卸扣/卡环|卸扣	高风险分类:吊装索具	medium
human_confirmation_required	sku	MAT-000097	MT-BE30A4E500C6	吊装索具|卸扣/卡环|U型卸扣	高风险分类:吊装索具	medium
missing_required_specs	sku	MAT-000100	MT-CFD55F1A6903	工具量具|检测仪器|压力表	安装方向,特性,结构,量程	high
candidate_family	sku	MAT-000100	MT-CFD55F1A6903	工具量具|检测仪器|压力表	检测仪器(候选新增)	high
human_confirmation_required	sku	MAT-000100	MT-CFD55F1A6903	工具量具|检测仪器|压力表	安全/压力/化学相关物料	medium
missing_required_specs	sku	MAT-000101	MT-B548A4F432D3	清洁办公后勤|生活后勤|桶装水抽水器	brand,配置	high
human_confirmation_required	sku	MAT-000104	MT-18A615A4E699	吊装索具|吊带/吊装带|吊装带	高风险分类:吊装索具；安全/压力/化学相关物料	medium
human_confirmation_required	sku	MAT-000105	MT-E8263B54070B	吊装索具|葫芦/起重工具|手扳葫芦	高风险分类:吊装索具	medium
missing_required_specs	sku	MAT-000107	MT-88BBC19A8F0B	包装覆盖周转|容器周转箱|收纳箱	size,带盖,颜色/透明度	high
candidate_family	sku	MAT-000109	MT-BC84AAF3BD6A	建筑材料|门窗构件|窗户	门窗构件(候选新增)	high
missing_required_specs	sku	MAT-000112	MT-198F479D8DE2	建筑材料|建筑附属件|雨棚	特征	high
candidate_family	sku	MAT-000112	MT-198F479D8DE2	建筑材料|建筑附属件|雨棚	建筑附属件(候选新增)	high
human_confirmation_required	sku	MAT-000113	MT-4AFF6ECC250F	吊装索具|葫芦/起重工具|手拉葫芦	高风险分类:吊装索具	medium
human_confirmation_required	sku	MAT-000114	MT-4AFF6ECC250F	吊装索具|葫芦/起重工具|手拉葫芦	高风险分类:吊装索具	medium
missing_required_specs	sku	MAT-000117	MT-B785C118DEA9	吊装索具|卸扣/卡环|卸扣	specification,width	high
human_confirmation_required	sku	MAT-000117	MT-B785C118DEA9	吊装索具|卸扣/卡环|卸扣	高风险分类:吊装索具	medium
missing_required_specs	sku	MAT-000118	MT-B785C118DEA9	吊装索具|卸扣/卡环|卸扣	specification,width	high
human_confirmation_required	sku	MAT-000118	MT-B785C118DEA9	吊装索具|卸扣/卡环|卸扣	高风险分类:吊装索具	medium
missing_required_specs	sku	MAT-000119	MT-B785C118DEA9	吊装索具|卸扣/卡环|卸扣	specification,width	high
human_confirmation_required	sku	MAT-000119	MT-B785C118DEA9	吊装索具|卸扣/卡环|卸扣	高风险分类:吊装索具	medium
human_confirmation_required	sku	MAT-000121	MT-BE30A4E500C6	吊装索具|卸扣/卡环|U型卸扣	高风险分类:吊装索具	medium
human_confirmation_required	sku	MAT-000122	MT-C5BA1D47A922	吊装索具|卸扣/卡环|蝴蝶扣	高风险分类:吊装索具	medium
missing_required_specs	sku	MAT-000124	MT-37574FD6E164	建筑材料|防水保温材料|聚氨酯防水材料	specification	high
missing_required_specs	sku	MAT-000125	MT-37574FD6E164	建筑材料|防水保温材料|聚氨酯防水材料	specification	high
human_confirmation_required	sku	MAT-000129	MT-2D5DE27C613E	化工胶粘涂料|水处理剂|PAC污水处理剂	高风险分类:化工胶粘涂料	medium
missing_required_specs	sku	MAT-000133	MT-4AFF6ECC250F	吊装索具|葫芦/起重工具|手拉葫芦	brand	high
human_confirmation_required	sku	MAT-000133	MT-4AFF6ECC250F	吊装索具|葫芦/起重工具|手拉葫芦	高风险分类:吊装索具	medium
candidate_family	sku	MAT-000135	MT-391AA30ACD1C	吊装索具|牵引捆绑绳链|尼龙绳	牵引捆绑绳链(候选)	high
human_confirmation_required	sku	MAT-000135	MT-391AA30ACD1C	吊装索具|牵引捆绑绳链|尼龙绳	高风险分类:吊装索具	medium
missing_required_specs	sku	MAT-000136	MT-3F18DA60CBA2	化工胶粘涂料|胶粘密封|聚氨酯堵漏剂	specification,类型	high
human_confirmation_required	sku	MAT-000136	MT-3F18DA60CBA2	化工胶粘涂料|胶粘密封|聚氨酯堵漏剂	高风险分类:化工胶粘涂料	medium
missing_required_specs	sku	MAT-000137	MT-3F18DA60CBA2	化工胶粘涂料|胶粘密封|聚氨酯堵漏剂	specification,类型	high
human_confirmation_required	sku	MAT-000137	MT-3F18DA60CBA2	化工胶粘涂料|胶粘密封|聚氨酯堵漏剂	高风险分类:化工胶粘涂料	medium
missing_required_specs	sku	MAT-000141	MT-CFD55F1A6903	工具量具|检测仪器|压力表	介质,压力特性,安装方向,特性,结构	high
candidate_family	sku	MAT-000141	MT-CFD55F1A6903	工具量具|检测仪器|压力表	检测仪器(候选新增)	high
human_confirmation_required	sku	MAT-000141	MT-CFD55F1A6903	工具量具|检测仪器|压力表	安全/压力/化学相关物料	medium
human_confirmation_required	sku	MAT-000142	MT-51FC9F4B5E9E	吊装索具|吊装袋/吊包|吊装袋	高风险分类:吊装索具	medium
human_confirmation_required	sku	MAT-000146	MT-B607ADE36D90	化工胶粘涂料|化工原料|膨润土	高风险分类:化工胶粘涂料	medium
human_confirmation_required	sku	MAT-000149	MT-2EF49FA3AE70	化工胶粘涂料|润滑油|液压油	高风险分类:化工胶粘涂料	medium
human_confirmation_required	sku	MAT-000152	MT-05317CF57CA0	化工胶粘涂料|清洗脱漆剂|丙酮	高风险分类:化工胶粘涂料	medium
missing_required_specs	sku	MAT-000156	MT-4A011706C3C0	清洁办公后勤|生活后勤|空调	strength_grade,类型,能效等级	high
missing_required_specs	sku	MAT-000157	MT-88BBC19A8F0B	包装覆盖周转|容器周转箱|收纳箱	specification,capacity,颜色/透明度	high
missing_required_specs	sku	MAT-000158	MT-6440E1A47D19	包装覆盖周转|容器周转箱|水桶	specification	high
missing_required_specs	sku	MAT-000160	MT-F0BC3C2E9813	弱电安防|监控安防|监控摄像头	分辨率,功能	high
human_confirmation_required	sku	MAT-000162	MT-56D8CC58ABAE	化工胶粘涂料|防潮材料|防潮剂	高风险分类:化工胶粘涂料	medium
missing_required_specs	sku	MAT-000164	MT-58EBDA8B96DC	弱电安防|网络通信|交换机	光口,电口	high
missing_required_specs	sku	MAT-000172	MT-8461F4A2048C	包装覆盖周转|覆盖材料|彩条布	color	high
missing_required_specs	sku	MAT-000173	MT-7B31CD5FF3F7	包装覆盖周转|覆盖材料|油布	特征	high
missing_required_specs	sku	MAT-000180	MT-51FC9F4B5E9E	吊装索具|吊装袋/吊包|吊装袋	size	high
human_confirmation_required	sku	MAT-000180	MT-51FC9F4B5E9E	吊装索具|吊装袋/吊包|吊装袋	高风险分类:吊装索具	medium
missing_required_specs	sku	MAT-000186	MT-727A37C33582	管材管件阀门|水龙头/洁具配件|洗脸盆	specification,length,特征	high
missing_required_specs	sku	MAT-000188	MT-7B31CD5FF3F7	包装覆盖周转|覆盖材料|油布	特征	high
candidate_family	sku	MAT-000190	MT-C689262BE5FD	施工机具设备|支垫件/垫块|吊车垫块	支垫件/垫块(候选)	high
missing_required_specs	sku	MAT-000193	MT-B785C118DEA9	吊装索具|卸扣/卡环|卸扣	specification,width	high
human_confirmation_required	sku	MAT-000193	MT-B785C118DEA9	吊装索具|卸扣/卡环|卸扣	高风险分类:吊装索具	medium
missing_required_specs	sku	MAT-000198	MT-B785C118DEA9	吊装索具|卸扣/卡环|卸扣	specification,width	high
human_confirmation_required	sku	MAT-000198	MT-B785C118DEA9	吊装索具|卸扣/卡环|卸扣	高风险分类:吊装索具	medium
missing_required_specs	sku	MAT-000199	MT-B785C118DEA9	吊装索具|卸扣/卡环|卸扣	specification,width	high
human_confirmation_required	sku	MAT-000199	MT-B785C118DEA9	吊装索具|卸扣/卡环|卸扣	高风险分类:吊装索具	medium
missing_required_specs	sku	MAT-000202	MT-43A0E2C77E2A	清洁办公后勤|门窗五金|插销	功能	high
missing_required_specs	sku	MAT-000203	MT-4A011706C3C0	清洁办公后勤|生活后勤|空调	功能,类型	high
missing_required_specs	sku	MAT-000205	MT-58EBDA8B96DC	弱电安防|网络通信|交换机	brand,端口	high
missing_required_specs	sku	MAT-000206	MT-F0BC3C2E9813	弱电安防|监控安防|监控摄像头	供电,存储,清晰度,通信	high
missing_required_specs	sku	MAT-000207	MT-90343DF1701A	吊装索具|吊钩/吊具|吊钩保险扣	特征,适配钩型	high
human_confirmation_required	sku	MAT-000207	MT-90343DF1701A	吊装索具|吊钩/吊具|吊钩保险扣	高风险分类:吊装索具	medium
missing_required_specs	sku	MAT-000208	MT-90343DF1701A	吊装索具|吊钩/吊具|吊钩保险扣	特征,适配钩型	high
human_confirmation_required	sku	MAT-000208	MT-90343DF1701A	吊装索具|吊钩/吊具|吊钩保险扣	高风险分类:吊装索具	medium
missing_required_specs	sku	MAT-000209	MT-7177D408AB9B	建筑材料|装饰装修材料|墙纸	specification	high
missing_required_specs	sku	MAT-000211	MT-6E394DAA8A43	吊装索具|牵引捆绑绳链|链条	specification,material,节距,链径	high
candidate_family	sku	MAT-000211	MT-6E394DAA8A43	吊装索具|牵引捆绑绳链|链条	牵引捆绑绳链(候选)	high
human_confirmation_required	sku	MAT-000211	MT-6E394DAA8A43	吊装索具|牵引捆绑绳链|链条	高风险分类:吊装索具	medium
human_confirmation_required	sku	MAT-000212	MT-66D8EB9BB089	吊装索具|卸扣/卡环|子母环	高风险分类:吊装索具	medium
human_confirmation_required	sku	MAT-000213	MT-E328EF9676E7	吊装索具|卸扣/卡环|弓形卸扣	高风险分类:吊装索具	medium
missing_required_specs	sku	MAT-000219	MT-A262F72D1A40	弱电安防|对讲通信|对讲机	特征	high
missing_required_specs	sku	MAT-000225	MT-CFD55F1A6903	工具量具|检测仪器|压力表	介质,压力特性,特性,结构,量程	high
candidate_family	sku	MAT-000225	MT-CFD55F1A6903	工具量具|检测仪器|压力表	检测仪器(候选新增)	high
human_confirmation_required	sku	MAT-000225	MT-CFD55F1A6903	工具量具|检测仪器|压力表	安全/压力/化学相关物料	medium
missing_required_specs	sku	MAT-000227	MT-E3BD97B7E30D	包装覆盖周转|包装袋/吨袋|编织袋	specification	high
human_confirmation_required	sku	MAT-000231	MT-18A615A4E699	吊装索具|吊带/吊装带|吊装带	高风险分类:吊装索具；安全/压力/化学相关物料	medium
missing_required_specs	sku	MAT-000239	MT-6C5586BED47E	施工机具设备|小型施工设备|混凝土振动棒	specification	high
human_confirmation_required	sku	MAT-000241	MT-18A615A4E699	吊装索具|吊带/吊装带|吊装带	高风险分类:吊装索具；安全/压力/化学相关物料	medium
missing_required_specs	sku	MAT-000242	MT-CFD55F1A6903	工具量具|检测仪器|压力表	介质,压力特性,安装方向,接口螺纹,量程	high
candidate_family	sku	MAT-000242	MT-CFD55F1A6903	工具量具|检测仪器|压力表	检测仪器(候选新增)	high
human_confirmation_required	sku	MAT-000242	MT-CFD55F1A6903	工具量具|检测仪器|压力表	安全/压力/化学相关物料	medium
missing_required_specs	sku	MAT-000243	MT-6C5586BED47E	施工机具设备|小型施工设备|混凝土振动棒	model	high
missing_required_specs	sku	MAT-000244	MT-ABA6144D7393	吊装索具|花篮螺丝/紧线器|花篮螺丝	length	high
candidate_family	sku	MAT-000244	MT-ABA6144D7393	吊装索具|花篮螺丝/紧线器|花篮螺丝	花篮螺丝/紧线器(候选)	high
human_confirmation_required	sku	MAT-000244	MT-ABA6144D7393	吊装索具|花篮螺丝/紧线器|花篮螺丝	高风险分类:吊装索具	medium
human_confirmation_required	sku	MAT-000249	MT-FD3815CE263C	吊装索具|吊钩/吊具|起重滑轮钩	高风险分类:吊装索具	medium
missing_required_specs	sku	MAT-000250	MT-88BBC19A8F0B	包装覆盖周转|容器周转箱|收纳箱	size,带盖	high
missing_required_specs	sku	MAT-CEM-000001	MT-6E2D4AD6E248	建筑材料|水泥砂石|石子	package_specification	high
missing_required_specs	sku	MAT-CEM-000002	MT-F0F00C9E538F	建筑材料|水泥砂石|沙子	砂类型	high
missing_required_specs	sku	MAT-CEM-000004-V1	MT-0383325007EE	建筑材料|水泥砂石|普通硅酸盐水泥	brand	high
missing_required_specs	sku	MAT-CEM-000005	MT-F0F00C9E538F	建筑材料|水泥砂石|沙子	package_specification	high
missing_required_specs	sku	MAT-CEM-000008	MT-A1BB456B56EC	建筑材料|水泥砂石|水泥	水泥类型	high
missing_required_specs	sku	MAT-CEM-000013	MT-F0F00C9E538F	建筑材料|水泥砂石|沙子	package_specification	high
missing_required_specs	sku	MAT-CEM-000018	MT-A1BB456B56EC	建筑材料|水泥砂石|水泥	specification,包装重量,水泥类型	high
missing_required_specs	sku	METAL-000001-V1	MT-1B368FF30EFD	清洁办公后勤|门窗五金|合页	specification,process,特征	high
missing_required_specs	sku	METAL-000002	MT-727A37C33582	管材管件阀门|水龙头/洁具配件|洗脸盆	size,安装方式	high
missing_required_specs	sku	METAL-000004	MT-727A37C33582	管材管件阀门|水龙头/洁具配件|洗脸盆	length,安装方式	high
missing_required_specs	sku	METAL-000007	MT-FC104BB76F70	金属材料|型钢|角钢	surface_treatment	high
missing_required_specs	sku	METAL-000008	MT-1B368FF30EFD	清洁办公后勤|门窗五金|合页	specification,process,特征	high
missing_required_specs	sku	METAL-000009	MT-1B368FF30EFD	清洁办公后勤|门窗五金|合页	specification,process,特征	high
missing_required_specs	sku	METAL-000010	MT-0F699FC9E46B	金属材料|型钢|槽钢	特征	high
missing_required_specs	sku	METAL-000011	MT-0F699FC9E46B	金属材料|型钢|槽钢	特征	high
missing_required_specs	sku	METAL-000012	MT-BB52294E38A3	管材管件阀门|阀门|球阀	connection_type,pressure,工况,接口,结构	high
missing_required_specs	sku	METAL-000013	MT-BB52294E38A3	管材管件阀门|阀门|球阀	connection_type,pressure,工况,接口,结构	high
human_confirmation_required	sku	METAL-000017	MT-760AFC666E0B	液压气动|液压接头|卡扣接头	高风险分类:液压气动	medium
human_confirmation_required	sku	METAL-000018	MT-760AFC666E0B	液压气动|液压接头|卡扣接头	高风险分类:液压气动	medium
missing_required_specs	sku	METAL-000019	MT-A515E854F412	液压气动|液压接头|接头	nominal_diameter,brand,model,压力等级,接口,类型,系列,螺纹,连接类型	high
human_confirmation_required	sku	METAL-000019	MT-A515E854F412	液压气动|液压接头|接头	高风险分类:液压气动	medium
human_confirmation_required	sku	METAL-000020	MT-75BF1F1DB36E	液压气动|液压接头|卡套接头	高风险分类:液压气动	medium
human_confirmation_required	sku	METAL-000021	MT-75BF1F1DB36E	液压气动|液压接头|卡套接头	高风险分类:液压气动	medium
missing_required_specs	sku	METAL-000023	MT-28FC8E477553	吊装索具|钢丝绳|钢丝绳	length,surface_treatment,加工	high
human_confirmation_required	sku	METAL-000023	MT-28FC8E477553	吊装索具|钢丝绳|钢丝绳	高风险分类:吊装索具	medium
human_confirmation_required	sku	METAL-000024	MT-11A648D06417	吊装索具|钢丝绳|钢丝绳卡扣	高风险分类:吊装索具	medium
missing_required_specs	sku	METAL-000027	MT-83A9AA352D5D	金属材料|型钢|方钢	surface_treatment	high
missing_required_specs	sku	METAL-000031	MT-0F699FC9E46B	金属材料|型钢|槽钢	特征	high
missing_required_specs	sku	METAL-000032	MT-0F699FC9E46B	金属材料|型钢|槽钢	特征	high
missing_required_specs	sku	METAL-000033	MT-83A9AA352D5D	金属材料|型钢|方钢	surface_treatment	high
missing_required_specs	sku	METAL-000035	MT-83A9AA352D5D	金属材料|型钢|方钢	surface_treatment	high
missing_required_specs	sku	METAL-000036	MT-28FC8E477553	吊装索具|钢丝绳|钢丝绳	length,surface_treatment,加工	high
human_confirmation_required	sku	METAL-000036	MT-28FC8E477553	吊装索具|钢丝绳|钢丝绳	高风险分类:吊装索具	medium
human_confirmation_required	sku	METAL-000037	MT-11A648D06417	吊装索具|钢丝绳|钢丝绳卡扣	高风险分类:吊装索具	medium
missing_required_specs	sku	METAL-000038	MT-65996994E427	定制加工件|定制结构件|钢筋加工件	钢筋类型	high
missing_required_specs	sku	METAL-000039	MT-65996994E427	定制加工件|定制结构件|钢筋加工件	钢筋类型	high
missing_required_specs	sku	METAL-000040	MT-65996994E427	定制加工件|定制结构件|钢筋加工件	钢筋类型	high
human_confirmation_required	sku	METAL-000042	MT-F13E02350A46	吊装索具|钢丝绳|钢丝绳铝扣	高风险分类:吊装索具	medium
missing_required_specs	sku	METAL-000043	MT-FC104BB76F70	金属材料|型钢|角钢	surface_treatment	high
missing_required_specs	sku	METAL-000045	MT-BB52294E38A3	管材管件阀门|阀门|球阀	connection_type,pressure,工况,接口,结构	high
missing_required_specs	sku	METAL-000049	MT-28FC8E477553	吊装索具|钢丝绳|钢丝绳	length,surface_treatment,加工	high
human_confirmation_required	sku	METAL-000049	MT-28FC8E477553	吊装索具|钢丝绳|钢丝绳	高风险分类:吊装索具	medium
missing_required_specs	sku	METAL-000050	MT-54A5841B0214	管材管件阀门|水龙头/洁具配件|水龙头	安装孔数,形态,控制方式,类型	high
missing_required_specs	sku	METAL-000051	MT-BB52294E38A3	管材管件阀门|阀门|球阀	connection_type,pressure,工况,接口,结构	high
missing_required_specs	sku	METAL-000053	MT-1B368FF30EFD	清洁办公后勤|门窗五金|合页	process,特征	high
missing_required_specs	sku	METAL-000054	MT-BB52294E38A3	管材管件阀门|阀门|球阀	connection_type,pressure,工况,接口,结构	high
missing_required_specs	sku	METAL-000055	MT-8EE78708B115	紧固件与连接件|管卡/抱箍|骑马卡	thickness	high
missing_required_specs	sku	METAL-000060	MT-0F699FC9E46B	金属材料|型钢|槽钢	特征	high
missing_required_specs	sku	METAL-000066	MT-BB52294E38A3	管材管件阀门|阀门|球阀	connection_type,pressure,工况,接口,特征,结构	high
missing_required_specs	sku	METAL-000068	MT-BB52294E38A3	管材管件阀门|阀门|球阀	connection_type,pressure,工况,接口,特征,结构	high
missing_required_specs	sku	METAL-000073	MT-DE727D19AAD0	紧固件与连接件|管卡/抱箍|抱箍	特征	high
missing_required_specs	sku	METAL-000074	MT-FC104BB76F70	金属材料|型钢|角钢	surface_treatment	high
human_confirmation_required	sku	METAL-000076	MT-55BE0FC67B15	吊装索具|吊钩/吊具|钢板起重钳	高风险分类:吊装索具	medium
human_confirmation_required	sku	METAL-000077	MT-55BE0FC67B15	吊装索具|吊钩/吊具|钢板起重钳	高风险分类:吊装索具	medium
missing_required_specs	sku	METAL-000079	MT-C2AD295AD40D	定制加工件|定制板牌件|板件	加工	high
missing_required_specs	sku	METAL-000088	MT-1B368FF30EFD	清洁办公后勤|门窗五金|合页	specification,特征	high
missing_required_specs	sku	METAL-000091	MT-28FC8E477553	吊装索具|钢丝绳|钢丝绳	length,surface_treatment,加工	high
human_confirmation_required	sku	METAL-000091	MT-28FC8E477553	吊装索具|钢丝绳|钢丝绳	高风险分类:吊装索具	medium
missing_required_specs	sku	METAL-000093	MT-28FC8E477553	吊装索具|钢丝绳|钢丝绳	surface_treatment,加工	high
human_confirmation_required	sku	METAL-000093	MT-28FC8E477553	吊装索具|钢丝绳|钢丝绳	高风险分类:吊装索具	medium
missing_required_specs	sku	METAL-000094	MT-1B368FF30EFD	清洁办公后勤|门窗五金|合页	specification,process,特征	high
missing_required_specs	sku	METAL-000095	MT-28FC8E477553	吊装索具|钢丝绳|钢丝绳	surface_treatment,加工	high
human_confirmation_required	sku	METAL-000095	MT-28FC8E477553	吊装索具|钢丝绳|钢丝绳	高风险分类:吊装索具	medium
missing_required_specs	sku	METAL-000096	MT-A8E7DBB020B0	化工胶粘涂料|润滑脂|钢丝绳润滑脂	capacity,brand	high
human_confirmation_required	sku	METAL-000096	MT-A8E7DBB020B0	化工胶粘涂料|润滑脂|钢丝绳润滑脂	高风险分类:化工胶粘涂料	medium
missing_required_specs	sku	METAL-000098	MT-25A290CB280E	金属材料|钢筋/线材|扎丝	specification,length,diameter,color	high
missing_required_specs	sku	METAL-000099	MT-35D85B4C0B9E	设备备件|泵类配件|高压清洗枪头	异径,接口,特征	high
missing_required_specs	sku	METAL-000100	MT-E25A0D251603	管材管件阀门|三通|三通	壁厚,接口,用途/系统,连接	high
missing_required_specs	sku	METAL-000101	MT-28FC8E477553	吊装索具|钢丝绳|钢丝绳	material,surface_treatment	high
human_confirmation_required	sku	METAL-000101	MT-28FC8E477553	吊装索具|钢丝绳|钢丝绳	高风险分类:吊装索具	medium
missing_required_specs	sku	METAL-000102	MT-28FC8E477553	吊装索具|钢丝绳|钢丝绳	material,surface_treatment	high
human_confirmation_required	sku	METAL-000102	MT-28FC8E477553	吊装索具|钢丝绳|钢丝绳	高风险分类:吊装索具	medium
missing_required_specs	sku	METAL-000103	MT-A8E7DBB020B0	化工胶粘涂料|润滑脂|钢丝绳润滑脂	package_specification	high
human_confirmation_required	sku	METAL-000103	MT-A8E7DBB020B0	化工胶粘涂料|润滑脂|钢丝绳润滑脂	高风险分类:化工胶粘涂料	medium
missing_required_specs	sku	METAL-000110	MT-0F699FC9E46B	金属材料|型钢|槽钢	特征	high
missing_required_specs	sku	METAL-000118	MT-35D85B4C0B9E	设备备件|泵类配件|高压清洗枪头	nominal_diameter,接口,特征	high
missing_required_specs	sku	METAL-000120	MT-C3E9520C6BD9	定制加工件|定制板牌件|标识字牌	字符范围	high
missing_required_specs	sku	METAL-000122	MT-0F699FC9E46B	金属材料|型钢|槽钢	特征	high
missing_required_specs	sku	METAL-000123	MT-0F699FC9E46B	金属材料|型钢|槽钢	特征	high
missing_required_specs	sku	METAL-000124	MT-0F699FC9E46B	金属材料|型钢|槽钢	特征	high
missing_required_specs	sku	METAL-000130	MT-6E394DAA8A43	吊装索具|牵引捆绑绳链|链条	适配链条直径,额定载荷	high
candidate_family	sku	METAL-000130	MT-6E394DAA8A43	吊装索具|牵引捆绑绳链|链条	牵引捆绑绳链(候选)	high
human_confirmation_required	sku	METAL-000130	MT-6E394DAA8A43	吊装索具|牵引捆绑绳链|链条	高风险分类:吊装索具	medium
human_confirmation_required	sku	METAL-000131	MT-D36F13694ADA	吊装索具|钢丝绳|环形钢丝绳	高风险分类:吊装索具	medium
missing_required_specs	sku	METAL-000134	MT-65EDECEFA943	管材管件阀门|直接/接头|直接/直通	length,结构	high
missing_required_specs	sku	METAL-000135	MT-B73845831771	管材管件阀门|直接/接头|异径接头/大小头	连接	high
missing_required_specs	sku	METAL-000136	MT-65EDECEFA943	管材管件阀门|直接/接头|直接/直通	length,结构	high
human_confirmation_required	sku	METAL-000140	MT-9FCF6DC7F4D1	液压气动|气动接头|自锁接头套装	高风险分类:液压气动	medium
human_confirmation_required	sku	METAL-000141	MT-D96B5AFB65DE	液压气动|气动接头|快接公头	高风险分类:液压气动	medium
human_confirmation_required	sku	METAL-000142	MT-D96B5AFB65DE	液压气动|气动接头|快接公头	高风险分类:液压气动	medium
human_confirmation_required	sku	METAL-000143	MT-D96B5AFB65DE	液压气动|气动接头|快接公头	高风险分类:液压气动	medium
human_confirmation_required	sku	METAL-000144	MT-0371CC9C6E39	液压气动|气动接头|直接接头	高风险分类:液压气动	medium
missing_required_specs	sku	METAL-000145	MT-BB52294E38A3	管材管件阀门|阀门|球阀	connection_type,pressure,brand,工况,特征,结构	high
missing_required_specs	sku	METAL-000146	MT-BB52294E38A3	管材管件阀门|阀门|球阀	connection_type,pressure,brand,工况,特征,结构	high
missing_required_specs	sku	METAL-000147	MT-BB52294E38A3	管材管件阀门|阀门|球阀	connection_type,pressure,brand,工况,特征,结构	high
missing_required_specs	sku	METAL-000148	MT-BB52294E38A3	管材管件阀门|阀门|球阀	connection_type,pressure,brand,工况,特征,结构	high
missing_required_specs	sku	METAL-000149	MT-BB52294E38A3	管材管件阀门|阀门|球阀	connection_type,pressure,brand,工况,特征,结构	high
human_confirmation_required	sku	METAL-000150	MT-8AD491B2B815	液压气动|气动接头|直通快插接头	高风险分类:液压气动	medium
human_confirmation_required	sku	METAL-000151	MT-8AD491B2B815	液压气动|气动接头|直通快插接头	高风险分类:液压气动	medium
human_confirmation_required	sku	METAL-000152	MT-8AD491B2B815	液压气动|气动接头|直通快插接头	高风险分类:液压气动	medium
missing_required_specs	sku	METAL-000153	MT-89801A347A89	管材管件阀门|阀门|止回阀	connection_type,brand	high
missing_required_specs	sku	METAL-000154	MT-80739C15B01A	紧固件与连接件|螺母|螺母	strength_grade,surface_treatment	high
missing_required_specs	sku	METAL-000155	MT-B73845831771	管材管件阀门|直接/接头|异径接头/大小头	连接	high
missing_required_specs	sku	METAL-000156	MT-B73845831771	管材管件阀门|直接/接头|异径接头/大小头	连接	high
missing_required_specs	sku	METAL-000157	MT-B73845831771	管材管件阀门|直接/接头|异径接头/大小头	连接	high
candidate_family	sku	METAL-000159	MT-750B0208C8BE	施工机具设备|水箱容器|保温水箱	水箱容器(候选)	high
missing_required_specs	sku	METAL-000160	MT-BB52294E38A3	管材管件阀门|阀门|球阀	pressure,brand,工况,接口,特征,结构	high
missing_required_specs	sku	METAL-000161	MT-BB52294E38A3	管材管件阀门|阀门|球阀	connection_type,pressure,brand,工况,接口,特征,结构	high
missing_required_specs	sku	METAL-000164	MT-28FC8E477553	吊装索具|钢丝绳|钢丝绳	length,material,加工	high
human_confirmation_required	sku	METAL-000164	MT-28FC8E477553	吊装索具|钢丝绳|钢丝绳	高风险分类:吊装索具	medium
missing_required_specs	sku	METAL-000167	MT-28FC8E477553	吊装索具|钢丝绳|钢丝绳	surface_treatment,加工	high
human_confirmation_required	sku	METAL-000167	MT-28FC8E477553	吊装索具|钢丝绳|钢丝绳	高风险分类:吊装索具	medium
missing_required_specs	sku	METAL-000168	MT-0F699FC9E46B	金属材料|型钢|槽钢	特征	high
missing_required_specs	sku	PIPE-000001	MT-A0C2DB7D99C4	管材管件阀门|管材|直管	特征	high
missing_required_specs	sku	PIPE-000002	MT-65EDECEFA943	管材管件阀门|直接/接头|直接/直通	length,接口,结构	high
missing_required_specs	sku	PIPE-000003	MT-2E601099ECB7	管材管件阀门|弯头|弯头	nominal_diameter,surface_treatment,壁厚,接口,特征,角度,连接	high
missing_required_specs	sku	PIPE-000007	MT-E25A0D251603	管材管件阀门|三通|三通	壁厚,接口,用途/系统,连接	high
missing_required_specs	sku	PIPE-000008	MT-E25A0D251603	管材管件阀门|三通|三通	壁厚,用途/系统,连接	high
missing_required_specs	sku	PIPE-000009	MT-65EDECEFA943	管材管件阀门|直接/接头|直接/直通	length,结构	high
missing_required_specs	sku	PIPE-000010	MT-2E601099ECB7	管材管件阀门|弯头|弯头	nominal_diameter,surface_treatment,壁厚,特征,角度,连接	high
missing_required_specs	sku	PIPE-000011	MT-B12FD5DBC7DB	管材管件阀门|直接/接头|堵头/管帽	specification,定制	high
missing_required_specs	sku	PIPE-000012	MT-B12FD5DBC7DB	管材管件阀门|直接/接头|堵头/管帽	specification,定制	high
missing_required_specs	sku	PIPE-000016	MT-B73845831771	管材管件阀门|直接/接头|异径接头/大小头	接口,连接	high
missing_required_specs	sku	PIPE-000019	MT-E25A0D251603	管材管件阀门|三通|三通	壁厚,接口,连接	high
missing_required_specs	sku	PIPE-000020	MT-4D547419A73C	管材管件阀门|直接/接头|补心	surface_treatment	high
missing_required_specs	sku	PIPE-000021	MT-2E601099ECB7	管材管件阀门|弯头|弯头	nominal_diameter,surface_treatment,壁厚,接口,特征,角度,连接	high
missing_required_specs	sku	PIPE-000022	MT-E25A0D251603	管材管件阀门|三通|三通	壁厚,接口,连接	high
missing_required_specs	sku	PIPE-000023	MT-2E601099ECB7	管材管件阀门|弯头|弯头	nominal_diameter,surface_treatment,壁厚,接口,特征,角度,连接	high
missing_required_specs	sku	PIPE-000025	MT-C2E807E3B35D	管材管件阀门|管材|软管	特征,结构	high
missing_required_specs	sku	PIPE-000026	MT-C2E807E3B35D	管材管件阀门|管材|软管	特征,结构	high
missing_required_specs	sku	PIPE-000027	MT-BB52294E38A3	管材管件阀门|阀门|球阀	connection_type,pressure,brand,工况,接口,特征,结构	high
missing_required_specs	sku	PIPE-000029	MT-A0C2DB7D99C4	管材管件阀门|管材|直管	特征	high
missing_required_specs	sku	PIPE-000030	MT-89801A347A89	管材管件阀门|阀门|止回阀	connection_type	high
missing_required_specs	sku	PIPE-000031	MT-65EDECEFA943	管材管件阀门|直接/接头|直接/直通	length,结构	high
missing_required_specs	sku	PIPE-000033	MT-E25A0D251603	管材管件阀门|三通|三通	壁厚,接口,用途/系统,连接	high
missing_required_specs	sku	PIPE-000034	MT-E310BC596C10	金属材料|钢管|钢管	outer_diameter,length,壁厚	high
missing_required_specs	sku	PIPE-000035	MT-95CF2660E9A2	液压气动|高压油管/胶管|高压油管	length,pressure	high
human_confirmation_required	sku	PIPE-000035	MT-95CF2660E9A2	液压气动|高压油管/胶管|高压油管	高风险分类:液压气动	medium
missing_required_specs	sku	PIPE-000036	MT-89801A347A89	管材管件阀门|阀门|止回阀	connection_type	high
missing_required_specs	sku	PIPE-000038	MT-C2E807E3B35D	管材管件阀门|管材|软管	特征,结构	high
missing_required_specs	sku	PIPE-000039	MT-BB52294E38A3	管材管件阀门|阀门|球阀	connection_type,brand,工况,接口,特征,结构	high
missing_required_specs	sku	PIPE-000040	MT-95CF2660E9A2	液压气动|高压油管/胶管|高压油管	length,pressure	high
human_confirmation_required	sku	PIPE-000040	MT-95CF2660E9A2	液压气动|高压油管/胶管|高压油管	高风险分类:液压气动	medium
missing_required_specs	sku	PIPE-000041	MT-95CF2660E9A2	液压气动|高压油管/胶管|高压油管	length,pressure	high
human_confirmation_required	sku	PIPE-000041	MT-95CF2660E9A2	液压气动|高压油管/胶管|高压油管	高风险分类:液压气动	medium
missing_required_specs	sku	PIPE-000042	MT-2E601099ECB7	管材管件阀门|弯头|弯头	nominal_diameter,surface_treatment,壁厚,接口,特征,连接	high
missing_required_specs	sku	PIPE-000043	MT-D628566F8241	管材管件阀门|阀门|蝶阀	结构,连接,驱动	high
missing_required_specs	sku	PIPE-000044	MT-D2DC5C53F5DC	管材管件阀门|阀门|安全阀	结构	high
missing_required_specs	sku	PIPE-000045	MT-4AAF5C819445	液压气动|液压接头|弯头接头	螺纹,连接	high
human_confirmation_required	sku	PIPE-000045	MT-4AAF5C819445	液压气动|液压接头|弯头接头	高风险分类:液压气动	medium
missing_required_specs	sku	PIPE-000046	MT-7F8F1F3B4EA2	定制加工件|定制管路件|接头加工件	connection_type,接口类型	high
human_confirmation_required	sku	PIPE-000050	MT-99992110D6BB	液压气动|液压接头|卡套三通	高风险分类:液压气动	medium
missing_required_specs	sku	PIPE-000051	MT-A5FC75183701	定制加工件|定制管路件|弯头加工件	nominal_diameter,特征,结构,连接,适用设备	high
missing_required_specs	sku	PIPE-000052	MT-A5FC75183701	定制加工件|定制管路件|弯头加工件	nominal_diameter,特征,结构,连接,适用设备	high
missing_required_specs	sku	PIPE-000053	MT-A5FC75183701	定制加工件|定制管路件|弯头加工件	nominal_diameter,特征,结构,连接,适用设备	high
missing_required_specs	sku	PIPE-000054	MT-A5FC75183701	定制加工件|定制管路件|弯头加工件	nominal_diameter,特征,结构,连接,适用设备	high
missing_required_specs	sku	PIPE-000055	MT-A5FC75183701	定制加工件|定制管路件|弯头加工件	nominal_diameter,特征,结构,连接,适用设备	high
missing_required_specs	sku	PIPE-000056	MT-A5FC75183701	定制加工件|定制管路件|弯头加工件	nominal_diameter,特征,结构,连接,适用设备	high
missing_required_specs	sku	PIPE-000057	MT-A5FC75183701	定制加工件|定制管路件|弯头加工件	nominal_diameter,特征,结构,连接,适用设备	high
missing_required_specs	sku	PIPE-000058	MT-A5FC75183701	定制加工件|定制管路件|弯头加工件	nominal_diameter,特征,结构,连接,适用设备	high
missing_required_specs	sku	PIPE-000061	MT-160596A9F133	金属材料|钢管|无缝钢管	length	high
missing_required_specs	sku	PIPE-000062	MT-2E601099ECB7	管材管件阀门|弯头|弯头	nominal_diameter,surface_treatment,接口,角度	high
missing_required_specs	sku	PIPE-000063	MT-DE727D19AAD0	紧固件与连接件|管卡/抱箍|抱箍	型式	high
missing_required_specs	sku	PIPE-000065	MT-2E601099ECB7	管材管件阀门|弯头|弯头	nominal_diameter,surface_treatment,接口,角度	high
missing_required_specs	sku	PIPE-000067	MT-65EDECEFA943	管材管件阀门|直接/接头|直接/直通	length,接口,结构	high
missing_required_specs	sku	PIPE-000068	MT-A0C2DB7D99C4	管材管件阀门|管材|直管	特征	high
missing_required_specs	sku	PIPE-000069	MT-E25A0D251603	管材管件阀门|三通|三通	壁厚,接口,用途/系统,连接	high
missing_required_specs	sku	PIPE-000070	MT-65EDECEFA943	管材管件阀门|直接/接头|直接/直通	length,接口,结构	high
missing_required_specs	sku	PIPE-000072	MT-F81B151B3CE0	紧固件与连接件|管卡/抱箍|管卡	型式	high
missing_required_specs	sku	PIPE-000073	MT-B73845831771	管材管件阀门|直接/接头|异径接头/大小头	接口,连接	high
missing_required_specs	sku	PIPE-000074	MT-2E601099ECB7	管材管件阀门|弯头|弯头	nominal_diameter,surface_treatment,壁厚,接口,特征,连接	high
missing_required_specs	sku	PIPE-000075	MT-2E601099ECB7	管材管件阀门|弯头|弯头	nominal_diameter,surface_treatment,壁厚,接口,特征,连接	high
missing_required_specs	sku	PIPE-000076	MT-BB52294E38A3	管材管件阀门|阀门|球阀	connection_type,pressure,brand,工况,接口,特征,结构	high
missing_required_specs	sku	PIPE-000077	MT-B12FD5DBC7DB	管材管件阀门|直接/接头|堵头/管帽	定制	high
missing_required_specs	sku	PIPE-000078	MT-8F98EEEA01A0	定制加工件|定制管路件|变径接头加工件	类型,连接	high
missing_required_specs	sku	PIPE-000079	MT-8F98EEEA01A0	定制加工件|定制管路件|变径接头加工件	类型	high
missing_required_specs	sku	PIPE-000084	MT-65EDECEFA943	管材管件阀门|直接/接头|直接/直通	length,结构	high
missing_required_specs	sku	PIPE-000085	MT-9E2B9D63B6CB	管材管件阀门|管材|注浆管	length	high
missing_required_specs	sku	PIPE-000086	MT-C2E807E3B35D	管材管件阀门|管材|软管	length,特征	high
missing_required_specs	sku	PIPE-000087	MT-A0C2DB7D99C4	管材管件阀门|管材|直管	特征	high
missing_required_specs	sku	PIPE-000088	MT-65EDECEFA943	管材管件阀门|直接/接头|直接/直通	length,接口,结构	high
missing_required_specs	sku	PIPE-000089	MT-E310BC596C10	金属材料|钢管|钢管	outer_diameter,length,壁厚	high
missing_required_specs	sku	PIPE-000090	MT-BB52294E38A3	管材管件阀门|阀门|球阀	connection_type,pressure,brand,工况,接口,特征,结构	high
missing_required_specs	sku	PIPE-000091	MT-A0C2DB7D99C4	管材管件阀门|管材|直管	特征	high
missing_required_specs	sku	PIPE-000094	MT-F81B151B3CE0	紧固件与连接件|管卡/抱箍|管卡	型式	high
missing_required_specs	sku	PIPE-000095	MT-2E601099ECB7	管材管件阀门|弯头|弯头	nominal_diameter,surface_treatment,壁厚,接口,特征,连接	high
missing_required_specs	sku	PIPE-000096	MT-B73845831771	管材管件阀门|直接/接头|异径接头/大小头	接口,连接	high
missing_required_specs	sku	PIPE-000097	MT-65EDECEFA943	管材管件阀门|直接/接头|直接/直通	length,接口,结构	high
missing_required_specs	sku	PIPE-000098	MT-F81B151B3CE0	紧固件与连接件|管卡/抱箍|管卡	型式	high
missing_required_specs	sku	PIPE-000100	MT-160596A9F133	金属材料|钢管|无缝钢管	length	high
missing_required_specs	sku	PIPE-000101	MT-B73845831771	管材管件阀门|直接/接头|异径接头/大小头	接口	high
missing_required_specs	sku	PIPE-000104	MT-34EC6C6B77DF	定制加工件|定制管路件|管加工件	specification,加工内容,壁厚	high
missing_required_specs	sku	PIPE-000106	MT-34EC6C6B77DF	定制加工件|定制管路件|管加工件	specification,加工内容,壁厚	high
missing_required_specs	sku	PIPE-000107	MT-2E601099ECB7	管材管件阀门|弯头|弯头	nominal_diameter,surface_treatment,壁厚,接口,特征	high
missing_required_specs	sku	PIPE-000108	MT-2E601099ECB7	管材管件阀门|弯头|弯头	nominal_diameter,surface_treatment,壁厚,接口,特征	high
human_confirmation_required	sku	PIPE-000109	MT-8581CE44DCF8	安全消防|消防管件|消防水带	高风险分类:安全消防	medium
missing_required_specs	sku	PIPE-000110	MT-E310BC596C10	金属材料|钢管|钢管	specification,壁厚,规格口径	high
missing_required_specs	sku	PIPE-000111	MT-BB52294E38A3	管材管件阀门|阀门|球阀	connection_type,pressure,工况,特征,结构	high
missing_required_specs	sku	PIPE-000112	MT-65EDECEFA943	管材管件阀门|直接/接头|直接/直通	length,结构	high
missing_required_specs	sku	PIPE-000116	MT-F81B151B3CE0	紧固件与连接件|管卡/抱箍|管卡	型式	high
missing_required_specs	sku	PIPE-000118	MT-A0C2DB7D99C4	管材管件阀门|管材|直管	特征	high
missing_required_specs	sku	PIPE-000119	MT-65EDECEFA943	管材管件阀门|直接/接头|直接/直通	length,接口,结构	high
missing_required_specs	sku	PIPE-000120	MT-E310BC596C10	金属材料|钢管|钢管	specification,length,表面,规格口径	high
missing_required_specs	sku	PIPE-000122	MT-34EC6C6B77DF	定制加工件|定制管路件|管加工件	specification,加工内容,壁厚	high
missing_required_specs	sku	PIPE-000123	MT-160596A9F133	金属材料|钢管|无缝钢管	length	high
missing_required_specs	sku	PIPE-000124	MT-2E601099ECB7	管材管件阀门|弯头|弯头	nominal_diameter,surface_treatment,壁厚,接口	high
missing_required_specs	sku	PIPE-000126	MT-34EC6C6B77DF	定制加工件|定制管路件|管加工件	specification,接口	high
missing_required_specs	sku	PIPE-000127	MT-A5FC75183701	定制加工件|定制管路件|弯头加工件	压力等级,结构,连接,适用设备	high
missing_required_specs	sku	PIPE-000128	MT-A5FC75183701	定制加工件|定制管路件|弯头加工件	压力等级,结构,连接,适用设备	high
missing_required_specs	sku	PIPE-000129	MT-160596A9F133	金属材料|钢管|无缝钢管	length	high
missing_required_specs	sku	PIPE-000134	MT-C2E807E3B35D	管材管件阀门|管材|软管	length	high
missing_required_specs	sku	PIPE-000135	MT-95CF2660E9A2	液压气动|高压油管/胶管|高压油管	length,pressure	high
human_confirmation_required	sku	PIPE-000135	MT-95CF2660E9A2	液压气动|高压油管/胶管|高压油管	高风险分类:液压气动	medium
human_confirmation_required	sku	PIPE-000136	MT-2C1A279D398E	液压气动|液压接头|油管接头	高风险分类:液压气动	medium
missing_required_specs	sku	PIPE-000137	MT-A515E854F412	液压气动|液压接头|接头	brand,model,接口,特征,类型,系列,螺纹	high
human_confirmation_required	sku	PIPE-000137	MT-A515E854F412	液压气动|液压接头|接头	高风险分类:液压气动	medium
missing_required_specs	sku	PIPE-000138	MT-4D01CFA721F9	定制加工件|定制管路件|气源分配器	路数	high
missing_required_specs	sku	PIPE-000139	MT-E25A0D251603	管材管件阀门|三通|三通	壁厚,接口,用途/系统,连接	high
missing_required_specs	sku	PIPE-000140	MT-65EDECEFA943	管材管件阀门|直接/接头|直接/直通	length,结构	high
missing_required_specs	sku	PIPE-000141	MT-65EDECEFA943	管材管件阀门|直接/接头|直接/直通	length,接口,结构	high
missing_required_specs	sku	PIPE-000142	MT-65EDECEFA943	管材管件阀门|直接/接头|直接/直通	length,结构	high
missing_required_specs	sku	PIPE-000143	MT-B12FD5DBC7DB	管材管件阀门|直接/接头|堵头/管帽	nominal_diameter	high
missing_required_specs	sku	PIPE-000144	MT-160596A9F133	金属材料|钢管|无缝钢管	length	high
human_confirmation_required	sku	PIPE-000145	MT-563E35CA1DD9	安全消防|消防管件|卡箍	高风险分类:安全消防	medium
missing_required_specs	sku	PIPE-000148	MT-2E601099ECB7	管材管件阀门|弯头|弯头	nominal_diameter,surface_treatment,壁厚,接口,特征	high
missing_required_specs	sku	PIPE-000149	MT-2E601099ECB7	管材管件阀门|弯头|弯头	nominal_diameter,surface_treatment,壁厚,接口,特征	high
missing_required_specs	sku	PIPE-000153	MT-B73845831771	管材管件阀门|直接/接头|异径接头/大小头	接口	high
missing_required_specs	sku	PIPE-000154	MT-7F8F1F3B4EA2	定制加工件|定制管路件|接头加工件	connection_type,压力等级,接口类型,特征	high
human_confirmation_required	sku	PIPE-000155	MT-63FA3C6F3A03	液压气动|液压接头|快速接头	高风险分类:液压气动	medium
missing_required_specs	sku	PIPE-000156	MT-A515E854F412	液压气动|液压接头|接头	specification,nominal_diameter,brand,接口,特征,类型,系列,螺纹,连接类型	high
human_confirmation_required	sku	PIPE-000156	MT-A515E854F412	液压气动|液压接头|接头	高风险分类:液压气动	medium
missing_required_specs	sku	PIPE-000157	MT-A515E854F412	液压气动|液压接头|接头	specification,nominal_diameter,brand,接口,特征,类型,系列,螺纹,连接类型	high
human_confirmation_required	sku	PIPE-000157	MT-A515E854F412	液压气动|液压接头|接头	高风险分类:液压气动	medium
missing_required_specs	sku	PIPE-000158	MT-A515E854F412	液压气动|液压接头|接头	specification,nominal_diameter,brand,接口,特征,类型,系列,螺纹,连接类型	high
human_confirmation_required	sku	PIPE-000158	MT-A515E854F412	液压气动|液压接头|接头	高风险分类:液压气动	medium
missing_required_specs	sku	PIPE-000159	MT-A5FC75183701	定制加工件|定制管路件|弯头加工件	nominal_diameter,特征,结构,连接,适用设备	high
missing_required_specs	sku	PIPE-000160	MT-D628566F8241	管材管件阀门|阀门|蝶阀	brand,特征,结构	high
missing_required_specs	sku	PIPE-000161	MT-D628566F8241	管材管件阀门|阀门|蝶阀	brand,特征,结构	high
missing_required_specs	sku	PIPE-000163	MT-F385EC249279	液压气动|液压气动阀|电磁阀	model,进口	high
human_confirmation_required	sku	PIPE-000163	MT-F385EC249279	液压气动|液压气动阀|电磁阀	高风险分类:液压气动	medium
missing_required_specs	sku	PIPE-000164	MT-A515E854F412	液压气动|液压接头|接头	nominal_diameter,brand,model,特征,类型,系列,连接类型	high
human_confirmation_required	sku	PIPE-000164	MT-A515E854F412	液压气动|液压接头|接头	高风险分类:液压气动	medium
missing_required_specs	sku	PIPE-000165	MT-B73845831771	管材管件阀门|直接/接头|异径接头/大小头	接口	high
missing_required_specs	sku	PIPE-000168	MT-7F8F1F3B4EA2	定制加工件|定制管路件|接头加工件	压力等级,接口类型,特征	high
missing_required_specs	sku	PIPE-000171	MT-B73845831771	管材管件阀门|直接/接头|异径接头/大小头	接口	high
human_confirmation_required	sku	PIPE-000172	MT-1252FCBB1CF3	焊接切割|气体减压附件|气管接头	高风险分类:焊接切割	medium
missing_required_specs	sku	PIPE-000173	MT-364B0BBABC38	液压气动|液压接头|堵头	specification,螺纹,连接	high
human_confirmation_required	sku	PIPE-000173	MT-364B0BBABC38	液压气动|液压接头|堵头	高风险分类:液压气动	medium
missing_required_specs	sku	PIPE-000174	MT-364B0BBABC38	液压气动|液压接头|堵头	specification,螺纹,连接	high
human_confirmation_required	sku	PIPE-000174	MT-364B0BBABC38	液压气动|液压接头|堵头	高风险分类:液压气动	medium
missing_required_specs	sku	PIPE-000175	MT-364B0BBABC38	液压气动|液压接头|堵头	specification,螺纹,连接	high
human_confirmation_required	sku	PIPE-000175	MT-364B0BBABC38	液压气动|液压接头|堵头	高风险分类:液压气动	medium
missing_required_specs	sku	PIPE-000176	MT-364B0BBABC38	液压气动|液压接头|堵头	specification,螺纹,连接	high
human_confirmation_required	sku	PIPE-000176	MT-364B0BBABC38	液压气动|液压接头|堵头	高风险分类:液压气动	medium
missing_required_specs	sku	PIPE-000177	MT-364B0BBABC38	液压气动|液压接头|堵头	specification,螺纹,连接	high
human_confirmation_required	sku	PIPE-000177	MT-364B0BBABC38	液压气动|液压接头|堵头	高风险分类:液压气动	medium
missing_required_specs	sku	PIPE-000179	MT-C2E807E3B35D	管材管件阀门|管材|软管	length,结构	high
missing_required_specs	sku	PIPE-000180	MT-7F8F1F3B4EA2	定制加工件|定制管路件|接头加工件	压力等级,接口类型,特征	high
missing_required_specs	sku	PIPE-000181	MT-F385EC249279	液压气动|液压气动阀|电磁阀	rated_voltage,接口,进口	high
human_confirmation_required	sku	PIPE-000181	MT-F385EC249279	液压气动|液压气动阀|电磁阀	高风险分类:液压气动	medium
missing_required_specs	sku	PIPE-000182	MT-95CF2660E9A2	液压气动|高压油管/胶管|高压油管	length,pressure	high
human_confirmation_required	sku	PIPE-000182	MT-95CF2660E9A2	液压气动|高压油管/胶管|高压油管	高风险分类:液压气动	medium
missing_required_specs	sku	PIPE-000183	MT-A515E854F412	液压气动|液压接头|接头	nominal_diameter,brand,model,压力等级,接口,类型,系列,螺纹,连接类型	high
human_confirmation_required	sku	PIPE-000183	MT-A515E854F412	液压气动|液压接头|接头	高风险分类:液压气动	medium
human_confirmation_required	sku	PIPE-000184	MT-7DC400577989	液压气动|液压接头|接头组件	高风险分类:液压气动	medium
missing_required_specs	sku	PIPE-000187	MT-4D01CFA721F9	定制加工件|定制管路件|气源分配器	接口尺寸	high
missing_required_specs	sku	PIPE-000188	MT-1437C1B86ADE	管材管件阀门|直接/接头|快速接头	公称通径	high
missing_required_specs	sku	PIPE-000189	MT-A515E854F412	液压气动|液压接头|接头	nominal_diameter,brand,model,压力等级,接口,类型,系列,螺纹,连接类型	high
human_confirmation_required	sku	PIPE-000189	MT-A515E854F412	液压气动|液压接头|接头	高风险分类:液压气动	medium
missing_required_specs	sku	PIPE-000190	MT-59C7B8D13A1F	液压气动|液压气动阀|气动阀	nominal_diameter,状态	high
human_confirmation_required	sku	PIPE-000190	MT-59C7B8D13A1F	液压气动|液压气动阀|气动阀	高风险分类:液压气动	medium
missing_required_specs	sku	PIPE-000191	MT-34EC6C6B77DF	定制加工件|定制管路件|管加工件	加工内容,壁厚	high
human_confirmation_required	sku	PIPE-000192	MT-563E35CA1DD9	安全消防|消防管件|卡箍	高风险分类:安全消防	medium
human_confirmation_required	sku	PIPE-000193	MT-563E35CA1DD9	安全消防|消防管件|卡箍	高风险分类:安全消防	medium
human_confirmation_required	sku	PIPE-000194	MT-563E35CA1DD9	安全消防|消防管件|卡箍	高风险分类:安全消防	medium
missing_required_specs	sku	PIPE-000196	MT-364B0BBABC38	液压气动|液压接头|堵头	nominal_diameter,压力等级,螺纹,连接	high
human_confirmation_required	sku	PIPE-000196	MT-364B0BBABC38	液压气动|液压接头|堵头	高风险分类:液压气动	medium
human_confirmation_required	sku	PIPE-000197	MT-34BBF5984EE4	液压气动|高压油管/胶管|高压树脂管	高风险分类:液压气动	medium
human_confirmation_required	sku	PIPE-000198	MT-790A2BE15A13	液压气动|气动接头|直通接头	高风险分类:液压气动	medium
human_confirmation_required	sku	PIPE-000199	MT-790A2BE15A13	液压气动|气动接头|直通接头	高风险分类:液压气动	medium
human_confirmation_required	sku	PIPE-000200	MT-790A2BE15A13	液压气动|气动接头|直通接头	高风险分类:液压气动	medium
human_confirmation_required	sku	PIPE-000201	MT-6DB9B0D9465A	液压气动|气动接头|弯头接头	高风险分类:液压气动	medium
human_confirmation_required	sku	PIPE-000202	MT-6DB9B0D9465A	液压气动|气动接头|弯头接头	高风险分类:液压气动	medium
human_confirmation_required	sku	PIPE-000203	MT-6DB9B0D9465A	液压气动|气动接头|弯头接头	高风险分类:液压气动	medium
missing_required_specs	sku	PIPE-000204	MT-9139DE466C12	液压气动|气动接头|三通接头	类型,适用气管	high
human_confirmation_required	sku	PIPE-000204	MT-9139DE466C12	液压气动|气动接头|三通接头	高风险分类:液压气动	medium
human_confirmation_required	sku	PIPE-000205	MT-9139DE466C12	液压气动|气动接头|三通接头	高风险分类:液压气动	medium
human_confirmation_required	sku	PIPE-000206	MT-9139DE466C12	液压气动|气动接头|三通接头	高风险分类:液压气动	medium
human_confirmation_required	sku	PIPE-000207	MT-718C6968AB68	液压气动|液压接头|接头夹	高风险分类:液压气动	medium
missing_required_specs	sku	PIPE-000208	MT-2E601099ECB7	管材管件阀门|弯头|弯头	material,壁厚,接口,特征,角度,连接	high
missing_required_specs	sku	PIPE-000209	MT-65EDECEFA943	管材管件阀门|直接/接头|直接/直通	length,结构	high
missing_required_specs	sku	PIPE-000210	MT-34EC6C6B77DF	定制加工件|定制管路件|管加工件	加工内容,壁厚	high
missing_required_specs	sku	PIPE-000211	MT-65EDECEFA943	管材管件阀门|直接/接头|直接/直通	length,接口,结构	high
missing_required_specs	sku	PIPE-000212	MT-A0C2DB7D99C4	管材管件阀门|管材|直管	特征	high
missing_required_specs	sku	PIPE-000213	MT-2E601099ECB7	管材管件阀门|弯头|弯头	nominal_diameter,surface_treatment,壁厚,接口,特征,角度,连接	high
missing_required_specs	sku	PIPE-000215	MT-65EDECEFA943	管材管件阀门|直接/接头|直接/直通	length,结构	high
missing_required_specs	sku	PIPE-000216	MT-4AAF5C819445	液压气动|液压接头|弯头接头	特征	high
human_confirmation_required	sku	PIPE-000216	MT-4AAF5C819445	液压气动|液压接头|弯头接头	高风险分类:液压气动	medium
human_confirmation_required	sku	PIPE-000217	MT-DB7242EB7AE9	液压气动|高压油管/胶管|高压钢丝软管	高风险分类:液压气动	medium
human_confirmation_required	sku	PIPE-000218	MT-718C6968AB68	液压气动|液压接头|接头夹	高风险分类:液压气动	medium
missing_required_specs	sku	PIPE-000219	MT-8F8AE5C9A2D1	管材管件阀门|管材|水带	压力等级	high
missing_required_specs	sku	PIPE-000220	MT-63FA3C6F3A03	液压气动|液压接头|快速接头	model	high
human_confirmation_required	sku	PIPE-000220	MT-63FA3C6F3A03	液压气动|液压接头|快速接头	高风险分类:液压气动	medium
missing_required_specs	sku	PIPE-000221	MT-63FA3C6F3A03	液压气动|液压接头|快速接头	model	high
human_confirmation_required	sku	PIPE-000221	MT-63FA3C6F3A03	液压气动|液压接头|快速接头	高风险分类:液压气动	medium
missing_required_specs	sku	PIPE-000222	MT-63FA3C6F3A03	液压气动|液压接头|快速接头	model	high
human_confirmation_required	sku	PIPE-000222	MT-63FA3C6F3A03	液压气动|液压接头|快速接头	高风险分类:液压气动	medium
missing_required_specs	sku	PIPE-000223	MT-63FA3C6F3A03	液压气动|液压接头|快速接头	model	high
human_confirmation_required	sku	PIPE-000223	MT-63FA3C6F3A03	液压气动|液压接头|快速接头	高风险分类:液压气动	medium
missing_required_specs	sku	PIPE-000224	MT-A5FC75183701	定制加工件|定制管路件|弯头加工件	压力等级,结构,连接,适用设备	high
missing_required_specs	sku	PIPE-000225	MT-A5FC75183701	定制加工件|定制管路件|弯头加工件	压力等级,结构,连接,适用设备	high
missing_required_specs	sku	PIPE-000226	MT-A5FC75183701	定制加工件|定制管路件|弯头加工件	specification,压力等级,结构,连接,适用设备	high
missing_required_specs	sku	PIPE-000228	MT-A5FC75183701	定制加工件|定制管路件|弯头加工件	特征,结构,连接,适用设备	high
human_confirmation_required	sku	PIPE-000229	MT-3C05AD2FCEB7	液压气动|气动接头|自锁接头公头	高风险分类:液压气动	medium
human_confirmation_required	sku	PIPE-000230	MT-2A304138420D	液压气动|气动接头|自锁接头螺母	高风险分类:液压气动	medium
missing_required_specs	sku	PIPE-000231	MT-C2E807E3B35D	管材管件阀门|管材|软管	length,特征	high
human_confirmation_required	sku	PIPE-000232	MT-CA0F4C3DB013	液压气动|气管|气管	高风险分类:液压气动	medium
human_confirmation_required	sku	PIPE-000233	MT-CA0F4C3DB013	液压气动|气管|气管	高风险分类:液压气动	medium
missing_required_specs	sku	PIPE-000234	MT-7F8F1F3B4EA2	定制加工件|定制管路件|接头加工件	connection_type,特征	high
missing_required_specs	sku	PIPE-000235	MT-7F8F1F3B4EA2	定制加工件|定制管路件|接头加工件	connection_type,特征	high
missing_required_specs	sku	PIPE-000236	MT-7F8F1F3B4EA2	定制加工件|定制管路件|接头加工件	connection_type,特征	high
missing_required_specs	sku	PIPE-000237	MT-7F8F1F3B4EA2	定制加工件|定制管路件|接头加工件	connection_type,特征	high
missing_required_specs	sku	PIPE-000238	MT-A5FC75183701	定制加工件|定制管路件|弯头加工件	特征,结构,适用设备	high
missing_required_specs	sku	PIPE-000240	MT-B73845831771	管材管件阀门|直接/接头|异径接头/大小头	接口	high
missing_required_specs	sku	PIPE-000241	MT-B73845831771	管材管件阀门|直接/接头|异径接头/大小头	接口	high
missing_required_specs	sku	PIPE-000242	MT-E25A0D251603	管材管件阀门|三通|三通	壁厚,接口,用途/系统,连接	high
missing_required_specs	sku	PIPE-000243	MT-65EDECEFA943	管材管件阀门|直接/接头|直接/直通	length,结构	high
missing_required_specs	sku	PIPE-000244	MT-BB52294E38A3	管材管件阀门|阀门|球阀	connection_type,pressure,工况,接口,特征,结构	high
missing_required_specs	sku	PIPE-000245	MT-BB52294E38A3	管材管件阀门|阀门|球阀	connection_type,pressure,工况,接口,特征,结构	high
missing_required_specs	sku	PIPE-000248	MT-7F8F1F3B4EA2	定制加工件|定制管路件|接头加工件	压力等级,接口类型,特征	high
missing_required_specs	sku	PIPE-000249	MT-7F8F1F3B4EA2	定制加工件|定制管路件|接头加工件	压力等级,接口类型,特征	high
missing_required_specs	sku	PIPE-000250	MT-DCB0D97F7215	定制加工件|定制管路件|卡箍接头加工件	特征,连接	high
missing_required_specs	sku	PIPE-000251	MT-DCB0D97F7215	定制加工件|定制管路件|卡箍接头加工件	特征,连接	high
missing_required_specs	sku	PIPE-000252	MT-2E601099ECB7	管材管件阀门|弯头|弯头	nominal_diameter,surface_treatment,接口,特征,角度	high
missing_required_specs	sku	PIPE-000253	MT-2E601099ECB7	管材管件阀门|弯头|弯头	nominal_diameter,surface_treatment,接口,特征,角度	high
missing_required_specs	sku	PIPE-000254	MT-8FE334A8A8D6	定制加工件|定制管路件|卡箍加工件	特征	high
missing_required_specs	sku	PIPE-000255	MT-95CF2660E9A2	液压气动|高压油管/胶管|高压油管	length,pressure	high
human_confirmation_required	sku	PIPE-000255	MT-95CF2660E9A2	液压气动|高压油管/胶管|高压油管	高风险分类:液压气动	medium
missing_required_specs	sku	PIPE-000256	MT-8F98EEEA01A0	定制加工件|定制管路件|变径接头加工件	压力/工况	high
missing_required_specs	sku	PIPE-000257	MT-8BD3E276CEFD	管材管件阀门|阀门|减压阀	结构	high
human_confirmation_required	sku	PIPE-000259	MT-680AF1FB2B60	液压气动|气动接头|自锁接头	高风险分类:液压气动	medium
missing_required_specs	sku	PIPE-000260	MT-E25A0D251603	管材管件阀门|三通|三通	接口,用途/系统	high
human_confirmation_required	sku	PIPE-000263	MT-8581CE44DCF8	安全消防|消防管件|消防水带	高风险分类:安全消防	medium
missing_required_specs	sku	PIPE-000264	MT-59C7B8D13A1F	液压气动|液压气动阀|气动阀	material,model,动作方式	high
human_confirmation_required	sku	PIPE-000264	MT-59C7B8D13A1F	液压气动|液压气动阀|气动阀	高风险分类:液压气动	medium
missing_required_specs	sku	PIPE-000265	MT-160596A9F133	金属材料|钢管|无缝钢管	length	high
missing_required_specs	sku	PIPE-000266	MT-34EC6C6B77DF	定制加工件|定制管路件|管加工件	specification,加工内容,壁厚,接口	high
missing_required_specs	sku	PIPE-000267	MT-BB52294E38A3	管材管件阀门|阀门|球阀	connection_type,pressure,brand,工况,接口,特征,结构	high
missing_required_specs	sku	PIPE-000268	MT-8FE334A8A8D6	定制加工件|定制管路件|卡箍加工件	连接	high
missing_required_specs	sku	PIPE-000269	MT-8FE334A8A8D6	定制加工件|定制管路件|卡箍加工件	连接	high
missing_required_specs	sku	PIPE-000272	MT-E25A0D251603	管材管件阀门|三通|三通	壁厚,接口,用途/系统,连接	high
missing_required_specs	sku	PIPE-000276	MT-BB52294E38A3	管材管件阀门|阀门|球阀	connection_type,pressure,brand,工况,接口,特征,结构	high
missing_required_specs	sku	PIPE-000277	MT-BB52294E38A3	管材管件阀门|阀门|球阀	connection_type,pressure,工况,接口,特征,结构	high
missing_required_specs	sku	PIPE-000280	MT-DE727D19AAD0	紧固件与连接件|管卡/抱箍|抱箍	型式,特征	high
missing_required_specs	sku	PIPE-000281	MT-DE727D19AAD0	紧固件与连接件|管卡/抱箍|抱箍	型式,特征	high
missing_required_specs	sku	PIPE-000282	MT-F81B151B3CE0	紧固件与连接件|管卡/抱箍|管卡	型式	high
human_confirmation_required	sku	PIPE-000283	MT-A2F6AEA928DF	安全消防|消防管件|消防接头	高风险分类:安全消防	medium
human_confirmation_required	sku	PIPE-000284	MT-A2F6AEA928DF	安全消防|消防管件|消防接头	高风险分类:安全消防	medium
human_confirmation_required	sku	PIPE-000285	MT-A2F6AEA928DF	安全消防|消防管件|消防接头	高风险分类:安全消防	medium
missing_required_specs	sku	PIPE-000286	MT-F81B151B3CE0	紧固件与连接件|管卡/抱箍|管卡	型式	high
missing_required_specs	sku	PIPE-000287	MT-F81B151B3CE0	紧固件与连接件|管卡/抱箍|管卡	型式	high
missing_required_specs	sku	PIPE-000289	MT-23F07D49D003	定制加工件|定制结构件|抱箍	适用管径	high
missing_required_specs	sku	PIPE-000290	MT-23F07D49D003	定制加工件|定制结构件|抱箍	适用管径	high
human_confirmation_required	sku	PIPE-000293	MT-95CF2660E9A2	液压气动|高压油管/胶管|高压油管	高风险分类:液压气动	medium
missing_required_specs	sku	PIPE-000294	MT-8EE78708B115	紧固件与连接件|管卡/抱箍|骑马卡	thickness	high
human_confirmation_required	sku	PIPE-000296	MT-DA66461658C1	液压气动|液压接头|扣件	高风险分类:液压气动	medium
human_confirmation_required	sku	PIPE-000297	MT-DA66461658C1	液压气动|液压接头|扣件	高风险分类:液压气动	medium
missing_required_specs	sku	PIPE-000299	MT-6878C2A06DA6	液压气动|高压油管/胶管|高压胶管	结构	high
human_confirmation_required	sku	PIPE-000299	MT-6878C2A06DA6	液压气动|高压油管/胶管|高压胶管	高风险分类:液压气动	medium
missing_required_specs	sku	PIPE-000300	MT-A515E854F412	液压气动|液压接头|接头	nominal_diameter,brand,model,接口,特征,类型,系列,螺纹,连接类型	high
human_confirmation_required	sku	PIPE-000300	MT-A515E854F412	液压气动|液压接头|接头	高风险分类:液压气动	medium
human_confirmation_required	sku	PIPE-000301	MT-DA66461658C1	液压气动|液压接头|扣件	高风险分类:液压气动	medium
missing_required_specs	sku	PIPE-000302	MT-A515E854F412	液压气动|液压接头|接头	nominal_diameter,brand,model,压力等级,接口,类型,系列,螺纹,连接类型	high
human_confirmation_required	sku	PIPE-000302	MT-A515E854F412	液压气动|液压接头|接头	高风险分类:液压气动	medium
missing_required_specs	sku	PIPE-000303	MT-160596A9F133	金属材料|钢管|无缝钢管	length	high
missing_required_specs	sku	PIPE-000304	MT-8F8AE5C9A2D1	管材管件阀门|管材|水带	working_pressure	high
missing_required_specs	sku	PIPE-000305	MT-364B0BBABC38	液压气动|液压接头|堵头	螺纹	high
human_confirmation_required	sku	PIPE-000305	MT-364B0BBABC38	液压气动|液压接头|堵头	高风险分类:液压气动	medium
missing_required_specs	sku	PIPE-000306	MT-BB52294E38A3	管材管件阀门|阀门|球阀	material,connection_type,pressure,接口,特征,结构	high
human_confirmation_required	sku	PIPE-000307	MT-5558644455AF	液压气动|液压接头|对丝接头	高风险分类:液压气动	medium
missing_required_specs	sku	PIPE-000308	MT-A0C2DB7D99C4	管材管件阀门|管材|直管	特征	high
missing_required_specs	sku	PIPE-000309	MT-65EDECEFA943	管材管件阀门|直接/接头|直接/直通	length,接口,结构	high
missing_required_specs	sku	PIPE-000310	MT-BB52294E38A3	管材管件阀门|阀门|球阀	material,connection_type,pressure,接口,特征,结构	high
missing_required_specs	sku	PIPE-000312	MT-F244C2857A79	液压气动|液压接头|转换接头	压力等级,接口,螺纹	high
human_confirmation_required	sku	PIPE-000312	MT-F244C2857A79	液压气动|液压接头|转换接头	高风险分类:液压气动	medium
human_confirmation_required	sku	PIPE-000313	MT-6878C2A06DA6	液压气动|高压油管/胶管|高压胶管	高风险分类:液压气动	medium
human_confirmation_required	sku	PIPE-000314	MT-6630C3A034FD	液压气动|液压接头|胶管接头	高风险分类:液压气动	medium
missing_required_specs	sku	PIPE-000315	MT-364B0BBABC38	液压气动|液压接头|堵头	nominal_diameter	high
human_confirmation_required	sku	PIPE-000315	MT-364B0BBABC38	液压气动|液压接头|堵头	高风险分类:液压气动	medium
missing_required_specs	sku	PIPE-000316	MT-364B0BBABC38	液压气动|液压接头|堵头	nominal_diameter	high
human_confirmation_required	sku	PIPE-000316	MT-364B0BBABC38	液压气动|液压接头|堵头	高风险分类:液压气动	medium
missing_required_specs	sku	PIPE-000317	MT-A515E854F412	液压气动|液压接头|接头	nominal_diameter,brand,model,接口,特征,类型,系列,连接类型	high
human_confirmation_required	sku	PIPE-000317	MT-A515E854F412	液压气动|液压接头|接头	高风险分类:液压气动	medium
human_confirmation_required	sku	PIPE-000318	MT-C1D1A211E2A6	液压气动|胶管总成|胶管总成	高风险分类:液压气动	medium
human_confirmation_required	sku	PIPE-000319	MT-C1D1A211E2A6	液压气动|胶管总成|胶管总成	高风险分类:液压气动	medium
human_confirmation_required	sku	PIPE-000320	MT-C1D1A211E2A6	液压气动|胶管总成|胶管总成	高风险分类:液压气动	medium
human_confirmation_required	sku	PIPE-000321	MT-C1D1A211E2A6	液压气动|胶管总成|胶管总成	高风险分类:液压气动	medium
human_confirmation_required	sku	PIPE-000322	MT-C1D1A211E2A6	液压气动|胶管总成|胶管总成	高风险分类:液压气动	medium
human_confirmation_required	sku	PIPE-000323	MT-C1D1A211E2A6	液压气动|胶管总成|胶管总成	高风险分类:液压气动	medium
human_confirmation_required	sku	PIPE-000324	MT-C1D1A211E2A6	液压气动|胶管总成|胶管总成	高风险分类:液压气动	medium
human_confirmation_required	sku	PIPE-000325	MT-C1D1A211E2A6	液压气动|胶管总成|胶管总成	高风险分类:液压气动	medium
human_confirmation_required	sku	PIPE-000326	MT-C1D1A211E2A6	液压气动|胶管总成|胶管总成	高风险分类:液压气动	medium
human_confirmation_required	sku	PIPE-000327	MT-C1D1A211E2A6	液压气动|胶管总成|胶管总成	高风险分类:液压气动	medium
human_confirmation_required	sku	PIPE-000328	MT-C1D1A211E2A6	液压气动|胶管总成|胶管总成	高风险分类:液压气动	medium
human_confirmation_required	sku	PIPE-000329	MT-C1D1A211E2A6	液压气动|胶管总成|胶管总成	高风险分类:液压气动	medium
human_confirmation_required	sku	PIPE-000330	MT-C1D1A211E2A6	液压气动|胶管总成|胶管总成	高风险分类:液压气动	medium
human_confirmation_required	sku	PIPE-000331	MT-C1D1A211E2A6	液压气动|胶管总成|胶管总成	高风险分类:液压气动	medium
missing_required_specs	sku	PIPE-000332	MT-8EE78708B115	紧固件与连接件|管卡/抱箍|骑马卡	nominal_diameter	high
human_confirmation_required	sku	PIPE-000334	MT-5798396E9863	液压气动|液压接头|变径接头	高风险分类:液压气动	medium
missing_required_specs	sku	PIPE-000335	MT-DB4DCA6030C7	紧固件与连接件|管卡/抱箍|管夹	类型	high
missing_required_specs	sku	PIPE-000336	MT-DB4DCA6030C7	紧固件与连接件|管卡/抱箍|管夹	类型	high
human_confirmation_required	sku	PIPE-000337	MT-275CB0AD0EF6	液压气动|液压接头|三通接头	高风险分类:液压气动	medium
human_confirmation_required	sku	PIPE-000338	MT-5558644455AF	液压气动|液压接头|对丝接头	高风险分类:液压气动	medium
missing_required_specs	sku	PIPE-000339	MT-3E51C2439573	定制加工件|定制管路件|管接头加工件	connection_type	high
human_confirmation_required	sku	PIPE-000340	MT-778BA6676D54	液压气动|液压接头|扣头	高风险分类:液压气动	medium
missing_required_specs	sku	PIPE-000341	MT-89801A347A89	管材管件阀门|阀门|止回阀	connection_type,brand	high
human_confirmation_required	sku	PIPE-000342	MT-C1D1A211E2A6	液压气动|胶管总成|胶管总成	高风险分类:液压气动	medium
human_confirmation_required	sku	PIPE-000343	MT-C1D1A211E2A6	液压气动|胶管总成|胶管总成	高风险分类:液压气动	medium
human_confirmation_required	sku	PIPE-000344	MT-C1D1A211E2A6	液压气动|胶管总成|胶管总成	高风险分类:液压气动	medium
human_confirmation_required	sku	PIPE-000345	MT-C1D1A211E2A6	液压气动|胶管总成|胶管总成	高风险分类:液压气动	medium
missing_required_specs	sku	PIPE-000346	MT-5558644455AF	液压气动|液压接头|对丝接头	specification	high
human_confirmation_required	sku	PIPE-000346	MT-5558644455AF	液压气动|液压接头|对丝接头	高风险分类:液压气动	medium
human_confirmation_required	sku	PIPE-000347	MT-5798396E9863	液压气动|液压接头|变径接头	高风险分类:液压气动	medium
human_confirmation_required	sku	PIPE-000348	MT-E54970DAFACC	液压气动|液压接头|直接接头	高风险分类:液压气动	medium
missing_required_specs	sku	PIPE-000349	MT-F244C2857A79	液压气动|液压接头|转换接头	类型	high
human_confirmation_required	sku	PIPE-000349	MT-F244C2857A79	液压气动|液压接头|转换接头	高风险分类:液压气动	medium
missing_required_specs	sku	PIPE-000350	MT-F244C2857A79	液压气动|液压接头|转换接头	类型	high
human_confirmation_required	sku	PIPE-000350	MT-F244C2857A79	液压气动|液压接头|转换接头	高风险分类:液压气动	medium
missing_required_specs	sku	PIPE-000351	MT-F244C2857A79	液压气动|液压接头|转换接头	接口,类型	high
human_confirmation_required	sku	PIPE-000351	MT-F244C2857A79	液压气动|液压接头|转换接头	高风险分类:液压气动	medium
human_confirmation_required	sku	PIPE-000353	MT-5558644455AF	液压气动|液压接头|对丝接头	高风险分类:液压气动	medium
human_confirmation_required	sku	PIPE-000354	MT-5558644455AF	液压气动|液压接头|对丝接头	高风险分类:液压气动	medium
human_confirmation_required	sku	PIPE-000356	MT-5558644455AF	液压气动|液压接头|对丝接头	高风险分类:液压气动	medium
missing_required_specs	sku	PIPE-000357	MT-A515E854F412	液压气动|液压接头|接头	nominal_diameter,brand,model,接口,特征,系列,螺纹,连接类型	high
human_confirmation_required	sku	PIPE-000357	MT-A515E854F412	液压气动|液压接头|接头	高风险分类:液压气动	medium
missing_required_specs	sku	PIPE-000358	MT-F385EC249279	液压气动|液压气动阀|电磁阀	rated_voltage,接口	high
human_confirmation_required	sku	PIPE-000358	MT-F385EC249279	液压气动|液压气动阀|电磁阀	高风险分类:液压气动	medium
missing_required_specs	sku	PIPE-000360	MT-A515E854F412	液压气动|液压接头|接头	specification,nominal_diameter,material,model,压力等级,接口,特征,类型,螺纹,连接类型	high
human_confirmation_required	sku	PIPE-000360	MT-A515E854F412	液压气动|液压接头|接头	高风险分类:液压气动	medium
missing_required_specs	sku	PIPE-000361	MT-A515E854F412	液压气动|液压接头|接头	nominal_diameter,material,model,压力等级,接口,特征,类型,螺纹,连接类型	high
human_confirmation_required	sku	PIPE-000361	MT-A515E854F412	液压气动|液压接头|接头	高风险分类:液压气动	medium
missing_required_specs	sku	PIPE-000362	MT-A515E854F412	液压气动|液压接头|接头	specification,nominal_diameter,material,model,压力等级,接口,特征,类型,螺纹,连接类型	high
human_confirmation_required	sku	PIPE-000362	MT-A515E854F412	液压气动|液压接头|接头	高风险分类:液压气动	medium
human_confirmation_required	sku	PIPE-000363	MT-C1D1A211E2A6	液压气动|胶管总成|胶管总成	高风险分类:液压气动	medium
human_confirmation_required	sku	PIPE-000364	MT-C1D1A211E2A6	液压气动|胶管总成|胶管总成	高风险分类:液压气动	medium
missing_required_specs	sku	PIPE-000365	MT-A515E854F412	液压气动|液压接头|接头	nominal_diameter,brand,model,特征,类型,系列,螺纹,连接类型	high
human_confirmation_required	sku	PIPE-000365	MT-A515E854F412	液压气动|液压接头|接头	高风险分类:液压气动	medium
missing_required_specs	sku	PIPE-000366	MT-323B62688DCB	定制加工件|定制结构件|管夹	类型	high
missing_required_specs	sku	PIPE-000367	MT-BB52294E38A3	管材管件阀门|阀门|球阀	connection_type,pressure,brand,接口,特征,结构	high
missing_required_specs	sku	PIPE-000368	MT-A515E854F412	液压气动|液压接头|接头	nominal_diameter,brand,model,特征,类型,系列,螺纹,连接类型	high
human_confirmation_required	sku	PIPE-000368	MT-A515E854F412	液压气动|液压接头|接头	高风险分类:液压气动	medium
missing_required_specs	sku	PIPE-000370	MT-9E2B9D63B6CB	管材管件阀门|管材|注浆管	material	high
missing_required_specs	sku	PIPE-000371	MT-65EDECEFA943	管材管件阀门|直接/接头|直接/直通	length,接口,结构	high
missing_required_specs	sku	PIPE-000372	MT-2E601099ECB7	管材管件阀门|弯头|弯头	nominal_diameter,surface_treatment,壁厚,接口,特征,连接	high
missing_required_specs	sku	PIPE-000373	MT-2E601099ECB7	管材管件阀门|弯头|弯头	nominal_diameter,surface_treatment,壁厚,接口,特征,连接	high
missing_required_specs	sku	PIPE-000374	MT-E25A0D251603	管材管件阀门|三通|三通	壁厚,接口,用途/系统,连接	high
missing_required_specs	sku	PIPE-000375	MT-E25A0D251603	管材管件阀门|三通|三通	壁厚,接口,用途/系统,连接	high
missing_required_specs	sku	PIPE-000378	MT-E25A0D251603	管材管件阀门|三通|三通	壁厚,接口,用途/系统,连接	high
human_confirmation_required	sku	PIPE-000379	MT-C1D1A211E2A6	液压气动|胶管总成|胶管总成	高风险分类:液压气动	medium
human_confirmation_required	sku	PIPE-000380	MT-C1D1A211E2A6	液压气动|胶管总成|胶管总成	高风险分类:液压气动	medium
human_confirmation_required	sku	PIPE-000381	MT-C1D1A211E2A6	液压气动|胶管总成|胶管总成	高风险分类:液压气动	medium
human_confirmation_required	sku	PIPE-000382	MT-C1D1A211E2A6	液压气动|胶管总成|胶管总成	高风险分类:液压气动	medium
missing_required_specs	sku	PIPE-000383	MT-DB4DCA6030C7	紧固件与连接件|管卡/抱箍|管夹	联数	high
human_confirmation_required	sku	PIPE-000386	MT-D5CE3F4F02F6	液压气动|液压接头|变径对丝接头	高风险分类:液压气动	medium
human_confirmation_required	sku	PIPE-000387	MT-C1D1A211E2A6	液压气动|胶管总成|胶管总成	高风险分类:液压气动	medium
human_confirmation_required	sku	PIPE-000388	MT-C1D1A211E2A6	液压气动|胶管总成|胶管总成	高风险分类:液压气动	medium
human_confirmation_required	sku	PIPE-000389	MT-275CB0AD0EF6	液压气动|液压接头|三通接头	高风险分类:液压气动	medium
human_confirmation_required	sku	PIPE-000391	MT-C1D1A211E2A6	液压气动|胶管总成|胶管总成	高风险分类:液压气动	medium
human_confirmation_required	sku	PIPE-000392	MT-C1D1A211E2A6	液压气动|胶管总成|胶管总成	高风险分类:液压气动	medium
human_confirmation_required	sku	PIPE-000393	MT-C1D1A211E2A6	液压气动|胶管总成|胶管总成	高风险分类:液压气动	medium
human_confirmation_required	sku	PIPE-000394	MT-C1D1A211E2A6	液压气动|胶管总成|胶管总成	高风险分类:液压气动	medium
human_confirmation_required	sku	PIPE-000395	MT-C1D1A211E2A6	液压气动|胶管总成|胶管总成	高风险分类:液压气动	medium
human_confirmation_required	sku	PIPE-000396	MT-C1D1A211E2A6	液压气动|胶管总成|胶管总成	高风险分类:液压气动	medium
human_confirmation_required	sku	PIPE-000397	MT-C1D1A211E2A6	液压气动|胶管总成|胶管总成	高风险分类:液压气动	medium
candidate_family	sku	PIPE-000398	MT-B036CD1B4E91	液压气动|油管护套/液压防护件|油管护套	油管护套/液压防护件(候选)	high
human_confirmation_required	sku	PIPE-000398	MT-B036CD1B4E91	液压气动|油管护套/液压防护件|油管护套	高风险分类:液压气动	medium
candidate_family	sku	PIPE-000399	MT-B036CD1B4E91	液压气动|油管护套/液压防护件|油管护套	油管护套/液压防护件(候选)	high
human_confirmation_required	sku	PIPE-000399	MT-B036CD1B4E91	液压气动|油管护套/液压防护件|油管护套	高风险分类:液压气动	medium
candidate_family	sku	PIPE-000400	MT-B036CD1B4E91	液压气动|油管护套/液压防护件|油管护套	油管护套/液压防护件(候选)	high
human_confirmation_required	sku	PIPE-000400	MT-B036CD1B4E91	液压气动|油管护套/液压防护件|油管护套	高风险分类:液压气动	medium
candidate_family	sku	PIPE-000401	MT-B036CD1B4E91	液压气动|油管护套/液压防护件|油管护套	油管护套/液压防护件(候选)	high
human_confirmation_required	sku	PIPE-000401	MT-B036CD1B4E91	液压气动|油管护套/液压防护件|油管护套	高风险分类:液压气动	medium
candidate_family	sku	PIPE-000402	MT-B036CD1B4E91	液压气动|油管护套/液压防护件|油管护套	油管护套/液压防护件(候选)	high
human_confirmation_required	sku	PIPE-000402	MT-B036CD1B4E91	液压气动|油管护套/液压防护件|油管护套	高风险分类:液压气动	medium
candidate_family	sku	PIPE-000403	MT-B036CD1B4E91	液压气动|油管护套/液压防护件|油管护套	油管护套/液压防护件(候选)	high
human_confirmation_required	sku	PIPE-000403	MT-B036CD1B4E91	液压气动|油管护套/液压防护件|油管护套	高风险分类:液压气动	medium
missing_required_specs	sku	PIPE-000404	MT-B12FD5DBC7DB	管材管件阀门|直接/接头|堵头/管帽	specification,定制	high
missing_required_specs	sku	PIPE-000405	MT-B12FD5DBC7DB	管材管件阀门|直接/接头|堵头/管帽	specification,定制	high
missing_required_specs	sku	PIPE-000406	MT-B12FD5DBC7DB	管材管件阀门|直接/接头|堵头/管帽	定制	high
missing_required_specs	sku	PIPE-000407	MT-B12FD5DBC7DB	管材管件阀门|直接/接头|堵头/管帽	定制	high
human_confirmation_required	sku	PIPE-000410	MT-AF8712369D87	液压气动|液压接头|两半扣	高风险分类:液压气动	medium
missing_required_specs	sku	PIPE-000412	MT-65EDECEFA943	管材管件阀门|直接/接头|直接/直通	length,结构	high
missing_required_specs	sku	PIPE-000413	MT-65EDECEFA943	管材管件阀门|直接/接头|直接/直通	length,结构	high
missing_required_specs	sku	PIPE-000414	MT-A0C2DB7D99C4	管材管件阀门|管材|直管	特征	high
missing_required_specs	sku	PIPE-000415	MT-A0C2DB7D99C4	管材管件阀门|管材|直管	特征	high
missing_required_specs	sku	PIPE-000419	MT-B73845831771	管材管件阀门|直接/接头|异径接头/大小头	连接	high
missing_required_specs	sku	PIPE-000421	MT-89801A347A89	管材管件阀门|阀门|止回阀	connection_type,brand	high
missing_required_specs	sku	PIPE-000422	MT-A0C2DB7D99C4	管材管件阀门|管材|直管	特征	high
missing_required_specs	sku	PIPE-000424	MT-E25A0D251603	管材管件阀门|三通|三通	壁厚,接口,用途/系统,连接	high
missing_required_specs	sku	PIPE-000425	MT-2E601099ECB7	管材管件阀门|弯头|弯头	nominal_diameter,surface_treatment,壁厚,接口,特征,连接	high
missing_required_specs	sku	PIPE-000426	MT-2E601099ECB7	管材管件阀门|弯头|弯头	nominal_diameter,surface_treatment,壁厚,接口,特征,连接	high
missing_required_specs	sku	PIPE-000427	MT-65EDECEFA943	管材管件阀门|直接/接头|直接/直通	length,接口,结构	high
missing_required_specs	sku	PIPE-000428	MT-65EDECEFA943	管材管件阀门|直接/接头|直接/直通	length,结构	high
missing_required_specs	sku	PIPE-000429	MT-65EDECEFA943	管材管件阀门|直接/接头|直接/直通	length,结构	high
missing_required_specs	sku	PIPE-000430	MT-65EDECEFA943	管材管件阀门|直接/接头|直接/直通	length,结构	high
missing_required_specs	sku	PIPE-000431	MT-D628566F8241	管材管件阀门|阀门|蝶阀	brand,特征,结构,驱动	high
missing_required_specs	sku	PIPE-000432	MT-D628566F8241	管材管件阀门|阀门|蝶阀	brand,特征,结构,驱动	high
missing_required_specs	sku	PIPE-000433	MT-E25A0D251603	管材管件阀门|三通|三通	壁厚,接口,用途/系统,连接	high
missing_required_specs	sku	PIPE-000434	MT-2E601099ECB7	管材管件阀门|弯头|弯头	specification,material,壁厚,特征,角度,连接	high
missing_required_specs	sku	PIPE-000435	MT-2E601099ECB7	管材管件阀门|弯头|弯头	specification,material,壁厚,特征,角度,连接	high
missing_required_specs	sku	PIPE-000436	MT-B73845831771	管材管件阀门|直接/接头|异径接头/大小头	接口	high
missing_required_specs	sku	PIPE-000437	MT-B73845831771	管材管件阀门|直接/接头|异径接头/大小头	接口	high
missing_required_specs	sku	PIPE-000438	MT-C1D1A211E2A6	液压气动|胶管总成|胶管总成	layer_count	high
human_confirmation_required	sku	PIPE-000438	MT-C1D1A211E2A6	液压气动|胶管总成|胶管总成	高风险分类:液压气动	medium
missing_required_specs	sku	PIPE-000440	MT-2E601099ECB7	管材管件阀门|弯头|弯头	specification,material,壁厚,特征,角度,连接	high
missing_required_specs	sku	PIPE-000441	MT-BB52294E38A3	管材管件阀门|阀门|球阀	connection_type,pressure,brand,接口,特征,结构	high
missing_required_specs	sku	PIPE-000442	MT-65EDECEFA943	管材管件阀门|直接/接头|直接/直通	结构	high
human_confirmation_required	sku	PIPE-000443	MT-5558644455AF	液压气动|液压接头|对丝接头	高风险分类:液压气动	medium
missing_required_specs	sku	PIPE-000444	MT-A5FC75183701	定制加工件|定制管路件|弯头加工件	nominal_diameter,特征,连接,适用设备	high
human_confirmation_required	sku	PIPE-000445	MT-D5CE3F4F02F6	液压气动|液压接头|变径对丝接头	高风险分类:液压气动	medium
missing_required_specs	sku	PIPE-000448	MT-65EDECEFA943	管材管件阀门|直接/接头|直接/直通	length,结构	high
missing_required_specs	sku	PIPE-000449	MT-2E601099ECB7	管材管件阀门|弯头|弯头	nominal_diameter,surface_treatment,壁厚,接口,特征	high
missing_required_specs	sku	PIPE-000451	MT-65EDECEFA943	管材管件阀门|直接/接头|直接/直通	结构	high
missing_required_specs	sku	PIPE-000453	MT-C2E807E3B35D	管材管件阀门|管材|软管	length,特征	high
missing_required_specs	sku	PIPE-000454	MT-7734D60F0E36	紧固件与连接件|管卡/抱箍|卡箍	brand	high
missing_required_specs	sku	PIPE-000455	MT-65EDECEFA943	管材管件阀门|直接/接头|直接/直通	结构	high
missing_required_specs	sku	PIPE-000456	MT-B73845831771	管材管件阀门|直接/接头|异径接头/大小头	接口	high
missing_required_specs	sku	PIPE-000457	MT-34EC6C6B77DF	定制加工件|定制管路件|管加工件	specification,加工内容,壁厚,接口	high
missing_required_specs	sku	PIPE-000458	MT-65EDECEFA943	管材管件阀门|直接/接头|直接/直通	length,接口,结构	high
missing_required_specs	sku	PIPE-000459	MT-8EE78708B115	紧固件与连接件|管卡/抱箍|骑马卡	nominal_diameter,thickness	high
missing_required_specs	sku	PIPE-000462	MT-E25A0D251603	管材管件阀门|三通|三通	壁厚,接口,用途/系统,连接	high
missing_required_specs	sku	PIPE-000463	MT-2E601099ECB7	管材管件阀门|弯头|弯头	nominal_diameter,surface_treatment,壁厚,接口,特征,角度,连接	high
missing_required_specs	sku	PIPE-000464	MT-65EDECEFA943	管材管件阀门|直接/接头|直接/直通	length,接口,结构	high
missing_required_specs	sku	PIPE-000465	MT-A0C2DB7D99C4	管材管件阀门|管材|直管	特征	high
missing_required_specs	sku	PIPE-000466	MT-2E601099ECB7	管材管件阀门|弯头|弯头	nominal_diameter,surface_treatment,壁厚,接口,特征,角度,连接	high
missing_required_specs	sku	PIPE-000467	MT-89801A347A89	管材管件阀门|阀门|止回阀	connection_type,brand	high
missing_required_specs	sku	PIPE-000468	MT-E25A0D251603	管材管件阀门|三通|三通	壁厚,接口,用途/系统,连接	high
missing_required_specs	sku	PIPE-000469	MT-34EC6C6B77DF	定制加工件|定制管路件|管加工件	specification,加工内容,壁厚	high
missing_required_specs	sku	PIPE-000470	MT-65EDECEFA943	管材管件阀门|直接/接头|直接/直通	length,结构	high
human_confirmation_required	sku	PIPE-000471	MT-5798396E9863	液压气动|液压接头|变径接头	高风险分类:液压气动	medium
missing_required_specs	sku	PIPE-000472	MT-789AA435E423	焊接切割|气体减压附件|气体软管	管型	high
human_confirmation_required	sku	PIPE-000472	MT-789AA435E423	焊接切割|气体减压附件|气体软管	高风险分类:焊接切割	medium
missing_required_specs	sku	PIPE-000473	MT-789AA435E423	焊接切割|气体减压附件|气体软管	管型	high
human_confirmation_required	sku	PIPE-000473	MT-789AA435E423	焊接切割|气体减压附件|气体软管	高风险分类:焊接切割	medium
missing_required_specs	sku	PIPE-000474	MT-DE727D19AAD0	紧固件与连接件|管卡/抱箍|抱箍	型式,特征	high
missing_required_specs	sku	PIPE-000475	MT-8F8AE5C9A2D1	管材管件阀门|管材|水带	material,working_pressure,特征	high
human_confirmation_required	sku	PIPE-000476	MT-3122144170C2	焊接切割|气体减压附件|软管卡箍	高风险分类:焊接切割	medium
missing_required_specs	sku	PIPE-000477	MT-E25A0D251603	管材管件阀门|三通|三通	壁厚,接口,用途/系统,连接	high
missing_required_specs	sku	PIPE-000478	MT-2E601099ECB7	管材管件阀门|弯头|弯头	specification,material,壁厚,接口,特征,角度,连接	high
missing_required_specs	sku	PIPE-000479	MT-BB52294E38A3	管材管件阀门|阀门|球阀	connection_type,pressure,工况,接口,特征	high
missing_required_specs	sku	PIPE-000480	MT-B73845831771	管材管件阀门|直接/接头|异径接头/大小头	接口	high
human_confirmation_required	sku	PIPE-000481	MT-AF8712369D87	液压气动|液压接头|两半扣	高风险分类:液压气动	medium
human_confirmation_required	sku	PIPE-000482	MT-AF8712369D87	液压气动|液压接头|两半扣	高风险分类:液压气动	medium
missing_required_specs	sku	PIPE-000483	MT-65EDECEFA943	管材管件阀门|直接/接头|直接/直通	length	high
missing_required_specs	sku	PIPE-000485	MT-2E601099ECB7	管材管件阀门|弯头|弯头	specification,material,壁厚,接口,特征,角度,连接	high
missing_required_specs	sku	PIPE-000486	MT-65EDECEFA943	管材管件阀门|直接/接头|直接/直通	length,结构	high
missing_required_specs	sku	PIPE-000487	MT-E25A0D251603	管材管件阀门|三通|三通	壁厚,接口,用途/系统,连接	high
missing_required_specs	sku	PIPE-000489	MT-1437C1B86ADE	管材管件阀门|直接/接头|快速接头	nominal_diameter,connection_type	high
missing_required_specs	sku	PIPE-000490	MT-DB7242EB7AE9	液压气动|高压油管/胶管|高压钢丝软管	specification	high
human_confirmation_required	sku	PIPE-000490	MT-DB7242EB7AE9	液压气动|高压油管/胶管|高压钢丝软管	高风险分类:液压气动	medium
missing_required_specs	sku	PIPE-000491	MT-BB52294E38A3	管材管件阀门|阀门|球阀	connection_type,pressure,brand,工况,接口,特征,结构	high
missing_required_specs	sku	PIPE-000492	MT-BB52294E38A3	管材管件阀门|阀门|球阀	connection_type,pressure,brand,工况,接口,特征,结构	high
missing_required_specs	sku	PIPE-000493	MT-BB52294E38A3	管材管件阀门|阀门|球阀	connection_type,pressure,brand,工况,接口,特征,结构	high
missing_required_specs	sku	PIPE-000494	MT-BB52294E38A3	管材管件阀门|阀门|球阀	connection_type,pressure,brand,工况,接口,特征,结构	high
missing_required_specs	sku	PIPE-000495	MT-D628566F8241	管材管件阀门|阀门|蝶阀	brand,特征	high
missing_required_specs	sku	SAFE-000001	MT-A6481AC7E3DF	劳保防护|手套|手套	length,thickness,process,加厚,类型	high
human_confirmation_required	sku	SAFE-000001	MT-A6481AC7E3DF	劳保防护|手套|手套	高风险分类:劳保防护	medium
missing_required_specs	sku	SAFE-000002	MT-9266F9EAA9BD	劳保防护|眼面防护|防护眼镜	color,类型,镜框,镜片,镜片类型	high
human_confirmation_required	sku	SAFE-000002	MT-9266F9EAA9BD	劳保防护|眼面防护|防护眼镜	高风险分类:劳保防护	medium
missing_required_specs	sku	SAFE-000004	MT-A284F23B896D	劳保防护|眼面防护|焊工眼镜	类型	high
human_confirmation_required	sku	SAFE-000004	MT-A284F23B896D	劳保防护|眼面防护|焊工眼镜	高风险分类:劳保防护	medium
missing_required_specs	sku	SAFE-000005	MT-A6481AC7E3DF	劳保防护|手套|手套	length,thickness,process,类型	high
human_confirmation_required	sku	SAFE-000005	MT-A6481AC7E3DF	劳保防护|手套|手套	高风险分类:劳保防护	medium
missing_required_specs	sku	SAFE-000006-V1	MT-A6481AC7E3DF	劳保防护|手套|手套	thickness,process,layer_count,类型	high
human_confirmation_required	sku	SAFE-000006-V1	MT-A6481AC7E3DF	劳保防护|手套|手套	高风险分类:劳保防护	medium
missing_required_specs	sku	SAFE-000007-V1	MT-A6481AC7E3DF	劳保防护|手套|手套	thickness,process,layer_count,类型	high
human_confirmation_required	sku	SAFE-000007-V1	MT-A6481AC7E3DF	劳保防护|手套|手套	高风险分类:劳保防护	medium
missing_required_specs	sku	SAFE-000008	MT-9266F9EAA9BD	劳保防护|眼面防护|防护眼镜	类型,镜框,镜片,镜片类型	high
human_confirmation_required	sku	SAFE-000008	MT-9266F9EAA9BD	劳保防护|眼面防护|防护眼镜	高风险分类:劳保防护	medium
human_confirmation_required	sku	SAFE-000009	MT-DBF672DCB4A7	劳保防护|急救用品|碘伏	高风险分类:劳保防护	medium
human_confirmation_required	sku	SAFE-000010	MT-C83489A43472	劳保防护|急救用品|创可贴	高风险分类:劳保防护	medium
human_confirmation_required	sku	SAFE-000011	MT-41E4A4D4AFD8	劳保防护|急救用品|医用绷带	高风险分类:劳保防护	medium
human_confirmation_required	sku	SAFE-000013	MT-A9DCE2483432	劳保防护|呼吸防护|口罩	高风险分类:劳保防护	medium
human_confirmation_required	sku	SAFE-000014	MT-CC06F9AEC06D	劳保防护|急救用品|医用胶带	高风险分类:劳保防护	medium
missing_required_specs	sku	SAFE-000015	MT-EE4ABDB0A7F6	劳保防护|安全带/安全绳|五点式安全带	类型,缓冲	high
human_confirmation_required	sku	SAFE-000015	MT-EE4ABDB0A7F6	劳保防护|安全带/安全绳|五点式安全带	高风险分类:劳保防护；安全/压力/化学相关物料	medium
missing_required_specs	sku	SAFE-000016	MT-A6481AC7E3DF	劳保防护|手套|手套	color,layer_count,加厚,类型	high
human_confirmation_required	sku	SAFE-000016	MT-A6481AC7E3DF	劳保防护|手套|手套	高风险分类:劳保防护	medium
missing_required_specs	sku	SAFE-000018	MT-9266F9EAA9BD	劳保防护|眼面防护|防护眼镜	color,类型,镜框,镜片	high
human_confirmation_required	sku	SAFE-000018	MT-9266F9EAA9BD	劳保防护|眼面防护|防护眼镜	高风险分类:劳保防护	medium
missing_required_specs	sku	SAFE-000020	MT-A6481AC7E3DF	劳保防护|手套|手套	length,thickness,process,类型	high
human_confirmation_required	sku	SAFE-000020	MT-A6481AC7E3DF	劳保防护|手套|手套	高风险分类:劳保防护	medium
human_confirmation_required	sku	SAFE-000021	MT-DE02CACB686F	劳保防护|安全帽/头部防护|草帽	高风险分类:劳保防护	medium
missing_required_specs	sku	SAFE-000022	MT-D71F5D1CC8E5	劳保防护|手套|焊工手套	特征	high
human_confirmation_required	sku	SAFE-000022	MT-D71F5D1CC8E5	劳保防护|手套|焊工手套	高风险分类:劳保防护	medium
missing_required_specs	sku	SAFE-000023	MT-91297AD3E5AA	安全消防|安全警示|路锥	specification	high
human_confirmation_required	sku	SAFE-000023	MT-91297AD3E5AA	安全消防|安全警示|路锥	高风险分类:安全消防	medium
human_confirmation_required	sku	SAFE-000024	MT-C2F752EC5808	劳保防护|足部防护|劳保鞋	高风险分类:劳保防护	medium
missing_required_specs	sku	SAFE-000025	MT-39D10D870241	安全消防|安全网/防护网|安全网	material	high
human_confirmation_required	sku	SAFE-000025	MT-39D10D870241	安全消防|安全网/防护网|安全网	高风险分类:安全消防	medium
missing_required_specs	sku	SAFE-000026	MT-4F78822ABABC	劳保防护|安全带/安全绳|安全绳	diameter,material	high
human_confirmation_required	sku	SAFE-000026	MT-4F78822ABABC	劳保防护|安全带/安全绳|安全绳	高风险分类:劳保防护；安全/压力/化学相关物料	medium
missing_required_specs	sku	SAFE-000027	MT-94107E95E202	劳保防护|雨具|雨衣	套装,特征	high
human_confirmation_required	sku	SAFE-000027	MT-94107E95E202	劳保防护|雨具|雨衣	高风险分类:劳保防护	medium
human_confirmation_required	sku	SAFE-000028	MT-A0858BCEAA10	安全消防|安全警示|反射片	高风险分类:安全消防	medium
human_confirmation_required	sku	SAFE-000029	MT-A0858BCEAA10	安全消防|安全警示|反射片	高风险分类:安全消防	medium
human_confirmation_required	sku	SAFE-000031	MT-82B426D72C98	安全消防|安全网/防护网|防坠安全网	高风险分类:安全消防	medium
human_confirmation_required	sku	SAFE-000032	MT-5492BDAC8061	劳保防护|急救用品|电子血压计	高风险分类:劳保防护	medium
human_confirmation_required	sku	SAFE-000033	MT-6D09B377701E	劳保防护|安全帽/头部防护|安全帽配件	高风险分类:劳保防护	medium
human_confirmation_required	sku	SAFE-000035	MT-1FFD9DD105A0	安全消防|消防器材|灭火器	高风险分类:安全消防；安全/压力/化学相关物料	medium
human_confirmation_required	sku	SAFE-000036	MT-79AB73C59FF6	安全消防|消防器材|消防箱	高风险分类:安全消防	medium
human_confirmation_required	sku	SAFE-000037	MT-BF429C0372D8	安全消防|安全警示|防撞条	高风险分类:安全消防	medium
human_confirmation_required	sku	SAFE-000038	MT-91297AD3E5AA	安全消防|安全警示|路锥	高风险分类:安全消防	medium
missing_required_specs	sku	SAFE-000039	MT-136029D24198	安全消防|围挡护栏|伸缩杆	收缩长度,最大延伸,管径	high
human_confirmation_required	sku	SAFE-000039	MT-136029D24198	安全消防|围挡护栏|伸缩杆	高风险分类:安全消防	medium
human_confirmation_required	sku	SAFE-000040	MT-134E7E617161	安全消防|安全警示|警示牌	高风险分类:安全消防	medium
human_confirmation_required	sku	SAFE-000046	MT-9FEA51EF86CA	劳保防护|急救用品|纱布	高风险分类:劳保防护	medium
missing_required_specs	sku	SAFE-000047	MT-94107E95E202	劳保防护|雨具|雨衣	套装,类型	high
human_confirmation_required	sku	SAFE-000047	MT-94107E95E202	劳保防护|雨具|雨衣	高风险分类:劳保防护	medium
human_confirmation_required	sku	SAFE-000048	MT-14037C946BF7	劳保防护|眼面防护|焊接面罩	高风险分类:劳保防护	medium
missing_required_specs	sku	SAFE-000049	MT-1749C009EF50	劳保防护|足部防护|雨鞋	特征	high
human_confirmation_required	sku	SAFE-000049	MT-1749C009EF50	劳保防护|足部防护|雨鞋	高风险分类:劳保防护	medium
human_confirmation_required	sku	SAFE-000050	MT-1749C009EF50	劳保防护|足部防护|雨鞋	高风险分类:劳保防护	medium
human_confirmation_required	sku	SAFE-000052	MT-A4D9584C44CE	劳保防护|足部防护|鞋垫	高风险分类:劳保防护	medium
human_confirmation_required	sku	SAFE-000053	MT-B133E6BA9167	安全消防|消防管件|蝶阀	高风险分类:安全消防	medium
missing_required_specs	sku	SAFE-000054	MT-D71F5D1CC8E5	劳保防护|手套|焊工手套	特征	high
human_confirmation_required	sku	SAFE-000054	MT-D71F5D1CC8E5	劳保防护|手套|焊工手套	高风险分类:劳保防护	medium
missing_required_specs	sku	SAFE-000055	MT-A6481AC7E3DF	劳保防护|手套|手套	thickness,color,process,layer_count,加厚	high
human_confirmation_required	sku	SAFE-000055	MT-A6481AC7E3DF	劳保防护|手套|手套	高风险分类:劳保防护	medium
missing_required_specs	sku	SAFE-000057	MT-94107E95E202	劳保防护|雨具|雨衣	套装	high
human_confirmation_required	sku	SAFE-000057	MT-94107E95E202	劳保防护|雨具|雨衣	高风险分类:劳保防护	medium
missing_required_specs	sku	SAFE-000058	MT-94107E95E202	劳保防护|雨具|雨衣	类型	high
human_confirmation_required	sku	SAFE-000058	MT-94107E95E202	劳保防护|雨具|雨衣	高风险分类:劳保防护	medium
missing_required_specs	sku	SAFE-000059	MT-D71F5D1CC8E5	劳保防护|手套|焊工手套	specification,类型	high
human_confirmation_required	sku	SAFE-000059	MT-D71F5D1CC8E5	劳保防护|手套|焊工手套	高风险分类:劳保防护	medium
human_confirmation_required	sku	SAFE-000061	MT-8706701BD51D	安全消防|安全警示|减速带	高风险分类:安全消防	medium
missing_required_specs	sku	SAFE-000062	MT-A6481AC7E3DF	劳保防护|手套|手套	thickness,color,process,layer_count,加厚	high
human_confirmation_required	sku	SAFE-000062	MT-A6481AC7E3DF	劳保防护|手套|手套	高风险分类:劳保防护	medium
human_confirmation_required	sku	SAFE-000063	MT-94D8E81D1D8D	安全消防|地面防护|防滑橡胶垫	高风险分类:安全消防	medium
missing_required_specs	sku	SAFE-000064	MT-39D10D870241	安全消防|安全网/防护网|安全网	特征,目数	high
human_confirmation_required	sku	SAFE-000064	MT-39D10D870241	安全消防|安全网/防护网|安全网	高风险分类:安全消防	medium
missing_required_specs	sku	SAFE-000065	MT-1EF1E4D71218	安全消防|安全警示|反光警示带	brand	high
human_confirmation_required	sku	SAFE-000065	MT-1EF1E4D71218	安全消防|安全警示|反光警示带	高风险分类:安全消防	medium
missing_required_specs	sku	SAFE-000068	MT-9266F9EAA9BD	劳保防护|眼面防护|防护眼镜	类型,镜框,镜片	high
human_confirmation_required	sku	SAFE-000068	MT-9266F9EAA9BD	劳保防护|眼面防护|防护眼镜	高风险分类:劳保防护	medium
human_confirmation_required	sku	SAFE-000071	MT-D3C544EF30A4	安全消防|安全警示|太阳能爆闪灯	高风险分类:安全消防	medium
human_confirmation_required	sku	SAFE-000072	MT-CBBE8A37E984	安全消防|围挡护栏|电箱围栏	高风险分类:安全消防	medium
human_confirmation_required	sku	SAFE-000074	MT-89717F4D947D	劳保防护|安全带/安全绳|防坠器	高风险分类:劳保防护；安全/压力/化学相关物料	medium
human_confirmation_required	sku	SAFE-000075	MT-1FFD9DD105A0	安全消防|消防器材|灭火器	高风险分类:安全消防；安全/压力/化学相关物料	medium
human_confirmation_required	sku	SAFE-000076	MT-D0E380210218	安全消防|消防器材|灭火器箱	高风险分类:安全消防；安全/压力/化学相关物料	medium
human_confirmation_required	sku	SAFE-000077	MT-1749C009EF50	劳保防护|足部防护|雨鞋	高风险分类:劳保防护	medium
human_confirmation_required	sku	SAFE-000079	MT-2ADD0B74CB32	安全消防|安全警示|立式灭火标志	高风险分类:安全消防；安全/压力/化学相关物料	medium
missing_required_specs	sku	SAFE-000080	MT-EE4ABDB0A7F6	劳保防护|安全带/安全绳|五点式安全带	挂钩,款式	high
human_confirmation_required	sku	SAFE-000080	MT-EE4ABDB0A7F6	劳保防护|安全带/安全绳|五点式安全带	高风险分类:劳保防护；安全/压力/化学相关物料	medium
human_confirmation_required	sku	SAFE-000081	MT-E14525C86C5A	劳保防护|身体防护|救生衣	高风险分类:劳保防护	medium
human_confirmation_required	sku	SAFE-000082	MT-14037C946BF7	劳保防护|眼面防护|焊接面罩	高风险分类:劳保防护	medium
missing_required_specs	sku	SAFE-000086	MT-8581CE44DCF8	安全消防|消防管件|消防水带	特性	high
human_confirmation_required	sku	SAFE-000086	MT-8581CE44DCF8	安全消防|消防管件|消防水带	高风险分类:安全消防	medium
missing_required_specs	sku	SAFE-000087	MT-8581CE44DCF8	安全消防|消防管件|消防水带	特性	high
human_confirmation_required	sku	SAFE-000087	MT-8581CE44DCF8	安全消防|消防管件|消防水带	高风险分类:安全消防	medium
missing_required_specs	sku	SAFE-000088	MT-39D10D870241	安全消防|安全网/防护网|安全网	特征,目数	high
human_confirmation_required	sku	SAFE-000088	MT-39D10D870241	安全消防|安全网/防护网|安全网	高风险分类:安全消防	medium
human_confirmation_required	sku	SAFE-000089	MT-83CD49BCE40D	劳保防护|身体防护|防护服	高风险分类:劳保防护	medium
human_confirmation_required	sku	SAFE-000090	MT-445714EAB465	安全消防|消防管件|阀门	高风险分类:安全消防	medium
missing_required_specs	sku	SAFE-000091	MT-A6481AC7E3DF	劳保防护|手套|手套	length,thickness,process,layer_count,类型	high
human_confirmation_required	sku	SAFE-000091	MT-A6481AC7E3DF	劳保防护|手套|手套	高风险分类:劳保防护	medium
missing_required_specs	sku	SAFE-000060	MT-39D10D870241	安全消防|安全网/防护网|安全网	目数,类型	high
human_confirmation_required	sku	SAFE-000060	MT-39D10D870241	安全消防|安全网/防护网|安全网	高风险分类:安全消防	medium
missing_required_specs	sku	SAFE-000095	MT-9266F9EAA9BD	劳保防护|眼面防护|防护眼镜	color,镜片类型	high
human_confirmation_required	sku	SAFE-000095	MT-9266F9EAA9BD	劳保防护|眼面防护|防护眼镜	高风险分类:劳保防护	medium
missing_required_specs	sku	SAFE-000096	MT-A6481AC7E3DF	劳保防护|手套|手套	length,thickness,process,layer_count,加厚,类型	high
human_confirmation_required	sku	SAFE-000096	MT-A6481AC7E3DF	劳保防护|手套|手套	高风险分类:劳保防护	medium
missing_required_specs	sku	SAFE-000097	MT-A6481AC7E3DF	劳保防护|手套|手套	thickness,process,layer_count,加厚,类型	high
human_confirmation_required	sku	SAFE-000097	MT-A6481AC7E3DF	劳保防护|手套|手套	高风险分类:劳保防护	medium
human_confirmation_required	sku	SAFE-000098	MT-86E00E488E42	劳保防护|呼吸防护|防尘面罩	高风险分类:劳保防护	medium
human_confirmation_required	sku	SAFE-000099	MT-00FB6BF0EEE6	劳保防护|呼吸防护|防尘面罩滤芯	高风险分类:劳保防护	medium
missing_required_specs	sku	SAFE-000100	MT-A6481AC7E3DF	劳保防护|手套|手套	thickness,process,layer_count,加厚,类型	high
human_confirmation_required	sku	SAFE-000100	MT-A6481AC7E3DF	劳保防护|手套|手套	高风险分类:劳保防护	medium
missing_required_specs	sku	SAFE-000101	MT-4F78822ABABC	劳保防护|安全带/安全绳|安全绳	承重,挂钩,类型	high
human_confirmation_required	sku	SAFE-000101	MT-4F78822ABABC	劳保防护|安全带/安全绳|安全绳	高风险分类:劳保防护；安全/压力/化学相关物料	medium
missing_required_specs	sku	SAFE-000102	MT-A9DCE2483432	劳保防护|呼吸防护|口罩	layer_count	high
human_confirmation_required	sku	SAFE-000102	MT-A9DCE2483432	劳保防护|呼吸防护|口罩	高风险分类:劳保防护	medium
missing_required_specs	sku	SAFE-000106	MT-A9DCE2483432	劳保防护|呼吸防护|口罩	layer_count	high
human_confirmation_required	sku	SAFE-000106	MT-A9DCE2483432	劳保防护|呼吸防护|口罩	高风险分类:劳保防护	medium
missing_required_specs	sku	SAFE-000107	MT-9266F9EAA9BD	劳保防护|眼面防护|防护眼镜	color,镜框,镜片,镜片类型	high
human_confirmation_required	sku	SAFE-000107	MT-9266F9EAA9BD	劳保防护|眼面防护|防护眼镜	高风险分类:劳保防护	medium
human_confirmation_required	sku	SAFE-000110	MT-14037C946BF7	劳保防护|眼面防护|焊接面罩	高风险分类:劳保防护	medium
human_confirmation_required	sku	SAFE-000111	MT-A573E2E3F615	安全消防|消防器材|消防铲	高风险分类:安全消防	medium
missing_required_specs	sku	SAFE-000113	MT-A6481AC7E3DF	劳保防护|手套|手套	thickness,color,layer_count,加厚,类型	high
human_confirmation_required	sku	SAFE-000113	MT-A6481AC7E3DF	劳保防护|手套|手套	高风险分类:劳保防护	medium
human_confirmation_required	sku	SAFE-000115	MT-9B733ADF90DE	安全消防|安全网/防护网|密目安全网	高风险分类:安全消防	medium
missing_required_specs	sku	SAFE-000116	MT-A284F23B896D	劳保防护|眼面防护|焊工眼镜	遮光等级	high
human_confirmation_required	sku	SAFE-000116	MT-A284F23B896D	劳保防护|眼面防护|焊工眼镜	高风险分类:劳保防护	medium
human_confirmation_required	sku	SAFE-000117	MT-2F9B1A6891FB	劳保防护|眼面防护|焊罩镜片	高风险分类:劳保防护	medium
missing_required_specs	sku	SAFE-000118	MT-EE4ABDB0A7F6	劳保防护|安全带/安全绳|五点式安全带	款式,缓冲	high
human_confirmation_required	sku	SAFE-000118	MT-EE4ABDB0A7F6	劳保防护|安全带/安全绳|五点式安全带	高风险分类:劳保防护；安全/压力/化学相关物料	medium
missing_required_specs	sku	SAFE-000120	MT-EE4ABDB0A7F6	劳保防护|安全带/安全绳|五点式安全带	款式,缓冲	high
human_confirmation_required	sku	SAFE-000120	MT-EE4ABDB0A7F6	劳保防护|安全带/安全绳|五点式安全带	高风险分类:劳保防护；安全/压力/化学相关物料	medium
human_confirmation_required	sku	SAFE-000123	MT-8581CE44DCF8	安全消防|消防管件|消防水带	高风险分类:安全消防	medium
human_confirmation_required	sku	SAFE-000125	MT-1EF1E4D71218	安全消防|安全警示|反光警示带	高风险分类:安全消防	medium
human_confirmation_required	sku	SAFE-000126	MT-E26BA4405A62	安全消防|安全警示|反光踢脚板	高风险分类:安全消防	medium
human_confirmation_required	sku	SAFE-000127	MT-0311ABAE51A5	劳保防护|急救用品|红花油	高风险分类:劳保防护	medium
human_confirmation_required	sku	SAFE-000128	MT-1749C009EF50	劳保防护|足部防护|雨鞋	高风险分类:劳保防护	medium
missing_required_specs	sku	SAFE-000129	MT-4F78822ABABC	劳保防护|安全带/安全绳|安全绳	承重,挂钩,类型	high
human_confirmation_required	sku	SAFE-000129	MT-4F78822ABABC	劳保防护|安全带/安全绳|安全绳	高风险分类:劳保防护；安全/压力/化学相关物料	medium
human_confirmation_required	sku	SAFE-000130	MT-17699DF79C18	劳保防护|身体防护|下水裤	高风险分类:劳保防护	medium
human_confirmation_required	sku	SAFE-000131	MT-8581CE44DCF8	安全消防|消防管件|消防水带	高风险分类:安全消防	medium
missing_required_specs	sku	SAFE-000132	MT-44C5A42B3CA8	工具量具|登高工具|铝合金梯	specification,型式	high
candidate_family	sku	SAFE-000132	MT-44C5A42B3CA8	工具量具|登高工具|铝合金梯	登高工具(候选新增)	high
human_confirmation_required	sku	SAFE-000134	MT-7E89AF39C876	安全消防|消防管件|消防枪头接头套件	高风险分类:安全消防	medium
human_confirmation_required	sku	SAFE-000135	MT-7E89AF39C876	安全消防|消防管件|消防枪头接头套件	高风险分类:安全消防	medium
human_confirmation_required	sku	SAFE-000136	MT-D91FBDDDC046	安全消防|消防管件|消防枪头	高风险分类:安全消防	medium
human_confirmation_required	sku	SAFE-000137	MT-A255E62120C8	安全消防|消防管件|消防快速接头	高风险分类:安全消防	medium
missing_required_specs	sku	SAFE-000138	MT-4F78822ABABC	劳保防护|安全带/安全绳|安全绳	承重,挂钩,类型	high
human_confirmation_required	sku	SAFE-000138	MT-4F78822ABABC	劳保防护|安全带/安全绳|安全绳	高风险分类:劳保防护；安全/压力/化学相关物料	medium
missing_required_specs	sku	SAFE-000139	MT-4F78822ABABC	劳保防护|安全带/安全绳|安全绳	承重,挂钩,类型	high
human_confirmation_required	sku	SAFE-000139	MT-4F78822ABABC	劳保防护|安全带/安全绳|安全绳	高风险分类:劳保防护；安全/压力/化学相关物料	medium
missing_required_specs	sku	SAFE-000140	MT-4F78822ABABC	劳保防护|安全带/安全绳|安全绳	承重,挂钩,类型	high
human_confirmation_required	sku	SAFE-000140	MT-4F78822ABABC	劳保防护|安全带/安全绳|安全绳	高风险分类:劳保防护；安全/压力/化学相关物料	medium
missing_required_specs	sku	SAFE-000141	MT-A6481AC7E3DF	劳保防护|手套|手套	thickness,color,layer_count,加厚,类型	high
human_confirmation_required	sku	SAFE-000141	MT-A6481AC7E3DF	劳保防护|手套|手套	高风险分类:劳保防护	medium
missing_required_specs	sku	SPARE-000005	MT-1B368FF30EFD	清洁办公后勤|门窗五金|合页	specification,process	high
missing_required_specs	sku	SPARE-000011	MT-0A0040E5C01B	紧固件与连接件|垫圈/垫片|垫片	specification,length,width,material,定制件,特征	high
missing_required_specs	sku	SPARE-000012	MT-1B368FF30EFD	清洁办公后勤|门窗五金|合页	specification,process	high
missing_required_specs	sku	SPARE-000013	MT-1B368FF30EFD	清洁办公后勤|门窗五金|合页	specification,process	high
standard_name_normalized	sku	SPARE-000014	MT-A751397AFB60	紧固件与连接件|螺丝/螺栓|螺栓	sku_level_token_removed_from_standard_name	info
standard_name_normalized	sku	SPARE-000014-68	MT-A751397AFB60	紧固件与连接件|螺丝/螺栓|螺栓	sku_level_token_removed_from_standard_name	info
standard_name_normalized	sku	SPARE-000015	MT-A751397AFB60	紧固件与连接件|螺丝/螺栓|螺栓	sku_level_token_removed_from_standard_name	info
standard_name_normalized	sku	SPARE-000015-68	MT-A751397AFB60	紧固件与连接件|螺丝/螺栓|螺栓	sku_level_token_removed_from_standard_name	info
standard_name_normalized	sku	SPARE-000016	MT-A751397AFB60	紧固件与连接件|螺丝/螺栓|螺栓	sku_level_token_removed_from_standard_name	info
standard_name_normalized	sku	SPARE-000016-68	MT-A751397AFB60	紧固件与连接件|螺丝/螺栓|螺栓	sku_level_token_removed_from_standard_name	info
standard_name_normalized	sku	SPARE-000017	MT-A751397AFB60	紧固件与连接件|螺丝/螺栓|螺栓	sku_level_token_removed_from_standard_name	info
standard_name_normalized	sku	SPARE-000017-68	MT-A751397AFB60	紧固件与连接件|螺丝/螺栓|螺栓	sku_level_token_removed_from_standard_name	info
standard_name_normalized	sku	SPARE-000018	MT-A751397AFB60	紧固件与连接件|螺丝/螺栓|螺栓	sku_level_token_removed_from_standard_name	info
standard_name_normalized	sku	SPARE-000018-68	MT-A751397AFB60	紧固件与连接件|螺丝/螺栓|螺栓	sku_level_token_removed_from_standard_name	info
standard_name_normalized	sku	SPARE-000019	MT-A751397AFB60	紧固件与连接件|螺丝/螺栓|螺栓	sku_level_token_removed_from_standard_name	info
standard_name_normalized	sku	SPARE-000019-68	MT-A751397AFB60	紧固件与连接件|螺丝/螺栓|螺栓	sku_level_token_removed_from_standard_name	info
standard_name_normalized	sku	SPARE-000020	MT-A751397AFB60	紧固件与连接件|螺丝/螺栓|螺栓	sku_level_token_removed_from_standard_name	info
standard_name_normalized	sku	SPARE-000020-68	MT-A751397AFB60	紧固件与连接件|螺丝/螺栓|螺栓	sku_level_token_removed_from_standard_name	info
missing_required_specs	sku	SPARE-000023	MT-0A0040E5C01B	紧固件与连接件|垫圈/垫片|垫片	specification,outer_diameter,inner_diameter,material,加工件,特征	high
standard_name_normalized	sku	SPARE-000034	MT-A751397AFB60	紧固件与连接件|螺丝/螺栓|螺栓	sku_level_token_removed_from_standard_name	info
standard_name_normalized	sku	SPARE-000034-68	MT-A751397AFB60	紧固件与连接件|螺丝/螺栓|螺栓	sku_level_token_removed_from_standard_name	info
missing_required_specs	sku	SPARE-000040	MT-80739C15B01A	紧固件与连接件|螺母|螺母	surface_treatment	high
missing_required_specs	sku	SPARE-000041	MT-80739C15B01A	紧固件与连接件|螺母|螺母	surface_treatment	high
missing_required_specs	sku	SPARE-000044	MT-A5FC75183701	定制加工件|定制管路件|弯头加工件	压力等级,结构,连接	high
standard_name_normalized	sku	SPARE-000048	MT-A751397AFB60	紧固件与连接件|螺丝/螺栓|螺栓	sku_level_token_removed_from_standard_name	info
standard_name_normalized	sku	SPARE-000048-68	MT-A751397AFB60	紧固件与连接件|螺丝/螺栓|螺栓	sku_level_token_removed_from_standard_name	info
missing_required_specs	sku	SPARE-000049	MT-80739C15B01A	紧固件与连接件|螺母|螺母	surface_treatment	high
missing_required_specs	sku	SPARE-000052	MT-25A290CB280E	金属材料|钢筋/线材|扎丝	diameter,color	high
missing_required_specs	sku	SPARE-000057	MT-D47D489C0E67	紧固件与连接件|螺杆/丝杆|螺杆	strength_grade	high
missing_required_specs	sku	SPARE-000058	MT-6267B4FC8AAC	施工机具设备|泵类设备|潜水泵	出口口径	high
missing_required_specs	sku	SPARE-000059	MT-25A290CB280E	金属材料|钢筋/线材|扎丝	length	high
missing_required_specs	sku	SPARE-000060	MT-25A290CB280E	金属材料|钢筋/线材|扎丝	length	high
standard_name_normalized	sku	SPARE-000065	MT-A751397AFB60	紧固件与连接件|螺丝/螺栓|螺栓	sku_level_token_removed_from_standard_name	info
standard_name_normalized	sku	SPARE-000065-68	MT-A751397AFB60	紧固件与连接件|螺丝/螺栓|螺栓	sku_level_token_removed_from_standard_name	info
standard_name_normalized	sku	SPARE-000068	MT-A751397AFB60	紧固件与连接件|螺丝/螺栓|螺栓	sku_level_token_removed_from_standard_name	info
standard_name_normalized	sku	SPARE-000068-68	MT-A751397AFB60	紧固件与连接件|螺丝/螺栓|螺栓	sku_level_token_removed_from_standard_name	info
standard_name_normalized	sku	SPARE-000071	MT-A751397AFB60	紧固件与连接件|螺丝/螺栓|螺栓	sku_level_token_removed_from_standard_name	info
standard_name_normalized	sku	SPARE-000071-68	MT-A751397AFB60	紧固件与连接件|螺丝/螺栓|螺栓	sku_level_token_removed_from_standard_name	info
standard_name_normalized	sku	SPARE-000077	MT-A751397AFB60	紧固件与连接件|螺丝/螺栓|螺栓	sku_level_token_removed_from_standard_name	info
standard_name_normalized	sku	SPARE-000077-68	MT-A751397AFB60	紧固件与连接件|螺丝/螺栓|螺栓	sku_level_token_removed_from_standard_name	info
standard_name_normalized	sku	SPARE-000079	MT-A751397AFB60	紧固件与连接件|螺丝/螺栓|螺栓	sku_level_token_removed_from_standard_name	info
standard_name_normalized	sku	SPARE-000079-68	MT-A751397AFB60	紧固件与连接件|螺丝/螺栓|螺栓	sku_level_token_removed_from_standard_name	info
missing_required_specs	sku	SPARE-000080	MT-80739C15B01A	紧固件与连接件|螺母|螺母	surface_treatment	high
standard_name_normalized	sku	SPARE-000082	MT-A751397AFB60	紧固件与连接件|螺丝/螺栓|螺栓	sku_level_token_removed_from_standard_name	info
standard_name_normalized	sku	SPARE-000082-68	MT-A751397AFB60	紧固件与连接件|螺丝/螺栓|螺栓	sku_level_token_removed_from_standard_name	info
missing_required_specs	sku	SPARE-000083	MT-899ABC76D991	定制加工件|定制结构件|垫木	length,截面	high
missing_required_specs	sku	SPARE-000084	MT-899ABC76D991	定制加工件|定制结构件|垫木	size	high
missing_required_specs	sku	SPARE-000086	MT-A4A644DD75BB	施工机具设备|泵类设备|增压泵	适用	high
missing_required_specs	sku	SPARE-000091	MT-B48EA527AE8B	设备备件|密封过滤件|滤芯	size,接口尺寸,适配设备	high
candidate_family	sku	SPARE-000096	MT-56DBA931D353	设备备件|设备垫块/缓冲件|设备垫块	设备垫块/缓冲件(候选)	high
missing_required_specs	sku	SPARE-000098	MT-1BA47C1E8F5D	设备备件|密封垫片|四氟垫片	inner_diameter,thickness	high
candidate_family	sku	SPARE-000100	MT-128B68B12836	施工机具设备|风机设备|鼓风机	风机设备(候选)	high
missing_required_specs	sku	SPARE-000101	MT-05E0C7156DE6	设备备件|密封过滤件|机械密封	material,规格/轴径	high
missing_required_specs	sku	SPARE-000104	MT-A4A644DD75BB	施工机具设备|泵类设备|增压泵	material	high
missing_required_specs	sku	SPARE-000105	MT-A4A644DD75BB	施工机具设备|泵类设备|增压泵	material	high
missing_required_specs	sku	SPARE-000107	MT-05E0C7156DE6	设备备件|密封过滤件|机械密封	material,model	high
missing_required_specs	sku	SPARE-000111	MT-FBB03A4797FD	设备备件|密封过滤件|水封	model	high
candidate_family	sku	SPARE-000114	MT-B49055CA2C79	设备备件|电机/驱动件|电机	电机/驱动件(候选)	high
missing_required_specs	sku	SPARE-000115	MT-B48EA527AE8B	设备备件|密封过滤件|滤芯	size,model	high
candidate_family	sku	SPARE-000117	MT-F672E14805F5	设备备件|电机/驱动件|振动电机	电机/驱动件(候选)	high
human_confirmation_required	sku	SPARE-000121	MT-517E08906FC4	设备备件|泵类配件|压力表	安全/压力/化学相关物料	medium
candidate_family	sku	SPARE-000122	MT-B49055CA2C79	设备备件|电机/驱动件|电机	电机/驱动件(候选)	high
missing_required_specs	sku	SPARE-000124	MT-B48EA527AE8B	设备备件|密封过滤件|滤芯	model,接口尺寸,适配设备	high
candidate_family	sku	SPARE-000129	MT-0BE333D969FD	设备备件|搅拌机配件|导流罩	搅拌机配件(候选)	high
missing_required_specs	sku	SPARE-000130	MT-AB73E74E460D	设备备件|传动件|叶轮	material	high
missing_required_specs	sku	SPARE-000131	MT-AB73E74E460D	设备备件|传动件|叶轮	material	high
missing_required_specs	sku	SPARE-000132	MT-AB73E74E460D	设备备件|传动件|叶轮	material	high
missing_required_specs	sku	SPARE-000134	MT-05E0C7156DE6	设备备件|密封过滤件|机械密封	规格/轴径	high
missing_required_specs	sku	SPARE-000138	MT-FBB03A4797FD	设备备件|密封过滤件|水封	brand,原装,适用设备	high
missing_required_specs	sku	SPARE-000139	MT-6267B4FC8AAC	施工机具设备|泵类设备|潜水泵	nominal_diameter	high
missing_required_specs	sku	SPARE-000140	MT-A4A644DD75BB	施工机具设备|泵类设备|增压泵	specification,material,适用	high
missing_required_specs	sku	SPARE-000141	MT-42C279A51872	电气电料|低压电器|控制开关	specification	high
missing_required_specs	sku	SPARE-000142	MT-DB299B787652	施工机具设备|泵油润滑设备|黄油泵	配置	high
human_confirmation_required	sku	TOOL-000001	MT-EC4993E096DB	吊装索具|葫芦/起重工具|紧线器	高风险分类:吊装索具	medium
missing_required_specs	sku	TOOL-000003	MT-16203827BBC5	工具量具|测量工具|测电笔	brand,显示方式,类型	high
missing_required_specs	sku	TOOL-000004	MT-339EE2E959F2	工具耗材|刷涂耗材|滚筒刷	滚刷宽度,类型	high
missing_required_specs	sku	TOOL-000006	MT-89EA56C0DE30	清洁办公后勤|清洁工具|扫把	specification	high
missing_required_specs	sku	TOOL-000007	MT-14CADFD62CFE	电动气动工具|电动工具|电钻	brand,配置	high
missing_required_specs	sku	TOOL-000012	MT-51D6F5123E38	工具耗材|钻头|冲击钻头	brand,规格/直径	high
missing_required_specs	sku	TOOL-000013	MT-51D6F5123E38	工具耗材|钻头|冲击钻头	brand,规格/直径	high
missing_required_specs	sku	TOOL-000016	MT-8AFC5CA44BC5	工具量具|胶枪/施胶工具|胶枪	specification,brand,适用	high
candidate_family	sku	TOOL-000016	MT-8AFC5CA44BC5	工具量具|胶枪/施胶工具|胶枪	胶枪/施胶工具(候选新增)	high
missing_required_specs	sku	TOOL-000023	MT-8302A8ECED93	工具耗材|刷涂耗材|毛刷	material	high
missing_required_specs	sku	TOOL-000024	MT-306134EA6A0E	工具耗材|刷涂耗材|钢丝刷	柄材质	high
missing_required_specs	sku	TOOL-000026	MT-14CADFD62CFE	电动气动工具|电动工具|电钻	配置	high
missing_required_specs	sku	TOOL-000027	MT-DEB967FD1AF5	电动气动工具|电动工具|角磨机	配置	high
missing_required_specs	sku	TOOL-000038	MT-8302A8ECED93	工具耗材|刷涂耗材|毛刷	material	high
missing_required_specs	sku	TOOL-000043	MT-8302A8ECED93	工具耗材|刷涂耗材|毛刷	material	high
missing_required_specs	sku	TOOL-000048	MT-8E5AF9F763E0	工具耗材|钻头|钻头	brand	high
missing_required_specs	sku	TOOL-000049	MT-8E5AF9F763E0	工具耗材|钻头|钻头	specification,brand	high
missing_required_specs	sku	TOOL-000050	MT-8E5AF9F763E0	工具耗材|钻头|钻头	specification,brand	high
missing_required_specs	sku	TOOL-000051	MT-8E5AF9F763E0	工具耗材|钻头|钻头	specification,brand	high
missing_required_specs	sku	TOOL-000052	MT-8E5AF9F763E0	工具耗材|钻头|钻头	specification,brand	high
missing_required_specs	sku	TOOL-000053	MT-8E5AF9F763E0	工具耗材|钻头|钻头	specification,brand	high
missing_required_specs	sku	TOOL-000054	MT-8E5AF9F763E0	工具耗材|钻头|钻头	specification,brand	high
missing_required_specs	sku	TOOL-000055	MT-8E5AF9F763E0	工具耗材|钻头|钻头	specification,brand	high
missing_required_specs	sku	TOOL-000056	MT-8E5AF9F763E0	工具耗材|钻头|钻头	specification,brand	high
missing_required_specs	sku	TOOL-000057	MT-8E5AF9F763E0	工具耗材|钻头|钻头	specification,brand	high
missing_required_specs	sku	TOOL-000058	MT-339EE2E959F2	工具耗材|刷涂耗材|滚筒刷	滚刷宽度,类型	high
missing_required_specs	sku	TOOL-000059	MT-339EE2E959F2	工具耗材|刷涂耗材|滚筒刷	滚刷宽度,类型	high
candidate_family	sku	TOOL-000060	MT-3E85DD8295A6	工具量具|工具附件|伸缩加长杆	工具附件(候选新增)	high
missing_required_specs	sku	TOOL-000063	MT-51D6F5123E38	工具耗材|钻头|冲击钻头	diameter	high
missing_required_specs	sku	TOOL-000066	MT-8E5AF9F763E0	工具耗材|钻头|钻头	brand	high
candidate_family	sku	TOOL-000069	MT-E593123E6C20	工具耗材|刀具耗材|丝锥	刀具耗材(候选新增)	high
missing_required_specs	sku	TOOL-000072	MT-14646DF26AC0	工具量具|套筒|套筒	brand,特征,适用工具	high
candidate_family	sku	TOOL-000074	MT-CF6D2611FE06	工具量具|检测仪器|测厚仪	检测仪器(候选新增)	high
missing_required_specs	sku	TOOL-000076	MT-51D6F5123E38	工具耗材|钻头|冲击钻头	diameter	high
missing_required_specs	sku	TOOL-000077	MT-51D6F5123E38	工具耗材|钻头|冲击钻头	diameter	high
missing_required_specs	sku	TOOL-000078	MT-535DD8A3FBF2	工具耗材|钻头|五坑钻头	brand	high
missing_required_specs	sku	TOOL-000083	MT-31F92AE4ED27	工具耗材|切磨耗材|切割片	brand	high
missing_required_specs	sku	TOOL-000087	MT-8E5AF9F763E0	工具耗材|钻头|钻头	specification,material,brand	high
candidate_family	sku	TOOL-000088	MT-AB42439887BA	工具量具|检测仪器|噪音计	检测仪器(候选新增)	high
missing_required_specs	sku	TOOL-000089	MT-16203827BBC5	工具量具|测量工具|测电笔	brand,功能,显示方式,检测方式	high
missing_required_specs	sku	TOOL-000091	MT-16203827BBC5	工具量具|测量工具|测电笔	brand,功能,类型	high
missing_required_specs	sku	TOOL-000092	MT-306134EA6A0E	工具耗材|刷涂耗材|钢丝刷	形状,柄材质	high
missing_required_specs	sku	TOOL-000093	MT-0A79D7F4EAAE	工具量具|检测仪器|绝缘电阻表	brand	high
candidate_family	sku	TOOL-000093	MT-0A79D7F4EAAE	工具量具|检测仪器|绝缘电阻表	检测仪器(候选新增)	high
candidate_family	sku	TOOL-000094	MT-5C947A7860B4	工具量具|检测仪器配件|表笔	检测仪器配件(候选新增)	high
missing_required_specs	sku	TOOL-000100	MT-339EE2E959F2	工具耗材|刷涂耗材|滚筒刷	滚刷宽度,类型	high
missing_required_specs	sku	TOOL-000102	MT-339EE2E959F2	工具耗材|刷涂耗材|滚筒刷	滚刷宽度	high
candidate_family	sku	TOOL-000104	MT-3112009C53E9	工具量具|检测仪器|玛氏漏斗粘度计	检测仪器(候选新增)	high
candidate_family	sku	TOOL-000107	MT-0D974BA80D13	工具量具|工具附件|铁锹柄	工具附件(候选新增)	high
missing_required_specs	sku	TOOL-000117	MT-DF2B2C237582	工具量具|扳手|活动扳手	特征	high
missing_required_specs	sku	TOOL-000121	MT-8E5AF9F763E0	工具耗材|钻头|钻头	brand	high
missing_required_specs	sku	TOOL-000122	MT-8E5AF9F763E0	工具耗材|钻头|钻头	brand	high
missing_required_specs	sku	TOOL-000123	MT-8E5AF9F763E0	工具耗材|钻头|钻头	brand	high
missing_required_specs	sku	TOOL-000124	MT-39993C41F5EB	工具量具|登高工具|伸缩梯	specification,thickness	high
candidate_family	sku	TOOL-000124	MT-39993C41F5EB	工具量具|登高工具|伸缩梯	登高工具(候选新增)	high
missing_required_specs	sku	TOOL-000125	MT-4AD4DA6D25F7	工具量具|螺丝刀/批类|螺丝刀	brand,特性	high
missing_required_specs	sku	TOOL-000126	MT-C501F6C3D521	工具耗材|砂纸/磨料|石笔	包装数量	high
missing_required_specs	sku	TOOL-000127	MT-39993C41F5EB	工具量具|登高工具|伸缩梯	特征	high
candidate_family	sku	TOOL-000127	MT-39993C41F5EB	工具量具|登高工具|伸缩梯	登高工具(候选新增)	high
missing_required_specs	sku	TOOL-000128	MT-E41C83676F3F	工具量具|钳类|管钳	brand,特征	high
missing_required_specs	sku	TOOL-000129	MT-E41C83676F3F	工具量具|钳类|管钳	特征	high
missing_required_specs	sku	TOOL-000130	MT-E41C83676F3F	工具量具|钳类|管钳	brand,特征	high
missing_required_specs	sku	TOOL-000132	MT-9ECBEE5BC34D	工具量具|扳手|扳手	brand	high
missing_required_specs	sku	TOOL-000133	MT-9ECBEE5BC34D	工具量具|扳手|扳手	brand	high
missing_required_specs	sku	TOOL-000134	MT-9ECBEE5BC34D	工具量具|扳手|扳手	brand	high
missing_required_specs	sku	TOOL-000135	MT-14646DF26AC0	工具量具|套筒|套筒	length,brand,特征	high
missing_required_specs	sku	TOOL-000136	MT-14646DF26AC0	工具量具|套筒|套筒	length,brand,特征	high
missing_required_specs	sku	TOOL-000137	MT-DF2B2C237582	工具量具|扳手|活动扳手	brand,特征	high
missing_required_specs	sku	TOOL-000144	MT-14646DF26AC0	工具量具|套筒|套筒	length,特征	high
missing_required_specs	sku	TOOL-000145	MT-14646DF26AC0	工具量具|套筒|套筒	length,特征	high
missing_required_specs	sku	TOOL-000147	MT-35D85B4C0B9E	设备备件|泵类配件|高压清洗枪头	nominal_diameter,material,异径	high
missing_required_specs	sku	TOOL-000152	MT-2DCEC48B096D	工具量具|锤铲撬工具|手锤	weight	high
missing_required_specs	sku	TOOL-000153	MT-44C5A42B3CA8	工具量具|登高工具|铝合金梯	specification,特征	high
candidate_family	sku	TOOL-000153	MT-44C5A42B3CA8	工具量具|登高工具|铝合金梯	登高工具(候选新增)	high
missing_required_specs	sku	TOOL-000156	MT-44C5A42B3CA8	工具量具|登高工具|铝合金梯	型式	high
candidate_family	sku	TOOL-000156	MT-44C5A42B3CA8	工具量具|登高工具|铝合金梯	登高工具(候选新增)	high
candidate_family	sku	TOOL-000160	MT-AC8D0852A487	工具量具|检测仪器|万用表	检测仪器(候选新增)	high
candidate_family	sku	TOOL-000161	MT-3C64EBBBAA73	工具量具|检测仪器|钳形电流表	检测仪器(候选新增)	high
missing_required_specs	sku	TOOL-000162	MT-2DCEC48B096D	工具量具|锤铲撬工具|手锤	specification,material	high
missing_required_specs	sku	TOOL-000163	MT-2DCEC48B096D	工具量具|锤铲撬工具|手锤	specification,material	high
missing_required_specs	sku	TOOL-000167	MT-14646DF26AC0	工具量具|套筒|套筒	length,brand,特征	high
missing_required_specs	sku	TOOL-000169	MT-4AD4DA6D25F7	工具量具|螺丝刀/批类|螺丝刀	length,brand,特性,类型	high
missing_required_specs	sku	TOOL-000170	MT-4AD4DA6D25F7	工具量具|螺丝刀/批类|螺丝刀	length,brand,特性,类型	high
missing_required_specs	sku	TOOL-000172	MT-44C5A42B3CA8	工具量具|登高工具|铝合金梯	型式	high
candidate_family	sku	TOOL-000172	MT-44C5A42B3CA8	工具量具|登高工具|铝合金梯	登高工具(候选新增)	high
missing_required_specs	sku	TOOL-000174	MT-14646DF26AC0	工具量具|套筒|套筒	length,brand,适用工具	high
missing_required_specs	sku	TOOL-000175	MT-14646DF26AC0	工具量具|套筒|套筒	length,brand,适用工具	high
missing_required_specs	sku	TOOL-000176	MT-14646DF26AC0	工具量具|套筒|套筒	length,brand,适用工具	high
missing_required_specs	sku	TOOL-000177	MT-14646DF26AC0	工具量具|套筒|套筒	length,brand,适用工具	high
missing_required_specs	sku	TOOL-000178	MT-14646DF26AC0	工具量具|套筒|套筒	length,brand,适用工具	high
missing_required_specs	sku	TOOL-000179	MT-14646DF26AC0	工具量具|套筒|套筒	length,brand,适用工具	high
missing_required_specs	sku	TOOL-000180	MT-14646DF26AC0	工具量具|套筒|套筒	length,brand,适用工具	high
candidate_family	sku	TOOL-000181	MT-90E333ADB565	工具量具|试验器具|混凝土试模	试验器具(候选新增)	high
missing_required_specs	sku	TOOL-000189	MT-2F35D592317A	电动气动工具|工具附件|碳刷	specification	high
missing_required_specs	sku	TOOL-000190	MT-0C6BBF8DA5DB	工具量具|扳手|两用扳手	brand,类型	high
missing_required_specs	sku	TOOL-000191	MT-44C5A42B3CA8	工具量具|登高工具|铝合金梯	specification,型式	high
candidate_family	sku	TOOL-000191	MT-44C5A42B3CA8	工具量具|登高工具|铝合金梯	登高工具(候选新增)	high
missing_required_specs	sku	TOOL-000199	MT-E41C83676F3F	工具量具|钳类|管钳	brand	high
missing_required_specs	sku	TOOL-000202	MT-E41C83676F3F	工具量具|钳类|管钳	brand,特征	high
missing_required_specs	sku	TOOL-000203	MT-E41C83676F3F	工具量具|钳类|管钳	brand,特征	high
missing_required_specs	sku	TOOL-000204	MT-ADFA9CC8D552	工具量具|钳类|水泵钳	material	high
candidate_family	sku	TOOL-000207	MT-A69EA365B93D	工具耗材|刀具耗材|尖凿	刀具耗材(候选新增)	high
missing_required_specs	sku	TOOL-000208	MT-8E5AF9F763E0	工具耗材|钻头|钻头	specification,brand	high
missing_required_specs	sku	TOOL-000209	MT-8E5AF9F763E0	工具耗材|钻头|钻头	brand	high
missing_required_specs	sku	TOOL-000210	MT-136029D24198	安全消防|围挡护栏|伸缩杆	length,color	high
human_confirmation_required	sku	TOOL-000210	MT-136029D24198	安全消防|围挡护栏|伸缩杆	高风险分类:安全消防	medium
candidate_family	sku	TOOL-000214	MT-006D5282DC49	工具量具|胶枪/施胶工具|发泡剂枪	胶枪/施胶工具(候选新增)	high
candidate_family	sku	TOOL-000215	MT-45D5AC905CB4	工具量具|登高工具|梯凳	登高工具(候选新增)	high
missing_required_specs	sku	TOOL-000216	MT-14646DF26AC0	工具量具|套筒|套筒	length,brand,特征,适用工具	high
missing_required_specs	sku	TOOL-000221	MT-8E5AF9F763E0	工具耗材|钻头|钻头	brand	high
missing_required_specs	sku	TOOL-000224	MT-8E5AF9F763E0	工具耗材|钻头|钻头	brand	high
missing_required_specs	sku	TOOL-000227	MT-8E5AF9F763E0	工具耗材|钻头|钻头	brand	high
missing_required_specs	sku	TOOL-000228	MT-8AFC5CA44BC5	工具量具|胶枪/施胶工具|胶枪	类型,适用材料	high
candidate_family	sku	TOOL-000228	MT-8AFC5CA44BC5	工具量具|胶枪/施胶工具|胶枪	胶枪/施胶工具(候选新增)	high
candidate_family	sku	TOOL-000231	MT-945DCA07E830	工具耗材|刀具耗材|冲孔冲头	刀具耗材(候选新增)	high
candidate_family	sku	TOOL-000232	MT-945DCA07E830	工具耗材|刀具耗材|冲孔冲头	刀具耗材(候选新增)	high
missing_required_specs	sku	TOOL-000238	MT-DEB967FD1AF5	电动气动工具|电动工具|角磨机	配置	high
missing_required_specs	sku	TOOL-000239	MT-4AD4DA6D25F7	工具量具|螺丝刀/批类|螺丝刀	length,特性,类型	high
missing_required_specs	sku	TOOL-000242	MT-0C6BBF8DA5DB	工具量具|扳手|两用扳手	类型	high
human_confirmation_required	sku	TOOL-000246	MT-B5BBCE050852	焊接切割|气体减压附件|减压表	高风险分类:焊接切割	medium
missing_required_specs	sku	TOOL-000247	MT-89EA56C0DE30	清洁办公后勤|清洁工具|扫把	specification	high
missing_required_specs	sku	TOOL-000255	MT-E6DACEDE0D16	清洁办公后勤|清洁工具|拖把	specification	high
missing_required_specs	sku	TOOL-000261	MT-16203827BBC5	工具量具|测量工具|测电笔	功能,检测方式,类型	high
human_confirmation_required	sku	TOOL-000264	MT-1C2FEDFCA413	焊接切割|焊割工具|电焊钳	高风险分类:焊接切割	medium
human_confirmation_required	sku	TOOL-000268	MT-8031380D93C9	焊接切割|焊割工具|喷火枪	高风险分类:焊接切割	medium
human_confirmation_required	sku	TOOL-000272	MT-F551A9C9CEA7	焊接切割|焊割工具|碳弧气刨枪套装	高风险分类:焊接切割	medium
missing_required_specs	sku	TOOL-000274	MT-339EE2E959F2	工具耗材|刷涂耗材|滚筒刷	specification,类型	high
missing_required_specs	sku	TOOL-000279	MT-4AD4DA6D25F7	工具量具|螺丝刀/批类|螺丝刀	length,特性,类型	high
candidate_family	sku	TOOL-000281	MT-C8032A17887D	工具耗材|刷具附件|滚筒柄	刷具附件(候选新增)	high
missing_required_specs	sku	TOOL-000282	MT-8E5AF9F763E0	工具耗材|钻头|钻头	specification,material,brand	high
missing_required_specs	sku	TOOL-000286	MT-306134EA6A0E	工具耗材|刷涂耗材|钢丝刷	形状	high
missing_required_specs	sku	TOOL-000287	MT-8E5AF9F763E0	工具耗材|钻头|钻头	specification,material,brand	high
missing_required_specs	sku	TOOL-000288	MT-8E5AF9F763E0	工具耗材|钻头|钻头	specification,material,brand	high
missing_required_specs	sku	TOOL-000292	MT-14CADFD62CFE	电动气动工具|电动工具|电钻	specification	high
missing_required_specs	sku	TOOL-000293	MT-C501F6C3D521	工具耗材|砂纸/磨料|石笔	package_specification	high
human_confirmation_required	sku	TOOL-000294	MT-E9D8374F9BFC	焊接切割|焊机配件|焊机地线夹	高风险分类:焊接切割	medium
missing_required_specs	sku	TOOL-000295	MT-8AFC5CA44BC5	工具量具|胶枪/施胶工具|胶枪	specification,适用材料	high
candidate_family	sku	TOOL-000295	MT-8AFC5CA44BC5	工具量具|胶枪/施胶工具|胶枪	胶枪/施胶工具(候选新增)	high
missing_required_specs	sku	TOOL-000296	MT-DF2B2C237582	工具量具|扳手|活动扳手	特征	high
missing_required_specs	sku	TOOL-000297	MT-DF2B2C237582	工具量具|扳手|活动扳手	特征	high
missing_required_specs	sku	TOOL-000304	MT-2F35D592317A	电动气动工具|工具附件|碳刷	适用设备	high
missing_required_specs	sku	TOOL-000305	MT-2F35D592317A	电动气动工具|工具附件|碳刷	适用设备	high
missing_required_specs	sku	TOOL-000308	MT-16203827BBC5	工具量具|测量工具|测电笔	brand,功能,显示方式,类型	high
missing_required_specs	sku	TOOL-000309	MT-61AF785F19C9	工具量具|工具附件|电工包	specification,brand	high
candidate_family	sku	TOOL-000309	MT-61AF785F19C9	工具量具|工具附件|电工包	工具附件(候选新增)	high
missing_required_specs	sku	TOOL-000314	MT-4AD4DA6D25F7	工具量具|螺丝刀/批类|螺丝刀	length,brand,类型	high
missing_required_specs	sku	TOOL-000315	MT-4AD4DA6D25F7	工具量具|螺丝刀/批类|螺丝刀	length,brand,类型	high
missing_required_specs	sku	TOOL-000316	MT-4AD4DA6D25F7	工具量具|螺丝刀/批类|螺丝刀	length,brand,类型	high
missing_required_specs	sku	TOOL-000321	MT-8E5AF9F763E0	工具耗材|钻头|钻头	brand	high
candidate_family	sku	TOOL-000323	MT-795A60386FCE	工具量具|登高工具|竹梯	登高工具(候选新增)	high
missing_required_specs	sku	TOOL-000326	MT-61AF785F19C9	工具量具|工具附件|电工包	material	high
candidate_family	sku	TOOL-000326	MT-61AF785F19C9	工具量具|工具附件|电工包	工具附件(候选新增)	high
human_confirmation_required	sku	TOOL-000333	MT-A5B8C1AC2569	焊接切割|气体减压附件|减压阀总成	高风险分类:焊接切割	medium
candidate_family	sku	TOOL-000334	MT-537E258597B4	工具耗材|刷具附件|刷具伸缩杆	刷具附件(候选新增)	high
candidate_family	sku	TOOL-000335	MT-537E258597B4	工具耗材|刷具附件|刷具伸缩杆	刷具附件(候选新增)	high
missing_required_specs	sku	TOOL-000341	MT-0C6BBF8DA5DB	工具量具|扳手|两用扳手	类型	high
missing_required_specs	sku	TOOL-000346	MT-0C6BBF8DA5DB	工具量具|扳手|两用扳手	nominal_diameter,material,brand	high
missing_required_specs	sku	TOOL-000348	MT-7E41102EC854	工具量具|钳类|钢丝钳	brand	high
human_confirmation_required	sku	WELD-000001	MT-82094C639CAB	焊接切割|焊材|焊丝	高风险分类:焊接切割	medium
human_confirmation_required	sku	WELD-000002	MT-C9A47AF70B34	焊接切割|焊机配件|焊机快速接头	高风险分类:焊接切割	medium
human_confirmation_required	sku	WELD-000003	MT-4F155BFF6337	焊接切割|焊机配件|等离子割嘴	高风险分类:焊接切割	medium
missing_required_specs	sku	WELD-000004	MT-CEC8970BA913	焊接切割|焊材|焊条	material,brand,包装重	high
human_confirmation_required	sku	WELD-000004	MT-CEC8970BA913	焊接切割|焊材|焊条	高风险分类:焊接切割	medium
missing_required_specs	sku	WELD-000005	MT-6053CB14855C	焊接切割|焊割工具|割炬	length,material,brand	high
human_confirmation_required	sku	WELD-000005	MT-6053CB14855C	焊接切割|焊割工具|割炬	高风险分类:焊接切割	medium
missing_required_specs	sku	WELD-000006	MT-5C8B47D1A3C9	焊接切割|焊割工具|割嘴	model,适用气体	high
human_confirmation_required	sku	WELD-000006	MT-5C8B47D1A3C9	焊接切割|焊割工具|割嘴	高风险分类:焊接切割	medium
human_confirmation_required	sku	WELD-000007	MT-141BDA3969F0	焊接切割|焊材|碳棒	高风险分类:焊接切割	medium
human_confirmation_required	sku	WELD-000008	MT-1C2FEDFCA413	焊接切割|焊割工具|电焊钳	高风险分类:焊接切割	medium
human_confirmation_required	sku	WELD-000009	MT-1C2FEDFCA413	焊接切割|焊割工具|电焊钳	高风险分类:焊接切割	medium
human_confirmation_required	sku	WELD-000010	MT-428574612FFF	焊接切割|焊机配件|导电嘴	高风险分类:焊接切割	medium
missing_required_specs	sku	WELD-000011	MT-CEC8970BA913	焊接切割|焊材|焊条	material,brand,包装重,牌号	high
human_confirmation_required	sku	WELD-000011	MT-CEC8970BA913	焊接切割|焊材|焊条	高风险分类:焊接切割	medium
missing_required_specs	sku	WELD-000012	MT-CEC8970BA913	焊接切割|焊材|焊条	material,brand,包装重,牌号	high
human_confirmation_required	sku	WELD-000012	MT-CEC8970BA913	焊接切割|焊材|焊条	高风险分类:焊接切割	medium
missing_required_specs	sku	WELD-000013	MT-CEC8970BA913	焊接切割|焊材|焊条	material,brand,包装重,牌号	high
human_confirmation_required	sku	WELD-000013	MT-CEC8970BA913	焊接切割|焊材|焊条	高风险分类:焊接切割	medium
human_confirmation_required	sku	WELD-000015	MT-B5BBCE050852	焊接切割|气体减压附件|减压表	高风险分类:焊接切割	medium
human_confirmation_required	sku	WELD-000016	MT-B5BBCE050852	焊接切割|气体减压附件|减压表	高风险分类:焊接切割	medium
human_confirmation_required	sku	WELD-000017	MT-B5BBCE050852	焊接切割|气体减压附件|减压表	高风险分类:焊接切割	medium
missing_required_specs	sku	WELD-000018	MT-6053CB14855C	焊接切割|焊割工具|割炬	length,material,brand	high
human_confirmation_required	sku	WELD-000018	MT-6053CB14855C	焊接切割|焊割工具|割炬	高风险分类:焊接切割	medium
missing_required_specs	sku	WELD-000019	MT-5C8B47D1A3C9	焊接切割|焊割工具|割嘴	model,适用气体	high
human_confirmation_required	sku	WELD-000019	MT-5C8B47D1A3C9	焊接切割|焊割工具|割嘴	高风险分类:焊接切割	medium
human_confirmation_required	sku	WELD-000024	MT-D7BA234A14E8	焊接切割|焊机配件|二保焊绝缘套	高风险分类:焊接切割	medium
human_confirmation_required	sku	WELD-000025	MT-C084840720E0	焊接切割|焊割工具|焊枪	高风险分类:焊接切割	medium
candidate_family	sku	WELD-000026	MT-8FB860046F40	焊接切割|焊接设备/焊机|电焊机	焊接设备/焊机(候选)	high
human_confirmation_required	sku	WELD-000026	MT-8FB860046F40	焊接切割|焊接设备/焊机|电焊机	高风险分类:焊接切割	medium
missing_required_specs	sku	WELD-000027	MT-82582B71C20E	施工机具设备|手推搬运设备|气瓶手推车	specification,特征,轮子直径,轮子类型	high
missing_required_specs	sku	WELD-000028	MT-82582B71C20E	施工机具设备|手推搬运设备|气瓶手推车	specification,特征,轮子直径,轮子类型	high
missing_required_specs	sku	WELD-000029	MT-82582B71C20E	施工机具设备|手推搬运设备|气瓶手推车	specification,轮子,轮子直径,轮子类型	high
missing_required_specs	sku	WELD-000030	MT-82582B71C20E	施工机具设备|手推搬运设备|气瓶手推车	specification,轮子,轮子直径,轮子类型	high
missing_required_specs	sku	WELD-000031	MT-5C8B47D1A3C9	焊接切割|焊割工具|割嘴	specification,model	high
human_confirmation_required	sku	WELD-000031	MT-5C8B47D1A3C9	焊接切割|焊割工具|割嘴	高风险分类:焊接切割	medium
human_confirmation_required	sku	WELD-000032	MT-C9A47AF70B34	焊接切割|焊机配件|焊机快速接头	高风险分类:焊接切割	medium
missing_required_specs	sku	WELD-000033	MT-82582B71C20E	施工机具设备|手推搬运设备|气瓶手推车	specification,特征,轮子,轮子直径	high
missing_required_specs	sku	WELD-000034	MT-82582B71C20E	施工机具设备|手推搬运设备|气瓶手推车	specification,特征,轮子,轮子直径	high
missing_required_specs	sku	WELD-000035	MT-82582B71C20E	施工机具设备|手推搬运设备|气瓶手推车	特征,轮子,轮子类型	high
missing_required_specs	sku	WELD-000036	MT-82582B71C20E	施工机具设备|手推搬运设备|气瓶手推车	特征,轮子,轮子类型	high
missing_required_specs	sku	WELD-000037	MT-CEC8970BA913	焊接切割|焊材|焊条	material,brand,牌号	high
human_confirmation_required	sku	WELD-000037	MT-CEC8970BA913	焊接切割|焊材|焊条	高风险分类:焊接切割	medium
missing_required_specs	sku	WELD-000038	MT-CEC8970BA913	焊接切割|焊材|焊条	material,brand,牌号	high
human_confirmation_required	sku	WELD-000038	MT-CEC8970BA913	焊接切割|焊材|焊条	高风险分类:焊接切割	medium
human_confirmation_required	sku	WELD-000039	MT-5921C6EFBD43	焊接切割|焊材|药芯焊丝	高风险分类:焊接切割	medium
missing_required_specs	sku	WELD-000043	MT-789AA435E423	焊接切割|气体减压附件|气体软管	管型	high
human_confirmation_required	sku	WELD-000043	MT-789AA435E423	焊接切割|气体减压附件|气体软管	高风险分类:焊接切割	medium
human_confirmation_required	sku	WELD-000047	MT-B86F7F949AB2	焊接切割|焊机配件|焊枪线缆套装	高风险分类:焊接切割	medium
human_confirmation_required	sku	WELD-000049	MT-141BDA3969F0	焊接切割|焊材|碳棒	高风险分类:焊接切割	medium
missing_required_specs	sku	WELD-000050	MT-31F92AE4ED27	工具耗材|切磨耗材|切割片	brand	high
missing_required_specs	sku	WELD-000051	MT-CEC8970BA913	焊接切割|焊材|焊条	material,包装重	high
human_confirmation_required	sku	WELD-000051	MT-CEC8970BA913	焊接切割|焊材|焊条	高风险分类:焊接切割	medium
missing_required_specs	sku	WELD-000052	MT-CEC8970BA913	焊接切割|焊材|焊条	material,包装重	high
human_confirmation_required	sku	WELD-000052	MT-CEC8970BA913	焊接切割|焊材|焊条	高风险分类:焊接切割	medium
human_confirmation_required	sku	WELD-000053	MT-789AA435E423	焊接切割|气体减压附件|气体软管	高风险分类:焊接切割	medium
missing_required_specs	sku	WELD-000054	MT-6053CB14855C	焊接切割|焊割工具|割炬	material,brand	high
human_confirmation_required	sku	WELD-000054	MT-6053CB14855C	焊接切割|焊割工具|割炬	高风险分类:焊接切割	medium
missing_required_specs	sku	WELD-000056	MT-CEC8970BA913	焊接切割|焊材|焊条	brand,包装重,牌号	high
human_confirmation_required	sku	WELD-000056	MT-CEC8970BA913	焊接切割|焊材|焊条	高风险分类:焊接切割	medium
human_confirmation_required	sku	WELD-000057	MT-C932AC046FCA	焊接切割|焊机配件|焊机分流器	高风险分类:焊接切割	medium
human_confirmation_required	sku	WELD-000058	MT-C932AC046FCA	焊接切割|焊机配件|焊机分流器	高风险分类:焊接切割	medium
human_confirmation_required	sku	WELD-000059	MT-3292215DFD6B	焊接切割|气体减压附件|减压阀	高风险分类:焊接切割	medium
human_confirmation_required	sku	WELD-000060	MT-6053CB14855C	焊接切割|焊割工具|割炬	高风险分类:焊接切割	medium
candidate_family	sku	WELD-000061	MT-051FCE1EE17D	工具量具|检测仪器|气体检测表	检测仪器(候选新增)	high
human_confirmation_required	sku	WELD-000062	MT-3B8DFEE75B93	焊接切割|气体减压附件|检测表	高风险分类:焊接切割	medium
missing_required_specs	sku	WELD-000065	MT-5C8B47D1A3C9	焊接切割|焊割工具|割嘴	适用气体	high
human_confirmation_required	sku	WELD-000065	MT-5C8B47D1A3C9	焊接切割|焊割工具|割嘴	高风险分类:焊接切割	medium
human_confirmation_required	sku	WELD-000066	MT-FFF084BDC209	焊接切割|气体减压附件|压力表	高风险分类:焊接切割；安全/压力/化学相关物料	medium
human_confirmation_required	sku	WELD-000067	MT-2F9B1A6891FB	劳保防护|眼面防护|焊罩镜片	高风险分类:劳保防护	medium
ambiguous_alias	alias			紧固件与连接件|螺丝/螺栓|外六角螺栓套件|紧固件与连接件|螺丝/螺栓|螺栓	22*100螺丝	high
ambiguous_alias	alias			紧固件与连接件|螺丝/螺栓|螺丝套件|紧固件与连接件|螺丝/螺栓|螺栓	M20*35螺丝	high
ambiguous_alias	alias			紧固件与连接件|螺丝/螺栓|螺丝套件|紧固件与连接件|螺丝/螺栓|螺栓	M20*40螺丝	high
ambiguous_alias	alias			焊接切割|气体减压附件|减压表|焊接切割|气体减压附件|压力表	乙炔表	high
ambiguous_alias	alias			液压气动|液压接头|接头|管材管件阀门|直接/接头|接头	加厚铜接头	high
ambiguous_alias	alias			安全消防|消防管件|卡箍|紧固件与连接件|管卡/抱箍|卡箍	卡箍 DN50	high
ambiguous_alias	alias			紧固件与连接件|垫圈/垫片|垫片|紧固件与连接件|垫圈/垫片|平垫圈|紧固件与连接件|垫圈/垫片|弹簧垫圈	垫圈	high
ambiguous_alias	alias			建筑材料|水泥砂石|普通硅酸盐水泥|建筑材料|水泥砂石|硅酸盐水泥	海螺42.5水泥	high
ambiguous_alias	alias			紧固件与连接件|螺丝/螺栓|U型螺栓|紧固件与连接件|螺丝/螺栓|不锈钢螺丝|紧固件与连接件|螺丝/螺栓|内六角螺丝|紧固件与连接件|螺丝/螺栓|十字螺丝|紧固件与连接件|螺丝/螺栓|外六角螺栓|紧固件与连接件|螺丝/螺栓|管片螺栓|紧固件与连接件|螺丝/螺栓|自攻螺丝|紧固件与连接件|螺丝/螺栓|螺栓|紧固件与连接件|螺丝/螺栓|高强度全牙螺栓|紧固件与连接件|螺丝/螺栓|高强度螺栓	螺丝	high
ambiguous_alias	alias			紧固件与连接件|螺丝/螺栓|T型螺丝套件|紧固件与连接件|螺丝/螺栓|不锈钢螺丝套件|紧固件与连接件|螺丝/螺栓|内六角螺丝套件|紧固件与连接件|螺丝/螺栓|圆头螺丝套件|紧固件与连接件|螺丝/螺栓|外六角螺栓套件|紧固件与连接件|螺丝/螺栓|高强度全牙螺栓|紧固件与连接件|螺丝/螺栓|高强度螺丝套件	螺丝套件	high
ambiguous_alias	alias			工具耗材|钻头|二坑二槽钻头|工具耗材|钻头|五坑三槽钻头|工具耗材|钻头|圆柄钻头|工具耗材|钻头|方柄钻头	钻头	high
ambiguous_alias	alias			液压气动|液压接头|接头夹|液压气动|液压接头|接头组件	铜头铝套组件	high
ambiguous_alias	alias			电气电料|接线端子/线鼻子|电缆连接管|管材管件阀门|直接/接头|接头	铜接头	high
ambiguous_alias	alias			电气电料|接线端子/线鼻子|接线端子|电气电料|接线端子/线鼻子|线鼻子	铜接线端子	high
