type_id	attribute_key	display_name	requirement	value_type	unit	enum_values	affects_sku_identity	display_order	description
MT-001B29D8FB01	material	材质	required	text			true	1	如不锈钢
MT-001B29D8FB01	length	长度	required	number	m		true	2	如1
MT-00E9C8F1F6A5	specification	规格	required	text			true	1	如65*20*1
MT-00E9C8F1F6A5	connection	连接	optional	text			true	2	如内外牙
MT-00E9C8F1F6A5	pressure	压力	optional	text			true	3	如高压
MT-00E9C8F1F6A5	joint_type	接头形式	optional	text			true	4	如内外四方
MT-00E9C8F1F6A5	material	材质	optional	text			true	5	如不锈钢
MT-01196C656C04	length	长度	optional	number	m		true	1	如1
MT-01196C656C04	material	材质	optional	text			true	2	如不锈钢
MT-022ACA1C727A	nominal_diameter	公称直径	required	text			true	1	如DN25、DN50
MT-022ACA1C727A	pressure_rating	压力等级	required	text	MPa		true	2	如1.0MPa、1.6MPa
MT-022ACA1C727A	material	材质	required	text			true	3	如不锈钢
MT-02478E6BF285	material	材质	required	text			true	1	如不锈钢
MT-02478E6BF285	dimension	规格/尺寸	required	text			true	2	如34*75cm。
MT-02478E6BF285	installation_environment	安装环境	required	text			true	3	如室外
MT-033B2F7CA899	spec	规格	required	text			true	1	如通用
MT-033B2F7CA899	material	材质	optional	text			true	2	如不锈钢
MT-033B2F7CA899	strength_grade	强度等级	optional	text			true	3	8.8、12.9等
MT-033B2F7CA899	surface_treatment	表面处理	optional	text			true	4	镀锌等
MT-04B3F7D6DC04	coil_voltage_v	线圈电压	required	number	V		true	1	如220V。
MT-04B3F7D6DC04	rated_current_a	额定电流	required	number	A		true	2	如100A。
MT-04B3F7D6DC04	current_type	电流类型	optional	enum		交流；直流	true	3	交流或直流接触器。
MT-04D5F9CE22B0	nominal_size	公称通径	required	text			true	1	如DN50、DN80
MT-04D5F9CE22B0	connection	连接	optional	text			true	2	如内外牙
MT-04D5F9CE22B0	feature	特征	optional	text			true	3	如厚
MT-04D5F9CE22B0	pressure	压力	optional	text			true	4	如高压
MT-04D5F9CE22B0	material	材质	optional	text			true	5	如不锈钢
MT-04DCB71A5950	size_spec	规格/口径	required	text			true	1	如14-17-19
MT-04DCB71A5950	page_count	页数	optional	text			true	2	如50页
MT-0508F13A1EA0	brand	品牌	optional	text			true	1	如海飞丝
MT-0508F13A1EA0	color	颜色	optional	text			true	2	如透明
MT-0508F13A1EA0	paint_type	油漆类型	optional	enum		通用；金属	true	3	区分通用色漆与金属漆。
MT-0508F13A1EA0	package_capacity	包装容量	optional	text			true	4	如20kg/桶。
MT-056167A2C6A9	nominal_diameter	公称直径	required	text			true	1	如DN25、DN50
MT-056167A2C6A9	material	材质	optional	text			true	2	如不锈钢
MT-05F875FF3F83	size	口径	required	text			true	1	如4寸（DN100）
MT-05F875FF3F83	thickness	厚度	optional	text			true	2	如3mm
MT-05F875FF3F83	color	颜色	optional	text			true	3	如透明
MT-06662BFACB6A	brand	品牌	optional	text			true	1	如海飞丝
MT-06662BFACB6A	speed	速率	required	text			true	2	
MT-06662BFACB6A	port_count	端口数	optional	text			true	3	
MT-06662BFACB6A	wireless_standard	无线标准	optional	text			true	4	
MT-066E886012C8	compatible_tool	适配工具	required	text			true	1	如滚筒、边角刷
MT-066E886012C8	length	长度	required	number	m		true	2	如1
MT-0696DA12AEBE	diameter	直径	required	text			true	1	如1.5米
MT-0696DA12AEBE	length	长度	required	number	m		true	2	如1
MT-0696DA12AEBE	material	材质	required	text			true	3	如不锈钢
MT-0696DA12AEBE	usage	用途	optional	text			true	4	如扣压。
MT-0696DA12AEBE	brand	品牌	optional	text			true	5	如海飞丝
MT-06D5260D2301	interface	接口	required	text			true	1	如外丝转内丝
MT-078AEAFF6B3C	mounting_method	安装方式	required	text			true	1	如明装。
MT-078AEAFF6B3C	cores	芯数	required	number	芯		true	2	如3芯。
MT-078AEAFF6B3C	rated_current_a	额定电流	required	number	A		true	3	如100A。
MT-078AEAFF6B3C	rated_voltage_v	额定电压	required	number	V		true	4	如250V。
MT-07960FE9A30F	material	材质	optional	text			true	1	如不锈钢
MT-07960FE9A30F	width	宽度	optional	number	mm		true	2	如50
MT-07960FE9A30F	feature	特征	optional	text			true	3	如厚
MT-07960FE9A30F	length_note	长度说明	optional	text			false	4	如按米计。
MT-07BEBC4451D0	size	口径	required	text			true	1	如4寸（DN100）
MT-07BEBC4451D0	material	材质	optional	text			true	2	如不锈钢
MT-07BEBC4451D0	brand	品牌	optional	text			true	3	如海飞丝
MT-07EE7149A508	size	口径	optional	text			true	1	如4寸（DN100）
MT-083F7940BC57	length	长度	required	number	m		true	1	如1
MT-083F7940BC57	tip_type	头型	optional	text			true	2	如双头
MT-083F7940BC57	pack_quantity	包装数量	optional	text			true	3	如100支
MT-08564248ADC3	package_size	包装规格	required	text			true	1	如20kg/桶
MT-08564248ADC3	material_system	材料/体系	optional	text			true	2	如聚氨酯
MT-08564248ADC3	model	型号	optional	text			true	3	如无则留空
MT-08564248ADC3	application	用途	optional	text			true	4	给水、排水、线缆保护等；同规格不同用途应区分为不同SKU
MT-08564248ADC3	brand	品牌	optional	text			true	5	如海飞丝
MT-08813BD25870	rated_load	额定载荷	required	text	T		true	1	如15T。
MT-08813BD25870	standard	标准	optional	enum		国标；美式	true	2	国标或美式。
MT-08813BD25870	strength	强度	optional	enum		高强度	true	3	如高强度。
MT-08B38CAC0777	size	口径	optional	text			true	1	如4寸（DN100）
MT-093DDC2D8A8E	material	材质	optional	text			true	1	如不锈钢
MT-093DDC2D8A8E	diameter	直径	optional	text			true	2	如1.5米
MT-093DDC2D8A8E	length	长度	optional	number	m		true	3	如1
MT-093DDC2D8A8E	package	包装	required	text			true	4	包装规格，如10kg/卷、500g/卷、5kg/件、散装
MT-093DDC2D8A8E	color	颜色	optional	text			true	5	如透明
MT-0981473E7197	packaging	包装	optional	text			true	1	如大包
MT-09F580A1E713	mounting_method	安装方式	required	text			true	1	如明装。
MT-09F580A1E713	specification	规格	required	text			true	2	如65*20*1
MT-09F580A1E713	material	材质	optional	text			true	3	如不锈钢
MT-0A950F7E0187	caliber	口径	required	text			true	1	如DN100
MT-0A950F7E0187	length	长度	optional	number	m		true	2	如1
MT-0A950F7E0187	surface_treatment	表面处理	optional	text			true	3	镀锌等
MT-0B08DC7D356A	capacity	容量	optional	text			true	1	如1.7L
MT-0B08DC7D356A	material	材质	optional	text			true	2	如不锈钢
MT-0B12EA85B191	specification	规格	required	text			true	1	如65*20*1
MT-0B12EA85B191	thickness	厚度	optional	text			true	2	如3mm
MT-0B12EA85B191	color	颜色	optional	text			true	3	如透明
MT-0B12EA85B191	width	宽度	optional	number	mm		true	4	如50
MT-0C001CCFF282	model_set	型号组合	required	text			true	1	如SM40+PM40
MT-0C001CCFF282	connection_type	连接方式	optional	text			true	2	如胶接
MT-0C001CCFF282	material	材质	optional	text			true	3	如不锈钢
MT-0C1270785789	nominal_diameter	公称直径	required	text			true	1	如DN25、DN50
MT-0C1270785789	material	材质	optional	text			true	2	如不锈钢
MT-0C1270785789	pressure	压力	optional	text			true	3	如高压
MT-0CD1345231D4	size	口径	required	text			true	1	如4寸（DN100）
MT-0CD1345231D4	material	材质	optional	text			true	2	如不锈钢
MT-0CF505AF57F5	gauge	规格/号数	required	text			true	1	铁丝线规号数，如14#、12#
MT-0D4B880E822A	disposable_type	使用类型	optional	text			true	1	
MT-0D4B880E822A	feature	特征	optional	text			true	2	如厚
MT-0D4B880E822A	is_suit	套装	optional	enum		是；否	true	3	
MT-0EAB84101A24	material	材质	optional	text			true	1	如不锈钢
MT-0EAB84101A24	dimensions	尺寸	optional	text			true	2	如1.2米*0.6米
MT-0EC4458FCEB6	brand	品牌	optional	text			true	1	如海飞丝
MT-0EC4458FCEB6	model	型号	required	text			true	2	如无则留空
MT-0F56E25B6B50	grit	粒度	required	text			true	1	如80#、240#、600#
MT-0F711A26CCB2	rated_current_a	额定电流	required	number	A		true	1	如100A。
MT-0F711A26CCB2	rated_voltage_v	额定电压	required	number	V		true	2	如250V。
MT-0F711A26CCB2	body_size	外形尺寸	optional	text			true	3	如6x30mm。
MT-10BB30F14483	material	材质	optional	text			true	1	如不锈钢
MT-10BB30F14483	size	口径	optional	text			true	2	如4寸（DN100）
MT-1121AB3E7D64	specification	规格	required	text			true	1	如65*20*1
MT-1121AB3E7D64	connection	连接	optional	text			true	2	如内外牙
MT-1121AB3E7D64	feature	特征	optional	text			true	3	如厚
MT-1121AB3E7D64	material	材质	optional	text			true	4	如不锈钢
MT-11BC391A4AC6	nominal_size	公称通径	required	text			true	1	如DN50、DN80
MT-11BC391A4AC6	connection	连接	optional	text			true	2	如内外牙
MT-11BC391A4AC6	material	材质	optional	text			true	3	如不锈钢
MT-11E336A50B5F	nominal_diameter	公称直径	required	text			true	1	如DN25、DN50
MT-11E336A50B5F	feature	特征	optional	text			true	2	如厚
MT-11E336A50B5F	material	材质	optional	text			true	3	如不锈钢
MT-11E336A50B5F	pressure	压力	optional	text			true	4	如高压
MT-11E336A50B5F	connection_type	连接方式	optional	text			true	5	如胶接
MT-123715D35C06	strength_grade	强度等级	required	text			true	1	8.8、12.9等
MT-123715D35C06	packaging_type	包装形式	required	enum		袋装；散装	true	2	袋装或散装
MT-123715D35C06	package_weight_kg	包装重量	optional	number	kg		true	3	如20kg。
MT-123715D35C06	brand	品牌	optional	text			true	4	如海飞丝
MT-123E4A8A402B	applicable_equipment	适用设备	required	text			true	1	适用设备或工况
MT-123E4A8A402B	material_type	材质	required	text			true	2	如铸铁
MT-123E4A8A402B	size	口径	required	text			true	3	如4寸（DN100）
MT-12C09DAF8019	gongcheng_koujing	公称口径	required	text			true	1	
MT-12C09DAF8019	houdu	厚度	optional	number	mm		true	2	
MT-12C09DAF8019	caizhi	材质	optional	text			true	3	
MT-131809A261F8	specification	规格	required	text			true	1	如65*20*1
MT-131809A261F8	material	材质	required	text			true	2	如不锈钢
MT-131809A261F8	strength_grade	强度等级	required	text			true	3	8.8、12.9等
MT-131809A261F8	surface_treatment	表面处理	optional	text			true	4	镀锌等
MT-1409F2B35C38	spec	规格	required	text			true	1	如通用
MT-1409F2B35C38	length	长度	required	number	m		true	2	如1
MT-1409F2B35C38	material	材质	required	text			true	3	如不锈钢
MT-14C12CAC4D5E	content	含量	optional	text			true	1	
MT-14C12CAC4D5E	type	类型	optional	text			true	2	如变频
MT-1575F9ADBD09	thickness	厚度	required	text			true	1	如3mm
MT-1575F9ADBD09	sheet_size	尺寸	required	text			true	2	钢板尺寸，如1.26m*6m
MT-1575F9ADBD09	material	材质	required	text			true	3	如不锈钢
MT-15CB416C64EE	size	口径	required	text			true	1	如4寸（DN100）
MT-15CB416C64EE	drive_size	驱动轴	required	text			true	2	如3/4英寸
MT-15E584180E2F	specification	规格	required	text			true	1	如65*20*1
MT-15E584180E2F	material	材质	required	text			true	2	如不锈钢
MT-15E584180E2F	surface_treatment	表面处理	optional	text			true	3	镀锌等
MT-16D79104C50B	weight	重量	optional	number	kg		true	1	单块或单批次重量
MT-16D79104C50B	handle_material	柄材质	optional	text			true	2	
MT-16FC604DB01C	material	材质	required	text			true	1	如不锈钢
MT-16FC604DB01C	interface_size	接口	required	text			true	2	如G1/2
MT-16FC604DB01C	included_items	包含	optional	text			true	3	如龙头+花洒+软管
MT-170F041FF7D6	length	长度	required	number	m		true	1	如1
MT-170F041FF7D6	width	宽度	required	number	mm		true	2	如50
MT-170F041FF7D6	thickness	厚度	required	text			true	3	如3mm
MT-181CE295C9C7	applicable_equipment	适用设备	required	text			true	1	适用设备或工况
MT-181CE295C9C7	material_type	材质	required	text			true	2	如铸铁
MT-181CE295C9C7	dimension	规格/尺寸	optional	text			true	3	如34*75cm。
MT-1873997F52BD	material	材质	optional	text			true	1	如不锈钢
MT-1873997F52BD	capacity	容量	optional	text			true	2	如1.7L
MT-1927AFDD6E07	specification	规格	required	text			true	1	如65*20*1
MT-1927AFDD6E07	material	材质	optional	text			true	2	如不锈钢
MT-1927AFDD6E07	surface_treatment	表面处理	optional	text			true	3	镀锌等
MT-1984E72FABCF	length	长度	required	number	m		true	1	如1
MT-1984E72FABCF	category	网线类别	required	text			true	2	
MT-1984E72FABCF	shielding_type	屏蔽类型	optional	text			true	3	
MT-1A0F090ACF39	size	口径	optional	text			true	1	如4寸（DN100）
MT-1A0F090ACF39	material	材质	optional	text			true	2	如不锈钢
MT-1B4591DB03EA	material	材质	required	text			true	1	如不锈钢
MT-1B4591DB03EA	spec	规格	optional	text			true	2	如通用
MT-1B4591DB03EA	model	型号	optional	text			true	3	如无则留空
MT-1B4591DB03EA	pressure_grade	压力等级	optional	text			true	4	如1.0MPa、1.6MPa
MT-1B4591DB03EA	connection_type	连接方式	optional	text			true	5	如胶接
MT-1B4591DB03EA	feature	特征	optional	text			true	6	如厚
MT-1BAA5262EAC8	material	材质	required	text			true	1	如不锈钢
MT-1BAA5262EAC8	spec	规格	optional	text			true	2	如通用
MT-1BAA5262EAC8	connection_type	连接方式	optional	text			true	3	如胶接
MT-1BAA5262EAC8	angle	角度	optional	text			true	4	如90°
MT-1BAA5262EAC8	feature	特征	optional	text			true	5	如厚
MT-1BB316C003E8	capacity	容量	optional	text			true	1	如1.7L
MT-1BB316C003E8	concentration	浓度	optional	text			true	2	
MT-1BB316C003E8	packaging_type	包装形式	optional	enum		袋装；散装	true	3	袋装或散装
MT-1BE70E3326DB	thickness	厚度	optional	text			true	1	如3mm
MT-1BE70E3326DB	material	材质	optional	text			true	2	如不锈钢
MT-1BE70E3326DB	width	宽度	optional	number	mm		true	3	如50
MT-1C2CE2A20437	material	材质	required	text			true	1	如不锈钢
MT-1C2CE2A20437	opening_mode	开启方式	required	text			true	2	
MT-1C2CE2A20437	size	口径	required	text			true	3	如4寸（DN100）
MT-1C3317497F61	ribbon_material	材质	required	enum		全树脂基；蜡基；混合基	true	1	碳带树脂/蜡基配方类型
MT-1C3317497F61	width	宽度	required	number	mm		true	2	如50
MT-1C3317497F61	length	长度	required	number	m		true	3	如1
MT-1C76E756D933	nominal_diameter	公称直径	required	text			true	1	如DN25、DN50
MT-1C76E756D933	connection	连接	required	text			true	2	如内外牙
MT-1C76E756D933	material	材质	optional	text			true	3	如不锈钢
MT-1C76E756D933	drive_mode	驱动方式	optional	enum		电动	true	4	现有证据仅电动；如后续出现其他驱动方式再扩展。
MT-1C86AD74DABB	specification	规格	required	text			true	1	如65*20*1
MT-1C86AD74DABB	screw_type	螺丝类型	required	text			true	2	套件内紧固件类型/头型，如外六角、内六角、T型、圆头、高强度等
MT-1C86AD74DABB	material	材质	required	text			true	3	如不锈钢
MT-1C86AD74DABB	strength_grade	强度等级	required	text			true	4	8.8、12.9等
MT-1C86AD74DABB	surface_treatment	表面处理	optional	text			true	5	镀锌等
MT-1C86AD74DABB	kit_components	套件组成	required	text			true	6	如平垫+弹垫+螺母、平垫+弹垫、螺母
MT-1C876845B9C7	size	口径	optional	text			true	1	如4寸（DN100）
MT-1C87F5281145	layers	层数	required	text			true	1	如8层
MT-1D685DE22266	power_w	功率	required	number	W		true	1	如2000W。
MT-1D685DE22266	voltage	电压	optional	text			true	2	
MT-1FA4304673A9	material	材质	optional	text			true	1	如不锈钢
MT-20692D1C01E6	dimensions	尺寸	optional	text			true	1	如1.2米*0.6米
MT-20692D1C01E6	material	材质	optional	text			true	2	如不锈钢
MT-220D69842A50	waijing	外径	required	text			true	1	
MT-220D69842A50	neijing	内径	optional	number	mm		true	2	
MT-220D69842A50	houdu	厚度	optional	number	mm		true	3	
MT-223A975EF429	number_of_gangs	位数	optional	text			true	1	如1位、2位、4位。
MT-223A975EF429	application	用途	optional	text			true	2	给水、排水、线缆保护等；同规格不同用途应区分为不同SKU
MT-223A975EF429	with_base	带底座	optional	boolean			true	3	是否附带安装底座。
MT-22A29F55ED8A	voltage	电压	required	text			true	1	
MT-22A29F55ED8A	flow	流量	optional	text			true	2	
MT-22A29F55ED8A	head	扬程	optional	text			true	3	
MT-23A67A242AA9	material	材质	optional	text			true	1	如不锈钢
MT-23A67A242AA9	color	颜色	optional	text			true	2	如透明
MT-23A67A242AA9	size	口径	optional	text			true	3	如4寸（DN100）
MT-23A67A242AA9	supply_form	供应形态	optional	text			true	4	如成品块布、按重量供应的布料。
MT-23DBD83CFCB5	package_spec	包装规格	optional	text			true	1	如单支、盒装12支
MT-23DBD83CFCB5	application	用途	optional	text			true	2	给水、排水、线缆保护等；同规格不同用途应区分为不同SKU
MT-246A1D69D7A3	nominal_diameter	公称直径	required	text			true	1	如DN25、DN50
MT-246A1D69D7A3	length	长度	required	number	m		true	2	如1
MT-246A1D69D7A3	interface_type	接口形式	optional	text			true	3	两端接口如内丝/外丝/快速接头
MT-2494E6EB1AC1	color	颜色	optional	text			true	1	如透明
MT-2494E6EB1AC1	width	宽度	optional	number	mm		true	2	如50
MT-2494E6EB1AC1	package_weight	包装规格	optional	text			true	3	如1kg/包
MT-25908070A559	thickness	厚度	required	text			true	1	如3mm
MT-25908070A559	fire_rating	防火等级	optional	text			true	2	
MT-25B26D59F8C2	dimensions	尺寸	optional	text			true	1	如1.2米*0.6米
MT-25B26D59F8C2	material	材质	optional	text			true	2	如不锈钢
MT-25F09C4C1D23	material	材质	required	text			true	1	如不锈钢
MT-25F09C4C1D23	size	口径	optional	text			true	2	如4寸（DN100）
MT-269272371E37	length	长度	required	number	m		true	1	如1
MT-269272371E37	rung_count	档数	optional	number			true	2	如12档
MT-26CE963D170E	load_capacity	承重	required	text			true	1	
MT-26CE963D170E	fork_length	货叉长度	optional	text			true	2	
MT-26CE963D170E	fork_width	货叉宽度	optional	text			true	3	
MT-26E7D1140796	diameter	直径	required	text			true	1	如1.5米
MT-26E7D1140796	length	长度	required	number	m		true	2	如1
MT-26E7D1140796	material	材质	optional	text			true	3	如不锈钢
MT-26E7D1140796	brand	品牌	optional	text			true	4	如海飞丝
MT-271DC337D5AE	caliber	口径	required	text			true	1	如DN100
MT-271DC337D5AE	material	材质	optional	text			true	2	如不锈钢
MT-271DC337D5AE	pressure_rating	压力等级	optional	text	MPa		true	3	如1.0MPa、1.6MPa
MT-2733C13A06DB	characteristic	特性	optional	text			true	1	如阻燃
MT-2733C13A06DB	package_weight	包装规格	optional	text			true	2	如1kg/包
MT-275FAE855873	specification	规格	required	text			true	1	如65*20*1
MT-275FAE855873	material	材质	required	text			true	2	如不锈钢
MT-275FAE855873	strength_grade	强度等级	required	text			true	3	8.8、12.9等
MT-275FAE855873	surface_treatment	表面处理	optional	text			true	4	镀锌等
MT-276BC830BF3C	color	颜色	optional	text			true	1	如透明
MT-276BC830BF3C	dimensions	尺寸	required	text			true	2	如1.2米*0.6米
MT-277D98364049	spec	规格	required	text			true	1	如通用
MT-279CE4AA9714	capacity	容量	required	text			true	1	如1.7L
MT-279CE4AA9714	accuracy	精度	required	text			true	2	如±2.5%、±3%
MT-279CE4AA9714	power_supply	供电	optional	text			true	3	如太阳能、市电
MT-27BA1EB08A05	material	材质	required	text			true	1	如不锈钢
MT-27BA1EB08A05	diameter	直径	required	text			true	2	如1.5米
MT-27BA1EB08A05	application	用途	optional	text			true	3	给水、排水、线缆保护等；同规格不同用途应区分为不同SKU
MT-27E3A42F3667	model	型号	required	text			true	1	如无则留空
MT-27EA53568BD1	size	口径	required	text			true	1	如4寸（DN100）
MT-27EA53568BD1	feature	特征	optional	text			true	2	如厚
MT-27EA53568BD1	material	材质	optional	text			true	3	如不锈钢
MT-27EA53568BD1	brand	品牌	optional	text			true	4	如海飞丝
MT-281785350378	rated_voltage	额定电压	required	text			true	1	额定电压范围，如100-500V
MT-281785350378	bead_count	灯珠数量	optional	number			true	2	灯珠数量/米或条
MT-2849DC3D05E4	brand	品牌	required	text			true	1	如海飞丝
MT-2849DC3D05E4	model	型号	required	text			true	2	如无则留空
MT-2849DC3D05E4	package_capacity	包装容量	optional	text			true	3	如20kg/桶。
MT-2850A9FC69AB	rated_load	额定载荷	optional	text	T		true	1	如15T。
MT-2889C7F05635	material	材质	required	text			true	1	如不锈钢
MT-2889C7F05635	size	口径	required	text			true	2	如4寸（DN100）
MT-2889C7F05635	feature	特征	optional	text			true	3	如厚
MT-2956D0668F0C	material	材质	optional	text			true	1	如不锈钢
MT-2956D0668F0C	capacity	容量	optional	text			true	2	如1.7L
MT-2992E95FAA04	line_count	线数	required	number	线		true	1	激光线数，如2线
MT-2992E95FAA04	accuracy	精度	optional	text			true	2	如±2.5%、±3%
MT-2992E95FAA04	wavelength	激光波长	optional	number	nm		true	3	激光波长，如635nm
MT-29F7F131F7D4	spec_range	规格范围	required	text			true	1	如8-24mm
MT-29F7F131F7D4	piece_count	件数	required	text			true	2	如9件
MT-29F7F131F7D4	brand	品牌	optional	text			true	3	如海飞丝
MT-29FAEEBC1DB7	weight	重量	required	number	kg		true	1	单块或单批次重量
MT-2A3E0393F94F	power	匹数	required	text			true	1	如3匹、大1.5匹、1.5匹
MT-2A3E0393F94F	light_source	光源	optional	text			true	2	如LED
MT-2A3E0393F94F	power_supply	供电	optional	text			true	3	如太阳能、市电
MT-2A3E0393F94F	environment	使用环境	optional	text			true	4	如室外
MT-2A4398CDFE43	specification_range	规格范围	required	text			true	1	套装规格范围，如8-24mm
MT-2B0AEB3EAED6	load_capacity	承重	required	text			true	1	
MT-2B0AEB3EAED6	length	长度	optional	number	m		true	2	如1
MT-2B0AEB3EAED6	lock_type	锁具	optional	text			true	3	
MT-2B0AEB3EAED6	material	材质	optional	text			true	4	如不锈钢
MT-2B8B32AFB454	dimensions	尺寸	required	text			true	1	如1.2米*0.6米
MT-2B8B32AFB454	thickness	厚度	required	text			true	2	如3mm
MT-2B8B32AFB454	structure	结构	optional	text			true	3	其他结构特征
MT-2B8B32AFB454	color	颜色	optional	text			true	4	如透明
MT-2BD23953B5CD	power_supply	供电	required	text			true	1	如太阳能、市电
MT-2BD23953B5CD	configuration	配置	optional	text			true	2	如套装、含充电器
MT-2BD23953B5CD	voltage	电压	optional	text			true	3	
MT-2BD23953B5CD	battery_capacity	电池容量	optional	text			true	4	电池容量，如2.0Ah
MT-2C00BA97AEC3	material	材质	optional	text			true	1	如不锈钢
MT-2C00BA97AEC3	dimensions	尺寸	optional	text			true	2	如1.2米*0.6米
MT-2C1A35C14373	outer_diameter	外径	required	text	mm		true	1	外径尺寸
MT-2C1A35C14373	bore_diameter	孔径	required	number	mm		true	2	安装孔径
MT-2C1A35C14373	grit	粒度	required	text			true	3	如80#、240#、600#
MT-2C6F9D2B1067	base_material	基材	required	text			true	1	棉纸、泡棉、PET等；源证据未提供时可选。
MT-2C6F9D2B1067	width	宽度	required	number	mm		true	2	如50
MT-2C6F9D2B1067	length	长度	required	number	m		true	3	如1
MT-2C6F9D2B1067	thickness	厚度	optional	text			true	4	如3mm
MT-2D6782263518	specification	规格	required	text			true	1	如65*20*1
MT-2D6782263518	material	材质	required	text			true	2	如不锈钢
MT-2D6782263518	surface_treatment	表面处理	optional	text			true	3	镀锌等
MT-2DA6ABE75AE6	length	长度	optional	number	m		true	1	如1
MT-2DA6ABE75AE6	feature	特征	optional	text			true	2	如厚
MT-2DF162AD6294	material	材质	required	text			true	1	如不锈钢
MT-2DF162AD6294	size	口径	optional	text			true	2	如4寸（DN100）
MT-2E6EAF0D3CB8	spec	规格	optional	text			true	1	如通用
MT-2F88AF306F4D	capacity	容量	optional	text			true	1	如1.7L
MT-2F8BDE6FB893	power	匹数	required	text			true	1	如3匹、大1.5匹、1.5匹
MT-2F8BDE6FB893	voltage	电压	required	text			true	2	
MT-2F8BDE6FB893	head	扬程	optional	text			true	3	
MT-2F8BDE6FB893	outlet_size	口径	optional	text			true	4	
MT-30A9F258EF59	material	材质	required	text			true	1	如不锈钢
MT-30A9F258EF59	size	口径	required	text			true	2	如4寸（DN100）
MT-30A9F258EF59	connection_type	连接方式	optional	text			true	3	如胶接
MT-30A9F258EF59	feature	特征	optional	text			true	4	如厚
MT-30BED2968C22	size	口径	required	text			true	1	如4寸（DN100）
MT-30BED2968C22	material	材质	optional	text			true	2	如不锈钢
MT-310EA2FFDD11	material	材质	optional	text			true	1	如不锈钢
MT-310EA2FFDD11	spec	规格	optional	text			true	2	如通用
MT-31255A55B488	spec	规格	optional	text			true	1	如通用
MT-31255A55B488	material	材质	optional	text			true	2	如不锈钢
MT-316F1BE1D8F3	range	量程	required	text			true	1	如1000A、2000A
MT-316F1BE1D8F3	accuracy	精度	optional	text			true	2	如±2.5%、±3%
MT-316F65A55D99	drive_mode	驱动方式	required	enum		电动	true	1	现有证据仅电动；如后续出现其他驱动方式再扩展。
MT-316F65A55D99	configuration	配置	optional	text			true	2	如套装、含充电器
MT-31866361124C	brand_model	品牌/型号	optional	text			true	1	如WD-40、DM40。
MT-31866361124C	capacity	容量	optional	text			true	2	如1.7L
MT-31A1F72CE334	grade	等级	optional	text			true	1	如4SH
MT-31A1F72CE334	diameter_mm	直径（mm）	required	number	mm		true	2	钢丝绳直径。
MT-31A1F72CE334	package_weight_kg	包装重量	optional	number	kg		true	3	如20kg。
MT-324CEADD8DD4	tube_size	适用气管外径	required	text			true	1	如8mm
MT-324CEADD8DD4	material	材质	optional	text			true	2	如不锈钢
MT-327C91C1FCD4	range	量程	required	text			true	1	如1000A、2000A
MT-331BE0A5CDA3	material	材质	required	text			true	1	如不锈钢
MT-33314DBCFB5A	specification	规格	required	text			true	1	如65*20*1
MT-33314DBCFB5A	material	材质	required	text			true	2	如不锈钢
MT-33314DBCFB5A	surface_treatment	表面处理	optional	text			true	3	镀锌等
MT-33314DBCFB5A	drive_type	驱动类型	required	text			true	4	十字、六角等
MT-335A01CAF8EC	spec	规格	optional	text			true	1	如通用
MT-33678DFF6077	nominal_diameter	公称直径	required	text			true	1	如DN25、DN50
MT-33678DFF6077	connection	连接	required	text			true	2	如内外牙
MT-336F13215B77	applicable_equipment	适用设备	optional	text			true	1	适用设备或工况
MT-336F13215B77	capacity	容量	optional	text			true	2	如1.7L
MT-3456430B26D2	caliber	口径	required	text			true	1	如DN100
MT-3456430B26D2	shape	形状	optional	text			true	2	如方凳、圆凳
MT-345E9C1C98A9	filtration_mesh	过滤精度	required	text			true	1	过滤精度，如100目
MT-346146BAEDB6	material	材质	optional	text			true	1	如不锈钢
MT-346146BAEDB6	length	长度	optional	number	m		true	2	如1
MT-34F59C9A2527	grade	等级	required	text			true	1	如4SH
MT-34F59C9A2527	diameter_mm	直径（mm）	required	number	mm		true	2	钢丝绳直径。
MT-34F59C9A2527	package_weight_kg	包装重量	optional	number	kg		true	3	如20kg。
MT-34F669EA5A02	head_circumference	头围	optional	number	cm		true	1	
MT-34F669EA5A02	material	材质	optional	text			true	2	如不锈钢
MT-34FFED3870B0	material	材质	optional	text			true	1	如不锈钢
MT-34FFED3870B0	size	口径	optional	text			true	2	如4寸（DN100）
MT-34FFED3870B0	feature	特征	optional	text			true	3	如厚
MT-34FFED3870B0	process	工艺	optional	text			true	4	如焊接
MT-350F690ACEEC	length	长度	required	number	m		true	1	如1
MT-350F690ACEEC	diameter	直径	optional	text			true	2	如1.5米
MT-350F690ACEEC	material	材质	optional	text			true	3	如不锈钢
MT-350F690ACEEC	package_quantity	包装数量	optional	text			true	4	如1套
MT-3526C7D9267E	applicable_pipe_range_mm	适用口径	required	text			true	1	如20-63mm。
MT-3526C7D9267E	heating_mode	加热方式	optional	text			false	2	如电热。
MT-35684B49BF52	size_class	规格	optional	text			true	1	
MT-35684B49BF52	load_capacity_kg	承重(kg)	required	number	kg		true	2	
MT-35684B49BF52	material	材质	optional	text			true	3	如不锈钢
MT-35708EFB9DFD	capacity	容量	required	text			true	1	如1.7L
MT-35708EFB9DFD	material	材质	optional	text			true	2	如不锈钢
MT-35708EFB9DFD	installation_mode	安装方式	optional	enum		台上式；台下式	true	3	如台上式
MT-35ADDB4AD040	specification	规格	required	text			true	1	如65*20*1
MT-35ADDB4AD040	material	材质	required	text			true	2	如不锈钢
MT-35B16893CFEE	outer_diameter	外径	required	text	mm		true	1	外径尺寸
MT-35B16893CFEE	bore_diameter	孔径	required	number	mm		true	2	安装孔径
MT-35CD0A39FE33	fit_size	适配尺寸	required	text			true	1	如70寸、通用
MT-3602A5B69E2B	material	材质	optional	text			true	1	如不锈钢
MT-3602A5B69E2B	dimensions	尺寸	optional	text			true	2	如1.2米*0.6米
MT-36088DD38ECC	rated_load	额定载荷	optional	text	T		true	1	如15T。
MT-36088DD38ECC	opening_range	开口范围	optional	text			true	2	如0-20mm、0-25mm。
MT-36F5A07C4343	caliber	口径	required	text			true	1	如DN100
MT-3790922C006B	material	材质	required	text			true	1	如不锈钢
MT-3790922C006B	installation_environment	安装环境	required	text			true	2	如室外
MT-3790922C006B	structure	结构	optional	text			true	3	其他结构特征
MT-3790922C006B	dimension	规格/尺寸	optional	text			true	4	如34*75cm。
MT-3790922C006B	rated_current	额定电流	optional	number	A		true	5	如100A
MT-3790922C006B	rated_power	额定功率	optional	number	W		true	6	吸尘器电机额定功率。
MT-3790922C006B	model	型号	optional	text			true	7	如无则留空
MT-388252DF54DF	resistance	阻值	required	text			true	1	如5K。
MT-388252DF54DF	model	型号	optional	text			true	2	如无则留空
MT-38AB621F1BD4	thickness	厚度	required	text			true	1	如3mm
MT-38AB621F1BD4	feature	特征	optional	text			true	2	如厚
MT-38AB621F1BD4	material	材质	optional	text			true	3	如不锈钢
MT-38AB621F1BD4	dimensions	尺寸	optional	text			true	4	如1.2米*0.6米
MT-38AC8CED851A	interface_type	接口形式	required	text			true	1	两端接口如内丝/外丝/快速接头
MT-38AC8CED851A	waterproof_rating	防水等级	required	text			true	2	
MT-38EA50E40EC6	width_mm	宽度（mm）	required	number	mm		true	1	胶带宽度。
MT-38EA50E40EC6	length_mm	长度(mm)	required	number	mm		true	2	
MT-38EA50E40EC6	material	材质	optional	text			true	3	如不锈钢
MT-38EA50E40EC6	packaging_quantity	包装数量	optional	number	只/包		true	4	整包销售时的包装数量
MT-3916B171DAD6	dimensions	尺寸	required	text			true	1	如1.2米*0.6米
MT-3916B171DAD6	characteristic	特性	optional	text			true	2	如阻燃
MT-3916B171DAD6	thickness	厚度	optional	text			true	3	如3mm
MT-3916B171DAD6	material	材质	optional	text			true	4	如不锈钢
MT-3925E7EC5DFC	material	材质	optional	text			true	1	如不锈钢
MT-39D61542FD5B	interface	接口	required	text			true	1	如外丝转内丝
MT-39D61542FD5B	rated_voltage_v	额定电压	required	number	V		true	2	如250V。
MT-39D61542FD5B	rated_current_a	额定电流	required	number	A		true	3	如100A。
MT-3A21FD63066A	interface	接口	required	text			true	1	如外丝转内丝
MT-3A8EB2136FA8	applicable_model	适配型号	required	text			true	1	适配泥浆泵型号，如BW-250
MT-3A8EB2136FA8	material	材质	optional	text			true	2	如不锈钢
MT-3ABD6EEC75F8	range	量程	required	text			true	1	如1000A、2000A
MT-3ABD6EEC75F8	accuracy	精度	optional	text			true	2	如±2.5%、±3%
MT-3ABD6EEC75F8	type	类型	optional	text			true	3	如变频
MT-3B3AAD7606BA	width	宽度	optional	number	mm		true	1	如50
MT-3B3AAD7606BA	length	长度	optional	number	m		true	2	如1
MT-3B3AAD7606BA	feature	特征	optional	text			true	3	如厚
MT-3BA251D3B7D0	length	长度	optional	number	m		true	1	如1
MT-3BA251D3B7D0	material	材质	optional	text			true	2	如不锈钢
MT-3BF81E32BAFC	brand	品牌	optional	text			true	1	如海飞丝
MT-3BF81E32BAFC	color	颜色	required	text			true	2	如透明
MT-3BF81E32BAFC	capacity	容量	required	text			true	3	如1.7L
MT-3C4531A8FE86	voltage	电压	required	text			true	1	
MT-3C4531A8FE86	power	匹数	required	text			true	2	如3匹、大1.5匹、1.5匹
MT-3C4531A8FE86	pressure	压力	optional	text			true	3	如高压
MT-3D0E3C5F5114	power_source	供电方式	required	enum		锂电池；交流	true	1	锂电池或交流供电。
MT-3D0E3C5F5114	voltage	电压	required	text			true	2	
MT-3D0E3C5F5114	wheel_diameter_mm	砂轮片直径	required	number	mm		true	3	如100mm。
MT-3D0E3C5F5114	configuration	配置	optional	text			true	4	如套装、含充电器
MT-3D0E3C5F5114	brand	品牌	optional	text			true	5	如海飞丝
MT-3DD3218D47DD	material	材质	required	text			true	1	如不锈钢
MT-3DD3218D47DD	cross_section	截面积	required	text			true	2	如2.5mm²
MT-3DD3218D47DD	length	长度	required	number	m		true	3	如1
MT-3E7CF719F789	model	型号	required	text			true	1	如无则留空
MT-3E7CF719F789	rated_current_a	额定电流	optional	number	A		true	2	如100A。
MT-3EBDBA585441	brand	品牌	optional	text			true	1	如海飞丝
MT-3EBDBA585441	mask_type	面罩类型	optional	enum		半面罩；全面罩	true	2	
MT-3EBDBA585441	material	材质	optional	text			true	3	如不锈钢
MT-3ECB2D050442	power	匹数	required	text			true	1	如3匹、大1.5匹、1.5匹
MT-3ECB2D050442	voltage	电压	required	text			true	2	
MT-3ECB2D050442	flow	流量	optional	text			true	3	
MT-3ECB2D050442	pressure	压力	optional	text			true	4	如高压
MT-3F071E5610CC	material	材质	required	text			true	1	如不锈钢
MT-3F071E5610CC	caliber	口径	required	text			true	2	如DN100
MT-3F071E5610CC	pressure_rating	压力等级	optional	text	MPa		true	3	如1.0MPa、1.6MPa
MT-3F1E291CB75E	strength_grade	强度等级	required	text			true	1	8.8、12.9等
MT-3F1E291CB75E	packaging_type	包装形式	optional	enum		袋装；散装	true	2	袋装或散装
MT-3F1E291CB75E	package_weight_kg	包装重量	optional	number	kg		true	3	如20kg。
MT-3F1E291CB75E	brand	品牌	optional	text			true	4	如海飞丝
MT-3FE894F8D206	power	匹数	required	text			true	1	如3匹、大1.5匹、1.5匹
MT-40E0D6744C7E	capacity	容量	required	text			true	1	如1.7L
MT-40E0D6744C7E	material	材质	optional	text			true	2	如不锈钢
MT-40E3F8410CEE	head_type	头型	required	text			true	1	刀头形状，如一字、十字
MT-40E3F8410CEE	specification	规格	required	text			true	2	如65*20*1
MT-40E3F8410CEE	material	材质	optional	text			true	3	如不锈钢
MT-40E3F8410CEE	type	类型	optional	text			true	4	如变频
MT-40E6FCE10B2E	dimensions	尺寸	optional	text			true	1	如1.2米*0.6米
MT-40E6FCE10B2E	material	材质	optional	text			true	2	如不锈钢
MT-40E6FCE10B2E	custom_note	定制说明	optional	text			true	3	如焊接加工。
MT-40FB771794DF	capacity	容量	optional	text			true	1	如1.7L
MT-40FB771794DF	material	材质	optional	text			true	2	如不锈钢
MT-40FB771794DF	configuration	配置	optional	text			true	3	如套装、含充电器
MT-415657C7C04C	rated_load	额定载荷	optional	text	T		true	1	如15T。
MT-415657C7C04C	chain_length	链条长度	optional	number	m		true	2	如3米、6米。
MT-415657C7C04C	chain_diameter	链条直径	optional	number	mm		true	3	如6mm、8mm。
MT-41A5C8A013A6	capacity	容量	optional	text			true	1	如1.7L
MT-41A5C8A013A6	purpose	用途	optional	text			true	2	如防火涂层检测
MT-41A5C8A013A6	live_cleaning	是否带电清洗	optional	enum		是；否	true	3	
MT-41A91AC401A0	specification	规格	required	text			true	1	如65*20*1
MT-41A91AC401A0	reducing	变径	optional	text			true	2	如36*3/36*2
MT-41A91AC401A0	material	材质	optional	text			true	3	如不锈钢
MT-428791A708F5	width	宽度	optional	number	mm		true	1	如50
MT-428791A708F5	length	长度	optional	number	m		true	2	如1
MT-428791A708F5	color	颜色	optional	text			true	3	如透明
MT-429B83549768	length	长度	required	number	m		true	1	如1
MT-429B83549768	connection_type	连接方式	required	text			true	2	如胶接
MT-42D96A4577C3	nominal_size	公称通径	required	text			true	1	如DN50、DN80
MT-42D96A4577C3	material	材质	optional	text			true	2	如不锈钢
MT-43851D46EB3C	width	宽度	required	number	mm		true	1	如50
MT-43851D46EB3C	length	长度	required	number	m		true	2	如1
MT-43851D46EB3C	material	材质	optional	text			true	3	如不锈钢
MT-4388E06A7B71	specification	规格	required	text			true	1	如65*20*1
MT-43A2FAACE87F	power_source	供电方式	required	enum		锂电池；交流	true	1	锂电池或交流供电。
MT-43A2FAACE87F	voltage	电压	required	text			true	2	
MT-43A2FAACE87F	configuration	配置	optional	text			true	3	如套装、含充电器
MT-43A2FAACE87F	brand	品牌	optional	text			true	4	如海飞丝
MT-444DBD3425B5	standard	标准	required	enum		国标；美式	true	1	国标或美式。
MT-444DBD3425B5	hole_configuration	孔位	required	text			true	2	如5孔。
MT-444DBD3425B5	function	功能	optional	text			true	3	如冷暖
MT-444DBD3425B5	rated_current_a	额定电流	required	number	A		true	4	如100A。
MT-444DBD3425B5	rated_voltage_v	额定电压	required	number	V		true	5	如250V。
MT-448156536DBB	voltage	电压	required	text			true	1	
MT-448156536DBB	light_source	光源	optional	text			true	2	如LED
MT-448156536DBB	type	类型	optional	text			true	3	如变频
MT-44D1CF88C9C9	purpose	用途	optional	text			true	1	如防火涂层检测
MT-44D1CF88C9C9	size	口径	required	text			true	2	如4寸（DN100）
MT-455075B05215	material	材质	optional	text			true	1	如不锈钢
MT-455075B05215	size	口径	required	text			true	2	如4寸（DN100）
MT-455075B05215	load_capacity	承重	optional	text			true	3	
MT-457D7DF9431C	pressure	压力	optional	text			true	1	如高压
MT-457D7DF9431C	flow	流量	optional	text			true	2	
MT-461381BDDA89	material	材质	required	text			true	1	如不锈钢
MT-461381BDDA89	shape	形状	optional	text			true	2	如方凳、圆凳
MT-461381BDDA89	size	口径	optional	text			true	3	如4寸（DN100）
MT-461381BDDA89	feature	特征	optional	text			true	4	如厚
MT-464882904351	size	口径	required	text			true	1	如4寸（DN100）
MT-464882904351	material	材质	optional	text			true	2	如不锈钢
MT-464882904351	weight_class	类型	optional	text			true	3	如重型
MT-46D08AC47729	specification	规格	optional	text			true	1	如65*20*1
MT-46D08AC47729	length	长度	optional	number	m		true	2	如1
MT-46D08AC47729	material	材质	optional	text			true	3	如不锈钢
MT-46E3EA1E3D56	size	口径	optional	text			true	1	如4寸（DN100）
MT-471094B784D5	power_kw	功率	required	number	kW		true	1	如1.1kW。
MT-471094B784D5	structure	结构	optional	text			true	2	其他结构特征
MT-471094B784D5	voltage	电压	optional	text			true	3	
MT-471094B784D5	wheel_diameter_mm	砂轮片直径	optional	number	mm		true	4	如100mm。
MT-476D359DC169	interface_size	接口	required	text			true	1	如G1/2
MT-476D359DC169	material	材质	optional	text			true	2	如不锈钢
MT-476D359DC169	application	用途	optional	text			true	3	给水、排水、线缆保护等；同规格不同用途应区分为不同SKU
MT-48004B85E0F0	size	口径	optional	text			true	1	如4寸（DN100）
MT-48004B85E0F0	package_quantity	包装数量	optional	text			true	2	如1套
MT-48004B85E0F0	packaging_type	包装形式	optional	enum		袋装；散装	true	3	袋装或散装
MT-48207EB01C9C	shape	形状	required	text			true	1	如方凳、圆凳
MT-48207EB01C9C	surface_treatment	表面处理	optional	text			true	2	镀锌等
MT-48207EB01C9C	specification	规格	optional	text			true	3	如65*20*1
MT-490567281559	interface_size	接口	required	text			true	1	如G1/2
MT-497D11A95BDB	package_spec	包装规格	required	text			true	1	如单支、盒装12支
MT-4984424BA111	rated_load	额定载荷	optional	text	T		true	1	如15T。
MT-4984424BA111	fit_type	适配类型	optional	text			true	2	如行车吊钩、通用。
MT-4984424BA111	feature	特征	optional	text			true	3	如厚
MT-49B661D5EB3F	diameter	直径	required	text			true	1	如1.5米
MT-49B661D5EB3F	steel_grade	牌号	required	text			true	2	钢筋牌号，如HRB400、HRB400E
MT-49B661D5EB3F	length	长度	optional	number	m		true	3	如1
MT-49B9AB70099B	capacity	容量	required	text			true	1	如1.7L
MT-49B9AB70099B	material	材质	optional	text			true	2	如不锈钢
MT-49B9AB70099B	has_scale	刻度	optional	boolean			true	3	是否有刻度
MT-4A12024267E1	nominal_diameter	公称直径	required	text			true	1	如DN25、DN50
MT-4A12024267E1	connection_mode	连接方式	optional	text			true	2	如法兰
MT-4A12024267E1	lining_material	材质/衬里	optional	text			true	3	如橡胶
MT-4A12024267E1	type	类型	optional	text			true	4	如变频
MT-4A471D5E06FE	model	型号	required	text			true	1	如无则留空
MT-4A471D5E06FE	material	材质	optional	text			true	2	如不锈钢
MT-4A4F76AB7ED4	material	材质	optional	text			true	1	如不锈钢
MT-4A4F76AB7ED4	application_scenario	适用场景	optional	text			true	2	如办公室门、大门、防盗门、断桥铝门
MT-4B8387D02EE7	material	材质	optional	text			true	1	如不锈钢
MT-4B8387D02EE7	length	长度	optional	number	m		true	2	如1
MT-4B8387D02EE7	width	宽度	optional	number	mm		true	3	如50
MT-4BA64E52D4BF	material	材质	optional	text			true	1	如不锈钢
MT-4BA64E52D4BF	dimensions	尺寸	optional	text			true	2	如1.2米*0.6米
MT-4BA64E52D4BF	processing	加工	optional	text			true	3	如扣压；不据此推断成环。
MT-4BBF47D7ADC2	material	材质	required	text			true	1	如不锈钢
MT-4BBF47D7ADC2	width	宽度	optional	number	mm		true	2	如50
MT-4BD18858B956	size	口径	optional	text			true	1	如4寸（DN100）
MT-4C85673A510F	specification	规格	required	text			true	1	如65*20*1
MT-4C85673A510F	material	材质	required	text			true	2	如不锈钢
MT-4C85673A510F	surface_treatment	表面处理	optional	text			true	3	镀锌等
MT-4C85673A510F	drive_type	驱动类型	optional	text			true	4	十字、六角等
MT-4CAB204B1D8F	spec_range	规格范围	required	text			true	1	如8-24mm
MT-4CAB204B1D8F	material	材质	optional	text			true	2	如不锈钢
MT-4CAB204B1D8F	brand	品牌	optional	text			true	3	如海飞丝
MT-4CDABCA53509	model	型号	optional	text			true	1	如无则留空
MT-4CDABCA53509	length_type	长度	optional	text			true	2	如标准、长款。
MT-4CDABCA53509	material	材质	optional	text			true	3	如不锈钢
MT-4CF6625D5C80	spec	规格	optional	text			true	1	如通用
MT-4CF6625D5C80	applicable_pipe_diameter	适用管径	optional	text			true	2	可剪切管径范围，如≤42mm
MT-4CF6625D5C80	material	材质	optional	text			true	3	如不锈钢
MT-4D69FA0E3D9A	diameter	直径	required	text			true	1	如1.5米
MT-4D69FA0E3D9A	length	长度	required	number	m		true	2	如1
MT-4D69FA0E3D9A	material	材质	required	text			true	3	如不锈钢
MT-4D69FA0E3D9A	brand	品牌	optional	text			true	4	如海飞丝
MT-4D8AF802D2DB	shaft_height	筒高	optional	text			true	1	
MT-4D8AF802D2DB	size	口径	required	text			true	2	如4寸（DN100）
MT-4D8AF802D2DB	material	材质	optional	text			true	3	如不锈钢
MT-4D8AF802D2DB	feature	特征	optional	text			true	4	如厚
MT-4DC59336FAF6	purity	纯度	optional	text			true	1	
MT-4DC59336FAF6	form	形式	optional	text			true	2	如堵头、管帽
MT-4E060FB18F29	material	材质	optional	text			true	1	如不锈钢
MT-4E060FB18F29	wire_diameter_mm	线径(mm)	required	number	mm		true	2	
MT-4E060FB18F29	length_mm	长度(mm)	required	number	mm		true	3	
MT-4EA454719D3D	structure	结构	required	text			true	1	其他结构特征
MT-4EA454719D3D	waterproof_rating	防水等级	optional	text			true	2	
MT-4EBD74764273	size_spec	规格/口径	required	text			true	1	如14-17-19
MT-4EBD74764273	material	材质	optional	text			true	2	如不锈钢
MT-4EBD74764273	brand	品牌	optional	text			true	3	如海飞丝
MT-4ECDC4BBE3A7	application	用途	optional	text			true	1	给水、排水、线缆保护等；同规格不同用途应区分为不同SKU
MT-4ECDC4BBE3A7	coverage_area	适用面积	optional	text			true	2	如100-200㎡
MT-4F3CD78FEF36	material_type	材质	required	text			true	1	如铸铁
MT-4F3CD78FEF36	diameter	直径	required	text			true	2	如1.5米
MT-4F3CD78FEF36	length	长度	required	number	m		true	3	如1
MT-4F7924C8DD76	width	宽度	required	number	mm		true	1	如50
MT-4F7924C8DD76	length	长度	required	number	m		true	2	如1
MT-4F7924C8DD76	color	颜色	optional	text			true	3	如透明
MT-4F7F2ED2A09E	nominal_diameter	公称直径	required	text			true	1	如DN25、DN50
MT-4F7F2ED2A09E	material	材质	optional	text			true	2	如不锈钢
MT-4F7F2ED2A09E	pressure_grade	压力等级	optional	text			true	3	如1.0MPa、1.6MPa
MT-4F7F2ED2A09E	feature	特征	optional	text			true	4	如厚
MT-4F811188E2CE	characteristic	特性	optional	text			true	1	如阻燃
MT-4F811188E2CE	width_mm	宽度（mm）	required	number	mm		true	2	胶带宽度。
MT-4F811188E2CE	length_m	长度（米）	required	number	m		true	3	如1.2米。
MT-4FDE0862D5F4	purpose	用途	required	text			true	1	如防火涂层检测
MT-4FDE0862D5F4	range	量程	optional	text			true	2	如1000A、2000A
MT-4FDE0862D5F4	accuracy	精度	optional	text			true	3	如±2.5%、±3%
MT-50D5A70D047A	model	型号	optional	text			true	1	如无则留空
MT-50D5A70D047A	interface_size	接口	optional	text			true	2	如G1/2
MT-50D5A70D047A	applicable_equipment	适用设备	optional	text			true	3	适用设备或工况
MT-50D5A70D047A	size_dimensions	尺寸	optional	text			true	4	外形尺寸，如Φ160*505
MT-520816EFED8D	thread_spec	螺纹规格	required	text			true	1	如M32*2
MT-520816EFED8D	material	材质	optional	text			true	2	如不锈钢
MT-529D79A10976	material	材质	optional	text			true	1	如不锈钢
MT-529D79A10976	mount_type	安装方式	optional	text			true	2	如挂壁
MT-52C93398FF40	material	材质	required	text			true	1	如不锈钢
MT-52C93398FF40	nominal_diameter	公称直径	required	text			true	2	如DN25、DN50
MT-52C93398FF40	pressure_grade	压力等级	optional	text			true	3	如1.0MPa、1.6MPa
MT-52C93398FF40	application	用途	required	text			true	4	给水、排水、线缆保护等；同规格不同用途应区分为不同SKU
MT-52C93398FF40	feature	特征	optional	text			true	5	如厚
MT-52DCD9EA3D18	spec_range	规格范围	required	text			true	1	如8-24mm
MT-52DCD9EA3D18	piece_count	件数	required	text			true	2	如9件
MT-52DCD9EA3D18	brand	品牌	optional	text			true	3	如海飞丝
MT-52E9A8C12AC5	cross_section	截面积	required	text			true	1	如2.5mm²
MT-52E9A8C12AC5	color	颜色	optional	text			true	2	如透明
MT-533BD564EE08	capacity	容量	required	text			true	1	如1.7L
MT-5378004E11ED	pipe_diameter	管径	required	number	mm		true	1	如8mm。
MT-5378004E11ED	purpose	用途	optional	text			true	2	如防火涂层检测
MT-5378004E11ED	connection	连接	optional	text			true	3	如内外牙
MT-5378004E11ED	material	材质	optional	text			true	4	如不锈钢
MT-538F15C36CA2	specification	规格	required	text			true	1	如65*20*1
MT-538F15C36CA2	material	材质	optional	text			true	2	如不锈钢
MT-53D944731A77	material	材质	required	text			true	1	如不锈钢
MT-53D944731A77	size	口径	required	text			true	2	如4寸（DN100）
MT-53D944731A77	connection_type	连接方式	optional	text			true	3	如胶接
MT-541E77D80CBC	strength_grade	强度等级	required	text			true	1	8.8、12.9等
MT-541E77D80CBC	packaging_type	包装形式	optional	enum		袋装；散装	true	2	袋装或散装
MT-541E77D80CBC	package_weight_kg	包装重量	optional	number	kg		true	3	如20kg。
MT-5495E7F53626	brand	品牌	optional	text			true	1	如海飞丝
MT-5495E7F53626	model	型号	optional	text			true	2	如无则留空
MT-5495E7F53626	frequency_range	频率	optional	text			true	3	
MT-54E76A58AED6	width	宽度	optional	number	mm		true	1	如50
MT-54E76A58AED6	thickness	厚度	optional	text			true	2	如3mm
MT-54F0098B9EB5	specification	规格	required	text			true	1	如65*20*1
MT-54F0098B9EB5	material	材质	required	text			true	2	如不锈钢
MT-54F0098B9EB5	strength_grade	强度等级	required	text			true	3	8.8、12.9等
MT-54F0098B9EB5	surface_treatment	表面处理	optional	text			true	4	镀锌等
MT-54F0098B9EB5	thread_form	螺纹形式	optional	text			true	5	全牙/半牙等
MT-551F0DB8A5F1	load_capacity	承重	optional	text			true	1	
MT-551F0DB8A5F1	bucket_size	斗体尺寸	optional	text			true	2	
MT-551F0DB8A5F1	wheel_type	轮子类型	optional	text			true	3	
MT-558C48CF98CF	piece_count	件数	required	text			true	1	如9件
MT-558C48CF98CF	size_range	规格范围	required	text	mm		true	2	如8-24mm。
MT-558C48CF98CF	material	材质	optional	text			true	3	如不锈钢
MT-5609B4074F35	size	口径	optional	text			true	1	如4寸（DN100）
MT-5609B4074F35	package_quantity	包装数量	optional	text			true	2	如1套
MT-5665A4B7B843	cross_section	截面积	optional	text			true	1	如2.5mm²
MT-5665A4B7B843	material	材质	optional	text			true	2	如不锈钢
MT-5665A4B7B843	pricing_unit	计价单位	optional	text			false	3	如按米。
MT-566BCD48A53F	specification	规格	required	text			true	1	如65*20*1
MT-566BCD48A53F	material	材质	required	text			true	2	如不锈钢
MT-566BCD48A53F	strength_grade	强度等级	required	text			true	3	8.8、12.9等
MT-566BCD48A53F	surface_treatment	表面处理	optional	text			true	4	镀锌等
MT-569BE9838500	input_voltage_v	输入电压	required	number	V		true	1	变压USB插座的输入电压，如220V。
MT-569BE9838500	output_voltage_v	输出电压	required	number	V		true	2	变压USB插座的输出电压，如36V。
MT-569BE9838500	output_current_a	输出电流	optional	number	A		true	3	如1A。
MT-569BE9838500	output_power_w	输出功率	optional	number	W		true	4	如400W。
MT-569BE9838500	installation_form	安装形态	optional	enum		柜内安装；端子接线；导轨安装	true	5	开关电源通常为柜内/端子接线安装。
MT-56BF399707FC	shielding_type	屏蔽类型	required	text			true	1	
MT-56BF399707FC	cat_level	Cat等级	required	text			true	2	
MT-56C0F98F8191	spec	规格	optional	text			true	1	如通用
MT-577B97F325BD	caliber	口径	required	text			true	1	如DN100
MT-577B97F325BD	drive_mode	驱动方式	required	enum		电动	true	2	现有证据仅电动；如后续出现其他驱动方式再扩展。
MT-577B97F325BD	cable_length	线长	optional	text			true	3	
MT-577B97F325BD	voltage	电压	optional	text			true	4	
MT-582B7CE5942A	compatible_system	配套体系	required	text			true	1	如地坪漆。
MT-582B7CE5942A	package_capacity	包装容量	optional	text			true	2	如20kg/桶。
MT-587A31130FB0	capacity	容量	optional	text			true	1	如1.7L
MT-589596B471F0	material	材质	required	text			true	1	如不锈钢
MT-589596B471F0	nominal_size	公称通径	required	text			true	2	如DN50、DN80
MT-58E4C2C11EDE	length	长度	required	number	m		true	1	如1
MT-58E4C2C11EDE	material	材质	optional	text			true	2	如不锈钢
MT-5904A7482737	width	宽度	required	number	mm		true	1	如50
MT-5904A7482737	color	颜色	optional	text			true	2	如透明
MT-5913CF437050	end_spec	两端口径	required	text			true	1	
MT-5913CF437050	connection_method	接口/连接方式	required	text			true	2	
MT-598D55A039B9	color	颜色	optional	text			true	1	如透明
MT-598D55A039B9	package_quantity	包装数量	optional	text			true	2	如1套
MT-598D55A039B9	size	口径	optional	text			true	3	如4寸（DN100）
MT-5A646D4AC420	rated_load	额定载荷	optional	text	T		true	1	如15T。
MT-5A646D4AC420	motor_power	电机功率	optional	text			true	2	如1.5kW。
MT-5A646D4AC420	rope_diameter	钢丝绳直径	optional	number	mm		true	3	如8mm。
MT-5AA1B3DFCEBB	material	材质	optional	text			true	1	如不锈钢
MT-5AA1B3DFCEBB	pipe_diameter_mm	适配管径(mm)	required	number	mm		true	2	
MT-5AC099BAC54D	height	高度	optional	number	mm		true	1	如100
MT-5AC099BAC54D	material	材质	optional	text			true	2	如不锈钢
MT-5B286FCE2E91	hole_configuration	孔位	required	text			true	1	如5孔。
MT-5B286FCE2E91	rated_current_a	额定电流	required	number	A		true	2	如100A。
MT-5B286FCE2E91	rated_voltage_v	额定电压	required	number	V		true	3	如250V。
MT-5B286FCE2E91	application	用途	optional	text			true	4	给水、排水、线缆保护等；同规格不同用途应区分为不同SKU
MT-5B286FCE2E91	usb_output_a	USB输出电流	optional	number	A		true	5	如2.1A。
MT-5B286FCE2E91	input_voltage_v	输入电压	optional	number	V		true	6	变压USB插座的输入电压，如220V。
MT-5B286FCE2E91	output_voltage_v	输出电压	optional	number	V		true	7	变压USB插座的输出电压，如36V。
MT-5B286FCE2E91	brand	品牌	optional	text			true	8	如海飞丝
MT-5C0376DF5B15	upper_height	帮高	optional	text			true	1	
MT-5C0376DF5B15	size	口径	required	text			true	2	如4寸（DN100）
MT-5C0376DF5B15	protection_level	防护等级	optional	text			true	3	
MT-5C4C39907424	material	材质	required	text			true	1	如不锈钢
MT-5C4C39907424	size	口径	optional	text			true	2	如4寸（DN100）
MT-5C5636472E9D	material	材质	optional	text			true	1	如不锈钢
MT-5C5636472E9D	dimensions	尺寸	optional	text			true	2	如1.2米*0.6米
MT-5D07E28B07CA	power	匹数	required	text			true	1	如3匹、大1.5匹、1.5匹
MT-5D07E28B07CA	voltage	电压	required	text			true	2	
MT-5D07E28B07CA	outlet_size	口径	optional	text			true	3	
MT-5D07E28B07CA	application	用途	optional	text			true	4	给水、排水、线缆保护等；同规格不同用途应区分为不同SKU
MT-5D0C4AAC2695	ratio	变比	required	text			true	1	如600/5A
MT-5D0C4AAC2695	panel_size	表盘尺寸	optional	text			true	2	如48mm×48mm
MT-5D0C4AAC2695	model	型号	optional	text			true	3	如无则留空
MT-5E0856208ABB	standard	标准	required	enum		国标；美式	true	1	国标或美式。
MT-5E0856208ABB	thread_angle	牙型角	optional	text			true	2	牙型角，如60度
MT-5E0856208ABB	range	量程	optional	text			true	3	如1000A、2000A
MT-5E0BEBC918C1	material	材质	optional	text			true	1	如不锈钢
MT-5E0BEBC918C1	dimensions	尺寸	optional	text			true	2	如1.2米*0.6米
MT-5E0BEBC918C1	rated_load	额定载荷	optional	text	T		true	3	如15T。
MT-5EDDDBB412E4	specification	规格	required	text			true	1	如65*20*1
MT-5EDDDBB412E4	model	型号	optional	text			true	2	如无则留空
MT-5EDDDBB412E4	type	类型	optional	text			true	3	如变频
MT-5F070519C060	size	口径	optional	text			true	1	如4寸（DN100）
MT-5F070519C060	material	材质	optional	text			true	2	如不锈钢
MT-5F703D944B93	material	材质	required	text			true	1	如不锈钢
MT-5F703D944B93	connection_type	连接方式	optional	text			true	2	如胶接
MT-5F703D944B93	size	口径	required	text			true	3	如4寸（DN100）
MT-5F703D944B93	length	长度	optional	number	m		true	4	如1
MT-5F703D944B93	structure	结构	optional	text			true	5	其他结构特征
MT-5FDDB6494DEB	size	口径	required	text			true	1	如4寸（DN100）
MT-5FDDB6494DEB	bristle_material	刷毛材质	optional	text			true	2	如羊毛
MT-600047A1D5F7	power	匹数	required	text			true	1	如3匹、大1.5匹、1.5匹
MT-600047A1D5F7	rated_voltage	额定电压	optional	text			true	2	额定电压范围，如100-500V
MT-600047A1D5F7	light_source	光源	optional	text			true	3	如LED
MT-600F50C070B4	material	材质	optional	text			true	1	如不锈钢
MT-600F50C070B4	specification	规格	optional	text			true	2	如65*20*1
MT-600F50C070B4	length	长度	optional	number	m		true	3	如1
MT-6013E46FD6C0	diameter	直径	required	text			true	1	如1.5米
MT-6013E46FD6C0	length	长度	required	number	m		true	2	如1
MT-6013E46FD6C0	material	材质	optional	text			true	3	如不锈钢
MT-6013E46FD6C0	brand	品牌	optional	text			true	4	如海飞丝
MT-604A29470741	size	口径	optional	text			true	1	如4寸（DN100）
MT-604A29470741	feature	特征	optional	text			true	2	如厚
MT-604A29470741	has_lid	是否带盖	optional	enum		是；否	true	3	
MT-604A29470741	material	材质	optional	text			true	4	如不锈钢
MT-60B184F9C57A	length	长度	optional	number	m		true	1	如1
MT-60B184F9C57A	material	材质	optional	text			true	2	如不锈钢
MT-617625636883	input_voltage_v	输入电压	required	number	V		true	1	变压USB插座的输入电压，如220V。
MT-617625636883	output_voltage_v	输出电压	required	number	V		true	2	变压USB插座的输出电压，如36V。
MT-617625636883	output_current_a	输出电流	required	number	A		true	3	如1A。
MT-617B3FC8E4B5	blade_width	刀片宽度	optional	number	mm		true	1	适配刀片宽度，如18mm
MT-617B3FC8E4B5	material	材质	optional	text			true	2	如不锈钢
MT-61B9E5E11D72	spec	规格	required	text			true	1	如通用
MT-61B9E5E11D72	clip_type	类型	optional	text			true	2	
MT-61D3467E01CF	material	材质	required	text			true	1	如不锈钢
MT-61D3467E01CF	size	口径	required	text			true	2	如4寸（DN100）
MT-61D3467E01CF	pressure_grade	压力等级	optional	text			true	3	如1.0MPa、1.6MPa
MT-61D3467E01CF	connection_type	连接方式	optional	text			true	4	如胶接
MT-62AB043F587F	model	型号	required	text			true	1	如无则留空
MT-62AB043F587F	cable_length_m	线长	required	number	m		true	2	如3m、6m。
MT-62D7CBA985DA	dimensions	尺寸	optional	text			true	1	如1.2米*0.6米
MT-62D7CBA985DA	style	样式	optional	enum		手持；桶式；卧式；立式	true	2	吸尘器的结构形式。
MT-62D7CBA985DA	material	材质	optional	text			true	3	如不锈钢
MT-632AC2166D3A	interface_size	接口	required	text			true	1	如G1/2
MT-632AC2166D3A	temperature_control	冷热控制	optional	enum		单冷；双控	true	2	单冷或冷热双控
MT-632AC2166D3A	actuation_type	类型	optional	enum		手动；按压；感应；延时自动关闭	true	3	启闭方式/延时关闭等类型
MT-632AC2166D3A	mounting_hole_count	安装孔数	optional	enum		单孔；双孔；三孔	true	4	台面安装孔数量
MT-632AC2166D3A	application	用途	optional	text			true	5	给水、排水、线缆保护等；同规格不同用途应区分为不同SKU
MT-632AC2166D3A	shape	形状	optional	text			true	6	如方凳、圆凳
MT-632AC2166D3A	material	材质	optional	text			true	7	如不锈钢
MT-636631006F38	rated_load	额定载荷	optional	text	T		true	1	如15T。
MT-636631006F38	tool_type	类型	optional	text			true	2	如双钩紧线器。
MT-63EC0EF307BC	brand	品牌	optional	text			true	1	如海飞丝
MT-63EC0EF307BC	color	颜色	optional	text			true	2	如透明
MT-63EC0EF307BC	usage	用途	optional	text			true	3	如扣压。
MT-63EC0EF307BC	feature	特征	optional	text			true	4	如厚
MT-63EC0EF307BC	package_capacity	包装容量	optional	text			true	5	如20kg/桶。
MT-6439BA44CB61	material	材质	optional	text			true	1	如不锈钢
MT-6439BA44CB61	dimensions	尺寸	optional	text			true	2	如1.2米*0.6米
MT-6439BA44CB61	content_type	标识内容类型	optional	text			true	3	如货号、数字、标志。
MT-646840C3AFFB	material	材质	required	text			true	1	如不锈钢
MT-646840C3AFFB	structure	结构	required	text			true	2	其他结构特征
MT-646840C3AFFB	dimension	规格/尺寸	required	text			true	3	如34*75cm。
MT-65B2E2E7AFA2	power	匹数	required	text			true	1	如3匹、大1.5匹、1.5匹
MT-65B2E2E7AFA2	material	材质	optional	text			true	2	如不锈钢
MT-65B2E2E7AFA2	voltage	电压	required	text			true	3	
MT-65CBEE602D09	diameter	直径	required	text			true	1	如1.5米
MT-65CBEE602D09	length	长度	required	number	m		true	2	如1
MT-65CBEE602D09	material	材质	required	text			true	3	如不锈钢
MT-65CBEE602D09	brand	品牌	optional	text			true	4	如海飞丝
MT-65DE63FDC3EB	length	长度	required	number	m		true	1	如1
MT-65DE63FDC3EB	rated_current	额定电流	required	number	A		true	2	如100A
MT-65DE63FDC3EB	material	材质	optional	text			true	3	如不锈钢
MT-663D0AD47CE1	material_type	材质	required	text			true	1	如铸铁
MT-663D0AD47CE1	width	宽度	required	number	mm		true	2	如50
MT-664197807A55	specification	规格	required	text			true	1	如65*20*1
MT-664197807A55	material	材质	required	text			true	2	如不锈钢
MT-664197807A55	surface_treatment	表面处理	optional	text			true	3	镀锌等
MT-67759ACDB2EB	material	材质	optional	text			true	1	如不锈钢
MT-67759ACDB2EB	dimensions	尺寸	optional	text			true	2	如1.2米*0.6米
MT-67759ACDB2EB	type	类型	optional	text			true	3	如变频
MT-67888F35BD96	brand	品牌	optional	text			true	1	如海飞丝
MT-67888F35BD96	package_capacity	包装容量	optional	text			true	2	如20kg/桶。
MT-67BA543B480B	structure	结构	optional	text			true	1	其他结构特征
MT-67BA543B480B	power	匹数	required	text			true	2	如3匹、大1.5匹、1.5匹
MT-67BA543B480B	light_source	光源	optional	text			true	3	如LED
MT-67D913D032F1	material	材质	optional	text			true	1	如不锈钢
MT-67D913D032F1	voltage	电压	required	text			true	2	
MT-67D913D032F1	power	匹数	required	text			true	3	如3匹、大1.5匹、1.5匹
MT-67F82BF77FB0	voltage	电压	required	text			true	1	
MT-67F82BF77FB0	size_mm	规格（mm）	required	number	mm		true	2	如36mm、46mm、55mm。
MT-68D70D679F4F	rated_current_a	额定电流	required	number	A		true	1	如100A。
MT-69E7B9B860AF	material	材质	optional	text			true	1	如不锈钢
MT-69E7B9B860AF	process	工艺	optional	text			true	2	如焊接
MT-69E7B9B860AF	character_range	字符范围	optional	text			true	3	如01-50。
MT-69E7B9B860AF	characters	字符	optional	text			true	4	如定制。
MT-6AC66FBA9A6C	characters	字符	optional	text			true	1	如定制。
MT-6AC66FBA9A6C	material	材质	optional	text			true	2	如不锈钢
MT-6AC66FBA9A6C	font_height	字高	optional	number	mm		true	3	如100mm。
MT-6AC66FBA9A6C	template_type	类型	optional	text			true	4	如镂空喷涂模板。
MT-6BB67091F91F	material	材质	optional	text			true	1	如不锈钢
MT-6BB67091F91F	dimensions	尺寸	optional	text			true	2	如1.2米*0.6米
MT-6BB67091F91F	processing	加工	optional	text			true	3	如扣压；不据此推断成环。
MT-6BEA4F7B08F9	material	材质	optional	text			true	1	如不锈钢
MT-6BEA4F7B08F9	applicable_diameter_range	适用钢丝绳直径	optional	text	mm		true	2	如6-12mm。
MT-6BEA4F7B08F9	usage	用途	optional	text			true	3	如扣压。
MT-6BF7BFA0E0B8	dimensions	尺寸	optional	text			true	1	如1.2米*0.6米
MT-6BF7BFA0E0B8	material	材质	optional	text			true	2	如不锈钢
MT-6BF7BFA0E0B8	feature	特征	optional	text			true	3	如厚
MT-6C33E0A79B78	power	匹数	required	text			true	1	如3匹、大1.5匹、1.5匹
MT-6C33E0A79B78	interface	接口	required	text			true	2	如外丝转内丝
MT-6C87FDD9B380	length	长度	required	number	m		true	1	如1
MT-6C87FDD9B380	material	材质	optional	text			true	2	如不锈钢
MT-6C87FDD9B380	thread_size	口径	optional	text			true	3	
MT-6CE0EFC00956	poles	极数	required	text			true	1	如2P、3P、4P。
MT-6CE0EFC00956	rated_current_a	额定电流	required	number	A		true	2	如100A。
MT-6CE0EFC00956	rated_voltage_v	额定电压	optional	number	V		true	3	如250V。
MT-6D2BFB2BBF33	material	材质	required	text			true	1	如不锈钢
MT-6D2BFB2BBF33	structure	结构	optional	text			true	2	其他结构特征
MT-6D2BFB2BBF33	size	口径	optional	text			true	3	如4寸（DN100）
MT-6D9419806083	specification	规格	optional	text			true	1	如65*20*1
MT-6D9419806083	nominal_size	公称通径	optional	text			true	2	如DN50、DN80
MT-6D9419806083	pressure	压力	optional	text			true	3	如高压
MT-6D9419806083	connection	连接	optional	text			true	4	如内外牙
MT-6D9419806083	structure	结构	optional	text			true	5	其他结构特征
MT-6D9419806083	feature	特征	optional	text			true	6	如厚
MT-6D9419806083	applicable_equipment	适用设备	optional	text			true	7	适用设备或工况
MT-6D9419806083	material	材质	optional	text			true	8	如不锈钢
MT-6DCF22B62A16	model	型号	optional	text			true	1	如无则留空
MT-6DCF22B62A16	voltage	电压	optional	text			true	2	
MT-6DCF22B62A16	interface	接口	optional	text			true	3	如外丝转内丝
MT-6DF6729A82C8	material	材质	required	text			true	1	如不锈钢
MT-6DF6729A82C8	size	口径	required	text			true	2	如4寸（DN100）
MT-6DF6729A82C8	surface_treatment	表面处理	optional	text			true	3	镀锌等
MT-6E6D6F625138	applicable_object	适配对象	optional	text			true	1	适配对象，如劳动车
MT-6E6D6F625138	packaging	包装	optional	text			true	2	如大包
MT-6EA7B03C5756	length	长度	required	number	m		true	1	如1
MT-6FFBB6BCE331	material	材质	required	text			true	1	如不锈钢
MT-6FFBB6BCE331	nominal_size	公称通径	required	text			true	2	如DN50、DN80
MT-6FFBB6BCE331	interface	接口	optional	text			true	3	如外丝转内丝
MT-6FFBB6BCE331	length	长度	optional	number	m		true	4	如1
MT-6FFBB6BCE331	wall_thickness	壁厚	optional	number	mm		true	5	壁厚，如3.5mm
MT-6FFBB6BCE331	processing_content	加工内容	optional	text			true	6	如定尺、带牙
MT-6FFBB6BCE331	purpose	用途	optional	text			true	7	如防火涂层检测
MT-70CAF787785B	diameter	直径	required	text			true	1	如1.5米
MT-7135B337CE61	blade_size	尺寸	optional	text			true	1	
MT-7135B337CE61	material	材质	optional	text			true	2	如不锈钢
MT-71507D1D4A80	material	材质	required	text			true	1	如不锈钢
MT-71507D1D4A80	size	口径	required	text			true	2	如4寸（DN100）
MT-7262E4DF8F8B	material	材质	required	text			true	1	如不锈钢
MT-7262E4DF8F8B	spec	规格	required	text			true	2	如通用
MT-72DE55895C88	width	宽度	required	number	mm		true	1	如50
MT-72DE55895C88	length	长度	required	number	m		true	2	如1
MT-72DE55895C88	material	材质	optional	text			true	3	如不锈钢
MT-730ABDA2E578	brand	品牌	optional	text			true	1	如海飞丝
MT-730ABDA2E578	color	颜色	optional	text			true	2	如透明
MT-730ABDA2E578	package_capacity	包装容量	optional	text			true	3	如20kg/桶。
MT-736D35DF9032	size	口径	required	text			true	1	如4寸（DN100）
MT-736D35DF9032	strength_grade	强度等级	optional	text			true	2	8.8、12.9等
MT-73BAC5D3B018	interface	接口	required	text			true	1	如外丝转内丝
MT-73BAC5D3B018	length	长度	required	number	m		true	2	如1
MT-73EF510574D5	rated_load	额定载荷	optional	text	T		true	1	如15T。
MT-7400E07ACF55	buoyancy_level	浮力等级	optional	text			true	1	
MT-7400E07ACF55	size	口径	optional	text			true	2	如4寸（DN100）
MT-740837097BDE	nominal_size	公称通径	required	text			true	1	如DN50、DN80
MT-740837097BDE	feature	特征	optional	text			true	2	如厚
MT-740837097BDE	material	材质	optional	text			true	3	如不锈钢
MT-7428CECCA622	model	型号	required	text			true	1	如无则留空
MT-7428CECCA622	material	材质	optional	text			true	2	如不锈钢
MT-7428CECCA622	compatible_welder	适用焊机	optional	text			true	3	如二保焊机。
MT-744EFD05B826	mount_type	安装方式	optional	text			true	1	如挂壁
MT-744EFD05B826	control_type	控制方式	optional	text			true	2	如遥控
MT-74E5601A05D1	dimensions	尺寸	optional	text			true	1	如1.2米*0.6米
MT-74E5601A05D1	material	材质	optional	text			true	2	如不锈钢
MT-753F74324758	specification	规格	required	text			true	1	如65*20*1
MT-753F74324758	material	材质	required	text			true	2	如不锈钢
MT-753F74324758	surface_treatment	表面处理	optional	text			true	3	镀锌等
MT-758E758E96FA	size	口径	required	text			true	1	如4寸（DN100）
MT-758E758E96FA	material	材质	optional	text			true	2	如不锈钢
MT-75C7EB27E458	compatible_chuck_size	适配夹头规格	required	text			true	1	如1.5-13mm。
MT-75FB55415168	angle	角度	required	text			true	1	如90°
MT-75FB55415168	interface	接口	required	text			true	2	如外丝转内丝
MT-76B7F855ABDD	power_supply	供电	optional	text			true	1	如太阳能、市电
MT-76B7F855ABDD	communication	通信方式	optional	text			true	2	如4G、WiFi、有线
MT-76B7F855ABDD	component_count	件数/组成	optional	text			true	3	如三件套（含主机、摄像头、支架）
MT-76D7E07CE67E	applicable_equipment	适用设备	optional	text			true	1	适用设备或工况
MT-76D7E07CE67E	model	型号	optional	text			true	2	如无则留空
MT-76D7E07CE67E	brand	品牌	optional	text			true	3	如海飞丝
MT-76D7E07CE67E	original	原装	optional	enum		是；否	true	4	是否为原装件
MT-76EB3DF1493B	material	材质	required	text			true	1	如不锈钢
MT-76EB3DF1493B	size	口径	required	text			true	2	如4寸（DN100）
MT-77D73CEF4ECF	color	颜色	required	text			true	1	如透明
MT-77D73CEF4ECF	capacity	容量	optional	text			true	2	如1.7L
MT-77F38575DBC0	model	型号	required	text			true	1	如无则留空
MT-77F38575DBC0	specification	规格	required	text			true	2	如65*20*1
MT-77F6BE61F2F9	applicable_model	适配型号	required	text			true	1	适配泥浆泵型号，如BW-250
MT-77F6BE61F2F9	material	材质	optional	text			true	2	如不锈钢
MT-786E1F5DE6F1	capacity	容量	optional	text			true	1	如1.7L
MT-786E1F5DE6F1	material	材质	optional	text			true	2	如不锈钢
MT-78AB084102B5	dimension	规格/尺寸	required	text			true	1	如34*75cm。
MT-78AB084102B5	material	材质	required	text			true	2	如不锈钢
MT-794232B0188E	material	材质	optional	text			true	1	如不锈钢
MT-794232B0188E	capacity	容量	optional	text			true	2	如1.7L
MT-794232B0188E	has_lid	是否带盖	optional	enum		是；否	true	3	
MT-798D6CADF8E3	specification	规格	optional	text			true	1	如65*20*1
MT-798D6CADF8E3	rated_current	额定电流	required	number	A		true	2	如100A
MT-798D6CADF8E3	number_of_ways	回路数	optional	number	位		true	3	端子排包含的接线位数
MT-79A4EC7E0BC9	rated_load	额定载荷	required	text	T		true	1	如15T。
MT-7A0EC42749B9	length	长度	optional	number	m		true	1	如1
MT-7A0EC42749B9	function	功能	optional	text			true	2	如冷暖
MT-7A0EC42749B9	shape	形状	optional	text			true	3	如方凳、圆凳
MT-7A0EC42749B9	light_source	光源	optional	text			true	4	如LED
MT-7A225E74D037	package_capacity	包装容量	optional	text			true	1	如20kg/桶。
MT-7A84B38CEDD9	grass_height	草高	required	text			true	1	如3.0
MT-7A84B38CEDD9	density	密度	optional	text			true	2	如常用密度
MT-7A84B38CEDD9	color	颜色	optional	text			true	3	如透明
MT-7A84B38CEDD9	feature	特征	optional	text			true	4	如厚
MT-7A84B38CEDD9	backing	背胶	optional	boolean			true	5	是否带背胶
MT-7AAB9B7E4983	width	宽度	optional	number	mm		true	1	如50
MT-7AAB9B7E4983	length	长度	optional	number	m		true	2	如1
MT-7AAB9B7E4983	color	颜色	optional	text			true	3	如透明
MT-7AAB9B7E4983	material	材质	optional	text			true	4	如不锈钢
MT-7AAB9B7E4983	brand	品牌	optional	text			true	5	如海飞丝
MT-7B5749411F6B	model	型号	optional	text			true	1	如无则留空
MT-7B5749411F6B	packaging	包装	optional	text			true	2	如大包
MT-7B5749411F6B	brand	品牌	optional	text			true	3	如海飞丝
MT-7B6E8B21E377	capacity	容量	required	text			true	1	如1.7L
MT-7B6E8B21E377	brand	品牌	optional	text			true	2	如海飞丝
MT-7BAFDC89B00A	medium	介质	required	text			true	1	如油
MT-7BAFDC89B00A	interface	接口	required	text			true	2	如外丝转内丝
MT-7C8DBEF4C3A9	rated_load	额定载荷	required	text	T		true	1	如15T。
MT-7C8DBEF4C3A9	standard	标准	optional	enum		国标；美式	true	2	国标或美式。
MT-7CC28F9690C4	specification	规格	required	text			true	1	如65*20*1
MT-7CC28F9690C4	material	材质	required	text			true	2	如不锈钢
MT-7CC28F9690C4	surface_treatment	表面处理	optional	text			true	3	镀锌等
MT-7CC4128E26E2	model	型号	optional	text			true	1	如无则留空
MT-7CC4128E26E2	capacity	容量	required	text			true	2	如1.7L
MT-7CF2F4264F59	material	材质	required	text			true	1	如不锈钢
MT-7CF2F4264F59	size	口径	required	text			true	2	如4寸（DN100）
MT-7D0D5817EC9E	spec	规格	required	text			true	1	如通用
MT-7D0D5817EC9E	material	材质	required	text			true	2	如不锈钢
MT-7D0D5817EC9E	surface_treatment	表面处理	optional	text			true	3	镀锌等
MT-7D0D5817EC9E	length	长度	optional	number	m		true	4	如1
MT-7D2FB42EE464	specification	规格	required	text			true	1	如65*20*1
MT-7D2FB42EE464	shielded	屏蔽	optional	enum		是；否	true	2	是否屏蔽
MT-7D2FB42EE464	model	型号	optional	text			true	3	如无则留空
MT-7DC217FA22EE	material	材质	required	text			true	1	如不锈钢
MT-7DC217FA22EE	size	口径	required	text			true	2	如4寸（DN100）
MT-7DC217FA22EE	angle	角度	optional	text			true	3	如90°
MT-7E3ED09831EA	power	匹数	required	text			true	1	如3匹、大1.5匹、1.5匹
MT-7E3ED09831EA	type	类型	optional	text			true	2	如变频
MT-7E3ED09831EA	function	功能	optional	text			true	3	如冷暖
MT-7E3ED09831EA	energy_efficiency	能效等级	optional	text			true	4	如1级
MT-7E5B43E6368C	thread_spec	螺纹规格	required	text			true	1	如M32*2
MT-7E5B43E6368C	tube_size	适用气管外径	required	text			true	2	如8mm
MT-7E5B43E6368C	material	材质	optional	text			true	3	如不锈钢
MT-7EE0F8C042F1	medium	介质	required	text			true	1	如油
MT-7EE0F8C042F1	range	量程	required	text			true	2	如1000A、2000A
MT-7EE0F8C042F1	accuracy	精度	optional	text			true	3	如±2.5%、±3%
MT-7F1C66A0A4C6	thickness	厚度	required	text			true	1	如3mm
MT-7F1C66A0A4C6	width	宽度	required	number	mm		true	2	如50
MT-7F1C66A0A4C6	surface_treatment	表面处理	required	text			true	3	镀锌等
MT-7FC51D35E452	specification	规格	optional	text			true	1	如65*20*1
MT-7FC51D35E452	material	材质	required	text			true	2	如不锈钢
MT-7FC51D35E452	with_identification_plate	带标识牌	optional	boolean			true	3	是否包含标识牌
MT-7FE169319A1F	size	口径	required	text			true	1	如4寸（DN100）
MT-7FE169319A1F	feature	特征	optional	text			true	2	如厚
MT-7FE3B28ED599	length_range	长度范围	required	text	m		true	1	如1.2-2.4m。
MT-7FE3B28ED599	interface_size	接口	required	text			true	2	如G1/2
MT-8042D2CB901C	type	类型	optional	text			true	1	如变频
MT-808AE839E55B	brand	品牌	optional	text			true	1	如海飞丝
MT-808AE839E55B	material	材质	optional	text			true	2	如不锈钢
MT-808AE839E55B	specification	规格	optional	text			true	3	如65*20*1
MT-80E4695971B8	hole_configuration	孔位	required	text			true	1	如5孔。
MT-80E4695971B8	cable_length_m	线长	required	number	m		true	2	如3m、6m。
MT-80E4695971B8	rated_current_a	额定电流	required	number	A		true	3	如100A。
MT-80E4695971B8	rated_voltage_v	额定电压	required	number	V		true	4	如250V。
MT-80E4695971B8	structure	结构	optional	text			true	5	其他结构特征
MT-80E4695971B8	brand	品牌	optional	text			true	6	如海飞丝
MT-80FD0107910D	poles	极数	required	text			true	1	如2P、3P、4P。
MT-80FD0107910D	rated_current_a	额定电流	required	number	A		true	2	如100A。
MT-80FD0107910D	overcurrent_protection	是否带过载保护	optional	boolean			true	3	无法确定时留空。
MT-80FD0107910D	rated_voltage_v	额定电压	optional	number	V		true	4	如250V。
MT-8153F2516072	interface	接口	required	text			true	1	如外丝转内丝
MT-8153F2516072	size	口径	optional	text			true	2	如4寸（DN100）
MT-8155D2AB2365	compatible_system	配套体系	required	text			true	1	如地坪漆。
MT-8155D2AB2365	coated_layer	配套层次	required	enum		面漆；底漆	true	2	固化剂对应的漆层。
MT-8155D2AB2365	package_capacity	包装容量	optional	text			true	3	如20kg/桶。
MT-81592C2960DC	purpose	用途	optional	text			true	1	如防火涂层检测
MT-81592C2960DC	lens_type	镜片类型	optional	text			true	2	
MT-81592C2960DC	color	颜色	optional	text			true	3	如透明
MT-81592C2960DC	frame_color	镜框颜色	optional	text			true	4	
MT-816453091572	material	材质	optional	text			true	1	如不锈钢
MT-816453091572	layer_count	层数	optional	text			true	2	如2层
MT-816453091572	thickened	加厚	optional	enum		是；否	true	3	
MT-816453091572	length	长度	optional	number	m		true	4	如1
MT-816453091572	color	颜色	optional	text			true	5	如透明
MT-816453091572	process	工艺	optional	text			true	6	如焊接
MT-816453091572	thickness	厚度	optional	text			true	7	如3mm
MT-81A9FB6F50A4	material	材质	required	text			true	1	如不锈钢
MT-81A9FB6F50A4	size	口径	required	text			true	2	如4寸（DN100）
MT-81A9FB6F50A4	angle	角度	optional	text			true	3	如90°
MT-81A9FB6F50A4	connection	连接	optional	text			true	4	如内外牙
MT-81B7BBE8C359	blade_type	刀片类型	required	enum		通用；美工	true	1	区分通用刀片与美工刀片等不同刀片结构
MT-81B7BBE8C359	blade_width	刀片宽度	optional	number	mm		true	2	适配刀片宽度，如18mm
MT-81B7BBE8C359	package_count	每盒片数	optional	number	片		true	3	刀片包装数量
MT-81F7E4DEE596	material	材质	required	text			true	1	如不锈钢
MT-81F7E4DEE596	width	宽度	required	number	mm		true	2	如50
MT-81F7E4DEE596	environmental_grade	环保等级	optional	text			true	3	如E0
MT-82057F0CD79F	diameter	直径	required	text			true	1	如1.5米
MT-82057F0CD79F	length	长度	required	number	m		true	2	如1
MT-82057F0CD79F	material	材质	optional	text			true	3	如不锈钢
MT-822ADF0FDB0C	length	长度	optional	number	m		true	1	如1
MT-822ADF0FDB0C	feature	特征	optional	text			true	2	如厚
MT-822ADF0FDB0C	material	材质	optional	text			true	3	如不锈钢
MT-8250372BC1E7	spec	规格	required	text			true	1	如通用
MT-8250372BC1E7	material	材质	optional	text			true	2	如不锈钢
MT-8250372BC1E7	surface_treatment	表面处理	optional	text			true	3	镀锌等
MT-8250372BC1E7	strength_grade	强度等级	optional	text			true	4	8.8、12.9等
MT-829314545111	outer_diameter	外径	required	text	mm		true	1	外径尺寸
MT-829314545111	thickness	厚度	required	text			true	2	如3mm
MT-829314545111	bore_diameter	孔径	required	number	mm		true	3	安装孔径
MT-829314545111	abrasive_material	磨料材质	optional	text			true	4	如树脂
MT-829314545111	grit	粒度	optional	text			true	5	如80#、240#、600#
MT-832B4993ED38	power	匹数	required	text			true	1	如3匹、大1.5匹、1.5匹
MT-832B4993ED38	voltage	电压	required	text			true	2	
MT-832B4993ED38	outlet_size	口径	optional	text			true	3	
MT-832B4993ED38	head	扬程	optional	text			true	4	
MT-83BB20A2CD56	connectivity	连接方式	required	text			true	1	如无线
MT-83BB20A2CD56	brand	品牌	optional	text			true	2	如海飞丝
MT-8428B9041B3D	material_type	材质	required	text			true	1	如铸铁
MT-8428B9041B3D	custom_type	定制类型	optional	text			true	2	如非标定制
MT-8476FBB13E91	style	样式	optional	enum		手持；桶式；卧式；立式	true	1	吸尘器的结构形式。
MT-8476FBB13E91	rated_power	额定功率	optional	number	W		true	2	吸尘器电机额定功率。
MT-84A4434EC10F	diameter_mm	直径（mm）	required	number	mm		true	1	钢丝绳直径。
MT-84A4434EC10F	length_m	长度（米）	required	number	m		true	2	如1.2米。
MT-84A4434EC10F	structure	结构	optional	text			true	3	其他结构特征
MT-84D06B4AFFCA	capacity	容量	required	text			true	1	如1.7L
MT-84D06B4AFFCA	agent_type	灭火剂类型	required	text			true	2	如干粉。
MT-84D06B4AFFCA	pressure	压力	optional	text			true	3	如高压
MT-852BD11EF6B0	diameter	直径	required	text			true	1	如1.5米
MT-852BD11EF6B0	structure	结构	optional	text			true	2	其他结构特征
MT-852BD11EF6B0	material	材质	optional	text			true	3	如不锈钢
MT-852FF9EFC7D2	capacity	容量	required	text			true	1	如1.7L
MT-855CF8E1ECC2	nominal_size	公称通径	required	text			true	1	如DN50、DN80
MT-855CF8E1ECC2	connection	连接	optional	text			true	2	如内外牙
MT-855CF8E1ECC2	feature	特征	optional	text			true	3	如厚
MT-855CF8E1ECC2	material	材质	optional	text			true	4	如不锈钢
MT-858E69C7E273	material	材质	required	text			true	1	如不锈钢
MT-858E69C7E273	size	口径	required	text			true	2	如4寸（DN100）
MT-85AD3D29D726	rated_voltage	额定电压	required	text			true	1	额定电压范围，如100-500V
MT-85AD3D29D726	capacity	容量	required	text			true	2	如1.7L
MT-85BF492B5259	inner_diameter	内径	required	text	mm		true	1	内径尺寸
MT-85BF492B5259	cross_section_diameter	线径	required	number	mm		true	2	O型圈截面直径，如5
MT-85BF492B5259	material	材质	required	text			true	3	如不锈钢
MT-868BE6C90D3D	capacity	容量	required	text			true	1	如1.7L
MT-868BE6C90D3D	type	类型	optional	text			true	2	如变频
MT-86A7EBA4236B	specification	规格	required	text			true	1	如65*20*1
MT-86A7EBA4236B	material	材质	required	text			true	2	如不锈钢
MT-86A7EBA4236B	type	类型	optional	text			true	3	如变频
MT-86A7EBA4236B	feature	特征	optional	text			true	4	如厚
MT-87851860CEC6	wire_gauge	适配线径	required	text	mm²		true	1	可接入导线截面
MT-87851860CEC6	material	材质	optional	text			true	2	如不锈钢
MT-879D8DB4CDEB	length	长度	optional	number	m		true	1	如1
MT-879D8DB4CDEB	hook_type	挂钩	optional	text			true	2	
MT-879D8DB4CDEB	load_capacity	承重	optional	text			true	3	
MT-87A62D6491DC	size	口径	required	text			true	1	如4寸（DN100）
MT-87A62D6491DC	strength_grade	强度等级	optional	text			true	2	8.8、12.9等
MT-87A62D6491DC	density_grade	密度等级	optional	text			true	3	
MT-883DA94E8342	model	型号	required	text			true	1	如无则留空
MT-888097D447F8	diameter_mm	直径（mm）	required	number	mm		true	1	钢丝绳直径。
MT-888097D447F8	length_m	长度（米）	required	number	m		true	2	如1.2米。
MT-888097D447F8	surface_treatment	表面处理	optional	text			true	3	镀锌等
MT-888097D447F8	with_screw	带螺丝	optional	boolean			true	4	
MT-889DCAC8BAC2	interface	接口	required	text			true	1	如外丝转内丝
MT-889DCAC8BAC2	applicable_equipment	适用设备	optional	text			true	2	适用设备或工况
MT-88DE797BCE34	size	口径	required	text			true	1	如4寸（DN100）
MT-88DE797BCE34	material	材质	optional	text			true	2	如不锈钢
MT-89200DAE5BFD	specification	规格	required	text			true	1	如65*20*1
MT-89200DAE5BFD	material	材质	required	text			true	2	如不锈钢
MT-89200DAE5BFD	length	长度	required	number	m		true	3	如1
MT-8924C32C14A4	bed_size	床尺寸	required	text			true	1	如1.5米
MT-8924C32C14A4	material	材质	optional	text			true	2	如不锈钢
MT-89329144931B	material	材质	optional	text			true	1	如不锈钢
MT-89329144931B	size	口径	optional	text			true	2	如4寸（DN100）
MT-89329144931B	key_type	钥匙类型	optional	text			true	3	如通开
MT-89329144931B	feature	特征	optional	text			true	4	如厚
MT-894DEF927F1C	applicable_gas	适用气体	required	enum		氧气；乙炔	true	1	
MT-894DEF927F1C	load_capacity	承重	optional	text			true	2	
MT-894DEF927F1C	wheel_type	轮子类型	optional	text			true	3	
MT-896D9DEDACB6	medium	介质	required	text			true	1	如油
MT-896D9DEDACB6	interface	接口	required	text			true	2	如外丝转内丝
MT-8985890D2FAF	size	口径	optional	text			true	1	如4寸（DN100）
MT-8985890D2FAF	feature	特征	optional	text			true	2	如厚
MT-89CD8A3EE1B8	interface_size	接口	required	text			true	1	如G1/2
MT-89CD8A3EE1B8	series_name	型号系列	optional	text			true	2	如AFC
MT-8A32D7C28EC3	model	型号	required	text			true	1	如无则留空
MT-8A32D7C28EC3	capacity	容量	required	text			true	2	如1.7L
MT-8A32D7C28EC3	brand	品牌	optional	text			true	3	如海飞丝
MT-8AA09B4208D2	power	匹数	required	text			true	1	如3匹、大1.5匹、1.5匹
MT-8AB95E4FF3A2	material	材质	optional	text			true	1	如不锈钢
MT-8ADBDA416038	pipe_diameter	管径	required	number	mm		true	1	如8mm。
MT-8ADBDA416038	material	材质	optional	text			true	2	如不锈钢
MT-8C0BEC95DADB	size	口径	required	text			true	1	如4寸（DN100）
MT-8C0BEC95DADB	feature	特征	optional	text			true	2	如厚
MT-8C1B4AD4717F	material	材质	optional	text			true	1	如不锈钢
MT-8C1B4AD4717F	diameter	直径	required	text			true	2	如1.5米
MT-8C73375DC251	size	口径	required	text			true	1	如4寸（DN100）
MT-8C73375DC251	material	材质	optional	text			true	2	如不锈钢
MT-8D89D4B15B35	voltage	电压	required	text			true	1	
MT-8D89D4B15B35	type	类型	optional	text			true	2	如变频
MT-8D95FADCFD52	caliber	口径	required	text			true	1	如DN100
MT-8D95FADCFD52	material	材质	optional	text			true	2	如不锈钢
MT-8D95FADCFD52	connection_method	接口/连接方式	optional	text			true	3	
MT-8D95FADCFD52	pressure_rating	压力等级	optional	text	MPa		true	4	如1.0MPa、1.6MPa
MT-8D95FADCFD52	feature	特征	optional	text			true	5	如厚
MT-8DBBFA396E41	applicable_equipment	适用设备	optional	text			true	1	适用设备或工况
MT-8DBBFA396E41	specification	规格	optional	text			true	2	如65*20*1
MT-8E0745C32BBC	applicable_material	适用材料	required	text			true	1	如PVC
MT-8E0745C32BBC	type	类型	optional	text			true	2	如变频
MT-8E18DC152DBE	volume	容量	required	text			true	1	如400ml
MT-8E18DC152DBE	type	类型	optional	text			true	2	如变频
MT-8E1D58C269E7	model	型号	optional	text			true	1	如无则留空
MT-8E1D58C269E7	shaft_diameter	规格/轴径	optional	text			true	2	适配轴径，如50
MT-8E1D58C269E7	material	材质	optional	text			true	3	如不锈钢
MT-8EE116C4D2BC	material	材质	optional	text			true	1	如不锈钢
MT-8EE116C4D2BC	link_diameter	链径	optional	number	mm		true	2	如22mm。
MT-8EE116C4D2BC	pitch	节距	optional	number	mm		true	3	如64mm。
MT-8EF3985A578D	rebar_spec	钢筋规格	optional	text			true	1	如Φ12。
MT-8EF3985A578D	shape	形状	optional	text			true	2	如方凳、圆凳
MT-8EF3985A578D	side_length	边长	optional	number	mm		true	3	如300mm。
MT-8EFBFA8E3D41	brand	品牌	optional	text			true	1	如海飞丝
MT-8EFBFA8E3D41	model	型号	required	text			true	2	如无则留空
MT-8F2813D017E1	material	材质	required	text			true	1	如不锈钢
MT-8F2813D017E1	size	口径	required	text			true	2	如4寸（DN100）
MT-8F3552CE85F0	material	材质	optional	text			true	1	如不锈钢
MT-8F3552CE85F0	structure	结构	optional	text			true	2	其他结构特征
MT-8F3552CE85F0	height_m	高度(m)	required	number	m		true	3	
MT-8F42525F9336	rated_current_a	额定电流	required	number	A		true	1	如100A。
MT-8F42525F9336	package_config	配置	optional	text			true	2	如含焊线。
MT-8F57231653AF	dimensions	尺寸	required	text			true	1	如1.2米*0.6米
MT-8F57231653AF	material	材质	optional	text			true	2	如不锈钢
MT-8F57231653AF	mesh_count	目数	optional	text			true	3	如3000目。
MT-8F57231653AF	feature	特征	optional	text			true	4	如厚
MT-8F77E994945B	size	口径	required	text			true	1	如4寸（DN100）
MT-8F77E994945B	thickness	厚度	required	text			true	2	如3mm
MT-8F77E994945B	face_color	颜色/表面	optional	text			true	3	
MT-8FA92C8A8A93	specification	规格	required	text			true	1	如65*20*1
MT-8FA92C8A8A93	connection_type	连接方式	optional	text			true	2	如胶接
MT-8FB37309A8AD	nominal_diameter	公称直径	required	text			true	1	如DN25、DN50
MT-8FB37309A8AD	material	材质	optional	text			true	2	如不锈钢
MT-8FB37309A8AD	feature	特征	optional	text			true	3	如厚
MT-902122E48E8A	size	口径	required	text			true	1	如4寸（DN100）
MT-902122E48E8A	battery_type	类型	optional	text			true	2	如碱性
MT-90CB1907A220	material	材质	required	text			true	1	如不锈钢
MT-90CB1907A220	width	宽度	required	number	mm		true	2	如50
MT-92792CE97FCF	nominal_diameter	公称直径	required	text			true	1	如DN25、DN50
MT-92792CE97FCF	structure	结构	optional	text			true	2	其他结构特征
MT-929A65CDC793	caliber	口径	optional	text			true	1	如DN100
MT-929A65CDC793	reducer_spec	异径	optional	text			true	2	异径规格，如Φ100变65
MT-929A65CDC793	interface	接口	optional	text			true	3	如外丝转内丝
MT-929A65CDC793	feature	特征	optional	text			true	4	如厚
MT-929A65CDC793	material	材质	optional	text			true	5	如不锈钢
MT-92A9B34FE9A4	caliber	口径	required	text			true	1	如DN100
MT-92A9B34FE9A4	material	材质	optional	text			true	2	如不锈钢
MT-92A9B34FE9A4	interface	接口	optional	text			true	3	如外丝转内丝
MT-92AF8B17F0A7	medium	介质	required	text			true	1	如油
MT-92AF8B17F0A7	range	量程	optional	text			true	2	如1000A、2000A
MT-92AF8B17F0A7	interface	接口	optional	text			true	3	如外丝转内丝
MT-9326FEAEADF8	length	长度	required	number	m		true	1	如1
MT-9326FEAEADF8	material	材质	optional	text			true	2	如不锈钢
MT-9349D8EAF899	material	材质	optional	text			true	1	如不锈钢
MT-9349D8EAF899	size	口径	optional	text			true	2	如4寸（DN100）
MT-934FB9788B17	outer_diameter	外径	required	text	mm		true	1	外径尺寸
MT-934FB9788B17	material	材质	optional	text			true	2	如不锈钢
MT-93AEECB9A5EC	compatible_brand	适配品牌	required	text			true	1	决定滤芯能否与面罩匹配
MT-93AEECB9A5EC	compatible_mask_type	适配面罩类型	required	text			true	2	决定滤芯与面罩的接口兼容
MT-93AEECB9A5EC	filter_spec	过滤规格	optional	text			true	3	
MT-93AEECB9A5EC	package_quantity	包装数量	optional	text			true	4	如1套
MT-93EB26BB8A86	model	型号	required	text			true	1	如无则留空
MT-94547C297F6B	diameter	直径	required	text			true	1	如1.5米
MT-94547C297F6B	length	长度	required	number	m		true	2	如1
MT-94547C297F6B	material	材质	optional	text			true	3	如不锈钢
MT-948429CBDAD9	tip_size	笔尖规格	required	text			true	1	如1.0mm
MT-948429CBDAD9	color	颜色	required	text			true	2	如透明
MT-948FDC7C0C55	caliber	口径	required	text			true	1	如DN100
MT-948FDC7C0C55	length	长度	optional	number	m		true	2	如1
MT-948FDC7C0C55	surface_treatment	表面处理	optional	text			true	3	镀锌等
MT-94A340FBBBE9	mounting_hole_size	安装孔径	required	text			true	1	如M22、22mm。
MT-94A340FBBBE9	color	颜色	required	text			true	2	如透明
MT-94A340FBBBE9	rated_voltage_v	额定电压	required	number	V		true	3	如250V。
MT-94B7581F516A	specification	规格	optional	text			true	1	如65*20*1
MT-94B7581F516A	applicable_gas	适用气体	optional	enum		氧气；乙炔	true	2	
MT-94B7581F516A	model	型号	optional	text			true	3	如无则留空
MT-959059590F22	grammage	克重	required	text			true	1	
MT-959059590F22	width	宽度	optional	number	mm		true	2	如50
MT-959059590F22	material	材质	optional	text			true	3	如不锈钢
MT-962655832D53	torque_range	扭矩范围	required	text			true	1	如2000N.m
MT-962655832D53	drive_size	驱动轴	required	text			true	2	如3/4英寸
MT-962655832D53	brand	品牌	optional	text			true	3	如海飞丝
MT-962655832D53	configuration	配置	optional	text			true	4	如套装、含充电器
MT-963325DAF9C0	test_voltage	测试电压	required	text			true	1	如500V、2500V
MT-963325DAF9C0	range	量程	required	text			true	2	如1000A、2000A
MT-9646A1348608	material	材质	required	text			true	1	如不锈钢
MT-9646A1348608	interface_size	接口	optional	text			true	2	如G1/2
MT-9646A1348608	route_count	路数	optional	text			true	3	如6路
MT-9646A1348608	type	类型	optional	text			true	4	如变频
MT-967A78F2D748	model	型号	required	text			true	1	如无则留空
MT-967A78F2D748	cross_section	截面积	required	text			true	2	如2.5mm²
MT-968E9279E435	input_voltage_v	输入电压	required	number	V		true	1	变压USB插座的输入电压，如220V。
MT-968E9279E435	output_voltage_v	输出电压	required	number	V		true	2	变压USB插座的输出电压，如36V。
MT-968E9279E435	output_current_a	输出电流	required	number	A		true	3	如1A。
MT-96A19CDD2689	koujing	口径	required	text			true	1	
MT-96A19CDD2689	caizhi	材质	optional	text			true	2	
MT-972D47B5B974	size	口径	required	text			true	1	如4寸（DN100）
MT-972D47B5B974	thickness	厚度	required	text			true	2	如3mm
MT-972D47B5B974	feature	特征	optional	text			true	3	如厚
MT-974B25EE4C8C	specification	规格	required	text			true	1	如65*20*1
MT-974B25EE4C8C	connection	连接	optional	text			true	2	如内外牙
MT-974B25EE4C8C	interface_type	接口形式	optional	text			true	3	两端接口如内丝/外丝/快速接头
MT-974B25EE4C8C	pressure	压力	optional	text			true	4	如高压
MT-974B25EE4C8C	feature	特征	optional	text			true	5	如厚
MT-974B25EE4C8C	material	材质	optional	text			true	6	如不锈钢
MT-988CAD476BBA	material	材质	required	text			true	1	如不锈钢
MT-988CAD476BBA	size	口径	required	text			true	2	如4寸（DN100）
MT-988CAD476BBA	form	形式	optional	text			true	3	如堵头、管帽
MT-988CAD476BBA	custom	是否定制	optional	boolean			true	4	定制产品需单独确认
MT-98906F0FE57D	drain_mode	排水方式	required	enum		地排；后排	true	1	如地排
MT-98906F0FE57D	type	类型	optional	text			true	2	如变频
MT-98906F0FE57D	size	口径	optional	text			true	3	如4寸（DN100）
MT-98906F0FE57D	material	材质	optional	text			true	4	如不锈钢
MT-9890C1C35446	capacity	容量	required	text			true	1	如1.7L
MT-98DBD8B81980	adapted_diameter_mm	适配钢丝绳直径（mm）	required	number	mm		true	1	适配的钢丝绳直径，如6mm、10mm。
MT-98DBD8B81980	material	材质	optional	text			true	2	如不锈钢
MT-98DBD8B81980	surface_treatment	表面处理	optional	text			true	3	镀锌等
MT-994374F29A00	specification	规格	required	text			true	1	如65*20*1
MT-994374F29A00	material	材质	required	text			true	2	如不锈钢
MT-994374F29A00	surface_treatment	表面处理	optional	text			true	3	镀锌等
MT-9985D8D7287B	size	口径	required	text			true	1	如4寸（DN100）
MT-9985D8D7287B	material_type	材质	optional	text			true	2	如铸铁
MT-998F41BCECD4	applicable_equipment	适用设备	required	text			true	1	适用设备或工况
MT-998F41BCECD4	material_type	材质	required	text			true	2	如铸铁
MT-998F41BCECD4	dimension	规格/尺寸	optional	text			true	3	如34*75cm。
MT-99C49417346C	capacity	容量	required	text			true	1	如1.7L
MT-99C49417346C	package_quantity	包装数量	optional	text			true	2	如1套
MT-99D2C490005A	structure	结构	required	text			true	1	其他结构特征
MT-99FF090373BB	spec	规格	required	text			true	1	如通用
MT-99FF090373BB	material	材质	optional	text			true	2	如不锈钢
MT-99FF090373BB	strength_grade	强度等级	optional	text			true	3	8.8、12.9等
MT-9A3C4FF48BC3	rated_load	额定载荷	required	text	T		true	1	如15T。
MT-9A3C4FF48BC3	length	长度	required	number	m		true	2	如1
MT-9A3C4FF48BC3	sling_type	吊装带类型	optional	enum		扁平；圆形；彩色	true	3	扁平或圆形等结构类型。
MT-9A771CE69500	size	口径	optional	text			true	1	如4寸（DN100）
MT-9A771CE69500	capacity	容量	optional	text			true	2	如1.7L
MT-9A771CE69500	has_lid	是否带盖	optional	enum		是；否	true	3	
MT-9A771CE69500	color_transparency	颜色/透明度	optional	text			true	4	
MT-9A7B6CDDA0CC	length	长度	required	number	m		true	1	如1
MT-9A7B6CDDA0CC	material_type	材质	required	text			true	2	如铸铁
MT-9A7B6CDDA0CC	type	类型	optional	text			true	3	如变频
MT-9A7B6CDDA0CC	gauge	规格/号数	optional	text			true	4	铁丝线规号数，如14#、12#
MT-9A7B6CDDA0CC	feature	特征	optional	text			true	5	如厚
MT-9C53C19E6579	material	材质	required	text			true	1	如不锈钢
MT-9C53C19E6579	dimensions	尺寸	required	text			true	2	如1.2米*0.6米
MT-9C53C19E6579	color	颜色	optional	text			true	3	如透明
MT-9D7DD104AF02	aperture_mm	孔径	required	number	mm		true	1	如1.2。
MT-9D7DD104AF02	length_mm	长度(mm)	required	number	mm		true	2	
MT-9D8038C97A29	section	截面	required	text			true	1	
MT-9D8038C97A29	length	长度	required	number	m		true	2	如1
MT-9D8038C97A29	material	材质	optional	text			true	3	如不锈钢
MT-9D96F96A0EDB	line_length	线长	required	number	m		true	1	墨线长度，如20m
MT-9D96F96A0EDB	type	类型	optional	text			true	2	如变频
MT-9D9CD04D7D99	purpose	用途	optional	text			true	1	如防火涂层检测
MT-9D9CD04D7D99	capacity	容量	optional	text			true	2	如1.7L
MT-9D9CD04D7D99	brand	品牌	optional	text			true	3	如海飞丝
MT-9DA3E93806D1	material	材质	optional	text			true	1	如不锈钢
MT-9DA3E93806D1	brush_width	刷头宽度	optional	number	cm		true	2	如30cm。
MT-9DC675466E36	interface_size	接口	required	text			true	1	如G1/2
MT-9DC675466E36	length	长度	required	number	m		true	2	如1
MT-9DC675466E36	material	材质	optional	text			true	3	如不锈钢
MT-9E547BD1FBFF	nominal_diameter	公称直径	required	text			true	1	如DN25、DN50
MT-9E547BD1FBFF	material	材质	optional	text			true	2	如不锈钢
MT-9E547BD1FBFF	length	长度	optional	number	m		true	3	如1
MT-9E547BD1FBFF	product_form	组合形式	optional	enum		单管；套装	true	4	单管或以套为单位的带配件注浆管套装
MT-9E65A5E71B56	packaging	包装	optional	text			true	1	如大包
MT-9E65A5E71B56	purpose	用途	optional	text			true	2	如防火涂层检测
MT-9E65A5E71B56	brand	品牌	optional	text			true	3	如海飞丝
MT-9EDEF9F67978	load_capacity	承重	required	text			true	1	
MT-9EDEF9F67978	material_type	材质	required	text			true	2	如铸铁
MT-9EDEF9F67978	structure	结构	optional	text			true	3	其他结构特征
MT-9EF252A24B64	material	材质	required	text			true	1	如不锈钢
MT-9EF252A24B64	connection_type	连接方式	required	text			true	2	如胶接
MT-9EF252A24B64	thread_spec	螺纹规格	optional	text			true	3	如M32*2
MT-9EF252A24B64	pressure_grade	压力等级	optional	text			true	4	如1.0MPa、1.6MPa
MT-9F29A6AF13D5	operation_mode	操作方式	optional	text			true	1	如按钮式、旋钮式。
MT-9F29A6AF13D5	contact_positions	触点挡位	optional	text			true	2	可切换的挡位/位置数。
MT-9F7DACC46591	thickness_mm	厚度（mm）	required	number	mm		true	1	如厚型1mm。
MT-A01005FE6F07	size	口径	optional	text			true	1	如4寸（DN100）
MT-A103ED3AAAD1	dimensions	尺寸	required	text			true	1	如1.2米*0.6米
MT-A103ED3AAAD1	thickness	厚度	required	text			true	2	如3mm
MT-A103ED3AAAD1	color	颜色	optional	text			true	3	如透明
MT-A103ED3AAAD1	coating	镀层	optional	text			true	4	如镀锌
MT-A119B993C77F	mounting_hole_size	安装孔径	required	text			true	1	如M22、22mm。
MT-A119B993C77F	contact_config	触点形式	optional	text			true	2	如1NC+1NO。
MT-A1289B5C5B16	diameter_mm	直径（mm）	required	number	mm		true	1	钢丝绳直径。
MT-A1289B5C5B16	structure	结构	optional	text			true	2	其他结构特征
MT-A1289B5C5B16	material	材质	optional	text			true	3	如不锈钢
MT-A1289B5C5B16	length_m	长度（米）	optional	number	m		true	4	如1.2米。
MT-A1289B5C5B16	surface_treatment	表面处理	optional	text			true	5	镀锌等
MT-A1289B5C5B16	processing	加工	optional	text			true	6	如扣压；不据此推断成环。
MT-A15792602A79	diameter	直径	required	text			true	1	如1.5米
MT-A15792602A79	length	长度	required	number	m		true	2	如1
MT-A15792602A79	material	材质	optional	text			true	3	如不锈钢
MT-A15792602A79	brand	品牌	optional	text			true	4	如海飞丝
MT-A1CBA18A04E3	size	口径	optional	text			true	1	如4寸（DN100）
MT-A1CBA18A04E3	material	材质	optional	text			true	2	如不锈钢
MT-A215E8ECF13D	rated_voltage_v	额定电压	required	number	V		true	1	如250V。
MT-A215E8ECF13D	rated_current_a	额定电流	required	number	A		true	2	如100A。
MT-A2A4E903909C	cross_section	截面积	optional	text			true	1	如2.5mm²
MT-A2A4E903909C	length	长度	optional	number	m		true	2	如1
MT-A2A4E903909C	material	材质	optional	text			true	3	如不锈钢
MT-A2F817AEB464	size	口径	required	text			true	1	如4寸（DN100）
MT-A2F817AEB464	material	材质	optional	text			true	2	如不锈钢
MT-A2F817AEB464	brand	品牌	optional	text			true	3	如海飞丝
MT-A35545301B28	material	材质	required	text			true	1	如不锈钢
MT-A35545301B28	length_m	长度（米）	required	number	m		true	2	如1.2米。
MT-A47993827FA7	interface_type	接口形式	required	text			true	1	两端接口如内丝/外丝/快速接头
MT-A47993827FA7	cable_category	适用网线	optional	text			true	2	
MT-A47993827FA7	shielding_type	屏蔽类型	optional	text			true	3	
MT-A47A308921F7	rated_voltage_v	额定电压	required	number	V		true	1	如250V。
MT-A47A308921F7	poles	极数	required	text			true	2	如2P、3P、4P。
MT-A47A308921F7	rated_current_a	额定电流	required	number	A		true	3	如100A。
MT-A4B31D70F1B0	capacity	容量	optional	text			true	1	如1.7L
MT-A4B31D70F1B0	material	材质	optional	text			true	2	如不锈钢
MT-A4B31D70F1B0	configuration	配置	optional	text			true	3	如套装、含充电器
MT-A503CEBE22B8	material	材质	required	text			true	1	如不锈钢
MT-A503CEBE22B8	nominal_size	公称通径	required	text			true	2	如DN50、DN80
MT-A503CEBE22B8	length	长度	required	number	m		true	3	如1
MT-A503CEBE22B8	included	包含	optional	text			true	4	如卡箍
MT-A5851B319D1A	brand	品牌	optional	text			true	1	如海飞丝
MT-A5851B319D1A	package_capacity	包装容量	optional	text			true	2	如20kg/桶。
MT-A638D24D43BF	nominal_size	公称通径	required	text			true	1	如DN50、DN80
MT-A638D24D43BF	connection_type	连接方式	required	text			true	2	如胶接
MT-A638D24D43BF	material	材质	optional	text			true	3	如不锈钢
MT-A6DDF67DC33F	thickness	厚度	optional	text			true	1	如3mm
MT-A6DDF67DC33F	material	材质	optional	text			true	2	如不锈钢
MT-A6E56B3BA604	material	材质	required	text			true	1	如不锈钢
MT-A6E56B3BA604	size	口径	required	text			true	2	如4寸（DN100）
MT-A6E56B3BA604	connection	连接	optional	text			true	3	如内外牙
MT-A71425EF4FD1	accessory_type	配件类型	required	text			true	1	
MT-A71425EF4FD1	material	材质	optional	text			true	2	如不锈钢
MT-A71425EF4FD1	color	颜色	optional	text			true	3	如透明
MT-A733EA92CF1D	spec	规格	required	text			true	1	如通用
MT-A733EA92CF1D	material	材质	optional	text			true	2	如不锈钢
MT-A733EA92CF1D	included_components	包含组件	optional	text			true	3	
MT-A8DEDE222B97	size	口径	optional	text			true	1	如4寸（DN100）
MT-A8DEDE222B97	thickness	厚度	optional	text			true	2	如3mm
MT-A8DEDE222B97	material	材质	optional	text			true	3	如不锈钢
MT-A8FA3D3804D6	measurement_site	测量部位	optional	text			true	1	
MT-A8FA3D3804D6	display_type	类型	optional	text			true	2	如数字万用表
MT-A8FA3D3804D6	power_supply	供电	optional	text			true	3	如太阳能、市电
MT-A910340E89B8	size	口径	required	text			true	1	如4寸（DN100）
MT-A910340E89B8	material	材质	optional	text			true	2	如不锈钢
MT-A96200DCE10B	connection_thread	接口螺纹	required	text			true	1	如M20×1.5
MT-A96200DCE10B	dial_diameter	表盘直径	optional	text			true	2	如100mm
MT-A96200DCE10B	range	量程	optional	text			true	3	如1000A、2000A
MT-A96200DCE10B	medium	介质	optional	text			true	4	如油
MT-A96200DCE10B	pressure_characteristic	压力特性	optional	text			true	5	如高压
MT-A96200DCE10B	mounting_direction	安装方向	optional	text			true	6	如轴向
MT-A96200DCE10B	feature	特征	optional	text			true	7	如厚
MT-A96200DCE10B	structure	结构	optional	text			true	8	其他结构特征
MT-A9678233B125	gas_type	适用气体/介质	required	text			true	1	氧气、乙炔、二氧化碳等。
MT-A9678233B125	interface	接口	optional	text			true	2	如外丝转内丝
MT-A9938CFD4ABF	opening	开口	required	text			true	1	
MT-A9938CFD4ABF	size	口径	optional	text			true	2	如4寸（DN100）
MT-A9938CFD4ABF	material	材质	optional	text			true	3	如不锈钢
MT-AA5E21D5F57D	outer_diameter	外径	required	text	mm		true	1	外径尺寸
MT-AA5E21D5F57D	bore_diameter	孔径	required	number	mm		true	2	安装孔径
MT-AA5E21D5F57D	grit	粒度	optional	text			true	3	如80#、240#、600#
MT-AA7E44AD1FD3	material	材质	optional	text			true	1	如不锈钢
MT-AA7E44AD1FD3	specification	规格	optional	text			true	2	如65*20*1
MT-AAE939707F2D	applicable_to	适用	optional	text			true	1	适用罐体，如发泡剂罐
MT-AAE939707F2D	waterproof_rating	防水等级	optional	text			true	2	
MT-AB730E92CF01	material	材质	optional	text			true	1	如不锈钢
MT-AB730E92CF01	dimensions	尺寸	optional	text			true	2	如1.2米*0.6米
MT-AB8A97187E47	size	口径	required	text			true	1	如4寸（DN100）
MT-AB8A97187E47	material	材质	optional	text			true	2	如不锈钢
MT-AB8A97187E47	feature	特征	optional	text			true	3	如厚
MT-AB9C49CCED29	rated_load	额定载荷	optional	text	T		true	1	如15T。
MT-AB9C49CCED29	fit_chain_diameter	适配链条直径	optional	number	mm		true	2	如10mm。
MT-ABEFCF12A024	spec	规格	required	text			true	1	如通用
MT-ABEFCF12A024	wall_thickness	壁厚	required	number	mm		true	2	壁厚，如3.5mm
MT-ABEFCF12A024	length	长度	required	number	m		true	3	如1
MT-ABEFCF12A024	material	材质	required	text			true	4	如不锈钢
MT-AC1FD23DCC6A	power	匹数	required	text			true	1	如3匹、大1.5匹、1.5匹
MT-AC1FD23DCC6A	voltage	电压	required	text			true	2	
MT-AC1FD23DCC6A	head	扬程	optional	text			true	3	
MT-AC1FD23DCC6A	outlet_size	口径	optional	text			true	4	
MT-AC69232F3EE7	model	型号	optional	text			true	1	如无则留空
MT-AC69232F3EE7	wire_gauge	适配线径	optional	text	mm²		true	2	可接入导线截面
MT-AC69232F3EE7	rated_current	额定电流	optional	number	A		true	3	如100A
MT-AC69232F3EE7	material	材质	optional	text			true	4	如不锈钢
MT-ACBA3BC18A00	specification	规格	required	text			true	1	如65*20*1
MT-ACBA3BC18A00	material	材质	optional	text			true	2	如不锈钢
MT-ACBA3BC18A00	surface_treatment	表面处理	optional	text			true	3	镀锌等
MT-ACBA3BC18A00	feature	特征	optional	text			true	4	如厚
MT-ACDB3D621DB0	form	形式	optional	text			true	1	如堵头、管帽
MT-ACDB3D621DB0	capacity	容量	required	text			true	2	如1.7L
MT-ACECB926948D	capacity	容量	required	text			true	1	如1.7L
MT-ACECB926948D	material	材质	optional	text			true	2	如不锈钢
MT-AD4A5D9B4C70	nozzle_type	类型	optional	text			true	1	
MT-AD4A5D9B4C70	interface	接口	required	text			true	2	如外丝转内丝
MT-AD4A5D9B4C70	material	材质	optional	text			true	3	如不锈钢
MT-ADDC440B3D3D	specification	规格	required	text			true	1	如65*20*1
MT-ADDC440B3D3D	material	材质	required	text			true	2	如不锈钢
MT-ADDC440B3D3D	strength_grade	强度等级	required	text			true	3	8.8、12.9等
MT-ADDC440B3D3D	surface_treatment	表面处理	optional	text			true	4	镀锌等
MT-AE1D847DF5D5	capacity	容量	optional	text			true	1	如1.7L
MT-AE495F6536BA	adapt_pipe_diameter	适配管径	required	text	mm		true	1	如40mm
MT-AE495F6536BA	material	材质	optional	text			true	2	如不锈钢
MT-AE495F6536BA	length	长度	optional	number	m		true	3	如1
MT-AF2CC3484248	blade_width	刀片宽度	required	number	mm		true	1	适配刀片宽度，如18mm
MT-AF901DEEA2E3	structure	结构	optional	text			true	1	其他结构特征
MT-AF901DEEA2E3	capacity	容量	optional	text			true	2	如1.7L
MT-AF901DEEA2E3	nozzle_type	类型	optional	text			true	3	
MT-B045D28A7E61	applicable_wire_range	适用线径/压接范围	optional	text			true	1	
MT-B083810EBC72	material	材质	optional	text			true	1	如不锈钢
MT-B083810EBC72	specification	规格	required	text			true	2	如65*20*1
MT-B0CBC9496C3D	interface	接口	required	text			true	1	如外丝转内丝
MT-B115C59783C5	length	长度	required	number	m		true	1	如1
MT-B115C59783C5	material	材质	optional	text			true	2	如不锈钢
MT-B1ACC993318A	applicable_pipe_diameter	适用管径	required	text			true	1	可剪切管径范围，如≤42mm
MT-B1B04335689F	mesh_type	网目/针数	optional	text			true	1	
MT-B1B04335689F	width	宽度	optional	number	mm		true	2	如50
MT-B1B04335689F	length	长度	optional	number	m		true	3	如1
MT-B1ED50F1FA25	size	口径	required	text			true	1	如4寸（DN100）
MT-B1ED50F1FA25	shape	形状	optional	text			true	2	如方凳、圆凳
MT-B1ED50F1FA25	handle_material	柄材质	optional	text			true	3	
MT-B1F91331D072	outer_diameter	外径	required	text	mm		true	1	外径尺寸
MT-B22918C71E30	color	颜色	required	text			true	1	如透明
MT-B22918C71E30	tip_size	笔尖规格	optional	text			true	2	如1.0mm
MT-B24626B34806	range	量程	required	text			true	1	如1000A、2000A
MT-B24626B34806	accuracy	精度	optional	text			true	2	如±2.5%、±3%
MT-B24626B34806	material	材质	optional	text			true	3	如不锈钢
MT-B26616B94C6A	applicable_equipment	适用设备	required	text			true	1	适用设备或工况
MT-B26616B94C6A	material_type	材质	required	text			true	2	如铸铁
MT-B26616B94C6A	size	口径	required	text			true	3	如4寸（DN100）
MT-B28ABEE875E5	rated_voltage_v	额定电压	required	number	V		true	1	如250V。
MT-B28ABEE875E5	rated_current_a	额定电流	required	number	A		true	2	如100A。
MT-B28ABEE875E5	configuration	配置	optional	text			true	3	如套装、含充电器
MT-B28ABEE875E5	brand	品牌	optional	text			true	4	如海飞丝
MT-B29E3582C171	sand_type	砂类型	optional	text			true	1	如中砂、黄砂、粗砂、细砂
MT-B29E3582C171	packaging	包装	optional	text			true	2	如大包
MT-B31CC9A0EEF0	nominal_diameter	公称直径	required	text			true	1	如DN25、DN50
MT-B31CC9A0EEF0	material	材质	optional	text			true	2	如不锈钢
MT-B31CC9A0EEF0	connection_type	连接方式	optional	text			true	3	如胶接
MT-B3AEC33E4AE4	size	口径	optional	text			true	1	如4寸（DN100）
MT-B3AEC33E4AE4	feature	特征	optional	text			true	2	如厚
MT-B3AEC33E4AE4	material	材质	optional	text			true	3	如不锈钢
MT-B3C8B06BB00B	tube_size	适用气管外径	required	text			true	1	如8mm
MT-B3C8B06BB00B	material	材质	optional	text			true	2	如不锈钢
MT-B42C3BFF9948	purity	纯度	optional	text			true	1	
MT-B42C3BFF9948	packaging	包装	optional	text			true	2	如大包
MT-B47C75759752	medium	介质	required	text			true	1	如油
MT-B47C75759752	inner_diameter	内径	required	text	mm		true	2	内径尺寸
MT-B47C75759752	length	长度	optional	number	m		true	3	如1
MT-B47C75759752	pressure_rating	压力等级	optional	text	MPa		true	4	如1.0MPa、1.6MPa
MT-B47C75759752	hose_type	管型	optional	enum		单管；双联	true	5	如双联。
MT-B4A4B158BCE0	size	口径	required	text			true	1	如4寸（DN100）
MT-B4A4B158BCE0	material	材质	optional	text			true	2	如不锈钢
MT-B4A4B158BCE0	brand	品牌	optional	text			true	3	如海飞丝
MT-B4DD7380CBB8	action_temperature	动作温度	optional	text			true	1	动作温度设定。
MT-B4DD7380CBB8	application	用途	optional	text			true	2	给水、排水、线缆保护等；同规格不同用途应区分为不同SKU
MT-B4DD7380CBB8	rated_voltage_v	额定电压	optional	number	V		true	3	如250V。
MT-B512EDF57C8A	grade	等级	optional	text			true	1	如4SH
MT-B512EDF57C8A	diameter_mm	直径（mm）	required	number	mm		true	2	钢丝绳直径。
MT-B512EDF57C8A	package_weight_kg	包装重量	optional	number	kg		true	3	如20kg。
MT-B59BF9EA2E72	style	样式	optional	enum		手持；桶式；卧式；立式	true	1	吸尘器的结构形式。
MT-B59BF9EA2E72	load_capacity	承重	optional	text			true	2	
MT-B59BF9EA2E72	hook_type	挂钩	optional	text			true	3	
MT-B59BF9EA2E72	has_buffer	带缓冲	optional	enum		是；否	true	4	
MT-B59C41CB0799	model	型号	required	text			true	1	如无则留空
MT-B59C41CB0799	color	颜色	optional	text			true	2	如透明
MT-B59C41CB0799	wire_gauge	适配线径	optional	text	mm²		true	3	可接入导线截面
MT-B5E58D50AAA2	joint_type	接头形式	optional	text			true	1	如内外四方
MT-B5E58D50AAA2	specification	规格	required	text			true	2	如65*20*1
MT-B5E58D50AAA2	material	材质	optional	text			true	3	如不锈钢
MT-B5EB103B46E6	spec	规格	required	text			true	1	如通用
MT-B5EB103B46E6	layer_count	层数	required	text			true	2	如2层
MT-B5EB103B46E6	length	长度	required	number	m		true	3	如1
MT-B5EB103B46E6	joint_form	接头形式	optional	text			true	4	如两端接头
MT-B602DCF010E3	material	材质	required	text			true	1	如不锈钢
MT-B602DCF010E3	spec	规格	required	text			true	2	如通用
MT-B63247B85664	material	材质	required	text			true	1	如不锈钢
MT-B63247B85664	thread_spec	螺纹规格	required	text			true	2	如M32*2
MT-B63CE3EC9C1A	compatible_equipment	适配设备	required	text			true	1	如变频器。
MT-B678AF8CC659	material	材质	required	text			true	1	如不锈钢
MT-B678AF8CC659	size	口径	required	text			true	2	如4寸（DN100）
MT-B678AF8CC659	connection_type	连接方式	optional	text			true	3	如胶接
MT-B6BEC02712CE	capacity	容量	required	text			true	1	如1.7L
MT-B6BEC02712CE	outlet_count	出口数	required	text			true	2	
MT-B6BEC02712CE	voltage	电压	required	text			true	3	
MT-B738E1F78153	interface	接口	required	text			true	1	如外丝转内丝
MT-B738E1F78153	length	长度	optional	number	m		true	2	如1
MT-B77F8002D76A	width	宽度	required	number	mm		true	1	如50
MT-B77F8002D76A	length	长度	required	number	m		true	2	如1
MT-B77F8002D76A	thickness	厚度	optional	text			true	3	如3mm
MT-B77F8002D76A	adhesive_type	类型	optional	text			true	4	如通用型
MT-B77F8002D76A	feature	特征	optional	text			true	5	如厚
MT-B77F8002D76A	brand	品牌	optional	text			true	6	如海飞丝
MT-B782E88D3523	length	长度	optional	number	m		true	1	如1
MT-B782E88D3523	material	材质	optional	text			true	2	如不锈钢
MT-B782E88D3523	color	颜色	optional	text			true	3	如透明
MT-B782E88D3523	tube_diameter	管径	optional	number	mm		true	4	如25mm。
MT-B782E88D3523	extended_length	最大延伸	optional	text			true	5	如最大延伸2米。
MT-B782E88D3523	collapsed_length	收缩长度	optional	text			true	6	如收缩长度1米。
MT-B80D0388DD31	kit_code	套装	required	text			true	1	套装代码，如ABC
MT-B80D0388DD31	brand	品牌	optional	text			true	2	如海飞丝
MT-B81F004D63BE	specification	规格	required	text			true	1	如65*20*1
MT-B81F004D63BE	bank_count	联数	required	enum		单管；二联；三联；六联	true	2	单管或多联
MT-B81F004D63BE	type	类型	optional	text			true	3	如变频
MT-B81F004D63BE	material	材质	optional	text			true	4	如不锈钢
MT-B8C5C4F57CB6	power_supply	供电	required	text			true	1	如太阳能、市电
MT-B8C5C4F57CB6	light_source	光源	optional	text			true	2	如LED
MT-B90BAECA3E7D	wire_gauge	适配线径	required	text	mm²		true	1	可接入导线截面
MT-B90BAECA3E7D	material	材质	optional	text			true	2	如不锈钢
MT-B90BAECA3E7D	packaging_quantity	包装数量	optional	number	只/包		true	3	整包销售时的包装数量
MT-BACA08B14D4F	color	颜色	optional	text			true	1	如透明
MT-BACA08B14D4F	rated_voltage_v	额定电压	required	number	V		true	2	如250V。
MT-BACA08B14D4F	with_lamp	带灯	optional	boolean			true	3	是否带指示灯。
MT-BB96F182E482	length	长度	optional	number	m		true	1	如1
MT-BB96F182E482	material	材质	optional	text			true	2	如不锈钢
MT-BBADC6FC54E6	specification	规格	required	text			true	1	如65*20*1
MT-BBADC6FC54E6	material	材质	required	text			true	2	如不锈钢
MT-BBADC6FC54E6	thickness	厚度	optional	text			true	3	如3mm
MT-BBB7EE1AB632	rated_voltage	额定电压	required	text			true	1	额定电压范围，如100-500V
MT-BBB7EE1AB632	detection_method	检测方式	optional	text			true	2	如感应、接触
MT-BBB7EE1AB632	display_method	显示方式	optional	text			true	3	如氖泡、数显
MT-BBB7EE1AB632	function	功能	optional	text			true	4	如冷暖
MT-BBC081B1692C	model	型号	required	text			true	1	如无则留空
MT-BBC081B1692C	material_type	材质	required	text			true	2	如铸铁
MT-BC153AE7951D	material	材质	optional	text			true	1	如不锈钢
MT-BC4D17113B71	material	材质	required	text			true	1	如不锈钢
MT-BC4D17113B71	applicable_to	适用	optional	text			true	2	适用罐体，如发泡剂罐
MT-BCE17DFCB784	head_type	头型	required	text			true	1	刀头形状，如一字、十字
MT-BCE17DFCB784	length_mm	长度(mm)	optional	number	mm		true	2	
MT-BCE17DFCB784	piece_count	件数	optional	text			true	3	如9件
MT-BCE33FF0CA86	range	量程	required	text			true	1	如1000A、2000A
MT-BCE33FF0CA86	accuracy	精度	optional	text			true	2	如±2.5%、±3%
MT-BCE33FF0CA86	brand	品牌	optional	text			true	3	如海飞丝
MT-BD94BCAECA7A	capacity	容量	required	text			true	1	如1.7L
MT-BD94BCAECA7A	material	材质	optional	text			true	2	如不锈钢
MT-BD94BCAECA7A	dimensions	尺寸	optional	text			true	3	如1.2米*0.6米
MT-BE833CCCABED	spec	规格	required	text			true	1	如通用
MT-BE833CCCABED	material	材质	optional	text			true	2	如不锈钢
MT-BE833CCCABED	surface_treatment	表面处理	optional	text			true	3	镀锌等
MT-BE833CCCABED	strength_grade	强度等级	optional	text			true	4	8.8、12.9等
MT-BFABE7889E75	tip_size	笔尖规格	required	text			true	1	如1.0mm
MT-BFDD51510901	nominal_diameter	公称直径	required	text			true	1	如DN25、DN50
MT-BFDD51510901	material	材质	optional	text			true	2	如不锈钢
MT-BFDD51510901	pressure_rating	压力等级	optional	text	MPa		true	3	如1.0MPa、1.6MPa
MT-BFDD51510901	connection_method	接口/连接方式	optional	text			true	4	
MT-C0368FC166E7	wheel_diameter	轮径	required	text			true	1	轮径，如26英寸
MT-C0368FC166E7	brake	刹车	required	enum		有；无	true	2	是否带刹车
MT-C0368FC166E7	material	材质	required	text			true	3	如不锈钢
MT-C04D1CEA6631	plug_type	插头类型	required	text			true	1	普通、工业、快速等。
MT-C04D1CEA6631	rated_current_a	额定电流	required	number	A		true	2	如100A。
MT-C04D1CEA6631	rated_voltage_v	额定电压	required	number	V		true	3	如250V。
MT-C04D1CEA6631	pole_configuration	极数/脚数	optional	text			true	4	如三脚、3P+N+E。
MT-C04D1CEA6631	brand	品牌	optional	text			true	5	如海飞丝
MT-C097BA8EA2A8	packaging	包装	optional	text			true	1	如大包
MT-C0CC3F5B1CC4	capacity	容量	optional	text			true	1	如1.7L
MT-C0CC3F5B1CC4	packaging_type	包装形式	optional	enum		袋装；散装	true	2	袋装或散装
MT-C0D5D245AEFB	diameter	直径	required	text			true	1	如1.5米
MT-C0D5D245AEFB	length	长度	required	number	m		true	2	如1
MT-C0D5D245AEFB	material	材质	optional	text			true	3	如不锈钢
MT-C0D5D245AEFB	brand	品牌	optional	text			true	4	如海飞丝
MT-C22E88CCC2FB	luowen_guige	螺纹规格	required	text			true	1	
MT-C22E88CCC2FB	caizhi	材质	optional	text			true	2	
MT-C26D03EE7509	diameter_mm	直径（mm）	required	number	mm		true	1	钢丝绳直径。
MT-C26D03EE7509	length_mm	长度(mm)	required	number	mm		true	2	
MT-C2F8DEE7ACA5	length	长度	required	number	m		true	1	如1
MT-C2F8DEE7ACA5	diameter	直径	optional	text			true	2	如1.5米
MT-C3EC9D599373	dimensions	尺寸	optional	text			true	1	如1.2米*0.6米
MT-C3EC9D599373	material	材质	optional	text			true	2	如不锈钢
MT-C44A1A5101C5	system	配套体系	required	text			true	1	如地坪漆
MT-C44A1A5101C5	packaging	包装	optional	text			true	2	如大包
MT-C462BB4D9550	power_w	功率	required	number	W		true	1	如2000W。
MT-C462BB4D9550	applicable_material	适用材料	optional	text			true	2	如PVC
MT-C50DDC6D6023	material	材质	optional	text			true	1	如不锈钢
MT-C50DDC6D6023	spec	规格	optional	text			true	2	如通用
MT-C5316F0242F6	brand	品牌	optional	text			true	1	如海飞丝
MT-C5316F0242F6	device_type	类型	optional	enum		便携式	true	2	设备类型
MT-C549B72134A4	rebar_spec	钢筋规格	optional	text			true	1	如Φ12。
MT-C549B72134A4	length	长度	optional	number	m		true	2	如1
MT-C549B72134A4	rebar_type	钢筋类型	optional	text			true	3	如光圆、螺纹。
MT-C56CE5C33644	size	口径	required	text			true	1	如4寸（DN100）
MT-C56CE5C33644	drive_size	驱动轴	required	text			true	2	如3/4英寸
MT-C56CE5C33644	length	长度	optional	number	m		true	3	如1
MT-C56CE5C33644	socket_type	套筒类型	optional	text			true	4	如六角
MT-C56CE5C33644	applicable_tool	适用工具	optional	text			true	5	如电动扳手
MT-C57E8EBDF0E2	function	功能	optional	text			true	1	如冷暖
MT-C57E8EBDF0E2	applicable_material	适用材料	optional	text			true	2	如PVC
MT-C5CBA3456068	diameter	直径	required	text			true	1	如1.5米
MT-C5CBA3456068	length	长度	required	number	m		true	2	如1
MT-C6BFC8100877	applicable_model	适配型号	required	text			true	1	适配泥浆泵型号，如BW-250
MT-C6D1159B83ED	valve_state	阀位状态	required	text			true	1	如常闭
MT-C6D1159B83ED	model	型号	optional	text			true	2	如无则留空
MT-C6D1159B83ED	nominal_size	公称通径	optional	text			true	3	如DN50、DN80
MT-C6D1159B83ED	material	材质	optional	text			true	4	如不锈钢
MT-C73491EA11A3	power	匹数	required	text			true	1	如3匹、大1.5匹、1.5匹
MT-C73491EA11A3	voltage	电压	required	text			true	2	
MT-C73491EA11A3	air_volume	风量	optional	text			true	3	
MT-C73491EA11A3	air_pressure	风压	optional	text			true	4	
MT-C7A58C87DFFF	nominal_diameter	公称直径	required	text			true	1	如DN25、DN50
MT-C7A58C87DFFF	material	材质	optional	text			true	2	如不锈钢
MT-C7A58C87DFFF	connection_method	接口/连接方式	optional	text			true	3	
MT-C8699FA99171	rated_load	额定载荷	optional	text	T		true	1	如15T。
MT-C8699FA99171	chain_length	链条长度	optional	number	m		true	2	如3米、6米。
MT-C8699FA99171	chain_diameter	链条直径	optional	number	mm		true	3	如6mm、8mm。
MT-C87204B06C74	thread_spec	螺纹规格	required	text			true	1	如M32*2
MT-C87204B06C74	tube_size	适用气管外径	required	text			true	2	如8mm
MT-C87204B06C74	material	材质	optional	text			true	3	如不锈钢
MT-C8D54C2F400B	pipe_diameter	管径	optional	number	mm		true	1	如8mm。
MT-C8D54C2F400B	material	材质	optional	text			true	2	如不锈钢
MT-C8D54C2F400B	thickness	厚度	optional	text			true	3	如3mm
MT-C9482E8FF4CC	wheel_diameter	轮径	required	text			true	1	轮径，如26英寸
MT-C9482E8FF4CC	brake	刹车	required	enum		有；无	true	2	是否带刹车
MT-C9482E8FF4CC	material	材质	required	text			true	3	如不锈钢
MT-C97B4FF8CFB9	power	匹数	required	text			true	1	如3匹、大1.5匹、1.5匹
MT-C97B4FF8CFB9	control_mode	控制方式	optional	text			true	2	
MT-C97B4FF8CFB9	voltage	电压	required	text			true	3	
MT-C97B4FF8CFB9	head	扬程	optional	text			true	4	
MT-C9B21BFFD0A2	model	型号	optional	text			true	1	如无则留空
MT-C9B21BFFD0A2	diameter	直径	required	text			true	2	如1.5米
MT-C9B21BFFD0A2	voltage	电压	required	text			true	3	
MT-C9B21BFFD0A2	length	长度	optional	number	m		true	4	如1
MT-CA02AD4C115E	color	颜色	required	text			true	1	如透明
MT-CA02AD4C115E	ink_type	墨水类型	optional	text			true	2	如油性
MT-CAB282564D4C	controlled_object	控制对象/用途	optional	text			true	1	如水泵自动控制。
MT-CAB282564D4C	rated_voltage_v	额定电压	optional	number	V		true	2	如250V。
MT-CAB282564D4C	rated_current_a	额定电流	optional	number	A		true	3	如100A。
MT-CACDBAC7EA13	specification	规格	required	text			true	1	如65*20*1
MT-CACDBAC7EA13	material	材质	required	text			true	2	如不锈钢
MT-CACDBAC7EA13	strength_grade	强度等级	required	text			true	3	8.8、12.9等
MT-CACDBAC7EA13	surface_treatment	表面处理	optional	text			true	4	镀锌等
MT-CB0A48F7A97D	diameter_spec	规格/口径	optional	text			true	1	如8mm
MT-CB0A48F7A97D	inner_diameter	内径	optional	text	mm		true	2	内径尺寸
MT-CB0A48F7A97D	grade	等级	optional	text			true	3	如4SH
MT-CB0A48F7A97D	pressure	压力	optional	text			true	4	如高压
MT-CB0A48F7A97D	length	长度	optional	number	m		true	5	如1
MT-CB0A48F7A97D	structure	结构	optional	text			true	6	其他结构特征
MT-CBB125262D03	outer_diameter	外径	optional	text	mm		true	1	外径尺寸
MT-CBB125262D03	inner_diameter	内径	optional	text	mm		true	2	内径尺寸
MT-CBB125262D03	height	高度	optional	number	mm		true	3	如100
MT-CBB125262D03	material	材质	optional	text			true	4	如不锈钢
MT-CBF439902D23	output_voltage_v	输出电压	required	number	V		true	1	变压USB插座的输出电压，如36V。
MT-CBF439902D23	output_current_a	输出电流	required	number	A		true	2	如1A。
MT-CBF439902D23	input_voltage_v	输入电压	optional	number	V		true	3	变压USB插座的输入电压，如220V。
MT-CBF439902D23	brand	品牌	optional	text			true	4	如海飞丝
MT-CC2BB9D13DC7	material	材质	required	text			true	1	如不锈钢
MT-CC2BB9D13DC7	size	口径	required	text			true	2	如4寸（DN100）
MT-CC2BB9D13DC7	model	型号	optional	text			true	3	如无则留空
MT-CC2BB9D13DC7	pressure_grade	压力等级	optional	text			true	4	如1.0MPa、1.6MPa
MT-CC3DAB6A510F	power	匹数	required	text			true	1	如3匹、大1.5匹、1.5匹
MT-CC3DAB6A510F	voltage	电压	required	text			true	2	
MT-CC3DAB6A510F	outlet_size	口径	optional	text			true	3	
MT-CC3DAB6A510F	installation_mode	安装方式	optional	enum		台上式；台下式	true	4	如台上式
MT-CD35747D7362	interface	接口	required	text			true	1	如外丝转内丝
MT-CD4DF2FCC2FF	specification	规格	required	text			true	1	如65*20*1
MT-CD4DF2FCC2FF	material	材质	required	text			true	2	如不锈钢
MT-CD4DF2FCC2FF	feature	特征	optional	text			true	3	如厚
MT-CD594F54A66C	power	匹数	required	text			true	1	如3匹、大1.5匹、1.5匹
MT-CD594F54A66C	voltage	电压	required	text			true	2	
MT-CDF057705A1A	specification	规格	optional	text			true	1	如65*20*1
MT-CDF057705A1A	power_source	供电方式	optional	enum		锂电池；交流	true	2	锂电池或交流供电。
MT-CDF057705A1A	voltage	电压	optional	text			true	3	
MT-CE8012A8F389	applicable_equipment	适用设备	required	text			true	1	适用设备或工况
MT-CE8012A8F389	material_type	材质	required	text			true	2	如铸铁
MT-CE8012A8F389	size	口径	required	text			true	3	如4寸（DN100）
MT-CF0BE723DD23	material	材质	optional	text			true	1	如不锈钢
MT-CF0BE723DD23	dimensions	尺寸	optional	text			true	2	如1.2米*0.6米
MT-CF90BC99F8B7	material	材质	optional	text			true	1	如不锈钢
MT-CF90BC99F8B7	specification	规格	required	text			true	2	如65*20*1
MT-CFBC2E137B15	cable_length_m	线长	required	number	m		true	1	如3m、6m。
MT-CFBC2E137B15	mounting_mode	安装方式	optional	text			true	2	如侧装、顶装。
MT-CFF18734E23E	length_diameter	长度-直径	required	text			true	1	
MT-CFF18734E23E	material	材质	optional	text			true	2	如不锈钢
MT-D00A36C89B3A	material	材质	optional	text			true	1	如不锈钢
MT-D00A36C89B3A	positions	位数	required	number			true	2	
MT-D084CA6EA8FB	material	材质	required	text			true	1	如不锈钢
MT-D084CA6EA8FB	size	口径	required	text			true	2	如4寸（DN100）
MT-D084CA6EA8FB	connection_type	连接方式	optional	text			true	3	如胶接
MT-D084CA6EA8FB	model	型号	optional	text			true	4	如无则留空
MT-D0A9C0182738	material	材质	required	text			true	1	如不锈钢
MT-D0A9C0182738	size	口径	optional	text			true	2	如4寸（DN100）
MT-D0CD4AFEC0F0	size_grade	规格/号数	optional	text			true	1	
MT-D0EF7E647AA6	capacity	容量	optional	text			true	1	如1.7L
MT-D0EF7E647AA6	material	材质	optional	text			true	2	如不锈钢
MT-D11B904C46F9	material	材质	optional	text			true	1	如不锈钢
MT-D11B904C46F9	suitable_for	适用	optional	text			true	2	适用洁具类型
MT-D14D58B7721A	diameter	直径	required	text			true	1	如1.5米
MT-D14D58B7721A	length	长度	required	number	m		true	2	如1
MT-D14D58B7721A	material	材质	optional	text			true	3	如不锈钢
MT-D14D58B7721A	brand	品牌	optional	text			true	4	如海飞丝
MT-D18BFC170626	specification	规格	required	text			true	1	如65*20*1
MT-D18BFC170626	material	材质	required	text			true	2	如不锈钢
MT-D19163844356	medium	介质	required	text			true	1	如油
MT-D19163844356	interface	接口	required	text			true	2	如外丝转内丝
MT-D1D94C618C40	power_supply	供电	optional	text			true	1	如太阳能、市电
MT-D1D94C618C40	light_source	光源	optional	text			true	2	如LED
MT-D1D94C618C40	color	颜色	optional	text			true	3	如透明
MT-D1D94C618C40	mounting	安装方式	optional	text			true	4	如支架式。
MT-D26523FE2B24	material	材质	optional	text			true	1	如不锈钢
MT-D26523FE2B24	size	口径	optional	text			true	2	如4寸（DN100）
MT-D28EDD4F2C60	size	口径	required	text			true	1	如4寸（DN100）
MT-D28EDD4F2C60	structure	结构	optional	text			true	2	其他结构特征
MT-D2B7156FD44B	material	材质	required	text			true	1	如不锈钢
MT-D2B7156FD44B	size	口径	required	text			true	2	如4寸（DN100）
MT-D2B7156FD44B	connection_type	连接方式	optional	text			true	3	如胶接
MT-D2C4339DFB76	tube_size	适用气管外径	required	text			true	1	如8mm
MT-D2C4339DFB76	material	材质	optional	text			true	2	如不锈钢
MT-D3057B7399BA	rated_voltage_v	额定电压	required	number	V		true	1	如250V。
MT-D3057B7399BA	delay_range	延时范围	optional	text			true	2	可调延时范围。
MT-D349133A39AF	model	型号	optional	text			true	1	如无则留空
MT-D349133A39AF	display_type	类型	optional	text			true	2	如数字万用表
MT-D40D9A42E613	dimensions	尺寸	optional	text			true	1	如1.2米*0.6米
MT-D40D9A42E613	material	材质	optional	text			true	2	如不锈钢
MT-D441E20F2BF3	piece_count	件数	required	text			true	1	如9件
MT-D476DD10A68E	package_weight	包装规格	optional	text			true	1	如1kg/包
MT-D476DD10A68E	type	类型	optional	text			true	2	如变频
MT-D4FE84DD01A4	installation	安装方式	required	enum		挂壁；落地；台面；吊顶	true	1	如挂壁。
MT-D4FE84DD01A4	specification	规格	required	text			true	2	如65*20*1
MT-D55B984922F9	model	型号	required	text			true	1	如无则留空
MT-D55B984922F9	brand	品牌	optional	text			true	2	如海飞丝
MT-D5FE3FB5A880	material	材质	required	text			true	1	如不锈钢
MT-D5FE3FB5A880	thread_spec	螺纹规格	required	text			true	2	如M32*2
MT-D5FE3FB5A880	pressure_grade	压力等级	optional	text			true	3	如1.0MPa、1.6MPa
MT-D674E8A09E94	width_mm	宽度（mm）	required	number	mm		true	1	胶带宽度。
MT-D674E8A09E94	length_m	长度（米）	required	number	m		true	2	如1.2米。
MT-D674E8A09E94	color	颜色	optional	text			true	3	如透明
MT-D674E8A09E94	waterproof	防水	optional	boolean			true	4	
MT-D680AD840D61	spec	规格	optional	text			true	1	如通用
MT-D680AD840D61	squeegee_material	刮条材质	optional	text			true	2	如橡胶。
MT-D6883084FC3A	power_range	功率范围	required	text			true	1	如4-40W
MT-D6CF0A391F04	brand	品牌	optional	text			true	1	如海飞丝
MT-D6CF0A391F04	capacity	容量	optional	text			true	2	如1.7L
MT-D6E4F9E1A829	width	宽度	optional	number	mm		true	1	如50
MT-D6E4F9E1A829	length	长度	optional	number	m		true	2	如1
MT-D6E4F9E1A829	feature	特征	optional	text			true	3	如厚
MT-D766B7B3385B	material	材质	optional	text			true	1	如不锈钢
MT-D766B7B3385B	dimensions	尺寸	optional	text			true	2	如1.2米*0.6米
MT-D773E186D48C	dimensions	尺寸	required	text			true	1	如1.2米*0.6米
MT-D773E186D48C	material	材质	required	text			true	2	如不锈钢
MT-D7828CB3BA0B	width	宽度	optional	number	mm		true	1	如50
MT-D7828CB3BA0B	material	材质	optional	text			true	2	如不锈钢
MT-D7828CB3BA0B	color	颜色	optional	text			true	3	如透明
MT-D7828CB3BA0B	length_note	长度说明	optional	text			false	4	如按米计。
MT-D7D1A2071778	size	口径	required	text			true	1	如4寸（DN100）
MT-D7D1A2071778	material	材质	optional	text			true	2	如不锈钢
MT-D7D1A2071778	brand	品牌	optional	text			true	3	如海飞丝
MT-D7F37815CD23	outer_diameter	外径	required	text	mm		true	1	外径尺寸
MT-D7F37815CD23	thickness	厚度	required	text			true	2	如3mm
MT-D7F37815CD23	bore_diameter	孔径	required	number	mm		true	3	安装孔径
MT-D7F37815CD23	abrasive_material	磨料材质	required	text			true	4	如树脂
MT-D7F37815CD23	brand	品牌	optional	text			true	5	如海飞丝
MT-D81E1CB5E7D9	package_size	包装规格	required	text			true	1	如20kg/桶
MT-D84E754C5B9D	size	口径	optional	text			true	1	如4寸（DN100）
MT-D894CDB2CC17	material	材质	required	text			true	1	如不锈钢
MT-D894CDB2CC17	width	宽度	required	number	mm		true	2	如50
MT-D894CDB2CC17	thickness	厚度	required	text			true	3	如3mm
MT-D894CDB2CC17	length	长度	required	number	m		true	4	如1
MT-D9396FDD8FC7	connector_type	接头类型	optional	text			true	1	直通、弯头、变径等。
MT-DAEE38B914A7	thread_spec	螺纹规格	required	text			true	1	如M32*2
MT-DAEE38B914A7	material_type	材质	required	text			true	2	如铸铁
MT-DB161D20A503	material_type	材质	required	text			true	1	如铸铁
MT-DB161D20A503	inner_diameter	内径	required	text	mm		true	2	内径尺寸
MT-DB161D20A503	outer_diameter	外径	required	text	mm		true	3	外径尺寸
MT-DB161D20A503	feature	特征	optional	text			true	4	如厚
MT-DB58B3B7C317	material	材质	required	text			true	1	如不锈钢
MT-DB6E02077317	particle_size	粒径	required	text	mm		true	1	如4-6mm、10-20mm
MT-DB6E02077317	packaging	包装	optional	text			true	2	如大包
MT-DC4B21BBB976	power	匹数	required	text			true	1	如3匹、大1.5匹、1.5匹
MT-DC4B21BBB976	voltage	电压	required	text			true	2	
MT-DC4B21BBB976	configuration	配置	optional	text			true	3	如套装、含充电器
MT-DC53DD717A8B	material	材质	required	text			true	1	如不锈钢
MT-DC53DD717A8B	section_shape	截面形状	required	enum		C型	true	2	当前证据中的截面形状为C型
MT-DC53DD717A8B	height	高度	required	number	mm		true	3	如100
MT-DC53DD717A8B	width	宽度	required	number	mm		true	4	如50
MT-DC53DD717A8B	surface_treatment	表面处理	optional	text			true	5	镀锌等
MT-DC561FA43E8E	rated_current_a	额定电流	required	number	A		true	1	如100A。
MT-DD8C081E0D76	material	材质	optional	text			true	1	如不锈钢
MT-DD8C081E0D76	capacity	容量	required	text			true	2	如1.7L
MT-DE332DACB15D	material	材质	optional	text			true	1	如不锈钢
MT-DE332DACB15D	layer_count	层数	optional	text			true	2	如2层
MT-DE332DACB15D	package_quantity	包装数量	optional	text			true	3	如1套
MT-DE6BB9DC48EF	size	口径	optional	text			true	1	如4寸（DN100）
MT-DE6BB9DC48EF	load_capacity	承重	optional	text			true	2	
MT-DE6BB9DC48EF	structure	结构	optional	text			true	3	其他结构特征
MT-DF682A965FB7	nominal_diameter	公称直径	required	text			true	1	如DN25、DN50
MT-DF682A965FB7	structure	结构	optional	text			true	2	其他结构特征
MT-E03718D5FAEC	dimensions	尺寸	required	text			true	1	如1.2米*0.6米
MT-E03718D5FAEC	material	材质	optional	text			true	2	如不锈钢
MT-E03718D5FAEC	mesh_size	网目	optional	text			true	3	如5cm×5cm。
MT-E064D77242F3	material	材质	required	text			true	1	如不锈钢
MT-E064D77242F3	installation_mode	安装方式	optional	enum		台上式；台下式	true	2	如台上式
MT-E064D77242F3	size	口径	optional	text			true	3	如4寸（DN100）
MT-E064D77242F3	feature	特征	optional	text			true	4	如厚
MT-E0907AC05A53	pipe_type	类型	optional	text			true	1	如重型。
MT-E0907AC05A53	applicable_pipe_diameter	适用管径	optional	text			true	2	可剪切管径范围，如≤42mm
MT-E0907AC05A53	way_count	联数	optional	text			true	3	
MT-E0907AC05A53	material	材质	optional	text			true	4	如不锈钢
MT-E1355DBA413E	tube_size	适用气管外径	required	text			true	1	如8mm
MT-E1355DBA413E	material	材质	optional	text			true	2	如不锈钢
MT-E159A31FFAFB	strength_grade	强度等级	required	text			true	1	8.8、12.9等
MT-E159A31FFAFB	cement_variety	水泥品种	optional	text			true	2	如复合硅酸盐水泥/PC425
MT-E159A31FFAFB	packaging_type	包装形式	required	enum		袋装；散装	true	3	袋装或散装
MT-E159A31FFAFB	package_weight_kg	包装重量	optional	number	kg		true	4	如20kg。
MT-E159A31FFAFB	brand	品牌	optional	text			true	5	如海飞丝
MT-E19B2B094BF8	compatible_equipment	适配设备	required	text			true	1	如变频器。
MT-E19B2B094BF8	model	型号	optional	text			true	2	如无则留空
MT-E1B1666ADC55	caliber	口径	required	text			true	1	如DN100
MT-E1B1666ADC55	material	材质	required	text			true	2	如不锈钢
MT-E1B1666ADC55	interface	接口	optional	text			true	3	如外丝转内丝
MT-E1B335CB6EC8	volume	容量	required	text			true	1	如400ml
MT-E1B335CB6EC8	brand	品牌	optional	text			true	2	如海飞丝
MT-E1D1050E67AD	dimensions	尺寸	optional	text			true	1	如1.2米*0.6米
MT-E1D1050E67AD	cross_section	截面积	optional	text			true	2	如2.5mm²
MT-E1D1050E67AD	material	材质	optional	text			true	3	如不锈钢
MT-E1D1050E67AD	length	长度	optional	number	m		true	4	如1
MT-E2220FDC8EF9	material	材质	optional	text			true	1	如不锈钢
MT-E2220FDC8EF9	pipe_diameter_mm	适配管径(mm)	required	number	mm		true	2	
MT-E258B7CA8567	capacity	容量	optional	text			true	1	如1.7L
MT-E258B7CA8567	source	来源	optional	text			true	2	
MT-E2B6D99DE3CD	capacity	容量	required	text			true	1	如1.7L
MT-E2B6D99DE3CD	material	材质	optional	text			true	2	如不锈钢
MT-E2B6D99DE3CD	wall_thickness	壁厚	optional	number	mm		true	3	壁厚，如3.5mm
MT-E354392422A9	material	材质	required	text			true	1	如不锈钢
MT-E354392422A9	width	宽度	required	number	mm		true	2	如50
MT-E3809BB2F683	power	匹数	required	text			true	1	如3匹、大1.5匹、1.5匹
MT-E3809BB2F683	outlet_size	口径	required	text			true	2	
MT-E3809BB2F683	voltage	电压	required	text			true	3	
MT-E3B0BF183C89	width	宽度	optional	number	mm		true	1	如50
MT-E3B0BF183C89	length	长度	required	number	m		true	2	如1
MT-E3B0BF183C89	thickness	厚度	optional	text			true	3	如3mm
MT-E3B0BF183C89	material	材质	optional	text			true	4	如不锈钢
MT-E3CAA90B6ED1	thread_spec	螺纹规格	required	text			true	1	如M32*2
MT-E3CAA90B6ED1	material	材质	optional	text			true	2	如不锈钢
MT-E414D491E2D3	weight	重量	optional	number	kg		true	1	单块或单批次重量
MT-E414D491E2D3	material	材质	optional	text			true	2	如不锈钢
MT-E4F385D3AC19	grade	等级	required	text			true	1	如4SH
MT-E55EA2C4CFF8	dimensions	尺寸	required	text			true	1	如1.2米*0.6米
MT-E55EA2C4CFF8	material	材质	optional	text			true	2	如不锈钢
MT-E55EA2C4CFF8	mesh_count	目数	optional	text			true	3	如3000目。
MT-E55EA2C4CFF8	feature	特征	optional	text			true	4	如厚
MT-E59789CA6AB1	material_composition	材质构成	optional	text			true	1	如铜头铝合金夹、铜头铝扣
MT-E59789CA6AB1	nominal_size	公称通径	required	text			true	2	如DN50、DN80
MT-E59789CA6AB1	feature	特征	optional	text			true	3	如厚
MT-E5A1D452DB72	spec	规格	required	text			true	1	如通用
MT-E5A1D452DB72	material	材质	required	text			true	2	如不锈钢
MT-E5A1D452DB72	surface_treatment	表面处理	optional	text			true	3	镀锌等
MT-E5CE27BC4AAB	size	口径	required	text			true	1	如4寸（DN100）
MT-E5CE27BC4AAB	roller_width	滚刷宽度	optional	text			true	2	如4寸
MT-E5CE27BC4AAB	usage	用途	optional	text			true	3	如扣压。
MT-E5E622BCB627	length	长度	required	number	m		true	1	如1
MT-E5E622BCB627	material_type	材质	required	text			true	2	如铸铁
MT-E5E622BCB627	thickness	厚度	optional	text			true	3	如3mm
MT-E5E622BCB627	feature	特征	optional	text			true	4	如厚
MT-E6781F281E7C	material	材质	optional	text			true	1	如不锈钢
MT-E6781F281E7C	size	口径	optional	text			true	2	如4寸（DN100）
MT-E6CC6F41CD0C	material	材质	optional	text			true	1	如不锈钢
MT-E766BE628E26	width	宽度	optional	number	mm		true	1	如50
MT-E766BE628E26	thickness	厚度	optional	text			true	2	如3mm
MT-E79366AD14BD	nominal_diameter	公称直径	required	text			true	1	如DN25、DN50
MT-E79366AD14BD	material	材质	optional	text			true	2	如不锈钢
MT-E79366AD14BD	connection_type	连接方式	optional	text			true	3	如胶接
MT-E79366AD14BD	pressure	压力	optional	text			true	4	如高压
MT-E79C39166E68	power	匹数	required	text			true	1	如3匹、大1.5匹、1.5匹
MT-E79C39166E68	control_mode	控制方式	optional	text			true	2	
MT-E79C39166E68	range	量程	optional	text			true	3	如1000A、2000A
MT-E7DED42C2877	wearing_type	佩戴方式	required	enum		头戴式；手持式；头盔式	true	1	面罩佩戴结构，决定使用方式
MT-E7DED42C2877	material	材质	optional	text			true	2	如不锈钢
MT-E7DED42C2877	shade_plate	遮光片	optional	text			true	3	
MT-E7F9551EF386	rated_load	额定载荷	optional	text	T		true	1	如15T。
MT-E7F9551EF386	pin_diameter	销轴直径	optional	text	mm		true	2	如10mm。
MT-E8374D6D5BA7	diameter	直径	required	text			true	1	如1.5米
MT-E8374D6D5BA7	material	材质	optional	text			true	2	如不锈钢
MT-E8374D6D5BA7	weave_type	编织类型	optional	text			true	3	如三股。
MT-E8A1C9D50AD5	diameter	直径	required	text			true	1	如1.5米
MT-E8A1C9D50AD5	length	长度	required	number	m		true	2	如1
MT-E8A1C9D50AD5	material	材质	optional	text			true	3	如不锈钢
MT-E8A1C9D50AD5	brand	品牌	optional	text			true	4	如海飞丝
MT-E8A4973F880D	material	材质	optional	text			true	1	如不锈钢
MT-E8A4973F880D	dimensions	尺寸	optional	text			true	2	如1.2米*0.6米
MT-E8CB871F9C32	material	材质	required	text			true	1	如不锈钢
MT-E8CB871F9C32	nominal_size	公称通径	required	text			true	2	如DN50、DN80
MT-E9547A184AAB	material	材质	required	text			true	1	如不锈钢
MT-E9547A184AAB	nominal_size	公称通径	required	text			true	2	如DN50、DN80
MT-E9547A184AAB	pressure	压力	optional	text			true	3	如高压
MT-E972C7D9F037	color	颜色	required	text			true	1	如透明
MT-E972C7D9F037	capacity	容量	required	text			true	2	如1.7L
MT-E972C7D9F037	curing_type	固化方式	optional	text			true	3	如中性
MT-E972C7D9F037	brand	品牌	optional	text			true	4	如海飞丝
MT-E9A267C1FA93	material	材质	optional	text			true	1	如不锈钢
MT-E9A267C1FA93	size	口径	optional	text			true	2	如4寸（DN100）
MT-E9A267C1FA93	function	功能	optional	text			true	3	如冷暖
MT-E9A9DD6B10A9	material	材质	optional	text			true	1	如不锈钢
MT-E9A9DD6B10A9	length	长度	optional	number	m		true	2	如1
MT-E9CCD3B7126C	length	长度	required	number	m		true	1	如1
MT-E9CCD3B7126C	diameter	直径	optional	text			true	2	如1.5米
MT-E9CCD3B7126C	package_quantity	包装数量	optional	text			true	3	如1套
MT-E9DA9C0A46A9	rated_load	额定载荷	required	text	T		true	1	如15T。
MT-EA5002FF3C63	label_material	材料	optional	text			true	1	标签基材材质，如哑银PET、铜版纸
MT-EA5002FF3C63	label_size	标签尺寸	required	text			true	2	单枚标签的长×宽，如40mm×25mm
MT-EA5002FF3C63	quantity_per_roll	每卷张数	optional	number	张		true	3	每卷不干胶标签的数量
MT-EAAF8A16E169	detection_medium	检测介质	required	text			true	1	如氧气
MT-EAAF8A16E169	type	类型	optional	text			true	2	如变频
MT-EAAF8A16E169	range	量程	optional	text			true	3	如1000A、2000A
MT-EB2457406785	strength_grade	强度等级	required	text			true	1	8.8、12.9等
MT-EB2457406785	packaging_type	包装形式	optional	enum		袋装；散装	true	2	袋装或散装
MT-EB2457406785	package_weight_kg	包装重量	optional	number	kg		true	3	如20kg。
MT-EB54F5C192D0	brand	品牌	optional	text			true	1	如海飞丝
MT-EB54F5C192D0	grade	等级	optional	text			true	2	如4SH
MT-EB54F5C192D0	capacity	容量	optional	text			true	3	如1.7L
MT-EBAF1AA097EE	material	材质	optional	text			true	1	如不锈钢
MT-EBAF1AA097EE	capacity	容量	required	text			true	2	如1.7L
MT-EBAF1AA097EE	shape	形状	optional	text			true	3	如方凳、圆凳
MT-EBAF1AA097EE	insulation_layer	保温层	optional	text			true	4	
MT-EBC9E2C72731	applicable_width	适用宽度	required	number	mm		true	1	适用胶带宽度，如18mm
MT-EBF78A50A89B	material	材质	required	text			true	1	如不锈钢
MT-EBF78A50A89B	thread_spec	螺纹规格	required	text			true	2	如M32*2
MT-EBF78A50A89B	pressure_grade	压力等级	optional	text			true	3	如1.0MPa、1.6MPa
MT-EC794D3C98DC	range	量程	required	text			true	1	如1000A、2000A
MT-EC794D3C98DC	accuracy	精度	optional	text			true	2	如±2.5%、±3%
MT-ECC31EF697C6	material	材质	optional	text			true	1	如不锈钢
MT-ECC31EF697C6	pipe_diameter_mm	适配管径(mm)	required	number	mm		true	2	
MT-ECE071F959C9	installation_mode	安装方式	required	enum		台上式；台下式	true	1	如台上式
MT-ECE071F959C9	flush_mode	冲洗方式	required	enum		感应；手动	true	2	如感应
MT-ECE071F959C9	material	材质	optional	text			true	3	如不锈钢
MT-ED85E7CB58D8	diameter	直径	required	text			true	1	如1.5米
MT-ED85E7CB58D8	material	材质	optional	text			true	2	如不锈钢
MT-ED85E7CB58D8	length	长度	optional	number	m		true	3	如1
MT-EEC461601FA6	rebar_diameter_mm	适配钢筋直径(mm)	required	number	mm		true	1	
MT-EF203CDE05C8	size	口径	optional	text			true	1	如4寸（DN100）
MT-EF203CDE05C8	material	材质	optional	text			true	2	如不锈钢
MT-EF65D2609D36	diameter_mm	直径（mm）	required	number	mm		true	1	钢丝绳直径。
MT-EF65D2609D36	length_mm	长度(mm)	required	number	mm		true	2	
MT-EFDFAF45D43E	tube_size	适用气管外径	required	text			true	1	如8mm
MT-EFDFAF45D43E	material	材质	optional	text			true	2	如不锈钢
MT-F0BD53D94D9C	brand	品牌	optional	text			true	1	如海飞丝
MT-F0BD53D94D9C	series	系列	optional	text			true	2	系列信息
MT-F0BD53D94D9C	feature	特征	optional	text			true	3	如厚
MT-F0BD53D94D9C	package_capacity	包装容量	optional	text			true	4	如20kg/桶。
MT-F0FA25474A3C	model	型号	required	text			true	1	如无则留空
MT-F0FA25474A3C	brand	品牌	optional	text			true	2	如海飞丝
MT-F1696DD2EA78	compatible_model	适配刀闸型号	optional	text			true	1	如通用或指定型号。
MT-F1696DD2EA78	material	材质	optional	text			true	2	如不锈钢
MT-F191C6642EBA	applicable_device	适用设备	required	text			true	1	如摇表、万用表
MT-F191C6642EBA	plug_type	插头类型	required	text			true	2	普通、工业、快速等。
MT-F191C6642EBA	type	类型	optional	text			true	3	如变频
MT-F23A76345CFA	power_supply	供电	required	text			true	1	如太阳能、市电
MT-F23A76345CFA	light_source	光源	optional	text			true	2	如LED
MT-F23A76345CFA	brightness	亮度等级	optional	text			true	3	如强光
MT-F273CFB67D73	clamping_range	夹持范围	required	text			true	1	如0.3-16mm。
MT-F273CFB67D73	interface	接口	required	text			true	2	如外丝转内丝
MT-F273CFB67D73	structure	结构	optional	text			true	3	其他结构特征
MT-F2BDF488FE05	luowen	螺纹	required	text			true	1	
MT-F2BDF488FE05	jiaodu	角度	required	enum		直通；45°；90°	true	2	
MT-F2BDF488FE05	caizhi	材质	optional	text			true	3	
MT-F30245D44E64	diameter_spec	规格/口径	optional	text			true	1	如8mm
MT-F30245D44E64	pressure_level	压力等级	optional	text			true	2	如10bar
MT-F3E45852B69F	specification	规格	required	text			true	1	如65*20*1
MT-F3E45852B69F	material	材质	optional	text			true	2	如不锈钢
MT-F3E45852B69F	feature	特征	optional	text			true	3	如厚
MT-F3F158D6CCF3	material	材质	optional	text			true	1	如不锈钢
MT-F3F158D6CCF3	shape	形状	optional	text			true	2	如方凳、圆凳
MT-F418DA9EFFF3	model	型号	required	text			true	1	如无则留空
MT-F45AED8CD777	rated_current	额定电流	required	number	A		true	1	如100A
MT-F45AED8CD777	wire_gauge	适配线径	optional	text	mm²		true	2	可接入导线截面
MT-F45AED8CD777	material	材质	optional	text			true	3	如不锈钢
MT-F4A11720067D	material	材质	required	text			true	1	如不锈钢
MT-F4A11720067D	size	口径	required	text			true	2	如4寸（DN100）
MT-F4B3F85D13DC	cross_section	截面积	required	text			true	1	如2.5mm²
MT-F4B3F85D13DC	material	材质	optional	text			true	2	如不锈钢
MT-F53AEA2AF2FC	applicable_object	适配对象	required	text			true	1	适配对象，如劳动车
MT-F53AEA2AF2FC	wheel_diameter	轮径	required	text			true	2	轮径，如26英寸
MT-F53AEA2AF2FC	axle_hole_diameter	轴孔	required	text			true	3	轴孔直径，如20mm
MT-F53AEA2AF2FC	composition	组成	optional	text			true	4	如铜头、铝扣
MT-F5B62F2250DF	thickness	厚度	required	text			true	1	如3mm
MT-F5B62F2250DF	color	颜色	optional	text			true	2	如透明
MT-F5B62F2250DF	dimensions	尺寸	required	text			true	3	如1.2米*0.6米
MT-F5F6C62BD942	weight	重量	optional	number	kg		true	1	单块或单批次重量
MT-F5F6C62BD942	material	材质	optional	text			true	2	如不锈钢
MT-F64AC6F3B978	applicable_wire_range	适用线径/压接范围	optional	text			true	1	
MT-F64AC6F3B978	brand	品牌	optional	text			true	2	如海飞丝
MT-F651F47615F1	nominal_diameter	公称直径	required	text			true	1	如DN25、DN50
MT-F651F47615F1	material	材质	optional	text			true	2	如不锈钢
MT-F651F47615F1	connection_type	连接方式	optional	text			true	3	如胶接
MT-F651F47615F1	pressure	压力	optional	text			true	4	如高压
MT-F66F2C8BA587	model	型号	required	text			true	1	如无则留空
MT-F66F2C8BA587	wire_gauge	适配线径	optional	text	mm²		true	2	可接入导线截面
MT-F66F2C8BA587	stud_hole_size	安装孔径	optional	text			true	3	接线端圆孔孔径，如8mm
MT-F66F2C8BA587	material	材质	optional	text			true	4	如不锈钢
MT-F66F2C8BA587	packaging_quantity	包装数量	optional	number	只/包		true	5	整包销售时的包装数量
MT-F70190706417	material	材质	required	text			true	1	如不锈钢
MT-F70190706417	thread_spec	螺纹规格	required	text			true	2	如M32*2
MT-F70190706417	pressure_grade	压力等级	optional	text			true	3	如1.0MPa、1.6MPa
MT-F70190706417	connection_type	连接方式	optional	text			true	4	如胶接
MT-F70D097AA294	spec	规格	required	text			true	1	如通用
MT-F70D097AA294	material	材质	required	text			true	2	如不锈钢
MT-F70D097AA294	length	长度	optional	number	m		true	3	如1
MT-F7332C0D9E4F	specification	规格	required	text			true	1	如65*20*1
MT-F7332C0D9E4F	material	材质	optional	text			true	2	如不锈钢
MT-F7332C0D9E4F	type	类型	optional	text			true	3	如变频
MT-F78041B73FAE	port_count	端口数	required	text			true	1	
MT-F78041B73FAE	speed	速率	required	text			true	2	
MT-F78041B73FAE	optical_port_count	光口	optional	text			true	3	
MT-F78041B73FAE	electrical_port_count	电口	optional	text			true	4	
MT-F7ABA31251AD	material	材质	optional	text			true	1	如不锈钢
MT-F7ABA31251AD	length	长度	optional	number	m		true	2	如1
MT-F7ABA31251AD	welding_type	焊接类型	optional	text			true	3	
MT-F7ABA31251AD	feature	特征	optional	text			true	4	如厚
MT-F9BA638831B1	diameter	直径	required	text			true	1	如1.5米
MT-F9BA638831B1	length	长度	required	number	m		true	2	如1
MT-F9BA638831B1	feature	特征	optional	text			true	3	如厚
MT-F9BA638831B1	material	材质	optional	text			true	4	如不锈钢
MT-FA4544DBCCCE	capacity	容量	required	text			true	1	如1.7L
MT-FA4544DBCCCE	model	型号	optional	text			true	2	如无则留空
MT-FA4544DBCCCE	applicable_material	适用材料	optional	text			true	3	如PVC
MT-FA4544DBCCCE	imported	进口	optional	boolean			true	4	是否进口
MT-FA62CECAC021	size	口径	required	text			true	1	如4寸（DN100）
MT-FA62CECAC021	material	材质	optional	text			true	2	如不锈钢
MT-FA69028218BF	brand	品牌	optional	text			true	1	如海飞丝
MT-FA69028218BF	model	型号	optional	text			true	2	如无则留空
MT-FA69028218BF	capacity	容量	optional	text			true	3	如1.7L
MT-FABE0F5323A6	type	类型	required	text			true	1	如变频
MT-FABE0F5323A6	component	组分	optional	enum		主剂；副剂	true	2	双组分配套中的主剂或副剂
MT-FABE0F5323A6	package_size	包装规格	optional	text			true	3	如20kg/桶
MT-FAC7CC5D53DD	style	样式	optional	enum		手持；桶式；卧式；立式	true	1	吸尘器的结构形式。
MT-FAC7CC5D53DD	feature	特征	optional	text			true	2	如厚
MT-FADD212521A4	voltage	电压	required	text			true	1	
MT-FB9784A8ADAD	rated_load	额定载荷	optional	text	T		true	1	如15T。
MT-FB9784A8ADAD	thread_spec	螺纹规格	optional	text			true	2	如M32*2
MT-FC32F418CD39	nominal_diameter	公称直径	required	text			true	1	如DN25、DN50
MT-FC32F418CD39	material	材质	optional	text			true	2	如不锈钢
MT-FC32F418CD39	connection_type	连接方式	optional	text			true	3	如胶接
MT-FC32F418CD39	pressure	压力	optional	text			true	4	如高压
MT-FCCD3D0DDC11	cable_length_m	线长	required	number	m		true	1	如3m、6m。
MT-FCFA733580C1	nominal_diameter	公称直径	required	text			true	1	如DN25、DN50
MT-FCFA733580C1	material	材质	optional	text			true	2	如不锈钢
MT-FCFA733580C1	feature	特征	optional	text			true	3	如厚
MT-FCFA733580C1	pressure	压力	optional	text			true	4	如高压
MT-FCFA733580C1	connection_type	连接方式	optional	text			true	5	如胶接
MT-FCFA733580C1	length_note	长度说明	optional	text			false	6	如按米计。
MT-FD7C4B8E401B	shade_level	遮光等级	optional	text			true	1	
MT-FD7C4B8E401B	lens_color	镜片颜色	optional	text			true	2	
MT-FD7C4B8E401B	frame_color	镜框颜色	optional	text			true	3	
MT-FD7C4B8E401B	welding_type	焊接类型	optional	text			true	4	
MT-FDD7DB56BC18	specification	规格	required	text			true	1	如65*20*1
MT-FDD7DB56BC18	material	材质	optional	text			true	2	如不锈钢
MT-FDD7DB56BC18	type	类型	optional	text			true	3	如变频
MT-FDECC97185F0	head_type	头型	required	text			true	1	刀头形状，如一字、十字
MT-FDECC97185F0	size	口径	optional	text			true	2	如4寸（DN100）
MT-FDEF5FA23421	purpose	用途	optional	text			true	1	如防火涂层检测
MT-FDEF5FA23421	material	材质	optional	text			true	2	如不锈钢
MT-FDEF5FA23421	dimensions	尺寸	optional	text			true	3	如1.2米*0.6米
MT-FE0C1CE4AE5E	thread_spec	螺纹规格	required	text			true	1	如M32*2
MT-FE0C1CE4AE5E	length	长度	optional	number	m		true	2	如1
MT-FE0C1CE4AE5E	material	材质	optional	text			true	3	如不锈钢
MT-FE0C1CE4AE5E	surface_treatment	表面处理	optional	text			true	4	镀锌等
MT-FEEC30A8A4B3	purpose	用途	optional	text			true	1	如防火涂层检测
MT-FEEC30A8A4B3	material	材质	optional	text			true	2	如不锈钢
MT-FEEC30A8A4B3	dimensions	尺寸	optional	text			true	3	如1.2米*0.6米
MT-FF0857960F26	power_supply	供电	optional	text			true	1	如太阳能、市电
MT-FF0857960F26	communication	通信方式	optional	text			true	2	如4G、WiFi、有线
MT-FF0857960F26	resolution	清晰度/分辨率	optional	text			true	3	如4K、1080P
MT-FF0857960F26	storage	存储	optional	text			true	4	如30天循环
MT-FF0857960F26	function	功能	optional	text			true	5	如冷暖
